dataset,index,target_mode,method,view,fraction,recall,budget,gold,ceiling
vt_h2_c3,11,answer_only,DT_target,raw,0.05,0.53125,17,32,0.53125
vt_h2_c3,11,answer_only,DT_target,raw,0.1,0.8125,34,32,1.0
vt_h2_c3,11,answer_only,DT_target,raw,0.2,0.96875,67,32,1.0
vt_h2_c3,11,answer_only,DT_target,density,0.05,0.53125,17,32,0.53125
vt_h2_c3,11,answer_only,DT_target,density,0.1,1.0,34,32,1.0
vt_h2_c3,11,answer_only,DT_target,density,0.2,1.0,67,32,1.0
vt_h2_c3,11,answer_only,FT_K1,raw,0.05,0.53125,17,32,0.53125
vt_h2_c3,11,answer_only,FT_K1,raw,0.1,0.75,34,32,1.0
vt_h2_c3,11,answer_only,FT_K1,raw,0.2,0.9375,67,32,1.0
vt_h2_c3,11,answer_only,FT_K1,density,0.05,0.53125,17,32,0.53125
vt_h2_c3,11,answer_only,FT_K1,density,0.1,1.0,34,32,1.0
vt_h2_c3,11,answer_only,FT_K1,density,0.2,1.0,67,32,1.0
vt_h2_c3,11,answer_only,FT_K3,raw,0.05,0.53125,17,32,0.53125
vt_h2_c3,11,answer_only,FT_K3,raw,0.1,0.75,34,32,1.0
vt_h2_c3,11,answer_only,FT_K3,raw,0.2,0.9375,67,32,1.0
vt_h2_c3,11,answer_only,FT_K3,density,0.05,0.53125,17,32,0.53125
vt_h2_c3,11,answer_only,FT_K3,density,0.1,1.0,34,32,1.0
vt_h2_c3,11,answer_only,FT_K3,density,0.2,1.0,67,32,1.0
vt_h2_c3,24,answer_only,DT_target,raw,0.05,0.5666666666666667,17,30,0.5666666666666667
vt_h2_c3,24,answer_only,DT_target,raw,0.1,0.8333333333333334,34,30,1.0
vt_h2_c3,24,answer_only,DT_target,raw,0.2,0.9666666666666667,67,30,1.0
vt_h2_c3,24,answer_only,DT_target,density,0.05,0.5666666666666667,17,30,0.5666666666666667
vt_h2_c3,24,answer_only,DT_target,density,0.1,1.0,34,30,1.0
vt_h2_c3,24,answer_only,DT_target,density,0.2,1.0,67,30,1.0
vt_h2_c3,24,answer_only,FT_K1,raw,0.05,0.5333333333333333,17,30,0.5666666666666667
vt_h2_c3,24,answer_only,FT_K1,raw,0.1,0.7333333333333333,34,30,1.0
vt_h2_c3,24,answer_only,FT_K1,raw,0.2,0.9333333333333333,67,30,1.0
vt_h2_c3,24,answer_only,FT_K1,density,0.05,0.5666666666666667,17,30,0.5666666666666667
vt_h2_c3,24,answer_only,FT_K1,density,0.1,1.0,34,30,1.0
vt_h2_c3,24,answer_only,FT_K1,density,0.2,1.0,67,30,1.0
vt_h2_c3,24,answer_only,FT_K3,raw,0.05,0.5333333333333333,17,30,0.5666666666666667
vt_h2_c3,24,answer_only,FT_K3,raw,0.1,0.7,34,30,1.0
vt_h2_c3,24,answer_only,FT_K3,raw,0.2,0.9333333333333333,67,30,1.0
vt_h2_c3,24,answer_only,FT_K3,density,0.05,0.5666666666666667,17,30,0.5666666666666667
vt_h2_c3,24,answer_only,FT_K3,density,0.1,1.0,34,30,1.0
vt_h2_c3,24,answer_only,FT_K3,density,0.2,1.0,67,30,1.0
vt_h2_c3,30,answer_only,DT_target,raw,0.05,0.5714285714285714,17,28,0.6071428571428571
vt_h2_c3,30,answer_only,DT_target,raw,0.1,0.75,34,28,1.0
vt_h2_c3,30,answer_only,DT_target,raw,0.2,0.8214285714285714,67,28,1.0
vt_h2_c3,30,answer_only,DT_target,density,0.05,0.6071428571428571,17,28,0.6071428571428571
vt_h2_c3,30,answer_only,DT_target,density,0.1,1.0,34,28,1.0
vt_h2_c3,30,answer_only,DT_target,density,0.2,1.0,67,28,1.0
vt_h2_c3,30,answer_only,FT_K1,raw,0.05,0.5357142857142857,17,28,0.6071428571428571
vt_h2_c3,30,answer_only,FT_K1,raw,0.1,0.7142857142857143,34,28,1.0
vt_h2_c3,30,answer_only,FT_K1,raw,0.2,0.8928571428571429,67,28,1.0
vt_h2_c3,30,answer_only,FT_K1,density,0.05,0.6071428571428571,17,28,0.6071428571428571
vt_h2_c3,30,answer_only,FT_K1,density,0.1,1.0,34,28,1.0
vt_h2_c3,30,answer_only,FT_K1,density,0.2,1.0,67,28,1.0
vt_h2_c3,30,answer_only,FT_K3,raw,0.05,0.5357142857142857,17,28,0.6071428571428571
vt_h2_c3,30,answer_only,FT_K3,raw,0.1,0.7142857142857143,34,28,1.0
vt_h2_c3,30,answer_only,FT_K3,raw,0.2,0.8928571428571429,67,28,1.0
vt_h2_c3,30,answer_only,FT_K3,density,0.05,0.6071428571428571,17,28,0.6071428571428571
vt_h2_c3,30,answer_only,FT_K3,density,0.1,1.0,34,28,1.0
vt_h2_c3,30,answer_only,FT_K3,density,0.2,1.0,67,28,1.0
vt_h2_c3,34,answer_only,DT_target,raw,0.05,0.5769230769230769,17,26,0.6538461538461539
vt_h2_c3,34,answer_only,DT_target,raw,0.1,0.8846153846153846,33,26,1.0
vt_h2_c3,34,answer_only,DT_target,raw,0.2,0.9615384615384616,66,26,1.0
vt_h2_c3,34,answer_only,DT_target,density,0.05,0.6538461538461539,17,26,0.6538461538461539
vt_h2_c3,34,answer_only,DT_target,density,0.1,1.0,33,26,1.0
vt_h2_c3,34,answer_only,DT_target,density,0.2,1.0,66,26,1.0
vt_h2_c3,34,answer_only,FT_K1,raw,0.05,0.5384615384615384,17,26,0.6538461538461539
vt_h2_c3,34,answer_only,FT_K1,raw,0.1,0.8076923076923077,33,26,1.0
vt_h2_c3,34,answer_only,FT_K1,raw,0.2,0.8846153846153846,66,26,1.0
vt_h2_c3,34,answer_only,FT_K1,density,0.05,0.6538461538461539,17,26,0.6538461538461539
vt_h2_c3,34,answer_only,FT_K1,density,0.1,1.0,33,26,1.0
vt_h2_c3,34,answer_only,FT_K1,density,0.2,1.0,66,26,1.0
vt_h2_c3,34,answer_only,FT_K3,raw,0.05,0.5384615384615384,17,26,0.6538461538461539
vt_h2_c3,34,answer_only,FT_K3,raw,0.1,0.8076923076923077,33,26,1.0
vt_h2_c3,34,answer_only,FT_K3,raw,0.2,0.8846153846153846,66,26,1.0
vt_h2_c3,34,answer_only,FT_K3,density,0.05,0.6538461538461539,17,26,0.6538461538461539
vt_h2_c3,34,answer_only,FT_K3,density,0.1,1.0,33,26,1.0
vt_h2_c3,34,answer_only,FT_K3,density,0.2,1.0,66,26,1.0
vt_h2_c3,39,answer_only,DT_target,raw,0.05,0.5714285714285714,17,28,0.6071428571428571
vt_h2_c3,39,answer_only,DT_target,raw,0.1,0.7857142857142857,34,28,1.0
vt_h2_c3,39,answer_only,DT_target,raw,0.2,0.8571428571428571,67,28,1.0
vt_h2_c3,39,answer_only,DT_target,density,0.05,0.6071428571428571,17,28,0.6071428571428571
vt_h2_c3,39,answer_only,DT_target,density,0.1,1.0,34,28,1.0
vt_h2_c3,39,answer_only,DT_target,density,0.2,1.0,67,28,1.0
vt_h2_c3,39,answer_only,FT_K1,raw,0.05,0.6071428571428571,17,28,0.6071428571428571
vt_h2_c3,39,answer_only,FT_K1,raw,0.1,0.7857142857142857,34,28,1.0
vt_h2_c3,39,answer_only,FT_K1,raw,0.2,0.9285714285714286,67,28,1.0
vt_h2_c3,39,answer_only,FT_K1,density,0.05,0.6071428571428571,17,28,0.6071428571428571
vt_h2_c3,39,answer_only,FT_K1,density,0.1,1.0,34,28,1.0
vt_h2_c3,39,answer_only,FT_K1,density,0.2,1.0,67,28,1.0
vt_h2_c3,39,answer_only,FT_K3,raw,0.05,0.6071428571428571,17,28,0.6071428571428571
vt_h2_c3,39,answer_only,FT_K3,raw,0.1,0.7857142857142857,34,28,1.0
vt_h2_c3,39,answer_only,FT_K3,raw,0.2,0.9285714285714286,67,28,1.0
vt_h2_c3,39,answer_only,FT_K3,density,0.05,0.6071428571428571,17,28,0.6071428571428571
vt_h2_c3,39,answer_only,FT_K3,density,0.1,1.0,34,28,1.0
vt_h2_c3,39,answer_only,FT_K3,density,0.2,1.0,67,28,1.0
vt_h2_c3,40,answer_only,DT_target,raw,0.05,0.5862068965517241,17,29,0.5862068965517241
vt_h2_c3,40,answer_only,DT_target,raw,0.1,0.8275862068965517,34,29,1.0
vt_h2_c3,40,answer_only,DT_target,raw,0.2,0.9310344827586207,68,29,1.0
vt_h2_c3,40,answer_only,DT_target,density,0.05,0.5862068965517241,17,29,0.5862068965517241
vt_h2_c3,40,answer_only,DT_target,density,0.1,1.0,34,29,1.0
vt_h2_c3,40,answer_only,DT_target,density,0.2,1.0,68,29,1.0
vt_h2_c3,40,answer_only,FT_K1,raw,0.05,0.5172413793103449,17,29,0.5862068965517241
vt_h2_c3,40,answer_only,FT_K1,raw,0.1,0.6551724137931034,34,29,1.0
vt_h2_c3,40,answer_only,FT_K1,raw,0.2,0.8620689655172413,68,29,1.0
vt_h2_c3,40,answer_only,FT_K1,density,0.05,0.5862068965517241,17,29,0.5862068965517241
vt_h2_c3,40,answer_only,FT_K1,density,0.1,1.0,34,29,1.0
vt_h2_c3,40,answer_only,FT_K1,density,0.2,1.0,68,29,1.0
vt_h2_c3,40,answer_only,FT_K3,raw,0.05,0.5172413793103449,17,29,0.5862068965517241
vt_h2_c3,40,answer_only,FT_K3,raw,0.1,0.6551724137931034,34,29,1.0
vt_h2_c3,40,answer_only,FT_K3,raw,0.2,0.8620689655172413,68,29,1.0
vt_h2_c3,40,answer_only,FT_K3,density,0.05,0.5862068965517241,17,29,0.5862068965517241
vt_h2_c3,40,answer_only,FT_K3,density,0.1,1.0,34,29,1.0
vt_h2_c3,40,answer_only,FT_K3,density,0.2,1.0,68,29,1.0
vt_h2_c3,43,answer_only,DT_target,raw,0.05,0.5333333333333333,17,30,0.5666666666666667
vt_h2_c3,43,answer_only,DT_target,raw,0.1,0.9,34,30,1.0
vt_h2_c3,43,answer_only,DT_target,raw,0.2,0.9666666666666667,68,30,1.0
vt_h2_c3,43,answer_only,DT_target,density,0.05,0.5666666666666667,17,30,0.5666666666666667
vt_h2_c3,43,answer_only,DT_target,density,0.1,1.0,34,30,1.0
vt_h2_c3,43,answer_only,DT_target,density,0.2,1.0,68,30,1.0
vt_h2_c3,43,answer_only,FT_K1,raw,0.05,0.5333333333333333,17,30,0.5666666666666667
vt_h2_c3,43,answer_only,FT_K1,raw,0.1,0.6,34,30,1.0
vt_h2_c3,43,answer_only,FT_K1,raw,0.2,0.8666666666666667,68,30,1.0
vt_h2_c3,43,answer_only,FT_K1,density,0.05,0.5666666666666667,17,30,0.5666666666666667
vt_h2_c3,43,answer_only,FT_K1,density,0.1,1.0,34,30,1.0
vt_h2_c3,43,answer_only,FT_K1,density,0.2,1.0,68,30,1.0
vt_h2_c3,43,answer_only,FT_K3,raw,0.05,0.5333333333333333,17,30,0.5666666666666667
vt_h2_c3,43,answer_only,FT_K3,raw,0.1,0.6,34,30,1.0
vt_h2_c3,43,answer_only,FT_K3,raw,0.2,0.8666666666666667,68,30,1.0
vt_h2_c3,43,answer_only,FT_K3,density,0.05,0.5666666666666667,17,30,0.5666666666666667
vt_h2_c3,43,answer_only,FT_K3,density,0.1,1.0,34,30,1.0
vt_h2_c3,43,answer_only,FT_K3,density,0.2,1.0,68,30,1.0
vt_h2_c3,47,answer_only,DT_target,raw,0.05,0.6153846153846154,17,26,0.6538461538461539
vt_h2_c3,47,answer_only,DT_target,raw,0.1,0.9230769230769231,33,26,1.0
vt_h2_c3,47,answer_only,DT_target,raw,0.2,0.9615384615384616,66,26,1.0
vt_h2_c3,47,answer_only,DT_target,density,0.05,0.6538461538461539,17,26,0.6538461538461539
vt_h2_c3,47,answer_only,DT_target,density,0.1,1.0,33,26,1.0
vt_h2_c3,47,answer_only,DT_target,density,0.2,1.0,66,26,1.0
vt_h2_c3,47,answer_only,FT_K1,raw,0.05,0.5384615384615384,17,26,0.6538461538461539
vt_h2_c3,47,answer_only,FT_K1,raw,0.1,0.6923076923076923,33,26,1.0
vt_h2_c3,47,answer_only,FT_K1,raw,0.2,0.9230769230769231,66,26,1.0
vt_h2_c3,47,answer_only,FT_K1,density,0.05,0.6538461538461539,17,26,0.6538461538461539
vt_h2_c3,47,answer_only,FT_K1,density,0.1,1.0,33,26,1.0
vt_h2_c3,47,answer_only,FT_K1,density,0.2,1.0,66,26,1.0
vt_h2_c3,47,answer_only,FT_K3,raw,0.05,0.5384615384615384,17,26,0.6538461538461539
vt_h2_c3,47,answer_only,FT_K3,raw,0.1,0.6538461538461539,33,26,1.0
vt_h2_c3,47,answer_only,FT_K3,raw,0.2,0.9230769230769231,66,26,1.0
vt_h2_c3,47,answer_only,FT_K3,density,0.05,0.6538461538461539,17,26,0.6538461538461539
vt_h2_c3,47,answer_only,FT_K3,density,0.1,1.0,33,26,1.0
vt_h2_c3,47,answer_only,FT_K3,density,0.2,1.0,66,26,1.0
vt_h2_c3,57,answer_only,DT_target,raw,0.05,0.5333333333333333,17,30,0.5666666666666667
vt_h2_c3,57,answer_only,DT_target,raw,0.1,0.9666666666666667,34,30,1.0
vt_h2_c3,57,answer_only,DT_target,raw,0.2,1.0,67,30,1.0
vt_h2_c3,57,answer_only,DT_target,density,0.05,0.5666666666666667,17,30,0.5666666666666667
vt_h2_c3,57,answer_only,DT_target,density,0.1,1.0,34,30,1.0
vt_h2_c3,57,answer_only,DT_target,density,0.2,1.0,67,30,1.0
vt_h2_c3,57,answer_only,FT_K1,raw,0.05,0.5333333333333333,17,30,0.5666666666666667
vt_h2_c3,57,answer_only,FT_K1,raw,0.1,0.7,34,30,1.0
vt_h2_c3,57,answer_only,FT_K1,raw,0.2,0.9333333333333333,67,30,1.0
vt_h2_c3,57,answer_only,FT_K1,density,0.05,0.5666666666666667,17,30,0.5666666666666667
vt_h2_c3,57,answer_only,FT_K1,density,0.1,1.0,34,30,1.0
vt_h2_c3,57,answer_only,FT_K1,density,0.2,1.0,67,30,1.0
vt_h2_c3,57,answer_only,FT_K3,raw,0.05,0.5,17,30,0.5666666666666667
vt_h2_c3,57,answer_only,FT_K3,raw,0.1,0.6666666666666666,34,30,1.0
vt_h2_c3,57,answer_only,FT_K3,raw,0.2,0.9333333333333333,67,30,1.0
vt_h2_c3,57,answer_only,FT_K3,density,0.05,0.5666666666666667,17,30,0.5666666666666667
vt_h2_c3,57,answer_only,FT_K3,density,0.1,1.0,34,30,1.0
vt_h2_c3,57,answer_only,FT_K3,density,0.2,1.0,67,30,1.0
vt_h2_c3,69,answer_only,DT_target,raw,0.05,0.6153846153846154,17,26,0.6538461538461539
vt_h2_c3,69,answer_only,DT_target,raw,0.1,0.8076923076923077,33,26,1.0
vt_h2_c3,69,answer_only,DT_target,raw,0.2,0.9230769230769231,66,26,1.0
vt_h2_c3,69,answer_only,DT_target,density,0.05,0.6538461538461539,17,26,0.6538461538461539
vt_h2_c3,69,answer_only,DT_target,density,0.1,1.0,33,26,1.0
vt_h2_c3,69,answer_only,DT_target,density,0.2,1.0,66,26,1.0
vt_h2_c3,69,answer_only,FT_K1,raw,0.05,0.6153846153846154,17,26,0.6538461538461539
vt_h2_c3,69,answer_only,FT_K1,raw,0.1,0.7307692307692307,33,26,1.0
vt_h2_c3,69,answer_only,FT_K1,raw,0.2,0.9615384615384616,66,26,1.0
vt_h2_c3,69,answer_only,FT_K1,density,0.05,0.6538461538461539,17,26,0.6538461538461539
vt_h2_c3,69,answer_only,FT_K1,density,0.1,1.0,33,26,1.0
vt_h2_c3,69,answer_only,FT_K1,density,0.2,1.0,66,26,1.0
vt_h2_c3,69,answer_only,FT_K3,raw,0.05,0.6153846153846154,17,26,0.6538461538461539
vt_h2_c3,69,answer_only,FT_K3,raw,0.1,0.7307692307692307,33,26,1.0
vt_h2_c3,69,answer_only,FT_K3,raw,0.2,0.9615384615384616,66,26,1.0
vt_h2_c3,69,answer_only,FT_K3,density,0.05,0.6538461538461539,17,26,0.6538461538461539
vt_h2_c3,69,answer_only,FT_K3,density,0.1,1.0,33,26,1.0
vt_h2_c3,69,answer_only,FT_K3,density,0.2,1.0,66,26,1.0
vt_h2_c3,70,answer_only,DT_target,raw,0.05,0.5333333333333333,17,30,0.5666666666666667
vt_h2_c3,70,answer_only,DT_target,raw,0.1,0.8666666666666667,34,30,1.0
vt_h2_c3,70,answer_only,DT_target,raw,0.2,0.9,67,30,1.0
vt_h2_c3,70,answer_only,DT_target,density,0.05,0.5666666666666667,17,30,0.5666666666666667
vt_h2_c3,70,answer_only,DT_target,density,0.1,1.0,34,30,1.0
vt_h2_c3,70,answer_only,DT_target,density,0.2,1.0,67,30,1.0
vt_h2_c3,70,answer_only,FT_K1,raw,0.05,0.5666666666666667,17,30,0.5666666666666667
vt_h2_c3,70,answer_only,FT_K1,raw,0.1,0.7333333333333333,34,30,1.0
vt_h2_c3,70,answer_only,FT_K1,raw,0.2,0.9333333333333333,67,30,1.0
vt_h2_c3,70,answer_only,FT_K1,density,0.05,0.5666666666666667,17,30,0.5666666666666667
vt_h2_c3,70,answer_only,FT_K1,density,0.1,1.0,34,30,1.0
vt_h2_c3,70,answer_only,FT_K1,density,0.2,1.0,67,30,1.0
vt_h2_c3,70,answer_only,FT_K3,raw,0.05,0.5666666666666667,17,30,0.5666666666666667
vt_h2_c3,70,answer_only,FT_K3,raw,0.1,0.7333333333333333,34,30,1.0
vt_h2_c3,70,answer_only,FT_K3,raw,0.2,0.9333333333333333,67,30,1.0
vt_h2_c3,70,answer_only,FT_K3,density,0.05,0.5666666666666667,17,30,0.5666666666666667
vt_h2_c3,70,answer_only,FT_K3,density,0.1,1.0,34,30,1.0
vt_h2_c3,70,answer_only,FT_K3,density,0.2,1.0,67,30,1.0
vt_h2_c3,74,answer_only,DT_target,raw,0.05,0.6071428571428571,17,28,0.6071428571428571
vt_h2_c3,74,answer_only,DT_target,raw,0.1,0.8214285714285714,34,28,1.0
vt_h2_c3,74,answer_only,DT_target,raw,0.2,0.9642857142857143,67,28,1.0
vt_h2_c3,74,answer_only,DT_target,density,0.05,0.6071428571428571,17,28,0.6071428571428571
vt_h2_c3,74,answer_only,DT_target,density,0.1,1.0,34,28,1.0
vt_h2_c3,74,answer_only,DT_target,density,0.2,1.0,67,28,1.0
vt_h2_c3,74,answer_only,FT_K1,raw,0.05,0.6071428571428571,17,28,0.6071428571428571
vt_h2_c3,74,answer_only,FT_K1,raw,0.1,0.8214285714285714,34,28,1.0
vt_h2_c3,74,answer_only,FT_K1,raw,0.2,0.9642857142857143,67,28,1.0
vt_h2_c3,74,answer_only,FT_K1,density,0.05,0.6071428571428571,17,28,0.6071428571428571
vt_h2_c3,74,answer_only,FT_K1,density,0.1,1.0,34,28,1.0
vt_h2_c3,74,answer_only,FT_K1,density,0.2,1.0,67,28,1.0
vt_h2_c3,74,answer_only,FT_K3,raw,0.05,0.6071428571428571,17,28,0.6071428571428571
vt_h2_c3,74,answer_only,FT_K3,raw,0.1,0.7857142857142857,34,28,1.0
vt_h2_c3,74,answer_only,FT_K3,raw,0.2,0.9642857142857143,67,28,1.0
vt_h2_c3,74,answer_only,FT_K3,density,0.05,0.6071428571428571,17,28,0.6071428571428571
vt_h2_c3,74,answer_only,FT_K3,density,0.1,1.0,34,28,1.0
vt_h2_c3,74,answer_only,FT_K3,density,0.2,1.0,67,28,1.0
vt_h2_c3,86,answer_only,DT_target,raw,0.05,0.5483870967741935,17,31,0.5483870967741935
vt_h2_c3,86,answer_only,DT_target,raw,0.1,0.8709677419354839,34,31,1.0
vt_h2_c3,86,answer_only,DT_target,raw,0.2,0.9032258064516129,67,31,1.0
vt_h2_c3,86,answer_only,DT_target,density,0.05,0.5483870967741935,17,31,0.5483870967741935
vt_h2_c3,86,answer_only,DT_target,density,0.1,1.0,34,31,1.0
vt_h2_c3,86,answer_only,DT_target,density,0.2,1.0,67,31,1.0
vt_h2_c3,86,answer_only,FT_K1,raw,0.05,0.5161290322580645,17,31,0.5483870967741935
vt_h2_c3,86,answer_only,FT_K1,raw,0.1,0.7096774193548387,34,31,1.0
vt_h2_c3,86,answer_only,FT_K1,raw,0.2,0.8387096774193549,67,31,1.0
vt_h2_c3,86,answer_only,FT_K1,density,0.05,0.5483870967741935,17,31,0.5483870967741935
vt_h2_c3,86,answer_only,FT_K1,density,0.1,1.0,34,31,1.0
vt_h2_c3,86,answer_only,FT_K1,density,0.2,1.0,67,31,1.0
vt_h2_c3,86,answer_only,FT_K3,raw,0.05,0.5161290322580645,17,31,0.5483870967741935
vt_h2_c3,86,answer_only,FT_K3,raw,0.1,0.7096774193548387,34,31,1.0
vt_h2_c3,86,answer_only,FT_K3,raw,0.2,0.8387096774193549,67,31,1.0
vt_h2_c3,86,answer_only,FT_K3,density,0.05,0.5483870967741935,17,31,0.5483870967741935
vt_h2_c3,86,answer_only,FT_K3,density,0.1,1.0,34,31,1.0
vt_h2_c3,86,answer_only,FT_K3,density,0.2,1.0,67,31,1.0
vt_h2_c3,88,answer_only,DT_target,raw,0.05,0.5517241379310345,17,29,0.5862068965517241
vt_h2_c3,88,answer_only,DT_target,raw,0.1,0.8620689655172413,34,29,1.0
vt_h2_c3,88,answer_only,DT_target,raw,0.2,0.9310344827586207,67,29,1.0
vt_h2_c3,88,answer_only,DT_target,density,0.05,0.5862068965517241,17,29,0.5862068965517241
vt_h2_c3,88,answer_only,DT_target,density,0.1,1.0,34,29,1.0
vt_h2_c3,88,answer_only,DT_target,density,0.2,1.0,67,29,1.0
vt_h2_c3,88,answer_only,FT_K1,raw,0.05,0.5517241379310345,17,29,0.5862068965517241
vt_h2_c3,88,answer_only,FT_K1,raw,0.1,0.7241379310344828,34,29,1.0
vt_h2_c3,88,answer_only,FT_K1,raw,0.2,0.9310344827586207,67,29,1.0
vt_h2_c3,88,answer_only,FT_K1,density,0.05,0.5862068965517241,17,29,0.5862068965517241
vt_h2_c3,88,answer_only,FT_K1,density,0.1,1.0,34,29,1.0
vt_h2_c3,88,answer_only,FT_K1,density,0.2,1.0,67,29,1.0
vt_h2_c3,88,answer_only,FT_K3,raw,0.05,0.5517241379310345,17,29,0.5862068965517241
vt_h2_c3,88,answer_only,FT_K3,raw,0.1,0.7241379310344828,34,29,1.0
vt_h2_c3,88,answer_only,FT_K3,raw,0.2,0.9310344827586207,67,29,1.0
vt_h2_c3,88,answer_only,FT_K3,density,0.05,0.5862068965517241,17,29,0.5862068965517241
vt_h2_c3,88,answer_only,FT_K3,density,0.1,1.0,34,29,1.0
vt_h2_c3,88,answer_only,FT_K3,density,0.2,1.0,67,29,1.0
vt_h2_c3,95,answer_only,DT_target,raw,0.05,0.5161290322580645,18,31,0.5806451612903226
vt_h2_c3,95,answer_only,DT_target,raw,0.1,0.7741935483870968,35,31,1.0
vt_h2_c3,95,answer_only,DT_target,raw,0.2,0.8709677419354839,69,31,1.0
vt_h2_c3,95,answer_only,DT_target,density,0.05,0.5806451612903226,18,31,0.5806451612903226
vt_h2_c3,95,answer_only,DT_target,density,0.1,1.0,35,31,1.0
vt_h2_c3,95,answer_only,DT_target,density,0.2,1.0,69,31,1.0
vt_h2_c3,95,answer_only,FT_K1,raw,0.05,0.5806451612903226,18,31,0.5806451612903226
vt_h2_c3,95,answer_only,FT_K1,raw,0.1,0.6451612903225806,35,31,1.0
vt_h2_c3,95,answer_only,FT_K1,raw,0.2,0.9354838709677419,69,31,1.0
vt_h2_c3,95,answer_only,FT_K1,density,0.05,0.5806451612903226,18,31,0.5806451612903226
vt_h2_c3,95,answer_only,FT_K1,density,0.1,1.0,35,31,1.0
vt_h2_c3,95,answer_only,FT_K1,density,0.2,1.0,69,31,1.0
vt_h2_c3,95,answer_only,FT_K3,raw,0.05,0.5806451612903226,18,31,0.5806451612903226
vt_h2_c3,95,answer_only,FT_K3,raw,0.1,0.6451612903225806,35,31,1.0
vt_h2_c3,95,answer_only,FT_K3,raw,0.2,0.8709677419354839,69,31,1.0
vt_h2_c3,95,answer_only,FT_K3,density,0.05,0.5806451612903226,18,31,0.5806451612903226
vt_h2_c3,95,answer_only,FT_K3,density,0.1,1.0,35,31,1.0
vt_h2_c3,95,answer_only,FT_K3,density,0.2,1.0,69,31,1.0
vt_h2_c3,97,answer_only,DT_target,raw,0.05,0.5925925925925926,17,27,0.6296296296296297
vt_h2_c3,97,answer_only,DT_target,raw,0.1,0.8888888888888888,34,27,1.0
vt_h2_c3,97,answer_only,DT_target,raw,0.2,1.0,67,27,1.0
vt_h2_c3,97,answer_only,DT_target,density,0.05,0.6296296296296297,17,27,0.6296296296296297
vt_h2_c3,97,answer_only,DT_target,density,0.1,1.0,34,27,1.0
vt_h2_c3,97,answer_only,DT_target,density,0.2,1.0,67,27,1.0
vt_h2_c3,97,answer_only,FT_K1,raw,0.05,0.6296296296296297,17,27,0.6296296296296297
vt_h2_c3,97,answer_only,FT_K1,raw,0.1,0.7407407407407407,34,27,1.0
vt_h2_c3,97,answer_only,FT_K1,raw,0.2,0.8888888888888888,67,27,1.0
vt_h2_c3,97,answer_only,FT_K1,density,0.05,0.6296296296296297,17,27,0.6296296296296297
vt_h2_c3,97,answer_only,FT_K1,density,0.1,1.0,34,27,1.0
vt_h2_c3,97,answer_only,FT_K1,density,0.2,1.0,67,27,1.0
vt_h2_c3,97,answer_only,FT_K3,raw,0.05,0.6296296296296297,17,27,0.6296296296296297
vt_h2_c3,97,answer_only,FT_K3,raw,0.1,0.7407407407407407,34,27,1.0
vt_h2_c3,97,answer_only,FT_K3,raw,0.2,0.8888888888888888,67,27,1.0
vt_h2_c3,97,answer_only,FT_K3,density,0.05,0.6296296296296297,17,27,0.6296296296296297
vt_h2_c3,97,answer_only,FT_K3,density,0.1,1.0,34,27,1.0
vt_h2_c3,97,answer_only,FT_K3,density,0.2,1.0,67,27,1.0
vt_h4_c1,20,answer_only,DT_target,raw,0.05,0.3617021276595745,17,47,0.3617021276595745
vt_h4_c1,20,answer_only,DT_target,raw,0.1,0.723404255319149,34,47,0.723404255319149
vt_h4_c1,20,answer_only,DT_target,raw,0.2,0.9361702127659575,67,47,1.0
vt_h4_c1,20,answer_only,DT_target,density,0.05,0.3617021276595745,17,47,0.3617021276595745
vt_h4_c1,20,answer_only,DT_target,density,0.1,0.723404255319149,34,47,0.723404255319149
vt_h4_c1,20,answer_only,DT_target,density,0.2,1.0,67,47,1.0
vt_h4_c1,20,answer_only,FT_K1,raw,0.05,0.3617021276595745,17,47,0.3617021276595745
vt_h4_c1,20,answer_only,FT_K1,raw,0.1,0.6808510638297872,34,47,0.723404255319149
vt_h4_c1,20,answer_only,FT_K1,raw,0.2,1.0,67,47,1.0
vt_h4_c1,20,answer_only,FT_K1,density,0.05,0.3617021276595745,17,47,0.3617021276595745
vt_h4_c1,20,answer_only,FT_K1,density,0.1,0.723404255319149,34,47,0.723404255319149
vt_h4_c1,20,answer_only,FT_K1,density,0.2,1.0,67,47,1.0
vt_h4_c1,20,answer_only,FT_K3,raw,0.05,0.3617021276595745,17,47,0.3617021276595745
vt_h4_c1,20,answer_only,FT_K3,raw,0.1,0.6595744680851063,34,47,0.723404255319149
vt_h4_c1,20,answer_only,FT_K3,raw,0.2,1.0,67,47,1.0
vt_h4_c1,20,answer_only,FT_K3,density,0.05,0.3617021276595745,17,47,0.3617021276595745
vt_h4_c1,20,answer_only,FT_K3,density,0.1,0.723404255319149,34,47,0.723404255319149
vt_h4_c1,20,answer_only,FT_K3,density,0.2,1.0,67,47,1.0
vt_h4_c1,24,answer_only,DT_target,raw,0.05,0.3541666666666667,17,48,0.3541666666666667
vt_h4_c1,24,answer_only,DT_target,raw,0.1,0.7083333333333334,34,48,0.7083333333333334
vt_h4_c1,24,answer_only,DT_target,raw,0.2,0.9375,67,48,1.0
vt_h4_c1,24,answer_only,DT_target,density,0.05,0.3541666666666667,17,48,0.3541666666666667
vt_h4_c1,24,answer_only,DT_target,density,0.1,0.7083333333333334,34,48,0.7083333333333334
vt_h4_c1,24,answer_only,DT_target,density,0.2,1.0,67,48,1.0
vt_h4_c1,24,answer_only,FT_K1,raw,0.05,0.3541666666666667,17,48,0.3541666666666667
vt_h4_c1,24,answer_only,FT_K1,raw,0.1,0.6875,34,48,0.7083333333333334
vt_h4_c1,24,answer_only,FT_K1,raw,0.2,1.0,67,48,1.0
vt_h4_c1,24,answer_only,FT_K1,density,0.05,0.3541666666666667,17,48,0.3541666666666667
vt_h4_c1,24,answer_only,FT_K1,density,0.1,0.7083333333333334,34,48,0.7083333333333334
vt_h4_c1,24,answer_only,FT_K1,density,0.2,1.0,67,48,1.0
vt_h4_c1,24,answer_only,FT_K3,raw,0.05,0.3541666666666667,17,48,0.3541666666666667
vt_h4_c1,24,answer_only,FT_K3,raw,0.1,0.6666666666666666,34,48,0.7083333333333334
vt_h4_c1,24,answer_only,FT_K3,raw,0.2,1.0,67,48,1.0
vt_h4_c1,24,answer_only,FT_K3,density,0.05,0.3541666666666667,17,48,0.3541666666666667
vt_h4_c1,24,answer_only,FT_K3,density,0.1,0.7083333333333334,34,48,0.7083333333333334
vt_h4_c1,24,answer_only,FT_K3,density,0.2,1.0,67,48,1.0
vt_h4_c1,26,answer_only,DT_target,raw,0.05,0.34,17,50,0.34
vt_h4_c1,26,answer_only,DT_target,raw,0.1,0.68,34,50,0.68
vt_h4_c1,26,answer_only,DT_target,raw,0.2,0.92,67,50,1.0
vt_h4_c1,26,answer_only,DT_target,density,0.05,0.34,17,50,0.34
vt_h4_c1,26,answer_only,DT_target,density,0.1,0.68,34,50,0.68
vt_h4_c1,26,answer_only,DT_target,density,0.2,1.0,67,50,1.0
vt_h4_c1,26,answer_only,FT_K1,raw,0.05,0.34,17,50,0.34
vt_h4_c1,26,answer_only,FT_K1,raw,0.1,0.68,34,50,0.68
vt_h4_c1,26,answer_only,FT_K1,raw,0.2,0.96,67,50,1.0
vt_h4_c1,26,answer_only,FT_K1,density,0.05,0.34,17,50,0.34
vt_h4_c1,26,answer_only,FT_K1,density,0.1,0.68,34,50,0.68
vt_h4_c1,26,answer_only,FT_K1,density,0.2,1.0,67,50,1.0
vt_h4_c1,26,answer_only,FT_K3,raw,0.05,0.34,17,50,0.34
vt_h4_c1,26,answer_only,FT_K3,raw,0.1,0.68,34,50,0.68
vt_h4_c1,26,answer_only,FT_K3,raw,0.2,0.96,67,50,1.0
vt_h4_c1,26,answer_only,FT_K3,density,0.05,0.34,17,50,0.34
vt_h4_c1,26,answer_only,FT_K3,density,0.1,0.68,34,50,0.68
vt_h4_c1,26,answer_only,FT_K3,density,0.2,1.0,67,50,1.0
vt_h4_c1,31,answer_only,DT_target,raw,0.05,0.3541666666666667,17,48,0.3541666666666667
vt_h4_c1,31,answer_only,DT_target,raw,0.1,0.7083333333333334,34,48,0.7083333333333334
vt_h4_c1,31,answer_only,DT_target,raw,0.2,0.9375,67,48,1.0
vt_h4_c1,31,answer_only,DT_target,density,0.05,0.3541666666666667,17,48,0.3541666666666667
vt_h4_c1,31,answer_only,DT_target,density,0.1,0.7083333333333334,34,48,0.7083333333333334
vt_h4_c1,31,answer_only,DT_target,density,0.2,1.0,67,48,1.0
vt_h4_c1,31,answer_only,FT_K1,raw,0.05,0.3541666666666667,17,48,0.3541666666666667
vt_h4_c1,31,answer_only,FT_K1,raw,0.1,0.6875,34,48,0.7083333333333334
vt_h4_c1,31,answer_only,FT_K1,raw,0.2,0.9791666666666666,67,48,1.0
vt_h4_c1,31,answer_only,FT_K1,density,0.05,0.3541666666666667,17,48,0.3541666666666667
vt_h4_c1,31,answer_only,FT_K1,density,0.1,0.7083333333333334,34,48,0.7083333333333334
vt_h4_c1,31,answer_only,FT_K1,density,0.2,1.0,67,48,1.0
vt_h4_c1,31,answer_only,FT_K3,raw,0.05,0.3541666666666667,17,48,0.3541666666666667
vt_h4_c1,31,answer_only,FT_K3,raw,0.1,0.6875,34,48,0.7083333333333334
vt_h4_c1,31,answer_only,FT_K3,raw,0.2,0.9791666666666666,67,48,1.0
vt_h4_c1,31,answer_only,FT_K3,density,0.05,0.3541666666666667,17,48,0.3541666666666667
vt_h4_c1,31,answer_only,FT_K3,density,0.1,0.7083333333333334,34,48,0.7083333333333334
vt_h4_c1,31,answer_only,FT_K3,density,0.2,1.0,67,48,1.0
vt_h4_c1,36,answer_only,DT_target,raw,0.05,0.34,17,50,0.34
vt_h4_c1,36,answer_only,DT_target,raw,0.1,0.68,34,50,0.68
vt_h4_c1,36,answer_only,DT_target,raw,0.2,0.98,67,50,1.0
vt_h4_c1,36,answer_only,DT_target,density,0.05,0.34,17,50,0.34
vt_h4_c1,36,answer_only,DT_target,density,0.1,0.68,34,50,0.68
vt_h4_c1,36,answer_only,DT_target,density,0.2,1.0,67,50,1.0
vt_h4_c1,36,answer_only,FT_K1,raw,0.05,0.34,17,50,0.34
vt_h4_c1,36,answer_only,FT_K1,raw,0.1,0.66,34,50,0.68
vt_h4_c1,36,answer_only,FT_K1,raw,0.2,1.0,67,50,1.0
vt_h4_c1,36,answer_only,FT_K1,density,0.05,0.34,17,50,0.34
vt_h4_c1,36,answer_only,FT_K1,density,0.1,0.68,34,50,0.68
vt_h4_c1,36,answer_only,FT_K1,density,0.2,1.0,67,50,1.0
vt_h4_c1,36,answer_only,FT_K3,raw,0.05,0.34,17,50,0.34
vt_h4_c1,36,answer_only,FT_K3,raw,0.1,0.66,34,50,0.68
vt_h4_c1,36,answer_only,FT_K3,raw,0.2,1.0,67,50,1.0
vt_h4_c1,36,answer_only,FT_K3,density,0.05,0.34,17,50,0.34
vt_h4_c1,36,answer_only,FT_K3,density,0.1,0.68,34,50,0.68
vt_h4_c1,36,answer_only,FT_K3,density,0.2,1.0,67,50,1.0
vt_h4_c1,53,answer_only,DT_target,raw,0.05,0.3541666666666667,17,48,0.3541666666666667
vt_h4_c1,53,answer_only,DT_target,raw,0.1,0.7083333333333334,34,48,0.7083333333333334
vt_h4_c1,53,answer_only,DT_target,raw,0.2,0.9791666666666666,67,48,1.0
vt_h4_c1,53,answer_only,DT_target,density,0.05,0.3541666666666667,17,48,0.3541666666666667
vt_h4_c1,53,answer_only,DT_target,density,0.1,0.7083333333333334,34,48,0.7083333333333334
vt_h4_c1,53,answer_only,DT_target,density,0.2,1.0,67,48,1.0
vt_h4_c1,53,answer_only,FT_K1,raw,0.05,0.3541666666666667,17,48,0.3541666666666667
vt_h4_c1,53,answer_only,FT_K1,raw,0.1,0.6875,34,48,0.7083333333333334
vt_h4_c1,53,answer_only,FT_K1,raw,0.2,0.9791666666666666,67,48,1.0
vt_h4_c1,53,answer_only,FT_K1,density,0.05,0.3541666666666667,17,48,0.3541666666666667
vt_h4_c1,53,answer_only,FT_K1,density,0.1,0.7083333333333334,34,48,0.7083333333333334
vt_h4_c1,53,answer_only,FT_K1,density,0.2,1.0,67,48,1.0
vt_h4_c1,53,answer_only,FT_K3,raw,0.05,0.3541666666666667,17,48,0.3541666666666667
vt_h4_c1,53,answer_only,FT_K3,raw,0.1,0.6875,34,48,0.7083333333333334
vt_h4_c1,53,answer_only,FT_K3,raw,0.2,0.9791666666666666,67,48,1.0
vt_h4_c1,53,answer_only,FT_K3,density,0.05,0.3541666666666667,17,48,0.3541666666666667
vt_h4_c1,53,answer_only,FT_K3,density,0.1,0.7083333333333334,34,48,0.7083333333333334
vt_h4_c1,53,answer_only,FT_K3,density,0.2,1.0,67,48,1.0
vt_h4_c1,63,answer_only,DT_target,raw,0.05,0.3333333333333333,17,51,0.3333333333333333
vt_h4_c1,63,answer_only,DT_target,raw,0.1,0.6666666666666666,34,51,0.6666666666666666
vt_h4_c1,63,answer_only,DT_target,raw,0.2,1.0,68,51,1.0
vt_h4_c1,63,answer_only,DT_target,density,0.05,0.3333333333333333,17,51,0.3333333333333333
vt_h4_c1,63,answer_only,DT_target,density,0.1,0.6666666666666666,34,51,0.6666666666666666
vt_h4_c1,63,answer_only,DT_target,density,0.2,1.0,68,51,1.0
vt_h4_c1,63,answer_only,FT_K1,raw,0.05,0.3333333333333333,17,51,0.3333333333333333
vt_h4_c1,63,answer_only,FT_K1,raw,0.1,0.6666666666666666,34,51,0.6666666666666666
vt_h4_c1,63,answer_only,FT_K1,raw,0.2,0.9607843137254902,68,51,1.0
vt_h4_c1,63,answer_only,FT_K1,density,0.05,0.3333333333333333,17,51,0.3333333333333333
vt_h4_c1,63,answer_only,FT_K1,density,0.1,0.6666666666666666,34,51,0.6666666666666666
vt_h4_c1,63,answer_only,FT_K1,density,0.2,1.0,68,51,1.0
vt_h4_c1,63,answer_only,FT_K3,raw,0.05,0.3333333333333333,17,51,0.3333333333333333
vt_h4_c1,63,answer_only,FT_K3,raw,0.1,0.6666666666666666,34,51,0.6666666666666666
vt_h4_c1,63,answer_only,FT_K3,raw,0.2,0.9411764705882353,68,51,1.0
vt_h4_c1,63,answer_only,FT_K3,density,0.05,0.3333333333333333,17,51,0.3333333333333333
vt_h4_c1,63,answer_only,FT_K3,density,0.1,0.6666666666666666,34,51,0.6666666666666666
vt_h4_c1,63,answer_only,FT_K3,density,0.2,1.0,68,51,1.0
vt_h4_c1,64,answer_only,DT_target,raw,0.05,0.3617021276595745,17,47,0.3617021276595745
vt_h4_c1,64,answer_only,DT_target,raw,0.1,0.723404255319149,34,47,0.723404255319149
vt_h4_c1,64,answer_only,DT_target,raw,0.2,0.9574468085106383,67,47,1.0
vt_h4_c1,64,answer_only,DT_target,density,0.05,0.3617021276595745,17,47,0.3617021276595745
vt_h4_c1,64,answer_only,DT_target,density,0.1,0.723404255319149,34,47,0.723404255319149
vt_h4_c1,64,answer_only,DT_target,density,0.2,1.0,67,47,1.0
vt_h4_c1,64,answer_only,FT_K1,raw,0.05,0.3617021276595745,17,47,0.3617021276595745
vt_h4_c1,64,answer_only,FT_K1,raw,0.1,0.7021276595744681,34,47,0.723404255319149
vt_h4_c1,64,answer_only,FT_K1,raw,0.2,1.0,67,47,1.0
vt_h4_c1,64,answer_only,FT_K1,density,0.05,0.3617021276595745,17,47,0.3617021276595745
vt_h4_c1,64,answer_only,FT_K1,density,0.1,0.723404255319149,34,47,0.723404255319149
vt_h4_c1,64,answer_only,FT_K1,density,0.2,1.0,67,47,1.0
vt_h4_c1,64,answer_only,FT_K3,raw,0.05,0.3617021276595745,17,47,0.3617021276595745
vt_h4_c1,64,answer_only,FT_K3,raw,0.1,0.7021276595744681,34,47,0.723404255319149
vt_h4_c1,64,answer_only,FT_K3,raw,0.2,0.9787234042553191,67,47,1.0
vt_h4_c1,64,answer_only,FT_K3,density,0.05,0.3617021276595745,17,47,0.3617021276595745
vt_h4_c1,64,answer_only,FT_K3,density,0.1,0.723404255319149,34,47,0.723404255319149
vt_h4_c1,64,answer_only,FT_K3,density,0.2,1.0,67,47,1.0
vt_h4_c1,66,answer_only,DT_target,raw,0.05,0.3617021276595745,17,47,0.3617021276595745
vt_h4_c1,66,answer_only,DT_target,raw,0.1,0.723404255319149,34,47,0.723404255319149
vt_h4_c1,66,answer_only,DT_target,raw,0.2,0.9787234042553191,67,47,1.0
vt_h4_c1,66,answer_only,DT_target,density,0.05,0.3617021276595745,17,47,0.3617021276595745
vt_h4_c1,66,answer_only,DT_target,density,0.1,0.723404255319149,34,47,0.723404255319149
vt_h4_c1,66,answer_only,DT_target,density,0.2,1.0,67,47,1.0
vt_h4_c1,66,answer_only,FT_K1,raw,0.05,0.3617021276595745,17,47,0.3617021276595745
vt_h4_c1,66,answer_only,FT_K1,raw,0.1,0.7021276595744681,34,47,0.723404255319149
vt_h4_c1,66,answer_only,FT_K1,raw,0.2,0.9574468085106383,67,47,1.0
vt_h4_c1,66,answer_only,FT_K1,density,0.05,0.3617021276595745,17,47,0.3617021276595745
vt_h4_c1,66,answer_only,FT_K1,density,0.1,0.723404255319149,34,47,0.723404255319149
vt_h4_c1,66,answer_only,FT_K1,density,0.2,1.0,67,47,1.0
vt_h4_c1,66,answer_only,FT_K3,raw,0.05,0.3617021276595745,17,47,0.3617021276595745
vt_h4_c1,66,answer_only,FT_K3,raw,0.1,0.7021276595744681,34,47,0.723404255319149
vt_h4_c1,66,answer_only,FT_K3,raw,0.2,0.9361702127659575,67,47,1.0
vt_h4_c1,66,answer_only,FT_K3,density,0.05,0.3617021276595745,17,47,0.3617021276595745
vt_h4_c1,66,answer_only,FT_K3,density,0.1,0.723404255319149,34,47,0.723404255319149
vt_h4_c1,66,answer_only,FT_K3,density,0.2,1.0,67,47,1.0
vt_h4_c1,68,answer_only,DT_target,raw,0.05,0.3469387755102041,17,49,0.3469387755102041
vt_h4_c1,68,answer_only,DT_target,raw,0.1,0.6938775510204082,34,49,0.6938775510204082
vt_h4_c1,68,answer_only,DT_target,raw,0.2,0.9795918367346939,67,49,1.0
vt_h4_c1,68,answer_only,DT_target,density,0.05,0.3469387755102041,17,49,0.3469387755102041
vt_h4_c1,68,answer_only,DT_target,density,0.1,0.6938775510204082,34,49,0.6938775510204082
vt_h4_c1,68,answer_only,DT_target,density,0.2,1.0,67,49,1.0
vt_h4_c1,68,answer_only,FT_K1,raw,0.05,0.3469387755102041,17,49,0.3469387755102041
vt_h4_c1,68,answer_only,FT_K1,raw,0.1,0.673469387755102,34,49,0.6938775510204082
vt_h4_c1,68,answer_only,FT_K1,raw,0.2,0.9591836734693877,67,49,1.0
vt_h4_c1,68,answer_only,FT_K1,density,0.05,0.3469387755102041,17,49,0.3469387755102041
vt_h4_c1,68,answer_only,FT_K1,density,0.1,0.6938775510204082,34,49,0.6938775510204082
vt_h4_c1,68,answer_only,FT_K1,density,0.2,1.0,67,49,1.0
vt_h4_c1,68,answer_only,FT_K3,raw,0.05,0.3469387755102041,17,49,0.3469387755102041
vt_h4_c1,68,answer_only,FT_K3,raw,0.1,0.6530612244897959,34,49,0.6938775510204082
vt_h4_c1,68,answer_only,FT_K3,raw,0.2,0.9591836734693877,67,49,1.0
vt_h4_c1,68,answer_only,FT_K3,density,0.05,0.3469387755102041,17,49,0.3469387755102041
vt_h4_c1,68,answer_only,FT_K3,density,0.1,0.6938775510204082,34,49,0.6938775510204082
vt_h4_c1,68,answer_only,FT_K3,density,0.2,1.0,67,49,1.0
vt_h4_c1,70,answer_only,DT_target,raw,0.05,0.3333333333333333,17,51,0.3333333333333333
vt_h4_c1,70,answer_only,DT_target,raw,0.1,0.6666666666666666,34,51,0.6666666666666666
vt_h4_c1,70,answer_only,DT_target,raw,0.2,0.9215686274509803,68,51,1.0
vt_h4_c1,70,answer_only,DT_target,density,0.05,0.3333333333333333,17,51,0.3333333333333333
vt_h4_c1,70,answer_only,DT_target,density,0.1,0.6666666666666666,34,51,0.6666666666666666
vt_h4_c1,70,answer_only,DT_target,density,0.2,1.0,68,51,1.0
vt_h4_c1,70,answer_only,FT_K1,raw,0.05,0.3333333333333333,17,51,0.3333333333333333
vt_h4_c1,70,answer_only,FT_K1,raw,0.1,0.6666666666666666,34,51,0.6666666666666666
vt_h4_c1,70,answer_only,FT_K1,raw,0.2,0.9803921568627451,68,51,1.0
vt_h4_c1,70,answer_only,FT_K1,density,0.05,0.3333333333333333,17,51,0.3333333333333333
vt_h4_c1,70,answer_only,FT_K1,density,0.1,0.6666666666666666,34,51,0.6666666666666666
vt_h4_c1,70,answer_only,FT_K1,density,0.2,1.0,68,51,1.0
vt_h4_c1,70,answer_only,FT_K3,raw,0.05,0.3333333333333333,17,51,0.3333333333333333
vt_h4_c1,70,answer_only,FT_K3,raw,0.1,0.6470588235294118,34,51,0.6666666666666666
vt_h4_c1,70,answer_only,FT_K3,raw,0.2,0.9803921568627451,68,51,1.0
vt_h4_c1,70,answer_only,FT_K3,density,0.05,0.3333333333333333,17,51,0.3333333333333333
vt_h4_c1,70,answer_only,FT_K3,density,0.1,0.6666666666666666,34,51,0.6666666666666666
vt_h4_c1,70,answer_only,FT_K3,density,0.2,1.0,68,51,1.0
vt_h4_c1,71,answer_only,DT_target,raw,0.05,0.3695652173913043,17,46,0.3695652173913043
vt_h4_c1,71,answer_only,DT_target,raw,0.1,0.7391304347826086,34,46,0.7391304347826086
vt_h4_c1,71,answer_only,DT_target,raw,0.2,1.0,67,46,1.0
vt_h4_c1,71,answer_only,DT_target,density,0.05,0.3695652173913043,17,46,0.3695652173913043
vt_h4_c1,71,answer_only,DT_target,density,0.1,0.7391304347826086,34,46,0.7391304347826086
vt_h4_c1,71,answer_only,DT_target,density,0.2,1.0,67,46,1.0
vt_h4_c1,71,answer_only,FT_K1,raw,0.05,0.3695652173913043,17,46,0.3695652173913043
vt_h4_c1,71,answer_only,FT_K1,raw,0.1,0.6956521739130435,34,46,0.7391304347826086
vt_h4_c1,71,answer_only,FT_K1,raw,0.2,1.0,67,46,1.0
vt_h4_c1,71,answer_only,FT_K1,density,0.05,0.3695652173913043,17,46,0.3695652173913043
vt_h4_c1,71,answer_only,FT_K1,density,0.1,0.7391304347826086,34,46,0.7391304347826086
vt_h4_c1,71,answer_only,FT_K1,density,0.2,1.0,67,46,1.0
vt_h4_c1,71,answer_only,FT_K3,raw,0.05,0.3695652173913043,17,46,0.3695652173913043
vt_h4_c1,71,answer_only,FT_K3,raw,0.1,0.6956521739130435,34,46,0.7391304347826086
vt_h4_c1,71,answer_only,FT_K3,raw,0.2,0.9782608695652174,67,46,1.0
vt_h4_c1,71,answer_only,FT_K3,density,0.05,0.3695652173913043,17,46,0.3695652173913043
vt_h4_c1,71,answer_only,FT_K3,density,0.1,0.7391304347826086,34,46,0.7391304347826086
vt_h4_c1,71,answer_only,FT_K3,density,0.2,1.0,67,46,1.0
vt_h4_c1,92,answer_only,DT_target,raw,0.05,0.3541666666666667,17,48,0.3541666666666667
vt_h4_c1,92,answer_only,DT_target,raw,0.1,0.7083333333333334,34,48,0.7083333333333334
vt_h4_c1,92,answer_only,DT_target,raw,0.2,1.0,67,48,1.0
vt_h4_c1,92,answer_only,DT_target,density,0.05,0.3541666666666667,17,48,0.3541666666666667
vt_h4_c1,92,answer_only,DT_target,density,0.1,0.7083333333333334,34,48,0.7083333333333334
vt_h4_c1,92,answer_only,DT_target,density,0.2,1.0,67,48,1.0
vt_h4_c1,92,answer_only,FT_K1,raw,0.05,0.3541666666666667,17,48,0.3541666666666667
vt_h4_c1,92,answer_only,FT_K1,raw,0.1,0.6875,34,48,0.7083333333333334
vt_h4_c1,92,answer_only,FT_K1,raw,0.2,1.0,67,48,1.0
vt_h4_c1,92,answer_only,FT_K1,density,0.05,0.3541666666666667,17,48,0.3541666666666667
vt_h4_c1,92,answer_only,FT_K1,density,0.1,0.7083333333333334,34,48,0.7083333333333334
vt_h4_c1,92,answer_only,FT_K1,density,0.2,1.0,67,48,1.0
vt_h4_c1,92,answer_only,FT_K3,raw,0.05,0.3541666666666667,17,48,0.3541666666666667
vt_h4_c1,92,answer_only,FT_K3,raw,0.1,0.6875,34,48,0.7083333333333334
vt_h4_c1,92,answer_only,FT_K3,raw,0.2,0.9791666666666666,67,48,1.0
vt_h4_c1,92,answer_only,FT_K3,density,0.05,0.3541666666666667,17,48,0.3541666666666667
vt_h4_c1,92,answer_only,FT_K3,density,0.1,0.7083333333333334,34,48,0.7083333333333334
vt_h4_c1,92,answer_only,FT_K3,density,0.2,1.0,67,48,1.0
vt_h4_c1,95,answer_only,DT_target,raw,0.05,0.3695652173913043,17,46,0.3695652173913043
vt_h4_c1,95,answer_only,DT_target,raw,0.1,0.7391304347826086,34,46,0.7391304347826086
vt_h4_c1,95,answer_only,DT_target,raw,0.2,0.9347826086956522,67,46,1.0
vt_h4_c1,95,answer_only,DT_target,density,0.05,0.3695652173913043,17,46,0.3695652173913043
vt_h4_c1,95,answer_only,DT_target,density,0.1,0.7391304347826086,34,46,0.7391304347826086
vt_h4_c1,95,answer_only,DT_target,density,0.2,1.0,67,46,1.0
vt_h4_c1,95,answer_only,FT_K1,raw,0.05,0.3695652173913043,17,46,0.3695652173913043
vt_h4_c1,95,answer_only,FT_K1,raw,0.1,0.717391304347826,34,46,0.7391304347826086
vt_h4_c1,95,answer_only,FT_K1,raw,0.2,0.9782608695652174,67,46,1.0
vt_h4_c1,95,answer_only,FT_K1,density,0.05,0.3695652173913043,17,46,0.3695652173913043
vt_h4_c1,95,answer_only,FT_K1,density,0.1,0.7391304347826086,34,46,0.7391304347826086
vt_h4_c1,95,answer_only,FT_K1,density,0.2,1.0,67,46,1.0
vt_h4_c1,95,answer_only,FT_K3,raw,0.05,0.3695652173913043,17,46,0.3695652173913043
vt_h4_c1,95,answer_only,FT_K3,raw,0.1,0.717391304347826,34,46,0.7391304347826086
vt_h4_c1,95,answer_only,FT_K3,raw,0.2,0.9782608695652174,67,46,1.0
vt_h4_c1,95,answer_only,FT_K3,density,0.05,0.3695652173913043,17,46,0.3695652173913043
vt_h4_c1,95,answer_only,FT_K3,density,0.1,0.7391304347826086,34,46,0.7391304347826086
vt_h4_c1,95,answer_only,FT_K3,density,0.2,1.0,67,46,1.0
vt_h4_c1,97,answer_only,DT_target,raw,0.05,0.37777777777777777,17,45,0.37777777777777777
vt_h4_c1,97,answer_only,DT_target,raw,0.1,0.7333333333333333,33,45,0.7333333333333333
vt_h4_c1,97,answer_only,DT_target,raw,0.2,0.9777777777777777,66,45,1.0
vt_h4_c1,97,answer_only,DT_target,density,0.05,0.37777777777777777,17,45,0.37777777777777777
vt_h4_c1,97,answer_only,DT_target,density,0.1,0.7333333333333333,33,45,0.7333333333333333
vt_h4_c1,97,answer_only,DT_target,density,0.2,1.0,66,45,1.0
vt_h4_c1,97,answer_only,FT_K1,raw,0.05,0.37777777777777777,17,45,0.37777777777777777
vt_h4_c1,97,answer_only,FT_K1,raw,0.1,0.7111111111111111,33,45,0.7333333333333333
vt_h4_c1,97,answer_only,FT_K1,raw,0.2,1.0,66,45,1.0
vt_h4_c1,97,answer_only,FT_K1,density,0.05,0.37777777777777777,17,45,0.37777777777777777
vt_h4_c1,97,answer_only,FT_K1,density,0.1,0.7333333333333333,33,45,0.7333333333333333
vt_h4_c1,97,answer_only,FT_K1,density,0.2,1.0,66,45,1.0
vt_h4_c1,97,answer_only,FT_K3,raw,0.05,0.37777777777777777,17,45,0.37777777777777777
vt_h4_c1,97,answer_only,FT_K3,raw,0.1,0.6666666666666666,33,45,0.7333333333333333
vt_h4_c1,97,answer_only,FT_K3,raw,0.2,1.0,66,45,1.0
vt_h4_c1,97,answer_only,FT_K3,density,0.05,0.37777777777777777,17,45,0.37777777777777777
vt_h4_c1,97,answer_only,FT_K3,density,0.1,0.7333333333333333,33,45,0.7333333333333333
vt_h4_c1,97,answer_only,FT_K3,density,0.2,1.0,66,45,1.0
vt_h4_c1,98,answer_only,DT_target,raw,0.05,0.3695652173913043,17,46,0.3695652173913043
vt_h4_c1,98,answer_only,DT_target,raw,0.1,0.7391304347826086,34,46,0.7391304347826086
vt_h4_c1,98,answer_only,DT_target,raw,0.2,0.9782608695652174,67,46,1.0
vt_h4_c1,98,answer_only,DT_target,density,0.05,0.3695652173913043,17,46,0.3695652173913043
vt_h4_c1,98,answer_only,DT_target,density,0.1,0.7391304347826086,34,46,0.7391304347826086
vt_h4_c1,98,answer_only,DT_target,density,0.2,1.0,67,46,1.0
vt_h4_c1,98,answer_only,FT_K1,raw,0.05,0.3695652173913043,17,46,0.3695652173913043
vt_h4_c1,98,answer_only,FT_K1,raw,0.1,0.717391304347826,34,46,0.7391304347826086
vt_h4_c1,98,answer_only,FT_K1,raw,0.2,0.9782608695652174,67,46,1.0
vt_h4_c1,98,answer_only,FT_K1,density,0.05,0.3695652173913043,17,46,0.3695652173913043
vt_h4_c1,98,answer_only,FT_K1,density,0.1,0.7391304347826086,34,46,0.7391304347826086
vt_h4_c1,98,answer_only,FT_K1,density,0.2,1.0,67,46,1.0
vt_h4_c1,98,answer_only,FT_K3,raw,0.05,0.3695652173913043,17,46,0.3695652173913043
vt_h4_c1,98,answer_only,FT_K3,raw,0.1,0.717391304347826,34,46,0.7391304347826086
vt_h4_c1,98,answer_only,FT_K3,raw,0.2,0.9782608695652174,67,46,1.0
vt_h4_c1,98,answer_only,FT_K3,density,0.05,0.3695652173913043,17,46,0.3695652173913043
vt_h4_c1,98,answer_only,FT_K3,density,0.1,0.7391304347826086,34,46,0.7391304347826086
vt_h4_c1,98,answer_only,FT_K3,density,0.2,1.0,67,46,1.0
vt_h6_c1,3,answer_only,DT_target,raw,0.05,0.2463768115942029,17,69,0.2463768115942029
vt_h6_c1,3,answer_only,DT_target,raw,0.1,0.4927536231884058,34,69,0.4927536231884058
vt_h6_c1,3,answer_only,DT_target,raw,0.2,0.9420289855072463,67,69,0.9710144927536232
vt_h6_c1,3,answer_only,DT_target,density,0.05,0.2463768115942029,17,69,0.2463768115942029
vt_h6_c1,3,answer_only,DT_target,density,0.1,0.4927536231884058,34,69,0.4927536231884058
vt_h6_c1,3,answer_only,DT_target,density,0.2,0.9710144927536232,67,69,0.9710144927536232
vt_h6_c1,3,answer_only,FT_K1,raw,0.05,0.2463768115942029,17,69,0.2463768115942029
vt_h6_c1,3,answer_only,FT_K1,raw,0.1,0.4927536231884058,34,69,0.4927536231884058
vt_h6_c1,3,answer_only,FT_K1,raw,0.2,0.8405797101449275,67,69,0.9710144927536232
vt_h6_c1,3,answer_only,FT_K1,density,0.05,0.2463768115942029,17,69,0.2463768115942029
vt_h6_c1,3,answer_only,FT_K1,density,0.1,0.4927536231884058,34,69,0.4927536231884058
vt_h6_c1,3,answer_only,FT_K1,density,0.2,0.9710144927536232,67,69,0.9710144927536232
vt_h6_c1,3,answer_only,FT_K3,raw,0.05,0.2463768115942029,17,69,0.2463768115942029
vt_h6_c1,3,answer_only,FT_K3,raw,0.1,0.4927536231884058,34,69,0.4927536231884058
vt_h6_c1,3,answer_only,FT_K3,raw,0.2,0.8405797101449275,67,69,0.9710144927536232
vt_h6_c1,3,answer_only,FT_K3,density,0.05,0.2463768115942029,17,69,0.2463768115942029
vt_h6_c1,3,answer_only,FT_K3,density,0.1,0.4927536231884058,34,69,0.4927536231884058
vt_h6_c1,3,answer_only,FT_K3,density,0.2,0.9710144927536232,67,69,0.9710144927536232
vt_h6_c1,4,answer_only,DT_target,raw,0.05,0.265625,17,64,0.265625
vt_h6_c1,4,answer_only,DT_target,raw,0.1,0.515625,33,64,0.515625
vt_h6_c1,4,answer_only,DT_target,raw,0.2,0.90625,66,64,1.0
vt_h6_c1,4,answer_only,DT_target,density,0.05,0.265625,17,64,0.265625
vt_h6_c1,4,answer_only,DT_target,density,0.1,0.515625,33,64,0.515625
vt_h6_c1,4,answer_only,DT_target,density,0.2,1.0,66,64,1.0
vt_h6_c1,4,answer_only,FT_K1,raw,0.05,0.265625,17,64,0.265625
vt_h6_c1,4,answer_only,FT_K1,raw,0.1,0.515625,33,64,0.515625
vt_h6_c1,4,answer_only,FT_K1,raw,0.2,0.84375,66,64,1.0
vt_h6_c1,4,answer_only,FT_K1,density,0.05,0.265625,17,64,0.265625
vt_h6_c1,4,answer_only,FT_K1,density,0.1,0.515625,33,64,0.515625
vt_h6_c1,4,answer_only,FT_K1,density,0.2,1.0,66,64,1.0
vt_h6_c1,4,answer_only,FT_K3,raw,0.05,0.265625,17,64,0.265625
vt_h6_c1,4,answer_only,FT_K3,raw,0.1,0.515625,33,64,0.515625
vt_h6_c1,4,answer_only,FT_K3,raw,0.2,0.84375,66,64,1.0
vt_h6_c1,4,answer_only,FT_K3,density,0.05,0.265625,17,64,0.265625
vt_h6_c1,4,answer_only,FT_K3,density,0.1,0.515625,33,64,0.515625
vt_h6_c1,4,answer_only,FT_K3,density,0.2,1.0,66,64,1.0
vt_h6_c1,5,answer_only,DT_target,raw,0.05,0.265625,17,64,0.265625
vt_h6_c1,5,answer_only,DT_target,raw,0.1,0.515625,33,64,0.515625
vt_h6_c1,5,answer_only,DT_target,raw,0.2,0.921875,66,64,1.0
vt_h6_c1,5,answer_only,DT_target,density,0.05,0.265625,17,64,0.265625
vt_h6_c1,5,answer_only,DT_target,density,0.1,0.515625,33,64,0.515625
vt_h6_c1,5,answer_only,DT_target,density,0.2,1.0,66,64,1.0
vt_h6_c1,5,answer_only,FT_K1,raw,0.05,0.265625,17,64,0.265625
vt_h6_c1,5,answer_only,FT_K1,raw,0.1,0.515625,33,64,0.515625
vt_h6_c1,5,answer_only,FT_K1,raw,0.2,0.8125,66,64,1.0
vt_h6_c1,5,answer_only,FT_K1,density,0.05,0.265625,17,64,0.265625
vt_h6_c1,5,answer_only,FT_K1,density,0.1,0.515625,33,64,0.515625
vt_h6_c1,5,answer_only,FT_K1,density,0.2,1.0,66,64,1.0
vt_h6_c1,5,answer_only,FT_K3,raw,0.05,0.265625,17,64,0.265625
vt_h6_c1,5,answer_only,FT_K3,raw,0.1,0.515625,33,64,0.515625
vt_h6_c1,5,answer_only,FT_K3,raw,0.2,0.8125,66,64,1.0
vt_h6_c1,5,answer_only,FT_K3,density,0.05,0.265625,17,64,0.265625
vt_h6_c1,5,answer_only,FT_K3,density,0.1,0.515625,33,64,0.515625
vt_h6_c1,5,answer_only,FT_K3,density,0.2,1.0,66,64,1.0
vt_h6_c1,16,answer_only,DT_target,raw,0.05,0.25,17,68,0.25
vt_h6_c1,16,answer_only,DT_target,raw,0.1,0.5,34,68,0.5
vt_h6_c1,16,answer_only,DT_target,raw,0.2,0.9117647058823529,67,68,0.9852941176470589
vt_h6_c1,16,answer_only,DT_target,density,0.05,0.25,17,68,0.25
vt_h6_c1,16,answer_only,DT_target,density,0.1,0.5,34,68,0.5
vt_h6_c1,16,answer_only,DT_target,density,0.2,0.9852941176470589,67,68,0.9852941176470589
vt_h6_c1,16,answer_only,FT_K1,raw,0.05,0.25,17,68,0.25
vt_h6_c1,16,answer_only,FT_K1,raw,0.1,0.5,34,68,0.5
vt_h6_c1,16,answer_only,FT_K1,raw,0.2,0.7941176470588235,67,68,0.9852941176470589
vt_h6_c1,16,answer_only,FT_K1,density,0.05,0.25,17,68,0.25
vt_h6_c1,16,answer_only,FT_K1,density,0.1,0.5,34,68,0.5
vt_h6_c1,16,answer_only,FT_K1,density,0.2,0.9852941176470589,67,68,0.9852941176470589
vt_h6_c1,16,answer_only,FT_K3,raw,0.05,0.25,17,68,0.25
vt_h6_c1,16,answer_only,FT_K3,raw,0.1,0.5,34,68,0.5
vt_h6_c1,16,answer_only,FT_K3,raw,0.2,0.7941176470588235,67,68,0.9852941176470589
vt_h6_c1,16,answer_only,FT_K3,density,0.05,0.25,17,68,0.25
vt_h6_c1,16,answer_only,FT_K3,density,0.1,0.5,34,68,0.5
vt_h6_c1,16,answer_only,FT_K3,density,0.2,0.9852941176470589,67,68,0.9852941176470589
vt_h6_c1,26,answer_only,DT_target,raw,0.05,0.25,17,68,0.25
vt_h6_c1,26,answer_only,DT_target,raw,0.1,0.5,34,68,0.5
vt_h6_c1,26,answer_only,DT_target,raw,0.2,0.9558823529411765,67,68,0.9852941176470589
vt_h6_c1,26,answer_only,DT_target,density,0.05,0.25,17,68,0.25
vt_h6_c1,26,answer_only,DT_target,density,0.1,0.5,34,68,0.5
vt_h6_c1,26,answer_only,DT_target,density,0.2,0.9852941176470589,67,68,0.9852941176470589
vt_h6_c1,26,answer_only,FT_K1,raw,0.05,0.25,17,68,0.25
vt_h6_c1,26,answer_only,FT_K1,raw,0.1,0.5,34,68,0.5
vt_h6_c1,26,answer_only,FT_K1,raw,0.2,0.8382352941176471,67,68,0.9852941176470589
vt_h6_c1,26,answer_only,FT_K1,density,0.05,0.25,17,68,0.25
vt_h6_c1,26,answer_only,FT_K1,density,0.1,0.5,34,68,0.5
vt_h6_c1,26,answer_only,FT_K1,density,0.2,0.9852941176470589,67,68,0.9852941176470589
vt_h6_c1,26,answer_only,FT_K3,raw,0.05,0.25,17,68,0.25
vt_h6_c1,26,answer_only,FT_K3,raw,0.1,0.5,34,68,0.5
vt_h6_c1,26,answer_only,FT_K3,raw,0.2,0.8235294117647058,67,68,0.9852941176470589
vt_h6_c1,26,answer_only,FT_K3,density,0.05,0.25,17,68,0.25
vt_h6_c1,26,answer_only,FT_K3,density,0.1,0.5,34,68,0.5
vt_h6_c1,26,answer_only,FT_K3,density,0.2,0.9852941176470589,67,68,0.9852941176470589
vt_h6_c1,33,answer_only,DT_target,raw,0.05,0.265625,17,64,0.265625
vt_h6_c1,33,answer_only,DT_target,raw,0.1,0.515625,33,64,0.515625
vt_h6_c1,33,answer_only,DT_target,raw,0.2,0.90625,66,64,1.0
vt_h6_c1,33,answer_only,DT_target,density,0.05,0.265625,17,64,0.265625
vt_h6_c1,33,answer_only,DT_target,density,0.1,0.515625,33,64,0.515625
vt_h6_c1,33,answer_only,DT_target,density,0.2,1.0,66,64,1.0
vt_h6_c1,33,answer_only,FT_K1,raw,0.05,0.265625,17,64,0.265625
vt_h6_c1,33,answer_only,FT_K1,raw,0.1,0.515625,33,64,0.515625
vt_h6_c1,33,answer_only,FT_K1,raw,0.2,0.8125,66,64,1.0
vt_h6_c1,33,answer_only,FT_K1,density,0.05,0.265625,17,64,0.265625
vt_h6_c1,33,answer_only,FT_K1,density,0.1,0.515625,33,64,0.515625
vt_h6_c1,33,answer_only,FT_K1,density,0.2,1.0,66,64,1.0
vt_h6_c1,33,answer_only,FT_K3,raw,0.05,0.265625,17,64,0.265625
vt_h6_c1,33,answer_only,FT_K3,raw,0.1,0.515625,33,64,0.515625
vt_h6_c1,33,answer_only,FT_K3,raw,0.2,0.796875,66,64,1.0
vt_h6_c1,33,answer_only,FT_K3,density,0.05,0.265625,17,64,0.265625
vt_h6_c1,33,answer_only,FT_K3,density,0.1,0.515625,33,64,0.515625
vt_h6_c1,33,answer_only,FT_K3,density,0.2,1.0,66,64,1.0
vt_h6_c1,36,answer_only,DT_target,raw,0.05,0.26153846153846155,17,65,0.26153846153846155
vt_h6_c1,36,answer_only,DT_target,raw,0.1,0.5230769230769231,34,65,0.5230769230769231
vt_h6_c1,36,answer_only,DT_target,raw,0.2,0.8769230769230769,67,65,1.0
vt_h6_c1,36,answer_only,DT_target,density,0.05,0.26153846153846155,17,65,0.26153846153846155
vt_h6_c1,36,answer_only,DT_target,density,0.1,0.5230769230769231,34,65,0.5230769230769231
vt_h6_c1,36,answer_only,DT_target,density,0.2,1.0,67,65,1.0
vt_h6_c1,36,answer_only,FT_K1,raw,0.05,0.26153846153846155,17,65,0.26153846153846155
vt_h6_c1,36,answer_only,FT_K1,raw,0.1,0.5230769230769231,34,65,0.5230769230769231
vt_h6_c1,36,answer_only,FT_K1,raw,0.2,0.8307692307692308,67,65,1.0
vt_h6_c1,36,answer_only,FT_K1,density,0.05,0.26153846153846155,17,65,0.26153846153846155
vt_h6_c1,36,answer_only,FT_K1,density,0.1,0.5230769230769231,34,65,0.5230769230769231
vt_h6_c1,36,answer_only,FT_K1,density,0.2,1.0,67,65,1.0
vt_h6_c1,36,answer_only,FT_K3,raw,0.05,0.26153846153846155,17,65,0.26153846153846155
vt_h6_c1,36,answer_only,FT_K3,raw,0.1,0.5230769230769231,34,65,0.5230769230769231
vt_h6_c1,36,answer_only,FT_K3,raw,0.2,0.8307692307692308,67,65,1.0
vt_h6_c1,36,answer_only,FT_K3,density,0.05,0.26153846153846155,17,65,0.26153846153846155
vt_h6_c1,36,answer_only,FT_K3,density,0.1,0.5230769230769231,34,65,0.5230769230769231
vt_h6_c1,36,answer_only,FT_K3,density,0.2,1.0,67,65,1.0
vt_h6_c1,40,answer_only,DT_target,raw,0.05,0.265625,17,64,0.265625
vt_h6_c1,40,answer_only,DT_target,raw,0.1,0.515625,33,64,0.515625
vt_h6_c1,40,answer_only,DT_target,raw,0.2,0.9375,66,64,1.0
vt_h6_c1,40,answer_only,DT_target,density,0.05,0.265625,17,64,0.265625
vt_h6_c1,40,answer_only,DT_target,density,0.1,0.515625,33,64,0.515625
vt_h6_c1,40,answer_only,DT_target,density,0.2,1.0,66,64,1.0
vt_h6_c1,40,answer_only,FT_K1,raw,0.05,0.265625,17,64,0.265625
vt_h6_c1,40,answer_only,FT_K1,raw,0.1,0.515625,33,64,0.515625
vt_h6_c1,40,answer_only,FT_K1,raw,0.2,0.828125,66,64,1.0
vt_h6_c1,40,answer_only,FT_K1,density,0.05,0.265625,17,64,0.265625
vt_h6_c1,40,answer_only,FT_K1,density,0.1,0.515625,33,64,0.515625
vt_h6_c1,40,answer_only,FT_K1,density,0.2,1.0,66,64,1.0
vt_h6_c1,40,answer_only,FT_K3,raw,0.05,0.265625,17,64,0.265625
vt_h6_c1,40,answer_only,FT_K3,raw,0.1,0.515625,33,64,0.515625
vt_h6_c1,40,answer_only,FT_K3,raw,0.2,0.8125,66,64,1.0
vt_h6_c1,40,answer_only,FT_K3,density,0.05,0.265625,17,64,0.265625
vt_h6_c1,40,answer_only,FT_K3,density,0.1,0.515625,33,64,0.515625
vt_h6_c1,40,answer_only,FT_K3,density,0.2,1.0,66,64,1.0
vt_h6_c1,41,answer_only,DT_target,raw,0.05,0.25,17,68,0.25
vt_h6_c1,41,answer_only,DT_target,raw,0.1,0.5,34,68,0.5
vt_h6_c1,41,answer_only,DT_target,raw,0.2,0.9117647058823529,67,68,0.9852941176470589
vt_h6_c1,41,answer_only,DT_target,density,0.05,0.25,17,68,0.25
vt_h6_c1,41,answer_only,DT_target,density,0.1,0.5,34,68,0.5
vt_h6_c1,41,answer_only,DT_target,density,0.2,0.9852941176470589,67,68,0.9852941176470589
vt_h6_c1,41,answer_only,FT_K1,raw,0.05,0.25,17,68,0.25
vt_h6_c1,41,answer_only,FT_K1,raw,0.1,0.5,34,68,0.5
vt_h6_c1,41,answer_only,FT_K1,raw,0.2,0.8235294117647058,67,68,0.9852941176470589
vt_h6_c1,41,answer_only,FT_K1,density,0.05,0.25,17,68,0.25
vt_h6_c1,41,answer_only,FT_K1,density,0.1,0.5,34,68,0.5
vt_h6_c1,41,answer_only,FT_K1,density,0.2,0.9852941176470589,67,68,0.9852941176470589
vt_h6_c1,41,answer_only,FT_K3,raw,0.05,0.25,17,68,0.25
vt_h6_c1,41,answer_only,FT_K3,raw,0.1,0.5,34,68,0.5
vt_h6_c1,41,answer_only,FT_K3,raw,0.2,0.8088235294117647,67,68,0.9852941176470589
vt_h6_c1,41,answer_only,FT_K3,density,0.05,0.25,17,68,0.25
vt_h6_c1,41,answer_only,FT_K3,density,0.1,0.5,34,68,0.5
vt_h6_c1,41,answer_only,FT_K3,density,0.2,0.9852941176470589,67,68,0.9852941176470589
vt_h6_c1,42,answer_only,DT_target,raw,0.05,0.2537313432835821,17,67,0.2537313432835821
vt_h6_c1,42,answer_only,DT_target,raw,0.1,0.5074626865671642,34,67,0.5074626865671642
vt_h6_c1,42,answer_only,DT_target,raw,0.2,0.9402985074626866,67,67,1.0
vt_h6_c1,42,answer_only,DT_target,density,0.05,0.2537313432835821,17,67,0.2537313432835821
vt_h6_c1,42,answer_only,DT_target,density,0.1,0.5074626865671642,34,67,0.5074626865671642
vt_h6_c1,42,answer_only,DT_target,density,0.2,1.0,67,67,1.0
vt_h6_c1,42,answer_only,FT_K1,raw,0.05,0.2537313432835821,17,67,0.2537313432835821
vt_h6_c1,42,answer_only,FT_K1,raw,0.1,0.5074626865671642,34,67,0.5074626865671642
vt_h6_c1,42,answer_only,FT_K1,raw,0.2,0.8208955223880597,67,67,1.0
vt_h6_c1,42,answer_only,FT_K1,density,0.05,0.2537313432835821,17,67,0.2537313432835821
vt_h6_c1,42,answer_only,FT_K1,density,0.1,0.5074626865671642,34,67,0.5074626865671642
vt_h6_c1,42,answer_only,FT_K1,density,0.2,1.0,67,67,1.0
vt_h6_c1,42,answer_only,FT_K3,raw,0.05,0.2537313432835821,17,67,0.2537313432835821
vt_h6_c1,42,answer_only,FT_K3,raw,0.1,0.5074626865671642,34,67,0.5074626865671642
vt_h6_c1,42,answer_only,FT_K3,raw,0.2,0.8059701492537313,67,67,1.0
vt_h6_c1,42,answer_only,FT_K3,density,0.05,0.2537313432835821,17,67,0.2537313432835821
vt_h6_c1,42,answer_only,FT_K3,density,0.1,0.5074626865671642,34,67,0.5074626865671642
vt_h6_c1,42,answer_only,FT_K3,density,0.2,1.0,67,67,1.0
vt_h6_c1,49,answer_only,DT_target,raw,0.05,0.27419354838709675,17,62,0.27419354838709675
vt_h6_c1,49,answer_only,DT_target,raw,0.1,0.532258064516129,33,62,0.532258064516129
vt_h6_c1,49,answer_only,DT_target,raw,0.2,0.9354838709677419,66,62,1.0
vt_h6_c1,49,answer_only,DT_target,density,0.05,0.27419354838709675,17,62,0.27419354838709675
vt_h6_c1,49,answer_only,DT_target,density,0.1,0.532258064516129,33,62,0.532258064516129
vt_h6_c1,49,answer_only,DT_target,density,0.2,1.0,66,62,1.0
vt_h6_c1,49,answer_only,FT_K1,raw,0.05,0.27419354838709675,17,62,0.27419354838709675
vt_h6_c1,49,answer_only,FT_K1,raw,0.1,0.532258064516129,33,62,0.532258064516129
vt_h6_c1,49,answer_only,FT_K1,raw,0.2,0.8548387096774194,66,62,1.0
vt_h6_c1,49,answer_only,FT_K1,density,0.05,0.27419354838709675,17,62,0.27419354838709675
vt_h6_c1,49,answer_only,FT_K1,density,0.1,0.532258064516129,33,62,0.532258064516129
vt_h6_c1,49,answer_only,FT_K1,density,0.2,1.0,66,62,1.0
vt_h6_c1,49,answer_only,FT_K3,raw,0.05,0.27419354838709675,17,62,0.27419354838709675
vt_h6_c1,49,answer_only,FT_K3,raw,0.1,0.532258064516129,33,62,0.532258064516129
vt_h6_c1,49,answer_only,FT_K3,raw,0.2,0.8548387096774194,66,62,1.0
vt_h6_c1,49,answer_only,FT_K3,density,0.05,0.27419354838709675,17,62,0.27419354838709675
vt_h6_c1,49,answer_only,FT_K3,density,0.1,0.532258064516129,33,62,0.532258064516129
vt_h6_c1,49,answer_only,FT_K3,density,0.2,1.0,66,62,1.0
vt_h6_c1,51,answer_only,DT_target,raw,0.05,0.25,17,68,0.25
vt_h6_c1,51,answer_only,DT_target,raw,0.1,0.5,34,68,0.5
vt_h6_c1,51,answer_only,DT_target,raw,0.2,0.9117647058823529,67,68,0.9852941176470589
vt_h6_c1,51,answer_only,DT_target,density,0.05,0.25,17,68,0.25
vt_h6_c1,51,answer_only,DT_target,density,0.1,0.5,34,68,0.5
vt_h6_c1,51,answer_only,DT_target,density,0.2,0.9852941176470589,67,68,0.9852941176470589
vt_h6_c1,51,answer_only,FT_K1,raw,0.05,0.25,17,68,0.25
vt_h6_c1,51,answer_only,FT_K1,raw,0.1,0.5,34,68,0.5
vt_h6_c1,51,answer_only,FT_K1,raw,0.2,0.8088235294117647,67,68,0.9852941176470589
vt_h6_c1,51,answer_only,FT_K1,density,0.05,0.25,17,68,0.25
vt_h6_c1,51,answer_only,FT_K1,density,0.1,0.5,34,68,0.5
vt_h6_c1,51,answer_only,FT_K1,density,0.2,0.9852941176470589,67,68,0.9852941176470589
vt_h6_c1,51,answer_only,FT_K3,raw,0.05,0.25,17,68,0.25
vt_h6_c1,51,answer_only,FT_K3,raw,0.1,0.5,34,68,0.5
vt_h6_c1,51,answer_only,FT_K3,raw,0.2,0.8088235294117647,67,68,0.9852941176470589
vt_h6_c1,51,answer_only,FT_K3,density,0.05,0.25,17,68,0.25
vt_h6_c1,51,answer_only,FT_K3,density,0.1,0.5,34,68,0.5
vt_h6_c1,51,answer_only,FT_K3,density,0.2,0.9852941176470589,67,68,0.9852941176470589
vt_h6_c1,55,answer_only,DT_target,raw,0.05,0.2463768115942029,17,69,0.2463768115942029
vt_h6_c1,55,answer_only,DT_target,raw,0.1,0.4927536231884058,34,69,0.4927536231884058
vt_h6_c1,55,answer_only,DT_target,raw,0.2,0.9130434782608695,67,69,0.9710144927536232
vt_h6_c1,55,answer_only,DT_target,density,0.05,0.2463768115942029,17,69,0.2463768115942029
vt_h6_c1,55,answer_only,DT_target,density,0.1,0.4927536231884058,34,69,0.4927536231884058
vt_h6_c1,55,answer_only,DT_target,density,0.2,0.9710144927536232,67,69,0.9710144927536232
vt_h6_c1,55,answer_only,FT_K1,raw,0.05,0.2463768115942029,17,69,0.2463768115942029
vt_h6_c1,55,answer_only,FT_K1,raw,0.1,0.4927536231884058,34,69,0.4927536231884058
vt_h6_c1,55,answer_only,FT_K1,raw,0.2,0.782608695652174,67,69,0.9710144927536232
vt_h6_c1,55,answer_only,FT_K1,density,0.05,0.2463768115942029,17,69,0.2463768115942029
vt_h6_c1,55,answer_only,FT_K1,density,0.1,0.4927536231884058,34,69,0.4927536231884058
vt_h6_c1,55,answer_only,FT_K1,density,0.2,0.9710144927536232,67,69,0.9710144927536232
vt_h6_c1,55,answer_only,FT_K3,raw,0.05,0.2463768115942029,17,69,0.2463768115942029
vt_h6_c1,55,answer_only,FT_K3,raw,0.1,0.4927536231884058,34,69,0.4927536231884058
vt_h6_c1,55,answer_only,FT_K3,raw,0.2,0.782608695652174,67,69,0.9710144927536232
vt_h6_c1,55,answer_only,FT_K3,density,0.05,0.2463768115942029,17,69,0.2463768115942029
vt_h6_c1,55,answer_only,FT_K3,density,0.1,0.4927536231884058,34,69,0.4927536231884058
vt_h6_c1,55,answer_only,FT_K3,density,0.2,0.9710144927536232,67,69,0.9710144927536232
vt_h6_c1,58,answer_only,DT_target,raw,0.05,0.265625,17,64,0.265625
vt_h6_c1,58,answer_only,DT_target,raw,0.1,0.515625,33,64,0.515625
vt_h6_c1,58,answer_only,DT_target,raw,0.2,0.921875,66,64,1.0
vt_h6_c1,58,answer_only,DT_target,density,0.05,0.265625,17,64,0.265625
vt_h6_c1,58,answer_only,DT_target,density,0.1,0.515625,33,64,0.515625
vt_h6_c1,58,answer_only,DT_target,density,0.2,1.0,66,64,1.0
vt_h6_c1,58,answer_only,FT_K1,raw,0.05,0.265625,17,64,0.265625
vt_h6_c1,58,answer_only,FT_K1,raw,0.1,0.515625,33,64,0.515625
vt_h6_c1,58,answer_only,FT_K1,raw,0.2,0.84375,66,64,1.0
vt_h6_c1,58,answer_only,FT_K1,density,0.05,0.265625,17,64,0.265625
vt_h6_c1,58,answer_only,FT_K1,density,0.1,0.515625,33,64,0.515625
vt_h6_c1,58,answer_only,FT_K1,density,0.2,1.0,66,64,1.0
vt_h6_c1,58,answer_only,FT_K3,raw,0.05,0.265625,17,64,0.265625
vt_h6_c1,58,answer_only,FT_K3,raw,0.1,0.515625,33,64,0.515625
vt_h6_c1,58,answer_only,FT_K3,raw,0.2,0.828125,66,64,1.0
vt_h6_c1,58,answer_only,FT_K3,density,0.05,0.265625,17,64,0.265625
vt_h6_c1,58,answer_only,FT_K3,density,0.1,0.515625,33,64,0.515625
vt_h6_c1,58,answer_only,FT_K3,density,0.2,1.0,66,64,1.0
vt_h6_c1,61,answer_only,DT_target,raw,0.05,0.265625,17,64,0.265625
vt_h6_c1,61,answer_only,DT_target,raw,0.1,0.515625,33,64,0.515625
vt_h6_c1,61,answer_only,DT_target,raw,0.2,0.90625,66,64,1.0
vt_h6_c1,61,answer_only,DT_target,density,0.05,0.265625,17,64,0.265625
vt_h6_c1,61,answer_only,DT_target,density,0.1,0.515625,33,64,0.515625
vt_h6_c1,61,answer_only,DT_target,density,0.2,1.0,66,64,1.0
vt_h6_c1,61,answer_only,FT_K1,raw,0.05,0.265625,17,64,0.265625
vt_h6_c1,61,answer_only,FT_K1,raw,0.1,0.515625,33,64,0.515625
vt_h6_c1,61,answer_only,FT_K1,raw,0.2,0.8125,66,64,1.0
vt_h6_c1,61,answer_only,FT_K1,density,0.05,0.265625,17,64,0.265625
vt_h6_c1,61,answer_only,FT_K1,density,0.1,0.515625,33,64,0.515625
vt_h6_c1,61,answer_only,FT_K1,density,0.2,1.0,66,64,1.0
vt_h6_c1,61,answer_only,FT_K3,raw,0.05,0.265625,17,64,0.265625
vt_h6_c1,61,answer_only,FT_K3,raw,0.1,0.515625,33,64,0.515625
vt_h6_c1,61,answer_only,FT_K3,raw,0.2,0.796875,66,64,1.0
vt_h6_c1,61,answer_only,FT_K3,density,0.05,0.265625,17,64,0.265625
vt_h6_c1,61,answer_only,FT_K3,density,0.1,0.515625,33,64,0.515625
vt_h6_c1,61,answer_only,FT_K3,density,0.2,1.0,66,64,1.0
vt_h6_c1,93,answer_only,DT_target,raw,0.05,0.2463768115942029,17,69,0.2463768115942029
vt_h6_c1,93,answer_only,DT_target,raw,0.1,0.4927536231884058,34,69,0.4927536231884058
vt_h6_c1,93,answer_only,DT_target,raw,0.2,0.8985507246376812,67,69,0.9710144927536232
vt_h6_c1,93,answer_only,DT_target,density,0.05,0.2463768115942029,17,69,0.2463768115942029
vt_h6_c1,93,answer_only,DT_target,density,0.1,0.4927536231884058,34,69,0.4927536231884058
vt_h6_c1,93,answer_only,DT_target,density,0.2,0.9710144927536232,67,69,0.9710144927536232
vt_h6_c1,93,answer_only,FT_K1,raw,0.05,0.2463768115942029,17,69,0.2463768115942029
vt_h6_c1,93,answer_only,FT_K1,raw,0.1,0.4927536231884058,34,69,0.4927536231884058
vt_h6_c1,93,answer_only,FT_K1,raw,0.2,0.8405797101449275,67,69,0.9710144927536232
vt_h6_c1,93,answer_only,FT_K1,density,0.05,0.2463768115942029,17,69,0.2463768115942029
vt_h6_c1,93,answer_only,FT_K1,density,0.1,0.4927536231884058,34,69,0.4927536231884058
vt_h6_c1,93,answer_only,FT_K1,density,0.2,0.9710144927536232,67,69,0.9710144927536232
vt_h6_c1,93,answer_only,FT_K3,raw,0.05,0.2463768115942029,17,69,0.2463768115942029
vt_h6_c1,93,answer_only,FT_K3,raw,0.1,0.4927536231884058,34,69,0.4927536231884058
vt_h6_c1,93,answer_only,FT_K3,raw,0.2,0.8260869565217391,67,69,0.9710144927536232
vt_h6_c1,93,answer_only,FT_K3,density,0.05,0.2463768115942029,17,69,0.2463768115942029
vt_h6_c1,93,answer_only,FT_K3,density,0.1,0.4927536231884058,34,69,0.4927536231884058
vt_h6_c1,93,answer_only,FT_K3,density,0.2,0.9710144927536232,67,69,0.9710144927536232
vt_h10_c1,1,answer_only,DT_target,raw,0.05,0.1650485436893204,17,103,0.1650485436893204
vt_h10_c1,1,answer_only,DT_target,raw,0.1,0.3300970873786408,34,103,0.3300970873786408
vt_h10_c1,1,answer_only,DT_target,raw,0.2,0.6504854368932039,67,103,0.6504854368932039
vt_h10_c1,1,answer_only,DT_target,density,0.05,0.1650485436893204,17,103,0.1650485436893204
vt_h10_c1,1,answer_only,DT_target,density,0.1,0.3300970873786408,34,103,0.3300970873786408
vt_h10_c1,1,answer_only,DT_target,density,0.2,0.6504854368932039,67,103,0.6504854368932039
vt_h10_c1,1,answer_only,FT_K1,raw,0.05,0.1650485436893204,17,103,0.1650485436893204
vt_h10_c1,1,answer_only,FT_K1,raw,0.1,0.3300970873786408,34,103,0.3300970873786408
vt_h10_c1,1,answer_only,FT_K1,raw,0.2,0.6504854368932039,67,103,0.6504854368932039
vt_h10_c1,1,answer_only,FT_K1,density,0.05,0.1650485436893204,17,103,0.1650485436893204
vt_h10_c1,1,answer_only,FT_K1,density,0.1,0.3300970873786408,34,103,0.3300970873786408
vt_h10_c1,1,answer_only,FT_K1,density,0.2,0.6504854368932039,67,103,0.6504854368932039
vt_h10_c1,1,answer_only,FT_K3,raw,0.05,0.1650485436893204,17,103,0.1650485436893204
vt_h10_c1,1,answer_only,FT_K3,raw,0.1,0.3300970873786408,34,103,0.3300970873786408
vt_h10_c1,1,answer_only,FT_K3,raw,0.2,0.6504854368932039,67,103,0.6504854368932039
vt_h10_c1,1,answer_only,FT_K3,density,0.05,0.1650485436893204,17,103,0.1650485436893204
vt_h10_c1,1,answer_only,FT_K3,density,0.1,0.3300970873786408,34,103,0.3300970873786408
vt_h10_c1,1,answer_only,FT_K3,density,0.2,0.6504854368932039,67,103,0.6504854368932039
vt_h10_c1,28,answer_only,DT_target,raw,0.05,0.16666666666666666,17,102,0.16666666666666666
vt_h10_c1,28,answer_only,DT_target,raw,0.1,0.3235294117647059,33,102,0.3235294117647059
vt_h10_c1,28,answer_only,DT_target,raw,0.2,0.6470588235294118,66,102,0.6470588235294118
vt_h10_c1,28,answer_only,DT_target,density,0.05,0.16666666666666666,17,102,0.16666666666666666
vt_h10_c1,28,answer_only,DT_target,density,0.1,0.3235294117647059,33,102,0.3235294117647059
vt_h10_c1,28,answer_only,DT_target,density,0.2,0.6470588235294118,66,102,0.6470588235294118
vt_h10_c1,28,answer_only,FT_K1,raw,0.05,0.16666666666666666,17,102,0.16666666666666666
vt_h10_c1,28,answer_only,FT_K1,raw,0.1,0.3235294117647059,33,102,0.3235294117647059
vt_h10_c1,28,answer_only,FT_K1,raw,0.2,0.6470588235294118,66,102,0.6470588235294118
vt_h10_c1,28,answer_only,FT_K1,density,0.05,0.16666666666666666,17,102,0.16666666666666666
vt_h10_c1,28,answer_only,FT_K1,density,0.1,0.3235294117647059,33,102,0.3235294117647059
vt_h10_c1,28,answer_only,FT_K1,density,0.2,0.6470588235294118,66,102,0.6470588235294118
vt_h10_c1,28,answer_only,FT_K3,raw,0.05,0.16666666666666666,17,102,0.16666666666666666
vt_h10_c1,28,answer_only,FT_K3,raw,0.1,0.3235294117647059,33,102,0.3235294117647059
vt_h10_c1,28,answer_only,FT_K3,raw,0.2,0.6470588235294118,66,102,0.6470588235294118
vt_h10_c1,28,answer_only,FT_K3,density,0.05,0.16666666666666666,17,102,0.16666666666666666
vt_h10_c1,28,answer_only,FT_K3,density,0.1,0.3235294117647059,33,102,0.3235294117647059
vt_h10_c1,28,answer_only,FT_K3,density,0.2,0.6470588235294118,66,102,0.6470588235294118
vt_h10_c1,33,answer_only,DT_target,raw,0.05,0.16346153846153846,17,104,0.16346153846153846
vt_h10_c1,33,answer_only,DT_target,raw,0.1,0.3269230769230769,34,104,0.3269230769230769
vt_h10_c1,33,answer_only,DT_target,raw,0.2,0.6442307692307693,67,104,0.6442307692307693
vt_h10_c1,33,answer_only,DT_target,density,0.05,0.16346153846153846,17,104,0.16346153846153846
vt_h10_c1,33,answer_only,DT_target,density,0.1,0.3269230769230769,34,104,0.3269230769230769
vt_h10_c1,33,answer_only,DT_target,density,0.2,0.6442307692307693,67,104,0.6442307692307693
vt_h10_c1,33,answer_only,FT_K1,raw,0.05,0.16346153846153846,17,104,0.16346153846153846
vt_h10_c1,33,answer_only,FT_K1,raw,0.1,0.3269230769230769,34,104,0.3269230769230769
vt_h10_c1,33,answer_only,FT_K1,raw,0.2,0.6442307692307693,67,104,0.6442307692307693
vt_h10_c1,33,answer_only,FT_K1,density,0.05,0.16346153846153846,17,104,0.16346153846153846
vt_h10_c1,33,answer_only,FT_K1,density,0.1,0.3269230769230769,34,104,0.3269230769230769
vt_h10_c1,33,answer_only,FT_K1,density,0.2,0.6442307692307693,67,104,0.6442307692307693
vt_h10_c1,33,answer_only,FT_K3,raw,0.05,0.16346153846153846,17,104,0.16346153846153846
vt_h10_c1,33,answer_only,FT_K3,raw,0.1,0.3269230769230769,34,104,0.3269230769230769
vt_h10_c1,33,answer_only,FT_K3,raw,0.2,0.6442307692307693,67,104,0.6442307692307693
vt_h10_c1,33,answer_only,FT_K3,density,0.05,0.16346153846153846,17,104,0.16346153846153846
vt_h10_c1,33,answer_only,FT_K3,density,0.1,0.3269230769230769,34,104,0.3269230769230769
vt_h10_c1,33,answer_only,FT_K3,density,0.2,0.6442307692307693,67,104,0.6442307692307693
vt_h10_c1,39,answer_only,DT_target,raw,0.05,0.16037735849056603,17,106,0.16037735849056603
vt_h10_c1,39,answer_only,DT_target,raw,0.1,0.32075471698113206,34,106,0.32075471698113206
vt_h10_c1,39,answer_only,DT_target,raw,0.2,0.6320754716981132,67,106,0.6320754716981132
vt_h10_c1,39,answer_only,DT_target,density,0.05,0.16037735849056603,17,106,0.16037735849056603
vt_h10_c1,39,answer_only,DT_target,density,0.1,0.32075471698113206,34,106,0.32075471698113206
vt_h10_c1,39,answer_only,DT_target,density,0.2,0.6320754716981132,67,106,0.6320754716981132
vt_h10_c1,39,answer_only,FT_K1,raw,0.05,0.16037735849056603,17,106,0.16037735849056603
vt_h10_c1,39,answer_only,FT_K1,raw,0.1,0.32075471698113206,34,106,0.32075471698113206
vt_h10_c1,39,answer_only,FT_K1,raw,0.2,0.6320754716981132,67,106,0.6320754716981132
vt_h10_c1,39,answer_only,FT_K1,density,0.05,0.16037735849056603,17,106,0.16037735849056603
vt_h10_c1,39,answer_only,FT_K1,density,0.1,0.32075471698113206,34,106,0.32075471698113206
vt_h10_c1,39,answer_only,FT_K1,density,0.2,0.6320754716981132,67,106,0.6320754716981132
vt_h10_c1,39,answer_only,FT_K3,raw,0.05,0.16037735849056603,17,106,0.16037735849056603
vt_h10_c1,39,answer_only,FT_K3,raw,0.1,0.32075471698113206,34,106,0.32075471698113206
vt_h10_c1,39,answer_only,FT_K3,raw,0.2,0.6320754716981132,67,106,0.6320754716981132
vt_h10_c1,39,answer_only,FT_K3,density,0.05,0.16037735849056603,17,106,0.16037735849056603
vt_h10_c1,39,answer_only,FT_K3,density,0.1,0.32075471698113206,34,106,0.32075471698113206
vt_h10_c1,39,answer_only,FT_K3,density,0.2,0.6320754716981132,67,106,0.6320754716981132
vt_h10_c1,43,answer_only,DT_target,raw,0.05,0.16037735849056603,17,106,0.16037735849056603
vt_h10_c1,43,answer_only,DT_target,raw,0.1,0.32075471698113206,34,106,0.32075471698113206
vt_h10_c1,43,answer_only,DT_target,raw,0.2,0.6320754716981132,67,106,0.6320754716981132
vt_h10_c1,43,answer_only,DT_target,density,0.05,0.16037735849056603,17,106,0.16037735849056603
vt_h10_c1,43,answer_only,DT_target,density,0.1,0.32075471698113206,34,106,0.32075471698113206
vt_h10_c1,43,answer_only,DT_target,density,0.2,0.6320754716981132,67,106,0.6320754716981132
vt_h10_c1,43,answer_only,FT_K1,raw,0.05,0.16037735849056603,17,106,0.16037735849056603
vt_h10_c1,43,answer_only,FT_K1,raw,0.1,0.32075471698113206,34,106,0.32075471698113206
vt_h10_c1,43,answer_only,FT_K1,raw,0.2,0.6320754716981132,67,106,0.6320754716981132
vt_h10_c1,43,answer_only,FT_K1,density,0.05,0.16037735849056603,17,106,0.16037735849056603
vt_h10_c1,43,answer_only,FT_K1,density,0.1,0.32075471698113206,34,106,0.32075471698113206
vt_h10_c1,43,answer_only,FT_K1,density,0.2,0.6320754716981132,67,106,0.6320754716981132
vt_h10_c1,43,answer_only,FT_K3,raw,0.05,0.16037735849056603,17,106,0.16037735849056603
vt_h10_c1,43,answer_only,FT_K3,raw,0.1,0.32075471698113206,34,106,0.32075471698113206
vt_h10_c1,43,answer_only,FT_K3,raw,0.2,0.6320754716981132,67,106,0.6320754716981132
vt_h10_c1,43,answer_only,FT_K3,density,0.05,0.16037735849056603,17,106,0.16037735849056603
vt_h10_c1,43,answer_only,FT_K3,density,0.1,0.32075471698113206,34,106,0.32075471698113206
vt_h10_c1,43,answer_only,FT_K3,density,0.2,0.6320754716981132,67,106,0.6320754716981132
vt_h10_c1,47,answer_only,DT_target,raw,0.05,0.17525773195876287,17,97,0.17525773195876287
vt_h10_c1,47,answer_only,DT_target,raw,0.1,0.3402061855670103,33,97,0.3402061855670103
vt_h10_c1,47,answer_only,DT_target,raw,0.2,0.6701030927835051,65,97,0.6701030927835051
vt_h10_c1,47,answer_only,DT_target,density,0.05,0.17525773195876287,17,97,0.17525773195876287
vt_h10_c1,47,answer_only,DT_target,density,0.1,0.3402061855670103,33,97,0.3402061855670103
vt_h10_c1,47,answer_only,DT_target,density,0.2,0.6701030927835051,65,97,0.6701030927835051
vt_h10_c1,47,answer_only,FT_K1,raw,0.05,0.17525773195876287,17,97,0.17525773195876287
vt_h10_c1,47,answer_only,FT_K1,raw,0.1,0.3402061855670103,33,97,0.3402061855670103
vt_h10_c1,47,answer_only,FT_K1,raw,0.2,0.6701030927835051,65,97,0.6701030927835051
vt_h10_c1,47,answer_only,FT_K1,density,0.05,0.17525773195876287,17,97,0.17525773195876287
vt_h10_c1,47,answer_only,FT_K1,density,0.1,0.3402061855670103,33,97,0.3402061855670103
vt_h10_c1,47,answer_only,FT_K1,density,0.2,0.6701030927835051,65,97,0.6701030927835051
vt_h10_c1,47,answer_only,FT_K3,raw,0.05,0.17525773195876287,17,97,0.17525773195876287
vt_h10_c1,47,answer_only,FT_K3,raw,0.1,0.3402061855670103,33,97,0.3402061855670103
vt_h10_c1,47,answer_only,FT_K3,raw,0.2,0.6701030927835051,65,97,0.6701030927835051
vt_h10_c1,47,answer_only,FT_K3,density,0.05,0.17525773195876287,17,97,0.17525773195876287
vt_h10_c1,47,answer_only,FT_K3,density,0.1,0.3402061855670103,33,97,0.3402061855670103
vt_h10_c1,47,answer_only,FT_K3,density,0.2,0.6701030927835051,65,97,0.6701030927835051
vt_h10_c1,53,answer_only,DT_target,raw,0.05,0.16037735849056603,17,106,0.16037735849056603
vt_h10_c1,53,answer_only,DT_target,raw,0.1,0.32075471698113206,34,106,0.32075471698113206
vt_h10_c1,53,answer_only,DT_target,raw,0.2,0.6320754716981132,67,106,0.6320754716981132
vt_h10_c1,53,answer_only,DT_target,density,0.05,0.16037735849056603,17,106,0.16037735849056603
vt_h10_c1,53,answer_only,DT_target,density,0.1,0.32075471698113206,34,106,0.32075471698113206
vt_h10_c1,53,answer_only,DT_target,density,0.2,0.6320754716981132,67,106,0.6320754716981132
vt_h10_c1,53,answer_only,FT_K1,raw,0.05,0.16037735849056603,17,106,0.16037735849056603
vt_h10_c1,53,answer_only,FT_K1,raw,0.1,0.32075471698113206,34,106,0.32075471698113206
vt_h10_c1,53,answer_only,FT_K1,raw,0.2,0.6320754716981132,67,106,0.6320754716981132
vt_h10_c1,53,answer_only,FT_K1,density,0.05,0.16037735849056603,17,106,0.16037735849056603
vt_h10_c1,53,answer_only,FT_K1,density,0.1,0.32075471698113206,34,106,0.32075471698113206
vt_h10_c1,53,answer_only,FT_K1,density,0.2,0.6320754716981132,67,106,0.6320754716981132
vt_h10_c1,53,answer_only,FT_K3,raw,0.05,0.16037735849056603,17,106,0.16037735849056603
vt_h10_c1,53,answer_only,FT_K3,raw,0.1,0.32075471698113206,34,106,0.32075471698113206
vt_h10_c1,53,answer_only,FT_K3,raw,0.2,0.6320754716981132,67,106,0.6320754716981132
vt_h10_c1,53,answer_only,FT_K3,density,0.05,0.16037735849056603,17,106,0.16037735849056603
vt_h10_c1,53,answer_only,FT_K3,density,0.1,0.32075471698113206,34,106,0.32075471698113206
vt_h10_c1,53,answer_only,FT_K3,density,0.2,0.6320754716981132,67,106,0.6320754716981132
vt_h10_c1,58,answer_only,DT_target,raw,0.05,0.1650485436893204,17,103,0.1650485436893204
vt_h10_c1,58,answer_only,DT_target,raw,0.1,0.3300970873786408,34,103,0.3300970873786408
vt_h10_c1,58,answer_only,DT_target,raw,0.2,0.6504854368932039,67,103,0.6504854368932039
vt_h10_c1,58,answer_only,DT_target,density,0.05,0.1650485436893204,17,103,0.1650485436893204
vt_h10_c1,58,answer_only,DT_target,density,0.1,0.3300970873786408,34,103,0.3300970873786408
vt_h10_c1,58,answer_only,DT_target,density,0.2,0.6504854368932039,67,103,0.6504854368932039
vt_h10_c1,58,answer_only,FT_K1,raw,0.05,0.1650485436893204,17,103,0.1650485436893204
vt_h10_c1,58,answer_only,FT_K1,raw,0.1,0.3300970873786408,34,103,0.3300970873786408
vt_h10_c1,58,answer_only,FT_K1,raw,0.2,0.6504854368932039,67,103,0.6504854368932039
vt_h10_c1,58,answer_only,FT_K1,density,0.05,0.1650485436893204,17,103,0.1650485436893204
vt_h10_c1,58,answer_only,FT_K1,density,0.1,0.3300970873786408,34,103,0.3300970873786408
vt_h10_c1,58,answer_only,FT_K1,density,0.2,0.6504854368932039,67,103,0.6504854368932039
vt_h10_c1,58,answer_only,FT_K3,raw,0.05,0.1650485436893204,17,103,0.1650485436893204
vt_h10_c1,58,answer_only,FT_K3,raw,0.1,0.3300970873786408,34,103,0.3300970873786408
vt_h10_c1,58,answer_only,FT_K3,raw,0.2,0.6504854368932039,67,103,0.6504854368932039
vt_h10_c1,58,answer_only,FT_K3,density,0.05,0.1650485436893204,17,103,0.1650485436893204
vt_h10_c1,58,answer_only,FT_K3,density,0.1,0.3300970873786408,34,103,0.3300970873786408
vt_h10_c1,58,answer_only,FT_K3,density,0.2,0.6504854368932039,67,103,0.6504854368932039
vt_h10_c1,59,answer_only,DT_target,raw,0.05,0.16037735849056603,17,106,0.16037735849056603
vt_h10_c1,59,answer_only,DT_target,raw,0.1,0.32075471698113206,34,106,0.32075471698113206
vt_h10_c1,59,answer_only,DT_target,raw,0.2,0.6320754716981132,67,106,0.6320754716981132
vt_h10_c1,59,answer_only,DT_target,density,0.05,0.16037735849056603,17,106,0.16037735849056603
vt_h10_c1,59,answer_only,DT_target,density,0.1,0.32075471698113206,34,106,0.32075471698113206
vt_h10_c1,59,answer_only,DT_target,density,0.2,0.6320754716981132,67,106,0.6320754716981132
vt_h10_c1,59,answer_only,FT_K1,raw,0.05,0.16037735849056603,17,106,0.16037735849056603
vt_h10_c1,59,answer_only,FT_K1,raw,0.1,0.32075471698113206,34,106,0.32075471698113206
vt_h10_c1,59,answer_only,FT_K1,raw,0.2,0.6320754716981132,67,106,0.6320754716981132
vt_h10_c1,59,answer_only,FT_K1,density,0.05,0.16037735849056603,17,106,0.16037735849056603
vt_h10_c1,59,answer_only,FT_K1,density,0.1,0.32075471698113206,34,106,0.32075471698113206
vt_h10_c1,59,answer_only,FT_K1,density,0.2,0.6320754716981132,67,106,0.6320754716981132
vt_h10_c1,59,answer_only,FT_K3,raw,0.05,0.16037735849056603,17,106,0.16037735849056603
vt_h10_c1,59,answer_only,FT_K3,raw,0.1,0.32075471698113206,34,106,0.32075471698113206
vt_h10_c1,59,answer_only,FT_K3,raw,0.2,0.6320754716981132,67,106,0.6320754716981132
vt_h10_c1,59,answer_only,FT_K3,density,0.05,0.16037735849056603,17,106,0.16037735849056603
vt_h10_c1,59,answer_only,FT_K3,density,0.1,0.32075471698113206,34,106,0.32075471698113206
vt_h10_c1,59,answer_only,FT_K3,density,0.2,0.6320754716981132,67,106,0.6320754716981132
vt_h10_c1,63,answer_only,DT_target,raw,0.05,0.16346153846153846,17,104,0.16346153846153846
vt_h10_c1,63,answer_only,DT_target,raw,0.1,0.3269230769230769,34,104,0.3269230769230769
vt_h10_c1,63,answer_only,DT_target,raw,0.2,0.6442307692307693,67,104,0.6442307692307693
vt_h10_c1,63,answer_only,DT_target,density,0.05,0.16346153846153846,17,104,0.16346153846153846
vt_h10_c1,63,answer_only,DT_target,density,0.1,0.3269230769230769,34,104,0.3269230769230769
vt_h10_c1,63,answer_only,DT_target,density,0.2,0.6442307692307693,67,104,0.6442307692307693
vt_h10_c1,63,answer_only,FT_K1,raw,0.05,0.16346153846153846,17,104,0.16346153846153846
vt_h10_c1,63,answer_only,FT_K1,raw,0.1,0.3269230769230769,34,104,0.3269230769230769
vt_h10_c1,63,answer_only,FT_K1,raw,0.2,0.6442307692307693,67,104,0.6442307692307693
vt_h10_c1,63,answer_only,FT_K1,density,0.05,0.16346153846153846,17,104,0.16346153846153846
vt_h10_c1,63,answer_only,FT_K1,density,0.1,0.3269230769230769,34,104,0.3269230769230769
vt_h10_c1,63,answer_only,FT_K1,density,0.2,0.6442307692307693,67,104,0.6442307692307693
vt_h10_c1,63,answer_only,FT_K3,raw,0.05,0.16346153846153846,17,104,0.16346153846153846
vt_h10_c1,63,answer_only,FT_K3,raw,0.1,0.3269230769230769,34,104,0.3269230769230769
vt_h10_c1,63,answer_only,FT_K3,raw,0.2,0.6442307692307693,67,104,0.6442307692307693
vt_h10_c1,63,answer_only,FT_K3,density,0.05,0.16346153846153846,17,104,0.16346153846153846
vt_h10_c1,63,answer_only,FT_K3,density,0.1,0.3269230769230769,34,104,0.3269230769230769
vt_h10_c1,63,answer_only,FT_K3,density,0.2,0.6442307692307693,67,104,0.6442307692307693
vt_h10_c1,69,answer_only,DT_target,raw,0.05,0.16346153846153846,17,104,0.16346153846153846
vt_h10_c1,69,answer_only,DT_target,raw,0.1,0.3269230769230769,34,104,0.3269230769230769
vt_h10_c1,69,answer_only,DT_target,raw,0.2,0.6442307692307693,67,104,0.6442307692307693
vt_h10_c1,69,answer_only,DT_target,density,0.05,0.16346153846153846,17,104,0.16346153846153846
vt_h10_c1,69,answer_only,DT_target,density,0.1,0.3269230769230769,34,104,0.3269230769230769
vt_h10_c1,69,answer_only,DT_target,density,0.2,0.6442307692307693,67,104,0.6442307692307693
vt_h10_c1,69,answer_only,FT_K1,raw,0.05,0.16346153846153846,17,104,0.16346153846153846
vt_h10_c1,69,answer_only,FT_K1,raw,0.1,0.3269230769230769,34,104,0.3269230769230769
vt_h10_c1,69,answer_only,FT_K1,raw,0.2,0.6442307692307693,67,104,0.6442307692307693
vt_h10_c1,69,answer_only,FT_K1,density,0.05,0.16346153846153846,17,104,0.16346153846153846
vt_h10_c1,69,answer_only,FT_K1,density,0.1,0.3269230769230769,34,104,0.3269230769230769
vt_h10_c1,69,answer_only,FT_K1,density,0.2,0.6442307692307693,67,104,0.6442307692307693
vt_h10_c1,69,answer_only,FT_K3,raw,0.05,0.16346153846153846,17,104,0.16346153846153846
vt_h10_c1,69,answer_only,FT_K3,raw,0.1,0.3269230769230769,34,104,0.3269230769230769
vt_h10_c1,69,answer_only,FT_K3,raw,0.2,0.6442307692307693,67,104,0.6442307692307693
vt_h10_c1,69,answer_only,FT_K3,density,0.05,0.16346153846153846,17,104,0.16346153846153846
vt_h10_c1,69,answer_only,FT_K3,density,0.1,0.3269230769230769,34,104,0.3269230769230769
vt_h10_c1,69,answer_only,FT_K3,density,0.2,0.6442307692307693,67,104,0.6442307692307693
vt_h10_c1,72,answer_only,DT_target,raw,0.05,0.1619047619047619,17,105,0.1619047619047619
vt_h10_c1,72,answer_only,DT_target,raw,0.1,0.3238095238095238,34,105,0.3238095238095238
vt_h10_c1,72,answer_only,DT_target,raw,0.2,0.638095238095238,67,105,0.638095238095238
vt_h10_c1,72,answer_only,DT_target,density,0.05,0.1619047619047619,17,105,0.1619047619047619
vt_h10_c1,72,answer_only,DT_target,density,0.1,0.3238095238095238,34,105,0.3238095238095238
vt_h10_c1,72,answer_only,DT_target,density,0.2,0.638095238095238,67,105,0.638095238095238
vt_h10_c1,72,answer_only,FT_K1,raw,0.05,0.1619047619047619,17,105,0.1619047619047619
vt_h10_c1,72,answer_only,FT_K1,raw,0.1,0.3238095238095238,34,105,0.3238095238095238
vt_h10_c1,72,answer_only,FT_K1,raw,0.2,0.638095238095238,67,105,0.638095238095238
vt_h10_c1,72,answer_only,FT_K1,density,0.05,0.1619047619047619,17,105,0.1619047619047619
vt_h10_c1,72,answer_only,FT_K1,density,0.1,0.3238095238095238,34,105,0.3238095238095238
vt_h10_c1,72,answer_only,FT_K1,density,0.2,0.638095238095238,67,105,0.638095238095238
vt_h10_c1,72,answer_only,FT_K3,raw,0.05,0.1619047619047619,17,105,0.1619047619047619
vt_h10_c1,72,answer_only,FT_K3,raw,0.1,0.3238095238095238,34,105,0.3238095238095238
vt_h10_c1,72,answer_only,FT_K3,raw,0.2,0.638095238095238,67,105,0.638095238095238
vt_h10_c1,72,answer_only,FT_K3,density,0.05,0.1619047619047619,17,105,0.1619047619047619
vt_h10_c1,72,answer_only,FT_K3,density,0.1,0.3238095238095238,34,105,0.3238095238095238
vt_h10_c1,72,answer_only,FT_K3,density,0.2,0.638095238095238,67,105,0.638095238095238
vt_h10_c1,78,answer_only,DT_target,raw,0.05,0.16346153846153846,17,104,0.16346153846153846
vt_h10_c1,78,answer_only,DT_target,raw,0.1,0.3269230769230769,34,104,0.3269230769230769
vt_h10_c1,78,answer_only,DT_target,raw,0.2,0.6442307692307693,67,104,0.6442307692307693
vt_h10_c1,78,answer_only,DT_target,density,0.05,0.16346153846153846,17,104,0.16346153846153846
vt_h10_c1,78,answer_only,DT_target,density,0.1,0.3269230769230769,34,104,0.3269230769230769
vt_h10_c1,78,answer_only,DT_target,density,0.2,0.6442307692307693,67,104,0.6442307692307693
vt_h10_c1,78,answer_only,FT_K1,raw,0.05,0.16346153846153846,17,104,0.16346153846153846
vt_h10_c1,78,answer_only,FT_K1,raw,0.1,0.3269230769230769,34,104,0.3269230769230769
vt_h10_c1,78,answer_only,FT_K1,raw,0.2,0.6442307692307693,67,104,0.6442307692307693
vt_h10_c1,78,answer_only,FT_K1,density,0.05,0.16346153846153846,17,104,0.16346153846153846
vt_h10_c1,78,answer_only,FT_K1,density,0.1,0.3269230769230769,34,104,0.3269230769230769
vt_h10_c1,78,answer_only,FT_K1,density,0.2,0.6442307692307693,67,104,0.6442307692307693
vt_h10_c1,78,answer_only,FT_K3,raw,0.05,0.16346153846153846,17,104,0.16346153846153846
vt_h10_c1,78,answer_only,FT_K3,raw,0.1,0.3269230769230769,34,104,0.3269230769230769
vt_h10_c1,78,answer_only,FT_K3,raw,0.2,0.6442307692307693,67,104,0.6442307692307693
vt_h10_c1,78,answer_only,FT_K3,density,0.05,0.16346153846153846,17,104,0.16346153846153846
vt_h10_c1,78,answer_only,FT_K3,density,0.1,0.3269230769230769,34,104,0.3269230769230769
vt_h10_c1,78,answer_only,FT_K3,density,0.2,0.6442307692307693,67,104,0.6442307692307693
vt_h10_c1,87,answer_only,DT_target,raw,0.05,0.16666666666666666,17,102,0.16666666666666666
vt_h10_c1,87,answer_only,DT_target,raw,0.1,0.3235294117647059,33,102,0.3235294117647059
vt_h10_c1,87,answer_only,DT_target,raw,0.2,0.6470588235294118,66,102,0.6470588235294118
vt_h10_c1,87,answer_only,DT_target,density,0.05,0.16666666666666666,17,102,0.16666666666666666
vt_h10_c1,87,answer_only,DT_target,density,0.1,0.3235294117647059,33,102,0.3235294117647059
vt_h10_c1,87,answer_only,DT_target,density,0.2,0.6470588235294118,66,102,0.6470588235294118
vt_h10_c1,87,answer_only,FT_K1,raw,0.05,0.16666666666666666,17,102,0.16666666666666666
vt_h10_c1,87,answer_only,FT_K1,raw,0.1,0.3235294117647059,33,102,0.3235294117647059
vt_h10_c1,87,answer_only,FT_K1,raw,0.2,0.6470588235294118,66,102,0.6470588235294118
vt_h10_c1,87,answer_only,FT_K1,density,0.05,0.16666666666666666,17,102,0.16666666666666666
vt_h10_c1,87,answer_only,FT_K1,density,0.1,0.3235294117647059,33,102,0.3235294117647059
vt_h10_c1,87,answer_only,FT_K1,density,0.2,0.6470588235294118,66,102,0.6470588235294118
vt_h10_c1,87,answer_only,FT_K3,raw,0.05,0.16666666666666666,17,102,0.16666666666666666
vt_h10_c1,87,answer_only,FT_K3,raw,0.1,0.3235294117647059,33,102,0.3235294117647059
vt_h10_c1,87,answer_only,FT_K3,raw,0.2,0.6470588235294118,66,102,0.6470588235294118
vt_h10_c1,87,answer_only,FT_K3,density,0.05,0.16666666666666666,17,102,0.16666666666666666
vt_h10_c1,87,answer_only,FT_K3,density,0.1,0.3235294117647059,33,102,0.3235294117647059
vt_h10_c1,87,answer_only,FT_K3,density,0.2,0.6470588235294118,66,102,0.6470588235294118
vt_h10_c1,90,answer_only,DT_target,raw,0.05,0.17,17,100,0.17
vt_h10_c1,90,answer_only,DT_target,raw,0.1,0.33,33,100,0.33
vt_h10_c1,90,answer_only,DT_target,raw,0.2,0.66,66,100,0.66
vt_h10_c1,90,answer_only,DT_target,density,0.05,0.17,17,100,0.17
vt_h10_c1,90,answer_only,DT_target,density,0.1,0.33,33,100,0.33
vt_h10_c1,90,answer_only,DT_target,density,0.2,0.66,66,100,0.66
vt_h10_c1,90,answer_only,FT_K1,raw,0.05,0.17,17,100,0.17
vt_h10_c1,90,answer_only,FT_K1,raw,0.1,0.33,33,100,0.33
vt_h10_c1,90,answer_only,FT_K1,raw,0.2,0.66,66,100,0.66
vt_h10_c1,90,answer_only,FT_K1,density,0.05,0.17,17,100,0.17
vt_h10_c1,90,answer_only,FT_K1,density,0.1,0.33,33,100,0.33
vt_h10_c1,90,answer_only,FT_K1,density,0.2,0.66,66,100,0.66
vt_h10_c1,90,answer_only,FT_K3,raw,0.05,0.17,17,100,0.17
vt_h10_c1,90,answer_only,FT_K3,raw,0.1,0.33,33,100,0.33
vt_h10_c1,90,answer_only,FT_K3,raw,0.2,0.66,66,100,0.66
vt_h10_c1,90,answer_only,FT_K3,density,0.05,0.17,17,100,0.17
vt_h10_c1,90,answer_only,FT_K3,density,0.1,0.33,33,100,0.33
vt_h10_c1,90,answer_only,FT_K3,density,0.2,0.66,66,100,0.66
vt_h10_c1,97,answer_only,DT_target,raw,0.05,0.16666666666666666,17,102,0.16666666666666666
vt_h10_c1,97,answer_only,DT_target,raw,0.1,0.3235294117647059,33,102,0.3235294117647059
vt_h10_c1,97,answer_only,DT_target,raw,0.2,0.6470588235294118,66,102,0.6470588235294118
vt_h10_c1,97,answer_only,DT_target,density,0.05,0.16666666666666666,17,102,0.16666666666666666
vt_h10_c1,97,answer_only,DT_target,density,0.1,0.3235294117647059,33,102,0.3235294117647059
vt_h10_c1,97,answer_only,DT_target,density,0.2,0.6470588235294118,66,102,0.6470588235294118
vt_h10_c1,97,answer_only,FT_K1,raw,0.05,0.16666666666666666,17,102,0.16666666666666666
vt_h10_c1,97,answer_only,FT_K1,raw,0.1,0.3235294117647059,33,102,0.3235294117647059
vt_h10_c1,97,answer_only,FT_K1,raw,0.2,0.6470588235294118,66,102,0.6470588235294118
vt_h10_c1,97,answer_only,FT_K1,density,0.05,0.16666666666666666,17,102,0.16666666666666666
vt_h10_c1,97,answer_only,FT_K1,density,0.1,0.3235294117647059,33,102,0.3235294117647059
vt_h10_c1,97,answer_only,FT_K1,density,0.2,0.6470588235294118,66,102,0.6470588235294118
vt_h10_c1,97,answer_only,FT_K3,raw,0.05,0.16666666666666666,17,102,0.16666666666666666
vt_h10_c1,97,answer_only,FT_K3,raw,0.1,0.3235294117647059,33,102,0.3235294117647059
vt_h10_c1,97,answer_only,FT_K3,raw,0.2,0.6470588235294118,66,102,0.6470588235294118
vt_h10_c1,97,answer_only,FT_K3,density,0.05,0.16666666666666666,17,102,0.16666666666666666
vt_h10_c1,97,answer_only,FT_K3,density,0.1,0.3235294117647059,33,102,0.3235294117647059
vt_h10_c1,97,answer_only,FT_K3,density,0.2,0.6470588235294118,66,102,0.6470588235294118
hotpotqa_long,0,full,DT_original,raw,0.05,0.5151515151515151,138,66,1.0
hotpotqa_long,0,full,DT_original,raw,0.1,0.7272727272727273,275,66,1.0
hotpotqa_long,0,full,DT_original,raw,0.2,0.8333333333333334,550,66,1.0
hotpotqa_long,0,full,DT_original,density,0.05,1.0,138,66,1.0
hotpotqa_long,0,full,DT_original,density,0.1,1.0,275,66,1.0
hotpotqa_long,0,full,DT_original,density,0.2,1.0,550,66,1.0
hotpotqa_long,0,full,DT_target,raw,0.05,0.4090909090909091,138,66,1.0
hotpotqa_long,0,full,DT_target,raw,0.1,0.6666666666666666,275,66,1.0
hotpotqa_long,0,full,DT_target,raw,0.2,0.7424242424242424,550,66,1.0
hotpotqa_long,0,full,DT_target,density,0.05,1.0,138,66,1.0
hotpotqa_long,0,full,DT_target,density,0.1,1.0,275,66,1.0
hotpotqa_long,0,full,DT_target,density,0.2,1.0,550,66,1.0
hotpotqa_long,0,full,FT_K1,raw,0.05,0.6818181818181818,138,66,1.0
hotpotqa_long,0,full,FT_K1,raw,0.1,0.8939393939393939,275,66,1.0
hotpotqa_long,0,full,FT_K1,raw,0.2,0.9696969696969697,550,66,1.0
hotpotqa_long,0,full,FT_K1,density,0.05,0.9848484848484849,138,66,1.0
hotpotqa_long,0,full,FT_K1,density,0.1,1.0,275,66,1.0
hotpotqa_long,0,full,FT_K1,density,0.2,1.0,550,66,1.0
hotpotqa_long,0,full,FT_K3,raw,0.05,0.696969696969697,138,66,1.0
hotpotqa_long,0,full,FT_K3,raw,0.1,0.9090909090909091,275,66,1.0
hotpotqa_long,0,full,FT_K3,raw,0.2,0.9848484848484849,550,66,1.0
hotpotqa_long,0,full,FT_K3,density,0.05,0.9848484848484849,138,66,1.0
hotpotqa_long,0,full,FT_K3,density,0.1,1.0,275,66,1.0
hotpotqa_long,0,full,FT_K3,density,0.2,1.0,550,66,1.0
hotpotqa_long,1,full,DT_original,raw,0.05,0.32142857142857145,59,84,0.7023809523809523
hotpotqa_long,1,full,DT_original,raw,0.1,0.4642857142857143,117,84,1.0
hotpotqa_long,1,full,DT_original,raw,0.2,0.5476190476190477,234,84,1.0
hotpotqa_long,1,full,DT_original,density,0.05,0.5714285714285714,59,84,0.7023809523809523
hotpotqa_long,1,full,DT_original,density,0.1,0.5714285714285714,117,84,1.0
hotpotqa_long,1,full,DT_original,density,0.2,1.0,234,84,1.0
hotpotqa_long,1,full,DT_target,raw,0.05,0.3333333333333333,59,84,0.7023809523809523
hotpotqa_long,1,full,DT_target,raw,0.1,0.5595238095238095,117,84,1.0
hotpotqa_long,1,full,DT_target,raw,0.2,0.6309523809523809,234,84,1.0
hotpotqa_long,1,full,DT_target,density,0.05,0.5714285714285714,59,84,0.7023809523809523
hotpotqa_long,1,full,DT_target,density,0.1,0.6547619047619048,117,84,1.0
hotpotqa_long,1,full,DT_target,density,0.2,1.0,234,84,1.0
hotpotqa_long,1,full,FT_K1,raw,0.05,0.3333333333333333,59,84,0.7023809523809523
hotpotqa_long,1,full,FT_K1,raw,0.1,0.47619047619047616,117,84,1.0
hotpotqa_long,1,full,FT_K1,raw,0.2,0.6428571428571429,234,84,1.0
hotpotqa_long,1,full,FT_K1,density,0.05,0.5714285714285714,59,84,0.7023809523809523
hotpotqa_long,1,full,FT_K1,density,0.1,1.0,117,84,1.0
hotpotqa_long,1,full,FT_K1,density,0.2,1.0,234,84,1.0
hotpotqa_long,1,full,FT_K3,raw,0.05,0.34523809523809523,59,84,0.7023809523809523
hotpotqa_long,1,full,FT_K3,raw,0.1,0.47619047619047616,117,84,1.0
hotpotqa_long,1,full,FT_K3,raw,0.2,0.6547619047619048,234,84,1.0
hotpotqa_long,1,full,FT_K3,density,0.05,0.5714285714285714,59,84,0.7023809523809523
hotpotqa_long,1,full,FT_K3,density,0.1,1.0,117,84,1.0
hotpotqa_long,1,full,FT_K3,density,0.2,1.0,234,84,1.0
hotpotqa_long,3,full,DT_original,raw,0.05,0.2631578947368421,47,57,0.8245614035087719
hotpotqa_long,3,full,DT_original,raw,0.1,0.3508771929824561,93,57,1.0
hotpotqa_long,3,full,DT_original,raw,0.2,0.45614035087719296,185,57,1.0
hotpotqa_long,3,full,DT_original,density,0.05,0.543859649122807,47,57,0.8245614035087719
hotpotqa_long,3,full,DT_original,density,0.1,0.6140350877192983,93,57,1.0
hotpotqa_long,3,full,DT_original,density,0.2,0.9298245614035088,185,57,1.0
hotpotqa_long,3,full,DT_target,raw,0.05,0.2807017543859649,47,57,0.8245614035087719
hotpotqa_long,3,full,DT_target,raw,0.1,0.3684210526315789,93,57,1.0
hotpotqa_long,3,full,DT_target,raw,0.2,0.45614035087719296,185,57,1.0
hotpotqa_long,3,full,DT_target,density,0.05,0.543859649122807,47,57,0.8245614035087719
hotpotqa_long,3,full,DT_target,density,0.1,0.6140350877192983,93,57,1.0
hotpotqa_long,3,full,DT_target,density,0.2,0.9298245614035088,185,57,1.0
hotpotqa_long,3,full,FT_K1,raw,0.05,0.3157894736842105,47,57,0.8245614035087719
hotpotqa_long,3,full,FT_K1,raw,0.1,0.40350877192982454,93,57,1.0
hotpotqa_long,3,full,FT_K1,raw,0.2,0.47368421052631576,185,57,1.0
hotpotqa_long,3,full,FT_K1,density,0.05,0.543859649122807,47,57,0.8245614035087719
hotpotqa_long,3,full,FT_K1,density,0.1,0.5614035087719298,93,57,1.0
hotpotqa_long,3,full,FT_K1,density,0.2,0.5614035087719298,185,57,1.0
hotpotqa_long,3,full,FT_K3,raw,0.05,0.3157894736842105,47,57,0.8245614035087719
hotpotqa_long,3,full,FT_K3,raw,0.1,0.40350877192982454,93,57,1.0
hotpotqa_long,3,full,FT_K3,raw,0.2,0.45614035087719296,185,57,1.0
hotpotqa_long,3,full,FT_K3,density,0.05,0.543859649122807,47,57,0.8245614035087719
hotpotqa_long,3,full,FT_K3,density,0.1,0.543859649122807,93,57,1.0
hotpotqa_long,3,full,FT_K3,density,0.2,0.5614035087719298,185,57,1.0
hotpotqa_long,5,full,DT_original,raw,0.05,0.15789473684210525,83,114,0.7280701754385965
hotpotqa_long,5,full,DT_original,raw,0.1,0.21052631578947367,166,114,1.0
hotpotqa_long,5,full,DT_original,raw,0.2,0.2894736842105263,331,114,1.0
hotpotqa_long,5,full,DT_original,density,0.05,0.42105263157894735,83,114,0.7280701754385965
hotpotqa_long,5,full,DT_original,density,0.1,0.4298245614035088,166,114,1.0
hotpotqa_long,5,full,DT_original,density,0.2,0.4298245614035088,331,114,1.0
hotpotqa_long,5,full,DT_target,raw,0.05,0.13157894736842105,83,114,0.7280701754385965
hotpotqa_long,5,full,DT_target,raw,0.1,0.24561403508771928,166,114,1.0
hotpotqa_long,5,full,DT_target,raw,0.2,0.3508771929824561,331,114,1.0
hotpotqa_long,5,full,DT_target,density,0.05,0.42105263157894735,83,114,0.7280701754385965
hotpotqa_long,5,full,DT_target,density,0.1,0.42105263157894735,166,114,1.0
hotpotqa_long,5,full,DT_target,density,0.2,0.43859649122807015,331,114,1.0
hotpotqa_long,5,full,FT_K1,raw,0.05,0.21929824561403508,83,114,0.7280701754385965
hotpotqa_long,5,full,FT_K1,raw,0.1,0.2894736842105263,166,114,1.0
hotpotqa_long,5,full,FT_K1,raw,0.2,0.45614035087719296,331,114,1.0
hotpotqa_long,5,full,FT_K1,density,0.05,0.42105263157894735,83,114,0.7280701754385965
hotpotqa_long,5,full,FT_K1,density,0.1,0.4298245614035088,166,114,1.0
hotpotqa_long,5,full,FT_K1,density,0.2,0.43859649122807015,331,114,1.0
hotpotqa_long,5,full,FT_K3,raw,0.05,0.21929824561403508,83,114,0.7280701754385965
hotpotqa_long,5,full,FT_K3,raw,0.1,0.2719298245614035,166,114,1.0
hotpotqa_long,5,full,FT_K3,raw,0.2,0.45614035087719296,331,114,1.0
hotpotqa_long,5,full,FT_K3,density,0.05,0.42105263157894735,83,114,0.7280701754385965
hotpotqa_long,5,full,FT_K3,density,0.1,0.4298245614035088,166,114,1.0
hotpotqa_long,5,full,FT_K3,density,0.2,0.43859649122807015,331,114,1.0
hotpotqa_long,14,full,DT_original,raw,0.05,0.22058823529411764,63,68,0.9264705882352942
hotpotqa_long,14,full,DT_original,raw,0.1,0.35294117647058826,125,68,1.0
hotpotqa_long,14,full,DT_original,raw,0.2,0.4852941176470588,250,68,1.0
hotpotqa_long,14,full,DT_original,density,0.05,0.7205882352941176,63,68,0.9264705882352942
hotpotqa_long,14,full,DT_original,density,0.1,0.7205882352941176,125,68,1.0
hotpotqa_long,14,full,DT_original,density,0.2,0.7205882352941176,250,68,1.0
hotpotqa_long,14,full,DT_target,raw,0.05,0.23529411764705882,63,68,0.9264705882352942
hotpotqa_long,14,full,DT_target,raw,0.1,0.3382352941176471,125,68,1.0
hotpotqa_long,14,full,DT_target,raw,0.2,0.5,250,68,1.0
hotpotqa_long,14,full,DT_target,density,0.05,0.45588235294117646,63,68,0.9264705882352942
hotpotqa_long,14,full,DT_target,density,0.1,0.7205882352941176,125,68,1.0
hotpotqa_long,14,full,DT_target,density,0.2,0.7205882352941176,250,68,1.0
hotpotqa_long,14,full,FT_K1,raw,0.05,0.36764705882352944,63,68,0.9264705882352942
hotpotqa_long,14,full,FT_K1,raw,0.1,0.5,125,68,1.0
hotpotqa_long,14,full,FT_K1,raw,0.2,0.6764705882352942,250,68,1.0
hotpotqa_long,14,full,FT_K1,density,0.05,0.45588235294117646,63,68,0.9264705882352942
hotpotqa_long,14,full,FT_K1,density,0.1,0.7205882352941176,125,68,1.0
hotpotqa_long,14,full,FT_K1,density,0.2,1.0,250,68,1.0
hotpotqa_long,14,full,FT_K3,raw,0.05,0.36764705882352944,63,68,0.9264705882352942
hotpotqa_long,14,full,FT_K3,raw,0.1,0.5,125,68,1.0
hotpotqa_long,14,full,FT_K3,raw,0.2,0.6323529411764706,250,68,1.0
hotpotqa_long,14,full,FT_K3,density,0.05,0.45588235294117646,63,68,0.9264705882352942
hotpotqa_long,14,full,FT_K3,density,0.1,0.7205882352941176,125,68,1.0
hotpotqa_long,14,full,FT_K3,density,0.2,1.0,250,68,1.0
hotpotqa_long,16,full,DT_original,raw,0.05,0.24242424242424243,49,33,1.0
hotpotqa_long,16,full,DT_original,raw,0.1,0.48484848484848486,98,33,1.0
hotpotqa_long,16,full,DT_original,raw,0.2,0.8181818181818182,195,33,1.0
hotpotqa_long,16,full,DT_original,density,0.05,0.5757575757575758,49,33,1.0
hotpotqa_long,16,full,DT_original,density,0.1,0.8484848484848485,98,33,1.0
hotpotqa_long,16,full,DT_original,density,0.2,1.0,195,33,1.0
hotpotqa_long,16,full,DT_target,raw,0.05,0.24242424242424243,49,33,1.0
hotpotqa_long,16,full,DT_target,raw,0.1,0.48484848484848486,98,33,1.0
hotpotqa_long,16,full,DT_target,raw,0.2,0.7575757575757576,195,33,1.0
hotpotqa_long,16,full,DT_target,density,0.05,0.5757575757575758,49,33,1.0
hotpotqa_long,16,full,DT_target,density,0.1,0.8484848484848485,98,33,1.0
hotpotqa_long,16,full,DT_target,density,0.2,1.0,195,33,1.0
hotpotqa_long,16,full,FT_K1,raw,0.05,0.15151515151515152,49,33,1.0
hotpotqa_long,16,full,FT_K1,raw,0.1,0.3939393939393939,98,33,1.0
hotpotqa_long,16,full,FT_K1,raw,0.2,0.5151515151515151,195,33,1.0
hotpotqa_long,16,full,FT_K1,density,0.05,0.5757575757575758,49,33,1.0
hotpotqa_long,16,full,FT_K1,density,0.1,0.5757575757575758,98,33,1.0
hotpotqa_long,16,full,FT_K1,density,0.2,0.5757575757575758,195,33,1.0
hotpotqa_long,16,full,FT_K3,raw,0.05,0.15151515151515152,49,33,1.0
hotpotqa_long,16,full,FT_K3,raw,0.1,0.42424242424242425,98,33,1.0
hotpotqa_long,16,full,FT_K3,raw,0.2,0.5151515151515151,195,33,1.0
hotpotqa_long,16,full,FT_K3,density,0.05,0.5757575757575758,49,33,1.0
hotpotqa_long,16,full,FT_K3,density,0.1,0.5757575757575758,98,33,1.0
hotpotqa_long,16,full,FT_K3,density,0.2,0.5757575757575758,195,33,1.0
hotpotqa_long,26,full,DT_original,raw,0.05,0.14583333333333334,54,144,0.375
hotpotqa_long,26,full,DT_original,raw,0.1,0.2569444444444444,108,144,0.75
hotpotqa_long,26,full,DT_original,raw,0.2,0.4236111111111111,216,144,1.0
hotpotqa_long,26,full,DT_original,density,0.05,0.3402777777777778,54,144,0.375
hotpotqa_long,26,full,DT_original,density,0.1,0.5625,108,144,0.75
hotpotqa_long,26,full,DT_original,density,0.2,1.0,216,144,1.0
hotpotqa_long,26,full,DT_target,raw,0.05,0.14583333333333334,54,144,0.375
hotpotqa_long,26,full,DT_target,raw,0.1,0.24305555555555555,108,144,0.75
hotpotqa_long,26,full,DT_target,raw,0.2,0.4305555555555556,216,144,1.0
hotpotqa_long,26,full,DT_target,density,0.05,0.3402777777777778,54,144,0.375
hotpotqa_long,26,full,DT_target,density,0.1,0.6319444444444444,108,144,0.75
hotpotqa_long,26,full,DT_target,density,0.2,1.0,216,144,1.0
hotpotqa_long,26,full,FT_K1,raw,0.05,0.2222222222222222,54,144,0.375
hotpotqa_long,26,full,FT_K1,raw,0.1,0.3194444444444444,108,144,0.75
hotpotqa_long,26,full,FT_K1,raw,0.2,0.4236111111111111,216,144,1.0
hotpotqa_long,26,full,FT_K1,density,0.05,0.3680555555555556,54,144,0.375
hotpotqa_long,26,full,FT_K1,density,0.1,0.7083333333333334,108,144,0.75
hotpotqa_long,26,full,FT_K1,density,0.2,1.0,216,144,1.0
hotpotqa_long,26,full,FT_K3,raw,0.05,0.2222222222222222,54,144,0.375
hotpotqa_long,26,full,FT_K3,raw,0.1,0.3055555555555556,108,144,0.75
hotpotqa_long,26,full,FT_K3,raw,0.2,0.4236111111111111,216,144,1.0
hotpotqa_long,26,full,FT_K3,density,0.05,0.3680555555555556,54,144,0.375
hotpotqa_long,26,full,FT_K3,density,0.1,0.7083333333333334,108,144,0.75
hotpotqa_long,26,full,FT_K3,density,0.2,1.0,216,144,1.0
hotpotqa_long,28,full,DT_original,raw,0.05,0.1360544217687075,49,147,0.3333333333333333
hotpotqa_long,28,full,DT_original,raw,0.1,0.19727891156462585,98,147,0.6666666666666666
hotpotqa_long,28,full,DT_original,raw,0.2,0.3129251700680272,195,147,1.0
hotpotqa_long,28,full,DT_original,density,0.05,0.12244897959183673,49,147,0.3333333333333333
hotpotqa_long,28,full,DT_original,density,0.1,0.3945578231292517,98,147,0.6666666666666666
hotpotqa_long,28,full,DT_original,density,0.2,0.8299319727891157,195,147,1.0
hotpotqa_long,28,full,DT_target,raw,0.05,0.11564625850340136,49,147,0.3333333333333333
hotpotqa_long,28,full,DT_target,raw,0.1,0.20408163265306123,98,147,0.6666666666666666
hotpotqa_long,28,full,DT_target,raw,0.2,0.38095238095238093,195,147,1.0
hotpotqa_long,28,full,DT_target,density,0.05,0.1360544217687075,49,147,0.3333333333333333
hotpotqa_long,28,full,DT_target,density,0.1,0.3945578231292517,98,147,0.6666666666666666
hotpotqa_long,28,full,DT_target,density,0.2,0.8299319727891157,195,147,1.0
hotpotqa_long,28,full,FT_K1,raw,0.05,0.14285714285714285,49,147,0.3333333333333333
hotpotqa_long,28,full,FT_K1,raw,0.1,0.17687074829931973,98,147,0.6666666666666666
hotpotqa_long,28,full,FT_K1,raw,0.2,0.2585034013605442,195,147,1.0
hotpotqa_long,28,full,FT_K1,density,0.05,0.12244897959183673,49,147,0.3333333333333333
hotpotqa_long,28,full,FT_K1,density,0.1,0.12244897959183673,98,147,0.6666666666666666
hotpotqa_long,28,full,FT_K1,density,0.2,0.12244897959183673,195,147,1.0
hotpotqa_long,28,full,FT_K3,raw,0.05,0.14285714285714285,49,147,0.3333333333333333
hotpotqa_long,28,full,FT_K3,raw,0.1,0.17006802721088435,98,147,0.6666666666666666
hotpotqa_long,28,full,FT_K3,raw,0.2,0.25170068027210885,195,147,1.0
hotpotqa_long,28,full,FT_K3,density,0.05,0.12244897959183673,49,147,0.3333333333333333
hotpotqa_long,28,full,FT_K3,density,0.1,0.12244897959183673,98,147,0.6666666666666666
hotpotqa_long,28,full,FT_K3,density,0.2,0.12244897959183673,195,147,1.0
hotpotqa_long,29,full,DT_original,raw,0.05,0.20930232558139536,45,86,0.5232558139534884
hotpotqa_long,29,full,DT_original,raw,0.1,0.36046511627906974,89,86,1.0
hotpotqa_long,29,full,DT_original,raw,0.2,0.5697674418604651,178,86,1.0
hotpotqa_long,29,full,DT_original,density,0.05,0.45348837209302323,45,86,0.5232558139534884
hotpotqa_long,29,full,DT_original,density,0.1,0.8953488372093024,89,86,1.0
hotpotqa_long,29,full,DT_original,density,0.2,0.9069767441860465,178,86,1.0
hotpotqa_long,29,full,DT_target,raw,0.05,0.20930232558139536,45,86,0.5232558139534884
hotpotqa_long,29,full,DT_target,raw,0.1,0.37209302325581395,89,86,1.0
hotpotqa_long,29,full,DT_target,raw,0.2,0.5930232558139535,178,86,1.0
hotpotqa_long,29,full,DT_target,density,0.05,0.4186046511627907,45,86,0.5232558139534884
hotpotqa_long,29,full,DT_target,density,0.1,0.8953488372093024,89,86,1.0
hotpotqa_long,29,full,DT_target,density,0.2,0.8953488372093024,178,86,1.0
hotpotqa_long,29,full,FT_K1,raw,0.05,0.1744186046511628,45,86,0.5232558139534884
hotpotqa_long,29,full,FT_K1,raw,0.1,0.22093023255813954,89,86,1.0
hotpotqa_long,29,full,FT_K1,raw,0.2,0.3372093023255814,178,86,1.0
hotpotqa_long,29,full,FT_K1,density,0.05,0.20930232558139536,45,86,0.5232558139534884
hotpotqa_long,29,full,FT_K1,density,0.1,0.5581395348837209,89,86,1.0
hotpotqa_long,29,full,FT_K1,density,0.2,0.7325581395348837,178,86,1.0
hotpotqa_long,29,full,FT_K3,raw,0.05,0.18604651162790697,45,86,0.5232558139534884
hotpotqa_long,29,full,FT_K3,raw,0.1,0.22093023255813954,89,86,1.0
hotpotqa_long,29,full,FT_K3,raw,0.2,0.32558139534883723,178,86,1.0
hotpotqa_long,29,full,FT_K3,density,0.05,0.20930232558139536,45,86,0.5232558139534884
hotpotqa_long,29,full,FT_K3,density,0.1,0.5581395348837209,89,86,1.0
hotpotqa_long,29,full,FT_K3,density,0.2,0.7325581395348837,178,86,1.0
hotpotqa_long,30,full,DT_original,raw,0.05,0.28846153846153844,63,52,1.0
hotpotqa_long,30,full,DT_original,raw,0.1,0.28846153846153844,125,52,1.0
hotpotqa_long,30,full,DT_original,raw,0.2,0.3269230769230769,250,52,1.0
hotpotqa_long,30,full,DT_original,density,0.05,0.28846153846153844,63,52,1.0
hotpotqa_long,30,full,DT_original,density,0.1,1.0,125,52,1.0
hotpotqa_long,30,full,DT_original,density,0.2,1.0,250,52,1.0
hotpotqa_long,30,full,DT_target,raw,0.05,0.28846153846153844,63,52,1.0
hotpotqa_long,30,full,DT_target,raw,0.1,0.3076923076923077,125,52,1.0
hotpotqa_long,30,full,DT_target,raw,0.2,0.34615384615384615,250,52,1.0
hotpotqa_long,30,full,DT_target,density,0.05,0.28846153846153844,63,52,1.0
hotpotqa_long,30,full,DT_target,density,0.1,1.0,125,52,1.0
hotpotqa_long,30,full,DT_target,density,0.2,1.0,250,52,1.0
hotpotqa_long,30,full,FT_K1,raw,0.05,0.4423076923076923,63,52,1.0
hotpotqa_long,30,full,FT_K1,raw,0.1,0.5769230769230769,125,52,1.0
hotpotqa_long,30,full,FT_K1,raw,0.2,0.6346153846153846,250,52,1.0
hotpotqa_long,30,full,FT_K1,density,0.05,0.28846153846153844,63,52,1.0
hotpotqa_long,30,full,FT_K1,density,0.1,0.5769230769230769,125,52,1.0
hotpotqa_long,30,full,FT_K1,density,0.2,1.0,250,52,1.0
hotpotqa_long,30,full,FT_K3,raw,0.05,0.4423076923076923,63,52,1.0
hotpotqa_long,30,full,FT_K3,raw,0.1,0.5769230769230769,125,52,1.0
hotpotqa_long,30,full,FT_K3,raw,0.2,0.6538461538461539,250,52,1.0
hotpotqa_long,30,full,FT_K3,density,0.05,0.28846153846153844,63,52,1.0
hotpotqa_long,30,full,FT_K3,density,0.1,0.5769230769230769,125,52,1.0
hotpotqa_long,30,full,FT_K3,density,0.2,1.0,250,52,1.0
hotpotqa_long,31,full,DT_original,raw,0.05,0.17543859649122806,86,57,1.0
hotpotqa_long,31,full,DT_original,raw,0.1,0.3333333333333333,171,57,1.0
hotpotqa_long,31,full,DT_original,raw,0.2,0.40350877192982454,342,57,1.0
hotpotqa_long,31,full,DT_original,density,0.05,0.9824561403508771,86,57,1.0
hotpotqa_long,31,full,DT_original,density,0.1,0.9824561403508771,171,57,1.0
hotpotqa_long,31,full,DT_original,density,0.2,0.9824561403508771,342,57,1.0
hotpotqa_long,31,full,DT_target,raw,0.05,0.19298245614035087,86,57,1.0
hotpotqa_long,31,full,DT_target,raw,0.1,0.3508771929824561,171,57,1.0
hotpotqa_long,31,full,DT_target,raw,0.2,0.43859649122807015,342,57,1.0
hotpotqa_long,31,full,DT_target,density,0.05,0.9824561403508771,86,57,1.0
hotpotqa_long,31,full,DT_target,density,0.1,0.9824561403508771,171,57,1.0
hotpotqa_long,31,full,DT_target,density,0.2,0.9824561403508771,342,57,1.0
hotpotqa_long,31,full,FT_K1,raw,0.05,0.3157894736842105,86,57,1.0
hotpotqa_long,31,full,FT_K1,raw,0.1,0.40350877192982454,171,57,1.0
hotpotqa_long,31,full,FT_K1,raw,0.2,0.5614035087719298,342,57,1.0
hotpotqa_long,31,full,FT_K1,density,0.05,0.3684210526315789,86,57,1.0
hotpotqa_long,31,full,FT_K1,density,0.1,0.9824561403508771,171,57,1.0
hotpotqa_long,31,full,FT_K1,density,0.2,0.9824561403508771,342,57,1.0
hotpotqa_long,31,full,FT_K3,raw,0.05,0.3157894736842105,86,57,1.0
hotpotqa_long,31,full,FT_K3,raw,0.1,0.42105263157894735,171,57,1.0
hotpotqa_long,31,full,FT_K3,raw,0.2,0.5614035087719298,342,57,1.0
hotpotqa_long,31,full,FT_K3,density,0.05,0.5263157894736842,86,57,1.0
hotpotqa_long,31,full,FT_K3,density,0.1,0.9824561403508771,171,57,1.0
hotpotqa_long,31,full,FT_K3,density,0.2,0.9824561403508771,342,57,1.0
hotpotqa_long,38,full,DT_original,raw,0.05,0.39473684210526316,62,76,0.8157894736842105
hotpotqa_long,38,full,DT_original,raw,0.1,0.5131578947368421,123,76,1.0
hotpotqa_long,38,full,DT_original,raw,0.2,0.6973684210526315,245,76,1.0
hotpotqa_long,38,full,DT_original,density,0.05,0.7368421052631579,62,76,0.8157894736842105
hotpotqa_long,38,full,DT_original,density,0.1,0.881578947368421,123,76,1.0
hotpotqa_long,38,full,DT_original,density,0.2,1.0,245,76,1.0
hotpotqa_long,38,full,DT_target,raw,0.05,0.40789473684210525,62,76,0.8157894736842105
hotpotqa_long,38,full,DT_target,raw,0.1,0.5394736842105263,123,76,1.0
hotpotqa_long,38,full,DT_target,raw,0.2,0.6973684210526315,245,76,1.0
hotpotqa_long,38,full,DT_target,density,0.05,0.7368421052631579,62,76,0.8157894736842105
hotpotqa_long,38,full,DT_target,density,0.1,0.881578947368421,123,76,1.0
hotpotqa_long,38,full,DT_target,density,0.2,1.0,245,76,1.0
hotpotqa_long,38,full,FT_K1,raw,0.05,0.34210526315789475,62,76,0.8157894736842105
hotpotqa_long,38,full,FT_K1,raw,0.1,0.4473684210526316,123,76,1.0
hotpotqa_long,38,full,FT_K1,raw,0.2,0.6447368421052632,245,76,1.0
hotpotqa_long,38,full,FT_K1,density,0.05,0.6710526315789473,62,76,0.8157894736842105
hotpotqa_long,38,full,FT_K1,density,0.1,0.881578947368421,123,76,1.0
hotpotqa_long,38,full,FT_K1,density,0.2,0.881578947368421,245,76,1.0
hotpotqa_long,38,full,FT_K3,raw,0.05,0.35526315789473684,62,76,0.8157894736842105
hotpotqa_long,38,full,FT_K3,raw,0.1,0.4473684210526316,123,76,1.0
hotpotqa_long,38,full,FT_K3,raw,0.2,0.6052631578947368,245,76,1.0
hotpotqa_long,38,full,FT_K3,density,0.05,0.6710526315789473,62,76,0.8157894736842105
hotpotqa_long,38,full,FT_K3,density,0.1,0.881578947368421,123,76,1.0
hotpotqa_long,38,full,FT_K3,density,0.2,0.881578947368421,245,76,1.0
hotpotqa_long,41,full,DT_original,raw,0.05,0.2077922077922078,44,77,0.5714285714285714
hotpotqa_long,41,full,DT_original,raw,0.1,0.38961038961038963,87,77,1.0
hotpotqa_long,41,full,DT_original,raw,0.2,0.5064935064935064,173,77,1.0
hotpotqa_long,41,full,DT_original,density,0.05,0.36363636363636365,44,77,0.5714285714285714
hotpotqa_long,41,full,DT_original,density,0.1,0.5194805194805194,87,77,1.0
hotpotqa_long,41,full,DT_original,density,0.2,0.5324675324675324,173,77,1.0
hotpotqa_long,41,full,DT_target,raw,0.05,0.2077922077922078,44,77,0.5714285714285714
hotpotqa_long,41,full,DT_target,raw,0.1,0.36363636363636365,87,77,1.0
hotpotqa_long,41,full,DT_target,raw,0.2,0.5454545454545454,173,77,1.0
hotpotqa_long,41,full,DT_target,density,0.05,0.36363636363636365,44,77,0.5714285714285714
hotpotqa_long,41,full,DT_target,density,0.1,0.5194805194805194,87,77,1.0
hotpotqa_long,41,full,DT_target,density,0.2,0.5324675324675324,173,77,1.0
hotpotqa_long,41,full,FT_K1,raw,0.05,0.2597402597402597,44,77,0.5714285714285714
hotpotqa_long,41,full,FT_K1,raw,0.1,0.4155844155844156,87,77,1.0
hotpotqa_long,41,full,FT_K1,raw,0.2,0.5584415584415584,173,77,1.0
hotpotqa_long,41,full,FT_K1,density,0.05,0.38961038961038963,44,77,0.5714285714285714
hotpotqa_long,41,full,FT_K1,density,0.1,0.5194805194805194,87,77,1.0
hotpotqa_long,41,full,FT_K1,density,0.2,0.5194805194805194,173,77,1.0
hotpotqa_long,41,full,FT_K3,raw,0.05,0.2597402597402597,44,77,0.5714285714285714
hotpotqa_long,41,full,FT_K3,raw,0.1,0.4155844155844156,87,77,1.0
hotpotqa_long,41,full,FT_K3,raw,0.2,0.5454545454545454,173,77,1.0
hotpotqa_long,41,full,FT_K3,density,0.05,0.38961038961038963,44,77,0.5714285714285714
hotpotqa_long,41,full,FT_K3,density,0.1,0.5194805194805194,87,77,1.0
hotpotqa_long,41,full,FT_K3,density,0.2,0.5194805194805194,173,77,1.0
hotpotqa_long,43,full,DT_original,raw,0.05,0.38095238095238093,62,84,0.7380952380952381
hotpotqa_long,43,full,DT_original,raw,0.1,0.5714285714285714,123,84,1.0
hotpotqa_long,43,full,DT_original,raw,0.2,0.6666666666666666,245,84,1.0
hotpotqa_long,43,full,DT_original,density,0.05,0.5476190476190477,62,84,0.7380952380952381
hotpotqa_long,43,full,DT_original,density,0.1,0.9880952380952381,123,84,1.0
hotpotqa_long,43,full,DT_original,density,0.2,1.0,245,84,1.0
hotpotqa_long,43,full,DT_target,raw,0.05,0.4166666666666667,62,84,0.7380952380952381
hotpotqa_long,43,full,DT_target,raw,0.1,0.5952380952380952,123,84,1.0
hotpotqa_long,43,full,DT_target,raw,0.2,0.7023809523809523,245,84,1.0
hotpotqa_long,43,full,DT_target,density,0.05,0.5833333333333334,62,84,0.7380952380952381
hotpotqa_long,43,full,DT_target,density,0.1,0.9880952380952381,123,84,1.0
hotpotqa_long,43,full,DT_target,density,0.2,1.0,245,84,1.0
hotpotqa_long,43,full,FT_K1,raw,0.05,0.38095238095238093,62,84,0.7380952380952381
hotpotqa_long,43,full,FT_K1,raw,0.1,0.5476190476190477,123,84,1.0
hotpotqa_long,43,full,FT_K1,raw,0.2,0.6309523809523809,245,84,1.0
hotpotqa_long,43,full,FT_K1,density,0.05,0.5119047619047619,62,84,0.7380952380952381
hotpotqa_long,43,full,FT_K1,density,0.1,0.9880952380952381,123,84,1.0
hotpotqa_long,43,full,FT_K1,density,0.2,0.9880952380952381,245,84,1.0
hotpotqa_long,43,full,FT_K3,raw,0.05,0.36904761904761907,62,84,0.7380952380952381
hotpotqa_long,43,full,FT_K3,raw,0.1,0.5476190476190477,123,84,1.0
hotpotqa_long,43,full,FT_K3,raw,0.2,0.6309523809523809,245,84,1.0
hotpotqa_long,43,full,FT_K3,density,0.05,0.5119047619047619,62,84,0.7380952380952381
hotpotqa_long,43,full,FT_K3,density,0.1,0.9880952380952381,123,84,1.0
hotpotqa_long,43,full,FT_K3,density,0.2,0.9880952380952381,245,84,1.0
hotpotqa_long,44,full,DT_original,raw,0.05,0.31521739130434784,42,92,0.45652173913043476
hotpotqa_long,44,full,DT_original,raw,0.1,0.4673913043478261,83,92,0.9021739130434783
hotpotqa_long,44,full,DT_original,raw,0.2,0.5543478260869565,166,92,1.0
hotpotqa_long,44,full,DT_original,density,0.05,0.16304347826086957,42,92,0.45652173913043476
hotpotqa_long,44,full,DT_original,density,0.1,0.5978260869565217,83,92,0.9021739130434783
hotpotqa_long,44,full,DT_original,density,0.2,1.0,166,92,1.0
hotpotqa_long,44,full,DT_target,raw,0.05,0.33695652173913043,42,92,0.45652173913043476
hotpotqa_long,44,full,DT_target,raw,0.1,0.4782608695652174,83,92,0.9021739130434783
hotpotqa_long,44,full,DT_target,raw,0.2,0.5652173913043478,166,92,1.0
hotpotqa_long,44,full,DT_target,density,0.05,0.16304347826086957,42,92,0.45652173913043476
hotpotqa_long,44,full,DT_target,density,0.1,0.5978260869565217,83,92,0.9021739130434783
hotpotqa_long,44,full,DT_target,density,0.2,1.0,166,92,1.0
hotpotqa_long,44,full,FT_K1,raw,0.05,0.29347826086956524,42,92,0.45652173913043476
hotpotqa_long,44,full,FT_K1,raw,0.1,0.5434782608695652,83,92,0.9021739130434783
hotpotqa_long,44,full,FT_K1,raw,0.2,0.7934782608695652,166,92,1.0
hotpotqa_long,44,full,FT_K1,density,0.05,0.34782608695652173,42,92,0.45652173913043476
hotpotqa_long,44,full,FT_K1,density,0.1,0.5543478260869565,83,92,0.9021739130434783
hotpotqa_long,44,full,FT_K1,density,0.2,1.0,166,92,1.0
hotpotqa_long,44,full,FT_K3,raw,0.05,0.2826086956521739,42,92,0.45652173913043476
hotpotqa_long,44,full,FT_K3,raw,0.1,0.5543478260869565,83,92,0.9021739130434783
hotpotqa_long,44,full,FT_K3,raw,0.2,0.782608695652174,166,92,1.0
hotpotqa_long,44,full,FT_K3,density,0.05,0.358695652173913,42,92,0.45652173913043476
hotpotqa_long,44,full,FT_K3,density,0.1,0.5543478260869565,83,92,0.9021739130434783
hotpotqa_long,44,full,FT_K3,density,0.2,1.0,166,92,1.0
hotpotqa_long,46,full,DT_original,raw,0.05,0.25862068965517243,65,58,1.0
hotpotqa_long,46,full,DT_original,raw,0.1,0.3620689655172414,130,58,1.0
hotpotqa_long,46,full,DT_original,raw,0.2,0.5344827586206896,260,58,1.0
hotpotqa_long,46,full,DT_original,density,0.05,0.5344827586206896,65,58,1.0
hotpotqa_long,46,full,DT_original,density,0.1,1.0,130,58,1.0
hotpotqa_long,46,full,DT_original,density,0.2,1.0,260,58,1.0
hotpotqa_long,46,full,DT_target,raw,0.05,0.22413793103448276,65,58,1.0
hotpotqa_long,46,full,DT_target,raw,0.1,0.29310344827586204,130,58,1.0
hotpotqa_long,46,full,DT_target,raw,0.2,0.5172413793103449,260,58,1.0
hotpotqa_long,46,full,DT_target,density,0.05,0.0,65,58,1.0
hotpotqa_long,46,full,DT_target,density,0.1,1.0,130,58,1.0
hotpotqa_long,46,full,DT_target,density,0.2,1.0,260,58,1.0
hotpotqa_long,46,full,FT_K1,raw,0.05,0.27586206896551724,65,58,1.0
hotpotqa_long,46,full,FT_K1,raw,0.1,0.3275862068965517,130,58,1.0
hotpotqa_long,46,full,FT_K1,raw,0.2,0.5517241379310345,260,58,1.0
hotpotqa_long,46,full,FT_K1,density,0.05,0.5689655172413793,65,58,1.0
hotpotqa_long,46,full,FT_K1,density,0.1,0.9137931034482759,130,58,1.0
hotpotqa_long,46,full,FT_K1,density,0.2,1.0,260,58,1.0
hotpotqa_long,46,full,FT_K3,raw,0.05,0.27586206896551724,65,58,1.0
hotpotqa_long,46,full,FT_K3,raw,0.1,0.3448275862068966,130,58,1.0
hotpotqa_long,46,full,FT_K3,raw,0.2,0.5517241379310345,260,58,1.0
hotpotqa_long,46,full,FT_K3,density,0.05,0.5689655172413793,65,58,1.0
hotpotqa_long,46,full,FT_K3,density,0.1,0.9137931034482759,130,58,1.0
hotpotqa_long,46,full,FT_K3,density,0.2,1.0,260,58,1.0
