dataset,index,method,recall,recall_metric,recall_fraction,recall_budget_unit,recall_target_mode,recall_input_sha256,recovery_attribution_seconds
vt_h2_c3,0,DT,0.6538461538461539,token_recall,0.1,eligible_body_tokens,answer_only,55e9ad16a26cd474bc86dcbfb1333a4234a898e69c34ecc641e4631ccfd628a2,11.849377825856209
vt_h2_c3,0,FT_K1,0.46153846153846156,token_recall,0.1,eligible_body_tokens,answer_only,55e9ad16a26cd474bc86dcbfb1333a4234a898e69c34ecc641e4631ccfd628a2,0.870686762034893
vt_h2_c3,0,ifr-tokenwise,0.7692307692307693,token_recall,0.1,eligible_body_tokens,answer_only,55e9ad16a26cd474bc86dcbfb1333a4234a898e69c34ecc641e4631ccfd628a2,4.410914413630962
vt_h2_c3,0,FT_K3,0.46153846153846156,token_recall,0.1,eligible_body_tokens,answer_only,55e9ad16a26cd474bc86dcbfb1333a4234a898e69c34ecc641e4631ccfd628a2,4.279514834284782
vt_h2_c3,1,DT,0.7407407407407407,token_recall,0.1,eligible_body_tokens,answer_only,3d28ea6063b0e19ac1fa8895fb3330e566c75832ccc8321df6c18a426e5d7897,1.203135684132576
vt_h2_c3,1,FT_K1,0.7407407407407407,token_recall,0.1,eligible_body_tokens,answer_only,3d28ea6063b0e19ac1fa8895fb3330e566c75832ccc8321df6c18a426e5d7897,0.6754446476697922
vt_h2_c3,1,ifr-tokenwise,0.7777777777777778,token_recall,0.1,eligible_body_tokens,answer_only,3d28ea6063b0e19ac1fa8895fb3330e566c75832ccc8321df6c18a426e5d7897,4.234119188040495
vt_h2_c3,1,FT_K3,0.7407407407407407,token_recall,0.1,eligible_body_tokens,answer_only,3d28ea6063b0e19ac1fa8895fb3330e566c75832ccc8321df6c18a426e5d7897,3.8160366602241993
vt_h2_c3,2,DT,0.8275862068965517,token_recall,0.1,eligible_body_tokens,answer_only,c6fd3785c98877e6f3b0a63c3762031fae71625ea8ec4edf5618e2b4652e2c72,1.210876502096653
vt_h2_c3,2,FT_K1,0.6896551724137931,token_recall,0.1,eligible_body_tokens,answer_only,c6fd3785c98877e6f3b0a63c3762031fae71625ea8ec4edf5618e2b4652e2c72,0.8403653539717197
vt_h2_c3,2,ifr-tokenwise,0.7931034482758621,token_recall,0.1,eligible_body_tokens,answer_only,c6fd3785c98877e6f3b0a63c3762031fae71625ea8ec4edf5618e2b4652e2c72,4.536245860159397
vt_h2_c3,2,FT_K3,0.6896551724137931,token_recall,0.1,eligible_body_tokens,answer_only,c6fd3785c98877e6f3b0a63c3762031fae71625ea8ec4edf5618e2b4652e2c72,1.173035617917776
vt_h2_c3,3,DT,0.7777777777777778,token_recall,0.1,eligible_body_tokens,answer_only,22c81996966d6cc2973f64bcf7c53c019509c6aaed0459f2e13a73f366d436ff,1.2056859396398067
vt_h2_c3,3,FT_K1,0.8148148148148148,token_recall,0.1,eligible_body_tokens,answer_only,22c81996966d6cc2973f64bcf7c53c019509c6aaed0459f2e13a73f366d436ff,0.6910299845039845
vt_h2_c3,3,ifr-tokenwise,0.8518518518518519,token_recall,0.1,eligible_body_tokens,answer_only,22c81996966d6cc2973f64bcf7c53c019509c6aaed0459f2e13a73f366d436ff,4.306198816746473
vt_h2_c3,3,FT_K3,0.8148148148148148,token_recall,0.1,eligible_body_tokens,answer_only,22c81996966d6cc2973f64bcf7c53c019509c6aaed0459f2e13a73f366d436ff,3.8511051945388317
vt_h2_c3,4,DT,0.8666666666666667,token_recall,0.1,eligible_body_tokens,answer_only,a80c5bab2a57b6659710381449c0d373a945d0dcf9e56ef9db38e8ad5cd7ea0c,1.2086494155228138
vt_h2_c3,4,FT_K1,0.6333333333333333,token_recall,0.1,eligible_body_tokens,answer_only,a80c5bab2a57b6659710381449c0d373a945d0dcf9e56ef9db38e8ad5cd7ea0c,0.7646682374179363
vt_h2_c3,4,ifr-tokenwise,0.7333333333333333,token_recall,0.1,eligible_body_tokens,answer_only,a80c5bab2a57b6659710381449c0d373a945d0dcf9e56ef9db38e8ad5cd7ea0c,4.516792539507151
vt_h2_c3,4,FT_K3,0.6333333333333333,token_recall,0.1,eligible_body_tokens,answer_only,a80c5bab2a57b6659710381449c0d373a945d0dcf9e56ef9db38e8ad5cd7ea0c,3.9581721611320972
vt_h2_c3,5,DT,0.8333333333333334,token_recall,0.1,eligible_body_tokens,answer_only,04f54d9e17d1fba2a4a1119279bf46afba86ff00a91bd4667fa7682dc6e2a6d1,1.2272233814001083
vt_h2_c3,5,FT_K1,0.7333333333333333,token_recall,0.1,eligible_body_tokens,answer_only,04f54d9e17d1fba2a4a1119279bf46afba86ff00a91bd4667fa7682dc6e2a6d1,0.7817677818238735
vt_h2_c3,5,ifr-tokenwise,0.7333333333333333,token_recall,0.1,eligible_body_tokens,answer_only,04f54d9e17d1fba2a4a1119279bf46afba86ff00a91bd4667fa7682dc6e2a6d1,4.574968606233597
vt_h2_c3,5,FT_K3,0.7333333333333333,token_recall,0.1,eligible_body_tokens,answer_only,04f54d9e17d1fba2a4a1119279bf46afba86ff00a91bd4667fa7682dc6e2a6d1,4.062334310263395
vt_h2_c3,6,DT,0.8275862068965517,token_recall,0.1,eligible_body_tokens,answer_only,19d4022c3d06d8358f8eea4f2fc684591a1588e897a834e2982d21c0cd2da2e6,4.087520312517881
vt_h2_c3,6,FT_K1,0.7931034482758621,token_recall,0.1,eligible_body_tokens,answer_only,19d4022c3d06d8358f8eea4f2fc684591a1588e897a834e2982d21c0cd2da2e6,0.6651386022567749
vt_h2_c3,6,ifr-tokenwise,0.8275862068965517,token_recall,0.1,eligible_body_tokens,answer_only,19d4022c3d06d8358f8eea4f2fc684591a1588e897a834e2982d21c0cd2da2e6,4.438236691057682
vt_h2_c3,6,FT_K3,0.7931034482758621,token_recall,0.1,eligible_body_tokens,answer_only,19d4022c3d06d8358f8eea4f2fc684591a1588e897a834e2982d21c0cd2da2e6,17.17357738688588
vt_h2_c3,7,DT,0.8571428571428571,token_recall,0.1,eligible_body_tokens,answer_only,0567cc6787810ab023d9b82765ec3a1c0d26997741e4f2dc510e817db91912ca,1.1961752697825432
vt_h2_c3,7,FT_K1,0.6071428571428571,token_recall,0.1,eligible_body_tokens,answer_only,0567cc6787810ab023d9b82765ec3a1c0d26997741e4f2dc510e817db91912ca,0.6365347392857075
vt_h2_c3,7,ifr-tokenwise,0.7857142857142857,token_recall,0.1,eligible_body_tokens,answer_only,0567cc6787810ab023d9b82765ec3a1c0d26997741e4f2dc510e817db91912ca,4.2954430021345615
vt_h2_c3,7,FT_K3,0.6071428571428571,token_recall,0.1,eligible_body_tokens,answer_only,0567cc6787810ab023d9b82765ec3a1c0d26997741e4f2dc510e817db91912ca,0.9727187342941761
vt_h2_c3,8,DT,0.8064516129032258,token_recall,0.1,eligible_body_tokens,answer_only,fa2d14e8ed572109c2a57bf8d78b8e153394e966785b700b707be04f76c2c15b,3.7983184680342674
vt_h2_c3,8,FT_K1,0.6451612903225806,token_recall,0.1,eligible_body_tokens,answer_only,fa2d14e8ed572109c2a57bf8d78b8e153394e966785b700b707be04f76c2c15b,0.8185506127774715
vt_h2_c3,8,ifr-tokenwise,0.7741935483870968,token_recall,0.1,eligible_body_tokens,answer_only,fa2d14e8ed572109c2a57bf8d78b8e153394e966785b700b707be04f76c2c15b,4.708289880305529
vt_h2_c3,8,FT_K3,0.6451612903225806,token_recall,0.1,eligible_body_tokens,answer_only,fa2d14e8ed572109c2a57bf8d78b8e153394e966785b700b707be04f76c2c15b,20.343289125710726
vt_h2_c3,9,DT,0.6785714285714286,token_recall,0.1,eligible_body_tokens,answer_only,e4b7b40fe9e3dcf69b03afaaa79a255b654918f79f2bbffdc935e2bcd972d55d,1.1978077851235867
vt_h2_c3,9,FT_K1,0.6785714285714286,token_recall,0.1,eligible_body_tokens,answer_only,e4b7b40fe9e3dcf69b03afaaa79a255b654918f79f2bbffdc935e2bcd972d55d,0.8269585445523262
vt_h2_c3,9,ifr-tokenwise,0.7857142857142857,token_recall,0.1,eligible_body_tokens,answer_only,e4b7b40fe9e3dcf69b03afaaa79a255b654918f79f2bbffdc935e2bcd972d55d,4.494072332978249
vt_h2_c3,9,FT_K3,0.6785714285714286,token_recall,0.1,eligible_body_tokens,answer_only,e4b7b40fe9e3dcf69b03afaaa79a255b654918f79f2bbffdc935e2bcd972d55d,4.104793284088373
vt_h2_c3,10,DT,0.7777777777777778,token_recall,0.1,eligible_body_tokens,answer_only,700bbc81c33c51829c99668498b240c83da503bda158b250364a40b12b02b4fc,1.1931439116597176
vt_h2_c3,10,FT_K1,0.7777777777777778,token_recall,0.1,eligible_body_tokens,answer_only,700bbc81c33c51829c99668498b240c83da503bda158b250364a40b12b02b4fc,0.8140716254711151
vt_h2_c3,10,ifr-tokenwise,0.8148148148148148,token_recall,0.1,eligible_body_tokens,answer_only,700bbc81c33c51829c99668498b240c83da503bda158b250364a40b12b02b4fc,4.417610444128513
vt_h2_c3,10,FT_K3,0.7777777777777778,token_recall,0.1,eligible_body_tokens,answer_only,700bbc81c33c51829c99668498b240c83da503bda158b250364a40b12b02b4fc,1.1640745624899864
vt_h2_c3,11,DT,0.875,token_recall,0.1,eligible_body_tokens,answer_only,0c2492979680fc92ba0b2e1ea376365e92b72f23d20060768b5658ca06410104,1.2267965152859688
vt_h2_c3,11,FT_K1,0.65625,token_recall,0.1,eligible_body_tokens,answer_only,0c2492979680fc92ba0b2e1ea376365e92b72f23d20060768b5658ca06410104,0.7547997795045376
vt_h2_c3,11,ifr-tokenwise,0.78125,token_recall,0.1,eligible_body_tokens,answer_only,0c2492979680fc92ba0b2e1ea376365e92b72f23d20060768b5658ca06410104,4.646914094686508
vt_h2_c3,11,FT_K3,0.65625,token_recall,0.1,eligible_body_tokens,answer_only,0c2492979680fc92ba0b2e1ea376365e92b72f23d20060768b5658ca06410104,1.1077104695141315
vt_h2_c3,12,DT,0.7241379310344828,token_recall,0.1,eligible_body_tokens,answer_only,031e68b3b0c5c3b7ac86245f344d66df929efe7b8e7f9c6511b1bdececce7a38,1.2357158362865448
vt_h2_c3,12,FT_K1,0.5517241379310345,token_recall,0.1,eligible_body_tokens,answer_only,031e68b3b0c5c3b7ac86245f344d66df929efe7b8e7f9c6511b1bdececce7a38,0.8717075549066067
vt_h2_c3,12,ifr-tokenwise,0.7241379310344828,token_recall,0.1,eligible_body_tokens,answer_only,031e68b3b0c5c3b7ac86245f344d66df929efe7b8e7f9c6511b1bdececce7a38,4.662587825208902
vt_h2_c3,12,FT_K3,0.5517241379310345,token_recall,0.1,eligible_body_tokens,answer_only,031e68b3b0c5c3b7ac86245f344d66df929efe7b8e7f9c6511b1bdececce7a38,4.245767209678888
vt_h2_c3,13,DT,0.8214285714285714,token_recall,0.1,eligible_body_tokens,answer_only,5211d38cba65d1b819e9dd5d4ed8cb40ab5b703960cf82ede504fbeaad459309,1.2241449765861034
vt_h2_c3,13,FT_K1,0.6428571428571429,token_recall,0.1,eligible_body_tokens,answer_only,5211d38cba65d1b819e9dd5d4ed8cb40ab5b703960cf82ede504fbeaad459309,0.7717155404388905
vt_h2_c3,13,ifr-tokenwise,0.75,token_recall,0.1,eligible_body_tokens,answer_only,5211d38cba65d1b819e9dd5d4ed8cb40ab5b703960cf82ede504fbeaad459309,4.438466943800449
vt_h2_c3,13,FT_K3,0.6428571428571429,token_recall,0.1,eligible_body_tokens,answer_only,5211d38cba65d1b819e9dd5d4ed8cb40ab5b703960cf82ede504fbeaad459309,3.9825659841299057
vt_h2_c3,14,DT,0.7857142857142857,token_recall,0.1,eligible_body_tokens,answer_only,e26a921e2a232b358f1257dee671a13c472ced266210a456700b5a80aad1e8af,1.2414389550685883
vt_h2_c3,14,FT_K1,0.6071428571428571,token_recall,0.1,eligible_body_tokens,answer_only,e26a921e2a232b358f1257dee671a13c472ced266210a456700b5a80aad1e8af,0.8621051870286465
vt_h2_c3,14,ifr-tokenwise,0.75,token_recall,0.1,eligible_body_tokens,answer_only,e26a921e2a232b358f1257dee671a13c472ced266210a456700b5a80aad1e8af,4.540708422660828
vt_h2_c3,14,FT_K3,0.6071428571428571,token_recall,0.1,eligible_body_tokens,answer_only,e26a921e2a232b358f1257dee671a13c472ced266210a456700b5a80aad1e8af,4.173039212822914
vt_h2_c3,15,DT,0.7666666666666667,token_recall,0.1,eligible_body_tokens,answer_only,6ac354349925237b690f8869b196eba65fd36e41a64ad1d0c4d6fb1d5630f2c3,1.2197924368083477
vt_h2_c3,15,FT_K1,0.6,token_recall,0.1,eligible_body_tokens,answer_only,6ac354349925237b690f8869b196eba65fd36e41a64ad1d0c4d6fb1d5630f2c3,0.8408625423908234
vt_h2_c3,15,ifr-tokenwise,0.7333333333333333,token_recall,0.1,eligible_body_tokens,answer_only,6ac354349925237b690f8869b196eba65fd36e41a64ad1d0c4d6fb1d5630f2c3,4.634386658668518
vt_h2_c3,15,FT_K3,0.6,token_recall,0.1,eligible_body_tokens,answer_only,6ac354349925237b690f8869b196eba65fd36e41a64ad1d0c4d6fb1d5630f2c3,1.186209563165903
vt_h2_c3,16,DT,0.6551724137931034,token_recall,0.1,eligible_body_tokens,answer_only,57c187b06d134cd3d6dc72a779f85946bd405cb7b36864dc9c81e7dc1c2b5926,1.2186750806868076
vt_h2_c3,16,FT_K1,0.6896551724137931,token_recall,0.1,eligible_body_tokens,answer_only,57c187b06d134cd3d6dc72a779f85946bd405cb7b36864dc9c81e7dc1c2b5926,0.6908230744302273
vt_h2_c3,16,ifr-tokenwise,0.7586206896551724,token_recall,0.1,eligible_body_tokens,answer_only,57c187b06d134cd3d6dc72a779f85946bd405cb7b36864dc9c81e7dc1c2b5926,4.47438995167613
vt_h2_c3,16,FT_K3,0.6896551724137931,token_recall,0.1,eligible_body_tokens,answer_only,57c187b06d134cd3d6dc72a779f85946bd405cb7b36864dc9c81e7dc1c2b5926,1.0075178854167461
vt_h2_c3,17,DT,0.7586206896551724,token_recall,0.1,eligible_body_tokens,answer_only,64edb7482aeef90843c74522d36b2771fbde002a9f16efb0387734769864f9ec,1.2196783758699894
vt_h2_c3,17,FT_K1,0.6896551724137931,token_recall,0.1,eligible_body_tokens,answer_only,64edb7482aeef90843c74522d36b2771fbde002a9f16efb0387734769864f9ec,0.8059360049664974
vt_h2_c3,17,ifr-tokenwise,0.7586206896551724,token_recall,0.1,eligible_body_tokens,answer_only,64edb7482aeef90843c74522d36b2771fbde002a9f16efb0387734769864f9ec,4.721800599247217
vt_h2_c3,17,FT_K3,0.6896551724137931,token_recall,0.1,eligible_body_tokens,answer_only,64edb7482aeef90843c74522d36b2771fbde002a9f16efb0387734769864f9ec,1.1539998464286327
vt_h2_c3,18,DT,0.8928571428571429,token_recall,0.1,eligible_body_tokens,answer_only,afdd6902fe4497878996b6254fc2a44adf862c4a81a6d9373b166470ffc1edc1,1.2429671101272106
vt_h2_c3,18,FT_K1,0.6785714285714286,token_recall,0.1,eligible_body_tokens,answer_only,afdd6902fe4497878996b6254fc2a44adf862c4a81a6d9373b166470ffc1edc1,0.8747802153229713
vt_h2_c3,18,ifr-tokenwise,0.75,token_recall,0.1,eligible_body_tokens,answer_only,afdd6902fe4497878996b6254fc2a44adf862c4a81a6d9373b166470ffc1edc1,4.562386989593506
vt_h2_c3,18,FT_K3,0.6785714285714286,token_recall,0.1,eligible_body_tokens,answer_only,afdd6902fe4497878996b6254fc2a44adf862c4a81a6d9373b166470ffc1edc1,1.252632662653923
vt_h2_c3,19,DT,0.896551724137931,token_recall,0.1,eligible_body_tokens,answer_only,860fe21cf8b194c0eaa7d1e998ad4f6081fb1eaf294fe2ab0feaaab0aafe526e,1.2492416761815548
vt_h2_c3,19,FT_K1,0.7241379310344828,token_recall,0.1,eligible_body_tokens,answer_only,860fe21cf8b194c0eaa7d1e998ad4f6081fb1eaf294fe2ab0feaaab0aafe526e,0.7670471593737602
vt_h2_c3,19,ifr-tokenwise,0.7586206896551724,token_recall,0.1,eligible_body_tokens,answer_only,860fe21cf8b194c0eaa7d1e998ad4f6081fb1eaf294fe2ab0feaaab0aafe526e,4.581549368798733
vt_h2_c3,19,FT_K3,0.7241379310344828,token_recall,0.1,eligible_body_tokens,answer_only,860fe21cf8b194c0eaa7d1e998ad4f6081fb1eaf294fe2ab0feaaab0aafe526e,1.1473996490240097
vt_h2_c3,20,DT,0.8214285714285714,token_recall,0.1,eligible_body_tokens,answer_only,cfbfcd055bdd6bb835532d076eeb71db59776bf234ff66d1741b52494e139959,1.2446730583906174
vt_h2_c3,20,FT_K1,0.7142857142857143,token_recall,0.1,eligible_body_tokens,answer_only,cfbfcd055bdd6bb835532d076eeb71db59776bf234ff66d1741b52494e139959,0.7159065715968609
vt_h2_c3,20,ifr-tokenwise,0.7857142857142857,token_recall,0.1,eligible_body_tokens,answer_only,cfbfcd055bdd6bb835532d076eeb71db59776bf234ff66d1741b52494e139959,4.384016625583172
vt_h2_c3,20,FT_K3,0.7142857142857143,token_recall,0.1,eligible_body_tokens,answer_only,cfbfcd055bdd6bb835532d076eeb71db59776bf234ff66d1741b52494e139959,3.8638321608304977
vt_h2_c3,21,DT,0.76,token_recall,0.1,eligible_body_tokens,answer_only,e050e5618fa166c1a7774313ee7da021c3f0c5ed4253269b347ea8c8b59e3ad8,1.2597024850547314
vt_h2_c3,21,FT_K1,0.6,token_recall,0.1,eligible_body_tokens,answer_only,e050e5618fa166c1a7774313ee7da021c3f0c5ed4253269b347ea8c8b59e3ad8,0.896579135209322
vt_h2_c3,21,ifr-tokenwise,0.72,token_recall,0.1,eligible_body_tokens,answer_only,e050e5618fa166c1a7774313ee7da021c3f0c5ed4253269b347ea8c8b59e3ad8,4.3399377427995205
vt_h2_c3,21,FT_K3,0.6,token_recall,0.1,eligible_body_tokens,answer_only,e050e5618fa166c1a7774313ee7da021c3f0c5ed4253269b347ea8c8b59e3ad8,1.2680500447750092
vt_h2_c3,22,DT,0.8333333333333334,token_recall,0.1,eligible_body_tokens,answer_only,1f6d0a7aeaf7a31faca6fa08e2b9ed38db39bca9b4f07c3477ec745d356a60a8,1.196109127253294
vt_h2_c3,22,FT_K1,0.7333333333333333,token_recall,0.1,eligible_body_tokens,answer_only,1f6d0a7aeaf7a31faca6fa08e2b9ed38db39bca9b4f07c3477ec745d356a60a8,0.8216532282531261
vt_h2_c3,22,ifr-tokenwise,0.7666666666666667,token_recall,0.1,eligible_body_tokens,answer_only,1f6d0a7aeaf7a31faca6fa08e2b9ed38db39bca9b4f07c3477ec745d356a60a8,4.5803527273237705
vt_h2_c3,22,FT_K3,0.7333333333333333,token_recall,0.1,eligible_body_tokens,answer_only,1f6d0a7aeaf7a31faca6fa08e2b9ed38db39bca9b4f07c3477ec745d356a60a8,1.1696264147758484
vt_h2_c3,23,DT,0.8,token_recall,0.1,eligible_body_tokens,answer_only,59675127624854b6a7435f7f5fa0eaa17b7370919f76f94c83c128a593508114,1.1968696601688862
vt_h2_c3,23,FT_K1,0.7333333333333333,token_recall,0.1,eligible_body_tokens,answer_only,59675127624854b6a7435f7f5fa0eaa17b7370919f76f94c83c128a593508114,0.8128906898200512
vt_h2_c3,23,ifr-tokenwise,0.8333333333333334,token_recall,0.1,eligible_body_tokens,answer_only,59675127624854b6a7435f7f5fa0eaa17b7370919f76f94c83c128a593508114,4.603134136646986
vt_h2_c3,23,FT_K3,0.7333333333333333,token_recall,0.1,eligible_body_tokens,answer_only,59675127624854b6a7435f7f5fa0eaa17b7370919f76f94c83c128a593508114,1.1560200117528439
vt_h2_c3,24,DT,0.8333333333333334,token_recall,0.1,eligible_body_tokens,answer_only,d7c457aea06d46336c1c5765bb85e77f46cf28c9f7028451a343bf9643321b4b,1.2103620320558548
vt_h2_c3,24,FT_K1,0.6,token_recall,0.1,eligible_body_tokens,answer_only,d7c457aea06d46336c1c5765bb85e77f46cf28c9f7028451a343bf9643321b4b,0.8136975131928921
vt_h2_c3,24,ifr-tokenwise,0.7666666666666667,token_recall,0.1,eligible_body_tokens,answer_only,d7c457aea06d46336c1c5765bb85e77f46cf28c9f7028451a343bf9643321b4b,4.593069415539503
vt_h2_c3,24,FT_K3,0.6,token_recall,0.1,eligible_body_tokens,answer_only,d7c457aea06d46336c1c5765bb85e77f46cf28c9f7028451a343bf9643321b4b,1.1587391160428524
vt_h2_c3,25,DT,0.6666666666666666,token_recall,0.1,eligible_body_tokens,answer_only,20de9ba7d32a4723a46a1edc87e49fe14c4ee011ae4f851cdb9fb0b1aef6c23b,1.197629563510418
vt_h2_c3,25,FT_K1,0.5925925925925926,token_recall,0.1,eligible_body_tokens,answer_only,20de9ba7d32a4723a46a1edc87e49fe14c4ee011ae4f851cdb9fb0b1aef6c23b,0.8156504109501839
vt_h2_c3,25,ifr-tokenwise,0.7037037037037037,token_recall,0.1,eligible_body_tokens,answer_only,20de9ba7d32a4723a46a1edc87e49fe14c4ee011ae4f851cdb9fb0b1aef6c23b,4.499166999012232
vt_h2_c3,25,FT_K3,0.5925925925925926,token_recall,0.1,eligible_body_tokens,answer_only,20de9ba7d32a4723a46a1edc87e49fe14c4ee011ae4f851cdb9fb0b1aef6c23b,1.1547221057116985
vt_h2_c3,26,DT,0.9285714285714286,token_recall,0.1,eligible_body_tokens,answer_only,64a5bce5edbe3421967caba70c2e90cbef28d5059663a25a737e8099a0ceb569,1.195654071867466
vt_h2_c3,26,FT_K1,0.7857142857142857,token_recall,0.1,eligible_body_tokens,answer_only,64a5bce5edbe3421967caba70c2e90cbef28d5059663a25a737e8099a0ceb569,0.818573210388422
vt_h2_c3,26,ifr-tokenwise,0.8214285714285714,token_recall,0.1,eligible_body_tokens,answer_only,64a5bce5edbe3421967caba70c2e90cbef28d5059663a25a737e8099a0ceb569,4.510066341608763
vt_h2_c3,26,FT_K3,0.7857142857142857,token_recall,0.1,eligible_body_tokens,answer_only,64a5bce5edbe3421967caba70c2e90cbef28d5059663a25a737e8099a0ceb569,1.1538676396012306
vt_h2_c3,27,DT,0.896551724137931,token_recall,0.1,eligible_body_tokens,answer_only,2c6fba699fd108c405e673a540cd0109b804eb5be179fbbb1b1755c9fa132985,1.2272142730653286
vt_h2_c3,27,FT_K1,0.6206896551724138,token_recall,0.1,eligible_body_tokens,answer_only,2c6fba699fd108c405e673a540cd0109b804eb5be179fbbb1b1755c9fa132985,0.8376113213598728
vt_h2_c3,27,ifr-tokenwise,0.7241379310344828,token_recall,0.1,eligible_body_tokens,answer_only,2c6fba699fd108c405e673a540cd0109b804eb5be179fbbb1b1755c9fa132985,4.646616384387016
vt_h2_c3,27,FT_K3,0.6206896551724138,token_recall,0.1,eligible_body_tokens,answer_only,2c6fba699fd108c405e673a540cd0109b804eb5be179fbbb1b1755c9fa132985,1.1768645644187927
vt_h2_c3,28,DT,0.8846153846153846,token_recall,0.1,eligible_body_tokens,answer_only,0e6adac674a81da45fcb35eafa0bd2d3af92deb83973d1e201dd129256bcc5ff,1.194577407091856
vt_h2_c3,28,FT_K1,0.7692307692307693,token_recall,0.1,eligible_body_tokens,answer_only,0e6adac674a81da45fcb35eafa0bd2d3af92deb83973d1e201dd129256bcc5ff,0.6613250263035297
vt_h2_c3,28,ifr-tokenwise,0.8076923076923077,token_recall,0.1,eligible_body_tokens,answer_only,0e6adac674a81da45fcb35eafa0bd2d3af92deb83973d1e201dd129256bcc5ff,4.247614026069641
vt_h2_c3,28,FT_K3,0.7692307692307693,token_recall,0.1,eligible_body_tokens,answer_only,0e6adac674a81da45fcb35eafa0bd2d3af92deb83973d1e201dd129256bcc5ff,0.9982613697648048
vt_h2_c3,29,DT,0.8148148148148148,token_recall,0.1,eligible_body_tokens,answer_only,0a71f5d96090d2693ff8efb3d6382b84974b8bb2013f72d7fe36a1d4a3ffe1e3,1.2048990465700626
vt_h2_c3,29,FT_K1,0.5185185185185185,token_recall,0.1,eligible_body_tokens,answer_only,0a71f5d96090d2693ff8efb3d6382b84974b8bb2013f72d7fe36a1d4a3ffe1e3,0.7143759988248348
vt_h2_c3,29,ifr-tokenwise,0.7407407407407407,token_recall,0.1,eligible_body_tokens,answer_only,0a71f5d96090d2693ff8efb3d6382b84974b8bb2013f72d7fe36a1d4a3ffe1e3,4.310401279479265
vt_h2_c3,29,FT_K3,0.5185185185185185,token_recall,0.1,eligible_body_tokens,answer_only,0a71f5d96090d2693ff8efb3d6382b84974b8bb2013f72d7fe36a1d4a3ffe1e3,1.038853157311678
vt_h2_c3,30,DT,0.8214285714285714,token_recall,0.1,eligible_body_tokens,answer_only,803e736f26d218652b5d9eff031a9bf3467214eb518f4822e5e3d0aa83919be0,1.1958594992756844
vt_h2_c3,30,FT_K1,0.6785714285714286,token_recall,0.1,eligible_body_tokens,answer_only,803e736f26d218652b5d9eff031a9bf3467214eb518f4822e5e3d0aa83919be0,0.813313540071249
vt_h2_c3,30,ifr-tokenwise,0.7857142857142857,token_recall,0.1,eligible_body_tokens,answer_only,803e736f26d218652b5d9eff031a9bf3467214eb518f4822e5e3d0aa83919be0,4.504875313490629
vt_h2_c3,30,FT_K3,0.6785714285714286,token_recall,0.1,eligible_body_tokens,answer_only,803e736f26d218652b5d9eff031a9bf3467214eb518f4822e5e3d0aa83919be0,1.1677002720534801
vt_h2_c3,31,DT,0.8333333333333334,token_recall,0.1,eligible_body_tokens,answer_only,4ba2ce918aedd95ad97fb78a14824bda3341d0ce5d8cb8c10dcf7f1b0a4cef4b,1.2239817902445793
vt_h2_c3,31,FT_K1,0.6333333333333333,token_recall,0.1,eligible_body_tokens,answer_only,4ba2ce918aedd95ad97fb78a14824bda3341d0ce5d8cb8c10dcf7f1b0a4cef4b,0.8332123570144176
vt_h2_c3,31,ifr-tokenwise,0.8,token_recall,0.1,eligible_body_tokens,answer_only,4ba2ce918aedd95ad97fb78a14824bda3341d0ce5d8cb8c10dcf7f1b0a4cef4b,4.659772455692291
vt_h2_c3,31,FT_K3,0.6333333333333333,token_recall,0.1,eligible_body_tokens,answer_only,4ba2ce918aedd95ad97fb78a14824bda3341d0ce5d8cb8c10dcf7f1b0a4cef4b,20.501152507960796
vt_h2_c3,32,DT,0.7,token_recall,0.1,eligible_body_tokens,answer_only,1e54bf67c6c779ba51599cf71fb211b0a8a0eda88048e79e0ec2f2604009e54f,1.2311536148190498
vt_h2_c3,32,FT_K1,0.6333333333333333,token_recall,0.1,eligible_body_tokens,answer_only,1e54bf67c6c779ba51599cf71fb211b0a8a0eda88048e79e0ec2f2604009e54f,0.8394141383469105
vt_h2_c3,32,ifr-tokenwise,0.7666666666666667,token_recall,0.1,eligible_body_tokens,answer_only,1e54bf67c6c779ba51599cf71fb211b0a8a0eda88048e79e0ec2f2604009e54f,4.661154713481665
vt_h2_c3,32,FT_K3,0.6333333333333333,token_recall,0.1,eligible_body_tokens,answer_only,1e54bf67c6c779ba51599cf71fb211b0a8a0eda88048e79e0ec2f2604009e54f,1.1937976032495499
vt_h2_c3,33,DT,0.8275862068965517,token_recall,0.1,eligible_body_tokens,answer_only,255d669cb7ac4b84f691c726671a9bf3ae78a379a0e9c3407dafd2a6ce999d1b,1.193852487951517
vt_h2_c3,33,FT_K1,0.6896551724137931,token_recall,0.1,eligible_body_tokens,answer_only,255d669cb7ac4b84f691c726671a9bf3ae78a379a0e9c3407dafd2a6ce999d1b,0.6631443351507187
vt_h2_c3,33,ifr-tokenwise,0.7586206896551724,token_recall,0.1,eligible_body_tokens,answer_only,255d669cb7ac4b84f691c726671a9bf3ae78a379a0e9c3407dafd2a6ce999d1b,4.451423026621342
vt_h2_c3,33,FT_K3,0.6896551724137931,token_recall,0.1,eligible_body_tokens,answer_only,255d669cb7ac4b84f691c726671a9bf3ae78a379a0e9c3407dafd2a6ce999d1b,0.9965538755059242
vt_h2_c3,34,DT,0.8076923076923077,token_recall,0.1,eligible_body_tokens,answer_only,9778c1edc6229ad287d7222e6aae16b4f105903217dba4561bad56b88f6cf86e,1.2017671130597591
vt_h2_c3,34,FT_K1,0.7692307692307693,token_recall,0.1,eligible_body_tokens,answer_only,9778c1edc6229ad287d7222e6aae16b4f105903217dba4561bad56b88f6cf86e,0.7524599358439445
vt_h2_c3,34,ifr-tokenwise,0.8846153846153846,token_recall,0.1,eligible_body_tokens,answer_only,9778c1edc6229ad287d7222e6aae16b4f105903217dba4561bad56b88f6cf86e,4.333889305591583
vt_h2_c3,34,FT_K3,0.7692307692307693,token_recall,0.1,eligible_body_tokens,answer_only,9778c1edc6229ad287d7222e6aae16b4f105903217dba4561bad56b88f6cf86e,1.130955658853054
vt_h2_c3,35,DT,0.7666666666666667,token_recall,0.1,eligible_body_tokens,answer_only,d77e14aa5fb2540f186f77352aae222df816cee03746a82a15a2e0336a51e45d,1.2069337330758572
vt_h2_c3,35,FT_K1,0.6,token_recall,0.1,eligible_body_tokens,answer_only,d77e14aa5fb2540f186f77352aae222df816cee03746a82a15a2e0336a51e45d,0.8570306971669197
vt_h2_c3,35,ifr-tokenwise,0.7333333333333333,token_recall,0.1,eligible_body_tokens,answer_only,d77e14aa5fb2540f186f77352aae222df816cee03746a82a15a2e0336a51e45d,4.621729239821434
vt_h2_c3,35,FT_K3,0.6,token_recall,0.1,eligible_body_tokens,answer_only,d77e14aa5fb2540f186f77352aae222df816cee03746a82a15a2e0336a51e45d,20.3918895162642
vt_h2_c3,36,DT,0.8214285714285714,token_recall,0.1,eligible_body_tokens,answer_only,8e57d5658ff96b9d086d4e6413881f14ebb832d8fc4426927a8824706cab49d7,1.2534831203520298
vt_h2_c3,36,FT_K1,0.7142857142857143,token_recall,0.1,eligible_body_tokens,answer_only,8e57d5658ff96b9d086d4e6413881f14ebb832d8fc4426927a8824706cab49d7,0.7676671370863914
vt_h2_c3,36,ifr-tokenwise,0.7857142857142857,token_recall,0.1,eligible_body_tokens,answer_only,8e57d5658ff96b9d086d4e6413881f14ebb832d8fc4426927a8824706cab49d7,4.449504218995571
vt_h2_c3,36,FT_K3,0.7142857142857143,token_recall,0.1,eligible_body_tokens,answer_only,8e57d5658ff96b9d086d4e6413881f14ebb832d8fc4426927a8824706cab49d7,1.1545639373362064
vt_h2_c3,37,DT,0.7419354838709677,token_recall,0.1,eligible_body_tokens,answer_only,7fe068e4460773e6cc09d08a7ddca1ecd980941c1919e4a64fb58697f3780678,1.2556581497192383
vt_h2_c3,37,FT_K1,0.6129032258064516,token_recall,0.1,eligible_body_tokens,answer_only,7fe068e4460773e6cc09d08a7ddca1ecd980941c1919e4a64fb58697f3780678,0.7041171379387379
vt_h2_c3,37,ifr-tokenwise,0.7096774193548387,token_recall,0.1,eligible_body_tokens,answer_only,7fe068e4460773e6cc09d08a7ddca1ecd980941c1919e4a64fb58697f3780678,4.578501649200916
vt_h2_c3,37,FT_K3,0.6129032258064516,token_recall,0.1,eligible_body_tokens,answer_only,7fe068e4460773e6cc09d08a7ddca1ecd980941c1919e4a64fb58697f3780678,17.337950512766838
vt_h2_c3,38,DT,0.75,token_recall,0.1,eligible_body_tokens,answer_only,1a51a39b055b76a4c80f3dd81c4d5c12e5eaea517a191f23f4c0363788ee967c,1.1944533288478851
vt_h2_c3,38,FT_K1,0.5714285714285714,token_recall,0.1,eligible_body_tokens,answer_only,1a51a39b055b76a4c80f3dd81c4d5c12e5eaea517a191f23f4c0363788ee967c,0.665744923055172
vt_h2_c3,38,ifr-tokenwise,0.7142857142857143,token_recall,0.1,eligible_body_tokens,answer_only,1a51a39b055b76a4c80f3dd81c4d5c12e5eaea517a191f23f4c0363788ee967c,4.340334802865982
vt_h2_c3,38,FT_K3,0.5714285714285714,token_recall,0.1,eligible_body_tokens,answer_only,1a51a39b055b76a4c80f3dd81c4d5c12e5eaea517a191f23f4c0363788ee967c,0.9996328987181187
vt_h2_c3,39,DT,0.8928571428571429,token_recall,0.1,eligible_body_tokens,answer_only,8c108a89f18cf807cbd5651bd7ed2f88895184f54b8c19fce2985e86f6f72376,1.2024911008775234
vt_h2_c3,39,FT_K1,0.75,token_recall,0.1,eligible_body_tokens,answer_only,8c108a89f18cf807cbd5651bd7ed2f88895184f54b8c19fce2985e86f6f72376,0.6744645349681377
vt_h2_c3,39,ifr-tokenwise,0.8214285714285714,token_recall,0.1,eligible_body_tokens,answer_only,8c108a89f18cf807cbd5651bd7ed2f88895184f54b8c19fce2985e86f6f72376,4.333715829998255
vt_h2_c3,39,FT_K3,0.75,token_recall,0.1,eligible_body_tokens,answer_only,8c108a89f18cf807cbd5651bd7ed2f88895184f54b8c19fce2985e86f6f72376,0.9956862926483154
vt_h2_c3,40,DT,0.7931034482758621,token_recall,0.1,eligible_body_tokens,answer_only,05198521dea0f90cb6453d76cb0e65831f3051cea5dd08169b83c9bb66106547,1.2607509791851044
vt_h2_c3,40,FT_K1,0.7241379310344828,token_recall,0.1,eligible_body_tokens,answer_only,05198521dea0f90cb6453d76cb0e65831f3051cea5dd08169b83c9bb66106547,0.7422409579157829
vt_h2_c3,40,ifr-tokenwise,0.7586206896551724,token_recall,0.1,eligible_body_tokens,answer_only,05198521dea0f90cb6453d76cb0e65831f3051cea5dd08169b83c9bb66106547,4.558502841740847
vt_h2_c3,40,FT_K3,0.7241379310344828,token_recall,0.1,eligible_body_tokens,answer_only,05198521dea0f90cb6453d76cb0e65831f3051cea5dd08169b83c9bb66106547,3.991145543754101
vt_h2_c3,41,DT,0.65625,token_recall,0.1,eligible_body_tokens,answer_only,f569749fcbed61348b41d532a648e63de16250347f693f21bbea75b5c549a22b,1.1911907717585564
vt_h2_c3,41,FT_K1,0.65625,token_recall,0.1,eligible_body_tokens,answer_only,f569749fcbed61348b41d532a648e63de16250347f693f21bbea75b5c549a22b,0.8128901869058609
vt_h2_c3,41,ifr-tokenwise,0.75,token_recall,0.1,eligible_body_tokens,answer_only,f569749fcbed61348b41d532a648e63de16250347f693f21bbea75b5c549a22b,4.692484602332115
vt_h2_c3,41,FT_K3,0.65625,token_recall,0.1,eligible_body_tokens,answer_only,f569749fcbed61348b41d532a648e63de16250347f693f21bbea75b5c549a22b,1.1523167341947556
vt_h2_c3,42,DT,0.8928571428571429,token_recall,0.1,eligible_body_tokens,answer_only,05164979cd763ae93ea28cc1ff003785042502a65b6e79602b4f9358b3bcc71c,1.1989243924617767
vt_h2_c3,42,FT_K1,0.75,token_recall,0.1,eligible_body_tokens,answer_only,05164979cd763ae93ea28cc1ff003785042502a65b6e79602b4f9358b3bcc71c,0.6738656684756279
vt_h2_c3,42,ifr-tokenwise,0.7857142857142857,token_recall,0.1,eligible_body_tokens,answer_only,05164979cd763ae93ea28cc1ff003785042502a65b6e79602b4f9358b3bcc71c,4.432975430041552
vt_h2_c3,42,FT_K3,0.75,token_recall,0.1,eligible_body_tokens,answer_only,05164979cd763ae93ea28cc1ff003785042502a65b6e79602b4f9358b3bcc71c,1.0021868161857128
vt_h2_c3,43,DT,0.8,token_recall,0.1,eligible_body_tokens,answer_only,5abc95533bc1fb0e17ffa322d8ed4b8c44cd4d01c528219d7478c51d86f7a5d2,1.2319857701659203
vt_h2_c3,43,FT_K1,0.6,token_recall,0.1,eligible_body_tokens,answer_only,5abc95533bc1fb0e17ffa322d8ed4b8c44cd4d01c528219d7478c51d86f7a5d2,0.7684398405253887
vt_h2_c3,43,ifr-tokenwise,0.7333333333333333,token_recall,0.1,eligible_body_tokens,answer_only,5abc95533bc1fb0e17ffa322d8ed4b8c44cd4d01c528219d7478c51d86f7a5d2,4.5467687882483006
vt_h2_c3,43,FT_K3,0.6,token_recall,0.1,eligible_body_tokens,answer_only,5abc95533bc1fb0e17ffa322d8ed4b8c44cd4d01c528219d7478c51d86f7a5d2,1.106748141348362
vt_h2_c3,44,DT,0.7419354838709677,token_recall,0.1,eligible_body_tokens,answer_only,6bf0c6cd7384cb0a654294dfa39b779fa09d232727be50580bb6fc2045e23d7f,1.2373691909015179
vt_h2_c3,44,FT_K1,0.6774193548387096,token_recall,0.1,eligible_body_tokens,answer_only,6bf0c6cd7384cb0a654294dfa39b779fa09d232727be50580bb6fc2045e23d7f,0.8295799270272255
vt_h2_c3,44,ifr-tokenwise,0.7419354838709677,token_recall,0.1,eligible_body_tokens,answer_only,6bf0c6cd7384cb0a654294dfa39b779fa09d232727be50580bb6fc2045e23d7f,4.7140369936823845
vt_h2_c3,44,FT_K3,0.6774193548387096,token_recall,0.1,eligible_body_tokens,answer_only,6bf0c6cd7384cb0a654294dfa39b779fa09d232727be50580bb6fc2045e23d7f,1.1790941692888737
vt_h2_c3,45,DT,0.9,token_recall,0.1,eligible_body_tokens,answer_only,3ee4550750d48e8a0240cc2c07f8a45a4df1a2fa48fbc704dd1d705fc8378734,1.2270468175411224
vt_h2_c3,45,FT_K1,0.7666666666666667,token_recall,0.1,eligible_body_tokens,answer_only,3ee4550750d48e8a0240cc2c07f8a45a4df1a2fa48fbc704dd1d705fc8378734,0.8070995137095451
vt_h2_c3,45,ifr-tokenwise,0.8333333333333334,token_recall,0.1,eligible_body_tokens,answer_only,3ee4550750d48e8a0240cc2c07f8a45a4df1a2fa48fbc704dd1d705fc8378734,4.590436287224293
vt_h2_c3,45,FT_K3,0.7666666666666667,token_recall,0.1,eligible_body_tokens,answer_only,3ee4550750d48e8a0240cc2c07f8a45a4df1a2fa48fbc704dd1d705fc8378734,1.1617531552910805
vt_h2_c3,46,DT,0.75,token_recall,0.1,eligible_body_tokens,answer_only,5cf9703d2158d4effcc79481cd8e9297bd16366b9f3e27d8a0efb903c4efac86,1.2004188634455204
vt_h2_c3,46,FT_K1,0.75,token_recall,0.1,eligible_body_tokens,answer_only,5cf9703d2158d4effcc79481cd8e9297bd16366b9f3e27d8a0efb903c4efac86,0.6522564738988876
vt_h2_c3,46,ifr-tokenwise,0.7857142857142857,token_recall,0.1,eligible_body_tokens,answer_only,5cf9703d2158d4effcc79481cd8e9297bd16366b9f3e27d8a0efb903c4efac86,4.328690055757761
vt_h2_c3,46,FT_K3,0.75,token_recall,0.1,eligible_body_tokens,answer_only,5cf9703d2158d4effcc79481cd8e9297bd16366b9f3e27d8a0efb903c4efac86,1.0037683956325054
vt_h2_c3,47,DT,0.6923076923076923,token_recall,0.1,eligible_body_tokens,answer_only,5e9c839946d05cb7ae95303cc95c7e96cff8fec9fa78b09527df9b35428a422b,1.1986852772533894
vt_h2_c3,47,FT_K1,0.6538461538461539,token_recall,0.1,eligible_body_tokens,answer_only,5e9c839946d05cb7ae95303cc95c7e96cff8fec9fa78b09527df9b35428a422b,0.8124966509640217
vt_h2_c3,47,ifr-tokenwise,0.7692307692307693,token_recall,0.1,eligible_body_tokens,answer_only,5e9c839946d05cb7ae95303cc95c7e96cff8fec9fa78b09527df9b35428a422b,4.39492853730917
vt_h2_c3,47,FT_K3,0.6538461538461539,token_recall,0.1,eligible_body_tokens,answer_only,5e9c839946d05cb7ae95303cc95c7e96cff8fec9fa78b09527df9b35428a422b,1.1699637584388256
vt_h2_c3,48,DT,0.8928571428571429,token_recall,0.1,eligible_body_tokens,answer_only,e9030cb1353c186240d6efcc423a63082e23d72ae86e7440c7c18901065b5ad2,1.1946353800594807
vt_h2_c3,48,FT_K1,0.7857142857142857,token_recall,0.1,eligible_body_tokens,answer_only,e9030cb1353c186240d6efcc423a63082e23d72ae86e7440c7c18901065b5ad2,0.8135131970047951
vt_h2_c3,48,ifr-tokenwise,0.8571428571428571,token_recall,0.1,eligible_body_tokens,answer_only,e9030cb1353c186240d6efcc423a63082e23d72ae86e7440c7c18901065b5ad2,4.491659339517355
vt_h2_c3,48,FT_K3,0.7857142857142857,token_recall,0.1,eligible_body_tokens,answer_only,e9030cb1353c186240d6efcc423a63082e23d72ae86e7440c7c18901065b5ad2,1.1609337739646435
vt_h2_c3,49,DT,0.7857142857142857,token_recall,0.1,eligible_body_tokens,answer_only,4ad05171928844f2ad4338acf470c0ccc3df21f80535adb380f60733be1fb517,1.2112731486558914
vt_h2_c3,49,FT_K1,0.5714285714285714,token_recall,0.1,eligible_body_tokens,answer_only,4ad05171928844f2ad4338acf470c0ccc3df21f80535adb380f60733be1fb517,0.7198849841952324
vt_h2_c3,49,ifr-tokenwise,0.6785714285714286,token_recall,0.1,eligible_body_tokens,answer_only,4ad05171928844f2ad4338acf470c0ccc3df21f80535adb380f60733be1fb517,4.386643081903458
vt_h2_c3,49,FT_K3,0.5714285714285714,token_recall,0.1,eligible_body_tokens,answer_only,4ad05171928844f2ad4338acf470c0ccc3df21f80535adb380f60733be1fb517,1.0590075105428696
vt_h2_c3,50,DT,0.76,token_recall,0.1,eligible_body_tokens,answer_only,9372d8297e12edf9edfd9184d19bb411e808fda74bdaa9dcdc26dd2f92370bd0,1.195993311703205
vt_h2_c3,50,FT_K1,0.72,token_recall,0.1,eligible_body_tokens,answer_only,9372d8297e12edf9edfd9184d19bb411e808fda74bdaa9dcdc26dd2f92370bd0,0.8216182701289654
vt_h2_c3,50,ifr-tokenwise,0.76,token_recall,0.1,eligible_body_tokens,answer_only,9372d8297e12edf9edfd9184d19bb411e808fda74bdaa9dcdc26dd2f92370bd0,4.314067646861076
vt_h2_c3,50,FT_K3,0.72,token_recall,0.1,eligible_body_tokens,answer_only,9372d8297e12edf9edfd9184d19bb411e808fda74bdaa9dcdc26dd2f92370bd0,1.1666993238031864
vt_h2_c3,51,DT,0.7407407407407407,token_recall,0.1,eligible_body_tokens,answer_only,3e7e2fb3b3e62291f138ce55cea4462f0d623f4b3193314e686fb04f4c790830,1.1986351795494556
vt_h2_c3,51,FT_K1,0.6296296296296297,token_recall,0.1,eligible_body_tokens,answer_only,3e7e2fb3b3e62291f138ce55cea4462f0d623f4b3193314e686fb04f4c790830,0.7213777042925358
vt_h2_c3,51,ifr-tokenwise,0.8148148148148148,token_recall,0.1,eligible_body_tokens,answer_only,3e7e2fb3b3e62291f138ce55cea4462f0d623f4b3193314e686fb04f4c790830,4.3132026344537735
vt_h2_c3,51,FT_K3,0.6296296296296297,token_recall,0.1,eligible_body_tokens,answer_only,3e7e2fb3b3e62291f138ce55cea4462f0d623f4b3193314e686fb04f4c790830,1.049118671566248
vt_h2_c3,52,DT,0.6896551724137931,token_recall,0.1,eligible_body_tokens,answer_only,2e2a074ea60d5254c83afd3a3b95a934accf6548cc5cdf8d8d2cd16580360054,1.2040584459900856
vt_h2_c3,52,FT_K1,0.7586206896551724,token_recall,0.1,eligible_body_tokens,answer_only,2e2a074ea60d5254c83afd3a3b95a934accf6548cc5cdf8d8d2cd16580360054,0.8250758983194828
vt_h2_c3,52,ifr-tokenwise,0.7931034482758621,token_recall,0.1,eligible_body_tokens,answer_only,2e2a074ea60d5254c83afd3a3b95a934accf6548cc5cdf8d8d2cd16580360054,4.604084935039282
vt_h2_c3,52,FT_K3,0.7586206896551724,token_recall,0.1,eligible_body_tokens,answer_only,2e2a074ea60d5254c83afd3a3b95a934accf6548cc5cdf8d8d2cd16580360054,1.1711524426937103
vt_h2_c3,53,DT,0.8214285714285714,token_recall,0.1,eligible_body_tokens,answer_only,e36042de569da9c22089a0d5db08f9b0949ad61d176d5be416fd3ebcd20889da,1.2144417203962803
vt_h2_c3,53,FT_K1,0.6428571428571429,token_recall,0.1,eligible_body_tokens,answer_only,e36042de569da9c22089a0d5db08f9b0949ad61d176d5be416fd3ebcd20889da,0.8153181858360767
vt_h2_c3,53,ifr-tokenwise,0.75,token_recall,0.1,eligible_body_tokens,answer_only,e36042de569da9c22089a0d5db08f9b0949ad61d176d5be416fd3ebcd20889da,4.515506729483604
vt_h2_c3,53,FT_K3,0.6428571428571429,token_recall,0.1,eligible_body_tokens,answer_only,e36042de569da9c22089a0d5db08f9b0949ad61d176d5be416fd3ebcd20889da,1.160753432661295
vt_h2_c3,54,DT,0.7,token_recall,0.1,eligible_body_tokens,answer_only,a675e4db37719d246719a8b0a695679a1bc228e049840c0bd8588c63a2f53b7a,1.2365965209901333
vt_h2_c3,54,FT_K1,0.6666666666666666,token_recall,0.1,eligible_body_tokens,answer_only,a675e4db37719d246719a8b0a695679a1bc228e049840c0bd8588c63a2f53b7a,0.8198811933398247
vt_h2_c3,54,ifr-tokenwise,0.7666666666666667,token_recall,0.1,eligible_body_tokens,answer_only,a675e4db37719d246719a8b0a695679a1bc228e049840c0bd8588c63a2f53b7a,4.6136367209255695
vt_h2_c3,54,FT_K3,0.6666666666666666,token_recall,0.1,eligible_body_tokens,answer_only,a675e4db37719d246719a8b0a695679a1bc228e049840c0bd8588c63a2f53b7a,1.1614202223718166
vt_h2_c3,55,DT,0.75,token_recall,0.1,eligible_body_tokens,answer_only,bd0b1c49d5ef3d3dab0bc9561270ed0450746d1977e64a6c0c180df64aba284d,1.2046111300587654
vt_h2_c3,55,FT_K1,0.6428571428571429,token_recall,0.1,eligible_body_tokens,answer_only,bd0b1c49d5ef3d3dab0bc9561270ed0450746d1977e64a6c0c180df64aba284d,0.8259820640087128
vt_h2_c3,55,ifr-tokenwise,0.7857142857142857,token_recall,0.1,eligible_body_tokens,answer_only,bd0b1c49d5ef3d3dab0bc9561270ed0450746d1977e64a6c0c180df64aba284d,4.501669343560934
vt_h2_c3,55,FT_K3,0.6428571428571429,token_recall,0.1,eligible_body_tokens,answer_only,bd0b1c49d5ef3d3dab0bc9561270ed0450746d1977e64a6c0c180df64aba284d,1.1684893779456615
vt_h2_c3,56,DT,0.8928571428571429,token_recall,0.1,eligible_body_tokens,answer_only,09c1e10f8be2e6fe0b7cdf10c1333dd83910959656b4e007c57132a0fc140f93,1.2001368626952171
vt_h2_c3,56,FT_K1,0.7142857142857143,token_recall,0.1,eligible_body_tokens,answer_only,09c1e10f8be2e6fe0b7cdf10c1333dd83910959656b4e007c57132a0fc140f93,0.8426193743944168
vt_h2_c3,56,ifr-tokenwise,0.7857142857142857,token_recall,0.1,eligible_body_tokens,answer_only,09c1e10f8be2e6fe0b7cdf10c1333dd83910959656b4e007c57132a0fc140f93,4.5021816566586494
vt_h2_c3,56,FT_K3,0.7142857142857143,token_recall,0.1,eligible_body_tokens,answer_only,09c1e10f8be2e6fe0b7cdf10c1333dd83910959656b4e007c57132a0fc140f93,1.1675790436565876
vt_h2_c3,57,DT,0.8214285714285714,token_recall,0.1,eligible_body_tokens,answer_only,5ee692fcd8890eebeb7ccb877510f95bfe1ced8180cdd30540cb5dafe6aa4b0e,1.1986689902842045
vt_h2_c3,57,FT_K1,0.7857142857142857,token_recall,0.1,eligible_body_tokens,answer_only,5ee692fcd8890eebeb7ccb877510f95bfe1ced8180cdd30540cb5dafe6aa4b0e,0.8174417912960052
vt_h2_c3,57,ifr-tokenwise,0.7857142857142857,token_recall,0.1,eligible_body_tokens,answer_only,5ee692fcd8890eebeb7ccb877510f95bfe1ced8180cdd30540cb5dafe6aa4b0e,4.517532654106617
vt_h2_c3,57,FT_K3,0.7857142857142857,token_recall,0.1,eligible_body_tokens,answer_only,5ee692fcd8890eebeb7ccb877510f95bfe1ced8180cdd30540cb5dafe6aa4b0e,1.173355408012867
vt_h2_c3,58,DT,0.75,token_recall,0.1,eligible_body_tokens,answer_only,628e074690cc5032073226c57027632bd2aa294ca16ad2920b35adf09f399bd7,1.203369326889515
vt_h2_c3,58,FT_K1,0.6785714285714286,token_recall,0.1,eligible_body_tokens,answer_only,628e074690cc5032073226c57027632bd2aa294ca16ad2920b35adf09f399bd7,0.7153364531695843
vt_h2_c3,58,ifr-tokenwise,0.75,token_recall,0.1,eligible_body_tokens,answer_only,628e074690cc5032073226c57027632bd2aa294ca16ad2920b35adf09f399bd7,4.407302558422089
vt_h2_c3,58,FT_K3,0.6785714285714286,token_recall,0.1,eligible_body_tokens,answer_only,628e074690cc5032073226c57027632bd2aa294ca16ad2920b35adf09f399bd7,1.0674570128321648
vt_h2_c3,59,DT,0.8518518518518519,token_recall,0.1,eligible_body_tokens,answer_only,48461ea26c53131a53796926039590aecb9d6058c5b365dc889c33d799e6ff62,1.2044117748737335
vt_h2_c3,59,FT_K1,0.7407407407407407,token_recall,0.1,eligible_body_tokens,answer_only,48461ea26c53131a53796926039590aecb9d6058c5b365dc889c33d799e6ff62,0.7119237445294857
vt_h2_c3,59,ifr-tokenwise,0.8148148148148148,token_recall,0.1,eligible_body_tokens,answer_only,48461ea26c53131a53796926039590aecb9d6058c5b365dc889c33d799e6ff62,4.300546523183584
vt_h2_c3,59,FT_K3,0.7407407407407407,token_recall,0.1,eligible_body_tokens,answer_only,48461ea26c53131a53796926039590aecb9d6058c5b365dc889c33d799e6ff62,1.0518277063965797
vt_h2_c3,60,DT,0.7931034482758621,token_recall,0.1,eligible_body_tokens,answer_only,1365cbe7b51e4d48e5b5eb1e545ebdbb453d2ca21e650a3a52fd9054169bd539,1.210984706878662
vt_h2_c3,60,FT_K1,0.6206896551724138,token_recall,0.1,eligible_body_tokens,answer_only,1365cbe7b51e4d48e5b5eb1e545ebdbb453d2ca21e650a3a52fd9054169bd539,0.8291360251605511
vt_h2_c3,60,ifr-tokenwise,0.7586206896551724,token_recall,0.1,eligible_body_tokens,answer_only,1365cbe7b51e4d48e5b5eb1e545ebdbb453d2ca21e650a3a52fd9054169bd539,4.627258252352476
vt_h2_c3,60,FT_K3,0.6206896551724138,token_recall,0.1,eligible_body_tokens,answer_only,1365cbe7b51e4d48e5b5eb1e545ebdbb453d2ca21e650a3a52fd9054169bd539,1.1449083611369133
vt_h2_c3,61,DT,0.8461538461538461,token_recall,0.1,eligible_body_tokens,answer_only,78cc12d41656e35cf5267a242135b3e20ffe304c638d46de4917523fb8db0e0d,1.2049410752952099
vt_h2_c3,61,FT_K1,0.6923076923076923,token_recall,0.1,eligible_body_tokens,answer_only,78cc12d41656e35cf5267a242135b3e20ffe304c638d46de4917523fb8db0e0d,0.7200876735150814
vt_h2_c3,61,ifr-tokenwise,0.7692307692307693,token_recall,0.1,eligible_body_tokens,answer_only,78cc12d41656e35cf5267a242135b3e20ffe304c638d46de4917523fb8db0e0d,4.319219890981913
vt_h2_c3,61,FT_K3,0.6923076923076923,token_recall,0.1,eligible_body_tokens,answer_only,78cc12d41656e35cf5267a242135b3e20ffe304c638d46de4917523fb8db0e0d,1.0660196244716644
vt_h2_c3,62,DT,0.8214285714285714,token_recall,0.1,eligible_body_tokens,answer_only,2ff5d9e5f37b283bcd761e8547fba5888be26285bf57aaf982a6c33d3b460cab,1.2240067683160305
vt_h2_c3,62,FT_K1,0.6428571428571429,token_recall,0.1,eligible_body_tokens,answer_only,2ff5d9e5f37b283bcd761e8547fba5888be26285bf57aaf982a6c33d3b460cab,0.846430417150259
vt_h2_c3,62,ifr-tokenwise,0.7142857142857143,token_recall,0.1,eligible_body_tokens,answer_only,2ff5d9e5f37b283bcd761e8547fba5888be26285bf57aaf982a6c33d3b460cab,4.558507338166237
vt_h2_c3,62,FT_K3,0.6428571428571429,token_recall,0.1,eligible_body_tokens,answer_only,2ff5d9e5f37b283bcd761e8547fba5888be26285bf57aaf982a6c33d3b460cab,1.18629602342844
vt_h2_c3,63,DT,0.7857142857142857,token_recall,0.1,eligible_body_tokens,answer_only,e2d589d40aaffd0cce60478624c8ecd4ee0e8cb051b07b0cd1e7735cc9ddc4f3,1.2228391356766224
vt_h2_c3,63,FT_K1,0.6071428571428571,token_recall,0.1,eligible_body_tokens,answer_only,e2d589d40aaffd0cce60478624c8ecd4ee0e8cb051b07b0cd1e7735cc9ddc4f3,0.8334595710039139
vt_h2_c3,63,ifr-tokenwise,0.7857142857142857,token_recall,0.1,eligible_body_tokens,answer_only,e2d589d40aaffd0cce60478624c8ecd4ee0e8cb051b07b0cd1e7735cc9ddc4f3,4.508873991668224
vt_h2_c3,63,FT_K3,0.6071428571428571,token_recall,0.1,eligible_body_tokens,answer_only,e2d589d40aaffd0cce60478624c8ecd4ee0e8cb051b07b0cd1e7735cc9ddc4f3,1.1671153344213963
vt_h2_c3,64,DT,0.8461538461538461,token_recall,0.1,eligible_body_tokens,answer_only,ccb475ce540a15db5882d392740a5b0b076b8d3f817e3bd79cdc15d9f1ea16bb,1.2095665521919727
vt_h2_c3,64,FT_K1,0.7307692307692307,token_recall,0.1,eligible_body_tokens,answer_only,ccb475ce540a15db5882d392740a5b0b076b8d3f817e3bd79cdc15d9f1ea16bb,0.8075099363923073
vt_h2_c3,64,ifr-tokenwise,0.8076923076923077,token_recall,0.1,eligible_body_tokens,answer_only,ccb475ce540a15db5882d392740a5b0b076b8d3f817e3bd79cdc15d9f1ea16bb,4.416670668870211
vt_h2_c3,64,FT_K3,0.7307692307692307,token_recall,0.1,eligible_body_tokens,answer_only,ccb475ce540a15db5882d392740a5b0b076b8d3f817e3bd79cdc15d9f1ea16bb,1.1711408980190754
vt_h2_c3,65,DT,0.75,token_recall,0.1,eligible_body_tokens,answer_only,2cc9ce312195435d02f4bbd9cd3109b13957233d88fff02aee4a2bf20aac99f5,1.2104001231491566
vt_h2_c3,65,FT_K1,0.6785714285714286,token_recall,0.1,eligible_body_tokens,answer_only,2cc9ce312195435d02f4bbd9cd3109b13957233d88fff02aee4a2bf20aac99f5,0.6331152357161045
vt_h2_c3,65,ifr-tokenwise,0.7857142857142857,token_recall,0.1,eligible_body_tokens,answer_only,2cc9ce312195435d02f4bbd9cd3109b13957233d88fff02aee4a2bf20aac99f5,4.3351835533976555
vt_h2_c3,65,FT_K3,0.6785714285714286,token_recall,0.1,eligible_body_tokens,answer_only,2cc9ce312195435d02f4bbd9cd3109b13957233d88fff02aee4a2bf20aac99f5,0.9870638325810432
vt_h2_c3,66,DT,0.8709677419354839,token_recall,0.1,eligible_body_tokens,answer_only,10d8386eaa8ee7b5ee177ebd2a35192e34ef45b13ba8ff1d155596d9722413b0,1.2205352000892162
vt_h2_c3,66,FT_K1,0.7741935483870968,token_recall,0.1,eligible_body_tokens,answer_only,10d8386eaa8ee7b5ee177ebd2a35192e34ef45b13ba8ff1d155596d9722413b0,0.6424739211797714
vt_h2_c3,66,ifr-tokenwise,0.8064516129032258,token_recall,0.1,eligible_body_tokens,answer_only,10d8386eaa8ee7b5ee177ebd2a35192e34ef45b13ba8ff1d155596d9722413b0,4.5183867663145065
vt_h2_c3,66,FT_K3,0.7741935483870968,token_recall,0.1,eligible_body_tokens,answer_only,10d8386eaa8ee7b5ee177ebd2a35192e34ef45b13ba8ff1d155596d9722413b0,0.99881536886096
vt_h2_c3,67,DT,0.8,token_recall,0.1,eligible_body_tokens,answer_only,1154a031778abb9530d873af7c425052e564793b54bb162b6cdc1831aa41f0e4,1.2075112760066986
vt_h2_c3,67,FT_K1,0.7333333333333333,token_recall,0.1,eligible_body_tokens,answer_only,1154a031778abb9530d873af7c425052e564793b54bb162b6cdc1831aa41f0e4,0.8135163486003876
vt_h2_c3,67,ifr-tokenwise,0.8,token_recall,0.1,eligible_body_tokens,answer_only,1154a031778abb9530d873af7c425052e564793b54bb162b6cdc1831aa41f0e4,4.589498300105333
vt_h2_c3,67,FT_K3,0.7333333333333333,token_recall,0.1,eligible_body_tokens,answer_only,1154a031778abb9530d873af7c425052e564793b54bb162b6cdc1831aa41f0e4,1.1698738113045692
vt_h2_c3,68,DT,0.6333333333333333,token_recall,0.1,eligible_body_tokens,answer_only,e9ae4883682270e3dae449c667280d33085bc440201519b3085837f50d361183,1.2012165039777756
vt_h2_c3,68,FT_K1,0.6333333333333333,token_recall,0.1,eligible_body_tokens,answer_only,e9ae4883682270e3dae449c667280d33085bc440201519b3085837f50d361183,0.7266392670571804
vt_h2_c3,68,ifr-tokenwise,0.7666666666666667,token_recall,0.1,eligible_body_tokens,answer_only,e9ae4883682270e3dae449c667280d33085bc440201519b3085837f50d361183,4.514171738177538
vt_h2_c3,68,FT_K3,0.6333333333333333,token_recall,0.1,eligible_body_tokens,answer_only,e9ae4883682270e3dae449c667280d33085bc440201519b3085837f50d361183,1.0636851489543915
vt_h2_c3,69,DT,0.7307692307692307,token_recall,0.1,eligible_body_tokens,answer_only,14cc899c22b2e40fd4cf2307f78dafe9258254b427a9b7a84085941e0912aa8f,1.200089305639267
vt_h2_c3,69,FT_K1,0.6538461538461539,token_recall,0.1,eligible_body_tokens,answer_only,14cc899c22b2e40fd4cf2307f78dafe9258254b427a9b7a84085941e0912aa8f,0.6543629243969917
vt_h2_c3,69,ifr-tokenwise,0.7307692307692307,token_recall,0.1,eligible_body_tokens,answer_only,14cc899c22b2e40fd4cf2307f78dafe9258254b427a9b7a84085941e0912aa8f,4.542783685028553
vt_h2_c3,69,FT_K3,0.6538461538461539,token_recall,0.1,eligible_body_tokens,answer_only,14cc899c22b2e40fd4cf2307f78dafe9258254b427a9b7a84085941e0912aa8f,1.0006678812205791
vt_h2_c3,70,DT,0.8666666666666667,token_recall,0.1,eligible_body_tokens,answer_only,aea3d5387662da29c9160356587bf01547b215a1619994b3ad2fccad018baa8a,1.2200066670775414
vt_h2_c3,70,FT_K1,0.7,token_recall,0.1,eligible_body_tokens,answer_only,aea3d5387662da29c9160356587bf01547b215a1619994b3ad2fccad018baa8a,0.7262171059846878
vt_h2_c3,70,ifr-tokenwise,0.8,token_recall,0.1,eligible_body_tokens,answer_only,aea3d5387662da29c9160356587bf01547b215a1619994b3ad2fccad018baa8a,4.511958479881287
vt_h2_c3,70,FT_K3,0.7,token_recall,0.1,eligible_body_tokens,answer_only,aea3d5387662da29c9160356587bf01547b215a1619994b3ad2fccad018baa8a,1.071751069277525
vt_h2_c3,71,DT,0.7857142857142857,token_recall,0.1,eligible_body_tokens,answer_only,2e169423c6e843f8b95b2be2b682f5162be6319dd6a908d04b21fb617a07b252,1.202905349433422
vt_h2_c3,71,FT_K1,0.6785714285714286,token_recall,0.1,eligible_body_tokens,answer_only,2e169423c6e843f8b95b2be2b682f5162be6319dd6a908d04b21fb617a07b252,0.7274335734546185
vt_h2_c3,71,ifr-tokenwise,0.75,token_recall,0.1,eligible_body_tokens,answer_only,2e169423c6e843f8b95b2be2b682f5162be6319dd6a908d04b21fb617a07b252,4.404393706470728
vt_h2_c3,71,FT_K3,0.6785714285714286,token_recall,0.1,eligible_body_tokens,answer_only,2e169423c6e843f8b95b2be2b682f5162be6319dd6a908d04b21fb617a07b252,1.095072403550148
vt_h2_c3,72,DT,0.8620689655172413,token_recall,0.1,eligible_body_tokens,answer_only,7825ea083ebd4b054ac90bdacd8c94aa32f216460b0f6071dc5ffecbc311fddb,1.2025046087801456
vt_h2_c3,72,FT_K1,0.6206896551724138,token_recall,0.1,eligible_body_tokens,answer_only,7825ea083ebd4b054ac90bdacd8c94aa32f216460b0f6071dc5ffecbc311fddb,0.6613928787410259
vt_h2_c3,72,ifr-tokenwise,0.8275862068965517,token_recall,0.1,eligible_body_tokens,answer_only,7825ea083ebd4b054ac90bdacd8c94aa32f216460b0f6071dc5ffecbc311fddb,4.434999376535416
vt_h2_c3,72,FT_K3,0.6206896551724138,token_recall,0.1,eligible_body_tokens,answer_only,7825ea083ebd4b054ac90bdacd8c94aa32f216460b0f6071dc5ffecbc311fddb,1.0025545097887516
vt_h2_c3,73,DT,0.8,token_recall,0.1,eligible_body_tokens,answer_only,6e83051cb670a120080ffe0a431241aee844334d7617643e4b5887c6c9506ab8,1.2391334995627403
vt_h2_c3,73,FT_K1,0.7666666666666667,token_recall,0.1,eligible_body_tokens,answer_only,6e83051cb670a120080ffe0a431241aee844334d7617643e4b5887c6c9506ab8,0.7495497353374958
vt_h2_c3,73,ifr-tokenwise,0.7666666666666667,token_recall,0.1,eligible_body_tokens,answer_only,6e83051cb670a120080ffe0a431241aee844334d7617643e4b5887c6c9506ab8,4.5468547865748405
vt_h2_c3,73,FT_K3,0.7666666666666667,token_recall,0.1,eligible_body_tokens,answer_only,6e83051cb670a120080ffe0a431241aee844334d7617643e4b5887c6c9506ab8,1.1124869547784328
vt_h2_c3,74,DT,0.8214285714285714,token_recall,0.1,eligible_body_tokens,answer_only,07c01ac374e71d765e7506c540b10dccc5a38a194e776e9bfc917d15551e5832,1.2043117061257362
vt_h2_c3,74,FT_K1,0.6071428571428571,token_recall,0.1,eligible_body_tokens,answer_only,07c01ac374e71d765e7506c540b10dccc5a38a194e776e9bfc917d15551e5832,0.7282467968761921
vt_h2_c3,74,ifr-tokenwise,0.7142857142857143,token_recall,0.1,eligible_body_tokens,answer_only,07c01ac374e71d765e7506c540b10dccc5a38a194e776e9bfc917d15551e5832,4.404073398560286
vt_h2_c3,74,FT_K3,0.6071428571428571,token_recall,0.1,eligible_body_tokens,answer_only,07c01ac374e71d765e7506c540b10dccc5a38a194e776e9bfc917d15551e5832,1.0705773159861565
vt_h2_c3,75,DT,0.7857142857142857,token_recall,0.1,eligible_body_tokens,answer_only,c71b4e867ca91886058ada40fdfa5c30c4fa9139df5d5044a43214daab5db3b8,1.196150228381157
vt_h2_c3,75,FT_K1,0.75,token_recall,0.1,eligible_body_tokens,answer_only,c71b4e867ca91886058ada40fdfa5c30c4fa9139df5d5044a43214daab5db3b8,0.8289864473044872
vt_h2_c3,75,ifr-tokenwise,0.7857142857142857,token_recall,0.1,eligible_body_tokens,answer_only,c71b4e867ca91886058ada40fdfa5c30c4fa9139df5d5044a43214daab5db3b8,4.492540121078491
vt_h2_c3,75,FT_K3,0.75,token_recall,0.1,eligible_body_tokens,answer_only,c71b4e867ca91886058ada40fdfa5c30c4fa9139df5d5044a43214daab5db3b8,1.1632884740829468
vt_h2_c3,76,DT,0.75,token_recall,0.1,eligible_body_tokens,answer_only,92403a1b4f200c0749e3ed7789c82fd6d24afac965de0b336ef6a7a9f845a3cf,1.2213648706674576
vt_h2_c3,76,FT_K1,0.6428571428571429,token_recall,0.1,eligible_body_tokens,answer_only,92403a1b4f200c0749e3ed7789c82fd6d24afac965de0b336ef6a7a9f845a3cf,0.7172107137739658
vt_h2_c3,76,ifr-tokenwise,0.7857142857142857,token_recall,0.1,eligible_body_tokens,answer_only,92403a1b4f200c0749e3ed7789c82fd6d24afac965de0b336ef6a7a9f845a3cf,4.414370816200972
vt_h2_c3,76,FT_K3,0.6428571428571429,token_recall,0.1,eligible_body_tokens,answer_only,92403a1b4f200c0749e3ed7789c82fd6d24afac965de0b336ef6a7a9f845a3cf,1.062388438731432
vt_h2_c3,77,DT,0.8,token_recall,0.1,eligible_body_tokens,answer_only,76d2191e99dbd40333c69654b47abd2a242bfcd9670835142f7093a8e7bacb3b,1.223196353763342
vt_h2_c3,77,FT_K1,0.7,token_recall,0.1,eligible_body_tokens,answer_only,76d2191e99dbd40333c69654b47abd2a242bfcd9670835142f7093a8e7bacb3b,0.6323329024016857
vt_h2_c3,77,ifr-tokenwise,0.7666666666666667,token_recall,0.1,eligible_body_tokens,answer_only,76d2191e99dbd40333c69654b47abd2a242bfcd9670835142f7093a8e7bacb3b,4.452390432357788
vt_h2_c3,77,FT_K3,0.7,token_recall,0.1,eligible_body_tokens,answer_only,76d2191e99dbd40333c69654b47abd2a242bfcd9670835142f7093a8e7bacb3b,0.9905814044177532
vt_h2_c3,78,DT,0.8214285714285714,token_recall,0.1,eligible_body_tokens,answer_only,2664011b2555398d80cdb81beddac72052a53ed00ec174a490b5606c64269b2a,1.2290131710469723
vt_h2_c3,78,FT_K1,0.6428571428571429,token_recall,0.1,eligible_body_tokens,answer_only,2664011b2555398d80cdb81beddac72052a53ed00ec174a490b5606c64269b2a,0.8413976170122623
vt_h2_c3,78,ifr-tokenwise,0.7857142857142857,token_recall,0.1,eligible_body_tokens,answer_only,2664011b2555398d80cdb81beddac72052a53ed00ec174a490b5606c64269b2a,4.529716156423092
vt_h2_c3,78,FT_K3,0.6428571428571429,token_recall,0.1,eligible_body_tokens,answer_only,2664011b2555398d80cdb81beddac72052a53ed00ec174a490b5606c64269b2a,1.1941498778760433
vt_h2_c3,79,DT,0.7142857142857143,token_recall,0.1,eligible_body_tokens,answer_only,71d9ed64a8d126c466e8c9b16fbc495ae575ecca5fe70ab545bfff16196d6791,1.2231196761131287
vt_h2_c3,79,FT_K1,0.5714285714285714,token_recall,0.1,eligible_body_tokens,answer_only,71d9ed64a8d126c466e8c9b16fbc495ae575ecca5fe70ab545bfff16196d6791,0.6420381180942059
vt_h2_c3,79,ifr-tokenwise,0.7857142857142857,token_recall,0.1,eligible_body_tokens,answer_only,71d9ed64a8d126c466e8c9b16fbc495ae575ecca5fe70ab545bfff16196d6791,4.351991135627031
vt_h2_c3,79,FT_K3,0.5714285714285714,token_recall,0.1,eligible_body_tokens,answer_only,71d9ed64a8d126c466e8c9b16fbc495ae575ecca5fe70ab545bfff16196d6791,0.99544358253479
vt_h2_c3,80,DT,0.75,token_recall,0.1,eligible_body_tokens,answer_only,3954ee854fcb940231cefc86a224bb7a8c6552a5882b899092c82b9ce99e86d8,1.2440199330449104
vt_h2_c3,80,FT_K1,0.6071428571428571,token_recall,0.1,eligible_body_tokens,answer_only,3954ee854fcb940231cefc86a224bb7a8c6552a5882b899092c82b9ce99e86d8,0.8537032641470432
vt_h2_c3,80,ifr-tokenwise,0.8214285714285714,token_recall,0.1,eligible_body_tokens,answer_only,3954ee854fcb940231cefc86a224bb7a8c6552a5882b899092c82b9ce99e86d8,4.565266638994217
vt_h2_c3,80,FT_K3,0.6071428571428571,token_recall,0.1,eligible_body_tokens,answer_only,3954ee854fcb940231cefc86a224bb7a8c6552a5882b899092c82b9ce99e86d8,1.2019610218703747
vt_h2_c3,81,DT,0.8571428571428571,token_recall,0.1,eligible_body_tokens,answer_only,ef17d893c42eb2d82af8edc44fa596cd8163a9dabd5f9938b6940e1b8420035d,1.199273519217968
vt_h2_c3,81,FT_K1,0.7857142857142857,token_recall,0.1,eligible_body_tokens,answer_only,ef17d893c42eb2d82af8edc44fa596cd8163a9dabd5f9938b6940e1b8420035d,0.724445641040802
vt_h2_c3,81,ifr-tokenwise,0.8571428571428571,token_recall,0.1,eligible_body_tokens,answer_only,ef17d893c42eb2d82af8edc44fa596cd8163a9dabd5f9938b6940e1b8420035d,4.410773828625679
vt_h2_c3,81,FT_K3,0.7857142857142857,token_recall,0.1,eligible_body_tokens,answer_only,ef17d893c42eb2d82af8edc44fa596cd8163a9dabd5f9938b6940e1b8420035d,1.0697763487696648
vt_h2_c3,82,DT,0.8928571428571429,token_recall,0.1,eligible_body_tokens,answer_only,f59a503c85ebee94bb06263ca200c6c3fd23207d0e8cb5fa3e99cb0b59b44ed3,1.2303068302571774
vt_h2_c3,82,FT_K1,0.7857142857142857,token_recall,0.1,eligible_body_tokens,answer_only,f59a503c85ebee94bb06263ca200c6c3fd23207d0e8cb5fa3e99cb0b59b44ed3,0.7455156221985817
vt_h2_c3,82,ifr-tokenwise,0.8214285714285714,token_recall,0.1,eligible_body_tokens,answer_only,f59a503c85ebee94bb06263ca200c6c3fd23207d0e8cb5fa3e99cb0b59b44ed3,4.456251598894596
vt_h2_c3,82,FT_K3,0.7857142857142857,token_recall,0.1,eligible_body_tokens,answer_only,f59a503c85ebee94bb06263ca200c6c3fd23207d0e8cb5fa3e99cb0b59b44ed3,1.091470267623663
vt_h2_c3,83,DT,0.896551724137931,token_recall,0.1,eligible_body_tokens,answer_only,9af717e65ab29da69b545a9d5ddfdd2943e6b9ca9740e32f1e54c7b9f6ec8065,1.2208186239004135
vt_h2_c3,83,FT_K1,0.7931034482758621,token_recall,0.1,eligible_body_tokens,answer_only,9af717e65ab29da69b545a9d5ddfdd2943e6b9ca9740e32f1e54c7b9f6ec8065,0.8242807574570179
vt_h2_c3,83,ifr-tokenwise,0.7931034482758621,token_recall,0.1,eligible_body_tokens,answer_only,9af717e65ab29da69b545a9d5ddfdd2943e6b9ca9740e32f1e54c7b9f6ec8065,4.6176389046013355
vt_h2_c3,83,FT_K3,0.7931034482758621,token_recall,0.1,eligible_body_tokens,answer_only,9af717e65ab29da69b545a9d5ddfdd2943e6b9ca9740e32f1e54c7b9f6ec8065,1.1661493442952633
vt_h2_c3,84,DT,0.7692307692307693,token_recall,0.1,eligible_body_tokens,answer_only,fa3520b97a3eef37250e9b9ff1063c7236b23f0cd9a406e32e5373c7d4cfec87,1.2059439197182655
vt_h2_c3,84,FT_K1,0.6538461538461539,token_recall,0.1,eligible_body_tokens,answer_only,fa3520b97a3eef37250e9b9ff1063c7236b23f0cd9a406e32e5373c7d4cfec87,0.7143968641757965
vt_h2_c3,84,ifr-tokenwise,0.7692307692307693,token_recall,0.1,eligible_body_tokens,answer_only,fa3520b97a3eef37250e9b9ff1063c7236b23f0cd9a406e32e5373c7d4cfec87,4.298541907221079
vt_h2_c3,84,FT_K3,0.6538461538461539,token_recall,0.1,eligible_body_tokens,answer_only,fa3520b97a3eef37250e9b9ff1063c7236b23f0cd9a406e32e5373c7d4cfec87,1.0674821473658085
vt_h2_c3,85,DT,0.8666666666666667,token_recall,0.1,eligible_body_tokens,answer_only,22e160d9d165ea75d04e4e3b954a4720858f59c1599aae2ba27b4fdce8dbb1a2,1.2051296792924404
vt_h2_c3,85,FT_K1,0.6333333333333333,token_recall,0.1,eligible_body_tokens,answer_only,22e160d9d165ea75d04e4e3b954a4720858f59c1599aae2ba27b4fdce8dbb1a2,0.8284709043800831
vt_h2_c3,85,ifr-tokenwise,0.7666666666666667,token_recall,0.1,eligible_body_tokens,answer_only,22e160d9d165ea75d04e4e3b954a4720858f59c1599aae2ba27b4fdce8dbb1a2,4.606398839503527
vt_h2_c3,85,FT_K3,0.6333333333333333,token_recall,0.1,eligible_body_tokens,answer_only,22e160d9d165ea75d04e4e3b954a4720858f59c1599aae2ba27b4fdce8dbb1a2,1.1954322755336761
vt_h2_c3,86,DT,0.7419354838709677,token_recall,0.1,eligible_body_tokens,answer_only,ff8a6a649ed26160af6f3b7e8525105e66198a28f48494af10f7b6f6c5c0ee55,1.2003478296101093
vt_h2_c3,86,FT_K1,0.5483870967741935,token_recall,0.1,eligible_body_tokens,answer_only,ff8a6a649ed26160af6f3b7e8525105e66198a28f48494af10f7b6f6c5c0ee55,0.6600907631218433
vt_h2_c3,86,ifr-tokenwise,0.7419354838709677,token_recall,0.1,eligible_body_tokens,answer_only,ff8a6a649ed26160af6f3b7e8525105e66198a28f48494af10f7b6f6c5c0ee55,4.519363299012184
vt_h2_c3,86,FT_K3,0.5483870967741935,token_recall,0.1,eligible_body_tokens,answer_only,ff8a6a649ed26160af6f3b7e8525105e66198a28f48494af10f7b6f6c5c0ee55,1.0057363212108612
vt_h2_c3,87,DT,0.8666666666666667,token_recall,0.1,eligible_body_tokens,answer_only,6b0fbbd2ec36153d81507368619ba4cf1417154f87bea455f60ebb7851b26674,1.2234786748886108
vt_h2_c3,87,FT_K1,0.6666666666666666,token_recall,0.1,eligible_body_tokens,answer_only,6b0fbbd2ec36153d81507368619ba4cf1417154f87bea455f60ebb7851b26674,0.761230256408453
vt_h2_c3,87,ifr-tokenwise,0.7333333333333333,token_recall,0.1,eligible_body_tokens,answer_only,6b0fbbd2ec36153d81507368619ba4cf1417154f87bea455f60ebb7851b26674,4.541073065251112
vt_h2_c3,87,FT_K3,0.6666666666666666,token_recall,0.1,eligible_body_tokens,answer_only,6b0fbbd2ec36153d81507368619ba4cf1417154f87bea455f60ebb7851b26674,1.0978502184152603
vt_h2_c3,88,DT,0.8148148148148148,token_recall,0.1,eligible_body_tokens,answer_only,4f3ace22e14dc3c4b1d62edaf5f23a75092621bbdf7c1c2330e79edd3f3866df,1.2129451632499695
vt_h2_c3,88,FT_K1,0.6666666666666666,token_recall,0.1,eligible_body_tokens,answer_only,4f3ace22e14dc3c4b1d62edaf5f23a75092621bbdf7c1c2330e79edd3f3866df,0.819089662283659
vt_h2_c3,88,ifr-tokenwise,0.7777777777777778,token_recall,0.1,eligible_body_tokens,answer_only,4f3ace22e14dc3c4b1d62edaf5f23a75092621bbdf7c1c2330e79edd3f3866df,4.51270817220211
vt_h2_c3,88,FT_K3,0.6666666666666666,token_recall,0.1,eligible_body_tokens,answer_only,4f3ace22e14dc3c4b1d62edaf5f23a75092621bbdf7c1c2330e79edd3f3866df,1.1590395420789719
vt_h2_c3,89,DT,0.8571428571428571,token_recall,0.1,eligible_body_tokens,answer_only,59c5c74a03cf47413e7518602ac7a553b582ce69ab625414073a28191abc69ee,1.197375487536192
vt_h2_c3,89,FT_K1,0.75,token_recall,0.1,eligible_body_tokens,answer_only,59c5c74a03cf47413e7518602ac7a553b582ce69ab625414073a28191abc69ee,0.6666630506515503
vt_h2_c3,89,ifr-tokenwise,0.8571428571428571,token_recall,0.1,eligible_body_tokens,answer_only,59c5c74a03cf47413e7518602ac7a553b582ce69ab625414073a28191abc69ee,4.349823586642742
vt_h2_c3,89,FT_K3,0.75,token_recall,0.1,eligible_body_tokens,answer_only,59c5c74a03cf47413e7518602ac7a553b582ce69ab625414073a28191abc69ee,1.0034391544759274
vt_h2_c3,90,DT,0.8571428571428571,token_recall,0.1,eligible_body_tokens,answer_only,2f390f225b55cac2b7316ff210b9016e59e6772a115ba9d97f09f305eb0c3763,1.2051686197519302
vt_h2_c3,90,FT_K1,0.75,token_recall,0.1,eligible_body_tokens,answer_only,2f390f225b55cac2b7316ff210b9016e59e6772a115ba9d97f09f305eb0c3763,0.8146153911948204
vt_h2_c3,90,ifr-tokenwise,0.75,token_recall,0.1,eligible_body_tokens,answer_only,2f390f225b55cac2b7316ff210b9016e59e6772a115ba9d97f09f305eb0c3763,4.515883959829807
vt_h2_c3,90,FT_K3,0.75,token_recall,0.1,eligible_body_tokens,answer_only,2f390f225b55cac2b7316ff210b9016e59e6772a115ba9d97f09f305eb0c3763,1.1632600389420986
vt_h2_c3,91,DT,0.8571428571428571,token_recall,0.1,eligible_body_tokens,answer_only,7fa56662b55d135c61d3e42e753610b77774c1e6e6071525bb45b2746855993d,1.2135498560965061
vt_h2_c3,91,FT_K1,0.6785714285714286,token_recall,0.1,eligible_body_tokens,answer_only,7fa56662b55d135c61d3e42e753610b77774c1e6e6071525bb45b2746855993d,0.8162245601415634
vt_h2_c3,91,ifr-tokenwise,0.8214285714285714,token_recall,0.1,eligible_body_tokens,answer_only,7fa56662b55d135c61d3e42e753610b77774c1e6e6071525bb45b2746855993d,4.508431125432253
vt_h2_c3,91,FT_K3,0.6785714285714286,token_recall,0.1,eligible_body_tokens,answer_only,7fa56662b55d135c61d3e42e753610b77774c1e6e6071525bb45b2746855993d,1.1817425526678562
vt_h2_c3,92,DT,0.6785714285714286,token_recall,0.1,eligible_body_tokens,answer_only,81640a1e75073eef3f93012a66b0a0ed83cdcd35eda9b918ee7854f16977bae4,1.2044345773756504
vt_h2_c3,92,FT_K1,0.6785714285714286,token_recall,0.1,eligible_body_tokens,answer_only,81640a1e75073eef3f93012a66b0a0ed83cdcd35eda9b918ee7854f16977bae4,0.8222672417759895
vt_h2_c3,92,ifr-tokenwise,0.75,token_recall,0.1,eligible_body_tokens,answer_only,81640a1e75073eef3f93012a66b0a0ed83cdcd35eda9b918ee7854f16977bae4,4.497966438531876
vt_h2_c3,92,FT_K3,0.6785714285714286,token_recall,0.1,eligible_body_tokens,answer_only,81640a1e75073eef3f93012a66b0a0ed83cdcd35eda9b918ee7854f16977bae4,1.1699997894465923
vt_h2_c3,93,DT,0.8620689655172413,token_recall,0.1,eligible_body_tokens,answer_only,41ba494feace14308dff4ac04b30d23663679e94af28dffbdd132929d730df98,1.2194699458777905
vt_h2_c3,93,FT_K1,0.6206896551724138,token_recall,0.1,eligible_body_tokens,answer_only,41ba494feace14308dff4ac04b30d23663679e94af28dffbdd132929d730df98,0.7254841960966587
vt_h2_c3,93,ifr-tokenwise,0.7586206896551724,token_recall,0.1,eligible_body_tokens,answer_only,41ba494feace14308dff4ac04b30d23663679e94af28dffbdd132929d730df98,4.516434941440821
vt_h2_c3,93,FT_K3,0.6206896551724138,token_recall,0.1,eligible_body_tokens,answer_only,41ba494feace14308dff4ac04b30d23663679e94af28dffbdd132929d730df98,1.0682949237525463
vt_h2_c3,94,DT,0.8,token_recall,0.1,eligible_body_tokens,answer_only,eae908b469060bc1f4f42b6f1cf8a55a66a12d69028d770d09bfe90a0b3435e6,1.2194635421037674
vt_h2_c3,94,FT_K1,0.7333333333333333,token_recall,0.1,eligible_body_tokens,answer_only,eae908b469060bc1f4f42b6f1cf8a55a66a12d69028d770d09bfe90a0b3435e6,0.6248104237020016
vt_h2_c3,94,ifr-tokenwise,0.8,token_recall,0.1,eligible_body_tokens,answer_only,eae908b469060bc1f4f42b6f1cf8a55a66a12d69028d770d09bfe90a0b3435e6,4.4281986355781555
vt_h2_c3,94,FT_K3,0.7333333333333333,token_recall,0.1,eligible_body_tokens,answer_only,eae908b469060bc1f4f42b6f1cf8a55a66a12d69028d770d09bfe90a0b3435e6,0.9753285832703114
vt_h2_c3,95,DT,0.7419354838709677,token_recall,0.1,eligible_body_tokens,answer_only,6efea30c4528c21b6ce7db420e64c8b47b940b55c714a97151a9c81cb0ed15f0,1.2472846657037735
vt_h2_c3,95,FT_K1,0.6774193548387096,token_recall,0.1,eligible_body_tokens,answer_only,6efea30c4528c21b6ce7db420e64c8b47b940b55c714a97151a9c81cb0ed15f0,0.8387436047196388
vt_h2_c3,95,ifr-tokenwise,0.7419354838709677,token_recall,0.1,eligible_body_tokens,answer_only,6efea30c4528c21b6ce7db420e64c8b47b940b55c714a97151a9c81cb0ed15f0,4.76308061555028
vt_h2_c3,95,FT_K3,0.6774193548387096,token_recall,0.1,eligible_body_tokens,answer_only,6efea30c4528c21b6ce7db420e64c8b47b940b55c714a97151a9c81cb0ed15f0,20.409109983593225
vt_h2_c3,96,DT,0.8333333333333334,token_recall,0.1,eligible_body_tokens,answer_only,3851f38915a2519e4d4d579db397bea8d89c5c41bad9dab4a986895c82f40f73,1.2202174067497253
vt_h2_c3,96,FT_K1,0.6,token_recall,0.1,eligible_body_tokens,answer_only,3851f38915a2519e4d4d579db397bea8d89c5c41bad9dab4a986895c82f40f73,0.8177098631858826
vt_h2_c3,96,ifr-tokenwise,0.7666666666666667,token_recall,0.1,eligible_body_tokens,answer_only,3851f38915a2519e4d4d579db397bea8d89c5c41bad9dab4a986895c82f40f73,4.616733726114035
vt_h2_c3,96,FT_K3,0.6,token_recall,0.1,eligible_body_tokens,answer_only,3851f38915a2519e4d4d579db397bea8d89c5c41bad9dab4a986895c82f40f73,1.1670383661985397
vt_h2_c3,97,DT,0.8148148148148148,token_recall,0.1,eligible_body_tokens,answer_only,f46dc32e2f00463c53745c6dd22d8b2dceed00f1e7be4dfd0d2c15781b1498a2,1.212721984833479
vt_h2_c3,97,FT_K1,0.6666666666666666,token_recall,0.1,eligible_body_tokens,answer_only,f46dc32e2f00463c53745c6dd22d8b2dceed00f1e7be4dfd0d2c15781b1498a2,0.8153299428522587
vt_h2_c3,97,ifr-tokenwise,0.7777777777777778,token_recall,0.1,eligible_body_tokens,answer_only,f46dc32e2f00463c53745c6dd22d8b2dceed00f1e7be4dfd0d2c15781b1498a2,4.432567555457354
vt_h2_c3,97,FT_K3,0.6666666666666666,token_recall,0.1,eligible_body_tokens,answer_only,f46dc32e2f00463c53745c6dd22d8b2dceed00f1e7be4dfd0d2c15781b1498a2,1.169875904917717
vt_h2_c3,98,DT,0.8620689655172413,token_recall,0.1,eligible_body_tokens,answer_only,18b5f2301606097f32dcec6ef0c264b36b24cd89c65b3b1c2cb368bc1d4478a1,1.2228417173027992
vt_h2_c3,98,FT_K1,0.7586206896551724,token_recall,0.1,eligible_body_tokens,answer_only,18b5f2301606097f32dcec6ef0c264b36b24cd89c65b3b1c2cb368bc1d4478a1,0.6480553522706032
vt_h2_c3,98,ifr-tokenwise,0.8620689655172413,token_recall,0.1,eligible_body_tokens,answer_only,18b5f2301606097f32dcec6ef0c264b36b24cd89c65b3b1c2cb368bc1d4478a1,4.354697324335575
vt_h2_c3,98,FT_K3,0.7586206896551724,token_recall,0.1,eligible_body_tokens,answer_only,18b5f2301606097f32dcec6ef0c264b36b24cd89c65b3b1c2cb368bc1d4478a1,1.0029291920363903
vt_h2_c3,99,DT,0.8214285714285714,token_recall,0.1,eligible_body_tokens,answer_only,abe891461895f18bab3e129b0be0ff02497ff1f14402f972b212683fd539fa38,1.2291686236858368
vt_h2_c3,99,FT_K1,0.6428571428571429,token_recall,0.1,eligible_body_tokens,answer_only,abe891461895f18bab3e129b0be0ff02497ff1f14402f972b212683fd539fa38,0.864450927823782
vt_h2_c3,99,ifr-tokenwise,0.75,token_recall,0.1,eligible_body_tokens,answer_only,abe891461895f18bab3e129b0be0ff02497ff1f14402f972b212683fd539fa38,4.811315570026636
vt_h2_c3,99,FT_K3,0.6428571428571429,token_recall,0.1,eligible_body_tokens,answer_only,abe891461895f18bab3e129b0be0ff02497ff1f14402f972b212683fd539fa38,1.2434746101498604
vt_h4_c1,0,DT,0.6666666666666666,token_recall,0.1,eligible_body_tokens,answer_only,e566fd4194b602953ab3525dc1ee22e0374de1024112daa3365cf4d61fffe60a,1.273643597960472
vt_h4_c1,0,FT_K1,0.6666666666666666,token_recall,0.1,eligible_body_tokens,answer_only,e566fd4194b602953ab3525dc1ee22e0374de1024112daa3365cf4d61fffe60a,0.8896684907376766
vt_h4_c1,0,ifr-tokenwise,0.6666666666666666,token_recall,0.1,eligible_body_tokens,answer_only,e566fd4194b602953ab3525dc1ee22e0374de1024112daa3365cf4d61fffe60a,5.459447454661131
vt_h4_c1,0,FT_K3,0.6666666666666666,token_recall,0.1,eligible_body_tokens,answer_only,e566fd4194b602953ab3525dc1ee22e0374de1024112daa3365cf4d61fffe60a,20.324868135154247
vt_h4_c1,1,DT,0.7083333333333334,token_recall,0.1,eligible_body_tokens,answer_only,7f4a80153580b6ede9fd0251ab44e6050d606f3d2ecf6a30dd1b4155d1652613,1.306274689733982
vt_h4_c1,1,FT_K1,0.7083333333333334,token_recall,0.1,eligible_body_tokens,answer_only,7f4a80153580b6ede9fd0251ab44e6050d606f3d2ecf6a30dd1b4155d1652613,0.8640200085937977
vt_h4_c1,1,ifr-tokenwise,0.7083333333333334,token_recall,0.1,eligible_body_tokens,answer_only,7f4a80153580b6ede9fd0251ab44e6050d606f3d2ecf6a30dd1b4155d1652613,5.259081345051527
vt_h4_c1,1,FT_K3,0.7083333333333334,token_recall,0.1,eligible_body_tokens,answer_only,7f4a80153580b6ede9fd0251ab44e6050d606f3d2ecf6a30dd1b4155d1652613,1.2465189211070538
vt_h4_c1,2,DT,0.717391304347826,token_recall,0.1,eligible_body_tokens,answer_only,5617521a27e2df77e18bb3295293caeb55e06fd8329d138a5f20f6b699c0f9b5,1.2538849599659443
vt_h4_c1,2,FT_K1,0.717391304347826,token_recall,0.1,eligible_body_tokens,answer_only,5617521a27e2df77e18bb3295293caeb55e06fd8329d138a5f20f6b699c0f9b5,0.875629473477602
vt_h4_c1,2,ifr-tokenwise,0.7391304347826086,token_recall,0.1,eligible_body_tokens,answer_only,5617521a27e2df77e18bb3295293caeb55e06fd8329d138a5f20f6b699c0f9b5,5.154841892421246
vt_h4_c1,2,FT_K3,0.717391304347826,token_recall,0.1,eligible_body_tokens,answer_only,5617521a27e2df77e18bb3295293caeb55e06fd8329d138a5f20f6b699c0f9b5,1.245171096175909
vt_h4_c1,3,DT,0.6888888888888889,token_recall,0.1,eligible_body_tokens,answer_only,c1f1deaea55f150148df6defdf7acbe646bb016e362e9b50d5553c16c938716f,1.2511030733585358
vt_h4_c1,3,FT_K1,0.6666666666666666,token_recall,0.1,eligible_body_tokens,answer_only,c1f1deaea55f150148df6defdf7acbe646bb016e362e9b50d5553c16c938716f,0.8529331162571907
vt_h4_c1,3,ifr-tokenwise,0.7111111111111111,token_recall,0.1,eligible_body_tokens,answer_only,c1f1deaea55f150148df6defdf7acbe646bb016e362e9b50d5553c16c938716f,5.033936902880669
vt_h4_c1,3,FT_K3,0.6666666666666666,token_recall,0.1,eligible_body_tokens,answer_only,c1f1deaea55f150148df6defdf7acbe646bb016e362e9b50d5553c16c938716f,1.2134134881198406
vt_h4_c1,4,DT,0.6538461538461539,token_recall,0.1,eligible_body_tokens,answer_only,9144f01eac7bb6bb431c13485de5e92e82f8f2411ceb6573036d14d88fdb5d0b,1.260303970426321
vt_h4_c1,4,FT_K1,0.6538461538461539,token_recall,0.1,eligible_body_tokens,answer_only,9144f01eac7bb6bb431c13485de5e92e82f8f2411ceb6573036d14d88fdb5d0b,0.6935278102755547
vt_h4_c1,4,ifr-tokenwise,0.6538461538461539,token_recall,0.1,eligible_body_tokens,answer_only,9144f01eac7bb6bb431c13485de5e92e82f8f2411ceb6573036d14d88fdb5d0b,5.301940016448498
vt_h4_c1,4,FT_K3,0.6346153846153846,token_recall,0.1,eligible_body_tokens,answer_only,9144f01eac7bb6bb431c13485de5e92e82f8f2411ceb6573036d14d88fdb5d0b,3.882697496563196
vt_h4_c1,5,DT,0.6818181818181818,token_recall,0.1,eligible_body_tokens,answer_only,670ac42528004f87bf389adbfed8927864ecb9a12db9098c4c1f423d95e7c01f,1.2395480871200562
vt_h4_c1,5,FT_K1,0.7045454545454546,token_recall,0.1,eligible_body_tokens,answer_only,670ac42528004f87bf389adbfed8927864ecb9a12db9098c4c1f423d95e7c01f,0.8549851179122925
vt_h4_c1,5,ifr-tokenwise,0.7272727272727273,token_recall,0.1,eligible_body_tokens,answer_only,670ac42528004f87bf389adbfed8927864ecb9a12db9098c4c1f423d95e7c01f,5.017905991524458
vt_h4_c1,5,FT_K3,0.7045454545454546,token_recall,0.1,eligible_body_tokens,answer_only,670ac42528004f87bf389adbfed8927864ecb9a12db9098c4c1f423d95e7c01f,1.2336025573313236
vt_h4_c1,6,DT,0.7272727272727273,token_recall,0.1,eligible_body_tokens,answer_only,0172c0e9c906e0b221279a938f5e46f214e74489f85906b29fd32e3c822f8b3f,1.25436807051301
vt_h4_c1,6,FT_K1,0.7045454545454546,token_recall,0.1,eligible_body_tokens,answer_only,0172c0e9c906e0b221279a938f5e46f214e74489f85906b29fd32e3c822f8b3f,0.6837300658226013
vt_h4_c1,6,ifr-tokenwise,0.7045454545454546,token_recall,0.1,eligible_body_tokens,answer_only,0172c0e9c906e0b221279a938f5e46f214e74489f85906b29fd32e3c822f8b3f,4.841346010565758
vt_h4_c1,6,FT_K3,0.7045454545454546,token_recall,0.1,eligible_body_tokens,answer_only,0172c0e9c906e0b221279a938f5e46f214e74489f85906b29fd32e3c822f8b3f,1.0797688029706478
vt_h4_c1,7,DT,0.7333333333333333,token_recall,0.1,eligible_body_tokens,answer_only,7058d7778a9cdd9f9ec9e7f5260225880be9547b7ce112124286bf01d3dec217,1.2529468648135662
vt_h4_c1,7,FT_K1,0.7111111111111111,token_recall,0.1,eligible_body_tokens,answer_only,7058d7778a9cdd9f9ec9e7f5260225880be9547b7ce112124286bf01d3dec217,0.808548491448164
vt_h4_c1,7,ifr-tokenwise,0.7111111111111111,token_recall,0.1,eligible_body_tokens,answer_only,7058d7778a9cdd9f9ec9e7f5260225880be9547b7ce112124286bf01d3dec217,5.0641644559800625
vt_h4_c1,7,FT_K3,0.7111111111111111,token_recall,0.1,eligible_body_tokens,answer_only,7058d7778a9cdd9f9ec9e7f5260225880be9547b7ce112124286bf01d3dec217,1.1616649143397808
vt_h4_c1,8,DT,0.6956521739130435,token_recall,0.1,eligible_body_tokens,answer_only,6622420ec688979aba967ee936e3e9dcb8333bd93aa1e58ffce7a71832ac46ab,1.2537747211754322
vt_h4_c1,8,FT_K1,0.6739130434782609,token_recall,0.1,eligible_body_tokens,answer_only,6622420ec688979aba967ee936e3e9dcb8333bd93aa1e58ffce7a71832ac46ab,0.7545073367655277
vt_h4_c1,8,ifr-tokenwise,0.717391304347826,token_recall,0.1,eligible_body_tokens,answer_only,6622420ec688979aba967ee936e3e9dcb8333bd93aa1e58ffce7a71832ac46ab,5.039559870958328
vt_h4_c1,8,FT_K3,0.6739130434782609,token_recall,0.1,eligible_body_tokens,answer_only,6622420ec688979aba967ee936e3e9dcb8333bd93aa1e58ffce7a71832ac46ab,1.111602246761322
vt_h4_c1,9,DT,0.6938775510204082,token_recall,0.1,eligible_body_tokens,answer_only,c7ef84682aabd2b1bd5d253eb79a09118cbd35bc49daf99188cff43275e53b7b,1.239312369376421
vt_h4_c1,9,FT_K1,0.6938775510204082,token_recall,0.1,eligible_body_tokens,answer_only,c7ef84682aabd2b1bd5d253eb79a09118cbd35bc49daf99188cff43275e53b7b,0.8434350751340389
vt_h4_c1,9,ifr-tokenwise,0.673469387755102,token_recall,0.1,eligible_body_tokens,answer_only,c7ef84682aabd2b1bd5d253eb79a09118cbd35bc49daf99188cff43275e53b7b,5.350642394274473
vt_h4_c1,9,FT_K3,0.6938775510204082,token_recall,0.1,eligible_body_tokens,answer_only,c7ef84682aabd2b1bd5d253eb79a09118cbd35bc49daf99188cff43275e53b7b,1.1874736733734608
vt_h4_c1,10,DT,0.7391304347826086,token_recall,0.1,eligible_body_tokens,answer_only,e8ff7fd902ff757b021171b3bb223b7330f6da29e783060c2f7645641563d309,1.2432856783270836
vt_h4_c1,10,FT_K1,0.6956521739130435,token_recall,0.1,eligible_body_tokens,answer_only,e8ff7fd902ff757b021171b3bb223b7330f6da29e783060c2f7645641563d309,0.9043014049530029
vt_h4_c1,10,ifr-tokenwise,0.717391304347826,token_recall,0.1,eligible_body_tokens,answer_only,e8ff7fd902ff757b021171b3bb223b7330f6da29e783060c2f7645641563d309,5.17500413954258
vt_h4_c1,10,FT_K3,0.6956521739130435,token_recall,0.1,eligible_body_tokens,answer_only,e8ff7fd902ff757b021171b3bb223b7330f6da29e783060c2f7645641563d309,1.2167746871709824
vt_h4_c1,11,DT,0.7083333333333334,token_recall,0.1,eligible_body_tokens,answer_only,746ae901a23469d0866029023cea7c89a24d0160efffede75e2845b2c908b5bb,1.2408939562737942
vt_h4_c1,11,FT_K1,0.6875,token_recall,0.1,eligible_body_tokens,answer_only,746ae901a23469d0866029023cea7c89a24d0160efffede75e2845b2c908b5bb,0.768492829054594
vt_h4_c1,11,ifr-tokenwise,0.6875,token_recall,0.1,eligible_body_tokens,answer_only,746ae901a23469d0866029023cea7c89a24d0160efffede75e2845b2c908b5bb,5.156306054443121
vt_h4_c1,11,FT_K3,0.6875,token_recall,0.1,eligible_body_tokens,answer_only,746ae901a23469d0866029023cea7c89a24d0160efffede75e2845b2c908b5bb,1.128692101687193
vt_h4_c1,12,DT,0.6538461538461539,token_recall,0.1,eligible_body_tokens,answer_only,ed05c7662334250d2e1728cb077f7f4a9eeb7435cd1ca1d60dcd7f91e6e706af,1.2666524425148964
vt_h4_c1,12,FT_K1,0.6346153846153846,token_recall,0.1,eligible_body_tokens,answer_only,ed05c7662334250d2e1728cb077f7f4a9eeb7435cd1ca1d60dcd7f91e6e706af,0.8596023358404636
vt_h4_c1,12,ifr-tokenwise,0.6538461538461539,token_recall,0.1,eligible_body_tokens,answer_only,ed05c7662334250d2e1728cb077f7f4a9eeb7435cd1ca1d60dcd7f91e6e706af,5.470893420279026
vt_h4_c1,12,FT_K3,0.6346153846153846,token_recall,0.1,eligible_body_tokens,answer_only,ed05c7662334250d2e1728cb077f7f4a9eeb7435cd1ca1d60dcd7f91e6e706af,20.443227618932724
vt_h4_c1,13,DT,0.7391304347826086,token_recall,0.1,eligible_body_tokens,answer_only,c75731e600aa43270a867d3a6b4e2ec89574c3c41814a1c2922be53146ff7ed4,1.2334231436252594
vt_h4_c1,13,FT_K1,0.717391304347826,token_recall,0.1,eligible_body_tokens,answer_only,c75731e600aa43270a867d3a6b4e2ec89574c3c41814a1c2922be53146ff7ed4,0.8508848771452904
vt_h4_c1,13,ifr-tokenwise,0.6956521739130435,token_recall,0.1,eligible_body_tokens,answer_only,c75731e600aa43270a867d3a6b4e2ec89574c3c41814a1c2922be53146ff7ed4,5.1283893547952175
vt_h4_c1,13,FT_K3,0.717391304347826,token_recall,0.1,eligible_body_tokens,answer_only,c75731e600aa43270a867d3a6b4e2ec89574c3c41814a1c2922be53146ff7ed4,1.2037565633654594
vt_h4_c1,14,DT,0.6538461538461539,token_recall,0.1,eligible_body_tokens,answer_only,51d6c9cfcae955f685c9c93e59a9f9d2de7d005afa857a5fb35d602a56c35bb4,1.2641436457633972
vt_h4_c1,14,FT_K1,0.6153846153846154,token_recall,0.1,eligible_body_tokens,answer_only,51d6c9cfcae955f685c9c93e59a9f9d2de7d005afa857a5fb35d602a56c35bb4,0.6715767197310925
vt_h4_c1,14,ifr-tokenwise,0.6346153846153846,token_recall,0.1,eligible_body_tokens,answer_only,51d6c9cfcae955f685c9c93e59a9f9d2de7d005afa857a5fb35d602a56c35bb4,5.367246489971876
vt_h4_c1,14,FT_K3,0.6153846153846154,token_recall,0.1,eligible_body_tokens,answer_only,51d6c9cfcae955f685c9c93e59a9f9d2de7d005afa857a5fb35d602a56c35bb4,3.7248241007328033
vt_h4_c1,15,DT,0.717391304347826,token_recall,0.1,eligible_body_tokens,answer_only,a37dbcaa69fea423d6465a2bcb38b48c8f35b7217557a7c6dcd893ffa8c9fb5e,1.2331229485571384
vt_h4_c1,15,FT_K1,0.6956521739130435,token_recall,0.1,eligible_body_tokens,answer_only,a37dbcaa69fea423d6465a2bcb38b48c8f35b7217557a7c6dcd893ffa8c9fb5e,0.8499392829835415
vt_h4_c1,15,ifr-tokenwise,0.717391304347826,token_recall,0.1,eligible_body_tokens,answer_only,a37dbcaa69fea423d6465a2bcb38b48c8f35b7217557a7c6dcd893ffa8c9fb5e,5.133474063128233
vt_h4_c1,15,FT_K3,0.6956521739130435,token_recall,0.1,eligible_body_tokens,answer_only,a37dbcaa69fea423d6465a2bcb38b48c8f35b7217557a7c6dcd893ffa8c9fb5e,1.1985523998737335
vt_h4_c1,16,DT,0.717391304347826,token_recall,0.1,eligible_body_tokens,answer_only,d3e07ee4febd6a5a470906f9ff391c8454ecc3276e47b5f86624dcaf8fa61266,1.2241262085735798
vt_h4_c1,16,FT_K1,0.6956521739130435,token_recall,0.1,eligible_body_tokens,answer_only,d3e07ee4febd6a5a470906f9ff391c8454ecc3276e47b5f86624dcaf8fa61266,0.754381000995636
vt_h4_c1,16,ifr-tokenwise,0.717391304347826,token_recall,0.1,eligible_body_tokens,answer_only,d3e07ee4febd6a5a470906f9ff391c8454ecc3276e47b5f86624dcaf8fa61266,5.059880957007408
vt_h4_c1,16,FT_K3,0.6956521739130435,token_recall,0.1,eligible_body_tokens,answer_only,d3e07ee4febd6a5a470906f9ff391c8454ecc3276e47b5f86624dcaf8fa61266,1.0897294245660305
vt_h4_c1,17,DT,0.7380952380952381,token_recall,0.1,eligible_body_tokens,answer_only,4c7130335f0cc40feb676ae72c63e356f2e7ff0ac1978dad5e5ce43d5fcedaca,1.2123553305864334
vt_h4_c1,17,FT_K1,0.6666666666666666,token_recall,0.1,eligible_body_tokens,answer_only,4c7130335f0cc40feb676ae72c63e356f2e7ff0ac1978dad5e5ce43d5fcedaca,0.8297584615647793
vt_h4_c1,17,ifr-tokenwise,0.7380952380952381,token_recall,0.1,eligible_body_tokens,answer_only,4c7130335f0cc40feb676ae72c63e356f2e7ff0ac1978dad5e5ce43d5fcedaca,4.9029286578297615
vt_h4_c1,17,FT_K3,0.6666666666666666,token_recall,0.1,eligible_body_tokens,answer_only,4c7130335f0cc40feb676ae72c63e356f2e7ff0ac1978dad5e5ce43d5fcedaca,1.1657832115888596
vt_h4_c1,18,DT,0.7111111111111111,token_recall,0.1,eligible_body_tokens,answer_only,a3a10b05411173247663f02d2a46c5fba10b9f4b5fff19bfe876c9a6def08605,1.2203959748148918
vt_h4_c1,18,FT_K1,0.7111111111111111,token_recall,0.1,eligible_body_tokens,answer_only,a3a10b05411173247663f02d2a46c5fba10b9f4b5fff19bfe876c9a6def08605,0.677395761013031
vt_h4_c1,18,ifr-tokenwise,0.7333333333333333,token_recall,0.1,eligible_body_tokens,answer_only,a3a10b05411173247663f02d2a46c5fba10b9f4b5fff19bfe876c9a6def08605,4.862212643027306
vt_h4_c1,18,FT_K3,0.7111111111111111,token_recall,0.1,eligible_body_tokens,answer_only,a3a10b05411173247663f02d2a46c5fba10b9f4b5fff19bfe876c9a6def08605,1.0140759162604809
vt_h4_c1,19,DT,0.673469387755102,token_recall,0.1,eligible_body_tokens,answer_only,6de99e67d84396ae03b471d30bf5d8056b43d9c50c545cea8bab662989b1bed7,1.2324733212590218
vt_h4_c1,19,FT_K1,0.673469387755102,token_recall,0.1,eligible_body_tokens,answer_only,6de99e67d84396ae03b471d30bf5d8056b43d9c50c545cea8bab662989b1bed7,0.6594576872885227
vt_h4_c1,19,ifr-tokenwise,0.6938775510204082,token_recall,0.1,eligible_body_tokens,answer_only,6de99e67d84396ae03b471d30bf5d8056b43d9c50c545cea8bab662989b1bed7,5.141251713037491
vt_h4_c1,19,FT_K3,0.673469387755102,token_recall,0.1,eligible_body_tokens,answer_only,6de99e67d84396ae03b471d30bf5d8056b43d9c50c545cea8bab662989b1bed7,0.9816825948655605
vt_h4_c1,20,DT,0.7021276595744681,token_recall,0.1,eligible_body_tokens,answer_only,ba49afdeb4994df87499fbc1d28e532d45b7882ec2088f8b5dc215a8991729ab,1.2295759618282318
vt_h4_c1,20,FT_K1,0.723404255319149,token_recall,0.1,eligible_body_tokens,answer_only,ba49afdeb4994df87499fbc1d28e532d45b7882ec2088f8b5dc215a8991729ab,0.8465844355523586
vt_h4_c1,20,ifr-tokenwise,0.7021276595744681,token_recall,0.1,eligible_body_tokens,answer_only,ba49afdeb4994df87499fbc1d28e532d45b7882ec2088f8b5dc215a8991729ab,5.119529061019421
vt_h4_c1,20,FT_K3,0.723404255319149,token_recall,0.1,eligible_body_tokens,answer_only,ba49afdeb4994df87499fbc1d28e532d45b7882ec2088f8b5dc215a8991729ab,1.180528100579977
vt_h4_c1,21,DT,0.66,token_recall,0.1,eligible_body_tokens,answer_only,b350f4d716f299f7eb7d1d2163f32b3e7e87d324679502cea8481b60327a9c22,1.2337294332683086
vt_h4_c1,21,FT_K1,0.66,token_recall,0.1,eligible_body_tokens,answer_only,b350f4d716f299f7eb7d1d2163f32b3e7e87d324679502cea8481b60327a9c22,0.7515010237693787
vt_h4_c1,21,ifr-tokenwise,0.68,token_recall,0.1,eligible_body_tokens,answer_only,b350f4d716f299f7eb7d1d2163f32b3e7e87d324679502cea8481b60327a9c22,5.236152704805136
vt_h4_c1,21,FT_K3,0.66,token_recall,0.1,eligible_body_tokens,answer_only,b350f4d716f299f7eb7d1d2163f32b3e7e87d324679502cea8481b60327a9c22,1.0958506129682064
vt_h4_c1,22,DT,0.673469387755102,token_recall,0.1,eligible_body_tokens,answer_only,2bda318712015c6e0404c8a44496ba7df4a1c9b0baab7c75126ea7f0bc5d202b,1.2507431842386723
vt_h4_c1,22,FT_K1,0.673469387755102,token_recall,0.1,eligible_body_tokens,answer_only,2bda318712015c6e0404c8a44496ba7df4a1c9b0baab7c75126ea7f0bc5d202b,0.881399005651474
vt_h4_c1,22,ifr-tokenwise,0.6938775510204082,token_recall,0.1,eligible_body_tokens,answer_only,2bda318712015c6e0404c8a44496ba7df4a1c9b0baab7c75126ea7f0bc5d202b,5.262208428233862
vt_h4_c1,22,FT_K3,0.673469387755102,token_recall,0.1,eligible_body_tokens,answer_only,2bda318712015c6e0404c8a44496ba7df4a1c9b0baab7c75126ea7f0bc5d202b,4.223394948989153
vt_h4_c1,23,DT,0.68,token_recall,0.1,eligible_body_tokens,answer_only,145d5c2795054a64f8c6c67ce0237c068c9b7edea40bdca65ece02c113711897,1.260279268026352
vt_h4_c1,23,FT_K1,0.68,token_recall,0.1,eligible_body_tokens,answer_only,145d5c2795054a64f8c6c67ce0237c068c9b7edea40bdca65ece02c113711897,0.8559876270592213
vt_h4_c1,23,ifr-tokenwise,0.66,token_recall,0.1,eligible_body_tokens,answer_only,145d5c2795054a64f8c6c67ce0237c068c9b7edea40bdca65ece02c113711897,5.355162635445595
vt_h4_c1,23,FT_K3,0.68,token_recall,0.1,eligible_body_tokens,answer_only,145d5c2795054a64f8c6c67ce0237c068c9b7edea40bdca65ece02c113711897,1.2170411795377731
vt_h4_c1,24,DT,0.7083333333333334,token_recall,0.1,eligible_body_tokens,answer_only,f9351b70fff03a32954a89cf1ef96ccd96ef578095521ad873f450d9212ed7cd,1.2537483014166355
vt_h4_c1,24,FT_K1,0.6875,token_recall,0.1,eligible_body_tokens,answer_only,f9351b70fff03a32954a89cf1ef96ccd96ef578095521ad873f450d9212ed7cd,0.7698745541274548
vt_h4_c1,24,ifr-tokenwise,0.6875,token_recall,0.1,eligible_body_tokens,answer_only,f9351b70fff03a32954a89cf1ef96ccd96ef578095521ad873f450d9212ed7cd,5.167760096490383
vt_h4_c1,24,FT_K3,0.6875,token_recall,0.1,eligible_body_tokens,answer_only,f9351b70fff03a32954a89cf1ef96ccd96ef578095521ad873f450d9212ed7cd,1.1234890148043633
vt_h4_c1,25,DT,0.68,token_recall,0.1,eligible_body_tokens,answer_only,4959b4128ba99fe7b0647df95dda995fbe860b9bd5c018adc2950e9093d03c77,1.2438020147383213
vt_h4_c1,25,FT_K1,0.68,token_recall,0.1,eligible_body_tokens,answer_only,4959b4128ba99fe7b0647df95dda995fbe860b9bd5c018adc2950e9093d03c77,0.8971140347421169
vt_h4_c1,25,ifr-tokenwise,0.66,token_recall,0.1,eligible_body_tokens,answer_only,4959b4128ba99fe7b0647df95dda995fbe860b9bd5c018adc2950e9093d03c77,5.339209716767073
vt_h4_c1,25,FT_K3,0.68,token_recall,0.1,eligible_body_tokens,answer_only,4959b4128ba99fe7b0647df95dda995fbe860b9bd5c018adc2950e9093d03c77,1.2369146719574928
vt_h4_c1,26,DT,0.68,token_recall,0.1,eligible_body_tokens,answer_only,e17b45cfdeef555e5252b77bc417b7f7b995bbdac4b8c3f4707b2acf463e16b5,1.2613101825118065
vt_h4_c1,26,FT_K1,0.68,token_recall,0.1,eligible_body_tokens,answer_only,e17b45cfdeef555e5252b77bc417b7f7b995bbdac4b8c3f4707b2acf463e16b5,0.8585140779614449
vt_h4_c1,26,ifr-tokenwise,0.68,token_recall,0.1,eligible_body_tokens,answer_only,e17b45cfdeef555e5252b77bc417b7f7b995bbdac4b8c3f4707b2acf463e16b5,5.338892973959446
vt_h4_c1,26,FT_K3,0.68,token_recall,0.1,eligible_body_tokens,answer_only,e17b45cfdeef555e5252b77bc417b7f7b995bbdac4b8c3f4707b2acf463e16b5,1.2201397903263569
vt_h4_c1,27,DT,0.673469387755102,token_recall,0.1,eligible_body_tokens,answer_only,2461a5ba795f5ad51cf82a7ebf2ef748fe9832e8c05b172745ef6591c9ceae1b,1.2437194660305977
vt_h4_c1,27,FT_K1,0.673469387755102,token_recall,0.1,eligible_body_tokens,answer_only,2461a5ba795f5ad51cf82a7ebf2ef748fe9832e8c05b172745ef6591c9ceae1b,0.6470665484666824
vt_h4_c1,27,ifr-tokenwise,0.6938775510204082,token_recall,0.1,eligible_body_tokens,answer_only,2461a5ba795f5ad51cf82a7ebf2ef748fe9832e8c05b172745ef6591c9ceae1b,5.138191152364016
vt_h4_c1,27,FT_K3,0.673469387755102,token_recall,0.1,eligible_body_tokens,answer_only,2461a5ba795f5ad51cf82a7ebf2ef748fe9832e8c05b172745ef6591c9ceae1b,0.9967914707958698
vt_h4_c1,28,DT,0.6875,token_recall,0.1,eligible_body_tokens,answer_only,da0afecdcc9ce4bae3e40e43273d9113cea4f7a6015581fb67661f423feba4a1,1.2422689571976662
vt_h4_c1,28,FT_K1,0.6875,token_recall,0.1,eligible_body_tokens,answer_only,da0afecdcc9ce4bae3e40e43273d9113cea4f7a6015581fb67661f423feba4a1,0.752238791435957
vt_h4_c1,28,ifr-tokenwise,0.6875,token_recall,0.1,eligible_body_tokens,answer_only,da0afecdcc9ce4bae3e40e43273d9113cea4f7a6015581fb67661f423feba4a1,5.1504037491977215
vt_h4_c1,28,FT_K3,0.6875,token_recall,0.1,eligible_body_tokens,answer_only,da0afecdcc9ce4bae3e40e43273d9113cea4f7a6015581fb67661f423feba4a1,1.1041071116924286
vt_h4_c1,29,DT,0.717391304347826,token_recall,0.1,eligible_body_tokens,answer_only,c05f235eeaed50bb4cc36ec79122247b3063d720bafd46167a0b4b7b839ce805,1.2362903393805027
vt_h4_c1,29,FT_K1,0.6956521739130435,token_recall,0.1,eligible_body_tokens,answer_only,c05f235eeaed50bb4cc36ec79122247b3063d720bafd46167a0b4b7b839ce805,0.8570694401860237
vt_h4_c1,29,ifr-tokenwise,0.717391304347826,token_recall,0.1,eligible_body_tokens,answer_only,c05f235eeaed50bb4cc36ec79122247b3063d720bafd46167a0b4b7b839ce805,5.129371989518404
vt_h4_c1,29,FT_K3,0.6956521739130435,token_recall,0.1,eligible_body_tokens,answer_only,c05f235eeaed50bb4cc36ec79122247b3063d720bafd46167a0b4b7b839ce805,1.1984590627253056
vt_h4_c1,30,DT,0.717391304347826,token_recall,0.1,eligible_body_tokens,answer_only,9fc21d9b73f87be220510cc607597c8c7f4d7e4e03e8f420cb0175add675a6ee,1.2045327611267567
vt_h4_c1,30,FT_K1,0.6521739130434783,token_recall,0.1,eligible_body_tokens,answer_only,9fc21d9b73f87be220510cc607597c8c7f4d7e4e03e8f420cb0175add675a6ee,0.7689013071358204
vt_h4_c1,30,ifr-tokenwise,0.717391304347826,token_recall,0.1,eligible_body_tokens,answer_only,9fc21d9b73f87be220510cc607597c8c7f4d7e4e03e8f420cb0175add675a6ee,4.997118003666401
vt_h4_c1,30,FT_K3,0.6521739130434783,token_recall,0.1,eligible_body_tokens,answer_only,9fc21d9b73f87be220510cc607597c8c7f4d7e4e03e8f420cb0175add675a6ee,1.0767962224781513
vt_h4_c1,31,DT,0.7391304347826086,token_recall,0.1,eligible_body_tokens,answer_only,b2ed018ac55cc96ca5dc09058d367af4adffb5bfad17de7ab9ed81572a1ed696,1.2315261587500572
vt_h4_c1,31,FT_K1,0.717391304347826,token_recall,0.1,eligible_body_tokens,answer_only,b2ed018ac55cc96ca5dc09058d367af4adffb5bfad17de7ab9ed81572a1ed696,0.8456226997077465
vt_h4_c1,31,ifr-tokenwise,0.7391304347826086,token_recall,0.1,eligible_body_tokens,answer_only,b2ed018ac55cc96ca5dc09058d367af4adffb5bfad17de7ab9ed81572a1ed696,5.143487341701984
vt_h4_c1,31,FT_K3,0.717391304347826,token_recall,0.1,eligible_body_tokens,answer_only,b2ed018ac55cc96ca5dc09058d367af4adffb5bfad17de7ab9ed81572a1ed696,1.194180279970169
vt_h4_c1,32,DT,0.717391304347826,token_recall,0.1,eligible_body_tokens,answer_only,cd2e56867627e2ac94b9626c8585d700cee3d5064f8b88b3d441b6f96be35d38,1.2347437776625156
vt_h4_c1,32,FT_K1,0.717391304347826,token_recall,0.1,eligible_body_tokens,answer_only,cd2e56867627e2ac94b9626c8585d700cee3d5064f8b88b3d441b6f96be35d38,0.7570460513234138
vt_h4_c1,32,ifr-tokenwise,0.7391304347826086,token_recall,0.1,eligible_body_tokens,answer_only,cd2e56867627e2ac94b9626c8585d700cee3d5064f8b88b3d441b6f96be35d38,5.0394678339362144
vt_h4_c1,32,FT_K3,0.717391304347826,token_recall,0.1,eligible_body_tokens,answer_only,cd2e56867627e2ac94b9626c8585d700cee3d5064f8b88b3d441b6f96be35d38,1.105715785175562
vt_h4_c1,33,DT,0.6538461538461539,token_recall,0.1,eligible_body_tokens,answer_only,739fe24de9e31ec71ac8a3ece0293fc9b43380777a60306897916f3c2fa8057a,1.2615705206990242
vt_h4_c1,33,FT_K1,0.6538461538461539,token_recall,0.1,eligible_body_tokens,answer_only,739fe24de9e31ec71ac8a3ece0293fc9b43380777a60306897916f3c2fa8057a,0.6789832599461079
vt_h4_c1,33,ifr-tokenwise,0.6538461538461539,token_recall,0.1,eligible_body_tokens,answer_only,739fe24de9e31ec71ac8a3ece0293fc9b43380777a60306897916f3c2fa8057a,5.277034290134907
vt_h4_c1,33,FT_K3,0.6538461538461539,token_recall,0.1,eligible_body_tokens,answer_only,739fe24de9e31ec71ac8a3ece0293fc9b43380777a60306897916f3c2fa8057a,1.0356185510754585
vt_h4_c1,34,DT,0.68,token_recall,0.1,eligible_body_tokens,answer_only,2a020aa04d59eb092d9f758fe7ea58d2585ac5c0ac84dbdbbfab17ad5cd9b8ff,1.2549810148775578
vt_h4_c1,34,FT_K1,0.66,token_recall,0.1,eligible_body_tokens,answer_only,2a020aa04d59eb092d9f758fe7ea58d2585ac5c0ac84dbdbbfab17ad5cd9b8ff,0.8520275168120861
vt_h4_c1,34,ifr-tokenwise,0.66,token_recall,0.1,eligible_body_tokens,answer_only,2a020aa04d59eb092d9f758fe7ea58d2585ac5c0ac84dbdbbfab17ad5cd9b8ff,5.35933331027627
vt_h4_c1,34,FT_K3,0.64,token_recall,0.1,eligible_body_tokens,answer_only,2a020aa04d59eb092d9f758fe7ea58d2585ac5c0ac84dbdbbfab17ad5cd9b8ff,1.1993974633514881
vt_h4_c1,35,DT,0.7083333333333334,token_recall,0.1,eligible_body_tokens,answer_only,da9035820b8df06fa4df5df25d17c7aeafd346eeaa004659576cc7427807a7e7,1.2189048267900944
vt_h4_c1,35,FT_K1,0.6875,token_recall,0.1,eligible_body_tokens,answer_only,da9035820b8df06fa4df5df25d17c7aeafd346eeaa004659576cc7427807a7e7,0.8574216291308403
vt_h4_c1,35,ifr-tokenwise,0.6875,token_recall,0.1,eligible_body_tokens,answer_only,da9035820b8df06fa4df5df25d17c7aeafd346eeaa004659576cc7427807a7e7,5.2289632968604565
vt_h4_c1,35,FT_K3,0.6875,token_recall,0.1,eligible_body_tokens,answer_only,da9035820b8df06fa4df5df25d17c7aeafd346eeaa004659576cc7427807a7e7,1.1970838196575642
vt_h4_c1,36,DT,0.68,token_recall,0.1,eligible_body_tokens,answer_only,4c180d3b470374cf16189146d9b92e8da80c0f23e89a3b4e588c8d4af5f3482c,1.2319413758814335
vt_h4_c1,36,FT_K1,0.68,token_recall,0.1,eligible_body_tokens,answer_only,4c180d3b470374cf16189146d9b92e8da80c0f23e89a3b4e588c8d4af5f3482c,0.847068976610899
vt_h4_c1,36,ifr-tokenwise,0.68,token_recall,0.1,eligible_body_tokens,answer_only,4c180d3b470374cf16189146d9b92e8da80c0f23e89a3b4e588c8d4af5f3482c,5.331539172679186
vt_h4_c1,36,FT_K3,0.68,token_recall,0.1,eligible_body_tokens,answer_only,4c180d3b470374cf16189146d9b92e8da80c0f23e89a3b4e588c8d4af5f3482c,1.1969022899866104
vt_h4_c1,37,DT,0.717391304347826,token_recall,0.1,eligible_body_tokens,answer_only,40e4eee76fd8c83dc0d8e09d3151c4fd885a2564d76a2d268690f7bc60454a41,1.2202347926795483
vt_h4_c1,37,FT_K1,0.6956521739130435,token_recall,0.1,eligible_body_tokens,answer_only,40e4eee76fd8c83dc0d8e09d3151c4fd885a2564d76a2d268690f7bc60454a41,0.6435251422226429
vt_h4_c1,37,ifr-tokenwise,0.717391304347826,token_recall,0.1,eligible_body_tokens,answer_only,40e4eee76fd8c83dc0d8e09d3151c4fd885a2564d76a2d268690f7bc60454a41,4.907049059867859
vt_h4_c1,37,FT_K3,0.6956521739130435,token_recall,0.1,eligible_body_tokens,answer_only,40e4eee76fd8c83dc0d8e09d3151c4fd885a2564d76a2d268690f7bc60454a41,0.9751478210091591
vt_h4_c1,38,DT,0.7083333333333334,token_recall,0.1,eligible_body_tokens,answer_only,9e2e9daef3bd06e12881501a8d0269242ed489d272c37e2004cbc38d86c03a34,1.2540080584585667
vt_h4_c1,38,FT_K1,0.6875,token_recall,0.1,eligible_body_tokens,answer_only,9e2e9daef3bd06e12881501a8d0269242ed489d272c37e2004cbc38d86c03a34,0.686185784637928
vt_h4_c1,38,ifr-tokenwise,0.7083333333333334,token_recall,0.1,eligible_body_tokens,answer_only,9e2e9daef3bd06e12881501a8d0269242ed489d272c37e2004cbc38d86c03a34,5.063099563121796
vt_h4_c1,38,FT_K3,0.6875,token_recall,0.1,eligible_body_tokens,answer_only,9e2e9daef3bd06e12881501a8d0269242ed489d272c37e2004cbc38d86c03a34,1.0885329358279705
vt_h4_c1,39,DT,0.7391304347826086,token_recall,0.1,eligible_body_tokens,answer_only,9dfa3188a4ed7fd222dd2b384ccd433df749ad640c628f52b1226bf7b95ce12d,1.2285361401736736
vt_h4_c1,39,FT_K1,0.717391304347826,token_recall,0.1,eligible_body_tokens,answer_only,9dfa3188a4ed7fd222dd2b384ccd433df749ad640c628f52b1226bf7b95ce12d,0.6601126715540886
vt_h4_c1,39,ifr-tokenwise,0.7391304347826086,token_recall,0.1,eligible_body_tokens,answer_only,9dfa3188a4ed7fd222dd2b384ccd433df749ad640c628f52b1226bf7b95ce12d,4.920134495943785
vt_h4_c1,39,FT_K3,0.717391304347826,token_recall,0.1,eligible_body_tokens,answer_only,9dfa3188a4ed7fd222dd2b384ccd433df749ad640c628f52b1226bf7b95ce12d,1.0286069549620152
vt_h4_c1,40,DT,0.723404255319149,token_recall,0.1,eligible_body_tokens,answer_only,74f144349f7f9147a51bffe438720a012d0b60363c6d35cf1d154173d02c7b86,1.2286637127399445
vt_h4_c1,40,FT_K1,0.7021276595744681,token_recall,0.1,eligible_body_tokens,answer_only,74f144349f7f9147a51bffe438720a012d0b60363c6d35cf1d154173d02c7b86,0.7386373579502106
vt_h4_c1,40,ifr-tokenwise,0.723404255319149,token_recall,0.1,eligible_body_tokens,answer_only,74f144349f7f9147a51bffe438720a012d0b60363c6d35cf1d154173d02c7b86,4.987638730555773
vt_h4_c1,40,FT_K3,0.7021276595744681,token_recall,0.1,eligible_body_tokens,answer_only,74f144349f7f9147a51bffe438720a012d0b60363c6d35cf1d154173d02c7b86,1.0747211873531342
vt_h4_c1,41,DT,0.7083333333333334,token_recall,0.1,eligible_body_tokens,answer_only,8aad125692febb910cf1fc483fb47bd9c330fab528920ce8cba0f2ded00b3069,1.2654626742005348
vt_h4_c1,41,FT_K1,0.7083333333333334,token_recall,0.1,eligible_body_tokens,answer_only,8aad125692febb910cf1fc483fb47bd9c330fab528920ce8cba0f2ded00b3069,0.7627385891973972
vt_h4_c1,41,ifr-tokenwise,0.7083333333333334,token_recall,0.1,eligible_body_tokens,answer_only,8aad125692febb910cf1fc483fb47bd9c330fab528920ce8cba0f2ded00b3069,5.160003740340471
vt_h4_c1,41,FT_K3,0.7083333333333334,token_recall,0.1,eligible_body_tokens,answer_only,8aad125692febb910cf1fc483fb47bd9c330fab528920ce8cba0f2ded00b3069,1.134974304586649
vt_h4_c1,42,DT,0.7380952380952381,token_recall,0.1,eligible_body_tokens,answer_only,fff79d8750dac799c20dd626859ce2cff0f90eaafb23657bf8ae5125ae25fab3,1.219649776816368
vt_h4_c1,42,FT_K1,0.7142857142857143,token_recall,0.1,eligible_body_tokens,answer_only,fff79d8750dac799c20dd626859ce2cff0f90eaafb23657bf8ae5125ae25fab3,0.673786636441946
vt_h4_c1,42,ifr-tokenwise,0.7380952380952381,token_recall,0.1,eligible_body_tokens,answer_only,fff79d8750dac799c20dd626859ce2cff0f90eaafb23657bf8ae5125ae25fab3,4.749636840075254
vt_h4_c1,42,FT_K3,0.7142857142857143,token_recall,0.1,eligible_body_tokens,answer_only,fff79d8750dac799c20dd626859ce2cff0f90eaafb23657bf8ae5125ae25fab3,1.0271701700985432
vt_h4_c1,43,DT,0.6875,token_recall,0.1,eligible_body_tokens,answer_only,9f3cafae3d22b4b4f34c2f2138ab53caabcc57be8b7a0073d2c838bbf3c5b9e3,1.2406634651124477
vt_h4_c1,43,FT_K1,0.6875,token_recall,0.1,eligible_body_tokens,answer_only,9f3cafae3d22b4b4f34c2f2138ab53caabcc57be8b7a0073d2c838bbf3c5b9e3,0.8838132470846176
vt_h4_c1,43,ifr-tokenwise,0.7083333333333334,token_recall,0.1,eligible_body_tokens,answer_only,9f3cafae3d22b4b4f34c2f2138ab53caabcc57be8b7a0073d2c838bbf3c5b9e3,5.24803401902318
vt_h4_c1,43,FT_K3,0.6875,token_recall,0.1,eligible_body_tokens,answer_only,9f3cafae3d22b4b4f34c2f2138ab53caabcc57be8b7a0073d2c838bbf3c5b9e3,1.2462425902485847
vt_h4_c1,44,DT,0.6875,token_recall,0.1,eligible_body_tokens,answer_only,cbcb4d763cf7b2c0ca58b07640e03d68fd1c7b805f086e60b5a708a146e4ab96,1.264304492622614
vt_h4_c1,44,FT_K1,0.6875,token_recall,0.1,eligible_body_tokens,answer_only,cbcb4d763cf7b2c0ca58b07640e03d68fd1c7b805f086e60b5a708a146e4ab96,0.8800927996635437
vt_h4_c1,44,ifr-tokenwise,0.7083333333333334,token_recall,0.1,eligible_body_tokens,answer_only,cbcb4d763cf7b2c0ca58b07640e03d68fd1c7b805f086e60b5a708a146e4ab96,5.272300582379103
vt_h4_c1,44,FT_K3,0.6875,token_recall,0.1,eligible_body_tokens,answer_only,cbcb4d763cf7b2c0ca58b07640e03d68fd1c7b805f086e60b5a708a146e4ab96,1.2461083307862282
vt_h4_c1,45,DT,0.7083333333333334,token_recall,0.1,eligible_body_tokens,answer_only,777f7ba41b7e222cdc197511a4ad20b2ac093221a73e9796ff818fe9d934b791,1.2237507216632366
vt_h4_c1,45,FT_K1,0.6875,token_recall,0.1,eligible_body_tokens,answer_only,777f7ba41b7e222cdc197511a4ad20b2ac093221a73e9796ff818fe9d934b791,0.8609809875488281
vt_h4_c1,45,ifr-tokenwise,0.7083333333333334,token_recall,0.1,eligible_body_tokens,answer_only,777f7ba41b7e222cdc197511a4ad20b2ac093221a73e9796ff818fe9d934b791,5.214980166405439
vt_h4_c1,45,FT_K3,0.6875,token_recall,0.1,eligible_body_tokens,answer_only,777f7ba41b7e222cdc197511a4ad20b2ac093221a73e9796ff818fe9d934b791,1.1988172568380833
vt_h4_c1,46,DT,0.7021276595744681,token_recall,0.1,eligible_body_tokens,answer_only,45cd90e091d52956d1af5cc2c7f4b1e0aa7d01b703977430bfd1d833fc5822f0,1.2258802726864815
vt_h4_c1,46,FT_K1,0.7021276595744681,token_recall,0.1,eligible_body_tokens,answer_only,45cd90e091d52956d1af5cc2c7f4b1e0aa7d01b703977430bfd1d833fc5822f0,0.6925611756742001
vt_h4_c1,46,ifr-tokenwise,0.7021276595744681,token_recall,0.1,eligible_body_tokens,answer_only,45cd90e091d52956d1af5cc2c7f4b1e0aa7d01b703977430bfd1d833fc5822f0,4.9818252846598625
vt_h4_c1,46,FT_K3,0.7021276595744681,token_recall,0.1,eligible_body_tokens,answer_only,45cd90e091d52956d1af5cc2c7f4b1e0aa7d01b703977430bfd1d833fc5822f0,1.0140203535556793
vt_h4_c1,47,DT,0.75,token_recall,0.1,eligible_body_tokens,answer_only,ccf0969b1e12cc249c45ef79ef5f4c43c991641c7e2512c6771c57f80f268704,1.2271124720573425
vt_h4_c1,47,FT_K1,0.7045454545454546,token_recall,0.1,eligible_body_tokens,answer_only,ccf0969b1e12cc249c45ef79ef5f4c43c991641c7e2512c6771c57f80f268704,0.6505115255713463
vt_h4_c1,47,ifr-tokenwise,0.7272727272727273,token_recall,0.1,eligible_body_tokens,answer_only,ccf0969b1e12cc249c45ef79ef5f4c43c991641c7e2512c6771c57f80f268704,4.833854973316193
vt_h4_c1,47,FT_K3,0.7045454545454546,token_recall,0.1,eligible_body_tokens,answer_only,ccf0969b1e12cc249c45ef79ef5f4c43c991641c7e2512c6771c57f80f268704,1.0047903917729855
vt_h4_c1,48,DT,0.717391304347826,token_recall,0.1,eligible_body_tokens,answer_only,a882fd2bddf17105811e864b9fc88f45a7141771340c70f99198f12cfdc81f00,1.3196262270212173
vt_h4_c1,48,FT_K1,0.6956521739130435,token_recall,0.1,eligible_body_tokens,answer_only,a882fd2bddf17105811e864b9fc88f45a7141771340c70f99198f12cfdc81f00,0.8611241169273853
vt_h4_c1,48,ifr-tokenwise,0.717391304347826,token_recall,0.1,eligible_body_tokens,answer_only,a882fd2bddf17105811e864b9fc88f45a7141771340c70f99198f12cfdc81f00,5.152196921408176
vt_h4_c1,48,FT_K3,0.6956521739130435,token_recall,0.1,eligible_body_tokens,answer_only,a882fd2bddf17105811e864b9fc88f45a7141771340c70f99198f12cfdc81f00,1.2209296748042107
vt_h4_c1,49,DT,0.723404255319149,token_recall,0.1,eligible_body_tokens,answer_only,de6251928fff00ca4e73a8e96a6ab935d807daf6a14daa6ba69ed4a22cc66734,1.245462168008089
vt_h4_c1,49,FT_K1,0.6808510638297872,token_recall,0.1,eligible_body_tokens,answer_only,de6251928fff00ca4e73a8e96a6ab935d807daf6a14daa6ba69ed4a22cc66734,0.8670243136584759
vt_h4_c1,49,ifr-tokenwise,0.7021276595744681,token_recall,0.1,eligible_body_tokens,answer_only,de6251928fff00ca4e73a8e96a6ab935d807daf6a14daa6ba69ed4a22cc66734,5.26439131051302
vt_h4_c1,49,FT_K3,0.6808510638297872,token_recall,0.1,eligible_body_tokens,answer_only,de6251928fff00ca4e73a8e96a6ab935d807daf6a14daa6ba69ed4a22cc66734,1.2478396631777287
vt_h4_c1,50,DT,0.68,token_recall,0.1,eligible_body_tokens,answer_only,e0a5d87e0057124c030b374304b3000443e8f0017beec794effea7ed91fb25d4,1.2621146515011787
vt_h4_c1,50,FT_K1,0.66,token_recall,0.1,eligible_body_tokens,answer_only,e0a5d87e0057124c030b374304b3000443e8f0017beec794effea7ed91fb25d4,0.7856452241539955
vt_h4_c1,50,ifr-tokenwise,0.66,token_recall,0.1,eligible_body_tokens,answer_only,e0a5d87e0057124c030b374304b3000443e8f0017beec794effea7ed91fb25d4,5.268218394368887
vt_h4_c1,50,FT_K3,0.66,token_recall,0.1,eligible_body_tokens,answer_only,e0a5d87e0057124c030b374304b3000443e8f0017beec794effea7ed91fb25d4,1.1176187545061111
vt_h4_c1,51,DT,0.7045454545454546,token_recall,0.1,eligible_body_tokens,answer_only,016d6805ff237d1922f167c434962ef099ba40147a43bcabff77246c88e6e29f,1.2491208985447884
vt_h4_c1,51,FT_K1,0.75,token_recall,0.1,eligible_body_tokens,answer_only,016d6805ff237d1922f167c434962ef099ba40147a43bcabff77246c88e6e29f,0.8147384040057659
vt_h4_c1,51,ifr-tokenwise,0.7272727272727273,token_recall,0.1,eligible_body_tokens,answer_only,016d6805ff237d1922f167c434962ef099ba40147a43bcabff77246c88e6e29f,4.971170928329229
vt_h4_c1,51,FT_K3,0.75,token_recall,0.1,eligible_body_tokens,answer_only,016d6805ff237d1922f167c434962ef099ba40147a43bcabff77246c88e6e29f,1.1643088050186634
vt_h4_c1,52,DT,0.6875,token_recall,0.1,eligible_body_tokens,answer_only,e5ccdaf1573c2e0689b4aa7b77a02bf771eb61567179423f7ef79d87bc83d4b9,1.224244650453329
vt_h4_c1,52,FT_K1,0.6875,token_recall,0.1,eligible_body_tokens,answer_only,e5ccdaf1573c2e0689b4aa7b77a02bf771eb61567179423f7ef79d87bc83d4b9,0.6676395609974861
vt_h4_c1,52,ifr-tokenwise,0.7083333333333334,token_recall,0.1,eligible_body_tokens,answer_only,e5ccdaf1573c2e0689b4aa7b77a02bf771eb61567179423f7ef79d87bc83d4b9,5.046411365270615
vt_h4_c1,52,FT_K3,0.6666666666666666,token_recall,0.1,eligible_body_tokens,answer_only,e5ccdaf1573c2e0689b4aa7b77a02bf771eb61567179423f7ef79d87bc83d4b9,1.009319219738245
vt_h4_c1,53,DT,0.7083333333333334,token_recall,0.1,eligible_body_tokens,answer_only,63d4d3f167a4c270fd399b40622d680861e067e54f903c306440ba09de213505,1.2227338328957558
vt_h4_c1,53,FT_K1,0.6875,token_recall,0.1,eligible_body_tokens,answer_only,63d4d3f167a4c270fd399b40622d680861e067e54f903c306440ba09de213505,0.8490710780024529
vt_h4_c1,53,ifr-tokenwise,0.6875,token_recall,0.1,eligible_body_tokens,answer_only,63d4d3f167a4c270fd399b40622d680861e067e54f903c306440ba09de213505,5.223967552185059
vt_h4_c1,53,FT_K3,0.6875,token_recall,0.1,eligible_body_tokens,answer_only,63d4d3f167a4c270fd399b40622d680861e067e54f903c306440ba09de213505,1.1879632584750652
vt_h4_c1,54,DT,0.7209302325581395,token_recall,0.1,eligible_body_tokens,answer_only,3195c7ccfe85c35541e31d89d5d8f992385fdf2e9769a5c7793cfb49e544881b,1.20420453697443
vt_h4_c1,54,FT_K1,0.6511627906976745,token_recall,0.1,eligible_body_tokens,answer_only,3195c7ccfe85c35541e31d89d5d8f992385fdf2e9769a5c7793cfb49e544881b,0.7273027412593365
vt_h4_c1,54,ifr-tokenwise,0.7209302325581395,token_recall,0.1,eligible_body_tokens,answer_only,3195c7ccfe85c35541e31d89d5d8f992385fdf2e9769a5c7793cfb49e544881b,4.80091667920351
vt_h4_c1,54,FT_K3,0.6511627906976745,token_recall,0.1,eligible_body_tokens,answer_only,3195c7ccfe85c35541e31d89d5d8f992385fdf2e9769a5c7793cfb49e544881b,1.0629279017448425
vt_h4_c1,55,DT,0.6938775510204082,token_recall,0.1,eligible_body_tokens,answer_only,f0d8ba26461ee33d887e446a5a090db892b9872002f537e466cc99a60f809a64,1.2324504479765892
vt_h4_c1,55,FT_K1,0.6530612244897959,token_recall,0.1,eligible_body_tokens,answer_only,f0d8ba26461ee33d887e446a5a090db892b9872002f537e466cc99a60f809a64,0.6482176594436169
vt_h4_c1,55,ifr-tokenwise,0.673469387755102,token_recall,0.1,eligible_body_tokens,answer_only,f0d8ba26461ee33d887e446a5a090db892b9872002f537e466cc99a60f809a64,5.12124315649271
vt_h4_c1,55,FT_K3,0.6530612244897959,token_recall,0.1,eligible_body_tokens,answer_only,f0d8ba26461ee33d887e446a5a090db892b9872002f537e466cc99a60f809a64,1.005702007561922
vt_h4_c1,56,DT,0.6956521739130435,token_recall,0.1,eligible_body_tokens,answer_only,753391fe2bbf30b86b887f65c9fe9c4e0e835a7161009594dd19bd062f0b6618,1.2358702383935452
vt_h4_c1,56,FT_K1,0.6956521739130435,token_recall,0.1,eligible_body_tokens,answer_only,753391fe2bbf30b86b887f65c9fe9c4e0e835a7161009594dd19bd062f0b6618,0.8438522964715958
vt_h4_c1,56,ifr-tokenwise,0.717391304347826,token_recall,0.1,eligible_body_tokens,answer_only,753391fe2bbf30b86b887f65c9fe9c4e0e835a7161009594dd19bd062f0b6618,5.113143257796764
vt_h4_c1,56,FT_K3,0.6956521739130435,token_recall,0.1,eligible_body_tokens,answer_only,753391fe2bbf30b86b887f65c9fe9c4e0e835a7161009594dd19bd062f0b6618,1.191641729325056
vt_h4_c1,57,DT,0.6875,token_recall,0.1,eligible_body_tokens,answer_only,629566c14ea5a408af885148cc4ccad4654d22b2553955c7e06f5eb9eb9dbe30,1.2238738760352135
vt_h4_c1,57,FT_K1,0.6875,token_recall,0.1,eligible_body_tokens,answer_only,629566c14ea5a408af885148cc4ccad4654d22b2553955c7e06f5eb9eb9dbe30,0.6529190689325333
vt_h4_c1,57,ifr-tokenwise,0.6875,token_recall,0.1,eligible_body_tokens,answer_only,629566c14ea5a408af885148cc4ccad4654d22b2553955c7e06f5eb9eb9dbe30,5.026237960904837
vt_h4_c1,57,FT_K3,0.6875,token_recall,0.1,eligible_body_tokens,answer_only,629566c14ea5a408af885148cc4ccad4654d22b2553955c7e06f5eb9eb9dbe30,0.9868878088891506
vt_h4_c1,58,DT,0.7391304347826086,token_recall,0.1,eligible_body_tokens,answer_only,0c990669650b4e05c1d68248d2cdee4a94cc087ddc393d594db60aa680fa69b9,1.251576915383339
vt_h4_c1,58,FT_K1,0.717391304347826,token_recall,0.1,eligible_body_tokens,answer_only,0c990669650b4e05c1d68248d2cdee4a94cc087ddc393d594db60aa680fa69b9,0.7383234724402428
vt_h4_c1,58,ifr-tokenwise,0.7391304347826086,token_recall,0.1,eligible_body_tokens,answer_only,0c990669650b4e05c1d68248d2cdee4a94cc087ddc393d594db60aa680fa69b9,5.023724500089884
vt_h4_c1,58,FT_K3,0.717391304347826,token_recall,0.1,eligible_body_tokens,answer_only,0c990669650b4e05c1d68248d2cdee4a94cc087ddc393d594db60aa680fa69b9,1.0961881317198277
vt_h4_c1,59,DT,0.7045454545454546,token_recall,0.1,eligible_body_tokens,answer_only,a64d373f91f12d5061b3fad39f7aaf58d2beea1f250a86dd4bc33dac215a08b5,1.2255833968520164
vt_h4_c1,59,FT_K1,0.7045454545454546,token_recall,0.1,eligible_body_tokens,answer_only,a64d373f91f12d5061b3fad39f7aaf58d2beea1f250a86dd4bc33dac215a08b5,0.8380714878439903
vt_h4_c1,59,ifr-tokenwise,0.7272727272727273,token_recall,0.1,eligible_body_tokens,answer_only,a64d373f91f12d5061b3fad39f7aaf58d2beea1f250a86dd4bc33dac215a08b5,5.01401985809207
vt_h4_c1,59,FT_K3,0.7045454545454546,token_recall,0.1,eligible_body_tokens,answer_only,a64d373f91f12d5061b3fad39f7aaf58d2beea1f250a86dd4bc33dac215a08b5,1.1800616160035133
vt_h4_c1,60,DT,0.7083333333333334,token_recall,0.1,eligible_body_tokens,answer_only,b3e638172ac6c0c1055e4fa8771f9a8bdbd8e0fbb1292c6f3d5d5d2f8d626d72,1.2379433922469616
vt_h4_c1,60,FT_K1,0.6875,token_recall,0.1,eligible_body_tokens,answer_only,b3e638172ac6c0c1055e4fa8771f9a8bdbd8e0fbb1292c6f3d5d5d2f8d626d72,0.7573689334094524
vt_h4_c1,60,ifr-tokenwise,0.7083333333333334,token_recall,0.1,eligible_body_tokens,answer_only,b3e638172ac6c0c1055e4fa8771f9a8bdbd8e0fbb1292c6f3d5d5d2f8d626d72,5.122774988412857
vt_h4_c1,60,FT_K3,0.6875,token_recall,0.1,eligible_body_tokens,answer_only,b3e638172ac6c0c1055e4fa8771f9a8bdbd8e0fbb1292c6f3d5d5d2f8d626d72,1.105701256543398
vt_h4_c1,61,DT,0.7021276595744681,token_recall,0.1,eligible_body_tokens,answer_only,777f5001b674320d5930ea10bdbc4e84c3a2cc46024e9f2a721220bfd9e05395,1.2199879810214043
vt_h4_c1,61,FT_K1,0.723404255319149,token_recall,0.1,eligible_body_tokens,answer_only,777f5001b674320d5930ea10bdbc4e84c3a2cc46024e9f2a721220bfd9e05395,0.6805337481200695
vt_h4_c1,61,ifr-tokenwise,0.723404255319149,token_recall,0.1,eligible_body_tokens,answer_only,777f5001b674320d5930ea10bdbc4e84c3a2cc46024e9f2a721220bfd9e05395,4.961517594754696
vt_h4_c1,61,FT_K3,0.723404255319149,token_recall,0.1,eligible_body_tokens,answer_only,777f5001b674320d5930ea10bdbc4e84c3a2cc46024e9f2a721220bfd9e05395,1.0183031409978867
vt_h4_c1,62,DT,0.7021276595744681,token_recall,0.1,eligible_body_tokens,answer_only,e4b6e1d1f848f632605ba6c397db992805eae74c15dbba3f4d9202e1ca3f25f0,1.2395153939723969
vt_h4_c1,62,FT_K1,0.7021276595744681,token_recall,0.1,eligible_body_tokens,answer_only,e4b6e1d1f848f632605ba6c397db992805eae74c15dbba3f4d9202e1ca3f25f0,0.6790000014007092
vt_h4_c1,62,ifr-tokenwise,0.723404255319149,token_recall,0.1,eligible_body_tokens,answer_only,e4b6e1d1f848f632605ba6c397db992805eae74c15dbba3f4d9202e1ca3f25f0,4.968812331557274
vt_h4_c1,62,FT_K3,0.7021276595744681,token_recall,0.1,eligible_body_tokens,answer_only,e4b6e1d1f848f632605ba6c397db992805eae74c15dbba3f4d9202e1ca3f25f0,1.024147905409336
vt_h4_c1,63,DT,0.6666666666666666,token_recall,0.1,eligible_body_tokens,answer_only,990fd4a61c52cbe27d60c9fded6594c7bab303d2d4a25b7b559aeeab2be627bf,1.2602053880691528
vt_h4_c1,63,FT_K1,0.6666666666666666,token_recall,0.1,eligible_body_tokens,answer_only,990fd4a61c52cbe27d60c9fded6594c7bab303d2d4a25b7b559aeeab2be627bf,0.8477560579776764
vt_h4_c1,63,ifr-tokenwise,0.6470588235294118,token_recall,0.1,eligible_body_tokens,answer_only,990fd4a61c52cbe27d60c9fded6594c7bab303d2d4a25b7b559aeeab2be627bf,5.439293161034584
vt_h4_c1,63,FT_K3,0.6666666666666666,token_recall,0.1,eligible_body_tokens,answer_only,990fd4a61c52cbe27d60c9fded6594c7bab303d2d4a25b7b559aeeab2be627bf,1.179251678287983
vt_h4_c1,64,DT,0.6808510638297872,token_recall,0.1,eligible_body_tokens,answer_only,59e4f82dbfd747bf714f52fee4107c743af87da415dd0a97cacae82928f32f13,1.2279705479741096
vt_h4_c1,64,FT_K1,0.723404255319149,token_recall,0.1,eligible_body_tokens,answer_only,59e4f82dbfd747bf714f52fee4107c743af87da415dd0a97cacae82928f32f13,0.7822685651481152
vt_h4_c1,64,ifr-tokenwise,0.7021276595744681,token_recall,0.1,eligible_body_tokens,answer_only,59e4f82dbfd747bf714f52fee4107c743af87da415dd0a97cacae82928f32f13,5.134649410843849
vt_h4_c1,64,FT_K3,0.723404255319149,token_recall,0.1,eligible_body_tokens,answer_only,59e4f82dbfd747bf714f52fee4107c743af87da415dd0a97cacae82928f32f13,1.1227424666285515
vt_h4_c1,65,DT,0.7083333333333334,token_recall,0.1,eligible_body_tokens,answer_only,e923e271a78e8e6faba8bd5d379c5bf5c2cbaf92d85d38a0d0af1467984e7835,1.259085737168789
vt_h4_c1,65,FT_K1,0.7083333333333334,token_recall,0.1,eligible_body_tokens,answer_only,e923e271a78e8e6faba8bd5d379c5bf5c2cbaf92d85d38a0d0af1467984e7835,0.8823076672852039
vt_h4_c1,65,ifr-tokenwise,0.7083333333333334,token_recall,0.1,eligible_body_tokens,answer_only,e923e271a78e8e6faba8bd5d379c5bf5c2cbaf92d85d38a0d0af1467984e7835,5.247342262417078
vt_h4_c1,65,FT_K3,0.7083333333333334,token_recall,0.1,eligible_body_tokens,answer_only,e923e271a78e8e6faba8bd5d379c5bf5c2cbaf92d85d38a0d0af1467984e7835,1.2636343948543072
vt_h4_c1,66,DT,0.723404255319149,token_recall,0.1,eligible_body_tokens,answer_only,44356088ee760d46f8e949bd6fcd39ece0304c8df4f71ddba79aaea33372334e,1.223777875304222
vt_h4_c1,66,FT_K1,0.723404255319149,token_recall,0.1,eligible_body_tokens,answer_only,44356088ee760d46f8e949bd6fcd39ece0304c8df4f71ddba79aaea33372334e,0.85633285343647
vt_h4_c1,66,ifr-tokenwise,0.723404255319149,token_recall,0.1,eligible_body_tokens,answer_only,44356088ee760d46f8e949bd6fcd39ece0304c8df4f71ddba79aaea33372334e,5.226974606513977
vt_h4_c1,66,FT_K3,0.723404255319149,token_recall,0.1,eligible_body_tokens,answer_only,44356088ee760d46f8e949bd6fcd39ece0304c8df4f71ddba79aaea33372334e,1.1904562562704086
vt_h4_c1,67,DT,0.7083333333333334,token_recall,0.1,eligible_body_tokens,answer_only,63c96c8d96eabec2f34f29206f6c0ad3e3ac55d71b9b4c5e6b3127e2899de746,1.2322555780410767
vt_h4_c1,67,FT_K1,0.6666666666666666,token_recall,0.1,eligible_body_tokens,answer_only,63c96c8d96eabec2f34f29206f6c0ad3e3ac55d71b9b4c5e6b3127e2899de746,0.761830810457468
vt_h4_c1,67,ifr-tokenwise,0.7083333333333334,token_recall,0.1,eligible_body_tokens,answer_only,63c96c8d96eabec2f34f29206f6c0ad3e3ac55d71b9b4c5e6b3127e2899de746,5.1402846574783325
vt_h4_c1,67,FT_K3,0.6666666666666666,token_recall,0.1,eligible_body_tokens,answer_only,63c96c8d96eabec2f34f29206f6c0ad3e3ac55d71b9b4c5e6b3127e2899de746,1.1436763405799866
vt_h4_c1,68,DT,0.723404255319149,token_recall,0.1,eligible_body_tokens,answer_only,c44003017c37e939f046bfb292087b9c2ff2f0dc2ccd71ba71199e3f42be32b7,1.2309034243226051
vt_h4_c1,68,FT_K1,0.6808510638297872,token_recall,0.1,eligible_body_tokens,answer_only,c44003017c37e939f046bfb292087b9c2ff2f0dc2ccd71ba71199e3f42be32b7,0.6758659854531288
vt_h4_c1,68,ifr-tokenwise,0.723404255319149,token_recall,0.1,eligible_body_tokens,answer_only,c44003017c37e939f046bfb292087b9c2ff2f0dc2ccd71ba71199e3f42be32b7,4.9633494056761265
vt_h4_c1,68,FT_K3,0.6808510638297872,token_recall,0.1,eligible_body_tokens,answer_only,c44003017c37e939f046bfb292087b9c2ff2f0dc2ccd71ba71199e3f42be32b7,1.009738340973854
vt_h4_c1,69,DT,0.7083333333333334,token_recall,0.1,eligible_body_tokens,answer_only,6a28cc3526f8aff36828582af6b2b189ab8fa2454173d5a6fffd6bcab6a3192d,1.2265588901937008
vt_h4_c1,69,FT_K1,0.7083333333333334,token_recall,0.1,eligible_body_tokens,answer_only,6a28cc3526f8aff36828582af6b2b189ab8fa2454173d5a6fffd6bcab6a3192d,0.7586828917264938
vt_h4_c1,69,ifr-tokenwise,0.7083333333333334,token_recall,0.1,eligible_body_tokens,answer_only,6a28cc3526f8aff36828582af6b2b189ab8fa2454173d5a6fffd6bcab6a3192d,5.143305160105228
vt_h4_c1,69,FT_K3,0.7083333333333334,token_recall,0.1,eligible_body_tokens,answer_only,6a28cc3526f8aff36828582af6b2b189ab8fa2454173d5a6fffd6bcab6a3192d,1.1110020615160465
vt_h4_c1,70,DT,0.723404255319149,token_recall,0.1,eligible_body_tokens,answer_only,e1f5f6f5666b300eaad323bfb1ab1551405d069e3fea39c0d561f6337c712ecc,1.26241023093462
vt_h4_c1,70,FT_K1,0.7021276595744681,token_recall,0.1,eligible_body_tokens,answer_only,e1f5f6f5666b300eaad323bfb1ab1551405d069e3fea39c0d561f6337c712ecc,0.6732581108808517
vt_h4_c1,70,ifr-tokenwise,0.723404255319149,token_recall,0.1,eligible_body_tokens,answer_only,e1f5f6f5666b300eaad323bfb1ab1551405d069e3fea39c0d561f6337c712ecc,4.961379334330559
vt_h4_c1,70,FT_K3,0.7021276595744681,token_recall,0.1,eligible_body_tokens,answer_only,e1f5f6f5666b300eaad323bfb1ab1551405d069e3fea39c0d561f6337c712ecc,1.0242248214781284
vt_h4_c1,71,DT,0.7391304347826086,token_recall,0.1,eligible_body_tokens,answer_only,a2da1145f6d9065435eae01f6e90730d0237fcd339f1475bf71a15c356b1cfad,1.233518872410059
vt_h4_c1,71,FT_K1,0.717391304347826,token_recall,0.1,eligible_body_tokens,answer_only,a2da1145f6d9065435eae01f6e90730d0237fcd339f1475bf71a15c356b1cfad,0.8450364954769611
vt_h4_c1,71,ifr-tokenwise,0.7391304347826086,token_recall,0.1,eligible_body_tokens,answer_only,a2da1145f6d9065435eae01f6e90730d0237fcd339f1475bf71a15c356b1cfad,5.122704390436411
vt_h4_c1,71,FT_K3,0.717391304347826,token_recall,0.1,eligible_body_tokens,answer_only,a2da1145f6d9065435eae01f6e90730d0237fcd339f1475bf71a15c356b1cfad,1.188785556703806
vt_h4_c1,72,DT,0.66,token_recall,0.1,eligible_body_tokens,answer_only,3b82dca9cb5005309aa943438f36e48ea980e602150223b8e08ebfb0e0c90a43,1.2520556785166264
vt_h4_c1,72,FT_K1,0.68,token_recall,0.1,eligible_body_tokens,answer_only,3b82dca9cb5005309aa943438f36e48ea980e602150223b8e08ebfb0e0c90a43,0.8489324450492859
vt_h4_c1,72,ifr-tokenwise,0.68,token_recall,0.1,eligible_body_tokens,answer_only,3b82dca9cb5005309aa943438f36e48ea980e602150223b8e08ebfb0e0c90a43,5.329580787569284
vt_h4_c1,72,FT_K3,0.68,token_recall,0.1,eligible_body_tokens,answer_only,3b82dca9cb5005309aa943438f36e48ea980e602150223b8e08ebfb0e0c90a43,1.2043457180261612
vt_h4_c1,73,DT,0.7391304347826086,token_recall,0.1,eligible_body_tokens,answer_only,2923f39e210e8ae4933261423859bf33fbab4ad6c943b24b150400a4097649a7,1.2083396948873997
vt_h4_c1,73,FT_K1,0.6956521739130435,token_recall,0.1,eligible_body_tokens,answer_only,2923f39e210e8ae4933261423859bf33fbab4ad6c943b24b150400a4097649a7,0.825807698071003
vt_h4_c1,73,ifr-tokenwise,0.717391304347826,token_recall,0.1,eligible_body_tokens,answer_only,2923f39e210e8ae4933261423859bf33fbab4ad6c943b24b150400a4097649a7,5.089346822351217
vt_h4_c1,73,FT_K3,0.6956521739130435,token_recall,0.1,eligible_body_tokens,answer_only,2923f39e210e8ae4933261423859bf33fbab4ad6c943b24b150400a4097649a7,1.1681907027959824
vt_h4_c1,74,DT,0.7083333333333334,token_recall,0.1,eligible_body_tokens,answer_only,9ce3b6da8663c50e43f1b610a29ddf4554e4da40c27e4687215d9453cdbeba6f,1.2274761646986008
vt_h4_c1,74,FT_K1,0.7083333333333334,token_recall,0.1,eligible_body_tokens,answer_only,9ce3b6da8663c50e43f1b610a29ddf4554e4da40c27e4687215d9453cdbeba6f,0.8411140516400337
vt_h4_c1,74,ifr-tokenwise,0.6875,token_recall,0.1,eligible_body_tokens,answer_only,9ce3b6da8663c50e43f1b610a29ddf4554e4da40c27e4687215d9453cdbeba6f,5.205098997801542
vt_h4_c1,74,FT_K3,0.7083333333333334,token_recall,0.1,eligible_body_tokens,answer_only,9ce3b6da8663c50e43f1b610a29ddf4554e4da40c27e4687215d9453cdbeba6f,1.1822984665632248
vt_h4_c1,75,DT,0.75,token_recall,0.1,eligible_body_tokens,answer_only,c8313cc1e2098afbebf4af614bf88f7f45d6b0c052ee009de043ddf5297b976a,1.2558776624500751
vt_h4_c1,75,FT_K1,0.7272727272727273,token_recall,0.1,eligible_body_tokens,answer_only,c8313cc1e2098afbebf4af614bf88f7f45d6b0c052ee009de043ddf5297b976a,0.853170245885849
vt_h4_c1,75,ifr-tokenwise,0.7272727272727273,token_recall,0.1,eligible_body_tokens,answer_only,c8313cc1e2098afbebf4af614bf88f7f45d6b0c052ee009de043ddf5297b976a,5.010576777160168
vt_h4_c1,75,FT_K3,0.7272727272727273,token_recall,0.1,eligible_body_tokens,answer_only,c8313cc1e2098afbebf4af614bf88f7f45d6b0c052ee009de043ddf5297b976a,1.238200280815363
vt_h4_c1,76,DT,0.7391304347826086,token_recall,0.1,eligible_body_tokens,answer_only,0a9865dfd69d6b738a8396216e78509b5ba6301f1a591120c49ca07dc4dcf2b1,1.2426264397799969
vt_h4_c1,76,FT_K1,0.6956521739130435,token_recall,0.1,eligible_body_tokens,answer_only,0a9865dfd69d6b738a8396216e78509b5ba6301f1a591120c49ca07dc4dcf2b1,0.8626600839197636
vt_h4_c1,76,ifr-tokenwise,0.717391304347826,token_recall,0.1,eligible_body_tokens,answer_only,0a9865dfd69d6b738a8396216e78509b5ba6301f1a591120c49ca07dc4dcf2b1,5.158059224486351
vt_h4_c1,76,FT_K3,0.6956521739130435,token_recall,0.1,eligible_body_tokens,answer_only,0a9865dfd69d6b738a8396216e78509b5ba6301f1a591120c49ca07dc4dcf2b1,1.2296937927603722
vt_h4_c1,77,DT,0.7391304347826086,token_recall,0.1,eligible_body_tokens,answer_only,2046ee0f43d244d904be4bf3545c6bbbcf6c9b67a325fa8de9dd0062d5344b30,1.2428521700203419
vt_h4_c1,77,FT_K1,0.717391304347826,token_recall,0.1,eligible_body_tokens,answer_only,2046ee0f43d244d904be4bf3545c6bbbcf6c9b67a325fa8de9dd0062d5344b30,0.8718521520495415
vt_h4_c1,77,ifr-tokenwise,0.7391304347826086,token_recall,0.1,eligible_body_tokens,answer_only,2046ee0f43d244d904be4bf3545c6bbbcf6c9b67a325fa8de9dd0062d5344b30,5.1475047543644905
vt_h4_c1,77,FT_K3,0.717391304347826,token_recall,0.1,eligible_body_tokens,answer_only,2046ee0f43d244d904be4bf3545c6bbbcf6c9b67a325fa8de9dd0062d5344b30,1.2289350181818008
vt_h4_c1,78,DT,0.68,token_recall,0.1,eligible_body_tokens,answer_only,c5600f1ff4447b95c7481e9eb37924d1394863ebae4f9130074af67d7402edd3,1.2480718903243542
vt_h4_c1,78,FT_K1,0.68,token_recall,0.1,eligible_body_tokens,answer_only,c5600f1ff4447b95c7481e9eb37924d1394863ebae4f9130074af67d7402edd3,0.8958646655082703
vt_h4_c1,78,ifr-tokenwise,0.68,token_recall,0.1,eligible_body_tokens,answer_only,c5600f1ff4447b95c7481e9eb37924d1394863ebae4f9130074af67d7402edd3,5.366826564073563
vt_h4_c1,78,FT_K3,0.68,token_recall,0.1,eligible_body_tokens,answer_only,c5600f1ff4447b95c7481e9eb37924d1394863ebae4f9130074af67d7402edd3,1.2826561145484447
vt_h4_c1,79,DT,0.6938775510204082,token_recall,0.1,eligible_body_tokens,answer_only,43573e18822f2da3ec174b8679d3b3410d9a1d7f02529ba64495c4215e573900,1.2599095590412617
vt_h4_c1,79,FT_K1,0.6530612244897959,token_recall,0.1,eligible_body_tokens,answer_only,43573e18822f2da3ec174b8679d3b3410d9a1d7f02529ba64495c4215e573900,0.7039714381098747
vt_h4_c1,79,ifr-tokenwise,0.673469387755102,token_recall,0.1,eligible_body_tokens,answer_only,43573e18822f2da3ec174b8679d3b3410d9a1d7f02529ba64495c4215e573900,5.1408065892755985
vt_h4_c1,79,FT_K3,0.6530612244897959,token_recall,0.1,eligible_body_tokens,answer_only,43573e18822f2da3ec174b8679d3b3410d9a1d7f02529ba64495c4215e573900,1.0448505990207195
vt_h4_c1,80,DT,0.717391304347826,token_recall,0.1,eligible_body_tokens,answer_only,05208aba85d6387b91656f0404195d7274964e94b0775305c718b0ee7167b67a,1.2285424768924713
vt_h4_c1,80,FT_K1,0.6956521739130435,token_recall,0.1,eligible_body_tokens,answer_only,05208aba85d6387b91656f0404195d7274964e94b0775305c718b0ee7167b67a,0.8584594242274761
vt_h4_c1,80,ifr-tokenwise,0.6956521739130435,token_recall,0.1,eligible_body_tokens,answer_only,05208aba85d6387b91656f0404195d7274964e94b0775305c718b0ee7167b67a,5.1320722214877605
vt_h4_c1,80,FT_K3,0.6956521739130435,token_recall,0.1,eligible_body_tokens,answer_only,05208aba85d6387b91656f0404195d7274964e94b0775305c718b0ee7167b67a,1.188192330300808
vt_h4_c1,81,DT,0.6875,token_recall,0.1,eligible_body_tokens,answer_only,035c9826d83bc65194ece495e3b044cfbedd4549a64a43eff9ed817d7de3cb2b,1.2236337885260582
vt_h4_c1,81,FT_K1,0.6666666666666666,token_recall,0.1,eligible_body_tokens,answer_only,035c9826d83bc65194ece495e3b044cfbedd4549a64a43eff9ed817d7de3cb2b,0.7410100772976875
vt_h4_c1,81,ifr-tokenwise,0.6875,token_recall,0.1,eligible_body_tokens,answer_only,035c9826d83bc65194ece495e3b044cfbedd4549a64a43eff9ed817d7de3cb2b,5.122448116540909
vt_h4_c1,81,FT_K3,0.6666666666666666,token_recall,0.1,eligible_body_tokens,answer_only,035c9826d83bc65194ece495e3b044cfbedd4549a64a43eff9ed817d7de3cb2b,1.0877594277262688
vt_h4_c1,82,DT,0.673469387755102,token_recall,0.1,eligible_body_tokens,answer_only,7268d0cf151fdb2f35d5b617ef8c3fa974d88564e1ada380d44177c2885ef082,1.2251983061432838
vt_h4_c1,82,FT_K1,0.6938775510204082,token_recall,0.1,eligible_body_tokens,answer_only,7268d0cf151fdb2f35d5b617ef8c3fa974d88564e1ada380d44177c2885ef082,0.6413934640586376
vt_h4_c1,82,ifr-tokenwise,0.6938775510204082,token_recall,0.1,eligible_body_tokens,answer_only,7268d0cf151fdb2f35d5b617ef8c3fa974d88564e1ada380d44177c2885ef082,5.12059760093689
vt_h4_c1,82,FT_K3,0.6938775510204082,token_recall,0.1,eligible_body_tokens,answer_only,7268d0cf151fdb2f35d5b617ef8c3fa974d88564e1ada380d44177c2885ef082,0.9837367236614227
vt_h4_c1,83,DT,0.723404255319149,token_recall,0.1,eligible_body_tokens,answer_only,0c2393f1c5ea37f2e50d857d9b05f4d84e0a75542a0182e96b8e9e79382c5ea8,1.2216105349361897
vt_h4_c1,83,FT_K1,0.723404255319149,token_recall,0.1,eligible_body_tokens,answer_only,0c2393f1c5ea37f2e50d857d9b05f4d84e0a75542a0182e96b8e9e79382c5ea8,0.7512003630399704
vt_h4_c1,83,ifr-tokenwise,0.723404255319149,token_recall,0.1,eligible_body_tokens,answer_only,0c2393f1c5ea37f2e50d857d9b05f4d84e0a75542a0182e96b8e9e79382c5ea8,5.102021619677544
vt_h4_c1,83,FT_K3,0.723404255319149,token_recall,0.1,eligible_body_tokens,answer_only,0c2393f1c5ea37f2e50d857d9b05f4d84e0a75542a0182e96b8e9e79382c5ea8,1.0862620435655117
vt_h4_c1,84,DT,0.7272727272727273,token_recall,0.1,eligible_body_tokens,answer_only,b940ad0a328819a87685fcc2583728e622e322b04630f096d92f7e7901233b43,1.1949555277824402
vt_h4_c1,84,FT_K1,0.6818181818181818,token_recall,0.1,eligible_body_tokens,answer_only,b940ad0a328819a87685fcc2583728e622e322b04630f096d92f7e7901233b43,0.7136061117053032
vt_h4_c1,84,ifr-tokenwise,0.7045454545454546,token_recall,0.1,eligible_body_tokens,answer_only,b940ad0a328819a87685fcc2583728e622e322b04630f096d92f7e7901233b43,4.866124410182238
vt_h4_c1,84,FT_K3,0.6818181818181818,token_recall,0.1,eligible_body_tokens,answer_only,b940ad0a328819a87685fcc2583728e622e322b04630f096d92f7e7901233b43,1.060028426349163
vt_h4_c1,85,DT,0.7021276595744681,token_recall,0.1,eligible_body_tokens,answer_only,a965ed004513b45e40836b4865180223885fe2f8578d8a46c18e85a7e5fce7a9,1.2242253609001637
vt_h4_c1,85,FT_K1,0.7021276595744681,token_recall,0.1,eligible_body_tokens,answer_only,a965ed004513b45e40836b4865180223885fe2f8578d8a46c18e85a7e5fce7a9,0.7598242498934269
vt_h4_c1,85,ifr-tokenwise,0.723404255319149,token_recall,0.1,eligible_body_tokens,answer_only,a965ed004513b45e40836b4865180223885fe2f8578d8a46c18e85a7e5fce7a9,5.103518597781658
vt_h4_c1,85,FT_K3,0.7021276595744681,token_recall,0.1,eligible_body_tokens,answer_only,a965ed004513b45e40836b4865180223885fe2f8578d8a46c18e85a7e5fce7a9,1.096725981682539
vt_h4_c1,86,DT,0.723404255319149,token_recall,0.1,eligible_body_tokens,answer_only,31aad0214f180cbc901df369f1d3ce4bd155cd0b2d8319ca9820a179645da95e,1.2180687375366688
vt_h4_c1,86,FT_K1,0.6808510638297872,token_recall,0.1,eligible_body_tokens,answer_only,31aad0214f180cbc901df369f1d3ce4bd155cd0b2d8319ca9820a179645da95e,0.8540255762636662
vt_h4_c1,86,ifr-tokenwise,0.6808510638297872,token_recall,0.1,eligible_body_tokens,answer_only,31aad0214f180cbc901df369f1d3ce4bd155cd0b2d8319ca9820a179645da95e,5.140846878290176
vt_h4_c1,86,FT_K3,0.6808510638297872,token_recall,0.1,eligible_body_tokens,answer_only,31aad0214f180cbc901df369f1d3ce4bd155cd0b2d8319ca9820a179645da95e,1.1868391036987305
vt_h4_c1,87,DT,0.75,token_recall,0.1,eligible_body_tokens,answer_only,15709fac54b29b2456aff2053943a8bf1fc869af16a488b2d02dfa029db2998e,1.2476196698844433
vt_h4_c1,87,FT_K1,0.7045454545454546,token_recall,0.1,eligible_body_tokens,answer_only,15709fac54b29b2456aff2053943a8bf1fc869af16a488b2d02dfa029db2998e,0.6629511788487434
vt_h4_c1,87,ifr-tokenwise,0.75,token_recall,0.1,eligible_body_tokens,answer_only,15709fac54b29b2456aff2053943a8bf1fc869af16a488b2d02dfa029db2998e,4.838094808161259
vt_h4_c1,87,FT_K3,0.7045454545454546,token_recall,0.1,eligible_body_tokens,answer_only,15709fac54b29b2456aff2053943a8bf1fc869af16a488b2d02dfa029db2998e,1.042506080120802
vt_h4_c1,88,DT,0.717391304347826,token_recall,0.1,eligible_body_tokens,answer_only,9d2b15da3193adfc64efc5712e04b52f6392236277ba9e2d1c3ed62240e2edbc,1.2457419224083424
vt_h4_c1,88,FT_K1,0.6739130434782609,token_recall,0.1,eligible_body_tokens,answer_only,9d2b15da3193adfc64efc5712e04b52f6392236277ba9e2d1c3ed62240e2edbc,0.8782846592366695
vt_h4_c1,88,ifr-tokenwise,0.717391304347826,token_recall,0.1,eligible_body_tokens,answer_only,9d2b15da3193adfc64efc5712e04b52f6392236277ba9e2d1c3ed62240e2edbc,5.149142485111952
vt_h4_c1,88,FT_K3,0.6739130434782609,token_recall,0.1,eligible_body_tokens,answer_only,9d2b15da3193adfc64efc5712e04b52f6392236277ba9e2d1c3ed62240e2edbc,1.2302389480173588
vt_h4_c1,89,DT,0.7272727272727273,token_recall,0.1,eligible_body_tokens,answer_only,1e0e8f5d5f814d06b8052e46173a42c0d672eb84f07aeb402083e1a34332e134,1.2353876791894436
vt_h4_c1,89,FT_K1,0.75,token_recall,0.1,eligible_body_tokens,answer_only,1e0e8f5d5f814d06b8052e46173a42c0d672eb84f07aeb402083e1a34332e134,0.7649674601852894
vt_h4_c1,89,ifr-tokenwise,0.7272727272727273,token_recall,0.1,eligible_body_tokens,answer_only,1e0e8f5d5f814d06b8052e46173a42c0d672eb84f07aeb402083e1a34332e134,4.883748319000006
vt_h4_c1,89,FT_K3,0.75,token_recall,0.1,eligible_body_tokens,answer_only,1e0e8f5d5f814d06b8052e46173a42c0d672eb84f07aeb402083e1a34332e134,1.133100513368845
vt_h4_c1,90,DT,0.717391304347826,token_recall,0.1,eligible_body_tokens,answer_only,f9cccab400a6ddb87d65875880f65060e574c226977aaff662d7fb5e49a29d48,1.2352699637413025
vt_h4_c1,90,FT_K1,0.6956521739130435,token_recall,0.1,eligible_body_tokens,answer_only,f9cccab400a6ddb87d65875880f65060e574c226977aaff662d7fb5e49a29d48,0.6362197659909725
vt_h4_c1,90,ifr-tokenwise,0.717391304347826,token_recall,0.1,eligible_body_tokens,answer_only,f9cccab400a6ddb87d65875880f65060e574c226977aaff662d7fb5e49a29d48,4.906542122364044
vt_h4_c1,90,FT_K3,0.6956521739130435,token_recall,0.1,eligible_body_tokens,answer_only,f9cccab400a6ddb87d65875880f65060e574c226977aaff662d7fb5e49a29d48,0.9733835011720657
vt_h4_c1,91,DT,0.7391304347826086,token_recall,0.1,eligible_body_tokens,answer_only,efa9a469dceee33ad1e01744b0ebf2840a7c8ecba7d626f06afd39b5013de75a,1.2330849952995777
vt_h4_c1,91,FT_K1,0.6739130434782609,token_recall,0.1,eligible_body_tokens,answer_only,efa9a469dceee33ad1e01744b0ebf2840a7c8ecba7d626f06afd39b5013de75a,0.7510725632309914
vt_h4_c1,91,ifr-tokenwise,0.717391304347826,token_recall,0.1,eligible_body_tokens,answer_only,efa9a469dceee33ad1e01744b0ebf2840a7c8ecba7d626f06afd39b5013de75a,5.06027590110898
vt_h4_c1,91,FT_K3,0.6739130434782609,token_recall,0.1,eligible_body_tokens,answer_only,efa9a469dceee33ad1e01744b0ebf2840a7c8ecba7d626f06afd39b5013de75a,1.1143973916769028
vt_h4_c1,92,DT,0.6666666666666666,token_recall,0.1,eligible_body_tokens,answer_only,0ca95df40e581a9f8167f522267425ba4a643b7ea09323198b4a4ae639a437d6,1.262559313327074
vt_h4_c1,92,FT_K1,0.7083333333333334,token_recall,0.1,eligible_body_tokens,answer_only,0ca95df40e581a9f8167f522267425ba4a643b7ea09323198b4a4ae639a437d6,0.887991052120924
vt_h4_c1,92,ifr-tokenwise,0.7083333333333334,token_recall,0.1,eligible_body_tokens,answer_only,0ca95df40e581a9f8167f522267425ba4a643b7ea09323198b4a4ae639a437d6,5.263203654438257
vt_h4_c1,92,FT_K3,0.7083333333333334,token_recall,0.1,eligible_body_tokens,answer_only,0ca95df40e581a9f8167f522267425ba4a643b7ea09323198b4a4ae639a437d6,1.2677778415381908
vt_h4_c1,93,DT,0.717391304347826,token_recall,0.1,eligible_body_tokens,answer_only,fdef139e8ee07f74b68161cd7ed7c838853375283bccffe8ea21f3b3258555db,1.23325702175498
vt_h4_c1,93,FT_K1,0.717391304347826,token_recall,0.1,eligible_body_tokens,answer_only,fdef139e8ee07f74b68161cd7ed7c838853375283bccffe8ea21f3b3258555db,0.7509045153856277
vt_h4_c1,93,ifr-tokenwise,0.717391304347826,token_recall,0.1,eligible_body_tokens,answer_only,fdef139e8ee07f74b68161cd7ed7c838853375283bccffe8ea21f3b3258555db,5.058160964399576
vt_h4_c1,93,FT_K3,0.717391304347826,token_recall,0.1,eligible_body_tokens,answer_only,fdef139e8ee07f74b68161cd7ed7c838853375283bccffe8ea21f3b3258555db,1.0968225076794624
vt_h4_c1,94,DT,0.6470588235294118,token_recall,0.1,eligible_body_tokens,answer_only,505de49e8aeb9591d986efdbab650f562026e771873a4c07353c9872dacb3e82,1.2528380006551743
vt_h4_c1,94,FT_K1,0.6470588235294118,token_recall,0.1,eligible_body_tokens,answer_only,505de49e8aeb9591d986efdbab650f562026e771873a4c07353c9872dacb3e82,0.7781394124031067
vt_h4_c1,94,ifr-tokenwise,0.6470588235294118,token_recall,0.1,eligible_body_tokens,answer_only,505de49e8aeb9591d986efdbab650f562026e771873a4c07353c9872dacb3e82,5.348933640867472
vt_h4_c1,94,FT_K3,0.6470588235294118,token_recall,0.1,eligible_body_tokens,answer_only,505de49e8aeb9591d986efdbab650f562026e771873a4c07353c9872dacb3e82,18.735376089811325
vt_h4_c1,95,DT,0.717391304347826,token_recall,0.1,eligible_body_tokens,answer_only,819f84eb4e434ed44e01e41113e36b4cdca4f400b4fd2890f3eccb95aa84e861,1.2292368821799755
vt_h4_c1,95,FT_K1,0.6956521739130435,token_recall,0.1,eligible_body_tokens,answer_only,819f84eb4e434ed44e01e41113e36b4cdca4f400b4fd2890f3eccb95aa84e861,0.7600936777889729
vt_h4_c1,95,ifr-tokenwise,0.6956521739130435,token_recall,0.1,eligible_body_tokens,answer_only,819f84eb4e434ed44e01e41113e36b4cdca4f400b4fd2890f3eccb95aa84e861,5.052384968847036
vt_h4_c1,95,FT_K3,0.6956521739130435,token_recall,0.1,eligible_body_tokens,answer_only,819f84eb4e434ed44e01e41113e36b4cdca4f400b4fd2890f3eccb95aa84e861,1.110087439417839
vt_h4_c1,96,DT,0.7045454545454546,token_recall,0.1,eligible_body_tokens,answer_only,9a69781b82cfa8f1710b366ec280c79896bad6a7c6d23a9911f56dc20a698833,1.2342026010155678
vt_h4_c1,96,FT_K1,0.7045454545454546,token_recall,0.1,eligible_body_tokens,answer_only,9a69781b82cfa8f1710b366ec280c79896bad6a7c6d23a9911f56dc20a698833,0.6724087186157703
vt_h4_c1,96,ifr-tokenwise,0.7272727272727273,token_recall,0.1,eligible_body_tokens,answer_only,9a69781b82cfa8f1710b366ec280c79896bad6a7c6d23a9911f56dc20a698833,4.826700542122126
vt_h4_c1,96,FT_K3,0.7045454545454546,token_recall,0.1,eligible_body_tokens,answer_only,9a69781b82cfa8f1710b366ec280c79896bad6a7c6d23a9911f56dc20a698833,1.048036266118288
vt_h4_c1,97,DT,0.7111111111111111,token_recall,0.1,eligible_body_tokens,answer_only,dddf848bede20fd3ef0c3d1888ad17da5f42447f1045fe683f103f1f29b0ade2,1.2333444952964783
vt_h4_c1,97,FT_K1,0.6888888888888889,token_recall,0.1,eligible_body_tokens,answer_only,dddf848bede20fd3ef0c3d1888ad17da5f42447f1045fe683f103f1f29b0ade2,0.8567773923277855
vt_h4_c1,97,ifr-tokenwise,0.7333333333333333,token_recall,0.1,eligible_body_tokens,answer_only,dddf848bede20fd3ef0c3d1888ad17da5f42447f1045fe683f103f1f29b0ade2,5.148592036217451
vt_h4_c1,97,FT_K3,0.6888888888888889,token_recall,0.1,eligible_body_tokens,answer_only,dddf848bede20fd3ef0c3d1888ad17da5f42447f1045fe683f103f1f29b0ade2,1.1887749023735523
vt_h4_c1,98,DT,0.7391304347826086,token_recall,0.1,eligible_body_tokens,answer_only,15d3196cebbc74ffd54180c38065af0f0ba5f87b5f8eacc71d79636c01bd9ddb,1.239343073219061
vt_h4_c1,98,FT_K1,0.717391304347826,token_recall,0.1,eligible_body_tokens,answer_only,15d3196cebbc74ffd54180c38065af0f0ba5f87b5f8eacc71d79636c01bd9ddb,0.8472610265016556
vt_h4_c1,98,ifr-tokenwise,0.717391304347826,token_recall,0.1,eligible_body_tokens,answer_only,15d3196cebbc74ffd54180c38065af0f0ba5f87b5f8eacc71d79636c01bd9ddb,5.1326707899570465
vt_h4_c1,98,FT_K3,0.717391304347826,token_recall,0.1,eligible_body_tokens,answer_only,15d3196cebbc74ffd54180c38065af0f0ba5f87b5f8eacc71d79636c01bd9ddb,1.1837493665516376
vt_h4_c1,99,DT,0.7391304347826086,token_recall,0.1,eligible_body_tokens,answer_only,74b6c4e8b7a52565638d0c12243cf8e86fca30ce986ec51e55487f8ee356e1ba,1.2470313757658005
vt_h4_c1,99,FT_K1,0.6739130434782609,token_recall,0.1,eligible_body_tokens,answer_only,74b6c4e8b7a52565638d0c12243cf8e86fca30ce986ec51e55487f8ee356e1ba,0.8829237259924412
vt_h4_c1,99,ifr-tokenwise,0.7391304347826086,token_recall,0.1,eligible_body_tokens,answer_only,74b6c4e8b7a52565638d0c12243cf8e86fca30ce986ec51e55487f8ee356e1ba,5.144548621028662
vt_h4_c1,99,FT_K3,0.6739130434782609,token_recall,0.1,eligible_body_tokens,answer_only,74b6c4e8b7a52565638d0c12243cf8e86fca30ce986ec51e55487f8ee356e1ba,1.2578112110495567
vt_h6_c1,0,DT,0.7619047619047619,token_recall,0.2,eligible_body_tokens,answer_only,d9b6ae8474f7f8435a6c58edc1ca825f72432eededa95475b9b1155787ef12c6,1.2064355909824371
vt_h6_c1,0,FT_K1,0.8253968253968254,token_recall,0.2,eligible_body_tokens,answer_only,d9b6ae8474f7f8435a6c58edc1ca825f72432eededa95475b9b1155787ef12c6,0.8744816146790981
vt_h6_c1,0,ifr-tokenwise,0.8253968253968254,token_recall,0.2,eligible_body_tokens,answer_only,d9b6ae8474f7f8435a6c58edc1ca825f72432eededa95475b9b1155787ef12c6,5.577059980481863
vt_h6_c1,0,FT_K3,0.8253968253968254,token_recall,0.2,eligible_body_tokens,answer_only,d9b6ae8474f7f8435a6c58edc1ca825f72432eededa95475b9b1155787ef12c6,20.135235354304314
vt_h6_c1,1,DT,0.8181818181818182,token_recall,0.2,eligible_body_tokens,answer_only,0ce45a061b30b2038a38a13d5c05a163b90a8fee2f6ee968265dd5db0f7a03e5,1.284027960151434
vt_h6_c1,1,FT_K1,0.8484848484848485,token_recall,0.2,eligible_body_tokens,answer_only,0ce45a061b30b2038a38a13d5c05a163b90a8fee2f6ee968265dd5db0f7a03e5,0.7751783169806004
vt_h6_c1,1,ifr-tokenwise,0.8181818181818182,token_recall,0.2,eligible_body_tokens,answer_only,0ce45a061b30b2038a38a13d5c05a163b90a8fee2f6ee968265dd5db0f7a03e5,5.740850016474724
vt_h6_c1,1,FT_K3,0.8484848484848485,token_recall,0.2,eligible_body_tokens,answer_only,0ce45a061b30b2038a38a13d5c05a163b90a8fee2f6ee968265dd5db0f7a03e5,1.127598810940981
vt_h6_c1,2,DT,0.84375,token_recall,0.2,eligible_body_tokens,answer_only,db9acaed3a3a26105269b0e17f265eb289a7d5a8310152191153ee31d12954af,1.2531488873064518
vt_h6_c1,2,FT_K1,0.828125,token_recall,0.2,eligible_body_tokens,answer_only,db9acaed3a3a26105269b0e17f265eb289a7d5a8310152191153ee31d12954af,0.8382253274321556
vt_h6_c1,2,ifr-tokenwise,0.828125,token_recall,0.2,eligible_body_tokens,answer_only,db9acaed3a3a26105269b0e17f265eb289a7d5a8310152191153ee31d12954af,5.673424366861582
vt_h6_c1,2,FT_K3,0.828125,token_recall,0.2,eligible_body_tokens,answer_only,db9acaed3a3a26105269b0e17f265eb289a7d5a8310152191153ee31d12954af,1.195026982575655
vt_h6_c1,3,DT,0.7941176470588235,token_recall,0.2,eligible_body_tokens,answer_only,2c2d3d000cbc5ef4fc03621c11746485fe5683cbe7975d0006f3ce7af48b7e7e,1.239093642681837
vt_h6_c1,3,FT_K1,0.8382352941176471,token_recall,0.2,eligible_body_tokens,answer_only,2c2d3d000cbc5ef4fc03621c11746485fe5683cbe7975d0006f3ce7af48b7e7e,0.8409132920205593
vt_h6_c1,3,ifr-tokenwise,0.8088235294117647,token_recall,0.2,eligible_body_tokens,answer_only,2c2d3d000cbc5ef4fc03621c11746485fe5683cbe7975d0006f3ce7af48b7e7e,5.916792668402195
vt_h6_c1,3,FT_K3,0.8382352941176471,token_recall,0.2,eligible_body_tokens,answer_only,2c2d3d000cbc5ef4fc03621c11746485fe5683cbe7975d0006f3ce7af48b7e7e,1.2273567281663418
vt_h6_c1,4,DT,0.78125,token_recall,0.2,eligible_body_tokens,answer_only,fd0deb0521ec80d47dc3f5520c3ba4315971c1d448b602785fe3d3aa9385d63d,1.2040265761315823
vt_h6_c1,4,FT_K1,0.828125,token_recall,0.2,eligible_body_tokens,answer_only,fd0deb0521ec80d47dc3f5520c3ba4315971c1d448b602785fe3d3aa9385d63d,0.8192883767187595
vt_h6_c1,4,ifr-tokenwise,0.8125,token_recall,0.2,eligible_body_tokens,answer_only,fd0deb0521ec80d47dc3f5520c3ba4315971c1d448b602785fe3d3aa9385d63d,5.661915462464094
vt_h6_c1,4,FT_K3,0.828125,token_recall,0.2,eligible_body_tokens,answer_only,fd0deb0521ec80d47dc3f5520c3ba4315971c1d448b602785fe3d3aa9385d63d,1.1600885763764381
vt_h6_c1,5,DT,0.84375,token_recall,0.2,eligible_body_tokens,answer_only,f17e65f4c81315685f70376245ca3e7cbd6acad69be1a0d56b570b0d892c8c6f,1.2213000394403934
vt_h6_c1,5,FT_K1,0.828125,token_recall,0.2,eligible_body_tokens,answer_only,f17e65f4c81315685f70376245ca3e7cbd6acad69be1a0d56b570b0d892c8c6f,0.8152846731245518
vt_h6_c1,5,ifr-tokenwise,0.828125,token_recall,0.2,eligible_body_tokens,answer_only,f17e65f4c81315685f70376245ca3e7cbd6acad69be1a0d56b570b0d892c8c6f,5.659074045717716
vt_h6_c1,5,FT_K3,0.828125,token_recall,0.2,eligible_body_tokens,answer_only,f17e65f4c81315685f70376245ca3e7cbd6acad69be1a0d56b570b0d892c8c6f,1.15956586971879
vt_h6_c1,6,DT,0.8059701492537313,token_recall,0.2,eligible_body_tokens,answer_only,f80143070c2b63f4958414640650193be0e4c72eab1e604b161e4045b86a7a6c,1.2607765011489391
vt_h6_c1,6,FT_K1,0.8059701492537313,token_recall,0.2,eligible_body_tokens,answer_only,f80143070c2b63f4958414640650193be0e4c72eab1e604b161e4045b86a7a6c,0.6915013156831264
vt_h6_c1,6,ifr-tokenwise,0.8208955223880597,token_recall,0.2,eligible_body_tokens,answer_only,f80143070c2b63f4958414640650193be0e4c72eab1e604b161e4045b86a7a6c,5.729812387377024
vt_h6_c1,6,FT_K3,0.8059701492537313,token_recall,0.2,eligible_body_tokens,answer_only,f80143070c2b63f4958414640650193be0e4c72eab1e604b161e4045b86a7a6c,1.0394411869347095
vt_h6_c1,7,DT,0.8059701492537313,token_recall,0.2,eligible_body_tokens,answer_only,316ba36eaa9978da2a178a21175804db8e9ba52d1246d7b64e0f5428254b93a0,1.229386828839779
vt_h6_c1,7,FT_K1,0.835820895522388,token_recall,0.2,eligible_body_tokens,answer_only,316ba36eaa9978da2a178a21175804db8e9ba52d1246d7b64e0f5428254b93a0,0.8618281967937946
vt_h6_c1,7,ifr-tokenwise,0.835820895522388,token_recall,0.2,eligible_body_tokens,answer_only,316ba36eaa9978da2a178a21175804db8e9ba52d1246d7b64e0f5428254b93a0,5.870295528322458
vt_h6_c1,7,FT_K3,0.835820895522388,token_recall,0.2,eligible_body_tokens,answer_only,316ba36eaa9978da2a178a21175804db8e9ba52d1246d7b64e0f5428254b93a0,1.1819691956043243
vt_h6_c1,8,DT,0.803030303030303,token_recall,0.2,eligible_body_tokens,answer_only,dc368cbb32ebb8deee318c2e11ce6db462ba0cf707b7e0d79cf5b7ea3fc9091d,1.2548726759850979
vt_h6_c1,8,FT_K1,0.8181818181818182,token_recall,0.2,eligible_body_tokens,answer_only,dc368cbb32ebb8deee318c2e11ce6db462ba0cf707b7e0d79cf5b7ea3fc9091d,0.8462241403758526
vt_h6_c1,8,ifr-tokenwise,0.8333333333333334,token_recall,0.2,eligible_body_tokens,answer_only,dc368cbb32ebb8deee318c2e11ce6db462ba0cf707b7e0d79cf5b7ea3fc9091d,5.824432328343391
vt_h6_c1,8,FT_K3,0.8181818181818182,token_recall,0.2,eligible_body_tokens,answer_only,dc368cbb32ebb8deee318c2e11ce6db462ba0cf707b7e0d79cf5b7ea3fc9091d,1.2065217904746532
vt_h6_c1,9,DT,0.828125,token_recall,0.2,eligible_body_tokens,answer_only,38a88162a99c301415db3d1cacf15ad3dc67c2144d4f378bf24864b1c0aebf94,1.203616488724947
vt_h6_c1,9,FT_K1,0.859375,token_recall,0.2,eligible_body_tokens,answer_only,38a88162a99c301415db3d1cacf15ad3dc67c2144d4f378bf24864b1c0aebf94,0.8475705720484257
vt_h6_c1,9,ifr-tokenwise,0.8125,token_recall,0.2,eligible_body_tokens,answer_only,38a88162a99c301415db3d1cacf15ad3dc67c2144d4f378bf24864b1c0aebf94,5.660582203418016
vt_h6_c1,9,FT_K3,0.859375,token_recall,0.2,eligible_body_tokens,answer_only,38a88162a99c301415db3d1cacf15ad3dc67c2144d4f378bf24864b1c0aebf94,1.168551068753004
vt_h6_c1,10,DT,0.7868852459016393,token_recall,0.2,eligible_body_tokens,answer_only,f32e506f48ac1952fac3ee66ed59d8daaaf8fde7c45a99400af1231cf9b76bdf,1.209154862910509
vt_h6_c1,10,FT_K1,0.8360655737704918,token_recall,0.2,eligible_body_tokens,answer_only,f32e506f48ac1952fac3ee66ed59d8daaaf8fde7c45a99400af1231cf9b76bdf,0.640399694442749
vt_h6_c1,10,ifr-tokenwise,0.8032786885245902,token_recall,0.2,eligible_body_tokens,answer_only,f32e506f48ac1952fac3ee66ed59d8daaaf8fde7c45a99400af1231cf9b76bdf,5.349230315536261
vt_h6_c1,10,FT_K3,0.8360655737704918,token_recall,0.2,eligible_body_tokens,answer_only,f32e506f48ac1952fac3ee66ed59d8daaaf8fde7c45a99400af1231cf9b76bdf,0.9812085628509521
vt_h6_c1,11,DT,0.8181818181818182,token_recall,0.2,eligible_body_tokens,answer_only,bb3e331cde75d376c34c70a4036bc355f463266b139bb0c773122f7c83c1998f,1.232437390834093
vt_h6_c1,11,FT_K1,0.8333333333333334,token_recall,0.2,eligible_body_tokens,answer_only,bb3e331cde75d376c34c70a4036bc355f463266b139bb0c773122f7c83c1998f,0.7744115963578224
vt_h6_c1,11,ifr-tokenwise,0.8181818181818182,token_recall,0.2,eligible_body_tokens,answer_only,bb3e331cde75d376c34c70a4036bc355f463266b139bb0c773122f7c83c1998f,5.70250103995204
vt_h6_c1,11,FT_K3,0.8333333333333334,token_recall,0.2,eligible_body_tokens,answer_only,bb3e331cde75d376c34c70a4036bc355f463266b139bb0c773122f7c83c1998f,1.1158756278455257
vt_h6_c1,12,DT,0.75,token_recall,0.2,eligible_body_tokens,answer_only,a3732f1257c40ce9d926efa6fb6f639ecfaedab8456333245f26f244f9c0cc68,1.2252289466559887
vt_h6_c1,12,FT_K1,0.859375,token_recall,0.2,eligible_body_tokens,answer_only,a3732f1257c40ce9d926efa6fb6f639ecfaedab8456333245f26f244f9c0cc68,0.815085843205452
vt_h6_c1,12,ifr-tokenwise,0.84375,token_recall,0.2,eligible_body_tokens,answer_only,a3732f1257c40ce9d926efa6fb6f639ecfaedab8456333245f26f244f9c0cc68,5.663938071578741
vt_h6_c1,12,FT_K3,0.859375,token_recall,0.2,eligible_body_tokens,answer_only,a3732f1257c40ce9d926efa6fb6f639ecfaedab8456333245f26f244f9c0cc68,1.161507774144411
vt_h6_c1,13,DT,0.8181818181818182,token_recall,0.2,eligible_body_tokens,answer_only,f7e440a8a9c46dd79aa05c9ee5ff032fefdfb81352d7e84053b249eca8cba14f,1.228440947830677
vt_h6_c1,13,FT_K1,0.8181818181818182,token_recall,0.2,eligible_body_tokens,answer_only,f7e440a8a9c46dd79aa05c9ee5ff032fefdfb81352d7e84053b249eca8cba14f,0.7378686219453812
vt_h6_c1,13,ifr-tokenwise,0.8181818181818182,token_recall,0.2,eligible_body_tokens,answer_only,f7e440a8a9c46dd79aa05c9ee5ff032fefdfb81352d7e84053b249eca8cba14f,5.69561018422246
vt_h6_c1,13,FT_K3,0.8181818181818182,token_recall,0.2,eligible_body_tokens,answer_only,f7e440a8a9c46dd79aa05c9ee5ff032fefdfb81352d7e84053b249eca8cba14f,1.0950195379555225
vt_h6_c1,14,DT,0.84375,token_recall,0.2,eligible_body_tokens,answer_only,9108ba3806c688c1da16f7b7538e0360132ec4a1b055761ba55a902ce2ce5226,1.2293420881032944
vt_h6_c1,14,FT_K1,0.8125,token_recall,0.2,eligible_body_tokens,answer_only,9108ba3806c688c1da16f7b7538e0360132ec4a1b055761ba55a902ce2ce5226,0.8395869508385658
vt_h6_c1,14,ifr-tokenwise,0.828125,token_recall,0.2,eligible_body_tokens,answer_only,9108ba3806c688c1da16f7b7538e0360132ec4a1b055761ba55a902ce2ce5226,5.673461385071278
vt_h6_c1,14,FT_K3,0.8125,token_recall,0.2,eligible_body_tokens,answer_only,9108ba3806c688c1da16f7b7538e0360132ec4a1b055761ba55a902ce2ce5226,1.1740192770957947
vt_h6_c1,15,DT,0.8125,token_recall,0.2,eligible_body_tokens,answer_only,14d20de426821d020a379f36c88ebfcc5852b9fbadc6a07dc44b259b83705cb6,1.2153757475316525
vt_h6_c1,15,FT_K1,0.828125,token_recall,0.2,eligible_body_tokens,answer_only,14d20de426821d020a379f36c88ebfcc5852b9fbadc6a07dc44b259b83705cb6,0.8132366836071014
vt_h6_c1,15,ifr-tokenwise,0.8125,token_recall,0.2,eligible_body_tokens,answer_only,14d20de426821d020a379f36c88ebfcc5852b9fbadc6a07dc44b259b83705cb6,5.637349031865597
vt_h6_c1,15,FT_K3,0.828125,token_recall,0.2,eligible_body_tokens,answer_only,14d20de426821d020a379f36c88ebfcc5852b9fbadc6a07dc44b259b83705cb6,1.1503738462924957
vt_h6_c1,16,DT,0.803030303030303,token_recall,0.2,eligible_body_tokens,answer_only,49e31b92cb0860f4a7c51fcd0fed42f6be76df74cc9650e47400ae4a456b0485,1.232331957668066
vt_h6_c1,16,FT_K1,0.8484848484848485,token_recall,0.2,eligible_body_tokens,answer_only,49e31b92cb0860f4a7c51fcd0fed42f6be76df74cc9650e47400ae4a456b0485,0.8374584689736366
vt_h6_c1,16,ifr-tokenwise,0.8181818181818182,token_recall,0.2,eligible_body_tokens,answer_only,49e31b92cb0860f4a7c51fcd0fed42f6be76df74cc9650e47400ae4a456b0485,5.780250679701567
vt_h6_c1,16,FT_K3,0.8484848484848485,token_recall,0.2,eligible_body_tokens,answer_only,49e31b92cb0860f4a7c51fcd0fed42f6be76df74cc9650e47400ae4a456b0485,1.180279202759266
vt_h6_c1,17,DT,0.8181818181818182,token_recall,0.2,eligible_body_tokens,answer_only,e942b04594ceb1672b96e8cc33eed0f2c9254dc43d193737a1dbd5d179841d44,1.2206931374967098
vt_h6_c1,17,FT_K1,0.803030303030303,token_recall,0.2,eligible_body_tokens,answer_only,e942b04594ceb1672b96e8cc33eed0f2c9254dc43d193737a1dbd5d179841d44,0.7531767040491104
vt_h6_c1,17,ifr-tokenwise,0.803030303030303,token_recall,0.2,eligible_body_tokens,answer_only,e942b04594ceb1672b96e8cc33eed0f2c9254dc43d193737a1dbd5d179841d44,5.683672573417425
vt_h6_c1,17,FT_K3,0.7878787878787878,token_recall,0.2,eligible_body_tokens,answer_only,e942b04594ceb1672b96e8cc33eed0f2c9254dc43d193737a1dbd5d179841d44,1.0960909351706505
vt_h6_c1,18,DT,0.78125,token_recall,0.2,eligible_body_tokens,answer_only,ba432706f7af6370cef6433c61b7b386c3895b3d759a62bf0606794554abcff4,1.2319779954850674
vt_h6_c1,18,FT_K1,0.828125,token_recall,0.2,eligible_body_tokens,answer_only,ba432706f7af6370cef6433c61b7b386c3895b3d759a62bf0606794554abcff4,0.7453839741647243
vt_h6_c1,18,ifr-tokenwise,0.8125,token_recall,0.2,eligible_body_tokens,answer_only,ba432706f7af6370cef6433c61b7b386c3895b3d759a62bf0606794554abcff4,5.58855601772666
vt_h6_c1,18,FT_K3,0.828125,token_recall,0.2,eligible_body_tokens,answer_only,ba432706f7af6370cef6433c61b7b386c3895b3d759a62bf0606794554abcff4,1.1007971540093422
vt_h6_c1,19,DT,0.8260869565217391,token_recall,0.2,eligible_body_tokens,answer_only,af4c2285184a8c1927954d3fd587fa96c70670a50f8f0be3f4f9988e11a63d90,1.2268787920475006
vt_h6_c1,19,FT_K1,0.8260869565217391,token_recall,0.2,eligible_body_tokens,answer_only,af4c2285184a8c1927954d3fd587fa96c70670a50f8f0be3f4f9988e11a63d90,0.8474467433989048
vt_h6_c1,19,ifr-tokenwise,0.8115942028985508,token_recall,0.2,eligible_body_tokens,answer_only,af4c2285184a8c1927954d3fd587fa96c70670a50f8f0be3f4f9988e11a63d90,6.00829030200839
vt_h6_c1,19,FT_K3,0.8260869565217391,token_recall,0.2,eligible_body_tokens,answer_only,af4c2285184a8c1927954d3fd587fa96c70670a50f8f0be3f4f9988e11a63d90,1.2007776461541653
vt_h6_c1,20,DT,0.8484848484848485,token_recall,0.2,eligible_body_tokens,answer_only,0bbf01a2386b3d93973ba16a73b9d079888e12e6fb085f8c5b92f7e6d6fb8770,1.2367954514920712
vt_h6_c1,20,FT_K1,0.8333333333333334,token_recall,0.2,eligible_body_tokens,answer_only,0bbf01a2386b3d93973ba16a73b9d079888e12e6fb085f8c5b92f7e6d6fb8770,0.7694008126854897
vt_h6_c1,20,ifr-tokenwise,0.8484848484848485,token_recall,0.2,eligible_body_tokens,answer_only,0bbf01a2386b3d93973ba16a73b9d079888e12e6fb085f8c5b92f7e6d6fb8770,5.681336812674999
vt_h6_c1,20,FT_K3,0.8333333333333334,token_recall,0.2,eligible_body_tokens,answer_only,0bbf01a2386b3d93973ba16a73b9d079888e12e6fb085f8c5b92f7e6d6fb8770,1.129603587090969
vt_h6_c1,21,DT,0.7878787878787878,token_recall,0.2,eligible_body_tokens,answer_only,669dc0a7613543c118964a1cbccf79f45b9b36fbbe91f28e011b053ab29c55f5,1.2242419309914112
vt_h6_c1,21,FT_K1,0.8181818181818182,token_recall,0.2,eligible_body_tokens,answer_only,669dc0a7613543c118964a1cbccf79f45b9b36fbbe91f28e011b053ab29c55f5,0.756273478269577
vt_h6_c1,21,ifr-tokenwise,0.8333333333333334,token_recall,0.2,eligible_body_tokens,answer_only,669dc0a7613543c118964a1cbccf79f45b9b36fbbe91f28e011b053ab29c55f5,5.696957997977734
vt_h6_c1,21,FT_K3,0.8181818181818182,token_recall,0.2,eligible_body_tokens,answer_only,669dc0a7613543c118964a1cbccf79f45b9b36fbbe91f28e011b053ab29c55f5,1.0968503542244434
vt_h6_c1,22,DT,0.859375,token_recall,0.2,eligible_body_tokens,answer_only,4f492aad2d236cac63d6b0962ab0df864cdb347ea7e3f45ceb1138ff8bdb8385,1.2148279510438442
vt_h6_c1,22,FT_K1,0.828125,token_recall,0.2,eligible_body_tokens,answer_only,4f492aad2d236cac63d6b0962ab0df864cdb347ea7e3f45ceb1138ff8bdb8385,0.820893794298172
vt_h6_c1,22,ifr-tokenwise,0.796875,token_recall,0.2,eligible_body_tokens,answer_only,4f492aad2d236cac63d6b0962ab0df864cdb347ea7e3f45ceb1138ff8bdb8385,5.640669129788876
vt_h6_c1,22,FT_K3,0.828125,token_recall,0.2,eligible_body_tokens,answer_only,4f492aad2d236cac63d6b0962ab0df864cdb347ea7e3f45ceb1138ff8bdb8385,1.1677252762019634
vt_h6_c1,23,DT,0.8181818181818182,token_recall,0.2,eligible_body_tokens,answer_only,4b67f230548cc47ff9ca988f898ec60f437285331107580be363577e444e912a,1.2108001969754696
vt_h6_c1,23,FT_K1,0.8636363636363636,token_recall,0.2,eligible_body_tokens,answer_only,4b67f230548cc47ff9ca988f898ec60f437285331107580be363577e444e912a,0.8139205873012543
vt_h6_c1,23,ifr-tokenwise,0.8333333333333334,token_recall,0.2,eligible_body_tokens,answer_only,4b67f230548cc47ff9ca988f898ec60f437285331107580be363577e444e912a,5.739057209342718
vt_h6_c1,23,FT_K3,0.8636363636363636,token_recall,0.2,eligible_body_tokens,answer_only,4b67f230548cc47ff9ca988f898ec60f437285331107580be363577e444e912a,1.1502328179776669
vt_h6_c1,24,DT,0.8405797101449275,token_recall,0.2,eligible_body_tokens,answer_only,88eb6e7e605cad354418e4683f88478a87dad4872c15f6fe26d9d2577f7b6196,1.2368940077722073
vt_h6_c1,24,FT_K1,0.8260869565217391,token_recall,0.2,eligible_body_tokens,answer_only,88eb6e7e605cad354418e4683f88478a87dad4872c15f6fe26d9d2577f7b6196,0.6767871156334877
vt_h6_c1,24,ifr-tokenwise,0.8115942028985508,token_recall,0.2,eligible_body_tokens,answer_only,88eb6e7e605cad354418e4683f88478a87dad4872c15f6fe26d9d2577f7b6196,5.82485880330205
vt_h6_c1,24,FT_K3,0.8260869565217391,token_recall,0.2,eligible_body_tokens,answer_only,88eb6e7e605cad354418e4683f88478a87dad4872c15f6fe26d9d2577f7b6196,1.0308139584958553
vt_h6_c1,25,DT,0.796875,token_recall,0.2,eligible_body_tokens,answer_only,87ce060cdd8eabc52e1040dc8e25dc682a277497c9322a429c83a1975fb6493f,1.2004069238901138
vt_h6_c1,25,FT_K1,0.828125,token_recall,0.2,eligible_body_tokens,answer_only,87ce060cdd8eabc52e1040dc8e25dc682a277497c9322a429c83a1975fb6493f,0.7153857015073299
vt_h6_c1,25,ifr-tokenwise,0.8125,token_recall,0.2,eligible_body_tokens,answer_only,87ce060cdd8eabc52e1040dc8e25dc682a277497c9322a429c83a1975fb6493f,5.546235840767622
vt_h6_c1,25,FT_K3,0.828125,token_recall,0.2,eligible_body_tokens,answer_only,87ce060cdd8eabc52e1040dc8e25dc682a277497c9322a429c83a1975fb6493f,1.059490092098713
vt_h6_c1,26,DT,0.7941176470588235,token_recall,0.2,eligible_body_tokens,answer_only,d3d81f3ff34caf1c55ac1c708de454748953c6b261ad4ce4604503f643a30cce,1.227856058627367
vt_h6_c1,26,FT_K1,0.8088235294117647,token_recall,0.2,eligible_body_tokens,answer_only,d3d81f3ff34caf1c55ac1c708de454748953c6b261ad4ce4604503f643a30cce,0.7461617812514305
vt_h6_c1,26,ifr-tokenwise,0.8088235294117647,token_recall,0.2,eligible_body_tokens,answer_only,d3d81f3ff34caf1c55ac1c708de454748953c6b261ad4ce4604503f643a30cce,5.790139582008123
vt_h6_c1,26,FT_K3,0.8088235294117647,token_recall,0.2,eligible_body_tokens,answer_only,d3d81f3ff34caf1c55ac1c708de454748953c6b261ad4ce4604503f643a30cce,1.1055659092962742
vt_h6_c1,27,DT,0.7878787878787878,token_recall,0.2,eligible_body_tokens,answer_only,f8e70ba77819431e9ac56e5a6d3060d5439c7490fff908c96216c5ae20c016f3,1.2259718738496304
vt_h6_c1,27,FT_K1,0.8333333333333334,token_recall,0.2,eligible_body_tokens,answer_only,f8e70ba77819431e9ac56e5a6d3060d5439c7490fff908c96216c5ae20c016f3,0.7569098845124245
vt_h6_c1,27,ifr-tokenwise,0.8333333333333334,token_recall,0.2,eligible_body_tokens,answer_only,f8e70ba77819431e9ac56e5a6d3060d5439c7490fff908c96216c5ae20c016f3,5.679437439888716
vt_h6_c1,27,FT_K3,0.8333333333333334,token_recall,0.2,eligible_body_tokens,answer_only,f8e70ba77819431e9ac56e5a6d3060d5439c7490fff908c96216c5ae20c016f3,1.1009596697986126
vt_h6_c1,28,DT,0.8064516129032258,token_recall,0.2,eligible_body_tokens,answer_only,384fdb247e3f704d0969e3bda82b9232751834303eb77e1cbc909d309224f70b,1.214208573102951
vt_h6_c1,28,FT_K1,0.8225806451612904,token_recall,0.2,eligible_body_tokens,answer_only,384fdb247e3f704d0969e3bda82b9232751834303eb77e1cbc909d309224f70b,0.6655360870063305
vt_h6_c1,28,ifr-tokenwise,0.8064516129032258,token_recall,0.2,eligible_body_tokens,answer_only,384fdb247e3f704d0969e3bda82b9232751834303eb77e1cbc909d309224f70b,5.380396641790867
vt_h6_c1,28,FT_K3,0.8225806451612904,token_recall,0.2,eligible_body_tokens,answer_only,384fdb247e3f704d0969e3bda82b9232751834303eb77e1cbc909d309224f70b,1.0085035413503647
vt_h6_c1,29,DT,0.7846153846153846,token_recall,0.2,eligible_body_tokens,answer_only,7afcf0dd67c537a479364d4a640fefe46a0db00e443f1f383dccb4f22df33468,1.2647830732166767
vt_h6_c1,29,FT_K1,0.8307692307692308,token_recall,0.2,eligible_body_tokens,answer_only,7afcf0dd67c537a479364d4a640fefe46a0db00e443f1f383dccb4f22df33468,0.7186175473034382
vt_h6_c1,29,ifr-tokenwise,0.8307692307692308,token_recall,0.2,eligible_body_tokens,answer_only,7afcf0dd67c537a479364d4a640fefe46a0db00e443f1f383dccb4f22df33468,5.645888317376375
vt_h6_c1,29,FT_K3,0.8307692307692308,token_recall,0.2,eligible_body_tokens,answer_only,7afcf0dd67c537a479364d4a640fefe46a0db00e443f1f383dccb4f22df33468,1.0896419994533062
vt_h6_c1,30,DT,0.765625,token_recall,0.2,eligible_body_tokens,answer_only,7ca4de6590076f21afe91ffea86149919fcd9aed8416f22a58bb7c8c231a9770,1.2233703806996346
vt_h6_c1,30,FT_K1,0.859375,token_recall,0.2,eligible_body_tokens,answer_only,7ca4de6590076f21afe91ffea86149919fcd9aed8416f22a58bb7c8c231a9770,0.6969939321279526
vt_h6_c1,30,ifr-tokenwise,0.8125,token_recall,0.2,eligible_body_tokens,answer_only,7ca4de6590076f21afe91ffea86149919fcd9aed8416f22a58bb7c8c231a9770,5.5053605400025845
vt_h6_c1,30,FT_K3,0.859375,token_recall,0.2,eligible_body_tokens,answer_only,7ca4de6590076f21afe91ffea86149919fcd9aed8416f22a58bb7c8c231a9770,1.0751383118331432
vt_h6_c1,31,DT,0.828125,token_recall,0.2,eligible_body_tokens,answer_only,5dcce2d43214f712b94ca37fd1fe5259dfaf82be33d78f9b4e383f8b5c52ae5e,1.2340957820415497
vt_h6_c1,31,FT_K1,0.8125,token_recall,0.2,eligible_body_tokens,answer_only,5dcce2d43214f712b94ca37fd1fe5259dfaf82be33d78f9b4e383f8b5c52ae5e,0.8373858705163002
vt_h6_c1,31,ifr-tokenwise,0.8125,token_recall,0.2,eligible_body_tokens,answer_only,5dcce2d43214f712b94ca37fd1fe5259dfaf82be33d78f9b4e383f8b5c52ae5e,5.6646679528057575
vt_h6_c1,31,FT_K3,0.8125,token_recall,0.2,eligible_body_tokens,answer_only,5dcce2d43214f712b94ca37fd1fe5259dfaf82be33d78f9b4e383f8b5c52ae5e,1.1888651587069035
vt_h6_c1,32,DT,0.828125,token_recall,0.2,eligible_body_tokens,answer_only,bc7cb110d12e2a02d84fda0bbc7e34610eb9c35a4bf9d9cd16189aed8a194518,1.2332124076783657
vt_h6_c1,32,FT_K1,0.84375,token_recall,0.2,eligible_body_tokens,answer_only,bc7cb110d12e2a02d84fda0bbc7e34610eb9c35a4bf9d9cd16189aed8a194518,0.7612484842538834
vt_h6_c1,32,ifr-tokenwise,0.8125,token_recall,0.2,eligible_body_tokens,answer_only,bc7cb110d12e2a02d84fda0bbc7e34610eb9c35a4bf9d9cd16189aed8a194518,5.593289576470852
vt_h6_c1,32,FT_K3,0.84375,token_recall,0.2,eligible_body_tokens,answer_only,bc7cb110d12e2a02d84fda0bbc7e34610eb9c35a4bf9d9cd16189aed8a194518,1.118497010320425
vt_h6_c1,33,DT,0.765625,token_recall,0.2,eligible_body_tokens,answer_only,31e595695f323de4162c9f93bf0e031caa00cfe69b4198f19b7860d5cdc517a8,1.2017337530851364
vt_h6_c1,33,FT_K1,0.84375,token_recall,0.2,eligible_body_tokens,answer_only,31e595695f323de4162c9f93bf0e031caa00cfe69b4198f19b7860d5cdc517a8,0.6678862571716309
vt_h6_c1,33,ifr-tokenwise,0.84375,token_recall,0.2,eligible_body_tokens,answer_only,31e595695f323de4162c9f93bf0e031caa00cfe69b4198f19b7860d5cdc517a8,5.4809910245239735
vt_h6_c1,33,FT_K3,0.84375,token_recall,0.2,eligible_body_tokens,answer_only,31e595695f323de4162c9f93bf0e031caa00cfe69b4198f19b7860d5cdc517a8,1.0052440166473389
vt_h6_c1,34,DT,0.7846153846153846,token_recall,0.2,eligible_body_tokens,answer_only,cddb9d1319617ed63e3b80a72f61daaa74295468005034778c711f1eeeba72cb,1.197427436709404
vt_h6_c1,34,FT_K1,0.8307692307692308,token_recall,0.2,eligible_body_tokens,answer_only,cddb9d1319617ed63e3b80a72f61daaa74295468005034778c711f1eeeba72cb,0.7261371985077858
vt_h6_c1,34,ifr-tokenwise,0.8153846153846154,token_recall,0.2,eligible_body_tokens,answer_only,cddb9d1319617ed63e3b80a72f61daaa74295468005034778c711f1eeeba72cb,5.645721949636936
vt_h6_c1,34,FT_K3,0.8307692307692308,token_recall,0.2,eligible_body_tokens,answer_only,cddb9d1319617ed63e3b80a72f61daaa74295468005034778c711f1eeeba72cb,1.0546840727329254
vt_h6_c1,35,DT,0.7878787878787878,token_recall,0.2,eligible_body_tokens,answer_only,e77c109106217348fc060a0d68ae3da96aa84713d591094ecd6ad73e64be4024,1.2219790257513523
vt_h6_c1,35,FT_K1,0.8333333333333334,token_recall,0.2,eligible_body_tokens,answer_only,e77c109106217348fc060a0d68ae3da96aa84713d591094ecd6ad73e64be4024,0.7569859847426414
vt_h6_c1,35,ifr-tokenwise,0.8181818181818182,token_recall,0.2,eligible_body_tokens,answer_only,e77c109106217348fc060a0d68ae3da96aa84713d591094ecd6ad73e64be4024,5.691186908632517
vt_h6_c1,35,FT_K3,0.8333333333333334,token_recall,0.2,eligible_body_tokens,answer_only,e77c109106217348fc060a0d68ae3da96aa84713d591094ecd6ad73e64be4024,1.1077183037996292
vt_h6_c1,36,DT,0.8,token_recall,0.2,eligible_body_tokens,answer_only,ad7f89d3e78ae0d33e14339c536a38aee3f802d1409fe2e798a1a9ec727150c3,1.2180020920932293
vt_h6_c1,36,FT_K1,0.8307692307692308,token_recall,0.2,eligible_body_tokens,answer_only,ad7f89d3e78ae0d33e14339c536a38aee3f802d1409fe2e798a1a9ec727150c3,0.8385529890656471
vt_h6_c1,36,ifr-tokenwise,0.8153846153846154,token_recall,0.2,eligible_body_tokens,answer_only,ad7f89d3e78ae0d33e14339c536a38aee3f802d1409fe2e798a1a9ec727150c3,5.766324386000633
vt_h6_c1,36,FT_K3,0.8307692307692308,token_recall,0.2,eligible_body_tokens,answer_only,ad7f89d3e78ae0d33e14339c536a38aee3f802d1409fe2e798a1a9ec727150c3,1.1853917501866817
vt_h6_c1,37,DT,0.7971014492753623,token_recall,0.2,eligible_body_tokens,answer_only,596f0781b60a6a08d63eec92137f0cf1ff2ba0d6257ecaeed4133d181f834715,1.2277783676981926
vt_h6_c1,37,FT_K1,0.7971014492753623,token_recall,0.2,eligible_body_tokens,answer_only,596f0781b60a6a08d63eec92137f0cf1ff2ba0d6257ecaeed4133d181f834715,0.8495663218200207
vt_h6_c1,37,ifr-tokenwise,0.7971014492753623,token_recall,0.2,eligible_body_tokens,answer_only,596f0781b60a6a08d63eec92137f0cf1ff2ba0d6257ecaeed4133d181f834715,6.002033542841673
vt_h6_c1,37,FT_K3,0.7971014492753623,token_recall,0.2,eligible_body_tokens,answer_only,596f0781b60a6a08d63eec92137f0cf1ff2ba0d6257ecaeed4133d181f834715,1.1990271620452404
vt_h6_c1,38,DT,0.84375,token_recall,0.2,eligible_body_tokens,answer_only,ec92e5055a17302eaf31eeb1b8405fe6dcae7f5ddf7570c011005401ebe615d3,1.213726107031107
vt_h6_c1,38,FT_K1,0.8125,token_recall,0.2,eligible_body_tokens,answer_only,ec92e5055a17302eaf31eeb1b8405fe6dcae7f5ddf7570c011005401ebe615d3,0.8205616399645805
vt_h6_c1,38,ifr-tokenwise,0.828125,token_recall,0.2,eligible_body_tokens,answer_only,ec92e5055a17302eaf31eeb1b8405fe6dcae7f5ddf7570c011005401ebe615d3,5.660515662282705
vt_h6_c1,38,FT_K3,0.8125,token_recall,0.2,eligible_body_tokens,answer_only,ec92e5055a17302eaf31eeb1b8405fe6dcae7f5ddf7570c011005401ebe615d3,1.1586746014654636
vt_h6_c1,39,DT,0.803030303030303,token_recall,0.2,eligible_body_tokens,answer_only,d69da1e4141ec9e24826f3c5688afb2dac0af305cab047bdde8e92a7ec46361a,1.229403130710125
vt_h6_c1,39,FT_K1,0.8333333333333334,token_recall,0.2,eligible_body_tokens,answer_only,d69da1e4141ec9e24826f3c5688afb2dac0af305cab047bdde8e92a7ec46361a,0.7705881483852863
vt_h6_c1,39,ifr-tokenwise,0.8181818181818182,token_recall,0.2,eligible_body_tokens,answer_only,d69da1e4141ec9e24826f3c5688afb2dac0af305cab047bdde8e92a7ec46361a,5.69634472951293
vt_h6_c1,39,FT_K3,0.8333333333333334,token_recall,0.2,eligible_body_tokens,answer_only,d69da1e4141ec9e24826f3c5688afb2dac0af305cab047bdde8e92a7ec46361a,1.1139259189367294
vt_h6_c1,40,DT,0.78125,token_recall,0.2,eligible_body_tokens,answer_only,0e4a9d49882992747cdca5947b1e595a8602aafd9f7abfea6767cc129da81aa1,1.2222494930028915
vt_h6_c1,40,FT_K1,0.78125,token_recall,0.2,eligible_body_tokens,answer_only,0e4a9d49882992747cdca5947b1e595a8602aafd9f7abfea6767cc129da81aa1,0.8546501323580742
vt_h6_c1,40,ifr-tokenwise,0.828125,token_recall,0.2,eligible_body_tokens,answer_only,0e4a9d49882992747cdca5947b1e595a8602aafd9f7abfea6767cc129da81aa1,5.659946456551552
vt_h6_c1,40,FT_K3,0.78125,token_recall,0.2,eligible_body_tokens,answer_only,0e4a9d49882992747cdca5947b1e595a8602aafd9f7abfea6767cc129da81aa1,1.1755246259272099
vt_h6_c1,41,DT,0.7941176470588235,token_recall,0.2,eligible_body_tokens,answer_only,e0c4d7ad49e6d4199d6dde45b25d8c75e26405ca5e161bb8fe8fd8c4ff654fcd,1.263903833925724
vt_h6_c1,41,FT_K1,0.8235294117647058,token_recall,0.2,eligible_body_tokens,answer_only,e0c4d7ad49e6d4199d6dde45b25d8c75e26405ca5e161bb8fe8fd8c4ff654fcd,0.6525756120681763
vt_h6_c1,41,ifr-tokenwise,0.8529411764705882,token_recall,0.2,eligible_body_tokens,answer_only,e0c4d7ad49e6d4199d6dde45b25d8c75e26405ca5e161bb8fe8fd8c4ff654fcd,5.712217479944229
vt_h6_c1,41,FT_K3,0.8235294117647058,token_recall,0.2,eligible_body_tokens,answer_only,e0c4d7ad49e6d4199d6dde45b25d8c75e26405ca5e161bb8fe8fd8c4ff654fcd,0.9934681616723537
vt_h6_c1,42,DT,0.8208955223880597,token_recall,0.2,eligible_body_tokens,answer_only,a8dd5e6849c89910a3953ef9c5147f48900b8168fd3776e32ee6b0709b2ef9d8,1.2486465759575367
vt_h6_c1,42,FT_K1,0.8208955223880597,token_recall,0.2,eligible_body_tokens,answer_only,a8dd5e6849c89910a3953ef9c5147f48900b8168fd3776e32ee6b0709b2ef9d8,0.6711225882172585
vt_h6_c1,42,ifr-tokenwise,0.8059701492537313,token_recall,0.2,eligible_body_tokens,answer_only,a8dd5e6849c89910a3953ef9c5147f48900b8168fd3776e32ee6b0709b2ef9d8,5.724481321871281
vt_h6_c1,42,FT_K3,0.8208955223880597,token_recall,0.2,eligible_body_tokens,answer_only,a8dd5e6849c89910a3953ef9c5147f48900b8168fd3776e32ee6b0709b2ef9d8,1.0297890454530716
vt_h6_c1,43,DT,0.8153846153846154,token_recall,0.2,eligible_body_tokens,answer_only,168180f7a5f5380d31d1c9b69321cdf7278e81737122a6aced02a09c09e4caaf,1.2163419835269451
vt_h6_c1,43,FT_K1,0.8461538461538461,token_recall,0.2,eligible_body_tokens,answer_only,168180f7a5f5380d31d1c9b69321cdf7278e81737122a6aced02a09c09e4caaf,0.718889944255352
vt_h6_c1,43,ifr-tokenwise,0.8307692307692308,token_recall,0.2,eligible_body_tokens,answer_only,168180f7a5f5380d31d1c9b69321cdf7278e81737122a6aced02a09c09e4caaf,5.656210854649544
vt_h6_c1,43,FT_K3,0.8461538461538461,token_recall,0.2,eligible_body_tokens,answer_only,168180f7a5f5380d31d1c9b69321cdf7278e81737122a6aced02a09c09e4caaf,1.0604039169847965
vt_h6_c1,44,DT,0.7692307692307693,token_recall,0.2,eligible_body_tokens,answer_only,9a8e4f18fbe196e6b1d99c67733790fd584d2b1f31b6543a8387524597e72267,1.2433403059840202
vt_h6_c1,44,FT_K1,0.8615384615384616,token_recall,0.2,eligible_body_tokens,answer_only,9a8e4f18fbe196e6b1d99c67733790fd584d2b1f31b6543a8387524597e72267,0.8410469703376293
vt_h6_c1,44,ifr-tokenwise,0.8461538461538461,token_recall,0.2,eligible_body_tokens,answer_only,9a8e4f18fbe196e6b1d99c67733790fd584d2b1f31b6543a8387524597e72267,5.7883291356265545
vt_h6_c1,44,FT_K3,0.8615384615384616,token_recall,0.2,eligible_body_tokens,answer_only,9a8e4f18fbe196e6b1d99c67733790fd584d2b1f31b6543a8387524597e72267,1.1868127137422562
vt_h6_c1,45,DT,0.8235294117647058,token_recall,0.2,eligible_body_tokens,answer_only,a1b1971af4adb1e78397ab9f1348cf30d5cbdeb757b6c0557fdb1add162ef679,1.2330970168113708
vt_h6_c1,45,FT_K1,0.8235294117647058,token_recall,0.2,eligible_body_tokens,answer_only,a1b1971af4adb1e78397ab9f1348cf30d5cbdeb757b6c0557fdb1add162ef679,0.755689661949873
vt_h6_c1,45,ifr-tokenwise,0.8382352941176471,token_recall,0.2,eligible_body_tokens,answer_only,a1b1971af4adb1e78397ab9f1348cf30d5cbdeb757b6c0557fdb1add162ef679,5.838505614548922
vt_h6_c1,45,FT_K3,0.8235294117647058,token_recall,0.2,eligible_body_tokens,answer_only,a1b1971af4adb1e78397ab9f1348cf30d5cbdeb757b6c0557fdb1add162ef679,1.1213087551295757
vt_h6_c1,46,DT,0.796875,token_recall,0.2,eligible_body_tokens,answer_only,3d757042dc18dc28224e00ec9718bbfab259a572200d690358f1663c1c5b0cb8,1.229848962277174
vt_h6_c1,46,FT_K1,0.828125,token_recall,0.2,eligible_body_tokens,answer_only,3d757042dc18dc28224e00ec9718bbfab259a572200d690358f1663c1c5b0cb8,0.8285463489592075
vt_h6_c1,46,ifr-tokenwise,0.84375,token_recall,0.2,eligible_body_tokens,answer_only,3d757042dc18dc28224e00ec9718bbfab259a572200d690358f1663c1c5b0cb8,5.645256109535694
vt_h6_c1,46,FT_K3,0.8125,token_recall,0.2,eligible_body_tokens,answer_only,3d757042dc18dc28224e00ec9718bbfab259a572200d690358f1663c1c5b0cb8,1.163086898624897
vt_h6_c1,47,DT,0.85,token_recall,0.2,eligible_body_tokens,answer_only,787d50ce588926b1fb89c03629825c43e8bef520a4f37c808df951376bc18dc6,1.2203073985874653
vt_h6_c1,47,FT_K1,0.85,token_recall,0.2,eligible_body_tokens,answer_only,787d50ce588926b1fb89c03629825c43e8bef520a4f37c808df951376bc18dc6,0.8126774467527866
vt_h6_c1,47,ifr-tokenwise,0.85,token_recall,0.2,eligible_body_tokens,answer_only,787d50ce588926b1fb89c03629825c43e8bef520a4f37c808df951376bc18dc6,5.430065780878067
vt_h6_c1,47,FT_K3,0.85,token_recall,0.2,eligible_body_tokens,answer_only,787d50ce588926b1fb89c03629825c43e8bef520a4f37c808df951376bc18dc6,1.1619232147932053
vt_h6_c1,48,DT,0.7777777777777778,token_recall,0.2,eligible_body_tokens,answer_only,82c5d031ac6c17bddb02277269fb3277578410fd4edc7d2af116d846fb0a1853,1.2293142527341843
vt_h6_c1,48,FT_K1,0.8571428571428571,token_recall,0.2,eligible_body_tokens,answer_only,82c5d031ac6c17bddb02277269fb3277578410fd4edc7d2af116d846fb0a1853,0.8717417605221272
vt_h6_c1,48,ifr-tokenwise,0.8412698412698413,token_recall,0.2,eligible_body_tokens,answer_only,82c5d031ac6c17bddb02277269fb3277578410fd4edc7d2af116d846fb0a1853,5.576228752732277
vt_h6_c1,48,FT_K3,0.8571428571428571,token_recall,0.2,eligible_body_tokens,answer_only,82c5d031ac6c17bddb02277269fb3277578410fd4edc7d2af116d846fb0a1853,1.2413172721862793
vt_h6_c1,49,DT,0.7580645161290323,token_recall,0.2,eligible_body_tokens,answer_only,a4a0d231e4c3ec104785d65720de6e1f450d0e8075d4a19a93c284f72d476a7b,1.2426487803459167
vt_h6_c1,49,FT_K1,0.8387096774193549,token_recall,0.2,eligible_body_tokens,answer_only,a4a0d231e4c3ec104785d65720de6e1f450d0e8075d4a19a93c284f72d476a7b,0.7198817431926727
vt_h6_c1,49,ifr-tokenwise,0.8064516129032258,token_recall,0.2,eligible_body_tokens,answer_only,a4a0d231e4c3ec104785d65720de6e1f450d0e8075d4a19a93c284f72d476a7b,5.4252170994877815
vt_h6_c1,49,FT_K3,0.8387096774193549,token_recall,0.2,eligible_body_tokens,answer_only,a4a0d231e4c3ec104785d65720de6e1f450d0e8075d4a19a93c284f72d476a7b,1.0937903821468353
vt_h6_c1,50,DT,0.84375,token_recall,0.2,eligible_body_tokens,answer_only,3b3a798ce154cc39367ef23cafd813dcc4389e86993e85f50b8aa102ca3fb802,1.2852416522800922
vt_h6_c1,50,FT_K1,0.8125,token_recall,0.2,eligible_body_tokens,answer_only,3b3a798ce154cc39367ef23cafd813dcc4389e86993e85f50b8aa102ca3fb802,0.8627978935837746
vt_h6_c1,50,ifr-tokenwise,0.8125,token_recall,0.2,eligible_body_tokens,answer_only,3b3a798ce154cc39367ef23cafd813dcc4389e86993e85f50b8aa102ca3fb802,5.658425360918045
vt_h6_c1,50,FT_K3,0.8125,token_recall,0.2,eligible_body_tokens,answer_only,3b3a798ce154cc39367ef23cafd813dcc4389e86993e85f50b8aa102ca3fb802,1.231942716985941
vt_h6_c1,51,DT,0.8088235294117647,token_recall,0.2,eligible_body_tokens,answer_only,d02c07fa13f74f19a29dad23735c738a66e4f95a10b7707fdd13d4986472e8fe,1.2238317169249058
vt_h6_c1,51,FT_K1,0.8235294117647058,token_recall,0.2,eligible_body_tokens,answer_only,d02c07fa13f74f19a29dad23735c738a66e4f95a10b7707fdd13d4986472e8fe,0.853035643696785
vt_h6_c1,51,ifr-tokenwise,0.8382352941176471,token_recall,0.2,eligible_body_tokens,answer_only,d02c07fa13f74f19a29dad23735c738a66e4f95a10b7707fdd13d4986472e8fe,5.903633706271648
vt_h6_c1,51,FT_K3,0.8235294117647058,token_recall,0.2,eligible_body_tokens,answer_only,d02c07fa13f74f19a29dad23735c738a66e4f95a10b7707fdd13d4986472e8fe,1.1876684837043285
vt_h6_c1,52,DT,0.7761194029850746,token_recall,0.2,eligible_body_tokens,answer_only,9f86b999ddf136082a08092f2899e25fd9012981ab1c9fbdd1b97682b461920b,1.2244530506432056
vt_h6_c1,52,FT_K1,0.8507462686567164,token_recall,0.2,eligible_body_tokens,answer_only,9f86b999ddf136082a08092f2899e25fd9012981ab1c9fbdd1b97682b461920b,0.8405225500464439
vt_h6_c1,52,ifr-tokenwise,0.8059701492537313,token_recall,0.2,eligible_body_tokens,answer_only,9f86b999ddf136082a08092f2899e25fd9012981ab1c9fbdd1b97682b461920b,5.869411863386631
vt_h6_c1,52,FT_K3,0.8507462686567164,token_recall,0.2,eligible_body_tokens,answer_only,9f86b999ddf136082a08092f2899e25fd9012981ab1c9fbdd1b97682b461920b,1.208668377250433
vt_h6_c1,53,DT,0.8055555555555556,token_recall,0.2,eligible_body_tokens,answer_only,ddc09f7309585b189a24af52ca7b728bd319fe1018cfa7592fd07d3d1e659ce8,1.240161158144474
vt_h6_c1,53,FT_K1,0.8472222222222222,token_recall,0.2,eligible_body_tokens,answer_only,ddc09f7309585b189a24af52ca7b728bd319fe1018cfa7592fd07d3d1e659ce8,0.8050881326198578
vt_h6_c1,53,ifr-tokenwise,0.8333333333333334,token_recall,0.2,eligible_body_tokens,answer_only,ddc09f7309585b189a24af52ca7b728bd319fe1018cfa7592fd07d3d1e659ce8,6.083777230232954
vt_h6_c1,53,FT_K3,0.8472222222222222,token_recall,0.2,eligible_body_tokens,answer_only,ddc09f7309585b189a24af52ca7b728bd319fe1018cfa7592fd07d3d1e659ce8,18.57388873770833
vt_h6_c1,54,DT,0.7741935483870968,token_recall,0.2,eligible_body_tokens,answer_only,91e7cec586d385b5e1f465ad9f0274924032232b938f2ceda378da3abf6bf36e,1.2331237569451332
vt_h6_c1,54,FT_K1,0.8387096774193549,token_recall,0.2,eligible_body_tokens,answer_only,91e7cec586d385b5e1f465ad9f0274924032232b938f2ceda378da3abf6bf36e,0.8375906907021999
vt_h6_c1,54,ifr-tokenwise,0.8225806451612904,token_recall,0.2,eligible_body_tokens,answer_only,91e7cec586d385b5e1f465ad9f0274924032232b938f2ceda378da3abf6bf36e,5.583390057086945
vt_h6_c1,54,FT_K3,0.8387096774193549,token_recall,0.2,eligible_body_tokens,answer_only,91e7cec586d385b5e1f465ad9f0274924032232b938f2ceda378da3abf6bf36e,1.1915056593716145
vt_h6_c1,55,DT,0.835820895522388,token_recall,0.2,eligible_body_tokens,answer_only,6fdba29583049dbf8990e286624151dcc3feee483c39317157cfdc3abaafe402,1.243027988821268
vt_h6_c1,55,FT_K1,0.835820895522388,token_recall,0.2,eligible_body_tokens,answer_only,6fdba29583049dbf8990e286624151dcc3feee483c39317157cfdc3abaafe402,0.7108743041753769
vt_h6_c1,55,ifr-tokenwise,0.8208955223880597,token_recall,0.2,eligible_body_tokens,answer_only,6fdba29583049dbf8990e286624151dcc3feee483c39317157cfdc3abaafe402,5.754758343100548
vt_h6_c1,55,FT_K3,0.835820895522388,token_recall,0.2,eligible_body_tokens,answer_only,6fdba29583049dbf8990e286624151dcc3feee483c39317157cfdc3abaafe402,1.0929796993732452
vt_h6_c1,56,DT,0.796875,token_recall,0.2,eligible_body_tokens,answer_only,806ece7a83a7c7242ce1974dab413974d26dc1290765059a3182966d13aa925a,1.2401699163019657
vt_h6_c1,56,FT_K1,0.8125,token_recall,0.2,eligible_body_tokens,answer_only,806ece7a83a7c7242ce1974dab413974d26dc1290765059a3182966d13aa925a,0.8551671728491783
vt_h6_c1,56,ifr-tokenwise,0.796875,token_recall,0.2,eligible_body_tokens,answer_only,806ece7a83a7c7242ce1974dab413974d26dc1290765059a3182966d13aa925a,5.680006809532642
vt_h6_c1,56,FT_K3,0.8125,token_recall,0.2,eligible_body_tokens,answer_only,806ece7a83a7c7242ce1974dab413974d26dc1290765059a3182966d13aa925a,1.2265004552900791
vt_h6_c1,57,DT,0.828125,token_recall,0.2,eligible_body_tokens,answer_only,e80ddfe8f107d3332cd495f2e27df39c157da6b1609eb2a0fe38781830e35713,1.2130594179034233
vt_h6_c1,57,FT_K1,0.8125,token_recall,0.2,eligible_body_tokens,answer_only,e80ddfe8f107d3332cd495f2e27df39c157da6b1609eb2a0fe38781830e35713,0.7231386713683605
vt_h6_c1,57,ifr-tokenwise,0.8125,token_recall,0.2,eligible_body_tokens,answer_only,e80ddfe8f107d3332cd495f2e27df39c157da6b1609eb2a0fe38781830e35713,5.505506064742804
vt_h6_c1,57,FT_K3,0.8125,token_recall,0.2,eligible_body_tokens,answer_only,e80ddfe8f107d3332cd495f2e27df39c157da6b1609eb2a0fe38781830e35713,1.0390125811100006
vt_h6_c1,58,DT,0.78125,token_recall,0.2,eligible_body_tokens,answer_only,ac9d73cea07c8c04157f5a4e2af29d5c5a762a2d99841f2ac326f91f8b30313f,1.2143044732511044
vt_h6_c1,58,FT_K1,0.828125,token_recall,0.2,eligible_body_tokens,answer_only,ac9d73cea07c8c04157f5a4e2af29d5c5a762a2d99841f2ac326f91f8b30313f,0.8188380561769009
vt_h6_c1,58,ifr-tokenwise,0.828125,token_recall,0.2,eligible_body_tokens,answer_only,ac9d73cea07c8c04157f5a4e2af29d5c5a762a2d99841f2ac326f91f8b30313f,5.655396725982428
vt_h6_c1,58,FT_K3,0.828125,token_recall,0.2,eligible_body_tokens,answer_only,ac9d73cea07c8c04157f5a4e2af29d5c5a762a2d99841f2ac326f91f8b30313f,1.171131193637848
vt_h6_c1,59,DT,0.8125,token_recall,0.2,eligible_body_tokens,answer_only,bf2bb09b21a431bfebc83729169e79046ede217565111fba3156501077f679ad,1.2103984281420708
vt_h6_c1,59,FT_K1,0.859375,token_recall,0.2,eligible_body_tokens,answer_only,bf2bb09b21a431bfebc83729169e79046ede217565111fba3156501077f679ad,0.8353615999221802
vt_h6_c1,59,ifr-tokenwise,0.828125,token_recall,0.2,eligible_body_tokens,answer_only,bf2bb09b21a431bfebc83729169e79046ede217565111fba3156501077f679ad,5.653841275721788
vt_h6_c1,59,FT_K3,0.859375,token_recall,0.2,eligible_body_tokens,answer_only,bf2bb09b21a431bfebc83729169e79046ede217565111fba3156501077f679ad,1.1478732898831367
vt_h6_c1,60,DT,0.7419354838709677,token_recall,0.2,eligible_body_tokens,answer_only,c852cfa8d0eb60151e246b7fd342f6d8610018a72be6b11cb031774fdfd5bbed,1.2206251434981823
vt_h6_c1,60,FT_K1,0.8225806451612904,token_recall,0.2,eligible_body_tokens,answer_only,c852cfa8d0eb60151e246b7fd342f6d8610018a72be6b11cb031774fdfd5bbed,0.6541197821497917
vt_h6_c1,60,ifr-tokenwise,0.8064516129032258,token_recall,0.2,eligible_body_tokens,answer_only,c852cfa8d0eb60151e246b7fd342f6d8610018a72be6b11cb031774fdfd5bbed,5.379545014351606
vt_h6_c1,60,FT_K3,0.8225806451612904,token_recall,0.2,eligible_body_tokens,answer_only,c852cfa8d0eb60151e246b7fd342f6d8610018a72be6b11cb031774fdfd5bbed,1.0168267749249935
vt_h6_c1,61,DT,0.8064516129032258,token_recall,0.2,eligible_body_tokens,answer_only,9ecfd711982ce63cdc036d3bc2afa9ea153dcbe1f9d428ca4c1293be4661d0a6,1.215658076107502
vt_h6_c1,61,FT_K1,0.8225806451612904,token_recall,0.2,eligible_body_tokens,answer_only,9ecfd711982ce63cdc036d3bc2afa9ea153dcbe1f9d428ca4c1293be4661d0a6,0.8343214429914951
vt_h6_c1,61,ifr-tokenwise,0.8064516129032258,token_recall,0.2,eligible_body_tokens,answer_only,9ecfd711982ce63cdc036d3bc2afa9ea153dcbe1f9d428ca4c1293be4661d0a6,5.533514503389597
vt_h6_c1,61,FT_K3,0.8225806451612904,token_recall,0.2,eligible_body_tokens,answer_only,9ecfd711982ce63cdc036d3bc2afa9ea153dcbe1f9d428ca4c1293be4661d0a6,1.1801908425986767
vt_h6_c1,62,DT,0.8484848484848485,token_recall,0.2,eligible_body_tokens,answer_only,aed78ca70553c85d2bae2bccc9bf37078f574daf14381bdb1916965a8b19a732,1.2390784658491611
vt_h6_c1,62,FT_K1,0.8181818181818182,token_recall,0.2,eligible_body_tokens,answer_only,aed78ca70553c85d2bae2bccc9bf37078f574daf14381bdb1916965a8b19a732,0.7626455239951611
vt_h6_c1,62,ifr-tokenwise,0.8333333333333334,token_recall,0.2,eligible_body_tokens,answer_only,aed78ca70553c85d2bae2bccc9bf37078f574daf14381bdb1916965a8b19a732,5.700164966285229
vt_h6_c1,62,FT_K3,0.8181818181818182,token_recall,0.2,eligible_body_tokens,answer_only,aed78ca70553c85d2bae2bccc9bf37078f574daf14381bdb1916965a8b19a732,1.1094551235437393
vt_h6_c1,63,DT,0.7647058823529411,token_recall,0.2,eligible_body_tokens,answer_only,bc4bd9a3035bef88b75a978e75421cd5f981e3a65b77b86d11c9ce62c9b8c0a1,1.2685704231262207
vt_h6_c1,63,FT_K1,0.8382352941176471,token_recall,0.2,eligible_body_tokens,answer_only,bc4bd9a3035bef88b75a978e75421cd5f981e3a65b77b86d11c9ce62c9b8c0a1,0.8496348448097706
vt_h6_c1,63,ifr-tokenwise,0.8382352941176471,token_recall,0.2,eligible_body_tokens,answer_only,bc4bd9a3035bef88b75a978e75421cd5f981e3a65b77b86d11c9ce62c9b8c0a1,5.906183190643787
vt_h6_c1,63,FT_K3,0.8382352941176471,token_recall,0.2,eligible_body_tokens,answer_only,bc4bd9a3035bef88b75a978e75421cd5f981e3a65b77b86d11c9ce62c9b8c0a1,1.2103015333414078
vt_h6_c1,64,DT,0.8709677419354839,token_recall,0.2,eligible_body_tokens,answer_only,5593bf49e47bcfe8a3f252743719b2a50dcec19e9a60c38ed318a70200d458a3,1.2073659040033817
vt_h6_c1,64,FT_K1,0.8387096774193549,token_recall,0.2,eligible_body_tokens,answer_only,5593bf49e47bcfe8a3f252743719b2a50dcec19e9a60c38ed318a70200d458a3,0.7195868045091629
vt_h6_c1,64,ifr-tokenwise,0.8225806451612904,token_recall,0.2,eligible_body_tokens,answer_only,5593bf49e47bcfe8a3f252743719b2a50dcec19e9a60c38ed318a70200d458a3,5.4429038390517235
vt_h6_c1,64,FT_K3,0.8387096774193549,token_recall,0.2,eligible_body_tokens,answer_only,5593bf49e47bcfe8a3f252743719b2a50dcec19e9a60c38ed318a70200d458a3,1.062065728008747
vt_h6_c1,65,DT,0.7910447761194029,token_recall,0.2,eligible_body_tokens,answer_only,2579fedebdfe29fed6026733fd701270b87bb20257a7359fbadb32d0b3dbd51f,1.213587298989296
vt_h6_c1,65,FT_K1,0.835820895522388,token_recall,0.2,eligible_body_tokens,answer_only,2579fedebdfe29fed6026733fd701270b87bb20257a7359fbadb32d0b3dbd51f,0.6291901879012585
vt_h6_c1,65,ifr-tokenwise,0.835820895522388,token_recall,0.2,eligible_body_tokens,answer_only,2579fedebdfe29fed6026733fd701270b87bb20257a7359fbadb32d0b3dbd51f,5.549232471734285
vt_h6_c1,65,FT_K3,0.835820895522388,token_recall,0.2,eligible_body_tokens,answer_only,2579fedebdfe29fed6026733fd701270b87bb20257a7359fbadb32d0b3dbd51f,0.9743009097874165
vt_h6_c1,66,DT,0.84375,token_recall,0.2,eligible_body_tokens,answer_only,ac3c6c14538f6a50ed7a0bb3cc1f0b59213731995502e38b8e4dd86fa6cd956f,1.2230623178184032
vt_h6_c1,66,FT_K1,0.84375,token_recall,0.2,eligible_body_tokens,answer_only,ac3c6c14538f6a50ed7a0bb3cc1f0b59213731995502e38b8e4dd86fa6cd956f,0.8185520246624947
vt_h6_c1,66,ifr-tokenwise,0.8125,token_recall,0.2,eligible_body_tokens,answer_only,ac3c6c14538f6a50ed7a0bb3cc1f0b59213731995502e38b8e4dd86fa6cd956f,5.639142736792564
vt_h6_c1,66,FT_K3,0.84375,token_recall,0.2,eligible_body_tokens,answer_only,ac3c6c14538f6a50ed7a0bb3cc1f0b59213731995502e38b8e4dd86fa6cd956f,1.160840705037117
vt_h6_c1,67,DT,0.746268656716418,token_recall,0.2,eligible_body_tokens,answer_only,f8c0fb0cf59d0c1d59ee74d65a4b356b86805232e4f8c2ef3577e0f72b57982b,1.2273168489336967
vt_h6_c1,67,FT_K1,0.835820895522388,token_recall,0.2,eligible_body_tokens,answer_only,f8c0fb0cf59d0c1d59ee74d65a4b356b86805232e4f8c2ef3577e0f72b57982b,0.8586762547492981
vt_h6_c1,67,ifr-tokenwise,0.835820895522388,token_recall,0.2,eligible_body_tokens,answer_only,f8c0fb0cf59d0c1d59ee74d65a4b356b86805232e4f8c2ef3577e0f72b57982b,5.909778881818056
vt_h6_c1,67,FT_K3,0.835820895522388,token_recall,0.2,eligible_body_tokens,answer_only,f8c0fb0cf59d0c1d59ee74d65a4b356b86805232e4f8c2ef3577e0f72b57982b,1.208932377398014
vt_h6_c1,68,DT,0.7903225806451613,token_recall,0.2,eligible_body_tokens,answer_only,8f98353fb10754c07c470db7521769d01322f5f9808413a1ac8ff6741808bd8b,1.1931442432105541
vt_h6_c1,68,FT_K1,0.8709677419354839,token_recall,0.2,eligible_body_tokens,answer_only,8f98353fb10754c07c470db7521769d01322f5f9808413a1ac8ff6741808bd8b,0.8252484016120434
vt_h6_c1,68,ifr-tokenwise,0.8387096774193549,token_recall,0.2,eligible_body_tokens,answer_only,8f98353fb10754c07c470db7521769d01322f5f9808413a1ac8ff6741808bd8b,5.522460401058197
vt_h6_c1,68,FT_K3,0.8709677419354839,token_recall,0.2,eligible_body_tokens,answer_only,8f98353fb10754c07c470db7521769d01322f5f9808413a1ac8ff6741808bd8b,1.1587200574576855
vt_h6_c1,69,DT,0.8125,token_recall,0.2,eligible_body_tokens,answer_only,a3f77ced7f0ce897310fa5820bdbf22068ecb0443bba3d2e881fd0440a3f7581,1.2638709209859371
vt_h6_c1,69,FT_K1,0.828125,token_recall,0.2,eligible_body_tokens,answer_only,a3f77ced7f0ce897310fa5820bdbf22068ecb0443bba3d2e881fd0440a3f7581,0.7981459945440292
vt_h6_c1,69,ifr-tokenwise,0.828125,token_recall,0.2,eligible_body_tokens,answer_only,a3f77ced7f0ce897310fa5820bdbf22068ecb0443bba3d2e881fd0440a3f7581,5.624904878437519
vt_h6_c1,69,FT_K3,0.828125,token_recall,0.2,eligible_body_tokens,answer_only,a3f77ced7f0ce897310fa5820bdbf22068ecb0443bba3d2e881fd0440a3f7581,1.1763458959758282
vt_h6_c1,70,DT,0.8142857142857143,token_recall,0.2,eligible_body_tokens,answer_only,2bc21b9fdd5c3bf2903f762772021de6bded0e7b4f9dae33f087bd23aff8eec8,1.2518479228019714
vt_h6_c1,70,FT_K1,0.8285714285714286,token_recall,0.2,eligible_body_tokens,answer_only,2bc21b9fdd5c3bf2903f762772021de6bded0e7b4f9dae33f087bd23aff8eec8,0.6582428328692913
vt_h6_c1,70,ifr-tokenwise,0.8571428571428571,token_recall,0.2,eligible_body_tokens,answer_only,2bc21b9fdd5c3bf2903f762772021de6bded0e7b4f9dae33f087bd23aff8eec8,5.82649602741003
vt_h6_c1,70,FT_K3,0.8285714285714286,token_recall,0.2,eligible_body_tokens,answer_only,2bc21b9fdd5c3bf2903f762772021de6bded0e7b4f9dae33f087bd23aff8eec8,1.0231993198394775
vt_h6_c1,71,DT,0.78125,token_recall,0.2,eligible_body_tokens,answer_only,82d1b0f77390c777d8493e50792d88a2b7fd15e0125f636bf89bcc6c83370028,1.268381129950285
vt_h6_c1,71,FT_K1,0.84375,token_recall,0.2,eligible_body_tokens,answer_only,82d1b0f77390c777d8493e50792d88a2b7fd15e0125f636bf89bcc6c83370028,0.8185903020203114
vt_h6_c1,71,ifr-tokenwise,0.828125,token_recall,0.2,eligible_body_tokens,answer_only,82d1b0f77390c777d8493e50792d88a2b7fd15e0125f636bf89bcc6c83370028,5.656917870044708
vt_h6_c1,71,FT_K3,0.84375,token_recall,0.2,eligible_body_tokens,answer_only,82d1b0f77390c777d8493e50792d88a2b7fd15e0125f636bf89bcc6c83370028,1.1608523949980736
vt_h6_c1,72,DT,0.828125,token_recall,0.2,eligible_body_tokens,answer_only,4e2defd3f7ddf0f143a2c50caf2e6ee613b0a793bbb7911f3cd3c18405ccbc49,1.205950602889061
vt_h6_c1,72,FT_K1,0.8125,token_recall,0.2,eligible_body_tokens,answer_only,4e2defd3f7ddf0f143a2c50caf2e6ee613b0a793bbb7911f3cd3c18405ccbc49,0.726465605199337
vt_h6_c1,72,ifr-tokenwise,0.8125,token_recall,0.2,eligible_body_tokens,answer_only,4e2defd3f7ddf0f143a2c50caf2e6ee613b0a793bbb7911f3cd3c18405ccbc49,5.526539888232946
vt_h6_c1,72,FT_K3,0.8125,token_recall,0.2,eligible_body_tokens,answer_only,4e2defd3f7ddf0f143a2c50caf2e6ee613b0a793bbb7911f3cd3c18405ccbc49,1.0578365474939346
vt_h6_c1,73,DT,0.7878787878787878,token_recall,0.2,eligible_body_tokens,answer_only,12aeab4da843d136601f1e37e79058d6cd577442da1961f350593ea18700bf67,1.2328671663999557
vt_h6_c1,73,FT_K1,0.8181818181818182,token_recall,0.2,eligible_body_tokens,answer_only,12aeab4da843d136601f1e37e79058d6cd577442da1961f350593ea18700bf67,0.7526985816657543
vt_h6_c1,73,ifr-tokenwise,0.8333333333333334,token_recall,0.2,eligible_body_tokens,answer_only,12aeab4da843d136601f1e37e79058d6cd577442da1961f350593ea18700bf67,5.685230661183596
vt_h6_c1,73,FT_K3,0.8181818181818182,token_recall,0.2,eligible_body_tokens,answer_only,12aeab4da843d136601f1e37e79058d6cd577442da1961f350593ea18700bf67,1.0891377367079258
vt_h6_c1,74,DT,0.8125,token_recall,0.2,eligible_body_tokens,answer_only,dc3465c7c593abe890353736ed61ea475bb368430fea9f43c4722e50fb8dbb14,1.2219329997897148
vt_h6_c1,74,FT_K1,0.828125,token_recall,0.2,eligible_body_tokens,answer_only,dc3465c7c593abe890353736ed61ea475bb368430fea9f43c4722e50fb8dbb14,0.834370955824852
vt_h6_c1,74,ifr-tokenwise,0.828125,token_recall,0.2,eligible_body_tokens,answer_only,dc3465c7c593abe890353736ed61ea475bb368430fea9f43c4722e50fb8dbb14,5.66978557407856
vt_h6_c1,74,FT_K3,0.828125,token_recall,0.2,eligible_body_tokens,answer_only,dc3465c7c593abe890353736ed61ea475bb368430fea9f43c4722e50fb8dbb14,1.1788144782185555
vt_h6_c1,75,DT,0.8225806451612904,token_recall,0.2,eligible_body_tokens,answer_only,332580bf7f02f40fdb03e19ec4cf1d5eb26cd2767e85712989701eea7fbac805,1.1988472566008568
vt_h6_c1,75,FT_K1,0.8387096774193549,token_recall,0.2,eligible_body_tokens,answer_only,332580bf7f02f40fdb03e19ec4cf1d5eb26cd2767e85712989701eea7fbac805,0.6604094728827477
vt_h6_c1,75,ifr-tokenwise,0.8548387096774194,token_recall,0.2,eligible_body_tokens,answer_only,332580bf7f02f40fdb03e19ec4cf1d5eb26cd2767e85712989701eea7fbac805,5.377272613346577
vt_h6_c1,75,FT_K3,0.8387096774193549,token_recall,0.2,eligible_body_tokens,answer_only,332580bf7f02f40fdb03e19ec4cf1d5eb26cd2767e85712989701eea7fbac805,1.0087641924619675
vt_h6_c1,76,DT,0.8387096774193549,token_recall,0.2,eligible_body_tokens,answer_only,451871172518c83cb45077264d17e9209bd031bb20d0e8a61966f84ca1bfc268,1.200635340064764
vt_h6_c1,76,FT_K1,0.8387096774193549,token_recall,0.2,eligible_body_tokens,answer_only,451871172518c83cb45077264d17e9209bd031bb20d0e8a61966f84ca1bfc268,0.8232025653123856
vt_h6_c1,76,ifr-tokenwise,0.8064516129032258,token_recall,0.2,eligible_body_tokens,answer_only,451871172518c83cb45077264d17e9209bd031bb20d0e8a61966f84ca1bfc268,5.525730554014444
vt_h6_c1,76,FT_K3,0.8387096774193549,token_recall,0.2,eligible_body_tokens,answer_only,451871172518c83cb45077264d17e9209bd031bb20d0e8a61966f84ca1bfc268,1.1600085832178593
vt_h6_c1,77,DT,0.7704918032786885,token_recall,0.2,eligible_body_tokens,answer_only,cfabccb431af94f6c4ac88ab244449a3968f5381ddae7d4784b3dde3cecf5a51,1.2277662567794323
vt_h6_c1,77,FT_K1,0.8032786885245902,token_recall,0.2,eligible_body_tokens,answer_only,cfabccb431af94f6c4ac88ab244449a3968f5381ddae7d4784b3dde3cecf5a51,0.866440124809742
vt_h6_c1,77,ifr-tokenwise,0.819672131147541,token_recall,0.2,eligible_body_tokens,answer_only,cfabccb431af94f6c4ac88ab244449a3968f5381ddae7d4784b3dde3cecf5a51,5.464377626776695
vt_h6_c1,77,FT_K3,0.8032786885245902,token_recall,0.2,eligible_body_tokens,answer_only,cfabccb431af94f6c4ac88ab244449a3968f5381ddae7d4784b3dde3cecf5a51,1.2498632706701756
vt_h6_c1,78,DT,0.8333333333333334,token_recall,0.2,eligible_body_tokens,answer_only,cb0e12cfb8e973ad1db021c7a0101ad22cca2ad2b61b5f97c7d30f322f8f7f20,1.2785102799534798
vt_h6_c1,78,FT_K1,0.8181818181818182,token_recall,0.2,eligible_body_tokens,answer_only,cb0e12cfb8e973ad1db021c7a0101ad22cca2ad2b61b5f97c7d30f322f8f7f20,0.8682333081960678
vt_h6_c1,78,ifr-tokenwise,0.8181818181818182,token_recall,0.2,eligible_body_tokens,answer_only,cb0e12cfb8e973ad1db021c7a0101ad22cca2ad2b61b5f97c7d30f322f8f7f20,5.844175484031439
vt_h6_c1,78,FT_K3,0.8181818181818182,token_recall,0.2,eligible_body_tokens,answer_only,cb0e12cfb8e973ad1db021c7a0101ad22cca2ad2b61b5f97c7d30f322f8f7f20,1.2216415368020535
vt_h6_c1,79,DT,0.8484848484848485,token_recall,0.2,eligible_body_tokens,answer_only,b43ca37e56a04506edf0af62d292c757652b3899e849fdf3bf85ca6384a301a9,1.2454948984086514
vt_h6_c1,79,FT_K1,0.8333333333333334,token_recall,0.2,eligible_body_tokens,answer_only,b43ca37e56a04506edf0af62d292c757652b3899e849fdf3bf85ca6384a301a9,0.7809421345591545
vt_h6_c1,79,ifr-tokenwise,0.8181818181818182,token_recall,0.2,eligible_body_tokens,answer_only,b43ca37e56a04506edf0af62d292c757652b3899e849fdf3bf85ca6384a301a9,5.73125334829092
vt_h6_c1,79,FT_K3,0.8333333333333334,token_recall,0.2,eligible_body_tokens,answer_only,b43ca37e56a04506edf0af62d292c757652b3899e849fdf3bf85ca6384a301a9,1.1425109021365643
vt_h6_c1,80,DT,0.734375,token_recall,0.2,eligible_body_tokens,answer_only,153e864e097d92c6e11fa9b86aa78daf9d18827f0f75d849054b2befca087ba3,1.277483694255352
vt_h6_c1,80,FT_K1,0.828125,token_recall,0.2,eligible_body_tokens,answer_only,153e864e097d92c6e11fa9b86aa78daf9d18827f0f75d849054b2befca087ba3,0.7821091078221798
vt_h6_c1,80,ifr-tokenwise,0.84375,token_recall,0.2,eligible_body_tokens,answer_only,153e864e097d92c6e11fa9b86aa78daf9d18827f0f75d849054b2befca087ba3,5.626758232712746
vt_h6_c1,80,FT_K3,0.828125,token_recall,0.2,eligible_body_tokens,answer_only,153e864e097d92c6e11fa9b86aa78daf9d18827f0f75d849054b2befca087ba3,1.1337055712938309
vt_h6_c1,81,DT,0.7727272727272727,token_recall,0.2,eligible_body_tokens,answer_only,a95938708d9e5262c83d78fbc7c4efb82495f395ffd96a1e17be2ae95d177ae5,1.2279405519366264
vt_h6_c1,81,FT_K1,0.8484848484848485,token_recall,0.2,eligible_body_tokens,answer_only,a95938708d9e5262c83d78fbc7c4efb82495f395ffd96a1e17be2ae95d177ae5,0.7431426271796227
vt_h6_c1,81,ifr-tokenwise,0.8484848484848485,token_recall,0.2,eligible_body_tokens,answer_only,a95938708d9e5262c83d78fbc7c4efb82495f395ffd96a1e17be2ae95d177ae5,5.6905699744820595
vt_h6_c1,81,FT_K3,0.8484848484848485,token_recall,0.2,eligible_body_tokens,answer_only,a95938708d9e5262c83d78fbc7c4efb82495f395ffd96a1e17be2ae95d177ae5,1.0936725623905659
vt_h6_c1,82,DT,0.7846153846153846,token_recall,0.2,eligible_body_tokens,answer_only,31ee9a272a8c10d2a1f5931461e2e356ef17771672fe2173b2ceb55a125bb505,1.22231400385499
vt_h6_c1,82,FT_K1,0.8307692307692308,token_recall,0.2,eligible_body_tokens,answer_only,31ee9a272a8c10d2a1f5931461e2e356ef17771672fe2173b2ceb55a125bb505,0.7509874440729618
vt_h6_c1,82,ifr-tokenwise,0.8153846153846154,token_recall,0.2,eligible_body_tokens,answer_only,31ee9a272a8c10d2a1f5931461e2e356ef17771672fe2173b2ceb55a125bb505,5.699942015111446
vt_h6_c1,82,FT_K3,0.8307692307692308,token_recall,0.2,eligible_body_tokens,answer_only,31ee9a272a8c10d2a1f5931461e2e356ef17771672fe2173b2ceb55a125bb505,1.0889517664909363
vt_h6_c1,83,DT,0.7833333333333333,token_recall,0.2,eligible_body_tokens,answer_only,6ae093dc53fe2ca1c026e6a1c9c281b529af03ff3e5f07bf79c83e2d5dd7a15c,1.2158527225255966
vt_h6_c1,83,FT_K1,0.8166666666666667,token_recall,0.2,eligible_body_tokens,answer_only,6ae093dc53fe2ca1c026e6a1c9c281b529af03ff3e5f07bf79c83e2d5dd7a15c,0.7700401097536087
vt_h6_c1,83,ifr-tokenwise,0.8166666666666667,token_recall,0.2,eligible_body_tokens,answer_only,6ae093dc53fe2ca1c026e6a1c9c281b529af03ff3e5f07bf79c83e2d5dd7a15c,5.358535669744015
vt_h6_c1,83,FT_K3,0.8166666666666667,token_recall,0.2,eligible_body_tokens,answer_only,6ae093dc53fe2ca1c026e6a1c9c281b529af03ff3e5f07bf79c83e2d5dd7a15c,3.9826653860509396
vt_h6_c1,84,DT,0.8225806451612904,token_recall,0.2,eligible_body_tokens,answer_only,606fa42f20dc4ae0a8450a6d35b0d0c34ac7509e529a5bc68057afedcb024cda,1.212731245905161
vt_h6_c1,84,FT_K1,0.8225806451612904,token_recall,0.2,eligible_body_tokens,answer_only,606fa42f20dc4ae0a8450a6d35b0d0c34ac7509e529a5bc68057afedcb024cda,0.8355594128370285
vt_h6_c1,84,ifr-tokenwise,0.8387096774193549,token_recall,0.2,eligible_body_tokens,answer_only,606fa42f20dc4ae0a8450a6d35b0d0c34ac7509e529a5bc68057afedcb024cda,5.5289719812572
vt_h6_c1,84,FT_K3,0.8225806451612904,token_recall,0.2,eligible_body_tokens,answer_only,606fa42f20dc4ae0a8450a6d35b0d0c34ac7509e529a5bc68057afedcb024cda,1.1751170232892036
vt_h6_c1,85,DT,0.803030303030303,token_recall,0.2,eligible_body_tokens,answer_only,22c4917d4eefa1a544c36523c008fa5169703a857fad4e0eabf51e80b1f39333,1.2224842682480812
vt_h6_c1,85,FT_K1,0.8333333333333334,token_recall,0.2,eligible_body_tokens,answer_only,22c4917d4eefa1a544c36523c008fa5169703a857fad4e0eabf51e80b1f39333,0.8493392951786518
vt_h6_c1,85,ifr-tokenwise,0.8333333333333334,token_recall,0.2,eligible_body_tokens,answer_only,22c4917d4eefa1a544c36523c008fa5169703a857fad4e0eabf51e80b1f39333,5.760066069662571
vt_h6_c1,85,FT_K3,0.8333333333333334,token_recall,0.2,eligible_body_tokens,answer_only,22c4917d4eefa1a544c36523c008fa5169703a857fad4e0eabf51e80b1f39333,1.194979339838028
vt_h6_c1,86,DT,0.75,token_recall,0.2,eligible_body_tokens,answer_only,f45e5c2077dcad770a5de43a354a776bd8bfc20205e6c0e651a370b1efc4bfcf,1.218860685825348
vt_h6_c1,86,FT_K1,0.875,token_recall,0.2,eligible_body_tokens,answer_only,f45e5c2077dcad770a5de43a354a776bd8bfc20205e6c0e651a370b1efc4bfcf,0.8220995180308819
vt_h6_c1,86,ifr-tokenwise,0.859375,token_recall,0.2,eligible_body_tokens,answer_only,f45e5c2077dcad770a5de43a354a776bd8bfc20205e6c0e651a370b1efc4bfcf,5.652413714677095
vt_h6_c1,86,FT_K3,0.875,token_recall,0.2,eligible_body_tokens,answer_only,f45e5c2077dcad770a5de43a354a776bd8bfc20205e6c0e651a370b1efc4bfcf,1.1617765985429287
vt_h6_c1,87,DT,0.8181818181818182,token_recall,0.2,eligible_body_tokens,answer_only,09f29668926aa76b86435fe06db7d4fe49e941c4d582a40af23d860411f94209,1.2579087615013123
vt_h6_c1,87,FT_K1,0.8333333333333334,token_recall,0.2,eligible_body_tokens,answer_only,09f29668926aa76b86435fe06db7d4fe49e941c4d582a40af23d860411f94209,0.8892393261194229
vt_h6_c1,87,ifr-tokenwise,0.8484848484848485,token_recall,0.2,eligible_body_tokens,answer_only,09f29668926aa76b86435fe06db7d4fe49e941c4d582a40af23d860411f94209,5.836455337703228
vt_h6_c1,87,FT_K3,0.8333333333333334,token_recall,0.2,eligible_body_tokens,answer_only,09f29668926aa76b86435fe06db7d4fe49e941c4d582a40af23d860411f94209,1.2692221589386463
vt_h6_c1,88,DT,0.78125,token_recall,0.2,eligible_body_tokens,answer_only,1c5e6b0e18be7d91931618b18e75f7b545b6678c00f6e9be2e53cc155a05342a,1.2177386172115803
vt_h6_c1,88,FT_K1,0.8125,token_recall,0.2,eligible_body_tokens,answer_only,1c5e6b0e18be7d91931618b18e75f7b545b6678c00f6e9be2e53cc155a05342a,0.8152291178703308
vt_h6_c1,88,ifr-tokenwise,0.828125,token_recall,0.2,eligible_body_tokens,answer_only,1c5e6b0e18be7d91931618b18e75f7b545b6678c00f6e9be2e53cc155a05342a,5.646687850356102
vt_h6_c1,88,FT_K3,0.8125,token_recall,0.2,eligible_body_tokens,answer_only,1c5e6b0e18be7d91931618b18e75f7b545b6678c00f6e9be2e53cc155a05342a,1.1554016843438148
vt_h6_c1,89,DT,0.7727272727272727,token_recall,0.2,eligible_body_tokens,answer_only,41e1d8bb364d260a4aa3d18a4eedb05d8d7f603109101326b706c351e5811681,1.2298375442624092
vt_h6_c1,89,FT_K1,0.8333333333333334,token_recall,0.2,eligible_body_tokens,answer_only,41e1d8bb364d260a4aa3d18a4eedb05d8d7f603109101326b706c351e5811681,0.8442863002419472
vt_h6_c1,89,ifr-tokenwise,0.8333333333333334,token_recall,0.2,eligible_body_tokens,answer_only,41e1d8bb364d260a4aa3d18a4eedb05d8d7f603109101326b706c351e5811681,5.81073061004281
vt_h6_c1,89,FT_K3,0.8333333333333334,token_recall,0.2,eligible_body_tokens,answer_only,41e1d8bb364d260a4aa3d18a4eedb05d8d7f603109101326b706c351e5811681,1.1928803510963917
vt_h6_c1,90,DT,0.8333333333333334,token_recall,0.2,eligible_body_tokens,answer_only,0166482f699bab747b7156fac15ec1ca991ef9cfc91864b1de7722c91f3ef57e,1.226244430989027
vt_h6_c1,90,FT_K1,0.8333333333333334,token_recall,0.2,eligible_body_tokens,answer_only,0166482f699bab747b7156fac15ec1ca991ef9cfc91864b1de7722c91f3ef57e,0.8438941314816475
vt_h6_c1,90,ifr-tokenwise,0.8333333333333334,token_recall,0.2,eligible_body_tokens,answer_only,0166482f699bab747b7156fac15ec1ca991ef9cfc91864b1de7722c91f3ef57e,5.774707138538361
vt_h6_c1,90,FT_K3,0.8333333333333334,token_recall,0.2,eligible_body_tokens,answer_only,0166482f699bab747b7156fac15ec1ca991ef9cfc91864b1de7722c91f3ef57e,1.1955638900399208
vt_h6_c1,91,DT,0.7704918032786885,token_recall,0.2,eligible_body_tokens,answer_only,2d79ebf084a87ead16bfb2fbe4af2b06e1a74d4555bbd7f81a8b8a97f2f3535e,1.2293547615408897
vt_h6_c1,91,FT_K1,0.8360655737704918,token_recall,0.2,eligible_body_tokens,answer_only,2d79ebf084a87ead16bfb2fbe4af2b06e1a74d4555bbd7f81a8b8a97f2f3535e,0.8788982070982456
vt_h6_c1,91,ifr-tokenwise,0.8360655737704918,token_recall,0.2,eligible_body_tokens,answer_only,2d79ebf084a87ead16bfb2fbe4af2b06e1a74d4555bbd7f81a8b8a97f2f3535e,5.465433593839407
vt_h6_c1,91,FT_K3,0.8360655737704918,token_recall,0.2,eligible_body_tokens,answer_only,2d79ebf084a87ead16bfb2fbe4af2b06e1a74d4555bbd7f81a8b8a97f2f3535e,1.244562279433012
vt_h6_c1,92,DT,0.796875,token_recall,0.2,eligible_body_tokens,answer_only,926551980124805d96ed29b632e266e283d29a9cd405d4fcf3ffae12987973d0,1.2770226784050465
vt_h6_c1,92,FT_K1,0.828125,token_recall,0.2,eligible_body_tokens,answer_only,926551980124805d96ed29b632e266e283d29a9cd405d4fcf3ffae12987973d0,0.8810808099806309
vt_h6_c1,92,ifr-tokenwise,0.8125,token_recall,0.2,eligible_body_tokens,answer_only,926551980124805d96ed29b632e266e283d29a9cd405d4fcf3ffae12987973d0,5.676278684288263
vt_h6_c1,92,FT_K3,0.828125,token_recall,0.2,eligible_body_tokens,answer_only,926551980124805d96ed29b632e266e283d29a9cd405d4fcf3ffae12987973d0,1.2702586501836777
vt_h6_c1,93,DT,0.8115942028985508,token_recall,0.2,eligible_body_tokens,answer_only,8d05cd1c2ae881db7c08080bb92d49a58f8b51021b83bc9c4950cc71c928ba4d,1.2362136393785477
vt_h6_c1,93,FT_K1,0.8405797101449275,token_recall,0.2,eligible_body_tokens,answer_only,8d05cd1c2ae881db7c08080bb92d49a58f8b51021b83bc9c4950cc71c928ba4d,0.6802562884986401
vt_h6_c1,93,ifr-tokenwise,0.8405797101449275,token_recall,0.2,eligible_body_tokens,answer_only,8d05cd1c2ae881db7c08080bb92d49a58f8b51021b83bc9c4950cc71c928ba4d,5.828631773591042
vt_h6_c1,93,FT_K3,0.8405797101449275,token_recall,0.2,eligible_body_tokens,answer_only,8d05cd1c2ae881db7c08080bb92d49a58f8b51021b83bc9c4950cc71c928ba4d,1.0491598211228848
vt_h6_c1,94,DT,0.84375,token_recall,0.2,eligible_body_tokens,answer_only,e166e0bbeff3e60d5d618380321ad7c781bec28f05b9606127c1c0009b2d7dff,1.2479850314557552
vt_h6_c1,94,FT_K1,0.828125,token_recall,0.2,eligible_body_tokens,answer_only,e166e0bbeff3e60d5d618380321ad7c781bec28f05b9606127c1c0009b2d7dff,0.8280225731432438
vt_h6_c1,94,ifr-tokenwise,0.8125,token_recall,0.2,eligible_body_tokens,answer_only,e166e0bbeff3e60d5d618380321ad7c781bec28f05b9606127c1c0009b2d7dff,5.669433858245611
vt_h6_c1,94,FT_K3,0.8125,token_recall,0.2,eligible_body_tokens,answer_only,e166e0bbeff3e60d5d618380321ad7c781bec28f05b9606127c1c0009b2d7dff,1.1732415482401848
vt_h6_c1,95,DT,0.7727272727272727,token_recall,0.2,eligible_body_tokens,answer_only,9b41d9d02719f00110011a160f000a2c6cab89dd00de17bc5303fa3c2f72bd30,1.2300242260098457
vt_h6_c1,95,FT_K1,0.8484848484848485,token_recall,0.2,eligible_body_tokens,answer_only,9b41d9d02719f00110011a160f000a2c6cab89dd00de17bc5303fa3c2f72bd30,0.822517741471529
vt_h6_c1,95,ifr-tokenwise,0.8484848484848485,token_recall,0.2,eligible_body_tokens,answer_only,9b41d9d02719f00110011a160f000a2c6cab89dd00de17bc5303fa3c2f72bd30,5.743795659393072
vt_h6_c1,95,FT_K3,0.8484848484848485,token_recall,0.2,eligible_body_tokens,answer_only,9b41d9d02719f00110011a160f000a2c6cab89dd00de17bc5303fa3c2f72bd30,1.1751489751040936
vt_h6_c1,96,DT,0.78125,token_recall,0.2,eligible_body_tokens,answer_only,556d005f490064f64dc47ae42b5aa5ab08d0c1c9873318856cb9d3d08b9f7137,1.2086700573563576
vt_h6_c1,96,FT_K1,0.84375,token_recall,0.2,eligible_body_tokens,answer_only,556d005f490064f64dc47ae42b5aa5ab08d0c1c9873318856cb9d3d08b9f7137,0.6683205217123032
vt_h6_c1,96,ifr-tokenwise,0.828125,token_recall,0.2,eligible_body_tokens,answer_only,556d005f490064f64dc47ae42b5aa5ab08d0c1c9873318856cb9d3d08b9f7137,5.480948906391859
vt_h6_c1,96,FT_K3,0.84375,token_recall,0.2,eligible_body_tokens,answer_only,556d005f490064f64dc47ae42b5aa5ab08d0c1c9873318856cb9d3d08b9f7137,0.9961428083479404
vt_h6_c1,97,DT,0.7878787878787878,token_recall,0.2,eligible_body_tokens,answer_only,244f3b093113a9e11cc159bf1a236bf95f5c3045c91e95576d71a448bbc3bf45,1.2239591479301453
vt_h6_c1,97,FT_K1,0.7878787878787878,token_recall,0.2,eligible_body_tokens,answer_only,244f3b093113a9e11cc159bf1a236bf95f5c3045c91e95576d71a448bbc3bf45,0.7646100074052811
vt_h6_c1,97,ifr-tokenwise,0.8333333333333334,token_recall,0.2,eligible_body_tokens,answer_only,244f3b093113a9e11cc159bf1a236bf95f5c3045c91e95576d71a448bbc3bf45,5.691146299242973
vt_h6_c1,97,FT_K3,0.7878787878787878,token_recall,0.2,eligible_body_tokens,answer_only,244f3b093113a9e11cc159bf1a236bf95f5c3045c91e95576d71a448bbc3bf45,1.098111566156149
vt_h6_c1,98,DT,0.7681159420289855,token_recall,0.2,eligible_body_tokens,answer_only,e3fe31a1a3bf763d8a346966d228cfb13eba4126edc363c8631344d51cffcff1,1.2343823425471783
vt_h6_c1,98,FT_K1,0.8260869565217391,token_recall,0.2,eligible_body_tokens,answer_only,e3fe31a1a3bf763d8a346966d228cfb13eba4126edc363c8631344d51cffcff1,0.8570776805281639
vt_h6_c1,98,ifr-tokenwise,0.8115942028985508,token_recall,0.2,eligible_body_tokens,answer_only,e3fe31a1a3bf763d8a346966d228cfb13eba4126edc363c8631344d51cffcff1,6.000668004155159
vt_h6_c1,98,FT_K3,0.8260869565217391,token_recall,0.2,eligible_body_tokens,answer_only,e3fe31a1a3bf763d8a346966d228cfb13eba4126edc363c8631344d51cffcff1,1.2020807154476643
vt_h6_c1,99,DT,0.803030303030303,token_recall,0.2,eligible_body_tokens,answer_only,13a993cf2ab854ea6008cd1ea4c80cef99bc3021b956cf4a13c7b2f5be6661af,1.2352052330970764
vt_h6_c1,99,FT_K1,0.8333333333333334,token_recall,0.2,eligible_body_tokens,answer_only,13a993cf2ab854ea6008cd1ea4c80cef99bc3021b956cf4a13c7b2f5be6661af,0.8441283777356148
vt_h6_c1,99,ifr-tokenwise,0.8333333333333334,token_recall,0.2,eligible_body_tokens,answer_only,13a993cf2ab854ea6008cd1ea4c80cef99bc3021b956cf4a13c7b2f5be6661af,5.799824342131615
vt_h6_c1,99,FT_K3,0.8333333333333334,token_recall,0.2,eligible_body_tokens,answer_only,13a993cf2ab854ea6008cd1ea4c80cef99bc3021b956cf4a13c7b2f5be6661af,1.1904718056321144
vt_h10_c1,0,DT,0.7904761904761904,token_recall,0.3,eligible_body_tokens,answer_only,a02b0ad2a53b3dbf8e62fc4ca5fb87dac4c052ca8a7c99101462c14b00d5f5b6,1.2828364931046963
vt_h10_c1,0,FT_K1,0.8285714285714286,token_recall,0.3,eligible_body_tokens,answer_only,a02b0ad2a53b3dbf8e62fc4ca5fb87dac4c052ca8a7c99101462c14b00d5f5b6,0.803137231618166
vt_h10_c1,0,ifr-tokenwise,0.819047619047619,token_recall,0.3,eligible_body_tokens,answer_only,a02b0ad2a53b3dbf8e62fc4ca5fb87dac4c052ca8a7c99101462c14b00d5f5b6,7.501931041479111
vt_h10_c1,0,FT_K3,0.8285714285714286,token_recall,0.3,eligible_body_tokens,answer_only,a02b0ad2a53b3dbf8e62fc4ca5fb87dac4c052ca8a7c99101462c14b00d5f5b6,18.24784967303276
vt_h10_c1,1,DT,0.7425742574257426,token_recall,0.3,eligible_body_tokens,answer_only,e5565ffa49a9b9365ee54103b4c57a21c5fea42adc2d6939b6237ca44f373e99,1.2815252728760242
vt_h10_c1,1,FT_K1,0.8217821782178217,token_recall,0.3,eligible_body_tokens,answer_only,e5565ffa49a9b9365ee54103b4c57a21c5fea42adc2d6939b6237ca44f373e99,0.6959378309547901
vt_h10_c1,1,ifr-tokenwise,0.8118811881188119,token_recall,0.3,eligible_body_tokens,answer_only,e5565ffa49a9b9365ee54103b4c57a21c5fea42adc2d6939b6237ca44f373e99,7.078893195837736
vt_h10_c1,1,FT_K3,0.8217821782178217,token_recall,0.3,eligible_body_tokens,answer_only,e5565ffa49a9b9365ee54103b4c57a21c5fea42adc2d6939b6237ca44f373e99,3.8306270465254784
vt_h10_c1,2,DT,0.7766990291262136,token_recall,0.3,eligible_body_tokens,answer_only,a3d18f4f15de1c85bed59f8c1d54c7ccb5bd97aa710eaad4ee4273e1f29e87f6,1.3509259894490242
vt_h10_c1,2,FT_K1,0.8349514563106796,token_recall,0.3,eligible_body_tokens,answer_only,a3d18f4f15de1c85bed59f8c1d54c7ccb5bd97aa710eaad4ee4273e1f29e87f6,0.8625749535858631
vt_h10_c1,2,ifr-tokenwise,0.8155339805825242,token_recall,0.3,eligible_body_tokens,answer_only,a3d18f4f15de1c85bed59f8c1d54c7ccb5bd97aa710eaad4ee4273e1f29e87f6,7.37522254884243
vt_h10_c1,2,FT_K3,0.8446601941747572,token_recall,0.3,eligible_body_tokens,answer_only,a3d18f4f15de1c85bed59f8c1d54c7ccb5bd97aa710eaad4ee4273e1f29e87f6,20.037234604358673
vt_h10_c1,3,DT,0.8137254901960784,token_recall,0.3,eligible_body_tokens,answer_only,fcfafdfdb0b6c6500891d6a756c8983ae41f71a3d9f0fb5000edcc4fa4fb4170,1.2657778412103653
vt_h10_c1,3,FT_K1,0.8333333333333334,token_recall,0.3,eligible_body_tokens,answer_only,fcfafdfdb0b6c6500891d6a756c8983ae41f71a3d9f0fb5000edcc4fa4fb4170,0.8957110308110714
vt_h10_c1,3,ifr-tokenwise,0.8235294117647058,token_recall,0.3,eligible_body_tokens,answer_only,fcfafdfdb0b6c6500891d6a756c8983ae41f71a3d9f0fb5000edcc4fa4fb4170,7.221820678561926
vt_h10_c1,3,FT_K3,0.8333333333333334,token_recall,0.3,eligible_body_tokens,answer_only,fcfafdfdb0b6c6500891d6a756c8983ae41f71a3d9f0fb5000edcc4fa4fb4170,20.504452224820852
vt_h10_c1,4,DT,0.7450980392156863,token_recall,0.3,eligible_body_tokens,answer_only,154e17117231c56381ef3f88594d805b6505dda787aa2d4e6ff403b2d9f59d77,1.2829204052686691
vt_h10_c1,4,FT_K1,0.8235294117647058,token_recall,0.3,eligible_body_tokens,answer_only,154e17117231c56381ef3f88594d805b6505dda787aa2d4e6ff403b2d9f59d77,0.8912102952599525
vt_h10_c1,4,ifr-tokenwise,0.803921568627451,token_recall,0.3,eligible_body_tokens,answer_only,154e17117231c56381ef3f88594d805b6505dda787aa2d4e6ff403b2d9f59d77,7.270515978336334
vt_h10_c1,4,FT_K3,0.8235294117647058,token_recall,0.3,eligible_body_tokens,answer_only,154e17117231c56381ef3f88594d805b6505dda787aa2d4e6ff403b2d9f59d77,4.2177945002913475
vt_h10_c1,5,DT,0.72,token_recall,0.3,eligible_body_tokens,answer_only,b98916c70d4bf3dcfb0fea1136c562d7ef8cf07f46a7229089a8a95cc9c6eb4f,1.2755354680120945
vt_h10_c1,5,FT_K1,0.82,token_recall,0.3,eligible_body_tokens,answer_only,b98916c70d4bf3dcfb0fea1136c562d7ef8cf07f46a7229089a8a95cc9c6eb4f,0.8657821677625179
vt_h10_c1,5,ifr-tokenwise,0.79,token_recall,0.3,eligible_body_tokens,answer_only,b98916c70d4bf3dcfb0fea1136c562d7ef8cf07f46a7229089a8a95cc9c6eb4f,7.115990821272135
vt_h10_c1,5,FT_K3,0.82,token_recall,0.3,eligible_body_tokens,answer_only,b98916c70d4bf3dcfb0fea1136c562d7ef8cf07f46a7229089a8a95cc9c6eb4f,4.210536453872919
vt_h10_c1,6,DT,0.76,token_recall,0.3,eligible_body_tokens,answer_only,93aa5a44ffb19a8ddf13b291dff77611e983a0174656b09b91f9a2f6993d009e,1.2742845825850964
vt_h10_c1,6,FT_K1,0.82,token_recall,0.3,eligible_body_tokens,answer_only,93aa5a44ffb19a8ddf13b291dff77611e983a0174656b09b91f9a2f6993d009e,0.7145460210740566
vt_h10_c1,6,ifr-tokenwise,0.81,token_recall,0.3,eligible_body_tokens,answer_only,93aa5a44ffb19a8ddf13b291dff77611e983a0174656b09b91f9a2f6993d009e,6.9867455288767815
vt_h10_c1,6,FT_K3,0.82,token_recall,0.3,eligible_body_tokens,answer_only,93aa5a44ffb19a8ddf13b291dff77611e983a0174656b09b91f9a2f6993d009e,17.936982203274965
vt_h10_c1,7,DT,0.77,token_recall,0.3,eligible_body_tokens,answer_only,07b461a94c712908692c1a40671d96a280bd4df34c0a7aa6f1bf53d5aa576cb3,1.2839143760502338
vt_h10_c1,7,FT_K1,0.8,token_recall,0.3,eligible_body_tokens,answer_only,07b461a94c712908692c1a40671d96a280bd4df34c0a7aa6f1bf53d5aa576cb3,0.7792849279940128
vt_h10_c1,7,ifr-tokenwise,0.8,token_recall,0.3,eligible_body_tokens,answer_only,07b461a94c712908692c1a40671d96a280bd4df34c0a7aa6f1bf53d5aa576cb3,7.033436059951782
vt_h10_c1,7,FT_K3,0.8,token_recall,0.3,eligible_body_tokens,answer_only,07b461a94c712908692c1a40671d96a280bd4df34c0a7aa6f1bf53d5aa576cb3,3.9774204865098
vt_h10_c1,8,DT,0.7959183673469388,token_recall,0.3,eligible_body_tokens,answer_only,5c259480150c9a5542823f5450f59890ab2bab21bf490805f079731ab54db961,1.2606514766812325
vt_h10_c1,8,FT_K1,0.8061224489795918,token_recall,0.3,eligible_body_tokens,answer_only,5c259480150c9a5542823f5450f59890ab2bab21bf490805f079731ab54db961,0.8648265786468983
vt_h10_c1,8,ifr-tokenwise,0.8163265306122449,token_recall,0.3,eligible_body_tokens,answer_only,5c259480150c9a5542823f5450f59890ab2bab21bf490805f079731ab54db961,6.902022443711758
vt_h10_c1,8,FT_K3,0.8061224489795918,token_recall,0.3,eligible_body_tokens,answer_only,5c259480150c9a5542823f5450f59890ab2bab21bf490805f079731ab54db961,1.2007925882935524
vt_h10_c1,9,DT,0.7403846153846154,token_recall,0.3,eligible_body_tokens,answer_only,2c0972e0a36d5003bac69c6ed2e04bd4096df5604f142e412dd95bb1aea5abd9,1.2778712287545204
vt_h10_c1,9,FT_K1,0.7980769230769231,token_recall,0.3,eligible_body_tokens,answer_only,2c0972e0a36d5003bac69c6ed2e04bd4096df5604f142e412dd95bb1aea5abd9,0.8889912329614162
vt_h10_c1,9,ifr-tokenwise,0.8269230769230769,token_recall,0.3,eligible_body_tokens,answer_only,2c0972e0a36d5003bac69c6ed2e04bd4096df5604f142e412dd95bb1aea5abd9,7.362954024225473
vt_h10_c1,9,FT_K3,0.7980769230769231,token_recall,0.3,eligible_body_tokens,answer_only,2c0972e0a36d5003bac69c6ed2e04bd4096df5604f142e412dd95bb1aea5abd9,20.181462351232767
vt_h10_c1,10,DT,0.76,token_recall,0.3,eligible_body_tokens,answer_only,60079c1afb2482396cecb7450278846998e286e267021b2adb8a0b0afc159e6f,1.3021723292768002
vt_h10_c1,10,FT_K1,0.81,token_recall,0.3,eligible_body_tokens,answer_only,60079c1afb2482396cecb7450278846998e286e267021b2adb8a0b0afc159e6f,0.7817485854029655
vt_h10_c1,10,ifr-tokenwise,0.82,token_recall,0.3,eligible_body_tokens,answer_only,60079c1afb2482396cecb7450278846998e286e267021b2adb8a0b0afc159e6f,7.081966321915388
vt_h10_c1,10,FT_K3,0.82,token_recall,0.3,eligible_body_tokens,answer_only,60079c1afb2482396cecb7450278846998e286e267021b2adb8a0b0afc159e6f,1.1521821208298206
vt_h10_c1,11,DT,0.7524752475247525,token_recall,0.3,eligible_body_tokens,answer_only,002cfbe0c25f13cbf5181bef2d4ec80cec29a4d1eceae22a224e5b6d63012bc9,1.2744143269956112
vt_h10_c1,11,FT_K1,0.8118811881188119,token_recall,0.3,eligible_body_tokens,answer_only,002cfbe0c25f13cbf5181bef2d4ec80cec29a4d1eceae22a224e5b6d63012bc9,0.7746233157813549
vt_h10_c1,11,ifr-tokenwise,0.8118811881188119,token_recall,0.3,eligible_body_tokens,answer_only,002cfbe0c25f13cbf5181bef2d4ec80cec29a4d1eceae22a224e5b6d63012bc9,7.009579639881849
vt_h10_c1,11,FT_K3,0.8118811881188119,token_recall,0.3,eligible_body_tokens,answer_only,002cfbe0c25f13cbf5181bef2d4ec80cec29a4d1eceae22a224e5b6d63012bc9,1.1533542349934578
vt_h10_c1,12,DT,0.7474747474747475,token_recall,0.3,eligible_body_tokens,answer_only,1cae0cab689278d50e246054f485533c8c8800358c49283c1eef14375aa5d4b4,1.2729452699422836
vt_h10_c1,12,FT_K1,0.8181818181818182,token_recall,0.3,eligible_body_tokens,answer_only,1cae0cab689278d50e246054f485533c8c8800358c49283c1eef14375aa5d4b4,0.799958348274231
vt_h10_c1,12,ifr-tokenwise,0.8080808080808081,token_recall,0.3,eligible_body_tokens,answer_only,1cae0cab689278d50e246054f485533c8c8800358c49283c1eef14375aa5d4b4,7.032270114868879
vt_h10_c1,12,FT_K3,0.8181818181818182,token_recall,0.3,eligible_body_tokens,answer_only,1cae0cab689278d50e246054f485533c8c8800358c49283c1eef14375aa5d4b4,18.53130066394806
vt_h10_c1,13,DT,0.7647058823529411,token_recall,0.3,eligible_body_tokens,answer_only,5202156a50e2e3f3602fbfed60875865fef5e9f30c7ccbddf73cf45b69471220,1.30099643394351
vt_h10_c1,13,FT_K1,0.8235294117647058,token_recall,0.3,eligible_body_tokens,answer_only,5202156a50e2e3f3602fbfed60875865fef5e9f30c7ccbddf73cf45b69471220,0.7990094833076
vt_h10_c1,13,ifr-tokenwise,0.8137254901960784,token_recall,0.3,eligible_body_tokens,answer_only,5202156a50e2e3f3602fbfed60875865fef5e9f30c7ccbddf73cf45b69471220,7.169161815196276
vt_h10_c1,13,FT_K3,0.8235294117647058,token_recall,0.3,eligible_body_tokens,answer_only,5202156a50e2e3f3602fbfed60875865fef5e9f30c7ccbddf73cf45b69471220,1.1574210822582245
vt_h10_c1,14,DT,0.73,token_recall,0.3,eligible_body_tokens,answer_only,2c3ad45c1b0aa962c46e951f57fe49d37093dcdc6f701602da2bd481cea44db2,1.306899804621935
vt_h10_c1,14,FT_K1,0.82,token_recall,0.3,eligible_body_tokens,answer_only,2c3ad45c1b0aa962c46e951f57fe49d37093dcdc6f701602da2bd481cea44db2,0.7996858395636082
vt_h10_c1,14,ifr-tokenwise,0.8,token_recall,0.3,eligible_body_tokens,answer_only,2c3ad45c1b0aa962c46e951f57fe49d37093dcdc6f701602da2bd481cea44db2,7.08514965698123
vt_h10_c1,14,FT_K3,0.82,token_recall,0.3,eligible_body_tokens,answer_only,2c3ad45c1b0aa962c46e951f57fe49d37093dcdc6f701602da2bd481cea44db2,1.1775003038346767
vt_h10_c1,15,DT,0.797979797979798,token_recall,0.3,eligible_body_tokens,answer_only,edf1dc5b837c372302f854f9c3465d76b80add185e91aaa2258dda00039b7e56,1.2604946419596672
vt_h10_c1,15,FT_K1,0.8080808080808081,token_recall,0.3,eligible_body_tokens,answer_only,edf1dc5b837c372302f854f9c3465d76b80add185e91aaa2258dda00039b7e56,0.6895402818918228
vt_h10_c1,15,ifr-tokenwise,0.8080808080808081,token_recall,0.3,eligible_body_tokens,answer_only,edf1dc5b837c372302f854f9c3465d76b80add185e91aaa2258dda00039b7e56,6.88331638649106
vt_h10_c1,15,FT_K3,0.8080808080808081,token_recall,0.3,eligible_body_tokens,answer_only,edf1dc5b837c372302f854f9c3465d76b80add185e91aaa2258dda00039b7e56,1.0666380263864994
vt_h10_c1,16,DT,0.7352941176470589,token_recall,0.3,eligible_body_tokens,answer_only,187f76bfc68617d7ef8e60f361aa51e116ef1b031ed314b9deeb1c8eeb34959e,1.2702309004962444
vt_h10_c1,16,FT_K1,0.8137254901960784,token_recall,0.3,eligible_body_tokens,answer_only,187f76bfc68617d7ef8e60f361aa51e116ef1b031ed314b9deeb1c8eeb34959e,0.6956598833203316
vt_h10_c1,16,ifr-tokenwise,0.8137254901960784,token_recall,0.3,eligible_body_tokens,answer_only,187f76bfc68617d7ef8e60f361aa51e116ef1b031ed314b9deeb1c8eeb34959e,7.022220361977816
vt_h10_c1,16,FT_K3,0.8137254901960784,token_recall,0.3,eligible_body_tokens,answer_only,187f76bfc68617d7ef8e60f361aa51e116ef1b031ed314b9deeb1c8eeb34959e,1.0726127699017525
vt_h10_c1,17,DT,0.7843137254901961,token_recall,0.3,eligible_body_tokens,answer_only,4457fa95bee2722e3eefaba4b6e81e0e00ffc6fd076ccc4dc00b570dc3ed37f7,1.2680637389421463
vt_h10_c1,17,FT_K1,0.8137254901960784,token_recall,0.3,eligible_body_tokens,answer_only,4457fa95bee2722e3eefaba4b6e81e0e00ffc6fd076ccc4dc00b570dc3ed37f7,0.689723514020443
vt_h10_c1,17,ifr-tokenwise,0.8235294117647058,token_recall,0.3,eligible_body_tokens,answer_only,4457fa95bee2722e3eefaba4b6e81e0e00ffc6fd076ccc4dc00b570dc3ed37f7,7.005366615951061
vt_h10_c1,17,FT_K3,0.8137254901960784,token_recall,0.3,eligible_body_tokens,answer_only,4457fa95bee2722e3eefaba4b6e81e0e00ffc6fd076ccc4dc00b570dc3ed37f7,1.0412684194743633
vt_h10_c1,18,DT,0.7352941176470589,token_recall,0.3,eligible_body_tokens,answer_only,f7fe0b4daf2e55fdb7b839dec241a92ff97be6c6b063f5461c2cc19244ad1bbe,1.284690659493208
vt_h10_c1,18,FT_K1,0.8235294117647058,token_recall,0.3,eligible_body_tokens,answer_only,f7fe0b4daf2e55fdb7b839dec241a92ff97be6c6b063f5461c2cc19244ad1bbe,0.8683508075773716
vt_h10_c1,18,ifr-tokenwise,0.7941176470588235,token_recall,0.3,eligible_body_tokens,answer_only,f7fe0b4daf2e55fdb7b839dec241a92ff97be6c6b063f5461c2cc19244ad1bbe,7.234403267502785
vt_h10_c1,18,FT_K3,0.8235294117647058,token_recall,0.3,eligible_body_tokens,answer_only,f7fe0b4daf2e55fdb7b839dec241a92ff97be6c6b063f5461c2cc19244ad1bbe,1.2095718905329704
vt_h10_c1,19,DT,0.75,token_recall,0.3,eligible_body_tokens,answer_only,eabc58dcb55d75fee02680fed565b9f01e82a3f946bf9e260c90e0d35045841c,1.339611615985632
vt_h10_c1,19,FT_K1,0.8269230769230769,token_recall,0.3,eligible_body_tokens,answer_only,eabc58dcb55d75fee02680fed565b9f01e82a3f946bf9e260c90e0d35045841c,0.7291999571025372
vt_h10_c1,19,ifr-tokenwise,0.8076923076923077,token_recall,0.3,eligible_body_tokens,answer_only,eabc58dcb55d75fee02680fed565b9f01e82a3f946bf9e260c90e0d35045841c,7.203160528093576
vt_h10_c1,19,FT_K3,0.8269230769230769,token_recall,0.3,eligible_body_tokens,answer_only,eabc58dcb55d75fee02680fed565b9f01e82a3f946bf9e260c90e0d35045841c,17.907468743622303
vt_h10_c1,20,DT,0.7653061224489796,token_recall,0.3,eligible_body_tokens,answer_only,c8401afeeb7e987643d28f1adba01617015a8b59f78983706c19cc3a610f911e,1.2534510754048824
vt_h10_c1,20,FT_K1,0.8367346938775511,token_recall,0.3,eligible_body_tokens,answer_only,c8401afeeb7e987643d28f1adba01617015a8b59f78983706c19cc3a610f911e,0.7819649912416935
vt_h10_c1,20,ifr-tokenwise,0.8061224489795918,token_recall,0.3,eligible_body_tokens,answer_only,c8401afeeb7e987643d28f1adba01617015a8b59f78983706c19cc3a610f911e,6.806429389864206
vt_h10_c1,20,FT_K3,0.8367346938775511,token_recall,0.3,eligible_body_tokens,answer_only,c8401afeeb7e987643d28f1adba01617015a8b59f78983706c19cc3a610f911e,1.1348682828247547
vt_h10_c1,21,DT,0.7475728155339806,token_recall,0.3,eligible_body_tokens,answer_only,f5214fa693f530ea57d5d2aace80dd6b562aa69da4f791acff1f56354fdebafe,1.2758333794772625
vt_h10_c1,21,FT_K1,0.8252427184466019,token_recall,0.3,eligible_body_tokens,answer_only,f5214fa693f530ea57d5d2aace80dd6b562aa69da4f791acff1f56354fdebafe,0.6621192544698715
vt_h10_c1,21,ifr-tokenwise,0.8252427184466019,token_recall,0.3,eligible_body_tokens,answer_only,f5214fa693f530ea57d5d2aace80dd6b562aa69da4f791acff1f56354fdebafe,7.13354954123497
vt_h10_c1,21,FT_K3,0.8349514563106796,token_recall,0.3,eligible_body_tokens,answer_only,f5214fa693f530ea57d5d2aace80dd6b562aa69da4f791acff1f56354fdebafe,1.0045523047447205
vt_h10_c1,22,DT,0.78,token_recall,0.3,eligible_body_tokens,answer_only,681c0e211a717a9464a5b5027b27546445312e22f09985961cd3dda83818e244,1.2802279479801655
vt_h10_c1,22,FT_K1,0.83,token_recall,0.3,eligible_body_tokens,answer_only,681c0e211a717a9464a5b5027b27546445312e22f09985961cd3dda83818e244,0.6884880773723125
vt_h10_c1,22,ifr-tokenwise,0.81,token_recall,0.3,eligible_body_tokens,answer_only,681c0e211a717a9464a5b5027b27546445312e22f09985961cd3dda83818e244,6.94531112909317
vt_h10_c1,22,FT_K3,0.83,token_recall,0.3,eligible_body_tokens,answer_only,681c0e211a717a9464a5b5027b27546445312e22f09985961cd3dda83818e244,1.0781059674918652
vt_h10_c1,23,DT,0.7596153846153846,token_recall,0.3,eligible_body_tokens,answer_only,1aa0ab81e808827f11358cc440c6af06f0241cd34b3c9143122585550c156035,1.3362209051847458
vt_h10_c1,23,FT_K1,0.8173076923076923,token_recall,0.3,eligible_body_tokens,answer_only,1aa0ab81e808827f11358cc440c6af06f0241cd34b3c9143122585550c156035,0.6907788924872875
vt_h10_c1,23,ifr-tokenwise,0.8173076923076923,token_recall,0.3,eligible_body_tokens,answer_only,1aa0ab81e808827f11358cc440c6af06f0241cd34b3c9143122585550c156035,7.200033754110336
vt_h10_c1,23,FT_K3,0.8173076923076923,token_recall,0.3,eligible_body_tokens,answer_only,1aa0ab81e808827f11358cc440c6af06f0241cd34b3c9143122585550c156035,1.0451836548745632
vt_h10_c1,24,DT,0.7884615384615384,token_recall,0.3,eligible_body_tokens,answer_only,eb33e606f0c30a5fb2f5321a6157fd8849a27c47e735bf86bd9680e7d2af908c,1.3005414232611656
vt_h10_c1,24,FT_K1,0.8173076923076923,token_recall,0.3,eligible_body_tokens,answer_only,eb33e606f0c30a5fb2f5321a6157fd8849a27c47e735bf86bd9680e7d2af908c,0.9212629124522209
vt_h10_c1,24,ifr-tokenwise,0.8173076923076923,token_recall,0.3,eligible_body_tokens,answer_only,eb33e606f0c30a5fb2f5321a6157fd8849a27c47e735bf86bd9680e7d2af908c,7.309818901121616
vt_h10_c1,24,FT_K3,0.8269230769230769,token_recall,0.3,eligible_body_tokens,answer_only,eb33e606f0c30a5fb2f5321a6157fd8849a27c47e735bf86bd9680e7d2af908c,20.49016349390149
vt_h10_c1,25,DT,0.7692307692307693,token_recall,0.3,eligible_body_tokens,answer_only,9f78ee1a33f9b162109723894dd4914399ee19983d568c3c3bf4d5c346cd48e8,1.2848001420497894
vt_h10_c1,25,FT_K1,0.8173076923076923,token_recall,0.3,eligible_body_tokens,answer_only,9f78ee1a33f9b162109723894dd4914399ee19983d568c3c3bf4d5c346cd48e8,0.6915584690868855
vt_h10_c1,25,ifr-tokenwise,0.8269230769230769,token_recall,0.3,eligible_body_tokens,answer_only,9f78ee1a33f9b162109723894dd4914399ee19983d568c3c3bf4d5c346cd48e8,7.188285913318396
vt_h10_c1,25,FT_K3,0.8173076923076923,token_recall,0.3,eligible_body_tokens,answer_only,9f78ee1a33f9b162109723894dd4914399ee19983d568c3c3bf4d5c346cd48e8,1.0513261817395687
vt_h10_c1,26,DT,0.7692307692307693,token_recall,0.3,eligible_body_tokens,answer_only,029dd843822637846cc38a2fc44af45e073df5d756cbc5394739860282e478a2,1.3581768199801445
vt_h10_c1,26,FT_K1,0.8365384615384616,token_recall,0.3,eligible_body_tokens,answer_only,029dd843822637846cc38a2fc44af45e073df5d756cbc5394739860282e478a2,0.8086519241333008
vt_h10_c1,26,ifr-tokenwise,0.8173076923076923,token_recall,0.3,eligible_body_tokens,answer_only,029dd843822637846cc38a2fc44af45e073df5d756cbc5394739860282e478a2,7.254678040742874
vt_h10_c1,26,FT_K3,0.8365384615384616,token_recall,0.3,eligible_body_tokens,answer_only,029dd843822637846cc38a2fc44af45e073df5d756cbc5394739860282e478a2,1.1950446888804436
vt_h10_c1,27,DT,0.7884615384615384,token_recall,0.3,eligible_body_tokens,answer_only,1ea506afce37b98ffd8e2c57d530148ae009941fc5a5a46b1f999021d57cad31,1.291512619704008
vt_h10_c1,27,FT_K1,0.8269230769230769,token_recall,0.3,eligible_body_tokens,answer_only,1ea506afce37b98ffd8e2c57d530148ae009941fc5a5a46b1f999021d57cad31,0.7970104105770588
vt_h10_c1,27,ifr-tokenwise,0.8269230769230769,token_recall,0.3,eligible_body_tokens,answer_only,1ea506afce37b98ffd8e2c57d530148ae009941fc5a5a46b1f999021d57cad31,7.293742313981056
vt_h10_c1,27,FT_K3,0.8365384615384616,token_recall,0.3,eligible_body_tokens,answer_only,1ea506afce37b98ffd8e2c57d530148ae009941fc5a5a46b1f999021d57cad31,18.37334481999278
vt_h10_c1,28,DT,0.6862745098039216,token_recall,0.3,eligible_body_tokens,answer_only,718fe4ef5f4654a92f0bddc392ac5e2a93fc4580c550ac01140209041beb8f21,1.281148485839367
vt_h10_c1,28,FT_K1,0.8333333333333334,token_recall,0.3,eligible_body_tokens,answer_only,718fe4ef5f4654a92f0bddc392ac5e2a93fc4580c550ac01140209041beb8f21,0.7090283259749413
vt_h10_c1,28,ifr-tokenwise,0.8137254901960784,token_recall,0.3,eligible_body_tokens,answer_only,718fe4ef5f4654a92f0bddc392ac5e2a93fc4580c550ac01140209041beb8f21,7.063633818179369
vt_h10_c1,28,FT_K3,0.8333333333333334,token_recall,0.3,eligible_body_tokens,answer_only,718fe4ef5f4654a92f0bddc392ac5e2a93fc4580c550ac01140209041beb8f21,1.08077934384346
vt_h10_c1,29,DT,0.7659574468085106,token_recall,0.3,eligible_body_tokens,answer_only,8cec0ff00c793936020dfe3a8dce22e10d84f7cc0eecf1e3c29976fce947f71e,1.2712742388248444
vt_h10_c1,29,FT_K1,0.8297872340425532,token_recall,0.3,eligible_body_tokens,answer_only,8cec0ff00c793936020dfe3a8dce22e10d84f7cc0eecf1e3c29976fce947f71e,0.7914867512881756
vt_h10_c1,29,ifr-tokenwise,0.8297872340425532,token_recall,0.3,eligible_body_tokens,answer_only,8cec0ff00c793936020dfe3a8dce22e10d84f7cc0eecf1e3c29976fce947f71e,6.6192732229828835
vt_h10_c1,29,FT_K3,0.8297872340425532,token_recall,0.3,eligible_body_tokens,answer_only,8cec0ff00c793936020dfe3a8dce22e10d84f7cc0eecf1e3c29976fce947f71e,1.1228412315249443
vt_h10_c1,30,DT,0.78125,token_recall,0.3,eligible_body_tokens,answer_only,33fa2a4e4e22891178b395d283703530d160b9dd32abd2a9b934212fcad72648,1.2809540405869484
vt_h10_c1,30,FT_K1,0.8125,token_recall,0.3,eligible_body_tokens,answer_only,33fa2a4e4e22891178b395d283703530d160b9dd32abd2a9b934212fcad72648,0.6685464754700661
vt_h10_c1,30,ifr-tokenwise,0.8125,token_recall,0.3,eligible_body_tokens,answer_only,33fa2a4e4e22891178b395d283703530d160b9dd32abd2a9b934212fcad72648,6.631049536168575
vt_h10_c1,30,FT_K3,0.8125,token_recall,0.3,eligible_body_tokens,answer_only,33fa2a4e4e22891178b395d283703530d160b9dd32abd2a9b934212fcad72648,1.029861357063055
vt_h10_c1,31,DT,0.7714285714285715,token_recall,0.3,eligible_body_tokens,answer_only,3c33b80bd35c8d116c4c2ce69c930652c08bc978df470e1c654f898b4691cec3,1.3053455278277397
vt_h10_c1,31,FT_K1,0.8095238095238095,token_recall,0.3,eligible_body_tokens,answer_only,3c33b80bd35c8d116c4c2ce69c930652c08bc978df470e1c654f898b4691cec3,0.9142355211079121
vt_h10_c1,31,ifr-tokenwise,0.8095238095238095,token_recall,0.3,eligible_body_tokens,answer_only,3c33b80bd35c8d116c4c2ce69c930652c08bc978df470e1c654f898b4691cec3,7.472224190831184
vt_h10_c1,31,FT_K3,0.8,token_recall,0.3,eligible_body_tokens,answer_only,3c33b80bd35c8d116c4c2ce69c930652c08bc978df470e1c654f898b4691cec3,20.342573925852776
vt_h10_c1,32,DT,0.7403846153846154,token_recall,0.3,eligible_body_tokens,answer_only,a96efa6728e0fd2c43db84d4433f01ab6e066946ccac94dc1a8e0aa7d984d990,1.3181495778262615
vt_h10_c1,32,FT_K1,0.7788461538461539,token_recall,0.3,eligible_body_tokens,answer_only,a96efa6728e0fd2c43db84d4433f01ab6e066946ccac94dc1a8e0aa7d984d990,0.7057449109852314
vt_h10_c1,32,ifr-tokenwise,0.7980769230769231,token_recall,0.3,eligible_body_tokens,answer_only,a96efa6728e0fd2c43db84d4433f01ab6e066946ccac94dc1a8e0aa7d984d990,7.213109273463488
vt_h10_c1,32,FT_K3,0.7788461538461539,token_recall,0.3,eligible_body_tokens,answer_only,a96efa6728e0fd2c43db84d4433f01ab6e066946ccac94dc1a8e0aa7d984d990,1.0663451105356216
vt_h10_c1,33,DT,0.7980769230769231,token_recall,0.3,eligible_body_tokens,answer_only,61f148270743d14e9632c750ae833096594fd398351b6ff947d64265fe8adf61,1.2864700853824615
vt_h10_c1,33,FT_K1,0.8173076923076923,token_recall,0.3,eligible_body_tokens,answer_only,61f148270743d14e9632c750ae833096594fd398351b6ff947d64265fe8adf61,0.8535165451467037
vt_h10_c1,33,ifr-tokenwise,0.7980769230769231,token_recall,0.3,eligible_body_tokens,answer_only,61f148270743d14e9632c750ae833096594fd398351b6ff947d64265fe8adf61,7.3494865745306015
vt_h10_c1,33,FT_K3,0.8173076923076923,token_recall,0.3,eligible_body_tokens,answer_only,61f148270743d14e9632c750ae833096594fd398351b6ff947d64265fe8adf61,1.2053343430161476
vt_h10_c1,34,DT,0.79,token_recall,0.3,eligible_body_tokens,answer_only,451065ab11f8aedc5c690b0d43c859d7ae2564ab704d7ec7571d182583db9cde,1.30629962682724
vt_h10_c1,34,FT_K1,0.82,token_recall,0.3,eligible_body_tokens,answer_only,451065ab11f8aedc5c690b0d43c859d7ae2564ab704d7ec7571d182583db9cde,0.684325285255909
vt_h10_c1,34,ifr-tokenwise,0.81,token_recall,0.3,eligible_body_tokens,answer_only,451065ab11f8aedc5c690b0d43c859d7ae2564ab704d7ec7571d182583db9cde,6.924034520983696
vt_h10_c1,34,FT_K3,0.82,token_recall,0.3,eligible_body_tokens,answer_only,451065ab11f8aedc5c690b0d43c859d7ae2564ab704d7ec7571d182583db9cde,1.0825444646179676
vt_h10_c1,35,DT,0.7788461538461539,token_recall,0.3,eligible_body_tokens,answer_only,f764dd55f3cfd7bf2b42f7bffbbf5efd5820b8b2726b5c00085cdc30d8c73d65,1.2864433154463768
vt_h10_c1,35,FT_K1,0.8173076923076923,token_recall,0.3,eligible_body_tokens,answer_only,f764dd55f3cfd7bf2b42f7bffbbf5efd5820b8b2726b5c00085cdc30d8c73d65,0.8659972473978996
vt_h10_c1,35,ifr-tokenwise,0.7980769230769231,token_recall,0.3,eligible_body_tokens,answer_only,f764dd55f3cfd7bf2b42f7bffbbf5efd5820b8b2726b5c00085cdc30d8c73d65,7.3415099158883095
vt_h10_c1,35,FT_K3,0.8173076923076923,token_recall,0.3,eligible_body_tokens,answer_only,f764dd55f3cfd7bf2b42f7bffbbf5efd5820b8b2726b5c00085cdc30d8c73d65,1.226766910403967
vt_h10_c1,36,DT,0.75,token_recall,0.3,eligible_body_tokens,answer_only,c2cabbf793b357b009244de5a3f15f05b957956e0331498f997ab8171dbe79a9,1.3077296316623688
vt_h10_c1,36,FT_K1,0.82,token_recall,0.3,eligible_body_tokens,answer_only,c2cabbf793b357b009244de5a3f15f05b957956e0331498f997ab8171dbe79a9,0.8678592145442963
vt_h10_c1,36,ifr-tokenwise,0.81,token_recall,0.3,eligible_body_tokens,answer_only,c2cabbf793b357b009244de5a3f15f05b957956e0331498f997ab8171dbe79a9,7.224568944424391
vt_h10_c1,36,FT_K3,0.82,token_recall,0.3,eligible_body_tokens,answer_only,c2cabbf793b357b009244de5a3f15f05b957956e0331498f997ab8171dbe79a9,1.2138315066695213
vt_h10_c1,37,DT,0.7352941176470589,token_recall,0.3,eligible_body_tokens,answer_only,15ec77f93a127a1c50d82b4487056262c99d8f8355381f71c734eab97d72c40b,1.2702378667891026
vt_h10_c1,37,FT_K1,0.8235294117647058,token_recall,0.3,eligible_body_tokens,answer_only,15ec77f93a127a1c50d82b4487056262c99d8f8355381f71c734eab97d72c40b,0.7800934761762619
vt_h10_c1,37,ifr-tokenwise,0.803921568627451,token_recall,0.3,eligible_body_tokens,answer_only,15ec77f93a127a1c50d82b4487056262c99d8f8355381f71c734eab97d72c40b,7.103805527091026
vt_h10_c1,37,FT_K3,0.8235294117647058,token_recall,0.3,eligible_body_tokens,answer_only,15ec77f93a127a1c50d82b4487056262c99d8f8355381f71c734eab97d72c40b,1.1287582479417324
vt_h10_c1,38,DT,0.7623762376237624,token_recall,0.3,eligible_body_tokens,answer_only,564e069924fe97f8c3ffd686761c01de35773a909b3e6b6173af8b47b0fa81fa,1.2758240401744843
vt_h10_c1,38,FT_K1,0.8217821782178217,token_recall,0.3,eligible_body_tokens,answer_only,564e069924fe97f8c3ffd686761c01de35773a909b3e6b6173af8b47b0fa81fa,0.8507067337632179
vt_h10_c1,38,ifr-tokenwise,0.8217821782178217,token_recall,0.3,eligible_body_tokens,answer_only,564e069924fe97f8c3ffd686761c01de35773a909b3e6b6173af8b47b0fa81fa,7.247853249311447
vt_h10_c1,38,FT_K3,0.8217821782178217,token_recall,0.3,eligible_body_tokens,answer_only,564e069924fe97f8c3ffd686761c01de35773a909b3e6b6173af8b47b0fa81fa,1.2089780308306217
vt_h10_c1,39,DT,0.7450980392156863,token_recall,0.3,eligible_body_tokens,answer_only,961f1a6f4f0f3a90cdaced2b23cc6d122faae9ee7c4e3337eaffa472a9f7ccd5,1.2763040326535702
vt_h10_c1,39,FT_K1,0.8137254901960784,token_recall,0.3,eligible_body_tokens,answer_only,961f1a6f4f0f3a90cdaced2b23cc6d122faae9ee7c4e3337eaffa472a9f7ccd5,0.8499206863343716
vt_h10_c1,39,ifr-tokenwise,0.7941176470588235,token_recall,0.3,eligible_body_tokens,answer_only,961f1a6f4f0f3a90cdaced2b23cc6d122faae9ee7c4e3337eaffa472a9f7ccd5,7.235788196325302
vt_h10_c1,39,FT_K3,0.8137254901960784,token_recall,0.3,eligible_body_tokens,answer_only,961f1a6f4f0f3a90cdaced2b23cc6d122faae9ee7c4e3337eaffa472a9f7ccd5,1.202904261648655
vt_h10_c1,40,DT,0.7378640776699029,token_recall,0.3,eligible_body_tokens,answer_only,dd6eff7943cd0c69361caf8534fb237c164d0d58a44e8527b945980ed611926e,1.2682219669222832
vt_h10_c1,40,FT_K1,0.8155339805825242,token_recall,0.3,eligible_body_tokens,answer_only,dd6eff7943cd0c69361caf8534fb237c164d0d58a44e8527b945980ed611926e,0.7664646357297897
vt_h10_c1,40,ifr-tokenwise,0.8252427184466019,token_recall,0.3,eligible_body_tokens,answer_only,dd6eff7943cd0c69361caf8534fb237c164d0d58a44e8527b945980ed611926e,7.20228673517704
vt_h10_c1,40,FT_K3,0.8155339805825242,token_recall,0.3,eligible_body_tokens,answer_only,dd6eff7943cd0c69361caf8534fb237c164d0d58a44e8527b945980ed611926e,1.126854795962572
vt_h10_c1,41,DT,0.78,token_recall,0.3,eligible_body_tokens,answer_only,d3b140437023de8888f55e7da60220f1fa28d76f615403fa1e7922292e49e87e,1.2671705037355423
vt_h10_c1,41,FT_K1,0.81,token_recall,0.3,eligible_body_tokens,answer_only,d3b140437023de8888f55e7da60220f1fa28d76f615403fa1e7922292e49e87e,0.6542121358215809
vt_h10_c1,41,ifr-tokenwise,0.83,token_recall,0.3,eligible_body_tokens,answer_only,d3b140437023de8888f55e7da60220f1fa28d76f615403fa1e7922292e49e87e,6.902069307863712
vt_h10_c1,41,FT_K3,0.81,token_recall,0.3,eligible_body_tokens,answer_only,d3b140437023de8888f55e7da60220f1fa28d76f615403fa1e7922292e49e87e,0.9940724596381187
vt_h10_c1,42,DT,0.76,token_recall,0.3,eligible_body_tokens,answer_only,6d7029b8e766fe7f300e1c6e3ec4233e8f9f00578bbd8b2d06616be93e3dab88,1.283649519085884
vt_h10_c1,42,FT_K1,0.82,token_recall,0.3,eligible_body_tokens,answer_only,6d7029b8e766fe7f300e1c6e3ec4233e8f9f00578bbd8b2d06616be93e3dab88,0.6518733464181423
vt_h10_c1,42,ifr-tokenwise,0.8,token_recall,0.3,eligible_body_tokens,answer_only,6d7029b8e766fe7f300e1c6e3ec4233e8f9f00578bbd8b2d06616be93e3dab88,6.898356053978205
vt_h10_c1,42,FT_K3,0.82,token_recall,0.3,eligible_body_tokens,answer_only,6d7029b8e766fe7f300e1c6e3ec4233e8f9f00578bbd8b2d06616be93e3dab88,0.9959197752177715
vt_h10_c1,43,DT,0.7745098039215687,token_recall,0.3,eligible_body_tokens,answer_only,b0de313b2c94ad16450d77193e76aacc94414fce62ed0daac95169c196e7dcd6,1.27741339802742
vt_h10_c1,43,FT_K1,0.8137254901960784,token_recall,0.3,eligible_body_tokens,answer_only,b0de313b2c94ad16450d77193e76aacc94414fce62ed0daac95169c196e7dcd6,0.6932036206126213
vt_h10_c1,43,ifr-tokenwise,0.8137254901960784,token_recall,0.3,eligible_body_tokens,answer_only,b0de313b2c94ad16450d77193e76aacc94414fce62ed0daac95169c196e7dcd6,7.057735528796911
vt_h10_c1,43,FT_K3,0.8137254901960784,token_recall,0.3,eligible_body_tokens,answer_only,b0de313b2c94ad16450d77193e76aacc94414fce62ed0daac95169c196e7dcd6,1.0331065990030766
vt_h10_c1,44,DT,0.75,token_recall,0.3,eligible_body_tokens,answer_only,090e73311b7454f07d6452b43fb697f66ea97386284c7fa7eff065e1705f9f0f,1.2913521938025951
vt_h10_c1,44,FT_K1,0.8173076923076923,token_recall,0.3,eligible_body_tokens,answer_only,090e73311b7454f07d6452b43fb697f66ea97386284c7fa7eff065e1705f9f0f,0.7694012708961964
vt_h10_c1,44,ifr-tokenwise,0.8173076923076923,token_recall,0.3,eligible_body_tokens,answer_only,090e73311b7454f07d6452b43fb697f66ea97386284c7fa7eff065e1705f9f0f,7.246190115809441
vt_h10_c1,44,FT_K3,0.8173076923076923,token_recall,0.3,eligible_body_tokens,answer_only,090e73311b7454f07d6452b43fb697f66ea97386284c7fa7eff065e1705f9f0f,1.1177272610366344
vt_h10_c1,45,DT,0.7346938775510204,token_recall,0.3,eligible_body_tokens,answer_only,10df976e41f4fe32a5764f273f5170c0bb4acdb974b3015468582133efd8f332,1.26823003962636
vt_h10_c1,45,FT_K1,0.826530612244898,token_recall,0.3,eligible_body_tokens,answer_only,10df976e41f4fe32a5764f273f5170c0bb4acdb974b3015468582133efd8f332,0.6528088748455048
vt_h10_c1,45,ifr-tokenwise,0.8163265306122449,token_recall,0.3,eligible_body_tokens,answer_only,10df976e41f4fe32a5764f273f5170c0bb4acdb974b3015468582133efd8f332,6.698114961385727
vt_h10_c1,45,FT_K3,0.8163265306122449,token_recall,0.3,eligible_body_tokens,answer_only,10df976e41f4fe32a5764f273f5170c0bb4acdb974b3015468582133efd8f332,1.0057337917387486
vt_h10_c1,46,DT,0.76,token_recall,0.3,eligible_body_tokens,answer_only,031622d9b6d93320a80be546b5fae127691202fb91b20dd921fb406049180fbf,1.3130567595362663
vt_h10_c1,46,FT_K1,0.82,token_recall,0.3,eligible_body_tokens,answer_only,031622d9b6d93320a80be546b5fae127691202fb91b20dd921fb406049180fbf,0.680729266256094
vt_h10_c1,46,ifr-tokenwise,0.81,token_recall,0.3,eligible_body_tokens,answer_only,031622d9b6d93320a80be546b5fae127691202fb91b20dd921fb406049180fbf,6.91388076543808
vt_h10_c1,46,FT_K3,0.81,token_recall,0.3,eligible_body_tokens,answer_only,031622d9b6d93320a80be546b5fae127691202fb91b20dd921fb406049180fbf,1.0067800618708134
vt_h10_c1,47,DT,0.8041237113402062,token_recall,0.3,eligible_body_tokens,answer_only,fc8d4ed457ffe75e75ee98f235aeb3cd07e480626f1c0c0a8b86f43bcc10ad22,1.2594311460852623
vt_h10_c1,47,FT_K1,0.8350515463917526,token_recall,0.3,eligible_body_tokens,answer_only,fc8d4ed457ffe75e75ee98f235aeb3cd07e480626f1c0c0a8b86f43bcc10ad22,0.7647395879030228
vt_h10_c1,47,ifr-tokenwise,0.8144329896907216,token_recall,0.3,eligible_body_tokens,answer_only,fc8d4ed457ffe75e75ee98f235aeb3cd07e480626f1c0c0a8b86f43bcc10ad22,6.684328645467758
vt_h10_c1,47,FT_K3,0.8350515463917526,token_recall,0.3,eligible_body_tokens,answer_only,fc8d4ed457ffe75e75ee98f235aeb3cd07e480626f1c0c0a8b86f43bcc10ad22,1.125242792069912
vt_h10_c1,48,DT,0.7653061224489796,token_recall,0.3,eligible_body_tokens,answer_only,e4841ba84cdf2f8eaf02cbd48cf32a694f77a3f4b8488f83d11f57797ecce72b,1.2768839113414288
vt_h10_c1,48,FT_K1,0.826530612244898,token_recall,0.3,eligible_body_tokens,answer_only,e4841ba84cdf2f8eaf02cbd48cf32a694f77a3f4b8488f83d11f57797ecce72b,0.8906043395400047
vt_h10_c1,48,ifr-tokenwise,0.8061224489795918,token_recall,0.3,eligible_body_tokens,answer_only,e4841ba84cdf2f8eaf02cbd48cf32a694f77a3f4b8488f83d11f57797ecce72b,6.9123718701303005
vt_h10_c1,48,FT_K3,0.826530612244898,token_recall,0.3,eligible_body_tokens,answer_only,e4841ba84cdf2f8eaf02cbd48cf32a694f77a3f4b8488f83d11f57797ecce72b,4.255770158022642
vt_h10_c1,49,DT,0.7425742574257426,token_recall,0.3,eligible_body_tokens,answer_only,bb1d9425339b5d4e41156b39df2af45a2b952868f4cb4599c0630fd71a258380,1.2847469672560692
vt_h10_c1,49,FT_K1,0.8118811881188119,token_recall,0.3,eligible_body_tokens,answer_only,bb1d9425339b5d4e41156b39df2af45a2b952868f4cb4599c0630fd71a258380,0.8964225612580776
vt_h10_c1,49,ifr-tokenwise,0.8217821782178217,token_recall,0.3,eligible_body_tokens,answer_only,bb1d9425339b5d4e41156b39df2af45a2b952868f4cb4599c0630fd71a258380,7.25465464964509
vt_h10_c1,49,FT_K3,0.8217821782178217,token_recall,0.3,eligible_body_tokens,answer_only,bb1d9425339b5d4e41156b39df2af45a2b952868f4cb4599c0630fd71a258380,1.2843164540827274
vt_h10_c1,50,DT,0.76,token_recall,0.3,eligible_body_tokens,answer_only,9bc84a92f9c67725bc67b9518cfbda48289488f9964cba00f63d5bc163d16793,1.294741865247488
vt_h10_c1,50,FT_K1,0.83,token_recall,0.3,eligible_body_tokens,answer_only,9bc84a92f9c67725bc67b9518cfbda48289488f9964cba00f63d5bc163d16793,0.8882851004600525
vt_h10_c1,50,ifr-tokenwise,0.82,token_recall,0.3,eligible_body_tokens,answer_only,9bc84a92f9c67725bc67b9518cfbda48289488f9964cba00f63d5bc163d16793,7.125754825770855
vt_h10_c1,50,FT_K3,0.83,token_recall,0.3,eligible_body_tokens,answer_only,9bc84a92f9c67725bc67b9518cfbda48289488f9964cba00f63d5bc163d16793,1.2847333624958992
vt_h10_c1,51,DT,0.7572815533980582,token_recall,0.3,eligible_body_tokens,answer_only,b0db741fa1df64d5a760ad1dc4ab1d00df0e1f36970adb48bedc18b23291ff03,1.274251963943243
vt_h10_c1,51,FT_K1,0.8252427184466019,token_recall,0.3,eligible_body_tokens,answer_only,b0db741fa1df64d5a760ad1dc4ab1d00df0e1f36970adb48bedc18b23291ff03,0.7752778492867947
vt_h10_c1,51,ifr-tokenwise,0.8155339805825242,token_recall,0.3,eligible_body_tokens,answer_only,b0db741fa1df64d5a760ad1dc4ab1d00df0e1f36970adb48bedc18b23291ff03,7.2221275344491005
vt_h10_c1,51,FT_K3,0.8252427184466019,token_recall,0.3,eligible_body_tokens,answer_only,b0db741fa1df64d5a760ad1dc4ab1d00df0e1f36970adb48bedc18b23291ff03,1.1289733909070492
vt_h10_c1,52,DT,0.7314814814814815,token_recall,0.3,eligible_body_tokens,answer_only,a3574d1fb6d06d0c1ad88f9b12841c48f1c3dda16c45f1cce355fa84e6364881,1.3020291067659855
vt_h10_c1,52,FT_K1,0.7777777777777778,token_recall,0.3,eligible_body_tokens,answer_only,a3574d1fb6d06d0c1ad88f9b12841c48f1c3dda16c45f1cce355fa84e6364881,0.8112228587269783
vt_h10_c1,52,ifr-tokenwise,0.8055555555555556,token_recall,0.3,eligible_body_tokens,answer_only,a3574d1fb6d06d0c1ad88f9b12841c48f1c3dda16c45f1cce355fa84e6364881,7.538413405418396
vt_h10_c1,52,FT_K3,0.7777777777777778,token_recall,0.3,eligible_body_tokens,answer_only,a3574d1fb6d06d0c1ad88f9b12841c48f1c3dda16c45f1cce355fa84e6364881,18.54585076496005
vt_h10_c1,53,DT,0.7547169811320755,token_recall,0.3,eligible_body_tokens,answer_only,937cf6e1cbf54b65d40589ff4b046c20ccc6ac08d3c402a03f9198d85c5dc8fd,1.2955682426691055
vt_h10_c1,53,FT_K1,0.8207547169811321,token_recall,0.3,eligible_body_tokens,answer_only,937cf6e1cbf54b65d40589ff4b046c20ccc6ac08d3c402a03f9198d85c5dc8fd,0.7179373316466808
vt_h10_c1,53,ifr-tokenwise,0.8207547169811321,token_recall,0.3,eligible_body_tokens,answer_only,937cf6e1cbf54b65d40589ff4b046c20ccc6ac08d3c402a03f9198d85c5dc8fd,7.328008260577917
vt_h10_c1,53,FT_K3,0.8207547169811321,token_recall,0.3,eligible_body_tokens,answer_only,937cf6e1cbf54b65d40589ff4b046c20ccc6ac08d3c402a03f9198d85c5dc8fd,1.0679760426282883
vt_h10_c1,54,DT,0.7403846153846154,token_recall,0.3,eligible_body_tokens,answer_only,845e6ee2e0ce289c8b1c01acadde9b6c99183836ece5c9d6f0510caf91c4cd96,1.2961032688617706
vt_h10_c1,54,FT_K1,0.8076923076923077,token_recall,0.3,eligible_body_tokens,answer_only,845e6ee2e0ce289c8b1c01acadde9b6c99183836ece5c9d6f0510caf91c4cd96,0.8904720731079578
vt_h10_c1,54,ifr-tokenwise,0.8076923076923077,token_recall,0.3,eligible_body_tokens,answer_only,845e6ee2e0ce289c8b1c01acadde9b6c99183836ece5c9d6f0510caf91c4cd96,7.353664588183165
vt_h10_c1,54,FT_K3,0.8076923076923077,token_recall,0.3,eligible_body_tokens,answer_only,845e6ee2e0ce289c8b1c01acadde9b6c99183836ece5c9d6f0510caf91c4cd96,1.2789923809468746
vt_h10_c1,55,DT,0.76,token_recall,0.3,eligible_body_tokens,answer_only,6effe34970752a649f912e8283d3b9a0dafdc775f85bc715783264a4f81f7bf9,1.3009342849254608
vt_h10_c1,55,FT_K1,0.81,token_recall,0.3,eligible_body_tokens,answer_only,6effe34970752a649f912e8283d3b9a0dafdc775f85bc715783264a4f81f7bf9,0.8987664729356766
vt_h10_c1,55,ifr-tokenwise,0.82,token_recall,0.3,eligible_body_tokens,answer_only,6effe34970752a649f912e8283d3b9a0dafdc775f85bc715783264a4f81f7bf9,7.120130822062492
vt_h10_c1,55,FT_K3,0.81,token_recall,0.3,eligible_body_tokens,answer_only,6effe34970752a649f912e8283d3b9a0dafdc775f85bc715783264a4f81f7bf9,1.2412694655358791
vt_h10_c1,56,DT,0.7647058823529411,token_recall,0.3,eligible_body_tokens,answer_only,cfb5e78590968db067108991e627455ab79f02f58b72238ec8c0d5df015b45fb,1.294895850121975
vt_h10_c1,56,FT_K1,0.8235294117647058,token_recall,0.3,eligible_body_tokens,answer_only,cfb5e78590968db067108991e627455ab79f02f58b72238ec8c0d5df015b45fb,0.8484638035297394
vt_h10_c1,56,ifr-tokenwise,0.8137254901960784,token_recall,0.3,eligible_body_tokens,answer_only,cfb5e78590968db067108991e627455ab79f02f58b72238ec8c0d5df015b45fb,7.219635061919689
vt_h10_c1,56,FT_K3,0.8235294117647058,token_recall,0.3,eligible_body_tokens,answer_only,cfb5e78590968db067108991e627455ab79f02f58b72238ec8c0d5df015b45fb,1.199692975729704
vt_h10_c1,57,DT,0.77,token_recall,0.3,eligible_body_tokens,answer_only,d5576d4c6d2f70115bcb77534001bd7c81af50278f3641fb28d53364521a11bb,1.2722420133650303
vt_h10_c1,57,FT_K1,0.82,token_recall,0.3,eligible_body_tokens,answer_only,d5576d4c6d2f70115bcb77534001bd7c81af50278f3641fb28d53364521a11bb,0.6443507745862007
vt_h10_c1,57,ifr-tokenwise,0.84,token_recall,0.3,eligible_body_tokens,answer_only,d5576d4c6d2f70115bcb77534001bd7c81af50278f3641fb28d53364521a11bb,6.876188542693853
vt_h10_c1,57,FT_K3,0.82,token_recall,0.3,eligible_body_tokens,answer_only,d5576d4c6d2f70115bcb77534001bd7c81af50278f3641fb28d53364521a11bb,0.9965768046677113
vt_h10_c1,58,DT,0.7475728155339806,token_recall,0.3,eligible_body_tokens,answer_only,75a1b89e172361ba44a635bee11aa78726151fe20c8c3c084a7b40e7b7ee090a,1.2736465521156788
vt_h10_c1,58,FT_K1,0.8252427184466019,token_recall,0.3,eligible_body_tokens,answer_only,75a1b89e172361ba44a635bee11aa78726151fe20c8c3c084a7b40e7b7ee090a,0.8557433076202869
vt_h10_c1,58,ifr-tokenwise,0.8155339805825242,token_recall,0.3,eligible_body_tokens,answer_only,75a1b89e172361ba44a635bee11aa78726151fe20c8c3c084a7b40e7b7ee090a,7.320271521806717
vt_h10_c1,58,FT_K3,0.8252427184466019,token_recall,0.3,eligible_body_tokens,answer_only,75a1b89e172361ba44a635bee11aa78726151fe20c8c3c084a7b40e7b7ee090a,1.1991626657545567
vt_h10_c1,59,DT,0.8018867924528302,token_recall,0.3,eligible_body_tokens,answer_only,95f2de8c28e59738bcce7f5449fb31f8b720668d8ea5be318a5debcbc2907096,1.2722920551896095
vt_h10_c1,59,FT_K1,0.8113207547169812,token_recall,0.3,eligible_body_tokens,answer_only,95f2de8c28e59738bcce7f5449fb31f8b720668d8ea5be318a5debcbc2907096,0.7682788856327534
vt_h10_c1,59,ifr-tokenwise,0.8207547169811321,token_recall,0.3,eligible_body_tokens,answer_only,95f2de8c28e59738bcce7f5449fb31f8b720668d8ea5be318a5debcbc2907096,7.314563572406769
vt_h10_c1,59,FT_K3,0.8113207547169812,token_recall,0.3,eligible_body_tokens,answer_only,95f2de8c28e59738bcce7f5449fb31f8b720668d8ea5be318a5debcbc2907096,1.1184694319963455
vt_h10_c1,60,DT,0.75,token_recall,0.3,eligible_body_tokens,answer_only,e8ae3c3224b6929cdb2908e933524f17a602e3a731331f93d5b89fa9ee1cc8a1,1.2623175978660583
vt_h10_c1,60,FT_K1,0.82,token_recall,0.3,eligible_body_tokens,answer_only,e8ae3c3224b6929cdb2908e933524f17a602e3a731331f93d5b89fa9ee1cc8a1,0.8587472513318062
vt_h10_c1,60,ifr-tokenwise,0.82,token_recall,0.3,eligible_body_tokens,answer_only,e8ae3c3224b6929cdb2908e933524f17a602e3a731331f93d5b89fa9ee1cc8a1,7.109972350299358
vt_h10_c1,60,FT_K3,0.82,token_recall,0.3,eligible_body_tokens,answer_only,e8ae3c3224b6929cdb2908e933524f17a602e3a731331f93d5b89fa9ee1cc8a1,1.212300669401884
vt_h10_c1,61,DT,0.7830188679245284,token_recall,0.3,eligible_body_tokens,answer_only,244712dd8f6ea85590cce3adac742515a3d91510f9ad24880a452eba261ddc3d,1.2738594226539135
vt_h10_c1,61,FT_K1,0.8113207547169812,token_recall,0.3,eligible_body_tokens,answer_only,244712dd8f6ea85590cce3adac742515a3d91510f9ad24880a452eba261ddc3d,0.7697084806859493
vt_h10_c1,61,ifr-tokenwise,0.8113207547169812,token_recall,0.3,eligible_body_tokens,answer_only,244712dd8f6ea85590cce3adac742515a3d91510f9ad24880a452eba261ddc3d,7.326660767197609
vt_h10_c1,61,FT_K3,0.8113207547169812,token_recall,0.3,eligible_body_tokens,answer_only,244712dd8f6ea85590cce3adac742515a3d91510f9ad24880a452eba261ddc3d,1.1239541172981262
vt_h10_c1,62,DT,0.7692307692307693,token_recall,0.3,eligible_body_tokens,answer_only,2eb3100c0b4a9b46c28c038762e5e88e1049e0b2ce5746c516495ab3ebd4cf2b,1.2972667776048183
vt_h10_c1,62,FT_K1,0.8173076923076923,token_recall,0.3,eligible_body_tokens,answer_only,2eb3100c0b4a9b46c28c038762e5e88e1049e0b2ce5746c516495ab3ebd4cf2b,0.8635649271309376
vt_h10_c1,62,ifr-tokenwise,0.8173076923076923,token_recall,0.3,eligible_body_tokens,answer_only,2eb3100c0b4a9b46c28c038762e5e88e1049e0b2ce5746c516495ab3ebd4cf2b,7.36022661626339
vt_h10_c1,62,FT_K3,0.8173076923076923,token_recall,0.3,eligible_body_tokens,answer_only,2eb3100c0b4a9b46c28c038762e5e88e1049e0b2ce5746c516495ab3ebd4cf2b,1.2128448821604252
vt_h10_c1,63,DT,0.7352941176470589,token_recall,0.3,eligible_body_tokens,answer_only,b5a3cd256c2796646e61294f185d2f2be82d43e4d2060f5447bec16e5586c63f,1.318093802779913
vt_h10_c1,63,FT_K1,0.803921568627451,token_recall,0.3,eligible_body_tokens,answer_only,b5a3cd256c2796646e61294f185d2f2be82d43e4d2060f5447bec16e5586c63f,0.8651157096028328
vt_h10_c1,63,ifr-tokenwise,0.8137254901960784,token_recall,0.3,eligible_body_tokens,answer_only,b5a3cd256c2796646e61294f185d2f2be82d43e4d2060f5447bec16e5586c63f,7.228495590388775
vt_h10_c1,63,FT_K3,0.803921568627451,token_recall,0.3,eligible_body_tokens,answer_only,b5a3cd256c2796646e61294f185d2f2be82d43e4d2060f5447bec16e5586c63f,1.2359554469585419
vt_h10_c1,64,DT,0.7647058823529411,token_recall,0.3,eligible_body_tokens,answer_only,4943e3548e74f7ce90d308d3a9aeaea55c9b5d921db18c816ca62bacf9d3f162,1.258779190480709
vt_h10_c1,64,FT_K1,0.8333333333333334,token_recall,0.3,eligible_body_tokens,answer_only,4943e3548e74f7ce90d308d3a9aeaea55c9b5d921db18c816ca62bacf9d3f162,0.8594169281423092
vt_h10_c1,64,ifr-tokenwise,0.8235294117647058,token_recall,0.3,eligible_body_tokens,answer_only,4943e3548e74f7ce90d308d3a9aeaea55c9b5d921db18c816ca62bacf9d3f162,7.202517498284578
vt_h10_c1,64,FT_K3,0.8333333333333334,token_recall,0.3,eligible_body_tokens,answer_only,4943e3548e74f7ce90d308d3a9aeaea55c9b5d921db18c816ca62bacf9d3f162,1.2129980623722076
vt_h10_c1,65,DT,0.8173076923076923,token_recall,0.3,eligible_body_tokens,answer_only,3bcda486ad64bfeef46ec3b47e0ba73e031aafe8ba0cc56bebf48a04f151409e,1.2883318737149239
vt_h10_c1,65,FT_K1,0.8173076923076923,token_recall,0.3,eligible_body_tokens,answer_only,3bcda486ad64bfeef46ec3b47e0ba73e031aafe8ba0cc56bebf48a04f151409e,0.6836623959243298
vt_h10_c1,65,ifr-tokenwise,0.8269230769230769,token_recall,0.3,eligible_body_tokens,answer_only,3bcda486ad64bfeef46ec3b47e0ba73e031aafe8ba0cc56bebf48a04f151409e,7.204065650701523
vt_h10_c1,65,FT_K3,0.8173076923076923,token_recall,0.3,eligible_body_tokens,answer_only,3bcda486ad64bfeef46ec3b47e0ba73e031aafe8ba0cc56bebf48a04f151409e,1.0512803010642529
vt_h10_c1,66,DT,0.7403846153846154,token_recall,0.3,eligible_body_tokens,answer_only,80e6fa43616d09698a56e9f818185fc58480ab8879541e25dcdd2380c228ae3b,1.3170183189213276
vt_h10_c1,66,FT_K1,0.8076923076923077,token_recall,0.3,eligible_body_tokens,answer_only,80e6fa43616d09698a56e9f818185fc58480ab8879541e25dcdd2380c228ae3b,0.6951446793973446
vt_h10_c1,66,ifr-tokenwise,0.8173076923076923,token_recall,0.3,eligible_body_tokens,answer_only,80e6fa43616d09698a56e9f818185fc58480ab8879541e25dcdd2380c228ae3b,7.201296802610159
vt_h10_c1,66,FT_K3,0.8076923076923077,token_recall,0.3,eligible_body_tokens,answer_only,80e6fa43616d09698a56e9f818185fc58480ab8879541e25dcdd2380c228ae3b,1.0817864462733269
vt_h10_c1,67,DT,0.7647058823529411,token_recall,0.3,eligible_body_tokens,answer_only,9adc38944366a52de5600dfe9b45e56b83e3dd5a732504606501661c617847c4,1.284132432192564
vt_h10_c1,67,FT_K1,0.8333333333333334,token_recall,0.3,eligible_body_tokens,answer_only,9adc38944366a52de5600dfe9b45e56b83e3dd5a732504606501661c617847c4,0.7793620601296425
vt_h10_c1,67,ifr-tokenwise,0.8137254901960784,token_recall,0.3,eligible_body_tokens,answer_only,9adc38944366a52de5600dfe9b45e56b83e3dd5a732504606501661c617847c4,7.153616853058338
vt_h10_c1,67,FT_K3,0.8333333333333334,token_recall,0.3,eligible_body_tokens,answer_only,9adc38944366a52de5600dfe9b45e56b83e3dd5a732504606501661c617847c4,1.1196071058511734
vt_h10_c1,68,DT,0.801980198019802,token_recall,0.3,eligible_body_tokens,answer_only,64d89380f3da7be361a12fbfb6b93c3fdf8390c35b8f9d18c2ced1700e0fb94c,1.2839186415076256
vt_h10_c1,68,FT_K1,0.801980198019802,token_recall,0.3,eligible_body_tokens,answer_only,64d89380f3da7be361a12fbfb6b93c3fdf8390c35b8f9d18c2ced1700e0fb94c,0.8567260727286339
vt_h10_c1,68,ifr-tokenwise,0.8118811881188119,token_recall,0.3,eligible_body_tokens,answer_only,64d89380f3da7be361a12fbfb6b93c3fdf8390c35b8f9d18c2ced1700e0fb94c,7.257169973105192
vt_h10_c1,68,FT_K3,0.8118811881188119,token_recall,0.3,eligible_body_tokens,answer_only,64d89380f3da7be361a12fbfb6b93c3fdf8390c35b8f9d18c2ced1700e0fb94c,1.2201353125274181
vt_h10_c1,69,DT,0.77,token_recall,0.3,eligible_body_tokens,answer_only,dfb5399014a2fc110120f24d55e35ea1c660e35cd8b3b2729aa7f1b0439e819a,1.2849771305918694
vt_h10_c1,69,FT_K1,0.81,token_recall,0.3,eligible_body_tokens,answer_only,dfb5399014a2fc110120f24d55e35ea1c660e35cd8b3b2729aa7f1b0439e819a,0.6499241888523102
vt_h10_c1,69,ifr-tokenwise,0.81,token_recall,0.3,eligible_body_tokens,answer_only,dfb5399014a2fc110120f24d55e35ea1c660e35cd8b3b2729aa7f1b0439e819a,6.906755432486534
vt_h10_c1,69,FT_K3,0.82,token_recall,0.3,eligible_body_tokens,answer_only,dfb5399014a2fc110120f24d55e35ea1c660e35cd8b3b2729aa7f1b0439e819a,1.0138774998486042
vt_h10_c1,70,DT,0.78,token_recall,0.3,eligible_body_tokens,answer_only,5bb14fef6c3e75c94e9177a5607badfa58f221ce847943630fb03853ade524ae,1.2800520323216915
vt_h10_c1,70,FT_K1,0.82,token_recall,0.3,eligible_body_tokens,answer_only,5bb14fef6c3e75c94e9177a5607badfa58f221ce847943630fb03853ade524ae,0.6539362855255604
vt_h10_c1,70,ifr-tokenwise,0.82,token_recall,0.3,eligible_body_tokens,answer_only,5bb14fef6c3e75c94e9177a5607badfa58f221ce847943630fb03853ade524ae,6.914401281625032
vt_h10_c1,70,FT_K3,0.82,token_recall,0.3,eligible_body_tokens,answer_only,5bb14fef6c3e75c94e9177a5607badfa58f221ce847943630fb03853ade524ae,1.0195112712681293
vt_h10_c1,71,DT,0.7452830188679245,token_recall,0.3,eligible_body_tokens,answer_only,61425d0e8536fe1de2a0485e38a368b1a0b565e2e361865faaa2e9c15bccceb9,1.3016269616782665
vt_h10_c1,71,FT_K1,0.8207547169811321,token_recall,0.3,eligible_body_tokens,answer_only,61425d0e8536fe1de2a0485e38a368b1a0b565e2e361865faaa2e9c15bccceb9,0.8590238802134991
vt_h10_c1,71,ifr-tokenwise,0.8207547169811321,token_recall,0.3,eligible_body_tokens,answer_only,61425d0e8536fe1de2a0485e38a368b1a0b565e2e361865faaa2e9c15bccceb9,7.475194331258535
vt_h10_c1,71,FT_K3,0.8207547169811321,token_recall,0.3,eligible_body_tokens,answer_only,61425d0e8536fe1de2a0485e38a368b1a0b565e2e361865faaa2e9c15bccceb9,20.429168306291103
vt_h10_c1,72,DT,0.7281553398058253,token_recall,0.3,eligible_body_tokens,answer_only,da686e9ed747f5f7eb91663e32987ecaa16b55f7718a52345e520333da1afd0b,1.2756540514528751
vt_h10_c1,72,FT_K1,0.8155339805825242,token_recall,0.3,eligible_body_tokens,answer_only,da686e9ed747f5f7eb91663e32987ecaa16b55f7718a52345e520333da1afd0b,0.6606530621647835
vt_h10_c1,72,ifr-tokenwise,0.7961165048543689,token_recall,0.3,eligible_body_tokens,answer_only,da686e9ed747f5f7eb91663e32987ecaa16b55f7718a52345e520333da1afd0b,7.135502263903618
vt_h10_c1,72,FT_K3,0.8155339805825242,token_recall,0.3,eligible_body_tokens,answer_only,da686e9ed747f5f7eb91663e32987ecaa16b55f7718a52345e520333da1afd0b,0.9992556273937225
vt_h10_c1,73,DT,0.7830188679245284,token_recall,0.3,eligible_body_tokens,answer_only,b73e2aa9daf8c0d17e79b2ea1884ba32d992be76b65c722d2e199f18237271d1,1.2787699364125729
vt_h10_c1,73,FT_K1,0.8301886792452831,token_recall,0.3,eligible_body_tokens,answer_only,b73e2aa9daf8c0d17e79b2ea1884ba32d992be76b65c722d2e199f18237271d1,0.6529788672924042
vt_h10_c1,73,ifr-tokenwise,0.8301886792452831,token_recall,0.3,eligible_body_tokens,answer_only,b73e2aa9daf8c0d17e79b2ea1884ba32d992be76b65c722d2e199f18237271d1,7.16659677401185
vt_h10_c1,73,FT_K3,0.8301886792452831,token_recall,0.3,eligible_body_tokens,answer_only,b73e2aa9daf8c0d17e79b2ea1884ba32d992be76b65c722d2e199f18237271d1,1.0109151750802994
vt_h10_c1,74,DT,0.7777777777777778,token_recall,0.3,eligible_body_tokens,answer_only,5e92f4dbbda07af7f760cb3977d56669853c6d275e2749c2e4ec541e174243ed,1.2612899132072926
vt_h10_c1,74,FT_K1,0.8383838383838383,token_recall,0.3,eligible_body_tokens,answer_only,5e92f4dbbda07af7f760cb3977d56669853c6d275e2749c2e4ec541e174243ed,0.8494163602590561
vt_h10_c1,74,ifr-tokenwise,0.8282828282828283,token_recall,0.3,eligible_body_tokens,answer_only,5e92f4dbbda07af7f760cb3977d56669853c6d275e2749c2e4ec541e174243ed,7.091720517724752
vt_h10_c1,74,FT_K3,0.8383838383838383,token_recall,0.3,eligible_body_tokens,answer_only,5e92f4dbbda07af7f760cb3977d56669853c6d275e2749c2e4ec541e174243ed,1.2011817209422588
vt_h10_c1,75,DT,0.7653061224489796,token_recall,0.3,eligible_body_tokens,answer_only,21f6a668aa4fa06ddef5e96efa5d824476dfc7859e4f0e0af0df7124e1eac13a,1.2629599757492542
vt_h10_c1,75,FT_K1,0.8163265306122449,token_recall,0.3,eligible_body_tokens,answer_only,21f6a668aa4fa06ddef5e96efa5d824476dfc7859e4f0e0af0df7124e1eac13a,0.8560592755675316
vt_h10_c1,75,ifr-tokenwise,0.826530612244898,token_recall,0.3,eligible_body_tokens,answer_only,21f6a668aa4fa06ddef5e96efa5d824476dfc7859e4f0e0af0df7124e1eac13a,6.9138844683766365
vt_h10_c1,75,FT_K3,0.8163265306122449,token_recall,0.3,eligible_body_tokens,answer_only,21f6a668aa4fa06ddef5e96efa5d824476dfc7859e4f0e0af0df7124e1eac13a,1.191142413765192
vt_h10_c1,76,DT,0.7450980392156863,token_recall,0.3,eligible_body_tokens,answer_only,0e0c09f163ba0d10ec236bc36d9c2e0b1e05b94394cbe6d1e85f9d4263b88b9f,1.2746775783598423
vt_h10_c1,76,FT_K1,0.8333333333333334,token_recall,0.3,eligible_body_tokens,answer_only,0e0c09f163ba0d10ec236bc36d9c2e0b1e05b94394cbe6d1e85f9d4263b88b9f,0.8491914086043835
vt_h10_c1,76,ifr-tokenwise,0.8137254901960784,token_recall,0.3,eligible_body_tokens,answer_only,0e0c09f163ba0d10ec236bc36d9c2e0b1e05b94394cbe6d1e85f9d4263b88b9f,7.180016852915287
vt_h10_c1,76,FT_K3,0.8333333333333334,token_recall,0.3,eligible_body_tokens,answer_only,0e0c09f163ba0d10ec236bc36d9c2e0b1e05b94394cbe6d1e85f9d4263b88b9f,1.2063468806445599
vt_h10_c1,77,DT,0.7830188679245284,token_recall,0.3,eligible_body_tokens,answer_only,60eeb1c495a55c3a4f2cfb18aaa2441eac7bdd4b01c70008b657241d281f4181,1.2837045192718506
vt_h10_c1,77,FT_K1,0.8301886792452831,token_recall,0.3,eligible_body_tokens,answer_only,60eeb1c495a55c3a4f2cfb18aaa2441eac7bdd4b01c70008b657241d281f4181,0.8534599654376507
vt_h10_c1,77,ifr-tokenwise,0.8301886792452831,token_recall,0.3,eligible_body_tokens,answer_only,60eeb1c495a55c3a4f2cfb18aaa2441eac7bdd4b01c70008b657241d281f4181,7.423417571932077
vt_h10_c1,77,FT_K3,0.8301886792452831,token_recall,0.3,eligible_body_tokens,answer_only,60eeb1c495a55c3a4f2cfb18aaa2441eac7bdd4b01c70008b657241d281f4181,1.1994528882205486
vt_h10_c1,78,DT,0.7549019607843137,token_recall,0.3,eligible_body_tokens,answer_only,d47c740ab760d9f692e30c7fdbb08818a9dc8f30ab0f6b65f4dc9bfa5c82bf5a,1.3182475715875626
vt_h10_c1,78,FT_K1,0.803921568627451,token_recall,0.3,eligible_body_tokens,answer_only,d47c740ab760d9f692e30c7fdbb08818a9dc8f30ab0f6b65f4dc9bfa5c82bf5a,0.7877076454460621
vt_h10_c1,78,ifr-tokenwise,0.8333333333333334,token_recall,0.3,eligible_body_tokens,answer_only,d47c740ab760d9f692e30c7fdbb08818a9dc8f30ab0f6b65f4dc9bfa5c82bf5a,7.17244141921401
vt_h10_c1,78,FT_K3,0.803921568627451,token_recall,0.3,eligible_body_tokens,answer_only,d47c740ab760d9f692e30c7fdbb08818a9dc8f30ab0f6b65f4dc9bfa5c82bf5a,1.1472705826163292
vt_h10_c1,79,DT,0.78,token_recall,0.3,eligible_body_tokens,answer_only,998a2479781813c64f2b6550671ddc16f5ecf00f842accb8f1c2de88db486baf,1.314798265695572
vt_h10_c1,79,FT_K1,0.82,token_recall,0.3,eligible_body_tokens,answer_only,998a2479781813c64f2b6550671ddc16f5ecf00f842accb8f1c2de88db486baf,0.7159570567309856
vt_h10_c1,79,ifr-tokenwise,0.82,token_recall,0.3,eligible_body_tokens,answer_only,998a2479781813c64f2b6550671ddc16f5ecf00f842accb8f1c2de88db486baf,6.93892902508378
vt_h10_c1,79,FT_K3,0.82,token_recall,0.3,eligible_body_tokens,answer_only,998a2479781813c64f2b6550671ddc16f5ecf00f842accb8f1c2de88db486baf,1.1072055399417877
vt_h10_c1,80,DT,0.7450980392156863,token_recall,0.3,eligible_body_tokens,answer_only,4ac73bec0a5e138b3807867dd2b88f70f774c5fca2ce33f751dddcd19bc6ccb3,1.3070715926587582
vt_h10_c1,80,FT_K1,0.7941176470588235,token_recall,0.3,eligible_body_tokens,answer_only,4ac73bec0a5e138b3807867dd2b88f70f774c5fca2ce33f751dddcd19bc6ccb3,0.8889868073165417
vt_h10_c1,80,ifr-tokenwise,0.7941176470588235,token_recall,0.3,eligible_body_tokens,answer_only,4ac73bec0a5e138b3807867dd2b88f70f774c5fca2ce33f751dddcd19bc6ccb3,7.208581671118736
vt_h10_c1,80,FT_K3,0.7941176470588235,token_recall,0.3,eligible_body_tokens,answer_only,4ac73bec0a5e138b3807867dd2b88f70f774c5fca2ce33f751dddcd19bc6ccb3,1.2810697481036186
vt_h10_c1,81,DT,0.7647058823529411,token_recall,0.3,eligible_body_tokens,answer_only,c58e7dc93cea5e6fc30579025677a606014fef48ce191026520ad44904852ee0,1.2741927914321423
vt_h10_c1,81,FT_K1,0.8137254901960784,token_recall,0.3,eligible_body_tokens,answer_only,c58e7dc93cea5e6fc30579025677a606014fef48ce191026520ad44904852ee0,0.8581347651779652
vt_h10_c1,81,ifr-tokenwise,0.8235294117647058,token_recall,0.3,eligible_body_tokens,answer_only,c58e7dc93cea5e6fc30579025677a606014fef48ce191026520ad44904852ee0,7.206227548420429
vt_h10_c1,81,FT_K3,0.8137254901960784,token_recall,0.3,eligible_body_tokens,answer_only,c58e7dc93cea5e6fc30579025677a606014fef48ce191026520ad44904852ee0,1.219944816082716
vt_h10_c1,82,DT,0.7326732673267327,token_recall,0.3,eligible_body_tokens,answer_only,a093afa29b1c54f98b0007d070521384632343a9c863da0b26638b0cecd30e40,1.2843184061348438
vt_h10_c1,82,FT_K1,0.8316831683168316,token_recall,0.3,eligible_body_tokens,answer_only,a093afa29b1c54f98b0007d070521384632343a9c863da0b26638b0cecd30e40,0.8585693351924419
vt_h10_c1,82,ifr-tokenwise,0.8118811881188119,token_recall,0.3,eligible_body_tokens,answer_only,a093afa29b1c54f98b0007d070521384632343a9c863da0b26638b0cecd30e40,7.219097882509232
vt_h10_c1,82,FT_K3,0.8316831683168316,token_recall,0.3,eligible_body_tokens,answer_only,a093afa29b1c54f98b0007d070521384632343a9c863da0b26638b0cecd30e40,1.218921896070242
vt_h10_c1,83,DT,0.7575757575757576,token_recall,0.3,eligible_body_tokens,answer_only,3c5e682bdfaf4dee1654b66e3b231e718ad166bb9871ac3d01dd901085c5e466,1.281766165047884
vt_h10_c1,83,FT_K1,0.8181818181818182,token_recall,0.3,eligible_body_tokens,answer_only,3c5e682bdfaf4dee1654b66e3b231e718ad166bb9871ac3d01dd901085c5e466,0.8574384786188602
vt_h10_c1,83,ifr-tokenwise,0.8181818181818182,token_recall,0.3,eligible_body_tokens,answer_only,3c5e682bdfaf4dee1654b66e3b231e718ad166bb9871ac3d01dd901085c5e466,7.122994866222143
vt_h10_c1,83,FT_K3,0.8181818181818182,token_recall,0.3,eligible_body_tokens,answer_only,3c5e682bdfaf4dee1654b66e3b231e718ad166bb9871ac3d01dd901085c5e466,1.2042432837188244
vt_h10_c1,84,DT,0.7663551401869159,token_recall,0.3,eligible_body_tokens,answer_only,40ab78fa9443c69bdf70cd050482c08eef6984b4d5c9ba2c5d9d0cb181fef987,1.2989410683512688
vt_h10_c1,84,FT_K1,0.8130841121495327,token_recall,0.3,eligible_body_tokens,answer_only,40ab78fa9443c69bdf70cd050482c08eef6984b4d5c9ba2c5d9d0cb181fef987,0.8581137955188751
vt_h10_c1,84,ifr-tokenwise,0.822429906542056,token_recall,0.3,eligible_body_tokens,answer_only,40ab78fa9443c69bdf70cd050482c08eef6984b4d5c9ba2c5d9d0cb181fef987,7.5741179175674915
vt_h10_c1,84,FT_K3,0.8130841121495327,token_recall,0.3,eligible_body_tokens,answer_only,40ab78fa9443c69bdf70cd050482c08eef6984b4d5c9ba2c5d9d0cb181fef987,1.2066078074276447
vt_h10_c1,85,DT,0.8018867924528302,token_recall,0.3,eligible_body_tokens,answer_only,bd0314c6d17a10e290fd067dbf04facf0da0d7b71f2aaef9ed247e9a8f814505,1.2777568586170673
vt_h10_c1,85,FT_K1,0.8207547169811321,token_recall,0.3,eligible_body_tokens,answer_only,bd0314c6d17a10e290fd067dbf04facf0da0d7b71f2aaef9ed247e9a8f814505,0.8579960130155087
vt_h10_c1,85,ifr-tokenwise,0.8301886792452831,token_recall,0.3,eligible_body_tokens,answer_only,bd0314c6d17a10e290fd067dbf04facf0da0d7b71f2aaef9ed247e9a8f814505,7.411588851362467
vt_h10_c1,85,FT_K3,0.8301886792452831,token_recall,0.3,eligible_body_tokens,answer_only,bd0314c6d17a10e290fd067dbf04facf0da0d7b71f2aaef9ed247e9a8f814505,1.2084313780069351
vt_h10_c1,86,DT,0.7450980392156863,token_recall,0.3,eligible_body_tokens,answer_only,a883def3bb3f5162873c58d136a28b83af961b27a53bfb41c6a3fc14f40ed6d6,1.2718127332627773
vt_h10_c1,86,FT_K1,0.8235294117647058,token_recall,0.3,eligible_body_tokens,answer_only,a883def3bb3f5162873c58d136a28b83af961b27a53bfb41c6a3fc14f40ed6d6,0.7693854719400406
vt_h10_c1,86,ifr-tokenwise,0.8137254901960784,token_recall,0.3,eligible_body_tokens,answer_only,a883def3bb3f5162873c58d136a28b83af961b27a53bfb41c6a3fc14f40ed6d6,7.122896026819944
vt_h10_c1,86,FT_K3,0.8235294117647058,token_recall,0.3,eligible_body_tokens,answer_only,a883def3bb3f5162873c58d136a28b83af961b27a53bfb41c6a3fc14f40ed6d6,1.118208847939968
vt_h10_c1,87,DT,0.7647058823529411,token_recall,0.3,eligible_body_tokens,answer_only,fcea639aa7869a711b653e774a3faffae326a3aadd4a0803a796a631474fa147,1.2843100652098656
vt_h10_c1,87,FT_K1,0.8431372549019608,token_recall,0.3,eligible_body_tokens,answer_only,fcea639aa7869a711b653e774a3faffae326a3aadd4a0803a796a631474fa147,0.7648260742425919
vt_h10_c1,87,ifr-tokenwise,0.8235294117647058,token_recall,0.3,eligible_body_tokens,answer_only,fcea639aa7869a711b653e774a3faffae326a3aadd4a0803a796a631474fa147,7.148484360426664
vt_h10_c1,87,FT_K3,0.8431372549019608,token_recall,0.3,eligible_body_tokens,answer_only,fcea639aa7869a711b653e774a3faffae326a3aadd4a0803a796a631474fa147,1.1166165731847286
vt_h10_c1,88,DT,0.75,token_recall,0.3,eligible_body_tokens,answer_only,7961733ad07ee21f2472bac7aee75bc1a577084857e92bd1005775d36e4bf9ac,1.3068463765084743
vt_h10_c1,88,FT_K1,0.8076923076923077,token_recall,0.3,eligible_body_tokens,answer_only,7961733ad07ee21f2472bac7aee75bc1a577084857e92bd1005775d36e4bf9ac,0.7246057204902172
vt_h10_c1,88,ifr-tokenwise,0.8173076923076923,token_recall,0.3,eligible_body_tokens,answer_only,7961733ad07ee21f2472bac7aee75bc1a577084857e92bd1005775d36e4bf9ac,7.194046378135681
vt_h10_c1,88,FT_K3,0.8076923076923077,token_recall,0.3,eligible_body_tokens,answer_only,7961733ad07ee21f2472bac7aee75bc1a577084857e92bd1005775d36e4bf9ac,1.106344822794199
vt_h10_c1,89,DT,0.7692307692307693,token_recall,0.3,eligible_body_tokens,answer_only,d7ee4e799a3f3e119b379184ca181b8acadbfbe334f66d089e8c31960e2a0c50,1.282029215246439
vt_h10_c1,89,FT_K1,0.8269230769230769,token_recall,0.3,eligible_body_tokens,answer_only,d7ee4e799a3f3e119b379184ca181b8acadbfbe334f66d089e8c31960e2a0c50,0.7542704194784164
vt_h10_c1,89,ifr-tokenwise,0.8269230769230769,token_recall,0.3,eligible_body_tokens,answer_only,d7ee4e799a3f3e119b379184ca181b8acadbfbe334f66d089e8c31960e2a0c50,7.215870939195156
vt_h10_c1,89,FT_K3,0.8269230769230769,token_recall,0.3,eligible_body_tokens,answer_only,d7ee4e799a3f3e119b379184ca181b8acadbfbe334f66d089e8c31960e2a0c50,1.1191953867673874
vt_h10_c1,90,DT,0.82,token_recall,0.3,eligible_body_tokens,answer_only,1e8e8ff97219b386d623211c33c5535d270f2242a6087b5be1628b49ec86f2b3,1.3142054192721844
vt_h10_c1,90,FT_K1,0.81,token_recall,0.3,eligible_body_tokens,answer_only,1e8e8ff97219b386d623211c33c5535d270f2242a6087b5be1628b49ec86f2b3,0.6987138614058495
vt_h10_c1,90,ifr-tokenwise,0.82,token_recall,0.3,eligible_body_tokens,answer_only,1e8e8ff97219b386d623211c33c5535d270f2242a6087b5be1628b49ec86f2b3,6.93304443731904
vt_h10_c1,90,FT_K3,0.81,token_recall,0.3,eligible_body_tokens,answer_only,1e8e8ff97219b386d623211c33c5535d270f2242a6087b5be1628b49ec86f2b3,1.0814610831439495
vt_h10_c1,91,DT,0.7254901960784313,token_recall,0.3,eligible_body_tokens,answer_only,36fada548d5889b356458d5cb9945f0c0ccec4e8a92332eae0d58366df5be232,1.3014311008155346
vt_h10_c1,91,FT_K1,0.803921568627451,token_recall,0.3,eligible_body_tokens,answer_only,36fada548d5889b356458d5cb9945f0c0ccec4e8a92332eae0d58366df5be232,0.6960661523044109
vt_h10_c1,91,ifr-tokenwise,0.8137254901960784,token_recall,0.3,eligible_body_tokens,answer_only,36fada548d5889b356458d5cb9945f0c0ccec4e8a92332eae0d58366df5be232,7.017978269606829
vt_h10_c1,91,FT_K3,0.803921568627451,token_recall,0.3,eligible_body_tokens,answer_only,36fada548d5889b356458d5cb9945f0c0ccec4e8a92332eae0d58366df5be232,1.0643684193491936
vt_h10_c1,92,DT,0.7428571428571429,token_recall,0.3,eligible_body_tokens,answer_only,d302c72c9f5f96fef1dc698dbf3f46e0be00b6936c8348f85d22d049cf80d709,1.3067629374563694
vt_h10_c1,92,FT_K1,0.8285714285714286,token_recall,0.3,eligible_body_tokens,answer_only,d302c72c9f5f96fef1dc698dbf3f46e0be00b6936c8348f85d22d049cf80d709,0.8776291720569134
vt_h10_c1,92,ifr-tokenwise,0.8285714285714286,token_recall,0.3,eligible_body_tokens,answer_only,d302c72c9f5f96fef1dc698dbf3f46e0be00b6936c8348f85d22d049cf80d709,7.431793864816427
vt_h10_c1,92,FT_K3,0.8285714285714286,token_recall,0.3,eligible_body_tokens,answer_only,d302c72c9f5f96fef1dc698dbf3f46e0be00b6936c8348f85d22d049cf80d709,1.2346463091671467
vt_h10_c1,93,DT,0.803921568627451,token_recall,0.3,eligible_body_tokens,answer_only,7e7449f85611758c19bc9cc2d7bb75036bdec1eb740ae4dafb8de4093020435b,1.269541684538126
vt_h10_c1,93,FT_K1,0.8137254901960784,token_recall,0.3,eligible_body_tokens,answer_only,7e7449f85611758c19bc9cc2d7bb75036bdec1eb740ae4dafb8de4093020435b,0.8508176058530807
vt_h10_c1,93,ifr-tokenwise,0.8137254901960784,token_recall,0.3,eligible_body_tokens,answer_only,7e7449f85611758c19bc9cc2d7bb75036bdec1eb740ae4dafb8de4093020435b,7.192383173853159
vt_h10_c1,93,FT_K3,0.8137254901960784,token_recall,0.3,eligible_body_tokens,answer_only,7e7449f85611758c19bc9cc2d7bb75036bdec1eb740ae4dafb8de4093020435b,1.2046730667352676
vt_h10_c1,94,DT,0.7692307692307693,token_recall,0.3,eligible_body_tokens,answer_only,e7208ebe4c7ef6ee15377d2cec1e72f8ab4bc9c28f94dad40c78d57f5ad7416d,1.2750483229756355
vt_h10_c1,94,FT_K1,0.8076923076923077,token_recall,0.3,eligible_body_tokens,answer_only,e7208ebe4c7ef6ee15377d2cec1e72f8ab4bc9c28f94dad40c78d57f5ad7416d,0.687560573220253
vt_h10_c1,94,ifr-tokenwise,0.8173076923076923,token_recall,0.3,eligible_body_tokens,answer_only,e7208ebe4c7ef6ee15377d2cec1e72f8ab4bc9c28f94dad40c78d57f5ad7416d,7.168728265911341
vt_h10_c1,94,FT_K3,0.8076923076923077,token_recall,0.3,eligible_body_tokens,answer_only,e7208ebe4c7ef6ee15377d2cec1e72f8ab4bc9c28f94dad40c78d57f5ad7416d,1.0357355251908302
vt_h10_c1,95,DT,0.7450980392156863,token_recall,0.3,eligible_body_tokens,answer_only,b0c174b5eefacca9e50606ff1db7a438fad36ea62f6677b726ad12a78f4938c1,1.2863251231610775
vt_h10_c1,95,FT_K1,0.8235294117647058,token_recall,0.3,eligible_body_tokens,answer_only,b0c174b5eefacca9e50606ff1db7a438fad36ea62f6677b726ad12a78f4938c1,0.7812526524066925
vt_h10_c1,95,ifr-tokenwise,0.8137254901960784,token_recall,0.3,eligible_body_tokens,answer_only,b0c174b5eefacca9e50606ff1db7a438fad36ea62f6677b726ad12a78f4938c1,7.125861924141645
vt_h10_c1,95,FT_K3,0.8235294117647058,token_recall,0.3,eligible_body_tokens,answer_only,b0c174b5eefacca9e50606ff1db7a438fad36ea62f6677b726ad12a78f4938c1,1.1253098733723164
vt_h10_c1,96,DT,0.7745098039215687,token_recall,0.3,eligible_body_tokens,answer_only,7587f4f69f2c1958f936ba0193c81d3e22f9d4ad1ecd167dfcc0258b806b1f01,1.2974487319588661
vt_h10_c1,96,FT_K1,0.803921568627451,token_recall,0.3,eligible_body_tokens,answer_only,7587f4f69f2c1958f936ba0193c81d3e22f9d4ad1ecd167dfcc0258b806b1f01,0.7717866823077202
vt_h10_c1,96,ifr-tokenwise,0.8235294117647058,token_recall,0.3,eligible_body_tokens,answer_only,7587f4f69f2c1958f936ba0193c81d3e22f9d4ad1ecd167dfcc0258b806b1f01,7.126372832804918
vt_h10_c1,96,FT_K3,0.803921568627451,token_recall,0.3,eligible_body_tokens,answer_only,7587f4f69f2c1958f936ba0193c81d3e22f9d4ad1ecd167dfcc0258b806b1f01,1.1290035992860794
vt_h10_c1,97,DT,0.7745098039215687,token_recall,0.3,eligible_body_tokens,answer_only,8efd64d2724b7fd68c00b648a3ee2a78980463b505de25296312938099519f04,1.3171154335141182
vt_h10_c1,97,FT_K1,0.8333333333333334,token_recall,0.3,eligible_body_tokens,answer_only,8efd64d2724b7fd68c00b648a3ee2a78980463b505de25296312938099519f04,0.7573192305862904
vt_h10_c1,97,ifr-tokenwise,0.8235294117647058,token_recall,0.3,eligible_body_tokens,answer_only,8efd64d2724b7fd68c00b648a3ee2a78980463b505de25296312938099519f04,7.117669139057398
vt_h10_c1,97,FT_K3,0.8333333333333334,token_recall,0.3,eligible_body_tokens,answer_only,8efd64d2724b7fd68c00b648a3ee2a78980463b505de25296312938099519f04,1.1021779961884022
vt_h10_c1,98,DT,0.8037383177570093,token_recall,0.3,eligible_body_tokens,answer_only,81c74b5906f1a7c44255802ac684260f73028820633ae7e418981813d0f2394a,1.3165856376290321
vt_h10_c1,98,FT_K1,0.822429906542056,token_recall,0.3,eligible_body_tokens,answer_only,81c74b5906f1a7c44255802ac684260f73028820633ae7e418981813d0f2394a,0.6459217593073845
vt_h10_c1,98,ifr-tokenwise,0.8317757009345794,token_recall,0.3,eligible_body_tokens,answer_only,81c74b5906f1a7c44255802ac684260f73028820633ae7e418981813d0f2394a,7.260859724134207
vt_h10_c1,98,FT_K3,0.822429906542056,token_recall,0.3,eligible_body_tokens,answer_only,81c74b5906f1a7c44255802ac684260f73028820633ae7e418981813d0f2394a,17.35338507592678
vt_h10_c1,99,DT,0.7708333333333334,token_recall,0.3,eligible_body_tokens,answer_only,bea9a758f08f06da218604d4666ab6fde52a346b5d0cd89787e74f70abce4e3b,1.3003022894263268
vt_h10_c1,99,FT_K1,0.8125,token_recall,0.3,eligible_body_tokens,answer_only,bea9a758f08f06da218604d4666ab6fde52a346b5d0cd89787e74f70abce4e3b,0.7714229635894299
vt_h10_c1,99,ifr-tokenwise,0.8125,token_recall,0.3,eligible_body_tokens,answer_only,bea9a758f08f06da218604d4666ab6fde52a346b5d0cd89787e74f70abce4e3b,6.713572029024363
vt_h10_c1,99,FT_K3,0.8125,token_recall,0.3,eligible_body_tokens,answer_only,bea9a758f08f06da218604d4666ab6fde52a346b5d0cd89787e74f70abce4e3b,1.1352136693894863
hotpotqa_long,0,DT,1.0,supporting_fact_recall,0.1,all_body_tokens,full,a68ea84dacaa475637713dd7ac61605a1983ec1190d1e0369b0fbb0c3feaa790,3.5463509038090706
hotpotqa_long,0,FT_K1,1.0,supporting_fact_recall,0.1,all_body_tokens,full,a68ea84dacaa475637713dd7ac61605a1983ec1190d1e0369b0fbb0c3feaa790,5.360105466097593
hotpotqa_long,0,ifr-tokenwise,1.0,supporting_fact_recall,0.1,all_body_tokens,full,a68ea84dacaa475637713dd7ac61605a1983ec1190d1e0369b0fbb0c3feaa790,16.13767744973302
hotpotqa_long,0,FT_K3,1.0,supporting_fact_recall,0.1,all_body_tokens,full,a68ea84dacaa475637713dd7ac61605a1983ec1190d1e0369b0fbb0c3feaa790,15.526874855160713
hotpotqa_long,1,DT,1.0,supporting_fact_recall,0.1,all_body_tokens,full,3d519f60c8ace00f54af54573fb542ce5f682157530e0f475ccc4713eea1ddbc,1.6300312839448452
hotpotqa_long,1,FT_K1,0.3333333333333333,supporting_fact_recall,0.1,all_body_tokens,full,3d519f60c8ace00f54af54573fb542ce5f682157530e0f475ccc4713eea1ddbc,1.2455520182847977
hotpotqa_long,1,ifr-tokenwise,0.3333333333333333,supporting_fact_recall,0.1,all_body_tokens,full,3d519f60c8ace00f54af54573fb542ce5f682157530e0f475ccc4713eea1ddbc,4.219018928706646
hotpotqa_long,1,FT_K3,0.3333333333333333,supporting_fact_recall,0.1,all_body_tokens,full,3d519f60c8ace00f54af54573fb542ce5f682157530e0f475ccc4713eea1ddbc,4.878207940608263
hotpotqa_long,2,DT,0.6666666666666666,supporting_fact_recall,0.1,all_body_tokens,full,494adec2aabfaf054a029c8db94afb77863249c7fd00e9fef668a7cbed40ac12,1.6958832070231438
hotpotqa_long,2,FT_K1,0.3333333333333333,supporting_fact_recall,0.1,all_body_tokens,full,494adec2aabfaf054a029c8db94afb77863249c7fd00e9fef668a7cbed40ac12,1.2534203492105007
hotpotqa_long,2,ifr-tokenwise,0.3333333333333333,supporting_fact_recall,0.1,all_body_tokens,full,494adec2aabfaf054a029c8db94afb77863249c7fd00e9fef668a7cbed40ac12,8.622545547783375
hotpotqa_long,2,FT_K3,0.3333333333333333,supporting_fact_recall,0.1,all_body_tokens,full,494adec2aabfaf054a029c8db94afb77863249c7fd00e9fef668a7cbed40ac12,5.197045836597681
hotpotqa_long,3,DT,1.0,supporting_fact_recall,0.1,all_body_tokens,full,768d91124d2abf510e2dcc17f990b7e47e990281cecd56a4305f42c037d7180b,1.3526614643633366
hotpotqa_long,3,FT_K1,0.5,supporting_fact_recall,0.1,all_body_tokens,full,768d91124d2abf510e2dcc17f990b7e47e990281cecd56a4305f42c037d7180b,0.7564827799797058
hotpotqa_long,3,ifr-tokenwise,0.5,supporting_fact_recall,0.1,all_body_tokens,full,768d91124d2abf510e2dcc17f990b7e47e990281cecd56a4305f42c037d7180b,5.805901821702719
hotpotqa_long,3,FT_K3,0.5,supporting_fact_recall,0.1,all_body_tokens,full,768d91124d2abf510e2dcc17f990b7e47e990281cecd56a4305f42c037d7180b,3.964862983673811
hotpotqa_long,4,DT,0.6666666666666666,supporting_fact_recall,0.1,all_body_tokens,full,4f70647ed35bae7adf037575cbdbaf5d372eece3f5366cbe35a75683aa696bdf,1.7120429128408432
hotpotqa_long,4,FT_K1,0.6666666666666666,supporting_fact_recall,0.1,all_body_tokens,full,4f70647ed35bae7adf037575cbdbaf5d372eece3f5366cbe35a75683aa696bdf,1.4760319590568542
hotpotqa_long,4,ifr-tokenwise,0.6666666666666666,supporting_fact_recall,0.1,all_body_tokens,full,4f70647ed35bae7adf037575cbdbaf5d372eece3f5366cbe35a75683aa696bdf,11.926425628364086
hotpotqa_long,4,FT_K3,0.6666666666666666,supporting_fact_recall,0.1,all_body_tokens,full,4f70647ed35bae7adf037575cbdbaf5d372eece3f5366cbe35a75683aa696bdf,5.711190696805716
hotpotqa_long,5,DT,1.0,supporting_fact_recall,0.1,all_body_tokens,full,8a09a141b7ee8f699a4953ad41ef73005350807308e8105c7abb07e6a0860f65,2.300003010779619
hotpotqa_long,5,FT_K1,0.6666666666666666,supporting_fact_recall,0.1,all_body_tokens,full,8a09a141b7ee8f699a4953ad41ef73005350807308e8105c7abb07e6a0860f65,2.3550397604703903
hotpotqa_long,5,ifr-tokenwise,0.6666666666666666,supporting_fact_recall,0.1,all_body_tokens,full,8a09a141b7ee8f699a4953ad41ef73005350807308e8105c7abb07e6a0860f65,14.427173182368279
hotpotqa_long,5,FT_K3,0.3333333333333333,supporting_fact_recall,0.1,all_body_tokens,full,8a09a141b7ee8f699a4953ad41ef73005350807308e8105c7abb07e6a0860f65,7.284671768546104
hotpotqa_long,6,DT,1.0,supporting_fact_recall,0.1,all_body_tokens,full,9dba704b9296acf5203f6b365e1b1bdaa546a2e40ff24122428ad97532831e5e,1.72514558583498
hotpotqa_long,6,FT_K1,0.5,supporting_fact_recall,0.1,all_body_tokens,full,9dba704b9296acf5203f6b365e1b1bdaa546a2e40ff24122428ad97532831e5e,1.3047199249267578
hotpotqa_long,6,ifr-tokenwise,1.0,supporting_fact_recall,0.1,all_body_tokens,full,9dba704b9296acf5203f6b365e1b1bdaa546a2e40ff24122428ad97532831e5e,6.2914526127278805
hotpotqa_long,6,FT_K3,0.5,supporting_fact_recall,0.1,all_body_tokens,full,9dba704b9296acf5203f6b365e1b1bdaa546a2e40ff24122428ad97532831e5e,5.297305081039667
hotpotqa_long,7,DT,0.5,supporting_fact_recall,0.1,all_body_tokens,full,b7939a89c4c848afae89b0a7e9e14f3a8b863d5b2e87aed5890ca140b770bc08,1.5342105068266392
hotpotqa_long,7,FT_K1,0.5,supporting_fact_recall,0.1,all_body_tokens,full,b7939a89c4c848afae89b0a7e9e14f3a8b863d5b2e87aed5890ca140b770bc08,1.1594590693712234
hotpotqa_long,7,ifr-tokenwise,0.5,supporting_fact_recall,0.1,all_body_tokens,full,b7939a89c4c848afae89b0a7e9e14f3a8b863d5b2e87aed5890ca140b770bc08,7.563645549118519
hotpotqa_long,7,FT_K3,0.5,supporting_fact_recall,0.1,all_body_tokens,full,b7939a89c4c848afae89b0a7e9e14f3a8b863d5b2e87aed5890ca140b770bc08,4.868782449513674
hotpotqa_long,8,DT,0.5,supporting_fact_recall,0.1,all_body_tokens,full,cdf467ca4dfc849964df6787a8700beec4326ec9f4845a127e642072fa494ccb,1.1665456630289555
hotpotqa_long,8,FT_K1,0.25,supporting_fact_recall,0.1,all_body_tokens,full,cdf467ca4dfc849964df6787a8700beec4326ec9f4845a127e642072fa494ccb,0.7557355985045433
hotpotqa_long,8,ifr-tokenwise,0.25,supporting_fact_recall,0.1,all_body_tokens,full,cdf467ca4dfc849964df6787a8700beec4326ec9f4845a127e642072fa494ccb,4.801753424108028
hotpotqa_long,8,FT_K3,0.25,supporting_fact_recall,0.1,all_body_tokens,full,cdf467ca4dfc849964df6787a8700beec4326ec9f4845a127e642072fa494ccb,4.013357486575842
hotpotqa_long,9,DT,1.0,supporting_fact_recall,0.1,all_body_tokens,full,4b3e9022b5f99c16b97100345aae2fe89f904dd92500453a0a90d820a478ca85,1.4529642462730408
hotpotqa_long,9,FT_K1,0.5,supporting_fact_recall,0.1,all_body_tokens,full,4b3e9022b5f99c16b97100345aae2fe89f904dd92500453a0a90d820a478ca85,1.06698440015316
hotpotqa_long,9,ifr-tokenwise,0.5,supporting_fact_recall,0.1,all_body_tokens,full,4b3e9022b5f99c16b97100345aae2fe89f904dd92500453a0a90d820a478ca85,4.547091975808144
hotpotqa_long,9,FT_K3,0.5,supporting_fact_recall,0.1,all_body_tokens,full,4b3e9022b5f99c16b97100345aae2fe89f904dd92500453a0a90d820a478ca85,4.616746354848146
hotpotqa_long,10,DT,0.75,supporting_fact_recall,0.1,all_body_tokens,full,5209a94dc25a6ea62b60358b6113611eb4609727fad511f18d79ca54c213586a,1.718001164495945
hotpotqa_long,10,FT_K1,0.75,supporting_fact_recall,0.1,all_body_tokens,full,5209a94dc25a6ea62b60358b6113611eb4609727fad511f18d79ca54c213586a,1.3535064049065113
hotpotqa_long,10,ifr-tokenwise,0.75,supporting_fact_recall,0.1,all_body_tokens,full,5209a94dc25a6ea62b60358b6113611eb4609727fad511f18d79ca54c213586a,9.060664672404528
hotpotqa_long,10,FT_K3,0.75,supporting_fact_recall,0.1,all_body_tokens,full,5209a94dc25a6ea62b60358b6113611eb4609727fad511f18d79ca54c213586a,5.2406231462955475
hotpotqa_long,11,DT,0.5,supporting_fact_recall,0.1,all_body_tokens,full,841f827a75b9dea157b65dc0ae7d0ae2a0972ecf660435d1198c064c9dfd07e3,1.353412039577961
hotpotqa_long,11,FT_K1,0.5,supporting_fact_recall,0.1,all_body_tokens,full,841f827a75b9dea157b65dc0ae7d0ae2a0972ecf660435d1198c064c9dfd07e3,0.7383246831595898
hotpotqa_long,11,ifr-tokenwise,0.5,supporting_fact_recall,0.1,all_body_tokens,full,841f827a75b9dea157b65dc0ae7d0ae2a0972ecf660435d1198c064c9dfd07e3,8.170079302042723
hotpotqa_long,11,FT_K3,0.5,supporting_fact_recall,0.1,all_body_tokens,full,841f827a75b9dea157b65dc0ae7d0ae2a0972ecf660435d1198c064c9dfd07e3,3.9891185835003853
hotpotqa_long,12,DT,1.0,supporting_fact_recall,0.1,all_body_tokens,full,d49353fbdd1675389d445ca2d04f2d1676a8dc3e830112dffa42f57a647c94c5,2.4071019552648067
hotpotqa_long,12,FT_K1,1.0,supporting_fact_recall,0.1,all_body_tokens,full,d49353fbdd1675389d445ca2d04f2d1676a8dc3e830112dffa42f57a647c94c5,2.6339199393987656
hotpotqa_long,12,ifr-tokenwise,1.0,supporting_fact_recall,0.1,all_body_tokens,full,d49353fbdd1675389d445ca2d04f2d1676a8dc3e830112dffa42f57a647c94c5,14.389498054981232
hotpotqa_long,12,FT_K3,1.0,supporting_fact_recall,0.1,all_body_tokens,full,d49353fbdd1675389d445ca2d04f2d1676a8dc3e830112dffa42f57a647c94c5,8.6020642593503
hotpotqa_long,13,DT,1.0,supporting_fact_recall,0.1,all_body_tokens,full,4af5a214f6e4c93fa76080f5825583bd0fb042292bbbf5224e41d0dd39f6f815,2.1655429005622864
hotpotqa_long,13,FT_K1,0.5,supporting_fact_recall,0.1,all_body_tokens,full,4af5a214f6e4c93fa76080f5825583bd0fb042292bbbf5224e41d0dd39f6f815,2.0255731493234634
hotpotqa_long,13,ifr-tokenwise,0.5,supporting_fact_recall,0.1,all_body_tokens,full,4af5a214f6e4c93fa76080f5825583bd0fb042292bbbf5224e41d0dd39f6f815,3.8665144853293896
hotpotqa_long,13,FT_K3,0.5,supporting_fact_recall,0.1,all_body_tokens,full,4af5a214f6e4c93fa76080f5825583bd0fb042292bbbf5224e41d0dd39f6f815,7.230850052088499
hotpotqa_long,14,DT,0.5,supporting_fact_recall,0.1,all_body_tokens,full,24c3b9a27fc98a9b4857b8df01c8f731fca56413e4f6ccd758c1f085964f1f96,1.8871830850839615
hotpotqa_long,14,FT_K1,1.0,supporting_fact_recall,0.1,all_body_tokens,full,24c3b9a27fc98a9b4857b8df01c8f731fca56413e4f6ccd758c1f085964f1f96,1.5759699679911137
hotpotqa_long,14,ifr-tokenwise,1.0,supporting_fact_recall,0.1,all_body_tokens,full,24c3b9a27fc98a9b4857b8df01c8f731fca56413e4f6ccd758c1f085964f1f96,12.22443238273263
hotpotqa_long,14,FT_K3,1.0,supporting_fact_recall,0.1,all_body_tokens,full,24c3b9a27fc98a9b4857b8df01c8f731fca56413e4f6ccd758c1f085964f1f96,5.611422523856163
hotpotqa_long,15,DT,0.75,supporting_fact_recall,0.1,all_body_tokens,full,3027beb61d7dd0e6c23d3416b3598f6189b0fa09b4067b6fced0f385a5a83b28,1.6432898119091988
hotpotqa_long,15,FT_K1,0.75,supporting_fact_recall,0.1,all_body_tokens,full,3027beb61d7dd0e6c23d3416b3598f6189b0fa09b4067b6fced0f385a5a83b28,0.8868188448250294
hotpotqa_long,15,ifr-tokenwise,0.75,supporting_fact_recall,0.1,all_body_tokens,full,3027beb61d7dd0e6c23d3416b3598f6189b0fa09b4067b6fced0f385a5a83b28,5.743567232042551
hotpotqa_long,15,FT_K3,0.75,supporting_fact_recall,0.1,all_body_tokens,full,3027beb61d7dd0e6c23d3416b3598f6189b0fa09b4067b6fced0f385a5a83b28,4.313672952353954
hotpotqa_long,16,DT,0.5,supporting_fact_recall,0.1,all_body_tokens,full,1064a5eb0408b498f4696718ef552116124812595f22e0f9f981033d34b6e316,1.6042461693286896
hotpotqa_long,16,FT_K1,0.0,supporting_fact_recall,0.1,all_body_tokens,full,1064a5eb0408b498f4696718ef552116124812595f22e0f9f981033d34b6e316,0.9930746369063854
hotpotqa_long,16,ifr-tokenwise,0.0,supporting_fact_recall,0.1,all_body_tokens,full,1064a5eb0408b498f4696718ef552116124812595f22e0f9f981033d34b6e316,26.194122422486544
hotpotqa_long,16,FT_K3,0.0,supporting_fact_recall,0.1,all_body_tokens,full,1064a5eb0408b498f4696718ef552116124812595f22e0f9f981033d34b6e316,4.524674352258444
hotpotqa_long,17,DT,1.0,supporting_fact_recall,0.1,all_body_tokens,full,09f1ccbbd55c41c496717a1840ffffe8f372b01de9e972621c0d0e56afa73b28,1.3491554409265518
hotpotqa_long,17,FT_K1,0.5,supporting_fact_recall,0.1,all_body_tokens,full,09f1ccbbd55c41c496717a1840ffffe8f372b01de9e972621c0d0e56afa73b28,0.966764759272337
hotpotqa_long,17,ifr-tokenwise,0.5,supporting_fact_recall,0.1,all_body_tokens,full,09f1ccbbd55c41c496717a1840ffffe8f372b01de9e972621c0d0e56afa73b28,3.6650745011866093
hotpotqa_long,17,FT_K3,0.5,supporting_fact_recall,0.1,all_body_tokens,full,09f1ccbbd55c41c496717a1840ffffe8f372b01de9e972621c0d0e56afa73b28,4.418745581060648
hotpotqa_long,18,DT,1.0,supporting_fact_recall,0.1,all_body_tokens,full,88800281ed4781c17a646fd26ff544ab3f7b8cd7e81e887c72091b79443cb4cc,1.7224717400968075
hotpotqa_long,18,FT_K1,1.0,supporting_fact_recall,0.1,all_body_tokens,full,88800281ed4781c17a646fd26ff544ab3f7b8cd7e81e887c72091b79443cb4cc,1.4395778886973858
hotpotqa_long,18,ifr-tokenwise,1.0,supporting_fact_recall,0.1,all_body_tokens,full,88800281ed4781c17a646fd26ff544ab3f7b8cd7e81e887c72091b79443cb4cc,9.621423333883286
hotpotqa_long,18,FT_K3,1.0,supporting_fact_recall,0.1,all_body_tokens,full,88800281ed4781c17a646fd26ff544ab3f7b8cd7e81e887c72091b79443cb4cc,5.618285216391087
hotpotqa_long,19,DT,1.0,supporting_fact_recall,0.1,all_body_tokens,full,ccb109e73f8cbbb3ff57fee833a1a0285ddfa984c80ce20ff92fa38889a7f98f,1.3800268843770027
hotpotqa_long,19,FT_K1,1.0,supporting_fact_recall,0.1,all_body_tokens,full,ccb109e73f8cbbb3ff57fee833a1a0285ddfa984c80ce20ff92fa38889a7f98f,0.7754359617829323
hotpotqa_long,19,ifr-tokenwise,1.0,supporting_fact_recall,0.1,all_body_tokens,full,ccb109e73f8cbbb3ff57fee833a1a0285ddfa984c80ce20ff92fa38889a7f98f,3.7293542847037315
hotpotqa_long,19,FT_K3,1.0,supporting_fact_recall,0.1,all_body_tokens,full,ccb109e73f8cbbb3ff57fee833a1a0285ddfa984c80ce20ff92fa38889a7f98f,1.1576362885534763
hotpotqa_long,20,DT,0.5,supporting_fact_recall,0.1,all_body_tokens,full,fff0f51bd017c2f8bad959fe4db84e0893dd18b3dca3c34ba5b056bf17b0cc22,1.5835390463471413
hotpotqa_long,20,FT_K1,0.5,supporting_fact_recall,0.1,all_body_tokens,full,fff0f51bd017c2f8bad959fe4db84e0893dd18b3dca3c34ba5b056bf17b0cc22,0.9160084873437881
hotpotqa_long,20,ifr-tokenwise,0.5,supporting_fact_recall,0.1,all_body_tokens,full,fff0f51bd017c2f8bad959fe4db84e0893dd18b3dca3c34ba5b056bf17b0cc22,4.122477907687426
hotpotqa_long,20,FT_K3,0.5,supporting_fact_recall,0.1,all_body_tokens,full,fff0f51bd017c2f8bad959fe4db84e0893dd18b3dca3c34ba5b056bf17b0cc22,4.34074592217803
hotpotqa_long,21,DT,1.0,supporting_fact_recall,0.1,all_body_tokens,full,d807035966de0fb6d9da64c1e7b33928646a4a44d18419a9b37bf744f47b8ef7,1.926550980657339
hotpotqa_long,21,FT_K1,0.5,supporting_fact_recall,0.1,all_body_tokens,full,d807035966de0fb6d9da64c1e7b33928646a4a44d18419a9b37bf744f47b8ef7,1.673157300800085
hotpotqa_long,21,ifr-tokenwise,0.5,supporting_fact_recall,0.1,all_body_tokens,full,d807035966de0fb6d9da64c1e7b33928646a4a44d18419a9b37bf744f47b8ef7,5.681290902197361
hotpotqa_long,21,FT_K3,0.5,supporting_fact_recall,0.1,all_body_tokens,full,d807035966de0fb6d9da64c1e7b33928646a4a44d18419a9b37bf744f47b8ef7,6.107659794390202
hotpotqa_long,22,DT,1.0,supporting_fact_recall,0.1,all_body_tokens,full,9d2d3c7169ee68cfdb8899a086605d2f3d2abe30a3c5c6ee6936122fbd35be4f,4.06816615909338
hotpotqa_long,22,FT_K1,1.0,supporting_fact_recall,0.1,all_body_tokens,full,9d2d3c7169ee68cfdb8899a086605d2f3d2abe30a3c5c6ee6936122fbd35be4f,6.539146073162556
hotpotqa_long,22,ifr-tokenwise,1.0,supporting_fact_recall,0.1,all_body_tokens,full,9d2d3c7169ee68cfdb8899a086605d2f3d2abe30a3c5c6ee6936122fbd35be4f,33.31769631430507
hotpotqa_long,22,FT_K3,1.0,supporting_fact_recall,0.1,all_body_tokens,full,9d2d3c7169ee68cfdb8899a086605d2f3d2abe30a3c5c6ee6936122fbd35be4f,19.007960058748722
hotpotqa_long,23,DT,0.3333333333333333,supporting_fact_recall,0.1,all_body_tokens,full,7c9b5eb37bd915c5cf5059ede429f3d21b36ff492f450b0be60198ab9340b5e5,1.7390595115721226
hotpotqa_long,23,FT_K1,0.3333333333333333,supporting_fact_recall,0.1,all_body_tokens,full,7c9b5eb37bd915c5cf5059ede429f3d21b36ff492f450b0be60198ab9340b5e5,0.9760178588330746
hotpotqa_long,23,ifr-tokenwise,0.0,supporting_fact_recall,0.1,all_body_tokens,full,7c9b5eb37bd915c5cf5059ede429f3d21b36ff492f450b0be60198ab9340b5e5,11.123031798750162
hotpotqa_long,23,FT_K3,0.0,supporting_fact_recall,0.1,all_body_tokens,full,7c9b5eb37bd915c5cf5059ede429f3d21b36ff492f450b0be60198ab9340b5e5,4.4034432247281075
hotpotqa_long,24,DT,0.6666666666666666,supporting_fact_recall,0.1,all_body_tokens,full,f7cccfd4c11a3353e445357b2bed12473444bbc4d33a514d0ba98c54412b2ba5,1.7424679584801197
hotpotqa_long,24,FT_K1,0.6666666666666666,supporting_fact_recall,0.1,all_body_tokens,full,f7cccfd4c11a3353e445357b2bed12473444bbc4d33a514d0ba98c54412b2ba5,1.4278590865433216
hotpotqa_long,24,ifr-tokenwise,0.6666666666666666,supporting_fact_recall,0.1,all_body_tokens,full,f7cccfd4c11a3353e445357b2bed12473444bbc4d33a514d0ba98c54412b2ba5,18.16031675040722
hotpotqa_long,24,FT_K3,0.6666666666666666,supporting_fact_recall,0.1,all_body_tokens,full,f7cccfd4c11a3353e445357b2bed12473444bbc4d33a514d0ba98c54412b2ba5,5.545813340693712
hotpotqa_long,25,DT,1.0,supporting_fact_recall,0.1,all_body_tokens,full,8024a3559bf20b1689668c681674db0eb48d59edd0eb821757163efda69da6dd,2.308562036603689
hotpotqa_long,25,FT_K1,0.5,supporting_fact_recall,0.1,all_body_tokens,full,8024a3559bf20b1689668c681674db0eb48d59edd0eb821757163efda69da6dd,2.4597560204565525
hotpotqa_long,25,ifr-tokenwise,0.5,supporting_fact_recall,0.1,all_body_tokens,full,8024a3559bf20b1689668c681674db0eb48d59edd0eb821757163efda69da6dd,17.134556848555803
hotpotqa_long,25,FT_K3,0.5,supporting_fact_recall,0.1,all_body_tokens,full,8024a3559bf20b1689668c681674db0eb48d59edd0eb821757163efda69da6dd,8.008736502379179
hotpotqa_long,26,DT,0.5,supporting_fact_recall,0.1,all_body_tokens,full,fbb4ee09563c93a30a3f998d48bd43465b16a4497cbdeebad08a3144bd70bcbc,1.5418540723621845
hotpotqa_long,26,FT_K1,0.5,supporting_fact_recall,0.1,all_body_tokens,full,fbb4ee09563c93a30a3f998d48bd43465b16a4497cbdeebad08a3144bd70bcbc,1.1454222835600376
hotpotqa_long,26,ifr-tokenwise,0.5,supporting_fact_recall,0.1,all_body_tokens,full,fbb4ee09563c93a30a3f998d48bd43465b16a4497cbdeebad08a3144bd70bcbc,7.436316218227148
hotpotqa_long,26,FT_K3,0.5,supporting_fact_recall,0.1,all_body_tokens,full,fbb4ee09563c93a30a3f998d48bd43465b16a4497cbdeebad08a3144bd70bcbc,4.9223996959626675
hotpotqa_long,27,DT,1.0,supporting_fact_recall,0.1,all_body_tokens,full,134ad4a222633fdfd813efe791a302ffd939b3e1866480584fbb4244c6fa3501,2.1977227367460728
hotpotqa_long,27,FT_K1,1.0,supporting_fact_recall,0.1,all_body_tokens,full,134ad4a222633fdfd813efe791a302ffd939b3e1866480584fbb4244c6fa3501,2.1296463161706924
hotpotqa_long,27,ifr-tokenwise,0.5,supporting_fact_recall,0.1,all_body_tokens,full,134ad4a222633fdfd813efe791a302ffd939b3e1866480584fbb4244c6fa3501,10.701311320066452
hotpotqa_long,27,FT_K3,1.0,supporting_fact_recall,0.1,all_body_tokens,full,134ad4a222633fdfd813efe791a302ffd939b3e1866480584fbb4244c6fa3501,6.874891068786383
hotpotqa_long,28,DT,0.3333333333333333,supporting_fact_recall,0.1,all_body_tokens,full,d1f1f92703b7e3e4deeb69eb151efbd297becb97f72024f1f5ae0c7c7f3e4202,1.3732621558010578
hotpotqa_long,28,FT_K1,0.3333333333333333,supporting_fact_recall,0.1,all_body_tokens,full,d1f1f92703b7e3e4deeb69eb151efbd297becb97f72024f1f5ae0c7c7f3e4202,0.7258690856397152
hotpotqa_long,28,ifr-tokenwise,0.3333333333333333,supporting_fact_recall,0.1,all_body_tokens,full,d1f1f92703b7e3e4deeb69eb151efbd297becb97f72024f1f5ae0c7c7f3e4202,4.949202608317137
hotpotqa_long,28,FT_K3,0.3333333333333333,supporting_fact_recall,0.1,all_body_tokens,full,d1f1f92703b7e3e4deeb69eb151efbd297becb97f72024f1f5ae0c7c7f3e4202,3.945360992103815
hotpotqa_long,29,DT,0.6666666666666666,supporting_fact_recall,0.1,all_body_tokens,full,c574a5cfbb5402e0ce2913ae0009ab5ec29711035a03c96e71bebcde821dad95,1.301939520984888
hotpotqa_long,29,FT_K1,0.0,supporting_fact_recall,0.1,all_body_tokens,full,c574a5cfbb5402e0ce2913ae0009ab5ec29711035a03c96e71bebcde821dad95,0.8951722718775272
hotpotqa_long,29,ifr-tokenwise,0.0,supporting_fact_recall,0.1,all_body_tokens,full,c574a5cfbb5402e0ce2913ae0009ab5ec29711035a03c96e71bebcde821dad95,3.122076503932476
hotpotqa_long,29,FT_K3,0.0,supporting_fact_recall,0.1,all_body_tokens,full,c574a5cfbb5402e0ce2913ae0009ab5ec29711035a03c96e71bebcde821dad95,4.328189019113779
hotpotqa_long,30,DT,1.0,supporting_fact_recall,0.1,all_body_tokens,full,8f9ebf49fcb5c7c434d29ef20a8c444bb7f7b22ef12df89daddf008c8c1bda97,1.7206156589090824
hotpotqa_long,30,FT_K1,1.0,supporting_fact_recall,0.1,all_body_tokens,full,8f9ebf49fcb5c7c434d29ef20a8c444bb7f7b22ef12df89daddf008c8c1bda97,1.0170678608119488
hotpotqa_long,30,ifr-tokenwise,1.0,supporting_fact_recall,0.1,all_body_tokens,full,8f9ebf49fcb5c7c434d29ef20a8c444bb7f7b22ef12df89daddf008c8c1bda97,6.175715114921331
hotpotqa_long,30,FT_K3,1.0,supporting_fact_recall,0.1,all_body_tokens,full,8f9ebf49fcb5c7c434d29ef20a8c444bb7f7b22ef12df89daddf008c8c1bda97,4.597012750804424
hotpotqa_long,31,DT,1.0,supporting_fact_recall,0.1,all_body_tokens,full,0219dc78b70f3642ecd42aa956daef448cbf3fff5d1a1a34fa119fe0d091f6d9,2.2976819947361946
hotpotqa_long,31,FT_K1,1.0,supporting_fact_recall,0.1,all_body_tokens,full,0219dc78b70f3642ecd42aa956daef448cbf3fff5d1a1a34fa119fe0d091f6d9,1.2662095427513123
hotpotqa_long,31,ifr-tokenwise,1.0,supporting_fact_recall,0.1,all_body_tokens,full,0219dc78b70f3642ecd42aa956daef448cbf3fff5d1a1a34fa119fe0d091f6d9,18.165521778166294
hotpotqa_long,31,FT_K3,1.0,supporting_fact_recall,0.1,all_body_tokens,full,0219dc78b70f3642ecd42aa956daef448cbf3fff5d1a1a34fa119fe0d091f6d9,4.952307157218456
hotpotqa_long,32,DT,0.3333333333333333,supporting_fact_recall,0.1,all_body_tokens,full,8af26947d69e4a6c0abb89228897b822c8aae2b66345cdda988db5fa81a39c3b,1.6324267834424973
hotpotqa_long,32,FT_K1,0.3333333333333333,supporting_fact_recall,0.1,all_body_tokens,full,8af26947d69e4a6c0abb89228897b822c8aae2b66345cdda988db5fa81a39c3b,1.2669000625610352
hotpotqa_long,32,ifr-tokenwise,0.3333333333333333,supporting_fact_recall,0.1,all_body_tokens,full,8af26947d69e4a6c0abb89228897b822c8aae2b66345cdda988db5fa81a39c3b,7.335081823170185
hotpotqa_long,32,FT_K3,0.3333333333333333,supporting_fact_recall,0.1,all_body_tokens,full,8af26947d69e4a6c0abb89228897b822c8aae2b66345cdda988db5fa81a39c3b,5.191081497818232
hotpotqa_long,33,DT,1.0,supporting_fact_recall,0.1,all_body_tokens,full,c04f248d43fefe695630fa9e1d86ddbac77a37d7f4ff614ba1b6552586250005,1.5932172313332558
hotpotqa_long,33,FT_K1,0.6666666666666666,supporting_fact_recall,0.1,all_body_tokens,full,c04f248d43fefe695630fa9e1d86ddbac77a37d7f4ff614ba1b6552586250005,0.9143262170255184
hotpotqa_long,33,ifr-tokenwise,0.6666666666666666,supporting_fact_recall,0.1,all_body_tokens,full,c04f248d43fefe695630fa9e1d86ddbac77a37d7f4ff614ba1b6552586250005,6.330061674118042
hotpotqa_long,33,FT_K3,0.6666666666666666,supporting_fact_recall,0.1,all_body_tokens,full,c04f248d43fefe695630fa9e1d86ddbac77a37d7f4ff614ba1b6552586250005,4.295368459075689
hotpotqa_long,34,DT,1.0,supporting_fact_recall,0.1,all_body_tokens,full,2ae004becd68c10a2c139f98e759917f9e6d9c1bd653e459ab8eb2b14a462aab,1.51209120079875
hotpotqa_long,34,FT_K1,0.5,supporting_fact_recall,0.1,all_body_tokens,full,2ae004becd68c10a2c139f98e759917f9e6d9c1bd653e459ab8eb2b14a462aab,1.110954463481903
hotpotqa_long,34,ifr-tokenwise,0.5,supporting_fact_recall,0.1,all_body_tokens,full,2ae004becd68c10a2c139f98e759917f9e6d9c1bd653e459ab8eb2b14a462aab,5.320264186710119
hotpotqa_long,34,FT_K3,0.5,supporting_fact_recall,0.1,all_body_tokens,full,2ae004becd68c10a2c139f98e759917f9e6d9c1bd653e459ab8eb2b14a462aab,4.7253279611468315
hotpotqa_long,35,DT,0.3333333333333333,supporting_fact_recall,0.1,all_body_tokens,full,c08a531ec9edf6ef9cce63c5ba199880f552fb7ac78caddb4381656f7314b426,1.6994981653988361
hotpotqa_long,35,FT_K1,0.6666666666666666,supporting_fact_recall,0.1,all_body_tokens,full,c08a531ec9edf6ef9cce63c5ba199880f552fb7ac78caddb4381656f7314b426,1.3146402090787888
hotpotqa_long,35,ifr-tokenwise,0.6666666666666666,supporting_fact_recall,0.1,all_body_tokens,full,c08a531ec9edf6ef9cce63c5ba199880f552fb7ac78caddb4381656f7314b426,7.895698819309473
hotpotqa_long,35,FT_K3,0.6666666666666666,supporting_fact_recall,0.1,all_body_tokens,full,c08a531ec9edf6ef9cce63c5ba199880f552fb7ac78caddb4381656f7314b426,5.100665025413036
hotpotqa_long,36,DT,1.0,supporting_fact_recall,0.1,all_body_tokens,full,1e14d398784049dd7e6a8d8b6c666b2fdb6ea9d9b2e7062a7238bc4a49de118f,1.980354756116867
hotpotqa_long,36,FT_K1,0.5,supporting_fact_recall,0.1,all_body_tokens,full,1e14d398784049dd7e6a8d8b6c666b2fdb6ea9d9b2e7062a7238bc4a49de118f,1.7957090511918068
hotpotqa_long,36,ifr-tokenwise,0.5,supporting_fact_recall,0.1,all_body_tokens,full,1e14d398784049dd7e6a8d8b6c666b2fdb6ea9d9b2e7062a7238bc4a49de118f,8.433935906738043
hotpotqa_long,36,FT_K3,0.5,supporting_fact_recall,0.1,all_body_tokens,full,1e14d398784049dd7e6a8d8b6c666b2fdb6ea9d9b2e7062a7238bc4a49de118f,6.155769798904657
hotpotqa_long,37,DT,1.0,supporting_fact_recall,0.1,all_body_tokens,full,43ccd7487b8debb809a045d2fb5b6ca44ca1dc996cbe70f0acafab6acd698563,1.6778840944170952
hotpotqa_long,37,FT_K1,1.0,supporting_fact_recall,0.1,all_body_tokens,full,43ccd7487b8debb809a045d2fb5b6ca44ca1dc996cbe70f0acafab6acd698563,0.912339124828577
hotpotqa_long,37,ifr-tokenwise,1.0,supporting_fact_recall,0.1,all_body_tokens,full,43ccd7487b8debb809a045d2fb5b6ca44ca1dc996cbe70f0acafab6acd698563,13.049331478774548
hotpotqa_long,37,FT_K3,1.0,supporting_fact_recall,0.1,all_body_tokens,full,43ccd7487b8debb809a045d2fb5b6ca44ca1dc996cbe70f0acafab6acd698563,4.201733902096748
hotpotqa_long,38,DT,1.0,supporting_fact_recall,0.1,all_body_tokens,full,5dc93d224bab7e06f67aa49c164cf21f0941eb935e60c756dd3a4137a643cbd0,1.7562386207282543
hotpotqa_long,38,FT_K1,0.5,supporting_fact_recall,0.1,all_body_tokens,full,5dc93d224bab7e06f67aa49c164cf21f0941eb935e60c756dd3a4137a643cbd0,1.4498561546206474
hotpotqa_long,38,ifr-tokenwise,0.5,supporting_fact_recall,0.1,all_body_tokens,full,5dc93d224bab7e06f67aa49c164cf21f0941eb935e60c756dd3a4137a643cbd0,12.126554634422064
hotpotqa_long,38,FT_K3,0.5,supporting_fact_recall,0.1,all_body_tokens,full,5dc93d224bab7e06f67aa49c164cf21f0941eb935e60c756dd3a4137a643cbd0,5.318534832447767
hotpotqa_long,39,DT,0.5,supporting_fact_recall,0.1,all_body_tokens,full,070d71a01200322acf715d3ad8779ac3ce802f12c0e97a1a552a1a933941d45e,1.1804094202816486
hotpotqa_long,39,FT_K1,0.5,supporting_fact_recall,0.1,all_body_tokens,full,070d71a01200322acf715d3ad8779ac3ce802f12c0e97a1a552a1a933941d45e,0.615984708070755
hotpotqa_long,39,ifr-tokenwise,0.5,supporting_fact_recall,0.1,all_body_tokens,full,070d71a01200322acf715d3ad8779ac3ce802f12c0e97a1a552a1a933941d45e,2.461472723633051
hotpotqa_long,39,FT_K3,0.5,supporting_fact_recall,0.1,all_body_tokens,full,070d71a01200322acf715d3ad8779ac3ce802f12c0e97a1a552a1a933941d45e,3.6525364704430103
hotpotqa_long,40,DT,0.5,supporting_fact_recall,0.1,all_body_tokens,full,79c66c3af9c3161425ef2aa0e6ac56696c0be288a2a0b8fd0d4f960c29a20016,1.9497712515294552
hotpotqa_long,40,FT_K1,0.5,supporting_fact_recall,0.1,all_body_tokens,full,79c66c3af9c3161425ef2aa0e6ac56696c0be288a2a0b8fd0d4f960c29a20016,1.7711189649999142
hotpotqa_long,40,ifr-tokenwise,0.5,supporting_fact_recall,0.1,all_body_tokens,full,79c66c3af9c3161425ef2aa0e6ac56696c0be288a2a0b8fd0d4f960c29a20016,22.636193711310625
hotpotqa_long,40,FT_K3,0.5,supporting_fact_recall,0.1,all_body_tokens,full,79c66c3af9c3161425ef2aa0e6ac56696c0be288a2a0b8fd0d4f960c29a20016,6.413478020578623
hotpotqa_long,41,DT,0.75,supporting_fact_recall,0.1,all_body_tokens,full,36c1609741555d58c24e1f983954597f482d70b9269dfd9a09e8b6cbdd5711f7,1.4422979950904846
hotpotqa_long,41,FT_K1,0.5,supporting_fact_recall,0.1,all_body_tokens,full,36c1609741555d58c24e1f983954597f482d70b9269dfd9a09e8b6cbdd5711f7,0.7890552952885628
hotpotqa_long,41,ifr-tokenwise,0.5,supporting_fact_recall,0.1,all_body_tokens,full,36c1609741555d58c24e1f983954597f482d70b9269dfd9a09e8b6cbdd5711f7,14.508845180273056
hotpotqa_long,41,FT_K3,0.5,supporting_fact_recall,0.1,all_body_tokens,full,36c1609741555d58c24e1f983954597f482d70b9269dfd9a09e8b6cbdd5711f7,4.007483448833227
hotpotqa_long,42,DT,0.5,supporting_fact_recall,0.1,all_body_tokens,full,b5d7e14dda25a18d86ba43e18334176d31ee129d871aefbc3aece5d61cd7ec18,1.7235671244561672
hotpotqa_long,42,FT_K1,0.5,supporting_fact_recall,0.1,all_body_tokens,full,b5d7e14dda25a18d86ba43e18334176d31ee129d871aefbc3aece5d61cd7ec18,1.317170549184084
hotpotqa_long,42,ifr-tokenwise,0.5,supporting_fact_recall,0.1,all_body_tokens,full,b5d7e14dda25a18d86ba43e18334176d31ee129d871aefbc3aece5d61cd7ec18,4.279252141714096
hotpotqa_long,42,FT_K3,0.5,supporting_fact_recall,0.1,all_body_tokens,full,b5d7e14dda25a18d86ba43e18334176d31ee129d871aefbc3aece5d61cd7ec18,5.292001124471426
hotpotqa_long,43,DT,1.0,supporting_fact_recall,0.1,all_body_tokens,full,b837d2a97f0bfe5fb976e7fa983adcb47dc5da1abc45697035a721409035d29a,1.7421371154487133
hotpotqa_long,43,FT_K1,0.6666666666666666,supporting_fact_recall,0.1,all_body_tokens,full,b837d2a97f0bfe5fb976e7fa983adcb47dc5da1abc45697035a721409035d29a,1.375935833901167
hotpotqa_long,43,ifr-tokenwise,1.0,supporting_fact_recall,0.1,all_body_tokens,full,b837d2a97f0bfe5fb976e7fa983adcb47dc5da1abc45697035a721409035d29a,8.006366405636072
hotpotqa_long,43,FT_K3,0.6666666666666666,supporting_fact_recall,0.1,all_body_tokens,full,b837d2a97f0bfe5fb976e7fa983adcb47dc5da1abc45697035a721409035d29a,5.506793715059757
hotpotqa_long,44,DT,0.3333333333333333,supporting_fact_recall,0.1,all_body_tokens,full,9e8c619887b569adff47fc70c0be8024f3f4641439c19aa46a5057f5a531f0ad,1.2831897735595703
hotpotqa_long,44,FT_K1,0.3333333333333333,supporting_fact_recall,0.1,all_body_tokens,full,9e8c619887b569adff47fc70c0be8024f3f4641439c19aa46a5057f5a531f0ad,0.8357393592596054
hotpotqa_long,44,ifr-tokenwise,0.3333333333333333,supporting_fact_recall,0.1,all_body_tokens,full,9e8c619887b569adff47fc70c0be8024f3f4641439c19aa46a5057f5a531f0ad,2.6180599629879
hotpotqa_long,44,FT_K3,0.3333333333333333,supporting_fact_recall,0.1,all_body_tokens,full,9e8c619887b569adff47fc70c0be8024f3f4641439c19aa46a5057f5a531f0ad,1.1587999649345875
hotpotqa_long,45,DT,1.0,supporting_fact_recall,0.1,all_body_tokens,full,feaf18962deb104bebeab6efd40d8114ff670d9c92371eb9d2768b587379f849,2.3021658584475517
hotpotqa_long,45,FT_K1,0.5,supporting_fact_recall,0.1,all_body_tokens,full,feaf18962deb104bebeab6efd40d8114ff670d9c92371eb9d2768b587379f849,1.6870962604880333
hotpotqa_long,45,ifr-tokenwise,0.5,supporting_fact_recall,0.1,all_body_tokens,full,feaf18962deb104bebeab6efd40d8114ff670d9c92371eb9d2768b587379f849,7.565207675099373
hotpotqa_long,45,FT_K3,0.5,supporting_fact_recall,0.1,all_body_tokens,full,feaf18962deb104bebeab6efd40d8114ff670d9c92371eb9d2768b587379f849,6.221291698515415
hotpotqa_long,46,DT,0.5,supporting_fact_recall,0.1,all_body_tokens,full,cca5caddb2d92e520803dbd9909aa381978f9335660987fec35f3be8e3fce78f,1.7701022438704967
hotpotqa_long,46,FT_K1,0.5,supporting_fact_recall,0.1,all_body_tokens,full,cca5caddb2d92e520803dbd9909aa381978f9335660987fec35f3be8e3fce78f,1.055298712104559
hotpotqa_long,46,ifr-tokenwise,0.5,supporting_fact_recall,0.1,all_body_tokens,full,cca5caddb2d92e520803dbd9909aa381978f9335660987fec35f3be8e3fce78f,8.486791104078293
hotpotqa_long,46,FT_K3,0.5,supporting_fact_recall,0.1,all_body_tokens,full,cca5caddb2d92e520803dbd9909aa381978f9335660987fec35f3be8e3fce78f,4.627631187438965
hotpotqa_long,47,DT,0.6666666666666666,supporting_fact_recall,0.1,all_body_tokens,full,19e1003ca54f50e96c204df9fb7aacc7432982d326df45e882d48754553595a9,1.3485298343002796
hotpotqa_long,47,FT_K1,0.3333333333333333,supporting_fact_recall,0.1,all_body_tokens,full,19e1003ca54f50e96c204df9fb7aacc7432982d326df45e882d48754553595a9,0.7440575510263443
hotpotqa_long,47,ifr-tokenwise,0.3333333333333333,supporting_fact_recall,0.1,all_body_tokens,full,19e1003ca54f50e96c204df9fb7aacc7432982d326df45e882d48754553595a9,5.414689980447292
hotpotqa_long,47,FT_K3,0.3333333333333333,supporting_fact_recall,0.1,all_body_tokens,full,19e1003ca54f50e96c204df9fb7aacc7432982d326df45e882d48754553595a9,3.863960176706314
