dataset,index,method,rise,mas,recall
niah_mq_q2,0,DT,0.14567039106145252,0.1856994449666467,0.525
niah_mq_q2,0,FT_K1,0.15013966480446925,0.26485657112623545,0.275
niah_mq_q2,0,FT_K3,,,0.3
niah_mq_q2,1,DT,0.041755319148936175,0.06291881461221424,1.0
niah_mq_q2,1,FT_K1,0.05851063829787233,0.23550349634985673,0.7368421052631579
niah_mq_q2,1,FT_K3,,,0.7894736842105263
niah_mq_q2,2,DT,0.049705882352941176,0.08313768027023047,1.0
niah_mq_q2,2,FT_K1,0.04911764705882352,0.24166098394043883,0.7894736842105263
niah_mq_q2,2,FT_K3,,,0.8421052631578947
niah_mq_q2,3,DT,0.13574380165289257,0.18750457316231905,0.5263157894736842
niah_mq_q2,3,FT_K1,0.12169421487603305,0.2607762181063418,0.3157894736842105
niah_mq_q2,3,FT_K3,,,0.34210526315789475
niah_mq_q2,4,DT,0.09119047619047618,0.12050720266677306,1.0
niah_mq_q2,4,FT_K1,0.1180952380952381,0.25041879615626417,0.7692307692307693
niah_mq_q2,4,FT_K3,,,0.8205128205128205
niah_mq_q2,5,DT,0.06166666666666665,0.09151614351467456,1.0
niah_mq_q2,5,FT_K1,0.03944444444444445,0.23461870879600197,0.8461538461538461
niah_mq_q2,5,FT_K3,,,0.8461538461538461
niah_mq_q2,6,DT,0.12413294797687861,0.16701451250191995,0.5945945945945946
niah_mq_q2,6,FT_K1,0.1359826589595376,0.2718336718629309,0.35135135135135137
niah_mq_q2,6,FT_K3,,,0.3783783783783784
niah_mq_q2,7,DT,0.07375283446712018,0.0938685943083561,1.0
niah_mq_q2,7,FT_K1,0.08055555555555557,0.22823665988983946,0.7435897435897436
niah_mq_q2,7,FT_K3,,,0.7948717948717948
niah_mq_q2,8,DT,0.14341155234657038,0.19398804350888757,0.5263157894736842
niah_mq_q2,8,FT_K1,0.11128158844765343,0.2682409605166303,0.34210526315789475
niah_mq_q2,8,FT_K3,,,0.42105263157894735
niah_mq_q2,9,DT,0.14562146892655367,0.1911374310731439,0.475
niah_mq_q2,9,FT_K1,0.11031073446327684,0.2601101016010986,0.3
niah_mq_q2,9,FT_K3,,,0.3
niah_mq_q2,10,DT,0.14190821256038647,0.18522676893948598,0.46153846153846156
niah_mq_q2,10,FT_K1,0.1281400966183575,0.2547931087540886,0.28205128205128205
niah_mq_q2,10,FT_K3,,,0.28205128205128205
niah_mq_q2,11,DT,0.14080381471389644,0.18758567014702332,0.55
niah_mq_q2,11,FT_K1,0.12908719346049047,0.2730435302023165,0.25
niah_mq_q2,11,FT_K3,,,0.275
niah_mq_q2,12,DT,0.12022613065326634,0.14543726750660557,0.425
niah_mq_q2,12,FT_K1,0.10766331658291457,0.26995913626116297,0.225
niah_mq_q2,12,FT_K3,,,0.225
niah_mq_q2,13,DT,0.06400523560209424,0.09392742824953049,1.0
niah_mq_q2,13,FT_K1,0.05719895287958114,0.2329797585950238,0.8
niah_mq_q2,13,FT_K3,,,0.8
niah_mq_q2,14,DT,0.06653846153846153,0.09332168655891371,0.975
niah_mq_q2,14,FT_K1,0.06217948717948718,0.231664858034544,0.75
niah_mq_q2,14,FT_K3,,,0.8
niah_mq_q2,15,DT,0.1361413043478261,0.1765422459534361,0.5365853658536586
niah_mq_q2,15,FT_K1,0.11059782608695652,0.25796207128743026,0.2926829268292683
niah_mq_q2,15,FT_K3,,,0.3170731707317073
niah_mq_q2,16,DT,0.1166010498687664,0.14404713761630444,0.5
niah_mq_q2,16,FT_K1,0.11738845144356955,0.2732255064714569,0.18421052631578946
niah_mq_q2,16,FT_K3,,,0.2631578947368421
niah_mq_q2,17,DT,0.13988833746898263,0.18103095952520304,0.4634146341463415
niah_mq_q2,17,FT_K1,0.11830024813895781,0.25702595937354444,0.2926829268292683
niah_mq_q2,17,FT_K3,,,0.2682926829268293
niah_mq_q2,18,DT,0.038978494623655914,0.059142640620936236,1.0
niah_mq_q2,18,FT_K1,0.04112903225806451,0.24562423487488855,0.7567567567567568
niah_mq_q2,18,FT_K3,,,0.8108108108108109
niah_mq_q2,19,DT,0.13524999999999998,0.16981420238206946,0.48717948717948717
niah_mq_q2,19,FT_K1,0.13725,0.2695274166489184,0.20512820512820512
niah_mq_q2,19,FT_K3,,,0.23076923076923078
niah_mq_q2,20,DT,0.12447916666666667,0.14296707589223176,0.5
niah_mq_q2,20,FT_K1,0.14244791666666665,0.2704176044983279,0.2
niah_mq_q2,20,FT_K3,,,0.25
niah_mq_q2,21,DT,0.049644549763033174,0.06868278271054601,0.9743589743589743
niah_mq_q2,21,FT_K1,0.06528436018957345,0.2506809728898633,0.6923076923076923
niah_mq_q2,21,FT_K3,,,0.7435897435897436
niah_mq_q2,22,DT,0.2071759259259259,0.2660759431758923,0.47619047619047616
niah_mq_q2,22,FT_K1,0.24282407407407405,0.2813861869690283,0.23809523809523808
niah_mq_q2,22,FT_K3,,,0.23809523809523808
niah_mq_q2,23,DT,0.04362464183381089,0.06501484223341991,1.0
niah_mq_q2,23,FT_K1,0.04391117478510028,0.2338763662705184,0.7368421052631579
niah_mq_q2,23,FT_K3,,,0.7894736842105263
niah_mq_q2,24,DT,0.14118497109826586,0.190497911279772,0.5384615384615384
niah_mq_q2,24,FT_K1,0.125,0.2619454461586151,0.2564102564102564
niah_mq_q2,24,FT_K3,,,0.28205128205128205
niah_mq_q2,25,DT,0.16918052256532068,0.24116441760997304,1.0
niah_mq_q2,25,FT_K1,0.19982185273159145,0.3062407031910356,0.7894736842105263
niah_mq_q2,25,FT_K3,,,0.8421052631578947
niah_mq_q2,26,DT,0.0557909604519774,0.07696715353779786,1.0
niah_mq_q2,26,FT_K1,0.054378531073446326,0.2268147566449062,0.7948717948717948
niah_mq_q2,26,FT_K3,,,0.8205128205128205
niah_mq_q2,27,DT,0.055939226519337026,0.07850530689410526,1.0
niah_mq_q2,27,FT_K1,0.047928176795580105,0.24243209989990838,0.8
niah_mq_q2,27,FT_K3,,,0.85
niah_mq_q2,28,DT,0.04959893048128342,0.08081280469327948,1.0
niah_mq_q2,28,FT_K1,0.04371657754010696,0.23422824720026258,0.8205128205128205
niah_mq_q2,28,FT_K3,,,0.8205128205128205
niah_mq_q2,29,DT,0.11878881987577641,0.15639547470701554,0.5
niah_mq_q2,29,FT_K1,0.1125776397515528,0.25676518446392976,0.2631578947368421
niah_mq_q2,29,FT_K3,,,0.2894736842105263
niah_mq_q2,30,DT,0.1089779005524862,0.12941038622071002,0.5
niah_mq_q2,30,FT_K1,0.11201657458563537,0.25548526234218727,0.2
niah_mq_q2,30,FT_K3,,,0.25
niah_mq_q2,31,DT,0.05473684210526316,0.08186392632432689,0.9743589743589743
niah_mq_q2,31,FT_K1,0.05578947368421052,0.23145746185225774,0.7692307692307693
niah_mq_q2,31,FT_K3,,,0.8205128205128205
niah_mq_q2,32,DT,0.1053370786516854,0.13262599867703523,0.5
niah_mq_q2,32,FT_K1,0.11264044943820226,0.26611499723528487,0.15789473684210525
niah_mq_q2,32,FT_K3,,,0.21052631578947367
niah_mq_q2,33,DT,0.08753602305475508,0.11336455558517082,1.0
niah_mq_q2,33,FT_K1,0.060446685878962535,0.24851755592208208,0.8205128205128205
niah_mq_q2,33,FT_K3,,,0.8461538461538461
niah_mq_q2,34,DT,0.13543689320388347,0.17762356900669474,0.4473684210526316
niah_mq_q2,34,FT_K1,0.12912621359223303,0.27328709084305286,0.2894736842105263
niah_mq_q2,34,FT_K3,,,0.2894736842105263
niah_mq_q2,35,DT,0.0654092071611253,0.08875037936966465,0.9736842105263158
niah_mq_q2,35,FT_K1,0.0828005115089514,0.23541274397617634,0.7631578947368421
niah_mq_q2,35,FT_K3,,,0.7894736842105263
niah_mq_q2,36,DT,0.1480971128608924,0.18277535291990943,0.5238095238095238
niah_mq_q2,36,FT_K1,0.12762467191601048,0.26162538356897375,0.30952380952380953
niah_mq_q2,36,FT_K3,,,0.30952380952380953
niah_mq_q2,37,DT,0.11539548022598871,0.131124563212466,0.5128205128205128
niah_mq_q2,37,FT_K1,0.125,0.2555912223689881,0.2564102564102564
niah_mq_q2,37,FT_K3,,,0.3076923076923077
niah_mq_q2,38,DT,0.059239130434782614,0.08500912014593795,0.975
niah_mq_q2,38,FT_K1,0.053260869565217396,0.2490670777719825,0.775
niah_mq_q2,38,FT_K3,,,0.775
niah_mq_q2,39,DT,0.10833333333333335,0.12747973780423186,0.48717948717948717
niah_mq_q2,39,FT_K1,0.10182291666666668,0.2679598957952109,0.2564102564102564
niah_mq_q2,39,FT_K3,,,0.2564102564102564
niah_mq_q2,40,DT,0.07525380710659899,0.1004927714217424,1.0
niah_mq_q2,40,FT_K1,0.09657360406091371,0.2521189732320529,0.7567567567567568
niah_mq_q2,40,FT_K3,,,0.8108108108108109
niah_mq_q2,41,DT,0.04084699453551912,0.05717112530058967,1.0
niah_mq_q2,41,FT_K1,0.0424863387978142,0.24055906116073889,0.8157894736842105
niah_mq_q2,41,FT_K3,,,0.8421052631578947
niah_mq_q2,42,DT,0.12725988700564972,0.1632673446225102,0.5384615384615384
niah_mq_q2,42,FT_K1,0.10494350282485876,0.2717134778421655,0.3076923076923077
niah_mq_q2,42,FT_K3,,,0.3076923076923077
niah_mq_q2,43,DT,0.10445945945945945,0.12016728128304513,0.48717948717948717
niah_mq_q2,43,FT_K1,0.11148648648648647,0.2658994423484471,0.2564102564102564
niah_mq_q2,43,FT_K3,,,0.28205128205128205
niah_mq_q2,44,DT,0.13747002398081537,0.17708431049334689,0.4146341463414634
niah_mq_q2,44,FT_K1,0.12356115107913668,0.259955565159184,0.3170731707317073
niah_mq_q2,44,FT_K3,,,0.3170731707317073
niah_mq_q2,45,DT,0.15678082191780823,0.19895822072242209,0.525
niah_mq_q2,45,FT_K1,0.14582191780821918,0.2663142600738696,0.275
niah_mq_q2,45,FT_K3,,,0.275
niah_mq_q2,46,DT,0.04875690607734806,0.07982182136567537,0.9736842105263158
niah_mq_q2,46,FT_K1,0.05151933701657459,0.24346839377564816,0.7631578947368421
niah_mq_q2,46,FT_K3,,,0.7894736842105263
niah_mq_q2,47,DT,0.051420454545454554,0.07817409059159786,0.9743589743589743
niah_mq_q2,47,FT_K1,0.05113636363636363,0.24858285423864407,0.6666666666666666
niah_mq_q2,47,FT_K3,,,0.7692307692307693
niah_mq_q2,48,DT,0.04602272727272727,0.06922380040733073,1.0
niah_mq_q2,48,FT_K1,0.05,0.22910133360058432,0.8048780487804879
niah_mq_q2,48,FT_K3,,,0.8292682926829268
niah_mq_q2,49,DT,0.06115384615384615,0.08481328679256521,1.0
niah_mq_q2,49,FT_K1,0.0965384615384615,0.24493128762639493,0.7368421052631579
niah_mq_q2,49,FT_K3,,,0.7894736842105263
niah_mq_q2,50,DT,0.14547872340425533,0.1959907946578061,0.4878048780487805
niah_mq_q2,50,FT_K1,0.13191489361702127,0.27168795798567313,0.2926829268292683
niah_mq_q2,50,FT_K3,,,0.3170731707317073
niah_mq_q2,51,DT,0.11944444444444444,0.14735120139283012,0.5365853658536586
niah_mq_q2,51,FT_K1,0.13964646464646463,0.2504366010591761,0.2926829268292683
niah_mq_q2,51,FT_K3,,,0.2682926829268293
niah_mq_q2,52,DT,0.04469696969696969,0.05962542174015584,0.9743589743589743
niah_mq_q2,52,FT_K1,0.04924242424242424,0.243201573245506,0.717948717948718
niah_mq_q2,52,FT_K3,,,0.7692307692307693
niah_mq_q2,53,DT,0.04844497607655503,0.06881882258439108,1.0
niah_mq_q2,53,FT_K1,0.050358851674641145,0.2423557635518839,0.7692307692307693
niah_mq_q2,53,FT_K3,,,0.8461538461538461
niah_mq_q2,54,DT,0.04393333333333334,0.07051324526965128,1.0
niah_mq_q2,54,FT_K1,0.043666666666666666,0.24651091763464125,0.7894736842105263
niah_mq_q2,54,FT_K3,,,0.7894736842105263
niah_mq_q2,55,DT,0.13540723981900454,0.16834820012771218,0.4
niah_mq_q2,55,FT_K1,0.14898190045248869,0.2667021427713426,0.225
niah_mq_q2,55,FT_K3,,,0.25
niah_mq_q2,56,DT,0.1104368932038835,0.1296783211565819,0.4473684210526316
niah_mq_q2,56,FT_K1,0.11529126213592233,0.24210045244390915,0.3157894736842105
niah_mq_q2,56,FT_K3,,,0.34210526315789475
niah_mq_q2,57,DT,0.13119946091644202,0.16875599012808204,0.48717948717948717
niah_mq_q2,57,FT_K1,0.13335579514824797,0.25588455967624946,0.3076923076923077
niah_mq_q2,57,FT_K3,,,0.3076923076923077
niah_mq_q2,58,DT,0.04842857142857142,0.07572647402395949,1.0
niah_mq_q2,58,FT_K1,0.054714285714285694,0.2384663323576627,0.7692307692307693
niah_mq_q2,58,FT_K3,,,0.8461538461538461
niah_mq_q2,59,DT,0.12649253731343285,0.1582686177902778,0.5384615384615384
niah_mq_q2,59,FT_K1,0.11878109452736318,0.26903926717536425,0.3333333333333333
niah_mq_q2,59,FT_K3,,,0.358974358974359
niah_mq_q2,60,DT,0.12893258426966292,0.15074252392455395,0.46511627906976744
niah_mq_q2,60,FT_K1,0.13426966292134832,0.28181406592042335,0.3023255813953488
niah_mq_q2,60,FT_K3,,,0.32558139534883723
niah_mq_q2,61,DT,0.0475071225071225,0.07451804584146818,0.9743589743589743
niah_mq_q2,61,FT_K1,0.05263532763532763,0.23257264371220315,0.7692307692307693
niah_mq_q2,61,FT_K3,,,0.7692307692307693
niah_mq_q2,62,DT,0.045612813370473536,0.06655976197087758,0.9743589743589743
niah_mq_q2,62,FT_K1,0.041991643454038996,0.2457323039806208,0.8461538461538461
niah_mq_q2,62,FT_K3,,,0.8461538461538461
niah_mq_q2,63,DT,0.07166666666666664,0.09862586068470755,0.9743589743589743
niah_mq_q2,63,FT_K1,0.056666666666666664,0.23801020957893101,0.8205128205128205
niah_mq_q2,63,FT_K3,,,0.8461538461538461
niah_mq_q2,64,DT,0.14112903225806453,0.1894234414647209,0.48717948717948717
niah_mq_q2,64,FT_K1,0.11451612903225805,0.2628085650316229,0.3076923076923077
niah_mq_q2,64,FT_K3,,,0.3076923076923077
niah_mq_q2,65,DT,0.047527472527472525,0.07121961688876724,1.0
niah_mq_q2,65,FT_K1,0.050274725274725277,0.24499027257257772,0.7894736842105263
niah_mq_q2,65,FT_K3,,,0.8421052631578947
niah_mq_q2,66,DT,0.15921052631578947,0.21450470780819778,0.45454545454545453
niah_mq_q2,66,FT_K1,0.1531578947368421,0.27207426056479134,0.25
niah_mq_q2,66,FT_K3,,,0.2727272727272727
niah_mq_q2,67,DT,0.13456937799043062,0.17178166755511684,0.48717948717948717
niah_mq_q2,67,FT_K1,0.13911483253588516,0.2581563467533611,0.28205128205128205
niah_mq_q2,67,FT_K3,,,0.3076923076923077
niah_mq_q2,68,DT,0.044047619047619044,0.06557409986866022,1.0
niah_mq_q2,68,FT_K1,0.05327380952380952,0.23563764705874038,0.7435897435897436
niah_mq_q2,68,FT_K3,,,0.7692307692307693
niah_mq_q2,69,DT,0.1423469387755102,0.1670190596421803,0.46153846153846156
niah_mq_q2,69,FT_K1,0.18137755102040817,0.2706814283851795,0.3076923076923077
niah_mq_q2,69,FT_K3,,,0.3076923076923077
niah_mq_q2,70,DT,0.057371794871794876,0.09140975067638535,1.0
niah_mq_q2,70,FT_K1,0.07884615384615383,0.24501135955469375,0.7894736842105263
niah_mq_q2,70,FT_K3,,,0.8421052631578947
niah_mq_q2,71,DT,0.1504385964912281,0.18349044625091987,0.46511627906976744
niah_mq_q2,71,FT_K1,0.1385964912280702,0.2692340757838584,0.32558139534883723
niah_mq_q2,71,FT_K3,,,0.32558139534883723
niah_mq_q2,72,DT,0.054120879120879116,0.07451778055011041,0.975
niah_mq_q2,72,FT_K1,0.05192307692307692,0.24071593774257485,0.825
niah_mq_q2,72,FT_K3,,,0.825
niah_mq_q2,73,DT,0.14807692307692305,0.20493453122105812,0.5277777777777778
niah_mq_q2,73,FT_K1,0.12530769230769231,0.2752463074638503,0.2777777777777778
niah_mq_q2,73,FT_K3,,,0.3055555555555556
niah_mq_q2,74,DT,0.1521641791044776,0.20240606185630344,0.47619047619047616
niah_mq_q2,74,FT_K1,0.14052238805970146,0.27038827133247834,0.30952380952380953
niah_mq_q2,74,FT_K3,,,0.2857142857142857
niah_mq_q2,75,DT,0.07079207920792079,0.09710289773079325,1.0
niah_mq_q2,75,FT_K1,0.08910891089108912,0.24997947839739315,0.7105263157894737
niah_mq_q2,75,FT_K3,,,0.7631578947368421
niah_mq_q2,76,DT,0.03590425531914894,0.05746314958895995,1.0
niah_mq_q2,76,FT_K1,0.05478723404255319,0.24449142893599904,0.7948717948717948
niah_mq_q2,76,FT_K3,,,0.8205128205128205
niah_mq_q2,77,DT,0.11325065274151436,0.12792358090878805,0.5121951219512195
niah_mq_q2,77,FT_K1,0.1137728459530026,0.2664037336167501,0.1951219512195122
niah_mq_q2,77,FT_K3,,,0.24390243902439024
niah_mq_q2,78,DT,0.04494134897360704,0.07068709529838596,1.0
niah_mq_q2,78,FT_K1,0.04846041055718475,0.24728048744691272,0.7948717948717948
niah_mq_q2,78,FT_K3,,,0.7948717948717948
niah_mq_q2,79,DT,0.05026315789473684,0.07469297628583974,0.9743589743589743
niah_mq_q2,79,FT_K1,0.05026315789473684,0.2532284319929413,0.7692307692307693
niah_mq_q2,79,FT_K3,,,0.7948717948717948
niah_mq_q2,80,DT,0.13557142857142856,0.177173958172511,0.475
niah_mq_q2,80,FT_K1,0.10642857142857143,0.2624594380370623,0.375
niah_mq_q2,80,FT_K3,,,0.4
niah_mq_q2,81,DT,0.15142487046632125,0.1932189578987288,0.48717948717948717
niah_mq_q2,81,FT_K1,0.14132124352331607,0.2576989365229637,0.28205128205128205
niah_mq_q2,81,FT_K3,,,0.3076923076923077
niah_mq_q2,82,DT,0.12695530726256982,0.16203246999981658,0.5
niah_mq_q2,82,FT_K1,0.12639664804469272,0.27333110029425567,0.3157894736842105
niah_mq_q2,82,FT_K3,,,0.3157894736842105
niah_mq_q2,83,DT,0.16751336898395724,0.21626074674924528,0.5
niah_mq_q2,83,FT_K1,0.12927807486631016,0.25778196871958337,0.275
niah_mq_q2,83,FT_K3,,,0.275
niah_mq_q2,84,DT,0.045,0.06593124813622377,1.0
niah_mq_q2,84,FT_K1,0.039925373134328354,0.23997016645884078,0.7894736842105263
niah_mq_q2,84,FT_K3,,,0.8157894736842105
niah_mq_q2,85,DT,0.07653061224489795,0.09838714285204922,1.0
niah_mq_q2,85,FT_K1,0.08903061224489792,0.23140820553797323,0.8108108108108109
niah_mq_q2,85,FT_K3,,,0.8378378378378378
niah_mq_q2,86,DT,0.11705882352941174,0.14274623843409256,0.48717948717948717
niah_mq_q2,86,FT_K1,0.10970588235294118,0.2619696488382327,0.358974358974359
niah_mq_q2,86,FT_K3,,,0.358974358974359
niah_mq_q2,87,DT,0.03984375,0.05450175057059893,1.0
niah_mq_q2,87,FT_K1,0.05104166666666667,0.23194541104324995,0.7567567567567568
niah_mq_q2,87,FT_K3,,,0.7837837837837838
niah_mq_q2,88,DT,0.048626373626373634,0.0814662099952224,1.0
niah_mq_q2,88,FT_K1,0.047527472527472525,0.23762915210948146,0.7837837837837838
niah_mq_q2,88,FT_K3,,,0.8108108108108109
niah_mq_q2,89,DT,0.10842857142857143,0.12704868688975487,0.475
niah_mq_q2,89,FT_K1,0.11842857142857144,0.2684817221946211,0.175
niah_mq_q2,89,FT_K3,,,0.25
niah_mq_q2,90,DT,0.12073863636363638,0.1589242087029639,0.5
niah_mq_q2,90,FT_K1,0.11676136363636362,0.26546304410178595,0.3684210526315789
niah_mq_q2,90,FT_K3,,,0.3684210526315789
niah_mq_q2,91,DT,0.1453030303030303,0.18375044111452596,0.525
niah_mq_q2,91,FT_K1,0.10681818181818184,0.27332966177827206,0.35
niah_mq_q2,91,FT_K3,,,0.35
niah_mq_q2,92,DT,0.04676165803108808,0.06322460101272542,1.0
niah_mq_q2,92,FT_K1,0.0483160621761658,0.24070240898490947,0.7692307692307693
niah_mq_q2,92,FT_K3,,,0.7948717948717948
niah_mq_q2,93,DT,0.11892265193370166,0.15203030023506506,0.5945945945945946
niah_mq_q2,93,FT_K1,0.10732044198895027,0.2662103747881637,0.32432432432432434
niah_mq_q2,93,FT_K3,,,0.35135135135135137
niah_mq_q2,94,DT,0.15905797101449273,0.1712789730739444,0.5263157894736842
niah_mq_q2,94,FT_K1,0.19867149758454108,0.2669030434454419,0.2894736842105263
niah_mq_q2,94,FT_K3,,,0.2894736842105263
niah_mq_q2,95,DT,0.13650895140664962,0.1671995851849684,0.4634146341463415
niah_mq_q2,95,FT_K1,0.11502557544757035,0.2722125817499912,0.17073170731707318
niah_mq_q2,95,FT_K3,,,0.24390243902439024
niah_mq_q2,96,DT,0.1384969325153374,0.1801555777905298,0.525
niah_mq_q2,96,FT_K1,0.12070552147239264,0.2680142046320706,0.3
niah_mq_q2,96,FT_K3,,,0.325
niah_mq_q2,97,DT,0.11361111111111111,0.1376686932626872,0.5
niah_mq_q2,97,FT_K1,0.11055555555555556,0.26407080827017965,0.2631578947368421
niah_mq_q2,97,FT_K3,,,0.3684210526315789
niah_mq_q2,98,DT,0.06027777777777778,0.08797508140694625,1.0
niah_mq_q2,98,FT_K1,0.04888888888888889,0.23888997698327988,0.7804878048780488
niah_mq_q2,98,FT_K3,,,0.8048780487804879
niah_mq_q2,99,DT,0.14008379888268158,0.17903531546795373,0.46153846153846156
niah_mq_q2,99,FT_K1,0.13952513966480445,0.2687254034764414,0.2564102564102564
niah_mq_q2,99,FT_K3,,,0.28205128205128205
niah_mq_q4,0,DT,0.0993103448275862,0.13444427582351873,0.6493506493506493
niah_mq_q4,0,FT_K1,0.10431034482758621,0.2435233470312282,0.4155844155844156
niah_mq_q4,0,FT_K3,,,0.42857142857142855
niah_mq_q4,1,DT,0.09595070422535212,0.13807687182223105,0.6493506493506493
niah_mq_q4,1,FT_K1,0.0816901408450704,0.23762364995876384,0.4805194805194805
niah_mq_q4,1,FT_K3,,,0.4935064935064935
niah_mq_q4,2,DT,0.28075221238938053,0.4006267203535443,0.25
niah_mq_q4,2,FT_K1,0.22287610619469023,0.28229969653090836,0.125
niah_mq_q4,2,FT_K3,,,0.2125
niah_mq_q4,3,DT,0.27963576158940395,0.3979946822821027,0.19753086419753085
niah_mq_q4,3,FT_K1,0.2435430463576159,0.2888153879186227,0.08641975308641975
niah_mq_q4,3,FT_K3,,,0.1111111111111111
niah_mq_q4,4,DT,0.29781553398058247,0.4184938542302071,0.22784810126582278
niah_mq_q4,4,FT_K1,0.2766181229773462,0.309218837708906,0.12658227848101267
niah_mq_q4,4,FT_K3,,,0.13924050632911392
niah_mq_q4,5,DT,0.09390459363957597,0.13309154226815118,0.6493506493506493
niah_mq_q4,5,FT_K1,0.08648409893992932,0.2492520602674623,0.45454545454545453
niah_mq_q4,5,FT_K3,,,0.4805194805194805
niah_mq_q4,6,DT,0.0816147859922179,0.11126667973102648,0.7105263157894737
niah_mq_q4,6,FT_K1,0.08005836575875484,0.25864387380417303,0.47368421052631576
niah_mq_q4,6,FT_K3,,,0.5
niah_mq_q4,7,DT,0.11598360655737702,0.1651799443608638,0.6962025316455697
niah_mq_q4,7,FT_K1,0.12254098360655737,0.2482006387410224,0.5569620253164557
niah_mq_q4,7,FT_K3,,,0.5569620253164557
niah_mq_q4,8,DT,0.09774509803921569,0.14392889262553224,0.6666666666666666
niah_mq_q4,8,FT_K1,0.08813725490196078,0.24311999594955375,0.6153846153846154
niah_mq_q4,8,FT_K3,,,0.5769230769230769
niah_mq_q4,9,DT,0.08659420289855073,0.12008591024682765,0.6794871794871795
niah_mq_q4,9,FT_K1,0.08152173913043477,0.2238522718926327,0.48717948717948717
niah_mq_q4,9,FT_K3,,,0.48717948717948717
niah_mq_q4,10,DT,0.09537037037037037,0.1377603274592613,0.717948717948718
niah_mq_q4,10,FT_K1,0.07962962962962963,0.2594210654463061,0.48717948717948717
niah_mq_q4,10,FT_K3,,,0.5
niah_mq_q4,11,DT,0.10307377049180329,0.14997388266963105,0.7012987012987013
niah_mq_q4,11,FT_K1,0.09446721311475408,0.2500060986319966,0.5454545454545454
niah_mq_q4,11,FT_K3,,,0.5454545454545454
niah_mq_q4,12,DT,0.2947879858657244,0.4270981013516798,0.275
niah_mq_q4,12,FT_K1,0.24885159010600705,0.31733919728442106,0.1375
niah_mq_q4,12,FT_K3,,,0.175
niah_mq_q4,13,DT,0.10176950998185119,0.1439104287962958,0.631578947368421
niah_mq_q4,13,FT_K1,0.10558076225045372,0.2445059053664874,0.4868421052631579
niah_mq_q4,13,FT_K3,,,0.5131578947368421
niah_mq_q4,14,DT,0.2789285714285714,0.39057891046809823,0.20512820512820512
niah_mq_q4,14,FT_K1,0.23785714285714285,0.30790574412137606,0.14102564102564102
niah_mq_q4,14,FT_K3,,,0.14102564102564102
niah_mq_q4,15,DT,0.30674603174603177,0.44216733156901195,0.2875
niah_mq_q4,15,FT_K1,0.27484126984126983,0.31307457202633937,0.0875
niah_mq_q4,15,FT_K3,,,0.125
niah_mq_q4,16,DT,0.09396551724137929,0.1336340672067872,0.6623376623376623
niah_mq_q4,16,FT_K1,0.09344827586206897,0.24045851648419553,0.42857142857142855
niah_mq_q4,16,FT_K3,,,0.44155844155844154
niah_mq_q4,17,DT,0.11461748633879783,0.15955762056426367,0.6538461538461539
niah_mq_q4,17,FT_K1,0.11552823315118395,0.2468353943452691,0.5
niah_mq_q4,17,FT_K3,,,0.5128205128205128
niah_mq_q4,18,DT,0.27895189003436427,0.38989947816167775,0.26582278481012656
niah_mq_q4,18,FT_K1,0.2509450171821306,0.3001871407277031,0.11392405063291139
niah_mq_q4,18,FT_K3,,,0.16455696202531644
niah_mq_q4,19,DT,0.3023311897106109,0.43883984191946296,0.2692307692307692
niah_mq_q4,19,FT_K1,0.2856109324758843,0.33156229089454403,0.15384615384615385
niah_mq_q4,19,FT_K3,,,0.15384615384615385
niah_mq_q4,20,DT,0.0896950092421442,0.12643933179368466,0.6753246753246753
niah_mq_q4,20,FT_K1,0.09228280961182996,0.2626159311213786,0.44155844155844154
niah_mq_q4,20,FT_K3,,,0.45454545454545453
niah_mq_q4,21,DT,0.1033938814531549,0.15354492624155908,0.7051282051282052
niah_mq_q4,21,FT_K1,0.08197896749521989,0.24226169059553104,0.5769230769230769
niah_mq_q4,21,FT_K3,,,0.5769230769230769
niah_mq_q4,22,DT,0.10207509881422924,0.13641826594547893,0.6973684210526315
niah_mq_q4,22,FT_K1,0.11630434782608692,0.25495476172773673,0.5921052631578947
niah_mq_q4,22,FT_K3,,,0.6052631578947368
niah_mq_q4,23,DT,0.27846715328467153,0.39972138935391344,0.2692307692307692
niah_mq_q4,23,FT_K1,0.24689781021897814,0.28986996146898997,0.11538461538461539
niah_mq_q4,23,FT_K3,,,0.14102564102564102
niah_mq_q4,24,DT,0.0872429906542056,0.11803166086227534,0.6153846153846154
niah_mq_q4,24,FT_K1,0.09042056074766355,0.2539250266770398,0.41025641025641024
niah_mq_q4,24,FT_K3,,,0.44871794871794873
niah_mq_q4,25,DT,0.08327205882352942,0.1202914816069293,0.6933333333333334
niah_mq_q4,25,FT_K1,0.09834558823529412,0.25360143687804027,0.49333333333333335
niah_mq_q4,25,FT_K3,,,0.49333333333333335
niah_mq_q4,26,DT,0.09601449275362317,0.13382428057461448,0.6708860759493671
niah_mq_q4,26,FT_K1,0.0943840579710145,0.22961019841153596,0.4430379746835443
niah_mq_q4,26,FT_K3,,,0.45569620253164556
niah_mq_q4,27,DT,0.08889413988657843,0.1247999358919563,0.6623376623376623
niah_mq_q4,27,FT_K1,0.09815689981096407,0.25068970685838693,0.42857142857142855
niah_mq_q4,27,FT_K3,,,0.42857142857142855
niah_mq_q4,28,DT,0.0932882882882883,0.1333634380714329,0.6835443037974683
niah_mq_q4,28,FT_K1,0.10067567567567566,0.240176179296615,0.4810126582278481
niah_mq_q4,28,FT_K3,,,0.45569620253164556
niah_mq_q4,29,DT,0.28770903010033444,0.4180936894501907,0.22077922077922077
niah_mq_q4,29,FT_K1,0.26396321070234113,0.2941196209956335,0.16883116883116883
niah_mq_q4,29,FT_K3,,,0.2077922077922078
niah_mq_q4,30,DT,0.2932882882882883,0.4234244946100896,0.2375
niah_mq_q4,30,FT_K1,0.2404954954954955,0.29540841932622863,0.15
niah_mq_q4,30,FT_K3,,,0.1875
niah_mq_q4,31,DT,0.10079505300353357,0.1496269876888483,0.6875
niah_mq_q4,31,FT_K1,0.08931095406360426,0.23431653345412334,0.425
niah_mq_q4,31,FT_K3,,,0.4875
niah_mq_q4,32,DT,0.2880712979890311,0.41100293325913756,0.22784810126582278
niah_mq_q4,32,FT_K1,0.23889396709323582,0.2988123137594093,0.1518987341772152
niah_mq_q4,32,FT_K3,,,0.1518987341772152
niah_mq_q4,33,DT,0.08115942028985508,0.10998544120471705,0.6447368421052632
niah_mq_q4,33,FT_K1,0.07681159420289854,0.23902447563282028,0.4605263157894737
niah_mq_q4,33,FT_K3,,,0.4473684210526316
niah_mq_q4,34,DT,0.08984962406015037,0.12577734388051245,0.6538461538461539
niah_mq_q4,34,FT_K1,0.0862781954887218,0.2561629283903488,0.48717948717948717
niah_mq_q4,34,FT_K3,,,0.47435897435897434
niah_mq_q4,35,DT,0.2549651567944251,0.3592886869401,0.2839506172839506
niah_mq_q4,35,FT_K1,0.2389372822299652,0.29854891834072456,0.09876543209876543
niah_mq_q4,35,FT_K3,,,0.12345679012345678
niah_mq_q4,36,DT,0.11139575971731452,0.15780318046561734,0.6666666666666666
niah_mq_q4,36,FT_K1,0.12128975265017669,0.25305397595667184,0.44
niah_mq_q4,36,FT_K3,,,0.4666666666666667
niah_mq_q4,37,DT,0.11104166666666666,0.1608425236925177,0.7307692307692307
niah_mq_q4,37,FT_K1,0.07208333333333332,0.2523745729130535,0.5512820512820513
niah_mq_q4,37,FT_K3,,,0.5769230769230769
niah_mq_q4,38,DT,0.25063636363636366,0.35012477061926106,0.28205128205128205
niah_mq_q4,38,FT_K1,0.20536363636363636,0.28660954618874906,0.14102564102564102
niah_mq_q4,38,FT_K3,,,0.16666666666666666
niah_mq_q4,39,DT,0.29026717557251913,0.42289945690086633,0.23076923076923078
niah_mq_q4,39,FT_K1,0.22938931297709925,0.312492583274599,0.14102564102564102
niah_mq_q4,39,FT_K3,,,0.16666666666666666
niah_mq_q4,40,DT,0.09066866267465072,0.12830366715075509,0.6794871794871795
niah_mq_q4,40,FT_K1,0.10204590818363272,0.26092508916773915,0.5769230769230769
niah_mq_q4,40,FT_K3,,,0.5769230769230769
niah_mq_q4,41,DT,0.11209122203098103,0.15523280496768194,0.6296296296296297
niah_mq_q4,41,FT_K1,0.118631669535284,0.24295174019709256,0.43209876543209874
niah_mq_q4,41,FT_K3,,,0.43209876543209874
niah_mq_q4,42,DT,0.2857266435986159,0.41034349153868693,0.26582278481012656
niah_mq_q4,42,FT_K1,0.22586505190311418,0.29835724500639105,0.0759493670886076
niah_mq_q4,42,FT_K3,,,0.11392405063291139
niah_mq_q4,43,DT,0.27767857142857144,0.39764653002648975,0.2597402597402597
niah_mq_q4,43,FT_K1,0.24285714285714283,0.30491984655866117,0.15584415584415584
niah_mq_q4,43,FT_K3,,,0.16883116883116883
niah_mq_q4,44,DT,0.10156765676567656,0.14251336840762205,0.6493506493506493
niah_mq_q4,44,FT_K1,0.11047854785478547,0.24024953716501782,0.4155844155844156
niah_mq_q4,44,FT_K3,,,0.42857142857142855
niah_mq_q4,45,DT,0.08209090909090908,0.1101671574200969,0.6493506493506493
niah_mq_q4,45,FT_K1,0.09536363636363636,0.2608823881258314,0.4675324675324675
niah_mq_q4,45,FT_K3,,,0.4675324675324675
niah_mq_q4,46,DT,0.087890625,0.12217501643542097,0.6666666666666666
niah_mq_q4,46,FT_K1,0.0900390625,0.25559081327789857,0.6153846153846154
niah_mq_q4,46,FT_K3,,,0.5897435897435898
niah_mq_q4,47,DT,0.09041095890410959,0.1283116830117491,0.6493506493506493
niah_mq_q4,47,FT_K1,0.0957191780821918,0.2580642240598457,0.4675324675324675
niah_mq_q4,47,FT_K3,,,0.5064935064935064
niah_mq_q4,48,DT,0.11076576576576576,0.15030354129952658,0.6962025316455697
niah_mq_q4,48,FT_K1,0.09977477477477477,0.24944034883400276,0.45569620253164556
niah_mq_q4,48,FT_K3,,,0.46835443037974683
niah_mq_q4,49,DT,0.2824774774774775,0.40420336981871896,0.25609756097560976
niah_mq_q4,49,FT_K1,0.25545045045045045,0.30745278189232217,0.0975609756097561
niah_mq_q4,49,FT_K3,,,0.13414634146341464
niah_mq_q4,50,DT,0.08471978984238179,0.11615740253776374,0.7051282051282052
niah_mq_q4,50,FT_K1,0.09470227670753062,0.23590664137595643,0.46153846153846156
niah_mq_q4,50,FT_K3,,,0.47435897435897434
niah_mq_q4,51,DT,0.08515037593984962,0.1167192787622269,0.6538461538461539
niah_mq_q4,51,FT_K1,0.08909774436090226,0.2361782924204879,0.46153846153846156
niah_mq_q4,51,FT_K3,,,0.47435897435897434
niah_mq_q4,52,DT,0.26697530864197533,0.38192101567387937,0.19753086419753085
niah_mq_q4,52,FT_K1,0.24651675485008817,0.31900166097833965,0.13580246913580246
niah_mq_q4,52,FT_K3,,,0.16049382716049382
niah_mq_q4,53,DT,0.28471479500891267,0.4049117968297248,0.2948717948717949
niah_mq_q4,53,FT_K1,0.24353832442067738,0.30353848967304536,0.1282051282051282
niah_mq_q4,53,FT_K3,,,0.15384615384615385
niah_mq_q4,54,DT,0.2687086092715232,0.37100120436336675,0.22784810126582278
niah_mq_q4,54,FT_K1,0.2548013245033113,0.3074140919955809,0.12658227848101267
niah_mq_q4,54,FT_K3,,,0.16455696202531644
niah_mq_q4,55,DT,0.10424187725631769,0.13886703620879287,0.6582278481012658
niah_mq_q4,55,FT_K1,0.09359205776173285,0.2579157423881419,0.43037974683544306
niah_mq_q4,55,FT_K3,,,0.43037974683544306
niah_mq_q4,56,DT,0.296830985915493,0.43259624549124115,0.2875
niah_mq_q4,56,FT_K1,0.236443661971831,0.2903842547151052,0.125
niah_mq_q4,56,FT_K3,,,0.125
niah_mq_q4,57,DT,0.09935424354243542,0.14569578496855534,0.6842105263157895
niah_mq_q4,57,FT_K1,0.07739852398523986,0.24669509221886293,0.5131578947368421
niah_mq_q4,57,FT_K3,,,0.5
niah_mq_q4,58,DT,0.11809701492537314,0.16594596652275095,0.75
niah_mq_q4,58,FT_K1,0.0917910447761194,0.24313754964409545,0.55
niah_mq_q4,58,FT_K3,,,0.5625
niah_mq_q4,59,DT,0.09982517482517483,0.14674811812139923,0.6455696202531646
niah_mq_q4,59,FT_K1,0.09982517482517483,0.24915442703176,0.4177215189873418
niah_mq_q4,59,FT_K3,,,0.4430379746835443
niah_mq_q4,60,DT,0.11864820846905537,0.1696402906968849,0.620253164556962
niah_mq_q4,60,FT_K1,0.11311074918566777,0.24317112104905897,0.4430379746835443
niah_mq_q4,60,FT_K3,,,0.46835443037974683
niah_mq_q4,61,DT,0.09149214659685863,0.12328663917460947,0.6455696202531646
niah_mq_q4,61,FT_K1,0.09149214659685863,0.24612221792045408,0.4430379746835443
niah_mq_q4,61,FT_K3,,,0.4810126582278481
niah_mq_q4,62,DT,0.09432624113475177,0.134639634273438,0.6493506493506493
niah_mq_q4,62,FT_K1,0.0801418439716312,0.2396348254123366,0.4805194805194805
niah_mq_q4,62,FT_K3,,,0.4935064935064935
niah_mq_q4,63,DT,0.10223577235772359,0.14857616910338844,0.7215189873417721
niah_mq_q4,63,FT_K1,0.08658536585365857,0.24429268062458015,0.5822784810126582
niah_mq_q4,63,FT_K3,,,0.569620253164557
niah_mq_q4,64,DT,0.09042750929368029,0.12780441750093838,0.6835443037974683
niah_mq_q4,64,FT_K1,0.09172862453531598,0.26180156291323503,0.45569620253164556
niah_mq_q4,64,FT_K3,,,0.43037974683544306
niah_mq_q4,65,DT,0.2861208406304729,0.41335645402471927,0.24358974358974358
niah_mq_q4,65,FT_K1,0.2293782837127846,0.2976853447176929,0.11538461538461539
niah_mq_q4,65,FT_K3,,,0.15384615384615385
niah_mq_q4,66,DT,0.10821678321678321,0.15168932336708493,0.6582278481012658
niah_mq_q4,66,FT_K1,0.08898601398601398,0.2322890427807737,0.45569620253164556
niah_mq_q4,66,FT_K3,,,0.46835443037974683
niah_mq_q4,67,DT,0.09222222222222223,0.13139116075435545,0.65
niah_mq_q4,67,FT_K1,0.08611111111111111,0.22774048398957128,0.4625
niah_mq_q4,67,FT_K3,,,0.4875
niah_mq_q4,68,DT,0.30693668528864054,0.44426493626265245,0.21794871794871795
niah_mq_q4,68,FT_K1,0.2492085661080074,0.30598062386539093,0.11538461538461539
niah_mq_q4,68,FT_K3,,,0.14102564102564102
niah_mq_q4,69,DT,0.10321969696969698,0.1506462945930539,0.7307692307692307
niah_mq_q4,69,FT_K1,0.10662878787878789,0.2566856533871819,0.46153846153846156
niah_mq_q4,69,FT_K3,,,0.47435897435897434
niah_mq_q4,70,DT,0.2595588235294118,0.3576859537997704,0.26582278481012656
niah_mq_q4,70,FT_K1,0.2248161764705882,0.2994582572029024,0.12658227848101267
niah_mq_q4,70,FT_K3,,,0.16455696202531644
niah_mq_q4,71,DT,0.12276951672862454,0.17143132711579814,0.6753246753246753
niah_mq_q4,71,FT_K1,0.11291821561338289,0.24405957745379983,0.5584415584415584
niah_mq_q4,71,FT_K3,,,0.5714285714285714
niah_mq_q4,72,DT,0.09596774193548388,0.1389962242390671,0.6455696202531646
niah_mq_q4,72,FT_K1,0.10672043010752688,0.24936260528508497,0.4177215189873418
niah_mq_q4,72,FT_K3,,,0.4430379746835443
niah_mq_q4,73,DT,0.11124031007751937,0.150083438613324,0.6923076923076923
niah_mq_q4,73,FT_K1,0.09069767441860466,0.2580458775177994,0.5384615384615384
niah_mq_q4,73,FT_K3,,,0.5384615384615384
niah_mq_q4,74,DT,0.08865248226950354,0.1231461815274922,0.6623376623376623
niah_mq_q4,74,FT_K1,0.07429078014184398,0.23016777943301953,0.5194805194805194
niah_mq_q4,74,FT_K3,,,0.5064935064935064
niah_mq_q4,75,DT,0.12616279069767444,0.17884700637259163,0.7468354430379747
niah_mq_q4,75,FT_K1,0.09864341085271319,0.25471705163127356,0.5949367088607594
niah_mq_q4,75,FT_K3,,,0.5949367088607594
niah_mq_q4,76,DT,0.090625,0.1294312564959836,0.6455696202531646
niah_mq_q4,76,FT_K1,0.08750000000000002,0.2508103585223697,0.46835443037974683
niah_mq_q4,76,FT_K3,,,0.46835443037974683
niah_mq_q4,77,DT,0.10136363636363636,0.1402864312517243,0.6585365853658537
niah_mq_q4,77,FT_K1,0.09263636363636363,0.23834782119104095,0.4146341463414634
niah_mq_q4,77,FT_K3,,,0.43902439024390244
niah_mq_q4,78,DT,0.13192567567567567,0.18159175832172786,0.6666666666666666
niah_mq_q4,78,FT_K1,0.14054054054054055,0.2597045464363288,0.46153846153846156
niah_mq_q4,78,FT_K3,,,0.47435897435897434
niah_mq_q4,79,DT,0.1290219378427788,0.17625651590511865,0.6625
niah_mq_q4,79,FT_K1,0.09081352833638026,0.25287958161594715,0.45
niah_mq_q4,79,FT_K3,,,0.4875
niah_mq_q4,80,DT,0.27358156028368796,0.38373141130926564,0.2375
niah_mq_q4,80,FT_K1,0.23528368794326235,0.3025516245571242,0.0875
niah_mq_q4,80,FT_K3,,,0.1125
niah_mq_q4,81,DT,0.08949399656946826,0.12400422693221265,0.6375
niah_mq_q4,81,FT_K1,0.07525728987993138,0.2326595974541476,0.4875
niah_mq_q4,81,FT_K3,,,0.475
niah_mq_q4,82,DT,0.112109375,0.16926281996420817,0.7125
niah_mq_q4,82,FT_K1,0.128515625,0.2576874755730457,0.5625
niah_mq_q4,82,FT_K3,,,0.575
niah_mq_q4,83,DT,0.2760273972602739,0.38006159115876115,0.22077922077922077
niah_mq_q4,83,FT_K1,0.23253424657534244,0.2882708318292343,0.11688311688311688
niah_mq_q4,83,FT_K3,,,0.15584415584415584
niah_mq_q4,84,DT,0.11306228373702427,0.15538576296342313,0.6623376623376623
niah_mq_q4,84,FT_K1,0.09541522491349483,0.24105345649888843,0.42857142857142855
niah_mq_q4,84,FT_K3,,,0.45454545454545453
niah_mq_q4,85,DT,0.0900537634408602,0.12644773094953707,0.6883116883116883
niah_mq_q4,85,FT_K1,0.07643369175627239,0.25866868830987383,0.4675324675324675
niah_mq_q4,85,FT_K3,,,0.5194805194805194
niah_mq_q4,86,DT,0.09496466431095404,0.13491406916485038,0.7012987012987013
niah_mq_q4,86,FT_K1,0.0840106007067138,0.25814561154628474,0.44155844155844154
niah_mq_q4,86,FT_K3,,,0.45454545454545453
niah_mq_q4,87,DT,0.08292452830188679,0.11226569390700772,0.6538461538461539
niah_mq_q4,87,FT_K1,0.08198113207547168,0.24698138452687896,0.46153846153846156
niah_mq_q4,87,FT_K3,,,0.47435897435897434
niah_mq_q4,88,DT,0.12072953736654805,0.16269228270962188,0.7088607594936709
niah_mq_q4,88,FT_K1,0.11628113879003563,0.25129150922255716,0.46835443037974683
niah_mq_q4,88,FT_K3,,,0.4810126582278481
niah_mq_q4,89,DT,0.10460992907801418,0.15202665225865586,0.6794871794871795
niah_mq_q4,89,FT_K1,0.10939716312056733,0.2610586738372055,0.4230769230769231
niah_mq_q4,89,FT_K3,,,0.46153846153846156
niah_mq_q4,90,DT,0.09627272727272729,0.1259447412860797,0.6842105263157895
niah_mq_q4,90,FT_K1,0.10445454545454544,0.2579055404027363,0.4473684210526316
niah_mq_q4,90,FT_K3,,,0.4868421052631579
niah_mq_q4,91,DT,0.11766917293233081,0.16216507127655663,0.691358024691358
niah_mq_q4,91,FT_K1,0.08627819548872181,0.24800197268528254,0.49382716049382713
niah_mq_q4,91,FT_K3,,,0.49382716049382713
niah_mq_q4,92,DT,0.08418727915194346,0.11496560304091441,0.6923076923076923
niah_mq_q4,92,FT_K1,0.0741166077738516,0.2480907567809854,0.4358974358974359
niah_mq_q4,92,FT_K3,,,0.44871794871794873
niah_mq_q4,93,DT,0.09453528399311531,0.1322224935267288,0.7215189873417721
niah_mq_q4,93,FT_K1,0.101592082616179,0.2563131545170585,0.4430379746835443
niah_mq_q4,93,FT_K3,,,0.45569620253164556
niah_mq_q4,94,DT,0.3026363636363637,0.4455315686033641,0.2125
niah_mq_q4,94,FT_K1,0.22663636363636366,0.29765300062125644,0.0875
niah_mq_q4,94,FT_K3,,,0.1125
niah_mq_q4,95,DT,0.2708881578947368,0.38289278969941976,0.25
niah_mq_q4,95,FT_K1,0.225,0.30368828626558897,0.10526315789473684
niah_mq_q4,95,FT_K3,,,0.13157894736842105
niah_mq_q4,96,DT,0.30438144329896905,0.44466763433680434,0.21951219512195122
niah_mq_q4,96,FT_K1,0.2641752577319587,0.31939314411701114,0.13414634146341464
niah_mq_q4,96,FT_K3,,,0.15853658536585366
niah_mq_q4,97,DT,0.31345500848896435,0.45422657421180057,0.23529411764705882
niah_mq_q4,97,FT_K1,0.27559422750424445,0.3254199060738427,0.08235294117647059
niah_mq_q4,97,FT_K3,,,0.09411764705882353
niah_mq_q4,98,DT,0.10546744574290486,0.14898593198576768,0.6172839506172839
niah_mq_q4,98,FT_K1,0.10463272120200331,0.24781200338420165,0.37037037037037035
niah_mq_q4,98,FT_K3,,,0.4074074074074074
niah_mq_q4,99,DT,0.1780172413793104,0.2799905730959546,0.717948717948718
niah_mq_q4,99,FT_K1,0.08017241379310344,0.25467206458288955,0.6025641025641025
niah_mq_q4,99,FT_K3,,,0.6025641025641025
niah_mq_q8,0,DT,0.40803964757709243,0.5916941983626254,0.13580246913580246
niah_mq_q8,0,FT_K1,0.36762114537444934,0.4187658671876456,0.09259259259259259
niah_mq_q8,0,FT_K3,,,0.1111111111111111
niah_mq_q8,1,DT,0.41840101522842643,0.6067818395570861,0.0949367088607595
niah_mq_q8,1,FT_K1,0.3736040609137055,0.43417554700800476,0.0379746835443038
niah_mq_q8,1,FT_K3,,,0.06329113924050633
niah_mq_q8,2,DT,0.42402280130293163,0.6163559424249063,0.14193548387096774
niah_mq_q8,2,FT_K1,0.38851791530944624,0.46387329389971477,0.06451612903225806
niah_mq_q8,2,FT_K3,,,0.09032258064516129
niah_mq_q8,3,DT,0.43576923076923074,0.6407226748881472,0.15
niah_mq_q8,3,FT_K1,0.39972527472527464,0.4725312152991667,0.075
niah_mq_q8,3,FT_K3,,,0.08125
niah_mq_q8,4,DT,0.4390697674418605,0.6385082669830542,0.14012738853503184
niah_mq_q8,4,FT_K1,0.36662790697674413,0.4290980809124648,0.05732484076433121
niah_mq_q8,4,FT_K3,,,0.08280254777070063
niah_mq_q8,5,DT,0.4048368298368299,0.5881198382462872,0.1337579617834395
niah_mq_q8,5,FT_K1,0.3736013986013985,0.4521888117602817,0.07643312101910828
niah_mq_q8,5,FT_K3,,,0.08280254777070063
niah_mq_q8,6,DT,0.3956422018348624,0.5734472230267038,0.1375
niah_mq_q8,6,FT_K1,0.3720183486238532,0.43086522946499556,0.0875
niah_mq_q8,6,FT_K3,,,0.1
niah_mq_q8,7,DT,0.4164062500000001,0.6113217888330548,0.13924050632911392
niah_mq_q8,7,FT_K1,0.37109375,0.44163249982225805,0.0759493670886076
niah_mq_q8,7,FT_K3,,,0.10759493670886076
niah_mq_q8,8,DT,0.42892584514721915,0.6346397642694213,0.1509433962264151
niah_mq_q8,8,FT_K1,0.3739640130861505,0.44312377139486847,0.1069182389937107
niah_mq_q8,8,FT_K3,,,0.11320754716981132
niah_mq_q8,9,DT,0.14670900692840644,0.2009761231966202,0.40789473684210525
niah_mq_q8,9,FT_K1,0.14693995381062358,0.2676124702810758,0.3026315789473684
niah_mq_q8,9,FT_K3,,,0.3026315789473684
niah_mq_q8,10,DT,0.4042841648590021,0.5965840329412447,0.125
niah_mq_q8,10,FT_K1,0.3870390455531452,0.45178129630066577,0.05625
niah_mq_q8,10,FT_K3,,,0.0875
niah_mq_q8,11,DT,0.42814875135722036,0.6251621588031754,0.12578616352201258
niah_mq_q8,11,FT_K1,0.4168566775244299,0.5002459794995223,0.06918238993710692
niah_mq_q8,11,FT_K3,,,0.1069182389937107
niah_mq_q8,12,DT,0.41346584546472565,0.6068785498579203,0.14012738853503184
niah_mq_q8,12,FT_K1,0.35489921612541997,0.41552827973817125,0.044585987261146494
niah_mq_q8,12,FT_K3,,,0.07643312101910828
niah_mq_q8,13,DT,0.4076419213973799,0.5870614668540871,0.125
niah_mq_q8,13,FT_K1,0.3918122270742358,0.4580819703827682,0.06875
niah_mq_q8,13,FT_K3,,,0.10625
niah_mq_q8,14,DT,0.15137362637362636,0.2148063213976906,0.3790849673202614
niah_mq_q8,14,FT_K1,0.14664835164835166,0.2657337067958322,0.2222222222222222
niah_mq_q8,14,FT_K3,,,0.2679738562091503
niah_mq_q8,15,DT,0.15980333730631704,0.22151143990558947,0.34415584415584416
niah_mq_q8,15,FT_K1,0.14776519666269367,0.25514426169691384,0.2012987012987013
niah_mq_q8,15,FT_K3,,,0.2532467532467532
niah_mq_q8,16,DT,0.39980490523968787,0.5789982591536684,0.1282051282051282
niah_mq_q8,16,FT_K1,0.3678093645484949,0.4179343429290675,0.057692307692307696
niah_mq_q8,16,FT_K3,,,0.08974358974358974
niah_mq_q8,17,DT,0.4185483870967742,0.6127666784631242,0.13125
niah_mq_q8,17,FT_K1,0.39118464961067856,0.4502050210729198,0.05625
niah_mq_q8,17,FT_K3,,,0.09375
niah_mq_q8,18,DT,0.41019362186788155,0.5862996077732093,0.13125
niah_mq_q8,18,FT_K1,0.38547835990888385,0.44223439963380323,0.1125
niah_mq_q8,18,FT_K3,,,0.11875
niah_mq_q8,19,DT,0.4447585071350164,0.6560415472327555,0.15
niah_mq_q8,19,FT_K1,0.40216794731064753,0.4753693309770536,0.06875
niah_mq_q8,19,FT_K3,,,0.08125
niah_mq_q8,20,DT,0.42942176870748294,0.6258317415427277,0.15286624203821655
niah_mq_q8,20,FT_K1,0.3943877551020408,0.4707327525148419,0.08917197452229299
niah_mq_q8,20,FT_K3,,,0.11464968152866242
niah_mq_q8,21,DT,0.3899610678531702,0.5701159391103419,0.11464968152866242
niah_mq_q8,21,FT_K1,0.3433537263626252,0.3841690436652493,0.07643312101910828
niah_mq_q8,21,FT_K3,,,0.10191082802547771
niah_mq_q8,22,DT,0.4119909502262443,0.6048103880509201,0.13548387096774195
niah_mq_q8,22,FT_K1,0.3648190045248868,0.4288700714485333,0.06451612903225806
niah_mq_q8,22,FT_K3,,,0.09032258064516129
niah_mq_q8,23,DT,0.4169010123734534,0.6198103226574142,0.1282051282051282
niah_mq_q8,23,FT_K1,0.37089426321709784,0.424761682170241,0.05128205128205128
niah_mq_q8,23,FT_K3,,,0.08974358974358974
niah_mq_q8,24,DT,0.3994385026737969,0.5805402454807786,0.11464968152866242
niah_mq_q8,24,FT_K1,0.38350267379679137,0.4514122129294913,0.044585987261146494
niah_mq_q8,24,FT_K3,,,0.07643312101910828
niah_mq_q8,25,DT,0.39834096109839806,0.5794403919878132,0.14465408805031446
niah_mq_q8,25,FT_K1,0.37397025171624715,0.4200029912622262,0.08176100628930817
niah_mq_q8,25,FT_K3,,,0.10062893081761007
niah_mq_q8,26,DT,0.42316625916870415,0.6070222104469506,0.08974358974358974
niah_mq_q8,26,FT_K1,0.36558679706601466,0.42279345353791414,0.08974358974358974
niah_mq_q8,26,FT_K3,,,0.10256410256410256
niah_mq_q8,27,DT,0.4158466819221968,0.6114508384952606,0.1320754716981132
niah_mq_q8,27,FT_K1,0.3774027459954234,0.4355879699895488,0.07547169811320754
niah_mq_q8,27,FT_K3,,,0.0880503144654088
niah_mq_q8,28,DT,0.4230413492927094,0.6268239768561277,0.1320754716981132
niah_mq_q8,28,FT_K1,0.41466267682263336,0.5063743961325203,0.07547169811320754
niah_mq_q8,28,FT_K3,,,0.0880503144654088
niah_mq_q8,29,DT,0.37431350114416484,0.5364215657246276,0.1282051282051282
niah_mq_q8,29,FT_K1,0.3839244851258582,0.4440923060404704,0.07692307692307693
niah_mq_q8,29,FT_K3,,,0.09615384615384616
niah_mq_q8,30,DT,0.4183333333333333,0.608037320515965,0.13664596273291926
niah_mq_q8,30,FT_K1,0.37338709677419357,0.4167143892029096,0.06832298136645963
niah_mq_q8,30,FT_K3,,,0.09316770186335403
niah_mq_q8,31,DT,0.4306291390728476,0.6405087353659585,0.12101910828025478
niah_mq_q8,31,FT_K1,0.3852649006622516,0.44362157821003567,0.10191082802547771
niah_mq_q8,31,FT_K3,,,0.10828025477707007
niah_mq_q8,32,DT,0.4218680089485458,0.622097393382358,0.12121212121212122
niah_mq_q8,32,FT_K1,0.40329977628635333,0.48181229482376775,0.07272727272727272
niah_mq_q8,32,FT_K3,,,0.09090909090909091
niah_mq_q8,33,DT,0.4216589861751152,0.617721314230579,0.12903225806451613
niah_mq_q8,33,FT_K1,0.3945852534562212,0.47435495135877154,0.07741935483870968
niah_mq_q8,33,FT_K3,,,0.10967741935483871
niah_mq_q8,34,DT,0.41984711211778025,0.6096025142030279,0.13333333333333333
niah_mq_q8,34,FT_K1,0.38932616081540194,0.4486633888915053,0.07272727272727272
niah_mq_q8,34,FT_K3,,,0.10909090909090909
niah_mq_q8,35,DT,0.4164383561643835,0.6180097352382306,0.14012738853503184
niah_mq_q8,35,FT_K1,0.3870433789954338,0.4504238786818708,0.05732484076433121
niah_mq_q8,35,FT_K3,,,0.09554140127388536
niah_mq_q8,36,DT,0.38558139534883723,0.5615666662884524,0.11538461538461539
niah_mq_q8,36,FT_K1,0.38255813953488377,0.45046052549760907,0.09615384615384616
niah_mq_q8,36,FT_K3,,,0.10897435897435898
niah_mq_q8,37,DT,0.4406028368794327,0.6657380086287639,0.13548387096774195
niah_mq_q8,37,FT_K1,0.39403073286052,0.4656292727247429,0.07096774193548387
niah_mq_q8,37,FT_K3,,,0.0967741935483871
niah_mq_q8,38,DT,0.407844243792325,0.6041596712635016,0.11320754716981132
niah_mq_q8,38,FT_K1,0.37364559819413096,0.42418671990999474,0.05660377358490566
niah_mq_q8,38,FT_K3,,,0.06918238993710692
niah_mq_q8,39,DT,0.42444196428571423,0.625113113173273,0.1464968152866242
niah_mq_q8,39,FT_K1,0.3822544642857143,0.44786790588763514,0.10828025477707007
niah_mq_q8,39,FT_K3,,,0.11464968152866242
niah_mq_q8,40,DT,0.45658447009443864,0.6686281547512111,0.14285714285714285
niah_mq_q8,40,FT_K1,0.40999475341028335,0.4910413646316165,0.08695652173913043
niah_mq_q8,40,FT_K3,,,0.09937888198757763
niah_mq_q8,41,DT,0.4033529411764706,0.5840640170441072,0.13815789473684212
niah_mq_q8,41,FT_K1,0.38841176470588235,0.46734255134390157,0.07236842105263158
niah_mq_q8,41,FT_K3,,,0.10526315789473684
niah_mq_q8,42,DT,0.41376772082878943,0.6084559622021308,0.13924050632911392
niah_mq_q8,42,FT_K1,0.3646946564885497,0.41755660768999575,0.06962025316455696
niah_mq_q8,42,FT_K3,,,0.10126582278481013
niah_mq_q8,43,DT,0.15848519362186791,0.21999285803193738,0.36774193548387096
niah_mq_q8,43,FT_K1,0.1452733485193622,0.2621799422699171,0.23225806451612904
niah_mq_q8,43,FT_K3,,,0.25161290322580643
niah_mq_q8,44,DT,0.4214245810055866,0.6183836061144328,0.13125
niah_mq_q8,44,FT_K1,0.39393854748603346,0.45836843011523387,0.06875
niah_mq_q8,44,FT_K3,,,0.10625
niah_mq_q8,45,DT,0.39432447397563675,0.5679800975714386,0.1346153846153846
niah_mq_q8,45,FT_K1,0.3748338870431894,0.424536540056163,0.0641025641025641
niah_mq_q8,45,FT_K3,,,0.08974358974358974
niah_mq_q8,46,DT,0.4174406047516199,0.617938715237173,0.14012738853503184
niah_mq_q8,46,FT_K1,0.3634449244060475,0.43051770361520114,0.11464968152866242
niah_mq_q8,46,FT_K3,,,0.12101910828025478
niah_mq_q8,47,DT,0.4026905829596412,0.5891765404605128,0.1282051282051282
niah_mq_q8,47,FT_K1,0.36984304932735423,0.4242600906631755,0.0641025641025641
niah_mq_q8,47,FT_K3,,,0.10897435897435898
niah_mq_q8,48,DT,0.41994505494505496,0.603771494281983,0.13125
niah_mq_q8,48,FT_K1,0.39554945054945045,0.46646194104865424,0.06875
niah_mq_q8,48,FT_K3,,,0.1
niah_mq_q8,49,DT,0.4342255125284738,0.6395398036545238,0.08860759493670886
niah_mq_q8,49,FT_K1,0.386503416856492,0.4401150006855813,0.06962025316455696
niah_mq_q8,49,FT_K3,,,0.0949367088607595
niah_mq_q8,50,DT,0.38744239631336397,0.5564393555592817,0.12738853503184713
niah_mq_q8,50,FT_K1,0.34953917050691247,0.4055519138787552,0.05732484076433121
niah_mq_q8,50,FT_K3,,,0.08917197452229299
niah_mq_q8,51,DT,0.3944748358862145,0.5720397091583149,0.12179487179487179
niah_mq_q8,51,FT_K1,0.3734682713347921,0.44724973422419934,0.10256410256410256
niah_mq_q8,51,FT_K3,,,0.10897435897435898
niah_mq_q8,52,DT,0.4232532751091703,0.6152398524216758,0.1509433962264151
niah_mq_q8,52,FT_K1,0.3852620087336244,0.44510953129395514,0.1069182389937107
niah_mq_q8,52,FT_K3,,,0.11949685534591195
niah_mq_q8,53,DT,0.44037622682660843,0.6530180544641337,0.13924050632911392
niah_mq_q8,53,FT_K1,0.3850872410032717,0.45055295648510185,0.10759493670886076
niah_mq_q8,53,FT_K3,,,0.10759493670886076
niah_mq_q8,54,DT,0.4224918211559433,0.6177416682780045,0.1411042944785276
niah_mq_q8,54,FT_K1,0.38683206106870227,0.44913182432909055,0.049079754601226995
niah_mq_q8,54,FT_K3,,,0.08588957055214724
niah_mq_q8,55,DT,0.390940366972477,0.5681003909153352,0.1375
niah_mq_q8,55,FT_K1,0.3590596330275229,0.4225331170026695,0.0625
niah_mq_q8,55,FT_K3,,,0.09375
niah_mq_q8,56,DT,0.43810572687224686,0.6518324289907274,0.12658227848101267
niah_mq_q8,56,FT_K1,0.4018722466960353,0.47816254609518155,0.05063291139240506
niah_mq_q8,56,FT_K3,,,0.0759493670886076
niah_mq_q8,57,DT,0.4242907801418439,0.6220944213098417,0.12337662337662338
niah_mq_q8,57,FT_K1,0.3948581560283687,0.4633502862778478,0.07792207792207792
niah_mq_q8,57,FT_K3,,,0.09740259740259741
niah_mq_q8,58,DT,0.42079545454545453,0.6144126665401136,0.15625
niah_mq_q8,58,FT_K1,0.37772727272727274,0.43423130386024206,0.05625
niah_mq_q8,58,FT_K3,,,0.08125
niah_mq_q8,59,DT,0.40699566160520606,0.5894494320206475,0.12418300653594772
niah_mq_q8,59,FT_K1,0.37131236442516263,0.4246755933944436,0.058823529411764705
niah_mq_q8,59,FT_K3,,,0.08496732026143791
niah_mq_q8,60,DT,0.3942865779927448,0.5735696335929789,0.14102564102564102
niah_mq_q8,60,FT_K1,0.3600665054413542,0.4077396651700697,0.07051282051282051
niah_mq_q8,60,FT_K3,,,0.09615384615384616
niah_mq_q8,61,DT,0.4287931034482759,0.6314150064385176,0.13836477987421383
niah_mq_q8,61,FT_K1,0.39879310344827584,0.47403410034653704,0.11320754716981132
niah_mq_q8,61,FT_K3,,,0.11949685534591195
niah_mq_q8,62,DT,0.43016483516483517,0.6372384912428711,0.14465408805031446
niah_mq_q8,62,FT_K1,0.4019230769230768,0.48006162523416107,0.07547169811320754
niah_mq_q8,62,FT_K3,,,0.0880503144654088
niah_mq_q8,63,DT,0.4098587570621469,0.5962288794185827,0.14634146341463414
niah_mq_q8,63,FT_K1,0.4036440677966101,0.48188476589263496,0.06097560975609756
niah_mq_q8,63,FT_K3,,,0.09146341463414634
niah_mq_q8,64,DT,0.4215896589658966,0.6178071390698177,0.13125
niah_mq_q8,64,FT_K1,0.3962871287128714,0.46862838106486826,0.09375
niah_mq_q8,64,FT_K3,,,0.1125
niah_mq_q8,65,DT,0.41845172031076583,0.6144188606677929,0.13836477987421383
niah_mq_q8,65,FT_K1,0.3977524972253053,0.4722057815617804,0.07547169811320754
niah_mq_q8,65,FT_K3,,,0.0880503144654088
niah_mq_q8,66,DT,0.4014505119453925,0.5846186817029678,0.125
niah_mq_q8,66,FT_K1,0.3806313993174061,0.4314145053207604,0.075
niah_mq_q8,66,FT_K3,,,0.1
niah_mq_q8,67,DT,0.41645106861642295,0.6057755613141504,0.1464968152866242
niah_mq_q8,67,FT_K1,0.3734814398200225,0.42207827917231,0.08280254777070063
niah_mq_q8,67,FT_K3,,,0.09554140127388536
niah_mq_q8,68,DT,0.4053769401330377,0.5976434489257005,0.13836477987421383
niah_mq_q8,68,FT_K1,0.37721729490022177,0.42333212727908826,0.11320754716981132
niah_mq_q8,68,FT_K3,,,0.1069182389937107
niah_mq_q8,69,DT,0.3863490364025696,0.5460515053832198,0.1375
niah_mq_q8,69,FT_K1,0.37735546038543893,0.4357667763493981,0.05
niah_mq_q8,69,FT_K3,,,0.075
niah_mq_q8,70,DT,0.4171700223713647,0.6149578490245382,0.13414634146341464
niah_mq_q8,70,FT_K1,0.40732662192393754,0.48732683571910673,0.06097560975609756
niah_mq_q8,70,FT_K3,,,0.10365853658536585
niah_mq_q8,71,DT,0.44054845580404695,0.6576628831638793,0.125
niah_mq_q8,71,FT_K1,0.4032747603833866,0.4895884212604117,0.0625
niah_mq_q8,71,FT_K3,,,0.1
niah_mq_q8,72,DT,0.4609267734553776,0.6762778372419566,0.15527950310559005
niah_mq_q8,72,FT_K1,0.4399885583524027,0.5473807031247723,0.09937888198757763
niah_mq_q8,72,FT_K3,,,0.10559006211180125
niah_mq_q8,73,DT,0.42511286681715577,0.6231821553699414,0.12738853503184713
niah_mq_q8,73,FT_K1,0.37071106094808126,0.4463150613756012,0.08280254777070063
niah_mq_q8,73,FT_K3,,,0.08917197452229299
niah_mq_q8,74,DT,0.16621779859484778,0.22509222582806462,0.35947712418300654
niah_mq_q8,74,FT_K1,0.15403981264637004,0.25217298363624635,0.27450980392156865
niah_mq_q8,74,FT_K3,,,0.28104575163398693
niah_mq_q8,75,DT,0.42865984930032297,0.6317289897221905,0.14814814814814814
niah_mq_q8,75,FT_K1,0.3647201291711518,0.41667994612309467,0.09876543209876543
niah_mq_q8,75,FT_K3,,,0.1111111111111111
niah_mq_q8,76,DT,0.411501079913607,0.6007970924204212,0.12658227848101267
niah_mq_q8,76,FT_K1,0.3889308855291576,0.4614822861217074,0.08227848101265822
niah_mq_q8,76,FT_K3,,,0.10126582278481013
niah_mq_q8,77,DT,0.42826797385620907,0.6348615973346428,0.12578616352201258
niah_mq_q8,77,FT_K1,0.3989651416122003,0.47373212557542776,0.06918238993710692
niah_mq_q8,77,FT_K3,,,0.0880503144654088
niah_mq_q8,78,DT,0.42447089947089944,0.6170551407228734,0.14465408805031446
niah_mq_q8,78,FT_K1,0.3957936507936508,0.4788496894226899,0.0880503144654088
niah_mq_q8,78,FT_K3,,,0.10062893081761007
niah_mq_q8,79,DT,0.43984375,0.6538311404933137,0.14193548387096774
niah_mq_q8,79,FT_K1,0.4117187499999999,0.496167704900789,0.07096774193548387
niah_mq_q8,79,FT_K3,,,0.0967741935483871
niah_mq_q8,80,DT,0.39658836689038035,0.580339157137679,0.11875
niah_mq_q8,80,FT_K1,0.3716442953020134,0.43115800003463,0.0875
niah_mq_q8,80,FT_K3,,,0.10625
niah_mq_q8,81,DT,0.41609663409337677,0.6069645184451392,0.14193548387096774
niah_mq_q8,81,FT_K1,0.4087133550488599,0.4876419115871261,0.07096774193548387
niah_mq_q8,81,FT_K3,,,0.1032258064516129
niah_mq_q8,82,DT,0.43798405466970386,0.6364820168004082,0.13043478260869565
niah_mq_q8,82,FT_K1,0.40222095671981783,0.47416232115174733,0.08074534161490683
niah_mq_q8,82,FT_K3,,,0.11801242236024845
niah_mq_q8,83,DT,0.4397428571428571,0.6531902718401204,0.14285714285714285
niah_mq_q8,83,FT_K1,0.3979142857142858,0.47492660434549006,0.07142857142857142
niah_mq_q8,83,FT_K3,,,0.09090909090909091
niah_mq_q8,84,DT,0.41718749999999993,0.6118316569977003,0.1337579617834395
niah_mq_q8,84,FT_K1,0.3848958333333333,0.4463313129540326,0.08917197452229299
niah_mq_q8,84,FT_K3,,,0.09554140127388536
niah_mq_q8,85,DT,0.4244413407821229,0.623069029385059,0.125
niah_mq_q8,85,FT_K1,0.37013966480446936,0.43489356988657085,0.05625
niah_mq_q8,85,FT_K3,,,0.0625
niah_mq_q8,86,DT,0.42323399558498875,0.6120646823794745,0.13836477987421383
niah_mq_q8,86,FT_K1,0.3741169977924945,0.43049998061705325,0.0880503144654088
niah_mq_q8,86,FT_K3,,,0.10062893081761007
niah_mq_q8,87,DT,0.4298587570621469,0.6353345671076109,0.12101910828025478
niah_mq_q8,87,FT_K1,0.3931355932203389,0.4595560751757756,0.07643312101910828
niah_mq_q8,87,FT_K3,,,0.09554140127388536
niah_mq_q8,88,DT,0.4317757009345794,0.6423583627042786,0.1346153846153846
niah_mq_q8,88,FT_K1,0.38282710280373833,0.4549674563966394,0.08333333333333333
niah_mq_q8,88,FT_K3,,,0.10256410256410256
niah_mq_q8,89,DT,0.3803260869565218,0.5506063430370046,0.12025316455696203
niah_mq_q8,89,FT_K1,0.37521739130434784,0.43155378357650614,0.06962025316455696
niah_mq_q8,89,FT_K3,,,0.08860759493670886
niah_mq_q8,90,DT,0.4265588914549653,0.6247730624342476,0.13664596273291926
niah_mq_q8,90,FT_K1,0.3859699769053117,0.4569617740886261,0.049689440993788817
niah_mq_q8,90,FT_K3,,,0.08074534161490683
niah_mq_q8,91,DT,0.42898179749715587,0.636683071512784,0.13664596273291926
niah_mq_q8,91,FT_K1,0.38233788395904444,0.4497877757160739,0.049689440993788817
niah_mq_q8,91,FT_K3,,,0.10559006211180125
niah_mq_q8,92,DT,0.18962882096069866,0.27800338607925,0.35526315789473684
niah_mq_q8,92,FT_K1,0.1570960698689956,0.26976382450470104,0.23684210526315788
niah_mq_q8,92,FT_K3,,,0.2631578947368421
niah_mq_q8,93,DT,0.4374161073825504,0.6505375412561433,0.1320754716981132
niah_mq_q8,93,FT_K1,0.3905480984340044,0.4677350981643471,0.08176100628930817
niah_mq_q8,93,FT_K3,,,0.0880503144654088
niah_mq_q8,94,DT,0.3916666666666668,0.5710098335918727,0.12179487179487179
niah_mq_q8,94,FT_K1,0.37980043149946063,0.4313377496078057,0.08974358974358974
niah_mq_q8,94,FT_K3,,,0.08974358974358974
niah_mq_q8,95,DT,0.4273516237402015,0.6280695571562467,0.13636363636363635
niah_mq_q8,95,FT_K1,0.4074188129899216,0.48598608209845934,0.05194805194805195
niah_mq_q8,95,FT_K3,,,0.07792207792207792
niah_mq_q8,96,DT,0.4245316159250585,0.61887745342121,0.12025316455696203
niah_mq_q8,96,FT_K1,0.40556206088992963,0.4819757238868731,0.08227848101265822
niah_mq_q8,96,FT_K3,,,0.10759493670886076
niah_mq_q8,97,DT,0.44969879518072287,0.6606138455483532,0.09937888198757763
niah_mq_q8,97,FT_K1,0.38536144578313253,0.44518983457917605,0.062111801242236024
niah_mq_q8,97,FT_K3,,,0.09937888198757763
niah_mq_q8,98,DT,0.4378676470588235,0.6375841569515013,0.09803921568627451
niah_mq_q8,98,FT_K1,0.3799019607843137,0.4421780172205234,0.06535947712418301
niah_mq_q8,98,FT_K3,,,0.0915032679738562
niah_mq_q8,99,DT,0.41222669735327955,0.6062428115425742,0.14102564102564102
niah_mq_q8,99,FT_K1,0.3609033371691599,0.4185735339828451,0.08974358974358974
niah_mq_q8,99,FT_K3,,,0.12179487179487179
niah_mv_v2,0,DT,0.03913043478260869,0.06078312474247434,1.0
niah_mv_v2,0,FT_K1,0.049637681159420285,0.22398341196247196,0.8421052631578947
niah_mv_v2,0,FT_K3,,,0.8421052631578947
niah_mv_v2,1,DT,0.06468749999999998,0.07740659940442388,1.0
niah_mv_v2,1,FT_K1,0.125625,0.23532135002751353,0.8421052631578947
niah_mv_v2,1,FT_K3,,,0.8421052631578947
niah_mv_v2,2,DT,0.060457063711911355,0.0897922133151217,1.0
niah_mv_v2,2,FT_K1,0.13054016620498612,0.24783000521787768,0.7777777777777778
niah_mv_v2,2,FT_K3,,,0.8055555555555556
niah_mv_v2,3,DT,0.044354838709677415,0.08299355152032575,1.0
niah_mv_v2,3,FT_K1,0.06048387096774192,0.22587685800853227,0.8421052631578947
niah_mv_v2,3,FT_K3,,,0.868421052631579
niah_mv_v2,4,DT,0.10799319727891155,0.1262413923655072,0.675
niah_mv_v2,4,FT_K1,0.11887755102040817,0.2613635404225333,0.3
niah_mv_v2,4,FT_K3,,,0.3
niah_mv_v2,5,DT,0.03918918918918919,0.06359886598616285,1.0
niah_mv_v2,5,FT_K1,0.04358108108108107,0.2465809776386298,0.7631578947368421
niah_mv_v2,5,FT_K3,,,0.7894736842105263
niah_mv_v2,6,DT,0.03857142857142857,0.0625683518293127,1.0
niah_mv_v2,6,FT_K1,0.05285714285714286,0.24463727984196032,0.8055555555555556
niah_mv_v2,6,FT_K3,,,0.8333333333333334
niah_mv_v2,7,DT,0.04131944444444445,0.061827373906414254,0.9736842105263158
niah_mv_v2,7,FT_K1,0.04722222222222222,0.22958147474793403,0.8421052631578947
niah_mv_v2,7,FT_K3,,,0.8157894736842105
niah_mv_v2,8,DT,0.1197019867549669,0.14375670390788872,0.6428571428571429
niah_mv_v2,8,FT_K1,0.11241721854304636,0.2575453037127839,0.2857142857142857
niah_mv_v2,8,FT_K3,,,0.3333333333333333
niah_mv_v2,9,DT,0.10033333333333332,0.1242665624414667,0.6842105263157895
niah_mv_v2,9,FT_K1,0.11599999999999999,0.2589855226889486,0.34210526315789475
niah_mv_v2,9,FT_K3,,,0.3684210526315789
niah_mv_v2,10,DT,0.0334967320261438,0.06290819823909476,1.0
niah_mv_v2,10,FT_K1,0.045915032679738566,0.24973716024789328,0.7222222222222222
niah_mv_v2,10,FT_K3,,,0.8055555555555556
niah_mv_v2,11,DT,0.1314606741573034,0.15564730674535826,0.6666666666666666
niah_mv_v2,11,FT_K1,0.20252808988764048,0.27837889776361824,0.3333333333333333
niah_mv_v2,11,FT_K3,,,0.3888888888888889
niah_mv_v2,12,DT,0.03505917159763313,0.06874763374517504,1.0
niah_mv_v2,12,FT_K1,0.04215976331360947,0.23446710758726574,0.75
niah_mv_v2,12,FT_K3,,,0.825
niah_mv_v2,13,DT,0.05221712538226301,0.07426115660957025,1.0
niah_mv_v2,13,FT_K1,0.06414373088685019,0.24829197539525505,0.7368421052631579
niah_mv_v2,13,FT_K3,,,0.7631578947368421
niah_mv_v2,14,DT,0.037751677852348994,0.05701272437077657,1.0
niah_mv_v2,14,FT_K1,0.0424496644295302,0.2365142869381792,0.8055555555555556
niah_mv_v2,14,FT_K3,,,0.8333333333333334
niah_mv_v2,15,DT,0.10107361963190184,0.13843559588542392,0.6842105263157895
niah_mv_v2,15,FT_K1,0.12960122699386503,0.24507849928835318,0.3157894736842105
niah_mv_v2,15,FT_K3,,,0.34210526315789475
niah_mv_v2,16,DT,0.03294701986754968,0.06406553052419856,1.0
niah_mv_v2,16,FT_K1,0.042218543046357616,0.22822587681700574,0.7894736842105263
niah_mv_v2,16,FT_K3,,,0.8157894736842105
niah_mv_v2,17,DT,0.10843023255813955,0.1337498744671243,0.5476190476190477
niah_mv_v2,17,FT_K1,0.11686046511627908,0.258037893363403,0.30952380952380953
niah_mv_v2,17,FT_K3,,,0.35714285714285715
niah_mv_v2,18,DT,0.0920967741935484,0.12283455753763621,0.6842105263157895
niah_mv_v2,18,FT_K1,0.0982258064516129,0.2602585523510927,0.34210526315789475
niah_mv_v2,18,FT_K3,,,0.3684210526315789
niah_mv_v2,19,DT,0.05361736334405147,0.06898504433029629,1.0
niah_mv_v2,19,FT_K1,0.0542604501607717,0.23307872974085703,0.7894736842105263
niah_mv_v2,19,FT_K3,,,0.8421052631578947
niah_mv_v2,20,DT,0.13713872832369942,0.16025194056953038,0.5909090909090909
niah_mv_v2,20,FT_K1,0.13945086705202311,0.2668725287246079,0.2727272727272727
niah_mv_v2,20,FT_K3,,,0.29545454545454547
niah_mv_v2,21,DT,0.040748031496062986,0.06884545183933384,1.0
niah_mv_v2,21,FT_K1,0.04940944881889764,0.2324515071058467,0.8055555555555556
niah_mv_v2,21,FT_K3,,,0.8333333333333334
niah_mv_v2,22,DT,0.14176829268292684,0.16909735633330286,0.6904761904761905
niah_mv_v2,22,FT_K1,0.13993902439024392,0.2475733657575287,0.3333333333333333
niah_mv_v2,22,FT_K3,,,0.35714285714285715
niah_mv_v2,23,DT,0.18856382978723402,0.2431323911850448,0.6190476190476191
niah_mv_v2,23,FT_K1,0.1875,0.25466854321682053,0.38095238095238093
niah_mv_v2,23,FT_K3,,,0.38095238095238093
niah_mv_v2,24,DT,0.12713414634146342,0.1611155395167165,0.6
niah_mv_v2,24,FT_K1,0.1222560975609756,0.2475817091006396,0.3
niah_mv_v2,24,FT_K3,,,0.3
niah_mv_v2,25,DT,0.13064516129032258,0.16720553436024696,0.7105263157894737
niah_mv_v2,25,FT_K1,0.18817204301075266,0.25173638410620286,0.3684210526315789
niah_mv_v2,25,FT_K3,,,0.39473684210526316
niah_mv_v2,26,DT,0.0736842105263158,0.09100694653921977,0.9736842105263158
niah_mv_v2,26,FT_K1,0.11622807017543857,0.2423985074215739,0.8157894736842105
niah_mv_v2,26,FT_K3,,,0.868421052631579
niah_mv_v2,27,DT,0.08709150326797388,0.11294519274321387,0.7105263157894737
niah_mv_v2,27,FT_K1,0.11258169934640523,0.2641054179006157,0.3684210526315789
niah_mv_v2,27,FT_K3,,,0.42105263157894735
niah_mv_v2,28,DT,0.1141566265060241,0.1501953196505549,0.6
niah_mv_v2,28,FT_K1,0.14849397590361446,0.2607594777164327,0.3
niah_mv_v2,28,FT_K3,,,0.35
niah_mv_v2,29,DT,0.1364130434782609,0.15474796329687684,0.6578947368421053
niah_mv_v2,29,FT_K1,0.1923913043478261,0.26618044697956955,0.34210526315789475
niah_mv_v2,29,FT_K3,,,0.3684210526315789
niah_mv_v2,30,DT,0.04512779552715655,0.07749355357025638,1.0
niah_mv_v2,30,FT_K1,0.05886581469648561,0.23339242147254904,0.7368421052631579
niah_mv_v2,30,FT_K3,,,0.7631578947368421
niah_mv_v2,31,DT,0.09748322147651008,0.11386376098655422,0.625
niah_mv_v2,31,FT_K1,0.10587248322147651,0.2617467022933861,0.3
niah_mv_v2,31,FT_K3,,,0.4
niah_mv_v2,32,DT,0.08887096774193548,0.11525485669904911,0.7368421052631579
niah_mv_v2,32,FT_K1,0.12080645161290322,0.25216504059397254,0.2894736842105263
niah_mv_v2,32,FT_K3,,,0.3157894736842105
niah_mv_v2,33,DT,0.08618012422360248,0.11745343282589848,0.7
niah_mv_v2,33,FT_K1,0.1063664596273292,0.25030215422126345,0.35
niah_mv_v2,33,FT_K3,,,0.325
niah_mv_v2,34,DT,0.13643617021276594,0.17083880584121067,0.6666666666666666
niah_mv_v2,34,FT_K1,0.14893617021276598,0.2492378732486174,0.3888888888888889
niah_mv_v2,34,FT_K3,,,0.3888888888888889
niah_mv_v2,35,DT,0.04092356687898089,0.06752398455490581,1.0
niah_mv_v2,35,FT_K1,0.046974522292993634,0.23435219448823935,0.7894736842105263
niah_mv_v2,35,FT_K3,,,0.8421052631578947
niah_mv_v2,36,DT,0.1324162679425837,0.16918882244354555,0.6190476190476191
niah_mv_v2,36,FT_K1,0.1529904306220096,0.24910102228535674,0.3333333333333333
niah_mv_v2,36,FT_K3,,,0.35714285714285715
niah_mv_v2,37,DT,0.045205479452054796,0.07502257513274405,1.0
niah_mv_v2,37,FT_K1,0.049657534246575354,0.22318632068381294,0.868421052631579
niah_mv_v2,37,FT_K3,,,0.9210526315789473
niah_mv_v2,38,DT,0.08366666666666667,0.11898196861904171,0.675
niah_mv_v2,38,FT_K1,0.10766666666666666,0.2535606483633877,0.375
niah_mv_v2,38,FT_K3,,,0.35
niah_mv_v2,39,DT,0.038815789473684206,0.06473081856766601,1.0
niah_mv_v2,39,FT_K1,0.046052631578947366,0.2331011300897488,0.8157894736842105
niah_mv_v2,39,FT_K3,,,0.8157894736842105
niah_mv_v2,40,DT,0.08052147239263803,0.11453072255994871,0.7
niah_mv_v2,40,FT_K1,0.11426380368098159,0.2396058842293387,0.275
niah_mv_v2,40,FT_K3,,,0.325
niah_mv_v2,41,DT,0.09274193548387097,0.12202265983996316,0.6578947368421053
niah_mv_v2,41,FT_K1,0.12177419354838707,0.2593595920167984,0.3157894736842105
niah_mv_v2,41,FT_K3,,,0.2894736842105263
niah_mv_v2,42,DT,0.036726384364820855,0.070817016993313,1.0
niah_mv_v2,42,FT_K1,0.04682410423452769,0.22486479994519812,0.7894736842105263
niah_mv_v2,42,FT_K3,,,0.8421052631578947
niah_mv_v2,43,DT,0.1440909090909091,0.1644000416401977,0.65
niah_mv_v2,43,FT_K1,0.13075757575757577,0.264076156257587,0.3
niah_mv_v2,43,FT_K3,,,0.325
niah_mv_v2,44,DT,0.09448051948051947,0.12423574258348538,0.6842105263157895
niah_mv_v2,44,FT_K1,0.10714285714285716,0.2566218173999231,0.2894736842105263
niah_mv_v2,44,FT_K3,,,0.3157894736842105
niah_mv_v2,45,DT,0.03918439716312057,0.0608094797763112,1.0
niah_mv_v2,45,FT_K1,0.043439716312056745,0.22937119444954157,0.7631578947368421
niah_mv_v2,45,FT_K3,,,0.7894736842105263
niah_mv_v2,46,DT,0.09572368421052631,0.11581575602765688,0.65
niah_mv_v2,46,FT_K1,0.1036184210526316,0.24829755486373156,0.35
niah_mv_v2,46,FT_K3,,,0.35
niah_mv_v2,47,DT,0.10187500000000001,0.12183939421732712,0.625
niah_mv_v2,47,FT_K1,0.1134375,0.25606212673913775,0.35
niah_mv_v2,47,FT_K3,,,0.35
niah_mv_v2,48,DT,0.03852201257861635,0.06275859677497163,1.0
niah_mv_v2,48,FT_K1,0.055188679245283014,0.246015044641774,0.8611111111111112
niah_mv_v2,48,FT_K3,,,0.8888888888888888
niah_mv_v2,49,DT,0.10512232415902141,0.12774053779528946,0.6578947368421053
niah_mv_v2,49,FT_K1,0.10909785932721712,0.25973464011457004,0.39473684210526316
niah_mv_v2,49,FT_K3,,,0.3684210526315789
niah_mv_v2,50,DT,0.06605263157894736,0.09030235864873319,1.0
niah_mv_v2,50,FT_K1,0.13447368421052627,0.2572345280940004,0.775
niah_mv_v2,50,FT_K3,,,0.8
niah_mv_v2,51,DT,0.13031400966183576,0.1891121422434542,1.0
niah_mv_v2,51,FT_K1,0.175,0.25079091686440563,0.7894736842105263
niah_mv_v2,51,FT_K3,,,0.7894736842105263
niah_mv_v2,52,DT,0.045198675496688746,0.0736696917710417,1.0
niah_mv_v2,52,FT_K1,0.03990066225165563,0.2292095642143602,0.8157894736842105
niah_mv_v2,52,FT_K3,,,0.8421052631578947
niah_mv_v2,53,DT,0.09580745341614907,0.11867383703721693,0.6
niah_mv_v2,53,FT_K1,0.11444099378881986,0.2586192864982461,0.325
niah_mv_v2,53,FT_K3,,,0.35
niah_mv_v2,54,DT,0.037244897959183676,0.0614161540705759,1.0
niah_mv_v2,54,FT_K1,0.042006802721088435,0.23268604653138905,0.8333333333333334
niah_mv_v2,54,FT_K3,,,0.8611111111111112
niah_mv_v2,55,DT,0.03665644171779141,0.06745903342215714,1.0
niah_mv_v2,55,FT_K1,0.046472392638036805,0.22786321478007796,0.7894736842105263
niah_mv_v2,55,FT_K3,,,0.8157894736842105
niah_mv_v2,56,DT,0.08819444444444444,0.11576130250989629,0.675
niah_mv_v2,56,FT_K1,0.10243055555555554,0.26405296462675376,0.35
niah_mv_v2,56,FT_K3,,,0.375
niah_mv_v2,57,DT,0.04220779220779221,0.0673074443580794,1.0
niah_mv_v2,57,FT_K1,0.048051948051948054,0.24697609488153147,0.7631578947368421
niah_mv_v2,57,FT_K3,,,0.8157894736842105
niah_mv_v2,58,DT,0.04326923076923077,0.0641057400003328,1.0
niah_mv_v2,58,FT_K1,0.044551282051282046,0.22792546559937757,0.8421052631578947
niah_mv_v2,58,FT_K3,,,0.868421052631579
niah_mv_v2,59,DT,0.12705128205128202,0.1605822766999384,1.0
niah_mv_v2,59,FT_K1,0.18961538461538457,0.2666771707300225,0.7894736842105263
niah_mv_v2,59,FT_K3,,,0.8421052631578947
niah_mv_v2,60,DT,0.09412751677852349,0.1297176464459499,0.7105263157894737
niah_mv_v2,60,FT_K1,0.11593959731543624,0.24316748203531935,0.34210526315789475
niah_mv_v2,60,FT_K3,,,0.39473684210526316
niah_mv_v2,61,DT,0.04294019933554818,0.06303133727928376,1.0
niah_mv_v2,61,FT_K1,0.05456810631229235,0.2515611240766634,0.7894736842105263
niah_mv_v2,61,FT_K3,,,0.8157894736842105
niah_mv_v2,62,DT,0.08815789473684207,0.1120986125874068,1.0
niah_mv_v2,62,FT_K1,0.10102339181286546,0.24595568103171445,0.8157894736842105
niah_mv_v2,62,FT_K3,,,0.868421052631579
niah_mv_v2,63,DT,0.03796928327645051,0.06536738971426748,1.0
niah_mv_v2,63,FT_K1,0.04718430034129693,0.2320593463394128,0.8055555555555556
niah_mv_v2,63,FT_K3,,,0.8611111111111112
niah_mv_v2,64,DT,0.036111111111111115,0.06154322987134099,1.0
niah_mv_v2,64,FT_K1,0.04587542087542088,0.24782713344214988,0.7368421052631579
niah_mv_v2,64,FT_K3,,,0.8157894736842105
niah_mv_v2,65,DT,0.040151515151515146,0.06477327920321942,1.0
niah_mv_v2,65,FT_K1,0.0446969696969697,0.22778708747339524,0.8157894736842105
niah_mv_v2,65,FT_K3,,,0.8421052631578947
niah_mv_v2,66,DT,0.035625,0.07005350542534874,1.0
niah_mv_v2,66,FT_K1,0.0540625,0.2314702833196062,0.7894736842105263
niah_mv_v2,66,FT_K3,,,0.8157894736842105
niah_mv_v2,67,DT,0.03893939393939394,0.06115191094343603,1.0
niah_mv_v2,67,FT_K1,0.04984848484848485,0.23805576558980937,0.8333333333333334
niah_mv_v2,67,FT_K3,,,0.8611111111111112
niah_mv_v2,68,DT,0.04556074766355141,0.07333326565586494,1.0
niah_mv_v2,68,FT_K1,0.05023364485981309,0.22990890212127618,0.7894736842105263
niah_mv_v2,68,FT_K3,,,0.8421052631578947
niah_mv_v2,69,DT,0.09870129870129869,0.13135358246478437,0.6190476190476191
niah_mv_v2,69,FT_K1,0.11103896103896105,0.25975574383009176,0.2857142857142857
niah_mv_v2,69,FT_K3,,,0.30952380952380953
niah_mv_v2,70,DT,0.041025641025641026,0.06447923559389998,1.0
niah_mv_v2,70,FT_K1,0.046474358974358976,0.24105732659935186,0.868421052631579
niah_mv_v2,70,FT_K3,,,0.8947368421052632
niah_mv_v2,71,DT,0.05661290322580644,0.07553368985366513,1.0
niah_mv_v2,71,FT_K1,0.051451612903225794,0.23736453794957027,0.7368421052631579
niah_mv_v2,71,FT_K3,,,0.7894736842105263
niah_mv_v2,72,DT,0.13999999999999999,0.15894471463113205,0.6666666666666666
niah_mv_v2,72,FT_K1,0.18916666666666665,0.26576775288164095,0.3333333333333333
niah_mv_v2,72,FT_K3,,,0.35714285714285715
niah_mv_v2,73,DT,0.1,0.13509840451307645,0.6136363636363636
niah_mv_v2,73,FT_K1,0.12877906976744186,0.26679981816031223,0.29545454545454547
niah_mv_v2,73,FT_K3,,,0.29545454545454547
niah_mv_v2,74,DT,0.1093076923076923,0.13877349484973373,0.6578947368421053
niah_mv_v2,74,FT_K1,0.10869230769230769,0.27213114750515854,0.3684210526315789
niah_mv_v2,74,FT_K3,,,0.42105263157894735
niah_mv_v2,75,DT,0.1534974093264249,0.1731954813476315,0.6666666666666666
niah_mv_v2,75,FT_K1,0.2107512953367876,0.266166960136445,0.3333333333333333
niah_mv_v2,75,FT_K3,,,0.3888888888888889
niah_mv_v2,76,DT,0.0982258064516129,0.11946738595575164,0.6842105263157895
niah_mv_v2,76,FT_K1,0.10629032258064516,0.2393715564250271,0.34210526315789475
niah_mv_v2,76,FT_K3,,,0.39473684210526316
niah_mv_v2,77,DT,0.09497167138810199,0.12446999251909732,0.975
niah_mv_v2,77,FT_K1,0.10035410764872524,0.2334859104015689,0.725
niah_mv_v2,77,FT_K3,,,0.725
niah_mv_v2,78,DT,0.08614457831325302,0.11809901354223831,0.6842105263157895
niah_mv_v2,78,FT_K1,0.10873493975903614,0.2626301685565212,0.3684210526315789
niah_mv_v2,78,FT_K3,,,0.3684210526315789
niah_mv_v2,79,DT,0.12248427672955975,0.14862863542411192,0.5952380952380952
niah_mv_v2,79,FT_K1,0.12342767295597483,0.24942627265016282,0.30952380952380953
niah_mv_v2,79,FT_K3,,,0.35714285714285715
niah_mv_v2,80,DT,0.03568965517241379,0.06777112384203646,1.0
niah_mv_v2,80,FT_K1,0.04637931034482758,0.22675795620633737,0.7631578947368421
niah_mv_v2,80,FT_K3,,,0.8157894736842105
niah_mv_v2,81,DT,0.07758620689655174,0.10612474673962995,0.9736842105263158
niah_mv_v2,81,FT_K1,0.1591954022988506,0.26148939533315785,0.7894736842105263
niah_mv_v2,81,FT_K3,,,0.8157894736842105
niah_mv_v2,82,DT,0.051645768025078385,0.07433538538322848,1.0
niah_mv_v2,82,FT_K1,0.06418495297805644,0.2293490150074438,0.7631578947368421
niah_mv_v2,82,FT_K3,,,0.7894736842105263
niah_mv_v2,83,DT,0.03665644171779141,0.06116265186646639,1.0
niah_mv_v2,83,FT_K1,0.04279141104294478,0.2271735351024974,0.7368421052631579
niah_mv_v2,83,FT_K3,,,0.8157894736842105
niah_mv_v2,84,DT,0.13567708333333334,0.16655256155171747,0.48
niah_mv_v2,84,FT_K1,0.17578125,0.2674366169213151,0.26
niah_mv_v2,84,FT_K3,,,0.3
niah_mv_v2,85,DT,0.08812499999999998,0.11537667702613433,0.7
niah_mv_v2,85,FT_K1,0.12093749999999999,0.2636972834396849,0.325
niah_mv_v2,85,FT_K3,,,0.35
niah_mv_v2,86,DT,0.044631901840490804,0.06824473896305669,1.0
niah_mv_v2,86,FT_K1,0.053220858895705526,0.23876516846241724,0.7631578947368421
niah_mv_v2,86,FT_K3,,,0.8157894736842105
niah_mv_v2,87,DT,0.11627906976744184,0.1383979839762603,0.6666666666666666
niah_mv_v2,87,FT_K1,0.12819767441860463,0.2608328010480314,0.3333333333333333
niah_mv_v2,87,FT_K3,,,0.3333333333333333
niah_mv_v2,88,DT,0.15896739130434784,0.1750658080029721,0.5789473684210527
niah_mv_v2,88,FT_K1,0.18777173913043477,0.2574242174164739,0.34210526315789475
niah_mv_v2,88,FT_K3,,,0.3684210526315789
niah_mv_v2,89,DT,0.04283783783783783,0.07050590171683882,1.0
niah_mv_v2,89,FT_K1,0.06013513513513513,0.22850182254526247,0.8157894736842105
niah_mv_v2,89,FT_K3,,,0.8157894736842105
niah_mv_v2,90,DT,0.08456284153005464,0.11001225451114008,1.0
niah_mv_v2,90,FT_K1,0.10396174863387979,0.24002220776498495,0.8421052631578947
niah_mv_v2,90,FT_K3,,,0.8947368421052632
niah_mv_v2,91,DT,0.09080645161290324,0.13085076387007288,0.6190476190476191
niah_mv_v2,91,FT_K1,0.11983870967741934,0.2625626184324209,0.2857142857142857
niah_mv_v2,91,FT_K3,,,0.3333333333333333
niah_mv_v2,92,DT,0.1039808917197452,0.12516704841099074,0.65
niah_mv_v2,92,FT_K1,0.11799363057324841,0.2487000146413869,0.325
niah_mv_v2,92,FT_K3,,,0.35
niah_mv_v2,93,DT,0.11935736677115986,0.14098372983414922,0.6842105263157895
niah_mv_v2,93,FT_K1,0.10713166144200625,0.25536521023973136,0.3157894736842105
niah_mv_v2,93,FT_K3,,,0.34210526315789475
niah_mv_v2,94,DT,0.05194610778443117,0.09498131085017178,1.0
niah_mv_v2,94,FT_K1,0.09176646706586826,0.2371496418952989,0.7894736842105263
niah_mv_v2,94,FT_K3,,,0.8421052631578947
niah_mv_v2,95,DT,0.07328767123287674,0.10717606315423149,1.0
niah_mv_v2,95,FT_K1,0.06883561643835619,0.23008247976173765,0.8611111111111112
niah_mv_v2,95,FT_K3,,,0.8888888888888888
niah_mv_v2,96,DT,0.038548387096774196,0.06470700421840325,1.0
niah_mv_v2,96,FT_K1,0.04467741935483871,0.24971829279546393,0.7894736842105263
niah_mv_v2,96,FT_K3,,,0.8157894736842105
niah_mv_v2,97,DT,0.19175257731958756,0.23804781633437844,0.6666666666666666
niah_mv_v2,97,FT_K1,0.18427835051546387,0.255116122520371,0.3333333333333333
niah_mv_v2,97,FT_K3,,,0.35714285714285715
niah_mv_v2,98,DT,0.048913043478260865,0.07717033752635083,1.0
niah_mv_v2,98,FT_K1,0.050465838509316775,0.2325705618030592,0.8157894736842105
niah_mv_v2,98,FT_K3,,,0.8157894736842105
niah_mv_v2,99,DT,0.04177215189873418,0.07563665275794478,1.0
niah_mv_v2,99,FT_K1,0.04208860759493671,0.22790417698626914,0.8157894736842105
niah_mv_v2,99,FT_K3,,,0.8421052631578947
niah_mv_v4,0,DT,0.2329081632653061,0.3192016994154213,0.3125
niah_mv_v4,0,FT_K1,0.2602040816326531,0.30159703178541675,0.2
niah_mv_v4,0,FT_K3,,,0.2
niah_mv_v4,1,DT,0.06768867924528302,0.0970121567741585,0.7236842105263158
niah_mv_v4,1,FT_K1,0.08231132075471696,0.23362883846179777,0.5526315789473685
niah_mv_v4,1,FT_K3,,,0.5657894736842105
niah_mv_v4,2,DT,0.08358585858585857,0.10938762125402715,0.7625
niah_mv_v4,2,FT_K1,0.10580808080808082,0.2418353329347703,0.5125
niah_mv_v4,2,FT_K3,,,0.5125
niah_mv_v4,3,DT,0.06825068870523417,0.09811465310364717,0.7777777777777778
niah_mv_v4,3,FT_K1,0.07816804407713498,0.24162064851437112,0.6388888888888888
niah_mv_v4,3,FT_K3,,,0.6388888888888888
niah_mv_v4,4,DT,0.11263157894736842,0.15334204370838594,0.7125
niah_mv_v4,4,FT_K1,0.07605263157894737,0.24633741223690525,0.5875
niah_mv_v4,4,FT_K3,,,0.575
niah_mv_v4,5,DT,0.06391891891891892,0.0861018111846927,0.75
niah_mv_v4,5,FT_K1,0.07959459459459461,0.24919043419488413,0.5526315789473685
niah_mv_v4,5,FT_K3,,,0.5789473684210527
niah_mv_v4,6,DT,0.07374371859296483,0.10133211875480153,0.7368421052631579
niah_mv_v4,6,FT_K1,0.08278894472361809,0.2444445495391312,0.5789473684210527
niah_mv_v4,6,FT_K3,,,0.5921052631578947
niah_mv_v4,7,DT,0.07986486486486488,0.10073745675005259,0.75
niah_mv_v4,7,FT_K1,0.07878378378378378,0.23833149672118287,0.5657894736842105
niah_mv_v4,7,FT_K3,,,0.5921052631578947
niah_mv_v4,8,DT,0.07312834224598931,0.09651599459002491,0.75
niah_mv_v4,8,FT_K1,0.08435828877005347,0.23658401458037948,0.525
niah_mv_v4,8,FT_K3,,,0.525
niah_mv_v4,9,DT,0.08206806282722512,0.09601273037969241,0.7125
niah_mv_v4,9,FT_K1,0.0925392670157068,0.24428684726921132,0.5125
niah_mv_v4,9,FT_K3,,,0.525
niah_mv_v4,10,DT,0.19532085561497325,0.2599329598408427,0.3055555555555556
niah_mv_v4,10,FT_K1,0.2306149732620321,0.2774947609108415,0.25
niah_mv_v4,10,FT_K3,,,0.2361111111111111
niah_mv_v4,11,DT,0.07084450402144774,0.09212018645813488,0.75
niah_mv_v4,11,FT_K1,0.07486595174262735,0.24652535533449824,0.5789473684210527
niah_mv_v4,11,FT_K3,,,0.5921052631578947
niah_mv_v4,12,DT,0.18882428940568477,0.2429281625759537,0.3026315789473684
niah_mv_v4,12,FT_K1,0.2014857881136951,0.2767366448620336,0.2236842105263158
niah_mv_v4,12,FT_K3,,,0.25
niah_mv_v4,13,DT,0.08024861878453038,0.10398579229226265,0.7375
niah_mv_v4,13,FT_K1,0.11091160220994475,0.25126018569950553,0.5625
niah_mv_v4,13,FT_K3,,,0.5875
niah_mv_v4,14,DT,0.07344559585492227,0.10710402808597434,0.7125
niah_mv_v4,14,FT_K1,0.07655440414507772,0.25409927476273564,0.5125
niah_mv_v4,14,FT_K3,,,0.5125
niah_mv_v4,15,DT,0.06853233830845772,0.10125728325981809,0.7368421052631579
niah_mv_v4,15,FT_K1,0.0759950248756219,0.2583200910511155,0.5526315789473685
niah_mv_v4,15,FT_K3,,,0.5526315789473685
niah_mv_v4,16,DT,0.24158291457286435,0.3363779318640257,0.325
niah_mv_v4,16,FT_K1,0.2375628140703517,0.2826249903273716,0.225
niah_mv_v4,16,FT_K3,,,0.2125
niah_mv_v4,17,DT,0.07317708333333334,0.10389165674062462,0.7
niah_mv_v4,17,FT_K1,0.09661458333333332,0.2550221942043902,0.5
niah_mv_v4,17,FT_K3,,,0.5375
niah_mv_v4,18,DT,0.06763565891472867,0.09622487033957719,0.7368421052631579
niah_mv_v4,18,FT_K1,0.07642118863049097,0.24869524994592,0.5657894736842105
niah_mv_v4,18,FT_K3,,,0.5921052631578947
niah_mv_v4,19,DT,0.07311827956989247,0.10077391340984787,0.7368421052631579
niah_mv_v4,19,FT_K1,0.10752688172043012,0.24430820303351278,0.5131578947368421
niah_mv_v4,19,FT_K3,,,0.5263157894736842
niah_mv_v4,20,DT,0.10887850467289717,0.1425569228472537,0.7
niah_mv_v4,20,FT_K1,0.09556074766355141,0.24454198253106388,0.5375
niah_mv_v4,20,FT_K3,,,0.5625
niah_mv_v4,21,DT,0.08394736842105263,0.11967928038151612,0.7236842105263158
niah_mv_v4,21,FT_K1,0.09736842105263158,0.23999553115676525,0.5657894736842105
niah_mv_v4,21,FT_K3,,,0.5789473684210527
niah_mv_v4,22,DT,0.07681347150259069,0.09653368735291704,0.7638888888888888
niah_mv_v4,22,FT_K1,0.06075129533678756,0.2376158364109932,0.625
niah_mv_v4,22,FT_K3,,,0.625
niah_mv_v4,23,DT,0.07524752475247524,0.10075326499118283,0.7023809523809523
niah_mv_v4,23,FT_K1,0.08712871287128714,0.23324563746948943,0.5
niah_mv_v4,23,FT_K3,,,0.5
niah_mv_v4,24,DT,0.08737623762376238,0.11116417590373137,0.675
niah_mv_v4,24,FT_K1,0.10222772277227724,0.23096561304984226,0.5375
niah_mv_v4,24,FT_K3,,,0.5125
niah_mv_v4,25,DT,0.07121621621621622,0.09444589937750894,0.725
niah_mv_v4,25,FT_K1,0.09364864864864866,0.24359835861239426,0.5375
niah_mv_v4,25,FT_K3,,,0.525
niah_mv_v4,26,DT,0.07525252525252527,0.11077401872469324,0.7236842105263158
niah_mv_v4,26,FT_K1,0.10025252525252526,0.23427581116077448,0.5921052631578947
niah_mv_v4,26,FT_K3,,,0.618421052631579
niah_mv_v4,27,DT,0.07449494949494948,0.09652511739445949,0.7125
niah_mv_v4,27,FT_K1,0.09065656565656566,0.24622924700005505,0.5375
niah_mv_v4,27,FT_K3,,,0.55
niah_mv_v4,28,DT,0.07150537634408602,0.10033785303858997,0.7368421052631579
niah_mv_v4,28,FT_K1,0.0989247311827957,0.2359448275672466,0.5526315789473685
niah_mv_v4,28,FT_K3,,,0.5394736842105263
niah_mv_v4,29,DT,0.17313829787234042,0.21882420997468238,0.3055555555555556
niah_mv_v4,29,FT_K1,0.2101063829787234,0.27247986619056935,0.25
niah_mv_v4,29,FT_K3,,,0.25
niah_mv_v4,30,DT,0.06358695652173914,0.08632632626094579,0.8026315789473685
niah_mv_v4,30,FT_K1,0.07228260869565217,0.23806887704577026,0.5526315789473685
niah_mv_v4,30,FT_K3,,,0.5526315789473685
niah_mv_v4,31,DT,0.20381773399014777,0.2766421862126528,0.32894736842105265
niah_mv_v4,31,FT_K1,0.262192118226601,0.30792977167229035,0.21052631578947367
niah_mv_v4,31,FT_K3,,,0.21052631578947367
niah_mv_v4,32,DT,0.0667989417989418,0.09343440731165772,0.7894736842105263
niah_mv_v4,32,FT_K1,0.09007936507936506,0.25274421964305016,0.5789473684210527
niah_mv_v4,32,FT_K3,,,0.618421052631579
niah_mv_v4,33,DT,0.07207520891364902,0.10213252412575118,0.7125
niah_mv_v4,33,FT_K1,0.08934540389972145,0.24223406909722395,0.525
niah_mv_v4,33,FT_K3,,,0.5375
niah_mv_v4,34,DT,0.065,0.0899795022537763,0.7
niah_mv_v4,34,FT_K1,0.08148648648648649,0.2368374917805997,0.525
niah_mv_v4,34,FT_K3,,,0.5375
niah_mv_v4,35,DT,0.0674731182795699,0.09521806089401412,0.6875
niah_mv_v4,35,FT_K1,0.0739247311827957,0.2401316072518101,0.5375
niah_mv_v4,35,FT_K3,,,0.5375
niah_mv_v4,36,DT,0.06926229508196721,0.08783303166159621,0.7375
niah_mv_v4,36,FT_K1,0.07745901639344263,0.23319752431820223,0.5375
niah_mv_v4,36,FT_K3,,,0.575
niah_mv_v4,37,DT,0.11494413407821229,0.15800034042858369,0.7375
niah_mv_v4,37,FT_K1,0.10488826815642457,0.24444883759144145,0.5375
niah_mv_v4,37,FT_K3,,,0.5625
niah_mv_v4,38,DT,0.06404494382022471,0.08892413355331355,0.7763157894736842
niah_mv_v4,38,FT_K1,0.07556179775280898,0.23962837321045255,0.5657894736842105
niah_mv_v4,38,FT_K3,,,0.5789473684210527
niah_mv_v4,39,DT,0.2213917525773196,0.29738949991605623,0.3
niah_mv_v4,39,FT_K1,0.23273195876288658,0.27433140556227803,0.1875
niah_mv_v4,39,FT_K3,,,0.1875
niah_mv_v4,40,DT,0.24633676092544987,0.34835297135164484,0.2875
niah_mv_v4,40,FT_K1,0.22088688946015425,0.2652265962639895,0.2125
niah_mv_v4,40,FT_K3,,,0.2125
niah_mv_v4,41,DT,0.19149746192893397,0.2305686117932916,0.3157894736842105
niah_mv_v4,41,FT_K1,0.20241116751269037,0.2594765274948101,0.2236842105263158
niah_mv_v4,41,FT_K3,,,0.2236842105263158
niah_mv_v4,42,DT,0.14413043478260865,0.19515203855178376,0.675
niah_mv_v4,42,FT_K1,0.16847826086956524,0.2539582551037681,0.525
niah_mv_v4,42,FT_K3,,,0.5125
niah_mv_v4,43,DT,0.08280487804878049,0.1126935756093462,0.725
niah_mv_v4,43,FT_K1,0.0798780487804878,0.24021326281420857,0.5125
niah_mv_v4,43,FT_K3,,,0.5125
niah_mv_v4,44,DT,0.0761415525114155,0.1041837809817326,0.7
niah_mv_v4,44,FT_K1,0.0934931506849315,0.23720982508770386,0.5375
niah_mv_v4,44,FT_K3,,,0.525
niah_mv_v4,45,DT,0.07364864864864865,0.09850360233638009,0.7368421052631579
niah_mv_v4,45,FT_K1,0.07635135135135136,0.24175568959528532,0.5789473684210527
niah_mv_v4,45,FT_K3,,,0.5657894736842105
niah_mv_v4,46,DT,0.22036082474226806,0.30063654813066887,0.3125
niah_mv_v4,46,FT_K1,0.24896907216494846,0.2897341179756635,0.175
niah_mv_v4,46,FT_K3,,,0.15
niah_mv_v4,47,DT,0.2227832512315271,0.3068437043513293,0.32142857142857145
niah_mv_v4,47,FT_K1,0.2639162561576355,0.3162718340529189,0.19047619047619047
niah_mv_v4,47,FT_K3,,,0.20238095238095238
niah_mv_v4,48,DT,0.07474619289340102,0.10125352519896921,0.7
niah_mv_v4,48,FT_K1,0.0864213197969543,0.22716355402564697,0.5625
niah_mv_v4,48,FT_K3,,,0.55
niah_mv_v4,49,DT,0.07552356020942408,0.10680368630367787,0.7631578947368421
niah_mv_v4,49,FT_K1,0.07238219895287959,0.24457117779103799,0.6052631578947368
niah_mv_v4,49,FT_K3,,,0.6052631578947368
niah_mv_v4,50,DT,0.07420634920634919,0.09696926224598537,0.75
niah_mv_v4,50,FT_K1,0.07261904761904762,0.2381893918932359,0.5789473684210527
niah_mv_v4,50,FT_K3,,,0.5789473684210527
niah_mv_v4,51,DT,0.06542553191489361,0.08970262783970213,0.7
niah_mv_v4,51,FT_K1,0.08404255319148937,0.23952580281985206,0.55
niah_mv_v4,51,FT_K3,,,0.5375
niah_mv_v4,52,DT,0.17144670050761418,0.20903851942930268,0.3333333333333333
niah_mv_v4,52,FT_K1,0.22423857868020303,0.2782930317228321,0.20833333333333334
niah_mv_v4,52,FT_K3,,,0.20833333333333334
niah_mv_v4,53,DT,0.064,0.08534162101010101,0.7375
niah_mv_v4,53,FT_K1,0.07849999999999999,0.25110288882800824,0.4625
niah_mv_v4,53,FT_K3,,,0.5
niah_mv_v4,54,DT,0.22377450980392152,0.3055051056574436,0.2875
niah_mv_v4,54,FT_K1,0.2625,0.30092308459723344,0.225
niah_mv_v4,54,FT_K3,,,0.2375
niah_mv_v4,55,DT,0.22798507462686568,0.3040688472948965,0.3
niah_mv_v4,55,FT_K1,0.2717661691542289,0.3075082311012504,0.175
niah_mv_v4,55,FT_K3,,,0.1875
niah_mv_v4,56,DT,0.05814606741573034,0.08450098695893882,0.7777777777777778
niah_mv_v4,56,FT_K1,0.07331460674157303,0.23684248602277475,0.5972222222222222
niah_mv_v4,56,FT_K3,,,0.6111111111111112
niah_mv_v4,57,DT,0.06845549738219896,0.0979840954835999,0.725
niah_mv_v4,57,FT_K1,0.09096858638743455,0.24118582564333235,0.575
niah_mv_v4,57,FT_K3,,,0.575
niah_mv_v4,58,DT,0.07819148936170213,0.09951427672184479,0.7368421052631579
niah_mv_v4,58,FT_K1,0.08617021276595745,0.24759977975361877,0.5526315789473685
niah_mv_v4,58,FT_K3,,,0.5921052631578947
niah_mv_v4,59,DT,0.06893939393939394,0.09925684982691256,0.7105263157894737
niah_mv_v4,59,FT_K1,0.09570707070707071,0.2567209195995011,0.5
niah_mv_v4,59,FT_K3,,,0.5131578947368421
niah_mv_v4,60,DT,0.21648936170212765,0.2830425175810966,0.2875
niah_mv_v4,60,FT_K1,0.2226063829787234,0.2831225587075008,0.2125
niah_mv_v4,60,FT_K3,,,0.2125
niah_mv_v4,61,DT,0.07435400516795865,0.10824665675074836,0.7105263157894737
niah_mv_v4,61,FT_K1,0.1001937984496124,0.2508583285530769,0.5789473684210527
niah_mv_v4,61,FT_K3,,,0.5789473684210527
niah_mv_v4,62,DT,0.07651515151515151,0.09594826909243573,0.7083333333333334
niah_mv_v4,62,FT_K1,0.10119047619047619,0.24187667700342472,0.5972222222222222
niah_mv_v4,62,FT_K3,,,0.5833333333333334
niah_mv_v4,63,DT,0.19947368421052633,0.25740256102262105,0.32894736842105265
niah_mv_v4,63,FT_K1,0.22157894736842104,0.2943991488348461,0.25
niah_mv_v4,63,FT_K3,,,0.25
niah_mv_v4,64,DT,0.181140350877193,0.22614123853015053,0.3194444444444444
niah_mv_v4,64,FT_K1,0.20073099415204676,0.2659763117146273,0.20833333333333334
niah_mv_v4,64,FT_K3,,,0.2222222222222222
niah_mv_v4,65,DT,0.1175742574257426,0.15537432342008536,0.725
niah_mv_v4,65,FT_K1,0.09331683168316833,0.24921035545328216,0.575
niah_mv_v4,65,FT_K3,,,0.5875
niah_mv_v4,66,DT,0.06970588235294117,0.0838491818025175,0.8055555555555556
niah_mv_v4,66,FT_K1,0.06117647058823529,0.23855563918885053,0.6111111111111112
niah_mv_v4,66,FT_K3,,,0.6111111111111112
niah_mv_v4,67,DT,0.17226775956284152,0.2127792948510428,0.32894736842105265
niah_mv_v4,67,FT_K1,0.2025956284153006,0.2639580741137709,0.2236842105263158
niah_mv_v4,67,FT_K3,,,0.23684210526315788
niah_mv_v4,68,DT,0.18376288659793816,0.23344006022283703,0.3026315789473684
niah_mv_v4,68,FT_K1,0.1948453608247423,0.2651045983337122,0.2236842105263158
niah_mv_v4,68,FT_K3,,,0.2236842105263158
niah_mv_v4,69,DT,0.05851648351648352,0.07881339748906793,0.7894736842105263
niah_mv_v4,69,FT_K1,0.0717032967032967,0.24022954201868324,0.5263157894736842
niah_mv_v4,69,FT_K3,,,0.5394736842105263
niah_mv_v4,70,DT,0.07254098360655738,0.09978957581036137,0.7
niah_mv_v4,70,FT_K1,0.07636612021857925,0.2322285582416271,0.55
niah_mv_v4,70,FT_K3,,,0.55
niah_mv_v4,71,DT,0.07154255319148936,0.09327884734330498,0.7
niah_mv_v4,71,FT_K1,0.07872340425531914,0.2390753767668227,0.5375
niah_mv_v4,71,FT_K3,,,0.5625
niah_mv_v4,72,DT,0.2556122448979592,0.3619296808408794,0.3
niah_mv_v4,72,FT_K1,0.23010204081632651,0.27594869854754134,0.225
niah_mv_v4,72,FT_K3,,,0.225
niah_mv_v4,73,DT,0.1985294117647059,0.2619761720663551,0.3157894736842105
niah_mv_v4,73,FT_K1,0.2321078431372549,0.2769519759400235,0.2236842105263158
niah_mv_v4,73,FT_K3,,,0.21052631578947367
niah_mv_v4,74,DT,0.09874517374517375,0.11884970816555958,0.6578947368421053
niah_mv_v4,74,FT_K1,0.15357142857142858,0.24533111448052441,0.5789473684210527
niah_mv_v4,74,FT_K3,,,0.5526315789473685
niah_mv_v4,75,DT,0.07977386934673367,0.09840301250988963,0.75
niah_mv_v4,75,FT_K1,0.07826633165829147,0.23698882121797094,0.5657894736842105
niah_mv_v4,75,FT_K3,,,0.5789473684210527
niah_mv_v4,76,DT,0.07589058524173029,0.10511917894160902,0.7
niah_mv_v4,76,FT_K1,0.09090330788804071,0.25340380389326544,0.5375
niah_mv_v4,76,FT_K3,,,0.55
niah_mv_v4,77,DT,0.18470149253731344,0.23117442597342927,0.3055555555555556
niah_mv_v4,77,FT_K1,0.21679104477611943,0.27337700524982755,0.20833333333333334
niah_mv_v4,77,FT_K3,,,0.2361111111111111
niah_mv_v4,78,DT,0.08743386243386245,0.12430769697272574,0.7368421052631579
niah_mv_v4,78,FT_K1,0.09193121693121693,0.24105759880424,0.5394736842105263
niah_mv_v4,78,FT_K3,,,0.5394736842105263
niah_mv_v4,79,DT,0.06533149171270718,0.09205368654657446,0.75
niah_mv_v4,79,FT_K1,0.07803867403314917,0.23494716798441137,0.5375
niah_mv_v4,79,FT_K3,,,0.55
niah_mv_v4,80,DT,0.20885416666666665,0.2819598280867001,0.3026315789473684
niah_mv_v4,80,FT_K1,0.24062499999999995,0.2782529549023251,0.18421052631578946
niah_mv_v4,80,FT_K3,,,0.18421052631578946
niah_mv_v4,81,DT,0.17380636604774535,0.21784714382395237,0.3611111111111111
niah_mv_v4,81,FT_K1,0.18096816976127322,0.26607331945831,0.25
niah_mv_v4,81,FT_K3,,,0.2638888888888889
niah_mv_v4,82,DT,0.0766304347826087,0.10540472610320901,0.6973684210526315
niah_mv_v4,82,FT_K1,0.10652173913043479,0.23932370129038208,0.5789473684210527
niah_mv_v4,82,FT_K3,,,0.5789473684210527
niah_mv_v4,83,DT,0.05994623655913979,0.08341117407958035,0.75
niah_mv_v4,83,FT_K1,0.07016129032258064,0.24600892483296716,0.5375
niah_mv_v4,83,FT_K3,,,0.5375
niah_mv_v4,84,DT,0.16854066985645932,0.2408252970455933,0.6973684210526315
niah_mv_v4,84,FT_K1,0.19677033492822962,0.263790087398888,0.5789473684210527
niah_mv_v4,84,FT_K3,,,0.5657894736842105
niah_mv_v4,85,DT,0.23669154228855724,0.33348222079971923,0.3068181818181818
niah_mv_v4,85,FT_K1,0.25012437810945276,0.27407398175235737,0.18181818181818182
niah_mv_v4,85,FT_K3,,,0.18181818181818182
niah_mv_v4,86,DT,0.06554054054054055,0.09217164203694725,0.7777777777777778
niah_mv_v4,86,FT_K1,0.0958108108108108,0.24932014655070617,0.5833333333333334
niah_mv_v4,86,FT_K3,,,0.6111111111111112
niah_mv_v4,87,DT,0.07308743169398907,0.10440889809889664,0.675
niah_mv_v4,87,FT_K1,0.10860655737704919,0.243601980601483,0.5125
niah_mv_v4,87,FT_K3,,,0.525
niah_mv_v4,88,DT,0.17976190476190473,0.22570401760218436,0.3333333333333333
niah_mv_v4,88,FT_K1,0.2361111111111111,0.2902199428088742,0.20238095238095238
niah_mv_v4,88,FT_K3,,,0.19047619047619047
niah_mv_v4,89,DT,0.17598522167487687,0.21585325002529882,0.3472222222222222
niah_mv_v4,89,FT_K1,0.2082512315270936,0.2832480862846232,0.2222222222222222
niah_mv_v4,89,FT_K3,,,0.19444444444444445
niah_mv_v4,90,DT,0.06785714285714287,0.09714624783543399,0.7105263157894737
niah_mv_v4,90,FT_K1,0.07609890109890112,0.2382909898376453,0.5394736842105263
niah_mv_v4,90,FT_K3,,,0.5789473684210527
niah_mv_v4,91,DT,0.08308080808080809,0.11174008612000146,0.7261904761904762
niah_mv_v4,91,FT_K1,0.08762626262626264,0.23827142466969303,0.5119047619047619
niah_mv_v4,91,FT_K3,,,0.4880952380952381
niah_mv_v4,92,DT,0.08757309941520468,0.11346523907670045,0.7105263157894737
niah_mv_v4,92,FT_K1,0.0793859649122807,0.24783806434005876,0.5263157894736842
niah_mv_v4,92,FT_K3,,,0.5394736842105263
niah_mv_v4,93,DT,0.07693370165745854,0.09934670836417532,0.7
niah_mv_v4,93,FT_K1,0.09185082872928177,0.24125646266325657,0.525
niah_mv_v4,93,FT_K3,,,0.525
niah_mv_v4,94,DT,0.06833333333333333,0.09494181407385797,0.7763157894736842
niah_mv_v4,94,FT_K1,0.09583333333333333,0.23883548984834913,0.5394736842105263
niah_mv_v4,94,FT_K3,,,0.5526315789473685
niah_mv_v4,95,DT,0.07228260869565217,0.10253981401776788,0.75
niah_mv_v4,95,FT_K1,0.09375,0.24542783078203634,0.5394736842105263
niah_mv_v4,95,FT_K3,,,0.5394736842105263
niah_mv_v4,96,DT,0.061033519553072624,0.08656234184975517,0.75
niah_mv_v4,96,FT_K1,0.0680167597765363,0.25067412205449613,0.5657894736842105
niah_mv_v4,96,FT_K3,,,0.5657894736842105
niah_mv_v4,97,DT,0.09654255319148937,0.12014272403775775,0.7631578947368421
niah_mv_v4,97,FT_K1,0.10425531914893618,0.24652340226752711,0.5526315789473685
niah_mv_v4,97,FT_K3,,,0.5526315789473685
niah_mv_v4,98,DT,0.06521739130434782,0.08567184896965482,0.7631578947368421
niah_mv_v4,98,FT_K1,0.06684782608695652,0.24347909837481224,0.5394736842105263
niah_mv_v4,98,FT_K3,,,0.5394736842105263
niah_mv_v4,99,DT,0.18010204081632653,0.21672478297765743,0.32894736842105265
niah_mv_v4,99,FT_K1,0.2313775510204082,0.28246068458728824,0.19736842105263158
niah_mv_v4,99,FT_K3,,,0.21052631578947367
niah_mv_v8,0,DT,0.2824626865671641,0.3745941805757995,0.17261904761904762
niah_mv_v8,0,FT_K1,0.2755597014925374,0.3181255533663664,0.11904761904761904
niah_mv_v8,0,FT_K3,,,0.1130952380952381
niah_mv_v8,1,DT,0.26843065693430657,0.3493750338344865,0.15476190476190477
niah_mv_v8,1,FT_K1,0.2755474452554745,0.3194843060670377,0.13690476190476192
niah_mv_v8,1,FT_K3,,,0.11904761904761904
niah_mv_v8,2,DT,0.12956273764258555,0.18289621773211842,0.4583333333333333
niah_mv_v8,2,FT_K1,0.14249049429657795,0.2555270955320863,0.3680555555555556
niah_mv_v8,2,FT_K3,,,0.3819444444444444
niah_mv_v8,3,DT,0.11942231075697211,0.15429080761286412,0.47368421052631576
niah_mv_v8,3,FT_K1,0.14970119521912353,0.25073109829500634,0.34868421052631576
niah_mv_v8,3,FT_K3,,,0.34868421052631576
niah_mv_v8,4,DT,0.1257936507936508,0.16775155817111476,0.48026315789473684
niah_mv_v8,4,FT_K1,0.1706349206349206,0.24590280132771158,0.35526315789473684
niah_mv_v8,4,FT_K3,,,0.34868421052631576
niah_mv_v8,5,DT,0.30481481481481476,0.4395683364733508,0.16071428571428573
niah_mv_v8,5,FT_K1,0.28796296296296303,0.3615271120721866,0.14285714285714285
niah_mv_v8,5,FT_K3,,,0.14285714285714285
niah_mv_v8,6,DT,0.26951038575667663,0.36620474751878573,0.11931818181818182
niah_mv_v8,6,FT_K1,0.3184718100890208,0.3750690851425923,0.11931818181818182
niah_mv_v8,6,FT_K3,,,0.13068181818181818
niah_mv_v8,7,DT,0.11828063241106719,0.14602808208686527,0.45394736842105265
niah_mv_v8,7,FT_K1,0.13290513833992096,0.24677019311092746,0.3618421052631579
niah_mv_v8,7,FT_K3,,,0.34868421052631576
niah_mv_v8,8,DT,0.2563167259786477,0.34532628073097194,0.16875
niah_mv_v8,8,FT_K1,0.2869217081850534,0.3702627221898919,0.125
niah_mv_v8,8,FT_K3,,,0.11875
niah_mv_v8,9,DT,0.2861731843575419,0.3827363623481103,0.125
niah_mv_v8,9,FT_K1,0.30991620111731844,0.36299114859481985,0.13815789473684212
niah_mv_v8,9,FT_K3,,,0.13157894736842105
niah_mv_v8,10,DT,0.26320224719101126,0.3477637012300837,0.11842105263157894
niah_mv_v8,10,FT_K1,0.3317415730337079,0.3912718673937924,0.13157894736842105
niah_mv_v8,10,FT_K3,,,0.13157894736842105
niah_mv_v8,11,DT,0.25314371257485024,0.33484069367769664,0.13157894736842105
niah_mv_v8,11,FT_K1,0.3333832335329342,0.39276987723015633,0.13815789473684212
niah_mv_v8,11,FT_K3,,,0.13157894736842105
niah_mv_v8,12,DT,0.1089080459770115,0.13182342159774807,0.4276315789473684
niah_mv_v8,12,FT_K1,0.13917624521072797,0.25236439714626824,0.35526315789473684
niah_mv_v8,12,FT_K3,,,0.375
niah_mv_v8,13,DT,0.2706923076923077,0.3757441347618065,0.13157894736842105
niah_mv_v8,13,FT_K1,0.33053846153846156,0.3944940692838574,0.14473684210526316
niah_mv_v8,13,FT_K3,,,0.13815789473684212
niah_mv_v8,14,DT,0.15503194888178914,0.21175101974142896,0.4513888888888889
niah_mv_v8,14,FT_K1,0.161741214057508,0.2533159017234047,0.375
niah_mv_v8,14,FT_K3,,,0.3888888888888889
niah_mv_v8,15,DT,0.2702247191011236,0.3534834261776053,0.1125
niah_mv_v8,15,FT_K1,0.35646067415730337,0.43456572214603995,0.1375
niah_mv_v8,15,FT_K3,,,0.13125
niah_mv_v8,16,DT,0.2621951219512195,0.355553332556282,0.11805555555555555
niah_mv_v8,16,FT_K1,0.33902439024390246,0.3946933498631789,0.1527777777777778
niah_mv_v8,16,FT_K3,,,0.1527777777777778
niah_mv_v8,17,DT,0.27047038327526135,0.358587076748106,0.16447368421052633
niah_mv_v8,17,FT_K1,0.26925087108013934,0.33301549826281807,0.13815789473684212
niah_mv_v8,17,FT_K3,,,0.13815789473684212
niah_mv_v8,18,DT,0.27356321839080455,0.37174632743367875,0.11842105263157894
niah_mv_v8,18,FT_K1,0.34310344827586203,0.408019701163805,0.13815789473684212
niah_mv_v8,18,FT_K3,,,0.14473684210526316
niah_mv_v8,19,DT,0.2821153846153846,0.38977787240154765,0.17105263157894737
niah_mv_v8,19,FT_K1,0.27634615384615385,0.33654094960834874,0.14473684210526316
niah_mv_v8,19,FT_K3,,,0.14473684210526316
niah_mv_v8,20,DT,0.3032608695652174,0.4280080665943977,0.15625
niah_mv_v8,20,FT_K1,0.30928093645484955,0.36577270519230265,0.1375
niah_mv_v8,20,FT_K3,,,0.125
niah_mv_v8,21,DT,0.3181438127090301,0.4372057157389838,0.1513157894736842
niah_mv_v8,21,FT_K1,0.3450668896321071,0.4218278847267106,0.14473684210526316
niah_mv_v8,21,FT_K3,,,0.13815789473684212
niah_mv_v8,22,DT,0.2884005763688761,0.4022011729650071,0.125
niah_mv_v8,22,FT_K1,0.3322046109510086,0.4010734432572177,0.14473684210526316
niah_mv_v8,22,FT_K3,,,0.13815789473684212
niah_mv_v8,23,DT,0.10578431372549017,0.1299217448304093,0.4407894736842105
niah_mv_v8,23,FT_K1,0.12539215686274507,0.25074149006543706,0.35526315789473684
niah_mv_v8,23,FT_K3,,,0.3618421052631579
niah_mv_v8,24,DT,0.2829861111111111,0.384774430592193,0.17261904761904762
niah_mv_v8,24,FT_K1,0.30572916666666666,0.3702510857129232,0.125
niah_mv_v8,24,FT_K3,,,0.11904761904761904
niah_mv_v8,25,DT,0.27857142857142864,0.3878294358273302,0.125
niah_mv_v8,25,FT_K1,0.3238095238095239,0.37745773934240834,0.125
niah_mv_v8,25,FT_K3,,,0.11842105263157894
niah_mv_v8,26,DT,0.17066929133858266,0.2538350836104393,0.46710526315789475
niah_mv_v8,26,FT_K1,0.1643700787401575,0.243944281456019,0.34868421052631576
niah_mv_v8,26,FT_K3,,,0.34868421052631576
niah_mv_v8,27,DT,0.26769662921348314,0.3499314814710969,0.17105263157894737
niah_mv_v8,27,FT_K1,0.2916666666666667,0.3445259245774316,0.13157894736842105
niah_mv_v8,27,FT_K3,,,0.13815789473684212
niah_mv_v8,28,DT,0.15769961977186314,0.20953785462212968,0.45394736842105265
niah_mv_v8,28,FT_K1,0.1318441064638783,0.24132635178954795,0.3684210526315789
niah_mv_v8,28,FT_K3,,,0.3618421052631579
niah_mv_v8,29,DT,0.15432330827067667,0.20649269614087684,0.4407894736842105
niah_mv_v8,29,FT_K1,0.15206766917293232,0.2506352326819609,0.34868421052631576
niah_mv_v8,29,FT_K3,,,0.3684210526315789
niah_mv_v8,30,DT,0.2852996254681648,0.39114073217492684,0.1625
niah_mv_v8,30,FT_K1,0.29691011235955056,0.3653810885107957,0.15625
niah_mv_v8,30,FT_K3,,,0.14375
niah_mv_v8,31,DT,0.3108156028368795,0.4318090959338782,0.1513157894736842
niah_mv_v8,31,FT_K1,0.32978723404255317,0.3965922951152606,0.14473684210526316
niah_mv_v8,31,FT_K3,,,0.13815789473684212
niah_mv_v8,32,DT,0.14439163498098861,0.1992634041480142,0.45394736842105265
niah_mv_v8,32,FT_K1,0.17899239543726236,0.2514196228282311,0.34210526315789475
niah_mv_v8,32,FT_K3,,,0.3684210526315789
niah_mv_v8,33,DT,0.28099999999999997,0.3937810789518095,0.11842105263157894
niah_mv_v8,33,FT_K1,0.34423076923076923,0.4164511490141326,0.13815789473684212
niah_mv_v8,33,FT_K3,,,0.13815789473684212
niah_mv_v8,34,DT,0.2913194444444444,0.40248752267361076,0.16447368421052633
niah_mv_v8,34,FT_K1,0.28055555555555556,0.34243026176120017,0.13815789473684212
niah_mv_v8,34,FT_K3,,,0.13815789473684212
niah_mv_v8,35,DT,0.16764150943396225,0.250999003396281,0.4342105263157895
niah_mv_v8,35,FT_K1,0.16160377358490569,0.24355570434463586,0.35526315789473684
niah_mv_v8,35,FT_K3,,,0.3618421052631579
niah_mv_v8,36,DT,0.1455533596837945,0.214291525929479,0.4407894736842105
niah_mv_v8,36,FT_K1,0.12658102766798418,0.25454848196432267,0.35526315789473684
niah_mv_v8,36,FT_K3,,,0.35526315789473684
niah_mv_v8,37,DT,0.2476993865030675,0.3264131020013075,0.13157894736842105
niah_mv_v8,37,FT_K1,0.3136503067484663,0.36573632366177133,0.13157894736842105
niah_mv_v8,37,FT_K3,,,0.13157894736842105
niah_mv_v8,38,DT,0.2633233532934132,0.35953780463830465,0.11875
niah_mv_v8,38,FT_K1,0.32470059880239527,0.38814085506981477,0.125
niah_mv_v8,38,FT_K3,,,0.11875
niah_mv_v8,39,DT,0.10879446640316207,0.13604388262755826,0.45394736842105265
niah_mv_v8,39,FT_K1,0.12618577075098816,0.251250944025596,0.40131578947368424
niah_mv_v8,39,FT_K3,,,0.3881578947368421
niah_mv_v8,40,DT,0.11813304721030046,0.15054310470008625,0.46710526315789475
niah_mv_v8,40,FT_K1,0.14045064377682404,0.24240747502446386,0.3618421052631579
niah_mv_v8,40,FT_K3,,,0.3684210526315789
niah_mv_v8,41,DT,0.26429618768328444,0.36382542636490467,0.13125
niah_mv_v8,41,FT_K1,0.33247800586510257,0.38470016074020846,0.1375
niah_mv_v8,41,FT_K3,,,0.13125
niah_mv_v8,42,DT,0.2496124031007752,0.3230970342732294,0.17261904761904762
niah_mv_v8,42,FT_K1,0.25794573643410856,0.3132543535683892,0.15476190476190477
niah_mv_v8,42,FT_K3,,,0.1488095238095238
niah_mv_v8,43,DT,0.2630191693290735,0.3535708269242036,0.13157894736842105
niah_mv_v8,43,FT_K1,0.30487220447284347,0.34639572152986536,0.14473684210526316
niah_mv_v8,43,FT_K3,,,0.13815789473684212
niah_mv_v8,44,DT,0.27783018867924525,0.3843756348491403,0.17261904761904762
niah_mv_v8,44,FT_K1,0.285188679245283,0.33861707670327,0.11904761904761904
niah_mv_v8,44,FT_K3,,,0.125
niah_mv_v8,45,DT,0.29654340836012866,0.42380708927606675,0.13815789473684212
niah_mv_v8,45,FT_K1,0.3241961414790997,0.3846889785087962,0.13157894736842105
niah_mv_v8,45,FT_K3,,,0.13815789473684212
niah_mv_v8,46,DT,0.1199019607843137,0.15372704708361035,0.4605263157894737
niah_mv_v8,46,FT_K1,0.15598039215686274,0.24246222008624593,0.34868421052631576
niah_mv_v8,46,FT_K3,,,0.35526315789473684
niah_mv_v8,47,DT,0.304886685552408,0.4162527419201763,0.125
niah_mv_v8,47,FT_K1,0.38080736543909344,0.4854019962095143,0.13125
niah_mv_v8,47,FT_K3,,,0.13125
niah_mv_v8,48,DT,0.2698339483394834,0.3740143297071611,0.16875
niah_mv_v8,48,FT_K1,0.30894833948339484,0.37548668486978365,0.13125
niah_mv_v8,48,FT_K3,,,0.13125
niah_mv_v8,49,DT,0.28470515970515964,0.38120367123676047,0.0875
niah_mv_v8,49,FT_K1,0.369963144963145,0.4680032801958401,0.1375
niah_mv_v8,49,FT_K3,,,0.1375
niah_mv_v8,50,DT,0.18885542168674702,0.27080888877825304,0.4473684210526316
niah_mv_v8,50,FT_K1,0.21385542168674698,0.253163926250498,0.34210526315789475
niah_mv_v8,50,FT_K3,,,0.35526315789473684
niah_mv_v8,51,DT,0.12742914979757086,0.16747552283757616,0.4605263157894737
niah_mv_v8,51,FT_K1,0.1298582995951417,0.2443411388646089,0.3684210526315789
niah_mv_v8,51,FT_K3,,,0.34210526315789475
niah_mv_v8,52,DT,0.28126822157434406,0.4029085482891362,0.11875
niah_mv_v8,52,FT_K1,0.32864431486880463,0.3980906840781455,0.125
niah_mv_v8,52,FT_K3,,,0.13125
niah_mv_v8,53,DT,0.28383458646616544,0.4016830270294106,0.15625
niah_mv_v8,53,FT_K1,0.28063909774436097,0.34464980810952095,0.13125
niah_mv_v8,53,FT_K3,,,0.1375
niah_mv_v8,54,DT,0.25207100591715975,0.3355501351616985,0.125
niah_mv_v8,54,FT_K1,0.33254437869822484,0.39217269106531794,0.13815789473684212
niah_mv_v8,54,FT_K3,,,0.13815789473684212
niah_mv_v8,55,DT,0.1222549019607843,0.15177802261538412,0.45394736842105265
niah_mv_v8,55,FT_K1,0.1853921568627451,0.248564169202227,0.375
niah_mv_v8,55,FT_K3,,,0.3815789473684211
niah_mv_v8,56,DT,0.13409090909090912,0.18701448751035388,0.45394736842105265
niah_mv_v8,56,FT_K1,0.14469696969696969,0.2568178972426468,0.34868421052631576
niah_mv_v8,56,FT_K3,,,0.375
niah_mv_v8,57,DT,0.27144808743169396,0.35224164415747394,0.1130952380952381
niah_mv_v8,57,FT_K1,0.3225409836065573,0.3748530889683238,0.13095238095238096
niah_mv_v8,57,FT_K3,,,0.11904761904761904
niah_mv_v8,58,DT,0.2585164835164835,0.3400006109756346,0.16447368421052633
niah_mv_v8,58,FT_K1,0.2760989010989011,0.32677682768088223,0.13157894736842105
niah_mv_v8,58,FT_K3,,,0.13157894736842105
niah_mv_v8,59,DT,0.1648406374501992,0.2413920384701301,0.4473684210526316
niah_mv_v8,59,FT_K1,0.1891434262948207,0.24942366329299595,0.3684210526315789
niah_mv_v8,59,FT_K3,,,0.3881578947368421
niah_mv_v8,60,DT,0.29184587813620066,0.3961529122144108,0.1625
niah_mv_v8,60,FT_K1,0.2848566308243728,0.3473331859554367,0.13125
niah_mv_v8,60,FT_K3,,,0.125
niah_mv_v8,61,DT,0.30074123989218327,0.4022913021744669,0.11904761904761904
niah_mv_v8,61,FT_K1,0.36435309973045826,0.45298087240202056,0.125
niah_mv_v8,61,FT_K3,,,0.11904761904761904
niah_mv_v8,62,DT,0.2957720588235294,0.41582420271126386,0.16875
niah_mv_v8,62,FT_K1,0.3012867647058823,0.3616994866694275,0.15
niah_mv_v8,62,FT_K3,,,0.14375
niah_mv_v8,63,DT,0.15020000000000003,0.21899129238536258,0.4605263157894737
niah_mv_v8,63,FT_K1,0.13540000000000002,0.24900059170492175,0.35526315789473684
niah_mv_v8,63,FT_K3,,,0.35526315789473684
niah_mv_v8,64,DT,0.2823170731707317,0.39313952410236686,0.1118421052631579
niah_mv_v8,64,FT_K1,0.32759146341463413,0.38477211214240076,0.14473684210526316
niah_mv_v8,64,FT_K3,,,0.13815789473684212
niah_mv_v8,65,DT,0.14382352941176468,0.19589862527667426,0.45394736842105265
niah_mv_v8,65,FT_K1,0.17519607843137255,0.24402365513421845,0.3618421052631579
niah_mv_v8,65,FT_K3,,,0.34868421052631576
niah_mv_v8,66,DT,0.262248322147651,0.3503195798743942,0.1534090909090909
niah_mv_v8,66,FT_K1,0.3295302013422819,0.38131226660234346,0.13636363636363635
niah_mv_v8,66,FT_K3,,,0.13636363636363635
niah_mv_v8,67,DT,0.10235849056603771,0.1175061369519256,0.4605263157894737
niah_mv_v8,67,FT_K1,0.14669811320754716,0.2529827340190819,0.32894736842105265
niah_mv_v8,67,FT_K3,,,0.34210526315789475
niah_mv_v8,68,DT,0.14731075697211157,0.206377623056443,0.4473684210526316
niah_mv_v8,68,FT_K1,0.14770916334661358,0.2502618090888645,0.375
niah_mv_v8,68,FT_K3,,,0.375
niah_mv_v8,69,DT,0.13673076923076924,0.18801899894599758,0.45625
niah_mv_v8,69,FT_K1,0.17653846153846153,0.24823670300473683,0.3375
niah_mv_v8,69,FT_K3,,,0.33125
niah_mv_v8,70,DT,0.25952768729641695,0.33796093007467487,0.14204545454545456
niah_mv_v8,70,FT_K1,0.30838762214983717,0.37500558476566015,0.14204545454545456
niah_mv_v8,70,FT_K3,,,0.14204545454545456
niah_mv_v8,71,DT,0.2551829268292683,0.3335948544006169,0.1118421052631579
niah_mv_v8,71,FT_K1,0.31615853658536586,0.3784712546471303,0.13815789473684212
niah_mv_v8,71,FT_K3,,,0.125
niah_mv_v8,72,DT,0.27377192982456144,0.3671966210246933,0.14583333333333334
niah_mv_v8,72,FT_K1,0.31728070175438605,0.38100916075259683,0.14583333333333334
niah_mv_v8,72,FT_K3,,,0.1388888888888889
niah_mv_v8,73,DT,0.2539308176100629,0.33164818066665847,0.13125
niah_mv_v8,73,FT_K1,0.3114779874213836,0.3416985029090861,0.1375
niah_mv_v8,73,FT_K3,,,0.13125
niah_mv_v8,74,DT,0.27557471264367817,0.3817897315080918,0.16875
niah_mv_v8,74,FT_K1,0.2887931034482758,0.3607860417297947,0.13125
niah_mv_v8,74,FT_K3,,,0.13125
niah_mv_v8,75,DT,0.3114077669902913,0.43575779070759924,0.14583333333333334
niah_mv_v8,75,FT_K1,0.34263754045307443,0.4127271551670999,0.1388888888888889
niah_mv_v8,75,FT_K3,,,0.1388888888888889
niah_mv_v8,76,DT,0.2628378378378379,0.3569147484615397,0.125
niah_mv_v8,76,FT_K1,0.30998498498498495,0.35474985337776105,0.14473684210526316
niah_mv_v8,76,FT_K3,,,0.13815789473684212
niah_mv_v8,77,DT,0.13390688259109312,0.1774704978183231,0.45394736842105265
niah_mv_v8,77,FT_K1,0.1367408906882591,0.25402981725078627,0.34868421052631576
niah_mv_v8,77,FT_K3,,,0.3618421052631579
niah_mv_v8,78,DT,0.08923076923076922,0.1048151617635521,0.4473684210526316
niah_mv_v8,78,FT_K1,0.13884615384615387,0.2534689672267131,0.34868421052631576
niah_mv_v8,78,FT_K3,,,0.34868421052631576
niah_mv_v8,79,DT,0.2705938697318008,0.3596079233598267,0.175
niah_mv_v8,79,FT_K1,0.27863984674329506,0.3436157916712866,0.125
niah_mv_v8,79,FT_K3,,,0.13125
niah_mv_v8,80,DT,0.12459349593495934,0.1606050780984148,0.4605263157894737
niah_mv_v8,80,FT_K1,0.14207317073170733,0.25340193809099,0.3815789473684211
niah_mv_v8,80,FT_K3,,,0.375
niah_mv_v8,81,DT,0.27382154882154885,0.3700385870334641,0.15789473684210525
niah_mv_v8,81,FT_K1,0.3101851851851851,0.38660024535223075,0.14473684210526316
niah_mv_v8,81,FT_K3,,,0.13815789473684212
niah_mv_v8,82,DT,0.2829225352112676,0.38281087123898294,0.16875
niah_mv_v8,82,FT_K1,0.28274647887323945,0.32163046500116355,0.13125
niah_mv_v8,82,FT_K3,,,0.13125
niah_mv_v8,83,DT,0.15103773584905658,0.21791606641008868,0.4473684210526316
niah_mv_v8,83,FT_K1,0.20500000000000002,0.24454956635477001,0.3618421052631579
niah_mv_v8,83,FT_K3,,,0.3618421052631579
niah_mv_v8,84,DT,0.1155511811023622,0.14889621402767614,0.4407894736842105
niah_mv_v8,84,FT_K1,0.16023622047244093,0.2661470857680244,0.375
niah_mv_v8,84,FT_K3,,,0.3684210526315789
niah_mv_v8,85,DT,0.12724719101123594,0.16835741279098332,0.45
niah_mv_v8,85,FT_K1,0.1500936329588015,0.24383655241407792,0.33125
niah_mv_v8,85,FT_K3,,,0.34375
niah_mv_v8,86,DT,0.14877358490566034,0.1917672102875679,0.4473684210526316
niah_mv_v8,86,FT_K1,0.14462264150943396,0.24868615616540107,0.35526315789473684
niah_mv_v8,86,FT_K3,,,0.35526315789473684
niah_mv_v8,87,DT,0.12729885057471266,0.160696677755304,0.47368421052631576
niah_mv_v8,87,FT_K1,0.1625478927203065,0.24966222240057853,0.3684210526315789
niah_mv_v8,87,FT_K3,,,0.375
niah_mv_v8,88,DT,0.2733180428134557,0.3776022991602702,0.125
niah_mv_v8,88,FT_K1,0.33493883792048934,0.38456199618438236,0.13125
niah_mv_v8,88,FT_K3,,,0.13125
niah_mv_v8,89,DT,0.2597094801223242,0.35250689344479763,0.125
niah_mv_v8,89,FT_K1,0.32285932721712535,0.3746437143320085,0.14375
niah_mv_v8,89,FT_K3,,,0.1375
niah_mv_v8,90,DT,0.25698529411764703,0.334386194722322,0.16875
niah_mv_v8,90,FT_K1,0.2654411764705883,0.33366916012484626,0.14375
niah_mv_v8,90,FT_K3,,,0.1375
niah_mv_v8,91,DT,0.26254512635379057,0.3397207255408991,0.15789473684210525
niah_mv_v8,91,FT_K1,0.24846570397111917,0.3048792885819297,0.15789473684210525
niah_mv_v8,91,FT_K3,,,0.13815789473684212
niah_mv_v8,92,DT,0.14686379928315413,0.2073809636096188,0.45394736842105265
niah_mv_v8,92,FT_K1,0.18593189964157703,0.23656654375051986,0.34868421052631576
niah_mv_v8,92,FT_K3,,,0.35526315789473684
niah_mv_v8,93,DT,0.1431818181818182,0.19699990302950585,0.4473684210526316
niah_mv_v8,93,FT_K1,0.13657024793388428,0.2487877309888525,0.34868421052631576
niah_mv_v8,93,FT_K3,,,0.35526315789473684
niah_mv_v8,94,DT,0.2752941176470588,0.3798924413821025,0.1125
niah_mv_v8,94,FT_K1,0.3444117647058823,0.42438045379002276,0.125
niah_mv_v8,94,FT_K3,,,0.125
niah_mv_v8,95,DT,0.09166666666666667,0.10885264165850858,0.4722222222222222
niah_mv_v8,95,FT_K1,0.1458835341365462,0.26023674811365616,0.3888888888888889
niah_mv_v8,95,FT_K3,,,0.375
niah_mv_v8,96,DT,0.29913249211356463,0.4314741081496746,0.125
niah_mv_v8,96,FT_K1,0.3324132492113565,0.39473234838656096,0.125
niah_mv_v8,96,FT_K3,,,0.125
niah_mv_v8,97,DT,0.310969387755102,0.43978510363699463,0.11875
niah_mv_v8,97,FT_K1,0.3418367346938776,0.4255847948395404,0.125
niah_mv_v8,97,FT_K3,,,0.125
niah_mv_v8,98,DT,0.12025691699604742,0.15041891399175839,0.4605263157894737
niah_mv_v8,98,FT_K1,0.1325098814229249,0.24384087840265334,0.35526315789473684
niah_mv_v8,98,FT_K3,,,0.35526315789473684
niah_mv_v8,99,DT,0.09701492537313432,0.11902436821468751,0.4652777777777778
niah_mv_v8,99,FT_K1,0.12910447761194027,0.2507216510061946,0.3819444444444444
niah_mv_v8,99,FT_K3,,,0.3888888888888889
math,0,DT,0.2800561797752809,0.3549561347009858,
math,0,FT_K1,0.2997191011235955,0.33437573835814055,
math,1,DT,0.191412213740458,0.24572097028895196,
math,1,FT_K1,0.47652671755725196,0.5593297263455425,
math,2,DT,0.2637096774193548,0.29294851094198815,
math,2,FT_K1,0.4149193548387097,0.4998724595795144,
math,3,DT,0.21944444444444447,0.2614071305547735,
math,3,FT_K1,0.288425925925926,0.38806658260380555,
math,4,DT,0.24705882352941178,0.3259567018863752,
math,4,FT_K1,0.5529411764705883,0.6455948909013421,
math,5,DT,0.2563559322033898,0.2886205161690783,
math,5,FT_K1,0.351271186440678,0.4722198918102499,
math,6,DT,0.265,0.3117822976645802,
math,6,FT_K1,0.36282608695652174,0.4545461666841387,
math,7,DT,0.2057317073170732,0.23875895165440428,
math,7,FT_K1,0.3435365853658537,0.43369746683272775,
math,8,DT,0.390680473372781,0.4604693396002105,
math,8,FT_K1,0.37884615384615383,0.47427257791403193,
math,9,DT,0.13842592592592592,0.19058101502812672,
math,9,FT_K1,0.29259259259259257,0.3908366337374969,
math,10,DT,0.1739655172413793,0.23967708606557014,
math,10,FT_K1,0.3770689655172414,0.4841683708298697,
math,11,DT,0.3375806451612903,0.41533096963255084,
math,11,FT_K1,0.44241935483870964,0.5689269643651224,
math,12,DT,0.275,0.3323785681723578,
math,12,FT_K1,0.3132198952879581,0.4019939624947016,
math,13,DT,0.26727129337539435,0.2998529026051272,
math,13,FT_K1,0.43982649842271293,0.5747899762954283,
math,14,DT,0.342578125,0.41872097135035985,
math,14,FT_K1,0.46875,0.5626550986806119,
math,15,DT,0.23389830508474577,0.29866601418803096,
math,15,FT_K1,0.34279661016949153,0.4377952459369192,
math,16,DT,0.26442857142857146,0.32329468242511045,
math,16,FT_K1,0.2872857142857143,0.3368995766865955,
math,17,DT,0.08611111111111111,0.1437710110140426,
math,17,FT_K1,0.2711538461538462,0.3931881252668008,
math,18,DT,0.24935233160621761,0.28393641614888243,
math,18,FT_K1,0.3294041450777202,0.4487905170924824,
math,19,DT,0.2536259541984733,0.3083342609176057,
math,19,FT_K1,0.40095419847328245,0.5245067075613311,
math,20,DT,0.18567961165048544,0.2377520770560902,
math,20,FT_K1,0.25655339805825245,0.31977971428698454,
math,21,DT,0.35816831683168315,0.4871075810625619,
math,21,FT_K1,0.4646039603960396,0.7062861292436449,
math,22,DT,0.26395348837209304,0.34379815498802696,
math,22,FT_K1,0.2978682170542636,0.35922410110861314,
math,23,DT,0.1784090909090909,0.24563049385758667,
math,23,FT_K1,0.36136363636363633,0.4555504212420159,
math,24,DT,0.16211340206185568,0.2354130865817185,
math,24,FT_K1,0.28556701030927834,0.32511831633882443,
math,25,DT,0.1984536082474227,0.2703849291869127,
math,25,FT_K1,0.25128865979381443,0.34819358264451655,
math,26,DT,0.31280487804878043,0.42676700012254426,
math,26,FT_K1,0.3463414634146341,0.4468613906136503,
math,27,DT,0.3035714285714286,0.38638820224507153,
math,27,FT_K1,0.3699579831932772,0.4566108799422276,
math,28,DT,0.2742462311557789,0.3303216340912672,
math,28,FT_K1,0.367713567839196,0.4948614391472435,
math,29,DT,0.25037878787878787,0.3189869578826788,
math,29,FT_K1,0.3318181818181818,0.4230201816142383,
math,30,DT,0.30833333333333335,0.45080768556753525,
math,30,FT_K1,0.498015873015873,0.6467273274357702,
math,31,DT,0.2683497536945813,0.31782934377077554,
math,31,FT_K1,0.33140394088669956,0.39330366223122926,
math,32,DT,0.2925925925925926,0.33454845784978915,
math,32,FT_K1,0.3592592592592593,0.4341851619033896,
math,33,DT,0.125,0.17642418697762757,
math,33,FT_K1,0.32227272727272727,0.42084150203104914,
math,34,DT,0.27577720207253886,0.3484511524268744,
math,34,FT_K1,0.3791450777202073,0.5161537621060281,
math,35,DT,0.35,0.49123969701122244,
math,35,FT_K1,0.4296296296296296,0.611206745821187,
math,36,DT,0.19642857142857145,0.2783463061506679,
math,36,FT_K1,0.26224489795918365,0.3309809105633226,
math,37,DT,0.27875,0.38009922314395084,
math,37,FT_K1,0.44125000000000003,0.5339204555772288,
math,38,DT,0.26084905660377355,0.3071529403005792,
math,38,FT_K1,0.3948113207547171,0.49566590599223054,
math,39,DT,0.30218749999999994,0.3886406777907374,
math,39,FT_K1,0.3990625,0.5133061105171826,
math,40,DT,0.3207964601769912,0.3895973491887629,
math,40,FT_K1,0.3139380530973451,0.39304870808995396,
math,41,DT,0.2566831683168317,0.32019115088042976,
math,41,FT_K1,0.3730198019801981,0.52049978308854,
math,42,DT,0.3164634146341464,0.3957765923511188,
math,42,FT_K1,0.4171951219512195,0.5536451460648943,
math,43,DT,0.41479591836734697,0.5587947183221869,
math,43,FT_K1,0.5008503401360545,0.607827818600323,
math,44,DT,0.26677215189873416,0.30420957901877965,
math,44,FT_K1,0.45158227848101273,0.574110192860003,
math,45,DT,0.15524691358024695,0.23014203277450687,
math,45,FT_K1,0.46728395061728395,0.6261677647514146,
math,46,DT,0.24488636363636362,0.27276330002752297,
math,46,FT_K1,0.3681818181818183,0.42979349597481564,
math,47,DT,0.2833333333333333,0.33891119228519184,
math,47,FT_K1,0.36018518518518516,0.5309880080917796,
math,48,DT,0.23314814814814816,0.28430025519761376,
math,48,FT_K1,0.4772222222222221,0.6041899813829567,
math,49,DT,0.3803571428571429,0.4962422120969596,
math,49,FT_K1,0.3880102040816327,0.5008836866635256,
math,50,DT,0.28205521472392636,0.31590780151182063,
math,50,FT_K1,0.3909509202453988,0.500716307605347,
math,51,DT,0.1339005235602094,0.20873701355263394,
math,51,FT_K1,0.3865183246073299,0.4653771865316501,
math,52,DT,0.2878125000000001,0.3464963407080144,
math,52,FT_K1,0.34281249999999996,0.4688264105171787,
math,53,DT,0.30765306122448977,0.37306168168806164,
math,53,FT_K1,0.40051020408163274,0.5057212176471559,
math,54,DT,0.17592250922509223,0.25162989666239727,
math,54,FT_K1,0.3681734317343173,0.4771665986992043,
math,55,DT,0.3064102564102564,0.3607389185307829,
math,55,FT_K1,0.4753205128205128,0.6630399529176622,
math,56,DT,0.3673913043478261,0.4608677218333363,
math,56,FT_K1,0.4470108695652174,0.5888742041620569,
math,57,DT,0.2415644171779141,0.28699258988850085,
math,57,FT_K1,0.3547546012269938,0.4203677889706966,
math,58,DT,0.23011363636363633,0.2726437941991436,
math,58,FT_K1,0.31079545454545454,0.38811130591746634,
math,59,DT,0.22663398692810457,0.28751321729483753,
math,59,FT_K1,0.38741830065359484,0.5127182996806097,
math,60,DT,0.18303278688524588,0.22143266666504885,
math,60,FT_K1,0.3395901639344262,0.4484918903117129,
math,61,DT,0.2523858921161825,0.3090621679270077,
math,61,FT_K1,0.3308091286307054,0.40029836907861177,
math,62,DT,0.3500720461095101,0.4362834498309727,
math,62,FT_K1,0.41246397694524495,0.48771050068896066,
math,63,DT,0.25875796178343946,0.36304049746149963,
math,63,FT_K1,0.3297770700636943,0.43162202494961577,
math,64,DT,0.2755836575875486,0.3244096584561385,
math,64,FT_K1,0.40126459143968873,0.46928095066461095,
math,65,DT,0.3632575757575757,0.5260191992223232,
math,65,FT_K1,0.3416666666666667,0.41234050817344253,
math,66,DT,0.34318181818181814,0.4802820114385763,
math,66,FT_K1,0.41590909090909084,0.5557582095167024,
math,67,DT,0.24253246753246754,0.271154027493267,
math,67,FT_K1,0.47402597402597396,0.6563478300989505,
math,68,DT,0.19518348623853216,0.2502731298583494,
math,68,FT_K1,0.3623853211009174,0.46483274881646147,
math,69,DT,0.20881502890173415,0.2960978467817031,
math,69,FT_K1,0.34060693641618495,0.4524825950464238,
math,70,DT,0.30344311377245503,0.38642196855724287,
math,70,FT_K1,0.4723053892215569,0.5764344696953053,
math,71,DT,0.2293795620437956,0.2636491715616259,
math,71,FT_K1,0.3246350364963504,0.3642033533837134,
math,72,DT,0.2157103825136612,0.2573384010948538,
math,72,FT_K1,0.3908469945355191,0.5273186594129822,
math,73,DT,0.15095628415300547,0.2222596678279544,
math,73,FT_K1,0.20560109289617484,0.31977514236242216,
math,74,DT,0.35282258064516125,0.47845700967822047,
math,74,FT_K1,0.4637096774193548,0.5917556638594084,
math,75,DT,0.21880165289256198,0.2911087444548703,
math,75,FT_K1,0.33450413223140496,0.42040085210077544,
math,76,DT,0.29252988047808764,0.35422994140197367,
math,76,FT_K1,0.43157370517928284,0.5138497966122428,
math,77,DT,0.20213675213675214,0.26407994105570004,
math,77,FT_K1,0.30405982905982903,0.38265291096056614,
math,78,DT,0.38768656716417915,0.5260205073849831,
math,78,FT_K1,0.3406716417910448,0.45349872008517006,
math,79,DT,0.24032663316582914,0.27865226663464576,
math,79,FT_K1,0.42097989949748743,0.5210206652333972,
math,80,DT,0.29296875000000006,0.37295515806072077,
math,80,FT_K1,0.3908854166666667,0.4899996201101624,
math,81,DT,0.31022012578616354,0.405854882346271,
math,81,FT_K1,0.37279874213836484,0.4643335196071897,
math,82,DT,0.209375,0.2657116705854405,
math,82,FT_K1,0.3596875,0.46272425804212497,
math,83,DT,0.34466292134831467,0.5010468499345433,
math,83,FT_K1,0.3603932584269663,0.43692479290297126,
math,84,DT,0.3308333333333333,0.4257432261989161,
math,84,FT_K1,0.47166666666666657,0.6212969133315329,
math,85,DT,0.291887417218543,0.38340512083691214,
math,85,FT_K1,0.3736754966887418,0.4534890396950642,
math,86,DT,0.3347122302158273,0.42676069138030337,
math,86,FT_K1,0.5151079136690649,0.6736914291877321,
math,87,DT,0.28536866359446994,0.3444461818694447,
math,87,FT_K1,0.5339861751152073,0.6611047333967386,
math,88,DT,0.38363874345549737,0.5353582790766789,
math,88,FT_K1,0.41714659685863875,0.571534149960303,
math,89,DT,0.3473300970873786,0.4328891465040966,
math,89,FT_K1,0.43446601941747576,0.5482121351234319,
math,90,DT,0.2383720930232558,0.30083402645138047,
math,90,FT_K1,0.3334302325581395,0.4193647053722381,
math,91,DT,0.202020202020202,0.24198912708387463,
math,91,FT_K1,0.38030303030303025,0.46176931087383827,
math,92,DT,0.14318181818181816,0.25070798038499686,
math,92,FT_K1,0.35,0.5035281492755165,
math,93,DT,0.29095744680851066,0.3776966411867284,
math,93,FT_K1,0.30744680851063827,0.3977322285371991,
math,94,DT,0.31168032786885247,0.38686966087759334,
math,94,FT_K1,0.34918032786885245,0.43899105270716704,
math,95,DT,0.22180365296803656,0.2946554474854566,
math,95,FT_K1,0.320890410958904,0.39229340314964933,
math,96,DT,0.3770833333333333,0.5357037255573338,
math,96,FT_K1,0.35874999999999996,0.45292659714491207,
math,97,DT,0.22289473684210526,0.2829083860028409,
math,97,FT_K1,0.3897368421052631,0.5052236807739511,
math,98,DT,0.25571428571428567,0.2869545737792671,
math,98,FT_K1,0.42107142857142865,0.5834652979246053,
math,99,DT,0.19423076923076926,0.28150789789139413,
math,99,FT_K1,0.3302447552447553,0.4316858816484227,
morehopqa,0,DT,0.18244680851063827,0.2656617079796717,
morehopqa,0,FT_K1,0.2632978723404255,0.32416392353397433,
morehopqa,1,DT,0.1393939393939394,0.18178876100499117,
morehopqa,1,FT_K1,0.21489898989898984,0.24627784479778084,
morehopqa,2,DT,0.17804347826086958,0.23852133703959902,
morehopqa,2,FT_K1,0.25079710144927536,0.2772243079252779,
morehopqa,3,DT,0.1019736842105263,0.11665883647037686,
morehopqa,3,FT_K1,0.23684210526315788,0.2662510056223458,
morehopqa,4,DT,0.10383211678832116,0.1618284079083159,
morehopqa,4,FT_K1,0.13229927007299272,0.2167831702696752,
morehopqa,5,DT,0.10537037037037038,0.1344038320728897,
morehopqa,5,FT_K1,0.3085185185185185,0.3345509212756934,
morehopqa,6,DT,0.17189655172413792,0.2263113481946771,
morehopqa,6,FT_K1,0.23362068965517233,0.2706664940161058,
morehopqa,7,DT,0.18812500000000001,0.25878003581674325,
morehopqa,7,FT_K1,0.25906250000000003,0.3057917704808134,
morehopqa,8,DT,0.10919243986254297,0.13633507842193138,
morehopqa,8,FT_K1,0.1456185567010309,0.24965097884060045,
morehopqa,9,DT,0.23248898678414093,0.26256496645105226,
morehopqa,9,FT_K1,0.3609030837004405,0.45627297345442674,
morehopqa,10,DT,0.20267857142857143,0.31113214148853746,
morehopqa,10,FT_K1,0.2883928571428572,0.3792724933902572,
morehopqa,11,DT,0.11693548387096772,0.1536833627784791,
morehopqa,11,FT_K1,0.25927419354838704,0.29923295487093887,
morehopqa,12,DT,0.09110169491525429,0.12952508299565552,
morehopqa,12,FT_K1,0.2111985472154964,0.26419785491698244,
morehopqa,13,DT,0.2254545454545455,0.28226049715503637,
morehopqa,13,FT_K1,0.3714772727272727,0.47389046434896975,
morehopqa,14,DT,0.11969387755102043,0.15904675422682285,
morehopqa,14,FT_K1,0.13642857142857145,0.23112533512311367,
morehopqa,15,DT,0.09489247311827957,0.1061636597148434,
morehopqa,15,FT_K1,0.29345878136200715,0.3350915383968375,
morehopqa,16,DT,0.037109375,0.07366042307416051,
morehopqa,16,FT_K1,0.078125,0.24346652589585788,
morehopqa,17,DT,0.12642857142857147,0.19025482094243712,
morehopqa,17,FT_K1,0.18928571428571422,0.27546276620852617,
morehopqa,18,DT,0.075,0.10265997845620174,
morehopqa,18,FT_K1,0.1553030303030303,0.2602417082770696,
morehopqa,19,DT,0.1431578947368421,0.1684176309087628,
morehopqa,19,FT_K1,0.24184210526315786,0.3001835560075747,
morehopqa,20,DT,0.09468325791855203,0.13216236082689395,
morehopqa,20,FT_K1,0.11436651583710407,0.2411705242985988,
morehopqa,21,DT,0.1486065573770492,0.1812521682202443,
morehopqa,21,FT_K1,0.225,0.2940546422254556,
morehopqa,22,DT,0.15,0.20354928240739115,
morehopqa,22,FT_K1,0.23914473684210527,0.26860282609805614,
morehopqa,23,DT,0.08883561643835616,0.10362740408242206,
morehopqa,23,FT_K1,0.1606164383561644,0.2729563852733663,
morehopqa,24,DT,0.1518292682926829,0.2316478348266418,
morehopqa,24,FT_K1,0.19004065040650406,0.26580634798229935,
morehopqa,25,DT,0.27825443786982246,0.41544817706247683,
morehopqa,25,FT_K1,0.3164201183431953,0.3952490085389634,
morehopqa,26,DT,0.15047169811320754,0.17372314204198144,
morehopqa,26,FT_K1,0.2316037735849057,0.25848542752750914,
morehopqa,27,DT,0.088013698630137,0.12135903053141332,
morehopqa,27,FT_K1,0.10068493150684928,0.2219817264347444,
morehopqa,28,DT,0.1561320754716981,0.19185347005697606,
morehopqa,28,FT_K1,0.1797169811320755,0.22595342443457186,
morehopqa,29,DT,0.12288732394366195,0.17078136182735762,
morehopqa,29,FT_K1,0.2619718309859155,0.2971604846582424,
morehopqa,30,DT,0.12556338028169015,0.14152206529276704,
morehopqa,30,FT_K1,0.2126056338028169,0.28380722363871597,
morehopqa,31,DT,0.11752077562326868,0.13417891827496495,
morehopqa,31,FT_K1,0.21281163434903044,0.2666392836525936,
morehopqa,32,DT,0.13390269151138717,0.19648258656441095,
morehopqa,32,FT_K1,0.1475672877846791,0.2655063789447386,
morehopqa,33,DT,0.14077287066246055,0.1906728330805687,
morehopqa,33,FT_K1,0.17011041009463723,0.28207830450442284,
morehopqa,34,DT,0.1410075329566855,0.18593322095713521,
morehopqa,34,FT_K1,0.20014124293785307,0.2995213999252503,
morehopqa,35,DT,0.13430232558139535,0.18697881871472227,
morehopqa,35,FT_K1,0.150968992248062,0.21660801808079647,
morehopqa,36,DT,0.1,0.11510428502311869,
morehopqa,36,FT_K1,0.15048076923076922,0.2469985593084964,
morehopqa,37,DT,0.15765895953757222,0.22825098294624002,
morehopqa,37,FT_K1,0.2013005780346821,0.2940075314670422,
morehopqa,38,DT,0.07732558139534884,0.11825634097501543,
morehopqa,38,FT_K1,0.09360465116279068,0.25180896262233576,
morehopqa,39,DT,0.13432944606413993,0.18351891891183542,
morehopqa,39,FT_K1,0.22704081632653064,0.2667003654035952,
morehopqa,40,DT,0.10425233644859815,0.13614315152171352,
morehopqa,40,FT_K1,0.16742990654205608,0.22399519623871722,
morehopqa,41,DT,0.18251295336787568,0.24747818386945403,
morehopqa,41,FT_K1,0.23095854922279796,0.318907854769798,
morehopqa,42,DT,0.11160714285714284,0.14308734001127102,
morehopqa,42,FT_K1,0.1875,0.24733423856169184,
morehopqa,43,DT,0.08416666666666665,0.10270904394532913,
morehopqa,43,FT_K1,0.145,0.2535834129203838,
morehopqa,44,DT,0.09717630853994493,0.11723356358038736,
morehopqa,44,FT_K1,0.2357438016528926,0.26652086553520327,
morehopqa,45,DT,0.09186746987951808,0.12163368972529136,
morehopqa,45,FT_K1,0.20783132530120482,0.26094618248886686,
morehopqa,46,DT,0.10589887640449439,0.12519330876914667,
morehopqa,46,FT_K1,0.15702247191011237,0.2821854548841742,
morehopqa,47,DT,0.13713592233009708,0.19736687020941063,
morehopqa,47,FT_K1,0.27742718446601944,0.34226067664012816,
morehopqa,48,DT,0.10357142857142858,0.12320441977776812,
morehopqa,48,FT_K1,0.22071428571428572,0.2982751516014949,
morehopqa,49,DT,0.1536396181384248,0.1771979708515757,
morehopqa,49,FT_K1,0.20447494033412889,0.29644299852729805,
morehopqa,50,DT,0.27335820895522384,0.43870429500455305,
morehopqa,50,FT_K1,0.3282835820895523,0.38046629290953354,
morehopqa,51,DT,0.09977477477477478,0.12392766767365013,
morehopqa,51,FT_K1,0.22995495495495497,0.3192400315074607,
morehopqa,52,DT,0.11173469387755101,0.15323245217698891,
morehopqa,52,FT_K1,0.14030612244897958,0.2096874510005184,
morehopqa,53,DT,0.2920520231213873,0.3518382992130863,
morehopqa,53,FT_K1,0.39754335260115603,0.5406747484249985,
morehopqa,54,DT,0.10253623188405796,0.1357770704270132,
morehopqa,54,FT_K1,0.2597826086956522,0.3046648034557213,
morehopqa,55,DT,0.07408424908424907,0.11513753815019209,
morehopqa,55,FT_K1,0.2107142857142857,0.24325770896888166,
morehopqa,56,DT,0.10924908424908426,0.13200174004819087,
morehopqa,56,FT_K1,0.2667582417582417,0.3226634368601433,
morehopqa,57,DT,0.1702380952380953,0.22822663066439594,
morehopqa,57,FT_K1,0.2033333333333333,0.2745194154266064,
morehopqa,58,DT,0.07721238938053096,0.10467600325881485,
morehopqa,58,FT_K1,0.13650442477876104,0.21829333616221738,
morehopqa,59,DT,0.025,0.0668572874359691,
morehopqa,59,FT_K1,0.027631578947368417,0.24760899318156784,
morehopqa,60,DT,0.31625683060109294,0.5092249101905754,
morehopqa,60,FT_K1,0.2905737704918033,0.3445429160378124,
morehopqa,61,DT,0.17248520710059168,0.21960421958232829,
morehopqa,61,FT_K1,0.3001479289940828,0.36082638072959117,
morehopqa,62,DT,0.11862244897959182,0.16418735529898487,
morehopqa,62,FT_K1,0.12193877551020409,0.23763806249052116,
morehopqa,63,DT,0.1989583333333334,0.26963850629706354,
morehopqa,63,FT_K1,0.2826388888888889,0.3489105930569199,
morehopqa,64,DT,0.22782608695652176,0.34004970598275397,
morehopqa,64,FT_K1,0.3295652173913044,0.3829860342936273,
morehopqa,65,DT,0.26231884057971017,0.44268674316801293,
morehopqa,65,FT_K1,0.25471014492753624,0.3266348863230174,
morehopqa,66,DT,0.10087822014051524,0.12231457114930211,
morehopqa,66,FT_K1,0.18870023419203746,0.28050085252638923,
morehopqa,67,DT,0.19331896551724137,0.3012304461480389,
morehopqa,67,FT_K1,0.20818965517241383,0.24355359457681516,
morehopqa,68,DT,0.0794987146529563,0.11806013655342455,
morehopqa,68,FT_K1,0.11934447300771214,0.2616213184507218,
morehopqa,69,DT,0.12999999999999998,0.16651288159762684,
morehopqa,69,FT_K1,0.11375000000000002,0.2465939144214629,
morehopqa,70,DT,0.1470164609053498,0.1942037675223276,
morehopqa,70,FT_K1,0.20956790123456792,0.26874871603344475,
morehopqa,71,DT,0.06358921161825726,0.0790855908550087,
morehopqa,71,FT_K1,0.12147302904564314,0.24791877844423377,
morehopqa,72,DT,0.2182203389830509,0.3186673570292921,
morehopqa,72,FT_K1,0.1885593220338983,0.271718143118224,
morehopqa,73,DT,0.15314070351758793,0.18398851150733608,
morehopqa,73,FT_K1,0.18806532663316583,0.3062790581609799,
morehopqa,74,DT,0.16346153846153846,0.2034955899648271,
morehopqa,74,FT_K1,0.19982517482517484,0.2959378420365601,
morehopqa,75,DT,0.25482954545454545,0.4037078944509469,
morehopqa,75,FT_K1,0.26534090909090907,0.3204706287641295,
morehopqa,76,DT,0.11163366336633665,0.13752032518446639,
morehopqa,76,FT_K1,0.1957920792079208,0.26404848253692315,
morehopqa,77,DT,0.135062893081761,0.22392172832304533,
morehopqa,77,FT_K1,0.33506289308176107,0.41729401386522713,
morehopqa,78,DT,0.1890845070422535,0.3343651977070069,
morehopqa,78,FT_K1,0.2792253521126761,0.343486462701721,
morehopqa,79,DT,0.18765432098765436,0.24943304416628428,
morehopqa,79,FT_K1,0.24475308641975307,0.2819947284490813,
morehopqa,80,DT,0.07191011235955055,0.08258439574371383,
morehopqa,80,FT_K1,0.08848314606741572,0.2716588536253527,
morehopqa,81,DT,0.2779953917050691,0.46415447333241816,
morehopqa,81,FT_K1,0.30564516129032254,0.3812302360412823,
morehopqa,82,DT,0.23490990990990995,0.37951590446126326,
morehopqa,82,FT_K1,0.1704954954954955,0.23196737470129966,
morehopqa,83,DT,0.09384057971014496,0.14522301760315448,
morehopqa,83,FT_K1,0.14746376811594203,0.21717445487052472,
morehopqa,84,DT,0.15031645569620256,0.24119956724160238,
morehopqa,84,FT_K1,0.23512658227848102,0.310030012504705,
morehopqa,85,DT,0.12327586206896553,0.17853241811204906,
morehopqa,85,FT_K1,0.225,0.27861715432621437,
morehopqa,86,DT,0.19081632653061226,0.31218748243581596,
morehopqa,86,FT_K1,0.23775510204081635,0.3277131911725425,
morehopqa,87,DT,0.21724489795918367,0.32008167693749573,
morehopqa,87,FT_K1,0.2547959183673469,0.3025633322398921,
morehopqa,88,DT,0.14375,0.24332926135004573,
morehopqa,88,FT_K1,0.215625,0.2812792459145734,
morehopqa,89,DT,0.025,0.0773470345139325,
morehopqa,89,FT_K1,0.06388888888888888,0.22316985802109,
morehopqa,90,DT,0.0932634730538922,0.1444460035153712,
morehopqa,90,FT_K1,0.11961077844311377,0.2628768800622728,
morehopqa,91,DT,0.17390109890109892,0.280882635590425,
morehopqa,91,FT_K1,0.26208791208791204,0.33591968668021144,
morehopqa,92,DT,0.20888157894736842,0.2790675486126847,
morehopqa,92,FT_K1,0.24342105263157898,0.2706139914799956,
morehopqa,93,DT,0.07205882352941177,0.09509376632371835,
morehopqa,93,FT_K1,0.09441176470588238,0.20968450043566333,
morehopqa,94,DT,0.12874331550802137,0.17663619653630258,
morehopqa,94,FT_K1,0.13435828877005349,0.2610936020686333,
