dataset,index,method,recall,rise,mas
vt_h2_c3,0,DT,0.6538461538461539,0.10295698924731181,0.11431943208110984
vt_h2_c3,0,FT_K1,0.46153846153846156,0.15846774193548388,0.22500668774383467
vt_h2_c3,0,ifr-tokenwise,0.7692307692307693,0.16774193548387095,0.2392849205987247
vt_h2_c3,0,FT_K3,0.46153846153846156,,
vt_h2_c3,1,DT,0.7407407407407407,0.11682561307901904,0.1346557522954938
vt_h2_c3,1,FT_K1,0.7407407407407407,0.1447547683923706,0.21370578647901653
vt_h2_c3,1,ifr-tokenwise,0.7777777777777778,0.1702316076294278,0.24181323774627525
vt_h2_c3,1,FT_K3,0.7407407407407407,,
vt_h2_c3,2,DT,0.8275862068965517,0.1387566137566138,0.16916132226035047
vt_h2_c3,2,FT_K1,0.6896551724137931,0.1767195767195767,0.24150601333486063
vt_h2_c3,2,ifr-tokenwise,0.7931034482758621,0.19457671957671957,0.2717022040988613
vt_h2_c3,2,FT_K3,0.6896551724137931,,
vt_h2_c3,3,DT,0.7777777777777778,0.1554918032786885,0.2034421208852582
vt_h2_c3,3,FT_K1,0.8148148148148148,0.1510655737704918,0.20942067497755987
vt_h2_c3,3,ifr-tokenwise,0.8518518518518519,0.1531967213114754,0.20258768181450212
vt_h2_c3,3,FT_K3,0.8148148148148148,,
vt_h2_c3,4,DT,0.8666666666666667,0.10177053824362607,0.11586137614591836
vt_h2_c3,4,FT_K1,0.6333333333333333,0.15318696883852692,0.22699853376716553
vt_h2_c3,4,ifr-tokenwise,0.7333333333333333,0.17202549575070822,0.2499259665093831
vt_h2_c3,4,FT_K3,0.6333333333333333,,
vt_h2_c3,5,DT,0.8333333333333334,0.12385057471264367,0.15243045991332455
vt_h2_c3,5,FT_K1,0.7333333333333333,0.14339080459770115,0.22073793776337552
vt_h2_c3,5,ifr-tokenwise,0.7333333333333333,0.1649425287356322,0.24461964103811265
vt_h2_c3,5,FT_K3,0.7333333333333333,,
vt_h2_c3,6,DT,0.8275862068965517,0.1078571428571429,0.12415725060303537
vt_h2_c3,6,FT_K1,0.7931034482758621,0.15171428571428575,0.2214652877708701
vt_h2_c3,6,ifr-tokenwise,0.8275862068965517,0.16271428571428573,0.2312928830408072
vt_h2_c3,6,FT_K3,0.7931034482758621,,
vt_h2_c3,7,DT,0.8571428571428571,0.09823943661971832,0.11079232990241136
vt_h2_c3,7,FT_K1,0.6071428571428571,0.13471830985915492,0.21678539058739532
vt_h2_c3,7,ifr-tokenwise,0.7857142857142857,0.14922535211267607,0.21623784852622263
vt_h2_c3,7,FT_K3,0.6071428571428571,,
vt_h2_c3,8,DT,0.8064516129032258,0.1306,0.15692450516079987
vt_h2_c3,8,FT_K1,0.6451612903225806,0.16766666666666669,0.23933176105639326
vt_h2_c3,8,ifr-tokenwise,0.7741935483870968,0.18380000000000002,0.26265394844003437
vt_h2_c3,8,FT_K3,0.6451612903225806,,
vt_h2_c3,9,DT,0.6785714285714286,0.11530470914127425,0.14556284932340766
vt_h2_c3,9,FT_K1,0.6785714285714286,0.15477839335180055,0.22202806552834847
vt_h2_c3,9,ifr-tokenwise,0.7857142857142857,0.17001385041551248,0.23958838670939747
vt_h2_c3,9,FT_K3,0.6785714285714286,,
vt_h2_c3,10,DT,0.7777777777777778,0.16344339622641507,0.23189717134154525
vt_h2_c3,10,FT_K1,0.7777777777777778,0.14150943396226418,0.19890580412483466
vt_h2_c3,10,ifr-tokenwise,0.8148148148148148,0.14457547169811322,0.1919913903884216
vt_h2_c3,10,FT_K3,0.7777777777777778,,
vt_h2_c3,11,DT,0.875,0.09213483146067417,0.11095910067750676
vt_h2_c3,11,FT_K1,0.65625,0.13735955056179774,0.21413066455355217
vt_h2_c3,11,ifr-tokenwise,0.78125,0.15758426966292136,0.23495654595682
vt_h2_c3,11,FT_K3,0.65625,,
vt_h2_c3,12,DT,0.7241379310344828,0.12112625538020087,0.142007387736321
vt_h2_c3,12,FT_K1,0.5517241379310345,0.15340746054519366,0.23208848387411188
vt_h2_c3,12,ifr-tokenwise,0.7241379310344828,0.1678981348637016,0.24253334386148237
vt_h2_c3,12,FT_K3,0.5517241379310345,,
vt_h2_c3,13,DT,0.8214285714285714,0.12008196721311475,0.14163525537491664
vt_h2_c3,13,FT_K1,0.6428571428571429,0.15259562841530055,0.22117136998013395
vt_h2_c3,13,ifr-tokenwise,0.75,0.16448087431693986,0.23444909639486636
vt_h2_c3,13,FT_K3,0.6428571428571429,,
vt_h2_c3,14,DT,0.7857142857142857,0.1097457627118644,0.11763518753132281
vt_h2_c3,14,FT_K1,0.6071428571428571,0.16144067796610168,0.23521728610777
vt_h2_c3,14,ifr-tokenwise,0.75,0.17372881355932202,0.24882414078703657
vt_h2_c3,14,FT_K3,0.6071428571428571,,
vt_h2_c3,15,DT,0.7666666666666667,0.15628078817733992,0.2077868789130468
vt_h2_c3,15,FT_K1,0.6,0.1314039408866995,0.18081072528142803
vt_h2_c3,15,ifr-tokenwise,0.7333333333333333,0.14445812807881772,0.17273741288812391
vt_h2_c3,15,FT_K3,0.6,,
vt_h2_c3,16,DT,0.6551724137931034,0.11362973760932944,0.12419812278601568
vt_h2_c3,16,FT_K1,0.6896551724137931,0.16202623906705538,0.24007591827376995
vt_h2_c3,16,ifr-tokenwise,0.7586206896551724,0.1719387755102041,0.2506983054703019
vt_h2_c3,16,FT_K3,0.6896551724137931,,
vt_h2_c3,17,DT,0.7586206896551724,0.17062211981566822,0.20991863690536766
vt_h2_c3,17,FT_K1,0.6896551724137931,0.14089861751152072,0.20375543086865355
vt_h2_c3,17,ifr-tokenwise,0.7586206896551724,0.1475806451612903,0.18858146090520558
vt_h2_c3,17,FT_K3,0.6896551724137931,,
vt_h2_c3,18,DT,0.8928571428571429,0.1421806167400881,0.1871730409287177
vt_h2_c3,18,FT_K1,0.6785714285714286,0.12279735682819384,0.18463357262361463
vt_h2_c3,18,ifr-tokenwise,0.75,0.1351321585903084,0.17053239783888452
vt_h2_c3,18,FT_K3,0.6785714285714286,,
vt_h2_c3,19,DT,0.896551724137931,0.11385714285714284,0.11956115934317771
vt_h2_c3,19,FT_K1,0.7241379310344828,0.15014285714285713,0.2201286868745827
vt_h2_c3,19,ifr-tokenwise,0.7586206896551724,0.16657142857142856,0.23307133965296525
vt_h2_c3,19,FT_K3,0.7241379310344828,,
vt_h2_c3,20,DT,0.8214285714285714,0.16097285067873301,0.24869479939127342
vt_h2_c3,20,FT_K1,0.7142857142857143,0.1243212669683258,0.2043416339046654
vt_h2_c3,20,ifr-tokenwise,0.7857142857142857,0.1281674208144796,0.1932048693152492
vt_h2_c3,20,FT_K3,0.7142857142857143,,
vt_h2_c3,21,DT,0.76,0.1160112359550562,0.14630121578333605
vt_h2_c3,21,FT_K1,0.6,0.16558988764044943,0.23846639267530967
vt_h2_c3,21,ifr-tokenwise,0.72,0.17879213483146067,0.26316424783788717
vt_h2_c3,21,FT_K3,0.6,,
vt_h2_c3,22,DT,0.8333333333333334,0.14513729977116704,0.19160833550318496
vt_h2_c3,22,FT_K1,0.7333333333333333,0.12866132723112128,0.19632775427359017
vt_h2_c3,22,ifr-tokenwise,0.7666666666666667,0.13003432494279177,0.17361717670910953
vt_h2_c3,22,FT_K3,0.7333333333333333,,
vt_h2_c3,23,DT,0.8,0.13642857142857143,0.16337194991317022
vt_h2_c3,23,FT_K1,0.7333333333333333,0.1540909090909091,0.2278830919513021
vt_h2_c3,23,ifr-tokenwise,0.8333333333333334,0.17357142857142854,0.24261893550355795
vt_h2_c3,23,FT_K3,0.7333333333333333,,
vt_h2_c3,24,DT,0.8333333333333334,0.09726890756302523,0.11635114065870031
vt_h2_c3,24,FT_K1,0.6,0.1426470588235294,0.22455586866562444
vt_h2_c3,24,ifr-tokenwise,0.7666666666666667,0.15231092436974789,0.22743788355782352
vt_h2_c3,24,FT_K3,0.6,,
vt_h2_c3,25,DT,0.6666666666666666,0.10562678062678063,0.1271059678300753
vt_h2_c3,25,FT_K1,0.5925925925925926,0.15106837606837606,0.22333201119838525
vt_h2_c3,25,ifr-tokenwise,0.7037037037037037,0.16730769230769232,0.24226332282713567
vt_h2_c3,25,FT_K3,0.5925925925925926,,
vt_h2_c3,26,DT,0.9285714285714286,0.12528571428571428,0.1390642619702339
vt_h2_c3,26,FT_K1,0.7857142857142857,0.173,0.24475884393976116
vt_h2_c3,26,ifr-tokenwise,0.8214285714285714,0.17857142857142855,0.25508480700683267
vt_h2_c3,26,FT_K3,0.7857142857142857,,
vt_h2_c3,27,DT,0.896551724137931,0.17621951219512194,0.2603373334966713
vt_h2_c3,27,FT_K1,0.6206896551724138,0.14378048780487804,0.20580699512005127
vt_h2_c3,27,ifr-tokenwise,0.7241379310344828,0.14378048780487807,0.18913765515983796
vt_h2_c3,27,FT_K3,0.6206896551724138,,
vt_h2_c3,28,DT,0.8846153846153846,0.10259999999999998,0.11581515770989821
vt_h2_c3,28,FT_K1,0.7692307692307693,0.14673333333333333,0.2221885663602759
vt_h2_c3,28,ifr-tokenwise,0.8076923076923077,0.15646666666666667,0.22791355278348555
vt_h2_c3,28,FT_K3,0.7692307692307693,,
vt_h2_c3,29,DT,0.8148148148148148,0.12792479108635096,0.1534705434058221
vt_h2_c3,29,FT_K1,0.5185185185185185,0.14784122562674096,0.22037087809643335
vt_h2_c3,29,ifr-tokenwise,0.7407407407407407,0.16664345403899722,0.23345234606769427
vt_h2_c3,29,FT_K3,0.5185185185185185,,
vt_h2_c3,30,DT,0.8214285714285714,0.11631652661064426,0.12403153860946108
vt_h2_c3,30,FT_K1,0.6785714285714286,0.14978991596638655,0.2192981428658458
vt_h2_c3,30,ifr-tokenwise,0.7857142857142857,0.16491596638655462,0.2409584254050991
vt_h2_c3,30,FT_K3,0.6785714285714286,,
vt_h2_c3,31,DT,0.8333333333333334,0.10035014005602241,0.11850284598424543
vt_h2_c3,31,FT_K1,0.6333333333333333,0.1593137254901961,0.2342359530907884
vt_h2_c3,31,ifr-tokenwise,0.8,0.16561624649859946,0.2524470765817418
vt_h2_c3,31,FT_K3,0.6333333333333333,,
vt_h2_c3,32,DT,0.7,0.10148902821316612,0.11417446690027222
vt_h2_c3,32,FT_K1,0.6333333333333333,0.1726489028213166,0.24591044789864705
vt_h2_c3,32,ifr-tokenwise,0.7666666666666667,0.17405956112852666,0.2492527031945791
vt_h2_c3,32,FT_K3,0.6333333333333333,,
vt_h2_c3,33,DT,0.8275862068965517,0.11588319088319085,0.13148399696240357
vt_h2_c3,33,FT_K1,0.6896551724137931,0.15890313390313393,0.23034657543240167
vt_h2_c3,33,ifr-tokenwise,0.7586206896551724,0.16901709401709403,0.24460938183284142
vt_h2_c3,33,FT_K3,0.6896551724137931,,
vt_h2_c3,34,DT,0.8076923076923077,0.11451612903225808,0.12783028063361485
vt_h2_c3,34,FT_K1,0.7692307692307693,0.16478494623655915,0.2300791332038994
vt_h2_c3,34,ifr-tokenwise,0.8846153846153846,0.1766129032258065,0.2528476104580756
vt_h2_c3,34,FT_K3,0.7692307692307693,,
vt_h2_c3,35,DT,0.7666666666666667,0.11868863955119216,0.14371985271405802
vt_h2_c3,35,FT_K1,0.6,0.15234922861150071,0.2312673937073643
vt_h2_c3,35,ifr-tokenwise,0.7333333333333333,0.169179523141655,0.23867864524891447
vt_h2_c3,35,FT_K3,0.6,,
vt_h2_c3,36,DT,0.8214285714285714,0.10680555555555556,0.12377491838751994
vt_h2_c3,36,FT_K1,0.7142857142857143,0.14472222222222225,0.21358121192116317
vt_h2_c3,36,ifr-tokenwise,0.7857142857142857,0.16319444444444445,0.23862746262363652
vt_h2_c3,36,FT_K3,0.7142857142857143,,
vt_h2_c3,37,DT,0.7419354838709677,0.12613960113960115,0.14440274135755
vt_h2_c3,37,FT_K1,0.6129032258064516,0.1557692307692308,0.23467576483909372
vt_h2_c3,37,ifr-tokenwise,0.7096774193548387,0.16659544159544157,0.24329636421380346
vt_h2_c3,37,FT_K3,0.6129032258064516,,
vt_h2_c3,38,DT,0.75,0.18431818181818183,0.2854364294627519
vt_h2_c3,38,FT_K1,0.5714285714285714,0.14431818181818185,0.20404333670617314
vt_h2_c3,38,ifr-tokenwise,0.7142857142857143,0.15045454545454545,0.1927442488067465
vt_h2_c3,38,FT_K3,0.5714285714285714,,
vt_h2_c3,39,DT,0.8928571428571429,0.1285139092240117,0.15429580955812275
vt_h2_c3,39,FT_K1,0.75,0.16233528550512447,0.22448837329593094
vt_h2_c3,39,ifr-tokenwise,0.8214285714285714,0.17595168374816983,0.2416102645262222
vt_h2_c3,39,FT_K3,0.75,,
vt_h2_c3,40,DT,0.7931034482758621,0.13224637681159418,0.14920629537160215
vt_h2_c3,40,FT_K1,0.7241379310344828,0.1710869565217391,0.24202126345473002
vt_h2_c3,40,ifr-tokenwise,0.7586206896551724,0.17615942028985504,0.25906775642992586
vt_h2_c3,40,FT_K3,0.7241379310344828,,
vt_h2_c3,41,DT,0.65625,0.1327294685990338,0.1696591597147205
vt_h2_c3,41,FT_K1,0.65625,0.13079710144927537,0.18627879776243286
vt_h2_c3,41,ifr-tokenwise,0.75,0.13659420289855073,0.17775071663575986
vt_h2_c3,41,FT_K3,0.65625,,
vt_h2_c3,42,DT,0.8928571428571429,0.11329629629629627,0.12550764994847935
vt_h2_c3,42,FT_K1,0.75,0.15359259259259259,0.22640821953205248
vt_h2_c3,42,ifr-tokenwise,0.7857142857142857,0.15729629629629632,0.22867500145112407
vt_h2_c3,42,FT_K3,0.75,,
vt_h2_c3,43,DT,0.8,0.1232248520710059,0.1367797199119888
vt_h2_c3,43,FT_K1,0.6,0.1596153846153846,0.2303498942902488
vt_h2_c3,43,ifr-tokenwise,0.7333333333333333,0.16671597633136095,0.24079213395812663
vt_h2_c3,43,FT_K3,0.6,,
vt_h2_c3,44,DT,0.7419354838709677,0.10306267806267806,0.12207934784859682
vt_h2_c3,44,FT_K1,0.6774193548387096,0.15049857549857554,0.23408978706845768
vt_h2_c3,44,ifr-tokenwise,0.7419354838709677,0.1673076923076923,0.2439271097239545
vt_h2_c3,44,FT_K3,0.6774193548387096,,
vt_h2_c3,45,DT,0.9,0.14330985915492958,0.1807899130770707
vt_h2_c3,45,FT_K1,0.7666666666666667,0.11889671361502348,0.19730591292248234
vt_h2_c3,45,ifr-tokenwise,0.8333333333333334,0.11561032863849766,0.17980880178992087
vt_h2_c3,45,FT_K3,0.7666666666666667,,
vt_h2_c3,46,DT,0.75,0.10957142857142858,0.12227371744620663
vt_h2_c3,46,FT_K1,0.75,0.15614285714285717,0.2380604729424502
vt_h2_c3,46,ifr-tokenwise,0.7857142857142857,0.16599999999999998,0.23686270385286723
vt_h2_c3,46,FT_K3,0.75,,
vt_h2_c3,47,DT,0.6923076923076923,0.11767241379310345,0.13972621560448945
vt_h2_c3,47,FT_K1,0.6538461538461539,0.16163793103448276,0.24082629742907308
vt_h2_c3,47,ifr-tokenwise,0.7692307692307693,0.16968390804597702,0.24682876908737245
vt_h2_c3,47,FT_K3,0.6538461538461539,,
vt_h2_c3,48,DT,0.8928571428571429,0.11947513812154698,0.13494641085374565
vt_h2_c3,48,FT_K1,0.7857142857142857,0.16988950276243092,0.24555589682899653
vt_h2_c3,48,ifr-tokenwise,0.8571428571428571,0.18715469613259667,0.27066150422883767
vt_h2_c3,48,FT_K3,0.7857142857142857,,
vt_h2_c3,49,DT,0.7857142857142857,0.1416281755196305,0.1761396630871376
vt_h2_c3,49,FT_K1,0.5714285714285714,0.12084295612009237,0.1797823437248983
vt_h2_c3,49,ifr-tokenwise,0.6785714285714286,0.12915704387990762,0.17195229110647087
vt_h2_c3,49,FT_K3,0.5714285714285714,,
vt_h2_c3,50,DT,0.76,0.13314977973568282,0.16179501095277
vt_h2_c3,50,FT_K1,0.72,0.13755506607929516,0.20519308698749464
vt_h2_c3,50,ifr-tokenwise,0.76,0.13557268722466959,0.17886429809480905
vt_h2_c3,50,FT_K3,0.72,,
vt_h2_c3,51,DT,0.7407407407407407,0.10500000000000001,0.11414749506225463
vt_h2_c3,51,FT_K1,0.6296296296296297,0.15500000000000003,0.2287933876543499
vt_h2_c3,51,ifr-tokenwise,0.8148148148148148,0.16485915492957748,0.24028089729059934
vt_h2_c3,51,FT_K3,0.6296296296296297,,
vt_h2_c3,52,DT,0.6896551724137931,0.10563583815028901,0.12448760930236968
vt_h2_c3,52,FT_K1,0.7586206896551724,0.1533236994219653,0.2291667051746248
vt_h2_c3,52,ifr-tokenwise,0.7931034482758621,0.17182080924855495,0.2519866302282125
vt_h2_c3,52,FT_K3,0.7586206896551724,,
vt_h2_c3,53,DT,0.8214285714285714,0.14227272727272727,0.18902310256935087
vt_h2_c3,53,FT_K1,0.6428571428571429,0.13136363636363635,0.20364507939125426
vt_h2_c3,53,ifr-tokenwise,0.75,0.14,0.19184900187343343
vt_h2_c3,53,FT_K3,0.6428571428571429,,
vt_h2_c3,54,DT,0.7,0.13176258992805756,0.14821574829599818
vt_h2_c3,54,FT_K1,0.6666666666666666,0.16499999999999998,0.2322762060293632
vt_h2_c3,54,ifr-tokenwise,0.7666666666666667,0.1848561151079137,0.25337917975747115
vt_h2_c3,54,FT_K3,0.6666666666666666,,
vt_h2_c3,55,DT,0.75,0.11466442953020133,0.12534020552568964
vt_h2_c3,55,FT_K1,0.6428571428571429,0.1580201342281879,0.22603193578476327
vt_h2_c3,55,ifr-tokenwise,0.7857142857142857,0.1692953020134228,0.23318863920332195
vt_h2_c3,55,FT_K3,0.6428571428571429,,
vt_h2_c3,56,DT,0.8928571428571429,0.09045454545454545,0.10494452089031281
vt_h2_c3,56,FT_K1,0.7142857142857143,0.15045454545454545,0.2310730907639181
vt_h2_c3,56,ifr-tokenwise,0.7857142857142857,0.16318181818181818,0.24417175256038232
vt_h2_c3,56,FT_K3,0.7142857142857143,,
vt_h2_c3,57,DT,0.8214285714285714,0.09823943661971832,0.11578300995464955
vt_h2_c3,57,FT_K1,0.7857142857142857,0.14908450704225348,0.21908648808089368
vt_h2_c3,57,ifr-tokenwise,0.7857142857142857,0.15542253521126762,0.22844051609699986
vt_h2_c3,57,FT_K3,0.7857142857142857,,
vt_h2_c3,58,DT,0.75,0.11283592644978786,0.12739433460812438
vt_h2_c3,58,FT_K1,0.6785714285714286,0.15739038189533242,0.22061056150931163
vt_h2_c3,58,ifr-tokenwise,0.75,0.17577793493635077,0.24440784463020265
vt_h2_c3,58,FT_K3,0.6785714285714286,,
vt_h2_c3,59,DT,0.8518518518518519,0.11451612903225805,0.14076610528058106
vt_h2_c3,59,FT_K1,0.7407407407407407,0.14852150537634407,0.22295590992741632
vt_h2_c3,59,ifr-tokenwise,0.8148148148148148,0.1603494623655914,0.23576450994674408
vt_h2_c3,59,FT_K3,0.7407407407407407,,
vt_h2_c3,60,DT,0.7931034482758621,0.09375000000000003,0.11089052581717537
vt_h2_c3,60,FT_K1,0.6206896551724138,0.15411931818181818,0.21878391461857633
vt_h2_c3,60,ifr-tokenwise,0.7586206896551724,0.16818181818181815,0.24165679437502022
vt_h2_c3,60,FT_K3,0.6206896551724138,,
vt_h2_c3,61,DT,0.8461538461538461,0.10986486486486487,0.1199350664039595
vt_h2_c3,61,FT_K1,0.6923076923076923,0.1516216216216216,0.22688465162480909
vt_h2_c3,61,ifr-tokenwise,0.7692307692307693,0.1577027027027027,0.23539740230326273
vt_h2_c3,61,FT_K3,0.6923076923076923,,
vt_h2_c3,62,DT,0.8214285714285714,0.1121345029239766,0.12378218354648049
vt_h2_c3,62,FT_K1,0.6428571428571429,0.16198830409356724,0.23328099074889294
vt_h2_c3,62,ifr-tokenwise,0.7142857142857143,0.16739766081871343,0.249236420760352
vt_h2_c3,62,FT_K3,0.6428571428571429,,
vt_h2_c3,63,DT,0.7857142857142857,0.09933333333333334,0.11418328369532318
vt_h2_c3,63,FT_K1,0.6071428571428571,0.14383333333333334,0.2241346299491648
vt_h2_c3,63,ifr-tokenwise,0.7857142857142857,0.16283333333333333,0.2339489755795312
vt_h2_c3,63,FT_K3,0.6071428571428571,,
vt_h2_c3,64,DT,0.8461538461538461,0.10909785932721713,0.13354910115449195
vt_h2_c3,64,FT_K1,0.7307692307692307,0.15496941896024466,0.22248491587103505
vt_h2_c3,64,ifr-tokenwise,0.8076923076923077,0.1682721712538226,0.23960628566579115
vt_h2_c3,64,FT_K3,0.7307692307692307,,
vt_h2_c3,65,DT,0.75,0.10400552486187846,0.11359232288983442
vt_h2_c3,65,FT_K1,0.6785714285714286,0.15013812154696132,0.22151923347351468
vt_h2_c3,65,ifr-tokenwise,0.7857142857142857,0.15870165745856352,0.2312051814073913
vt_h2_c3,65,FT_K3,0.6785714285714286,,
vt_h2_c3,66,DT,0.8709677419354839,0.10749999999999997,0.12647752646029442
vt_h2_c3,66,FT_K1,0.7741935483870968,0.15625,0.22829049340781768
vt_h2_c3,66,ifr-tokenwise,0.8064516129032258,0.16319444444444445,0.23533872569121495
vt_h2_c3,66,FT_K3,0.7741935483870968,,
vt_h2_c3,67,DT,0.8,0.11263736263736264,0.13082110530582297
vt_h2_c3,67,FT_K1,0.7333333333333333,0.1434065934065934,0.2203114435514649
vt_h2_c3,67,ifr-tokenwise,0.8,0.15535714285714286,0.22482855500107407
vt_h2_c3,67,FT_K3,0.7333333333333333,,
vt_h2_c3,68,DT,0.6333333333333333,0.10665680473372781,0.11988993406868384
vt_h2_c3,68,FT_K1,0.6333333333333333,0.14275147928994084,0.22092582784473164
vt_h2_c3,68,ifr-tokenwise,0.7666666666666667,0.16464497041420117,0.2452138641664586
vt_h2_c3,68,FT_K3,0.6333333333333333,,
vt_h2_c3,69,DT,0.7307692307692307,0.11236998514115899,0.12515618855797997
vt_h2_c3,69,FT_K1,0.6538461538461539,0.15590638930163447,0.23109056864866825
vt_h2_c3,69,ifr-tokenwise,0.7307692307692307,0.17403417533432392,0.25429089574612956
vt_h2_c3,69,FT_K3,0.6538461538461539,,
vt_h2_c3,70,DT,0.8666666666666667,0.10282426778242677,0.11715585963183557
vt_h2_c3,70,FT_K1,0.7,0.1562412831241283,0.2296530247569081
vt_h2_c3,70,ifr-tokenwise,0.8,0.15805439330543933,0.23416221742761018
vt_h2_c3,70,FT_K3,0.7,,
vt_h2_c3,71,DT,0.7857142857142857,0.1317547723935389,0.15328107170187616
vt_h2_c3,71,FT_K1,0.6785714285714286,0.15458883994126285,0.235617131486541
vt_h2_c3,71,ifr-tokenwise,0.75,0.17015418502202642,0.2535305369112512
vt_h2_c3,71,FT_K3,0.6785714285714286,,
vt_h2_c3,72,DT,0.8620689655172413,0.13237463126843657,0.16268579939037417
vt_h2_c3,72,FT_K1,0.6206896551724138,0.15287610619469025,0.22475366943109276
vt_h2_c3,72,ifr-tokenwise,0.8275862068965517,0.16261061946902652,0.2331985390787977
vt_h2_c3,72,FT_K3,0.6206896551724138,,
vt_h2_c3,73,DT,0.8,0.11651193633952257,0.13113637529380642
vt_h2_c3,73,FT_K1,0.7666666666666667,0.15749336870026526,0.22665562371136277
vt_h2_c3,73,ifr-tokenwise,0.7666666666666667,0.17805039787798407,0.2531274303770568
vt_h2_c3,73,FT_K3,0.7666666666666667,,
vt_h2_c3,74,DT,0.8214285714285714,0.13767605633802818,0.17734371453466485
vt_h2_c3,74,FT_K1,0.6071428571428571,0.12523474178403754,0.1872587047910788
vt_h2_c3,74,ifr-tokenwise,0.7142857142857143,0.12570422535211268,0.17556677925164038
vt_h2_c3,74,FT_K3,0.6071428571428571,,
vt_h2_c3,75,DT,0.7857142857142857,0.12277777777777779,0.14222297916637616
vt_h2_c3,75,FT_K1,0.75,0.1688888888888889,0.24685178868676103
vt_h2_c3,75,ifr-tokenwise,0.7857142857142857,0.18069444444444444,0.2527321971556725
vt_h2_c3,75,FT_K3,0.75,,
vt_h2_c3,76,DT,0.75,0.1386470588235294,0.18453974985452298
vt_h2_c3,76,FT_K1,0.6428571428571429,0.13017647058823528,0.1837670224431068
vt_h2_c3,76,ifr-tokenwise,0.7857142857142857,0.13888235294117646,0.1674879357542442
vt_h2_c3,76,FT_K3,0.6428571428571429,,
vt_h2_c3,77,DT,0.8,0.11717877094972066,0.13067671529215605
vt_h2_c3,77,FT_K1,0.7,0.1597765363128492,0.2370290215565737
vt_h2_c3,77,ifr-tokenwise,0.7666666666666667,0.16578212290502797,0.23717944480731146
vt_h2_c3,77,FT_K3,0.7,,
vt_h2_c3,78,DT,0.8214285714285714,0.10138888888888889,0.12406893081282153
vt_h2_c3,78,FT_K1,0.6428571428571429,0.13611111111111113,0.20415704457463857
vt_h2_c3,78,ifr-tokenwise,0.7857142857142857,0.15486111111111112,0.2243893983290201
vt_h2_c3,78,FT_K3,0.6428571428571429,,
vt_h2_c3,79,DT,0.7142857142857143,0.10346607669616519,0.11940475482364069
vt_h2_c3,79,FT_K1,0.5714285714285714,0.14255162241887906,0.22889207379323412
vt_h2_c3,79,ifr-tokenwise,0.7857142857142857,0.16762536873156342,0.24522298277527416
vt_h2_c3,79,FT_K3,0.5714285714285714,,
vt_h2_c3,80,DT,0.75,0.12757142857142859,0.1490647319461462
vt_h2_c3,80,FT_K1,0.6071428571428571,0.17857142857142855,0.2565167700768273
vt_h2_c3,80,ifr-tokenwise,0.8214285714285714,0.18357142857142855,0.26108182990039785
vt_h2_c3,80,FT_K3,0.6071428571428571,,
vt_h2_c3,81,DT,0.8571428571428571,0.11338028169014083,0.1267687428479137
vt_h2_c3,81,FT_K1,0.7857142857142857,0.1470070422535211,0.21386268965018157
vt_h2_c3,81,ifr-tokenwise,0.8571428571428571,0.16320422535211265,0.2243086216685842
vt_h2_c3,81,FT_K3,0.7857142857142857,,
vt_h2_c3,82,DT,0.8928571428571429,0.11114958448753462,0.1245205605465455
vt_h2_c3,82,FT_K1,0.7857142857142857,0.16558171745152356,0.23652637568718138
vt_h2_c3,82,ifr-tokenwise,0.8214285714285714,0.1738919667590028,0.25116108068657683
vt_h2_c3,82,FT_K3,0.7857142857142857,,
vt_h2_c3,83,DT,0.896551724137931,0.11982288828337875,0.13419404114861616
vt_h2_c3,83,FT_K1,0.7931034482758621,0.1641008174386921,0.24122271889084407
vt_h2_c3,83,ifr-tokenwise,0.7931034482758621,0.16818801089918256,0.2523064416745476
vt_h2_c3,83,FT_K3,0.7931034482758621,,
vt_h2_c3,84,DT,0.7692307692307693,0.10795774647887324,0.12529045905030367
vt_h2_c3,84,FT_K1,0.6538461538461539,0.14612676056338028,0.2232655204580655
vt_h2_c3,84,ifr-tokenwise,0.7692307692307693,0.15387323943661974,0.2275013677702152
vt_h2_c3,84,FT_K3,0.6538461538461539,,
vt_h2_c3,85,DT,0.8666666666666667,0.1131401617250674,0.12612572991437715
vt_h2_c3,85,FT_K1,0.6333333333333333,0.1588274932614555,0.23068770951057876
vt_h2_c3,85,ifr-tokenwise,0.7666666666666667,0.17998652291105124,0.2476520329107179
vt_h2_c3,85,FT_K3,0.6333333333333333,,
vt_h2_c3,86,DT,0.7419354838709677,0.16378504672897196,0.22029191537326653
vt_h2_c3,86,FT_K1,0.5483870967741935,0.12850467289719628,0.19602615815863283
vt_h2_c3,86,ifr-tokenwise,0.7419354838709677,0.13154205607476635,0.17916856169146883
vt_h2_c3,86,FT_K3,0.5483870967741935,,
vt_h2_c3,87,DT,0.8666666666666667,0.09727866473149493,0.11179232012100897
vt_h2_c3,87,FT_K1,0.6666666666666666,0.16070391872278664,0.23410094018490502
vt_h2_c3,87,ifr-tokenwise,0.7333333333333333,0.16999274310595064,0.2383316643250088
vt_h2_c3,87,FT_K3,0.6666666666666666,,
vt_h2_c3,88,DT,0.8148148148148148,0.1441891891891892,0.1834512325264508
vt_h2_c3,88,FT_K1,0.6666666666666666,0.1582432432432432,0.22268744391980505
vt_h2_c3,88,ifr-tokenwise,0.7777777777777778,0.16986486486486488,0.2367999930294912
vt_h2_c3,88,FT_K3,0.6666666666666666,,
vt_h2_c3,89,DT,0.8571428571428571,0.1331794195250659,0.15276523061783537
vt_h2_c3,89,FT_K1,0.75,0.15283641160949868,0.22689075360790864
vt_h2_c3,89,ifr-tokenwise,0.8571428571428571,0.1619393139841689,0.2323518943339839
vt_h2_c3,89,FT_K3,0.75,,
vt_h2_c3,90,DT,0.8571428571428571,0.09829545454545455,0.11341818315596863
vt_h2_c3,90,FT_K1,0.75,0.1501420454545455,0.2230338398561233
vt_h2_c3,90,ifr-tokenwise,0.75,0.17457386363636365,0.24927294542645692
vt_h2_c3,90,FT_K3,0.75,,
vt_h2_c3,91,DT,0.8571428571428571,0.14189655172413793,0.18033702697155304
vt_h2_c3,91,FT_K1,0.6785714285714286,0.1443103448275862,0.2043676397904585
vt_h2_c3,91,ifr-tokenwise,0.8214285714285714,0.1570689655172414,0.21260478767592833
vt_h2_c3,91,FT_K3,0.6785714285714286,,
vt_h2_c3,92,DT,0.6785714285714286,0.13152777777777777,0.16017910258480778
vt_h2_c3,92,FT_K1,0.6785714285714286,0.16444444444444445,0.23368648964947186
vt_h2_c3,92,ifr-tokenwise,0.75,0.18083333333333335,0.2536406266336589
vt_h2_c3,92,FT_K3,0.6785714285714286,,
vt_h2_c3,93,DT,0.8620689655172413,0.11486666666666667,0.1343928966553462
vt_h2_c3,93,FT_K1,0.6206896551724138,0.14766666666666667,0.21749334859905986
vt_h2_c3,93,ifr-tokenwise,0.7586206896551724,0.16446666666666668,0.23213863762737472
vt_h2_c3,93,FT_K3,0.6206896551724138,,
vt_h2_c3,94,DT,0.8,0.11292134831460673,0.13199719063634524
vt_h2_c3,94,FT_K1,0.7333333333333333,0.1428370786516854,0.22162156688688187
vt_h2_c3,94,ifr-tokenwise,0.8,0.1592696629213483,0.23303829564690642
vt_h2_c3,94,FT_K3,0.7333333333333333,,
vt_h2_c3,95,DT,0.7419354838709677,0.12412790697674418,0.15008021814034012
vt_h2_c3,95,FT_K1,0.6774193548387096,0.1625,0.2369915440552311
vt_h2_c3,95,ifr-tokenwise,0.7419354838709677,0.175,0.25144145628753145
vt_h2_c3,95,FT_K3,0.6774193548387096,,
vt_h2_c3,96,DT,0.8333333333333334,0.10824324324324323,0.11367486862401446
vt_h2_c3,96,FT_K1,0.6,0.15270270270270267,0.2315399980622818
vt_h2_c3,96,ifr-tokenwise,0.7666666666666667,0.15702702702702703,0.2285949528276992
vt_h2_c3,96,FT_K3,0.6,,
vt_h2_c3,97,DT,0.8148148148148148,0.09654696132596688,0.10983427106118923
vt_h2_c3,97,FT_K1,0.6666666666666666,0.1404696132596685,0.21408252352409965
vt_h2_c3,97,ifr-tokenwise,0.7777777777777778,0.1611878453038674,0.23071846105167534
vt_h2_c3,97,FT_K3,0.6666666666666666,,
vt_h2_c3,98,DT,0.8620689655172413,0.13851351351351354,0.18400308960388512
vt_h2_c3,98,FT_K1,0.7586206896551724,0.18189189189189187,0.23884232384205636
vt_h2_c3,98,ifr-tokenwise,0.8620689655172413,0.19729729729729728,0.2656386697714933
vt_h2_c3,98,FT_K3,0.7586206896551724,,
vt_h2_c3,99,DT,0.8214285714285714,0.16675,0.25958254126022434
vt_h2_c3,99,FT_K1,0.6428571428571429,0.16225,0.21760895659954455
vt_h2_c3,99,ifr-tokenwise,0.75,0.16225,0.2070880339030324
vt_h2_c3,99,FT_K3,0.6428571428571429,,
vt_h4_c1,0,DT,0.6666666666666666,0.1306842105263158,0.1725206295678317
vt_h4_c1,0,FT_K1,0.6666666666666666,0.1301578947368421,0.1997921130805637
vt_h4_c1,0,ifr-tokenwise,0.6666666666666666,0.12373684210526317,0.17832399767039978
vt_h4_c1,0,FT_K3,0.6666666666666666,,
vt_h4_c1,1,DT,0.7083333333333334,0.10621085594989559,0.1331185982562814
vt_h4_c1,1,FT_K1,0.7083333333333334,0.11435281837160752,0.184952139559593
vt_h4_c1,1,ifr-tokenwise,0.7083333333333334,0.11518789144050105,0.16858170439477208
vt_h4_c1,1,FT_K3,0.7083333333333334,,
vt_h4_c1,2,DT,0.717391304347826,0.11747967479674797,0.15367762896495088
vt_h4_c1,2,FT_K1,0.717391304347826,0.11138211382113823,0.1830935038242055
vt_h4_c1,2,ifr-tokenwise,0.7391304347826086,0.10975609756097562,0.17082526589355
vt_h4_c1,2,FT_K3,0.717391304347826,,
vt_h4_c1,3,DT,0.6888888888888889,0.11424528301886794,0.138251052151994
vt_h4_c1,3,FT_K1,0.6666666666666666,0.12084905660377358,0.19680191033293898
vt_h4_c1,3,ifr-tokenwise,0.7111111111111111,0.1291509433962264,0.17799346954288464
vt_h4_c1,3,FT_K3,0.6666666666666666,,
vt_h4_c1,4,DT,0.6538461538461539,0.1296747967479675,0.16207651514910554
vt_h4_c1,4,FT_K1,0.6538461538461539,0.11239837398373984,0.1786885302073841
vt_h4_c1,4,ifr-tokenwise,0.6538461538461539,0.11158536585365855,0.15459312747429224
vt_h4_c1,4,FT_K3,0.6346153846153846,,
vt_h4_c1,5,DT,0.6818181818181818,0.12288135593220337,0.15060605223301488
vt_h4_c1,5,FT_K1,0.7045454545454546,0.09745762711864407,0.165089009269821
vt_h4_c1,5,ifr-tokenwise,0.7272727272727273,0.099364406779661,0.1528581856654214
vt_h4_c1,5,FT_K3,0.7045454545454546,,
vt_h4_c1,6,DT,0.7272727272727273,0.1436770428015564,0.18792696752895538
vt_h4_c1,6,FT_K1,0.7045454545454546,0.1213035019455253,0.19534728377868538
vt_h4_c1,6,ifr-tokenwise,0.7045454545454546,0.12363813229571982,0.1746824993279658
vt_h4_c1,6,FT_K3,0.7045454545454546,,
vt_h4_c1,7,DT,0.7333333333333333,0.11068376068376069,0.13546662223727796
vt_h4_c1,7,FT_K1,0.7111111111111111,0.11452991452991454,0.19422427900046046
vt_h4_c1,7,ifr-tokenwise,0.7111111111111111,0.11217948717948718,0.17384731005996357
vt_h4_c1,7,FT_K3,0.7111111111111111,,
vt_h4_c1,8,DT,0.6956521739130435,0.10073839662447256,0.13265844113936825
vt_h4_c1,8,FT_K1,0.6739130434782609,0.11824894514767932,0.18721142153757103
vt_h4_c1,8,ifr-tokenwise,0.717391304347826,0.11255274261603376,0.172802097952879
vt_h4_c1,8,FT_K3,0.6739130434782609,,
vt_h4_c1,9,DT,0.6938775510204082,0.10754310344827586,0.14578357821456514
vt_h4_c1,9,FT_K1,0.6938775510204082,0.1086206896551724,0.18544175704460025
vt_h4_c1,9,ifr-tokenwise,0.673469387755102,0.10280172413793102,0.15939883748179423
vt_h4_c1,9,FT_K3,0.6938775510204082,,
vt_h4_c1,10,DT,0.7391304347826086,0.10319383259911893,0.130615636496448
vt_h4_c1,10,FT_K1,0.6956521739130435,0.12191629955947136,0.19797301176643262
vt_h4_c1,10,ifr-tokenwise,0.717391304347826,0.11618942731277533,0.17274900376023558
vt_h4_c1,10,FT_K3,0.6956521739130435,,
vt_h4_c1,11,DT,0.7083333333333334,0.13523454157782516,0.1761077858465736
vt_h4_c1,11,FT_K1,0.6875,0.11540511727078892,0.1957172728956332
vt_h4_c1,11,ifr-tokenwise,0.6875,0.11988272921108742,0.16983668537001723
vt_h4_c1,11,FT_K3,0.6875,,
vt_h4_c1,12,DT,0.6538461538461539,0.09710300429184551,0.12383018822403731
vt_h4_c1,12,FT_K1,0.6346153846153846,0.11062231759656652,0.18220646754749184
vt_h4_c1,12,ifr-tokenwise,0.6538461538461539,0.10268240343347639,0.15050834969208088
vt_h4_c1,12,FT_K3,0.6346153846153846,,
vt_h4_c1,13,DT,0.7391304347826086,0.10421810699588478,0.1359964961385347
vt_h4_c1,13,FT_K1,0.717391304347826,0.1110082304526749,0.19049102284187858
vt_h4_c1,13,ifr-tokenwise,0.6956521739130435,0.10751028806584362,0.1677850576941155
vt_h4_c1,13,FT_K3,0.717391304347826,,
vt_h4_c1,14,DT,0.6538461538461539,0.1340384615384615,0.16850247589436274
vt_h4_c1,14,FT_K1,0.6153846153846154,0.1276923076923077,0.20516102907441672
vt_h4_c1,14,ifr-tokenwise,0.6346153846153846,0.12942307692307692,0.18276431110280256
vt_h4_c1,14,FT_K3,0.6153846153846154,,
vt_h4_c1,15,DT,0.717391304347826,0.12354771784232366,0.15085019292911936
vt_h4_c1,15,FT_K1,0.6956521739130435,0.11898340248962655,0.19257152800546087
vt_h4_c1,15,ifr-tokenwise,0.717391304347826,0.10902489626556018,0.1641599874511161
vt_h4_c1,15,FT_K3,0.6956521739130435,,
vt_h4_c1,16,DT,0.717391304347826,0.10754901960784313,0.12789690437537007
vt_h4_c1,16,FT_K1,0.6956521739130435,0.11186274509803922,0.18056245546179567
vt_h4_c1,16,ifr-tokenwise,0.717391304347826,0.11303921568627451,0.16408481811920608
vt_h4_c1,16,FT_K3,0.6956521739130435,,
vt_h4_c1,17,DT,0.7380952380952381,0.12693548387096773,0.1527509328285616
vt_h4_c1,17,FT_K1,0.6666666666666666,0.09790322580645158,0.17584198383505062
vt_h4_c1,17,ifr-tokenwise,0.7380952380952381,0.10564516129032257,0.16945231465444197
vt_h4_c1,17,FT_K3,0.6666666666666666,,
vt_h4_c1,18,DT,0.7111111111111111,0.11437093275488067,0.1450250965323339
vt_h4_c1,18,FT_K1,0.7111111111111111,0.11437093275488071,0.18427404374479947
vt_h4_c1,18,ifr-tokenwise,0.7333333333333333,0.11198481561822127,0.16909670553370368
vt_h4_c1,18,FT_K3,0.7111111111111111,,
vt_h4_c1,19,DT,0.673469387755102,0.11242004264392322,0.14851227446512189
vt_h4_c1,19,FT_K1,0.673469387755102,0.11966950959488273,0.19282027637622026
vt_h4_c1,19,ifr-tokenwise,0.6938775510204082,0.11583155650319832,0.16528217488282132
vt_h4_c1,19,FT_K3,0.673469387755102,,
vt_h4_c1,20,DT,0.7021276595744681,0.10613207547169809,0.1345162045334125
vt_h4_c1,20,FT_K1,0.723404255319149,0.1099056603773585,0.1795383258494093
vt_h4_c1,20,ifr-tokenwise,0.7021276595744681,0.11221174004192873,0.1594428349107337
vt_h4_c1,20,FT_K3,0.723404255319149,,
vt_h4_c1,21,DT,0.66,0.12925101214574902,0.15719199252754446
vt_h4_c1,21,FT_K1,0.66,0.12297570850202429,0.18996082630949881
vt_h4_c1,21,ifr-tokenwise,0.68,0.12216599190283402,0.181559447542392
vt_h4_c1,21,FT_K3,0.66,,
vt_h4_c1,22,DT,0.673469387755102,0.10554968287526427,0.13438988130623272
vt_h4_c1,22,FT_K1,0.673469387755102,0.10977801268498946,0.18200275987677936
vt_h4_c1,22,ifr-tokenwise,0.6938775510204082,0.10681818181818184,0.16468364340538694
vt_h4_c1,22,FT_K3,0.673469387755102,,
vt_h4_c1,23,DT,0.68,0.09833333333333334,0.12534600078470867
vt_h4_c1,23,FT_K1,0.68,0.12029411764705882,0.2003974686131679
vt_h4_c1,23,ifr-tokenwise,0.66,0.10519607843137255,0.15961057081690658
vt_h4_c1,23,FT_K3,0.68,,
vt_h4_c1,24,DT,0.7083333333333334,0.1282520325203252,0.16616197447188596
vt_h4_c1,24,FT_K1,0.6875,0.12479674796747968,0.19926328277435762
vt_h4_c1,24,ifr-tokenwise,0.6875,0.12357723577235773,0.17443116177993861
vt_h4_c1,24,FT_K3,0.6875,,
vt_h4_c1,25,DT,0.68,0.120531914893617,0.15881116615795365
vt_h4_c1,25,FT_K1,0.68,0.11414893617021275,0.19311341441316726
vt_h4_c1,25,ifr-tokenwise,0.66,0.1020212765957447,0.15800605804383477
vt_h4_c1,25,FT_K3,0.68,,
vt_h4_c1,26,DT,0.68,0.10321782178217823,0.1373793582549134
vt_h4_c1,26,FT_K1,0.68,0.11945544554455445,0.1900688399210635
vt_h4_c1,26,ifr-tokenwise,0.68,0.12301980198019802,0.17440807217033918
vt_h4_c1,26,FT_K3,0.68,,
vt_h4_c1,27,DT,0.673469387755102,0.10771334792122537,0.13438371269832938
vt_h4_c1,27,FT_K1,0.673469387755102,0.10640043763676148,0.17635458693600342
vt_h4_c1,27,ifr-tokenwise,0.6938775510204082,0.10071115973741793,0.15530347737016237
vt_h4_c1,27,FT_K3,0.673469387755102,,
vt_h4_c1,28,DT,0.6875,0.09774678111587982,0.13505992749004886
vt_h4_c1,28,FT_K1,0.6875,0.11920600858369099,0.18908115594075325
vt_h4_c1,28,ifr-tokenwise,0.6875,0.10997854077253219,0.16731128904950515
vt_h4_c1,28,FT_K3,0.6875,,
vt_h4_c1,29,DT,0.717391304347826,0.11223849372384935,0.1382586890702197
vt_h4_c1,29,FT_K1,0.6956521739130435,0.11307531380753137,0.18690456755471008
vt_h4_c1,29,ifr-tokenwise,0.717391304347826,0.11537656903765689,0.17175141030678528
vt_h4_c1,29,FT_K3,0.6956521739130435,,
vt_h4_c1,30,DT,0.717391304347826,0.11054216867469879,0.1404111879520719
vt_h4_c1,30,FT_K1,0.6521739130434783,0.10612449799196785,0.18241865509860342
vt_h4_c1,30,ifr-tokenwise,0.717391304347826,0.10491967871485944,0.1600610957506924
vt_h4_c1,30,FT_K3,0.6521739130434783,,
vt_h4_c1,31,DT,0.7391304347826086,0.103252427184466,0.13345469493330936
vt_h4_c1,31,FT_K1,0.717391304347826,0.12160194174757281,0.19094819986985406
vt_h4_c1,31,ifr-tokenwise,0.7391304347826086,0.1152912621359223,0.17128897069652313
vt_h4_c1,31,FT_K3,0.717391304347826,,
vt_h4_c1,32,DT,0.717391304347826,0.10256410256410257,0.14086557430609953
vt_h4_c1,32,FT_K1,0.717391304347826,0.11666666666666667,0.18819925849647823
vt_h4_c1,32,ifr-tokenwise,0.7391304347826086,0.1113247863247863,0.17090702233396568
vt_h4_c1,32,FT_K3,0.717391304347826,,
vt_h4_c1,33,DT,0.6538461538461539,0.08603379721669982,0.11861268185897648
vt_h4_c1,33,FT_K1,0.6538461538461539,0.11008946322067595,0.18957543701323137
vt_h4_c1,33,ifr-tokenwise,0.6538461538461539,0.10670974155069582,0.16612541067674863
vt_h4_c1,33,FT_K3,0.6538461538461539,,
vt_h4_c1,34,DT,0.68,0.10289699570815451,0.1366096684844495
vt_h4_c1,34,FT_K1,0.66,0.11362660944206011,0.18628021710641027
vt_h4_c1,34,ifr-tokenwise,0.66,0.11212446351931331,0.16756653177279174
vt_h4_c1,34,FT_K3,0.64,,
vt_h4_c1,35,DT,0.7083333333333334,0.1074295010845987,0.1370212083987953
vt_h4_c1,35,FT_K1,0.6875,0.11588937093275489,0.1874815880694089
vt_h4_c1,35,ifr-tokenwise,0.6875,0.11155097613882865,0.17032405514609733
vt_h4_c1,35,FT_K3,0.6875,,
vt_h4_c1,36,DT,0.68,0.11345360824742268,0.13659280473141674
vt_h4_c1,36,FT_K1,0.68,0.11757731958762888,0.19195675463706668
vt_h4_c1,36,ifr-tokenwise,0.68,0.1074742268041237,0.16623978551829985
vt_h4_c1,36,FT_K3,0.68,,
vt_h4_c1,37,DT,0.717391304347826,0.09989177489177489,0.13728502148292293
vt_h4_c1,37,FT_K1,0.6956521739130435,0.11158008658008658,0.18577434459567993
vt_h4_c1,37,ifr-tokenwise,0.717391304347826,0.10422077922077924,0.16648456374198112
vt_h4_c1,37,FT_K3,0.6956521739130435,,
vt_h4_c1,38,DT,0.7083333333333334,0.09434865900383141,0.133529842052727
vt_h4_c1,38,FT_K1,0.6875,0.10526819923371647,0.19227567780499935
vt_h4_c1,38,ifr-tokenwise,0.7083333333333334,0.09856321839080458,0.16370606975399293
vt_h4_c1,38,FT_K3,0.6875,,
vt_h4_c1,39,DT,0.7391304347826086,0.11289144050104385,0.14969695434337763
vt_h4_c1,39,FT_K1,0.717391304347826,0.11372651356993738,0.18484642692512815
vt_h4_c1,39,ifr-tokenwise,0.7391304347826086,0.113517745302714,0.17822591923280212
vt_h4_c1,39,FT_K3,0.717391304347826,,
vt_h4_c1,40,DT,0.723404255319149,0.15104373757455272,0.20833094259050125
vt_h4_c1,40,FT_K1,0.7021276595744681,0.12559642147117298,0.19457456612798193
vt_h4_c1,40,ifr-tokenwise,0.723404255319149,0.12977137176938372,0.17787343430900085
vt_h4_c1,40,FT_K3,0.7021276595744681,,
vt_h4_c1,41,DT,0.7083333333333334,0.10316326530612245,0.1326211028388641
vt_h4_c1,41,FT_K1,0.7083333333333334,0.11785714285714285,0.19764272211228134
vt_h4_c1,41,ifr-tokenwise,0.7083333333333334,0.1139795918367347,0.1714172426170433
vt_h4_c1,41,FT_K3,0.7083333333333334,,
vt_h4_c1,42,DT,0.7380952380952381,0.1256048387096774,0.15002769716777917
vt_h4_c1,42,FT_K1,0.7142857142857143,0.10362903225806452,0.18500130036305618
vt_h4_c1,42,ifr-tokenwise,0.7380952380952381,0.10806451612903227,0.1705868615131963
vt_h4_c1,42,FT_K3,0.7142857142857143,,
vt_h4_c1,43,DT,0.6875,0.11847826086956519,0.14967825367409196
vt_h4_c1,43,FT_K1,0.6875,0.11136363636363636,0.1788638303969629
vt_h4_c1,43,ifr-tokenwise,0.7083333333333334,0.11077075098814229,0.16842580146125882
vt_h4_c1,43,FT_K3,0.6875,,
vt_h4_c1,44,DT,0.6875,0.09089327146171693,0.1289767983542397
vt_h4_c1,44,FT_K1,0.6875,0.10458236658932715,0.18055764279358483
vt_h4_c1,44,ifr-tokenwise,0.7083333333333334,0.09831786542923433,0.16723325473116604
vt_h4_c1,44,FT_K3,0.6875,,
vt_h4_c1,45,DT,0.7083333333333334,0.0918141592920354,0.1170930288002375
vt_h4_c1,45,FT_K1,0.6875,0.09203539823008851,0.17732929438619
vt_h4_c1,45,ifr-tokenwise,0.7083333333333334,0.08849557522123894,0.15541985283032292
vt_h4_c1,45,FT_K3,0.6875,,
vt_h4_c1,46,DT,0.7021276595744681,0.11690871369294606,0.1563131115755533
vt_h4_c1,46,FT_K1,0.7021276595744681,0.11628630705394191,0.19881395514710937
vt_h4_c1,46,ifr-tokenwise,0.7021276595744681,0.10985477178423235,0.1689007952982422
vt_h4_c1,46,FT_K3,0.7021276595744681,,
vt_h4_c1,47,DT,0.75,0.10010204081632654,0.13606205363267762
vt_h4_c1,47,FT_K1,0.7045454545454546,0.11928571428571426,0.1843895489590444
vt_h4_c1,47,ifr-tokenwise,0.7272727272727273,0.10316326530612244,0.1581572419687883
vt_h4_c1,47,FT_K3,0.7045454545454546,,
vt_h4_c1,48,DT,0.717391304347826,0.08919753086419753,0.12041123931681978
vt_h4_c1,48,FT_K1,0.6956521739130435,0.10545267489711932,0.18414978727176273
vt_h4_c1,48,ifr-tokenwise,0.717391304347826,0.11409465020576133,0.17588568444836797
vt_h4_c1,48,FT_K3,0.6956521739130435,,
vt_h4_c1,49,DT,0.723404255319149,0.09727926078028748,0.12910026437399663
vt_h4_c1,49,FT_K1,0.6808510638297872,0.12007186858316224,0.1902202311123729
vt_h4_c1,49,ifr-tokenwise,0.7021276595744681,0.10959958932238194,0.17253775952212733
vt_h4_c1,49,FT_K3,0.6808510638297872,,
vt_h4_c1,50,DT,0.68,0.10969601677148848,0.13383959020999278
vt_h4_c1,50,FT_K1,0.66,0.10969601677148846,0.18663055442064103
vt_h4_c1,50,ifr-tokenwise,0.66,0.10927672955974846,0.16655431070324256
vt_h4_c1,50,FT_K3,0.66,,
vt_h4_c1,51,DT,0.7045454545454546,0.10929752066115701,0.13053192199069086
vt_h4_c1,51,FT_K1,0.75,0.11487603305785124,0.18654680200104737
vt_h4_c1,51,ifr-tokenwise,0.7272727272727273,0.11528925619834711,0.16824452640640553
vt_h4_c1,51,FT_K3,0.75,,
vt_h4_c1,52,DT,0.6875,0.10552208835341366,0.13149181504046503
vt_h4_c1,52,FT_K1,0.6875,0.1183734939759036,0.19768456509295002
vt_h4_c1,52,ifr-tokenwise,0.7083333333333334,0.11877510040160641,0.1703942277954712
vt_h4_c1,52,FT_K3,0.6666666666666666,,
vt_h4_c1,53,DT,0.7083333333333334,0.14717741935483872,0.20219080459455663
vt_h4_c1,53,FT_K1,0.6875,0.1127016129032258,0.17877512575459545
vt_h4_c1,53,ifr-tokenwise,0.6875,0.11673387096774193,0.16006034136687905
vt_h4_c1,53,FT_K3,0.6875,,
vt_h4_c1,54,DT,0.7209302325581395,0.11188524590163933,0.13146563034791542
vt_h4_c1,54,FT_K1,0.6511627906976745,0.11577868852459017,0.18595992245747245
vt_h4_c1,54,ifr-tokenwise,0.7209302325581395,0.10778688524590166,0.1576333346784751
vt_h4_c1,54,FT_K3,0.6511627906976745,,
vt_h4_c1,55,DT,0.6938775510204082,0.10389344262295082,0.14489886343450048
vt_h4_c1,55,FT_K1,0.6530612244897959,0.11475409836065575,0.195743225859251
vt_h4_c1,55,ifr-tokenwise,0.673469387755102,0.11229508196721312,0.17051124335826207
vt_h4_c1,55,FT_K3,0.6530612244897959,,
vt_h4_c1,56,DT,0.6956521739130435,0.1931992337164751,0.2986528177505779
vt_h4_c1,56,FT_K1,0.6956521739130435,0.18266283524904217,0.2272381910954721
vt_h4_c1,56,ifr-tokenwise,0.717391304347826,0.17940613026819924,0.21760593148462876
vt_h4_c1,56,FT_K3,0.6956521739130435,,
vt_h4_c1,57,DT,0.6875,0.1138659793814433,0.13967107824772831
vt_h4_c1,57,FT_K1,0.6875,0.10829896907216494,0.17785354312500065
vt_h4_c1,57,ifr-tokenwise,0.6875,0.11139175257731959,0.16730251805599927
vt_h4_c1,57,FT_K3,0.6875,,
vt_h4_c1,58,DT,0.7391304347826086,0.1039366053169734,0.13198294410880787
vt_h4_c1,58,FT_K1,0.717391304347826,0.1135480572597137,0.18443450692542146
vt_h4_c1,58,ifr-tokenwise,0.7391304347826086,0.11088957055214724,0.17346275430044572
vt_h4_c1,58,FT_K3,0.717391304347826,,
vt_h4_c1,59,DT,0.7045454545454546,0.1438284518828452,0.1853013646800093
vt_h4_c1,59,FT_K1,0.7045454545454546,0.12520920502092053,0.18357214819033602
vt_h4_c1,59,ifr-tokenwise,0.7272727272727273,0.12688284518828455,0.1601960016624197
vt_h4_c1,59,FT_K3,0.7045454545454546,,
vt_h4_c1,60,DT,0.7083333333333334,0.10642857142857143,0.13890889157267677
vt_h4_c1,60,FT_K1,0.6875,0.11765306122448979,0.2030611977979802
vt_h4_c1,60,ifr-tokenwise,0.7083333333333334,0.11499999999999999,0.17719033054177685
vt_h4_c1,60,FT_K3,0.6875,,
vt_h4_c1,61,DT,0.7021276595744681,0.15090361445783135,0.20897483827302574
vt_h4_c1,61,FT_K1,0.723404255319149,0.12620481927710842,0.19528562487581932
vt_h4_c1,61,ifr-tokenwise,0.723404255319149,0.12419678714859436,0.17765289984567048
vt_h4_c1,61,FT_K3,0.723404255319149,,
vt_h4_c1,62,DT,0.7021276595744681,0.08966512702078522,0.11921489412904793
vt_h4_c1,62,FT_K1,0.7021276595744681,0.11206697459584296,0.19666520002840687
vt_h4_c1,62,ifr-tokenwise,0.723404255319149,0.10306004618937645,0.1670054423248994
vt_h4_c1,62,FT_K3,0.7021276595744681,,
vt_h4_c1,63,DT,0.6666666666666666,0.1312,0.1594646747724722
vt_h4_c1,63,FT_K1,0.6666666666666666,0.12000000000000002,0.1857169808468297
vt_h4_c1,63,ifr-tokenwise,0.6470588235294118,0.1232,0.16650866704523004
vt_h4_c1,63,FT_K3,0.6666666666666666,,
vt_h4_c1,64,DT,0.6808510638297872,0.10282608695652173,0.1232610355749778
vt_h4_c1,64,FT_K1,0.723404255319149,0.10369565217391305,0.1772850101952971
vt_h4_c1,64,ifr-tokenwise,0.7021276595744681,0.0991304347826087,0.15991788645098698
vt_h4_c1,64,FT_K3,0.723404255319149,,
vt_h4_c1,65,DT,0.7083333333333334,0.11215953307392997,0.14832379253893888
vt_h4_c1,65,FT_K1,0.7083333333333334,0.12130350194552526,0.18468313728158708
vt_h4_c1,65,ifr-tokenwise,0.7083333333333334,0.12149805447470816,0.1679344145275093
vt_h4_c1,65,FT_K3,0.7083333333333334,,
vt_h4_c1,66,DT,0.723404255319149,0.10322222222222222,0.12952795468894848
vt_h4_c1,66,FT_K1,0.723404255319149,0.10433333333333332,0.17959480973751024
vt_h4_c1,66,ifr-tokenwise,0.723404255319149,0.10700000000000001,0.1715809486125744
vt_h4_c1,66,FT_K3,0.723404255319149,,
vt_h4_c1,67,DT,0.7083333333333334,0.127863436123348,0.16654992487992104
vt_h4_c1,67,FT_K1,0.6666666666666666,0.11817180616740089,0.18920282561127774
vt_h4_c1,67,ifr-tokenwise,0.7083333333333334,0.11420704845814977,0.1643380757629624
vt_h4_c1,67,FT_K3,0.6666666666666666,,
vt_h4_c1,68,DT,0.723404255319149,0.12100886917960088,0.14622177426645494
vt_h4_c1,68,FT_K1,0.6808510638297872,0.10970066518847008,0.19123877826245161
vt_h4_c1,68,ifr-tokenwise,0.723404255319149,0.10925720620842572,0.17154715577118346
vt_h4_c1,68,FT_K3,0.6808510638297872,,
vt_h4_c1,69,DT,0.7083333333333334,0.10421225382932164,0.13269506898961572
vt_h4_c1,69,FT_K1,0.7083333333333334,0.11909190371991248,0.19385033879151817
vt_h4_c1,69,ifr-tokenwise,0.7083333333333334,0.11230853391684903,0.17369815488292575
vt_h4_c1,69,FT_K3,0.7083333333333334,,
vt_h4_c1,70,DT,0.723404255319149,0.12649253731343282,0.16182882020007877
vt_h4_c1,70,FT_K1,0.7021276595744681,0.11881663113006395,0.19247911294667977
vt_h4_c1,70,ifr-tokenwise,0.723404255319149,0.12585287846481877,0.1818122327962089
vt_h4_c1,70,FT_K3,0.7021276595744681,,
vt_h4_c1,71,DT,0.7391304347826086,0.12291231732776615,0.1468475074315609
vt_h4_c1,71,FT_K1,0.717391304347826,0.10913361169102295,0.17196727559749966
vt_h4_c1,71,ifr-tokenwise,0.7391304347826086,0.11831941544885179,0.16856611144701
vt_h4_c1,71,FT_K3,0.717391304347826,,
vt_h4_c1,72,DT,0.66,0.12112244897959186,0.14535553935396633
vt_h4_c1,72,FT_K1,0.68,0.12357142857142855,0.19217331935806312
vt_h4_c1,72,ifr-tokenwise,0.68,0.12193877551020409,0.1772164555276822
vt_h4_c1,72,FT_K3,0.68,,
vt_h4_c1,73,DT,0.7391304347826086,0.12456043956043954,0.16862995755400043
vt_h4_c1,73,FT_K1,0.6956521739130435,0.115989010989011,0.19188928925726062
vt_h4_c1,73,ifr-tokenwise,0.717391304347826,0.12170329670329669,0.1734054269626613
vt_h4_c1,73,FT_K3,0.6956521739130435,,
vt_h4_c1,74,DT,0.7083333333333334,0.13700828157349898,0.17663638186402691
vt_h4_c1,74,FT_K1,0.7083333333333334,0.11713250517598343,0.18325296501035657
vt_h4_c1,74,ifr-tokenwise,0.6875,0.11837474120082817,0.17163029597774374
vt_h4_c1,74,FT_K3,0.7083333333333334,,
vt_h4_c1,75,DT,0.75,0.12270354906054275,0.15723452840682856
vt_h4_c1,75,FT_K1,0.7272727272727273,0.11623173277661795,0.2004436988088359
vt_h4_c1,75,ifr-tokenwise,0.7272727272727273,0.10600208768267225,0.16287581488226394
vt_h4_c1,75,FT_K3,0.7272727272727273,,
vt_h4_c1,76,DT,0.7391304347826086,0.13552631578947366,0.17454257680882643
vt_h4_c1,76,FT_K1,0.6956521739130435,0.12324561403508771,0.1878671007787931
vt_h4_c1,76,ifr-tokenwise,0.717391304347826,0.12694931773879142,0.17115722388753773
vt_h4_c1,76,FT_K3,0.6956521739130435,,
vt_h4_c1,77,DT,0.7391304347826086,0.12060000000000001,0.14628338060457363
vt_h4_c1,77,FT_K1,0.717391304347826,0.11099999999999999,0.18185496781196445
vt_h4_c1,77,ifr-tokenwise,0.7391304347826086,0.11299999999999999,0.16777190240578688
vt_h4_c1,77,FT_K3,0.717391304347826,,
vt_h4_c1,78,DT,0.68,0.1217880085653105,0.1472335827474404
vt_h4_c1,78,FT_K1,0.68,0.11557815845824412,0.196649380386682
vt_h4_c1,78,ifr-tokenwise,0.68,0.10808351177730194,0.17377309930701354
vt_h4_c1,78,FT_K3,0.68,,
vt_h4_c1,79,DT,0.6938775510204082,0.12459183673469387,0.15585087622697835
vt_h4_c1,79,FT_K1,0.6530612244897959,0.12051020408163264,0.19012009373831215
vt_h4_c1,79,ifr-tokenwise,0.673469387755102,0.11622448979591837,0.17380296594695568
vt_h4_c1,79,FT_K3,0.6530612244897959,,
vt_h4_c1,80,DT,0.717391304347826,0.10211538461538464,0.13722237616497385
vt_h4_c1,80,FT_K1,0.6956521739130435,0.11903846153846154,0.19366468934810976
vt_h4_c1,80,ifr-tokenwise,0.6956521739130435,0.11038461538461537,0.17266582048623605
vt_h4_c1,80,FT_K3,0.6956521739130435,,
vt_h4_c1,81,DT,0.6875,0.09451219512195122,0.12689622170652276
vt_h4_c1,81,FT_K1,0.6666666666666666,0.11626016260162601,0.18828342295040965
vt_h4_c1,81,ifr-tokenwise,0.6875,0.10548780487804879,0.16732572613109567
vt_h4_c1,81,FT_K3,0.6666666666666666,,
vt_h4_c1,82,DT,0.673469387755102,0.12581799591002044,0.1589024162729495
vt_h4_c1,82,FT_K1,0.6938775510204082,0.1200920245398773,0.19039046705189513
vt_h4_c1,82,ifr-tokenwise,0.6938775510204082,0.12295501022494885,0.1713174936033568
vt_h4_c1,82,FT_K3,0.6938775510204082,,
vt_h4_c1,83,DT,0.723404255319149,0.10935517970401691,0.12937982758901453
vt_h4_c1,83,FT_K1,0.723404255319149,0.11908033826638478,0.19604391721773254
vt_h4_c1,83,ifr-tokenwise,0.723404255319149,0.11104651162790698,0.16937762496068737
vt_h4_c1,83,FT_K3,0.723404255319149,,
vt_h4_c1,84,DT,0.7272727272727273,0.175749063670412,0.24633085585318484
vt_h4_c1,84,FT_K1,0.6818181818181818,0.1607677902621723,0.19166037778891126
vt_h4_c1,84,ifr-tokenwise,0.7045454545454546,0.16189138576779027,0.19033121958640314
vt_h4_c1,84,FT_K3,0.6818181818181818,,
vt_h4_c1,85,DT,0.7021276595744681,0.10817214700193423,0.1352477259795555
vt_h4_c1,85,FT_K1,0.7021276595744681,0.11358800773694391,0.1915455858634016
vt_h4_c1,85,ifr-tokenwise,0.723404255319149,0.11610251450676982,0.16963938498736109
vt_h4_c1,85,FT_K3,0.7021276595744681,,
vt_h4_c1,86,DT,0.723404255319149,0.11166666666666666,0.1322189668546178
vt_h4_c1,86,FT_K1,0.6808510638297872,0.1169607843137255,0.1853012093508824
vt_h4_c1,86,ifr-tokenwise,0.6808510638297872,0.11029411764705883,0.16431792154057498
vt_h4_c1,86,FT_K3,0.6808510638297872,,
vt_h4_c1,87,DT,0.75,0.13823529411764707,0.18330588194514771
vt_h4_c1,87,FT_K1,0.7045454545454546,0.10084033613445378,0.1849683536151987
vt_h4_c1,87,ifr-tokenwise,0.75,0.10588235294117647,0.16299227674298247
vt_h4_c1,87,FT_K3,0.7045454545454546,,
vt_h4_c1,88,DT,0.717391304347826,0.1555668016194332,0.20758267173601674
vt_h4_c1,88,FT_K1,0.6739130434782609,0.1266194331983806,0.18321774891912188
vt_h4_c1,88,ifr-tokenwise,0.717391304347826,0.12803643724696362,0.15777651155122238
vt_h4_c1,88,FT_K3,0.6739130434782609,,
vt_h4_c1,89,DT,0.7272727272727273,0.09581545064377683,0.14034586637702415
vt_h4_c1,89,FT_K1,0.75,0.09474248927038627,0.18294974750314075
vt_h4_c1,89,ifr-tokenwise,0.7272727272727273,0.09259656652360518,0.15979258998591536
vt_h4_c1,89,FT_K3,0.75,,
vt_h4_c1,90,DT,0.717391304347826,0.1152834008097166,0.1386442616038822
vt_h4_c1,90,FT_K1,0.6956521739130435,0.12520242914979757,0.2014615895120071
vt_h4_c1,90,ifr-tokenwise,0.717391304347826,0.11973684210526314,0.18146251598021243
vt_h4_c1,90,FT_K3,0.6956521739130435,,
vt_h4_c1,91,DT,0.7391304347826086,0.12441972920696323,0.15965420190568685
vt_h4_c1,91,FT_K1,0.6739130434782609,0.12577369439071567,0.20064521079051442
vt_h4_c1,91,ifr-tokenwise,0.717391304347826,0.12403288201160541,0.17642790782693468
vt_h4_c1,91,FT_K3,0.6739130434782609,,
vt_h4_c1,92,DT,0.6666666666666666,0.14327309236947788,0.1845334226641436
vt_h4_c1,92,FT_K1,0.7083333333333334,0.1254016064257028,0.19335669566874758
vt_h4_c1,92,ifr-tokenwise,0.7083333333333334,0.1252008032128514,0.177731413170866
vt_h4_c1,92,FT_K3,0.7083333333333334,,
vt_h4_c1,93,DT,0.717391304347826,0.15459830866807614,0.2004474598859868
vt_h4_c1,93,FT_K1,0.717391304347826,0.11337209302325582,0.1709293971578077
vt_h4_c1,93,ifr-tokenwise,0.717391304347826,0.11421775898520084,0.15776322789775507
vt_h4_c1,93,FT_K3,0.717391304347826,,
vt_h4_c1,94,DT,0.6470588235294118,0.10938735177865613,0.13635154784451178
vt_h4_c1,94,FT_K1,0.6470588235294118,0.12480237154150198,0.2006259956014626
vt_h4_c1,94,ifr-tokenwise,0.6470588235294118,0.12381422924901184,0.18691441418083188
vt_h4_c1,94,FT_K3,0.6470588235294118,,
vt_h4_c1,95,DT,0.717391304347826,0.09747899159663867,0.13238038896830995
vt_h4_c1,95,FT_K1,0.6956521739130435,0.10210084033613447,0.17874237271095694
vt_h4_c1,95,ifr-tokenwise,0.6956521739130435,0.10252100840336134,0.15930628725528606
vt_h4_c1,95,FT_K3,0.6956521739130435,,
vt_h4_c1,96,DT,0.7045454545454546,0.11310483870967743,0.13469966636559919
vt_h4_c1,96,FT_K1,0.7045454545454546,0.11350806451612905,0.18512016910667728
vt_h4_c1,96,ifr-tokenwise,0.7272727272727273,0.1155241935483871,0.16868581907488395
vt_h4_c1,96,FT_K3,0.7045454545454546,,
vt_h4_c1,97,DT,0.7111111111111111,0.12907239819004523,0.16952100921505972
vt_h4_c1,97,FT_K1,0.6888888888888889,0.1166289592760181,0.1977440631423178
vt_h4_c1,97,ifr-tokenwise,0.7333333333333333,0.11119909502262444,0.17534685209430645
vt_h4_c1,97,FT_K3,0.6888888888888889,,
vt_h4_c1,98,DT,0.7391304347826086,0.10674097664543522,0.13123347906971305
vt_h4_c1,98,FT_K1,0.717391304347826,0.11162420382165605,0.18146329324120755
vt_h4_c1,98,ifr-tokenwise,0.717391304347826,0.11141188959660298,0.16233500265189077
vt_h4_c1,98,FT_K3,0.717391304347826,,
vt_h4_c1,99,DT,0.7391304347826086,0.10600208768267225,0.13953554719965017
vt_h4_c1,99,FT_K1,0.6739130434782609,0.11831941544885179,0.19144654720419033
vt_h4_c1,99,ifr-tokenwise,0.7391304347826086,0.11017745302713985,0.16659532425343948
vt_h4_c1,99,FT_K3,0.6739130434782609,,
vt_h6_c1,0,DT,0.7619047619047619,0.11677330895795246,0.1398795300146908
vt_h6_c1,0,FT_K1,0.8253968253968254,0.12225776965265081,0.20544102779860318
vt_h6_c1,0,ifr-tokenwise,0.8253968253968254,0.11750457038391224,0.17794068300598925
vt_h6_c1,0,FT_K3,0.8253968253968254,,
vt_h6_c1,1,DT,0.8181818181818182,0.131645056726094,0.16960969442700138
vt_h6_c1,1,FT_K1,0.8484848484848485,0.1271069692058347,0.19921976760138455
vt_h6_c1,1,ifr-tokenwise,0.8181818181818182,0.1297001620745543,0.18469312545357064
vt_h6_c1,1,FT_K3,0.8484848484848485,,
vt_h6_c1,2,DT,0.84375,0.12647601476014758,0.15597207287498677
vt_h6_c1,2,FT_K1,0.828125,0.14455719557195573,0.22100753139065543
vt_h6_c1,2,ifr-tokenwise,0.828125,0.13607011070110703,0.19247032526030622
vt_h6_c1,2,FT_K3,0.828125,,
vt_h6_c1,3,DT,0.7941176470588235,0.14663636363636365,0.1840436543539743
vt_h6_c1,3,FT_K1,0.8382352941176471,0.12990909090909092,0.2076917599113083
vt_h6_c1,3,ifr-tokenwise,0.8088235294117647,0.121,0.173794090660839
vt_h6_c1,3,FT_K3,0.8382352941176471,,
vt_h6_c1,4,DT,0.78125,0.13059210526315787,0.16952331496900613
vt_h6_c1,4,FT_K1,0.828125,0.13618421052631577,0.21415293435224103
vt_h6_c1,4,ifr-tokenwise,0.8125,0.12631578947368421,0.17519562292524546
vt_h6_c1,4,FT_K3,0.828125,,
vt_h6_c1,5,DT,0.84375,0.13043859649122808,0.16592293033171215
vt_h6_c1,5,FT_K1,0.828125,0.11973684210526317,0.20109060803968437
vt_h6_c1,5,ifr-tokenwise,0.828125,0.12131578947368422,0.17822778258865452
vt_h6_c1,5,FT_K3,0.828125,,
vt_h6_c1,6,DT,0.8059701492537313,0.14242957746478874,0.18684310360761058
vt_h6_c1,6,FT_K1,0.8059701492537313,0.13873239436619716,0.20650971951078767
vt_h6_c1,6,ifr-tokenwise,0.8208955223880597,0.13485915492957745,0.1818104060130102
vt_h6_c1,6,FT_K3,0.8059701492537313,,
vt_h6_c1,7,DT,0.8059701492537313,0.11726618705035971,0.14376421520628788
vt_h6_c1,7,FT_K1,0.835820895522388,0.13507194244604318,0.21355505044384598
vt_h6_c1,7,ifr-tokenwise,0.835820895522388,0.1264388489208633,0.1882213779290153
vt_h6_c1,7,FT_K3,0.835820895522388,,
vt_h6_c1,8,DT,0.803030303030303,0.12962328767123288,0.16530682266261978
vt_h6_c1,8,FT_K1,0.8181818181818182,0.13287671232876713,0.2185586124528466
vt_h6_c1,8,ifr-tokenwise,0.8333333333333334,0.13424657534246576,0.1912323234835683
vt_h6_c1,8,FT_K3,0.8181818181818182,,
vt_h6_c1,9,DT,0.828125,0.1339108910891089,0.17441775114867578
vt_h6_c1,9,FT_K1,0.859375,0.11922442244224425,0.185815375426228
vt_h6_c1,9,ifr-tokenwise,0.8125,0.12153465346534653,0.16818127601730049
vt_h6_c1,9,FT_K3,0.859375,,
vt_h6_c1,10,DT,0.7868852459016393,0.12196969696969698,0.15403127562522825
vt_h6_c1,10,FT_K1,0.8360655737704918,0.12718855218855218,0.19907845814921013
vt_h6_c1,10,ifr-tokenwise,0.8032786885245902,0.12146464646464647,0.17593936177289943
vt_h6_c1,10,FT_K3,0.8360655737704918,,
vt_h6_c1,11,DT,0.8181818181818182,0.11581272084805654,0.1426206262080988
vt_h6_c1,11,FT_K1,0.8333333333333334,0.1318904593639576,0.20587426422622818
vt_h6_c1,11,ifr-tokenwise,0.8181818181818182,0.12959363957597175,0.18607873764913574
vt_h6_c1,11,FT_K3,0.8333333333333334,,
vt_h6_c1,12,DT,0.75,0.1318447412353923,0.16182361200097883
vt_h6_c1,12,FT_K1,0.859375,0.13368113522537564,0.2069649408174154
vt_h6_c1,12,ifr-tokenwise,0.84375,0.13518363939899833,0.18279052062555187
vt_h6_c1,12,FT_K3,0.859375,,
vt_h6_c1,13,DT,0.8181818181818182,0.1453866432337434,0.18995057204877236
vt_h6_c1,13,FT_K1,0.8181818181818182,0.13993848857644992,0.2213099189597815
vt_h6_c1,13,ifr-tokenwise,0.8181818181818182,0.13326010544815464,0.18633421180438595
vt_h6_c1,13,FT_K3,0.8181818181818182,,
vt_h6_c1,14,DT,0.84375,0.12277777777777779,0.15828575003997983
vt_h6_c1,14,FT_K1,0.8125,0.12294871794871795,0.1905262655372852
vt_h6_c1,14,ifr-tokenwise,0.828125,0.119017094017094,0.17045147159836896
vt_h6_c1,14,FT_K3,0.8125,,
vt_h6_c1,15,DT,0.8125,0.10443262411347518,0.13775081097475422
vt_h6_c1,15,FT_K1,0.828125,0.12127659574468086,0.20177689583627506
vt_h6_c1,15,ifr-tokenwise,0.8125,0.10904255319148934,0.17340190933507033
vt_h6_c1,15,FT_K3,0.828125,,
vt_h6_c1,16,DT,0.803030303030303,0.1234641638225256,0.1572787788626194
vt_h6_c1,16,FT_K1,0.8484848484848485,0.13387372013651877,0.2119817675946522
vt_h6_c1,16,ifr-tokenwise,0.8181818181818182,0.13404436860068258,0.18954106471484597
vt_h6_c1,16,FT_K3,0.8484848484848485,,
vt_h6_c1,17,DT,0.8181818181818182,0.13006993006993006,0.15526820499904864
vt_h6_c1,17,FT_K1,0.803030303030303,0.12604895104895106,0.2041195235139321
vt_h6_c1,17,ifr-tokenwise,0.803030303030303,0.12167832167832168,0.1774566982250536
vt_h6_c1,17,FT_K3,0.7878787878787878,,
vt_h6_c1,18,DT,0.78125,0.12228260869565218,0.14990588427678264
vt_h6_c1,18,FT_K1,0.828125,0.1318840579710145,0.2074127370688983
vt_h6_c1,18,ifr-tokenwise,0.8125,0.12373188405797102,0.18374652576148204
vt_h6_c1,18,FT_K3,0.828125,,
vt_h6_c1,19,DT,0.8260869565217391,0.14492945326278658,0.18157922556366118
vt_h6_c1,19,FT_K1,0.8260869565217391,0.1507495590828924,0.2161533020361098
vt_h6_c1,19,ifr-tokenwise,0.8115942028985508,0.14739858906525571,0.1904237771308858
vt_h6_c1,19,FT_K3,0.8260869565217391,,
vt_h6_c1,20,DT,0.8484848484848485,0.11475265017667846,0.15205682959890326
vt_h6_c1,20,FT_K1,0.8333333333333334,0.13136042402826853,0.20593682521846213
vt_h6_c1,20,ifr-tokenwise,0.8484848484848485,0.12181978798586572,0.1821592756775198
vt_h6_c1,20,FT_K3,0.8333333333333334,,
vt_h6_c1,21,DT,0.7878787878787878,0.11419860627177703,0.14135476934954808
vt_h6_c1,21,FT_K1,0.8181818181818182,0.12343205574912894,0.20577950438828935
vt_h6_c1,21,ifr-tokenwise,0.8333333333333334,0.12343205574912892,0.17821008158687776
vt_h6_c1,21,FT_K3,0.8181818181818182,,
vt_h6_c1,22,DT,0.859375,0.1522425249169435,0.19008377958542105
vt_h6_c1,22,FT_K1,0.828125,0.13363787375415284,0.20477779591888018
vt_h6_c1,22,ifr-tokenwise,0.796875,0.1293189368770764,0.18421409349823553
vt_h6_c1,22,FT_K3,0.828125,,
vt_h6_c1,23,DT,0.8181818181818182,0.13215532286212914,0.16446658128614736
vt_h6_c1,23,FT_K1,0.8636363636363636,0.12587260034904016,0.2053440106656001
vt_h6_c1,23,ifr-tokenwise,0.8333333333333334,0.1318062827225131,0.1910974629780903
vt_h6_c1,23,FT_K3,0.8636363636363636,,
vt_h6_c1,24,DT,0.8405797101449275,0.1236206896551724,0.1657035761685522
vt_h6_c1,24,FT_K1,0.8260869565217391,0.12655172413793106,0.20305575597998998
vt_h6_c1,24,ifr-tokenwise,0.8115942028985508,0.12103448275862069,0.18136668979763923
vt_h6_c1,24,FT_K3,0.8260869565217391,,
vt_h6_c1,25,DT,0.796875,0.11894463667820068,0.1470840003969276
vt_h6_c1,25,FT_K1,0.828125,0.12396193771626299,0.20265285047420725
vt_h6_c1,25,ifr-tokenwise,0.8125,0.11496539792387542,0.16929463401386088
vt_h6_c1,25,FT_K3,0.828125,,
vt_h6_c1,26,DT,0.7941176470588235,0.13021885521885523,0.16176699545162504
vt_h6_c1,26,FT_K1,0.8088235294117647,0.13695286195286194,0.21157953813228336
vt_h6_c1,26,ifr-tokenwise,0.8088235294117647,0.13611111111111113,0.18943724194991632
vt_h6_c1,26,FT_K3,0.8088235294117647,,
vt_h6_c1,27,DT,0.7878787878787878,0.13330388692579506,0.16795335200001776
vt_h6_c1,27,FT_K1,0.8333333333333334,0.1407243816254417,0.22114682703545346
vt_h6_c1,27,ifr-tokenwise,0.8333333333333334,0.13330388692579503,0.18878776058632923
vt_h6_c1,27,FT_K3,0.8333333333333334,,
vt_h6_c1,28,DT,0.8064516129032258,0.1480639730639731,0.20512062653268112
vt_h6_c1,28,FT_K1,0.8225806451612904,0.14116161616161615,0.20833070000168083
vt_h6_c1,28,ifr-tokenwise,0.8064516129032258,0.14031986531986532,0.18462632095422227
vt_h6_c1,28,FT_K3,0.8225806451612904,,
vt_h6_c1,29,DT,0.7846153846153846,0.13437499999999997,0.16971329622953452
vt_h6_c1,29,FT_K1,0.8307692307692308,0.11927083333333333,0.19375847588493236
vt_h6_c1,29,ifr-tokenwise,0.8307692307692308,0.12118055555555556,0.17668691191794444
vt_h6_c1,29,FT_K3,0.8307692307692308,,
vt_h6_c1,30,DT,0.765625,0.13913427561837455,0.18131749414174778
vt_h6_c1,30,FT_K1,0.859375,0.12871024734982334,0.20399836691058032
vt_h6_c1,30,ifr-tokenwise,0.8125,0.12588339222614842,0.18455239307894583
vt_h6_c1,30,FT_K3,0.859375,,
vt_h6_c1,31,DT,0.828125,0.13290378006872852,0.1706187664377219
vt_h6_c1,31,FT_K1,0.8125,0.13771477663230242,0.21195704245669936
vt_h6_c1,31,ifr-tokenwise,0.8125,0.13599656357388318,0.19141541175884663
vt_h6_c1,31,FT_K3,0.8125,,
vt_h6_c1,32,DT,0.828125,0.11663568773234201,0.14138144818315362
vt_h6_c1,32,FT_K1,0.84375,0.1283457249070632,0.20628812178732123
vt_h6_c1,32,ifr-tokenwise,0.8125,0.12555762081784388,0.1865324965444161
vt_h6_c1,32,FT_K3,0.84375,,
vt_h6_c1,33,DT,0.765625,0.12615384615384614,0.16394973983492173
vt_h6_c1,33,FT_K1,0.84375,0.12365384615384616,0.20552436119179457
vt_h6_c1,33,ifr-tokenwise,0.84375,0.11096153846153847,0.16599507417046075
vt_h6_c1,33,FT_K3,0.84375,,
vt_h6_c1,34,DT,0.7846153846153846,0.13200179533213646,0.16533121922298435
vt_h6_c1,34,FT_K1,0.8307692307692308,0.1315529622980251,0.20985871407049173
vt_h6_c1,34,ifr-tokenwise,0.8153846153846154,0.1264362657091562,0.18648092079502404
vt_h6_c1,34,FT_K3,0.8307692307692308,,
vt_h6_c1,35,DT,0.7878787878787878,0.12588652482269505,0.15678424792037046
vt_h6_c1,35,FT_K1,0.8333333333333334,0.14042553191489363,0.2116883273246602
vt_h6_c1,35,ifr-tokenwise,0.8181818181818182,0.13049645390070924,0.1823362062512442
vt_h6_c1,35,FT_K3,0.8333333333333334,,
vt_h6_c1,36,DT,0.8,0.1152061855670103,0.1496670483518584
vt_h6_c1,36,FT_K1,0.8307692307692308,0.131872852233677,0.2132528093192385
vt_h6_c1,36,ifr-tokenwise,0.8153846153846154,0.1349656357388316,0.2046432767804637
vt_h6_c1,36,FT_K3,0.8307692307692308,,
vt_h6_c1,37,DT,0.7971014492753623,0.14601694915254235,0.18366867879709942
vt_h6_c1,37,FT_K1,0.7971014492753623,0.1402542372881356,0.21040232895405458
vt_h6_c1,37,ifr-tokenwise,0.7971014492753623,0.14177966101694914,0.194688406682352
vt_h6_c1,37,FT_K3,0.7971014492753623,,
vt_h6_c1,38,DT,0.84375,0.11384892086330936,0.1424356174320855
vt_h6_c1,38,FT_K1,0.8125,0.14046762589928058,0.21347196084846604
vt_h6_c1,38,ifr-tokenwise,0.828125,0.12769784172661872,0.18462993893467763
vt_h6_c1,38,FT_K3,0.8125,,
vt_h6_c1,39,DT,0.803030303030303,0.11669611307420495,0.15930036945076503
vt_h6_c1,39,FT_K1,0.8333333333333334,0.12270318021201412,0.19891155760431287
vt_h6_c1,39,ifr-tokenwise,0.8181818181818182,0.11192579505300353,0.16886002281380605
vt_h6_c1,39,FT_K3,0.8333333333333334,,
vt_h6_c1,40,DT,0.78125,0.1324007220216607,0.1627830920848478
vt_h6_c1,40,FT_K1,0.78125,0.1342057761732852,0.19932281788652428
vt_h6_c1,40,ifr-tokenwise,0.828125,0.13312274368231047,0.18074354006689877
vt_h6_c1,40,FT_K3,0.78125,,
vt_h6_c1,41,DT,0.7941176470588235,0.1136120996441281,0.14992187667822915
vt_h6_c1,41,FT_K1,0.8235294117647058,0.1287366548042705,0.21162451239865482
vt_h6_c1,41,ifr-tokenwise,0.8529411764705882,0.123932384341637,0.18429194641650248
vt_h6_c1,41,FT_K3,0.8235294117647058,,
vt_h6_c1,42,DT,0.8208955223880597,0.14580291970802922,0.19193042219087797
vt_h6_c1,42,FT_K1,0.8208955223880597,0.14251824817518247,0.21118478339981744
vt_h6_c1,42,ifr-tokenwise,0.8059701492537313,0.13120437956204378,0.19028913941647302
vt_h6_c1,42,FT_K3,0.8208955223880597,,
vt_h6_c1,43,DT,0.8153846153846154,0.1354575163398693,0.16352364736036665
vt_h6_c1,43,FT_K1,0.8461538461538461,0.13431372549019607,0.21309934756311946
vt_h6_c1,43,ifr-tokenwise,0.8307692307692308,0.1287581699346405,0.17829998172877914
vt_h6_c1,43,FT_K3,0.8461538461538461,,
vt_h6_c1,44,DT,0.7692307692307693,0.1328754578754579,0.16021411850552253
vt_h6_c1,44,FT_K1,0.8615384615384616,0.1260989010989011,0.2092008867168095
vt_h6_c1,44,ifr-tokenwise,0.8461538461538461,0.12170329670329669,0.17801092966817644
vt_h6_c1,44,FT_K3,0.8615384615384616,,
vt_h6_c1,45,DT,0.8235294117647058,0.16695298372513562,0.22140189355419632
vt_h6_c1,45,FT_K1,0.8235294117647058,0.13675406871609402,0.20898328119705561
vt_h6_c1,45,ifr-tokenwise,0.8382352941176471,0.14217902350813744,0.1943113399852882
vt_h6_c1,45,FT_K3,0.8235294117647058,,
vt_h6_c1,46,DT,0.796875,0.13626050420168068,0.1785399460918457
vt_h6_c1,46,FT_K1,0.828125,0.1300420168067227,0.19933084572490048
vt_h6_c1,46,ifr-tokenwise,0.84375,0.12752100840336134,0.17784395562512362
vt_h6_c1,46,FT_K3,0.8125,,
vt_h6_c1,47,DT,0.85,0.11709558823529412,0.15112604478576122
vt_h6_c1,47,FT_K1,0.85,0.11838235294117645,0.19930706406038462
vt_h6_c1,47,ifr-tokenwise,0.85,0.12389705882352939,0.18559874580441704
vt_h6_c1,47,FT_K3,0.85,,
vt_h6_c1,48,DT,0.7777777777777778,0.11226937269372692,0.1425072171200797
vt_h6_c1,48,FT_K1,0.8571428571428571,0.1187269372693727,0.19794011260438532
vt_h6_c1,48,ifr-tokenwise,0.8412698412698413,0.11688191881918822,0.175528575486958
vt_h6_c1,48,FT_K3,0.8571428571428571,,
vt_h6_c1,49,DT,0.7580645161290323,0.12584745762711863,0.15342202301209695
vt_h6_c1,49,FT_K1,0.8387096774193549,0.1243220338983051,0.19249376245306854
vt_h6_c1,49,ifr-tokenwise,0.8064516129032258,0.11703389830508475,0.16922271910432568
vt_h6_c1,49,FT_K3,0.8387096774193549,,
vt_h6_c1,50,DT,0.84375,0.11972727272727272,0.14957262739446073
vt_h6_c1,50,FT_K1,0.8125,0.13227272727272726,0.19943531054775493
vt_h6_c1,50,ifr-tokenwise,0.8125,0.129,0.18339977897625603
vt_h6_c1,50,FT_K3,0.8125,,
vt_h6_c1,51,DT,0.8088235294117647,0.1473752151462995,0.19017439145791387
vt_h6_c1,51,FT_K1,0.8235294117647058,0.1351549053356282,0.20526782265202756
vt_h6_c1,51,ifr-tokenwise,0.8382352941176471,0.13980206540447507,0.19541864005971837
vt_h6_c1,51,FT_K3,0.8235294117647058,,
vt_h6_c1,52,DT,0.7761194029850746,0.1349250936329588,0.16685243319126203
vt_h6_c1,52,FT_K1,0.8507462686567164,0.12649812734082397,0.19965672051719122
vt_h6_c1,52,ifr-tokenwise,0.8059701492537313,0.1203183520599251,0.17622263111272513
vt_h6_c1,52,FT_K3,0.8507462686567164,,
vt_h6_c1,53,DT,0.8055555555555556,0.12225557461406518,0.15549379628863358
vt_h6_c1,53,FT_K1,0.8472222222222222,0.13855060034305317,0.2120130647495623
vt_h6_c1,53,ifr-tokenwise,0.8333333333333334,0.13649228130360208,0.19142141927394413
vt_h6_c1,53,FT_K3,0.8472222222222222,,
vt_h6_c1,54,DT,0.7741935483870968,0.11692307692307694,0.1578531220589075
vt_h6_c1,54,FT_K1,0.8387096774193549,0.12000000000000002,0.1902034394062022
vt_h6_c1,54,ifr-tokenwise,0.8225806451612904,0.11384615384615385,0.16930362665820578
vt_h6_c1,54,FT_K3,0.8387096774193549,,
vt_h6_c1,55,DT,0.835820895522388,0.12022998296422487,0.15133083527903718
vt_h6_c1,55,FT_K1,0.835820895522388,0.13249574105621806,0.20310244228318264
vt_h6_c1,55,ifr-tokenwise,0.8208955223880597,0.13147359454855195,0.1876450855668165
vt_h6_c1,55,FT_K3,0.835820895522388,,
vt_h6_c1,56,DT,0.796875,0.1334837545126354,0.17225767707277023
vt_h6_c1,56,FT_K1,0.8125,0.12337545126353791,0.2027781736014233
vt_h6_c1,56,ifr-tokenwise,0.796875,0.11904332129963899,0.17595422761252527
vt_h6_c1,56,FT_K3,0.8125,,
vt_h6_c1,57,DT,0.828125,0.12969314079422384,0.1696326896014379
vt_h6_c1,57,FT_K1,0.8125,0.12842960288808664,0.20805582015867272
vt_h6_c1,57,ifr-tokenwise,0.8125,0.12518050541516246,0.1829835581664891
vt_h6_c1,57,FT_K3,0.8125,,
vt_h6_c1,58,DT,0.78125,0.12081056466302369,0.144998997680519
vt_h6_c1,58,FT_K1,0.828125,0.12463570127504553,0.2099724222871188
vt_h6_c1,58,ifr-tokenwise,0.828125,0.12481785063752278,0.1811212932425475
vt_h6_c1,58,FT_K3,0.828125,,
vt_h6_c1,59,DT,0.8125,0.15268166089965401,0.20011058448443833
vt_h6_c1,59,FT_K1,0.859375,0.13849480968858133,0.21220940625531962
vt_h6_c1,59,ifr-tokenwise,0.828125,0.13866782006920414,0.18751581151707403
vt_h6_c1,59,FT_K3,0.859375,,
vt_h6_c1,60,DT,0.7419354838709677,0.10987972508591064,0.14707923698190511
vt_h6_c1,60,FT_K1,0.8225806451612904,0.11606529209621994,0.193600703632493
vt_h6_c1,60,ifr-tokenwise,0.8064516129032258,0.11176975945017183,0.17615410802002449
vt_h6_c1,60,FT_K3,0.8225806451612904,,
vt_h6_c1,61,DT,0.8064516129032258,0.1341417910447761,0.1614335347702896
vt_h6_c1,61,FT_K1,0.8225806451612904,0.1332089552238806,0.21250099977583958
vt_h6_c1,61,ifr-tokenwise,0.8064516129032258,0.12630597014925374,0.18293599657214316
vt_h6_c1,61,FT_K3,0.8225806451612904,,
vt_h6_c1,62,DT,0.8484848484848485,0.11368613138686132,0.15154920816875653
vt_h6_c1,62,FT_K1,0.8181818181818182,0.10948905109489049,0.18799332021266144
vt_h6_c1,62,ifr-tokenwise,0.8333333333333334,0.11076642335766422,0.1685866207737185
vt_h6_c1,62,FT_K3,0.8181818181818182,,
vt_h6_c1,63,DT,0.7647058823529411,0.1092883548983364,0.13349666477288977
vt_h6_c1,63,FT_K1,0.8382352941176471,0.12296672828096118,0.201761255510362
vt_h6_c1,63,ifr-tokenwise,0.8382352941176471,0.11557301293900184,0.17294203064756225
vt_h6_c1,63,FT_K3,0.8382352941176471,,
vt_h6_c1,64,DT,0.8709677419354839,0.1427816901408451,0.17749500371017346
vt_h6_c1,64,FT_K1,0.8387096774193549,0.13151408450704224,0.20414956527924266
vt_h6_c1,64,ifr-tokenwise,0.8225806451612904,0.13767605633802815,0.18119905545796025
vt_h6_c1,64,FT_K3,0.8387096774193549,,
vt_h6_c1,65,DT,0.7910447761194029,0.11609589041095891,0.14460631897557547
vt_h6_c1,65,FT_K1,0.835820895522388,0.125,0.2025638270565775
vt_h6_c1,65,ifr-tokenwise,0.835820895522388,0.12037671232876712,0.17946088533556154
vt_h6_c1,65,FT_K3,0.835820895522388,,
vt_h6_c1,66,DT,0.84375,0.10811926605504589,0.1436032241394767
vt_h6_c1,66,FT_K1,0.84375,0.12463302752293579,0.20672453704863442
vt_h6_c1,66,ifr-tokenwise,0.8125,0.12169724770642203,0.18725957077023217
vt_h6_c1,66,FT_K3,0.84375,,
vt_h6_c1,67,DT,0.746268656716418,0.13173758865248225,0.1615551482887635
vt_h6_c1,67,FT_K1,0.835820895522388,0.13457446808510637,0.20791941595682767
vt_h6_c1,67,ifr-tokenwise,0.835820895522388,0.1271276595744681,0.17919764776051306
vt_h6_c1,67,FT_K3,0.835820895522388,,
vt_h6_c1,68,DT,0.7903225806451613,0.1327054794520548,0.16405829979477365
vt_h6_c1,68,FT_K1,0.8709677419354839,0.11934931506849315,0.1863558767342536
vt_h6_c1,68,ifr-tokenwise,0.8387096774193549,0.11027397260273972,0.16869865380629676
vt_h6_c1,68,FT_K3,0.8709677419354839,,
vt_h6_c1,69,DT,0.8125,0.1143835616438356,0.14613693853991802
vt_h6_c1,69,FT_K1,0.828125,0.12465753424657536,0.19486800094453707
vt_h6_c1,69,ifr-tokenwise,0.828125,0.12722602739726027,0.18346325072403058
vt_h6_c1,69,FT_K3,0.828125,,
vt_h6_c1,70,DT,0.8142857142857143,0.1107394366197183,0.1473534239926162
vt_h6_c1,70,FT_K1,0.8285714285714286,0.12799295774647887,0.20571973589390785
vt_h6_c1,70,ifr-tokenwise,0.8571428571428571,0.11742957746478873,0.17013202987726295
vt_h6_c1,70,FT_K3,0.8285714285714286,,
vt_h6_c1,71,DT,0.78125,0.12658450704225352,0.16692578855551377
vt_h6_c1,71,FT_K1,0.84375,0.12746478873239436,0.19663284659397995
vt_h6_c1,71,ifr-tokenwise,0.828125,0.1306338028169014,0.1748570559716218
vt_h6_c1,71,FT_K3,0.84375,,
vt_h6_c1,72,DT,0.828125,0.13723709369024856,0.16782286659676696
vt_h6_c1,72,FT_K1,0.8125,0.12672084130019118,0.20534858925484994
vt_h6_c1,72,ifr-tokenwise,0.8125,0.13054493307839388,0.18833125271647747
vt_h6_c1,72,FT_K3,0.8125,,
vt_h6_c1,73,DT,0.7878787878787878,0.12136711281070744,0.14491466665691138
vt_h6_c1,73,FT_K1,0.8181818181818182,0.1282504780114723,0.2067087677257755
vt_h6_c1,73,ifr-tokenwise,0.8333333333333334,0.11869024856596558,0.18243441257636409
vt_h6_c1,73,FT_K3,0.8181818181818182,,
vt_h6_c1,74,DT,0.8125,0.11089285714285715,0.14255293869169722
vt_h6_c1,74,FT_K1,0.828125,0.12035714285714286,0.1990950155097237
vt_h6_c1,74,ifr-tokenwise,0.828125,0.11446428571428571,0.16825527036261098
vt_h6_c1,74,FT_K3,0.828125,,
vt_h6_c1,75,DT,0.8225806451612904,0.11708261617900173,0.14635806988317346
vt_h6_c1,75,FT_K1,0.8387096774193549,0.11863166953528399,0.19057865534293636
vt_h6_c1,75,ifr-tokenwise,0.8548387096774194,0.11191910499139415,0.16412520781494394
vt_h6_c1,75,FT_K3,0.8387096774193549,,
vt_h6_c1,76,DT,0.8387096774193549,0.23210059171597636,0.3522176183529509
vt_h6_c1,76,FT_K1,0.8387096774193549,0.18431952662721893,0.2173124813907167
vt_h6_c1,76,ifr-tokenwise,0.8064516129032258,0.18313609467455622,0.22401058778042363
vt_h6_c1,76,FT_K3,0.8387096774193549,,
vt_h6_c1,77,DT,0.7704918032786885,0.11603053435114505,0.14519188859223978
vt_h6_c1,77,FT_K1,0.8032786885245902,0.10171755725190841,0.19054996431857374
vt_h6_c1,77,ifr-tokenwise,0.819672131147541,0.09923664122137403,0.16914502051587182
vt_h6_c1,77,FT_K3,0.8032786885245902,,
vt_h6_c1,78,DT,0.8333333333333334,0.14014084507042252,0.18011787477176727
vt_h6_c1,78,FT_K1,0.8181818181818182,0.12306338028169014,0.20357755674286918
vt_h6_c1,78,ifr-tokenwise,0.8181818181818182,0.11848591549295776,0.17157730349821984
vt_h6_c1,78,FT_K3,0.8181818181818182,,
vt_h6_c1,79,DT,0.8484848484848485,0.11771653543307085,0.1506109867411181
vt_h6_c1,79,FT_K1,0.8333333333333334,0.11751968503937008,0.19260831416186472
vt_h6_c1,79,ifr-tokenwise,0.8181818181818182,0.1033464566929134,0.15987687919902965
vt_h6_c1,79,FT_K3,0.8333333333333334,,
vt_h6_c1,80,DT,0.734375,0.12135036496350364,0.15057827902964732
vt_h6_c1,80,FT_K1,0.828125,0.1395985401459854,0.21772592024805132
vt_h6_c1,80,ifr-tokenwise,0.84375,0.13631386861313868,0.19248920273756678
vt_h6_c1,80,FT_K3,0.828125,,
vt_h6_c1,81,DT,0.7727272727272727,0.1423758865248227,0.18592580792676228
vt_h6_c1,81,FT_K1,0.8484848484848485,0.12890070921985813,0.20543047476610465
vt_h6_c1,81,ifr-tokenwise,0.8484848484848485,0.12570921985815603,0.1842741031741189
vt_h6_c1,81,FT_K3,0.8484848484848485,,
vt_h6_c1,82,DT,0.7846153846153846,0.13966165413533832,0.17206647773032097
vt_h6_c1,82,FT_K1,0.8307692307692308,0.13552631578947366,0.20440125833784215
vt_h6_c1,82,ifr-tokenwise,0.8153846153846154,0.125,0.1821415095182616
vt_h6_c1,82,FT_K3,0.8307692307692308,,
vt_h6_c1,83,DT,0.7833333333333333,0.12268683274021353,0.15374020476559655
vt_h6_c1,83,FT_K1,0.8166666666666667,0.1337188612099644,0.20425012503732862
vt_h6_c1,83,ifr-tokenwise,0.8166666666666667,0.12446619217081849,0.17755732266976398
vt_h6_c1,83,FT_K3,0.8166666666666667,,
vt_h6_c1,84,DT,0.8225806451612904,0.13027272727272726,0.1664322443137595
vt_h6_c1,84,FT_K1,0.8225806451612904,0.12863636363636363,0.20024693351472922
vt_h6_c1,84,ifr-tokenwise,0.8387096774193549,0.1248181818181818,0.17848380546450313
vt_h6_c1,84,FT_K3,0.8225806451612904,,
vt_h6_c1,85,DT,0.803030303030303,0.11836917562724014,0.14089881921046432
vt_h6_c1,85,FT_K1,0.8333333333333334,0.12535842293906813,0.2075118348050368
vt_h6_c1,85,ifr-tokenwise,0.8333333333333334,0.1282258064516129,0.185210269398734
vt_h6_c1,85,FT_K3,0.8333333333333334,,
vt_h6_c1,86,DT,0.75,0.10514440433212997,0.1258098575034531
vt_h6_c1,86,FT_K1,0.875,0.12193140794223827,0.1999336787898597
vt_h6_c1,86,ifr-tokenwise,0.859375,0.109115523465704,0.16515486302153196
vt_h6_c1,86,FT_K3,0.875,,
vt_h6_c1,87,DT,0.8181818181818182,0.1281456953642384,0.15661151972063453
vt_h6_c1,87,FT_K1,0.8333333333333334,0.12665562913907286,0.20334430444436064
vt_h6_c1,87,ifr-tokenwise,0.8484848484848485,0.12483443708609272,0.1792823245843652
vt_h6_c1,87,FT_K3,0.8333333333333334,,
vt_h6_c1,88,DT,0.78125,0.1370353982300885,0.17325162502131888
vt_h6_c1,88,FT_K1,0.8125,0.14216814159292032,0.20532976610037998
vt_h6_c1,88,ifr-tokenwise,0.828125,0.1329646017699115,0.18443611508184402
vt_h6_c1,88,FT_K3,0.8125,,
vt_h6_c1,89,DT,0.7727272727272727,0.11510989010989012,0.14306364875020042
vt_h6_c1,89,FT_K1,0.8333333333333334,0.13122710622710623,0.20728456632271125
vt_h6_c1,89,ifr-tokenwise,0.8333333333333334,0.12664835164835164,0.18521253891392403
vt_h6_c1,89,FT_K3,0.8333333333333334,,
vt_h6_c1,90,DT,0.8333333333333334,0.13784246575342465,0.1656941091828642
vt_h6_c1,90,FT_K1,0.8333333333333334,0.13732876712328768,0.20802643570581977
vt_h6_c1,90,ifr-tokenwise,0.8333333333333334,0.13578767123287672,0.19592796081499256
vt_h6_c1,90,FT_K3,0.8333333333333334,,
vt_h6_c1,91,DT,0.7704918032786885,0.1301948051948052,0.17089890061184615
vt_h6_c1,91,FT_K1,0.8360655737704918,0.12694805194805195,0.1978787878983695
vt_h6_c1,91,ifr-tokenwise,0.8360655737704918,0.12759740259740257,0.17920316079562207
vt_h6_c1,91,FT_K3,0.8360655737704918,,
vt_h6_c1,92,DT,0.796875,0.12568493150684928,0.15285438545193897
vt_h6_c1,92,FT_K1,0.828125,0.12534246575342464,0.20412932954878116
vt_h6_c1,92,ifr-tokenwise,0.8125,0.12157534246575344,0.17833507234284213
vt_h6_c1,92,FT_K3,0.828125,,
vt_h6_c1,93,DT,0.8115942028985508,0.15775261324041817,0.19283001955691756
vt_h6_c1,93,FT_K1,0.8405797101449275,0.13806620209059234,0.206483275099836
vt_h6_c1,93,ifr-tokenwise,0.8405797101449275,0.13858885017421602,0.18191303583299198
vt_h6_c1,93,FT_K3,0.8405797101449275,,
vt_h6_c1,94,DT,0.84375,0.12249163879598664,0.15135518081610858
vt_h6_c1,94,FT_K1,0.828125,0.12683946488294312,0.20975052568873404
vt_h6_c1,94,ifr-tokenwise,0.8125,0.12265886287625416,0.18085082337524638
vt_h6_c1,94,FT_K3,0.8125,,
vt_h6_c1,95,DT,0.7727272727272727,0.12481060606060605,0.1579061498814601
vt_h6_c1,95,FT_K1,0.8484848484848485,0.12803030303030302,0.1911360863297315
vt_h6_c1,95,ifr-tokenwise,0.8484848484848485,0.12935606060606059,0.17625506976751049
vt_h6_c1,95,FT_K3,0.8484848484848485,,
vt_h6_c1,96,DT,0.78125,0.11848534201954397,0.1540631462639468
vt_h6_c1,96,FT_K1,0.84375,0.12939739413680781,0.20696364084715166
vt_h6_c1,96,ifr-tokenwise,0.828125,0.11962540716612377,0.17073831101531942
vt_h6_c1,96,FT_K3,0.84375,,
vt_h6_c1,97,DT,0.7878787878787878,0.1338809946714032,0.16350762148623668
vt_h6_c1,97,FT_K1,0.7878787878787878,0.13281527531083484,0.21337928586374105
vt_h6_c1,97,ifr-tokenwise,0.8333333333333334,0.1255328596802842,0.18479978060530527
vt_h6_c1,97,FT_K3,0.7878787878787878,,
vt_h6_c1,98,DT,0.7681159420289855,0.11181732580037665,0.1431605900677164
vt_h6_c1,98,FT_K1,0.8260869565217391,0.13573446327683614,0.21053185921704295
vt_h6_c1,98,ifr-tokenwise,0.8115942028985508,0.12914312617702448,0.1875991767677902
vt_h6_c1,98,FT_K3,0.8260869565217391,,
vt_h6_c1,99,DT,0.803030303030303,0.1368279569892473,0.1639992659924181
vt_h6_c1,99,FT_K1,0.8333333333333334,0.14829749103942652,0.21678536508342933
vt_h6_c1,99,ifr-tokenwise,0.8333333333333334,0.13951612903225805,0.1855220074500707
vt_h6_c1,99,FT_K3,0.8333333333333334,,
vt_h10_c1,0,DT,0.7904761904761904,0.1644957983193277,0.20706335813224067
vt_h10_c1,0,FT_K1,0.8285714285714286,0.15805322128851543,0.22859561860661418
vt_h10_c1,0,ifr-tokenwise,0.819047619047619,0.14936974789915966,0.19278851990451776
vt_h10_c1,0,FT_K3,0.8285714285714286,,
vt_h10_c1,1,DT,0.7425742574257426,0.17187499999999997,0.21385037044513125
vt_h10_c1,1,FT_K1,0.8217821782178217,0.1644021739130435,0.24254438856453975
vt_h10_c1,1,ifr-tokenwise,0.8118811881188119,0.15529891304347826,0.21051063413121146
vt_h10_c1,1,FT_K3,0.8217821782178217,,
vt_h10_c1,2,DT,0.7766990291262136,0.16411764705882353,0.21491116050132347
vt_h10_c1,2,FT_K1,0.8349514563106796,0.14595588235294116,0.22953266096053215
vt_h10_c1,2,ifr-tokenwise,0.8155339805825242,0.13691176470588234,0.2022758088461351
vt_h10_c1,2,FT_K3,0.8446601941747572,,
vt_h10_c1,3,DT,0.8137254901960784,0.17830578512396697,0.24583072826671787
vt_h10_c1,3,FT_K1,0.8333333333333334,0.1539256198347107,0.22235738290312188
vt_h10_c1,3,ifr-tokenwise,0.8235294117647058,0.15461432506887055,0.1946118824567465
vt_h10_c1,3,FT_K3,0.8333333333333334,,
vt_h10_c1,4,DT,0.7450980392156863,0.14727011494252876,0.18519721936001893
vt_h10_c1,4,FT_K1,0.8235294117647058,0.16580459770114941,0.2392818614201279
vt_h10_c1,4,ifr-tokenwise,0.803921568627451,0.15589080459770116,0.21490604175332537
vt_h10_c1,4,FT_K3,0.8235294117647058,,
vt_h10_c1,5,DT,0.72,0.19289617486338795,0.2636213519590217
vt_h10_c1,5,FT_K1,0.82,0.17554644808743167,0.22512061430222002
vt_h10_c1,5,ifr-tokenwise,0.79,0.17991803278688517,0.20682638217229124
vt_h10_c1,5,FT_K3,0.82,,
vt_h10_c1,6,DT,0.76,0.1778248587570621,0.2250506020961518
vt_h10_c1,6,FT_K1,0.82,0.1533898305084746,0.22868831011996896
vt_h10_c1,6,ifr-tokenwise,0.81,0.1483050847457627,0.19794776250726304
vt_h10_c1,6,FT_K3,0.82,,
vt_h10_c1,7,DT,0.77,0.1567972350230415,0.1930931660459397
vt_h10_c1,7,FT_K1,0.8,0.1445084485407066,0.22952897397949648
vt_h10_c1,7,ifr-tokenwise,0.8,0.13529185867895546,0.20215138338658845
vt_h10_c1,7,FT_K3,0.8,,
vt_h10_c1,8,DT,0.7959183673469388,0.16981268011527378,0.23954458628019917
vt_h10_c1,8,FT_K1,0.8061224489795918,0.14805475504322768,0.2255710026655097
vt_h10_c1,8,ifr-tokenwise,0.8163265306122449,0.14070605187319885,0.19560024269685225
vt_h10_c1,8,FT_K3,0.8061224489795918,,
vt_h10_c1,9,DT,0.7403846153846154,0.18120542082738939,0.24425048736484145
vt_h10_c1,9,FT_K1,0.7980769230769231,0.15509985734664766,0.23071796958498636
vt_h10_c1,9,ifr-tokenwise,0.8269230769230769,0.15139087018544936,0.20109284118248477
vt_h10_c1,9,FT_K3,0.7980769230769231,,
vt_h10_c1,10,DT,0.76,0.15682481751824817,0.20197380124681316
vt_h10_c1,10,FT_K1,0.81,0.14587591240875913,0.22805420734513157
vt_h10_c1,10,ifr-tokenwise,0.82,0.14266423357664235,0.20669712637741444
vt_h10_c1,10,FT_K3,0.82,,
vt_h10_c1,11,DT,0.7524752475247525,0.18066714490674318,0.24210828788759212
vt_h10_c1,11,FT_K1,0.8118811881188119,0.15197274031563845,0.22871112195264157
vt_h10_c1,11,ifr-tokenwise,0.8118811881188119,0.14953371592539455,0.19687557302921582
vt_h10_c1,11,FT_K3,0.8118811881188119,,
vt_h10_c1,12,DT,0.7474747474747475,0.23838688085676035,0.36229210549804547
vt_h10_c1,12,FT_K1,0.8181818181818182,0.20010040160642567,0.2503947419116125
vt_h10_c1,12,ifr-tokenwise,0.8080808080808081,0.20036813922356086,0.2336023323154064
vt_h10_c1,12,FT_K3,0.8181818181818182,,
vt_h10_c1,13,DT,0.7647058823529411,0.17728571428571427,0.22444829184226173
vt_h10_c1,13,FT_K1,0.8235294117647058,0.14900000000000002,0.22604354389468365
vt_h10_c1,13,ifr-tokenwise,0.8137254901960784,0.14685714285714285,0.20083714320222815
vt_h10_c1,13,FT_K3,0.8235294117647058,,
vt_h10_c1,14,DT,0.73,0.15917366946778708,0.1993926089594542
vt_h10_c1,14,FT_K1,0.82,0.15343137254901962,0.23260581026657148
vt_h10_c1,14,ifr-tokenwise,0.8,0.14180672268907565,0.19680907544389958
vt_h10_c1,14,FT_K3,0.82,,
vt_h10_c1,15,DT,0.797979797979798,0.17911764705882352,0.23849525402605648
vt_h10_c1,15,FT_K1,0.8080808080808081,0.15308823529411766,0.23393300194612915
vt_h10_c1,15,ifr-tokenwise,0.8080808080808081,0.1445588235294118,0.19840749059994978
vt_h10_c1,15,FT_K3,0.8080808080808081,,
vt_h10_c1,16,DT,0.7352941176470589,0.17463715529753268,0.23319841898383104
vt_h10_c1,16,FT_K1,0.8137254901960784,0.15584179970972423,0.23127051908042118
vt_h10_c1,16,ifr-tokenwise,0.8137254901960784,0.1559143686502177,0.21085937567933719
vt_h10_c1,16,FT_K3,0.8137254901960784,,
vt_h10_c1,17,DT,0.7843137254901961,0.1718885672937771,0.22713285262956973
vt_h10_c1,17,FT_K1,0.8137254901960784,0.15539073806078146,0.2272808444296251
vt_h10_c1,17,ifr-tokenwise,0.8235294117647058,0.15003617945007236,0.19931373540922742
vt_h10_c1,17,FT_K3,0.8137254901960784,,
vt_h10_c1,18,DT,0.7352941176470589,0.17832348596750366,0.2567972726575096
vt_h10_c1,18,FT_K1,0.8235294117647058,0.15144017725258493,0.233346156777774
vt_h10_c1,18,ifr-tokenwise,0.7941176470588235,0.1508493353028065,0.20794269813624325
vt_h10_c1,18,FT_K3,0.8235294117647058,,
vt_h10_c1,19,DT,0.75,0.165084388185654,0.22427909992306588
vt_h10_c1,19,FT_K1,0.8269230769230769,0.14834739803094235,0.22941296491252405
vt_h10_c1,19,ifr-tokenwise,0.8076923076923077,0.1400492264416315,0.19543649621606454
vt_h10_c1,19,FT_K3,0.8269230769230769,,
vt_h10_c1,20,DT,0.7653061224489796,0.1797307132459971,0.24254748077546778
vt_h10_c1,20,FT_K1,0.8367346938775511,0.1581877729257642,0.2304333108940623
vt_h10_c1,20,ifr-tokenwise,0.8061224489795918,0.15949781659388645,0.20299210146305086
vt_h10_c1,20,FT_K3,0.8367346938775511,,
vt_h10_c1,21,DT,0.7475728155339806,0.16030280649926146,0.1991353936263401
vt_h10_c1,21,FT_K1,0.8252427184466019,0.14331610044313145,0.21994992273110642
vt_h10_c1,21,ifr-tokenwise,0.8252427184466019,0.1366691285081241,0.19497386057261634
vt_h10_c1,21,FT_K3,0.8349514563106796,,
vt_h10_c1,22,DT,0.78,0.1523991655076495,0.20702812980430257
vt_h10_c1,22,FT_K1,0.83,0.15601529902642558,0.22968842707823592
vt_h10_c1,22,ifr-tokenwise,0.81,0.1540681502086231,0.20150506573318797
vt_h10_c1,22,FT_K3,0.83,,
vt_h10_c1,23,DT,0.7596153846153846,0.17194767441860465,0.22416842655257177
vt_h10_c1,23,FT_K1,0.8173076923076923,0.16206395348837208,0.2449992626786121
vt_h10_c1,23,ifr-tokenwise,0.8173076923076923,0.15988372093023256,0.21860357550392417
vt_h10_c1,23,FT_K3,0.8173076923076923,,
vt_h10_c1,24,DT,0.7884615384615384,0.17536390101892288,0.23277404164595544
vt_h10_c1,24,FT_K1,0.8173076923076923,0.15294759825327509,0.2241770570104961
vt_h10_c1,24,ifr-tokenwise,0.8173076923076923,0.15352983988355168,0.20999934820471716
vt_h10_c1,24,FT_K3,0.8269230769230769,,
vt_h10_c1,25,DT,0.7692307692307693,0.17087020648967552,0.22788399960863712
vt_h10_c1,25,FT_K1,0.8173076923076923,0.14786135693215338,0.23303112951466326
vt_h10_c1,25,ifr-tokenwise,0.8269230769230769,0.1394542772861357,0.19615431216493243
vt_h10_c1,25,FT_K3,0.8173076923076923,,
vt_h10_c1,26,DT,0.7692307692307693,0.14466966966966968,0.17839154901953252
vt_h10_c1,26,FT_K1,0.8365384615384616,0.14076576576576577,0.22777495648664595
vt_h10_c1,26,ifr-tokenwise,0.8173076923076923,0.13641141141141142,0.20380761044284007
vt_h10_c1,26,FT_K3,0.8365384615384616,,
vt_h10_c1,27,DT,0.7884615384615384,0.14508797653958944,0.18086656414653662
vt_h10_c1,27,FT_K1,0.8269230769230769,0.14787390029325514,0.22784148416904046
vt_h10_c1,27,ifr-tokenwise,0.8269230769230769,0.1406891495601173,0.2043048931032998
vt_h10_c1,27,FT_K3,0.8365384615384616,,
vt_h10_c1,28,DT,0.6862745098039216,0.17959940652818998,0.23944096444088112
vt_h10_c1,28,FT_K1,0.8333333333333334,0.14532640949554895,0.23402877523560167
vt_h10_c1,28,ifr-tokenwise,0.8137254901960784,0.14666172106824926,0.2079645631364726
vt_h10_c1,28,FT_K3,0.8333333333333334,,
vt_h10_c1,29,DT,0.7659574468085106,0.17977888730385166,0.241888136175691
vt_h10_c1,29,FT_K1,0.8297872340425532,0.15039229671897292,0.22926082467116538
vt_h10_c1,29,ifr-tokenwise,0.8297872340425532,0.14625534950071326,0.20263534099705308
vt_h10_c1,29,FT_K3,0.8297872340425532,,
vt_h10_c1,30,DT,0.78125,0.1552486187845304,0.1957721285523592
vt_h10_c1,30,FT_K1,0.8125,0.14958563535911604,0.23565069789418325
vt_h10_c1,30,ifr-tokenwise,0.8125,0.15013812154696132,0.2126064374848095
vt_h10_c1,30,FT_K3,0.8125,,
vt_h10_c1,31,DT,0.7714285714285715,0.1820188133140376,0.24456593153714362
vt_h10_c1,31,FT_K1,0.8095238095238095,0.1634949348769899,0.2328988640664519
vt_h10_c1,31,ifr-tokenwise,0.8095238095238095,0.15900868306801735,0.21295714710733935
vt_h10_c1,31,FT_K3,0.8,,
vt_h10_c1,32,DT,0.7403846153846154,0.1877507163323783,0.25576153310005945
vt_h10_c1,32,FT_K1,0.7788461538461539,0.1669054441260745,0.23245674653738338
vt_h10_c1,32,ifr-tokenwise,0.7980769230769231,0.15365329512893985,0.20109206958969822
vt_h10_c1,32,FT_K3,0.7788461538461539,,
vt_h10_c1,33,DT,0.7980769230769231,0.14508797653958944,0.18546390411550345
vt_h10_c1,33,FT_K1,0.8173076923076923,0.14831378299120235,0.22522779995913952
vt_h10_c1,33,ifr-tokenwise,0.7980769230769231,0.14523460410557185,0.20075635754735505
vt_h10_c1,33,FT_K3,0.8173076923076923,,
vt_h10_c1,34,DT,0.79,0.15043103448275863,0.18396238314329377
vt_h10_c1,34,FT_K1,0.82,0.13405172413793104,0.21026650790630655
vt_h10_c1,34,ifr-tokenwise,0.81,0.130316091954023,0.18517461406015895
vt_h10_c1,34,FT_K3,0.82,,
vt_h10_c1,35,DT,0.7788461538461539,0.16946107784431136,0.22435568892230773
vt_h10_c1,35,FT_K1,0.8173076923076923,0.15868263473053892,0.22619264533093902
vt_h10_c1,35,ifr-tokenwise,0.7980769230769231,0.1525449101796407,0.20871117688670965
vt_h10_c1,35,FT_K3,0.8173076923076923,,
vt_h10_c1,36,DT,0.75,0.1543103448275862,0.19400596902524722
vt_h10_c1,36,FT_K1,0.82,0.15488505747126435,0.23747071819859525
vt_h10_c1,36,ifr-tokenwise,0.81,0.14554597701149427,0.21019042527800233
vt_h10_c1,36,FT_K3,0.82,,
vt_h10_c1,37,DT,0.7352941176470589,0.1626251788268956,0.2065893965467242
vt_h10_c1,37,FT_K1,0.8235294117647058,0.16405579399141632,0.23531768172722095
vt_h10_c1,37,ifr-tokenwise,0.803921568627451,0.15819027181688125,0.20823685039438905
vt_h10_c1,37,FT_K3,0.8235294117647058,,
vt_h10_c1,38,DT,0.7623762376237624,0.17085714285714287,0.21254971579423695
vt_h10_c1,38,FT_K1,0.8217821782178217,0.14842857142857144,0.23258299262182933
vt_h10_c1,38,ifr-tokenwise,0.8217821782178217,0.14185714285714288,0.19998957936515183
vt_h10_c1,38,FT_K3,0.8217821782178217,,
vt_h10_c1,39,DT,0.7450980392156863,0.16000717360114777,0.2043786691285725
vt_h10_c1,39,FT_K1,0.8137254901960784,0.14895982783357245,0.22528860907614573
vt_h10_c1,39,ifr-tokenwise,0.7941176470588235,0.13862984218077476,0.20327371554372356
vt_h10_c1,39,FT_K3,0.8137254901960784,,
vt_h10_c1,40,DT,0.7378640776699029,0.1568941504178273,0.21203954014085463
vt_h10_c1,40,FT_K1,0.8155339805825242,0.14157381615598885,0.21820043751886953
vt_h10_c1,40,ifr-tokenwise,0.8252427184466019,0.13920612813370473,0.19344256314685931
vt_h10_c1,40,FT_K3,0.8155339805825242,,
vt_h10_c1,41,DT,0.78,0.14144832605531293,0.17658834648512411
vt_h10_c1,41,FT_K1,0.81,0.14639737991266377,0.22862044721924984
vt_h10_c1,41,ifr-tokenwise,0.83,0.13868267831149927,0.20091530539154595
vt_h10_c1,41,FT_K3,0.81,,
vt_h10_c1,42,DT,0.76,0.1635558583106267,0.21413222434778373
vt_h10_c1,42,FT_K1,0.82,0.14843324250681197,0.23085149930002985
vt_h10_c1,42,ifr-tokenwise,0.8,0.15034059945504086,0.20211749581657618
vt_h10_c1,42,FT_K3,0.82,,
vt_h10_c1,43,DT,0.7745098039215687,0.16881368267831154,0.2176325940099137
vt_h10_c1,43,FT_K1,0.8137254901960784,0.14392285298398835,0.22556751478672252
vt_h10_c1,43,ifr-tokenwise,0.8137254901960784,0.14042940320232897,0.1937660825809422
vt_h10_c1,43,FT_K3,0.8137254901960784,,
vt_h10_c1,44,DT,0.75,0.1493169398907104,0.1848747499421178
vt_h10_c1,44,FT_K1,0.8173076923076923,0.15314207650273226,0.23298993179548683
vt_h10_c1,44,ifr-tokenwise,0.8173076923076923,0.1435792349726776,0.20039637779898425
vt_h10_c1,44,FT_K3,0.8173076923076923,,
vt_h10_c1,45,DT,0.7346938775510204,0.16082089552238804,0.2036988499322442
vt_h10_c1,45,FT_K1,0.826530612244898,0.1651492537313433,0.24695927613038804
vt_h10_c1,45,ifr-tokenwise,0.8163265306122449,0.1533582089552239,0.20753089598720317
vt_h10_c1,45,FT_K3,0.8163265306122449,,
vt_h10_c1,46,DT,0.76,0.1663888888888889,0.218732380829794
vt_h10_c1,46,FT_K1,0.82,0.14625,0.22063681457143663
vt_h10_c1,46,ifr-tokenwise,0.81,0.13999999999999999,0.19904526321065105
vt_h10_c1,46,FT_K3,0.81,,
vt_h10_c1,47,DT,0.8041237113402062,0.18730876216968007,0.25666469605974723
vt_h10_c1,47,FT_K1,0.8350515463917526,0.1586578581363004,0.22591692917219036
vt_h10_c1,47,ifr-tokenwise,0.8144329896907216,0.15531988873435326,0.19306295669884332
vt_h10_c1,47,FT_K3,0.8350515463917526,,
vt_h10_c1,48,DT,0.7653061224489796,0.1693001443001443,0.22794563195440634
vt_h10_c1,48,FT_K1,0.826530612244898,0.1394300144300144,0.2123502954494544
vt_h10_c1,48,ifr-tokenwise,0.8061224489795918,0.13856421356421358,0.18224564998635956
vt_h10_c1,48,FT_K3,0.826530612244898,,
vt_h10_c1,49,DT,0.7425742574257426,0.14166666666666666,0.17549770163952155
vt_h10_c1,49,FT_K1,0.8118811881188119,0.14827586206896554,0.23570655882681715
vt_h10_c1,49,ifr-tokenwise,0.8217821782178217,0.14554597701149424,0.21332553227951148
vt_h10_c1,49,FT_K3,0.8217821782178217,,
vt_h10_c1,50,DT,0.76,0.18273049645390066,0.2408581537876513
vt_h10_c1,50,FT_K1,0.83,0.1573404255319149,0.22822084654127778
vt_h10_c1,50,ifr-tokenwise,0.82,0.15648936170212768,0.20194234628184576
vt_h10_c1,50,FT_K3,0.83,,
vt_h10_c1,51,DT,0.7572815533980582,0.16234756097560982,0.2059714770434859
vt_h10_c1,51,FT_K1,0.8252427184466019,0.14496951219512194,0.23723970919775933
vt_h10_c1,51,ifr-tokenwise,0.8155339805825242,0.14679878048780487,0.21750228826956622
vt_h10_c1,51,FT_K3,0.8252427184466019,,
vt_h10_c1,52,DT,0.7314814814814815,0.162117903930131,0.19923394429227873
vt_h10_c1,52,FT_K1,0.7777777777777778,0.14363173216885006,0.22580002832414287
vt_h10_c1,52,ifr-tokenwise,0.8055555555555556,0.13751819505094615,0.1973949322971623
vt_h10_c1,52,FT_K3,0.7777777777777778,,
vt_h10_c1,53,DT,0.7547169811320755,0.17996296296296294,0.24547135101149725
vt_h10_c1,53,FT_K1,0.8207547169811321,0.15937037037037038,0.2369160124765716
vt_h10_c1,53,ifr-tokenwise,0.8207547169811321,0.1527037037037037,0.20422619550918036
vt_h10_c1,53,FT_K3,0.8207547169811321,,
vt_h10_c1,54,DT,0.7403846153846154,0.1761461318051576,0.24644378477293816
vt_h10_c1,54,FT_K1,0.8076923076923077,0.14992836676217766,0.2339587912115629
vt_h10_c1,54,ifr-tokenwise,0.8076923076923077,0.1542263610315186,0.204777952400032
vt_h10_c1,54,FT_K3,0.8076923076923077,,
vt_h10_c1,55,DT,0.76,0.17935435435435426,0.25424556124931974
vt_h10_c1,55,FT_K1,0.81,0.1590840840840841,0.2259460549105997
vt_h10_c1,55,ifr-tokenwise,0.82,0.15022522522522525,0.20099269066522144
vt_h10_c1,55,FT_K3,0.81,,
vt_h10_c1,56,DT,0.7647058823529411,0.1679811866859624,0.21172638012340322
vt_h10_c1,56,FT_K1,0.8235294117647058,0.16219247467438497,0.24222863352295443
vt_h10_c1,56,ifr-tokenwise,0.8137254901960784,0.15640376266280753,0.2082096872456464
vt_h10_c1,56,FT_K3,0.8235294117647058,,
vt_h10_c1,57,DT,0.77,0.1502173913043478,0.19013100593263724
vt_h10_c1,57,FT_K1,0.82,0.14760869565217388,0.21871354539645455
vt_h10_c1,57,ifr-tokenwise,0.84,0.13992753623188406,0.19091509504013177
vt_h10_c1,57,FT_K3,0.82,,
vt_h10_c1,58,DT,0.7475728155339806,0.19056671449067436,0.2570219627792031
vt_h10_c1,58,FT_K1,0.8252427184466019,0.15290530846484934,0.2305104227954343
vt_h10_c1,58,ifr-tokenwise,0.8155339805825242,0.14307747489239597,0.19991141795344874
vt_h10_c1,58,FT_K3,0.8252427184466019,,
vt_h10_c1,59,DT,0.8018867924528302,0.19450867052023124,0.28328382978814604
vt_h10_c1,59,FT_K1,0.8113207547169812,0.15245664739884393,0.21895761620499812
vt_h10_c1,59,ifr-tokenwise,0.8207547169811321,0.14768786127167627,0.18975186792823434
vt_h10_c1,59,FT_K3,0.8113207547169812,,
vt_h10_c1,60,DT,0.75,0.16147375504710632,0.19602123761592175
vt_h10_c1,60,FT_K1,0.82,0.15407133243607,0.23638269199448908
vt_h10_c1,60,ifr-tokenwise,0.82,0.13926648721399731,0.19075417738371106
vt_h10_c1,60,FT_K3,0.82,,
vt_h10_c1,61,DT,0.7830188679245284,0.18308297567954218,0.24955135847974913
vt_h10_c1,61,FT_K1,0.8113207547169812,0.1607653791130186,0.23571299574567295
vt_h10_c1,61,ifr-tokenwise,0.8113207547169812,0.1517525035765379,0.1990484987788225
vt_h10_c1,61,FT_K3,0.8113207547169812,,
vt_h10_c1,62,DT,0.7692307692307693,0.1591258741258741,0.20160150305282926
vt_h10_c1,62,FT_K1,0.8173076923076923,0.15003496503496505,0.22179164055407807
vt_h10_c1,62,ifr-tokenwise,0.8173076923076923,0.14961538461538462,0.19117552501488025
vt_h10_c1,62,FT_K3,0.8173076923076923,,
vt_h10_c1,63,DT,0.7352941176470589,0.1478448275862069,0.18106097373139818
vt_h10_c1,63,FT_K1,0.803921568627451,0.15732758620689652,0.23520613246415936
vt_h10_c1,63,ifr-tokenwise,0.8137254901960784,0.15028735632183907,0.21585091274901966
vt_h10_c1,63,FT_K3,0.803921568627451,,
vt_h10_c1,64,DT,0.7647058823529411,0.16199015471167372,0.2091700817989151
vt_h10_c1,64,FT_K1,0.8333333333333334,0.14258087201125175,0.22367433433974665
vt_h10_c1,64,ifr-tokenwise,0.8235294117647058,0.1327355836849508,0.196669014376773
vt_h10_c1,64,FT_K3,0.8333333333333334,,
vt_h10_c1,65,DT,0.8173076923076923,0.1828571428571429,0.25310408914837673
vt_h10_c1,65,FT_K1,0.8173076923076923,0.15457142857142858,0.22640495651226197
vt_h10_c1,65,ifr-tokenwise,0.8269230769230769,0.1462857142857143,0.19583976039171605
vt_h10_c1,65,FT_K3,0.8173076923076923,,
vt_h10_c1,66,DT,0.7403846153846154,0.24963942307692305,0.34549116053481377
vt_h10_c1,66,FT_K1,0.8076923076923077,0.21562499999999996,0.2662184527653892
vt_h10_c1,66,ifr-tokenwise,0.8173076923076923,0.20685096153846158,0.24256813992249948
vt_h10_c1,66,FT_K3,0.8076923076923077,,
vt_h10_c1,67,DT,0.7647058823529411,0.20981012658227843,0.3057035959637948
vt_h10_c1,67,FT_K1,0.8333333333333334,0.17732067510548521,0.22565868862196461
vt_h10_c1,67,ifr-tokenwise,0.8137254901960784,0.16860056258790435,0.20239694021942997
vt_h10_c1,67,FT_K3,0.8333333333333334,,
vt_h10_c1,68,DT,0.801980198019802,0.17596582466567606,0.22908661097169225
vt_h10_c1,68,FT_K1,0.801980198019802,0.15107726597325408,0.23699052308848295
vt_h10_c1,68,ifr-tokenwise,0.8118811881188119,0.14060178306092125,0.19895335959098825
vt_h10_c1,68,FT_K3,0.8118811881188119,,
vt_h10_c1,69,DT,0.77,0.14337606837606837,0.1881357656886154
vt_h10_c1,69,FT_K1,0.81,0.1413817663817664,0.22348298454013588
vt_h10_c1,69,ifr-tokenwise,0.81,0.13653846153846155,0.19462383655399934
vt_h10_c1,69,FT_K3,0.82,,
vt_h10_c1,70,DT,0.78,0.1801282051282051,0.23554271001726387
vt_h10_c1,70,FT_K1,0.82,0.16018518518518515,0.23921119223308968
vt_h10_c1,70,ifr-tokenwise,0.82,0.15933048433048433,0.21304550922723822
vt_h10_c1,70,FT_K3,0.82,,
vt_h10_c1,71,DT,0.7452830188679245,0.15601449275362314,0.20697734121206546
vt_h10_c1,71,FT_K1,0.8207547169811321,0.1632608695652174,0.23656320773471942
vt_h10_c1,71,ifr-tokenwise,0.8207547169811321,0.15746376811594204,0.21517082953244238
vt_h10_c1,71,FT_K3,0.8207547169811321,,
vt_h10_c1,72,DT,0.7281553398058253,0.17485835694050986,0.22796943273047648
vt_h10_c1,72,FT_K1,0.8155339805825242,0.16310198300283285,0.23010465876627878
vt_h10_c1,72,ifr-tokenwise,0.7961165048543689,0.1448300283286119,0.19135721424991647
vt_h10_c1,72,FT_K3,0.8155339805825242,,
vt_h10_c1,73,DT,0.7830188679245284,0.17962184873949577,0.23556014975902434
vt_h10_c1,73,FT_K1,0.8301886792452831,0.15189075630252102,0.22992330286392665
vt_h10_c1,73,ifr-tokenwise,0.8301886792452831,0.14278711484593837,0.1954301270193987
vt_h10_c1,73,FT_K3,0.8301886792452831,,
vt_h10_c1,74,DT,0.7777777777777778,0.1822052401746725,0.25198285835094764
vt_h10_c1,74,FT_K1,0.8383838383838383,0.15585880640465793,0.2317882512557468
vt_h10_c1,74,ifr-tokenwise,0.8282828282828283,0.15134643377001455,0.2074089795019088
vt_h10_c1,74,FT_K3,0.8383838383838383,,
vt_h10_c1,75,DT,0.7653061224489796,0.1401685393258427,0.1693583567134073
vt_h10_c1,75,FT_K1,0.8163265306122449,0.1476123595505618,0.2298239157639387
vt_h10_c1,75,ifr-tokenwise,0.826530612244898,0.1422752808988764,0.20409762526232664
vt_h10_c1,75,FT_K3,0.8163265306122449,,
vt_h10_c1,76,DT,0.7450980392156863,0.16658415841584162,0.22014301844104942
vt_h10_c1,76,FT_K1,0.8333333333333334,0.1513083451202263,0.22788332305661374
vt_h10_c1,76,ifr-tokenwise,0.8137254901960784,0.13490099009900988,0.19160735992499656
vt_h10_c1,76,FT_K3,0.8333333333333334,,
vt_h10_c1,77,DT,0.7830188679245284,0.18306010928961744,0.25177976366292176
vt_h10_c1,77,FT_K1,0.8301886792452831,0.15122950819672132,0.2227316296736898
vt_h10_c1,77,ifr-tokenwise,0.8301886792452831,0.14617486338797817,0.1933851601785852
vt_h10_c1,77,FT_K3,0.8301886792452831,,
vt_h10_c1,78,DT,0.7549019607843137,0.15190217391304345,0.1886636827876126
vt_h10_c1,78,FT_K1,0.803921568627451,0.15271739130434783,0.23985776288792823
vt_h10_c1,78,ifr-tokenwise,0.8333333333333334,0.14728260869565218,0.20826909094531176
vt_h10_c1,78,FT_K3,0.803921568627451,,
vt_h10_c1,79,DT,0.78,0.17378048780487806,0.23276820653794156
vt_h10_c1,79,FT_K1,0.82,0.15033875338753383,0.22999377139126737
vt_h10_c1,79,ifr-tokenwise,0.82,0.14315718157181573,0.2000094222735779
vt_h10_c1,79,FT_K3,0.82,,
vt_h10_c1,80,DT,0.7450980392156863,0.14811178247734139,0.1875372554716197
vt_h10_c1,80,FT_K1,0.7941176470588235,0.14765861027190333,0.2263053504806365
vt_h10_c1,80,ifr-tokenwise,0.7941176470588235,0.1425226586102719,0.20439000501901256
vt_h10_c1,80,FT_K3,0.7941176470588235,,
vt_h10_c1,81,DT,0.7647058823529411,0.17033527696793,0.2195258086592454
vt_h10_c1,81,FT_K1,0.8137254901960784,0.15262390670553935,0.22739671859635435
vt_h10_c1,81,ifr-tokenwise,0.8235294117647058,0.15415451895043736,0.1990980184193189
vt_h10_c1,81,FT_K3,0.8137254901960784,,
vt_h10_c1,82,DT,0.7326732673267327,0.17349849849849855,0.2344156444507166
vt_h10_c1,82,FT_K1,0.8316831683168316,0.14406906906906908,0.22512729155880035
vt_h10_c1,82,ifr-tokenwise,0.8118811881188119,0.1397147147147147,0.20110071938240298
vt_h10_c1,82,FT_K3,0.8316831683168316,,
vt_h10_c1,83,DT,0.7575757575757576,0.1451863354037267,0.180702861347865
vt_h10_c1,83,FT_K1,0.8181818181818182,0.146583850931677,0.22580639958804452
vt_h10_c1,83,ifr-tokenwise,0.8181818181818182,0.1392857142857143,0.2071404492751679
vt_h10_c1,83,FT_K3,0.8181818181818182,,
vt_h10_c1,84,DT,0.7663551401869159,0.15317109144542776,0.18394218633310996
vt_h10_c1,84,FT_K1,0.8130841121495327,0.13738938053097344,0.2224317258988755
vt_h10_c1,84,ifr-tokenwise,0.822429906542056,0.13399705014749264,0.1920229271617328
vt_h10_c1,84,FT_K3,0.8130841121495327,,
vt_h10_c1,85,DT,0.8018867924528302,0.18422077922077915,0.23752940469881687
vt_h10_c1,85,FT_K1,0.8207547169811321,0.16110389610389608,0.23785518125129063
vt_h10_c1,85,ifr-tokenwise,0.8301886792452831,0.1529220779220779,0.20031658012561576
vt_h10_c1,85,FT_K3,0.8301886792452831,,
vt_h10_c1,86,DT,0.7450980392156863,0.15276203966005664,0.1887068315681501
vt_h10_c1,86,FT_K1,0.8235294117647058,0.1591359773371105,0.23982726029747328
vt_h10_c1,86,ifr-tokenwise,0.8137254901960784,0.15389518413597733,0.2142520010617926
vt_h10_c1,86,FT_K3,0.8235294117647058,,
vt_h10_c1,87,DT,0.7647058823529411,0.1624057315233786,0.2116570981792049
vt_h10_c1,87,FT_K1,0.8431372549019608,0.13585972850678732,0.21604984943942881
vt_h10_c1,87,ifr-tokenwise,0.8235294117647058,0.13012820512820514,0.18499299890847568
vt_h10_c1,87,FT_K3,0.8431372549019608,,
vt_h10_c1,88,DT,0.75,0.2259433962264151,0.320227874482648
vt_h10_c1,88,FT_K1,0.8076923076923077,0.18227762803234498,0.24046094558177816
vt_h10_c1,88,ifr-tokenwise,0.8173076923076923,0.17473045822102423,0.20578334604066026
vt_h10_c1,88,FT_K3,0.8076923076923077,,
vt_h10_c1,89,DT,0.7692307692307693,0.17219424460431657,0.23368051223173433
vt_h10_c1,89,FT_K1,0.8269230769230769,0.16528776978417264,0.22412660382310343
vt_h10_c1,89,ifr-tokenwise,0.8269230769230769,0.15938848920863308,0.19858213958806767
vt_h10_c1,89,FT_K3,0.8269230769230769,,
vt_h10_c1,90,DT,0.82,0.16808357348703168,0.22346691304614077
vt_h10_c1,90,FT_K1,0.81,0.1388328530259366,0.2285335245792469
vt_h10_c1,90,ifr-tokenwise,0.82,0.1389769452449568,0.19382740945190222
vt_h10_c1,90,FT_K3,0.81,,
vt_h10_c1,91,DT,0.7254901960784313,0.1806851311953353,0.24480596717915598
vt_h10_c1,91,FT_K1,0.803921568627451,0.1518221574344023,0.22891001801377545
vt_h10_c1,91,ifr-tokenwise,0.8137254901960784,0.14759475218658893,0.20307226426842542
vt_h10_c1,91,FT_K3,0.803921568627451,,
vt_h10_c1,92,DT,0.7428571428571429,0.16666666666666669,0.2165764016150944
vt_h10_c1,92,FT_K1,0.8285714285714286,0.1570175438596491,0.24266635265524883
vt_h10_c1,92,ifr-tokenwise,0.8285714285714286,0.15146198830409355,0.2168426606732583
vt_h10_c1,92,FT_K3,0.8285714285714286,,
vt_h10_c1,93,DT,0.803921568627451,0.18934659090909092,0.2591430607747375
vt_h10_c1,93,FT_K1,0.8137254901960784,0.15653409090909093,0.22984879406165168
vt_h10_c1,93,ifr-tokenwise,0.8137254901960784,0.14943181818181817,0.19726748242326794
vt_h10_c1,93,FT_K3,0.8137254901960784,,
vt_h10_c1,94,DT,0.7692307692307693,0.16802325581395353,0.21485172290645171
vt_h10_c1,94,FT_K1,0.8076923076923077,0.14200581395348838,0.22385371468559084
vt_h10_c1,94,ifr-tokenwise,0.8173076923076923,0.13677325581395347,0.18321990702928498
vt_h10_c1,94,FT_K3,0.8076923076923077,,
vt_h10_c1,95,DT,0.7450980392156863,0.15050724637681154,0.19256208737424146
vt_h10_c1,95,FT_K1,0.8235294117647058,0.14471014492753623,0.23067542454178497
vt_h10_c1,95,ifr-tokenwise,0.8137254901960784,0.13905797101449277,0.19400744031802156
vt_h10_c1,95,FT_K3,0.8235294117647058,,
vt_h10_c1,96,DT,0.7745098039215687,0.1884285714285714,0.2549847996966035
vt_h10_c1,96,FT_K1,0.803921568627451,0.1672857142857143,0.24308027323491518
vt_h10_c1,96,ifr-tokenwise,0.8235294117647058,0.15985714285714286,0.2063560122014303
vt_h10_c1,96,FT_K3,0.803921568627451,,
vt_h10_c1,97,DT,0.7745098039215687,0.17140804597701145,0.22713750655341217
vt_h10_c1,97,FT_K1,0.8333333333333334,0.14597701149425288,0.22344985566511308
vt_h10_c1,97,ifr-tokenwise,0.8235294117647058,0.148132183908046,0.2071511087074842
vt_h10_c1,97,FT_K3,0.8333333333333334,,
vt_h10_c1,98,DT,0.8037383177570093,0.17747813411078722,0.22828696421415726
vt_h10_c1,98,FT_K1,0.822429906542056,0.14482507288629737,0.23663197808342792
vt_h10_c1,98,ifr-tokenwise,0.8317757009345794,0.13972303206997086,0.2047352501330102
vt_h10_c1,98,FT_K3,0.822429906542056,,
vt_h10_c1,99,DT,0.7708333333333334,0.18617478510028657,0.24937707069400372
vt_h10_c1,99,FT_K1,0.8125,0.14892550143266475,0.2268549233578412
vt_h10_c1,99,ifr-tokenwise,0.8125,0.14935530085959886,0.1959019912429047
vt_h10_c1,99,FT_K3,0.8125,,
hotpotqa_long,0,DT,1.0,0.3110398860398861,0.5665883194534126
hotpotqa_long,0,FT_K1,1.0,0.32884615384615384,0.4538167538381018
hotpotqa_long,0,ifr-tokenwise,1.0,0.43098290598290606,0.6544283422935415
hotpotqa_long,0,FT_K3,1.0,,
hotpotqa_long,1,DT,1.0,0.2698571428571429,0.38885387138390737
hotpotqa_long,1,FT_K1,0.3333333333333333,0.12442857142857137,0.24142582551373204
hotpotqa_long,1,ifr-tokenwise,0.3333333333333333,0.20814285714285713,0.28208662058986245
hotpotqa_long,1,FT_K3,0.3333333333333333,,
hotpotqa_long,2,DT,0.6666666666666666,0.29247572815533984,0.5024945678497769
hotpotqa_long,2,FT_K1,0.3333333333333333,0.3842233009708738,0.5161095274448314
hotpotqa_long,2,ifr-tokenwise,0.3333333333333333,0.3652912621359223,0.49169983914093435
hotpotqa_long,2,FT_K3,0.3333333333333333,,
hotpotqa_long,3,DT,1.0,0.04447449768160742,0.09673631841217459
hotpotqa_long,3,FT_K1,0.5,0.04756568778979907,0.23093519456085848
hotpotqa_long,3,ifr-tokenwise,0.5,0.04540185471406492,0.23635446329362536
hotpotqa_long,3,FT_K3,0.5,,
hotpotqa_long,4,DT,0.6666666666666666,0.09736024844720496,0.1388229457854483
hotpotqa_long,4,FT_K1,0.6666666666666666,0.19208074534161496,0.236815657839975
hotpotqa_long,4,ifr-tokenwise,0.6666666666666666,0.24394409937888195,0.31081325560105433
hotpotqa_long,4,FT_K3,0.6666666666666666,,
hotpotqa_long,5,DT,1.0,0.05242175856929956,0.0709425091314597
hotpotqa_long,5,FT_K1,0.6666666666666666,0.1716467958271237,0.22753947142095404
hotpotqa_long,5,ifr-tokenwise,0.6666666666666666,0.18237704918032788,0.2343798179909573
hotpotqa_long,5,FT_K3,0.3333333333333333,,
hotpotqa_long,6,DT,1.0,0.1566931982633864,0.286562547142861
hotpotqa_long,6,FT_K1,0.5,0.2148697539797395,0.25726795186876156
hotpotqa_long,6,ifr-tokenwise,1.0,0.29330680173661366,0.35479115716170195
hotpotqa_long,6,FT_K3,0.5,,
hotpotqa_long,7,DT,0.5,0.1617601246105919,0.21166446142913573
hotpotqa_long,7,FT_K1,0.5,0.23621495327102804,0.2642385712089425
hotpotqa_long,7,ifr-tokenwise,0.5,0.26799065420560747,0.3072381228712565
hotpotqa_long,7,FT_K3,0.5,,
hotpotqa_long,8,DT,0.5,0.34615384615384615,0.6131949968742093
hotpotqa_long,8,FT_K1,0.25,0.35423076923076924,0.4711581259301452
hotpotqa_long,8,ifr-tokenwise,0.25,0.36,0.48037382671903284
hotpotqa_long,8,FT_K3,0.25,,
hotpotqa_long,9,DT,1.0,0.09265498652291101,0.13790719356601824
hotpotqa_long,9,FT_K1,0.5,0.17809973045822097,0.24531072780859828
hotpotqa_long,9,ifr-tokenwise,0.5,0.1786388140161725,0.2662979871959288
hotpotqa_long,9,FT_K3,0.5,,
hotpotqa_long,10,DT,0.75,0.05707070707070707,0.07581857020269842
hotpotqa_long,10,FT_K1,0.75,0.15732323232323228,0.25549430131969514
hotpotqa_long,10,ifr-tokenwise,0.75,0.23055555555555554,0.282997571665537
hotpotqa_long,10,FT_K3,0.75,,
hotpotqa_long,11,DT,0.5,0.1038519637462236,0.15714038561226565
hotpotqa_long,11,FT_K1,0.5,0.16487915407854986,0.28906064616005483
hotpotqa_long,11,ifr-tokenwise,0.5,0.16155589123867073,0.29367186997989375
hotpotqa_long,11,FT_K3,0.5,,
hotpotqa_long,12,DT,1.0,0.20216150081566076,0.33794465629315906
hotpotqa_long,12,FT_K1,1.0,0.14898042414355633,0.27545686553904336
hotpotqa_long,12,ifr-tokenwise,1.0,0.15648450244698206,0.25778797704012346
hotpotqa_long,12,FT_K3,1.0,,
hotpotqa_long,13,DT,1.0,0.025,0.05847201398130262
hotpotqa_long,13,FT_K1,0.5,0.025,0.2150920307903125
hotpotqa_long,13,ifr-tokenwise,0.5,0.025,0.23715903717142933
hotpotqa_long,13,FT_K3,0.5,,
hotpotqa_long,14,DT,0.5,0.22236842105263163,0.37181367212267463
hotpotqa_long,14,FT_K1,1.0,0.2648496240601503,0.3513762379114305
hotpotqa_long,14,ifr-tokenwise,1.0,0.26898496240601494,0.3596690684431373
hotpotqa_long,14,FT_K3,1.0,,
hotpotqa_long,15,DT,0.75,0.041102470265324785,0.0581628477522809
hotpotqa_long,15,FT_K1,0.75,0.18840347666971632,0.25048700665248147
hotpotqa_long,15,ifr-tokenwise,0.75,0.2540942360475755,0.30120209325630365
hotpotqa_long,15,FT_K3,0.75,,
hotpotqa_long,16,DT,0.5,0.1703947368421052,0.2602701508000228
hotpotqa_long,16,FT_K1,0.0,0.1789473684210526,0.2524111679037836
hotpotqa_long,16,ifr-tokenwise,0.0,0.19703947368421043,0.27105870556510286
hotpotqa_long,16,FT_K3,0.0,,
hotpotqa_long,17,DT,1.0,0.40652173913043477,0.652320771453612
hotpotqa_long,17,FT_K1,0.5,0.2980072463768116,0.3819530557524299
hotpotqa_long,17,ifr-tokenwise,0.5,0.21811594202898554,0.2684787447513536
hotpotqa_long,17,FT_K3,0.5,,
hotpotqa_long,18,DT,1.0,0.17722222222222223,0.3152505532148401
hotpotqa_long,18,FT_K1,1.0,0.20855555555555555,0.2890590242307899
hotpotqa_long,18,ifr-tokenwise,1.0,0.21633333333333332,0.2904081669338823
hotpotqa_long,18,FT_K3,1.0,,
hotpotqa_long,19,DT,1.0,0.32500000000000007,0.5367239698754723
hotpotqa_long,19,FT_K1,1.0,0.3510479041916167,0.48626424392285345
hotpotqa_long,19,ifr-tokenwise,1.0,0.3983532934131736,0.5851151098143099
hotpotqa_long,19,FT_K3,1.0,,
hotpotqa_long,20,DT,0.5,0.2322507552870091,0.39519096925233466
hotpotqa_long,20,FT_K1,0.5,0.35007552870090636,0.540186983643274
hotpotqa_long,20,ifr-tokenwise,0.5,0.3582326283987916,0.5391529525022215
hotpotqa_long,20,FT_K3,0.5,,
hotpotqa_long,21,DT,1.0,0.3206521739130434,0.5615965613889454
hotpotqa_long,21,FT_K1,0.5,0.3497637051039698,0.47387525139157116
hotpotqa_long,21,ifr-tokenwise,0.5,0.3280245746691871,0.4364705562092207
hotpotqa_long,21,FT_K3,0.5,,
hotpotqa_long,22,DT,1.0,0.348030303030303,0.5905974142780666
hotpotqa_long,22,FT_K1,1.0,0.18893939393939396,0.24482183527229262
hotpotqa_long,22,ifr-tokenwise,1.0,0.21106060606060603,0.2991666086149372
hotpotqa_long,22,FT_K3,1.0,,
hotpotqa_long,23,DT,0.3333333333333333,0.19614093959731543,0.26094917729873984
hotpotqa_long,23,FT_K1,0.3333333333333333,0.25620805369127525,0.32827583459994936
hotpotqa_long,23,ifr-tokenwise,0.0,0.22936241610738262,0.2985921517663799
hotpotqa_long,23,FT_K3,0.0,,
hotpotqa_long,24,DT,0.6666666666666666,0.07863984674329502,0.09109224267471279
hotpotqa_long,24,FT_K1,0.6666666666666666,0.1560344827586207,0.20315873197176915
hotpotqa_long,24,ifr-tokenwise,0.6666666666666666,0.36254789272030646,0.5225694599783905
hotpotqa_long,24,FT_K3,0.6666666666666666,,
hotpotqa_long,25,DT,1.0,0.22936018957345966,0.41363975123251173
hotpotqa_long,25,FT_K1,0.5,0.34139810426540285,0.4624233155719253
hotpotqa_long,25,ifr-tokenwise,0.5,0.454952606635071,0.671814341605257
hotpotqa_long,25,FT_K3,0.5,,
hotpotqa_long,26,DT,0.5,0.08646926536731636,0.11256906337512958
hotpotqa_long,26,FT_K1,0.5,0.22440029985007498,0.2805732445379222
hotpotqa_long,26,ifr-tokenwise,0.5,0.29186656671664174,0.3808754839024922
hotpotqa_long,26,FT_K3,0.5,,
hotpotqa_long,27,DT,1.0,0.029651162790697672,0.058476320309127194
hotpotqa_long,27,FT_K1,1.0,0.06187707641196013,0.24304167138716362
hotpotqa_long,27,ifr-tokenwise,0.5,0.032973421926910294,0.2494806305897949
hotpotqa_long,27,FT_K3,1.0,,
hotpotqa_long,28,DT,0.3333333333333333,0.19837770382695505,0.3115035785931862
hotpotqa_long,28,FT_K1,0.3333333333333333,0.182071547420965,0.25938382119529335
hotpotqa_long,28,ifr-tokenwise,0.3333333333333333,0.24263727121464224,0.2980935989071273
hotpotqa_long,28,FT_K3,0.3333333333333333,,
hotpotqa_long,29,DT,0.6666666666666666,0.18882608695652178,0.24468414764315174
hotpotqa_long,29,FT_K1,0.0,0.23230434782608694,0.2861166299606405
hotpotqa_long,29,ifr-tokenwise,0.0,0.2526521739130435,0.29604527362811733
hotpotqa_long,29,FT_K3,0.0,,
hotpotqa_long,30,DT,1.0,0.2254950495049505,0.3566578157961678
hotpotqa_long,30,FT_K1,1.0,0.18836633663366337,0.24444023077129445
hotpotqa_long,30,ifr-tokenwise,1.0,0.277970297029703,0.37114277096577947
hotpotqa_long,30,FT_K3,1.0,,
hotpotqa_long,31,DT,1.0,0.1282258064516129,0.1722932224362351
hotpotqa_long,31,FT_K1,1.0,0.085,0.22218240346245927
hotpotqa_long,31,ifr-tokenwise,1.0,0.08112903225806448,0.2082855178081235
hotpotqa_long,31,FT_K3,1.0,,
hotpotqa_long,32,DT,0.3333333333333333,0.25371452420701174,0.42048904408859283
hotpotqa_long,32,FT_K1,0.3333333333333333,0.11281302170283806,0.2440134755673772
hotpotqa_long,32,ifr-tokenwise,0.3333333333333333,0.13885642737896492,0.2575407522737585
hotpotqa_long,32,FT_K3,0.3333333333333333,,
hotpotqa_long,33,DT,1.0,0.1489543726235741,0.21621112669822198
hotpotqa_long,33,FT_K1,0.6666666666666666,0.18545627376425852,0.2849833132112217
hotpotqa_long,33,ifr-tokenwise,0.6666666666666666,0.17823193916349805,0.2668412106452544
hotpotqa_long,33,FT_K3,0.6666666666666666,,
hotpotqa_long,34,DT,1.0,0.3296831955922865,0.5891164425358563
hotpotqa_long,34,FT_K1,0.5,0.41108815426997236,0.5766691637959479
hotpotqa_long,34,ifr-tokenwise,0.5,0.39979338842975193,0.5443485637939953
hotpotqa_long,34,FT_K3,0.5,,
hotpotqa_long,35,DT,0.3333333333333333,0.18565573770491808,0.2846169296878992
hotpotqa_long,35,FT_K1,0.6666666666666666,0.22350968703427715,0.32524488760423087
hotpotqa_long,35,ifr-tokenwise,0.6666666666666666,0.22157228017883757,0.32528444618017854
hotpotqa_long,35,FT_K3,0.6666666666666666,,
hotpotqa_long,36,DT,1.0,0.10493079584775092,0.16900528961876976
hotpotqa_long,36,FT_K1,0.5,0.19645328719723185,0.2600182888421867
hotpotqa_long,36,ifr-tokenwise,0.5,0.20008650519031143,0.25907760849033695
hotpotqa_long,36,FT_K3,0.5,,
hotpotqa_long,37,DT,1.0,0.32234042553191483,0.5871915521869951
hotpotqa_long,37,FT_K1,1.0,0.24787234042553186,0.30912095064992734
hotpotqa_long,37,ifr-tokenwise,1.0,0.22978723404255322,0.28004966758617306
hotpotqa_long,37,FT_K3,1.0,,
hotpotqa_long,38,DT,1.0,0.09119217081850532,0.15018852255205117
hotpotqa_long,38,FT_K1,0.5,0.13271055753262162,0.2750211636906659
hotpotqa_long,38,ifr-tokenwise,0.5,0.12250889679715307,0.27918670739053375
hotpotqa_long,38,FT_K3,0.5,,
hotpotqa_long,39,DT,0.5,0.3866279069767442,0.5905918882450635
hotpotqa_long,39,FT_K1,0.5,0.22732558139534884,0.33178285432133336
hotpotqa_long,39,ifr-tokenwise,0.5,0.21220930232558138,0.3094517702426497
hotpotqa_long,39,FT_K3,0.5,,
hotpotqa_long,40,DT,0.5,0.16121169916434536,0.24638634685997035
hotpotqa_long,40,FT_K1,0.5,0.18266016713091923,0.23124021029850145
hotpotqa_long,40,ifr-tokenwise,0.5,0.28252089136490255,0.37519117391038675
hotpotqa_long,40,FT_K3,0.5,,
hotpotqa_long,41,DT,0.75,0.10554711246200607,0.16198259799085085
hotpotqa_long,41,FT_K1,0.5,0.2052431610942249,0.26218227180768977
hotpotqa_long,41,ifr-tokenwise,0.5,0.3280395136778115,0.41260037375559183
hotpotqa_long,41,FT_K3,0.5,,
hotpotqa_long,42,DT,0.5,0.4112068965517242,0.662124206436849
hotpotqa_long,42,FT_K1,0.5,0.3353448275862068,0.47162658084378134
hotpotqa_long,42,ifr-tokenwise,0.5,0.3700738916256158,0.5554652338727024
hotpotqa_long,42,FT_K3,0.5,,
hotpotqa_long,43,DT,1.0,0.15650684931506845,0.26170078316635703
hotpotqa_long,43,FT_K1,0.6666666666666666,0.20479452054794528,0.2584851514399046
hotpotqa_long,43,ifr-tokenwise,1.0,0.2164383561643836,0.24975794097963178
hotpotqa_long,43,FT_K3,0.6666666666666666,,
hotpotqa_long,44,DT,0.3333333333333333,0.1806786703601108,0.3110922746600605
hotpotqa_long,44,FT_K1,0.3333333333333333,0.20657894736842106,0.26384802484614667
hotpotqa_long,44,ifr-tokenwise,0.3333333333333333,0.2363573407202216,0.3017837088940707
hotpotqa_long,44,FT_K3,0.3333333333333333,,
hotpotqa_long,45,DT,1.0,0.11371794871794876,0.12484715326382896
hotpotqa_long,45,FT_K1,0.5,0.09217948717948718,0.23582963458004857
hotpotqa_long,45,ifr-tokenwise,0.5,0.10243589743589743,0.23073313326082748
hotpotqa_long,45,FT_K3,0.5,,
hotpotqa_long,46,DT,0.5,0.16211711711711713,0.24396157849587558
hotpotqa_long,46,FT_K1,0.5,0.24788288288288282,0.31283408518227385
hotpotqa_long,46,ifr-tokenwise,0.5,0.306981981981982,0.407432918098241
hotpotqa_long,46,FT_K3,0.5,,
hotpotqa_long,47,DT,0.6666666666666666,0.21739766081871345,0.3868927543010795
hotpotqa_long,47,FT_K1,0.3333333333333333,0.29429824561403506,0.3680401712325494
hotpotqa_long,47,ifr-tokenwise,0.3333333333333333,0.32441520467836255,0.40169761363139295
hotpotqa_long,47,FT_K3,0.3333333333333333,,
