dataset,index,method,target_mode,aggregation,view,budget_unit,fraction,eligible,gold,budget,gold_density,ceiling,random_expected_recall,recall,precision,ceiling_adjusted_recall,cutoff,cutoff_tie_size,recall_tie_low,recall_tie_high,all_body_tokens,f1,exact_match,complete_support,true_positive,predicted,token_recall,spent_tokens,unused_tokens,selected_sentences,empty_selection,fact_recall_ceiling
vt_h2_c3,0,DT,answer_only,signed_sum,raw,eligible_body_tokens,0.1,329,26,33,0.0790273556231003,1.0,0.10030395136778116,0.8076923076923077,0.6363636363636364,0.8076923076923077,0.10507529228925705,1,0.8076923076923077,0.8076923076923077,,,,,,,,,,,,
vt_h2_c3,1,DT,answer_only,signed_sum,raw,eligible_body_tokens,0.1,330,27,33,0.08181818181818182,1.0,0.1,0.8888888888888888,0.7272727272727273,0.8888888888888888,0.1310049295425415,1,0.8888888888888888,0.8888888888888888,,,,,,,,,,,,
vt_h2_c3,2,DT,answer_only,signed_sum,raw,eligible_body_tokens,0.1,332,29,34,0.08734939759036145,1.0,0.10240963855421686,0.896551724137931,0.7647058823529411,0.896551724137931,0.09026667475700378,1,0.896551724137931,0.896551724137931,,,,,,,,,,,,
vt_h2_c3,3,DT,answer_only,signed_sum,raw,eligible_body_tokens,0.1,337,27,34,0.08011869436201781,1.0,0.10089020771513353,0.8888888888888888,0.7058823529411765,0.8888888888888888,0.0720256119966507,1,0.8888888888888888,0.8888888888888888,,,,,,,,,,,,
vt_h2_c3,4,DT,answer_only,signed_sum,raw,eligible_body_tokens,0.1,334,30,34,0.08982035928143713,1.0,0.10179640718562874,0.8,0.7058823529411765,0.8,0.13853229582309723,1,0.8,0.8,,,,,,,,,,,,
vt_h2_c3,5,DT,answer_only,signed_sum,raw,eligible_body_tokens,0.1,336,30,34,0.08928571428571429,1.0,0.10119047619047619,0.8666666666666667,0.7647058823529411,0.8666666666666667,0.15433067083358765,1,0.8666666666666667,0.8666666666666667,,,,,,,,,,,,
vt_h2_c3,6,DT,answer_only,signed_sum,raw,eligible_body_tokens,0.1,334,29,34,0.08682634730538923,1.0,0.10179640718562874,0.9655172413793104,0.8235294117647058,0.9655172413793104,0.11816663295030594,1,0.9655172413793104,0.9655172413793104,,,,,,,,,,,,
vt_h2_c3,7,DT,answer_only,signed_sum,raw,eligible_body_tokens,0.1,327,28,33,0.0856269113149847,1.0,0.10091743119266056,0.8571428571428571,0.7272727272727273,0.8571428571428571,0.13541534543037415,1,0.8571428571428571,0.8571428571428571,,,,,,,,,,,,
vt_h2_c3,8,DT,answer_only,signed_sum,raw,eligible_body_tokens,0.1,333,31,34,0.09309309309309309,1.0,0.1021021021021021,0.8387096774193549,0.7647058823529411,0.8387096774193549,0.18961189687252045,1,0.8387096774193549,0.8387096774193549,,,,,,,,,,,,
vt_h2_c3,9,DT,answer_only,signed_sum,raw,eligible_body_tokens,0.1,331,28,34,0.08459214501510574,1.0,0.1027190332326284,0.8571428571428571,0.7058823529411765,0.8571428571428571,0.14474907517433167,1,0.8571428571428571,0.8571428571428571,,,,,,,,,,,,
vt_h2_c3,10,DT,answer_only,signed_sum,raw,eligible_body_tokens,0.1,330,27,33,0.08181818181818182,1.0,0.1,0.9259259259259259,0.7575757575757576,0.9259259259259259,0.16520081460475922,1,0.9259259259259259,0.9259259259259259,,,,,,,,,,,,
vt_h2_c3,11,DT,answer_only,signed_sum,raw,eligible_body_tokens,0.1,335,32,34,0.0955223880597015,1.0,0.10149253731343283,0.8125,0.7647058823529411,0.8125,0.13517090678215027,1,0.8125,0.8125,,,,,,,,,,,,
vt_h2_c3,12,DT,answer_only,signed_sum,raw,eligible_body_tokens,0.1,335,29,34,0.08656716417910448,1.0,0.10149253731343283,0.896551724137931,0.7647058823529411,0.896551724137931,0.15135923027992249,1,0.896551724137931,0.896551724137931,,,,,,,,,,,,
vt_h2_c3,13,DT,answer_only,signed_sum,raw,eligible_body_tokens,0.1,332,28,34,0.08433734939759036,1.0,0.10240963855421686,0.8571428571428571,0.7058823529411765,0.8571428571428571,0.0717044249176979,1,0.8571428571428571,0.8571428571428571,,,,,,,,,,,,
vt_h2_c3,14,DT,answer_only,signed_sum,raw,eligible_body_tokens,0.1,338,30,34,0.08875739644970414,1.0,0.10059171597633136,0.7666666666666667,0.6764705882352942,0.7666666666666667,0.197767436504364,1,0.7666666666666667,0.7666666666666667,,,,,,,,,,,,
vt_h2_c3,15,DT,answer_only,signed_sum,raw,eligible_body_tokens,0.1,338,30,34,0.08875739644970414,1.0,0.10059171597633136,0.9,0.7941176470588235,0.9,0.13332878053188324,1,0.9,0.9,,,,,,,,,,,,
vt_h2_c3,16,DT,answer_only,signed_sum,raw,eligible_body_tokens,0.1,339,29,34,0.0855457227138643,1.0,0.10029498525073746,0.8275862068965517,0.7058823529411765,0.8275862068965517,0.15050724148750305,1,0.8275862068965517,0.8275862068965517,,,,,,,,,,,,
vt_h2_c3,17,DT,answer_only,signed_sum,raw,eligible_body_tokens,0.1,332,29,34,0.08734939759036145,1.0,0.10240963855421686,0.8620689655172413,0.7352941176470589,0.8620689655172413,0.16961589455604553,1,0.8620689655172413,0.8620689655172413,,,,,,,,,,,,
vt_h2_c3,18,DT,answer_only,signed_sum,raw,eligible_body_tokens,0.1,336,28,34,0.08333333333333333,1.0,0.10119047619047619,0.8928571428571429,0.7352941176470589,0.8928571428571429,0.10125748813152313,1,0.8928571428571429,0.8928571428571429,,,,,,,,,,,,
vt_h2_c3,19,DT,answer_only,signed_sum,raw,eligible_body_tokens,0.1,336,29,34,0.08630952380952381,1.0,0.10119047619047619,0.896551724137931,0.7647058823529411,0.896551724137931,0.10260868072509766,1,0.896551724137931,0.896551724137931,,,,,,,,,,,,
vt_h2_c3,20,DT,answer_only,signed_sum,raw,eligible_body_tokens,0.1,331,28,34,0.08459214501510574,1.0,0.1027190332326284,0.7857142857142857,0.6470588235294118,0.7857142857142857,0.14226587116718292,1,0.7857142857142857,0.7857142857142857,,,,,,,,,,,,
vt_h2_c3,21,DT,answer_only,signed_sum,raw,eligible_body_tokens,0.1,329,26,33,0.0790273556231003,1.0,0.10030395136778116,0.8076923076923077,0.6363636363636364,0.8076923076923077,0.11847171932458878,1,0.8076923076923077,0.8076923076923077,,,,,,,,,,,,
vt_h2_c3,22,DT,answer_only,signed_sum,raw,eligible_body_tokens,0.1,329,30,33,0.0911854103343465,1.0,0.10030395136778116,0.8333333333333334,0.7575757575757576,0.8333333333333334,0.09400135278701782,1,0.8333333333333334,0.8333333333333334,,,,,,,,,,,,
vt_h2_c3,23,DT,answer_only,signed_sum,raw,eligible_body_tokens,0.1,331,30,34,0.09063444108761329,1.0,0.1027190332326284,1.0,0.8823529411764706,1.0,0.08845627307891846,1,1.0,1.0,,,,,,,,,,,,
vt_h2_c3,24,DT,answer_only,signed_sum,raw,eligible_body_tokens,0.1,333,30,34,0.09009009009009009,1.0,0.1021021021021021,0.8333333333333334,0.7352941176470589,0.8333333333333334,0.14358147978782654,1,0.8333333333333334,0.8333333333333334,,,,,,,,,,,,
vt_h2_c3,25,DT,answer_only,signed_sum,raw,eligible_body_tokens,0.1,335,27,34,0.08059701492537313,1.0,0.10149253731343283,0.7777777777777778,0.6176470588235294,0.7777777777777778,0.13145506381988525,1,0.7777777777777778,0.7777777777777778,,,,,,,,,,,,
vt_h2_c3,26,DT,answer_only,signed_sum,raw,eligible_body_tokens,0.1,334,30,34,0.08982035928143713,1.0,0.10179640718562874,0.9666666666666667,0.8529411764705882,0.9666666666666667,0.0923847109079361,1,0.9666666666666667,0.9666666666666667,,,,,,,,,,,,
vt_h2_c3,27,DT,answer_only,signed_sum,raw,eligible_body_tokens,0.1,339,29,34,0.0855457227138643,1.0,0.10029498525073746,0.8275862068965517,0.7058823529411765,0.8275862068965517,0.12499702721834183,1,0.8275862068965517,0.8275862068965517,,,,,,,,,,,,
vt_h2_c3,28,DT,answer_only,signed_sum,raw,eligible_body_tokens,0.1,329,26,33,0.0790273556231003,1.0,0.10030395136778116,0.8846153846153846,0.696969696969697,0.8846153846153846,0.08294525742530823,1,0.8846153846153846,0.8846153846153846,,,,,,,,,,,,
vt_h2_c3,29,DT,answer_only,signed_sum,raw,eligible_body_tokens,0.1,330,27,33,0.08181818181818182,1.0,0.1,0.7407407407407407,0.6060606060606061,0.7407407407407407,0.1546328216791153,1,0.7407407407407407,0.7407407407407407,,,,,,,,,,,,
vt_h2_c3,30,DT,answer_only,signed_sum,raw,eligible_body_tokens,0.1,332,28,34,0.08433734939759036,1.0,0.10240963855421686,0.75,0.6176470588235294,0.75,0.07137233763933182,1,0.75,0.75,,,,,,,,,,,,
vt_h2_c3,31,DT,answer_only,signed_sum,raw,eligible_body_tokens,0.1,339,30,34,0.08849557522123894,1.0,0.10029498525073746,0.8666666666666667,0.7647058823529411,0.8666666666666667,0.17518682777881622,1,0.8666666666666667,0.8666666666666667,,,,,,,,,,,,
vt_h2_c3,32,DT,answer_only,signed_sum,raw,eligible_body_tokens,0.1,337,30,34,0.08902077151335312,1.0,0.10089020771513353,0.7666666666666667,0.6764705882352942,0.7666666666666667,0.16547325253486633,1,0.7666666666666667,0.7666666666666667,,,,,,,,,,,,
vt_h2_c3,33,DT,answer_only,signed_sum,raw,eligible_body_tokens,0.1,332,29,34,0.08734939759036145,1.0,0.10240963855421686,0.8620689655172413,0.7352941176470589,0.8620689655172413,0.15194100141525269,1,0.8620689655172413,0.8620689655172413,,,,,,,,,,,,
vt_h2_c3,34,DT,answer_only,signed_sum,raw,eligible_body_tokens,0.1,330,26,33,0.07878787878787878,1.0,0.1,0.8846153846153846,0.696969696969697,0.8846153846153846,0.08341757208108902,1,0.8846153846153846,0.8846153846153846,,,,,,,,,,,,
vt_h2_c3,35,DT,answer_only,signed_sum,raw,eligible_body_tokens,0.1,334,30,34,0.08982035928143713,1.0,0.10179640718562874,0.9333333333333333,0.8235294117647058,0.9333333333333333,0.15550324320793152,1,0.9333333333333333,0.9333333333333333,,,,,,,,,,,,
vt_h2_c3,36,DT,answer_only,signed_sum,raw,eligible_body_tokens,0.1,333,28,34,0.08408408408408409,1.0,0.1021021021021021,0.8571428571428571,0.7058823529411765,0.8571428571428571,0.25396499037742615,1,0.8571428571428571,0.8571428571428571,,,,,,,,,,,,
vt_h2_c3,37,DT,answer_only,signed_sum,raw,eligible_body_tokens,0.1,338,31,34,0.09171597633136094,1.0,0.10059171597633136,0.7741935483870968,0.7058823529411765,0.7741935483870968,0.21524086594581604,1,0.7741935483870968,0.7741935483870968,,,,,,,,,,,,
vt_h2_c3,38,DT,answer_only,signed_sum,raw,eligible_body_tokens,0.1,331,28,34,0.08459214501510574,1.0,0.1027190332326284,0.8571428571428571,0.7058823529411765,0.8571428571428571,0.1710406243801117,1,0.8571428571428571,0.8571428571428571,,,,,,,,,,,,
vt_h2_c3,39,DT,answer_only,signed_sum,raw,eligible_body_tokens,0.1,332,28,34,0.08433734939759036,1.0,0.10240963855421686,0.7857142857142857,0.6470588235294118,0.7857142857142857,0.12622074782848358,1,0.7857142857142857,0.7857142857142857,,,,,,,,,,,,
vt_h2_c3,40,DT,answer_only,signed_sum,raw,eligible_body_tokens,0.1,337,29,34,0.08605341246290801,1.0,0.10089020771513353,0.8275862068965517,0.7058823529411765,0.8275862068965517,0.11642901599407196,1,0.8275862068965517,0.8275862068965517,,,,,,,,,,,,
vt_h2_c3,41,DT,answer_only,signed_sum,raw,eligible_body_tokens,0.1,332,32,34,0.0963855421686747,1.0,0.10240963855421686,0.84375,0.7941176470588235,0.84375,0.1271195113658905,1,0.84375,0.84375,,,,,,,,,,,,
vt_h2_c3,42,DT,answer_only,signed_sum,raw,eligible_body_tokens,0.1,330,28,33,0.08484848484848485,1.0,0.1,0.8928571428571429,0.7575757575757576,0.8928571428571429,0.08146973699331284,1,0.8928571428571429,0.8928571428571429,,,,,,,,,,,,
vt_h2_c3,43,DT,answer_only,signed_sum,raw,eligible_body_tokens,0.1,338,30,34,0.08875739644970414,1.0,0.10059171597633136,0.9,0.7941176470588235,0.9,0.1366993486881256,1,0.9,0.9,,,,,,,,,,,,
vt_h2_c3,44,DT,answer_only,signed_sum,raw,eligible_body_tokens,0.1,336,31,34,0.09226190476190477,1.0,0.10119047619047619,0.8387096774193549,0.7647058823529411,0.8387096774193549,0.17479929327964783,1,0.8387096774193549,0.8387096774193549,,,,,,,,,,,,
vt_h2_c3,45,DT,answer_only,signed_sum,raw,eligible_body_tokens,0.1,333,30,34,0.09009009009009009,1.0,0.1021021021021021,0.9333333333333333,0.8235294117647058,0.9333333333333333,0.13896004855632782,1,0.9333333333333333,0.9333333333333333,,,,,,,,,,,,
vt_h2_c3,46,DT,answer_only,signed_sum,raw,eligible_body_tokens,0.1,331,28,34,0.08459214501510574,1.0,0.1027190332326284,0.8571428571428571,0.7058823529411765,0.8571428571428571,0.07389383018016815,1,0.8571428571428571,0.8571428571428571,,,,,,,,,,,,
vt_h2_c3,47,DT,answer_only,signed_sum,raw,eligible_body_tokens,0.1,329,26,33,0.0790273556231003,1.0,0.10030395136778116,0.9230769230769231,0.7272727272727273,0.9230769230769231,0.12244077771902084,1,0.9230769230769231,0.9230769230769231,,,,,,,,,,,,
vt_h2_c3,48,DT,answer_only,signed_sum,raw,eligible_body_tokens,0.1,331,28,34,0.08459214501510574,1.0,0.1027190332326284,0.8214285714285714,0.6764705882352942,0.8214285714285714,0.0680854395031929,1,0.8214285714285714,0.8214285714285714,,,,,,,,,,,,
vt_h2_c3,49,DT,answer_only,signed_sum,raw,eligible_body_tokens,0.1,329,28,33,0.0851063829787234,1.0,0.10030395136778116,0.8928571428571429,0.7575757575757576,0.8928571428571429,0.20990996062755585,1,0.8928571428571429,0.8928571428571429,,,,,,,,,,,,
vt_h2_c3,50,DT,answer_only,signed_sum,raw,eligible_body_tokens,0.1,331,27,34,0.08157099697885196,1.0,0.1027190332326284,0.8148148148148148,0.6470588235294118,0.8148148148148148,0.137789785861969,1,0.8148148148148148,0.8148148148148148,,,,,,,,,,,,
vt_h2_c3,51,DT,answer_only,signed_sum,raw,eligible_body_tokens,0.1,330,27,33,0.08181818181818182,1.0,0.1,0.7777777777777778,0.6363636363636364,0.7777777777777778,0.14840911328792572,1,0.7777777777777778,0.7777777777777778,,,,,,,,,,,,
vt_h2_c3,52,DT,answer_only,signed_sum,raw,eligible_body_tokens,0.1,332,29,34,0.08734939759036145,1.0,0.10240963855421686,0.896551724137931,0.7647058823529411,0.896551724137931,0.11248967796564102,1,0.896551724137931,0.896551724137931,,,,,,,,,,,,
vt_h2_c3,53,DT,answer_only,signed_sum,raw,eligible_body_tokens,0.1,333,30,34,0.09009009009009009,1.0,0.1021021021021021,0.8333333333333334,0.7352941176470589,0.8333333333333334,0.20217247307300568,1,0.8333333333333334,0.8333333333333334,,,,,,,,,,,,
vt_h2_c3,54,DT,answer_only,signed_sum,raw,eligible_body_tokens,0.1,333,30,34,0.09009009009009009,1.0,0.1021021021021021,0.8666666666666667,0.7647058823529411,0.8666666666666667,0.10439888387918472,1,0.8666666666666667,0.8666666666666667,,,,,,,,,,,,
vt_h2_c3,55,DT,answer_only,signed_sum,raw,eligible_body_tokens,0.1,330,28,33,0.08484848484848485,1.0,0.1,0.8571428571428571,0.7272727272727273,0.8571428571428571,0.11390255391597748,1,0.8571428571428571,0.8571428571428571,,,,,,,,,,,,
vt_h2_c3,56,DT,answer_only,signed_sum,raw,eligible_body_tokens,0.1,330,28,33,0.08484848484848485,1.0,0.1,0.8214285714285714,0.696969696969697,0.8214285714285714,0.15961986780166626,1,0.8214285714285714,0.8214285714285714,,,,,,,,,,,,
vt_h2_c3,57,DT,answer_only,signed_sum,raw,eligible_body_tokens,0.1,335,30,34,0.08955223880597014,1.0,0.10149253731343283,0.9666666666666667,0.8529411764705882,0.9666666666666667,0.13289526104927063,1,0.9666666666666667,0.9666666666666667,,,,,,,,,,,,
vt_h2_c3,58,DT,answer_only,signed_sum,raw,eligible_body_tokens,0.1,333,28,34,0.08408408408408409,1.0,0.1021021021021021,0.9642857142857143,0.7941176470588235,0.9642857142857143,0.13521955907344818,1,0.9642857142857143,0.9642857142857143,,,,,,,,,,,,
vt_h2_c3,59,DT,answer_only,signed_sum,raw,eligible_body_tokens,0.1,330,27,33,0.08181818181818182,1.0,0.1,0.7777777777777778,0.6363636363636364,0.7777777777777778,0.0984295979142189,1,0.7777777777777778,0.7777777777777778,,,,,,,,,,,,
vt_h2_c3,60,DT,answer_only,signed_sum,raw,eligible_body_tokens,0.1,333,29,34,0.08708708708708708,1.0,0.1021021021021021,0.8620689655172413,0.7352941176470589,0.8620689655172413,0.11933322250843048,1,0.8620689655172413,0.8620689655172413,,,,,,,,,,,,
vt_h2_c3,61,DT,answer_only,signed_sum,raw,eligible_body_tokens,0.1,330,26,33,0.07878787878787878,1.0,0.1,0.8461538461538461,0.6666666666666666,0.8461538461538461,0.08234406262636185,1,0.8461538461538461,0.8461538461538461,,,,,,,,,,,,
vt_h2_c3,62,DT,answer_only,signed_sum,raw,eligible_body_tokens,0.1,336,29,34,0.08630952380952381,1.0,0.10119047619047619,0.896551724137931,0.7647058823529411,0.896551724137931,0.15653850138187408,1,0.896551724137931,0.896551724137931,,,,,,,,,,,,
vt_h2_c3,63,DT,answer_only,signed_sum,raw,eligible_body_tokens,0.1,333,28,34,0.08408408408408409,1.0,0.1021021021021021,0.8928571428571429,0.7352941176470589,0.8928571428571429,0.1449645757675171,1,0.8928571428571429,0.8928571428571429,,,,,,,,,,,,
vt_h2_c3,64,DT,answer_only,signed_sum,raw,eligible_body_tokens,0.1,334,26,34,0.07784431137724551,1.0,0.10179640718562874,0.8461538461538461,0.6470588235294118,0.8461538461538461,0.11771182715892792,1,0.8461538461538461,0.8461538461538461,,,,,,,,,,,,
vt_h2_c3,65,DT,answer_only,signed_sum,raw,eligible_body_tokens,0.1,335,28,34,0.08358208955223881,1.0,0.10149253731343283,0.8571428571428571,0.7058823529411765,0.8571428571428571,0.12924736738204956,1,0.8571428571428571,0.8571428571428571,,,,,,,,,,,,
vt_h2_c3,66,DT,answer_only,signed_sum,raw,eligible_body_tokens,0.1,334,31,34,0.09281437125748503,1.0,0.10179640718562874,0.8387096774193549,0.7647058823529411,0.8387096774193549,0.11299480497837067,1,0.8387096774193549,0.8387096774193549,,,,,,,,,,,,
vt_h2_c3,67,DT,answer_only,signed_sum,raw,eligible_body_tokens,0.1,330,30,33,0.09090909090909091,1.0,0.1,0.9,0.8181818181818182,0.9,0.14969833195209503,1,0.9,0.9,,,,,,,,,,,,
vt_h2_c3,68,DT,answer_only,signed_sum,raw,eligible_body_tokens,0.1,333,30,34,0.09009009009009009,1.0,0.1021021021021021,0.7333333333333333,0.6470588235294118,0.7333333333333333,0.1849745512008667,1,0.7333333333333333,0.7333333333333333,,,,,,,,,,,,
vt_h2_c3,69,DT,answer_only,signed_sum,raw,eligible_body_tokens,0.1,329,26,33,0.0790273556231003,1.0,0.10030395136778116,0.8076923076923077,0.6363636363636364,0.8076923076923077,0.14861564338207245,1,0.8076923076923077,0.8076923076923077,,,,,,,,,,,,
vt_h2_c3,70,DT,answer_only,signed_sum,raw,eligible_body_tokens,0.1,332,30,34,0.09036144578313253,1.0,0.10240963855421686,0.8666666666666667,0.7647058823529411,0.8666666666666667,0.1782035231590271,1,0.8666666666666667,0.8666666666666667,,,,,,,,,,,,
vt_h2_c3,71,DT,answer_only,signed_sum,raw,eligible_body_tokens,0.1,331,28,34,0.08459214501510574,1.0,0.1027190332326284,0.7142857142857143,0.5882352941176471,0.7142857142857143,0.13857612013816833,1,0.7142857142857143,0.7142857142857143,,,,,,,,,,,,
vt_h2_c3,72,DT,answer_only,signed_sum,raw,eligible_body_tokens,0.1,337,29,34,0.08605341246290801,1.0,0.10089020771513353,0.8275862068965517,0.7058823529411765,0.8275862068965517,0.1266755759716034,1,0.8275862068965517,0.8275862068965517,,,,,,,,,,,,
vt_h2_c3,73,DT,answer_only,signed_sum,raw,eligible_body_tokens,0.1,333,30,34,0.09009009009009009,1.0,0.1021021021021021,0.8666666666666667,0.7647058823529411,0.8666666666666667,0.17888480424880981,1,0.8666666666666667,0.8666666666666667,,,,,,,,,,,,
vt_h2_c3,74,DT,answer_only,signed_sum,raw,eligible_body_tokens,0.1,331,28,34,0.08459214501510574,1.0,0.1027190332326284,0.8214285714285714,0.6764705882352942,0.8214285714285714,0.21041831374168396,1,0.8214285714285714,0.8214285714285714,,,,,,,,,,,,
vt_h2_c3,75,DT,answer_only,signed_sum,raw,eligible_body_tokens,0.1,331,28,34,0.08459214501510574,1.0,0.1027190332326284,0.8214285714285714,0.6764705882352942,0.8214285714285714,0.14055235683918,1,0.8214285714285714,0.8214285714285714,,,,,,,,,,,,
vt_h2_c3,76,DT,answer_only,signed_sum,raw,eligible_body_tokens,0.1,333,28,34,0.08408408408408409,1.0,0.1021021021021021,0.8214285714285714,0.6764705882352942,0.8214285714285714,0.14583168923854828,1,0.8214285714285714,0.8214285714285714,,,,,,,,,,,,
vt_h2_c3,77,DT,answer_only,signed_sum,raw,eligible_body_tokens,0.1,336,30,34,0.08928571428571429,1.0,0.10119047619047619,0.8666666666666667,0.7647058823529411,0.8666666666666667,0.1343730241060257,1,0.8666666666666667,0.8666666666666667,,,,,,,,,,,,
vt_h2_c3,78,DT,answer_only,signed_sum,raw,eligible_body_tokens,0.1,333,28,34,0.08408408408408409,1.0,0.1021021021021021,0.8571428571428571,0.7058823529411765,0.8571428571428571,0.15734107792377472,1,0.8571428571428571,0.8571428571428571,,,,,,,,,,,,
vt_h2_c3,79,DT,answer_only,signed_sum,raw,eligible_body_tokens,0.1,338,28,34,0.08284023668639054,1.0,0.10059171597633136,0.9285714285714286,0.7647058823529411,0.9285714285714286,0.1498786062002182,1,0.9285714285714286,0.9285714285714286,,,,,,,,,,,,
vt_h2_c3,80,DT,answer_only,signed_sum,raw,eligible_body_tokens,0.1,334,28,34,0.08383233532934131,1.0,0.10179640718562874,0.7857142857142857,0.6470588235294118,0.7857142857142857,0.13408203423023224,1,0.7857142857142857,0.7857142857142857,,,,,,,,,,,,
vt_h2_c3,81,DT,answer_only,signed_sum,raw,eligible_body_tokens,0.1,333,28,34,0.08408408408408409,1.0,0.1021021021021021,0.9285714285714286,0.7647058823529411,0.9285714285714286,0.09504872560501099,1,0.9285714285714286,0.9285714285714286,,,,,,,,,,,,
vt_h2_c3,82,DT,answer_only,signed_sum,raw,eligible_body_tokens,0.1,337,28,34,0.0830860534124629,1.0,0.10089020771513353,0.8571428571428571,0.7058823529411765,0.8571428571428571,0.12983332574367523,1,0.8571428571428571,0.8571428571428571,,,,,,,,,,,,
vt_h2_c3,83,DT,answer_only,signed_sum,raw,eligible_body_tokens,0.1,333,29,34,0.08708708708708708,1.0,0.1021021021021021,0.9310344827586207,0.7941176470588235,0.9310344827586207,0.06907521933317184,1,0.9310344827586207,0.9310344827586207,,,,,,,,,,,,
vt_h2_c3,84,DT,answer_only,signed_sum,raw,eligible_body_tokens,0.1,330,26,33,0.07878787878787878,1.0,0.1,0.8846153846153846,0.696969696969697,0.8846153846153846,0.09670385718345642,1,0.8846153846153846,0.8846153846153846,,,,,,,,,,,,
vt_h2_c3,85,DT,answer_only,signed_sum,raw,eligible_body_tokens,0.1,338,30,34,0.08875739644970414,1.0,0.10059171597633136,0.8666666666666667,0.7647058823529411,0.8666666666666667,0.18295618891716003,1,0.8666666666666667,0.8666666666666667,,,,,,,,,,,,
vt_h2_c3,86,DT,answer_only,signed_sum,raw,eligible_body_tokens,0.1,333,31,34,0.09309309309309309,1.0,0.1021021021021021,0.8709677419354839,0.7941176470588235,0.8709677419354839,0.20617032051086426,1,0.8709677419354839,0.8709677419354839,,,,,,,,,,,,
vt_h2_c3,87,DT,answer_only,signed_sum,raw,eligible_body_tokens,0.1,339,30,34,0.08849557522123894,1.0,0.10029498525073746,0.8666666666666667,0.7647058823529411,0.8666666666666667,0.14106181263923645,1,0.8666666666666667,0.8666666666666667,,,,,,,,,,,,
vt_h2_c3,88,DT,answer_only,signed_sum,raw,eligible_body_tokens,0.1,334,29,34,0.08682634730538923,1.0,0.10179640718562874,0.8620689655172413,0.7352941176470589,0.8620689655172413,0.11875993013381958,1,0.8620689655172413,0.8620689655172413,,,,,,,,,,,,
vt_h2_c3,89,DT,answer_only,signed_sum,raw,eligible_body_tokens,0.1,333,28,34,0.08408408408408409,1.0,0.1021021021021021,0.7857142857142857,0.6470588235294118,0.7857142857142857,0.09946431964635849,1,0.7857142857142857,0.7857142857142857,,,,,,,,,,,,
vt_h2_c3,90,DT,answer_only,signed_sum,raw,eligible_body_tokens,0.1,333,30,34,0.09009009009009009,1.0,0.1021021021021021,0.9,0.7941176470588235,0.9,0.1087193563580513,1,0.9,0.9,,,,,,,,,,,,
vt_h2_c3,91,DT,answer_only,signed_sum,raw,eligible_body_tokens,0.1,332,28,34,0.08433734939759036,1.0,0.10240963855421686,0.8928571428571429,0.7352941176470589,0.8928571428571429,0.13293497264385223,1,0.8928571428571429,0.8928571428571429,,,,,,,,,,,,
vt_h2_c3,92,DT,answer_only,signed_sum,raw,eligible_body_tokens,0.1,331,28,34,0.08459214501510574,1.0,0.1027190332326284,0.8928571428571429,0.7352941176470589,0.8928571428571429,0.10587335377931595,1,0.8928571428571429,0.8928571428571429,,,,,,,,,,,,
vt_h2_c3,93,DT,answer_only,signed_sum,raw,eligible_body_tokens,0.1,332,29,34,0.08734939759036145,1.0,0.10240963855421686,0.8620689655172413,0.7352941176470589,0.8620689655172413,0.10624364018440247,1,0.8620689655172413,0.8620689655172413,,,,,,,,,,,,
vt_h2_c3,94,DT,answer_only,signed_sum,raw,eligible_body_tokens,0.1,334,30,34,0.08982035928143713,1.0,0.10179640718562874,0.8666666666666667,0.7647058823529411,0.8666666666666667,0.1832214891910553,1,0.8666666666666667,0.8666666666666667,,,,,,,,,,,,
vt_h2_c3,95,DT,answer_only,signed_sum,raw,eligible_body_tokens,0.1,342,31,35,0.09064327485380116,1.0,0.1023391812865497,0.7741935483870968,0.6857142857142857,0.7741935483870968,0.14173106849193573,1,0.7741935483870968,0.7741935483870968,,,,,,,,,,,,
vt_h2_c3,96,DT,answer_only,signed_sum,raw,eligible_body_tokens,0.1,333,30,34,0.09009009009009009,1.0,0.1021021021021021,0.8666666666666667,0.7647058823529411,0.8666666666666667,0.15003569424152374,1,0.8666666666666667,0.8666666666666667,,,,,,,,,,,,
vt_h2_c3,97,DT,answer_only,signed_sum,raw,eligible_body_tokens,0.1,333,27,34,0.08108108108108109,1.0,0.1021021021021021,0.8888888888888888,0.7058823529411765,0.8888888888888888,0.14081324636936188,1,0.8888888888888888,0.8888888888888888,,,,,,,,,,,,
vt_h2_c3,98,DT,answer_only,signed_sum,raw,eligible_body_tokens,0.1,335,29,34,0.08656716417910448,1.0,0.10149253731343283,0.896551724137931,0.7647058823529411,0.896551724137931,0.15647007524967194,1,0.896551724137931,0.896551724137931,,,,,,,,,,,,
vt_h2_c3,99,DT,answer_only,signed_sum,raw,eligible_body_tokens,0.1,332,28,34,0.08433734939759036,1.0,0.10240963855421686,0.8571428571428571,0.7058823529411765,0.8571428571428571,0.1536787748336792,1,0.8571428571428571,0.8571428571428571,,,,,,,,,,,,
vt_h2_c3,0,FT_K3,answer_only,signed_sum,raw,eligible_body_tokens,0.1,329,26,33,0.0790273556231003,1.0,0.10030395136778116,0.6538461538461539,0.5151515151515151,0.6538461538461539,0.050102561712265015,1,0.6538461538461539,0.6538461538461539,,,,,,,,,,,,
vt_h2_c3,1,FT_K3,answer_only,signed_sum,raw,eligible_body_tokens,0.1,330,27,33,0.08181818181818182,1.0,0.1,0.7407407407407407,0.6060606060606061,0.7407407407407407,0.05789179727435112,1,0.7407407407407407,0.7407407407407407,,,,,,,,,,,,
vt_h2_c3,2,FT_K3,answer_only,signed_sum,raw,eligible_body_tokens,0.1,332,29,34,0.08734939759036145,1.0,0.10240963855421686,0.7586206896551724,0.6470588235294118,0.7586206896551724,0.05872470885515213,1,0.7586206896551724,0.7586206896551724,,,,,,,,,,,,
vt_h2_c3,3,FT_K3,answer_only,signed_sum,raw,eligible_body_tokens,0.1,337,27,34,0.08011869436201781,1.0,0.10089020771513353,0.8888888888888888,0.7058823529411765,0.8888888888888888,0.054858963936567307,1,0.8888888888888888,0.8888888888888888,,,,,,,,,,,,
vt_h2_c3,4,FT_K3,answer_only,signed_sum,raw,eligible_body_tokens,0.1,334,30,34,0.08982035928143713,1.0,0.10179640718562874,0.7333333333333333,0.6470588235294118,0.7333333333333333,0.0670609250664711,1,0.7333333333333333,0.7333333333333333,,,,,,,,,,,,
vt_h2_c3,5,FT_K3,answer_only,signed_sum,raw,eligible_body_tokens,0.1,336,30,34,0.08928571428571429,1.0,0.10119047619047619,0.7333333333333333,0.6470588235294118,0.7333333333333333,0.06461484730243683,1,0.7333333333333333,0.7333333333333333,,,,,,,,,,,,
vt_h2_c3,6,FT_K3,answer_only,signed_sum,raw,eligible_body_tokens,0.1,334,29,34,0.08682634730538923,1.0,0.10179640718562874,0.7586206896551724,0.6470588235294118,0.7586206896551724,0.068910613656044,1,0.7586206896551724,0.7586206896551724,,,,,,,,,,,,
vt_h2_c3,7,FT_K3,answer_only,signed_sum,raw,eligible_body_tokens,0.1,327,28,33,0.0856269113149847,1.0,0.10091743119266056,0.75,0.6363636363636364,0.75,0.06528140604496002,1,0.75,0.75,,,,,,,,,,,,
vt_h2_c3,8,FT_K3,answer_only,signed_sum,raw,eligible_body_tokens,0.1,333,31,34,0.09309309309309309,1.0,0.1021021021021021,0.7741935483870968,0.7058823529411765,0.7741935483870968,0.06523752957582474,1,0.7741935483870968,0.7741935483870968,,,,,,,,,,,,
vt_h2_c3,9,FT_K3,answer_only,signed_sum,raw,eligible_body_tokens,0.1,331,28,34,0.08459214501510574,1.0,0.1027190332326284,0.6428571428571429,0.5294117647058824,0.6428571428571429,0.06468074023723602,1,0.6428571428571429,0.6428571428571429,,,,,,,,,,,,
vt_h2_c3,10,FT_K3,answer_only,signed_sum,raw,eligible_body_tokens,0.1,330,27,33,0.08181818181818182,1.0,0.1,0.7407407407407407,0.6060606060606061,0.7407407407407407,0.055283091962337494,1,0.7407407407407407,0.7407407407407407,,,,,,,,,,,,
vt_h2_c3,11,FT_K3,answer_only,signed_sum,raw,eligible_body_tokens,0.1,335,32,34,0.0955223880597015,1.0,0.10149253731343283,0.75,0.7058823529411765,0.75,0.07107849419116974,1,0.75,0.75,,,,,,,,,,,,
vt_h2_c3,12,FT_K3,answer_only,signed_sum,raw,eligible_body_tokens,0.1,335,29,34,0.08656716417910448,1.0,0.10149253731343283,0.6896551724137931,0.5882352941176471,0.6896551724137931,0.06013098359107971,1,0.6896551724137931,0.6896551724137931,,,,,,,,,,,,
vt_h2_c3,13,FT_K3,answer_only,signed_sum,raw,eligible_body_tokens,0.1,332,28,34,0.08433734939759036,1.0,0.10240963855421686,0.7142857142857143,0.5882352941176471,0.7142857142857143,0.060568563640117645,1,0.7142857142857143,0.7142857142857143,,,,,,,,,,,,
vt_h2_c3,14,FT_K3,answer_only,signed_sum,raw,eligible_body_tokens,0.1,338,30,34,0.08875739644970414,1.0,0.10059171597633136,0.6666666666666666,0.5882352941176471,0.6666666666666666,0.05872528254985809,1,0.6666666666666666,0.6666666666666666,,,,,,,,,,,,
vt_h2_c3,15,FT_K3,answer_only,signed_sum,raw,eligible_body_tokens,0.1,338,30,34,0.08875739644970414,1.0,0.10059171597633136,0.7,0.6176470588235294,0.7,0.06431359797716141,1,0.7,0.7,,,,,,,,,,,,
vt_h2_c3,16,FT_K3,answer_only,signed_sum,raw,eligible_body_tokens,0.1,339,29,34,0.0855457227138643,1.0,0.10029498525073746,0.6551724137931034,0.5588235294117647,0.6551724137931034,0.06163603067398071,1,0.6551724137931034,0.6551724137931034,,,,,,,,,,,,
vt_h2_c3,17,FT_K3,answer_only,signed_sum,raw,eligible_body_tokens,0.1,332,29,34,0.08734939759036145,1.0,0.10240963855421686,0.7586206896551724,0.6470588235294118,0.7586206896551724,0.058967530727386475,1,0.7586206896551724,0.7586206896551724,,,,,,,,,,,,
vt_h2_c3,18,FT_K3,answer_only,signed_sum,raw,eligible_body_tokens,0.1,336,28,34,0.08333333333333333,1.0,0.10119047619047619,0.7142857142857143,0.5882352941176471,0.7142857142857143,0.05622098222374916,1,0.7142857142857143,0.7142857142857143,,,,,,,,,,,,
vt_h2_c3,19,FT_K3,answer_only,signed_sum,raw,eligible_body_tokens,0.1,336,29,34,0.08630952380952381,1.0,0.10119047619047619,0.7586206896551724,0.6470588235294118,0.7586206896551724,0.06656791269779205,1,0.7586206896551724,0.7586206896551724,,,,,,,,,,,,
vt_h2_c3,20,FT_K3,answer_only,signed_sum,raw,eligible_body_tokens,0.1,331,28,34,0.08459214501510574,1.0,0.1027190332326284,0.7142857142857143,0.5882352941176471,0.7142857142857143,0.06300748139619827,1,0.7142857142857143,0.7142857142857143,,,,,,,,,,,,
vt_h2_c3,21,FT_K3,answer_only,signed_sum,raw,eligible_body_tokens,0.1,329,26,33,0.0790273556231003,1.0,0.10030395136778116,0.6153846153846154,0.48484848484848486,0.6153846153846154,0.051432766020298004,1,0.6153846153846154,0.6153846153846154,,,,,,,,,,,,
vt_h2_c3,22,FT_K3,answer_only,signed_sum,raw,eligible_body_tokens,0.1,329,30,33,0.0911854103343465,1.0,0.10030395136778116,0.7666666666666667,0.696969696969697,0.7666666666666667,0.06614689528942108,1,0.7666666666666667,0.7666666666666667,,,,,,,,,,,,
vt_h2_c3,23,FT_K3,answer_only,signed_sum,raw,eligible_body_tokens,0.1,331,30,34,0.09063444108761329,1.0,0.1027190332326284,0.7666666666666667,0.6764705882352942,0.7666666666666667,0.07094936817884445,1,0.7666666666666667,0.7666666666666667,,,,,,,,,,,,
vt_h2_c3,24,FT_K3,answer_only,signed_sum,raw,eligible_body_tokens,0.1,333,30,34,0.09009009009009009,1.0,0.1021021021021021,0.7,0.6176470588235294,0.7,0.06808657944202423,1,0.7,0.7,,,,,,,,,,,,
vt_h2_c3,25,FT_K3,answer_only,signed_sum,raw,eligible_body_tokens,0.1,335,27,34,0.08059701492537313,1.0,0.10149253731343283,0.6296296296296297,0.5,0.6296296296296297,0.05526246130466461,1,0.6296296296296297,0.6296296296296297,,,,,,,,,,,,
vt_h2_c3,26,FT_K3,answer_only,signed_sum,raw,eligible_body_tokens,0.1,334,30,34,0.08982035928143713,1.0,0.10179640718562874,0.7,0.6176470588235294,0.7,0.063768170773983,1,0.7,0.7,,,,,,,,,,,,
vt_h2_c3,27,FT_K3,answer_only,signed_sum,raw,eligible_body_tokens,0.1,339,29,34,0.0855457227138643,1.0,0.10029498525073746,0.6206896551724138,0.5294117647058824,0.6206896551724138,0.06726300716400146,1,0.6206896551724138,0.6206896551724138,,,,,,,,,,,,
vt_h2_c3,28,FT_K3,answer_only,signed_sum,raw,eligible_body_tokens,0.1,329,26,33,0.0790273556231003,1.0,0.10030395136778116,0.7307692307692307,0.5757575757575758,0.7307692307692307,0.0592850036919117,1,0.7307692307692307,0.7307692307692307,,,,,,,,,,,,
vt_h2_c3,29,FT_K3,answer_only,signed_sum,raw,eligible_body_tokens,0.1,330,27,33,0.08181818181818182,1.0,0.1,0.7037037037037037,0.5757575757575758,0.7037037037037037,0.05651197209954262,1,0.7037037037037037,0.7037037037037037,,,,,,,,,,,,
vt_h2_c3,30,FT_K3,answer_only,signed_sum,raw,eligible_body_tokens,0.1,332,28,34,0.08433734939759036,1.0,0.10240963855421686,0.7142857142857143,0.5882352941176471,0.7142857142857143,0.06526900827884674,1,0.7142857142857143,0.7142857142857143,,,,,,,,,,,,
vt_h2_c3,31,FT_K3,answer_only,signed_sum,raw,eligible_body_tokens,0.1,339,30,34,0.08849557522123894,1.0,0.10029498525073746,0.7333333333333333,0.6470588235294118,0.7333333333333333,0.06009308248758316,1,0.7333333333333333,0.7333333333333333,,,,,,,,,,,,
vt_h2_c3,32,FT_K3,answer_only,signed_sum,raw,eligible_body_tokens,0.1,337,30,34,0.08902077151335312,1.0,0.10089020771513353,0.7333333333333333,0.6470588235294118,0.7333333333333333,0.06592060625553131,1,0.7333333333333333,0.7333333333333333,,,,,,,,,,,,
vt_h2_c3,33,FT_K3,answer_only,signed_sum,raw,eligible_body_tokens,0.1,332,29,34,0.08734939759036145,1.0,0.10240963855421686,0.7241379310344828,0.6176470588235294,0.7241379310344828,0.05861949548125267,1,0.7241379310344828,0.7241379310344828,,,,,,,,,,,,
vt_h2_c3,34,FT_K3,answer_only,signed_sum,raw,eligible_body_tokens,0.1,330,26,33,0.07878787878787878,1.0,0.1,0.8076923076923077,0.6363636363636364,0.8076923076923077,0.05973655357956886,1,0.8076923076923077,0.8076923076923077,,,,,,,,,,,,
vt_h2_c3,35,FT_K3,answer_only,signed_sum,raw,eligible_body_tokens,0.1,334,30,34,0.08982035928143713,1.0,0.10179640718562874,0.7,0.6176470588235294,0.7,0.06184283643960953,1,0.7,0.7,,,,,,,,,,,,
vt_h2_c3,36,FT_K3,answer_only,signed_sum,raw,eligible_body_tokens,0.1,333,28,34,0.08408408408408409,1.0,0.1021021021021021,0.75,0.6176470588235294,0.75,0.057889893651008606,1,0.75,0.75,,,,,,,,,,,,
vt_h2_c3,37,FT_K3,answer_only,signed_sum,raw,eligible_body_tokens,0.1,338,31,34,0.09171597633136094,1.0,0.10059171597633136,0.5806451612903226,0.5294117647058824,0.5806451612903226,0.06948525458574295,1,0.5806451612903226,0.5806451612903226,,,,,,,,,,,,
vt_h2_c3,38,FT_K3,answer_only,signed_sum,raw,eligible_body_tokens,0.1,331,28,34,0.08459214501510574,1.0,0.1027190332326284,0.6785714285714286,0.5588235294117647,0.6785714285714286,0.0611894316971302,1,0.6785714285714286,0.6785714285714286,,,,,,,,,,,,
vt_h2_c3,39,FT_K3,answer_only,signed_sum,raw,eligible_body_tokens,0.1,332,28,34,0.08433734939759036,1.0,0.10240963855421686,0.7857142857142857,0.6470588235294118,0.7857142857142857,0.054232511669397354,1,0.7857142857142857,0.7857142857142857,,,,,,,,,,,,
vt_h2_c3,40,FT_K3,answer_only,signed_sum,raw,eligible_body_tokens,0.1,337,29,34,0.08605341246290801,1.0,0.10089020771513353,0.6551724137931034,0.5588235294117647,0.6551724137931034,0.05632122606039047,1,0.6551724137931034,0.6551724137931034,,,,,,,,,,,,
vt_h2_c3,41,FT_K3,answer_only,signed_sum,raw,eligible_body_tokens,0.1,332,32,34,0.0963855421686747,1.0,0.10240963855421686,0.6875,0.6470588235294118,0.6875,0.06978137046098709,1,0.6875,0.6875,,,,,,,,,,,,
vt_h2_c3,42,FT_K3,answer_only,signed_sum,raw,eligible_body_tokens,0.1,330,28,33,0.08484848484848485,1.0,0.1,0.7142857142857143,0.6060606060606061,0.7142857142857143,0.06542905420064926,1,0.7142857142857143,0.7142857142857143,,,,,,,,,,,,
vt_h2_c3,43,FT_K3,answer_only,signed_sum,raw,eligible_body_tokens,0.1,338,30,34,0.08875739644970414,1.0,0.10059171597633136,0.6,0.5294117647058824,0.6,0.06751851737499237,1,0.6,0.6,,,,,,,,,,,,
vt_h2_c3,44,FT_K3,answer_only,signed_sum,raw,eligible_body_tokens,0.1,336,31,34,0.09226190476190477,1.0,0.10119047619047619,0.7419354838709677,0.6764705882352942,0.7419354838709677,0.0688343495130539,1,0.7419354838709677,0.7419354838709677,,,,,,,,,,,,
vt_h2_c3,45,FT_K3,answer_only,signed_sum,raw,eligible_body_tokens,0.1,333,30,34,0.09009009009009009,1.0,0.1021021021021021,0.7,0.6176470588235294,0.7,0.07025310397148132,1,0.7,0.7,,,,,,,,,,,,
vt_h2_c3,46,FT_K3,answer_only,signed_sum,raw,eligible_body_tokens,0.1,331,28,34,0.08459214501510574,1.0,0.1027190332326284,0.75,0.6176470588235294,0.75,0.05670270696282387,1,0.75,0.75,,,,,,,,,,,,
vt_h2_c3,47,FT_K3,answer_only,signed_sum,raw,eligible_body_tokens,0.1,329,26,33,0.0790273556231003,1.0,0.10030395136778116,0.6538461538461539,0.5151515151515151,0.6538461538461539,0.051292650401592255,1,0.6538461538461539,0.6538461538461539,,,,,,,,,,,,
vt_h2_c3,48,FT_K3,answer_only,signed_sum,raw,eligible_body_tokens,0.1,331,28,34,0.08459214501510574,1.0,0.1027190332326284,0.7857142857142857,0.6470588235294118,0.7857142857142857,0.06530769169330597,1,0.7857142857142857,0.7857142857142857,,,,,,,,,,,,
vt_h2_c3,49,FT_K3,answer_only,signed_sum,raw,eligible_body_tokens,0.1,329,28,33,0.0851063829787234,1.0,0.10030395136778116,0.6785714285714286,0.5757575757575758,0.6785714285714286,0.05975612252950668,1,0.6785714285714286,0.6785714285714286,,,,,,,,,,,,
vt_h2_c3,50,FT_K3,answer_only,signed_sum,raw,eligible_body_tokens,0.1,331,27,34,0.08157099697885196,1.0,0.1027190332326284,0.7037037037037037,0.5588235294117647,0.7037037037037037,0.04939788207411766,1,0.7037037037037037,0.7037037037037037,,,,,,,,,,,,
vt_h2_c3,51,FT_K3,answer_only,signed_sum,raw,eligible_body_tokens,0.1,330,27,33,0.08181818181818182,1.0,0.1,0.7037037037037037,0.5757575757575758,0.7037037037037037,0.05167577043175697,1,0.7037037037037037,0.7037037037037037,,,,,,,,,,,,
vt_h2_c3,52,FT_K3,answer_only,signed_sum,raw,eligible_body_tokens,0.1,332,29,34,0.08734939759036145,1.0,0.10240963855421686,0.7241379310344828,0.6176470588235294,0.7241379310344828,0.06273302435874939,1,0.7241379310344828,0.7241379310344828,,,,,,,,,,,,
vt_h2_c3,53,FT_K3,answer_only,signed_sum,raw,eligible_body_tokens,0.1,333,30,34,0.09009009009009009,1.0,0.1021021021021021,0.7666666666666667,0.6764705882352942,0.7666666666666667,0.07003018260002136,1,0.7666666666666667,0.7666666666666667,,,,,,,,,,,,
vt_h2_c3,54,FT_K3,answer_only,signed_sum,raw,eligible_body_tokens,0.1,333,30,34,0.09009009009009009,1.0,0.1021021021021021,0.6666666666666666,0.5882352941176471,0.6666666666666666,0.059286121279001236,1,0.6666666666666666,0.6666666666666666,,,,,,,,,,,,
vt_h2_c3,55,FT_K3,answer_only,signed_sum,raw,eligible_body_tokens,0.1,330,28,33,0.08484848484848485,1.0,0.1,0.75,0.6363636363636364,0.75,0.06433743238449097,1,0.75,0.75,,,,,,,,,,,,
vt_h2_c3,56,FT_K3,answer_only,signed_sum,raw,eligible_body_tokens,0.1,330,28,33,0.08484848484848485,1.0,0.1,0.7142857142857143,0.6060606060606061,0.7142857142857143,0.05868212878704071,1,0.7142857142857143,0.7142857142857143,,,,,,,,,,,,
vt_h2_c3,57,FT_K3,answer_only,signed_sum,raw,eligible_body_tokens,0.1,335,30,34,0.08955223880597014,1.0,0.10149253731343283,0.6666666666666666,0.5882352941176471,0.6666666666666666,0.071529321372509,1,0.6666666666666666,0.6666666666666666,,,,,,,,,,,,
vt_h2_c3,58,FT_K3,answer_only,signed_sum,raw,eligible_body_tokens,0.1,333,28,34,0.08408408408408409,1.0,0.1021021021021021,0.7857142857142857,0.6470588235294118,0.7857142857142857,0.05925697460770607,1,0.7857142857142857,0.7857142857142857,,,,,,,,,,,,
vt_h2_c3,59,FT_K3,answer_only,signed_sum,raw,eligible_body_tokens,0.1,330,27,33,0.08181818181818182,1.0,0.1,0.7777777777777778,0.6363636363636364,0.7777777777777778,0.05706153064966202,1,0.7777777777777778,0.7777777777777778,,,,,,,,,,,,
vt_h2_c3,60,FT_K3,answer_only,signed_sum,raw,eligible_body_tokens,0.1,333,29,34,0.08708708708708708,1.0,0.1021021021021021,0.7931034482758621,0.6764705882352942,0.7931034482758621,0.05688092112541199,1,0.7931034482758621,0.7931034482758621,,,,,,,,,,,,
vt_h2_c3,61,FT_K3,answer_only,signed_sum,raw,eligible_body_tokens,0.1,330,26,33,0.07878787878787878,1.0,0.1,0.8461538461538461,0.6666666666666666,0.8461538461538461,0.05823099613189697,1,0.8461538461538461,0.8461538461538461,,,,,,,,,,,,
vt_h2_c3,62,FT_K3,answer_only,signed_sum,raw,eligible_body_tokens,0.1,336,29,34,0.08630952380952381,1.0,0.10119047619047619,0.6896551724137931,0.5882352941176471,0.6896551724137931,0.0553392618894577,1,0.6896551724137931,0.6896551724137931,,,,,,,,,,,,
vt_h2_c3,63,FT_K3,answer_only,signed_sum,raw,eligible_body_tokens,0.1,333,28,34,0.08408408408408409,1.0,0.1021021021021021,0.7142857142857143,0.5882352941176471,0.7142857142857143,0.05477425456047058,1,0.7142857142857143,0.7142857142857143,,,,,,,,,,,,
vt_h2_c3,64,FT_K3,answer_only,signed_sum,raw,eligible_body_tokens,0.1,334,26,34,0.07784431137724551,1.0,0.10179640718562874,0.7307692307692307,0.5588235294117647,0.7307692307692307,0.04836059734225273,1,0.7307692307692307,0.7307692307692307,,,,,,,,,,,,
vt_h2_c3,65,FT_K3,answer_only,signed_sum,raw,eligible_body_tokens,0.1,335,28,34,0.08358208955223881,1.0,0.10149253731343283,0.8214285714285714,0.6764705882352942,0.8214285714285714,0.05960364639759064,1,0.8214285714285714,0.8214285714285714,,,,,,,,,,,,
vt_h2_c3,66,FT_K3,answer_only,signed_sum,raw,eligible_body_tokens,0.1,334,31,34,0.09281437125748503,1.0,0.10179640718562874,0.8064516129032258,0.7352941176470589,0.8064516129032258,0.06469637155532837,1,0.8064516129032258,0.8064516129032258,,,,,,,,,,,,
vt_h2_c3,67,FT_K3,answer_only,signed_sum,raw,eligible_body_tokens,0.1,330,30,33,0.09090909090909091,1.0,0.1,0.6666666666666666,0.6060606060606061,0.6666666666666666,0.06897561997175217,1,0.6666666666666666,0.6666666666666666,,,,,,,,,,,,
vt_h2_c3,68,FT_K3,answer_only,signed_sum,raw,eligible_body_tokens,0.1,333,30,34,0.09009009009009009,1.0,0.1021021021021021,0.7,0.6176470588235294,0.7,0.06104482710361481,1,0.7,0.7,,,,,,,,,,,,
vt_h2_c3,69,FT_K3,answer_only,signed_sum,raw,eligible_body_tokens,0.1,329,26,33,0.0790273556231003,1.0,0.10030395136778116,0.7307692307692307,0.5757575757575758,0.7307692307692307,0.056664131581783295,1,0.7307692307692307,0.7307692307692307,,,,,,,,,,,,
vt_h2_c3,70,FT_K3,answer_only,signed_sum,raw,eligible_body_tokens,0.1,332,30,34,0.09036144578313253,1.0,0.10240963855421686,0.7333333333333333,0.6470588235294118,0.7333333333333333,0.06082886457443237,1,0.7333333333333333,0.7333333333333333,,,,,,,,,,,,
vt_h2_c3,71,FT_K3,answer_only,signed_sum,raw,eligible_body_tokens,0.1,331,28,34,0.08459214501510574,1.0,0.1027190332326284,0.75,0.6176470588235294,0.75,0.05798998475074768,1,0.75,0.75,,,,,,,,,,,,
vt_h2_c3,72,FT_K3,answer_only,signed_sum,raw,eligible_body_tokens,0.1,337,29,34,0.08605341246290801,1.0,0.10089020771513353,0.7586206896551724,0.6470588235294118,0.7586206896551724,0.06420409679412842,1,0.7586206896551724,0.7586206896551724,,,,,,,,,,,,
vt_h2_c3,73,FT_K3,answer_only,signed_sum,raw,eligible_body_tokens,0.1,333,30,34,0.09009009009009009,1.0,0.1021021021021021,0.7333333333333333,0.6470588235294118,0.7333333333333333,0.06466872990131378,1,0.7333333333333333,0.7333333333333333,,,,,,,,,,,,
vt_h2_c3,74,FT_K3,answer_only,signed_sum,raw,eligible_body_tokens,0.1,331,28,34,0.08459214501510574,1.0,0.1027190332326284,0.7857142857142857,0.6470588235294118,0.7857142857142857,0.053299203515052795,1,0.7857142857142857,0.7857142857142857,,,,,,,,,,,,
vt_h2_c3,75,FT_K3,answer_only,signed_sum,raw,eligible_body_tokens,0.1,331,28,34,0.08459214501510574,1.0,0.1027190332326284,0.6785714285714286,0.5588235294117647,0.6785714285714286,0.05583496764302254,1,0.6785714285714286,0.6785714285714286,,,,,,,,,,,,
vt_h2_c3,76,FT_K3,answer_only,signed_sum,raw,eligible_body_tokens,0.1,333,28,34,0.08408408408408409,1.0,0.1021021021021021,0.7142857142857143,0.5882352941176471,0.7142857142857143,0.06281137466430664,1,0.7142857142857143,0.7142857142857143,,,,,,,,,,,,
vt_h2_c3,77,FT_K3,answer_only,signed_sum,raw,eligible_body_tokens,0.1,336,30,34,0.08928571428571429,1.0,0.10119047619047619,0.6666666666666666,0.5882352941176471,0.6666666666666666,0.06086639687418938,1,0.6666666666666666,0.6666666666666666,,,,,,,,,,,,
vt_h2_c3,78,FT_K3,answer_only,signed_sum,raw,eligible_body_tokens,0.1,333,28,34,0.08408408408408409,1.0,0.1021021021021021,0.7857142857142857,0.6470588235294118,0.7857142857142857,0.05509136617183685,1,0.7857142857142857,0.7857142857142857,,,,,,,,,,,,
vt_h2_c3,79,FT_K3,answer_only,signed_sum,raw,eligible_body_tokens,0.1,338,28,34,0.08284023668639054,1.0,0.10059171597633136,0.7142857142857143,0.5882352941176471,0.7142857142857143,0.051704008132219315,1,0.7142857142857143,0.7142857142857143,,,,,,,,,,,,
vt_h2_c3,80,FT_K3,answer_only,signed_sum,raw,eligible_body_tokens,0.1,334,28,34,0.08383233532934131,1.0,0.10179640718562874,0.6071428571428571,0.5,0.6071428571428571,0.05531066283583641,1,0.6071428571428571,0.6071428571428571,,,,,,,,,,,,
vt_h2_c3,81,FT_K3,answer_only,signed_sum,raw,eligible_body_tokens,0.1,333,28,34,0.08408408408408409,1.0,0.1021021021021021,0.7857142857142857,0.6470588235294118,0.7857142857142857,0.055423177778720856,1,0.7857142857142857,0.7857142857142857,,,,,,,,,,,,
vt_h2_c3,82,FT_K3,answer_only,signed_sum,raw,eligible_body_tokens,0.1,337,28,34,0.0830860534124629,1.0,0.10089020771513353,0.7857142857142857,0.6470588235294118,0.7857142857142857,0.05664747208356857,1,0.7857142857142857,0.7857142857142857,,,,,,,,,,,,
vt_h2_c3,83,FT_K3,answer_only,signed_sum,raw,eligible_body_tokens,0.1,333,29,34,0.08708708708708708,1.0,0.1021021021021021,0.7931034482758621,0.6764705882352942,0.7931034482758621,0.0713314488530159,1,0.7931034482758621,0.7931034482758621,,,,,,,,,,,,
vt_h2_c3,84,FT_K3,answer_only,signed_sum,raw,eligible_body_tokens,0.1,330,26,33,0.07878787878787878,1.0,0.1,0.6923076923076923,0.5454545454545454,0.6923076923076923,0.05681369826197624,1,0.6923076923076923,0.6923076923076923,,,,,,,,,,,,
vt_h2_c3,85,FT_K3,answer_only,signed_sum,raw,eligible_body_tokens,0.1,338,30,34,0.08875739644970414,1.0,0.10059171597633136,0.7,0.6176470588235294,0.7,0.061758317053318024,1,0.7,0.7,,,,,,,,,,,,
vt_h2_c3,86,FT_K3,answer_only,signed_sum,raw,eligible_body_tokens,0.1,333,31,34,0.09309309309309309,1.0,0.1021021021021021,0.7096774193548387,0.6470588235294118,0.7096774193548387,0.07113660871982574,1,0.7096774193548387,0.7096774193548387,,,,,,,,,,,,
vt_h2_c3,87,FT_K3,answer_only,signed_sum,raw,eligible_body_tokens,0.1,339,30,34,0.08849557522123894,1.0,0.10029498525073746,0.7333333333333333,0.6470588235294118,0.7333333333333333,0.06008926033973694,1,0.7333333333333333,0.7333333333333333,,,,,,,,,,,,
vt_h2_c3,88,FT_K3,answer_only,signed_sum,raw,eligible_body_tokens,0.1,334,29,34,0.08682634730538923,1.0,0.10179640718562874,0.7241379310344828,0.6176470588235294,0.7241379310344828,0.06160512939095497,1,0.7241379310344828,0.7241379310344828,,,,,,,,,,,,
vt_h2_c3,89,FT_K3,answer_only,signed_sum,raw,eligible_body_tokens,0.1,333,28,34,0.08408408408408409,1.0,0.1021021021021021,0.7142857142857143,0.5882352941176471,0.7142857142857143,0.060675330460071564,1,0.7142857142857143,0.7142857142857143,,,,,,,,,,,,
vt_h2_c3,90,FT_K3,answer_only,signed_sum,raw,eligible_body_tokens,0.1,333,30,34,0.09009009009009009,1.0,0.1021021021021021,0.8,0.7058823529411765,0.8,0.06266102939844131,1,0.8,0.8,,,,,,,,,,,,
vt_h2_c3,91,FT_K3,answer_only,signed_sum,raw,eligible_body_tokens,0.1,332,28,34,0.08433734939759036,1.0,0.10240963855421686,0.75,0.6176470588235294,0.75,0.059474896639585495,1,0.75,0.75,,,,,,,,,,,,
vt_h2_c3,92,FT_K3,answer_only,signed_sum,raw,eligible_body_tokens,0.1,331,28,34,0.08459214501510574,1.0,0.1027190332326284,0.7142857142857143,0.5882352941176471,0.7142857142857143,0.0554325170814991,1,0.7142857142857143,0.7142857142857143,,,,,,,,,,,,
vt_h2_c3,93,FT_K3,answer_only,signed_sum,raw,eligible_body_tokens,0.1,332,29,34,0.08734939759036145,1.0,0.10240963855421686,0.7241379310344828,0.6176470588235294,0.7241379310344828,0.06221850961446762,1,0.7241379310344828,0.7241379310344828,,,,,,,,,,,,
vt_h2_c3,94,FT_K3,answer_only,signed_sum,raw,eligible_body_tokens,0.1,334,30,34,0.08982035928143713,1.0,0.10179640718562874,0.8,0.7058823529411765,0.8,0.059398941695690155,1,0.8,0.8,,,,,,,,,,,,
vt_h2_c3,95,FT_K3,answer_only,signed_sum,raw,eligible_body_tokens,0.1,342,31,35,0.09064327485380116,1.0,0.1023391812865497,0.6451612903225806,0.5714285714285714,0.6451612903225806,0.06986503303050995,1,0.6451612903225806,0.6451612903225806,,,,,,,,,,,,
vt_h2_c3,96,FT_K3,answer_only,signed_sum,raw,eligible_body_tokens,0.1,333,30,34,0.09009009009009009,1.0,0.1021021021021021,0.7333333333333333,0.6470588235294118,0.7333333333333333,0.06198541820049286,1,0.7333333333333333,0.7333333333333333,,,,,,,,,,,,
vt_h2_c3,97,FT_K3,answer_only,signed_sum,raw,eligible_body_tokens,0.1,333,27,34,0.08108108108108109,1.0,0.1021021021021021,0.7407407407407407,0.5882352941176471,0.7407407407407407,0.05755900591611862,1,0.7407407407407407,0.7407407407407407,,,,,,,,,,,,
vt_h2_c3,98,FT_K3,answer_only,signed_sum,raw,eligible_body_tokens,0.1,335,29,34,0.08656716417910448,1.0,0.10149253731343283,0.7586206896551724,0.6470588235294118,0.7586206896551724,0.05627133697271347,1,0.7586206896551724,0.7586206896551724,,,,,,,,,,,,
vt_h2_c3,99,FT_K3,answer_only,signed_sum,raw,eligible_body_tokens,0.1,332,28,34,0.08433734939759036,1.0,0.10240963855421686,0.7142857142857143,0.5882352941176471,0.7142857142857143,0.06128625571727753,1,0.7142857142857143,0.7142857142857143,,,,,,,,,,,,
vt_h2_c3,0,Perturbation,answer_only,signed_sum,raw,eligible_body_tokens,0.1,329,26,33,0.0790273556231003,1.0,0.10030395136778116,0.0,0.0,0.0,50.766483306884766,42,0.0,0.34615384615384615,,,,,,,,,,,,
vt_h2_c3,1,Perturbation,answer_only,signed_sum,raw,eligible_body_tokens,0.1,330,27,33,0.08181818181818182,1.0,0.1,0.25925925925925924,0.21212121212121213,0.25925925925925924,48.92484664916992,42,0.0,0.25925925925925924,,,,,,,,,,,,
vt_h2_c3,2,Perturbation,answer_only,signed_sum,raw,eligible_body_tokens,0.1,332,29,34,0.08734939759036145,1.0,0.10240963855421686,0.3103448275862069,0.2647058823529412,0.3103448275862069,61.70280456542969,43,0.0,0.3103448275862069,,,,,,,,,,,,
vt_h2_c3,3,Perturbation,answer_only,signed_sum,raw,eligible_body_tokens,0.1,337,27,34,0.08011869436201781,1.0,0.10089020771513353,0.0,0.0,0.0,48.91201400756836,45,0.0,0.25925925925925924,,,,,,,,,,,,
vt_h2_c3,4,Perturbation,answer_only,signed_sum,raw,eligible_body_tokens,0.1,334,30,34,0.08982035928143713,1.0,0.10179640718562874,0.3,0.2647058823529412,0.3,45.90339660644531,42,0.03333333333333333,0.3,,,,,,,,,,,,
vt_h2_c3,5,Perturbation,answer_only,signed_sum,raw,eligible_body_tokens,0.1,336,30,34,0.08928571428571429,1.0,0.10119047619047619,0.3333333333333333,0.29411764705882354,0.3333333333333333,62.99753952026367,43,0.03333333333333333,0.3333333333333333,,,,,,,,,,,,
vt_h2_c3,6,Perturbation,answer_only,signed_sum,raw,eligible_body_tokens,0.1,334,29,34,0.08682634730538923,1.0,0.10179640718562874,0.06896551724137931,0.058823529411764705,0.06896551724137931,37.61711120605469,42,0.06896551724137931,0.3448275862068966,,,,,,,,,,,,
vt_h2_c3,7,Perturbation,answer_only,signed_sum,raw,eligible_body_tokens,0.1,327,28,33,0.0856269113149847,1.0,0.10091743119266056,0.03571428571428571,0.030303030303030304,0.03571428571428571,45.34160232543945,41,0.03571428571428571,0.32142857142857145,,,,,,,,,,,,
vt_h2_c3,8,Perturbation,answer_only,signed_sum,raw,eligible_body_tokens,0.1,333,31,34,0.09309309309309309,1.0,0.1021021021021021,0.3225806451612903,0.29411764705882354,0.3225806451612903,39.769840240478516,44,0.0,0.3225806451612903,,,,,,,,,,,,
vt_h2_c3,9,Perturbation,answer_only,signed_sum,raw,eligible_body_tokens,0.1,331,28,34,0.08459214501510574,1.0,0.1027190332326284,0.0,0.0,0.0,46.69861602783203,43,0.0,0.2857142857142857,,,,,,,,,,,,
vt_h2_c3,10,Perturbation,answer_only,signed_sum,raw,eligible_body_tokens,0.1,330,27,33,0.08181818181818182,1.0,0.1,0.2962962962962963,0.24242424242424243,0.2962962962962963,53.223506927490234,42,0.0,0.2962962962962963,,,,,,,,,,,,
vt_h2_c3,11,Perturbation,answer_only,signed_sum,raw,eligible_body_tokens,0.1,335,32,34,0.0955223880597015,1.0,0.10149253731343283,0.3125,0.29411764705882354,0.3125,50.99995422363281,44,0.0,0.3125,,,,,,,,,,,,
vt_h2_c3,12,Perturbation,answer_only,signed_sum,raw,eligible_body_tokens,0.1,335,29,34,0.08656716417910448,1.0,0.10149253731343283,0.3448275862068966,0.29411764705882354,0.3448275862068966,43.37387466430664,44,0.0,0.3448275862068966,,,,,,,,,,,,
vt_h2_c3,13,Perturbation,answer_only,signed_sum,raw,eligible_body_tokens,0.1,332,28,34,0.08433734939759036,1.0,0.10240963855421686,0.0,0.0,0.0,47.355587005615234,43,0.0,0.2857142857142857,,,,,,,,,,,,
vt_h2_c3,14,Perturbation,answer_only,signed_sum,raw,eligible_body_tokens,0.1,338,30,34,0.08875739644970414,1.0,0.10059171597633136,0.3333333333333333,0.29411764705882354,0.3333333333333333,48.06995391845703,43,0.03333333333333333,0.3333333333333333,,,,,,,,,,,,
vt_h2_c3,15,Perturbation,answer_only,signed_sum,raw,eligible_body_tokens,0.1,338,30,34,0.08875739644970414,1.0,0.10059171597633136,0.5,0.4411764705882353,0.5,63.113399505615234,45,0.26666666666666666,0.6333333333333333,,,,,,,,,,,,
vt_h2_c3,16,Perturbation,answer_only,signed_sum,raw,eligible_body_tokens,0.1,339,29,34,0.0855457227138643,1.0,0.10029498525073746,0.3448275862068966,0.29411764705882354,0.3448275862068966,35.30303955078125,43,0.034482758620689655,0.3448275862068966,,,,,,,,,,,,
vt_h2_c3,17,Perturbation,answer_only,signed_sum,raw,eligible_body_tokens,0.1,332,29,34,0.08734939759036145,1.0,0.10240963855421686,0.3103448275862069,0.2647058823529412,0.3103448275862069,44.14106750488281,43,0.034482758620689655,0.3448275862068966,,,,,,,,,,,,
vt_h2_c3,18,Perturbation,answer_only,signed_sum,raw,eligible_body_tokens,0.1,336,28,34,0.08333333333333333,1.0,0.10119047619047619,0.17857142857142858,0.14705882352941177,0.17857142857142858,57.921653747558594,43,0.0,0.32142857142857145,,,,,,,,,,,,
vt_h2_c3,19,Perturbation,answer_only,signed_sum,raw,eligible_body_tokens,0.1,336,29,34,0.08630952380952381,1.0,0.10119047619047619,0.3793103448275862,0.3235294117647059,0.3793103448275862,51.50831985473633,44,0.034482758620689655,0.3793103448275862,,,,,,,,,,,,
vt_h2_c3,20,Perturbation,answer_only,signed_sum,raw,eligible_body_tokens,0.1,331,28,34,0.08459214501510574,1.0,0.1027190332326284,0.32142857142857145,0.2647058823529412,0.32142857142857145,43.78362274169922,43,0.07142857142857142,0.39285714285714285,,,,,,,,,,,,
vt_h2_c3,21,Perturbation,answer_only,signed_sum,raw,eligible_body_tokens,0.1,329,26,33,0.0790273556231003,1.0,0.10030395136778116,0.34615384615384615,0.2727272727272727,0.34615384615384615,54.97477340698242,42,0.0,0.34615384615384615,,,,,,,,,,,,
vt_h2_c3,22,Perturbation,answer_only,signed_sum,raw,eligible_body_tokens,0.1,329,30,33,0.0911854103343465,1.0,0.10030395136778116,0.3,0.2727272727272727,0.3,36.49298095703125,42,0.0,0.3,,,,,,,,,,,,
vt_h2_c3,23,Perturbation,answer_only,signed_sum,raw,eligible_body_tokens,0.1,331,30,34,0.09063444108761329,1.0,0.1027190332326284,0.3,0.2647058823529412,0.3,41.87053298950195,43,0.0,0.3,,,,,,,,,,,,
vt_h2_c3,24,Perturbation,answer_only,signed_sum,raw,eligible_body_tokens,0.1,333,30,34,0.09009009009009009,1.0,0.1021021021021021,0.16666666666666666,0.14705882352941177,0.16666666666666666,44.58732986450195,43,0.0,0.3,,,,,,,,,,,,
vt_h2_c3,25,Perturbation,answer_only,signed_sum,raw,eligible_body_tokens,0.1,335,27,34,0.08059701492537313,1.0,0.10149253731343283,0.18518518518518517,0.14705882352941177,0.18518518518518517,40.802005767822266,44,0.0,0.37037037037037035,,,,,,,,,,,,
vt_h2_c3,26,Perturbation,answer_only,signed_sum,raw,eligible_body_tokens,0.1,334,30,34,0.08982035928143713,1.0,0.10179640718562874,0.3333333333333333,0.29411764705882354,0.3333333333333333,56.471092224121094,43,0.03333333333333333,0.3333333333333333,,,,,,,,,,,,
vt_h2_c3,27,Perturbation,answer_only,signed_sum,raw,eligible_body_tokens,0.1,339,29,34,0.0855457227138643,1.0,0.10029498525073746,0.3448275862068966,0.29411764705882354,0.3448275862068966,48.574214935302734,43,0.034482758620689655,0.3448275862068966,,,,,,,,,,,,
vt_h2_c3,28,Perturbation,answer_only,signed_sum,raw,eligible_body_tokens,0.1,329,26,33,0.0790273556231003,1.0,0.10030395136778116,0.3076923076923077,0.24242424242424243,0.3076923076923077,52.41852569580078,44,0.0,0.3076923076923077,,,,,,,,,,,,
vt_h2_c3,29,Perturbation,answer_only,signed_sum,raw,eligible_body_tokens,0.1,330,27,33,0.08181818181818182,1.0,0.1,0.2962962962962963,0.24242424242424243,0.2962962962962963,46.23161697387695,43,0.0,0.2962962962962963,,,,,,,,,,,,
vt_h2_c3,30,Perturbation,answer_only,signed_sum,raw,eligible_body_tokens,0.1,332,28,34,0.08433734939759036,1.0,0.10240963855421686,0.21428571428571427,0.17647058823529413,0.21428571428571427,26.752195358276367,43,0.03571428571428571,0.35714285714285715,,,,,,,,,,,,
vt_h2_c3,31,Perturbation,answer_only,signed_sum,raw,eligible_body_tokens,0.1,339,30,34,0.08849557522123894,1.0,0.10029498525073746,0.3,0.2647058823529412,0.3,45.77962112426758,44,0.0,0.3,,,,,,,,,,,,
vt_h2_c3,32,Perturbation,answer_only,signed_sum,raw,eligible_body_tokens,0.1,337,30,34,0.08902077151335312,1.0,0.10089020771513353,0.3,0.2647058823529412,0.3,65.12382507324219,42,0.03333333333333333,0.3,,,,,,,,,,,,
vt_h2_c3,33,Perturbation,answer_only,signed_sum,raw,eligible_body_tokens,0.1,332,29,34,0.08734939759036145,1.0,0.10240963855421686,0.3448275862068966,0.29411764705882354,0.3448275862068966,44.753353118896484,43,0.034482758620689655,0.3448275862068966,,,,,,,,,,,,
vt_h2_c3,34,Perturbation,answer_only,signed_sum,raw,eligible_body_tokens,0.1,330,26,33,0.07878787878787878,1.0,0.1,0.34615384615384615,0.2727272727272727,0.34615384615384615,45.53535842895508,44,0.0,0.34615384615384615,,,,,,,,,,,,
vt_h2_c3,35,Perturbation,answer_only,signed_sum,raw,eligible_body_tokens,0.1,334,30,34,0.08982035928143713,1.0,0.10179640718562874,0.23333333333333334,0.20588235294117646,0.23333333333333334,34.8552360534668,42,0.0,0.23333333333333334,,,,,,,,,,,,
vt_h2_c3,36,Perturbation,answer_only,signed_sum,raw,eligible_body_tokens,0.1,333,28,34,0.08408408408408409,1.0,0.1021021021021021,0.32142857142857145,0.2647058823529412,0.32142857142857145,51.16755294799805,43,0.0,0.32142857142857145,,,,,,,,,,,,
vt_h2_c3,37,Perturbation,answer_only,signed_sum,raw,eligible_body_tokens,0.1,338,31,34,0.09171597633136094,1.0,0.10059171597633136,0.0967741935483871,0.08823529411764706,0.0967741935483871,63.35871887207031,42,0.0967741935483871,0.3548387096774194,,,,,,,,,,,,
vt_h2_c3,38,Perturbation,answer_only,signed_sum,raw,eligible_body_tokens,0.1,331,28,34,0.08459214501510574,1.0,0.1027190332326284,0.0,0.0,0.0,47.70174026489258,42,0.0,0.25,,,,,,,,,,,,
vt_h2_c3,39,Perturbation,answer_only,signed_sum,raw,eligible_body_tokens,0.1,332,28,34,0.08433734939759036,1.0,0.10240963855421686,0.32142857142857145,0.2647058823529412,0.32142857142857145,57.65514373779297,42,0.03571428571428571,0.32142857142857145,,,,,,,,,,,,
vt_h2_c3,40,Perturbation,answer_only,signed_sum,raw,eligible_body_tokens,0.1,337,29,34,0.08605341246290801,1.0,0.10089020771513353,0.3448275862068966,0.29411764705882354,0.3448275862068966,63.66126251220703,43,0.034482758620689655,0.3448275862068966,,,,,,,,,,,,
vt_h2_c3,41,Perturbation,answer_only,signed_sum,raw,eligible_body_tokens,0.1,332,32,34,0.0963855421686747,1.0,0.10240963855421686,0.28125,0.2647058823529412,0.28125,52.30912399291992,43,0.03125,0.3125,,,,,,,,,,,,
vt_h2_c3,42,Perturbation,answer_only,signed_sum,raw,eligible_body_tokens,0.1,330,28,33,0.08484848484848485,1.0,0.1,0.5,0.42424242424242425,0.5,76.57261657714844,43,0.14285714285714285,0.5,,,,,,,,,,,,
vt_h2_c3,43,Perturbation,answer_only,signed_sum,raw,eligible_body_tokens,0.1,338,30,34,0.08875739644970414,1.0,0.10059171597633136,0.03333333333333333,0.029411764705882353,0.03333333333333333,52.958412170410156,42,0.03333333333333333,0.3,,,,,,,,,,,,
vt_h2_c3,44,Perturbation,answer_only,signed_sum,raw,eligible_body_tokens,0.1,336,31,34,0.09226190476190477,1.0,0.10119047619047619,0.3225806451612903,0.29411764705882354,0.3225806451612903,42.76850128173828,43,0.03225806451612903,0.3225806451612903,,,,,,,,,,,,
vt_h2_c3,45,Perturbation,answer_only,signed_sum,raw,eligible_body_tokens,0.1,333,30,34,0.09009009009009009,1.0,0.1021021021021021,0.3333333333333333,0.29411764705882354,0.3333333333333333,59.24032211303711,44,0.0,0.3333333333333333,,,,,,,,,,,,
vt_h2_c3,46,Perturbation,answer_only,signed_sum,raw,eligible_body_tokens,0.1,331,28,34,0.08459214501510574,1.0,0.1027190332326284,0.0,0.0,0.0,49.344581604003906,43,0.0,0.21428571428571427,,,,,,,,,,,,
vt_h2_c3,47,Perturbation,answer_only,signed_sum,raw,eligible_body_tokens,0.1,329,26,33,0.0790273556231003,1.0,0.10030395136778116,0.34615384615384615,0.2727272727272727,0.34615384615384615,52.67854690551758,42,0.0,0.34615384615384615,,,,,,,,,,,,
vt_h2_c3,48,Perturbation,answer_only,signed_sum,raw,eligible_body_tokens,0.1,331,28,34,0.08459214501510574,1.0,0.1027190332326284,0.32142857142857145,0.2647058823529412,0.32142857142857145,51.77488708496094,44,0.0,0.32142857142857145,,,,,,,,,,,,
vt_h2_c3,49,Perturbation,answer_only,signed_sum,raw,eligible_body_tokens,0.1,329,28,33,0.0851063829787234,1.0,0.10030395136778116,0.2857142857142857,0.24242424242424243,0.2857142857142857,39.698951721191406,42,0.0,0.2857142857142857,,,,,,,,,,,,
vt_h2_c3,50,Perturbation,answer_only,signed_sum,raw,eligible_body_tokens,0.1,331,27,34,0.08157099697885196,1.0,0.1027190332326284,0.2962962962962963,0.23529411764705882,0.2962962962962963,47.661231994628906,42,0.0,0.2962962962962963,,,,,,,,,,,,
vt_h2_c3,51,Perturbation,answer_only,signed_sum,raw,eligible_body_tokens,0.1,330,27,33,0.08181818181818182,1.0,0.1,0.2962962962962963,0.24242424242424243,0.2962962962962963,55.8764762878418,41,0.0,0.2962962962962963,,,,,,,,,,,,
vt_h2_c3,52,Perturbation,answer_only,signed_sum,raw,eligible_body_tokens,0.1,332,29,34,0.08734939759036145,1.0,0.10240963855421686,0.3448275862068966,0.29411764705882354,0.3448275862068966,45.663883209228516,43,0.034482758620689655,0.3448275862068966,,,,,,,,,,,,
vt_h2_c3,53,Perturbation,answer_only,signed_sum,raw,eligible_body_tokens,0.1,333,30,34,0.09009009009009009,1.0,0.1021021021021021,0.3,0.2647058823529412,0.3,50.766357421875,42,0.03333333333333333,0.3,,,,,,,,,,,,
vt_h2_c3,54,Perturbation,answer_only,signed_sum,raw,eligible_body_tokens,0.1,333,30,34,0.09009009009009009,1.0,0.1021021021021021,0.3333333333333333,0.29411764705882354,0.3333333333333333,48.153472900390625,43,0.03333333333333333,0.3333333333333333,,,,,,,,,,,,
vt_h2_c3,55,Perturbation,answer_only,signed_sum,raw,eligible_body_tokens,0.1,330,28,33,0.08484848484848485,1.0,0.1,0.32142857142857145,0.2727272727272727,0.32142857142857145,46.898162841796875,45,0.0,0.32142857142857145,,,,,,,,,,,,
vt_h2_c3,56,Perturbation,answer_only,signed_sum,raw,eligible_body_tokens,0.1,330,28,33,0.08484848484848485,1.0,0.1,0.32142857142857145,0.2727272727272727,0.32142857142857145,47.53877639770508,42,0.0,0.32142857142857145,,,,,,,,,,,,
vt_h2_c3,57,Perturbation,answer_only,signed_sum,raw,eligible_body_tokens,0.1,335,30,34,0.08955223880597014,1.0,0.10149253731343283,0.3333333333333333,0.29411764705882354,0.3333333333333333,45.98759078979492,43,0.03333333333333333,0.3333333333333333,,,,,,,,,,,,
vt_h2_c3,58,Perturbation,answer_only,signed_sum,raw,eligible_body_tokens,0.1,333,28,34,0.08408408408408409,1.0,0.1021021021021021,0.2857142857142857,0.23529411764705882,0.2857142857142857,55.43870544433594,44,0.0,0.2857142857142857,,,,,,,,,,,,
vt_h2_c3,59,Perturbation,answer_only,signed_sum,raw,eligible_body_tokens,0.1,330,27,33,0.08181818181818182,1.0,0.1,0.2222222222222222,0.18181818181818182,0.2222222222222222,32.763370513916016,43,0.0,0.2222222222222222,,,,,,,,,,,,
vt_h2_c3,60,Perturbation,answer_only,signed_sum,raw,eligible_body_tokens,0.1,333,29,34,0.08708708708708708,1.0,0.1021021021021021,0.3448275862068966,0.29411764705882354,0.3448275862068966,42.10214614868164,43,0.034482758620689655,0.3448275862068966,,,,,,,,,,,,
vt_h2_c3,61,Perturbation,answer_only,signed_sum,raw,eligible_body_tokens,0.1,330,26,33,0.07878787878787878,1.0,0.1,0.3076923076923077,0.24242424242424243,0.3076923076923077,48.268402099609375,44,0.0,0.3076923076923077,,,,,,,,,,,,
vt_h2_c3,62,Perturbation,answer_only,signed_sum,raw,eligible_body_tokens,0.1,336,29,34,0.08630952380952381,1.0,0.10119047619047619,0.3448275862068966,0.29411764705882354,0.3448275862068966,60.3449592590332,43,0.034482758620689655,0.3448275862068966,,,,,,,,,,,,
vt_h2_c3,63,Perturbation,answer_only,signed_sum,raw,eligible_body_tokens,0.1,333,28,34,0.08408408408408409,1.0,0.1021021021021021,0.0,0.0,0.0,71.51354217529297,42,0.0,0.2857142857142857,,,,,,,,,,,,
vt_h2_c3,64,Perturbation,answer_only,signed_sum,raw,eligible_body_tokens,0.1,334,26,34,0.07784431137724551,1.0,0.10179640718562874,0.0,0.0,0.0,55.995052337646484,42,0.0,0.3076923076923077,,,,,,,,,,,,
vt_h2_c3,65,Perturbation,answer_only,signed_sum,raw,eligible_body_tokens,0.1,335,28,34,0.08358208955223881,1.0,0.10149253731343283,0.14285714285714285,0.11764705882352941,0.14285714285714285,37.84078598022461,43,0.0,0.32142857142857145,,,,,,,,,,,,
vt_h2_c3,66,Perturbation,answer_only,signed_sum,raw,eligible_body_tokens,0.1,334,31,34,0.09281437125748503,1.0,0.10179640718562874,0.3548387096774194,0.3235294117647059,0.3548387096774194,48.84300994873047,43,0.06451612903225806,0.3548387096774194,,,,,,,,,,,,
vt_h2_c3,67,Perturbation,answer_only,signed_sum,raw,eligible_body_tokens,0.1,330,30,33,0.09090909090909091,1.0,0.1,0.3,0.2727272727272727,0.3,52.09797668457031,43,0.0,0.3,,,,,,,,,,,,
vt_h2_c3,68,Perturbation,answer_only,signed_sum,raw,eligible_body_tokens,0.1,333,30,34,0.09009009009009009,1.0,0.1021021021021021,0.0,0.0,0.0,54.668758392333984,42,0.0,0.2,,,,,,,,,,,,
vt_h2_c3,69,Perturbation,answer_only,signed_sum,raw,eligible_body_tokens,0.1,329,26,33,0.0790273556231003,1.0,0.10030395136778116,0.34615384615384615,0.2727272727272727,0.34615384615384615,57.88475799560547,44,0.0,0.34615384615384615,,,,,,,,,,,,
vt_h2_c3,70,Perturbation,answer_only,signed_sum,raw,eligible_body_tokens,0.1,332,30,34,0.09036144578313253,1.0,0.10240963855421686,0.3333333333333333,0.29411764705882354,0.3333333333333333,46.72224044799805,44,0.0,0.3333333333333333,,,,,,,,,,,,
vt_h2_c3,71,Perturbation,answer_only,signed_sum,raw,eligible_body_tokens,0.1,331,28,34,0.08459214501510574,1.0,0.1027190332326284,0.32142857142857145,0.2647058823529412,0.32142857142857145,51.05422592163086,42,0.03571428571428571,0.32142857142857145,,,,,,,,,,,,
vt_h2_c3,72,Perturbation,answer_only,signed_sum,raw,eligible_body_tokens,0.1,337,29,34,0.08605341246290801,1.0,0.10089020771513353,0.20689655172413793,0.17647058823529413,0.20689655172413793,57.99190902709961,44,0.06896551724137931,0.41379310344827586,,,,,,,,,,,,
vt_h2_c3,73,Perturbation,answer_only,signed_sum,raw,eligible_body_tokens,0.1,333,30,34,0.09009009009009009,1.0,0.1021021021021021,0.3,0.2647058823529412,0.3,46.3561897277832,44,0.0,0.3,,,,,,,,,,,,
vt_h2_c3,74,Perturbation,answer_only,signed_sum,raw,eligible_body_tokens,0.1,331,28,34,0.08459214501510574,1.0,0.1027190332326284,0.32142857142857145,0.2647058823529412,0.32142857142857145,50.44103240966797,42,0.03571428571428571,0.32142857142857145,,,,,,,,,,,,
vt_h2_c3,75,Perturbation,answer_only,signed_sum,raw,eligible_body_tokens,0.1,331,28,34,0.08459214501510574,1.0,0.1027190332326284,0.32142857142857145,0.2647058823529412,0.32142857142857145,47.20448684692383,45,0.0,0.32142857142857145,,,,,,,,,,,,
vt_h2_c3,76,Perturbation,answer_only,signed_sum,raw,eligible_body_tokens,0.1,333,28,34,0.08408408408408409,1.0,0.1021021021021021,0.35714285714285715,0.29411764705882354,0.35714285714285715,51.04481887817383,44,0.0,0.35714285714285715,,,,,,,,,,,,
vt_h2_c3,77,Perturbation,answer_only,signed_sum,raw,eligible_body_tokens,0.1,336,30,34,0.08928571428571429,1.0,0.10119047619047619,0.3333333333333333,0.29411764705882354,0.3333333333333333,48.20116424560547,43,0.03333333333333333,0.3333333333333333,,,,,,,,,,,,
vt_h2_c3,78,Perturbation,answer_only,signed_sum,raw,eligible_body_tokens,0.1,333,28,34,0.08408408408408409,1.0,0.1021021021021021,0.32142857142857145,0.2647058823529412,0.32142857142857145,49.51158142089844,42,0.03571428571428571,0.32142857142857145,,,,,,,,,,,,
vt_h2_c3,79,Perturbation,answer_only,signed_sum,raw,eligible_body_tokens,0.1,338,28,34,0.08284023668639054,1.0,0.10059171597633136,0.2857142857142857,0.23529411764705882,0.2857142857142857,44.09120178222656,42,0.0,0.2857142857142857,,,,,,,,,,,,
vt_h2_c3,80,Perturbation,answer_only,signed_sum,raw,eligible_body_tokens,0.1,334,28,34,0.08383233532934131,1.0,0.10179640718562874,0.32142857142857145,0.2647058823529412,0.32142857142857145,66.1762466430664,43,0.0,0.32142857142857145,,,,,,,,,,,,
vt_h2_c3,81,Perturbation,answer_only,signed_sum,raw,eligible_body_tokens,0.1,333,28,34,0.08408408408408409,1.0,0.1021021021021021,0.0,0.0,0.0,38.51970672607422,42,0.0,0.17857142857142858,,,,,,,,,,,,
vt_h2_c3,82,Perturbation,answer_only,signed_sum,raw,eligible_body_tokens,0.1,337,28,34,0.0830860534124629,1.0,0.10089020771513353,0.32142857142857145,0.2647058823529412,0.32142857142857145,58.783817291259766,43,0.0,0.32142857142857145,,,,,,,,,,,,
vt_h2_c3,83,Perturbation,answer_only,signed_sum,raw,eligible_body_tokens,0.1,333,29,34,0.08708708708708708,1.0,0.1021021021021021,0.3448275862068966,0.29411764705882354,0.3448275862068966,45.77853012084961,43,0.034482758620689655,0.3448275862068966,,,,,,,,,,,,
vt_h2_c3,84,Perturbation,answer_only,signed_sum,raw,eligible_body_tokens,0.1,330,26,33,0.07878787878787878,1.0,0.1,0.3076923076923077,0.24242424242424243,0.3076923076923077,50.902347564697266,42,0.0,0.3076923076923077,,,,,,,,,,,,
vt_h2_c3,85,Perturbation,answer_only,signed_sum,raw,eligible_body_tokens,0.1,338,30,34,0.08875739644970414,1.0,0.10059171597633136,0.3,0.2647058823529412,0.3,53.79978942871094,44,0.0,0.3,,,,,,,,,,,,
vt_h2_c3,86,Perturbation,answer_only,signed_sum,raw,eligible_body_tokens,0.1,333,31,34,0.09309309309309309,1.0,0.1021021021021021,0.3548387096774194,0.3235294117647059,0.3548387096774194,42.89352035522461,45,0.0,0.3548387096774194,,,,,,,,,,,,
vt_h2_c3,87,Perturbation,answer_only,signed_sum,raw,eligible_body_tokens,0.1,339,30,34,0.08849557522123894,1.0,0.10029498525073746,0.3,0.2647058823529412,0.3,44.48318099975586,42,0.03333333333333333,0.3,,,,,,,,,,,,
vt_h2_c3,88,Perturbation,answer_only,signed_sum,raw,eligible_body_tokens,0.1,334,29,34,0.08682634730538923,1.0,0.10179640718562874,0.3448275862068966,0.29411764705882354,0.3448275862068966,44.38859176635742,44,0.0,0.3448275862068966,,,,,,,,,,,,
vt_h2_c3,89,Perturbation,answer_only,signed_sum,raw,eligible_body_tokens,0.1,333,28,34,0.08408408408408409,1.0,0.1021021021021021,0.32142857142857145,0.2647058823529412,0.32142857142857145,61.17341613769531,43,0.0,0.32142857142857145,,,,,,,,,,,,
vt_h2_c3,90,Perturbation,answer_only,signed_sum,raw,eligible_body_tokens,0.1,333,30,34,0.09009009009009009,1.0,0.1021021021021021,0.13333333333333333,0.11764705882352941,0.13333333333333333,50.488224029541016,44,0.0,0.3,,,,,,,,,,,,
vt_h2_c3,91,Perturbation,answer_only,signed_sum,raw,eligible_body_tokens,0.1,332,28,34,0.08433734939759036,1.0,0.10240963855421686,0.32142857142857145,0.2647058823529412,0.32142857142857145,59.6905632019043,42,0.03571428571428571,0.32142857142857145,,,,,,,,,,,,
vt_h2_c3,92,Perturbation,answer_only,signed_sum,raw,eligible_body_tokens,0.1,331,28,34,0.08459214501510574,1.0,0.1027190332326284,0.32142857142857145,0.2647058823529412,0.32142857142857145,57.77558517456055,43,0.0,0.32142857142857145,,,,,,,,,,,,
vt_h2_c3,93,Perturbation,answer_only,signed_sum,raw,eligible_body_tokens,0.1,332,29,34,0.08734939759036145,1.0,0.10240963855421686,0.1724137931034483,0.14705882352941177,0.1724137931034483,52.88414001464844,44,0.0,0.3448275862068966,,,,,,,,,,,,
vt_h2_c3,94,Perturbation,answer_only,signed_sum,raw,eligible_body_tokens,0.1,334,30,34,0.08982035928143713,1.0,0.10179640718562874,0.43333333333333335,0.38235294117647056,0.43333333333333335,56.371826171875,43,0.13333333333333333,0.43333333333333335,,,,,,,,,,,,
vt_h2_c3,95,Perturbation,answer_only,signed_sum,raw,eligible_body_tokens,0.1,342,31,35,0.09064327485380116,1.0,0.1023391812865497,0.3548387096774194,0.3142857142857143,0.3548387096774194,36.2757453918457,44,0.06451612903225806,0.3548387096774194,,,,,,,,,,,,
vt_h2_c3,96,Perturbation,answer_only,signed_sum,raw,eligible_body_tokens,0.1,333,30,34,0.09009009009009009,1.0,0.1021021021021021,0.0,0.0,0.0,49.08085632324219,42,0.0,0.2,,,,,,,,,,,,
vt_h2_c3,97,Perturbation,answer_only,signed_sum,raw,eligible_body_tokens,0.1,333,27,34,0.08108108108108109,1.0,0.1021021021021021,0.2962962962962963,0.23529411764705882,0.2962962962962963,66.66011047363281,43,0.0,0.2962962962962963,,,,,,,,,,,,
vt_h2_c3,98,Perturbation,answer_only,signed_sum,raw,eligible_body_tokens,0.1,335,29,34,0.08656716417910448,1.0,0.10149253731343283,0.3448275862068966,0.29411764705882354,0.3448275862068966,53.288822174072266,43,0.1724137931034483,0.4827586206896552,,,,,,,,,,,,
vt_h2_c3,99,Perturbation,answer_only,signed_sum,raw,eligible_body_tokens,0.1,332,28,34,0.08433734939759036,1.0,0.10240963855421686,0.32142857142857145,0.2647058823529412,0.32142857142857145,50.68201446533203,43,0.0,0.32142857142857145,,,,,,,,,,,,
vt_h2_c3,0,REAGENT,answer_only,signed_sum,raw,eligible_body_tokens,0.1,329,26,33,0.0790273556231003,1.0,0.10030395136778116,0.0,0.0,0.0,42.650978088378906,42,0.0,0.34615384615384615,,,,,,,,,,,,
vt_h2_c3,1,REAGENT,answer_only,signed_sum,raw,eligible_body_tokens,0.1,330,27,33,0.08181818181818182,1.0,0.1,0.25925925925925924,0.21212121212121213,0.25925925925925924,48.87904357910156,42,0.0,0.25925925925925924,,,,,,,,,,,,
vt_h2_c3,2,REAGENT,answer_only,signed_sum,raw,eligible_body_tokens,0.1,332,29,34,0.08734939759036145,1.0,0.10240963855421686,0.3103448275862069,0.2647058823529412,0.3103448275862069,42.13219451904297,43,0.0,0.3103448275862069,,,,,,,,,,,,
vt_h2_c3,3,REAGENT,answer_only,signed_sum,raw,eligible_body_tokens,0.1,337,27,34,0.08011869436201781,1.0,0.10089020771513353,0.0,0.0,0.0,51.44465637207031,45,0.0,0.25925925925925924,,,,,,,,,,,,
vt_h2_c3,4,REAGENT,answer_only,signed_sum,raw,eligible_body_tokens,0.1,334,30,34,0.08982035928143713,1.0,0.10179640718562874,0.3,0.2647058823529412,0.3,44.60633087158203,42,0.03333333333333333,0.3,,,,,,,,,,,,
vt_h2_c3,5,REAGENT,answer_only,signed_sum,raw,eligible_body_tokens,0.1,336,30,34,0.08928571428571429,1.0,0.10119047619047619,0.3333333333333333,0.29411764705882354,0.3333333333333333,57.22121810913086,43,0.03333333333333333,0.3333333333333333,,,,,,,,,,,,
vt_h2_c3,6,REAGENT,answer_only,signed_sum,raw,eligible_body_tokens,0.1,334,29,34,0.08682634730538923,1.0,0.10179640718562874,0.06896551724137931,0.058823529411764705,0.06896551724137931,32.002159118652344,42,0.06896551724137931,0.3448275862068966,,,,,,,,,,,,
vt_h2_c3,7,REAGENT,answer_only,signed_sum,raw,eligible_body_tokens,0.1,327,28,33,0.0856269113149847,1.0,0.10091743119266056,0.03571428571428571,0.030303030303030304,0.03571428571428571,40.02658462524414,41,0.03571428571428571,0.32142857142857145,,,,,,,,,,,,
vt_h2_c3,8,REAGENT,answer_only,signed_sum,raw,eligible_body_tokens,0.1,333,31,34,0.09309309309309309,1.0,0.1021021021021021,0.3225806451612903,0.29411764705882354,0.3225806451612903,33.453033447265625,44,0.0,0.3225806451612903,,,,,,,,,,,,
vt_h2_c3,9,REAGENT,answer_only,signed_sum,raw,eligible_body_tokens,0.1,331,28,34,0.08459214501510574,1.0,0.1027190332326284,0.0,0.0,0.0,47.67703628540039,43,0.0,0.2857142857142857,,,,,,,,,,,,
vt_h2_c3,10,REAGENT,answer_only,signed_sum,raw,eligible_body_tokens,0.1,330,27,33,0.08181818181818182,1.0,0.1,0.2962962962962963,0.24242424242424243,0.2962962962962963,47.15436553955078,42,0.0,0.2962962962962963,,,,,,,,,,,,
vt_h2_c3,11,REAGENT,answer_only,signed_sum,raw,eligible_body_tokens,0.1,335,32,34,0.0955223880597015,1.0,0.10149253731343283,0.3125,0.29411764705882354,0.3125,51.491634368896484,44,0.0,0.3125,,,,,,,,,,,,
vt_h2_c3,12,REAGENT,answer_only,signed_sum,raw,eligible_body_tokens,0.1,335,29,34,0.08656716417910448,1.0,0.10149253731343283,0.3448275862068966,0.29411764705882354,0.3448275862068966,32.788875579833984,44,0.0,0.3448275862068966,,,,,,,,,,,,
vt_h2_c3,13,REAGENT,answer_only,signed_sum,raw,eligible_body_tokens,0.1,332,28,34,0.08433734939759036,1.0,0.10240963855421686,0.0,0.0,0.0,42.688533782958984,43,0.0,0.2857142857142857,,,,,,,,,,,,
vt_h2_c3,14,REAGENT,answer_only,signed_sum,raw,eligible_body_tokens,0.1,338,30,34,0.08875739644970414,1.0,0.10059171597633136,0.3333333333333333,0.29411764705882354,0.3333333333333333,45.40950012207031,43,0.03333333333333333,0.3333333333333333,,,,,,,,,,,,
vt_h2_c3,15,REAGENT,answer_only,signed_sum,raw,eligible_body_tokens,0.1,338,30,34,0.08875739644970414,1.0,0.10059171597633136,0.5,0.4411764705882353,0.5,67.8335189819336,45,0.26666666666666666,0.6333333333333333,,,,,,,,,,,,
vt_h2_c3,16,REAGENT,answer_only,signed_sum,raw,eligible_body_tokens,0.1,339,29,34,0.0855457227138643,1.0,0.10029498525073746,0.3448275862068966,0.29411764705882354,0.3448275862068966,33.816864013671875,43,0.034482758620689655,0.3448275862068966,,,,,,,,,,,,
vt_h2_c3,17,REAGENT,answer_only,signed_sum,raw,eligible_body_tokens,0.1,332,29,34,0.08734939759036145,1.0,0.10240963855421686,0.3103448275862069,0.2647058823529412,0.3103448275862069,42.77547836303711,43,0.034482758620689655,0.3448275862068966,,,,,,,,,,,,
vt_h2_c3,18,REAGENT,answer_only,signed_sum,raw,eligible_body_tokens,0.1,336,28,34,0.08333333333333333,1.0,0.10119047619047619,0.17857142857142858,0.14705882352941177,0.17857142857142858,53.57956314086914,43,0.0,0.32142857142857145,,,,,,,,,,,,
vt_h2_c3,19,REAGENT,answer_only,signed_sum,raw,eligible_body_tokens,0.1,336,29,34,0.08630952380952381,1.0,0.10119047619047619,0.3793103448275862,0.3235294117647059,0.3793103448275862,51.802433013916016,44,0.034482758620689655,0.3793103448275862,,,,,,,,,,,,
vt_h2_c3,20,REAGENT,answer_only,signed_sum,raw,eligible_body_tokens,0.1,331,28,34,0.08459214501510574,1.0,0.1027190332326284,0.32142857142857145,0.2647058823529412,0.32142857142857145,52.02581787109375,43,0.07142857142857142,0.39285714285714285,,,,,,,,,,,,
vt_h2_c3,21,REAGENT,answer_only,signed_sum,raw,eligible_body_tokens,0.1,329,26,33,0.0790273556231003,1.0,0.10030395136778116,0.34615384615384615,0.2727272727272727,0.34615384615384615,50.94826889038086,42,0.0,0.34615384615384615,,,,,,,,,,,,
vt_h2_c3,22,REAGENT,answer_only,signed_sum,raw,eligible_body_tokens,0.1,329,30,33,0.0911854103343465,1.0,0.10030395136778116,0.3,0.2727272727272727,0.3,38.64453125,42,0.0,0.3,,,,,,,,,,,,
vt_h2_c3,23,REAGENT,answer_only,signed_sum,raw,eligible_body_tokens,0.1,331,30,34,0.09063444108761329,1.0,0.1027190332326284,0.3,0.2647058823529412,0.3,43.9937858581543,43,0.0,0.3,,,,,,,,,,,,
vt_h2_c3,24,REAGENT,answer_only,signed_sum,raw,eligible_body_tokens,0.1,333,30,34,0.09009009009009009,1.0,0.1021021021021021,0.16666666666666666,0.14705882352941177,0.16666666666666666,39.42243576049805,43,0.0,0.3,,,,,,,,,,,,
vt_h2_c3,25,REAGENT,answer_only,signed_sum,raw,eligible_body_tokens,0.1,335,27,34,0.08059701492537313,1.0,0.10149253731343283,0.18518518518518517,0.14705882352941177,0.18518518518518517,41.485008239746094,44,0.0,0.37037037037037035,,,,,,,,,,,,
vt_h2_c3,26,REAGENT,answer_only,signed_sum,raw,eligible_body_tokens,0.1,334,30,34,0.08982035928143713,1.0,0.10179640718562874,0.3333333333333333,0.29411764705882354,0.3333333333333333,52.09479522705078,43,0.03333333333333333,0.3333333333333333,,,,,,,,,,,,
vt_h2_c3,27,REAGENT,answer_only,signed_sum,raw,eligible_body_tokens,0.1,339,29,34,0.0855457227138643,1.0,0.10029498525073746,0.3448275862068966,0.29411764705882354,0.3448275862068966,51.943870544433594,43,0.034482758620689655,0.3448275862068966,,,,,,,,,,,,
vt_h2_c3,28,REAGENT,answer_only,signed_sum,raw,eligible_body_tokens,0.1,329,26,33,0.0790273556231003,1.0,0.10030395136778116,0.3076923076923077,0.24242424242424243,0.3076923076923077,43.479801177978516,44,0.0,0.3076923076923077,,,,,,,,,,,,
vt_h2_c3,29,REAGENT,answer_only,signed_sum,raw,eligible_body_tokens,0.1,330,27,33,0.08181818181818182,1.0,0.1,0.2962962962962963,0.24242424242424243,0.2962962962962963,43.421852111816406,43,0.0,0.2962962962962963,,,,,,,,,,,,
vt_h2_c3,30,REAGENT,answer_only,signed_sum,raw,eligible_body_tokens,0.1,332,28,34,0.08433734939759036,1.0,0.10240963855421686,0.21428571428571427,0.17647058823529413,0.21428571428571427,26.23828125,43,0.03571428571428571,0.35714285714285715,,,,,,,,,,,,
vt_h2_c3,31,REAGENT,answer_only,signed_sum,raw,eligible_body_tokens,0.1,339,30,34,0.08849557522123894,1.0,0.10029498525073746,0.3,0.2647058823529412,0.3,47.73741912841797,44,0.0,0.3,,,,,,,,,,,,
vt_h2_c3,32,REAGENT,answer_only,signed_sum,raw,eligible_body_tokens,0.1,337,30,34,0.08902077151335312,1.0,0.10089020771513353,0.3,0.2647058823529412,0.3,52.83070373535156,42,0.03333333333333333,0.3,,,,,,,,,,,,
vt_h2_c3,33,REAGENT,answer_only,signed_sum,raw,eligible_body_tokens,0.1,332,29,34,0.08734939759036145,1.0,0.10240963855421686,0.3448275862068966,0.29411764705882354,0.3448275862068966,42.03048324584961,43,0.034482758620689655,0.3448275862068966,,,,,,,,,,,,
vt_h2_c3,34,REAGENT,answer_only,signed_sum,raw,eligible_body_tokens,0.1,330,26,33,0.07878787878787878,1.0,0.1,0.34615384615384615,0.2727272727272727,0.34615384615384615,44.45310592651367,44,0.0,0.34615384615384615,,,,,,,,,,,,
vt_h2_c3,35,REAGENT,answer_only,signed_sum,raw,eligible_body_tokens,0.1,334,30,34,0.08982035928143713,1.0,0.10179640718562874,0.23333333333333334,0.20588235294117646,0.23333333333333334,34.10049057006836,42,0.0,0.23333333333333334,,,,,,,,,,,,
vt_h2_c3,36,REAGENT,answer_only,signed_sum,raw,eligible_body_tokens,0.1,333,28,34,0.08408408408408409,1.0,0.1021021021021021,0.32142857142857145,0.2647058823529412,0.32142857142857145,44.12146759033203,43,0.0,0.32142857142857145,,,,,,,,,,,,
vt_h2_c3,37,REAGENT,answer_only,signed_sum,raw,eligible_body_tokens,0.1,338,31,34,0.09171597633136094,1.0,0.10059171597633136,0.0967741935483871,0.08823529411764706,0.0967741935483871,60.642818450927734,42,0.0967741935483871,0.3548387096774194,,,,,,,,,,,,
vt_h2_c3,38,REAGENT,answer_only,signed_sum,raw,eligible_body_tokens,0.1,331,28,34,0.08459214501510574,1.0,0.1027190332326284,0.0,0.0,0.0,42.72913360595703,42,0.0,0.25,,,,,,,,,,,,
vt_h2_c3,39,REAGENT,answer_only,signed_sum,raw,eligible_body_tokens,0.1,332,28,34,0.08433734939759036,1.0,0.10240963855421686,0.32142857142857145,0.2647058823529412,0.32142857142857145,50.11159133911133,42,0.03571428571428571,0.32142857142857145,,,,,,,,,,,,
vt_h2_c3,40,REAGENT,answer_only,signed_sum,raw,eligible_body_tokens,0.1,337,29,34,0.08605341246290801,1.0,0.10089020771513353,0.3448275862068966,0.29411764705882354,0.3448275862068966,48.6318244934082,43,0.034482758620689655,0.3448275862068966,,,,,,,,,,,,
vt_h2_c3,41,REAGENT,answer_only,signed_sum,raw,eligible_body_tokens,0.1,332,32,34,0.0963855421686747,1.0,0.10240963855421686,0.28125,0.2647058823529412,0.28125,50.15957260131836,43,0.03125,0.3125,,,,,,,,,,,,
vt_h2_c3,42,REAGENT,answer_only,signed_sum,raw,eligible_body_tokens,0.1,330,28,33,0.08484848484848485,1.0,0.1,0.5,0.42424242424242425,0.5,68.39031219482422,43,0.14285714285714285,0.5,,,,,,,,,,,,
vt_h2_c3,43,REAGENT,answer_only,signed_sum,raw,eligible_body_tokens,0.1,338,30,34,0.08875739644970414,1.0,0.10059171597633136,0.03333333333333333,0.029411764705882353,0.03333333333333333,49.375003814697266,42,0.03333333333333333,0.3,,,,,,,,,,,,
vt_h2_c3,44,REAGENT,answer_only,signed_sum,raw,eligible_body_tokens,0.1,336,31,34,0.09226190476190477,1.0,0.10119047619047619,0.3225806451612903,0.29411764705882354,0.3225806451612903,41.399017333984375,43,0.03225806451612903,0.3225806451612903,,,,,,,,,,,,
vt_h2_c3,45,REAGENT,answer_only,signed_sum,raw,eligible_body_tokens,0.1,333,30,34,0.09009009009009009,1.0,0.1021021021021021,0.3333333333333333,0.29411764705882354,0.3333333333333333,46.5468635559082,44,0.0,0.3333333333333333,,,,,,,,,,,,
vt_h2_c3,46,REAGENT,answer_only,signed_sum,raw,eligible_body_tokens,0.1,331,28,34,0.08459214501510574,1.0,0.1027190332326284,0.0,0.0,0.0,48.37709045410156,43,0.0,0.21428571428571427,,,,,,,,,,,,
vt_h2_c3,47,REAGENT,answer_only,signed_sum,raw,eligible_body_tokens,0.1,329,26,33,0.0790273556231003,1.0,0.10030395136778116,0.34615384615384615,0.2727272727272727,0.34615384615384615,47.10282897949219,42,0.0,0.34615384615384615,,,,,,,,,,,,
vt_h2_c3,48,REAGENT,answer_only,signed_sum,raw,eligible_body_tokens,0.1,331,28,34,0.08459214501510574,1.0,0.1027190332326284,0.32142857142857145,0.2647058823529412,0.32142857142857145,44.292293548583984,44,0.0,0.32142857142857145,,,,,,,,,,,,
vt_h2_c3,49,REAGENT,answer_only,signed_sum,raw,eligible_body_tokens,0.1,329,28,33,0.0851063829787234,1.0,0.10030395136778116,0.2857142857142857,0.24242424242424243,0.2857142857142857,35.48304748535156,42,0.0,0.2857142857142857,,,,,,,,,,,,
vt_h2_c3,50,REAGENT,answer_only,signed_sum,raw,eligible_body_tokens,0.1,331,27,34,0.08157099697885196,1.0,0.1027190332326284,0.2962962962962963,0.23529411764705882,0.2962962962962963,46.59174346923828,42,0.0,0.2962962962962963,,,,,,,,,,,,
vt_h2_c3,51,REAGENT,answer_only,signed_sum,raw,eligible_body_tokens,0.1,330,27,33,0.08181818181818182,1.0,0.1,0.2962962962962963,0.24242424242424243,0.2962962962962963,55.904090881347656,41,0.0,0.2962962962962963,,,,,,,,,,,,
vt_h2_c3,52,REAGENT,answer_only,signed_sum,raw,eligible_body_tokens,0.1,332,29,34,0.08734939759036145,1.0,0.10240963855421686,0.3448275862068966,0.29411764705882354,0.3448275862068966,41.26161575317383,43,0.034482758620689655,0.3448275862068966,,,,,,,,,,,,
vt_h2_c3,53,REAGENT,answer_only,signed_sum,raw,eligible_body_tokens,0.1,333,30,34,0.09009009009009009,1.0,0.1021021021021021,0.3,0.2647058823529412,0.3,45.78489303588867,42,0.03333333333333333,0.3,,,,,,,,,,,,
vt_h2_c3,54,REAGENT,answer_only,signed_sum,raw,eligible_body_tokens,0.1,333,30,34,0.09009009009009009,1.0,0.1021021021021021,0.3333333333333333,0.29411764705882354,0.3333333333333333,36.24292755126953,43,0.03333333333333333,0.3333333333333333,,,,,,,,,,,,
vt_h2_c3,55,REAGENT,answer_only,signed_sum,raw,eligible_body_tokens,0.1,330,28,33,0.08484848484848485,1.0,0.1,0.32142857142857145,0.2727272727272727,0.32142857142857145,46.182430267333984,45,0.0,0.32142857142857145,,,,,,,,,,,,
vt_h2_c3,56,REAGENT,answer_only,signed_sum,raw,eligible_body_tokens,0.1,330,28,33,0.08484848484848485,1.0,0.1,0.32142857142857145,0.2727272727272727,0.32142857142857145,41.10356903076172,42,0.0,0.32142857142857145,,,,,,,,,,,,
vt_h2_c3,57,REAGENT,answer_only,signed_sum,raw,eligible_body_tokens,0.1,335,30,34,0.08955223880597014,1.0,0.10149253731343283,0.3333333333333333,0.29411764705882354,0.3333333333333333,41.8596076965332,43,0.03333333333333333,0.3333333333333333,,,,,,,,,,,,
vt_h2_c3,58,REAGENT,answer_only,signed_sum,raw,eligible_body_tokens,0.1,333,28,34,0.08408408408408409,1.0,0.1021021021021021,0.2857142857142857,0.23529411764705882,0.2857142857142857,53.20431900024414,44,0.0,0.2857142857142857,,,,,,,,,,,,
vt_h2_c3,59,REAGENT,answer_only,signed_sum,raw,eligible_body_tokens,0.1,330,27,33,0.08181818181818182,1.0,0.1,0.2222222222222222,0.18181818181818182,0.2222222222222222,31.603336334228516,43,0.0,0.2222222222222222,,,,,,,,,,,,
vt_h2_c3,60,REAGENT,answer_only,signed_sum,raw,eligible_body_tokens,0.1,333,29,34,0.08708708708708708,1.0,0.1021021021021021,0.3448275862068966,0.29411764705882354,0.3448275862068966,42.50249099731445,43,0.034482758620689655,0.3448275862068966,,,,,,,,,,,,
vt_h2_c3,61,REAGENT,answer_only,signed_sum,raw,eligible_body_tokens,0.1,330,26,33,0.07878787878787878,1.0,0.1,0.3076923076923077,0.24242424242424243,0.3076923076923077,42.7135124206543,44,0.0,0.3076923076923077,,,,,,,,,,,,
vt_h2_c3,62,REAGENT,answer_only,signed_sum,raw,eligible_body_tokens,0.1,336,29,34,0.08630952380952381,1.0,0.10119047619047619,0.3448275862068966,0.29411764705882354,0.3448275862068966,50.561981201171875,43,0.034482758620689655,0.3448275862068966,,,,,,,,,,,,
vt_h2_c3,63,REAGENT,answer_only,signed_sum,raw,eligible_body_tokens,0.1,333,28,34,0.08408408408408409,1.0,0.1021021021021021,0.0,0.0,0.0,69.54119873046875,42,0.0,0.2857142857142857,,,,,,,,,,,,
vt_h2_c3,64,REAGENT,answer_only,signed_sum,raw,eligible_body_tokens,0.1,334,26,34,0.07784431137724551,1.0,0.10179640718562874,0.0,0.0,0.0,52.095272064208984,42,0.0,0.3076923076923077,,,,,,,,,,,,
vt_h2_c3,65,REAGENT,answer_only,signed_sum,raw,eligible_body_tokens,0.1,335,28,34,0.08358208955223881,1.0,0.10149253731343283,0.14285714285714285,0.11764705882352941,0.14285714285714285,34.2102165222168,43,0.0,0.32142857142857145,,,,,,,,,,,,
vt_h2_c3,66,REAGENT,answer_only,signed_sum,raw,eligible_body_tokens,0.1,334,31,34,0.09281437125748503,1.0,0.10179640718562874,0.3548387096774194,0.3235294117647059,0.3548387096774194,44.07673645019531,43,0.06451612903225806,0.3548387096774194,,,,,,,,,,,,
vt_h2_c3,67,REAGENT,answer_only,signed_sum,raw,eligible_body_tokens,0.1,330,30,33,0.09090909090909091,1.0,0.1,0.3,0.2727272727272727,0.3,48.63580322265625,43,0.0,0.3,,,,,,,,,,,,
vt_h2_c3,68,REAGENT,answer_only,signed_sum,raw,eligible_body_tokens,0.1,333,30,34,0.09009009009009009,1.0,0.1021021021021021,0.0,0.0,0.0,48.13883590698242,42,0.0,0.2,,,,,,,,,,,,
vt_h2_c3,69,REAGENT,answer_only,signed_sum,raw,eligible_body_tokens,0.1,329,26,33,0.0790273556231003,1.0,0.10030395136778116,0.34615384615384615,0.2727272727272727,0.34615384615384615,53.578372955322266,44,0.0,0.34615384615384615,,,,,,,,,,,,
vt_h2_c3,70,REAGENT,answer_only,signed_sum,raw,eligible_body_tokens,0.1,332,30,34,0.09036144578313253,1.0,0.10240963855421686,0.3,0.2647058823529412,0.3,41.18017578125,43,0.03333333333333333,0.3333333333333333,,,,,,,,,,,,
vt_h2_c3,71,REAGENT,answer_only,signed_sum,raw,eligible_body_tokens,0.1,331,28,34,0.08459214501510574,1.0,0.1027190332326284,0.32142857142857145,0.2647058823529412,0.32142857142857145,47.81715393066406,42,0.03571428571428571,0.32142857142857145,,,,,,,,,,,,
vt_h2_c3,72,REAGENT,answer_only,signed_sum,raw,eligible_body_tokens,0.1,337,29,34,0.08605341246290801,1.0,0.10089020771513353,0.20689655172413793,0.17647058823529413,0.20689655172413793,56.23297882080078,44,0.06896551724137931,0.41379310344827586,,,,,,,,,,,,
vt_h2_c3,73,REAGENT,answer_only,signed_sum,raw,eligible_body_tokens,0.1,333,30,34,0.09009009009009009,1.0,0.1021021021021021,0.3,0.2647058823529412,0.3,46.02223587036133,44,0.0,0.3,,,,,,,,,,,,
vt_h2_c3,74,REAGENT,answer_only,signed_sum,raw,eligible_body_tokens,0.1,331,28,34,0.08459214501510574,1.0,0.1027190332326284,0.32142857142857145,0.2647058823529412,0.32142857142857145,46.28867721557617,42,0.03571428571428571,0.32142857142857145,,,,,,,,,,,,
vt_h2_c3,75,REAGENT,answer_only,signed_sum,raw,eligible_body_tokens,0.1,331,28,34,0.08459214501510574,1.0,0.1027190332326284,0.32142857142857145,0.2647058823529412,0.32142857142857145,49.587730407714844,45,0.0,0.32142857142857145,,,,,,,,,,,,
vt_h2_c3,76,REAGENT,answer_only,signed_sum,raw,eligible_body_tokens,0.1,333,28,34,0.08408408408408409,1.0,0.1021021021021021,0.35714285714285715,0.29411764705882354,0.35714285714285715,47.72597122192383,44,0.0,0.35714285714285715,,,,,,,,,,,,
vt_h2_c3,77,REAGENT,answer_only,signed_sum,raw,eligible_body_tokens,0.1,336,30,34,0.08928571428571429,1.0,0.10119047619047619,0.3333333333333333,0.29411764705882354,0.3333333333333333,45.19346618652344,43,0.03333333333333333,0.3333333333333333,,,,,,,,,,,,
vt_h2_c3,78,REAGENT,answer_only,signed_sum,raw,eligible_body_tokens,0.1,333,28,34,0.08408408408408409,1.0,0.1021021021021021,0.32142857142857145,0.2647058823529412,0.32142857142857145,49.4632682800293,42,0.03571428571428571,0.32142857142857145,,,,,,,,,,,,
vt_h2_c3,79,REAGENT,answer_only,signed_sum,raw,eligible_body_tokens,0.1,338,28,34,0.08284023668639054,1.0,0.10059171597633136,0.2857142857142857,0.23529411764705882,0.2857142857142857,36.77737045288086,42,0.0,0.2857142857142857,,,,,,,,,,,,
vt_h2_c3,80,REAGENT,answer_only,signed_sum,raw,eligible_body_tokens,0.1,334,28,34,0.08383233532934131,1.0,0.10179640718562874,0.32142857142857145,0.2647058823529412,0.32142857142857145,56.68056869506836,43,0.0,0.32142857142857145,,,,,,,,,,,,
vt_h2_c3,81,REAGENT,answer_only,signed_sum,raw,eligible_body_tokens,0.1,333,28,34,0.08408408408408409,1.0,0.1021021021021021,0.0,0.0,0.0,44.2001838684082,42,0.0,0.17857142857142858,,,,,,,,,,,,
vt_h2_c3,82,REAGENT,answer_only,signed_sum,raw,eligible_body_tokens,0.1,337,28,34,0.0830860534124629,1.0,0.10089020771513353,0.32142857142857145,0.2647058823529412,0.32142857142857145,59.077308654785156,43,0.0,0.32142857142857145,,,,,,,,,,,,
vt_h2_c3,83,REAGENT,answer_only,signed_sum,raw,eligible_body_tokens,0.1,333,29,34,0.08708708708708708,1.0,0.1021021021021021,0.3448275862068966,0.29411764705882354,0.3448275862068966,39.535499572753906,43,0.034482758620689655,0.3448275862068966,,,,,,,,,,,,
vt_h2_c3,84,REAGENT,answer_only,signed_sum,raw,eligible_body_tokens,0.1,330,26,33,0.07878787878787878,1.0,0.1,0.3076923076923077,0.24242424242424243,0.3076923076923077,41.748741149902344,42,0.0,0.3076923076923077,,,,,,,,,,,,
vt_h2_c3,85,REAGENT,answer_only,signed_sum,raw,eligible_body_tokens,0.1,338,30,34,0.08875739644970414,1.0,0.10059171597633136,0.3,0.2647058823529412,0.3,51.39816665649414,44,0.0,0.3,,,,,,,,,,,,
vt_h2_c3,86,REAGENT,answer_only,signed_sum,raw,eligible_body_tokens,0.1,333,31,34,0.09309309309309309,1.0,0.1021021021021021,0.3548387096774194,0.3235294117647059,0.3548387096774194,35.99864196777344,45,0.0,0.3548387096774194,,,,,,,,,,,,
vt_h2_c3,87,REAGENT,answer_only,signed_sum,raw,eligible_body_tokens,0.1,339,30,34,0.08849557522123894,1.0,0.10029498525073746,0.3,0.2647058823529412,0.3,37.193119049072266,42,0.03333333333333333,0.3,,,,,,,,,,,,
vt_h2_c3,88,REAGENT,answer_only,signed_sum,raw,eligible_body_tokens,0.1,334,29,34,0.08682634730538923,1.0,0.10179640718562874,0.3448275862068966,0.29411764705882354,0.3448275862068966,45.39100646972656,44,0.0,0.3448275862068966,,,,,,,,,,,,
vt_h2_c3,89,REAGENT,answer_only,signed_sum,raw,eligible_body_tokens,0.1,333,28,34,0.08408408408408409,1.0,0.1021021021021021,0.32142857142857145,0.2647058823529412,0.32142857142857145,54.24509048461914,43,0.0,0.32142857142857145,,,,,,,,,,,,
vt_h2_c3,90,REAGENT,answer_only,signed_sum,raw,eligible_body_tokens,0.1,333,30,34,0.09009009009009009,1.0,0.1021021021021021,0.13333333333333333,0.11764705882352941,0.13333333333333333,49.092613220214844,44,0.0,0.3,,,,,,,,,,,,
vt_h2_c3,91,REAGENT,answer_only,signed_sum,raw,eligible_body_tokens,0.1,332,28,34,0.08433734939759036,1.0,0.10240963855421686,0.32142857142857145,0.2647058823529412,0.32142857142857145,55.9857292175293,42,0.03571428571428571,0.32142857142857145,,,,,,,,,,,,
vt_h2_c3,92,REAGENT,answer_only,signed_sum,raw,eligible_body_tokens,0.1,331,28,34,0.08459214501510574,1.0,0.1027190332326284,0.32142857142857145,0.2647058823529412,0.32142857142857145,53.144996643066406,43,0.0,0.32142857142857145,,,,,,,,,,,,
vt_h2_c3,93,REAGENT,answer_only,signed_sum,raw,eligible_body_tokens,0.1,332,29,34,0.08734939759036145,1.0,0.10240963855421686,0.1724137931034483,0.14705882352941177,0.1724137931034483,53.676971435546875,44,0.0,0.3448275862068966,,,,,,,,,,,,
vt_h2_c3,94,REAGENT,answer_only,signed_sum,raw,eligible_body_tokens,0.1,334,30,34,0.08982035928143713,1.0,0.10179640718562874,0.43333333333333335,0.38235294117647056,0.43333333333333335,53.626953125,43,0.13333333333333333,0.43333333333333335,,,,,,,,,,,,
vt_h2_c3,95,REAGENT,answer_only,signed_sum,raw,eligible_body_tokens,0.1,342,31,35,0.09064327485380116,1.0,0.1023391812865497,0.3548387096774194,0.3142857142857143,0.3548387096774194,35.853553771972656,44,0.06451612903225806,0.3548387096774194,,,,,,,,,,,,
vt_h2_c3,96,REAGENT,answer_only,signed_sum,raw,eligible_body_tokens,0.1,333,30,34,0.09009009009009009,1.0,0.1021021021021021,0.0,0.0,0.0,46.90031051635742,42,0.0,0.2,,,,,,,,,,,,
vt_h2_c3,97,REAGENT,answer_only,signed_sum,raw,eligible_body_tokens,0.1,333,27,34,0.08108108108108109,1.0,0.1021021021021021,0.2962962962962963,0.23529411764705882,0.2962962962962963,61.754520416259766,43,0.0,0.2962962962962963,,,,,,,,,,,,
vt_h2_c3,98,REAGENT,answer_only,signed_sum,raw,eligible_body_tokens,0.1,335,29,34,0.08656716417910448,1.0,0.10149253731343283,0.3448275862068966,0.29411764705882354,0.3448275862068966,55.437286376953125,43,0.1724137931034483,0.4827586206896552,,,,,,,,,,,,
vt_h2_c3,99,REAGENT,answer_only,signed_sum,raw,eligible_body_tokens,0.1,332,28,34,0.08433734939759036,1.0,0.10240963855421686,0.32142857142857145,0.2647058823529412,0.32142857142857145,47.22028732299805,43,0.0,0.32142857142857145,,,,,,,,,,,,
vt_h2_c3,0,CLP,answer_only,signed_sum,raw,eligible_body_tokens,0.1,329,26,33,0.0790273556231003,1.0,0.10030395136778116,0.34615384615384615,0.2727272727272727,0.34615384615384615,43126284.0,43,0.0,0.34615384615384615,,,,,,,,,,,,
vt_h2_c3,1,CLP,answer_only,signed_sum,raw,eligible_body_tokens,0.1,330,27,33,0.08181818181818182,1.0,0.1,0.25925925925925924,0.21212121212121213,0.25925925925925924,49224176.0,43,0.0,0.25925925925925924,,,,,,,,,,,,
vt_h2_c3,2,CLP,answer_only,signed_sum,raw,eligible_body_tokens,0.1,332,29,34,0.08734939759036145,1.0,0.10240963855421686,0.3448275862068966,0.29411764705882354,0.3448275862068966,31710512.0,32,0.2413793103448276,0.3448275862068966,,,,,,,,,,,,
vt_h2_c3,3,CLP,answer_only,signed_sum,raw,eligible_body_tokens,0.1,337,27,34,0.08011869436201781,1.0,0.10089020771513353,0.37037037037037035,0.29411764705882354,0.37037037037037035,50375192.0,34,0.37037037037037035,0.37037037037037035,,,,,,,,,,,,
vt_h2_c3,4,CLP,answer_only,signed_sum,raw,eligible_body_tokens,0.1,334,30,34,0.08982035928143713,1.0,0.10179640718562874,0.4666666666666667,0.4117647058823529,0.4666666666666667,48934912.0,43,0.16666666666666666,0.4666666666666667,,,,,,,,,,,,
vt_h2_c3,5,CLP,answer_only,signed_sum,raw,eligible_body_tokens,0.1,336,30,34,0.08928571428571429,1.0,0.10119047619047619,0.3333333333333333,0.29411764705882354,0.3333333333333333,47446764.0,45,0.0,0.3333333333333333,,,,,,,,,,,,
vt_h2_c3,6,CLP,answer_only,signed_sum,raw,eligible_body_tokens,0.1,334,29,34,0.08682634730538923,1.0,0.10179640718562874,0.06896551724137931,0.058823529411764705,0.06896551724137931,38325724.0,42,0.06896551724137931,0.3448275862068966,,,,,,,,,,,,
vt_h2_c3,7,CLP,answer_only,signed_sum,raw,eligible_body_tokens,0.1,327,28,33,0.0856269113149847,1.0,0.10091743119266056,0.0,0.0,0.0,31533388.0,41,0.0,0.32142857142857145,,,,,,,,,,,,
vt_h2_c3,8,CLP,answer_only,signed_sum,raw,eligible_body_tokens,0.1,333,31,34,0.09309309309309309,1.0,0.1021021021021021,0.3548387096774194,0.3235294117647059,0.3548387096774194,65507928.0,44,0.3225806451612903,0.6451612903225806,,,,,,,,,,,,
vt_h2_c3,9,CLP,answer_only,signed_sum,raw,eligible_body_tokens,0.1,331,28,34,0.08459214501510574,1.0,0.1027190332326284,0.25,0.20588235294117646,0.25,48765680.0,43,0.0,0.25,,,,,,,,,,,,
vt_h2_c3,10,CLP,answer_only,signed_sum,raw,eligible_body_tokens,0.1,330,27,33,0.08181818181818182,1.0,0.1,0.37037037037037035,0.30303030303030304,0.37037037037037035,21164102.0,43,0.0,0.37037037037037035,,,,,,,,,,,,
vt_h2_c3,11,CLP,answer_only,signed_sum,raw,eligible_body_tokens,0.1,335,32,34,0.0955223880597015,1.0,0.10149253731343283,0.34375,0.3235294117647059,0.34375,32687270.0,34,0.21875,0.34375,,,,,,,,,,,,
vt_h2_c3,12,CLP,answer_only,signed_sum,raw,eligible_body_tokens,0.1,335,29,34,0.08656716417910448,1.0,0.10149253731343283,0.20689655172413793,0.17647058823529413,0.20689655172413793,40891084.0,43,0.0,0.20689655172413793,,,,,,,,,,,,
vt_h2_c3,13,CLP,answer_only,signed_sum,raw,eligible_body_tokens,0.1,332,28,34,0.08433734939759036,1.0,0.10240963855421686,0.35714285714285715,0.29411764705882354,0.35714285714285715,27986586.0,31,0.2857142857142857,0.35714285714285715,,,,,,,,,,,,
vt_h2_c3,14,CLP,answer_only,signed_sum,raw,eligible_body_tokens,0.1,338,30,34,0.08875739644970414,1.0,0.10059171597633136,0.3333333333333333,0.29411764705882354,0.3333333333333333,43432388.0,43,0.03333333333333333,0.3333333333333333,,,,,,,,,,,,
vt_h2_c3,15,CLP,answer_only,signed_sum,raw,eligible_body_tokens,0.1,338,30,34,0.08875739644970414,1.0,0.10059171597633136,0.5,0.4411764705882353,0.5,65543044.0,45,0.26666666666666666,0.6333333333333333,,,,,,,,,,,,
vt_h2_c3,16,CLP,answer_only,signed_sum,raw,eligible_body_tokens,0.1,339,29,34,0.0855457227138643,1.0,0.10029498525073746,0.3448275862068966,0.29411764705882354,0.3448275862068966,38790928.0,43,0.034482758620689655,0.3448275862068966,,,,,,,,,,,,
vt_h2_c3,17,CLP,answer_only,signed_sum,raw,eligible_body_tokens,0.1,332,29,34,0.08734939759036145,1.0,0.10240963855421686,0.0,0.0,0.0,46084984.0,44,0.0,0.3103448275862069,,,,,,,,,,,,
vt_h2_c3,18,CLP,answer_only,signed_sum,raw,eligible_body_tokens,0.1,336,28,34,0.08333333333333333,1.0,0.10119047619047619,0.17857142857142858,0.14705882352941177,0.17857142857142858,36927196.0,43,0.0,0.32142857142857145,,,,,,,,,,,,
vt_h2_c3,19,CLP,answer_only,signed_sum,raw,eligible_body_tokens,0.1,336,29,34,0.08630952380952381,1.0,0.10119047619047619,0.3103448275862069,0.2647058823529412,0.3103448275862069,54093284.0,34,0.3103448275862069,0.3103448275862069,,,,,,,,,,,,
vt_h2_c3,20,CLP,answer_only,signed_sum,raw,eligible_body_tokens,0.1,331,28,34,0.08459214501510574,1.0,0.1027190332326284,0.32142857142857145,0.2647058823529412,0.32142857142857145,47305516.0,43,0.07142857142857142,0.39285714285714285,,,,,,,,,,,,
vt_h2_c3,21,CLP,answer_only,signed_sum,raw,eligible_body_tokens,0.1,329,26,33,0.0790273556231003,1.0,0.10030395136778116,0.15384615384615385,0.12121212121212122,0.15384615384615385,25970818.0,42,0.0,0.3076923076923077,,,,,,,,,,,,
vt_h2_c3,22,CLP,answer_only,signed_sum,raw,eligible_body_tokens,0.1,329,30,33,0.0911854103343465,1.0,0.10030395136778116,0.36666666666666664,0.3333333333333333,0.36666666666666664,30208634.0,33,0.23333333333333334,0.36666666666666664,,,,,,,,,,,,
vt_h2_c3,23,CLP,answer_only,signed_sum,raw,eligible_body_tokens,0.1,331,30,34,0.09063444108761329,1.0,0.1027190332326284,0.3333333333333333,0.29411764705882354,0.3333333333333333,29663654.0,31,0.3,0.3333333333333333,,,,,,,,,,,,
vt_h2_c3,24,CLP,answer_only,signed_sum,raw,eligible_body_tokens,0.1,333,30,34,0.09009009009009009,1.0,0.1021021021021021,0.36666666666666664,0.3235294117647059,0.36666666666666664,37086812.0,5,0.36666666666666664,0.36666666666666664,,,,,,,,,,,,
vt_h2_c3,25,CLP,answer_only,signed_sum,raw,eligible_body_tokens,0.1,335,27,34,0.08059701492537313,1.0,0.10149253731343283,0.3333333333333333,0.2647058823529412,0.3333333333333333,43289312.0,42,0.037037037037037035,0.3333333333333333,,,,,,,,,,,,
vt_h2_c3,26,CLP,answer_only,signed_sum,raw,eligible_body_tokens,0.1,334,30,34,0.08982035928143713,1.0,0.10179640718562874,0.3,0.2647058823529412,0.3,37339540.0,42,0.06666666666666667,0.3333333333333333,,,,,,,,,,,,
vt_h2_c3,27,CLP,answer_only,signed_sum,raw,eligible_body_tokens,0.1,339,29,34,0.0855457227138643,1.0,0.10029498525073746,0.5172413793103449,0.4411764705882353,0.5172413793103449,63067120.0,43,0.3448275862068966,0.6551724137931034,,,,,,,,,,,,
vt_h2_c3,28,CLP,answer_only,signed_sum,raw,eligible_body_tokens,0.1,329,26,33,0.0790273556231003,1.0,0.10030395136778116,0.38461538461538464,0.30303030303030304,0.38461538461538464,26246880.0,44,0.38461538461538464,0.5384615384615384,,,,,,,,,,,,
vt_h2_c3,29,CLP,answer_only,signed_sum,raw,eligible_body_tokens,0.1,330,27,33,0.08181818181818182,1.0,0.1,0.37037037037037035,0.30303030303030304,0.37037037037037035,35610900.0,42,0.037037037037037035,0.37037037037037035,,,,,,,,,,,,
vt_h2_c3,30,CLP,answer_only,signed_sum,raw,eligible_body_tokens,0.1,332,28,34,0.08433734939759036,1.0,0.10240963855421686,0.03571428571428571,0.029411764705882353,0.03571428571428571,37213548.0,43,0.0,0.35714285714285715,,,,,,,,,,,,
vt_h2_c3,31,CLP,answer_only,signed_sum,raw,eligible_body_tokens,0.1,339,30,34,0.08849557522123894,1.0,0.10029498525073746,0.3333333333333333,0.29411764705882354,0.3333333333333333,40752840.0,37,0.23333333333333334,0.3333333333333333,,,,,,,,,,,,
vt_h2_c3,32,CLP,answer_only,signed_sum,raw,eligible_body_tokens,0.1,337,30,34,0.08902077151335312,1.0,0.10089020771513353,0.36666666666666664,0.3235294117647059,0.36666666666666664,44298284.0,43,0.06666666666666667,0.36666666666666664,,,,,,,,,,,,
vt_h2_c3,33,CLP,answer_only,signed_sum,raw,eligible_body_tokens,0.1,332,29,34,0.08734939759036145,1.0,0.10240963855421686,0.3448275862068966,0.29411764705882354,0.3448275862068966,36133840.0,5,0.3448275862068966,0.3448275862068966,,,,,,,,,,,,
vt_h2_c3,34,CLP,answer_only,signed_sum,raw,eligible_body_tokens,0.1,330,26,33,0.07878787878787878,1.0,0.1,0.34615384615384615,0.2727272727272727,0.34615384615384615,29774004.0,44,0.0,0.34615384615384615,,,,,,,,,,,,
vt_h2_c3,35,CLP,answer_only,signed_sum,raw,eligible_body_tokens,0.1,334,30,34,0.08982035928143713,1.0,0.10179640718562874,0.36666666666666664,0.3235294117647059,0.36666666666666664,44455064.0,44,0.06666666666666667,0.5333333333333333,,,,,,,,,,,,
vt_h2_c3,36,CLP,answer_only,signed_sum,raw,eligible_body_tokens,0.1,333,28,34,0.08408408408408409,1.0,0.1021021021021021,0.17857142857142858,0.14705882352941177,0.17857142857142858,37876408.0,43,0.03571428571428571,0.35714285714285715,,,,,,,,,,,,
vt_h2_c3,37,CLP,answer_only,signed_sum,raw,eligible_body_tokens,0.1,338,31,34,0.09171597633136094,1.0,0.10059171597633136,0.3225806451612903,0.29411764705882354,0.3225806451612903,37690732.0,43,0.0,0.3225806451612903,,,,,,,,,,,,
vt_h2_c3,38,CLP,answer_only,signed_sum,raw,eligible_body_tokens,0.1,331,28,34,0.08459214501510574,1.0,0.1027190332326284,0.35714285714285715,0.29411764705882354,0.35714285714285715,39981340.0,43,0.03571428571428571,0.35714285714285715,,,,,,,,,,,,
vt_h2_c3,39,CLP,answer_only,signed_sum,raw,eligible_body_tokens,0.1,332,28,34,0.08433734939759036,1.0,0.10240963855421686,0.0,0.0,0.0,43754612.0,43,0.0,0.32142857142857145,,,,,,,,,,,,
vt_h2_c3,40,CLP,answer_only,signed_sum,raw,eligible_body_tokens,0.1,337,29,34,0.08605341246290801,1.0,0.10089020771513353,0.3448275862068966,0.29411764705882354,0.3448275862068966,42536556.0,42,0.06896551724137931,0.3448275862068966,,,,,,,,,,,,
vt_h2_c3,41,CLP,answer_only,signed_sum,raw,eligible_body_tokens,0.1,332,32,34,0.0963855421686747,1.0,0.10240963855421686,0.34375,0.3235294117647059,0.34375,55425700.0,42,0.09375,0.34375,,,,,,,,,,,,
vt_h2_c3,42,CLP,answer_only,signed_sum,raw,eligible_body_tokens,0.1,330,28,33,0.08484848484848485,1.0,0.1,0.5,0.42424242424242425,0.5,45212356.0,43,0.14285714285714285,0.5,,,,,,,,,,,,
vt_h2_c3,43,CLP,answer_only,signed_sum,raw,eligible_body_tokens,0.1,338,30,34,0.08875739644970414,1.0,0.10059171597633136,0.36666666666666664,0.3235294117647059,0.36666666666666664,42368100.0,43,0.06666666666666667,0.36666666666666664,,,,,,,,,,,,
vt_h2_c3,44,CLP,answer_only,signed_sum,raw,eligible_body_tokens,0.1,336,31,34,0.09226190476190477,1.0,0.10119047619047619,0.3548387096774194,0.3235294117647059,0.3548387096774194,48054180.0,43,0.0,0.3548387096774194,,,,,,,,,,,,
vt_h2_c3,45,CLP,answer_only,signed_sum,raw,eligible_body_tokens,0.1,333,30,34,0.09009009009009009,1.0,0.1021021021021021,0.3333333333333333,0.29411764705882354,0.3333333333333333,45183336.0,44,0.0,0.3333333333333333,,,,,,,,,,,,
vt_h2_c3,46,CLP,answer_only,signed_sum,raw,eligible_body_tokens,0.1,331,28,34,0.08459214501510574,1.0,0.1027190332326284,0.0,0.0,0.0,30416126.0,43,0.0,0.21428571428571427,,,,,,,,,,,,
vt_h2_c3,47,CLP,answer_only,signed_sum,raw,eligible_body_tokens,0.1,329,26,33,0.0790273556231003,1.0,0.10030395136778116,0.34615384615384615,0.2727272727272727,0.34615384615384615,22530224.0,33,0.34615384615384615,0.34615384615384615,,,,,,,,,,,,
vt_h2_c3,48,CLP,answer_only,signed_sum,raw,eligible_body_tokens,0.1,331,28,34,0.08459214501510574,1.0,0.1027190332326284,0.35714285714285715,0.29411764705882354,0.35714285714285715,34786256.0,33,0.25,0.35714285714285715,,,,,,,,,,,,
vt_h2_c3,49,CLP,answer_only,signed_sum,raw,eligible_body_tokens,0.1,329,28,33,0.0851063829787234,1.0,0.10030395136778116,0.35714285714285715,0.30303030303030304,0.35714285714285715,28887244.0,42,0.0,0.35714285714285715,,,,,,,,,,,,
vt_h2_c3,50,CLP,answer_only,signed_sum,raw,eligible_body_tokens,0.1,331,27,34,0.08157099697885196,1.0,0.1027190332326284,0.37037037037037035,0.29411764705882354,0.37037037037037035,32213436.0,41,0.0,0.37037037037037035,,,,,,,,,,,,
vt_h2_c3,51,CLP,answer_only,signed_sum,raw,eligible_body_tokens,0.1,330,27,33,0.08181818181818182,1.0,0.1,0.37037037037037035,0.30303030303030304,0.37037037037037035,29516514.0,42,0.037037037037037035,0.37037037037037035,,,,,,,,,,,,
vt_h2_c3,52,CLP,answer_only,signed_sum,raw,eligible_body_tokens,0.1,332,29,34,0.08734939759036145,1.0,0.10240963855421686,0.2413793103448276,0.20588235294117646,0.2413793103448276,47477196.0,42,0.06896551724137931,0.3448275862068966,,,,,,,,,,,,
vt_h2_c3,53,CLP,answer_only,signed_sum,raw,eligible_body_tokens,0.1,333,30,34,0.09009009009009009,1.0,0.1021021021021021,0.36666666666666664,0.3235294117647059,0.36666666666666664,43861524.0,42,0.2,0.4666666666666667,,,,,,,,,,,,
vt_h2_c3,54,CLP,answer_only,signed_sum,raw,eligible_body_tokens,0.1,333,30,34,0.09009009009009009,1.0,0.1021021021021021,0.0,0.0,0.0,40195352.0,41,0.0,0.23333333333333334,,,,,,,,,,,,
vt_h2_c3,55,CLP,answer_only,signed_sum,raw,eligible_body_tokens,0.1,330,28,33,0.08484848484848485,1.0,0.1,0.0,0.0,0.0,41040940.0,42,0.0,0.35714285714285715,,,,,,,,,,,,
vt_h2_c3,56,CLP,answer_only,signed_sum,raw,eligible_body_tokens,0.1,330,28,33,0.08484848484848485,1.0,0.1,0.35714285714285715,0.30303030303030304,0.35714285714285715,23501828.0,30,0.2857142857142857,0.35714285714285715,,,,,,,,,,,,
vt_h2_c3,57,CLP,answer_only,signed_sum,raw,eligible_body_tokens,0.1,335,30,34,0.08955223880597014,1.0,0.10149253731343283,0.3333333333333333,0.29411764705882354,0.3333333333333333,38880808.0,42,0.06666666666666667,0.3333333333333333,,,,,,,,,,,,
vt_h2_c3,58,CLP,answer_only,signed_sum,raw,eligible_body_tokens,0.1,333,28,34,0.08408408408408409,1.0,0.1021021021021021,0.03571428571428571,0.029411764705882353,0.03571428571428571,43082268.0,43,0.03571428571428571,0.35714285714285715,,,,,,,,,,,,
vt_h2_c3,59,CLP,answer_only,signed_sum,raw,eligible_body_tokens,0.1,330,27,33,0.08181818181818182,1.0,0.1,0.5185185185185185,0.42424242424242425,0.5185185185185185,51907852.0,43,0.14814814814814814,0.5185185185185185,,,,,,,,,,,,
vt_h2_c3,60,CLP,answer_only,signed_sum,raw,eligible_body_tokens,0.1,333,29,34,0.08708708708708708,1.0,0.1021021021021021,0.3448275862068966,0.29411764705882354,0.3448275862068966,41273872.0,42,0.06896551724137931,0.3448275862068966,,,,,,,,,,,,
vt_h2_c3,61,CLP,answer_only,signed_sum,raw,eligible_body_tokens,0.1,330,26,33,0.07878787878787878,1.0,0.1,0.3076923076923077,0.24242424242424243,0.3076923076923077,37768852.0,44,0.0,0.3076923076923077,,,,,,,,,,,,
vt_h2_c3,62,CLP,answer_only,signed_sum,raw,eligible_body_tokens,0.1,336,29,34,0.08630952380952381,1.0,0.10119047619047619,0.3448275862068966,0.29411764705882354,0.3448275862068966,45386320.0,34,0.3448275862068966,0.3448275862068966,,,,,,,,,,,,
vt_h2_c3,63,CLP,answer_only,signed_sum,raw,eligible_body_tokens,0.1,333,28,34,0.08408408408408409,1.0,0.1021021021021021,0.14285714285714285,0.11764705882352941,0.14285714285714285,41942848.0,42,0.0,0.35714285714285715,,,,,,,,,,,,
vt_h2_c3,64,CLP,answer_only,signed_sum,raw,eligible_body_tokens,0.1,334,26,34,0.07784431137724551,1.0,0.10179640718562874,0.038461538461538464,0.029411764705882353,0.038461538461538464,34790812.0,41,0.0,0.34615384615384615,,,,,,,,,,,,
vt_h2_c3,65,CLP,answer_only,signed_sum,raw,eligible_body_tokens,0.1,335,28,34,0.08358208955223881,1.0,0.10149253731343283,0.35714285714285715,0.29411764705882354,0.35714285714285715,30542230.0,6,0.35714285714285715,0.35714285714285715,,,,,,,,,,,,
vt_h2_c3,66,CLP,answer_only,signed_sum,raw,eligible_body_tokens,0.1,334,31,34,0.09281437125748503,1.0,0.10179640718562874,0.3225806451612903,0.29411764705882354,0.3225806451612903,38239360.0,34,0.1935483870967742,0.3225806451612903,,,,,,,,,,,,
vt_h2_c3,67,CLP,answer_only,signed_sum,raw,eligible_body_tokens,0.1,330,30,33,0.09090909090909091,1.0,0.1,0.36666666666666664,0.3333333333333333,0.36666666666666664,49057504.0,34,0.2,0.36666666666666664,,,,,,,,,,,,
vt_h2_c3,68,CLP,answer_only,signed_sum,raw,eligible_body_tokens,0.1,333,30,34,0.09009009009009009,1.0,0.1021021021021021,0.23333333333333334,0.20588235294117646,0.23333333333333334,51153556.0,43,0.03333333333333333,0.3333333333333333,,,,,,,,,,,,
vt_h2_c3,69,CLP,answer_only,signed_sum,raw,eligible_body_tokens,0.1,329,26,33,0.0790273556231003,1.0,0.10030395136778116,0.34615384615384615,0.2727272727272727,0.34615384615384615,38475828.0,42,0.0,0.34615384615384615,,,,,,,,,,,,
vt_h2_c3,70,CLP,answer_only,signed_sum,raw,eligible_body_tokens,0.1,332,30,34,0.09036144578313253,1.0,0.10240963855421686,0.3333333333333333,0.29411764705882354,0.3333333333333333,37803244.0,42,0.06666666666666667,0.3333333333333333,,,,,,,,,,,,
vt_h2_c3,71,CLP,answer_only,signed_sum,raw,eligible_body_tokens,0.1,331,28,34,0.08459214501510574,1.0,0.1027190332326284,0.0,0.0,0.0,47719800.0,42,0.0,0.25,,,,,,,,,,,,
vt_h2_c3,72,CLP,answer_only,signed_sum,raw,eligible_body_tokens,0.1,337,29,34,0.08605341246290801,1.0,0.10089020771513353,0.20689655172413793,0.17647058823529413,0.20689655172413793,46912760.0,44,0.06896551724137931,0.41379310344827586,,,,,,,,,,,,
vt_h2_c3,73,CLP,answer_only,signed_sum,raw,eligible_body_tokens,0.1,333,30,34,0.09009009009009009,1.0,0.1021021021021021,0.36666666666666664,0.3235294117647059,0.36666666666666664,32545766.0,33,0.23333333333333334,0.36666666666666664,,,,,,,,,,,,
vt_h2_c3,74,CLP,answer_only,signed_sum,raw,eligible_body_tokens,0.1,331,28,34,0.08459214501510574,1.0,0.1027190332326284,0.35714285714285715,0.29411764705882354,0.35714285714285715,43499304.0,44,0.0,0.35714285714285715,,,,,,,,,,,,
vt_h2_c3,75,CLP,answer_only,signed_sum,raw,eligible_body_tokens,0.1,331,28,34,0.08459214501510574,1.0,0.1027190332326284,0.0,0.0,0.0,34612840.0,43,0.0,0.25,,,,,,,,,,,,
vt_h2_c3,76,CLP,answer_only,signed_sum,raw,eligible_body_tokens,0.1,333,28,34,0.08408408408408409,1.0,0.1021021021021021,0.32142857142857145,0.2647058823529412,0.32142857142857145,34378400.0,43,0.0,0.32142857142857145,,,,,,,,,,,,
vt_h2_c3,77,CLP,answer_only,signed_sum,raw,eligible_body_tokens,0.1,336,30,34,0.08928571428571429,1.0,0.10119047619047619,0.3333333333333333,0.29411764705882354,0.3333333333333333,34503216.0,35,0.13333333333333333,0.3333333333333333,,,,,,,,,,,,
vt_h2_c3,78,CLP,answer_only,signed_sum,raw,eligible_body_tokens,0.1,333,28,34,0.08408408408408409,1.0,0.1021021021021021,0.14285714285714285,0.11764705882352941,0.14285714285714285,44786760.0,43,0.0,0.14285714285714285,,,,,,,,,,,,
vt_h2_c3,79,CLP,answer_only,signed_sum,raw,eligible_body_tokens,0.1,338,28,34,0.08284023668639054,1.0,0.10059171597633136,0.35714285714285715,0.29411764705882354,0.35714285714285715,43336460.0,45,0.0,0.35714285714285715,,,,,,,,,,,,
vt_h2_c3,80,CLP,answer_only,signed_sum,raw,eligible_body_tokens,0.1,334,28,34,0.08383233532934131,1.0,0.10179640718562874,0.2857142857142857,0.23529411764705882,0.2857142857142857,46171816.0,43,0.0,0.2857142857142857,,,,,,,,,,,,
vt_h2_c3,81,CLP,answer_only,signed_sum,raw,eligible_body_tokens,0.1,333,28,34,0.08408408408408409,1.0,0.1021021021021021,0.0,0.0,0.0,33541584.0,42,0.0,0.17857142857142858,,,,,,,,,,,,
vt_h2_c3,82,CLP,answer_only,signed_sum,raw,eligible_body_tokens,0.1,337,28,34,0.0830860534124629,1.0,0.10089020771513353,0.35714285714285715,0.29411764705882354,0.35714285714285715,43921768.0,34,0.35714285714285715,0.35714285714285715,,,,,,,,,,,,
vt_h2_c3,83,CLP,answer_only,signed_sum,raw,eligible_body_tokens,0.1,333,29,34,0.08708708708708708,1.0,0.1021021021021021,0.3448275862068966,0.29411764705882354,0.3448275862068966,39429712.0,43,0.034482758620689655,0.3448275862068966,,,,,,,,,,,,
vt_h2_c3,84,CLP,answer_only,signed_sum,raw,eligible_body_tokens,0.1,330,26,33,0.07878787878787878,1.0,0.1,0.38461538461538464,0.30303030303030304,0.38461538461538464,48380292.0,43,0.0,0.38461538461538464,,,,,,,,,,,,
vt_h2_c3,85,CLP,answer_only,signed_sum,raw,eligible_body_tokens,0.1,338,30,34,0.08875739644970414,1.0,0.10059171597633136,0.36666666666666664,0.3235294117647059,0.36666666666666664,52860400.0,38,0.23333333333333334,0.36666666666666664,,,,,,,,,,,,
vt_h2_c3,86,CLP,answer_only,signed_sum,raw,eligible_body_tokens,0.1,333,31,34,0.09309309309309309,1.0,0.1021021021021021,0.22580645161290322,0.20588235294117646,0.22580645161290322,40372136.0,42,0.0,0.3225806451612903,,,,,,,,,,,,
vt_h2_c3,87,CLP,answer_only,signed_sum,raw,eligible_body_tokens,0.1,339,30,34,0.08849557522123894,1.0,0.10029498525073746,0.13333333333333333,0.11764705882352941,0.13333333333333333,38249824.0,37,0.13333333333333333,0.23333333333333334,,,,,,,,,,,,
vt_h2_c3,88,CLP,answer_only,signed_sum,raw,eligible_body_tokens,0.1,334,29,34,0.08682634730538923,1.0,0.10179640718562874,0.3448275862068966,0.29411764705882354,0.3448275862068966,47141032.0,42,0.06896551724137931,0.3448275862068966,,,,,,,,,,,,
vt_h2_c3,89,CLP,answer_only,signed_sum,raw,eligible_body_tokens,0.1,333,28,34,0.08408408408408409,1.0,0.1021021021021021,0.21428571428571427,0.17647058823529413,0.21428571428571427,30826828.0,43,0.0,0.32142857142857145,,,,,,,,,,,,
vt_h2_c3,90,CLP,answer_only,signed_sum,raw,eligible_body_tokens,0.1,333,30,34,0.09009009009009009,1.0,0.1021021021021021,0.36666666666666664,0.3235294117647059,0.36666666666666664,34343112.0,42,0.1,0.36666666666666664,,,,,,,,,,,,
vt_h2_c3,91,CLP,answer_only,signed_sum,raw,eligible_body_tokens,0.1,332,28,34,0.08433734939759036,1.0,0.10240963855421686,0.35714285714285715,0.29411764705882354,0.35714285714285715,35112388.0,43,0.35714285714285715,0.4642857142857143,,,,,,,,,,,,
vt_h2_c3,92,CLP,answer_only,signed_sum,raw,eligible_body_tokens,0.1,331,28,34,0.08459214501510574,1.0,0.1027190332326284,0.35714285714285715,0.29411764705882354,0.35714285714285715,51358068.0,42,0.07142857142857142,0.35714285714285715,,,,,,,,,,,,
vt_h2_c3,93,CLP,answer_only,signed_sum,raw,eligible_body_tokens,0.1,332,29,34,0.08734939759036145,1.0,0.10240963855421686,0.3448275862068966,0.29411764705882354,0.3448275862068966,57451284.0,42,0.06896551724137931,0.3448275862068966,,,,,,,,,,,,
vt_h2_c3,94,CLP,answer_only,signed_sum,raw,eligible_body_tokens,0.1,334,30,34,0.08982035928143713,1.0,0.10179640718562874,0.36666666666666664,0.3235294117647059,0.36666666666666664,54388964.0,44,0.23333333333333334,0.5666666666666667,,,,,,,,,,,,
vt_h2_c3,95,CLP,answer_only,signed_sum,raw,eligible_body_tokens,0.1,342,31,35,0.09064327485380116,1.0,0.1023391812865497,0.3225806451612903,0.2857142857142857,0.3225806451612903,47772592.0,42,0.0,0.3225806451612903,,,,,,,,,,,,
vt_h2_c3,96,CLP,answer_only,signed_sum,raw,eligible_body_tokens,0.1,333,30,34,0.09009009009009009,1.0,0.1021021021021021,0.3333333333333333,0.29411764705882354,0.3333333333333333,36056188.0,5,0.3333333333333333,0.3333333333333333,,,,,,,,,,,,
vt_h2_c3,97,CLP,answer_only,signed_sum,raw,eligible_body_tokens,0.1,333,27,34,0.08108108108108109,1.0,0.1021021021021021,0.3333333333333333,0.2647058823529412,0.3333333333333333,33818344.0,44,0.0,0.37037037037037035,,,,,,,,,,,,
vt_h2_c3,98,CLP,answer_only,signed_sum,raw,eligible_body_tokens,0.1,335,29,34,0.08656716417910448,1.0,0.10149253731343283,0.3448275862068966,0.29411764705882354,0.3448275862068966,28386484.0,43,0.1724137931034483,0.4827586206896552,,,,,,,,,,,,
vt_h2_c3,99,CLP,answer_only,signed_sum,raw,eligible_body_tokens,0.1,332,28,34,0.08433734939759036,1.0,0.10240963855421686,0.35714285714285715,0.29411764705882354,0.35714285714285715,42352160.0,43,0.0,0.35714285714285715,,,,,,,,,,,,
vt_h2_c3,0,IFR,answer_only,signed_sum,raw,eligible_body_tokens,0.1,329,26,33,0.0790273556231003,1.0,0.10030395136778116,0.7692307692307693,0.6060606060606061,0.7692307692307693,0.16137339174747467,1,0.7692307692307693,0.7692307692307693,,,,,,,,,,,,
vt_h2_c3,1,IFR,answer_only,signed_sum,raw,eligible_body_tokens,0.1,330,27,33,0.08181818181818182,1.0,0.1,0.8518518518518519,0.696969696969697,0.8518518518518519,0.18066616356372833,1,0.8518518518518519,0.8518518518518519,,,,,,,,,,,,
vt_h2_c3,2,IFR,answer_only,signed_sum,raw,eligible_body_tokens,0.1,332,29,34,0.08734939759036145,1.0,0.10240963855421686,0.7931034482758621,0.6764705882352942,0.7931034482758621,0.1794586032629013,1,0.7931034482758621,0.7931034482758621,,,,,,,,,,,,
vt_h2_c3,3,IFR,answer_only,signed_sum,raw,eligible_body_tokens,0.1,337,27,34,0.08011869436201781,1.0,0.10089020771513353,0.8888888888888888,0.7058823529411765,0.8888888888888888,0.17270101606845856,1,0.8888888888888888,0.8888888888888888,,,,,,,,,,,,
vt_h2_c3,4,IFR,answer_only,signed_sum,raw,eligible_body_tokens,0.1,334,30,34,0.08982035928143713,1.0,0.10179640718562874,0.8,0.7058823529411765,0.8,0.21277737617492676,1,0.8,0.8,,,,,,,,,,,,
vt_h2_c3,5,IFR,answer_only,signed_sum,raw,eligible_body_tokens,0.1,336,30,34,0.08928571428571429,1.0,0.10119047619047619,0.7666666666666667,0.6764705882352942,0.7666666666666667,0.19135549664497375,1,0.7666666666666667,0.7666666666666667,,,,,,,,,,,,
vt_h2_c3,6,IFR,answer_only,signed_sum,raw,eligible_body_tokens,0.1,334,29,34,0.08682634730538923,1.0,0.10179640718562874,0.8275862068965517,0.7058823529411765,0.8275862068965517,0.20893611013889313,1,0.8275862068965517,0.8275862068965517,,,,,,,,,,,,
vt_h2_c3,7,IFR,answer_only,signed_sum,raw,eligible_body_tokens,0.1,327,28,33,0.0856269113149847,1.0,0.10091743119266056,0.8214285714285714,0.696969696969697,0.8214285714285714,0.19677495956420898,1,0.8214285714285714,0.8214285714285714,,,,,,,,,,,,
vt_h2_c3,8,IFR,answer_only,signed_sum,raw,eligible_body_tokens,0.1,333,31,34,0.09309309309309309,1.0,0.1021021021021021,0.7741935483870968,0.7058823529411765,0.7741935483870968,0.19597429037094116,1,0.7741935483870968,0.7741935483870968,,,,,,,,,,,,
vt_h2_c3,9,IFR,answer_only,signed_sum,raw,eligible_body_tokens,0.1,331,28,34,0.08459214501510574,1.0,0.1027190332326284,0.7857142857142857,0.6470588235294118,0.7857142857142857,0.19600628316402435,1,0.7857142857142857,0.7857142857142857,,,,,,,,,,,,
vt_h2_c3,10,IFR,answer_only,signed_sum,raw,eligible_body_tokens,0.1,330,27,33,0.08181818181818182,1.0,0.1,0.8148148148148148,0.6666666666666666,0.8148148148148148,0.18298403918743134,1,0.8148148148148148,0.8148148148148148,,,,,,,,,,,,
vt_h2_c3,11,IFR,answer_only,signed_sum,raw,eligible_body_tokens,0.1,335,32,34,0.0955223880597015,1.0,0.10149253731343283,0.8125,0.7647058823529411,0.8125,0.20922879874706268,1,0.8125,0.8125,,,,,,,,,,,,
vt_h2_c3,12,IFR,answer_only,signed_sum,raw,eligible_body_tokens,0.1,335,29,34,0.08656716417910448,1.0,0.10149253731343283,0.7931034482758621,0.6764705882352942,0.7931034482758621,0.1901540458202362,1,0.7931034482758621,0.7931034482758621,,,,,,,,,,,,
vt_h2_c3,13,IFR,answer_only,signed_sum,raw,eligible_body_tokens,0.1,332,28,34,0.08433734939759036,1.0,0.10240963855421686,0.7857142857142857,0.6470588235294118,0.7857142857142857,0.19456857442855835,1,0.7857142857142857,0.7857142857142857,,,,,,,,,,,,
vt_h2_c3,14,IFR,answer_only,signed_sum,raw,eligible_body_tokens,0.1,338,30,34,0.08875739644970414,1.0,0.10059171597633136,0.8333333333333334,0.7352941176470589,0.8333333333333334,0.19162559509277344,1,0.8333333333333334,0.8333333333333334,,,,,,,,,,,,
vt_h2_c3,15,IFR,answer_only,signed_sum,raw,eligible_body_tokens,0.1,338,30,34,0.08875739644970414,1.0,0.10059171597633136,0.8333333333333334,0.7352941176470589,0.8333333333333334,0.20143336057662964,1,0.8333333333333334,0.8333333333333334,,,,,,,,,,,,
vt_h2_c3,16,IFR,answer_only,signed_sum,raw,eligible_body_tokens,0.1,339,29,34,0.0855457227138643,1.0,0.10029498525073746,0.7586206896551724,0.6470588235294118,0.7586206896551724,0.1949727088212967,1,0.7586206896551724,0.7586206896551724,,,,,,,,,,,,
vt_h2_c3,17,IFR,answer_only,signed_sum,raw,eligible_body_tokens,0.1,332,29,34,0.08734939759036145,1.0,0.10240963855421686,0.7931034482758621,0.6764705882352942,0.7931034482758621,0.17887216806411743,1,0.7931034482758621,0.7931034482758621,,,,,,,,,,,,
vt_h2_c3,18,IFR,answer_only,signed_sum,raw,eligible_body_tokens,0.1,336,28,34,0.08333333333333333,1.0,0.10119047619047619,0.8214285714285714,0.6764705882352942,0.8214285714285714,0.16705699265003204,1,0.8214285714285714,0.8214285714285714,,,,,,,,,,,,
vt_h2_c3,19,IFR,answer_only,signed_sum,raw,eligible_body_tokens,0.1,336,29,34,0.08630952380952381,1.0,0.10119047619047619,0.8275862068965517,0.7058823529411765,0.8275862068965517,0.2013184130191803,1,0.8275862068965517,0.8275862068965517,,,,,,,,,,,,
vt_h2_c3,20,IFR,answer_only,signed_sum,raw,eligible_body_tokens,0.1,331,28,34,0.08459214501510574,1.0,0.1027190332326284,0.75,0.6176470588235294,0.75,0.18284501135349274,1,0.75,0.75,,,,,,,,,,,,
vt_h2_c3,21,IFR,answer_only,signed_sum,raw,eligible_body_tokens,0.1,329,26,33,0.0790273556231003,1.0,0.10030395136778116,0.7307692307692307,0.5757575757575758,0.7307692307692307,0.16301968693733215,1,0.7307692307692307,0.7307692307692307,,,,,,,,,,,,
vt_h2_c3,22,IFR,answer_only,signed_sum,raw,eligible_body_tokens,0.1,329,30,33,0.0911854103343465,1.0,0.10030395136778116,0.8666666666666667,0.7878787878787878,0.8666666666666667,0.20654769241809845,1,0.8666666666666667,0.8666666666666667,,,,,,,,,,,,
vt_h2_c3,23,IFR,answer_only,signed_sum,raw,eligible_body_tokens,0.1,331,30,34,0.09063444108761329,1.0,0.1027190332326284,0.8333333333333334,0.7352941176470589,0.8333333333333334,0.21904399991035461,1,0.8333333333333334,0.8333333333333334,,,,,,,,,,,,
vt_h2_c3,24,IFR,answer_only,signed_sum,raw,eligible_body_tokens,0.1,333,30,34,0.09009009009009009,1.0,0.1021021021021021,0.7666666666666667,0.6764705882352942,0.7666666666666667,0.2105187624692917,1,0.7666666666666667,0.7666666666666667,,,,,,,,,,,,
vt_h2_c3,25,IFR,answer_only,signed_sum,raw,eligible_body_tokens,0.1,335,27,34,0.08059701492537313,1.0,0.10149253731343283,0.8148148148148148,0.6470588235294118,0.8148148148148148,0.20766793191432953,1,0.8148148148148148,0.8148148148148148,,,,,,,,,,,,
vt_h2_c3,26,IFR,answer_only,signed_sum,raw,eligible_body_tokens,0.1,334,30,34,0.08982035928143713,1.0,0.10179640718562874,0.7666666666666667,0.6764705882352942,0.7666666666666667,0.17441686987876892,1,0.7666666666666667,0.7666666666666667,,,,,,,,,,,,
vt_h2_c3,27,IFR,answer_only,signed_sum,raw,eligible_body_tokens,0.1,339,29,34,0.0855457227138643,1.0,0.10029498525073746,0.7241379310344828,0.6176470588235294,0.7241379310344828,0.20885170996189117,1,0.7241379310344828,0.7241379310344828,,,,,,,,,,,,
vt_h2_c3,28,IFR,answer_only,signed_sum,raw,eligible_body_tokens,0.1,329,26,33,0.0790273556231003,1.0,0.10030395136778116,0.8076923076923077,0.6363636363636364,0.8076923076923077,0.17869065701961517,1,0.8076923076923077,0.8076923076923077,,,,,,,,,,,,
vt_h2_c3,29,IFR,answer_only,signed_sum,raw,eligible_body_tokens,0.1,330,27,33,0.08181818181818182,1.0,0.1,0.7777777777777778,0.6363636363636364,0.7777777777777778,0.1819414496421814,1,0.7777777777777778,0.7777777777777778,,,,,,,,,,,,
vt_h2_c3,30,IFR,answer_only,signed_sum,raw,eligible_body_tokens,0.1,332,28,34,0.08433734939759036,1.0,0.10240963855421686,0.7857142857142857,0.6470588235294118,0.7857142857142857,0.20812280476093292,1,0.7857142857142857,0.7857142857142857,,,,,,,,,,,,
vt_h2_c3,31,IFR,answer_only,signed_sum,raw,eligible_body_tokens,0.1,339,30,34,0.08849557522123894,1.0,0.10029498525073746,0.8333333333333334,0.7352941176470589,0.8333333333333334,0.18580901622772217,1,0.8333333333333334,0.8333333333333334,,,,,,,,,,,,
vt_h2_c3,32,IFR,answer_only,signed_sum,raw,eligible_body_tokens,0.1,337,30,34,0.08902077151335312,1.0,0.10089020771513353,0.8,0.7058823529411765,0.8,0.21340936422348022,1,0.8,0.8,,,,,,,,,,,,
vt_h2_c3,33,IFR,answer_only,signed_sum,raw,eligible_body_tokens,0.1,332,29,34,0.08734939759036145,1.0,0.10240963855421686,0.8275862068965517,0.7058823529411765,0.8275862068965517,0.19232173264026642,1,0.8275862068965517,0.8275862068965517,,,,,,,,,,,,
vt_h2_c3,34,IFR,answer_only,signed_sum,raw,eligible_body_tokens,0.1,330,26,33,0.07878787878787878,1.0,0.1,0.8846153846153846,0.696969696969697,0.8846153846153846,0.17615313827991486,1,0.8846153846153846,0.8846153846153846,,,,,,,,,,,,
vt_h2_c3,35,IFR,answer_only,signed_sum,raw,eligible_body_tokens,0.1,334,30,34,0.08982035928143713,1.0,0.10179640718562874,0.8,0.7058823529411765,0.8,0.18272648751735687,1,0.8,0.8,,,,,,,,,,,,
vt_h2_c3,36,IFR,answer_only,signed_sum,raw,eligible_body_tokens,0.1,333,28,34,0.08408408408408409,1.0,0.1021021021021021,0.8928571428571429,0.7352941176470589,0.8928571428571429,0.1773650050163269,1,0.8928571428571429,0.8928571428571429,,,,,,,,,,,,
vt_h2_c3,37,IFR,answer_only,signed_sum,raw,eligible_body_tokens,0.1,338,31,34,0.09171597633136094,1.0,0.10059171597633136,0.7741935483870968,0.7058823529411765,0.7741935483870968,0.22812049090862274,1,0.7741935483870968,0.7741935483870968,,,,,,,,,,,,
vt_h2_c3,38,IFR,answer_only,signed_sum,raw,eligible_body_tokens,0.1,331,28,34,0.08459214501510574,1.0,0.1027190332326284,0.7857142857142857,0.6470588235294118,0.7857142857142857,0.19762952625751495,1,0.7857142857142857,0.7857142857142857,,,,,,,,,,,,
vt_h2_c3,39,IFR,answer_only,signed_sum,raw,eligible_body_tokens,0.1,332,28,34,0.08433734939759036,1.0,0.10240963855421686,0.8571428571428571,0.7058823529411765,0.8571428571428571,0.15492355823516846,1,0.8571428571428571,0.8571428571428571,,,,,,,,,,,,
vt_h2_c3,40,IFR,answer_only,signed_sum,raw,eligible_body_tokens,0.1,337,29,34,0.08605341246290801,1.0,0.10089020771513353,0.8275862068965517,0.7058823529411765,0.8275862068965517,0.1832607239484787,1,0.8275862068965517,0.8275862068965517,,,,,,,,,,,,
vt_h2_c3,41,IFR,answer_only,signed_sum,raw,eligible_body_tokens,0.1,332,32,34,0.0963855421686747,1.0,0.10240963855421686,0.78125,0.7352941176470589,0.78125,0.22912055253982544,1,0.78125,0.78125,,,,,,,,,,,,
vt_h2_c3,42,IFR,answer_only,signed_sum,raw,eligible_body_tokens,0.1,330,28,33,0.08484848484848485,1.0,0.1,0.7857142857142857,0.6666666666666666,0.7857142857142857,0.2055593580007553,1,0.7857142857142857,0.7857142857142857,,,,,,,,,,,,
vt_h2_c3,43,IFR,answer_only,signed_sum,raw,eligible_body_tokens,0.1,338,30,34,0.08875739644970414,1.0,0.10059171597633136,0.6666666666666666,0.5882352941176471,0.6666666666666666,0.2216472029685974,1,0.6666666666666666,0.6666666666666666,,,,,,,,,,,,
vt_h2_c3,44,IFR,answer_only,signed_sum,raw,eligible_body_tokens,0.1,336,31,34,0.09226190476190477,1.0,0.10119047619047619,0.8064516129032258,0.7352941176470589,0.8064516129032258,0.19972911477088928,1,0.8064516129032258,0.8064516129032258,,,,,,,,,,,,
vt_h2_c3,45,IFR,answer_only,signed_sum,raw,eligible_body_tokens,0.1,333,30,34,0.09009009009009009,1.0,0.1021021021021021,0.8333333333333334,0.7352941176470589,0.8333333333333334,0.23100706934928894,1,0.8333333333333334,0.8333333333333334,,,,,,,,,,,,
vt_h2_c3,46,IFR,answer_only,signed_sum,raw,eligible_body_tokens,0.1,331,28,34,0.08459214501510574,1.0,0.1027190332326284,0.8214285714285714,0.6764705882352942,0.8214285714285714,0.19166342914104462,1,0.8214285714285714,0.8214285714285714,,,,,,,,,,,,
vt_h2_c3,47,IFR,answer_only,signed_sum,raw,eligible_body_tokens,0.1,329,26,33,0.0790273556231003,1.0,0.10030395136778116,0.7307692307692307,0.5757575757575758,0.7307692307692307,0.1574377417564392,1,0.7307692307692307,0.7307692307692307,,,,,,,,,,,,
vt_h2_c3,48,IFR,answer_only,signed_sum,raw,eligible_body_tokens,0.1,331,28,34,0.08459214501510574,1.0,0.1027190332326284,0.8571428571428571,0.7058823529411765,0.8571428571428571,0.18506668508052826,1,0.8571428571428571,0.8571428571428571,,,,,,,,,,,,
vt_h2_c3,49,IFR,answer_only,signed_sum,raw,eligible_body_tokens,0.1,329,28,33,0.0851063829787234,1.0,0.10030395136778116,0.7857142857142857,0.6666666666666666,0.7857142857142857,0.18362124264240265,1,0.7857142857142857,0.7857142857142857,,,,,,,,,,,,
vt_h2_c3,50,IFR,answer_only,signed_sum,raw,eligible_body_tokens,0.1,331,27,34,0.08157099697885196,1.0,0.1027190332326284,0.8148148148148148,0.6470588235294118,0.8148148148148148,0.14813876152038574,1,0.8148148148148148,0.8148148148148148,,,,,,,,,,,,
vt_h2_c3,51,IFR,answer_only,signed_sum,raw,eligible_body_tokens,0.1,330,27,33,0.08181818181818182,1.0,0.1,0.7777777777777778,0.6363636363636364,0.7777777777777778,0.15129871666431427,1,0.7777777777777778,0.7777777777777778,,,,,,,,,,,,
vt_h2_c3,52,IFR,answer_only,signed_sum,raw,eligible_body_tokens,0.1,332,29,34,0.08734939759036145,1.0,0.10240963855421686,0.8275862068965517,0.7058823529411765,0.8275862068965517,0.20392388105392456,1,0.8275862068965517,0.8275862068965517,,,,,,,,,,,,
vt_h2_c3,53,IFR,answer_only,signed_sum,raw,eligible_body_tokens,0.1,333,30,34,0.09009009009009009,1.0,0.1021021021021021,0.8333333333333334,0.7352941176470589,0.8333333333333334,0.21452637016773224,1,0.8333333333333334,0.8333333333333334,,,,,,,,,,,,
vt_h2_c3,54,IFR,answer_only,signed_sum,raw,eligible_body_tokens,0.1,333,30,34,0.09009009009009009,1.0,0.1021021021021021,0.8,0.7058823529411765,0.8,0.18208427727222443,1,0.8,0.8,,,,,,,,,,,,
vt_h2_c3,55,IFR,answer_only,signed_sum,raw,eligible_body_tokens,0.1,330,28,33,0.08484848484848485,1.0,0.1,0.8214285714285714,0.696969696969697,0.8214285714285714,0.192571222782135,1,0.8214285714285714,0.8214285714285714,,,,,,,,,,,,
vt_h2_c3,56,IFR,answer_only,signed_sum,raw,eligible_body_tokens,0.1,330,28,33,0.08484848484848485,1.0,0.1,0.8214285714285714,0.696969696969697,0.8214285714285714,0.1674690544605255,1,0.8214285714285714,0.8214285714285714,,,,,,,,,,,,
vt_h2_c3,57,IFR,answer_only,signed_sum,raw,eligible_body_tokens,0.1,335,30,34,0.08955223880597014,1.0,0.10149253731343283,0.7666666666666667,0.6764705882352942,0.7666666666666667,0.236267551779747,1,0.7666666666666667,0.7666666666666667,,,,,,,,,,,,
vt_h2_c3,58,IFR,answer_only,signed_sum,raw,eligible_body_tokens,0.1,333,28,34,0.08408408408408409,1.0,0.1021021021021021,0.8571428571428571,0.7058823529411765,0.8571428571428571,0.18606606125831604,1,0.8571428571428571,0.8571428571428571,,,,,,,,,,,,
vt_h2_c3,59,IFR,answer_only,signed_sum,raw,eligible_body_tokens,0.1,330,27,33,0.08181818181818182,1.0,0.1,0.8148148148148148,0.6666666666666666,0.8148148148148148,0.18923625349998474,1,0.8148148148148148,0.8148148148148148,,,,,,,,,,,,
vt_h2_c3,60,IFR,answer_only,signed_sum,raw,eligible_body_tokens,0.1,333,29,34,0.08708708708708708,1.0,0.1021021021021021,0.8620689655172413,0.7352941176470589,0.8620689655172413,0.17662204802036285,1,0.8620689655172413,0.8620689655172413,,,,,,,,,,,,
vt_h2_c3,61,IFR,answer_only,signed_sum,raw,eligible_body_tokens,0.1,330,26,33,0.07878787878787878,1.0,0.1,0.8846153846153846,0.696969696969697,0.8846153846153846,0.15180601179599762,1,0.8846153846153846,0.8846153846153846,,,,,,,,,,,,
vt_h2_c3,62,IFR,answer_only,signed_sum,raw,eligible_body_tokens,0.1,336,29,34,0.08630952380952381,1.0,0.10119047619047619,0.7241379310344828,0.6176470588235294,0.7241379310344828,0.179663747549057,1,0.7241379310344828,0.7241379310344828,,,,,,,,,,,,
vt_h2_c3,63,IFR,answer_only,signed_sum,raw,eligible_body_tokens,0.1,333,28,34,0.08408408408408409,1.0,0.1021021021021021,0.8214285714285714,0.6764705882352942,0.8214285714285714,0.16442570090293884,1,0.8214285714285714,0.8214285714285714,,,,,,,,,,,,
vt_h2_c3,64,IFR,answer_only,signed_sum,raw,eligible_body_tokens,0.1,334,26,34,0.07784431137724551,1.0,0.10179640718562874,0.8461538461538461,0.6470588235294118,0.8461538461538461,0.15650629997253418,1,0.8461538461538461,0.8461538461538461,,,,,,,,,,,,
vt_h2_c3,65,IFR,answer_only,signed_sum,raw,eligible_body_tokens,0.1,335,28,34,0.08358208955223881,1.0,0.10149253731343283,0.8571428571428571,0.7058823529411765,0.8571428571428571,0.1999465674161911,1,0.8571428571428571,0.8571428571428571,,,,,,,,,,,,
vt_h2_c3,66,IFR,answer_only,signed_sum,raw,eligible_body_tokens,0.1,334,31,34,0.09281437125748503,1.0,0.10179640718562874,0.8387096774193549,0.7647058823529411,0.8387096774193549,0.20224162936210632,1,0.8387096774193549,0.8387096774193549,,,,,,,,,,,,
vt_h2_c3,67,IFR,answer_only,signed_sum,raw,eligible_body_tokens,0.1,330,30,33,0.09090909090909091,1.0,0.1,0.7666666666666667,0.696969696969697,0.7666666666666667,0.2081982046365738,1,0.7666666666666667,0.7666666666666667,,,,,,,,,,,,
vt_h2_c3,68,IFR,answer_only,signed_sum,raw,eligible_body_tokens,0.1,333,30,34,0.09009009009009009,1.0,0.1021021021021021,0.8,0.7058823529411765,0.8,0.2077511101961136,1,0.8,0.8,,,,,,,,,,,,
vt_h2_c3,69,IFR,answer_only,signed_sum,raw,eligible_body_tokens,0.1,329,26,33,0.0790273556231003,1.0,0.10030395136778116,0.8461538461538461,0.6666666666666666,0.8461538461538461,0.17640246450901031,1,0.8461538461538461,0.8461538461538461,,,,,,,,,,,,
vt_h2_c3,70,IFR,answer_only,signed_sum,raw,eligible_body_tokens,0.1,332,30,34,0.09036144578313253,1.0,0.10240963855421686,0.8333333333333334,0.7352941176470589,0.8333333333333334,0.1914270669221878,1,0.8333333333333334,0.8333333333333334,,,,,,,,,,,,
vt_h2_c3,71,IFR,answer_only,signed_sum,raw,eligible_body_tokens,0.1,331,28,34,0.08459214501510574,1.0,0.1027190332326284,0.8571428571428571,0.7058823529411765,0.8571428571428571,0.16678200662136078,1,0.8571428571428571,0.8571428571428571,,,,,,,,,,,,
vt_h2_c3,72,IFR,answer_only,signed_sum,raw,eligible_body_tokens,0.1,337,29,34,0.08605341246290801,1.0,0.10089020771513353,0.8275862068965517,0.7058823529411765,0.8275862068965517,0.20673376321792603,1,0.8275862068965517,0.8275862068965517,,,,,,,,,,,,
vt_h2_c3,73,IFR,answer_only,signed_sum,raw,eligible_body_tokens,0.1,333,30,34,0.09009009009009009,1.0,0.1021021021021021,0.8333333333333334,0.7352941176470589,0.8333333333333334,0.20476852357387543,1,0.8333333333333334,0.8333333333333334,,,,,,,,,,,,
vt_h2_c3,74,IFR,answer_only,signed_sum,raw,eligible_body_tokens,0.1,331,28,34,0.08459214501510574,1.0,0.1027190332326284,0.8928571428571429,0.7352941176470589,0.8928571428571429,0.14446982741355896,1,0.8928571428571429,0.8928571428571429,,,,,,,,,,,,
vt_h2_c3,75,IFR,answer_only,signed_sum,raw,eligible_body_tokens,0.1,331,28,34,0.08459214501510574,1.0,0.1027190332326284,0.8214285714285714,0.6764705882352942,0.8214285714285714,0.1821458786725998,1,0.8214285714285714,0.8214285714285714,,,,,,,,,,,,
vt_h2_c3,76,IFR,answer_only,signed_sum,raw,eligible_body_tokens,0.1,333,28,34,0.08408408408408409,1.0,0.1021021021021021,0.75,0.6176470588235294,0.75,0.18839134275913239,1,0.75,0.75,,,,,,,,,,,,
vt_h2_c3,77,IFR,answer_only,signed_sum,raw,eligible_body_tokens,0.1,336,30,34,0.08928571428571429,1.0,0.10119047619047619,0.8,0.7058823529411765,0.8,0.20579729974269867,1,0.8,0.8,,,,,,,,,,,,
vt_h2_c3,78,IFR,answer_only,signed_sum,raw,eligible_body_tokens,0.1,333,28,34,0.08408408408408409,1.0,0.1021021021021021,0.8214285714285714,0.6764705882352942,0.8214285714285714,0.16886623203754425,1,0.8214285714285714,0.8214285714285714,,,,,,,,,,,,
vt_h2_c3,79,IFR,answer_only,signed_sum,raw,eligible_body_tokens,0.1,338,28,34,0.08284023668639054,1.0,0.10059171597633136,0.8214285714285714,0.6764705882352942,0.8214285714285714,0.15930651128292084,1,0.8214285714285714,0.8214285714285714,,,,,,,,,,,,
vt_h2_c3,80,IFR,answer_only,signed_sum,raw,eligible_body_tokens,0.1,334,28,34,0.08383233532934131,1.0,0.10179640718562874,0.75,0.6176470588235294,0.75,0.18084436655044556,1,0.75,0.75,,,,,,,,,,,,
vt_h2_c3,81,IFR,answer_only,signed_sum,raw,eligible_body_tokens,0.1,333,28,34,0.08408408408408409,1.0,0.1021021021021021,0.8214285714285714,0.6764705882352942,0.8214285714285714,0.16412825882434845,1,0.8214285714285714,0.8214285714285714,,,,,,,,,,,,
vt_h2_c3,82,IFR,answer_only,signed_sum,raw,eligible_body_tokens,0.1,337,28,34,0.0830860534124629,1.0,0.10089020771513353,0.8571428571428571,0.7058823529411765,0.8571428571428571,0.16896170377731323,1,0.8571428571428571,0.8571428571428571,,,,,,,,,,,,
vt_h2_c3,83,IFR,answer_only,signed_sum,raw,eligible_body_tokens,0.1,333,29,34,0.08708708708708708,1.0,0.1021021021021021,0.8620689655172413,0.7352941176470589,0.8620689655172413,0.19777707755565643,1,0.8620689655172413,0.8620689655172413,,,,,,,,,,,,
vt_h2_c3,84,IFR,answer_only,signed_sum,raw,eligible_body_tokens,0.1,330,26,33,0.07878787878787878,1.0,0.1,0.7692307692307693,0.6060606060606061,0.7692307692307693,0.1897837519645691,1,0.7692307692307693,0.7692307692307693,,,,,,,,,,,,
vt_h2_c3,85,IFR,answer_only,signed_sum,raw,eligible_body_tokens,0.1,338,30,34,0.08875739644970414,1.0,0.10059171597633136,0.8,0.7058823529411765,0.8,0.19117417931556702,1,0.8,0.8,,,,,,,,,,,,
vt_h2_c3,86,IFR,answer_only,signed_sum,raw,eligible_body_tokens,0.1,333,31,34,0.09309309309309309,1.0,0.1021021021021021,0.7741935483870968,0.7058823529411765,0.7741935483870968,0.2283744513988495,1,0.7741935483870968,0.7741935483870968,,,,,,,,,,,,
vt_h2_c3,87,IFR,answer_only,signed_sum,raw,eligible_body_tokens,0.1,339,30,34,0.08849557522123894,1.0,0.10029498525073746,0.8333333333333334,0.7352941176470589,0.8333333333333334,0.19427801668643951,1,0.8333333333333334,0.8333333333333334,,,,,,,,,,,,
vt_h2_c3,88,IFR,answer_only,signed_sum,raw,eligible_body_tokens,0.1,334,29,34,0.08682634730538923,1.0,0.10179640718562874,0.7931034482758621,0.6764705882352942,0.7931034482758621,0.221334770321846,1,0.7931034482758621,0.7931034482758621,,,,,,,,,,,,
vt_h2_c3,89,IFR,answer_only,signed_sum,raw,eligible_body_tokens,0.1,333,28,34,0.08408408408408409,1.0,0.1021021021021021,0.8214285714285714,0.6764705882352942,0.8214285714285714,0.2028602808713913,1,0.8214285714285714,0.8214285714285714,,,,,,,,,,,,
vt_h2_c3,90,IFR,answer_only,signed_sum,raw,eligible_body_tokens,0.1,333,30,34,0.09009009009009009,1.0,0.1021021021021021,0.8666666666666667,0.7647058823529411,0.8666666666666667,0.2043968290090561,1,0.8666666666666667,0.8666666666666667,,,,,,,,,,,,
vt_h2_c3,91,IFR,answer_only,signed_sum,raw,eligible_body_tokens,0.1,332,28,34,0.08433734939759036,1.0,0.10240963855421686,0.8214285714285714,0.6764705882352942,0.8214285714285714,0.2014743983745575,1,0.8214285714285714,0.8214285714285714,,,,,,,,,,,,
vt_h2_c3,92,IFR,answer_only,signed_sum,raw,eligible_body_tokens,0.1,331,28,34,0.08459214501510574,1.0,0.1027190332326284,0.8214285714285714,0.6764705882352942,0.8214285714285714,0.15456318855285645,1,0.8214285714285714,0.8214285714285714,,,,,,,,,,,,
vt_h2_c3,93,IFR,answer_only,signed_sum,raw,eligible_body_tokens,0.1,332,29,34,0.08734939759036145,1.0,0.10240963855421686,0.8620689655172413,0.7352941176470589,0.8620689655172413,0.21335841715335846,1,0.8620689655172413,0.8620689655172413,,,,,,,,,,,,
vt_h2_c3,94,IFR,answer_only,signed_sum,raw,eligible_body_tokens,0.1,334,30,34,0.08982035928143713,1.0,0.10179640718562874,0.8666666666666667,0.7647058823529411,0.8666666666666667,0.183057963848114,1,0.8666666666666667,0.8666666666666667,,,,,,,,,,,,
vt_h2_c3,95,IFR,answer_only,signed_sum,raw,eligible_body_tokens,0.1,342,31,35,0.09064327485380116,1.0,0.1023391812865497,0.7419354838709677,0.6571428571428571,0.7419354838709677,0.23590029776096344,1,0.7419354838709677,0.7419354838709677,,,,,,,,,,,,
vt_h2_c3,96,IFR,answer_only,signed_sum,raw,eligible_body_tokens,0.1,333,30,34,0.09009009009009009,1.0,0.1021021021021021,0.8666666666666667,0.7647058823529411,0.8666666666666667,0.2007485330104828,1,0.8666666666666667,0.8666666666666667,,,,,,,,,,,,
vt_h2_c3,97,IFR,answer_only,signed_sum,raw,eligible_body_tokens,0.1,333,27,34,0.08108108108108109,1.0,0.1021021021021021,0.7777777777777778,0.6176470588235294,0.7777777777777778,0.16620449721813202,1,0.7777777777777778,0.7777777777777778,,,,,,,,,,,,
vt_h2_c3,98,IFR,answer_only,signed_sum,raw,eligible_body_tokens,0.1,335,29,34,0.08656716417910448,1.0,0.10149253731343283,0.8620689655172413,0.7352941176470589,0.8620689655172413,0.16975528001785278,1,0.8620689655172413,0.8620689655172413,,,,,,,,,,,,
vt_h2_c3,99,IFR,answer_only,signed_sum,raw,eligible_body_tokens,0.1,332,28,34,0.08433734939759036,1.0,0.10240963855421686,0.8214285714285714,0.6764705882352942,0.8214285714285714,0.20105013251304626,1,0.8214285714285714,0.8214285714285714,,,,,,,,,,,,
vt_h2_c3,0,AttnLRP,answer_only,signed_sum,raw,eligible_body_tokens,0.1,329,26,33,0.0790273556231003,1.0,0.10030395136778116,0.8076923076923077,0.6363636363636364,0.8076923076923077,0.5145825147628784,1,0.8076923076923077,0.8076923076923077,,,,,,,,,,,,
vt_h2_c3,1,AttnLRP,answer_only,signed_sum,raw,eligible_body_tokens,0.1,330,27,33,0.08181818181818182,1.0,0.1,0.9259259259259259,0.7575757575757576,0.9259259259259259,0.5678719878196716,1,0.9259259259259259,0.9259259259259259,,,,,,,,,,,,
vt_h2_c3,2,AttnLRP,answer_only,signed_sum,raw,eligible_body_tokens,0.1,332,29,34,0.08734939759036145,1.0,0.10240963855421686,0.7931034482758621,0.6764705882352942,0.7931034482758621,0.43730390071868896,1,0.7931034482758621,0.7931034482758621,,,,,,,,,,,,
vt_h2_c3,3,AttnLRP,answer_only,signed_sum,raw,eligible_body_tokens,0.1,337,27,34,0.08011869436201781,1.0,0.10089020771513353,0.9629629629629629,0.7647058823529411,0.9629629629629629,0.42027467489242554,1,0.9629629629629629,0.9629629629629629,,,,,,,,,,,,
vt_h2_c3,4,AttnLRP,answer_only,signed_sum,raw,eligible_body_tokens,0.1,334,30,34,0.08982035928143713,1.0,0.10179640718562874,0.9,0.7941176470588235,0.9,0.6403638124465942,1,0.9,0.9,,,,,,,,,,,,
vt_h2_c3,5,AttnLRP,answer_only,signed_sum,raw,eligible_body_tokens,0.1,336,30,34,0.08928571428571429,1.0,0.10119047619047619,0.8666666666666667,0.7647058823529411,0.8666666666666667,0.5305860042572021,1,0.8666666666666667,0.8666666666666667,,,,,,,,,,,,
vt_h2_c3,6,AttnLRP,answer_only,signed_sum,raw,eligible_body_tokens,0.1,334,29,34,0.08682634730538923,1.0,0.10179640718562874,0.896551724137931,0.7647058823529411,0.896551724137931,0.5021704435348511,1,0.896551724137931,0.896551724137931,,,,,,,,,,,,
vt_h2_c3,7,AttnLRP,answer_only,signed_sum,raw,eligible_body_tokens,0.1,327,28,33,0.0856269113149847,1.0,0.10091743119266056,0.7857142857142857,0.6666666666666666,0.7857142857142857,0.47826701402664185,1,0.7857142857142857,0.7857142857142857,,,,,,,,,,,,
vt_h2_c3,8,AttnLRP,answer_only,signed_sum,raw,eligible_body_tokens,0.1,333,31,34,0.09309309309309309,1.0,0.1021021021021021,0.8064516129032258,0.7352941176470589,0.8064516129032258,0.6201010942459106,1,0.8064516129032258,0.8064516129032258,,,,,,,,,,,,
vt_h2_c3,9,AttnLRP,answer_only,signed_sum,raw,eligible_body_tokens,0.1,331,28,34,0.08459214501510574,1.0,0.1027190332326284,0.8214285714285714,0.6764705882352942,0.8214285714285714,0.6396232843399048,1,0.8214285714285714,0.8214285714285714,,,,,,,,,,,,
vt_h2_c3,10,AttnLRP,answer_only,signed_sum,raw,eligible_body_tokens,0.1,330,27,33,0.08181818181818182,1.0,0.1,0.8518518518518519,0.696969696969697,0.8518518518518519,0.5794762969017029,1,0.8518518518518519,0.8518518518518519,,,,,,,,,,,,
vt_h2_c3,11,AttnLRP,answer_only,signed_sum,raw,eligible_body_tokens,0.1,335,32,34,0.0955223880597015,1.0,0.10149253731343283,0.75,0.7058823529411765,0.75,0.5198016166687012,1,0.75,0.75,,,,,,,,,,,,
vt_h2_c3,12,AttnLRP,answer_only,signed_sum,raw,eligible_body_tokens,0.1,335,29,34,0.08656716417910448,1.0,0.10149253731343283,0.7241379310344828,0.6176470588235294,0.7241379310344828,0.5496046543121338,1,0.7241379310344828,0.7241379310344828,,,,,,,,,,,,
vt_h2_c3,13,AttnLRP,answer_only,signed_sum,raw,eligible_body_tokens,0.1,332,28,34,0.08433734939759036,1.0,0.10240963855421686,0.8214285714285714,0.6764705882352942,0.8214285714285714,0.34851953387260437,1,0.8214285714285714,0.8214285714285714,,,,,,,,,,,,
vt_h2_c3,14,AttnLRP,answer_only,signed_sum,raw,eligible_body_tokens,0.1,338,30,34,0.08875739644970414,1.0,0.10059171597633136,0.7333333333333333,0.6470588235294118,0.7333333333333333,0.6356843709945679,1,0.7333333333333333,0.7333333333333333,,,,,,,,,,,,
vt_h2_c3,15,AttnLRP,answer_only,signed_sum,raw,eligible_body_tokens,0.1,338,30,34,0.08875739644970414,1.0,0.10059171597633136,0.7666666666666667,0.6764705882352942,0.7666666666666667,0.7041859030723572,1,0.7666666666666667,0.7666666666666667,,,,,,,,,,,,
vt_h2_c3,16,AttnLRP,answer_only,signed_sum,raw,eligible_body_tokens,0.1,339,29,34,0.0855457227138643,1.0,0.10029498525073746,0.7931034482758621,0.6764705882352942,0.7931034482758621,0.5574913024902344,1,0.7931034482758621,0.7931034482758621,,,,,,,,,,,,
vt_h2_c3,17,AttnLRP,answer_only,signed_sum,raw,eligible_body_tokens,0.1,332,29,34,0.08734939759036145,1.0,0.10240963855421686,0.8275862068965517,0.7058823529411765,0.8275862068965517,0.6761124730110168,1,0.8275862068965517,0.8275862068965517,,,,,,,,,,,,
vt_h2_c3,18,AttnLRP,answer_only,signed_sum,raw,eligible_body_tokens,0.1,336,28,34,0.08333333333333333,1.0,0.10119047619047619,0.8928571428571429,0.7352941176470589,0.8928571428571429,0.5020630359649658,1,0.8928571428571429,0.8928571428571429,,,,,,,,,,,,
vt_h2_c3,19,AttnLRP,answer_only,signed_sum,raw,eligible_body_tokens,0.1,336,29,34,0.08630952380952381,1.0,0.10119047619047619,0.896551724137931,0.7647058823529411,0.896551724137931,0.4465107321739197,1,0.896551724137931,0.896551724137931,,,,,,,,,,,,
vt_h2_c3,20,AttnLRP,answer_only,signed_sum,raw,eligible_body_tokens,0.1,331,28,34,0.08459214501510574,1.0,0.1027190332326284,0.9285714285714286,0.7647058823529411,0.9285714285714286,0.5476789474487305,1,0.9285714285714286,0.9285714285714286,,,,,,,,,,,,
vt_h2_c3,21,AttnLRP,answer_only,signed_sum,raw,eligible_body_tokens,0.1,329,26,33,0.0790273556231003,1.0,0.10030395136778116,0.8076923076923077,0.6363636363636364,0.8076923076923077,0.546329915523529,1,0.8076923076923077,0.8076923076923077,,,,,,,,,,,,
vt_h2_c3,22,AttnLRP,answer_only,signed_sum,raw,eligible_body_tokens,0.1,329,30,33,0.0911854103343465,1.0,0.10030395136778116,0.9333333333333333,0.8484848484848485,0.9333333333333333,0.5619350671768188,1,0.9333333333333333,0.9333333333333333,,,,,,,,,,,,
vt_h2_c3,23,AttnLRP,answer_only,signed_sum,raw,eligible_body_tokens,0.1,331,30,34,0.09063444108761329,1.0,0.1027190332326284,0.7333333333333333,0.6470588235294118,0.7333333333333333,0.4188307523727417,1,0.7333333333333333,0.7333333333333333,,,,,,,,,,,,
vt_h2_c3,24,AttnLRP,answer_only,signed_sum,raw,eligible_body_tokens,0.1,333,30,34,0.09009009009009009,1.0,0.1021021021021021,0.7666666666666667,0.6764705882352942,0.7666666666666667,0.5317789316177368,1,0.7666666666666667,0.7666666666666667,,,,,,,,,,,,
vt_h2_c3,25,AttnLRP,answer_only,signed_sum,raw,eligible_body_tokens,0.1,335,27,34,0.08059701492537313,1.0,0.10149253731343283,0.7407407407407407,0.5882352941176471,0.7407407407407407,0.5276923775672913,1,0.7407407407407407,0.7407407407407407,,,,,,,,,,,,
vt_h2_c3,26,AttnLRP,answer_only,signed_sum,raw,eligible_body_tokens,0.1,334,30,34,0.08982035928143713,1.0,0.10179640718562874,0.8333333333333334,0.7352941176470589,0.8333333333333334,0.43845418095588684,1,0.8333333333333334,0.8333333333333334,,,,,,,,,,,,
vt_h2_c3,27,AttnLRP,answer_only,signed_sum,raw,eligible_body_tokens,0.1,339,29,34,0.0855457227138643,1.0,0.10029498525073746,0.8620689655172413,0.7352941176470589,0.8620689655172413,0.5601317286491394,1,0.8620689655172413,0.8620689655172413,,,,,,,,,,,,
vt_h2_c3,28,AttnLRP,answer_only,signed_sum,raw,eligible_body_tokens,0.1,329,26,33,0.0790273556231003,1.0,0.10030395136778116,0.9230769230769231,0.7272727272727273,0.9230769230769231,0.4143959879875183,1,0.9230769230769231,0.9230769230769231,,,,,,,,,,,,
vt_h2_c3,29,AttnLRP,answer_only,signed_sum,raw,eligible_body_tokens,0.1,330,27,33,0.08181818181818182,1.0,0.1,0.8888888888888888,0.7272727272727273,0.8888888888888888,0.5477349162101746,1,0.8888888888888888,0.8888888888888888,,,,,,,,,,,,
vt_h2_c3,30,AttnLRP,answer_only,signed_sum,raw,eligible_body_tokens,0.1,332,28,34,0.08433734939759036,1.0,0.10240963855421686,0.8214285714285714,0.6764705882352942,0.8214285714285714,0.4730195701122284,1,0.8214285714285714,0.8214285714285714,,,,,,,,,,,,
vt_h2_c3,31,AttnLRP,answer_only,signed_sum,raw,eligible_body_tokens,0.1,339,30,34,0.08849557522123894,1.0,0.10029498525073746,0.8666666666666667,0.7647058823529411,0.8666666666666667,0.620387613773346,1,0.8666666666666667,0.8666666666666667,,,,,,,,,,,,
vt_h2_c3,32,AttnLRP,answer_only,signed_sum,raw,eligible_body_tokens,0.1,337,30,34,0.08902077151335312,1.0,0.10089020771513353,0.8,0.7058823529411765,0.8,0.5445789694786072,1,0.8,0.8,,,,,,,,,,,,
vt_h2_c3,33,AttnLRP,answer_only,signed_sum,raw,eligible_body_tokens,0.1,332,29,34,0.08734939759036145,1.0,0.10240963855421686,0.8275862068965517,0.7058823529411765,0.8275862068965517,0.44165608286857605,1,0.8275862068965517,0.8275862068965517,,,,,,,,,,,,
vt_h2_c3,34,AttnLRP,answer_only,signed_sum,raw,eligible_body_tokens,0.1,330,26,33,0.07878787878787878,1.0,0.1,0.9230769230769231,0.7272727272727273,0.9230769230769231,0.3736594319343567,1,0.9230769230769231,0.9230769230769231,,,,,,,,,,,,
vt_h2_c3,35,AttnLRP,answer_only,signed_sum,raw,eligible_body_tokens,0.1,334,30,34,0.08982035928143713,1.0,0.10179640718562874,0.8,0.7058823529411765,0.8,0.5865899920463562,1,0.8,0.8,,,,,,,,,,,,
vt_h2_c3,36,AttnLRP,answer_only,signed_sum,raw,eligible_body_tokens,0.1,333,28,34,0.08408408408408409,1.0,0.1021021021021021,0.75,0.6176470588235294,0.75,0.5590677261352539,1,0.75,0.75,,,,,,,,,,,,
vt_h2_c3,37,AttnLRP,answer_only,signed_sum,raw,eligible_body_tokens,0.1,338,31,34,0.09171597633136094,1.0,0.10059171597633136,0.6451612903225806,0.5882352941176471,0.6451612903225806,0.6374139785766602,1,0.6451612903225806,0.6451612903225806,,,,,,,,,,,,
vt_h2_c3,38,AttnLRP,answer_only,signed_sum,raw,eligible_body_tokens,0.1,331,28,34,0.08459214501510574,1.0,0.1027190332326284,0.8928571428571429,0.7352941176470589,0.8928571428571429,0.4923207461833954,1,0.8928571428571429,0.8928571428571429,,,,,,,,,,,,
vt_h2_c3,39,AttnLRP,answer_only,signed_sum,raw,eligible_body_tokens,0.1,332,28,34,0.08433734939759036,1.0,0.10240963855421686,0.8571428571428571,0.7058823529411765,0.8571428571428571,0.562490701675415,1,0.8571428571428571,0.8571428571428571,,,,,,,,,,,,
vt_h2_c3,40,AttnLRP,answer_only,signed_sum,raw,eligible_body_tokens,0.1,337,29,34,0.08605341246290801,1.0,0.10089020771513353,0.8620689655172413,0.7352941176470589,0.8620689655172413,0.6228707432746887,1,0.8620689655172413,0.8620689655172413,,,,,,,,,,,,
vt_h2_c3,41,AttnLRP,answer_only,signed_sum,raw,eligible_body_tokens,0.1,332,32,34,0.0963855421686747,1.0,0.10240963855421686,0.71875,0.6764705882352942,0.71875,0.6322405338287354,1,0.71875,0.71875,,,,,,,,,,,,
vt_h2_c3,42,AttnLRP,answer_only,signed_sum,raw,eligible_body_tokens,0.1,330,28,33,0.08484848484848485,1.0,0.1,0.9642857142857143,0.8181818181818182,0.9642857142857143,0.3454812169075012,1,0.9642857142857143,0.9642857142857143,,,,,,,,,,,,
vt_h2_c3,43,AttnLRP,answer_only,signed_sum,raw,eligible_body_tokens,0.1,338,30,34,0.08875739644970414,1.0,0.10059171597633136,0.7666666666666667,0.6764705882352942,0.7666666666666667,0.44706255197525024,1,0.7666666666666667,0.7666666666666667,,,,,,,,,,,,
vt_h2_c3,44,AttnLRP,answer_only,signed_sum,raw,eligible_body_tokens,0.1,336,31,34,0.09226190476190477,1.0,0.10119047619047619,0.7419354838709677,0.6764705882352942,0.7419354838709677,0.6665775775909424,1,0.7419354838709677,0.7419354838709677,,,,,,,,,,,,
vt_h2_c3,45,AttnLRP,answer_only,signed_sum,raw,eligible_body_tokens,0.1,333,30,34,0.09009009009009009,1.0,0.1021021021021021,0.8333333333333334,0.7352941176470589,0.8333333333333334,0.5782512426376343,1,0.8333333333333334,0.8333333333333334,,,,,,,,,,,,
vt_h2_c3,46,AttnLRP,answer_only,signed_sum,raw,eligible_body_tokens,0.1,331,28,34,0.08459214501510574,1.0,0.1027190332326284,0.9642857142857143,0.7941176470588235,0.9642857142857143,0.5422073602676392,1,0.9642857142857143,0.9642857142857143,,,,,,,,,,,,
vt_h2_c3,47,AttnLRP,answer_only,signed_sum,raw,eligible_body_tokens,0.1,329,26,33,0.0790273556231003,1.0,0.10030395136778116,0.7692307692307693,0.6060606060606061,0.7692307692307693,0.5993677377700806,1,0.7692307692307693,0.7692307692307693,,,,,,,,,,,,
vt_h2_c3,48,AttnLRP,answer_only,signed_sum,raw,eligible_body_tokens,0.1,331,28,34,0.08459214501510574,1.0,0.1027190332326284,0.8928571428571429,0.7352941176470589,0.8928571428571429,0.4678937494754791,1,0.8928571428571429,0.8928571428571429,,,,,,,,,,,,
vt_h2_c3,49,AttnLRP,answer_only,signed_sum,raw,eligible_body_tokens,0.1,329,28,33,0.0851063829787234,1.0,0.10030395136778116,0.8214285714285714,0.696969696969697,0.8214285714285714,0.5267006158828735,1,0.8214285714285714,0.8214285714285714,,,,,,,,,,,,
vt_h2_c3,50,AttnLRP,answer_only,signed_sum,raw,eligible_body_tokens,0.1,331,27,34,0.08157099697885196,1.0,0.1027190332326284,0.7407407407407407,0.5882352941176471,0.7407407407407407,0.5319329500198364,1,0.7407407407407407,0.7407407407407407,,,,,,,,,,,,
vt_h2_c3,51,AttnLRP,answer_only,signed_sum,raw,eligible_body_tokens,0.1,330,27,33,0.08181818181818182,1.0,0.1,0.8518518518518519,0.696969696969697,0.8518518518518519,0.5175527334213257,1,0.8518518518518519,0.8518518518518519,,,,,,,,,,,,
vt_h2_c3,52,AttnLRP,answer_only,signed_sum,raw,eligible_body_tokens,0.1,332,29,34,0.08734939759036145,1.0,0.10240963855421686,0.8275862068965517,0.7058823529411765,0.8275862068965517,0.5643592476844788,1,0.8275862068965517,0.8275862068965517,,,,,,,,,,,,
vt_h2_c3,53,AttnLRP,answer_only,signed_sum,raw,eligible_body_tokens,0.1,333,30,34,0.09009009009009009,1.0,0.1021021021021021,0.7666666666666667,0.6764705882352942,0.7666666666666667,0.5904005169868469,1,0.7666666666666667,0.7666666666666667,,,,,,,,,,,,
vt_h2_c3,54,AttnLRP,answer_only,signed_sum,raw,eligible_body_tokens,0.1,333,30,34,0.09009009009009009,1.0,0.1021021021021021,0.7666666666666667,0.6764705882352942,0.7666666666666667,0.5336288213729858,1,0.7666666666666667,0.7666666666666667,,,,,,,,,,,,
vt_h2_c3,55,AttnLRP,answer_only,signed_sum,raw,eligible_body_tokens,0.1,330,28,33,0.08484848484848485,1.0,0.1,0.8571428571428571,0.7272727272727273,0.8571428571428571,0.5609517693519592,1,0.8571428571428571,0.8571428571428571,,,,,,,,,,,,
vt_h2_c3,56,AttnLRP,answer_only,signed_sum,raw,eligible_body_tokens,0.1,330,28,33,0.08484848484848485,1.0,0.1,0.8571428571428571,0.7272727272727273,0.8571428571428571,0.5724940299987793,1,0.8571428571428571,0.8571428571428571,,,,,,,,,,,,
vt_h2_c3,57,AttnLRP,answer_only,signed_sum,raw,eligible_body_tokens,0.1,335,30,34,0.08955223880597014,1.0,0.10149253731343283,0.7666666666666667,0.6764705882352942,0.7666666666666667,0.5274498462677002,1,0.7666666666666667,0.7666666666666667,,,,,,,,,,,,
vt_h2_c3,58,AttnLRP,answer_only,signed_sum,raw,eligible_body_tokens,0.1,333,28,34,0.08408408408408409,1.0,0.1021021021021021,0.8214285714285714,0.6764705882352942,0.8214285714285714,0.5527743697166443,1,0.8214285714285714,0.8214285714285714,,,,,,,,,,,,
vt_h2_c3,59,AttnLRP,answer_only,signed_sum,raw,eligible_body_tokens,0.1,330,27,33,0.08181818181818182,1.0,0.1,0.8518518518518519,0.696969696969697,0.8518518518518519,0.512432336807251,1,0.8518518518518519,0.8518518518518519,,,,,,,,,,,,
vt_h2_c3,60,AttnLRP,answer_only,signed_sum,raw,eligible_body_tokens,0.1,333,29,34,0.08708708708708708,1.0,0.1021021021021021,0.8620689655172413,0.7352941176470589,0.8620689655172413,0.6027700304985046,1,0.8620689655172413,0.8620689655172413,,,,,,,,,,,,
vt_h2_c3,61,AttnLRP,answer_only,signed_sum,raw,eligible_body_tokens,0.1,330,26,33,0.07878787878787878,1.0,0.1,0.9230769230769231,0.7272727272727273,0.9230769230769231,0.372619092464447,1,0.9230769230769231,0.9230769230769231,,,,,,,,,,,,
vt_h2_c3,62,AttnLRP,answer_only,signed_sum,raw,eligible_body_tokens,0.1,336,29,34,0.08630952380952381,1.0,0.10119047619047619,0.8620689655172413,0.7352941176470589,0.8620689655172413,0.495372474193573,1,0.8620689655172413,0.8620689655172413,,,,,,,,,,,,
vt_h2_c3,63,AttnLRP,answer_only,signed_sum,raw,eligible_body_tokens,0.1,333,28,34,0.08408408408408409,1.0,0.1021021021021021,0.8571428571428571,0.7058823529411765,0.8571428571428571,0.5658435821533203,1,0.8571428571428571,0.8571428571428571,,,,,,,,,,,,
vt_h2_c3,64,AttnLRP,answer_only,signed_sum,raw,eligible_body_tokens,0.1,334,26,34,0.07784431137724551,1.0,0.10179640718562874,0.9615384615384616,0.7352941176470589,0.9615384615384616,0.4074837863445282,1,0.9615384615384616,0.9615384615384616,,,,,,,,,,,,
vt_h2_c3,65,AttnLRP,answer_only,signed_sum,raw,eligible_body_tokens,0.1,335,28,34,0.08358208955223881,1.0,0.10149253731343283,0.7857142857142857,0.6470588235294118,0.7857142857142857,0.40221285820007324,1,0.7857142857142857,0.7857142857142857,,,,,,,,,,,,
vt_h2_c3,66,AttnLRP,answer_only,signed_sum,raw,eligible_body_tokens,0.1,334,31,34,0.09281437125748503,1.0,0.10179640718562874,0.8064516129032258,0.7352941176470589,0.8064516129032258,0.5073269605636597,1,0.8064516129032258,0.8064516129032258,,,,,,,,,,,,
vt_h2_c3,67,AttnLRP,answer_only,signed_sum,raw,eligible_body_tokens,0.1,330,30,33,0.09090909090909091,1.0,0.1,0.8333333333333334,0.7575757575757576,0.8333333333333334,0.454348087310791,1,0.8333333333333334,0.8333333333333334,,,,,,,,,,,,
vt_h2_c3,68,AttnLRP,answer_only,signed_sum,raw,eligible_body_tokens,0.1,333,30,34,0.09009009009009009,1.0,0.1021021021021021,0.7666666666666667,0.6764705882352942,0.7666666666666667,0.6999122500419617,1,0.7666666666666667,0.7666666666666667,,,,,,,,,,,,
vt_h2_c3,69,AttnLRP,answer_only,signed_sum,raw,eligible_body_tokens,0.1,329,26,33,0.0790273556231003,1.0,0.10030395136778116,0.8076923076923077,0.6363636363636364,0.8076923076923077,0.58927983045578,1,0.8076923076923077,0.8076923076923077,,,,,,,,,,,,
vt_h2_c3,70,AttnLRP,answer_only,signed_sum,raw,eligible_body_tokens,0.1,332,30,34,0.09036144578313253,1.0,0.10240963855421686,0.8,0.7058823529411765,0.8,0.5293614864349365,1,0.8,0.8,,,,,,,,,,,,
vt_h2_c3,71,AttnLRP,answer_only,signed_sum,raw,eligible_body_tokens,0.1,331,28,34,0.08459214501510574,1.0,0.1027190332326284,0.8214285714285714,0.6764705882352942,0.8214285714285714,0.6183209419250488,1,0.8214285714285714,0.8214285714285714,,,,,,,,,,,,
vt_h2_c3,72,AttnLRP,answer_only,signed_sum,raw,eligible_body_tokens,0.1,337,29,34,0.08605341246290801,1.0,0.10089020771513353,0.8620689655172413,0.7352941176470589,0.8620689655172413,0.6726125478744507,1,0.8620689655172413,0.8620689655172413,,,,,,,,,,,,
vt_h2_c3,73,AttnLRP,answer_only,signed_sum,raw,eligible_body_tokens,0.1,333,30,34,0.09009009009009009,1.0,0.1021021021021021,0.8333333333333334,0.7352941176470589,0.8333333333333334,0.4268229901790619,1,0.8333333333333334,0.8333333333333334,,,,,,,,,,,,
vt_h2_c3,74,AttnLRP,answer_only,signed_sum,raw,eligible_body_tokens,0.1,331,28,34,0.08459214501510574,1.0,0.1027190332326284,0.8214285714285714,0.6764705882352942,0.8214285714285714,0.6041157245635986,1,0.8214285714285714,0.8214285714285714,,,,,,,,,,,,
vt_h2_c3,75,AttnLRP,answer_only,signed_sum,raw,eligible_body_tokens,0.1,331,28,34,0.08459214501510574,1.0,0.1027190332326284,0.8571428571428571,0.7058823529411765,0.8571428571428571,0.5494515895843506,1,0.8571428571428571,0.8571428571428571,,,,,,,,,,,,
vt_h2_c3,76,AttnLRP,answer_only,signed_sum,raw,eligible_body_tokens,0.1,333,28,34,0.08408408408408409,1.0,0.1021021021021021,0.8571428571428571,0.7058823529411765,0.8571428571428571,0.5660811066627502,1,0.8571428571428571,0.8571428571428571,,,,,,,,,,,,
vt_h2_c3,77,AttnLRP,answer_only,signed_sum,raw,eligible_body_tokens,0.1,336,30,34,0.08928571428571429,1.0,0.10119047619047619,0.8,0.7058823529411765,0.8,0.5595262050628662,1,0.8,0.8,,,,,,,,,,,,
vt_h2_c3,78,AttnLRP,answer_only,signed_sum,raw,eligible_body_tokens,0.1,333,28,34,0.08408408408408409,1.0,0.1021021021021021,0.8214285714285714,0.6764705882352942,0.8214285714285714,0.5989338159561157,1,0.8214285714285714,0.8214285714285714,,,,,,,,,,,,
vt_h2_c3,79,AttnLRP,answer_only,signed_sum,raw,eligible_body_tokens,0.1,338,28,34,0.08284023668639054,1.0,0.10059171597633136,0.8214285714285714,0.6764705882352942,0.8214285714285714,0.44474509358406067,1,0.8214285714285714,0.8214285714285714,,,,,,,,,,,,
vt_h2_c3,80,AttnLRP,answer_only,signed_sum,raw,eligible_body_tokens,0.1,334,28,34,0.08383233532934131,1.0,0.10179640718562874,0.8928571428571429,0.7352941176470589,0.8928571428571429,0.5858778953552246,1,0.8928571428571429,0.8928571428571429,,,,,,,,,,,,
vt_h2_c3,81,AttnLRP,answer_only,signed_sum,raw,eligible_body_tokens,0.1,333,28,34,0.08408408408408409,1.0,0.1021021021021021,0.8214285714285714,0.6764705882352942,0.8214285714285714,0.3934932351112366,1,0.8214285714285714,0.8214285714285714,,,,,,,,,,,,
vt_h2_c3,82,AttnLRP,answer_only,signed_sum,raw,eligible_body_tokens,0.1,337,28,34,0.0830860534124629,1.0,0.10089020771513353,0.8928571428571429,0.7352941176470589,0.8928571428571429,0.5301371812820435,1,0.8928571428571429,0.8928571428571429,,,,,,,,,,,,
vt_h2_c3,83,AttnLRP,answer_only,signed_sum,raw,eligible_body_tokens,0.1,333,29,34,0.08708708708708708,1.0,0.1021021021021021,0.896551724137931,0.7647058823529411,0.896551724137931,0.3881954550743103,1,0.896551724137931,0.896551724137931,,,,,,,,,,,,
vt_h2_c3,84,AttnLRP,answer_only,signed_sum,raw,eligible_body_tokens,0.1,330,26,33,0.07878787878787878,1.0,0.1,0.8846153846153846,0.696969696969697,0.8846153846153846,0.5405548214912415,1,0.8846153846153846,0.8846153846153846,,,,,,,,,,,,
vt_h2_c3,85,AttnLRP,answer_only,signed_sum,raw,eligible_body_tokens,0.1,338,30,34,0.08875739644970414,1.0,0.10059171597633136,0.8,0.7058823529411765,0.8,0.5402761697769165,1,0.8,0.8,,,,,,,,,,,,
vt_h2_c3,86,AttnLRP,answer_only,signed_sum,raw,eligible_body_tokens,0.1,333,31,34,0.09309309309309309,1.0,0.1021021021021021,0.7741935483870968,0.7058823529411765,0.7741935483870968,0.6425260901451111,1,0.7741935483870968,0.7741935483870968,,,,,,,,,,,,
vt_h2_c3,87,AttnLRP,answer_only,signed_sum,raw,eligible_body_tokens,0.1,339,30,34,0.08849557522123894,1.0,0.10029498525073746,0.7333333333333333,0.6470588235294118,0.7333333333333333,0.5207740068435669,1,0.7333333333333333,0.7333333333333333,,,,,,,,,,,,
vt_h2_c3,88,AttnLRP,answer_only,signed_sum,raw,eligible_body_tokens,0.1,334,29,34,0.08682634730538923,1.0,0.10179640718562874,0.7931034482758621,0.6764705882352942,0.7931034482758621,0.45363184809684753,1,0.7931034482758621,0.7931034482758621,,,,,,,,,,,,
vt_h2_c3,89,AttnLRP,answer_only,signed_sum,raw,eligible_body_tokens,0.1,333,28,34,0.08408408408408409,1.0,0.1021021021021021,0.9642857142857143,0.7941176470588235,0.9642857142857143,0.41037601232528687,1,0.9642857142857143,0.9642857142857143,,,,,,,,,,,,
vt_h2_c3,90,AttnLRP,answer_only,signed_sum,raw,eligible_body_tokens,0.1,333,30,34,0.09009009009009009,1.0,0.1021021021021021,0.9333333333333333,0.8235294117647058,0.9333333333333333,0.546749472618103,1,0.9333333333333333,0.9333333333333333,,,,,,,,,,,,
vt_h2_c3,91,AttnLRP,answer_only,signed_sum,raw,eligible_body_tokens,0.1,332,28,34,0.08433734939759036,1.0,0.10240963855421686,0.8571428571428571,0.7058823529411765,0.8571428571428571,0.427819162607193,1,0.8571428571428571,0.8571428571428571,,,,,,,,,,,,
vt_h2_c3,92,AttnLRP,answer_only,signed_sum,raw,eligible_body_tokens,0.1,331,28,34,0.08459214501510574,1.0,0.1027190332326284,0.8928571428571429,0.7352941176470589,0.8928571428571429,0.48790401220321655,1,0.8928571428571429,0.8928571428571429,,,,,,,,,,,,
vt_h2_c3,93,AttnLRP,answer_only,signed_sum,raw,eligible_body_tokens,0.1,332,29,34,0.08734939759036145,1.0,0.10240963855421686,0.896551724137931,0.7647058823529411,0.896551724137931,0.48219650983810425,1,0.896551724137931,0.896551724137931,,,,,,,,,,,,
vt_h2_c3,94,AttnLRP,answer_only,signed_sum,raw,eligible_body_tokens,0.1,334,30,34,0.08982035928143713,1.0,0.10179640718562874,0.9333333333333333,0.8235294117647058,0.9333333333333333,0.7282111048698425,1,0.9333333333333333,0.9333333333333333,,,,,,,,,,,,
vt_h2_c3,95,AttnLRP,answer_only,signed_sum,raw,eligible_body_tokens,0.1,342,31,35,0.09064327485380116,1.0,0.1023391812865497,0.7096774193548387,0.6285714285714286,0.7096774193548387,0.6941110491752625,1,0.7096774193548387,0.7096774193548387,,,,,,,,,,,,
vt_h2_c3,96,AttnLRP,answer_only,signed_sum,raw,eligible_body_tokens,0.1,333,30,34,0.09009009009009009,1.0,0.1021021021021021,0.8,0.7058823529411765,0.8,0.5208790898323059,1,0.8,0.8,,,,,,,,,,,,
vt_h2_c3,97,AttnLRP,answer_only,signed_sum,raw,eligible_body_tokens,0.1,333,27,34,0.08108108108108109,1.0,0.1021021021021021,0.8148148148148148,0.6470588235294118,0.8148148148148148,0.5718274712562561,1,0.8148148148148148,0.8148148148148148,,,,,,,,,,,,
vt_h2_c3,98,AttnLRP,answer_only,signed_sum,raw,eligible_body_tokens,0.1,335,29,34,0.08656716417910448,1.0,0.10149253731343283,0.8275862068965517,0.7058823529411765,0.8275862068965517,0.39779937267303467,1,0.8275862068965517,0.8275862068965517,,,,,,,,,,,,
vt_h2_c3,99,AttnLRP,answer_only,signed_sum,raw,eligible_body_tokens,0.1,332,28,34,0.08433734939759036,1.0,0.10240963855421686,0.8214285714285714,0.6764705882352942,0.8214285714285714,0.6788187026977539,1,0.8214285714285714,0.8214285714285714,,,,,,,,,,,,
vt_h2_c3,0,FT_K1,answer_only,signed_sum,raw,eligible_body_tokens,0.1,329,26,33,0.0790273556231003,1.0,0.10030395136778116,0.6538461538461539,0.5151515151515151,0.6538461538461539,0.05045344680547714,1,0.6538461538461539,0.6538461538461539,,,,,,,,,,,,
vt_h2_c3,1,FT_K1,answer_only,signed_sum,raw,eligible_body_tokens,0.1,330,27,33,0.08181818181818182,1.0,0.1,0.7407407407407407,0.6060606060606061,0.7407407407407407,0.05876191705465317,1,0.7407407407407407,0.7407407407407407,,,,,,,,,,,,
vt_h2_c3,2,FT_K1,answer_only,signed_sum,raw,eligible_body_tokens,0.1,332,29,34,0.08734939759036145,1.0,0.10240963855421686,0.7586206896551724,0.6470588235294118,0.7586206896551724,0.0616234615445137,1,0.7586206896551724,0.7586206896551724,,,,,,,,,,,,
vt_h2_c3,3,FT_K1,answer_only,signed_sum,raw,eligible_body_tokens,0.1,337,27,34,0.08011869436201781,1.0,0.10089020771513353,0.8888888888888888,0.7058823529411765,0.8888888888888888,0.057370688766241074,1,0.8888888888888888,0.8888888888888888,,,,,,,,,,,,
vt_h2_c3,4,FT_K1,answer_only,signed_sum,raw,eligible_body_tokens,0.1,334,30,34,0.08982035928143713,1.0,0.10179640718562874,0.7333333333333333,0.6470588235294118,0.7333333333333333,0.07057936489582062,1,0.7333333333333333,0.7333333333333333,,,,,,,,,,,,
vt_h2_c3,5,FT_K1,answer_only,signed_sum,raw,eligible_body_tokens,0.1,336,30,34,0.08928571428571429,1.0,0.10119047619047619,0.7333333333333333,0.6470588235294118,0.7333333333333333,0.06862612068653107,1,0.7333333333333333,0.7333333333333333,,,,,,,,,,,,
vt_h2_c3,6,FT_K1,answer_only,signed_sum,raw,eligible_body_tokens,0.1,334,29,34,0.08682634730538923,1.0,0.10179640718562874,0.7586206896551724,0.6470588235294118,0.7586206896551724,0.07247789949178696,1,0.7586206896551724,0.7586206896551724,,,,,,,,,,,,
vt_h2_c3,7,FT_K1,answer_only,signed_sum,raw,eligible_body_tokens,0.1,327,28,33,0.0856269113149847,1.0,0.10091743119266056,0.75,0.6363636363636364,0.75,0.0662866160273552,1,0.75,0.75,,,,,,,,,,,,
vt_h2_c3,8,FT_K1,answer_only,signed_sum,raw,eligible_body_tokens,0.1,333,31,34,0.09309309309309309,1.0,0.1021021021021021,0.7741935483870968,0.7058823529411765,0.7741935483870968,0.06956154108047485,1,0.7741935483870968,0.7741935483870968,,,,,,,,,,,,
vt_h2_c3,9,FT_K1,answer_only,signed_sum,raw,eligible_body_tokens,0.1,331,28,34,0.08459214501510574,1.0,0.1027190332326284,0.6428571428571429,0.5294117647058824,0.6428571428571429,0.06622421741485596,1,0.6428571428571429,0.6428571428571429,,,,,,,,,,,,
vt_h2_c3,10,FT_K1,answer_only,signed_sum,raw,eligible_body_tokens,0.1,330,27,33,0.08181818181818182,1.0,0.1,0.7777777777777778,0.6363636363636364,0.7777777777777778,0.056622304022312164,1,0.7777777777777778,0.7777777777777778,,,,,,,,,,,,
vt_h2_c3,11,FT_K1,answer_only,signed_sum,raw,eligible_body_tokens,0.1,335,32,34,0.0955223880597015,1.0,0.10149253731343283,0.75,0.7058823529411765,0.75,0.07592476904392242,1,0.75,0.75,,,,,,,,,,,,
vt_h2_c3,12,FT_K1,answer_only,signed_sum,raw,eligible_body_tokens,0.1,335,29,34,0.08656716417910448,1.0,0.10149253731343283,0.6896551724137931,0.5882352941176471,0.6896551724137931,0.06137935444712639,1,0.6896551724137931,0.6896551724137931,,,,,,,,,,,,
vt_h2_c3,13,FT_K1,answer_only,signed_sum,raw,eligible_body_tokens,0.1,332,28,34,0.08433734939759036,1.0,0.10240963855421686,0.7142857142857143,0.5882352941176471,0.7142857142857143,0.06076312065124512,1,0.7142857142857143,0.7142857142857143,,,,,,,,,,,,
vt_h2_c3,14,FT_K1,answer_only,signed_sum,raw,eligible_body_tokens,0.1,338,30,34,0.08875739644970414,1.0,0.10059171597633136,0.6666666666666666,0.5882352941176471,0.6666666666666666,0.05972067266702652,1,0.6666666666666666,0.6666666666666666,,,,,,,,,,,,
vt_h2_c3,15,FT_K1,answer_only,signed_sum,raw,eligible_body_tokens,0.1,338,30,34,0.08875739644970414,1.0,0.10059171597633136,0.7,0.6176470588235294,0.7,0.06411541998386383,1,0.7,0.7,,,,,,,,,,,,
vt_h2_c3,16,FT_K1,answer_only,signed_sum,raw,eligible_body_tokens,0.1,339,29,34,0.0855457227138643,1.0,0.10029498525073746,0.6551724137931034,0.5588235294117647,0.6551724137931034,0.06634983420372009,1,0.6551724137931034,0.6551724137931034,,,,,,,,,,,,
vt_h2_c3,17,FT_K1,answer_only,signed_sum,raw,eligible_body_tokens,0.1,332,29,34,0.08734939759036145,1.0,0.10240963855421686,0.7586206896551724,0.6470588235294118,0.7586206896551724,0.06105216592550278,1,0.7586206896551724,0.7586206896551724,,,,,,,,,,,,
vt_h2_c3,18,FT_K1,answer_only,signed_sum,raw,eligible_body_tokens,0.1,336,28,34,0.08333333333333333,1.0,0.10119047619047619,0.7142857142857143,0.5882352941176471,0.7142857142857143,0.0592493899166584,1,0.7142857142857143,0.7142857142857143,,,,,,,,,,,,
vt_h2_c3,19,FT_K1,answer_only,signed_sum,raw,eligible_body_tokens,0.1,336,29,34,0.08630952380952381,1.0,0.10119047619047619,0.7586206896551724,0.6470588235294118,0.7586206896551724,0.06975288689136505,1,0.7586206896551724,0.7586206896551724,,,,,,,,,,,,
vt_h2_c3,20,FT_K1,answer_only,signed_sum,raw,eligible_body_tokens,0.1,331,28,34,0.08459214501510574,1.0,0.1027190332326284,0.7142857142857143,0.5882352941176471,0.7142857142857143,0.06329504400491714,1,0.7142857142857143,0.7142857142857143,,,,,,,,,,,,
vt_h2_c3,21,FT_K1,answer_only,signed_sum,raw,eligible_body_tokens,0.1,329,26,33,0.0790273556231003,1.0,0.10030395136778116,0.6538461538461539,0.5151515151515151,0.6538461538461539,0.052007392048835754,1,0.6538461538461539,0.6538461538461539,,,,,,,,,,,,
vt_h2_c3,22,FT_K1,answer_only,signed_sum,raw,eligible_body_tokens,0.1,329,30,33,0.0911854103343465,1.0,0.10030395136778116,0.7666666666666667,0.696969696969697,0.7666666666666667,0.07109621912240982,1,0.7666666666666667,0.7666666666666667,,,,,,,,,,,,
vt_h2_c3,23,FT_K1,answer_only,signed_sum,raw,eligible_body_tokens,0.1,331,30,34,0.09063444108761329,1.0,0.1027190332326284,0.8,0.7058823529411765,0.8,0.07295092940330505,1,0.8,0.8,,,,,,,,,,,,
vt_h2_c3,24,FT_K1,answer_only,signed_sum,raw,eligible_body_tokens,0.1,333,30,34,0.09009009009009009,1.0,0.1021021021021021,0.7333333333333333,0.6470588235294118,0.7333333333333333,0.07192724198102951,1,0.7333333333333333,0.7333333333333333,,,,,,,,,,,,
vt_h2_c3,25,FT_K1,answer_only,signed_sum,raw,eligible_body_tokens,0.1,335,27,34,0.08059701492537313,1.0,0.10149253731343283,0.6296296296296297,0.5,0.6296296296296297,0.057239972054958344,1,0.6296296296296297,0.6296296296296297,,,,,,,,,,,,
vt_h2_c3,26,FT_K1,answer_only,signed_sum,raw,eligible_body_tokens,0.1,334,30,34,0.08982035928143713,1.0,0.10179640718562874,0.7,0.6176470588235294,0.7,0.06380105763673782,1,0.7,0.7,,,,,,,,,,,,
vt_h2_c3,27,FT_K1,answer_only,signed_sum,raw,eligible_body_tokens,0.1,339,29,34,0.0855457227138643,1.0,0.10029498525073746,0.6551724137931034,0.5588235294117647,0.6551724137931034,0.07081829011440277,1,0.6551724137931034,0.6551724137931034,,,,,,,,,,,,
vt_h2_c3,28,FT_K1,answer_only,signed_sum,raw,eligible_body_tokens,0.1,329,26,33,0.0790273556231003,1.0,0.10030395136778116,0.7692307692307693,0.6060606060606061,0.7692307692307693,0.062235791236162186,1,0.7692307692307693,0.7692307692307693,,,,,,,,,,,,
vt_h2_c3,29,FT_K1,answer_only,signed_sum,raw,eligible_body_tokens,0.1,330,27,33,0.08181818181818182,1.0,0.1,0.7407407407407407,0.6060606060606061,0.7407407407407407,0.05965447425842285,1,0.7407407407407407,0.7407407407407407,,,,,,,,,,,,
vt_h2_c3,30,FT_K1,answer_only,signed_sum,raw,eligible_body_tokens,0.1,332,28,34,0.08433734939759036,1.0,0.10240963855421686,0.7142857142857143,0.5882352941176471,0.7142857142857143,0.0693512111902237,1,0.7142857142857143,0.7142857142857143,,,,,,,,,,,,
vt_h2_c3,31,FT_K1,answer_only,signed_sum,raw,eligible_body_tokens,0.1,339,30,34,0.08849557522123894,1.0,0.10029498525073746,0.7333333333333333,0.6470588235294118,0.7333333333333333,0.06230497360229492,1,0.7333333333333333,0.7333333333333333,,,,,,,,,,,,
vt_h2_c3,32,FT_K1,answer_only,signed_sum,raw,eligible_body_tokens,0.1,337,30,34,0.08902077151335312,1.0,0.10089020771513353,0.7333333333333333,0.6470588235294118,0.7333333333333333,0.06680668890476227,1,0.7333333333333333,0.7333333333333333,,,,,,,,,,,,
vt_h2_c3,33,FT_K1,answer_only,signed_sum,raw,eligible_body_tokens,0.1,332,29,34,0.08734939759036145,1.0,0.10240963855421686,0.7241379310344828,0.6176470588235294,0.7241379310344828,0.06278494000434875,1,0.7241379310344828,0.7241379310344828,,,,,,,,,,,,
vt_h2_c3,34,FT_K1,answer_only,signed_sum,raw,eligible_body_tokens,0.1,330,26,33,0.07878787878787878,1.0,0.1,0.8076923076923077,0.6363636363636364,0.8076923076923077,0.06245149299502373,1,0.8076923076923077,0.8076923076923077,,,,,,,,,,,,
vt_h2_c3,35,FT_K1,answer_only,signed_sum,raw,eligible_body_tokens,0.1,334,30,34,0.08982035928143713,1.0,0.10179640718562874,0.7,0.6176470588235294,0.7,0.06260865181684494,1,0.7,0.7,,,,,,,,,,,,
vt_h2_c3,36,FT_K1,answer_only,signed_sum,raw,eligible_body_tokens,0.1,333,28,34,0.08408408408408409,1.0,0.1021021021021021,0.75,0.6176470588235294,0.75,0.0606432668864727,1,0.75,0.75,,,,,,,,,,,,
vt_h2_c3,37,FT_K1,answer_only,signed_sum,raw,eligible_body_tokens,0.1,338,31,34,0.09171597633136094,1.0,0.10059171597633136,0.5806451612903226,0.5294117647058824,0.5806451612903226,0.07333499193191528,1,0.5806451612903226,0.5806451612903226,,,,,,,,,,,,
vt_h2_c3,38,FT_K1,answer_only,signed_sum,raw,eligible_body_tokens,0.1,331,28,34,0.08459214501510574,1.0,0.1027190332326284,0.6785714285714286,0.5588235294117647,0.6785714285714286,0.0639483779668808,1,0.6785714285714286,0.6785714285714286,,,,,,,,,,,,
vt_h2_c3,39,FT_K1,answer_only,signed_sum,raw,eligible_body_tokens,0.1,332,28,34,0.08433734939759036,1.0,0.10240963855421686,0.7857142857142857,0.6470588235294118,0.7857142857142857,0.056331999599933624,1,0.7857142857142857,0.7857142857142857,,,,,,,,,,,,
vt_h2_c3,40,FT_K1,answer_only,signed_sum,raw,eligible_body_tokens,0.1,337,29,34,0.08605341246290801,1.0,0.10089020771513353,0.6551724137931034,0.5588235294117647,0.6551724137931034,0.05813305824995041,1,0.6551724137931034,0.6551724137931034,,,,,,,,,,,,
vt_h2_c3,41,FT_K1,answer_only,signed_sum,raw,eligible_body_tokens,0.1,332,32,34,0.0963855421686747,1.0,0.10240963855421686,0.71875,0.6764705882352942,0.71875,0.07238379120826721,1,0.71875,0.71875,,,,,,,,,,,,
vt_h2_c3,42,FT_K1,answer_only,signed_sum,raw,eligible_body_tokens,0.1,330,28,33,0.08484848484848485,1.0,0.1,0.7142857142857143,0.6060606060606061,0.7142857142857143,0.06891346722841263,1,0.7142857142857143,0.7142857142857143,,,,,,,,,,,,
vt_h2_c3,43,FT_K1,answer_only,signed_sum,raw,eligible_body_tokens,0.1,338,30,34,0.08875739644970414,1.0,0.10059171597633136,0.6,0.5294117647058824,0.6,0.07022048532962799,1,0.6,0.6,,,,,,,,,,,,
vt_h2_c3,44,FT_K1,answer_only,signed_sum,raw,eligible_body_tokens,0.1,336,31,34,0.09226190476190477,1.0,0.10119047619047619,0.7419354838709677,0.6764705882352942,0.7419354838709677,0.07128586620092392,1,0.7419354838709677,0.7419354838709677,,,,,,,,,,,,
vt_h2_c3,45,FT_K1,answer_only,signed_sum,raw,eligible_body_tokens,0.1,333,30,34,0.09009009009009009,1.0,0.1021021021021021,0.7,0.6176470588235294,0.7,0.07378234714269638,1,0.7,0.7,,,,,,,,,,,,
vt_h2_c3,46,FT_K1,answer_only,signed_sum,raw,eligible_body_tokens,0.1,331,28,34,0.08459214501510574,1.0,0.1027190332326284,0.7857142857142857,0.6470588235294118,0.7857142857142857,0.061096809804439545,1,0.7857142857142857,0.7857142857142857,,,,,,,,,,,,
vt_h2_c3,47,FT_K1,answer_only,signed_sum,raw,eligible_body_tokens,0.1,329,26,33,0.0790273556231003,1.0,0.10030395136778116,0.6923076923076923,0.5454545454545454,0.6923076923076923,0.05353334918618202,1,0.6923076923076923,0.6923076923076923,,,,,,,,,,,,
vt_h2_c3,48,FT_K1,answer_only,signed_sum,raw,eligible_body_tokens,0.1,331,28,34,0.08459214501510574,1.0,0.1027190332326284,0.8214285714285714,0.6764705882352942,0.8214285714285714,0.06630104780197144,1,0.8214285714285714,0.8214285714285714,,,,,,,,,,,,
vt_h2_c3,49,FT_K1,answer_only,signed_sum,raw,eligible_body_tokens,0.1,329,28,33,0.0851063829787234,1.0,0.10030395136778116,0.7142857142857143,0.6060606060606061,0.7142857142857143,0.06090167164802551,1,0.7142857142857143,0.7142857142857143,,,,,,,,,,,,
vt_h2_c3,50,FT_K1,answer_only,signed_sum,raw,eligible_body_tokens,0.1,331,27,34,0.08157099697885196,1.0,0.1027190332326284,0.7037037037037037,0.5588235294117647,0.7037037037037037,0.050596486777067184,1,0.7037037037037037,0.7037037037037037,,,,,,,,,,,,
vt_h2_c3,51,FT_K1,answer_only,signed_sum,raw,eligible_body_tokens,0.1,330,27,33,0.08181818181818182,1.0,0.1,0.7037037037037037,0.5757575757575758,0.7037037037037037,0.0524582639336586,1,0.7037037037037037,0.7037037037037037,,,,,,,,,,,,
vt_h2_c3,52,FT_K1,answer_only,signed_sum,raw,eligible_body_tokens,0.1,332,29,34,0.08734939759036145,1.0,0.10240963855421686,0.7241379310344828,0.6176470588235294,0.7241379310344828,0.06377921253442764,1,0.7241379310344828,0.7241379310344828,,,,,,,,,,,,
vt_h2_c3,53,FT_K1,answer_only,signed_sum,raw,eligible_body_tokens,0.1,333,30,34,0.09009009009009009,1.0,0.1021021021021021,0.7666666666666667,0.6764705882352942,0.7666666666666667,0.07527512311935425,1,0.7666666666666667,0.7666666666666667,,,,,,,,,,,,
vt_h2_c3,54,FT_K1,answer_only,signed_sum,raw,eligible_body_tokens,0.1,333,30,34,0.09009009009009009,1.0,0.1021021021021021,0.6666666666666666,0.5882352941176471,0.6666666666666666,0.06000320240855217,1,0.6666666666666666,0.6666666666666666,,,,,,,,,,,,
vt_h2_c3,55,FT_K1,answer_only,signed_sum,raw,eligible_body_tokens,0.1,330,28,33,0.08484848484848485,1.0,0.1,0.75,0.6363636363636364,0.75,0.06640142947435379,1,0.75,0.75,,,,,,,,,,,,
vt_h2_c3,56,FT_K1,answer_only,signed_sum,raw,eligible_body_tokens,0.1,330,28,33,0.08484848484848485,1.0,0.1,0.7142857142857143,0.6060606060606061,0.7142857142857143,0.06213028356432915,1,0.7142857142857143,0.7142857142857143,,,,,,,,,,,,
vt_h2_c3,57,FT_K1,answer_only,signed_sum,raw,eligible_body_tokens,0.1,335,30,34,0.08955223880597014,1.0,0.10149253731343283,0.7,0.6176470588235294,0.7,0.07326329499483109,1,0.7,0.7,,,,,,,,,,,,
vt_h2_c3,58,FT_K1,answer_only,signed_sum,raw,eligible_body_tokens,0.1,333,28,34,0.08408408408408409,1.0,0.1021021021021021,0.7857142857142857,0.6470588235294118,0.7857142857142857,0.06185300648212433,1,0.7857142857142857,0.7857142857142857,,,,,,,,,,,,
vt_h2_c3,59,FT_K1,answer_only,signed_sum,raw,eligible_body_tokens,0.1,330,27,33,0.08181818181818182,1.0,0.1,0.7777777777777778,0.6363636363636364,0.7777777777777778,0.05894230306148529,1,0.7777777777777778,0.7777777777777778,,,,,,,,,,,,
vt_h2_c3,60,FT_K1,answer_only,signed_sum,raw,eligible_body_tokens,0.1,333,29,34,0.08708708708708708,1.0,0.1021021021021021,0.8275862068965517,0.7058823529411765,0.8275862068965517,0.05940692499279976,1,0.8275862068965517,0.8275862068965517,,,,,,,,,,,,
vt_h2_c3,61,FT_K1,answer_only,signed_sum,raw,eligible_body_tokens,0.1,330,26,33,0.07878787878787878,1.0,0.1,0.8461538461538461,0.6666666666666666,0.8461538461538461,0.05677169933915138,1,0.8461538461538461,0.8461538461538461,,,,,,,,,,,,
vt_h2_c3,62,FT_K1,answer_only,signed_sum,raw,eligible_body_tokens,0.1,336,29,34,0.08630952380952381,1.0,0.10119047619047619,0.7586206896551724,0.6470588235294118,0.7586206896551724,0.05577825754880905,1,0.7586206896551724,0.7586206896551724,,,,,,,,,,,,
vt_h2_c3,63,FT_K1,answer_only,signed_sum,raw,eligible_body_tokens,0.1,333,28,34,0.08408408408408409,1.0,0.1021021021021021,0.75,0.6176470588235294,0.75,0.05513869598507881,1,0.75,0.75,,,,,,,,,,,,
vt_h2_c3,64,FT_K1,answer_only,signed_sum,raw,eligible_body_tokens,0.1,334,26,34,0.07784431137724551,1.0,0.10179640718562874,0.7692307692307693,0.5882352941176471,0.7692307692307693,0.051112741231918335,1,0.7692307692307693,0.7692307692307693,,,,,,,,,,,,
vt_h2_c3,65,FT_K1,answer_only,signed_sum,raw,eligible_body_tokens,0.1,335,28,34,0.08358208955223881,1.0,0.10149253731343283,0.7857142857142857,0.6470588235294118,0.7857142857142857,0.06269952654838562,1,0.7857142857142857,0.7857142857142857,,,,,,,,,,,,
vt_h2_c3,66,FT_K1,answer_only,signed_sum,raw,eligible_body_tokens,0.1,334,31,34,0.09281437125748503,1.0,0.10179640718562874,0.8387096774193549,0.7647058823529411,0.8387096774193549,0.06795140355825424,1,0.8387096774193549,0.8387096774193549,,,,,,,,,,,,
vt_h2_c3,67,FT_K1,answer_only,signed_sum,raw,eligible_body_tokens,0.1,330,30,33,0.09090909090909091,1.0,0.1,0.6666666666666666,0.6060606060606061,0.6666666666666666,0.07289691269397736,1,0.6666666666666666,0.6666666666666666,,,,,,,,,,,,
vt_h2_c3,68,FT_K1,answer_only,signed_sum,raw,eligible_body_tokens,0.1,333,30,34,0.09009009009009009,1.0,0.1021021021021021,0.7333333333333333,0.6470588235294118,0.7333333333333333,0.06353411078453064,1,0.7333333333333333,0.7333333333333333,,,,,,,,,,,,
vt_h2_c3,69,FT_K1,answer_only,signed_sum,raw,eligible_body_tokens,0.1,329,26,33,0.0790273556231003,1.0,0.10030395136778116,0.7307692307692307,0.5757575757575758,0.7307692307692307,0.05959899723529816,1,0.7307692307692307,0.7307692307692307,,,,,,,,,,,,
vt_h2_c3,70,FT_K1,answer_only,signed_sum,raw,eligible_body_tokens,0.1,332,30,34,0.09036144578313253,1.0,0.10240963855421686,0.7333333333333333,0.6470588235294118,0.7333333333333333,0.06280030310153961,1,0.7333333333333333,0.7333333333333333,,,,,,,,,,,,
vt_h2_c3,71,FT_K1,answer_only,signed_sum,raw,eligible_body_tokens,0.1,331,28,34,0.08459214501510574,1.0,0.1027190332326284,0.75,0.6176470588235294,0.75,0.05942937359213829,1,0.75,0.75,,,,,,,,,,,,
vt_h2_c3,72,FT_K1,answer_only,signed_sum,raw,eligible_body_tokens,0.1,337,29,34,0.08605341246290801,1.0,0.10089020771513353,0.7586206896551724,0.6470588235294118,0.7586206896551724,0.06709451973438263,1,0.7586206896551724,0.7586206896551724,,,,,,,,,,,,
vt_h2_c3,73,FT_K1,answer_only,signed_sum,raw,eligible_body_tokens,0.1,333,30,34,0.09009009009009009,1.0,0.1021021021021021,0.7333333333333333,0.6470588235294118,0.7333333333333333,0.06677500903606415,1,0.7333333333333333,0.7333333333333333,,,,,,,,,,,,
vt_h2_c3,74,FT_K1,answer_only,signed_sum,raw,eligible_body_tokens,0.1,331,28,34,0.08459214501510574,1.0,0.1027190332326284,0.8214285714285714,0.6764705882352942,0.8214285714285714,0.055003661662340164,1,0.8214285714285714,0.8214285714285714,,,,,,,,,,,,
vt_h2_c3,75,FT_K1,answer_only,signed_sum,raw,eligible_body_tokens,0.1,331,28,34,0.08459214501510574,1.0,0.1027190332326284,0.75,0.6176470588235294,0.75,0.05761246383190155,1,0.75,0.75,,,,,,,,,,,,
vt_h2_c3,76,FT_K1,answer_only,signed_sum,raw,eligible_body_tokens,0.1,333,28,34,0.08408408408408409,1.0,0.1021021021021021,0.7142857142857143,0.5882352941176471,0.7142857142857143,0.06583541631698608,1,0.7142857142857143,0.7142857142857143,,,,,,,,,,,,
vt_h2_c3,77,FT_K1,answer_only,signed_sum,raw,eligible_body_tokens,0.1,336,30,34,0.08928571428571429,1.0,0.10119047619047619,0.6666666666666666,0.5882352941176471,0.6666666666666666,0.06396777182817459,1,0.6666666666666666,0.6666666666666666,,,,,,,,,,,,
vt_h2_c3,78,FT_K1,answer_only,signed_sum,raw,eligible_body_tokens,0.1,333,28,34,0.08408408408408409,1.0,0.1021021021021021,0.7857142857142857,0.6470588235294118,0.7857142857142857,0.0582939013838768,1,0.7857142857142857,0.7857142857142857,,,,,,,,,,,,
vt_h2_c3,79,FT_K1,answer_only,signed_sum,raw,eligible_body_tokens,0.1,338,28,34,0.08284023668639054,1.0,0.10059171597633136,0.75,0.6176470588235294,0.75,0.05407555028796196,1,0.75,0.75,,,,,,,,,,,,
vt_h2_c3,80,FT_K1,answer_only,signed_sum,raw,eligible_body_tokens,0.1,334,28,34,0.08383233532934131,1.0,0.10179640718562874,0.6428571428571429,0.5294117647058824,0.6428571428571429,0.05564967542886734,1,0.6428571428571429,0.6428571428571429,,,,,,,,,,,,
vt_h2_c3,81,FT_K1,answer_only,signed_sum,raw,eligible_body_tokens,0.1,333,28,34,0.08408408408408409,1.0,0.1021021021021021,0.7857142857142857,0.6470588235294118,0.7857142857142857,0.057972975075244904,1,0.7857142857142857,0.7857142857142857,,,,,,,,,,,,
vt_h2_c3,82,FT_K1,answer_only,signed_sum,raw,eligible_body_tokens,0.1,337,28,34,0.0830860534124629,1.0,0.10089020771513353,0.7857142857142857,0.6470588235294118,0.7857142857142857,0.055963557213544846,1,0.7857142857142857,0.7857142857142857,,,,,,,,,,,,
vt_h2_c3,83,FT_K1,answer_only,signed_sum,raw,eligible_body_tokens,0.1,333,29,34,0.08708708708708708,1.0,0.1021021021021021,0.7931034482758621,0.6764705882352942,0.7931034482758621,0.07127316296100616,1,0.7931034482758621,0.7931034482758621,,,,,,,,,,,,
vt_h2_c3,84,FT_K1,answer_only,signed_sum,raw,eligible_body_tokens,0.1,330,26,33,0.07878787878787878,1.0,0.1,0.6923076923076923,0.5454545454545454,0.6923076923076923,0.059431515634059906,1,0.6923076923076923,0.6923076923076923,,,,,,,,,,,,
vt_h2_c3,85,FT_K1,answer_only,signed_sum,raw,eligible_body_tokens,0.1,338,30,34,0.08875739644970414,1.0,0.10059171597633136,0.7,0.6176470588235294,0.7,0.06411226093769073,1,0.7,0.7,,,,,,,,,,,,
vt_h2_c3,86,FT_K1,answer_only,signed_sum,raw,eligible_body_tokens,0.1,333,31,34,0.09309309309309309,1.0,0.1021021021021021,0.7096774193548387,0.6470588235294118,0.7096774193548387,0.0726219192147255,1,0.7096774193548387,0.7096774193548387,,,,,,,,,,,,
vt_h2_c3,87,FT_K1,answer_only,signed_sum,raw,eligible_body_tokens,0.1,339,30,34,0.08849557522123894,1.0,0.10029498525073746,0.7666666666666667,0.6764705882352942,0.7666666666666667,0.06182518228888512,1,0.7666666666666667,0.7666666666666667,,,,,,,,,,,,
vt_h2_c3,88,FT_K1,answer_only,signed_sum,raw,eligible_body_tokens,0.1,334,29,34,0.08682634730538923,1.0,0.10179640718562874,0.7241379310344828,0.6176470588235294,0.7241379310344828,0.06540718674659729,1,0.7241379310344828,0.7241379310344828,,,,,,,,,,,,
vt_h2_c3,89,FT_K1,answer_only,signed_sum,raw,eligible_body_tokens,0.1,333,28,34,0.08408408408408409,1.0,0.1021021021021021,0.75,0.6176470588235294,0.75,0.06451821327209473,1,0.75,0.75,,,,,,,,,,,,
vt_h2_c3,90,FT_K1,answer_only,signed_sum,raw,eligible_body_tokens,0.1,333,30,34,0.09009009009009009,1.0,0.1021021021021021,0.8,0.7058823529411765,0.8,0.0658266469836235,1,0.8,0.8,,,,,,,,,,,,
vt_h2_c3,91,FT_K1,answer_only,signed_sum,raw,eligible_body_tokens,0.1,332,28,34,0.08433734939759036,1.0,0.10240963855421686,0.7142857142857143,0.5882352941176471,0.7142857142857143,0.06147570163011551,1,0.7142857142857143,0.7142857142857143,,,,,,,,,,,,
vt_h2_c3,92,FT_K1,answer_only,signed_sum,raw,eligible_body_tokens,0.1,331,28,34,0.08459214501510574,1.0,0.1027190332326284,0.7142857142857143,0.5882352941176471,0.7142857142857143,0.057614389806985855,1,0.7142857142857143,0.7142857142857143,,,,,,,,,,,,
vt_h2_c3,93,FT_K1,answer_only,signed_sum,raw,eligible_body_tokens,0.1,332,29,34,0.08734939759036145,1.0,0.10240963855421686,0.7586206896551724,0.6470588235294118,0.7586206896551724,0.06494826823472977,1,0.7586206896551724,0.7586206896551724,,,,,,,,,,,,
vt_h2_c3,94,FT_K1,answer_only,signed_sum,raw,eligible_body_tokens,0.1,334,30,34,0.08982035928143713,1.0,0.10179640718562874,0.8,0.7058823529411765,0.8,0.06057611480355263,1,0.8,0.8,,,,,,,,,,,,
vt_h2_c3,95,FT_K1,answer_only,signed_sum,raw,eligible_body_tokens,0.1,342,31,35,0.09064327485380116,1.0,0.1023391812865497,0.6451612903225806,0.5714285714285714,0.6451612903225806,0.07286790013313293,1,0.6451612903225806,0.6451612903225806,,,,,,,,,,,,
vt_h2_c3,96,FT_K1,answer_only,signed_sum,raw,eligible_body_tokens,0.1,333,30,34,0.09009009009009009,1.0,0.1021021021021021,0.7333333333333333,0.6470588235294118,0.7333333333333333,0.06567966938018799,1,0.7333333333333333,0.7333333333333333,,,,,,,,,,,,
vt_h2_c3,97,FT_K1,answer_only,signed_sum,raw,eligible_body_tokens,0.1,333,27,34,0.08108108108108109,1.0,0.1021021021021021,0.7407407407407407,0.5882352941176471,0.7407407407407407,0.059052787721157074,1,0.7407407407407407,0.7407407407407407,,,,,,,,,,,,
vt_h2_c3,98,FT_K1,answer_only,signed_sum,raw,eligible_body_tokens,0.1,335,29,34,0.08656716417910448,1.0,0.10149253731343283,0.7586206896551724,0.6470588235294118,0.7586206896551724,0.05767884850502014,1,0.7586206896551724,0.7586206896551724,,,,,,,,,,,,
vt_h2_c3,99,FT_K1,answer_only,signed_sum,raw,eligible_body_tokens,0.1,332,28,34,0.08433734939759036,1.0,0.10240963855421686,0.7142857142857143,0.5882352941176471,0.7142857142857143,0.06503955274820328,1,0.7142857142857143,0.7142857142857143,,,,,,,,,,,,
vt_h4_c1,0,DT,answer_only,signed_sum,raw,eligible_body_tokens,0.1,336,51,34,0.15178571428571427,0.6666666666666666,0.10119047619047619,0.6666666666666666,1.0,1.0,0.40772148966789246,1,0.6666666666666666,0.6666666666666666,,,,,,,,,,,,
vt_h4_c1,1,DT,answer_only,signed_sum,raw,eligible_body_tokens,0.1,333,48,34,0.14414414414414414,0.7083333333333334,0.1021021021021021,0.7083333333333334,1.0,1.0,0.30282291769981384,1,0.7083333333333334,0.7083333333333334,,,,,,,,,,,,
vt_h4_c1,2,DT,answer_only,signed_sum,raw,eligible_body_tokens,0.1,331,46,34,0.13897280966767372,0.7391304347826086,0.1027190332326284,0.7391304347826086,1.0,1.0,0.37217727303504944,1,0.7391304347826086,0.7391304347826086,,,,,,,,,,,,
vt_h4_c1,3,DT,answer_only,signed_sum,raw,eligible_body_tokens,0.1,332,47,34,0.14156626506024098,0.723404255319149,0.10240963855421686,0.723404255319149,1.0,1.0,0.2871137261390686,1,0.723404255319149,0.723404255319149,,,,,,,,,,,,
vt_h4_c1,4,DT,answer_only,signed_sum,raw,eligible_body_tokens,0.1,337,52,34,0.1543026706231454,0.6538461538461539,0.10089020771513353,0.6538461538461539,1.0,1.0,0.3887571394443512,1,0.6538461538461539,0.6538461538461539,,,,,,,,,,,,
vt_h4_c1,5,DT,answer_only,signed_sum,raw,eligible_body_tokens,0.1,331,46,34,0.13897280966767372,0.7391304347826086,0.1027190332326284,0.717391304347826,0.9705882352941176,0.9705882352941176,0.3122903108596802,1,0.717391304347826,0.717391304347826,,,,,,,,,,,,
vt_h4_c1,6,DT,answer_only,signed_sum,raw,eligible_body_tokens,0.1,331,46,34,0.13897280966767372,0.7391304347826086,0.1027190332326284,0.7391304347826086,1.0,1.0,0.49334436655044556,1,0.7391304347826086,0.7391304347826086,,,,,,,,,,,,
vt_h4_c1,7,DT,answer_only,signed_sum,raw,eligible_body_tokens,0.1,330,45,33,0.13636363636363635,0.7333333333333333,0.1,0.7333333333333333,1.0,1.0,0.398290753364563,1,0.7333333333333333,0.7333333333333333,,,,,,,,,,,,
vt_h4_c1,8,DT,answer_only,signed_sum,raw,eligible_body_tokens,0.1,331,46,34,0.13897280966767372,0.7391304347826086,0.1027190332326284,0.7391304347826086,1.0,1.0,0.3099322021007538,1,0.7391304347826086,0.7391304347826086,,,,,,,,,,,,
vt_h4_c1,9,DT,answer_only,signed_sum,raw,eligible_body_tokens,0.1,334,49,34,0.1467065868263473,0.6938775510204082,0.10179640718562874,0.6938775510204082,1.0,1.0,0.42854416370391846,1,0.6938775510204082,0.6938775510204082,,,,,,,,,,,,
vt_h4_c1,10,DT,answer_only,signed_sum,raw,eligible_body_tokens,0.1,331,46,34,0.13897280966767372,0.7391304347826086,0.1027190332326284,0.7391304347826086,1.0,1.0,0.3155437111854553,1,0.7391304347826086,0.7391304347826086,,,,,,,,,,,,
vt_h4_c1,11,DT,answer_only,signed_sum,raw,eligible_body_tokens,0.1,333,48,34,0.14414414414414414,0.7083333333333334,0.1021021021021021,0.7083333333333334,1.0,1.0,0.33636051416397095,1,0.7083333333333334,0.7083333333333334,,,,,,,,,,,,
vt_h4_c1,12,DT,answer_only,signed_sum,raw,eligible_body_tokens,0.1,339,54,34,0.1592920353982301,0.6296296296296297,0.10029498525073746,0.6296296296296297,1.0,1.0,0.5404386520385742,1,0.6296296296296297,0.6296296296296297,,,,,,,,,,,,
vt_h4_c1,13,DT,answer_only,signed_sum,raw,eligible_body_tokens,0.1,333,48,34,0.14414414414414414,0.7083333333333334,0.1021021021021021,0.7083333333333334,1.0,1.0,0.2884317636489868,1,0.7083333333333334,0.7083333333333334,,,,,,,,,,,,
vt_h4_c1,14,DT,answer_only,signed_sum,raw,eligible_body_tokens,0.1,337,52,34,0.1543026706231454,0.6538461538461539,0.10089020771513353,0.6538461538461539,1.0,1.0,0.45095738768577576,1,0.6538461538461539,0.6538461538461539,,,,,,,,,,,,
vt_h4_c1,15,DT,answer_only,signed_sum,raw,eligible_body_tokens,0.1,331,46,34,0.13897280966767372,0.7391304347826086,0.1027190332326284,0.7391304347826086,1.0,1.0,0.4131588041782379,1,0.7391304347826086,0.7391304347826086,,,,,,,,,,,,
vt_h4_c1,16,DT,answer_only,signed_sum,raw,eligible_body_tokens,0.1,331,46,34,0.13897280966767372,0.7391304347826086,0.1027190332326284,0.7391304347826086,1.0,1.0,0.24514688551425934,1,0.7391304347826086,0.7391304347826086,,,,,,,,,,,,
vt_h4_c1,17,DT,answer_only,signed_sum,raw,eligible_body_tokens,0.1,329,44,33,0.1337386018237082,0.75,0.10030395136778116,0.75,1.0,1.0,0.276048868894577,1,0.75,0.75,,,,,,,,,,,,
vt_h4_c1,18,DT,answer_only,signed_sum,raw,eligible_body_tokens,0.1,330,45,33,0.13636363636363635,0.7333333333333333,0.1,0.7333333333333333,1.0,1.0,0.3110274076461792,1,0.7333333333333333,0.7333333333333333,,,,,,,,,,,,
vt_h4_c1,19,DT,answer_only,signed_sum,raw,eligible_body_tokens,0.1,334,49,34,0.1467065868263473,0.6938775510204082,0.10179640718562874,0.6938775510204082,1.0,1.0,0.48040279746055603,1,0.6938775510204082,0.6938775510204082,,,,,,,,,,,,
vt_h4_c1,20,DT,answer_only,signed_sum,raw,eligible_body_tokens,0.1,332,47,34,0.14156626506024098,0.723404255319149,0.10240963855421686,0.723404255319149,1.0,1.0,0.312965452671051,1,0.723404255319149,0.723404255319149,,,,,,,,,,,,
vt_h4_c1,21,DT,answer_only,signed_sum,raw,eligible_body_tokens,0.1,335,50,34,0.14925373134328357,0.68,0.10149253731343283,0.68,1.0,1.0,0.3672597408294678,1,0.68,0.68,,,,,,,,,,,,
vt_h4_c1,22,DT,answer_only,signed_sum,raw,eligible_body_tokens,0.1,334,49,34,0.1467065868263473,0.6938775510204082,0.10179640718562874,0.6938775510204082,1.0,1.0,0.31947678327560425,1,0.6938775510204082,0.6938775510204082,,,,,,,,,,,,
vt_h4_c1,23,DT,answer_only,signed_sum,raw,eligible_body_tokens,0.1,335,50,34,0.14925373134328357,0.68,0.10149253731343283,0.68,1.0,1.0,0.42253148555755615,1,0.68,0.68,,,,,,,,,,,,
vt_h4_c1,24,DT,answer_only,signed_sum,raw,eligible_body_tokens,0.1,333,48,34,0.14414414414414414,0.7083333333333334,0.1021021021021021,0.7083333333333334,1.0,1.0,0.33166787028312683,1,0.7083333333333334,0.7083333333333334,,,,,,,,,,,,
vt_h4_c1,25,DT,answer_only,signed_sum,raw,eligible_body_tokens,0.1,337,52,34,0.1543026706231454,0.6538461538461539,0.10089020771513353,0.6538461538461539,1.0,1.0,0.40248867869377136,1,0.6538461538461539,0.6538461538461539,,,,,,,,,,,,
vt_h4_c1,26,DT,answer_only,signed_sum,raw,eligible_body_tokens,0.1,335,50,34,0.14925373134328357,0.68,0.10149253731343283,0.68,1.0,1.0,0.3524378836154938,1,0.68,0.68,,,,,,,,,,,,
vt_h4_c1,27,DT,answer_only,signed_sum,raw,eligible_body_tokens,0.1,334,49,34,0.1467065868263473,0.6938775510204082,0.10179640718562874,0.6938775510204082,1.0,1.0,0.5510066747665405,1,0.6938775510204082,0.6938775510204082,,,,,,,,,,,,
vt_h4_c1,28,DT,answer_only,signed_sum,raw,eligible_body_tokens,0.1,333,48,34,0.14414414414414414,0.7083333333333334,0.1021021021021021,0.7083333333333334,1.0,1.0,0.3687245547771454,1,0.7083333333333334,0.7083333333333334,,,,,,,,,,,,
vt_h4_c1,29,DT,answer_only,signed_sum,raw,eligible_body_tokens,0.1,331,46,34,0.13897280966767372,0.7391304347826086,0.1027190332326284,0.7391304347826086,1.0,1.0,0.24358172714710236,1,0.7391304347826086,0.7391304347826086,,,,,,,,,,,,
vt_h4_c1,30,DT,answer_only,signed_sum,raw,eligible_body_tokens,0.1,333,48,34,0.14414414414414414,0.7083333333333334,0.1021021021021021,0.7083333333333334,1.0,1.0,0.37038078904151917,1,0.7083333333333334,0.7083333333333334,,,,,,,,,,,,
vt_h4_c1,31,DT,answer_only,signed_sum,raw,eligible_body_tokens,0.1,333,48,34,0.14414414414414414,0.7083333333333334,0.1021021021021021,0.7083333333333334,1.0,1.0,0.40145599842071533,1,0.7083333333333334,0.7083333333333334,,,,,,,,,,,,
vt_h4_c1,32,DT,answer_only,signed_sum,raw,eligible_body_tokens,0.1,331,46,34,0.13897280966767372,0.7391304347826086,0.1027190332326284,0.7391304347826086,1.0,1.0,0.37334105372428894,1,0.7391304347826086,0.7391304347826086,,,,,,,,,,,,
vt_h4_c1,33,DT,answer_only,signed_sum,raw,eligible_body_tokens,0.1,337,52,34,0.1543026706231454,0.6538461538461539,0.10089020771513353,0.6538461538461539,1.0,1.0,0.3408770263195038,1,0.6538461538461539,0.6538461538461539,,,,,,,,,,,,
vt_h4_c1,34,DT,answer_only,signed_sum,raw,eligible_body_tokens,0.1,335,50,34,0.14925373134328357,0.68,0.10149253731343283,0.68,1.0,1.0,0.4547109305858612,1,0.68,0.68,,,,,,,,,,,,
vt_h4_c1,35,DT,answer_only,signed_sum,raw,eligible_body_tokens,0.1,333,48,34,0.14414414414414414,0.7083333333333334,0.1021021021021021,0.7083333333333334,1.0,1.0,0.3298593759536743,1,0.7083333333333334,0.7083333333333334,,,,,,,,,,,,
vt_h4_c1,36,DT,answer_only,signed_sum,raw,eligible_body_tokens,0.1,335,50,34,0.14925373134328357,0.68,0.10149253731343283,0.68,1.0,1.0,0.4565456211566925,1,0.68,0.68,,,,,,,,,,,,
vt_h4_c1,37,DT,answer_only,signed_sum,raw,eligible_body_tokens,0.1,331,46,34,0.13897280966767372,0.7391304347826086,0.1027190332326284,0.7391304347826086,1.0,1.0,0.3719809353351593,1,0.7391304347826086,0.7391304347826086,,,,,,,,,,,,
vt_h4_c1,38,DT,answer_only,signed_sum,raw,eligible_body_tokens,0.1,333,48,34,0.14414414414414414,0.7083333333333334,0.1021021021021021,0.7083333333333334,1.0,1.0,0.4252176880836487,1,0.7083333333333334,0.7083333333333334,,,,,,,,,,,,
vt_h4_c1,39,DT,answer_only,signed_sum,raw,eligible_body_tokens,0.1,331,46,34,0.13897280966767372,0.7391304347826086,0.1027190332326284,0.7391304347826086,1.0,1.0,0.33238664269447327,1,0.7391304347826086,0.7391304347826086,,,,,,,,,,,,
vt_h4_c1,40,DT,answer_only,signed_sum,raw,eligible_body_tokens,0.1,332,47,34,0.14156626506024098,0.723404255319149,0.10240963855421686,0.723404255319149,1.0,1.0,0.33448025584220886,1,0.723404255319149,0.723404255319149,,,,,,,,,,,,
vt_h4_c1,41,DT,answer_only,signed_sum,raw,eligible_body_tokens,0.1,333,48,34,0.14414414414414414,0.7083333333333334,0.1021021021021021,0.7083333333333334,1.0,1.0,0.36481422185897827,1,0.7083333333333334,0.7083333333333334,,,,,,,,,,,,
vt_h4_c1,42,DT,answer_only,signed_sum,raw,eligible_body_tokens,0.1,329,44,33,0.1337386018237082,0.75,0.10030395136778116,0.75,1.0,1.0,0.31194809079170227,1,0.75,0.75,,,,,,,,,,,,
vt_h4_c1,43,DT,answer_only,signed_sum,raw,eligible_body_tokens,0.1,333,48,34,0.14414414414414414,0.7083333333333334,0.1021021021021021,0.7083333333333334,1.0,1.0,0.3774684965610504,1,0.7083333333333334,0.7083333333333334,,,,,,,,,,,,
vt_h4_c1,44,DT,answer_only,signed_sum,raw,eligible_body_tokens,0.1,333,48,34,0.14414414414414414,0.7083333333333334,0.1021021021021021,0.7083333333333334,1.0,1.0,0.39995110034942627,1,0.7083333333333334,0.7083333333333334,,,,,,,,,,,,
vt_h4_c1,45,DT,answer_only,signed_sum,raw,eligible_body_tokens,0.1,333,48,34,0.14414414414414414,0.7083333333333334,0.1021021021021021,0.7083333333333334,1.0,1.0,0.4057086408138275,1,0.7083333333333334,0.7083333333333334,,,,,,,,,,,,
vt_h4_c1,46,DT,answer_only,signed_sum,raw,eligible_body_tokens,0.1,332,47,34,0.14156626506024098,0.723404255319149,0.10240963855421686,0.723404255319149,1.0,1.0,0.31231072545051575,1,0.723404255319149,0.723404255319149,,,,,,,,,,,,
vt_h4_c1,47,DT,answer_only,signed_sum,raw,eligible_body_tokens,0.1,329,44,33,0.1337386018237082,0.75,0.10030395136778116,0.75,1.0,1.0,0.33461079001426697,1,0.75,0.75,,,,,,,,,,,,
vt_h4_c1,48,DT,answer_only,signed_sum,raw,eligible_body_tokens,0.1,331,46,34,0.13897280966767372,0.7391304347826086,0.1027190332326284,0.7391304347826086,1.0,1.0,0.3910606801509857,1,0.7391304347826086,0.7391304347826086,,,,,,,,,,,,
vt_h4_c1,49,DT,answer_only,signed_sum,raw,eligible_body_tokens,0.1,332,47,34,0.14156626506024098,0.723404255319149,0.10240963855421686,0.723404255319149,1.0,1.0,0.40887805819511414,1,0.723404255319149,0.723404255319149,,,,,,,,,,,,
vt_h4_c1,50,DT,answer_only,signed_sum,raw,eligible_body_tokens,0.1,335,50,34,0.14925373134328357,0.68,0.10149253731343283,0.68,1.0,1.0,0.44298532605171204,1,0.68,0.68,,,,,,,,,,,,
vt_h4_c1,51,DT,answer_only,signed_sum,raw,eligible_body_tokens,0.1,329,44,33,0.1337386018237082,0.75,0.10030395136778116,0.75,1.0,1.0,0.24618688225746155,1,0.75,0.75,,,,,,,,,,,,
vt_h4_c1,52,DT,answer_only,signed_sum,raw,eligible_body_tokens,0.1,333,48,34,0.14414414414414414,0.7083333333333334,0.1021021021021021,0.7083333333333334,1.0,1.0,0.2710161507129669,1,0.7083333333333334,0.7083333333333334,,,,,,,,,,,,
vt_h4_c1,53,DT,answer_only,signed_sum,raw,eligible_body_tokens,0.1,333,48,34,0.14414414414414414,0.7083333333333334,0.1021021021021021,0.7083333333333334,1.0,1.0,0.471245139837265,1,0.7083333333333334,0.7083333333333334,,,,,,,,,,,,
vt_h4_c1,54,DT,answer_only,signed_sum,raw,eligible_body_tokens,0.1,330,45,33,0.13636363636363635,0.7333333333333333,0.1,0.7333333333333333,1.0,1.0,0.2875126004219055,1,0.7333333333333333,0.7333333333333333,,,,,,,,,,,,
vt_h4_c1,55,DT,answer_only,signed_sum,raw,eligible_body_tokens,0.1,334,49,34,0.1467065868263473,0.6938775510204082,0.10179640718562874,0.6938775510204082,1.0,1.0,0.44931507110595703,1,0.6938775510204082,0.6938775510204082,,,,,,,,,,,,
vt_h4_c1,56,DT,answer_only,signed_sum,raw,eligible_body_tokens,0.1,333,48,34,0.14414414414414414,0.7083333333333334,0.1021021021021021,0.7083333333333334,1.0,1.0,0.3947058916091919,1,0.7083333333333334,0.7083333333333334,,,,,,,,,,,,
vt_h4_c1,57,DT,answer_only,signed_sum,raw,eligible_body_tokens,0.1,333,48,34,0.14414414414414414,0.7083333333333334,0.1021021021021021,0.7083333333333334,1.0,1.0,0.3744617998600006,1,0.7083333333333334,0.7083333333333334,,,,,,,,,,,,
vt_h4_c1,58,DT,answer_only,signed_sum,raw,eligible_body_tokens,0.1,331,46,34,0.13897280966767372,0.7391304347826086,0.1027190332326284,0.7391304347826086,1.0,1.0,0.3495061695575714,1,0.7391304347826086,0.7391304347826086,,,,,,,,,,,,
vt_h4_c1,59,DT,answer_only,signed_sum,raw,eligible_body_tokens,0.1,330,45,33,0.13636363636363635,0.7333333333333333,0.1,0.7333333333333333,1.0,1.0,0.3397578001022339,1,0.7333333333333333,0.7333333333333333,,,,,,,,,,,,
vt_h4_c1,60,DT,answer_only,signed_sum,raw,eligible_body_tokens,0.1,333,48,34,0.14414414414414414,0.7083333333333334,0.1021021021021021,0.7083333333333334,1.0,1.0,0.4236964285373688,1,0.7083333333333334,0.7083333333333334,,,,,,,,,,,,
vt_h4_c1,61,DT,answer_only,signed_sum,raw,eligible_body_tokens,0.1,334,49,34,0.1467065868263473,0.6938775510204082,0.10179640718562874,0.6938775510204082,1.0,1.0,0.392202764749527,1,0.6938775510204082,0.6938775510204082,,,,,,,,,,,,
vt_h4_c1,62,DT,answer_only,signed_sum,raw,eligible_body_tokens,0.1,333,48,34,0.14414414414414414,0.7083333333333334,0.1021021021021021,0.7083333333333334,1.0,1.0,0.3431251347064972,1,0.7083333333333334,0.7083333333333334,,,,,,,,,,,,
vt_h4_c1,63,DT,answer_only,signed_sum,raw,eligible_body_tokens,0.1,336,51,34,0.15178571428571427,0.6666666666666666,0.10119047619047619,0.6666666666666666,1.0,1.0,0.4909610450267792,1,0.6666666666666666,0.6666666666666666,,,,,,,,,,,,
vt_h4_c1,64,DT,answer_only,signed_sum,raw,eligible_body_tokens,0.1,332,47,34,0.14156626506024098,0.723404255319149,0.10240963855421686,0.723404255319149,1.0,1.0,0.29350942373275757,1,0.723404255319149,0.723404255319149,,,,,,,,,,,,
vt_h4_c1,65,DT,answer_only,signed_sum,raw,eligible_body_tokens,0.1,333,48,34,0.14414414414414414,0.7083333333333334,0.1021021021021021,0.7083333333333334,1.0,1.0,0.4064928889274597,1,0.7083333333333334,0.7083333333333334,,,,,,,,,,,,
vt_h4_c1,66,DT,answer_only,signed_sum,raw,eligible_body_tokens,0.1,332,47,34,0.14156626506024098,0.723404255319149,0.10240963855421686,0.723404255319149,1.0,1.0,0.4507165551185608,1,0.723404255319149,0.723404255319149,,,,,,,,,,,,
vt_h4_c1,67,DT,answer_only,signed_sum,raw,eligible_body_tokens,0.1,333,48,34,0.14414414414414414,0.7083333333333334,0.1021021021021021,0.7083333333333334,1.0,1.0,0.33530282974243164,1,0.7083333333333334,0.7083333333333334,,,,,,,,,,,,
vt_h4_c1,68,DT,answer_only,signed_sum,raw,eligible_body_tokens,0.1,334,49,34,0.1467065868263473,0.6938775510204082,0.10179640718562874,0.6938775510204082,1.0,1.0,0.36446088552474976,1,0.6938775510204082,0.6938775510204082,,,,,,,,,,,,
vt_h4_c1,69,DT,answer_only,signed_sum,raw,eligible_body_tokens,0.1,333,48,34,0.14414414414414414,0.7083333333333334,0.1021021021021021,0.7083333333333334,1.0,1.0,0.3811004161834717,1,0.7083333333333334,0.7083333333333334,,,,,,,,,,,,
vt_h4_c1,70,DT,answer_only,signed_sum,raw,eligible_body_tokens,0.1,336,51,34,0.15178571428571427,0.6666666666666666,0.10119047619047619,0.6666666666666666,1.0,1.0,0.37131235003471375,1,0.6666666666666666,0.6666666666666666,,,,,,,,,,,,
vt_h4_c1,71,DT,answer_only,signed_sum,raw,eligible_body_tokens,0.1,331,46,34,0.13897280966767372,0.7391304347826086,0.1027190332326284,0.7391304347826086,1.0,1.0,0.2960810363292694,1,0.7391304347826086,0.7391304347826086,,,,,,,,,,,,
vt_h4_c1,72,DT,answer_only,signed_sum,raw,eligible_body_tokens,0.1,335,50,34,0.14925373134328357,0.68,0.10149253731343283,0.68,1.0,1.0,0.4737834334373474,1,0.68,0.68,,,,,,,,,,,,
vt_h4_c1,73,DT,answer_only,signed_sum,raw,eligible_body_tokens,0.1,333,48,34,0.14414414414414414,0.7083333333333334,0.1021021021021021,0.7083333333333334,1.0,1.0,0.35853111743927,1,0.7083333333333334,0.7083333333333334,,,,,,,,,,,,
vt_h4_c1,74,DT,answer_only,signed_sum,raw,eligible_body_tokens,0.1,333,48,34,0.14414414414414414,0.7083333333333334,0.1021021021021021,0.7083333333333334,1.0,1.0,0.31201305985450745,1,0.7083333333333334,0.7083333333333334,,,,,,,,,,,,
vt_h4_c1,75,DT,answer_only,signed_sum,raw,eligible_body_tokens,0.1,329,44,33,0.1337386018237082,0.75,0.10030395136778116,0.75,1.0,1.0,0.31814584136009216,1,0.75,0.75,,,,,,,,,,,,
vt_h4_c1,76,DT,answer_only,signed_sum,raw,eligible_body_tokens,0.1,331,46,34,0.13897280966767372,0.7391304347826086,0.1027190332326284,0.7391304347826086,1.0,1.0,0.29419833421707153,1,0.7391304347826086,0.7391304347826086,,,,,,,,,,,,
vt_h4_c1,77,DT,answer_only,signed_sum,raw,eligible_body_tokens,0.1,333,48,34,0.14414414414414414,0.7083333333333334,0.1021021021021021,0.7083333333333334,1.0,1.0,0.40227559208869934,1,0.7083333333333334,0.7083333333333334,,,,,,,,,,,,
vt_h4_c1,78,DT,answer_only,signed_sum,raw,eligible_body_tokens,0.1,335,50,34,0.14925373134328357,0.68,0.10149253731343283,0.68,1.0,1.0,0.479535311460495,1,0.68,0.68,,,,,,,,,,,,
vt_h4_c1,79,DT,answer_only,signed_sum,raw,eligible_body_tokens,0.1,334,49,34,0.1467065868263473,0.6938775510204082,0.10179640718562874,0.6938775510204082,1.0,1.0,0.5352100133895874,1,0.6938775510204082,0.6938775510204082,,,,,,,,,,,,
vt_h4_c1,80,DT,answer_only,signed_sum,raw,eligible_body_tokens,0.1,331,46,34,0.13897280966767372,0.7391304347826086,0.1027190332326284,0.7391304347826086,1.0,1.0,0.1821524053812027,1,0.7391304347826086,0.7391304347826086,,,,,,,,,,,,
vt_h4_c1,81,DT,answer_only,signed_sum,raw,eligible_body_tokens,0.1,333,48,34,0.14414414414414414,0.7083333333333334,0.1021021021021021,0.7083333333333334,1.0,1.0,0.35491833090782166,1,0.7083333333333334,0.7083333333333334,,,,,,,,,,,,
vt_h4_c1,82,DT,answer_only,signed_sum,raw,eligible_body_tokens,0.1,334,49,34,0.1467065868263473,0.6938775510204082,0.10179640718562874,0.6938775510204082,1.0,1.0,0.4678858518600464,1,0.6938775510204082,0.6938775510204082,,,,,,,,,,,,
vt_h4_c1,83,DT,answer_only,signed_sum,raw,eligible_body_tokens,0.1,332,47,34,0.14156626506024098,0.723404255319149,0.10240963855421686,0.723404255319149,1.0,1.0,0.3731834888458252,1,0.723404255319149,0.723404255319149,,,,,,,,,,,,
vt_h4_c1,84,DT,answer_only,signed_sum,raw,eligible_body_tokens,0.1,329,44,33,0.1337386018237082,0.75,0.10030395136778116,0.75,1.0,1.0,0.35410645604133606,1,0.75,0.75,,,,,,,,,,,,
vt_h4_c1,85,DT,answer_only,signed_sum,raw,eligible_body_tokens,0.1,332,47,34,0.14156626506024098,0.723404255319149,0.10240963855421686,0.723404255319149,1.0,1.0,0.30917349457740784,1,0.723404255319149,0.723404255319149,,,,,,,,,,,,
vt_h4_c1,86,DT,answer_only,signed_sum,raw,eligible_body_tokens,0.1,332,47,34,0.14156626506024098,0.723404255319149,0.10240963855421686,0.723404255319149,1.0,1.0,0.3380472660064697,1,0.723404255319149,0.723404255319149,,,,,,,,,,,,
vt_h4_c1,87,DT,answer_only,signed_sum,raw,eligible_body_tokens,0.1,329,44,33,0.1337386018237082,0.75,0.10030395136778116,0.75,1.0,1.0,0.2535838186740875,1,0.75,0.75,,,,,,,,,,,,
vt_h4_c1,88,DT,answer_only,signed_sum,raw,eligible_body_tokens,0.1,331,46,34,0.13897280966767372,0.7391304347826086,0.1027190332326284,0.7391304347826086,1.0,1.0,0.3521803617477417,1,0.7391304347826086,0.7391304347826086,,,,,,,,,,,,
vt_h4_c1,89,DT,answer_only,signed_sum,raw,eligible_body_tokens,0.1,329,44,33,0.1337386018237082,0.75,0.10030395136778116,0.7272727272727273,0.9696969696969697,0.9696969696969697,0.2595898509025574,1,0.7272727272727273,0.7272727272727273,,,,,,,,,,,,
vt_h4_c1,90,DT,answer_only,signed_sum,raw,eligible_body_tokens,0.1,331,46,34,0.13897280966767372,0.7391304347826086,0.1027190332326284,0.7391304347826086,1.0,1.0,0.3536546528339386,1,0.7391304347826086,0.7391304347826086,,,,,,,,,,,,
vt_h4_c1,91,DT,answer_only,signed_sum,raw,eligible_body_tokens,0.1,331,46,34,0.13897280966767372,0.7391304347826086,0.1027190332326284,0.7391304347826086,1.0,1.0,0.33975011110305786,1,0.7391304347826086,0.7391304347826086,,,,,,,,,,,,
vt_h4_c1,92,DT,answer_only,signed_sum,raw,eligible_body_tokens,0.1,333,48,34,0.14414414414414414,0.7083333333333334,0.1021021021021021,0.7083333333333334,1.0,1.0,0.3586864471435547,1,0.7083333333333334,0.7083333333333334,,,,,,,,,,,,
vt_h4_c1,93,DT,answer_only,signed_sum,raw,eligible_body_tokens,0.1,331,46,34,0.13897280966767372,0.7391304347826086,0.1027190332326284,0.7391304347826086,1.0,1.0,0.31998738646507263,1,0.7391304347826086,0.7391304347826086,,,,,,,,,,,,
vt_h4_c1,94,DT,answer_only,signed_sum,raw,eligible_body_tokens,0.1,336,51,34,0.15178571428571427,0.6666666666666666,0.10119047619047619,0.6666666666666666,1.0,1.0,0.5143650770187378,1,0.6666666666666666,0.6666666666666666,,,,,,,,,,,,
vt_h4_c1,95,DT,answer_only,signed_sum,raw,eligible_body_tokens,0.1,331,46,34,0.13897280966767372,0.7391304347826086,0.1027190332326284,0.7391304347826086,1.0,1.0,0.38280776143074036,1,0.7391304347826086,0.7391304347826086,,,,,,,,,,,,
vt_h4_c1,96,DT,answer_only,signed_sum,raw,eligible_body_tokens,0.1,329,44,33,0.1337386018237082,0.75,0.10030395136778116,0.75,1.0,1.0,0.3113187551498413,1,0.75,0.75,,,,,,,,,,,,
vt_h4_c1,97,DT,answer_only,signed_sum,raw,eligible_body_tokens,0.1,330,45,33,0.13636363636363635,0.7333333333333333,0.1,0.7333333333333333,1.0,1.0,0.3032974302768707,1,0.7333333333333333,0.7333333333333333,,,,,,,,,,,,
vt_h4_c1,98,DT,answer_only,signed_sum,raw,eligible_body_tokens,0.1,331,46,34,0.13897280966767372,0.7391304347826086,0.1027190332326284,0.7391304347826086,1.0,1.0,0.3074291944503784,1,0.7391304347826086,0.7391304347826086,,,,,,,,,,,,
vt_h4_c1,99,DT,answer_only,signed_sum,raw,eligible_body_tokens,0.1,331,46,34,0.13897280966767372,0.7391304347826086,0.1027190332326284,0.7391304347826086,1.0,1.0,0.44950443506240845,1,0.7391304347826086,0.7391304347826086,,,,,,,,,,,,
vt_h4_c1,0,FT_K3,answer_only,signed_sum,raw,eligible_body_tokens,0.1,336,51,34,0.15178571428571427,0.6666666666666666,0.10119047619047619,0.6666666666666666,1.0,1.0,0.1501549631357193,1,0.6666666666666666,0.6666666666666666,,,,,,,,,,,,
vt_h4_c1,1,FT_K3,answer_only,signed_sum,raw,eligible_body_tokens,0.1,333,48,34,0.14414414414414414,0.7083333333333334,0.1021021021021021,0.6875,0.9705882352941176,0.9705882352941176,0.13932916522026062,1,0.6875,0.6875,,,,,,,,,,,,
vt_h4_c1,2,FT_K3,answer_only,signed_sum,raw,eligible_body_tokens,0.1,331,46,34,0.13897280966767372,0.7391304347826086,0.1027190332326284,0.6739130434782609,0.9117647058823529,0.9117647058823529,0.10046616196632385,1,0.6739130434782609,0.6739130434782609,,,,,,,,,,,,
vt_h4_c1,3,FT_K3,answer_only,signed_sum,raw,eligible_body_tokens,0.1,332,47,34,0.14156626506024098,0.723404255319149,0.10240963855421686,0.6808510638297872,0.9411764705882353,0.9411764705882353,0.11820279061794281,1,0.6808510638297872,0.6808510638297872,,,,,,,,,,,,
vt_h4_c1,4,FT_K3,answer_only,signed_sum,raw,eligible_body_tokens,0.1,337,52,34,0.1543026706231454,0.6538461538461539,0.10089020771513353,0.6538461538461539,1.0,1.0,0.17420126497745514,1,0.6538461538461539,0.6538461538461539,,,,,,,,,,,,
vt_h4_c1,5,FT_K3,answer_only,signed_sum,raw,eligible_body_tokens,0.1,331,46,34,0.13897280966767372,0.7391304347826086,0.1027190332326284,0.6739130434782609,0.9117647058823529,0.9117647058823529,0.11219427734613419,1,0.6739130434782609,0.6739130434782609,,,,,,,,,,,,
vt_h4_c1,6,FT_K3,answer_only,signed_sum,raw,eligible_body_tokens,0.1,331,46,34,0.13897280966767372,0.7391304347826086,0.1027190332326284,0.717391304347826,0.9705882352941176,0.9705882352941176,0.10503964126110077,1,0.717391304347826,0.717391304347826,,,,,,,,,,,,
vt_h4_c1,7,FT_K3,answer_only,signed_sum,raw,eligible_body_tokens,0.1,330,45,33,0.13636363636363635,0.7333333333333333,0.1,0.6888888888888889,0.9393939393939394,0.9393939393939394,0.11326009780168533,1,0.6888888888888889,0.6888888888888889,,,,,,,,,,,,
vt_h4_c1,8,FT_K3,answer_only,signed_sum,raw,eligible_body_tokens,0.1,331,46,34,0.13897280966767372,0.7391304347826086,0.1027190332326284,0.6956521739130435,0.9411764705882353,0.9411764705882353,0.10486152023077011,1,0.6956521739130435,0.6956521739130435,,,,,,,,,,,,
vt_h4_c1,9,FT_K3,answer_only,signed_sum,raw,eligible_body_tokens,0.1,334,49,34,0.1467065868263473,0.6938775510204082,0.10179640718562874,0.6326530612244898,0.9117647058823529,0.9117647058823529,0.14084714651107788,1,0.6326530612244898,0.6326530612244898,,,,,,,,,,,,
vt_h4_c1,10,FT_K3,answer_only,signed_sum,raw,eligible_body_tokens,0.1,331,46,34,0.13897280966767372,0.7391304347826086,0.1027190332326284,0.717391304347826,0.9705882352941176,0.9705882352941176,0.10539090633392334,1,0.717391304347826,0.717391304347826,,,,,,,,,,,,
vt_h4_c1,11,FT_K3,answer_only,signed_sum,raw,eligible_body_tokens,0.1,333,48,34,0.14414414414414414,0.7083333333333334,0.1021021021021021,0.7083333333333334,1.0,1.0,0.14015641808509827,1,0.7083333333333334,0.7083333333333334,,,,,,,,,,,,
vt_h4_c1,12,FT_K3,answer_only,signed_sum,raw,eligible_body_tokens,0.1,339,54,34,0.1592920353982301,0.6296296296296297,0.10029498525073746,0.6296296296296297,1.0,1.0,0.16523586213588715,1,0.6296296296296297,0.6296296296296297,,,,,,,,,,,,
vt_h4_c1,13,FT_K3,answer_only,signed_sum,raw,eligible_body_tokens,0.1,333,48,34,0.14414414414414414,0.7083333333333334,0.1021021021021021,0.7083333333333334,1.0,1.0,0.15598064661026,1,0.7083333333333334,0.7083333333333334,,,,,,,,,,,,
vt_h4_c1,14,FT_K3,answer_only,signed_sum,raw,eligible_body_tokens,0.1,337,52,34,0.1543026706231454,0.6538461538461539,0.10089020771513353,0.6346153846153846,0.9705882352941176,0.9705882352941176,0.15326359868049622,1,0.6346153846153846,0.6346153846153846,,,,,,,,,,,,
vt_h4_c1,15,FT_K3,answer_only,signed_sum,raw,eligible_body_tokens,0.1,331,46,34,0.13897280966767372,0.7391304347826086,0.1027190332326284,0.6956521739130435,0.9411764705882353,0.9411764705882353,0.11714090406894684,1,0.6956521739130435,0.6956521739130435,,,,,,,,,,,,
vt_h4_c1,16,FT_K3,answer_only,signed_sum,raw,eligible_body_tokens,0.1,331,46,34,0.13897280966767372,0.7391304347826086,0.1027190332326284,0.717391304347826,0.9705882352941176,0.9705882352941176,0.11364074051380157,1,0.717391304347826,0.717391304347826,,,,,,,,,,,,
vt_h4_c1,17,FT_K3,answer_only,signed_sum,raw,eligible_body_tokens,0.1,329,44,33,0.1337386018237082,0.75,0.10030395136778116,0.6818181818181818,0.9090909090909091,0.9090909090909091,0.0958593338727951,1,0.6818181818181818,0.6818181818181818,,,,,,,,,,,,
vt_h4_c1,18,FT_K3,answer_only,signed_sum,raw,eligible_body_tokens,0.1,330,45,33,0.13636363636363635,0.7333333333333333,0.1,0.6888888888888889,0.9393939393939394,0.9393939393939394,0.12215219438076019,1,0.6888888888888889,0.6888888888888889,,,,,,,,,,,,
vt_h4_c1,19,FT_K3,answer_only,signed_sum,raw,eligible_body_tokens,0.1,334,49,34,0.1467065868263473,0.6938775510204082,0.10179640718562874,0.6326530612244898,0.9117647058823529,0.9117647058823529,0.11134392023086548,1,0.6326530612244898,0.6326530612244898,,,,,,,,,,,,
vt_h4_c1,20,FT_K3,answer_only,signed_sum,raw,eligible_body_tokens,0.1,332,47,34,0.14156626506024098,0.723404255319149,0.10240963855421686,0.6595744680851063,0.9117647058823529,0.9117647058823529,0.11276960372924805,1,0.6595744680851063,0.6595744680851063,,,,,,,,,,,,
vt_h4_c1,21,FT_K3,answer_only,signed_sum,raw,eligible_body_tokens,0.1,335,50,34,0.14925373134328357,0.68,0.10149253731343283,0.66,0.9705882352941176,0.9705882352941176,0.14408518373966217,1,0.66,0.66,,,,,,,,,,,,
vt_h4_c1,22,FT_K3,answer_only,signed_sum,raw,eligible_body_tokens,0.1,334,49,34,0.1467065868263473,0.6938775510204082,0.10179640718562874,0.6938775510204082,1.0,1.0,0.1356123685836792,1,0.6938775510204082,0.6938775510204082,,,,,,,,,,,,
vt_h4_c1,23,FT_K3,answer_only,signed_sum,raw,eligible_body_tokens,0.1,335,50,34,0.14925373134328357,0.68,0.10149253731343283,0.66,0.9705882352941176,0.9705882352941176,0.12859049439430237,1,0.66,0.66,,,,,,,,,,,,
vt_h4_c1,24,FT_K3,answer_only,signed_sum,raw,eligible_body_tokens,0.1,333,48,34,0.14414414414414414,0.7083333333333334,0.1021021021021021,0.6666666666666666,0.9411764705882353,0.9411764705882353,0.11433371156454086,1,0.6666666666666666,0.6666666666666666,,,,,,,,,,,,
vt_h4_c1,25,FT_K3,answer_only,signed_sum,raw,eligible_body_tokens,0.1,337,52,34,0.1543026706231454,0.6538461538461539,0.10089020771513353,0.6538461538461539,1.0,1.0,0.1632876992225647,1,0.6538461538461539,0.6538461538461539,,,,,,,,,,,,
vt_h4_c1,26,FT_K3,answer_only,signed_sum,raw,eligible_body_tokens,0.1,335,50,34,0.14925373134328357,0.68,0.10149253731343283,0.68,1.0,1.0,0.15896522998809814,1,0.68,0.68,,,,,,,,,,,,
vt_h4_c1,27,FT_K3,answer_only,signed_sum,raw,eligible_body_tokens,0.1,334,49,34,0.1467065868263473,0.6938775510204082,0.10179640718562874,0.6326530612244898,0.9117647058823529,0.9117647058823529,0.12129911780357361,1,0.6326530612244898,0.6326530612244898,,,,,,,,,,,,
vt_h4_c1,28,FT_K3,answer_only,signed_sum,raw,eligible_body_tokens,0.1,333,48,34,0.14414414414414414,0.7083333333333334,0.1021021021021021,0.6875,0.9705882352941176,0.9705882352941176,0.13947027921676636,1,0.6875,0.6875,,,,,,,,,,,,
vt_h4_c1,29,FT_K3,answer_only,signed_sum,raw,eligible_body_tokens,0.1,331,46,34,0.13897280966767372,0.7391304347826086,0.1027190332326284,0.717391304347826,0.9705882352941176,0.9705882352941176,0.1290684938430786,1,0.717391304347826,0.717391304347826,,,,,,,,,,,,
vt_h4_c1,30,FT_K3,answer_only,signed_sum,raw,eligible_body_tokens,0.1,333,48,34,0.14414414414414414,0.7083333333333334,0.1021021021021021,0.6875,0.9705882352941176,0.9705882352941176,0.13096925616264343,1,0.6875,0.6875,,,,,,,,,,,,
vt_h4_c1,31,FT_K3,answer_only,signed_sum,raw,eligible_body_tokens,0.1,333,48,34,0.14414414414414414,0.7083333333333334,0.1021021021021021,0.6875,0.9705882352941176,0.9705882352941176,0.1208476796746254,1,0.6875,0.6875,,,,,,,,,,,,
vt_h4_c1,32,FT_K3,answer_only,signed_sum,raw,eligible_body_tokens,0.1,331,46,34,0.13897280966767372,0.7391304347826086,0.1027190332326284,0.6956521739130435,0.9411764705882353,0.9411764705882353,0.11113430559635162,1,0.6956521739130435,0.6956521739130435,,,,,,,,,,,,
vt_h4_c1,33,FT_K3,answer_only,signed_sum,raw,eligible_body_tokens,0.1,337,52,34,0.1543026706231454,0.6538461538461539,0.10089020771513353,0.6538461538461539,1.0,1.0,0.15518708527088165,1,0.6538461538461539,0.6538461538461539,,,,,,,,,,,,
vt_h4_c1,34,FT_K3,answer_only,signed_sum,raw,eligible_body_tokens,0.1,335,50,34,0.14925373134328357,0.68,0.10149253731343283,0.68,1.0,1.0,0.14483743906021118,1,0.68,0.68,,,,,,,,,,,,
vt_h4_c1,35,FT_K3,answer_only,signed_sum,raw,eligible_body_tokens,0.1,333,48,34,0.14414414414414414,0.7083333333333334,0.1021021021021021,0.7083333333333334,1.0,1.0,0.12417124211788177,1,0.7083333333333334,0.7083333333333334,,,,,,,,,,,,
vt_h4_c1,36,FT_K3,answer_only,signed_sum,raw,eligible_body_tokens,0.1,335,50,34,0.14925373134328357,0.68,0.10149253731343283,0.66,0.9705882352941176,0.9705882352941176,0.1355329304933548,1,0.66,0.66,,,,,,,,,,,,
vt_h4_c1,37,FT_K3,answer_only,signed_sum,raw,eligible_body_tokens,0.1,331,46,34,0.13897280966767372,0.7391304347826086,0.1027190332326284,0.6956521739130435,0.9411764705882353,0.9411764705882353,0.11407007277011871,1,0.6956521739130435,0.6956521739130435,,,,,,,,,,,,
vt_h4_c1,38,FT_K3,answer_only,signed_sum,raw,eligible_body_tokens,0.1,333,48,34,0.14414414414414414,0.7083333333333334,0.1021021021021021,0.7083333333333334,1.0,1.0,0.12225392460823059,1,0.7083333333333334,0.7083333333333334,,,,,,,,,,,,
vt_h4_c1,39,FT_K3,answer_only,signed_sum,raw,eligible_body_tokens,0.1,331,46,34,0.13897280966767372,0.7391304347826086,0.1027190332326284,0.6956521739130435,0.9411764705882353,0.9411764705882353,0.11014419794082642,1,0.6956521739130435,0.6956521739130435,,,,,,,,,,,,
vt_h4_c1,40,FT_K3,answer_only,signed_sum,raw,eligible_body_tokens,0.1,332,47,34,0.14156626506024098,0.723404255319149,0.10240963855421686,0.6808510638297872,0.9411764705882353,0.9411764705882353,0.12987682223320007,1,0.6808510638297872,0.6808510638297872,,,,,,,,,,,,
vt_h4_c1,41,FT_K3,answer_only,signed_sum,raw,eligible_body_tokens,0.1,333,48,34,0.14414414414414414,0.7083333333333334,0.1021021021021021,0.6875,0.9705882352941176,0.9705882352941176,0.12649884819984436,1,0.6875,0.6875,,,,,,,,,,,,
vt_h4_c1,42,FT_K3,answer_only,signed_sum,raw,eligible_body_tokens,0.1,329,44,33,0.1337386018237082,0.75,0.10030395136778116,0.6818181818181818,0.9090909090909091,0.9090909090909091,0.11142998188734055,1,0.6818181818181818,0.6818181818181818,,,,,,,,,,,,
vt_h4_c1,43,FT_K3,answer_only,signed_sum,raw,eligible_body_tokens,0.1,333,48,34,0.14414414414414414,0.7083333333333334,0.1021021021021021,0.7083333333333334,1.0,1.0,0.13704711198806763,1,0.7083333333333334,0.7083333333333334,,,,,,,,,,,,
vt_h4_c1,44,FT_K3,answer_only,signed_sum,raw,eligible_body_tokens,0.1,333,48,34,0.14414414414414414,0.7083333333333334,0.1021021021021021,0.7083333333333334,1.0,1.0,0.12237425148487091,1,0.7083333333333334,0.7083333333333334,,,,,,,,,,,,
vt_h4_c1,45,FT_K3,answer_only,signed_sum,raw,eligible_body_tokens,0.1,333,48,34,0.14414414414414414,0.7083333333333334,0.1021021021021021,0.6875,0.9705882352941176,0.9705882352941176,0.12125994265079498,1,0.6875,0.6875,,,,,,,,,,,,
vt_h4_c1,46,FT_K3,answer_only,signed_sum,raw,eligible_body_tokens,0.1,332,47,34,0.14156626506024098,0.723404255319149,0.10240963855421686,0.7021276595744681,0.9705882352941176,0.9705882352941176,0.12513801455497742,1,0.7021276595744681,0.7021276595744681,,,,,,,,,,,,
vt_h4_c1,47,FT_K3,answer_only,signed_sum,raw,eligible_body_tokens,0.1,329,44,33,0.1337386018237082,0.75,0.10030395136778116,0.7045454545454546,0.9393939393939394,0.9393939393939394,0.10545369237661362,1,0.7045454545454546,0.7045454545454546,,,,,,,,,,,,
vt_h4_c1,48,FT_K3,answer_only,signed_sum,raw,eligible_body_tokens,0.1,331,46,34,0.13897280966767372,0.7391304347826086,0.1027190332326284,0.6739130434782609,0.9117647058823529,0.9117647058823529,0.11138416826725006,1,0.6739130434782609,0.6739130434782609,,,,,,,,,,,,
vt_h4_c1,49,FT_K3,answer_only,signed_sum,raw,eligible_body_tokens,0.1,332,47,34,0.14156626506024098,0.723404255319149,0.10240963855421686,0.6808510638297872,0.9411764705882353,0.9411764705882353,0.11836931109428406,1,0.6808510638297872,0.6808510638297872,,,,,,,,,,,,
vt_h4_c1,50,FT_K3,answer_only,signed_sum,raw,eligible_body_tokens,0.1,335,50,34,0.14925373134328357,0.68,0.10149253731343283,0.68,1.0,1.0,0.13807043433189392,1,0.68,0.68,,,,,,,,,,,,
vt_h4_c1,51,FT_K3,answer_only,signed_sum,raw,eligible_body_tokens,0.1,329,44,33,0.1337386018237082,0.75,0.10030395136778116,0.7045454545454546,0.9393939393939394,0.9393939393939394,0.10792452841997147,1,0.7045454545454546,0.7045454545454546,,,,,,,,,,,,
vt_h4_c1,52,FT_K3,answer_only,signed_sum,raw,eligible_body_tokens,0.1,333,48,34,0.14414414414414414,0.7083333333333334,0.1021021021021021,0.6875,0.9705882352941176,0.9705882352941176,0.1317320466041565,1,0.6875,0.6875,,,,,,,,,,,,
vt_h4_c1,53,FT_K3,answer_only,signed_sum,raw,eligible_body_tokens,0.1,333,48,34,0.14414414414414414,0.7083333333333334,0.1021021021021021,0.6875,0.9705882352941176,0.9705882352941176,0.11951261758804321,1,0.6875,0.6875,,,,,,,,,,,,
vt_h4_c1,54,FT_K3,answer_only,signed_sum,raw,eligible_body_tokens,0.1,330,45,33,0.13636363636363635,0.7333333333333333,0.1,0.6888888888888889,0.9393939393939394,0.9393939393939394,0.12151803076267242,1,0.6888888888888889,0.6888888888888889,,,,,,,,,,,,
vt_h4_c1,55,FT_K3,answer_only,signed_sum,raw,eligible_body_tokens,0.1,334,49,34,0.1467065868263473,0.6938775510204082,0.10179640718562874,0.6938775510204082,1.0,1.0,0.12108226120471954,1,0.6938775510204082,0.6938775510204082,,,,,,,,,,,,
vt_h4_c1,56,FT_K3,answer_only,signed_sum,raw,eligible_body_tokens,0.1,333,48,34,0.14414414414414414,0.7083333333333334,0.1021021021021021,0.6875,0.9705882352941176,0.9705882352941176,0.12038223445415497,1,0.6875,0.6875,,,,,,,,,,,,
vt_h4_c1,57,FT_K3,answer_only,signed_sum,raw,eligible_body_tokens,0.1,333,48,34,0.14414414414414414,0.7083333333333334,0.1021021021021021,0.6875,0.9705882352941176,0.9705882352941176,0.11824564635753632,1,0.6875,0.6875,,,,,,,,,,,,
vt_h4_c1,58,FT_K3,answer_only,signed_sum,raw,eligible_body_tokens,0.1,331,46,34,0.13897280966767372,0.7391304347826086,0.1027190332326284,0.717391304347826,0.9705882352941176,0.9705882352941176,0.12779110670089722,1,0.717391304347826,0.717391304347826,,,,,,,,,,,,
vt_h4_c1,59,FT_K3,answer_only,signed_sum,raw,eligible_body_tokens,0.1,330,45,33,0.13636363636363635,0.7333333333333333,0.1,0.6666666666666666,0.9090909090909091,0.9090909090909091,0.1181010827422142,1,0.6666666666666666,0.6666666666666666,,,,,,,,,,,,
vt_h4_c1,60,FT_K3,answer_only,signed_sum,raw,eligible_body_tokens,0.1,333,48,34,0.14414414414414414,0.7083333333333334,0.1021021021021021,0.6875,0.9705882352941176,0.9705882352941176,0.12664945423603058,1,0.6875,0.6875,,,,,,,,,,,,
vt_h4_c1,61,FT_K3,answer_only,signed_sum,raw,eligible_body_tokens,0.1,334,49,34,0.1467065868263473,0.6938775510204082,0.10179640718562874,0.673469387755102,0.9705882352941176,0.9705882352941176,0.13696300983428955,1,0.673469387755102,0.673469387755102,,,,,,,,,,,,
vt_h4_c1,62,FT_K3,answer_only,signed_sum,raw,eligible_body_tokens,0.1,333,48,34,0.14414414414414414,0.7083333333333334,0.1021021021021021,0.7083333333333334,1.0,1.0,0.13543067872524261,1,0.7083333333333334,0.7083333333333334,,,,,,,,,,,,
vt_h4_c1,63,FT_K3,answer_only,signed_sum,raw,eligible_body_tokens,0.1,336,51,34,0.15178571428571427,0.6666666666666666,0.10119047619047619,0.6666666666666666,1.0,1.0,0.15320128202438354,1,0.6666666666666666,0.6666666666666666,,,,,,,,,,,,
vt_h4_c1,64,FT_K3,answer_only,signed_sum,raw,eligible_body_tokens,0.1,332,47,34,0.14156626506024098,0.723404255319149,0.10240963855421686,0.7021276595744681,0.9705882352941176,0.9705882352941176,0.11884932965040207,1,0.7021276595744681,0.7021276595744681,,,,,,,,,,,,
vt_h4_c1,65,FT_K3,answer_only,signed_sum,raw,eligible_body_tokens,0.1,333,48,34,0.14414414414414414,0.7083333333333334,0.1021021021021021,0.7083333333333334,1.0,1.0,0.14423179626464844,1,0.7083333333333334,0.7083333333333334,,,,,,,,,,,,
vt_h4_c1,66,FT_K3,answer_only,signed_sum,raw,eligible_body_tokens,0.1,332,47,34,0.14156626506024098,0.723404255319149,0.10240963855421686,0.7021276595744681,0.9705882352941176,0.9705882352941176,0.12636664509773254,1,0.7021276595744681,0.7021276595744681,,,,,,,,,,,,
vt_h4_c1,67,FT_K3,answer_only,signed_sum,raw,eligible_body_tokens,0.1,333,48,34,0.14414414414414414,0.7083333333333334,0.1021021021021021,0.6666666666666666,0.9411764705882353,0.9411764705882353,0.10519181191921234,1,0.6666666666666666,0.6666666666666666,,,,,,,,,,,,
vt_h4_c1,68,FT_K3,answer_only,signed_sum,raw,eligible_body_tokens,0.1,334,49,34,0.1467065868263473,0.6938775510204082,0.10179640718562874,0.6530612244897959,0.9411764705882353,0.9411764705882353,0.1303991675376892,1,0.6530612244897959,0.6530612244897959,,,,,,,,,,,,
vt_h4_c1,69,FT_K3,answer_only,signed_sum,raw,eligible_body_tokens,0.1,333,48,34,0.14414414414414414,0.7083333333333334,0.1021021021021021,0.6875,0.9705882352941176,0.9705882352941176,0.1387578845024109,1,0.6875,0.6875,,,,,,,,,,,,
vt_h4_c1,70,FT_K3,answer_only,signed_sum,raw,eligible_body_tokens,0.1,336,51,34,0.15178571428571427,0.6666666666666666,0.10119047619047619,0.6470588235294118,0.9705882352941176,0.9705882352941176,0.14380426704883575,1,0.6470588235294118,0.6470588235294118,,,,,,,,,,,,
vt_h4_c1,71,FT_K3,answer_only,signed_sum,raw,eligible_body_tokens,0.1,331,46,34,0.13897280966767372,0.7391304347826086,0.1027190332326284,0.6956521739130435,0.9411764705882353,0.9411764705882353,0.12140779197216034,1,0.6956521739130435,0.6956521739130435,,,,,,,,,,,,
vt_h4_c1,72,FT_K3,answer_only,signed_sum,raw,eligible_body_tokens,0.1,335,50,34,0.14925373134328357,0.68,0.10149253731343283,0.68,1.0,1.0,0.13149482011795044,1,0.68,0.68,,,,,,,,,,,,
vt_h4_c1,73,FT_K3,answer_only,signed_sum,raw,eligible_body_tokens,0.1,333,48,34,0.14414414414414414,0.7083333333333334,0.1021021021021021,0.7083333333333334,1.0,1.0,0.12268535792827606,1,0.7083333333333334,0.7083333333333334,,,,,,,,,,,,
vt_h4_c1,74,FT_K3,answer_only,signed_sum,raw,eligible_body_tokens,0.1,333,48,34,0.14414414414414414,0.7083333333333334,0.1021021021021021,0.6875,0.9705882352941176,0.9705882352941176,0.12300346791744232,1,0.6875,0.6875,,,,,,,,,,,,
vt_h4_c1,75,FT_K3,answer_only,signed_sum,raw,eligible_body_tokens,0.1,329,44,33,0.1337386018237082,0.75,0.10030395136778116,0.6818181818181818,0.9090909090909091,0.9090909090909091,0.11416050791740417,1,0.6818181818181818,0.6818181818181818,,,,,,,,,,,,
vt_h4_c1,76,FT_K3,answer_only,signed_sum,raw,eligible_body_tokens,0.1,331,46,34,0.13897280966767372,0.7391304347826086,0.1027190332326284,0.6739130434782609,0.9117647058823529,0.9117647058823529,0.11427523195743561,1,0.6739130434782609,0.6739130434782609,,,,,,,,,,,,
vt_h4_c1,77,FT_K3,answer_only,signed_sum,raw,eligible_body_tokens,0.1,333,48,34,0.14414414414414414,0.7083333333333334,0.1021021021021021,0.6666666666666666,0.9411764705882353,0.9411764705882353,0.13657636940479279,1,0.6666666666666666,0.6666666666666666,,,,,,,,,,,,
vt_h4_c1,78,FT_K3,answer_only,signed_sum,raw,eligible_body_tokens,0.1,335,50,34,0.14925373134328357,0.68,0.10149253731343283,0.68,1.0,1.0,0.13903702795505524,1,0.68,0.68,,,,,,,,,,,,
vt_h4_c1,79,FT_K3,answer_only,signed_sum,raw,eligible_body_tokens,0.1,334,49,34,0.1467065868263473,0.6938775510204082,0.10179640718562874,0.6938775510204082,1.0,1.0,0.14434655010700226,1,0.6938775510204082,0.6938775510204082,,,,,,,,,,,,
vt_h4_c1,80,FT_K3,answer_only,signed_sum,raw,eligible_body_tokens,0.1,331,46,34,0.13897280966767372,0.7391304347826086,0.1027190332326284,0.6521739130434783,0.8823529411764706,0.8823529411764706,0.10040630400180817,1,0.6521739130434783,0.6521739130434783,,,,,,,,,,,,
vt_h4_c1,81,FT_K3,answer_only,signed_sum,raw,eligible_body_tokens,0.1,333,48,34,0.14414414414414414,0.7083333333333334,0.1021021021021021,0.6458333333333334,0.9117647058823529,0.9117647058823529,0.1197095587849617,1,0.6458333333333334,0.6458333333333334,,,,,,,,,,,,
vt_h4_c1,82,FT_K3,answer_only,signed_sum,raw,eligible_body_tokens,0.1,334,49,34,0.1467065868263473,0.6938775510204082,0.10179640718562874,0.673469387755102,0.9705882352941176,0.9705882352941176,0.12117278575897217,1,0.673469387755102,0.673469387755102,,,,,,,,,,,,
vt_h4_c1,83,FT_K3,answer_only,signed_sum,raw,eligible_body_tokens,0.1,332,47,34,0.14156626506024098,0.723404255319149,0.10240963855421686,0.7021276595744681,0.9705882352941176,0.9705882352941176,0.12588894367218018,1,0.7021276595744681,0.7021276595744681,,,,,,,,,,,,
vt_h4_c1,84,FT_K3,answer_only,signed_sum,raw,eligible_body_tokens,0.1,329,44,33,0.1337386018237082,0.75,0.10030395136778116,0.7045454545454546,0.9393939393939394,0.9393939393939394,0.11245742440223694,1,0.7045454545454546,0.7045454545454546,,,,,,,,,,,,
vt_h4_c1,85,FT_K3,answer_only,signed_sum,raw,eligible_body_tokens,0.1,332,47,34,0.14156626506024098,0.723404255319149,0.10240963855421686,0.6808510638297872,0.9411764705882353,0.9411764705882353,0.11493252962827682,1,0.6808510638297872,0.6808510638297872,,,,,,,,,,,,
vt_h4_c1,86,FT_K3,answer_only,signed_sum,raw,eligible_body_tokens,0.1,332,47,34,0.14156626506024098,0.723404255319149,0.10240963855421686,0.6808510638297872,0.9411764705882353,0.9411764705882353,0.1280694305896759,1,0.6808510638297872,0.6808510638297872,,,,,,,,,,,,
vt_h4_c1,87,FT_K3,answer_only,signed_sum,raw,eligible_body_tokens,0.1,329,44,33,0.1337386018237082,0.75,0.10030395136778116,0.6590909090909091,0.8787878787878788,0.8787878787878788,0.09988901019096375,1,0.6590909090909091,0.6590909090909091,,,,,,,,,,,,
vt_h4_c1,88,FT_K3,answer_only,signed_sum,raw,eligible_body_tokens,0.1,331,46,34,0.13897280966767372,0.7391304347826086,0.1027190332326284,0.6521739130434783,0.8823529411764706,0.8823529411764706,0.10893352329730988,1,0.6521739130434783,0.6521739130434783,,,,,,,,,,,,
vt_h4_c1,89,FT_K3,answer_only,signed_sum,raw,eligible_body_tokens,0.1,329,44,33,0.1337386018237082,0.75,0.10030395136778116,0.7272727272727273,0.9696969696969697,0.9696969696969697,0.11983706802129745,1,0.7272727272727273,0.7272727272727273,,,,,,,,,,,,
vt_h4_c1,90,FT_K3,answer_only,signed_sum,raw,eligible_body_tokens,0.1,331,46,34,0.13897280966767372,0.7391304347826086,0.1027190332326284,0.6739130434782609,0.9117647058823529,0.9117647058823529,0.10982951521873474,1,0.6739130434782609,0.6739130434782609,,,,,,,,,,,,
vt_h4_c1,91,FT_K3,answer_only,signed_sum,raw,eligible_body_tokens,0.1,331,46,34,0.13897280966767372,0.7391304347826086,0.1027190332326284,0.6956521739130435,0.9411764705882353,0.9411764705882353,0.10701093077659607,1,0.6956521739130435,0.6956521739130435,,,,,,,,,,,,
vt_h4_c1,92,FT_K3,answer_only,signed_sum,raw,eligible_body_tokens,0.1,333,48,34,0.14414414414414414,0.7083333333333334,0.1021021021021021,0.6875,0.9705882352941176,0.9705882352941176,0.12342225760221481,1,0.6875,0.6875,,,,,,,,,,,,
vt_h4_c1,93,FT_K3,answer_only,signed_sum,raw,eligible_body_tokens,0.1,331,46,34,0.13897280966767372,0.7391304347826086,0.1027190332326284,0.6956521739130435,0.9411764705882353,0.9411764705882353,0.11277367174625397,1,0.6956521739130435,0.6956521739130435,,,,,,,,,,,,
vt_h4_c1,94,FT_K3,answer_only,signed_sum,raw,eligible_body_tokens,0.1,336,51,34,0.15178571428571427,0.6666666666666666,0.10119047619047619,0.6470588235294118,0.9705882352941176,0.9705882352941176,0.1391766220331192,1,0.6470588235294118,0.6470588235294118,,,,,,,,,,,,
vt_h4_c1,95,FT_K3,answer_only,signed_sum,raw,eligible_body_tokens,0.1,331,46,34,0.13897280966767372,0.7391304347826086,0.1027190332326284,0.717391304347826,0.9705882352941176,0.9705882352941176,0.10693104565143585,1,0.717391304347826,0.717391304347826,,,,,,,,,,,,
vt_h4_c1,96,FT_K3,answer_only,signed_sum,raw,eligible_body_tokens,0.1,329,44,33,0.1337386018237082,0.75,0.10030395136778116,0.7045454545454546,0.9393939393939394,0.9393939393939394,0.11495564877986908,1,0.7045454545454546,0.7045454545454546,,,,,,,,,,,,
vt_h4_c1,97,FT_K3,answer_only,signed_sum,raw,eligible_body_tokens,0.1,330,45,33,0.13636363636363635,0.7333333333333333,0.1,0.6666666666666666,0.9090909090909091,0.9090909090909091,0.12187083810567856,1,0.6666666666666666,0.6666666666666666,,,,,,,,,,,,
vt_h4_c1,98,FT_K3,answer_only,signed_sum,raw,eligible_body_tokens,0.1,331,46,34,0.13897280966767372,0.7391304347826086,0.1027190332326284,0.717391304347826,0.9705882352941176,0.9705882352941176,0.12585672736167908,1,0.717391304347826,0.717391304347826,,,,,,,,,,,,
vt_h4_c1,99,FT_K3,answer_only,signed_sum,raw,eligible_body_tokens,0.1,331,46,34,0.13897280966767372,0.7391304347826086,0.1027190332326284,0.6739130434782609,0.9117647058823529,0.9117647058823529,0.10567125678062439,1,0.6739130434782609,0.6739130434782609,,,,,,,,,,,,
vt_h4_c1,0,Perturbation,answer_only,signed_sum,raw,eligible_body_tokens,0.1,336,51,34,0.15178571428571427,0.6666666666666666,0.10119047619047619,0.19607843137254902,0.29411764705882354,0.29411764705882354,37.73543167114258,43,0.0196078431372549,0.19607843137254902,,,,,,,,,,,,
vt_h4_c1,1,Perturbation,answer_only,signed_sum,raw,eligible_body_tokens,0.1,333,48,34,0.14414414414414414,0.7083333333333334,0.1021021021021021,0.20833333333333334,0.29411764705882354,0.29411764705882354,52.071720123291016,43,0.14583333333333334,0.3333333333333333,,,,,,,,,,,,
vt_h4_c1,2,Perturbation,answer_only,signed_sum,raw,eligible_body_tokens,0.1,331,46,34,0.13897280966767372,0.7391304347826086,0.1027190332326284,0.1956521739130435,0.2647058823529412,0.2647058823529412,37.727298736572266,42,0.021739130434782608,0.1956521739130435,,,,,,,,,,,,
vt_h4_c1,3,Perturbation,answer_only,signed_sum,raw,eligible_body_tokens,0.1,332,47,34,0.14156626506024098,0.723404255319149,0.10240963855421686,0.1702127659574468,0.23529411764705882,0.23529411764705882,37.89250946044922,42,0.0,0.1702127659574468,,,,,,,,,,,,
vt_h4_c1,4,Perturbation,answer_only,signed_sum,raw,eligible_body_tokens,0.1,337,52,34,0.1543026706231454,0.6538461538461539,0.10089020771513353,0.19230769230769232,0.29411764705882354,0.29411764705882354,44.042728424072266,41,0.057692307692307696,0.19230769230769232,,,,,,,,,,,,
vt_h4_c1,5,Perturbation,answer_only,signed_sum,raw,eligible_body_tokens,0.1,331,46,34,0.13897280966767372,0.7391304347826086,0.1027190332326284,0.17391304347826086,0.23529411764705882,0.23529411764705882,35.053955078125,42,0.0,0.17391304347826086,,,,,,,,,,,,
vt_h4_c1,6,Perturbation,answer_only,signed_sum,raw,eligible_body_tokens,0.1,331,46,34,0.13897280966767372,0.7391304347826086,0.1027190332326284,0.08695652173913043,0.11764705882352941,0.11764705882352941,23.998279571533203,43,0.0,0.1956521739130435,,,,,,,,,,,,
vt_h4_c1,7,Perturbation,answer_only,signed_sum,raw,eligible_body_tokens,0.1,330,45,33,0.13636363636363635,0.7333333333333333,0.1,0.24444444444444444,0.3333333333333333,0.3333333333333333,44.1236686706543,43,0.022222222222222223,0.24444444444444444,,,,,,,,,,,,
vt_h4_c1,8,Perturbation,answer_only,signed_sum,raw,eligible_body_tokens,0.1,331,46,34,0.13897280966767372,0.7391304347826086,0.1027190332326284,0.17391304347826086,0.23529411764705882,0.23529411764705882,40.7816047668457,42,0.0,0.17391304347826086,,,,,,,,,,,,
vt_h4_c1,9,Perturbation,answer_only,signed_sum,raw,eligible_body_tokens,0.1,334,49,34,0.1467065868263473,0.6938775510204082,0.10179640718562874,0.30612244897959184,0.4411764705882353,0.4411764705882353,62.326255798339844,44,0.14285714285714285,0.3469387755102041,,,,,,,,,,,,
vt_h4_c1,10,Perturbation,answer_only,signed_sum,raw,eligible_body_tokens,0.1,331,46,34,0.13897280966767372,0.7391304347826086,0.1027190332326284,0.1956521739130435,0.2647058823529412,0.2647058823529412,30.091039657592773,43,0.0,0.1956521739130435,,,,,,,,,,,,
vt_h4_c1,11,Perturbation,answer_only,signed_sum,raw,eligible_body_tokens,0.1,333,48,34,0.14414414414414414,0.7083333333333334,0.1021021021021021,0.22916666666666666,0.3235294117647059,0.3235294117647059,34.37710189819336,42,0.0625,0.22916666666666666,,,,,,,,,,,,
vt_h4_c1,12,Perturbation,answer_only,signed_sum,raw,eligible_body_tokens,0.1,339,54,34,0.1592920353982301,0.6296296296296297,0.10029498525073746,0.2777777777777778,0.4411764705882353,0.4411764705882353,48.62918472290039,45,0.12962962962962962,0.3333333333333333,,,,,,,,,,,,
vt_h4_c1,13,Perturbation,answer_only,signed_sum,raw,eligible_body_tokens,0.1,333,48,34,0.14414414414414414,0.7083333333333334,0.1021021021021021,0.22916666666666666,0.3235294117647059,0.3235294117647059,35.72210693359375,42,0.0625,0.22916666666666666,,,,,,,,,,,,
vt_h4_c1,14,Perturbation,answer_only,signed_sum,raw,eligible_body_tokens,0.1,337,52,34,0.1543026706231454,0.6538461538461539,0.10089020771513353,0.17307692307692307,0.2647058823529412,0.2647058823529412,34.87716293334961,44,0.019230769230769232,0.21153846153846154,,,,,,,,,,,,
vt_h4_c1,15,Perturbation,answer_only,signed_sum,raw,eligible_body_tokens,0.1,331,46,34,0.13897280966767372,0.7391304347826086,0.1027190332326284,0.1956521739130435,0.2647058823529412,0.2647058823529412,26.706846237182617,43,0.0,0.1956521739130435,,,,,,,,,,,,
vt_h4_c1,16,Perturbation,answer_only,signed_sum,raw,eligible_body_tokens,0.1,331,46,34,0.13897280966767372,0.7391304347826086,0.1027190332326284,0.2608695652173913,0.35294117647058826,0.35294117647058826,50.704200744628906,44,0.17391304347826086,0.391304347826087,,,,,,,,,,,,
vt_h4_c1,17,Perturbation,answer_only,signed_sum,raw,eligible_body_tokens,0.1,329,44,33,0.1337386018237082,0.75,0.10030395136778116,0.2727272727272727,0.36363636363636365,0.36363636363636365,38.29520797729492,43,0.045454545454545456,0.2727272727272727,,,,,,,,,,,,
vt_h4_c1,18,Perturbation,answer_only,signed_sum,raw,eligible_body_tokens,0.1,330,45,33,0.13636363636363635,0.7333333333333333,0.1,0.022222222222222223,0.030303030303030304,0.030303030303030304,38.289363861083984,41,0.0,0.06666666666666667,,,,,,,,,,,,
vt_h4_c1,19,Perturbation,answer_only,signed_sum,raw,eligible_body_tokens,0.1,334,49,34,0.1467065868263473,0.6938775510204082,0.10179640718562874,0.22448979591836735,0.3235294117647059,0.3235294117647059,46.01142120361328,42,0.061224489795918366,0.22448979591836735,,,,,,,,,,,,
vt_h4_c1,20,Perturbation,answer_only,signed_sum,raw,eligible_body_tokens,0.1,332,47,34,0.14156626506024098,0.723404255319149,0.10240963855421686,0.19148936170212766,0.2647058823529412,0.2647058823529412,44.1021842956543,42,0.02127659574468085,0.19148936170212766,,,,,,,,,,,,
vt_h4_c1,21,Perturbation,answer_only,signed_sum,raw,eligible_body_tokens,0.1,335,50,34,0.14925373134328357,0.68,0.10149253731343283,0.18,0.2647058823529412,0.2647058823529412,40.81788635253906,42,0.02,0.18,,,,,,,,,,,,
vt_h4_c1,22,Perturbation,answer_only,signed_sum,raw,eligible_body_tokens,0.1,334,49,34,0.1467065868263473,0.6938775510204082,0.10179640718562874,0.1836734693877551,0.2647058823529412,0.2647058823529412,51.589332580566406,43,0.0,0.1836734693877551,,,,,,,,,,,,
vt_h4_c1,23,Perturbation,answer_only,signed_sum,raw,eligible_body_tokens,0.1,335,50,34,0.14925373134328357,0.68,0.10149253731343283,0.2,0.29411764705882354,0.29411764705882354,42.95501708984375,42,0.04,0.2,,,,,,,,,,,,
vt_h4_c1,24,Perturbation,answer_only,signed_sum,raw,eligible_body_tokens,0.1,333,48,34,0.14414414414414414,0.7083333333333334,0.1021021021021021,0.20833333333333334,0.29411764705882354,0.29411764705882354,34.75849151611328,42,0.041666666666666664,0.20833333333333334,,,,,,,,,,,,
vt_h4_c1,25,Perturbation,answer_only,signed_sum,raw,eligible_body_tokens,0.1,337,52,34,0.1543026706231454,0.6538461538461539,0.10089020771513353,0.19230769230769232,0.29411764705882354,0.29411764705882354,37.972007751464844,43,0.019230769230769232,0.19230769230769232,,,,,,,,,,,,
vt_h4_c1,26,Perturbation,answer_only,signed_sum,raw,eligible_body_tokens,0.1,335,50,34,0.14925373134328357,0.68,0.10149253731343283,0.0,0.0,0.0,51.82640075683594,41,0.0,0.06,,,,,,,,,,,,
vt_h4_c1,27,Perturbation,answer_only,signed_sum,raw,eligible_body_tokens,0.1,334,49,34,0.1467065868263473,0.6938775510204082,0.10179640718562874,0.0,0.0,0.0,46.50364303588867,42,0.0,0.14285714285714285,,,,,,,,,,,,
vt_h4_c1,28,Perturbation,answer_only,signed_sum,raw,eligible_body_tokens,0.1,333,48,34,0.14414414414414414,0.7083333333333334,0.1021021021021021,0.2916666666666667,0.4117647058823529,0.4117647058823529,51.092315673828125,43,0.20833333333333334,0.3958333333333333,,,,,,,,,,,,
vt_h4_c1,29,Perturbation,answer_only,signed_sum,raw,eligible_body_tokens,0.1,331,46,34,0.13897280966767372,0.7391304347826086,0.1027190332326284,0.1956521739130435,0.2647058823529412,0.2647058823529412,39.96592712402344,42,0.021739130434782608,0.1956521739130435,,,,,,,,,,,,
vt_h4_c1,30,Perturbation,answer_only,signed_sum,raw,eligible_body_tokens,0.1,333,48,34,0.14414414414414414,0.7083333333333334,0.1021021021021021,0.1875,0.2647058823529412,0.2647058823529412,44.0847053527832,44,0.16666666666666666,0.375,,,,,,,,,,,,
vt_h4_c1,31,Perturbation,answer_only,signed_sum,raw,eligible_body_tokens,0.1,333,48,34,0.14414414414414414,0.7083333333333334,0.1021021021021021,0.16666666666666666,0.23529411764705882,0.23529411764705882,37.71396255493164,42,0.0,0.16666666666666666,,,,,,,,,,,,
vt_h4_c1,32,Perturbation,answer_only,signed_sum,raw,eligible_body_tokens,0.1,331,46,34,0.13897280966767372,0.7391304347826086,0.1027190332326284,0.30434782608695654,0.4117647058823529,0.4117647058823529,44.136749267578125,43,0.1956521739130435,0.391304347826087,,,,,,,,,,,,
vt_h4_c1,33,Perturbation,answer_only,signed_sum,raw,eligible_body_tokens,0.1,337,52,34,0.1543026706231454,0.6538461538461539,0.10089020771513353,0.038461538461538464,0.058823529411764705,0.058823529411764705,32.85649871826172,42,0.038461538461538464,0.19230769230769232,,,,,,,,,,,,
vt_h4_c1,34,Perturbation,answer_only,signed_sum,raw,eligible_body_tokens,0.1,335,50,34,0.14925373134328357,0.68,0.10149253731343283,0.2,0.29411764705882354,0.29411764705882354,39.92579650878906,43,0.02,0.2,,,,,,,,,,,,
vt_h4_c1,35,Perturbation,answer_only,signed_sum,raw,eligible_body_tokens,0.1,333,48,34,0.14414414414414414,0.7083333333333334,0.1021021021021021,0.3125,0.4411764705882353,0.4411764705882353,44.023590087890625,44,0.1875,0.3958333333333333,,,,,,,,,,,,
vt_h4_c1,36,Perturbation,answer_only,signed_sum,raw,eligible_body_tokens,0.1,335,50,34,0.14925373134328357,0.68,0.10149253731343283,0.2,0.29411764705882354,0.29411764705882354,32.74973678588867,42,0.04,0.2,,,,,,,,,,,,
vt_h4_c1,37,Perturbation,answer_only,signed_sum,raw,eligible_body_tokens,0.1,331,46,34,0.13897280966767372,0.7391304347826086,0.1027190332326284,0.17391304347826086,0.23529411764705882,0.23529411764705882,48.224334716796875,42,0.0,0.17391304347826086,,,,,,,,,,,,
vt_h4_c1,38,Perturbation,answer_only,signed_sum,raw,eligible_body_tokens,0.1,333,48,34,0.14414414414414414,0.7083333333333334,0.1021021021021021,0.22916666666666666,0.3235294117647059,0.3235294117647059,26.802749633789062,42,0.0625,0.22916666666666666,,,,,,,,,,,,
vt_h4_c1,39,Perturbation,answer_only,signed_sum,raw,eligible_body_tokens,0.1,331,46,34,0.13897280966767372,0.7391304347826086,0.1027190332326284,0.1956521739130435,0.2647058823529412,0.2647058823529412,36.785118103027344,42,0.021739130434782608,0.1956521739130435,,,,,,,,,,,,
vt_h4_c1,40,Perturbation,answer_only,signed_sum,raw,eligible_body_tokens,0.1,332,47,34,0.14156626506024098,0.723404255319149,0.10240963855421686,0.0,0.0,0.0,46.02354049682617,42,0.0,0.14893617021276595,,,,,,,,,,,,
vt_h4_c1,41,Perturbation,answer_only,signed_sum,raw,eligible_body_tokens,0.1,333,48,34,0.14414414414414414,0.7083333333333334,0.1021021021021021,0.1875,0.2647058823529412,0.2647058823529412,35.50688171386719,43,0.0,0.1875,,,,,,,,,,,,
vt_h4_c1,42,Perturbation,answer_only,signed_sum,raw,eligible_body_tokens,0.1,329,44,33,0.1337386018237082,0.75,0.10030395136778116,0.0,0.0,0.0,46.835025787353516,42,0.0,0.11363636363636363,,,,,,,,,,,,
vt_h4_c1,43,Perturbation,answer_only,signed_sum,raw,eligible_body_tokens,0.1,333,48,34,0.14414414414414414,0.7083333333333334,0.1021021021021021,0.20833333333333334,0.29411764705882354,0.29411764705882354,45.271488189697266,43,0.1875,0.375,,,,,,,,,,,,
vt_h4_c1,44,Perturbation,answer_only,signed_sum,raw,eligible_body_tokens,0.1,333,48,34,0.14414414414414414,0.7083333333333334,0.1021021021021021,0.1875,0.2647058823529412,0.2647058823529412,31.943708419799805,42,0.020833333333333332,0.1875,,,,,,,,,,,,
vt_h4_c1,45,Perturbation,answer_only,signed_sum,raw,eligible_body_tokens,0.1,333,48,34,0.14414414414414414,0.7083333333333334,0.1021021021021021,0.25,0.35294117647058826,0.35294117647058826,55.25345993041992,44,0.1875,0.3958333333333333,,,,,,,,,,,,
vt_h4_c1,46,Perturbation,answer_only,signed_sum,raw,eligible_body_tokens,0.1,332,47,34,0.14156626506024098,0.723404255319149,0.10240963855421686,0.19148936170212766,0.2647058823529412,0.2647058823529412,55.829097747802734,43,0.0,0.19148936170212766,,,,,,,,,,,,
vt_h4_c1,47,Perturbation,answer_only,signed_sum,raw,eligible_body_tokens,0.1,329,44,33,0.1337386018237082,0.75,0.10030395136778116,0.20454545454545456,0.2727272727272727,0.2727272727272727,41.5576171875,43,0.0,0.20454545454545456,,,,,,,,,,,,
vt_h4_c1,48,Perturbation,answer_only,signed_sum,raw,eligible_body_tokens,0.1,331,46,34,0.13897280966767372,0.7391304347826086,0.1027190332326284,0.1956521739130435,0.2647058823529412,0.2647058823529412,43.670310974121094,42,0.021739130434782608,0.1956521739130435,,,,,,,,,,,,
vt_h4_c1,49,Perturbation,answer_only,signed_sum,raw,eligible_body_tokens,0.1,332,47,34,0.14156626506024098,0.723404255319149,0.10240963855421686,0.1702127659574468,0.23529411764705882,0.23529411764705882,31.33049964904785,42,0.0,0.1702127659574468,,,,,,,,,,,,
vt_h4_c1,50,Perturbation,answer_only,signed_sum,raw,eligible_body_tokens,0.1,335,50,34,0.14925373134328357,0.68,0.10149253731343283,0.24,0.35294117647058826,0.35294117647058826,61.44087600708008,44,0.18,0.38,,,,,,,,,,,,
vt_h4_c1,51,Perturbation,answer_only,signed_sum,raw,eligible_body_tokens,0.1,329,44,33,0.1337386018237082,0.75,0.10030395136778116,0.20454545454545456,0.2727272727272727,0.2727272727272727,34.86822509765625,43,0.0,0.20454545454545456,,,,,,,,,,,,
vt_h4_c1,52,Perturbation,answer_only,signed_sum,raw,eligible_body_tokens,0.1,333,48,34,0.14414414414414414,0.7083333333333334,0.1021021021021021,0.1875,0.2647058823529412,0.2647058823529412,37.00007247924805,42,0.020833333333333332,0.1875,,,,,,,,,,,,
vt_h4_c1,53,Perturbation,answer_only,signed_sum,raw,eligible_body_tokens,0.1,333,48,34,0.14414414414414414,0.7083333333333334,0.1021021021021021,0.20833333333333334,0.29411764705882354,0.29411764705882354,52.12144088745117,44,0.1875,0.3958333333333333,,,,,,,,,,,,
vt_h4_c1,54,Perturbation,answer_only,signed_sum,raw,eligible_body_tokens,0.1,330,45,33,0.13636363636363635,0.7333333333333333,0.1,0.17777777777777778,0.24242424242424243,0.24242424242424243,41.608585357666016,42,0.0,0.17777777777777778,,,,,,,,,,,,
vt_h4_c1,55,Perturbation,answer_only,signed_sum,raw,eligible_body_tokens,0.1,334,49,34,0.1467065868263473,0.6938775510204082,0.10179640718562874,0.20408163265306123,0.29411764705882354,0.29411764705882354,30.068143844604492,43,0.02040816326530612,0.20408163265306123,,,,,,,,,,,,
vt_h4_c1,56,Perturbation,answer_only,signed_sum,raw,eligible_body_tokens,0.1,333,48,34,0.14414414414414414,0.7083333333333334,0.1021021021021021,0.16666666666666666,0.23529411764705882,0.23529411764705882,33.84403991699219,42,0.0,0.16666666666666666,,,,,,,,,,,,
vt_h4_c1,57,Perturbation,answer_only,signed_sum,raw,eligible_body_tokens,0.1,333,48,34,0.14414414414414414,0.7083333333333334,0.1021021021021021,0.3125,0.4411764705882353,0.4411764705882353,56.43014144897461,43,0.1875,0.375,,,,,,,,,,,,
vt_h4_c1,58,Perturbation,answer_only,signed_sum,raw,eligible_body_tokens,0.1,331,46,34,0.13897280966767372,0.7391304347826086,0.1027190332326284,0.1956521739130435,0.2647058823529412,0.2647058823529412,38.83106231689453,43,0.0,0.1956521739130435,,,,,,,,,,,,
vt_h4_c1,59,Perturbation,answer_only,signed_sum,raw,eligible_body_tokens,0.1,330,45,33,0.13636363636363635,0.7333333333333333,0.1,0.08888888888888889,0.12121212121212122,0.12121212121212122,34.75823974609375,42,0.0,0.2,,,,,,,,,,,,
vt_h4_c1,60,Perturbation,answer_only,signed_sum,raw,eligible_body_tokens,0.1,333,48,34,0.14414414414414414,0.7083333333333334,0.1021021021021021,0.20833333333333334,0.29411764705882354,0.29411764705882354,32.80638122558594,42,0.08333333333333333,0.25,,,,,,,,,,,,
vt_h4_c1,61,Perturbation,answer_only,signed_sum,raw,eligible_body_tokens,0.1,334,49,34,0.1467065868263473,0.6938775510204082,0.10179640718562874,0.14285714285714285,0.20588235294117646,0.20588235294117646,43.414119720458984,42,0.0,0.14285714285714285,,,,,,,,,,,,
vt_h4_c1,62,Perturbation,answer_only,signed_sum,raw,eligible_body_tokens,0.1,333,48,34,0.14414414414414414,0.7083333333333334,0.1021021021021021,0.20833333333333334,0.29411764705882354,0.29411764705882354,45.80126953125,44,0.16666666666666666,0.375,,,,,,,,,,,,
vt_h4_c1,63,Perturbation,answer_only,signed_sum,raw,eligible_body_tokens,0.1,336,51,34,0.15178571428571427,0.6666666666666666,0.10119047619047619,0.19607843137254902,0.29411764705882354,0.29411764705882354,48.6707878112793,43,0.19607843137254902,0.37254901960784315,,,,,,,,,,,,
vt_h4_c1,64,Perturbation,answer_only,signed_sum,raw,eligible_body_tokens,0.1,332,47,34,0.14156626506024098,0.723404255319149,0.10240963855421686,0.23404255319148937,0.3235294117647059,0.3235294117647059,23.914026260375977,42,0.06382978723404255,0.23404255319148937,,,,,,,,,,,,
vt_h4_c1,65,Perturbation,answer_only,signed_sum,raw,eligible_body_tokens,0.1,333,48,34,0.14414414414414414,0.7083333333333334,0.1021021021021021,0.1875,0.2647058823529412,0.2647058823529412,31.58566665649414,43,0.10416666666666667,0.2916666666666667,,,,,,,,,,,,
vt_h4_c1,66,Perturbation,answer_only,signed_sum,raw,eligible_body_tokens,0.1,332,47,34,0.14156626506024098,0.723404255319149,0.10240963855421686,0.2127659574468085,0.29411764705882354,0.29411764705882354,48.580528259277344,43,0.02127659574468085,0.2127659574468085,,,,,,,,,,,,
vt_h4_c1,67,Perturbation,answer_only,signed_sum,raw,eligible_body_tokens,0.1,333,48,34,0.14414414414414414,0.7083333333333334,0.1021021021021021,0.1875,0.2647058823529412,0.2647058823529412,31.637636184692383,43,0.10416666666666667,0.2916666666666667,,,,,,,,,,,,
vt_h4_c1,68,Perturbation,answer_only,signed_sum,raw,eligible_body_tokens,0.1,334,49,34,0.1467065868263473,0.6938775510204082,0.10179640718562874,0.1836734693877551,0.2647058823529412,0.2647058823529412,37.98194122314453,43,0.0,0.1836734693877551,,,,,,,,,,,,
vt_h4_c1,69,Perturbation,answer_only,signed_sum,raw,eligible_body_tokens,0.1,333,48,34,0.14414414414414414,0.7083333333333334,0.1021021021021021,0.1875,0.2647058823529412,0.2647058823529412,42.8602180480957,43,0.0,0.1875,,,,,,,,,,,,
vt_h4_c1,70,Perturbation,answer_only,signed_sum,raw,eligible_body_tokens,0.1,336,51,34,0.15178571428571427,0.6666666666666666,0.10119047619047619,0.17647058823529413,0.2647058823529412,0.2647058823529412,29.718494415283203,42,0.0196078431372549,0.17647058823529413,,,,,,,,,,,,
vt_h4_c1,71,Perturbation,answer_only,signed_sum,raw,eligible_body_tokens,0.1,331,46,34,0.13897280966767372,0.7391304347826086,0.1027190332326284,0.1956521739130435,0.2647058823529412,0.2647058823529412,37.02924728393555,42,0.021739130434782608,0.1956521739130435,,,,,,,,,,,,
vt_h4_c1,72,Perturbation,answer_only,signed_sum,raw,eligible_body_tokens,0.1,335,50,34,0.14925373134328357,0.68,0.10149253731343283,0.22,0.3235294117647059,0.3235294117647059,51.59925079345703,44,0.18,0.38,,,,,,,,,,,,
vt_h4_c1,73,Perturbation,answer_only,signed_sum,raw,eligible_body_tokens,0.1,333,48,34,0.14414414414414414,0.7083333333333334,0.1021021021021021,0.0,0.0,0.0,39.41722869873047,42,0.0,0.125,,,,,,,,,,,,
vt_h4_c1,74,Perturbation,answer_only,signed_sum,raw,eligible_body_tokens,0.1,333,48,34,0.14414414414414414,0.7083333333333334,0.1021021021021021,0.1875,0.2647058823529412,0.2647058823529412,34.57643127441406,42,0.020833333333333332,0.1875,,,,,,,,,,,,
vt_h4_c1,75,Perturbation,answer_only,signed_sum,raw,eligible_body_tokens,0.1,329,44,33,0.1337386018237082,0.75,0.10030395136778116,0.2727272727272727,0.36363636363636365,0.36363636363636365,48.657691955566406,42,0.1590909090909091,0.36363636363636365,,,,,,,,,,,,
vt_h4_c1,76,Perturbation,answer_only,signed_sum,raw,eligible_body_tokens,0.1,331,46,34,0.13897280966767372,0.7391304347826086,0.1027190332326284,0.1956521739130435,0.2647058823529412,0.2647058823529412,43.93836975097656,43,0.0,0.1956521739130435,,,,,,,,,,,,
vt_h4_c1,77,Perturbation,answer_only,signed_sum,raw,eligible_body_tokens,0.1,333,48,34,0.14414414414414414,0.7083333333333334,0.1021021021021021,0.1875,0.2647058823529412,0.2647058823529412,35.54499435424805,43,0.0,0.1875,,,,,,,,,,,,
vt_h4_c1,78,Perturbation,answer_only,signed_sum,raw,eligible_body_tokens,0.1,335,50,34,0.14925373134328357,0.68,0.10149253731343283,0.18,0.2647058823529412,0.2647058823529412,42.25809097290039,44,0.18,0.38,,,,,,,,,,,,
vt_h4_c1,79,Perturbation,answer_only,signed_sum,raw,eligible_body_tokens,0.1,334,49,34,0.1467065868263473,0.6938775510204082,0.10179640718562874,0.20408163265306123,0.29411764705882354,0.29411764705882354,29.00613021850586,42,0.04081632653061224,0.20408163265306123,,,,,,,,,,,,
vt_h4_c1,80,Perturbation,answer_only,signed_sum,raw,eligible_body_tokens,0.1,331,46,34,0.13897280966767372,0.7391304347826086,0.1027190332326284,0.32608695652173914,0.4411764705882353,0.4411764705882353,52.15804672241211,43,0.21739130434782608,0.41304347826086957,,,,,,,,,,,,
vt_h4_c1,81,Perturbation,answer_only,signed_sum,raw,eligible_body_tokens,0.1,333,48,34,0.14414414414414414,0.7083333333333334,0.1021021021021021,0.1875,0.2647058823529412,0.2647058823529412,41.96141052246094,42,0.020833333333333332,0.1875,,,,,,,,,,,,
vt_h4_c1,82,Perturbation,answer_only,signed_sum,raw,eligible_body_tokens,0.1,334,49,34,0.1467065868263473,0.6938775510204082,0.10179640718562874,0.20408163265306123,0.29411764705882354,0.29411764705882354,35.036930084228516,42,0.04081632653061224,0.20408163265306123,,,,,,,,,,,,
vt_h4_c1,83,Perturbation,answer_only,signed_sum,raw,eligible_body_tokens,0.1,332,47,34,0.14156626506024098,0.723404255319149,0.10240963855421686,0.0,0.0,0.0,37.059669494628906,42,0.0,0.1276595744680851,,,,,,,,,,,,
vt_h4_c1,84,Perturbation,answer_only,signed_sum,raw,eligible_body_tokens,0.1,329,44,33,0.1337386018237082,0.75,0.10030395136778116,0.20454545454545456,0.2727272727272727,0.2727272727272727,40.48857498168945,42,0.0,0.20454545454545456,,,,,,,,,,,,
vt_h4_c1,85,Perturbation,answer_only,signed_sum,raw,eligible_body_tokens,0.1,332,47,34,0.14156626506024098,0.723404255319149,0.10240963855421686,0.0,0.0,0.0,38.62245559692383,42,0.0,0.1276595744680851,,,,,,,,,,,,
vt_h4_c1,86,Perturbation,answer_only,signed_sum,raw,eligible_body_tokens,0.1,332,47,34,0.14156626506024098,0.723404255319149,0.10240963855421686,0.1702127659574468,0.23529411764705882,0.23529411764705882,38.48752975463867,43,0.0,0.1702127659574468,,,,,,,,,,,,
vt_h4_c1,87,Perturbation,answer_only,signed_sum,raw,eligible_body_tokens,0.1,329,44,33,0.1337386018237082,0.75,0.10030395136778116,0.18181818181818182,0.24242424242424243,0.24242424242424243,37.44453048706055,42,0.0,0.18181818181818182,,,,,,,,,,,,
vt_h4_c1,88,Perturbation,answer_only,signed_sum,raw,eligible_body_tokens,0.1,331,46,34,0.13897280966767372,0.7391304347826086,0.1027190332326284,0.32608695652173914,0.4411764705882353,0.4411764705882353,37.169525146484375,43,0.17391304347826086,0.3695652173913043,,,,,,,,,,,,
vt_h4_c1,89,Perturbation,answer_only,signed_sum,raw,eligible_body_tokens,0.1,329,44,33,0.1337386018237082,0.75,0.10030395136778116,0.20454545454545456,0.2727272727272727,0.2727272727272727,33.1049919128418,41,0.022727272727272728,0.20454545454545456,,,,,,,,,,,,
vt_h4_c1,90,Perturbation,answer_only,signed_sum,raw,eligible_body_tokens,0.1,331,46,34,0.13897280966767372,0.7391304347826086,0.1027190332326284,0.1956521739130435,0.2647058823529412,0.2647058823529412,31.72122573852539,42,0.021739130434782608,0.1956521739130435,,,,,,,,,,,,
vt_h4_c1,91,Perturbation,answer_only,signed_sum,raw,eligible_body_tokens,0.1,331,46,34,0.13897280966767372,0.7391304347826086,0.1027190332326284,0.1956521739130435,0.2647058823529412,0.2647058823529412,33.76826095581055,43,0.0,0.1956521739130435,,,,,,,,,,,,
vt_h4_c1,92,Perturbation,answer_only,signed_sum,raw,eligible_body_tokens,0.1,333,48,34,0.14414414414414414,0.7083333333333334,0.1021021021021021,0.1875,0.2647058823529412,0.2647058823529412,27.676002502441406,43,0.0,0.1875,,,,,,,,,,,,
vt_h4_c1,93,Perturbation,answer_only,signed_sum,raw,eligible_body_tokens,0.1,331,46,34,0.13897280966767372,0.7391304347826086,0.1027190332326284,0.32608695652173914,0.4411764705882353,0.4411764705882353,39.307945251464844,43,0.17391304347826086,0.3695652173913043,,,,,,,,,,,,
vt_h4_c1,94,Perturbation,answer_only,signed_sum,raw,eligible_body_tokens,0.1,336,51,34,0.15178571428571427,0.6666666666666666,0.10119047619047619,0.19607843137254902,0.29411764705882354,0.29411764705882354,28.376874923706055,43,0.0196078431372549,0.19607843137254902,,,,,,,,,,,,
vt_h4_c1,95,Perturbation,answer_only,signed_sum,raw,eligible_body_tokens,0.1,331,46,34,0.13897280966767372,0.7391304347826086,0.1027190332326284,0.10869565217391304,0.14705882352941177,0.14705882352941177,34.139156341552734,42,0.0,0.10869565217391304,,,,,,,,,,,,
vt_h4_c1,96,Perturbation,answer_only,signed_sum,raw,eligible_body_tokens,0.1,329,44,33,0.1337386018237082,0.75,0.10030395136778116,0.20454545454545456,0.2727272727272727,0.2727272727272727,31.320573806762695,43,0.0,0.20454545454545456,,,,,,,,,,,,
vt_h4_c1,97,Perturbation,answer_only,signed_sum,raw,eligible_body_tokens,0.1,330,45,33,0.13636363636363635,0.7333333333333333,0.1,0.2222222222222222,0.30303030303030304,0.30303030303030304,37.72224044799805,43,0.0,0.2222222222222222,,,,,,,,,,,,
vt_h4_c1,98,Perturbation,answer_only,signed_sum,raw,eligible_body_tokens,0.1,331,46,34,0.13897280966767372,0.7391304347826086,0.1027190332326284,0.21739130434782608,0.29411764705882354,0.29411764705882354,32.38916778564453,43,0.10869565217391304,0.30434782608695654,,,,,,,,,,,,
vt_h4_c1,99,Perturbation,answer_only,signed_sum,raw,eligible_body_tokens,0.1,331,46,34,0.13897280966767372,0.7391304347826086,0.1027190332326284,0.17391304347826086,0.23529411764705882,0.23529411764705882,41.178733825683594,42,0.0,0.17391304347826086,,,,,,,,,,,,
vt_h4_c1,0,REAGENT,answer_only,signed_sum,raw,eligible_body_tokens,0.1,336,51,34,0.15178571428571427,0.6666666666666666,0.10119047619047619,0.0,0.0,0.0,47.4674186706543,42,0.0,0.09803921568627451,,,,,,,,,,,,
vt_h4_c1,1,REAGENT,answer_only,signed_sum,raw,eligible_body_tokens,0.1,333,48,34,0.14414414414414414,0.7083333333333334,0.1021021021021021,0.20833333333333334,0.29411764705882354,0.29411764705882354,58.7243537902832,43,0.14583333333333334,0.3333333333333333,,,,,,,,,,,,
vt_h4_c1,2,REAGENT,answer_only,signed_sum,raw,eligible_body_tokens,0.1,331,46,34,0.13897280966767372,0.7391304347826086,0.1027190332326284,0.1956521739130435,0.2647058823529412,0.2647058823529412,49.371795654296875,42,0.021739130434782608,0.1956521739130435,,,,,,,,,,,,
vt_h4_c1,3,REAGENT,answer_only,signed_sum,raw,eligible_body_tokens,0.1,332,47,34,0.14156626506024098,0.723404255319149,0.10240963855421686,0.1702127659574468,0.23529411764705882,0.23529411764705882,56.558109283447266,42,0.0,0.1702127659574468,,,,,,,,,,,,
vt_h4_c1,4,REAGENT,answer_only,signed_sum,raw,eligible_body_tokens,0.1,337,52,34,0.1543026706231454,0.6538461538461539,0.10089020771513353,0.19230769230769232,0.29411764705882354,0.29411764705882354,62.86622619628906,41,0.057692307692307696,0.19230769230769232,,,,,,,,,,,,
vt_h4_c1,5,REAGENT,answer_only,signed_sum,raw,eligible_body_tokens,0.1,331,46,34,0.13897280966767372,0.7391304347826086,0.1027190332326284,0.17391304347826086,0.23529411764705882,0.23529411764705882,42.2457389831543,42,0.0,0.17391304347826086,,,,,,,,,,,,
vt_h4_c1,6,REAGENT,answer_only,signed_sum,raw,eligible_body_tokens,0.1,331,46,34,0.13897280966767372,0.7391304347826086,0.1027190332326284,0.0,0.0,0.0,41.94243240356445,42,0.0,0.08695652173913043,,,,,,,,,,,,
vt_h4_c1,7,REAGENT,answer_only,signed_sum,raw,eligible_body_tokens,0.1,330,45,33,0.13636363636363635,0.7333333333333333,0.1,0.24444444444444444,0.3333333333333333,0.3333333333333333,75.67710876464844,43,0.022222222222222223,0.24444444444444444,,,,,,,,,,,,
vt_h4_c1,8,REAGENT,answer_only,signed_sum,raw,eligible_body_tokens,0.1,331,46,34,0.13897280966767372,0.7391304347826086,0.1027190332326284,0.17391304347826086,0.23529411764705882,0.23529411764705882,54.00143051147461,42,0.0,0.17391304347826086,,,,,,,,,,,,
vt_h4_c1,9,REAGENT,answer_only,signed_sum,raw,eligible_body_tokens,0.1,334,49,34,0.1467065868263473,0.6938775510204082,0.10179640718562874,0.30612244897959184,0.4411764705882353,0.4411764705882353,60.549766540527344,44,0.14285714285714285,0.3469387755102041,,,,,,,,,,,,
vt_h4_c1,10,REAGENT,answer_only,signed_sum,raw,eligible_body_tokens,0.1,331,46,34,0.13897280966767372,0.7391304347826086,0.1027190332326284,0.1956521739130435,0.2647058823529412,0.2647058823529412,50.43369674682617,43,0.0,0.1956521739130435,,,,,,,,,,,,
vt_h4_c1,11,REAGENT,answer_only,signed_sum,raw,eligible_body_tokens,0.1,333,48,34,0.14414414414414414,0.7083333333333334,0.1021021021021021,0.22916666666666666,0.3235294117647059,0.3235294117647059,31.983482360839844,42,0.0625,0.22916666666666666,,,,,,,,,,,,
vt_h4_c1,12,REAGENT,answer_only,signed_sum,raw,eligible_body_tokens,0.1,339,54,34,0.1592920353982301,0.6296296296296297,0.10029498525073746,0.2777777777777778,0.4411764705882353,0.4411764705882353,53.64507293701172,45,0.12962962962962962,0.3333333333333333,,,,,,,,,,,,
vt_h4_c1,13,REAGENT,answer_only,signed_sum,raw,eligible_body_tokens,0.1,333,48,34,0.14414414414414414,0.7083333333333334,0.1021021021021021,0.22916666666666666,0.3235294117647059,0.3235294117647059,30.336854934692383,42,0.0625,0.22916666666666666,,,,,,,,,,,,
vt_h4_c1,14,REAGENT,answer_only,signed_sum,raw,eligible_body_tokens,0.1,337,52,34,0.1543026706231454,0.6538461538461539,0.10089020771513353,0.17307692307692307,0.2647058823529412,0.2647058823529412,46.68286895751953,44,0.019230769230769232,0.21153846153846154,,,,,,,,,,,,
vt_h4_c1,15,REAGENT,answer_only,signed_sum,raw,eligible_body_tokens,0.1,331,46,34,0.13897280966767372,0.7391304347826086,0.1027190332326284,0.1956521739130435,0.2647058823529412,0.2647058823529412,39.40420150756836,43,0.0,0.1956521739130435,,,,,,,,,,,,
vt_h4_c1,16,REAGENT,answer_only,signed_sum,raw,eligible_body_tokens,0.1,331,46,34,0.13897280966767372,0.7391304347826086,0.1027190332326284,0.1956521739130435,0.2647058823529412,0.2647058823529412,53.549381256103516,42,0.021739130434782608,0.1956521739130435,,,,,,,,,,,,
vt_h4_c1,17,REAGENT,answer_only,signed_sum,raw,eligible_body_tokens,0.1,329,44,33,0.1337386018237082,0.75,0.10030395136778116,0.2727272727272727,0.36363636363636365,0.36363636363636365,32.26258087158203,43,0.045454545454545456,0.2727272727272727,,,,,,,,,,,,
vt_h4_c1,18,REAGENT,answer_only,signed_sum,raw,eligible_body_tokens,0.1,330,45,33,0.13636363636363635,0.7333333333333333,0.1,0.022222222222222223,0.030303030303030304,0.030303030303030304,49.455867767333984,41,0.0,0.06666666666666667,,,,,,,,,,,,
vt_h4_c1,19,REAGENT,answer_only,signed_sum,raw,eligible_body_tokens,0.1,334,49,34,0.1467065868263473,0.6938775510204082,0.10179640718562874,0.22448979591836735,0.3235294117647059,0.3235294117647059,59.16886520385742,42,0.061224489795918366,0.22448979591836735,,,,,,,,,,,,
vt_h4_c1,20,REAGENT,answer_only,signed_sum,raw,eligible_body_tokens,0.1,332,47,34,0.14156626506024098,0.723404255319149,0.10240963855421686,0.19148936170212766,0.2647058823529412,0.2647058823529412,54.45736312866211,42,0.02127659574468085,0.19148936170212766,,,,,,,,,,,,
vt_h4_c1,21,REAGENT,answer_only,signed_sum,raw,eligible_body_tokens,0.1,335,50,34,0.14925373134328357,0.68,0.10149253731343283,0.18,0.2647058823529412,0.2647058823529412,60.802146911621094,42,0.02,0.18,,,,,,,,,,,,
vt_h4_c1,22,REAGENT,answer_only,signed_sum,raw,eligible_body_tokens,0.1,334,49,34,0.1467065868263473,0.6938775510204082,0.10179640718562874,0.1836734693877551,0.2647058823529412,0.2647058823529412,58.66105270385742,43,0.0,0.1836734693877551,,,,,,,,,,,,
vt_h4_c1,23,REAGENT,answer_only,signed_sum,raw,eligible_body_tokens,0.1,335,50,34,0.14925373134328357,0.68,0.10149253731343283,0.2,0.29411764705882354,0.29411764705882354,51.0252685546875,42,0.04,0.2,,,,,,,,,,,,
vt_h4_c1,24,REAGENT,answer_only,signed_sum,raw,eligible_body_tokens,0.1,333,48,34,0.14414414414414414,0.7083333333333334,0.1021021021021021,0.20833333333333334,0.29411764705882354,0.29411764705882354,56.057254791259766,42,0.041666666666666664,0.20833333333333334,,,,,,,,,,,,
vt_h4_c1,25,REAGENT,answer_only,signed_sum,raw,eligible_body_tokens,0.1,337,52,34,0.1543026706231454,0.6538461538461539,0.10089020771513353,0.19230769230769232,0.29411764705882354,0.29411764705882354,34.8914909362793,43,0.019230769230769232,0.19230769230769232,,,,,,,,,,,,
vt_h4_c1,26,REAGENT,answer_only,signed_sum,raw,eligible_body_tokens,0.1,335,50,34,0.14925373134328357,0.68,0.10149253731343283,0.0,0.0,0.0,38.1395263671875,41,0.0,0.06,,,,,,,,,,,,
vt_h4_c1,27,REAGENT,answer_only,signed_sum,raw,eligible_body_tokens,0.1,334,49,34,0.1467065868263473,0.6938775510204082,0.10179640718562874,0.0,0.0,0.0,64.94883728027344,42,0.0,0.14285714285714285,,,,,,,,,,,,
vt_h4_c1,28,REAGENT,answer_only,signed_sum,raw,eligible_body_tokens,0.1,333,48,34,0.14414414414414414,0.7083333333333334,0.1021021021021021,0.1875,0.2647058823529412,0.2647058823529412,69.3778305053711,43,0.0,0.1875,,,,,,,,,,,,
vt_h4_c1,29,REAGENT,answer_only,signed_sum,raw,eligible_body_tokens,0.1,331,46,34,0.13897280966767372,0.7391304347826086,0.1027190332326284,0.1956521739130435,0.2647058823529412,0.2647058823529412,47.89836883544922,42,0.021739130434782608,0.1956521739130435,,,,,,,,,,,,
vt_h4_c1,30,REAGENT,answer_only,signed_sum,raw,eligible_body_tokens,0.1,333,48,34,0.14414414414414414,0.7083333333333334,0.1021021021021021,0.20833333333333334,0.29411764705882354,0.29411764705882354,49.17561340332031,42,0.041666666666666664,0.20833333333333334,,,,,,,,,,,,
vt_h4_c1,31,REAGENT,answer_only,signed_sum,raw,eligible_body_tokens,0.1,333,48,34,0.14414414414414414,0.7083333333333334,0.1021021021021021,0.16666666666666666,0.23529411764705882,0.23529411764705882,53.12440490722656,42,0.0,0.16666666666666666,,,,,,,,,,,,
vt_h4_c1,32,REAGENT,answer_only,signed_sum,raw,eligible_body_tokens,0.1,331,46,34,0.13897280966767372,0.7391304347826086,0.1027190332326284,0.30434782608695654,0.4117647058823529,0.4117647058823529,41.596500396728516,43,0.1956521739130435,0.391304347826087,,,,,,,,,,,,
vt_h4_c1,33,REAGENT,answer_only,signed_sum,raw,eligible_body_tokens,0.1,337,52,34,0.1543026706231454,0.6538461538461539,0.10089020771513353,0.0,0.0,0.0,39.37726593017578,42,0.0,0.15384615384615385,,,,,,,,,,,,
vt_h4_c1,34,REAGENT,answer_only,signed_sum,raw,eligible_body_tokens,0.1,335,50,34,0.14925373134328357,0.68,0.10149253731343283,0.2,0.29411764705882354,0.29411764705882354,52.40420150756836,43,0.02,0.2,,,,,,,,,,,,
vt_h4_c1,35,REAGENT,answer_only,signed_sum,raw,eligible_body_tokens,0.1,333,48,34,0.14414414414414414,0.7083333333333334,0.1021021021021021,0.1875,0.2647058823529412,0.2647058823529412,44.85525131225586,43,0.0,0.1875,,,,,,,,,,,,
vt_h4_c1,36,REAGENT,answer_only,signed_sum,raw,eligible_body_tokens,0.1,335,50,34,0.14925373134328357,0.68,0.10149253731343283,0.2,0.29411764705882354,0.29411764705882354,42.8154296875,42,0.04,0.2,,,,,,,,,,,,
vt_h4_c1,37,REAGENT,answer_only,signed_sum,raw,eligible_body_tokens,0.1,331,46,34,0.13897280966767372,0.7391304347826086,0.1027190332326284,0.17391304347826086,0.23529411764705882,0.23529411764705882,62.78622817993164,42,0.0,0.17391304347826086,,,,,,,,,,,,
vt_h4_c1,38,REAGENT,answer_only,signed_sum,raw,eligible_body_tokens,0.1,333,48,34,0.14414414414414414,0.7083333333333334,0.1021021021021021,0.22916666666666666,0.3235294117647059,0.3235294117647059,23.13612937927246,42,0.0625,0.22916666666666666,,,,,,,,,,,,
vt_h4_c1,39,REAGENT,answer_only,signed_sum,raw,eligible_body_tokens,0.1,331,46,34,0.13897280966767372,0.7391304347826086,0.1027190332326284,0.17391304347826086,0.23529411764705882,0.23529411764705882,54.695411682128906,42,0.0,0.17391304347826086,,,,,,,,,,,,
vt_h4_c1,40,REAGENT,answer_only,signed_sum,raw,eligible_body_tokens,0.1,332,47,34,0.14156626506024098,0.723404255319149,0.10240963855421686,0.0,0.0,0.0,50.48154067993164,42,0.0,0.14893617021276595,,,,,,,,,,,,
vt_h4_c1,41,REAGENT,answer_only,signed_sum,raw,eligible_body_tokens,0.1,333,48,34,0.14414414414414414,0.7083333333333334,0.1021021021021021,0.1875,0.2647058823529412,0.2647058823529412,47.157352447509766,43,0.0,0.1875,,,,,,,,,,,,
vt_h4_c1,42,REAGENT,answer_only,signed_sum,raw,eligible_body_tokens,0.1,329,44,33,0.1337386018237082,0.75,0.10030395136778116,0.0,0.0,0.0,54.55769729614258,42,0.0,0.11363636363636363,,,,,,,,,,,,
vt_h4_c1,43,REAGENT,answer_only,signed_sum,raw,eligible_body_tokens,0.1,333,48,34,0.14414414414414414,0.7083333333333334,0.1021021021021021,0.20833333333333334,0.29411764705882354,0.29411764705882354,58.135231018066406,42,0.041666666666666664,0.20833333333333334,,,,,,,,,,,,
vt_h4_c1,44,REAGENT,answer_only,signed_sum,raw,eligible_body_tokens,0.1,333,48,34,0.14414414414414414,0.7083333333333334,0.1021021021021021,0.1875,0.2647058823529412,0.2647058823529412,41.05537033081055,42,0.020833333333333332,0.1875,,,,,,,,,,,,
vt_h4_c1,45,REAGENT,answer_only,signed_sum,raw,eligible_body_tokens,0.1,333,48,34,0.14414414414414414,0.7083333333333334,0.1021021021021021,0.1875,0.2647058823529412,0.2647058823529412,49.66801452636719,43,0.0,0.1875,,,,,,,,,,,,
vt_h4_c1,46,REAGENT,answer_only,signed_sum,raw,eligible_body_tokens,0.1,332,47,34,0.14156626506024098,0.723404255319149,0.10240963855421686,0.19148936170212766,0.2647058823529412,0.2647058823529412,80.1082992553711,43,0.0,0.19148936170212766,,,,,,,,,,,,
vt_h4_c1,47,REAGENT,answer_only,signed_sum,raw,eligible_body_tokens,0.1,329,44,33,0.1337386018237082,0.75,0.10030395136778116,0.20454545454545456,0.2727272727272727,0.2727272727272727,39.62535858154297,43,0.0,0.20454545454545456,,,,,,,,,,,,
vt_h4_c1,48,REAGENT,answer_only,signed_sum,raw,eligible_body_tokens,0.1,331,46,34,0.13897280966767372,0.7391304347826086,0.1027190332326284,0.1956521739130435,0.2647058823529412,0.2647058823529412,54.187740325927734,42,0.021739130434782608,0.1956521739130435,,,,,,,,,,,,
vt_h4_c1,49,REAGENT,answer_only,signed_sum,raw,eligible_body_tokens,0.1,332,47,34,0.14156626506024098,0.723404255319149,0.10240963855421686,0.1702127659574468,0.23529411764705882,0.23529411764705882,52.51418685913086,42,0.0,0.1702127659574468,,,,,,,,,,,,
vt_h4_c1,50,REAGENT,answer_only,signed_sum,raw,eligible_body_tokens,0.1,335,50,34,0.14925373134328357,0.68,0.10149253731343283,0.24,0.35294117647058826,0.35294117647058826,56.5214729309082,44,0.18,0.38,,,,,,,,,,,,
vt_h4_c1,51,REAGENT,answer_only,signed_sum,raw,eligible_body_tokens,0.1,329,44,33,0.1337386018237082,0.75,0.10030395136778116,0.20454545454545456,0.2727272727272727,0.2727272727272727,53.30839157104492,43,0.0,0.20454545454545456,,,,,,,,,,,,
vt_h4_c1,52,REAGENT,answer_only,signed_sum,raw,eligible_body_tokens,0.1,333,48,34,0.14414414414414414,0.7083333333333334,0.1021021021021021,0.3125,0.4411764705882353,0.4411764705882353,38.28178787231445,41,0.25,0.3958333333333333,,,,,,,,,,,,
vt_h4_c1,53,REAGENT,answer_only,signed_sum,raw,eligible_body_tokens,0.1,333,48,34,0.14414414414414414,0.7083333333333334,0.1021021021021021,0.1875,0.2647058823529412,0.2647058823529412,46.68889236450195,42,0.020833333333333332,0.1875,,,,,,,,,,,,
vt_h4_c1,54,REAGENT,answer_only,signed_sum,raw,eligible_body_tokens,0.1,330,45,33,0.13636363636363635,0.7333333333333333,0.1,0.17777777777777778,0.24242424242424243,0.24242424242424243,37.862281799316406,42,0.0,0.17777777777777778,,,,,,,,,,,,
vt_h4_c1,55,REAGENT,answer_only,signed_sum,raw,eligible_body_tokens,0.1,334,49,34,0.1467065868263473,0.6938775510204082,0.10179640718562874,0.20408163265306123,0.29411764705882354,0.29411764705882354,29.180282592773438,43,0.02040816326530612,0.20408163265306123,,,,,,,,,,,,
vt_h4_c1,56,REAGENT,answer_only,signed_sum,raw,eligible_body_tokens,0.1,333,48,34,0.14414414414414414,0.7083333333333334,0.1021021021021021,0.16666666666666666,0.23529411764705882,0.23529411764705882,43.51844787597656,42,0.0,0.16666666666666666,,,,,,,,,,,,
vt_h4_c1,57,REAGENT,answer_only,signed_sum,raw,eligible_body_tokens,0.1,333,48,34,0.14414414414414414,0.7083333333333334,0.1021021021021021,0.16666666666666666,0.23529411764705882,0.23529411764705882,52.67798614501953,42,0.0,0.16666666666666666,,,,,,,,,,,,
vt_h4_c1,58,REAGENT,answer_only,signed_sum,raw,eligible_body_tokens,0.1,331,46,34,0.13897280966767372,0.7391304347826086,0.1027190332326284,0.1956521739130435,0.2647058823529412,0.2647058823529412,48.15352249145508,43,0.0,0.1956521739130435,,,,,,,,,,,,
vt_h4_c1,59,REAGENT,answer_only,signed_sum,raw,eligible_body_tokens,0.1,330,45,33,0.13636363636363635,0.7333333333333333,0.1,0.2,0.2727272727272727,0.2727272727272727,42.05631637573242,43,0.0,0.2,,,,,,,,,,,,
vt_h4_c1,60,REAGENT,answer_only,signed_sum,raw,eligible_body_tokens,0.1,333,48,34,0.14414414414414414,0.7083333333333334,0.1021021021021021,0.16666666666666666,0.23529411764705882,0.23529411764705882,39.982852935791016,42,0.0,0.16666666666666666,,,,,,,,,,,,
vt_h4_c1,61,REAGENT,answer_only,signed_sum,raw,eligible_body_tokens,0.1,334,49,34,0.1467065868263473,0.6938775510204082,0.10179640718562874,0.14285714285714285,0.20588235294117646,0.20588235294117646,44.59040832519531,42,0.0,0.14285714285714285,,,,,,,,,,,,
vt_h4_c1,62,REAGENT,answer_only,signed_sum,raw,eligible_body_tokens,0.1,333,48,34,0.14414414414414414,0.7083333333333334,0.1021021021021021,0.1875,0.2647058823529412,0.2647058823529412,48.418766021728516,42,0.020833333333333332,0.1875,,,,,,,,,,,,
vt_h4_c1,63,REAGENT,answer_only,signed_sum,raw,eligible_body_tokens,0.1,336,51,34,0.15178571428571427,0.6666666666666666,0.10119047619047619,0.19607843137254902,0.29411764705882354,0.29411764705882354,50.478477478027344,41,0.058823529411764705,0.19607843137254902,,,,,,,,,,,,
vt_h4_c1,64,REAGENT,answer_only,signed_sum,raw,eligible_body_tokens,0.1,332,47,34,0.14156626506024098,0.723404255319149,0.10240963855421686,0.23404255319148937,0.3235294117647059,0.3235294117647059,23.932785034179688,42,0.06382978723404255,0.23404255319148937,,,,,,,,,,,,
vt_h4_c1,65,REAGENT,answer_only,signed_sum,raw,eligible_body_tokens,0.1,333,48,34,0.14414414414414414,0.7083333333333334,0.1021021021021021,0.1875,0.2647058823529412,0.2647058823529412,45.03086471557617,43,0.10416666666666667,0.2916666666666667,,,,,,,,,,,,
vt_h4_c1,66,REAGENT,answer_only,signed_sum,raw,eligible_body_tokens,0.1,332,47,34,0.14156626506024098,0.723404255319149,0.10240963855421686,0.2127659574468085,0.29411764705882354,0.29411764705882354,52.132720947265625,43,0.02127659574468085,0.2127659574468085,,,,,,,,,,,,
vt_h4_c1,67,REAGENT,answer_only,signed_sum,raw,eligible_body_tokens,0.1,333,48,34,0.14414414414414414,0.7083333333333334,0.1021021021021021,0.1875,0.2647058823529412,0.2647058823529412,50.35561752319336,43,0.10416666666666667,0.2916666666666667,,,,,,,,,,,,
vt_h4_c1,68,REAGENT,answer_only,signed_sum,raw,eligible_body_tokens,0.1,334,49,34,0.1467065868263473,0.6938775510204082,0.10179640718562874,0.1836734693877551,0.2647058823529412,0.2647058823529412,40.2165412902832,43,0.0,0.1836734693877551,,,,,,,,,,,,
vt_h4_c1,69,REAGENT,answer_only,signed_sum,raw,eligible_body_tokens,0.1,333,48,34,0.14414414414414414,0.7083333333333334,0.1021021021021021,0.1875,0.2647058823529412,0.2647058823529412,59.436073303222656,43,0.0,0.1875,,,,,,,,,,,,
vt_h4_c1,70,REAGENT,answer_only,signed_sum,raw,eligible_body_tokens,0.1,336,51,34,0.15178571428571427,0.6666666666666666,0.10119047619047619,0.17647058823529413,0.2647058823529412,0.2647058823529412,51.34779739379883,42,0.0196078431372549,0.17647058823529413,,,,,,,,,,,,
vt_h4_c1,71,REAGENT,answer_only,signed_sum,raw,eligible_body_tokens,0.1,331,46,34,0.13897280966767372,0.7391304347826086,0.1027190332326284,0.1956521739130435,0.2647058823529412,0.2647058823529412,61.13359451293945,42,0.021739130434782608,0.1956521739130435,,,,,,,,,,,,
vt_h4_c1,72,REAGENT,answer_only,signed_sum,raw,eligible_body_tokens,0.1,335,50,34,0.14925373134328357,0.68,0.10149253731343283,0.22,0.3235294117647059,0.3235294117647059,52.88279724121094,44,0.18,0.38,,,,,,,,,,,,
vt_h4_c1,73,REAGENT,answer_only,signed_sum,raw,eligible_body_tokens,0.1,333,48,34,0.14414414414414414,0.7083333333333334,0.1021021021021021,0.0,0.0,0.0,48.03010559082031,42,0.0,0.125,,,,,,,,,,,,
vt_h4_c1,74,REAGENT,answer_only,signed_sum,raw,eligible_body_tokens,0.1,333,48,34,0.14414414414414414,0.7083333333333334,0.1021021021021021,0.1875,0.2647058823529412,0.2647058823529412,45.37908935546875,42,0.020833333333333332,0.1875,,,,,,,,,,,,
vt_h4_c1,75,REAGENT,answer_only,signed_sum,raw,eligible_body_tokens,0.1,329,44,33,0.1337386018237082,0.75,0.10030395136778116,0.20454545454545456,0.2727272727272727,0.2727272727272727,51.168800354003906,42,0.0,0.20454545454545456,,,,,,,,,,,,
vt_h4_c1,76,REAGENT,answer_only,signed_sum,raw,eligible_body_tokens,0.1,331,46,34,0.13897280966767372,0.7391304347826086,0.1027190332326284,0.1956521739130435,0.2647058823529412,0.2647058823529412,57.89201354980469,43,0.0,0.1956521739130435,,,,,,,,,,,,
vt_h4_c1,77,REAGENT,answer_only,signed_sum,raw,eligible_body_tokens,0.1,333,48,34,0.14414414414414414,0.7083333333333334,0.1021021021021021,0.1875,0.2647058823529412,0.2647058823529412,51.19248962402344,43,0.0,0.1875,,,,,,,,,,,,
vt_h4_c1,78,REAGENT,answer_only,signed_sum,raw,eligible_body_tokens,0.1,335,50,34,0.14925373134328357,0.68,0.10149253731343283,0.2,0.29411764705882354,0.29411764705882354,45.38888931274414,42,0.04,0.2,,,,,,,,,,,,
vt_h4_c1,79,REAGENT,answer_only,signed_sum,raw,eligible_body_tokens,0.1,334,49,34,0.1467065868263473,0.6938775510204082,0.10179640718562874,0.20408163265306123,0.29411764705882354,0.29411764705882354,55.61912536621094,42,0.04081632653061224,0.20408163265306123,,,,,,,,,,,,
vt_h4_c1,80,REAGENT,answer_only,signed_sum,raw,eligible_body_tokens,0.1,331,46,34,0.13897280966767372,0.7391304347826086,0.1027190332326284,0.32608695652173914,0.4411764705882353,0.4411764705882353,47.650390625,43,0.21739130434782608,0.41304347826086957,,,,,,,,,,,,
vt_h4_c1,81,REAGENT,answer_only,signed_sum,raw,eligible_body_tokens,0.1,333,48,34,0.14414414414414414,0.7083333333333334,0.1021021021021021,0.1875,0.2647058823529412,0.2647058823529412,51.26401138305664,42,0.020833333333333332,0.1875,,,,,,,,,,,,
vt_h4_c1,82,REAGENT,answer_only,signed_sum,raw,eligible_body_tokens,0.1,334,49,34,0.1467065868263473,0.6938775510204082,0.10179640718562874,0.20408163265306123,0.29411764705882354,0.29411764705882354,50.32151412963867,42,0.04081632653061224,0.20408163265306123,,,,,,,,,,,,
vt_h4_c1,83,REAGENT,answer_only,signed_sum,raw,eligible_body_tokens,0.1,332,47,34,0.14156626506024098,0.723404255319149,0.10240963855421686,0.0,0.0,0.0,44.058685302734375,42,0.0,0.1276595744680851,,,,,,,,,,,,
vt_h4_c1,84,REAGENT,answer_only,signed_sum,raw,eligible_body_tokens,0.1,329,44,33,0.1337386018237082,0.75,0.10030395136778116,0.20454545454545456,0.2727272727272727,0.2727272727272727,48.75912094116211,42,0.0,0.20454545454545456,,,,,,,,,,,,
vt_h4_c1,85,REAGENT,answer_only,signed_sum,raw,eligible_body_tokens,0.1,332,47,34,0.14156626506024098,0.723404255319149,0.10240963855421686,0.0,0.0,0.0,42.84749221801758,42,0.0,0.1276595744680851,,,,,,,,,,,,
vt_h4_c1,86,REAGENT,answer_only,signed_sum,raw,eligible_body_tokens,0.1,332,47,34,0.14156626506024098,0.723404255319149,0.10240963855421686,0.1702127659574468,0.23529411764705882,0.23529411764705882,34.393917083740234,43,0.0,0.1702127659574468,,,,,,,,,,,,
vt_h4_c1,87,REAGENT,answer_only,signed_sum,raw,eligible_body_tokens,0.1,329,44,33,0.1337386018237082,0.75,0.10030395136778116,0.18181818181818182,0.24242424242424243,0.24242424242424243,39.090206146240234,42,0.0,0.18181818181818182,,,,,,,,,,,,
vt_h4_c1,88,REAGENT,answer_only,signed_sum,raw,eligible_body_tokens,0.1,331,46,34,0.13897280966767372,0.7391304347826086,0.1027190332326284,0.0,0.0,0.0,55.24234390258789,42,0.0,0.08695652173913043,,,,,,,,,,,,
vt_h4_c1,89,REAGENT,answer_only,signed_sum,raw,eligible_body_tokens,0.1,329,44,33,0.1337386018237082,0.75,0.10030395136778116,0.20454545454545456,0.2727272727272727,0.2727272727272727,47.194602966308594,41,0.022727272727272728,0.20454545454545456,,,,,,,,,,,,
vt_h4_c1,90,REAGENT,answer_only,signed_sum,raw,eligible_body_tokens,0.1,331,46,34,0.13897280966767372,0.7391304347826086,0.1027190332326284,0.1956521739130435,0.2647058823529412,0.2647058823529412,30.612911224365234,42,0.021739130434782608,0.1956521739130435,,,,,,,,,,,,
vt_h4_c1,91,REAGENT,answer_only,signed_sum,raw,eligible_body_tokens,0.1,331,46,34,0.13897280966767372,0.7391304347826086,0.1027190332326284,0.1956521739130435,0.2647058823529412,0.2647058823529412,44.42753219604492,43,0.0,0.1956521739130435,,,,,,,,,,,,
vt_h4_c1,92,REAGENT,answer_only,signed_sum,raw,eligible_body_tokens,0.1,333,48,34,0.14414414414414414,0.7083333333333334,0.1021021021021021,0.1875,0.2647058823529412,0.2647058823529412,32.98920440673828,43,0.0,0.1875,,,,,,,,,,,,
vt_h4_c1,93,REAGENT,answer_only,signed_sum,raw,eligible_body_tokens,0.1,331,46,34,0.13897280966767372,0.7391304347826086,0.1027190332326284,0.1956521739130435,0.2647058823529412,0.2647058823529412,49.9012336730957,42,0.021739130434782608,0.1956521739130435,,,,,,,,,,,,
vt_h4_c1,94,REAGENT,answer_only,signed_sum,raw,eligible_body_tokens,0.1,336,51,34,0.15178571428571427,0.6666666666666666,0.10119047619047619,0.19607843137254902,0.29411764705882354,0.29411764705882354,34.09293746948242,43,0.0196078431372549,0.19607843137254902,,,,,,,,,,,,
vt_h4_c1,95,REAGENT,answer_only,signed_sum,raw,eligible_body_tokens,0.1,331,46,34,0.13897280966767372,0.7391304347826086,0.1027190332326284,0.0,0.0,0.0,42.215736389160156,41,0.0,0.06521739130434782,,,,,,,,,,,,
vt_h4_c1,96,REAGENT,answer_only,signed_sum,raw,eligible_body_tokens,0.1,329,44,33,0.1337386018237082,0.75,0.10030395136778116,0.20454545454545456,0.2727272727272727,0.2727272727272727,31.02716827392578,43,0.0,0.20454545454545456,,,,,,,,,,,,
vt_h4_c1,97,REAGENT,answer_only,signed_sum,raw,eligible_body_tokens,0.1,330,45,33,0.13636363636363635,0.7333333333333333,0.1,0.2222222222222222,0.30303030303030304,0.30303030303030304,50.70709228515625,43,0.0,0.2222222222222222,,,,,,,,,,,,
vt_h4_c1,98,REAGENT,answer_only,signed_sum,raw,eligible_body_tokens,0.1,331,46,34,0.13897280966767372,0.7391304347826086,0.1027190332326284,0.21739130434782608,0.29411764705882354,0.29411764705882354,45.9378662109375,43,0.10869565217391304,0.30434782608695654,,,,,,,,,,,,
vt_h4_c1,99,REAGENT,answer_only,signed_sum,raw,eligible_body_tokens,0.1,331,46,34,0.13897280966767372,0.7391304347826086,0.1027190332326284,0.17391304347826086,0.23529411764705882,0.23529411764705882,49.61964797973633,42,0.0,0.17391304347826086,,,,,,,,,,,,
vt_h4_c1,0,CLP,answer_only,signed_sum,raw,eligible_body_tokens,0.1,336,51,34,0.15178571428571427,0.6666666666666666,0.10119047619047619,0.0,0.0,0.0,41673916.0,42,0.0,0.09803921568627451,,,,,,,,,,,,
vt_h4_c1,1,CLP,answer_only,signed_sum,raw,eligible_body_tokens,0.1,333,48,34,0.14414414414414414,0.7083333333333334,0.1021021021021021,0.20833333333333334,0.29411764705882354,0.29411764705882354,52728632.0,43,0.14583333333333334,0.3333333333333333,,,,,,,,,,,,
vt_h4_c1,2,CLP,answer_only,signed_sum,raw,eligible_body_tokens,0.1,331,46,34,0.13897280966767372,0.7391304347826086,0.1027190332326284,0.21739130434782608,0.29411764705882354,0.29411764705882354,38348696.0,42,0.043478260869565216,0.21739130434782608,,,,,,,,,,,,
vt_h4_c1,3,CLP,answer_only,signed_sum,raw,eligible_body_tokens,0.1,332,47,34,0.14156626506024098,0.723404255319149,0.10240963855421686,0.0,0.0,0.0,33681812.0,42,0.0,0.1276595744680851,,,,,,,,,,,,
vt_h4_c1,4,CLP,answer_only,signed_sum,raw,eligible_body_tokens,0.1,337,52,34,0.1543026706231454,0.6538461538461539,0.10089020771513353,0.21153846153846154,0.3235294117647059,0.3235294117647059,51489508.0,43,0.15384615384615385,0.3269230769230769,,,,,,,,,,,,
vt_h4_c1,5,CLP,answer_only,signed_sum,raw,eligible_body_tokens,0.1,331,46,34,0.13897280966767372,0.7391304347826086,0.1027190332326284,0.17391304347826086,0.23529411764705882,0.23529411764705882,48588060.0,42,0.0,0.17391304347826086,,,,,,,,,,,,
vt_h4_c1,6,CLP,answer_only,signed_sum,raw,eligible_body_tokens,0.1,331,46,34,0.13897280966767372,0.7391304347826086,0.1027190332326284,0.0,0.0,0.0,40733760.0,42,0.0,0.08695652173913043,,,,,,,,,,,,
vt_h4_c1,7,CLP,answer_only,signed_sum,raw,eligible_body_tokens,0.1,330,45,33,0.13636363636363635,0.7333333333333333,0.1,0.24444444444444444,0.3333333333333333,0.3333333333333333,56024736.0,43,0.022222222222222223,0.24444444444444444,,,,,,,,,,,,
vt_h4_c1,8,CLP,answer_only,signed_sum,raw,eligible_body_tokens,0.1,331,46,34,0.13897280966767372,0.7391304347826086,0.1027190332326284,0.32608695652173914,0.4411764705882353,0.4411764705882353,66968760.0,38,0.32608695652173914,0.41304347826086957,,,,,,,,,,,,
vt_h4_c1,9,CLP,answer_only,signed_sum,raw,eligible_body_tokens,0.1,334,49,34,0.1467065868263473,0.6938775510204082,0.10179640718562874,0.30612244897959184,0.4411764705882353,0.4411764705882353,71648824.0,44,0.14285714285714285,0.3469387755102041,,,,,,,,,,,,
vt_h4_c1,10,CLP,answer_only,signed_sum,raw,eligible_body_tokens,0.1,331,46,34,0.13897280966767372,0.7391304347826086,0.1027190332326284,0.15217391304347827,0.20588235294117646,0.20588235294117646,39454272.0,42,0.0,0.15217391304347827,,,,,,,,,,,,
vt_h4_c1,11,CLP,answer_only,signed_sum,raw,eligible_body_tokens,0.1,333,48,34,0.14414414414414414,0.7083333333333334,0.1021021021021021,0.3125,0.4411764705882353,0.4411764705882353,83634840.0,43,0.22916666666666666,0.4166666666666667,,,,,,,,,,,,
vt_h4_c1,12,CLP,answer_only,signed_sum,raw,eligible_body_tokens,0.1,339,54,34,0.1592920353982301,0.6296296296296297,0.10029498525073746,0.2777777777777778,0.4411764705882353,0.4411764705882353,48267800.0,45,0.12962962962962962,0.3333333333333333,,,,,,,,,,,,
vt_h4_c1,13,CLP,answer_only,signed_sum,raw,eligible_body_tokens,0.1,333,48,34,0.14414414414414414,0.7083333333333334,0.1021021021021021,0.20833333333333334,0.29411764705882354,0.29411764705882354,48808276.0,40,0.08333333333333333,0.20833333333333334,,,,,,,,,,,,
vt_h4_c1,14,CLP,answer_only,signed_sum,raw,eligible_body_tokens,0.1,337,52,34,0.1543026706231454,0.6538461538461539,0.10089020771513353,0.28846153846153844,0.4411764705882353,0.4411764705882353,93551440.0,44,0.21153846153846154,0.40384615384615385,,,,,,,,,,,,
vt_h4_c1,15,CLP,answer_only,signed_sum,raw,eligible_body_tokens,0.1,331,46,34,0.13897280966767372,0.7391304347826086,0.1027190332326284,0.21739130434782608,0.29411764705882354,0.29411764705882354,47712884.0,37,0.15217391304347827,0.21739130434782608,,,,,,,,,,,,
vt_h4_c1,16,CLP,answer_only,signed_sum,raw,eligible_body_tokens,0.1,331,46,34,0.13897280966767372,0.7391304347826086,0.1027190332326284,0.2608695652173913,0.35294117647058826,0.35294117647058826,62890128.0,44,0.17391304347826086,0.391304347826087,,,,,,,,,,,,
vt_h4_c1,17,CLP,answer_only,signed_sum,raw,eligible_body_tokens,0.1,329,44,33,0.1337386018237082,0.75,0.10030395136778116,0.2727272727272727,0.36363636363636365,0.36363636363636365,43543144.0,43,0.045454545454545456,0.2727272727272727,,,,,,,,,,,,
vt_h4_c1,18,CLP,answer_only,signed_sum,raw,eligible_body_tokens,0.1,330,45,33,0.13636363636363635,0.7333333333333333,0.1,0.022222222222222223,0.030303030303030304,0.030303030303030304,40108656.0,41,0.0,0.06666666666666667,,,,,,,,,,,,
vt_h4_c1,19,CLP,answer_only,signed_sum,raw,eligible_body_tokens,0.1,334,49,34,0.1467065868263473,0.6938775510204082,0.10179640718562874,0.22448979591836735,0.3235294117647059,0.3235294117647059,41081024.0,42,0.061224489795918366,0.22448979591836735,,,,,,,,,,,,
vt_h4_c1,20,CLP,answer_only,signed_sum,raw,eligible_body_tokens,0.1,332,47,34,0.14156626506024098,0.723404255319149,0.10240963855421686,0.2127659574468085,0.29411764705882354,0.29411764705882354,36699472.0,38,0.1276595744680851,0.2127659574468085,,,,,,,,,,,,
vt_h4_c1,21,CLP,answer_only,signed_sum,raw,eligible_body_tokens,0.1,335,50,34,0.14925373134328357,0.68,0.10149253731343283,0.2,0.29411764705882354,0.29411764705882354,48589196.0,41,0.06,0.2,,,,,,,,,,,,
vt_h4_c1,22,CLP,answer_only,signed_sum,raw,eligible_body_tokens,0.1,334,49,34,0.1467065868263473,0.6938775510204082,0.10179640718562874,0.1836734693877551,0.2647058823529412,0.2647058823529412,35665528.0,42,0.02040816326530612,0.1836734693877551,,,,,,,,,,,,
vt_h4_c1,23,CLP,answer_only,signed_sum,raw,eligible_body_tokens,0.1,335,50,34,0.14925373134328357,0.68,0.10149253731343283,0.3,0.4411764705882353,0.4411764705882353,73362440.0,43,0.2,0.38,,,,,,,,,,,,
vt_h4_c1,24,CLP,answer_only,signed_sum,raw,eligible_body_tokens,0.1,333,48,34,0.14414414414414414,0.7083333333333334,0.1021021021021021,0.1875,0.2647058823529412,0.2647058823529412,44479232.0,42,0.020833333333333332,0.1875,,,,,,,,,,,,
vt_h4_c1,25,CLP,answer_only,signed_sum,raw,eligible_body_tokens,0.1,337,52,34,0.1543026706231454,0.6538461538461539,0.10089020771513353,0.19230769230769232,0.29411764705882354,0.29411764705882354,52909780.0,41,0.057692307692307696,0.19230769230769232,,,,,,,,,,,,
vt_h4_c1,26,CLP,answer_only,signed_sum,raw,eligible_body_tokens,0.1,335,50,34,0.14925373134328357,0.68,0.10149253731343283,0.3,0.4411764705882353,0.4411764705882353,74374496.0,43,0.2,0.38,,,,,,,,,,,,
vt_h4_c1,27,CLP,answer_only,signed_sum,raw,eligible_body_tokens,0.1,334,49,34,0.1467065868263473,0.6938775510204082,0.10179640718562874,0.0,0.0,0.0,46443340.0,42,0.0,0.14285714285714285,,,,,,,,,,,,
vt_h4_c1,28,CLP,answer_only,signed_sum,raw,eligible_body_tokens,0.1,333,48,34,0.14414414414414414,0.7083333333333334,0.1021021021021021,0.3125,0.4411764705882353,0.4411764705882353,70036384.0,41,0.2708333333333333,0.4166666666666667,,,,,,,,,,,,
vt_h4_c1,29,CLP,answer_only,signed_sum,raw,eligible_body_tokens,0.1,331,46,34,0.13897280966767372,0.7391304347826086,0.1027190332326284,0.21739130434782608,0.29411764705882354,0.29411764705882354,42196404.0,42,0.043478260869565216,0.21739130434782608,,,,,,,,,,,,
vt_h4_c1,30,CLP,answer_only,signed_sum,raw,eligible_body_tokens,0.1,333,48,34,0.14414414414414414,0.7083333333333334,0.1021021021021021,0.1875,0.2647058823529412,0.2647058823529412,64880012.0,44,0.16666666666666666,0.375,,,,,,,,,,,,
vt_h4_c1,31,CLP,answer_only,signed_sum,raw,eligible_body_tokens,0.1,333,48,34,0.14414414414414414,0.7083333333333334,0.1021021021021021,0.3125,0.4411764705882353,0.4411764705882353,77732328.0,41,0.25,0.3958333333333333,,,,,,,,,,,,
vt_h4_c1,32,CLP,answer_only,signed_sum,raw,eligible_body_tokens,0.1,331,46,34,0.13897280966767372,0.7391304347826086,0.1027190332326284,0.30434782608695654,0.4117647058823529,0.4117647058823529,76178288.0,43,0.1956521739130435,0.391304347826087,,,,,,,,,,,,
vt_h4_c1,33,CLP,answer_only,signed_sum,raw,eligible_body_tokens,0.1,337,52,34,0.1543026706231454,0.6538461538461539,0.10089020771513353,0.0,0.0,0.0,61197648.0,42,0.0,0.15384615384615385,,,,,,,,,,,,
vt_h4_c1,34,CLP,answer_only,signed_sum,raw,eligible_body_tokens,0.1,335,50,34,0.14925373134328357,0.68,0.10149253731343283,0.22,0.3235294117647059,0.3235294117647059,37638104.0,42,0.06,0.22,,,,,,,,,,,,
vt_h4_c1,35,CLP,answer_only,signed_sum,raw,eligible_body_tokens,0.1,333,48,34,0.14414414414414414,0.7083333333333334,0.1021021021021021,0.3125,0.4411764705882353,0.4411764705882353,61949928.0,44,0.1875,0.3958333333333333,,,,,,,,,,,,
vt_h4_c1,36,CLP,answer_only,signed_sum,raw,eligible_body_tokens,0.1,335,50,34,0.14925373134328357,0.68,0.10149253731343283,0.2,0.29411764705882354,0.29411764705882354,41444144.0,42,0.04,0.2,,,,,,,,,,,,
vt_h4_c1,37,CLP,answer_only,signed_sum,raw,eligible_body_tokens,0.1,331,46,34,0.13897280966767372,0.7391304347826086,0.1027190332326284,0.21739130434782608,0.29411764705882354,0.29411764705882354,47016916.0,41,0.06521739130434782,0.21739130434782608,,,,,,,,,,,,
vt_h4_c1,38,CLP,answer_only,signed_sum,raw,eligible_body_tokens,0.1,333,48,34,0.14414414414414414,0.7083333333333334,0.1021021021021021,0.22916666666666666,0.3235294117647059,0.3235294117647059,51369584.0,40,0.10416666666666667,0.22916666666666666,,,,,,,,,,,,
vt_h4_c1,39,CLP,answer_only,signed_sum,raw,eligible_body_tokens,0.1,331,46,34,0.13897280966767372,0.7391304347826086,0.1027190332326284,0.21739130434782608,0.29411764705882354,0.29411764705882354,50260812.0,41,0.06521739130434782,0.21739130434782608,,,,,,,,,,,,
vt_h4_c1,40,CLP,answer_only,signed_sum,raw,eligible_body_tokens,0.1,332,47,34,0.14156626506024098,0.723404255319149,0.10240963855421686,0.0,0.0,0.0,45839024.0,42,0.0,0.14893617021276595,,,,,,,,,,,,
vt_h4_c1,41,CLP,answer_only,signed_sum,raw,eligible_body_tokens,0.1,333,48,34,0.14414414414414414,0.7083333333333334,0.1021021021021021,0.20833333333333334,0.29411764705882354,0.29411764705882354,49548492.0,40,0.08333333333333333,0.20833333333333334,,,,,,,,,,,,
vt_h4_c1,42,CLP,answer_only,signed_sum,raw,eligible_body_tokens,0.1,329,44,33,0.1337386018237082,0.75,0.10030395136778116,0.0,0.0,0.0,40305884.0,42,0.0,0.11363636363636363,,,,,,,,,,,,
vt_h4_c1,43,CLP,answer_only,signed_sum,raw,eligible_body_tokens,0.1,333,48,34,0.14414414414414414,0.7083333333333334,0.1021021021021021,0.20833333333333334,0.29411764705882354,0.29411764705882354,74467216.0,43,0.1875,0.375,,,,,,,,,,,,
vt_h4_c1,44,CLP,answer_only,signed_sum,raw,eligible_body_tokens,0.1,333,48,34,0.14414414414414414,0.7083333333333334,0.1021021021021021,0.22916666666666666,0.3235294117647059,0.3235294117647059,51348560.0,40,0.10416666666666667,0.22916666666666666,,,,,,,,,,,,
vt_h4_c1,45,CLP,answer_only,signed_sum,raw,eligible_body_tokens,0.1,333,48,34,0.14414414414414414,0.7083333333333334,0.1021021021021021,0.25,0.35294117647058826,0.35294117647058826,63589584.0,44,0.1875,0.3958333333333333,,,,,,,,,,,,
vt_h4_c1,46,CLP,answer_only,signed_sum,raw,eligible_body_tokens,0.1,332,47,34,0.14156626506024098,0.723404255319149,0.10240963855421686,0.2127659574468085,0.29411764705882354,0.29411764705882354,48520780.0,38,0.1276595744680851,0.2127659574468085,,,,,,,,,,,,
vt_h4_c1,47,CLP,answer_only,signed_sum,raw,eligible_body_tokens,0.1,329,44,33,0.1337386018237082,0.75,0.10030395136778116,0.20454545454545456,0.2727272727272727,0.2727272727272727,37347488.0,43,0.0,0.20454545454545456,,,,,,,,,,,,
vt_h4_c1,48,CLP,answer_only,signed_sum,raw,eligible_body_tokens,0.1,331,46,34,0.13897280966767372,0.7391304347826086,0.1027190332326284,0.21739130434782608,0.29411764705882354,0.29411764705882354,44399752.0,37,0.15217391304347827,0.21739130434782608,,,,,,,,,,,,
vt_h4_c1,49,CLP,answer_only,signed_sum,raw,eligible_body_tokens,0.1,332,47,34,0.14156626506024098,0.723404255319149,0.10240963855421686,0.2127659574468085,0.29411764705882354,0.29411764705882354,42610236.0,39,0.10638297872340426,0.2127659574468085,,,,,,,,,,,,
vt_h4_c1,50,CLP,answer_only,signed_sum,raw,eligible_body_tokens,0.1,335,50,34,0.14925373134328357,0.68,0.10149253731343283,0.24,0.35294117647058826,0.35294117647058826,76499112.0,44,0.18,0.38,,,,,,,,,,,,
vt_h4_c1,51,CLP,answer_only,signed_sum,raw,eligible_body_tokens,0.1,329,44,33,0.1337386018237082,0.75,0.10030395136778116,0.22727272727272727,0.30303030303030304,0.30303030303030304,39662536.0,36,0.1590909090909091,0.22727272727272727,,,,,,,,,,,,
vt_h4_c1,52,CLP,answer_only,signed_sum,raw,eligible_body_tokens,0.1,333,48,34,0.14414414414414414,0.7083333333333334,0.1021021021021021,0.3125,0.4411764705882353,0.4411764705882353,80852432.0,41,0.25,0.3958333333333333,,,,,,,,,,,,
vt_h4_c1,53,CLP,answer_only,signed_sum,raw,eligible_body_tokens,0.1,333,48,34,0.14414414414414414,0.7083333333333334,0.1021021021021021,0.20833333333333334,0.29411764705882354,0.29411764705882354,59621932.0,44,0.1875,0.3958333333333333,,,,,,,,,,,,
vt_h4_c1,54,CLP,answer_only,signed_sum,raw,eligible_body_tokens,0.1,330,45,33,0.13636363636363635,0.7333333333333333,0.1,0.3111111111111111,0.42424242424242425,0.42424242424242425,70611736.0,37,0.3111111111111111,0.4,,,,,,,,,,,,
vt_h4_c1,55,CLP,answer_only,signed_sum,raw,eligible_body_tokens,0.1,334,49,34,0.1467065868263473,0.6938775510204082,0.10179640718562874,0.30612244897959184,0.4411764705882353,0.4411764705882353,66442956.0,42,0.22448979591836735,0.3877551020408163,,,,,,,,,,,,
vt_h4_c1,56,CLP,answer_only,signed_sum,raw,eligible_body_tokens,0.1,333,48,34,0.14414414414414414,0.7083333333333334,0.1021021021021021,0.20833333333333334,0.29411764705882354,0.29411764705882354,48722876.0,40,0.08333333333333333,0.20833333333333334,,,,,,,,,,,,
vt_h4_c1,57,CLP,answer_only,signed_sum,raw,eligible_body_tokens,0.1,333,48,34,0.14414414414414414,0.7083333333333334,0.1021021021021021,0.3125,0.4411764705882353,0.4411764705882353,77512800.0,43,0.1875,0.375,,,,,,,,,,,,
vt_h4_c1,58,CLP,answer_only,signed_sum,raw,eligible_body_tokens,0.1,331,46,34,0.13897280966767372,0.7391304347826086,0.1027190332326284,0.021739130434782608,0.029411764705882353,0.029411764705882353,33955660.0,42,0.021739130434782608,0.1956521739130435,,,,,,,,,,,,
vt_h4_c1,59,CLP,answer_only,signed_sum,raw,eligible_body_tokens,0.1,330,45,33,0.13636363636363635,0.7333333333333333,0.1,0.08888888888888889,0.12121212121212122,0.12121212121212122,46472820.0,42,0.0,0.2,,,,,,,,,,,,
vt_h4_c1,60,CLP,answer_only,signed_sum,raw,eligible_body_tokens,0.1,333,48,34,0.14414414414414414,0.7083333333333334,0.1021021021021021,0.20833333333333334,0.29411764705882354,0.29411764705882354,57502080.0,40,0.08333333333333333,0.20833333333333334,,,,,,,,,,,,
vt_h4_c1,61,CLP,answer_only,signed_sum,raw,eligible_body_tokens,0.1,334,49,34,0.1467065868263473,0.6938775510204082,0.10179640718562874,0.22448979591836735,0.3235294117647059,0.3235294117647059,47797216.0,42,0.061224489795918366,0.22448979591836735,,,,,,,,,,,,
vt_h4_c1,62,CLP,answer_only,signed_sum,raw,eligible_body_tokens,0.1,333,48,34,0.14414414414414414,0.7083333333333334,0.1021021021021021,0.20833333333333334,0.29411764705882354,0.29411764705882354,82048672.0,44,0.16666666666666666,0.375,,,,,,,,,,,,
vt_h4_c1,63,CLP,answer_only,signed_sum,raw,eligible_body_tokens,0.1,336,51,34,0.15178571428571427,0.6666666666666666,0.10119047619047619,0.19607843137254902,0.29411764705882354,0.29411764705882354,82350832.0,43,0.19607843137254902,0.37254901960784315,,,,,,,,,,,,
vt_h4_c1,64,CLP,answer_only,signed_sum,raw,eligible_body_tokens,0.1,332,47,34,0.14156626506024098,0.723404255319149,0.10240963855421686,0.23404255319148937,0.3235294117647059,0.3235294117647059,50166176.0,42,0.06382978723404255,0.23404255319148937,,,,,,,,,,,,
vt_h4_c1,65,CLP,answer_only,signed_sum,raw,eligible_body_tokens,0.1,333,48,34,0.14414414414414414,0.7083333333333334,0.1021021021021021,0.1875,0.2647058823529412,0.2647058823529412,45412352.0,43,0.10416666666666667,0.2916666666666667,,,,,,,,,,,,
vt_h4_c1,66,CLP,answer_only,signed_sum,raw,eligible_body_tokens,0.1,332,47,34,0.14156626506024098,0.723404255319149,0.10240963855421686,0.3191489361702128,0.4411764705882353,0.4411764705882353,83609720.0,43,0.2127659574468085,0.40425531914893614,,,,,,,,,,,,
vt_h4_c1,67,CLP,answer_only,signed_sum,raw,eligible_body_tokens,0.1,333,48,34,0.14414414414414414,0.7083333333333334,0.1021021021021021,0.3125,0.4411764705882353,0.4411764705882353,51392724.0,42,0.14583333333333334,0.3125,,,,,,,,,,,,
vt_h4_c1,68,CLP,answer_only,signed_sum,raw,eligible_body_tokens,0.1,334,49,34,0.1467065868263473,0.6938775510204082,0.10179640718562874,0.02040816326530612,0.029411764705882353,0.029411764705882353,41059356.0,42,0.02040816326530612,0.1836734693877551,,,,,,,,,,,,
vt_h4_c1,69,CLP,answer_only,signed_sum,raw,eligible_body_tokens,0.1,333,48,34,0.14414414414414414,0.7083333333333334,0.1021021021021021,0.22916666666666666,0.3235294117647059,0.3235294117647059,52629012.0,40,0.10416666666666667,0.22916666666666666,,,,,,,,,,,,
vt_h4_c1,70,CLP,answer_only,signed_sum,raw,eligible_body_tokens,0.1,336,51,34,0.15178571428571427,0.6666666666666666,0.10119047619047619,0.19607843137254902,0.29411764705882354,0.29411764705882354,37941056.0,43,0.0196078431372549,0.19607843137254902,,,,,,,,,,,,
vt_h4_c1,71,CLP,answer_only,signed_sum,raw,eligible_body_tokens,0.1,331,46,34,0.13897280966767372,0.7391304347826086,0.1027190332326284,0.1956521739130435,0.2647058823529412,0.2647058823529412,51899836.0,42,0.021739130434782608,0.1956521739130435,,,,,,,,,,,,
vt_h4_c1,72,CLP,answer_only,signed_sum,raw,eligible_body_tokens,0.1,335,50,34,0.14925373134328357,0.68,0.10149253731343283,0.22,0.3235294117647059,0.3235294117647059,82242320.0,44,0.18,0.38,,,,,,,,,,,,
vt_h4_c1,73,CLP,answer_only,signed_sum,raw,eligible_body_tokens,0.1,333,48,34,0.14414414414414414,0.7083333333333334,0.1021021021021021,0.22916666666666666,0.3235294117647059,0.3235294117647059,71283936.0,43,0.22916666666666666,0.4166666666666667,,,,,,,,,,,,
vt_h4_c1,74,CLP,answer_only,signed_sum,raw,eligible_body_tokens,0.1,333,48,34,0.14414414414414414,0.7083333333333334,0.1021021021021021,0.041666666666666664,0.058823529411764705,0.058823529411764705,42251844.0,42,0.020833333333333332,0.1875,,,,,,,,,,,,
vt_h4_c1,75,CLP,answer_only,signed_sum,raw,eligible_body_tokens,0.1,329,44,33,0.1337386018237082,0.75,0.10030395136778116,0.2727272727272727,0.36363636363636365,0.36363636363636365,38319392.0,42,0.1590909090909091,0.36363636363636365,,,,,,,,,,,,
vt_h4_c1,76,CLP,answer_only,signed_sum,raw,eligible_body_tokens,0.1,331,46,34,0.13897280966767372,0.7391304347826086,0.1027190332326284,0.1956521739130435,0.2647058823529412,0.2647058823529412,40328092.0,37,0.13043478260869565,0.1956521739130435,,,,,,,,,,,,
vt_h4_c1,77,CLP,answer_only,signed_sum,raw,eligible_body_tokens,0.1,333,48,34,0.14414414414414414,0.7083333333333334,0.1021021021021021,0.22916666666666666,0.3235294117647059,0.3235294117647059,40417220.0,42,0.0625,0.22916666666666666,,,,,,,,,,,,
vt_h4_c1,78,CLP,answer_only,signed_sum,raw,eligible_body_tokens,0.1,335,50,34,0.14925373134328357,0.68,0.10149253731343283,0.18,0.2647058823529412,0.2647058823529412,70355792.0,44,0.18,0.38,,,,,,,,,,,,
vt_h4_c1,79,CLP,answer_only,signed_sum,raw,eligible_body_tokens,0.1,334,49,34,0.1467065868263473,0.6938775510204082,0.10179640718562874,0.20408163265306123,0.29411764705882354,0.29411764705882354,41516576.0,42,0.04081632653061224,0.20408163265306123,,,,,,,,,,,,
vt_h4_c1,80,CLP,answer_only,signed_sum,raw,eligible_body_tokens,0.1,331,46,34,0.13897280966767372,0.7391304347826086,0.1027190332326284,0.32608695652173914,0.4411764705882353,0.4411764705882353,61509096.0,43,0.21739130434782608,0.41304347826086957,,,,,,,,,,,,
vt_h4_c1,81,CLP,answer_only,signed_sum,raw,eligible_body_tokens,0.1,333,48,34,0.14414414414414414,0.7083333333333334,0.1021021021021021,0.3125,0.4411764705882353,0.4411764705882353,89172944.0,41,0.2708333333333333,0.4166666666666667,,,,,,,,,,,,
vt_h4_c1,82,CLP,answer_only,signed_sum,raw,eligible_body_tokens,0.1,334,49,34,0.1467065868263473,0.6938775510204082,0.10179640718562874,0.20408163265306123,0.29411764705882354,0.29411764705882354,43182928.0,41,0.061224489795918366,0.20408163265306123,,,,,,,,,,,,
vt_h4_c1,83,CLP,answer_only,signed_sum,raw,eligible_body_tokens,0.1,332,47,34,0.14156626506024098,0.723404255319149,0.10240963855421686,0.0,0.0,0.0,51421600.0,42,0.0,0.1276595744680851,,,,,,,,,,,,
vt_h4_c1,84,CLP,answer_only,signed_sum,raw,eligible_body_tokens,0.1,329,44,33,0.1337386018237082,0.75,0.10030395136778116,0.13636363636363635,0.18181818181818182,0.18181818181818182,43198936.0,42,0.0,0.18181818181818182,,,,,,,,,,,,
vt_h4_c1,85,CLP,answer_only,signed_sum,raw,eligible_body_tokens,0.1,332,47,34,0.14156626506024098,0.723404255319149,0.10240963855421686,0.19148936170212766,0.2647058823529412,0.2647058823529412,43530760.0,43,0.1276595744680851,0.3191489361702128,,,,,,,,,,,,
vt_h4_c1,86,CLP,answer_only,signed_sum,raw,eligible_body_tokens,0.1,332,47,34,0.14156626506024098,0.723404255319149,0.10240963855421686,0.3191489361702128,0.4411764705882353,0.4411764705882353,81136880.0,39,0.3191489361702128,0.425531914893617,,,,,,,,,,,,
vt_h4_c1,87,CLP,answer_only,signed_sum,raw,eligible_body_tokens,0.1,329,44,33,0.1337386018237082,0.75,0.10030395136778116,0.20454545454545456,0.2727272727272727,0.2727272727272727,37463608.0,42,0.0,0.20454545454545456,,,,,,,,,,,,
vt_h4_c1,88,CLP,answer_only,signed_sum,raw,eligible_body_tokens,0.1,331,46,34,0.13897280966767372,0.7391304347826086,0.1027190332326284,0.32608695652173914,0.4411764705882353,0.4411764705882353,81745080.0,43,0.17391304347826086,0.3695652173913043,,,,,,,,,,,,
vt_h4_c1,89,CLP,answer_only,signed_sum,raw,eligible_body_tokens,0.1,329,44,33,0.1337386018237082,0.75,0.10030395136778116,0.22727272727272727,0.30303030303030304,0.30303030303030304,35343988.0,41,0.045454545454545456,0.22727272727272727,,,,,,,,,,,,
vt_h4_c1,90,CLP,answer_only,signed_sum,raw,eligible_body_tokens,0.1,331,46,34,0.13897280966767372,0.7391304347826086,0.1027190332326284,0.1956521739130435,0.2647058823529412,0.2647058823529412,37401488.0,42,0.021739130434782608,0.1956521739130435,,,,,,,,,,,,
vt_h4_c1,91,CLP,answer_only,signed_sum,raw,eligible_body_tokens,0.1,331,46,34,0.13897280966767372,0.7391304347826086,0.1027190332326284,0.21739130434782608,0.29411764705882354,0.29411764705882354,34309148.0,42,0.043478260869565216,0.21739130434782608,,,,,,,,,,,,
vt_h4_c1,92,CLP,answer_only,signed_sum,raw,eligible_body_tokens,0.1,333,48,34,0.14414414414414414,0.7083333333333334,0.1021021021021021,0.10416666666666667,0.14705882352941177,0.14705882352941177,31330864.0,41,0.0,0.10416666666666667,,,,,,,,,,,,
vt_h4_c1,93,CLP,answer_only,signed_sum,raw,eligible_body_tokens,0.1,331,46,34,0.13897280966767372,0.7391304347826086,0.1027190332326284,0.32608695652173914,0.4411764705882353,0.4411764705882353,78445224.0,43,0.17391304347826086,0.3695652173913043,,,,,,,,,,,,
vt_h4_c1,94,CLP,answer_only,signed_sum,raw,eligible_body_tokens,0.1,336,51,34,0.15178571428571427,0.6666666666666666,0.10119047619047619,0.19607843137254902,0.29411764705882354,0.29411764705882354,51563180.0,43,0.0196078431372549,0.19607843137254902,,,,,,,,,,,,
vt_h4_c1,95,CLP,answer_only,signed_sum,raw,eligible_body_tokens,0.1,331,46,34,0.13897280966767372,0.7391304347826086,0.1027190332326284,0.0,0.0,0.0,36545188.0,41,0.0,0.06521739130434782,,,,,,,,,,,,
vt_h4_c1,96,CLP,answer_only,signed_sum,raw,eligible_body_tokens,0.1,329,44,33,0.1337386018237082,0.75,0.10030395136778116,0.3181818181818182,0.42424242424242425,0.42424242424242425,62924836.0,36,0.3181818181818182,0.38636363636363635,,,,,,,,,,,,
vt_h4_c1,97,CLP,answer_only,signed_sum,raw,eligible_body_tokens,0.1,330,45,33,0.13636363636363635,0.7333333333333333,0.1,0.2222222222222222,0.30303030303030304,0.30303030303030304,34888268.0,43,0.0,0.2222222222222222,,,,,,,,,,,,
vt_h4_c1,98,CLP,answer_only,signed_sum,raw,eligible_body_tokens,0.1,331,46,34,0.13897280966767372,0.7391304347826086,0.1027190332326284,0.15217391304347827,0.20588235294117646,0.20588235294117646,47461460.0,42,0.021739130434782608,0.1956521739130435,,,,,,,,,,,,
vt_h4_c1,99,CLP,answer_only,signed_sum,raw,eligible_body_tokens,0.1,331,46,34,0.13897280966767372,0.7391304347826086,0.1027190332326284,0.2391304347826087,0.3235294117647059,0.3235294117647059,46183004.0,42,0.06521739130434782,0.2391304347826087,,,,,,,,,,,,
vt_h4_c1,0,IFR,answer_only,signed_sum,raw,eligible_body_tokens,0.1,336,51,34,0.15178571428571427,0.6666666666666666,0.10119047619047619,0.6666666666666666,1.0,1.0,0.5810093283653259,1,0.6666666666666666,0.6666666666666666,,,,,,,,,,,,
vt_h4_c1,1,IFR,answer_only,signed_sum,raw,eligible_body_tokens,0.1,333,48,34,0.14414414414414414,0.7083333333333334,0.1021021021021021,0.7083333333333334,1.0,1.0,0.4997378885746002,1,0.7083333333333334,0.7083333333333334,,,,,,,,,,,,
vt_h4_c1,2,IFR,answer_only,signed_sum,raw,eligible_body_tokens,0.1,331,46,34,0.13897280966767372,0.7391304347826086,0.1027190332326284,0.717391304347826,0.9705882352941176,0.9705882352941176,0.3714187741279602,1,0.717391304347826,0.717391304347826,,,,,,,,,,,,
vt_h4_c1,3,IFR,answer_only,signed_sum,raw,eligible_body_tokens,0.1,332,47,34,0.14156626506024098,0.723404255319149,0.10240963855421686,0.7021276595744681,0.9705882352941176,0.9705882352941176,0.43798401951789856,1,0.7021276595744681,0.7021276595744681,,,,,,,,,,,,
vt_h4_c1,4,IFR,answer_only,signed_sum,raw,eligible_body_tokens,0.1,337,52,34,0.1543026706231454,0.6538461538461539,0.10089020771513353,0.6538461538461539,1.0,1.0,0.6204239130020142,1,0.6538461538461539,0.6538461538461539,,,,,,,,,,,,
vt_h4_c1,5,IFR,answer_only,signed_sum,raw,eligible_body_tokens,0.1,331,46,34,0.13897280966767372,0.7391304347826086,0.1027190332326284,0.6956521739130435,0.9411764705882353,0.9411764705882353,0.36921635270118713,1,0.6956521739130435,0.6956521739130435,,,,,,,,,,,,
vt_h4_c1,6,IFR,answer_only,signed_sum,raw,eligible_body_tokens,0.1,331,46,34,0.13897280966767372,0.7391304347826086,0.1027190332326284,0.7391304347826086,1.0,1.0,0.3630322217941284,1,0.7391304347826086,0.7391304347826086,,,,,,,,,,,,
vt_h4_c1,7,IFR,answer_only,signed_sum,raw,eligible_body_tokens,0.1,330,45,33,0.13636363636363635,0.7333333333333333,0.1,0.6888888888888889,0.9393939393939394,0.9393939393939394,0.40451398491859436,1,0.6888888888888889,0.6888888888888889,,,,,,,,,,,,
vt_h4_c1,8,IFR,answer_only,signed_sum,raw,eligible_body_tokens,0.1,331,46,34,0.13897280966767372,0.7391304347826086,0.1027190332326284,0.717391304347826,0.9705882352941176,0.9705882352941176,0.3711892366409302,1,0.717391304347826,0.717391304347826,,,,,,,,,,,,
vt_h4_c1,9,IFR,answer_only,signed_sum,raw,eligible_body_tokens,0.1,334,49,34,0.1467065868263473,0.6938775510204082,0.10179640718562874,0.673469387755102,0.9705882352941176,0.9705882352941176,0.49232709407806396,1,0.673469387755102,0.673469387755102,,,,,,,,,,,,
vt_h4_c1,10,IFR,answer_only,signed_sum,raw,eligible_body_tokens,0.1,331,46,34,0.13897280966767372,0.7391304347826086,0.1027190332326284,0.717391304347826,0.9705882352941176,0.9705882352941176,0.36666521430015564,1,0.717391304347826,0.717391304347826,,,,,,,,,,,,
vt_h4_c1,11,IFR,answer_only,signed_sum,raw,eligible_body_tokens,0.1,333,48,34,0.14414414414414414,0.7083333333333334,0.1021021021021021,0.7083333333333334,1.0,1.0,0.5716936588287354,1,0.7083333333333334,0.7083333333333334,,,,,,,,,,,,
vt_h4_c1,12,IFR,answer_only,signed_sum,raw,eligible_body_tokens,0.1,339,54,34,0.1592920353982301,0.6296296296296297,0.10029498525073746,0.6296296296296297,1.0,1.0,0.6080224514007568,1,0.6296296296296297,0.6296296296296297,,,,,,,,,,,,
vt_h4_c1,13,IFR,answer_only,signed_sum,raw,eligible_body_tokens,0.1,333,48,34,0.14414414414414414,0.7083333333333334,0.1021021021021021,0.7083333333333334,1.0,1.0,0.6036933660507202,1,0.7083333333333334,0.7083333333333334,,,,,,,,,,,,
vt_h4_c1,14,IFR,answer_only,signed_sum,raw,eligible_body_tokens,0.1,337,52,34,0.1543026706231454,0.6538461538461539,0.10089020771513353,0.6538461538461539,1.0,1.0,0.5284832119941711,1,0.6538461538461539,0.6538461538461539,,,,,,,,,,,,
vt_h4_c1,15,IFR,answer_only,signed_sum,raw,eligible_body_tokens,0.1,331,46,34,0.13897280966767372,0.7391304347826086,0.1027190332326284,0.717391304347826,0.9705882352941176,0.9705882352941176,0.3987252712249756,1,0.717391304347826,0.717391304347826,,,,,,,,,,,,
vt_h4_c1,16,IFR,answer_only,signed_sum,raw,eligible_body_tokens,0.1,331,46,34,0.13897280966767372,0.7391304347826086,0.1027190332326284,0.7391304347826086,1.0,1.0,0.42087846994400024,1,0.7391304347826086,0.7391304347826086,,,,,,,,,,,,
vt_h4_c1,17,IFR,answer_only,signed_sum,raw,eligible_body_tokens,0.1,329,44,33,0.1337386018237082,0.75,0.10030395136778116,0.7045454545454546,0.9393939393939394,0.9393939393939394,0.32669368386268616,1,0.7045454545454546,0.7045454545454546,,,,,,,,,,,,
vt_h4_c1,18,IFR,answer_only,signed_sum,raw,eligible_body_tokens,0.1,330,45,33,0.13636363636363635,0.7333333333333333,0.1,0.6888888888888889,0.9393939393939394,0.9393939393939394,0.405510812997818,1,0.6888888888888889,0.6888888888888889,,,,,,,,,,,,
vt_h4_c1,19,IFR,answer_only,signed_sum,raw,eligible_body_tokens,0.1,334,49,34,0.1467065868263473,0.6938775510204082,0.10179640718562874,0.673469387755102,0.9705882352941176,0.9705882352941176,0.40549951791763306,1,0.673469387755102,0.673469387755102,,,,,,,,,,,,
vt_h4_c1,20,IFR,answer_only,signed_sum,raw,eligible_body_tokens,0.1,332,47,34,0.14156626506024098,0.723404255319149,0.10240963855421686,0.723404255319149,1.0,1.0,0.4338409900665283,1,0.723404255319149,0.723404255319149,,,,,,,,,,,,
vt_h4_c1,21,IFR,answer_only,signed_sum,raw,eligible_body_tokens,0.1,335,50,34,0.14925373134328357,0.68,0.10149253731343283,0.68,1.0,1.0,0.5614200830459595,1,0.68,0.68,,,,,,,,,,,,
vt_h4_c1,22,IFR,answer_only,signed_sum,raw,eligible_body_tokens,0.1,334,49,34,0.1467065868263473,0.6938775510204082,0.10179640718562874,0.6938775510204082,1.0,1.0,0.5290876030921936,1,0.6938775510204082,0.6938775510204082,,,,,,,,,,,,
vt_h4_c1,23,IFR,answer_only,signed_sum,raw,eligible_body_tokens,0.1,335,50,34,0.14925373134328357,0.68,0.10149253731343283,0.66,0.9705882352941176,0.9705882352941176,0.5018537044525146,1,0.66,0.66,,,,,,,,,,,,
vt_h4_c1,24,IFR,answer_only,signed_sum,raw,eligible_body_tokens,0.1,333,48,34,0.14414414414414414,0.7083333333333334,0.1021021021021021,0.7083333333333334,1.0,1.0,0.4520052671432495,1,0.7083333333333334,0.7083333333333334,,,,,,,,,,,,
vt_h4_c1,25,IFR,answer_only,signed_sum,raw,eligible_body_tokens,0.1,337,52,34,0.1543026706231454,0.6538461538461539,0.10089020771513353,0.6538461538461539,1.0,1.0,0.5626139044761658,1,0.6538461538461539,0.6538461538461539,,,,,,,,,,,,
vt_h4_c1,26,IFR,answer_only,signed_sum,raw,eligible_body_tokens,0.1,335,50,34,0.14925373134328357,0.68,0.10149253731343283,0.68,1.0,1.0,0.5687907934188843,1,0.68,0.68,,,,,,,,,,,,
vt_h4_c1,27,IFR,answer_only,signed_sum,raw,eligible_body_tokens,0.1,334,49,34,0.1467065868263473,0.6938775510204082,0.10179640718562874,0.673469387755102,0.9705882352941176,0.9705882352941176,0.42891350388526917,1,0.673469387755102,0.673469387755102,,,,,,,,,,,,
vt_h4_c1,28,IFR,answer_only,signed_sum,raw,eligible_body_tokens,0.1,333,48,34,0.14414414414414414,0.7083333333333334,0.1021021021021021,0.6875,0.9705882352941176,0.9705882352941176,0.4438440501689911,1,0.6875,0.6875,,,,,,,,,,,,
vt_h4_c1,29,IFR,answer_only,signed_sum,raw,eligible_body_tokens,0.1,331,46,34,0.13897280966767372,0.7391304347826086,0.1027190332326284,0.7391304347826086,1.0,1.0,0.44564110040664673,1,0.7391304347826086,0.7391304347826086,,,,,,,,,,,,
vt_h4_c1,30,IFR,answer_only,signed_sum,raw,eligible_body_tokens,0.1,333,48,34,0.14414414414414414,0.7083333333333334,0.1021021021021021,0.6875,0.9705882352941176,0.9705882352941176,0.45008814334869385,1,0.6875,0.6875,,,,,,,,,,,,
vt_h4_c1,31,IFR,answer_only,signed_sum,raw,eligible_body_tokens,0.1,333,48,34,0.14414414414414414,0.7083333333333334,0.1021021021021021,0.7083333333333334,1.0,1.0,0.43895772099494934,1,0.7083333333333334,0.7083333333333334,,,,,,,,,,,,
vt_h4_c1,32,IFR,answer_only,signed_sum,raw,eligible_body_tokens,0.1,331,46,34,0.13897280966767372,0.7391304347826086,0.1027190332326284,0.6956521739130435,0.9411764705882353,0.9411764705882353,0.3682539165019989,1,0.6956521739130435,0.6956521739130435,,,,,,,,,,,,
vt_h4_c1,33,IFR,answer_only,signed_sum,raw,eligible_body_tokens,0.1,337,52,34,0.1543026706231454,0.6538461538461539,0.10089020771513353,0.6538461538461539,1.0,1.0,0.6332889795303345,1,0.6538461538461539,0.6538461538461539,,,,,,,,,,,,
vt_h4_c1,34,IFR,answer_only,signed_sum,raw,eligible_body_tokens,0.1,335,50,34,0.14925373134328357,0.68,0.10149253731343283,0.68,1.0,1.0,0.48428866267204285,1,0.68,0.68,,,,,,,,,,,,
vt_h4_c1,35,IFR,answer_only,signed_sum,raw,eligible_body_tokens,0.1,333,48,34,0.14414414414414414,0.7083333333333334,0.1021021021021021,0.7083333333333334,1.0,1.0,0.586056649684906,1,0.7083333333333334,0.7083333333333334,,,,,,,,,,,,
vt_h4_c1,36,IFR,answer_only,signed_sum,raw,eligible_body_tokens,0.1,335,50,34,0.14925373134328357,0.68,0.10149253731343283,0.68,1.0,1.0,0.5398107767105103,1,0.68,0.68,,,,,,,,,,,,
vt_h4_c1,37,IFR,answer_only,signed_sum,raw,eligible_body_tokens,0.1,331,46,34,0.13897280966767372,0.7391304347826086,0.1027190332326284,0.6739130434782609,0.9117647058823529,0.9117647058823529,0.3936097323894501,1,0.6739130434782609,0.6739130434782609,,,,,,,,,,,,
vt_h4_c1,38,IFR,answer_only,signed_sum,raw,eligible_body_tokens,0.1,333,48,34,0.14414414414414414,0.7083333333333334,0.1021021021021021,0.7083333333333334,1.0,1.0,0.4925951659679413,1,0.7083333333333334,0.7083333333333334,,,,,,,,,,,,
vt_h4_c1,39,IFR,answer_only,signed_sum,raw,eligible_body_tokens,0.1,331,46,34,0.13897280966767372,0.7391304347826086,0.1027190332326284,0.717391304347826,0.9705882352941176,0.9705882352941176,0.3820834457874298,1,0.717391304347826,0.717391304347826,,,,,,,,,,,,
vt_h4_c1,40,IFR,answer_only,signed_sum,raw,eligible_body_tokens,0.1,332,47,34,0.14156626506024098,0.723404255319149,0.10240963855421686,0.723404255319149,1.0,1.0,0.5087041854858398,1,0.723404255319149,0.723404255319149,,,,,,,,,,,,
vt_h4_c1,41,IFR,answer_only,signed_sum,raw,eligible_body_tokens,0.1,333,48,34,0.14414414414414414,0.7083333333333334,0.1021021021021021,0.6875,0.9705882352941176,0.9705882352941176,0.46584874391555786,1,0.6875,0.6875,,,,,,,,,,,,
vt_h4_c1,42,IFR,answer_only,signed_sum,raw,eligible_body_tokens,0.1,329,44,33,0.1337386018237082,0.75,0.10030395136778116,0.7045454545454546,0.9393939393939394,0.9393939393939394,0.3987116515636444,1,0.7045454545454546,0.7045454545454546,,,,,,,,,,,,
vt_h4_c1,43,IFR,answer_only,signed_sum,raw,eligible_body_tokens,0.1,333,48,34,0.14414414414414414,0.7083333333333334,0.1021021021021021,0.7083333333333334,1.0,1.0,0.48660847544670105,1,0.7083333333333334,0.7083333333333334,,,,,,,,,,,,
vt_h4_c1,44,IFR,answer_only,signed_sum,raw,eligible_body_tokens,0.1,333,48,34,0.14414414414414414,0.7083333333333334,0.1021021021021021,0.7083333333333334,1.0,1.0,0.5192726254463196,1,0.7083333333333334,0.7083333333333334,,,,,,,,,,,,
vt_h4_c1,45,IFR,answer_only,signed_sum,raw,eligible_body_tokens,0.1,333,48,34,0.14414414414414414,0.7083333333333334,0.1021021021021021,0.7083333333333334,1.0,1.0,0.48120400309562683,1,0.7083333333333334,0.7083333333333334,,,,,,,,,,,,
vt_h4_c1,46,IFR,answer_only,signed_sum,raw,eligible_body_tokens,0.1,332,47,34,0.14156626506024098,0.723404255319149,0.10240963855421686,0.7021276595744681,0.9705882352941176,0.9705882352941176,0.42836740612983704,1,0.7021276595744681,0.7021276595744681,,,,,,,,,,,,
vt_h4_c1,47,IFR,answer_only,signed_sum,raw,eligible_body_tokens,0.1,329,44,33,0.1337386018237082,0.75,0.10030395136778116,0.75,1.0,1.0,0.3792995810508728,1,0.75,0.75,,,,,,,,,,,,
vt_h4_c1,48,IFR,answer_only,signed_sum,raw,eligible_body_tokens,0.1,331,46,34,0.13897280966767372,0.7391304347826086,0.1027190332326284,0.717391304347826,0.9705882352941176,0.9705882352941176,0.4085140526294708,1,0.717391304347826,0.717391304347826,,,,,,,,,,,,
vt_h4_c1,49,IFR,answer_only,signed_sum,raw,eligible_body_tokens,0.1,332,47,34,0.14156626506024098,0.723404255319149,0.10240963855421686,0.7021276595744681,0.9705882352941176,0.9705882352941176,0.45317503809928894,1,0.7021276595744681,0.7021276595744681,,,,,,,,,,,,
vt_h4_c1,50,IFR,answer_only,signed_sum,raw,eligible_body_tokens,0.1,335,50,34,0.14925373134328357,0.68,0.10149253731343283,0.68,1.0,1.0,0.5565395355224609,1,0.68,0.68,,,,,,,,,,,,
vt_h4_c1,51,IFR,answer_only,signed_sum,raw,eligible_body_tokens,0.1,329,44,33,0.1337386018237082,0.75,0.10030395136778116,0.7045454545454546,0.9393939393939394,0.9393939393939394,0.35987967252731323,1,0.7045454545454546,0.7045454545454546,,,,,,,,,,,,
vt_h4_c1,52,IFR,answer_only,signed_sum,raw,eligible_body_tokens,0.1,333,48,34,0.14414414414414414,0.7083333333333334,0.1021021021021021,0.7083333333333334,1.0,1.0,0.4841495752334595,1,0.7083333333333334,0.7083333333333334,,,,,,,,,,,,
vt_h4_c1,53,IFR,answer_only,signed_sum,raw,eligible_body_tokens,0.1,333,48,34,0.14414414414414414,0.7083333333333334,0.1021021021021021,0.7083333333333334,1.0,1.0,0.45628848671913147,1,0.7083333333333334,0.7083333333333334,,,,,,,,,,,,
vt_h4_c1,54,IFR,answer_only,signed_sum,raw,eligible_body_tokens,0.1,330,45,33,0.13636363636363635,0.7333333333333333,0.1,0.7333333333333333,1.0,1.0,0.45955100655555725,1,0.7333333333333333,0.7333333333333333,,,,,,,,,,,,
vt_h4_c1,55,IFR,answer_only,signed_sum,raw,eligible_body_tokens,0.1,334,49,34,0.1467065868263473,0.6938775510204082,0.10179640718562874,0.6938775510204082,1.0,1.0,0.4665069580078125,1,0.6938775510204082,0.6938775510204082,,,,,,,,,,,,
vt_h4_c1,56,IFR,answer_only,signed_sum,raw,eligible_body_tokens,0.1,333,48,34,0.14414414414414414,0.7083333333333334,0.1021021021021021,0.7083333333333334,1.0,1.0,0.44069236516952515,1,0.7083333333333334,0.7083333333333334,,,,,,,,,,,,
vt_h4_c1,57,IFR,answer_only,signed_sum,raw,eligible_body_tokens,0.1,333,48,34,0.14414414414414414,0.7083333333333334,0.1021021021021021,0.7083333333333334,1.0,1.0,0.4471493363380432,1,0.7083333333333334,0.7083333333333334,,,,,,,,,,,,
vt_h4_c1,58,IFR,answer_only,signed_sum,raw,eligible_body_tokens,0.1,331,46,34,0.13897280966767372,0.7391304347826086,0.1027190332326284,0.717391304347826,0.9705882352941176,0.9705882352941176,0.4119991064071655,1,0.717391304347826,0.717391304347826,,,,,,,,,,,,
vt_h4_c1,59,IFR,answer_only,signed_sum,raw,eligible_body_tokens,0.1,330,45,33,0.13636363636363635,0.7333333333333333,0.1,0.7111111111111111,0.9696969696969697,0.9696969696969697,0.3850674033164978,1,0.7111111111111111,0.7111111111111111,,,,,,,,,,,,
vt_h4_c1,60,IFR,answer_only,signed_sum,raw,eligible_body_tokens,0.1,333,48,34,0.14414414414414414,0.7083333333333334,0.1021021021021021,0.7083333333333334,1.0,1.0,0.47560641169548035,1,0.7083333333333334,0.7083333333333334,,,,,,,,,,,,
vt_h4_c1,61,IFR,answer_only,signed_sum,raw,eligible_body_tokens,0.1,334,49,34,0.1467065868263473,0.6938775510204082,0.10179640718562874,0.6938775510204082,1.0,1.0,0.5293970704078674,1,0.6938775510204082,0.6938775510204082,,,,,,,,,,,,
vt_h4_c1,62,IFR,answer_only,signed_sum,raw,eligible_body_tokens,0.1,333,48,34,0.14414414414414414,0.7083333333333334,0.1021021021021021,0.7083333333333334,1.0,1.0,0.5582455396652222,1,0.7083333333333334,0.7083333333333334,,,,,,,,,,,,
vt_h4_c1,63,IFR,answer_only,signed_sum,raw,eligible_body_tokens,0.1,336,51,34,0.15178571428571427,0.6666666666666666,0.10119047619047619,0.6666666666666666,1.0,1.0,0.5574396252632141,1,0.6666666666666666,0.6666666666666666,,,,,,,,,,,,
vt_h4_c1,64,IFR,answer_only,signed_sum,raw,eligible_body_tokens,0.1,332,47,34,0.14156626506024098,0.723404255319149,0.10240963855421686,0.723404255319149,1.0,1.0,0.47925084829330444,1,0.723404255319149,0.723404255319149,,,,,,,,,,,,
vt_h4_c1,65,IFR,answer_only,signed_sum,raw,eligible_body_tokens,0.1,333,48,34,0.14414414414414414,0.7083333333333334,0.1021021021021021,0.7083333333333334,1.0,1.0,0.5326297283172607,1,0.7083333333333334,0.7083333333333334,,,,,,,,,,,,
vt_h4_c1,66,IFR,answer_only,signed_sum,raw,eligible_body_tokens,0.1,332,47,34,0.14156626506024098,0.723404255319149,0.10240963855421686,0.7021276595744681,0.9705882352941176,0.9705882352941176,0.46083563566207886,1,0.7021276595744681,0.7021276595744681,,,,,,,,,,,,
vt_h4_c1,67,IFR,answer_only,signed_sum,raw,eligible_body_tokens,0.1,333,48,34,0.14414414414414414,0.7083333333333334,0.1021021021021021,0.6875,0.9705882352941176,0.9705882352941176,0.38597485423088074,1,0.6875,0.6875,,,,,,,,,,,,
vt_h4_c1,68,IFR,answer_only,signed_sum,raw,eligible_body_tokens,0.1,334,49,34,0.1467065868263473,0.6938775510204082,0.10179640718562874,0.6938775510204082,1.0,1.0,0.5064374208450317,1,0.6938775510204082,0.6938775510204082,,,,,,,,,,,,
vt_h4_c1,69,IFR,answer_only,signed_sum,raw,eligible_body_tokens,0.1,333,48,34,0.14414414414414414,0.7083333333333334,0.1021021021021021,0.7083333333333334,1.0,1.0,0.5306386947631836,1,0.7083333333333334,0.7083333333333334,,,,,,,,,,,,
vt_h4_c1,70,IFR,answer_only,signed_sum,raw,eligible_body_tokens,0.1,336,51,34,0.15178571428571427,0.6666666666666666,0.10119047619047619,0.6666666666666666,1.0,1.0,0.5063770413398743,1,0.6666666666666666,0.6666666666666666,,,,,,,,,,,,
vt_h4_c1,71,IFR,answer_only,signed_sum,raw,eligible_body_tokens,0.1,331,46,34,0.13897280966767372,0.7391304347826086,0.1027190332326284,0.717391304347826,0.9705882352941176,0.9705882352941176,0.4405958950519562,1,0.717391304347826,0.717391304347826,,,,,,,,,,,,
vt_h4_c1,72,IFR,answer_only,signed_sum,raw,eligible_body_tokens,0.1,335,50,34,0.14925373134328357,0.68,0.10149253731343283,0.68,1.0,1.0,0.4560624659061432,1,0.68,0.68,,,,,,,,,,,,
vt_h4_c1,73,IFR,answer_only,signed_sum,raw,eligible_body_tokens,0.1,333,48,34,0.14414414414414414,0.7083333333333334,0.1021021021021021,0.7083333333333334,1.0,1.0,0.4056569039821625,1,0.7083333333333334,0.7083333333333334,,,,,,,,,,,,
vt_h4_c1,74,IFR,answer_only,signed_sum,raw,eligible_body_tokens,0.1,333,48,34,0.14414414414414414,0.7083333333333334,0.1021021021021021,0.6875,0.9705882352941176,0.9705882352941176,0.49154728651046753,1,0.6875,0.6875,,,,,,,,,,,,
vt_h4_c1,75,IFR,answer_only,signed_sum,raw,eligible_body_tokens,0.1,329,44,33,0.1337386018237082,0.75,0.10030395136778116,0.6818181818181818,0.9090909090909091,0.9090909090909091,0.3737787902355194,1,0.6818181818181818,0.6818181818181818,,,,,,,,,,,,
vt_h4_c1,76,IFR,answer_only,signed_sum,raw,eligible_body_tokens,0.1,331,46,34,0.13897280966767372,0.7391304347826086,0.1027190332326284,0.717391304347826,0.9705882352941176,0.9705882352941176,0.4451988637447357,1,0.717391304347826,0.717391304347826,,,,,,,,,,,,
vt_h4_c1,77,IFR,answer_only,signed_sum,raw,eligible_body_tokens,0.1,333,48,34,0.14414414414414414,0.7083333333333334,0.1021021021021021,0.6875,0.9705882352941176,0.9705882352941176,0.5589886903762817,1,0.6875,0.6875,,,,,,,,,,,,
vt_h4_c1,78,IFR,answer_only,signed_sum,raw,eligible_body_tokens,0.1,335,50,34,0.14925373134328357,0.68,0.10149253731343283,0.68,1.0,1.0,0.48384609818458557,1,0.68,0.68,,,,,,,,,,,,
vt_h4_c1,79,IFR,answer_only,signed_sum,raw,eligible_body_tokens,0.1,334,49,34,0.1467065868263473,0.6938775510204082,0.10179640718562874,0.6938775510204082,1.0,1.0,0.5040464997291565,1,0.6938775510204082,0.6938775510204082,,,,,,,,,,,,
vt_h4_c1,80,IFR,answer_only,signed_sum,raw,eligible_body_tokens,0.1,331,46,34,0.13897280966767372,0.7391304347826086,0.1027190332326284,0.717391304347826,0.9705882352941176,0.9705882352941176,0.37202152609825134,1,0.717391304347826,0.717391304347826,,,,,,,,,,,,
vt_h4_c1,81,IFR,answer_only,signed_sum,raw,eligible_body_tokens,0.1,333,48,34,0.14414414414414414,0.7083333333333334,0.1021021021021021,0.6875,0.9705882352941176,0.9705882352941176,0.4385669529438019,1,0.6875,0.6875,,,,,,,,,,,,
vt_h4_c1,82,IFR,answer_only,signed_sum,raw,eligible_body_tokens,0.1,334,49,34,0.1467065868263473,0.6938775510204082,0.10179640718562874,0.6938775510204082,1.0,1.0,0.4970979690551758,1,0.6938775510204082,0.6938775510204082,,,,,,,,,,,,
vt_h4_c1,83,IFR,answer_only,signed_sum,raw,eligible_body_tokens,0.1,332,47,34,0.14156626506024098,0.723404255319149,0.10240963855421686,0.723404255319149,1.0,1.0,0.4954368472099304,1,0.723404255319149,0.723404255319149,,,,,,,,,,,,
vt_h4_c1,84,IFR,answer_only,signed_sum,raw,eligible_body_tokens,0.1,329,44,33,0.1337386018237082,0.75,0.10030395136778116,0.7272727272727273,0.9696969696969697,0.9696969696969697,0.40538525581359863,1,0.7272727272727273,0.7272727272727273,,,,,,,,,,,,
vt_h4_c1,85,IFR,answer_only,signed_sum,raw,eligible_body_tokens,0.1,332,47,34,0.14156626506024098,0.723404255319149,0.10240963855421686,0.7021276595744681,0.9705882352941176,0.9705882352941176,0.42468446493148804,1,0.7021276595744681,0.7021276595744681,,,,,,,,,,,,
vt_h4_c1,86,IFR,answer_only,signed_sum,raw,eligible_body_tokens,0.1,332,47,34,0.14156626506024098,0.723404255319149,0.10240963855421686,0.7021276595744681,0.9705882352941176,0.9705882352941176,0.435718834400177,1,0.7021276595744681,0.7021276595744681,,,,,,,,,,,,
vt_h4_c1,87,IFR,answer_only,signed_sum,raw,eligible_body_tokens,0.1,329,44,33,0.1337386018237082,0.75,0.10030395136778116,0.7272727272727273,0.9696969696969697,0.9696969696969697,0.3670327067375183,1,0.7272727272727273,0.7272727272727273,,,,,,,,,,,,
vt_h4_c1,88,IFR,answer_only,signed_sum,raw,eligible_body_tokens,0.1,331,46,34,0.13897280966767372,0.7391304347826086,0.1027190332326284,0.6956521739130435,0.9411764705882353,0.9411764705882353,0.3575746417045593,1,0.6956521739130435,0.6956521739130435,,,,,,,,,,,,
vt_h4_c1,89,IFR,answer_only,signed_sum,raw,eligible_body_tokens,0.1,329,44,33,0.1337386018237082,0.75,0.10030395136778116,0.7272727272727273,0.9696969696969697,0.9696969696969697,0.36108261346817017,1,0.7272727272727273,0.7272727272727273,,,,,,,,,,,,
vt_h4_c1,90,IFR,answer_only,signed_sum,raw,eligible_body_tokens,0.1,331,46,34,0.13897280966767372,0.7391304347826086,0.1027190332326284,0.717391304347826,0.9705882352941176,0.9705882352941176,0.3970237076282501,1,0.717391304347826,0.717391304347826,,,,,,,,,,,,
vt_h4_c1,91,IFR,answer_only,signed_sum,raw,eligible_body_tokens,0.1,331,46,34,0.13897280966767372,0.7391304347826086,0.1027190332326284,0.717391304347826,0.9705882352941176,0.9705882352941176,0.37495437264442444,1,0.717391304347826,0.717391304347826,,,,,,,,,,,,
vt_h4_c1,92,IFR,answer_only,signed_sum,raw,eligible_body_tokens,0.1,333,48,34,0.14414414414414414,0.7083333333333334,0.1021021021021021,0.7083333333333334,1.0,1.0,0.49426645040512085,1,0.7083333333333334,0.7083333333333334,,,,,,,,,,,,
vt_h4_c1,93,IFR,answer_only,signed_sum,raw,eligible_body_tokens,0.1,331,46,34,0.13897280966767372,0.7391304347826086,0.1027190332326284,0.717391304347826,0.9705882352941176,0.9705882352941176,0.4044569134712219,1,0.717391304347826,0.717391304347826,,,,,,,,,,,,
vt_h4_c1,94,IFR,answer_only,signed_sum,raw,eligible_body_tokens,0.1,336,51,34,0.15178571428571427,0.6666666666666666,0.10119047619047619,0.6666666666666666,1.0,1.0,0.4917072057723999,1,0.6666666666666666,0.6666666666666666,,,,,,,,,,,,
vt_h4_c1,95,IFR,answer_only,signed_sum,raw,eligible_body_tokens,0.1,331,46,34,0.13897280966767372,0.7391304347826086,0.1027190332326284,0.7391304347826086,1.0,1.0,0.38026225566864014,1,0.7391304347826086,0.7391304347826086,,,,,,,,,,,,
vt_h4_c1,96,IFR,answer_only,signed_sum,raw,eligible_body_tokens,0.1,329,44,33,0.1337386018237082,0.75,0.10030395136778116,0.7272727272727273,0.9696969696969697,0.9696969696969697,0.3788951337337494,1,0.7272727272727273,0.7272727272727273,,,,,,,,,,,,
vt_h4_c1,97,IFR,answer_only,signed_sum,raw,eligible_body_tokens,0.1,330,45,33,0.13636363636363635,0.7333333333333333,0.1,0.7111111111111111,0.9696969696969697,0.9696969696969697,0.4492485523223877,1,0.7111111111111111,0.7111111111111111,,,,,,,,,,,,
vt_h4_c1,98,IFR,answer_only,signed_sum,raw,eligible_body_tokens,0.1,331,46,34,0.13897280966767372,0.7391304347826086,0.1027190332326284,0.7391304347826086,1.0,1.0,0.49151748418807983,1,0.7391304347826086,0.7391304347826086,,,,,,,,,,,,
vt_h4_c1,99,IFR,answer_only,signed_sum,raw,eligible_body_tokens,0.1,331,46,34,0.13897280966767372,0.7391304347826086,0.1027190332326284,0.717391304347826,0.9705882352941176,0.9705882352941176,0.4366629719734192,1,0.717391304347826,0.717391304347826,,,,,,,,,,,,
vt_h4_c1,0,AttnLRP,answer_only,signed_sum,raw,eligible_body_tokens,0.1,336,51,34,0.15178571428571427,0.6666666666666666,0.10119047619047619,0.6666666666666666,1.0,1.0,0.9557923674583435,1,0.6666666666666666,0.6666666666666666,,,,,,,,,,,,
vt_h4_c1,1,AttnLRP,answer_only,signed_sum,raw,eligible_body_tokens,0.1,333,48,34,0.14414414414414414,0.7083333333333334,0.1021021021021021,0.6875,0.9705882352941176,0.9705882352941176,0.9337716102600098,1,0.6875,0.6875,,,,,,,,,,,,
vt_h4_c1,2,AttnLRP,answer_only,signed_sum,raw,eligible_body_tokens,0.1,331,46,34,0.13897280966767372,0.7391304347826086,0.1027190332326284,0.7391304347826086,1.0,1.0,0.838555097579956,1,0.7391304347826086,0.7391304347826086,,,,,,,,,,,,
vt_h4_c1,3,AttnLRP,answer_only,signed_sum,raw,eligible_body_tokens,0.1,332,47,34,0.14156626506024098,0.723404255319149,0.10240963855421686,0.6808510638297872,0.9411764705882353,0.9411764705882353,0.7121713757514954,1,0.6808510638297872,0.6808510638297872,,,,,,,,,,,,
vt_h4_c1,4,AttnLRP,answer_only,signed_sum,raw,eligible_body_tokens,0.1,337,52,34,0.1543026706231454,0.6538461538461539,0.10089020771513353,0.6538461538461539,1.0,1.0,1.0647797584533691,1,0.6538461538461539,0.6538461538461539,,,,,,,,,,,,
vt_h4_c1,5,AttnLRP,answer_only,signed_sum,raw,eligible_body_tokens,0.1,331,46,34,0.13897280966767372,0.7391304347826086,0.1027190332326284,0.717391304347826,0.9705882352941176,0.9705882352941176,0.7001447677612305,1,0.717391304347826,0.717391304347826,,,,,,,,,,,,
vt_h4_c1,6,AttnLRP,answer_only,signed_sum,raw,eligible_body_tokens,0.1,331,46,34,0.13897280966767372,0.7391304347826086,0.1027190332326284,0.7391304347826086,1.0,1.0,0.8894495964050293,1,0.7391304347826086,0.7391304347826086,,,,,,,,,,,,
vt_h4_c1,7,AttnLRP,answer_only,signed_sum,raw,eligible_body_tokens,0.1,330,45,33,0.13636363636363635,0.7333333333333333,0.1,0.7333333333333333,1.0,1.0,1.0406441688537598,1,0.7333333333333333,0.7333333333333333,,,,,,,,,,,,
vt_h4_c1,8,AttnLRP,answer_only,signed_sum,raw,eligible_body_tokens,0.1,331,46,34,0.13897280966767372,0.7391304347826086,0.1027190332326284,0.7391304347826086,1.0,1.0,0.681203305721283,1,0.7391304347826086,0.7391304347826086,,,,,,,,,,,,
vt_h4_c1,9,AttnLRP,answer_only,signed_sum,raw,eligible_body_tokens,0.1,334,49,34,0.1467065868263473,0.6938775510204082,0.10179640718562874,0.673469387755102,0.9705882352941176,0.9705882352941176,0.9120417833328247,1,0.673469387755102,0.673469387755102,,,,,,,,,,,,
vt_h4_c1,10,AttnLRP,answer_only,signed_sum,raw,eligible_body_tokens,0.1,331,46,34,0.13897280966767372,0.7391304347826086,0.1027190332326284,0.717391304347826,0.9705882352941176,0.9705882352941176,0.6673169136047363,1,0.717391304347826,0.717391304347826,,,,,,,,,,,,
vt_h4_c1,11,AttnLRP,answer_only,signed_sum,raw,eligible_body_tokens,0.1,333,48,34,0.14414414414414414,0.7083333333333334,0.1021021021021021,0.7083333333333334,1.0,1.0,1.011028528213501,1,0.7083333333333334,0.7083333333333334,,,,,,,,,,,,
vt_h4_c1,12,AttnLRP,answer_only,signed_sum,raw,eligible_body_tokens,0.1,339,54,34,0.1592920353982301,0.6296296296296297,0.10029498525073746,0.6296296296296297,1.0,1.0,0.961980938911438,1,0.6296296296296297,0.6296296296296297,,,,,,,,,,,,
vt_h4_c1,13,AttnLRP,answer_only,signed_sum,raw,eligible_body_tokens,0.1,333,48,34,0.14414414414414414,0.7083333333333334,0.1021021021021021,0.6875,0.9705882352941176,0.9705882352941176,0.7748410701751709,1,0.6875,0.6875,,,,,,,,,,,,
vt_h4_c1,14,AttnLRP,answer_only,signed_sum,raw,eligible_body_tokens,0.1,337,52,34,0.1543026706231454,0.6538461538461539,0.10089020771513353,0.6538461538461539,1.0,1.0,1.0304157733917236,1,0.6538461538461539,0.6538461538461539,,,,,,,,,,,,
vt_h4_c1,15,AttnLRP,answer_only,signed_sum,raw,eligible_body_tokens,0.1,331,46,34,0.13897280966767372,0.7391304347826086,0.1027190332326284,0.7391304347826086,1.0,1.0,0.8001487851142883,1,0.7391304347826086,0.7391304347826086,,,,,,,,,,,,
vt_h4_c1,16,AttnLRP,answer_only,signed_sum,raw,eligible_body_tokens,0.1,331,46,34,0.13897280966767372,0.7391304347826086,0.1027190332326284,0.717391304347826,0.9705882352941176,0.9705882352941176,0.7879100441932678,1,0.717391304347826,0.717391304347826,,,,,,,,,,,,
vt_h4_c1,17,AttnLRP,answer_only,signed_sum,raw,eligible_body_tokens,0.1,329,44,33,0.1337386018237082,0.75,0.10030395136778116,0.75,1.0,1.0,0.8100526332855225,1,0.75,0.75,,,,,,,,,,,,
vt_h4_c1,18,AttnLRP,answer_only,signed_sum,raw,eligible_body_tokens,0.1,330,45,33,0.13636363636363635,0.7333333333333333,0.1,0.7111111111111111,0.9696969696969697,0.9696969696969697,0.755315899848938,1,0.7111111111111111,0.7111111111111111,,,,,,,,,,,,
vt_h4_c1,19,AttnLRP,answer_only,signed_sum,raw,eligible_body_tokens,0.1,334,49,34,0.1467065868263473,0.6938775510204082,0.10179640718562874,0.6938775510204082,1.0,1.0,0.8454347252845764,1,0.6938775510204082,0.6938775510204082,,,,,,,,,,,,
vt_h4_c1,20,AttnLRP,answer_only,signed_sum,raw,eligible_body_tokens,0.1,332,47,34,0.14156626506024098,0.723404255319149,0.10240963855421686,0.723404255319149,1.0,1.0,0.7938514947891235,1,0.723404255319149,0.723404255319149,,,,,,,,,,,,
vt_h4_c1,21,AttnLRP,answer_only,signed_sum,raw,eligible_body_tokens,0.1,335,50,34,0.14925373134328357,0.68,0.10149253731343283,0.68,1.0,1.0,0.958427906036377,1,0.68,0.68,,,,,,,,,,,,
vt_h4_c1,22,AttnLRP,answer_only,signed_sum,raw,eligible_body_tokens,0.1,334,49,34,0.1467065868263473,0.6938775510204082,0.10179640718562874,0.6938775510204082,1.0,1.0,0.9386469721794128,1,0.6938775510204082,0.6938775510204082,,,,,,,,,,,,
vt_h4_c1,23,AttnLRP,answer_only,signed_sum,raw,eligible_body_tokens,0.1,335,50,34,0.14925373134328357,0.68,0.10149253731343283,0.68,1.0,1.0,0.7845209836959839,1,0.68,0.68,,,,,,,,,,,,
vt_h4_c1,24,AttnLRP,answer_only,signed_sum,raw,eligible_body_tokens,0.1,333,48,34,0.14414414414414414,0.7083333333333334,0.1021021021021021,0.7083333333333334,1.0,1.0,0.934568464756012,1,0.7083333333333334,0.7083333333333334,,,,,,,,,,,,
vt_h4_c1,25,AttnLRP,answer_only,signed_sum,raw,eligible_body_tokens,0.1,337,52,34,0.1543026706231454,0.6538461538461539,0.10089020771513353,0.6346153846153846,0.9705882352941176,0.9705882352941176,0.8950846195220947,1,0.6346153846153846,0.6346153846153846,,,,,,,,,,,,
vt_h4_c1,26,AttnLRP,answer_only,signed_sum,raw,eligible_body_tokens,0.1,335,50,34,0.14925373134328357,0.68,0.10149253731343283,0.68,1.0,1.0,0.817106306552887,1,0.68,0.68,,,,,,,,,,,,
vt_h4_c1,27,AttnLRP,answer_only,signed_sum,raw,eligible_body_tokens,0.1,334,49,34,0.1467065868263473,0.6938775510204082,0.10179640718562874,0.6938775510204082,1.0,1.0,1.0001477003097534,1,0.6938775510204082,0.6938775510204082,,,,,,,,,,,,
vt_h4_c1,28,AttnLRP,answer_only,signed_sum,raw,eligible_body_tokens,0.1,333,48,34,0.14414414414414414,0.7083333333333334,0.1021021021021021,0.6875,0.9705882352941176,0.9705882352941176,0.7457287311553955,1,0.6875,0.6875,,,,,,,,,,,,
vt_h4_c1,29,AttnLRP,answer_only,signed_sum,raw,eligible_body_tokens,0.1,331,46,34,0.13897280966767372,0.7391304347826086,0.1027190332326284,0.7391304347826086,1.0,1.0,0.7485364675521851,1,0.7391304347826086,0.7391304347826086,,,,,,,,,,,,
vt_h4_c1,30,AttnLRP,answer_only,signed_sum,raw,eligible_body_tokens,0.1,333,48,34,0.14414414414414414,0.7083333333333334,0.1021021021021021,0.7083333333333334,1.0,1.0,0.8066606521606445,1,0.7083333333333334,0.7083333333333334,,,,,,,,,,,,
vt_h4_c1,31,AttnLRP,answer_only,signed_sum,raw,eligible_body_tokens,0.1,333,48,34,0.14414414414414414,0.7083333333333334,0.1021021021021021,0.7083333333333334,1.0,1.0,0.8660558462142944,1,0.7083333333333334,0.7083333333333334,,,,,,,,,,,,
vt_h4_c1,32,AttnLRP,answer_only,signed_sum,raw,eligible_body_tokens,0.1,331,46,34,0.13897280966767372,0.7391304347826086,0.1027190332326284,0.7391304347826086,1.0,1.0,0.7918336391448975,1,0.7391304347826086,0.7391304347826086,,,,,,,,,,,,
vt_h4_c1,33,AttnLRP,answer_only,signed_sum,raw,eligible_body_tokens,0.1,337,52,34,0.1543026706231454,0.6538461538461539,0.10089020771513353,0.6538461538461539,1.0,1.0,0.8887579441070557,1,0.6538461538461539,0.6538461538461539,,,,,,,,,,,,
vt_h4_c1,34,AttnLRP,answer_only,signed_sum,raw,eligible_body_tokens,0.1,335,50,34,0.14925373134328357,0.68,0.10149253731343283,0.68,1.0,1.0,0.8692940473556519,1,0.68,0.68,,,,,,,,,,,,
vt_h4_c1,35,AttnLRP,answer_only,signed_sum,raw,eligible_body_tokens,0.1,333,48,34,0.14414414414414414,0.7083333333333334,0.1021021021021021,0.7083333333333334,1.0,1.0,0.9057291746139526,1,0.7083333333333334,0.7083333333333334,,,,,,,,,,,,
vt_h4_c1,36,AttnLRP,answer_only,signed_sum,raw,eligible_body_tokens,0.1,335,50,34,0.14925373134328357,0.68,0.10149253731343283,0.68,1.0,1.0,0.8406294584274292,1,0.68,0.68,,,,,,,,,,,,
vt_h4_c1,37,AttnLRP,answer_only,signed_sum,raw,eligible_body_tokens,0.1,331,46,34,0.13897280966767372,0.7391304347826086,0.1027190332326284,0.7391304347826086,1.0,1.0,0.8674042224884033,1,0.7391304347826086,0.7391304347826086,,,,,,,,,,,,
vt_h4_c1,38,AttnLRP,answer_only,signed_sum,raw,eligible_body_tokens,0.1,333,48,34,0.14414414414414414,0.7083333333333334,0.1021021021021021,0.7083333333333334,1.0,1.0,0.9221435785293579,1,0.7083333333333334,0.7083333333333334,,,,,,,,,,,,
vt_h4_c1,39,AttnLRP,answer_only,signed_sum,raw,eligible_body_tokens,0.1,331,46,34,0.13897280966767372,0.7391304347826086,0.1027190332326284,0.7391304347826086,1.0,1.0,0.8531877994537354,1,0.7391304347826086,0.7391304347826086,,,,,,,,,,,,
vt_h4_c1,40,AttnLRP,answer_only,signed_sum,raw,eligible_body_tokens,0.1,332,47,34,0.14156626506024098,0.723404255319149,0.10240963855421686,0.723404255319149,1.0,1.0,0.6803556680679321,1,0.723404255319149,0.723404255319149,,,,,,,,,,,,
vt_h4_c1,41,AttnLRP,answer_only,signed_sum,raw,eligible_body_tokens,0.1,333,48,34,0.14414414414414414,0.7083333333333334,0.1021021021021021,0.7083333333333334,1.0,1.0,0.7370675802230835,1,0.7083333333333334,0.7083333333333334,,,,,,,,,,,,
vt_h4_c1,42,AttnLRP,answer_only,signed_sum,raw,eligible_body_tokens,0.1,329,44,33,0.1337386018237082,0.75,0.10030395136778116,0.75,1.0,1.0,0.7751515507698059,1,0.75,0.75,,,,,,,,,,,,
vt_h4_c1,43,AttnLRP,answer_only,signed_sum,raw,eligible_body_tokens,0.1,333,48,34,0.14414414414414414,0.7083333333333334,0.1021021021021021,0.6875,0.9705882352941176,0.9705882352941176,0.7990831136703491,1,0.6875,0.6875,,,,,,,,,,,,
vt_h4_c1,44,AttnLRP,answer_only,signed_sum,raw,eligible_body_tokens,0.1,333,48,34,0.14414414414414414,0.7083333333333334,0.1021021021021021,0.7083333333333334,1.0,1.0,0.7031123042106628,1,0.7083333333333334,0.7083333333333334,,,,,,,,,,,,
vt_h4_c1,45,AttnLRP,answer_only,signed_sum,raw,eligible_body_tokens,0.1,333,48,34,0.14414414414414414,0.7083333333333334,0.1021021021021021,0.7083333333333334,1.0,1.0,1.0706686973571777,1,0.7083333333333334,0.7083333333333334,,,,,,,,,,,,
vt_h4_c1,46,AttnLRP,answer_only,signed_sum,raw,eligible_body_tokens,0.1,332,47,34,0.14156626506024098,0.723404255319149,0.10240963855421686,0.7021276595744681,0.9705882352941176,0.9705882352941176,0.7465439438819885,1,0.7021276595744681,0.7021276595744681,,,,,,,,,,,,
vt_h4_c1,47,AttnLRP,answer_only,signed_sum,raw,eligible_body_tokens,0.1,329,44,33,0.1337386018237082,0.75,0.10030395136778116,0.7045454545454546,0.9393939393939394,0.9393939393939394,0.6299160718917847,1,0.7045454545454546,0.7045454545454546,,,,,,,,,,,,
vt_h4_c1,48,AttnLRP,answer_only,signed_sum,raw,eligible_body_tokens,0.1,331,46,34,0.13897280966767372,0.7391304347826086,0.1027190332326284,0.7391304347826086,1.0,1.0,0.8831897974014282,1,0.7391304347826086,0.7391304347826086,,,,,,,,,,,,
vt_h4_c1,49,AttnLRP,answer_only,signed_sum,raw,eligible_body_tokens,0.1,332,47,34,0.14156626506024098,0.723404255319149,0.10240963855421686,0.7021276595744681,0.9705882352941176,0.9705882352941176,0.8996317386627197,1,0.7021276595744681,0.7021276595744681,,,,,,,,,,,,
vt_h4_c1,50,AttnLRP,answer_only,signed_sum,raw,eligible_body_tokens,0.1,335,50,34,0.14925373134328357,0.68,0.10149253731343283,0.66,0.9705882352941176,0.9705882352941176,0.857306957244873,1,0.66,0.66,,,,,,,,,,,,
vt_h4_c1,51,AttnLRP,answer_only,signed_sum,raw,eligible_body_tokens,0.1,329,44,33,0.1337386018237082,0.75,0.10030395136778116,0.75,1.0,1.0,0.8900700807571411,1,0.75,0.75,,,,,,,,,,,,
vt_h4_c1,52,AttnLRP,answer_only,signed_sum,raw,eligible_body_tokens,0.1,333,48,34,0.14414414414414414,0.7083333333333334,0.1021021021021021,0.7083333333333334,1.0,1.0,0.7947034239768982,1,0.7083333333333334,0.7083333333333334,,,,,,,,,,,,
vt_h4_c1,53,AttnLRP,answer_only,signed_sum,raw,eligible_body_tokens,0.1,333,48,34,0.14414414414414414,0.7083333333333334,0.1021021021021021,0.7083333333333334,1.0,1.0,0.8914676904678345,1,0.7083333333333334,0.7083333333333334,,,,,,,,,,,,
vt_h4_c1,54,AttnLRP,answer_only,signed_sum,raw,eligible_body_tokens,0.1,330,45,33,0.13636363636363635,0.7333333333333333,0.1,0.7333333333333333,1.0,1.0,0.9011311531066895,1,0.7333333333333333,0.7333333333333333,,,,,,,,,,,,
vt_h4_c1,55,AttnLRP,answer_only,signed_sum,raw,eligible_body_tokens,0.1,334,49,34,0.1467065868263473,0.6938775510204082,0.10179640718562874,0.6938775510204082,1.0,1.0,0.775642991065979,1,0.6938775510204082,0.6938775510204082,,,,,,,,,,,,
vt_h4_c1,56,AttnLRP,answer_only,signed_sum,raw,eligible_body_tokens,0.1,333,48,34,0.14414414414414414,0.7083333333333334,0.1021021021021021,0.6875,0.9705882352941176,0.9705882352941176,0.8935800790786743,1,0.6875,0.6875,,,,,,,,,,,,
vt_h4_c1,57,AttnLRP,answer_only,signed_sum,raw,eligible_body_tokens,0.1,333,48,34,0.14414414414414414,0.7083333333333334,0.1021021021021021,0.7083333333333334,1.0,1.0,1.0181796550750732,1,0.7083333333333334,0.7083333333333334,,,,,,,,,,,,
vt_h4_c1,58,AttnLRP,answer_only,signed_sum,raw,eligible_body_tokens,0.1,331,46,34,0.13897280966767372,0.7391304347826086,0.1027190332326284,0.6956521739130435,0.9411764705882353,0.9411764705882353,0.6596696376800537,1,0.6956521739130435,0.6956521739130435,,,,,,,,,,,,
vt_h4_c1,59,AttnLRP,answer_only,signed_sum,raw,eligible_body_tokens,0.1,330,45,33,0.13636363636363635,0.7333333333333333,0.1,0.7111111111111111,0.9696969696969697,0.9696969696969697,0.8588481545448303,1,0.7111111111111111,0.7111111111111111,,,,,,,,,,,,
vt_h4_c1,60,AttnLRP,answer_only,signed_sum,raw,eligible_body_tokens,0.1,333,48,34,0.14414414414414414,0.7083333333333334,0.1021021021021021,0.7083333333333334,1.0,1.0,0.7212966680526733,1,0.7083333333333334,0.7083333333333334,,,,,,,,,,,,
vt_h4_c1,61,AttnLRP,answer_only,signed_sum,raw,eligible_body_tokens,0.1,334,49,34,0.1467065868263473,0.6938775510204082,0.10179640718562874,0.6938775510204082,1.0,1.0,0.8260367512702942,1,0.6938775510204082,0.6938775510204082,,,,,,,,,,,,
vt_h4_c1,62,AttnLRP,answer_only,signed_sum,raw,eligible_body_tokens,0.1,333,48,34,0.14414414414414414,0.7083333333333334,0.1021021021021021,0.6666666666666666,0.9411764705882353,0.9411764705882353,0.6635756492614746,1,0.6666666666666666,0.6666666666666666,,,,,,,,,,,,
vt_h4_c1,63,AttnLRP,answer_only,signed_sum,raw,eligible_body_tokens,0.1,336,51,34,0.15178571428571427,0.6666666666666666,0.10119047619047619,0.6470588235294118,0.9705882352941176,0.9705882352941176,0.8343833088874817,1,0.6470588235294118,0.6470588235294118,,,,,,,,,,,,
vt_h4_c1,64,AttnLRP,answer_only,signed_sum,raw,eligible_body_tokens,0.1,332,47,34,0.14156626506024098,0.723404255319149,0.10240963855421686,0.723404255319149,1.0,1.0,0.8501383066177368,1,0.723404255319149,0.723404255319149,,,,,,,,,,,,
vt_h4_c1,65,AttnLRP,answer_only,signed_sum,raw,eligible_body_tokens,0.1,333,48,34,0.14414414414414414,0.7083333333333334,0.1021021021021021,0.7083333333333334,1.0,1.0,0.8394937515258789,1,0.7083333333333334,0.7083333333333334,,,,,,,,,,,,
vt_h4_c1,66,AttnLRP,answer_only,signed_sum,raw,eligible_body_tokens,0.1,332,47,34,0.14156626506024098,0.723404255319149,0.10240963855421686,0.723404255319149,1.0,1.0,0.9407669305801392,1,0.723404255319149,0.723404255319149,,,,,,,,,,,,
vt_h4_c1,67,AttnLRP,answer_only,signed_sum,raw,eligible_body_tokens,0.1,333,48,34,0.14414414414414414,0.7083333333333334,0.1021021021021021,0.6875,0.9705882352941176,0.9705882352941176,0.7517352104187012,1,0.6875,0.6875,,,,,,,,,,,,
vt_h4_c1,68,AttnLRP,answer_only,signed_sum,raw,eligible_body_tokens,0.1,334,49,34,0.1467065868263473,0.6938775510204082,0.10179640718562874,0.6938775510204082,1.0,1.0,0.8584297895431519,1,0.6938775510204082,0.6938775510204082,,,,,,,,,,,,
vt_h4_c1,69,AttnLRP,answer_only,signed_sum,raw,eligible_body_tokens,0.1,333,48,34,0.14414414414414414,0.7083333333333334,0.1021021021021021,0.6875,0.9705882352941176,0.9705882352941176,0.6904090046882629,1,0.6875,0.6875,,,,,,,,,,,,
vt_h4_c1,70,AttnLRP,answer_only,signed_sum,raw,eligible_body_tokens,0.1,336,51,34,0.15178571428571427,0.6666666666666666,0.10119047619047619,0.6666666666666666,1.0,1.0,0.9132435917854309,1,0.6666666666666666,0.6666666666666666,,,,,,,,,,,,
vt_h4_c1,71,AttnLRP,answer_only,signed_sum,raw,eligible_body_tokens,0.1,331,46,34,0.13897280966767372,0.7391304347826086,0.1027190332326284,0.717391304347826,0.9705882352941176,0.9705882352941176,0.8004922866821289,1,0.717391304347826,0.717391304347826,,,,,,,,,,,,
vt_h4_c1,72,AttnLRP,answer_only,signed_sum,raw,eligible_body_tokens,0.1,335,50,34,0.14925373134328357,0.68,0.10149253731343283,0.68,1.0,1.0,0.9650177955627441,1,0.68,0.68,,,,,,,,,,,,
vt_h4_c1,73,AttnLRP,answer_only,signed_sum,raw,eligible_body_tokens,0.1,333,48,34,0.14414414414414414,0.7083333333333334,0.1021021021021021,0.7083333333333334,1.0,1.0,0.9287582635879517,1,0.7083333333333334,0.7083333333333334,,,,,,,,,,,,
vt_h4_c1,74,AttnLRP,answer_only,signed_sum,raw,eligible_body_tokens,0.1,333,48,34,0.14414414414414414,0.7083333333333334,0.1021021021021021,0.7083333333333334,1.0,1.0,0.9236867427825928,1,0.7083333333333334,0.7083333333333334,,,,,,,,,,,,
vt_h4_c1,75,AttnLRP,answer_only,signed_sum,raw,eligible_body_tokens,0.1,329,44,33,0.1337386018237082,0.75,0.10030395136778116,0.75,1.0,1.0,0.8062509894371033,1,0.75,0.75,,,,,,,,,,,,
vt_h4_c1,76,AttnLRP,answer_only,signed_sum,raw,eligible_body_tokens,0.1,331,46,34,0.13897280966767372,0.7391304347826086,0.1027190332326284,0.7391304347826086,1.0,1.0,0.7512750625610352,1,0.7391304347826086,0.7391304347826086,,,,,,,,,,,,
vt_h4_c1,77,AttnLRP,answer_only,signed_sum,raw,eligible_body_tokens,0.1,333,48,34,0.14414414414414414,0.7083333333333334,0.1021021021021021,0.7083333333333334,1.0,1.0,0.8749514818191528,1,0.7083333333333334,0.7083333333333334,,,,,,,,,,,,
vt_h4_c1,78,AttnLRP,answer_only,signed_sum,raw,eligible_body_tokens,0.1,335,50,34,0.14925373134328357,0.68,0.10149253731343283,0.68,1.0,1.0,0.8145118951797485,1,0.68,0.68,,,,,,,,,,,,
vt_h4_c1,79,AttnLRP,answer_only,signed_sum,raw,eligible_body_tokens,0.1,334,49,34,0.1467065868263473,0.6938775510204082,0.10179640718562874,0.6938775510204082,1.0,1.0,1.0739694833755493,1,0.6938775510204082,0.6938775510204082,,,,,,,,,,,,
vt_h4_c1,80,AttnLRP,answer_only,signed_sum,raw,eligible_body_tokens,0.1,331,46,34,0.13897280966767372,0.7391304347826086,0.1027190332326284,0.717391304347826,0.9705882352941176,0.9705882352941176,0.7282395362854004,1,0.717391304347826,0.717391304347826,,,,,,,,,,,,
vt_h4_c1,81,AttnLRP,answer_only,signed_sum,raw,eligible_body_tokens,0.1,333,48,34,0.14414414414414414,0.7083333333333334,0.1021021021021021,0.7083333333333334,1.0,1.0,1.0284394025802612,1,0.7083333333333334,0.7083333333333334,,,,,,,,,,,,
vt_h4_c1,82,AttnLRP,answer_only,signed_sum,raw,eligible_body_tokens,0.1,334,49,34,0.1467065868263473,0.6938775510204082,0.10179640718562874,0.673469387755102,0.9705882352941176,0.9705882352941176,0.8406091928482056,1,0.673469387755102,0.673469387755102,,,,,,,,,,,,
vt_h4_c1,83,AttnLRP,answer_only,signed_sum,raw,eligible_body_tokens,0.1,332,47,34,0.14156626506024098,0.723404255319149,0.10240963855421686,0.723404255319149,1.0,1.0,0.8955504298210144,1,0.723404255319149,0.723404255319149,,,,,,,,,,,,
vt_h4_c1,84,AttnLRP,answer_only,signed_sum,raw,eligible_body_tokens,0.1,329,44,33,0.1337386018237082,0.75,0.10030395136778116,0.7272727272727273,0.9696969696969697,0.9696969696969697,0.8130499124526978,1,0.7272727272727273,0.7272727272727273,,,,,,,,,,,,
vt_h4_c1,85,AttnLRP,answer_only,signed_sum,raw,eligible_body_tokens,0.1,332,47,34,0.14156626506024098,0.723404255319149,0.10240963855421686,0.7021276595744681,0.9705882352941176,0.9705882352941176,0.9045318365097046,1,0.7021276595744681,0.7021276595744681,,,,,,,,,,,,
vt_h4_c1,86,AttnLRP,answer_only,signed_sum,raw,eligible_body_tokens,0.1,332,47,34,0.14156626506024098,0.723404255319149,0.10240963855421686,0.7021276595744681,0.9705882352941176,0.9705882352941176,0.5627750754356384,1,0.7021276595744681,0.7021276595744681,,,,,,,,,,,,
vt_h4_c1,87,AttnLRP,answer_only,signed_sum,raw,eligible_body_tokens,0.1,329,44,33,0.1337386018237082,0.75,0.10030395136778116,0.75,1.0,1.0,0.76999431848526,1,0.75,0.75,,,,,,,,,,,,
vt_h4_c1,88,AttnLRP,answer_only,signed_sum,raw,eligible_body_tokens,0.1,331,46,34,0.13897280966767372,0.7391304347826086,0.1027190332326284,0.7391304347826086,1.0,1.0,0.8173322677612305,1,0.7391304347826086,0.7391304347826086,,,,,,,,,,,,
vt_h4_c1,89,AttnLRP,answer_only,signed_sum,raw,eligible_body_tokens,0.1,329,44,33,0.1337386018237082,0.75,0.10030395136778116,0.7272727272727273,0.9696969696969697,0.9696969696969697,0.8723913431167603,1,0.7272727272727273,0.7272727272727273,,,,,,,,,,,,
vt_h4_c1,90,AttnLRP,answer_only,signed_sum,raw,eligible_body_tokens,0.1,331,46,34,0.13897280966767372,0.7391304347826086,0.1027190332326284,0.6956521739130435,0.9411764705882353,0.9411764705882353,0.6954578161239624,1,0.6956521739130435,0.6956521739130435,,,,,,,,,,,,
vt_h4_c1,91,AttnLRP,answer_only,signed_sum,raw,eligible_body_tokens,0.1,331,46,34,0.13897280966767372,0.7391304347826086,0.1027190332326284,0.717391304347826,0.9705882352941176,0.9705882352941176,0.8178113698959351,1,0.717391304347826,0.717391304347826,,,,,,,,,,,,
vt_h4_c1,92,AttnLRP,answer_only,signed_sum,raw,eligible_body_tokens,0.1,333,48,34,0.14414414414414414,0.7083333333333334,0.1021021021021021,0.7083333333333334,1.0,1.0,0.7502427101135254,1,0.7083333333333334,0.7083333333333334,,,,,,,,,,,,
vt_h4_c1,93,AttnLRP,answer_only,signed_sum,raw,eligible_body_tokens,0.1,331,46,34,0.13897280966767372,0.7391304347826086,0.1027190332326284,0.7391304347826086,1.0,1.0,0.9929444789886475,1,0.7391304347826086,0.7391304347826086,,,,,,,,,,,,
vt_h4_c1,94,AttnLRP,answer_only,signed_sum,raw,eligible_body_tokens,0.1,336,51,34,0.15178571428571427,0.6666666666666666,0.10119047619047619,0.6666666666666666,1.0,1.0,0.8504928350448608,1,0.6666666666666666,0.6666666666666666,,,,,,,,,,,,
vt_h4_c1,95,AttnLRP,answer_only,signed_sum,raw,eligible_body_tokens,0.1,331,46,34,0.13897280966767372,0.7391304347826086,0.1027190332326284,0.717391304347826,0.9705882352941176,0.9705882352941176,0.7463220357894897,1,0.717391304347826,0.717391304347826,,,,,,,,,,,,
vt_h4_c1,96,AttnLRP,answer_only,signed_sum,raw,eligible_body_tokens,0.1,329,44,33,0.1337386018237082,0.75,0.10030395136778116,0.75,1.0,1.0,0.7864415049552917,1,0.75,0.75,,,,,,,,,,,,
vt_h4_c1,97,AttnLRP,answer_only,signed_sum,raw,eligible_body_tokens,0.1,330,45,33,0.13636363636363635,0.7333333333333333,0.1,0.6888888888888889,0.9393939393939394,0.9393939393939394,0.6766840219497681,1,0.6888888888888889,0.6888888888888889,,,,,,,,,,,,
vt_h4_c1,98,AttnLRP,answer_only,signed_sum,raw,eligible_body_tokens,0.1,331,46,34,0.13897280966767372,0.7391304347826086,0.1027190332326284,0.7391304347826086,1.0,1.0,0.83554607629776,1,0.7391304347826086,0.7391304347826086,,,,,,,,,,,,
vt_h4_c1,99,AttnLRP,answer_only,signed_sum,raw,eligible_body_tokens,0.1,331,46,34,0.13897280966767372,0.7391304347826086,0.1027190332326284,0.7391304347826086,1.0,1.0,0.9466326236724854,1,0.7391304347826086,0.7391304347826086,,,,,,,,,,,,
vt_h4_c1,0,FT_K1,answer_only,signed_sum,raw,eligible_body_tokens,0.1,336,51,34,0.15178571428571427,0.6666666666666666,0.10119047619047619,0.6666666666666666,1.0,1.0,0.1600167602300644,1,0.6666666666666666,0.6666666666666666,,,,,,,,,,,,
vt_h4_c1,1,FT_K1,answer_only,signed_sum,raw,eligible_body_tokens,0.1,333,48,34,0.14414414414414414,0.7083333333333334,0.1021021021021021,0.6875,0.9705882352941176,0.9705882352941176,0.1399688720703125,1,0.6875,0.6875,,,,,,,,,,,,
vt_h4_c1,2,FT_K1,answer_only,signed_sum,raw,eligible_body_tokens,0.1,331,46,34,0.13897280966767372,0.7391304347826086,0.1027190332326284,0.6739130434782609,0.9117647058823529,0.9117647058823529,0.10646791756153107,1,0.6739130434782609,0.6739130434782609,,,,,,,,,,,,
vt_h4_c1,3,FT_K1,answer_only,signed_sum,raw,eligible_body_tokens,0.1,332,47,34,0.14156626506024098,0.723404255319149,0.10240963855421686,0.7021276595744681,0.9705882352941176,0.9705882352941176,0.12134310603141785,1,0.7021276595744681,0.7021276595744681,,,,,,,,,,,,
vt_h4_c1,4,FT_K1,answer_only,signed_sum,raw,eligible_body_tokens,0.1,337,52,34,0.1543026706231454,0.6538461538461539,0.10089020771513353,0.6538461538461539,1.0,1.0,0.17814579606056213,1,0.6538461538461539,0.6538461538461539,,,,,,,,,,,,
vt_h4_c1,5,FT_K1,answer_only,signed_sum,raw,eligible_body_tokens,0.1,331,46,34,0.13897280966767372,0.7391304347826086,0.1027190332326284,0.6956521739130435,0.9411764705882353,0.9411764705882353,0.11821328103542328,1,0.6956521739130435,0.6956521739130435,,,,,,,,,,,,
vt_h4_c1,6,FT_K1,answer_only,signed_sum,raw,eligible_body_tokens,0.1,331,46,34,0.13897280966767372,0.7391304347826086,0.1027190332326284,0.717391304347826,0.9705882352941176,0.9705882352941176,0.10643982142210007,1,0.717391304347826,0.717391304347826,,,,,,,,,,,,
vt_h4_c1,7,FT_K1,answer_only,signed_sum,raw,eligible_body_tokens,0.1,330,45,33,0.13636363636363635,0.7333333333333333,0.1,0.6666666666666666,0.9090909090909091,0.9090909090909091,0.11813108623027802,1,0.6666666666666666,0.6666666666666666,,,,,,,,,,,,
vt_h4_c1,8,FT_K1,answer_only,signed_sum,raw,eligible_body_tokens,0.1,331,46,34,0.13897280966767372,0.7391304347826086,0.1027190332326284,0.6956521739130435,0.9411764705882353,0.9411764705882353,0.09972548484802246,1,0.6956521739130435,0.6956521739130435,,,,,,,,,,,,
vt_h4_c1,9,FT_K1,answer_only,signed_sum,raw,eligible_body_tokens,0.1,334,49,34,0.1467065868263473,0.6938775510204082,0.10179640718562874,0.6326530612244898,0.9117647058823529,0.9117647058823529,0.14042474329471588,1,0.6326530612244898,0.6326530612244898,,,,,,,,,,,,
vt_h4_c1,10,FT_K1,answer_only,signed_sum,raw,eligible_body_tokens,0.1,331,46,34,0.13897280966767372,0.7391304347826086,0.1027190332326284,0.717391304347826,0.9705882352941176,0.9705882352941176,0.11191730201244354,1,0.717391304347826,0.717391304347826,,,,,,,,,,,,
vt_h4_c1,11,FT_K1,answer_only,signed_sum,raw,eligible_body_tokens,0.1,333,48,34,0.14414414414414414,0.7083333333333334,0.1021021021021021,0.7083333333333334,1.0,1.0,0.14563718438148499,1,0.7083333333333334,0.7083333333333334,,,,,,,,,,,,
vt_h4_c1,12,FT_K1,answer_only,signed_sum,raw,eligible_body_tokens,0.1,339,54,34,0.1592920353982301,0.6296296296296297,0.10029498525073746,0.6296296296296297,1.0,1.0,0.17565228044986725,1,0.6296296296296297,0.6296296296296297,,,,,,,,,,,,
vt_h4_c1,13,FT_K1,answer_only,signed_sum,raw,eligible_body_tokens,0.1,333,48,34,0.14414414414414414,0.7083333333333334,0.1021021021021021,0.7083333333333334,1.0,1.0,0.162333145737648,1,0.7083333333333334,0.7083333333333334,,,,,,,,,,,,
vt_h4_c1,14,FT_K1,answer_only,signed_sum,raw,eligible_body_tokens,0.1,337,52,34,0.1543026706231454,0.6538461538461539,0.10089020771513353,0.6346153846153846,0.9705882352941176,0.9705882352941176,0.15289057791233063,1,0.6346153846153846,0.6346153846153846,,,,,,,,,,,,
vt_h4_c1,15,FT_K1,answer_only,signed_sum,raw,eligible_body_tokens,0.1,331,46,34,0.13897280966767372,0.7391304347826086,0.1027190332326284,0.6956521739130435,0.9411764705882353,0.9411764705882353,0.11653256416320801,1,0.6956521739130435,0.6956521739130435,,,,,,,,,,,,
vt_h4_c1,16,FT_K1,answer_only,signed_sum,raw,eligible_body_tokens,0.1,331,46,34,0.13897280966767372,0.7391304347826086,0.1027190332326284,0.717391304347826,0.9705882352941176,0.9705882352941176,0.11757904291152954,1,0.717391304347826,0.717391304347826,,,,,,,,,,,,
vt_h4_c1,17,FT_K1,answer_only,signed_sum,raw,eligible_body_tokens,0.1,329,44,33,0.1337386018237082,0.75,0.10030395136778116,0.7045454545454546,0.9393939393939394,0.9393939393939394,0.09858275949954987,1,0.7045454545454546,0.7045454545454546,,,,,,,,,,,,
vt_h4_c1,18,FT_K1,answer_only,signed_sum,raw,eligible_body_tokens,0.1,330,45,33,0.13636363636363635,0.7333333333333333,0.1,0.6888888888888889,0.9393939393939394,0.9393939393939394,0.1252690553665161,1,0.6888888888888889,0.6888888888888889,,,,,,,,,,,,
vt_h4_c1,19,FT_K1,answer_only,signed_sum,raw,eligible_body_tokens,0.1,334,49,34,0.1467065868263473,0.6938775510204082,0.10179640718562874,0.6530612244897959,0.9411764705882353,0.9411764705882353,0.11734907329082489,1,0.6530612244897959,0.6530612244897959,,,,,,,,,,,,
vt_h4_c1,20,FT_K1,answer_only,signed_sum,raw,eligible_body_tokens,0.1,332,47,34,0.14156626506024098,0.723404255319149,0.10240963855421686,0.6808510638297872,0.9411764705882353,0.9411764705882353,0.11661665141582489,1,0.6808510638297872,0.6808510638297872,,,,,,,,,,,,
vt_h4_c1,21,FT_K1,answer_only,signed_sum,raw,eligible_body_tokens,0.1,335,50,34,0.14925373134328357,0.68,0.10149253731343283,0.66,0.9705882352941176,0.9705882352941176,0.15155275166034698,1,0.66,0.66,,,,,,,,,,,,
vt_h4_c1,22,FT_K1,answer_only,signed_sum,raw,eligible_body_tokens,0.1,334,49,34,0.1467065868263473,0.6938775510204082,0.10179640718562874,0.6938775510204082,1.0,1.0,0.14143165946006775,1,0.6938775510204082,0.6938775510204082,,,,,,,,,,,,
vt_h4_c1,23,FT_K1,answer_only,signed_sum,raw,eligible_body_tokens,0.1,335,50,34,0.14925373134328357,0.68,0.10149253731343283,0.66,0.9705882352941176,0.9705882352941176,0.13285541534423828,1,0.66,0.66,,,,,,,,,,,,
vt_h4_c1,24,FT_K1,answer_only,signed_sum,raw,eligible_body_tokens,0.1,333,48,34,0.14414414414414414,0.7083333333333334,0.1021021021021021,0.6875,0.9705882352941176,0.9705882352941176,0.11933961510658264,1,0.6875,0.6875,,,,,,,,,,,,
vt_h4_c1,25,FT_K1,answer_only,signed_sum,raw,eligible_body_tokens,0.1,337,52,34,0.1543026706231454,0.6538461538461539,0.10089020771513353,0.6538461538461539,1.0,1.0,0.17241176962852478,1,0.6538461538461539,0.6538461538461539,,,,,,,,,,,,
vt_h4_c1,26,FT_K1,answer_only,signed_sum,raw,eligible_body_tokens,0.1,335,50,34,0.14925373134328357,0.68,0.10149253731343283,0.68,1.0,1.0,0.15969525277614594,1,0.68,0.68,,,,,,,,,,,,
vt_h4_c1,27,FT_K1,answer_only,signed_sum,raw,eligible_body_tokens,0.1,334,49,34,0.1467065868263473,0.6938775510204082,0.10179640718562874,0.6530612244897959,0.9411764705882353,0.9411764705882353,0.11959880590438843,1,0.6530612244897959,0.6530612244897959,,,,,,,,,,,,
vt_h4_c1,28,FT_K1,answer_only,signed_sum,raw,eligible_body_tokens,0.1,333,48,34,0.14414414414414414,0.7083333333333334,0.1021021021021021,0.6875,0.9705882352941176,0.9705882352941176,0.14300575852394104,1,0.6875,0.6875,,,,,,,,,,,,
vt_h4_c1,29,FT_K1,answer_only,signed_sum,raw,eligible_body_tokens,0.1,331,46,34,0.13897280966767372,0.7391304347826086,0.1027190332326284,0.717391304347826,0.9705882352941176,0.9705882352941176,0.1336066722869873,1,0.717391304347826,0.717391304347826,,,,,,,,,,,,
vt_h4_c1,30,FT_K1,answer_only,signed_sum,raw,eligible_body_tokens,0.1,333,48,34,0.14414414414414414,0.7083333333333334,0.1021021021021021,0.6875,0.9705882352941176,0.9705882352941176,0.12987294793128967,1,0.6875,0.6875,,,,,,,,,,,,
vt_h4_c1,31,FT_K1,answer_only,signed_sum,raw,eligible_body_tokens,0.1,333,48,34,0.14414414414414414,0.7083333333333334,0.1021021021021021,0.6875,0.9705882352941176,0.9705882352941176,0.1166113018989563,1,0.6875,0.6875,,,,,,,,,,,,
vt_h4_c1,32,FT_K1,answer_only,signed_sum,raw,eligible_body_tokens,0.1,331,46,34,0.13897280966767372,0.7391304347826086,0.1027190332326284,0.6956521739130435,0.9411764705882353,0.9411764705882353,0.11602224409580231,1,0.6956521739130435,0.6956521739130435,,,,,,,,,,,,
vt_h4_c1,33,FT_K1,answer_only,signed_sum,raw,eligible_body_tokens,0.1,337,52,34,0.1543026706231454,0.6538461538461539,0.10089020771513353,0.6538461538461539,1.0,1.0,0.16640672087669373,1,0.6538461538461539,0.6538461538461539,,,,,,,,,,,,
vt_h4_c1,34,FT_K1,answer_only,signed_sum,raw,eligible_body_tokens,0.1,335,50,34,0.14925373134328357,0.68,0.10149253731343283,0.68,1.0,1.0,0.1523328721523285,1,0.68,0.68,,,,,,,,,,,,
vt_h4_c1,35,FT_K1,answer_only,signed_sum,raw,eligible_body_tokens,0.1,333,48,34,0.14414414414414414,0.7083333333333334,0.1021021021021021,0.7083333333333334,1.0,1.0,0.13237231969833374,1,0.7083333333333334,0.7083333333333334,,,,,,,,,,,,
vt_h4_c1,36,FT_K1,answer_only,signed_sum,raw,eligible_body_tokens,0.1,335,50,34,0.14925373134328357,0.68,0.10149253731343283,0.66,0.9705882352941176,0.9705882352941176,0.1436857283115387,1,0.66,0.66,,,,,,,,,,,,
vt_h4_c1,37,FT_K1,answer_only,signed_sum,raw,eligible_body_tokens,0.1,331,46,34,0.13897280966767372,0.7391304347826086,0.1027190332326284,0.6739130434782609,0.9117647058823529,0.9117647058823529,0.11901985108852386,1,0.6739130434782609,0.6739130434782609,,,,,,,,,,,,
vt_h4_c1,38,FT_K1,answer_only,signed_sum,raw,eligible_body_tokens,0.1,333,48,34,0.14414414414414414,0.7083333333333334,0.1021021021021021,0.7083333333333334,1.0,1.0,0.12374724447727203,1,0.7083333333333334,0.7083333333333334,,,,,,,,,,,,
vt_h4_c1,39,FT_K1,answer_only,signed_sum,raw,eligible_body_tokens,0.1,331,46,34,0.13897280966767372,0.7391304347826086,0.1027190332326284,0.6956521739130435,0.9411764705882353,0.9411764705882353,0.11071942746639252,1,0.6956521739130435,0.6956521739130435,,,,,,,,,,,,
vt_h4_c1,40,FT_K1,answer_only,signed_sum,raw,eligible_body_tokens,0.1,332,47,34,0.14156626506024098,0.723404255319149,0.10240963855421686,0.7021276595744681,0.9705882352941176,0.9705882352941176,0.14023034274578094,1,0.7021276595744681,0.7021276595744681,,,,,,,,,,,,
vt_h4_c1,41,FT_K1,answer_only,signed_sum,raw,eligible_body_tokens,0.1,333,48,34,0.14414414414414414,0.7083333333333334,0.1021021021021021,0.6875,0.9705882352941176,0.9705882352941176,0.12960383296012878,1,0.6875,0.6875,,,,,,,,,,,,
vt_h4_c1,42,FT_K1,answer_only,signed_sum,raw,eligible_body_tokens,0.1,329,44,33,0.1337386018237082,0.75,0.10030395136778116,0.6818181818181818,0.9090909090909091,0.9090909090909091,0.11010805517435074,1,0.6818181818181818,0.6818181818181818,,,,,,,,,,,,
vt_h4_c1,43,FT_K1,answer_only,signed_sum,raw,eligible_body_tokens,0.1,333,48,34,0.14414414414414414,0.7083333333333334,0.1021021021021021,0.7083333333333334,1.0,1.0,0.1442156285047531,1,0.7083333333333334,0.7083333333333334,,,,,,,,,,,,
vt_h4_c1,44,FT_K1,answer_only,signed_sum,raw,eligible_body_tokens,0.1,333,48,34,0.14414414414414414,0.7083333333333334,0.1021021021021021,0.7083333333333334,1.0,1.0,0.12858106195926666,1,0.7083333333333334,0.7083333333333334,,,,,,,,,,,,
vt_h4_c1,45,FT_K1,answer_only,signed_sum,raw,eligible_body_tokens,0.1,333,48,34,0.14414414414414414,0.7083333333333334,0.1021021021021021,0.6875,0.9705882352941176,0.9705882352941176,0.13022103905677795,1,0.6875,0.6875,,,,,,,,,,,,
vt_h4_c1,46,FT_K1,answer_only,signed_sum,raw,eligible_body_tokens,0.1,332,47,34,0.14156626506024098,0.723404255319149,0.10240963855421686,0.7021276595744681,0.9705882352941176,0.9705882352941176,0.13034841418266296,1,0.7021276595744681,0.7021276595744681,,,,,,,,,,,,
vt_h4_c1,47,FT_K1,answer_only,signed_sum,raw,eligible_body_tokens,0.1,329,44,33,0.1337386018237082,0.75,0.10030395136778116,0.7045454545454546,0.9393939393939394,0.9393939393939394,0.10987600684165955,1,0.7045454545454546,0.7045454545454546,,,,,,,,,,,,
vt_h4_c1,48,FT_K1,answer_only,signed_sum,raw,eligible_body_tokens,0.1,331,46,34,0.13897280966767372,0.7391304347826086,0.1027190332326284,0.6739130434782609,0.9117647058823529,0.9117647058823529,0.11717924475669861,1,0.6739130434782609,0.6739130434782609,,,,,,,,,,,,
vt_h4_c1,49,FT_K1,answer_only,signed_sum,raw,eligible_body_tokens,0.1,332,47,34,0.14156626506024098,0.723404255319149,0.10240963855421686,0.6808510638297872,0.9411764705882353,0.9411764705882353,0.11947962641716003,1,0.6808510638297872,0.6808510638297872,,,,,,,,,,,,
vt_h4_c1,50,FT_K1,answer_only,signed_sum,raw,eligible_body_tokens,0.1,335,50,34,0.14925373134328357,0.68,0.10149253731343283,0.68,1.0,1.0,0.14832527935504913,1,0.68,0.68,,,,,,,,,,,,
vt_h4_c1,51,FT_K1,answer_only,signed_sum,raw,eligible_body_tokens,0.1,329,44,33,0.1337386018237082,0.75,0.10030395136778116,0.7045454545454546,0.9393939393939394,0.9393939393939394,0.11281581968069077,1,0.7045454545454546,0.7045454545454546,,,,,,,,,,,,
vt_h4_c1,52,FT_K1,answer_only,signed_sum,raw,eligible_body_tokens,0.1,333,48,34,0.14414414414414414,0.7083333333333334,0.1021021021021021,0.6875,0.9705882352941176,0.9705882352941176,0.12935934960842133,1,0.6875,0.6875,,,,,,,,,,,,
vt_h4_c1,53,FT_K1,answer_only,signed_sum,raw,eligible_body_tokens,0.1,333,48,34,0.14414414414414414,0.7083333333333334,0.1021021021021021,0.6875,0.9705882352941176,0.9705882352941176,0.12651316821575165,1,0.6875,0.6875,,,,,,,,,,,,
vt_h4_c1,54,FT_K1,answer_only,signed_sum,raw,eligible_body_tokens,0.1,330,45,33,0.13636363636363635,0.7333333333333333,0.1,0.6888888888888889,0.9393939393939394,0.9393939393939394,0.12909571826457977,1,0.6888888888888889,0.6888888888888889,,,,,,,,,,,,
vt_h4_c1,55,FT_K1,answer_only,signed_sum,raw,eligible_body_tokens,0.1,334,49,34,0.1467065868263473,0.6938775510204082,0.10179640718562874,0.6938775510204082,1.0,1.0,0.12204393744468689,1,0.6938775510204082,0.6938775510204082,,,,,,,,,,,,
vt_h4_c1,56,FT_K1,answer_only,signed_sum,raw,eligible_body_tokens,0.1,333,48,34,0.14414414414414414,0.7083333333333334,0.1021021021021021,0.6875,0.9705882352941176,0.9705882352941176,0.12492259591817856,1,0.6875,0.6875,,,,,,,,,,,,
vt_h4_c1,57,FT_K1,answer_only,signed_sum,raw,eligible_body_tokens,0.1,333,48,34,0.14414414414414414,0.7083333333333334,0.1021021021021021,0.6875,0.9705882352941176,0.9705882352941176,0.12217121571302414,1,0.6875,0.6875,,,,,,,,,,,,
vt_h4_c1,58,FT_K1,answer_only,signed_sum,raw,eligible_body_tokens,0.1,331,46,34,0.13897280966767372,0.7391304347826086,0.1027190332326284,0.717391304347826,0.9705882352941176,0.9705882352941176,0.12904024124145508,1,0.717391304347826,0.717391304347826,,,,,,,,,,,,
vt_h4_c1,59,FT_K1,answer_only,signed_sum,raw,eligible_body_tokens,0.1,330,45,33,0.13636363636363635,0.7333333333333333,0.1,0.6666666666666666,0.9090909090909091,0.9090909090909091,0.11633677780628204,1,0.6666666666666666,0.6666666666666666,,,,,,,,,,,,
vt_h4_c1,60,FT_K1,answer_only,signed_sum,raw,eligible_body_tokens,0.1,333,48,34,0.14414414414414414,0.7083333333333334,0.1021021021021021,0.6875,0.9705882352941176,0.9705882352941176,0.1334143429994583,1,0.6875,0.6875,,,,,,,,,,,,
vt_h4_c1,61,FT_K1,answer_only,signed_sum,raw,eligible_body_tokens,0.1,334,49,34,0.1467065868263473,0.6938775510204082,0.10179640718562874,0.673469387755102,0.9705882352941176,0.9705882352941176,0.14082486927509308,1,0.673469387755102,0.673469387755102,,,,,,,,,,,,
vt_h4_c1,62,FT_K1,answer_only,signed_sum,raw,eligible_body_tokens,0.1,333,48,34,0.14414414414414414,0.7083333333333334,0.1021021021021021,0.7083333333333334,1.0,1.0,0.14032502472400665,1,0.7083333333333334,0.7083333333333334,,,,,,,,,,,,
vt_h4_c1,63,FT_K1,answer_only,signed_sum,raw,eligible_body_tokens,0.1,336,51,34,0.15178571428571427,0.6666666666666666,0.10119047619047619,0.6666666666666666,1.0,1.0,0.1616481989622116,1,0.6666666666666666,0.6666666666666666,,,,,,,,,,,,
vt_h4_c1,64,FT_K1,answer_only,signed_sum,raw,eligible_body_tokens,0.1,332,47,34,0.14156626506024098,0.723404255319149,0.10240963855421686,0.7021276595744681,0.9705882352941176,0.9705882352941176,0.12458708882331848,1,0.7021276595744681,0.7021276595744681,,,,,,,,,,,,
vt_h4_c1,65,FT_K1,answer_only,signed_sum,raw,eligible_body_tokens,0.1,333,48,34,0.14414414414414414,0.7083333333333334,0.1021021021021021,0.6875,0.9705882352941176,0.9705882352941176,0.14795732498168945,1,0.6875,0.6875,,,,,,,,,,,,
vt_h4_c1,66,FT_K1,answer_only,signed_sum,raw,eligible_body_tokens,0.1,332,47,34,0.14156626506024098,0.723404255319149,0.10240963855421686,0.7021276595744681,0.9705882352941176,0.9705882352941176,0.13169904053211212,1,0.7021276595744681,0.7021276595744681,,,,,,,,,,,,
vt_h4_c1,67,FT_K1,answer_only,signed_sum,raw,eligible_body_tokens,0.1,333,48,34,0.14414414414414414,0.7083333333333334,0.1021021021021021,0.6666666666666666,0.9411764705882353,0.9411764705882353,0.11122095584869385,1,0.6666666666666666,0.6666666666666666,,,,,,,,,,,,
vt_h4_c1,68,FT_K1,answer_only,signed_sum,raw,eligible_body_tokens,0.1,334,49,34,0.1467065868263473,0.6938775510204082,0.10179640718562874,0.673469387755102,0.9705882352941176,0.9705882352941176,0.13962121307849884,1,0.673469387755102,0.673469387755102,,,,,,,,,,,,
vt_h4_c1,69,FT_K1,answer_only,signed_sum,raw,eligible_body_tokens,0.1,333,48,34,0.14414414414414414,0.7083333333333334,0.1021021021021021,0.6875,0.9705882352941176,0.9705882352941176,0.1479746699333191,1,0.6875,0.6875,,,,,,,,,,,,
vt_h4_c1,70,FT_K1,answer_only,signed_sum,raw,eligible_body_tokens,0.1,336,51,34,0.15178571428571427,0.6666666666666666,0.10119047619047619,0.6666666666666666,1.0,1.0,0.1451878547668457,1,0.6666666666666666,0.6666666666666666,,,,,,,,,,,,
vt_h4_c1,71,FT_K1,answer_only,signed_sum,raw,eligible_body_tokens,0.1,331,46,34,0.13897280966767372,0.7391304347826086,0.1027190332326284,0.6956521739130435,0.9411764705882353,0.9411764705882353,0.12472899258136749,1,0.6956521739130435,0.6956521739130435,,,,,,,,,,,,
vt_h4_c1,72,FT_K1,answer_only,signed_sum,raw,eligible_body_tokens,0.1,335,50,34,0.14925373134328357,0.68,0.10149253731343283,0.68,1.0,1.0,0.1315016746520996,1,0.68,0.68,,,,,,,,,,,,
vt_h4_c1,73,FT_K1,answer_only,signed_sum,raw,eligible_body_tokens,0.1,333,48,34,0.14414414414414414,0.7083333333333334,0.1021021021021021,0.7083333333333334,1.0,1.0,0.12962625920772552,1,0.7083333333333334,0.7083333333333334,,,,,,,,,,,,
vt_h4_c1,74,FT_K1,answer_only,signed_sum,raw,eligible_body_tokens,0.1,333,48,34,0.14414414414414414,0.7083333333333334,0.1021021021021021,0.6875,0.9705882352941176,0.9705882352941176,0.12476793676614761,1,0.6875,0.6875,,,,,,,,,,,,
vt_h4_c1,75,FT_K1,answer_only,signed_sum,raw,eligible_body_tokens,0.1,329,44,33,0.1337386018237082,0.75,0.10030395136778116,0.6818181818181818,0.9090909090909091,0.9090909090909091,0.11518724262714386,1,0.6818181818181818,0.6818181818181818,,,,,,,,,,,,
vt_h4_c1,76,FT_K1,answer_only,signed_sum,raw,eligible_body_tokens,0.1,331,46,34,0.13897280966767372,0.7391304347826086,0.1027190332326284,0.6739130434782609,0.9117647058823529,0.9117647058823529,0.11855052411556244,1,0.6739130434782609,0.6739130434782609,,,,,,,,,,,,
vt_h4_c1,77,FT_K1,answer_only,signed_sum,raw,eligible_body_tokens,0.1,333,48,34,0.14414414414414414,0.7083333333333334,0.1021021021021021,0.6666666666666666,0.9411764705882353,0.9411764705882353,0.13935762643814087,1,0.6666666666666666,0.6666666666666666,,,,,,,,,,,,
vt_h4_c1,78,FT_K1,answer_only,signed_sum,raw,eligible_body_tokens,0.1,335,50,34,0.14925373134328357,0.68,0.10149253731343283,0.68,1.0,1.0,0.14011827111244202,1,0.68,0.68,,,,,,,,,,,,
vt_h4_c1,79,FT_K1,answer_only,signed_sum,raw,eligible_body_tokens,0.1,334,49,34,0.1467065868263473,0.6938775510204082,0.10179640718562874,0.6938775510204082,1.0,1.0,0.14942289888858795,1,0.6938775510204082,0.6938775510204082,,,,,,,,,,,,
vt_h4_c1,80,FT_K1,answer_only,signed_sum,raw,eligible_body_tokens,0.1,331,46,34,0.13897280966767372,0.7391304347826086,0.1027190332326284,0.6739130434782609,0.9117647058823529,0.9117647058823529,0.10642372071743011,1,0.6739130434782609,0.6739130434782609,,,,,,,,,,,,
vt_h4_c1,81,FT_K1,answer_only,signed_sum,raw,eligible_body_tokens,0.1,333,48,34,0.14414414414414414,0.7083333333333334,0.1021021021021021,0.6458333333333334,0.9117647058823529,0.9117647058823529,0.11435753107070923,1,0.6458333333333334,0.6458333333333334,,,,,,,,,,,,
vt_h4_c1,82,FT_K1,answer_only,signed_sum,raw,eligible_body_tokens,0.1,334,49,34,0.1467065868263473,0.6938775510204082,0.10179640718562874,0.673469387755102,0.9705882352941176,0.9705882352941176,0.12703634798526764,1,0.673469387755102,0.673469387755102,,,,,,,,,,,,
vt_h4_c1,83,FT_K1,answer_only,signed_sum,raw,eligible_body_tokens,0.1,332,47,34,0.14156626506024098,0.723404255319149,0.10240963855421686,0.7021276595744681,0.9705882352941176,0.9705882352941176,0.1275944709777832,1,0.7021276595744681,0.7021276595744681,,,,,,,,,,,,
vt_h4_c1,84,FT_K1,answer_only,signed_sum,raw,eligible_body_tokens,0.1,329,44,33,0.1337386018237082,0.75,0.10030395136778116,0.7045454545454546,0.9393939393939394,0.9393939393939394,0.11420652270317078,1,0.7045454545454546,0.7045454545454546,,,,,,,,,,,,
vt_h4_c1,85,FT_K1,answer_only,signed_sum,raw,eligible_body_tokens,0.1,332,47,34,0.14156626506024098,0.723404255319149,0.10240963855421686,0.6808510638297872,0.9411764705882353,0.9411764705882353,0.11700905114412308,1,0.6808510638297872,0.6808510638297872,,,,,,,,,,,,
vt_h4_c1,86,FT_K1,answer_only,signed_sum,raw,eligible_body_tokens,0.1,332,47,34,0.14156626506024098,0.723404255319149,0.10240963855421686,0.6808510638297872,0.9411764705882353,0.9411764705882353,0.13945820927619934,1,0.6808510638297872,0.6808510638297872,,,,,,,,,,,,
vt_h4_c1,87,FT_K1,answer_only,signed_sum,raw,eligible_body_tokens,0.1,329,44,33,0.1337386018237082,0.75,0.10030395136778116,0.6590909090909091,0.8787878787878788,0.8787878787878788,0.10226486623287201,1,0.6590909090909091,0.6590909090909091,,,,,,,,,,,,
vt_h4_c1,88,FT_K1,answer_only,signed_sum,raw,eligible_body_tokens,0.1,331,46,34,0.13897280966767372,0.7391304347826086,0.1027190332326284,0.6521739130434783,0.8823529411764706,0.8823529411764706,0.10852242261171341,1,0.6521739130434783,0.6521739130434783,,,,,,,,,,,,
vt_h4_c1,89,FT_K1,answer_only,signed_sum,raw,eligible_body_tokens,0.1,329,44,33,0.1337386018237082,0.75,0.10030395136778116,0.7272727272727273,0.9696969696969697,0.9696969696969697,0.11924473196268082,1,0.7272727272727273,0.7272727272727273,,,,,,,,,,,,
vt_h4_c1,90,FT_K1,answer_only,signed_sum,raw,eligible_body_tokens,0.1,331,46,34,0.13897280966767372,0.7391304347826086,0.1027190332326284,0.6739130434782609,0.9117647058823529,0.9117647058823529,0.11367656290531158,1,0.6739130434782609,0.6739130434782609,,,,,,,,,,,,
vt_h4_c1,91,FT_K1,answer_only,signed_sum,raw,eligible_body_tokens,0.1,331,46,34,0.13897280966767372,0.7391304347826086,0.1027190332326284,0.6956521739130435,0.9411764705882353,0.9411764705882353,0.11137669533491135,1,0.6956521739130435,0.6956521739130435,,,,,,,,,,,,
vt_h4_c1,92,FT_K1,answer_only,signed_sum,raw,eligible_body_tokens,0.1,333,48,34,0.14414414414414414,0.7083333333333334,0.1021021021021021,0.6875,0.9705882352941176,0.9705882352941176,0.12711523473262787,1,0.6875,0.6875,,,,,,,,,,,,
vt_h4_c1,93,FT_K1,answer_only,signed_sum,raw,eligible_body_tokens,0.1,331,46,34,0.13897280966767372,0.7391304347826086,0.1027190332326284,0.717391304347826,0.9705882352941176,0.9705882352941176,0.11403248459100723,1,0.717391304347826,0.717391304347826,,,,,,,,,,,,
vt_h4_c1,94,FT_K1,answer_only,signed_sum,raw,eligible_body_tokens,0.1,336,51,34,0.15178571428571427,0.6666666666666666,0.10119047619047619,0.6470588235294118,0.9705882352941176,0.9705882352941176,0.13885177671909332,1,0.6470588235294118,0.6470588235294118,,,,,,,,,,,,
vt_h4_c1,95,FT_K1,answer_only,signed_sum,raw,eligible_body_tokens,0.1,331,46,34,0.13897280966767372,0.7391304347826086,0.1027190332326284,0.717391304347826,0.9705882352941176,0.9705882352941176,0.10685422271490097,1,0.717391304347826,0.717391304347826,,,,,,,,,,,,
vt_h4_c1,96,FT_K1,answer_only,signed_sum,raw,eligible_body_tokens,0.1,329,44,33,0.1337386018237082,0.75,0.10030395136778116,0.7045454545454546,0.9393939393939394,0.9393939393939394,0.1194528341293335,1,0.7045454545454546,0.7045454545454546,,,,,,,,,,,,
vt_h4_c1,97,FT_K1,answer_only,signed_sum,raw,eligible_body_tokens,0.1,330,45,33,0.13636363636363635,0.7333333333333333,0.1,0.7111111111111111,0.9696969696969697,0.9696969696969697,0.12457357347011566,1,0.7111111111111111,0.7111111111111111,,,,,,,,,,,,
vt_h4_c1,98,FT_K1,answer_only,signed_sum,raw,eligible_body_tokens,0.1,331,46,34,0.13897280966767372,0.7391304347826086,0.1027190332326284,0.717391304347826,0.9705882352941176,0.9705882352941176,0.1295395940542221,1,0.717391304347826,0.717391304347826,,,,,,,,,,,,
vt_h4_c1,99,FT_K1,answer_only,signed_sum,raw,eligible_body_tokens,0.1,331,46,34,0.13897280966767372,0.7391304347826086,0.1027190332326284,0.6739130434782609,0.9117647058823529,0.9117647058823529,0.10762245208024979,1,0.6739130434782609,0.6739130434782609,,,,,,,,,,,,
vt_h6_c1,0,DT,answer_only,signed_sum,raw,eligible_body_tokens,0.2,329,63,66,0.19148936170212766,1.0,0.2006079027355623,0.9365079365079365,0.8939393939393939,0.9365079365079365,0.06482645124197006,1,0.9365079365079365,0.9365079365079365,,,,,,,,,,,,
vt_h6_c1,1,DT,answer_only,signed_sum,raw,eligible_body_tokens,0.2,335,69,67,0.20597014925373133,0.9710144927536232,0.2,0.8840579710144928,0.9104477611940298,0.9104477611940298,0.08362272381782532,1,0.8840579710144928,0.8840579710144928,,,,,,,,,,,,
vt_h6_c1,2,DT,answer_only,signed_sum,raw,eligible_body_tokens,0.2,330,64,66,0.19393939393939394,1.0,0.2,0.921875,0.8939393939393939,0.921875,0.08045405894517899,1,0.921875,0.921875,,,,,,,,,,,,
vt_h6_c1,3,DT,answer_only,signed_sum,raw,eligible_body_tokens,0.2,335,69,67,0.20597014925373133,0.9710144927536232,0.2,0.9420289855072463,0.9701492537313433,0.9701492537313433,0.07701228559017181,1,0.9420289855072463,0.9420289855072463,,,,,,,,,,,,
vt_h6_c1,4,DT,answer_only,signed_sum,raw,eligible_body_tokens,0.2,330,64,66,0.19393939393939394,1.0,0.2,0.90625,0.8787878787878788,0.90625,0.07110956311225891,1,0.90625,0.90625,,,,,,,,,,,,
vt_h6_c1,5,DT,answer_only,signed_sum,raw,eligible_body_tokens,0.2,330,64,66,0.19393939393939394,1.0,0.2,0.921875,0.8939393939393939,0.921875,0.08219131827354431,1,0.921875,0.921875,,,,,,,,,,,,
vt_h6_c1,6,DT,answer_only,signed_sum,raw,eligible_body_tokens,0.2,333,67,67,0.2012012012012012,1.0,0.2012012012012012,0.9253731343283582,0.9253731343283582,0.9253731343283582,0.07777544856071472,1,0.9253731343283582,0.9253731343283582,,,,,,,,,,,,
vt_h6_c1,7,DT,answer_only,signed_sum,raw,eligible_body_tokens,0.2,333,67,67,0.2012012012012012,1.0,0.2012012012012012,0.9253731343283582,0.9253731343283582,0.9253731343283582,0.09171570092439651,1,0.9253731343283582,0.9253731343283582,,,,,,,,,,,,
vt_h6_c1,8,DT,answer_only,signed_sum,raw,eligible_body_tokens,0.2,334,68,67,0.20359281437125748,0.9852941176470589,0.20059880239520958,0.9264705882352942,0.9402985074626866,0.9402985074626866,0.10038278996944427,1,0.9264705882352942,0.9264705882352942,,,,,,,,,,,,
vt_h6_c1,9,DT,answer_only,signed_sum,raw,eligible_body_tokens,0.2,334,68,67,0.20359281437125748,0.9852941176470589,0.20059880239520958,0.9264705882352942,0.9402985074626866,0.9402985074626866,0.10434480756521225,1,0.9264705882352942,0.9264705882352942,,,,,,,,,,,,
vt_h6_c1,10,DT,answer_only,signed_sum,raw,eligible_body_tokens,0.2,329,63,66,0.19148936170212766,1.0,0.2006079027355623,0.9047619047619048,0.8636363636363636,0.9047619047619048,0.0740918442606926,1,0.9047619047619048,0.9047619047619048,,,,,,,,,,,,
vt_h6_c1,11,DT,answer_only,signed_sum,raw,eligible_body_tokens,0.2,332,66,67,0.19879518072289157,1.0,0.20180722891566266,0.8939393939393939,0.8805970149253731,0.8939393939393939,0.08308431506156921,1,0.8939393939393939,0.8939393939393939,,,,,,,,,,,,
vt_h6_c1,12,DT,answer_only,signed_sum,raw,eligible_body_tokens,0.2,330,64,66,0.19393939393939394,1.0,0.2,0.90625,0.8787878787878788,0.90625,0.08480362594127655,1,0.90625,0.90625,,,,,,,,,,,,
vt_h6_c1,13,DT,answer_only,signed_sum,raw,eligible_body_tokens,0.2,334,68,67,0.20359281437125748,0.9852941176470589,0.20059880239520958,0.9117647058823529,0.9253731343283582,0.9253731343283582,0.08603864908218384,1,0.9117647058823529,0.9117647058823529,,,,,,,,,,,,
vt_h6_c1,14,DT,answer_only,signed_sum,raw,eligible_body_tokens,0.2,330,64,66,0.19393939393939394,1.0,0.2,0.890625,0.8636363636363636,0.890625,0.0718335509300232,1,0.890625,0.890625,,,,,,,,,,,,
vt_h6_c1,15,DT,answer_only,signed_sum,raw,eligible_body_tokens,0.2,332,66,67,0.19879518072289157,1.0,0.20180722891566266,0.8787878787878788,0.8656716417910447,0.8787878787878788,0.09038157761096954,1,0.8787878787878788,0.8787878787878788,,,,,,,,,,,,
vt_h6_c1,16,DT,answer_only,signed_sum,raw,eligible_body_tokens,0.2,334,68,67,0.20359281437125748,0.9852941176470589,0.20059880239520958,0.9117647058823529,0.9253731343283582,0.9253731343283582,0.0885818749666214,1,0.9117647058823529,0.9117647058823529,,,,,,,,,,,,
vt_h6_c1,17,DT,answer_only,signed_sum,raw,eligible_body_tokens,0.2,334,68,67,0.20359281437125748,0.9852941176470589,0.20059880239520958,0.9264705882352942,0.9402985074626866,0.9402985074626866,0.09141967445611954,1,0.9264705882352942,0.9264705882352942,,,,,,,,,,,,
vt_h6_c1,18,DT,answer_only,signed_sum,raw,eligible_body_tokens,0.2,330,64,66,0.19393939393939394,1.0,0.2,0.921875,0.8939393939393939,0.921875,0.07651539891958237,1,0.921875,0.921875,,,,,,,,,,,,
vt_h6_c1,19,DT,answer_only,signed_sum,raw,eligible_body_tokens,0.2,335,69,67,0.20597014925373133,0.9710144927536232,0.2,0.927536231884058,0.9552238805970149,0.9552238805970149,0.10268274694681168,1,0.927536231884058,0.927536231884058,,,,,,,,,,,,
vt_h6_c1,20,DT,answer_only,signed_sum,raw,eligible_body_tokens,0.2,332,66,67,0.19879518072289157,1.0,0.20180722891566266,0.9393939393939394,0.9253731343283582,0.9393939393939394,0.07953783124685287,1,0.9393939393939394,0.9393939393939394,,,,,,,,,,,,
vt_h6_c1,21,DT,answer_only,signed_sum,raw,eligible_body_tokens,0.2,332,66,67,0.19879518072289157,1.0,0.20180722891566266,0.9242424242424242,0.9104477611940298,0.9242424242424242,0.08526361733675003,1,0.9242424242424242,0.9242424242424242,,,,,,,,,,,,
vt_h6_c1,22,DT,answer_only,signed_sum,raw,eligible_body_tokens,0.2,332,66,67,0.19879518072289157,1.0,0.20180722891566266,0.9393939393939394,0.9253731343283582,0.9393939393939394,0.08587735891342163,1,0.9393939393939394,0.9393939393939394,,,,,,,,,,,,
vt_h6_c1,23,DT,answer_only,signed_sum,raw,eligible_body_tokens,0.2,332,66,67,0.19879518072289157,1.0,0.20180722891566266,0.9090909090909091,0.8955223880597015,0.9090909090909091,0.08909597247838974,1,0.9090909090909091,0.9090909090909091,,,,,,,,,,,,
vt_h6_c1,24,DT,answer_only,signed_sum,raw,eligible_body_tokens,0.2,335,69,67,0.20597014925373133,0.9710144927536232,0.2,0.9130434782608695,0.9402985074626866,0.9402985074626866,0.08366501331329346,1,0.9130434782608695,0.9130434782608695,,,,,,,,,,,,
vt_h6_c1,25,DT,answer_only,signed_sum,raw,eligible_body_tokens,0.2,330,64,66,0.19393939393939394,1.0,0.2,0.90625,0.8787878787878788,0.90625,0.07040978968143463,1,0.90625,0.90625,,,,,,,,,,,,
vt_h6_c1,26,DT,answer_only,signed_sum,raw,eligible_body_tokens,0.2,334,68,67,0.20359281437125748,0.9852941176470589,0.20059880239520958,0.9558823529411765,0.9701492537313433,0.9701492537313433,0.10327667742967606,1,0.9558823529411765,0.9558823529411765,,,,,,,,,,,,
vt_h6_c1,27,DT,answer_only,signed_sum,raw,eligible_body_tokens,0.2,332,66,67,0.19879518072289157,1.0,0.20180722891566266,0.9090909090909091,0.8955223880597015,0.9090909090909091,0.0671624019742012,1,0.9090909090909091,0.9090909090909091,,,,,,,,,,,,
vt_h6_c1,28,DT,answer_only,signed_sum,raw,eligible_body_tokens,0.2,331,65,67,0.19637462235649547,1.0,0.20241691842900303,0.8923076923076924,0.8656716417910447,0.8923076923076924,0.08447927236557007,1,0.8923076923076924,0.8923076923076924,,,,,,,,,,,,
vt_h6_c1,29,DT,answer_only,signed_sum,raw,eligible_body_tokens,0.2,331,65,67,0.19637462235649547,1.0,0.20241691842900303,0.9538461538461539,0.9253731343283582,0.9538461538461539,0.09238513559103012,1,0.9538461538461539,0.9538461538461539,,,,,,,,,,,,
vt_h6_c1,30,DT,answer_only,signed_sum,raw,eligible_body_tokens,0.2,330,64,66,0.19393939393939394,1.0,0.2,0.90625,0.8787878787878788,0.90625,0.08732658624649048,1,0.90625,0.90625,,,,,,,,,,,,
vt_h6_c1,31,DT,answer_only,signed_sum,raw,eligible_body_tokens,0.2,330,64,66,0.19393939393939394,1.0,0.2,0.921875,0.8939393939393939,0.921875,0.10486392676830292,1,0.921875,0.921875,,,,,,,,,,,,
vt_h6_c1,32,DT,answer_only,signed_sum,raw,eligible_body_tokens,0.2,330,64,66,0.19393939393939394,1.0,0.2,0.921875,0.8939393939393939,0.921875,0.07544934749603271,1,0.921875,0.921875,,,,,,,,,,,,
vt_h6_c1,33,DT,answer_only,signed_sum,raw,eligible_body_tokens,0.2,330,64,66,0.19393939393939394,1.0,0.2,0.90625,0.8787878787878788,0.90625,0.0696265920996666,1,0.90625,0.90625,,,,,,,,,,,,
vt_h6_c1,34,DT,answer_only,signed_sum,raw,eligible_body_tokens,0.2,331,65,67,0.19637462235649547,1.0,0.20241691842900303,0.9384615384615385,0.9104477611940298,0.9384615384615385,0.0800504982471466,1,0.9384615384615385,0.9384615384615385,,,,,,,,,,,,
vt_h6_c1,35,DT,answer_only,signed_sum,raw,eligible_body_tokens,0.2,333,67,67,0.2012012012012012,1.0,0.2012012012012012,0.9402985074626866,0.9402985074626866,0.9402985074626866,0.09188652783632278,1,0.9402985074626866,0.9402985074626866,,,,,,,,,,,,
vt_h6_c1,36,DT,answer_only,signed_sum,raw,eligible_body_tokens,0.2,331,65,67,0.19637462235649547,1.0,0.20241691842900303,0.8769230769230769,0.8507462686567164,0.8769230769230769,0.0828067734837532,1,0.8769230769230769,0.8769230769230769,,,,,,,,,,,,
vt_h6_c1,37,DT,answer_only,signed_sum,raw,eligible_body_tokens,0.2,335,69,67,0.20597014925373133,0.9710144927536232,0.2,0.927536231884058,0.9552238805970149,0.9552238805970149,0.11203277856111526,1,0.927536231884058,0.927536231884058,,,,,,,,,,,,
vt_h6_c1,38,DT,answer_only,signed_sum,raw,eligible_body_tokens,0.2,330,64,66,0.19393939393939394,1.0,0.2,0.90625,0.8787878787878788,0.90625,0.07455127686262131,1,0.90625,0.90625,,,,,,,,,,,,
vt_h6_c1,39,DT,answer_only,signed_sum,raw,eligible_body_tokens,0.2,332,66,67,0.19879518072289157,1.0,0.20180722891566266,0.9848484848484849,0.9701492537313433,0.9848484848484849,0.07148153334856033,1,0.9848484848484849,0.9848484848484849,,,,,,,,,,,,
vt_h6_c1,40,DT,answer_only,signed_sum,raw,eligible_body_tokens,0.2,330,64,66,0.19393939393939394,1.0,0.2,0.9375,0.9090909090909091,0.9375,0.09608231484889984,1,0.9375,0.9375,,,,,,,,,,,,
vt_h6_c1,41,DT,answer_only,signed_sum,raw,eligible_body_tokens,0.2,334,68,67,0.20359281437125748,0.9852941176470589,0.20059880239520958,0.9117647058823529,0.9253731343283582,0.9253731343283582,0.10914482176303864,1,0.9117647058823529,0.9117647058823529,,,,,,,,,,,,
vt_h6_c1,42,DT,answer_only,signed_sum,raw,eligible_body_tokens,0.2,333,67,67,0.2012012012012012,1.0,0.2012012012012012,0.9402985074626866,0.9402985074626866,0.9402985074626866,0.06704777479171753,1,0.9402985074626866,0.9402985074626866,,,,,,,,,,,,
vt_h6_c1,43,DT,answer_only,signed_sum,raw,eligible_body_tokens,0.2,331,65,67,0.19637462235649547,1.0,0.20241691842900303,0.9384615384615385,0.9104477611940298,0.9384615384615385,0.07941704243421555,1,0.9384615384615385,0.9384615384615385,,,,,,,,,,,,
vt_h6_c1,44,DT,answer_only,signed_sum,raw,eligible_body_tokens,0.2,331,65,67,0.19637462235649547,1.0,0.20241691842900303,0.9230769230769231,0.8955223880597015,0.9230769230769231,0.06935448199510574,1,0.9230769230769231,0.9230769230769231,,,,,,,,,,,,
vt_h6_c1,45,DT,answer_only,signed_sum,raw,eligible_body_tokens,0.2,334,68,67,0.20359281437125748,0.9852941176470589,0.20059880239520958,0.9117647058823529,0.9253731343283582,0.9253731343283582,0.0686412900686264,1,0.9117647058823529,0.9117647058823529,,,,,,,,,,,,
vt_h6_c1,46,DT,answer_only,signed_sum,raw,eligible_body_tokens,0.2,330,64,66,0.19393939393939394,1.0,0.2,0.953125,0.9242424242424242,0.953125,0.08860006928443909,1,0.953125,0.953125,,,,,,,,,,,,
vt_h6_c1,47,DT,answer_only,signed_sum,raw,eligible_body_tokens,0.2,332,66,67,0.19879518072289157,1.0,0.20180722891566266,0.8939393939393939,0.8805970149253731,0.8939393939393939,0.08622939884662628,1,0.8939393939393939,0.8939393939393939,,,,,,,,,,,,
vt_h6_c1,48,DT,answer_only,signed_sum,raw,eligible_body_tokens,0.2,329,63,66,0.19148936170212766,1.0,0.2006079027355623,0.9682539682539683,0.9242424242424242,0.9682539682539683,0.07522027939558029,1,0.9682539682539683,0.9682539682539683,,,,,,,,,,,,
vt_h6_c1,49,DT,answer_only,signed_sum,raw,eligible_body_tokens,0.2,328,62,66,0.18902439024390244,1.0,0.20121951219512196,0.9354838709677419,0.8787878787878788,0.9354838709677419,0.07622729986906052,1,0.9354838709677419,0.9354838709677419,,,,,,,,,,,,
vt_h6_c1,50,DT,answer_only,signed_sum,raw,eligible_body_tokens,0.2,332,66,67,0.19879518072289157,1.0,0.20180722891566266,0.9242424242424242,0.9104477611940298,0.9242424242424242,0.09348061680793762,1,0.9242424242424242,0.9242424242424242,,,,,,,,,,,,
vt_h6_c1,51,DT,answer_only,signed_sum,raw,eligible_body_tokens,0.2,334,68,67,0.20359281437125748,0.9852941176470589,0.20059880239520958,0.9117647058823529,0.9253731343283582,0.9253731343283582,0.08371752500534058,1,0.9117647058823529,0.9117647058823529,,,,,,,,,,,,
vt_h6_c1,52,DT,answer_only,signed_sum,raw,eligible_body_tokens,0.2,333,67,67,0.2012012012012012,1.0,0.2012012012012012,0.9552238805970149,0.9552238805970149,0.9552238805970149,0.07866314053535461,1,0.9552238805970149,0.9552238805970149,,,,,,,,,,,,
vt_h6_c1,53,DT,answer_only,signed_sum,raw,eligible_body_tokens,0.2,338,72,68,0.21301775147928995,0.9444444444444444,0.20118343195266272,0.9027777777777778,0.9558823529411765,0.9558823529411765,0.10010562837123871,1,0.9027777777777778,0.9027777777777778,,,,,,,,,,,,
vt_h6_c1,54,DT,answer_only,signed_sum,raw,eligible_body_tokens,0.2,332,66,67,0.19879518072289157,1.0,0.20180722891566266,0.9545454545454546,0.9402985074626866,0.9545454545454546,0.07696279138326645,1,0.9545454545454546,0.9545454545454546,,,,,,,,,,,,
vt_h6_c1,55,DT,answer_only,signed_sum,raw,eligible_body_tokens,0.2,335,69,67,0.20597014925373133,0.9710144927536232,0.2,0.9130434782608695,0.9402985074626866,0.9402985074626866,0.0901811271905899,1,0.9130434782608695,0.9130434782608695,,,,,,,,,,,,
vt_h6_c1,56,DT,answer_only,signed_sum,raw,eligible_body_tokens,0.2,332,66,67,0.19879518072289157,1.0,0.20180722891566266,0.9090909090909091,0.8955223880597015,0.9090909090909091,0.1056545078754425,1,0.9090909090909091,0.9090909090909091,,,,,,,,,,,,
vt_h6_c1,57,DT,answer_only,signed_sum,raw,eligible_body_tokens,0.2,330,64,66,0.19393939393939394,1.0,0.2,0.90625,0.8787878787878788,0.90625,0.10604270547628403,1,0.90625,0.90625,,,,,,,,,,,,
vt_h6_c1,58,DT,answer_only,signed_sum,raw,eligible_body_tokens,0.2,330,64,66,0.19393939393939394,1.0,0.2,0.921875,0.8939393939393939,0.921875,0.09773249924182892,1,0.921875,0.921875,,,,,,,,,,,,
vt_h6_c1,59,DT,answer_only,signed_sum,raw,eligible_body_tokens,0.2,330,64,66,0.19393939393939394,1.0,0.2,0.921875,0.8939393939393939,0.921875,0.08445459604263306,1,0.921875,0.921875,,,,,,,,,,,,
vt_h6_c1,60,DT,answer_only,signed_sum,raw,eligible_body_tokens,0.2,328,62,66,0.18902439024390244,1.0,0.20121951219512196,0.8709677419354839,0.8181818181818182,0.8709677419354839,0.09698952734470367,1,0.8709677419354839,0.8709677419354839,,,,,,,,,,,,
vt_h6_c1,61,DT,answer_only,signed_sum,raw,eligible_body_tokens,0.2,330,64,66,0.19393939393939394,1.0,0.2,0.90625,0.8787878787878788,0.90625,0.10224086791276932,1,0.90625,0.90625,,,,,,,,,,,,
vt_h6_c1,62,DT,answer_only,signed_sum,raw,eligible_body_tokens,0.2,332,66,67,0.19879518072289157,1.0,0.20180722891566266,0.9242424242424242,0.9104477611940298,0.9242424242424242,0.10998005419969559,1,0.9242424242424242,0.9242424242424242,,,,,,,,,,,,
vt_h6_c1,63,DT,answer_only,signed_sum,raw,eligible_body_tokens,0.2,336,70,68,0.20833333333333334,0.9714285714285714,0.20238095238095238,0.9428571428571428,0.9705882352941176,0.9705882352941176,0.07782696932554245,1,0.9428571428571428,0.9428571428571428,,,,,,,,,,,,
vt_h6_c1,64,DT,answer_only,signed_sum,raw,eligible_body_tokens,0.2,332,66,67,0.19879518072289157,1.0,0.20180722891566266,0.9242424242424242,0.9104477611940298,0.9242424242424242,0.08806928247213364,1,0.9242424242424242,0.9242424242424242,,,,,,,,,,,,
vt_h6_c1,65,DT,answer_only,signed_sum,raw,eligible_body_tokens,0.2,333,67,67,0.2012012012012012,1.0,0.2012012012012012,0.9104477611940298,0.9104477611940298,0.9104477611940298,0.06470204144716263,1,0.9104477611940298,0.9104477611940298,,,,,,,,,,,,
vt_h6_c1,66,DT,answer_only,signed_sum,raw,eligible_body_tokens,0.2,330,64,66,0.19393939393939394,1.0,0.2,0.9375,0.9090909090909091,0.9375,0.06410223245620728,1,0.9375,0.9375,,,,,,,,,,,,
vt_h6_c1,67,DT,answer_only,signed_sum,raw,eligible_body_tokens,0.2,335,69,67,0.20597014925373133,0.9710144927536232,0.2,0.8985507246376812,0.9253731343283582,0.9253731343283582,0.10239892452955246,1,0.8985507246376812,0.8985507246376812,,,,,,,,,,,,
vt_h6_c1,68,DT,answer_only,signed_sum,raw,eligible_body_tokens,0.2,328,62,66,0.18902439024390244,1.0,0.20121951219512196,0.967741935483871,0.9090909090909091,0.967741935483871,0.0786370038986206,1,0.967741935483871,0.967741935483871,,,,,,,,,,,,
vt_h6_c1,69,DT,answer_only,signed_sum,raw,eligible_body_tokens,0.2,330,64,66,0.19393939393939394,1.0,0.2,0.921875,0.8939393939393939,0.921875,0.07725512236356735,1,0.921875,0.921875,,,,,,,,,,,,
vt_h6_c1,70,DT,answer_only,signed_sum,raw,eligible_body_tokens,0.2,336,70,68,0.20833333333333334,0.9714285714285714,0.20238095238095238,0.9,0.9264705882352942,0.9264705882352942,0.11786190420389175,1,0.9,0.9,,,,,,,,,,,,
vt_h6_c1,71,DT,answer_only,signed_sum,raw,eligible_body_tokens,0.2,331,65,67,0.19637462235649547,1.0,0.20241691842900303,0.9384615384615385,0.9104477611940298,0.9384615384615385,0.08663489669561386,1,0.9384615384615385,0.9384615384615385,,,,,,,,,,,,
vt_h6_c1,72,DT,answer_only,signed_sum,raw,eligible_body_tokens,0.2,330,64,66,0.19393939393939394,1.0,0.2,0.9375,0.9090909090909091,0.9375,0.103715680539608,1,0.9375,0.9375,,,,,,,,,,,,
vt_h6_c1,73,DT,answer_only,signed_sum,raw,eligible_body_tokens,0.2,332,66,67,0.19879518072289157,1.0,0.20180722891566266,0.9242424242424242,0.9104477611940298,0.9242424242424242,0.0846865102648735,1,0.9242424242424242,0.9242424242424242,,,,,,,,,,,,
vt_h6_c1,74,DT,answer_only,signed_sum,raw,eligible_body_tokens,0.2,330,64,66,0.19393939393939394,1.0,0.2,0.890625,0.8636363636363636,0.890625,0.062360722571611404,1,0.890625,0.890625,,,,,,,,,,,,
vt_h6_c1,75,DT,answer_only,signed_sum,raw,eligible_body_tokens,0.2,328,62,66,0.18902439024390244,1.0,0.20121951219512196,0.9354838709677419,0.8787878787878788,0.9354838709677419,0.06590807437896729,1,0.9354838709677419,0.9354838709677419,,,,,,,,,,,,
vt_h6_c1,76,DT,answer_only,signed_sum,raw,eligible_body_tokens,0.2,328,62,66,0.18902439024390244,1.0,0.20121951219512196,0.9516129032258065,0.8939393939393939,0.9516129032258065,0.08038045465946198,1,0.9516129032258065,0.9516129032258065,,,,,,,,,,,,
vt_h6_c1,77,DT,answer_only,signed_sum,raw,eligible_body_tokens,0.2,332,66,67,0.19879518072289157,1.0,0.20180722891566266,0.9696969696969697,0.9552238805970149,0.9696969696969697,0.0930975154042244,1,0.9696969696969697,0.9696969696969697,,,,,,,,,,,,
vt_h6_c1,78,DT,answer_only,signed_sum,raw,eligible_body_tokens,0.2,334,68,67,0.20359281437125748,0.9852941176470589,0.20059880239520958,0.9264705882352942,0.9402985074626866,0.9402985074626866,0.10512110590934753,1,0.9264705882352942,0.9264705882352942,,,,,,,,,,,,
vt_h6_c1,79,DT,answer_only,signed_sum,raw,eligible_body_tokens,0.2,332,66,67,0.19879518072289157,1.0,0.20180722891566266,0.8787878787878788,0.8656716417910447,0.8787878787878788,0.0955028384923935,1,0.8787878787878788,0.8787878787878788,,,,,,,,,,,,
vt_h6_c1,80,DT,answer_only,signed_sum,raw,eligible_body_tokens,0.2,332,66,67,0.19879518072289157,1.0,0.20180722891566266,0.8939393939393939,0.8805970149253731,0.8939393939393939,0.10087396949529648,1,0.8939393939393939,0.8939393939393939,,,,,,,,,,,,
vt_h6_c1,81,DT,answer_only,signed_sum,raw,eligible_body_tokens,0.2,332,66,67,0.19879518072289157,1.0,0.20180722891566266,0.8939393939393939,0.8805970149253731,0.8939393939393939,0.08955046534538269,1,0.8939393939393939,0.8939393939393939,,,,,,,,,,,,
vt_h6_c1,82,DT,answer_only,signed_sum,raw,eligible_body_tokens,0.2,331,65,67,0.19637462235649547,1.0,0.20241691842900303,0.9076923076923077,0.8805970149253731,0.9076923076923077,0.10335305333137512,1,0.9076923076923077,0.9076923076923077,,,,,,,,,,,,
vt_h6_c1,83,DT,answer_only,signed_sum,raw,eligible_body_tokens,0.2,328,62,66,0.18902439024390244,1.0,0.20121951219512196,0.9354838709677419,0.8787878787878788,0.9354838709677419,0.07115469872951508,1,0.9354838709677419,0.9354838709677419,,,,,,,,,,,,
vt_h6_c1,84,DT,answer_only,signed_sum,raw,eligible_body_tokens,0.2,328,62,66,0.18902439024390244,1.0,0.20121951219512196,0.8870967741935484,0.8333333333333334,0.8870967741935484,0.07250506430864334,1,0.8870967741935484,0.8870967741935484,,,,,,,,,,,,
vt_h6_c1,85,DT,answer_only,signed_sum,raw,eligible_body_tokens,0.2,332,66,67,0.19879518072289157,1.0,0.20180722891566266,0.9090909090909091,0.8955223880597015,0.9090909090909091,0.08188893646001816,1,0.9090909090909091,0.9090909090909091,,,,,,,,,,,,
vt_h6_c1,86,DT,answer_only,signed_sum,raw,eligible_body_tokens,0.2,334,68,67,0.20359281437125748,0.9852941176470589,0.20059880239520958,0.9411764705882353,0.9552238805970149,0.9552238805970149,0.07649008184671402,1,0.9411764705882353,0.9411764705882353,,,,,,,,,,,,
vt_h6_c1,87,DT,answer_only,signed_sum,raw,eligible_body_tokens,0.2,332,66,67,0.19879518072289157,1.0,0.20180722891566266,0.9393939393939394,0.9253731343283582,0.9393939393939394,0.07356221973896027,1,0.9393939393939394,0.9393939393939394,,,,,,,,,,,,
vt_h6_c1,88,DT,answer_only,signed_sum,raw,eligible_body_tokens,0.2,330,64,66,0.19393939393939394,1.0,0.2,0.90625,0.8787878787878788,0.90625,0.07304499298334122,1,0.90625,0.90625,,,,,,,,,,,,
vt_h6_c1,89,DT,answer_only,signed_sum,raw,eligible_body_tokens,0.2,332,66,67,0.19879518072289157,1.0,0.20180722891566266,0.9242424242424242,0.9104477611940298,0.9242424242424242,0.06477633118629456,1,0.9242424242424242,0.9242424242424242,,,,,,,,,,,,
vt_h6_c1,90,DT,answer_only,signed_sum,raw,eligible_body_tokens,0.2,332,66,67,0.19879518072289157,1.0,0.20180722891566266,0.8939393939393939,0.8805970149253731,0.8939393939393939,0.09017328917980194,1,0.8939393939393939,0.8939393939393939,,,,,,,,,,,,
vt_h6_c1,91,DT,answer_only,signed_sum,raw,eligible_body_tokens,0.2,327,61,66,0.18654434250764526,1.0,0.2018348623853211,0.9344262295081968,0.8636363636363636,0.9344262295081968,0.06342076510190964,1,0.9344262295081968,0.9344262295081968,,,,,,,,,,,,
vt_h6_c1,92,DT,answer_only,signed_sum,raw,eligible_body_tokens,0.2,330,64,66,0.19393939393939394,1.0,0.2,0.953125,0.9242424242424242,0.953125,0.06893082708120346,1,0.953125,0.953125,,,,,,,,,,,,
vt_h6_c1,93,DT,answer_only,signed_sum,raw,eligible_body_tokens,0.2,335,69,67,0.20597014925373133,0.9710144927536232,0.2,0.8985507246376812,0.9253731343283582,0.9253731343283582,0.08551093190908432,1,0.8985507246376812,0.8985507246376812,,,,,,,,,,,,
vt_h6_c1,94,DT,answer_only,signed_sum,raw,eligible_body_tokens,0.2,330,64,66,0.19393939393939394,1.0,0.2,0.90625,0.8787878787878788,0.90625,0.07417606562376022,1,0.90625,0.90625,,,,,,,,,,,,
vt_h6_c1,95,DT,answer_only,signed_sum,raw,eligible_body_tokens,0.2,334,68,67,0.20359281437125748,0.9852941176470589,0.20059880239520958,0.9117647058823529,0.9253731343283582,0.9253731343283582,0.07742331176996231,1,0.9117647058823529,0.9117647058823529,,,,,,,,,,,,
vt_h6_c1,96,DT,answer_only,signed_sum,raw,eligible_body_tokens,0.2,332,66,67,0.19879518072289157,1.0,0.20180722891566266,0.9393939393939394,0.9253731343283582,0.9393939393939394,0.07640764862298965,1,0.9393939393939394,0.9393939393939394,,,,,,,,,,,,
vt_h6_c1,97,DT,answer_only,signed_sum,raw,eligible_body_tokens,0.2,332,66,67,0.19879518072289157,1.0,0.20180722891566266,0.9090909090909091,0.8955223880597015,0.9090909090909091,0.08561527729034424,1,0.9090909090909091,0.9090909090909091,,,,,,,,,,,,
vt_h6_c1,98,DT,answer_only,signed_sum,raw,eligible_body_tokens,0.2,335,69,67,0.20597014925373133,0.9710144927536232,0.2,0.8840579710144928,0.9104477611940298,0.9104477611940298,0.07963024079799652,1,0.8840579710144928,0.8840579710144928,,,,,,,,,,,,
vt_h6_c1,99,DT,answer_only,signed_sum,raw,eligible_body_tokens,0.2,332,66,67,0.19879518072289157,1.0,0.20180722891566266,0.9242424242424242,0.9104477611940298,0.9242424242424242,0.0740460455417633,1,0.9242424242424242,0.9242424242424242,,,,,,,,,,,,
vt_h6_c1,0,FT_K3,answer_only,signed_sum,raw,eligible_body_tokens,0.2,329,63,66,0.19148936170212766,1.0,0.2006079027355623,0.8412698412698413,0.803030303030303,0.8412698412698413,0.07431919872760773,1,0.8412698412698413,0.8412698412698413,,,,,,,,,,,,
vt_h6_c1,1,FT_K3,answer_only,signed_sum,raw,eligible_body_tokens,0.2,335,69,67,0.20597014925373133,0.9710144927536232,0.2,0.8260869565217391,0.8507462686567164,0.8507462686567164,0.08407808095216751,1,0.8260869565217391,0.8260869565217391,,,,,,,,,,,,
vt_h6_c1,2,FT_K3,answer_only,signed_sum,raw,eligible_body_tokens,0.2,330,64,66,0.19393939393939394,1.0,0.2,0.796875,0.7727272727272727,0.796875,0.07285165041685104,1,0.796875,0.796875,,,,,,,,,,,,
vt_h6_c1,3,FT_K3,answer_only,signed_sum,raw,eligible_body_tokens,0.2,335,69,67,0.20597014925373133,0.9710144927536232,0.2,0.8405797101449275,0.8656716417910447,0.8656716417910447,0.08740785717964172,1,0.8405797101449275,0.8405797101449275,,,,,,,,,,,,
vt_h6_c1,4,FT_K3,answer_only,signed_sum,raw,eligible_body_tokens,0.2,330,64,66,0.19393939393939394,1.0,0.2,0.84375,0.8181818181818182,0.84375,0.07674174755811691,1,0.84375,0.84375,,,,,,,,,,,,
vt_h6_c1,5,FT_K3,answer_only,signed_sum,raw,eligible_body_tokens,0.2,330,64,66,0.19393939393939394,1.0,0.2,0.8125,0.7878787878787878,0.8125,0.06996103376150131,1,0.8125,0.8125,,,,,,,,,,,,
vt_h6_c1,6,FT_K3,answer_only,signed_sum,raw,eligible_body_tokens,0.2,333,67,67,0.2012012012012012,1.0,0.2012012012012012,0.835820895522388,0.835820895522388,0.835820895522388,0.07401794195175171,1,0.835820895522388,0.835820895522388,,,,,,,,,,,,
vt_h6_c1,7,FT_K3,answer_only,signed_sum,raw,eligible_body_tokens,0.2,333,67,67,0.2012012012012012,1.0,0.2012012012012012,0.8059701492537313,0.8059701492537313,0.8059701492537313,0.08411229401826859,1,0.8059701492537313,0.8059701492537313,,,,,,,,,,,,
vt_h6_c1,8,FT_K3,answer_only,signed_sum,raw,eligible_body_tokens,0.2,334,68,67,0.20359281437125748,0.9852941176470589,0.20059880239520958,0.8088235294117647,0.8208955223880597,0.8208955223880597,0.08018884062767029,1,0.8088235294117647,0.8088235294117647,,,,,,,,,,,,
vt_h6_c1,9,FT_K3,answer_only,signed_sum,raw,eligible_body_tokens,0.2,334,68,67,0.20359281437125748,0.9852941176470589,0.20059880239520958,0.8235294117647058,0.835820895522388,0.835820895522388,0.08319529891014099,1,0.8235294117647058,0.8235294117647058,,,,,,,,,,,,
vt_h6_c1,10,FT_K3,answer_only,signed_sum,raw,eligible_body_tokens,0.2,329,63,66,0.19148936170212766,1.0,0.2006079027355623,0.8095238095238095,0.7727272727272727,0.8095238095238095,0.07745465636253357,1,0.8095238095238095,0.8095238095238095,,,,,,,,,,,,
vt_h6_c1,11,FT_K3,answer_only,signed_sum,raw,eligible_body_tokens,0.2,332,66,67,0.19879518072289157,1.0,0.20180722891566266,0.8484848484848485,0.835820895522388,0.8484848484848485,0.07432981580495834,1,0.8484848484848485,0.8484848484848485,,,,,,,,,,,,
vt_h6_c1,12,FT_K3,answer_only,signed_sum,raw,eligible_body_tokens,0.2,330,64,66,0.19393939393939394,1.0,0.2,0.859375,0.8333333333333334,0.859375,0.07498064637184143,1,0.859375,0.859375,,,,,,,,,,,,
vt_h6_c1,13,FT_K3,answer_only,signed_sum,raw,eligible_body_tokens,0.2,334,68,67,0.20359281437125748,0.9852941176470589,0.20059880239520958,0.7941176470588235,0.8059701492537313,0.8059701492537313,0.08913043141365051,1,0.7941176470588235,0.7941176470588235,,,,,,,,,,,,
vt_h6_c1,14,FT_K3,answer_only,signed_sum,raw,eligible_body_tokens,0.2,330,64,66,0.19393939393939394,1.0,0.2,0.8125,0.7878787878787878,0.8125,0.0736808031797409,1,0.8125,0.8125,,,,,,,,,,,,
vt_h6_c1,15,FT_K3,answer_only,signed_sum,raw,eligible_body_tokens,0.2,332,66,67,0.19879518072289157,1.0,0.20180722891566266,0.803030303030303,0.7910447761194029,0.803030303030303,0.07387559860944748,1,0.803030303030303,0.803030303030303,,,,,,,,,,,,
vt_h6_c1,16,FT_K3,answer_only,signed_sum,raw,eligible_body_tokens,0.2,334,68,67,0.20359281437125748,0.9852941176470589,0.20059880239520958,0.7941176470588235,0.8059701492537313,0.8059701492537313,0.0857512354850769,1,0.7941176470588235,0.7941176470588235,,,,,,,,,,,,
vt_h6_c1,17,FT_K3,answer_only,signed_sum,raw,eligible_body_tokens,0.2,334,68,67,0.20359281437125748,0.9852941176470589,0.20059880239520958,0.8088235294117647,0.8208955223880597,0.8208955223880597,0.08473678678274155,1,0.8088235294117647,0.8088235294117647,,,,,,,,,,,,
vt_h6_c1,18,FT_K3,answer_only,signed_sum,raw,eligible_body_tokens,0.2,330,64,66,0.19393939393939394,1.0,0.2,0.8125,0.7878787878787878,0.8125,0.07409408688545227,1,0.8125,0.8125,,,,,,,,,,,,
vt_h6_c1,19,FT_K3,answer_only,signed_sum,raw,eligible_body_tokens,0.2,335,69,67,0.20597014925373133,0.9710144927536232,0.2,0.8260869565217391,0.8507462686567164,0.8507462686567164,0.09646067023277283,1,0.8260869565217391,0.8260869565217391,,,,,,,,,,,,
vt_h6_c1,20,FT_K3,answer_only,signed_sum,raw,eligible_body_tokens,0.2,332,66,67,0.19879518072289157,1.0,0.20180722891566266,0.8181818181818182,0.8059701492537313,0.8181818181818182,0.08049177378416061,1,0.8181818181818182,0.8181818181818182,,,,,,,,,,,,
vt_h6_c1,21,FT_K3,answer_only,signed_sum,raw,eligible_body_tokens,0.2,332,66,67,0.19879518072289157,1.0,0.20180722891566266,0.8181818181818182,0.8059701492537313,0.8181818181818182,0.07564680278301239,1,0.8181818181818182,0.8181818181818182,,,,,,,,,,,,
vt_h6_c1,22,FT_K3,answer_only,signed_sum,raw,eligible_body_tokens,0.2,332,66,67,0.19879518072289157,1.0,0.20180722891566266,0.8484848484848485,0.835820895522388,0.8484848484848485,0.07633492350578308,1,0.8484848484848485,0.8484848484848485,,,,,,,,,,,,
vt_h6_c1,23,FT_K3,answer_only,signed_sum,raw,eligible_body_tokens,0.2,332,66,67,0.19879518072289157,1.0,0.20180722891566266,0.8484848484848485,0.835820895522388,0.8484848484848485,0.07545489817857742,1,0.8484848484848485,0.8484848484848485,,,,,,,,,,,,
vt_h6_c1,24,FT_K3,answer_only,signed_sum,raw,eligible_body_tokens,0.2,335,69,67,0.20597014925373133,0.9710144927536232,0.2,0.8115942028985508,0.835820895522388,0.835820895522388,0.07689641416072845,1,0.8115942028985508,0.8115942028985508,,,,,,,,,,,,
vt_h6_c1,25,FT_K3,answer_only,signed_sum,raw,eligible_body_tokens,0.2,330,64,66,0.19393939393939394,1.0,0.2,0.828125,0.803030303030303,0.828125,0.06773149222135544,1,0.828125,0.828125,,,,,,,,,,,,
vt_h6_c1,26,FT_K3,answer_only,signed_sum,raw,eligible_body_tokens,0.2,334,68,67,0.20359281437125748,0.9852941176470589,0.20059880239520958,0.8235294117647058,0.835820895522388,0.835820895522388,0.0854642391204834,1,0.8235294117647058,0.8235294117647058,,,,,,,,,,,,
vt_h6_c1,27,FT_K3,answer_only,signed_sum,raw,eligible_body_tokens,0.2,332,66,67,0.19879518072289157,1.0,0.20180722891566266,0.8181818181818182,0.8059701492537313,0.8181818181818182,0.07624734193086624,1,0.8181818181818182,0.8181818181818182,,,,,,,,,,,,
vt_h6_c1,28,FT_K3,answer_only,signed_sum,raw,eligible_body_tokens,0.2,331,65,67,0.19637462235649547,1.0,0.20241691842900303,0.8153846153846154,0.7910447761194029,0.8153846153846154,0.08279649913311005,1,0.8153846153846154,0.8153846153846154,,,,,,,,,,,,
vt_h6_c1,29,FT_K3,answer_only,signed_sum,raw,eligible_body_tokens,0.2,331,65,67,0.19637462235649547,1.0,0.20241691842900303,0.8461538461538461,0.8208955223880597,0.8461538461538461,0.0726306363940239,1,0.8461538461538461,0.8461538461538461,,,,,,,,,,,,
vt_h6_c1,30,FT_K3,answer_only,signed_sum,raw,eligible_body_tokens,0.2,330,64,66,0.19393939393939394,1.0,0.2,0.859375,0.8333333333333334,0.859375,0.07388726621866226,1,0.859375,0.859375,,,,,,,,,,,,
vt_h6_c1,31,FT_K3,answer_only,signed_sum,raw,eligible_body_tokens,0.2,330,64,66,0.19393939393939394,1.0,0.2,0.796875,0.7727272727272727,0.796875,0.07980562001466751,1,0.796875,0.796875,,,,,,,,,,,,
vt_h6_c1,32,FT_K3,answer_only,signed_sum,raw,eligible_body_tokens,0.2,330,64,66,0.19393939393939394,1.0,0.2,0.8125,0.7878787878787878,0.8125,0.07326195389032364,1,0.8125,0.8125,,,,,,,,,,,,
vt_h6_c1,33,FT_K3,answer_only,signed_sum,raw,eligible_body_tokens,0.2,330,64,66,0.19393939393939394,1.0,0.2,0.796875,0.7727272727272727,0.796875,0.06924957036972046,1,0.796875,0.796875,,,,,,,,,,,,
vt_h6_c1,34,FT_K3,answer_only,signed_sum,raw,eligible_body_tokens,0.2,331,65,67,0.19637462235649547,1.0,0.20241691842900303,0.8153846153846154,0.7910447761194029,0.8153846153846154,0.07623158395290375,1,0.8153846153846154,0.8153846153846154,,,,,,,,,,,,
vt_h6_c1,35,FT_K3,answer_only,signed_sum,raw,eligible_body_tokens,0.2,333,67,67,0.2012012012012012,1.0,0.2012012012012012,0.8208955223880597,0.8208955223880597,0.8208955223880597,0.08488129079341888,1,0.8208955223880597,0.8208955223880597,,,,,,,,,,,,
vt_h6_c1,36,FT_K3,answer_only,signed_sum,raw,eligible_body_tokens,0.2,331,65,67,0.19637462235649547,1.0,0.20241691842900303,0.8307692307692308,0.8059701492537313,0.8307692307692308,0.07801692187786102,1,0.8307692307692308,0.8307692307692308,,,,,,,,,,,,
vt_h6_c1,37,FT_K3,answer_only,signed_sum,raw,eligible_body_tokens,0.2,335,69,67,0.20597014925373133,0.9710144927536232,0.2,0.782608695652174,0.8059701492537313,0.8059701492537313,0.08041203767061234,1,0.782608695652174,0.782608695652174,,,,,,,,,,,,
vt_h6_c1,38,FT_K3,answer_only,signed_sum,raw,eligible_body_tokens,0.2,330,64,66,0.19393939393939394,1.0,0.2,0.796875,0.7727272727272727,0.796875,0.0725010335445404,1,0.796875,0.796875,,,,,,,,,,,,
vt_h6_c1,39,FT_K3,answer_only,signed_sum,raw,eligible_body_tokens,0.2,332,66,67,0.19879518072289157,1.0,0.20180722891566266,0.8636363636363636,0.8507462686567164,0.8636363636363636,0.07806529849767685,1,0.8636363636363636,0.8636363636363636,,,,,,,,,,,,
vt_h6_c1,40,FT_K3,answer_only,signed_sum,raw,eligible_body_tokens,0.2,330,64,66,0.19393939393939394,1.0,0.2,0.8125,0.7878787878787878,0.8125,0.07673574239015579,1,0.8125,0.8125,,,,,,,,,,,,
vt_h6_c1,41,FT_K3,answer_only,signed_sum,raw,eligible_body_tokens,0.2,334,68,67,0.20359281437125748,0.9852941176470589,0.20059880239520958,0.8088235294117647,0.8208955223880597,0.8208955223880597,0.08013733476400375,1,0.8088235294117647,0.8088235294117647,,,,,,,,,,,,
vt_h6_c1,42,FT_K3,answer_only,signed_sum,raw,eligible_body_tokens,0.2,333,67,67,0.2012012012012012,1.0,0.2012012012012012,0.8059701492537313,0.8059701492537313,0.8059701492537313,0.07477366179227829,1,0.8059701492537313,0.8059701492537313,,,,,,,,,,,,
vt_h6_c1,43,FT_K3,answer_only,signed_sum,raw,eligible_body_tokens,0.2,331,65,67,0.19637462235649547,1.0,0.20241691842900303,0.8153846153846154,0.7910447761194029,0.8153846153846154,0.06837235391139984,1,0.8153846153846154,0.8153846153846154,,,,,,,,,,,,
vt_h6_c1,44,FT_K3,answer_only,signed_sum,raw,eligible_body_tokens,0.2,331,65,67,0.19637462235649547,1.0,0.20241691842900303,0.8307692307692308,0.8059701492537313,0.8307692307692308,0.07634498924016953,1,0.8307692307692308,0.8307692307692308,,,,,,,,,,,,
vt_h6_c1,45,FT_K3,answer_only,signed_sum,raw,eligible_body_tokens,0.2,334,68,67,0.20359281437125748,0.9852941176470589,0.20059880239520958,0.8235294117647058,0.835820895522388,0.835820895522388,0.08446428179740906,1,0.8235294117647058,0.8235294117647058,,,,,,,,,,,,
vt_h6_c1,46,FT_K3,answer_only,signed_sum,raw,eligible_body_tokens,0.2,330,64,66,0.19393939393939394,1.0,0.2,0.8125,0.7878787878787878,0.8125,0.07756423205137253,1,0.8125,0.8125,,,,,,,,,,,,
vt_h6_c1,47,FT_K3,answer_only,signed_sum,raw,eligible_body_tokens,0.2,332,66,67,0.19879518072289157,1.0,0.20180722891566266,0.8181818181818182,0.8059701492537313,0.8181818181818182,0.07801981270313263,1,0.8181818181818182,0.8181818181818182,,,,,,,,,,,,
vt_h6_c1,48,FT_K3,answer_only,signed_sum,raw,eligible_body_tokens,0.2,329,63,66,0.19148936170212766,1.0,0.2006079027355623,0.8571428571428571,0.8181818181818182,0.8571428571428571,0.07049813121557236,1,0.8571428571428571,0.8571428571428571,,,,,,,,,,,,
vt_h6_c1,49,FT_K3,answer_only,signed_sum,raw,eligible_body_tokens,0.2,328,62,66,0.18902439024390244,1.0,0.20121951219512196,0.8548387096774194,0.803030303030303,0.8548387096774194,0.07756227999925613,1,0.8548387096774194,0.8548387096774194,,,,,,,,,,,,
vt_h6_c1,50,FT_K3,answer_only,signed_sum,raw,eligible_body_tokens,0.2,332,66,67,0.19879518072289157,1.0,0.20180722891566266,0.803030303030303,0.7910447761194029,0.803030303030303,0.08042382448911667,1,0.803030303030303,0.803030303030303,,,,,,,,,,,,
vt_h6_c1,51,FT_K3,answer_only,signed_sum,raw,eligible_body_tokens,0.2,334,68,67,0.20359281437125748,0.9852941176470589,0.20059880239520958,0.8088235294117647,0.8208955223880597,0.8208955223880597,0.07603316009044647,1,0.8088235294117647,0.8088235294117647,,,,,,,,,,,,
vt_h6_c1,52,FT_K3,answer_only,signed_sum,raw,eligible_body_tokens,0.2,333,67,67,0.2012012012012012,1.0,0.2012012012012012,0.8208955223880597,0.8208955223880597,0.8208955223880597,0.07659728825092316,1,0.8208955223880597,0.8208955223880597,,,,,,,,,,,,
vt_h6_c1,53,FT_K3,answer_only,signed_sum,raw,eligible_body_tokens,0.2,338,72,68,0.21301775147928995,0.9444444444444444,0.20118343195266272,0.8055555555555556,0.8529411764705882,0.8529411764705882,0.10064542293548584,1,0.8055555555555556,0.8055555555555556,,,,,,,,,,,,
vt_h6_c1,54,FT_K3,answer_only,signed_sum,raw,eligible_body_tokens,0.2,332,66,67,0.19879518072289157,1.0,0.20180722891566266,0.8484848484848485,0.835820895522388,0.8484848484848485,0.0745968371629715,1,0.8484848484848485,0.8484848484848485,,,,,,,,,,,,
vt_h6_c1,55,FT_K3,answer_only,signed_sum,raw,eligible_body_tokens,0.2,335,69,67,0.20597014925373133,0.9710144927536232,0.2,0.782608695652174,0.8059701492537313,0.8059701492537313,0.08533903956413269,1,0.782608695652174,0.782608695652174,,,,,,,,,,,,
vt_h6_c1,56,FT_K3,answer_only,signed_sum,raw,eligible_body_tokens,0.2,332,66,67,0.19879518072289157,1.0,0.20180722891566266,0.8333333333333334,0.8208955223880597,0.8333333333333334,0.07838834077119827,1,0.8333333333333334,0.8333333333333334,,,,,,,,,,,,
vt_h6_c1,57,FT_K3,answer_only,signed_sum,raw,eligible_body_tokens,0.2,330,64,66,0.19393939393939394,1.0,0.2,0.8125,0.7878787878787878,0.8125,0.07420101761817932,1,0.8125,0.8125,,,,,,,,,,,,
vt_h6_c1,58,FT_K3,answer_only,signed_sum,raw,eligible_body_tokens,0.2,330,64,66,0.19393939393939394,1.0,0.2,0.828125,0.803030303030303,0.828125,0.07538170367479324,1,0.828125,0.828125,,,,,,,,,,,,
vt_h6_c1,59,FT_K3,answer_only,signed_sum,raw,eligible_body_tokens,0.2,330,64,66,0.19393939393939394,1.0,0.2,0.828125,0.803030303030303,0.828125,0.08026096969842911,1,0.828125,0.828125,,,,,,,,,,,,
vt_h6_c1,60,FT_K3,answer_only,signed_sum,raw,eligible_body_tokens,0.2,328,62,66,0.18902439024390244,1.0,0.20121951219512196,0.8064516129032258,0.7575757575757576,0.8064516129032258,0.0679297000169754,1,0.8064516129032258,0.8064516129032258,,,,,,,,,,,,
vt_h6_c1,61,FT_K3,answer_only,signed_sum,raw,eligible_body_tokens,0.2,330,64,66,0.19393939393939394,1.0,0.2,0.796875,0.7727272727272727,0.796875,0.07870582491159439,1,0.796875,0.796875,,,,,,,,,,,,
vt_h6_c1,62,FT_K3,answer_only,signed_sum,raw,eligible_body_tokens,0.2,332,66,67,0.19879518072289157,1.0,0.20180722891566266,0.8181818181818182,0.8059701492537313,0.8181818181818182,0.08212229609489441,1,0.8181818181818182,0.8181818181818182,,,,,,,,,,,,
vt_h6_c1,63,FT_K3,answer_only,signed_sum,raw,eligible_body_tokens,0.2,336,70,68,0.20833333333333334,0.9714285714285714,0.20238095238095238,0.8,0.8235294117647058,0.8235294117647058,0.08444597572088242,1,0.8,0.8,,,,,,,,,,,,
vt_h6_c1,64,FT_K3,answer_only,signed_sum,raw,eligible_body_tokens,0.2,332,66,67,0.19879518072289157,1.0,0.20180722891566266,0.8484848484848485,0.835820895522388,0.8484848484848485,0.08095350861549377,1,0.8484848484848485,0.8484848484848485,,,,,,,,,,,,
vt_h6_c1,65,FT_K3,answer_only,signed_sum,raw,eligible_body_tokens,0.2,333,67,67,0.2012012012012012,1.0,0.2012012012012012,0.8208955223880597,0.8208955223880597,0.8208955223880597,0.08630106598138809,1,0.8208955223880597,0.8208955223880597,,,,,,,,,,,,
vt_h6_c1,66,FT_K3,answer_only,signed_sum,raw,eligible_body_tokens,0.2,330,64,66,0.19393939393939394,1.0,0.2,0.8125,0.7878787878787878,0.8125,0.07474564760923386,1,0.8125,0.8125,,,,,,,,,,,,
vt_h6_c1,67,FT_K3,answer_only,signed_sum,raw,eligible_body_tokens,0.2,335,69,67,0.20597014925373133,0.9710144927536232,0.2,0.8115942028985508,0.835820895522388,0.835820895522388,0.08636899292469025,1,0.8115942028985508,0.8115942028985508,,,,,,,,,,,,
vt_h6_c1,68,FT_K3,answer_only,signed_sum,raw,eligible_body_tokens,0.2,328,62,66,0.18902439024390244,1.0,0.20121951219512196,0.7741935483870968,0.7272727272727273,0.7741935483870968,0.07413297891616821,1,0.7741935483870968,0.7741935483870968,,,,,,,,,,,,
vt_h6_c1,69,FT_K3,answer_only,signed_sum,raw,eligible_body_tokens,0.2,330,64,66,0.19393939393939394,1.0,0.2,0.84375,0.8181818181818182,0.84375,0.07023005932569504,1,0.84375,0.84375,,,,,,,,,,,,
vt_h6_c1,70,FT_K3,answer_only,signed_sum,raw,eligible_body_tokens,0.2,336,70,68,0.20833333333333334,0.9714285714285714,0.20238095238095238,0.8285714285714286,0.8529411764705882,0.8529411764705882,0.08887583017349243,1,0.8285714285714286,0.8285714285714286,,,,,,,,,,,,
vt_h6_c1,71,FT_K3,answer_only,signed_sum,raw,eligible_body_tokens,0.2,331,65,67,0.19637462235649547,1.0,0.20241691842900303,0.8307692307692308,0.8059701492537313,0.8307692307692308,0.08262792229652405,1,0.8307692307692308,0.8307692307692308,,,,,,,,,,,,
vt_h6_c1,72,FT_K3,answer_only,signed_sum,raw,eligible_body_tokens,0.2,330,64,66,0.19393939393939394,1.0,0.2,0.796875,0.7727272727272727,0.796875,0.07965167611837387,1,0.796875,0.796875,,,,,,,,,,,,
vt_h6_c1,73,FT_K3,answer_only,signed_sum,raw,eligible_body_tokens,0.2,332,66,67,0.19879518072289157,1.0,0.20180722891566266,0.8181818181818182,0.8059701492537313,0.8181818181818182,0.06958571821451187,1,0.8181818181818182,0.8181818181818182,,,,,,,,,,,,
vt_h6_c1,74,FT_K3,answer_only,signed_sum,raw,eligible_body_tokens,0.2,330,64,66,0.19393939393939394,1.0,0.2,0.8125,0.7878787878787878,0.8125,0.06787824630737305,1,0.8125,0.8125,,,,,,,,,,,,
vt_h6_c1,75,FT_K3,answer_only,signed_sum,raw,eligible_body_tokens,0.2,328,62,66,0.18902439024390244,1.0,0.20121951219512196,0.8548387096774194,0.803030303030303,0.8548387096774194,0.07270497828722,1,0.8548387096774194,0.8548387096774194,,,,,,,,,,,,
vt_h6_c1,76,FT_K3,answer_only,signed_sum,raw,eligible_body_tokens,0.2,328,62,66,0.18902439024390244,1.0,0.20121951219512196,0.8387096774193549,0.7878787878787878,0.8387096774193549,0.07140893489122391,1,0.8387096774193549,0.8387096774193549,,,,,,,,,,,,
vt_h6_c1,77,FT_K3,answer_only,signed_sum,raw,eligible_body_tokens,0.2,332,66,67,0.19879518072289157,1.0,0.20180722891566266,0.8333333333333334,0.8208955223880597,0.8333333333333334,0.09162973612546921,1,0.8333333333333334,0.8333333333333334,,,,,,,,,,,,
vt_h6_c1,78,FT_K3,answer_only,signed_sum,raw,eligible_body_tokens,0.2,334,68,67,0.20359281437125748,0.9852941176470589,0.20059880239520958,0.8235294117647058,0.835820895522388,0.835820895522388,0.07784991711378098,1,0.8235294117647058,0.8235294117647058,,,,,,,,,,,,
vt_h6_c1,79,FT_K3,answer_only,signed_sum,raw,eligible_body_tokens,0.2,332,66,67,0.19879518072289157,1.0,0.20180722891566266,0.8181818181818182,0.8059701492537313,0.8181818181818182,0.07785739004611969,1,0.8181818181818182,0.8181818181818182,,,,,,,,,,,,
vt_h6_c1,80,FT_K3,answer_only,signed_sum,raw,eligible_body_tokens,0.2,332,66,67,0.19879518072289157,1.0,0.20180722891566266,0.8636363636363636,0.8507462686567164,0.8636363636363636,0.07626570016145706,1,0.8636363636363636,0.8636363636363636,,,,,,,,,,,,
vt_h6_c1,81,FT_K3,answer_only,signed_sum,raw,eligible_body_tokens,0.2,332,66,67,0.19879518072289157,1.0,0.20180722891566266,0.8181818181818182,0.8059701492537313,0.8181818181818182,0.07464004307985306,1,0.8181818181818182,0.8181818181818182,,,,,,,,,,,,
vt_h6_c1,82,FT_K3,answer_only,signed_sum,raw,eligible_body_tokens,0.2,331,65,67,0.19637462235649547,1.0,0.20241691842900303,0.8,0.7761194029850746,0.8,0.07440949976444244,1,0.8,0.8,,,,,,,,,,,,
vt_h6_c1,83,FT_K3,answer_only,signed_sum,raw,eligible_body_tokens,0.2,328,62,66,0.18902439024390244,1.0,0.20121951219512196,0.8387096774193549,0.7878787878787878,0.8387096774193549,0.07446569204330444,1,0.8387096774193549,0.8387096774193549,,,,,,,,,,,,
vt_h6_c1,84,FT_K3,answer_only,signed_sum,raw,eligible_body_tokens,0.2,328,62,66,0.18902439024390244,1.0,0.20121951219512196,0.8387096774193549,0.7878787878787878,0.8387096774193549,0.06115050986409187,1,0.8387096774193549,0.8387096774193549,,,,,,,,,,,,
vt_h6_c1,85,FT_K3,answer_only,signed_sum,raw,eligible_body_tokens,0.2,332,66,67,0.19879518072289157,1.0,0.20180722891566266,0.803030303030303,0.7910447761194029,0.803030303030303,0.08986908942461014,1,0.803030303030303,0.803030303030303,,,,,,,,,,,,
vt_h6_c1,86,FT_K3,answer_only,signed_sum,raw,eligible_body_tokens,0.2,334,68,67,0.20359281437125748,0.9852941176470589,0.20059880239520958,0.8382352941176471,0.8507462686567164,0.8507462686567164,0.08058679103851318,1,0.8382352941176471,0.8382352941176471,,,,,,,,,,,,
vt_h6_c1,87,FT_K3,answer_only,signed_sum,raw,eligible_body_tokens,0.2,332,66,67,0.19879518072289157,1.0,0.20180722891566266,0.8333333333333334,0.8208955223880597,0.8333333333333334,0.07467564195394516,1,0.8333333333333334,0.8333333333333334,,,,,,,,,,,,
vt_h6_c1,88,FT_K3,answer_only,signed_sum,raw,eligible_body_tokens,0.2,330,64,66,0.19393939393939394,1.0,0.2,0.8125,0.7878787878787878,0.8125,0.07060093432664871,1,0.8125,0.8125,,,,,,,,,,,,
vt_h6_c1,89,FT_K3,answer_only,signed_sum,raw,eligible_body_tokens,0.2,332,66,67,0.19879518072289157,1.0,0.20180722891566266,0.8333333333333334,0.8208955223880597,0.8333333333333334,0.07614223659038544,1,0.8333333333333334,0.8333333333333334,,,,,,,,,,,,
vt_h6_c1,90,FT_K3,answer_only,signed_sum,raw,eligible_body_tokens,0.2,332,66,67,0.19879518072289157,1.0,0.20180722891566266,0.8181818181818182,0.8059701492537313,0.8181818181818182,0.08472825586795807,1,0.8181818181818182,0.8181818181818182,,,,,,,,,,,,
vt_h6_c1,91,FT_K3,answer_only,signed_sum,raw,eligible_body_tokens,0.2,327,61,66,0.18654434250764526,1.0,0.2018348623853211,0.819672131147541,0.7575757575757576,0.819672131147541,0.07201487571001053,1,0.819672131147541,0.819672131147541,,,,,,,,,,,,
vt_h6_c1,92,FT_K3,answer_only,signed_sum,raw,eligible_body_tokens,0.2,330,64,66,0.19393939393939394,1.0,0.2,0.84375,0.8181818181818182,0.84375,0.07611412554979324,1,0.84375,0.84375,,,,,,,,,,,,
vt_h6_c1,93,FT_K3,answer_only,signed_sum,raw,eligible_body_tokens,0.2,335,69,67,0.20597014925373133,0.9710144927536232,0.2,0.8260869565217391,0.8507462686567164,0.8507462686567164,0.08272836357355118,1,0.8260869565217391,0.8260869565217391,,,,,,,,,,,,
vt_h6_c1,94,FT_K3,answer_only,signed_sum,raw,eligible_body_tokens,0.2,330,64,66,0.19393939393939394,1.0,0.2,0.828125,0.803030303030303,0.828125,0.06697115302085876,1,0.828125,0.828125,,,,,,,,,,,,
vt_h6_c1,95,FT_K3,answer_only,signed_sum,raw,eligible_body_tokens,0.2,334,68,67,0.20359281437125748,0.9852941176470589,0.20059880239520958,0.8235294117647058,0.835820895522388,0.835820895522388,0.08367028832435608,1,0.8235294117647058,0.8235294117647058,,,,,,,,,,,,
vt_h6_c1,96,FT_K3,answer_only,signed_sum,raw,eligible_body_tokens,0.2,332,66,67,0.19879518072289157,1.0,0.20180722891566266,0.8181818181818182,0.8059701492537313,0.8181818181818182,0.0717877745628357,1,0.8181818181818182,0.8181818181818182,,,,,,,,,,,,
vt_h6_c1,97,FT_K3,answer_only,signed_sum,raw,eligible_body_tokens,0.2,332,66,67,0.19879518072289157,1.0,0.20180722891566266,0.803030303030303,0.7910447761194029,0.803030303030303,0.0830785408616066,1,0.803030303030303,0.803030303030303,,,,,,,,,,,,
vt_h6_c1,98,FT_K3,answer_only,signed_sum,raw,eligible_body_tokens,0.2,335,69,67,0.20597014925373133,0.9710144927536232,0.2,0.8115942028985508,0.835820895522388,0.835820895522388,0.08571229130029678,1,0.8115942028985508,0.8115942028985508,,,,,,,,,,,,
vt_h6_c1,99,FT_K3,answer_only,signed_sum,raw,eligible_body_tokens,0.2,332,66,67,0.19879518072289157,1.0,0.20180722891566266,0.8181818181818182,0.8059701492537313,0.8181818181818182,0.07556677609682083,1,0.8181818181818182,0.8181818181818182,,,,,,,,,,,,
vt_h6_c1,0,Perturbation,answer_only,signed_sum,raw,eligible_body_tokens,0.2,329,63,66,0.19148936170212766,1.0,0.2006079027355623,0.2698412698412698,0.25757575757575757,0.2698412698412698,12.373103141784668,42,0.12698412698412698,0.2698412698412698,,,,,,,,,,,,
vt_h6_c1,1,Perturbation,answer_only,signed_sum,raw,eligible_body_tokens,0.2,335,69,67,0.20597014925373133,0.9710144927536232,0.2,0.30434782608695654,0.31343283582089554,0.31343283582089554,33.560394287109375,43,0.30434782608695654,0.4492753623188406,,,,,,,,,,,,
vt_h6_c1,2,Perturbation,answer_only,signed_sum,raw,eligible_body_tokens,0.2,330,64,66,0.19393939393939394,1.0,0.2,0.28125,0.2727272727272727,0.28125,22.427949905395508,43,0.140625,0.375,,,,,,,,,,,,
vt_h6_c1,3,Perturbation,answer_only,signed_sum,raw,eligible_body_tokens,0.2,335,69,67,0.20597014925373133,0.9710144927536232,0.2,0.43478260869565216,0.44776119402985076,0.44776119402985076,36.088993072509766,44,0.2898550724637681,0.5652173913043478,,,,,,,,,,,,
vt_h6_c1,4,Perturbation,answer_only,signed_sum,raw,eligible_body_tokens,0.2,330,64,66,0.19393939393939394,1.0,0.2,0.40625,0.3939393939393939,0.40625,34.12367248535156,42,0.265625,0.40625,,,,,,,,,,,,
vt_h6_c1,5,Perturbation,answer_only,signed_sum,raw,eligible_body_tokens,0.2,330,64,66,0.19393939393939394,1.0,0.2,0.171875,0.16666666666666666,0.171875,31.079017639160156,42,0.140625,0.28125,,,,,,,,,,,,
vt_h6_c1,6,Perturbation,answer_only,signed_sum,raw,eligible_body_tokens,0.2,333,67,67,0.2012012012012012,1.0,0.2012012012012012,0.417910447761194,0.417910447761194,0.417910447761194,27.404115676879883,37,0.2537313432835821,0.417910447761194,,,,,,,,,,,,
vt_h6_c1,7,Perturbation,answer_only,signed_sum,raw,eligible_body_tokens,0.2,333,67,67,0.2012012012012012,1.0,0.2012012012012012,0.29850746268656714,0.29850746268656714,0.29850746268656714,17.982120513916016,42,0.16417910447761194,0.29850746268656714,,,,,,,,,,,,
vt_h6_c1,8,Perturbation,answer_only,signed_sum,raw,eligible_body_tokens,0.2,334,68,67,0.20359281437125748,0.9852941176470589,0.20059880239520958,0.39705882352941174,0.40298507462686567,0.40298507462686567,36.43946838378906,37,0.2647058823529412,0.39705882352941174,,,,,,,,,,,,
vt_h6_c1,9,Perturbation,answer_only,signed_sum,raw,eligible_body_tokens,0.2,334,68,67,0.20359281437125748,0.9852941176470589,0.20059880239520958,0.14705882352941177,0.14925373134328357,0.14925373134328357,33.65974426269531,42,0.1323529411764706,0.27941176470588236,,,,,,,,,,,,
vt_h6_c1,10,Perturbation,answer_only,signed_sum,raw,eligible_body_tokens,0.2,329,63,66,0.19148936170212766,1.0,0.2006079027355623,0.36507936507936506,0.3484848484848485,0.36507936507936506,25.030611038208008,42,0.2698412698412698,0.4126984126984127,,,,,,,,,,,,
vt_h6_c1,11,Perturbation,answer_only,signed_sum,raw,eligible_body_tokens,0.2,332,66,67,0.19879518072289157,1.0,0.20180722891566266,0.3939393939393939,0.3880597014925373,0.3939393939393939,35.6491584777832,38,0.25757575757575757,0.3939393939393939,,,,,,,,,,,,
vt_h6_c1,12,Perturbation,answer_only,signed_sum,raw,eligible_body_tokens,0.2,330,64,66,0.19393939393939394,1.0,0.2,0.390625,0.3787878787878788,0.390625,30.42094612121582,39,0.25,0.390625,,,,,,,,,,,,
vt_h6_c1,13,Perturbation,answer_only,signed_sum,raw,eligible_body_tokens,0.2,334,68,67,0.20359281437125748,0.9852941176470589,0.20059880239520958,0.4117647058823529,0.417910447761194,0.417910447761194,33.90069580078125,43,0.2647058823529412,0.4117647058823529,,,,,,,,,,,,
vt_h6_c1,14,Perturbation,answer_only,signed_sum,raw,eligible_body_tokens,0.2,330,64,66,0.19393939393939394,1.0,0.2,0.28125,0.2727272727272727,0.28125,27.55390739440918,43,0.140625,0.375,,,,,,,,,,,,
vt_h6_c1,15,Perturbation,answer_only,signed_sum,raw,eligible_body_tokens,0.2,332,66,67,0.19879518072289157,1.0,0.20180722891566266,0.4090909090909091,0.40298507462686567,0.4090909090909091,38.60744857788086,43,0.25757575757575757,0.5151515151515151,,,,,,,,,,,,
vt_h6_c1,16,Perturbation,answer_only,signed_sum,raw,eligible_body_tokens,0.2,334,68,67,0.20359281437125748,0.9852941176470589,0.20059880239520958,0.39705882352941174,0.40298507462686567,0.40298507462686567,42.52577209472656,37,0.25,0.39705882352941174,,,,,,,,,,,,
vt_h6_c1,17,Perturbation,answer_only,signed_sum,raw,eligible_body_tokens,0.2,334,68,67,0.20359281437125748,0.9852941176470589,0.20059880239520958,0.2647058823529412,0.26865671641791045,0.26865671641791045,34.38427734375,43,0.1323529411764706,0.27941176470588236,,,,,,,,,,,,
vt_h6_c1,18,Perturbation,answer_only,signed_sum,raw,eligible_body_tokens,0.2,330,64,66,0.19393939393939394,1.0,0.2,0.390625,0.3787878787878788,0.390625,35.10953140258789,39,0.25,0.390625,,,,,,,,,,,,
vt_h6_c1,19,Perturbation,answer_only,signed_sum,raw,eligible_body_tokens,0.2,335,69,67,0.20597014925373133,0.9710144927536232,0.2,0.34782608695652173,0.3582089552238806,0.3582089552238806,26.272632598876953,43,0.2028985507246377,0.34782608695652173,,,,,,,,,,,,
vt_h6_c1,20,Perturbation,answer_only,signed_sum,raw,eligible_body_tokens,0.2,332,66,67,0.19879518072289157,1.0,0.20180722891566266,0.42424242424242425,0.417910447761194,0.42424242424242425,31.753192901611328,38,0.2727272727272727,0.42424242424242425,,,,,,,,,,,,
vt_h6_c1,21,Perturbation,answer_only,signed_sum,raw,eligible_body_tokens,0.2,332,66,67,0.19879518072289157,1.0,0.20180722891566266,0.13636363636363635,0.13432835820895522,0.13636363636363635,23.413171768188477,42,0.13636363636363635,0.25757575757575757,,,,,,,,,,,,
vt_h6_c1,22,Perturbation,answer_only,signed_sum,raw,eligible_body_tokens,0.2,332,66,67,0.19879518072289157,1.0,0.20180722891566266,0.2878787878787879,0.2835820895522388,0.2878787878787879,33.66482925415039,43,0.13636363636363635,0.3939393939393939,,,,,,,,,,,,
vt_h6_c1,23,Perturbation,answer_only,signed_sum,raw,eligible_body_tokens,0.2,332,66,67,0.19879518072289157,1.0,0.20180722891566266,0.30303030303030304,0.29850746268656714,0.30303030303030304,31.34969139099121,43,0.16666666666666666,0.4393939393939394,,,,,,,,,,,,
vt_h6_c1,24,Perturbation,answer_only,signed_sum,raw,eligible_body_tokens,0.2,335,69,67,0.20597014925373133,0.9710144927536232,0.2,0.2898550724637681,0.29850746268656714,0.29850746268656714,28.70069122314453,43,0.21739130434782608,0.43478260869565216,,,,,,,,,,,,
vt_h6_c1,25,Perturbation,answer_only,signed_sum,raw,eligible_body_tokens,0.2,330,64,66,0.19393939393939394,1.0,0.2,0.28125,0.2727272727272727,0.28125,17.965517044067383,42,0.140625,0.296875,,,,,,,,,,,,
vt_h6_c1,26,Perturbation,answer_only,signed_sum,raw,eligible_body_tokens,0.2,334,68,67,0.20359281437125748,0.9852941176470589,0.20059880239520958,0.27941176470588236,0.2835820895522388,0.2835820895522388,24.681291580200195,42,0.1323529411764706,0.27941176470588236,,,,,,,,,,,,
vt_h6_c1,27,Perturbation,answer_only,signed_sum,raw,eligible_body_tokens,0.2,332,66,67,0.19879518072289157,1.0,0.20180722891566266,0.4696969696969697,0.4626865671641791,0.4696969696969697,33.26802062988281,38,0.3181818181818182,0.4696969696969697,,,,,,,,,,,,
vt_h6_c1,28,Perturbation,answer_only,signed_sum,raw,eligible_body_tokens,0.2,331,65,67,0.19637462235649547,1.0,0.20241691842900303,0.4461538461538462,0.43283582089552236,0.4461538461538462,37.13103485107422,43,0.2923076923076923,0.5384615384615384,,,,,,,,,,,,
vt_h6_c1,29,Perturbation,answer_only,signed_sum,raw,eligible_body_tokens,0.2,331,65,67,0.19637462235649547,1.0,0.20241691842900303,0.36923076923076925,0.3582089552238806,0.36923076923076925,34.495216369628906,44,0.26153846153846155,0.5230769230769231,,,,,,,,,,,,
vt_h6_c1,30,Perturbation,answer_only,signed_sum,raw,eligible_body_tokens,0.2,330,64,66,0.19393939393939394,1.0,0.2,0.421875,0.4090909090909091,0.421875,57.0823974609375,43,0.28125,0.5625,,,,,,,,,,,,
vt_h6_c1,31,Perturbation,answer_only,signed_sum,raw,eligible_body_tokens,0.2,330,64,66,0.19393939393939394,1.0,0.2,0.171875,0.16666666666666666,0.171875,22.150856018066406,42,0.125,0.265625,,,,,,,,,,,,
vt_h6_c1,32,Perturbation,answer_only,signed_sum,raw,eligible_body_tokens,0.2,330,64,66,0.19393939393939394,1.0,0.2,0.28125,0.2727272727272727,0.28125,17.804344177246094,42,0.28125,0.421875,,,,,,,,,,,,
vt_h6_c1,33,Perturbation,answer_only,signed_sum,raw,eligible_body_tokens,0.2,330,64,66,0.19393939393939394,1.0,0.2,0.296875,0.2878787878787879,0.296875,33.03429412841797,40,0.234375,0.4375,,,,,,,,,,,,
vt_h6_c1,34,Perturbation,answer_only,signed_sum,raw,eligible_body_tokens,0.2,331,65,67,0.19637462235649547,1.0,0.20241691842900303,0.3076923076923077,0.29850746268656714,0.3076923076923077,19.636117935180664,42,0.2923076923076923,0.4153846153846154,,,,,,,,,,,,
vt_h6_c1,35,Perturbation,answer_only,signed_sum,raw,eligible_body_tokens,0.2,333,67,67,0.2012012012012012,1.0,0.2012012012012012,0.44776119402985076,0.44776119402985076,0.44776119402985076,29.004507064819336,37,0.2835820895522388,0.44776119402985076,,,,,,,,,,,,
vt_h6_c1,36,Perturbation,answer_only,signed_sum,raw,eligible_body_tokens,0.2,331,65,67,0.19637462235649547,1.0,0.20241691842900303,0.4,0.3880597014925373,0.4,19.556312561035156,42,0.26153846153846155,0.4153846153846154,,,,,,,,,,,,
vt_h6_c1,37,Perturbation,answer_only,signed_sum,raw,eligible_body_tokens,0.2,335,69,67,0.20597014925373133,0.9710144927536232,0.2,0.2898550724637681,0.29850746268656714,0.29850746268656714,24.565860748291016,42,0.14492753623188406,0.2898550724637681,,,,,,,,,,,,
vt_h6_c1,38,Perturbation,answer_only,signed_sum,raw,eligible_body_tokens,0.2,330,64,66,0.19393939393939394,1.0,0.2,0.359375,0.3484848484848485,0.359375,53.874183654785156,43,0.21875,0.5,,,,,,,,,,,,
vt_h6_c1,39,Perturbation,answer_only,signed_sum,raw,eligible_body_tokens,0.2,332,66,67,0.19879518072289157,1.0,0.20180722891566266,0.4090909090909091,0.40298507462686567,0.4090909090909091,54.31477355957031,38,0.2727272727272727,0.4090909090909091,,,,,,,,,,,,
vt_h6_c1,40,Perturbation,answer_only,signed_sum,raw,eligible_body_tokens,0.2,330,64,66,0.19393939393939394,1.0,0.2,0.265625,0.25757575757575757,0.265625,37.40994644165039,43,0.140625,0.390625,,,,,,,,,,,,
vt_h6_c1,41,Perturbation,answer_only,signed_sum,raw,eligible_body_tokens,0.2,334,68,67,0.20359281437125748,0.9852941176470589,0.20059880239520958,0.1323529411764706,0.13432835820895522,0.13432835820895522,17.709163665771484,41,0.1323529411764706,0.20588235294117646,,,,,,,,,,,,
vt_h6_c1,42,Perturbation,answer_only,signed_sum,raw,eligible_body_tokens,0.2,333,67,67,0.2012012012012012,1.0,0.2012012012012012,0.417910447761194,0.417910447761194,0.417910447761194,39.979766845703125,43,0.2835820895522388,0.5522388059701493,,,,,,,,,,,,
vt_h6_c1,43,Perturbation,answer_only,signed_sum,raw,eligible_body_tokens,0.2,331,65,67,0.19637462235649547,1.0,0.20241691842900303,0.2923076923076923,0.2835820895522388,0.2923076923076923,23.285688400268555,42,0.15384615384615385,0.2923076923076923,,,,,,,,,,,,
vt_h6_c1,44,Perturbation,answer_only,signed_sum,raw,eligible_body_tokens,0.2,331,65,67,0.19637462235649547,1.0,0.20241691842900303,0.4,0.3880597014925373,0.4,52.89273452758789,43,0.26153846153846155,0.5076923076923077,,,,,,,,,,,,
vt_h6_c1,45,Perturbation,answer_only,signed_sum,raw,eligible_body_tokens,0.2,334,68,67,0.20359281437125748,0.9852941176470589,0.20059880239520958,0.16176470588235295,0.16417910447761194,0.16417910447761194,26.13907241821289,42,0.1323529411764706,0.25,,,,,,,,,,,,
vt_h6_c1,46,Perturbation,answer_only,signed_sum,raw,eligible_body_tokens,0.2,330,64,66,0.19393939393939394,1.0,0.2,0.15625,0.15151515151515152,0.15625,26.449874877929688,42,0.15625,0.28125,,,,,,,,,,,,
vt_h6_c1,47,Perturbation,answer_only,signed_sum,raw,eligible_body_tokens,0.2,332,66,67,0.19879518072289157,1.0,0.20180722891566266,0.42424242424242425,0.417910447761194,0.42424242424242425,36.95291519165039,38,0.2727272727272727,0.42424242424242425,,,,,,,,,,,,
vt_h6_c1,48,Perturbation,answer_only,signed_sum,raw,eligible_body_tokens,0.2,329,63,66,0.19148936170212766,1.0,0.2006079027355623,0.42857142857142855,0.4090909090909091,0.42857142857142855,32.57562255859375,38,0.3333333333333333,0.5714285714285714,,,,,,,,,,,,
vt_h6_c1,49,Perturbation,answer_only,signed_sum,raw,eligible_body_tokens,0.2,328,62,66,0.18902439024390244,1.0,0.20121951219512196,0.27419354838709675,0.25757575757575757,0.27419354838709675,41.70901107788086,42,0.27419354838709675,0.41935483870967744,,,,,,,,,,,,
vt_h6_c1,50,Perturbation,answer_only,signed_sum,raw,eligible_body_tokens,0.2,332,66,67,0.19879518072289157,1.0,0.20180722891566266,0.13636363636363635,0.13432835820895522,0.13636363636363635,25.306028366088867,42,0.13636363636363635,0.2878787878787879,,,,,,,,,,,,
vt_h6_c1,51,Perturbation,answer_only,signed_sum,raw,eligible_body_tokens,0.2,334,68,67,0.20359281437125748,0.9852941176470589,0.20059880239520958,0.4264705882352941,0.43283582089552236,0.43283582089552236,48.55947494506836,44,0.2647058823529412,0.5588235294117647,,,,,,,,,,,,
vt_h6_c1,52,Perturbation,answer_only,signed_sum,raw,eligible_body_tokens,0.2,333,67,67,0.2012012012012012,1.0,0.2012012012012012,0.29850746268656714,0.29850746268656714,0.29850746268656714,25.974266052246094,42,0.16417910447761194,0.29850746268656714,,,,,,,,,,,,
vt_h6_c1,53,Perturbation,answer_only,signed_sum,raw,eligible_body_tokens,0.2,338,72,68,0.21301775147928995,0.9444444444444444,0.20118343195266272,0.4027777777777778,0.4264705882352941,0.4264705882352941,36.39788818359375,36,0.2638888888888889,0.4027777777777778,,,,,,,,,,,,
vt_h6_c1,54,Perturbation,answer_only,signed_sum,raw,eligible_body_tokens,0.2,332,66,67,0.19879518072289157,1.0,0.20180722891566266,0.4393939393939394,0.43283582089552236,0.4393939393939394,31.330278396606445,42,0.2878787878787879,0.4393939393939394,,,,,,,,,,,,
vt_h6_c1,55,Perturbation,answer_only,signed_sum,raw,eligible_body_tokens,0.2,335,69,67,0.20597014925373133,0.9710144927536232,0.2,0.391304347826087,0.40298507462686567,0.40298507462686567,39.20338439941406,43,0.2318840579710145,0.391304347826087,,,,,,,,,,,,
vt_h6_c1,56,Perturbation,answer_only,signed_sum,raw,eligible_body_tokens,0.2,332,66,67,0.19879518072289157,1.0,0.20180722891566266,0.30303030303030304,0.29850746268656714,0.30303030303030304,23.741161346435547,42,0.2727272727272727,0.4090909090909091,,,,,,,,,,,,
vt_h6_c1,57,Perturbation,answer_only,signed_sum,raw,eligible_body_tokens,0.2,330,64,66,0.19393939393939394,1.0,0.2,0.40625,0.3939393939393939,0.40625,30.938541412353516,44,0.28125,0.546875,,,,,,,,,,,,
vt_h6_c1,58,Perturbation,answer_only,signed_sum,raw,eligible_body_tokens,0.2,330,64,66,0.19393939393939394,1.0,0.2,0.421875,0.4090909090909091,0.421875,50.26409149169922,43,0.28125,0.5625,,,,,,,,,,,,
vt_h6_c1,59,Perturbation,answer_only,signed_sum,raw,eligible_body_tokens,0.2,330,64,66,0.19393939393939394,1.0,0.2,0.28125,0.2727272727272727,0.28125,32.125545501708984,42,0.28125,0.421875,,,,,,,,,,,,
vt_h6_c1,60,Perturbation,answer_only,signed_sum,raw,eligible_body_tokens,0.2,328,62,66,0.18902439024390244,1.0,0.20121951219512196,0.27419354838709675,0.25757575757575757,0.27419354838709675,29.03302574157715,42,0.14516129032258066,0.27419354838709675,,,,,,,,,,,,
vt_h6_c1,61,Perturbation,answer_only,signed_sum,raw,eligible_body_tokens,0.2,330,64,66,0.19393939393939394,1.0,0.2,0.40625,0.3939393939393939,0.40625,31.704647064208984,42,0.265625,0.40625,,,,,,,,,,,,
vt_h6_c1,62,Perturbation,answer_only,signed_sum,raw,eligible_body_tokens,0.2,332,66,67,0.19879518072289157,1.0,0.20180722891566266,0.4393939393939394,0.43283582089552236,0.4393939393939394,42.760711669921875,43,0.30303030303030304,0.5757575757575758,,,,,,,,,,,,
vt_h6_c1,63,Perturbation,answer_only,signed_sum,raw,eligible_body_tokens,0.2,336,70,68,0.20833333333333334,0.9714285714285714,0.20238095238095238,0.34285714285714286,0.35294117647058826,0.35294117647058826,19.884014129638672,43,0.2,0.34285714285714286,,,,,,,,,,,,
vt_h6_c1,64,Perturbation,answer_only,signed_sum,raw,eligible_body_tokens,0.2,332,66,67,0.19879518072289157,1.0,0.20180722891566266,0.2878787878787879,0.2835820895522388,0.2878787878787879,30.153913497924805,42,0.2878787878787879,0.4393939393939394,,,,,,,,,,,,
vt_h6_c1,65,Perturbation,answer_only,signed_sum,raw,eligible_body_tokens,0.2,333,67,67,0.2012012012012012,1.0,0.2012012012012012,0.14925373134328357,0.14925373134328357,0.14925373134328357,27.493017196655273,42,0.13432835820895522,0.26865671641791045,,,,,,,,,,,,
vt_h6_c1,66,Perturbation,answer_only,signed_sum,raw,eligible_body_tokens,0.2,330,64,66,0.19393939393939394,1.0,0.2,0.421875,0.4090909090909091,0.421875,34.09518814086914,39,0.28125,0.421875,,,,,,,,,,,,
vt_h6_c1,67,Perturbation,answer_only,signed_sum,raw,eligible_body_tokens,0.2,335,69,67,0.20597014925373133,0.9710144927536232,0.2,0.3333333333333333,0.34328358208955223,0.34328358208955223,25.90041732788086,42,0.18840579710144928,0.3333333333333333,,,,,,,,,,,,
vt_h6_c1,68,Perturbation,answer_only,signed_sum,raw,eligible_body_tokens,0.2,328,62,66,0.18902439024390244,1.0,0.20121951219512196,0.1774193548387097,0.16666666666666666,0.1774193548387097,33.77464294433594,42,0.14516129032258066,0.25806451612903225,,,,,,,,,,,,
vt_h6_c1,69,Perturbation,answer_only,signed_sum,raw,eligible_body_tokens,0.2,330,64,66,0.19393939393939394,1.0,0.2,0.375,0.36363636363636365,0.375,30.028118133544922,38,0.25,0.375,,,,,,,,,,,,
vt_h6_c1,70,Perturbation,answer_only,signed_sum,raw,eligible_body_tokens,0.2,336,70,68,0.20833333333333334,0.9714285714285714,0.20238095238095238,0.2857142857142857,0.29411764705882354,0.29411764705882354,28.664325714111328,42,0.14285714285714285,0.2857142857142857,,,,,,,,,,,,
vt_h6_c1,71,Perturbation,answer_only,signed_sum,raw,eligible_body_tokens,0.2,331,65,67,0.19637462235649547,1.0,0.20241691842900303,0.2923076923076923,0.2835820895522388,0.2923076923076923,17.61435317993164,42,0.15384615384615385,0.2923076923076923,,,,,,,,,,,,
vt_h6_c1,72,Perturbation,answer_only,signed_sum,raw,eligible_body_tokens,0.2,330,64,66,0.19393939393939394,1.0,0.2,0.28125,0.2727272727272727,0.28125,36.363487243652344,42,0.28125,0.421875,,,,,,,,,,,,
vt_h6_c1,73,Perturbation,answer_only,signed_sum,raw,eligible_body_tokens,0.2,332,66,67,0.19879518072289157,1.0,0.20180722891566266,0.4090909090909091,0.40298507462686567,0.4090909090909091,33.606475830078125,38,0.2727272727272727,0.4090909090909091,,,,,,,,,,,,
vt_h6_c1,74,Perturbation,answer_only,signed_sum,raw,eligible_body_tokens,0.2,330,64,66,0.19393939393939394,1.0,0.2,0.296875,0.2878787878787879,0.296875,30.265365600585938,40,0.1875,0.4375,,,,,,,,,,,,
vt_h6_c1,75,Perturbation,answer_only,signed_sum,raw,eligible_body_tokens,0.2,328,62,66,0.18902439024390244,1.0,0.20121951219512196,0.4032258064516129,0.3787878787878788,0.4032258064516129,37.70186233520508,44,0.25806451612903225,0.5483870967741935,,,,,,,,,,,,
vt_h6_c1,76,Perturbation,answer_only,signed_sum,raw,eligible_body_tokens,0.2,328,62,66,0.18902439024390244,1.0,0.20121951219512196,0.12903225806451613,0.12121212121212122,0.12903225806451613,15.368188858032227,42,0.12903225806451613,0.27419354838709675,,,,,,,,,,,,
vt_h6_c1,77,Perturbation,answer_only,signed_sum,raw,eligible_body_tokens,0.2,332,66,67,0.19879518072289157,1.0,0.20180722891566266,0.36363636363636365,0.3582089552238806,0.36363636363636365,34.5713005065918,38,0.22727272727272727,0.36363636363636365,,,,,,,,,,,,
vt_h6_c1,78,Perturbation,answer_only,signed_sum,raw,eligible_body_tokens,0.2,334,68,67,0.20359281437125748,0.9852941176470589,0.20059880239520958,0.29411764705882354,0.29850746268656714,0.29850746268656714,40.997398376464844,42,0.29411764705882354,0.4264705882352941,,,,,,,,,,,,
vt_h6_c1,79,Perturbation,answer_only,signed_sum,raw,eligible_body_tokens,0.2,332,66,67,0.19879518072289157,1.0,0.20180722891566266,0.4393939393939394,0.43283582089552236,0.4393939393939394,56.755985260009766,43,0.30303030303030304,0.5757575757575758,,,,,,,,,,,,
vt_h6_c1,80,Perturbation,answer_only,signed_sum,raw,eligible_body_tokens,0.2,332,66,67,0.19879518072289157,1.0,0.20180722891566266,0.42424242424242425,0.417910447761194,0.42424242424242425,52.61695861816406,43,0.2878787878787879,0.5303030303030303,,,,,,,,,,,,
vt_h6_c1,81,Perturbation,answer_only,signed_sum,raw,eligible_body_tokens,0.2,332,66,67,0.19879518072289157,1.0,0.20180722891566266,0.4090909090909091,0.40298507462686567,0.4090909090909091,35.740535736083984,42,0.25757575757575757,0.4090909090909091,,,,,,,,,,,,
vt_h6_c1,82,Perturbation,answer_only,signed_sum,raw,eligible_body_tokens,0.2,331,65,67,0.19637462235649547,1.0,0.20241691842900303,0.4153846153846154,0.40298507462686567,0.4153846153846154,49.3939323425293,38,0.26153846153846155,0.4153846153846154,,,,,,,,,,,,
vt_h6_c1,83,Perturbation,answer_only,signed_sum,raw,eligible_body_tokens,0.2,328,62,66,0.18902439024390244,1.0,0.20121951219512196,0.3870967741935484,0.36363636363636365,0.3870967741935484,26.149269104003906,37,0.24193548387096775,0.3870967741935484,,,,,,,,,,,,
vt_h6_c1,84,Perturbation,answer_only,signed_sum,raw,eligible_body_tokens,0.2,328,62,66,0.18902439024390244,1.0,0.20121951219512196,0.25806451612903225,0.24242424242424243,0.25806451612903225,38.705726623535156,43,0.12903225806451613,0.3870967741935484,,,,,,,,,,,,
vt_h6_c1,85,Perturbation,answer_only,signed_sum,raw,eligible_body_tokens,0.2,332,66,67,0.19879518072289157,1.0,0.20180722891566266,0.3787878787878788,0.373134328358209,0.3787878787878788,34.45327377319336,38,0.24242424242424243,0.3787878787878788,,,,,,,,,,,,
vt_h6_c1,86,Perturbation,answer_only,signed_sum,raw,eligible_body_tokens,0.2,334,68,67,0.20359281437125748,0.9852941176470589,0.20059880239520958,0.38235294117647056,0.3880597014925373,0.3880597014925373,38.067569732666016,37,0.25,0.38235294117647056,,,,,,,,,,,,
vt_h6_c1,87,Perturbation,answer_only,signed_sum,raw,eligible_body_tokens,0.2,332,66,67,0.19879518072289157,1.0,0.20180722891566266,0.25757575757575757,0.2537313432835821,0.25757575757575757,28.93185806274414,42,0.25757575757575757,0.36363636363636365,,,,,,,,,,,,
vt_h6_c1,88,Perturbation,answer_only,signed_sum,raw,eligible_body_tokens,0.2,330,64,66,0.19393939393939394,1.0,0.2,0.421875,0.4090909090909091,0.421875,50.474727630615234,43,0.265625,0.578125,,,,,,,,,,,,
vt_h6_c1,89,Perturbation,answer_only,signed_sum,raw,eligible_body_tokens,0.2,332,66,67,0.19879518072289157,1.0,0.20180722891566266,0.2727272727272727,0.26865671641791045,0.2727272727272727,36.34529113769531,42,0.2727272727272727,0.4090909090909091,,,,,,,,,,,,
vt_h6_c1,90,Perturbation,answer_only,signed_sum,raw,eligible_body_tokens,0.2,332,66,67,0.19879518072289157,1.0,0.20180722891566266,0.4090909090909091,0.40298507462686567,0.4090909090909091,45.17413330078125,43,0.2727272727272727,0.5454545454545454,,,,,,,,,,,,
vt_h6_c1,91,Perturbation,answer_only,signed_sum,raw,eligible_body_tokens,0.2,327,61,66,0.18654434250764526,1.0,0.2018348623853211,0.3114754098360656,0.2878787878787879,0.3114754098360656,40.069480895996094,41,0.3114754098360656,0.4426229508196721,,,,,,,,,,,,
vt_h6_c1,92,Perturbation,answer_only,signed_sum,raw,eligible_body_tokens,0.2,330,64,66,0.19393939393939394,1.0,0.2,0.265625,0.25757575757575757,0.265625,29.994102478027344,43,0.125,0.359375,,,,,,,,,,,,
vt_h6_c1,93,Perturbation,answer_only,signed_sum,raw,eligible_body_tokens,0.2,335,69,67,0.20597014925373133,0.9710144927536232,0.2,0.2898550724637681,0.29850746268656714,0.29850746268656714,30.757606506347656,42,0.14492753623188406,0.2898550724637681,,,,,,,,,,,,
vt_h6_c1,94,Perturbation,answer_only,signed_sum,raw,eligible_body_tokens,0.2,330,64,66,0.19393939393939394,1.0,0.2,0.4375,0.42424242424242425,0.4375,37.223331451416016,42,0.3125,0.4375,,,,,,,,,,,,
vt_h6_c1,95,Perturbation,answer_only,signed_sum,raw,eligible_body_tokens,0.2,334,68,67,0.20359281437125748,0.9852941176470589,0.20059880239520958,0.4264705882352941,0.43283582089552236,0.43283582089552236,33.73170852661133,42,0.29411764705882354,0.4264705882352941,,,,,,,,,,,,
vt_h6_c1,96,Perturbation,answer_only,signed_sum,raw,eligible_body_tokens,0.2,332,66,67,0.19879518072289157,1.0,0.20180722891566266,0.2727272727272727,0.26865671641791045,0.2727272727272727,32.98497009277344,38,0.13636363636363635,0.2727272727272727,,,,,,,,,,,,
vt_h6_c1,97,Perturbation,answer_only,signed_sum,raw,eligible_body_tokens,0.2,332,66,67,0.19879518072289157,1.0,0.20180722891566266,0.3787878787878788,0.373134328358209,0.3787878787878788,38.386871337890625,38,0.24242424242424243,0.3787878787878788,,,,,,,,,,,,
vt_h6_c1,98,Perturbation,answer_only,signed_sum,raw,eligible_body_tokens,0.2,335,69,67,0.20597014925373133,0.9710144927536232,0.2,0.42028985507246375,0.43283582089552236,0.43283582089552236,36.92417526245117,43,0.2753623188405797,0.42028985507246375,,,,,,,,,,,,
vt_h6_c1,99,Perturbation,answer_only,signed_sum,raw,eligible_body_tokens,0.2,332,66,67,0.19879518072289157,1.0,0.20180722891566266,0.4393939393939394,0.43283582089552236,0.4393939393939394,33.01478576660156,42,0.30303030303030304,0.5757575757575758,,,,,,,,,,,,
vt_h6_c1,0,REAGENT,answer_only,signed_sum,raw,eligible_body_tokens,0.2,329,63,66,0.19148936170212766,1.0,0.2006079027355623,0.2698412698412698,0.25757575757575757,0.2698412698412698,16.29768180847168,42,0.12698412698412698,0.2698412698412698,,,,,,,,,,,,
vt_h6_c1,1,REAGENT,answer_only,signed_sum,raw,eligible_body_tokens,0.2,335,69,67,0.20597014925373133,0.9710144927536232,0.2,0.30434782608695654,0.31343283582089554,0.31343283582089554,30.54944610595703,43,0.30434782608695654,0.4492753623188406,,,,,,,,,,,,
vt_h6_c1,2,REAGENT,answer_only,signed_sum,raw,eligible_body_tokens,0.2,330,64,66,0.19393939393939394,1.0,0.2,0.28125,0.2727272727272727,0.28125,31.575876235961914,43,0.140625,0.375,,,,,,,,,,,,
vt_h6_c1,3,REAGENT,answer_only,signed_sum,raw,eligible_body_tokens,0.2,335,69,67,0.20597014925373133,0.9710144927536232,0.2,0.43478260869565216,0.44776119402985076,0.44776119402985076,31.728361129760742,36,0.2898550724637681,0.43478260869565216,,,,,,,,,,,,
vt_h6_c1,4,REAGENT,answer_only,signed_sum,raw,eligible_body_tokens,0.2,330,64,66,0.19393939393939394,1.0,0.2,0.296875,0.2878787878787879,0.296875,22.84488868713379,43,0.140625,0.40625,,,,,,,,,,,,
vt_h6_c1,5,REAGENT,answer_only,signed_sum,raw,eligible_body_tokens,0.2,330,64,66,0.19393939393939394,1.0,0.2,0.140625,0.13636363636363635,0.140625,18.665283203125,42,0.140625,0.265625,,,,,,,,,,,,
vt_h6_c1,6,REAGENT,answer_only,signed_sum,raw,eligible_body_tokens,0.2,333,67,67,0.2012012012012012,1.0,0.2012012012012012,0.43283582089552236,0.43283582089552236,0.43283582089552236,27.55051040649414,37,0.26865671641791045,0.43283582089552236,,,,,,,,,,,,
vt_h6_c1,7,REAGENT,answer_only,signed_sum,raw,eligible_body_tokens,0.2,333,67,67,0.2012012012012012,1.0,0.2012012012012012,0.29850746268656714,0.29850746268656714,0.29850746268656714,18.11320686340332,42,0.16417910447761194,0.29850746268656714,,,,,,,,,,,,
vt_h6_c1,8,REAGENT,answer_only,signed_sum,raw,eligible_body_tokens,0.2,334,68,67,0.20359281437125748,0.9852941176470589,0.20059880239520958,0.39705882352941174,0.40298507462686567,0.40298507462686567,32.98618698120117,37,0.2647058823529412,0.39705882352941174,,,,,,,,,,,,
vt_h6_c1,9,REAGENT,answer_only,signed_sum,raw,eligible_body_tokens,0.2,334,68,67,0.20359281437125748,0.9852941176470589,0.20059880239520958,0.16176470588235295,0.16417910447761194,0.16417910447761194,29.431787490844727,42,0.16176470588235295,0.3088235294117647,,,,,,,,,,,,
vt_h6_c1,10,REAGENT,answer_only,signed_sum,raw,eligible_body_tokens,0.2,329,63,66,0.19148936170212766,1.0,0.2006079027355623,0.2857142857142857,0.2727272727272727,0.2857142857142857,35.13069534301758,43,0.14285714285714285,0.4126984126984127,,,,,,,,,,,,
vt_h6_c1,11,REAGENT,answer_only,signed_sum,raw,eligible_body_tokens,0.2,332,66,67,0.19879518072289157,1.0,0.20180722891566266,0.3939393939393939,0.3880597014925373,0.3939393939393939,39.095523834228516,38,0.25757575757575757,0.3939393939393939,,,,,,,,,,,,
vt_h6_c1,12,REAGENT,answer_only,signed_sum,raw,eligible_body_tokens,0.2,330,64,66,0.19393939393939394,1.0,0.2,0.265625,0.25757575757575757,0.265625,29.831979751586914,43,0.140625,0.390625,,,,,,,,,,,,
vt_h6_c1,13,REAGENT,answer_only,signed_sum,raw,eligible_body_tokens,0.2,334,68,67,0.20359281437125748,0.9852941176470589,0.20059880239520958,0.4117647058823529,0.417910447761194,0.417910447761194,31.737239837646484,43,0.2647058823529412,0.4117647058823529,,,,,,,,,,,,
vt_h6_c1,14,REAGENT,answer_only,signed_sum,raw,eligible_body_tokens,0.2,330,64,66,0.19393939393939394,1.0,0.2,0.28125,0.2727272727272727,0.28125,26.932039260864258,43,0.140625,0.375,,,,,,,,,,,,
vt_h6_c1,15,REAGENT,answer_only,signed_sum,raw,eligible_body_tokens,0.2,332,66,67,0.19879518072289157,1.0,0.20180722891566266,0.25757575757575757,0.2537313432835821,0.25757575757575757,42.07613754272461,44,0.13636363636363635,0.3939393939393939,,,,,,,,,,,,
vt_h6_c1,16,REAGENT,answer_only,signed_sum,raw,eligible_body_tokens,0.2,334,68,67,0.20359281437125748,0.9852941176470589,0.20059880239520958,0.39705882352941174,0.40298507462686567,0.40298507462686567,38.411094665527344,37,0.25,0.39705882352941174,,,,,,,,,,,,
vt_h6_c1,17,REAGENT,answer_only,signed_sum,raw,eligible_body_tokens,0.2,334,68,67,0.20359281437125748,0.9852941176470589,0.20059880239520958,0.1323529411764706,0.13432835820895522,0.13432835820895522,29.679180145263672,42,0.1323529411764706,0.27941176470588236,,,,,,,,,,,,
vt_h6_c1,18,REAGENT,answer_only,signed_sum,raw,eligible_body_tokens,0.2,330,64,66,0.19393939393939394,1.0,0.2,0.390625,0.3787878787878788,0.390625,29.921751022338867,39,0.25,0.390625,,,,,,,,,,,,
vt_h6_c1,19,REAGENT,answer_only,signed_sum,raw,eligible_body_tokens,0.2,335,69,67,0.20597014925373133,0.9710144927536232,0.2,0.2028985507246377,0.208955223880597,0.208955223880597,11.894898414611816,43,0.2028985507246377,0.34782608695652173,,,,,,,,,,,,
vt_h6_c1,20,REAGENT,answer_only,signed_sum,raw,eligible_body_tokens,0.2,332,66,67,0.19879518072289157,1.0,0.20180722891566266,0.42424242424242425,0.417910447761194,0.42424242424242425,40.697410583496094,38,0.2727272727272727,0.42424242424242425,,,,,,,,,,,,
vt_h6_c1,21,REAGENT,answer_only,signed_sum,raw,eligible_body_tokens,0.2,332,66,67,0.19879518072289157,1.0,0.20180722891566266,0.2727272727272727,0.26865671641791045,0.2727272727272727,27.76995277404785,43,0.13636363636363635,0.3333333333333333,,,,,,,,,,,,
vt_h6_c1,22,REAGENT,answer_only,signed_sum,raw,eligible_body_tokens,0.2,332,66,67,0.19879518072289157,1.0,0.20180722891566266,0.25757575757575757,0.2537313432835821,0.25757575757575757,31.001258850097656,42,0.25757575757575757,0.3939393939393939,,,,,,,,,,,,
vt_h6_c1,23,REAGENT,answer_only,signed_sum,raw,eligible_body_tokens,0.2,332,66,67,0.19879518072289157,1.0,0.20180722891566266,0.30303030303030304,0.29850746268656714,0.30303030303030304,30.359647750854492,43,0.16666666666666666,0.4393939393939394,,,,,,,,,,,,
vt_h6_c1,24,REAGENT,answer_only,signed_sum,raw,eligible_body_tokens,0.2,335,69,67,0.20597014925373133,0.9710144927536232,0.2,0.2898550724637681,0.29850746268656714,0.29850746268656714,27.601810455322266,43,0.21739130434782608,0.43478260869565216,,,,,,,,,,,,
vt_h6_c1,25,REAGENT,answer_only,signed_sum,raw,eligible_body_tokens,0.2,330,64,66,0.19393939393939394,1.0,0.2,0.28125,0.2727272727272727,0.28125,20.99777603149414,42,0.140625,0.296875,,,,,,,,,,,,
vt_h6_c1,26,REAGENT,answer_only,signed_sum,raw,eligible_body_tokens,0.2,334,68,67,0.20359281437125748,0.9852941176470589,0.20059880239520958,0.16176470588235295,0.16417910447761194,0.16417910447761194,17.055068969726562,43,0.1323529411764706,0.29411764705882354,,,,,,,,,,,,
vt_h6_c1,27,REAGENT,answer_only,signed_sum,raw,eligible_body_tokens,0.2,332,66,67,0.19879518072289157,1.0,0.20180722891566266,0.4696969696969697,0.4626865671641791,0.4696969696969697,27.72905158996582,38,0.3181818181818182,0.4696969696969697,,,,,,,,,,,,
vt_h6_c1,28,REAGENT,answer_only,signed_sum,raw,eligible_body_tokens,0.2,331,65,67,0.19637462235649547,1.0,0.20241691842900303,0.4461538461538462,0.43283582089552236,0.4461538461538462,38.952579498291016,43,0.2923076923076923,0.5384615384615384,,,,,,,,,,,,
vt_h6_c1,29,REAGENT,answer_only,signed_sum,raw,eligible_body_tokens,0.2,331,65,67,0.19637462235649547,1.0,0.20241691842900303,0.38461538461538464,0.373134328358209,0.38461538461538464,33.0783576965332,43,0.26153846153846155,0.5230769230769231,,,,,,,,,,,,
vt_h6_c1,30,REAGENT,answer_only,signed_sum,raw,eligible_body_tokens,0.2,330,64,66,0.19393939393939394,1.0,0.2,0.421875,0.4090909090909091,0.421875,48.90275573730469,43,0.28125,0.5625,,,,,,,,,,,,
vt_h6_c1,31,REAGENT,answer_only,signed_sum,raw,eligible_body_tokens,0.2,330,64,66,0.19393939393939394,1.0,0.2,0.171875,0.16666666666666666,0.171875,20.534564971923828,42,0.125,0.265625,,,,,,,,,,,,
vt_h6_c1,32,REAGENT,answer_only,signed_sum,raw,eligible_body_tokens,0.2,330,64,66,0.19393939393939394,1.0,0.2,0.28125,0.2727272727272727,0.28125,13.631102561950684,42,0.28125,0.421875,,,,,,,,,,,,
vt_h6_c1,33,REAGENT,answer_only,signed_sum,raw,eligible_body_tokens,0.2,330,64,66,0.19393939393939394,1.0,0.2,0.4375,0.42424242424242425,0.4375,23.9919490814209,39,0.296875,0.4375,,,,,,,,,,,,
vt_h6_c1,34,REAGENT,answer_only,signed_sum,raw,eligible_body_tokens,0.2,331,65,67,0.19637462235649547,1.0,0.20241691842900303,0.3076923076923077,0.29850746268656714,0.3076923076923077,25.694171905517578,42,0.2923076923076923,0.4153846153846154,,,,,,,,,,,,
vt_h6_c1,35,REAGENT,answer_only,signed_sum,raw,eligible_body_tokens,0.2,333,67,67,0.2012012012012012,1.0,0.2012012012012012,0.4626865671641791,0.4626865671641791,0.4626865671641791,26.628816604614258,37,0.29850746268656714,0.4626865671641791,,,,,,,,,,,,
vt_h6_c1,36,REAGENT,answer_only,signed_sum,raw,eligible_body_tokens,0.2,331,65,67,0.19637462235649547,1.0,0.20241691842900303,0.4,0.3880597014925373,0.4,16.918052673339844,42,0.26153846153846155,0.4153846153846154,,,,,,,,,,,,
vt_h6_c1,37,REAGENT,answer_only,signed_sum,raw,eligible_body_tokens,0.2,335,69,67,0.20597014925373133,0.9710144927536232,0.2,0.2898550724637681,0.29850746268656714,0.29850746268656714,18.697967529296875,42,0.14492753623188406,0.2898550724637681,,,,,,,,,,,,
vt_h6_c1,38,REAGENT,answer_only,signed_sum,raw,eligible_body_tokens,0.2,330,64,66,0.19393939393939394,1.0,0.2,0.375,0.36363636363636365,0.375,43.411460876464844,43,0.28125,0.5,,,,,,,,,,,,
vt_h6_c1,39,REAGENT,answer_only,signed_sum,raw,eligible_body_tokens,0.2,332,66,67,0.19879518072289157,1.0,0.20180722891566266,0.4090909090909091,0.40298507462686567,0.4090909090909091,36.76066207885742,44,0.2727272727272727,0.5454545454545454,,,,,,,,,,,,
vt_h6_c1,40,REAGENT,answer_only,signed_sum,raw,eligible_body_tokens,0.2,330,64,66,0.19393939393939394,1.0,0.2,0.390625,0.3787878787878788,0.390625,42.70504379272461,39,0.25,0.390625,,,,,,,,,,,,
vt_h6_c1,41,REAGENT,answer_only,signed_sum,raw,eligible_body_tokens,0.2,334,68,67,0.20359281437125748,0.9852941176470589,0.20059880239520958,0.1323529411764706,0.13432835820895522,0.13432835820895522,11.50244140625,41,0.1323529411764706,0.20588235294117646,,,,,,,,,,,,
vt_h6_c1,42,REAGENT,answer_only,signed_sum,raw,eligible_body_tokens,0.2,333,67,67,0.2012012012012012,1.0,0.2012012012012012,0.40298507462686567,0.40298507462686567,0.40298507462686567,37.51055145263672,43,0.2835820895522388,0.43283582089552236,,,,,,,,,,,,
vt_h6_c1,43,REAGENT,answer_only,signed_sum,raw,eligible_body_tokens,0.2,331,65,67,0.19637462235649547,1.0,0.20241691842900303,0.2923076923076923,0.2835820895522388,0.2923076923076923,13.646662712097168,42,0.15384615384615385,0.2923076923076923,,,,,,,,,,,,
vt_h6_c1,44,REAGENT,answer_only,signed_sum,raw,eligible_body_tokens,0.2,331,65,67,0.19637462235649547,1.0,0.20241691842900303,0.4,0.3880597014925373,0.4,46.7010612487793,43,0.26153846153846155,0.5076923076923077,,,,,,,,,,,,
vt_h6_c1,45,REAGENT,answer_only,signed_sum,raw,eligible_body_tokens,0.2,334,68,67,0.20359281437125748,0.9852941176470589,0.20059880239520958,0.16176470588235295,0.16417910447761194,0.16417910447761194,23.674449920654297,42,0.1323529411764706,0.25,,,,,,,,,,,,
vt_h6_c1,46,REAGENT,answer_only,signed_sum,raw,eligible_body_tokens,0.2,330,64,66,0.19393939393939394,1.0,0.2,0.15625,0.15151515151515152,0.15625,23.150766372680664,42,0.15625,0.28125,,,,,,,,,,,,
vt_h6_c1,47,REAGENT,answer_only,signed_sum,raw,eligible_body_tokens,0.2,332,66,67,0.19879518072289157,1.0,0.20180722891566266,0.30303030303030304,0.29850746268656714,0.30303030303030304,39.45771408081055,44,0.19696969696969696,0.42424242424242425,,,,,,,,,,,,
vt_h6_c1,48,REAGENT,answer_only,signed_sum,raw,eligible_body_tokens,0.2,329,63,66,0.19148936170212766,1.0,0.2006079027355623,0.42857142857142855,0.4090909090909091,0.42857142857142855,29.70155906677246,38,0.3333333333333333,0.5714285714285714,,,,,,,,,,,,
vt_h6_c1,49,REAGENT,answer_only,signed_sum,raw,eligible_body_tokens,0.2,328,62,66,0.18902439024390244,1.0,0.20121951219512196,0.27419354838709675,0.25757575757575757,0.27419354838709675,39.17619323730469,42,0.27419354838709675,0.41935483870967744,,,,,,,,,,,,
vt_h6_c1,50,REAGENT,answer_only,signed_sum,raw,eligible_body_tokens,0.2,332,66,67,0.19879518072289157,1.0,0.20180722891566266,0.13636363636363635,0.13432835820895522,0.13636363636363635,15.785951614379883,42,0.13636363636363635,0.2878787878787879,,,,,,,,,,,,
vt_h6_c1,51,REAGENT,answer_only,signed_sum,raw,eligible_body_tokens,0.2,334,68,67,0.20359281437125748,0.9852941176470589,0.20059880239520958,0.4264705882352941,0.43283582089552236,0.43283582089552236,43.56611251831055,43,0.29411764705882354,0.5588235294117647,,,,,,,,,,,,
vt_h6_c1,52,REAGENT,answer_only,signed_sum,raw,eligible_body_tokens,0.2,333,67,67,0.2012012012012012,1.0,0.2012012012012012,0.31343283582089554,0.31343283582089554,0.31343283582089554,25.808069229125977,43,0.16417910447761194,0.31343283582089554,,,,,,,,,,,,
vt_h6_c1,53,REAGENT,answer_only,signed_sum,raw,eligible_body_tokens,0.2,338,72,68,0.21301775147928995,0.9444444444444444,0.20118343195266272,0.4444444444444444,0.47058823529411764,0.47058823529411764,24.30186653137207,36,0.3055555555555556,0.4444444444444444,,,,,,,,,,,,
vt_h6_c1,54,REAGENT,answer_only,signed_sum,raw,eligible_body_tokens,0.2,332,66,67,0.19879518072289157,1.0,0.20180722891566266,0.4393939393939394,0.43283582089552236,0.4393939393939394,29.399076461791992,42,0.2878787878787879,0.4393939393939394,,,,,,,,,,,,
vt_h6_c1,55,REAGENT,answer_only,signed_sum,raw,eligible_body_tokens,0.2,335,69,67,0.20597014925373133,0.9710144927536232,0.2,0.391304347826087,0.40298507462686567,0.40298507462686567,39.1862907409668,43,0.2318840579710145,0.391304347826087,,,,,,,,,,,,
vt_h6_c1,56,REAGENT,answer_only,signed_sum,raw,eligible_body_tokens,0.2,332,66,67,0.19879518072289157,1.0,0.20180722891566266,0.4090909090909091,0.40298507462686567,0.4090909090909091,15.512655258178711,42,0.2727272727272727,0.4090909090909091,,,,,,,,,,,,
vt_h6_c1,57,REAGENT,answer_only,signed_sum,raw,eligible_body_tokens,0.2,330,64,66,0.19393939393939394,1.0,0.2,0.40625,0.3939393939393939,0.40625,28.625001907348633,44,0.28125,0.546875,,,,,,,,,,,,
vt_h6_c1,58,REAGENT,answer_only,signed_sum,raw,eligible_body_tokens,0.2,330,64,66,0.19393939393939394,1.0,0.2,0.421875,0.4090909090909091,0.421875,45.40008544921875,43,0.28125,0.5625,,,,,,,,,,,,
vt_h6_c1,59,REAGENT,answer_only,signed_sum,raw,eligible_body_tokens,0.2,330,64,66,0.19393939393939394,1.0,0.2,0.28125,0.2727272727272727,0.28125,31.47357940673828,42,0.28125,0.421875,,,,,,,,,,,,
vt_h6_c1,60,REAGENT,answer_only,signed_sum,raw,eligible_body_tokens,0.2,328,62,66,0.18902439024390244,1.0,0.20121951219512196,0.14516129032258066,0.13636363636363635,0.14516129032258066,23.044750213623047,42,0.14516129032258066,0.25806451612903225,,,,,,,,,,,,
vt_h6_c1,61,REAGENT,answer_only,signed_sum,raw,eligible_body_tokens,0.2,330,64,66,0.19393939393939394,1.0,0.2,0.40625,0.3939393939393939,0.40625,29.353879928588867,42,0.265625,0.40625,,,,,,,,,,,,
vt_h6_c1,62,REAGENT,answer_only,signed_sum,raw,eligible_body_tokens,0.2,332,66,67,0.19879518072289157,1.0,0.20180722891566266,0.4393939393939394,0.43283582089552236,0.4393939393939394,46.97523880004883,43,0.30303030303030304,0.5757575757575758,,,,,,,,,,,,
vt_h6_c1,63,REAGENT,answer_only,signed_sum,raw,eligible_body_tokens,0.2,336,70,68,0.20833333333333334,0.9714285714285714,0.20238095238095238,0.34285714285714286,0.35294117647058826,0.35294117647058826,22.132932662963867,43,0.2,0.34285714285714286,,,,,,,,,,,,
vt_h6_c1,64,REAGENT,answer_only,signed_sum,raw,eligible_body_tokens,0.2,332,66,67,0.19879518072289157,1.0,0.20180722891566266,0.2878787878787879,0.2835820895522388,0.2878787878787879,27.70426368713379,42,0.2878787878787879,0.4393939393939394,,,,,,,,,,,,
vt_h6_c1,65,REAGENT,answer_only,signed_sum,raw,eligible_body_tokens,0.2,333,67,67,0.2012012012012012,1.0,0.2012012012012012,0.14925373134328357,0.14925373134328357,0.14925373134328357,26.471141815185547,42,0.13432835820895522,0.26865671641791045,,,,,,,,,,,,
vt_h6_c1,66,REAGENT,answer_only,signed_sum,raw,eligible_body_tokens,0.2,330,64,66,0.19393939393939394,1.0,0.2,0.421875,0.4090909090909091,0.421875,43.99382019042969,39,0.28125,0.421875,,,,,,,,,,,,
vt_h6_c1,67,REAGENT,answer_only,signed_sum,raw,eligible_body_tokens,0.2,335,69,67,0.20597014925373133,0.9710144927536232,0.2,0.3333333333333333,0.34328358208955223,0.34328358208955223,21.34930419921875,42,0.18840579710144928,0.3333333333333333,,,,,,,,,,,,
vt_h6_c1,68,REAGENT,answer_only,signed_sum,raw,eligible_body_tokens,0.2,328,62,66,0.18902439024390244,1.0,0.20121951219512196,0.25806451612903225,0.24242424242424243,0.25806451612903225,27.303041458129883,37,0.11290322580645161,0.25806451612903225,,,,,,,,,,,,
vt_h6_c1,69,REAGENT,answer_only,signed_sum,raw,eligible_body_tokens,0.2,330,64,66,0.19393939393939394,1.0,0.2,0.375,0.36363636363636365,0.375,18.01249885559082,38,0.25,0.375,,,,,,,,,,,,
vt_h6_c1,70,REAGENT,answer_only,signed_sum,raw,eligible_body_tokens,0.2,336,70,68,0.20833333333333334,0.9714285714285714,0.20238095238095238,0.2857142857142857,0.29411764705882354,0.29411764705882354,22.32728385925293,42,0.12857142857142856,0.2857142857142857,,,,,,,,,,,,
vt_h6_c1,71,REAGENT,answer_only,signed_sum,raw,eligible_body_tokens,0.2,331,65,67,0.19637462235649547,1.0,0.20241691842900303,0.2,0.19402985074626866,0.2,17.018503189086914,42,0.15384615384615385,0.2923076923076923,,,,,,,,,,,,
vt_h6_c1,72,REAGENT,answer_only,signed_sum,raw,eligible_body_tokens,0.2,330,64,66,0.19393939393939394,1.0,0.2,0.28125,0.2727272727272727,0.28125,29.146238327026367,42,0.28125,0.421875,,,,,,,,,,,,
vt_h6_c1,73,REAGENT,answer_only,signed_sum,raw,eligible_body_tokens,0.2,332,66,67,0.19879518072289157,1.0,0.20180722891566266,0.4090909090909091,0.40298507462686567,0.4090909090909091,32.55693054199219,38,0.2727272727272727,0.4090909090909091,,,,,,,,,,,,
vt_h6_c1,74,REAGENT,answer_only,signed_sum,raw,eligible_body_tokens,0.2,330,64,66,0.19393939393939394,1.0,0.2,0.296875,0.2878787878787879,0.296875,34.021785736083984,42,0.296875,0.4375,,,,,,,,,,,,
vt_h6_c1,75,REAGENT,answer_only,signed_sum,raw,eligible_body_tokens,0.2,328,62,66,0.18902439024390244,1.0,0.20121951219512196,0.4032258064516129,0.3787878787878788,0.4032258064516129,48.25929260253906,37,0.25806451612903225,0.4032258064516129,,,,,,,,,,,,
vt_h6_c1,76,REAGENT,answer_only,signed_sum,raw,eligible_body_tokens,0.2,328,62,66,0.18902439024390244,1.0,0.20121951219512196,0.27419354838709675,0.25757575757575757,0.27419354838709675,13.750692367553711,42,0.12903225806451613,0.27419354838709675,,,,,,,,,,,,
vt_h6_c1,77,REAGENT,answer_only,signed_sum,raw,eligible_body_tokens,0.2,332,66,67,0.19879518072289157,1.0,0.20180722891566266,0.2878787878787879,0.2835820895522388,0.2878787878787879,38.16987228393555,43,0.15151515151515152,0.36363636363636365,,,,,,,,,,,,
vt_h6_c1,78,REAGENT,answer_only,signed_sum,raw,eligible_body_tokens,0.2,334,68,67,0.20359281437125748,0.9852941176470589,0.20059880239520958,0.29411764705882354,0.29850746268656714,0.29850746268656714,43.72751998901367,42,0.29411764705882354,0.4264705882352941,,,,,,,,,,,,
vt_h6_c1,79,REAGENT,answer_only,signed_sum,raw,eligible_body_tokens,0.2,332,66,67,0.19879518072289157,1.0,0.20180722891566266,0.42424242424242425,0.417910447761194,0.42424242424242425,49.633460998535156,44,0.2727272727272727,0.5757575757575758,,,,,,,,,,,,
vt_h6_c1,80,REAGENT,answer_only,signed_sum,raw,eligible_body_tokens,0.2,332,66,67,0.19879518072289157,1.0,0.20180722891566266,0.42424242424242425,0.417910447761194,0.42424242424242425,45.00379180908203,43,0.2878787878787879,0.5303030303030303,,,,,,,,,,,,
vt_h6_c1,81,REAGENT,answer_only,signed_sum,raw,eligible_body_tokens,0.2,332,66,67,0.19879518072289157,1.0,0.20180722891566266,0.4090909090909091,0.40298507462686567,0.4090909090909091,34.29904556274414,42,0.25757575757575757,0.4090909090909091,,,,,,,,,,,,
vt_h6_c1,82,REAGENT,answer_only,signed_sum,raw,eligible_body_tokens,0.2,331,65,67,0.19637462235649547,1.0,0.20241691842900303,0.4153846153846154,0.40298507462686567,0.4153846153846154,32.22030258178711,38,0.26153846153846155,0.4153846153846154,,,,,,,,,,,,
vt_h6_c1,83,REAGENT,answer_only,signed_sum,raw,eligible_body_tokens,0.2,328,62,66,0.18902439024390244,1.0,0.20121951219512196,0.27419354838709675,0.25757575757575757,0.27419354838709675,22.89478874206543,42,0.1774193548387097,0.3870967741935484,,,,,,,,,,,,
vt_h6_c1,84,REAGENT,answer_only,signed_sum,raw,eligible_body_tokens,0.2,328,62,66,0.18902439024390244,1.0,0.20121951219512196,0.3870967741935484,0.36363636363636365,0.3870967741935484,37.47283935546875,42,0.25806451612903225,0.3870967741935484,,,,,,,,,,,,
vt_h6_c1,85,REAGENT,answer_only,signed_sum,raw,eligible_body_tokens,0.2,332,66,67,0.19879518072289157,1.0,0.20180722891566266,0.2727272727272727,0.26865671641791045,0.2727272727272727,26.199085235595703,43,0.16666666666666666,0.3787878787878788,,,,,,,,,,,,
vt_h6_c1,86,REAGENT,answer_only,signed_sum,raw,eligible_body_tokens,0.2,334,68,67,0.20359281437125748,0.9852941176470589,0.20059880239520958,0.4117647058823529,0.417910447761194,0.417910447761194,32.04663848876953,37,0.27941176470588236,0.4117647058823529,,,,,,,,,,,,
vt_h6_c1,87,REAGENT,answer_only,signed_sum,raw,eligible_body_tokens,0.2,332,66,67,0.19879518072289157,1.0,0.20180722891566266,0.25757575757575757,0.2537313432835821,0.25757575757575757,46.25395202636719,42,0.25757575757575757,0.36363636363636365,,,,,,,,,,,,
vt_h6_c1,88,REAGENT,answer_only,signed_sum,raw,eligible_body_tokens,0.2,330,64,66,0.19393939393939394,1.0,0.2,0.421875,0.4090909090909091,0.421875,47.90732955932617,43,0.265625,0.578125,,,,,,,,,,,,
vt_h6_c1,89,REAGENT,answer_only,signed_sum,raw,eligible_body_tokens,0.2,332,66,67,0.19879518072289157,1.0,0.20180722891566266,0.2727272727272727,0.26865671641791045,0.2727272727272727,38.30241012573242,42,0.2727272727272727,0.4090909090909091,,,,,,,,,,,,
vt_h6_c1,90,REAGENT,answer_only,signed_sum,raw,eligible_body_tokens,0.2,332,66,67,0.19879518072289157,1.0,0.20180722891566266,0.4090909090909091,0.40298507462686567,0.4090909090909091,42.756778717041016,43,0.2727272727272727,0.5454545454545454,,,,,,,,,,,,
vt_h6_c1,91,REAGENT,answer_only,signed_sum,raw,eligible_body_tokens,0.2,327,61,66,0.18654434250764526,1.0,0.2018348623853211,0.2786885245901639,0.25757575757575757,0.2786885245901639,42.195228576660156,41,0.2786885245901639,0.4098360655737705,,,,,,,,,,,,
vt_h6_c1,92,REAGENT,answer_only,signed_sum,raw,eligible_body_tokens,0.2,330,64,66,0.19393939393939394,1.0,0.2,0.359375,0.3484848484848485,0.359375,27.470258712768555,42,0.234375,0.359375,,,,,,,,,,,,
vt_h6_c1,93,REAGENT,answer_only,signed_sum,raw,eligible_body_tokens,0.2,335,69,67,0.20597014925373133,0.9710144927536232,0.2,0.17391304347826086,0.1791044776119403,0.1791044776119403,16.10146713256836,43,0.14492753623188406,0.2898550724637681,,,,,,,,,,,,
vt_h6_c1,94,REAGENT,answer_only,signed_sum,raw,eligible_body_tokens,0.2,330,64,66,0.19393939393939394,1.0,0.2,0.4375,0.42424242424242425,0.4375,33.8952522277832,42,0.3125,0.4375,,,,,,,,,,,,
vt_h6_c1,95,REAGENT,answer_only,signed_sum,raw,eligible_body_tokens,0.2,334,68,67,0.20359281437125748,0.9852941176470589,0.20059880239520958,0.4264705882352941,0.43283582089552236,0.43283582089552236,33.512451171875,42,0.29411764705882354,0.4264705882352941,,,,,,,,,,,,
vt_h6_c1,96,REAGENT,answer_only,signed_sum,raw,eligible_body_tokens,0.2,332,66,67,0.19879518072289157,1.0,0.20180722891566266,0.13636363636363635,0.13432835820895522,0.13636363636363635,31.17279815673828,42,0.13636363636363635,0.2727272727272727,,,,,,,,,,,,
vt_h6_c1,97,REAGENT,answer_only,signed_sum,raw,eligible_body_tokens,0.2,332,66,67,0.19879518072289157,1.0,0.20180722891566266,0.2727272727272727,0.26865671641791045,0.2727272727272727,27.387680053710938,43,0.16666666666666666,0.3787878787878788,,,,,,,,,,,,
vt_h6_c1,98,REAGENT,answer_only,signed_sum,raw,eligible_body_tokens,0.2,335,69,67,0.20597014925373133,0.9710144927536232,0.2,0.42028985507246375,0.43283582089552236,0.43283582089552236,32.822059631347656,43,0.2753623188405797,0.42028985507246375,,,,,,,,,,,,
vt_h6_c1,99,REAGENT,answer_only,signed_sum,raw,eligible_body_tokens,0.2,332,66,67,0.19879518072289157,1.0,0.20180722891566266,0.19696969696969696,0.19402985074626866,0.19696969696969696,41.87923812866211,43,0.07575757575757576,0.3484848484848485,,,,,,,,,,,,
vt_h6_c1,0,CLP,answer_only,signed_sum,raw,eligible_body_tokens,0.2,329,63,66,0.19148936170212766,1.0,0.2006079027355623,0.36507936507936506,0.3484848484848485,0.36507936507936506,37420068.0,42,0.2222222222222222,0.36507936507936506,,,,,,,,,,,,
vt_h6_c1,1,CLP,answer_only,signed_sum,raw,eligible_body_tokens,0.2,335,69,67,0.20597014925373133,0.9710144927536232,0.2,0.30434782608695654,0.31343283582089554,0.31343283582089554,46166632.0,42,0.30434782608695654,0.43478260869565216,,,,,,,,,,,,
vt_h6_c1,2,CLP,answer_only,signed_sum,raw,eligible_body_tokens,0.2,330,64,66,0.19393939393939394,1.0,0.2,0.375,0.36363636363636365,0.375,28448392.0,43,0.234375,0.375,,,,,,,,,,,,
vt_h6_c1,3,CLP,answer_only,signed_sum,raw,eligible_body_tokens,0.2,335,69,67,0.20597014925373133,0.9710144927536232,0.2,0.42028985507246375,0.43283582089552236,0.43283582089552236,71149552.0,44,0.2753623188405797,0.5652173913043478,,,,,,,,,,,,
vt_h6_c1,4,CLP,answer_only,signed_sum,raw,eligible_body_tokens,0.2,330,64,66,0.19393939393939394,1.0,0.2,0.328125,0.3181818181818182,0.328125,37499404.0,43,0.265625,0.453125,,,,,,,,,,,,
vt_h6_c1,5,CLP,answer_only,signed_sum,raw,eligible_body_tokens,0.2,330,64,66,0.19393939393939394,1.0,0.2,0.203125,0.19696969696969696,0.203125,39276408.0,43,0.125,0.28125,,,,,,,,,,,,
vt_h6_c1,6,CLP,answer_only,signed_sum,raw,eligible_body_tokens,0.2,333,67,67,0.2012012012012012,1.0,0.2012012012012012,0.3880597014925373,0.3880597014925373,0.3880597014925373,54579696.0,42,0.2537313432835821,0.3880597014925373,,,,,,,,,,,,
vt_h6_c1,7,CLP,answer_only,signed_sum,raw,eligible_body_tokens,0.2,333,67,67,0.2012012012012012,1.0,0.2012012012012012,0.14925373134328357,0.14925373134328357,0.14925373134328357,41964728.0,42,0.14925373134328357,0.29850746268656714,,,,,,,,,,,,
vt_h6_c1,8,CLP,answer_only,signed_sum,raw,eligible_body_tokens,0.2,334,68,67,0.20359281437125748,0.9852941176470589,0.20059880239520958,0.3382352941176471,0.34328358208955223,0.34328358208955223,40732492.0,41,0.2647058823529412,0.3382352941176471,,,,,,,,,,,,
vt_h6_c1,9,CLP,answer_only,signed_sum,raw,eligible_body_tokens,0.2,334,68,67,0.20359281437125748,0.9852941176470589,0.20059880239520958,0.22058823529411764,0.22388059701492538,0.22388059701492538,45674188.0,42,0.16176470588235295,0.3235294117647059,,,,,,,,,,,,
vt_h6_c1,10,CLP,answer_only,signed_sum,raw,eligible_body_tokens,0.2,329,63,66,0.19148936170212766,1.0,0.2006079027355623,0.36507936507936506,0.3484848484848485,0.36507936507936506,42277312.0,42,0.2698412698412698,0.4126984126984127,,,,,,,,,,,,
vt_h6_c1,11,CLP,answer_only,signed_sum,raw,eligible_body_tokens,0.2,332,66,67,0.19879518072289157,1.0,0.20180722891566266,0.3333333333333333,0.3283582089552239,0.3333333333333333,46540736.0,42,0.25757575757575757,0.42424242424242425,,,,,,,,,,,,
vt_h6_c1,12,CLP,answer_only,signed_sum,raw,eligible_body_tokens,0.2,330,64,66,0.19393939393939394,1.0,0.2,0.375,0.36363636363636365,0.375,47566496.0,42,0.25,0.40625,,,,,,,,,,,,
vt_h6_c1,13,CLP,answer_only,signed_sum,raw,eligible_body_tokens,0.2,334,68,67,0.20359281437125748,0.9852941176470589,0.20059880239520958,0.4117647058823529,0.417910447761194,0.417910447761194,41600284.0,43,0.2647058823529412,0.4117647058823529,,,,,,,,,,,,
vt_h6_c1,14,CLP,answer_only,signed_sum,raw,eligible_body_tokens,0.2,330,64,66,0.19393939393939394,1.0,0.2,0.328125,0.3181818181818182,0.328125,40722812.0,43,0.1875,0.421875,,,,,,,,,,,,
vt_h6_c1,15,CLP,answer_only,signed_sum,raw,eligible_body_tokens,0.2,332,66,67,0.19879518072289157,1.0,0.20180722891566266,0.3787878787878788,0.373134328358209,0.3787878787878788,77723016.0,44,0.25757575757575757,0.5151515151515151,,,,,,,,,,,,
vt_h6_c1,16,CLP,answer_only,signed_sum,raw,eligible_body_tokens,0.2,334,68,67,0.20359281437125748,0.9852941176470589,0.20059880239520958,0.38235294117647056,0.3880597014925373,0.3880597014925373,49789032.0,42,0.25,0.38235294117647056,,,,,,,,,,,,
vt_h6_c1,17,CLP,answer_only,signed_sum,raw,eligible_body_tokens,0.2,334,68,67,0.20359281437125748,0.9852941176470589,0.20059880239520958,0.20588235294117646,0.208955223880597,0.208955223880597,45979724.0,43,0.14705882352941177,0.29411764705882354,,,,,,,,,,,,
vt_h6_c1,18,CLP,answer_only,signed_sum,raw,eligible_body_tokens,0.2,330,64,66,0.19393939393939394,1.0,0.2,0.25,0.24242424242424243,0.25,45114800.0,42,0.25,0.390625,,,,,,,,,,,,
vt_h6_c1,19,CLP,answer_only,signed_sum,raw,eligible_body_tokens,0.2,335,69,67,0.20597014925373133,0.9710144927536232,0.2,0.34782608695652173,0.3582089552238806,0.3582089552238806,40365520.0,36,0.2028985507246377,0.34782608695652173,,,,,,,,,,,,
vt_h6_c1,20,CLP,answer_only,signed_sum,raw,eligible_body_tokens,0.2,332,66,67,0.19879518072289157,1.0,0.20180722891566266,0.2727272727272727,0.26865671641791045,0.2727272727272727,41102628.0,42,0.2727272727272727,0.3787878787878788,,,,,,,,,,,,
vt_h6_c1,21,CLP,answer_only,signed_sum,raw,eligible_body_tokens,0.2,332,66,67,0.19879518072289157,1.0,0.20180722891566266,0.25757575757575757,0.2537313432835821,0.25757575757575757,43794304.0,43,0.12121212121212122,0.3181818181818182,,,,,,,,,,,,
vt_h6_c1,22,CLP,answer_only,signed_sum,raw,eligible_body_tokens,0.2,332,66,67,0.19879518072289157,1.0,0.20180722891566266,0.3333333333333333,0.3283582089552239,0.3333333333333333,46338876.0,42,0.25757575757575757,0.42424242424242425,,,,,,,,,,,,
vt_h6_c1,23,CLP,answer_only,signed_sum,raw,eligible_body_tokens,0.2,332,66,67,0.19879518072289157,1.0,0.20180722891566266,0.4393939393939394,0.43283582089552236,0.4393939393939394,45352296.0,42,0.30303030303030304,0.4393939393939394,,,,,,,,,,,,
vt_h6_c1,24,CLP,answer_only,signed_sum,raw,eligible_body_tokens,0.2,335,69,67,0.20597014925373133,0.9710144927536232,0.2,0.34782608695652173,0.3582089552238806,0.3582089552238806,50216592.0,43,0.21739130434782608,0.4057971014492754,,,,,,,,,,,,
vt_h6_c1,25,CLP,answer_only,signed_sum,raw,eligible_body_tokens,0.2,330,64,66,0.19393939393939394,1.0,0.2,0.28125,0.2727272727272727,0.28125,29835354.0,42,0.140625,0.296875,,,,,,,,,,,,
vt_h6_c1,26,CLP,answer_only,signed_sum,raw,eligible_body_tokens,0.2,334,68,67,0.20359281437125748,0.9852941176470589,0.20059880239520958,0.27941176470588236,0.2835820895522388,0.2835820895522388,50678268.0,42,0.20588235294117646,0.27941176470588236,,,,,,,,,,,,
vt_h6_c1,27,CLP,answer_only,signed_sum,raw,eligible_body_tokens,0.2,332,66,67,0.19879518072289157,1.0,0.20180722891566266,0.4393939393939394,0.43283582089552236,0.4393939393939394,37220908.0,42,0.3181818181818182,0.45454545454545453,,,,,,,,,,,,
vt_h6_c1,28,CLP,answer_only,signed_sum,raw,eligible_body_tokens,0.2,331,65,67,0.19637462235649547,1.0,0.20241691842900303,0.4461538461538462,0.43283582089552236,0.4461538461538462,50746316.0,43,0.2923076923076923,0.5384615384615384,,,,,,,,,,,,
vt_h6_c1,29,CLP,answer_only,signed_sum,raw,eligible_body_tokens,0.2,331,65,67,0.19637462235649547,1.0,0.20241691842900303,0.36923076923076925,0.3582089552238806,0.36923076923076925,64987696.0,44,0.26153846153846155,0.5230769230769231,,,,,,,,,,,,
vt_h6_c1,30,CLP,answer_only,signed_sum,raw,eligible_body_tokens,0.2,330,64,66,0.19393939393939394,1.0,0.2,0.421875,0.4090909090909091,0.421875,74219048.0,44,0.28125,0.5625,,,,,,,,,,,,
vt_h6_c1,31,CLP,answer_only,signed_sum,raw,eligible_body_tokens,0.2,330,64,66,0.19393939393939394,1.0,0.2,0.1875,0.18181818181818182,0.1875,41519568.0,43,0.109375,0.296875,,,,,,,,,,,,
vt_h6_c1,32,CLP,answer_only,signed_sum,raw,eligible_body_tokens,0.2,330,64,66,0.19393939393939394,1.0,0.2,0.4375,0.42424242424242425,0.4375,43646692.0,39,0.28125,0.4375,,,,,,,,,,,,
vt_h6_c1,33,CLP,answer_only,signed_sum,raw,eligible_body_tokens,0.2,330,64,66,0.19393939393939394,1.0,0.2,0.4375,0.42424242424242425,0.4375,40936756.0,42,0.296875,0.4375,,,,,,,,,,,,
vt_h6_c1,34,CLP,answer_only,signed_sum,raw,eligible_body_tokens,0.2,331,65,67,0.19637462235649547,1.0,0.20241691842900303,0.4461538461538462,0.43283582089552236,0.4461538461538462,36499164.0,42,0.2923076923076923,0.4461538461538462,,,,,,,,,,,,
vt_h6_c1,35,CLP,answer_only,signed_sum,raw,eligible_body_tokens,0.2,333,67,67,0.2012012012012012,1.0,0.2012012012012012,0.29850746268656714,0.29850746268656714,0.29850746268656714,48666920.0,42,0.29850746268656714,0.40298507462686567,,,,,,,,,,,,
vt_h6_c1,36,CLP,answer_only,signed_sum,raw,eligible_body_tokens,0.2,331,65,67,0.19637462235649547,1.0,0.20241691842900303,0.36923076923076925,0.3582089552238806,0.36923076923076925,35260144.0,42,0.26153846153846155,0.36923076923076925,,,,,,,,,,,,
vt_h6_c1,37,CLP,answer_only,signed_sum,raw,eligible_body_tokens,0.2,335,69,67,0.20597014925373133,0.9710144927536232,0.2,0.2318840579710145,0.23880597014925373,0.23880597014925373,45086852.0,42,0.14492753623188406,0.2898550724637681,,,,,,,,,,,,
vt_h6_c1,38,CLP,answer_only,signed_sum,raw,eligible_body_tokens,0.2,330,64,66,0.19393939393939394,1.0,0.2,0.375,0.36363636363636365,0.375,63651716.0,43,0.28125,0.5,,,,,,,,,,,,
vt_h6_c1,39,CLP,answer_only,signed_sum,raw,eligible_body_tokens,0.2,332,66,67,0.19879518072289157,1.0,0.20180722891566266,0.4090909090909091,0.40298507462686567,0.4090909090909091,45783860.0,44,0.2727272727272727,0.5454545454545454,,,,,,,,,,,,
vt_h6_c1,40,CLP,answer_only,signed_sum,raw,eligible_body_tokens,0.2,330,64,66,0.19393939393939394,1.0,0.2,0.3125,0.30303030303030304,0.3125,39928540.0,39,0.25,0.40625,,,,,,,,,,,,
vt_h6_c1,41,CLP,answer_only,signed_sum,raw,eligible_body_tokens,0.2,334,68,67,0.20359281437125748,0.9852941176470589,0.20059880239520958,0.22058823529411764,0.22388059701492538,0.22388059701492538,37033256.0,42,0.22058823529411764,0.36764705882352944,,,,,,,,,,,,
vt_h6_c1,42,CLP,answer_only,signed_sum,raw,eligible_body_tokens,0.2,333,67,67,0.2012012012012012,1.0,0.2012012012012012,0.417910447761194,0.417910447761194,0.417910447761194,65051728.0,43,0.2835820895522388,0.5522388059701493,,,,,,,,,,,,
vt_h6_c1,43,CLP,answer_only,signed_sum,raw,eligible_body_tokens,0.2,331,65,67,0.19637462235649547,1.0,0.20241691842900303,0.35384615384615387,0.34328358208955223,0.35384615384615387,46621196.0,42,0.2153846153846154,0.35384615384615387,,,,,,,,,,,,
vt_h6_c1,44,CLP,answer_only,signed_sum,raw,eligible_body_tokens,0.2,331,65,67,0.19637462235649547,1.0,0.20241691842900303,0.4,0.3880597014925373,0.4,65486216.0,43,0.26153846153846155,0.5076923076923077,,,,,,,,,,,,
vt_h6_c1,45,CLP,answer_only,signed_sum,raw,eligible_body_tokens,0.2,334,68,67,0.20359281437125748,0.9852941176470589,0.20059880239520958,0.14705882352941177,0.14925373134328357,0.14925373134328357,46945276.0,42,0.14705882352941177,0.27941176470588236,,,,,,,,,,,,
vt_h6_c1,46,CLP,answer_only,signed_sum,raw,eligible_body_tokens,0.2,330,64,66,0.19393939393939394,1.0,0.2,0.125,0.12121212121212122,0.125,35544080.0,42,0.125,0.21875,,,,,,,,,,,,
vt_h6_c1,47,CLP,answer_only,signed_sum,raw,eligible_body_tokens,0.2,332,66,67,0.19879518072289157,1.0,0.20180722891566266,0.3787878787878788,0.373134328358209,0.3787878787878788,70186000.0,44,0.2727272727272727,0.5454545454545454,,,,,,,,,,,,
vt_h6_c1,48,CLP,answer_only,signed_sum,raw,eligible_body_tokens,0.2,329,63,66,0.19148936170212766,1.0,0.2006079027355623,0.4444444444444444,0.42424242424242425,0.4444444444444444,50282960.0,43,0.3333333333333333,0.5714285714285714,,,,,,,,,,,,
vt_h6_c1,49,CLP,answer_only,signed_sum,raw,eligible_body_tokens,0.2,328,62,66,0.18902439024390244,1.0,0.20121951219512196,0.41935483870967744,0.3939393939393939,0.41935483870967744,48856720.0,39,0.27419354838709675,0.41935483870967744,,,,,,,,,,,,
vt_h6_c1,50,CLP,answer_only,signed_sum,raw,eligible_body_tokens,0.2,332,66,67,0.19879518072289157,1.0,0.20180722891566266,0.25757575757575757,0.2537313432835821,0.25757575757575757,35731044.0,42,0.15151515151515152,0.2878787878787879,,,,,,,,,,,,
vt_h6_c1,51,CLP,answer_only,signed_sum,raw,eligible_body_tokens,0.2,334,68,67,0.20359281437125748,0.9852941176470589,0.20059880239520958,0.4264705882352941,0.43283582089552236,0.43283582089552236,76927208.0,44,0.2647058823529412,0.5588235294117647,,,,,,,,,,,,
vt_h6_c1,52,CLP,answer_only,signed_sum,raw,eligible_body_tokens,0.2,333,67,67,0.2012012012012012,1.0,0.2012012012012012,0.29850746268656714,0.29850746268656714,0.29850746268656714,43056056.0,42,0.16417910447761194,0.29850746268656714,,,,,,,,,,,,
vt_h6_c1,53,CLP,answer_only,signed_sum,raw,eligible_body_tokens,0.2,338,72,68,0.21301775147928995,0.9444444444444444,0.20118343195266272,0.4444444444444444,0.47058823529411764,0.47058823529411764,27931066.0,36,0.3055555555555556,0.4444444444444444,,,,,,,,,,,,
vt_h6_c1,54,CLP,answer_only,signed_sum,raw,eligible_body_tokens,0.2,332,66,67,0.19879518072289157,1.0,0.20180722891566266,0.36363636363636365,0.3582089552238806,0.36363636363636365,45964680.0,42,0.2878787878787879,0.42424242424242425,,,,,,,,,,,,
vt_h6_c1,55,CLP,answer_only,signed_sum,raw,eligible_body_tokens,0.2,335,69,67,0.20597014925373133,0.9710144927536232,0.2,0.42028985507246375,0.43283582089552236,0.43283582089552236,49506768.0,43,0.2898550724637681,0.4782608695652174,,,,,,,,,,,,
vt_h6_c1,56,CLP,answer_only,signed_sum,raw,eligible_body_tokens,0.2,332,66,67,0.19879518072289157,1.0,0.20180722891566266,0.30303030303030304,0.29850746268656714,0.30303030303030304,40193536.0,42,0.2727272727272727,0.4090909090909091,,,,,,,,,,,,
vt_h6_c1,57,CLP,answer_only,signed_sum,raw,eligible_body_tokens,0.2,330,64,66,0.19393939393939394,1.0,0.2,0.40625,0.3939393939393939,0.40625,62776728.0,44,0.265625,0.546875,,,,,,,,,,,,
vt_h6_c1,58,CLP,answer_only,signed_sum,raw,eligible_body_tokens,0.2,330,64,66,0.19393939393939394,1.0,0.2,0.421875,0.4090909090909091,0.421875,60917728.0,43,0.28125,0.5625,,,,,,,,,,,,
vt_h6_c1,59,CLP,answer_only,signed_sum,raw,eligible_body_tokens,0.2,330,64,66,0.19393939393939394,1.0,0.2,0.28125,0.2727272727272727,0.28125,39161860.0,42,0.28125,0.421875,,,,,,,,,,,,
vt_h6_c1,60,CLP,answer_only,signed_sum,raw,eligible_body_tokens,0.2,328,62,66,0.18902439024390244,1.0,0.20121951219512196,0.1935483870967742,0.18181818181818182,0.1935483870967742,43769300.0,42,0.11290322580645161,0.27419354838709675,,,,,,,,,,,,
vt_h6_c1,61,CLP,answer_only,signed_sum,raw,eligible_body_tokens,0.2,330,64,66,0.19393939393939394,1.0,0.2,0.265625,0.25757575757575757,0.265625,39146360.0,42,0.265625,0.421875,,,,,,,,,,,,
vt_h6_c1,62,CLP,answer_only,signed_sum,raw,eligible_body_tokens,0.2,332,66,67,0.19879518072289157,1.0,0.20180722891566266,0.4393939393939394,0.43283582089552236,0.4393939393939394,80727824.0,43,0.30303030303030304,0.5757575757575758,,,,,,,,,,,,
vt_h6_c1,63,CLP,answer_only,signed_sum,raw,eligible_body_tokens,0.2,336,70,68,0.20833333333333334,0.9714285714285714,0.20238095238095238,0.38571428571428573,0.39705882352941174,0.39705882352941174,40750696.0,41,0.3,0.38571428571428573,,,,,,,,,,,,
vt_h6_c1,64,CLP,answer_only,signed_sum,raw,eligible_body_tokens,0.2,332,66,67,0.19879518072289157,1.0,0.20180722891566266,0.3181818181818182,0.31343283582089554,0.3181818181818182,49541484.0,42,0.2878787878787879,0.42424242424242425,,,,,,,,,,,,
vt_h6_c1,65,CLP,answer_only,signed_sum,raw,eligible_body_tokens,0.2,333,67,67,0.2012012012012012,1.0,0.2012012012012012,0.14925373134328357,0.14925373134328357,0.14925373134328357,44880052.0,42,0.14925373134328357,0.2835820895522388,,,,,,,,,,,,
vt_h6_c1,66,CLP,answer_only,signed_sum,raw,eligible_body_tokens,0.2,330,64,66,0.19393939393939394,1.0,0.2,0.4375,0.42424242424242425,0.4375,62823340.0,43,0.3125,0.578125,,,,,,,,,,,,
vt_h6_c1,67,CLP,answer_only,signed_sum,raw,eligible_body_tokens,0.2,335,69,67,0.20597014925373133,0.9710144927536232,0.2,0.3333333333333333,0.34328358208955223,0.34328358208955223,35906248.0,36,0.18840579710144928,0.3333333333333333,,,,,,,,,,,,
vt_h6_c1,68,CLP,answer_only,signed_sum,raw,eligible_body_tokens,0.2,328,62,66,0.18902439024390244,1.0,0.20121951219512196,0.1774193548387097,0.16666666666666666,0.1774193548387097,36425388.0,42,0.16129032258064516,0.3064516129032258,,,,,,,,,,,,
vt_h6_c1,69,CLP,answer_only,signed_sum,raw,eligible_body_tokens,0.2,330,64,66,0.19393939393939394,1.0,0.2,0.390625,0.3787878787878788,0.390625,38269404.0,42,0.25,0.390625,,,,,,,,,,,,
vt_h6_c1,70,CLP,answer_only,signed_sum,raw,eligible_body_tokens,0.2,336,70,68,0.20833333333333334,0.9714285714285714,0.20238095238095238,0.3142857142857143,0.3235294117647059,0.3235294117647059,49254524.0,43,0.17142857142857143,0.4142857142857143,,,,,,,,,,,,
vt_h6_c1,71,CLP,answer_only,signed_sum,raw,eligible_body_tokens,0.2,331,65,67,0.19637462235649547,1.0,0.20241691842900303,0.26153846153846155,0.2537313432835821,0.26153846153846155,32655108.0,42,0.13846153846153847,0.27692307692307694,,,,,,,,,,,,
vt_h6_c1,72,CLP,answer_only,signed_sum,raw,eligible_body_tokens,0.2,330,64,66,0.19393939393939394,1.0,0.2,0.421875,0.4090909090909091,0.421875,31739622.0,42,0.28125,0.46875,,,,,,,,,,,,
vt_h6_c1,73,CLP,answer_only,signed_sum,raw,eligible_body_tokens,0.2,332,66,67,0.19879518072289157,1.0,0.20180722891566266,0.3333333333333333,0.3283582089552239,0.3333333333333333,51503476.0,42,0.2727272727272727,0.4090909090909091,,,,,,,,,,,,
vt_h6_c1,74,CLP,answer_only,signed_sum,raw,eligible_body_tokens,0.2,330,64,66,0.19393939393939394,1.0,0.2,0.4375,0.42424242424242425,0.4375,28541764.0,43,0.296875,0.4375,,,,,,,,,,,,
vt_h6_c1,75,CLP,answer_only,signed_sum,raw,eligible_body_tokens,0.2,328,62,66,0.18902439024390244,1.0,0.20121951219512196,0.4032258064516129,0.3787878787878788,0.4032258064516129,54858352.0,44,0.25806451612903225,0.5483870967741935,,,,,,,,,,,,
vt_h6_c1,76,CLP,answer_only,signed_sum,raw,eligible_body_tokens,0.2,328,62,66,0.18902439024390244,1.0,0.20121951219512196,0.22580645161290322,0.21212121212121213,0.22580645161290322,39040076.0,42,0.22580645161290322,0.3709677419354839,,,,,,,,,,,,
vt_h6_c1,77,CLP,answer_only,signed_sum,raw,eligible_body_tokens,0.2,332,66,67,0.19879518072289157,1.0,0.20180722891566266,0.22727272727272727,0.22388059701492538,0.22727272727272727,39658480.0,42,0.22727272727272727,0.3787878787878788,,,,,,,,,,,,
vt_h6_c1,78,CLP,answer_only,signed_sum,raw,eligible_body_tokens,0.2,334,68,67,0.20359281437125748,0.9852941176470589,0.20059880239520958,0.36764705882352944,0.373134328358209,0.373134328358209,44246104.0,41,0.29411764705882354,0.36764705882352944,,,,,,,,,,,,
vt_h6_c1,79,CLP,answer_only,signed_sum,raw,eligible_body_tokens,0.2,332,66,67,0.19879518072289157,1.0,0.20180722891566266,0.4393939393939394,0.43283582089552236,0.4393939393939394,53510152.0,43,0.30303030303030304,0.5757575757575758,,,,,,,,,,,,
vt_h6_c1,80,CLP,answer_only,signed_sum,raw,eligible_body_tokens,0.2,332,66,67,0.19879518072289157,1.0,0.20180722891566266,0.3939393939393939,0.3880597014925373,0.3939393939393939,65883672.0,43,0.24242424242424243,0.5303030303030303,,,,,,,,,,,,
vt_h6_c1,81,CLP,answer_only,signed_sum,raw,eligible_body_tokens,0.2,332,66,67,0.19879518072289157,1.0,0.20180722891566266,0.3484848484848485,0.34328358208955223,0.3484848484848485,43696316.0,41,0.25757575757575757,0.3484848484848485,,,,,,,,,,,,
vt_h6_c1,82,CLP,answer_only,signed_sum,raw,eligible_body_tokens,0.2,331,65,67,0.19637462235649547,1.0,0.20241691842900303,0.3384615384615385,0.3283582089552239,0.3384615384615385,52366292.0,42,0.26153846153846155,0.4153846153846154,,,,,,,,,,,,
vt_h6_c1,83,CLP,answer_only,signed_sum,raw,eligible_body_tokens,0.2,328,62,66,0.18902439024390244,1.0,0.20121951219512196,0.3225806451612903,0.30303030303030304,0.3225806451612903,42064644.0,41,0.24193548387096775,0.3870967741935484,,,,,,,,,,,,
vt_h6_c1,84,CLP,answer_only,signed_sum,raw,eligible_body_tokens,0.2,328,62,66,0.18902439024390244,1.0,0.20121951219512196,0.3225806451612903,0.30303030303030304,0.3225806451612903,40243368.0,39,0.25806451612903225,0.41935483870967744,,,,,,,,,,,,
vt_h6_c1,85,CLP,answer_only,signed_sum,raw,eligible_body_tokens,0.2,332,66,67,0.19879518072289157,1.0,0.20180722891566266,0.3181818181818182,0.31343283582089554,0.3181818181818182,37210672.0,43,0.24242424242424243,0.4393939393939394,,,,,,,,,,,,
vt_h6_c1,86,CLP,answer_only,signed_sum,raw,eligible_body_tokens,0.2,334,68,67,0.20359281437125748,0.9852941176470589,0.20059880239520958,0.36764705882352944,0.373134328358209,0.373134328358209,43771792.0,42,0.25,0.4117647058823529,,,,,,,,,,,,
vt_h6_c1,87,CLP,answer_only,signed_sum,raw,eligible_body_tokens,0.2,332,66,67,0.19879518072289157,1.0,0.20180722891566266,0.25757575757575757,0.2537313432835821,0.25757575757575757,42118276.0,42,0.25757575757575757,0.36363636363636365,,,,,,,,,,,,
vt_h6_c1,88,CLP,answer_only,signed_sum,raw,eligible_body_tokens,0.2,330,64,66,0.19393939393939394,1.0,0.2,0.421875,0.4090909090909091,0.421875,69992408.0,43,0.265625,0.578125,,,,,,,,,,,,
vt_h6_c1,89,CLP,answer_only,signed_sum,raw,eligible_body_tokens,0.2,332,66,67,0.19879518072289157,1.0,0.20180722891566266,0.45454545454545453,0.44776119402985076,0.45454545454545453,77931912.0,43,0.3181818181818182,0.5909090909090909,,,,,,,,,,,,
vt_h6_c1,90,CLP,answer_only,signed_sum,raw,eligible_body_tokens,0.2,332,66,67,0.19879518072289157,1.0,0.20180722891566266,0.4090909090909091,0.40298507462686567,0.4090909090909091,61208696.0,44,0.2727272727272727,0.5454545454545454,,,,,,,,,,,,
vt_h6_c1,91,CLP,answer_only,signed_sum,raw,eligible_body_tokens,0.2,327,61,66,0.18654434250764526,1.0,0.2018348623853211,0.4426229508196721,0.4090909090909091,0.4426229508196721,55965816.0,42,0.3114754098360656,0.5901639344262295,,,,,,,,,,,,
vt_h6_c1,92,CLP,answer_only,signed_sum,raw,eligible_body_tokens,0.2,330,64,66,0.19393939393939394,1.0,0.2,0.359375,0.3484848484848485,0.359375,52508784.0,43,0.21875,0.453125,,,,,,,,,,,,
vt_h6_c1,93,CLP,answer_only,signed_sum,raw,eligible_body_tokens,0.2,335,69,67,0.20597014925373133,0.9710144927536232,0.2,0.08695652173913043,0.08955223880597014,0.08955223880597014,41562584.0,43,0.08695652173913043,0.2318840579710145,,,,,,,,,,,,
vt_h6_c1,94,CLP,answer_only,signed_sum,raw,eligible_body_tokens,0.2,330,64,66,0.19393939393939394,1.0,0.2,0.4375,0.42424242424242425,0.4375,44714448.0,42,0.3125,0.4375,,,,,,,,,,,,
vt_h6_c1,95,CLP,answer_only,signed_sum,raw,eligible_body_tokens,0.2,334,68,67,0.20359281437125748,0.9852941176470589,0.20059880239520958,0.29411764705882354,0.29850746268656714,0.29850746268656714,41710404.0,42,0.29411764705882354,0.4264705882352941,,,,,,,,,,,,
vt_h6_c1,96,CLP,answer_only,signed_sum,raw,eligible_body_tokens,0.2,332,66,67,0.19879518072289157,1.0,0.20180722891566266,0.2727272727272727,0.26865671641791045,0.2727272727272727,42805940.0,43,0.13636363636363635,0.2727272727272727,,,,,,,,,,,,
vt_h6_c1,97,CLP,answer_only,signed_sum,raw,eligible_body_tokens,0.2,332,66,67,0.19879518072289157,1.0,0.20180722891566266,0.25757575757575757,0.2537313432835821,0.25757575757575757,35538896.0,43,0.24242424242424243,0.3787878787878788,,,,,,,,,,,,
vt_h6_c1,98,CLP,answer_only,signed_sum,raw,eligible_body_tokens,0.2,335,69,67,0.20597014925373133,0.9710144927536232,0.2,0.4057971014492754,0.417910447761194,0.417910447761194,43905148.0,41,0.2753623188405797,0.42028985507246375,,,,,,,,,,,,
vt_h6_c1,99,CLP,answer_only,signed_sum,raw,eligible_body_tokens,0.2,332,66,67,0.19879518072289157,1.0,0.20180722891566266,0.42424242424242425,0.417910447761194,0.42424242424242425,71613432.0,43,0.30303030303030304,0.5757575757575758,,,,,,,,,,,,
vt_h6_c1,0,IFR,answer_only,signed_sum,raw,eligible_body_tokens,0.2,329,63,66,0.19148936170212766,1.0,0.2006079027355623,0.8412698412698413,0.803030303030303,0.8412698412698413,0.2127840220928192,1,0.8412698412698413,0.8412698412698413,,,,,,,,,,,,
vt_h6_c1,1,IFR,answer_only,signed_sum,raw,eligible_body_tokens,0.2,335,69,67,0.20597014925373133,0.9710144927536232,0.2,0.8260869565217391,0.8507462686567164,0.8507462686567164,0.23253773152828217,1,0.8260869565217391,0.8260869565217391,,,,,,,,,,,,
vt_h6_c1,2,IFR,answer_only,signed_sum,raw,eligible_body_tokens,0.2,330,64,66,0.19393939393939394,1.0,0.2,0.796875,0.7727272727272727,0.796875,0.1897299885749817,1,0.796875,0.796875,,,,,,,,,,,,
vt_h6_c1,3,IFR,answer_only,signed_sum,raw,eligible_body_tokens,0.2,335,69,67,0.20597014925373133,0.9710144927536232,0.2,0.8405797101449275,0.8656716417910447,0.8656716417910447,0.22996853291988373,1,0.8405797101449275,0.8405797101449275,,,,,,,,,,,,
vt_h6_c1,4,IFR,answer_only,signed_sum,raw,eligible_body_tokens,0.2,330,64,66,0.19393939393939394,1.0,0.2,0.859375,0.8333333333333334,0.859375,0.19931934773921967,1,0.859375,0.859375,,,,,,,,,,,,
vt_h6_c1,5,IFR,answer_only,signed_sum,raw,eligible_body_tokens,0.2,330,64,66,0.19393939393939394,1.0,0.2,0.828125,0.803030303030303,0.828125,0.17798706889152527,1,0.828125,0.828125,,,,,,,,,,,,
vt_h6_c1,6,IFR,answer_only,signed_sum,raw,eligible_body_tokens,0.2,333,67,67,0.2012012012012012,1.0,0.2012012012012012,0.8507462686567164,0.8507462686567164,0.8507462686567164,0.21195650100708008,1,0.8507462686567164,0.8507462686567164,,,,,,,,,,,,
vt_h6_c1,7,IFR,answer_only,signed_sum,raw,eligible_body_tokens,0.2,333,67,67,0.2012012012012012,1.0,0.2012012012012012,0.8208955223880597,0.8208955223880597,0.8208955223880597,0.21878844499588013,1,0.8208955223880597,0.8208955223880597,,,,,,,,,,,,
vt_h6_c1,8,IFR,answer_only,signed_sum,raw,eligible_body_tokens,0.2,334,68,67,0.20359281437125748,0.9852941176470589,0.20059880239520958,0.8382352941176471,0.8507462686567164,0.8507462686567164,0.22352619469165802,1,0.8382352941176471,0.8382352941176471,,,,,,,,,,,,
vt_h6_c1,9,IFR,answer_only,signed_sum,raw,eligible_body_tokens,0.2,334,68,67,0.20359281437125748,0.9852941176470589,0.20059880239520958,0.8382352941176471,0.8507462686567164,0.8507462686567164,0.2416866570711136,1,0.8382352941176471,0.8382352941176471,,,,,,,,,,,,
vt_h6_c1,10,IFR,answer_only,signed_sum,raw,eligible_body_tokens,0.2,329,63,66,0.19148936170212766,1.0,0.2006079027355623,0.8253968253968254,0.7878787878787878,0.8253968253968254,0.20513755083084106,1,0.8253968253968254,0.8253968253968254,,,,,,,,,,,,
vt_h6_c1,11,IFR,answer_only,signed_sum,raw,eligible_body_tokens,0.2,332,66,67,0.19879518072289157,1.0,0.20180722891566266,0.8484848484848485,0.835820895522388,0.8484848484848485,0.19040298461914062,1,0.8484848484848485,0.8484848484848485,,,,,,,,,,,,
vt_h6_c1,12,IFR,answer_only,signed_sum,raw,eligible_body_tokens,0.2,330,64,66,0.19393939393939394,1.0,0.2,0.875,0.8484848484848485,0.875,0.2081904113292694,1,0.875,0.875,,,,,,,,,,,,
vt_h6_c1,13,IFR,answer_only,signed_sum,raw,eligible_body_tokens,0.2,334,68,67,0.20359281437125748,0.9852941176470589,0.20059880239520958,0.8529411764705882,0.8656716417910447,0.8656716417910447,0.26450732350349426,1,0.8529411764705882,0.8529411764705882,,,,,,,,,,,,
vt_h6_c1,14,IFR,answer_only,signed_sum,raw,eligible_body_tokens,0.2,330,64,66,0.19393939393939394,1.0,0.2,0.828125,0.803030303030303,0.828125,0.20094434916973114,1,0.828125,0.828125,,,,,,,,,,,,
vt_h6_c1,15,IFR,answer_only,signed_sum,raw,eligible_body_tokens,0.2,332,66,67,0.19879518072289157,1.0,0.20180722891566266,0.8181818181818182,0.8059701492537313,0.8181818181818182,0.22189538180828094,1,0.8181818181818182,0.8181818181818182,,,,,,,,,,,,
vt_h6_c1,16,IFR,answer_only,signed_sum,raw,eligible_body_tokens,0.2,334,68,67,0.20359281437125748,0.9852941176470589,0.20059880239520958,0.8529411764705882,0.8656716417910447,0.8656716417910447,0.24810068309307098,1,0.8529411764705882,0.8529411764705882,,,,,,,,,,,,
vt_h6_c1,17,IFR,answer_only,signed_sum,raw,eligible_body_tokens,0.2,334,68,67,0.20359281437125748,0.9852941176470589,0.20059880239520958,0.8235294117647058,0.835820895522388,0.835820895522388,0.2559853792190552,1,0.8235294117647058,0.8235294117647058,,,,,,,,,,,,
vt_h6_c1,18,IFR,answer_only,signed_sum,raw,eligible_body_tokens,0.2,330,64,66,0.19393939393939394,1.0,0.2,0.859375,0.8333333333333334,0.859375,0.1954231858253479,1,0.859375,0.859375,,,,,,,,,,,,
vt_h6_c1,19,IFR,answer_only,signed_sum,raw,eligible_body_tokens,0.2,335,69,67,0.20597014925373133,0.9710144927536232,0.2,0.8405797101449275,0.8656716417910447,0.8656716417910447,0.2674999535083771,1,0.8405797101449275,0.8405797101449275,,,,,,,,,,,,
vt_h6_c1,20,IFR,answer_only,signed_sum,raw,eligible_body_tokens,0.2,332,66,67,0.19879518072289157,1.0,0.20180722891566266,0.8181818181818182,0.8059701492537313,0.8181818181818182,0.21269822120666504,1,0.8181818181818182,0.8181818181818182,,,,,,,,,,,,
vt_h6_c1,21,IFR,answer_only,signed_sum,raw,eligible_body_tokens,0.2,332,66,67,0.19879518072289157,1.0,0.20180722891566266,0.8333333333333334,0.8208955223880597,0.8333333333333334,0.22698773443698883,1,0.8333333333333334,0.8333333333333334,,,,,,,,,,,,
vt_h6_c1,22,IFR,answer_only,signed_sum,raw,eligible_body_tokens,0.2,332,66,67,0.19879518072289157,1.0,0.20180722891566266,0.8484848484848485,0.835820895522388,0.8484848484848485,0.18790364265441895,1,0.8484848484848485,0.8484848484848485,,,,,,,,,,,,
vt_h6_c1,23,IFR,answer_only,signed_sum,raw,eligible_body_tokens,0.2,332,66,67,0.19879518072289157,1.0,0.20180722891566266,0.8333333333333334,0.8208955223880597,0.8333333333333334,0.19390976428985596,1,0.8333333333333334,0.8333333333333334,,,,,,,,,,,,
vt_h6_c1,24,IFR,answer_only,signed_sum,raw,eligible_body_tokens,0.2,335,69,67,0.20597014925373133,0.9710144927536232,0.2,0.8260869565217391,0.8507462686567164,0.8507462686567164,0.2147832214832306,1,0.8260869565217391,0.8260869565217391,,,,,,,,,,,,
vt_h6_c1,25,IFR,answer_only,signed_sum,raw,eligible_body_tokens,0.2,330,64,66,0.19393939393939394,1.0,0.2,0.828125,0.803030303030303,0.828125,0.19077301025390625,1,0.828125,0.828125,,,,,,,,,,,,
vt_h6_c1,26,IFR,answer_only,signed_sum,raw,eligible_body_tokens,0.2,334,68,67,0.20359281437125748,0.9852941176470589,0.20059880239520958,0.8382352941176471,0.8507462686567164,0.8507462686567164,0.24405285716056824,1,0.8382352941176471,0.8382352941176471,,,,,,,,,,,,
vt_h6_c1,27,IFR,answer_only,signed_sum,raw,eligible_body_tokens,0.2,332,66,67,0.19879518072289157,1.0,0.20180722891566266,0.8333333333333334,0.8208955223880597,0.8333333333333334,0.19105200469493866,1,0.8333333333333334,0.8333333333333334,,,,,,,,,,,,
vt_h6_c1,28,IFR,answer_only,signed_sum,raw,eligible_body_tokens,0.2,331,65,67,0.19637462235649547,1.0,0.20241691842900303,0.8307692307692308,0.8059701492537313,0.8307692307692308,0.20981335639953613,1,0.8307692307692308,0.8307692307692308,,,,,,,,,,,,
vt_h6_c1,29,IFR,answer_only,signed_sum,raw,eligible_body_tokens,0.2,331,65,67,0.19637462235649547,1.0,0.20241691842900303,0.8615384615384616,0.835820895522388,0.8615384615384616,0.19514353573322296,1,0.8615384615384616,0.8615384615384616,,,,,,,,,,,,
vt_h6_c1,30,IFR,answer_only,signed_sum,raw,eligible_body_tokens,0.2,330,64,66,0.19393939393939394,1.0,0.2,0.875,0.8484848484848485,0.875,0.2007298320531845,1,0.875,0.875,,,,,,,,,,,,
vt_h6_c1,31,IFR,answer_only,signed_sum,raw,eligible_body_tokens,0.2,330,64,66,0.19393939393939394,1.0,0.2,0.828125,0.803030303030303,0.828125,0.21839699149131775,1,0.828125,0.828125,,,,,,,,,,,,
vt_h6_c1,32,IFR,answer_only,signed_sum,raw,eligible_body_tokens,0.2,330,64,66,0.19393939393939394,1.0,0.2,0.828125,0.803030303030303,0.828125,0.18956352770328522,1,0.828125,0.828125,,,,,,,,,,,,
vt_h6_c1,33,IFR,answer_only,signed_sum,raw,eligible_body_tokens,0.2,330,64,66,0.19393939393939394,1.0,0.2,0.859375,0.8333333333333334,0.859375,0.1847275048494339,1,0.859375,0.859375,,,,,,,,,,,,
vt_h6_c1,34,IFR,answer_only,signed_sum,raw,eligible_body_tokens,0.2,331,65,67,0.19637462235649547,1.0,0.20241691842900303,0.8307692307692308,0.8059701492537313,0.8307692307692308,0.21907638013362885,1,0.8307692307692308,0.8307692307692308,,,,,,,,,,,,
vt_h6_c1,35,IFR,answer_only,signed_sum,raw,eligible_body_tokens,0.2,333,67,67,0.2012012012012012,1.0,0.2012012012012012,0.835820895522388,0.835820895522388,0.835820895522388,0.2388639599084854,1,0.835820895522388,0.835820895522388,,,,,,,,,,,,
vt_h6_c1,36,IFR,answer_only,signed_sum,raw,eligible_body_tokens,0.2,331,65,67,0.19637462235649547,1.0,0.20241691842900303,0.8307692307692308,0.8059701492537313,0.8307692307692308,0.20236793160438538,1,0.8307692307692308,0.8307692307692308,,,,,,,,,,,,
vt_h6_c1,37,IFR,answer_only,signed_sum,raw,eligible_body_tokens,0.2,335,69,67,0.20597014925373133,0.9710144927536232,0.2,0.7971014492753623,0.8208955223880597,0.8208955223880597,0.23876585066318512,1,0.7971014492753623,0.7971014492753623,,,,,,,,,,,,
vt_h6_c1,38,IFR,answer_only,signed_sum,raw,eligible_body_tokens,0.2,330,64,66,0.19393939393939394,1.0,0.2,0.8125,0.7878787878787878,0.8125,0.19972050189971924,1,0.8125,0.8125,,,,,,,,,,,,
vt_h6_c1,39,IFR,answer_only,signed_sum,raw,eligible_body_tokens,0.2,332,66,67,0.19879518072289157,1.0,0.20180722891566266,0.8636363636363636,0.8507462686567164,0.8636363636363636,0.20207221806049347,1,0.8636363636363636,0.8636363636363636,,,,,,,,,,,,
vt_h6_c1,40,IFR,answer_only,signed_sum,raw,eligible_body_tokens,0.2,330,64,66,0.19393939393939394,1.0,0.2,0.828125,0.803030303030303,0.828125,0.20519503951072693,1,0.828125,0.828125,,,,,,,,,,,,
vt_h6_c1,41,IFR,answer_only,signed_sum,raw,eligible_body_tokens,0.2,334,68,67,0.20359281437125748,0.9852941176470589,0.20059880239520958,0.8382352941176471,0.8507462686567164,0.8507462686567164,0.20660538971424103,1,0.8382352941176471,0.8382352941176471,,,,,,,,,,,,
vt_h6_c1,42,IFR,answer_only,signed_sum,raw,eligible_body_tokens,0.2,333,67,67,0.2012012012012012,1.0,0.2012012012012012,0.835820895522388,0.835820895522388,0.835820895522388,0.205083429813385,1,0.835820895522388,0.835820895522388,,,,,,,,,,,,
vt_h6_c1,43,IFR,answer_only,signed_sum,raw,eligible_body_tokens,0.2,331,65,67,0.19637462235649547,1.0,0.20241691842900303,0.8307692307692308,0.8059701492537313,0.8307692307692308,0.19636067748069763,1,0.8307692307692308,0.8307692307692308,,,,,,,,,,,,
vt_h6_c1,44,IFR,answer_only,signed_sum,raw,eligible_body_tokens,0.2,331,65,67,0.19637462235649547,1.0,0.20241691842900303,0.8307692307692308,0.8059701492537313,0.8307692307692308,0.19814124703407288,1,0.8307692307692308,0.8307692307692308,,,,,,,,,,,,
vt_h6_c1,45,IFR,answer_only,signed_sum,raw,eligible_body_tokens,0.2,334,68,67,0.20359281437125748,0.9852941176470589,0.20059880239520958,0.8382352941176471,0.8507462686567164,0.8507462686567164,0.2176761031150818,1,0.8382352941176471,0.8382352941176471,,,,,,,,,,,,
vt_h6_c1,46,IFR,answer_only,signed_sum,raw,eligible_body_tokens,0.2,330,64,66,0.19393939393939394,1.0,0.2,0.828125,0.803030303030303,0.828125,0.21472673118114471,1,0.828125,0.828125,,,,,,,,,,,,
vt_h6_c1,47,IFR,answer_only,signed_sum,raw,eligible_body_tokens,0.2,332,66,67,0.19879518072289157,1.0,0.20180722891566266,0.8181818181818182,0.8059701492537313,0.8181818181818182,0.19907104969024658,1,0.8181818181818182,0.8181818181818182,,,,,,,,,,,,
vt_h6_c1,48,IFR,answer_only,signed_sum,raw,eligible_body_tokens,0.2,329,63,66,0.19148936170212766,1.0,0.2006079027355623,0.8412698412698413,0.803030303030303,0.8412698412698413,0.19914168119430542,1,0.8412698412698413,0.8412698412698413,,,,,,,,,,,,
vt_h6_c1,49,IFR,answer_only,signed_sum,raw,eligible_body_tokens,0.2,328,62,66,0.18902439024390244,1.0,0.20121951219512196,0.8709677419354839,0.8181818181818182,0.8709677419354839,0.19159206748008728,1,0.8709677419354839,0.8709677419354839,,,,,,,,,,,,
vt_h6_c1,50,IFR,answer_only,signed_sum,raw,eligible_body_tokens,0.2,332,66,67,0.19879518072289157,1.0,0.20180722891566266,0.8333333333333334,0.8208955223880597,0.8333333333333334,0.2259049117565155,1,0.8333333333333334,0.8333333333333334,,,,,,,,,,,,
vt_h6_c1,51,IFR,answer_only,signed_sum,raw,eligible_body_tokens,0.2,334,68,67,0.20359281437125748,0.9852941176470589,0.20059880239520958,0.8235294117647058,0.835820895522388,0.835820895522388,0.21594791114330292,1,0.8235294117647058,0.8235294117647058,,,,,,,,,,,,
vt_h6_c1,52,IFR,answer_only,signed_sum,raw,eligible_body_tokens,0.2,333,67,67,0.2012012012012012,1.0,0.2012012012012012,0.8208955223880597,0.8208955223880597,0.8208955223880597,0.21736422181129456,1,0.8208955223880597,0.8208955223880597,,,,,,,,,,,,
vt_h6_c1,53,IFR,answer_only,signed_sum,raw,eligible_body_tokens,0.2,338,72,68,0.21301775147928995,0.9444444444444444,0.20118343195266272,0.8333333333333334,0.8823529411764706,0.8823529411764706,0.2539927065372467,1,0.8333333333333334,0.8333333333333334,,,,,,,,,,,,
vt_h6_c1,54,IFR,answer_only,signed_sum,raw,eligible_body_tokens,0.2,332,66,67,0.19879518072289157,1.0,0.20180722891566266,0.8636363636363636,0.8507462686567164,0.8636363636363636,0.19216333329677582,1,0.8636363636363636,0.8636363636363636,,,,,,,,,,,,
vt_h6_c1,55,IFR,answer_only,signed_sum,raw,eligible_body_tokens,0.2,335,69,67,0.20597014925373133,0.9710144927536232,0.2,0.8115942028985508,0.835820895522388,0.835820895522388,0.24721482396125793,1,0.8115942028985508,0.8115942028985508,,,,,,,,,,,,
vt_h6_c1,56,IFR,answer_only,signed_sum,raw,eligible_body_tokens,0.2,332,66,67,0.19879518072289157,1.0,0.20180722891566266,0.8484848484848485,0.835820895522388,0.8484848484848485,0.218911811709404,1,0.8484848484848485,0.8484848484848485,,,,,,,,,,,,
vt_h6_c1,57,IFR,answer_only,signed_sum,raw,eligible_body_tokens,0.2,330,64,66,0.19393939393939394,1.0,0.2,0.828125,0.803030303030303,0.828125,0.21686139702796936,1,0.828125,0.828125,,,,,,,,,,,,
vt_h6_c1,58,IFR,answer_only,signed_sum,raw,eligible_body_tokens,0.2,330,64,66,0.19393939393939394,1.0,0.2,0.859375,0.8333333333333334,0.859375,0.19674481451511383,1,0.859375,0.859375,,,,,,,,,,,,
vt_h6_c1,59,IFR,answer_only,signed_sum,raw,eligible_body_tokens,0.2,330,64,66,0.19393939393939394,1.0,0.2,0.84375,0.8181818181818182,0.84375,0.20994921028614044,1,0.84375,0.84375,,,,,,,,,,,,
vt_h6_c1,60,IFR,answer_only,signed_sum,raw,eligible_body_tokens,0.2,328,62,66,0.18902439024390244,1.0,0.20121951219512196,0.8548387096774194,0.803030303030303,0.8548387096774194,0.17987076938152313,1,0.8548387096774194,0.8548387096774194,,,,,,,,,,,,
vt_h6_c1,61,IFR,answer_only,signed_sum,raw,eligible_body_tokens,0.2,330,64,66,0.19393939393939394,1.0,0.2,0.8125,0.7878787878787878,0.8125,0.21469800174236298,1,0.8125,0.8125,,,,,,,,,,,,
vt_h6_c1,62,IFR,answer_only,signed_sum,raw,eligible_body_tokens,0.2,332,66,67,0.19879518072289157,1.0,0.20180722891566266,0.8484848484848485,0.835820895522388,0.8484848484848485,0.22679369151592255,1,0.8484848484848485,0.8484848484848485,,,,,,,,,,,,
vt_h6_c1,63,IFR,answer_only,signed_sum,raw,eligible_body_tokens,0.2,336,70,68,0.20833333333333334,0.9714285714285714,0.20238095238095238,0.8285714285714286,0.8529411764705882,0.8529411764705882,0.24697642028331757,1,0.8285714285714286,0.8285714285714286,,,,,,,,,,,,
vt_h6_c1,64,IFR,answer_only,signed_sum,raw,eligible_body_tokens,0.2,332,66,67,0.19879518072289157,1.0,0.20180722891566266,0.8333333333333334,0.8208955223880597,0.8333333333333334,0.2160377949476242,1,0.8333333333333334,0.8333333333333334,,,,,,,,,,,,
vt_h6_c1,65,IFR,answer_only,signed_sum,raw,eligible_body_tokens,0.2,333,67,67,0.2012012012012012,1.0,0.2012012012012012,0.835820895522388,0.835820895522388,0.835820895522388,0.21935924887657166,1,0.835820895522388,0.835820895522388,,,,,,,,,,,,
vt_h6_c1,66,IFR,answer_only,signed_sum,raw,eligible_body_tokens,0.2,330,64,66,0.19393939393939394,1.0,0.2,0.84375,0.8181818181818182,0.84375,0.19669564068317413,1,0.84375,0.84375,,,,,,,,,,,,
vt_h6_c1,67,IFR,answer_only,signed_sum,raw,eligible_body_tokens,0.2,335,69,67,0.20597014925373133,0.9710144927536232,0.2,0.8405797101449275,0.8656716417910447,0.8656716417910447,0.24864886701107025,1,0.8405797101449275,0.8405797101449275,,,,,,,,,,,,
vt_h6_c1,68,IFR,answer_only,signed_sum,raw,eligible_body_tokens,0.2,328,62,66,0.18902439024390244,1.0,0.20121951219512196,0.8064516129032258,0.7575757575757576,0.8064516129032258,0.19227053225040436,1,0.8064516129032258,0.8064516129032258,,,,,,,,,,,,
vt_h6_c1,69,IFR,answer_only,signed_sum,raw,eligible_body_tokens,0.2,330,64,66,0.19393939393939394,1.0,0.2,0.84375,0.8181818181818182,0.84375,0.20475304126739502,1,0.84375,0.84375,,,,,,,,,,,,
vt_h6_c1,70,IFR,answer_only,signed_sum,raw,eligible_body_tokens,0.2,336,70,68,0.20833333333333334,0.9714285714285714,0.20238095238095238,0.8428571428571429,0.8676470588235294,0.8676470588235294,0.22706519067287445,1,0.8428571428571429,0.8428571428571429,,,,,,,,,,,,
vt_h6_c1,71,IFR,answer_only,signed_sum,raw,eligible_body_tokens,0.2,331,65,67,0.19637462235649547,1.0,0.20241691842900303,0.8307692307692308,0.8059701492537313,0.8307692307692308,0.2026040405035019,1,0.8307692307692308,0.8307692307692308,,,,,,,,,,,,
vt_h6_c1,72,IFR,answer_only,signed_sum,raw,eligible_body_tokens,0.2,330,64,66,0.19393939393939394,1.0,0.2,0.8125,0.7878787878787878,0.8125,0.22560881078243256,1,0.8125,0.8125,,,,,,,,,,,,
vt_h6_c1,73,IFR,answer_only,signed_sum,raw,eligible_body_tokens,0.2,332,66,67,0.19879518072289157,1.0,0.20180722891566266,0.8484848484848485,0.835820895522388,0.8484848484848485,0.1947050839662552,1,0.8484848484848485,0.8484848484848485,,,,,,,,,,,,
vt_h6_c1,74,IFR,answer_only,signed_sum,raw,eligible_body_tokens,0.2,330,64,66,0.19393939393939394,1.0,0.2,0.828125,0.803030303030303,0.828125,0.18437683582305908,1,0.828125,0.828125,,,,,,,,,,,,
vt_h6_c1,75,IFR,answer_only,signed_sum,raw,eligible_body_tokens,0.2,328,62,66,0.18902439024390244,1.0,0.20121951219512196,0.8548387096774194,0.803030303030303,0.8548387096774194,0.19818724691867828,1,0.8548387096774194,0.8548387096774194,,,,,,,,,,,,
vt_h6_c1,76,IFR,answer_only,signed_sum,raw,eligible_body_tokens,0.2,328,62,66,0.18902439024390244,1.0,0.20121951219512196,0.8225806451612904,0.7727272727272727,0.8225806451612904,0.19725534319877625,1,0.8225806451612904,0.8225806451612904,,,,,,,,,,,,
vt_h6_c1,77,IFR,answer_only,signed_sum,raw,eligible_body_tokens,0.2,332,66,67,0.19879518072289157,1.0,0.20180722891566266,0.8484848484848485,0.835820895522388,0.8484848484848485,0.2386353462934494,1,0.8484848484848485,0.8484848484848485,,,,,,,,,,,,
vt_h6_c1,78,IFR,answer_only,signed_sum,raw,eligible_body_tokens,0.2,334,68,67,0.20359281437125748,0.9852941176470589,0.20059880239520958,0.8382352941176471,0.8507462686567164,0.8507462686567164,0.20893743634223938,1,0.8382352941176471,0.8382352941176471,,,,,,,,,,,,
vt_h6_c1,79,IFR,answer_only,signed_sum,raw,eligible_body_tokens,0.2,332,66,67,0.19879518072289157,1.0,0.20180722891566266,0.8333333333333334,0.8208955223880597,0.8333333333333334,0.21517059206962585,1,0.8333333333333334,0.8333333333333334,,,,,,,,,,,,
vt_h6_c1,80,IFR,answer_only,signed_sum,raw,eligible_body_tokens,0.2,332,66,67,0.19879518072289157,1.0,0.20180722891566266,0.8636363636363636,0.8507462686567164,0.8636363636363636,0.20213936269283295,1,0.8636363636363636,0.8636363636363636,,,,,,,,,,,,
vt_h6_c1,81,IFR,answer_only,signed_sum,raw,eligible_body_tokens,0.2,332,66,67,0.19879518072289157,1.0,0.20180722891566266,0.8333333333333334,0.8208955223880597,0.8333333333333334,0.23154954612255096,1,0.8333333333333334,0.8333333333333334,,,,,,,,,,,,
vt_h6_c1,82,IFR,answer_only,signed_sum,raw,eligible_body_tokens,0.2,331,65,67,0.19637462235649547,1.0,0.20241691842900303,0.8153846153846154,0.7910447761194029,0.8153846153846154,0.20010237395763397,1,0.8153846153846154,0.8153846153846154,,,,,,,,,,,,
vt_h6_c1,83,IFR,answer_only,signed_sum,raw,eligible_body_tokens,0.2,328,62,66,0.18902439024390244,1.0,0.20121951219512196,0.8548387096774194,0.803030303030303,0.8548387096774194,0.19631539285182953,1,0.8548387096774194,0.8548387096774194,,,,,,,,,,,,
vt_h6_c1,84,IFR,answer_only,signed_sum,raw,eligible_body_tokens,0.2,328,62,66,0.18902439024390244,1.0,0.20121951219512196,0.8709677419354839,0.8181818181818182,0.8709677419354839,0.15735481679439545,1,0.8709677419354839,0.8709677419354839,,,,,,,,,,,,
vt_h6_c1,85,IFR,answer_only,signed_sum,raw,eligible_body_tokens,0.2,332,66,67,0.19879518072289157,1.0,0.20180722891566266,0.8333333333333334,0.8208955223880597,0.8333333333333334,0.2479403167963028,1,0.8333333333333334,0.8333333333333334,,,,,,,,,,,,
vt_h6_c1,86,IFR,answer_only,signed_sum,raw,eligible_body_tokens,0.2,334,68,67,0.20359281437125748,0.9852941176470589,0.20059880239520958,0.8529411764705882,0.8656716417910447,0.8656716417910447,0.212663471698761,1,0.8529411764705882,0.8529411764705882,,,,,,,,,,,,
vt_h6_c1,87,IFR,answer_only,signed_sum,raw,eligible_body_tokens,0.2,332,66,67,0.19879518072289157,1.0,0.20180722891566266,0.8484848484848485,0.835820895522388,0.8484848484848485,0.208643838763237,1,0.8484848484848485,0.8484848484848485,,,,,,,,,,,,
vt_h6_c1,88,IFR,answer_only,signed_sum,raw,eligible_body_tokens,0.2,330,64,66,0.19393939393939394,1.0,0.2,0.828125,0.803030303030303,0.828125,0.19335351884365082,1,0.828125,0.828125,,,,,,,,,,,,
vt_h6_c1,89,IFR,answer_only,signed_sum,raw,eligible_body_tokens,0.2,332,66,67,0.19879518072289157,1.0,0.20180722891566266,0.8484848484848485,0.835820895522388,0.8484848484848485,0.1943090409040451,1,0.8484848484848485,0.8484848484848485,,,,,,,,,,,,
vt_h6_c1,90,IFR,answer_only,signed_sum,raw,eligible_body_tokens,0.2,332,66,67,0.19879518072289157,1.0,0.20180722891566266,0.8181818181818182,0.8059701492537313,0.8181818181818182,0.24458308517932892,1,0.8181818181818182,0.8181818181818182,,,,,,,,,,,,
vt_h6_c1,91,IFR,answer_only,signed_sum,raw,eligible_body_tokens,0.2,327,61,66,0.18654434250764526,1.0,0.2018348623853211,0.819672131147541,0.7575757575757576,0.819672131147541,0.18402709066867828,1,0.819672131147541,0.819672131147541,,,,,,,,,,,,
vt_h6_c1,92,IFR,answer_only,signed_sum,raw,eligible_body_tokens,0.2,330,64,66,0.19393939393939394,1.0,0.2,0.875,0.8484848484848485,0.875,0.19892659783363342,1,0.875,0.875,,,,,,,,,,,,
vt_h6_c1,93,IFR,answer_only,signed_sum,raw,eligible_body_tokens,0.2,335,69,67,0.20597014925373133,0.9710144927536232,0.2,0.8260869565217391,0.8507462686567164,0.8507462686567164,0.23734721541404724,1,0.8260869565217391,0.8260869565217391,,,,,,,,,,,,
vt_h6_c1,94,IFR,answer_only,signed_sum,raw,eligible_body_tokens,0.2,330,64,66,0.19393939393939394,1.0,0.2,0.84375,0.8181818181818182,0.84375,0.19742609560489655,1,0.84375,0.84375,,,,,,,,,,,,
vt_h6_c1,95,IFR,answer_only,signed_sum,raw,eligible_body_tokens,0.2,334,68,67,0.20359281437125748,0.9852941176470589,0.20059880239520958,0.8382352941176471,0.8507462686567164,0.8507462686567164,0.23102550208568573,1,0.8382352941176471,0.8382352941176471,,,,,,,,,,,,
vt_h6_c1,96,IFR,answer_only,signed_sum,raw,eligible_body_tokens,0.2,332,66,67,0.19879518072289157,1.0,0.20180722891566266,0.8333333333333334,0.8208955223880597,0.8333333333333334,0.20140041410923004,1,0.8333333333333334,0.8333333333333334,,,,,,,,,,,,
vt_h6_c1,97,IFR,answer_only,signed_sum,raw,eligible_body_tokens,0.2,332,66,67,0.19879518072289157,1.0,0.20180722891566266,0.8333333333333334,0.8208955223880597,0.8333333333333334,0.22341379523277283,1,0.8333333333333334,0.8333333333333334,,,,,,,,,,,,
vt_h6_c1,98,IFR,answer_only,signed_sum,raw,eligible_body_tokens,0.2,335,69,67,0.20597014925373133,0.9710144927536232,0.2,0.8405797101449275,0.8656716417910447,0.8656716417910447,0.22343222796916962,1,0.8405797101449275,0.8405797101449275,,,,,,,,,,,,
vt_h6_c1,99,IFR,answer_only,signed_sum,raw,eligible_body_tokens,0.2,332,66,67,0.19879518072289157,1.0,0.20180722891566266,0.8484848484848485,0.835820895522388,0.8484848484848485,0.19706857204437256,1,0.8484848484848485,0.8484848484848485,,,,,,,,,,,,
vt_h6_c1,0,AttnLRP,answer_only,signed_sum,raw,eligible_body_tokens,0.2,329,63,66,0.19148936170212766,1.0,0.2006079027355623,0.8412698412698413,0.803030303030303,0.8412698412698413,0.4470212459564209,1,0.8412698412698413,0.8412698412698413,,,,,,,,,,,,
vt_h6_c1,1,AttnLRP,answer_only,signed_sum,raw,eligible_body_tokens,0.2,335,69,67,0.20597014925373133,0.9710144927536232,0.2,0.8695652173913043,0.8955223880597015,0.8955223880597015,0.5268993377685547,1,0.8695652173913043,0.8695652173913043,,,,,,,,,,,,
vt_h6_c1,2,AttnLRP,answer_only,signed_sum,raw,eligible_body_tokens,0.2,330,64,66,0.19393939393939394,1.0,0.2,0.9375,0.9090909090909091,0.9375,0.5641487836837769,1,0.9375,0.9375,,,,,,,,,,,,
vt_h6_c1,3,AttnLRP,answer_only,signed_sum,raw,eligible_body_tokens,0.2,335,69,67,0.20597014925373133,0.9710144927536232,0.2,0.8405797101449275,0.8656716417910447,0.8656716417910447,0.6273890733718872,1,0.8405797101449275,0.8405797101449275,,,,,,,,,,,,
vt_h6_c1,4,AttnLRP,answer_only,signed_sum,raw,eligible_body_tokens,0.2,330,64,66,0.19393939393939394,1.0,0.2,0.875,0.8484848484848485,0.875,0.531712532043457,1,0.875,0.875,,,,,,,,,,,,
vt_h6_c1,5,AttnLRP,answer_only,signed_sum,raw,eligible_body_tokens,0.2,330,64,66,0.19393939393939394,1.0,0.2,0.859375,0.8333333333333334,0.859375,0.5248245000839233,1,0.859375,0.859375,,,,,,,,,,,,
vt_h6_c1,6,AttnLRP,answer_only,signed_sum,raw,eligible_body_tokens,0.2,333,67,67,0.2012012012012012,1.0,0.2012012012012012,0.8208955223880597,0.8208955223880597,0.8208955223880597,0.49483561515808105,1,0.8208955223880597,0.8208955223880597,,,,,,,,,,,,
vt_h6_c1,7,AttnLRP,answer_only,signed_sum,raw,eligible_body_tokens,0.2,333,67,67,0.2012012012012012,1.0,0.2012012012012012,0.835820895522388,0.835820895522388,0.835820895522388,0.4475555419921875,1,0.835820895522388,0.835820895522388,,,,,,,,,,,,
vt_h6_c1,8,AttnLRP,answer_only,signed_sum,raw,eligible_body_tokens,0.2,334,68,67,0.20359281437125748,0.9852941176470589,0.20059880239520958,0.7794117647058824,0.7910447761194029,0.7910447761194029,0.5068621635437012,1,0.7794117647058824,0.7794117647058824,,,,,,,,,,,,
vt_h6_c1,9,AttnLRP,answer_only,signed_sum,raw,eligible_body_tokens,0.2,334,68,67,0.20359281437125748,0.9852941176470589,0.20059880239520958,0.8676470588235294,0.8805970149253731,0.8805970149253731,0.5217952132225037,1,0.8676470588235294,0.8676470588235294,,,,,,,,,,,,
vt_h6_c1,10,AttnLRP,answer_only,signed_sum,raw,eligible_body_tokens,0.2,329,63,66,0.19148936170212766,1.0,0.2006079027355623,0.8888888888888888,0.8484848484848485,0.8888888888888888,0.5335756540298462,1,0.8888888888888888,0.8888888888888888,,,,,,,,,,,,
vt_h6_c1,11,AttnLRP,answer_only,signed_sum,raw,eligible_body_tokens,0.2,332,66,67,0.19879518072289157,1.0,0.20180722891566266,0.803030303030303,0.7910447761194029,0.803030303030303,0.5052439570426941,1,0.803030303030303,0.803030303030303,,,,,,,,,,,,
vt_h6_c1,12,AttnLRP,answer_only,signed_sum,raw,eligible_body_tokens,0.2,330,64,66,0.19393939393939394,1.0,0.2,0.828125,0.803030303030303,0.828125,0.5275547504425049,1,0.828125,0.828125,,,,,,,,,,,,
vt_h6_c1,13,AttnLRP,answer_only,signed_sum,raw,eligible_body_tokens,0.2,334,68,67,0.20359281437125748,0.9852941176470589,0.20059880239520958,0.8088235294117647,0.8208955223880597,0.8208955223880597,0.5328777432441711,1,0.8088235294117647,0.8088235294117647,,,,,,,,,,,,
vt_h6_c1,14,AttnLRP,answer_only,signed_sum,raw,eligible_body_tokens,0.2,330,64,66,0.19393939393939394,1.0,0.2,0.796875,0.7727272727272727,0.796875,0.4338189363479614,1,0.796875,0.796875,,,,,,,,,,,,
vt_h6_c1,15,AttnLRP,answer_only,signed_sum,raw,eligible_body_tokens,0.2,332,66,67,0.19879518072289157,1.0,0.20180722891566266,0.8636363636363636,0.8507462686567164,0.8636363636363636,0.537300705909729,1,0.8636363636363636,0.8636363636363636,,,,,,,,,,,,
vt_h6_c1,16,AttnLRP,answer_only,signed_sum,raw,eligible_body_tokens,0.2,334,68,67,0.20359281437125748,0.9852941176470589,0.20059880239520958,0.8088235294117647,0.8208955223880597,0.8208955223880597,0.5508815050125122,1,0.8088235294117647,0.8088235294117647,,,,,,,,,,,,
vt_h6_c1,17,AttnLRP,answer_only,signed_sum,raw,eligible_body_tokens,0.2,334,68,67,0.20359281437125748,0.9852941176470589,0.20059880239520958,0.7941176470588235,0.8059701492537313,0.8059701492537313,0.5103293657302856,1,0.7941176470588235,0.7941176470588235,,,,,,,,,,,,
vt_h6_c1,18,AttnLRP,answer_only,signed_sum,raw,eligible_body_tokens,0.2,330,64,66,0.19393939393939394,1.0,0.2,0.8125,0.7878787878787878,0.8125,0.490571528673172,1,0.8125,0.8125,,,,,,,,,,,,
vt_h6_c1,19,AttnLRP,answer_only,signed_sum,raw,eligible_body_tokens,0.2,335,69,67,0.20597014925373133,0.9710144927536232,0.2,0.7971014492753623,0.8208955223880597,0.8208955223880597,0.5368103981018066,1,0.7971014492753623,0.7971014492753623,,,,,,,,,,,,
vt_h6_c1,20,AttnLRP,answer_only,signed_sum,raw,eligible_body_tokens,0.2,332,66,67,0.19879518072289157,1.0,0.20180722891566266,0.8181818181818182,0.8059701492537313,0.8181818181818182,0.4884406328201294,1,0.8181818181818182,0.8181818181818182,,,,,,,,,,,,
vt_h6_c1,21,AttnLRP,answer_only,signed_sum,raw,eligible_body_tokens,0.2,332,66,67,0.19879518072289157,1.0,0.20180722891566266,0.8636363636363636,0.8507462686567164,0.8636363636363636,0.5010784268379211,1,0.8636363636363636,0.8636363636363636,,,,,,,,,,,,
vt_h6_c1,22,AttnLRP,answer_only,signed_sum,raw,eligible_body_tokens,0.2,332,66,67,0.19879518072289157,1.0,0.20180722891566266,0.8181818181818182,0.8059701492537313,0.8181818181818182,0.5483816266059875,1,0.8181818181818182,0.8181818181818182,,,,,,,,,,,,
vt_h6_c1,23,AttnLRP,answer_only,signed_sum,raw,eligible_body_tokens,0.2,332,66,67,0.19879518072289157,1.0,0.20180722891566266,0.8787878787878788,0.8656716417910447,0.8787878787878788,0.5368549227714539,1,0.8787878787878788,0.8787878787878788,,,,,,,,,,,,
vt_h6_c1,24,AttnLRP,answer_only,signed_sum,raw,eligible_body_tokens,0.2,335,69,67,0.20597014925373133,0.9710144927536232,0.2,0.8260869565217391,0.8507462686567164,0.8507462686567164,0.5956704616546631,1,0.8260869565217391,0.8260869565217391,,,,,,,,,,,,
vt_h6_c1,25,AttnLRP,answer_only,signed_sum,raw,eligible_body_tokens,0.2,330,64,66,0.19393939393939394,1.0,0.2,0.828125,0.803030303030303,0.828125,0.4762379825115204,1,0.828125,0.828125,,,,,,,,,,,,
vt_h6_c1,26,AttnLRP,answer_only,signed_sum,raw,eligible_body_tokens,0.2,334,68,67,0.20359281437125748,0.9852941176470589,0.20059880239520958,0.7941176470588235,0.8059701492537313,0.8059701492537313,0.4998335540294647,1,0.7941176470588235,0.7941176470588235,,,,,,,,,,,,
vt_h6_c1,27,AttnLRP,answer_only,signed_sum,raw,eligible_body_tokens,0.2,332,66,67,0.19879518072289157,1.0,0.20180722891566266,0.8484848484848485,0.835820895522388,0.8484848484848485,0.46206462383270264,1,0.8484848484848485,0.8484848484848485,,,,,,,,,,,,
vt_h6_c1,28,AttnLRP,answer_only,signed_sum,raw,eligible_body_tokens,0.2,331,65,67,0.19637462235649547,1.0,0.20241691842900303,0.8769230769230769,0.8507462686567164,0.8769230769230769,0.5699683427810669,1,0.8769230769230769,0.8769230769230769,,,,,,,,,,,,
vt_h6_c1,29,AttnLRP,answer_only,signed_sum,raw,eligible_body_tokens,0.2,331,65,67,0.19637462235649547,1.0,0.20241691842900303,0.8615384615384616,0.835820895522388,0.8615384615384616,0.4629719853401184,1,0.8615384615384616,0.8615384615384616,,,,,,,,,,,,
vt_h6_c1,30,AttnLRP,answer_only,signed_sum,raw,eligible_body_tokens,0.2,330,64,66,0.19393939393939394,1.0,0.2,0.828125,0.803030303030303,0.828125,0.49239128828048706,1,0.828125,0.828125,,,,,,,,,,,,
vt_h6_c1,31,AttnLRP,answer_only,signed_sum,raw,eligible_body_tokens,0.2,330,64,66,0.19393939393939394,1.0,0.2,0.859375,0.8333333333333334,0.859375,0.5580121278762817,1,0.859375,0.859375,,,,,,,,,,,,
vt_h6_c1,32,AttnLRP,answer_only,signed_sum,raw,eligible_body_tokens,0.2,330,64,66,0.19393939393939394,1.0,0.2,0.859375,0.8333333333333334,0.859375,0.48311132192611694,1,0.859375,0.859375,,,,,,,,,,,,
vt_h6_c1,33,AttnLRP,answer_only,signed_sum,raw,eligible_body_tokens,0.2,330,64,66,0.19393939393939394,1.0,0.2,0.859375,0.8333333333333334,0.859375,0.49207842350006104,1,0.859375,0.859375,,,,,,,,,,,,
vt_h6_c1,34,AttnLRP,answer_only,signed_sum,raw,eligible_body_tokens,0.2,331,65,67,0.19637462235649547,1.0,0.20241691842900303,0.8769230769230769,0.8507462686567164,0.8769230769230769,0.5218515396118164,1,0.8769230769230769,0.8769230769230769,,,,,,,,,,,,
vt_h6_c1,35,AttnLRP,answer_only,signed_sum,raw,eligible_body_tokens,0.2,333,67,67,0.2012012012012012,1.0,0.2012012012012012,0.8208955223880597,0.8208955223880597,0.8208955223880597,0.4981696605682373,1,0.8208955223880597,0.8208955223880597,,,,,,,,,,,,
vt_h6_c1,36,AttnLRP,answer_only,signed_sum,raw,eligible_body_tokens,0.2,331,65,67,0.19637462235649547,1.0,0.20241691842900303,0.8307692307692308,0.8059701492537313,0.8307692307692308,0.4154924154281616,1,0.8307692307692308,0.8307692307692308,,,,,,,,,,,,
vt_h6_c1,37,AttnLRP,answer_only,signed_sum,raw,eligible_body_tokens,0.2,335,69,67,0.20597014925373133,0.9710144927536232,0.2,0.8260869565217391,0.8507462686567164,0.8507462686567164,0.5366243124008179,1,0.8260869565217391,0.8260869565217391,,,,,,,,,,,,
vt_h6_c1,38,AttnLRP,answer_only,signed_sum,raw,eligible_body_tokens,0.2,330,64,66,0.19393939393939394,1.0,0.2,0.828125,0.803030303030303,0.828125,0.4961015582084656,1,0.828125,0.828125,,,,,,,,,,,,
vt_h6_c1,39,AttnLRP,answer_only,signed_sum,raw,eligible_body_tokens,0.2,332,66,67,0.19879518072289157,1.0,0.20180722891566266,0.8181818181818182,0.8059701492537313,0.8181818181818182,0.4386610984802246,1,0.8181818181818182,0.8181818181818182,,,,,,,,,,,,
vt_h6_c1,40,AttnLRP,answer_only,signed_sum,raw,eligible_body_tokens,0.2,330,64,66,0.19393939393939394,1.0,0.2,0.828125,0.803030303030303,0.828125,0.5164096355438232,1,0.828125,0.828125,,,,,,,,,,,,
vt_h6_c1,41,AttnLRP,answer_only,signed_sum,raw,eligible_body_tokens,0.2,334,68,67,0.20359281437125748,0.9852941176470589,0.20059880239520958,0.8235294117647058,0.835820895522388,0.835820895522388,0.533614456653595,1,0.8235294117647058,0.8235294117647058,,,,,,,,,,,,
vt_h6_c1,42,AttnLRP,answer_only,signed_sum,raw,eligible_body_tokens,0.2,333,67,67,0.2012012012012012,1.0,0.2012012012012012,0.8208955223880597,0.8208955223880597,0.8208955223880597,0.4832565486431122,1,0.8208955223880597,0.8208955223880597,,,,,,,,,,,,
vt_h6_c1,43,AttnLRP,answer_only,signed_sum,raw,eligible_body_tokens,0.2,331,65,67,0.19637462235649547,1.0,0.20241691842900303,0.8923076923076924,0.8656716417910447,0.8923076923076924,0.5809432864189148,1,0.8923076923076924,0.8923076923076924,,,,,,,,,,,,
vt_h6_c1,44,AttnLRP,answer_only,signed_sum,raw,eligible_body_tokens,0.2,331,65,67,0.19637462235649547,1.0,0.20241691842900303,0.8615384615384616,0.835820895522388,0.8615384615384616,0.5236627459526062,1,0.8615384615384616,0.8615384615384616,,,,,,,,,,,,
vt_h6_c1,45,AttnLRP,answer_only,signed_sum,raw,eligible_body_tokens,0.2,334,68,67,0.20359281437125748,0.9852941176470589,0.20059880239520958,0.8382352941176471,0.8507462686567164,0.8507462686567164,0.48128026723861694,1,0.8382352941176471,0.8382352941176471,,,,,,,,,,,,
vt_h6_c1,46,AttnLRP,answer_only,signed_sum,raw,eligible_body_tokens,0.2,330,64,66,0.19393939393939394,1.0,0.2,0.875,0.8484848484848485,0.875,0.5169805884361267,1,0.875,0.875,,,,,,,,,,,,
vt_h6_c1,47,AttnLRP,answer_only,signed_sum,raw,eligible_body_tokens,0.2,332,66,67,0.19879518072289157,1.0,0.20180722891566266,0.8181818181818182,0.8059701492537313,0.8181818181818182,0.46640169620513916,1,0.8181818181818182,0.8181818181818182,,,,,,,,,,,,
vt_h6_c1,48,AttnLRP,answer_only,signed_sum,raw,eligible_body_tokens,0.2,329,63,66,0.19148936170212766,1.0,0.2006079027355623,0.8888888888888888,0.8484848484848485,0.8888888888888888,0.49623697996139526,1,0.8888888888888888,0.8888888888888888,,,,,,,,,,,,
vt_h6_c1,49,AttnLRP,answer_only,signed_sum,raw,eligible_body_tokens,0.2,328,62,66,0.18902439024390244,1.0,0.20121951219512196,0.8387096774193549,0.7878787878787878,0.8387096774193549,0.45917415618896484,1,0.8387096774193549,0.8387096774193549,,,,,,,,,,,,
vt_h6_c1,50,AttnLRP,answer_only,signed_sum,raw,eligible_body_tokens,0.2,332,66,67,0.19879518072289157,1.0,0.20180722891566266,0.803030303030303,0.7910447761194029,0.803030303030303,0.46200257539749146,1,0.803030303030303,0.803030303030303,,,,,,,,,,,,
vt_h6_c1,51,AttnLRP,answer_only,signed_sum,raw,eligible_body_tokens,0.2,334,68,67,0.20359281437125748,0.9852941176470589,0.20059880239520958,0.8088235294117647,0.8208955223880597,0.8208955223880597,0.5305184125900269,1,0.8088235294117647,0.8088235294117647,,,,,,,,,,,,
vt_h6_c1,52,AttnLRP,answer_only,signed_sum,raw,eligible_body_tokens,0.2,333,67,67,0.2012012012012012,1.0,0.2012012012012012,0.835820895522388,0.835820895522388,0.835820895522388,0.4990113079547882,1,0.835820895522388,0.835820895522388,,,,,,,,,,,,
vt_h6_c1,53,AttnLRP,answer_only,signed_sum,raw,eligible_body_tokens,0.2,338,72,68,0.21301775147928995,0.9444444444444444,0.20118343195266272,0.7638888888888888,0.8088235294117647,0.8088235294117647,0.4607253074645996,1,0.7638888888888888,0.7638888888888888,,,,,,,,,,,,
vt_h6_c1,54,AttnLRP,answer_only,signed_sum,raw,eligible_body_tokens,0.2,332,66,67,0.19879518072289157,1.0,0.20180722891566266,0.8333333333333334,0.8208955223880597,0.8333333333333334,0.5076626539230347,1,0.8333333333333334,0.8333333333333334,,,,,,,,,,,,
vt_h6_c1,55,AttnLRP,answer_only,signed_sum,raw,eligible_body_tokens,0.2,335,69,67,0.20597014925373133,0.9710144927536232,0.2,0.8260869565217391,0.8507462686567164,0.8507462686567164,0.5157881379127502,1,0.8260869565217391,0.8260869565217391,,,,,,,,,,,,
vt_h6_c1,56,AttnLRP,answer_only,signed_sum,raw,eligible_body_tokens,0.2,332,66,67,0.19879518072289157,1.0,0.20180722891566266,0.8787878787878788,0.8656716417910447,0.8787878787878788,0.5428915619850159,1,0.8787878787878788,0.8787878787878788,,,,,,,,,,,,
vt_h6_c1,57,AttnLRP,answer_only,signed_sum,raw,eligible_body_tokens,0.2,330,64,66,0.19393939393939394,1.0,0.2,0.890625,0.8636363636363636,0.890625,0.505602240562439,1,0.890625,0.890625,,,,,,,,,,,,
vt_h6_c1,58,AttnLRP,answer_only,signed_sum,raw,eligible_body_tokens,0.2,330,64,66,0.19393939393939394,1.0,0.2,0.875,0.8484848484848485,0.875,0.5467727184295654,1,0.875,0.875,,,,,,,,,,,,
vt_h6_c1,59,AttnLRP,answer_only,signed_sum,raw,eligible_body_tokens,0.2,330,64,66,0.19393939393939394,1.0,0.2,0.84375,0.8181818181818182,0.84375,0.4505108594894409,1,0.84375,0.84375,,,,,,,,,,,,
vt_h6_c1,60,AttnLRP,answer_only,signed_sum,raw,eligible_body_tokens,0.2,328,62,66,0.18902439024390244,1.0,0.20121951219512196,0.9193548387096774,0.8636363636363636,0.9193548387096774,0.5229232907295227,1,0.9193548387096774,0.9193548387096774,,,,,,,,,,,,
vt_h6_c1,61,AttnLRP,answer_only,signed_sum,raw,eligible_body_tokens,0.2,330,64,66,0.19393939393939394,1.0,0.2,0.890625,0.8636363636363636,0.890625,0.5470571517944336,1,0.890625,0.890625,,,,,,,,,,,,
vt_h6_c1,62,AttnLRP,answer_only,signed_sum,raw,eligible_body_tokens,0.2,332,66,67,0.19879518072289157,1.0,0.20180722891566266,0.8636363636363636,0.8507462686567164,0.8636363636363636,0.5725916624069214,1,0.8636363636363636,0.8636363636363636,,,,,,,,,,,,
vt_h6_c1,63,AttnLRP,answer_only,signed_sum,raw,eligible_body_tokens,0.2,336,70,68,0.20833333333333334,0.9714285714285714,0.20238095238095238,0.8428571428571429,0.8676470588235294,0.8676470588235294,0.4984760880470276,1,0.8428571428571429,0.8428571428571429,,,,,,,,,,,,
vt_h6_c1,64,AttnLRP,answer_only,signed_sum,raw,eligible_body_tokens,0.2,332,66,67,0.19879518072289157,1.0,0.20180722891566266,0.8484848484848485,0.835820895522388,0.8484848484848485,0.4697887599468231,1,0.8484848484848485,0.8484848484848485,,,,,,,,,,,,
vt_h6_c1,65,AttnLRP,answer_only,signed_sum,raw,eligible_body_tokens,0.2,333,67,67,0.2012012012012012,1.0,0.2012012012012012,0.8805970149253731,0.8805970149253731,0.8805970149253731,0.5212799310684204,1,0.8805970149253731,0.8805970149253731,,,,,,,,,,,,
vt_h6_c1,66,AttnLRP,answer_only,signed_sum,raw,eligible_body_tokens,0.2,330,64,66,0.19393939393939394,1.0,0.2,0.875,0.8484848484848485,0.875,0.5232237577438354,1,0.875,0.875,,,,,,,,,,,,
vt_h6_c1,67,AttnLRP,answer_only,signed_sum,raw,eligible_body_tokens,0.2,335,69,67,0.20597014925373133,0.9710144927536232,0.2,0.782608695652174,0.8059701492537313,0.8059701492537313,0.4327327609062195,1,0.782608695652174,0.782608695652174,,,,,,,,,,,,
vt_h6_c1,68,AttnLRP,answer_only,signed_sum,raw,eligible_body_tokens,0.2,328,62,66,0.18902439024390244,1.0,0.20121951219512196,0.8870967741935484,0.8333333333333334,0.8870967741935484,0.5017843246459961,1,0.8870967741935484,0.8870967741935484,,,,,,,,,,,,
vt_h6_c1,69,AttnLRP,answer_only,signed_sum,raw,eligible_body_tokens,0.2,330,64,66,0.19393939393939394,1.0,0.2,0.859375,0.8333333333333334,0.859375,0.45819446444511414,1,0.859375,0.859375,,,,,,,,,,,,
vt_h6_c1,70,AttnLRP,answer_only,signed_sum,raw,eligible_body_tokens,0.2,336,70,68,0.20833333333333334,0.9714285714285714,0.20238095238095238,0.8428571428571429,0.8676470588235294,0.8676470588235294,0.5845072269439697,1,0.8428571428571429,0.8428571428571429,,,,,,,,,,,,
vt_h6_c1,71,AttnLRP,answer_only,signed_sum,raw,eligible_body_tokens,0.2,331,65,67,0.19637462235649547,1.0,0.20241691842900303,0.8923076923076924,0.8656716417910447,0.8923076923076924,0.517630398273468,1,0.8923076923076924,0.8923076923076924,,,,,,,,,,,,
vt_h6_c1,72,AttnLRP,answer_only,signed_sum,raw,eligible_body_tokens,0.2,330,64,66,0.19393939393939394,1.0,0.2,0.921875,0.8939393939393939,0.921875,0.5568276047706604,1,0.921875,0.921875,,,,,,,,,,,,
vt_h6_c1,73,AttnLRP,answer_only,signed_sum,raw,eligible_body_tokens,0.2,332,66,67,0.19879518072289157,1.0,0.20180722891566266,0.8787878787878788,0.8656716417910447,0.8787878787878788,0.6223397254943848,1,0.8787878787878788,0.8787878787878788,,,,,,,,,,,,
vt_h6_c1,74,AttnLRP,answer_only,signed_sum,raw,eligible_body_tokens,0.2,330,64,66,0.19393939393939394,1.0,0.2,0.875,0.8484848484848485,0.875,0.5549463629722595,1,0.875,0.875,,,,,,,,,,,,
vt_h6_c1,75,AttnLRP,answer_only,signed_sum,raw,eligible_body_tokens,0.2,328,62,66,0.18902439024390244,1.0,0.20121951219512196,0.8709677419354839,0.8181818181818182,0.8709677419354839,0.4558425545692444,1,0.8709677419354839,0.8709677419354839,,,,,,,,,,,,
vt_h6_c1,76,AttnLRP,answer_only,signed_sum,raw,eligible_body_tokens,0.2,328,62,66,0.18902439024390244,1.0,0.20121951219512196,0.9032258064516129,0.8484848484848485,0.9032258064516129,0.5188010931015015,1,0.9032258064516129,0.9032258064516129,,,,,,,,,,,,
vt_h6_c1,77,AttnLRP,answer_only,signed_sum,raw,eligible_body_tokens,0.2,332,66,67,0.19879518072289157,1.0,0.20180722891566266,0.8484848484848485,0.835820895522388,0.8484848484848485,0.5419901013374329,1,0.8484848484848485,0.8484848484848485,,,,,,,,,,,,
vt_h6_c1,78,AttnLRP,answer_only,signed_sum,raw,eligible_body_tokens,0.2,334,68,67,0.20359281437125748,0.9852941176470589,0.20059880239520958,0.8823529411764706,0.8955223880597015,0.8955223880597015,0.6380628347396851,1,0.8823529411764706,0.8823529411764706,,,,,,,,,,,,
vt_h6_c1,79,AttnLRP,answer_only,signed_sum,raw,eligible_body_tokens,0.2,332,66,67,0.19879518072289157,1.0,0.20180722891566266,0.803030303030303,0.7910447761194029,0.803030303030303,0.4623255729675293,1,0.803030303030303,0.803030303030303,,,,,,,,,,,,
vt_h6_c1,80,AttnLRP,answer_only,signed_sum,raw,eligible_body_tokens,0.2,332,66,67,0.19879518072289157,1.0,0.20180722891566266,0.8636363636363636,0.8507462686567164,0.8636363636363636,0.5330362319946289,1,0.8636363636363636,0.8636363636363636,,,,,,,,,,,,
vt_h6_c1,81,AttnLRP,answer_only,signed_sum,raw,eligible_body_tokens,0.2,332,66,67,0.19879518072289157,1.0,0.20180722891566266,0.8181818181818182,0.8059701492537313,0.8181818181818182,0.5083828568458557,1,0.8181818181818182,0.8181818181818182,,,,,,,,,,,,
vt_h6_c1,82,AttnLRP,answer_only,signed_sum,raw,eligible_body_tokens,0.2,331,65,67,0.19637462235649547,1.0,0.20241691842900303,0.8461538461538461,0.8208955223880597,0.8461538461538461,0.4979668855667114,1,0.8461538461538461,0.8461538461538461,,,,,,,,,,,,
vt_h6_c1,83,AttnLRP,answer_only,signed_sum,raw,eligible_body_tokens,0.2,328,62,66,0.18902439024390244,1.0,0.20121951219512196,0.8225806451612904,0.7727272727272727,0.8225806451612904,0.46031126379966736,1,0.8225806451612904,0.8225806451612904,,,,,,,,,,,,
vt_h6_c1,84,AttnLRP,answer_only,signed_sum,raw,eligible_body_tokens,0.2,328,62,66,0.18902439024390244,1.0,0.20121951219512196,0.8709677419354839,0.8181818181818182,0.8709677419354839,0.5036983489990234,1,0.8709677419354839,0.8709677419354839,,,,,,,,,,,,
vt_h6_c1,85,AttnLRP,answer_only,signed_sum,raw,eligible_body_tokens,0.2,332,66,67,0.19879518072289157,1.0,0.20180722891566266,0.8484848484848485,0.835820895522388,0.8484848484848485,0.5419057607650757,1,0.8484848484848485,0.8484848484848485,,,,,,,,,,,,
vt_h6_c1,86,AttnLRP,answer_only,signed_sum,raw,eligible_body_tokens,0.2,334,68,67,0.20359281437125748,0.9852941176470589,0.20059880239520958,0.7941176470588235,0.8059701492537313,0.8059701492537313,0.4718548655509949,1,0.7941176470588235,0.7941176470588235,,,,,,,,,,,,
vt_h6_c1,87,AttnLRP,answer_only,signed_sum,raw,eligible_body_tokens,0.2,332,66,67,0.19879518072289157,1.0,0.20180722891566266,0.8484848484848485,0.835820895522388,0.8484848484848485,0.4817458391189575,1,0.8484848484848485,0.8484848484848485,,,,,,,,,,,,
vt_h6_c1,88,AttnLRP,answer_only,signed_sum,raw,eligible_body_tokens,0.2,330,64,66,0.19393939393939394,1.0,0.2,0.828125,0.803030303030303,0.828125,0.5219547748565674,1,0.828125,0.828125,,,,,,,,,,,,
vt_h6_c1,89,AttnLRP,answer_only,signed_sum,raw,eligible_body_tokens,0.2,332,66,67,0.19879518072289157,1.0,0.20180722891566266,0.8484848484848485,0.835820895522388,0.8484848484848485,0.5390849709510803,1,0.8484848484848485,0.8484848484848485,,,,,,,,,,,,
vt_h6_c1,90,AttnLRP,answer_only,signed_sum,raw,eligible_body_tokens,0.2,332,66,67,0.19879518072289157,1.0,0.20180722891566266,0.8333333333333334,0.8208955223880597,0.8333333333333334,0.524827778339386,1,0.8333333333333334,0.8333333333333334,,,,,,,,,,,,
vt_h6_c1,91,AttnLRP,answer_only,signed_sum,raw,eligible_body_tokens,0.2,327,61,66,0.18654434250764526,1.0,0.2018348623853211,0.9016393442622951,0.8333333333333334,0.9016393442622951,0.46989771723747253,1,0.9016393442622951,0.9016393442622951,,,,,,,,,,,,
vt_h6_c1,92,AttnLRP,answer_only,signed_sum,raw,eligible_body_tokens,0.2,330,64,66,0.19393939393939394,1.0,0.2,0.890625,0.8636363636363636,0.890625,0.5822577476501465,1,0.890625,0.890625,,,,,,,,,,,,
vt_h6_c1,93,AttnLRP,answer_only,signed_sum,raw,eligible_body_tokens,0.2,335,69,67,0.20597014925373133,0.9710144927536232,0.2,0.8115942028985508,0.835820895522388,0.835820895522388,0.5819045305252075,1,0.8115942028985508,0.8115942028985508,,,,,,,,,,,,
vt_h6_c1,94,AttnLRP,answer_only,signed_sum,raw,eligible_body_tokens,0.2,330,64,66,0.19393939393939394,1.0,0.2,0.859375,0.8333333333333334,0.859375,0.4976550042629242,1,0.859375,0.859375,,,,,,,,,,,,
vt_h6_c1,95,AttnLRP,answer_only,signed_sum,raw,eligible_body_tokens,0.2,334,68,67,0.20359281437125748,0.9852941176470589,0.20059880239520958,0.8088235294117647,0.8208955223880597,0.8208955223880597,0.5002487301826477,1,0.8088235294117647,0.8088235294117647,,,,,,,,,,,,
vt_h6_c1,96,AttnLRP,answer_only,signed_sum,raw,eligible_body_tokens,0.2,332,66,67,0.19879518072289157,1.0,0.20180722891566266,0.8333333333333334,0.8208955223880597,0.8333333333333334,0.5340203046798706,1,0.8333333333333334,0.8333333333333334,,,,,,,,,,,,
vt_h6_c1,97,AttnLRP,answer_only,signed_sum,raw,eligible_body_tokens,0.2,332,66,67,0.19879518072289157,1.0,0.20180722891566266,0.8484848484848485,0.835820895522388,0.8484848484848485,0.53078293800354,1,0.8484848484848485,0.8484848484848485,,,,,,,,,,,,
vt_h6_c1,98,AttnLRP,answer_only,signed_sum,raw,eligible_body_tokens,0.2,335,69,67,0.20597014925373133,0.9710144927536232,0.2,0.782608695652174,0.8059701492537313,0.8059701492537313,0.5436532497406006,1,0.782608695652174,0.782608695652174,,,,,,,,,,,,
vt_h6_c1,99,AttnLRP,answer_only,signed_sum,raw,eligible_body_tokens,0.2,332,66,67,0.19879518072289157,1.0,0.20180722891566266,0.8484848484848485,0.835820895522388,0.8484848484848485,0.46984970569610596,1,0.8484848484848485,0.8484848484848485,,,,,,,,,,,,
vt_h6_c1,0,FT_K1,answer_only,signed_sum,raw,eligible_body_tokens,0.2,329,63,66,0.19148936170212766,1.0,0.2006079027355623,0.8412698412698413,0.803030303030303,0.8412698412698413,0.07647927105426788,1,0.8412698412698413,0.8412698412698413,,,,,,,,,,,,
vt_h6_c1,1,FT_K1,answer_only,signed_sum,raw,eligible_body_tokens,0.2,335,69,67,0.20597014925373133,0.9710144927536232,0.2,0.8260869565217391,0.8507462686567164,0.8507462686567164,0.08504022657871246,1,0.8260869565217391,0.8260869565217391,,,,,,,,,,,,
vt_h6_c1,2,FT_K1,answer_only,signed_sum,raw,eligible_body_tokens,0.2,330,64,66,0.19393939393939394,1.0,0.2,0.8125,0.7878787878787878,0.8125,0.07325737923383713,1,0.8125,0.8125,,,,,,,,,,,,
vt_h6_c1,3,FT_K1,answer_only,signed_sum,raw,eligible_body_tokens,0.2,335,69,67,0.20597014925373133,0.9710144927536232,0.2,0.8405797101449275,0.8656716417910447,0.8656716417910447,0.08605845272541046,1,0.8405797101449275,0.8405797101449275,,,,,,,,,,,,
vt_h6_c1,4,FT_K1,answer_only,signed_sum,raw,eligible_body_tokens,0.2,330,64,66,0.19393939393939394,1.0,0.2,0.84375,0.8181818181818182,0.84375,0.07622763514518738,1,0.84375,0.84375,,,,,,,,,,,,
vt_h6_c1,5,FT_K1,answer_only,signed_sum,raw,eligible_body_tokens,0.2,330,64,66,0.19393939393939394,1.0,0.2,0.8125,0.7878787878787878,0.8125,0.06932011246681213,1,0.8125,0.8125,,,,,,,,,,,,
vt_h6_c1,6,FT_K1,answer_only,signed_sum,raw,eligible_body_tokens,0.2,333,67,67,0.2012012012012012,1.0,0.2012012012012012,0.835820895522388,0.835820895522388,0.835820895522388,0.07398194819688797,1,0.835820895522388,0.835820895522388,,,,,,,,,,,,
vt_h6_c1,7,FT_K1,answer_only,signed_sum,raw,eligible_body_tokens,0.2,333,67,67,0.2012012012012012,1.0,0.2012012012012012,0.8059701492537313,0.8059701492537313,0.8059701492537313,0.0835537239909172,1,0.8059701492537313,0.8059701492537313,,,,,,,,,,,,
vt_h6_c1,8,FT_K1,answer_only,signed_sum,raw,eligible_body_tokens,0.2,334,68,67,0.20359281437125748,0.9852941176470589,0.20059880239520958,0.8088235294117647,0.8208955223880597,0.8208955223880597,0.08254256099462509,1,0.8088235294117647,0.8088235294117647,,,,,,,,,,,,
vt_h6_c1,9,FT_K1,answer_only,signed_sum,raw,eligible_body_tokens,0.2,334,68,67,0.20359281437125748,0.9852941176470589,0.20059880239520958,0.8235294117647058,0.835820895522388,0.835820895522388,0.08375047892332077,1,0.8235294117647058,0.8235294117647058,,,,,,,,,,,,
vt_h6_c1,10,FT_K1,answer_only,signed_sum,raw,eligible_body_tokens,0.2,329,63,66,0.19148936170212766,1.0,0.2006079027355623,0.8095238095238095,0.7727272727272727,0.8095238095238095,0.07717815786600113,1,0.8095238095238095,0.8095238095238095,,,,,,,,,,,,
vt_h6_c1,11,FT_K1,answer_only,signed_sum,raw,eligible_body_tokens,0.2,332,66,67,0.19879518072289157,1.0,0.20180722891566266,0.8484848484848485,0.835820895522388,0.8484848484848485,0.07496503740549088,1,0.8484848484848485,0.8484848484848485,,,,,,,,,,,,
vt_h6_c1,12,FT_K1,answer_only,signed_sum,raw,eligible_body_tokens,0.2,330,64,66,0.19393939393939394,1.0,0.2,0.859375,0.8333333333333334,0.859375,0.0773986354470253,1,0.859375,0.859375,,,,,,,,,,,,
vt_h6_c1,13,FT_K1,answer_only,signed_sum,raw,eligible_body_tokens,0.2,334,68,67,0.20359281437125748,0.9852941176470589,0.20059880239520958,0.8088235294117647,0.8208955223880597,0.8208955223880597,0.09023694694042206,1,0.8088235294117647,0.8088235294117647,,,,,,,,,,,,
vt_h6_c1,14,FT_K1,answer_only,signed_sum,raw,eligible_body_tokens,0.2,330,64,66,0.19393939393939394,1.0,0.2,0.8125,0.7878787878787878,0.8125,0.07353170961141586,1,0.8125,0.8125,,,,,,,,,,,,
vt_h6_c1,15,FT_K1,answer_only,signed_sum,raw,eligible_body_tokens,0.2,332,66,67,0.19879518072289157,1.0,0.20180722891566266,0.803030303030303,0.7910447761194029,0.803030303030303,0.07639117538928986,1,0.803030303030303,0.803030303030303,,,,,,,,,,,,
vt_h6_c1,16,FT_K1,answer_only,signed_sum,raw,eligible_body_tokens,0.2,334,68,67,0.20359281437125748,0.9852941176470589,0.20059880239520958,0.7941176470588235,0.8059701492537313,0.8059701492537313,0.08892856538295746,1,0.7941176470588235,0.7941176470588235,,,,,,,,,,,,
vt_h6_c1,17,FT_K1,answer_only,signed_sum,raw,eligible_body_tokens,0.2,334,68,67,0.20359281437125748,0.9852941176470589,0.20059880239520958,0.8088235294117647,0.8208955223880597,0.8208955223880597,0.08854556083679199,1,0.8088235294117647,0.8088235294117647,,,,,,,,,,,,
vt_h6_c1,18,FT_K1,answer_only,signed_sum,raw,eligible_body_tokens,0.2,330,64,66,0.19393939393939394,1.0,0.2,0.828125,0.803030303030303,0.828125,0.0733276903629303,1,0.828125,0.828125,,,,,,,,,,,,
vt_h6_c1,19,FT_K1,answer_only,signed_sum,raw,eligible_body_tokens,0.2,335,69,67,0.20597014925373133,0.9710144927536232,0.2,0.8260869565217391,0.8507462686567164,0.8507462686567164,0.0979282408952713,1,0.8260869565217391,0.8260869565217391,,,,,,,,,,,,
vt_h6_c1,20,FT_K1,answer_only,signed_sum,raw,eligible_body_tokens,0.2,332,66,67,0.19879518072289157,1.0,0.20180722891566266,0.8333333333333334,0.8208955223880597,0.8333333333333334,0.08050782233476639,1,0.8333333333333334,0.8333333333333334,,,,,,,,,,,,
vt_h6_c1,21,FT_K1,answer_only,signed_sum,raw,eligible_body_tokens,0.2,332,66,67,0.19879518072289157,1.0,0.20180722891566266,0.8181818181818182,0.8059701492537313,0.8181818181818182,0.07544073462486267,1,0.8181818181818182,0.8181818181818182,,,,,,,,,,,,
vt_h6_c1,22,FT_K1,answer_only,signed_sum,raw,eligible_body_tokens,0.2,332,66,67,0.19879518072289157,1.0,0.20180722891566266,0.8484848484848485,0.835820895522388,0.8484848484848485,0.07764169573783875,1,0.8484848484848485,0.8484848484848485,,,,,,,,,,,,
vt_h6_c1,23,FT_K1,answer_only,signed_sum,raw,eligible_body_tokens,0.2,332,66,67,0.19879518072289157,1.0,0.20180722891566266,0.8484848484848485,0.835820895522388,0.8484848484848485,0.07456463575363159,1,0.8484848484848485,0.8484848484848485,,,,,,,,,,,,
vt_h6_c1,24,FT_K1,answer_only,signed_sum,raw,eligible_body_tokens,0.2,335,69,67,0.20597014925373133,0.9710144927536232,0.2,0.8260869565217391,0.8507462686567164,0.8507462686567164,0.07823596149682999,1,0.8260869565217391,0.8260869565217391,,,,,,,,,,,,
vt_h6_c1,25,FT_K1,answer_only,signed_sum,raw,eligible_body_tokens,0.2,330,64,66,0.19393939393939394,1.0,0.2,0.828125,0.803030303030303,0.828125,0.06973937153816223,1,0.828125,0.828125,,,,,,,,,,,,
vt_h6_c1,26,FT_K1,answer_only,signed_sum,raw,eligible_body_tokens,0.2,334,68,67,0.20359281437125748,0.9852941176470589,0.20059880239520958,0.8382352941176471,0.8507462686567164,0.8507462686567164,0.0863218754529953,1,0.8382352941176471,0.8382352941176471,,,,,,,,,,,,
vt_h6_c1,27,FT_K1,answer_only,signed_sum,raw,eligible_body_tokens,0.2,332,66,67,0.19879518072289157,1.0,0.20180722891566266,0.8181818181818182,0.8059701492537313,0.8181818181818182,0.07536646723747253,1,0.8181818181818182,0.8181818181818182,,,,,,,,,,,,
vt_h6_c1,28,FT_K1,answer_only,signed_sum,raw,eligible_body_tokens,0.2,331,65,67,0.19637462235649547,1.0,0.20241691842900303,0.8153846153846154,0.7910447761194029,0.8153846153846154,0.08247223496437073,1,0.8153846153846154,0.8153846153846154,,,,,,,,,,,,
vt_h6_c1,29,FT_K1,answer_only,signed_sum,raw,eligible_body_tokens,0.2,331,65,67,0.19637462235649547,1.0,0.20241691842900303,0.8461538461538461,0.8208955223880597,0.8461538461538461,0.07384222000837326,1,0.8461538461538461,0.8461538461538461,,,,,,,,,,,,
vt_h6_c1,30,FT_K1,answer_only,signed_sum,raw,eligible_body_tokens,0.2,330,64,66,0.19393939393939394,1.0,0.2,0.875,0.8484848484848485,0.875,0.07534845918416977,1,0.875,0.875,,,,,,,,,,,,
vt_h6_c1,31,FT_K1,answer_only,signed_sum,raw,eligible_body_tokens,0.2,330,64,66,0.19393939393939394,1.0,0.2,0.796875,0.7727272727272727,0.796875,0.07967964559793472,1,0.796875,0.796875,,,,,,,,,,,,
vt_h6_c1,32,FT_K1,answer_only,signed_sum,raw,eligible_body_tokens,0.2,330,64,66,0.19393939393939394,1.0,0.2,0.828125,0.803030303030303,0.828125,0.0732525885105133,1,0.828125,0.828125,,,,,,,,,,,,
vt_h6_c1,33,FT_K1,answer_only,signed_sum,raw,eligible_body_tokens,0.2,330,64,66,0.19393939393939394,1.0,0.2,0.8125,0.7878787878787878,0.8125,0.06974416971206665,1,0.8125,0.8125,,,,,,,,,,,,
vt_h6_c1,34,FT_K1,answer_only,signed_sum,raw,eligible_body_tokens,0.2,331,65,67,0.19637462235649547,1.0,0.20241691842900303,0.8153846153846154,0.7910447761194029,0.8153846153846154,0.07976736128330231,1,0.8153846153846154,0.8153846153846154,,,,,,,,,,,,
vt_h6_c1,35,FT_K1,answer_only,signed_sum,raw,eligible_body_tokens,0.2,333,67,67,0.2012012012012012,1.0,0.2012012012012012,0.8208955223880597,0.8208955223880597,0.8208955223880597,0.08797326683998108,1,0.8208955223880597,0.8208955223880597,,,,,,,,,,,,
vt_h6_c1,36,FT_K1,answer_only,signed_sum,raw,eligible_body_tokens,0.2,331,65,67,0.19637462235649547,1.0,0.20241691842900303,0.8307692307692308,0.8059701492537313,0.8307692307692308,0.075204998254776,1,0.8307692307692308,0.8307692307692308,,,,,,,,,,,,
vt_h6_c1,37,FT_K1,answer_only,signed_sum,raw,eligible_body_tokens,0.2,335,69,67,0.20597014925373133,0.9710144927536232,0.2,0.782608695652174,0.8059701492537313,0.8059701492537313,0.08149195462465286,1,0.782608695652174,0.782608695652174,,,,,,,,,,,,
vt_h6_c1,38,FT_K1,answer_only,signed_sum,raw,eligible_body_tokens,0.2,330,64,66,0.19393939393939394,1.0,0.2,0.796875,0.7727272727272727,0.796875,0.07272925227880478,1,0.796875,0.796875,,,,,,,,,,,,
vt_h6_c1,39,FT_K1,answer_only,signed_sum,raw,eligible_body_tokens,0.2,332,66,67,0.19879518072289157,1.0,0.20180722891566266,0.8636363636363636,0.8507462686567164,0.8636363636363636,0.07834365218877792,1,0.8636363636363636,0.8636363636363636,,,,,,,,,,,,
vt_h6_c1,40,FT_K1,answer_only,signed_sum,raw,eligible_body_tokens,0.2,330,64,66,0.19393939393939394,1.0,0.2,0.828125,0.803030303030303,0.828125,0.0768817588686943,1,0.828125,0.828125,,,,,,,,,,,,
vt_h6_c1,41,FT_K1,answer_only,signed_sum,raw,eligible_body_tokens,0.2,334,68,67,0.20359281437125748,0.9852941176470589,0.20059880239520958,0.8235294117647058,0.835820895522388,0.835820895522388,0.08058731257915497,1,0.8235294117647058,0.8235294117647058,,,,,,,,,,,,
vt_h6_c1,42,FT_K1,answer_only,signed_sum,raw,eligible_body_tokens,0.2,333,67,67,0.2012012012012012,1.0,0.2012012012012012,0.8208955223880597,0.8208955223880597,0.8208955223880597,0.07418246567249298,1,0.8208955223880597,0.8208955223880597,,,,,,,,,,,,
vt_h6_c1,43,FT_K1,answer_only,signed_sum,raw,eligible_body_tokens,0.2,331,65,67,0.19637462235649547,1.0,0.20241691842900303,0.8153846153846154,0.7910447761194029,0.8153846153846154,0.06808418035507202,1,0.8153846153846154,0.8153846153846154,,,,,,,,,,,,
vt_h6_c1,44,FT_K1,answer_only,signed_sum,raw,eligible_body_tokens,0.2,331,65,67,0.19637462235649547,1.0,0.20241691842900303,0.8461538461538461,0.8208955223880597,0.8461538461538461,0.07374849915504456,1,0.8461538461538461,0.8461538461538461,,,,,,,,,,,,
vt_h6_c1,45,FT_K1,answer_only,signed_sum,raw,eligible_body_tokens,0.2,334,68,67,0.20359281437125748,0.9852941176470589,0.20059880239520958,0.8235294117647058,0.835820895522388,0.835820895522388,0.08433497697114944,1,0.8235294117647058,0.8235294117647058,,,,,,,,,,,,
vt_h6_c1,46,FT_K1,answer_only,signed_sum,raw,eligible_body_tokens,0.2,330,64,66,0.19393939393939394,1.0,0.2,0.8125,0.7878787878787878,0.8125,0.07987000793218613,1,0.8125,0.8125,,,,,,,,,,,,
vt_h6_c1,47,FT_K1,answer_only,signed_sum,raw,eligible_body_tokens,0.2,332,66,67,0.19879518072289157,1.0,0.20180722891566266,0.8333333333333334,0.8208955223880597,0.8333333333333334,0.07748186588287354,1,0.8333333333333334,0.8333333333333334,,,,,,,,,,,,
vt_h6_c1,48,FT_K1,answer_only,signed_sum,raw,eligible_body_tokens,0.2,329,63,66,0.19148936170212766,1.0,0.2006079027355623,0.8571428571428571,0.8181818181818182,0.8571428571428571,0.0739385113120079,1,0.8571428571428571,0.8571428571428571,,,,,,,,,,,,
vt_h6_c1,49,FT_K1,answer_only,signed_sum,raw,eligible_body_tokens,0.2,328,62,66,0.18902439024390244,1.0,0.20121951219512196,0.8548387096774194,0.803030303030303,0.8548387096774194,0.07621879130601883,1,0.8548387096774194,0.8548387096774194,,,,,,,,,,,,
vt_h6_c1,50,FT_K1,answer_only,signed_sum,raw,eligible_body_tokens,0.2,332,66,67,0.19879518072289157,1.0,0.20180722891566266,0.803030303030303,0.7910447761194029,0.803030303030303,0.08126045018434525,1,0.803030303030303,0.803030303030303,,,,,,,,,,,,
vt_h6_c1,51,FT_K1,answer_only,signed_sum,raw,eligible_body_tokens,0.2,334,68,67,0.20359281437125748,0.9852941176470589,0.20059880239520958,0.8088235294117647,0.8208955223880597,0.8208955223880597,0.0756961852312088,1,0.8088235294117647,0.8088235294117647,,,,,,,,,,,,
vt_h6_c1,52,FT_K1,answer_only,signed_sum,raw,eligible_body_tokens,0.2,333,67,67,0.2012012012012012,1.0,0.2012012012012012,0.8208955223880597,0.8208955223880597,0.8208955223880597,0.07740157842636108,1,0.8208955223880597,0.8208955223880597,,,,,,,,,,,,
vt_h6_c1,53,FT_K1,answer_only,signed_sum,raw,eligible_body_tokens,0.2,338,72,68,0.21301775147928995,0.9444444444444444,0.20118343195266272,0.8055555555555556,0.8529411764705882,0.8529411764705882,0.10160311311483383,1,0.8055555555555556,0.8055555555555556,,,,,,,,,,,,
vt_h6_c1,54,FT_K1,answer_only,signed_sum,raw,eligible_body_tokens,0.2,332,66,67,0.19879518072289157,1.0,0.20180722891566266,0.8484848484848485,0.835820895522388,0.8484848484848485,0.07613751292228699,1,0.8484848484848485,0.8484848484848485,,,,,,,,,,,,
vt_h6_c1,55,FT_K1,answer_only,signed_sum,raw,eligible_body_tokens,0.2,335,69,67,0.20597014925373133,0.9710144927536232,0.2,0.782608695652174,0.8059701492537313,0.8059701492537313,0.08473669737577438,1,0.782608695652174,0.782608695652174,,,,,,,,,,,,
vt_h6_c1,56,FT_K1,answer_only,signed_sum,raw,eligible_body_tokens,0.2,332,66,67,0.19879518072289157,1.0,0.20180722891566266,0.8333333333333334,0.8208955223880597,0.8333333333333334,0.07804261147975922,1,0.8333333333333334,0.8333333333333334,,,,,,,,,,,,
vt_h6_c1,57,FT_K1,answer_only,signed_sum,raw,eligible_body_tokens,0.2,330,64,66,0.19393939393939394,1.0,0.2,0.8125,0.7878787878787878,0.8125,0.0742451474070549,1,0.8125,0.8125,,,,,,,,,,,,
vt_h6_c1,58,FT_K1,answer_only,signed_sum,raw,eligible_body_tokens,0.2,330,64,66,0.19393939393939394,1.0,0.2,0.84375,0.8181818181818182,0.84375,0.07645630091428757,1,0.84375,0.84375,,,,,,,,,,,,
vt_h6_c1,59,FT_K1,answer_only,signed_sum,raw,eligible_body_tokens,0.2,330,64,66,0.19393939393939394,1.0,0.2,0.828125,0.803030303030303,0.828125,0.07977164536714554,1,0.828125,0.828125,,,,,,,,,,,,
vt_h6_c1,60,FT_K1,answer_only,signed_sum,raw,eligible_body_tokens,0.2,328,62,66,0.18902439024390244,1.0,0.20121951219512196,0.8225806451612904,0.7727272727272727,0.8225806451612904,0.06763938069343567,1,0.8225806451612904,0.8225806451612904,,,,,,,,,,,,
vt_h6_c1,61,FT_K1,answer_only,signed_sum,raw,eligible_body_tokens,0.2,330,64,66,0.19393939393939394,1.0,0.2,0.8125,0.7878787878787878,0.8125,0.07990137487649918,1,0.8125,0.8125,,,,,,,,,,,,
vt_h6_c1,62,FT_K1,answer_only,signed_sum,raw,eligible_body_tokens,0.2,332,66,67,0.19879518072289157,1.0,0.20180722891566266,0.8181818181818182,0.8059701492537313,0.8181818181818182,0.08174407482147217,1,0.8181818181818182,0.8181818181818182,,,,,,,,,,,,
vt_h6_c1,63,FT_K1,answer_only,signed_sum,raw,eligible_body_tokens,0.2,336,70,68,0.20833333333333334,0.9714285714285714,0.20238095238095238,0.8142857142857143,0.8382352941176471,0.8382352941176471,0.08397804945707321,1,0.8142857142857143,0.8142857142857143,,,,,,,,,,,,
vt_h6_c1,64,FT_K1,answer_only,signed_sum,raw,eligible_body_tokens,0.2,332,66,67,0.19879518072289157,1.0,0.20180722891566266,0.8484848484848485,0.835820895522388,0.8484848484848485,0.0833563283085823,1,0.8484848484848485,0.8484848484848485,,,,,,,,,,,,
vt_h6_c1,65,FT_K1,answer_only,signed_sum,raw,eligible_body_tokens,0.2,333,67,67,0.2012012012012012,1.0,0.2012012012012012,0.8208955223880597,0.8208955223880597,0.8208955223880597,0.08584398776292801,1,0.8208955223880597,0.8208955223880597,,,,,,,,,,,,
vt_h6_c1,66,FT_K1,answer_only,signed_sum,raw,eligible_body_tokens,0.2,330,64,66,0.19393939393939394,1.0,0.2,0.828125,0.803030303030303,0.828125,0.07556813210248947,1,0.828125,0.828125,,,,,,,,,,,,
vt_h6_c1,67,FT_K1,answer_only,signed_sum,raw,eligible_body_tokens,0.2,335,69,67,0.20597014925373133,0.9710144927536232,0.2,0.8115942028985508,0.835820895522388,0.835820895522388,0.08526704460382462,1,0.8115942028985508,0.8115942028985508,,,,,,,,,,,,
vt_h6_c1,68,FT_K1,answer_only,signed_sum,raw,eligible_body_tokens,0.2,328,62,66,0.18902439024390244,1.0,0.20121951219512196,0.8064516129032258,0.7575757575757576,0.8064516129032258,0.0738680511713028,1,0.8064516129032258,0.8064516129032258,,,,,,,,,,,,
vt_h6_c1,69,FT_K1,answer_only,signed_sum,raw,eligible_body_tokens,0.2,330,64,66,0.19393939393939394,1.0,0.2,0.859375,0.8333333333333334,0.859375,0.07220061868429184,1,0.859375,0.859375,,,,,,,,,,,,
vt_h6_c1,70,FT_K1,answer_only,signed_sum,raw,eligible_body_tokens,0.2,336,70,68,0.20833333333333334,0.9714285714285714,0.20238095238095238,0.8285714285714286,0.8529411764705882,0.8529411764705882,0.08855728060007095,1,0.8285714285714286,0.8285714285714286,,,,,,,,,,,,
vt_h6_c1,71,FT_K1,answer_only,signed_sum,raw,eligible_body_tokens,0.2,331,65,67,0.19637462235649547,1.0,0.20241691842900303,0.8307692307692308,0.8059701492537313,0.8307692307692308,0.0820728987455368,1,0.8307692307692308,0.8307692307692308,,,,,,,,,,,,
vt_h6_c1,72,FT_K1,answer_only,signed_sum,raw,eligible_body_tokens,0.2,330,64,66,0.19393939393939394,1.0,0.2,0.796875,0.7727272727272727,0.796875,0.08236733824014664,1,0.796875,0.796875,,,,,,,,,,,,
vt_h6_c1,73,FT_K1,answer_only,signed_sum,raw,eligible_body_tokens,0.2,332,66,67,0.19879518072289157,1.0,0.20180722891566266,0.8181818181818182,0.8059701492537313,0.8181818181818182,0.07181219011545181,1,0.8181818181818182,0.8181818181818182,,,,,,,,,,,,
vt_h6_c1,74,FT_K1,answer_only,signed_sum,raw,eligible_body_tokens,0.2,330,64,66,0.19393939393939394,1.0,0.2,0.828125,0.803030303030303,0.828125,0.06921476870775223,1,0.828125,0.828125,,,,,,,,,,,,
vt_h6_c1,75,FT_K1,answer_only,signed_sum,raw,eligible_body_tokens,0.2,328,62,66,0.18902439024390244,1.0,0.20121951219512196,0.8548387096774194,0.803030303030303,0.8548387096774194,0.07224254310131073,1,0.8548387096774194,0.8548387096774194,,,,,,,,,,,,
vt_h6_c1,76,FT_K1,answer_only,signed_sum,raw,eligible_body_tokens,0.2,328,62,66,0.18902439024390244,1.0,0.20121951219512196,0.8387096774193549,0.7878787878787878,0.8387096774193549,0.07242067158222198,1,0.8387096774193549,0.8387096774193549,,,,,,,,,,,,
vt_h6_c1,77,FT_K1,answer_only,signed_sum,raw,eligible_body_tokens,0.2,332,66,67,0.19879518072289157,1.0,0.20180722891566266,0.8333333333333334,0.8208955223880597,0.8333333333333334,0.08948107808828354,1,0.8333333333333334,0.8333333333333334,,,,,,,,,,,,
vt_h6_c1,78,FT_K1,answer_only,signed_sum,raw,eligible_body_tokens,0.2,334,68,67,0.20359281437125748,0.9852941176470589,0.20059880239520958,0.8235294117647058,0.835820895522388,0.835820895522388,0.07803350687026978,1,0.8235294117647058,0.8235294117647058,,,,,,,,,,,,
vt_h6_c1,79,FT_K1,answer_only,signed_sum,raw,eligible_body_tokens,0.2,332,66,67,0.19879518072289157,1.0,0.20180722891566266,0.8333333333333334,0.8208955223880597,0.8333333333333334,0.07940410077571869,1,0.8333333333333334,0.8333333333333334,,,,,,,,,,,,
vt_h6_c1,80,FT_K1,answer_only,signed_sum,raw,eligible_body_tokens,0.2,332,66,67,0.19879518072289157,1.0,0.20180722891566266,0.8636363636363636,0.8507462686567164,0.8636363636363636,0.07744473218917847,1,0.8636363636363636,0.8636363636363636,,,,,,,,,,,,
vt_h6_c1,81,FT_K1,answer_only,signed_sum,raw,eligible_body_tokens,0.2,332,66,67,0.19879518072289157,1.0,0.20180722891566266,0.8181818181818182,0.8059701492537313,0.8181818181818182,0.07747933268547058,1,0.8181818181818182,0.8181818181818182,,,,,,,,,,,,
vt_h6_c1,82,FT_K1,answer_only,signed_sum,raw,eligible_body_tokens,0.2,331,65,67,0.19637462235649547,1.0,0.20241691842900303,0.8,0.7761194029850746,0.8,0.07679607719182968,1,0.8,0.8,,,,,,,,,,,,
vt_h6_c1,83,FT_K1,answer_only,signed_sum,raw,eligible_body_tokens,0.2,328,62,66,0.18902439024390244,1.0,0.20121951219512196,0.8387096774193549,0.7878787878787878,0.8387096774193549,0.0757979154586792,1,0.8387096774193549,0.8387096774193549,,,,,,,,,,,,
vt_h6_c1,84,FT_K1,answer_only,signed_sum,raw,eligible_body_tokens,0.2,328,62,66,0.18902439024390244,1.0,0.20121951219512196,0.8709677419354839,0.8181818181818182,0.8709677419354839,0.0614379346370697,1,0.8709677419354839,0.8709677419354839,,,,,,,,,,,,
vt_h6_c1,85,FT_K1,answer_only,signed_sum,raw,eligible_body_tokens,0.2,332,66,67,0.19879518072289157,1.0,0.20180722891566266,0.803030303030303,0.7910447761194029,0.803030303030303,0.088511161506176,1,0.803030303030303,0.803030303030303,,,,,,,,,,,,
vt_h6_c1,86,FT_K1,answer_only,signed_sum,raw,eligible_body_tokens,0.2,334,68,67,0.20359281437125748,0.9852941176470589,0.20059880239520958,0.8382352941176471,0.8507462686567164,0.8507462686567164,0.08038599044084549,1,0.8382352941176471,0.8382352941176471,,,,,,,,,,,,
vt_h6_c1,87,FT_K1,answer_only,signed_sum,raw,eligible_body_tokens,0.2,332,66,67,0.19879518072289157,1.0,0.20180722891566266,0.8333333333333334,0.8208955223880597,0.8333333333333334,0.07613609731197357,1,0.8333333333333334,0.8333333333333334,,,,,,,,,,,,
vt_h6_c1,88,FT_K1,answer_only,signed_sum,raw,eligible_body_tokens,0.2,330,64,66,0.19393939393939394,1.0,0.2,0.8125,0.7878787878787878,0.8125,0.07035133242607117,1,0.8125,0.8125,,,,,,,,,,,,
vt_h6_c1,89,FT_K1,answer_only,signed_sum,raw,eligible_body_tokens,0.2,332,66,67,0.19879518072289157,1.0,0.20180722891566266,0.8333333333333334,0.8208955223880597,0.8333333333333334,0.07719312608242035,1,0.8333333333333334,0.8333333333333334,,,,,,,,,,,,
vt_h6_c1,90,FT_K1,answer_only,signed_sum,raw,eligible_body_tokens,0.2,332,66,67,0.19879518072289157,1.0,0.20180722891566266,0.8181818181818182,0.8059701492537313,0.8181818181818182,0.08699335157871246,1,0.8181818181818182,0.8181818181818182,,,,,,,,,,,,
vt_h6_c1,91,FT_K1,answer_only,signed_sum,raw,eligible_body_tokens,0.2,327,61,66,0.18654434250764526,1.0,0.2018348623853211,0.819672131147541,0.7575757575757576,0.819672131147541,0.07197028398513794,1,0.819672131147541,0.819672131147541,,,,,,,,,,,,
vt_h6_c1,92,FT_K1,answer_only,signed_sum,raw,eligible_body_tokens,0.2,330,64,66,0.19393939393939394,1.0,0.2,0.84375,0.8181818181818182,0.84375,0.07581103593111038,1,0.84375,0.84375,,,,,,,,,,,,
vt_h6_c1,93,FT_K1,answer_only,signed_sum,raw,eligible_body_tokens,0.2,335,69,67,0.20597014925373133,0.9710144927536232,0.2,0.8405797101449275,0.8656716417910447,0.8656716417910447,0.08509466052055359,1,0.8405797101449275,0.8405797101449275,,,,,,,,,,,,
vt_h6_c1,94,FT_K1,answer_only,signed_sum,raw,eligible_body_tokens,0.2,330,64,66,0.19393939393939394,1.0,0.2,0.84375,0.8181818181818182,0.84375,0.07006768882274628,1,0.84375,0.84375,,,,,,,,,,,,
vt_h6_c1,95,FT_K1,answer_only,signed_sum,raw,eligible_body_tokens,0.2,334,68,67,0.20359281437125748,0.9852941176470589,0.20059880239520958,0.8235294117647058,0.835820895522388,0.835820895522388,0.08274774253368378,1,0.8235294117647058,0.8235294117647058,,,,,,,,,,,,
vt_h6_c1,96,FT_K1,answer_only,signed_sum,raw,eligible_body_tokens,0.2,332,66,67,0.19879518072289157,1.0,0.20180722891566266,0.8333333333333334,0.8208955223880597,0.8333333333333334,0.0713384598493576,1,0.8333333333333334,0.8333333333333334,,,,,,,,,,,,
vt_h6_c1,97,FT_K1,answer_only,signed_sum,raw,eligible_body_tokens,0.2,332,66,67,0.19879518072289157,1.0,0.20180722891566266,0.8333333333333334,0.8208955223880597,0.8333333333333334,0.08252537250518799,1,0.8333333333333334,0.8333333333333334,,,,,,,,,,,,
vt_h6_c1,98,FT_K1,answer_only,signed_sum,raw,eligible_body_tokens,0.2,335,69,67,0.20597014925373133,0.9710144927536232,0.2,0.8115942028985508,0.835820895522388,0.835820895522388,0.0852176770567894,1,0.8115942028985508,0.8115942028985508,,,,,,,,,,,,
vt_h6_c1,99,FT_K1,answer_only,signed_sum,raw,eligible_body_tokens,0.2,332,66,67,0.19879518072289157,1.0,0.20180722891566266,0.8181818181818182,0.8059701492537313,0.8181818181818182,0.07409226894378662,1,0.8181818181818182,0.8181818181818182,,,,,,,,,,,,
vt_h10_c1,0,DT,answer_only,signed_sum,raw,eligible_body_tokens,0.3,333,105,100,0.3153153153153153,0.9523809523809523,0.3003003003003003,0.8857142857142857,0.93,0.93,0.10004357993602753,1,0.8857142857142857,0.8857142857142857,,,,,,,,,,,,
vt_h10_c1,1,DT,answer_only,signed_sum,raw,eligible_body_tokens,0.3,331,103,100,0.311178247734139,0.970873786407767,0.3021148036253776,0.8737864077669902,0.9,0.9,0.10272956639528275,1,0.8737864077669902,0.8737864077669902,,,,,,,,,,,,
vt_h10_c1,2,DT,answer_only,signed_sum,raw,eligible_body_tokens,0.3,335,107,101,0.3194029850746269,0.9439252336448598,0.30149253731343284,0.8691588785046729,0.9207920792079208,0.9207920792079208,0.10546902567148209,1,0.8691588785046729,0.8691588785046729,,,,,,,,,,,,
vt_h10_c1,3,DT,answer_only,signed_sum,raw,eligible_body_tokens,0.3,330,102,99,0.3090909090909091,0.9705882352941176,0.3,0.8725490196078431,0.898989898989899,0.898989898989899,0.10705926269292831,1,0.8725490196078431,0.8725490196078431,,,,,,,,,,,,
vt_h10_c1,4,DT,answer_only,signed_sum,raw,eligible_body_tokens,0.3,330,102,99,0.3090909090909091,0.9705882352941176,0.3,0.8921568627450981,0.9191919191919192,0.9191919191919192,0.10334277153015137,1,0.8921568627450981,0.8921568627450981,,,,,,,,,,,,
vt_h10_c1,5,DT,answer_only,signed_sum,raw,eligible_body_tokens,0.3,332,104,100,0.3132530120481928,0.9615384615384616,0.30120481927710846,0.8846153846153846,0.92,0.92,0.09698735177516937,1,0.8846153846153846,0.8846153846153846,,,,,,,,,,,,
vt_h10_c1,6,DT,answer_only,signed_sum,raw,eligible_body_tokens,0.3,328,100,99,0.3048780487804878,0.99,0.3018292682926829,0.89,0.898989898989899,0.898989898989899,0.10306096822023392,1,0.89,0.89,,,,,,,,,,,,
vt_h10_c1,7,DT,answer_only,signed_sum,raw,eligible_body_tokens,0.3,329,101,99,0.3069908814589666,0.9801980198019802,0.3009118541033435,0.8712871287128713,0.8888888888888888,0.8888888888888888,0.11938615888357162,1,0.8712871287128713,0.8712871287128713,,,,,,,,,,,,
vt_h10_c1,8,DT,answer_only,signed_sum,raw,eligible_body_tokens,0.3,329,101,99,0.3069908814589666,0.9801980198019802,0.3009118541033435,0.8712871287128713,0.8888888888888888,0.8888888888888888,0.08543390780687332,1,0.8712871287128713,0.8712871287128713,,,,,,,,,,,,
vt_h10_c1,9,DT,answer_only,signed_sum,raw,eligible_body_tokens,0.3,332,104,100,0.3132530120481928,0.9615384615384616,0.30120481927710846,0.8653846153846154,0.9,0.9,0.09976139664649963,1,0.8653846153846154,0.8653846153846154,,,,,,,,,,,,
vt_h10_c1,10,DT,answer_only,signed_sum,raw,eligible_body_tokens,0.3,328,100,99,0.3048780487804878,0.99,0.3018292682926829,0.89,0.898989898989899,0.898989898989899,0.10780896246433258,1,0.89,0.89,,,,,,,,,,,,
vt_h10_c1,11,DT,answer_only,signed_sum,raw,eligible_body_tokens,0.3,329,101,99,0.3069908814589666,0.9801980198019802,0.3009118541033435,0.900990099009901,0.9191919191919192,0.9191919191919192,0.11490727216005325,1,0.900990099009901,0.900990099009901,,,,,,,,,,,,
vt_h10_c1,12,DT,answer_only,signed_sum,raw,eligible_body_tokens,0.3,327,99,99,0.30275229357798167,1.0,0.30275229357798167,0.8787878787878788,0.8787878787878788,0.8787878787878788,0.08447140455245972,1,0.8787878787878788,0.8787878787878788,,,,,,,,,,,,
vt_h10_c1,13,DT,answer_only,signed_sum,raw,eligible_body_tokens,0.3,330,102,99,0.3090909090909091,0.9705882352941176,0.3,0.9019607843137255,0.9292929292929293,0.9292929292929293,0.10296105593442917,1,0.9019607843137255,0.9019607843137255,,,,,,,,,,,,
vt_h10_c1,14,DT,answer_only,signed_sum,raw,eligible_body_tokens,0.3,330,102,99,0.3090909090909091,0.9705882352941176,0.3,0.9019607843137255,0.9292929292929293,0.9292929292929293,0.11561451852321625,1,0.9019607843137255,0.9019607843137255,,,,,,,,,,,,
vt_h10_c1,15,DT,answer_only,signed_sum,raw,eligible_body_tokens,0.3,333,105,100,0.3153153153153153,0.9523809523809523,0.3003003003003003,0.8857142857142857,0.93,0.93,0.1315256953239441,1,0.8857142857142857,0.8857142857142857,,,,,,,,,,,,
vt_h10_c1,16,DT,answer_only,signed_sum,raw,eligible_body_tokens,0.3,332,104,100,0.3132530120481928,0.9615384615384616,0.30120481927710846,0.8653846153846154,0.9,0.9,0.10643022507429123,1,0.8653846153846154,0.8653846153846154,,,,,,,,,,,,
vt_h10_c1,17,DT,answer_only,signed_sum,raw,eligible_body_tokens,0.3,330,102,99,0.3090909090909091,0.9705882352941176,0.3,0.8725490196078431,0.898989898989899,0.898989898989899,0.11352364718914032,1,0.8725490196078431,0.8725490196078431,,,,,,,,,,,,
vt_h10_c1,18,DT,answer_only,signed_sum,raw,eligible_body_tokens,0.3,330,102,99,0.3090909090909091,0.9705882352941176,0.3,0.9019607843137255,0.9292929292929293,0.9292929292929293,0.1083388477563858,1,0.9019607843137255,0.9019607843137255,,,,,,,,,,,,
vt_h10_c1,19,DT,answer_only,signed_sum,raw,eligible_body_tokens,0.3,334,106,101,0.31736526946107785,0.9528301886792453,0.3023952095808383,0.8679245283018868,0.9108910891089109,0.9108910891089109,0.10063451528549194,1,0.8679245283018868,0.8679245283018868,,,,,,,,,,,,
vt_h10_c1,20,DT,answer_only,signed_sum,raw,eligible_body_tokens,0.3,326,98,98,0.3006134969325153,1.0,0.3006134969325153,0.8979591836734694,0.8979591836734694,0.8979591836734694,0.09632302075624466,1,0.8979591836734694,0.8979591836734694,,,,,,,,,,,,
vt_h10_c1,21,DT,answer_only,signed_sum,raw,eligible_body_tokens,0.3,331,103,100,0.311178247734139,0.970873786407767,0.3021148036253776,0.8932038834951457,0.92,0.92,0.11094943434000015,1,0.8932038834951457,0.8932038834951457,,,,,,,,,,,,
vt_h10_c1,22,DT,answer_only,signed_sum,raw,eligible_body_tokens,0.3,328,100,99,0.3048780487804878,0.99,0.3018292682926829,0.9,0.9090909090909091,0.9090909090909091,0.10496726632118225,1,0.9,0.9,,,,,,,,,,,,
vt_h10_c1,23,DT,answer_only,signed_sum,raw,eligible_body_tokens,0.3,332,104,100,0.3132530120481928,0.9615384615384616,0.30120481927710846,0.9038461538461539,0.94,0.94,0.10304094851016998,1,0.9038461538461539,0.9038461538461539,,,,,,,,,,,,
vt_h10_c1,24,DT,answer_only,signed_sum,raw,eligible_body_tokens,0.3,332,104,100,0.3132530120481928,0.9615384615384616,0.30120481927710846,0.875,0.91,0.91,0.09843981266021729,1,0.875,0.875,,,,,,,,,,,,
vt_h10_c1,25,DT,answer_only,signed_sum,raw,eligible_body_tokens,0.3,332,104,100,0.3132530120481928,0.9615384615384616,0.30120481927710846,0.8846153846153846,0.92,0.92,0.10377192497253418,1,0.8846153846153846,0.8846153846153846,,,,,,,,,,,,
vt_h10_c1,26,DT,answer_only,signed_sum,raw,eligible_body_tokens,0.3,332,104,100,0.3132530120481928,0.9615384615384616,0.30120481927710846,0.875,0.91,0.91,0.09729588776826859,1,0.875,0.875,,,,,,,,,,,,
vt_h10_c1,27,DT,answer_only,signed_sum,raw,eligible_body_tokens,0.3,336,108,101,0.32142857142857145,0.9351851851851852,0.3005952380952381,0.8611111111111112,0.9207920792079208,0.9207920792079208,0.10786671936511993,1,0.8611111111111112,0.8611111111111112,,,,,,,,,,,,
vt_h10_c1,28,DT,answer_only,signed_sum,raw,eligible_body_tokens,0.3,330,102,99,0.3090909090909091,0.9705882352941176,0.3,0.8725490196078431,0.898989898989899,0.898989898989899,0.1165662407875061,1,0.8725490196078431,0.8725490196078431,,,,,,,,,,,,
vt_h10_c1,29,DT,answer_only,signed_sum,raw,eligible_body_tokens,0.3,322,94,97,0.2919254658385093,1.0,0.30124223602484473,0.8723404255319149,0.845360824742268,0.8723404255319149,0.09110427647829056,1,0.8723404255319149,0.8723404255319149,,,,,,,,,,,,
vt_h10_c1,30,DT,answer_only,signed_sum,raw,eligible_body_tokens,0.3,326,98,98,0.3006134969325153,1.0,0.3006134969325153,0.8877551020408163,0.8877551020408163,0.8877551020408163,0.08181466907262802,1,0.8877551020408163,0.8877551020408163,,,,,,,,,,,,
vt_h10_c1,31,DT,answer_only,signed_sum,raw,eligible_body_tokens,0.3,333,105,100,0.3153153153153153,0.9523809523809523,0.3003003003003003,0.8666666666666667,0.91,0.91,0.10076907277107239,1,0.8666666666666667,0.8666666666666667,,,,,,,,,,,,
vt_h10_c1,32,DT,answer_only,signed_sum,raw,eligible_body_tokens,0.3,334,106,101,0.31736526946107785,0.9528301886792453,0.3023952095808383,0.839622641509434,0.8811881188118812,0.8811881188118812,0.10817490518093109,1,0.839622641509434,0.839622641509434,,,,,,,,,,,,
vt_h10_c1,33,DT,answer_only,signed_sum,raw,eligible_body_tokens,0.3,332,104,100,0.3132530120481928,0.9615384615384616,0.30120481927710846,0.8942307692307693,0.93,0.93,0.0943051129579544,1,0.8942307692307693,0.8942307692307693,,,,,,,,,,,,
vt_h10_c1,34,DT,answer_only,signed_sum,raw,eligible_body_tokens,0.3,330,102,99,0.3090909090909091,0.9705882352941176,0.3,0.8725490196078431,0.898989898989899,0.898989898989899,0.11984284967184067,1,0.8725490196078431,0.8725490196078431,,,,,,,,,,,,
vt_h10_c1,35,DT,answer_only,signed_sum,raw,eligible_body_tokens,0.3,332,104,100,0.3132530120481928,0.9615384615384616,0.30120481927710846,0.8846153846153846,0.92,0.92,0.09451311826705933,1,0.8846153846153846,0.8846153846153846,,,,,,,,,,,,
vt_h10_c1,36,DT,answer_only,signed_sum,raw,eligible_body_tokens,0.3,328,100,99,0.3048780487804878,0.99,0.3018292682926829,0.88,0.8888888888888888,0.8888888888888888,0.10929543524980545,1,0.88,0.88,,,,,,,,,,,,
vt_h10_c1,37,DT,answer_only,signed_sum,raw,eligible_body_tokens,0.3,330,102,99,0.3090909090909091,0.9705882352941176,0.3,0.8725490196078431,0.898989898989899,0.898989898989899,0.09447469562292099,1,0.8725490196078431,0.8725490196078431,,,,,,,,,,,,
vt_h10_c1,38,DT,answer_only,signed_sum,raw,eligible_body_tokens,0.3,329,101,99,0.3069908814589666,0.9801980198019802,0.3009118541033435,0.8910891089108911,0.9090909090909091,0.9090909090909091,0.09443812817335129,1,0.8910891089108911,0.8910891089108911,,,,,,,,,,,,
vt_h10_c1,39,DT,answer_only,signed_sum,raw,eligible_body_tokens,0.3,334,106,101,0.31736526946107785,0.9528301886792453,0.3023952095808383,0.8584905660377359,0.900990099009901,0.900990099009901,0.12118598073720932,1,0.8584905660377359,0.8584905660377359,,,,,,,,,,,,
vt_h10_c1,40,DT,answer_only,signed_sum,raw,eligible_body_tokens,0.3,333,105,100,0.3153153153153153,0.9523809523809523,0.3003003003003003,0.8666666666666667,0.91,0.91,0.09239429235458374,1,0.8666666666666667,0.8666666666666667,,,,,,,,,,,,
vt_h10_c1,41,DT,answer_only,signed_sum,raw,eligible_body_tokens,0.3,328,100,99,0.3048780487804878,0.99,0.3018292682926829,0.87,0.8787878787878788,0.8787878787878788,0.10915977507829666,1,0.87,0.87,,,,,,,,,,,,
vt_h10_c1,42,DT,answer_only,signed_sum,raw,eligible_body_tokens,0.3,328,100,99,0.3048780487804878,0.99,0.3018292682926829,0.86,0.8686868686868687,0.8686868686868687,0.09261379390954971,1,0.86,0.86,,,,,,,,,,,,
vt_h10_c1,43,DT,answer_only,signed_sum,raw,eligible_body_tokens,0.3,334,106,101,0.31736526946107785,0.9528301886792453,0.3023952095808383,0.9056603773584906,0.9504950495049505,0.9504950495049505,0.11418451368808746,1,0.9056603773584906,0.9056603773584906,,,,,,,,,,,,
vt_h10_c1,44,DT,answer_only,signed_sum,raw,eligible_body_tokens,0.3,336,108,101,0.32142857142857145,0.9351851851851852,0.3005952380952381,0.8611111111111112,0.9207920792079208,0.9207920792079208,0.11500026285648346,1,0.8611111111111112,0.8611111111111112,,,,,,,,,,,,
vt_h10_c1,45,DT,answer_only,signed_sum,raw,eligible_body_tokens,0.3,326,98,98,0.3006134969325153,1.0,0.3006134969325153,0.8775510204081632,0.8775510204081632,0.8775510204081632,0.09769868850708008,1,0.8775510204081632,0.8775510204081632,,,,,,,,,,,,
vt_h10_c1,46,DT,answer_only,signed_sum,raw,eligible_body_tokens,0.3,328,100,99,0.3048780487804878,0.99,0.3018292682926829,0.89,0.898989898989899,0.898989898989899,0.09458433091640472,1,0.89,0.89,,,,,,,,,,,,
vt_h10_c1,47,DT,answer_only,signed_sum,raw,eligible_body_tokens,0.3,325,97,98,0.29846153846153844,1.0,0.30153846153846153,0.8865979381443299,0.8775510204081632,0.8865979381443299,0.10147251188755035,1,0.8865979381443299,0.8865979381443299,,,,,,,,,,,,
vt_h10_c1,48,DT,answer_only,signed_sum,raw,eligible_body_tokens,0.3,328,100,99,0.3048780487804878,0.99,0.3018292682926829,0.87,0.8787878787878788,0.8787878787878788,0.08687297999858856,1,0.87,0.87,,,,,,,,,,,,
vt_h10_c1,49,DT,answer_only,signed_sum,raw,eligible_body_tokens,0.3,331,103,100,0.311178247734139,0.970873786407767,0.3021148036253776,0.8640776699029126,0.89,0.89,0.08427673578262329,1,0.8640776699029126,0.8640776699029126,,,,,,,,,,,,
vt_h10_c1,50,DT,answer_only,signed_sum,raw,eligible_body_tokens,0.3,328,100,99,0.3048780487804878,0.99,0.3018292682926829,0.87,0.8787878787878788,0.8787878787878788,0.09543459117412567,1,0.87,0.87,,,,,,,,,,,,
vt_h10_c1,51,DT,answer_only,signed_sum,raw,eligible_body_tokens,0.3,332,104,100,0.3132530120481928,0.9615384615384616,0.30120481927710846,0.875,0.91,0.91,0.10355067253112793,1,0.875,0.875,,,,,,,,,,,,
vt_h10_c1,52,DT,answer_only,signed_sum,raw,eligible_body_tokens,0.3,340,112,102,0.32941176470588235,0.9107142857142857,0.3,0.8571428571428571,0.9411764705882353,0.9411764705882353,0.1419033259153366,1,0.8571428571428571,0.8571428571428571,,,,,,,,,,,,
vt_h10_c1,53,DT,answer_only,signed_sum,raw,eligible_body_tokens,0.3,334,106,101,0.31736526946107785,0.9528301886792453,0.3023952095808383,0.8962264150943396,0.9405940594059405,0.9405940594059405,0.11219868808984756,1,0.8962264150943396,0.8962264150943396,,,,,,,,,,,,
vt_h10_c1,54,DT,answer_only,signed_sum,raw,eligible_body_tokens,0.3,332,104,100,0.3132530120481928,0.9615384615384616,0.30120481927710846,0.8557692307692307,0.89,0.89,0.09968673437833786,1,0.8557692307692307,0.8557692307692307,,,,,,,,,,,,
vt_h10_c1,55,DT,answer_only,signed_sum,raw,eligible_body_tokens,0.3,328,100,99,0.3048780487804878,0.99,0.3018292682926829,0.89,0.898989898989899,0.898989898989899,0.09841645509004593,1,0.89,0.89,,,,,,,,,,,,
vt_h10_c1,56,DT,answer_only,signed_sum,raw,eligible_body_tokens,0.3,332,104,100,0.3132530120481928,0.9615384615384616,0.30120481927710846,0.8846153846153846,0.92,0.92,0.0914025753736496,1,0.8846153846153846,0.8846153846153846,,,,,,,,,,,,
vt_h10_c1,57,DT,answer_only,signed_sum,raw,eligible_body_tokens,0.3,328,100,99,0.3048780487804878,0.99,0.3018292682926829,0.88,0.8888888888888888,0.8888888888888888,0.1004672423005104,1,0.88,0.88,,,,,,,,,,,,
vt_h10_c1,58,DT,answer_only,signed_sum,raw,eligible_body_tokens,0.3,331,103,100,0.311178247734139,0.970873786407767,0.3021148036253776,0.8640776699029126,0.89,0.89,0.12101506441831589,1,0.8640776699029126,0.8640776699029126,,,,,,,,,,,,
vt_h10_c1,59,DT,answer_only,signed_sum,raw,eligible_body_tokens,0.3,334,106,101,0.31736526946107785,0.9528301886792453,0.3023952095808383,0.8962264150943396,0.9405940594059405,0.9405940594059405,0.1070798709988594,1,0.8962264150943396,0.8962264150943396,,,,,,,,,,,,
vt_h10_c1,60,DT,answer_only,signed_sum,raw,eligible_body_tokens,0.3,328,100,99,0.3048780487804878,0.99,0.3018292682926829,0.92,0.9292929292929293,0.9292929292929293,0.09729831665754318,1,0.92,0.92,,,,,,,,,,,,
vt_h10_c1,61,DT,answer_only,signed_sum,raw,eligible_body_tokens,0.3,334,106,101,0.31736526946107785,0.9528301886792453,0.3023952095808383,0.8773584905660378,0.9207920792079208,0.9207920792079208,0.10474063456058502,1,0.8773584905660378,0.8773584905660378,,,,,,,,,,,,
vt_h10_c1,62,DT,answer_only,signed_sum,raw,eligible_body_tokens,0.3,334,106,101,0.31736526946107785,0.9528301886792453,0.3023952095808383,0.8679245283018868,0.9108910891089109,0.9108910891089109,0.12103606015443802,1,0.8679245283018868,0.8679245283018868,,,,,,,,,,,,
vt_h10_c1,63,DT,answer_only,signed_sum,raw,eligible_body_tokens,0.3,332,104,100,0.3132530120481928,0.9615384615384616,0.30120481927710846,0.875,0.91,0.91,0.1154327392578125,1,0.875,0.875,,,,,,,,,,,,
vt_h10_c1,64,DT,answer_only,signed_sum,raw,eligible_body_tokens,0.3,330,102,99,0.3090909090909091,0.9705882352941176,0.3,0.8725490196078431,0.898989898989899,0.898989898989899,0.08260981738567352,1,0.8725490196078431,0.8725490196078431,,,,,,,,,,,,
vt_h10_c1,65,DT,answer_only,signed_sum,raw,eligible_body_tokens,0.3,336,108,101,0.32142857142857145,0.9351851851851852,0.3005952380952381,0.8703703703703703,0.9306930693069307,0.9306930693069307,0.11017025262117386,1,0.8703703703703703,0.8703703703703703,,,,,,,,,,,,
vt_h10_c1,66,DT,answer_only,signed_sum,raw,eligible_body_tokens,0.3,332,104,100,0.3132530120481928,0.9615384615384616,0.30120481927710846,0.8942307692307693,0.93,0.93,0.10664605349302292,1,0.8942307692307693,0.8942307692307693,,,,,,,,,,,,
vt_h10_c1,67,DT,answer_only,signed_sum,raw,eligible_body_tokens,0.3,330,102,99,0.3090909090909091,0.9705882352941176,0.3,0.8431372549019608,0.8686868686868687,0.8686868686868687,0.1025841236114502,1,0.8431372549019608,0.8431372549019608,,,,,,,,,,,,
vt_h10_c1,68,DT,answer_only,signed_sum,raw,eligible_body_tokens,0.3,331,103,100,0.311178247734139,0.970873786407767,0.3021148036253776,0.883495145631068,0.91,0.91,0.10216695070266724,1,0.883495145631068,0.883495145631068,,,,,,,,,,,,
vt_h10_c1,69,DT,answer_only,signed_sum,raw,eligible_body_tokens,0.3,332,104,100,0.3132530120481928,0.9615384615384616,0.30120481927710846,0.875,0.91,0.91,0.12468164414167404,1,0.875,0.875,,,,,,,,,,,,
vt_h10_c1,70,DT,answer_only,signed_sum,raw,eligible_body_tokens,0.3,328,100,99,0.3048780487804878,0.99,0.3018292682926829,0.88,0.8888888888888888,0.8888888888888888,0.1135532557964325,1,0.88,0.88,,,,,,,,,,,,
vt_h10_c1,71,DT,answer_only,signed_sum,raw,eligible_body_tokens,0.3,334,106,101,0.31736526946107785,0.9528301886792453,0.3023952095808383,0.8679245283018868,0.9108910891089109,0.9108910891089109,0.10078974068164825,1,0.8679245283018868,0.8679245283018868,,,,,,,,,,,,
vt_h10_c1,72,DT,answer_only,signed_sum,raw,eligible_body_tokens,0.3,333,105,100,0.3153153153153153,0.9523809523809523,0.3003003003003003,0.8666666666666667,0.91,0.91,0.0919681265950203,1,0.8666666666666667,0.8666666666666667,,,,,,,,,,,,
vt_h10_c1,73,DT,answer_only,signed_sum,raw,eligible_body_tokens,0.3,334,106,101,0.31736526946107785,0.9528301886792453,0.3023952095808383,0.8773584905660378,0.9207920792079208,0.9207920792079208,0.09351544082164764,1,0.8773584905660378,0.8773584905660378,,,,,,,,,,,,
vt_h10_c1,74,DT,answer_only,signed_sum,raw,eligible_body_tokens,0.3,329,101,99,0.3069908814589666,0.9801980198019802,0.3009118541033435,0.900990099009901,0.9191919191919192,0.9191919191919192,0.10071501135826111,1,0.900990099009901,0.900990099009901,,,,,,,,,,,,
vt_h10_c1,75,DT,answer_only,signed_sum,raw,eligible_body_tokens,0.3,326,98,98,0.3006134969325153,1.0,0.3006134969325153,0.8979591836734694,0.8979591836734694,0.8979591836734694,0.11481276154518127,1,0.8979591836734694,0.8979591836734694,,,,,,,,,,,,
vt_h10_c1,76,DT,answer_only,signed_sum,raw,eligible_body_tokens,0.3,332,104,100,0.3132530120481928,0.9615384615384616,0.30120481927710846,0.8846153846153846,0.92,0.92,0.10102531313896179,1,0.8846153846153846,0.8846153846153846,,,,,,,,,,,,
vt_h10_c1,77,DT,answer_only,signed_sum,raw,eligible_body_tokens,0.3,334,106,101,0.31736526946107785,0.9528301886792453,0.3023952095808383,0.8584905660377359,0.900990099009901,0.900990099009901,0.0995563492178917,1,0.8584905660377359,0.8584905660377359,,,,,,,,,,,,
vt_h10_c1,78,DT,answer_only,signed_sum,raw,eligible_body_tokens,0.3,332,104,100,0.3132530120481928,0.9615384615384616,0.30120481927710846,0.875,0.91,0.91,0.10534674674272537,1,0.875,0.875,,,,,,,,,,,,
vt_h10_c1,79,DT,answer_only,signed_sum,raw,eligible_body_tokens,0.3,328,100,99,0.3048780487804878,0.99,0.3018292682926829,0.88,0.8888888888888888,0.8888888888888888,0.09681513160467148,1,0.88,0.88,,,,,,,,,,,,
vt_h10_c1,80,DT,answer_only,signed_sum,raw,eligible_body_tokens,0.3,332,104,100,0.3132530120481928,0.9615384615384616,0.30120481927710846,0.875,0.91,0.91,0.10001657158136368,1,0.875,0.875,,,,,,,,,,,,
vt_h10_c1,81,DT,answer_only,signed_sum,raw,eligible_body_tokens,0.3,330,102,99,0.3090909090909091,0.9705882352941176,0.3,0.8431372549019608,0.8686868686868687,0.8686868686868687,0.10998423397541046,1,0.8431372549019608,0.8431372549019608,,,,,,,,,,,,
vt_h10_c1,82,DT,answer_only,signed_sum,raw,eligible_body_tokens,0.3,330,102,99,0.3090909090909091,0.9705882352941176,0.3,0.8921568627450981,0.9191919191919192,0.9191919191919192,0.11188358068466187,1,0.8921568627450981,0.8921568627450981,,,,,,,,,,,,
vt_h10_c1,83,DT,answer_only,signed_sum,raw,eligible_body_tokens,0.3,327,99,99,0.30275229357798167,1.0,0.30275229357798167,0.8484848484848485,0.8484848484848485,0.8484848484848485,0.09690937399864197,1,0.8484848484848485,0.8484848484848485,,,,,,,,,,,,
vt_h10_c1,84,DT,answer_only,signed_sum,raw,eligible_body_tokens,0.3,335,107,101,0.3194029850746269,0.9439252336448598,0.30149253731343284,0.8691588785046729,0.9207920792079208,0.9207920792079208,0.12206816673278809,1,0.8691588785046729,0.8691588785046729,,,,,,,,,,,,
vt_h10_c1,85,DT,answer_only,signed_sum,raw,eligible_body_tokens,0.3,334,106,101,0.31736526946107785,0.9528301886792453,0.3023952095808383,0.8679245283018868,0.9108910891089109,0.9108910891089109,0.09550808370113373,1,0.8679245283018868,0.8679245283018868,,,,,,,,,,,,
vt_h10_c1,86,DT,answer_only,signed_sum,raw,eligible_body_tokens,0.3,332,104,100,0.3132530120481928,0.9615384615384616,0.30120481927710846,0.8942307692307693,0.93,0.93,0.118280790746212,1,0.8942307692307693,0.8942307692307693,,,,,,,,,,,,
vt_h10_c1,87,DT,answer_only,signed_sum,raw,eligible_body_tokens,0.3,330,102,99,0.3090909090909091,0.9705882352941176,0.3,0.8431372549019608,0.8686868686868687,0.8686868686868687,0.100944884121418,1,0.8431372549019608,0.8431372549019608,,,,,,,,,,,,
vt_h10_c1,88,DT,answer_only,signed_sum,raw,eligible_body_tokens,0.3,332,104,100,0.3132530120481928,0.9615384615384616,0.30120481927710846,0.9038461538461539,0.94,0.94,0.10924544930458069,1,0.9038461538461539,0.9038461538461539,,,,,,,,,,,,
vt_h10_c1,89,DT,answer_only,signed_sum,raw,eligible_body_tokens,0.3,334,106,101,0.31736526946107785,0.9528301886792453,0.3023952095808383,0.8867924528301887,0.9306930693069307,0.9306930693069307,0.11244123429059982,1,0.8867924528301887,0.8867924528301887,,,,,,,,,,,,
vt_h10_c1,90,DT,answer_only,signed_sum,raw,eligible_body_tokens,0.3,328,100,99,0.3048780487804878,0.99,0.3018292682926829,0.86,0.8686868686868687,0.8686868686868687,0.08844650536775589,1,0.86,0.86,,,,,,,,,,,,
vt_h10_c1,91,DT,answer_only,signed_sum,raw,eligible_body_tokens,0.3,334,106,101,0.31736526946107785,0.9528301886792453,0.3023952095808383,0.839622641509434,0.8811881188118812,0.8811881188118812,0.12124178558588028,1,0.839622641509434,0.839622641509434,,,,,,,,,,,,
vt_h10_c1,92,DT,answer_only,signed_sum,raw,eligible_body_tokens,0.3,333,105,100,0.3153153153153153,0.9523809523809523,0.3003003003003003,0.8952380952380953,0.94,0.94,0.10374846309423447,1,0.8952380952380953,0.8952380952380953,,,,,,,,,,,,
vt_h10_c1,93,DT,answer_only,signed_sum,raw,eligible_body_tokens,0.3,330,102,99,0.3090909090909091,0.9705882352941176,0.3,0.8921568627450981,0.9191919191919192,0.9191919191919192,0.10283470898866653,1,0.8921568627450981,0.8921568627450981,,,,,,,,,,,,
vt_h10_c1,94,DT,answer_only,signed_sum,raw,eligible_body_tokens,0.3,332,104,100,0.3132530120481928,0.9615384615384616,0.30120481927710846,0.8653846153846154,0.9,0.9,0.0913105458021164,1,0.8653846153846154,0.8653846153846154,,,,,,,,,,,,
vt_h10_c1,95,DT,answer_only,signed_sum,raw,eligible_body_tokens,0.3,330,102,99,0.3090909090909091,0.9705882352941176,0.3,0.8823529411764706,0.9090909090909091,0.9090909090909091,0.11004951596260071,1,0.8823529411764706,0.8823529411764706,,,,,,,,,,,,
vt_h10_c1,96,DT,answer_only,signed_sum,raw,eligible_body_tokens,0.3,330,102,99,0.3090909090909091,0.9705882352941176,0.3,0.8431372549019608,0.8686868686868687,0.8686868686868687,0.09452524781227112,1,0.8431372549019608,0.8431372549019608,,,,,,,,,,,,
vt_h10_c1,97,DT,answer_only,signed_sum,raw,eligible_body_tokens,0.3,330,102,99,0.3090909090909091,0.9705882352941176,0.3,0.8627450980392157,0.8888888888888888,0.8888888888888888,0.09894196689128876,1,0.8627450980392157,0.8627450980392157,,,,,,,,,,,,
vt_h10_c1,98,DT,answer_only,signed_sum,raw,eligible_body_tokens,0.3,335,107,101,0.3194029850746269,0.9439252336448598,0.30149253731343284,0.8691588785046729,0.9207920792079208,0.9207920792079208,0.12858253717422485,1,0.8691588785046729,0.8691588785046729,,,,,,,,,,,,
vt_h10_c1,99,DT,answer_only,signed_sum,raw,eligible_body_tokens,0.3,324,96,98,0.2962962962962963,1.0,0.30246913580246915,0.8958333333333334,0.8775510204081632,0.8958333333333334,0.09975428134202957,1,0.8958333333333334,0.8958333333333334,,,,,,,,,,,,
vt_h10_c1,0,FT_K3,answer_only,signed_sum,raw,eligible_body_tokens,0.3,333,105,100,0.3153153153153153,0.9523809523809523,0.3003003003003003,0.8380952380952381,0.88,0.88,0.08121983706951141,1,0.8380952380952381,0.8380952380952381,,,,,,,,,,,,
vt_h10_c1,1,FT_K3,answer_only,signed_sum,raw,eligible_body_tokens,0.3,331,103,100,0.311178247734139,0.970873786407767,0.3021148036253776,0.8155339805825242,0.84,0.84,0.0823851004242897,1,0.8155339805825242,0.8155339805825242,,,,,,,,,,,,
vt_h10_c1,2,FT_K3,answer_only,signed_sum,raw,eligible_body_tokens,0.3,335,107,101,0.3194029850746269,0.9439252336448598,0.30149253731343284,0.8130841121495327,0.8613861386138614,0.8613861386138614,0.09115970134735107,1,0.8130841121495327,0.8130841121495327,,,,,,,,,,,,
vt_h10_c1,3,FT_K3,answer_only,signed_sum,raw,eligible_body_tokens,0.3,330,102,99,0.3090909090909091,0.9705882352941176,0.3,0.8235294117647058,0.8484848484848485,0.8484848484848485,0.08410356938838959,1,0.8235294117647058,0.8235294117647058,,,,,,,,,,,,
vt_h10_c1,4,FT_K3,answer_only,signed_sum,raw,eligible_body_tokens,0.3,330,102,99,0.3090909090909091,0.9705882352941176,0.3,0.8627450980392157,0.8888888888888888,0.8888888888888888,0.08645731955766678,1,0.8627450980392157,0.8627450980392157,,,,,,,,,,,,
vt_h10_c1,5,FT_K3,answer_only,signed_sum,raw,eligible_body_tokens,0.3,332,104,100,0.3132530120481928,0.9615384615384616,0.30120481927710846,0.8269230769230769,0.86,0.86,0.08524037897586823,1,0.8269230769230769,0.8269230769230769,,,,,,,,,,,,
vt_h10_c1,6,FT_K3,answer_only,signed_sum,raw,eligible_body_tokens,0.3,328,100,99,0.3048780487804878,0.99,0.3018292682926829,0.82,0.8282828282828283,0.8282828282828283,0.07754997909069061,1,0.82,0.82,,,,,,,,,,,,
vt_h10_c1,7,FT_K3,answer_only,signed_sum,raw,eligible_body_tokens,0.3,329,101,99,0.3069908814589666,0.9801980198019802,0.3009118541033435,0.8415841584158416,0.8585858585858586,0.8585858585858586,0.08019433170557022,1,0.8415841584158416,0.8415841584158416,,,,,,,,,,,,
vt_h10_c1,8,FT_K3,answer_only,signed_sum,raw,eligible_body_tokens,0.3,329,101,99,0.3069908814589666,0.9801980198019802,0.3009118541033435,0.8415841584158416,0.8585858585858586,0.8585858585858586,0.08211701363325119,1,0.8415841584158416,0.8415841584158416,,,,,,,,,,,,
vt_h10_c1,9,FT_K3,answer_only,signed_sum,raw,eligible_body_tokens,0.3,332,104,100,0.3132530120481928,0.9615384615384616,0.30120481927710846,0.8076923076923077,0.84,0.84,0.08048065751791,1,0.8076923076923077,0.8076923076923077,,,,,,,,,,,,
vt_h10_c1,10,FT_K3,answer_only,signed_sum,raw,eligible_body_tokens,0.3,328,100,99,0.3048780487804878,0.99,0.3018292682926829,0.85,0.8585858585858586,0.8585858585858586,0.07716027647256851,1,0.85,0.85,,,,,,,,,,,,
vt_h10_c1,11,FT_K3,answer_only,signed_sum,raw,eligible_body_tokens,0.3,329,101,99,0.3069908814589666,0.9801980198019802,0.3009118541033435,0.8415841584158416,0.8585858585858586,0.8585858585858586,0.07796857506036758,1,0.8415841584158416,0.8415841584158416,,,,,,,,,,,,
vt_h10_c1,12,FT_K3,answer_only,signed_sum,raw,eligible_body_tokens,0.3,327,99,99,0.30275229357798167,1.0,0.30275229357798167,0.8585858585858586,0.8585858585858586,0.8585858585858586,0.07479820400476456,1,0.8585858585858586,0.8585858585858586,,,,,,,,,,,,
vt_h10_c1,13,FT_K3,answer_only,signed_sum,raw,eligible_body_tokens,0.3,330,102,99,0.3090909090909091,0.9705882352941176,0.3,0.8529411764705882,0.8787878787878788,0.8787878787878788,0.0800030380487442,1,0.8529411764705882,0.8529411764705882,,,,,,,,,,,,
vt_h10_c1,14,FT_K3,answer_only,signed_sum,raw,eligible_body_tokens,0.3,330,102,99,0.3090909090909091,0.9705882352941176,0.3,0.8137254901960784,0.8383838383838383,0.8383838383838383,0.0822710245847702,1,0.8137254901960784,0.8137254901960784,,,,,,,,,,,,
vt_h10_c1,15,FT_K3,answer_only,signed_sum,raw,eligible_body_tokens,0.3,333,105,100,0.3153153153153153,0.9523809523809523,0.3003003003003003,0.819047619047619,0.86,0.86,0.08310211449861526,1,0.819047619047619,0.819047619047619,,,,,,,,,,,,
vt_h10_c1,16,FT_K3,answer_only,signed_sum,raw,eligible_body_tokens,0.3,332,104,100,0.3132530120481928,0.9615384615384616,0.30120481927710846,0.8269230769230769,0.86,0.86,0.08522304147481918,1,0.8269230769230769,0.8269230769230769,,,,,,,,,,,,
vt_h10_c1,17,FT_K3,answer_only,signed_sum,raw,eligible_body_tokens,0.3,330,102,99,0.3090909090909091,0.9705882352941176,0.3,0.8431372549019608,0.8686868686868687,0.8686868686868687,0.08292975276708603,1,0.8431372549019608,0.8431372549019608,,,,,,,,,,,,
vt_h10_c1,18,FT_K3,answer_only,signed_sum,raw,eligible_body_tokens,0.3,330,102,99,0.3090909090909091,0.9705882352941176,0.3,0.8333333333333334,0.8585858585858586,0.8585858585858586,0.07388383150100708,1,0.8333333333333334,0.8333333333333334,,,,,,,,,,,,
vt_h10_c1,19,FT_K3,answer_only,signed_sum,raw,eligible_body_tokens,0.3,334,106,101,0.31736526946107785,0.9528301886792453,0.3023952095808383,0.8301886792452831,0.8712871287128713,0.8712871287128713,0.08450471609830856,1,0.8301886792452831,0.8301886792452831,,,,,,,,,,,,
vt_h10_c1,20,FT_K3,answer_only,signed_sum,raw,eligible_body_tokens,0.3,326,98,98,0.3006134969325153,1.0,0.3006134969325153,0.8571428571428571,0.8571428571428571,0.8571428571428571,0.08008711040019989,1,0.8571428571428571,0.8571428571428571,,,,,,,,,,,,
vt_h10_c1,21,FT_K3,answer_only,signed_sum,raw,eligible_body_tokens,0.3,331,103,100,0.311178247734139,0.970873786407767,0.3021148036253776,0.8252427184466019,0.85,0.85,0.08836471289396286,1,0.8252427184466019,0.8252427184466019,,,,,,,,,,,,
vt_h10_c1,22,FT_K3,answer_only,signed_sum,raw,eligible_body_tokens,0.3,328,100,99,0.3048780487804878,0.99,0.3018292682926829,0.87,0.8787878787878788,0.8787878787878788,0.08492173254489899,1,0.87,0.87,,,,,,,,,,,,
vt_h10_c1,23,FT_K3,answer_only,signed_sum,raw,eligible_body_tokens,0.3,332,104,100,0.3132530120481928,0.9615384615384616,0.30120481927710846,0.8461538461538461,0.88,0.88,0.0808565691113472,1,0.8461538461538461,0.8461538461538461,,,,,,,,,,,,
vt_h10_c1,24,FT_K3,answer_only,signed_sum,raw,eligible_body_tokens,0.3,332,104,100,0.3132530120481928,0.9615384615384616,0.30120481927710846,0.8269230769230769,0.86,0.86,0.08161783218383789,1,0.8269230769230769,0.8269230769230769,,,,,,,,,,,,
vt_h10_c1,25,FT_K3,answer_only,signed_sum,raw,eligible_body_tokens,0.3,332,104,100,0.3132530120481928,0.9615384615384616,0.30120481927710846,0.8269230769230769,0.86,0.86,0.07991200685501099,1,0.8269230769230769,0.8269230769230769,,,,,,,,,,,,
vt_h10_c1,26,FT_K3,answer_only,signed_sum,raw,eligible_body_tokens,0.3,332,104,100,0.3132530120481928,0.9615384615384616,0.30120481927710846,0.8173076923076923,0.85,0.85,0.08703646808862686,1,0.8173076923076923,0.8173076923076923,,,,,,,,,,,,
vt_h10_c1,27,FT_K3,answer_only,signed_sum,raw,eligible_body_tokens,0.3,336,108,101,0.32142857142857145,0.9351851851851852,0.3005952380952381,0.8148148148148148,0.8712871287128713,0.8712871287128713,0.09696555882692337,1,0.8148148148148148,0.8148148148148148,,,,,,,,,,,,
vt_h10_c1,28,FT_K3,answer_only,signed_sum,raw,eligible_body_tokens,0.3,330,102,99,0.3090909090909091,0.9705882352941176,0.3,0.8431372549019608,0.8686868686868687,0.8686868686868687,0.08658275008201599,1,0.8431372549019608,0.8431372549019608,,,,,,,,,,,,
vt_h10_c1,29,FT_K3,answer_only,signed_sum,raw,eligible_body_tokens,0.3,322,94,97,0.2919254658385093,1.0,0.30124223602484473,0.8617021276595744,0.8350515463917526,0.8617021276595744,0.06763352453708649,1,0.8617021276595744,0.8617021276595744,,,,,,,,,,,,
vt_h10_c1,30,FT_K3,answer_only,signed_sum,raw,eligible_body_tokens,0.3,326,98,98,0.3006134969325153,1.0,0.3006134969325153,0.8673469387755102,0.8673469387755102,0.8673469387755102,0.07792840898036957,1,0.8673469387755102,0.8673469387755102,,,,,,,,,,,,
vt_h10_c1,31,FT_K3,answer_only,signed_sum,raw,eligible_body_tokens,0.3,333,105,100,0.3153153153153153,0.9523809523809523,0.3003003003003003,0.8380952380952381,0.88,0.88,0.08578857034444809,1,0.8380952380952381,0.8380952380952381,,,,,,,,,,,,
vt_h10_c1,32,FT_K3,answer_only,signed_sum,raw,eligible_body_tokens,0.3,334,106,101,0.31736526946107785,0.9528301886792453,0.3023952095808383,0.8301886792452831,0.8712871287128713,0.8712871287128713,0.08434883505105972,1,0.8301886792452831,0.8301886792452831,,,,,,,,,,,,
vt_h10_c1,33,FT_K3,answer_only,signed_sum,raw,eligible_body_tokens,0.3,332,104,100,0.3132530120481928,0.9615384615384616,0.30120481927710846,0.8365384615384616,0.87,0.87,0.08484683185815811,1,0.8365384615384616,0.8365384615384616,,,,,,,,,,,,
vt_h10_c1,34,FT_K3,answer_only,signed_sum,raw,eligible_body_tokens,0.3,330,102,99,0.3090909090909091,0.9705882352941176,0.3,0.8431372549019608,0.8686868686868687,0.8686868686868687,0.08271912485361099,1,0.8431372549019608,0.8431372549019608,,,,,,,,,,,,
vt_h10_c1,35,FT_K3,answer_only,signed_sum,raw,eligible_body_tokens,0.3,332,104,100,0.3132530120481928,0.9615384615384616,0.30120481927710846,0.8365384615384616,0.87,0.87,0.08049855381250381,1,0.8365384615384616,0.8365384615384616,,,,,,,,,,,,
vt_h10_c1,36,FT_K3,answer_only,signed_sum,raw,eligible_body_tokens,0.3,328,100,99,0.3048780487804878,0.99,0.3018292682926829,0.85,0.8585858585858586,0.8585858585858586,0.0816134586930275,1,0.85,0.85,,,,,,,,,,,,
vt_h10_c1,37,FT_K3,answer_only,signed_sum,raw,eligible_body_tokens,0.3,330,102,99,0.3090909090909091,0.9705882352941176,0.3,0.8529411764705882,0.8787878787878788,0.8787878787878788,0.08167266845703125,1,0.8529411764705882,0.8529411764705882,,,,,,,,,,,,
vt_h10_c1,38,FT_K3,answer_only,signed_sum,raw,eligible_body_tokens,0.3,329,101,99,0.3069908814589666,0.9801980198019802,0.3009118541033435,0.8118811881188119,0.8282828282828283,0.8282828282828283,0.07929260283708572,1,0.8118811881188119,0.8118811881188119,,,,,,,,,,,,
vt_h10_c1,39,FT_K3,answer_only,signed_sum,raw,eligible_body_tokens,0.3,334,106,101,0.31736526946107785,0.9528301886792453,0.3023952095808383,0.839622641509434,0.8811881188118812,0.8811881188118812,0.09034153074026108,1,0.839622641509434,0.839622641509434,,,,,,,,,,,,
vt_h10_c1,40,FT_K3,answer_only,signed_sum,raw,eligible_body_tokens,0.3,333,105,100,0.3153153153153153,0.9523809523809523,0.3003003003003003,0.819047619047619,0.86,0.86,0.08745325356721878,1,0.819047619047619,0.819047619047619,,,,,,,,,,,,
vt_h10_c1,41,FT_K3,answer_only,signed_sum,raw,eligible_body_tokens,0.3,328,100,99,0.3048780487804878,0.99,0.3018292682926829,0.85,0.8585858585858586,0.8585858585858586,0.07706668227910995,1,0.85,0.85,,,,,,,,,,,,
vt_h10_c1,42,FT_K3,answer_only,signed_sum,raw,eligible_body_tokens,0.3,328,100,99,0.3048780487804878,0.99,0.3018292682926829,0.84,0.8484848484848485,0.8484848484848485,0.0773395374417305,1,0.84,0.84,,,,,,,,,,,,
vt_h10_c1,43,FT_K3,answer_only,signed_sum,raw,eligible_body_tokens,0.3,334,106,101,0.31736526946107785,0.9528301886792453,0.3023952095808383,0.839622641509434,0.8811881188118812,0.8811881188118812,0.08525203168392181,1,0.839622641509434,0.839622641509434,,,,,,,,,,,,
vt_h10_c1,44,FT_K3,answer_only,signed_sum,raw,eligible_body_tokens,0.3,336,108,101,0.32142857142857145,0.9351851851851852,0.3005952380952381,0.7962962962962963,0.8514851485148515,0.8514851485148515,0.08777008950710297,1,0.7962962962962963,0.7962962962962963,,,,,,,,,,,,
vt_h10_c1,45,FT_K3,answer_only,signed_sum,raw,eligible_body_tokens,0.3,326,98,98,0.3006134969325153,1.0,0.3006134969325153,0.8571428571428571,0.8571428571428571,0.8571428571428571,0.08883095532655716,1,0.8571428571428571,0.8571428571428571,,,,,,,,,,,,
vt_h10_c1,46,FT_K3,answer_only,signed_sum,raw,eligible_body_tokens,0.3,328,100,99,0.3048780487804878,0.99,0.3018292682926829,0.83,0.8383838383838383,0.8383838383838383,0.0754111036658287,1,0.83,0.83,,,,,,,,,,,,
vt_h10_c1,47,FT_K3,answer_only,signed_sum,raw,eligible_body_tokens,0.3,325,97,98,0.29846153846153844,1.0,0.30153846153846153,0.845360824742268,0.8367346938775511,0.845360824742268,0.07423381507396698,1,0.845360824742268,0.845360824742268,,,,,,,,,,,,
vt_h10_c1,48,FT_K3,answer_only,signed_sum,raw,eligible_body_tokens,0.3,328,100,99,0.3048780487804878,0.99,0.3018292682926829,0.85,0.8585858585858586,0.8585858585858586,0.07593785226345062,1,0.85,0.85,,,,,,,,,,,,
vt_h10_c1,49,FT_K3,answer_only,signed_sum,raw,eligible_body_tokens,0.3,331,103,100,0.311178247734139,0.970873786407767,0.3021148036253776,0.8446601941747572,0.87,0.87,0.08207853883504868,1,0.8446601941747572,0.8446601941747572,,,,,,,,,,,,
vt_h10_c1,50,FT_K3,answer_only,signed_sum,raw,eligible_body_tokens,0.3,328,100,99,0.3048780487804878,0.99,0.3018292682926829,0.85,0.8585858585858586,0.8585858585858586,0.0812746211886406,1,0.85,0.85,,,,,,,,,,,,
vt_h10_c1,51,FT_K3,answer_only,signed_sum,raw,eligible_body_tokens,0.3,332,104,100,0.3132530120481928,0.9615384615384616,0.30120481927710846,0.8365384615384616,0.87,0.87,0.08566559106111526,1,0.8365384615384616,0.8365384615384616,,,,,,,,,,,,
vt_h10_c1,52,FT_K3,answer_only,signed_sum,raw,eligible_body_tokens,0.3,340,112,102,0.32941176470588235,0.9107142857142857,0.3,0.8035714285714286,0.8823529411764706,0.8823529411764706,0.10246618092060089,1,0.8035714285714286,0.8035714285714286,,,,,,,,,,,,
vt_h10_c1,53,FT_K3,answer_only,signed_sum,raw,eligible_body_tokens,0.3,334,106,101,0.31736526946107785,0.9528301886792453,0.3023952095808383,0.8207547169811321,0.8613861386138614,0.8613861386138614,0.08942972868680954,1,0.8207547169811321,0.8207547169811321,,,,,,,,,,,,
vt_h10_c1,54,FT_K3,answer_only,signed_sum,raw,eligible_body_tokens,0.3,332,104,100,0.3132530120481928,0.9615384615384616,0.30120481927710846,0.8365384615384616,0.87,0.87,0.07853084057569504,1,0.8365384615384616,0.8365384615384616,,,,,,,,,,,,
vt_h10_c1,55,FT_K3,answer_only,signed_sum,raw,eligible_body_tokens,0.3,328,100,99,0.3048780487804878,0.99,0.3018292682926829,0.84,0.8484848484848485,0.8484848484848485,0.08084898442029953,1,0.84,0.84,,,,,,,,,,,,
vt_h10_c1,56,FT_K3,answer_only,signed_sum,raw,eligible_body_tokens,0.3,332,104,100,0.3132530120481928,0.9615384615384616,0.30120481927710846,0.8365384615384616,0.87,0.87,0.08388200402259827,1,0.8365384615384616,0.8365384615384616,,,,,,,,,,,,
vt_h10_c1,57,FT_K3,answer_only,signed_sum,raw,eligible_body_tokens,0.3,328,100,99,0.3048780487804878,0.99,0.3018292682926829,0.85,0.8585858585858586,0.8585858585858586,0.07239071279764175,1,0.85,0.85,,,,,,,,,,,,
vt_h10_c1,58,FT_K3,answer_only,signed_sum,raw,eligible_body_tokens,0.3,331,103,100,0.311178247734139,0.970873786407767,0.3021148036253776,0.8446601941747572,0.87,0.87,0.08025696873664856,1,0.8446601941747572,0.8446601941747572,,,,,,,,,,,,
vt_h10_c1,59,FT_K3,answer_only,signed_sum,raw,eligible_body_tokens,0.3,334,106,101,0.31736526946107785,0.9528301886792453,0.3023952095808383,0.8018867924528302,0.8415841584158416,0.8415841584158416,0.0893319770693779,1,0.8018867924528302,0.8018867924528302,,,,,,,,,,,,
vt_h10_c1,60,FT_K3,answer_only,signed_sum,raw,eligible_body_tokens,0.3,328,100,99,0.3048780487804878,0.99,0.3018292682926829,0.84,0.8484848484848485,0.8484848484848485,0.0798460841178894,1,0.84,0.84,,,,,,,,,,,,
vt_h10_c1,61,FT_K3,answer_only,signed_sum,raw,eligible_body_tokens,0.3,334,106,101,0.31736526946107785,0.9528301886792453,0.3023952095808383,0.8301886792452831,0.8712871287128713,0.8712871287128713,0.09440147131681442,1,0.8301886792452831,0.8301886792452831,,,,,,,,,,,,
vt_h10_c1,62,FT_K3,answer_only,signed_sum,raw,eligible_body_tokens,0.3,334,106,101,0.31736526946107785,0.9528301886792453,0.3023952095808383,0.8301886792452831,0.8712871287128713,0.8712871287128713,0.090042345225811,1,0.8301886792452831,0.8301886792452831,,,,,,,,,,,,
vt_h10_c1,63,FT_K3,answer_only,signed_sum,raw,eligible_body_tokens,0.3,332,104,100,0.3132530120481928,0.9615384615384616,0.30120481927710846,0.8365384615384616,0.87,0.87,0.08570298552513123,1,0.8365384615384616,0.8365384615384616,,,,,,,,,,,,
vt_h10_c1,64,FT_K3,answer_only,signed_sum,raw,eligible_body_tokens,0.3,330,102,99,0.3090909090909091,0.9705882352941176,0.3,0.8235294117647058,0.8484848484848485,0.8484848484848485,0.08252152800559998,1,0.8235294117647058,0.8235294117647058,,,,,,,,,,,,
vt_h10_c1,65,FT_K3,answer_only,signed_sum,raw,eligible_body_tokens,0.3,336,108,101,0.32142857142857145,0.9351851851851852,0.3005952380952381,0.8148148148148148,0.8712871287128713,0.8712871287128713,0.08930011093616486,1,0.8148148148148148,0.8148148148148148,,,,,,,,,,,,
vt_h10_c1,66,FT_K3,answer_only,signed_sum,raw,eligible_body_tokens,0.3,332,104,100,0.3132530120481928,0.9615384615384616,0.30120481927710846,0.8076923076923077,0.84,0.84,0.08466099202632904,1,0.8076923076923077,0.8076923076923077,,,,,,,,,,,,
vt_h10_c1,67,FT_K3,answer_only,signed_sum,raw,eligible_body_tokens,0.3,330,102,99,0.3090909090909091,0.9705882352941176,0.3,0.8235294117647058,0.8484848484848485,0.8484848484848485,0.0770086944103241,1,0.8235294117647058,0.8235294117647058,,,,,,,,,,,,
vt_h10_c1,68,FT_K3,answer_only,signed_sum,raw,eligible_body_tokens,0.3,331,103,100,0.311178247734139,0.970873786407767,0.3021148036253776,0.8349514563106796,0.86,0.86,0.07698865979909897,1,0.8349514563106796,0.8349514563106796,,,,,,,,,,,,
vt_h10_c1,69,FT_K3,answer_only,signed_sum,raw,eligible_body_tokens,0.3,332,104,100,0.3132530120481928,0.9615384615384616,0.30120481927710846,0.8365384615384616,0.87,0.87,0.08079557865858078,1,0.8365384615384616,0.8365384615384616,,,,,,,,,,,,
vt_h10_c1,70,FT_K3,answer_only,signed_sum,raw,eligible_body_tokens,0.3,328,100,99,0.3048780487804878,0.99,0.3018292682926829,0.84,0.8484848484848485,0.8484848484848485,0.08136904239654541,1,0.84,0.84,,,,,,,,,,,,
vt_h10_c1,71,FT_K3,answer_only,signed_sum,raw,eligible_body_tokens,0.3,334,106,101,0.31736526946107785,0.9528301886792453,0.3023952095808383,0.8301886792452831,0.8712871287128713,0.8712871287128713,0.08563770353794098,1,0.8301886792452831,0.8301886792452831,,,,,,,,,,,,
vt_h10_c1,72,FT_K3,answer_only,signed_sum,raw,eligible_body_tokens,0.3,333,105,100,0.3153153153153153,0.9523809523809523,0.3003003003003003,0.8380952380952381,0.88,0.88,0.08436015993356705,1,0.8380952380952381,0.8380952380952381,,,,,,,,,,,,
vt_h10_c1,73,FT_K3,answer_only,signed_sum,raw,eligible_body_tokens,0.3,334,106,101,0.31736526946107785,0.9528301886792453,0.3023952095808383,0.8301886792452831,0.8712871287128713,0.8712871287128713,0.08689035475254059,1,0.8301886792452831,0.8301886792452831,,,,,,,,,,,,
vt_h10_c1,74,FT_K3,answer_only,signed_sum,raw,eligible_body_tokens,0.3,329,101,99,0.3069908814589666,0.9801980198019802,0.3009118541033435,0.8316831683168316,0.8484848484848485,0.8484848484848485,0.08298595249652863,1,0.8316831683168316,0.8316831683168316,,,,,,,,,,,,
vt_h10_c1,75,FT_K3,answer_only,signed_sum,raw,eligible_body_tokens,0.3,326,98,98,0.3006134969325153,1.0,0.3006134969325153,0.8367346938775511,0.8367346938775511,0.8367346938775511,0.07926680147647858,1,0.8367346938775511,0.8367346938775511,,,,,,,,,,,,
vt_h10_c1,76,FT_K3,answer_only,signed_sum,raw,eligible_body_tokens,0.3,332,104,100,0.3132530120481928,0.9615384615384616,0.30120481927710846,0.8557692307692307,0.89,0.89,0.08441261202096939,1,0.8557692307692307,0.8557692307692307,,,,,,,,,,,,
vt_h10_c1,77,FT_K3,answer_only,signed_sum,raw,eligible_body_tokens,0.3,334,106,101,0.31736526946107785,0.9528301886792453,0.3023952095808383,0.8207547169811321,0.8613861386138614,0.8613861386138614,0.08508407324552536,1,0.8207547169811321,0.8207547169811321,,,,,,,,,,,,
vt_h10_c1,78,FT_K3,answer_only,signed_sum,raw,eligible_body_tokens,0.3,332,104,100,0.3132530120481928,0.9615384615384616,0.30120481927710846,0.8365384615384616,0.87,0.87,0.08355414122343063,1,0.8365384615384616,0.8365384615384616,,,,,,,,,,,,
vt_h10_c1,79,FT_K3,answer_only,signed_sum,raw,eligible_body_tokens,0.3,328,100,99,0.3048780487804878,0.99,0.3018292682926829,0.86,0.8686868686868687,0.8686868686868687,0.07528118044137955,1,0.86,0.86,,,,,,,,,,,,
vt_h10_c1,80,FT_K3,answer_only,signed_sum,raw,eligible_body_tokens,0.3,332,104,100,0.3132530120481928,0.9615384615384616,0.30120481927710846,0.8365384615384616,0.87,0.87,0.0826154351234436,1,0.8365384615384616,0.8365384615384616,,,,,,,,,,,,
vt_h10_c1,81,FT_K3,answer_only,signed_sum,raw,eligible_body_tokens,0.3,330,102,99,0.3090909090909091,0.9705882352941176,0.3,0.8235294117647058,0.8484848484848485,0.8484848484848485,0.07734134793281555,1,0.8235294117647058,0.8235294117647058,,,,,,,,,,,,
vt_h10_c1,82,FT_K3,answer_only,signed_sum,raw,eligible_body_tokens,0.3,330,102,99,0.3090909090909091,0.9705882352941176,0.3,0.8431372549019608,0.8686868686868687,0.8686868686868687,0.08057916909456253,1,0.8431372549019608,0.8431372549019608,,,,,,,,,,,,
vt_h10_c1,83,FT_K3,answer_only,signed_sum,raw,eligible_body_tokens,0.3,327,99,99,0.30275229357798167,1.0,0.30275229357798167,0.8484848484848485,0.8484848484848485,0.8484848484848485,0.07561153173446655,1,0.8484848484848485,0.8484848484848485,,,,,,,,,,,,
vt_h10_c1,84,FT_K3,answer_only,signed_sum,raw,eligible_body_tokens,0.3,335,107,101,0.3194029850746269,0.9439252336448598,0.30149253731343284,0.822429906542056,0.8712871287128713,0.8712871287128713,0.08561897277832031,1,0.822429906542056,0.822429906542056,,,,,,,,,,,,
vt_h10_c1,85,FT_K3,answer_only,signed_sum,raw,eligible_body_tokens,0.3,334,106,101,0.31736526946107785,0.9528301886792453,0.3023952095808383,0.8207547169811321,0.8613861386138614,0.8613861386138614,0.08234285563230515,1,0.8207547169811321,0.8207547169811321,,,,,,,,,,,,
vt_h10_c1,86,FT_K3,answer_only,signed_sum,raw,eligible_body_tokens,0.3,332,104,100,0.3132530120481928,0.9615384615384616,0.30120481927710846,0.8269230769230769,0.86,0.86,0.0864916741847992,1,0.8269230769230769,0.8269230769230769,,,,,,,,,,,,
vt_h10_c1,87,FT_K3,answer_only,signed_sum,raw,eligible_body_tokens,0.3,330,102,99,0.3090909090909091,0.9705882352941176,0.3,0.8235294117647058,0.8484848484848485,0.8484848484848485,0.08638187497854233,1,0.8235294117647058,0.8235294117647058,,,,,,,,,,,,
vt_h10_c1,88,FT_K3,answer_only,signed_sum,raw,eligible_body_tokens,0.3,332,104,100,0.3132530120481928,0.9615384615384616,0.30120481927710846,0.8173076923076923,0.85,0.85,0.08516877889633179,1,0.8173076923076923,0.8173076923076923,,,,,,,,,,,,
vt_h10_c1,89,FT_K3,answer_only,signed_sum,raw,eligible_body_tokens,0.3,334,106,101,0.31736526946107785,0.9528301886792453,0.3023952095808383,0.8207547169811321,0.8613861386138614,0.8613861386138614,0.08949276059865952,1,0.8207547169811321,0.8207547169811321,,,,,,,,,,,,
vt_h10_c1,90,FT_K3,answer_only,signed_sum,raw,eligible_body_tokens,0.3,328,100,99,0.3048780487804878,0.99,0.3018292682926829,0.85,0.8585858585858586,0.8585858585858586,0.0806288868188858,1,0.85,0.85,,,,,,,,,,,,
vt_h10_c1,91,FT_K3,answer_only,signed_sum,raw,eligible_body_tokens,0.3,334,106,101,0.31736526946107785,0.9528301886792453,0.3023952095808383,0.8301886792452831,0.8712871287128713,0.8712871287128713,0.08522247523069382,1,0.8301886792452831,0.8301886792452831,,,,,,,,,,,,
vt_h10_c1,92,FT_K3,answer_only,signed_sum,raw,eligible_body_tokens,0.3,333,105,100,0.3153153153153153,0.9523809523809523,0.3003003003003003,0.8285714285714286,0.87,0.87,0.08855994790792465,1,0.8285714285714286,0.8285714285714286,,,,,,,,,,,,
vt_h10_c1,93,FT_K3,answer_only,signed_sum,raw,eligible_body_tokens,0.3,330,102,99,0.3090909090909091,0.9705882352941176,0.3,0.8235294117647058,0.8484848484848485,0.8484848484848485,0.08512652665376663,1,0.8235294117647058,0.8235294117647058,,,,,,,,,,,,
vt_h10_c1,94,FT_K3,answer_only,signed_sum,raw,eligible_body_tokens,0.3,332,104,100,0.3132530120481928,0.9615384615384616,0.30120481927710846,0.8173076923076923,0.85,0.85,0.0770643949508667,1,0.8173076923076923,0.8173076923076923,,,,,,,,,,,,
vt_h10_c1,95,FT_K3,answer_only,signed_sum,raw,eligible_body_tokens,0.3,330,102,99,0.3090909090909091,0.9705882352941176,0.3,0.8137254901960784,0.8383838383838383,0.8383838383838383,0.07820598781108856,1,0.8137254901960784,0.8137254901960784,,,,,,,,,,,,
vt_h10_c1,96,FT_K3,answer_only,signed_sum,raw,eligible_body_tokens,0.3,330,102,99,0.3090909090909091,0.9705882352941176,0.3,0.8333333333333334,0.8585858585858586,0.8585858585858586,0.08468283712863922,1,0.8333333333333334,0.8333333333333334,,,,,,,,,,,,
vt_h10_c1,97,FT_K3,answer_only,signed_sum,raw,eligible_body_tokens,0.3,330,102,99,0.3090909090909091,0.9705882352941176,0.3,0.8333333333333334,0.8585858585858586,0.8585858585858586,0.08944378048181534,1,0.8333333333333334,0.8333333333333334,,,,,,,,,,,,
vt_h10_c1,98,FT_K3,answer_only,signed_sum,raw,eligible_body_tokens,0.3,335,107,101,0.3194029850746269,0.9439252336448598,0.30149253731343284,0.822429906542056,0.8712871287128713,0.8712871287128713,0.09340978413820267,1,0.822429906542056,0.822429906542056,,,,,,,,,,,,
vt_h10_c1,99,FT_K3,answer_only,signed_sum,raw,eligible_body_tokens,0.3,324,96,98,0.2962962962962963,1.0,0.30246913580246915,0.8645833333333334,0.8469387755102041,0.8645833333333334,0.07129420340061188,1,0.8645833333333334,0.8645833333333334,,,,,,,,,,,,
vt_h10_c1,0,Perturbation,answer_only,signed_sum,raw,eligible_body_tokens,0.3,333,105,100,0.3153153153153153,0.9523809523809523,0.3003003003003003,0.37142857142857144,0.39,0.39,39.37028884887695,46,0.2761904761904762,0.4666666666666667,,,,,,,,,,,,
vt_h10_c1,1,Perturbation,answer_only,signed_sum,raw,eligible_body_tokens,0.3,331,103,100,0.311178247734139,0.970873786407767,0.3021148036253776,0.3592233009708738,0.37,0.37,43.487823486328125,44,0.2815533980582524,0.44660194174757284,,,,,,,,,,,,
vt_h10_c1,2,Perturbation,answer_only,signed_sum,raw,eligible_body_tokens,0.3,335,107,101,0.3194029850746269,0.9439252336448598,0.30149253731343284,0.37383177570093457,0.39603960396039606,0.39603960396039606,37.98182678222656,39,0.3364485981308411,0.45794392523364486,,,,,,,,,,,,
vt_h10_c1,3,Perturbation,answer_only,signed_sum,raw,eligible_body_tokens,0.3,330,102,99,0.3090909090909091,0.9705882352941176,0.3,0.3333333333333333,0.3434343434343434,0.3434343434343434,42.79350280761719,44,0.24509803921568626,0.4215686274509804,,,,,,,,,,,,
vt_h10_c1,4,Perturbation,answer_only,signed_sum,raw,eligible_body_tokens,0.3,330,102,99,0.3090909090909091,0.9705882352941176,0.3,0.4411764705882353,0.45454545454545453,0.45454545454545453,31.392053604125977,29,0.35294117647058826,0.4411764705882353,,,,,,,,,,,,
vt_h10_c1,5,Perturbation,answer_only,signed_sum,raw,eligible_body_tokens,0.3,332,104,100,0.3132530120481928,0.9615384615384616,0.30120481927710846,0.4230769230769231,0.44,0.44,45.283958435058594,44,0.3173076923076923,0.4230769230769231,,,,,,,,,,,,
vt_h10_c1,6,Perturbation,answer_only,signed_sum,raw,eligible_body_tokens,0.3,328,100,99,0.3048780487804878,0.99,0.3018292682926829,0.46,0.46464646464646464,0.46464646464646464,45.59832763671875,38,0.36,0.47,,,,,,,,,,,,
vt_h10_c1,7,Perturbation,answer_only,signed_sum,raw,eligible_body_tokens,0.3,329,101,99,0.3069908814589666,0.9801980198019802,0.3009118541033435,0.43564356435643564,0.4444444444444444,0.4444444444444444,38.583065032958984,29,0.33663366336633666,0.43564356435643564,,,,,,,,,,,,
vt_h10_c1,8,Perturbation,answer_only,signed_sum,raw,eligible_body_tokens,0.3,329,101,99,0.3069908814589666,0.9801980198019802,0.3009118541033435,0.3465346534653465,0.35353535353535354,0.35353535353535354,40.3290901184082,44,0.26732673267326734,0.42574257425742573,,,,,,,,,,,,
vt_h10_c1,9,Perturbation,answer_only,signed_sum,raw,eligible_body_tokens,0.3,332,104,100,0.3132530120481928,0.9615384615384616,0.30120481927710846,0.47115384615384615,0.49,0.49,37.87092971801758,45,0.375,0.5288461538461539,,,,,,,,,,,,
vt_h10_c1,10,Perturbation,answer_only,signed_sum,raw,eligible_body_tokens,0.3,328,100,99,0.3048780487804878,0.99,0.3018292682926829,0.45,0.45454545454545453,0.45454545454545453,33.20094680786133,30,0.37,0.46,,,,,,,,,,,,
vt_h10_c1,11,Perturbation,answer_only,signed_sum,raw,eligible_body_tokens,0.3,329,101,99,0.3069908814589666,0.9801980198019802,0.3009118541033435,0.45544554455445546,0.46464646464646464,0.46464646464646464,41.90260314941406,28,0.37623762376237624,0.45544554455445546,,,,,,,,,,,,
vt_h10_c1,12,Perturbation,answer_only,signed_sum,raw,eligible_body_tokens,0.3,327,99,99,0.30275229357798167,1.0,0.30275229357798167,0.45454545454545453,0.45454545454545453,0.45454545454545453,44.72191619873047,30,0.3434343434343434,0.45454545454545453,,,,,,,,,,,,
vt_h10_c1,13,Perturbation,answer_only,signed_sum,raw,eligible_body_tokens,0.3,330,102,99,0.3090909090909091,0.9705882352941176,0.3,0.37254901960784315,0.3838383838383838,0.3838383838383838,44.7500114440918,40,0.3137254901960784,0.45098039215686275,,,,,,,,,,,,
vt_h10_c1,14,Perturbation,answer_only,signed_sum,raw,eligible_body_tokens,0.3,330,102,99,0.3090909090909091,0.9705882352941176,0.3,0.4215686274509804,0.43434343434343436,0.43434343434343436,33.08479309082031,29,0.3333333333333333,0.4215686274509804,,,,,,,,,,,,
vt_h10_c1,15,Perturbation,answer_only,signed_sum,raw,eligible_body_tokens,0.3,333,105,100,0.3153153153153153,0.9523809523809523,0.3003003003003003,0.37142857142857144,0.39,0.39,43.163421630859375,44,0.29523809523809524,0.45714285714285713,,,,,,,,,,,,
vt_h10_c1,16,Perturbation,answer_only,signed_sum,raw,eligible_body_tokens,0.3,332,104,100,0.3132530120481928,0.9615384615384616,0.30120481927710846,0.3557692307692308,0.37,0.37,39.30720901489258,44,0.27884615384615385,0.4423076923076923,,,,,,,,,,,,
vt_h10_c1,17,Perturbation,answer_only,signed_sum,raw,eligible_body_tokens,0.3,330,102,99,0.3090909090909091,0.9705882352941176,0.3,0.3627450980392157,0.37373737373737376,0.37373737373737376,38.76742172241211,44,0.27450980392156865,0.45098039215686275,,,,,,,,,,,,
vt_h10_c1,18,Perturbation,answer_only,signed_sum,raw,eligible_body_tokens,0.3,330,102,99,0.3090909090909091,0.9705882352941176,0.3,0.4117647058823529,0.42424242424242425,0.42424242424242425,51.29789733886719,44,0.3333333333333333,0.4411764705882353,,,,,,,,,,,,
vt_h10_c1,19,Perturbation,answer_only,signed_sum,raw,eligible_body_tokens,0.3,334,106,101,0.31736526946107785,0.9528301886792453,0.3023952095808383,0.3584905660377358,0.37623762376237624,0.37623762376237624,39.517818450927734,45,0.2830188679245283,0.4528301886792453,,,,,,,,,,,,
vt_h10_c1,20,Perturbation,answer_only,signed_sum,raw,eligible_body_tokens,0.3,326,98,98,0.3006134969325153,1.0,0.3006134969325153,0.45918367346938777,0.45918367346938777,0.45918367346938777,39.42780303955078,29,0.3673469387755102,0.45918367346938777,,,,,,,,,,,,
vt_h10_c1,21,Perturbation,answer_only,signed_sum,raw,eligible_body_tokens,0.3,331,103,100,0.311178247734139,0.970873786407767,0.3021148036253776,0.3592233009708738,0.37,0.37,38.0263557434082,44,0.2815533980582524,0.44660194174757284,,,,,,,,,,,,
vt_h10_c1,22,Perturbation,answer_only,signed_sum,raw,eligible_body_tokens,0.3,328,100,99,0.3048780487804878,0.99,0.3018292682926829,0.34,0.3434343434343434,0.3434343434343434,35.812191009521484,45,0.25,0.44,,,,,,,,,,,,
vt_h10_c1,23,Perturbation,answer_only,signed_sum,raw,eligible_body_tokens,0.3,332,104,100,0.3132530120481928,0.9615384615384616,0.30120481927710846,0.4519230769230769,0.47,0.47,37.184959411621094,28,0.36538461538461536,0.4519230769230769,,,,,,,,,,,,
vt_h10_c1,24,Perturbation,answer_only,signed_sum,raw,eligible_body_tokens,0.3,332,104,100,0.3132530120481928,0.9615384615384616,0.30120481927710846,0.4423076923076923,0.46,0.46,43.26085662841797,28,0.3557692307692308,0.4423076923076923,,,,,,,,,,,,
vt_h10_c1,25,Perturbation,answer_only,signed_sum,raw,eligible_body_tokens,0.3,332,104,100,0.3132530120481928,0.9615384615384616,0.30120481927710846,0.46153846153846156,0.48,0.48,45.51409912109375,45,0.375,0.5096153846153846,,,,,,,,,,,,
vt_h10_c1,26,Perturbation,answer_only,signed_sum,raw,eligible_body_tokens,0.3,332,104,100,0.3132530120481928,0.9615384615384616,0.30120481927710846,0.4423076923076923,0.46,0.46,37.096336364746094,29,0.34615384615384615,0.4423076923076923,,,,,,,,,,,,
vt_h10_c1,27,Perturbation,answer_only,signed_sum,raw,eligible_body_tokens,0.3,336,108,101,0.32142857142857145,0.9351851851851852,0.3005952380952381,0.4444444444444444,0.4752475247524752,0.4752475247524752,36.485145568847656,27,0.37037037037037035,0.4444444444444444,,,,,,,,,,,,
vt_h10_c1,28,Perturbation,answer_only,signed_sum,raw,eligible_body_tokens,0.3,330,102,99,0.3090909090909091,0.9705882352941176,0.3,0.35294117647058826,0.36363636363636365,0.36363636363636365,35.1024055480957,41,0.3137254901960784,0.46078431372549017,,,,,,,,,,,,
vt_h10_c1,29,Perturbation,answer_only,signed_sum,raw,eligible_body_tokens,0.3,322,94,97,0.2919254658385093,1.0,0.30124223602484473,0.44680851063829785,0.4329896907216495,0.44680851063829785,37.3402214050293,44,0.35106382978723405,0.5425531914893617,,,,,,,,,,,,
vt_h10_c1,30,Perturbation,answer_only,signed_sum,raw,eligible_body_tokens,0.3,326,98,98,0.3006134969325153,1.0,0.3006134969325153,0.37755102040816324,0.37755102040816324,0.37755102040816324,35.09834671020508,31,0.3163265306122449,0.3979591836734694,,,,,,,,,,,,
vt_h10_c1,31,Perturbation,answer_only,signed_sum,raw,eligible_body_tokens,0.3,333,105,100,0.3153153153153153,0.9523809523809523,0.3003003003003003,0.3523809523809524,0.37,0.37,41.37057876586914,44,0.2761904761904762,0.42857142857142855,,,,,,,,,,,,
vt_h10_c1,32,Perturbation,answer_only,signed_sum,raw,eligible_body_tokens,0.3,334,106,101,0.31736526946107785,0.9528301886792453,0.3023952095808383,0.3490566037735849,0.36633663366336633,0.36633663366336633,40.06124496459961,45,0.27358490566037735,0.44339622641509435,,,,,,,,,,,,
vt_h10_c1,33,Perturbation,answer_only,signed_sum,raw,eligible_body_tokens,0.3,332,104,100,0.3132530120481928,0.9615384615384616,0.30120481927710846,0.34615384615384615,0.36,0.36,39.439170837402344,42,0.2980769230769231,0.4326923076923077,,,,,,,,,,,,
vt_h10_c1,34,Perturbation,answer_only,signed_sum,raw,eligible_body_tokens,0.3,330,102,99,0.3090909090909091,0.9705882352941176,0.3,0.43137254901960786,0.4444444444444444,0.4444444444444444,33.186363220214844,44,0.3431372549019608,0.4411764705882353,,,,,,,,,,,,
vt_h10_c1,35,Perturbation,answer_only,signed_sum,raw,eligible_body_tokens,0.3,332,104,100,0.3132530120481928,0.9615384615384616,0.30120481927710846,0.38461538461538464,0.4,0.4,40.696075439453125,44,0.34615384615384615,0.46153846153846156,,,,,,,,,,,,
vt_h10_c1,36,Perturbation,answer_only,signed_sum,raw,eligible_body_tokens,0.3,328,100,99,0.3048780487804878,0.99,0.3018292682926829,0.45,0.45454545454545453,0.45454545454545453,43.106815338134766,30,0.34,0.45,,,,,,,,,,,,
vt_h10_c1,37,Perturbation,answer_only,signed_sum,raw,eligible_body_tokens,0.3,330,102,99,0.3090909090909091,0.9705882352941176,0.3,0.4411764705882353,0.45454545454545453,0.45454545454545453,40.91740036010742,29,0.3431372549019608,0.4411764705882353,,,,,,,,,,,,
vt_h10_c1,38,Perturbation,answer_only,signed_sum,raw,eligible_body_tokens,0.3,329,101,99,0.3069908814589666,0.9801980198019802,0.3009118541033435,0.44554455445544555,0.45454545454545453,0.45454545454545453,41.81121826171875,29,0.3564356435643564,0.44554455445544555,,,,,,,,,,,,
vt_h10_c1,39,Perturbation,answer_only,signed_sum,raw,eligible_body_tokens,0.3,334,106,101,0.31736526946107785,0.9528301886792453,0.3023952095808383,0.3490566037735849,0.36633663366336633,0.36633663366336633,50.50566482543945,46,0.2830188679245283,0.4528301886792453,,,,,,,,,,,,
vt_h10_c1,40,Perturbation,answer_only,signed_sum,raw,eligible_body_tokens,0.3,333,105,100,0.3153153153153153,0.9523809523809523,0.3003003003003003,0.42857142857142855,0.45,0.45,36.00769805908203,28,0.34285714285714286,0.42857142857142855,,,,,,,,,,,,
vt_h10_c1,41,Perturbation,answer_only,signed_sum,raw,eligible_body_tokens,0.3,328,100,99,0.3048780487804878,0.99,0.3018292682926829,0.44,0.4444444444444444,0.4444444444444444,37.71546936035156,30,0.35,0.44,,,,,,,,,,,,
vt_h10_c1,42,Perturbation,answer_only,signed_sum,raw,eligible_body_tokens,0.3,328,100,99,0.3048780487804878,0.99,0.3018292682926829,0.46,0.46464646464646464,0.46464646464646464,43.709476470947266,38,0.35,0.46,,,,,,,,,,,,
vt_h10_c1,43,Perturbation,answer_only,signed_sum,raw,eligible_body_tokens,0.3,334,106,101,0.31736526946107785,0.9528301886792453,0.3023952095808383,0.3584905660377358,0.37623762376237624,0.37623762376237624,24.741851806640625,44,0.27358490566037735,0.39622641509433965,,,,,,,,,,,,
vt_h10_c1,44,Perturbation,answer_only,signed_sum,raw,eligible_body_tokens,0.3,336,108,101,0.32142857142857145,0.9351851851851852,0.3005952380952381,0.4722222222222222,0.504950495049505,0.504950495049505,36.47896957397461,43,0.37962962962962965,0.48148148148148145,,,,,,,,,,,,
vt_h10_c1,45,Perturbation,answer_only,signed_sum,raw,eligible_body_tokens,0.3,326,98,98,0.3006134969325153,1.0,0.3006134969325153,0.3673469387755102,0.3673469387755102,0.3673469387755102,33.21438217163086,43,0.336734693877551,0.4387755102040816,,,,,,,,,,,,
vt_h10_c1,46,Perturbation,answer_only,signed_sum,raw,eligible_body_tokens,0.3,328,100,99,0.3048780487804878,0.99,0.3018292682926829,0.45,0.45454545454545453,0.45454545454545453,35.70972442626953,30,0.36,0.45,,,,,,,,,,,,
vt_h10_c1,47,Perturbation,answer_only,signed_sum,raw,eligible_body_tokens,0.3,325,97,98,0.29846153846153844,1.0,0.30153846153846153,0.422680412371134,0.41836734693877553,0.422680412371134,42.347137451171875,43,0.32989690721649484,0.4329896907216495,,,,,,,,,,,,
vt_h10_c1,48,Perturbation,answer_only,signed_sum,raw,eligible_body_tokens,0.3,328,100,99,0.3048780487804878,0.99,0.3018292682926829,0.44,0.4444444444444444,0.4444444444444444,40.02234649658203,30,0.35,0.44,,,,,,,,,,,,
vt_h10_c1,49,Perturbation,answer_only,signed_sum,raw,eligible_body_tokens,0.3,331,103,100,0.311178247734139,0.970873786407767,0.3021148036253776,0.4563106796116505,0.47,0.47,47.94964599609375,41,0.3592233009708738,0.46601941747572817,,,,,,,,,,,,
vt_h10_c1,50,Perturbation,answer_only,signed_sum,raw,eligible_body_tokens,0.3,328,100,99,0.3048780487804878,0.99,0.3018292682926829,0.45,0.45454545454545453,0.45454545454545453,33.270511627197266,30,0.36,0.45,,,,,,,,,,,,
vt_h10_c1,51,Perturbation,answer_only,signed_sum,raw,eligible_body_tokens,0.3,332,104,100,0.3132530120481928,0.9615384615384616,0.30120481927710846,0.47115384615384615,0.49,0.49,41.323726654052734,44,0.36538461538461536,0.4807692307692308,,,,,,,,,,,,
vt_h10_c1,52,Perturbation,answer_only,signed_sum,raw,eligible_body_tokens,0.3,340,112,102,0.32941176470588235,0.9107142857142857,0.3,0.42857142857142855,0.47058823529411764,0.47058823529411764,43.97341537475586,46,0.3482142857142857,0.45535714285714285,,,,,,,,,,,,
vt_h10_c1,53,Perturbation,answer_only,signed_sum,raw,eligible_body_tokens,0.3,334,106,101,0.31736526946107785,0.9528301886792453,0.3023952095808383,0.4528301886792453,0.4752475247524752,0.4752475247524752,41.179630279541016,28,0.36792452830188677,0.4528301886792453,,,,,,,,,,,,
vt_h10_c1,54,Perturbation,answer_only,signed_sum,raw,eligible_body_tokens,0.3,332,104,100,0.3132530120481928,0.9615384615384616,0.30120481927710846,0.36538461538461536,0.38,0.38,43.624595642089844,45,0.28846153846153844,0.4519230769230769,,,,,,,,,,,,
vt_h10_c1,55,Perturbation,answer_only,signed_sum,raw,eligible_body_tokens,0.3,328,100,99,0.3048780487804878,0.99,0.3018292682926829,0.48,0.48484848484848486,0.48484848484848486,35.95609664916992,38,0.38,0.48,,,,,,,,,,,,
vt_h10_c1,56,Perturbation,answer_only,signed_sum,raw,eligible_body_tokens,0.3,332,104,100,0.3132530120481928,0.9615384615384616,0.30120481927710846,0.4423076923076923,0.46,0.46,45.14284133911133,28,0.36538461538461536,0.4423076923076923,,,,,,,,,,,,
vt_h10_c1,57,Perturbation,answer_only,signed_sum,raw,eligible_body_tokens,0.3,328,100,99,0.3048780487804878,0.99,0.3018292682926829,0.44,0.4444444444444444,0.4444444444444444,41.940879821777344,30,0.35,0.44,,,,,,,,,,,,
vt_h10_c1,58,Perturbation,answer_only,signed_sum,raw,eligible_body_tokens,0.3,331,103,100,0.311178247734139,0.970873786407767,0.3021148036253776,0.4368932038834951,0.45,0.45,31.783079147338867,44,0.3592233009708738,0.49514563106796117,,,,,,,,,,,,
vt_h10_c1,59,Perturbation,answer_only,signed_sum,raw,eligible_body_tokens,0.3,334,106,101,0.31736526946107785,0.9528301886792453,0.3023952095808383,0.3867924528301887,0.40594059405940597,0.40594059405940597,35.57310485839844,44,0.3490566037735849,0.4528301886792453,,,,,,,,,,,,
vt_h10_c1,60,Perturbation,answer_only,signed_sum,raw,eligible_body_tokens,0.3,328,100,99,0.3048780487804878,0.99,0.3018292682926829,0.44,0.4444444444444444,0.4444444444444444,42.32201385498047,30,0.36,0.45,,,,,,,,,,,,
vt_h10_c1,61,Perturbation,answer_only,signed_sum,raw,eligible_body_tokens,0.3,334,106,101,0.31736526946107785,0.9528301886792453,0.3023952095808383,0.3584905660377358,0.37623762376237624,0.37623762376237624,38.614871978759766,44,0.3113207547169811,0.4528301886792453,,,,,,,,,,,,
vt_h10_c1,62,Perturbation,answer_only,signed_sum,raw,eligible_body_tokens,0.3,334,106,101,0.31736526946107785,0.9528301886792453,0.3023952095808383,0.44339622641509435,0.46534653465346537,0.46534653465346537,39.21181106567383,28,0.3584905660377358,0.44339622641509435,,,,,,,,,,,,
vt_h10_c1,63,Perturbation,answer_only,signed_sum,raw,eligible_body_tokens,0.3,332,104,100,0.3132530120481928,0.9615384615384616,0.30120481927710846,0.4230769230769231,0.44,0.44,36.35175704956055,29,0.3269230769230769,0.4230769230769231,,,,,,,,,,,,
vt_h10_c1,64,Perturbation,answer_only,signed_sum,raw,eligible_body_tokens,0.3,330,102,99,0.3090909090909091,0.9705882352941176,0.3,0.35294117647058826,0.36363636363636365,0.36363636363636365,50.78670883178711,44,0.2647058823529412,0.4411764705882353,,,,,,,,,,,,
vt_h10_c1,65,Perturbation,answer_only,signed_sum,raw,eligible_body_tokens,0.3,336,108,101,0.32142857142857145,0.9351851851851852,0.3005952380952381,0.4444444444444444,0.4752475247524752,0.4752475247524752,40.727012634277344,28,0.3611111111111111,0.4444444444444444,,,,,,,,,,,,
vt_h10_c1,66,Perturbation,answer_only,signed_sum,raw,eligible_body_tokens,0.3,332,104,100,0.3132530120481928,0.9615384615384616,0.30120481927710846,0.46153846153846156,0.48,0.48,41.693721771240234,42,0.3557692307692308,0.46153846153846156,,,,,,,,,,,,
vt_h10_c1,67,Perturbation,answer_only,signed_sum,raw,eligible_body_tokens,0.3,330,102,99,0.3090909090909091,0.9705882352941176,0.3,0.39215686274509803,0.40404040404040403,0.40404040404040403,48.372676849365234,44,0.35294117647058826,0.45098039215686275,,,,,,,,,,,,
vt_h10_c1,68,Perturbation,answer_only,signed_sum,raw,eligible_body_tokens,0.3,331,103,100,0.311178247734139,0.970873786407767,0.3021148036253776,0.46601941747572817,0.48,0.48,31.436355590820312,42,0.36893203883495146,0.47572815533980584,,,,,,,,,,,,
vt_h10_c1,69,Perturbation,answer_only,signed_sum,raw,eligible_body_tokens,0.3,332,104,100,0.3132530120481928,0.9615384615384616,0.30120481927710846,0.3557692307692308,0.37,0.37,56.57854461669922,44,0.27884615384615385,0.4423076923076923,,,,,,,,,,,,
vt_h10_c1,70,Perturbation,answer_only,signed_sum,raw,eligible_body_tokens,0.3,328,100,99,0.3048780487804878,0.99,0.3018292682926829,0.36,0.36363636363636365,0.36363636363636365,44.85898208618164,37,0.32,0.44,,,,,,,,,,,,
vt_h10_c1,71,Perturbation,answer_only,signed_sum,raw,eligible_body_tokens,0.3,334,106,101,0.31736526946107785,0.9528301886792453,0.3023952095808383,0.37735849056603776,0.39603960396039606,0.39603960396039606,45.712615966796875,44,0.3490566037735849,0.4716981132075472,,,,,,,,,,,,
vt_h10_c1,72,Perturbation,answer_only,signed_sum,raw,eligible_body_tokens,0.3,333,105,100,0.3153153153153153,0.9523809523809523,0.3003003003003003,0.3523809523809524,0.37,0.37,37.50108337402344,44,0.2857142857142857,0.44761904761904764,,,,,,,,,,,,
vt_h10_c1,73,Perturbation,answer_only,signed_sum,raw,eligible_body_tokens,0.3,334,106,101,0.31736526946107785,0.9528301886792453,0.3023952095808383,0.3490566037735849,0.36633663366336633,0.36633663366336633,41.706031799316406,44,0.25471698113207547,0.39622641509433965,,,,,,,,,,,,
vt_h10_c1,74,Perturbation,answer_only,signed_sum,raw,eligible_body_tokens,0.3,329,101,99,0.3069908814589666,0.9801980198019802,0.3009118541033435,0.45544554455445546,0.46464646464646464,0.46464646464646464,34.881561279296875,29,0.3564356435643564,0.45544554455445546,,,,,,,,,,,,
vt_h10_c1,75,Perturbation,answer_only,signed_sum,raw,eligible_body_tokens,0.3,326,98,98,0.3006134969325153,1.0,0.3006134969325153,0.37755102040816324,0.37755102040816324,0.37755102040816324,19.48810386657715,35,0.30612244897959184,0.4387755102040816,,,,,,,,,,,,
vt_h10_c1,76,Perturbation,answer_only,signed_sum,raw,eligible_body_tokens,0.3,332,104,100,0.3132530120481928,0.9615384615384616,0.30120481927710846,0.46153846153846156,0.48,0.48,40.07168960571289,28,0.375,0.46153846153846156,,,,,,,,,,,,
vt_h10_c1,77,Perturbation,answer_only,signed_sum,raw,eligible_body_tokens,0.3,334,106,101,0.31736526946107785,0.9528301886792453,0.3023952095808383,0.330188679245283,0.3465346534653465,0.3465346534653465,32.74618911743164,44,0.2641509433962264,0.4056603773584906,,,,,,,,,,,,
vt_h10_c1,78,Perturbation,answer_only,signed_sum,raw,eligible_body_tokens,0.3,332,104,100,0.3132530120481928,0.9615384615384616,0.30120481927710846,0.4423076923076923,0.46,0.46,34.62095260620117,28,0.3557692307692308,0.4423076923076923,,,,,,,,,,,,
vt_h10_c1,79,Perturbation,answer_only,signed_sum,raw,eligible_body_tokens,0.3,328,100,99,0.3048780487804878,0.99,0.3018292682926829,0.46,0.46464646464646464,0.46464646464646464,40.52845001220703,38,0.36,0.47,,,,,,,,,,,,
vt_h10_c1,80,Perturbation,answer_only,signed_sum,raw,eligible_body_tokens,0.3,332,104,100,0.3132530120481928,0.9615384615384616,0.30120481927710846,0.4326923076923077,0.45,0.45,43.978965759277344,43,0.3269230769230769,0.4423076923076923,,,,,,,,,,,,
vt_h10_c1,81,Perturbation,answer_only,signed_sum,raw,eligible_body_tokens,0.3,330,102,99,0.3090909090909091,0.9705882352941176,0.3,0.35294117647058826,0.36363636363636365,0.36363636363636365,35.33401870727539,44,0.2647058823529412,0.4411764705882353,,,,,,,,,,,,
vt_h10_c1,82,Perturbation,answer_only,signed_sum,raw,eligible_body_tokens,0.3,330,102,99,0.3090909090909091,0.9705882352941176,0.3,0.3627450980392157,0.37373737373737376,0.37373737373737376,38.60191345214844,43,0.27450980392156865,0.3627450980392157,,,,,,,,,,,,
vt_h10_c1,83,Perturbation,answer_only,signed_sum,raw,eligible_body_tokens,0.3,327,99,99,0.30275229357798167,1.0,0.30275229357798167,0.43434343434343436,0.43434343434343436,0.43434343434343436,35.65251159667969,30,0.3434343434343434,0.43434343434343436,,,,,,,,,,,,
vt_h10_c1,84,Perturbation,answer_only,signed_sum,raw,eligible_body_tokens,0.3,335,107,101,0.3194029850746269,0.9439252336448598,0.30149253731343284,0.4485981308411215,0.4752475247524752,0.4752475247524752,51.29411697387695,45,0.38317757009345793,0.514018691588785,,,,,,,,,,,,
vt_h10_c1,85,Perturbation,answer_only,signed_sum,raw,eligible_body_tokens,0.3,334,106,101,0.31736526946107785,0.9528301886792453,0.3023952095808383,0.32075471698113206,0.33663366336633666,0.33663366336633666,37.972835540771484,44,0.25471698113207547,0.39622641509433965,,,,,,,,,,,,
vt_h10_c1,86,Perturbation,answer_only,signed_sum,raw,eligible_body_tokens,0.3,332,104,100,0.3132530120481928,0.9615384615384616,0.30120481927710846,0.3557692307692308,0.37,0.37,37.29607009887695,44,0.2980769230769231,0.4519230769230769,,,,,,,,,,,,
vt_h10_c1,87,Perturbation,answer_only,signed_sum,raw,eligible_body_tokens,0.3,330,102,99,0.3090909090909091,0.9705882352941176,0.3,0.4411764705882353,0.45454545454545453,0.45454545454545453,38.34122848510742,29,0.35294117647058826,0.4411764705882353,,,,,,,,,,,,
vt_h10_c1,88,Perturbation,answer_only,signed_sum,raw,eligible_body_tokens,0.3,332,104,100,0.3132530120481928,0.9615384615384616,0.30120481927710846,0.40384615384615385,0.42,0.42,32.7147331237793,39,0.36538461538461536,0.49038461538461536,,,,,,,,,,,,
vt_h10_c1,89,Perturbation,answer_only,signed_sum,raw,eligible_body_tokens,0.3,334,106,101,0.31736526946107785,0.9528301886792453,0.3023952095808383,0.36792452830188677,0.38613861386138615,0.38613861386138615,45.871437072753906,44,0.3113207547169811,0.46226415094339623,,,,,,,,,,,,
vt_h10_c1,90,Perturbation,answer_only,signed_sum,raw,eligible_body_tokens,0.3,328,100,99,0.3048780487804878,0.99,0.3018292682926829,0.36,0.36363636363636365,0.36363636363636365,31.682422637939453,44,0.27,0.44,,,,,,,,,,,,
vt_h10_c1,91,Perturbation,answer_only,signed_sum,raw,eligible_body_tokens,0.3,334,106,101,0.31736526946107785,0.9528301886792453,0.3023952095808383,0.3584905660377358,0.37623762376237624,0.37623762376237624,39.20913314819336,44,0.3018867924528302,0.44339622641509435,,,,,,,,,,,,
vt_h10_c1,92,Perturbation,answer_only,signed_sum,raw,eligible_body_tokens,0.3,333,105,100,0.3153153153153153,0.9523809523809523,0.3003003003003003,0.37142857142857144,0.39,0.39,33.4031982421875,44,0.29523809523809524,0.45714285714285713,,,,,,,,,,,,
vt_h10_c1,93,Perturbation,answer_only,signed_sum,raw,eligible_body_tokens,0.3,330,102,99,0.3090909090909091,0.9705882352941176,0.3,0.3627450980392157,0.37373737373737376,0.37373737373737376,37.44794845581055,45,0.2647058823529412,0.45098039215686275,,,,,,,,,,,,
vt_h10_c1,94,Perturbation,answer_only,signed_sum,raw,eligible_body_tokens,0.3,332,104,100,0.3132530120481928,0.9615384615384616,0.30120481927710846,0.4423076923076923,0.46,0.46,38.807151794433594,28,0.3557692307692308,0.4423076923076923,,,,,,,,,,,,
vt_h10_c1,95,Perturbation,answer_only,signed_sum,raw,eligible_body_tokens,0.3,330,102,99,0.3090909090909091,0.9705882352941176,0.3,0.45098039215686275,0.46464646464646464,0.46464646464646464,37.50107192993164,29,0.3627450980392157,0.45098039215686275,,,,,,,,,,,,
vt_h10_c1,96,Perturbation,answer_only,signed_sum,raw,eligible_body_tokens,0.3,330,102,99,0.3090909090909091,0.9705882352941176,0.3,0.37254901960784315,0.3838383838383838,0.3838383838383838,43.808258056640625,44,0.3431372549019608,0.4411764705882353,,,,,,,,,,,,
vt_h10_c1,97,Perturbation,answer_only,signed_sum,raw,eligible_body_tokens,0.3,330,102,99,0.3090909090909091,0.9705882352941176,0.3,0.35294117647058826,0.36363636363636365,0.36363636363636365,53.341705322265625,44,0.2647058823529412,0.4411764705882353,,,,,,,,,,,,
vt_h10_c1,98,Perturbation,answer_only,signed_sum,raw,eligible_body_tokens,0.3,335,107,101,0.3194029850746269,0.9439252336448598,0.30149253731343284,0.4205607476635514,0.44554455445544555,0.44554455445544555,38.98348617553711,46,0.34579439252336447,0.4485981308411215,,,,,,,,,,,,
vt_h10_c1,99,Perturbation,answer_only,signed_sum,raw,eligible_body_tokens,0.3,324,96,98,0.2962962962962963,1.0,0.30246913580246915,0.375,0.3673469387755102,0.375,38.52893829345703,38,0.3229166666666667,0.46875,,,,,,,,,,,,
vt_h10_c1,0,REAGENT,answer_only,signed_sum,raw,eligible_body_tokens,0.3,333,105,100,0.3153153153153153,0.9523809523809523,0.3003003003003003,0.37142857142857144,0.39,0.39,38.15434646606445,37,0.3333333333333333,0.44761904761904764,,,,,,,,,,,,
vt_h10_c1,1,REAGENT,answer_only,signed_sum,raw,eligible_body_tokens,0.3,331,103,100,0.311178247734139,0.970873786407767,0.3021148036253776,0.44660194174757284,0.46,0.46,37.372894287109375,29,0.34951456310679613,0.44660194174757284,,,,,,,,,,,,
vt_h10_c1,2,REAGENT,answer_only,signed_sum,raw,eligible_body_tokens,0.3,335,107,101,0.3194029850746269,0.9439252336448598,0.30149253731343284,0.45794392523364486,0.48514851485148514,0.48514851485148514,34.18720626831055,29,0.37383177570093457,0.45794392523364486,,,,,,,,,,,,
vt_h10_c1,3,REAGENT,answer_only,signed_sum,raw,eligible_body_tokens,0.3,330,102,99,0.3090909090909091,0.9705882352941176,0.3,0.4117647058823529,0.42424242424242425,0.42424242424242425,37.83388900756836,45,0.3333333333333333,0.4411764705882353,,,,,,,,,,,,
vt_h10_c1,4,REAGENT,answer_only,signed_sum,raw,eligible_body_tokens,0.3,330,102,99,0.3090909090909091,0.9705882352941176,0.3,0.45098039215686275,0.46464646464646464,0.46464646464646464,28.722856521606445,40,0.35294117647058826,0.46078431372549017,,,,,,,,,,,,
vt_h10_c1,5,REAGENT,answer_only,signed_sum,raw,eligible_body_tokens,0.3,332,104,100,0.3132530120481928,0.9615384615384616,0.30120481927710846,0.4230769230769231,0.44,0.44,45.37345886230469,44,0.3173076923076923,0.4230769230769231,,,,,,,,,,,,
vt_h10_c1,6,REAGENT,answer_only,signed_sum,raw,eligible_body_tokens,0.3,328,100,99,0.3048780487804878,0.99,0.3018292682926829,0.46,0.46464646464646464,0.46464646464646464,38.41771697998047,44,0.37,0.54,,,,,,,,,,,,
vt_h10_c1,7,REAGENT,answer_only,signed_sum,raw,eligible_body_tokens,0.3,329,101,99,0.3069908814589666,0.9801980198019802,0.3009118541033435,0.43564356435643564,0.4444444444444444,0.4444444444444444,36.864253997802734,29,0.33663366336633666,0.43564356435643564,,,,,,,,,,,,
vt_h10_c1,8,REAGENT,answer_only,signed_sum,raw,eligible_body_tokens,0.3,329,101,99,0.3069908814589666,0.9801980198019802,0.3009118541033435,0.42574257425742573,0.43434343434343436,0.43434343434343436,38.03987503051758,29,0.32673267326732675,0.42574257425742573,,,,,,,,,,,,
vt_h10_c1,9,REAGENT,answer_only,signed_sum,raw,eligible_body_tokens,0.3,332,104,100,0.3132530120481928,0.9615384615384616,0.30120481927710846,0.47115384615384615,0.49,0.49,37.59732437133789,45,0.375,0.5288461538461539,,,,,,,,,,,,
vt_h10_c1,10,REAGENT,answer_only,signed_sum,raw,eligible_body_tokens,0.3,328,100,99,0.3048780487804878,0.99,0.3018292682926829,0.45,0.45454545454545453,0.45454545454545453,31.67624282836914,30,0.37,0.46,,,,,,,,,,,,
vt_h10_c1,11,REAGENT,answer_only,signed_sum,raw,eligible_body_tokens,0.3,329,101,99,0.3069908814589666,0.9801980198019802,0.3009118541033435,0.45544554455445546,0.46464646464646464,0.46464646464646464,34.15718078613281,28,0.37623762376237624,0.45544554455445546,,,,,,,,,,,,
vt_h10_c1,12,REAGENT,answer_only,signed_sum,raw,eligible_body_tokens,0.3,327,99,99,0.30275229357798167,1.0,0.30275229357798167,0.4444444444444444,0.4444444444444444,0.4444444444444444,36.46175003051758,37,0.3434343434343434,0.45454545454545453,,,,,,,,,,,,
vt_h10_c1,13,REAGENT,answer_only,signed_sum,raw,eligible_body_tokens,0.3,330,102,99,0.3090909090909091,0.9705882352941176,0.3,0.35294117647058826,0.36363636363636365,0.36363636363636365,41.37030029296875,44,0.27450980392156865,0.4411764705882353,,,,,,,,,,,,
vt_h10_c1,14,REAGENT,answer_only,signed_sum,raw,eligible_body_tokens,0.3,330,102,99,0.3090909090909091,0.9705882352941176,0.3,0.43137254901960786,0.4444444444444444,0.4444444444444444,28.90798568725586,40,0.3333333333333333,0.4411764705882353,,,,,,,,,,,,
vt_h10_c1,15,REAGENT,answer_only,signed_sum,raw,eligible_body_tokens,0.3,333,105,100,0.3153153153153153,0.9523809523809523,0.3003003003003003,0.42857142857142855,0.45,0.45,45.01483917236328,44,0.37142857142857144,0.47619047619047616,,,,,,,,,,,,
vt_h10_c1,16,REAGENT,answer_only,signed_sum,raw,eligible_body_tokens,0.3,332,104,100,0.3132530120481928,0.9615384615384616,0.30120481927710846,0.4519230769230769,0.47,0.47,27.18960952758789,43,0.34615384615384615,0.46153846153846156,,,,,,,,,,,,
vt_h10_c1,17,REAGENT,answer_only,signed_sum,raw,eligible_body_tokens,0.3,330,102,99,0.3090909090909091,0.9705882352941176,0.3,0.45098039215686275,0.46464646464646464,0.46464646464646464,35.74046325683594,29,0.35294117647058826,0.45098039215686275,,,,,,,,,,,,
vt_h10_c1,18,REAGENT,answer_only,signed_sum,raw,eligible_body_tokens,0.3,330,102,99,0.3090909090909091,0.9705882352941176,0.3,0.4117647058823529,0.42424242424242425,0.42424242424242425,52.79994583129883,44,0.3333333333333333,0.4411764705882353,,,,,,,,,,,,
vt_h10_c1,19,REAGENT,answer_only,signed_sum,raw,eligible_body_tokens,0.3,334,106,101,0.31736526946107785,0.9528301886792453,0.3023952095808383,0.3584905660377358,0.37623762376237624,0.37623762376237624,35.770347595214844,39,0.33962264150943394,0.44339622641509435,,,,,,,,,,,,
vt_h10_c1,20,REAGENT,answer_only,signed_sum,raw,eligible_body_tokens,0.3,326,98,98,0.3006134969325153,1.0,0.3006134969325153,0.45918367346938777,0.45918367346938777,0.45918367346938777,33.38474655151367,29,0.3673469387755102,0.45918367346938777,,,,,,,,,,,,
vt_h10_c1,21,REAGENT,answer_only,signed_sum,raw,eligible_body_tokens,0.3,331,103,100,0.311178247734139,0.970873786407767,0.3021148036253776,0.36893203883495146,0.38,0.38,35.72866439819336,42,0.3300970873786408,0.46601941747572817,,,,,,,,,,,,
vt_h10_c1,22,REAGENT,answer_only,signed_sum,raw,eligible_body_tokens,0.3,328,100,99,0.3048780487804878,0.99,0.3018292682926829,0.35,0.35353535353535354,0.35353535353535354,29.442262649536133,43,0.35,0.46,,,,,,,,,,,,
vt_h10_c1,23,REAGENT,answer_only,signed_sum,raw,eligible_body_tokens,0.3,332,104,100,0.3132530120481928,0.9615384615384616,0.30120481927710846,0.4519230769230769,0.47,0.47,33.17688751220703,28,0.36538461538461536,0.4519230769230769,,,,,,,,,,,,
vt_h10_c1,24,REAGENT,answer_only,signed_sum,raw,eligible_body_tokens,0.3,332,104,100,0.3132530120481928,0.9615384615384616,0.30120481927710846,0.46153846153846156,0.48,0.48,33.90288543701172,43,0.3557692307692308,0.46153846153846156,,,,,,,,,,,,
vt_h10_c1,25,REAGENT,answer_only,signed_sum,raw,eligible_body_tokens,0.3,332,104,100,0.3132530120481928,0.9615384615384616,0.30120481927710846,0.4423076923076923,0.46,0.46,33.4510612487793,28,0.3557692307692308,0.4423076923076923,,,,,,,,,,,,
vt_h10_c1,26,REAGENT,answer_only,signed_sum,raw,eligible_body_tokens,0.3,332,104,100,0.3132530120481928,0.9615384615384616,0.30120481927710846,0.4423076923076923,0.46,0.46,29.539371490478516,29,0.34615384615384615,0.4423076923076923,,,,,,,,,,,,
vt_h10_c1,27,REAGENT,answer_only,signed_sum,raw,eligible_body_tokens,0.3,336,108,101,0.32142857142857145,0.9351851851851852,0.3005952380952381,0.46296296296296297,0.49504950495049505,0.49504950495049505,35.66559600830078,43,0.37037037037037035,0.4722222222222222,,,,,,,,,,,,
vt_h10_c1,28,REAGENT,answer_only,signed_sum,raw,eligible_body_tokens,0.3,330,102,99,0.3090909090909091,0.9705882352941176,0.3,0.46078431372549017,0.47474747474747475,0.47474747474747475,30.60129737854004,29,0.37254901960784315,0.46078431372549017,,,,,,,,,,,,
vt_h10_c1,29,REAGENT,answer_only,signed_sum,raw,eligible_body_tokens,0.3,322,94,97,0.2919254658385093,1.0,0.30124223602484473,0.4787234042553192,0.4639175257731959,0.4787234042553192,38.03368377685547,35,0.3723404255319149,0.4787234042553192,,,,,,,,,,,,
vt_h10_c1,30,REAGENT,answer_only,signed_sum,raw,eligible_body_tokens,0.3,326,98,98,0.3006134969325153,1.0,0.3006134969325153,0.3469387755102041,0.3469387755102041,0.3469387755102041,30.294082641601562,35,0.2857142857142857,0.40816326530612246,,,,,,,,,,,,
vt_h10_c1,31,REAGENT,answer_only,signed_sum,raw,eligible_body_tokens,0.3,333,105,100,0.3153153153153153,0.9523809523809523,0.3003003003003003,0.45714285714285713,0.48,0.48,32.7911376953125,28,0.37142857142857144,0.45714285714285713,,,,,,,,,,,,
vt_h10_c1,32,REAGENT,answer_only,signed_sum,raw,eligible_body_tokens,0.3,334,106,101,0.31736526946107785,0.9528301886792453,0.3023952095808383,0.44339622641509435,0.46534653465346537,0.46534653465346537,35.31843185424805,29,0.3490566037735849,0.44339622641509435,,,,,,,,,,,,
vt_h10_c1,33,REAGENT,answer_only,signed_sum,raw,eligible_body_tokens,0.3,332,104,100,0.3132530120481928,0.9615384615384616,0.30120481927710846,0.4519230769230769,0.47,0.47,37.247440338134766,28,0.36538461538461536,0.4519230769230769,,,,,,,,,,,,
vt_h10_c1,34,REAGENT,answer_only,signed_sum,raw,eligible_body_tokens,0.3,330,102,99,0.3090909090909091,0.9705882352941176,0.3,0.43137254901960786,0.4444444444444444,0.4444444444444444,33.55696105957031,44,0.3431372549019608,0.4411764705882353,,,,,,,,,,,,
vt_h10_c1,35,REAGENT,answer_only,signed_sum,raw,eligible_body_tokens,0.3,332,104,100,0.3132530120481928,0.9615384615384616,0.30120481927710846,0.38461538461538464,0.4,0.4,37.97323226928711,44,0.28846153846153844,0.40384615384615385,,,,,,,,,,,,
vt_h10_c1,36,REAGENT,answer_only,signed_sum,raw,eligible_body_tokens,0.3,328,100,99,0.3048780487804878,0.99,0.3018292682926829,0.35,0.35353535353535354,0.35353535353535354,39.26877212524414,43,0.34,0.46,,,,,,,,,,,,
vt_h10_c1,37,REAGENT,answer_only,signed_sum,raw,eligible_body_tokens,0.3,330,102,99,0.3090909090909091,0.9705882352941176,0.3,0.4411764705882353,0.45454545454545453,0.45454545454545453,30.712894439697266,40,0.3431372549019608,0.46078431372549017,,,,,,,,,,,,
vt_h10_c1,38,REAGENT,answer_only,signed_sum,raw,eligible_body_tokens,0.3,329,101,99,0.3069908814589666,0.9801980198019802,0.3009118541033435,0.44554455445544555,0.45454545454545453,0.45454545454545453,34.64032745361328,29,0.3564356435643564,0.44554455445544555,,,,,,,,,,,,
vt_h10_c1,39,REAGENT,answer_only,signed_sum,raw,eligible_body_tokens,0.3,334,106,101,0.31736526946107785,0.9528301886792453,0.3023952095808383,0.4528301886792453,0.4752475247524752,0.4752475247524752,38.677616119384766,28,0.36792452830188677,0.4528301886792453,,,,,,,,,,,,
vt_h10_c1,40,REAGENT,answer_only,signed_sum,raw,eligible_body_tokens,0.3,333,105,100,0.3153153153153153,0.9523809523809523,0.3003003003003003,0.34285714285714286,0.36,0.36,35.47908020019531,43,0.34285714285714286,0.44761904761904764,,,,,,,,,,,,
vt_h10_c1,41,REAGENT,answer_only,signed_sum,raw,eligible_body_tokens,0.3,328,100,99,0.3048780487804878,0.99,0.3018292682926829,0.44,0.4444444444444444,0.4444444444444444,35.26877975463867,30,0.35,0.44,,,,,,,,,,,,
vt_h10_c1,42,REAGENT,answer_only,signed_sum,raw,eligible_body_tokens,0.3,328,100,99,0.3048780487804878,0.99,0.3018292682926829,0.46,0.46464646464646464,0.46464646464646464,38.93165588378906,38,0.35,0.46,,,,,,,,,,,,
vt_h10_c1,43,REAGENT,answer_only,signed_sum,raw,eligible_body_tokens,0.3,334,106,101,0.31736526946107785,0.9528301886792453,0.3023952095808383,0.3584905660377358,0.37623762376237624,0.37623762376237624,31.642602920532227,44,0.27358490566037735,0.39622641509433965,,,,,,,,,,,,
vt_h10_c1,44,REAGENT,answer_only,signed_sum,raw,eligible_body_tokens,0.3,336,108,101,0.32142857142857145,0.9351851851851852,0.3005952380952381,0.4722222222222222,0.504950495049505,0.504950495049505,30.775800704956055,43,0.37962962962962965,0.48148148148148145,,,,,,,,,,,,
vt_h10_c1,45,REAGENT,answer_only,signed_sum,raw,eligible_body_tokens,0.3,326,98,98,0.3006134969325153,1.0,0.3006134969325153,0.4387755102040816,0.4387755102040816,0.4387755102040816,25.763748168945312,35,0.336734693877551,0.4387755102040816,,,,,,,,,,,,
vt_h10_c1,46,REAGENT,answer_only,signed_sum,raw,eligible_body_tokens,0.3,328,100,99,0.3048780487804878,0.99,0.3018292682926829,0.46,0.46464646464646464,0.46464646464646464,31.135604858398438,30,0.37,0.46,,,,,,,,,,,,
vt_h10_c1,47,REAGENT,answer_only,signed_sum,raw,eligible_body_tokens,0.3,325,97,98,0.29846153846153844,1.0,0.30153846153846153,0.422680412371134,0.41836734693877553,0.422680412371134,40.925743103027344,43,0.32989690721649484,0.4329896907216495,,,,,,,,,,,,
vt_h10_c1,48,REAGENT,answer_only,signed_sum,raw,eligible_body_tokens,0.3,328,100,99,0.3048780487804878,0.99,0.3018292682926829,0.35,0.35353535353535354,0.35353535353535354,35.52374267578125,44,0.26,0.44,,,,,,,,,,,,
vt_h10_c1,49,REAGENT,answer_only,signed_sum,raw,eligible_body_tokens,0.3,331,103,100,0.311178247734139,0.970873786407767,0.3021148036253776,0.4563106796116505,0.47,0.47,40.66685104370117,41,0.3592233009708738,0.46601941747572817,,,,,,,,,,,,
vt_h10_c1,50,REAGENT,answer_only,signed_sum,raw,eligible_body_tokens,0.3,328,100,99,0.3048780487804878,0.99,0.3018292682926829,0.45,0.45454545454545453,0.45454545454545453,25.843358993530273,30,0.36,0.45,,,,,,,,,,,,
vt_h10_c1,51,REAGENT,answer_only,signed_sum,raw,eligible_body_tokens,0.3,332,104,100,0.3132530120481928,0.9615384615384616,0.30120481927710846,0.47115384615384615,0.49,0.49,27.774593353271484,44,0.36538461538461536,0.4807692307692308,,,,,,,,,,,,
vt_h10_c1,52,REAGENT,answer_only,signed_sum,raw,eligible_body_tokens,0.3,340,112,102,0.32941176470588235,0.9107142857142857,0.3,0.4375,0.4803921568627451,0.4803921568627451,45.530269622802734,45,0.35714285714285715,0.45535714285714285,,,,,,,,,,,,
vt_h10_c1,53,REAGENT,answer_only,signed_sum,raw,eligible_body_tokens,0.3,334,106,101,0.31736526946107785,0.9528301886792453,0.3023952095808383,0.4528301886792453,0.4752475247524752,0.4752475247524752,37.59003829956055,44,0.36792452830188677,0.4811320754716981,,,,,,,,,,,,
vt_h10_c1,54,REAGENT,answer_only,signed_sum,raw,eligible_body_tokens,0.3,332,104,100,0.3132530120481928,0.9615384615384616,0.30120481927710846,0.4519230769230769,0.47,0.47,39.0158805847168,28,0.36538461538461536,0.4519230769230769,,,,,,,,,,,,
vt_h10_c1,55,REAGENT,answer_only,signed_sum,raw,eligible_body_tokens,0.3,328,100,99,0.3048780487804878,0.99,0.3018292682926829,0.48,0.48484848484848486,0.48484848484848486,36.84139633178711,38,0.38,0.48,,,,,,,,,,,,
vt_h10_c1,56,REAGENT,answer_only,signed_sum,raw,eligible_body_tokens,0.3,332,104,100,0.3132530120481928,0.9615384615384616,0.30120481927710846,0.4423076923076923,0.46,0.46,42.0400505065918,28,0.36538461538461536,0.4423076923076923,,,,,,,,,,,,
vt_h10_c1,57,REAGENT,answer_only,signed_sum,raw,eligible_body_tokens,0.3,328,100,99,0.3048780487804878,0.99,0.3018292682926829,0.35,0.35353535353535354,0.35353535353535354,47.532508850097656,44,0.26,0.44,,,,,,,,,,,,
vt_h10_c1,58,REAGENT,answer_only,signed_sum,raw,eligible_body_tokens,0.3,331,103,100,0.311178247734139,0.970873786407767,0.3021148036253776,0.3883495145631068,0.4,0.4,49.22948455810547,44,0.3106796116504854,0.42718446601941745,,,,,,,,,,,,
vt_h10_c1,59,REAGENT,answer_only,signed_sum,raw,eligible_body_tokens,0.3,334,106,101,0.31736526946107785,0.9528301886792453,0.3023952095808383,0.37735849056603776,0.39603960396039606,0.39603960396039606,41.375614166259766,44,0.33962264150943394,0.4528301886792453,,,,,,,,,,,,
vt_h10_c1,60,REAGENT,answer_only,signed_sum,raw,eligible_body_tokens,0.3,328,100,99,0.3048780487804878,0.99,0.3018292682926829,0.44,0.4444444444444444,0.4444444444444444,37.44100570678711,30,0.36,0.45,,,,,,,,,,,,
vt_h10_c1,61,REAGENT,answer_only,signed_sum,raw,eligible_body_tokens,0.3,334,106,101,0.31736526946107785,0.9528301886792453,0.3023952095808383,0.4339622641509434,0.45544554455445546,0.45544554455445546,35.59891128540039,28,0.3490566037735849,0.4339622641509434,,,,,,,,,,,,
vt_h10_c1,62,REAGENT,answer_only,signed_sum,raw,eligible_body_tokens,0.3,334,106,101,0.31736526946107785,0.9528301886792453,0.3023952095808383,0.4528301886792453,0.4752475247524752,0.4752475247524752,37.9457893371582,44,0.3584905660377358,0.4716981132075472,,,,,,,,,,,,
vt_h10_c1,63,REAGENT,answer_only,signed_sum,raw,eligible_body_tokens,0.3,332,104,100,0.3132530120481928,0.9615384615384616,0.30120481927710846,0.3269230769230769,0.34,0.34,32.76711654663086,43,0.3269230769230769,0.4326923076923077,,,,,,,,,,,,
vt_h10_c1,64,REAGENT,answer_only,signed_sum,raw,eligible_body_tokens,0.3,330,102,99,0.3090909090909091,0.9705882352941176,0.3,0.4411764705882353,0.45454545454545453,0.45454545454545453,46.5631217956543,29,0.35294117647058826,0.4411764705882353,,,,,,,,,,,,
vt_h10_c1,65,REAGENT,answer_only,signed_sum,raw,eligible_body_tokens,0.3,336,108,101,0.32142857142857145,0.9351851851851852,0.3005952380952381,0.4444444444444444,0.4752475247524752,0.4752475247524752,37.315555572509766,28,0.3611111111111111,0.4444444444444444,,,,,,,,,,,,
vt_h10_c1,66,REAGENT,answer_only,signed_sum,raw,eligible_body_tokens,0.3,332,104,100,0.3132530120481928,0.9615384615384616,0.30120481927710846,0.4807692307692308,0.5,0.5,31.29369354248047,45,0.3942307692307692,0.5288461538461539,,,,,,,,,,,,
vt_h10_c1,67,REAGENT,answer_only,signed_sum,raw,eligible_body_tokens,0.3,330,102,99,0.3090909090909091,0.9705882352941176,0.3,0.3627450980392157,0.37373737373737376,0.37373737373737376,48.159427642822266,44,0.35294117647058826,0.45098039215686275,,,,,,,,,,,,
vt_h10_c1,68,REAGENT,answer_only,signed_sum,raw,eligible_body_tokens,0.3,331,103,100,0.311178247734139,0.970873786407767,0.3021148036253776,0.4077669902912621,0.42,0.42,39.65644073486328,45,0.32038834951456313,0.4368932038834951,,,,,,,,,,,,
vt_h10_c1,69,REAGENT,answer_only,signed_sum,raw,eligible_body_tokens,0.3,332,104,100,0.3132530120481928,0.9615384615384616,0.30120481927710846,0.4423076923076923,0.46,0.46,42.48176956176758,28,0.3557692307692308,0.4423076923076923,,,,,,,,,,,,
vt_h10_c1,70,REAGENT,answer_only,signed_sum,raw,eligible_body_tokens,0.3,328,100,99,0.3048780487804878,0.99,0.3018292682926829,0.36,0.36363636363636365,0.36363636363636365,35.758262634277344,37,0.32,0.44,,,,,,,,,,,,
vt_h10_c1,71,REAGENT,answer_only,signed_sum,raw,eligible_body_tokens,0.3,334,106,101,0.31736526946107785,0.9528301886792453,0.3023952095808383,0.3867924528301887,0.40594059405940597,0.40594059405940597,45.05419158935547,45,0.3018867924528302,0.44339622641509435,,,,,,,,,,,,
vt_h10_c1,72,REAGENT,answer_only,signed_sum,raw,eligible_body_tokens,0.3,333,105,100,0.3153153153153153,0.9523809523809523,0.3003003003003003,0.45714285714285713,0.48,0.48,37.7382698059082,44,0.3619047619047619,0.4666666666666667,,,,,,,,,,,,
vt_h10_c1,73,REAGENT,answer_only,signed_sum,raw,eligible_body_tokens,0.3,334,106,101,0.31736526946107785,0.9528301886792453,0.3023952095808383,0.4056603773584906,0.42574257425742573,0.42574257425742573,37.879608154296875,28,0.32075471698113206,0.4056603773584906,,,,,,,,,,,,
vt_h10_c1,74,REAGENT,answer_only,signed_sum,raw,eligible_body_tokens,0.3,329,101,99,0.3069908814589666,0.9801980198019802,0.3009118541033435,0.45544554455445546,0.46464646464646464,0.46464646464646464,33.91169738769531,39,0.3564356435643564,0.46534653465346537,,,,,,,,,,,,
vt_h10_c1,75,REAGENT,answer_only,signed_sum,raw,eligible_body_tokens,0.3,326,98,98,0.3006134969325153,1.0,0.3006134969325153,0.3673469387755102,0.3673469387755102,0.3673469387755102,16.888452529907227,44,0.2755102040816326,0.41836734693877553,,,,,,,,,,,,
vt_h10_c1,76,REAGENT,answer_only,signed_sum,raw,eligible_body_tokens,0.3,332,104,100,0.3132530120481928,0.9615384615384616,0.30120481927710846,0.47115384615384615,0.49,0.49,30.864818572998047,42,0.375,0.4807692307692308,,,,,,,,,,,,
vt_h10_c1,77,REAGENT,answer_only,signed_sum,raw,eligible_body_tokens,0.3,334,106,101,0.31736526946107785,0.9528301886792453,0.3023952095808383,0.41509433962264153,0.43564356435643564,0.43564356435643564,24.640430450439453,28,0.330188679245283,0.41509433962264153,,,,,,,,,,,,
vt_h10_c1,78,REAGENT,answer_only,signed_sum,raw,eligible_body_tokens,0.3,332,104,100,0.3132530120481928,0.9615384615384616,0.30120481927710846,0.4519230769230769,0.47,0.47,33.29523468017578,42,0.3557692307692308,0.46153846153846156,,,,,,,,,,,,
vt_h10_c1,79,REAGENT,answer_only,signed_sum,raw,eligible_body_tokens,0.3,328,100,99,0.3048780487804878,0.99,0.3018292682926829,0.46,0.46464646464646464,0.46464646464646464,42.904598236083984,38,0.36,0.47,,,,,,,,,,,,
vt_h10_c1,80,REAGENT,answer_only,signed_sum,raw,eligible_body_tokens,0.3,332,104,100,0.3132530120481928,0.9615384615384616,0.30120481927710846,0.41346153846153844,0.43,0.43,39.675445556640625,43,0.3076923076923077,0.4230769230769231,,,,,,,,,,,,
vt_h10_c1,81,REAGENT,answer_only,signed_sum,raw,eligible_body_tokens,0.3,330,102,99,0.3090909090909091,0.9705882352941176,0.3,0.4411764705882353,0.45454545454545453,0.45454545454545453,34.92804718017578,29,0.35294117647058826,0.4411764705882353,,,,,,,,,,,,
vt_h10_c1,82,REAGENT,answer_only,signed_sum,raw,eligible_body_tokens,0.3,330,102,99,0.3090909090909091,0.9705882352941176,0.3,0.4411764705882353,0.45454545454545453,0.45454545454545453,38.82719039916992,29,0.3431372549019608,0.4411764705882353,,,,,,,,,,,,
vt_h10_c1,83,REAGENT,answer_only,signed_sum,raw,eligible_body_tokens,0.3,327,99,99,0.30275229357798167,1.0,0.30275229357798167,0.43434343434343436,0.43434343434343436,0.43434343434343436,32.4639892578125,30,0.3434343434343434,0.43434343434343436,,,,,,,,,,,,
vt_h10_c1,84,REAGENT,answer_only,signed_sum,raw,eligible_body_tokens,0.3,335,107,101,0.3194029850746269,0.9439252336448598,0.30149253731343284,0.40186915887850466,0.42574257425742573,0.42574257425742573,48.74828338623047,44,0.38317757009345793,0.5046728971962616,,,,,,,,,,,,
vt_h10_c1,85,REAGENT,answer_only,signed_sum,raw,eligible_body_tokens,0.3,334,106,101,0.31736526946107785,0.9528301886792453,0.3023952095808383,0.3490566037735849,0.36633663366336633,0.36633663366336633,40.21681594848633,44,0.25471698113207547,0.39622641509433965,,,,,,,,,,,,
vt_h10_c1,86,REAGENT,answer_only,signed_sum,raw,eligible_body_tokens,0.3,332,104,100,0.3132530120481928,0.9615384615384616,0.30120481927710846,0.3557692307692308,0.37,0.37,37.00777053833008,44,0.2980769230769231,0.4519230769230769,,,,,,,,,,,,
vt_h10_c1,87,REAGENT,answer_only,signed_sum,raw,eligible_body_tokens,0.3,330,102,99,0.3090909090909091,0.9705882352941176,0.3,0.4411764705882353,0.45454545454545453,0.45454545454545453,33.193782806396484,29,0.35294117647058826,0.4411764705882353,,,,,,,,,,,,
vt_h10_c1,88,REAGENT,answer_only,signed_sum,raw,eligible_body_tokens,0.3,332,104,100,0.3132530120481928,0.9615384615384616,0.30120481927710846,0.47115384615384615,0.49,0.49,33.051509857177734,28,0.38461538461538464,0.47115384615384615,,,,,,,,,,,,
vt_h10_c1,89,REAGENT,answer_only,signed_sum,raw,eligible_body_tokens,0.3,334,106,101,0.31736526946107785,0.9528301886792453,0.3023952095808383,0.46226415094339623,0.48514851485148514,0.48514851485148514,37.36076354980469,28,0.37735849056603776,0.46226415094339623,,,,,,,,,,,,
vt_h10_c1,90,REAGENT,answer_only,signed_sum,raw,eligible_body_tokens,0.3,328,100,99,0.3048780487804878,0.99,0.3018292682926829,0.44,0.4444444444444444,0.4444444444444444,23.949443817138672,37,0.35,0.46,,,,,,,,,,,,
vt_h10_c1,91,REAGENT,answer_only,signed_sum,raw,eligible_body_tokens,0.3,334,106,101,0.31736526946107785,0.9528301886792453,0.3023952095808383,0.4528301886792453,0.4752475247524752,0.4752475247524752,38.75901794433594,44,0.36792452830188677,0.49056603773584906,,,,,,,,,,,,
vt_h10_c1,92,REAGENT,answer_only,signed_sum,raw,eligible_body_tokens,0.3,333,105,100,0.3153153153153153,0.9523809523809523,0.3003003003003003,0.45714285714285713,0.48,0.48,35.617401123046875,44,0.3619047619047619,0.4666666666666667,,,,,,,,,,,,
vt_h10_c1,93,REAGENT,answer_only,signed_sum,raw,eligible_body_tokens,0.3,330,102,99,0.3090909090909091,0.9705882352941176,0.3,0.3627450980392157,0.37373737373737376,0.37373737373737376,33.544132232666016,45,0.2647058823529412,0.45098039215686275,,,,,,,,,,,,
vt_h10_c1,94,REAGENT,answer_only,signed_sum,raw,eligible_body_tokens,0.3,332,104,100,0.3132530120481928,0.9615384615384616,0.30120481927710846,0.4519230769230769,0.47,0.47,32.04144287109375,42,0.3557692307692308,0.46153846153846156,,,,,,,,,,,,
vt_h10_c1,95,REAGENT,answer_only,signed_sum,raw,eligible_body_tokens,0.3,330,102,99,0.3090909090909091,0.9705882352941176,0.3,0.45098039215686275,0.46464646464646464,0.46464646464646464,31.96302604675293,29,0.3627450980392157,0.45098039215686275,,,,,,,,,,,,
vt_h10_c1,96,REAGENT,answer_only,signed_sum,raw,eligible_body_tokens,0.3,330,102,99,0.3090909090909091,0.9705882352941176,0.3,0.37254901960784315,0.3838383838383838,0.3838383838383838,46.53036880493164,44,0.3431372549019608,0.4411764705882353,,,,,,,,,,,,
vt_h10_c1,97,REAGENT,answer_only,signed_sum,raw,eligible_body_tokens,0.3,330,102,99,0.3090909090909091,0.9705882352941176,0.3,0.35294117647058826,0.36363636363636365,0.36363636363636365,48.19576644897461,44,0.2647058823529412,0.4411764705882353,,,,,,,,,,,,
vt_h10_c1,98,REAGENT,answer_only,signed_sum,raw,eligible_body_tokens,0.3,335,107,101,0.3194029850746269,0.9439252336448598,0.30149253731343284,0.4205607476635514,0.44554455445544555,0.44554455445544555,37.248504638671875,46,0.34579439252336447,0.4485981308411215,,,,,,,,,,,,
vt_h10_c1,99,REAGENT,answer_only,signed_sum,raw,eligible_body_tokens,0.3,324,96,98,0.2962962962962963,1.0,0.30246913580246915,0.3645833333333333,0.35714285714285715,0.3645833333333333,34.644287109375,43,0.2708333333333333,0.4583333333333333,,,,,,,,,,,,
vt_h10_c1,0,CLP,answer_only,signed_sum,raw,eligible_body_tokens,0.3,333,105,100,0.3153153153153153,0.9523809523809523,0.3003003003003003,0.4380952380952381,0.46,0.46,74272896.0,46,0.34285714285714286,0.5142857142857142,,,,,,,,,,,,
vt_h10_c1,1,CLP,answer_only,signed_sum,raw,eligible_body_tokens,0.3,331,103,100,0.311178247734139,0.970873786407767,0.3021148036253776,0.44660194174757284,0.46,0.46,56582312.0,44,0.34951456310679613,0.4854368932038835,,,,,,,,,,,,
vt_h10_c1,2,CLP,answer_only,signed_sum,raw,eligible_body_tokens,0.3,335,107,101,0.3194029850746269,0.9439252336448598,0.30149253731343284,0.45794392523364486,0.48514851485148514,0.48514851485148514,68915608.0,46,0.3644859813084112,0.514018691588785,,,,,,,,,,,,
vt_h10_c1,3,CLP,answer_only,signed_sum,raw,eligible_body_tokens,0.3,330,102,99,0.3090909090909091,0.9705882352941176,0.3,0.4117647058823529,0.42424242424242425,0.42424242424242425,61591684.0,45,0.3333333333333333,0.4411764705882353,,,,,,,,,,,,
vt_h10_c1,4,CLP,answer_only,signed_sum,raw,eligible_body_tokens,0.3,330,102,99,0.3090909090909091,0.9705882352941176,0.3,0.45098039215686275,0.46464646464646464,0.46464646464646464,67760152.0,44,0.3627450980392157,0.5098039215686274,,,,,,,,,,,,
vt_h10_c1,5,CLP,answer_only,signed_sum,raw,eligible_body_tokens,0.3,332,104,100,0.3132530120481928,0.9615384615384616,0.30120481927710846,0.47115384615384615,0.49,0.49,61989384.0,45,0.38461538461538464,0.5192307692307693,,,,,,,,,,,,
vt_h10_c1,6,CLP,answer_only,signed_sum,raw,eligible_body_tokens,0.3,328,100,99,0.3048780487804878,0.99,0.3018292682926829,0.46,0.46464646464646464,0.46464646464646464,66760248.0,44,0.37,0.54,,,,,,,,,,,,
vt_h10_c1,7,CLP,answer_only,signed_sum,raw,eligible_body_tokens,0.3,329,101,99,0.3069908814589666,0.9801980198019802,0.3009118541033435,0.3564356435643564,0.36363636363636365,0.36363636363636365,38423492.0,43,0.27722772277227725,0.43564356435643564,,,,,,,,,,,,
vt_h10_c1,8,CLP,answer_only,signed_sum,raw,eligible_body_tokens,0.3,329,101,99,0.3069908814589666,0.9801980198019802,0.3009118541033435,0.43564356435643564,0.4444444444444444,0.4444444444444444,44389956.0,44,0.3564356435643564,0.5148514851485149,,,,,,,,,,,,
vt_h10_c1,9,CLP,answer_only,signed_sum,raw,eligible_body_tokens,0.3,332,104,100,0.3132530120481928,0.9615384615384616,0.30120481927710846,0.47115384615384615,0.49,0.49,58367540.0,45,0.375,0.5288461538461539,,,,,,,,,,,,
vt_h10_c1,10,CLP,answer_only,signed_sum,raw,eligible_body_tokens,0.3,328,100,99,0.3048780487804878,0.99,0.3018292682926829,0.41,0.41414141414141414,0.41414141414141414,29581092.0,43,0.37,0.47,,,,,,,,,,,,
vt_h10_c1,11,CLP,answer_only,signed_sum,raw,eligible_body_tokens,0.3,329,101,99,0.3069908814589666,0.9801980198019802,0.3009118541033435,0.4752475247524752,0.48484848484848486,0.48484848484848486,70854536.0,44,0.37623762376237624,0.5148514851485149,,,,,,,,,,,,
vt_h10_c1,12,CLP,answer_only,signed_sum,raw,eligible_body_tokens,0.3,327,99,99,0.30275229357798167,1.0,0.30275229357798167,0.4444444444444444,0.4444444444444444,0.4444444444444444,63438400.0,44,0.36363636363636365,0.5252525252525253,,,,,,,,,,,,
vt_h10_c1,13,CLP,answer_only,signed_sum,raw,eligible_body_tokens,0.3,330,102,99,0.3090909090909091,0.9705882352941176,0.3,0.4411764705882353,0.45454545454545453,0.45454545454545453,66963164.0,44,0.3627450980392157,0.5098039215686274,,,,,,,,,,,,
vt_h10_c1,14,CLP,answer_only,signed_sum,raw,eligible_body_tokens,0.3,330,102,99,0.3090909090909091,0.9705882352941176,0.3,0.43137254901960786,0.4444444444444444,0.4444444444444444,52308248.0,44,0.35294117647058826,0.5,,,,,,,,,,,,
vt_h10_c1,15,CLP,answer_only,signed_sum,raw,eligible_body_tokens,0.3,333,105,100,0.3153153153153153,0.9523809523809523,0.3003003003003003,0.45714285714285713,0.48,0.48,48398492.0,44,0.37142857142857144,0.47619047619047616,,,,,,,,,,,,
vt_h10_c1,16,CLP,answer_only,signed_sum,raw,eligible_body_tokens,0.3,332,104,100,0.3132530120481928,0.9615384615384616,0.30120481927710846,0.46153846153846156,0.48,0.48,55584464.0,44,0.375,0.5,,,,,,,,,,,,
vt_h10_c1,17,CLP,answer_only,signed_sum,raw,eligible_body_tokens,0.3,330,102,99,0.3090909090909091,0.9705882352941176,0.3,0.45098039215686275,0.46464646464646464,0.46464646464646464,59770236.0,44,0.3627450980392157,0.5098039215686274,,,,,,,,,,,,
vt_h10_c1,18,CLP,answer_only,signed_sum,raw,eligible_body_tokens,0.3,330,102,99,0.3090909090909091,0.9705882352941176,0.3,0.4117647058823529,0.42424242424242425,0.42424242424242425,57401720.0,44,0.3333333333333333,0.4411764705882353,,,,,,,,,,,,
vt_h10_c1,19,CLP,answer_only,signed_sum,raw,eligible_body_tokens,0.3,334,106,101,0.31736526946107785,0.9528301886792453,0.3023952095808383,0.4528301886792453,0.4752475247524752,0.4752475247524752,47563132.0,45,0.36792452830188677,0.5188679245283019,,,,,,,,,,,,
vt_h10_c1,20,CLP,answer_only,signed_sum,raw,eligible_body_tokens,0.3,326,98,98,0.3006134969325153,1.0,0.3006134969325153,0.45918367346938777,0.45918367346938777,0.45918367346938777,63755132.0,44,0.3673469387755102,0.5408163265306123,,,,,,,,,,,,
vt_h10_c1,21,CLP,answer_only,signed_sum,raw,eligible_body_tokens,0.3,331,103,100,0.311178247734139,0.970873786407767,0.3021148036253776,0.47572815533980584,0.49,0.49,66725012.0,45,0.3786407766990291,0.5145631067961165,,,,,,,,,,,,
vt_h10_c1,22,CLP,answer_only,signed_sum,raw,eligible_body_tokens,0.3,328,100,99,0.3048780487804878,0.99,0.3018292682926829,0.45,0.45454545454545453,0.45454545454545453,42800108.0,37,0.35,0.45,,,,,,,,,,,,
vt_h10_c1,23,CLP,answer_only,signed_sum,raw,eligible_body_tokens,0.3,332,104,100,0.3132530120481928,0.9615384615384616,0.30120481927710846,0.4519230769230769,0.47,0.47,61891920.0,45,0.36538461538461536,0.5,,,,,,,,,,,,
vt_h10_c1,24,CLP,answer_only,signed_sum,raw,eligible_body_tokens,0.3,332,104,100,0.3132530120481928,0.9615384615384616,0.30120481927710846,0.47115384615384615,0.49,0.49,74422176.0,44,0.38461538461538464,0.5,,,,,,,,,,,,
vt_h10_c1,25,CLP,answer_only,signed_sum,raw,eligible_body_tokens,0.3,332,104,100,0.3132530120481928,0.9615384615384616,0.30120481927710846,0.46153846153846156,0.48,0.48,53558088.0,45,0.375,0.5096153846153846,,,,,,,,,,,,
vt_h10_c1,26,CLP,answer_only,signed_sum,raw,eligible_body_tokens,0.3,332,104,100,0.3132530120481928,0.9615384615384616,0.30120481927710846,0.4423076923076923,0.46,0.46,54545692.0,44,0.375,0.5,,,,,,,,,,,,
vt_h10_c1,27,CLP,answer_only,signed_sum,raw,eligible_body_tokens,0.3,336,108,101,0.32142857142857145,0.9351851851851852,0.3005952380952381,0.46296296296296297,0.49504950495049505,0.49504950495049505,66078632.0,43,0.37037037037037035,0.4722222222222222,,,,,,,,,,,,
vt_h10_c1,28,CLP,answer_only,signed_sum,raw,eligible_body_tokens,0.3,330,102,99,0.3090909090909091,0.9705882352941176,0.3,0.4117647058823529,0.42424242424242425,0.42424242424242425,46045888.0,43,0.37254901960784315,0.49019607843137253,,,,,,,,,,,,
vt_h10_c1,29,CLP,answer_only,signed_sum,raw,eligible_body_tokens,0.3,322,94,97,0.2919254658385093,1.0,0.30124223602484473,0.4574468085106383,0.44329896907216493,0.4574468085106383,54734936.0,43,0.3617021276595745,0.5425531914893617,,,,,,,,,,,,
vt_h10_c1,30,CLP,answer_only,signed_sum,raw,eligible_body_tokens,0.3,326,98,98,0.3006134969325153,1.0,0.3006134969325153,0.3979591836734694,0.3979591836734694,0.3979591836734694,47254732.0,31,0.3163265306122449,0.3979591836734694,,,,,,,,,,,,
vt_h10_c1,31,CLP,answer_only,signed_sum,raw,eligible_body_tokens,0.3,333,105,100,0.3153153153153153,0.9523809523809523,0.3003003003003003,0.4380952380952381,0.46,0.46,64232516.0,44,0.37142857142857144,0.47619047619047616,,,,,,,,,,,,
vt_h10_c1,32,CLP,answer_only,signed_sum,raw,eligible_body_tokens,0.3,334,106,101,0.31736526946107785,0.9528301886792453,0.3023952095808383,0.3490566037735849,0.36633663366336633,0.36633663366336633,36701440.0,38,0.3490566037735849,0.4528301886792453,,,,,,,,,,,,
vt_h10_c1,33,CLP,answer_only,signed_sum,raw,eligible_body_tokens,0.3,332,104,100,0.3132530120481928,0.9615384615384616,0.30120481927710846,0.47115384615384615,0.49,0.49,60007912.0,44,0.38461538461538464,0.5096153846153846,,,,,,,,,,,,
vt_h10_c1,34,CLP,answer_only,signed_sum,raw,eligible_body_tokens,0.3,330,102,99,0.3090909090909091,0.9705882352941176,0.3,0.46078431372549017,0.47474747474747475,0.47474747474747475,67498504.0,44,0.37254901960784315,0.5098039215686274,,,,,,,,,,,,
vt_h10_c1,35,CLP,answer_only,signed_sum,raw,eligible_body_tokens,0.3,332,104,100,0.3132530120481928,0.9615384615384616,0.30120481927710846,0.4519230769230769,0.47,0.47,49907180.0,44,0.375,0.5096153846153846,,,,,,,,,,,,
vt_h10_c1,36,CLP,answer_only,signed_sum,raw,eligible_body_tokens,0.3,328,100,99,0.3048780487804878,0.99,0.3018292682926829,0.34,0.3434343434343434,0.3434343434343434,30221496.0,38,0.34,0.45,,,,,,,,,,,,
vt_h10_c1,37,CLP,answer_only,signed_sum,raw,eligible_body_tokens,0.3,330,102,99,0.3090909090909091,0.9705882352941176,0.3,0.45098039215686275,0.46464646464646464,0.46464646464646464,70802256.0,44,0.3627450980392157,0.5196078431372549,,,,,,,,,,,,
vt_h10_c1,38,CLP,answer_only,signed_sum,raw,eligible_body_tokens,0.3,329,101,99,0.3069908814589666,0.9801980198019802,0.3009118541033435,0.4752475247524752,0.48484848484848486,0.48484848484848486,62594712.0,43,0.39603960396039606,0.5445544554455446,,,,,,,,,,,,
vt_h10_c1,39,CLP,answer_only,signed_sum,raw,eligible_body_tokens,0.3,334,106,101,0.31736526946107785,0.9528301886792453,0.3023952095808383,0.44339622641509435,0.46534653465346537,0.46534653465346537,62533648.0,44,0.36792452830188677,0.46226415094339623,,,,,,,,,,,,
vt_h10_c1,40,CLP,answer_only,signed_sum,raw,eligible_body_tokens,0.3,333,105,100,0.3153153153153153,0.9523809523809523,0.3003003003003003,0.42857142857142855,0.45,0.45,70024320.0,45,0.3523809523809524,0.4666666666666667,,,,,,,,,,,,
vt_h10_c1,41,CLP,answer_only,signed_sum,raw,eligible_body_tokens,0.3,328,100,99,0.3048780487804878,0.99,0.3018292682926829,0.44,0.4444444444444444,0.4444444444444444,52855572.0,44,0.36,0.53,,,,,,,,,,,,
vt_h10_c1,42,CLP,answer_only,signed_sum,raw,eligible_body_tokens,0.3,328,100,99,0.3048780487804878,0.99,0.3018292682926829,0.45,0.45454545454545453,0.45454545454545453,68490424.0,44,0.36,0.53,,,,,,,,,,,,
vt_h10_c1,43,CLP,answer_only,signed_sum,raw,eligible_body_tokens,0.3,334,106,101,0.31736526946107785,0.9528301886792453,0.3023952095808383,0.3584905660377358,0.37623762376237624,0.37623762376237624,38925828.0,44,0.330188679245283,0.44339622641509435,,,,,,,,,,,,
vt_h10_c1,44,CLP,answer_only,signed_sum,raw,eligible_body_tokens,0.3,336,108,101,0.32142857142857145,0.9351851851851852,0.3005952380952381,0.4722222222222222,0.504950495049505,0.504950495049505,66684084.0,45,0.37962962962962965,0.5,,,,,,,,,,,,
vt_h10_c1,45,CLP,answer_only,signed_sum,raw,eligible_body_tokens,0.3,326,98,98,0.3006134969325153,1.0,0.3006134969325153,0.4387755102040816,0.4387755102040816,0.4387755102040816,50715808.0,35,0.336734693877551,0.4387755102040816,,,,,,,,,,,,
vt_h10_c1,46,CLP,answer_only,signed_sum,raw,eligible_body_tokens,0.3,328,100,99,0.3048780487804878,0.99,0.3018292682926829,0.46,0.46464646464646464,0.46464646464646464,52695056.0,44,0.37,0.54,,,,,,,,,,,,
vt_h10_c1,47,CLP,answer_only,signed_sum,raw,eligible_body_tokens,0.3,325,97,98,0.29846153846153844,1.0,0.30153846153846153,0.4742268041237113,0.46938775510204084,0.4742268041237113,55633484.0,43,0.38144329896907214,0.5360824742268041,,,,,,,,,,,,
vt_h10_c1,48,CLP,answer_only,signed_sum,raw,eligible_body_tokens,0.3,328,100,99,0.3048780487804878,0.99,0.3018292682926829,0.45,0.45454545454545453,0.45454545454545453,51234704.0,44,0.36,0.53,,,,,,,,,,,,
vt_h10_c1,49,CLP,answer_only,signed_sum,raw,eligible_body_tokens,0.3,331,103,100,0.311178247734139,0.970873786407767,0.3021148036253776,0.44660194174757284,0.46,0.46,70593496.0,44,0.36893203883495146,0.5048543689320388,,,,,,,,,,,,
vt_h10_c1,50,CLP,answer_only,signed_sum,raw,eligible_body_tokens,0.3,328,100,99,0.3048780487804878,0.99,0.3018292682926829,0.36,0.36363636363636365,0.36363636363636365,45379284.0,43,0.36,0.46,,,,,,,,,,,,
vt_h10_c1,51,CLP,answer_only,signed_sum,raw,eligible_body_tokens,0.3,332,104,100,0.3132530120481928,0.9615384615384616,0.30120481927710846,0.47115384615384615,0.49,0.49,63565824.0,44,0.375,0.49038461538461536,,,,,,,,,,,,
vt_h10_c1,52,CLP,answer_only,signed_sum,raw,eligible_body_tokens,0.3,340,112,102,0.32941176470588235,0.9107142857142857,0.3,0.4375,0.4803921568627451,0.4803921568627451,66595688.0,45,0.35714285714285715,0.45535714285714285,,,,,,,,,,,,
vt_h10_c1,53,CLP,answer_only,signed_sum,raw,eligible_body_tokens,0.3,334,106,101,0.31736526946107785,0.9528301886792453,0.3023952095808383,0.4339622641509434,0.45544554455445546,0.45544554455445546,58482128.0,44,0.3490566037735849,0.46226415094339623,,,,,,,,,,,,
vt_h10_c1,54,CLP,answer_only,signed_sum,raw,eligible_body_tokens,0.3,332,104,100,0.3132530120481928,0.9615384615384616,0.30120481927710846,0.47115384615384615,0.49,0.49,72311608.0,45,0.375,0.5,,,,,,,,,,,,
vt_h10_c1,55,CLP,answer_only,signed_sum,raw,eligible_body_tokens,0.3,328,100,99,0.3048780487804878,0.99,0.3018292682926829,0.48,0.48484848484848486,0.48484848484848486,79692760.0,44,0.39,0.55,,,,,,,,,,,,
vt_h10_c1,56,CLP,answer_only,signed_sum,raw,eligible_body_tokens,0.3,332,104,100,0.3132530120481928,0.9615384615384616,0.30120481927710846,0.4519230769230769,0.47,0.47,60065456.0,44,0.36538461538461536,0.5,,,,,,,,,,,,
vt_h10_c1,57,CLP,answer_only,signed_sum,raw,eligible_body_tokens,0.3,328,100,99,0.3048780487804878,0.99,0.3018292682926829,0.45,0.45454545454545453,0.45454545454545453,50442800.0,44,0.36,0.53,,,,,,,,,,,,
vt_h10_c1,58,CLP,answer_only,signed_sum,raw,eligible_body_tokens,0.3,331,103,100,0.311178247734139,0.970873786407767,0.3021148036253776,0.4368932038834951,0.45,0.45,55515088.0,44,0.3592233009708738,0.49514563106796117,,,,,,,,,,,,
vt_h10_c1,59,CLP,answer_only,signed_sum,raw,eligible_body_tokens,0.3,334,106,101,0.31736526946107785,0.9528301886792453,0.3023952095808383,0.4339622641509434,0.45544554455445546,0.45544554455445546,64077860.0,44,0.3584905660377358,0.46226415094339623,,,,,,,,,,,,
vt_h10_c1,60,CLP,answer_only,signed_sum,raw,eligible_body_tokens,0.3,328,100,99,0.3048780487804878,0.99,0.3018292682926829,0.45,0.45454545454545453,0.45454545454545453,60711376.0,45,0.36,0.54,,,,,,,,,,,,
vt_h10_c1,61,CLP,answer_only,signed_sum,raw,eligible_body_tokens,0.3,334,106,101,0.31736526946107785,0.9528301886792453,0.3023952095808383,0.46226415094339623,0.48514851485148514,0.48514851485148514,54872380.0,44,0.3584905660377358,0.4716981132075472,,,,,,,,,,,,
vt_h10_c1,62,CLP,answer_only,signed_sum,raw,eligible_body_tokens,0.3,334,106,101,0.31736526946107785,0.9528301886792453,0.3023952095808383,0.4528301886792453,0.4752475247524752,0.4752475247524752,41375928.0,44,0.3584905660377358,0.4716981132075472,,,,,,,,,,,,
vt_h10_c1,63,CLP,answer_only,signed_sum,raw,eligible_body_tokens,0.3,332,104,100,0.3132530120481928,0.9615384615384616,0.30120481927710846,0.4423076923076923,0.46,0.46,58120772.0,44,0.375,0.5,,,,,,,,,,,,
vt_h10_c1,64,CLP,answer_only,signed_sum,raw,eligible_body_tokens,0.3,330,102,99,0.3090909090909091,0.9705882352941176,0.3,0.45098039215686275,0.46464646464646464,0.46464646464646464,60820004.0,44,0.3627450980392157,0.5098039215686274,,,,,,,,,,,,
vt_h10_c1,65,CLP,answer_only,signed_sum,raw,eligible_body_tokens,0.3,336,108,101,0.32142857142857145,0.9351851851851852,0.3005952380952381,0.4537037037037037,0.48514851485148514,0.48514851485148514,58939548.0,45,0.35185185185185186,0.4722222222222222,,,,,,,,,,,,
vt_h10_c1,66,CLP,answer_only,signed_sum,raw,eligible_body_tokens,0.3,332,104,100,0.3132530120481928,0.9615384615384616,0.30120481927710846,0.4807692307692308,0.5,0.5,55645188.0,45,0.3942307692307692,0.5288461538461539,,,,,,,,,,,,
vt_h10_c1,67,CLP,answer_only,signed_sum,raw,eligible_body_tokens,0.3,330,102,99,0.3090909090909091,0.9705882352941176,0.3,0.39215686274509803,0.40404040404040403,0.40404040404040403,55809720.0,44,0.35294117647058826,0.45098039215686275,,,,,,,,,,,,
vt_h10_c1,68,CLP,answer_only,signed_sum,raw,eligible_body_tokens,0.3,331,103,100,0.311178247734139,0.970873786407767,0.3021148036253776,0.4563106796116505,0.47,0.47,60331532.0,45,0.36893203883495146,0.5048543689320388,,,,,,,,,,,,
vt_h10_c1,69,CLP,answer_only,signed_sum,raw,eligible_body_tokens,0.3,332,104,100,0.3132530120481928,0.9615384615384616,0.30120481927710846,0.4230769230769231,0.44,0.44,63202236.0,44,0.375,0.47115384615384615,,,,,,,,,,,,
vt_h10_c1,70,CLP,answer_only,signed_sum,raw,eligible_body_tokens,0.3,328,100,99,0.3048780487804878,0.99,0.3018292682926829,0.44,0.4444444444444444,0.4444444444444444,64477028.0,45,0.35,0.53,,,,,,,,,,,,
vt_h10_c1,71,CLP,answer_only,signed_sum,raw,eligible_body_tokens,0.3,334,106,101,0.31736526946107785,0.9528301886792453,0.3023952095808383,0.4056603773584906,0.42574257425742573,0.42574257425742573,43603648.0,44,0.3490566037735849,0.4811320754716981,,,,,,,,,,,,
vt_h10_c1,72,CLP,answer_only,signed_sum,raw,eligible_body_tokens,0.3,333,105,100,0.3153153153153153,0.9523809523809523,0.3003003003003003,0.44761904761904764,0.47,0.47,57460440.0,45,0.37142857142857144,0.4857142857142857,,,,,,,,,,,,
vt_h10_c1,73,CLP,answer_only,signed_sum,raw,eligible_body_tokens,0.3,334,106,101,0.31736526946107785,0.9528301886792453,0.3023952095808383,0.4056603773584906,0.42574257425742573,0.42574257425742573,44988728.0,45,0.32075471698113206,0.4339622641509434,,,,,,,,,,,,
vt_h10_c1,74,CLP,answer_only,signed_sum,raw,eligible_body_tokens,0.3,329,101,99,0.3069908814589666,0.9801980198019802,0.3009118541033435,0.46534653465346537,0.47474747474747475,0.47474747474747475,68672912.0,44,0.36633663366336633,0.5247524752475248,,,,,,,,,,,,
vt_h10_c1,75,CLP,answer_only,signed_sum,raw,eligible_body_tokens,0.3,326,98,98,0.3006134969325153,1.0,0.3006134969325153,0.3877551020408163,0.3877551020408163,0.3877551020408163,49844020.0,45,0.2857142857142857,0.47959183673469385,,,,,,,,,,,,
vt_h10_c1,76,CLP,answer_only,signed_sum,raw,eligible_body_tokens,0.3,332,104,100,0.3132530120481928,0.9615384615384616,0.30120481927710846,0.47115384615384615,0.49,0.49,53887444.0,45,0.38461538461538464,0.5192307692307693,,,,,,,,,,,,
vt_h10_c1,77,CLP,answer_only,signed_sum,raw,eligible_body_tokens,0.3,334,106,101,0.31736526946107785,0.9528301886792453,0.3023952095808383,0.36792452830188677,0.38613861386138615,0.38613861386138615,29771660.0,44,0.330188679245283,0.44339622641509435,,,,,,,,,,,,
vt_h10_c1,78,CLP,answer_only,signed_sum,raw,eligible_body_tokens,0.3,332,104,100,0.3132530120481928,0.9615384615384616,0.30120481927710846,0.4519230769230769,0.47,0.47,63352572.0,45,0.36538461538461536,0.5,,,,,,,,,,,,
vt_h10_c1,79,CLP,answer_only,signed_sum,raw,eligible_body_tokens,0.3,328,100,99,0.3048780487804878,0.99,0.3018292682926829,0.46,0.46464646464646464,0.46464646464646464,62175256.0,44,0.37,0.54,,,,,,,,,,,,
vt_h10_c1,80,CLP,answer_only,signed_sum,raw,eligible_body_tokens,0.3,332,104,100,0.3132530120481928,0.9615384615384616,0.30120481927710846,0.4423076923076923,0.46,0.46,62880684.0,44,0.375,0.5,,,,,,,,,,,,
vt_h10_c1,81,CLP,answer_only,signed_sum,raw,eligible_body_tokens,0.3,330,102,99,0.3090909090909091,0.9705882352941176,0.3,0.46078431372549017,0.47474747474747475,0.47474747474747475,49648624.0,39,0.35294117647058826,0.46078431372549017,,,,,,,,,,,,
vt_h10_c1,82,CLP,answer_only,signed_sum,raw,eligible_body_tokens,0.3,330,102,99,0.3090909090909091,0.9705882352941176,0.3,0.4411764705882353,0.45454545454545453,0.45454545454545453,68046232.0,44,0.35294117647058826,0.49019607843137253,,,,,,,,,,,,
vt_h10_c1,83,CLP,answer_only,signed_sum,raw,eligible_body_tokens,0.3,327,99,99,0.30275229357798167,1.0,0.30275229357798167,0.3838383838383838,0.3838383838383838,0.3838383838383838,31902494.0,43,0.3434343434343434,0.45454545454545453,,,,,,,,,,,,
vt_h10_c1,84,CLP,answer_only,signed_sum,raw,eligible_body_tokens,0.3,335,107,101,0.3194029850746269,0.9439252336448598,0.30149253731343284,0.4485981308411215,0.4752475247524752,0.4752475247524752,76087424.0,45,0.38317757009345793,0.514018691588785,,,,,,,,,,,,
vt_h10_c1,85,CLP,answer_only,signed_sum,raw,eligible_body_tokens,0.3,334,106,101,0.31736526946107785,0.9528301886792453,0.3023952095808383,0.3490566037735849,0.36633663366336633,0.36633663366336633,34619756.0,44,0.32075471698113206,0.4339622641509434,,,,,,,,,,,,
vt_h10_c1,86,CLP,answer_only,signed_sum,raw,eligible_body_tokens,0.3,332,104,100,0.3132530120481928,0.9615384615384616,0.30120481927710846,0.4519230769230769,0.47,0.47,65051928.0,44,0.36538461538461536,0.5,,,,,,,,,,,,
vt_h10_c1,87,CLP,answer_only,signed_sum,raw,eligible_body_tokens,0.3,330,102,99,0.3090909090909091,0.9705882352941176,0.3,0.45098039215686275,0.46464646464646464,0.46464646464646464,68414568.0,45,0.35294117647058826,0.5,,,,,,,,,,,,
vt_h10_c1,88,CLP,answer_only,signed_sum,raw,eligible_body_tokens,0.3,332,104,100,0.3132530120481928,0.9615384615384616,0.30120481927710846,0.4807692307692308,0.5,0.5,64307388.0,44,0.40384615384615385,0.5480769230769231,,,,,,,,,,,,
vt_h10_c1,89,CLP,answer_only,signed_sum,raw,eligible_body_tokens,0.3,334,106,101,0.31736526946107785,0.9528301886792453,0.3023952095808383,0.4811320754716981,0.504950495049505,0.504950495049505,58369252.0,44,0.3867924528301887,0.5,,,,,,,,,,,,
vt_h10_c1,90,CLP,answer_only,signed_sum,raw,eligible_body_tokens,0.3,328,100,99,0.3048780487804878,0.99,0.3018292682926829,0.34,0.3434343434343434,0.3434343434343434,59909804.0,43,0.34,0.44,,,,,,,,,,,,
vt_h10_c1,91,CLP,answer_only,signed_sum,raw,eligible_body_tokens,0.3,334,106,101,0.31736526946107785,0.9528301886792453,0.3023952095808383,0.46226415094339623,0.48514851485148514,0.48514851485148514,65371320.0,44,0.37735849056603776,0.49056603773584906,,,,,,,,,,,,
vt_h10_c1,92,CLP,answer_only,signed_sum,raw,eligible_body_tokens,0.3,333,105,100,0.3153153153153153,0.9523809523809523,0.3003003003003003,0.45714285714285713,0.48,0.48,66188120.0,44,0.37142857142857144,0.47619047619047616,,,,,,,,,,,,
vt_h10_c1,93,CLP,answer_only,signed_sum,raw,eligible_body_tokens,0.3,330,102,99,0.3090909090909091,0.9705882352941176,0.3,0.46078431372549017,0.47474747474747475,0.47474747474747475,61921416.0,45,0.3627450980392157,0.5098039215686274,,,,,,,,,,,,
vt_h10_c1,94,CLP,answer_only,signed_sum,raw,eligible_body_tokens,0.3,332,104,100,0.3132530120481928,0.9615384615384616,0.30120481927710846,0.46153846153846156,0.48,0.48,56462216.0,45,0.375,0.5096153846153846,,,,,,,,,,,,
vt_h10_c1,95,CLP,answer_only,signed_sum,raw,eligible_body_tokens,0.3,330,102,99,0.3090909090909091,0.9705882352941176,0.3,0.46078431372549017,0.47474747474747475,0.47474747474747475,56070420.0,44,0.37254901960784315,0.5196078431372549,,,,,,,,,,,,
vt_h10_c1,96,CLP,answer_only,signed_sum,raw,eligible_body_tokens,0.3,330,102,99,0.3090909090909091,0.9705882352941176,0.3,0.37254901960784315,0.3838383838383838,0.3838383838383838,56055576.0,44,0.3431372549019608,0.4411764705882353,,,,,,,,,,,,
vt_h10_c1,97,CLP,answer_only,signed_sum,raw,eligible_body_tokens,0.3,330,102,99,0.3090909090909091,0.9705882352941176,0.3,0.46078431372549017,0.47474747474747475,0.47474747474747475,58278828.0,44,0.38235294117647056,0.5294117647058824,,,,,,,,,,,,
vt_h10_c1,98,CLP,answer_only,signed_sum,raw,eligible_body_tokens,0.3,335,107,101,0.3194029850746269,0.9439252336448598,0.30149253731343284,0.4205607476635514,0.44554455445544555,0.44554455445544555,60746352.0,46,0.34579439252336447,0.4485981308411215,,,,,,,,,,,,
vt_h10_c1,99,CLP,answer_only,signed_sum,raw,eligible_body_tokens,0.3,324,96,98,0.2962962962962963,1.0,0.30246913580246915,0.4791666666666667,0.46938775510204084,0.4791666666666667,45967396.0,43,0.3854166666666667,0.5416666666666666,,,,,,,,,,,,
vt_h10_c1,0,IFR,answer_only,signed_sum,raw,eligible_body_tokens,0.3,333,105,100,0.3153153153153153,0.9523809523809523,0.3003003003003003,0.819047619047619,0.86,0.86,0.21011380851268768,1,0.819047619047619,0.819047619047619,,,,,,,,,,,,
vt_h10_c1,1,IFR,answer_only,signed_sum,raw,eligible_body_tokens,0.3,331,103,100,0.311178247734139,0.970873786407767,0.3021148036253776,0.8155339805825242,0.84,0.84,0.22500857710838318,1,0.8155339805825242,0.8155339805825242,,,,,,,,,,,,
vt_h10_c1,2,IFR,answer_only,signed_sum,raw,eligible_body_tokens,0.3,335,107,101,0.3194029850746269,0.9439252336448598,0.30149253731343284,0.822429906542056,0.8712871287128713,0.8712871287128713,0.22257331013679504,1,0.822429906542056,0.822429906542056,,,,,,,,,,,,
vt_h10_c1,3,IFR,answer_only,signed_sum,raw,eligible_body_tokens,0.3,330,102,99,0.3090909090909091,0.9705882352941176,0.3,0.8235294117647058,0.8484848484848485,0.8484848484848485,0.2124152034521103,1,0.8235294117647058,0.8235294117647058,,,,,,,,,,,,
vt_h10_c1,4,IFR,answer_only,signed_sum,raw,eligible_body_tokens,0.3,330,102,99,0.3090909090909091,0.9705882352941176,0.3,0.8333333333333334,0.8585858585858586,0.8585858585858586,0.22736628353595734,1,0.8333333333333334,0.8333333333333334,,,,,,,,,,,,
vt_h10_c1,5,IFR,answer_only,signed_sum,raw,eligible_body_tokens,0.3,332,104,100,0.3132530120481928,0.9615384615384616,0.30120481927710846,0.8076923076923077,0.84,0.84,0.2415200173854828,1,0.8076923076923077,0.8076923076923077,,,,,,,,,,,,
vt_h10_c1,6,IFR,answer_only,signed_sum,raw,eligible_body_tokens,0.3,328,100,99,0.3048780487804878,0.99,0.3018292682926829,0.8,0.8080808080808081,0.8080808080808081,0.1888563334941864,1,0.8,0.8,,,,,,,,,,,,
vt_h10_c1,7,IFR,answer_only,signed_sum,raw,eligible_body_tokens,0.3,329,101,99,0.3069908814589666,0.9801980198019802,0.3009118541033435,0.8217821782178217,0.8383838383838383,0.8383838383838383,0.21528352797031403,1,0.8217821782178217,0.8217821782178217,,,,,,,,,,,,
vt_h10_c1,8,IFR,answer_only,signed_sum,raw,eligible_body_tokens,0.3,329,101,99,0.3069908814589666,0.9801980198019802,0.3009118541033435,0.8415841584158416,0.8585858585858586,0.8585858585858586,0.20846931636333466,1,0.8415841584158416,0.8415841584158416,,,,,,,,,,,,
vt_h10_c1,9,IFR,answer_only,signed_sum,raw,eligible_body_tokens,0.3,332,104,100,0.3132530120481928,0.9615384615384616,0.30120481927710846,0.8076923076923077,0.84,0.84,0.22788995504379272,1,0.8076923076923077,0.8076923076923077,,,,,,,,,,,,
vt_h10_c1,10,IFR,answer_only,signed_sum,raw,eligible_body_tokens,0.3,328,100,99,0.3048780487804878,0.99,0.3018292682926829,0.83,0.8383838383838383,0.8383838383838383,0.19294270873069763,1,0.83,0.83,,,,,,,,,,,,
vt_h10_c1,11,IFR,answer_only,signed_sum,raw,eligible_body_tokens,0.3,329,101,99,0.3069908814589666,0.9801980198019802,0.3009118541033435,0.8514851485148515,0.8686868686868687,0.8686868686868687,0.2110997438430786,1,0.8514851485148515,0.8514851485148515,,,,,,,,,,,,
vt_h10_c1,12,IFR,answer_only,signed_sum,raw,eligible_body_tokens,0.3,327,99,99,0.30275229357798167,1.0,0.30275229357798167,0.8282828282828283,0.8282828282828283,0.8282828282828283,0.21174027025699615,1,0.8282828282828283,0.8282828282828283,,,,,,,,,,,,
vt_h10_c1,13,IFR,answer_only,signed_sum,raw,eligible_body_tokens,0.3,330,102,99,0.3090909090909091,0.9705882352941176,0.3,0.8431372549019608,0.8686868686868687,0.8686868686868687,0.20993876457214355,1,0.8431372549019608,0.8431372549019608,,,,,,,,,,,,
vt_h10_c1,14,IFR,answer_only,signed_sum,raw,eligible_body_tokens,0.3,330,102,99,0.3090909090909091,0.9705882352941176,0.3,0.8137254901960784,0.8383838383838383,0.8383838383838383,0.22116661071777344,1,0.8137254901960784,0.8137254901960784,,,,,,,,,,,,
vt_h10_c1,15,IFR,answer_only,signed_sum,raw,eligible_body_tokens,0.3,333,105,100,0.3153153153153153,0.9523809523809523,0.3003003003003003,0.819047619047619,0.86,0.86,0.2345389574766159,1,0.819047619047619,0.819047619047619,,,,,,,,,,,,
vt_h10_c1,16,IFR,answer_only,signed_sum,raw,eligible_body_tokens,0.3,332,104,100,0.3132530120481928,0.9615384615384616,0.30120481927710846,0.8365384615384616,0.87,0.87,0.2191193848848343,1,0.8365384615384616,0.8365384615384616,,,,,,,,,,,,
vt_h10_c1,17,IFR,answer_only,signed_sum,raw,eligible_body_tokens,0.3,330,102,99,0.3090909090909091,0.9705882352941176,0.3,0.8431372549019608,0.8686868686868687,0.8686868686868687,0.21947424113750458,1,0.8431372549019608,0.8431372549019608,,,,,,,,,,,,
vt_h10_c1,18,IFR,answer_only,signed_sum,raw,eligible_body_tokens,0.3,330,102,99,0.3090909090909091,0.9705882352941176,0.3,0.8235294117647058,0.8484848484848485,0.8484848484848485,0.20962311327457428,1,0.8235294117647058,0.8235294117647058,,,,,,,,,,,,
vt_h10_c1,19,IFR,answer_only,signed_sum,raw,eligible_body_tokens,0.3,334,106,101,0.31736526946107785,0.9528301886792453,0.3023952095808383,0.8018867924528302,0.8415841584158416,0.8415841584158416,0.22984768450260162,1,0.8018867924528302,0.8018867924528302,,,,,,,,,,,,
vt_h10_c1,20,IFR,answer_only,signed_sum,raw,eligible_body_tokens,0.3,326,98,98,0.3006134969325153,1.0,0.3006134969325153,0.8469387755102041,0.8469387755102041,0.8469387755102041,0.19978779554367065,1,0.8469387755102041,0.8469387755102041,,,,,,,,,,,,
vt_h10_c1,21,IFR,answer_only,signed_sum,raw,eligible_body_tokens,0.3,331,103,100,0.311178247734139,0.970873786407767,0.3021148036253776,0.8349514563106796,0.86,0.86,0.23707211017608643,1,0.8349514563106796,0.8349514563106796,,,,,,,,,,,,
vt_h10_c1,22,IFR,answer_only,signed_sum,raw,eligible_body_tokens,0.3,328,100,99,0.3048780487804878,0.99,0.3018292682926829,0.85,0.8585858585858586,0.8585858585858586,0.20394670963287354,1,0.85,0.85,,,,,,,,,,,,
vt_h10_c1,23,IFR,answer_only,signed_sum,raw,eligible_body_tokens,0.3,332,104,100,0.3132530120481928,0.9615384615384616,0.30120481927710846,0.8269230769230769,0.86,0.86,0.19800370931625366,1,0.8269230769230769,0.8269230769230769,,,,,,,,,,,,
vt_h10_c1,24,IFR,answer_only,signed_sum,raw,eligible_body_tokens,0.3,332,104,100,0.3132530120481928,0.9615384615384616,0.30120481927710846,0.8365384615384616,0.87,0.87,0.24512431025505066,1,0.8365384615384616,0.8365384615384616,,,,,,,,,,,,
vt_h10_c1,25,IFR,answer_only,signed_sum,raw,eligible_body_tokens,0.3,332,104,100,0.3132530120481928,0.9615384615384616,0.30120481927710846,0.8076923076923077,0.84,0.84,0.22249247133731842,1,0.8076923076923077,0.8076923076923077,,,,,,,,,,,,
vt_h10_c1,26,IFR,answer_only,signed_sum,raw,eligible_body_tokens,0.3,332,104,100,0.3132530120481928,0.9615384615384616,0.30120481927710846,0.8365384615384616,0.87,0.87,0.24714972078800201,1,0.8365384615384616,0.8365384615384616,,,,,,,,,,,,
vt_h10_c1,27,IFR,answer_only,signed_sum,raw,eligible_body_tokens,0.3,336,108,101,0.32142857142857145,0.9351851851851852,0.3005952380952381,0.8240740740740741,0.8811881188118812,0.8811881188118812,0.2604551315307617,1,0.8240740740740741,0.8240740740740741,,,,,,,,,,,,
vt_h10_c1,28,IFR,answer_only,signed_sum,raw,eligible_body_tokens,0.3,330,102,99,0.3090909090909091,0.9705882352941176,0.3,0.8333333333333334,0.8585858585858586,0.8585858585858586,0.22524170577526093,1,0.8333333333333334,0.8333333333333334,,,,,,,,,,,,
vt_h10_c1,29,IFR,answer_only,signed_sum,raw,eligible_body_tokens,0.3,322,94,97,0.2919254658385093,1.0,0.30124223602484473,0.851063829787234,0.8247422680412371,0.851063829787234,0.17790770530700684,1,0.851063829787234,0.851063829787234,,,,,,,,,,,,
vt_h10_c1,30,IFR,answer_only,signed_sum,raw,eligible_body_tokens,0.3,326,98,98,0.3006134969325153,1.0,0.3006134969325153,0.8469387755102041,0.8469387755102041,0.8469387755102041,0.21109965443611145,1,0.8469387755102041,0.8469387755102041,,,,,,,,,,,,
vt_h10_c1,31,IFR,answer_only,signed_sum,raw,eligible_body_tokens,0.3,333,105,100,0.3153153153153153,0.9523809523809523,0.3003003003003003,0.819047619047619,0.86,0.86,0.23012202978134155,1,0.819047619047619,0.819047619047619,,,,,,,,,,,,
vt_h10_c1,32,IFR,answer_only,signed_sum,raw,eligible_body_tokens,0.3,334,106,101,0.31736526946107785,0.9528301886792453,0.3023952095808383,0.8207547169811321,0.8613861386138614,0.8613861386138614,0.22812189161777496,1,0.8207547169811321,0.8207547169811321,,,,,,,,,,,,
vt_h10_c1,33,IFR,answer_only,signed_sum,raw,eligible_body_tokens,0.3,332,104,100,0.3132530120481928,0.9615384615384616,0.30120481927710846,0.8173076923076923,0.85,0.85,0.22490932047367096,1,0.8173076923076923,0.8173076923076923,,,,,,,,,,,,
vt_h10_c1,34,IFR,answer_only,signed_sum,raw,eligible_body_tokens,0.3,330,102,99,0.3090909090909091,0.9705882352941176,0.3,0.8235294117647058,0.8484848484848485,0.8484848484848485,0.205622136592865,1,0.8235294117647058,0.8235294117647058,,,,,,,,,,,,
vt_h10_c1,35,IFR,answer_only,signed_sum,raw,eligible_body_tokens,0.3,332,104,100,0.3132530120481928,0.9615384615384616,0.30120481927710846,0.8365384615384616,0.87,0.87,0.24901047348976135,1,0.8365384615384616,0.8365384615384616,,,,,,,,,,,,
vt_h10_c1,36,IFR,answer_only,signed_sum,raw,eligible_body_tokens,0.3,328,100,99,0.3048780487804878,0.99,0.3018292682926829,0.83,0.8383838383838383,0.8383838383838383,0.2113930732011795,1,0.83,0.83,,,,,,,,,,,,
vt_h10_c1,37,IFR,answer_only,signed_sum,raw,eligible_body_tokens,0.3,330,102,99,0.3090909090909091,0.9705882352941176,0.3,0.803921568627451,0.8282828282828283,0.8282828282828283,0.2054184377193451,1,0.803921568627451,0.803921568627451,,,,,,,,,,,,
vt_h10_c1,38,IFR,answer_only,signed_sum,raw,eligible_body_tokens,0.3,329,101,99,0.3069908814589666,0.9801980198019802,0.3009118541033435,0.8118811881188119,0.8282828282828283,0.8282828282828283,0.22407332062721252,1,0.8118811881188119,0.8118811881188119,,,,,,,,,,,,
vt_h10_c1,39,IFR,answer_only,signed_sum,raw,eligible_body_tokens,0.3,334,106,101,0.31736526946107785,0.9528301886792453,0.3023952095808383,0.8207547169811321,0.8613861386138614,0.8613861386138614,0.2451995462179184,1,0.8207547169811321,0.8207547169811321,,,,,,,,,,,,
vt_h10_c1,40,IFR,answer_only,signed_sum,raw,eligible_body_tokens,0.3,333,105,100,0.3153153153153153,0.9523809523809523,0.3003003003003003,0.8285714285714286,0.87,0.87,0.23083309829235077,1,0.8285714285714286,0.8285714285714286,,,,,,,,,,,,
vt_h10_c1,41,IFR,answer_only,signed_sum,raw,eligible_body_tokens,0.3,328,100,99,0.3048780487804878,0.99,0.3018292682926829,0.83,0.8383838383838383,0.8383838383838383,0.19973644614219666,1,0.83,0.83,,,,,,,,,,,,
vt_h10_c1,42,IFR,answer_only,signed_sum,raw,eligible_body_tokens,0.3,328,100,99,0.3048780487804878,0.99,0.3018292682926829,0.85,0.8585858585858586,0.8585858585858586,0.2111070454120636,1,0.85,0.85,,,,,,,,,,,,
vt_h10_c1,43,IFR,answer_only,signed_sum,raw,eligible_body_tokens,0.3,334,106,101,0.31736526946107785,0.9528301886792453,0.3023952095808383,0.8113207547169812,0.8514851485148515,0.8514851485148515,0.2543628215789795,1,0.8113207547169812,0.8113207547169812,,,,,,,,,,,,
vt_h10_c1,44,IFR,answer_only,signed_sum,raw,eligible_body_tokens,0.3,336,108,101,0.32142857142857145,0.9351851851851852,0.3005952380952381,0.8240740740740741,0.8811881188118812,0.8811881188118812,0.24823085963726044,1,0.8240740740740741,0.8240740740740741,,,,,,,,,,,,
vt_h10_c1,45,IFR,answer_only,signed_sum,raw,eligible_body_tokens,0.3,326,98,98,0.3006134969325153,1.0,0.3006134969325153,0.8367346938775511,0.8367346938775511,0.8367346938775511,0.22635893523693085,1,0.8367346938775511,0.8367346938775511,,,,,,,,,,,,
vt_h10_c1,46,IFR,answer_only,signed_sum,raw,eligible_body_tokens,0.3,328,100,99,0.3048780487804878,0.99,0.3018292682926829,0.82,0.8282828282828283,0.8282828282828283,0.2094506174325943,1,0.82,0.82,,,,,,,,,,,,
vt_h10_c1,47,IFR,answer_only,signed_sum,raw,eligible_body_tokens,0.3,325,97,98,0.29846153846153844,1.0,0.30153846153846153,0.8041237113402062,0.7959183673469388,0.8041237113402062,0.19906097650527954,1,0.8041237113402062,0.8041237113402062,,,,,,,,,,,,
vt_h10_c1,48,IFR,answer_only,signed_sum,raw,eligible_body_tokens,0.3,328,100,99,0.3048780487804878,0.99,0.3018292682926829,0.84,0.8484848484848485,0.8484848484848485,0.20942805707454681,1,0.84,0.84,,,,,,,,,,,,
vt_h10_c1,49,IFR,answer_only,signed_sum,raw,eligible_body_tokens,0.3,331,103,100,0.311178247734139,0.970873786407767,0.3021148036253776,0.8349514563106796,0.86,0.86,0.20760580897331238,1,0.8349514563106796,0.8349514563106796,,,,,,,,,,,,
vt_h10_c1,50,IFR,answer_only,signed_sum,raw,eligible_body_tokens,0.3,328,100,99,0.3048780487804878,0.99,0.3018292682926829,0.87,0.8787878787878788,0.8787878787878788,0.20855844020843506,1,0.87,0.87,,,,,,,,,,,,
vt_h10_c1,51,IFR,answer_only,signed_sum,raw,eligible_body_tokens,0.3,332,104,100,0.3132530120481928,0.9615384615384616,0.30120481927710846,0.8365384615384616,0.87,0.87,0.21797455847263336,1,0.8365384615384616,0.8365384615384616,,,,,,,,,,,,
vt_h10_c1,52,IFR,answer_only,signed_sum,raw,eligible_body_tokens,0.3,340,112,102,0.32941176470588235,0.9107142857142857,0.3,0.7946428571428571,0.8725490196078431,0.8725490196078431,0.28172802925109863,1,0.7946428571428571,0.7946428571428571,,,,,,,,,,,,
vt_h10_c1,53,IFR,answer_only,signed_sum,raw,eligible_body_tokens,0.3,334,106,101,0.31736526946107785,0.9528301886792453,0.3023952095808383,0.8301886792452831,0.8712871287128713,0.8712871287128713,0.2438628375530243,1,0.8301886792452831,0.8301886792452831,,,,,,,,,,,,
vt_h10_c1,54,IFR,answer_only,signed_sum,raw,eligible_body_tokens,0.3,332,104,100,0.3132530120481928,0.9615384615384616,0.30120481927710846,0.8173076923076923,0.85,0.85,0.21308521926403046,1,0.8173076923076923,0.8173076923076923,,,,,,,,,,,,
vt_h10_c1,55,IFR,answer_only,signed_sum,raw,eligible_body_tokens,0.3,328,100,99,0.3048780487804878,0.99,0.3018292682926829,0.84,0.8484848484848485,0.8484848484848485,0.19179967045783997,1,0.84,0.84,,,,,,,,,,,,
vt_h10_c1,56,IFR,answer_only,signed_sum,raw,eligible_body_tokens,0.3,332,104,100,0.3132530120481928,0.9615384615384616,0.30120481927710846,0.8269230769230769,0.86,0.86,0.2254488617181778,1,0.8269230769230769,0.8269230769230769,,,,,,,,,,,,
vt_h10_c1,57,IFR,answer_only,signed_sum,raw,eligible_body_tokens,0.3,328,100,99,0.3048780487804878,0.99,0.3018292682926829,0.83,0.8383838383838383,0.8383838383838383,0.17430102825164795,1,0.83,0.83,,,,,,,,,,,,
vt_h10_c1,58,IFR,answer_only,signed_sum,raw,eligible_body_tokens,0.3,331,103,100,0.311178247734139,0.970873786407767,0.3021148036253776,0.8349514563106796,0.86,0.86,0.22088530659675598,1,0.8349514563106796,0.8349514563106796,,,,,,,,,,,,
vt_h10_c1,59,IFR,answer_only,signed_sum,raw,eligible_body_tokens,0.3,334,106,101,0.31736526946107785,0.9528301886792453,0.3023952095808383,0.8113207547169812,0.8514851485148515,0.8514851485148515,0.25316309928894043,1,0.8113207547169812,0.8113207547169812,,,,,,,,,,,,
vt_h10_c1,60,IFR,answer_only,signed_sum,raw,eligible_body_tokens,0.3,328,100,99,0.3048780487804878,0.99,0.3018292682926829,0.82,0.8282828282828283,0.8282828282828283,0.20710411667823792,1,0.82,0.82,,,,,,,,,,,,
vt_h10_c1,61,IFR,answer_only,signed_sum,raw,eligible_body_tokens,0.3,334,106,101,0.31736526946107785,0.9528301886792453,0.3023952095808383,0.8113207547169812,0.8514851485148515,0.8514851485148515,0.25788918137550354,1,0.8113207547169812,0.8113207547169812,,,,,,,,,,,,
vt_h10_c1,62,IFR,answer_only,signed_sum,raw,eligible_body_tokens,0.3,334,106,101,0.31736526946107785,0.9528301886792453,0.3023952095808383,0.8301886792452831,0.8712871287128713,0.8712871287128713,0.2416178286075592,1,0.8301886792452831,0.8301886792452831,,,,,,,,,,,,
vt_h10_c1,63,IFR,answer_only,signed_sum,raw,eligible_body_tokens,0.3,332,104,100,0.3132530120481928,0.9615384615384616,0.30120481927710846,0.8269230769230769,0.86,0.86,0.21349972486495972,1,0.8269230769230769,0.8269230769230769,,,,,,,,,,,,
vt_h10_c1,64,IFR,answer_only,signed_sum,raw,eligible_body_tokens,0.3,330,102,99,0.3090909090909091,0.9705882352941176,0.3,0.8235294117647058,0.8484848484848485,0.8484848484848485,0.22391055524349213,1,0.8235294117647058,0.8235294117647058,,,,,,,,,,,,
vt_h10_c1,65,IFR,answer_only,signed_sum,raw,eligible_body_tokens,0.3,336,108,101,0.32142857142857145,0.9351851851851852,0.3005952380952381,0.8148148148148148,0.8712871287128713,0.8712871287128713,0.2528960704803467,1,0.8148148148148148,0.8148148148148148,,,,,,,,,,,,
vt_h10_c1,66,IFR,answer_only,signed_sum,raw,eligible_body_tokens,0.3,332,104,100,0.3132530120481928,0.9615384615384616,0.30120481927710846,0.8076923076923077,0.84,0.84,0.23178331553936005,1,0.8076923076923077,0.8076923076923077,,,,,,,,,,,,
vt_h10_c1,67,IFR,answer_only,signed_sum,raw,eligible_body_tokens,0.3,330,102,99,0.3090909090909091,0.9705882352941176,0.3,0.8137254901960784,0.8383838383838383,0.8383838383838383,0.20933358371257782,1,0.8137254901960784,0.8137254901960784,,,,,,,,,,,,
vt_h10_c1,68,IFR,answer_only,signed_sum,raw,eligible_body_tokens,0.3,331,103,100,0.311178247734139,0.970873786407767,0.3021148036253776,0.8155339805825242,0.84,0.84,0.2135097086429596,1,0.8155339805825242,0.8155339805825242,,,,,,,,,,,,
vt_h10_c1,69,IFR,answer_only,signed_sum,raw,eligible_body_tokens,0.3,332,104,100,0.3132530120481928,0.9615384615384616,0.30120481927710846,0.8269230769230769,0.86,0.86,0.21721068024635315,1,0.8269230769230769,0.8269230769230769,,,,,,,,,,,,
vt_h10_c1,70,IFR,answer_only,signed_sum,raw,eligible_body_tokens,0.3,328,100,99,0.3048780487804878,0.99,0.3018292682926829,0.83,0.8383838383838383,0.8383838383838383,0.21023313701152802,1,0.83,0.83,,,,,,,,,,,,
vt_h10_c1,71,IFR,answer_only,signed_sum,raw,eligible_body_tokens,0.3,334,106,101,0.31736526946107785,0.9528301886792453,0.3023952095808383,0.8207547169811321,0.8613861386138614,0.8613861386138614,0.2549421489238739,1,0.8207547169811321,0.8207547169811321,,,,,,,,,,,,
vt_h10_c1,72,IFR,answer_only,signed_sum,raw,eligible_body_tokens,0.3,333,105,100,0.3153153153153153,0.9523809523809523,0.3003003003003003,0.8285714285714286,0.87,0.87,0.23053903877735138,1,0.8285714285714286,0.8285714285714286,,,,,,,,,,,,
vt_h10_c1,73,IFR,answer_only,signed_sum,raw,eligible_body_tokens,0.3,334,106,101,0.31736526946107785,0.9528301886792453,0.3023952095808383,0.8301886792452831,0.8712871287128713,0.8712871287128713,0.242026224732399,1,0.8301886792452831,0.8301886792452831,,,,,,,,,,,,
vt_h10_c1,74,IFR,answer_only,signed_sum,raw,eligible_body_tokens,0.3,329,101,99,0.3069908814589666,0.9801980198019802,0.3009118541033435,0.8415841584158416,0.8585858585858586,0.8585858585858586,0.20979884266853333,1,0.8415841584158416,0.8415841584158416,,,,,,,,,,,,
vt_h10_c1,75,IFR,answer_only,signed_sum,raw,eligible_body_tokens,0.3,326,98,98,0.3006134969325153,1.0,0.3006134969325153,0.826530612244898,0.826530612244898,0.826530612244898,0.2073693871498108,1,0.826530612244898,0.826530612244898,,,,,,,,,,,,
vt_h10_c1,76,IFR,answer_only,signed_sum,raw,eligible_body_tokens,0.3,332,104,100,0.3132530120481928,0.9615384615384616,0.30120481927710846,0.8173076923076923,0.85,0.85,0.21017688512802124,1,0.8173076923076923,0.8173076923076923,,,,,,,,,,,,
vt_h10_c1,77,IFR,answer_only,signed_sum,raw,eligible_body_tokens,0.3,334,106,101,0.31736526946107785,0.9528301886792453,0.3023952095808383,0.8207547169811321,0.8613861386138614,0.8613861386138614,0.24984532594680786,1,0.8207547169811321,0.8207547169811321,,,,,,,,,,,,
vt_h10_c1,78,IFR,answer_only,signed_sum,raw,eligible_body_tokens,0.3,332,104,100,0.3132530120481928,0.9615384615384616,0.30120481927710846,0.8269230769230769,0.86,0.86,0.20903143286705017,1,0.8269230769230769,0.8269230769230769,,,,,,,,,,,,
vt_h10_c1,79,IFR,answer_only,signed_sum,raw,eligible_body_tokens,0.3,328,100,99,0.3048780487804878,0.99,0.3018292682926829,0.84,0.8484848484848485,0.8484848484848485,0.19041353464126587,1,0.84,0.84,,,,,,,,,,,,
vt_h10_c1,80,IFR,answer_only,signed_sum,raw,eligible_body_tokens,0.3,332,104,100,0.3132530120481928,0.9615384615384616,0.30120481927710846,0.8173076923076923,0.85,0.85,0.23356659710407257,1,0.8173076923076923,0.8173076923076923,,,,,,,,,,,,
vt_h10_c1,81,IFR,answer_only,signed_sum,raw,eligible_body_tokens,0.3,330,102,99,0.3090909090909091,0.9705882352941176,0.3,0.803921568627451,0.8282828282828283,0.8282828282828283,0.2272818237543106,1,0.803921568627451,0.803921568627451,,,,,,,,,,,,
vt_h10_c1,82,IFR,answer_only,signed_sum,raw,eligible_body_tokens,0.3,330,102,99,0.3090909090909091,0.9705882352941176,0.3,0.8333333333333334,0.8585858585858586,0.8585858585858586,0.20920270681381226,1,0.8333333333333334,0.8333333333333334,,,,,,,,,,,,
vt_h10_c1,83,IFR,answer_only,signed_sum,raw,eligible_body_tokens,0.3,327,99,99,0.30275229357798167,1.0,0.30275229357798167,0.8383838383838383,0.8383838383838383,0.8383838383838383,0.19643782079219818,1,0.8383838383838383,0.8383838383838383,,,,,,,,,,,,
vt_h10_c1,84,IFR,answer_only,signed_sum,raw,eligible_body_tokens,0.3,335,107,101,0.3194029850746269,0.9439252336448598,0.30149253731343284,0.8130841121495327,0.8613861386138614,0.8613861386138614,0.23130938410758972,1,0.8130841121495327,0.8130841121495327,,,,,,,,,,,,
vt_h10_c1,85,IFR,answer_only,signed_sum,raw,eligible_body_tokens,0.3,334,106,101,0.31736526946107785,0.9528301886792453,0.3023952095808383,0.8207547169811321,0.8613861386138614,0.8613861386138614,0.23403450846672058,1,0.8207547169811321,0.8207547169811321,,,,,,,,,,,,
vt_h10_c1,86,IFR,answer_only,signed_sum,raw,eligible_body_tokens,0.3,332,104,100,0.3132530120481928,0.9615384615384616,0.30120481927710846,0.8269230769230769,0.86,0.86,0.23697787523269653,1,0.8269230769230769,0.8269230769230769,,,,,,,,,,,,
vt_h10_c1,87,IFR,answer_only,signed_sum,raw,eligible_body_tokens,0.3,330,102,99,0.3090909090909091,0.9705882352941176,0.3,0.8333333333333334,0.8585858585858586,0.8585858585858586,0.23427294194698334,1,0.8333333333333334,0.8333333333333334,,,,,,,,,,,,
vt_h10_c1,88,IFR,answer_only,signed_sum,raw,eligible_body_tokens,0.3,332,104,100,0.3132530120481928,0.9615384615384616,0.30120481927710846,0.8365384615384616,0.87,0.87,0.2333383709192276,1,0.8365384615384616,0.8365384615384616,,,,,,,,,,,,
vt_h10_c1,89,IFR,answer_only,signed_sum,raw,eligible_body_tokens,0.3,334,106,101,0.31736526946107785,0.9528301886792453,0.3023952095808383,0.8301886792452831,0.8712871287128713,0.8712871287128713,0.2452399730682373,1,0.8301886792452831,0.8301886792452831,,,,,,,,,,,,
vt_h10_c1,90,IFR,answer_only,signed_sum,raw,eligible_body_tokens,0.3,328,100,99,0.3048780487804878,0.99,0.3018292682926829,0.86,0.8686868686868687,0.8686868686868687,0.21853534877300262,1,0.86,0.86,,,,,,,,,,,,
vt_h10_c1,91,IFR,answer_only,signed_sum,raw,eligible_body_tokens,0.3,334,106,101,0.31736526946107785,0.9528301886792453,0.3023952095808383,0.8301886792452831,0.8712871287128713,0.8712871287128713,0.24313409626483917,1,0.8301886792452831,0.8301886792452831,,,,,,,,,,,,
vt_h10_c1,92,IFR,answer_only,signed_sum,raw,eligible_body_tokens,0.3,333,105,100,0.3153153153153153,0.9523809523809523,0.3003003003003003,0.8285714285714286,0.87,0.87,0.24261441826820374,1,0.8285714285714286,0.8285714285714286,,,,,,,,,,,,
vt_h10_c1,93,IFR,answer_only,signed_sum,raw,eligible_body_tokens,0.3,330,102,99,0.3090909090909091,0.9705882352941176,0.3,0.8235294117647058,0.8484848484848485,0.8484848484848485,0.21818915009498596,1,0.8235294117647058,0.8235294117647058,,,,,,,,,,,,
vt_h10_c1,94,IFR,answer_only,signed_sum,raw,eligible_body_tokens,0.3,332,104,100,0.3132530120481928,0.9615384615384616,0.30120481927710846,0.8173076923076923,0.85,0.85,0.20286166667938232,1,0.8173076923076923,0.8173076923076923,,,,,,,,,,,,
vt_h10_c1,95,IFR,answer_only,signed_sum,raw,eligible_body_tokens,0.3,330,102,99,0.3090909090909091,0.9705882352941176,0.3,0.8235294117647058,0.8484848484848485,0.8484848484848485,0.200840026140213,1,0.8235294117647058,0.8235294117647058,,,,,,,,,,,,
vt_h10_c1,96,IFR,answer_only,signed_sum,raw,eligible_body_tokens,0.3,330,102,99,0.3090909090909091,0.9705882352941176,0.3,0.8235294117647058,0.8484848484848485,0.8484848484848485,0.2213440239429474,1,0.8235294117647058,0.8235294117647058,,,,,,,,,,,,
vt_h10_c1,97,IFR,answer_only,signed_sum,raw,eligible_body_tokens,0.3,330,102,99,0.3090909090909091,0.9705882352941176,0.3,0.8137254901960784,0.8383838383838383,0.8383838383838383,0.23686854541301727,1,0.8137254901960784,0.8137254901960784,,,,,,,,,,,,
vt_h10_c1,98,IFR,answer_only,signed_sum,raw,eligible_body_tokens,0.3,335,107,101,0.3194029850746269,0.9439252336448598,0.30149253731343284,0.8411214953271028,0.8910891089108911,0.8910891089108911,0.2560536563396454,1,0.8411214953271028,0.8411214953271028,,,,,,,,,,,,
vt_h10_c1,99,IFR,answer_only,signed_sum,raw,eligible_body_tokens,0.3,324,96,98,0.2962962962962963,1.0,0.30246913580246915,0.8333333333333334,0.8163265306122449,0.8333333333333334,0.18709978461265564,1,0.8333333333333334,0.8333333333333334,,,,,,,,,,,,
vt_h10_c1,0,AttnLRP,answer_only,signed_sum,raw,eligible_body_tokens,0.3,333,105,100,0.3153153153153153,0.9523809523809523,0.3003003003003003,0.7428571428571429,0.78,0.78,0.5687909126281738,1,0.7428571428571429,0.7428571428571429,,,,,,,,,,,,
vt_h10_c1,1,AttnLRP,answer_only,signed_sum,raw,eligible_body_tokens,0.3,331,103,100,0.311178247734139,0.970873786407767,0.3021148036253776,0.7669902912621359,0.79,0.79,0.6088203191757202,1,0.7669902912621359,0.7669902912621359,,,,,,,,,,,,
vt_h10_c1,2,AttnLRP,answer_only,signed_sum,raw,eligible_body_tokens,0.3,335,107,101,0.3194029850746269,0.9439252336448598,0.30149253731343284,0.794392523364486,0.8415841584158416,0.8415841584158416,0.6347323656082153,1,0.794392523364486,0.794392523364486,,,,,,,,,,,,
vt_h10_c1,3,AttnLRP,answer_only,signed_sum,raw,eligible_body_tokens,0.3,330,102,99,0.3090909090909091,0.9705882352941176,0.3,0.7549019607843137,0.7777777777777778,0.7777777777777778,0.6072914600372314,1,0.7549019607843137,0.7549019607843137,,,,,,,,,,,,
vt_h10_c1,4,AttnLRP,answer_only,signed_sum,raw,eligible_body_tokens,0.3,330,102,99,0.3090909090909091,0.9705882352941176,0.3,0.7843137254901961,0.8080808080808081,0.8080808080808081,0.5823475122451782,1,0.7843137254901961,0.7843137254901961,,,,,,,,,,,,
vt_h10_c1,5,AttnLRP,answer_only,signed_sum,raw,eligible_body_tokens,0.3,332,104,100,0.3132530120481928,0.9615384615384616,0.30120481927710846,0.7692307692307693,0.8,0.8,0.5910466909408569,1,0.7692307692307693,0.7692307692307693,,,,,,,,,,,,
vt_h10_c1,6,AttnLRP,answer_only,signed_sum,raw,eligible_body_tokens,0.3,328,100,99,0.3048780487804878,0.99,0.3018292682926829,0.79,0.797979797979798,0.797979797979798,0.5963504910469055,1,0.79,0.79,,,,,,,,,,,,
vt_h10_c1,7,AttnLRP,answer_only,signed_sum,raw,eligible_body_tokens,0.3,329,101,99,0.3069908814589666,0.9801980198019802,0.3009118541033435,0.7722772277227723,0.7878787878787878,0.7878787878787878,0.5965572595596313,1,0.7722772277227723,0.7722772277227723,,,,,,,,,,,,
vt_h10_c1,8,AttnLRP,answer_only,signed_sum,raw,eligible_body_tokens,0.3,329,101,99,0.3069908814589666,0.9801980198019802,0.3009118541033435,0.7920792079207921,0.8080808080808081,0.8080808080808081,0.5678982734680176,1,0.7920792079207921,0.7920792079207921,,,,,,,,,,,,
vt_h10_c1,9,AttnLRP,answer_only,signed_sum,raw,eligible_body_tokens,0.3,332,104,100,0.3132530120481928,0.9615384615384616,0.30120481927710846,0.7307692307692307,0.76,0.76,0.48551830649375916,1,0.7307692307692307,0.7307692307692307,,,,,,,,,,,,
vt_h10_c1,10,AttnLRP,answer_only,signed_sum,raw,eligible_body_tokens,0.3,328,100,99,0.3048780487804878,0.99,0.3018292682926829,0.81,0.8181818181818182,0.8181818181818182,0.6563717126846313,1,0.81,0.81,,,,,,,,,,,,
vt_h10_c1,11,AttnLRP,answer_only,signed_sum,raw,eligible_body_tokens,0.3,329,101,99,0.3069908814589666,0.9801980198019802,0.3009118541033435,0.8118811881188119,0.8282828282828283,0.8282828282828283,0.6245596408843994,1,0.8118811881188119,0.8118811881188119,,,,,,,,,,,,
vt_h10_c1,12,AttnLRP,answer_only,signed_sum,raw,eligible_body_tokens,0.3,327,99,99,0.30275229357798167,1.0,0.30275229357798167,0.7878787878787878,0.7878787878787878,0.7878787878787878,0.5813983678817749,1,0.7878787878787878,0.7878787878787878,,,,,,,,,,,,
vt_h10_c1,13,AttnLRP,answer_only,signed_sum,raw,eligible_body_tokens,0.3,330,102,99,0.3090909090909091,0.9705882352941176,0.3,0.7745098039215687,0.797979797979798,0.797979797979798,0.5816867351531982,1,0.7745098039215687,0.7745098039215687,,,,,,,,,,,,
vt_h10_c1,14,AttnLRP,answer_only,signed_sum,raw,eligible_body_tokens,0.3,330,102,99,0.3090909090909091,0.9705882352941176,0.3,0.7941176470588235,0.8181818181818182,0.8181818181818182,0.5856310129165649,1,0.7941176470588235,0.7941176470588235,,,,,,,,,,,,
vt_h10_c1,15,AttnLRP,answer_only,signed_sum,raw,eligible_body_tokens,0.3,333,105,100,0.3153153153153153,0.9523809523809523,0.3003003003003003,0.7428571428571429,0.78,0.78,0.5684151649475098,1,0.7428571428571429,0.7428571428571429,,,,,,,,,,,,
vt_h10_c1,16,AttnLRP,answer_only,signed_sum,raw,eligible_body_tokens,0.3,332,104,100,0.3132530120481928,0.9615384615384616,0.30120481927710846,0.8076923076923077,0.84,0.84,0.605636477470398,1,0.8076923076923077,0.8076923076923077,,,,,,,,,,,,
vt_h10_c1,17,AttnLRP,answer_only,signed_sum,raw,eligible_body_tokens,0.3,330,102,99,0.3090909090909091,0.9705882352941176,0.3,0.803921568627451,0.8282828282828283,0.8282828282828283,0.6637381911277771,1,0.803921568627451,0.803921568627451,,,,,,,,,,,,
vt_h10_c1,18,AttnLRP,answer_only,signed_sum,raw,eligible_body_tokens,0.3,330,102,99,0.3090909090909091,0.9705882352941176,0.3,0.7647058823529411,0.7878787878787878,0.7878787878787878,0.5869801044464111,1,0.7647058823529411,0.7647058823529411,,,,,,,,,,,,
vt_h10_c1,19,AttnLRP,answer_only,signed_sum,raw,eligible_body_tokens,0.3,334,106,101,0.31736526946107785,0.9528301886792453,0.3023952095808383,0.7264150943396226,0.7623762376237624,0.7623762376237624,0.5122451782226562,1,0.7264150943396226,0.7264150943396226,,,,,,,,,,,,
vt_h10_c1,20,AttnLRP,answer_only,signed_sum,raw,eligible_body_tokens,0.3,326,98,98,0.3006134969325153,1.0,0.3006134969325153,0.8061224489795918,0.8061224489795918,0.8061224489795918,0.5644375085830688,1,0.8061224489795918,0.8061224489795918,,,,,,,,,,,,
vt_h10_c1,21,AttnLRP,answer_only,signed_sum,raw,eligible_body_tokens,0.3,331,103,100,0.311178247734139,0.970873786407767,0.3021148036253776,0.7766990291262136,0.8,0.8,0.5759892463684082,1,0.7766990291262136,0.7766990291262136,,,,,,,,,,,,
vt_h10_c1,22,AttnLRP,answer_only,signed_sum,raw,eligible_body_tokens,0.3,328,100,99,0.3048780487804878,0.99,0.3018292682926829,0.79,0.797979797979798,0.797979797979798,0.5538285374641418,1,0.79,0.79,,,,,,,,,,,,
vt_h10_c1,23,AttnLRP,answer_only,signed_sum,raw,eligible_body_tokens,0.3,332,104,100,0.3132530120481928,0.9615384615384616,0.30120481927710846,0.75,0.78,0.78,0.5492704510688782,1,0.75,0.75,,,,,,,,,,,,
vt_h10_c1,24,AttnLRP,answer_only,signed_sum,raw,eligible_body_tokens,0.3,332,104,100,0.3132530120481928,0.9615384615384616,0.30120481927710846,0.7692307692307693,0.8,0.8,0.5926379561424255,1,0.7692307692307693,0.7692307692307693,,,,,,,,,,,,
vt_h10_c1,25,AttnLRP,answer_only,signed_sum,raw,eligible_body_tokens,0.3,332,104,100,0.3132530120481928,0.9615384615384616,0.30120481927710846,0.7596153846153846,0.79,0.79,0.6230655908584595,1,0.7596153846153846,0.7596153846153846,,,,,,,,,,,,
vt_h10_c1,26,AttnLRP,answer_only,signed_sum,raw,eligible_body_tokens,0.3,332,104,100,0.3132530120481928,0.9615384615384616,0.30120481927710846,0.7596153846153846,0.79,0.79,0.5612825155258179,1,0.7596153846153846,0.7596153846153846,,,,,,,,,,,,
vt_h10_c1,27,AttnLRP,answer_only,signed_sum,raw,eligible_body_tokens,0.3,336,108,101,0.32142857142857145,0.9351851851851852,0.3005952380952381,0.7407407407407407,0.7920792079207921,0.7920792079207921,0.5562903881072998,1,0.7407407407407407,0.7407407407407407,,,,,,,,,,,,
vt_h10_c1,28,AttnLRP,answer_only,signed_sum,raw,eligible_body_tokens,0.3,330,102,99,0.3090909090909091,0.9705882352941176,0.3,0.7647058823529411,0.7878787878787878,0.7878787878787878,0.5548717975616455,1,0.7647058823529411,0.7647058823529411,,,,,,,,,,,,
vt_h10_c1,29,AttnLRP,answer_only,signed_sum,raw,eligible_body_tokens,0.3,322,94,97,0.2919254658385093,1.0,0.30124223602484473,0.8191489361702128,0.7938144329896907,0.8191489361702128,0.5415676832199097,1,0.8191489361702128,0.8191489361702128,,,,,,,,,,,,
vt_h10_c1,30,AttnLRP,answer_only,signed_sum,raw,eligible_body_tokens,0.3,326,98,98,0.3006134969325153,1.0,0.3006134969325153,0.826530612244898,0.826530612244898,0.826530612244898,0.5845383405685425,1,0.826530612244898,0.826530612244898,,,,,,,,,,,,
vt_h10_c1,31,AttnLRP,answer_only,signed_sum,raw,eligible_body_tokens,0.3,333,105,100,0.3153153153153153,0.9523809523809523,0.3003003003003003,0.7714285714285715,0.81,0.81,0.6630833148956299,1,0.7714285714285715,0.7714285714285715,,,,,,,,,,,,
vt_h10_c1,32,AttnLRP,answer_only,signed_sum,raw,eligible_body_tokens,0.3,334,106,101,0.31736526946107785,0.9528301886792453,0.3023952095808383,0.7735849056603774,0.8118811881188119,0.8118811881188119,0.6460742950439453,1,0.7735849056603774,0.7735849056603774,,,,,,,,,,,,
vt_h10_c1,33,AttnLRP,answer_only,signed_sum,raw,eligible_body_tokens,0.3,332,104,100,0.3132530120481928,0.9615384615384616,0.30120481927710846,0.8076923076923077,0.84,0.84,0.617680013179779,1,0.8076923076923077,0.8076923076923077,,,,,,,,,,,,
vt_h10_c1,34,AttnLRP,answer_only,signed_sum,raw,eligible_body_tokens,0.3,330,102,99,0.3090909090909091,0.9705882352941176,0.3,0.7843137254901961,0.8080808080808081,0.8080808080808081,0.586416482925415,1,0.7843137254901961,0.7843137254901961,,,,,,,,,,,,
vt_h10_c1,35,AttnLRP,answer_only,signed_sum,raw,eligible_body_tokens,0.3,332,104,100,0.3132530120481928,0.9615384615384616,0.30120481927710846,0.75,0.78,0.78,0.5652533769607544,1,0.75,0.75,,,,,,,,,,,,
vt_h10_c1,36,AttnLRP,answer_only,signed_sum,raw,eligible_body_tokens,0.3,328,100,99,0.3048780487804878,0.99,0.3018292682926829,0.76,0.7676767676767676,0.7676767676767676,0.6008795499801636,1,0.76,0.76,,,,,,,,,,,,
vt_h10_c1,37,AttnLRP,answer_only,signed_sum,raw,eligible_body_tokens,0.3,330,102,99,0.3090909090909091,0.9705882352941176,0.3,0.7549019607843137,0.7777777777777778,0.7777777777777778,0.5462071895599365,1,0.7549019607843137,0.7549019607843137,,,,,,,,,,,,
vt_h10_c1,38,AttnLRP,answer_only,signed_sum,raw,eligible_body_tokens,0.3,329,101,99,0.3069908814589666,0.9801980198019802,0.3009118541033435,0.7623762376237624,0.7777777777777778,0.7777777777777778,0.6044291853904724,1,0.7623762376237624,0.7623762376237624,,,,,,,,,,,,
vt_h10_c1,39,AttnLRP,answer_only,signed_sum,raw,eligible_body_tokens,0.3,334,106,101,0.31736526946107785,0.9528301886792453,0.3023952095808383,0.7735849056603774,0.8118811881188119,0.8118811881188119,0.6193209886550903,1,0.7735849056603774,0.7735849056603774,,,,,,,,,,,,
vt_h10_c1,40,AttnLRP,answer_only,signed_sum,raw,eligible_body_tokens,0.3,333,105,100,0.3153153153153153,0.9523809523809523,0.3003003003003003,0.780952380952381,0.82,0.82,0.6417872309684753,1,0.780952380952381,0.780952380952381,,,,,,,,,,,,
vt_h10_c1,41,AttnLRP,answer_only,signed_sum,raw,eligible_body_tokens,0.3,328,100,99,0.3048780487804878,0.99,0.3018292682926829,0.77,0.7777777777777778,0.7777777777777778,0.49567893147468567,1,0.77,0.77,,,,,,,,,,,,
vt_h10_c1,42,AttnLRP,answer_only,signed_sum,raw,eligible_body_tokens,0.3,328,100,99,0.3048780487804878,0.99,0.3018292682926829,0.79,0.797979797979798,0.797979797979798,0.5081539750099182,1,0.79,0.79,,,,,,,,,,,,
vt_h10_c1,43,AttnLRP,answer_only,signed_sum,raw,eligible_body_tokens,0.3,334,106,101,0.31736526946107785,0.9528301886792453,0.3023952095808383,0.7641509433962265,0.801980198019802,0.801980198019802,0.5818228721618652,1,0.7641509433962265,0.7641509433962265,,,,,,,,,,,,
vt_h10_c1,44,AttnLRP,answer_only,signed_sum,raw,eligible_body_tokens,0.3,336,108,101,0.32142857142857145,0.9351851851851852,0.3005952380952381,0.7407407407407407,0.7920792079207921,0.7920792079207921,0.5704542398452759,1,0.7407407407407407,0.7407407407407407,,,,,,,,,,,,
vt_h10_c1,45,AttnLRP,answer_only,signed_sum,raw,eligible_body_tokens,0.3,326,98,98,0.3006134969325153,1.0,0.3006134969325153,0.7959183673469388,0.7959183673469388,0.7959183673469388,0.568143904209137,1,0.7959183673469388,0.7959183673469388,,,,,,,,,,,,
vt_h10_c1,46,AttnLRP,answer_only,signed_sum,raw,eligible_body_tokens,0.3,328,100,99,0.3048780487804878,0.99,0.3018292682926829,0.79,0.797979797979798,0.797979797979798,0.5520890951156616,1,0.79,0.79,,,,,,,,,,,,
vt_h10_c1,47,AttnLRP,answer_only,signed_sum,raw,eligible_body_tokens,0.3,325,97,98,0.29846153846153844,1.0,0.30153846153846153,0.8144329896907216,0.8061224489795918,0.8144329896907216,0.5576275587081909,1,0.8144329896907216,0.8144329896907216,,,,,,,,,,,,
vt_h10_c1,48,AttnLRP,answer_only,signed_sum,raw,eligible_body_tokens,0.3,328,100,99,0.3048780487804878,0.99,0.3018292682926829,0.76,0.7676767676767676,0.7676767676767676,0.5400597453117371,1,0.76,0.76,,,,,,,,,,,,
vt_h10_c1,49,AttnLRP,answer_only,signed_sum,raw,eligible_body_tokens,0.3,331,103,100,0.311178247734139,0.970873786407767,0.3021148036253776,0.7961165048543689,0.82,0.82,0.6061786413192749,1,0.7961165048543689,0.7961165048543689,,,,,,,,,,,,
vt_h10_c1,50,AttnLRP,answer_only,signed_sum,raw,eligible_body_tokens,0.3,328,100,99,0.3048780487804878,0.99,0.3018292682926829,0.81,0.8181818181818182,0.8181818181818182,0.5720815062522888,1,0.81,0.81,,,,,,,,,,,,
vt_h10_c1,51,AttnLRP,answer_only,signed_sum,raw,eligible_body_tokens,0.3,332,104,100,0.3132530120481928,0.9615384615384616,0.30120481927710846,0.7884615384615384,0.82,0.82,0.665552020072937,1,0.7884615384615384,0.7884615384615384,,,,,,,,,,,,
vt_h10_c1,52,AttnLRP,answer_only,signed_sum,raw,eligible_body_tokens,0.3,340,112,102,0.32941176470588235,0.9107142857142857,0.3,0.7232142857142857,0.7941176470588235,0.7941176470588235,0.6852518320083618,1,0.7232142857142857,0.7232142857142857,,,,,,,,,,,,
vt_h10_c1,53,AttnLRP,answer_only,signed_sum,raw,eligible_body_tokens,0.3,334,106,101,0.31736526946107785,0.9528301886792453,0.3023952095808383,0.7358490566037735,0.7722772277227723,0.7722772277227723,0.5286678075790405,1,0.7358490566037735,0.7358490566037735,,,,,,,,,,,,
vt_h10_c1,54,AttnLRP,answer_only,signed_sum,raw,eligible_body_tokens,0.3,332,104,100,0.3132530120481928,0.9615384615384616,0.30120481927710846,0.7403846153846154,0.77,0.77,0.5355432033538818,1,0.7403846153846154,0.7403846153846154,,,,,,,,,,,,
vt_h10_c1,55,AttnLRP,answer_only,signed_sum,raw,eligible_body_tokens,0.3,328,100,99,0.3048780487804878,0.99,0.3018292682926829,0.8,0.8080808080808081,0.8080808080808081,0.5886289477348328,1,0.8,0.8,,,,,,,,,,,,
vt_h10_c1,56,AttnLRP,answer_only,signed_sum,raw,eligible_body_tokens,0.3,332,104,100,0.3132530120481928,0.9615384615384616,0.30120481927710846,0.7692307692307693,0.8,0.8,0.5934141874313354,1,0.7692307692307693,0.7692307692307693,,,,,,,,,,,,
vt_h10_c1,57,AttnLRP,answer_only,signed_sum,raw,eligible_body_tokens,0.3,328,100,99,0.3048780487804878,0.99,0.3018292682926829,0.78,0.7878787878787878,0.7878787878787878,0.5133637189865112,1,0.78,0.78,,,,,,,,,,,,
vt_h10_c1,58,AttnLRP,answer_only,signed_sum,raw,eligible_body_tokens,0.3,331,103,100,0.311178247734139,0.970873786407767,0.3021148036253776,0.7572815533980582,0.78,0.78,0.5543625354766846,1,0.7572815533980582,0.7572815533980582,,,,,,,,,,,,
vt_h10_c1,59,AttnLRP,answer_only,signed_sum,raw,eligible_body_tokens,0.3,334,106,101,0.31736526946107785,0.9528301886792453,0.3023952095808383,0.7641509433962265,0.801980198019802,0.801980198019802,0.5352230072021484,1,0.7641509433962265,0.7641509433962265,,,,,,,,,,,,
vt_h10_c1,60,AttnLRP,answer_only,signed_sum,raw,eligible_body_tokens,0.3,328,100,99,0.3048780487804878,0.99,0.3018292682926829,0.78,0.7878787878787878,0.7878787878787878,0.6026817560195923,1,0.78,0.78,,,,,,,,,,,,
vt_h10_c1,61,AttnLRP,answer_only,signed_sum,raw,eligible_body_tokens,0.3,334,106,101,0.31736526946107785,0.9528301886792453,0.3023952095808383,0.7735849056603774,0.8118811881188119,0.8118811881188119,0.5789274573326111,1,0.7735849056603774,0.7735849056603774,,,,,,,,,,,,
vt_h10_c1,62,AttnLRP,answer_only,signed_sum,raw,eligible_body_tokens,0.3,334,106,101,0.31736526946107785,0.9528301886792453,0.3023952095808383,0.7452830188679245,0.7821782178217822,0.7821782178217822,0.5731509327888489,1,0.7452830188679245,0.7452830188679245,,,,,,,,,,,,
vt_h10_c1,63,AttnLRP,answer_only,signed_sum,raw,eligible_body_tokens,0.3,332,104,100,0.3132530120481928,0.9615384615384616,0.30120481927710846,0.7692307692307693,0.8,0.8,0.6393833160400391,1,0.7692307692307693,0.7692307692307693,,,,,,,,,,,,
vt_h10_c1,64,AttnLRP,answer_only,signed_sum,raw,eligible_body_tokens,0.3,330,102,99,0.3090909090909091,0.9705882352941176,0.3,0.7549019607843137,0.7777777777777778,0.7777777777777778,0.5471670031547546,1,0.7549019607843137,0.7549019607843137,,,,,,,,,,,,
vt_h10_c1,65,AttnLRP,answer_only,signed_sum,raw,eligible_body_tokens,0.3,336,108,101,0.32142857142857145,0.9351851851851852,0.3005952380952381,0.7407407407407407,0.7920792079207921,0.7920792079207921,0.5384057760238647,1,0.7407407407407407,0.7407407407407407,,,,,,,,,,,,
vt_h10_c1,66,AttnLRP,answer_only,signed_sum,raw,eligible_body_tokens,0.3,332,104,100,0.3132530120481928,0.9615384615384616,0.30120481927710846,0.75,0.78,0.78,0.5666098594665527,1,0.75,0.75,,,,,,,,,,,,
vt_h10_c1,67,AttnLRP,answer_only,signed_sum,raw,eligible_body_tokens,0.3,330,102,99,0.3090909090909091,0.9705882352941176,0.3,0.8137254901960784,0.8383838383838383,0.8383838383838383,0.6536943912506104,1,0.8137254901960784,0.8137254901960784,,,,,,,,,,,,
vt_h10_c1,68,AttnLRP,answer_only,signed_sum,raw,eligible_body_tokens,0.3,331,103,100,0.311178247734139,0.970873786407767,0.3021148036253776,0.7572815533980582,0.78,0.78,0.5857914686203003,1,0.7572815533980582,0.7572815533980582,,,,,,,,,,,,
vt_h10_c1,69,AttnLRP,answer_only,signed_sum,raw,eligible_body_tokens,0.3,332,104,100,0.3132530120481928,0.9615384615384616,0.30120481927710846,0.7403846153846154,0.77,0.77,0.580115020275116,1,0.7403846153846154,0.7403846153846154,,,,,,,,,,,,
vt_h10_c1,70,AttnLRP,answer_only,signed_sum,raw,eligible_body_tokens,0.3,328,100,99,0.3048780487804878,0.99,0.3018292682926829,0.77,0.7777777777777778,0.7777777777777778,0.5792205333709717,1,0.77,0.77,,,,,,,,,,,,
vt_h10_c1,71,AttnLRP,answer_only,signed_sum,raw,eligible_body_tokens,0.3,334,106,101,0.31736526946107785,0.9528301886792453,0.3023952095808383,0.7547169811320755,0.7920792079207921,0.7920792079207921,0.505443811416626,1,0.7547169811320755,0.7547169811320755,,,,,,,,,,,,
vt_h10_c1,72,AttnLRP,answer_only,signed_sum,raw,eligible_body_tokens,0.3,333,105,100,0.3153153153153153,0.9523809523809523,0.3003003003003003,0.780952380952381,0.82,0.82,0.6446174383163452,1,0.780952380952381,0.780952380952381,,,,,,,,,,,,
vt_h10_c1,73,AttnLRP,answer_only,signed_sum,raw,eligible_body_tokens,0.3,334,106,101,0.31736526946107785,0.9528301886792453,0.3023952095808383,0.7452830188679245,0.7821782178217822,0.7821782178217822,0.5864742994308472,1,0.7452830188679245,0.7452830188679245,,,,,,,,,,,,
vt_h10_c1,74,AttnLRP,answer_only,signed_sum,raw,eligible_body_tokens,0.3,329,101,99,0.3069908814589666,0.9801980198019802,0.3009118541033435,0.7920792079207921,0.8080808080808081,0.8080808080808081,0.5422941446304321,1,0.7920792079207921,0.7920792079207921,,,,,,,,,,,,
vt_h10_c1,75,AttnLRP,answer_only,signed_sum,raw,eligible_body_tokens,0.3,326,98,98,0.3006134969325153,1.0,0.3006134969325153,0.8061224489795918,0.8061224489795918,0.8061224489795918,0.5767525434494019,1,0.8061224489795918,0.8061224489795918,,,,,,,,,,,,
vt_h10_c1,76,AttnLRP,answer_only,signed_sum,raw,eligible_body_tokens,0.3,332,104,100,0.3132530120481928,0.9615384615384616,0.30120481927710846,0.7788461538461539,0.81,0.81,0.5538723468780518,1,0.7788461538461539,0.7788461538461539,,,,,,,,,,,,
vt_h10_c1,77,AttnLRP,answer_only,signed_sum,raw,eligible_body_tokens,0.3,334,106,101,0.31736526946107785,0.9528301886792453,0.3023952095808383,0.7452830188679245,0.7821782178217822,0.7821782178217822,0.5038757920265198,1,0.7452830188679245,0.7452830188679245,,,,,,,,,,,,
vt_h10_c1,78,AttnLRP,answer_only,signed_sum,raw,eligible_body_tokens,0.3,332,104,100,0.3132530120481928,0.9615384615384616,0.30120481927710846,0.7403846153846154,0.77,0.77,0.5641231536865234,1,0.7403846153846154,0.7403846153846154,,,,,,,,,,,,
vt_h10_c1,79,AttnLRP,answer_only,signed_sum,raw,eligible_body_tokens,0.3,328,100,99,0.3048780487804878,0.99,0.3018292682926829,0.8,0.8080808080808081,0.8080808080808081,0.5746109485626221,1,0.8,0.8,,,,,,,,,,,,
vt_h10_c1,80,AttnLRP,answer_only,signed_sum,raw,eligible_body_tokens,0.3,332,104,100,0.3132530120481928,0.9615384615384616,0.30120481927710846,0.7788461538461539,0.81,0.81,0.5938432812690735,1,0.7788461538461539,0.7788461538461539,,,,,,,,,,,,
vt_h10_c1,81,AttnLRP,answer_only,signed_sum,raw,eligible_body_tokens,0.3,330,102,99,0.3090909090909091,0.9705882352941176,0.3,0.803921568627451,0.8282828282828283,0.8282828282828283,0.6092760562896729,1,0.803921568627451,0.803921568627451,,,,,,,,,,,,
vt_h10_c1,82,AttnLRP,answer_only,signed_sum,raw,eligible_body_tokens,0.3,330,102,99,0.3090909090909091,0.9705882352941176,0.3,0.7745098039215687,0.797979797979798,0.797979797979798,0.5936396718025208,1,0.7745098039215687,0.7745098039215687,,,,,,,,,,,,
vt_h10_c1,83,AttnLRP,answer_only,signed_sum,raw,eligible_body_tokens,0.3,327,99,99,0.30275229357798167,1.0,0.30275229357798167,0.8080808080808081,0.8080808080808081,0.8080808080808081,0.6099516153335571,1,0.8080808080808081,0.8080808080808081,,,,,,,,,,,,
vt_h10_c1,84,AttnLRP,answer_only,signed_sum,raw,eligible_body_tokens,0.3,335,107,101,0.3194029850746269,0.9439252336448598,0.30149253731343284,0.7663551401869159,0.8118811881188119,0.8118811881188119,0.6090102791786194,1,0.7663551401869159,0.7663551401869159,,,,,,,,,,,,
vt_h10_c1,85,AttnLRP,answer_only,signed_sum,raw,eligible_body_tokens,0.3,334,106,101,0.31736526946107785,0.9528301886792453,0.3023952095808383,0.7452830188679245,0.7821782178217822,0.7821782178217822,0.569477915763855,1,0.7452830188679245,0.7452830188679245,,,,,,,,,,,,
vt_h10_c1,86,AttnLRP,answer_only,signed_sum,raw,eligible_body_tokens,0.3,332,104,100,0.3132530120481928,0.9615384615384616,0.30120481927710846,0.7692307692307693,0.8,0.8,0.6123596429824829,1,0.7692307692307693,0.7692307692307693,,,,,,,,,,,,
vt_h10_c1,87,AttnLRP,answer_only,signed_sum,raw,eligible_body_tokens,0.3,330,102,99,0.3090909090909091,0.9705882352941176,0.3,0.7941176470588235,0.8181818181818182,0.8181818181818182,0.6373121738433838,1,0.7941176470588235,0.7941176470588235,,,,,,,,,,,,
vt_h10_c1,88,AttnLRP,answer_only,signed_sum,raw,eligible_body_tokens,0.3,332,104,100,0.3132530120481928,0.9615384615384616,0.30120481927710846,0.75,0.78,0.78,0.5542690753936768,1,0.75,0.75,,,,,,,,,,,,
vt_h10_c1,89,AttnLRP,answer_only,signed_sum,raw,eligible_body_tokens,0.3,334,106,101,0.31736526946107785,0.9528301886792453,0.3023952095808383,0.7735849056603774,0.8118811881188119,0.8118811881188119,0.5856250524520874,1,0.7735849056603774,0.7735849056603774,,,,,,,,,,,,
vt_h10_c1,90,AttnLRP,answer_only,signed_sum,raw,eligible_body_tokens,0.3,328,100,99,0.3048780487804878,0.99,0.3018292682926829,0.78,0.7878787878787878,0.7878787878787878,0.5245895385742188,1,0.78,0.78,,,,,,,,,,,,
vt_h10_c1,91,AttnLRP,answer_only,signed_sum,raw,eligible_body_tokens,0.3,334,106,101,0.31736526946107785,0.9528301886792453,0.3023952095808383,0.7547169811320755,0.7920792079207921,0.7920792079207921,0.5757045745849609,1,0.7547169811320755,0.7547169811320755,,,,,,,,,,,,
vt_h10_c1,92,AttnLRP,answer_only,signed_sum,raw,eligible_body_tokens,0.3,333,105,100,0.3153153153153153,0.9523809523809523,0.3003003003003003,0.7523809523809524,0.79,0.79,0.586036205291748,1,0.7523809523809524,0.7523809523809524,,,,,,,,,,,,
vt_h10_c1,93,AttnLRP,answer_only,signed_sum,raw,eligible_body_tokens,0.3,330,102,99,0.3090909090909091,0.9705882352941176,0.3,0.7647058823529411,0.7878787878787878,0.7878787878787878,0.5664249658584595,1,0.7647058823529411,0.7647058823529411,,,,,,,,,,,,
vt_h10_c1,94,AttnLRP,answer_only,signed_sum,raw,eligible_body_tokens,0.3,332,104,100,0.3132530120481928,0.9615384615384616,0.30120481927710846,0.7884615384615384,0.82,0.82,0.6343817710876465,1,0.7884615384615384,0.7884615384615384,,,,,,,,,,,,
vt_h10_c1,95,AttnLRP,answer_only,signed_sum,raw,eligible_body_tokens,0.3,330,102,99,0.3090909090909091,0.9705882352941176,0.3,0.7843137254901961,0.8080808080808081,0.8080808080808081,0.5849526524543762,1,0.7843137254901961,0.7843137254901961,,,,,,,,,,,,
vt_h10_c1,96,AttnLRP,answer_only,signed_sum,raw,eligible_body_tokens,0.3,330,102,99,0.3090909090909091,0.9705882352941176,0.3,0.7843137254901961,0.8080808080808081,0.8080808080808081,0.546345055103302,1,0.7843137254901961,0.7843137254901961,,,,,,,,,,,,
vt_h10_c1,97,AttnLRP,answer_only,signed_sum,raw,eligible_body_tokens,0.3,330,102,99,0.3090909090909091,0.9705882352941176,0.3,0.7941176470588235,0.8181818181818182,0.8181818181818182,0.6382783055305481,1,0.7941176470588235,0.7941176470588235,,,,,,,,,,,,
vt_h10_c1,98,AttnLRP,answer_only,signed_sum,raw,eligible_body_tokens,0.3,335,107,101,0.3194029850746269,0.9439252336448598,0.30149253731343284,0.7289719626168224,0.7722772277227723,0.7722772277227723,0.5359591245651245,1,0.7289719626168224,0.7289719626168224,,,,,,,,,,,,
vt_h10_c1,99,AttnLRP,answer_only,signed_sum,raw,eligible_body_tokens,0.3,324,96,98,0.2962962962962963,1.0,0.30246913580246915,0.8020833333333334,0.7857142857142857,0.8020833333333334,0.5174206495285034,1,0.8020833333333334,0.8020833333333334,,,,,,,,,,,,
vt_h10_c1,0,FT_K1,answer_only,signed_sum,raw,eligible_body_tokens,0.3,333,105,100,0.3153153153153153,0.9523809523809523,0.3003003003003003,0.8380952380952381,0.88,0.88,0.08448771387338638,1,0.8380952380952381,0.8380952380952381,,,,,,,,,,,,
vt_h10_c1,1,FT_K1,answer_only,signed_sum,raw,eligible_body_tokens,0.3,331,103,100,0.311178247734139,0.970873786407767,0.3021148036253776,0.8155339805825242,0.84,0.84,0.08175304532051086,1,0.8155339805825242,0.8155339805825242,,,,,,,,,,,,
vt_h10_c1,2,FT_K1,answer_only,signed_sum,raw,eligible_body_tokens,0.3,335,107,101,0.3194029850746269,0.9439252336448598,0.30149253731343284,0.822429906542056,0.8712871287128713,0.8712871287128713,0.08887989073991776,1,0.822429906542056,0.822429906542056,,,,,,,,,,,,
vt_h10_c1,3,FT_K1,answer_only,signed_sum,raw,eligible_body_tokens,0.3,330,102,99,0.3090909090909091,0.9705882352941176,0.3,0.8235294117647058,0.8484848484848485,0.8484848484848485,0.08615128695964813,1,0.8235294117647058,0.8235294117647058,,,,,,,,,,,,
vt_h10_c1,4,FT_K1,answer_only,signed_sum,raw,eligible_body_tokens,0.3,330,102,99,0.3090909090909091,0.9705882352941176,0.3,0.8627450980392157,0.8888888888888888,0.8888888888888888,0.08838765323162079,1,0.8627450980392157,0.8627450980392157,,,,,,,,,,,,
vt_h10_c1,5,FT_K1,answer_only,signed_sum,raw,eligible_body_tokens,0.3,332,104,100,0.3132530120481928,0.9615384615384616,0.30120481927710846,0.8269230769230769,0.86,0.86,0.08821412920951843,1,0.8269230769230769,0.8269230769230769,,,,,,,,,,,,
vt_h10_c1,6,FT_K1,answer_only,signed_sum,raw,eligible_body_tokens,0.3,328,100,99,0.3048780487804878,0.99,0.3018292682926829,0.82,0.8282828282828283,0.8282828282828283,0.07767333090305328,1,0.82,0.82,,,,,,,,,,,,
vt_h10_c1,7,FT_K1,answer_only,signed_sum,raw,eligible_body_tokens,0.3,329,101,99,0.3069908814589666,0.9801980198019802,0.3009118541033435,0.8415841584158416,0.8585858585858586,0.8585858585858586,0.08086361736059189,1,0.8415841584158416,0.8415841584158416,,,,,,,,,,,,
vt_h10_c1,8,FT_K1,answer_only,signed_sum,raw,eligible_body_tokens,0.3,329,101,99,0.3069908814589666,0.9801980198019802,0.3009118541033435,0.8415841584158416,0.8585858585858586,0.8585858585858586,0.08137405663728714,1,0.8415841584158416,0.8415841584158416,,,,,,,,,,,,
vt_h10_c1,9,FT_K1,answer_only,signed_sum,raw,eligible_body_tokens,0.3,332,104,100,0.3132530120481928,0.9615384615384616,0.30120481927710846,0.8076923076923077,0.84,0.84,0.08184343576431274,1,0.8076923076923077,0.8076923076923077,,,,,,,,,,,,
vt_h10_c1,10,FT_K1,answer_only,signed_sum,raw,eligible_body_tokens,0.3,328,100,99,0.3048780487804878,0.99,0.3018292682926829,0.86,0.8686868686868687,0.8686868686868687,0.07902093976736069,1,0.86,0.86,,,,,,,,,,,,
vt_h10_c1,11,FT_K1,answer_only,signed_sum,raw,eligible_body_tokens,0.3,329,101,99,0.3069908814589666,0.9801980198019802,0.3009118541033435,0.8415841584158416,0.8585858585858586,0.8585858585858586,0.07793627679347992,1,0.8415841584158416,0.8415841584158416,,,,,,,,,,,,
vt_h10_c1,12,FT_K1,answer_only,signed_sum,raw,eligible_body_tokens,0.3,327,99,99,0.30275229357798167,1.0,0.30275229357798167,0.8484848484848485,0.8484848484848485,0.8484848484848485,0.07474558800458908,1,0.8484848484848485,0.8484848484848485,,,,,,,,,,,,
vt_h10_c1,13,FT_K1,answer_only,signed_sum,raw,eligible_body_tokens,0.3,330,102,99,0.3090909090909091,0.9705882352941176,0.3,0.8431372549019608,0.8686868686868687,0.8686868686868687,0.08100493997335434,1,0.8431372549019608,0.8431372549019608,,,,,,,,,,,,
vt_h10_c1,14,FT_K1,answer_only,signed_sum,raw,eligible_body_tokens,0.3,330,102,99,0.3090909090909091,0.9705882352941176,0.3,0.8137254901960784,0.8383838383838383,0.8383838383838383,0.08269287645816803,1,0.8137254901960784,0.8137254901960784,,,,,,,,,,,,
vt_h10_c1,15,FT_K1,answer_only,signed_sum,raw,eligible_body_tokens,0.3,333,105,100,0.3153153153153153,0.9523809523809523,0.3003003003003003,0.819047619047619,0.86,0.86,0.08596638590097427,1,0.819047619047619,0.819047619047619,,,,,,,,,,,,
vt_h10_c1,16,FT_K1,answer_only,signed_sum,raw,eligible_body_tokens,0.3,332,104,100,0.3132530120481928,0.9615384615384616,0.30120481927710846,0.8461538461538461,0.88,0.88,0.08545757085084915,1,0.8461538461538461,0.8461538461538461,,,,,,,,,,,,
vt_h10_c1,17,FT_K1,answer_only,signed_sum,raw,eligible_body_tokens,0.3,330,102,99,0.3090909090909091,0.9705882352941176,0.3,0.8431372549019608,0.8686868686868687,0.8686868686868687,0.08251120150089264,1,0.8431372549019608,0.8431372549019608,,,,,,,,,,,,
vt_h10_c1,18,FT_K1,answer_only,signed_sum,raw,eligible_body_tokens,0.3,330,102,99,0.3090909090909091,0.9705882352941176,0.3,0.8333333333333334,0.8585858585858586,0.8585858585858586,0.07554130256175995,1,0.8333333333333334,0.8333333333333334,,,,,,,,,,,,
vt_h10_c1,19,FT_K1,answer_only,signed_sum,raw,eligible_body_tokens,0.3,334,106,101,0.31736526946107785,0.9528301886792453,0.3023952095808383,0.8207547169811321,0.8613861386138614,0.8613861386138614,0.08449605852365494,1,0.8207547169811321,0.8207547169811321,,,,,,,,,,,,
vt_h10_c1,20,FT_K1,answer_only,signed_sum,raw,eligible_body_tokens,0.3,326,98,98,0.3006134969325153,1.0,0.3006134969325153,0.8571428571428571,0.8571428571428571,0.8571428571428571,0.07837701588869095,1,0.8571428571428571,0.8571428571428571,,,,,,,,,,,,
vt_h10_c1,21,FT_K1,answer_only,signed_sum,raw,eligible_body_tokens,0.3,331,103,100,0.311178247734139,0.970873786407767,0.3021148036253776,0.8252427184466019,0.85,0.85,0.08991346508264542,1,0.8252427184466019,0.8252427184466019,,,,,,,,,,,,
vt_h10_c1,22,FT_K1,answer_only,signed_sum,raw,eligible_body_tokens,0.3,328,100,99,0.3048780487804878,0.99,0.3018292682926829,0.87,0.8787878787878788,0.8787878787878788,0.08842810243368149,1,0.87,0.87,,,,,,,,,,,,
vt_h10_c1,23,FT_K1,answer_only,signed_sum,raw,eligible_body_tokens,0.3,332,104,100,0.3132530120481928,0.9615384615384616,0.30120481927710846,0.8461538461538461,0.88,0.88,0.07950928807258606,1,0.8461538461538461,0.8461538461538461,,,,,,,,,,,,
vt_h10_c1,24,FT_K1,answer_only,signed_sum,raw,eligible_body_tokens,0.3,332,104,100,0.3132530120481928,0.9615384615384616,0.30120481927710846,0.8365384615384616,0.87,0.87,0.0802035704255104,1,0.8365384615384616,0.8365384615384616,,,,,,,,,,,,
vt_h10_c1,25,FT_K1,answer_only,signed_sum,raw,eligible_body_tokens,0.3,332,104,100,0.3132530120481928,0.9615384615384616,0.30120481927710846,0.8173076923076923,0.85,0.85,0.08051374554634094,1,0.8173076923076923,0.8173076923076923,,,,,,,,,,,,
vt_h10_c1,26,FT_K1,answer_only,signed_sum,raw,eligible_body_tokens,0.3,332,104,100,0.3132530120481928,0.9615384615384616,0.30120481927710846,0.8269230769230769,0.86,0.86,0.08779149502515793,1,0.8269230769230769,0.8269230769230769,,,,,,,,,,,,
vt_h10_c1,27,FT_K1,answer_only,signed_sum,raw,eligible_body_tokens,0.3,336,108,101,0.32142857142857145,0.9351851851851852,0.3005952380952381,0.8240740740740741,0.8811881188118812,0.8811881188118812,0.09993354231119156,1,0.8240740740740741,0.8240740740740741,,,,,,,,,,,,
vt_h10_c1,28,FT_K1,answer_only,signed_sum,raw,eligible_body_tokens,0.3,330,102,99,0.3090909090909091,0.9705882352941176,0.3,0.8431372549019608,0.8686868686868687,0.8686868686868687,0.08434878289699554,1,0.8431372549019608,0.8431372549019608,,,,,,,,,,,,
vt_h10_c1,29,FT_K1,answer_only,signed_sum,raw,eligible_body_tokens,0.3,322,94,97,0.2919254658385093,1.0,0.30124223602484473,0.8723404255319149,0.845360824742268,0.8723404255319149,0.07042805105447769,1,0.8723404255319149,0.8723404255319149,,,,,,,,,,,,
vt_h10_c1,30,FT_K1,answer_only,signed_sum,raw,eligible_body_tokens,0.3,326,98,98,0.3006134969325153,1.0,0.3006134969325153,0.8571428571428571,0.8571428571428571,0.8571428571428571,0.07461085170507431,1,0.8571428571428571,0.8571428571428571,,,,,,,,,,,,
vt_h10_c1,31,FT_K1,answer_only,signed_sum,raw,eligible_body_tokens,0.3,333,105,100,0.3153153153153153,0.9523809523809523,0.3003003003003003,0.8380952380952381,0.88,0.88,0.08434406667947769,1,0.8380952380952381,0.8380952380952381,,,,,,,,,,,,
vt_h10_c1,32,FT_K1,answer_only,signed_sum,raw,eligible_body_tokens,0.3,334,106,101,0.31736526946107785,0.9528301886792453,0.3023952095808383,0.839622641509434,0.8811881188118812,0.8811881188118812,0.0853886678814888,1,0.839622641509434,0.839622641509434,,,,,,,,,,,,
vt_h10_c1,33,FT_K1,answer_only,signed_sum,raw,eligible_body_tokens,0.3,332,104,100,0.3132530120481928,0.9615384615384616,0.30120481927710846,0.8269230769230769,0.86,0.86,0.08398527652025223,1,0.8269230769230769,0.8269230769230769,,,,,,,,,,,,
vt_h10_c1,34,FT_K1,answer_only,signed_sum,raw,eligible_body_tokens,0.3,330,102,99,0.3090909090909091,0.9705882352941176,0.3,0.8431372549019608,0.8686868686868687,0.8686868686868687,0.08397068083286285,1,0.8431372549019608,0.8431372549019608,,,,,,,,,,,,
vt_h10_c1,35,FT_K1,answer_only,signed_sum,raw,eligible_body_tokens,0.3,332,104,100,0.3132530120481928,0.9615384615384616,0.30120481927710846,0.8365384615384616,0.87,0.87,0.08375968784093857,1,0.8365384615384616,0.8365384615384616,,,,,,,,,,,,
vt_h10_c1,36,FT_K1,answer_only,signed_sum,raw,eligible_body_tokens,0.3,328,100,99,0.3048780487804878,0.99,0.3018292682926829,0.85,0.8585858585858586,0.8585858585858586,0.08373717963695526,1,0.85,0.85,,,,,,,,,,,,
vt_h10_c1,37,FT_K1,answer_only,signed_sum,raw,eligible_body_tokens,0.3,330,102,99,0.3090909090909091,0.9705882352941176,0.3,0.8431372549019608,0.8686868686868687,0.8686868686868687,0.0837288647890091,1,0.8431372549019608,0.8431372549019608,,,,,,,,,,,,
vt_h10_c1,38,FT_K1,answer_only,signed_sum,raw,eligible_body_tokens,0.3,329,101,99,0.3069908814589666,0.9801980198019802,0.3009118541033435,0.8118811881188119,0.8282828282828283,0.8282828282828283,0.07994075119495392,1,0.8118811881188119,0.8118811881188119,,,,,,,,,,,,
vt_h10_c1,39,FT_K1,answer_only,signed_sum,raw,eligible_body_tokens,0.3,334,106,101,0.31736526946107785,0.9528301886792453,0.3023952095808383,0.839622641509434,0.8811881188118812,0.8811881188118812,0.08968039602041245,1,0.839622641509434,0.839622641509434,,,,,,,,,,,,
vt_h10_c1,40,FT_K1,answer_only,signed_sum,raw,eligible_body_tokens,0.3,333,105,100,0.3153153153153153,0.9523809523809523,0.3003003003003003,0.8285714285714286,0.87,0.87,0.08845524489879608,1,0.8285714285714286,0.8285714285714286,,,,,,,,,,,,
vt_h10_c1,41,FT_K1,answer_only,signed_sum,raw,eligible_body_tokens,0.3,328,100,99,0.3048780487804878,0.99,0.3018292682926829,0.86,0.8686868686868687,0.8686868686868687,0.07888797670602798,1,0.86,0.86,,,,,,,,,,,,
vt_h10_c1,42,FT_K1,answer_only,signed_sum,raw,eligible_body_tokens,0.3,328,100,99,0.3048780487804878,0.99,0.3018292682926829,0.85,0.8585858585858586,0.8585858585858586,0.07557990401983261,1,0.85,0.85,,,,,,,,,,,,
vt_h10_c1,43,FT_K1,answer_only,signed_sum,raw,eligible_body_tokens,0.3,334,106,101,0.31736526946107785,0.9528301886792453,0.3023952095808383,0.8301886792452831,0.8712871287128713,0.8712871287128713,0.0873989686369896,1,0.8301886792452831,0.8301886792452831,,,,,,,,,,,,
vt_h10_c1,44,FT_K1,answer_only,signed_sum,raw,eligible_body_tokens,0.3,336,108,101,0.32142857142857145,0.9351851851851852,0.3005952380952381,0.7962962962962963,0.8514851485148515,0.8514851485148515,0.0850377008318901,1,0.7962962962962963,0.7962962962962963,,,,,,,,,,,,
vt_h10_c1,45,FT_K1,answer_only,signed_sum,raw,eligible_body_tokens,0.3,326,98,98,0.3006134969325153,1.0,0.3006134969325153,0.8571428571428571,0.8571428571428571,0.8571428571428571,0.08851423114538193,1,0.8571428571428571,0.8571428571428571,,,,,,,,,,,,
vt_h10_c1,46,FT_K1,answer_only,signed_sum,raw,eligible_body_tokens,0.3,328,100,99,0.3048780487804878,0.99,0.3018292682926829,0.84,0.8484848484848485,0.8484848484848485,0.0759408101439476,1,0.84,0.84,,,,,,,,,,,,
vt_h10_c1,47,FT_K1,answer_only,signed_sum,raw,eligible_body_tokens,0.3,325,97,98,0.29846153846153844,1.0,0.30153846153846153,0.865979381443299,0.8571428571428571,0.865979381443299,0.07434220612049103,1,0.865979381443299,0.865979381443299,,,,,,,,,,,,
vt_h10_c1,48,FT_K1,answer_only,signed_sum,raw,eligible_body_tokens,0.3,328,100,99,0.3048780487804878,0.99,0.3018292682926829,0.85,0.8585858585858586,0.8585858585858586,0.07411558926105499,1,0.85,0.85,,,,,,,,,,,,
vt_h10_c1,49,FT_K1,answer_only,signed_sum,raw,eligible_body_tokens,0.3,331,103,100,0.311178247734139,0.970873786407767,0.3021148036253776,0.8543689320388349,0.88,0.88,0.08143411576747894,1,0.8543689320388349,0.8543689320388349,,,,,,,,,,,,
vt_h10_c1,50,FT_K1,answer_only,signed_sum,raw,eligible_body_tokens,0.3,328,100,99,0.3048780487804878,0.99,0.3018292682926829,0.86,0.8686868686868687,0.8686868686868687,0.08314002305269241,1,0.86,0.86,,,,,,,,,,,,
vt_h10_c1,51,FT_K1,answer_only,signed_sum,raw,eligible_body_tokens,0.3,332,104,100,0.3132530120481928,0.9615384615384616,0.30120481927710846,0.8461538461538461,0.88,0.88,0.08557137101888657,1,0.8461538461538461,0.8461538461538461,,,,,,,,,,,,
vt_h10_c1,52,FT_K1,answer_only,signed_sum,raw,eligible_body_tokens,0.3,340,112,102,0.32941176470588235,0.9107142857142857,0.3,0.8125,0.8921568627450981,0.8921568627450981,0.1013285219669342,1,0.8125,0.8125,,,,,,,,,,,,
vt_h10_c1,53,FT_K1,answer_only,signed_sum,raw,eligible_body_tokens,0.3,334,106,101,0.31736526946107785,0.9528301886792453,0.3023952095808383,0.8301886792452831,0.8712871287128713,0.8712871287128713,0.09203008562326431,1,0.8301886792452831,0.8301886792452831,,,,,,,,,,,,
vt_h10_c1,54,FT_K1,answer_only,signed_sum,raw,eligible_body_tokens,0.3,332,104,100,0.3132530120481928,0.9615384615384616,0.30120481927710846,0.8365384615384616,0.87,0.87,0.08302285522222519,1,0.8365384615384616,0.8365384615384616,,,,,,,,,,,,
vt_h10_c1,55,FT_K1,answer_only,signed_sum,raw,eligible_body_tokens,0.3,328,100,99,0.3048780487804878,0.99,0.3018292682926829,0.86,0.8686868686868687,0.8686868686868687,0.08193410187959671,1,0.86,0.86,,,,,,,,,,,,
vt_h10_c1,56,FT_K1,answer_only,signed_sum,raw,eligible_body_tokens,0.3,332,104,100,0.3132530120481928,0.9615384615384616,0.30120481927710846,0.8365384615384616,0.87,0.87,0.08577152341604233,1,0.8365384615384616,0.8365384615384616,,,,,,,,,,,,
vt_h10_c1,57,FT_K1,answer_only,signed_sum,raw,eligible_body_tokens,0.3,328,100,99,0.3048780487804878,0.99,0.3018292682926829,0.85,0.8585858585858586,0.8585858585858586,0.07298193126916885,1,0.85,0.85,,,,,,,,,,,,
vt_h10_c1,58,FT_K1,answer_only,signed_sum,raw,eligible_body_tokens,0.3,331,103,100,0.311178247734139,0.970873786407767,0.3021148036253776,0.8446601941747572,0.87,0.87,0.08119506388902664,1,0.8446601941747572,0.8446601941747572,,,,,,,,,,,,
vt_h10_c1,59,FT_K1,answer_only,signed_sum,raw,eligible_body_tokens,0.3,334,106,101,0.31736526946107785,0.9528301886792453,0.3023952095808383,0.8113207547169812,0.8514851485148515,0.8514851485148515,0.08829235285520554,1,0.8113207547169812,0.8113207547169812,,,,,,,,,,,,
vt_h10_c1,60,FT_K1,answer_only,signed_sum,raw,eligible_body_tokens,0.3,328,100,99,0.3048780487804878,0.99,0.3018292682926829,0.84,0.8484848484848485,0.8484848484848485,0.07909886538982391,1,0.84,0.84,,,,,,,,,,,,
vt_h10_c1,61,FT_K1,answer_only,signed_sum,raw,eligible_body_tokens,0.3,334,106,101,0.31736526946107785,0.9528301886792453,0.3023952095808383,0.8301886792452831,0.8712871287128713,0.8712871287128713,0.09618672728538513,1,0.8301886792452831,0.8301886792452831,,,,,,,,,,,,
vt_h10_c1,62,FT_K1,answer_only,signed_sum,raw,eligible_body_tokens,0.3,334,106,101,0.31736526946107785,0.9528301886792453,0.3023952095808383,0.839622641509434,0.8811881188118812,0.8811881188118812,0.09033489972352982,1,0.839622641509434,0.839622641509434,,,,,,,,,,,,
vt_h10_c1,63,FT_K1,answer_only,signed_sum,raw,eligible_body_tokens,0.3,332,104,100,0.3132530120481928,0.9615384615384616,0.30120481927710846,0.8461538461538461,0.88,0.88,0.08462230116128922,1,0.8461538461538461,0.8461538461538461,,,,,,,,,,,,
vt_h10_c1,64,FT_K1,answer_only,signed_sum,raw,eligible_body_tokens,0.3,330,102,99,0.3090909090909091,0.9705882352941176,0.3,0.8235294117647058,0.8484848484848485,0.8484848484848485,0.08494745194911957,1,0.8235294117647058,0.8235294117647058,,,,,,,,,,,,
vt_h10_c1,65,FT_K1,answer_only,signed_sum,raw,eligible_body_tokens,0.3,336,108,101,0.32142857142857145,0.9351851851851852,0.3005952380952381,0.8240740740740741,0.8811881188118812,0.8811881188118812,0.0905517190694809,1,0.8240740740740741,0.8240740740740741,,,,,,,,,,,,
vt_h10_c1,66,FT_K1,answer_only,signed_sum,raw,eligible_body_tokens,0.3,332,104,100,0.3132530120481928,0.9615384615384616,0.30120481927710846,0.8269230769230769,0.86,0.86,0.0840800404548645,1,0.8269230769230769,0.8269230769230769,,,,,,,,,,,,
vt_h10_c1,67,FT_K1,answer_only,signed_sum,raw,eligible_body_tokens,0.3,330,102,99,0.3090909090909091,0.9705882352941176,0.3,0.8235294117647058,0.8484848484848485,0.8484848484848485,0.07836298644542694,1,0.8235294117647058,0.8235294117647058,,,,,,,,,,,,
vt_h10_c1,68,FT_K1,answer_only,signed_sum,raw,eligible_body_tokens,0.3,331,103,100,0.311178247734139,0.970873786407767,0.3021148036253776,0.8543689320388349,0.88,0.88,0.07896260172128677,1,0.8543689320388349,0.8543689320388349,,,,,,,,,,,,
vt_h10_c1,69,FT_K1,answer_only,signed_sum,raw,eligible_body_tokens,0.3,332,104,100,0.3132530120481928,0.9615384615384616,0.30120481927710846,0.8461538461538461,0.88,0.88,0.08192252367734909,1,0.8461538461538461,0.8461538461538461,,,,,,,,,,,,
vt_h10_c1,70,FT_K1,answer_only,signed_sum,raw,eligible_body_tokens,0.3,328,100,99,0.3048780487804878,0.99,0.3018292682926829,0.84,0.8484848484848485,0.8484848484848485,0.08389517664909363,1,0.84,0.84,,,,,,,,,,,,
vt_h10_c1,71,FT_K1,answer_only,signed_sum,raw,eligible_body_tokens,0.3,334,106,101,0.31736526946107785,0.9528301886792453,0.3023952095808383,0.839622641509434,0.8811881188118812,0.8811881188118812,0.08511997759342194,1,0.839622641509434,0.839622641509434,,,,,,,,,,,,
vt_h10_c1,72,FT_K1,answer_only,signed_sum,raw,eligible_body_tokens,0.3,333,105,100,0.3153153153153153,0.9523809523809523,0.3003003003003003,0.8285714285714286,0.87,0.87,0.08546372503042221,1,0.8285714285714286,0.8285714285714286,,,,,,,,,,,,
vt_h10_c1,73,FT_K1,answer_only,signed_sum,raw,eligible_body_tokens,0.3,334,106,101,0.31736526946107785,0.9528301886792453,0.3023952095808383,0.8301886792452831,0.8712871287128713,0.8712871287128713,0.08611217886209488,1,0.8301886792452831,0.8301886792452831,,,,,,,,,,,,
vt_h10_c1,74,FT_K1,answer_only,signed_sum,raw,eligible_body_tokens,0.3,329,101,99,0.3069908814589666,0.9801980198019802,0.3009118541033435,0.8415841584158416,0.8585858585858586,0.8585858585858586,0.08171648532152176,1,0.8415841584158416,0.8415841584158416,,,,,,,,,,,,
vt_h10_c1,75,FT_K1,answer_only,signed_sum,raw,eligible_body_tokens,0.3,326,98,98,0.3006134969325153,1.0,0.3006134969325153,0.8469387755102041,0.8469387755102041,0.8469387755102041,0.07984054088592529,1,0.8469387755102041,0.8469387755102041,,,,,,,,,,,,
vt_h10_c1,76,FT_K1,answer_only,signed_sum,raw,eligible_body_tokens,0.3,332,104,100,0.3132530120481928,0.9615384615384616,0.30120481927710846,0.8557692307692307,0.89,0.89,0.08487866073846817,1,0.8557692307692307,0.8557692307692307,,,,,,,,,,,,
vt_h10_c1,77,FT_K1,answer_only,signed_sum,raw,eligible_body_tokens,0.3,334,106,101,0.31736526946107785,0.9528301886792453,0.3023952095808383,0.8207547169811321,0.8613861386138614,0.8613861386138614,0.08586500585079193,1,0.8207547169811321,0.8207547169811321,,,,,,,,,,,,
vt_h10_c1,78,FT_K1,answer_only,signed_sum,raw,eligible_body_tokens,0.3,332,104,100,0.3132530120481928,0.9615384615384616,0.30120481927710846,0.8365384615384616,0.87,0.87,0.08358379453420639,1,0.8365384615384616,0.8365384615384616,,,,,,,,,,,,
vt_h10_c1,79,FT_K1,answer_only,signed_sum,raw,eligible_body_tokens,0.3,328,100,99,0.3048780487804878,0.99,0.3018292682926829,0.87,0.8787878787878788,0.8787878787878788,0.0739133208990097,1,0.87,0.87,,,,,,,,,,,,
vt_h10_c1,80,FT_K1,answer_only,signed_sum,raw,eligible_body_tokens,0.3,332,104,100,0.3132530120481928,0.9615384615384616,0.30120481927710846,0.8365384615384616,0.87,0.87,0.08353744447231293,1,0.8365384615384616,0.8365384615384616,,,,,,,,,,,,
vt_h10_c1,81,FT_K1,answer_only,signed_sum,raw,eligible_body_tokens,0.3,330,102,99,0.3090909090909091,0.9705882352941176,0.3,0.8235294117647058,0.8484848484848485,0.8484848484848485,0.07961791008710861,1,0.8235294117647058,0.8235294117647058,,,,,,,,,,,,
vt_h10_c1,82,FT_K1,answer_only,signed_sum,raw,eligible_body_tokens,0.3,330,102,99,0.3090909090909091,0.9705882352941176,0.3,0.8529411764705882,0.8787878787878788,0.8787878787878788,0.0810823142528534,1,0.8529411764705882,0.8529411764705882,,,,,,,,,,,,
vt_h10_c1,83,FT_K1,answer_only,signed_sum,raw,eligible_body_tokens,0.3,327,99,99,0.30275229357798167,1.0,0.30275229357798167,0.8585858585858586,0.8585858585858586,0.8585858585858586,0.07672163844108582,1,0.8585858585858586,0.8585858585858586,,,,,,,,,,,,
vt_h10_c1,84,FT_K1,answer_only,signed_sum,raw,eligible_body_tokens,0.3,335,107,101,0.3194029850746269,0.9439252336448598,0.30149253731343284,0.8317757009345794,0.8811881188118812,0.8811881188118812,0.08507372438907623,1,0.8317757009345794,0.8317757009345794,,,,,,,,,,,,
vt_h10_c1,85,FT_K1,answer_only,signed_sum,raw,eligible_body_tokens,0.3,334,106,101,0.31736526946107785,0.9528301886792453,0.3023952095808383,0.8207547169811321,0.8613861386138614,0.8613861386138614,0.08607535064220428,1,0.8207547169811321,0.8207547169811321,,,,,,,,,,,,
vt_h10_c1,86,FT_K1,answer_only,signed_sum,raw,eligible_body_tokens,0.3,332,104,100,0.3132530120481928,0.9615384615384616,0.30120481927710846,0.8365384615384616,0.87,0.87,0.08990779519081116,1,0.8365384615384616,0.8365384615384616,,,,,,,,,,,,
vt_h10_c1,87,FT_K1,answer_only,signed_sum,raw,eligible_body_tokens,0.3,330,102,99,0.3090909090909091,0.9705882352941176,0.3,0.8333333333333334,0.8585858585858586,0.8585858585858586,0.08964259177446365,1,0.8333333333333334,0.8333333333333334,,,,,,,,,,,,
vt_h10_c1,88,FT_K1,answer_only,signed_sum,raw,eligible_body_tokens,0.3,332,104,100,0.3132530120481928,0.9615384615384616,0.30120481927710846,0.8269230769230769,0.86,0.86,0.08506970852613449,1,0.8269230769230769,0.8269230769230769,,,,,,,,,,,,
vt_h10_c1,89,FT_K1,answer_only,signed_sum,raw,eligible_body_tokens,0.3,334,106,101,0.31736526946107785,0.9528301886792453,0.3023952095808383,0.839622641509434,0.8811881188118812,0.8811881188118812,0.08973570913076401,1,0.839622641509434,0.839622641509434,,,,,,,,,,,,
vt_h10_c1,90,FT_K1,answer_only,signed_sum,raw,eligible_body_tokens,0.3,328,100,99,0.3048780487804878,0.99,0.3018292682926829,0.86,0.8686868686868687,0.8686868686868687,0.0774708017706871,1,0.86,0.86,,,,,,,,,,,,
vt_h10_c1,91,FT_K1,answer_only,signed_sum,raw,eligible_body_tokens,0.3,334,106,101,0.31736526946107785,0.9528301886792453,0.3023952095808383,0.8301886792452831,0.8712871287128713,0.8712871287128713,0.08420506864786148,1,0.8301886792452831,0.8301886792452831,,,,,,,,,,,,
vt_h10_c1,92,FT_K1,answer_only,signed_sum,raw,eligible_body_tokens,0.3,333,105,100,0.3153153153153153,0.9523809523809523,0.3003003003003003,0.8380952380952381,0.88,0.88,0.09147404879331589,1,0.8380952380952381,0.8380952380952381,,,,,,,,,,,,
vt_h10_c1,93,FT_K1,answer_only,signed_sum,raw,eligible_body_tokens,0.3,330,102,99,0.3090909090909091,0.9705882352941176,0.3,0.8431372549019608,0.8686868686868687,0.8686868686868687,0.08146265894174576,1,0.8431372549019608,0.8431372549019608,,,,,,,,,,,,
vt_h10_c1,94,FT_K1,answer_only,signed_sum,raw,eligible_body_tokens,0.3,332,104,100,0.3132530120481928,0.9615384615384616,0.30120481927710846,0.8461538461538461,0.88,0.88,0.07752105593681335,1,0.8461538461538461,0.8461538461538461,,,,,,,,,,,,
vt_h10_c1,95,FT_K1,answer_only,signed_sum,raw,eligible_body_tokens,0.3,330,102,99,0.3090909090909091,0.9705882352941176,0.3,0.8137254901960784,0.8383838383838383,0.8383838383838383,0.08220207691192627,1,0.8137254901960784,0.8137254901960784,,,,,,,,,,,,
vt_h10_c1,96,FT_K1,answer_only,signed_sum,raw,eligible_body_tokens,0.3,330,102,99,0.3090909090909091,0.9705882352941176,0.3,0.8333333333333334,0.8585858585858586,0.8585858585858586,0.08619514107704163,1,0.8333333333333334,0.8333333333333334,,,,,,,,,,,,
vt_h10_c1,97,FT_K1,answer_only,signed_sum,raw,eligible_body_tokens,0.3,330,102,99,0.3090909090909091,0.9705882352941176,0.3,0.8333333333333334,0.8585858585858586,0.8585858585858586,0.09105094522237778,1,0.8333333333333334,0.8333333333333334,,,,,,,,,,,,
vt_h10_c1,98,FT_K1,answer_only,signed_sum,raw,eligible_body_tokens,0.3,335,107,101,0.3194029850746269,0.9439252336448598,0.30149253731343284,0.822429906542056,0.8712871287128713,0.8712871287128713,0.09400776028633118,1,0.822429906542056,0.822429906542056,,,,,,,,,,,,
vt_h10_c1,99,FT_K1,answer_only,signed_sum,raw,eligible_body_tokens,0.3,324,96,98,0.2962962962962963,1.0,0.30246913580246915,0.875,0.8571428571428571,0.875,0.07150166481733322,1,0.875,0.875,,,,,,,,,,,,
hotpotqa_long,0,DT,full,signed_sum,native_sentence,all_body_tokens,0.1,,2,289,,,,1.0,0.3333333333333333,,,,,,2883,0.5,0.0,1.0,2,6,1.0,229,60,6,0,1.0
hotpotqa_long,1,DT,full,signed_sum,native_sentence,all_body_tokens,0.1,,3,117,,,,1.0,0.75,,,,,,1163,0.8571428571428571,0.0,1.0,3,4,1.0,117,0,4,0,1.0
hotpotqa_long,2,DT,full,signed_sum,native_sentence,all_body_tokens,0.1,,3,119,,,,0.6666666666666666,0.6666666666666666,,,,,,1183,0.6666666666666666,0.0,0.0,2,3,0.65,103,16,3,0,0.6666666666666666
hotpotqa_long,3,DT,full,signed_sum,native_sentence,all_body_tokens,0.1,,2,95,,,,0.5,0.5,,,,,,945,0.5,0.0,0.0,1,2,0.5076923076923077,85,10,2,0,1.0
hotpotqa_long,4,DT,full,signed_sum,native_sentence,all_body_tokens,0.1,,3,119,,,,0.6666666666666666,0.6666666666666666,,,,,,1184,0.6666666666666666,0.0,0.0,2,3,0.6826923076923077,105,14,3,0,1.0
hotpotqa_long,5,DT,full,signed_sum,native_sentence,all_body_tokens,0.1,,3,175,,,,0.6666666666666666,0.3333333333333333,,,,,,1747,0.4444444444444444,0.0,0.0,2,6,0.43410852713178294,173,2,6,0,1.0
hotpotqa_long,6,DT,full,signed_sum,native_sentence,all_body_tokens,0.1,,2,125,,,,0.5,0.25,,,,,,1247,0.3333333333333333,0.0,0.0,1,4,0.7123287671232876,114,11,4,0,1.0
hotpotqa_long,7,DT,full,signed_sum,native_sentence,all_body_tokens,0.1,,2,104,,,,0.5,0.5,,,,,,1032,0.5,0.0,0.0,1,2,0.35051546391752575,75,29,2,0,1.0
hotpotqa_long,8,DT,full,signed_sum,native_sentence,all_body_tokens,0.1,,4,71,,,,0.5,0.6666666666666666,,,,,,706,0.5714285714285715,0.0,0.0,2,3,0.7142857142857143,59,12,3,0,1.0
hotpotqa_long,9,DT,full,signed_sum,native_sentence,all_body_tokens,0.1,,4,98,,,,0.75,0.75,,,,,,975,0.75,0.0,0.0,3,4,0.9090909090909091,81,17,4,0,1.0
hotpotqa_long,10,DT,full,signed_sum,native_sentence,all_body_tokens,0.1,,4,129,,,,0.5,0.6666666666666666,,,,,,1289,0.5714285714285715,0.0,0.0,2,3,0.5796178343949044,129,0,3,0,0.75
hotpotqa_long,11,DT,full,signed_sum,native_sentence,all_body_tokens,0.1,,2,87,,,,0.5,1.0,,,,,,862,0.6666666666666666,0.0,0.0,1,1,0.7570093457943925,81,6,1,0,0.5
hotpotqa_long,12,DT,full,signed_sum,native_sentence,all_body_tokens,0.1,,2,191,,,,1.0,0.5,,,,,,1903,0.6666666666666666,0.0,1.0,2,4,1.0,163,28,4,0,1.0
hotpotqa_long,13,DT,full,signed_sum,native_sentence,all_body_tokens,0.1,,2,174,,,,1.0,0.6666666666666666,,,,,,1733,0.8,0.0,1.0,2,3,1.0,173,1,3,0,1.0
hotpotqa_long,14,DT,full,signed_sum,native_sentence,all_body_tokens,0.1,,2,134,,,,0.5,0.3333333333333333,,,,,,1331,0.4,0.0,0.0,1,3,0.48148148148148145,120,14,3,0,1.0
hotpotqa_long,15,DT,full,signed_sum,native_sentence,all_body_tokens,0.1,,4,125,,,,0.75,0.6,,,,,,1244,0.6666666666666665,0.0,0.0,3,5,0.5948275862068966,111,14,5,0,1.0
hotpotqa_long,16,DT,full,signed_sum,native_sentence,all_body_tokens,0.1,,2,98,,,,0.5,0.25,,,,,,972,0.3333333333333333,0.0,0.0,1,4,0.5263157894736842,87,11,4,0,1.0
hotpotqa_long,17,DT,full,signed_sum,native_sentence,all_body_tokens,0.1,,2,94,,,,0.5,0.5,,,,,,931,0.5,0.0,0.0,1,2,0.4,58,36,2,0,1.0
hotpotqa_long,18,DT,full,signed_sum,native_sentence,all_body_tokens,0.1,,2,135,,,,1.0,0.6666666666666666,,,,,,1341,0.8,0.0,1.0,2,3,1.0,124,11,3,0,1.0
hotpotqa_long,19,DT,full,signed_sum,native_sentence,all_body_tokens,0.1,,2,94,,,,1.0,1.0,,,,,,939,1.0,1.0,1.0,2,2,1.0,83,11,2,0,1.0
hotpotqa_long,20,DT,full,signed_sum,native_sentence,all_body_tokens,0.1,,2,115,,,,0.5,0.25,,,,,,1141,0.3333333333333333,0.0,0.0,1,4,0.17647058823529413,105,10,4,0,1.0
hotpotqa_long,21,DT,full,signed_sum,native_sentence,all_body_tokens,0.1,,2,146,,,,1.0,0.5,,,,,,1458,0.6666666666666666,0.0,1.0,2,4,1.0,104,42,4,0,1.0
hotpotqa_long,22,DT,full,signed_sum,native_sentence,all_body_tokens,0.1,,2,320,,,,1.0,0.25,,,,,,3199,0.4,0.0,1.0,2,8,1.0,305,15,8,0,1.0
hotpotqa_long,23,DT,full,signed_sum,native_sentence,all_body_tokens,0.1,,3,134,,,,1.0,0.6,,,,,,1338,0.7499999999999999,0.0,1.0,3,5,1.0,133,1,5,0,1.0
hotpotqa_long,24,DT,full,signed_sum,native_sentence,all_body_tokens,0.1,,3,119,,,,0.3333333333333333,0.5,,,,,,1183,0.4,0.0,0.0,1,2,0.35443037974683544,56,63,2,0,1.0
hotpotqa_long,25,DT,full,signed_sum,native_sentence,all_body_tokens,0.1,,4,178,,,,1.0,0.6666666666666666,,,,,,1773,0.8,0.0,1.0,4,6,1.0,143,35,6,0,1.0
hotpotqa_long,26,DT,full,signed_sum,native_sentence,all_body_tokens,0.1,,2,106,,,,0.5,1.0,,,,,,1057,0.6666666666666666,0.0,0.0,1,1,0.4230769230769231,66,40,1,0,0.5
hotpotqa_long,27,DT,full,signed_sum,native_sentence,all_body_tokens,0.1,,2,172,,,,1.0,0.4,,,,,,1719,0.5714285714285715,0.0,1.0,2,5,1.0,152,20,5,0,1.0
hotpotqa_long,28,DT,full,signed_sum,native_sentence,all_body_tokens,0.1,,3,96,,,,0.3333333333333333,1.0,,,,,,956,0.5,0.0,0.0,1,1,0.26582278481012656,42,54,1,0,0.6666666666666666
hotpotqa_long,29,DT,full,signed_sum,native_sentence,all_body_tokens,0.1,,3,90,,,,0.6666666666666666,1.0,,,,,,896,0.8,0.0,0.0,2,2,0.776595744680851,73,17,2,0,0.6666666666666666
hotpotqa_long,30,DT,full,signed_sum,native_sentence,all_body_tokens,0.1,,2,128,,,,0.5,0.25,,,,,,1278,0.3333333333333333,0.0,0.0,1,4,0.3018867924528302,124,4,4,0,1.0
hotpotqa_long,31,DT,full,signed_sum,native_sentence,all_body_tokens,0.1,,2,180,,,,1.0,0.5,,,,,,1796,0.6666666666666666,0.0,1.0,2,4,1.0,174,6,4,0,1.0
hotpotqa_long,32,DT,full,signed_sum,native_sentence,all_body_tokens,0.1,,3,120,,,,0.3333333333333333,0.5,,,,,,1191,0.4,0.0,0.0,1,2,0.08547008547008547,55,65,2,0,1.0
hotpotqa_long,33,DT,full,signed_sum,native_sentence,all_body_tokens,0.1,,3,110,,,,1.0,1.0,,,,,,1095,1.0,1.0,1.0,3,3,1.0,100,10,3,0,1.0
hotpotqa_long,34,DT,full,signed_sum,native_sentence,all_body_tokens,0.1,,2,104,,,,0.5,0.3333333333333333,,,,,,1036,0.4,0.0,0.0,1,3,0.6346153846153846,103,1,3,0,1.0
hotpotqa_long,35,DT,full,signed_sum,native_sentence,all_body_tokens,0.1,,3,121,,,,0.6666666666666666,0.5,,,,,,1208,0.5714285714285715,0.0,0.0,2,4,0.625,111,10,4,0,1.0
hotpotqa_long,36,DT,full,signed_sum,native_sentence,all_body_tokens,0.1,,2,155,,,,0.5,0.2,,,,,,1544,0.28571428571428575,0.0,0.0,1,5,0.5102040816326531,134,21,5,0,1.0
hotpotqa_long,37,DT,full,signed_sum,native_sentence,all_body_tokens,0.1,,2,119,,,,1.0,0.6666666666666666,,,,,,1183,0.8,0.0,1.0,2,3,1.0,103,16,3,0,1.0
hotpotqa_long,38,DT,full,signed_sum,native_sentence,all_body_tokens,0.1,,2,131,,,,1.0,0.6666666666666666,,,,,,1303,0.8,0.0,1.0,2,3,1.0,114,17,3,0,1.0
hotpotqa_long,39,DT,full,signed_sum,native_sentence,all_body_tokens,0.1,,2,72,,,,0.5,1.0,,,,,,719,0.6666666666666666,0.0,0.0,1,1,0.5175438596491229,59,13,1,0,0.5
hotpotqa_long,40,DT,full,signed_sum,native_sentence,all_body_tokens,0.1,,4,141,,,,0.5,0.6666666666666666,,,,,,1406,0.5714285714285715,0.0,0.0,2,3,0.4315068493150685,127,14,3,0,0.75
hotpotqa_long,41,DT,full,signed_sum,native_sentence,all_body_tokens,0.1,,4,89,,,,0.75,0.75,,,,,,884,0.75,0.0,0.0,3,4,0.5842696629213483,75,14,4,0,1.0
hotpotqa_long,42,DT,full,signed_sum,native_sentence,all_body_tokens,0.1,,2,132,,,,1.0,1.0,,,,,,1312,1.0,1.0,1.0,2,2,1.0,87,45,2,0,1.0
hotpotqa_long,43,DT,full,signed_sum,native_sentence,all_body_tokens,0.1,,3,126,,,,1.0,0.75,,,,,,1259,0.8571428571428571,0.0,1.0,3,4,1.0,120,6,4,0,1.0
hotpotqa_long,44,DT,full,signed_sum,native_sentence,all_body_tokens,0.1,,3,84,,,,0.6666666666666666,1.0,,,,,,831,0.8,0.0,0.0,2,2,0.5858585858585859,58,26,2,0,0.6666666666666666
hotpotqa_long,45,DT,full,signed_sum,native_sentence,all_body_tokens,0.1,,2,184,,,,1.0,0.5,,,,,,1835,0.6666666666666666,0.0,1.0,2,4,1.0,162,22,4,0,1.0
hotpotqa_long,46,DT,full,signed_sum,native_sentence,all_body_tokens,0.1,,2,133,,,,1.0,0.5,,,,,,1324,0.6666666666666666,0.0,1.0,2,4,1.0,124,9,4,0,1.0
hotpotqa_long,47,DT,full,signed_sum,native_sentence,all_body_tokens,0.1,,3,89,,,,0.3333333333333333,0.5,,,,,,881,0.4,0.0,0.0,1,2,0.46511627906976744,84,5,2,0,1.0
hotpotqa_long,0,FT_K3,full,signed_sum,native_sentence,all_body_tokens,0.1,,2,289,,,,1.0,0.3333333333333333,,,,,,2883,0.5,0.0,1.0,2,6,1.0,280,9,6,0,1.0
hotpotqa_long,1,FT_K3,full,signed_sum,native_sentence,all_body_tokens,0.1,,3,117,,,,1.0,1.0,,,,,,1163,1.0,1.0,1.0,3,3,1.0,89,28,3,0,1.0
hotpotqa_long,2,FT_K3,full,signed_sum,native_sentence,all_body_tokens,0.1,,3,119,,,,0.3333333333333333,0.5,,,,,,1183,0.4,0.0,0.0,1,2,0.5083333333333333,105,14,2,0,0.6666666666666666
hotpotqa_long,3,FT_K3,full,signed_sum,native_sentence,all_body_tokens,0.1,,2,95,,,,0.5,0.3333333333333333,,,,,,945,0.4,0.0,0.0,1,3,0.49230769230769234,82,13,3,0,1.0
hotpotqa_long,4,FT_K3,full,signed_sum,native_sentence,all_body_tokens,0.1,,3,119,,,,0.6666666666666666,0.6666666666666666,,,,,,1184,0.6666666666666666,0.0,0.0,2,3,0.6826923076923077,105,14,3,0,1.0
hotpotqa_long,5,FT_K3,full,signed_sum,native_sentence,all_body_tokens,0.1,,3,175,,,,0.6666666666666666,0.4,,,,,,1747,0.5,0.0,0.0,2,5,0.43410852713178294,171,4,5,0,1.0
hotpotqa_long,6,FT_K3,full,signed_sum,native_sentence,all_body_tokens,0.1,,2,125,,,,1.0,0.6666666666666666,,,,,,1247,0.8,0.0,1.0,2,3,1.0,106,19,3,0,1.0
hotpotqa_long,7,FT_K3,full,signed_sum,native_sentence,all_body_tokens,0.1,,2,104,,,,1.0,1.0,,,,,,1032,1.0,1.0,1.0,2,2,1.0,97,7,2,0,1.0
hotpotqa_long,8,FT_K3,full,signed_sum,native_sentence,all_body_tokens,0.1,,4,71,,,,0.5,0.6666666666666666,,,,,,706,0.5714285714285715,0.0,0.0,2,3,0.7428571428571429,64,7,3,0,1.0
hotpotqa_long,9,FT_K3,full,signed_sum,native_sentence,all_body_tokens,0.1,,4,98,,,,0.75,0.75,,,,,,975,0.75,0.0,0.0,3,4,0.9090909090909091,81,17,4,0,1.0
hotpotqa_long,10,FT_K3,full,signed_sum,native_sentence,all_body_tokens,0.1,,4,129,,,,0.75,1.0,,,,,,1289,0.8571428571428571,0.0,0.0,3,3,0.8152866242038217,128,1,3,0,0.75
hotpotqa_long,11,FT_K3,full,signed_sum,native_sentence,all_body_tokens,0.1,,2,87,,,,0.5,1.0,,,,,,862,0.6666666666666666,0.0,0.0,1,1,0.7570093457943925,81,6,1,0,0.5
hotpotqa_long,12,FT_K3,full,signed_sum,native_sentence,all_body_tokens,0.1,,2,191,,,,1.0,0.5,,,,,,1903,0.6666666666666666,0.0,1.0,2,4,1.0,184,7,4,0,1.0
hotpotqa_long,13,FT_K3,full,signed_sum,native_sentence,all_body_tokens,0.1,,2,174,,,,0.5,0.3333333333333333,,,,,,1733,0.4,0.0,0.0,1,3,0.32978723404255317,166,8,3,0,1.0
hotpotqa_long,14,FT_K3,full,signed_sum,native_sentence,all_body_tokens,0.1,,2,134,,,,1.0,0.6666666666666666,,,,,,1331,0.8,0.0,1.0,2,3,1.0,124,10,3,0,1.0
hotpotqa_long,15,FT_K3,full,signed_sum,native_sentence,all_body_tokens,0.1,,4,125,,,,0.75,1.0,,,,,,1244,0.8571428571428571,0.0,0.0,3,3,0.8620689655172413,100,25,3,0,1.0
hotpotqa_long,16,FT_K3,full,signed_sum,native_sentence,all_body_tokens,0.1,,2,98,,,,0.0,0.0,,,,,,972,0.0,0.0,0.0,0,2,0.0,80,18,2,0,1.0
hotpotqa_long,17,FT_K3,full,signed_sum,native_sentence,all_body_tokens,0.1,,2,94,,,,1.0,1.0,,,,,,931,1.0,1.0,1.0,2,2,1.0,90,4,2,0,1.0
hotpotqa_long,18,FT_K3,full,signed_sum,native_sentence,all_body_tokens,0.1,,2,135,,,,0.5,0.5,,,,,,1341,0.5,0.0,0.0,1,2,0.38235294117647056,84,51,2,0,1.0
hotpotqa_long,19,FT_K3,full,signed_sum,native_sentence,all_body_tokens,0.1,,2,94,,,,1.0,1.0,,,,,,939,1.0,1.0,1.0,2,2,1.0,83,11,2,0,1.0
hotpotqa_long,20,FT_K3,full,signed_sum,native_sentence,all_body_tokens,0.1,,2,115,,,,0.5,0.3333333333333333,,,,,,1141,0.4,0.0,0.0,1,3,0.17647058823529413,79,36,3,0,1.0
hotpotqa_long,21,FT_K3,full,signed_sum,native_sentence,all_body_tokens,0.1,,2,146,,,,0.5,1.0,,,,,,1458,0.6666666666666666,0.0,0.0,1,1,0.6590909090909091,29,117,1,0,1.0
hotpotqa_long,22,FT_K3,full,signed_sum,native_sentence,all_body_tokens,0.1,,2,320,,,,1.0,0.25,,,,,,3199,0.4,0.0,1.0,2,8,1.0,318,2,8,0,1.0
hotpotqa_long,23,FT_K3,full,signed_sum,native_sentence,all_body_tokens,0.1,,3,134,,,,0.0,0.0,,,,,,1338,0.0,0.0,0.0,0,1,0.0,95,39,1,0,1.0
hotpotqa_long,24,FT_K3,full,signed_sum,native_sentence,all_body_tokens,0.1,,3,119,,,,0.6666666666666666,0.6666666666666666,,,,,,1183,0.6666666666666666,0.0,0.0,2,3,0.7088607594936709,84,35,3,0,1.0
hotpotqa_long,25,FT_K3,full,signed_sum,native_sentence,all_body_tokens,0.1,,4,178,,,,0.5,0.5,,,,,,1773,0.5,0.0,0.0,2,4,0.5925925925925926,157,21,4,0,1.0
hotpotqa_long,26,FT_K3,full,signed_sum,native_sentence,all_body_tokens,0.1,,2,106,,,,0.5,1.0,,,,,,1057,0.6666666666666666,0.0,0.0,1,1,0.4230769230769231,66,40,1,0,0.5
hotpotqa_long,27,FT_K3,full,signed_sum,native_sentence,all_body_tokens,0.1,,2,172,,,,1.0,0.6666666666666666,,,,,,1719,0.8,0.0,1.0,2,3,1.0,142,30,3,0,1.0
hotpotqa_long,28,FT_K3,full,signed_sum,native_sentence,all_body_tokens,0.1,,3,96,,,,0.3333333333333333,1.0,,,,,,956,0.5,0.0,0.0,1,1,0.13291139240506328,21,75,1,0,0.6666666666666666
hotpotqa_long,29,FT_K3,full,signed_sum,native_sentence,all_body_tokens,0.1,,3,90,,,,0.3333333333333333,0.5,,,,,,896,0.4,0.0,0.0,1,2,0.5,78,12,2,0,0.6666666666666666
hotpotqa_long,30,FT_K3,full,signed_sum,native_sentence,all_body_tokens,0.1,,2,128,,,,1.0,0.6666666666666666,,,,,,1278,0.8,0.0,1.0,2,3,1.0,104,24,3,0,1.0
hotpotqa_long,31,FT_K3,full,signed_sum,native_sentence,all_body_tokens,0.1,,2,180,,,,1.0,0.5,,,,,,1796,0.6666666666666666,0.0,1.0,2,4,1.0,150,30,4,0,1.0
hotpotqa_long,32,FT_K3,full,signed_sum,native_sentence,all_body_tokens,0.1,,3,120,,,,0.3333333333333333,0.5,,,,,,1191,0.4,0.0,0.0,1,2,0.3247863247863248,102,18,2,0,1.0
hotpotqa_long,33,FT_K3,full,signed_sum,native_sentence,all_body_tokens,0.1,,3,110,,,,0.6666666666666666,1.0,,,,,,1095,0.8,0.0,0.0,2,2,0.81,81,29,2,0,1.0
hotpotqa_long,34,FT_K3,full,signed_sum,native_sentence,all_body_tokens,0.1,,2,104,,,,1.0,0.6666666666666666,,,,,,1036,0.8,0.0,1.0,2,3,1.0,91,13,3,0,1.0
hotpotqa_long,35,FT_K3,full,signed_sum,native_sentence,all_body_tokens,0.1,,3,121,,,,0.6666666666666666,0.5,,,,,,1208,0.5714285714285715,0.0,0.0,2,4,0.625,119,2,4,0,1.0
hotpotqa_long,36,FT_K3,full,signed_sum,native_sentence,all_body_tokens,0.1,,2,155,,,,0.5,0.2,,,,,,1544,0.28571428571428575,0.0,0.0,1,5,0.4897959183673469,136,19,5,0,1.0
hotpotqa_long,37,FT_K3,full,signed_sum,native_sentence,all_body_tokens,0.1,,2,119,,,,1.0,0.6666666666666666,,,,,,1183,0.8,0.0,1.0,2,3,1.0,103,16,3,0,1.0
hotpotqa_long,38,FT_K3,full,signed_sum,native_sentence,all_body_tokens,0.1,,2,131,,,,0.5,1.0,,,,,,1303,0.6666666666666666,0.0,0.0,1,1,0.6744186046511628,58,73,1,0,1.0
hotpotqa_long,39,FT_K3,full,signed_sum,native_sentence,all_body_tokens,0.1,,2,72,,,,0.5,1.0,,,,,,719,0.6666666666666666,0.0,0.0,1,1,0.5175438596491229,59,13,1,0,0.5
hotpotqa_long,40,FT_K3,full,signed_sum,native_sentence,all_body_tokens,0.1,,4,141,,,,0.5,0.6666666666666666,,,,,,1406,0.5714285714285715,0.0,0.0,2,3,0.4315068493150685,127,14,3,0,0.75
hotpotqa_long,41,FT_K3,full,signed_sum,native_sentence,all_body_tokens,0.1,,4,89,,,,0.75,0.75,,,,,,884,0.75,0.0,0.0,3,4,0.5842696629213483,77,12,4,0,1.0
hotpotqa_long,42,FT_K3,full,signed_sum,native_sentence,all_body_tokens,0.1,,2,132,,,,0.5,0.5,,,,,,1312,0.5,0.0,0.0,1,2,0.5402298850574713,120,12,2,0,1.0
hotpotqa_long,43,FT_K3,full,signed_sum,native_sentence,all_body_tokens,0.1,,3,126,,,,1.0,1.0,,,,,,1259,1.0,1.0,1.0,3,3,1.0,97,29,3,0,1.0
hotpotqa_long,44,FT_K3,full,signed_sum,native_sentence,all_body_tokens,0.1,,3,84,,,,0.6666666666666666,1.0,,,,,,831,0.8,0.0,0.0,2,2,0.8484848484848485,84,0,2,0,0.6666666666666666
hotpotqa_long,45,FT_K3,full,signed_sum,native_sentence,all_body_tokens,0.1,,2,184,,,,0.5,1.0,,,,,,1835,0.6666666666666666,0.0,0.0,1,1,0.6853932584269663,61,123,1,0,1.0
hotpotqa_long,46,FT_K3,full,signed_sum,native_sentence,all_body_tokens,0.1,,2,133,,,,0.5,0.5,,,,,,1324,0.5,0.0,0.0,1,2,0.5538461538461539,61,72,2,0,1.0
hotpotqa_long,47,FT_K3,full,signed_sum,native_sentence,all_body_tokens,0.1,,3,89,,,,0.6666666666666666,1.0,,,,,,881,0.8,0.0,0.0,2,2,0.6976744186046512,60,29,2,0,1.0
hotpotqa_long,0,Perturbation,full,signed_sum,native_sentence,all_body_tokens,0.1,,2,289,,,,0.5,0.2,,,,,,2883,0.28571428571428575,0.0,0.0,1,5,0.7733333333333333,280,9,5,0,1.0
hotpotqa_long,1,Perturbation,full,signed_sum,native_sentence,all_body_tokens,0.1,,3,117,,,,0.3333333333333333,0.3333333333333333,,,,,,1163,0.3333333333333333,0.0,0.0,1,3,0.47191011235955055,78,39,3,0,1.0
hotpotqa_long,2,Perturbation,full,signed_sum,native_sentence,all_body_tokens,0.1,,3,119,,,,0.3333333333333333,0.5,,,,,,1183,0.4,0.0,0.0,1,2,0.5083333333333333,94,25,2,0,0.6666666666666666
hotpotqa_long,3,Perturbation,full,signed_sum,native_sentence,all_body_tokens,0.1,,2,95,,,,0.5,0.3333333333333333,,,,,,945,0.4,0.0,0.0,1,3,0.5076923076923077,95,0,3,0,1.0
hotpotqa_long,4,Perturbation,full,signed_sum,native_sentence,all_body_tokens,0.1,,3,119,,,,0.6666666666666666,0.6666666666666666,,,,,,1184,0.6666666666666666,0.0,0.0,2,3,0.6826923076923077,95,24,3,0,1.0
hotpotqa_long,5,Perturbation,full,signed_sum,native_sentence,all_body_tokens,0.1,,3,175,,,,0.0,0.0,,,,,,1747,0.0,0.0,0.0,0,4,0.0,159,16,4,0,1.0
hotpotqa_long,6,Perturbation,full,signed_sum,native_sentence,all_body_tokens,0.1,,2,125,,,,0.0,0.0,,,,,,1247,0.0,0.0,0.0,0,2,0.0,75,50,2,0,1.0
hotpotqa_long,7,Perturbation,full,signed_sum,native_sentence,all_body_tokens,0.1,,2,104,,,,0.5,1.0,,,,,,1032,0.6666666666666666,0.0,0.0,1,1,0.6494845360824743,63,41,1,0,1.0
hotpotqa_long,8,Perturbation,full,signed_sum,native_sentence,all_body_tokens,0.1,,4,71,,,,0.25,0.5,,,,,,706,0.3333333333333333,0.0,0.0,1,2,0.5285714285714286,49,22,2,0,1.0
hotpotqa_long,9,Perturbation,full,signed_sum,native_sentence,all_body_tokens,0.1,,4,98,,,,0.75,0.75,,,,,,975,0.75,0.0,0.0,3,4,0.9090909090909091,90,8,4,0,1.0
hotpotqa_long,10,Perturbation,full,signed_sum,native_sentence,all_body_tokens,0.1,,4,129,,,,0.5,0.6666666666666666,,,,,,1289,0.5714285714285715,0.0,0.0,2,3,0.5796178343949044,115,14,3,0,0.75
hotpotqa_long,11,Perturbation,full,signed_sum,native_sentence,all_body_tokens,0.1,,2,87,,,,0.5,1.0,,,,,,862,0.6666666666666666,0.0,0.0,1,1,0.7570093457943925,81,6,1,0,0.5
hotpotqa_long,12,Perturbation,full,signed_sum,native_sentence,all_body_tokens,0.1,,2,191,,,,0.5,0.25,,,,,,1903,0.3333333333333333,0.0,0.0,1,4,0.5970149253731343,189,2,4,0,1.0
hotpotqa_long,13,Perturbation,full,signed_sum,native_sentence,all_body_tokens,0.1,,2,174,,,,0.0,0.0,,,,,,1733,0.0,0.0,0.0,0,2,0.0,99,75,2,0,1.0
hotpotqa_long,14,Perturbation,full,signed_sum,native_sentence,all_body_tokens,0.1,,2,134,,,,0.5,0.3333333333333333,,,,,,1331,0.4,0.0,0.0,1,3,0.48148148148148145,100,34,3,0,1.0
hotpotqa_long,15,Perturbation,full,signed_sum,native_sentence,all_body_tokens,0.1,,4,125,,,,0.5,0.4,,,,,,1244,0.4444444444444445,0.0,0.0,2,5,0.45689655172413796,118,7,5,0,1.0
hotpotqa_long,16,Perturbation,full,signed_sum,native_sentence,all_body_tokens,0.1,,2,98,,,,0.5,0.3333333333333333,,,,,,972,0.4,0.0,0.0,1,3,0.5263157894736842,84,14,3,0,1.0
hotpotqa_long,17,Perturbation,full,signed_sum,native_sentence,all_body_tokens,0.1,,2,94,,,,0.0,0.0,,,,,,931,0.0,0.0,0.0,0,2,0.0,92,2,2,0,1.0
hotpotqa_long,18,Perturbation,full,signed_sum,native_sentence,all_body_tokens,0.1,,2,135,,,,0.5,0.3333333333333333,,,,,,1341,0.4,0.0,0.0,1,3,0.38235294117647056,113,22,3,0,1.0
hotpotqa_long,19,Perturbation,full,signed_sum,native_sentence,all_body_tokens,0.1,,2,94,,,,0.5,0.5,,,,,,939,0.5,0.0,0.0,1,2,0.5421686746987951,91,3,2,0,1.0
hotpotqa_long,20,Perturbation,full,signed_sum,native_sentence,all_body_tokens,0.1,,2,115,,,,0.5,0.25,,,,,,1141,0.3333333333333333,0.0,0.0,1,4,0.17647058823529413,109,6,4,0,1.0
hotpotqa_long,21,Perturbation,full,signed_sum,native_sentence,all_body_tokens,0.1,,2,146,,,,0.0,0.0,,,,,,1458,0.0,0.0,0.0,0,3,0.0,104,42,3,0,1.0
hotpotqa_long,22,Perturbation,full,signed_sum,native_sentence,all_body_tokens,0.1,,2,320,,,,1.0,0.25,,,,,,3199,0.4,0.0,1.0,2,8,1.0,314,6,8,0,1.0
hotpotqa_long,23,Perturbation,full,signed_sum,native_sentence,all_body_tokens,0.1,,3,134,,,,0.0,0.0,,,,,,1338,0.0,0.0,0.0,0,1,0.0,95,39,1,0,1.0
hotpotqa_long,24,Perturbation,full,signed_sum,native_sentence,all_body_tokens,0.1,,3,119,,,,1.0,0.75,,,,,,1183,0.8571428571428571,0.0,1.0,3,4,1.0,107,12,4,0,1.0
hotpotqa_long,25,Perturbation,full,signed_sum,native_sentence,all_body_tokens,0.1,,4,178,,,,0.5,0.5,,,,,,1773,0.5,0.0,0.0,2,4,0.5925925925925926,167,11,4,0,1.0
hotpotqa_long,26,Perturbation,full,signed_sum,native_sentence,all_body_tokens,0.1,,2,106,,,,0.5,0.5,,,,,,1057,0.5,0.0,0.0,1,2,0.4230769230769231,80,26,2,0,0.5
hotpotqa_long,27,Perturbation,full,signed_sum,native_sentence,all_body_tokens,0.1,,2,172,,,,1.0,0.5,,,,,,1719,0.6666666666666666,0.0,1.0,2,4,1.0,140,32,4,0,1.0
hotpotqa_long,28,Perturbation,full,signed_sum,native_sentence,all_body_tokens,0.1,,3,96,,,,0.0,0.0,,,,,,956,0.0,0.0,0.0,0,3,0.0,90,6,3,0,0.6666666666666666
hotpotqa_long,29,Perturbation,full,signed_sum,native_sentence,all_body_tokens,0.1,,3,90,,,,0.0,0.0,,,,,,896,0.0,0.0,0.0,0,1,0.0,86,4,1,0,0.6666666666666666
hotpotqa_long,30,Perturbation,full,signed_sum,native_sentence,all_body_tokens,0.1,,2,128,,,,0.5,0.3333333333333333,,,,,,1278,0.4,0.0,0.0,1,3,0.3018867924528302,63,65,3,0,1.0
hotpotqa_long,31,Perturbation,full,signed_sum,native_sentence,all_body_tokens,0.1,,2,180,,,,0.0,0.0,,,,,,1796,0.0,0.0,0.0,0,5,0.0,170,10,5,0,1.0
hotpotqa_long,32,Perturbation,full,signed_sum,native_sentence,all_body_tokens,0.1,,3,120,,,,0.3333333333333333,0.5,,,,,,1191,0.4,0.0,0.0,1,2,0.3247863247863248,72,48,2,0,1.0
hotpotqa_long,33,Perturbation,full,signed_sum,native_sentence,all_body_tokens,0.1,,3,110,,,,0.3333333333333333,0.25,,,,,,1095,0.28571428571428575,0.0,0.0,1,4,0.2,98,12,4,0,1.0
hotpotqa_long,34,Perturbation,full,signed_sum,native_sentence,all_body_tokens,0.1,,2,104,,,,0.5,0.3333333333333333,,,,,,1036,0.4,0.0,0.0,1,3,0.6346153846153846,87,17,3,0,1.0
hotpotqa_long,35,Perturbation,full,signed_sum,native_sentence,all_body_tokens,0.1,,3,121,,,,0.6666666666666666,0.4,,,,,,1208,0.5,0.0,0.0,2,5,0.6125,121,0,5,0,1.0
hotpotqa_long,36,Perturbation,full,signed_sum,native_sentence,all_body_tokens,0.1,,2,155,,,,0.5,0.25,,,,,,1544,0.3333333333333333,0.0,0.0,1,4,0.5102040816326531,140,15,4,0,1.0
hotpotqa_long,37,Perturbation,full,signed_sum,native_sentence,all_body_tokens,0.1,,2,119,,,,0.0,0.0,,,,,,1183,0.0,0.0,0.0,0,1,0.0,92,27,1,0,1.0
hotpotqa_long,38,Perturbation,full,signed_sum,native_sentence,all_body_tokens,0.1,,2,131,,,,1.0,0.5,,,,,,1303,0.6666666666666666,0.0,1.0,2,4,1.0,122,9,4,0,1.0
hotpotqa_long,39,Perturbation,full,signed_sum,native_sentence,all_body_tokens,0.1,,2,72,,,,0.5,1.0,,,,,,719,0.6666666666666666,0.0,0.0,1,1,0.5175438596491229,59,13,1,0,0.5
hotpotqa_long,40,Perturbation,full,signed_sum,native_sentence,all_body_tokens,0.1,,4,141,,,,0.25,0.5,,,,,,1406,0.3333333333333333,0.0,0.0,1,2,0.410958904109589,124,17,2,0,0.75
hotpotqa_long,41,Perturbation,full,signed_sum,native_sentence,all_body_tokens,0.1,,4,89,,,,0.25,0.5,,,,,,884,0.3333333333333333,0.0,0.0,1,2,0.2696629213483146,51,38,2,0,1.0
hotpotqa_long,42,Perturbation,full,signed_sum,native_sentence,all_body_tokens,0.1,,2,132,,,,0.0,0.0,,,,,,1312,0.0,0.0,0.0,0,2,0.0,108,24,2,0,1.0
hotpotqa_long,43,Perturbation,full,signed_sum,native_sentence,all_body_tokens,0.1,,3,126,,,,0.0,0.0,,,,,,1259,0.0,0.0,0.0,0,2,0.0,68,58,2,0,1.0
hotpotqa_long,44,Perturbation,full,signed_sum,native_sentence,all_body_tokens,0.1,,3,84,,,,0.0,0.0,,,,,,831,0.0,0.0,0.0,0,2,0.0,40,44,2,0,0.6666666666666666
hotpotqa_long,45,Perturbation,full,signed_sum,native_sentence,all_body_tokens,0.1,,2,184,,,,0.5,0.3333333333333333,,,,,,1835,0.4,0.0,0.0,1,3,0.6853932584269663,175,9,3,0,1.0
hotpotqa_long,46,Perturbation,full,signed_sum,native_sentence,all_body_tokens,0.1,,2,133,,,,0.0,0.0,,,,,,1324,0.0,0.0,0.0,0,3,0.0,104,29,3,0,1.0
hotpotqa_long,47,Perturbation,full,signed_sum,native_sentence,all_body_tokens,0.1,,3,89,,,,0.3333333333333333,0.5,,,,,,881,0.4,0.0,0.0,1,2,0.46511627906976744,75,14,2,0,1.0
hotpotqa_long,0,REAGENT,full,signed_sum,native_sentence,all_body_tokens,0.1,,2,289,,,,0.5,0.2,,,,,,2883,0.28571428571428575,0.0,0.0,1,5,0.7733333333333333,280,9,5,0,1.0
hotpotqa_long,1,REAGENT,full,signed_sum,native_sentence,all_body_tokens,0.1,,3,117,,,,0.3333333333333333,0.25,,,,,,1163,0.28571428571428575,0.0,0.0,1,4,0.47191011235955055,107,10,4,0,1.0
hotpotqa_long,2,REAGENT,full,signed_sum,native_sentence,all_body_tokens,0.1,,3,119,,,,0.3333333333333333,0.5,,,,,,1183,0.4,0.0,0.0,1,2,0.5083333333333333,94,25,2,0,0.6666666666666666
hotpotqa_long,3,REAGENT,full,signed_sum,native_sentence,all_body_tokens,0.1,,2,95,,,,0.0,0.0,,,,,,945,0.0,0.0,0.0,0,2,0.0,68,27,2,0,1.0
hotpotqa_long,4,REAGENT,full,signed_sum,native_sentence,all_body_tokens,0.1,,3,119,,,,0.6666666666666666,0.6666666666666666,,,,,,1184,0.6666666666666666,0.0,0.0,2,3,0.6826923076923077,95,24,3,0,1.0
hotpotqa_long,5,REAGENT,full,signed_sum,native_sentence,all_body_tokens,0.1,,3,175,,,,0.0,0.0,,,,,,1747,0.0,0.0,0.0,0,4,0.0,120,55,4,0,1.0
hotpotqa_long,6,REAGENT,full,signed_sum,native_sentence,all_body_tokens,0.1,,2,125,,,,0.5,0.3333333333333333,,,,,,1247,0.4,0.0,0.0,1,3,0.7123287671232876,101,24,3,0,1.0
hotpotqa_long,7,REAGENT,full,signed_sum,native_sentence,all_body_tokens,0.1,,2,104,,,,0.5,1.0,,,,,,1032,0.6666666666666666,0.0,0.0,1,1,0.6494845360824743,63,41,1,0,1.0
hotpotqa_long,8,REAGENT,full,signed_sum,native_sentence,all_body_tokens,0.1,,4,71,,,,0.25,0.5,,,,,,706,0.3333333333333333,0.0,0.0,1,2,0.5285714285714286,49,22,2,0,1.0
hotpotqa_long,9,REAGENT,full,signed_sum,native_sentence,all_body_tokens,0.1,,4,98,,,,0.5,0.5,,,,,,975,0.5,0.0,0.0,2,4,0.7121212121212122,98,0,4,0,1.0
hotpotqa_long,10,REAGENT,full,signed_sum,native_sentence,all_body_tokens,0.1,,4,129,,,,0.5,0.6666666666666666,,,,,,1289,0.5714285714285715,0.0,0.0,2,3,0.5796178343949044,115,14,3,0,0.75
hotpotqa_long,11,REAGENT,full,signed_sum,native_sentence,all_body_tokens,0.1,,2,87,,,,0.5,1.0,,,,,,862,0.6666666666666666,0.0,0.0,1,1,0.7570093457943925,81,6,1,0,0.5
hotpotqa_long,12,REAGENT,full,signed_sum,native_sentence,all_body_tokens,0.1,,2,191,,,,0.5,0.25,,,,,,1903,0.3333333333333333,0.0,0.0,1,4,0.5970149253731343,180,11,4,0,1.0
hotpotqa_long,13,REAGENT,full,signed_sum,native_sentence,all_body_tokens,0.1,,2,174,,,,0.0,0.0,,,,,,1733,0.0,0.0,0.0,0,2,0.0,99,75,2,0,1.0
hotpotqa_long,14,REAGENT,full,signed_sum,native_sentence,all_body_tokens,0.1,,2,134,,,,0.5,0.3333333333333333,,,,,,1331,0.4,0.0,0.0,1,3,0.48148148148148145,100,34,3,0,1.0
hotpotqa_long,15,REAGENT,full,signed_sum,native_sentence,all_body_tokens,0.1,,4,125,,,,0.5,0.4,,,,,,1244,0.4444444444444445,0.0,0.0,2,5,0.45689655172413796,118,7,5,0,1.0
hotpotqa_long,16,REAGENT,full,signed_sum,native_sentence,all_body_tokens,0.1,,2,98,,,,0.0,0.0,,,,,,972,0.0,0.0,0.0,0,2,0.0,67,31,2,0,1.0
hotpotqa_long,17,REAGENT,full,signed_sum,native_sentence,all_body_tokens,0.1,,2,94,,,,0.0,0.0,,,,,,931,0.0,0.0,0.0,0,2,0.0,66,28,2,0,1.0
hotpotqa_long,18,REAGENT,full,signed_sum,native_sentence,all_body_tokens,0.1,,2,135,,,,0.5,0.3333333333333333,,,,,,1341,0.4,0.0,0.0,1,3,0.38235294117647056,113,22,3,0,1.0
hotpotqa_long,19,REAGENT,full,signed_sum,native_sentence,all_body_tokens,0.1,,2,94,,,,1.0,1.0,,,,,,939,1.0,1.0,1.0,2,2,1.0,83,11,2,0,1.0
hotpotqa_long,20,REAGENT,full,signed_sum,native_sentence,all_body_tokens,0.1,,2,115,,,,0.5,0.25,,,,,,1141,0.3333333333333333,0.0,0.0,1,4,0.17647058823529413,98,17,4,0,1.0
hotpotqa_long,21,REAGENT,full,signed_sum,native_sentence,all_body_tokens,0.1,,2,146,,,,0.0,0.0,,,,,,1458,0.0,0.0,0.0,0,7,0.0,138,8,7,0,1.0
hotpotqa_long,22,REAGENT,full,signed_sum,native_sentence,all_body_tokens,0.1,,2,320,,,,1.0,0.25,,,,,,3199,0.4,0.0,1.0,2,8,1.0,314,6,8,0,1.0
hotpotqa_long,23,REAGENT,full,signed_sum,native_sentence,all_body_tokens,0.1,,3,134,,,,0.0,0.0,,,,,,1338,0.0,0.0,0.0,0,1,0.0,95,39,1,0,1.0
hotpotqa_long,24,REAGENT,full,signed_sum,native_sentence,all_body_tokens,0.1,,3,119,,,,1.0,0.75,,,,,,1183,0.8571428571428571,0.0,1.0,3,4,1.0,107,12,4,0,1.0
hotpotqa_long,25,REAGENT,full,signed_sum,native_sentence,all_body_tokens,0.1,,4,178,,,,0.5,0.5,,,,,,1773,0.5,0.0,0.0,2,4,0.5925925925925926,167,11,4,0,1.0
hotpotqa_long,26,REAGENT,full,signed_sum,native_sentence,all_body_tokens,0.1,,2,106,,,,0.5,0.5,,,,,,1057,0.5,0.0,0.0,1,2,0.4230769230769231,80,26,2,0,0.5
hotpotqa_long,27,REAGENT,full,signed_sum,native_sentence,all_body_tokens,0.1,,2,172,,,,1.0,0.5,,,,,,1719,0.6666666666666666,0.0,1.0,2,4,1.0,140,32,4,0,1.0
hotpotqa_long,28,REAGENT,full,signed_sum,native_sentence,all_body_tokens,0.1,,3,96,,,,0.0,0.0,,,,,,956,0.0,0.0,0.0,0,3,0.0,90,6,3,0,0.6666666666666666
hotpotqa_long,29,REAGENT,full,signed_sum,native_sentence,all_body_tokens,0.1,,3,90,,,,0.0,0.0,,,,,,896,0.0,0.0,0.0,0,1,0.0,86,4,1,0,0.6666666666666666
hotpotqa_long,30,REAGENT,full,signed_sum,native_sentence,all_body_tokens,0.1,,2,128,,,,0.5,0.3333333333333333,,,,,,1278,0.4,0.0,0.0,1,3,0.3018867924528302,63,65,3,0,1.0
hotpotqa_long,31,REAGENT,full,signed_sum,native_sentence,all_body_tokens,0.1,,2,180,,,,0.0,0.0,,,,,,1796,0.0,0.0,0.0,0,5,0.0,153,27,5,0,1.0
hotpotqa_long,32,REAGENT,full,signed_sum,native_sentence,all_body_tokens,0.1,,3,120,,,,0.3333333333333333,0.5,,,,,,1191,0.4,0.0,0.0,1,2,0.3247863247863248,72,48,2,0,1.0
hotpotqa_long,33,REAGENT,full,signed_sum,native_sentence,all_body_tokens,0.1,,3,110,,,,0.3333333333333333,0.5,,,,,,1095,0.4,0.0,0.0,1,2,0.2,55,55,2,0,1.0
hotpotqa_long,34,REAGENT,full,signed_sum,native_sentence,all_body_tokens,0.1,,2,104,,,,0.5,0.5,,,,,,1036,0.5,0.0,0.0,1,2,0.6346153846153846,72,32,2,0,1.0
hotpotqa_long,35,REAGENT,full,signed_sum,native_sentence,all_body_tokens,0.1,,3,121,,,,0.3333333333333333,0.2,,,,,,1208,0.25,0.0,0.0,1,5,0.2375,106,15,5,0,1.0
hotpotqa_long,36,REAGENT,full,signed_sum,native_sentence,all_body_tokens,0.1,,2,155,,,,0.0,0.0,,,,,,1544,0.0,0.0,0.0,0,4,0.0,150,5,4,0,1.0
hotpotqa_long,37,REAGENT,full,signed_sum,native_sentence,all_body_tokens,0.1,,2,119,,,,0.0,0.0,,,,,,1183,0.0,0.0,0.0,0,1,0.0,92,27,1,0,1.0
hotpotqa_long,38,REAGENT,full,signed_sum,native_sentence,all_body_tokens,0.1,,2,131,,,,1.0,0.5,,,,,,1303,0.6666666666666666,0.0,1.0,2,4,1.0,122,9,4,0,1.0
hotpotqa_long,39,REAGENT,full,signed_sum,native_sentence,all_body_tokens,0.1,,2,72,,,,0.5,1.0,,,,,,719,0.6666666666666666,0.0,0.0,1,1,0.5175438596491229,59,13,1,0,0.5
hotpotqa_long,40,REAGENT,full,signed_sum,native_sentence,all_body_tokens,0.1,,4,141,,,,0.25,0.5,,,,,,1406,0.3333333333333333,0.0,0.0,1,2,0.410958904109589,124,17,2,0,0.75
hotpotqa_long,41,REAGENT,full,signed_sum,native_sentence,all_body_tokens,0.1,,4,89,,,,0.0,0.0,,,,,,884,0.0,0.0,0.0,0,3,0.0,67,22,3,0,1.0
hotpotqa_long,42,REAGENT,full,signed_sum,native_sentence,all_body_tokens,0.1,,2,132,,,,0.0,0.0,,,,,,1312,0.0,0.0,0.0,0,3,0.0,81,51,3,0,1.0
hotpotqa_long,43,REAGENT,full,signed_sum,native_sentence,all_body_tokens,0.1,,3,126,,,,0.0,0.0,,,,,,1259,0.0,0.0,0.0,0,2,0.0,68,58,2,0,1.0
hotpotqa_long,44,REAGENT,full,signed_sum,native_sentence,all_body_tokens,0.1,,3,84,,,,0.0,0.0,,,,,,831,0.0,0.0,0.0,0,4,0.0,81,3,4,0,0.6666666666666666
hotpotqa_long,45,REAGENT,full,signed_sum,native_sentence,all_body_tokens,0.1,,2,184,,,,0.5,0.3333333333333333,,,,,,1835,0.4,0.0,0.0,1,3,0.6853932584269663,163,21,3,0,1.0
hotpotqa_long,46,REAGENT,full,signed_sum,native_sentence,all_body_tokens,0.1,,2,133,,,,0.0,0.0,,,,,,1324,0.0,0.0,0.0,0,3,0.0,104,29,3,0,1.0
hotpotqa_long,47,REAGENT,full,signed_sum,native_sentence,all_body_tokens,0.1,,3,89,,,,0.3333333333333333,0.5,,,,,,881,0.4,0.0,0.0,1,2,0.46511627906976744,75,14,2,0,1.0
hotpotqa_long,0,CLP,full,signed_sum,native_sentence,all_body_tokens,0.1,,2,289,,,,0.5,0.2,,,,,,2883,0.28571428571428575,0.0,0.0,1,5,0.7733333333333333,280,9,5,0,1.0
hotpotqa_long,1,CLP,full,signed_sum,native_sentence,all_body_tokens,0.1,,3,117,,,,0.3333333333333333,0.3333333333333333,,,,,,1163,0.3333333333333333,0.0,0.0,1,3,0.47191011235955055,94,23,3,0,1.0
hotpotqa_long,2,CLP,full,signed_sum,native_sentence,all_body_tokens,0.1,,3,119,,,,0.3333333333333333,0.5,,,,,,1183,0.4,0.0,0.0,1,2,0.5083333333333333,94,25,2,0,0.6666666666666666
hotpotqa_long,3,CLP,full,signed_sum,native_sentence,all_body_tokens,0.1,,2,95,,,,0.5,0.3333333333333333,,,,,,945,0.4,0.0,0.0,1,3,0.49230769230769234,91,4,3,0,1.0
hotpotqa_long,4,CLP,full,signed_sum,native_sentence,all_body_tokens,0.1,,3,119,,,,0.3333333333333333,0.3333333333333333,,,,,,1184,0.3333333333333333,0.0,0.0,1,3,0.4230769230769231,97,22,3,0,1.0
hotpotqa_long,5,CLP,full,signed_sum,native_sentence,all_body_tokens,0.1,,3,175,,,,0.0,0.0,,,,,,1747,0.0,0.0,0.0,0,4,0.0,159,16,4,0,1.0
hotpotqa_long,6,CLP,full,signed_sum,native_sentence,all_body_tokens,0.1,,2,125,,,,0.0,0.0,,,,,,1247,0.0,0.0,0.0,0,3,0.0,98,27,3,0,1.0
hotpotqa_long,7,CLP,full,signed_sum,native_sentence,all_body_tokens,0.1,,2,104,,,,0.5,1.0,,,,,,1032,0.6666666666666666,0.0,0.0,1,1,0.6494845360824743,63,41,1,0,1.0
hotpotqa_long,8,CLP,full,signed_sum,native_sentence,all_body_tokens,0.1,,4,71,,,,0.5,0.6666666666666666,,,,,,706,0.5714285714285715,0.0,0.0,2,3,0.7428571428571429,64,7,3,0,1.0
hotpotqa_long,9,CLP,full,signed_sum,native_sentence,all_body_tokens,0.1,,4,98,,,,0.75,0.75,,,,,,975,0.75,0.0,0.0,3,4,0.9090909090909091,90,8,4,0,1.0
hotpotqa_long,10,CLP,full,signed_sum,native_sentence,all_body_tokens,0.1,,4,129,,,,0.5,0.6666666666666666,,,,,,1289,0.5714285714285715,0.0,0.0,2,3,0.5796178343949044,115,14,3,0,0.75
hotpotqa_long,11,CLP,full,signed_sum,native_sentence,all_body_tokens,0.1,,2,87,,,,0.5,1.0,,,,,,862,0.6666666666666666,0.0,0.0,1,1,0.7570093457943925,81,6,1,0,0.5
hotpotqa_long,12,CLP,full,signed_sum,native_sentence,all_body_tokens,0.1,,2,191,,,,0.5,0.2,,,,,,1903,0.28571428571428575,0.0,0.0,1,5,0.5970149253731343,184,7,5,0,1.0
hotpotqa_long,13,CLP,full,signed_sum,native_sentence,all_body_tokens,0.1,,2,174,,,,0.5,0.3333333333333333,,,,,,1733,0.4,0.0,0.0,1,3,0.32978723404255317,130,44,3,0,1.0
hotpotqa_long,14,CLP,full,signed_sum,native_sentence,all_body_tokens,0.1,,2,134,,,,0.5,0.3333333333333333,,,,,,1331,0.4,0.0,0.0,1,3,0.48148148148148145,104,30,3,0,1.0
hotpotqa_long,15,CLP,full,signed_sum,native_sentence,all_body_tokens,0.1,,4,125,,,,0.5,0.5,,,,,,1244,0.5,0.0,0.0,2,4,0.6551724137931034,120,5,4,0,1.0
hotpotqa_long,16,CLP,full,signed_sum,native_sentence,all_body_tokens,0.1,,2,98,,,,0.5,0.25,,,,,,972,0.3333333333333333,0.0,0.0,1,4,0.47368421052631576,85,13,4,0,1.0
hotpotqa_long,17,CLP,full,signed_sum,native_sentence,all_body_tokens,0.1,,2,94,,,,0.5,0.5,,,,,,931,0.5,0.0,0.0,1,2,0.4,66,28,2,0,1.0
hotpotqa_long,18,CLP,full,signed_sum,native_sentence,all_body_tokens,0.1,,2,135,,,,0.5,0.3333333333333333,,,,,,1341,0.4,0.0,0.0,1,3,0.38235294117647056,113,22,3,0,1.0
hotpotqa_long,19,CLP,full,signed_sum,native_sentence,all_body_tokens,0.1,,2,94,,,,0.5,0.5,,,,,,939,0.5,0.0,0.0,1,2,0.4578313253012048,84,10,2,0,1.0
hotpotqa_long,20,CLP,full,signed_sum,native_sentence,all_body_tokens,0.1,,2,115,,,,0.5,0.25,,,,,,1141,0.3333333333333333,0.0,0.0,1,4,0.17647058823529413,109,6,4,0,1.0
hotpotqa_long,21,CLP,full,signed_sum,native_sentence,all_body_tokens,0.1,,2,146,,,,0.5,0.14285714285714285,,,,,,1458,0.22222222222222224,0.0,0.0,1,7,0.3409090909090909,121,25,7,0,1.0
hotpotqa_long,22,CLP,full,signed_sum,native_sentence,all_body_tokens,0.1,,2,320,,,,0.5,0.14285714285714285,,,,,,3199,0.22222222222222224,0.0,0.0,1,7,0.5,285,35,7,0,1.0
hotpotqa_long,23,CLP,full,signed_sum,native_sentence,all_body_tokens,0.1,,3,134,,,,0.0,0.0,,,,,,1338,0.0,0.0,0.0,0,2,0.0,118,16,2,0,1.0
hotpotqa_long,24,CLP,full,signed_sum,native_sentence,all_body_tokens,0.1,,3,119,,,,1.0,0.75,,,,,,1183,0.8571428571428571,0.0,1.0,3,4,1.0,107,12,4,0,1.0
hotpotqa_long,25,CLP,full,signed_sum,native_sentence,all_body_tokens,0.1,,4,178,,,,0.5,0.5,,,,,,1773,0.5,0.0,0.0,2,4,0.5925925925925926,167,11,4,0,1.0
hotpotqa_long,26,CLP,full,signed_sum,native_sentence,all_body_tokens,0.1,,2,106,,,,0.5,0.5,,,,,,1057,0.5,0.0,0.0,1,2,0.4230769230769231,80,26,2,0,0.5
hotpotqa_long,27,CLP,full,signed_sum,native_sentence,all_body_tokens,0.1,,2,172,,,,1.0,0.4,,,,,,1719,0.5714285714285715,0.0,1.0,2,5,1.0,168,4,5,0,1.0
hotpotqa_long,28,CLP,full,signed_sum,native_sentence,all_body_tokens,0.1,,3,96,,,,0.3333333333333333,0.25,,,,,,956,0.28571428571428575,0.0,0.0,1,4,0.13291139240506328,89,7,4,0,0.6666666666666666
hotpotqa_long,29,CLP,full,signed_sum,native_sentence,all_body_tokens,0.1,,3,90,,,,0.6666666666666666,0.6666666666666666,,,,,,896,0.6666666666666666,0.0,0.0,2,3,0.776595744680851,88,2,3,0,0.6666666666666666
hotpotqa_long,30,CLP,full,signed_sum,native_sentence,all_body_tokens,0.1,,2,128,,,,0.5,0.2,,,,,,1278,0.28571428571428575,0.0,0.0,1,5,0.3018867924528302,113,15,5,0,1.0
hotpotqa_long,31,CLP,full,signed_sum,native_sentence,all_body_tokens,0.1,,2,180,,,,0.5,0.16666666666666666,,,,,,1796,0.25,0.0,0.0,1,6,0.25,152,28,6,0,1.0
hotpotqa_long,32,CLP,full,signed_sum,native_sentence,all_body_tokens,0.1,,3,120,,,,0.0,0.0,,,,,,1191,0.0,0.0,0.0,0,2,0.0,87,33,2,0,1.0
hotpotqa_long,33,CLP,full,signed_sum,native_sentence,all_body_tokens,0.1,,3,110,,,,0.3333333333333333,0.25,,,,,,1095,0.28571428571428575,0.0,0.0,1,4,0.2,98,12,4,0,1.0
hotpotqa_long,34,CLP,full,signed_sum,native_sentence,all_body_tokens,0.1,,2,104,,,,0.5,0.2,,,,,,1036,0.28571428571428575,0.0,0.0,1,5,0.6346153846153846,96,8,5,0,1.0
hotpotqa_long,35,CLP,full,signed_sum,native_sentence,all_body_tokens,0.1,,3,121,,,,0.3333333333333333,0.2,,,,,,1208,0.25,0.0,0.0,1,5,0.3875,118,3,5,0,1.0
hotpotqa_long,36,CLP,full,signed_sum,native_sentence,all_body_tokens,0.1,,2,155,,,,0.5,0.25,,,,,,1544,0.3333333333333333,0.0,0.0,1,4,0.5102040816326531,133,22,4,0,1.0
hotpotqa_long,37,CLP,full,signed_sum,native_sentence,all_body_tokens,0.1,,2,119,,,,0.0,0.0,,,,,,1183,0.0,0.0,0.0,0,2,0.0,64,55,2,0,1.0
hotpotqa_long,38,CLP,full,signed_sum,native_sentence,all_body_tokens,0.1,,2,131,,,,1.0,0.5,,,,,,1303,0.6666666666666666,0.0,1.0,2,4,1.0,122,9,4,0,1.0
hotpotqa_long,39,CLP,full,signed_sum,native_sentence,all_body_tokens,0.1,,2,72,,,,0.5,1.0,,,,,,719,0.6666666666666666,0.0,0.0,1,1,0.5175438596491229,59,13,1,0,0.5
hotpotqa_long,40,CLP,full,signed_sum,native_sentence,all_body_tokens,0.1,,4,141,,,,0.25,0.5,,,,,,1406,0.3333333333333333,0.0,0.0,1,2,0.410958904109589,124,17,2,0,0.75
hotpotqa_long,41,CLP,full,signed_sum,native_sentence,all_body_tokens,0.1,,4,89,,,,0.25,0.5,,,,,,884,0.3333333333333333,0.0,0.0,1,2,0.2696629213483146,51,38,2,0,1.0
hotpotqa_long,42,CLP,full,signed_sum,native_sentence,all_body_tokens,0.1,,2,132,,,,0.5,0.25,,,,,,1312,0.3333333333333333,0.0,0.0,1,4,0.5402298850574713,117,15,4,0,1.0
hotpotqa_long,43,CLP,full,signed_sum,native_sentence,all_body_tokens,0.1,,3,126,,,,0.0,0.0,,,,,,1259,0.0,0.0,0.0,0,2,0.0,68,58,2,0,1.0
hotpotqa_long,44,CLP,full,signed_sum,native_sentence,all_body_tokens,0.1,,3,84,,,,0.3333333333333333,0.3333333333333333,,,,,,831,0.3333333333333333,0.0,0.0,1,3,0.43434343434343436,83,1,3,0,0.6666666666666666
hotpotqa_long,45,CLP,full,signed_sum,native_sentence,all_body_tokens,0.1,,2,184,,,,0.5,0.3333333333333333,,,,,,1835,0.4,0.0,0.0,1,3,0.6853932584269663,142,42,3,0,1.0
hotpotqa_long,46,CLP,full,signed_sum,native_sentence,all_body_tokens,0.1,,2,133,,,,0.0,0.0,,,,,,1324,0.0,0.0,0.0,0,3,0.0,104,29,3,0,1.0
hotpotqa_long,47,CLP,full,signed_sum,native_sentence,all_body_tokens,0.1,,3,89,,,,0.3333333333333333,0.5,,,,,,881,0.4,0.0,0.0,1,2,0.46511627906976744,75,14,2,0,1.0
hotpotqa_long,0,IFR,full,signed_sum,native_sentence,all_body_tokens,0.1,,2,289,,,,1.0,0.3333333333333333,,,,,,2883,0.5,0.0,1.0,2,6,1.0,229,60,6,0,1.0
hotpotqa_long,1,IFR,full,signed_sum,native_sentence,all_body_tokens,0.1,,3,117,,,,1.0,1.0,,,,,,1163,1.0,1.0,1.0,3,3,1.0,89,28,3,0,1.0
hotpotqa_long,2,IFR,full,signed_sum,native_sentence,all_body_tokens,0.1,,3,119,,,,0.3333333333333333,0.5,,,,,,1183,0.4,0.0,0.0,1,2,0.5083333333333333,105,14,2,0,0.6666666666666666
hotpotqa_long,3,IFR,full,signed_sum,native_sentence,all_body_tokens,0.1,,2,95,,,,1.0,0.6666666666666666,,,,,,945,0.8,0.0,1.0,2,3,1.0,86,9,3,0,1.0
hotpotqa_long,4,IFR,full,signed_sum,native_sentence,all_body_tokens,0.1,,3,119,,,,1.0,1.0,,,,,,1184,1.0,1.0,1.0,3,3,1.0,104,15,3,0,1.0
hotpotqa_long,5,IFR,full,signed_sum,native_sentence,all_body_tokens,0.1,,3,175,,,,1.0,0.75,,,,,,1747,0.8571428571428571,0.0,1.0,3,4,1.0,159,16,4,0,1.0
hotpotqa_long,6,IFR,full,signed_sum,native_sentence,all_body_tokens,0.1,,2,125,,,,1.0,0.6666666666666666,,,,,,1247,0.8,0.0,1.0,2,3,1.0,106,19,3,0,1.0
hotpotqa_long,7,IFR,full,signed_sum,native_sentence,all_body_tokens,0.1,,2,104,,,,1.0,1.0,,,,,,1032,1.0,1.0,1.0,2,2,1.0,97,7,2,0,1.0
hotpotqa_long,8,IFR,full,signed_sum,native_sentence,all_body_tokens,0.1,,4,71,,,,0.5,0.6666666666666666,,,,,,706,0.5714285714285715,0.0,0.0,2,3,0.7428571428571429,64,7,3,0,1.0
hotpotqa_long,9,IFR,full,signed_sum,native_sentence,all_body_tokens,0.1,,4,98,,,,1.0,0.8,,,,,,975,0.888888888888889,0.0,1.0,4,5,1.0,87,11,5,0,1.0
hotpotqa_long,10,IFR,full,signed_sum,native_sentence,all_body_tokens,0.1,,4,129,,,,0.75,1.0,,,,,,1289,0.8571428571428571,0.0,0.0,3,3,0.8152866242038217,128,1,3,0,0.75
hotpotqa_long,11,IFR,full,signed_sum,native_sentence,all_body_tokens,0.1,,2,87,,,,0.5,1.0,,,,,,862,0.6666666666666666,0.0,0.0,1,1,0.7570093457943925,81,6,1,0,0.5
hotpotqa_long,12,IFR,full,signed_sum,native_sentence,all_body_tokens,0.1,,2,191,,,,1.0,0.5,,,,,,1903,0.6666666666666666,0.0,1.0,2,4,1.0,184,7,4,0,1.0
hotpotqa_long,13,IFR,full,signed_sum,native_sentence,all_body_tokens,0.1,,2,174,,,,1.0,0.6666666666666666,,,,,,1733,0.8,0.0,1.0,2,3,1.0,150,24,3,0,1.0
hotpotqa_long,14,IFR,full,signed_sum,native_sentence,all_body_tokens,0.1,,2,134,,,,1.0,0.6666666666666666,,,,,,1331,0.8,0.0,1.0,2,3,1.0,124,10,3,0,1.0
hotpotqa_long,15,IFR,full,signed_sum,native_sentence,all_body_tokens,0.1,,4,125,,,,0.5,0.6666666666666666,,,,,,1244,0.5714285714285715,0.0,0.0,2,3,0.45689655172413796,79,46,3,0,1.0
hotpotqa_long,16,IFR,full,signed_sum,native_sentence,all_body_tokens,0.1,,2,98,,,,0.0,0.0,,,,,,972,0.0,0.0,0.0,0,2,0.0,80,18,2,0,1.0
hotpotqa_long,17,IFR,full,signed_sum,native_sentence,all_body_tokens,0.1,,2,94,,,,1.0,1.0,,,,,,931,1.0,1.0,1.0,2,2,1.0,90,4,2,0,1.0
hotpotqa_long,18,IFR,full,signed_sum,native_sentence,all_body_tokens,0.1,,2,135,,,,1.0,0.6666666666666666,,,,,,1341,0.8,0.0,1.0,2,3,1.0,128,7,3,0,1.0
hotpotqa_long,19,IFR,full,signed_sum,native_sentence,all_body_tokens,0.1,,2,94,,,,1.0,1.0,,,,,,939,1.0,1.0,1.0,2,2,1.0,83,11,2,0,1.0
hotpotqa_long,20,IFR,full,signed_sum,native_sentence,all_body_tokens,0.1,,2,115,,,,0.5,0.3333333333333333,,,,,,1141,0.4,0.0,0.0,1,3,0.17647058823529413,79,36,3,0,1.0
hotpotqa_long,21,IFR,full,signed_sum,native_sentence,all_body_tokens,0.1,,2,146,,,,1.0,0.5,,,,,,1458,0.6666666666666666,0.0,1.0,2,4,1.0,137,9,4,0,1.0
hotpotqa_long,22,IFR,full,signed_sum,native_sentence,all_body_tokens,0.1,,2,320,,,,1.0,0.25,,,,,,3199,0.4,0.0,1.0,2,8,1.0,318,2,8,0,1.0
hotpotqa_long,23,IFR,full,signed_sum,native_sentence,all_body_tokens,0.1,,3,134,,,,0.3333333333333333,0.5,,,,,,1338,0.4,0.0,0.0,1,2,0.2755102040816326,122,12,2,0,1.0
hotpotqa_long,24,IFR,full,signed_sum,native_sentence,all_body_tokens,0.1,,3,119,,,,0.6666666666666666,0.5,,,,,,1183,0.5714285714285715,0.0,0.0,2,4,0.7088607594936709,96,23,4,0,1.0
hotpotqa_long,25,IFR,full,signed_sum,native_sentence,all_body_tokens,0.1,,4,178,,,,0.75,0.6,,,,,,1773,0.6666666666666665,0.0,0.0,3,5,0.7530864197530864,123,55,5,0,1.0
hotpotqa_long,26,IFR,full,signed_sum,native_sentence,all_body_tokens,0.1,,2,106,,,,0.5,1.0,,,,,,1057,0.6666666666666666,0.0,0.0,1,1,0.4230769230769231,66,40,1,0,0.5
hotpotqa_long,27,IFR,full,signed_sum,native_sentence,all_body_tokens,0.1,,2,172,,,,1.0,0.4,,,,,,1719,0.5714285714285715,0.0,1.0,2,5,1.0,162,10,5,0,1.0
hotpotqa_long,28,IFR,full,signed_sum,native_sentence,all_body_tokens,0.1,,3,96,,,,0.3333333333333333,1.0,,,,,,956,0.5,0.0,0.0,1,1,0.13291139240506328,21,75,1,0,0.6666666666666666
hotpotqa_long,29,IFR,full,signed_sum,native_sentence,all_body_tokens,0.1,,3,90,,,,0.6666666666666666,1.0,,,,,,896,0.8,0.0,0.0,2,2,0.723404255319149,68,22,2,0,0.6666666666666666
hotpotqa_long,30,IFR,full,signed_sum,native_sentence,all_body_tokens,0.1,,2,128,,,,1.0,0.6666666666666666,,,,,,1278,0.8,0.0,1.0,2,3,1.0,104,24,3,0,1.0
hotpotqa_long,31,IFR,full,signed_sum,native_sentence,all_body_tokens,0.1,,2,180,,,,1.0,0.5,,,,,,1796,0.6666666666666666,0.0,1.0,2,4,1.0,156,24,4,0,1.0
hotpotqa_long,32,IFR,full,signed_sum,native_sentence,all_body_tokens,0.1,,3,120,,,,0.3333333333333333,0.5,,,,,,1191,0.4,0.0,0.0,1,2,0.3247863247863248,102,18,2,0,1.0
hotpotqa_long,33,IFR,full,signed_sum,native_sentence,all_body_tokens,0.1,,3,110,,,,1.0,1.0,,,,,,1095,1.0,1.0,1.0,3,3,1.0,100,10,3,0,1.0
hotpotqa_long,34,IFR,full,signed_sum,native_sentence,all_body_tokens,0.1,,2,104,,,,1.0,0.6666666666666666,,,,,,1036,0.8,0.0,1.0,2,3,1.0,73,31,3,0,1.0
hotpotqa_long,35,IFR,full,signed_sum,native_sentence,all_body_tokens,0.1,,3,121,,,,0.6666666666666666,0.5,,,,,,1208,0.5714285714285715,0.0,0.0,2,4,0.625,119,2,4,0,1.0
hotpotqa_long,36,IFR,full,signed_sum,native_sentence,all_body_tokens,0.1,,2,155,,,,0.5,0.2,,,,,,1544,0.28571428571428575,0.0,0.0,1,5,0.4897959183673469,136,19,5,0,1.0
hotpotqa_long,37,IFR,full,signed_sum,native_sentence,all_body_tokens,0.1,,2,119,,,,0.5,0.3333333333333333,,,,,,1183,0.4,0.0,0.0,1,3,0.3870967741935484,88,31,3,0,1.0
hotpotqa_long,38,IFR,full,signed_sum,native_sentence,all_body_tokens,0.1,,2,131,,,,1.0,0.6666666666666666,,,,,,1303,0.8,0.0,1.0,2,3,1.0,119,12,3,0,1.0
hotpotqa_long,39,IFR,full,signed_sum,native_sentence,all_body_tokens,0.1,,2,72,,,,0.5,1.0,,,,,,719,0.6666666666666666,0.0,0.0,1,1,0.5175438596491229,59,13,1,0,0.5
hotpotqa_long,40,IFR,full,signed_sum,native_sentence,all_body_tokens,0.1,,4,141,,,,0.5,0.6666666666666666,,,,,,1406,0.5714285714285715,0.0,0.0,2,3,0.4315068493150685,127,14,3,0,0.75
hotpotqa_long,41,IFR,full,signed_sum,native_sentence,all_body_tokens,0.1,,4,89,,,,0.75,0.75,,,,,,884,0.75,0.0,0.0,3,4,0.5842696629213483,77,12,4,0,1.0
hotpotqa_long,42,IFR,full,signed_sum,native_sentence,all_body_tokens,0.1,,2,132,,,,0.5,0.5,,,,,,1312,0.5,0.0,0.0,1,2,0.5402298850574713,120,12,2,0,1.0
hotpotqa_long,43,IFR,full,signed_sum,native_sentence,all_body_tokens,0.1,,3,126,,,,1.0,1.0,,,,,,1259,1.0,1.0,1.0,3,3,1.0,97,29,3,0,1.0
hotpotqa_long,44,IFR,full,signed_sum,native_sentence,all_body_tokens,0.1,,3,84,,,,0.6666666666666666,1.0,,,,,,831,0.8,0.0,0.0,2,2,0.8484848484848485,84,0,2,0,0.6666666666666666
hotpotqa_long,45,IFR,full,signed_sum,native_sentence,all_body_tokens,0.1,,2,184,,,,1.0,0.6666666666666666,,,,,,1835,0.8,0.0,1.0,2,3,1.0,117,67,3,0,1.0
hotpotqa_long,46,IFR,full,signed_sum,native_sentence,all_body_tokens,0.1,,2,133,,,,0.5,0.3333333333333333,,,,,,1324,0.4,0.0,0.0,1,3,0.5538461538461539,80,53,3,0,1.0
hotpotqa_long,47,IFR,full,signed_sum,native_sentence,all_body_tokens,0.1,,3,89,,,,0.6666666666666666,1.0,,,,,,881,0.8,0.0,0.0,2,2,0.6976744186046512,60,29,2,0,1.0
hotpotqa_long,0,AttnLRP,full,signed_sum,native_sentence,all_body_tokens,0.1,,2,289,,,,1.0,0.3333333333333333,,,,,,2883,0.5,0.0,1.0,2,6,1.0,280,9,6,0,1.0
hotpotqa_long,1,AttnLRP,full,signed_sum,native_sentence,all_body_tokens,0.1,,3,117,,,,1.0,0.75,,,,,,1163,0.8571428571428571,0.0,1.0,3,4,1.0,117,0,4,0,1.0
hotpotqa_long,2,AttnLRP,full,signed_sum,native_sentence,all_body_tokens,0.1,,3,119,,,,0.6666666666666666,0.6666666666666666,,,,,,1183,0.6666666666666666,0.0,0.0,2,3,0.65,103,16,3,0,0.6666666666666666
hotpotqa_long,3,AttnLRP,full,signed_sum,native_sentence,all_body_tokens,0.1,,2,95,,,,0.5,0.3333333333333333,,,,,,945,0.4,0.0,0.0,1,3,0.49230769230769234,80,15,3,0,1.0
hotpotqa_long,4,AttnLRP,full,signed_sum,native_sentence,all_body_tokens,0.1,,3,119,,,,0.6666666666666666,0.6666666666666666,,,,,,1184,0.6666666666666666,0.0,0.0,2,3,0.6826923076923077,105,14,3,0,1.0
hotpotqa_long,5,AttnLRP,full,signed_sum,native_sentence,all_body_tokens,0.1,,3,175,,,,1.0,0.75,,,,,,1747,0.8571428571428571,0.0,1.0,3,4,1.0,159,16,4,0,1.0
hotpotqa_long,6,AttnLRP,full,signed_sum,native_sentence,all_body_tokens,0.1,,2,125,,,,1.0,0.5,,,,,,1247,0.6666666666666666,0.0,1.0,2,4,1.0,122,3,4,0,1.0
hotpotqa_long,7,AttnLRP,full,signed_sum,native_sentence,all_body_tokens,0.1,,2,104,,,,1.0,1.0,,,,,,1032,1.0,1.0,1.0,2,2,1.0,97,7,2,0,1.0
hotpotqa_long,8,AttnLRP,full,signed_sum,native_sentence,all_body_tokens,0.1,,4,71,,,,0.75,1.0,,,,,,706,0.8571428571428571,0.0,0.0,3,3,0.9285714285714286,65,6,3,0,1.0
hotpotqa_long,9,AttnLRP,full,signed_sum,native_sentence,all_body_tokens,0.1,,4,98,,,,0.75,1.0,,,,,,975,0.8571428571428571,0.0,0.0,3,3,0.9090909090909091,60,38,3,0,1.0
hotpotqa_long,10,AttnLRP,full,signed_sum,native_sentence,all_body_tokens,0.1,,4,129,,,,0.75,1.0,,,,,,1289,0.8571428571428571,0.0,0.0,3,3,0.8152866242038217,128,1,3,0,0.75
hotpotqa_long,11,AttnLRP,full,signed_sum,native_sentence,all_body_tokens,0.1,,2,87,,,,0.5,1.0,,,,,,862,0.6666666666666666,0.0,0.0,1,1,0.7570093457943925,81,6,1,0,0.5
hotpotqa_long,12,AttnLRP,full,signed_sum,native_sentence,all_body_tokens,0.1,,2,191,,,,1.0,0.4,,,,,,1903,0.5714285714285715,0.0,1.0,2,5,1.0,186,5,5,0,1.0
hotpotqa_long,13,AttnLRP,full,signed_sum,native_sentence,all_body_tokens,0.1,,2,174,,,,1.0,0.6666666666666666,,,,,,1733,0.8,0.0,1.0,2,3,1.0,173,1,3,0,1.0
hotpotqa_long,14,AttnLRP,full,signed_sum,native_sentence,all_body_tokens,0.1,,2,134,,,,1.0,0.6666666666666666,,,,,,1331,0.8,0.0,1.0,2,3,1.0,119,15,3,0,1.0
hotpotqa_long,15,AttnLRP,full,signed_sum,native_sentence,all_body_tokens,0.1,,4,125,,,,1.0,1.0,,,,,,1244,1.0,1.0,1.0,4,4,1.0,116,9,4,0,1.0
hotpotqa_long,16,AttnLRP,full,signed_sum,native_sentence,all_body_tokens,0.1,,2,98,,,,0.5,0.3333333333333333,,,,,,972,0.4,0.0,0.0,1,3,0.5263157894736842,97,1,3,0,1.0
hotpotqa_long,17,AttnLRP,full,signed_sum,native_sentence,all_body_tokens,0.1,,2,94,,,,0.0,0.0,,,,,,931,0.0,0.0,0.0,0,2,0.0,58,36,2,0,1.0
hotpotqa_long,18,AttnLRP,full,signed_sum,native_sentence,all_body_tokens,0.1,,2,135,,,,1.0,1.0,,,,,,1341,1.0,1.0,1.0,2,2,1.0,102,33,2,0,1.0
hotpotqa_long,19,AttnLRP,full,signed_sum,native_sentence,all_body_tokens,0.1,,2,94,,,,1.0,1.0,,,,,,939,1.0,1.0,1.0,2,2,1.0,83,11,2,0,1.0
hotpotqa_long,20,AttnLRP,full,signed_sum,native_sentence,all_body_tokens,0.1,,2,115,,,,0.5,0.3333333333333333,,,,,,1141,0.4,0.0,0.0,1,3,0.17647058823529413,79,36,3,0,1.0
hotpotqa_long,21,AttnLRP,full,signed_sum,native_sentence,all_body_tokens,0.1,,2,146,,,,1.0,0.5,,,,,,1458,0.6666666666666666,0.0,1.0,2,4,1.0,131,15,4,0,1.0
hotpotqa_long,22,AttnLRP,full,signed_sum,native_sentence,all_body_tokens,0.1,,2,320,,,,1.0,0.25,,,,,,3199,0.4,0.0,1.0,2,8,1.0,307,13,8,0,1.0
hotpotqa_long,23,AttnLRP,full,signed_sum,native_sentence,all_body_tokens,0.1,,3,134,,,,0.3333333333333333,0.5,,,,,,1338,0.4,0.0,0.0,1,2,0.2755102040816326,122,12,2,0,1.0
hotpotqa_long,24,AttnLRP,full,signed_sum,native_sentence,all_body_tokens,0.1,,3,119,,,,0.6666666666666666,0.6666666666666666,,,,,,1183,0.6666666666666666,0.0,0.0,2,3,0.7088607594936709,84,35,3,0,1.0
hotpotqa_long,25,AttnLRP,full,signed_sum,native_sentence,all_body_tokens,0.1,,4,178,,,,1.0,0.6666666666666666,,,,,,1773,0.8,0.0,1.0,4,6,1.0,178,0,6,0,1.0
hotpotqa_long,26,AttnLRP,full,signed_sum,native_sentence,all_body_tokens,0.1,,2,106,,,,0.5,1.0,,,,,,1057,0.6666666666666666,0.0,0.0,1,1,0.4230769230769231,66,40,1,0,0.5
hotpotqa_long,27,AttnLRP,full,signed_sum,native_sentence,all_body_tokens,0.1,,2,172,,,,1.0,0.4,,,,,,1719,0.5714285714285715,0.0,1.0,2,5,1.0,149,23,5,0,1.0
hotpotqa_long,28,AttnLRP,full,signed_sum,native_sentence,all_body_tokens,0.1,,3,96,,,,0.3333333333333333,1.0,,,,,,956,0.5,0.0,0.0,1,1,0.13291139240506328,21,75,1,0,0.6666666666666666
hotpotqa_long,29,AttnLRP,full,signed_sum,native_sentence,all_body_tokens,0.1,,3,90,,,,0.6666666666666666,1.0,,,,,,896,0.8,0.0,0.0,2,2,0.723404255319149,68,22,2,0,0.6666666666666666
hotpotqa_long,30,AttnLRP,full,signed_sum,native_sentence,all_body_tokens,0.1,,2,128,,,,1.0,0.5,,,,,,1278,0.6666666666666666,0.0,1.0,2,4,1.0,123,5,4,0,1.0
hotpotqa_long,31,AttnLRP,full,signed_sum,native_sentence,all_body_tokens,0.1,,2,180,,,,1.0,0.5,,,,,,1796,0.6666666666666666,0.0,1.0,2,4,1.0,130,50,4,0,1.0
hotpotqa_long,32,AttnLRP,full,signed_sum,native_sentence,all_body_tokens,0.1,,3,120,,,,0.6666666666666666,0.6666666666666666,,,,,,1191,0.6666666666666666,0.0,0.0,2,3,0.41025641025641024,112,8,3,0,1.0
hotpotqa_long,33,AttnLRP,full,signed_sum,native_sentence,all_body_tokens,0.1,,3,110,,,,1.0,1.0,,,,,,1095,1.0,1.0,1.0,3,3,1.0,100,10,3,0,1.0
hotpotqa_long,34,AttnLRP,full,signed_sum,native_sentence,all_body_tokens,0.1,,2,104,,,,0.5,0.5,,,,,,1036,0.5,0.0,0.0,1,2,0.6346153846153846,72,32,2,0,1.0
hotpotqa_long,35,AttnLRP,full,signed_sum,native_sentence,all_body_tokens,0.1,,3,121,,,,0.6666666666666666,0.5,,,,,,1208,0.5714285714285715,0.0,0.0,2,4,0.625,111,10,4,0,1.0
hotpotqa_long,36,AttnLRP,full,signed_sum,native_sentence,all_body_tokens,0.1,,2,155,,,,0.5,0.2,,,,,,1544,0.28571428571428575,0.0,0.0,1,5,0.4897959183673469,147,8,5,0,1.0
hotpotqa_long,37,AttnLRP,full,signed_sum,native_sentence,all_body_tokens,0.1,,2,119,,,,0.5,0.3333333333333333,,,,,,1183,0.4,0.0,0.0,1,3,0.3870967741935484,88,31,3,0,1.0
hotpotqa_long,38,AttnLRP,full,signed_sum,native_sentence,all_body_tokens,0.1,,2,131,,,,1.0,0.6666666666666666,,,,,,1303,0.8,0.0,1.0,2,3,1.0,114,17,3,0,1.0
hotpotqa_long,39,AttnLRP,full,signed_sum,native_sentence,all_body_tokens,0.1,,2,72,,,,0.5,1.0,,,,,,719,0.6666666666666666,0.0,0.0,1,1,0.5175438596491229,59,13,1,0,0.5
hotpotqa_long,40,AttnLRP,full,signed_sum,native_sentence,all_body_tokens,0.1,,4,141,,,,0.5,0.6666666666666666,,,,,,1406,0.5714285714285715,0.0,0.0,2,3,0.4315068493150685,127,14,3,0,0.75
hotpotqa_long,41,AttnLRP,full,signed_sum,native_sentence,all_body_tokens,0.1,,4,89,,,,0.5,0.6666666666666666,,,,,,884,0.5714285714285715,0.0,0.0,2,3,0.43820224719101125,73,16,3,0,1.0
hotpotqa_long,42,AttnLRP,full,signed_sum,native_sentence,all_body_tokens,0.1,,2,132,,,,0.5,0.5,,,,,,1312,0.5,0.0,0.0,1,2,0.5402298850574713,120,12,2,0,1.0
hotpotqa_long,43,AttnLRP,full,signed_sum,native_sentence,all_body_tokens,0.1,,3,126,,,,1.0,1.0,,,,,,1259,1.0,1.0,1.0,3,3,1.0,97,29,3,0,1.0
hotpotqa_long,44,AttnLRP,full,signed_sum,native_sentence,all_body_tokens,0.1,,3,84,,,,0.6666666666666666,1.0,,,,,,831,0.8,0.0,0.0,2,2,0.5656565656565656,56,28,2,0,0.6666666666666666
hotpotqa_long,45,AttnLRP,full,signed_sum,native_sentence,all_body_tokens,0.1,,2,184,,,,1.0,0.5,,,,,,1835,0.6666666666666666,0.0,1.0,2,4,1.0,166,18,4,0,1.0
hotpotqa_long,46,AttnLRP,full,signed_sum,native_sentence,all_body_tokens,0.1,,2,133,,,,1.0,0.6666666666666666,,,,,,1324,0.8,0.0,1.0,2,3,1.0,90,43,3,0,1.0
hotpotqa_long,47,AttnLRP,full,signed_sum,native_sentence,all_body_tokens,0.1,,3,89,,,,0.3333333333333333,0.5,,,,,,881,0.4,0.0,0.0,1,2,0.46511627906976744,84,5,2,0,1.0
hotpotqa_long,0,FT_K1,full,signed_sum,native_sentence,all_body_tokens,0.1,,2,289,,,,1.0,0.3333333333333333,,,,,,2883,0.5,0.0,1.0,2,6,1.0,280,9,6,0,1.0
hotpotqa_long,1,FT_K1,full,signed_sum,native_sentence,all_body_tokens,0.1,,3,117,,,,0.6666666666666666,1.0,,,,,,1163,0.8,0.0,0.0,2,2,0.8876404494382022,79,38,2,0,1.0
hotpotqa_long,2,FT_K1,full,signed_sum,native_sentence,all_body_tokens,0.1,,3,119,,,,0.3333333333333333,0.5,,,,,,1183,0.4,0.0,0.0,1,2,0.5083333333333333,105,14,2,0,0.6666666666666666
hotpotqa_long,3,FT_K1,full,signed_sum,native_sentence,all_body_tokens,0.1,,2,95,,,,0.5,0.3333333333333333,,,,,,945,0.4,0.0,0.0,1,3,0.49230769230769234,82,13,3,0,1.0
hotpotqa_long,4,FT_K1,full,signed_sum,native_sentence,all_body_tokens,0.1,,3,119,,,,0.6666666666666666,0.6666666666666666,,,,,,1184,0.6666666666666666,0.0,0.0,2,3,0.6826923076923077,105,14,3,0,1.0
hotpotqa_long,5,FT_K1,full,signed_sum,native_sentence,all_body_tokens,0.1,,3,175,,,,0.6666666666666666,0.4,,,,,,1747,0.5,0.0,0.0,2,5,0.43410852713178294,171,4,5,0,1.0
hotpotqa_long,6,FT_K1,full,signed_sum,native_sentence,all_body_tokens,0.1,,2,125,,,,1.0,0.6666666666666666,,,,,,1247,0.8,0.0,1.0,2,3,1.0,106,19,3,0,1.0
hotpotqa_long,7,FT_K1,full,signed_sum,native_sentence,all_body_tokens,0.1,,2,104,,,,1.0,1.0,,,,,,1032,1.0,1.0,1.0,2,2,1.0,97,7,2,0,1.0
hotpotqa_long,8,FT_K1,full,signed_sum,native_sentence,all_body_tokens,0.1,,4,71,,,,0.5,0.6666666666666666,,,,,,706,0.5714285714285715,0.0,0.0,2,3,0.7428571428571429,64,7,3,0,1.0
hotpotqa_long,9,FT_K1,full,signed_sum,native_sentence,all_body_tokens,0.1,,4,98,,,,1.0,0.8,,,,,,975,0.888888888888889,0.0,1.0,4,5,1.0,87,11,5,0,1.0
hotpotqa_long,10,FT_K1,full,signed_sum,native_sentence,all_body_tokens,0.1,,4,129,,,,0.75,1.0,,,,,,1289,0.8571428571428571,0.0,0.0,3,3,0.8152866242038217,128,1,3,0,0.75
hotpotqa_long,11,FT_K1,full,signed_sum,native_sentence,all_body_tokens,0.1,,2,87,,,,0.5,1.0,,,,,,862,0.6666666666666666,0.0,0.0,1,1,0.7570093457943925,81,6,1,0,0.5
hotpotqa_long,12,FT_K1,full,signed_sum,native_sentence,all_body_tokens,0.1,,2,191,,,,1.0,0.5,,,,,,1903,0.6666666666666666,0.0,1.0,2,4,1.0,184,7,4,0,1.0
hotpotqa_long,13,FT_K1,full,signed_sum,native_sentence,all_body_tokens,0.1,,2,174,,,,0.5,0.3333333333333333,,,,,,1733,0.4,0.0,0.0,1,3,0.32978723404255317,166,8,3,0,1.0
hotpotqa_long,14,FT_K1,full,signed_sum,native_sentence,all_body_tokens,0.1,,2,134,,,,1.0,0.6666666666666666,,,,,,1331,0.8,0.0,1.0,2,3,1.0,124,10,3,0,1.0
hotpotqa_long,15,FT_K1,full,signed_sum,native_sentence,all_body_tokens,0.1,,4,125,,,,0.75,1.0,,,,,,1244,0.8571428571428571,0.0,0.0,3,3,0.8620689655172413,100,25,3,0,1.0
hotpotqa_long,16,FT_K1,full,signed_sum,native_sentence,all_body_tokens,0.1,,2,98,,,,0.0,0.0,,,,,,972,0.0,0.0,0.0,0,2,0.0,80,18,2,0,1.0
hotpotqa_long,17,FT_K1,full,signed_sum,native_sentence,all_body_tokens,0.1,,2,94,,,,1.0,1.0,,,,,,931,1.0,1.0,1.0,2,2,1.0,90,4,2,0,1.0
hotpotqa_long,18,FT_K1,full,signed_sum,native_sentence,all_body_tokens,0.1,,2,135,,,,0.5,0.5,,,,,,1341,0.5,0.0,0.0,1,2,0.38235294117647056,84,51,2,0,1.0
hotpotqa_long,19,FT_K1,full,signed_sum,native_sentence,all_body_tokens,0.1,,2,94,,,,1.0,1.0,,,,,,939,1.0,1.0,1.0,2,2,1.0,83,11,2,0,1.0
hotpotqa_long,20,FT_K1,full,signed_sum,native_sentence,all_body_tokens,0.1,,2,115,,,,0.5,0.3333333333333333,,,,,,1141,0.4,0.0,0.0,1,3,0.17647058823529413,79,36,3,0,1.0
hotpotqa_long,21,FT_K1,full,signed_sum,native_sentence,all_body_tokens,0.1,,2,146,,,,1.0,1.0,,,,,,1458,1.0,1.0,1.0,2,2,1.0,44,102,2,0,1.0
hotpotqa_long,22,FT_K1,full,signed_sum,native_sentence,all_body_tokens,0.1,,2,320,,,,1.0,0.25,,,,,,3199,0.4,0.0,1.0,2,8,1.0,318,2,8,0,1.0
hotpotqa_long,23,FT_K1,full,signed_sum,native_sentence,all_body_tokens,0.1,,3,134,,,,0.0,0.0,,,,,,1338,0.0,0.0,0.0,0,1,0.0,95,39,1,0,1.0
hotpotqa_long,24,FT_K1,full,signed_sum,native_sentence,all_body_tokens,0.1,,3,119,,,,0.6666666666666666,0.6666666666666666,,,,,,1183,0.6666666666666666,0.0,0.0,2,3,0.7088607594936709,84,35,3,0,1.0
hotpotqa_long,25,FT_K1,full,signed_sum,native_sentence,all_body_tokens,0.1,,4,178,,,,0.5,0.5,,,,,,1773,0.5,0.0,0.0,2,4,0.5925925925925926,157,21,4,0,1.0
hotpotqa_long,26,FT_K1,full,signed_sum,native_sentence,all_body_tokens,0.1,,2,106,,,,0.5,1.0,,,,,,1057,0.6666666666666666,0.0,0.0,1,1,0.4230769230769231,66,40,1,0,0.5
hotpotqa_long,27,FT_K1,full,signed_sum,native_sentence,all_body_tokens,0.1,,2,172,,,,1.0,0.6666666666666666,,,,,,1719,0.8,0.0,1.0,2,3,1.0,142,30,3,0,1.0
hotpotqa_long,28,FT_K1,full,signed_sum,native_sentence,all_body_tokens,0.1,,3,96,,,,0.3333333333333333,1.0,,,,,,956,0.5,0.0,0.0,1,1,0.13291139240506328,21,75,1,0,0.6666666666666666
hotpotqa_long,29,FT_K1,full,signed_sum,native_sentence,all_body_tokens,0.1,,3,90,,,,0.3333333333333333,0.5,,,,,,896,0.4,0.0,0.0,1,2,0.5,78,12,2,0,0.6666666666666666
hotpotqa_long,30,FT_K1,full,signed_sum,native_sentence,all_body_tokens,0.1,,2,128,,,,1.0,0.6666666666666666,,,,,,1278,0.8,0.0,1.0,2,3,1.0,104,24,3,0,1.0
hotpotqa_long,31,FT_K1,full,signed_sum,native_sentence,all_body_tokens,0.1,,2,180,,,,1.0,0.5,,,,,,1796,0.6666666666666666,0.0,1.0,2,4,1.0,150,30,4,0,1.0
hotpotqa_long,32,FT_K1,full,signed_sum,native_sentence,all_body_tokens,0.1,,3,120,,,,0.3333333333333333,0.5,,,,,,1191,0.4,0.0,0.0,1,2,0.3247863247863248,102,18,2,0,1.0
hotpotqa_long,33,FT_K1,full,signed_sum,native_sentence,all_body_tokens,0.1,,3,110,,,,0.6666666666666666,1.0,,,,,,1095,0.8,0.0,0.0,2,2,0.81,81,29,2,0,1.0
hotpotqa_long,34,FT_K1,full,signed_sum,native_sentence,all_body_tokens,0.1,,2,104,,,,1.0,0.6666666666666666,,,,,,1036,0.8,0.0,1.0,2,3,1.0,73,31,3,0,1.0
hotpotqa_long,35,FT_K1,full,signed_sum,native_sentence,all_body_tokens,0.1,,3,121,,,,0.6666666666666666,0.5,,,,,,1208,0.5714285714285715,0.0,0.0,2,4,0.625,119,2,4,0,1.0
hotpotqa_long,36,FT_K1,full,signed_sum,native_sentence,all_body_tokens,0.1,,2,155,,,,0.5,0.2,,,,,,1544,0.28571428571428575,0.0,0.0,1,5,0.4897959183673469,136,19,5,0,1.0
hotpotqa_long,37,FT_K1,full,signed_sum,native_sentence,all_body_tokens,0.1,,2,119,,,,1.0,0.6666666666666666,,,,,,1183,0.8,0.0,1.0,2,3,1.0,103,16,3,0,1.0
hotpotqa_long,38,FT_K1,full,signed_sum,native_sentence,all_body_tokens,0.1,,2,131,,,,0.5,1.0,,,,,,1303,0.6666666666666666,0.0,0.0,1,1,0.6744186046511628,58,73,1,0,1.0
hotpotqa_long,39,FT_K1,full,signed_sum,native_sentence,all_body_tokens,0.1,,2,72,,,,0.5,1.0,,,,,,719,0.6666666666666666,0.0,0.0,1,1,0.5175438596491229,59,13,1,0,0.5
hotpotqa_long,40,FT_K1,full,signed_sum,native_sentence,all_body_tokens,0.1,,4,141,,,,0.5,0.6666666666666666,,,,,,1406,0.5714285714285715,0.0,0.0,2,3,0.4315068493150685,127,14,3,0,0.75
hotpotqa_long,41,FT_K1,full,signed_sum,native_sentence,all_body_tokens,0.1,,4,89,,,,0.75,0.75,,,,,,884,0.75,0.0,0.0,3,4,0.5842696629213483,77,12,4,0,1.0
hotpotqa_long,42,FT_K1,full,signed_sum,native_sentence,all_body_tokens,0.1,,2,132,,,,0.5,0.5,,,,,,1312,0.5,0.0,0.0,1,2,0.5402298850574713,120,12,2,0,1.0
hotpotqa_long,43,FT_K1,full,signed_sum,native_sentence,all_body_tokens,0.1,,3,126,,,,1.0,1.0,,,,,,1259,1.0,1.0,1.0,3,3,1.0,97,29,3,0,1.0
hotpotqa_long,44,FT_K1,full,signed_sum,native_sentence,all_body_tokens,0.1,,3,84,,,,0.6666666666666666,1.0,,,,,,831,0.8,0.0,0.0,2,2,0.8484848484848485,84,0,2,0,0.6666666666666666
hotpotqa_long,45,FT_K1,full,signed_sum,native_sentence,all_body_tokens,0.1,,2,184,,,,0.5,1.0,,,,,,1835,0.6666666666666666,0.0,0.0,1,1,0.6853932584269663,61,123,1,0,1.0
hotpotqa_long,46,FT_K1,full,signed_sum,native_sentence,all_body_tokens,0.1,,2,133,,,,0.5,0.5,,,,,,1324,0.5,0.0,0.0,1,2,0.5538461538461539,61,72,2,0,1.0
hotpotqa_long,47,FT_K1,full,signed_sum,native_sentence,all_body_tokens,0.1,,3,89,,,,0.6666666666666666,1.0,,,,,,881,0.8,0.0,0.0,2,2,0.6976744186046512,60,29,2,0,1.0
