index,target_mode,method,view,fraction,recall,budget,gold_tokens,ceiling
0,full,DT_target,raw_cached,0.05,0.4090909090909091,138,66,1
0,full,DT_target,raw_cached,0.1,0.6666666666666666,275,66,1
0,full,DT_target,raw_cached,0.2,0.7424242424242424,550,66,1
0,full,DT_target,raw_restored,0.05,0.4090909090909091,138,66,1
0,full,DT_target,raw_restored,0.1,0.6666666666666666,275,66,1
0,full,DT_target,raw_restored,0.2,0.7424242424242424,550,66,1
0,full,DT_target,regex_cached,0.05,1.0,138,66,1
0,full,DT_target,regex_cached,0.1,1.0,275,66,1
0,full,DT_target,regex_cached,0.2,1.0,550,66,1
0,full,DT_target,regex_restored,0.05,1.0,138,66,1
0,full,DT_target,regex_restored,0.1,1.0,275,66,1
0,full,DT_target,regex_restored,0.2,1.0,550,66,1
0,full,DT_target,regex_anchor_restored,0.05,1.0,138,66,1
0,full,DT_target,regex_anchor_restored,0.1,1.0,275,66,1
0,full,DT_target,regex_anchor_restored,0.2,1.0,550,66,1
0,full,DT_target,native_token_restored,0.05,1.0,138,66,1
0,full,DT_target,native_token_restored,0.1,1.0,275,66,1
0,full,DT_target,native_token_restored,0.2,1.0,550,66,1
0,full,FT_K1,raw_cached,0.05,0.6818181818181818,138,66,1
0,full,FT_K1,raw_cached,0.1,0.8939393939393939,275,66,1
0,full,FT_K1,raw_cached,0.2,0.9696969696969697,550,66,1
0,full,FT_K1,raw_restored,0.05,0.6818181818181818,138,66,1
0,full,FT_K1,raw_restored,0.1,0.8939393939393939,275,66,1
0,full,FT_K1,raw_restored,0.2,0.9696969696969697,550,66,1
0,full,FT_K1,regex_cached,0.05,0.9848484848484849,138,66,1
0,full,FT_K1,regex_cached,0.1,1.0,275,66,1
0,full,FT_K1,regex_cached,0.2,1.0,550,66,1
0,full,FT_K1,regex_restored,0.05,0.9848484848484849,138,66,1
0,full,FT_K1,regex_restored,0.1,1.0,275,66,1
0,full,FT_K1,regex_restored,0.2,1.0,550,66,1
0,full,FT_K1,regex_anchor_restored,0.05,1.0,138,66,1
0,full,FT_K1,regex_anchor_restored,0.1,1.0,275,66,1
0,full,FT_K1,regex_anchor_restored,0.2,1.0,550,66,1
0,full,FT_K1,native_token_restored,0.05,1.0,138,66,1
0,full,FT_K1,native_token_restored,0.1,1.0,275,66,1
0,full,FT_K1,native_token_restored,0.2,1.0,550,66,1
0,full,FT_K3,raw_cached,0.05,0.696969696969697,138,66,1
0,full,FT_K3,raw_cached,0.1,0.9090909090909091,275,66,1
0,full,FT_K3,raw_cached,0.2,0.9848484848484849,550,66,1
0,full,FT_K3,raw_restored,0.05,0.696969696969697,138,66,1
0,full,FT_K3,raw_restored,0.1,0.9090909090909091,275,66,1
0,full,FT_K3,raw_restored,0.2,0.9848484848484849,550,66,1
0,full,FT_K3,regex_cached,0.05,0.9848484848484849,138,66,1
0,full,FT_K3,regex_cached,0.1,1.0,275,66,1
0,full,FT_K3,regex_cached,0.2,1.0,550,66,1
0,full,FT_K3,regex_restored,0.05,0.9848484848484849,138,66,1
0,full,FT_K3,regex_restored,0.1,1.0,275,66,1
0,full,FT_K3,regex_restored,0.2,1.0,550,66,1
0,full,FT_K3,regex_anchor_restored,0.05,1.0,138,66,1
0,full,FT_K3,regex_anchor_restored,0.1,1.0,275,66,1
0,full,FT_K3,regex_anchor_restored,0.2,1.0,550,66,1
0,full,FT_K3,native_token_restored,0.05,1.0,138,66,1
0,full,FT_K3,native_token_restored,0.1,1.0,275,66,1
0,full,FT_K3,native_token_restored,0.2,1.0,550,66,1
1,full,DT_target,raw_cached,0.05,0.3333333333333333,59,84,0.7023809523809523
1,full,DT_target,raw_cached,0.1,0.5595238095238095,117,84,1
1,full,DT_target,raw_cached,0.2,0.6309523809523809,234,84,1
1,full,DT_target,raw_restored,0.05,0.3333333333333333,59,84,0.7023809523809523
1,full,DT_target,raw_restored,0.1,0.5595238095238095,117,84,1
1,full,DT_target,raw_restored,0.2,0.6309523809523809,234,84,1
1,full,DT_target,regex_cached,0.05,0.5714285714285714,59,84,0.7023809523809523
1,full,DT_target,regex_cached,0.1,0.6547619047619048,117,84,1
1,full,DT_target,regex_cached,0.2,1.0,234,84,1
1,full,DT_target,regex_restored,0.05,0.5714285714285714,59,84,0.7023809523809523
1,full,DT_target,regex_restored,0.1,0.6547619047619048,117,84,1
1,full,DT_target,regex_restored,0.2,1.0,234,84,1
1,full,DT_target,regex_anchor_restored,0.05,0.5595238095238095,59,84,0.7023809523809523
1,full,DT_target,regex_anchor_restored,0.1,0.6785714285714286,117,84,1
1,full,DT_target,regex_anchor_restored,0.2,1.0,234,84,1
1,full,DT_target,native_token_restored,0.05,0.5595238095238095,59,84,0.7023809523809523
1,full,DT_target,native_token_restored,0.1,0.6428571428571429,117,84,1
1,full,DT_target,native_token_restored,0.2,1.0,234,84,1
1,full,FT_K1,raw_cached,0.05,0.3333333333333333,59,84,0.7023809523809523
1,full,FT_K1,raw_cached,0.1,0.47619047619047616,117,84,1
1,full,FT_K1,raw_cached,0.2,0.6428571428571429,234,84,1
1,full,FT_K1,raw_restored,0.05,0.3333333333333333,59,84,0.7023809523809523
1,full,FT_K1,raw_restored,0.1,0.47619047619047616,117,84,1
1,full,FT_K1,raw_restored,0.2,0.6428571428571429,234,84,1
1,full,FT_K1,regex_cached,0.05,0.5714285714285714,59,84,0.7023809523809523
1,full,FT_K1,regex_cached,0.1,1.0,117,84,1
1,full,FT_K1,regex_cached,0.2,1.0,234,84,1
1,full,FT_K1,regex_restored,0.05,0.5714285714285714,59,84,0.7023809523809523
1,full,FT_K1,regex_restored,0.1,1.0,117,84,1
1,full,FT_K1,regex_restored,0.2,1.0,234,84,1
1,full,FT_K1,regex_anchor_restored,0.05,0.5595238095238095,59,84,0.7023809523809523
1,full,FT_K1,regex_anchor_restored,0.1,1.0,117,84,1
1,full,FT_K1,regex_anchor_restored,0.2,1.0,234,84,1
1,full,FT_K1,native_token_restored,0.05,0.5595238095238095,59,84,0.7023809523809523
1,full,FT_K1,native_token_restored,0.1,1.0,117,84,1
1,full,FT_K1,native_token_restored,0.2,1.0,234,84,1
1,full,FT_K3,raw_cached,0.05,0.34523809523809523,59,84,0.7023809523809523
1,full,FT_K3,raw_cached,0.1,0.47619047619047616,117,84,1
1,full,FT_K3,raw_cached,0.2,0.6547619047619048,234,84,1
1,full,FT_K3,raw_restored,0.05,0.34523809523809523,59,84,0.7023809523809523
1,full,FT_K3,raw_restored,0.1,0.47619047619047616,117,84,1
1,full,FT_K3,raw_restored,0.2,0.6547619047619048,234,84,1
1,full,FT_K3,regex_cached,0.05,0.5714285714285714,59,84,0.7023809523809523
1,full,FT_K3,regex_cached,0.1,1.0,117,84,1
1,full,FT_K3,regex_cached,0.2,1.0,234,84,1
1,full,FT_K3,regex_restored,0.05,0.5714285714285714,59,84,0.7023809523809523
1,full,FT_K3,regex_restored,0.1,1.0,117,84,1
1,full,FT_K3,regex_restored,0.2,1.0,234,84,1
1,full,FT_K3,regex_anchor_restored,0.05,0.5595238095238095,59,84,0.7023809523809523
1,full,FT_K3,regex_anchor_restored,0.1,1.0,117,84,1
1,full,FT_K3,regex_anchor_restored,0.2,1.0,234,84,1
1,full,FT_K3,native_token_restored,0.05,0.5595238095238095,59,84,0.7023809523809523
1,full,FT_K3,native_token_restored,0.1,1.0,117,84,1
1,full,FT_K3,native_token_restored,0.2,1.0,234,84,1
2,full,DT_target,raw_cached,0.05,0.24545454545454545,59,110,0.5363636363636364
2,full,DT_target,raw_cached,0.1,0.4,117,110,1
2,full,DT_target,raw_cached,0.2,0.6181818181818182,233,110,1
2,full,DT_target,raw_restored,0.05,0.24545454545454545,59,110,0.5363636363636364
2,full,DT_target,raw_restored,0.1,0.4,117,110,1
2,full,DT_target,raw_restored,0.2,0.6181818181818182,233,110,1
2,full,DT_target,regex_cached,0.05,0.44545454545454544,59,110,0.5363636363636364
2,full,DT_target,regex_cached,0.1,0.6363636363636364,117,110,1
2,full,DT_target,regex_cached,0.2,0.7090909090909091,233,110,1
2,full,DT_target,regex_restored,0.05,0.44545454545454544,59,110,0.5363636363636364
2,full,DT_target,regex_restored,0.1,0.6363636363636364,117,110,1
2,full,DT_target,regex_restored,0.2,0.7090909090909091,233,110,1
2,full,DT_target,regex_anchor_restored,0.05,0.45454545454545453,59,110,0.5363636363636364
2,full,DT_target,regex_anchor_restored,0.1,0.6454545454545455,117,110,1
2,full,DT_target,regex_anchor_restored,0.2,0.6909090909090909,233,110,1
2,full,DT_target,native_token_restored,0.05,0.4727272727272727,59,110,0.5363636363636364
2,full,DT_target,native_token_restored,0.1,0.6454545454545455,117,110,1
2,full,DT_target,native_token_restored,0.2,0.6909090909090909,233,110,1
2,full,FT_K1,raw_cached,0.05,0.18181818181818182,59,110,0.5363636363636364
2,full,FT_K1,raw_cached,0.1,0.3181818181818182,117,110,1
2,full,FT_K1,raw_cached,0.2,0.45454545454545453,233,110,1
2,full,FT_K1,raw_restored,0.05,0.18181818181818182,59,110,0.5363636363636364
2,full,FT_K1,raw_restored,0.1,0.3181818181818182,117,110,1
2,full,FT_K1,raw_restored,0.2,0.45454545454545453,233,110,1
2,full,FT_K1,regex_cached,0.05,0.36363636363636365,59,110,0.5363636363636364
2,full,FT_K1,regex_cached,0.1,0.6363636363636364,117,110,1
2,full,FT_K1,regex_cached,0.2,0.6363636363636364,233,110,1
2,full,FT_K1,regex_restored,0.05,0.36363636363636365,59,110,0.5363636363636364
2,full,FT_K1,regex_restored,0.1,0.6363636363636364,117,110,1
2,full,FT_K1,regex_restored,0.2,0.6363636363636364,233,110,1
2,full,FT_K1,regex_anchor_restored,0.05,0.4090909090909091,59,110,0.5363636363636364
2,full,FT_K1,regex_anchor_restored,0.1,0.6454545454545455,117,110,1
2,full,FT_K1,regex_anchor_restored,0.2,0.6454545454545455,233,110,1
2,full,FT_K1,native_token_restored,0.05,0.35454545454545455,59,110,0.5363636363636364
2,full,FT_K1,native_token_restored,0.1,0.6454545454545455,117,110,1
2,full,FT_K1,native_token_restored,0.2,0.6454545454545455,233,110,1
2,full,FT_K3,raw_cached,0.05,0.18181818181818182,59,110,0.5363636363636364
2,full,FT_K3,raw_cached,0.1,0.3090909090909091,117,110,1
2,full,FT_K3,raw_cached,0.2,0.45454545454545453,233,110,1
2,full,FT_K3,raw_restored,0.05,0.18181818181818182,59,110,0.5363636363636364
2,full,FT_K3,raw_restored,0.1,0.3090909090909091,117,110,1
2,full,FT_K3,raw_restored,0.2,0.45454545454545453,233,110,1
2,full,FT_K3,regex_cached,0.05,0.4,59,110,0.5363636363636364
2,full,FT_K3,regex_cached,0.1,0.6363636363636364,117,110,1
2,full,FT_K3,regex_cached,0.2,0.6363636363636364,233,110,1
2,full,FT_K3,regex_restored,0.05,0.4,59,110,0.5363636363636364
2,full,FT_K3,regex_restored,0.1,0.6363636363636364,117,110,1
2,full,FT_K3,regex_restored,0.2,0.6363636363636364,233,110,1
2,full,FT_K3,regex_anchor_restored,0.05,0.4090909090909091,59,110,0.5363636363636364
2,full,FT_K3,regex_anchor_restored,0.1,0.6454545454545455,117,110,1
2,full,FT_K3,regex_anchor_restored,0.2,0.6454545454545455,233,110,1
2,full,FT_K3,native_token_restored,0.05,0.44545454545454544,59,110,0.5363636363636364
2,full,FT_K3,native_token_restored,0.1,0.6454545454545455,117,110,1
2,full,FT_K3,native_token_restored,0.2,0.6454545454545455,233,110,1
3,full,DT_target,raw_cached,0.05,0.2807017543859649,47,57,0.8245614035087719
3,full,DT_target,raw_cached,0.1,0.3684210526315789,93,57,1
3,full,DT_target,raw_cached,0.2,0.45614035087719296,185,57,1
3,full,DT_target,raw_restored,0.05,0.2807017543859649,47,57,0.8245614035087719
3,full,DT_target,raw_restored,0.1,0.3684210526315789,93,57,1
3,full,DT_target,raw_restored,0.2,0.45614035087719296,185,57,1
3,full,DT_target,regex_cached,0.05,0.543859649122807,47,57,0.8245614035087719
3,full,DT_target,regex_cached,0.1,0.6140350877192983,93,57,1
3,full,DT_target,regex_cached,0.2,0.9298245614035088,185,57,1
3,full,DT_target,regex_restored,0.05,0.543859649122807,47,57,0.8245614035087719
3,full,DT_target,regex_restored,0.1,0.6140350877192983,93,57,1
3,full,DT_target,regex_restored,0.2,0.9298245614035088,185,57,1
3,full,DT_target,regex_anchor_restored,0.05,0.543859649122807,47,57,0.8245614035087719
3,full,DT_target,regex_anchor_restored,0.1,0.9298245614035088,93,57,1
3,full,DT_target,regex_anchor_restored,0.2,0.9298245614035088,185,57,1
3,full,DT_target,native_token_restored,0.05,0.543859649122807,47,57,0.8245614035087719
3,full,DT_target,native_token_restored,0.1,0.543859649122807,93,57,1
3,full,DT_target,native_token_restored,0.2,1.0,185,57,1
3,full,FT_K1,raw_cached,0.05,0.3157894736842105,47,57,0.8245614035087719
3,full,FT_K1,raw_cached,0.1,0.40350877192982454,93,57,1
3,full,FT_K1,raw_cached,0.2,0.47368421052631576,185,57,1
3,full,FT_K1,raw_restored,0.05,0.3157894736842105,47,57,0.8245614035087719
3,full,FT_K1,raw_restored,0.1,0.40350877192982454,93,57,1
3,full,FT_K1,raw_restored,0.2,0.47368421052631576,185,57,1
3,full,FT_K1,regex_cached,0.05,0.543859649122807,47,57,0.8245614035087719
3,full,FT_K1,regex_cached,0.1,0.5614035087719298,93,57,1
3,full,FT_K1,regex_cached,0.2,0.5614035087719298,185,57,1
3,full,FT_K1,regex_restored,0.05,0.543859649122807,47,57,0.8245614035087719
3,full,FT_K1,regex_restored,0.1,0.5614035087719298,93,57,1
3,full,FT_K1,regex_restored,0.2,0.5614035087719298,185,57,1
3,full,FT_K1,regex_anchor_restored,0.05,0.543859649122807,47,57,0.8245614035087719
3,full,FT_K1,regex_anchor_restored,0.1,0.543859649122807,93,57,1
3,full,FT_K1,regex_anchor_restored,0.2,0.543859649122807,185,57,1
3,full,FT_K1,native_token_restored,0.05,0.543859649122807,47,57,0.8245614035087719
3,full,FT_K1,native_token_restored,0.1,0.543859649122807,93,57,1
3,full,FT_K1,native_token_restored,0.2,0.543859649122807,185,57,1
3,full,FT_K3,raw_cached,0.05,0.3157894736842105,47,57,0.8245614035087719
3,full,FT_K3,raw_cached,0.1,0.40350877192982454,93,57,1
3,full,FT_K3,raw_cached,0.2,0.45614035087719296,185,57,1
3,full,FT_K3,raw_restored,0.05,0.3157894736842105,47,57,0.8245614035087719
3,full,FT_K3,raw_restored,0.1,0.40350877192982454,93,57,1
3,full,FT_K3,raw_restored,0.2,0.45614035087719296,185,57,1
3,full,FT_K3,regex_cached,0.05,0.543859649122807,47,57,0.8245614035087719
3,full,FT_K3,regex_cached,0.1,0.543859649122807,93,57,1
3,full,FT_K3,regex_cached,0.2,0.5614035087719298,185,57,1
3,full,FT_K3,regex_restored,0.05,0.543859649122807,47,57,0.8245614035087719
3,full,FT_K3,regex_restored,0.1,0.543859649122807,93,57,1
3,full,FT_K3,regex_restored,0.2,0.5614035087719298,185,57,1
3,full,FT_K3,regex_anchor_restored,0.05,0.543859649122807,47,57,0.8245614035087719
3,full,FT_K3,regex_anchor_restored,0.1,0.543859649122807,93,57,1
3,full,FT_K3,regex_anchor_restored,0.2,0.543859649122807,185,57,1
3,full,FT_K3,native_token_restored,0.05,0.543859649122807,47,57,0.8245614035087719
3,full,FT_K3,native_token_restored,0.1,0.543859649122807,93,57,1
3,full,FT_K3,native_token_restored,0.2,0.543859649122807,185,57,1
4,full,DT_target,raw_cached,0.05,0.2777777777777778,62,90,0.6888888888888889
4,full,DT_target,raw_cached,0.1,0.4222222222222222,123,90,1
4,full,DT_target,raw_cached,0.2,0.6,246,90,1
4,full,DT_target,raw_restored,0.05,0.2777777777777778,62,90,0.6888888888888889
4,full,DT_target,raw_restored,0.1,0.4222222222222222,123,90,1
4,full,DT_target,raw_restored,0.2,0.6,246,90,1
4,full,DT_target,regex_cached,0.05,0.5777777777777777,62,90,0.6888888888888889
4,full,DT_target,regex_cached,0.1,0.6555555555555556,123,90,1
4,full,DT_target,regex_cached,0.2,0.8555555555555555,246,90,1
4,full,DT_target,regex_restored,0.05,0.5777777777777777,62,90,0.6888888888888889
4,full,DT_target,regex_restored,0.1,0.6555555555555556,123,90,1
4,full,DT_target,regex_restored,0.2,0.8555555555555555,246,90,1
4,full,DT_target,regex_anchor_restored,0.05,0.5777777777777777,62,90,0.6888888888888889
4,full,DT_target,regex_anchor_restored,0.1,0.6666666666666666,123,90,1
4,full,DT_target,regex_anchor_restored,0.2,0.8555555555555555,246,90,1
4,full,DT_target,native_token_restored,0.05,0.5444444444444444,62,90,0.6888888888888889
4,full,DT_target,native_token_restored,0.1,0.6666666666666666,123,90,1
4,full,DT_target,native_token_restored,0.2,0.7888888888888889,246,90,1
4,full,FT_K1,raw_cached,0.05,0.3888888888888889,62,90,0.6888888888888889
4,full,FT_K1,raw_cached,0.1,0.5,123,90,1
4,full,FT_K1,raw_cached,0.2,0.7444444444444445,246,90,1
4,full,FT_K1,raw_restored,0.05,0.3888888888888889,62,90,0.6888888888888889
4,full,FT_K1,raw_restored,0.1,0.5,123,90,1
4,full,FT_K1,raw_restored,0.2,0.7444444444444445,246,90,1
4,full,FT_K1,regex_cached,0.05,0.5444444444444444,62,90,0.6888888888888889
4,full,FT_K1,regex_cached,0.1,0.9888888888888889,123,90,1
4,full,FT_K1,regex_cached,0.2,0.9888888888888889,246,90,1
4,full,FT_K1,regex_restored,0.05,0.5444444444444444,62,90,0.6888888888888889
4,full,FT_K1,regex_restored,0.1,0.9888888888888889,123,90,1
4,full,FT_K1,regex_restored,0.2,0.9888888888888889,246,90,1
4,full,FT_K1,regex_anchor_restored,0.05,0.5444444444444444,62,90,0.6888888888888889
4,full,FT_K1,regex_anchor_restored,0.1,1.0,123,90,1
4,full,FT_K1,regex_anchor_restored,0.2,1.0,246,90,1
4,full,FT_K1,native_token_restored,0.05,0.5444444444444444,62,90,0.6888888888888889
4,full,FT_K1,native_token_restored,0.1,0.9333333333333333,123,90,1
4,full,FT_K1,native_token_restored,0.2,1.0,246,90,1
4,full,FT_K3,raw_cached,0.05,0.4,62,90,0.6888888888888889
4,full,FT_K3,raw_cached,0.1,0.5111111111111111,123,90,1
4,full,FT_K3,raw_cached,0.2,0.7333333333333333,246,90,1
4,full,FT_K3,raw_restored,0.05,0.4,62,90,0.6888888888888889
4,full,FT_K3,raw_restored,0.1,0.5111111111111111,123,90,1
4,full,FT_K3,raw_restored,0.2,0.7333333333333333,246,90,1
4,full,FT_K3,regex_cached,0.05,0.5444444444444444,62,90,0.6888888888888889
4,full,FT_K3,regex_cached,0.1,0.9888888888888889,123,90,1
4,full,FT_K3,regex_cached,0.2,0.9888888888888889,246,90,1
4,full,FT_K3,regex_restored,0.05,0.5444444444444444,62,90,0.6888888888888889
4,full,FT_K3,regex_restored,0.1,0.9888888888888889,123,90,1
4,full,FT_K3,regex_restored,0.2,0.9888888888888889,246,90,1
4,full,FT_K3,regex_anchor_restored,0.05,0.5444444444444444,62,90,0.6888888888888889
4,full,FT_K3,regex_anchor_restored,0.1,1.0,123,90,1
4,full,FT_K3,regex_anchor_restored,0.2,1.0,246,90,1
4,full,FT_K3,native_token_restored,0.05,0.5444444444444444,62,90,0.6888888888888889
4,full,FT_K3,native_token_restored,0.1,0.7888888888888889,123,90,1
4,full,FT_K3,native_token_restored,0.2,1.0,246,90,1
5,full,DT_target,raw_cached,0.05,0.13157894736842105,83,114,0.7280701754385965
5,full,DT_target,raw_cached,0.1,0.24561403508771928,166,114,1
5,full,DT_target,raw_cached,0.2,0.3508771929824561,331,114,1
5,full,DT_target,raw_restored,0.05,0.13157894736842105,83,114,0.7280701754385965
5,full,DT_target,raw_restored,0.1,0.24561403508771928,166,114,1
5,full,DT_target,raw_restored,0.2,0.3508771929824561,331,114,1
5,full,DT_target,regex_cached,0.05,0.42105263157894735,83,114,0.7280701754385965
5,full,DT_target,regex_cached,0.1,0.42105263157894735,166,114,1
5,full,DT_target,regex_cached,0.2,0.43859649122807015,331,114,1
5,full,DT_target,regex_restored,0.05,0.42105263157894735,83,114,0.7280701754385965
5,full,DT_target,regex_restored,0.1,0.42105263157894735,166,114,1
5,full,DT_target,regex_restored,0.2,0.43859649122807015,331,114,1
5,full,DT_target,regex_anchor_restored,0.05,0.43859649122807015,83,114,0.7280701754385965
5,full,DT_target,regex_anchor_restored,0.1,0.43859649122807015,166,114,1
5,full,DT_target,regex_anchor_restored,0.2,0.43859649122807015,331,114,1
5,full,DT_target,native_token_restored,0.05,0.43859649122807015,83,114,0.7280701754385965
5,full,DT_target,native_token_restored,0.1,0.43859649122807015,166,114,1
5,full,DT_target,native_token_restored,0.2,0.43859649122807015,331,114,1
5,full,FT_K1,raw_cached,0.05,0.21929824561403508,83,114,0.7280701754385965
5,full,FT_K1,raw_cached,0.1,0.2894736842105263,166,114,1
5,full,FT_K1,raw_cached,0.2,0.45614035087719296,331,114,1
5,full,FT_K1,raw_restored,0.05,0.21929824561403508,83,114,0.7280701754385965
5,full,FT_K1,raw_restored,0.1,0.2894736842105263,166,114,1
5,full,FT_K1,raw_restored,0.2,0.45614035087719296,331,114,1
5,full,FT_K1,regex_cached,0.05,0.42105263157894735,83,114,0.7280701754385965
5,full,FT_K1,regex_cached,0.1,0.4298245614035088,166,114,1
5,full,FT_K1,regex_cached,0.2,0.43859649122807015,331,114,1
5,full,FT_K1,regex_restored,0.05,0.42105263157894735,83,114,0.7280701754385965
5,full,FT_K1,regex_restored,0.1,0.4298245614035088,166,114,1
5,full,FT_K1,regex_restored,0.2,0.43859649122807015,331,114,1
5,full,FT_K1,regex_anchor_restored,0.05,0.43859649122807015,83,114,0.7280701754385965
5,full,FT_K1,regex_anchor_restored,0.1,0.43859649122807015,166,114,1
5,full,FT_K1,regex_anchor_restored,0.2,0.43859649122807015,331,114,1
5,full,FT_K1,native_token_restored,0.05,0.43859649122807015,83,114,0.7280701754385965
5,full,FT_K1,native_token_restored,0.1,0.43859649122807015,166,114,1
5,full,FT_K1,native_token_restored,0.2,0.43859649122807015,331,114,1
5,full,FT_K3,raw_cached,0.05,0.21929824561403508,83,114,0.7280701754385965
5,full,FT_K3,raw_cached,0.1,0.2719298245614035,166,114,1
5,full,FT_K3,raw_cached,0.2,0.45614035087719296,331,114,1
5,full,FT_K3,raw_restored,0.05,0.21929824561403508,83,114,0.7280701754385965
5,full,FT_K3,raw_restored,0.1,0.2719298245614035,166,114,1
5,full,FT_K3,raw_restored,0.2,0.45614035087719296,331,114,1
5,full,FT_K3,regex_cached,0.05,0.42105263157894735,83,114,0.7280701754385965
5,full,FT_K3,regex_cached,0.1,0.4298245614035088,166,114,1
5,full,FT_K3,regex_cached,0.2,0.43859649122807015,331,114,1
5,full,FT_K3,regex_restored,0.05,0.42105263157894735,83,114,0.7280701754385965
5,full,FT_K3,regex_restored,0.1,0.4298245614035088,166,114,1
5,full,FT_K3,regex_restored,0.2,0.43859649122807015,331,114,1
5,full,FT_K3,regex_anchor_restored,0.05,0.43859649122807015,83,114,0.7280701754385965
5,full,FT_K3,regex_anchor_restored,0.1,0.43859649122807015,166,114,1
5,full,FT_K3,regex_anchor_restored,0.2,0.43859649122807015,331,114,1
5,full,FT_K3,native_token_restored,0.05,0.43859649122807015,83,114,0.7280701754385965
5,full,FT_K3,native_token_restored,0.1,0.43859649122807015,166,114,1
5,full,FT_K3,native_token_restored,0.2,0.43859649122807015,331,114,1
6,full,DT_target,raw_cached,0.05,0.08571428571428572,61,70,0.8714285714285714
6,full,DT_target,raw_cached,0.1,0.11428571428571428,122,70,1
6,full,DT_target,raw_cached,0.2,0.17142857142857143,243,70,1
6,full,DT_target,raw_restored,0.05,0.08571428571428572,61,70,0.8714285714285714
6,full,DT_target,raw_restored,0.1,0.11428571428571428,122,70,1
6,full,DT_target,raw_restored,0.2,0.17142857142857143,243,70,1
6,full,DT_target,regex_cached,0.05,0.15714285714285714,61,70,0.8714285714285714
6,full,DT_target,regex_cached,0.1,0.2714285714285714,122,70,1
6,full,DT_target,regex_cached,0.2,0.9714285714285714,243,70,1
6,full,DT_target,regex_restored,0.05,0.15714285714285714,61,70,0.8714285714285714
6,full,DT_target,regex_restored,0.1,0.2714285714285714,122,70,1
6,full,DT_target,regex_restored,0.2,0.9714285714285714,243,70,1
6,full,DT_target,regex_anchor_restored,0.05,0.15714285714285714,61,70,0.8714285714285714
6,full,DT_target,regex_anchor_restored,0.1,0.2857142857142857,122,70,1
6,full,DT_target,regex_anchor_restored,0.2,1.0,243,70,1
6,full,DT_target,native_token_restored,0.05,0.0,61,70,0.8714285714285714
6,full,DT_target,native_token_restored,0.1,0.2857142857142857,122,70,1
6,full,DT_target,native_token_restored,0.2,1.0,243,70,1
6,full,FT_K1,raw_cached,0.05,0.22857142857142856,61,70,0.8714285714285714
6,full,FT_K1,raw_cached,0.1,0.3,122,70,1
6,full,FT_K1,raw_cached,0.2,0.44285714285714284,243,70,1
6,full,FT_K1,raw_restored,0.05,0.22857142857142856,61,70,0.8714285714285714
6,full,FT_K1,raw_restored,0.1,0.3,122,70,1
6,full,FT_K1,raw_restored,0.2,0.44285714285714284,243,70,1
6,full,FT_K1,regex_cached,0.05,0.6714285714285714,61,70,0.8714285714285714
6,full,FT_K1,regex_cached,0.1,0.9857142857142858,122,70,1
6,full,FT_K1,regex_cached,0.2,0.9857142857142858,243,70,1
6,full,FT_K1,regex_restored,0.05,0.6714285714285714,61,70,0.8714285714285714
6,full,FT_K1,regex_restored,0.1,0.9857142857142858,122,70,1
6,full,FT_K1,regex_restored,0.2,0.9857142857142858,243,70,1
6,full,FT_K1,regex_anchor_restored,0.05,0.6857142857142857,61,70,0.8714285714285714
6,full,FT_K1,regex_anchor_restored,0.1,1.0,122,70,1
6,full,FT_K1,regex_anchor_restored,0.2,1.0,243,70,1
6,full,FT_K1,native_token_restored,0.05,0.6428571428571429,61,70,0.8714285714285714
6,full,FT_K1,native_token_restored,0.1,1.0,122,70,1
6,full,FT_K1,native_token_restored,0.2,1.0,243,70,1
6,full,FT_K3,raw_cached,0.05,0.22857142857142856,61,70,0.8714285714285714
6,full,FT_K3,raw_cached,0.1,0.3142857142857143,122,70,1
6,full,FT_K3,raw_cached,0.2,0.45714285714285713,243,70,1
6,full,FT_K3,raw_restored,0.05,0.22857142857142856,61,70,0.8714285714285714
6,full,FT_K3,raw_restored,0.1,0.3142857142857143,122,70,1
6,full,FT_K3,raw_restored,0.2,0.45714285714285713,243,70,1
6,full,FT_K3,regex_cached,0.05,0.6714285714285714,61,70,0.8714285714285714
6,full,FT_K3,regex_cached,0.1,0.9857142857142858,122,70,1
6,full,FT_K3,regex_cached,0.2,0.9857142857142858,243,70,1
6,full,FT_K3,regex_restored,0.05,0.6714285714285714,61,70,0.8714285714285714
6,full,FT_K3,regex_restored,0.1,0.9857142857142858,122,70,1
6,full,FT_K3,regex_restored,0.2,0.9857142857142858,243,70,1
6,full,FT_K3,regex_anchor_restored,0.05,0.6857142857142857,61,70,0.8714285714285714
6,full,FT_K3,regex_anchor_restored,0.1,1.0,122,70,1
6,full,FT_K3,regex_anchor_restored,0.2,1.0,243,70,1
6,full,FT_K3,native_token_restored,0.05,0.6428571428571429,61,70,0.8714285714285714
6,full,FT_K3,native_token_restored,0.1,1.0,122,70,1
6,full,FT_K3,native_token_restored,0.2,1.0,243,70,1
7,full,DT_target,raw_cached,0.05,0.12941176470588237,51,85,0.6
7,full,DT_target,raw_cached,0.1,0.24705882352941178,101,85,1
7,full,DT_target,raw_cached,0.2,0.4117647058823529,201,85,1
7,full,DT_target,raw_restored,0.05,0.12941176470588237,51,85,0.6
7,full,DT_target,raw_restored,0.1,0.24705882352941178,101,85,1
7,full,DT_target,raw_restored,0.2,0.4117647058823529,201,85,1
7,full,DT_target,regex_cached,0.05,0.21176470588235294,51,85,0.6
7,full,DT_target,regex_cached,0.1,0.3764705882352941,101,85,1
7,full,DT_target,regex_cached,0.2,1.0,201,85,1
7,full,DT_target,regex_restored,0.05,0.21176470588235294,51,85,0.6
7,full,DT_target,regex_restored,0.1,0.3764705882352941,101,85,1
7,full,DT_target,regex_restored,0.2,1.0,201,85,1
7,full,DT_target,regex_anchor_restored,0.05,0.2235294117647059,51,85,0.6
7,full,DT_target,regex_anchor_restored,0.1,0.3764705882352941,101,85,1
7,full,DT_target,regex_anchor_restored,0.2,1.0,201,85,1
7,full,DT_target,native_token_restored,0.05,0.11764705882352941,51,85,0.6
7,full,DT_target,native_token_restored,0.1,0.3764705882352941,101,85,1
7,full,DT_target,native_token_restored,0.2,1.0,201,85,1
7,full,FT_K1,raw_cached,0.05,0.24705882352941178,51,85,0.6
7,full,FT_K1,raw_cached,0.1,0.38823529411764707,101,85,1
7,full,FT_K1,raw_cached,0.2,0.5529411764705883,201,85,1
7,full,FT_K1,raw_restored,0.05,0.24705882352941178,51,85,0.6
7,full,FT_K1,raw_restored,0.1,0.38823529411764707,101,85,1
7,full,FT_K1,raw_restored,0.2,0.5529411764705883,201,85,1
7,full,FT_K1,regex_cached,0.05,0.5411764705882353,51,85,0.6
7,full,FT_K1,regex_cached,0.1,1.0,101,85,1
7,full,FT_K1,regex_cached,0.2,1.0,201,85,1
7,full,FT_K1,regex_restored,0.05,0.5411764705882353,51,85,0.6
7,full,FT_K1,regex_restored,0.1,1.0,101,85,1
7,full,FT_K1,regex_restored,0.2,1.0,201,85,1
7,full,FT_K1,regex_anchor_restored,0.05,0.5411764705882353,51,85,0.6
7,full,FT_K1,regex_anchor_restored,0.1,1.0,101,85,1
7,full,FT_K1,regex_anchor_restored,0.2,1.0,201,85,1
7,full,FT_K1,native_token_restored,0.05,0.5411764705882353,51,85,0.6
7,full,FT_K1,native_token_restored,0.1,0.8941176470588236,101,85,1
7,full,FT_K1,native_token_restored,0.2,1.0,201,85,1
7,full,FT_K3,raw_cached,0.05,0.24705882352941178,51,85,0.6
7,full,FT_K3,raw_cached,0.1,0.3764705882352941,101,85,1
7,full,FT_K3,raw_cached,0.2,0.5411764705882353,201,85,1
7,full,FT_K3,raw_restored,0.05,0.24705882352941178,51,85,0.6
7,full,FT_K3,raw_restored,0.1,0.3764705882352941,101,85,1
7,full,FT_K3,raw_restored,0.2,0.5411764705882353,201,85,1
7,full,FT_K3,regex_cached,0.05,0.5411764705882353,51,85,0.6
7,full,FT_K3,regex_cached,0.1,1.0,101,85,1
7,full,FT_K3,regex_cached,0.2,1.0,201,85,1
7,full,FT_K3,regex_restored,0.05,0.5411764705882353,51,85,0.6
7,full,FT_K3,regex_restored,0.1,1.0,101,85,1
7,full,FT_K3,regex_restored,0.2,1.0,201,85,1
7,full,FT_K3,regex_anchor_restored,0.05,0.5411764705882353,51,85,0.6
7,full,FT_K3,regex_anchor_restored,0.1,1.0,101,85,1
7,full,FT_K3,regex_anchor_restored,0.2,1.0,201,85,1
7,full,FT_K3,native_token_restored,0.05,0.5411764705882353,51,85,0.6
7,full,FT_K3,native_token_restored,0.1,0.8941176470588236,101,85,1
7,full,FT_K3,native_token_restored,0.2,1.0,201,85,1
8,full,DT_target,raw_cached,0.05,0.36923076923076925,37,65,0.5692307692307692
8,full,DT_target,raw_cached,0.1,0.5076923076923077,74,65,1
8,full,DT_target,raw_cached,0.2,0.7076923076923077,147,65,1
8,full,DT_target,raw_restored,0.05,0.36923076923076925,37,65,0.5692307692307692
8,full,DT_target,raw_restored,0.1,0.49230769230769234,74,65,1
8,full,DT_target,raw_restored,0.2,0.6461538461538462,147,65,1
8,full,DT_target,regex_cached,0.05,0.5538461538461539,37,65,0.5692307692307692
8,full,DT_target,regex_cached,0.1,0.8,74,65,1
8,full,DT_target,regex_cached,0.2,0.9846153846153847,147,65,1
8,full,DT_target,regex_restored,0.05,0.5538461538461539,37,65,0.5692307692307692
8,full,DT_target,regex_restored,0.1,0.8,74,65,1
8,full,DT_target,regex_restored,0.2,0.9076923076923077,147,65,1
8,full,DT_target,regex_anchor_restored,0.05,0.5692307692307692,37,65,0.5692307692307692
8,full,DT_target,regex_anchor_restored,0.1,0.8153846153846154,74,65,1
8,full,DT_target,regex_anchor_restored,0.2,0.9230769230769231,147,65,1
8,full,DT_target,native_token_restored,0.05,0.5692307692307692,37,65,0.5692307692307692
8,full,DT_target,native_token_restored,0.1,0.8153846153846154,74,65,1
8,full,DT_target,native_token_restored,0.2,0.9230769230769231,147,65,1
8,full,FT_K1,raw_cached,0.05,0.4,37,65,0.5692307692307692
8,full,FT_K1,raw_cached,0.1,0.5538461538461539,74,65,1
8,full,FT_K1,raw_cached,0.2,0.7384615384615385,147,65,1
8,full,FT_K1,raw_restored,0.05,0.4,37,65,0.5692307692307692
8,full,FT_K1,raw_restored,0.1,0.5538461538461539,74,65,1
8,full,FT_K1,raw_restored,0.2,0.7538461538461538,147,65,1
8,full,FT_K1,regex_cached,0.05,0.5384615384615384,37,65,0.5692307692307692
8,full,FT_K1,regex_cached,0.1,0.7846153846153846,74,65,1
8,full,FT_K1,regex_cached,0.2,0.9076923076923077,147,65,1
8,full,FT_K1,regex_restored,0.05,0.5384615384615384,37,65,0.5692307692307692
8,full,FT_K1,regex_restored,0.1,0.7846153846153846,74,65,1
8,full,FT_K1,regex_restored,0.2,0.9076923076923077,147,65,1
8,full,FT_K1,regex_anchor_restored,0.05,0.5384615384615384,37,65,0.5692307692307692
8,full,FT_K1,regex_anchor_restored,0.1,0.7384615384615385,74,65,1
8,full,FT_K1,regex_anchor_restored,0.2,0.9230769230769231,147,65,1
8,full,FT_K1,native_token_restored,0.05,0.5384615384615384,37,65,0.5692307692307692
8,full,FT_K1,native_token_restored,0.1,0.7384615384615385,74,65,1
8,full,FT_K1,native_token_restored,0.2,0.9230769230769231,147,65,1
8,full,FT_K3,raw_cached,0.05,0.4153846153846154,37,65,0.5692307692307692
8,full,FT_K3,raw_cached,0.1,0.5692307692307692,74,65,1
8,full,FT_K3,raw_cached,0.2,0.7384615384615385,147,65,1
8,full,FT_K3,raw_restored,0.05,0.4153846153846154,37,65,0.5692307692307692
8,full,FT_K3,raw_restored,0.1,0.5692307692307692,74,65,1
8,full,FT_K3,raw_restored,0.2,0.7538461538461538,147,65,1
8,full,FT_K3,regex_cached,0.05,0.5384615384615384,37,65,0.5692307692307692
8,full,FT_K3,regex_cached,0.1,0.7230769230769231,74,65,1
8,full,FT_K3,regex_cached,0.2,0.9076923076923077,147,65,1
8,full,FT_K3,regex_restored,0.05,0.5384615384615384,37,65,0.5692307692307692
8,full,FT_K3,regex_restored,0.1,0.7230769230769231,74,65,1
8,full,FT_K3,regex_restored,0.2,0.9076923076923077,147,65,1
8,full,FT_K3,regex_anchor_restored,0.05,0.5384615384615384,37,65,0.5692307692307692
8,full,FT_K3,regex_anchor_restored,0.1,0.7384615384615385,74,65,1
8,full,FT_K3,regex_anchor_restored,0.2,0.9230769230769231,147,65,1
8,full,FT_K3,native_token_restored,0.05,0.5384615384615384,37,65,0.5692307692307692
8,full,FT_K3,native_token_restored,0.1,0.7384615384615385,74,65,1
8,full,FT_K3,native_token_restored,0.2,0.9230769230769231,147,65,1
9,full,DT_target,raw_cached,0.05,0.4032258064516129,48,62,0.7741935483870968
9,full,DT_target,raw_cached,0.1,0.5483870967741935,95,62,1
9,full,DT_target,raw_cached,0.2,0.6451612903225806,190,62,1
9,full,DT_target,raw_restored,0.05,0.4032258064516129,48,62,0.7741935483870968
9,full,DT_target,raw_restored,0.1,0.5483870967741935,95,62,1
9,full,DT_target,raw_restored,0.2,0.6451612903225806,190,62,1
9,full,DT_target,regex_cached,0.05,0.6451612903225806,48,62,0.7741935483870968
9,full,DT_target,regex_cached,0.1,0.9354838709677419,95,62,1
9,full,DT_target,regex_cached,0.2,0.9354838709677419,190,62,1
9,full,DT_target,regex_restored,0.05,0.6451612903225806,48,62,0.7741935483870968
9,full,DT_target,regex_restored,0.1,0.9354838709677419,95,62,1
9,full,DT_target,regex_restored,0.2,0.9354838709677419,190,62,1
9,full,DT_target,regex_anchor_restored,0.05,0.6451612903225806,48,62,0.7741935483870968
9,full,DT_target,regex_anchor_restored,0.1,0.9193548387096774,95,62,1
9,full,DT_target,regex_anchor_restored,0.2,0.9193548387096774,190,62,1
9,full,DT_target,native_token_restored,0.05,0.5483870967741935,48,62,0.7741935483870968
9,full,DT_target,native_token_restored,0.1,0.9193548387096774,95,62,1
9,full,DT_target,native_token_restored,0.2,0.9193548387096774,190,62,1
9,full,FT_K1,raw_cached,0.05,0.4838709677419355,48,62,0.7741935483870968
9,full,FT_K1,raw_cached,0.1,0.7580645161290323,95,62,1
9,full,FT_K1,raw_cached,0.2,0.9838709677419355,190,62,1
9,full,FT_K1,raw_restored,0.05,0.4838709677419355,48,62,0.7741935483870968
9,full,FT_K1,raw_restored,0.1,0.7580645161290323,95,62,1
9,full,FT_K1,raw_restored,0.2,0.9838709677419355,190,62,1
9,full,FT_K1,regex_cached,0.05,0.6451612903225806,48,62,0.7741935483870968
9,full,FT_K1,regex_cached,0.1,1.0,95,62,1
9,full,FT_K1,regex_cached,0.2,1.0,190,62,1
9,full,FT_K1,regex_restored,0.05,0.6451612903225806,48,62,0.7741935483870968
9,full,FT_K1,regex_restored,0.1,1.0,95,62,1
9,full,FT_K1,regex_restored,0.2,1.0,190,62,1
9,full,FT_K1,regex_anchor_restored,0.05,0.7096774193548387,48,62,0.7741935483870968
9,full,FT_K1,regex_anchor_restored,0.1,1.0,95,62,1
9,full,FT_K1,regex_anchor_restored,0.2,1.0,190,62,1
9,full,FT_K1,native_token_restored,0.05,0.7741935483870968,48,62,0.7741935483870968
9,full,FT_K1,native_token_restored,0.1,1.0,95,62,1
9,full,FT_K1,native_token_restored,0.2,1.0,190,62,1
9,full,FT_K3,raw_cached,0.05,0.4838709677419355,48,62,0.7741935483870968
9,full,FT_K3,raw_cached,0.1,0.7580645161290323,95,62,1
9,full,FT_K3,raw_cached,0.2,0.9838709677419355,190,62,1
9,full,FT_K3,raw_restored,0.05,0.4838709677419355,48,62,0.7741935483870968
9,full,FT_K3,raw_restored,0.1,0.7580645161290323,95,62,1
9,full,FT_K3,raw_restored,0.2,0.9838709677419355,190,62,1
9,full,FT_K3,regex_cached,0.05,0.6451612903225806,48,62,0.7741935483870968
9,full,FT_K3,regex_cached,0.1,1.0,95,62,1
9,full,FT_K3,regex_cached,0.2,1.0,190,62,1
9,full,FT_K3,regex_restored,0.05,0.6451612903225806,48,62,0.7741935483870968
9,full,FT_K3,regex_restored,0.1,1.0,95,62,1
9,full,FT_K3,regex_restored,0.2,1.0,190,62,1
9,full,FT_K3,regex_anchor_restored,0.05,0.6451612903225806,48,62,0.7741935483870968
9,full,FT_K3,regex_anchor_restored,0.1,1.0,95,62,1
9,full,FT_K3,regex_anchor_restored,0.2,1.0,190,62,1
9,full,FT_K3,native_token_restored,0.05,0.7741935483870968,48,62,0.7741935483870968
9,full,FT_K3,native_token_restored,0.1,1.0,95,62,1
9,full,FT_K3,native_token_restored,0.2,1.0,190,62,1
10,full,DT_target,raw_cached,0.05,0.25,64,144,0.4444444444444444
10,full,DT_target,raw_cached,0.1,0.3472222222222222,127,144,0.8819444444444444
10,full,DT_target,raw_cached,0.2,0.4930555555555556,253,144,1
10,full,DT_target,raw_restored,0.05,0.25,64,144,0.4444444444444444
10,full,DT_target,raw_restored,0.1,0.3472222222222222,127,144,0.8819444444444444
10,full,DT_target,raw_restored,0.2,0.4930555555555556,253,144,1
10,full,DT_target,regex_cached,0.05,0.3819444444444444,64,144,0.4444444444444444
10,full,DT_target,regex_cached,0.1,0.7569444444444444,127,144,0.8819444444444444
10,full,DT_target,regex_cached,0.2,0.9652777777777778,253,144,1
10,full,DT_target,regex_restored,0.05,0.3819444444444444,64,144,0.4444444444444444
10,full,DT_target,regex_restored,0.1,0.7569444444444444,127,144,0.8819444444444444
10,full,DT_target,regex_restored,0.2,0.9652777777777778,253,144,1
10,full,DT_target,regex_anchor_restored,0.05,0.3819444444444444,64,144,0.4444444444444444
10,full,DT_target,regex_anchor_restored,0.1,0.7569444444444444,127,144,0.8819444444444444
10,full,DT_target,regex_anchor_restored,0.2,0.9652777777777778,253,144,1
10,full,DT_target,native_token_restored,0.05,0.3819444444444444,64,144,0.4444444444444444
10,full,DT_target,native_token_restored,0.1,0.7569444444444444,127,144,0.8819444444444444
10,full,DT_target,native_token_restored,0.2,1.0,253,144,1
10,full,FT_K1,raw_cached,0.05,0.3125,64,144,0.4444444444444444
10,full,FT_K1,raw_cached,0.1,0.4097222222222222,127,144,0.8819444444444444
10,full,FT_K1,raw_cached,0.2,0.5902777777777778,253,144,1
10,full,FT_K1,raw_restored,0.05,0.3125,64,144,0.4444444444444444
10,full,FT_K1,raw_restored,0.1,0.4097222222222222,127,144,0.8819444444444444
10,full,FT_K1,raw_restored,0.2,0.5902777777777778,253,144,1
10,full,FT_K1,regex_cached,0.05,0.4027777777777778,64,144,0.4444444444444444
10,full,FT_K1,regex_cached,0.1,0.7569444444444444,127,144,0.8819444444444444
10,full,FT_K1,regex_cached,0.2,0.9930555555555556,253,144,1
10,full,FT_K1,regex_restored,0.05,0.4027777777777778,64,144,0.4444444444444444
10,full,FT_K1,regex_restored,0.1,0.7569444444444444,127,144,0.8819444444444444
10,full,FT_K1,regex_restored,0.2,0.9930555555555556,253,144,1
10,full,FT_K1,regex_anchor_restored,0.05,0.4027777777777778,64,144,0.4444444444444444
10,full,FT_K1,regex_anchor_restored,0.1,0.7569444444444444,127,144,0.8819444444444444
10,full,FT_K1,regex_anchor_restored,0.2,1.0,253,144,1
10,full,FT_K1,native_token_restored,0.05,0.3819444444444444,64,144,0.4444444444444444
10,full,FT_K1,native_token_restored,0.1,0.8194444444444444,127,144,0.8819444444444444
10,full,FT_K1,native_token_restored,0.2,1.0,253,144,1
10,full,FT_K3,raw_cached,0.05,0.3125,64,144,0.4444444444444444
10,full,FT_K3,raw_cached,0.1,0.3888888888888889,127,144,0.8819444444444444
10,full,FT_K3,raw_cached,0.2,0.5833333333333334,253,144,1
10,full,FT_K3,raw_restored,0.05,0.3125,64,144,0.4444444444444444
10,full,FT_K3,raw_restored,0.1,0.3888888888888889,127,144,0.8819444444444444
10,full,FT_K3,raw_restored,0.2,0.5833333333333334,253,144,1
10,full,FT_K3,regex_cached,0.05,0.4027777777777778,64,144,0.4444444444444444
10,full,FT_K3,regex_cached,0.1,0.7569444444444444,127,144,0.8819444444444444
10,full,FT_K3,regex_cached,0.2,0.9930555555555556,253,144,1
10,full,FT_K3,regex_restored,0.05,0.4027777777777778,64,144,0.4444444444444444
10,full,FT_K3,regex_restored,0.1,0.7569444444444444,127,144,0.8819444444444444
10,full,FT_K3,regex_restored,0.2,0.9930555555555556,253,144,1
10,full,FT_K3,regex_anchor_restored,0.05,0.4027777777777778,64,144,0.4444444444444444
10,full,FT_K3,regex_anchor_restored,0.1,0.7569444444444444,127,144,0.8819444444444444
10,full,FT_K3,regex_anchor_restored,0.2,1.0,253,144,1
10,full,FT_K3,native_token_restored,0.05,0.3819444444444444,64,144,0.4444444444444444
10,full,FT_K3,native_token_restored,0.1,0.8194444444444444,127,144,0.8819444444444444
10,full,FT_K3,native_token_restored,0.2,1.0,253,144,1
11,full,DT_target,raw_cached,0.05,0.2549019607843137,45,102,0.4411764705882353
11,full,DT_target,raw_cached,0.1,0.47058823529411764,89,102,0.8725490196078431
11,full,DT_target,raw_cached,0.2,0.6764705882352942,178,102,1
11,full,DT_target,raw_restored,0.05,0.2549019607843137,45,102,0.4411764705882353
11,full,DT_target,raw_restored,0.1,0.47058823529411764,89,102,0.8725490196078431
11,full,DT_target,raw_restored,0.2,0.6764705882352942,178,102,1
11,full,DT_target,regex_cached,0.05,0.3235294117647059,45,102,0.4411764705882353
11,full,DT_target,regex_cached,0.1,0.7549019607843137,89,102,0.8725490196078431
11,full,DT_target,regex_cached,0.2,1.0,178,102,1
11,full,DT_target,regex_restored,0.05,0.3235294117647059,45,102,0.4411764705882353
11,full,DT_target,regex_restored,0.1,0.7549019607843137,89,102,0.8725490196078431
11,full,DT_target,regex_restored,0.2,1.0,178,102,1
11,full,DT_target,regex_anchor_restored,0.05,0.3333333333333333,45,102,0.4411764705882353
11,full,DT_target,regex_anchor_restored,0.1,0.7647058823529411,89,102,0.8725490196078431
11,full,DT_target,regex_anchor_restored,0.2,1.0,178,102,1
11,full,DT_target,native_token_restored,0.05,0.3333333333333333,45,102,0.4411764705882353
11,full,DT_target,native_token_restored,0.1,0.7647058823529411,89,102,0.8725490196078431
11,full,DT_target,native_token_restored,0.2,1.0,178,102,1
11,full,FT_K1,raw_cached,0.05,0.28431372549019607,45,102,0.4411764705882353
11,full,FT_K1,raw_cached,0.1,0.45098039215686275,89,102,0.8725490196078431
11,full,FT_K1,raw_cached,0.2,0.6372549019607843,178,102,1
11,full,FT_K1,raw_restored,0.05,0.28431372549019607,45,102,0.4411764705882353
11,full,FT_K1,raw_restored,0.1,0.45098039215686275,89,102,0.8725490196078431
11,full,FT_K1,raw_restored,0.2,0.6372549019607843,178,102,1
11,full,FT_K1,regex_cached,0.05,0.22549019607843138,45,102,0.4411764705882353
11,full,FT_K1,regex_cached,0.1,0.6568627450980392,89,102,0.8725490196078431
11,full,FT_K1,regex_cached,0.2,1.0,178,102,1
11,full,FT_K1,regex_restored,0.05,0.22549019607843138,45,102,0.4411764705882353
11,full,FT_K1,regex_restored,0.1,0.6568627450980392,89,102,0.8725490196078431
11,full,FT_K1,regex_restored,0.2,1.0,178,102,1
11,full,FT_K1,regex_anchor_restored,0.05,0.23529411764705882,45,102,0.4411764705882353
11,full,FT_K1,regex_anchor_restored,0.1,0.6666666666666666,89,102,0.8725490196078431
11,full,FT_K1,regex_anchor_restored,0.2,1.0,178,102,1
11,full,FT_K1,native_token_restored,0.05,0.3137254901960784,45,102,0.4411764705882353
11,full,FT_K1,native_token_restored,0.1,0.7450980392156863,89,102,0.8725490196078431
11,full,FT_K1,native_token_restored,0.2,1.0,178,102,1
11,full,FT_K3,raw_cached,0.05,0.2647058823529412,45,102,0.4411764705882353
11,full,FT_K3,raw_cached,0.1,0.46078431372549017,89,102,0.8725490196078431
11,full,FT_K3,raw_cached,0.2,0.6568627450980392,178,102,1
11,full,FT_K3,raw_restored,0.05,0.2647058823529412,45,102,0.4411764705882353
11,full,FT_K3,raw_restored,0.1,0.46078431372549017,89,102,0.8725490196078431
11,full,FT_K3,raw_restored,0.2,0.6568627450980392,178,102,1
11,full,FT_K3,regex_cached,0.05,0.23529411764705882,45,102,0.4411764705882353
11,full,FT_K3,regex_cached,0.1,0.6666666666666666,89,102,0.8725490196078431
11,full,FT_K3,regex_cached,0.2,1.0,178,102,1
11,full,FT_K3,regex_restored,0.05,0.23529411764705882,45,102,0.4411764705882353
11,full,FT_K3,regex_restored,0.1,0.6666666666666666,89,102,0.8725490196078431
11,full,FT_K3,regex_restored,0.2,1.0,178,102,1
11,full,FT_K3,regex_anchor_restored,0.05,0.23529411764705882,45,102,0.4411764705882353
11,full,FT_K3,regex_anchor_restored,0.1,0.6666666666666666,89,102,0.8725490196078431
11,full,FT_K3,regex_anchor_restored,0.2,1.0,178,102,1
11,full,FT_K3,native_token_restored,0.05,0.3137254901960784,45,102,0.4411764705882353
11,full,FT_K3,native_token_restored,0.1,0.7450980392156863,89,102,0.8725490196078431
11,full,FT_K3,native_token_restored,0.2,1.0,178,102,1
12,full,DT_target,raw_cached,0.05,0.4745762711864407,92,59,1
12,full,DT_target,raw_cached,0.1,0.6610169491525424,184,59,1
12,full,DT_target,raw_cached,0.2,0.8305084745762712,368,59,1
12,full,DT_target,raw_restored,0.05,0.4745762711864407,92,59,1
12,full,DT_target,raw_restored,0.1,0.6610169491525424,184,59,1
12,full,DT_target,raw_restored,0.2,0.8305084745762712,368,59,1
12,full,DT_target,regex_cached,0.05,1.0,92,59,1
12,full,DT_target,regex_cached,0.1,1.0,184,59,1
12,full,DT_target,regex_cached,0.2,1.0,368,59,1
12,full,DT_target,regex_restored,0.05,1.0,92,59,1
12,full,DT_target,regex_restored,0.1,1.0,184,59,1
12,full,DT_target,regex_restored,0.2,1.0,368,59,1
12,full,DT_target,regex_anchor_restored,0.05,1.0,92,59,1
12,full,DT_target,regex_anchor_restored,0.1,1.0,184,59,1
12,full,DT_target,regex_anchor_restored,0.2,1.0,368,59,1
12,full,DT_target,native_token_restored,0.05,1.0,92,59,1
12,full,DT_target,native_token_restored,0.1,1.0,184,59,1
12,full,DT_target,native_token_restored,0.2,1.0,368,59,1
12,full,FT_K1,raw_cached,0.05,0.5254237288135594,92,59,1
12,full,FT_K1,raw_cached,0.1,0.7288135593220338,184,59,1
12,full,FT_K1,raw_cached,0.2,0.8813559322033898,368,59,1
12,full,FT_K1,raw_restored,0.05,0.5254237288135594,92,59,1
12,full,FT_K1,raw_restored,0.1,0.7288135593220338,184,59,1
12,full,FT_K1,raw_restored,0.2,0.8813559322033898,368,59,1
12,full,FT_K1,regex_cached,0.05,1.0,92,59,1
12,full,FT_K1,regex_cached,0.1,1.0,184,59,1
12,full,FT_K1,regex_cached,0.2,1.0,368,59,1
12,full,FT_K1,regex_restored,0.05,1.0,92,59,1
12,full,FT_K1,regex_restored,0.1,1.0,184,59,1
12,full,FT_K1,regex_restored,0.2,1.0,368,59,1
12,full,FT_K1,regex_anchor_restored,0.05,1.0,92,59,1
12,full,FT_K1,regex_anchor_restored,0.1,1.0,184,59,1
12,full,FT_K1,regex_anchor_restored,0.2,1.0,368,59,1
12,full,FT_K1,native_token_restored,0.05,1.0,92,59,1
12,full,FT_K1,native_token_restored,0.1,1.0,184,59,1
12,full,FT_K1,native_token_restored,0.2,1.0,368,59,1
12,full,FT_K3,raw_cached,0.05,0.5084745762711864,92,59,1
12,full,FT_K3,raw_cached,0.1,0.7288135593220338,184,59,1
12,full,FT_K3,raw_cached,0.2,0.8813559322033898,368,59,1
12,full,FT_K3,raw_restored,0.05,0.5084745762711864,92,59,1
12,full,FT_K3,raw_restored,0.1,0.7288135593220338,184,59,1
12,full,FT_K3,raw_restored,0.2,0.8813559322033898,368,59,1
12,full,FT_K3,regex_cached,0.05,1.0,92,59,1
12,full,FT_K3,regex_cached,0.1,1.0,184,59,1
12,full,FT_K3,regex_cached,0.2,1.0,368,59,1
12,full,FT_K3,regex_restored,0.05,1.0,92,59,1
12,full,FT_K3,regex_restored,0.1,1.0,184,59,1
12,full,FT_K3,regex_restored,0.2,1.0,368,59,1
12,full,FT_K3,regex_anchor_restored,0.05,1.0,92,59,1
12,full,FT_K3,regex_anchor_restored,0.1,1.0,184,59,1
12,full,FT_K3,regex_anchor_restored,0.2,1.0,368,59,1
12,full,FT_K3,native_token_restored,0.05,1.0,92,59,1
12,full,FT_K3,native_token_restored,0.1,1.0,184,59,1
12,full,FT_K3,native_token_restored,0.2,1.0,368,59,1
13,full,DT_target,raw_cached,0.05,0.13953488372093023,83,86,0.9651162790697675
13,full,DT_target,raw_cached,0.1,0.2441860465116279,166,86,1
13,full,DT_target,raw_cached,0.2,0.38372093023255816,332,86,1
13,full,DT_target,raw_restored,0.05,0.13953488372093023,83,86,0.9651162790697675
13,full,DT_target,raw_restored,0.1,0.2441860465116279,166,86,1
13,full,DT_target,raw_restored,0.2,0.38372093023255816,332,86,1
13,full,DT_target,regex_cached,0.05,0.3372093023255814,83,86,0.9651162790697675
13,full,DT_target,regex_cached,0.1,0.4883720930232558,166,86,1
13,full,DT_target,regex_cached,0.2,1.0,332,86,1
13,full,DT_target,regex_restored,0.05,0.3372093023255814,83,86,0.9651162790697675
13,full,DT_target,regex_restored,0.1,0.4883720930232558,166,86,1
13,full,DT_target,regex_restored,0.2,1.0,332,86,1
13,full,DT_target,regex_anchor_restored,0.05,0.3372093023255814,83,86,0.9651162790697675
13,full,DT_target,regex_anchor_restored,0.1,0.4883720930232558,166,86,1
13,full,DT_target,regex_anchor_restored,0.2,1.0,332,86,1
13,full,DT_target,native_token_restored,0.05,0.3372093023255814,83,86,0.9651162790697675
13,full,DT_target,native_token_restored,0.1,0.3372093023255814,166,86,1
13,full,DT_target,native_token_restored,0.2,1.0,332,86,1
13,full,FT_K1,raw_cached,0.05,0.20930232558139536,83,86,0.9651162790697675
13,full,FT_K1,raw_cached,0.1,0.27906976744186046,166,86,1
13,full,FT_K1,raw_cached,0.2,0.43023255813953487,332,86,1
13,full,FT_K1,raw_restored,0.05,0.20930232558139536,83,86,0.9651162790697675
13,full,FT_K1,raw_restored,0.1,0.27906976744186046,166,86,1
13,full,FT_K1,raw_restored,0.2,0.43023255813953487,332,86,1
13,full,FT_K1,regex_cached,0.05,0.3372093023255814,83,86,0.9651162790697675
13,full,FT_K1,regex_cached,0.1,0.3372093023255814,166,86,1
13,full,FT_K1,regex_cached,0.2,0.3372093023255814,332,86,1
13,full,FT_K1,regex_restored,0.05,0.3372093023255814,83,86,0.9651162790697675
13,full,FT_K1,regex_restored,0.1,0.3372093023255814,166,86,1
13,full,FT_K1,regex_restored,0.2,0.3372093023255814,332,86,1
13,full,FT_K1,regex_anchor_restored,0.05,0.3372093023255814,83,86,0.9651162790697675
13,full,FT_K1,regex_anchor_restored,0.1,0.3372093023255814,166,86,1
13,full,FT_K1,regex_anchor_restored,0.2,0.3372093023255814,332,86,1
13,full,FT_K1,native_token_restored,0.05,0.3372093023255814,83,86,0.9651162790697675
13,full,FT_K1,native_token_restored,0.1,0.3372093023255814,166,86,1
13,full,FT_K1,native_token_restored,0.2,0.3372093023255814,332,86,1
13,full,FT_K3,raw_cached,0.05,0.19767441860465115,83,86,0.9651162790697675
13,full,FT_K3,raw_cached,0.1,0.27906976744186046,166,86,1
13,full,FT_K3,raw_cached,0.2,0.43023255813953487,332,86,1
13,full,FT_K3,raw_restored,0.05,0.19767441860465115,83,86,0.9651162790697675
13,full,FT_K3,raw_restored,0.1,0.27906976744186046,166,86,1
13,full,FT_K3,raw_restored,0.2,0.43023255813953487,332,86,1
13,full,FT_K3,regex_cached,0.05,0.3372093023255814,83,86,0.9651162790697675
13,full,FT_K3,regex_cached,0.1,0.3372093023255814,166,86,1
13,full,FT_K3,regex_cached,0.2,0.3372093023255814,332,86,1
13,full,FT_K3,regex_restored,0.05,0.3372093023255814,83,86,0.9651162790697675
13,full,FT_K3,regex_restored,0.1,0.3372093023255814,166,86,1
13,full,FT_K3,regex_restored,0.2,0.3372093023255814,332,86,1
13,full,FT_K3,regex_anchor_restored,0.05,0.3372093023255814,83,86,0.9651162790697675
13,full,FT_K3,regex_anchor_restored,0.1,0.3372093023255814,166,86,1
13,full,FT_K3,regex_anchor_restored,0.2,0.3372093023255814,332,86,1
13,full,FT_K3,native_token_restored,0.05,0.3372093023255814,83,86,0.9651162790697675
13,full,FT_K3,native_token_restored,0.1,0.3372093023255814,166,86,1
13,full,FT_K3,native_token_restored,0.2,0.3372093023255814,332,86,1
14,full,DT_target,raw_cached,0.05,0.23529411764705882,63,68,0.9264705882352942
14,full,DT_target,raw_cached,0.1,0.3382352941176471,125,68,1
14,full,DT_target,raw_cached,0.2,0.5,250,68,1
14,full,DT_target,raw_restored,0.05,0.23529411764705882,63,68,0.9264705882352942
14,full,DT_target,raw_restored,0.1,0.3382352941176471,125,68,1
14,full,DT_target,raw_restored,0.2,0.5,250,68,1
14,full,DT_target,regex_cached,0.05,0.45588235294117646,63,68,0.9264705882352942
14,full,DT_target,regex_cached,0.1,0.7205882352941176,125,68,1
14,full,DT_target,regex_cached,0.2,0.7205882352941176,250,68,1
14,full,DT_target,regex_restored,0.05,0.45588235294117646,63,68,0.9264705882352942
14,full,DT_target,regex_restored,0.1,0.7205882352941176,125,68,1
14,full,DT_target,regex_restored,0.2,0.7205882352941176,250,68,1
14,full,DT_target,regex_anchor_restored,0.05,0.7058823529411765,63,68,0.9264705882352942
14,full,DT_target,regex_anchor_restored,0.1,0.7058823529411765,125,68,1
14,full,DT_target,regex_anchor_restored,0.2,0.7058823529411765,250,68,1
14,full,DT_target,native_token_restored,0.05,0.45588235294117646,63,68,0.9264705882352942
14,full,DT_target,native_token_restored,0.1,0.45588235294117646,125,68,1
14,full,DT_target,native_token_restored,0.2,1.0,250,68,1
14,full,FT_K1,raw_cached,0.05,0.36764705882352944,63,68,0.9264705882352942
14,full,FT_K1,raw_cached,0.1,0.5,125,68,1
14,full,FT_K1,raw_cached,0.2,0.6764705882352942,250,68,1
14,full,FT_K1,raw_restored,0.05,0.36764705882352944,63,68,0.9264705882352942
14,full,FT_K1,raw_restored,0.1,0.5,125,68,1
14,full,FT_K1,raw_restored,0.2,0.6764705882352942,250,68,1
14,full,FT_K1,regex_cached,0.05,0.45588235294117646,63,68,0.9264705882352942
14,full,FT_K1,regex_cached,0.1,0.7205882352941176,125,68,1
14,full,FT_K1,regex_cached,0.2,1.0,250,68,1
14,full,FT_K1,regex_restored,0.05,0.45588235294117646,63,68,0.9264705882352942
14,full,FT_K1,regex_restored,0.1,0.7205882352941176,125,68,1
14,full,FT_K1,regex_restored,0.2,1.0,250,68,1
14,full,FT_K1,regex_anchor_restored,0.05,0.45588235294117646,63,68,0.9264705882352942
14,full,FT_K1,regex_anchor_restored,0.1,0.7058823529411765,125,68,1
14,full,FT_K1,regex_anchor_restored,0.2,1.0,250,68,1
14,full,FT_K1,native_token_restored,0.05,0.45588235294117646,63,68,0.9264705882352942
14,full,FT_K1,native_token_restored,0.1,0.45588235294117646,125,68,1
14,full,FT_K1,native_token_restored,0.2,1.0,250,68,1
14,full,FT_K3,raw_cached,0.05,0.36764705882352944,63,68,0.9264705882352942
14,full,FT_K3,raw_cached,0.1,0.5,125,68,1
14,full,FT_K3,raw_cached,0.2,0.6323529411764706,250,68,1
14,full,FT_K3,raw_restored,0.05,0.36764705882352944,63,68,0.9264705882352942
14,full,FT_K3,raw_restored,0.1,0.5,125,68,1
14,full,FT_K3,raw_restored,0.2,0.6323529411764706,250,68,1
14,full,FT_K3,regex_cached,0.05,0.45588235294117646,63,68,0.9264705882352942
14,full,FT_K3,regex_cached,0.1,0.7205882352941176,125,68,1
14,full,FT_K3,regex_cached,0.2,1.0,250,68,1
14,full,FT_K3,regex_restored,0.05,0.45588235294117646,63,68,0.9264705882352942
14,full,FT_K3,regex_restored,0.1,0.7205882352941176,125,68,1
14,full,FT_K3,regex_restored,0.2,1.0,250,68,1
14,full,FT_K3,regex_anchor_restored,0.05,0.45588235294117646,63,68,0.9264705882352942
14,full,FT_K3,regex_anchor_restored,0.1,0.7058823529411765,125,68,1
14,full,FT_K3,regex_anchor_restored,0.2,1.0,250,68,1
14,full,FT_K3,native_token_restored,0.05,0.45588235294117646,63,68,0.9264705882352942
14,full,FT_K3,native_token_restored,0.1,0.45588235294117646,125,68,1
14,full,FT_K3,native_token_restored,0.2,1.0,250,68,1
15,full,DT_target,raw_cached,0.05,0.27884615384615385,58,104,0.5576923076923077
15,full,DT_target,raw_cached,0.1,0.4230769230769231,115,104,1
15,full,DT_target,raw_cached,0.2,0.5673076923076923,229,104,1
15,full,DT_target,raw_restored,0.05,0.27884615384615385,58,104,0.5576923076923077
15,full,DT_target,raw_restored,0.1,0.4230769230769231,115,104,1
15,full,DT_target,raw_restored,0.2,0.5673076923076923,229,104,1
15,full,DT_target,regex_cached,0.05,0.4807692307692308,58,104,0.5576923076923077
15,full,DT_target,regex_cached,0.1,0.6538461538461539,115,104,1
15,full,DT_target,regex_cached,0.2,1.0,229,104,1
15,full,DT_target,regex_restored,0.05,0.4807692307692308,58,104,0.5576923076923077
15,full,DT_target,regex_restored,0.1,0.6538461538461539,115,104,1
15,full,DT_target,regex_restored,0.2,1.0,229,104,1
15,full,DT_target,regex_anchor_restored,0.05,0.49038461538461536,58,104,0.5576923076923077
15,full,DT_target,regex_anchor_restored,0.1,0.5576923076923077,115,104,1
15,full,DT_target,regex_anchor_restored,0.2,1.0,229,104,1
15,full,DT_target,native_token_restored,0.05,0.4326923076923077,58,104,0.5576923076923077
15,full,DT_target,native_token_restored,0.1,0.5576923076923077,115,104,1
15,full,DT_target,native_token_restored,0.2,1.0,229,104,1
15,full,FT_K1,raw_cached,0.05,0.25,58,104,0.5576923076923077
15,full,FT_K1,raw_cached,0.1,0.41346153846153844,115,104,1
15,full,FT_K1,raw_cached,0.2,0.5480769230769231,229,104,1
15,full,FT_K1,raw_restored,0.05,0.25,58,104,0.5576923076923077
15,full,FT_K1,raw_restored,0.1,0.41346153846153844,115,104,1
15,full,FT_K1,raw_restored,0.2,0.5480769230769231,229,104,1
15,full,FT_K1,regex_cached,0.05,0.41346153846153844,58,104,0.5576923076923077
15,full,FT_K1,regex_cached,0.1,0.41346153846153844,115,104,1
15,full,FT_K1,regex_cached,0.2,0.8076923076923077,229,104,1
15,full,FT_K1,regex_restored,0.05,0.41346153846153844,58,104,0.5576923076923077
15,full,FT_K1,regex_restored,0.1,0.41346153846153844,115,104,1
15,full,FT_K1,regex_restored,0.2,0.8076923076923077,229,104,1
15,full,FT_K1,regex_anchor_restored,0.05,0.4326923076923077,58,104,0.5576923076923077
15,full,FT_K1,regex_anchor_restored,0.1,0.4326923076923077,115,104,1
15,full,FT_K1,regex_anchor_restored,0.2,0.7692307692307693,229,104,1
15,full,FT_K1,native_token_restored,0.05,0.4326923076923077,58,104,0.5576923076923077
15,full,FT_K1,native_token_restored,0.1,0.4326923076923077,115,104,1
15,full,FT_K1,native_token_restored,0.2,0.7403846153846154,229,104,1
15,full,FT_K3,raw_cached,0.05,0.25,58,104,0.5576923076923077
15,full,FT_K3,raw_cached,0.1,0.4230769230769231,115,104,1
15,full,FT_K3,raw_cached,0.2,0.5480769230769231,229,104,1
15,full,FT_K3,raw_restored,0.05,0.25,58,104,0.5576923076923077
15,full,FT_K3,raw_restored,0.1,0.4230769230769231,115,104,1
15,full,FT_K3,raw_restored,0.2,0.5480769230769231,229,104,1
15,full,FT_K3,regex_cached,0.05,0.41346153846153844,58,104,0.5576923076923077
15,full,FT_K3,regex_cached,0.1,0.41346153846153844,115,104,1
15,full,FT_K3,regex_cached,0.2,0.8076923076923077,229,104,1
15,full,FT_K3,regex_restored,0.05,0.41346153846153844,58,104,0.5576923076923077
15,full,FT_K3,regex_restored,0.1,0.41346153846153844,115,104,1
15,full,FT_K3,regex_restored,0.2,0.8076923076923077,229,104,1
15,full,FT_K3,regex_anchor_restored,0.05,0.4326923076923077,58,104,0.5576923076923077
15,full,FT_K3,regex_anchor_restored,0.1,0.4519230769230769,115,104,1
15,full,FT_K3,regex_anchor_restored,0.2,0.7692307692307693,229,104,1
15,full,FT_K3,native_token_restored,0.05,0.4326923076923077,58,104,0.5576923076923077
15,full,FT_K3,native_token_restored,0.1,0.4326923076923077,115,104,1
15,full,FT_K3,native_token_restored,0.2,0.7403846153846154,229,104,1
16,full,DT_target,raw_cached,0.05,0.24242424242424243,49,33,1
16,full,DT_target,raw_cached,0.1,0.48484848484848486,98,33,1
16,full,DT_target,raw_cached,0.2,0.7575757575757576,195,33,1
16,full,DT_target,raw_restored,0.05,0.24242424242424243,49,33,1
16,full,DT_target,raw_restored,0.1,0.48484848484848486,98,33,1
16,full,DT_target,raw_restored,0.2,0.7575757575757576,195,33,1
16,full,DT_target,regex_cached,0.05,0.5757575757575758,49,33,1
16,full,DT_target,regex_cached,0.1,0.8484848484848485,98,33,1
16,full,DT_target,regex_cached,0.2,1.0,195,33,1
16,full,DT_target,regex_restored,0.05,0.5757575757575758,49,33,1
16,full,DT_target,regex_restored,0.1,0.8484848484848485,98,33,1
16,full,DT_target,regex_restored,0.2,1.0,195,33,1
16,full,DT_target,regex_anchor_restored,0.05,0.5454545454545454,49,33,1
16,full,DT_target,regex_anchor_restored,0.1,0.5454545454545454,98,33,1
16,full,DT_target,regex_anchor_restored,0.2,1.0,195,33,1
16,full,DT_target,native_token_restored,0.05,0.5454545454545454,49,33,1
16,full,DT_target,native_token_restored,0.1,0.5454545454545454,98,33,1
16,full,DT_target,native_token_restored,0.2,1.0,195,33,1
16,full,FT_K1,raw_cached,0.05,0.15151515151515152,49,33,1
16,full,FT_K1,raw_cached,0.1,0.3939393939393939,98,33,1
16,full,FT_K1,raw_cached,0.2,0.5151515151515151,195,33,1
16,full,FT_K1,raw_restored,0.05,0.15151515151515152,49,33,1
16,full,FT_K1,raw_restored,0.1,0.3939393939393939,98,33,1
16,full,FT_K1,raw_restored,0.2,0.5151515151515151,195,33,1
16,full,FT_K1,regex_cached,0.05,0.5757575757575758,49,33,1
16,full,FT_K1,regex_cached,0.1,0.5757575757575758,98,33,1
16,full,FT_K1,regex_cached,0.2,0.5757575757575758,195,33,1
16,full,FT_K1,regex_restored,0.05,0.5757575757575758,49,33,1
16,full,FT_K1,regex_restored,0.1,0.5757575757575758,98,33,1
16,full,FT_K1,regex_restored,0.2,0.5757575757575758,195,33,1
16,full,FT_K1,regex_anchor_restored,0.05,0.5454545454545454,49,33,1
16,full,FT_K1,regex_anchor_restored,0.1,0.5454545454545454,98,33,1
16,full,FT_K1,regex_anchor_restored,0.2,0.5454545454545454,195,33,1
16,full,FT_K1,native_token_restored,0.05,0.5454545454545454,49,33,1
16,full,FT_K1,native_token_restored,0.1,0.5454545454545454,98,33,1
16,full,FT_K1,native_token_restored,0.2,0.5454545454545454,195,33,1
16,full,FT_K3,raw_cached,0.05,0.15151515151515152,49,33,1
16,full,FT_K3,raw_cached,0.1,0.42424242424242425,98,33,1
16,full,FT_K3,raw_cached,0.2,0.5151515151515151,195,33,1
16,full,FT_K3,raw_restored,0.05,0.15151515151515152,49,33,1
16,full,FT_K3,raw_restored,0.1,0.42424242424242425,98,33,1
16,full,FT_K3,raw_restored,0.2,0.5151515151515151,195,33,1
16,full,FT_K3,regex_cached,0.05,0.5757575757575758,49,33,1
16,full,FT_K3,regex_cached,0.1,0.5757575757575758,98,33,1
16,full,FT_K3,regex_cached,0.2,0.5757575757575758,195,33,1
16,full,FT_K3,regex_restored,0.05,0.5757575757575758,49,33,1
16,full,FT_K3,regex_restored,0.1,0.5757575757575758,98,33,1
16,full,FT_K3,regex_restored,0.2,0.5757575757575758,195,33,1
16,full,FT_K3,regex_anchor_restored,0.05,0.5454545454545454,49,33,1
16,full,FT_K3,regex_anchor_restored,0.1,0.5454545454545454,98,33,1
16,full,FT_K3,regex_anchor_restored,0.2,0.5454545454545454,195,33,1
16,full,FT_K3,native_token_restored,0.05,0.5454545454545454,49,33,1
16,full,FT_K3,native_token_restored,0.1,0.5454545454545454,98,33,1
16,full,FT_K3,native_token_restored,0.2,0.5454545454545454,195,33,1
17,full,DT_target,raw_cached,0.05,0.15853658536585366,48,82,0.5853658536585366
17,full,DT_target,raw_cached,0.1,0.34146341463414637,95,82,1
17,full,DT_target,raw_cached,0.2,0.5365853658536586,190,82,1
17,full,DT_target,raw_restored,0.05,0.15853658536585366,48,82,0.5853658536585366
17,full,DT_target,raw_restored,0.1,0.34146341463414637,95,82,1
17,full,DT_target,raw_restored,0.2,0.5365853658536586,190,82,1
17,full,DT_target,regex_cached,0.05,0.21951219512195122,48,82,0.5853658536585366
17,full,DT_target,regex_cached,0.1,0.4024390243902439,95,82,1
17,full,DT_target,regex_cached,0.2,0.9024390243902439,190,82,1
17,full,DT_target,regex_restored,0.05,0.21951219512195122,48,82,0.5853658536585366
17,full,DT_target,regex_restored,0.1,0.4024390243902439,95,82,1
17,full,DT_target,regex_restored,0.2,0.9024390243902439,190,82,1
17,full,DT_target,regex_anchor_restored,0.05,0.21951219512195122,48,82,0.5853658536585366
17,full,DT_target,regex_anchor_restored,0.1,0.4024390243902439,95,82,1
17,full,DT_target,regex_anchor_restored,0.2,0.9390243902439024,190,82,1
17,full,DT_target,native_token_restored,0.05,0.18292682926829268,48,82,0.5853658536585366
17,full,DT_target,native_token_restored,0.1,0.4024390243902439,95,82,1
17,full,DT_target,native_token_restored,0.2,0.9390243902439024,190,82,1
17,full,FT_K1,raw_cached,0.05,0.13414634146341464,48,82,0.5853658536585366
17,full,FT_K1,raw_cached,0.1,0.2804878048780488,95,82,1
17,full,FT_K1,raw_cached,0.2,0.5121951219512195,190,82,1
17,full,FT_K1,raw_restored,0.05,0.13414634146341464,48,82,0.5853658536585366
17,full,FT_K1,raw_restored,0.1,0.2804878048780488,95,82,1
17,full,FT_K1,raw_restored,0.2,0.5121951219512195,190,82,1
17,full,FT_K1,regex_cached,0.05,0.35365853658536583,48,82,0.5853658536585366
17,full,FT_K1,regex_cached,0.1,0.4024390243902439,95,82,1
17,full,FT_K1,regex_cached,0.2,1.0,190,82,1
17,full,FT_K1,regex_restored,0.05,0.35365853658536583,48,82,0.5853658536585366
17,full,FT_K1,regex_restored,0.1,0.4024390243902439,95,82,1
17,full,FT_K1,regex_restored,0.2,1.0,190,82,1
17,full,FT_K1,regex_anchor_restored,0.05,0.36585365853658536,48,82,0.5853658536585366
17,full,FT_K1,regex_anchor_restored,0.1,0.4024390243902439,95,82,1
17,full,FT_K1,regex_anchor_restored,0.2,0.6829268292682927,190,82,1
17,full,FT_K1,native_token_restored,0.05,0.4024390243902439,48,82,0.5853658536585366
17,full,FT_K1,native_token_restored,0.1,0.4024390243902439,95,82,1
17,full,FT_K1,native_token_restored,0.2,0.6585365853658537,190,82,1
17,full,FT_K3,raw_cached,0.05,0.13414634146341464,48,82,0.5853658536585366
17,full,FT_K3,raw_cached,0.1,0.2804878048780488,95,82,1
17,full,FT_K3,raw_cached,0.2,0.5121951219512195,190,82,1
17,full,FT_K3,raw_restored,0.05,0.13414634146341464,48,82,0.5853658536585366
17,full,FT_K3,raw_restored,0.1,0.2804878048780488,95,82,1
17,full,FT_K3,raw_restored,0.2,0.5121951219512195,190,82,1
17,full,FT_K3,regex_cached,0.05,0.35365853658536583,48,82,0.5853658536585366
17,full,FT_K3,regex_cached,0.1,0.4024390243902439,95,82,1
17,full,FT_K3,regex_cached,0.2,1.0,190,82,1
17,full,FT_K3,regex_restored,0.05,0.35365853658536583,48,82,0.5853658536585366
17,full,FT_K3,regex_restored,0.1,0.4024390243902439,95,82,1
17,full,FT_K3,regex_restored,0.2,1.0,190,82,1
17,full,FT_K3,regex_anchor_restored,0.05,0.36585365853658536,48,82,0.5853658536585366
17,full,FT_K3,regex_anchor_restored,0.1,0.4024390243902439,95,82,1
17,full,FT_K3,regex_anchor_restored,0.2,0.6829268292682927,190,82,1
17,full,FT_K3,native_token_restored,0.05,0.4024390243902439,48,82,0.5853658536585366
17,full,FT_K3,native_token_restored,0.1,0.4024390243902439,95,82,1
17,full,FT_K3,native_token_restored,0.2,0.6585365853658537,190,82,1
18,full,DT_target,raw_cached,0.05,0.16494845360824742,65,97,0.6701030927835051
18,full,DT_target,raw_cached,0.1,0.31958762886597936,130,97,1
18,full,DT_target,raw_cached,0.2,0.5051546391752577,259,97,1
18,full,DT_target,raw_restored,0.05,0.16494845360824742,65,97,0.6701030927835051
18,full,DT_target,raw_restored,0.1,0.31958762886597936,130,97,1
18,full,DT_target,raw_restored,0.2,0.5051546391752577,259,97,1
18,full,DT_target,regex_cached,0.05,0.3711340206185567,65,97,0.6701030927835051
18,full,DT_target,regex_cached,0.1,0.8556701030927835,130,97,1
18,full,DT_target,regex_cached,0.2,1.0,259,97,1
18,full,DT_target,regex_restored,0.05,0.3711340206185567,65,97,0.6701030927835051
18,full,DT_target,regex_restored,0.1,0.8556701030927835,130,97,1
18,full,DT_target,regex_restored,0.2,1.0,259,97,1
18,full,DT_target,regex_anchor_restored,0.05,0.3711340206185567,65,97,0.6701030927835051
18,full,DT_target,regex_anchor_restored,0.1,0.8865979381443299,130,97,1
18,full,DT_target,regex_anchor_restored,0.2,1.0,259,97,1
18,full,DT_target,native_token_restored,0.05,0.3711340206185567,65,97,0.6701030927835051
18,full,DT_target,native_token_restored,0.1,1.0,130,97,1
18,full,DT_target,native_token_restored,0.2,1.0,259,97,1
18,full,FT_K1,raw_cached,0.05,0.21649484536082475,65,97,0.6701030927835051
18,full,FT_K1,raw_cached,0.1,0.32989690721649484,130,97,1
18,full,FT_K1,raw_cached,0.2,0.41237113402061853,259,97,1
18,full,FT_K1,raw_restored,0.05,0.21649484536082475,65,97,0.6701030927835051
18,full,FT_K1,raw_restored,0.1,0.32989690721649484,130,97,1
18,full,FT_K1,raw_restored,0.2,0.41237113402061853,259,97,1
18,full,FT_K1,regex_cached,0.05,0.3711340206185567,65,97,0.6701030927835051
18,full,FT_K1,regex_cached,0.1,0.3711340206185567,130,97,1
18,full,FT_K1,regex_cached,0.2,0.7010309278350515,259,97,1
18,full,FT_K1,regex_restored,0.05,0.3711340206185567,65,97,0.6701030927835051
18,full,FT_K1,regex_restored,0.1,0.3711340206185567,130,97,1
18,full,FT_K1,regex_restored,0.2,0.7010309278350515,259,97,1
18,full,FT_K1,regex_anchor_restored,0.05,0.3711340206185567,65,97,0.6701030927835051
18,full,FT_K1,regex_anchor_restored,0.1,0.3711340206185567,130,97,1
18,full,FT_K1,regex_anchor_restored,0.2,0.5051546391752577,259,97,1
18,full,FT_K1,native_token_restored,0.05,0.3711340206185567,65,97,0.6701030927835051
18,full,FT_K1,native_token_restored,0.1,0.3711340206185567,130,97,1
18,full,FT_K1,native_token_restored,0.2,0.38144329896907214,259,97,1
18,full,FT_K3,raw_cached,0.05,0.21649484536082475,65,97,0.6701030927835051
18,full,FT_K3,raw_cached,0.1,0.30927835051546393,130,97,1
18,full,FT_K3,raw_cached,0.2,0.4020618556701031,259,97,1
18,full,FT_K3,raw_restored,0.05,0.21649484536082475,65,97,0.6701030927835051
18,full,FT_K3,raw_restored,0.1,0.30927835051546393,130,97,1
18,full,FT_K3,raw_restored,0.2,0.4020618556701031,259,97,1
18,full,FT_K3,regex_cached,0.05,0.3711340206185567,65,97,0.6701030927835051
18,full,FT_K3,regex_cached,0.1,0.3711340206185567,130,97,1
18,full,FT_K3,regex_cached,0.2,0.6701030927835051,259,97,1
18,full,FT_K3,regex_restored,0.05,0.3711340206185567,65,97,0.6701030927835051
18,full,FT_K3,regex_restored,0.1,0.3711340206185567,130,97,1
18,full,FT_K3,regex_restored,0.2,0.6701030927835051,259,97,1
18,full,FT_K3,regex_anchor_restored,0.05,0.3711340206185567,65,97,0.6701030927835051
18,full,FT_K3,regex_anchor_restored,0.1,0.3711340206185567,130,97,1
18,full,FT_K3,regex_anchor_restored,0.2,0.4742268041237113,259,97,1
18,full,FT_K3,native_token_restored,0.05,0.3711340206185567,65,97,0.6701030927835051
18,full,FT_K3,native_token_restored,0.1,0.3711340206185567,130,97,1
18,full,FT_K3,native_token_restored,0.2,0.38144329896907214,259,97,1
19,full,DT_target,raw_cached,0.05,0.3333333333333333,45,75,0.6
19,full,DT_target,raw_cached,0.1,0.5066666666666667,90,75,1
19,full,DT_target,raw_cached,0.2,0.6666666666666666,179,75,1
19,full,DT_target,raw_restored,0.05,0.3333333333333333,45,75,0.6
19,full,DT_target,raw_restored,0.1,0.5066666666666667,90,75,1
19,full,DT_target,raw_restored,0.2,0.6666666666666666,179,75,1
19,full,DT_target,regex_cached,0.05,0.5333333333333333,45,75,0.6
19,full,DT_target,regex_cached,0.1,0.9866666666666667,90,75,1
19,full,DT_target,regex_cached,0.2,1.0,179,75,1
19,full,DT_target,regex_restored,0.05,0.5333333333333333,45,75,0.6
19,full,DT_target,regex_restored,0.1,0.9866666666666667,90,75,1
19,full,DT_target,regex_restored,0.2,1.0,179,75,1
19,full,DT_target,regex_anchor_restored,0.05,0.5333333333333333,45,75,0.6
19,full,DT_target,regex_anchor_restored,0.1,0.92,90,75,1
19,full,DT_target,regex_anchor_restored,0.2,1.0,179,75,1
19,full,DT_target,native_token_restored,0.05,0.56,45,75,0.6
19,full,DT_target,native_token_restored,0.1,1.0,90,75,1
19,full,DT_target,native_token_restored,0.2,1.0,179,75,1
19,full,FT_K1,raw_cached,0.05,0.4266666666666667,45,75,0.6
19,full,FT_K1,raw_cached,0.1,0.5866666666666667,90,75,1
19,full,FT_K1,raw_cached,0.2,0.7333333333333333,179,75,1
19,full,FT_K1,raw_restored,0.05,0.4266666666666667,45,75,0.6
19,full,FT_K1,raw_restored,0.1,0.5866666666666667,90,75,1
19,full,FT_K1,raw_restored,0.2,0.7333333333333333,179,75,1
19,full,FT_K1,regex_cached,0.05,0.5333333333333333,45,75,0.6
19,full,FT_K1,regex_cached,0.1,1.0,90,75,1
19,full,FT_K1,regex_cached,0.2,1.0,179,75,1
19,full,FT_K1,regex_restored,0.05,0.5333333333333333,45,75,0.6
19,full,FT_K1,regex_restored,0.1,1.0,90,75,1
19,full,FT_K1,regex_restored,0.2,1.0,179,75,1
19,full,FT_K1,regex_anchor_restored,0.05,0.52,45,75,0.6
19,full,FT_K1,regex_anchor_restored,0.1,1.0,90,75,1
19,full,FT_K1,regex_anchor_restored,0.2,1.0,179,75,1
19,full,FT_K1,native_token_restored,0.05,0.49333333333333335,45,75,0.6
19,full,FT_K1,native_token_restored,0.1,1.0,90,75,1
19,full,FT_K1,native_token_restored,0.2,1.0,179,75,1
19,full,FT_K3,raw_cached,0.05,0.41333333333333333,45,75,0.6
19,full,FT_K3,raw_cached,0.1,0.6,90,75,1
19,full,FT_K3,raw_cached,0.2,0.7466666666666667,179,75,1
19,full,FT_K3,raw_restored,0.05,0.41333333333333333,45,75,0.6
19,full,FT_K3,raw_restored,0.1,0.6,90,75,1
19,full,FT_K3,raw_restored,0.2,0.7466666666666667,179,75,1
19,full,FT_K3,regex_cached,0.05,0.5333333333333333,45,75,0.6
19,full,FT_K3,regex_cached,0.1,1.0,90,75,1
19,full,FT_K3,regex_cached,0.2,1.0,179,75,1
19,full,FT_K3,regex_restored,0.05,0.5333333333333333,45,75,0.6
19,full,FT_K3,regex_restored,0.1,1.0,90,75,1
19,full,FT_K3,regex_restored,0.2,1.0,179,75,1
19,full,FT_K3,regex_anchor_restored,0.05,0.52,45,75,0.6
19,full,FT_K3,regex_anchor_restored,0.1,1.0,90,75,1
19,full,FT_K3,regex_anchor_restored,0.2,1.0,179,75,1
19,full,FT_K3,native_token_restored,0.05,0.49333333333333335,45,75,0.6
19,full,FT_K3,native_token_restored,0.1,1.0,90,75,1
19,full,FT_K3,native_token_restored,0.2,1.0,179,75,1
20,full,DT_target,raw_cached,0.05,0.08888888888888889,57,45,1
20,full,DT_target,raw_cached,0.1,0.2,114,45,1
20,full,DT_target,raw_cached,0.2,0.28888888888888886,227,45,1
20,full,DT_target,raw_restored,0.05,0.08888888888888889,57,45,1
20,full,DT_target,raw_restored,0.1,0.2,114,45,1
20,full,DT_target,raw_restored,0.2,0.28888888888888886,227,45,1
20,full,DT_target,regex_cached,0.05,0.13333333333333333,57,45,1
20,full,DT_target,regex_cached,0.1,0.13333333333333333,114,45,1
20,full,DT_target,regex_cached,0.2,0.15555555555555556,227,45,1
20,full,DT_target,regex_restored,0.05,0.13333333333333333,57,45,1
20,full,DT_target,regex_restored,0.1,0.13333333333333333,114,45,1
20,full,DT_target,regex_restored,0.2,0.15555555555555556,227,45,1
20,full,DT_target,regex_anchor_restored,0.05,0.15555555555555556,57,45,1
20,full,DT_target,regex_anchor_restored,0.1,0.15555555555555556,114,45,1
20,full,DT_target,regex_anchor_restored,0.2,0.15555555555555556,227,45,1
20,full,DT_target,native_token_restored,0.05,0.15555555555555556,57,45,1
20,full,DT_target,native_token_restored,0.1,0.15555555555555556,114,45,1
20,full,DT_target,native_token_restored,0.2,0.15555555555555556,227,45,1
20,full,FT_K1,raw_cached,0.05,0.15555555555555556,57,45,1
20,full,FT_K1,raw_cached,0.1,0.2,114,45,1
20,full,FT_K1,raw_cached,0.2,0.37777777777777777,227,45,1
20,full,FT_K1,raw_restored,0.05,0.15555555555555556,57,45,1
20,full,FT_K1,raw_restored,0.1,0.2,114,45,1
20,full,FT_K1,raw_restored,0.2,0.37777777777777777,227,45,1
20,full,FT_K1,regex_cached,0.05,0.13333333333333333,57,45,1
20,full,FT_K1,regex_cached,0.1,0.13333333333333333,114,45,1
20,full,FT_K1,regex_cached,0.2,0.13333333333333333,227,45,1
20,full,FT_K1,regex_restored,0.05,0.13333333333333333,57,45,1
20,full,FT_K1,regex_restored,0.1,0.13333333333333333,114,45,1
20,full,FT_K1,regex_restored,0.2,0.13333333333333333,227,45,1
20,full,FT_K1,regex_anchor_restored,0.05,0.15555555555555556,57,45,1
20,full,FT_K1,regex_anchor_restored,0.1,0.15555555555555556,114,45,1
20,full,FT_K1,regex_anchor_restored,0.2,0.15555555555555556,227,45,1
20,full,FT_K1,native_token_restored,0.05,0.15555555555555556,57,45,1
20,full,FT_K1,native_token_restored,0.1,0.15555555555555556,114,45,1
20,full,FT_K1,native_token_restored,0.2,0.15555555555555556,227,45,1
20,full,FT_K3,raw_cached,0.05,0.15555555555555556,57,45,1
20,full,FT_K3,raw_cached,0.1,0.2,114,45,1
20,full,FT_K3,raw_cached,0.2,0.37777777777777777,227,45,1
20,full,FT_K3,raw_restored,0.05,0.15555555555555556,57,45,1
20,full,FT_K3,raw_restored,0.1,0.2,114,45,1
20,full,FT_K3,raw_restored,0.2,0.37777777777777777,227,45,1
20,full,FT_K3,regex_cached,0.05,0.13333333333333333,57,45,1
20,full,FT_K3,regex_cached,0.1,0.13333333333333333,114,45,1
20,full,FT_K3,regex_cached,0.2,0.13333333333333333,227,45,1
20,full,FT_K3,regex_restored,0.05,0.13333333333333333,57,45,1
20,full,FT_K3,regex_restored,0.1,0.13333333333333333,114,45,1
20,full,FT_K3,regex_restored,0.2,0.13333333333333333,227,45,1
20,full,FT_K3,regex_anchor_restored,0.05,0.15555555555555556,57,45,1
20,full,FT_K3,regex_anchor_restored,0.1,0.15555555555555556,114,45,1
20,full,FT_K3,regex_anchor_restored,0.2,0.15555555555555556,227,45,1
20,full,FT_K3,native_token_restored,0.05,0.15555555555555556,57,45,1
20,full,FT_K3,native_token_restored,0.1,0.15555555555555556,114,45,1
20,full,FT_K3,native_token_restored,0.2,0.15555555555555556,227,45,1
21,full,DT_target,raw_cached,0.05,0.35,70,40,1
21,full,DT_target,raw_cached,0.1,0.55,139,40,1
21,full,DT_target,raw_cached,0.2,0.675,277,40,1
21,full,DT_target,raw_restored,0.05,0.35,70,40,1
21,full,DT_target,raw_restored,0.1,0.55,139,40,1
21,full,DT_target,raw_restored,0.2,0.675,277,40,1
21,full,DT_target,regex_cached,0.05,0.35,70,40,1
21,full,DT_target,regex_cached,0.1,1.0,139,40,1
21,full,DT_target,regex_cached,0.2,1.0,277,40,1
21,full,DT_target,regex_restored,0.05,0.35,70,40,1
21,full,DT_target,regex_restored,0.1,1.0,139,40,1
21,full,DT_target,regex_restored,0.2,1.0,277,40,1
21,full,DT_target,regex_anchor_restored,0.05,0.35,70,40,1
21,full,DT_target,regex_anchor_restored,0.1,1.0,139,40,1
21,full,DT_target,regex_anchor_restored,0.2,1.0,277,40,1
21,full,DT_target,native_token_restored,0.05,0.35,70,40,1
21,full,DT_target,native_token_restored,0.1,1.0,139,40,1
21,full,DT_target,native_token_restored,0.2,1.0,277,40,1
21,full,FT_K1,raw_cached,0.05,0.425,70,40,1
21,full,FT_K1,raw_cached,0.1,0.625,139,40,1
21,full,FT_K1,raw_cached,0.2,0.8,277,40,1
21,full,FT_K1,raw_restored,0.05,0.425,70,40,1
21,full,FT_K1,raw_restored,0.1,0.625,139,40,1
21,full,FT_K1,raw_restored,0.2,0.8,277,40,1
21,full,FT_K1,regex_cached,0.05,0.75,70,40,1
21,full,FT_K1,regex_cached,0.1,1.0,139,40,1
21,full,FT_K1,regex_cached,0.2,1.0,277,40,1
21,full,FT_K1,regex_restored,0.05,0.75,70,40,1
21,full,FT_K1,regex_restored,0.1,1.0,139,40,1
21,full,FT_K1,regex_restored,0.2,1.0,277,40,1
21,full,FT_K1,regex_anchor_restored,0.05,0.775,70,40,1
21,full,FT_K1,regex_anchor_restored,0.1,1.0,139,40,1
21,full,FT_K1,regex_anchor_restored,0.2,1.0,277,40,1
21,full,FT_K1,native_token_restored,0.05,0.725,70,40,1
21,full,FT_K1,native_token_restored,0.1,1.0,139,40,1
21,full,FT_K1,native_token_restored,0.2,1.0,277,40,1
21,full,FT_K3,raw_cached,0.05,0.425,70,40,1
21,full,FT_K3,raw_cached,0.1,0.6,139,40,1
21,full,FT_K3,raw_cached,0.2,0.8,277,40,1
21,full,FT_K3,raw_restored,0.05,0.425,70,40,1
21,full,FT_K3,raw_restored,0.1,0.6,139,40,1
21,full,FT_K3,raw_restored,0.2,0.8,277,40,1
21,full,FT_K3,regex_cached,0.05,0.75,70,40,1
21,full,FT_K3,regex_cached,0.1,1.0,139,40,1
21,full,FT_K3,regex_cached,0.2,1.0,277,40,1
21,full,FT_K3,regex_restored,0.05,0.75,70,40,1
21,full,FT_K3,regex_restored,0.1,1.0,139,40,1
21,full,FT_K3,regex_restored,0.2,1.0,277,40,1
21,full,FT_K3,regex_anchor_restored,0.05,0.775,70,40,1
21,full,FT_K3,regex_anchor_restored,0.1,1.0,139,40,1
21,full,FT_K3,regex_anchor_restored,0.2,1.0,277,40,1
21,full,FT_K3,native_token_restored,0.05,0.725,70,40,1
21,full,FT_K3,native_token_restored,0.1,1.0,139,40,1
21,full,FT_K3,native_token_restored,0.2,1.0,277,40,1
22,full,DT_target,raw_cached,0.05,0.6909090909090909,146,55,1
22,full,DT_target,raw_cached,0.1,0.7636363636363637,292,55,1
22,full,DT_target,raw_cached,0.2,0.8363636363636363,583,55,1
22,full,DT_target,raw_restored,0.05,0.6909090909090909,146,55,1
22,full,DT_target,raw_restored,0.1,0.7636363636363637,292,55,1
22,full,DT_target,raw_restored,0.2,0.8363636363636363,583,55,1
22,full,DT_target,regex_cached,0.05,1.0,146,55,1
22,full,DT_target,regex_cached,0.1,1.0,292,55,1
22,full,DT_target,regex_cached,0.2,1.0,583,55,1
22,full,DT_target,regex_restored,0.05,1.0,146,55,1
22,full,DT_target,regex_restored,0.1,1.0,292,55,1
22,full,DT_target,regex_restored,0.2,1.0,583,55,1
22,full,DT_target,regex_anchor_restored,0.05,1.0,146,55,1
22,full,DT_target,regex_anchor_restored,0.1,1.0,292,55,1
22,full,DT_target,regex_anchor_restored,0.2,1.0,583,55,1
22,full,DT_target,native_token_restored,0.05,1.0,146,55,1
22,full,DT_target,native_token_restored,0.1,1.0,292,55,1
22,full,DT_target,native_token_restored,0.2,1.0,583,55,1
22,full,FT_K1,raw_cached,0.05,0.6363636363636364,146,55,1
22,full,FT_K1,raw_cached,0.1,0.6909090909090909,292,55,1
22,full,FT_K1,raw_cached,0.2,0.9636363636363636,583,55,1
22,full,FT_K1,raw_restored,0.05,0.6363636363636364,146,55,1
22,full,FT_K1,raw_restored,0.1,0.6909090909090909,292,55,1
22,full,FT_K1,raw_restored,0.2,0.9636363636363636,583,55,1
22,full,FT_K1,regex_cached,0.05,0.9818181818181818,146,55,1
22,full,FT_K1,regex_cached,0.1,1.0,292,55,1
22,full,FT_K1,regex_cached,0.2,1.0,583,55,1
22,full,FT_K1,regex_restored,0.05,0.9818181818181818,146,55,1
22,full,FT_K1,regex_restored,0.1,1.0,292,55,1
22,full,FT_K1,regex_restored,0.2,1.0,583,55,1
22,full,FT_K1,regex_anchor_restored,0.05,1.0,146,55,1
22,full,FT_K1,regex_anchor_restored,0.1,1.0,292,55,1
22,full,FT_K1,regex_anchor_restored,0.2,1.0,583,55,1
22,full,FT_K1,native_token_restored,0.05,1.0,146,55,1
22,full,FT_K1,native_token_restored,0.1,1.0,292,55,1
22,full,FT_K1,native_token_restored,0.2,1.0,583,55,1
22,full,FT_K3,raw_cached,0.05,0.6363636363636364,146,55,1
22,full,FT_K3,raw_cached,0.1,0.6909090909090909,292,55,1
22,full,FT_K3,raw_cached,0.2,0.9636363636363636,583,55,1
22,full,FT_K3,raw_restored,0.05,0.6363636363636364,146,55,1
22,full,FT_K3,raw_restored,0.1,0.6909090909090909,292,55,1
22,full,FT_K3,raw_restored,0.2,0.9636363636363636,583,55,1
22,full,FT_K3,regex_cached,0.05,0.9818181818181818,146,55,1
22,full,FT_K3,regex_cached,0.1,1.0,292,55,1
22,full,FT_K3,regex_cached,0.2,1.0,583,55,1
22,full,FT_K3,regex_restored,0.05,0.9818181818181818,146,55,1
22,full,FT_K3,regex_restored,0.1,1.0,292,55,1
22,full,FT_K3,regex_restored,0.2,1.0,583,55,1
22,full,FT_K3,regex_anchor_restored,0.05,1.0,146,55,1
22,full,FT_K3,regex_anchor_restored,0.1,1.0,292,55,1
22,full,FT_K3,regex_anchor_restored,0.2,1.0,583,55,1
22,full,FT_K3,native_token_restored,0.05,1.0,146,55,1
22,full,FT_K3,native_token_restored,0.1,1.0,292,55,1
22,full,FT_K3,native_token_restored,0.2,1.0,583,55,1
23,full,DT_target,raw_cached,0.05,0.17204301075268819,66,93,0.7096774193548387
23,full,DT_target,raw_cached,0.1,0.3010752688172043,131,93,1
23,full,DT_target,raw_cached,0.2,0.3870967741935484,261,93,1
23,full,DT_target,raw_restored,0.05,0.17204301075268819,66,93,0.7096774193548387
23,full,DT_target,raw_restored,0.1,0.3010752688172043,131,93,1
23,full,DT_target,raw_restored,0.2,0.3870967741935484,261,93,1
23,full,DT_target,regex_cached,0.05,0.26881720430107525,66,93,0.7096774193548387
23,full,DT_target,regex_cached,0.1,0.8494623655913979,131,93,1
23,full,DT_target,regex_cached,0.2,1.0,261,93,1
23,full,DT_target,regex_restored,0.05,0.26881720430107525,66,93,0.7096774193548387
23,full,DT_target,regex_restored,0.1,0.8494623655913979,131,93,1
23,full,DT_target,regex_restored,0.2,1.0,261,93,1
23,full,DT_target,regex_anchor_restored,0.05,0.27956989247311825,66,93,0.7096774193548387
23,full,DT_target,regex_anchor_restored,0.1,0.8494623655913979,131,93,1
23,full,DT_target,regex_anchor_restored,0.2,1.0,261,93,1
23,full,DT_target,native_token_restored,0.05,0.27956989247311825,66,93,0.7096774193548387
23,full,DT_target,native_token_restored,0.1,0.8387096774193549,131,93,1
23,full,DT_target,native_token_restored,0.2,1.0,261,93,1
23,full,FT_K1,raw_cached,0.05,0.23655913978494625,66,93,0.7096774193548387
23,full,FT_K1,raw_cached,0.1,0.40860215053763443,131,93,1
23,full,FT_K1,raw_cached,0.2,0.6774193548387096,261,93,1
23,full,FT_K1,raw_restored,0.05,0.23655913978494625,66,93,0.7096774193548387
23,full,FT_K1,raw_restored,0.1,0.40860215053763443,131,93,1
23,full,FT_K1,raw_restored,0.2,0.6774193548387096,261,93,1
23,full,FT_K1,regex_cached,0.05,0.3225806451612903,66,93,0.7096774193548387
23,full,FT_K1,regex_cached,0.1,0.46236559139784944,131,93,1
23,full,FT_K1,regex_cached,0.2,1.0,261,93,1
23,full,FT_K1,regex_restored,0.05,0.3225806451612903,66,93,0.7096774193548387
23,full,FT_K1,regex_restored,0.1,0.46236559139784944,131,93,1
23,full,FT_K1,regex_restored,0.2,1.0,261,93,1
23,full,FT_K1,regex_anchor_restored,0.05,0.3870967741935484,66,93,0.7096774193548387
23,full,FT_K1,regex_anchor_restored,0.1,0.46236559139784944,131,93,1
23,full,FT_K1,regex_anchor_restored,0.2,1.0,261,93,1
23,full,FT_K1,native_token_restored,0.05,0.2903225806451613,66,93,0.7096774193548387
23,full,FT_K1,native_token_restored,0.1,0.46236559139784944,131,93,1
23,full,FT_K1,native_token_restored,0.2,1.0,261,93,1
23,full,FT_K3,raw_cached,0.05,0.26881720430107525,66,93,0.7096774193548387
23,full,FT_K3,raw_cached,0.1,0.3978494623655914,131,93,1
23,full,FT_K3,raw_cached,0.2,0.7096774193548387,261,93,1
23,full,FT_K3,raw_restored,0.05,0.26881720430107525,66,93,0.7096774193548387
23,full,FT_K3,raw_restored,0.1,0.3978494623655914,131,93,1
23,full,FT_K3,raw_restored,0.2,0.7096774193548387,261,93,1
23,full,FT_K3,regex_cached,0.05,0.46236559139784944,66,93,0.7096774193548387
23,full,FT_K3,regex_cached,0.1,1.0,131,93,1
23,full,FT_K3,regex_cached,0.2,1.0,261,93,1
23,full,FT_K3,regex_restored,0.05,0.46236559139784944,66,93,0.7096774193548387
23,full,FT_K3,regex_restored,0.1,1.0,131,93,1
23,full,FT_K3,regex_restored,0.2,1.0,261,93,1
23,full,FT_K3,regex_anchor_restored,0.05,0.46236559139784944,66,93,0.7096774193548387
23,full,FT_K3,regex_anchor_restored,0.1,1.0,131,93,1
23,full,FT_K3,regex_anchor_restored,0.2,1.0,261,93,1
23,full,FT_K3,native_token_restored,0.05,0.46236559139784944,66,93,0.7096774193548387
23,full,FT_K3,native_token_restored,0.1,0.989247311827957,131,93,1
23,full,FT_K3,native_token_restored,0.2,1.0,261,93,1
24,full,DT_target,raw_cached,0.05,0.2608695652173913,59,69,0.855072463768116
24,full,DT_target,raw_cached,0.1,0.36231884057971014,117,69,1
24,full,DT_target,raw_cached,0.2,0.5072463768115942,233,69,1
24,full,DT_target,raw_restored,0.05,0.2608695652173913,59,69,0.855072463768116
24,full,DT_target,raw_restored,0.1,0.36231884057971014,117,69,1
24,full,DT_target,raw_restored,0.2,0.5072463768115942,233,69,1
24,full,DT_target,regex_cached,0.05,0.2608695652173913,59,69,0.855072463768116
24,full,DT_target,regex_cached,0.1,0.7101449275362319,117,69,1
24,full,DT_target,regex_cached,0.2,0.7101449275362319,233,69,1
24,full,DT_target,regex_restored,0.05,0.2608695652173913,59,69,0.855072463768116
24,full,DT_target,regex_restored,0.1,0.7101449275362319,117,69,1
24,full,DT_target,regex_restored,0.2,0.7101449275362319,233,69,1
24,full,DT_target,regex_anchor_restored,0.05,0.2608695652173913,59,69,0.855072463768116
24,full,DT_target,regex_anchor_restored,0.1,0.7246376811594203,117,69,1
24,full,DT_target,regex_anchor_restored,0.2,0.7246376811594203,233,69,1
24,full,DT_target,native_token_restored,0.05,0.34782608695652173,59,69,0.855072463768116
24,full,DT_target,native_token_restored,0.1,0.7246376811594203,117,69,1
24,full,DT_target,native_token_restored,0.2,0.7246376811594203,233,69,1
24,full,FT_K1,raw_cached,0.05,0.36231884057971014,59,69,0.855072463768116
24,full,FT_K1,raw_cached,0.1,0.6521739130434783,117,69,1
24,full,FT_K1,raw_cached,0.2,0.7971014492753623,233,69,1
24,full,FT_K1,raw_restored,0.05,0.36231884057971014,59,69,0.855072463768116
24,full,FT_K1,raw_restored,0.1,0.6521739130434783,117,69,1
24,full,FT_K1,raw_restored,0.2,0.7971014492753623,233,69,1
24,full,FT_K1,regex_cached,0.05,0.37681159420289856,59,69,0.855072463768116
24,full,FT_K1,regex_cached,0.1,0.7681159420289855,117,69,1
24,full,FT_K1,regex_cached,0.2,1.0,233,69,1
24,full,FT_K1,regex_restored,0.05,0.37681159420289856,59,69,0.855072463768116
24,full,FT_K1,regex_restored,0.1,0.7681159420289855,117,69,1
24,full,FT_K1,regex_restored,0.2,1.0,233,69,1
24,full,FT_K1,regex_anchor_restored,0.05,0.34782608695652173,59,69,0.855072463768116
24,full,FT_K1,regex_anchor_restored,0.1,0.7681159420289855,117,69,1
24,full,FT_K1,regex_anchor_restored,0.2,1.0,233,69,1
24,full,FT_K1,native_token_restored,0.05,0.391304347826087,59,69,0.855072463768116
24,full,FT_K1,native_token_restored,0.1,0.7246376811594203,117,69,1
24,full,FT_K1,native_token_restored,0.2,1.0,233,69,1
24,full,FT_K3,raw_cached,0.05,0.36231884057971014,59,69,0.855072463768116
24,full,FT_K3,raw_cached,0.1,0.6521739130434783,117,69,1
24,full,FT_K3,raw_cached,0.2,0.8115942028985508,233,69,1
24,full,FT_K3,raw_restored,0.05,0.36231884057971014,59,69,0.855072463768116
24,full,FT_K3,raw_restored,0.1,0.6521739130434783,117,69,1
24,full,FT_K3,raw_restored,0.2,0.8115942028985508,233,69,1
24,full,FT_K3,regex_cached,0.05,0.37681159420289856,59,69,0.855072463768116
24,full,FT_K3,regex_cached,0.1,0.7101449275362319,117,69,1
24,full,FT_K3,regex_cached,0.2,1.0,233,69,1
24,full,FT_K3,regex_restored,0.05,0.37681159420289856,59,69,0.855072463768116
24,full,FT_K3,regex_restored,0.1,0.7101449275362319,117,69,1
24,full,FT_K3,regex_restored,0.2,1.0,233,69,1
24,full,FT_K3,regex_anchor_restored,0.05,0.34782608695652173,59,69,0.855072463768116
24,full,FT_K3,regex_anchor_restored,0.1,0.7681159420289855,117,69,1
24,full,FT_K3,regex_anchor_restored,0.2,1.0,233,69,1
24,full,FT_K3,native_token_restored,0.05,0.391304347826087,59,69,0.855072463768116
24,full,FT_K3,native_token_restored,0.1,0.7246376811594203,117,69,1
24,full,FT_K3,native_token_restored,0.2,1.0,233,69,1
25,full,DT_target,raw_cached,0.05,0.6666666666666666,85,69,1
25,full,DT_target,raw_cached,0.1,0.8260869565217391,169,69,1
25,full,DT_target,raw_cached,0.2,0.9565217391304348,337,69,1
25,full,DT_target,raw_restored,0.05,0.6666666666666666,85,69,1
25,full,DT_target,raw_restored,0.1,0.8260869565217391,169,69,1
25,full,DT_target,raw_restored,0.2,0.9565217391304348,337,69,1
25,full,DT_target,regex_cached,0.05,0.7246376811594203,85,69,1
25,full,DT_target,regex_cached,0.1,1.0,169,69,1
25,full,DT_target,regex_cached,0.2,1.0,337,69,1
25,full,DT_target,regex_restored,0.05,0.7246376811594203,85,69,1
25,full,DT_target,regex_restored,0.1,1.0,169,69,1
25,full,DT_target,regex_restored,0.2,1.0,337,69,1
25,full,DT_target,regex_anchor_restored,0.05,0.7536231884057971,85,69,1
25,full,DT_target,regex_anchor_restored,0.1,1.0,169,69,1
25,full,DT_target,regex_anchor_restored,0.2,1.0,337,69,1
25,full,DT_target,native_token_restored,0.05,0.8115942028985508,85,69,1
25,full,DT_target,native_token_restored,0.1,1.0,169,69,1
25,full,DT_target,native_token_restored,0.2,1.0,337,69,1
25,full,FT_K1,raw_cached,0.05,0.5797101449275363,85,69,1
25,full,FT_K1,raw_cached,0.1,0.7681159420289855,169,69,1
25,full,FT_K1,raw_cached,0.2,0.8840579710144928,337,69,1
25,full,FT_K1,raw_restored,0.05,0.5797101449275363,85,69,1
25,full,FT_K1,raw_restored,0.1,0.7681159420289855,169,69,1
25,full,FT_K1,raw_restored,0.2,0.8840579710144928,337,69,1
25,full,FT_K1,regex_cached,0.05,0.7246376811594203,85,69,1
25,full,FT_K1,regex_cached,0.1,0.9855072463768116,169,69,1
25,full,FT_K1,regex_cached,0.2,0.9855072463768116,337,69,1
25,full,FT_K1,regex_restored,0.05,0.7246376811594203,85,69,1
25,full,FT_K1,regex_restored,0.1,0.9855072463768116,169,69,1
25,full,FT_K1,regex_restored,0.2,0.9855072463768116,337,69,1
25,full,FT_K1,regex_anchor_restored,0.05,0.7536231884057971,85,69,1
25,full,FT_K1,regex_anchor_restored,0.1,1.0,169,69,1
25,full,FT_K1,regex_anchor_restored,0.2,1.0,337,69,1
25,full,FT_K1,native_token_restored,0.05,0.7536231884057971,85,69,1
25,full,FT_K1,native_token_restored,0.1,1.0,169,69,1
25,full,FT_K1,native_token_restored,0.2,1.0,337,69,1
25,full,FT_K3,raw_cached,0.05,0.5652173913043478,85,69,1
25,full,FT_K3,raw_cached,0.1,0.7536231884057971,169,69,1
25,full,FT_K3,raw_cached,0.2,0.8985507246376812,337,69,1
25,full,FT_K3,raw_restored,0.05,0.5652173913043478,85,69,1
25,full,FT_K3,raw_restored,0.1,0.7536231884057971,169,69,1
25,full,FT_K3,raw_restored,0.2,0.8985507246376812,337,69,1
25,full,FT_K3,regex_cached,0.05,0.7246376811594203,85,69,1
25,full,FT_K3,regex_cached,0.1,0.9855072463768116,169,69,1
25,full,FT_K3,regex_cached,0.2,0.9855072463768116,337,69,1
25,full,FT_K3,regex_restored,0.05,0.7246376811594203,85,69,1
25,full,FT_K3,regex_restored,0.1,0.9855072463768116,169,69,1
25,full,FT_K3,regex_restored,0.2,0.9855072463768116,337,69,1
25,full,FT_K3,regex_anchor_restored,0.05,0.7536231884057971,85,69,1
25,full,FT_K3,regex_anchor_restored,0.1,1.0,169,69,1
25,full,FT_K3,regex_anchor_restored,0.2,1.0,337,69,1
25,full,FT_K3,native_token_restored,0.05,0.7536231884057971,85,69,1
25,full,FT_K3,native_token_restored,0.1,1.0,169,69,1
25,full,FT_K3,native_token_restored,0.2,1.0,337,69,1
26,full,DT_target,raw_cached,0.05,0.14583333333333334,54,144,0.375
26,full,DT_target,raw_cached,0.1,0.24305555555555555,108,144,0.75
26,full,DT_target,raw_cached,0.2,0.4305555555555556,216,144,1
26,full,DT_target,raw_restored,0.05,0.14583333333333334,54,144,0.375
26,full,DT_target,raw_restored,0.1,0.24305555555555555,108,144,0.75
26,full,DT_target,raw_restored,0.2,0.4305555555555556,216,144,1
26,full,DT_target,regex_cached,0.05,0.3402777777777778,54,144,0.375
26,full,DT_target,regex_cached,0.1,0.6319444444444444,108,144,0.75
26,full,DT_target,regex_cached,0.2,1.0,216,144,1
26,full,DT_target,regex_restored,0.05,0.3402777777777778,54,144,0.375
26,full,DT_target,regex_restored,0.1,0.6319444444444444,108,144,0.75
26,full,DT_target,regex_restored,0.2,1.0,216,144,1
26,full,DT_target,regex_anchor_restored,0.05,0.3472222222222222,54,144,0.375
26,full,DT_target,regex_anchor_restored,0.1,0.6458333333333334,108,144,0.75
26,full,DT_target,regex_anchor_restored,0.2,1.0,216,144,1
26,full,DT_target,native_token_restored,0.05,0.375,54,144,0.375
26,full,DT_target,native_token_restored,0.1,0.6111111111111112,108,144,0.75
26,full,DT_target,native_token_restored,0.2,1.0,216,144,1
26,full,FT_K1,raw_cached,0.05,0.2222222222222222,54,144,0.375
26,full,FT_K1,raw_cached,0.1,0.3194444444444444,108,144,0.75
26,full,FT_K1,raw_cached,0.2,0.4236111111111111,216,144,1
26,full,FT_K1,raw_restored,0.05,0.2222222222222222,54,144,0.375
26,full,FT_K1,raw_restored,0.1,0.3194444444444444,108,144,0.75
26,full,FT_K1,raw_restored,0.2,0.4236111111111111,216,144,1
26,full,FT_K1,regex_cached,0.05,0.3680555555555556,54,144,0.375
26,full,FT_K1,regex_cached,0.1,0.7083333333333334,108,144,0.75
26,full,FT_K1,regex_cached,0.2,1.0,216,144,1
26,full,FT_K1,regex_restored,0.05,0.3680555555555556,54,144,0.375
26,full,FT_K1,regex_restored,0.1,0.7083333333333334,108,144,0.75
26,full,FT_K1,regex_restored,0.2,1.0,216,144,1
26,full,FT_K1,regex_anchor_restored,0.05,0.375,54,144,0.375
26,full,FT_K1,regex_anchor_restored,0.1,0.7222222222222222,108,144,0.75
26,full,FT_K1,regex_anchor_restored,0.2,1.0,216,144,1
26,full,FT_K1,native_token_restored,0.05,0.375,54,144,0.375
26,full,FT_K1,native_token_restored,0.1,0.7013888888888888,108,144,0.75
26,full,FT_K1,native_token_restored,0.2,1.0,216,144,1
26,full,FT_K3,raw_cached,0.05,0.2222222222222222,54,144,0.375
26,full,FT_K3,raw_cached,0.1,0.3055555555555556,108,144,0.75
26,full,FT_K3,raw_cached,0.2,0.4236111111111111,216,144,1
26,full,FT_K3,raw_restored,0.05,0.2222222222222222,54,144,0.375
26,full,FT_K3,raw_restored,0.1,0.3055555555555556,108,144,0.75
26,full,FT_K3,raw_restored,0.2,0.4236111111111111,216,144,1
26,full,FT_K3,regex_cached,0.05,0.3680555555555556,54,144,0.375
26,full,FT_K3,regex_cached,0.1,0.7083333333333334,108,144,0.75
26,full,FT_K3,regex_cached,0.2,1.0,216,144,1
26,full,FT_K3,regex_restored,0.05,0.3680555555555556,54,144,0.375
26,full,FT_K3,regex_restored,0.1,0.7083333333333334,108,144,0.75
26,full,FT_K3,regex_restored,0.2,1.0,216,144,1
26,full,FT_K3,regex_anchor_restored,0.05,0.375,54,144,0.375
26,full,FT_K3,regex_anchor_restored,0.1,0.7222222222222222,108,144,0.75
26,full,FT_K3,regex_anchor_restored,0.2,1.0,216,144,1
26,full,FT_K3,native_token_restored,0.05,0.375,54,144,0.375
26,full,FT_K3,native_token_restored,0.1,0.7013888888888888,108,144,0.75
26,full,FT_K3,native_token_restored,0.2,1.0,216,144,1
27,full,DT_target,raw_cached,0.05,0.31343283582089554,83,67,1
27,full,DT_target,raw_cached,0.1,0.47761194029850745,165,67,1
27,full,DT_target,raw_cached,0.2,0.6716417910447762,330,67,1
27,full,DT_target,raw_restored,0.05,0.31343283582089554,83,67,1
27,full,DT_target,raw_restored,0.1,0.47761194029850745,165,67,1
27,full,DT_target,raw_restored,0.2,0.6716417910447762,330,67,1
27,full,DT_target,regex_cached,0.05,0.6119402985074627,83,67,1
27,full,DT_target,regex_cached,0.1,1.0,165,67,1
27,full,DT_target,regex_cached,0.2,1.0,330,67,1
27,full,DT_target,regex_restored,0.05,0.6119402985074627,83,67,1
27,full,DT_target,regex_restored,0.1,1.0,165,67,1
27,full,DT_target,regex_restored,0.2,1.0,330,67,1
27,full,DT_target,regex_anchor_restored,0.05,0.6716417910447762,83,67,1
27,full,DT_target,regex_anchor_restored,0.1,1.0,165,67,1
27,full,DT_target,regex_anchor_restored,0.2,1.0,330,67,1
27,full,DT_target,native_token_restored,0.05,0.582089552238806,83,67,1
27,full,DT_target,native_token_restored,0.1,1.0,165,67,1
27,full,DT_target,native_token_restored,0.2,1.0,330,67,1
27,full,FT_K1,raw_cached,0.05,0.29850746268656714,83,67,1
27,full,FT_K1,raw_cached,0.1,0.47761194029850745,165,67,1
27,full,FT_K1,raw_cached,0.2,0.6268656716417911,330,67,1
27,full,FT_K1,raw_restored,0.05,0.29850746268656714,83,67,1
27,full,FT_K1,raw_restored,0.1,0.47761194029850745,165,67,1
27,full,FT_K1,raw_restored,0.2,0.6268656716417911,330,67,1
27,full,FT_K1,regex_cached,0.05,0.5522388059701493,83,67,1
27,full,FT_K1,regex_cached,0.1,1.0,165,67,1
27,full,FT_K1,regex_cached,0.2,1.0,330,67,1
27,full,FT_K1,regex_restored,0.05,0.5522388059701493,83,67,1
27,full,FT_K1,regex_restored,0.1,1.0,165,67,1
27,full,FT_K1,regex_restored,0.2,1.0,330,67,1
27,full,FT_K1,regex_anchor_restored,0.05,0.5671641791044776,83,67,1
27,full,FT_K1,regex_anchor_restored,0.1,1.0,165,67,1
27,full,FT_K1,regex_anchor_restored,0.2,1.0,330,67,1
27,full,FT_K1,native_token_restored,0.05,0.6417910447761194,83,67,1
27,full,FT_K1,native_token_restored,0.1,1.0,165,67,1
27,full,FT_K1,native_token_restored,0.2,1.0,330,67,1
27,full,FT_K3,raw_cached,0.05,0.29850746268656714,83,67,1
27,full,FT_K3,raw_cached,0.1,0.47761194029850745,165,67,1
27,full,FT_K3,raw_cached,0.2,0.6268656716417911,330,67,1
27,full,FT_K3,raw_restored,0.05,0.29850746268656714,83,67,1
27,full,FT_K3,raw_restored,0.1,0.47761194029850745,165,67,1
27,full,FT_K3,raw_restored,0.2,0.6268656716417911,330,67,1
27,full,FT_K3,regex_cached,0.05,0.5522388059701493,83,67,1
27,full,FT_K3,regex_cached,0.1,1.0,165,67,1
27,full,FT_K3,regex_cached,0.2,1.0,330,67,1
27,full,FT_K3,regex_restored,0.05,0.5522388059701493,83,67,1
27,full,FT_K3,regex_restored,0.1,1.0,165,67,1
27,full,FT_K3,regex_restored,0.2,1.0,330,67,1
27,full,FT_K3,regex_anchor_restored,0.05,0.5671641791044776,83,67,1
27,full,FT_K3,regex_anchor_restored,0.1,1.0,165,67,1
27,full,FT_K3,regex_anchor_restored,0.2,1.0,330,67,1
27,full,FT_K3,native_token_restored,0.05,0.6417910447761194,83,67,1
27,full,FT_K3,native_token_restored,0.1,1.0,165,67,1
27,full,FT_K3,native_token_restored,0.2,1.0,330,67,1
28,full,DT_target,raw_cached,0.05,0.11564625850340136,49,147,0.3333333333333333
28,full,DT_target,raw_cached,0.1,0.20408163265306123,98,147,0.6666666666666666
28,full,DT_target,raw_cached,0.2,0.38095238095238093,195,147,1
28,full,DT_target,raw_restored,0.05,0.11564625850340136,49,147,0.3333333333333333
28,full,DT_target,raw_restored,0.1,0.20408163265306123,98,147,0.6666666666666666
28,full,DT_target,raw_restored,0.2,0.38095238095238093,195,147,1
28,full,DT_target,regex_cached,0.05,0.1360544217687075,49,147,0.3333333333333333
28,full,DT_target,regex_cached,0.1,0.3945578231292517,98,147,0.6666666666666666
28,full,DT_target,regex_cached,0.2,0.8299319727891157,195,147,1
28,full,DT_target,regex_restored,0.05,0.1360544217687075,49,147,0.3333333333333333
28,full,DT_target,regex_restored,0.1,0.3945578231292517,98,147,0.6666666666666666
28,full,DT_target,regex_restored,0.2,0.8299319727891157,195,147,1
28,full,DT_target,regex_anchor_restored,0.05,0.1360544217687075,49,147,0.3333333333333333
28,full,DT_target,regex_anchor_restored,0.1,0.3945578231292517,98,147,0.6666666666666666
28,full,DT_target,regex_anchor_restored,0.2,0.8367346938775511,195,147,1
28,full,DT_target,native_token_restored,0.05,0.08843537414965986,49,147,0.3333333333333333
28,full,DT_target,native_token_restored,0.1,0.3945578231292517,98,147,0.6666666666666666
28,full,DT_target,native_token_restored,0.2,0.7551020408163265,195,147,1
28,full,FT_K1,raw_cached,0.05,0.14285714285714285,49,147,0.3333333333333333
28,full,FT_K1,raw_cached,0.1,0.17687074829931973,98,147,0.6666666666666666
28,full,FT_K1,raw_cached,0.2,0.2585034013605442,195,147,1
28,full,FT_K1,raw_restored,0.05,0.14285714285714285,49,147,0.3333333333333333
28,full,FT_K1,raw_restored,0.1,0.17687074829931973,98,147,0.6666666666666666
28,full,FT_K1,raw_restored,0.2,0.2585034013605442,195,147,1
28,full,FT_K1,regex_cached,0.05,0.12244897959183673,49,147,0.3333333333333333
28,full,FT_K1,regex_cached,0.1,0.12244897959183673,98,147,0.6666666666666666
28,full,FT_K1,regex_cached,0.2,0.12244897959183673,195,147,1
28,full,FT_K1,regex_restored,0.05,0.12244897959183673,49,147,0.3333333333333333
28,full,FT_K1,regex_restored,0.1,0.12244897959183673,98,147,0.6666666666666666
28,full,FT_K1,regex_restored,0.2,0.12244897959183673,195,147,1
28,full,FT_K1,regex_anchor_restored,0.05,0.12244897959183673,49,147,0.3333333333333333
28,full,FT_K1,regex_anchor_restored,0.1,0.12244897959183673,98,147,0.6666666666666666
28,full,FT_K1,regex_anchor_restored,0.2,0.12244897959183673,195,147,1
28,full,FT_K1,native_token_restored,0.05,0.12244897959183673,49,147,0.3333333333333333
28,full,FT_K1,native_token_restored,0.1,0.12244897959183673,98,147,0.6666666666666666
28,full,FT_K1,native_token_restored,0.2,0.12244897959183673,195,147,1
28,full,FT_K3,raw_cached,0.05,0.14285714285714285,49,147,0.3333333333333333
28,full,FT_K3,raw_cached,0.1,0.17006802721088435,98,147,0.6666666666666666
28,full,FT_K3,raw_cached,0.2,0.25170068027210885,195,147,1
28,full,FT_K3,raw_restored,0.05,0.14285714285714285,49,147,0.3333333333333333
28,full,FT_K3,raw_restored,0.1,0.17006802721088435,98,147,0.6666666666666666
28,full,FT_K3,raw_restored,0.2,0.25170068027210885,195,147,1
28,full,FT_K3,regex_cached,0.05,0.12244897959183673,49,147,0.3333333333333333
28,full,FT_K3,regex_cached,0.1,0.12244897959183673,98,147,0.6666666666666666
28,full,FT_K3,regex_cached,0.2,0.12244897959183673,195,147,1
28,full,FT_K3,regex_restored,0.05,0.12244897959183673,49,147,0.3333333333333333
28,full,FT_K3,regex_restored,0.1,0.12244897959183673,98,147,0.6666666666666666
28,full,FT_K3,regex_restored,0.2,0.12244897959183673,195,147,1
28,full,FT_K3,regex_anchor_restored,0.05,0.12244897959183673,49,147,0.3333333333333333
28,full,FT_K3,regex_anchor_restored,0.1,0.12244897959183673,98,147,0.6666666666666666
28,full,FT_K3,regex_anchor_restored,0.2,0.12244897959183673,195,147,1
28,full,FT_K3,native_token_restored,0.05,0.12244897959183673,49,147,0.3333333333333333
28,full,FT_K3,native_token_restored,0.1,0.12244897959183673,98,147,0.6666666666666666
28,full,FT_K3,native_token_restored,0.2,0.12244897959183673,195,147,1
29,full,DT_target,raw_cached,0.05,0.20930232558139536,45,86,0.5232558139534884
29,full,DT_target,raw_cached,0.1,0.37209302325581395,89,86,1
29,full,DT_target,raw_cached,0.2,0.5930232558139535,178,86,1
29,full,DT_target,raw_restored,0.05,0.20930232558139536,45,86,0.5232558139534884
29,full,DT_target,raw_restored,0.1,0.37209302325581395,89,86,1
29,full,DT_target,raw_restored,0.2,0.5930232558139535,178,86,1
29,full,DT_target,regex_cached,0.05,0.4186046511627907,45,86,0.5232558139534884
29,full,DT_target,regex_cached,0.1,0.8953488372093024,89,86,1
29,full,DT_target,regex_cached,0.2,0.8953488372093024,178,86,1
29,full,DT_target,regex_restored,0.05,0.4186046511627907,45,86,0.5232558139534884
29,full,DT_target,regex_restored,0.1,0.8953488372093024,89,86,1
29,full,DT_target,regex_restored,0.2,0.8953488372093024,178,86,1
29,full,DT_target,regex_anchor_restored,0.05,0.4186046511627907,45,86,0.5232558139534884
29,full,DT_target,regex_anchor_restored,0.1,0.8953488372093024,89,86,1
29,full,DT_target,regex_anchor_restored,0.2,0.8953488372093024,178,86,1
29,full,DT_target,native_token_restored,0.05,0.38372093023255816,45,86,0.5232558139534884
29,full,DT_target,native_token_restored,0.1,0.8953488372093024,89,86,1
29,full,DT_target,native_token_restored,0.2,1.0,178,86,1
29,full,FT_K1,raw_cached,0.05,0.1744186046511628,45,86,0.5232558139534884
29,full,FT_K1,raw_cached,0.1,0.22093023255813954,89,86,1
29,full,FT_K1,raw_cached,0.2,0.3372093023255814,178,86,1
29,full,FT_K1,raw_restored,0.05,0.1744186046511628,45,86,0.5232558139534884
29,full,FT_K1,raw_restored,0.1,0.22093023255813954,89,86,1
29,full,FT_K1,raw_restored,0.2,0.3372093023255814,178,86,1
29,full,FT_K1,regex_cached,0.05,0.20930232558139536,45,86,0.5232558139534884
29,full,FT_K1,regex_cached,0.1,0.5581395348837209,89,86,1
29,full,FT_K1,regex_cached,0.2,0.7325581395348837,178,86,1
29,full,FT_K1,regex_restored,0.05,0.20930232558139536,45,86,0.5232558139534884
29,full,FT_K1,regex_restored,0.1,0.5581395348837209,89,86,1
29,full,FT_K1,regex_restored,0.2,0.7325581395348837,178,86,1
29,full,FT_K1,regex_anchor_restored,0.05,0.22093023255813954,45,86,0.5232558139534884
29,full,FT_K1,regex_anchor_restored,0.1,0.45348837209302323,89,86,1
29,full,FT_K1,regex_anchor_restored,0.2,0.7441860465116279,178,86,1
29,full,FT_K1,native_token_restored,0.05,0.22093023255813954,45,86,0.5232558139534884
29,full,FT_K1,native_token_restored,0.1,0.45348837209302323,89,86,1
29,full,FT_K1,native_token_restored,0.2,0.7441860465116279,178,86,1
29,full,FT_K3,raw_cached,0.05,0.18604651162790697,45,86,0.5232558139534884
29,full,FT_K3,raw_cached,0.1,0.22093023255813954,89,86,1
29,full,FT_K3,raw_cached,0.2,0.32558139534883723,178,86,1
29,full,FT_K3,raw_restored,0.05,0.18604651162790697,45,86,0.5232558139534884
29,full,FT_K3,raw_restored,0.1,0.22093023255813954,89,86,1
29,full,FT_K3,raw_restored,0.2,0.32558139534883723,178,86,1
29,full,FT_K3,regex_cached,0.05,0.20930232558139536,45,86,0.5232558139534884
29,full,FT_K3,regex_cached,0.1,0.5581395348837209,89,86,1
29,full,FT_K3,regex_cached,0.2,0.7325581395348837,178,86,1
29,full,FT_K3,regex_restored,0.05,0.20930232558139536,45,86,0.5232558139534884
29,full,FT_K3,regex_restored,0.1,0.5581395348837209,89,86,1
29,full,FT_K3,regex_restored,0.2,0.7325581395348837,178,86,1
29,full,FT_K3,regex_anchor_restored,0.05,0.22093023255813954,45,86,0.5232558139534884
29,full,FT_K3,regex_anchor_restored,0.1,0.5697674418604651,89,86,1
29,full,FT_K3,regex_anchor_restored,0.2,0.7441860465116279,178,86,1
29,full,FT_K3,native_token_restored,0.05,0.22093023255813954,45,86,0.5232558139534884
29,full,FT_K3,native_token_restored,0.1,0.6395348837209303,89,86,1
29,full,FT_K3,native_token_restored,0.2,0.7441860465116279,178,86,1
30,full,DT_target,raw_cached,0.05,0.28846153846153844,63,52,1
30,full,DT_target,raw_cached,0.1,0.3076923076923077,125,52,1
30,full,DT_target,raw_cached,0.2,0.34615384615384615,250,52,1
30,full,DT_target,raw_restored,0.05,0.28846153846153844,63,52,1
30,full,DT_target,raw_restored,0.1,0.3076923076923077,125,52,1
30,full,DT_target,raw_restored,0.2,0.34615384615384615,250,52,1
30,full,DT_target,regex_cached,0.05,0.28846153846153844,63,52,1
30,full,DT_target,regex_cached,0.1,1.0,125,52,1
30,full,DT_target,regex_cached,0.2,1.0,250,52,1
30,full,DT_target,regex_restored,0.05,0.28846153846153844,63,52,1
30,full,DT_target,regex_restored,0.1,1.0,125,52,1
30,full,DT_target,regex_restored,0.2,1.0,250,52,1
30,full,DT_target,regex_anchor_restored,0.05,0.3269230769230769,63,52,1
30,full,DT_target,regex_anchor_restored,0.1,1.0,125,52,1
30,full,DT_target,regex_anchor_restored,0.2,1.0,250,52,1
30,full,DT_target,native_token_restored,0.05,0.28846153846153844,63,52,1
30,full,DT_target,native_token_restored,0.1,1.0,125,52,1
30,full,DT_target,native_token_restored,0.2,1.0,250,52,1
30,full,FT_K1,raw_cached,0.05,0.4423076923076923,63,52,1
30,full,FT_K1,raw_cached,0.1,0.5769230769230769,125,52,1
30,full,FT_K1,raw_cached,0.2,0.6346153846153846,250,52,1
30,full,FT_K1,raw_restored,0.05,0.4423076923076923,63,52,1
30,full,FT_K1,raw_restored,0.1,0.5769230769230769,125,52,1
30,full,FT_K1,raw_restored,0.2,0.6346153846153846,250,52,1
30,full,FT_K1,regex_cached,0.05,0.28846153846153844,63,52,1
30,full,FT_K1,regex_cached,0.1,0.5769230769230769,125,52,1
30,full,FT_K1,regex_cached,0.2,1.0,250,52,1
30,full,FT_K1,regex_restored,0.05,0.28846153846153844,63,52,1
30,full,FT_K1,regex_restored,0.1,0.5769230769230769,125,52,1
30,full,FT_K1,regex_restored,0.2,1.0,250,52,1
30,full,FT_K1,regex_anchor_restored,0.05,0.28846153846153844,63,52,1
30,full,FT_K1,regex_anchor_restored,0.1,0.5961538461538461,125,52,1
30,full,FT_K1,regex_anchor_restored,0.2,1.0,250,52,1
30,full,FT_K1,native_token_restored,0.05,0.28846153846153844,63,52,1
30,full,FT_K1,native_token_restored,0.1,0.5576923076923077,125,52,1
30,full,FT_K1,native_token_restored,0.2,1.0,250,52,1
30,full,FT_K3,raw_cached,0.05,0.4423076923076923,63,52,1
30,full,FT_K3,raw_cached,0.1,0.5769230769230769,125,52,1
30,full,FT_K3,raw_cached,0.2,0.6538461538461539,250,52,1
30,full,FT_K3,raw_restored,0.05,0.4423076923076923,63,52,1
30,full,FT_K3,raw_restored,0.1,0.5769230769230769,125,52,1
30,full,FT_K3,raw_restored,0.2,0.6538461538461539,250,52,1
30,full,FT_K3,regex_cached,0.05,0.28846153846153844,63,52,1
30,full,FT_K3,regex_cached,0.1,0.5769230769230769,125,52,1
30,full,FT_K3,regex_cached,0.2,1.0,250,52,1
30,full,FT_K3,regex_restored,0.05,0.28846153846153844,63,52,1
30,full,FT_K3,regex_restored,0.1,0.5769230769230769,125,52,1
30,full,FT_K3,regex_restored,0.2,1.0,250,52,1
30,full,FT_K3,regex_anchor_restored,0.05,0.28846153846153844,63,52,1
30,full,FT_K3,regex_anchor_restored,0.1,1.0,125,52,1
30,full,FT_K3,regex_anchor_restored,0.2,1.0,250,52,1
30,full,FT_K3,native_token_restored,0.05,0.28846153846153844,63,52,1
30,full,FT_K3,native_token_restored,0.1,0.9423076923076923,125,52,1
30,full,FT_K3,native_token_restored,0.2,1.0,250,52,1
31,full,DT_target,raw_cached,0.05,0.19298245614035087,86,57,1
31,full,DT_target,raw_cached,0.1,0.3508771929824561,171,57,1
31,full,DT_target,raw_cached,0.2,0.43859649122807015,342,57,1
31,full,DT_target,raw_restored,0.05,0.19298245614035087,86,57,1
31,full,DT_target,raw_restored,0.1,0.3508771929824561,171,57,1
31,full,DT_target,raw_restored,0.2,0.43859649122807015,342,57,1
31,full,DT_target,regex_cached,0.05,0.9824561403508771,86,57,1
31,full,DT_target,regex_cached,0.1,0.9824561403508771,171,57,1
31,full,DT_target,regex_cached,0.2,0.9824561403508771,342,57,1
31,full,DT_target,regex_restored,0.05,0.9824561403508771,86,57,1
31,full,DT_target,regex_restored,0.1,0.9824561403508771,171,57,1
31,full,DT_target,regex_restored,0.2,0.9824561403508771,342,57,1
31,full,DT_target,regex_anchor_restored,0.05,1.0,86,57,1
31,full,DT_target,regex_anchor_restored,0.1,1.0,171,57,1
31,full,DT_target,regex_anchor_restored,0.2,1.0,342,57,1
31,full,DT_target,native_token_restored,0.05,1.0,86,57,1
31,full,DT_target,native_token_restored,0.1,1.0,171,57,1
31,full,DT_target,native_token_restored,0.2,1.0,342,57,1
31,full,FT_K1,raw_cached,0.05,0.3157894736842105,86,57,1
31,full,FT_K1,raw_cached,0.1,0.40350877192982454,171,57,1
31,full,FT_K1,raw_cached,0.2,0.5614035087719298,342,57,1
31,full,FT_K1,raw_restored,0.05,0.3157894736842105,86,57,1
31,full,FT_K1,raw_restored,0.1,0.40350877192982454,171,57,1
31,full,FT_K1,raw_restored,0.2,0.5614035087719298,342,57,1
31,full,FT_K1,regex_cached,0.05,0.3684210526315789,86,57,1
31,full,FT_K1,regex_cached,0.1,0.9824561403508771,171,57,1
31,full,FT_K1,regex_cached,0.2,0.9824561403508771,342,57,1
31,full,FT_K1,regex_restored,0.05,0.3684210526315789,86,57,1
31,full,FT_K1,regex_restored,0.1,0.9824561403508771,171,57,1
31,full,FT_K1,regex_restored,0.2,0.9824561403508771,342,57,1
31,full,FT_K1,regex_anchor_restored,0.05,0.5789473684210527,86,57,1
31,full,FT_K1,regex_anchor_restored,0.1,1.0,171,57,1
31,full,FT_K1,regex_anchor_restored,0.2,1.0,342,57,1
31,full,FT_K1,native_token_restored,0.05,0.40350877192982454,86,57,1
31,full,FT_K1,native_token_restored,0.1,1.0,171,57,1
31,full,FT_K1,native_token_restored,0.2,1.0,342,57,1
31,full,FT_K3,raw_cached,0.05,0.3157894736842105,86,57,1
31,full,FT_K3,raw_cached,0.1,0.42105263157894735,171,57,1
31,full,FT_K3,raw_cached,0.2,0.5614035087719298,342,57,1
31,full,FT_K3,raw_restored,0.05,0.3157894736842105,86,57,1
31,full,FT_K3,raw_restored,0.1,0.42105263157894735,171,57,1
31,full,FT_K3,raw_restored,0.2,0.5614035087719298,342,57,1
31,full,FT_K3,regex_cached,0.05,0.5263157894736842,86,57,1
31,full,FT_K3,regex_cached,0.1,0.9824561403508771,171,57,1
31,full,FT_K3,regex_cached,0.2,0.9824561403508771,342,57,1
31,full,FT_K3,regex_restored,0.05,0.5263157894736842,86,57,1
31,full,FT_K3,regex_restored,0.1,0.9824561403508771,171,57,1
31,full,FT_K3,regex_restored,0.2,0.9824561403508771,342,57,1
31,full,FT_K3,regex_anchor_restored,0.05,0.5789473684210527,86,57,1
31,full,FT_K3,regex_anchor_restored,0.1,1.0,171,57,1
31,full,FT_K3,regex_anchor_restored,0.2,1.0,342,57,1
31,full,FT_K3,native_token_restored,0.05,0.40350877192982454,86,57,1
31,full,FT_K3,native_token_restored,0.1,1.0,171,57,1
31,full,FT_K3,native_token_restored,0.2,1.0,342,57,1
32,full,DT_target,raw_cached,0.05,0.08421052631578947,57,95,0.6
32,full,DT_target,raw_cached,0.1,0.1368421052631579,114,95,1
32,full,DT_target,raw_cached,0.2,0.22105263157894736,227,95,1
32,full,DT_target,raw_restored,0.05,0.08421052631578947,57,95,0.6
32,full,DT_target,raw_restored,0.1,0.1368421052631579,114,95,1
32,full,DT_target,raw_restored,0.2,0.22105263157894736,227,95,1
32,full,DT_target,regex_cached,0.05,0.08421052631578947,57,95,0.6
32,full,DT_target,regex_cached,0.1,0.08421052631578947,114,95,1
32,full,DT_target,regex_cached,0.2,0.08421052631578947,227,95,1
32,full,DT_target,regex_restored,0.05,0.08421052631578947,57,95,0.6
32,full,DT_target,regex_restored,0.1,0.08421052631578947,114,95,1
32,full,DT_target,regex_restored,0.2,0.08421052631578947,227,95,1
32,full,DT_target,regex_anchor_restored,0.05,0.09473684210526316,57,95,0.6
32,full,DT_target,regex_anchor_restored,0.1,0.09473684210526316,114,95,1
32,full,DT_target,regex_anchor_restored,0.2,0.11578947368421053,227,95,1
32,full,DT_target,native_token_restored,0.05,0.09473684210526316,57,95,0.6
32,full,DT_target,native_token_restored,0.1,0.09473684210526316,114,95,1
32,full,DT_target,native_token_restored,0.2,0.09473684210526316,227,95,1
32,full,FT_K1,raw_cached,0.05,0.22105263157894736,57,95,0.6
32,full,FT_K1,raw_cached,0.1,0.29473684210526313,114,95,1
32,full,FT_K1,raw_cached,0.2,0.4,227,95,1
32,full,FT_K1,raw_restored,0.05,0.22105263157894736,57,95,0.6
32,full,FT_K1,raw_restored,0.1,0.29473684210526313,114,95,1
32,full,FT_K1,raw_restored,0.2,0.4,227,95,1
32,full,FT_K1,regex_cached,0.05,0.43157894736842106,57,95,0.6
32,full,FT_K1,regex_cached,0.1,0.43157894736842106,114,95,1
32,full,FT_K1,regex_cached,0.2,0.43157894736842106,227,95,1
32,full,FT_K1,regex_restored,0.05,0.43157894736842106,57,95,0.6
32,full,FT_K1,regex_restored,0.1,0.43157894736842106,114,95,1
32,full,FT_K1,regex_restored,0.2,0.43157894736842106,227,95,1
32,full,FT_K1,regex_anchor_restored,0.05,0.4421052631578947,57,95,0.6
32,full,FT_K1,regex_anchor_restored,0.1,0.4421052631578947,114,95,1
32,full,FT_K1,regex_anchor_restored,0.2,0.4421052631578947,227,95,1
32,full,FT_K1,native_token_restored,0.05,0.4421052631578947,57,95,0.6
32,full,FT_K1,native_token_restored,0.1,0.4421052631578947,114,95,1
32,full,FT_K1,native_token_restored,0.2,0.4421052631578947,227,95,1
32,full,FT_K3,raw_cached,0.05,0.22105263157894736,57,95,0.6
32,full,FT_K3,raw_cached,0.1,0.29473684210526313,114,95,1
32,full,FT_K3,raw_cached,0.2,0.4,227,95,1
32,full,FT_K3,raw_restored,0.05,0.22105263157894736,57,95,0.6
32,full,FT_K3,raw_restored,0.1,0.29473684210526313,114,95,1
32,full,FT_K3,raw_restored,0.2,0.4,227,95,1
32,full,FT_K3,regex_cached,0.05,0.43157894736842106,57,95,0.6
32,full,FT_K3,regex_cached,0.1,0.43157894736842106,114,95,1
32,full,FT_K3,regex_cached,0.2,0.43157894736842106,227,95,1
32,full,FT_K3,regex_restored,0.05,0.43157894736842106,57,95,0.6
32,full,FT_K3,regex_restored,0.1,0.43157894736842106,114,95,1
32,full,FT_K3,regex_restored,0.2,0.43157894736842106,227,95,1
32,full,FT_K3,regex_anchor_restored,0.05,0.4421052631578947,57,95,0.6
32,full,FT_K3,regex_anchor_restored,0.1,0.4421052631578947,114,95,1
32,full,FT_K3,regex_anchor_restored,0.2,0.4421052631578947,227,95,1
32,full,FT_K3,native_token_restored,0.05,0.4421052631578947,57,95,0.6
32,full,FT_K3,native_token_restored,0.1,0.4421052631578947,114,95,1
32,full,FT_K3,native_token_restored,0.2,0.4421052631578947,227,95,1
33,full,DT_target,raw_cached,0.05,0.2765957446808511,55,94,0.5851063829787234
33,full,DT_target,raw_cached,0.1,0.4148936170212766,109,94,1
33,full,DT_target,raw_cached,0.2,0.5425531914893617,217,94,1
33,full,DT_target,raw_restored,0.05,0.2765957446808511,55,94,0.5851063829787234
33,full,DT_target,raw_restored,0.1,0.4148936170212766,109,94,1
33,full,DT_target,raw_restored,0.2,0.5425531914893617,217,94,1
33,full,DT_target,regex_cached,0.05,0.574468085106383,55,94,0.5851063829787234
33,full,DT_target,regex_cached,0.1,1.0,109,94,1
33,full,DT_target,regex_cached,0.2,1.0,217,94,1
33,full,DT_target,regex_restored,0.05,0.574468085106383,55,94,0.5851063829787234
33,full,DT_target,regex_restored,0.1,1.0,109,94,1
33,full,DT_target,regex_restored,0.2,1.0,217,94,1
33,full,DT_target,regex_anchor_restored,0.05,0.5851063829787234,55,94,0.5851063829787234
33,full,DT_target,regex_anchor_restored,0.1,1.0,109,94,1
33,full,DT_target,regex_anchor_restored,0.2,1.0,217,94,1
33,full,DT_target,native_token_restored,0.05,0.5851063829787234,55,94,0.5851063829787234
33,full,DT_target,native_token_restored,0.1,1.0,109,94,1
33,full,DT_target,native_token_restored,0.2,1.0,217,94,1
33,full,FT_K1,raw_cached,0.05,0.2978723404255319,55,94,0.5851063829787234
33,full,FT_K1,raw_cached,0.1,0.4574468085106383,109,94,1
33,full,FT_K1,raw_cached,0.2,0.5957446808510638,217,94,1
33,full,FT_K1,raw_restored,0.05,0.2978723404255319,55,94,0.5851063829787234
33,full,FT_K1,raw_restored,0.1,0.4574468085106383,109,94,1
33,full,FT_K1,raw_restored,0.2,0.5957446808510638,217,94,1
33,full,FT_K1,regex_cached,0.05,0.3191489361702128,55,94,0.5851063829787234
33,full,FT_K1,regex_cached,0.1,0.5957446808510638,109,94,1
33,full,FT_K1,regex_cached,0.2,1.0,217,94,1
33,full,FT_K1,regex_restored,0.05,0.3191489361702128,55,94,0.5851063829787234
33,full,FT_K1,regex_restored,0.1,0.5957446808510638,109,94,1
33,full,FT_K1,regex_restored,0.2,1.0,217,94,1
33,full,FT_K1,regex_anchor_restored,0.05,0.2978723404255319,55,94,0.5851063829787234
33,full,FT_K1,regex_anchor_restored,0.1,0.8191489361702128,109,94,1
33,full,FT_K1,regex_anchor_restored,0.2,1.0,217,94,1
33,full,FT_K1,native_token_restored,0.05,0.20212765957446807,55,94,0.5851063829787234
33,full,FT_K1,native_token_restored,0.1,0.7659574468085106,109,94,1
33,full,FT_K1,native_token_restored,0.2,1.0,217,94,1
33,full,FT_K3,raw_cached,0.05,0.2978723404255319,55,94,0.5851063829787234
33,full,FT_K3,raw_cached,0.1,0.4574468085106383,109,94,1
33,full,FT_K3,raw_cached,0.2,0.5957446808510638,217,94,1
33,full,FT_K3,raw_restored,0.05,0.2978723404255319,55,94,0.5851063829787234
33,full,FT_K3,raw_restored,0.1,0.4574468085106383,109,94,1
33,full,FT_K3,raw_restored,0.2,0.5957446808510638,217,94,1
33,full,FT_K3,regex_cached,0.05,0.3191489361702128,55,94,0.5851063829787234
33,full,FT_K3,regex_cached,0.1,0.8297872340425532,109,94,1
33,full,FT_K3,regex_cached,0.2,1.0,217,94,1
33,full,FT_K3,regex_restored,0.05,0.3191489361702128,55,94,0.5851063829787234
33,full,FT_K3,regex_restored,0.1,0.8297872340425532,109,94,1
33,full,FT_K3,regex_restored,0.2,1.0,217,94,1
33,full,FT_K3,regex_anchor_restored,0.05,0.32978723404255317,55,94,0.5851063829787234
33,full,FT_K3,regex_anchor_restored,0.1,0.8191489361702128,109,94,1
33,full,FT_K3,regex_anchor_restored,0.2,1.0,217,94,1
33,full,FT_K3,native_token_restored,0.05,0.20212765957446807,55,94,0.5851063829787234
33,full,FT_K3,native_token_restored,0.1,0.7659574468085106,109,94,1
33,full,FT_K3,native_token_restored,0.2,1.0,217,94,1
34,full,DT_target,raw_cached,0.05,0.21739130434782608,51,46,1
34,full,DT_target,raw_cached,0.1,0.41304347826086957,101,46,1
34,full,DT_target,raw_cached,0.2,0.6739130434782609,202,46,1
34,full,DT_target,raw_restored,0.05,0.21739130434782608,51,46,1
34,full,DT_target,raw_restored,0.1,0.41304347826086957,101,46,1
34,full,DT_target,raw_restored,0.2,0.6739130434782609,202,46,1
34,full,DT_target,regex_cached,0.05,0.6521739130434783,51,46,1
34,full,DT_target,regex_cached,0.1,0.9565217391304348,101,46,1
34,full,DT_target,regex_cached,0.2,0.9565217391304348,202,46,1
34,full,DT_target,regex_restored,0.05,0.6521739130434783,51,46,1
34,full,DT_target,regex_restored,0.1,0.9565217391304348,101,46,1
34,full,DT_target,regex_restored,0.2,0.9565217391304348,202,46,1
34,full,DT_target,regex_anchor_restored,0.05,0.6956521739130435,51,46,1
34,full,DT_target,regex_anchor_restored,0.1,1.0,101,46,1
34,full,DT_target,regex_anchor_restored,0.2,1.0,202,46,1
34,full,DT_target,native_token_restored,0.05,0.6086956521739131,51,46,1
34,full,DT_target,native_token_restored,0.1,1.0,101,46,1
34,full,DT_target,native_token_restored,0.2,1.0,202,46,1
34,full,FT_K1,raw_cached,0.05,0.391304347826087,51,46,1
34,full,FT_K1,raw_cached,0.1,0.5652173913043478,101,46,1
34,full,FT_K1,raw_cached,0.2,0.717391304347826,202,46,1
34,full,FT_K1,raw_restored,0.05,0.391304347826087,51,46,1
34,full,FT_K1,raw_restored,0.1,0.5652173913043478,101,46,1
34,full,FT_K1,raw_restored,0.2,0.717391304347826,202,46,1
34,full,FT_K1,regex_cached,0.05,0.9565217391304348,51,46,1
34,full,FT_K1,regex_cached,0.1,0.9565217391304348,101,46,1
34,full,FT_K1,regex_cached,0.2,0.9565217391304348,202,46,1
34,full,FT_K1,regex_restored,0.05,0.9565217391304348,51,46,1
34,full,FT_K1,regex_restored,0.1,0.9565217391304348,101,46,1
34,full,FT_K1,regex_restored,0.2,0.9565217391304348,202,46,1
34,full,FT_K1,regex_anchor_restored,0.05,0.9782608695652174,51,46,1
34,full,FT_K1,regex_anchor_restored,0.1,1.0,101,46,1
34,full,FT_K1,regex_anchor_restored,0.2,1.0,202,46,1
34,full,FT_K1,native_token_restored,0.05,0.9782608695652174,51,46,1
34,full,FT_K1,native_token_restored,0.1,1.0,101,46,1
34,full,FT_K1,native_token_restored,0.2,1.0,202,46,1
34,full,FT_K3,raw_cached,0.05,0.391304347826087,51,46,1
34,full,FT_K3,raw_cached,0.1,0.5652173913043478,101,46,1
34,full,FT_K3,raw_cached,0.2,0.717391304347826,202,46,1
34,full,FT_K3,raw_restored,0.05,0.391304347826087,51,46,1
34,full,FT_K3,raw_restored,0.1,0.5652173913043478,101,46,1
34,full,FT_K3,raw_restored,0.2,0.717391304347826,202,46,1
34,full,FT_K3,regex_cached,0.05,0.9565217391304348,51,46,1
34,full,FT_K3,regex_cached,0.1,0.9565217391304348,101,46,1
34,full,FT_K3,regex_cached,0.2,0.9565217391304348,202,46,1
34,full,FT_K3,regex_restored,0.05,0.9565217391304348,51,46,1
34,full,FT_K3,regex_restored,0.1,0.9565217391304348,101,46,1
34,full,FT_K3,regex_restored,0.2,0.9565217391304348,202,46,1
34,full,FT_K3,regex_anchor_restored,0.05,0.9782608695652174,51,46,1
34,full,FT_K3,regex_anchor_restored,0.1,1.0,101,46,1
34,full,FT_K3,regex_anchor_restored,0.2,1.0,202,46,1
34,full,FT_K3,native_token_restored,0.05,0.9782608695652174,51,46,1
34,full,FT_K3,native_token_restored,0.1,1.0,101,46,1
34,full,FT_K3,native_token_restored,0.2,1.0,202,46,1
35,full,DT_target,raw_cached,0.05,0.2714285714285714,59,70,0.8428571428571429
35,full,DT_target,raw_cached,0.1,0.4142857142857143,117,70,1
35,full,DT_target,raw_cached,0.2,0.6428571428571429,234,70,1
35,full,DT_target,raw_restored,0.05,0.2714285714285714,59,70,0.8428571428571429
35,full,DT_target,raw_restored,0.1,0.4142857142857143,117,70,1
35,full,DT_target,raw_restored,0.2,0.6428571428571429,234,70,1
35,full,DT_target,regex_cached,0.05,0.5857142857142857,59,70,0.8428571428571429
35,full,DT_target,regex_cached,0.1,0.5857142857142857,117,70,1
35,full,DT_target,regex_cached,0.2,0.6714285714285714,234,70,1
35,full,DT_target,regex_restored,0.05,0.5857142857142857,59,70,0.8428571428571429
35,full,DT_target,regex_restored,0.1,0.5857142857142857,117,70,1
35,full,DT_target,regex_restored,0.2,0.6714285714285714,234,70,1
35,full,DT_target,regex_anchor_restored,0.05,0.5857142857142857,59,70,0.8428571428571429
35,full,DT_target,regex_anchor_restored,0.1,0.5857142857142857,117,70,1
35,full,DT_target,regex_anchor_restored,0.2,0.6857142857142857,234,70,1
35,full,DT_target,native_token_restored,0.05,0.5857142857142857,59,70,0.8428571428571429
35,full,DT_target,native_token_restored,0.1,0.5857142857142857,117,70,1
35,full,DT_target,native_token_restored,0.2,0.7285714285714285,234,70,1
35,full,FT_K1,raw_cached,0.05,0.3142857142857143,59,70,0.8428571428571429
35,full,FT_K1,raw_cached,0.1,0.4142857142857143,117,70,1
35,full,FT_K1,raw_cached,0.2,0.5428571428571428,234,70,1
35,full,FT_K1,raw_restored,0.05,0.3142857142857143,59,70,0.8428571428571429
35,full,FT_K1,raw_restored,0.1,0.4142857142857143,117,70,1
35,full,FT_K1,raw_restored,0.2,0.5428571428571428,234,70,1
35,full,FT_K1,regex_cached,0.05,0.5714285714285714,59,70,0.8428571428571429
35,full,FT_K1,regex_cached,0.1,0.5714285714285714,117,70,1
35,full,FT_K1,regex_cached,0.2,0.5857142857142857,234,70,1
35,full,FT_K1,regex_restored,0.05,0.5714285714285714,59,70,0.8428571428571429
35,full,FT_K1,regex_restored,0.1,0.5714285714285714,117,70,1
35,full,FT_K1,regex_restored,0.2,0.5857142857142857,234,70,1
35,full,FT_K1,regex_anchor_restored,0.05,0.5857142857142857,59,70,0.8428571428571429
35,full,FT_K1,regex_anchor_restored,0.1,0.5857142857142857,117,70,1
35,full,FT_K1,regex_anchor_restored,0.2,0.5857142857142857,234,70,1
35,full,FT_K1,native_token_restored,0.05,0.5857142857142857,59,70,0.8428571428571429
35,full,FT_K1,native_token_restored,0.1,0.5857142857142857,117,70,1
35,full,FT_K1,native_token_restored,0.2,0.5857142857142857,234,70,1
35,full,FT_K3,raw_cached,0.05,0.3142857142857143,59,70,0.8428571428571429
35,full,FT_K3,raw_cached,0.1,0.4142857142857143,117,70,1
35,full,FT_K3,raw_cached,0.2,0.5428571428571428,234,70,1
35,full,FT_K3,raw_restored,0.05,0.3142857142857143,59,70,0.8428571428571429
35,full,FT_K3,raw_restored,0.1,0.4142857142857143,117,70,1
35,full,FT_K3,raw_restored,0.2,0.5428571428571428,234,70,1
35,full,FT_K3,regex_cached,0.05,0.5714285714285714,59,70,0.8428571428571429
35,full,FT_K3,regex_cached,0.1,0.5714285714285714,117,70,1
35,full,FT_K3,regex_cached,0.2,0.5857142857142857,234,70,1
35,full,FT_K3,regex_restored,0.05,0.5714285714285714,59,70,0.8428571428571429
35,full,FT_K3,regex_restored,0.1,0.5714285714285714,117,70,1
35,full,FT_K3,regex_restored,0.2,0.5857142857142857,234,70,1
35,full,FT_K3,regex_anchor_restored,0.05,0.5857142857142857,59,70,0.8428571428571429
35,full,FT_K3,regex_anchor_restored,0.1,0.5857142857142857,117,70,1
35,full,FT_K3,regex_anchor_restored,0.2,0.5857142857142857,234,70,1
35,full,FT_K3,native_token_restored,0.05,0.5857142857142857,59,70,0.8428571428571429
35,full,FT_K3,native_token_restored,0.1,0.5857142857142857,117,70,1
35,full,FT_K3,native_token_restored,0.2,0.5857142857142857,234,70,1
36,full,DT_target,raw_cached,0.05,0.1111111111111111,72,45,1
36,full,DT_target,raw_cached,0.1,0.3333333333333333,144,45,1
36,full,DT_target,raw_cached,0.2,0.4444444444444444,288,45,1
36,full,DT_target,raw_restored,0.05,0.1111111111111111,72,45,1
36,full,DT_target,raw_restored,0.1,0.3333333333333333,144,45,1
36,full,DT_target,raw_restored,0.2,0.4444444444444444,288,45,1
36,full,DT_target,regex_cached,0.05,0.022222222222222223,72,45,1
36,full,DT_target,regex_cached,0.1,0.9777777777777777,144,45,1
36,full,DT_target,regex_cached,0.2,0.9777777777777777,288,45,1
36,full,DT_target,regex_restored,0.05,0.022222222222222223,72,45,1
36,full,DT_target,regex_restored,0.1,0.9777777777777777,144,45,1
36,full,DT_target,regex_restored,0.2,0.9777777777777777,288,45,1
36,full,DT_target,regex_anchor_restored,0.05,0.0,72,45,1
36,full,DT_target,regex_anchor_restored,0.1,1.0,144,45,1
36,full,DT_target,regex_anchor_restored,0.2,1.0,288,45,1
36,full,DT_target,native_token_restored,0.05,0.0,72,45,1
36,full,DT_target,native_token_restored,0.1,0.6666666666666666,144,45,1
36,full,DT_target,native_token_restored,0.2,1.0,288,45,1
36,full,FT_K1,raw_cached,0.05,0.2,72,45,1
36,full,FT_K1,raw_cached,0.1,0.3111111111111111,144,45,1
36,full,FT_K1,raw_cached,0.2,0.5555555555555556,288,45,1
36,full,FT_K1,raw_restored,0.05,0.2,72,45,1
36,full,FT_K1,raw_restored,0.1,0.3111111111111111,144,45,1
36,full,FT_K1,raw_restored,0.2,0.5555555555555556,288,45,1
36,full,FT_K1,regex_cached,0.05,0.4888888888888889,72,45,1
36,full,FT_K1,regex_cached,0.1,0.5111111111111111,144,45,1
36,full,FT_K1,regex_cached,0.2,1.0,288,45,1
36,full,FT_K1,regex_restored,0.05,0.4888888888888889,72,45,1
36,full,FT_K1,regex_restored,0.1,0.5111111111111111,144,45,1
36,full,FT_K1,regex_restored,0.2,1.0,288,45,1
36,full,FT_K1,regex_anchor_restored,0.05,0.4888888888888889,72,45,1
36,full,FT_K1,regex_anchor_restored,0.1,0.4888888888888889,144,45,1
36,full,FT_K1,regex_anchor_restored,0.2,1.0,288,45,1
36,full,FT_K1,native_token_restored,0.05,0.4888888888888889,72,45,1
36,full,FT_K1,native_token_restored,0.1,0.4888888888888889,144,45,1
36,full,FT_K1,native_token_restored,0.2,1.0,288,45,1
36,full,FT_K3,raw_cached,0.05,0.2,72,45,1
36,full,FT_K3,raw_cached,0.1,0.3111111111111111,144,45,1
36,full,FT_K3,raw_cached,0.2,0.5333333333333333,288,45,1
36,full,FT_K3,raw_restored,0.05,0.2,72,45,1
36,full,FT_K3,raw_restored,0.1,0.3111111111111111,144,45,1
36,full,FT_K3,raw_restored,0.2,0.5333333333333333,288,45,1
36,full,FT_K3,regex_cached,0.05,0.4888888888888889,72,45,1
36,full,FT_K3,regex_cached,0.1,0.5111111111111111,144,45,1
36,full,FT_K3,regex_cached,0.2,1.0,288,45,1
36,full,FT_K3,regex_restored,0.05,0.4888888888888889,72,45,1
36,full,FT_K3,regex_restored,0.1,0.5111111111111111,144,45,1
36,full,FT_K3,regex_restored,0.2,1.0,288,45,1
36,full,FT_K3,regex_anchor_restored,0.05,0.4888888888888889,72,45,1
36,full,FT_K3,regex_anchor_restored,0.1,0.4888888888888889,144,45,1
36,full,FT_K3,regex_anchor_restored,0.2,1.0,288,45,1
36,full,FT_K3,native_token_restored,0.05,0.4888888888888889,72,45,1
36,full,FT_K3,native_token_restored,0.1,0.4888888888888889,144,45,1
36,full,FT_K3,native_token_restored,0.2,1.0,288,45,1
37,full,DT_target,raw_cached,0.05,0.19298245614035087,58,57,1
37,full,DT_target,raw_cached,0.1,0.43859649122807015,115,57,1
37,full,DT_target,raw_cached,0.2,0.7017543859649122,230,57,1
37,full,DT_target,raw_restored,0.05,0.19298245614035087,58,57,1
37,full,DT_target,raw_restored,0.1,0.43859649122807015,115,57,1
37,full,DT_target,raw_restored,0.2,0.7017543859649122,230,57,1
37,full,DT_target,regex_cached,0.05,0.03508771929824561,58,57,1
37,full,DT_target,regex_cached,0.1,0.8421052631578947,115,57,1
37,full,DT_target,regex_cached,0.2,1.0,230,57,1
37,full,DT_target,regex_restored,0.05,0.03508771929824561,58,57,1
37,full,DT_target,regex_restored,0.1,0.8421052631578947,115,57,1
37,full,DT_target,regex_restored,0.2,1.0,230,57,1
37,full,DT_target,regex_anchor_restored,0.05,0.24561403508771928,58,57,1
37,full,DT_target,regex_anchor_restored,0.1,0.8596491228070176,115,57,1
37,full,DT_target,regex_anchor_restored,0.2,1.0,230,57,1
37,full,DT_target,native_token_restored,0.05,0.14035087719298245,58,57,1
37,full,DT_target,native_token_restored,0.1,0.8070175438596491,115,57,1
37,full,DT_target,native_token_restored,0.2,1.0,230,57,1
37,full,FT_K1,raw_cached,0.05,0.38596491228070173,58,57,1
37,full,FT_K1,raw_cached,0.1,0.543859649122807,115,57,1
37,full,FT_K1,raw_cached,0.2,0.8245614035087719,230,57,1
37,full,FT_K1,raw_restored,0.05,0.38596491228070173,58,57,1
37,full,FT_K1,raw_restored,0.1,0.543859649122807,115,57,1
37,full,FT_K1,raw_restored,0.2,0.8245614035087719,230,57,1
37,full,FT_K1,regex_cached,0.05,0.38596491228070173,58,57,1
37,full,FT_K1,regex_cached,0.1,0.9473684210526315,115,57,1
37,full,FT_K1,regex_cached,0.2,1.0,230,57,1
37,full,FT_K1,regex_restored,0.05,0.38596491228070173,58,57,1
37,full,FT_K1,regex_restored,0.1,0.9473684210526315,115,57,1
37,full,FT_K1,regex_restored,0.2,1.0,230,57,1
37,full,FT_K1,regex_anchor_restored,0.05,0.40350877192982454,58,57,1
37,full,FT_K1,regex_anchor_restored,0.1,0.9649122807017544,115,57,1
37,full,FT_K1,regex_anchor_restored,0.2,1.0,230,57,1
37,full,FT_K1,native_token_restored,0.05,0.40350877192982454,58,57,1
37,full,FT_K1,native_token_restored,0.1,0.9649122807017544,115,57,1
37,full,FT_K1,native_token_restored,0.2,1.0,230,57,1
37,full,FT_K3,raw_cached,0.05,0.38596491228070173,58,57,1
37,full,FT_K3,raw_cached,0.1,0.543859649122807,115,57,1
37,full,FT_K3,raw_cached,0.2,0.8070175438596491,230,57,1
37,full,FT_K3,raw_restored,0.05,0.38596491228070173,58,57,1
37,full,FT_K3,raw_restored,0.1,0.543859649122807,115,57,1
37,full,FT_K3,raw_restored,0.2,0.8070175438596491,230,57,1
37,full,FT_K3,regex_cached,0.05,0.38596491228070173,58,57,1
37,full,FT_K3,regex_cached,0.1,0.9824561403508771,115,57,1
37,full,FT_K3,regex_cached,0.2,1.0,230,57,1
37,full,FT_K3,regex_restored,0.05,0.38596491228070173,58,57,1
37,full,FT_K3,regex_restored,0.1,0.9824561403508771,115,57,1
37,full,FT_K3,regex_restored,0.2,1.0,230,57,1
37,full,FT_K3,regex_anchor_restored,0.05,0.40350877192982454,58,57,1
37,full,FT_K3,regex_anchor_restored,0.1,1.0,115,57,1
37,full,FT_K3,regex_anchor_restored,0.2,1.0,230,57,1
37,full,FT_K3,native_token_restored,0.05,0.40350877192982454,58,57,1
37,full,FT_K3,native_token_restored,0.1,0.9649122807017544,115,57,1
37,full,FT_K3,native_token_restored,0.2,1.0,230,57,1
38,full,DT_target,raw_cached,0.05,0.40789473684210525,62,76,0.8157894736842105
38,full,DT_target,raw_cached,0.1,0.5394736842105263,123,76,1
38,full,DT_target,raw_cached,0.2,0.6973684210526315,245,76,1
38,full,DT_target,raw_restored,0.05,0.40789473684210525,62,76,0.8157894736842105
38,full,DT_target,raw_restored,0.1,0.5394736842105263,123,76,1
38,full,DT_target,raw_restored,0.2,0.6973684210526315,245,76,1
38,full,DT_target,regex_cached,0.05,0.7368421052631579,62,76,0.8157894736842105
38,full,DT_target,regex_cached,0.1,0.881578947368421,123,76,1
38,full,DT_target,regex_cached,0.2,1.0,245,76,1
38,full,DT_target,regex_restored,0.05,0.7368421052631579,62,76,0.8157894736842105
38,full,DT_target,regex_restored,0.1,0.881578947368421,123,76,1
38,full,DT_target,regex_restored,0.2,1.0,245,76,1
38,full,DT_target,regex_anchor_restored,0.05,0.75,62,76,0.8157894736842105
38,full,DT_target,regex_anchor_restored,0.1,0.881578947368421,123,76,1
38,full,DT_target,regex_anchor_restored,0.2,1.0,245,76,1
38,full,DT_target,native_token_restored,0.05,0.6710526315789473,62,76,0.8157894736842105
38,full,DT_target,native_token_restored,0.1,1.0,123,76,1
38,full,DT_target,native_token_restored,0.2,1.0,245,76,1
38,full,FT_K1,raw_cached,0.05,0.34210526315789475,62,76,0.8157894736842105
38,full,FT_K1,raw_cached,0.1,0.4473684210526316,123,76,1
38,full,FT_K1,raw_cached,0.2,0.6447368421052632,245,76,1
38,full,FT_K1,raw_restored,0.05,0.34210526315789475,62,76,0.8157894736842105
38,full,FT_K1,raw_restored,0.1,0.4473684210526316,123,76,1
38,full,FT_K1,raw_restored,0.2,0.6447368421052632,245,76,1
38,full,FT_K1,regex_cached,0.05,0.6710526315789473,62,76,0.8157894736842105
38,full,FT_K1,regex_cached,0.1,0.881578947368421,123,76,1
38,full,FT_K1,regex_cached,0.2,0.881578947368421,245,76,1
38,full,FT_K1,regex_restored,0.05,0.6710526315789473,62,76,0.8157894736842105
38,full,FT_K1,regex_restored,0.1,0.881578947368421,123,76,1
38,full,FT_K1,regex_restored,0.2,0.881578947368421,245,76,1
38,full,FT_K1,regex_anchor_restored,0.05,0.6710526315789473,62,76,0.8157894736842105
38,full,FT_K1,regex_anchor_restored,0.1,0.881578947368421,123,76,1
38,full,FT_K1,regex_anchor_restored,0.2,0.881578947368421,245,76,1
38,full,FT_K1,native_token_restored,0.05,0.6710526315789473,62,76,0.8157894736842105
38,full,FT_K1,native_token_restored,0.1,1.0,123,76,1
38,full,FT_K1,native_token_restored,0.2,1.0,245,76,1
38,full,FT_K3,raw_cached,0.05,0.35526315789473684,62,76,0.8157894736842105
38,full,FT_K3,raw_cached,0.1,0.4473684210526316,123,76,1
38,full,FT_K3,raw_cached,0.2,0.6052631578947368,245,76,1
38,full,FT_K3,raw_restored,0.05,0.35526315789473684,62,76,0.8157894736842105
38,full,FT_K3,raw_restored,0.1,0.4473684210526316,123,76,1
38,full,FT_K3,raw_restored,0.2,0.6052631578947368,245,76,1
38,full,FT_K3,regex_cached,0.05,0.6710526315789473,62,76,0.8157894736842105
38,full,FT_K3,regex_cached,0.1,0.881578947368421,123,76,1
38,full,FT_K3,regex_cached,0.2,0.881578947368421,245,76,1
38,full,FT_K3,regex_restored,0.05,0.6710526315789473,62,76,0.8157894736842105
38,full,FT_K3,regex_restored,0.1,0.881578947368421,123,76,1
38,full,FT_K3,regex_restored,0.2,0.881578947368421,245,76,1
38,full,FT_K3,regex_anchor_restored,0.05,0.6710526315789473,62,76,0.8157894736842105
38,full,FT_K3,regex_anchor_restored,0.1,0.881578947368421,123,76,1
38,full,FT_K3,regex_anchor_restored,0.2,0.881578947368421,245,76,1
38,full,FT_K3,native_token_restored,0.05,0.6710526315789473,62,76,0.8157894736842105
38,full,FT_K3,native_token_restored,0.1,1.0,123,76,1
38,full,FT_K3,native_token_restored,0.2,1.0,245,76,1
39,full,DT_target,raw_cached,0.05,0.16981132075471697,38,106,0.3584905660377358
39,full,DT_target,raw_cached,0.1,0.330188679245283,76,106,0.7169811320754716
39,full,DT_target,raw_cached,0.2,0.5283018867924528,152,106,1
39,full,DT_target,raw_restored,0.05,0.16981132075471697,38,106,0.3584905660377358
39,full,DT_target,raw_restored,0.1,0.330188679245283,76,106,0.7169811320754716
39,full,DT_target,raw_restored,0.2,0.5283018867924528,152,106,1
39,full,DT_target,regex_cached,0.05,0.3113207547169811,38,106,0.3584905660377358
39,full,DT_target,regex_cached,0.1,0.5094339622641509,76,106,0.7169811320754716
39,full,DT_target,regex_cached,0.2,0.5094339622641509,152,106,1
39,full,DT_target,regex_restored,0.05,0.3113207547169811,38,106,0.3584905660377358
39,full,DT_target,regex_restored,0.1,0.5094339622641509,76,106,0.7169811320754716
39,full,DT_target,regex_restored,0.2,0.5094339622641509,152,106,1
39,full,DT_target,regex_anchor_restored,0.05,0.3113207547169811,38,106,0.3584905660377358
39,full,DT_target,regex_anchor_restored,0.1,0.5094339622641509,76,106,0.7169811320754716
39,full,DT_target,regex_anchor_restored,0.2,0.5094339622641509,152,106,1
39,full,DT_target,native_token_restored,0.05,0.2830188679245283,38,106,0.3584905660377358
39,full,DT_target,native_token_restored,0.1,0.5094339622641509,76,106,0.7169811320754716
39,full,DT_target,native_token_restored,0.2,0.5094339622641509,152,106,1
39,full,FT_K1,raw_cached,0.05,0.1792452830188679,38,106,0.3584905660377358
39,full,FT_K1,raw_cached,0.1,0.27358490566037735,76,106,0.7169811320754716
39,full,FT_K1,raw_cached,0.2,0.4339622641509434,152,106,1
39,full,FT_K1,raw_restored,0.05,0.1792452830188679,38,106,0.3584905660377358
39,full,FT_K1,raw_restored,0.1,0.27358490566037735,76,106,0.7169811320754716
39,full,FT_K1,raw_restored,0.2,0.4339622641509434,152,106,1
39,full,FT_K1,regex_cached,0.05,0.3584905660377358,38,106,0.3584905660377358
39,full,FT_K1,regex_cached,0.1,0.5094339622641509,76,106,0.7169811320754716
39,full,FT_K1,regex_cached,0.2,0.5094339622641509,152,106,1
39,full,FT_K1,regex_restored,0.05,0.3584905660377358,38,106,0.3584905660377358
39,full,FT_K1,regex_restored,0.1,0.5094339622641509,76,106,0.7169811320754716
39,full,FT_K1,regex_restored,0.2,0.5094339622641509,152,106,1
39,full,FT_K1,regex_anchor_restored,0.05,0.3584905660377358,38,106,0.3584905660377358
39,full,FT_K1,regex_anchor_restored,0.1,0.5094339622641509,76,106,0.7169811320754716
39,full,FT_K1,regex_anchor_restored,0.2,0.5094339622641509,152,106,1
39,full,FT_K1,native_token_restored,0.05,0.3584905660377358,38,106,0.3584905660377358
39,full,FT_K1,native_token_restored,0.1,0.5094339622641509,76,106,0.7169811320754716
39,full,FT_K1,native_token_restored,0.2,0.5094339622641509,152,106,1
39,full,FT_K3,raw_cached,0.05,0.1792452830188679,38,106,0.3584905660377358
39,full,FT_K3,raw_cached,0.1,0.27358490566037735,76,106,0.7169811320754716
39,full,FT_K3,raw_cached,0.2,0.42452830188679247,152,106,1
39,full,FT_K3,raw_restored,0.05,0.1792452830188679,38,106,0.3584905660377358
39,full,FT_K3,raw_restored,0.1,0.27358490566037735,76,106,0.7169811320754716
39,full,FT_K3,raw_restored,0.2,0.42452830188679247,152,106,1
39,full,FT_K3,regex_cached,0.05,0.3584905660377358,38,106,0.3584905660377358
39,full,FT_K3,regex_cached,0.1,0.5094339622641509,76,106,0.7169811320754716
39,full,FT_K3,regex_cached,0.2,0.5094339622641509,152,106,1
39,full,FT_K3,regex_restored,0.05,0.3584905660377358,38,106,0.3584905660377358
39,full,FT_K3,regex_restored,0.1,0.5094339622641509,76,106,0.7169811320754716
39,full,FT_K3,regex_restored,0.2,0.5094339622641509,152,106,1
39,full,FT_K3,regex_anchor_restored,0.05,0.3584905660377358,38,106,0.3584905660377358
39,full,FT_K3,regex_anchor_restored,0.1,0.5094339622641509,76,106,0.7169811320754716
39,full,FT_K3,regex_anchor_restored,0.2,0.5094339622641509,152,106,1
39,full,FT_K3,native_token_restored,0.05,0.3584905660377358,38,106,0.3584905660377358
39,full,FT_K3,native_token_restored,0.1,0.5094339622641509,76,106,0.7169811320754716
39,full,FT_K3,native_token_restored,0.2,0.5094339622641509,152,106,1
40,full,DT_target,raw_cached,0.05,0.1640625,66,128,0.515625
40,full,DT_target,raw_cached,0.1,0.25,131,128,1
40,full,DT_target,raw_cached,0.2,0.375,261,128,1
40,full,DT_target,raw_restored,0.05,0.1640625,66,128,0.515625
40,full,DT_target,raw_restored,0.1,0.25,131,128,1
40,full,DT_target,raw_restored,0.2,0.375,261,128,1
40,full,DT_target,regex_cached,0.05,0.4140625,66,128,0.515625
40,full,DT_target,regex_cached,0.1,0.421875,131,128,1
40,full,DT_target,regex_cached,0.2,0.5625,261,128,1
40,full,DT_target,regex_restored,0.05,0.4140625,66,128,0.515625
40,full,DT_target,regex_restored,0.1,0.421875,131,128,1
40,full,DT_target,regex_restored,0.2,0.5625,261,128,1
40,full,DT_target,regex_anchor_restored,0.05,0.421875,66,128,0.515625
40,full,DT_target,regex_anchor_restored,0.1,0.4296875,131,128,1
40,full,DT_target,regex_anchor_restored,0.2,0.5703125,261,128,1
40,full,DT_target,native_token_restored,0.05,0.4140625,66,128,0.515625
40,full,DT_target,native_token_restored,0.1,0.4296875,131,128,1
40,full,DT_target,native_token_restored,0.2,0.5703125,261,128,1
40,full,FT_K1,raw_cached,0.05,0.234375,66,128,0.515625
40,full,FT_K1,raw_cached,0.1,0.34375,131,128,1
40,full,FT_K1,raw_cached,0.2,0.4375,261,128,1
40,full,FT_K1,raw_restored,0.05,0.234375,66,128,0.515625
40,full,FT_K1,raw_restored,0.1,0.34375,131,128,1
40,full,FT_K1,raw_restored,0.2,0.4375,261,128,1
40,full,FT_K1,regex_cached,0.05,0.4140625,66,128,0.515625
40,full,FT_K1,regex_cached,0.1,0.421875,131,128,1
40,full,FT_K1,regex_cached,0.2,0.5625,261,128,1
40,full,FT_K1,regex_restored,0.05,0.4140625,66,128,0.515625
40,full,FT_K1,regex_restored,0.1,0.421875,131,128,1
40,full,FT_K1,regex_restored,0.2,0.5625,261,128,1
40,full,FT_K1,regex_anchor_restored,0.05,0.4296875,66,128,0.515625
40,full,FT_K1,regex_anchor_restored,0.1,0.4296875,131,128,1
40,full,FT_K1,regex_anchor_restored,0.2,0.5703125,261,128,1
40,full,FT_K1,native_token_restored,0.05,0.4296875,66,128,0.515625
40,full,FT_K1,native_token_restored,0.1,0.4296875,131,128,1
40,full,FT_K1,native_token_restored,0.2,0.5703125,261,128,1
40,full,FT_K3,raw_cached,0.05,0.234375,66,128,0.515625
40,full,FT_K3,raw_cached,0.1,0.3515625,131,128,1
40,full,FT_K3,raw_cached,0.2,0.4296875,261,128,1
40,full,FT_K3,raw_restored,0.05,0.234375,66,128,0.515625
40,full,FT_K3,raw_restored,0.1,0.3515625,131,128,1
40,full,FT_K3,raw_restored,0.2,0.4296875,261,128,1
40,full,FT_K3,regex_cached,0.05,0.4140625,66,128,0.515625
40,full,FT_K3,regex_cached,0.1,0.421875,131,128,1
40,full,FT_K3,regex_cached,0.2,0.5625,261,128,1
40,full,FT_K3,regex_restored,0.05,0.4140625,66,128,0.515625
40,full,FT_K3,regex_restored,0.1,0.421875,131,128,1
40,full,FT_K3,regex_restored,0.2,0.5625,261,128,1
40,full,FT_K3,regex_anchor_restored,0.05,0.4296875,66,128,0.515625
40,full,FT_K3,regex_anchor_restored,0.1,0.4296875,131,128,1
40,full,FT_K3,regex_anchor_restored,0.2,0.5703125,261,128,1
40,full,FT_K3,native_token_restored,0.05,0.4296875,66,128,0.515625
40,full,FT_K3,native_token_restored,0.1,0.4296875,131,128,1
40,full,FT_K3,native_token_restored,0.2,0.5703125,261,128,1
41,full,DT_target,raw_cached,0.05,0.2077922077922078,44,77,0.5714285714285714
41,full,DT_target,raw_cached,0.1,0.36363636363636365,87,77,1
41,full,DT_target,raw_cached,0.2,0.5454545454545454,173,77,1
41,full,DT_target,raw_restored,0.05,0.2077922077922078,44,77,0.5714285714285714
41,full,DT_target,raw_restored,0.1,0.36363636363636365,87,77,1
41,full,DT_target,raw_restored,0.2,0.5454545454545454,173,77,1
41,full,DT_target,regex_cached,0.05,0.36363636363636365,44,77,0.5714285714285714
41,full,DT_target,regex_cached,0.1,0.5194805194805194,87,77,1
41,full,DT_target,regex_cached,0.2,0.5324675324675324,173,77,1
41,full,DT_target,regex_restored,0.05,0.36363636363636365,44,77,0.5714285714285714
41,full,DT_target,regex_restored,0.1,0.5194805194805194,87,77,1
41,full,DT_target,regex_restored,0.2,0.5324675324675324,173,77,1
41,full,DT_target,regex_anchor_restored,0.05,0.37662337662337664,44,77,0.5714285714285714
41,full,DT_target,regex_anchor_restored,0.1,0.5454545454545454,87,77,1
41,full,DT_target,regex_anchor_restored,0.2,0.5454545454545454,173,77,1
41,full,DT_target,native_token_restored,0.05,0.36363636363636365,44,77,0.5714285714285714
41,full,DT_target,native_token_restored,0.1,0.5454545454545454,87,77,1
41,full,DT_target,native_token_restored,0.2,0.5454545454545454,173,77,1
41,full,FT_K1,raw_cached,0.05,0.2597402597402597,44,77,0.5714285714285714
41,full,FT_K1,raw_cached,0.1,0.4155844155844156,87,77,1
41,full,FT_K1,raw_cached,0.2,0.5584415584415584,173,77,1
41,full,FT_K1,raw_restored,0.05,0.2597402597402597,44,77,0.5714285714285714
41,full,FT_K1,raw_restored,0.1,0.4155844155844156,87,77,1
41,full,FT_K1,raw_restored,0.2,0.5584415584415584,173,77,1
41,full,FT_K1,regex_cached,0.05,0.38961038961038963,44,77,0.5714285714285714
41,full,FT_K1,regex_cached,0.1,0.5194805194805194,87,77,1
41,full,FT_K1,regex_cached,0.2,0.5194805194805194,173,77,1
41,full,FT_K1,regex_restored,0.05,0.38961038961038963,44,77,0.5714285714285714
41,full,FT_K1,regex_restored,0.1,0.5194805194805194,87,77,1
41,full,FT_K1,regex_restored,0.2,0.5194805194805194,173,77,1
41,full,FT_K1,regex_anchor_restored,0.05,0.4155844155844156,44,77,0.5714285714285714
41,full,FT_K1,regex_anchor_restored,0.1,0.5454545454545454,87,77,1
41,full,FT_K1,regex_anchor_restored,0.2,0.5454545454545454,173,77,1
41,full,FT_K1,native_token_restored,0.05,0.4805194805194805,44,77,0.5714285714285714
41,full,FT_K1,native_token_restored,0.1,0.5454545454545454,87,77,1
41,full,FT_K1,native_token_restored,0.2,0.5454545454545454,173,77,1
41,full,FT_K3,raw_cached,0.05,0.2597402597402597,44,77,0.5714285714285714
41,full,FT_K3,raw_cached,0.1,0.4155844155844156,87,77,1
41,full,FT_K3,raw_cached,0.2,0.5454545454545454,173,77,1
41,full,FT_K3,raw_restored,0.05,0.2597402597402597,44,77,0.5714285714285714
41,full,FT_K3,raw_restored,0.1,0.4155844155844156,87,77,1
41,full,FT_K3,raw_restored,0.2,0.5454545454545454,173,77,1
41,full,FT_K3,regex_cached,0.05,0.38961038961038963,44,77,0.5714285714285714
41,full,FT_K3,regex_cached,0.1,0.5194805194805194,87,77,1
41,full,FT_K3,regex_cached,0.2,0.5194805194805194,173,77,1
41,full,FT_K3,regex_restored,0.05,0.38961038961038963,44,77,0.5714285714285714
41,full,FT_K3,regex_restored,0.1,0.5194805194805194,87,77,1
41,full,FT_K3,regex_restored,0.2,0.5194805194805194,173,77,1
41,full,FT_K3,regex_anchor_restored,0.05,0.4155844155844156,44,77,0.5714285714285714
41,full,FT_K3,regex_anchor_restored,0.1,0.5454545454545454,87,77,1
41,full,FT_K3,regex_anchor_restored,0.2,0.5454545454545454,173,77,1
41,full,FT_K3,native_token_restored,0.05,0.4805194805194805,44,77,0.5714285714285714
41,full,FT_K3,native_token_restored,0.1,0.5454545454545454,87,77,1
41,full,FT_K3,native_token_restored,0.2,0.5454545454545454,173,77,1
42,full,DT_target,raw_cached,0.05,0.125,67,80,0.8375
42,full,DT_target,raw_cached,0.1,0.1625,133,80,1
42,full,DT_target,raw_cached,0.2,0.325,265,80,1
42,full,DT_target,raw_restored,0.05,0.125,67,80,0.8375
42,full,DT_target,raw_restored,0.1,0.1625,133,80,1
42,full,DT_target,raw_restored,0.2,0.325,265,80,1
42,full,DT_target,regex_cached,0.05,0.5,67,80,0.8375
42,full,DT_target,regex_cached,0.1,0.6625,133,80,1
42,full,DT_target,regex_cached,0.2,1.0,265,80,1
42,full,DT_target,regex_restored,0.05,0.5,67,80,0.8375
42,full,DT_target,regex_restored,0.1,0.6625,133,80,1
42,full,DT_target,regex_restored,0.2,1.0,265,80,1
42,full,DT_target,regex_anchor_restored,0.05,0.5125,67,80,0.8375
42,full,DT_target,regex_anchor_restored,0.1,0.6875,133,80,1
42,full,DT_target,regex_anchor_restored,0.2,1.0,265,80,1
42,full,DT_target,native_token_restored,0.05,0.525,67,80,0.8375
42,full,DT_target,native_token_restored,0.1,0.5625,133,80,1
42,full,DT_target,native_token_restored,0.2,1.0,265,80,1
42,full,FT_K1,raw_cached,0.05,0.225,67,80,0.8375
42,full,FT_K1,raw_cached,0.1,0.3875,133,80,1
42,full,FT_K1,raw_cached,0.2,0.5625,265,80,1
42,full,FT_K1,raw_restored,0.05,0.225,67,80,0.8375
42,full,FT_K1,raw_restored,0.1,0.3875,133,80,1
42,full,FT_K1,raw_restored,0.2,0.5625,265,80,1
42,full,FT_K1,regex_cached,0.05,0.525,67,80,0.8375
42,full,FT_K1,regex_cached,0.1,0.525,133,80,1
42,full,FT_K1,regex_cached,0.2,1.0,265,80,1
42,full,FT_K1,regex_restored,0.05,0.525,67,80,0.8375
42,full,FT_K1,regex_restored,0.1,0.525,133,80,1
42,full,FT_K1,regex_restored,0.2,1.0,265,80,1
42,full,FT_K1,regex_anchor_restored,0.05,0.525,67,80,0.8375
42,full,FT_K1,regex_anchor_restored,0.1,0.525,133,80,1
42,full,FT_K1,regex_anchor_restored,0.2,1.0,265,80,1
42,full,FT_K1,native_token_restored,0.05,0.525,67,80,0.8375
42,full,FT_K1,native_token_restored,0.1,0.525,133,80,1
42,full,FT_K1,native_token_restored,0.2,1.0,265,80,1
42,full,FT_K3,raw_cached,0.05,0.225,67,80,0.8375
42,full,FT_K3,raw_cached,0.1,0.3875,133,80,1
42,full,FT_K3,raw_cached,0.2,0.5625,265,80,1
42,full,FT_K3,raw_restored,0.05,0.225,67,80,0.8375
42,full,FT_K3,raw_restored,0.1,0.3875,133,80,1
42,full,FT_K3,raw_restored,0.2,0.5625,265,80,1
42,full,FT_K3,regex_cached,0.05,0.525,67,80,0.8375
42,full,FT_K3,regex_cached,0.1,0.525,133,80,1
42,full,FT_K3,regex_cached,0.2,1.0,265,80,1
42,full,FT_K3,regex_restored,0.05,0.525,67,80,0.8375
42,full,FT_K3,regex_restored,0.1,0.525,133,80,1
42,full,FT_K3,regex_restored,0.2,1.0,265,80,1
42,full,FT_K3,regex_anchor_restored,0.05,0.525,67,80,0.8375
42,full,FT_K3,regex_anchor_restored,0.1,0.525,133,80,1
42,full,FT_K3,regex_anchor_restored,0.2,1.0,265,80,1
42,full,FT_K3,native_token_restored,0.05,0.525,67,80,0.8375
42,full,FT_K3,native_token_restored,0.1,0.525,133,80,1
42,full,FT_K3,native_token_restored,0.2,1.0,265,80,1
43,full,DT_target,raw_cached,0.05,0.4166666666666667,62,84,0.7380952380952381
43,full,DT_target,raw_cached,0.1,0.5952380952380952,123,84,1
43,full,DT_target,raw_cached,0.2,0.7023809523809523,245,84,1
43,full,DT_target,raw_restored,0.05,0.4166666666666667,62,84,0.7380952380952381
43,full,DT_target,raw_restored,0.1,0.5952380952380952,123,84,1
43,full,DT_target,raw_restored,0.2,0.7023809523809523,245,84,1
43,full,DT_target,regex_cached,0.05,0.5833333333333334,62,84,0.7380952380952381
43,full,DT_target,regex_cached,0.1,0.9880952380952381,123,84,1
43,full,DT_target,regex_cached,0.2,1.0,245,84,1
43,full,DT_target,regex_restored,0.05,0.5833333333333334,62,84,0.7380952380952381
43,full,DT_target,regex_restored,0.1,0.9880952380952381,123,84,1
43,full,DT_target,regex_restored,0.2,1.0,245,84,1
43,full,DT_target,regex_anchor_restored,0.05,0.5952380952380952,62,84,0.7380952380952381
43,full,DT_target,regex_anchor_restored,0.1,1.0,123,84,1
43,full,DT_target,regex_anchor_restored,0.2,1.0,245,84,1
43,full,DT_target,native_token_restored,0.05,0.5595238095238095,62,84,0.7380952380952381
43,full,DT_target,native_token_restored,0.1,1.0,123,84,1
43,full,DT_target,native_token_restored,0.2,1.0,245,84,1
43,full,FT_K1,raw_cached,0.05,0.38095238095238093,62,84,0.7380952380952381
43,full,FT_K1,raw_cached,0.1,0.5476190476190477,123,84,1
43,full,FT_K1,raw_cached,0.2,0.6309523809523809,245,84,1
43,full,FT_K1,raw_restored,0.05,0.38095238095238093,62,84,0.7380952380952381
43,full,FT_K1,raw_restored,0.1,0.5476190476190477,123,84,1
43,full,FT_K1,raw_restored,0.2,0.6309523809523809,245,84,1
43,full,FT_K1,regex_cached,0.05,0.5119047619047619,62,84,0.7380952380952381
43,full,FT_K1,regex_cached,0.1,0.9880952380952381,123,84,1
43,full,FT_K1,regex_cached,0.2,0.9880952380952381,245,84,1
43,full,FT_K1,regex_restored,0.05,0.5119047619047619,62,84,0.7380952380952381
43,full,FT_K1,regex_restored,0.1,0.9880952380952381,123,84,1
43,full,FT_K1,regex_restored,0.2,0.9880952380952381,245,84,1
43,full,FT_K1,regex_anchor_restored,0.05,0.5238095238095238,62,84,0.7380952380952381
43,full,FT_K1,regex_anchor_restored,0.1,1.0,123,84,1
43,full,FT_K1,regex_anchor_restored,0.2,1.0,245,84,1
43,full,FT_K1,native_token_restored,0.05,0.5238095238095238,62,84,0.7380952380952381
43,full,FT_K1,native_token_restored,0.1,1.0,123,84,1
43,full,FT_K1,native_token_restored,0.2,1.0,245,84,1
43,full,FT_K3,raw_cached,0.05,0.36904761904761907,62,84,0.7380952380952381
43,full,FT_K3,raw_cached,0.1,0.5476190476190477,123,84,1
43,full,FT_K3,raw_cached,0.2,0.6309523809523809,245,84,1
43,full,FT_K3,raw_restored,0.05,0.36904761904761907,62,84,0.7380952380952381
43,full,FT_K3,raw_restored,0.1,0.5476190476190477,123,84,1
43,full,FT_K3,raw_restored,0.2,0.6309523809523809,245,84,1
43,full,FT_K3,regex_cached,0.05,0.5119047619047619,62,84,0.7380952380952381
43,full,FT_K3,regex_cached,0.1,0.9880952380952381,123,84,1
43,full,FT_K3,regex_cached,0.2,0.9880952380952381,245,84,1
43,full,FT_K3,regex_restored,0.05,0.5119047619047619,62,84,0.7380952380952381
43,full,FT_K3,regex_restored,0.1,0.9880952380952381,123,84,1
43,full,FT_K3,regex_restored,0.2,0.9880952380952381,245,84,1
43,full,FT_K3,regex_anchor_restored,0.05,0.5238095238095238,62,84,0.7380952380952381
43,full,FT_K3,regex_anchor_restored,0.1,1.0,123,84,1
43,full,FT_K3,regex_anchor_restored,0.2,1.0,245,84,1
43,full,FT_K3,native_token_restored,0.05,0.5238095238095238,62,84,0.7380952380952381
43,full,FT_K3,native_token_restored,0.1,1.0,123,84,1
43,full,FT_K3,native_token_restored,0.2,1.0,245,84,1
44,full,DT_target,raw_cached,0.05,0.33695652173913043,42,92,0.45652173913043476
44,full,DT_target,raw_cached,0.1,0.4782608695652174,83,92,0.9021739130434783
44,full,DT_target,raw_cached,0.2,0.5652173913043478,166,92,1
44,full,DT_target,raw_restored,0.05,0.33695652173913043,42,92,0.45652173913043476
44,full,DT_target,raw_restored,0.1,0.4782608695652174,83,92,0.9021739130434783
44,full,DT_target,raw_restored,0.2,0.5652173913043478,166,92,1
44,full,DT_target,regex_cached,0.05,0.16304347826086957,42,92,0.45652173913043476
44,full,DT_target,regex_cached,0.1,0.5978260869565217,83,92,0.9021739130434783
44,full,DT_target,regex_cached,0.2,1.0,166,92,1
44,full,DT_target,regex_restored,0.05,0.16304347826086957,42,92,0.45652173913043476
44,full,DT_target,regex_restored,0.1,0.5978260869565217,83,92,0.9021739130434783
44,full,DT_target,regex_restored,0.2,1.0,166,92,1
44,full,DT_target,regex_anchor_restored,0.05,0.30434782608695654,42,92,0.45652173913043476
44,full,DT_target,regex_anchor_restored,0.1,0.75,83,92,0.9021739130434783
44,full,DT_target,regex_anchor_restored,0.2,1.0,166,92,1
44,full,DT_target,native_token_restored,0.05,0.2391304347826087,42,92,0.45652173913043476
44,full,DT_target,native_token_restored,0.1,0.6847826086956522,83,92,0.9021739130434783
44,full,DT_target,native_token_restored,0.2,1.0,166,92,1
44,full,FT_K1,raw_cached,0.05,0.29347826086956524,42,92,0.45652173913043476
44,full,FT_K1,raw_cached,0.1,0.5434782608695652,83,92,0.9021739130434783
44,full,FT_K1,raw_cached,0.2,0.7934782608695652,166,92,1
44,full,FT_K1,raw_restored,0.05,0.29347826086956524,42,92,0.45652173913043476
44,full,FT_K1,raw_restored,0.1,0.5434782608695652,83,92,0.9021739130434783
44,full,FT_K1,raw_restored,0.2,0.7934782608695652,166,92,1
44,full,FT_K1,regex_cached,0.05,0.34782608695652173,42,92,0.45652173913043476
44,full,FT_K1,regex_cached,0.1,0.5543478260869565,83,92,0.9021739130434783
44,full,FT_K1,regex_cached,0.2,1.0,166,92,1
44,full,FT_K1,regex_restored,0.05,0.34782608695652173,42,92,0.45652173913043476
44,full,FT_K1,regex_restored,0.1,0.5543478260869565,83,92,0.9021739130434783
44,full,FT_K1,regex_restored,0.2,1.0,166,92,1
44,full,FT_K1,regex_anchor_restored,0.05,0.358695652173913,42,92,0.45652173913043476
44,full,FT_K1,regex_anchor_restored,0.1,0.5543478260869565,83,92,0.9021739130434783
44,full,FT_K1,regex_anchor_restored,0.2,1.0,166,92,1
44,full,FT_K1,native_token_restored,0.05,0.32608695652173914,42,92,0.45652173913043476
44,full,FT_K1,native_token_restored,0.1,0.5543478260869565,83,92,0.9021739130434783
44,full,FT_K1,native_token_restored,0.2,1.0,166,92,1
44,full,FT_K3,raw_cached,0.05,0.2826086956521739,42,92,0.45652173913043476
44,full,FT_K3,raw_cached,0.1,0.5543478260869565,83,92,0.9021739130434783
44,full,FT_K3,raw_cached,0.2,0.782608695652174,166,92,1
44,full,FT_K3,raw_restored,0.05,0.2826086956521739,42,92,0.45652173913043476
44,full,FT_K3,raw_restored,0.1,0.5543478260869565,83,92,0.9021739130434783
44,full,FT_K3,raw_restored,0.2,0.782608695652174,166,92,1
44,full,FT_K3,regex_cached,0.05,0.358695652173913,42,92,0.45652173913043476
44,full,FT_K3,regex_cached,0.1,0.5543478260869565,83,92,0.9021739130434783
44,full,FT_K3,regex_cached,0.2,1.0,166,92,1
44,full,FT_K3,regex_restored,0.05,0.358695652173913,42,92,0.45652173913043476
44,full,FT_K3,regex_restored,0.1,0.5543478260869565,83,92,0.9021739130434783
44,full,FT_K3,regex_restored,0.2,1.0,166,92,1
44,full,FT_K3,regex_anchor_restored,0.05,0.358695652173913,42,92,0.45652173913043476
44,full,FT_K3,regex_anchor_restored,0.1,0.5543478260869565,83,92,0.9021739130434783
44,full,FT_K3,regex_anchor_restored,0.2,1.0,166,92,1
44,full,FT_K3,native_token_restored,0.05,0.32608695652173914,42,92,0.45652173913043476
44,full,FT_K3,native_token_restored,0.1,0.5543478260869565,83,92,0.9021739130434783
44,full,FT_K3,native_token_restored,0.2,1.0,166,92,1
45,full,DT_target,raw_cached,0.05,0.2987012987012987,86,77,1
45,full,DT_target,raw_cached,0.1,0.5844155844155844,171,77,1
45,full,DT_target,raw_cached,0.2,0.7532467532467533,341,77,1
45,full,DT_target,raw_restored,0.05,0.2987012987012987,86,77,1
45,full,DT_target,raw_restored,0.1,0.5844155844155844,171,77,1
45,full,DT_target,raw_restored,0.2,0.7532467532467533,341,77,1
45,full,DT_target,regex_cached,0.05,0.5844155844155844,86,77,1
45,full,DT_target,regex_cached,0.1,0.987012987012987,171,77,1
45,full,DT_target,regex_cached,0.2,0.987012987012987,341,77,1
45,full,DT_target,regex_restored,0.05,0.5844155844155844,86,77,1
45,full,DT_target,regex_restored,0.1,0.987012987012987,171,77,1
45,full,DT_target,regex_restored,0.2,0.987012987012987,341,77,1
45,full,DT_target,regex_anchor_restored,0.05,0.5974025974025974,86,77,1
45,full,DT_target,regex_anchor_restored,0.1,1.0,171,77,1
45,full,DT_target,regex_anchor_restored,0.2,1.0,341,77,1
45,full,DT_target,native_token_restored,0.05,0.4935064935064935,86,77,1
45,full,DT_target,native_token_restored,0.1,1.0,171,77,1
45,full,DT_target,native_token_restored,0.2,1.0,341,77,1
45,full,FT_K1,raw_cached,0.05,0.37662337662337664,86,77,1
45,full,FT_K1,raw_cached,0.1,0.6363636363636364,171,77,1
45,full,FT_K1,raw_cached,0.2,0.7922077922077922,341,77,1
45,full,FT_K1,raw_restored,0.05,0.37662337662337664,86,77,1
45,full,FT_K1,raw_restored,0.1,0.6363636363636364,171,77,1
45,full,FT_K1,raw_restored,0.2,0.7922077922077922,341,77,1
45,full,FT_K1,regex_cached,0.05,0.8571428571428571,86,77,1
45,full,FT_K1,regex_cached,0.1,1.0,171,77,1
45,full,FT_K1,regex_cached,0.2,1.0,341,77,1
45,full,FT_K1,regex_restored,0.05,0.8571428571428571,86,77,1
45,full,FT_K1,regex_restored,0.1,1.0,171,77,1
45,full,FT_K1,regex_restored,0.2,1.0,341,77,1
45,full,FT_K1,regex_anchor_restored,0.05,0.8831168831168831,86,77,1
45,full,FT_K1,regex_anchor_restored,0.1,1.0,171,77,1
45,full,FT_K1,regex_anchor_restored,0.2,1.0,341,77,1
45,full,FT_K1,native_token_restored,0.05,0.7012987012987013,86,77,1
45,full,FT_K1,native_token_restored,0.1,1.0,171,77,1
45,full,FT_K1,native_token_restored,0.2,1.0,341,77,1
45,full,FT_K3,raw_cached,0.05,0.37662337662337664,86,77,1
45,full,FT_K3,raw_cached,0.1,0.6233766233766234,171,77,1
45,full,FT_K3,raw_cached,0.2,0.7792207792207793,341,77,1
45,full,FT_K3,raw_restored,0.05,0.37662337662337664,86,77,1
45,full,FT_K3,raw_restored,0.1,0.6233766233766234,171,77,1
45,full,FT_K3,raw_restored,0.2,0.7792207792207793,341,77,1
45,full,FT_K3,regex_cached,0.05,0.8571428571428571,86,77,1
45,full,FT_K3,regex_cached,0.1,1.0,171,77,1
45,full,FT_K3,regex_cached,0.2,1.0,341,77,1
45,full,FT_K3,regex_restored,0.05,0.8571428571428571,86,77,1
45,full,FT_K3,regex_restored,0.1,1.0,171,77,1
45,full,FT_K3,regex_restored,0.2,1.0,341,77,1
45,full,FT_K3,regex_anchor_restored,0.05,0.8831168831168831,86,77,1
45,full,FT_K3,regex_anchor_restored,0.1,1.0,171,77,1
45,full,FT_K3,regex_anchor_restored,0.2,1.0,341,77,1
45,full,FT_K3,native_token_restored,0.05,0.7012987012987013,86,77,1
45,full,FT_K3,native_token_restored,0.1,1.0,171,77,1
45,full,FT_K3,native_token_restored,0.2,1.0,341,77,1
46,full,DT_target,raw_cached,0.05,0.22413793103448276,65,58,1
46,full,DT_target,raw_cached,0.1,0.29310344827586204,130,58,1
46,full,DT_target,raw_cached,0.2,0.5172413793103449,260,58,1
46,full,DT_target,raw_restored,0.05,0.22413793103448276,65,58,1
46,full,DT_target,raw_restored,0.1,0.29310344827586204,130,58,1
46,full,DT_target,raw_restored,0.2,0.5172413793103449,260,58,1
46,full,DT_target,regex_cached,0.05,0.0,65,58,1
46,full,DT_target,regex_cached,0.1,1.0,130,58,1
46,full,DT_target,regex_cached,0.2,1.0,260,58,1
46,full,DT_target,regex_restored,0.05,0.0,65,58,1
46,full,DT_target,regex_restored,0.1,1.0,130,58,1
46,full,DT_target,regex_restored,0.2,1.0,260,58,1
46,full,DT_target,regex_anchor_restored,0.05,0.5172413793103449,65,58,1
46,full,DT_target,regex_anchor_restored,0.1,1.0,130,58,1
46,full,DT_target,regex_anchor_restored,0.2,1.0,260,58,1
46,full,DT_target,native_token_restored,0.05,0.46551724137931033,65,58,1
46,full,DT_target,native_token_restored,0.1,1.0,130,58,1
46,full,DT_target,native_token_restored,0.2,1.0,260,58,1
46,full,FT_K1,raw_cached,0.05,0.27586206896551724,65,58,1
46,full,FT_K1,raw_cached,0.1,0.3275862068965517,130,58,1
46,full,FT_K1,raw_cached,0.2,0.5517241379310345,260,58,1
46,full,FT_K1,raw_restored,0.05,0.27586206896551724,65,58,1
46,full,FT_K1,raw_restored,0.1,0.3275862068965517,130,58,1
46,full,FT_K1,raw_restored,0.2,0.5517241379310345,260,58,1
46,full,FT_K1,regex_cached,0.05,0.5689655172413793,65,58,1
46,full,FT_K1,regex_cached,0.1,0.9137931034482759,130,58,1
46,full,FT_K1,regex_cached,0.2,1.0,260,58,1
46,full,FT_K1,regex_restored,0.05,0.5689655172413793,65,58,1
46,full,FT_K1,regex_restored,0.1,0.9137931034482759,130,58,1
46,full,FT_K1,regex_restored,0.2,1.0,260,58,1
46,full,FT_K1,regex_anchor_restored,0.05,0.5689655172413793,65,58,1
46,full,FT_K1,regex_anchor_restored,0.1,0.9655172413793104,130,58,1
46,full,FT_K1,regex_anchor_restored,0.2,1.0,260,58,1
46,full,FT_K1,native_token_restored,0.05,0.5689655172413793,65,58,1
46,full,FT_K1,native_token_restored,0.1,0.9137931034482759,130,58,1
46,full,FT_K1,native_token_restored,0.2,1.0,260,58,1
46,full,FT_K3,raw_cached,0.05,0.27586206896551724,65,58,1
46,full,FT_K3,raw_cached,0.1,0.3448275862068966,130,58,1
46,full,FT_K3,raw_cached,0.2,0.5517241379310345,260,58,1
46,full,FT_K3,raw_restored,0.05,0.27586206896551724,65,58,1
46,full,FT_K3,raw_restored,0.1,0.3448275862068966,130,58,1
46,full,FT_K3,raw_restored,0.2,0.5517241379310345,260,58,1
46,full,FT_K3,regex_cached,0.05,0.5689655172413793,65,58,1
46,full,FT_K3,regex_cached,0.1,0.9137931034482759,130,58,1
46,full,FT_K3,regex_cached,0.2,1.0,260,58,1
46,full,FT_K3,regex_restored,0.05,0.5689655172413793,65,58,1
46,full,FT_K3,regex_restored,0.1,0.9137931034482759,130,58,1
46,full,FT_K3,regex_restored,0.2,1.0,260,58,1
46,full,FT_K3,regex_anchor_restored,0.05,0.5689655172413793,65,58,1
46,full,FT_K3,regex_anchor_restored,0.1,0.9655172413793104,130,58,1
46,full,FT_K3,regex_anchor_restored,0.2,1.0,260,58,1
46,full,FT_K3,native_token_restored,0.05,0.5689655172413793,65,58,1
46,full,FT_K3,native_token_restored,0.1,0.9137931034482759,130,58,1
46,full,FT_K3,native_token_restored,0.2,1.0,260,58,1
47,full,DT_target,raw_cached,0.05,0.35135135135135137,43,74,0.581081081081081
47,full,DT_target,raw_cached,0.1,0.581081081081081,85,74,1
47,full,DT_target,raw_cached,0.2,0.8243243243243243,170,74,1
47,full,DT_target,raw_restored,0.05,0.35135135135135137,43,74,0.581081081081081
47,full,DT_target,raw_restored,0.1,0.581081081081081,85,74,1
47,full,DT_target,raw_restored,0.2,0.8243243243243243,170,74,1
47,full,DT_target,regex_cached,0.05,0.44594594594594594,43,74,0.581081081081081
47,full,DT_target,regex_cached,0.1,0.9864864864864865,85,74,1
47,full,DT_target,regex_cached,0.2,1.0,170,74,1
47,full,DT_target,regex_restored,0.05,0.44594594594594594,43,74,0.581081081081081
47,full,DT_target,regex_restored,0.1,0.9864864864864865,85,74,1
47,full,DT_target,regex_restored,0.2,1.0,170,74,1
47,full,DT_target,regex_anchor_restored,0.05,0.4594594594594595,43,74,0.581081081081081
47,full,DT_target,regex_anchor_restored,0.1,1.0,85,74,1
47,full,DT_target,regex_anchor_restored,0.2,1.0,170,74,1
47,full,DT_target,native_token_restored,0.05,0.44594594594594594,43,74,0.581081081081081
47,full,DT_target,native_token_restored,0.1,1.0,85,74,1
47,full,DT_target,native_token_restored,0.2,1.0,170,74,1
47,full,FT_K1,raw_cached,0.05,0.36486486486486486,43,74,0.581081081081081
47,full,FT_K1,raw_cached,0.1,0.47297297297297297,85,74,1
47,full,FT_K1,raw_cached,0.2,0.6756756756756757,170,74,1
47,full,FT_K1,raw_restored,0.05,0.36486486486486486,43,74,0.581081081081081
47,full,FT_K1,raw_restored,0.1,0.47297297297297297,85,74,1
47,full,FT_K1,raw_restored,0.2,0.6756756756756757,170,74,1
47,full,FT_K1,regex_cached,0.05,0.5405405405405406,43,74,0.581081081081081
47,full,FT_K1,regex_cached,0.1,0.6756756756756757,85,74,1
47,full,FT_K1,regex_cached,0.2,0.6756756756756757,170,74,1
47,full,FT_K1,regex_restored,0.05,0.5405405405405406,43,74,0.581081081081081
47,full,FT_K1,regex_restored,0.1,0.6756756756756757,85,74,1
47,full,FT_K1,regex_restored,0.2,0.6756756756756757,170,74,1
47,full,FT_K1,regex_anchor_restored,0.05,0.5405405405405406,43,74,0.581081081081081
47,full,FT_K1,regex_anchor_restored,0.1,0.7027027027027027,85,74,1
47,full,FT_K1,regex_anchor_restored,0.2,0.7027027027027027,170,74,1
47,full,FT_K1,native_token_restored,0.05,0.581081081081081,43,74,0.581081081081081
47,full,FT_K1,native_token_restored,0.1,0.7027027027027027,85,74,1
47,full,FT_K1,native_token_restored,0.2,0.7027027027027027,170,74,1
47,full,FT_K3,raw_cached,0.05,0.36486486486486486,43,74,0.581081081081081
47,full,FT_K3,raw_cached,0.1,0.47297297297297297,85,74,1
47,full,FT_K3,raw_cached,0.2,0.6756756756756757,170,74,1
47,full,FT_K3,raw_restored,0.05,0.36486486486486486,43,74,0.581081081081081
47,full,FT_K3,raw_restored,0.1,0.47297297297297297,85,74,1
47,full,FT_K3,raw_restored,0.2,0.6756756756756757,170,74,1
47,full,FT_K3,regex_cached,0.05,0.5405405405405406,43,74,0.581081081081081
47,full,FT_K3,regex_cached,0.1,0.6756756756756757,85,74,1
47,full,FT_K3,regex_cached,0.2,0.6756756756756757,170,74,1
47,full,FT_K3,regex_restored,0.05,0.5405405405405406,43,74,0.581081081081081
47,full,FT_K3,regex_restored,0.1,0.6756756756756757,85,74,1
47,full,FT_K3,regex_restored,0.2,0.6756756756756757,170,74,1
47,full,FT_K3,regex_anchor_restored,0.05,0.4864864864864865,43,74,0.581081081081081
47,full,FT_K3,regex_anchor_restored,0.1,0.7027027027027027,85,74,1
47,full,FT_K3,regex_anchor_restored,0.2,0.7027027027027027,170,74,1
47,full,FT_K3,native_token_restored,0.05,0.581081081081081,43,74,0.581081081081081
47,full,FT_K3,native_token_restored,0.1,0.7027027027027027,85,74,1
47,full,FT_K3,native_token_restored,0.2,0.7027027027027027,170,74,1
0,answer_only,DT_target,raw_cached,0.05,0.6212121212121212,138,66,1
0,answer_only,DT_target,raw_cached,0.1,0.7272727272727273,275,66,1
0,answer_only,DT_target,raw_cached,0.2,0.7878787878787878,550,66,1
0,answer_only,DT_target,raw_restored,0.05,0.6212121212121212,138,66,1
0,answer_only,DT_target,raw_restored,0.1,0.7272727272727273,275,66,1
0,answer_only,DT_target,raw_restored,0.2,0.7878787878787878,550,66,1
0,answer_only,DT_target,regex_cached,0.05,1.0,138,66,1
0,answer_only,DT_target,regex_cached,0.1,1.0,275,66,1
0,answer_only,DT_target,regex_cached,0.2,1.0,550,66,1
0,answer_only,DT_target,regex_restored,0.05,1.0,138,66,1
0,answer_only,DT_target,regex_restored,0.1,1.0,275,66,1
0,answer_only,DT_target,regex_restored,0.2,1.0,550,66,1
0,answer_only,DT_target,regex_anchor_restored,0.05,1.0,138,66,1
0,answer_only,DT_target,regex_anchor_restored,0.1,1.0,275,66,1
0,answer_only,DT_target,regex_anchor_restored,0.2,1.0,550,66,1
0,answer_only,DT_target,native_token_restored,0.05,1.0,138,66,1
0,answer_only,DT_target,native_token_restored,0.1,1.0,275,66,1
0,answer_only,DT_target,native_token_restored,0.2,1.0,550,66,1
0,answer_only,FT_K1,raw_cached,0.05,0.4090909090909091,138,66,1
0,answer_only,FT_K1,raw_cached,0.1,0.6515151515151515,275,66,1
0,answer_only,FT_K1,raw_cached,0.2,0.8333333333333334,550,66,1
0,answer_only,FT_K1,raw_restored,0.05,0.4090909090909091,138,66,1
0,answer_only,FT_K1,raw_restored,0.1,0.6515151515151515,275,66,1
0,answer_only,FT_K1,raw_restored,0.2,0.8333333333333334,550,66,1
0,answer_only,FT_K1,regex_cached,0.05,0.7575757575757576,138,66,1
0,answer_only,FT_K1,regex_cached,0.1,0.7575757575757576,275,66,1
0,answer_only,FT_K1,regex_cached,0.2,0.9848484848484849,550,66,1
0,answer_only,FT_K1,regex_restored,0.05,0.7575757575757576,138,66,1
0,answer_only,FT_K1,regex_restored,0.1,0.7575757575757576,275,66,1
0,answer_only,FT_K1,regex_restored,0.2,0.9848484848484849,550,66,1
0,answer_only,FT_K1,regex_anchor_restored,0.05,0.7575757575757576,138,66,1
0,answer_only,FT_K1,regex_anchor_restored,0.1,0.7575757575757576,275,66,1
0,answer_only,FT_K1,regex_anchor_restored,0.2,1.0,550,66,1
0,answer_only,FT_K1,native_token_restored,0.05,0.7575757575757576,138,66,1
0,answer_only,FT_K1,native_token_restored,0.1,0.7575757575757576,275,66,1
0,answer_only,FT_K1,native_token_restored,0.2,1.0,550,66,1
0,answer_only,FT_K3,raw_cached,0.05,0.4090909090909091,138,66,1
0,answer_only,FT_K3,raw_cached,0.1,0.6363636363636364,275,66,1
0,answer_only,FT_K3,raw_cached,0.2,0.8333333333333334,550,66,1
0,answer_only,FT_K3,raw_restored,0.05,0.4090909090909091,138,66,1
0,answer_only,FT_K3,raw_restored,0.1,0.6363636363636364,275,66,1
0,answer_only,FT_K3,raw_restored,0.2,0.8333333333333334,550,66,1
0,answer_only,FT_K3,regex_cached,0.05,0.7575757575757576,138,66,1
0,answer_only,FT_K3,regex_cached,0.1,0.7575757575757576,275,66,1
0,answer_only,FT_K3,regex_cached,0.2,0.9848484848484849,550,66,1
0,answer_only,FT_K3,regex_restored,0.05,0.7575757575757576,138,66,1
0,answer_only,FT_K3,regex_restored,0.1,0.7575757575757576,275,66,1
0,answer_only,FT_K3,regex_restored,0.2,0.9848484848484849,550,66,1
0,answer_only,FT_K3,regex_anchor_restored,0.05,0.7575757575757576,138,66,1
0,answer_only,FT_K3,regex_anchor_restored,0.1,0.7575757575757576,275,66,1
0,answer_only,FT_K3,regex_anchor_restored,0.2,1.0,550,66,1
0,answer_only,FT_K3,native_token_restored,0.05,0.7575757575757576,138,66,1
0,answer_only,FT_K3,native_token_restored,0.1,0.7575757575757576,275,66,1
0,answer_only,FT_K3,native_token_restored,0.2,1.0,550,66,1
1,answer_only,DT_target,raw_cached,0.05,0.38095238095238093,59,84,0.7023809523809523
1,answer_only,DT_target,raw_cached,0.1,0.6071428571428571,117,84,1
1,answer_only,DT_target,raw_cached,0.2,0.7738095238095238,234,84,1
1,answer_only,DT_target,raw_restored,0.05,0.38095238095238093,59,84,0.7023809523809523
1,answer_only,DT_target,raw_restored,0.1,0.6071428571428571,117,84,1
1,answer_only,DT_target,raw_restored,0.2,0.7738095238095238,234,84,1
1,answer_only,DT_target,regex_cached,0.05,0.5714285714285714,59,84,0.7023809523809523
1,answer_only,DT_target,regex_cached,0.1,0.9047619047619048,117,84,1
1,answer_only,DT_target,regex_cached,0.2,1.0,234,84,1
1,answer_only,DT_target,regex_restored,0.05,0.5714285714285714,59,84,0.7023809523809523
1,answer_only,DT_target,regex_restored,0.1,0.9047619047619048,117,84,1
1,answer_only,DT_target,regex_restored,0.2,1.0,234,84,1
1,answer_only,DT_target,regex_anchor_restored,0.05,0.5595238095238095,59,84,0.7023809523809523
1,answer_only,DT_target,regex_anchor_restored,0.1,1.0,117,84,1
1,answer_only,DT_target,regex_anchor_restored,0.2,1.0,234,84,1
1,answer_only,DT_target,native_token_restored,0.05,0.5595238095238095,59,84,0.7023809523809523
1,answer_only,DT_target,native_token_restored,0.1,1.0,117,84,1
1,answer_only,DT_target,native_token_restored,0.2,1.0,234,84,1
1,answer_only,FT_K1,raw_cached,0.05,0.23809523809523808,59,84,0.7023809523809523
1,answer_only,FT_K1,raw_cached,0.1,0.34523809523809523,117,84,1
1,answer_only,FT_K1,raw_cached,0.2,0.4523809523809524,234,84,1
1,answer_only,FT_K1,raw_restored,0.05,0.23809523809523808,59,84,0.7023809523809523
1,answer_only,FT_K1,raw_restored,0.1,0.34523809523809523,117,84,1
1,answer_only,FT_K1,raw_restored,0.2,0.4523809523809524,234,84,1
1,answer_only,FT_K1,regex_cached,0.05,0.5714285714285714,59,84,0.7023809523809523
1,answer_only,FT_K1,regex_cached,0.1,1.0,117,84,1
1,answer_only,FT_K1,regex_cached,0.2,1.0,234,84,1
1,answer_only,FT_K1,regex_restored,0.05,0.5714285714285714,59,84,0.7023809523809523
1,answer_only,FT_K1,regex_restored,0.1,1.0,117,84,1
1,answer_only,FT_K1,regex_restored,0.2,1.0,234,84,1
1,answer_only,FT_K1,regex_anchor_restored,0.05,0.5595238095238095,59,84,0.7023809523809523
1,answer_only,FT_K1,regex_anchor_restored,0.1,1.0,117,84,1
1,answer_only,FT_K1,regex_anchor_restored,0.2,1.0,234,84,1
1,answer_only,FT_K1,native_token_restored,0.05,0.5595238095238095,59,84,0.7023809523809523
1,answer_only,FT_K1,native_token_restored,0.1,1.0,117,84,1
1,answer_only,FT_K1,native_token_restored,0.2,1.0,234,84,1
1,answer_only,FT_K3,raw_cached,0.05,0.23809523809523808,59,84,0.7023809523809523
1,answer_only,FT_K3,raw_cached,0.1,0.34523809523809523,117,84,1
1,answer_only,FT_K3,raw_cached,0.2,0.4523809523809524,234,84,1
1,answer_only,FT_K3,raw_restored,0.05,0.23809523809523808,59,84,0.7023809523809523
1,answer_only,FT_K3,raw_restored,0.1,0.34523809523809523,117,84,1
1,answer_only,FT_K3,raw_restored,0.2,0.4523809523809524,234,84,1
1,answer_only,FT_K3,regex_cached,0.05,0.5714285714285714,59,84,0.7023809523809523
1,answer_only,FT_K3,regex_cached,0.1,1.0,117,84,1
1,answer_only,FT_K3,regex_cached,0.2,1.0,234,84,1
1,answer_only,FT_K3,regex_restored,0.05,0.5714285714285714,59,84,0.7023809523809523
1,answer_only,FT_K3,regex_restored,0.1,1.0,117,84,1
1,answer_only,FT_K3,regex_restored,0.2,1.0,234,84,1
1,answer_only,FT_K3,regex_anchor_restored,0.05,0.5595238095238095,59,84,0.7023809523809523
1,answer_only,FT_K3,regex_anchor_restored,0.1,1.0,117,84,1
1,answer_only,FT_K3,regex_anchor_restored,0.2,1.0,234,84,1
1,answer_only,FT_K3,native_token_restored,0.05,0.5595238095238095,59,84,0.7023809523809523
1,answer_only,FT_K3,native_token_restored,0.1,1.0,117,84,1
1,answer_only,FT_K3,native_token_restored,0.2,1.0,234,84,1
2,answer_only,DT_target,raw_cached,0.05,0.23636363636363636,59,110,0.5363636363636364
2,answer_only,DT_target,raw_cached,0.1,0.38181818181818183,117,110,1
2,answer_only,DT_target,raw_cached,0.2,0.6,233,110,1
2,answer_only,DT_target,raw_restored,0.05,0.23636363636363636,59,110,0.5363636363636364
2,answer_only,DT_target,raw_restored,0.1,0.38181818181818183,117,110,1
2,answer_only,DT_target,raw_restored,0.2,0.6,233,110,1
2,answer_only,DT_target,regex_cached,0.05,0.44545454545454544,59,110,0.5363636363636364
2,answer_only,DT_target,regex_cached,0.1,0.5,117,110,1
2,answer_only,DT_target,regex_cached,0.2,1.0,233,110,1
2,answer_only,DT_target,regex_restored,0.05,0.44545454545454544,59,110,0.5363636363636364
2,answer_only,DT_target,regex_restored,0.1,0.5,117,110,1
2,answer_only,DT_target,regex_restored,0.2,1.0,233,110,1
2,answer_only,DT_target,regex_anchor_restored,0.05,0.45454545454545453,59,110,0.5363636363636364
2,answer_only,DT_target,regex_anchor_restored,0.1,0.5,117,110,1
2,answer_only,DT_target,regex_anchor_restored,0.2,1.0,233,110,1
2,answer_only,DT_target,native_token_restored,0.05,0.4727272727272727,59,110,0.5363636363636364
2,answer_only,DT_target,native_token_restored,0.1,0.5,117,110,1
2,answer_only,DT_target,native_token_restored,0.2,1.0,233,110,1
2,answer_only,FT_K1,raw_cached,0.05,0.20909090909090908,59,110,0.5363636363636364
2,answer_only,FT_K1,raw_cached,0.1,0.2818181818181818,117,110,1
2,answer_only,FT_K1,raw_cached,0.2,0.44545454545454544,233,110,1
2,answer_only,FT_K1,raw_restored,0.05,0.20909090909090908,59,110,0.5363636363636364
2,answer_only,FT_K1,raw_restored,0.1,0.2818181818181818,117,110,1
2,answer_only,FT_K1,raw_restored,0.2,0.44545454545454544,233,110,1
2,answer_only,FT_K1,regex_cached,0.05,0.35454545454545455,59,110,0.5363636363636364
2,answer_only,FT_K1,regex_cached,0.1,0.6363636363636364,117,110,1
2,answer_only,FT_K1,regex_cached,0.2,0.6363636363636364,233,110,1
2,answer_only,FT_K1,regex_restored,0.05,0.35454545454545455,59,110,0.5363636363636364
2,answer_only,FT_K1,regex_restored,0.1,0.6363636363636364,117,110,1
2,answer_only,FT_K1,regex_restored,0.2,0.6363636363636364,233,110,1
2,answer_only,FT_K1,regex_anchor_restored,0.05,0.36363636363636365,59,110,0.5363636363636364
2,answer_only,FT_K1,regex_anchor_restored,0.1,0.6454545454545455,117,110,1
2,answer_only,FT_K1,regex_anchor_restored,0.2,0.6454545454545455,233,110,1
2,answer_only,FT_K1,native_token_restored,0.05,0.35454545454545455,59,110,0.5363636363636364
2,answer_only,FT_K1,native_token_restored,0.1,0.6454545454545455,117,110,1
2,answer_only,FT_K1,native_token_restored,0.2,0.6454545454545455,233,110,1
2,answer_only,FT_K3,raw_cached,0.05,0.21818181818181817,59,110,0.5363636363636364
2,answer_only,FT_K3,raw_cached,0.1,0.2909090909090909,117,110,1
2,answer_only,FT_K3,raw_cached,0.2,0.44545454545454544,233,110,1
2,answer_only,FT_K3,raw_restored,0.05,0.21818181818181817,59,110,0.5363636363636364
2,answer_only,FT_K3,raw_restored,0.1,0.2909090909090909,117,110,1
2,answer_only,FT_K3,raw_restored,0.2,0.44545454545454544,233,110,1
2,answer_only,FT_K3,regex_cached,0.05,0.35454545454545455,59,110,0.5363636363636364
2,answer_only,FT_K3,regex_cached,0.1,0.6363636363636364,117,110,1
2,answer_only,FT_K3,regex_cached,0.2,0.6363636363636364,233,110,1
2,answer_only,FT_K3,regex_restored,0.05,0.35454545454545455,59,110,0.5363636363636364
2,answer_only,FT_K3,regex_restored,0.1,0.6363636363636364,117,110,1
2,answer_only,FT_K3,regex_restored,0.2,0.6363636363636364,233,110,1
2,answer_only,FT_K3,regex_anchor_restored,0.05,0.36363636363636365,59,110,0.5363636363636364
2,answer_only,FT_K3,regex_anchor_restored,0.1,0.6454545454545455,117,110,1
2,answer_only,FT_K3,regex_anchor_restored,0.2,0.6454545454545455,233,110,1
2,answer_only,FT_K3,native_token_restored,0.05,0.35454545454545455,59,110,0.5363636363636364
2,answer_only,FT_K3,native_token_restored,0.1,0.6454545454545455,117,110,1
2,answer_only,FT_K3,native_token_restored,0.2,0.6454545454545455,233,110,1
3,answer_only,DT_target,raw_cached,0.05,0.2807017543859649,47,57,0.8245614035087719
3,answer_only,DT_target,raw_cached,0.1,0.3684210526315789,93,57,1
3,answer_only,DT_target,raw_cached,0.2,0.47368421052631576,185,57,1
3,answer_only,DT_target,raw_restored,0.05,0.2807017543859649,47,57,0.8245614035087719
3,answer_only,DT_target,raw_restored,0.1,0.3684210526315789,93,57,1
3,answer_only,DT_target,raw_restored,0.2,0.47368421052631576,185,57,1
3,answer_only,DT_target,regex_cached,0.05,0.543859649122807,47,57,0.8245614035087719
3,answer_only,DT_target,regex_cached,0.1,0.6140350877192983,93,57,1
3,answer_only,DT_target,regex_cached,0.2,0.9298245614035088,185,57,1
3,answer_only,DT_target,regex_restored,0.05,0.543859649122807,47,57,0.8245614035087719
3,answer_only,DT_target,regex_restored,0.1,0.6140350877192983,93,57,1
3,answer_only,DT_target,regex_restored,0.2,0.9298245614035088,185,57,1
3,answer_only,DT_target,regex_anchor_restored,0.05,0.543859649122807,47,57,0.8245614035087719
3,answer_only,DT_target,regex_anchor_restored,0.1,0.9298245614035088,93,57,1
3,answer_only,DT_target,regex_anchor_restored,0.2,0.9298245614035088,185,57,1
3,answer_only,DT_target,native_token_restored,0.05,0.543859649122807,47,57,0.8245614035087719
3,answer_only,DT_target,native_token_restored,0.1,0.631578947368421,93,57,1
3,answer_only,DT_target,native_token_restored,0.2,1.0,185,57,1
3,answer_only,FT_K1,raw_cached,0.05,0.3157894736842105,47,57,0.8245614035087719
3,answer_only,FT_K1,raw_cached,0.1,0.38596491228070173,93,57,1
3,answer_only,FT_K1,raw_cached,0.2,0.49122807017543857,185,57,1
3,answer_only,FT_K1,raw_restored,0.05,0.3157894736842105,47,57,0.8245614035087719
3,answer_only,FT_K1,raw_restored,0.1,0.38596491228070173,93,57,1
3,answer_only,FT_K1,raw_restored,0.2,0.49122807017543857,185,57,1
3,answer_only,FT_K1,regex_cached,0.05,0.543859649122807,47,57,0.8245614035087719
3,answer_only,FT_K1,regex_cached,0.1,0.5614035087719298,93,57,1
3,answer_only,FT_K1,regex_cached,0.2,0.5614035087719298,185,57,1
3,answer_only,FT_K1,regex_restored,0.05,0.543859649122807,47,57,0.8245614035087719
3,answer_only,FT_K1,regex_restored,0.1,0.5614035087719298,93,57,1
3,answer_only,FT_K1,regex_restored,0.2,0.5614035087719298,185,57,1
3,answer_only,FT_K1,regex_anchor_restored,0.05,0.543859649122807,47,57,0.8245614035087719
3,answer_only,FT_K1,regex_anchor_restored,0.1,0.543859649122807,93,57,1
3,answer_only,FT_K1,regex_anchor_restored,0.2,0.543859649122807,185,57,1
3,answer_only,FT_K1,native_token_restored,0.05,0.543859649122807,47,57,0.8245614035087719
3,answer_only,FT_K1,native_token_restored,0.1,0.543859649122807,93,57,1
3,answer_only,FT_K1,native_token_restored,0.2,0.543859649122807,185,57,1
3,answer_only,FT_K3,raw_cached,0.05,0.3157894736842105,47,57,0.8245614035087719
3,answer_only,FT_K3,raw_cached,0.1,0.40350877192982454,93,57,1
3,answer_only,FT_K3,raw_cached,0.2,0.47368421052631576,185,57,1
3,answer_only,FT_K3,raw_restored,0.05,0.3157894736842105,47,57,0.8245614035087719
3,answer_only,FT_K3,raw_restored,0.1,0.40350877192982454,93,57,1
3,answer_only,FT_K3,raw_restored,0.2,0.47368421052631576,185,57,1
3,answer_only,FT_K3,regex_cached,0.05,0.543859649122807,47,57,0.8245614035087719
3,answer_only,FT_K3,regex_cached,0.1,0.543859649122807,93,57,1
3,answer_only,FT_K3,regex_cached,0.2,0.5614035087719298,185,57,1
3,answer_only,FT_K3,regex_restored,0.05,0.543859649122807,47,57,0.8245614035087719
3,answer_only,FT_K3,regex_restored,0.1,0.543859649122807,93,57,1
3,answer_only,FT_K3,regex_restored,0.2,0.5614035087719298,185,57,1
3,answer_only,FT_K3,regex_anchor_restored,0.05,0.543859649122807,47,57,0.8245614035087719
3,answer_only,FT_K3,regex_anchor_restored,0.1,0.543859649122807,93,57,1
3,answer_only,FT_K3,regex_anchor_restored,0.2,0.543859649122807,185,57,1
3,answer_only,FT_K3,native_token_restored,0.05,0.543859649122807,47,57,0.8245614035087719
3,answer_only,FT_K3,native_token_restored,0.1,0.543859649122807,93,57,1
3,answer_only,FT_K3,native_token_restored,0.2,0.543859649122807,185,57,1
4,answer_only,DT_target,raw_cached,0.05,0.16666666666666666,62,90,0.6888888888888889
4,answer_only,DT_target,raw_cached,0.1,0.4,123,90,1
4,answer_only,DT_target,raw_cached,0.2,0.6,246,90,1
4,answer_only,DT_target,raw_restored,0.05,0.16666666666666666,62,90,0.6888888888888889
4,answer_only,DT_target,raw_restored,0.1,0.4,123,90,1
4,answer_only,DT_target,raw_restored,0.2,0.6,246,90,1
4,answer_only,DT_target,regex_cached,0.05,0.24444444444444444,62,90,0.6888888888888889
4,answer_only,DT_target,regex_cached,0.1,0.6555555555555556,123,90,1
4,answer_only,DT_target,regex_cached,0.2,0.9888888888888889,246,90,1
4,answer_only,DT_target,regex_restored,0.05,0.24444444444444444,62,90,0.6888888888888889
4,answer_only,DT_target,regex_restored,0.1,0.6555555555555556,123,90,1
4,answer_only,DT_target,regex_restored,0.2,0.9888888888888889,246,90,1
4,answer_only,DT_target,regex_anchor_restored,0.05,0.25555555555555554,62,90,0.6888888888888889
4,answer_only,DT_target,regex_anchor_restored,0.1,0.6666666666666666,123,90,1
4,answer_only,DT_target,regex_anchor_restored,0.2,1.0,246,90,1
4,answer_only,DT_target,native_token_restored,0.05,0.25555555555555554,62,90,0.6888888888888889
4,answer_only,DT_target,native_token_restored,0.1,0.6666666666666666,123,90,1
4,answer_only,DT_target,native_token_restored,0.2,1.0,246,90,1
4,answer_only,FT_K1,raw_cached,0.05,0.25555555555555554,62,90,0.6888888888888889
4,answer_only,FT_K1,raw_cached,0.1,0.3333333333333333,123,90,1
4,answer_only,FT_K1,raw_cached,0.2,0.45555555555555555,246,90,1
4,answer_only,FT_K1,raw_restored,0.05,0.25555555555555554,62,90,0.6888888888888889
4,answer_only,FT_K1,raw_restored,0.1,0.3333333333333333,123,90,1
4,answer_only,FT_K1,raw_restored,0.2,0.45555555555555555,246,90,1
4,answer_only,FT_K1,regex_cached,0.05,0.43333333333333335,62,90,0.6888888888888889
4,answer_only,FT_K1,regex_cached,0.1,0.6555555555555556,123,90,1
4,answer_only,FT_K1,regex_cached,0.2,0.9888888888888889,246,90,1
4,answer_only,FT_K1,regex_restored,0.05,0.43333333333333335,62,90,0.6888888888888889
4,answer_only,FT_K1,regex_restored,0.1,0.6555555555555556,123,90,1
4,answer_only,FT_K1,regex_restored,0.2,0.9888888888888889,246,90,1
4,answer_only,FT_K1,regex_anchor_restored,0.05,0.43333333333333335,62,90,0.6888888888888889
4,answer_only,FT_K1,regex_anchor_restored,0.1,0.6666666666666666,123,90,1
4,answer_only,FT_K1,regex_anchor_restored,0.2,1.0,246,90,1
4,answer_only,FT_K1,native_token_restored,0.05,0.4,62,90,0.6888888888888889
4,answer_only,FT_K1,native_token_restored,0.1,0.6666666666666666,123,90,1
4,answer_only,FT_K1,native_token_restored,0.2,1.0,246,90,1
4,answer_only,FT_K3,raw_cached,0.05,0.25555555555555554,62,90,0.6888888888888889
4,answer_only,FT_K3,raw_cached,0.1,0.3333333333333333,123,90,1
4,answer_only,FT_K3,raw_cached,0.2,0.4444444444444444,246,90,1
4,answer_only,FT_K3,raw_restored,0.05,0.25555555555555554,62,90,0.6888888888888889
4,answer_only,FT_K3,raw_restored,0.1,0.3333333333333333,123,90,1
4,answer_only,FT_K3,raw_restored,0.2,0.4444444444444444,246,90,1
4,answer_only,FT_K3,regex_cached,0.05,0.43333333333333335,62,90,0.6888888888888889
4,answer_only,FT_K3,regex_cached,0.1,0.6555555555555556,123,90,1
4,answer_only,FT_K3,regex_cached,0.2,0.9888888888888889,246,90,1
4,answer_only,FT_K3,regex_restored,0.05,0.43333333333333335,62,90,0.6888888888888889
4,answer_only,FT_K3,regex_restored,0.1,0.6555555555555556,123,90,1
4,answer_only,FT_K3,regex_restored,0.2,0.9888888888888889,246,90,1
4,answer_only,FT_K3,regex_anchor_restored,0.05,0.43333333333333335,62,90,0.6888888888888889
4,answer_only,FT_K3,regex_anchor_restored,0.1,0.6666666666666666,123,90,1
4,answer_only,FT_K3,regex_anchor_restored,0.2,1.0,246,90,1
4,answer_only,FT_K3,native_token_restored,0.05,0.4,62,90,0.6888888888888889
4,answer_only,FT_K3,native_token_restored,0.1,0.6666666666666666,123,90,1
4,answer_only,FT_K3,native_token_restored,0.2,1.0,246,90,1
5,answer_only,DT_target,raw_cached,0.05,0.17543859649122806,83,114,0.7280701754385965
5,answer_only,DT_target,raw_cached,0.1,0.2807017543859649,166,114,1
5,answer_only,DT_target,raw_cached,0.2,0.4824561403508772,331,114,1
5,answer_only,DT_target,raw_restored,0.05,0.17543859649122806,83,114,0.7280701754385965
5,answer_only,DT_target,raw_restored,0.1,0.2807017543859649,166,114,1
5,answer_only,DT_target,raw_restored,0.2,0.4824561403508772,331,114,1
5,answer_only,DT_target,regex_cached,0.05,0.2719298245614035,83,114,0.7280701754385965
5,answer_only,DT_target,regex_cached,0.1,0.2719298245614035,166,114,1
5,answer_only,DT_target,regex_cached,0.2,0.5175438596491229,331,114,1
5,answer_only,DT_target,regex_restored,0.05,0.2719298245614035,83,114,0.7280701754385965
5,answer_only,DT_target,regex_restored,0.1,0.2719298245614035,166,114,1
5,answer_only,DT_target,regex_restored,0.2,0.5175438596491229,331,114,1
5,answer_only,DT_target,regex_anchor_restored,0.05,0.2719298245614035,83,114,0.7280701754385965
5,answer_only,DT_target,regex_anchor_restored,0.1,0.2719298245614035,166,114,1
5,answer_only,DT_target,regex_anchor_restored,0.2,0.5350877192982456,331,114,1
5,answer_only,DT_target,native_token_restored,0.05,0.2719298245614035,83,114,0.7280701754385965
5,answer_only,DT_target,native_token_restored,0.1,0.2719298245614035,166,114,1
5,answer_only,DT_target,native_token_restored,0.2,0.5350877192982456,331,114,1
5,answer_only,FT_K1,raw_cached,0.05,0.21929824561403508,83,114,0.7280701754385965
5,answer_only,FT_K1,raw_cached,0.1,0.2631578947368421,166,114,1
5,answer_only,FT_K1,raw_cached,0.2,0.34210526315789475,331,114,1
5,answer_only,FT_K1,raw_restored,0.05,0.21929824561403508,83,114,0.7280701754385965
5,answer_only,FT_K1,raw_restored,0.1,0.2631578947368421,166,114,1
5,answer_only,FT_K1,raw_restored,0.2,0.34210526315789475,331,114,1
5,answer_only,FT_K1,regex_cached,0.05,0.2719298245614035,83,114,0.7280701754385965
5,answer_only,FT_K1,regex_cached,0.1,0.2719298245614035,166,114,1
5,answer_only,FT_K1,regex_cached,0.2,0.4298245614035088,331,114,1
5,answer_only,FT_K1,regex_restored,0.05,0.2719298245614035,83,114,0.7280701754385965
5,answer_only,FT_K1,regex_restored,0.1,0.2719298245614035,166,114,1
5,answer_only,FT_K1,regex_restored,0.2,0.4298245614035088,331,114,1
5,answer_only,FT_K1,regex_anchor_restored,0.05,0.2719298245614035,83,114,0.7280701754385965
5,answer_only,FT_K1,regex_anchor_restored,0.1,0.2719298245614035,166,114,1
5,answer_only,FT_K1,regex_anchor_restored,0.2,0.43859649122807015,331,114,1
5,answer_only,FT_K1,native_token_restored,0.05,0.2719298245614035,83,114,0.7280701754385965
5,answer_only,FT_K1,native_token_restored,0.1,0.2719298245614035,166,114,1
5,answer_only,FT_K1,native_token_restored,0.2,0.43859649122807015,331,114,1
5,answer_only,FT_K3,raw_cached,0.05,0.22807017543859648,83,114,0.7280701754385965
5,answer_only,FT_K3,raw_cached,0.1,0.2631578947368421,166,114,1
5,answer_only,FT_K3,raw_cached,0.2,0.34210526315789475,331,114,1
5,answer_only,FT_K3,raw_restored,0.05,0.22807017543859648,83,114,0.7280701754385965
5,answer_only,FT_K3,raw_restored,0.1,0.2631578947368421,166,114,1
5,answer_only,FT_K3,raw_restored,0.2,0.34210526315789475,331,114,1
5,answer_only,FT_K3,regex_cached,0.05,0.2719298245614035,83,114,0.7280701754385965
5,answer_only,FT_K3,regex_cached,0.1,0.2719298245614035,166,114,1
5,answer_only,FT_K3,regex_cached,0.2,0.4298245614035088,331,114,1
5,answer_only,FT_K3,regex_restored,0.05,0.2719298245614035,83,114,0.7280701754385965
5,answer_only,FT_K3,regex_restored,0.1,0.2719298245614035,166,114,1
5,answer_only,FT_K3,regex_restored,0.2,0.4298245614035088,331,114,1
5,answer_only,FT_K3,regex_anchor_restored,0.05,0.2719298245614035,83,114,0.7280701754385965
5,answer_only,FT_K3,regex_anchor_restored,0.1,0.2719298245614035,166,114,1
5,answer_only,FT_K3,regex_anchor_restored,0.2,0.43859649122807015,331,114,1
5,answer_only,FT_K3,native_token_restored,0.05,0.2719298245614035,83,114,0.7280701754385965
5,answer_only,FT_K3,native_token_restored,0.1,0.2719298245614035,166,114,1
5,answer_only,FT_K3,native_token_restored,0.2,0.43859649122807015,331,114,1
6,answer_only,DT_target,raw_cached,0.05,0.2,61,70,0.8714285714285714
6,answer_only,DT_target,raw_cached,0.1,0.2714285714285714,122,70,1
6,answer_only,DT_target,raw_cached,0.2,0.42857142857142855,243,70,1
6,answer_only,DT_target,raw_restored,0.05,0.2,61,70,0.8714285714285714
6,answer_only,DT_target,raw_restored,0.1,0.2714285714285714,122,70,1
6,answer_only,DT_target,raw_restored,0.2,0.42857142857142855,243,70,1
6,answer_only,DT_target,regex_cached,0.05,0.7,61,70,0.8714285714285714
6,answer_only,DT_target,regex_cached,0.1,0.7142857142857143,122,70,1
6,answer_only,DT_target,regex_cached,0.2,0.9857142857142858,243,70,1
6,answer_only,DT_target,regex_restored,0.05,0.7,61,70,0.8714285714285714
6,answer_only,DT_target,regex_restored,0.1,0.7142857142857143,122,70,1
6,answer_only,DT_target,regex_restored,0.2,0.9857142857142858,243,70,1
6,answer_only,DT_target,regex_anchor_restored,0.05,0.7142857142857143,61,70,0.8714285714285714
6,answer_only,DT_target,regex_anchor_restored,0.1,0.7142857142857143,122,70,1
6,answer_only,DT_target,regex_anchor_restored,0.2,1.0,243,70,1
6,answer_only,DT_target,native_token_restored,0.05,0.7142857142857143,61,70,0.8714285714285714
6,answer_only,DT_target,native_token_restored,0.1,0.7142857142857143,122,70,1
6,answer_only,DT_target,native_token_restored,0.2,1.0,243,70,1
6,answer_only,FT_K1,raw_cached,0.05,0.2571428571428571,61,70,0.8714285714285714
6,answer_only,FT_K1,raw_cached,0.1,0.37142857142857144,122,70,1
6,answer_only,FT_K1,raw_cached,0.2,0.5142857142857142,243,70,1
6,answer_only,FT_K1,raw_restored,0.05,0.2571428571428571,61,70,0.8714285714285714
6,answer_only,FT_K1,raw_restored,0.1,0.37142857142857144,122,70,1
6,answer_only,FT_K1,raw_restored,0.2,0.5142857142857142,243,70,1
6,answer_only,FT_K1,regex_cached,0.05,0.7,61,70,0.8714285714285714
6,answer_only,FT_K1,regex_cached,0.1,0.9857142857142858,122,70,1
6,answer_only,FT_K1,regex_cached,0.2,0.9857142857142858,243,70,1
6,answer_only,FT_K1,regex_restored,0.05,0.7,61,70,0.8714285714285714
6,answer_only,FT_K1,regex_restored,0.1,0.9857142857142858,122,70,1
6,answer_only,FT_K1,regex_restored,0.2,0.9857142857142858,243,70,1
6,answer_only,FT_K1,regex_anchor_restored,0.05,0.7142857142857143,61,70,0.8714285714285714
6,answer_only,FT_K1,regex_anchor_restored,0.1,1.0,122,70,1
6,answer_only,FT_K1,regex_anchor_restored,0.2,1.0,243,70,1
6,answer_only,FT_K1,native_token_restored,0.05,0.7142857142857143,61,70,0.8714285714285714
6,answer_only,FT_K1,native_token_restored,0.1,1.0,122,70,1
6,answer_only,FT_K1,native_token_restored,0.2,1.0,243,70,1
6,answer_only,FT_K3,raw_cached,0.05,0.2571428571428571,61,70,0.8714285714285714
6,answer_only,FT_K3,raw_cached,0.1,0.37142857142857144,122,70,1
6,answer_only,FT_K3,raw_cached,0.2,0.5142857142857142,243,70,1
6,answer_only,FT_K3,raw_restored,0.05,0.2571428571428571,61,70,0.8714285714285714
6,answer_only,FT_K3,raw_restored,0.1,0.37142857142857144,122,70,1
6,answer_only,FT_K3,raw_restored,0.2,0.5142857142857142,243,70,1
6,answer_only,FT_K3,regex_cached,0.05,0.7,61,70,0.8714285714285714
6,answer_only,FT_K3,regex_cached,0.1,0.9857142857142858,122,70,1
6,answer_only,FT_K3,regex_cached,0.2,0.9857142857142858,243,70,1
6,answer_only,FT_K3,regex_restored,0.05,0.7,61,70,0.8714285714285714
6,answer_only,FT_K3,regex_restored,0.1,0.9857142857142858,122,70,1
6,answer_only,FT_K3,regex_restored,0.2,0.9857142857142858,243,70,1
6,answer_only,FT_K3,regex_anchor_restored,0.05,0.7142857142857143,61,70,0.8714285714285714
6,answer_only,FT_K3,regex_anchor_restored,0.1,1.0,122,70,1
6,answer_only,FT_K3,regex_anchor_restored,0.2,1.0,243,70,1
6,answer_only,FT_K3,native_token_restored,0.05,0.7142857142857143,61,70,0.8714285714285714
6,answer_only,FT_K3,native_token_restored,0.1,1.0,122,70,1
6,answer_only,FT_K3,native_token_restored,0.2,1.0,243,70,1
7,answer_only,DT_target,raw_cached,0.05,0.2,51,85,0.6
7,answer_only,DT_target,raw_cached,0.1,0.35294117647058826,101,85,1
7,answer_only,DT_target,raw_cached,0.2,0.4823529411764706,201,85,1
7,answer_only,DT_target,raw_restored,0.05,0.2,51,85,0.6
7,answer_only,DT_target,raw_restored,0.1,0.35294117647058826,101,85,1
7,answer_only,DT_target,raw_restored,0.2,0.4823529411764706,201,85,1
7,answer_only,DT_target,regex_cached,0.05,0.5764705882352941,51,85,0.6
7,answer_only,DT_target,regex_cached,0.1,0.7294117647058823,101,85,1
7,answer_only,DT_target,regex_cached,0.2,1.0,201,85,1
7,answer_only,DT_target,regex_restored,0.05,0.5764705882352941,51,85,0.6
7,answer_only,DT_target,regex_restored,0.1,0.7294117647058823,101,85,1
7,answer_only,DT_target,regex_restored,0.2,1.0,201,85,1
7,answer_only,DT_target,regex_anchor_restored,0.05,0.5764705882352941,51,85,0.6
7,answer_only,DT_target,regex_anchor_restored,0.1,0.7294117647058823,101,85,1
7,answer_only,DT_target,regex_anchor_restored,0.2,1.0,201,85,1
7,answer_only,DT_target,native_token_restored,0.05,0.6,51,85,0.6
7,answer_only,DT_target,native_token_restored,0.1,0.6235294117647059,101,85,1
7,answer_only,DT_target,native_token_restored,0.2,1.0,201,85,1
7,answer_only,FT_K1,raw_cached,0.05,0.25882352941176473,51,85,0.6
7,answer_only,FT_K1,raw_cached,0.1,0.4117647058823529,101,85,1
7,answer_only,FT_K1,raw_cached,0.2,0.5529411764705883,201,85,1
7,answer_only,FT_K1,raw_restored,0.05,0.25882352941176473,51,85,0.6
7,answer_only,FT_K1,raw_restored,0.1,0.4117647058823529,101,85,1
7,answer_only,FT_K1,raw_restored,0.2,0.5529411764705883,201,85,1
7,answer_only,FT_K1,regex_cached,0.05,0.5764705882352941,51,85,0.6
7,answer_only,FT_K1,regex_cached,0.1,0.7411764705882353,101,85,1
7,answer_only,FT_K1,regex_cached,0.2,1.0,201,85,1
7,answer_only,FT_K1,regex_restored,0.05,0.5764705882352941,51,85,0.6
7,answer_only,FT_K1,regex_restored,0.1,0.7411764705882353,101,85,1
7,answer_only,FT_K1,regex_restored,0.2,1.0,201,85,1
7,answer_only,FT_K1,regex_anchor_restored,0.05,0.5764705882352941,51,85,0.6
7,answer_only,FT_K1,regex_anchor_restored,0.1,0.7764705882352941,101,85,1
7,answer_only,FT_K1,regex_anchor_restored,0.2,1.0,201,85,1
7,answer_only,FT_K1,native_token_restored,0.05,0.6,51,85,0.6
7,answer_only,FT_K1,native_token_restored,0.1,0.6588235294117647,101,85,1
7,answer_only,FT_K1,native_token_restored,0.2,1.0,201,85,1
7,answer_only,FT_K3,raw_cached,0.05,0.25882352941176473,51,85,0.6
7,answer_only,FT_K3,raw_cached,0.1,0.4117647058823529,101,85,1
7,answer_only,FT_K3,raw_cached,0.2,0.5529411764705883,201,85,1
7,answer_only,FT_K3,raw_restored,0.05,0.25882352941176473,51,85,0.6
7,answer_only,FT_K3,raw_restored,0.1,0.4117647058823529,101,85,1
7,answer_only,FT_K3,raw_restored,0.2,0.5529411764705883,201,85,1
7,answer_only,FT_K3,regex_cached,0.05,0.5764705882352941,51,85,0.6
7,answer_only,FT_K3,regex_cached,0.1,0.7411764705882353,101,85,1
7,answer_only,FT_K3,regex_cached,0.2,1.0,201,85,1
7,answer_only,FT_K3,regex_restored,0.05,0.5764705882352941,51,85,0.6
7,answer_only,FT_K3,regex_restored,0.1,0.7411764705882353,101,85,1
7,answer_only,FT_K3,regex_restored,0.2,1.0,201,85,1
7,answer_only,FT_K3,regex_anchor_restored,0.05,0.5764705882352941,51,85,0.6
7,answer_only,FT_K3,regex_anchor_restored,0.1,0.7764705882352941,101,85,1
7,answer_only,FT_K3,regex_anchor_restored,0.2,1.0,201,85,1
7,answer_only,FT_K3,native_token_restored,0.05,0.6,51,85,0.6
7,answer_only,FT_K3,native_token_restored,0.1,0.6588235294117647,101,85,1
7,answer_only,FT_K3,native_token_restored,0.2,1.0,201,85,1
8,answer_only,DT_target,raw_cached,0.05,0.35384615384615387,37,65,0.5692307692307692
8,answer_only,DT_target,raw_cached,0.1,0.5076923076923077,74,65,1
8,answer_only,DT_target,raw_cached,0.2,0.7230769230769231,147,65,1
8,answer_only,DT_target,raw_restored,0.05,0.35384615384615387,37,65,0.5692307692307692
8,answer_only,DT_target,raw_restored,0.1,0.5076923076923077,74,65,1
8,answer_only,DT_target,raw_restored,0.2,0.6615384615384615,147,65,1
8,answer_only,DT_target,regex_cached,0.05,0.5538461538461539,37,65,0.5692307692307692
8,answer_only,DT_target,regex_cached,0.1,0.9076923076923077,74,65,1
8,answer_only,DT_target,regex_cached,0.2,0.9076923076923077,147,65,1
8,answer_only,DT_target,regex_restored,0.05,0.5538461538461539,37,65,0.5692307692307692
8,answer_only,DT_target,regex_restored,0.1,0.9076923076923077,74,65,1
8,answer_only,DT_target,regex_restored,0.2,0.9076923076923077,147,65,1
8,answer_only,DT_target,regex_anchor_restored,0.05,0.5692307692307692,37,65,0.5692307692307692
8,answer_only,DT_target,regex_anchor_restored,0.1,0.9230769230769231,74,65,1
8,answer_only,DT_target,regex_anchor_restored,0.2,0.9230769230769231,147,65,1
8,answer_only,DT_target,native_token_restored,0.05,0.5692307692307692,37,65,0.5692307692307692
8,answer_only,DT_target,native_token_restored,0.1,0.9230769230769231,74,65,1
8,answer_only,DT_target,native_token_restored,0.2,0.9230769230769231,147,65,1
8,answer_only,FT_K1,raw_cached,0.05,0.4,37,65,0.5692307692307692
8,answer_only,FT_K1,raw_cached,0.1,0.5692307692307692,74,65,1
8,answer_only,FT_K1,raw_cached,0.2,0.7538461538461538,147,65,1
8,answer_only,FT_K1,raw_restored,0.05,0.4,37,65,0.5692307692307692
8,answer_only,FT_K1,raw_restored,0.1,0.5692307692307692,74,65,1
8,answer_only,FT_K1,raw_restored,0.2,0.7538461538461538,147,65,1
8,answer_only,FT_K1,regex_cached,0.05,0.5384615384615384,37,65,0.5692307692307692
8,answer_only,FT_K1,regex_cached,0.1,0.7230769230769231,74,65,1
8,answer_only,FT_K1,regex_cached,0.2,0.9076923076923077,147,65,1
8,answer_only,FT_K1,regex_restored,0.05,0.5384615384615384,37,65,0.5692307692307692
8,answer_only,FT_K1,regex_restored,0.1,0.7230769230769231,74,65,1
8,answer_only,FT_K1,regex_restored,0.2,0.9076923076923077,147,65,1
8,answer_only,FT_K1,regex_anchor_restored,0.05,0.5384615384615384,37,65,0.5692307692307692
8,answer_only,FT_K1,regex_anchor_restored,0.1,0.7384615384615385,74,65,1
8,answer_only,FT_K1,regex_anchor_restored,0.2,0.9230769230769231,147,65,1
8,answer_only,FT_K1,native_token_restored,0.05,0.5692307692307692,37,65,0.5692307692307692
8,answer_only,FT_K1,native_token_restored,0.1,0.7384615384615385,74,65,1
8,answer_only,FT_K1,native_token_restored,0.2,0.9230769230769231,147,65,1
8,answer_only,FT_K3,raw_cached,0.05,0.4,37,65,0.5692307692307692
8,answer_only,FT_K3,raw_cached,0.1,0.5846153846153846,74,65,1
8,answer_only,FT_K3,raw_cached,0.2,0.7692307692307693,147,65,1
8,answer_only,FT_K3,raw_restored,0.05,0.4,37,65,0.5692307692307692
8,answer_only,FT_K3,raw_restored,0.1,0.5846153846153846,74,65,1
8,answer_only,FT_K3,raw_restored,0.2,0.7692307692307693,147,65,1
8,answer_only,FT_K3,regex_cached,0.05,0.5384615384615384,37,65,0.5692307692307692
8,answer_only,FT_K3,regex_cached,0.1,0.7230769230769231,74,65,1
8,answer_only,FT_K3,regex_cached,0.2,0.9076923076923077,147,65,1
8,answer_only,FT_K3,regex_restored,0.05,0.5384615384615384,37,65,0.5692307692307692
8,answer_only,FT_K3,regex_restored,0.1,0.7230769230769231,74,65,1
8,answer_only,FT_K3,regex_restored,0.2,0.9076923076923077,147,65,1
8,answer_only,FT_K3,regex_anchor_restored,0.05,0.5384615384615384,37,65,0.5692307692307692
8,answer_only,FT_K3,regex_anchor_restored,0.1,0.7384615384615385,74,65,1
8,answer_only,FT_K3,regex_anchor_restored,0.2,0.9230769230769231,147,65,1
8,answer_only,FT_K3,native_token_restored,0.05,0.5692307692307692,37,65,0.5692307692307692
8,answer_only,FT_K3,native_token_restored,0.1,0.7384615384615385,74,65,1
8,answer_only,FT_K3,native_token_restored,0.2,0.9230769230769231,147,65,1
9,answer_only,DT_target,raw_cached,0.05,0.3870967741935484,48,62,0.7741935483870968
9,answer_only,DT_target,raw_cached,0.1,0.5967741935483871,95,62,1
9,answer_only,DT_target,raw_cached,0.2,0.8064516129032258,190,62,1
9,answer_only,DT_target,raw_restored,0.05,0.3870967741935484,48,62,0.7741935483870968
9,answer_only,DT_target,raw_restored,0.1,0.5967741935483871,95,62,1
9,answer_only,DT_target,raw_restored,0.2,0.8064516129032258,190,62,1
9,answer_only,DT_target,regex_cached,0.05,0.6290322580645161,48,62,0.7741935483870968
9,answer_only,DT_target,regex_cached,0.1,0.7258064516129032,95,62,1
9,answer_only,DT_target,regex_cached,0.2,1.0,190,62,1
9,answer_only,DT_target,regex_restored,0.05,0.6290322580645161,48,62,0.7741935483870968
9,answer_only,DT_target,regex_restored,0.1,0.7258064516129032,95,62,1
9,answer_only,DT_target,regex_restored,0.2,1.0,190,62,1
9,answer_only,DT_target,regex_anchor_restored,0.05,0.5483870967741935,48,62,0.7741935483870968
9,answer_only,DT_target,regex_anchor_restored,0.1,0.7419354838709677,95,62,1
9,answer_only,DT_target,regex_anchor_restored,0.2,1.0,190,62,1
9,answer_only,DT_target,native_token_restored,0.05,0.5645161290322581,48,62,0.7741935483870968
9,answer_only,DT_target,native_token_restored,0.1,0.7419354838709677,95,62,1
9,answer_only,DT_target,native_token_restored,0.2,1.0,190,62,1
9,answer_only,FT_K1,raw_cached,0.05,0.3064516129032258,48,62,0.7741935483870968
9,answer_only,FT_K1,raw_cached,0.1,0.532258064516129,95,62,1
9,answer_only,FT_K1,raw_cached,0.2,0.8870967741935484,190,62,1
9,answer_only,FT_K1,raw_restored,0.05,0.3064516129032258,48,62,0.7741935483870968
9,answer_only,FT_K1,raw_restored,0.1,0.532258064516129,95,62,1
9,answer_only,FT_K1,raw_restored,0.2,0.8870967741935484,190,62,1
9,answer_only,FT_K1,regex_cached,0.05,0.5483870967741935,48,62,0.7741935483870968
9,answer_only,FT_K1,regex_cached,0.1,0.7258064516129032,95,62,1
9,answer_only,FT_K1,regex_cached,0.2,1.0,190,62,1
9,answer_only,FT_K1,regex_restored,0.05,0.5483870967741935,48,62,0.7741935483870968
9,answer_only,FT_K1,regex_restored,0.1,0.7258064516129032,95,62,1
9,answer_only,FT_K1,regex_restored,0.2,1.0,190,62,1
9,answer_only,FT_K1,regex_anchor_restored,0.05,0.5483870967741935,48,62,0.7741935483870968
9,answer_only,FT_K1,regex_anchor_restored,0.1,0.7419354838709677,95,62,1
9,answer_only,FT_K1,regex_anchor_restored,0.2,1.0,190,62,1
9,answer_only,FT_K1,native_token_restored,0.05,0.5483870967741935,48,62,0.7741935483870968
9,answer_only,FT_K1,native_token_restored,0.1,0.7419354838709677,95,62,1
9,answer_only,FT_K1,native_token_restored,0.2,1.0,190,62,1
9,answer_only,FT_K3,raw_cached,0.05,0.3064516129032258,48,62,0.7741935483870968
9,answer_only,FT_K3,raw_cached,0.1,0.532258064516129,95,62,1
9,answer_only,FT_K3,raw_cached,0.2,0.8870967741935484,190,62,1
9,answer_only,FT_K3,raw_restored,0.05,0.3064516129032258,48,62,0.7741935483870968
9,answer_only,FT_K3,raw_restored,0.1,0.532258064516129,95,62,1
9,answer_only,FT_K3,raw_restored,0.2,0.8870967741935484,190,62,1
9,answer_only,FT_K3,regex_cached,0.05,0.5483870967741935,48,62,0.7741935483870968
9,answer_only,FT_K3,regex_cached,0.1,0.7258064516129032,95,62,1
9,answer_only,FT_K3,regex_cached,0.2,1.0,190,62,1
9,answer_only,FT_K3,regex_restored,0.05,0.5483870967741935,48,62,0.7741935483870968
9,answer_only,FT_K3,regex_restored,0.1,0.7258064516129032,95,62,1
9,answer_only,FT_K3,regex_restored,0.2,1.0,190,62,1
9,answer_only,FT_K3,regex_anchor_restored,0.05,0.5483870967741935,48,62,0.7741935483870968
9,answer_only,FT_K3,regex_anchor_restored,0.1,0.7419354838709677,95,62,1
9,answer_only,FT_K3,regex_anchor_restored,0.2,1.0,190,62,1
9,answer_only,FT_K3,native_token_restored,0.05,0.5483870967741935,48,62,0.7741935483870968
9,answer_only,FT_K3,native_token_restored,0.1,0.7419354838709677,95,62,1
9,answer_only,FT_K3,native_token_restored,0.2,1.0,190,62,1
10,answer_only,DT_target,raw_cached,0.05,0.22916666666666666,64,144,0.4444444444444444
10,answer_only,DT_target,raw_cached,0.1,0.3333333333333333,127,144,0.8819444444444444
10,answer_only,DT_target,raw_cached,0.2,0.5277777777777778,253,144,1
10,answer_only,DT_target,raw_restored,0.05,0.22916666666666666,64,144,0.4444444444444444
10,answer_only,DT_target,raw_restored,0.1,0.3333333333333333,127,144,0.8819444444444444
10,answer_only,DT_target,raw_restored,0.2,0.5277777777777778,253,144,1
10,answer_only,DT_target,regex_cached,0.05,0.3819444444444444,64,144,0.4444444444444444
10,answer_only,DT_target,regex_cached,0.1,0.5763888888888888,127,144,0.8819444444444444
10,answer_only,DT_target,regex_cached,0.2,0.8125,253,144,1
10,answer_only,DT_target,regex_restored,0.05,0.3819444444444444,64,144,0.4444444444444444
10,answer_only,DT_target,regex_restored,0.1,0.5763888888888888,127,144,0.8819444444444444
10,answer_only,DT_target,regex_restored,0.2,0.8125,253,144,1
10,answer_only,DT_target,regex_anchor_restored,0.05,0.3819444444444444,64,144,0.4444444444444444
10,answer_only,DT_target,regex_anchor_restored,0.1,0.5763888888888888,127,144,0.8819444444444444
10,answer_only,DT_target,regex_anchor_restored,0.2,0.8194444444444444,253,144,1
10,answer_only,DT_target,native_token_restored,0.05,0.4444444444444444,64,144,0.4444444444444444
10,answer_only,DT_target,native_token_restored,0.1,0.7986111111111112,127,144,0.8819444444444444
10,answer_only,DT_target,native_token_restored,0.2,0.8194444444444444,253,144,1
10,answer_only,FT_K1,raw_cached,0.05,0.20833333333333334,64,144,0.4444444444444444
10,answer_only,FT_K1,raw_cached,0.1,0.3194444444444444,127,144,0.8819444444444444
10,answer_only,FT_K1,raw_cached,0.2,0.4722222222222222,253,144,1
10,answer_only,FT_K1,raw_restored,0.05,0.20833333333333334,64,144,0.4444444444444444
10,answer_only,FT_K1,raw_restored,0.1,0.3194444444444444,127,144,0.8819444444444444
10,answer_only,FT_K1,raw_restored,0.2,0.4722222222222222,253,144,1
10,answer_only,FT_K1,regex_cached,0.05,0.4236111111111111,64,144,0.4444444444444444
10,answer_only,FT_K1,regex_cached,0.1,0.7083333333333334,127,144,0.8819444444444444
10,answer_only,FT_K1,regex_cached,0.2,0.8125,253,144,1
10,answer_only,FT_K1,regex_restored,0.05,0.4236111111111111,64,144,0.4444444444444444
10,answer_only,FT_K1,regex_restored,0.1,0.7083333333333334,127,144,0.8819444444444444
10,answer_only,FT_K1,regex_restored,0.2,0.8125,253,144,1
10,answer_only,FT_K1,regex_anchor_restored,0.05,0.4236111111111111,64,144,0.4444444444444444
10,answer_only,FT_K1,regex_anchor_restored,0.1,0.7152777777777778,127,144,0.8819444444444444
10,answer_only,FT_K1,regex_anchor_restored,0.2,0.8194444444444444,253,144,1
10,answer_only,FT_K1,native_token_restored,0.05,0.4444444444444444,64,144,0.4444444444444444
10,answer_only,FT_K1,native_token_restored,0.1,0.8194444444444444,127,144,0.8819444444444444
10,answer_only,FT_K1,native_token_restored,0.2,0.8194444444444444,253,144,1
10,answer_only,FT_K3,raw_cached,0.05,0.20833333333333334,64,144,0.4444444444444444
10,answer_only,FT_K3,raw_cached,0.1,0.3125,127,144,0.8819444444444444
10,answer_only,FT_K3,raw_cached,0.2,0.4722222222222222,253,144,1
10,answer_only,FT_K3,raw_restored,0.05,0.20833333333333334,64,144,0.4444444444444444
10,answer_only,FT_K3,raw_restored,0.1,0.3125,127,144,0.8819444444444444
10,answer_only,FT_K3,raw_restored,0.2,0.4722222222222222,253,144,1
10,answer_only,FT_K3,regex_cached,0.05,0.3958333333333333,64,144,0.4444444444444444
10,answer_only,FT_K3,regex_cached,0.1,0.7083333333333334,127,144,0.8819444444444444
10,answer_only,FT_K3,regex_cached,0.2,0.8125,253,144,1
10,answer_only,FT_K3,regex_restored,0.05,0.3958333333333333,64,144,0.4444444444444444
10,answer_only,FT_K3,regex_restored,0.1,0.7083333333333334,127,144,0.8819444444444444
10,answer_only,FT_K3,regex_restored,0.2,0.8125,253,144,1
10,answer_only,FT_K3,regex_anchor_restored,0.05,0.3958333333333333,64,144,0.4444444444444444
10,answer_only,FT_K3,regex_anchor_restored,0.1,0.7152777777777778,127,144,0.8819444444444444
10,answer_only,FT_K3,regex_anchor_restored,0.2,0.8194444444444444,253,144,1
10,answer_only,FT_K3,native_token_restored,0.05,0.4444444444444444,64,144,0.4444444444444444
10,answer_only,FT_K3,native_token_restored,0.1,0.8194444444444444,127,144,0.8819444444444444
10,answer_only,FT_K3,native_token_restored,0.2,0.8194444444444444,253,144,1
11,answer_only,DT_target,raw_cached,0.05,0.22549019607843138,45,102,0.4411764705882353
11,answer_only,DT_target,raw_cached,0.1,0.4803921568627451,89,102,0.8725490196078431
11,answer_only,DT_target,raw_cached,0.2,0.696078431372549,178,102,1
11,answer_only,DT_target,raw_restored,0.05,0.22549019607843138,45,102,0.4411764705882353
11,answer_only,DT_target,raw_restored,0.1,0.4803921568627451,89,102,0.8725490196078431
11,answer_only,DT_target,raw_restored,0.2,0.696078431372549,178,102,1
11,answer_only,DT_target,regex_cached,0.05,0.23529411764705882,45,102,0.4411764705882353
11,answer_only,DT_target,regex_cached,0.1,0.6568627450980392,89,102,0.8725490196078431
11,answer_only,DT_target,regex_cached,0.2,1.0,178,102,1
11,answer_only,DT_target,regex_restored,0.05,0.23529411764705882,45,102,0.4411764705882353
11,answer_only,DT_target,regex_restored,0.1,0.6568627450980392,89,102,0.8725490196078431
11,answer_only,DT_target,regex_restored,0.2,1.0,178,102,1
11,answer_only,DT_target,regex_anchor_restored,0.05,0.23529411764705882,45,102,0.4411764705882353
11,answer_only,DT_target,regex_anchor_restored,0.1,0.6666666666666666,89,102,0.8725490196078431
11,answer_only,DT_target,regex_anchor_restored,0.2,1.0,178,102,1
11,answer_only,DT_target,native_token_restored,0.05,0.3333333333333333,45,102,0.4411764705882353
11,answer_only,DT_target,native_token_restored,0.1,0.7647058823529411,89,102,0.8725490196078431
11,answer_only,DT_target,native_token_restored,0.2,1.0,178,102,1
11,answer_only,FT_K1,raw_cached,0.05,0.28431372549019607,45,102,0.4411764705882353
11,answer_only,FT_K1,raw_cached,0.1,0.4803921568627451,89,102,0.8725490196078431
11,answer_only,FT_K1,raw_cached,0.2,0.6666666666666666,178,102,1
11,answer_only,FT_K1,raw_restored,0.05,0.28431372549019607,45,102,0.4411764705882353
11,answer_only,FT_K1,raw_restored,0.1,0.4803921568627451,89,102,0.8725490196078431
11,answer_only,FT_K1,raw_restored,0.2,0.6666666666666666,178,102,1
11,answer_only,FT_K1,regex_cached,0.05,0.30392156862745096,45,102,0.4411764705882353
11,answer_only,FT_K1,regex_cached,0.1,0.7352941176470589,89,102,0.8725490196078431
11,answer_only,FT_K1,regex_cached,0.2,1.0,178,102,1
11,answer_only,FT_K1,regex_restored,0.05,0.30392156862745096,45,102,0.4411764705882353
11,answer_only,FT_K1,regex_restored,0.1,0.7352941176470589,89,102,0.8725490196078431
11,answer_only,FT_K1,regex_restored,0.2,1.0,178,102,1
11,answer_only,FT_K1,regex_anchor_restored,0.05,0.3137254901960784,45,102,0.4411764705882353
11,answer_only,FT_K1,regex_anchor_restored,0.1,0.7450980392156863,89,102,0.8725490196078431
11,answer_only,FT_K1,regex_anchor_restored,0.2,1.0,178,102,1
11,answer_only,FT_K1,native_token_restored,0.05,0.3137254901960784,45,102,0.4411764705882353
11,answer_only,FT_K1,native_token_restored,0.1,0.7450980392156863,89,102,0.8725490196078431
11,answer_only,FT_K1,native_token_restored,0.2,1.0,178,102,1
11,answer_only,FT_K3,raw_cached,0.05,0.30392156862745096,45,102,0.4411764705882353
11,answer_only,FT_K3,raw_cached,0.1,0.4803921568627451,89,102,0.8725490196078431
11,answer_only,FT_K3,raw_cached,0.2,0.6764705882352942,178,102,1
11,answer_only,FT_K3,raw_restored,0.05,0.30392156862745096,45,102,0.4411764705882353
11,answer_only,FT_K3,raw_restored,0.1,0.4803921568627451,89,102,0.8725490196078431
11,answer_only,FT_K3,raw_restored,0.2,0.6764705882352942,178,102,1
11,answer_only,FT_K3,regex_cached,0.05,0.23529411764705882,45,102,0.4411764705882353
11,answer_only,FT_K3,regex_cached,0.1,0.6666666666666666,89,102,0.8725490196078431
11,answer_only,FT_K3,regex_cached,0.2,1.0,178,102,1
11,answer_only,FT_K3,regex_restored,0.05,0.23529411764705882,45,102,0.4411764705882353
11,answer_only,FT_K3,regex_restored,0.1,0.6666666666666666,89,102,0.8725490196078431
11,answer_only,FT_K3,regex_restored,0.2,1.0,178,102,1
11,answer_only,FT_K3,regex_anchor_restored,0.05,0.23529411764705882,45,102,0.4411764705882353
11,answer_only,FT_K3,regex_anchor_restored,0.1,0.6666666666666666,89,102,0.8725490196078431
11,answer_only,FT_K3,regex_anchor_restored,0.2,1.0,178,102,1
11,answer_only,FT_K3,native_token_restored,0.05,0.3137254901960784,45,102,0.4411764705882353
11,answer_only,FT_K3,native_token_restored,0.1,0.7450980392156863,89,102,0.8725490196078431
11,answer_only,FT_K3,native_token_restored,0.2,1.0,178,102,1
12,answer_only,DT_target,raw_cached,0.05,0.4915254237288136,92,59,1
12,answer_only,DT_target,raw_cached,0.1,0.7796610169491526,184,59,1
12,answer_only,DT_target,raw_cached,0.2,0.864406779661017,368,59,1
12,answer_only,DT_target,raw_restored,0.05,0.4915254237288136,92,59,1
12,answer_only,DT_target,raw_restored,0.1,0.7796610169491526,184,59,1
12,answer_only,DT_target,raw_restored,0.2,0.864406779661017,368,59,1
12,answer_only,DT_target,regex_cached,0.05,0.6440677966101694,92,59,1
12,answer_only,DT_target,regex_cached,0.1,1.0,184,59,1
12,answer_only,DT_target,regex_cached,0.2,1.0,368,59,1
12,answer_only,DT_target,regex_restored,0.05,0.6440677966101694,92,59,1
12,answer_only,DT_target,regex_restored,0.1,1.0,184,59,1
12,answer_only,DT_target,regex_restored,0.2,1.0,368,59,1
12,answer_only,DT_target,regex_anchor_restored,0.05,0.6779661016949152,92,59,1
12,answer_only,DT_target,regex_anchor_restored,0.1,1.0,184,59,1
12,answer_only,DT_target,regex_anchor_restored,0.2,1.0,368,59,1
12,answer_only,DT_target,native_token_restored,0.05,0.6271186440677966,92,59,1
12,answer_only,DT_target,native_token_restored,0.1,1.0,184,59,1
12,answer_only,DT_target,native_token_restored,0.2,1.0,368,59,1
12,answer_only,FT_K1,raw_cached,0.05,0.4915254237288136,92,59,1
12,answer_only,FT_K1,raw_cached,0.1,0.6610169491525424,184,59,1
12,answer_only,FT_K1,raw_cached,0.2,0.864406779661017,368,59,1
12,answer_only,FT_K1,raw_restored,0.05,0.4915254237288136,92,59,1
12,answer_only,FT_K1,raw_restored,0.1,0.6610169491525424,184,59,1
12,answer_only,FT_K1,raw_restored,0.2,0.864406779661017,368,59,1
12,answer_only,FT_K1,regex_cached,0.05,0.8813559322033898,92,59,1
12,answer_only,FT_K1,regex_cached,0.1,1.0,184,59,1
12,answer_only,FT_K1,regex_cached,0.2,1.0,368,59,1
12,answer_only,FT_K1,regex_restored,0.05,0.8813559322033898,92,59,1
12,answer_only,FT_K1,regex_restored,0.1,1.0,184,59,1
12,answer_only,FT_K1,regex_restored,0.2,1.0,368,59,1
12,answer_only,FT_K1,regex_anchor_restored,0.05,0.8983050847457628,92,59,1
12,answer_only,FT_K1,regex_anchor_restored,0.1,1.0,184,59,1
12,answer_only,FT_K1,regex_anchor_restored,0.2,1.0,368,59,1
12,answer_only,FT_K1,native_token_restored,0.05,1.0,92,59,1
12,answer_only,FT_K1,native_token_restored,0.1,1.0,184,59,1
12,answer_only,FT_K1,native_token_restored,0.2,1.0,368,59,1
12,answer_only,FT_K3,raw_cached,0.05,0.4576271186440678,92,59,1
12,answer_only,FT_K3,raw_cached,0.1,0.6779661016949152,184,59,1
12,answer_only,FT_K3,raw_cached,0.2,0.864406779661017,368,59,1
12,answer_only,FT_K3,raw_restored,0.05,0.4576271186440678,92,59,1
12,answer_only,FT_K3,raw_restored,0.1,0.6779661016949152,184,59,1
12,answer_only,FT_K3,raw_restored,0.2,0.864406779661017,368,59,1
12,answer_only,FT_K3,regex_cached,0.05,0.8813559322033898,92,59,1
12,answer_only,FT_K3,regex_cached,0.1,1.0,184,59,1
12,answer_only,FT_K3,regex_cached,0.2,1.0,368,59,1
12,answer_only,FT_K3,regex_restored,0.05,0.8813559322033898,92,59,1
12,answer_only,FT_K3,regex_restored,0.1,1.0,184,59,1
12,answer_only,FT_K3,regex_restored,0.2,1.0,368,59,1
12,answer_only,FT_K3,regex_anchor_restored,0.05,0.8983050847457628,92,59,1
12,answer_only,FT_K3,regex_anchor_restored,0.1,1.0,184,59,1
12,answer_only,FT_K3,regex_anchor_restored,0.2,1.0,368,59,1
12,answer_only,FT_K3,native_token_restored,0.05,1.0,92,59,1
12,answer_only,FT_K3,native_token_restored,0.1,1.0,184,59,1
12,answer_only,FT_K3,native_token_restored,0.2,1.0,368,59,1
13,answer_only,DT_target,raw_cached,0.05,0.26744186046511625,83,86,0.9651162790697675
13,answer_only,DT_target,raw_cached,0.1,0.4069767441860465,166,86,1
13,answer_only,DT_target,raw_cached,0.2,0.6046511627906976,332,86,1
13,answer_only,DT_target,raw_restored,0.05,0.26744186046511625,83,86,0.9651162790697675
13,answer_only,DT_target,raw_restored,0.1,0.4069767441860465,166,86,1
13,answer_only,DT_target,raw_restored,0.2,0.6046511627906976,332,86,1
13,answer_only,DT_target,regex_cached,0.05,0.3372093023255814,83,86,0.9651162790697675
13,answer_only,DT_target,regex_cached,0.1,0.6395348837209303,166,86,1
13,answer_only,DT_target,regex_cached,0.2,1.0,332,86,1
13,answer_only,DT_target,regex_restored,0.05,0.3372093023255814,83,86,0.9651162790697675
13,answer_only,DT_target,regex_restored,0.1,0.6395348837209303,166,86,1
13,answer_only,DT_target,regex_restored,0.2,1.0,332,86,1
13,answer_only,DT_target,regex_anchor_restored,0.05,0.3372093023255814,83,86,0.9651162790697675
13,answer_only,DT_target,regex_anchor_restored,0.1,0.6395348837209303,166,86,1
13,answer_only,DT_target,regex_anchor_restored,0.2,1.0,332,86,1
13,answer_only,DT_target,native_token_restored,0.05,0.3372093023255814,83,86,0.9651162790697675
13,answer_only,DT_target,native_token_restored,0.1,0.6744186046511628,166,86,1
13,answer_only,DT_target,native_token_restored,0.2,1.0,332,86,1
13,answer_only,FT_K1,raw_cached,0.05,0.20930232558139536,83,86,0.9651162790697675
13,answer_only,FT_K1,raw_cached,0.1,0.26744186046511625,166,86,1
13,answer_only,FT_K1,raw_cached,0.2,0.3953488372093023,332,86,1
13,answer_only,FT_K1,raw_restored,0.05,0.20930232558139536,83,86,0.9651162790697675
13,answer_only,FT_K1,raw_restored,0.1,0.26744186046511625,166,86,1
13,answer_only,FT_K1,raw_restored,0.2,0.3953488372093023,332,86,1
13,answer_only,FT_K1,regex_cached,0.05,0.3372093023255814,83,86,0.9651162790697675
13,answer_only,FT_K1,regex_cached,0.1,0.3372093023255814,166,86,1
13,answer_only,FT_K1,regex_cached,0.2,0.5813953488372093,332,86,1
13,answer_only,FT_K1,regex_restored,0.05,0.3372093023255814,83,86,0.9651162790697675
13,answer_only,FT_K1,regex_restored,0.1,0.3372093023255814,166,86,1
13,answer_only,FT_K1,regex_restored,0.2,0.5813953488372093,332,86,1
13,answer_only,FT_K1,regex_anchor_restored,0.05,0.3372093023255814,83,86,0.9651162790697675
13,answer_only,FT_K1,regex_anchor_restored,0.1,0.3372093023255814,166,86,1
13,answer_only,FT_K1,regex_anchor_restored,0.2,0.47674418604651164,332,86,1
13,answer_only,FT_K1,native_token_restored,0.05,0.3372093023255814,83,86,0.9651162790697675
13,answer_only,FT_K1,native_token_restored,0.1,0.3372093023255814,166,86,1
13,answer_only,FT_K1,native_token_restored,0.2,0.3372093023255814,332,86,1
13,answer_only,FT_K3,raw_cached,0.05,0.20930232558139536,83,86,0.9651162790697675
13,answer_only,FT_K3,raw_cached,0.1,0.26744186046511625,166,86,1
13,answer_only,FT_K3,raw_cached,0.2,0.3953488372093023,332,86,1
13,answer_only,FT_K3,raw_restored,0.05,0.20930232558139536,83,86,0.9651162790697675
13,answer_only,FT_K3,raw_restored,0.1,0.26744186046511625,166,86,1
13,answer_only,FT_K3,raw_restored,0.2,0.3953488372093023,332,86,1
13,answer_only,FT_K3,regex_cached,0.05,0.3372093023255814,83,86,0.9651162790697675
13,answer_only,FT_K3,regex_cached,0.1,0.3372093023255814,166,86,1
13,answer_only,FT_K3,regex_cached,0.2,0.3372093023255814,332,86,1
13,answer_only,FT_K3,regex_restored,0.05,0.3372093023255814,83,86,0.9651162790697675
13,answer_only,FT_K3,regex_restored,0.1,0.3372093023255814,166,86,1
13,answer_only,FT_K3,regex_restored,0.2,0.3372093023255814,332,86,1
13,answer_only,FT_K3,regex_anchor_restored,0.05,0.3372093023255814,83,86,0.9651162790697675
13,answer_only,FT_K3,regex_anchor_restored,0.1,0.3372093023255814,166,86,1
13,answer_only,FT_K3,regex_anchor_restored,0.2,0.47674418604651164,332,86,1
13,answer_only,FT_K3,native_token_restored,0.05,0.3372093023255814,83,86,0.9651162790697675
13,answer_only,FT_K3,native_token_restored,0.1,0.3372093023255814,166,86,1
13,answer_only,FT_K3,native_token_restored,0.2,0.3372093023255814,332,86,1
14,answer_only,DT_target,raw_cached,0.05,0.23529411764705882,63,68,0.9264705882352942
14,answer_only,DT_target,raw_cached,0.1,0.36764705882352944,125,68,1
14,answer_only,DT_target,raw_cached,0.2,0.5147058823529411,250,68,1
14,answer_only,DT_target,raw_restored,0.05,0.23529411764705882,63,68,0.9264705882352942
14,answer_only,DT_target,raw_restored,0.1,0.36764705882352944,125,68,1
14,answer_only,DT_target,raw_restored,0.2,0.5147058823529411,250,68,1
14,answer_only,DT_target,regex_cached,0.05,0.7205882352941176,63,68,0.9264705882352942
14,answer_only,DT_target,regex_cached,0.1,0.7205882352941176,125,68,1
14,answer_only,DT_target,regex_cached,0.2,0.7205882352941176,250,68,1
14,answer_only,DT_target,regex_restored,0.05,0.7205882352941176,63,68,0.9264705882352942
14,answer_only,DT_target,regex_restored,0.1,0.7205882352941176,125,68,1
14,answer_only,DT_target,regex_restored,0.2,0.7205882352941176,250,68,1
14,answer_only,DT_target,regex_anchor_restored,0.05,0.7058823529411765,63,68,0.9264705882352942
14,answer_only,DT_target,regex_anchor_restored,0.1,0.7058823529411765,125,68,1
14,answer_only,DT_target,regex_anchor_restored,0.2,0.7058823529411765,250,68,1
14,answer_only,DT_target,native_token_restored,0.05,0.45588235294117646,63,68,0.9264705882352942
14,answer_only,DT_target,native_token_restored,0.1,0.45588235294117646,125,68,1
14,answer_only,DT_target,native_token_restored,0.2,1.0,250,68,1
14,answer_only,FT_K1,raw_cached,0.05,0.36764705882352944,63,68,0.9264705882352942
14,answer_only,FT_K1,raw_cached,0.1,0.4852941176470588,125,68,1
14,answer_only,FT_K1,raw_cached,0.2,0.6470588235294118,250,68,1
14,answer_only,FT_K1,raw_restored,0.05,0.36764705882352944,63,68,0.9264705882352942
14,answer_only,FT_K1,raw_restored,0.1,0.4852941176470588,125,68,1
14,answer_only,FT_K1,raw_restored,0.2,0.6470588235294118,250,68,1
14,answer_only,FT_K1,regex_cached,0.05,0.45588235294117646,63,68,0.9264705882352942
14,answer_only,FT_K1,regex_cached,0.1,0.7205882352941176,125,68,1
14,answer_only,FT_K1,regex_cached,0.2,1.0,250,68,1
14,answer_only,FT_K1,regex_restored,0.05,0.45588235294117646,63,68,0.9264705882352942
14,answer_only,FT_K1,regex_restored,0.1,0.7205882352941176,125,68,1
14,answer_only,FT_K1,regex_restored,0.2,1.0,250,68,1
14,answer_only,FT_K1,regex_anchor_restored,0.05,0.45588235294117646,63,68,0.9264705882352942
14,answer_only,FT_K1,regex_anchor_restored,0.1,0.7058823529411765,125,68,1
14,answer_only,FT_K1,regex_anchor_restored,0.2,1.0,250,68,1
14,answer_only,FT_K1,native_token_restored,0.05,0.45588235294117646,63,68,0.9264705882352942
14,answer_only,FT_K1,native_token_restored,0.1,0.45588235294117646,125,68,1
14,answer_only,FT_K1,native_token_restored,0.2,1.0,250,68,1
14,answer_only,FT_K3,raw_cached,0.05,0.36764705882352944,63,68,0.9264705882352942
14,answer_only,FT_K3,raw_cached,0.1,0.47058823529411764,125,68,1
14,answer_only,FT_K3,raw_cached,0.2,0.6470588235294118,250,68,1
14,answer_only,FT_K3,raw_restored,0.05,0.36764705882352944,63,68,0.9264705882352942
14,answer_only,FT_K3,raw_restored,0.1,0.47058823529411764,125,68,1
14,answer_only,FT_K3,raw_restored,0.2,0.6470588235294118,250,68,1
14,answer_only,FT_K3,regex_cached,0.05,0.45588235294117646,63,68,0.9264705882352942
14,answer_only,FT_K3,regex_cached,0.1,0.7205882352941176,125,68,1
14,answer_only,FT_K3,regex_cached,0.2,1.0,250,68,1
14,answer_only,FT_K3,regex_restored,0.05,0.45588235294117646,63,68,0.9264705882352942
14,answer_only,FT_K3,regex_restored,0.1,0.7205882352941176,125,68,1
14,answer_only,FT_K3,regex_restored,0.2,1.0,250,68,1
14,answer_only,FT_K3,regex_anchor_restored,0.05,0.45588235294117646,63,68,0.9264705882352942
14,answer_only,FT_K3,regex_anchor_restored,0.1,0.7058823529411765,125,68,1
14,answer_only,FT_K3,regex_anchor_restored,0.2,1.0,250,68,1
14,answer_only,FT_K3,native_token_restored,0.05,0.45588235294117646,63,68,0.9264705882352942
14,answer_only,FT_K3,native_token_restored,0.1,0.45588235294117646,125,68,1
14,answer_only,FT_K3,native_token_restored,0.2,1.0,250,68,1
15,answer_only,DT_target,raw_cached,0.05,0.27884615384615385,58,104,0.5576923076923077
15,answer_only,DT_target,raw_cached,0.1,0.4230769230769231,115,104,1
15,answer_only,DT_target,raw_cached,0.2,0.5769230769230769,229,104,1
15,answer_only,DT_target,raw_restored,0.05,0.27884615384615385,58,104,0.5576923076923077
15,answer_only,DT_target,raw_restored,0.1,0.4230769230769231,115,104,1
15,answer_only,DT_target,raw_restored,0.2,0.5769230769230769,229,104,1
15,answer_only,DT_target,regex_cached,0.05,0.34615384615384615,58,104,0.5576923076923077
15,answer_only,DT_target,regex_cached,0.1,0.5480769230769231,115,104,1
15,answer_only,DT_target,regex_cached,0.2,0.9615384615384616,229,104,1
15,answer_only,DT_target,regex_restored,0.05,0.34615384615384615,58,104,0.5576923076923077
15,answer_only,DT_target,regex_restored,0.1,0.5480769230769231,115,104,1
15,answer_only,DT_target,regex_restored,0.2,0.9615384615384616,229,104,1
15,answer_only,DT_target,regex_anchor_restored,0.05,0.34615384615384615,58,104,0.5576923076923077
15,answer_only,DT_target,regex_anchor_restored,0.1,0.5576923076923077,115,104,1
15,answer_only,DT_target,regex_anchor_restored,0.2,0.9326923076923077,229,104,1
15,answer_only,DT_target,native_token_restored,0.05,0.34615384615384615,58,104,0.5576923076923077
15,answer_only,DT_target,native_token_restored,0.1,0.5576923076923077,115,104,1
15,answer_only,DT_target,native_token_restored,0.2,0.9615384615384616,229,104,1
15,answer_only,FT_K1,raw_cached,0.05,0.17307692307692307,58,104,0.5576923076923077
15,answer_only,FT_K1,raw_cached,0.1,0.23076923076923078,115,104,1
15,answer_only,FT_K1,raw_cached,0.2,0.34615384615384615,229,104,1
15,answer_only,FT_K1,raw_restored,0.05,0.17307692307692307,58,104,0.5576923076923077
15,answer_only,FT_K1,raw_restored,0.1,0.23076923076923078,115,104,1
15,answer_only,FT_K1,raw_restored,0.2,0.34615384615384615,229,104,1
15,answer_only,FT_K1,regex_cached,0.05,0.22115384615384615,58,104,0.5576923076923077
15,answer_only,FT_K1,regex_cached,0.1,0.41346153846153844,115,104,1
15,answer_only,FT_K1,regex_cached,0.2,0.41346153846153844,229,104,1
15,answer_only,FT_K1,regex_restored,0.05,0.22115384615384615,58,104,0.5576923076923077
15,answer_only,FT_K1,regex_restored,0.1,0.41346153846153844,115,104,1
15,answer_only,FT_K1,regex_restored,0.2,0.41346153846153844,229,104,1
15,answer_only,FT_K1,regex_anchor_restored,0.05,0.23076923076923078,58,104,0.5576923076923077
15,answer_only,FT_K1,regex_anchor_restored,0.1,0.4326923076923077,115,104,1
15,answer_only,FT_K1,regex_anchor_restored,0.2,0.4326923076923077,229,104,1
15,answer_only,FT_K1,native_token_restored,0.05,0.23076923076923078,58,104,0.5576923076923077
15,answer_only,FT_K1,native_token_restored,0.1,0.4326923076923077,115,104,1
15,answer_only,FT_K1,native_token_restored,0.2,0.4326923076923077,229,104,1
15,answer_only,FT_K3,raw_cached,0.05,0.17307692307692307,58,104,0.5576923076923077
15,answer_only,FT_K3,raw_cached,0.1,0.23076923076923078,115,104,1
15,answer_only,FT_K3,raw_cached,0.2,0.34615384615384615,229,104,1
15,answer_only,FT_K3,raw_restored,0.05,0.17307692307692307,58,104,0.5576923076923077
15,answer_only,FT_K3,raw_restored,0.1,0.23076923076923078,115,104,1
15,answer_only,FT_K3,raw_restored,0.2,0.34615384615384615,229,104,1
15,answer_only,FT_K3,regex_cached,0.05,0.22115384615384615,58,104,0.5576923076923077
15,answer_only,FT_K3,regex_cached,0.1,0.41346153846153844,115,104,1
15,answer_only,FT_K3,regex_cached,0.2,0.41346153846153844,229,104,1
15,answer_only,FT_K3,regex_restored,0.05,0.22115384615384615,58,104,0.5576923076923077
15,answer_only,FT_K3,regex_restored,0.1,0.41346153846153844,115,104,1
15,answer_only,FT_K3,regex_restored,0.2,0.41346153846153844,229,104,1
15,answer_only,FT_K3,regex_anchor_restored,0.05,0.23076923076923078,58,104,0.5576923076923077
15,answer_only,FT_K3,regex_anchor_restored,0.1,0.4326923076923077,115,104,1
15,answer_only,FT_K3,regex_anchor_restored,0.2,0.4326923076923077,229,104,1
15,answer_only,FT_K3,native_token_restored,0.05,0.23076923076923078,58,104,0.5576923076923077
15,answer_only,FT_K3,native_token_restored,0.1,0.4326923076923077,115,104,1
15,answer_only,FT_K3,native_token_restored,0.2,0.4326923076923077,229,104,1
16,answer_only,DT_target,raw_cached,0.05,0.21212121212121213,49,33,1
16,answer_only,DT_target,raw_cached,0.1,0.5151515151515151,98,33,1
16,answer_only,DT_target,raw_cached,0.2,0.5757575757575758,195,33,1
16,answer_only,DT_target,raw_restored,0.05,0.21212121212121213,49,33,1
16,answer_only,DT_target,raw_restored,0.1,0.5151515151515151,98,33,1
16,answer_only,DT_target,raw_restored,0.2,0.5757575757575758,195,33,1
16,answer_only,DT_target,regex_cached,0.05,0.5454545454545454,49,33,1
16,answer_only,DT_target,regex_cached,0.1,0.5454545454545454,98,33,1
16,answer_only,DT_target,regex_cached,0.2,1.0,195,33,1
16,answer_only,DT_target,regex_restored,0.05,0.5454545454545454,49,33,1
16,answer_only,DT_target,regex_restored,0.1,0.5454545454545454,98,33,1
16,answer_only,DT_target,regex_restored,0.2,1.0,195,33,1
16,answer_only,DT_target,regex_anchor_restored,0.05,0.5454545454545454,49,33,1
16,answer_only,DT_target,regex_anchor_restored,0.1,0.5454545454545454,98,33,1
16,answer_only,DT_target,regex_anchor_restored,0.2,1.0,195,33,1
16,answer_only,DT_target,native_token_restored,0.05,0.5454545454545454,49,33,1
16,answer_only,DT_target,native_token_restored,0.1,0.5454545454545454,98,33,1
16,answer_only,DT_target,native_token_restored,0.2,1.0,195,33,1
16,answer_only,FT_K1,raw_cached,0.05,0.24242424242424243,49,33,1
16,answer_only,FT_K1,raw_cached,0.1,0.42424242424242425,98,33,1
16,answer_only,FT_K1,raw_cached,0.2,0.5757575757575758,195,33,1
16,answer_only,FT_K1,raw_restored,0.05,0.24242424242424243,49,33,1
16,answer_only,FT_K1,raw_restored,0.1,0.42424242424242425,98,33,1
16,answer_only,FT_K1,raw_restored,0.2,0.5757575757575758,195,33,1
16,answer_only,FT_K1,regex_cached,0.05,0.5454545454545454,49,33,1
16,answer_only,FT_K1,regex_cached,0.1,0.5454545454545454,98,33,1
16,answer_only,FT_K1,regex_cached,0.2,0.5454545454545454,195,33,1
16,answer_only,FT_K1,regex_restored,0.05,0.5454545454545454,49,33,1
16,answer_only,FT_K1,regex_restored,0.1,0.5454545454545454,98,33,1
16,answer_only,FT_K1,regex_restored,0.2,0.5454545454545454,195,33,1
16,answer_only,FT_K1,regex_anchor_restored,0.05,0.5454545454545454,49,33,1
16,answer_only,FT_K1,regex_anchor_restored,0.1,0.5454545454545454,98,33,1
16,answer_only,FT_K1,regex_anchor_restored,0.2,0.5454545454545454,195,33,1
16,answer_only,FT_K1,native_token_restored,0.05,0.5454545454545454,49,33,1
16,answer_only,FT_K1,native_token_restored,0.1,0.5454545454545454,98,33,1
16,answer_only,FT_K1,native_token_restored,0.2,0.5454545454545454,195,33,1
16,answer_only,FT_K3,raw_cached,0.05,0.24242424242424243,49,33,1
16,answer_only,FT_K3,raw_cached,0.1,0.42424242424242425,98,33,1
16,answer_only,FT_K3,raw_cached,0.2,0.5757575757575758,195,33,1
16,answer_only,FT_K3,raw_restored,0.05,0.24242424242424243,49,33,1
16,answer_only,FT_K3,raw_restored,0.1,0.42424242424242425,98,33,1
16,answer_only,FT_K3,raw_restored,0.2,0.5757575757575758,195,33,1
16,answer_only,FT_K3,regex_cached,0.05,0.5454545454545454,49,33,1
16,answer_only,FT_K3,regex_cached,0.1,0.5454545454545454,98,33,1
16,answer_only,FT_K3,regex_cached,0.2,0.5454545454545454,195,33,1
16,answer_only,FT_K3,regex_restored,0.05,0.5454545454545454,49,33,1
16,answer_only,FT_K3,regex_restored,0.1,0.5454545454545454,98,33,1
16,answer_only,FT_K3,regex_restored,0.2,0.5454545454545454,195,33,1
16,answer_only,FT_K3,regex_anchor_restored,0.05,0.5454545454545454,49,33,1
16,answer_only,FT_K3,regex_anchor_restored,0.1,0.5454545454545454,98,33,1
16,answer_only,FT_K3,regex_anchor_restored,0.2,0.5454545454545454,195,33,1
16,answer_only,FT_K3,native_token_restored,0.05,0.5454545454545454,49,33,1
16,answer_only,FT_K3,native_token_restored,0.1,0.5454545454545454,98,33,1
16,answer_only,FT_K3,native_token_restored,0.2,0.5454545454545454,195,33,1
17,answer_only,DT_target,raw_cached,0.05,0.15853658536585366,48,82,0.5853658536585366
17,answer_only,DT_target,raw_cached,0.1,0.36585365853658536,95,82,1
17,answer_only,DT_target,raw_cached,0.2,0.5365853658536586,190,82,1
17,answer_only,DT_target,raw_restored,0.05,0.15853658536585366,48,82,0.5853658536585366
17,answer_only,DT_target,raw_restored,0.1,0.36585365853658536,95,82,1
17,answer_only,DT_target,raw_restored,0.2,0.5365853658536586,190,82,1
17,answer_only,DT_target,regex_cached,0.05,0.25609756097560976,48,82,0.5853658536585366
17,answer_only,DT_target,regex_cached,0.1,0.4024390243902439,95,82,1
17,answer_only,DT_target,regex_cached,0.2,0.9390243902439024,190,82,1
17,answer_only,DT_target,regex_restored,0.05,0.25609756097560976,48,82,0.5853658536585366
17,answer_only,DT_target,regex_restored,0.1,0.4024390243902439,95,82,1
17,answer_only,DT_target,regex_restored,0.2,0.9390243902439024,190,82,1
17,answer_only,DT_target,regex_anchor_restored,0.05,0.25609756097560976,48,82,0.5853658536585366
17,answer_only,DT_target,regex_anchor_restored,0.1,0.4024390243902439,95,82,1
17,answer_only,DT_target,regex_anchor_restored,0.2,0.975609756097561,190,82,1
17,answer_only,DT_target,native_token_restored,0.05,0.18292682926829268,48,82,0.5853658536585366
17,answer_only,DT_target,native_token_restored,0.1,0.4024390243902439,95,82,1
17,answer_only,DT_target,native_token_restored,0.2,0.9390243902439024,190,82,1
17,answer_only,FT_K1,raw_cached,0.05,0.15853658536585366,48,82,0.5853658536585366
17,answer_only,FT_K1,raw_cached,0.1,0.3048780487804878,95,82,1
17,answer_only,FT_K1,raw_cached,0.2,0.5365853658536586,190,82,1
17,answer_only,FT_K1,raw_restored,0.05,0.15853658536585366,48,82,0.5853658536585366
17,answer_only,FT_K1,raw_restored,0.1,0.3048780487804878,95,82,1
17,answer_only,FT_K1,raw_restored,0.2,0.5365853658536586,190,82,1
17,answer_only,FT_K1,regex_cached,0.05,0.35365853658536583,48,82,0.5853658536585366
17,answer_only,FT_K1,regex_cached,0.1,0.4024390243902439,95,82,1
17,answer_only,FT_K1,regex_cached,0.2,1.0,190,82,1
17,answer_only,FT_K1,regex_restored,0.05,0.35365853658536583,48,82,0.5853658536585366
17,answer_only,FT_K1,regex_restored,0.1,0.4024390243902439,95,82,1
17,answer_only,FT_K1,regex_restored,0.2,1.0,190,82,1
17,answer_only,FT_K1,regex_anchor_restored,0.05,0.36585365853658536,48,82,0.5853658536585366
17,answer_only,FT_K1,regex_anchor_restored,0.1,0.4024390243902439,95,82,1
17,answer_only,FT_K1,regex_anchor_restored,0.2,1.0,190,82,1
17,answer_only,FT_K1,native_token_restored,0.05,0.4024390243902439,48,82,0.5853658536585366
17,answer_only,FT_K1,native_token_restored,0.1,0.4024390243902439,95,82,1
17,answer_only,FT_K1,native_token_restored,0.2,1.0,190,82,1
17,answer_only,FT_K3,raw_cached,0.05,0.15853658536585366,48,82,0.5853658536585366
17,answer_only,FT_K3,raw_cached,0.1,0.3170731707317073,95,82,1
17,answer_only,FT_K3,raw_cached,0.2,0.5365853658536586,190,82,1
17,answer_only,FT_K3,raw_restored,0.05,0.15853658536585366,48,82,0.5853658536585366
17,answer_only,FT_K3,raw_restored,0.1,0.3170731707317073,95,82,1
17,answer_only,FT_K3,raw_restored,0.2,0.5365853658536586,190,82,1
17,answer_only,FT_K3,regex_cached,0.05,0.35365853658536583,48,82,0.5853658536585366
17,answer_only,FT_K3,regex_cached,0.1,0.4024390243902439,95,82,1
17,answer_only,FT_K3,regex_cached,0.2,1.0,190,82,1
17,answer_only,FT_K3,regex_restored,0.05,0.35365853658536583,48,82,0.5853658536585366
17,answer_only,FT_K3,regex_restored,0.1,0.4024390243902439,95,82,1
17,answer_only,FT_K3,regex_restored,0.2,1.0,190,82,1
17,answer_only,FT_K3,regex_anchor_restored,0.05,0.36585365853658536,48,82,0.5853658536585366
17,answer_only,FT_K3,regex_anchor_restored,0.1,0.4024390243902439,95,82,1
17,answer_only,FT_K3,regex_anchor_restored,0.2,1.0,190,82,1
17,answer_only,FT_K3,native_token_restored,0.05,0.4024390243902439,48,82,0.5853658536585366
17,answer_only,FT_K3,native_token_restored,0.1,0.4024390243902439,95,82,1
17,answer_only,FT_K3,native_token_restored,0.2,1.0,190,82,1
18,answer_only,DT_target,raw_cached,0.05,0.16494845360824742,65,97,0.6701030927835051
18,answer_only,DT_target,raw_cached,0.1,0.24742268041237114,130,97,1
18,answer_only,DT_target,raw_cached,0.2,0.4329896907216495,259,97,1
18,answer_only,DT_target,raw_restored,0.05,0.16494845360824742,65,97,0.6701030927835051
18,answer_only,DT_target,raw_restored,0.1,0.24742268041237114,130,97,1
18,answer_only,DT_target,raw_restored,0.2,0.4329896907216495,259,97,1
18,answer_only,DT_target,regex_cached,0.05,0.3711340206185567,65,97,0.6701030927835051
18,answer_only,DT_target,regex_cached,0.1,0.3711340206185567,130,97,1
18,answer_only,DT_target,regex_cached,0.2,0.9072164948453608,259,97,1
18,answer_only,DT_target,regex_restored,0.05,0.3711340206185567,65,97,0.6701030927835051
18,answer_only,DT_target,regex_restored,0.1,0.3711340206185567,130,97,1
18,answer_only,DT_target,regex_restored,0.2,0.9072164948453608,259,97,1
18,answer_only,DT_target,regex_anchor_restored,0.05,0.3711340206185567,65,97,0.6701030927835051
18,answer_only,DT_target,regex_anchor_restored,0.1,0.3711340206185567,130,97,1
18,answer_only,DT_target,regex_anchor_restored,0.2,0.3711340206185567,259,97,1
18,answer_only,DT_target,native_token_restored,0.05,0.3711340206185567,65,97,0.6701030927835051
18,answer_only,DT_target,native_token_restored,0.1,0.3711340206185567,130,97,1
18,answer_only,DT_target,native_token_restored,0.2,0.3711340206185567,259,97,1
18,answer_only,FT_K1,raw_cached,0.05,0.2268041237113402,65,97,0.6701030927835051
18,answer_only,FT_K1,raw_cached,0.1,0.26804123711340205,130,97,1
18,answer_only,FT_K1,raw_cached,0.2,0.38144329896907214,259,97,1
18,answer_only,FT_K1,raw_restored,0.05,0.2268041237113402,65,97,0.6701030927835051
18,answer_only,FT_K1,raw_restored,0.1,0.26804123711340205,130,97,1
18,answer_only,FT_K1,raw_restored,0.2,0.38144329896907214,259,97,1
18,answer_only,FT_K1,regex_cached,0.05,0.3711340206185567,65,97,0.6701030927835051
18,answer_only,FT_K1,regex_cached,0.1,0.3711340206185567,130,97,1
18,answer_only,FT_K1,regex_cached,0.2,0.3711340206185567,259,97,1
18,answer_only,FT_K1,regex_restored,0.05,0.3711340206185567,65,97,0.6701030927835051
18,answer_only,FT_K1,regex_restored,0.1,0.3711340206185567,130,97,1
18,answer_only,FT_K1,regex_restored,0.2,0.3711340206185567,259,97,1
18,answer_only,FT_K1,regex_anchor_restored,0.05,0.3711340206185567,65,97,0.6701030927835051
18,answer_only,FT_K1,regex_anchor_restored,0.1,0.3711340206185567,130,97,1
18,answer_only,FT_K1,regex_anchor_restored,0.2,0.3711340206185567,259,97,1
18,answer_only,FT_K1,native_token_restored,0.05,0.3711340206185567,65,97,0.6701030927835051
18,answer_only,FT_K1,native_token_restored,0.1,0.3711340206185567,130,97,1
18,answer_only,FT_K1,native_token_restored,0.2,0.3711340206185567,259,97,1
18,answer_only,FT_K3,raw_cached,0.05,0.2268041237113402,65,97,0.6701030927835051
18,answer_only,FT_K3,raw_cached,0.1,0.25773195876288657,130,97,1
18,answer_only,FT_K3,raw_cached,0.2,0.38144329896907214,259,97,1
18,answer_only,FT_K3,raw_restored,0.05,0.2268041237113402,65,97,0.6701030927835051
18,answer_only,FT_K3,raw_restored,0.1,0.25773195876288657,130,97,1
18,answer_only,FT_K3,raw_restored,0.2,0.38144329896907214,259,97,1
18,answer_only,FT_K3,regex_cached,0.05,0.3711340206185567,65,97,0.6701030927835051
18,answer_only,FT_K3,regex_cached,0.1,0.3711340206185567,130,97,1
18,answer_only,FT_K3,regex_cached,0.2,0.3711340206185567,259,97,1
18,answer_only,FT_K3,regex_restored,0.05,0.3711340206185567,65,97,0.6701030927835051
18,answer_only,FT_K3,regex_restored,0.1,0.3711340206185567,130,97,1
18,answer_only,FT_K3,regex_restored,0.2,0.3711340206185567,259,97,1
18,answer_only,FT_K3,regex_anchor_restored,0.05,0.3711340206185567,65,97,0.6701030927835051
18,answer_only,FT_K3,regex_anchor_restored,0.1,0.3711340206185567,130,97,1
18,answer_only,FT_K3,regex_anchor_restored,0.2,0.3711340206185567,259,97,1
18,answer_only,FT_K3,native_token_restored,0.05,0.3711340206185567,65,97,0.6701030927835051
18,answer_only,FT_K3,native_token_restored,0.1,0.3711340206185567,130,97,1
18,answer_only,FT_K3,native_token_restored,0.2,0.3711340206185567,259,97,1
19,answer_only,DT_target,raw_cached,0.05,0.30666666666666664,45,75,0.6
19,answer_only,DT_target,raw_cached,0.1,0.52,90,75,1
19,answer_only,DT_target,raw_cached,0.2,0.6533333333333333,179,75,1
19,answer_only,DT_target,raw_restored,0.05,0.30666666666666664,45,75,0.6
19,answer_only,DT_target,raw_restored,0.1,0.52,90,75,1
19,answer_only,DT_target,raw_restored,0.2,0.6533333333333333,179,75,1
19,answer_only,DT_target,regex_cached,0.05,0.56,45,75,0.6
19,answer_only,DT_target,regex_cached,0.1,0.9066666666666666,90,75,1
19,answer_only,DT_target,regex_cached,0.2,1.0,179,75,1
19,answer_only,DT_target,regex_restored,0.05,0.56,45,75,0.6
19,answer_only,DT_target,regex_restored,0.1,0.9066666666666666,90,75,1
19,answer_only,DT_target,regex_restored,0.2,1.0,179,75,1
19,answer_only,DT_target,regex_anchor_restored,0.05,0.56,45,75,0.6
19,answer_only,DT_target,regex_anchor_restored,0.1,0.92,90,75,1
19,answer_only,DT_target,regex_anchor_restored,0.2,1.0,179,75,1
19,answer_only,DT_target,native_token_restored,0.05,0.56,45,75,0.6
19,answer_only,DT_target,native_token_restored,0.1,0.9733333333333334,90,75,1
19,answer_only,DT_target,native_token_restored,0.2,1.0,179,75,1
19,answer_only,FT_K1,raw_cached,0.05,0.17333333333333334,45,75,0.6
19,answer_only,FT_K1,raw_cached,0.1,0.26666666666666666,90,75,1
19,answer_only,FT_K1,raw_cached,0.2,0.49333333333333335,179,75,1
19,answer_only,FT_K1,raw_restored,0.05,0.17333333333333334,45,75,0.6
19,answer_only,FT_K1,raw_restored,0.1,0.26666666666666666,90,75,1
19,answer_only,FT_K1,raw_restored,0.2,0.49333333333333335,179,75,1
19,answer_only,FT_K1,regex_cached,0.05,0.56,45,75,0.6
19,answer_only,FT_K1,regex_cached,0.1,0.56,90,75,1
19,answer_only,FT_K1,regex_cached,0.2,0.8533333333333334,179,75,1
19,answer_only,FT_K1,regex_restored,0.05,0.56,45,75,0.6
19,answer_only,FT_K1,regex_restored,0.1,0.56,90,75,1
19,answer_only,FT_K1,regex_restored,0.2,0.8533333333333334,179,75,1
19,answer_only,FT_K1,regex_anchor_restored,0.05,0.56,45,75,0.6
19,answer_only,FT_K1,regex_anchor_restored,0.1,0.56,90,75,1
19,answer_only,FT_K1,regex_anchor_restored,0.2,0.8933333333333333,179,75,1
19,answer_only,FT_K1,native_token_restored,0.05,0.56,45,75,0.6
19,answer_only,FT_K1,native_token_restored,0.1,0.56,90,75,1
19,answer_only,FT_K1,native_token_restored,0.2,0.64,179,75,1
19,answer_only,FT_K3,raw_cached,0.05,0.17333333333333334,45,75,0.6
19,answer_only,FT_K3,raw_cached,0.1,0.26666666666666666,90,75,1
19,answer_only,FT_K3,raw_cached,0.2,0.48,179,75,1
19,answer_only,FT_K3,raw_restored,0.05,0.17333333333333334,45,75,0.6
19,answer_only,FT_K3,raw_restored,0.1,0.26666666666666666,90,75,1
19,answer_only,FT_K3,raw_restored,0.2,0.48,179,75,1
19,answer_only,FT_K3,regex_cached,0.05,0.56,45,75,0.6
19,answer_only,FT_K3,regex_cached,0.1,0.56,90,75,1
19,answer_only,FT_K3,regex_cached,0.2,0.8533333333333334,179,75,1
19,answer_only,FT_K3,regex_restored,0.05,0.56,45,75,0.6
19,answer_only,FT_K3,regex_restored,0.1,0.56,90,75,1
19,answer_only,FT_K3,regex_restored,0.2,0.8533333333333334,179,75,1
19,answer_only,FT_K3,regex_anchor_restored,0.05,0.56,45,75,0.6
19,answer_only,FT_K3,regex_anchor_restored,0.1,0.56,90,75,1
19,answer_only,FT_K3,regex_anchor_restored,0.2,0.8933333333333333,179,75,1
19,answer_only,FT_K3,native_token_restored,0.05,0.56,45,75,0.6
19,answer_only,FT_K3,native_token_restored,0.1,0.56,90,75,1
19,answer_only,FT_K3,native_token_restored,0.2,0.64,179,75,1
20,answer_only,DT_target,raw_cached,0.05,0.1111111111111111,57,45,1
20,answer_only,DT_target,raw_cached,0.1,0.13333333333333333,114,45,1
20,answer_only,DT_target,raw_cached,0.2,0.17777777777777778,227,45,1
20,answer_only,DT_target,raw_restored,0.05,0.1111111111111111,57,45,1
20,answer_only,DT_target,raw_restored,0.1,0.13333333333333333,114,45,1
20,answer_only,DT_target,raw_restored,0.2,0.17777777777777778,227,45,1
20,answer_only,DT_target,regex_cached,0.05,0.13333333333333333,57,45,1
20,answer_only,DT_target,regex_cached,0.1,0.13333333333333333,114,45,1
20,answer_only,DT_target,regex_cached,0.2,0.15555555555555556,227,45,1
20,answer_only,DT_target,regex_restored,0.05,0.13333333333333333,57,45,1
20,answer_only,DT_target,regex_restored,0.1,0.13333333333333333,114,45,1
20,answer_only,DT_target,regex_restored,0.2,0.15555555555555556,227,45,1
20,answer_only,DT_target,regex_anchor_restored,0.05,0.15555555555555556,57,45,1
20,answer_only,DT_target,regex_anchor_restored,0.1,0.15555555555555556,114,45,1
20,answer_only,DT_target,regex_anchor_restored,0.2,0.15555555555555556,227,45,1
20,answer_only,DT_target,native_token_restored,0.05,0.15555555555555556,57,45,1
20,answer_only,DT_target,native_token_restored,0.1,0.15555555555555556,114,45,1
20,answer_only,DT_target,native_token_restored,0.2,0.15555555555555556,227,45,1
20,answer_only,FT_K1,raw_cached,0.05,0.1111111111111111,57,45,1
20,answer_only,FT_K1,raw_cached,0.1,0.13333333333333333,114,45,1
20,answer_only,FT_K1,raw_cached,0.2,0.24444444444444444,227,45,1
20,answer_only,FT_K1,raw_restored,0.05,0.1111111111111111,57,45,1
20,answer_only,FT_K1,raw_restored,0.1,0.13333333333333333,114,45,1
20,answer_only,FT_K1,raw_restored,0.2,0.24444444444444444,227,45,1
20,answer_only,FT_K1,regex_cached,0.05,0.13333333333333333,57,45,1
20,answer_only,FT_K1,regex_cached,0.1,0.13333333333333333,114,45,1
20,answer_only,FT_K1,regex_cached,0.2,0.15555555555555556,227,45,1
20,answer_only,FT_K1,regex_restored,0.05,0.13333333333333333,57,45,1
20,answer_only,FT_K1,regex_restored,0.1,0.13333333333333333,114,45,1
20,answer_only,FT_K1,regex_restored,0.2,0.15555555555555556,227,45,1
20,answer_only,FT_K1,regex_anchor_restored,0.05,0.15555555555555556,57,45,1
20,answer_only,FT_K1,regex_anchor_restored,0.1,0.15555555555555556,114,45,1
20,answer_only,FT_K1,regex_anchor_restored,0.2,0.15555555555555556,227,45,1
20,answer_only,FT_K1,native_token_restored,0.05,0.15555555555555556,57,45,1
20,answer_only,FT_K1,native_token_restored,0.1,0.15555555555555556,114,45,1
20,answer_only,FT_K1,native_token_restored,0.2,0.15555555555555556,227,45,1
20,answer_only,FT_K3,raw_cached,0.05,0.1111111111111111,57,45,1
20,answer_only,FT_K3,raw_cached,0.1,0.13333333333333333,114,45,1
20,answer_only,FT_K3,raw_cached,0.2,0.24444444444444444,227,45,1
20,answer_only,FT_K3,raw_restored,0.05,0.1111111111111111,57,45,1
20,answer_only,FT_K3,raw_restored,0.1,0.13333333333333333,114,45,1
20,answer_only,FT_K3,raw_restored,0.2,0.24444444444444444,227,45,1
20,answer_only,FT_K3,regex_cached,0.05,0.13333333333333333,57,45,1
20,answer_only,FT_K3,regex_cached,0.1,0.13333333333333333,114,45,1
20,answer_only,FT_K3,regex_cached,0.2,0.15555555555555556,227,45,1
20,answer_only,FT_K3,regex_restored,0.05,0.13333333333333333,57,45,1
20,answer_only,FT_K3,regex_restored,0.1,0.13333333333333333,114,45,1
20,answer_only,FT_K3,regex_restored,0.2,0.15555555555555556,227,45,1
20,answer_only,FT_K3,regex_anchor_restored,0.05,0.15555555555555556,57,45,1
20,answer_only,FT_K3,regex_anchor_restored,0.1,0.15555555555555556,114,45,1
20,answer_only,FT_K3,regex_anchor_restored,0.2,0.15555555555555556,227,45,1
20,answer_only,FT_K3,native_token_restored,0.05,0.15555555555555556,57,45,1
20,answer_only,FT_K3,native_token_restored,0.1,0.15555555555555556,114,45,1
20,answer_only,FT_K3,native_token_restored,0.2,0.15555555555555556,227,45,1
21,answer_only,DT_target,raw_cached,0.05,0.325,70,40,1
21,answer_only,DT_target,raw_cached,0.1,0.55,139,40,1
21,answer_only,DT_target,raw_cached,0.2,0.725,277,40,1
21,answer_only,DT_target,raw_restored,0.05,0.325,70,40,1
21,answer_only,DT_target,raw_restored,0.1,0.55,139,40,1
21,answer_only,DT_target,raw_restored,0.2,0.725,277,40,1
21,answer_only,DT_target,regex_cached,0.05,0.35,70,40,1
21,answer_only,DT_target,regex_cached,0.1,1.0,139,40,1
21,answer_only,DT_target,regex_cached,0.2,1.0,277,40,1
21,answer_only,DT_target,regex_restored,0.05,0.35,70,40,1
21,answer_only,DT_target,regex_restored,0.1,1.0,139,40,1
21,answer_only,DT_target,regex_restored,0.2,1.0,277,40,1
21,answer_only,DT_target,regex_anchor_restored,0.05,0.35,70,40,1
21,answer_only,DT_target,regex_anchor_restored,0.1,1.0,139,40,1
21,answer_only,DT_target,regex_anchor_restored,0.2,1.0,277,40,1
21,answer_only,DT_target,native_token_restored,0.05,0.35,70,40,1
21,answer_only,DT_target,native_token_restored,0.1,1.0,139,40,1
21,answer_only,DT_target,native_token_restored,0.2,1.0,277,40,1
21,answer_only,FT_K1,raw_cached,0.05,0.5,70,40,1
21,answer_only,FT_K1,raw_cached,0.1,0.675,139,40,1
21,answer_only,FT_K1,raw_cached,0.2,0.8,277,40,1
21,answer_only,FT_K1,raw_restored,0.05,0.5,70,40,1
21,answer_only,FT_K1,raw_restored,0.1,0.675,139,40,1
21,answer_only,FT_K1,raw_restored,0.2,0.8,277,40,1
21,answer_only,FT_K1,regex_cached,0.05,1.0,70,40,1
21,answer_only,FT_K1,regex_cached,0.1,1.0,139,40,1
21,answer_only,FT_K1,regex_cached,0.2,1.0,277,40,1
21,answer_only,FT_K1,regex_restored,0.05,1.0,70,40,1
21,answer_only,FT_K1,regex_restored,0.1,1.0,139,40,1
21,answer_only,FT_K1,regex_restored,0.2,1.0,277,40,1
21,answer_only,FT_K1,regex_anchor_restored,0.05,1.0,70,40,1
21,answer_only,FT_K1,regex_anchor_restored,0.1,1.0,139,40,1
21,answer_only,FT_K1,regex_anchor_restored,0.2,1.0,277,40,1
21,answer_only,FT_K1,native_token_restored,0.05,0.925,70,40,1
21,answer_only,FT_K1,native_token_restored,0.1,1.0,139,40,1
21,answer_only,FT_K1,native_token_restored,0.2,1.0,277,40,1
21,answer_only,FT_K3,raw_cached,0.05,0.5,70,40,1
21,answer_only,FT_K3,raw_cached,0.1,0.675,139,40,1
21,answer_only,FT_K3,raw_cached,0.2,0.8,277,40,1
21,answer_only,FT_K3,raw_restored,0.05,0.5,70,40,1
21,answer_only,FT_K3,raw_restored,0.1,0.675,139,40,1
21,answer_only,FT_K3,raw_restored,0.2,0.8,277,40,1
21,answer_only,FT_K3,regex_cached,0.05,0.95,70,40,1
21,answer_only,FT_K3,regex_cached,0.1,1.0,139,40,1
21,answer_only,FT_K3,regex_cached,0.2,1.0,277,40,1
21,answer_only,FT_K3,regex_restored,0.05,0.95,70,40,1
21,answer_only,FT_K3,regex_restored,0.1,1.0,139,40,1
21,answer_only,FT_K3,regex_restored,0.2,1.0,277,40,1
21,answer_only,FT_K3,regex_anchor_restored,0.05,1.0,70,40,1
21,answer_only,FT_K3,regex_anchor_restored,0.1,1.0,139,40,1
21,answer_only,FT_K3,regex_anchor_restored,0.2,1.0,277,40,1
21,answer_only,FT_K3,native_token_restored,0.05,0.925,70,40,1
21,answer_only,FT_K3,native_token_restored,0.1,1.0,139,40,1
21,answer_only,FT_K3,native_token_restored,0.2,1.0,277,40,1
22,answer_only,DT_target,raw_cached,0.05,0.6909090909090909,146,55,1
22,answer_only,DT_target,raw_cached,0.1,0.7818181818181819,292,55,1
22,answer_only,DT_target,raw_cached,0.2,0.8545454545454545,583,55,1
22,answer_only,DT_target,raw_restored,0.05,0.6909090909090909,146,55,1
22,answer_only,DT_target,raw_restored,0.1,0.7818181818181819,292,55,1
22,answer_only,DT_target,raw_restored,0.2,0.8545454545454545,583,55,1
22,answer_only,DT_target,regex_cached,0.05,1.0,146,55,1
22,answer_only,DT_target,regex_cached,0.1,1.0,292,55,1
22,answer_only,DT_target,regex_cached,0.2,1.0,583,55,1
22,answer_only,DT_target,regex_restored,0.05,1.0,146,55,1
22,answer_only,DT_target,regex_restored,0.1,1.0,292,55,1
22,answer_only,DT_target,regex_restored,0.2,1.0,583,55,1
22,answer_only,DT_target,regex_anchor_restored,0.05,1.0,146,55,1
22,answer_only,DT_target,regex_anchor_restored,0.1,1.0,292,55,1
22,answer_only,DT_target,regex_anchor_restored,0.2,1.0,583,55,1
22,answer_only,DT_target,native_token_restored,0.05,1.0,146,55,1
22,answer_only,DT_target,native_token_restored,0.1,1.0,292,55,1
22,answer_only,DT_target,native_token_restored,0.2,1.0,583,55,1
22,answer_only,FT_K1,raw_cached,0.05,0.6363636363636364,146,55,1
22,answer_only,FT_K1,raw_cached,0.1,0.6909090909090909,292,55,1
22,answer_only,FT_K1,raw_cached,0.2,0.9636363636363636,583,55,1
22,answer_only,FT_K1,raw_restored,0.05,0.6363636363636364,146,55,1
22,answer_only,FT_K1,raw_restored,0.1,0.6909090909090909,292,55,1
22,answer_only,FT_K1,raw_restored,0.2,0.9636363636363636,583,55,1
22,answer_only,FT_K1,regex_cached,0.05,0.9818181818181818,146,55,1
22,answer_only,FT_K1,regex_cached,0.1,1.0,292,55,1
22,answer_only,FT_K1,regex_cached,0.2,1.0,583,55,1
22,answer_only,FT_K1,regex_restored,0.05,0.9818181818181818,146,55,1
22,answer_only,FT_K1,regex_restored,0.1,1.0,292,55,1
22,answer_only,FT_K1,regex_restored,0.2,1.0,583,55,1
22,answer_only,FT_K1,regex_anchor_restored,0.05,1.0,146,55,1
22,answer_only,FT_K1,regex_anchor_restored,0.1,1.0,292,55,1
22,answer_only,FT_K1,regex_anchor_restored,0.2,1.0,583,55,1
22,answer_only,FT_K1,native_token_restored,0.05,1.0,146,55,1
22,answer_only,FT_K1,native_token_restored,0.1,1.0,292,55,1
22,answer_only,FT_K1,native_token_restored,0.2,1.0,583,55,1
22,answer_only,FT_K3,raw_cached,0.05,0.6363636363636364,146,55,1
22,answer_only,FT_K3,raw_cached,0.1,0.6909090909090909,292,55,1
22,answer_only,FT_K3,raw_cached,0.2,0.9636363636363636,583,55,1
22,answer_only,FT_K3,raw_restored,0.05,0.6363636363636364,146,55,1
22,answer_only,FT_K3,raw_restored,0.1,0.6909090909090909,292,55,1
22,answer_only,FT_K3,raw_restored,0.2,0.9636363636363636,583,55,1
22,answer_only,FT_K3,regex_cached,0.05,0.9818181818181818,146,55,1
22,answer_only,FT_K3,regex_cached,0.1,1.0,292,55,1
22,answer_only,FT_K3,regex_cached,0.2,1.0,583,55,1
22,answer_only,FT_K3,regex_restored,0.05,0.9818181818181818,146,55,1
22,answer_only,FT_K3,regex_restored,0.1,1.0,292,55,1
22,answer_only,FT_K3,regex_restored,0.2,1.0,583,55,1
22,answer_only,FT_K3,regex_anchor_restored,0.05,1.0,146,55,1
22,answer_only,FT_K3,regex_anchor_restored,0.1,1.0,292,55,1
22,answer_only,FT_K3,regex_anchor_restored,0.2,1.0,583,55,1
22,answer_only,FT_K3,native_token_restored,0.05,1.0,146,55,1
22,answer_only,FT_K3,native_token_restored,0.1,1.0,292,55,1
22,answer_only,FT_K3,native_token_restored,0.2,1.0,583,55,1
23,answer_only,DT_target,raw_cached,0.05,0.1827956989247312,66,93,0.7096774193548387
23,answer_only,DT_target,raw_cached,0.1,0.3225806451612903,131,93,1
23,answer_only,DT_target,raw_cached,0.2,0.41935483870967744,261,93,1
23,answer_only,DT_target,raw_restored,0.05,0.1827956989247312,66,93,0.7096774193548387
23,answer_only,DT_target,raw_restored,0.1,0.3225806451612903,131,93,1
23,answer_only,DT_target,raw_restored,0.2,0.41935483870967744,261,93,1
23,answer_only,DT_target,regex_cached,0.05,0.26881720430107525,66,93,0.7096774193548387
23,answer_only,DT_target,regex_cached,0.1,0.9032258064516129,131,93,1
23,answer_only,DT_target,regex_cached,0.2,1.0,261,93,1
23,answer_only,DT_target,regex_restored,0.05,0.26881720430107525,66,93,0.7096774193548387
23,answer_only,DT_target,regex_restored,0.1,0.9032258064516129,131,93,1
23,answer_only,DT_target,regex_restored,0.2,1.0,261,93,1
23,answer_only,DT_target,regex_anchor_restored,0.05,0.27956989247311825,66,93,0.7096774193548387
23,answer_only,DT_target,regex_anchor_restored,0.1,0.8494623655913979,131,93,1
23,answer_only,DT_target,regex_anchor_restored,0.2,1.0,261,93,1
23,answer_only,DT_target,native_token_restored,0.05,0.27956989247311825,66,93,0.7096774193548387
23,answer_only,DT_target,native_token_restored,0.1,0.8387096774193549,131,93,1
23,answer_only,DT_target,native_token_restored,0.2,1.0,261,93,1
23,answer_only,FT_K1,raw_cached,0.05,0.23655913978494625,66,93,0.7096774193548387
23,answer_only,FT_K1,raw_cached,0.1,0.3978494623655914,131,93,1
23,answer_only,FT_K1,raw_cached,0.2,0.6666666666666666,261,93,1
23,answer_only,FT_K1,raw_restored,0.05,0.23655913978494625,66,93,0.7096774193548387
23,answer_only,FT_K1,raw_restored,0.1,0.3978494623655914,131,93,1
23,answer_only,FT_K1,raw_restored,0.2,0.6666666666666666,261,93,1
23,answer_only,FT_K1,regex_cached,0.05,0.3225806451612903,66,93,0.7096774193548387
23,answer_only,FT_K1,regex_cached,0.1,0.46236559139784944,131,93,1
23,answer_only,FT_K1,regex_cached,0.2,1.0,261,93,1
23,answer_only,FT_K1,regex_restored,0.05,0.3225806451612903,66,93,0.7096774193548387
23,answer_only,FT_K1,regex_restored,0.1,0.46236559139784944,131,93,1
23,answer_only,FT_K1,regex_restored,0.2,1.0,261,93,1
23,answer_only,FT_K1,regex_anchor_restored,0.05,0.3870967741935484,66,93,0.7096774193548387
23,answer_only,FT_K1,regex_anchor_restored,0.1,0.46236559139784944,131,93,1
23,answer_only,FT_K1,regex_anchor_restored,0.2,1.0,261,93,1
23,answer_only,FT_K1,native_token_restored,0.05,0.2903225806451613,66,93,0.7096774193548387
23,answer_only,FT_K1,native_token_restored,0.1,0.46236559139784944,131,93,1
23,answer_only,FT_K1,native_token_restored,0.2,1.0,261,93,1
23,answer_only,FT_K3,raw_cached,0.05,0.25806451612903225,66,93,0.7096774193548387
23,answer_only,FT_K3,raw_cached,0.1,0.40860215053763443,131,93,1
23,answer_only,FT_K3,raw_cached,0.2,0.6881720430107527,261,93,1
23,answer_only,FT_K3,raw_restored,0.05,0.25806451612903225,66,93,0.7096774193548387
23,answer_only,FT_K3,raw_restored,0.1,0.40860215053763443,131,93,1
23,answer_only,FT_K3,raw_restored,0.2,0.6881720430107527,261,93,1
23,answer_only,FT_K3,regex_cached,0.05,0.46236559139784944,66,93,0.7096774193548387
23,answer_only,FT_K3,regex_cached,0.1,0.46236559139784944,131,93,1
23,answer_only,FT_K3,regex_cached,0.2,1.0,261,93,1
23,answer_only,FT_K3,regex_restored,0.05,0.46236559139784944,66,93,0.7096774193548387
23,answer_only,FT_K3,regex_restored,0.1,0.46236559139784944,131,93,1
23,answer_only,FT_K3,regex_restored,0.2,1.0,261,93,1
23,answer_only,FT_K3,regex_anchor_restored,0.05,0.46236559139784944,66,93,0.7096774193548387
23,answer_only,FT_K3,regex_anchor_restored,0.1,0.46236559139784944,131,93,1
23,answer_only,FT_K3,regex_anchor_restored,0.2,1.0,261,93,1
23,answer_only,FT_K3,native_token_restored,0.05,0.46236559139784944,66,93,0.7096774193548387
23,answer_only,FT_K3,native_token_restored,0.1,0.46236559139784944,131,93,1
23,answer_only,FT_K3,native_token_restored,0.2,1.0,261,93,1
24,answer_only,DT_target,raw_cached,0.05,0.30434782608695654,59,69,0.855072463768116
24,answer_only,DT_target,raw_cached,0.1,0.4782608695652174,117,69,1
24,answer_only,DT_target,raw_cached,0.2,0.5652173913043478,233,69,1
24,answer_only,DT_target,raw_restored,0.05,0.30434782608695654,59,69,0.855072463768116
24,answer_only,DT_target,raw_restored,0.1,0.4782608695652174,117,69,1
24,answer_only,DT_target,raw_restored,0.2,0.5652173913043478,233,69,1
24,answer_only,DT_target,regex_cached,0.05,0.36231884057971014,59,69,0.855072463768116
24,answer_only,DT_target,regex_cached,0.1,0.6376811594202898,117,69,1
24,answer_only,DT_target,regex_cached,0.2,1.0,233,69,1
24,answer_only,DT_target,regex_restored,0.05,0.36231884057971014,59,69,0.855072463768116
24,answer_only,DT_target,regex_restored,0.1,0.6376811594202898,117,69,1
24,answer_only,DT_target,regex_restored,0.2,1.0,233,69,1
24,answer_only,DT_target,regex_anchor_restored,0.05,0.36231884057971014,59,69,0.855072463768116
24,answer_only,DT_target,regex_anchor_restored,0.1,0.6231884057971014,117,69,1
24,answer_only,DT_target,regex_anchor_restored,0.2,1.0,233,69,1
24,answer_only,DT_target,native_token_restored,0.05,0.34782608695652173,59,69,0.855072463768116
24,answer_only,DT_target,native_token_restored,0.1,0.6231884057971014,117,69,1
24,answer_only,DT_target,native_token_restored,0.2,1.0,233,69,1
24,answer_only,FT_K1,raw_cached,0.05,0.2463768115942029,59,69,0.855072463768116
24,answer_only,FT_K1,raw_cached,0.1,0.30434782608695654,117,69,1
24,answer_only,FT_K1,raw_cached,0.2,0.37681159420289856,233,69,1
24,answer_only,FT_K1,raw_restored,0.05,0.2463768115942029,59,69,0.855072463768116
24,answer_only,FT_K1,raw_restored,0.1,0.30434782608695654,117,69,1
24,answer_only,FT_K1,raw_restored,0.2,0.37681159420289856,233,69,1
24,answer_only,FT_K1,regex_cached,0.05,0.34782608695652173,59,69,0.855072463768116
24,answer_only,FT_K1,regex_cached,0.1,0.34782608695652173,117,69,1
24,answer_only,FT_K1,regex_cached,0.2,0.6376811594202898,233,69,1
24,answer_only,FT_K1,regex_restored,0.05,0.34782608695652173,59,69,0.855072463768116
24,answer_only,FT_K1,regex_restored,0.1,0.34782608695652173,117,69,1
24,answer_only,FT_K1,regex_restored,0.2,0.6376811594202898,233,69,1
24,answer_only,FT_K1,regex_anchor_restored,0.05,0.34782608695652173,59,69,0.855072463768116
24,answer_only,FT_K1,regex_anchor_restored,0.1,0.34782608695652173,117,69,1
24,answer_only,FT_K1,regex_anchor_restored,0.2,0.6231884057971014,233,69,1
24,answer_only,FT_K1,native_token_restored,0.05,0.34782608695652173,59,69,0.855072463768116
24,answer_only,FT_K1,native_token_restored,0.1,0.34782608695652173,117,69,1
24,answer_only,FT_K1,native_token_restored,0.2,0.6231884057971014,233,69,1
24,answer_only,FT_K3,raw_cached,0.05,0.2463768115942029,59,69,0.855072463768116
24,answer_only,FT_K3,raw_cached,0.1,0.30434782608695654,117,69,1
24,answer_only,FT_K3,raw_cached,0.2,0.37681159420289856,233,69,1
24,answer_only,FT_K3,raw_restored,0.05,0.2463768115942029,59,69,0.855072463768116
24,answer_only,FT_K3,raw_restored,0.1,0.30434782608695654,117,69,1
24,answer_only,FT_K3,raw_restored,0.2,0.37681159420289856,233,69,1
24,answer_only,FT_K3,regex_cached,0.05,0.34782608695652173,59,69,0.855072463768116
24,answer_only,FT_K3,regex_cached,0.1,0.34782608695652173,117,69,1
24,answer_only,FT_K3,regex_cached,0.2,0.6376811594202898,233,69,1
24,answer_only,FT_K3,regex_restored,0.05,0.34782608695652173,59,69,0.855072463768116
24,answer_only,FT_K3,regex_restored,0.1,0.34782608695652173,117,69,1
24,answer_only,FT_K3,regex_restored,0.2,0.6376811594202898,233,69,1
24,answer_only,FT_K3,regex_anchor_restored,0.05,0.34782608695652173,59,69,0.855072463768116
24,answer_only,FT_K3,regex_anchor_restored,0.1,0.34782608695652173,117,69,1
24,answer_only,FT_K3,regex_anchor_restored,0.2,0.6231884057971014,233,69,1
24,answer_only,FT_K3,native_token_restored,0.05,0.34782608695652173,59,69,0.855072463768116
24,answer_only,FT_K3,native_token_restored,0.1,0.34782608695652173,117,69,1
24,answer_only,FT_K3,native_token_restored,0.2,0.6231884057971014,233,69,1
25,answer_only,DT_target,raw_cached,0.05,0.34782608695652173,85,69,1
25,answer_only,DT_target,raw_cached,0.1,0.5507246376811594,169,69,1
25,answer_only,DT_target,raw_cached,0.2,0.6956521739130435,337,69,1
25,answer_only,DT_target,raw_restored,0.05,0.34782608695652173,85,69,1
25,answer_only,DT_target,raw_restored,0.1,0.5507246376811594,169,69,1
25,answer_only,DT_target,raw_restored,0.2,0.6956521739130435,337,69,1
25,answer_only,DT_target,regex_cached,0.05,0.6521739130434783,85,69,1
25,answer_only,DT_target,regex_cached,0.1,0.6666666666666666,169,69,1
25,answer_only,DT_target,regex_cached,0.2,1.0,337,69,1
25,answer_only,DT_target,regex_restored,0.05,0.6521739130434783,85,69,1
25,answer_only,DT_target,regex_restored,0.1,0.6666666666666666,169,69,1
25,answer_only,DT_target,regex_restored,0.2,1.0,337,69,1
25,answer_only,DT_target,regex_anchor_restored,0.05,0.42028985507246375,85,69,1
25,answer_only,DT_target,regex_anchor_restored,0.1,0.6666666666666666,169,69,1
25,answer_only,DT_target,regex_anchor_restored,0.2,1.0,337,69,1
25,answer_only,DT_target,native_token_restored,0.05,0.42028985507246375,85,69,1
25,answer_only,DT_target,native_token_restored,0.1,0.6521739130434783,169,69,1
25,answer_only,DT_target,native_token_restored,0.2,1.0,337,69,1
25,answer_only,FT_K1,raw_cached,0.05,0.391304347826087,85,69,1
25,answer_only,FT_K1,raw_cached,0.1,0.4782608695652174,169,69,1
25,answer_only,FT_K1,raw_cached,0.2,0.6231884057971014,337,69,1
25,answer_only,FT_K1,raw_restored,0.05,0.391304347826087,85,69,1
25,answer_only,FT_K1,raw_restored,0.1,0.4782608695652174,169,69,1
25,answer_only,FT_K1,raw_restored,0.2,0.6231884057971014,337,69,1
25,answer_only,FT_K1,regex_cached,0.05,0.463768115942029,85,69,1
25,answer_only,FT_K1,regex_cached,0.1,0.8260869565217391,169,69,1
25,answer_only,FT_K1,regex_cached,0.2,0.9855072463768116,337,69,1
25,answer_only,FT_K1,regex_restored,0.05,0.463768115942029,85,69,1
25,answer_only,FT_K1,regex_restored,0.1,0.8260869565217391,169,69,1
25,answer_only,FT_K1,regex_restored,0.2,0.9855072463768116,337,69,1
25,answer_only,FT_K1,regex_anchor_restored,0.05,0.4927536231884058,85,69,1
25,answer_only,FT_K1,regex_anchor_restored,0.1,0.8260869565217391,169,69,1
25,answer_only,FT_K1,regex_anchor_restored,0.2,1.0,337,69,1
25,answer_only,FT_K1,native_token_restored,0.05,0.4927536231884058,85,69,1
25,answer_only,FT_K1,native_token_restored,0.1,0.8260869565217391,169,69,1
25,answer_only,FT_K1,native_token_restored,0.2,1.0,337,69,1
25,answer_only,FT_K3,raw_cached,0.05,0.391304347826087,85,69,1
25,answer_only,FT_K3,raw_cached,0.1,0.4782608695652174,169,69,1
25,answer_only,FT_K3,raw_cached,0.2,0.6231884057971014,337,69,1
25,answer_only,FT_K3,raw_restored,0.05,0.391304347826087,85,69,1
25,answer_only,FT_K3,raw_restored,0.1,0.4782608695652174,169,69,1
25,answer_only,FT_K3,raw_restored,0.2,0.6231884057971014,337,69,1
25,answer_only,FT_K3,regex_cached,0.05,0.4927536231884058,85,69,1
25,answer_only,FT_K3,regex_cached,0.1,0.8260869565217391,169,69,1
25,answer_only,FT_K3,regex_cached,0.2,0.9855072463768116,337,69,1
25,answer_only,FT_K3,regex_restored,0.05,0.4927536231884058,85,69,1
25,answer_only,FT_K3,regex_restored,0.1,0.8260869565217391,169,69,1
25,answer_only,FT_K3,regex_restored,0.2,0.9855072463768116,337,69,1
25,answer_only,FT_K3,regex_anchor_restored,0.05,0.4927536231884058,85,69,1
25,answer_only,FT_K3,regex_anchor_restored,0.1,0.8260869565217391,169,69,1
25,answer_only,FT_K3,regex_anchor_restored,0.2,1.0,337,69,1
25,answer_only,FT_K3,native_token_restored,0.05,0.4927536231884058,85,69,1
25,answer_only,FT_K3,native_token_restored,0.1,0.8260869565217391,169,69,1
25,answer_only,FT_K3,native_token_restored,0.2,1.0,337,69,1
26,answer_only,DT_target,raw_cached,0.05,0.1875,54,144,0.375
26,answer_only,DT_target,raw_cached,0.1,0.3263888888888889,108,144,0.75
26,answer_only,DT_target,raw_cached,0.2,0.4722222222222222,216,144,1
26,answer_only,DT_target,raw_restored,0.05,0.1875,54,144,0.375
26,answer_only,DT_target,raw_restored,0.1,0.3263888888888889,108,144,0.75
26,answer_only,DT_target,raw_restored,0.2,0.4722222222222222,216,144,1
26,answer_only,DT_target,regex_cached,0.05,0.375,54,144,0.375
26,answer_only,DT_target,regex_cached,0.1,0.4305555555555556,108,144,0.75
26,answer_only,DT_target,regex_cached,0.2,0.4305555555555556,216,144,1
26,answer_only,DT_target,regex_restored,0.05,0.375,54,144,0.375
26,answer_only,DT_target,regex_restored,0.1,0.4305555555555556,108,144,0.75
26,answer_only,DT_target,regex_restored,0.2,0.4305555555555556,216,144,1
26,answer_only,DT_target,regex_anchor_restored,0.05,0.375,54,144,0.375
26,answer_only,DT_target,regex_anchor_restored,0.1,0.4305555555555556,108,144,0.75
26,answer_only,DT_target,regex_anchor_restored,0.2,0.4305555555555556,216,144,1
26,answer_only,DT_target,native_token_restored,0.05,0.375,54,144,0.375
26,answer_only,DT_target,native_token_restored,0.1,0.4305555555555556,108,144,0.75
26,answer_only,DT_target,native_token_restored,0.2,0.4305555555555556,216,144,1
26,answer_only,FT_K1,raw_cached,0.05,0.14583333333333334,54,144,0.375
26,answer_only,FT_K1,raw_cached,0.1,0.18055555555555555,108,144,0.75
26,answer_only,FT_K1,raw_cached,0.2,0.2638888888888889,216,144,1
26,answer_only,FT_K1,raw_restored,0.05,0.14583333333333334,54,144,0.375
26,answer_only,FT_K1,raw_restored,0.1,0.18055555555555555,108,144,0.75
26,answer_only,FT_K1,raw_restored,0.2,0.2638888888888889,216,144,1
26,answer_only,FT_K1,regex_cached,0.05,0.3680555555555556,54,144,0.375
26,answer_only,FT_K1,regex_cached,0.1,0.4305555555555556,108,144,0.75
26,answer_only,FT_K1,regex_cached,0.2,0.4305555555555556,216,144,1
26,answer_only,FT_K1,regex_restored,0.05,0.3680555555555556,54,144,0.375
26,answer_only,FT_K1,regex_restored,0.1,0.4305555555555556,108,144,0.75
26,answer_only,FT_K1,regex_restored,0.2,0.4305555555555556,216,144,1
26,answer_only,FT_K1,regex_anchor_restored,0.05,0.375,54,144,0.375
26,answer_only,FT_K1,regex_anchor_restored,0.1,0.4305555555555556,108,144,0.75
26,answer_only,FT_K1,regex_anchor_restored,0.2,0.4305555555555556,216,144,1
26,answer_only,FT_K1,native_token_restored,0.05,0.375,54,144,0.375
26,answer_only,FT_K1,native_token_restored,0.1,0.4305555555555556,108,144,0.75
26,answer_only,FT_K1,native_token_restored,0.2,0.4305555555555556,216,144,1
26,answer_only,FT_K3,raw_cached,0.05,0.14583333333333334,54,144,0.375
26,answer_only,FT_K3,raw_cached,0.1,0.18055555555555555,108,144,0.75
26,answer_only,FT_K3,raw_cached,0.2,0.2708333333333333,216,144,1
26,answer_only,FT_K3,raw_restored,0.05,0.14583333333333334,54,144,0.375
26,answer_only,FT_K3,raw_restored,0.1,0.18055555555555555,108,144,0.75
26,answer_only,FT_K3,raw_restored,0.2,0.2708333333333333,216,144,1
26,answer_only,FT_K3,regex_cached,0.05,0.3680555555555556,54,144,0.375
26,answer_only,FT_K3,regex_cached,0.1,0.4305555555555556,108,144,0.75
26,answer_only,FT_K3,regex_cached,0.2,0.4305555555555556,216,144,1
26,answer_only,FT_K3,regex_restored,0.05,0.3680555555555556,54,144,0.375
26,answer_only,FT_K3,regex_restored,0.1,0.4305555555555556,108,144,0.75
26,answer_only,FT_K3,regex_restored,0.2,0.4305555555555556,216,144,1
26,answer_only,FT_K3,regex_anchor_restored,0.05,0.375,54,144,0.375
26,answer_only,FT_K3,regex_anchor_restored,0.1,0.4305555555555556,108,144,0.75
26,answer_only,FT_K3,regex_anchor_restored,0.2,0.4305555555555556,216,144,1
26,answer_only,FT_K3,native_token_restored,0.05,0.375,54,144,0.375
26,answer_only,FT_K3,native_token_restored,0.1,0.4305555555555556,108,144,0.75
26,answer_only,FT_K3,native_token_restored,0.2,0.4305555555555556,216,144,1
27,answer_only,DT_target,raw_cached,0.05,0.2835820895522388,83,67,1
27,answer_only,DT_target,raw_cached,0.1,0.40298507462686567,165,67,1
27,answer_only,DT_target,raw_cached,0.2,0.582089552238806,330,67,1
27,answer_only,DT_target,raw_restored,0.05,0.2835820895522388,83,67,1
27,answer_only,DT_target,raw_restored,0.1,0.40298507462686567,165,67,1
27,answer_only,DT_target,raw_restored,0.2,0.582089552238806,330,67,1
27,answer_only,DT_target,regex_cached,0.05,0.7313432835820896,83,67,1
27,answer_only,DT_target,regex_cached,0.1,1.0,165,67,1
27,answer_only,DT_target,regex_cached,0.2,1.0,330,67,1
27,answer_only,DT_target,regex_restored,0.05,0.7313432835820896,83,67,1
27,answer_only,DT_target,regex_restored,0.1,1.0,165,67,1
27,answer_only,DT_target,regex_restored,0.2,1.0,330,67,1
27,answer_only,DT_target,regex_anchor_restored,0.05,0.7910447761194029,83,67,1
27,answer_only,DT_target,regex_anchor_restored,0.1,1.0,165,67,1
27,answer_only,DT_target,regex_anchor_restored,0.2,1.0,330,67,1
27,answer_only,DT_target,native_token_restored,0.05,0.8208955223880597,83,67,1
27,answer_only,DT_target,native_token_restored,0.1,1.0,165,67,1
27,answer_only,DT_target,native_token_restored,0.2,1.0,330,67,1
27,answer_only,FT_K1,raw_cached,0.05,0.31343283582089554,83,67,1
27,answer_only,FT_K1,raw_cached,0.1,0.4925373134328358,165,67,1
27,answer_only,FT_K1,raw_cached,0.2,0.6417910447761194,330,67,1
27,answer_only,FT_K1,raw_restored,0.05,0.31343283582089554,83,67,1
27,answer_only,FT_K1,raw_restored,0.1,0.4925373134328358,165,67,1
27,answer_only,FT_K1,raw_restored,0.2,0.6417910447761194,330,67,1
27,answer_only,FT_K1,regex_cached,0.05,0.835820895522388,83,67,1
27,answer_only,FT_K1,regex_cached,0.1,1.0,165,67,1
27,answer_only,FT_K1,regex_cached,0.2,1.0,330,67,1
27,answer_only,FT_K1,regex_restored,0.05,0.835820895522388,83,67,1
27,answer_only,FT_K1,regex_restored,0.1,1.0,165,67,1
27,answer_only,FT_K1,regex_restored,0.2,1.0,330,67,1
27,answer_only,FT_K1,regex_anchor_restored,0.05,0.9104477611940298,83,67,1
27,answer_only,FT_K1,regex_anchor_restored,0.1,1.0,165,67,1
27,answer_only,FT_K1,regex_anchor_restored,0.2,1.0,330,67,1
27,answer_only,FT_K1,native_token_restored,0.05,0.8955223880597015,83,67,1
27,answer_only,FT_K1,native_token_restored,0.1,1.0,165,67,1
27,answer_only,FT_K1,native_token_restored,0.2,1.0,330,67,1
27,answer_only,FT_K3,raw_cached,0.05,0.31343283582089554,83,67,1
27,answer_only,FT_K3,raw_cached,0.1,0.4925373134328358,165,67,1
27,answer_only,FT_K3,raw_cached,0.2,0.6417910447761194,330,67,1
27,answer_only,FT_K3,raw_restored,0.05,0.31343283582089554,83,67,1
27,answer_only,FT_K3,raw_restored,0.1,0.4925373134328358,165,67,1
27,answer_only,FT_K3,raw_restored,0.2,0.6417910447761194,330,67,1
27,answer_only,FT_K3,regex_cached,0.05,0.7910447761194029,83,67,1
27,answer_only,FT_K3,regex_cached,0.1,1.0,165,67,1
27,answer_only,FT_K3,regex_cached,0.2,1.0,330,67,1
27,answer_only,FT_K3,regex_restored,0.05,0.7910447761194029,83,67,1
27,answer_only,FT_K3,regex_restored,0.1,1.0,165,67,1
27,answer_only,FT_K3,regex_restored,0.2,1.0,330,67,1
27,answer_only,FT_K3,regex_anchor_restored,0.05,0.8656716417910447,83,67,1
27,answer_only,FT_K3,regex_anchor_restored,0.1,1.0,165,67,1
27,answer_only,FT_K3,regex_anchor_restored,0.2,1.0,330,67,1
27,answer_only,FT_K3,native_token_restored,0.05,0.8955223880597015,83,67,1
27,answer_only,FT_K3,native_token_restored,0.1,1.0,165,67,1
27,answer_only,FT_K3,native_token_restored,0.2,1.0,330,67,1
28,answer_only,DT_target,raw_cached,0.05,0.1292517006802721,49,147,0.3333333333333333
28,answer_only,DT_target,raw_cached,0.1,0.1836734693877551,98,147,0.6666666666666666
28,answer_only,DT_target,raw_cached,0.2,0.29931972789115646,195,147,1
28,answer_only,DT_target,raw_restored,0.05,0.1292517006802721,49,147,0.3333333333333333
28,answer_only,DT_target,raw_restored,0.1,0.1836734693877551,98,147,0.6666666666666666
28,answer_only,DT_target,raw_restored,0.2,0.29931972789115646,195,147,1
28,answer_only,DT_target,regex_cached,0.05,0.12244897959183673,49,147,0.3333333333333333
28,answer_only,DT_target,regex_cached,0.1,0.12244897959183673,98,147,0.6666666666666666
28,answer_only,DT_target,regex_cached,0.2,0.12244897959183673,195,147,1
28,answer_only,DT_target,regex_restored,0.05,0.12244897959183673,49,147,0.3333333333333333
28,answer_only,DT_target,regex_restored,0.1,0.12244897959183673,98,147,0.6666666666666666
28,answer_only,DT_target,regex_restored,0.2,0.12244897959183673,195,147,1
28,answer_only,DT_target,regex_anchor_restored,0.05,0.12244897959183673,49,147,0.3333333333333333
28,answer_only,DT_target,regex_anchor_restored,0.1,0.12244897959183673,98,147,0.6666666666666666
28,answer_only,DT_target,regex_anchor_restored,0.2,0.12244897959183673,195,147,1
28,answer_only,DT_target,native_token_restored,0.05,0.12244897959183673,49,147,0.3333333333333333
28,answer_only,DT_target,native_token_restored,0.1,0.12244897959183673,98,147,0.6666666666666666
28,answer_only,DT_target,native_token_restored,0.2,0.12244897959183673,195,147,1
28,answer_only,FT_K1,raw_cached,0.05,0.10884353741496598,49,147,0.3333333333333333
28,answer_only,FT_K1,raw_cached,0.1,0.1292517006802721,98,147,0.6666666666666666
28,answer_only,FT_K1,raw_cached,0.2,0.17006802721088435,195,147,1
28,answer_only,FT_K1,raw_restored,0.05,0.10884353741496598,49,147,0.3333333333333333
28,answer_only,FT_K1,raw_restored,0.1,0.1292517006802721,98,147,0.6666666666666666
28,answer_only,FT_K1,raw_restored,0.2,0.17006802721088435,195,147,1
28,answer_only,FT_K1,regex_cached,0.05,0.12244897959183673,49,147,0.3333333333333333
28,answer_only,FT_K1,regex_cached,0.1,0.12244897959183673,98,147,0.6666666666666666
28,answer_only,FT_K1,regex_cached,0.2,0.12244897959183673,195,147,1
28,answer_only,FT_K1,regex_restored,0.05,0.12244897959183673,49,147,0.3333333333333333
28,answer_only,FT_K1,regex_restored,0.1,0.12244897959183673,98,147,0.6666666666666666
28,answer_only,FT_K1,regex_restored,0.2,0.12244897959183673,195,147,1
28,answer_only,FT_K1,regex_anchor_restored,0.05,0.12244897959183673,49,147,0.3333333333333333
28,answer_only,FT_K1,regex_anchor_restored,0.1,0.12244897959183673,98,147,0.6666666666666666
28,answer_only,FT_K1,regex_anchor_restored,0.2,0.12244897959183673,195,147,1
28,answer_only,FT_K1,native_token_restored,0.05,0.12244897959183673,49,147,0.3333333333333333
28,answer_only,FT_K1,native_token_restored,0.1,0.12244897959183673,98,147,0.6666666666666666
28,answer_only,FT_K1,native_token_restored,0.2,0.12244897959183673,195,147,1
28,answer_only,FT_K3,raw_cached,0.05,0.10884353741496598,49,147,0.3333333333333333
28,answer_only,FT_K3,raw_cached,0.1,0.1292517006802721,98,147,0.6666666666666666
28,answer_only,FT_K3,raw_cached,0.2,0.17006802721088435,195,147,1
28,answer_only,FT_K3,raw_restored,0.05,0.10884353741496598,49,147,0.3333333333333333
28,answer_only,FT_K3,raw_restored,0.1,0.1292517006802721,98,147,0.6666666666666666
28,answer_only,FT_K3,raw_restored,0.2,0.17006802721088435,195,147,1
28,answer_only,FT_K3,regex_cached,0.05,0.12244897959183673,49,147,0.3333333333333333
28,answer_only,FT_K3,regex_cached,0.1,0.12244897959183673,98,147,0.6666666666666666
28,answer_only,FT_K3,regex_cached,0.2,0.12244897959183673,195,147,1
28,answer_only,FT_K3,regex_restored,0.05,0.12244897959183673,49,147,0.3333333333333333
28,answer_only,FT_K3,regex_restored,0.1,0.12244897959183673,98,147,0.6666666666666666
28,answer_only,FT_K3,regex_restored,0.2,0.12244897959183673,195,147,1
28,answer_only,FT_K3,regex_anchor_restored,0.05,0.12244897959183673,49,147,0.3333333333333333
28,answer_only,FT_K3,regex_anchor_restored,0.1,0.12244897959183673,98,147,0.6666666666666666
28,answer_only,FT_K3,regex_anchor_restored,0.2,0.12244897959183673,195,147,1
28,answer_only,FT_K3,native_token_restored,0.05,0.12244897959183673,49,147,0.3333333333333333
28,answer_only,FT_K3,native_token_restored,0.1,0.12244897959183673,98,147,0.6666666666666666
28,answer_only,FT_K3,native_token_restored,0.2,0.12244897959183673,195,147,1
29,answer_only,DT_target,raw_cached,0.05,0.22093023255813954,45,86,0.5232558139534884
29,answer_only,DT_target,raw_cached,0.1,0.3953488372093023,89,86,1
29,answer_only,DT_target,raw_cached,0.2,0.6046511627906976,178,86,1
29,answer_only,DT_target,raw_restored,0.05,0.22093023255813954,45,86,0.5232558139534884
29,answer_only,DT_target,raw_restored,0.1,0.3953488372093023,89,86,1
29,answer_only,DT_target,raw_restored,0.2,0.6046511627906976,178,86,1
29,answer_only,DT_target,regex_cached,0.05,0.4186046511627907,45,86,0.5232558139534884
29,answer_only,DT_target,regex_cached,0.1,0.47674418604651164,89,86,1
29,answer_only,DT_target,regex_cached,0.2,0.8953488372093024,178,86,1
29,answer_only,DT_target,regex_restored,0.05,0.4186046511627907,45,86,0.5232558139534884
29,answer_only,DT_target,regex_restored,0.1,0.47674418604651164,89,86,1
29,answer_only,DT_target,regex_restored,0.2,0.8953488372093024,178,86,1
29,answer_only,DT_target,regex_anchor_restored,0.05,0.4186046511627907,45,86,0.5232558139534884
29,answer_only,DT_target,regex_anchor_restored,0.1,0.4883720930232558,89,86,1
29,answer_only,DT_target,regex_anchor_restored,0.2,0.8953488372093024,178,86,1
29,answer_only,DT_target,native_token_restored,0.05,0.45348837209302323,45,86,0.5232558139534884
29,answer_only,DT_target,native_token_restored,0.1,0.5232558139534884,89,86,1
29,answer_only,DT_target,native_token_restored,0.2,1.0,178,86,1
29,answer_only,FT_K1,raw_cached,0.05,0.13953488372093023,45,86,0.5232558139534884
29,answer_only,FT_K1,raw_cached,0.1,0.18604651162790697,89,86,1
29,answer_only,FT_K1,raw_cached,0.2,0.26744186046511625,178,86,1
29,answer_only,FT_K1,raw_restored,0.05,0.13953488372093023,45,86,0.5232558139534884
29,answer_only,FT_K1,raw_restored,0.1,0.18604651162790697,89,86,1
29,answer_only,FT_K1,raw_restored,0.2,0.26744186046511625,178,86,1
29,answer_only,FT_K1,regex_cached,0.05,0.4186046511627907,45,86,0.5232558139534884
29,answer_only,FT_K1,regex_cached,0.1,0.627906976744186,89,86,1
29,answer_only,FT_K1,regex_cached,0.2,0.7325581395348837,178,86,1
29,answer_only,FT_K1,regex_restored,0.05,0.4186046511627907,45,86,0.5232558139534884
29,answer_only,FT_K1,regex_restored,0.1,0.627906976744186,89,86,1
29,answer_only,FT_K1,regex_restored,0.2,0.7325581395348837,178,86,1
29,answer_only,FT_K1,regex_anchor_restored,0.05,0.4186046511627907,45,86,0.5232558139534884
29,answer_only,FT_K1,regex_anchor_restored,0.1,0.6395348837209303,89,86,1
29,answer_only,FT_K1,regex_anchor_restored,0.2,0.7441860465116279,178,86,1
29,answer_only,FT_K1,native_token_restored,0.05,0.45348837209302323,45,86,0.5232558139534884
29,answer_only,FT_K1,native_token_restored,0.1,0.6395348837209303,89,86,1
29,answer_only,FT_K1,native_token_restored,0.2,0.7441860465116279,178,86,1
29,answer_only,FT_K3,raw_cached,0.05,0.13953488372093023,45,86,0.5232558139534884
29,answer_only,FT_K3,raw_cached,0.1,0.18604651162790697,89,86,1
29,answer_only,FT_K3,raw_cached,0.2,0.26744186046511625,178,86,1
29,answer_only,FT_K3,raw_restored,0.05,0.13953488372093023,45,86,0.5232558139534884
29,answer_only,FT_K3,raw_restored,0.1,0.18604651162790697,89,86,1
29,answer_only,FT_K3,raw_restored,0.2,0.26744186046511625,178,86,1
29,answer_only,FT_K3,regex_cached,0.05,0.4186046511627907,45,86,0.5232558139534884
29,answer_only,FT_K3,regex_cached,0.1,0.627906976744186,89,86,1
29,answer_only,FT_K3,regex_cached,0.2,0.7325581395348837,178,86,1
29,answer_only,FT_K3,regex_restored,0.05,0.4186046511627907,45,86,0.5232558139534884
29,answer_only,FT_K3,regex_restored,0.1,0.627906976744186,89,86,1
29,answer_only,FT_K3,regex_restored,0.2,0.7325581395348837,178,86,1
29,answer_only,FT_K3,regex_anchor_restored,0.05,0.4186046511627907,45,86,0.5232558139534884
29,answer_only,FT_K3,regex_anchor_restored,0.1,0.6395348837209303,89,86,1
29,answer_only,FT_K3,regex_anchor_restored,0.2,0.7441860465116279,178,86,1
29,answer_only,FT_K3,native_token_restored,0.05,0.45348837209302323,45,86,0.5232558139534884
29,answer_only,FT_K3,native_token_restored,0.1,0.6395348837209303,89,86,1
29,answer_only,FT_K3,native_token_restored,0.2,0.7441860465116279,178,86,1
30,answer_only,DT_target,raw_cached,0.05,0.23076923076923078,63,52,1
30,answer_only,DT_target,raw_cached,0.1,0.34615384615384615,125,52,1
30,answer_only,DT_target,raw_cached,0.2,0.4423076923076923,250,52,1
30,answer_only,DT_target,raw_restored,0.05,0.23076923076923078,63,52,1
30,answer_only,DT_target,raw_restored,0.1,0.34615384615384615,125,52,1
30,answer_only,DT_target,raw_restored,0.2,0.4423076923076923,250,52,1
30,answer_only,DT_target,regex_cached,0.05,0.28846153846153844,63,52,1
30,answer_only,DT_target,regex_cached,0.1,0.28846153846153844,125,52,1
30,answer_only,DT_target,regex_cached,0.2,0.28846153846153844,250,52,1
30,answer_only,DT_target,regex_restored,0.05,0.28846153846153844,63,52,1
30,answer_only,DT_target,regex_restored,0.1,0.28846153846153844,125,52,1
30,answer_only,DT_target,regex_restored,0.2,0.28846153846153844,250,52,1
30,answer_only,DT_target,regex_anchor_restored,0.05,0.28846153846153844,63,52,1
30,answer_only,DT_target,regex_anchor_restored,0.1,0.28846153846153844,125,52,1
30,answer_only,DT_target,regex_anchor_restored,0.2,0.28846153846153844,250,52,1
30,answer_only,DT_target,native_token_restored,0.05,0.28846153846153844,63,52,1
30,answer_only,DT_target,native_token_restored,0.1,0.28846153846153844,125,52,1
30,answer_only,DT_target,native_token_restored,0.2,0.28846153846153844,250,52,1
30,answer_only,FT_K1,raw_cached,0.05,0.019230769230769232,63,52,1
30,answer_only,FT_K1,raw_cached,0.1,0.038461538461538464,125,52,1
30,answer_only,FT_K1,raw_cached,0.2,0.17307692307692307,250,52,1
30,answer_only,FT_K1,raw_restored,0.05,0.019230769230769232,63,52,1
30,answer_only,FT_K1,raw_restored,0.1,0.038461538461538464,125,52,1
30,answer_only,FT_K1,raw_restored,0.2,0.17307692307692307,250,52,1
30,answer_only,FT_K1,regex_cached,0.05,0.0,63,52,1
30,answer_only,FT_K1,regex_cached,0.1,0.0,125,52,1
30,answer_only,FT_K1,regex_cached,0.2,0.0,250,52,1
30,answer_only,FT_K1,regex_restored,0.05,0.0,63,52,1
30,answer_only,FT_K1,regex_restored,0.1,0.0,125,52,1
30,answer_only,FT_K1,regex_restored,0.2,0.0,250,52,1
30,answer_only,FT_K1,regex_anchor_restored,0.05,0.0,63,52,1
30,answer_only,FT_K1,regex_anchor_restored,0.1,0.0,125,52,1
30,answer_only,FT_K1,regex_anchor_restored,0.2,0.0,250,52,1
30,answer_only,FT_K1,native_token_restored,0.05,0.0,63,52,1
30,answer_only,FT_K1,native_token_restored,0.1,0.0,125,52,1
30,answer_only,FT_K1,native_token_restored,0.2,0.0,250,52,1
30,answer_only,FT_K3,raw_cached,0.05,0.019230769230769232,63,52,1
30,answer_only,FT_K3,raw_cached,0.1,0.038461538461538464,125,52,1
30,answer_only,FT_K3,raw_cached,0.2,0.17307692307692307,250,52,1
30,answer_only,FT_K3,raw_restored,0.05,0.019230769230769232,63,52,1
30,answer_only,FT_K3,raw_restored,0.1,0.038461538461538464,125,52,1
30,answer_only,FT_K3,raw_restored,0.2,0.17307692307692307,250,52,1
30,answer_only,FT_K3,regex_cached,0.05,0.0,63,52,1
30,answer_only,FT_K3,regex_cached,0.1,0.0,125,52,1
30,answer_only,FT_K3,regex_cached,0.2,0.0,250,52,1
30,answer_only,FT_K3,regex_restored,0.05,0.0,63,52,1
30,answer_only,FT_K3,regex_restored,0.1,0.0,125,52,1
30,answer_only,FT_K3,regex_restored,0.2,0.0,250,52,1
30,answer_only,FT_K3,regex_anchor_restored,0.05,0.0,63,52,1
30,answer_only,FT_K3,regex_anchor_restored,0.1,0.0,125,52,1
30,answer_only,FT_K3,regex_anchor_restored,0.2,0.0,250,52,1
30,answer_only,FT_K3,native_token_restored,0.05,0.0,63,52,1
30,answer_only,FT_K3,native_token_restored,0.1,0.0,125,52,1
30,answer_only,FT_K3,native_token_restored,0.2,0.0,250,52,1
31,answer_only,DT_target,raw_cached,0.05,0.2807017543859649,86,57,1
31,answer_only,DT_target,raw_cached,0.1,0.3157894736842105,171,57,1
31,answer_only,DT_target,raw_cached,0.2,0.38596491228070173,342,57,1
31,answer_only,DT_target,raw_restored,0.05,0.2807017543859649,86,57,1
31,answer_only,DT_target,raw_restored,0.1,0.3157894736842105,171,57,1
31,answer_only,DT_target,raw_restored,0.2,0.38596491228070173,342,57,1
31,answer_only,DT_target,regex_cached,0.05,0.24561403508771928,86,57,1
31,answer_only,DT_target,regex_cached,0.1,0.7894736842105263,171,57,1
31,answer_only,DT_target,regex_cached,0.2,1.0,342,57,1
31,answer_only,DT_target,regex_restored,0.05,0.24561403508771928,86,57,1
31,answer_only,DT_target,regex_restored,0.1,0.7894736842105263,171,57,1
31,answer_only,DT_target,regex_restored,0.2,1.0,342,57,1
31,answer_only,DT_target,regex_anchor_restored,0.05,0.2982456140350877,86,57,1
31,answer_only,DT_target,regex_anchor_restored,0.1,1.0,171,57,1
31,answer_only,DT_target,regex_anchor_restored,0.2,1.0,342,57,1
31,answer_only,DT_target,native_token_restored,0.05,0.24561403508771928,86,57,1
31,answer_only,DT_target,native_token_restored,0.1,1.0,171,57,1
31,answer_only,DT_target,native_token_restored,0.2,1.0,342,57,1
31,answer_only,FT_K1,raw_cached,0.05,0.22807017543859648,86,57,1
31,answer_only,FT_K1,raw_cached,0.1,0.2807017543859649,171,57,1
31,answer_only,FT_K1,raw_cached,0.2,0.42105263157894735,342,57,1
31,answer_only,FT_K1,raw_restored,0.05,0.22807017543859648,86,57,1
31,answer_only,FT_K1,raw_restored,0.1,0.2807017543859649,171,57,1
31,answer_only,FT_K1,raw_restored,0.2,0.42105263157894735,342,57,1
31,answer_only,FT_K1,regex_cached,0.05,0.24561403508771928,86,57,1
31,answer_only,FT_K1,regex_cached,0.1,0.24561403508771928,171,57,1
31,answer_only,FT_K1,regex_cached,0.2,0.24561403508771928,342,57,1
31,answer_only,FT_K1,regex_restored,0.05,0.24561403508771928,86,57,1
31,answer_only,FT_K1,regex_restored,0.1,0.24561403508771928,171,57,1
31,answer_only,FT_K1,regex_restored,0.2,0.24561403508771928,342,57,1
31,answer_only,FT_K1,regex_anchor_restored,0.05,0.24561403508771928,86,57,1
31,answer_only,FT_K1,regex_anchor_restored,0.1,0.24561403508771928,171,57,1
31,answer_only,FT_K1,regex_anchor_restored,0.2,0.24561403508771928,342,57,1
31,answer_only,FT_K1,native_token_restored,0.05,0.24561403508771928,86,57,1
31,answer_only,FT_K1,native_token_restored,0.1,0.24561403508771928,171,57,1
31,answer_only,FT_K1,native_token_restored,0.2,0.24561403508771928,342,57,1
31,answer_only,FT_K3,raw_cached,0.05,0.22807017543859648,86,57,1
31,answer_only,FT_K3,raw_cached,0.1,0.2982456140350877,171,57,1
31,answer_only,FT_K3,raw_cached,0.2,0.40350877192982454,342,57,1
31,answer_only,FT_K3,raw_restored,0.05,0.22807017543859648,86,57,1
31,answer_only,FT_K3,raw_restored,0.1,0.2982456140350877,171,57,1
31,answer_only,FT_K3,raw_restored,0.2,0.40350877192982454,342,57,1
31,answer_only,FT_K3,regex_cached,0.05,0.24561403508771928,86,57,1
31,answer_only,FT_K3,regex_cached,0.1,0.24561403508771928,171,57,1
31,answer_only,FT_K3,regex_cached,0.2,0.24561403508771928,342,57,1
31,answer_only,FT_K3,regex_restored,0.05,0.24561403508771928,86,57,1
31,answer_only,FT_K3,regex_restored,0.1,0.24561403508771928,171,57,1
31,answer_only,FT_K3,regex_restored,0.2,0.24561403508771928,342,57,1
31,answer_only,FT_K3,regex_anchor_restored,0.05,0.24561403508771928,86,57,1
31,answer_only,FT_K3,regex_anchor_restored,0.1,0.24561403508771928,171,57,1
31,answer_only,FT_K3,regex_anchor_restored,0.2,0.24561403508771928,342,57,1
31,answer_only,FT_K3,native_token_restored,0.05,0.24561403508771928,86,57,1
31,answer_only,FT_K3,native_token_restored,0.1,0.24561403508771928,171,57,1
31,answer_only,FT_K3,native_token_restored,0.2,0.24561403508771928,342,57,1
32,answer_only,DT_target,raw_cached,0.05,0.07368421052631578,57,95,0.6
32,answer_only,DT_target,raw_cached,0.1,0.12631578947368421,114,95,1
32,answer_only,DT_target,raw_cached,0.2,0.18947368421052632,227,95,1
32,answer_only,DT_target,raw_restored,0.05,0.07368421052631578,57,95,0.6
32,answer_only,DT_target,raw_restored,0.1,0.12631578947368421,114,95,1
32,answer_only,DT_target,raw_restored,0.2,0.18947368421052632,227,95,1
32,answer_only,DT_target,regex_cached,0.05,0.08421052631578947,57,95,0.6
32,answer_only,DT_target,regex_cached,0.1,0.08421052631578947,114,95,1
32,answer_only,DT_target,regex_cached,0.2,0.08421052631578947,227,95,1
32,answer_only,DT_target,regex_restored,0.05,0.08421052631578947,57,95,0.6
32,answer_only,DT_target,regex_restored,0.1,0.08421052631578947,114,95,1
32,answer_only,DT_target,regex_restored,0.2,0.08421052631578947,227,95,1
32,answer_only,DT_target,regex_anchor_restored,0.05,0.09473684210526316,57,95,0.6
32,answer_only,DT_target,regex_anchor_restored,0.1,0.09473684210526316,114,95,1
32,answer_only,DT_target,regex_anchor_restored,0.2,0.09473684210526316,227,95,1
32,answer_only,DT_target,native_token_restored,0.05,0.09473684210526316,57,95,0.6
32,answer_only,DT_target,native_token_restored,0.1,0.09473684210526316,114,95,1
32,answer_only,DT_target,native_token_restored,0.2,0.09473684210526316,227,95,1
32,answer_only,FT_K1,raw_cached,0.05,0.21052631578947367,57,95,0.6
32,answer_only,FT_K1,raw_cached,0.1,0.30526315789473685,114,95,1
32,answer_only,FT_K1,raw_cached,0.2,0.37894736842105264,227,95,1
32,answer_only,FT_K1,raw_restored,0.05,0.21052631578947367,57,95,0.6
32,answer_only,FT_K1,raw_restored,0.1,0.30526315789473685,114,95,1
32,answer_only,FT_K1,raw_restored,0.2,0.37894736842105264,227,95,1
32,answer_only,FT_K1,regex_cached,0.05,0.43157894736842106,57,95,0.6
32,answer_only,FT_K1,regex_cached,0.1,0.43157894736842106,114,95,1
32,answer_only,FT_K1,regex_cached,0.2,0.43157894736842106,227,95,1
32,answer_only,FT_K1,regex_restored,0.05,0.43157894736842106,57,95,0.6
32,answer_only,FT_K1,regex_restored,0.1,0.43157894736842106,114,95,1
32,answer_only,FT_K1,regex_restored,0.2,0.43157894736842106,227,95,1
32,answer_only,FT_K1,regex_anchor_restored,0.05,0.4421052631578947,57,95,0.6
32,answer_only,FT_K1,regex_anchor_restored,0.1,0.4421052631578947,114,95,1
32,answer_only,FT_K1,regex_anchor_restored,0.2,0.4421052631578947,227,95,1
32,answer_only,FT_K1,native_token_restored,0.05,0.4421052631578947,57,95,0.6
32,answer_only,FT_K1,native_token_restored,0.1,0.4421052631578947,114,95,1
32,answer_only,FT_K1,native_token_restored,0.2,0.4421052631578947,227,95,1
32,answer_only,FT_K3,raw_cached,0.05,0.22105263157894736,57,95,0.6
32,answer_only,FT_K3,raw_cached,0.1,0.29473684210526313,114,95,1
32,answer_only,FT_K3,raw_cached,0.2,0.37894736842105264,227,95,1
32,answer_only,FT_K3,raw_restored,0.05,0.22105263157894736,57,95,0.6
32,answer_only,FT_K3,raw_restored,0.1,0.29473684210526313,114,95,1
32,answer_only,FT_K3,raw_restored,0.2,0.37894736842105264,227,95,1
32,answer_only,FT_K3,regex_cached,0.05,0.43157894736842106,57,95,0.6
32,answer_only,FT_K3,regex_cached,0.1,0.43157894736842106,114,95,1
32,answer_only,FT_K3,regex_cached,0.2,0.43157894736842106,227,95,1
32,answer_only,FT_K3,regex_restored,0.05,0.43157894736842106,57,95,0.6
32,answer_only,FT_K3,regex_restored,0.1,0.43157894736842106,114,95,1
32,answer_only,FT_K3,regex_restored,0.2,0.43157894736842106,227,95,1
32,answer_only,FT_K3,regex_anchor_restored,0.05,0.4421052631578947,57,95,0.6
32,answer_only,FT_K3,regex_anchor_restored,0.1,0.4421052631578947,114,95,1
32,answer_only,FT_K3,regex_anchor_restored,0.2,0.4421052631578947,227,95,1
32,answer_only,FT_K3,native_token_restored,0.05,0.4421052631578947,57,95,0.6
32,answer_only,FT_K3,native_token_restored,0.1,0.4421052631578947,114,95,1
32,answer_only,FT_K3,native_token_restored,0.2,0.4421052631578947,227,95,1
33,answer_only,DT_target,raw_cached,0.05,0.2765957446808511,55,94,0.5851063829787234
33,answer_only,DT_target,raw_cached,0.1,0.425531914893617,109,94,1
33,answer_only,DT_target,raw_cached,0.2,0.5531914893617021,217,94,1
33,answer_only,DT_target,raw_restored,0.05,0.2765957446808511,55,94,0.5851063829787234
33,answer_only,DT_target,raw_restored,0.1,0.425531914893617,109,94,1
33,answer_only,DT_target,raw_restored,0.2,0.5531914893617021,217,94,1
33,answer_only,DT_target,regex_cached,0.05,0.5106382978723404,55,94,0.5851063829787234
33,answer_only,DT_target,regex_cached,0.1,1.0,109,94,1
33,answer_only,DT_target,regex_cached,0.2,1.0,217,94,1
33,answer_only,DT_target,regex_restored,0.05,0.5106382978723404,55,94,0.5851063829787234
33,answer_only,DT_target,regex_restored,0.1,1.0,109,94,1
33,answer_only,DT_target,regex_restored,0.2,1.0,217,94,1
33,answer_only,DT_target,regex_anchor_restored,0.05,0.5212765957446809,55,94,0.5851063829787234
33,answer_only,DT_target,regex_anchor_restored,0.1,1.0,109,94,1
33,answer_only,DT_target,regex_anchor_restored,0.2,1.0,217,94,1
33,answer_only,DT_target,native_token_restored,0.05,0.5851063829787234,55,94,0.5851063829787234
33,answer_only,DT_target,native_token_restored,0.1,1.0,109,94,1
33,answer_only,DT_target,native_token_restored,0.2,1.0,217,94,1
33,answer_only,FT_K1,raw_cached,0.05,0.2978723404255319,55,94,0.5851063829787234
33,answer_only,FT_K1,raw_cached,0.1,0.4574468085106383,109,94,1
33,answer_only,FT_K1,raw_cached,0.2,0.574468085106383,217,94,1
33,answer_only,FT_K1,raw_restored,0.05,0.2978723404255319,55,94,0.5851063829787234
33,answer_only,FT_K1,raw_restored,0.1,0.4574468085106383,109,94,1
33,answer_only,FT_K1,raw_restored,0.2,0.574468085106383,217,94,1
33,answer_only,FT_K1,regex_cached,0.05,0.20212765957446807,55,94,0.5851063829787234
33,answer_only,FT_K1,regex_cached,0.1,0.6276595744680851,109,94,1
33,answer_only,FT_K1,regex_cached,0.2,1.0,217,94,1
33,answer_only,FT_K1,regex_restored,0.05,0.20212765957446807,55,94,0.5851063829787234
33,answer_only,FT_K1,regex_restored,0.1,0.6276595744680851,109,94,1
33,answer_only,FT_K1,regex_restored,0.2,1.0,217,94,1
33,answer_only,FT_K1,regex_anchor_restored,0.05,0.20212765957446807,55,94,0.5851063829787234
33,answer_only,FT_K1,regex_anchor_restored,0.1,0.6276595744680851,109,94,1
33,answer_only,FT_K1,regex_anchor_restored,0.2,1.0,217,94,1
33,answer_only,FT_K1,native_token_restored,0.05,0.20212765957446807,55,94,0.5851063829787234
33,answer_only,FT_K1,native_token_restored,0.1,0.48936170212765956,109,94,1
33,answer_only,FT_K1,native_token_restored,0.2,1.0,217,94,1
33,answer_only,FT_K3,raw_cached,0.05,0.2872340425531915,55,94,0.5851063829787234
33,answer_only,FT_K3,raw_cached,0.1,0.4574468085106383,109,94,1
33,answer_only,FT_K3,raw_cached,0.2,0.5531914893617021,217,94,1
33,answer_only,FT_K3,raw_restored,0.05,0.2872340425531915,55,94,0.5851063829787234
33,answer_only,FT_K3,raw_restored,0.1,0.4574468085106383,109,94,1
33,answer_only,FT_K3,raw_restored,0.2,0.5531914893617021,217,94,1
33,answer_only,FT_K3,regex_cached,0.05,0.20212765957446807,55,94,0.5851063829787234
33,answer_only,FT_K3,regex_cached,0.1,0.6276595744680851,109,94,1
33,answer_only,FT_K3,regex_cached,0.2,1.0,217,94,1
33,answer_only,FT_K3,regex_restored,0.05,0.20212765957446807,55,94,0.5851063829787234
33,answer_only,FT_K3,regex_restored,0.1,0.6276595744680851,109,94,1
33,answer_only,FT_K3,regex_restored,0.2,1.0,217,94,1
33,answer_only,FT_K3,regex_anchor_restored,0.05,0.20212765957446807,55,94,0.5851063829787234
33,answer_only,FT_K3,regex_anchor_restored,0.1,0.6276595744680851,109,94,1
33,answer_only,FT_K3,regex_anchor_restored,0.2,1.0,217,94,1
33,answer_only,FT_K3,native_token_restored,0.05,0.20212765957446807,55,94,0.5851063829787234
33,answer_only,FT_K3,native_token_restored,0.1,0.48936170212765956,109,94,1
33,answer_only,FT_K3,native_token_restored,0.2,1.0,217,94,1
34,answer_only,DT_target,raw_cached,0.05,0.2826086956521739,51,46,1
34,answer_only,DT_target,raw_cached,0.1,0.3695652173913043,101,46,1
34,answer_only,DT_target,raw_cached,0.2,0.5434782608695652,202,46,1
34,answer_only,DT_target,raw_restored,0.05,0.2826086956521739,51,46,1
34,answer_only,DT_target,raw_restored,0.1,0.3695652173913043,101,46,1
34,answer_only,DT_target,raw_restored,0.2,0.5434782608695652,202,46,1
34,answer_only,DT_target,regex_cached,0.05,0.5869565217391305,51,46,1
34,answer_only,DT_target,regex_cached,0.1,0.5869565217391305,101,46,1
34,answer_only,DT_target,regex_cached,0.2,0.6086956521739131,202,46,1
34,answer_only,DT_target,regex_restored,0.05,0.5869565217391305,51,46,1
34,answer_only,DT_target,regex_restored,0.1,0.5869565217391305,101,46,1
34,answer_only,DT_target,regex_restored,0.2,0.6086956521739131,202,46,1
34,answer_only,DT_target,regex_anchor_restored,0.05,0.6086956521739131,51,46,1
34,answer_only,DT_target,regex_anchor_restored,0.1,0.6086956521739131,101,46,1
34,answer_only,DT_target,regex_anchor_restored,0.2,0.6086956521739131,202,46,1
34,answer_only,DT_target,native_token_restored,0.05,0.6086956521739131,51,46,1
34,answer_only,DT_target,native_token_restored,0.1,0.6086956521739131,101,46,1
34,answer_only,DT_target,native_token_restored,0.2,0.6086956521739131,202,46,1
34,answer_only,FT_K1,raw_cached,0.05,0.391304347826087,51,46,1
34,answer_only,FT_K1,raw_cached,0.1,0.6304347826086957,101,46,1
34,answer_only,FT_K1,raw_cached,0.2,0.6956521739130435,202,46,1
34,answer_only,FT_K1,raw_restored,0.05,0.391304347826087,51,46,1
34,answer_only,FT_K1,raw_restored,0.1,0.6304347826086957,101,46,1
34,answer_only,FT_K1,raw_restored,0.2,0.6956521739130435,202,46,1
34,answer_only,FT_K1,regex_cached,0.05,0.5869565217391305,51,46,1
34,answer_only,FT_K1,regex_cached,0.1,0.9565217391304348,101,46,1
34,answer_only,FT_K1,regex_cached,0.2,0.9565217391304348,202,46,1
34,answer_only,FT_K1,regex_restored,0.05,0.5869565217391305,51,46,1
34,answer_only,FT_K1,regex_restored,0.1,0.9565217391304348,101,46,1
34,answer_only,FT_K1,regex_restored,0.2,0.9565217391304348,202,46,1
34,answer_only,FT_K1,regex_anchor_restored,0.05,0.6086956521739131,51,46,1
34,answer_only,FT_K1,regex_anchor_restored,0.1,1.0,101,46,1
34,answer_only,FT_K1,regex_anchor_restored,0.2,1.0,202,46,1
34,answer_only,FT_K1,native_token_restored,0.05,0.6086956521739131,51,46,1
34,answer_only,FT_K1,native_token_restored,0.1,1.0,101,46,1
34,answer_only,FT_K1,native_token_restored,0.2,1.0,202,46,1
34,answer_only,FT_K3,raw_cached,0.05,0.391304347826087,51,46,1
34,answer_only,FT_K3,raw_cached,0.1,0.6304347826086957,101,46,1
34,answer_only,FT_K3,raw_cached,0.2,0.6956521739130435,202,46,1
34,answer_only,FT_K3,raw_restored,0.05,0.391304347826087,51,46,1
34,answer_only,FT_K3,raw_restored,0.1,0.6304347826086957,101,46,1
34,answer_only,FT_K3,raw_restored,0.2,0.6956521739130435,202,46,1
34,answer_only,FT_K3,regex_cached,0.05,0.5869565217391305,51,46,1
34,answer_only,FT_K3,regex_cached,0.1,0.9565217391304348,101,46,1
34,answer_only,FT_K3,regex_cached,0.2,0.9565217391304348,202,46,1
34,answer_only,FT_K3,regex_restored,0.05,0.5869565217391305,51,46,1
34,answer_only,FT_K3,regex_restored,0.1,0.9565217391304348,101,46,1
34,answer_only,FT_K3,regex_restored,0.2,0.9565217391304348,202,46,1
34,answer_only,FT_K3,regex_anchor_restored,0.05,0.6086956521739131,51,46,1
34,answer_only,FT_K3,regex_anchor_restored,0.1,1.0,101,46,1
34,answer_only,FT_K3,regex_anchor_restored,0.2,1.0,202,46,1
34,answer_only,FT_K3,native_token_restored,0.05,0.6086956521739131,51,46,1
34,answer_only,FT_K3,native_token_restored,0.1,1.0,101,46,1
34,answer_only,FT_K3,native_token_restored,0.2,1.0,202,46,1
35,answer_only,DT_target,raw_cached,0.05,0.18571428571428572,59,70,0.8428571428571429
35,answer_only,DT_target,raw_cached,0.1,0.2571428571428571,117,70,1
35,answer_only,DT_target,raw_cached,0.2,0.37142857142857144,234,70,1
35,answer_only,DT_target,raw_restored,0.05,0.18571428571428572,59,70,0.8428571428571429
35,answer_only,DT_target,raw_restored,0.1,0.2571428571428571,117,70,1
35,answer_only,DT_target,raw_restored,0.2,0.37142857142857144,234,70,1
35,answer_only,DT_target,regex_cached,0.05,0.21428571428571427,59,70,0.8428571428571429
35,answer_only,DT_target,regex_cached,0.1,0.21428571428571427,117,70,1
35,answer_only,DT_target,regex_cached,0.2,0.7142857142857143,234,70,1
35,answer_only,DT_target,regex_restored,0.05,0.21428571428571427,59,70,0.8428571428571429
35,answer_only,DT_target,regex_restored,0.1,0.21428571428571427,117,70,1
35,answer_only,DT_target,regex_restored,0.2,0.7142857142857143,234,70,1
35,answer_only,DT_target,regex_anchor_restored,0.05,0.2,59,70,0.8428571428571429
35,answer_only,DT_target,regex_anchor_restored,0.1,0.2,117,70,1
35,answer_only,DT_target,regex_anchor_restored,0.2,0.6428571428571429,234,70,1
35,answer_only,DT_target,native_token_restored,0.05,0.2,59,70,0.8428571428571429
35,answer_only,DT_target,native_token_restored,0.1,0.2,117,70,1
35,answer_only,DT_target,native_token_restored,0.2,0.6,234,70,1
35,answer_only,FT_K1,raw_cached,0.05,0.24285714285714285,59,70,0.8428571428571429
35,answer_only,FT_K1,raw_cached,0.1,0.38571428571428573,117,70,1
35,answer_only,FT_K1,raw_cached,0.2,0.5428571428571428,234,70,1
35,answer_only,FT_K1,raw_restored,0.05,0.24285714285714285,59,70,0.8428571428571429
35,answer_only,FT_K1,raw_restored,0.1,0.38571428571428573,117,70,1
35,answer_only,FT_K1,raw_restored,0.2,0.5428571428571428,234,70,1
35,answer_only,FT_K1,regex_cached,0.05,0.5714285714285714,59,70,0.8428571428571429
35,answer_only,FT_K1,regex_cached,0.1,0.5714285714285714,117,70,1
35,answer_only,FT_K1,regex_cached,0.2,0.5714285714285714,234,70,1
35,answer_only,FT_K1,regex_restored,0.05,0.5714285714285714,59,70,0.8428571428571429
35,answer_only,FT_K1,regex_restored,0.1,0.5714285714285714,117,70,1
35,answer_only,FT_K1,regex_restored,0.2,0.5714285714285714,234,70,1
35,answer_only,FT_K1,regex_anchor_restored,0.05,0.5857142857142857,59,70,0.8428571428571429
35,answer_only,FT_K1,regex_anchor_restored,0.1,0.5857142857142857,117,70,1
35,answer_only,FT_K1,regex_anchor_restored,0.2,0.5857142857142857,234,70,1
35,answer_only,FT_K1,native_token_restored,0.05,0.5857142857142857,59,70,0.8428571428571429
35,answer_only,FT_K1,native_token_restored,0.1,0.5857142857142857,117,70,1
35,answer_only,FT_K1,native_token_restored,0.2,0.5857142857142857,234,70,1
35,answer_only,FT_K3,raw_cached,0.05,0.24285714285714285,59,70,0.8428571428571429
35,answer_only,FT_K3,raw_cached,0.1,0.38571428571428573,117,70,1
35,answer_only,FT_K3,raw_cached,0.2,0.5285714285714286,234,70,1
35,answer_only,FT_K3,raw_restored,0.05,0.24285714285714285,59,70,0.8428571428571429
35,answer_only,FT_K3,raw_restored,0.1,0.38571428571428573,117,70,1
35,answer_only,FT_K3,raw_restored,0.2,0.5285714285714286,234,70,1
35,answer_only,FT_K3,regex_cached,0.05,0.5714285714285714,59,70,0.8428571428571429
35,answer_only,FT_K3,regex_cached,0.1,0.5714285714285714,117,70,1
35,answer_only,FT_K3,regex_cached,0.2,0.5714285714285714,234,70,1
35,answer_only,FT_K3,regex_restored,0.05,0.5714285714285714,59,70,0.8428571428571429
35,answer_only,FT_K3,regex_restored,0.1,0.5714285714285714,117,70,1
35,answer_only,FT_K3,regex_restored,0.2,0.5714285714285714,234,70,1
35,answer_only,FT_K3,regex_anchor_restored,0.05,0.5857142857142857,59,70,0.8428571428571429
35,answer_only,FT_K3,regex_anchor_restored,0.1,0.5857142857142857,117,70,1
35,answer_only,FT_K3,regex_anchor_restored,0.2,0.5857142857142857,234,70,1
35,answer_only,FT_K3,native_token_restored,0.05,0.5857142857142857,59,70,0.8428571428571429
35,answer_only,FT_K3,native_token_restored,0.1,0.5857142857142857,117,70,1
35,answer_only,FT_K3,native_token_restored,0.2,0.5857142857142857,234,70,1
36,answer_only,DT_target,raw_cached,0.05,0.13333333333333333,72,45,1
36,answer_only,DT_target,raw_cached,0.1,0.3111111111111111,144,45,1
36,answer_only,DT_target,raw_cached,0.2,0.4888888888888889,288,45,1
36,answer_only,DT_target,raw_restored,0.05,0.13333333333333333,72,45,1
36,answer_only,DT_target,raw_restored,0.1,0.3111111111111111,144,45,1
36,answer_only,DT_target,raw_restored,0.2,0.4888888888888889,288,45,1
36,answer_only,DT_target,regex_cached,0.05,0.022222222222222223,72,45,1
36,answer_only,DT_target,regex_cached,0.1,0.9777777777777777,144,45,1
36,answer_only,DT_target,regex_cached,0.2,1.0,288,45,1
36,answer_only,DT_target,regex_restored,0.05,0.022222222222222223,72,45,1
36,answer_only,DT_target,regex_restored,0.1,0.9777777777777777,144,45,1
36,answer_only,DT_target,regex_restored,0.2,1.0,288,45,1
36,answer_only,DT_target,regex_anchor_restored,0.05,0.0,72,45,1
36,answer_only,DT_target,regex_anchor_restored,0.1,1.0,144,45,1
36,answer_only,DT_target,regex_anchor_restored,0.2,1.0,288,45,1
36,answer_only,DT_target,native_token_restored,0.05,0.0,72,45,1
36,answer_only,DT_target,native_token_restored,0.1,1.0,144,45,1
36,answer_only,DT_target,native_token_restored,0.2,1.0,288,45,1
36,answer_only,FT_K1,raw_cached,0.05,0.17777777777777778,72,45,1
36,answer_only,FT_K1,raw_cached,0.1,0.3333333333333333,144,45,1
36,answer_only,FT_K1,raw_cached,0.2,0.5777777777777777,288,45,1
36,answer_only,FT_K1,raw_restored,0.05,0.17777777777777778,72,45,1
36,answer_only,FT_K1,raw_restored,0.1,0.3333333333333333,144,45,1
36,answer_only,FT_K1,raw_restored,0.2,0.5777777777777777,288,45,1
36,answer_only,FT_K1,regex_cached,0.05,0.4888888888888889,72,45,1
36,answer_only,FT_K1,regex_cached,0.1,0.5111111111111111,144,45,1
36,answer_only,FT_K1,regex_cached,0.2,1.0,288,45,1
36,answer_only,FT_K1,regex_restored,0.05,0.4888888888888889,72,45,1
36,answer_only,FT_K1,regex_restored,0.1,0.5111111111111111,144,45,1
36,answer_only,FT_K1,regex_restored,0.2,1.0,288,45,1
36,answer_only,FT_K1,regex_anchor_restored,0.05,0.4888888888888889,72,45,1
36,answer_only,FT_K1,regex_anchor_restored,0.1,0.4888888888888889,144,45,1
36,answer_only,FT_K1,regex_anchor_restored,0.2,1.0,288,45,1
36,answer_only,FT_K1,native_token_restored,0.05,0.4888888888888889,72,45,1
36,answer_only,FT_K1,native_token_restored,0.1,0.4888888888888889,144,45,1
36,answer_only,FT_K1,native_token_restored,0.2,1.0,288,45,1
36,answer_only,FT_K3,raw_cached,0.05,0.17777777777777778,72,45,1
36,answer_only,FT_K3,raw_cached,0.1,0.3333333333333333,144,45,1
36,answer_only,FT_K3,raw_cached,0.2,0.5777777777777777,288,45,1
36,answer_only,FT_K3,raw_restored,0.05,0.17777777777777778,72,45,1
36,answer_only,FT_K3,raw_restored,0.1,0.3333333333333333,144,45,1
36,answer_only,FT_K3,raw_restored,0.2,0.5777777777777777,288,45,1
36,answer_only,FT_K3,regex_cached,0.05,0.4888888888888889,72,45,1
36,answer_only,FT_K3,regex_cached,0.1,0.5111111111111111,144,45,1
36,answer_only,FT_K3,regex_cached,0.2,1.0,288,45,1
36,answer_only,FT_K3,regex_restored,0.05,0.4888888888888889,72,45,1
36,answer_only,FT_K3,regex_restored,0.1,0.5111111111111111,144,45,1
36,answer_only,FT_K3,regex_restored,0.2,1.0,288,45,1
36,answer_only,FT_K3,regex_anchor_restored,0.05,0.4888888888888889,72,45,1
36,answer_only,FT_K3,regex_anchor_restored,0.1,0.4888888888888889,144,45,1
36,answer_only,FT_K3,regex_anchor_restored,0.2,1.0,288,45,1
36,answer_only,FT_K3,native_token_restored,0.05,0.4888888888888889,72,45,1
36,answer_only,FT_K3,native_token_restored,0.1,0.4888888888888889,144,45,1
36,answer_only,FT_K3,native_token_restored,0.2,1.0,288,45,1
37,answer_only,DT_target,raw_cached,0.05,0.19298245614035087,58,57,1
37,answer_only,DT_target,raw_cached,0.1,0.47368421052631576,115,57,1
37,answer_only,DT_target,raw_cached,0.2,0.6666666666666666,230,57,1
37,answer_only,DT_target,raw_restored,0.05,0.19298245614035087,58,57,1
37,answer_only,DT_target,raw_restored,0.1,0.47368421052631576,115,57,1
37,answer_only,DT_target,raw_restored,0.2,0.6666666666666666,230,57,1
37,answer_only,DT_target,regex_cached,0.05,0.22807017543859648,58,57,1
37,answer_only,DT_target,regex_cached,0.1,0.9824561403508771,115,57,1
37,answer_only,DT_target,regex_cached,0.2,1.0,230,57,1
37,answer_only,DT_target,regex_restored,0.05,0.22807017543859648,58,57,1
37,answer_only,DT_target,regex_restored,0.1,0.9824561403508771,115,57,1
37,answer_only,DT_target,regex_restored,0.2,1.0,230,57,1
37,answer_only,DT_target,regex_anchor_restored,0.05,0.24561403508771928,58,57,1
37,answer_only,DT_target,regex_anchor_restored,0.1,1.0,115,57,1
37,answer_only,DT_target,regex_anchor_restored,0.2,1.0,230,57,1
37,answer_only,DT_target,native_token_restored,0.05,0.2982456140350877,58,57,1
37,answer_only,DT_target,native_token_restored,0.1,0.8070175438596491,115,57,1
37,answer_only,DT_target,native_token_restored,0.2,1.0,230,57,1
37,answer_only,FT_K1,raw_cached,0.05,0.3333333333333333,58,57,1
37,answer_only,FT_K1,raw_cached,0.1,0.543859649122807,115,57,1
37,answer_only,FT_K1,raw_cached,0.2,0.8245614035087719,230,57,1
37,answer_only,FT_K1,raw_restored,0.05,0.3333333333333333,58,57,1
37,answer_only,FT_K1,raw_restored,0.1,0.543859649122807,115,57,1
37,answer_only,FT_K1,raw_restored,0.2,0.8245614035087719,230,57,1
37,answer_only,FT_K1,regex_cached,0.05,0.38596491228070173,58,57,1
37,answer_only,FT_K1,regex_cached,0.1,0.7192982456140351,115,57,1
37,answer_only,FT_K1,regex_cached,0.2,0.9824561403508771,230,57,1
37,answer_only,FT_K1,regex_restored,0.05,0.38596491228070173,58,57,1
37,answer_only,FT_K1,regex_restored,0.1,0.7192982456140351,115,57,1
37,answer_only,FT_K1,regex_restored,0.2,0.9824561403508771,230,57,1
37,answer_only,FT_K1,regex_anchor_restored,0.05,0.40350877192982454,58,57,1
37,answer_only,FT_K1,regex_anchor_restored,0.1,0.9122807017543859,115,57,1
37,answer_only,FT_K1,regex_anchor_restored,0.2,1.0,230,57,1
37,answer_only,FT_K1,native_token_restored,0.05,0.40350877192982454,58,57,1
37,answer_only,FT_K1,native_token_restored,0.1,0.9649122807017544,115,57,1
37,answer_only,FT_K1,native_token_restored,0.2,1.0,230,57,1
37,answer_only,FT_K3,raw_cached,0.05,0.3508771929824561,58,57,1
37,answer_only,FT_K3,raw_cached,0.1,0.543859649122807,115,57,1
37,answer_only,FT_K3,raw_cached,0.2,0.8070175438596491,230,57,1
37,answer_only,FT_K3,raw_restored,0.05,0.3508771929824561,58,57,1
37,answer_only,FT_K3,raw_restored,0.1,0.543859649122807,115,57,1
37,answer_only,FT_K3,raw_restored,0.2,0.8070175438596491,230,57,1
37,answer_only,FT_K3,regex_cached,0.05,0.38596491228070173,58,57,1
37,answer_only,FT_K3,regex_cached,0.1,0.7192982456140351,115,57,1
37,answer_only,FT_K3,regex_cached,0.2,0.9824561403508771,230,57,1
37,answer_only,FT_K3,regex_restored,0.05,0.38596491228070173,58,57,1
37,answer_only,FT_K3,regex_restored,0.1,0.7192982456140351,115,57,1
37,answer_only,FT_K3,regex_restored,0.2,0.9824561403508771,230,57,1
37,answer_only,FT_K3,regex_anchor_restored,0.05,0.40350877192982454,58,57,1
37,answer_only,FT_K3,regex_anchor_restored,0.1,0.9122807017543859,115,57,1
37,answer_only,FT_K3,regex_anchor_restored,0.2,1.0,230,57,1
37,answer_only,FT_K3,native_token_restored,0.05,0.40350877192982454,58,57,1
37,answer_only,FT_K3,native_token_restored,0.1,0.9649122807017544,115,57,1
37,answer_only,FT_K3,native_token_restored,0.2,1.0,230,57,1
38,answer_only,DT_target,raw_cached,0.05,0.34210526315789475,62,76,0.8157894736842105
38,answer_only,DT_target,raw_cached,0.1,0.5526315789473685,123,76,1
38,answer_only,DT_target,raw_cached,0.2,0.6578947368421053,245,76,1
38,answer_only,DT_target,raw_restored,0.05,0.34210526315789475,62,76,0.8157894736842105
38,answer_only,DT_target,raw_restored,0.1,0.5526315789473685,123,76,1
38,answer_only,DT_target,raw_restored,0.2,0.6578947368421053,245,76,1
38,answer_only,DT_target,regex_cached,0.05,0.6710526315789473,62,76,0.8157894736842105
38,answer_only,DT_target,regex_cached,0.1,0.9605263157894737,123,76,1
38,answer_only,DT_target,regex_cached,0.2,1.0,245,76,1
38,answer_only,DT_target,regex_restored,0.05,0.6710526315789473,62,76,0.8157894736842105
38,answer_only,DT_target,regex_restored,0.1,0.9605263157894737,123,76,1
38,answer_only,DT_target,regex_restored,0.2,1.0,245,76,1
38,answer_only,DT_target,regex_anchor_restored,0.05,0.6710526315789473,62,76,0.8157894736842105
38,answer_only,DT_target,regex_anchor_restored,0.1,0.9868421052631579,123,76,1
38,answer_only,DT_target,regex_anchor_restored,0.2,1.0,245,76,1
38,answer_only,DT_target,native_token_restored,0.05,0.6710526315789473,62,76,0.8157894736842105
38,answer_only,DT_target,native_token_restored,0.1,1.0,123,76,1
38,answer_only,DT_target,native_token_restored,0.2,1.0,245,76,1
38,answer_only,FT_K1,raw_cached,0.05,0.35526315789473684,62,76,0.8157894736842105
38,answer_only,FT_K1,raw_cached,0.1,0.47368421052631576,123,76,1
38,answer_only,FT_K1,raw_cached,0.2,0.618421052631579,245,76,1
38,answer_only,FT_K1,raw_restored,0.05,0.35526315789473684,62,76,0.8157894736842105
38,answer_only,FT_K1,raw_restored,0.1,0.47368421052631576,123,76,1
38,answer_only,FT_K1,raw_restored,0.2,0.618421052631579,245,76,1
38,answer_only,FT_K1,regex_cached,0.05,0.6710526315789473,62,76,0.8157894736842105
38,answer_only,FT_K1,regex_cached,0.1,0.881578947368421,123,76,1
38,answer_only,FT_K1,regex_cached,0.2,1.0,245,76,1
38,answer_only,FT_K1,regex_restored,0.05,0.6710526315789473,62,76,0.8157894736842105
38,answer_only,FT_K1,regex_restored,0.1,0.881578947368421,123,76,1
38,answer_only,FT_K1,regex_restored,0.2,1.0,245,76,1
38,answer_only,FT_K1,regex_anchor_restored,0.05,0.6710526315789473,62,76,0.8157894736842105
38,answer_only,FT_K1,regex_anchor_restored,0.1,0.881578947368421,123,76,1
38,answer_only,FT_K1,regex_anchor_restored,0.2,1.0,245,76,1
38,answer_only,FT_K1,native_token_restored,0.05,0.6710526315789473,62,76,0.8157894736842105
38,answer_only,FT_K1,native_token_restored,0.1,1.0,123,76,1
38,answer_only,FT_K1,native_token_restored,0.2,1.0,245,76,1
38,answer_only,FT_K3,raw_cached,0.05,0.35526315789473684,62,76,0.8157894736842105
38,answer_only,FT_K3,raw_cached,0.1,0.47368421052631576,123,76,1
38,answer_only,FT_K3,raw_cached,0.2,0.618421052631579,245,76,1
38,answer_only,FT_K3,raw_restored,0.05,0.35526315789473684,62,76,0.8157894736842105
38,answer_only,FT_K3,raw_restored,0.1,0.47368421052631576,123,76,1
38,answer_only,FT_K3,raw_restored,0.2,0.618421052631579,245,76,1
38,answer_only,FT_K3,regex_cached,0.05,0.6710526315789473,62,76,0.8157894736842105
38,answer_only,FT_K3,regex_cached,0.1,0.881578947368421,123,76,1
38,answer_only,FT_K3,regex_cached,0.2,1.0,245,76,1
38,answer_only,FT_K3,regex_restored,0.05,0.6710526315789473,62,76,0.8157894736842105
38,answer_only,FT_K3,regex_restored,0.1,0.881578947368421,123,76,1
38,answer_only,FT_K3,regex_restored,0.2,1.0,245,76,1
38,answer_only,FT_K3,regex_anchor_restored,0.05,0.6710526315789473,62,76,0.8157894736842105
38,answer_only,FT_K3,regex_anchor_restored,0.1,0.881578947368421,123,76,1
38,answer_only,FT_K3,regex_anchor_restored,0.2,1.0,245,76,1
38,answer_only,FT_K3,native_token_restored,0.05,0.6710526315789473,62,76,0.8157894736842105
38,answer_only,FT_K3,native_token_restored,0.1,1.0,123,76,1
38,answer_only,FT_K3,native_token_restored,0.2,1.0,245,76,1
39,answer_only,DT_target,raw_cached,0.05,0.14150943396226415,38,106,0.3584905660377358
39,answer_only,DT_target,raw_cached,0.1,0.29245283018867924,76,106,0.7169811320754716
39,answer_only,DT_target,raw_cached,0.2,0.5094339622641509,152,106,1
39,answer_only,DT_target,raw_restored,0.05,0.14150943396226415,38,106,0.3584905660377358
39,answer_only,DT_target,raw_restored,0.1,0.29245283018867924,76,106,0.7169811320754716
39,answer_only,DT_target,raw_restored,0.2,0.5094339622641509,152,106,1
39,answer_only,DT_target,regex_cached,0.05,0.3113207547169811,38,106,0.3584905660377358
39,answer_only,DT_target,regex_cached,0.1,0.5094339622641509,76,106,0.7169811320754716
39,answer_only,DT_target,regex_cached,0.2,0.5094339622641509,152,106,1
39,answer_only,DT_target,regex_restored,0.05,0.3113207547169811,38,106,0.3584905660377358
39,answer_only,DT_target,regex_restored,0.1,0.5094339622641509,76,106,0.7169811320754716
39,answer_only,DT_target,regex_restored,0.2,0.5094339622641509,152,106,1
39,answer_only,DT_target,regex_anchor_restored,0.05,0.3113207547169811,38,106,0.3584905660377358
39,answer_only,DT_target,regex_anchor_restored,0.1,0.5094339622641509,76,106,0.7169811320754716
39,answer_only,DT_target,regex_anchor_restored,0.2,0.5094339622641509,152,106,1
39,answer_only,DT_target,native_token_restored,0.05,0.2830188679245283,38,106,0.3584905660377358
39,answer_only,DT_target,native_token_restored,0.1,0.5094339622641509,76,106,0.7169811320754716
39,answer_only,DT_target,native_token_restored,0.2,0.5094339622641509,152,106,1
39,answer_only,FT_K1,raw_cached,0.05,0.18867924528301888,38,106,0.3584905660377358
39,answer_only,FT_K1,raw_cached,0.1,0.2641509433962264,76,106,0.7169811320754716
39,answer_only,FT_K1,raw_cached,0.2,0.42452830188679247,152,106,1
39,answer_only,FT_K1,raw_restored,0.05,0.18867924528301888,38,106,0.3584905660377358
39,answer_only,FT_K1,raw_restored,0.1,0.2641509433962264,76,106,0.7169811320754716
39,answer_only,FT_K1,raw_restored,0.2,0.42452830188679247,152,106,1
39,answer_only,FT_K1,regex_cached,0.05,0.3584905660377358,38,106,0.3584905660377358
39,answer_only,FT_K1,regex_cached,0.1,0.5094339622641509,76,106,0.7169811320754716
39,answer_only,FT_K1,regex_cached,0.2,0.5094339622641509,152,106,1
39,answer_only,FT_K1,regex_restored,0.05,0.3584905660377358,38,106,0.3584905660377358
39,answer_only,FT_K1,regex_restored,0.1,0.5094339622641509,76,106,0.7169811320754716
39,answer_only,FT_K1,regex_restored,0.2,0.5094339622641509,152,106,1
39,answer_only,FT_K1,regex_anchor_restored,0.05,0.3584905660377358,38,106,0.3584905660377358
39,answer_only,FT_K1,regex_anchor_restored,0.1,0.5094339622641509,76,106,0.7169811320754716
39,answer_only,FT_K1,regex_anchor_restored,0.2,0.5094339622641509,152,106,1
39,answer_only,FT_K1,native_token_restored,0.05,0.3584905660377358,38,106,0.3584905660377358
39,answer_only,FT_K1,native_token_restored,0.1,0.5094339622641509,76,106,0.7169811320754716
39,answer_only,FT_K1,native_token_restored,0.2,0.5094339622641509,152,106,1
39,answer_only,FT_K3,raw_cached,0.05,0.18867924528301888,38,106,0.3584905660377358
39,answer_only,FT_K3,raw_cached,0.1,0.25471698113207547,76,106,0.7169811320754716
39,answer_only,FT_K3,raw_cached,0.2,0.42452830188679247,152,106,1
39,answer_only,FT_K3,raw_restored,0.05,0.18867924528301888,38,106,0.3584905660377358
39,answer_only,FT_K3,raw_restored,0.1,0.25471698113207547,76,106,0.7169811320754716
39,answer_only,FT_K3,raw_restored,0.2,0.42452830188679247,152,106,1
39,answer_only,FT_K3,regex_cached,0.05,0.3584905660377358,38,106,0.3584905660377358
39,answer_only,FT_K3,regex_cached,0.1,0.5094339622641509,76,106,0.7169811320754716
39,answer_only,FT_K3,regex_cached,0.2,0.5094339622641509,152,106,1
39,answer_only,FT_K3,regex_restored,0.05,0.3584905660377358,38,106,0.3584905660377358
39,answer_only,FT_K3,regex_restored,0.1,0.5094339622641509,76,106,0.7169811320754716
39,answer_only,FT_K3,regex_restored,0.2,0.5094339622641509,152,106,1
39,answer_only,FT_K3,regex_anchor_restored,0.05,0.3584905660377358,38,106,0.3584905660377358
39,answer_only,FT_K3,regex_anchor_restored,0.1,0.5094339622641509,76,106,0.7169811320754716
39,answer_only,FT_K3,regex_anchor_restored,0.2,0.5094339622641509,152,106,1
39,answer_only,FT_K3,native_token_restored,0.05,0.3584905660377358,38,106,0.3584905660377358
39,answer_only,FT_K3,native_token_restored,0.1,0.5094339622641509,76,106,0.7169811320754716
39,answer_only,FT_K3,native_token_restored,0.2,0.5094339622641509,152,106,1
40,answer_only,DT_target,raw_cached,0.05,0.109375,66,128,0.515625
40,answer_only,DT_target,raw_cached,0.1,0.203125,131,128,1
40,answer_only,DT_target,raw_cached,0.2,0.3671875,261,128,1
40,answer_only,DT_target,raw_restored,0.05,0.109375,66,128,0.515625
40,answer_only,DT_target,raw_restored,0.1,0.203125,131,128,1
40,answer_only,DT_target,raw_restored,0.2,0.3671875,261,128,1
40,answer_only,DT_target,regex_cached,0.05,0.140625,66,128,0.515625
40,answer_only,DT_target,regex_cached,0.1,0.359375,131,128,1
40,answer_only,DT_target,regex_cached,0.2,0.359375,261,128,1
40,answer_only,DT_target,regex_restored,0.05,0.140625,66,128,0.515625
40,answer_only,DT_target,regex_restored,0.1,0.359375,131,128,1
40,answer_only,DT_target,regex_restored,0.2,0.359375,261,128,1
40,answer_only,DT_target,regex_anchor_restored,0.05,0.140625,66,128,0.515625
40,answer_only,DT_target,regex_anchor_restored,0.1,0.234375,131,128,1
40,answer_only,DT_target,regex_anchor_restored,0.2,0.3671875,261,128,1
40,answer_only,DT_target,native_token_restored,0.05,0.140625,66,128,0.515625
40,answer_only,DT_target,native_token_restored,0.1,0.1796875,131,128,1
40,answer_only,DT_target,native_token_restored,0.2,0.3671875,261,128,1
40,answer_only,FT_K1,raw_cached,0.05,0.125,66,128,0.515625
40,answer_only,FT_K1,raw_cached,0.1,0.21875,131,128,1
40,answer_only,FT_K1,raw_cached,0.2,0.3359375,261,128,1
40,answer_only,FT_K1,raw_restored,0.05,0.125,66,128,0.515625
40,answer_only,FT_K1,raw_restored,0.1,0.21875,131,128,1
40,answer_only,FT_K1,raw_restored,0.2,0.3359375,261,128,1
40,answer_only,FT_K1,regex_cached,0.05,0.1484375,66,128,0.515625
40,answer_only,FT_K1,regex_cached,0.1,0.359375,131,128,1
40,answer_only,FT_K1,regex_cached,0.2,0.3671875,261,128,1
40,answer_only,FT_K1,regex_restored,0.05,0.1484375,66,128,0.515625
40,answer_only,FT_K1,regex_restored,0.1,0.359375,131,128,1
40,answer_only,FT_K1,regex_restored,0.2,0.3671875,261,128,1
40,answer_only,FT_K1,regex_anchor_restored,0.05,0.140625,66,128,0.515625
40,answer_only,FT_K1,regex_anchor_restored,0.1,0.34375,131,128,1
40,answer_only,FT_K1,regex_anchor_restored,0.2,0.3671875,261,128,1
40,answer_only,FT_K1,native_token_restored,0.05,0.140625,66,128,0.515625
40,answer_only,FT_K1,native_token_restored,0.1,0.3671875,131,128,1
40,answer_only,FT_K1,native_token_restored,0.2,0.3671875,261,128,1
40,answer_only,FT_K3,raw_cached,0.05,0.125,66,128,0.515625
40,answer_only,FT_K3,raw_cached,0.1,0.21875,131,128,1
40,answer_only,FT_K3,raw_cached,0.2,0.328125,261,128,1
40,answer_only,FT_K3,raw_restored,0.05,0.125,66,128,0.515625
40,answer_only,FT_K3,raw_restored,0.1,0.21875,131,128,1
40,answer_only,FT_K3,raw_restored,0.2,0.328125,261,128,1
40,answer_only,FT_K3,regex_cached,0.05,0.1484375,66,128,0.515625
40,answer_only,FT_K3,regex_cached,0.1,0.359375,131,128,1
40,answer_only,FT_K3,regex_cached,0.2,0.3671875,261,128,1
40,answer_only,FT_K3,regex_restored,0.05,0.1484375,66,128,0.515625
40,answer_only,FT_K3,regex_restored,0.1,0.359375,131,128,1
40,answer_only,FT_K3,regex_restored,0.2,0.3671875,261,128,1
40,answer_only,FT_K3,regex_anchor_restored,0.05,0.140625,66,128,0.515625
40,answer_only,FT_K3,regex_anchor_restored,0.1,0.34375,131,128,1
40,answer_only,FT_K3,regex_anchor_restored,0.2,0.3671875,261,128,1
40,answer_only,FT_K3,native_token_restored,0.05,0.140625,66,128,0.515625
40,answer_only,FT_K3,native_token_restored,0.1,0.3671875,131,128,1
40,answer_only,FT_K3,native_token_restored,0.2,0.3671875,261,128,1
41,answer_only,DT_target,raw_cached,0.05,0.2857142857142857,44,77,0.5714285714285714
41,answer_only,DT_target,raw_cached,0.1,0.45454545454545453,87,77,1
41,answer_only,DT_target,raw_cached,0.2,0.5844155844155844,173,77,1
41,answer_only,DT_target,raw_restored,0.05,0.2857142857142857,44,77,0.5714285714285714
41,answer_only,DT_target,raw_restored,0.1,0.45454545454545453,87,77,1
41,answer_only,DT_target,raw_restored,0.2,0.5844155844155844,173,77,1
41,answer_only,DT_target,regex_cached,0.05,0.24675324675324675,44,77,0.5714285714285714
41,answer_only,DT_target,regex_cached,0.1,0.5324675324675324,87,77,1
41,answer_only,DT_target,regex_cached,0.2,0.5324675324675324,173,77,1
41,answer_only,DT_target,regex_restored,0.05,0.24675324675324675,44,77,0.5714285714285714
41,answer_only,DT_target,regex_restored,0.1,0.5324675324675324,87,77,1
41,answer_only,DT_target,regex_restored,0.2,0.5324675324675324,173,77,1
41,answer_only,DT_target,regex_anchor_restored,0.05,0.24675324675324675,44,77,0.5714285714285714
41,answer_only,DT_target,regex_anchor_restored,0.1,0.5454545454545454,87,77,1
41,answer_only,DT_target,regex_anchor_restored,0.2,0.5454545454545454,173,77,1
41,answer_only,DT_target,native_token_restored,0.05,0.24675324675324675,44,77,0.5714285714285714
41,answer_only,DT_target,native_token_restored,0.1,0.5454545454545454,87,77,1
41,answer_only,DT_target,native_token_restored,0.2,0.5454545454545454,173,77,1
41,answer_only,FT_K1,raw_cached,0.05,0.2077922077922078,44,77,0.5714285714285714
41,answer_only,FT_K1,raw_cached,0.1,0.2857142857142857,87,77,1
41,answer_only,FT_K1,raw_cached,0.2,0.37662337662337664,173,77,1
41,answer_only,FT_K1,raw_restored,0.05,0.2077922077922078,44,77,0.5714285714285714
41,answer_only,FT_K1,raw_restored,0.1,0.2857142857142857,87,77,1
41,answer_only,FT_K1,raw_restored,0.2,0.37662337662337664,173,77,1
41,answer_only,FT_K1,regex_cached,0.05,0.23376623376623376,44,77,0.5714285714285714
41,answer_only,FT_K1,regex_cached,0.1,0.38961038961038963,87,77,1
41,answer_only,FT_K1,regex_cached,0.2,0.5324675324675324,173,77,1
41,answer_only,FT_K1,regex_restored,0.05,0.23376623376623376,44,77,0.5714285714285714
41,answer_only,FT_K1,regex_restored,0.1,0.38961038961038963,87,77,1
41,answer_only,FT_K1,regex_restored,0.2,0.5324675324675324,173,77,1
41,answer_only,FT_K1,regex_anchor_restored,0.05,0.24675324675324675,44,77,0.5714285714285714
41,answer_only,FT_K1,regex_anchor_restored,0.1,0.4025974025974026,87,77,1
41,answer_only,FT_K1,regex_anchor_restored,0.2,0.5454545454545454,173,77,1
41,answer_only,FT_K1,native_token_restored,0.05,0.24675324675324675,44,77,0.5714285714285714
41,answer_only,FT_K1,native_token_restored,0.1,0.4025974025974026,87,77,1
41,answer_only,FT_K1,native_token_restored,0.2,0.5454545454545454,173,77,1
41,answer_only,FT_K3,raw_cached,0.05,0.2077922077922078,44,77,0.5714285714285714
41,answer_only,FT_K3,raw_cached,0.1,0.2857142857142857,87,77,1
41,answer_only,FT_K3,raw_cached,0.2,0.37662337662337664,173,77,1
41,answer_only,FT_K3,raw_restored,0.05,0.2077922077922078,44,77,0.5714285714285714
41,answer_only,FT_K3,raw_restored,0.1,0.2857142857142857,87,77,1
41,answer_only,FT_K3,raw_restored,0.2,0.37662337662337664,173,77,1
41,answer_only,FT_K3,regex_cached,0.05,0.23376623376623376,44,77,0.5714285714285714
41,answer_only,FT_K3,regex_cached,0.1,0.38961038961038963,87,77,1
41,answer_only,FT_K3,regex_cached,0.2,0.5324675324675324,173,77,1
41,answer_only,FT_K3,regex_restored,0.05,0.23376623376623376,44,77,0.5714285714285714
41,answer_only,FT_K3,regex_restored,0.1,0.38961038961038963,87,77,1
41,answer_only,FT_K3,regex_restored,0.2,0.5324675324675324,173,77,1
41,answer_only,FT_K3,regex_anchor_restored,0.05,0.24675324675324675,44,77,0.5714285714285714
41,answer_only,FT_K3,regex_anchor_restored,0.1,0.4025974025974026,87,77,1
41,answer_only,FT_K3,regex_anchor_restored,0.2,0.5454545454545454,173,77,1
41,answer_only,FT_K3,native_token_restored,0.05,0.24675324675324675,44,77,0.5714285714285714
41,answer_only,FT_K3,native_token_restored,0.1,0.4025974025974026,87,77,1
41,answer_only,FT_K3,native_token_restored,0.2,0.5454545454545454,173,77,1
42,answer_only,DT_target,raw_cached,0.05,0.1125,67,80,0.8375
42,answer_only,DT_target,raw_cached,0.1,0.2,133,80,1
42,answer_only,DT_target,raw_cached,0.2,0.375,265,80,1
42,answer_only,DT_target,raw_restored,0.05,0.1125,67,80,0.8375
42,answer_only,DT_target,raw_restored,0.1,0.2,133,80,1
42,answer_only,DT_target,raw_restored,0.2,0.375,265,80,1
42,answer_only,DT_target,regex_cached,0.05,0.525,67,80,0.8375
42,answer_only,DT_target,regex_cached,0.1,0.525,133,80,1
42,answer_only,DT_target,regex_cached,0.2,0.525,265,80,1
42,answer_only,DT_target,regex_restored,0.05,0.525,67,80,0.8375
42,answer_only,DT_target,regex_restored,0.1,0.525,133,80,1
42,answer_only,DT_target,regex_restored,0.2,0.525,265,80,1
42,answer_only,DT_target,regex_anchor_restored,0.05,0.525,67,80,0.8375
42,answer_only,DT_target,regex_anchor_restored,0.1,0.525,133,80,1
42,answer_only,DT_target,regex_anchor_restored,0.2,0.525,265,80,1
42,answer_only,DT_target,native_token_restored,0.05,0.525,67,80,0.8375
42,answer_only,DT_target,native_token_restored,0.1,0.525,133,80,1
42,answer_only,DT_target,native_token_restored,0.2,0.525,265,80,1
42,answer_only,FT_K1,raw_cached,0.05,0.2375,67,80,0.8375
42,answer_only,FT_K1,raw_cached,0.1,0.325,133,80,1
42,answer_only,FT_K1,raw_cached,0.2,0.4875,265,80,1
42,answer_only,FT_K1,raw_restored,0.05,0.2375,67,80,0.8375
42,answer_only,FT_K1,raw_restored,0.1,0.325,133,80,1
42,answer_only,FT_K1,raw_restored,0.2,0.4875,265,80,1
42,answer_only,FT_K1,regex_cached,0.05,0.525,67,80,0.8375
42,answer_only,FT_K1,regex_cached,0.1,0.525,133,80,1
42,answer_only,FT_K1,regex_cached,0.2,0.525,265,80,1
42,answer_only,FT_K1,regex_restored,0.05,0.525,67,80,0.8375
42,answer_only,FT_K1,regex_restored,0.1,0.525,133,80,1
42,answer_only,FT_K1,regex_restored,0.2,0.525,265,80,1
42,answer_only,FT_K1,regex_anchor_restored,0.05,0.525,67,80,0.8375
42,answer_only,FT_K1,regex_anchor_restored,0.1,0.525,133,80,1
42,answer_only,FT_K1,regex_anchor_restored,0.2,0.525,265,80,1
42,answer_only,FT_K1,native_token_restored,0.05,0.525,67,80,0.8375
42,answer_only,FT_K1,native_token_restored,0.1,0.525,133,80,1
42,answer_only,FT_K1,native_token_restored,0.2,0.525,265,80,1
42,answer_only,FT_K3,raw_cached,0.05,0.2375,67,80,0.8375
42,answer_only,FT_K3,raw_cached,0.1,0.3375,133,80,1
42,answer_only,FT_K3,raw_cached,0.2,0.4875,265,80,1
42,answer_only,FT_K3,raw_restored,0.05,0.2375,67,80,0.8375
42,answer_only,FT_K3,raw_restored,0.1,0.3375,133,80,1
42,answer_only,FT_K3,raw_restored,0.2,0.4875,265,80,1
42,answer_only,FT_K3,regex_cached,0.05,0.525,67,80,0.8375
42,answer_only,FT_K3,regex_cached,0.1,0.525,133,80,1
42,answer_only,FT_K3,regex_cached,0.2,0.525,265,80,1
42,answer_only,FT_K3,regex_restored,0.05,0.525,67,80,0.8375
42,answer_only,FT_K3,regex_restored,0.1,0.525,133,80,1
42,answer_only,FT_K3,regex_restored,0.2,0.525,265,80,1
42,answer_only,FT_K3,regex_anchor_restored,0.05,0.525,67,80,0.8375
42,answer_only,FT_K3,regex_anchor_restored,0.1,0.525,133,80,1
42,answer_only,FT_K3,regex_anchor_restored,0.2,0.525,265,80,1
42,answer_only,FT_K3,native_token_restored,0.05,0.525,67,80,0.8375
42,answer_only,FT_K3,native_token_restored,0.1,0.525,133,80,1
42,answer_only,FT_K3,native_token_restored,0.2,0.525,265,80,1
43,answer_only,DT_target,raw_cached,0.05,0.2619047619047619,62,84,0.7380952380952381
43,answer_only,DT_target,raw_cached,0.1,0.40476190476190477,123,84,1
43,answer_only,DT_target,raw_cached,0.2,0.5119047619047619,245,84,1
43,answer_only,DT_target,raw_restored,0.05,0.2619047619047619,62,84,0.7380952380952381
43,answer_only,DT_target,raw_restored,0.1,0.40476190476190477,123,84,1
43,answer_only,DT_target,raw_restored,0.2,0.5119047619047619,245,84,1
43,answer_only,DT_target,regex_cached,0.05,0.5119047619047619,62,84,0.7380952380952381
43,answer_only,DT_target,regex_cached,0.1,0.5238095238095238,123,84,1
43,answer_only,DT_target,regex_cached,0.2,0.5238095238095238,245,84,1
43,answer_only,DT_target,regex_restored,0.05,0.5119047619047619,62,84,0.7380952380952381
43,answer_only,DT_target,regex_restored,0.1,0.5238095238095238,123,84,1
43,answer_only,DT_target,regex_restored,0.2,0.5238095238095238,245,84,1
43,answer_only,DT_target,regex_anchor_restored,0.05,0.5238095238095238,62,84,0.7380952380952381
43,answer_only,DT_target,regex_anchor_restored,0.1,0.5238095238095238,123,84,1
43,answer_only,DT_target,regex_anchor_restored,0.2,0.5238095238095238,245,84,1
43,answer_only,DT_target,native_token_restored,0.05,0.5238095238095238,62,84,0.7380952380952381
43,answer_only,DT_target,native_token_restored,0.1,0.5238095238095238,123,84,1
43,answer_only,DT_target,native_token_restored,0.2,0.5238095238095238,245,84,1
43,answer_only,FT_K1,raw_cached,0.05,0.30952380952380953,62,84,0.7380952380952381
43,answer_only,FT_K1,raw_cached,0.1,0.40476190476190477,123,84,1
43,answer_only,FT_K1,raw_cached,0.2,0.5238095238095238,245,84,1
43,answer_only,FT_K1,raw_restored,0.05,0.30952380952380953,62,84,0.7380952380952381
43,answer_only,FT_K1,raw_restored,0.1,0.40476190476190477,123,84,1
43,answer_only,FT_K1,raw_restored,0.2,0.5238095238095238,245,84,1
43,answer_only,FT_K1,regex_cached,0.05,0.4523809523809524,62,84,0.7380952380952381
43,answer_only,FT_K1,regex_cached,0.1,0.5238095238095238,123,84,1
43,answer_only,FT_K1,regex_cached,0.2,1.0,245,84,1
43,answer_only,FT_K1,regex_restored,0.05,0.4523809523809524,62,84,0.7380952380952381
43,answer_only,FT_K1,regex_restored,0.1,0.5238095238095238,123,84,1
43,answer_only,FT_K1,regex_restored,0.2,1.0,245,84,1
43,answer_only,FT_K1,regex_anchor_restored,0.05,0.4642857142857143,62,84,0.7380952380952381
43,answer_only,FT_K1,regex_anchor_restored,0.1,0.5238095238095238,123,84,1
43,answer_only,FT_K1,regex_anchor_restored,0.2,1.0,245,84,1
43,answer_only,FT_K1,native_token_restored,0.05,0.35714285714285715,62,84,0.7380952380952381
43,answer_only,FT_K1,native_token_restored,0.1,0.5238095238095238,123,84,1
43,answer_only,FT_K1,native_token_restored,0.2,1.0,245,84,1
43,answer_only,FT_K3,raw_cached,0.05,0.30952380952380953,62,84,0.7380952380952381
43,answer_only,FT_K3,raw_cached,0.1,0.4166666666666667,123,84,1
43,answer_only,FT_K3,raw_cached,0.2,0.5119047619047619,245,84,1
43,answer_only,FT_K3,raw_restored,0.05,0.30952380952380953,62,84,0.7380952380952381
43,answer_only,FT_K3,raw_restored,0.1,0.4166666666666667,123,84,1
43,answer_only,FT_K3,raw_restored,0.2,0.5119047619047619,245,84,1
43,answer_only,FT_K3,regex_cached,0.05,0.4166666666666667,62,84,0.7380952380952381
43,answer_only,FT_K3,regex_cached,0.1,0.5238095238095238,123,84,1
43,answer_only,FT_K3,regex_cached,0.2,1.0,245,84,1
43,answer_only,FT_K3,regex_restored,0.05,0.4166666666666667,62,84,0.7380952380952381
43,answer_only,FT_K3,regex_restored,0.1,0.5238095238095238,123,84,1
43,answer_only,FT_K3,regex_restored,0.2,1.0,245,84,1
43,answer_only,FT_K3,regex_anchor_restored,0.05,0.42857142857142855,62,84,0.7380952380952381
43,answer_only,FT_K3,regex_anchor_restored,0.1,0.5238095238095238,123,84,1
43,answer_only,FT_K3,regex_anchor_restored,0.2,1.0,245,84,1
43,answer_only,FT_K3,native_token_restored,0.05,0.35714285714285715,62,84,0.7380952380952381
43,answer_only,FT_K3,native_token_restored,0.1,0.5238095238095238,123,84,1
43,answer_only,FT_K3,native_token_restored,0.2,1.0,245,84,1
44,answer_only,DT_target,raw_cached,0.05,0.2608695652173913,42,92,0.45652173913043476
44,answer_only,DT_target,raw_cached,0.1,0.4891304347826087,83,92,0.9021739130434783
44,answer_only,DT_target,raw_cached,0.2,0.717391304347826,166,92,1
44,answer_only,DT_target,raw_restored,0.05,0.2608695652173913,42,92,0.45652173913043476
44,answer_only,DT_target,raw_restored,0.1,0.4891304347826087,83,92,0.9021739130434783
44,answer_only,DT_target,raw_restored,0.2,0.717391304347826,166,92,1
44,answer_only,DT_target,regex_cached,0.05,0.391304347826087,42,92,0.45652173913043476
44,answer_only,DT_target,regex_cached,0.1,0.6086956521739131,83,92,0.9021739130434783
44,answer_only,DT_target,regex_cached,0.2,1.0,166,92,1
44,answer_only,DT_target,regex_restored,0.05,0.391304347826087,42,92,0.45652173913043476
44,answer_only,DT_target,regex_restored,0.1,0.6086956521739131,83,92,0.9021739130434783
44,answer_only,DT_target,regex_restored,0.2,1.0,166,92,1
44,answer_only,DT_target,regex_anchor_restored,0.05,0.30434782608695654,42,92,0.45652173913043476
44,answer_only,DT_target,regex_anchor_restored,0.1,0.717391304347826,83,92,0.9021739130434783
44,answer_only,DT_target,regex_anchor_restored,0.2,1.0,166,92,1
44,answer_only,DT_target,native_token_restored,0.05,0.2391304347826087,42,92,0.45652173913043476
44,answer_only,DT_target,native_token_restored,0.1,0.6847826086956522,83,92,0.9021739130434783
44,answer_only,DT_target,native_token_restored,0.2,1.0,166,92,1
44,answer_only,FT_K1,raw_cached,0.05,0.2717391304347826,42,92,0.45652173913043476
44,answer_only,FT_K1,raw_cached,0.1,0.358695652173913,83,92,0.9021739130434783
44,answer_only,FT_K1,raw_cached,0.2,0.5543478260869565,166,92,1
44,answer_only,FT_K1,raw_restored,0.05,0.2717391304347826,42,92,0.45652173913043476
44,answer_only,FT_K1,raw_restored,0.1,0.358695652173913,83,92,0.9021739130434783
44,answer_only,FT_K1,raw_restored,0.2,0.5543478260869565,166,92,1
44,answer_only,FT_K1,regex_cached,0.05,0.30434782608695654,42,92,0.45652173913043476
44,answer_only,FT_K1,regex_cached,0.1,0.6086956521739131,83,92,0.9021739130434783
44,answer_only,FT_K1,regex_cached,0.2,1.0,166,92,1
44,answer_only,FT_K1,regex_restored,0.05,0.30434782608695654,42,92,0.45652173913043476
44,answer_only,FT_K1,regex_restored,0.1,0.6086956521739131,83,92,0.9021739130434783
44,answer_only,FT_K1,regex_restored,0.2,1.0,166,92,1
44,answer_only,FT_K1,regex_anchor_restored,0.05,0.30434782608695654,42,92,0.45652173913043476
44,answer_only,FT_K1,regex_anchor_restored,0.1,0.5978260869565217,83,92,0.9021739130434783
44,answer_only,FT_K1,regex_anchor_restored,0.2,1.0,166,92,1
44,answer_only,FT_K1,native_token_restored,0.05,0.31521739130434784,42,92,0.45652173913043476
44,answer_only,FT_K1,native_token_restored,0.1,0.5978260869565217,83,92,0.9021739130434783
44,answer_only,FT_K1,native_token_restored,0.2,1.0,166,92,1
44,answer_only,FT_K3,raw_cached,0.05,0.2717391304347826,42,92,0.45652173913043476
44,answer_only,FT_K3,raw_cached,0.1,0.358695652173913,83,92,0.9021739130434783
44,answer_only,FT_K3,raw_cached,0.2,0.5543478260869565,166,92,1
44,answer_only,FT_K3,raw_restored,0.05,0.2717391304347826,42,92,0.45652173913043476
44,answer_only,FT_K3,raw_restored,0.1,0.358695652173913,83,92,0.9021739130434783
44,answer_only,FT_K3,raw_restored,0.2,0.5543478260869565,166,92,1
44,answer_only,FT_K3,regex_cached,0.05,0.30434782608695654,42,92,0.45652173913043476
44,answer_only,FT_K3,regex_cached,0.1,0.6086956521739131,83,92,0.9021739130434783
44,answer_only,FT_K3,regex_cached,0.2,1.0,166,92,1
44,answer_only,FT_K3,regex_restored,0.05,0.30434782608695654,42,92,0.45652173913043476
44,answer_only,FT_K3,regex_restored,0.1,0.6086956521739131,83,92,0.9021739130434783
44,answer_only,FT_K3,regex_restored,0.2,1.0,166,92,1
44,answer_only,FT_K3,regex_anchor_restored,0.05,0.30434782608695654,42,92,0.45652173913043476
44,answer_only,FT_K3,regex_anchor_restored,0.1,0.5978260869565217,83,92,0.9021739130434783
44,answer_only,FT_K3,regex_anchor_restored,0.2,1.0,166,92,1
44,answer_only,FT_K3,native_token_restored,0.05,0.31521739130434784,42,92,0.45652173913043476
44,answer_only,FT_K3,native_token_restored,0.1,0.5978260869565217,83,92,0.9021739130434783
44,answer_only,FT_K3,native_token_restored,0.2,1.0,166,92,1
45,answer_only,DT_target,raw_cached,0.05,0.3246753246753247,86,77,1
45,answer_only,DT_target,raw_cached,0.1,0.5974025974025974,171,77,1
45,answer_only,DT_target,raw_cached,0.2,0.8181818181818182,341,77,1
45,answer_only,DT_target,raw_restored,0.05,0.3246753246753247,86,77,1
45,answer_only,DT_target,raw_restored,0.1,0.5974025974025974,171,77,1
45,answer_only,DT_target,raw_restored,0.2,0.8181818181818182,341,77,1
45,answer_only,DT_target,regex_cached,0.05,0.7012987012987013,86,77,1
45,answer_only,DT_target,regex_cached,0.1,0.987012987012987,171,77,1
45,answer_only,DT_target,regex_cached,0.2,0.987012987012987,341,77,1
45,answer_only,DT_target,regex_restored,0.05,0.7012987012987013,86,77,1
45,answer_only,DT_target,regex_restored,0.1,0.987012987012987,171,77,1
45,answer_only,DT_target,regex_restored,0.2,0.987012987012987,341,77,1
45,answer_only,DT_target,regex_anchor_restored,0.05,0.7012987012987013,86,77,1
45,answer_only,DT_target,regex_anchor_restored,0.1,1.0,171,77,1
45,answer_only,DT_target,regex_anchor_restored,0.2,1.0,341,77,1
45,answer_only,DT_target,native_token_restored,0.05,0.7012987012987013,86,77,1
45,answer_only,DT_target,native_token_restored,0.1,1.0,171,77,1
45,answer_only,DT_target,native_token_restored,0.2,1.0,341,77,1
45,answer_only,FT_K1,raw_cached,0.05,0.44155844155844154,86,77,1
45,answer_only,FT_K1,raw_cached,0.1,0.6493506493506493,171,77,1
45,answer_only,FT_K1,raw_cached,0.2,0.8181818181818182,341,77,1
45,answer_only,FT_K1,raw_restored,0.05,0.44155844155844154,86,77,1
45,answer_only,FT_K1,raw_restored,0.1,0.6493506493506493,171,77,1
45,answer_only,FT_K1,raw_restored,0.2,0.8181818181818182,341,77,1
45,answer_only,FT_K1,regex_cached,0.05,0.8571428571428571,86,77,1
45,answer_only,FT_K1,regex_cached,0.1,1.0,171,77,1
45,answer_only,FT_K1,regex_cached,0.2,1.0,341,77,1
45,answer_only,FT_K1,regex_restored,0.05,0.8571428571428571,86,77,1
45,answer_only,FT_K1,regex_restored,0.1,1.0,171,77,1
45,answer_only,FT_K1,regex_restored,0.2,1.0,341,77,1
45,answer_only,FT_K1,regex_anchor_restored,0.05,0.8831168831168831,86,77,1
45,answer_only,FT_K1,regex_anchor_restored,0.1,1.0,171,77,1
45,answer_only,FT_K1,regex_anchor_restored,0.2,1.0,341,77,1
45,answer_only,FT_K1,native_token_restored,0.05,0.7012987012987013,86,77,1
45,answer_only,FT_K1,native_token_restored,0.1,1.0,171,77,1
45,answer_only,FT_K1,native_token_restored,0.2,1.0,341,77,1
45,answer_only,FT_K3,raw_cached,0.05,0.44155844155844154,86,77,1
45,answer_only,FT_K3,raw_cached,0.1,0.6493506493506493,171,77,1
45,answer_only,FT_K3,raw_cached,0.2,0.7792207792207793,341,77,1
45,answer_only,FT_K3,raw_restored,0.05,0.44155844155844154,86,77,1
45,answer_only,FT_K3,raw_restored,0.1,0.6493506493506493,171,77,1
45,answer_only,FT_K3,raw_restored,0.2,0.7792207792207793,341,77,1
45,answer_only,FT_K3,regex_cached,0.05,0.8571428571428571,86,77,1
45,answer_only,FT_K3,regex_cached,0.1,1.0,171,77,1
45,answer_only,FT_K3,regex_cached,0.2,1.0,341,77,1
45,answer_only,FT_K3,regex_restored,0.05,0.8571428571428571,86,77,1
45,answer_only,FT_K3,regex_restored,0.1,1.0,171,77,1
45,answer_only,FT_K3,regex_restored,0.2,1.0,341,77,1
45,answer_only,FT_K3,regex_anchor_restored,0.05,0.8831168831168831,86,77,1
45,answer_only,FT_K3,regex_anchor_restored,0.1,1.0,171,77,1
45,answer_only,FT_K3,regex_anchor_restored,0.2,1.0,341,77,1
45,answer_only,FT_K3,native_token_restored,0.05,0.8441558441558441,86,77,1
45,answer_only,FT_K3,native_token_restored,0.1,1.0,171,77,1
45,answer_only,FT_K3,native_token_restored,0.2,1.0,341,77,1
46,answer_only,DT_target,raw_cached,0.05,0.1724137931034483,65,58,1
46,answer_only,DT_target,raw_cached,0.1,0.22413793103448276,130,58,1
46,answer_only,DT_target,raw_cached,0.2,0.3793103448275862,260,58,1
46,answer_only,DT_target,raw_restored,0.05,0.1724137931034483,65,58,1
46,answer_only,DT_target,raw_restored,0.1,0.22413793103448276,130,58,1
46,answer_only,DT_target,raw_restored,0.2,0.3793103448275862,260,58,1
46,answer_only,DT_target,regex_cached,0.05,1.0,65,58,1
46,answer_only,DT_target,regex_cached,0.1,1.0,130,58,1
46,answer_only,DT_target,regex_cached,0.2,1.0,260,58,1
46,answer_only,DT_target,regex_restored,0.05,1.0,65,58,1
46,answer_only,DT_target,regex_restored,0.1,1.0,130,58,1
46,answer_only,DT_target,regex_restored,0.2,1.0,260,58,1
46,answer_only,DT_target,regex_anchor_restored,0.05,1.0,65,58,1
46,answer_only,DT_target,regex_anchor_restored,0.1,1.0,130,58,1
46,answer_only,DT_target,regex_anchor_restored,0.2,1.0,260,58,1
46,answer_only,DT_target,native_token_restored,0.05,0.9310344827586207,65,58,1
46,answer_only,DT_target,native_token_restored,0.1,1.0,130,58,1
46,answer_only,DT_target,native_token_restored,0.2,1.0,260,58,1
46,answer_only,FT_K1,raw_cached,0.05,0.15517241379310345,65,58,1
46,answer_only,FT_K1,raw_cached,0.1,0.25862068965517243,130,58,1
46,answer_only,FT_K1,raw_cached,0.2,0.3448275862068966,260,58,1
46,answer_only,FT_K1,raw_restored,0.05,0.15517241379310345,65,58,1
46,answer_only,FT_K1,raw_restored,0.1,0.25862068965517243,130,58,1
46,answer_only,FT_K1,raw_restored,0.2,0.3448275862068966,260,58,1
46,answer_only,FT_K1,regex_cached,0.05,0.43103448275862066,65,58,1
46,answer_only,FT_K1,regex_cached,0.1,1.0,130,58,1
46,answer_only,FT_K1,regex_cached,0.2,1.0,260,58,1
46,answer_only,FT_K1,regex_restored,0.05,0.43103448275862066,65,58,1
46,answer_only,FT_K1,regex_restored,0.1,1.0,130,58,1
46,answer_only,FT_K1,regex_restored,0.2,1.0,260,58,1
46,answer_only,FT_K1,regex_anchor_restored,0.05,0.43103448275862066,65,58,1
46,answer_only,FT_K1,regex_anchor_restored,0.1,1.0,130,58,1
46,answer_only,FT_K1,regex_anchor_restored,0.2,1.0,260,58,1
46,answer_only,FT_K1,native_token_restored,0.05,0.43103448275862066,65,58,1
46,answer_only,FT_K1,native_token_restored,0.1,1.0,130,58,1
46,answer_only,FT_K1,native_token_restored,0.2,1.0,260,58,1
46,answer_only,FT_K3,raw_cached,0.05,0.15517241379310345,65,58,1
46,answer_only,FT_K3,raw_cached,0.1,0.25862068965517243,130,58,1
46,answer_only,FT_K3,raw_cached,0.2,0.3448275862068966,260,58,1
46,answer_only,FT_K3,raw_restored,0.05,0.15517241379310345,65,58,1
46,answer_only,FT_K3,raw_restored,0.1,0.25862068965517243,130,58,1
46,answer_only,FT_K3,raw_restored,0.2,0.3448275862068966,260,58,1
46,answer_only,FT_K3,regex_cached,0.05,0.43103448275862066,65,58,1
46,answer_only,FT_K3,regex_cached,0.1,1.0,130,58,1
46,answer_only,FT_K3,regex_cached,0.2,1.0,260,58,1
46,answer_only,FT_K3,regex_restored,0.05,0.43103448275862066,65,58,1
46,answer_only,FT_K3,regex_restored,0.1,1.0,130,58,1
46,answer_only,FT_K3,regex_restored,0.2,1.0,260,58,1
46,answer_only,FT_K3,regex_anchor_restored,0.05,0.43103448275862066,65,58,1
46,answer_only,FT_K3,regex_anchor_restored,0.1,1.0,130,58,1
46,answer_only,FT_K3,regex_anchor_restored,0.2,1.0,260,58,1
46,answer_only,FT_K3,native_token_restored,0.05,0.43103448275862066,65,58,1
46,answer_only,FT_K3,native_token_restored,0.1,1.0,130,58,1
46,answer_only,FT_K3,native_token_restored,0.2,1.0,260,58,1
47,answer_only,DT_target,raw_cached,0.05,0.2972972972972973,43,74,0.581081081081081
47,answer_only,DT_target,raw_cached,0.1,0.581081081081081,85,74,1
47,answer_only,DT_target,raw_cached,0.2,0.7837837837837838,170,74,1
47,answer_only,DT_target,raw_restored,0.05,0.2972972972972973,43,74,0.581081081081081
47,answer_only,DT_target,raw_restored,0.1,0.581081081081081,85,74,1
47,answer_only,DT_target,raw_restored,0.2,0.7837837837837838,170,74,1
47,answer_only,DT_target,regex_cached,0.05,0.43243243243243246,43,74,0.581081081081081
47,answer_only,DT_target,regex_cached,0.1,0.8918918918918919,85,74,1
47,answer_only,DT_target,regex_cached,0.2,1.0,170,74,1
47,answer_only,DT_target,regex_restored,0.05,0.43243243243243246,43,74,0.581081081081081
47,answer_only,DT_target,regex_restored,0.1,0.8918918918918919,85,74,1
47,answer_only,DT_target,regex_restored,0.2,1.0,170,74,1
47,answer_only,DT_target,regex_anchor_restored,0.05,0.44594594594594594,43,74,0.581081081081081
47,answer_only,DT_target,regex_anchor_restored,0.1,0.9054054054054054,85,74,1
47,answer_only,DT_target,regex_anchor_restored,0.2,1.0,170,74,1
47,answer_only,DT_target,native_token_restored,0.05,0.44594594594594594,43,74,0.581081081081081
47,answer_only,DT_target,native_token_restored,0.1,0.44594594594594594,85,74,1
47,answer_only,DT_target,native_token_restored,0.2,1.0,170,74,1
47,answer_only,FT_K1,raw_cached,0.05,0.22972972972972974,43,74,0.581081081081081
47,answer_only,FT_K1,raw_cached,0.1,0.36486486486486486,85,74,1
47,answer_only,FT_K1,raw_cached,0.2,0.5135135135135135,170,74,1
47,answer_only,FT_K1,raw_restored,0.05,0.22972972972972974,43,74,0.581081081081081
47,answer_only,FT_K1,raw_restored,0.1,0.36486486486486486,85,74,1
47,answer_only,FT_K1,raw_restored,0.2,0.5135135135135135,170,74,1
47,answer_only,FT_K1,regex_cached,0.05,0.43243243243243246,43,74,0.581081081081081
47,answer_only,FT_K1,regex_cached,0.1,0.6756756756756757,85,74,1
47,answer_only,FT_K1,regex_cached,0.2,0.6756756756756757,170,74,1
47,answer_only,FT_K1,regex_restored,0.05,0.43243243243243246,43,74,0.581081081081081
47,answer_only,FT_K1,regex_restored,0.1,0.6756756756756757,85,74,1
47,answer_only,FT_K1,regex_restored,0.2,0.6756756756756757,170,74,1
47,answer_only,FT_K1,regex_anchor_restored,0.05,0.44594594594594594,43,74,0.581081081081081
47,answer_only,FT_K1,regex_anchor_restored,0.1,0.7027027027027027,85,74,1
47,answer_only,FT_K1,regex_anchor_restored,0.2,0.7027027027027027,170,74,1
47,answer_only,FT_K1,native_token_restored,0.05,0.44594594594594594,43,74,0.581081081081081
47,answer_only,FT_K1,native_token_restored,0.1,0.7027027027027027,85,74,1
47,answer_only,FT_K1,native_token_restored,0.2,0.7027027027027027,170,74,1
47,answer_only,FT_K3,raw_cached,0.05,0.22972972972972974,43,74,0.581081081081081
47,answer_only,FT_K3,raw_cached,0.1,0.36486486486486486,85,74,1
47,answer_only,FT_K3,raw_cached,0.2,0.527027027027027,170,74,1
47,answer_only,FT_K3,raw_restored,0.05,0.22972972972972974,43,74,0.581081081081081
47,answer_only,FT_K3,raw_restored,0.1,0.36486486486486486,85,74,1
47,answer_only,FT_K3,raw_restored,0.2,0.527027027027027,170,74,1
47,answer_only,FT_K3,regex_cached,0.05,0.43243243243243246,43,74,0.581081081081081
47,answer_only,FT_K3,regex_cached,0.1,0.6756756756756757,85,74,1
47,answer_only,FT_K3,regex_cached,0.2,0.6756756756756757,170,74,1
47,answer_only,FT_K3,regex_restored,0.05,0.43243243243243246,43,74,0.581081081081081
47,answer_only,FT_K3,regex_restored,0.1,0.6756756756756757,85,74,1
47,answer_only,FT_K3,regex_restored,0.2,0.6756756756756757,170,74,1
47,answer_only,FT_K3,regex_anchor_restored,0.05,0.44594594594594594,43,74,0.581081081081081
47,answer_only,FT_K3,regex_anchor_restored,0.1,0.7027027027027027,85,74,1
47,answer_only,FT_K3,regex_anchor_restored,0.2,0.7027027027027027,170,74,1
47,answer_only,FT_K3,native_token_restored,0.05,0.44594594594594594,43,74,0.581081081081081
47,answer_only,FT_K3,native_token_restored,0.1,0.7027027027027027,85,74,1
47,answer_only,FT_K3,native_token_restored,0.2,0.7027027027027027,170,74,1
