task,index,dt_rise,ft_rise,delta,dt_positive_rise,signed_minus_positive,dt_recall,ft_k3_recall,dt_mas,ft_mas,prompt_length,target_length,eligible_count,gold_count,positive_fraction,negative_fraction,gold_positive_fraction,root_effect,relative_residual,max_replay_l2,score_full,score_deleted,endpoint_gap,dt_zero_step,ft_zero_step,dt_y_1,ft_y_1,dt_deleted_gold_1,ft_deleted_gold_1,dt_negative_deleted_1,dt_y_2,ft_y_2,dt_deleted_gold_2,ft_deleted_gold_2,dt_negative_deleted_2,dt_y_4,ft_y_4,dt_deleted_gold_4,ft_deleted_gold_4,dt_negative_deleted_4,dt_y_10,ft_y_10,dt_deleted_gold_10,ft_deleted_gold_10,dt_negative_deleted_10
niah_mq_q2,0,0.1708100558659218,0.15013966480446925,0.020670391061452548,0.1708100558659218,0.0,0.425,0.3,0.22696761756746442,0.26485657112623545,357,248,310,40,0.635483870967742,0.36451612903225805,1.0,178.243640327364,-0.0034477138245198294,0.0,-109.0,-288.0,179.0,8,10,0.8324022346368715,0.7318435754189944,0.225,0.1,0,0.6536312849162011,0.5865921787709497,0.425,0.3,0,0.33519553072625696,0.22346368715083798,0.725,0.525,0,0.0,0.0,1.0,0.9,0
niah_mq_q2,1,0.04441489361702128,0.05851063829787233,-0.01409574468085105,0.04441489361702128,0.0,0.9473684210526315,0.7894736842105263,0.06821119707788678,0.23550349634985673,954,264,862,38,0.5394431554524362,0.4605568445475638,1.0,186.3029517640249,-0.0005990316106782049,0.0,-128.0,-316.0,188.0,3,4,0.3776595744680851,0.5425531914893617,0.5789473684210527,0.3684210526315789,0,0.010638297872340425,0.10638297872340426,0.9473684210526315,0.7368421052631579,0,0.0,0.0,1.0,0.868421052631579,0,0.0,0.0,1.0,0.9473684210526315,0
niah_mq_q2,2,0.06294117647058824,0.04911764705882352,0.013823529411764714,0.06294117647058824,0.0,0.9210526315789473,0.8421052631578947,0.08452000728282565,0.24166098394043883,954,291,862,38,0.511600928074246,0.48839907192575405,1.0,171.12412248483272,0.0034136506557412584,0.0,-144.0,-314.0,170.0,7,3,0.5117647058823529,0.4,0.6052631578947368,0.3684210526315789,0,0.07058823529411765,0.08235294117647059,0.9210526315789473,0.7894736842105263,0,0.03529411764705882,0.0,0.9736842105263158,0.868421052631579,0,0.0,0.0,1.0,0.9210526315789473,0
niah_mq_q2,3,0.15447658402203857,0.12169421487603305,0.03278236914600552,0.15447658402203857,0.0,0.3684210526315789,0.34210526315789475,0.20221674415115362,0.2607762181063418,351,239,304,38,0.6348684210526315,0.3651315789473684,1.0,182.73294591827351,0.0009634818519759046,0.0,-88.5,-270.0,181.5,7,8,0.7162534435261708,0.7548209366391184,0.2631578947368421,0.07894736842105263,0,0.6831955922865014,0.6005509641873278,0.3684210526315789,0.34210526315789475,0,0.3581267217630854,0.13774104683195593,0.7631578947368421,0.6578947368421053,0,0.0,0.0,1.0,0.8947368421052632,0
niah_mq_q2,4,0.1376190476190476,0.1180952380952381,0.019523809523809513,0.13380952380952377,0.003809523809523846,0.8974358974358975,0.8205128205128205,0.19738267433194165,0.25041879615626417,957,236,865,39,0.5271676300578034,0.4728323699421965,0.9743589743589743,209.4746498221001,-0.00041067347883489536,0.0,-96.0,-306.0,210.0,20,20,0.5047619047619047,0.6047619047619047,0.6410256410256411,0.3333333333333333,0,0.32857142857142857,0.12380952380952381,0.8974358974358975,0.7692307692307693,0,0.11428571428571428,0.09523809523809523,0.9743589743589743,0.8717948717948718,0,0.06666666666666667,0.0761904761904762,0.9743589743589743,0.8974358974358975,0
niah_mq_q2,5,0.06583333333333333,0.03944444444444445,0.02638888888888888,0.06583333333333333,0.0,0.8974358974358975,0.8461538461538461,0.09037998303678871,0.23461870879600197,957,268,865,39,0.5514450867052023,0.4485549132947977,1.0,181.60746414689356,0.008763190838765075,0.0,-142.0,-322.0,180.0,4,3,0.5722222222222222,0.23333333333333334,0.6153846153846154,0.5384615384615384,0,0.18888888888888888,0.05555555555555555,0.8974358974358975,0.8461538461538461,0,0.0,0.0,1.0,0.9230769230769231,0,0.0,0.0,1.0,0.9743589743589743,0
niah_mq_q2,6,0.15910404624277458,0.1359826589595376,0.023121387283236983,0.15910404624277458,0.0,0.5135135135135135,0.3783783783783784,0.21426501844082146,0.2718336718629309,348,264,301,37,0.6378737541528239,0.36212624584717606,1.0,173.40137558942445,-0.0037377017147281508,0.0,-143.0,-316.0,173.0,8,10,0.7052023121387283,0.8265895953757225,0.2972972972972973,0.10810810810810811,0,0.5491329479768786,0.5375722543352601,0.5135135135135135,0.35135135135135137,0,0.37572254335260113,0.21965317919075145,0.8108108108108109,0.6756756756756757,0,0.0,0.0,1.0,0.8918918918918919,0
niah_mq_q2,7,0.09869614512471654,0.08055555555555557,0.018140589569160967,0.09960317460317458,-0.0009070294784580407,0.8974358974358975,0.7948717948717948,0.13344894312639427,0.22823665988983946,957,260,865,39,0.5017341040462427,0.4982658959537572,1.0,221.74580945094408,0.0007080763023472067,0.0,-105.5,-326.0,220.5,18,20,0.47619047619047616,0.6122448979591837,0.5897435897435898,0.358974358974359,0,0.3356009070294785,0.14512471655328799,0.8974358974358975,0.7435897435897436,0,0.05442176870748299,0.036281179138321996,1.0,0.8717948717948718,0,0.036281179138321996,0.027210884353741496,1.0,0.8974358974358975,1
niah_mq_q2,8,0.16037906137184116,0.11128158844765343,0.04909747292418773,0.15532490974729243,0.005054151624548725,0.47368421052631576,0.42105263157894735,0.22000075761915286,0.2682409605166303,351,243,304,38,0.5986842105263158,0.40131578947368424,0.9736842105263158,138.27557012723128,0.001357267718138659,0.0,-97.5,-236.0,138.5,20,10,0.6931407942238267,0.7075812274368231,0.2631578947368421,0.15789473684210525,0,0.4693140794223827,0.555956678700361,0.5,0.34210526315789475,0,0.30324909747292417,0.05776173285198556,0.8157894736842105,0.6842105263157895,0,0.02888086642599278,0.0,0.9736842105263158,0.9210526315789473,0
niah_mq_q2,9,0.15720338983050847,0.11031073446327684,0.046892655367231625,0.15720338983050847,0.0,0.3,0.3,0.20453438446560473,0.2601101016010986,357,321,310,40,0.6096774193548387,0.3903225806451613,1.0,176.30094455811366,-0.00461785290059288,0.0,-181.0,-358.0,177.0,7,7,0.7570621468926554,0.7005649717514124,0.2,0.15,0,0.7005649717514124,0.6101694915254238,0.3,0.325,0,0.3163841807909605,0.06779661016949153,0.675,0.65,0,0.0,0.0,1.0,0.875,0
niah_mq_q2,10,0.15664251207729468,0.1281400966183575,0.02850241545893717,0.15664251207729468,0.0,0.38461538461538464,0.28205128205128205,0.20872251867231414,0.2547931087540886,354,291,307,39,0.6156351791530945,0.38436482084690554,1.0,206.91193107017676,0.000673252933297595,0.0,-133.0,-340.0,207.0,7,8,0.7584541062801933,0.748792270531401,0.23076923076923078,0.07692307692307693,0,0.6570048309178744,0.5700483091787439,0.38461538461538464,0.28205128205128205,0,0.3961352657004831,0.21256038647342995,0.7435897435897436,0.5897435897435898,0,0.0,0.0,1.0,0.8974358974358975,0
niah_mq_q2,11,0.15851498637602182,0.12908719346049047,0.029427792915531353,0.15851498637602182,0.0,0.425,0.275,0.21013720514711182,0.2730435302023165,357,244,310,40,0.5838709677419355,0.4161290322580645,1.0,184.6831009327853,0.0009317273536491835,0.0,-96.5,-280.0,183.5,7,8,0.784741144414169,0.6757493188010899,0.25,0.15,0,0.6811989100817438,0.5231607629427792,0.425,0.275,0,0.28337874659400547,0.2125340599455041,0.75,0.625,0,0.0,0.0,1.0,0.875,0
niah_mq_q2,12,0.13680904522613063,0.10766331658291457,0.02914572864321606,0.13680904522613063,0.0,0.35,0.225,0.17143559307238138,0.26995913626116297,357,342,310,40,0.6064516129032258,0.3935483870967742,1.0,199.61064936253183,0.003407281888597548,0.0,-149.0,-348.0,199.0,7,6,0.6381909547738693,0.7386934673366834,0.175,0.1,0,0.6030150753768844,0.44221105527638194,0.35,0.25,0,0.35175879396984927,0.1306532663316583,0.8,0.575,0,0.0,0.0,1.0,0.9,0
niah_mq_q2,13,0.07552356020942408,0.05719895287958114,0.018324607329842937,0.07133507853403141,0.004188481675392666,0.925,0.8,0.08452973789873852,0.2329797585950238,960,301,868,40,0.5311059907834101,0.46889400921658986,1.0,190.645714804521,0.004975515467580592,0.0,-143.0,-334.0,191.0,20,3,0.46596858638743455,0.5916230366492147,0.6,0.3,0,0.2617801047120419,0.05235602094240838,0.925,0.8,0,0.020942408376963352,0.0,1.0,0.875,0,0.010471204188481676,0.0,1.0,0.925,0
niah_mq_q2,14,0.08038461538461539,0.06217948717948718,0.018205128205128207,0.07987179487179488,0.0005128205128205054,0.925,0.8,0.09746344363421,0.231664858034544,960,229,868,40,0.5380184331797235,0.4619815668202765,1.0,193.79752758568225,0.003810233479633667,0.0,-107.0,-302.0,195.0,20,7,0.49743589743589745,0.5487179487179488,0.6,0.325,0,0.28205128205128205,0.11282051282051282,0.925,0.75,0,0.06153846153846154,0.020512820512820513,0.975,0.875,0,0.010256410256410256,0.0,1.0,0.975,0
niah_mq_q2,15,0.1358695652173913,0.11059782608695652,0.025271739130434775,0.1358695652173913,0.0,0.4146341463414634,0.3170731707317073,0.16641486935109523,0.25796207128743026,361,364,313,41,0.5686900958466453,0.43130990415335463,1.0,182.14697444744826,0.0037596952571532795,0.0,-196.0,-380.0,184.0,7,7,0.7282608695652174,0.7989130434782609,0.24390243902439024,0.12195121951219512,0,0.5869565217391305,0.44565217391304346,0.4146341463414634,0.2926829268292683,0,0.2717391304347826,0.09782608695652174,0.8048780487804879,0.6829268292682927,0,0.0,0.0,1.0,0.926829268292683,0
niah_mq_q2,16,0.11896325459317585,0.11738845144356955,0.0015748031496062992,0.11896325459317585,0.0,0.39473684210526316,0.2631578947368421,0.14222245925597812,0.2732255064714569,351,300,304,38,0.618421052631579,0.3815789473684211,1.0,190.89904791544063,0.00023869409757575655,0.0,-125.5,-316.0,190.5,8,8,0.6299212598425197,0.8188976377952756,0.18421052631578946,0.05263157894736842,0,0.5669291338582677,0.5459317585301837,0.42105263157894735,0.21052631578947367,0,0.1994750656167979,0.09448818897637795,0.6842105263157895,0.5263157894736842,0,0.0,0.0,1.0,0.8947368421052632,0
niah_mq_q2,17,0.1651985111662531,0.11830024813895781,0.04689826302729527,0.1651985111662531,0.0,0.3170731707317073,0.2682926829268293,0.21231528426520377,0.25702595937354444,360,293,313,41,0.6261980830670927,0.3738019169329074,1.0,201.91955320803208,0.001883648920764347,0.0,-110.5,-312.0,201.5,8,7,0.7344913151364765,0.7196029776674938,0.24390243902439024,0.07317073170731707,0,0.6600496277915633,0.575682382133995,0.3170731707317073,0.2926829268292683,0,0.4218362282878412,0.1687344913151365,0.6585365853658537,0.5609756097560976,0,0.0,0.0,1.0,0.9024390243902439,0
niah_mq_q2,18,0.04327956989247313,0.04112903225806451,0.002150537634408617,0.04327956989247313,0.0,0.9459459459459459,0.8108108108108109,0.06854408703773776,0.24562423487488855,951,303,859,37,0.5506402793946449,0.44935972060535506,1.0,184.93216038018556,-0.005062142031989029,0.0,-146.0,-332.0,186.0,3,3,0.3548387096774194,0.2903225806451613,0.5135135135135135,0.3783783783783784,0,0.010752688172043012,0.03225806451612903,0.9459459459459459,0.7567567567567568,0,0.0,0.0,1.0,0.8648648648648649,0,0.0,0.0,1.0,0.972972972972973,0
niah_mq_q2,19,0.14850000000000002,0.13725,0.01125000000000001,0.14850000000000002,0.0,0.358974358974359,0.23076923076923078,0.19028168189920186,0.2695274166489184,354,306,307,39,0.6123778501628665,0.38762214983713356,1.0,200.03409859640755,0.003187258869885499,0.0,-158.0,-358.0,200.0,7,11,0.705,0.815,0.1794871794871795,0.07692307692307693,0,0.65,0.51,0.358974358974359,0.20512820512820512,0,0.33,0.2,0.7692307692307693,0.5897435897435898,0,0.0,0.03,1.0,0.8205128205128205,0
niah_mq_q2,20,0.14036458333333335,0.14244791666666665,-0.002083333333333298,0.14036458333333335,0.0,0.375,0.25,0.1720151258337432,0.2704176044983279,357,290,310,40,0.6225806451612903,0.3774193548387097,1.0,193.1886801143312,0.001994840814662949,0.0,-108.0,-300.0,192.0,8,11,0.6302083333333334,0.7708333333333334,0.175,0.05,0,0.5625,0.4791666666666667,0.375,0.2,0,0.2916666666666667,0.22916666666666666,0.8,0.5,0,0.0,0.052083333333333336,1.0,0.8,0
niah_mq_q2,21,0.08471563981042658,0.06528436018957345,0.01943127962085313,0.08471563981042658,0.0,0.8974358974358975,0.7435897435897436,0.10463878780577474,0.2506809728898633,957,347,865,39,0.5190751445086705,0.48092485549132946,1.0,211.2842761834125,0.00023978905006397634,0.0,-151.0,-362.0,211.0,20,14,0.44549763033175355,0.4549763033175355,0.46153846153846156,0.3333333333333333,0,0.26540284360189575,0.14218009478672985,0.8974358974358975,0.6923076923076923,0,0.02843601895734597,0.037914691943127965,1.0,0.8205128205128205,0,0.018957345971563982,0.009478672985781991,1.0,0.9230769230769231,0
niah_mq_q2,22,0.2071759259259259,0.24282407407407405,-0.03564814814814815,0.2085648148148148,-0.001388888888888884,0.35714285714285715,0.23809523809523808,0.2736483180730254,0.2813861869690283,363,321,316,42,0.7436708860759493,0.2563291139240506,1.0,217.10242890983955,0.004033010901223416,0.0,-162.0,-378.0,216.0,16,19,0.875,0.8333333333333334,0.16666666666666666,0.09523809523809523,0,0.7083333333333334,0.6805555555555556,0.35714285714285715,0.23809523809523808,0,0.3333333333333333,0.4351851851851852,0.7142857142857143,0.5238095238095238,0,0.07407407407407407,0.1388888888888889,1.0,0.9285714285714286,0
niah_mq_q2,23,0.049928366762177656,0.04391117478510028,0.0060171919770773755,0.049928366762177656,0.0,0.9736842105263158,0.7894736842105263,0.07033148343162102,0.2338763662705184,954,277,862,38,0.5533642691415314,0.4466357308584687,1.0,174.51324865077328,0.005659041930032546,0.0,-107.5,-282.0,174.5,3,3,0.3954154727793696,0.28653295128939826,0.6052631578947368,0.42105263157894735,0,0.10315186246418338,0.09169054441260745,0.9736842105263158,0.7368421052631579,0,0.0,0.0,0.9736842105263158,0.868421052631579,0,0.0,0.0,1.0,0.9210526315789473,0
niah_mq_q2,24,0.1611271676300578,0.125,0.0361271676300578,0.1611271676300578,0.0,0.4358974358974359,0.28205128205128205,0.22448223222729596,0.2619454461586151,354,356,307,39,0.6612377850162866,0.33876221498371334,1.0,172.6027583322857,0.004121503247187152,0.0,-191.0,-364.0,173.0,7,8,0.7341040462427746,0.7398843930635838,0.28205128205128205,0.10256410256410256,0,0.6473988439306358,0.5549132947976878,0.46153846153846156,0.2564102564102564,0,0.3583815028901734,0.12716763005780346,0.8461538461538461,0.6153846153846154,0,0.0,0.0,1.0,0.8974358974358975,0
niah_mq_q2,25,0.21431116389548696,0.19982185273159145,0.014489311163895513,0.2219121140142518,-0.0076009501187648265,0.868421052631579,0.8421052631578947,0.3583895643887322,0.3062407031910356,954,241,862,38,0.5580046403712297,0.4419953596287703,0.9736842105263158,210.4937388737169,0.00249113806499612,0.0,-123.5,-334.0,210.5,20,20,0.517814726840855,0.44655581947743467,0.631578947368421,0.5,0,0.4180522565320665,0.2755344418052256,0.868421052631579,0.7894736842105263,0,0.31353919239904987,0.1995249406175772,0.9473684210526315,0.868421052631579,0,0.16152019002375298,0.18052256532066507,0.9736842105263158,0.8947368421052632,0
niah_mq_q2,26,0.0634180790960452,0.054378531073446326,0.009039548022598876,0.0634180790960452,0.0,0.9230769230769231,0.8205128205128205,0.0808519006390757,0.2268147566449062,957,248,865,39,0.5317919075144508,0.4682080924855491,1.0,177.50482117961633,-1.4722779558732107e-05,0.0,-121.0,-298.0,177.0,4,14,0.4576271186440678,0.3728813559322034,0.5641025641025641,0.46153846153846156,0,0.2542372881355932,0.06779661016949153,0.9230769230769231,0.7948717948717948,0,0.0,0.022598870056497175,1.0,0.8717948717948718,0,0.0,0.011299435028248588,1.0,0.9487179487179487,0
niah_mq_q2,27,0.059806629834254145,0.047928176795580105,0.01187845303867404,0.059806629834254145,0.0,0.875,0.85,0.08458300589005581,0.24243209989990838,960,282,868,40,0.5368663594470046,0.4631336405529954,1.0,179.80402779425367,-0.00029824163326401575,0.0,-135.0,-316.0,181.0,4,3,0.5303867403314917,0.4143646408839779,0.55,0.35,0,0.08839779005524862,0.04419889502762431,0.875,0.8,0,0.0,0.0,1.0,0.875,0,0.0,0.0,1.0,0.925,0
niah_mq_q2,28,0.053877005347593585,0.04371657754010696,0.010160427807486626,0.053877005347593585,0.0,0.9743589743589743,0.8205128205128205,0.06666794525600098,0.23422824720026258,957,315,865,39,0.522543352601156,0.4774566473988439,1.0,187.9899537580576,-0.000487629351211883,0.0,-165.0,-352.0,187.0,4,3,0.39572192513368987,0.35294117647058826,0.5897435897435898,0.4358974358974359,0,0.12834224598930483,0.0213903743315508,0.9743589743589743,0.8205128205128205,0,0.0,0.0,1.0,0.8461538461538461,0,0.0,0.0,1.0,0.9230769230769231,0
niah_mq_q2,29,0.1296583850931677,0.1125776397515528,0.01708074534161491,0.1296583850931677,0.0,0.39473684210526316,0.2894736842105263,0.15927453387749108,0.25676518446392976,351,329,304,38,0.6019736842105263,0.3980263157894737,1.0,160.99608226537998,0.00493572535701642,0.0,-165.0,-326.0,161.0,7,7,0.7888198757763976,0.7329192546583851,0.2631578947368421,0.07894736842105263,0,0.546583850931677,0.5217391304347826,0.42105263157894735,0.2631578947368421,0,0.2360248447204969,0.14906832298136646,0.7368421052631579,0.5789473684210527,0,0.0,0.0,1.0,0.9210526315789473,0
niah_mq_q2,30,0.11395027624309391,0.11201657458563537,0.001933701657458542,0.11395027624309391,0.0,0.35,0.25,0.13625056025659715,0.25548526234218727,358,369,310,40,0.6161290322580645,0.38387096774193546,1.0,180.03082529345807,-0.002539402778551552,0.0,-199.0,-380.0,181.0,7,6,0.5303867403314917,0.8011049723756906,0.225,0.025,0,0.3867403314917127,0.4861878453038674,0.375,0.2,0,0.2541436464088398,0.11049723756906077,0.725,0.575,0,0.0,0.0,1.0,0.925,0
niah_mq_q2,31,0.06026315789473684,0.05578947368421052,0.004473684210526317,0.06026315789473684,0.0,0.9743589743589743,0.8205128205128205,0.08396567054959896,0.23145746185225774,957,254,865,39,0.5526011560693641,0.44739884393063584,1.0,188.05054849796772,0.0009198887183016484,0.0,-140.0,-330.0,190.0,3,3,0.5684210526315789,0.5105263157894737,0.6153846153846154,0.358974358974359,0,0.1368421052631579,0.10526315789473684,0.9743589743589743,0.7692307692307693,0,0.0,0.0,1.0,0.8717948717948718,0,0.0,0.0,1.0,0.9230769230769231,0
niah_mq_q2,32,0.11882022471910111,0.11264044943820226,0.006179775280898858,0.11882022471910111,0.0,0.34210526315789475,0.21052631578947367,0.14613459078552865,0.26611499723528487,351,319,304,38,0.5953947368421053,0.40460526315789475,1.0,175.6376638902276,-0.00039204738724673833,0.0,-166.0,-344.0,178.0,6,9,0.651685393258427,0.8089887640449438,0.18421052631578946,0.05263157894736842,0,0.5617977528089888,0.5617977528089888,0.34210526315789475,0.15789473684210525,0,0.21348314606741572,0.07865168539325842,0.6052631578947368,0.6052631578947368,0,0.0,0.0,1.0,0.8947368421052632,0
niah_mq_q2,33,0.11174351585014408,0.060446685878962535,0.05129682997118155,0.10713256484149858,0.004610951008645503,0.9487179487179487,0.8461538461538461,0.1495453464600352,0.24851755592208208,957,273,865,39,0.5641618497109827,0.43583815028901735,1.0,173.27084493273944,0.0028113760397620977,0.0,-108.5,-282.0,173.5,20,7,0.5417867435158501,0.4783861671469741,0.6666666666666666,0.3333333333333333,0,0.3515850144092219,0.09221902017291066,0.9487179487179487,0.8205128205128205,0,0.1037463976945245,0.0345821325648415,1.0,0.8717948717948718,0,0.0345821325648415,0.0,1.0,0.8974358974358975,0
niah_mq_q2,34,0.13495145631067965,0.12912621359223303,0.005825242718446616,0.13495145631067965,0.0,0.34210526315789475,0.2894736842105263,0.17850304158608177,0.27328709084305286,351,280,304,38,0.6513157894736842,0.34868421052631576,1.0,205.09772959624092,0.0005838647729902256,0.0,-126.0,-332.0,206.0,7,8,0.6893203883495146,0.7475728155339806,0.18421052631578946,0.10526315789473684,0,0.6504854368932039,0.6601941747572816,0.3684210526315789,0.2894736842105263,0,0.3300970873786408,0.11650485436893204,0.7368421052631579,0.631578947368421,0,0.0,0.0,1.0,0.868421052631579,0
niah_mq_q2,35,0.05620204603580563,0.0828005115089514,-0.026598465473145774,0.05620204603580563,0.0,0.868421052631579,0.7894736842105263,0.07557456905056485,0.23541274397617634,954,239,862,38,0.5359628770301624,0.46403712296983757,1.0,194.2994921832045,-0.0004691019408142734,0.0,-116.5,-312.0,195.5,3,16,0.47058823529411764,0.5831202046035806,0.6052631578947368,0.34210526315789475,0,0.1534526854219949,0.1534526854219949,0.8947368421052632,0.7631578947368421,0,0.0,0.04092071611253197,0.9736842105263158,0.868421052631579,0,0.0,0.020460358056265986,1.0,0.9210526315789473,0
niah_mq_q2,36,0.15177165354330707,0.12762467191601048,0.024146981627296588,0.15177165354330707,0.0,0.40476190476190477,0.30952380952380953,0.19437823580775543,0.26162538356897375,363,302,316,42,0.6645569620253164,0.33544303797468356,1.0,191.65641052438605,0.001919741852361697,0.0,-109.5,-300.0,190.5,7,8,0.7559055118110236,0.7716535433070866,0.19047619047619047,0.07142857142857142,0,0.6404199475065617,0.5301837270341208,0.40476190476190477,0.30952380952380953,0,0.2887139107611549,0.1889763779527559,0.7142857142857143,0.5476190476190477,0,0.0,0.0,1.0,0.9047619047619048,0
niah_mq_q2,37,0.13884180790960454,0.125,0.013841807909604542,0.13884180790960454,0.0,0.41025641025641024,0.3076923076923077,0.17031825618601526,0.2555912223689881,354,246,307,39,0.6319218241042345,0.36807817589576547,1.0,177.5089321569131,0.003646049255122774,0.0,-111.0,-288.0,177.0,8,7,0.7796610169491526,0.7401129943502824,0.23076923076923078,0.07692307692307693,0,0.5480225988700564,0.6271186440677966,0.4358974358974359,0.28205128205128205,0,0.2542372881355932,0.1977401129943503,0.717948717948718,0.6153846153846154,0,0.0,0.0,1.0,0.8974358974358975,0
niah_mq_q2,38,0.052445652173913046,0.053260869565217396,-0.0008152173913043501,0.052445652173913046,0.0,0.95,0.775,0.07453117544178425,0.2490670777719825,960,276,868,40,0.5391705069124424,0.4608294930875576,1.0,182.5501082213118,0.0005211568267469646,0.0,-140.0,-324.0,184.0,3,5,0.42934782608695654,0.41304347826086957,0.575,0.35,0,0.11956521739130435,0.10869565217391304,0.95,0.775,0,0.0,0.010869565217391304,1.0,0.875,0,0.0,0.0,1.0,0.9,0
niah_mq_q2,39,0.12057291666666667,0.10182291666666668,0.01874999999999999,0.12057291666666667,0.0,0.3333333333333333,0.2564102564102564,0.1372621443102266,0.2679598957952109,354,329,307,39,0.5928338762214984,0.40716612377850164,0.9743589743589743,191.96442742541728,0.00025524645108845813,0.0,-150.0,-342.0,192.0,7,7,0.6197916666666666,0.734375,0.1794871794871795,0.05128205128205128,0,0.4375,0.3854166666666667,0.358974358974359,0.2564102564102564,0,0.22916666666666666,0.09375,0.717948717948718,0.5384615384615384,0,0.0,0.0,0.9743589743589743,0.8461538461538461,0
niah_mq_q2,40,0.09961928934010152,0.09657360406091371,0.003045685279187804,0.1072335025380711,-0.00761421319796958,0.8918918918918919,0.8108108108108109,0.14783483655099017,0.2521189732320529,951,231,859,37,0.4691501746216531,0.5308498253783469,1.0,197.28643658000692,0.00029130363129535434,0.0,-127.0,-324.0,197.0,20,20,0.467005076142132,0.6192893401015228,0.6756756756756757,0.35135135135135137,0,0.30456852791878175,0.14213197969543148,0.8918918918918919,0.7567567567567568,0,0.09137055837563451,0.04060913705583756,1.0,0.8648648648648649,0,0.050761421319796954,0.04060913705583756,1.0,0.9459459459459459,27
niah_mq_q2,41,0.04357923497267759,0.0424863387978142,0.0010928961748633906,0.04357923497267759,0.0,0.9473684210526315,0.8421052631578947,0.06948777680140325,0.24055906116073889,954,337,862,38,0.525522041763341,0.47447795823665895,1.0,182.11035186806043,-0.0007631859251164077,0.0,-203.0,-386.0,183.0,2,3,0.37158469945355194,0.32786885245901637,0.5526315789473685,0.4473684210526316,0,0.0,0.02185792349726776,0.9473684210526315,0.8157894736842105,0,0.0,0.0,1.0,0.868421052631579,0,0.0,0.0,1.0,0.9736842105263158,0
niah_mq_q2,42,0.1343220338983051,0.10494350282485876,0.029378531073446346,0.1343220338983051,0.0,0.48717948717948717,0.3076923076923077,0.17227992300739142,0.2717134778421655,354,326,307,39,0.6742671009771987,0.3257328990228013,1.0,176.3214498291643,0.0025143692969492423,0.0,-187.0,-364.0,177.0,7,6,0.7288135593220338,0.8757062146892656,0.2564102564102564,0.07692307692307693,0,0.5536723163841808,0.384180790960452,0.48717948717948717,0.3076923076923077,0,0.2937853107344633,0.06779661016949153,0.8205128205128205,0.6666666666666666,0,0.0,0.0,1.0,0.8974358974358975,0
niah_mq_q2,43,0.1339189189189189,0.11148648648648647,0.02243243243243244,0.1339189189189189,0.0,0.41025641025641024,0.28205128205128205,0.16469165174382078,0.2658994423484471,354,329,307,39,0.5798045602605864,0.4201954397394137,1.0,185.85802110918104,0.0037952983796301553,0.0,-141.0,-326.0,185.0,6,7,0.654054054054054,0.8378378378378378,0.20512820512820512,0.02564102564102564,0,0.6054054054054054,0.5135135135135135,0.4358974358974359,0.28205128205128205,0,0.34594594594594597,0.06486486486486487,0.6666666666666666,0.5641025641025641,0,0.0,0.0,1.0,0.8974358974358975,0
niah_mq_q2,44,0.14754196642685852,0.12356115107913668,0.02398081534772184,0.14754196642685852,0.0,0.36585365853658536,0.3170731707317073,0.1946956243074533,0.259955565159184,360,289,313,41,0.6325878594249201,0.36741214057507987,1.0,207.9170415711959,-0.0012473324116803628,0.0,-127.5,-336.0,208.5,7,7,0.8009592326139089,0.7577937649880095,0.1951219512195122,0.0975609756097561,0,0.709832134292566,0.5707434052757794,0.36585365853658536,0.3170731707317073,0,0.28776978417266186,0.22062350119904076,0.7804878048780488,0.5853658536585366,0,0.0,0.0,1.0,0.9512195121951219,0
niah_mq_q2,45,0.18116438356164383,0.14582191780821918,0.035342465753424646,0.18116438356164383,0.0,0.425,0.275,0.24654459448135174,0.2663142600738696,357,281,310,40,0.6290322580645161,0.3709677419354839,1.0,183.76844947720303,0.0035712229077742162,0.0,-117.5,-300.0,182.5,9,10,0.7671232876712328,0.7835616438356164,0.225,0.125,0,0.7068493150684931,0.684931506849315,0.425,0.3,0,0.4876712328767123,0.20821917808219179,0.7,0.575,0,0.0,0.0,1.0,0.9,0
niah_mq_q2,46,0.05925414364640884,0.05151933701657459,0.007734806629834251,0.05925414364640884,0.0,0.8947368421052632,0.7894736842105263,0.08160583384009805,0.24346839377564816,954,264,862,38,0.5104408352668214,0.4895591647331787,1.0,180.90323581423814,0.0026533669491772484,0.0,-133.0,-314.0,181.0,3,3,0.4972375690607735,0.4419889502762431,0.6052631578947368,0.42105263157894735,0,0.1878453038674033,0.08839779005524862,0.8947368421052632,0.7631578947368421,0,0.0,0.0,1.0,0.8947368421052632,0,0.0,0.0,1.0,0.9473684210526315,0
niah_mq_q2,47,0.05653409090909091,0.05113636363636363,0.005397727272727276,0.05653409090909091,0.0,0.8461538461538461,0.7692307692307693,0.0715864853900399,0.24858285423864407,957,256,865,39,0.49710982658959535,0.5028901734104047,1.0,177.29681182800277,0.0034499029023236623,0.0,-100.0,-276.0,176.0,4,4,0.3977272727272727,0.3693181818181818,0.5641025641025641,0.41025641025641024,0,0.19886363636363635,0.13068181818181818,0.8461538461538461,0.6666666666666666,0,0.0,0.0,1.0,0.8717948717948718,0,0.0,0.0,1.0,0.9230769230769231,5
niah_mq_q2,48,0.05113636363636363,0.05,0.0011363636363636298,0.05113636363636363,0.0,0.9512195121951219,0.8292682926829268,0.08091268832565623,0.22910133360058432,963,339,871,41,0.5350172215843858,0.46498277841561425,1.0,176.1157530761818,-0.0012524946945698086,0.0,-172.0,-348.0,176.0,2,3,0.5227272727272727,0.42045454545454547,0.5853658536585366,0.3902439024390244,0,0.0,0.07954545454545454,0.9512195121951219,0.8048780487804879,0,0.0,0.0,1.0,0.926829268292683,0,0.0,0.0,1.0,0.9512195121951219,0
niah_mq_q2,49,0.08679487179487178,0.0965384615384615,-0.009743589743589728,0.08628205128205127,0.0005128205128205054,0.9210526315789473,0.7894736842105263,0.1055544158607589,0.24493128762639493,954,216,862,38,0.49071925754060325,0.5092807424593968,0.9736842105263158,193.26036464972663,0.0020102978097528445,0.0,-125.0,-320.0,195.0,20,20,0.48717948717948717,0.5897435897435898,0.631578947368421,0.3684210526315789,0,0.22564102564102564,0.10256410256410256,0.9210526315789473,0.7368421052631579,0,0.041025641025641026,0.06153846153846154,0.9473684210526315,0.868421052631579,0,0.020512820512820513,0.041025641025641026,0.9736842105263158,0.9210526315789473,9
niah_mq_q2,50,0.1789893617021277,0.13191489361702127,0.04707446808510643,0.1789893617021277,0.0,0.34146341463414637,0.3170731707317073,0.23840324438412458,0.27168795798567313,360,326,313,41,0.6070287539936102,0.3929712460063898,0.975609756097561,187.91651888677904,-0.00011252459597259523,0.0,-142.0,-330.0,188.0,9,8,0.723404255319149,0.7819148936170213,0.21951219512195122,0.07317073170731707,0,0.6223404255319149,0.5691489361702128,0.34146341463414637,0.2926829268292683,0,0.44680851063829785,0.20212765957446807,0.6341463414634146,0.5121951219512195,0,0.0,0.0,0.975609756097561,0.8780487804878049,0
niah_mq_q2,51,0.13964646464646466,0.13964646464646463,2.7755575615628914e-17,0.13964646464646466,0.0,0.4146341463414634,0.2682926829268293,0.16226532795579382,0.2504366010591761,360,363,313,41,0.597444089456869,0.402555910543131,1.0,197.71080416589484,-0.0013104000787484142,0.0,-162.0,-360.0,198.0,11,9,0.7676767676767676,0.7474747474747475,0.1951219512195122,0.07317073170731707,0,0.5353535353535354,0.6161616161616161,0.4146341463414634,0.2926829268292683,0,0.2222222222222222,0.20202020202020202,0.7073170731707317,0.5365853658536586,0,0.010101010101010102,0.0,1.0,0.8780487804878049,0
niah_mq_q2,52,0.04469696969696969,0.04924242424242424,-0.004545454545454547,0.04469696969696969,0.0,0.8717948717948718,0.7692307692307693,0.06834301323843264,0.243201573245506,957,288,865,39,0.5271676300578034,0.4728323699421965,1.0,199.28148273851514,-0.0014778096819435306,0.0,-142.0,-340.0,198.0,4,4,0.2727272727272727,0.3939393939393939,0.5897435897435898,0.3333333333333333,0,0.1111111111111111,0.08080808080808081,0.8717948717948718,0.717948717948718,0,0.0,0.0,1.0,0.8717948717948718,0,0.0,0.0,1.0,0.9487179487179487,0
niah_mq_q2,53,0.0651913875598086,0.050358851674641145,0.014832535885167461,0.0651913875598086,0.0,0.9743589743589743,0.8461538461538461,0.07715544407064209,0.2423557635518839,957,356,865,39,0.5283236994219653,0.47167630057803467,1.0,211.18906936888766,0.003802462008338991,0.0,-213.0,-422.0,209.0,9,3,0.430622009569378,0.45933014354066987,0.5897435897435898,0.3333333333333333,0,0.22966507177033493,0.04784688995215311,0.9743589743589743,0.7948717948717948,0,0.009569377990430622,0.0,1.0,0.8717948717948718,0,0.0,0.0,1.0,0.9487179487179487,0
niah_mq_q2,54,0.05433333333333333,0.043666666666666666,0.010666666666666665,0.05433333333333333,0.0,0.8947368421052632,0.7894736842105263,0.07276225839647761,0.24651091763464125,954,288,862,38,0.4918793503480278,0.5081206496519721,1.0,189.0168563442034,0.0006505243846381497,0.0,-112.5,-300.0,187.5,3,6,0.43733333333333335,0.224,0.5789473684210527,0.42105263157894735,0,0.14933333333333335,0.05333333333333334,0.8947368421052632,0.7894736842105263,0,0.0,0.032,1.0,0.8421052631578947,0,0.0,0.0,1.0,0.9210526315789473,8
niah_mq_q2,55,0.14943438914027146,0.14898190045248869,0.00045248868778277607,0.14943438914027146,0.0,0.35,0.25,0.19327938736604472,0.2667021427713426,357,321,310,40,0.635483870967742,0.36451612903225805,1.0,222.09542305690775,0.0009797162180310694,0.0,-141.0,-362.0,221.0,7,11,0.755656108597285,0.7149321266968326,0.2,0.05,0,0.6289592760180995,0.5158371040723982,0.35,0.25,0,0.38009049773755654,0.3438914027149321,0.725,0.475,0,0.0,0.03619909502262444,1.0,0.875,0
niah_mq_q2,56,0.1412621359223301,0.11529126213592233,0.025970873786407778,0.1412621359223301,0.0,0.39473684210526316,0.34210526315789475,0.16910995809353463,0.24210045244390915,351,342,304,38,0.6052631578947368,0.39473684210526316,1.0,205.40317543018045,0.0010490901107075678,0.0,-182.0,-388.0,206.0,14,9,0.7038834951456311,0.7475728155339806,0.15789473684210525,0.07894736842105263,0,0.44660194174757284,0.36893203883495146,0.42105263157894735,0.34210526315789475,0,0.2815533980582524,0.18446601941747573,0.7105263157894737,0.6052631578947368,0,0.02912621359223301,0.0,1.0,0.868421052631579,0
niah_mq_q2,57,0.14764150943396226,0.13335579514824797,0.01428571428571429,0.14764150943396226,0.0,0.38461538461538464,0.3076923076923077,0.18998784981834146,0.25588455967624946,354,240,307,39,0.6286644951140065,0.3713355048859935,1.0,184.61391500486712,-0.0016242306130260775,0.0,-108.5,-294.0,185.5,7,9,0.7654986522911051,0.7924528301886793,0.23076923076923078,0.05128205128205128,0,0.5929919137466307,0.555256064690027,0.41025641025641024,0.3333333333333333,0,0.31266846361185985,0.24797843665768193,0.7435897435897436,0.5641025641025641,0,0.0,0.0,1.0,0.8717948717948718,0
niah_mq_q2,58,0.07014285714285715,0.054714285714285694,0.015428571428571451,0.07014285714285715,0.0,0.8974358974358975,0.8461538461538461,0.08915044595068047,0.2384663323576627,957,398,865,39,0.5179190751445086,0.4820809248554913,1.0,173.90843081740388,0.0018417248720134258,0.0,-231.0,-406.0,175.0,5,19,0.44571428571428573,0.37714285714285717,0.6153846153846154,0.358974358974359,0,0.29714285714285715,0.03428571428571429,0.8974358974358975,0.7692307692307693,0,0.011428571428571429,0.011428571428571429,0.9743589743589743,0.8717948717948718,0,0.0,0.011428571428571429,1.0,0.9230769230769231,0
niah_mq_q2,59,0.14912935323383084,0.11878109452736318,0.03034825870646765,0.14912935323383084,0.0,0.4358974358974359,0.358974358974359,0.19154263255105727,0.26903926717536425,354,315,307,39,0.6351791530944625,0.36482084690553745,1.0,200.18945957495686,-0.0006605891074194263,0.0,-147.0,-348.0,201.0,7,8,0.7164179104477612,0.7761194029850746,0.20512820512820512,0.10256410256410256,0,0.6218905472636815,0.5124378109452736,0.4358974358974359,0.3333333333333333,0,0.3283582089552239,0.1691542288557214,0.7435897435897436,0.6153846153846154,0,0.0,0.0,1.0,0.8974358974358975,0
niah_mq_q2,60,0.14719101123595504,0.13426966292134832,0.012921348314606729,0.14719101123595504,0.0,0.37209302325581395,0.32558139534883723,0.1839221697765649,0.28181406592042335,366,249,319,43,0.6238244514106583,0.3761755485893417,1.0,178.3635228916545,0.0026083265951067393,0.0,-94.0,-272.0,178.0,8,6,0.7303370786516854,0.8089887640449438,0.20930232558139536,0.11627906976744186,0,0.5280898876404494,0.5842696629213483,0.37209302325581395,0.3023255813953488,0,0.2808988764044944,0.25842696629213485,0.813953488372093,0.5116279069767442,0,0.0,0.0,1.0,0.9767441860465116,0
niah_mq_q2,61,0.04864672364672364,0.05263532763532763,-0.003988603988603991,0.04864672364672364,0.0,0.8974358974358975,0.7692307692307693,0.07296239962289269,0.23257264371220315,957,252,865,39,0.5144508670520231,0.48554913294797686,1.0,175.7057671513991,-0.0008559118629977855,0.0,-94.5,-270.0,175.5,3,3,0.42735042735042733,0.49572649572649574,0.5384615384615384,0.38461538461538464,0,0.045584045584045586,0.05698005698005698,0.8974358974358975,0.7948717948717948,0,0.0,0.0,0.9743589743589743,0.8717948717948718,0,0.0,0.0,1.0,0.9487179487179487,0
niah_mq_q2,62,0.044220055710306405,0.041991643454038996,0.002228412256267409,0.044220055710306405,0.0,0.9743589743589743,0.8461538461538461,0.06690263129234542,0.2457323039806208,957,283,865,39,0.5398843930635838,0.4601156069364162,1.0,179.13602279178951,0.0036275936077758224,0.0,-120.5,-300.0,179.5,2,2,0.38440111420612816,0.3398328690807799,0.6410256410256411,0.46153846153846156,0,0.0,0.0,0.9743589743589743,0.8461538461538461,0,0.0,0.0,0.9743589743589743,0.8461538461538461,0,0.0,0.0,1.0,0.9230769230769231,0
niah_mq_q2,63,0.09388888888888887,0.056666666666666664,0.037222222222222205,0.08944444444444444,0.004444444444444431,0.9487179487179487,0.8461538461538461,0.11391436867837657,0.23801020957893101,957,282,865,39,0.5560693641618497,0.4439306358381503,1.0,181.5201664487331,0.0035028916110292903,0.0,-152.0,-332.0,180.0,20,5,0.5111111111111111,0.4666666666666667,0.6923076923076923,0.46153846153846156,0,0.34444444444444444,0.1,0.9487179487179487,0.8205128205128205,0,0.044444444444444446,0.022222222222222223,0.9743589743589743,0.8974358974358975,0,0.022222222222222223,0.0,1.0,0.9230769230769231,0
niah_mq_q2,64,0.1615591397849462,0.11451612903225805,0.04704301075268816,0.1615591397849462,0.0,0.358974358974359,0.3076923076923077,0.21438707473749252,0.2628085650316229,354,312,307,39,0.6254071661237784,0.3745928338762215,1.0,187.7305114954312,0.00188725267579551,0.0,-142.0,-328.0,186.0,7,6,0.8118279569892473,0.7419354838709677,0.1794871794871795,0.07692307692307693,0,0.6666666666666666,0.532258064516129,0.38461538461538464,0.3076923076923077,0,0.3924731182795699,0.16129032258064516,0.7692307692307693,0.5897435897435898,0,0.0,0.0,1.0,1.0,0
niah_mq_q2,65,0.05796703296703297,0.050274725274725277,0.007692307692307693,0.05796703296703297,0.0,0.9210526315789473,0.8421052631578947,0.0752017109394509,0.24499027257257772,954,259,862,38,0.5081206496519721,0.4918793503480278,1.0,181.91324277879238,0.0059732947263087385,0.0,-100.0,-282.0,182.0,3,3,0.47802197802197804,0.4175824175824176,0.5789473684210527,0.39473684210526316,0,0.1813186813186813,0.08791208791208792,0.9210526315789473,0.7894736842105263,0,0.0,0.0,1.0,0.868421052631579,0,0.0,0.0,1.0,0.9210526315789473,0
niah_mq_q2,66,0.16578947368421054,0.1531578947368421,0.012631578947368438,0.16578947368421054,0.0,0.4090909090909091,0.2727272727272727,0.21838064719712547,0.27207426056479134,370,355,322,44,0.6428571428571429,0.35714285714285715,1.0,190.77413261245425,-0.0015341666095528151,0.0,-132.0,-322.0,190.0,10,10,0.8105263157894737,0.7842105263157895,0.18181818181818182,0.09090909090909091,0,0.6684210526315789,0.6263157894736842,0.4090909090909091,0.25,0,0.3473684210526316,0.23157894736842105,0.7272727272727273,0.5454545454545454,0,0.0,0.0,1.0,0.8863636363636364,0
niah_mq_q2,67,0.15011961722488038,0.13911483253588516,0.011004784688995212,0.15011961722488038,0.0,0.3333333333333333,0.3076923076923077,0.19445389650238276,0.2581563467533611,354,270,307,39,0.6612377850162866,0.33876221498371334,1.0,207.355320478289,0.00022695142830876937,0.0,-101.0,-310.0,209.0,8,11,0.6698564593301436,0.69377990430622,0.20512820512820512,0.10256410256410256,0,0.6267942583732058,0.47368421052631576,0.3333333333333333,0.28205128205128205,0,0.42105263157894735,0.27751196172248804,0.7948717948717948,0.5641025641025641,0,0.0,0.04784688995215311,1.0,0.8461538461538461,0
niah_mq_q2,68,0.075,0.05327380952380952,0.021726190476190475,0.07202380952380952,0.0029761904761904795,0.9487179487179487,0.7692307692307693,0.08291172542099401,0.23563764705874038,957,263,865,39,0.5271676300578034,0.4728323699421965,1.0,168.06515945422666,-0.0008063010704341126,0.0,-164.0,-332.0,168.0,16,5,0.44047619047619047,0.48214285714285715,0.6153846153846154,0.28205128205128205,0,0.27380952380952384,0.047619047619047616,0.9487179487179487,0.7435897435897436,0,0.023809523809523808,0.011904761904761904,1.0,0.8717948717948718,0,0.011904761904761904,0.0,1.0,0.9230769230769231,0
niah_mq_q2,69,0.20357142857142857,0.18137755102040817,0.022193877551020397,0.20357142857142857,0.0,0.4358974358974359,0.3076923076923077,0.2811301995237747,0.2706814283851795,354,270,307,39,0.6905537459283387,0.30944625407166126,1.0,197.58602963481752,0.0014878042307523826,0.0,-128.0,-324.0,196.0,15,18,0.6020408163265306,0.7755102040816326,0.2564102564102564,0.1794871794871795,0,0.5408163265306123,0.6275510204081632,0.4358974358974359,0.3076923076923077,0,0.32653061224489793,0.32653061224489793,0.6666666666666666,0.5897435897435898,0,0.08163265306122448,0.07142857142857142,1.0,0.8974358974358975,0
niah_mq_q2,70,0.09839743589743588,0.07884615384615383,0.01955128205128205,0.09903846153846152,-0.0006410256410256387,0.9473684210526315,0.8421052631578947,0.1410874517193554,0.24501135955469375,954,261,862,38,0.5232018561484919,0.4767981438515081,1.0,155.99622298608665,0.00011163693684970934,0.0,-166.0,-322.0,156.0,20,20,0.4935897435897436,0.34615384615384615,0.7105263157894737,0.39473684210526316,0,0.14102564102564102,0.07692307692307693,0.9473684210526315,0.8157894736842105,0,0.0641025641025641,0.038461538461538464,0.9736842105263158,0.8421052631578947,0,0.05128205128205128,0.038461538461538464,1.0,0.9736842105263158,0
niah_mq_q2,71,0.14714912280701756,0.1385964912280702,0.008552631578947367,0.14978070175438593,-0.0026315789473683737,0.3953488372093023,0.32558139534883723,0.1827707199743532,0.2692340757838584,366,279,319,43,0.5924764890282131,0.40752351097178685,1.0,227.58842874699008,0.003968486820930405,0.0,-152.0,-380.0,228.0,13,12,0.6447368421052632,0.6710526315789473,0.2558139534883721,0.16279069767441862,0,0.5263157894736842,0.6096491228070176,0.3953488372093023,0.32558139534883723,0,0.32456140350877194,0.2894736842105263,0.6511627906976745,0.6046511627906976,0,0.008771929824561403,0.017543859649122806,1.0,0.9534883720930233,0
niah_mq_q2,72,0.06840659340659341,0.05192307692307692,0.016483516483516494,0.06840659340659341,0.0,0.825,0.825,0.08785254175637107,0.24071593774257485,960,284,868,40,0.5610599078341014,0.43894009216589863,1.0,181.86105738108847,-0.0014486538509919612,0.0,-120.0,-302.0,182.0,4,6,0.5164835164835165,0.4065934065934066,0.6,0.375,0,0.23076923076923078,0.08791208791208792,0.825,0.825,0,0.0,0.01098901098901099,0.925,0.925,0,0.0,0.0,1.0,0.975,0
niah_mq_q2,73,0.1723846153846154,0.12530769230769231,0.04707692307692307,0.1723846153846154,0.0,0.4444444444444444,0.3055555555555556,0.2401159021907035,0.2752463074638503,345,242,298,36,0.6241610738255033,0.37583892617449666,1.0,162.86859951910196,-0.00034846298010676047,0.0,-119.5,-282.0,162.5,7,8,0.8061538461538461,0.8184615384615385,0.2222222222222222,0.1111111111111111,0,0.6030769230769231,0.6092307692307692,0.4444444444444444,0.2777777777777778,0,0.4369230769230769,0.12307692307692308,0.75,0.6111111111111112,0,0.0,0.0,1.0,0.8888888888888888,0
niah_mq_q2,74,0.19753731343283581,0.14052238805970146,0.05701492537313435,0.19753731343283581,0.0,0.38095238095238093,0.2857142857142857,0.27579808055205374,0.27038827133247834,363,294,316,42,0.6170886075949367,0.3829113924050633,1.0,167.5578456604813,-0.003969445873220962,0.0,-108.5,-276.0,167.5,9,11,0.7582089552238805,0.7402985074626866,0.21428571428571427,0.09523809523809523,0,0.6746268656716418,0.5014925373134328,0.38095238095238093,0.30952380952380953,0,0.5194029850746269,0.26865671641791045,0.6666666666666666,0.5476190476190477,0,0.0,0.011940298507462687,1.0,0.9047619047619048,0
niah_mq_q2,75,0.0858910891089109,0.08910891089108912,-0.0032178217821782207,0.0858910891089109,0.0,0.9210526315789473,0.7631578947368421,0.11072522730295768,0.24997947839739315,954,227,862,38,0.5278422273781903,0.47215777262180975,1.0,203.22504326334774,0.0014901749182187863,0.0,-110.0,-312.0,202.0,20,20,0.48514851485148514,0.4801980198019802,0.631578947368421,0.39473684210526316,0,0.2871287128712871,0.1188118811881188,0.9210526315789473,0.7368421052631579,0,0.039603960396039604,0.04950495049504951,0.9736842105263158,0.868421052631579,0,0.019801980198019802,0.04950495049504951,1.0,0.9210526315789473,0
niah_mq_q2,76,0.03723404255319148,0.05478723404255319,-0.017553191489361707,0.03723404255319148,0.0,0.9487179487179487,0.8205128205128205,0.0643364196215828,0.24449142893599904,957,262,865,39,0.5479768786127167,0.45202312138728323,1.0,186.81652374282538,0.0002871203014755237,0.0,-96.0,-284.0,188.0,3,4,0.22340425531914893,0.5,0.5897435897435898,0.3333333333333333,0,0.02127659574468085,0.07446808510638298,0.9487179487179487,0.8205128205128205,0,0.0,0.0,1.0,0.9230769230769231,0,0.0,0.0,1.0,0.9487179487179487,0
niah_mq_q2,77,0.12708877284595302,0.1137728459530026,0.013315926892950414,0.12708877284595302,0.0,0.4146341463414634,0.24390243902439024,0.1426187308952147,0.2664037336167501,360,325,313,41,0.597444089456869,0.402555910543131,1.0,192.05422829566578,0.0010966098392855854,0.0,-122.5,-314.0,191.5,9,9,0.6892950391644909,0.762402088772846,0.24390243902439024,0.024390243902439025,0,0.4386422976501306,0.38642297650130547,0.4146341463414634,0.1951219512195122,0,0.30809399477806787,0.11488250652741515,0.6585365853658537,0.5609756097560976,0,0.0,0.0,0.975609756097561,0.8780487804878049,0
niah_mq_q2,78,0.04494134897360704,0.04846041055718475,-0.003519061583577711,0.04494134897360704,0.0,0.9230769230769231,0.7948717948717948,0.0682309474928941,0.24728048744691272,957,279,865,39,0.507514450867052,0.49248554913294795,1.0,172.27900940260213,0.0015334059340106007,0.0,-123.5,-294.0,170.5,4,4,0.2932551319648094,0.34017595307917886,0.5641025641025641,0.41025641025641024,0,0.07038123167155426,0.093841642228739,0.9230769230769231,0.7948717948717948,0,0.0,0.0,1.0,0.8717948717948718,0,0.0,0.0,1.0,0.9230769230769231,0
niah_mq_q2,79,0.05763157894736842,0.05026315789473684,0.00736842105263158,0.05763157894736842,0.0,0.9230769230769231,0.7948717948717948,0.08414544203652743,0.2532284319929413,957,369,865,39,0.5468208092485549,0.4531791907514451,1.0,191.54984832222902,-0.003285613540452622,0.0,-176.0,-366.0,190.0,3,4,0.5578947368421052,0.4421052631578947,0.48717948717948717,0.3333333333333333,0,0.09473684210526316,0.05263157894736842,0.9230769230769231,0.7692307692307693,0,0.0,0.0,0.9487179487179487,0.8717948717948718,0,0.0,0.0,1.0,0.9487179487179487,0
niah_mq_q2,80,0.15557142857142858,0.10642857142857143,0.049142857142857155,0.15557142857142858,0.0,0.425,0.4,0.2109172646011738,0.2624594380370623,357,288,310,40,0.6516129032258065,0.34838709677419355,1.0,174.19578162938512,-0.003272526424616914,0.0,-131.0,-306.0,175.0,8,7,0.68,0.7657142857142857,0.25,0.175,0,0.6114285714285714,0.44,0.425,0.4,0,0.4228571428571429,0.08,0.85,0.7,0,0.0,0.0,1.0,0.925,0
niah_mq_q2,81,0.16645077720207255,0.14132124352331607,0.025129533678756477,0.16645077720207255,0.0,0.358974358974359,0.3076923076923077,0.21812864739543664,0.2576989365229637,354,241,307,39,0.6286644951140065,0.3713355048859935,1.0,191.96516857934546,-0.0022831009561374,0.0,-103.0,-296.0,193.0,18,11,0.7616580310880829,0.7046632124352331,0.20512820512820512,0.10256410256410256,0,0.6580310880829016,0.6062176165803109,0.38461538461538464,0.3076923076923077,0,0.35751295336787564,0.21243523316062177,0.7692307692307693,0.5641025641025641,0,0.031088082901554404,0.010362694300518135,1.0,0.8717948717948718,0
niah_mq_q2,82,0.15125698324022346,0.12639664804469272,0.02486033519553074,0.15125698324022346,0.0,0.39473684210526316,0.3157894736842105,0.2039115839937981,0.27333110029425567,351,300,304,38,0.6085526315789473,0.39144736842105265,1.0,178.5052906287885,0.001952618457170371,0.0,-149.0,-328.0,179.0,7,7,0.6983240223463687,0.7597765363128491,0.23684210526315788,0.13157894736842105,0,0.6815642458100558,0.5139664804469274,0.42105263157894735,0.34210526315789475,0,0.3687150837988827,0.1452513966480447,0.7368421052631579,0.6052631578947368,0,0.0,0.0,1.0,0.8947368421052632,0
niah_mq_q2,83,0.17687165775401067,0.12927807486631016,0.04759358288770052,0.17687165775401067,0.0,0.375,0.275,0.24548831287335351,0.25778196871958337,357,344,310,40,0.603225806451613,0.3967741935483871,1.0,186.93420789625065,-0.0007050917676477502,0.0,-161.0,-348.0,187.0,9,7,0.7112299465240641,0.7914438502673797,0.15,0.075,0,0.6524064171122995,0.5561497326203209,0.375,0.275,0,0.4919786096256685,0.16042780748663102,0.8,0.6,0,0.0,0.0,1.0,0.95,0
niah_mq_q2,84,0.052761194029850744,0.039925373134328354,0.01283582089552239,0.052761194029850744,0.0,0.9736842105263158,0.8157894736842105,0.07317209675156797,0.23997016645884078,954,269,862,38,0.5266821345707656,0.4733178654292343,1.0,167.26950751431855,0.0002924441628350286,0.0,-110.5,-278.0,167.5,3,3,0.44776119402985076,0.2746268656716418,0.6578947368421053,0.42105263157894735,0,0.10746268656716418,0.023880597014925373,0.9736842105263158,0.7894736842105263,0,0.0,0.0,1.0,0.868421052631579,0,0.0,0.0,1.0,0.9210526315789473,0
niah_mq_q2,85,0.10535714285714282,0.08903061224489792,0.0163265306122449,0.10484693877551018,0.0005102040816326314,0.8648648648648649,0.8378378378378378,0.14420670124413146,0.23140820553797323,951,224,859,37,0.49941792782305006,0.5005820721769499,1.0,198.4996492589819,0.00016339646641560398,0.0,-120.0,-316.0,196.0,20,20,0.49489795918367346,0.42346938775510207,0.7027027027027027,0.4864864864864865,0,0.336734693877551,0.10204081632653061,0.8648648648648649,0.8108108108108109,0,0.1326530612244898,0.061224489795918366,1.0,0.8918918918918919,0,0.030612244897959183,0.05102040816326531,1.0,0.9459459459459459,1
niah_mq_q2,86,0.14470588235294118,0.10970588235294118,0.035,0.14470588235294118,0.0,0.38461538461538464,0.358974358974359,0.18560713257373776,0.2619696488382327,354,294,307,39,0.6156351791530945,0.38436482084690554,1.0,169.97586877688258,-0.00330273608761288,0.0,-136.0,-306.0,170.0,9,8,0.6529411764705882,0.6,0.23076923076923078,0.1794871794871795,0,0.5235294117647059,0.4764705882352941,0.38461538461538464,0.358974358974359,0,0.25882352941176473,0.10588235294117647,0.7948717948717948,0.6666666666666666,0,0.0,0.0,1.0,0.8717948717948718,0
niah_mq_q2,87,0.043229166666666666,0.05104166666666667,-0.007812500000000007,0.043229166666666666,0.0,0.9459459459459459,0.7837837837837838,0.06332198142676278,0.23194541104324995,951,246,859,37,0.5669383003492433,0.4330616996507567,1.0,191.04734976409526,0.0009520435464553683,0.0,-96.0,-288.0,192.0,3,3,0.3125,0.3854166666666667,0.6216216216216216,0.3783783783783784,0,0.052083333333333336,0.13541666666666666,0.9459459459459459,0.7567567567567568,0,0.0,0.0,1.0,0.8648648648648649,0,0.0,0.0,1.0,0.8918918918918919,0
niah_mq_q2,88,0.05439560439560439,0.047527472527472525,0.0068681318681318645,0.05439560439560439,0.0,0.972972972972973,0.8108108108108109,0.08844055973050488,0.23762915210948146,951,267,859,37,0.5587892898719441,0.4412107101280559,1.0,181.20579353520225,0.0005626774503200002,0.0,-168.0,-350.0,182.0,3,3,0.5659340659340659,0.38461538461538464,0.5945945945945946,0.4594594594594595,0,0.02197802197802198,0.06593406593406594,0.972972972972973,0.7837837837837838,0,0.0,0.0,1.0,0.8648648648648649,0,0.0,0.0,1.0,0.972972972972973,0
niah_mq_q2,89,0.121,0.11842857142857144,0.002571428571428558,0.121,0.0,0.425,0.25,0.13640093574816178,0.2684817221946211,358,339,310,40,0.6451612903225806,0.3548387096774194,1.0,176.4946459187388,0.00035939821934074384,0.0,-157.0,-332.0,175.0,7,6,0.6742857142857143,0.7885714285714286,0.2,0.1,0,0.45714285714285713,0.5314285714285715,0.45,0.2,0,0.2057142857142857,0.09142857142857143,0.675,0.55,0,0.0,0.0,1.0,0.925,0
niah_mq_q2,90,0.15482954545454544,0.11676136363636362,0.03806818181818182,0.15482954545454544,0.0,0.39473684210526316,0.3684210526315789,0.21059288006640214,0.26546304410178595,351,277,304,38,0.6019736842105263,0.3980263157894737,1.0,176.28610412740989,0.0012105262874752625,0.0,-138.0,-314.0,176.0,7,6,0.6875,0.7784090909090909,0.23684210526315788,0.10526315789473684,0,0.6193181818181818,0.5681818181818182,0.42105263157894735,0.39473684210526316,0,0.42045454545454547,0.13636363636363635,0.7631578947368421,0.6842105263157895,0,0.0,0.0,1.0,0.8947368421052632,0
niah_mq_q2,91,0.14015151515151514,0.10681818181818184,0.0333333333333333,0.14015151515151514,0.0,0.45,0.35,0.178723254527363,0.27332966177827206,358,295,310,40,0.5645161290322581,0.43548387096774194,1.0,163.52889888622167,0.0011368846709725944,0.0,-163.0,-328.0,165.0,6,7,0.6787878787878788,0.6787878787878788,0.2,0.175,0,0.5575757575757576,0.49696969696969695,0.45,0.35,0,0.2787878787878788,0.06060606060606061,0.75,0.725,0,0.0,0.0,1.0,0.95,0
niah_mq_q2,92,0.05453367875647669,0.0483160621761658,0.006217616580310892,0.05453367875647669,0.0,0.9487179487179487,0.7948717948717948,0.0649743371370597,0.24070240898490947,957,274,865,39,0.507514450867052,0.49248554913294795,1.0,192.3337302525864,-0.0029038193662624923,0.0,-189.0,-382.0,193.0,5,4,0.39378238341968913,0.35233160621761656,0.6153846153846154,0.41025641025641024,0,0.15544041450777202,0.10362694300518134,0.9487179487179487,0.7692307692307693,0,0.010362694300518135,0.0,1.0,0.8461538461538461,0,0.0,0.0,1.0,0.9230769230769231,0
niah_mq_q2,93,0.1515193370165746,0.10732044198895027,0.044198895027624335,0.1515193370165746,0.0,0.4594594594594595,0.35135135135135137,0.19819147833219705,0.2662103747881637,348,250,301,37,0.6112956810631229,0.38870431893687707,1.0,181.70259327722135,0.0007097832629370424,0.0,-125.0,-306.0,181.0,8,6,0.6740331491712708,0.6408839779005525,0.24324324324324326,0.1891891891891892,0,0.580110497237569,0.4861878453038674,0.4594594594594595,0.32432432432432434,0,0.4143646408839779,0.09944751381215469,0.7027027027027027,0.6216216216216216,0,0.0,0.0,1.0,0.918918918918919,0
niah_mq_q2,94,0.17644927536231886,0.19867149758454108,-0.022222222222222227,0.17644927536231886,0.0,0.3684210526315789,0.2894736842105263,0.21503245451651223,0.2669030434454419,351,321,304,38,0.7335526315789473,0.26644736842105265,1.0,207.4858887933525,0.005829515804772817,0.0,-149.0,-356.0,207.0,13,20,0.6763285024154589,0.8164251207729468,0.23684210526315788,0.07894736842105263,0,0.6618357487922706,0.6086956521739131,0.39473684210526316,0.3157894736842105,0,0.41545893719806765,0.33816425120772947,0.631578947368421,0.5789473684210527,0,0.03864734299516908,0.0966183574879227,1.0,0.9473684210526315,0
niah_mq_q2,95,0.14060102301790284,0.11502557544757035,0.02557544757033249,0.14060102301790284,0.0,0.34146341463414637,0.24390243902439024,0.17289320548682505,0.2722125817499912,360,325,313,41,0.5910543130990416,0.40894568690095845,1.0,196.6511696381549,0.001696047156985573,0.0,-102.5,-298.0,195.5,7,7,0.7570332480818415,0.7928388746803069,0.17073170731707318,0.07317073170731707,0,0.6854219948849105,0.5217391304347826,0.34146341463414637,0.17073170731707318,0,0.3069053708439898,0.08184143222506395,0.7073170731707317,0.5609756097560976,0,0.0,0.0,1.0,0.926829268292683,0
niah_mq_q2,96,0.17469325153374232,0.12070552147239264,0.05398773006134969,0.17469325153374232,0.0,0.425,0.325,0.23442414232038242,0.2680142046320706,357,274,310,40,0.6225806451612903,0.3774193548387097,1.0,162.79406289428812,-0.0009737575947649911,0.0,-141.0,-304.0,163.0,8,8,0.7177914110429447,0.754601226993865,0.225,0.15,0,0.656441717791411,0.6503067484662577,0.45,0.3,0,0.5030674846625767,0.0736196319018405,0.75,0.625,0,0.0,0.0,1.0,0.9,0
niah_mq_q2,97,0.12138888888888891,0.11055555555555556,0.010833333333333348,0.12138888888888891,0.0,0.39473684210526316,0.3684210526315789,0.14151917208141987,0.26407080827017965,351,395,304,38,0.6019736842105263,0.3980263157894737,1.0,178.83489595654623,-0.0013286800448406766,0.0,-180.0,-360.0,180.0,7,8,0.7166666666666667,0.8222222222222222,0.18421052631578946,0.07894736842105263,0,0.4444444444444444,0.5111111111111111,0.42105263157894735,0.2631578947368421,0,0.2777777777777778,0.07777777777777778,0.7105263157894737,0.6052631578947368,0,0.0,0.0,1.0,0.8947368421052632,0
niah_mq_q2,98,0.0663888888888889,0.04888888888888889,0.01750000000000001,0.0663888888888889,0.0,0.926829268292683,0.8048780487804879,0.07877517973676403,0.23888997698327988,963,297,871,41,0.49483352468427094,0.505166475315729,1.0,181.65911553675886,0.001327674225801638,0.0,-140.0,-320.0,180.0,4,3,0.46111111111111114,0.37777777777777777,0.5853658536585366,0.36585365853658536,0,0.2111111111111111,0.1,0.926829268292683,0.7804878048780488,0,0.0,0.0,1.0,0.8780487804878049,0,0.0,0.0,1.0,0.926829268292683,9
niah_mq_q2,99,0.15963687150837988,0.13952513966480445,0.020111731843575426,0.15963687150837988,0.0,0.38461538461538464,0.28205128205128205,0.21217865905575448,0.2687254034764414,354,259,307,39,0.6254071661237784,0.3745928338762215,1.0,180.37817138009478,-0.0015290121443545983,0.0,-103.0,-282.0,179.0,7,8,0.7653631284916201,0.7932960893854749,0.23076923076923078,0.05128205128205128,0,0.5754189944134078,0.6033519553072626,0.41025641025641024,0.2564102564102564,0,0.41899441340782123,0.2737430167597765,0.7948717948717948,0.5384615384615384,0,0.0,0.0,1.0,0.9230769230769231,0
niah_mq_q4,0,0.11327586206896553,0.10431034482758621,0.008965517241379325,0.11293103448275862,0.00034482758620690834,0.5844155844155844,0.42857142857142855,0.1504020540134038,0.2435233470312282,952,383,855,77,0.5415204678362573,0.4584795321637427,0.961038961038961,291.50336219433785,0.0014958759663317252,0.0,-122.0,-412.0,290.0,13,15,0.6827586206896552,0.6689655172413793,0.2857142857142857,0.16883116883116883,0,0.43448275862068964,0.43448275862068964,0.5844155844155844,0.4155844155844156,0,0.20689655172413793,0.1103448275862069,0.8311688311688312,0.7662337662337663,0,0.013793103448275862,0.006896551724137931,0.948051948051948,0.948051948051948,0
niah_mq_q4,1,0.1234154929577465,0.0816901408450704,0.0417253521126761,0.12482394366197189,-0.0014084507042253919,0.5454545454545454,0.4935064935064935,0.16936641898244248,0.23762364995876384,952,395,855,77,0.5169590643274854,0.4830409356725146,0.948051948051948,284.5787959545396,0.000268986036116406,0.0,-134.0,-418.0,284.0,16,7,0.7147887323943662,0.6971830985915493,0.33766233766233766,0.18181818181818182,0,0.45774647887323944,0.2605633802816901,0.5454545454545454,0.4805194805194805,0,0.23943661971830985,0.04929577464788732,0.8051948051948052,0.7792207792207793,0,0.007042253521126761,0.0,0.948051948051948,0.8961038961038961,0
niah_mq_q4,2,0.29632743362831854,0.22287610619469023,0.07345132743362831,0.29845132743362834,-0.0021238938053098066,0.2125,0.2125,0.4516575391203177,0.28229969653090836,354,349,302,80,0.6854304635761589,0.31456953642384106,0.925,282.95528772739806,0.0019095491186803314,0.0,-89.5,-372.0,282.5,19,19,0.8176991150442477,0.8035398230088495,0.1,0.1,0,0.736283185840708,0.6902654867256637,0.225,0.1375,0,0.5415929203539823,0.5061946902654867,0.4,0.35,0,0.21946902654867256,0.06371681415929203,0.85,0.8125,0
niah_mq_q4,3,0.2855960264900663,0.2435430463576159,0.04205298013245043,0.2826158940397351,0.002980132450331241,0.1728395061728395,0.1111111111111111,0.4103443473836421,0.2888153879186227,356,431,305,81,0.6885245901639344,0.3114754098360656,0.9753086419753086,303.1452788525952,2.041245248655297e-05,0.0,-148.0,-450.0,302.0,20,20,0.8774834437086093,0.8013245033112583,0.09876543209876543,0.037037037037037035,0,0.7781456953642384,0.7251655629139073,0.1728395061728395,0.08641975308641975,0,0.5695364238410596,0.5033112582781457,0.4074074074074074,0.2839506172839506,0,0.11920529801324503,0.13245033112582782,0.8888888888888888,0.7777777777777778,0
niah_mq_q4,4,0.29733009708737856,0.2766181229773462,0.02071197411003234,0.29538834951456316,0.0019417475728153999,0.21518987341772153,0.13924050632911392,0.4219097643248563,0.309218837708906,350,420,299,79,0.6923076923076923,0.3076923076923077,0.9746835443037974,308.66287187560005,0.003191176164065606,0.0,-119.0,-428.0,309.0,20,20,0.912621359223301,0.8446601941747572,0.08860759493670886,0.0379746835443038,0,0.8317152103559871,0.7475728155339806,0.21518987341772153,0.12658227848101267,0,0.5954692556634305,0.5792880258899676,0.379746835443038,0.2911392405063291,0,0.2459546925566343,0.1488673139158576,0.8734177215189873,0.7215189873417721,0
niah_mq_q4,5,0.08471731448763253,0.08648409893992932,-0.0017667844522967907,0.08471731448763253,0.0,0.5454545454545454,0.4805194805194805,0.10906192562360836,0.2492520602674623,952,414,855,77,0.5450292397660819,0.45497076023391814,0.987012987012987,281.76248364000776,-0.00016339940279940353,0.0,-161.0,-444.0,283.0,5,9,0.6431095406360424,0.6431095406360424,0.2727272727272727,0.18181818181818182,0,0.3745583038869258,0.3321554770318021,0.5454545454545454,0.45454545454545453,0,0.028268551236749116,0.0706713780918728,0.8961038961038961,0.7922077922077922,0,0.0,0.0,0.987012987012987,0.922077922077922,0
niah_mq_q4,6,0.09912451361867702,0.08005836575875484,0.01906614785992218,0.09912451361867702,0.0,0.5789473684210527,0.5,0.12587786552505825,0.25864387380417303,949,387,852,76,0.5328638497652582,0.4671361502347418,0.9605263157894737,255.9768685440535,-0.0001121257849634913,0.0,-123.0,-380.0,257.0,6,11,0.6809338521400778,0.6653696498054474,0.3026315789473684,0.18421052631578946,0,0.38132295719844356,0.2178988326848249,0.5789473684210527,0.47368421052631576,0,0.1245136186770428,0.04669260700389105,0.8552631578947368,0.7631578947368421,0,0.0,0.007782101167315175,0.9605263157894737,0.9210526315789473,0
niah_mq_q4,7,0.13852459016393442,0.12254098360655737,0.01598360655737706,0.14098360655737702,-0.0024590163934425924,0.6329113924050633,0.5569620253164557,0.20517417287708278,0.2482006387410224,958,404,861,79,0.5563298490127758,0.4436701509872242,0.9873417721518988,243.54493401871838,0.003040610709590589,0.0,-112.0,-356.0,244.0,16,20,0.7254098360655737,0.6721311475409836,0.3291139240506329,0.25316455696202533,0,0.5327868852459017,0.3114754098360656,0.6329113924050633,0.5569620253164557,0,0.2540983606557377,0.09836065573770492,0.8860759493670886,0.7974683544303798,0,0.01639344262295082,0.08196721311475409,0.9873417721518988,0.9113924050632911,0
niah_mq_q4,8,0.12872549019607843,0.08813725490196078,0.04058823529411765,0.12872549019607843,0.0,0.5384615384615384,0.5769230769230769,0.18010457821697284,0.24311999594955375,955,381,858,78,0.5501165501165501,0.44988344988344986,0.9487179487179487,254.097017741614,-0.0010258940790775438,0.0,-113.0,-368.0,255.0,7,20,0.6784313725490196,0.6980392156862745,0.34615384615384615,0.2948717948717949,0,0.5803921568627451,0.27450980392156865,0.5384615384615384,0.6153846153846154,0,0.2980392156862745,0.0392156862745098,0.8333333333333334,0.8333333333333334,0,0.0,0.00784313725490196,0.9487179487179487,0.8974358974358975,0
niah_mq_q4,9,0.09257246376811594,0.08152173913043477,0.01105072463768117,0.09257246376811594,0.0,0.6025641025641025,0.48717948717948717,0.12075988620961993,0.2238522718926327,955,390,858,78,0.5745920745920746,0.4254079254079254,0.9743589743589743,277.10599960261413,-0.0013230056308358297,0.0,-156.0,-432.0,276.0,6,12,0.6702898550724637,0.6666666666666666,0.32051282051282054,0.19230769230769232,0,0.39855072463768115,0.21014492753623187,0.6025641025641025,0.48717948717948717,0,0.043478260869565216,0.057971014492753624,0.8461538461538461,0.782051282051282,0,0.0,0.007246376811594203,0.9615384615384616,0.9102564102564102,0
niah_mq_q4,10,0.11407407407407408,0.07962962962962963,0.034444444444444444,0.11407407407407408,0.0,0.5256410256410257,0.5,0.15086835605263732,0.2594210654463061,955,401,858,78,0.5303030303030303,0.4696969696969697,0.9615384615384616,269.2143014961001,0.002256536966745584,0.0,-148.0,-418.0,270.0,6,5,0.6851851851851852,0.6703703703703704,0.2948717948717949,0.19230769230769232,0,0.5481481481481482,0.3037037037037037,0.5256410256410257,0.48717948717948717,0,0.17037037037037037,0.05925925925925926,0.8333333333333334,0.7564102564102564,0,0.0,0.0,0.9615384615384616,0.8974358974358975,0
niah_mq_q4,11,0.14549180327868852,0.09446721311475408,0.051024590163934444,0.14549180327868852,0.0,0.5584415584415584,0.5454545454545454,0.2131322832375059,0.2500060986319966,952,373,855,77,0.5309941520467836,0.46900584795321637,0.9090909090909091,243.24122126569262,-0.0014739285238516277,0.0,-126.0,-370.0,244.0,9,7,0.7377049180327869,0.7336065573770492,0.35064935064935066,0.23376623376623376,0,0.5245901639344263,0.23770491803278687,0.5584415584415584,0.5454545454545454,0,0.27049180327868855,0.14754098360655737,0.8441558441558441,0.8311688311688312,0,0.0,0.0,0.9090909090909091,0.948051948051948,0
niah_mq_q4,12,0.2792402826855124,0.24885159010600705,0.030388692579505328,0.27712014134275625,0.002120141342756121,0.225,0.175,0.40392029252333295,0.31733919728442106,353,375,302,80,0.6854304635761589,0.31456953642384106,0.95,282.75915388800354,0.002883557290664614,0.0,-121.0,-404.0,283.0,20,14,0.8268551236749117,0.7879858657243817,0.125,0.0375,0,0.7561837455830389,0.6819787985865724,0.2375,0.15,0,0.5653710247349824,0.5971731448763251,0.45,0.2875,0,0.14840989399293286,0.10600706713780919,0.9,0.7125,0
niah_mq_q4,13,0.12554446460980034,0.10558076225045372,0.019963702359346622,0.12627041742286751,-0.0007259528130671711,0.5394736842105263,0.5131578947368421,0.17057167331841,0.2445059053664874,949,402,852,76,0.5504694835680751,0.4495305164319249,0.9473684210526315,274.7482971033266,0.0008304299969534303,0.0,-116.5,-392.0,275.5,15,18,0.6969147005444646,0.6896551724137931,0.32894736842105265,0.19736842105263158,0,0.42105263157894735,0.3339382940108893,0.5394736842105263,0.4868421052631579,0,0.24682395644283123,0.07985480943738657,0.7763157894736842,0.7894736842105263,0,0.007259528130671506,0.029038112522686024,0.9473684210526315,0.9342105263157895,0
niah_mq_q4,14,0.2810714285714285,0.23785714285714285,0.04321428571428568,0.28035714285714286,0.0007142857142856673,0.1794871794871795,0.14102564102564102,0.40175070064250323,0.30790574412137606,348,376,296,78,0.6858108108108109,0.3141891891891892,0.9615384615384616,279.9244789384437,0.0003962269128732521,0.0,-110.0,-390.0,280.0,17,15,0.8964285714285715,0.825,0.10256410256410256,0.02564102564102564,0,0.8107142857142857,0.75,0.1794871794871795,0.14102564102564102,0,0.6178571428571429,0.5892857142857143,0.3974358974358974,0.32051282051282054,0,0.14285714285714285,0.05714285714285714,0.8974358974358975,0.7948717948717948,0
niah_mq_q4,15,0.2994444444444445,0.27484126984126983,0.024603174603174682,0.3000793650793651,-0.0006349206349205994,0.25,0.125,0.44085699075252693,0.31307457202633937,353,486,302,80,0.6788079470198676,0.3211920529801324,0.9875,315.31092638778534,0.0031219962223394565,0.0,-133.0,-448.0,315.0,16,19,0.8412698412698413,0.8095238095238095,0.125,0.0375,0,0.7396825396825397,0.7873015873015873,0.25,0.1,0,0.692063492063492,0.526984126984127,0.4,0.3,0,0.20952380952380953,0.19047619047619047,0.9,0.725,0
niah_mq_q4,16,0.13620689655172413,0.09344827586206897,0.042758620689655163,0.13379310344827586,0.002413793103448275,0.4805194805194805,0.44155844155844154,0.18251089879929108,0.24045851648419553,952,497,855,77,0.5415204678362573,0.4584795321637427,0.922077922077922,289.76222740485366,-0.0008120862065175238,0.0,-114.0,-404.0,290.0,18,7,0.6931034482758621,0.7137931034482758,0.23376623376623376,0.15584415584415584,0,0.4482758620689655,0.3448275862068966,0.4805194805194805,0.42857142857142855,0,0.2206896551724138,0.0896551724137931,0.7532467532467533,0.7922077922077922,0,0.013793103448275862,0.0,0.9090909090909091,0.948051948051948,0
niah_mq_q4,17,0.13483606557377054,0.11552823315118395,0.019307832422586588,0.13702185792349728,-0.0021857923497267395,0.5512820512820513,0.5128205128205128,0.19268529625702602,0.2468353943452691,955,456,858,78,0.5198135198135199,0.4801864801864802,0.9743589743589743,273.3412482034838,-0.0020302773731243912,0.0,-127.5,-402.0,274.5,20,20,0.7176684881602914,0.6739526411657559,0.2948717948717949,0.23076923076923078,0,0.49544626593806923,0.3205828779599271,0.5512820512820513,0.5,0,0.2331511839708561,0.1384335154826958,0.8205128205128205,0.782051282051282,0,0.02185792349726776,0.029143897996357013,0.9743589743589743,0.9102564102564102,0
niah_mq_q4,18,0.27654639175257734,0.2509450171821306,0.025601374570446755,0.27654639175257734,0.0,0.21518987341772153,0.16455696202531644,0.3968993342436519,0.3001871407277031,350,406,299,79,0.6989966555183946,0.3010033444816054,0.9746835443037974,290.824152475341,-0.0037317874570804315,0.0,-119.0,-410.0,291.0,14,16,0.8384879725085911,0.8247422680412371,0.12658227848101267,0.05063291139240506,0,0.7800687285223368,0.7010309278350515,0.21518987341772153,0.11392405063291139,0,0.584192439862543,0.6116838487972509,0.4177215189873418,0.3291139240506329,0,0.12371134020618557,0.10996563573883161,0.8860759493670886,0.759493670886076,0
niah_mq_q4,19,0.2880225080385853,0.2856109324758843,0.002411575562700996,0.28995176848874604,-0.0019292604501607302,0.20512820512820512,0.15384615384615385,0.4322137553443869,0.33156229089454403,348,414,296,78,0.7195945945945946,0.28040540540540543,1.0,312.2161884703247,0.0007081643264443778,0.0,-135.0,-446.0,311.0,17,18,0.8553054662379421,0.8167202572347267,0.1282051282051282,0.0641025641025641,0,0.7331189710610932,0.7620578778135049,0.20512820512820512,0.15384615384615385,0,0.6430868167202572,0.6430868167202572,0.4230769230769231,0.32051282051282054,0,0.15434083601286175,0.1414790996784566,0.8717948717948718,0.717948717948718,0
niah_mq_q4,20,0.10836414048059148,0.09228280961182996,0.016081330868761526,0.10836414048059148,0.0,0.5714285714285714,0.45454545454545453,0.1378888991533603,0.2626159311213786,952,395,855,77,0.5333333333333333,0.4666666666666667,0.961038961038961,271.2334863829527,-0.00019363620601243805,0.0,-125.5,-396.0,270.5,6,9,0.6395563770794824,0.6210720887245841,0.2857142857142857,0.18181818181818182,0,0.43622920517560076,0.39186691312384475,0.5714285714285714,0.44155844155844154,0,0.2513863216266174,0.09611829944547134,0.7922077922077922,0.7792207792207793,0,0.0,0.0,0.961038961038961,0.922077922077922,0
niah_mq_q4,21,0.12289674952198852,0.08197896749521989,0.04091778202676863,0.12289674952198852,0.0,0.5897435897435898,0.5769230769230769,0.16892853940877756,0.24226169059553104,955,393,858,78,0.5396270396270396,0.4603729603729604,0.9615384615384616,262.60434114070443,-0.002170734562567477,0.0,-116.5,-378.0,261.5,8,5,0.6959847036328872,0.6806883365200764,0.34615384615384615,0.2564102564102564,0,0.5353728489483748,0.2982791586998088,0.5897435897435898,0.5769230769230769,0,0.15296367112810708,0.045889101338432124,0.8333333333333334,0.8461538461538461,0,0.0,0.0,0.9615384615384616,0.9358974358974359,0
niah_mq_q4,22,0.1176877470355731,0.11630434782608692,0.001383399209486172,0.1192687747035573,-0.0015810276679842084,0.5921052631578947,0.6052631578947368,0.16002623436529195,0.25495476172773673,949,384,852,76,0.5704225352112676,0.4295774647887324,0.9605263157894737,253.0671015960992,0.00032552295845698215,0.0,-121.0,-374.0,253.0,18,18,0.7391304347826086,0.6245059288537549,0.3026315789473684,0.2631578947368421,0,0.3557312252964427,0.2924901185770751,0.5921052631578947,0.5921052631578947,0,0.2134387351778656,0.13438735177865613,0.8026315789473685,0.7894736842105263,0,0.015810276679841896,0.03162055335968379,0.9473684210526315,0.8947368421052632,0
niah_mq_q4,23,0.2883211678832117,0.24689781021897814,0.04142335766423358,0.2868613138686131,0.0014598540145986383,0.24358974358974358,0.14102564102564102,0.42319379586392747,0.28986996146898997,348,434,296,78,0.6655405405405406,0.3344594594594595,0.9358974358974359,273.7731962649934,0.002890625696431884,0.0,-120.0,-394.0,274.0,17,18,0.8248175182481752,0.781021897810219,0.11538461538461539,0.07692307692307693,0,0.7627737226277372,0.7591240875912408,0.24358974358974358,0.11538461538461539,0,0.6678832116788321,0.46715328467153283,0.41025641025641024,0.358974358974359,0,0.23357664233576642,0.17518248175182483,0.8589743589743589,0.7435897435897436,0
niah_mq_q4,24,0.08462616822429905,0.09042056074766355,-0.0057943925233645,0.08462616822429905,0.0,0.5641025641025641,0.44871794871794873,0.1080665259240606,0.2539250266770398,955,419,858,78,0.5454545454545454,0.45454545454545453,0.9871794871794872,268.0495064149576,-0.00022818440350020009,0.0,-94.5,-362.0,267.5,5,7,0.6691588785046729,0.6392523364485981,0.2564102564102564,0.19230769230769232,0,0.34392523364485983,0.41495327102803736,0.5641025641025641,0.41025641025641024,0,0.022429906542056073,0.052336448598130844,0.8717948717948718,0.782051282051282,0,0.0,0.0,0.9871794871794872,0.9230769230769231,0
niah_mq_q4,25,0.10275735294117645,0.09834558823529412,0.004411764705882337,0.10238970588235292,0.0003676470588235281,0.5866666666666667,0.49333333333333335,0.13834267671998773,0.25360143687804027,946,394,849,75,0.5535924617196702,0.4464075382803298,0.9733333333333334,273.72297219630343,0.002843898115072958,0.0,-134.0,-406.0,272.0,20,20,0.7022058823529411,0.6801470588235294,0.29333333333333333,0.2,0,0.41911764705882354,0.16911764705882354,0.5866666666666667,0.49333333333333335,0,0.04411764705882353,0.07352941176470588,0.88,0.76,0,0.014705882352941176,0.029411764705882353,0.9733333333333334,0.9733333333333334,0
niah_mq_q4,26,0.14673913043478262,0.0943840579710145,0.052355072463768124,0.14673913043478262,0.0,0.5443037974683544,0.45569620253164556,0.20919413859990268,0.22961019841153596,958,401,861,79,0.5528455284552846,0.44715447154471544,0.9240506329113924,275.88558948874083,0.0007761745477767344,0.0,-132.0,-408.0,276.0,20,20,0.7101449275362319,0.7065217391304348,0.3037974683544304,0.189873417721519,0,0.4855072463768116,0.42028985507246375,0.5443037974683544,0.4430379746835443,0,0.2318840579710145,0.036231884057971016,0.7721518987341772,0.8607594936708861,0,0.014492753623188406,0.007246376811594203,0.9240506329113924,0.9113924050632911,0
niah_mq_q4,27,0.1064744801512287,0.09815689981096407,0.008317580340264641,0.1064744801512287,0.0,0.6103896103896104,0.42857142857142855,0.1415804048931148,0.25068970685838693,952,368,855,77,0.5368421052631579,0.4631578947368421,0.974025974025974,264.6676229234803,0.0015575131010014834,0.0,-109.5,-374.0,264.5,7,12,0.6578449905482041,0.6767485822306238,0.33766233766233766,0.18181818181818182,0,0.4877126654064272,0.31758034026465026,0.6103896103896104,0.42857142857142855,0,0.13610586011342155,0.07561436672967864,0.8181818181818182,0.7532467532467533,0,0.0,0.015122873345935728,0.961038961038961,0.9090909090909091,0
niah_mq_q4,28,0.10914414414414413,0.10067567567567566,0.008468468468468465,0.10626126126126126,0.0028828828828828673,0.5822784810126582,0.45569620253164556,0.13773050497038408,0.240176179296615,958,392,861,79,0.5354239256678281,0.4645760743321719,0.9493670886075949,277.8642687926774,-0.0017112095922041418,0.0,-124.5,-402.0,277.5,20,13,0.6954954954954955,0.6630630630630631,0.27848101265822783,0.189873417721519,0,0.4540540540540541,0.27387387387387385,0.5822784810126582,0.4810126582278481,0,0.12972972972972974,0.0936936936936937,0.7974683544303798,0.7721518987341772,0,0.014414414414414415,0.014414414414414415,0.9493670886075949,0.9240506329113924,0
niah_mq_q4,29,0.28837792642140475,0.26396321070234113,0.024414715719063618,0.2883779264214047,5.551115123125783e-17,0.19480519480519481,0.2077922077922078,0.4320642528382552,0.2941196209956335,344,403,293,77,0.7030716723549488,0.29692832764505117,0.974025974025974,297.8967003588215,-0.0011673319590133305,0.0,-125.0,-424.0,299.0,20,19,0.8729096989966555,0.8093645484949833,0.1038961038961039,0.09090909090909091,0,0.7625418060200669,0.7391304347826086,0.19480519480519481,0.16883116883116883,0,0.6020066889632107,0.5217391304347826,0.4155844155844156,0.38961038961038963,0,0.13377926421404682,0.14715719063545152,0.9090909090909091,0.8051948051948052,0
niah_mq_q4,30,0.29184684684684686,0.2404954954954955,0.051351351351351354,0.29184684684684686,0.0,0.1875,0.1875,0.4261550051313517,0.29540841932622863,353,407,302,80,0.6721854304635762,0.32781456953642385,0.95,278.2910190626458,-0.001575223241200468,0.0,-114.5,-392.0,277.5,13,17,0.7783783783783784,0.7927927927927928,0.1,0.0625,0,0.7783783783783784,0.6918918918918919,0.1875,0.1625,0,0.6630630630630631,0.4828828828828829,0.425,0.325,0,0.23783783783783785,0.15855855855855855,0.8375,0.75,0
niah_mq_q4,31,0.12358657243816255,0.08931095406360426,0.034275618374558295,0.12358657243816255,0.0,0.625,0.4875,0.17183419833751148,0.23431653345412334,961,439,864,80,0.5381944444444444,0.4618055555555556,0.9625,280.6393124587809,-0.001341957330843328,0.0,-113.0,-396.0,283.0,6,8,0.7208480565371025,0.6925795053003534,0.3,0.1875,0,0.5229681978798587,0.3462897526501767,0.625,0.4375,0,0.1978798586572438,0.07773851590106007,0.85,0.8375,0,0.0,0.0,0.9625,0.9375,0
niah_mq_q4,32,0.3061700182815356,0.23889396709323582,0.0672760511882998,0.3061700182815356,0.0,0.20253164556962025,0.1518987341772152,0.4525421097498875,0.2988123137594093,350,377,299,79,0.6789297658862876,0.3210702341137124,0.9620253164556962,273.1415949495621,-0.002321590174181923,0.0,-108.5,-382.0,273.5,13,15,0.8555758683729433,0.7970749542961609,0.0759493670886076,0.0759493670886076,0,0.8409506398537477,0.6252285191956124,0.20253164556962025,0.1518987341772152,0,0.6398537477148081,0.5447897623400365,0.4050632911392405,0.3291139240506329,0,0.2340036563071298,0.09506398537477148,0.8481012658227848,0.7468354430379747,0
niah_mq_q4,33,0.09384057971014492,0.07681159420289854,0.01702898550724638,0.09384057971014492,0.0,0.5394736842105263,0.4473684210526316,0.1111312856542284,0.23902447563282028,949,526,852,76,0.5375586854460094,0.4624413145539906,0.9473684210526315,275.3026593356028,0.0027174087524257946,0.0,-198.0,-474.0,276.0,7,5,0.6521739130434783,0.5579710144927537,0.2631578947368421,0.2236842105263158,0,0.3333333333333333,0.32608695652173914,0.5394736842105263,0.4605263157894737,0,0.15942028985507245,0.050724637681159424,0.8157894736842105,0.7894736842105263,0,0.0,0.0,0.9473684210526315,0.9078947368421053,0
niah_mq_q4,34,0.11654135338345865,0.0862781954887218,0.030263157894736853,0.11654135338345865,0.0,0.5256410256410257,0.47435897435897434,0.1540321974877729,0.2561629283903488,955,443,858,78,0.5093240093240093,0.49067599067599066,0.9615384615384616,267.072902858107,0.0018363039452870937,0.0,-132.0,-398.0,266.0,6,10,0.6353383458646616,0.6691729323308271,0.3076923076923077,0.1794871794871795,0,0.48120300751879697,0.3082706766917293,0.5256410256410257,0.48717948717948717,0,0.2781954887218045,0.045112781954887216,0.7435897435897436,0.782051282051282,0,0.0,0.0,0.9615384615384616,0.9230769230769231,0
niah_mq_q4,35,0.28702090592334495,0.2389372822299652,0.04808362369337976,0.28458188153310104,0.0024390243902439046,0.20987654320987653,0.12345679012345678,0.4243278147635232,0.29854891834072456,356,428,305,81,0.6819672131147541,0.3180327868852459,0.9382716049382716,286.3518380575754,-0.0032647601059599,0.0,-133.0,-420.0,287.0,19,16,0.8571428571428571,0.818815331010453,0.13580246913580246,0.037037037037037035,0,0.7177700348432056,0.7456445993031359,0.2222222222222222,0.1111111111111111,0,0.5087108013937283,0.5714285714285714,0.4691358024691358,0.2839506172839506,0,0.2508710801393728,0.06968641114982578,0.8765432098765432,0.7901234567901234,0
niah_mq_q4,36,0.11987632508833923,0.12128975265017669,-0.0014134275618374603,0.12058303886925796,-0.0007067137809187302,0.6,0.4666666666666667,0.15814575233060094,0.25305397595667184,946,451,849,75,0.5465253239104829,0.4534746760895171,0.96,283.7524002734534,0.002400810977284748,0.0,-131.0,-414.0,283.0,20,20,0.7526501766784452,0.6678445229681979,0.32,0.16,0,0.4169611307420495,0.2968197879858657,0.6,0.4533333333333333,0,0.127208480565371,0.127208480565371,0.8133333333333334,0.76,0,0.014134275618374558,0.05653710247349823,0.96,0.88,0
niah_mq_q4,37,0.1535416666666667,0.07208333333333332,0.08145833333333337,0.15729166666666666,-0.0037499999999999756,0.5641025641025641,0.5769230769230769,0.2344700417888328,0.2523745729130535,955,390,858,78,0.506993006993007,0.493006993006993,0.9230769230769231,239.8167876541265,0.002301168022088114,0.0,-166.0,-406.0,240.0,11,5,0.7458333333333333,0.65,0.3076923076923077,0.2692307692307692,0,0.5,0.24166666666666667,0.5641025641025641,0.5512820512820513,0,0.35833333333333334,0.016666666666666666,0.8205128205128205,0.8333333333333334,0,0.025,0.0,0.9230769230769231,0.9615384615384616,0
niah_mq_q4,38,0.2684545454545454,0.20536363636363636,0.06309090909090903,0.28227272727272734,-0.013818181818181952,0.23076923076923078,0.16666666666666666,0.42026180307173255,0.28660954618874906,347,354,296,78,0.6621621621621622,0.33783783783783783,0.9230769230769231,275.7702329597036,0.0035535706214724536,0.0,-127.0,-402.0,275.0,16,13,0.8581818181818182,0.7818181818181819,0.14102564102564102,0.05128205128205128,0,0.7527272727272727,0.7127272727272728,0.23076923076923078,0.14102564102564102,0,0.4727272727272727,0.48,0.47435897435897434,0.3333333333333333,0,0.15272727272727274,0.08,0.8717948717948718,0.7564102564102564,0
niah_mq_q4,39,0.283206106870229,0.22938931297709925,0.053816793893129766,0.2870229007633588,-0.0038167938931297773,0.20512820512820512,0.16666666666666666,0.41807995339219745,0.312492583274599,348,391,296,78,0.6722972972972973,0.3277027027027027,0.9230769230769231,263.2606744778767,0.002630019826437465,0.0,-106.0,-368.0,262.0,15,17,0.8778625954198473,0.7709923664122137,0.11538461538461539,0.05128205128205128,0,0.8129770992366412,0.6793893129770993,0.20512820512820512,0.14102564102564102,0,0.6526717557251909,0.5801526717557252,0.38461538461538464,0.32051282051282054,0,0.16030534351145037,0.0916030534351145,0.8333333333333334,0.7564102564102564,0
niah_mq_q4,40,0.10943113772455089,0.10204590818363272,0.0073852295409181645,0.10943113772455089,0.0,0.6025641025641025,0.5769230769230769,0.1340152591667193,0.26092508916773915,955,409,858,78,0.5431235431235432,0.4568764568764569,0.9743589743589743,249.38849746785365,0.00024366073560121797,0.0,-115.5,-366.0,250.5,7,12,0.6347305389221557,0.718562874251497,0.3076923076923077,0.28205128205128205,0,0.4151696606786427,0.34331337325349304,0.6025641025641025,0.5769230769230769,0,0.20758483033932135,0.10379241516966067,0.8333333333333334,0.8076923076923077,0,0.0,0.015968063872255488,0.9743589743589743,0.8974358974358975,0
niah_mq_q4,41,0.12964716006884677,0.118631669535284,0.011015490533562766,0.12723752151462991,0.0024096385542168586,0.5679012345679012,0.43209876543209874,0.170970180433646,0.24295174019709256,964,325,867,81,0.5467128027681661,0.4532871972318339,0.9753086419753086,290.8367598395981,-0.0006880801103542499,0.0,-109.5,-400.0,290.5,20,20,0.6402753872633391,0.6953528399311532,0.30864197530864196,0.16049382716049382,0,0.4612736660929432,0.3648881239242685,0.5679012345679012,0.4444444444444444,0,0.26161790017211706,0.10327022375215146,0.8271604938271605,0.7901234567901234,0,0.020654044750430294,0.027538726333907058,0.9753086419753086,0.9135802469135802,0
niah_mq_q4,42,0.27828719723183387,0.22586505190311418,0.052422145328719694,0.27828719723183387,0.0,0.20253164556962025,0.11392405063291139,0.4028722470053768,0.29835724500639105,350,520,299,79,0.7224080267558528,0.27759197324414714,0.9620253164556962,290.0313672480588,5.721921500823471e-05,0.0,-149.0,-438.0,289.0,13,14,0.7716262975778547,0.8339100346020761,0.11392405063291139,0.02531645569620253,0,0.7647058823529411,0.7854671280276817,0.20253164556962025,0.0759493670886076,0,0.643598615916955,0.47750865051903113,0.3924050632911392,0.3037974683544304,0,0.1522491349480969,0.08996539792387544,0.9113924050632911,0.7468354430379747,0
niah_mq_q4,43,0.2985714285714286,0.24285714285714283,0.05571428571428577,0.29285714285714287,0.005714285714285727,0.23376623376623376,0.16883116883116883,0.4314380149293197,0.30491984655866117,345,415,293,77,0.6860068259385665,0.31399317406143346,0.948051948051948,280.2817714186522,-0.0008273124551837325,0.0,-142.0,-422.0,280.0,20,14,0.8714285714285714,0.8607142857142858,0.11688311688311688,0.06493506493506493,0,0.7964285714285714,0.7535714285714286,0.23376623376623376,0.15584415584415584,0,0.5642857142857143,0.6107142857142858,0.45454545454545453,0.3246753246753247,0,0.19285714285714287,0.06428571428571428,0.8701298701298701,0.8051948051948052,0
niah_mq_q4,44,0.11328382838283826,0.11047854785478547,0.0028052805280527893,0.11328382838283826,0.0,0.5454545454545454,0.42857142857142855,0.15400788627794987,0.24024953716501782,952,445,855,77,0.5742690058479533,0.4257309941520468,0.974025974025974,301.1398703953619,0.0027567718440425605,0.0,-133.0,-436.0,303.0,8,20,0.7161716171617162,0.6864686468646864,0.2597402597402597,0.14285714285714285,0,0.429042904290429,0.42244224422442245,0.5454545454545454,0.4155844155844156,0,0.15841584158415842,0.0924092409240924,0.8441558441558441,0.7532467532467533,0,0.0,0.013201320132013201,0.974025974025974,0.935064935064935,0
niah_mq_q4,45,0.08354545454545455,0.09536363636363636,-0.011818181818181811,0.08354545454545455,0.0,0.5454545454545454,0.4675324675324675,0.1044524468721529,0.2608823881258314,952,464,855,77,0.5473684210526316,0.45263157894736844,0.961038961038961,274.1708454899158,0.0006286323833688512,0.0,-133.0,-408.0,275.0,20,20,0.6036363636363636,0.6145454545454545,0.2727272727272727,0.19480519480519481,0,0.22545454545454546,0.3781818181818182,0.5454545454545454,0.4675324675324675,0,0.04363636363636364,0.07272727272727272,0.8311688311688312,0.7662337662337663,0,0.007272727272727273,0.014545454545454545,0.961038961038961,0.935064935064935,0
niah_mq_q4,46,0.1001953125,0.0900390625,0.010156249999999992,0.1001953125,0.0,0.5897435897435898,0.5897435897435898,0.12202315027685542,0.25559081327789857,955,408,858,78,0.5442890442890443,0.4557109557109557,0.9871794871794872,254.26131213283873,0.001601089631292603,0.0,-102.0,-358.0,256.0,6,6,0.74609375,0.71484375,0.2948717948717949,0.2564102564102564,0,0.3515625,0.3515625,0.5897435897435898,0.6153846153846154,0,0.1484375,0.0859375,0.8333333333333334,0.8076923076923077,0,0.0,0.0,0.9871794871794872,0.8974358974358975,0
niah_mq_q4,47,0.11455479452054793,0.0957191780821918,0.01883561643835613,0.11523972602739725,-0.0006849315068493261,0.5194805194805194,0.5064935064935064,0.14341037016070102,0.2580642240598457,952,465,855,77,0.5403508771929825,0.45964912280701753,0.948051948051948,293.6316935644667,0.0034768194107684404,0.0,-126.0,-418.0,292.0,14,17,0.708904109589041,0.6883561643835616,0.2987012987012987,0.19480519480519481,0,0.4246575342465753,0.363013698630137,0.5194805194805194,0.4675324675324675,0,0.18493150684931506,0.0821917808219178,0.8181818181818182,0.8051948051948052,0,0.00684931506849315,0.00684931506849315,0.922077922077922,0.922077922077922,0
niah_mq_q4,48,0.12626126126126125,0.09977477477477477,0.02648648648648648,0.12445945945945946,0.0018018018018017834,0.5949367088607594,0.46835443037974683,0.16955573689072637,0.24944034883400276,958,448,861,79,0.5226480836236934,0.47735191637630664,0.9367088607594937,278.27437246911677,0.0016512292884110406,0.0,-124.5,-402.0,277.5,17,9,0.7351351351351352,0.6738738738738739,0.34177215189873417,0.17721518987341772,0,0.43963963963963965,0.3963963963963964,0.5949367088607594,0.45569620253164556,0,0.2018018018018018,0.07927927927927927,0.810126582278481,0.759493670886076,0,0.021621621621621623,0.0,0.9240506329113924,0.8987341772151899,0
niah_mq_q4,49,0.30139639639639637,0.25545045045045045,0.04594594594594592,0.29527027027027025,0.006126126126126119,0.2073170731707317,0.13414634146341464,0.43933837775192225,0.30745278189232217,359,372,308,82,0.6590909090909091,0.3409090909090909,0.975609756097561,277.08132095100626,0.00044647357696726576,0.0,-114.5,-392.0,277.5,20,16,0.8324324324324325,0.8792792792792793,0.12195121951219512,0.024390243902439025,0,0.8252252252252252,0.7567567567567568,0.21951219512195122,0.0975609756097561,0,0.6126126126126126,0.5369369369369369,0.43902439024390244,0.2926829268292683,0,0.2018018018018018,0.11531531531531532,0.8780487804878049,0.7439024390243902,0
niah_mq_q4,50,0.10205779334500875,0.09470227670753062,0.007355516637478132,0.10205779334500875,0.0,0.5769230769230769,0.47435897435897434,0.13095618967447833,0.23590664137595643,955,318,858,78,0.5524475524475524,0.44755244755244755,0.9871794871794872,284.384477063247,0.00035820413173110496,0.0,-98.5,-384.0,285.5,6,18,0.6444833625218914,0.6725043782837128,0.28205128205128205,0.21794871794871795,0,0.4203152364273205,0.3432574430823117,0.5769230769230769,0.46153846153846156,0,0.15411558669001751,0.04203152364273205,0.8205128205128205,0.8076923076923077,0,0.0,0.0070052539404553416,0.9743589743589743,0.9615384615384616,0
niah_mq_q4,51,0.10845864661654137,0.08909774436090226,0.019360902255639106,0.10845864661654137,0.0,0.5384615384615384,0.47435897435897434,0.13833691376191096,0.2361782924204879,955,384,858,78,0.5291375291375291,0.47086247086247085,0.9743589743589743,266.43843530749945,9.870298628903122e-05,0.0,-144.0,-410.0,266.0,7,10,0.6541353383458647,0.6353383458646616,0.28205128205128205,0.19230769230769232,0,0.3609022556390977,0.2932330827067669,0.5384615384615384,0.46153846153846156,0,0.18796992481203006,0.08270676691729323,0.7948717948717948,0.782051282051282,0,0.0,0.0,0.9743589743589743,0.8974358974358975,0
niah_mq_q4,52,0.27491181657848324,0.24651675485008817,0.028395061728395066,0.27491181657848324,0.0,0.19753086419753085,0.16049382716049382,0.4046220407071214,0.31900166097833965,356,415,305,81,0.7147540983606557,0.28524590163934427,0.9629629629629629,283.31512394394474,-0.0021182211077924833,0.0,-106.5,-390.0,283.5,13,16,0.8218694885361552,0.8606701940035273,0.1111111111111111,0.04938271604938271,0,0.7619047619047619,0.7689594356261023,0.20987654320987653,0.13580246913580246,0,0.6102292768959435,0.5784832451499118,0.43209876543209874,0.3333333333333333,0,0.18342151675485008,0.10582010582010581,0.8641975308641975,0.7901234567901234,0
niah_mq_q4,53,0.2889928698752228,0.24353832442067738,0.04545454545454544,0.2889928698752228,0.0,0.23076923076923078,0.15384615384615385,0.4199032351078177,0.30353848967304536,347,387,296,78,0.6925675675675675,0.30743243243243246,0.9743589743589743,281.83996520351,0.001448291788609786,0.0,-125.5,-406.0,280.5,13,14,0.9126559714795008,0.7914438502673797,0.11538461538461539,0.05128205128205128,0,0.8021390374331551,0.7130124777183601,0.23076923076923078,0.1282051282051282,0,0.5846702317290553,0.5882352941176471,0.41025641025641024,0.3076923076923077,0,0.16399286987522282,0.09982174688057041,0.9102564102564102,0.717948717948718,0
niah_mq_q4,54,0.28377483443708607,0.2548013245033113,0.028973509933774788,0.28211920529801326,0.0016556291390728006,0.16455696202531644,0.16455696202531644,0.41168293016164714,0.3074140919955809,351,396,299,79,0.7090301003344481,0.2909698996655518,0.9746835443037974,302.02327915868955,0.0014243640167327463,0.0,-118.0,-420.0,302.0,20,17,0.8807947019867549,0.8377483443708609,0.08860759493670886,0.05063291139240506,0,0.7417218543046358,0.7880794701986755,0.16455696202531644,0.12658227848101267,0,0.5662251655629139,0.5695364238410596,0.3924050632911392,0.35443037974683544,0,0.17880794701986755,0.09933774834437085,0.8734177215189873,0.7088607594936709,0
niah_mq_q4,55,0.1526173285198556,0.09359205776173285,0.05902527075812275,0.14828519855595668,0.004332129963898923,0.4936708860759494,0.43037974683544306,0.21168454349112661,0.2579157423881419,958,412,861,79,0.5261324041811847,0.4738675958188153,0.9113924050632911,278.5028243459499,0.0005945042318553791,0.0,-125.0,-402.0,277.0,20,14,0.6823104693140795,0.6859205776173285,0.31645569620253167,0.20253164556962025,0,0.4620938628158845,0.4043321299638989,0.4936708860759494,0.43037974683544306,0,0.33212996389891697,0.08664259927797834,0.7721518987341772,0.7848101265822784,0,0.02888086642599278,0.007220216606498195,0.8987341772151899,0.9493670886075949,0
niah_mq_q4,56,0.29489436619718307,0.236443661971831,0.05845070422535206,0.29489436619718307,0.0,0.25,0.125,0.4378381833113962,0.2903842547151052,353,378,302,80,0.6655629139072847,0.3344370860927152,0.9375,284.8021700817276,3.143613841884397e-05,0.0,-120.0,-404.0,284.0,14,16,0.9049295774647887,0.8309859154929577,0.1375,0.05,0,0.7746478873239436,0.7323943661971831,0.25,0.1375,0,0.6197183098591549,0.5070422535211268,0.4,0.3125,0,0.18309859154929578,0.09154929577464789,0.85,0.7625,0
niah_mq_q4,57,0.1369926199261992,0.07739852398523986,0.05959409594095935,0.13404059040590405,0.002952029520295163,0.5394736842105263,0.5,0.182645312421218,0.24669509221886293,949,411,852,76,0.5305164319248826,0.4694835680751174,0.9078947368421053,270.7788648947783,0.0036746725337351927,0.0,-135.0,-406.0,271.0,18,5,0.6974169741697417,0.6642066420664207,0.3026315789473684,0.19736842105263158,0,0.4944649446494465,0.28044280442804426,0.5394736842105263,0.5131578947368421,0,0.2656826568265683,0.05166051660516605,0.7631578947368421,0.8026315789473685,0,0.014760147601476014,0.0,0.9078947368421053,0.9473684210526315,0
niah_mq_q4,58,0.1673507462686567,0.0917910447761194,0.07555970149253731,0.16473880597014923,0.0026119402985074758,0.65,0.5625,0.25000497787985926,0.24313754964409545,961,380,864,80,0.5578703703703703,0.44212962962962965,0.9875,266.54080340270946,-0.002075955407900611,0.0,-132.0,-400.0,268.0,17,14,0.667910447761194,0.7089552238805971,0.375,0.2375,0,0.5298507462686567,0.29850746268656714,0.6625,0.55,0,0.3358208955223881,0.09701492537313433,0.9,0.825,0,0.07462686567164178,0.007462686567164179,0.9875,0.9125,0
niah_mq_q4,59,0.1291958041958042,0.09982517482517483,0.02937062937062937,0.1291958041958042,0.0,0.5443037974683544,0.4430379746835443,0.17444714537038514,0.24915442703176,958,506,861,79,0.5296167247386759,0.47038327526132406,0.9620253164556962,287.1243560827867,0.002077225741552372,0.0,-186.0,-472.0,286.0,10,15,0.7132867132867133,0.6783216783216783,0.3037974683544304,0.1518987341772152,0,0.5384615384615384,0.3776223776223776,0.5443037974683544,0.4177215189873418,0,0.24475524475524477,0.04895104895104895,0.8354430379746836,0.7974683544303798,0,0.0,0.03496503496503497,0.9620253164556962,0.8481012658227848,0
niah_mq_q4,60,0.14600977198697068,0.11311074918566777,0.03289902280130291,0.14796416938110749,-0.001954397394136803,0.5316455696202531,0.46835443037974683,0.21307545845400244,0.24317112104905897,958,330,861,79,0.519163763066202,0.4808362369337979,0.9367088607594937,305.88778367420645,-0.0010274922747943898,0.0,-121.0,-428.0,307.0,20,20,0.7133550488599348,0.7263843648208469,0.2911392405063291,0.189873417721519,0,0.5211726384364821,0.3257328990228013,0.5316455696202531,0.4430379746835443,0,0.3257328990228013,0.09771986970684039,0.8354430379746836,0.7721518987341772,0,0.019543973941368076,0.026058631921824105,0.9367088607594937,0.9367088607594937,0
niah_mq_q4,61,0.13110820244328095,0.09149214659685863,0.03961605584642232,0.12866492146596858,0.002443280977312362,0.5822784810126582,0.4810126582278481,0.17651541358621142,0.24612393967370694,958,342,861,79,0.5528455284552846,0.44715447154471544,0.9240506329113924,286.6386870616824,-0.001711787636686702,0.0,-109.5,-396.0,286.5,20,13,0.5863874345549738,0.68760907504363,0.27848101265822783,0.20253164556962025,0,0.4607329842931937,0.38394415357766143,0.5822784810126582,0.4430379746835443,0,0.26527050610820246,0.06980802792321117,0.7974683544303798,0.810126582278481,0,0.006980802792321117,0.006980802792321117,0.9240506329113924,0.9367088607594937,0
niah_mq_q4,62,0.13315602836879434,0.0801418439716312,0.05301418439716314,0.13067375886524818,0.0024822695035461584,0.5064935064935064,0.4935064935064935,0.1787551805348444,0.2396348254123366,952,387,855,77,0.519298245614035,0.4807017543859649,0.935064935064935,280.6582972186141,0.0010880839678437415,0.0,-136.0,-418.0,282.0,20,8,0.6666666666666666,0.6631205673758865,0.2857142857142857,0.16883116883116883,0,0.41134751773049644,0.2624113475177305,0.5064935064935064,0.4805194805194805,0,0.19148936170212766,0.07092198581560284,0.7922077922077922,0.7792207792207793,0,0.028368794326241134,0.0,0.935064935064935,0.922077922077922,0
niah_mq_q4,63,0.1315040650406504,0.08658536585365857,0.04491869918699183,0.1315040650406504,0.0,0.6329113924050633,0.569620253164557,0.19159489528688822,0.24429268062458015,958,373,861,79,0.5400696864111498,0.45993031358885017,0.9620253164556962,246.5443999963202,0.0009358522082109059,0.0,-118.0,-364.0,246.0,6,20,0.6422764227642277,0.6300813008130082,0.35443037974683544,0.27848101265822783,0,0.491869918699187,0.1951219512195122,0.6329113924050633,0.5822784810126582,0,0.2764227642276423,0.056910569105691054,0.8607594936708861,0.810126582278481,0,0.0,0.016260162601626018,0.9620253164556962,0.9240506329113924,0
niah_mq_q4,64,0.10994423791821561,0.09172862453531598,0.018215613382899634,0.10994423791821561,0.0,0.5949367088607594,0.43037974683544306,0.14091276420811435,0.26180156291323503,958,406,861,79,0.5481997677119629,0.4518002322880372,0.9873417721518988,269.1488840904751,0.0008193790464565723,0.0,-139.0,-408.0,269.0,10,11,0.5985130111524164,0.6282527881040892,0.3037974683544304,0.16455696202531644,0,0.44609665427509293,0.2899628252788104,0.5949367088607594,0.45569620253164556,0,0.20074349442379183,0.08178438661710037,0.8607594936708861,0.759493670886076,0,0.0,0.01486988847583643,0.9746835443037974,0.9113924050632911,0
niah_mq_q4,65,0.3057355516637478,0.2293782837127846,0.07635726795096318,0.3067863397548162,-0.0010507880910683998,0.21794871794871795,0.15384615384615385,0.4468112957553898,0.2976853447176929,347,406,296,78,0.706081081081081,0.2939189189189189,0.9487179487179487,284.6695474770024,0.00026960771075852104,0.0,-96.5,-382.0,285.5,15,16,0.8441330998248686,0.809106830122592,0.08974358974358974,0.038461538461538464,0,0.7985989492119089,0.7285464098073555,0.21794871794871795,0.11538461538461539,0,0.6760070052539404,0.5464098073555166,0.4230769230769231,0.3076923076923077,0,0.24518388791593695,0.07005253940455342,0.8333333333333334,0.7307692307692307,0
niah_mq_q4,66,0.11940559440559444,0.08898601398601398,0.030419580419580455,0.11940559440559444,0.0,0.5316455696202531,0.46835443037974683,0.15898919394384264,0.2322890427807737,958,398,861,79,0.5481997677119629,0.4518002322880372,0.9620253164556962,284.3083012193682,-0.002142756507545089,0.0,-122.0,-408.0,286.0,19,6,0.7412587412587412,0.6573426573426573,0.3037974683544304,0.20253164556962025,0,0.45454545454545453,0.36363636363636365,0.5316455696202531,0.45569620253164556,0,0.18181818181818182,0.06993006993006994,0.8481012658227848,0.7974683544303798,0,0.006993006993006993,0.0,0.9620253164556962,0.9493670886075949,0
niah_mq_q4,67,0.11499999999999999,0.08611111111111111,0.02888888888888888,0.11499999999999999,0.0,0.575,0.4875,0.15198022677443662,0.22774048398957128,961,407,864,80,0.5590277777777778,0.4409722222222222,0.975,267.8181561636047,-0.00039146905705748783,0.0,-154.0,-424.0,270.0,7,8,0.6666666666666666,0.6518518518518519,0.3,0.1875,0,0.42962962962962964,0.35555555555555557,0.575,0.475,0,0.1925925925925926,0.044444444444444446,0.8,0.825,0,0.0,0.0,0.9625,0.9375,0
niah_mq_q4,68,0.31624767225325884,0.2492085661080074,0.06703910614525144,0.31662011173184357,-0.0003724394785847296,0.1794871794871795,0.14102564102564102,0.45336744150073327,0.30598062386539093,347,459,296,78,0.6925675675675675,0.30743243243243246,0.9358974358974359,269.25534164323375,0.0007232879166499998,0.0,-123.5,-392.0,268.5,14,17,0.9608938547486033,0.8379888268156425,0.11538461538461539,0.02564102564102564,0,0.88268156424581,0.7635009310986964,0.1794871794871795,0.11538461538461539,0,0.6815642458100558,0.5400372439478585,0.3974358974358974,0.2948717948717949,0,0.186219739292365,0.11173184357541899,0.8461538461538461,0.7564102564102564,0
niah_mq_q4,69,0.11856060606060607,0.10662878787878789,0.011931818181818182,0.11856060606060607,0.0,0.5769230769230769,0.47435897435897434,0.15751988703705183,0.2566856533871819,955,381,858,78,0.5547785547785548,0.44522144522144524,0.9487179487179487,262.8029858001006,0.0010203386423079024,0.0,-118.0,-382.0,264.0,9,13,0.75,0.7840909090909091,0.3333333333333333,0.19230769230769232,0,0.38636363636363635,0.3939393939393939,0.5769230769230769,0.46153846153846156,0,0.2196969696969697,0.06060606060606061,0.8205128205128205,0.782051282051282,0,0.0,0.015151515151515152,0.9358974358974359,0.8974358974358975,0
niah_mq_q4,70,0.2645220588235294,0.2248161764705882,0.0397058823529412,0.26488970588235294,-0.0003676470588235281,0.21518987341772153,0.16455696202531644,0.3784683521634188,0.2994582572029024,351,399,299,79,0.6588628762541806,0.3411371237458194,0.9493670886075949,273.5522225176134,0.0015582194657851045,0.0,-130.0,-402.0,272.0,14,16,0.8014705882352942,0.8014705882352942,0.10126582278481013,0.06329113924050633,0,0.7904411764705882,0.7205882352941176,0.21518987341772153,0.12658227848101267,0,0.6102941176470589,0.4852941176470588,0.4050632911392405,0.34177215189873417,0,0.18382352941176472,0.04411764705882353,0.8734177215189873,0.759493670886076,0
niah_mq_q4,71,0.1443308550185874,0.11291821561338289,0.0314126394052045,0.14321561338289962,0.0011152416356877692,0.6103896103896104,0.5714285714285714,0.20989222614712305,0.24405957745379983,952,382,855,77,0.5637426900584795,0.43625730994152045,0.961038961038961,268.75513329843903,9.521505017891792e-05,0.0,-127.0,-396.0,269.0,19,18,0.7323420074349443,0.7472118959107806,0.3246753246753247,0.24675324675324675,0,0.5836431226765799,0.3420074349442379,0.6103896103896104,0.5584415584415584,0,0.2527881040892193,0.08178438661710037,0.8571428571428571,0.8051948051948052,0,0.01486988847583643,0.01486988847583643,0.948051948051948,0.948051948051948,0
niah_mq_q4,72,0.1206989247311828,0.10672043010752688,0.013978494623655913,0.11998207885304657,0.0007168458781362241,0.5569620253164557,0.4430379746835443,0.1595475024979383,0.24936260528508497,958,388,861,79,0.5667828106852497,0.4332171893147503,0.9746835443037974,279.68429228235544,0.0005534796772889006,0.0,-103.0,-382.0,279.0,20,20,0.6666666666666666,0.6738351254480287,0.3037974683544304,0.189873417721519,0,0.43727598566308246,0.3870967741935484,0.5569620253164557,0.4177215189873418,0,0.17921146953405018,0.0931899641577061,0.8734177215189873,0.7721518987341772,0,0.021505376344086023,0.014336917562724014,0.9620253164556962,0.9367088607594937,0
niah_mq_q4,73,0.12558139534883722,0.09069767441860466,0.034883720930232565,0.12558139534883722,0.0,0.5897435897435898,0.5384615384615384,0.1697419670824366,0.2580458775177994,955,412,858,78,0.5396270396270396,0.4603729603729604,1.0,257.4144006313682,-0.000588542259027723,0.0,-166.0,-424.0,258.0,10,11,0.748062015503876,0.6550387596899225,0.28205128205128205,0.24358974358974358,0,0.46511627906976744,0.27906976744186046,0.5897435897435898,0.5384615384615384,0,0.2248062015503876,0.06976744186046512,0.8846153846153846,0.782051282051282,0,0.0,0.015503875968992248,0.9871794871794872,0.9230769230769231,0
niah_mq_q4,74,0.11294326241134751,0.07429078014184398,0.03865248226950353,0.11294326241134751,0.0,0.5584415584415584,0.5064935064935064,0.14705336456977683,0.23016777943301953,952,380,855,77,0.5590643274853802,0.4409356725146199,0.948051948051948,282.90911978767144,6.183090520312644e-05,0.0,-134.0,-416.0,282.0,10,6,0.6170212765957447,0.6453900709219859,0.2857142857142857,0.19480519480519481,0,0.45390070921985815,0.22695035460992907,0.5584415584415584,0.5194805194805194,0,0.14893617021276595,0.03546099290780142,0.8051948051948052,0.8051948051948052,0,0.0,0.0,0.948051948051948,0.935064935064935,0
niah_mq_q4,75,0.1501937984496124,0.09864341085271319,0.0515503875968992,0.14593023255813953,0.004263565891472865,0.6329113924050633,0.5949367088607594,0.2106542471791193,0.25471705163127356,958,348,861,79,0.5249709639953543,0.47502903600464574,0.9873417721518988,259.0991050428928,0.003968883824656879,0.0,-112.0,-370.0,258.0,19,20,0.6124031007751938,0.6511627906976745,0.3670886075949367,0.2911392405063291,0,0.5038759689922481,0.3178294573643411,0.6329113924050633,0.5949367088607594,0,0.3178294573643411,0.08527131782945736,0.8860759493670886,0.810126582278481,0,0.031007751937984496,0.023255813953488372,0.9873417721518988,0.9493670886075949,0
niah_mq_q4,76,0.11423611111111112,0.08750000000000002,0.0267361111111111,0.11423611111111112,0.0,0.5822784810126582,0.46835443037974683,0.14434328337618646,0.2508103585223697,958,412,861,79,0.5679442508710801,0.43205574912891986,0.9746835443037974,286.48811498515346,0.00041239505532981405,0.0,-130.0,-418.0,288.0,10,16,0.6458333333333334,0.6736111111111112,0.2911392405063291,0.189873417721519,0,0.3819444444444444,0.25,0.5822784810126582,0.46835443037974683,0,0.1875,0.04861111111111111,0.8227848101265823,0.759493670886076,0,0.0,0.006944444444444444,0.9746835443037974,0.8734177215189873,0
niah_mq_q4,77,0.1571818181818182,0.09263636363636363,0.06454545454545457,0.15427272727272728,0.0029090909090909167,0.5121951219512195,0.43902439024390244,0.22291440564802115,0.23834782119104095,967,403,870,82,0.542528735632184,0.4574712643678161,0.926829268292683,275.8037470652758,0.0007468451976544312,0.0,-111.0,-386.0,275.0,18,9,0.6290909090909091,0.6836363636363636,0.2926829268292683,0.2073170731707317,0,0.509090909090909,0.3418181818181818,0.5121951219512195,0.4146341463414634,0,0.2909090909090909,0.08,0.8292682926829268,0.7926829268292683,0,0.05090909090909091,0.0,0.9146341463414634,0.9512195121951219,0
niah_mq_q4,78,0.17010135135135135,0.14054054054054055,0.0295608108108108,0.17212837837837838,-0.002027027027027034,0.5384615384615384,0.47435897435897434,0.257664961432804,0.2597045464363288,955,410,858,78,0.5384615384615384,0.46153846153846156,0.9102564102564102,296.4747341313445,-0.0007284321220184855,0.0,-140.0,-436.0,296.0,20,20,0.7668918918918919,0.6756756756756757,0.32051282051282054,0.1794871794871795,0,0.5067567567567568,0.4391891891891892,0.5384615384615384,0.46153846153846156,0,0.28378378378378377,0.1554054054054054,0.7435897435897436,0.7692307692307693,0,0.0472972972972973,0.04054054054054054,0.9102564102564102,0.9102564102564102,0
niah_mq_q4,79,0.1529707495429616,0.09081352833638026,0.06215722120658135,0.15077696526508225,0.0021937842778793626,0.5625,0.4875,0.21880554287826498,0.25287958161594715,961,420,864,80,0.5092592592592593,0.49074074074074076,0.9625,273.1167147887119,-0.0004632319891752258,0.0,-108.5,-382.0,273.5,16,17,0.6654478976234004,0.5996343692870201,0.3,0.2,0,0.43875685557586835,0.3510054844606947,0.5625,0.45,0,0.2851919561243144,0.07312614259597806,0.775,0.7875,0,0.05850091407678245,0.014625228519195612,0.9625,0.9125,0
niah_mq_q4,80,0.2519503546099291,0.23528368794326235,0.016666666666666746,0.2519503546099291,0.0,0.2,0.1125,0.3581481547781146,0.3025516245571242,353,594,302,80,0.6754966887417219,0.32450331125827814,0.9625,283.85677718388155,0.0038439665775695016,0.0,-196.0,-478.0,282.0,13,17,0.7588652482269503,0.7943262411347518,0.1,0.0375,0,0.7163120567375887,0.7092198581560284,0.2,0.0875,0,0.5531914893617021,0.5460992907801419,0.4,0.2625,0,0.07092198581560284,0.05673758865248227,0.8625,0.6875,0
niah_mq_q4,81,0.11024871355060036,0.07525728987993138,0.03499142367066897,0.11127787307032591,-0.001029159519725556,0.5125,0.475,0.13507986855050896,0.2326595974541476,961,370,864,80,0.5324074074074074,0.4675925925925926,0.9375,291.56485926138083,-0.0016488155072694897,0.0,-122.5,-414.0,291.5,14,7,0.5660377358490566,0.6415094339622641,0.2875,0.175,0,0.3979416809605489,0.2469982847341338,0.525,0.4875,0,0.19210977701543738,0.0274442538593482,0.8375,0.85,0,0.00686106346483705,0.0,0.9375,0.925,0
niah_mq_q4,82,0.1375,0.128515625,0.008984375000000017,0.137109375,0.00039062500000000555,0.6125,0.575,0.19959168688387208,0.2576874755730457,961,382,864,80,0.5717592592592593,0.42824074074074076,0.975,255.8835575718598,-0.0004244609616300861,0.0,-126.0,-382.0,256.0,20,20,0.734375,0.7421875,0.325,0.2875,0,0.57421875,0.3515625,0.625,0.575,0,0.2109375,0.1328125,0.9,0.775,0,0.0078125,0.0625,0.9625,0.925,0
niah_mq_q4,83,0.2905821917808219,0.23253424657534244,0.058047945205479456,0.288527397260274,0.002054794520547909,0.19480519480519481,0.15584415584415584,0.42192583502283376,0.2882708318292343,344,401,293,77,0.7098976109215017,0.2901023890784983,0.948051948051948,291.49586152088403,-0.00014639444341188148,0.0,-122.0,-414.0,292.0,20,14,0.7876712328767124,0.821917808219178,0.1038961038961039,0.025974025974025976,0,0.7705479452054794,0.6678082191780822,0.19480519480519481,0.11688311688311688,0,0.6164383561643836,0.4794520547945205,0.4155844155844156,0.3116883116883117,0,0.17123287671232876,0.136986301369863,0.8311688311688312,0.7662337662337663,0
niah_mq_q4,84,0.11064013840830451,0.09541522491349483,0.015224913494809686,0.11167820069204155,-0.0010380622837370401,0.5194805194805194,0.45454545454545453,0.14044970927992106,0.24105345649888843,952,460,855,77,0.5625730994152047,0.43742690058479533,0.9090909090909091,289.4727930236297,0.000546255650559254,0.0,-145.0,-434.0,289.0,20,20,0.6885813148788927,0.7024221453287197,0.2727272727272727,0.16883116883116883,0,0.35294117647058826,0.35294117647058826,0.5194805194805194,0.42857142857142855,0,0.15916955017301038,0.08304498269896193,0.8311688311688312,0.7792207792207793,0,0.01384083044982699,0.006920415224913495,0.9090909090909091,0.935064935064935,0
niah_mq_q4,85,0.09829749103942653,0.07643369175627239,0.021863799283154142,0.09829749103942653,0.0,0.6103896103896104,0.5194805194805194,0.13460876863883647,0.25866868830987383,952,393,855,77,0.5730994152046783,0.4269005847953216,0.974025974025974,279.5800396290272,0.002969074329868223,0.0,-139.0,-418.0,279.0,6,7,0.6989247311827957,0.5842293906810035,0.2987012987012987,0.16883116883116883,0,0.4659498207885305,0.26523297491039427,0.6103896103896104,0.4675324675324675,0,0.05017921146953405,0.05017921146953405,0.8961038961038961,0.7792207792207793,0,0.0,0.0,0.974025974025974,0.935064935064935,0
niah_mq_q4,86,0.11545936395759718,0.0840106007067138,0.031448763250883374,0.11545936395759718,0.0,0.5194805194805194,0.45454545454545453,0.1511105725690698,0.25814561154628474,952,448,855,77,0.5368421052631579,0.4631578947368421,0.8961038961038961,281.6043011306197,0.0016456564257629643,0.0,-131.0,-414.0,283.0,10,7,0.6501766784452296,0.6855123674911661,0.2987012987012987,0.16883116883116883,0,0.4452296819787986,0.3392226148409894,0.5194805194805194,0.44155844155844154,0,0.24028268551236748,0.0353356890459364,0.7922077922077922,0.7922077922077922,0,0.0,0.0,0.8961038961038961,0.948051948051948,0
niah_mq_q4,87,0.10783018867924528,0.08198113207547168,0.025849056603773596,0.10783018867924528,0.0,0.5384615384615384,0.47435897435897434,0.13210537610653317,0.24698138452687896,955,356,858,78,0.5303030303030303,0.4696969696969697,0.9615384615384616,263.45814529120537,0.00037292219809055164,0.0,-105.0,-370.0,265.0,7,5,0.5547169811320755,0.6264150943396226,0.28205128205128205,0.21794871794871795,0,0.3849056603773585,0.3471698113207547,0.5384615384615384,0.46153846153846156,0,0.2490566037735849,0.06792452830188679,0.782051282051282,0.782051282051282,0,0.0,0.0,0.9615384615384616,0.9230769230769231,0
niah_mq_q4,88,0.1347864768683274,0.11628113879003563,0.018505338078291772,0.1369217081850534,-0.002135231316725994,0.5822784810126582,0.4810126582278481,0.18864218296257623,0.25129150922255716,958,382,861,79,0.5551684088269454,0.4448315911730546,0.9620253164556962,281.99659915432994,-0.0011051640862388458,0.0,-95.0,-376.0,281.0,18,19,0.693950177935943,0.7224199288256228,0.34177215189873417,0.20253164556962025,0,0.4199288256227758,0.40569395017793597,0.5822784810126582,0.46835443037974683,0,0.2918149466192171,0.09252669039145907,0.8354430379746836,0.7721518987341772,0,0.021352313167259787,0.021352313167259787,0.9620253164556962,0.9113924050632911,0
niah_mq_q4,89,0.14326241134751772,0.10939716312056733,0.03386524822695039,0.14113475177304963,0.002127659574468088,0.6025641025641025,0.46153846153846156,0.19949879869797232,0.2610586738372055,955,457,858,78,0.548951048951049,0.45104895104895104,0.9615384615384616,281.4009846309124,0.0019356500602780127,0.0,-130.0,-412.0,282.0,17,20,0.7056737588652482,0.723404255319149,0.3076923076923077,0.19230769230769232,0,0.5531914893617021,0.3971631205673759,0.6025641025641025,0.4230769230769231,0,0.23404255319148937,0.0851063829787234,0.8846153846153846,0.782051282051282,0,0.028368794326241134,0.014184397163120567,0.9615384615384616,0.8974358974358975,0
niah_mq_q4,90,0.09900000000000002,0.10445454545454544,-0.00545454545454542,0.09718181818181819,0.0018181818181818299,0.6052631578947368,0.4868421052631579,0.12112319800871123,0.2579055404027363,949,373,852,76,0.5610328638497653,0.43896713615023475,0.9868421052631579,274.77756321046746,-0.00043879456669765815,0.0,-115.0,-390.0,275.0,18,18,0.6509090909090909,0.6436363636363637,0.3026315789473684,0.19736842105263158,0,0.43636363636363634,0.38545454545454544,0.6052631578947368,0.4473684210526316,0,0.08,0.10181818181818182,0.868421052631579,0.7894736842105263,0,0.007272727272727273,0.02181818181818182,0.9868421052631579,0.8947368421052632,0
niah_mq_q4,91,0.12781954887218044,0.08627819548872181,0.04154135338345863,0.12781954887218044,0.0,0.6049382716049383,0.49382716049382713,0.17774800061556162,0.24800197268528254,964,342,867,81,0.566320645905421,0.43367935409457903,0.9382716049382716,263.84498303421617,-0.002383510757105567,0.0,-112.0,-378.0,266.0,9,10,0.6578947368421053,0.6992481203007519,0.32098765432098764,0.25925925925925924,0,0.49624060150375937,0.2631578947368421,0.6172839506172839,0.5061728395061729,0,0.23308270676691728,0.06015037593984962,0.8148148148148148,0.7777777777777778,0,0.0,0.0,0.9382716049382716,0.9135802469135802,0
niah_mq_q4,92,0.10998233215547706,0.0741166077738516,0.03586572438162547,0.10821554770318023,0.0017667844522968323,0.5641025641025641,0.44871794871794873,0.1443103871203375,0.2480907567809854,955,462,858,78,0.5431235431235432,0.4568764568764569,0.9358974358974359,283.29318042311706,0.0019610990855902007,0.0,-145.0,-428.0,283.0,20,6,0.6678445229681979,0.558303886925795,0.2948717948717949,0.19230769230769232,0,0.38162544169611307,0.28975265017667845,0.5641025641025641,0.4358974358974359,0,0.09187279151943463,0.007067137809187279,0.8717948717948718,0.8333333333333334,0,0.014134275618374558,0.0,0.9230769230769231,0.9102564102564102,0
niah_mq_q4,93,0.12740963855421686,0.101592082616179,0.02581755593803786,0.1277538726333907,-0.000344234079173833,0.620253164556962,0.45569620253164556,0.17856504947854618,0.2563131545170585,958,372,861,79,0.5458768873403019,0.454123112659698,0.9873417721518988,290.8728847422435,0.0011780390511017965,0.0,-127.5,-418.0,290.5,19,16,0.6781411359724613,0.6024096385542169,0.3291139240506329,0.21518987341772153,0,0.4268502581755594,0.3717728055077453,0.620253164556962,0.4430379746835443,0,0.31669535283993117,0.08950086058519793,0.8734177215189873,0.759493670886076,0,0.0068846815834767644,0.020654044750430294,0.9873417721518988,0.9113924050632911,0
niah_mq_q4,94,0.3100909090909091,0.22663636363636366,0.08345454545454542,0.3122727272727272,-0.002181818181818118,0.2,0.1125,0.455423818891162,0.29765300062125644,354,511,302,80,0.6754966887417219,0.32450331125827814,0.9375,275.1578123843303,0.0031950473269161416,0.0,-145.0,-420.0,275.0,15,14,0.9054545454545454,0.8981818181818182,0.1125,0.025,0,0.8581818181818182,0.7672727272727272,0.2125,0.1,0,0.6290909090909091,0.5018181818181818,0.425,0.275,0,0.16,0.09454545454545454,0.8625,0.7875,0
niah_mq_q4,95,0.2675986842105263,0.225,0.04259868421052629,0.26694078947368416,0.0006578947368421351,0.2236842105263158,0.13157894736842105,0.37776584047863365,0.30368828626558897,341,388,290,76,0.6793103448275862,0.32068965517241377,0.9736842105263158,303.15312588728415,-0.0023846409132169157,0.0,-90.0,-394.0,304.0,16,13,0.8980263157894737,0.8486842105263158,0.13157894736842105,0.02631578947368421,0,0.819078947368421,0.7236842105263158,0.23684210526315788,0.10526315789473684,0,0.5460526315789473,0.5888157894736842,0.39473684210526316,0.27631578947368424,0,0.13815789473684212,0.07236842105263158,0.8947368421052632,0.7631578947368421,0
niah_mq_q4,96,0.3255154639175258,0.2641752577319587,0.06134020618556707,0.329639175257732,-0.004123711340206226,0.17073170731707318,0.15853658536585366,0.4998239761401623,0.31939314411701114,359,439,308,82,0.6915584415584416,0.30844155844155846,0.9146341463414634,291.3430888825487,-0.0016004069574409939,0.0,-117.0,-408.0,291.0,15,20,0.8625429553264605,0.8350515463917526,0.07317073170731707,0.06097560975609756,0,0.852233676975945,0.7525773195876289,0.18292682926829268,0.13414634146341464,0,0.6219931271477663,0.6323024054982818,0.4146341463414634,0.25609756097560976,0,0.26804123711340205,0.10996563573883161,0.8292682926829268,0.7804878048780488,0
niah_mq_q4,97,0.29919354838709666,0.27559422750424445,0.023599320882852215,0.3127758913412564,-0.01358234295415972,0.17647058823529413,0.09411764705882353,0.47795328310268365,0.3254199060738427,368,455,317,85,0.6750788643533123,0.3249211356466877,0.9294117647058824,294.1709322867953,0.0003185766432372596,0.0,-93.5,-388.0,294.5,20,20,0.8353140916808149,0.8692699490662139,0.10588235294117647,0.03529411764705882,0,0.7538200339558574,0.7640067911714771,0.17647058823529413,0.08235294117647059,0,0.631578947368421,0.6146010186757216,0.38823529411764707,0.24705882352941178,0,0.19015280135823429,0.11544991511035653,0.8705882352941177,0.7529411764705882,0
niah_mq_q4,98,0.1295075125208681,0.10463272120200331,0.024874791318864775,0.1291736227045075,0.0003338898163605941,0.5679012345679012,0.4074074074074074,0.17391546253520435,0.24781200338420165,964,400,867,81,0.544405997693195,0.4555940023068051,0.9753086419753086,298.9870492169297,-0.0017395543305943134,0.0,-106.5,-406.0,299.5,12,11,0.6878130217028381,0.6978297161936561,0.30864197530864196,0.1728395061728395,0,0.44741235392320533,0.4340567612687813,0.5679012345679012,0.38271604938271603,0,0.327212020033389,0.08681135225375626,0.8024691358024691,0.7530864197530864,0,0.00667779632721202,0.00667779632721202,0.9629629629629629,0.9259259259259259,0
niah_mq_q4,99,0.15775862068965518,0.08017241379310344,0.07758620689655174,0.1560344827586207,0.0017241379310344862,0.6666666666666666,0.6025641025641025,0.23582786375710726,0.25467206458288955,955,376,858,78,0.5501165501165501,0.44988344988344986,1.0,230.90477963822534,-0.0011499792352945254,0.0,-118.0,-350.0,232.0,15,6,0.6508620689655172,0.603448275862069,0.34615384615384615,0.2948717948717949,0,0.4956896551724138,0.29310344827586204,0.6666666666666666,0.6025641025641025,0,0.3448275862068966,0.0603448275862069,0.8846153846153846,0.8205128205128205,0,0.04310344827586207,0.0,1.0,0.9230769230769231,0
niah_mq_q8,0,0.3699339207048458,0.36762114537444934,0.002312775330396477,0.3694933920704846,0.0004405286343612258,0.12962962962962962,0.1111111111111111,0.5406546919577133,0.4187658671876456,388,654,324,162,0.8055555555555556,0.19444444444444445,0.9135802469135802,456.52352886510465,0.00039062507447695143,0.0,-130.0,-584.0,454.0,18,20,0.8898678414096917,0.9074889867841409,0.07407407407407407,0.030864197530864196,0,0.8259911894273128,0.8348017621145375,0.13580246913580246,0.09259259259259259,0,0.7312775330396476,0.7048458149779736,0.25925925925925924,0.1728395061728395,0,0.3700440528634361,0.29955947136563876,0.6296296296296297,0.47530864197530864,0
niah_mq_q8,1,0.38908629441624365,0.3736040609137055,0.015482233502538134,0.39111675126903556,-0.0020304568527919065,0.11392405063291139,0.06329113924050633,0.5846586836051585,0.43417554700800476,376,823,312,158,0.8141025641025641,0.1858974358974359,0.8544303797468354,393.74739652908556,-0.0019174374576827805,0.0,-116.0,-510.0,394.0,20,20,0.8857868020304569,0.949238578680203,0.05063291139240506,0.012658227848101266,0,0.8223350253807107,0.850253807106599,0.11392405063291139,0.0379746835443038,0,0.7081218274111675,0.7157360406091371,0.2468354430379747,0.1518987341772152,0,0.37055837563451777,0.28426395939086296,0.569620253164557,0.4620253164556962,0
niah_mq_q8,2,0.38102605863192185,0.38851791530944624,-0.007491856677524389,0.3862377850162867,-0.005211726384364845,0.14193548387096774,0.09032258064516129,0.5707866027380786,0.46387329389971477,366,729,303,155,0.7722772277227723,0.22772277227722773,0.832258064516129,459.2074318973236,2.501846900975417e-05,0.0,-99.5,-560.0,460.5,20,20,0.8946796959826275,0.8925081433224755,0.07096774193548387,0.025806451612903226,0,0.8165038002171553,0.8208469055374593,0.14838709677419354,0.07096774193548387,0,0.7166123778501629,0.751357220412595,0.25806451612903225,0.16129032258064516,0,0.34310532030401736,0.2779587404994571,0.5870967741935483,0.44516129032258067,0
niah_mq_q8,3,0.41456043956043953,0.39972527472527464,0.014835164835164893,0.4149999999999999,-0.0004395604395603936,0.11875,0.08125,0.637839755063269,0.4725312152991667,381,634,318,160,0.8207547169811321,0.1792452830188679,0.86875,452.5668321941135,-0.0016643676830082144,0.0,-121.0,-576.0,455.0,20,20,0.9032967032967033,0.9120879120879121,0.0625,0.025,0,0.810989010989011,0.8197802197802198,0.11875,0.075,0,0.6725274725274726,0.7670329670329671,0.25625,0.175,0,0.421978021978022,0.3648351648351648,0.60625,0.4625,0
niah_mq_q8,4,0.3859302325581395,0.36662790697674413,0.019302325581395385,0.38872093023255816,-0.0027906976744186407,0.12101910828025478,0.08280254777070063,0.5662525795585667,0.4290980809124648,373,772,309,157,0.7896440129449838,0.21035598705501618,0.8662420382165605,430.15693704339424,-0.000759375297775185,0.0,-146.0,-576.0,430.0,17,20,0.9558139534883721,0.913953488372093,0.06369426751592357,0.01910828025477707,0,0.8488372093023255,0.8372093023255814,0.12738853503184713,0.05732484076433121,0,0.7348837209302326,0.7441860465116279,0.2611464968152866,0.17197452229299362,0,0.3767441860465116,0.2651162790697674,0.6114649681528662,0.5159235668789809,0
niah_mq_q8,5,0.3816433566433567,0.3736013986013985,0.008041958041958175,0.3849067599067599,-0.003263403263403186,0.11464968152866242,0.08280254777070063,0.5708253455169511,0.4521888117602817,372,654,309,157,0.7734627831715211,0.22653721682847897,0.8471337579617835,427.6437777846899,0.00039012571912413997,0.0,-155.0,-584.0,429.0,19,20,0.8857808857808858,0.8694638694638694,0.05732484076433121,0.03821656050955414,0,0.8414918414918415,0.8601398601398601,0.12101910828025478,0.07643312101910828,0,0.7599067599067599,0.717948717948718,0.2356687898089172,0.18471337579617833,0,0.34498834498834496,0.29836829836829837,0.5796178343949044,0.49044585987261147,0
niah_mq_q8,6,0.34610091743119265,0.3720183486238532,-0.025917431192660545,0.34793577981651375,-0.001834862385321101,0.1125,0.1,0.5185959118248509,0.43086522946499556,382,651,318,160,0.789308176100629,0.21069182389937108,0.85625,435.57385063273625,0.00029126760762213214,0.0,-148.0,-584.0,436.0,17,20,0.8555045871559633,0.9013761467889908,0.05,0.03125,0,0.7545871559633027,0.841743119266055,0.1125,0.0875,0,0.6651376146788991,0.7339449541284404,0.25,0.175,0,0.2798165137614679,0.3211009174311927,0.6125,0.48125,0
niah_mq_q8,7,0.3852678571428571,0.37109375,0.014174107142857106,0.38392857142857134,0.001339285714285765,0.11392405063291139,0.10759493670886076,0.5763912431375896,0.44163249982225805,375,635,312,158,0.7980769230769231,0.20192307692307693,0.8544303797468354,448.5367024716622,-0.0004537062543266058,0.0,-120.0,-568.0,448.0,17,20,0.9129464285714286,0.8928571428571429,0.06329113924050633,0.0379746835443038,0,0.8147321428571429,0.8504464285714286,0.11392405063291139,0.0759493670886076,0,0.6875,0.734375,0.25949367088607594,0.17721518987341772,0,0.35714285714285715,0.24107142857142858,0.6012658227848101,0.5063291139240507,0
niah_mq_q8,8,0.40308069792802614,0.3739640130861505,0.02911668484187563,0.40417121046892035,-0.0010905125408942062,0.1320754716981132,0.11320754716981132,0.6167253251649445,0.44312377139486847,379,692,315,159,0.7841269841269841,0.21587301587301588,0.8490566037735849,459.4902039651542,-0.0022205624041496306,0.0,-105.5,-564.0,458.5,20,20,0.88113413304253,0.8505997818974919,0.06289308176100629,0.05660377358490566,0,0.8004362050163577,0.8047982551799345,0.1320754716981132,0.1069182389937107,0,0.7175572519083969,0.7219193020719739,0.2641509433962264,0.2138364779874214,0,0.3533260632497274,0.28789531079607417,0.6289308176100629,0.5283018867924528,0
niah_mq_q8,9,0.1601039260969977,0.14693995381062358,0.013163972286374115,0.15871824480369515,0.0013856812933025486,0.34868421052631576,0.3026315789473684,0.22381412762660052,0.2676124702810758,967,651,863,152,0.5735805330243338,0.4264194669756663,0.9210526315789473,430.84356000199085,-0.0013346779649026207,0.0,-151.0,-584.0,433.0,15,18,0.7759815242494227,0.7575057736720554,0.18421052631578946,0.13157894736842105,0,0.5173210161662818,0.5912240184757506,0.35526315789473684,0.3092105263157895,0,0.2817551963048499,0.14780600461893764,0.618421052631579,0.6118421052631579,0,0.018475750577367205,0.046189376443418015,0.9144736842105263,0.8421052631578947,0
niah_mq_q8,10,0.39170281995661604,0.3870390455531452,0.004663774403470822,0.3934381778741865,-0.001735357917570457,0.10625,0.0875,0.5967741112533973,0.45178129630066577,382,869,318,160,0.779874213836478,0.22012578616352202,0.8375,462.553625705758,-0.00012377444784401372,0.0,-131.0,-592.0,461.0,19,20,0.8676789587852495,0.928416485900217,0.0625,0.025,0,0.8004338394793926,0.8503253796095445,0.10625,0.05625,0,0.6941431670281996,0.7245119305856833,0.2625,0.15625,0,0.3210412147505423,0.29067245119305857,0.6,0.45,0
niah_mq_q8,11,0.38916938110749183,0.4168566775244299,-0.027687296416938068,0.39394679695982626,-0.004777415852334432,0.12578616352201258,0.1069182389937107,0.5781504703164788,0.5002459794995223,378,803,315,159,0.8,0.2,0.8805031446540881,458.6643567638432,0.0008282076928478036,0.0,-127.5,-588.0,460.5,17,20,0.9185667752442996,0.9163952225841476,0.05660377358490566,0.031446540880503145,0,0.8490770901194354,0.8469055374592834,0.12578616352201258,0.06918238993710692,0,0.7122692725298588,0.7839305103148752,0.2578616352201258,0.15723270440251572,0,0.3735070575461455,0.3778501628664495,0.6163522012578616,0.4779874213836478,0
niah_mq_q8,12,0.3677771556550952,0.35489921612541997,0.012877939529675253,0.370464725643897,-0.0026875699888017635,0.1337579617834395,0.07643312101910828,0.5536651669126129,0.41552827973817125,373,680,309,157,0.7831715210355987,0.2168284789644013,0.8407643312101911,447.1984719758654,-1.6965066015225395e-05,0.0,-101.5,-548.0,446.5,20,20,0.9070548712206047,0.9227323628219485,0.06369426751592357,0.012738853503184714,0,0.8533034714445689,0.8533034714445689,0.14012738853503184,0.044585987261146494,0,0.6539753639417694,0.7010078387458006,0.25477707006369427,0.1592356687898089,0,0.30011198208286677,0.21052631578947367,0.5987261146496815,0.4713375796178344,0
niah_mq_q8,13,0.38056768558951964,0.3918122270742358,-0.011244541484716153,0.3844978165938865,-0.003930131004366844,0.1125,0.10625,0.5726303058669089,0.4580819703827682,382,754,318,160,0.8050314465408805,0.1949685534591195,0.84375,460.5070936207821,-0.00038892579809302486,0.0,-106.0,-564.0,458.0,19,20,0.9170305676855895,0.9192139737991266,0.0625,0.01875,0,0.8275109170305677,0.8384279475982532,0.1125,0.06875,0,0.6855895196506551,0.759825327510917,0.2625,0.1625,0,0.32751091703056767,0.3537117903930131,0.60625,0.48125,0
niah_mq_q8,14,0.1860989010989011,0.14664835164835166,0.03945054945054943,0.18302197802197803,0.0030769230769230604,0.3464052287581699,0.2679738562091503,0.2729574662320577,0.2657337067958322,970,793,866,153,0.5635103926096998,0.43648960739030024,0.8954248366013072,454.97561432571155,-0.001426998635118415,0.0,-149.0,-604.0,455.0,17,11,0.7648351648351648,0.8153846153846154,0.16993464052287582,0.08496732026143791,0,0.6197802197802198,0.6417582417582418,0.3464052287581699,0.2222222222222222,0,0.34285714285714286,0.24615384615384617,0.6078431372549019,0.5163398692810458,0,0.06153846153846154,0.026373626373626374,0.8562091503267973,0.869281045751634,0
niah_mq_q8,15,0.20199642431466028,0.14776519666269367,0.05423122765196661,0.2062872467222884,-0.004290822407628125,0.3246753246753247,0.2532467532467532,0.31076610823285933,0.25514426169691384,973,785,869,154,0.5627157652474108,0.4372842347525892,0.8896103896103896,421.5204529810487,0.0038790498078557336,0.0,-116.5,-536.0,419.5,17,16,0.8081048867699643,0.767580452920143,0.14935064935064934,0.07142857142857142,0,0.600715137067938,0.5911799761620977,0.33116883116883117,0.2077922077922078,0,0.45292014302741357,0.20023837902264602,0.5194805194805194,0.4675324675324675,0,0.04767580452920143,0.03814064362336114,0.8701298701298701,0.8376623376623377,0
niah_mq_q8,16,0.37884615384615383,0.3678093645484949,0.011036789297658944,0.37884615384615394,-1.1102230246251565e-16,0.12179487179487179,0.08974358974358974,0.5691932866512831,0.4179343429290675,370,786,306,156,0.7973856209150327,0.20261437908496732,0.8525641025641025,448.43291882457186,0.0009963146207485319,0.0,-107.5,-556.0,448.5,18,20,0.9186176142697882,0.9186176142697882,0.07692307692307693,0.01282051282051282,0,0.8383500557413601,0.8272017837235228,0.1282051282051282,0.0641025641025641,0,0.6845039018952063,0.7290969899665551,0.2564102564102564,0.14102564102564102,0,0.39687848383500557,0.25418060200668896,0.6410256410256411,0.46153846153846156,0
niah_mq_q8,17,0.38284204671857625,0.39118464961067856,-0.008342602892102313,0.38284204671857625,0.0,0.1125,0.09375,0.5766778660119332,0.4502050210729198,382,638,318,160,0.7955974842767296,0.20440251572327045,0.875,451.5572185656624,0.0009666732767744875,0.0,-118.5,-568.0,449.5,20,20,0.8898776418242491,0.9165739710789766,0.06875,0.01875,0,0.7919911012235817,0.8542825361512792,0.1125,0.05625,0,0.6896551724137931,0.7385984427141268,0.25,0.18125,0,0.36484983314794217,0.3114571746384872,0.60625,0.5,0
niah_mq_q8,18,0.391742596810934,0.38547835990888385,0.006264236902050135,0.3962984054669705,-0.004555808656036497,0.10625,0.11875,0.593739980326914,0.44223439963380323,382,538,318,160,0.8238993710691824,0.1761006289308176,0.8625,439.8709148399931,-0.0003975123174033916,0.0,-145.0,-584.0,439.0,20,20,0.8906605922551253,0.8405466970387244,0.06875,0.05625,0,0.8177676537585421,0.7699316628701595,0.10625,0.1125,0,0.6742596810933941,0.6742596810933941,0.21875,0.225,0,0.3690205011389522,0.3416856492027335,0.59375,0.5,0
niah_mq_q8,19,0.4122667398463228,0.40216794731064753,0.01009879253567525,0.4153402854006587,-0.0030735455543359214,0.13125,0.08125,0.6195407256938416,0.4753693309770536,382,758,318,160,0.8238993710691824,0.1761006289308176,0.89375,456.2823723726958,-0.0015342080665164655,0.0,-100.5,-556.0,455.5,20,20,0.9352360043907794,0.9220636663007684,0.06875,0.00625,0,0.8079034028540066,0.8342480790340285,0.13125,0.06875,0,0.7596048298572997,0.7618002195389681,0.26875,0.13125,0,0.3512623490669594,0.32491767288693746,0.61875,0.46875,0
niah_mq_q8,20,0.393140589569161,0.3943877551020408,-0.0012471655328798459,0.3940476190476191,-0.0009070294784581101,0.1464968152866242,0.11464968152866242,0.5899638798592151,0.4707327525148419,372,738,309,157,0.8155339805825242,0.18446601941747573,0.910828025477707,442.0371204522735,0.0006656335556884337,0.0,-119.0,-560.0,441.0,19,20,0.9002267573696145,0.9115646258503401,0.07643312101910828,0.03821656050955414,0,0.8684807256235828,0.8095238095238095,0.1464968152866242,0.08917197452229299,0,0.6802721088435374,0.7505668934240363,0.2802547770700637,0.17834394904458598,0,0.42630385487528344,0.3129251700680272,0.6369426751592356,0.5031847133757962,0
niah_mq_q8,21,0.3664905450500556,0.3433537263626252,0.02313681868743045,0.36960511679644054,-0.0031145717463849087,0.10191082802547771,0.10191082802547771,0.5695694003701902,0.3841690436652493,373,517,309,157,0.7896440129449838,0.21035598705501618,0.8471337579617835,447.7960330157123,0.00045948575279021475,0.0,-118.5,-568.0,449.5,20,20,0.8453837597330367,0.9232480533926585,0.050955414012738856,0.025477707006369428,0,0.760845383759733,0.8275862068965517,0.10828025477707007,0.08280254777070063,0,0.6674082313681868,0.6318131256952169,0.24203821656050956,0.1910828025477707,0,0.3203559510567297,0.25806451612903225,0.6114649681528662,0.4840764331210191,0
niah_mq_q8,22,0.37432126696832585,0.3648190045248868,0.009502262443439047,0.37386877828054305,0.0004524886877828038,0.12258064516129032,0.09032258064516129,0.5658992556489223,0.4288700714485333,367,734,303,155,0.834983498349835,0.16501650165016502,0.9290322580645162,443.69353852180546,0.00177021797681142,0.0,-110.0,-552.0,442.0,19,20,0.8461538461538461,0.9117647058823529,0.07096774193548387,0.012903225806451613,0,0.7873303167420814,0.832579185520362,0.12903225806451613,0.06451612903225806,0,0.6877828054298643,0.744343891402715,0.25161290322580643,0.16129032258064516,0,0.3167420814479638,0.2986425339366516,0.6129032258064516,0.4838709677419355,0
niah_mq_q8,23,0.39147919010123733,0.37089426321709784,0.020584926884139487,0.3975534308211476,-0.006074240719910251,0.12179487179487179,0.08974358974358974,0.6057824627802997,0.424761682170241,369,852,306,156,0.7777777777777778,0.2222222222222222,0.8333333333333334,445.66854909970016,-0.00039684761148199853,0.0,-95.5,-540.0,444.5,20,20,0.875140607424072,0.9088863892013498,0.057692307692307696,0.01282051282051282,0,0.7874015748031497,0.8481439820022497,0.12179487179487179,0.057692307692307696,0,0.7019122609673791,0.7199100112485939,0.25,0.17307692307692307,0,0.3689538807649044,0.265466816647919,0.5897435897435898,0.5128205128205128,0
niah_mq_q8,24,0.3766577540106953,0.38350267379679137,-0.006844919786096082,0.3762299465240641,0.00042780748663118207,0.12101910828025478,0.07643312101910828,0.5476988991207542,0.4514122129294913,374,838,309,157,0.7864077669902912,0.21359223300970873,0.8726114649681529,467.13747990525667,0.0005637456879835127,0.0,-96.5,-564.0,467.5,18,20,0.8855614973262033,0.9262032085561497,0.07006369426751592,0.006369426751592357,0,0.8470588235294118,0.8385026737967914,0.12101910828025478,0.050955414012738856,0,0.6951871657754011,0.7379679144385026,0.2611464968152866,0.15286624203821655,0,0.2909090909090909,0.30802139037433157,0.643312101910828,0.445859872611465,0
niah_mq_q8,25,0.36504576659038906,0.37397025171624715,-0.008924485125858084,0.3673340961098398,-0.002288329519450738,0.12578616352201258,0.10062893081761007,0.5528639934849341,0.4200029912622262,378,508,315,159,0.7555555555555555,0.24444444444444444,0.7924528301886793,434.9998748940139,0.00021776011469781998,0.0,-139.0,-576.0,437.0,20,20,0.9016018306636155,0.897025171624714,0.050314465408805034,0.03773584905660377,0,0.8077803203661327,0.8375286041189931,0.12578616352201258,0.08176100628930817,0,0.6178489702517163,0.7093821510297483,0.23270440251572327,0.18867924528301888,0,0.33867276887871856,0.3157894736842105,0.610062893081761,0.5031446540880503,0
niah_mq_q8,26,0.3912591687041564,0.36558679706601466,0.025672371638141733,0.39639364303178476,-0.005134474327628369,0.10256410256410256,0.10256410256410256,0.5881448896957877,0.42279345353791414,370,675,306,156,0.7810457516339869,0.21895424836601307,0.8461538461538461,409.31738599984357,-0.00040098900296490147,0.0,-131.0,-540.0,409.0,19,20,0.902200488997555,0.8655256723716381,0.019230769230769232,0.038461538461538464,0,0.8459657701711492,0.7921760391198044,0.10897435897435898,0.09615384615384616,0,0.7237163814180929,0.6650366748166259,0.24358974358974358,0.21794871794871795,0,0.3276283618581907,0.3471882640586797,0.5897435897435898,0.5128205128205128,0
niah_mq_q8,27,0.392162471395881,0.3774027459954234,0.014759725400457613,0.40177345537757453,-0.009610983981693522,0.11949685534591195,0.0880503144654088,0.6149092563024966,0.4355879699895488,379,656,315,159,0.7746031746031746,0.2253968253968254,0.8301886792452831,439.0419237457347,-8.719352589152575e-05,0.0,-163.0,-600.0,437.0,17,19,0.8947368421052632,0.9084668192219679,0.06289308176100629,0.018867924528301886,0,0.8329519450800915,0.8260869565217391,0.11949685534591195,0.07547169811320754,0,0.6727688787185355,0.7139588100686499,0.24528301886792453,0.1761006289308176,0,0.43478260869565216,0.2562929061784897,0.6226415094339622,0.4968553459119497,0
niah_mq_q8,28,0.40715451577801953,0.41466267682263336,-0.007508161044613826,0.40671926006528836,0.00043525571273117514,0.11949685534591195,0.0880503144654088,0.618647302918718,0.5063743961325203,379,754,315,159,0.7904761904761904,0.20952380952380953,0.8679245283018868,461.2046001781246,-0.00010361603748958051,0.0,-92.5,-552.0,459.5,20,20,0.8770402611534276,0.911860718171926,0.06918238993710692,0.025157232704402517,0,0.8335146898803046,0.8574537540805223,0.11949685534591195,0.07547169811320754,0,0.7225244831338411,0.7334058759521219,0.2578616352201258,0.16352201257861634,0,0.38737758433079433,0.40043525571273125,0.6289308176100629,0.4591194968553459,0
niah_mq_q8,29,0.37408466819221975,0.3839244851258582,-0.009839816933638446,0.37362700228832957,0.0004576659038901809,0.1282051282051282,0.09615384615384616,0.5598173726791493,0.4440923060404704,369,451,306,156,0.8006535947712419,0.19934640522875818,0.8461538461538461,438.3982847925923,0.0019161898995654902,0.0,-135.0,-572.0,437.0,20,20,0.931350114416476,0.8924485125858124,0.0641025641025641,0.038461538461538464,0,0.8032036613272311,0.8329519450800915,0.1346153846153846,0.07692307692307693,0,0.6773455377574371,0.7803203661327232,0.24358974358974358,0.1987179487179487,0,0.3112128146453089,0.2837528604118993,0.6089743589743589,0.5192307692307693,0
niah_mq_q8,30,0.3829569892473118,0.37338709677419357,0.009569892473118236,0.38553763440860217,-0.0025806451612903625,0.13043478260869565,0.09316770186335403,0.5679889545499233,0.4167143892029096,385,709,321,161,0.8193146417445483,0.1806853582554517,0.8881987577639752,464.15837659638265,0.0009173176565761288,0.0,-111.0,-576.0,465.0,18,20,0.9118279569892473,0.9161290322580645,0.07453416149068323,0.024844720496894408,0,0.8301075268817204,0.853763440860215,0.13043478260869565,0.06832298136645963,0,0.7139784946236559,0.7440860215053764,0.2422360248447205,0.13664596273291926,0,0.3225806451612903,0.3139784946236559,0.6086956521739131,0.4658385093167702,0
niah_mq_q8,31,0.4032560706401765,0.3852649006622516,0.01799116997792488,0.40325607064017654,-5.551115123125783e-17,0.10191082802547771,0.10828025477707007,0.6148557652926663,0.44362157821003567,373,522,309,157,0.8155339805825242,0.18446601941747573,0.8598726114649682,455.06050217359785,0.002453288812141771,0.0,-143.0,-596.0,453.0,20,20,0.8940397350993378,0.8719646799116998,0.07006369426751592,0.044585987261146494,0,0.8388520971302428,0.7924944812362031,0.10828025477707007,0.10828025477707007,0,0.7019867549668874,0.6975717439293598,0.2356687898089172,0.2356687898089172,0,0.35320088300220753,0.37969094922737306,0.6242038216560509,0.445859872611465,0
niah_mq_q8,32,0.38562639821029077,0.40329977628635333,-0.017673378076062563,0.3874161073825503,-0.0017897091722595126,0.10909090909090909,0.09090909090909091,0.594458114137815,0.48181229482376775,397,786,333,165,0.7717717717717718,0.22822822822822822,0.8303030303030303,449.2595124260242,0.0017007381049879418,0.0,-113.0,-560.0,447.0,20,20,0.883668903803132,0.9105145413870246,0.06060606060606061,0.01818181818181818,0,0.8232662192393736,0.8478747203579419,0.10909090909090909,0.07272727272727272,0,0.680089485458613,0.738255033557047,0.2606060606060606,0.17575757575757575,0,0.3579418344519016,0.3624161073825503,0.6242424242424243,0.4727272727272727,0
niah_mq_q8,33,0.3961981566820277,0.3945852534562212,0.0016129032258064835,0.39711981566820287,-0.0009216589861751889,0.1032258064516129,0.10967741935483871,0.5810236665383246,0.47435495135877154,366,637,303,155,0.834983498349835,0.16501650165016502,0.8774193548387097,435.1610578841665,-0.00028953312974379873,0.0,-122.0,-556.0,434.0,18,20,0.9078341013824884,0.9170506912442397,0.05161290322580645,0.01935483870967742,0,0.847926267281106,0.8225806451612904,0.10967741935483871,0.08387096774193549,0,0.7603686635944701,0.7580645161290323,0.25161290322580643,0.18064516129032257,0,0.3456221198156682,0.3271889400921659,0.5935483870967742,0.5032258064516129,0
niah_mq_q8,34,0.3948754246885617,0.38932616081540194,0.005549263873159738,0.39442242355605883,0.00045300113250285046,0.12727272727272726,0.10909090909090909,0.582998309354016,0.4486633888915053,397,636,333,165,0.8228228228228228,0.17717717717717718,0.8909090909090909,442.22105323998596,-0.0014885224569886016,0.0,-74.5,-516.0,441.5,20,20,0.9218573046432617,0.9060022650056625,0.06060606060606061,0.024242424242424242,0,0.853907134767837,0.8199320498301246,0.12727272727272726,0.07272727272727272,0,0.7225368063420159,0.7406568516421291,0.26666666666666666,0.1696969696969697,0,0.33069082672706684,0.3171007927519819,0.6303030303030303,0.4666666666666667,0
niah_mq_q8,35,0.40125570776255703,0.3870433789954338,0.01421232876712325,0.40148401826484,-0.0002283105022829468,0.12101910828025478,0.09554140127388536,0.6048246814817624,0.4504238786818708,373,727,309,157,0.7734627831715211,0.22653721682847897,0.8152866242038217,438.0571226127863,-0.0008576436583716834,0.0,-94.0,-532.0,438.0,20,20,0.9155251141552512,0.932648401826484,0.07643312101910828,0.012738853503184714,0,0.821917808219178,0.8515981735159818,0.12738853503184713,0.06369426751592357,0,0.7123287671232876,0.7557077625570776,0.27388535031847133,0.15286624203821655,0,0.3744292237442922,0.2648401826484018,0.6305732484076433,0.47770700636942676,0
niah_mq_q8,36,0.35686046511627906,0.38255813953488377,-0.02569767441860471,0.3624418604651162,-0.005581395348837115,0.1282051282051282,0.10897435897435898,0.5436192824053112,0.45046052549760907,370,722,306,156,0.7777777777777778,0.2222222222222222,0.8525641025641025,430.30222736647215,0.00109485463503585,0.0,-166.0,-596.0,430.0,20,20,0.8930232558139535,0.9023255813953488,0.057692307692307696,0.038461538461538464,0,0.7953488372093023,0.8162790697674419,0.1282051282051282,0.09615384615384616,0,0.6511627906976745,0.7348837209302326,0.23717948717948717,0.17307692307692307,0,0.30697674418604654,0.3488372093023256,0.6025641025641025,0.44871794871794873,0
niah_mq_q8,37,0.4117612293144206,0.39403073286052,0.017730496453900624,0.4131796690307327,-0.0014184397163121143,0.11612903225806452,0.0967741935483871,0.620958005664501,0.4656292727247429,368,714,303,155,0.8085808580858086,0.19141914191419143,0.8387096774193549,422.6848852810522,-0.00021264435016584563,0.0,-101.0,-524.0,423.0,20,20,0.8865248226950354,0.9054373522458629,0.07096774193548387,0.03225806451612903,0,0.851063829787234,0.8486997635933806,0.11612903225806452,0.07741935483870968,0,0.7399527186761229,0.7659574468085106,0.24516129032258063,0.16774193548387098,0,0.35933806146572106,0.34988179669030733,0.5870967741935483,0.4774193548387097,0
niah_mq_q8,38,0.3676636568848758,0.37364559819413096,-0.005981941309255168,0.369469525959368,-0.0018058690744922057,0.1069182389937107,0.06918238993710692,0.5520873824955946,0.42418671990999474,379,648,315,159,0.7904761904761904,0.20952380952380953,0.8301886792452831,442.36071207528767,0.00197470765950977,0.0,-165.0,-608.0,443.0,20,20,0.9029345372460497,0.9209932279909706,0.06289308176100629,0.025157232704402517,0,0.8081264108352144,0.8329571106094809,0.1069182389937107,0.05660377358490566,0,0.6817155756207675,0.6997742663656885,0.22641509433962265,0.1761006289308176,0,0.3160270880361174,0.30248306997742663,0.5849056603773585,0.4779874213836478,0
niah_mq_q8,39,0.3751116071428572,0.3822544642857143,-0.0071428571428571175,0.37689732142857135,-0.0017857142857141683,0.14012738853503184,0.11464968152866242,0.5613281988299131,0.44786790588763514,373,691,309,157,0.8058252427184466,0.1941747572815534,0.8726114649681529,447.2588395324251,0.0007135802249285679,0.0,-132.0,-580.0,448.0,20,20,0.8616071428571429,0.875,0.07643312101910828,0.044585987261146494,0,0.8303571428571429,0.8035714285714286,0.14012738853503184,0.11464968152866242,0,0.7053571428571429,0.7142857142857143,0.2611464968152866,0.2229299363057325,0,0.28125,0.29910714285714285,0.6050955414012739,0.5222929936305732,0
niah_mq_q8,40,0.4097848898216161,0.40999475341028335,-0.0002098635886672584,0.4144018887722982,-0.004616998950682127,0.11801242236024845,0.09937888198757763,0.6163489533637037,0.4910413646316165,385,689,321,161,0.8286604361370716,0.17133956386292834,0.906832298136646,473.92695056478453,-0.003015336089914829,0.0,-119.5,-596.0,476.5,20,20,0.906610703043022,0.8919202518363064,0.06832298136645963,0.037267080745341616,0,0.8436516264428122,0.8226652675760755,0.11801242236024845,0.08695652173913043,0,0.7429171038824763,0.770199370409234,0.2670807453416149,0.18012422360248448,0,0.36096537250786986,0.3357817418677859,0.6211180124223602,0.484472049689441,0
niah_mq_q8,41,0.3693529411764706,0.38841176470588235,-0.01905882352941174,0.3702941176470589,-0.0009411764705882786,0.125,0.10526315789473684,0.5582773480604556,0.46734255134390157,358,648,294,152,0.8333333333333334,0.16666666666666666,0.8947368421052632,425.48821231250616,0.0018692872981721771,0.0,-111.0,-536.0,425.0,18,20,0.8588235294117647,0.8941176470588236,0.06578947368421052,0.039473684210526314,0,0.8094117647058824,0.8164705882352942,0.125,0.07236842105263158,0,0.6588235294117647,0.7552941176470588,0.2631578947368421,0.16447368421052633,0,0.32,0.3247058823529412,0.5855263157894737,0.4605263157894737,0
niah_mq_q8,42,0.38650490730643394,0.3646946564885497,0.021810250817884236,0.38912213740458,-0.0026172300981460728,0.13291139240506328,0.10126582278481013,0.5728830434944208,0.41755660768999575,375,621,312,158,0.8173076923076923,0.18269230769230768,0.879746835443038,457.82363504093655,-0.0006189468731312467,0.0,-113.5,-572.0,458.5,17,20,0.9400218102508179,0.8964013086150491,0.06962025316455696,0.02531645569620253,0,0.8484187568157033,0.8418756815703381,0.13291139240506328,0.06962025316455696,0,0.7110141766630316,0.7175572519083969,0.26582278481012656,0.189873417721519,0,0.2748091603053435,0.257360959651036,0.6329113924050633,0.5063291139240507,0
niah_mq_q8,43,0.20723234624145787,0.1452733485193622,0.06195899772209568,0.21178815489749442,-0.004555808656036553,0.3161290322580645,0.25161290322580643,0.3245224930999783,0.2621799422699171,976,811,872,155,0.533256880733945,0.46674311926605505,0.8580645161290322,439.99051362946386,0.001363010213027472,0.0,-161.0,-600.0,439.0,16,15,0.7517084282460137,0.7881548974943052,0.17419354838709677,0.08387096774193549,0,0.7015945330296127,0.6469248291571754,0.3161290322580645,0.23225806451612904,0,0.43735763097949887,0.1548974943052392,0.5419354838709678,0.5419354838709678,0,0.05466970387243736,0.03644646924829157,0.8516129032258064,0.8387096774193549,0
niah_mq_q8,44,0.39594972067039114,0.39393854748603346,0.002011173184357673,0.39729050279329614,-0.0013407821229050043,0.11875,0.10625,0.6000099610801244,0.45836843011523387,382,752,318,160,0.7830188679245284,0.2169811320754717,0.83125,448.1435584877977,-0.0007542767561181177,0.0,-100.5,-548.0,447.5,20,20,0.8558659217877095,0.8983240223463688,0.06875,0.01875,0,0.7798882681564245,0.8782122905027933,0.11875,0.06875,0,0.7217877094972067,0.7486033519553073,0.25625,0.15,0,0.39776536312849164,0.3039106145251397,0.6125,0.475,0
niah_mq_q8,45,0.37029346622369874,0.3748338870431894,-0.0045404208194906315,0.3729512735326689,-0.0026578073089701393,0.1346153846153846,0.08974358974358974,0.5620775715437876,0.424536540056163,370,684,306,156,0.8006535947712419,0.19934640522875818,0.8589743589743589,450.7374018478656,0.0004027662239414267,0.0,-92.5,-544.0,451.5,20,20,0.9014396456256921,0.9258028792912514,0.0641025641025641,0.019230769230769232,0,0.8106312292358804,0.8372093023255814,0.1346153846153846,0.0641025641025641,0,0.6710963455149501,0.7486157253599114,0.2692307692307692,0.17307692307692307,0,0.34994462901439644,0.28349944629014395,0.6089743589743589,0.4935897435897436,0
niah_mq_q8,46,0.3728401727861771,0.3634449244060475,0.009395248380129617,0.37240820734341257,0.00043196544276452586,0.10828025477707007,0.12101910828025478,0.5612803278169338,0.43051770361520114,373,665,309,157,0.8252427184466019,0.17475728155339806,0.910828025477707,461.59176969137343,-0.00013404270958812512,0.0,-109.0,-572.0,463.0,20,20,0.8596112311015118,0.8639308855291576,0.05732484076433121,0.044585987261146494,0,0.7861771058315334,0.8077753779697624,0.11464968152866242,0.12101910828025478,0,0.6889848812095032,0.7170626349892009,0.267515923566879,0.2229299363057325,0,0.3369330453563715,0.27213822894168466,0.6369426751592356,0.5222929936305732,0
niah_mq_q8,47,0.3741031390134529,0.36984304932735423,0.004260089686098645,0.3767937219730941,-0.0026905829596411968,0.1282051282051282,0.10897435897435898,0.5695233496280543,0.4242600906631755,369,675,306,156,0.7810457516339869,0.21895424836601307,0.8525641025641025,444.47007003053693,0.0002012366578423463,0.0,-94.0,-540.0,446.0,20,20,0.8452914798206278,0.9035874439461884,0.0641025641025641,0.03205128205128205,0,0.8071748878923767,0.8475336322869955,0.1282051282051282,0.07051282051282051,0,0.6838565022421524,0.7399103139013453,0.26282051282051283,0.19230769230769232,0,0.34080717488789236,0.273542600896861,0.5833333333333334,0.5,0
niah_mq_q8,48,0.382032967032967,0.39554945054945045,-0.013516483516483435,0.382032967032967,0.0,0.11875,0.1,0.5559687446779081,0.46646194104865424,382,707,318,160,0.8301886792452831,0.16981132075471697,0.88125,454.0868440621602,0.0003343222169033275,0.0,-105.0,-560.0,455.0,20,20,0.9428571428571428,0.9098901098901099,0.05625,0.025,0,0.8593406593406593,0.8351648351648352,0.11875,0.06875,0,0.7120879120879121,0.7626373626373626,0.24375,0.1625,0,0.32967032967032966,0.34725274725274724,0.625,0.46875,0
niah_mq_q8,49,0.40723234624145804,0.386503416856492,0.020728929384966066,0.4108769931662871,-0.003644646924829076,0.0949367088607595,0.0949367088607595,0.6156277963918374,0.4401150006855813,376,520,312,158,0.8173076923076923,0.18269230769230768,0.8607594936708861,439.51041304250157,0.00037058847679685784,0.0,-133.0,-572.0,439.0,20,20,0.8747152619589977,0.8906605922551253,0.04430379746835443,0.02531645569620253,0,0.8132118451025057,0.8109339407744874,0.0949367088607595,0.06962025316455696,0,0.7494305239179955,0.6924829157175398,0.2088607594936709,0.16455696202531644,0,0.42369020501138954,0.3234624145785877,0.5886075949367089,0.45569620253164556,0
niah_mq_q8,50,0.3626728110599079,0.34953917050691247,0.01313364055299543,0.36589861751152075,-0.003225806451612856,0.12101910828025478,0.08917197452229299,0.5451827725404448,0.4055519138787552,373,657,309,157,0.7702265372168284,0.2297734627831715,0.8343949044585988,435.18244866014174,0.0005699502344026875,0.0,-118.0,-552.0,434.0,18,19,0.8870967741935484,0.9147465437788018,0.06369426751592357,0.01910828025477707,0,0.8341013824884793,0.8732718894009217,0.12738853503184713,0.05732484076433121,0,0.6981566820276498,0.7511520737327189,0.25477707006369427,0.16560509554140126,0,0.35944700460829493,0.1889400921658986,0.6242038216560509,0.5031847133757962,0
niah_mq_q8,51,0.38233041575492344,0.3734682713347921,0.008862144420131335,0.38364332603938733,-0.0013129102844638973,0.11538461538461539,0.10897435897435898,0.5774959765676078,0.44724973422419934,369,471,306,156,0.8006535947712419,0.19934640522875818,0.8589743589743589,455.9670951248007,-0.0006875233463758278,0.0,-147.0,-604.0,457.0,19,20,0.8687089715536105,0.8905908096280087,0.0641025641025641,0.04487179487179487,0,0.8468271334792122,0.824945295404814,0.12179487179487179,0.10897435897435898,0,0.687089715536105,0.7571115973741794,0.23717948717948717,0.1858974358974359,0,0.3413566739606127,0.27571115973741794,0.6089743589743589,0.48717948717948717,0
niah_mq_q8,52,0.37631004366812226,0.3852620087336244,-0.00895196506550211,0.37936681222707413,-0.0030567685589518723,0.11949685534591195,0.11949685534591195,0.5606719205269992,0.44510953129395514,379,684,315,159,0.8317460317460318,0.16825396825396827,0.89937106918239,458.8091904526678,-0.002255824542471715,0.0,-118.0,-576.0,458.0,19,20,0.9170305676855895,0.8799126637554585,0.07547169811320754,0.0440251572327044,0,0.8231441048034934,0.8384279475982532,0.11949685534591195,0.1069182389937107,0,0.7117903930131004,0.7161572052401747,0.27044025157232704,0.20754716981132076,0,0.314410480349345,0.3231441048034934,0.6289308176100629,0.48427672955974843,0
niah_mq_q8,53,0.4059160305343511,0.3850872410032717,0.020828789531079417,0.404607415485278,0.001308615049073092,0.13291139240506328,0.10759493670886076,0.604180155621516,0.45055295648510185,375,667,312,158,0.7980769230769231,0.20192307692307693,0.8544303797468354,457.4971290545311,-0.0027611666766575557,0.0,-109.5,-568.0,458.5,20,20,0.9225736095965104,0.8680479825517994,0.06962025316455696,0.04430379746835443,0,0.8702290076335878,0.8287895310796074,0.13291139240506328,0.10759493670886076,0,0.697928026172301,0.6892039258451472,0.2721518987341772,0.21518987341772153,0,0.4318429661941112,0.34023991275899673,0.6329113924050633,0.5189873417721519,0
niah_mq_q8,54,0.3850872410032715,0.38683206106870227,-0.0017448200654307522,0.3907579062159214,-0.005670665212649861,0.12883435582822086,0.08588957055214724,0.5944862116399801,0.44913182432909055,391,767,327,163,0.8073394495412844,0.1926605504587156,0.8773006134969326,459.37511304063145,-0.0009005160800578475,0.0,-109.5,-568.0,458.5,20,20,0.8942202835332607,0.9029443838604144,0.0736196319018405,0.024539877300613498,0,0.8113413304252999,0.8484187568157033,0.13496932515337423,0.05521472392638037,0,0.6870229007633588,0.7175572519083969,0.26993865030674846,0.15950920245398773,0,0.3489640130861505,0.2966194111232279,0.6196319018404908,0.44785276073619634,0
niah_mq_q8,55,0.36777522935779816,0.3590596330275229,0.008715596330275244,0.36915137614678895,-0.0013761467889907841,0.11875,0.09375,0.5485412753124745,0.4225331170026695,382,657,318,160,0.7955974842767296,0.20440251572327045,0.85,437.1726860010929,0.0009610554920550448,0.0,-144.0,-580.0,436.0,19,20,0.9059633027522935,0.8944954128440367,0.05625,0.025,0,0.8440366972477065,0.8509174311926605,0.11875,0.0625,0,0.6651376146788991,0.75,0.25625,0.1625,0,0.3348623853211009,0.2798165137614679,0.60625,0.46875,0
niah_mq_q8,56,0.4055066079295154,0.4018722466960353,0.003634361233480099,0.40947136563876657,-0.003964757709251199,0.12025316455696203,0.0759493670886076,0.615448717904931,0.47816254609518155,376,846,312,158,0.8012820512820513,0.1987179487179487,0.8481012658227848,453.70524590167963,-0.0010028578524476138,0.0,-206.0,-660.0,454.0,20,20,0.9405286343612335,0.933920704845815,0.056962025316455694,0.0189873417721519,0,0.8546255506607929,0.8678414096916299,0.12025316455696203,0.05063291139240506,0,0.7268722466960352,0.7797356828193832,0.24050632911392406,0.13291139240506328,0,0.31718061674008813,0.28193832599118945,0.5949367088607594,0.5,0
niah_mq_q8,57,0.3783096926713948,0.3948581560283687,-0.016548463356973908,0.3783096926713948,0.0,0.11688311688311688,0.09740259740259741,0.5651700250252516,0.4633502862778478,364,770,300,154,0.8033333333333333,0.19666666666666666,0.8441558441558441,424.35804690838336,0.0016067685211427452,0.0,-117.0,-540.0,423.0,20,20,0.8676122931442081,0.9196217494089834,0.05194805194805195,0.025974025974025976,0,0.8014184397163121,0.8416075650118203,0.11688311688311688,0.07792207792207792,0,0.7257683215130024,0.7541371158392435,0.24025974025974026,0.18181818181818182,0,0.34515366430260047,0.30260047281323876,0.5974025974025974,0.474025974025974,0
niah_mq_q8,58,0.3902272727272728,0.37772727272727274,0.012500000000000067,0.3911363636363636,-0.0009090909090908039,0.125,0.08125,0.5828791521753056,0.43423130386024206,382,690,318,160,0.8113207547169812,0.18867924528301888,0.85,441.2619464087529,0.0019551501377015426,0.0,-104.0,-544.0,440.0,20,20,0.8931818181818182,0.9204545454545454,0.075,0.0125,0,0.875,0.8727272727272727,0.125,0.05625,0,0.7113636363636363,0.7613636363636364,0.25,0.15625,0,0.32727272727272727,0.2681818181818182,0.61875,0.475,0
niah_mq_q8,59,0.37087852494577006,0.37131236442516263,-0.0004338394793925726,0.3700108459869848,0.0008676789587852562,0.1111111111111111,0.08496732026143791,0.5555981780688504,0.4246755933944436,361,829,297,153,0.7946127946127947,0.2053872053872054,0.8496732026143791,459.52847442616974,-0.0008747540129472113,0.0,-107.0,-568.0,461.0,20,20,0.8633405639913232,0.8893709327548807,0.06535947712418301,0.0196078431372549,0,0.7592190889370932,0.8524945770065075,0.1111111111111111,0.058823529411764705,0,0.6963123644251626,0.702819956616052,0.2549019607843137,0.16993464052287582,0,0.3600867678958785,0.2950108459869848,0.6209150326797386,0.46405228758169936,0
niah_mq_q8,60,0.35123941958887545,0.3600665054413542,-0.008827085852478767,0.353174123337364,-0.001934703748488531,0.1282051282051282,0.09615384615384616,0.5319555330046627,0.4077396651700697,370,766,306,156,0.7843137254901961,0.21568627450980393,0.8653846153846154,414.597890642209,0.0008216116439455818,0.0,-122.5,-536.0,413.5,17,20,0.8536880290205562,0.9262394195888755,0.07051282051282051,0.02564102564102564,0,0.7642079806529625,0.8585247883917775,0.1346153846153846,0.07692307692307693,0,0.6432889963724304,0.713422007255139,0.28205128205128205,0.1858974358974359,0,0.3482466747279323,0.2756952841596131,0.6025641025641025,0.48717948717948717,0
niah_mq_q8,61,0.390287356321839,0.39879310344827584,-0.008505747126436869,0.38890804597701145,0.0013793103448275223,0.11949685534591195,0.11949685534591195,0.5681380258559152,0.47403410034653704,379,699,315,159,0.7968253968253968,0.20317460317460317,0.8867924528301887,434.0952836246655,-0.0019778661823820244,0.0,-145.0,-580.0,435.0,20,20,0.9149425287356322,0.8919540229885058,0.06289308176100629,0.0440251572327044,0,0.8574712643678161,0.8390804597701149,0.11949685534591195,0.11320754716981132,0,0.7172413793103448,0.7218390804597701,0.2578616352201258,0.20754716981132076,0,0.367816091954023,0.3632183908045977,0.6352201257861635,0.5031446540880503,0
niah_mq_q8,62,0.42005494505494506,0.4019230769230768,0.018131868131868234,0.427967032967033,-0.007912087912087917,0.11949685534591195,0.0880503144654088,0.6411433447195525,0.48006162523416107,379,734,315,159,0.780952380952381,0.21904761904761905,0.8427672955974843,453.77529777637756,-0.0005761308692058515,0.0,-113.0,-568.0,455.0,19,20,0.9186813186813186,0.8945054945054945,0.06289308176100629,0.018867924528301886,0,0.8901098901098901,0.8527472527472527,0.11949685534591195,0.07547169811320754,0,0.7098901098901099,0.778021978021978,0.2389937106918239,0.16352201257861634,0,0.36043956043956044,0.3384615384615385,0.6289308176100629,0.46540880503144655,0
niah_mq_q8,63,0.3891807909604519,0.4036440677966101,-0.014463276836158223,0.38963276836158184,-0.0004519774011299549,0.12195121951219512,0.09146341463414634,0.5895678908076945,0.48188476589263496,394,812,330,164,0.8333333333333334,0.16666666666666666,0.9207317073170732,443.5752822006146,0.00025177420471681036,0.0,-105.5,-548.0,442.5,18,20,0.9242937853107345,0.9288135593220339,0.06097560975609756,0.012195121951219513,0,0.8451977401129943,0.8610169491525423,0.12804878048780488,0.06097560975609756,0,0.6644067796610169,0.7344632768361582,0.2621951219512195,0.17073170731707318,0,0.3751412429378531,0.3887005649717514,0.6463414634146342,0.45121951219512196,0
niah_mq_q8,64,0.3882563256325632,0.3962871287128714,-0.008030803080308235,0.39045654565456533,-0.002200220022002153,0.125,0.1125,0.5808546744308853,0.46862838106486826,381,641,318,160,0.8113207547169812,0.18867924528301888,0.875,453.1447815106112,0.00029766217011228783,0.0,-117.5,-572.0,454.5,19,20,0.9152915291529153,0.8998899889988999,0.075,0.0375,0,0.8052805280528053,0.8162816281628162,0.125,0.09375,0,0.6908690869086909,0.7194719471947195,0.25,0.175,0,0.3432343234323432,0.3696369636963696,0.625,0.49375,0
niah_mq_q8,65,0.40446725860155397,0.3977524972253053,0.006714761376248657,0.4115704772475028,-0.007103218645948817,0.11949685534591195,0.0880503144654088,0.6213939180382194,0.4722057815617804,378,732,315,159,0.8,0.2,0.8616352201257862,448.9362351406958,0.0013848482888617418,0.0,-85.5,-536.0,450.5,20,20,0.9078801331853497,0.9178690344062154,0.06289308176100629,0.025157232704402517,0,0.8301886792452831,0.8435072142064373,0.11949685534591195,0.07547169811320754,0,0.7058823529411765,0.7591564927857936,0.27044025157232704,0.16352201257861634,0,0.35960044395116536,0.3374028856825749,0.6037735849056604,0.44025157232704404,0
niah_mq_q8,66,0.3680034129692833,0.3806313993174061,-0.012627986348122788,0.3716439135381115,-0.0036405005688281977,0.125,0.1,0.5550481833096812,0.4314145053207604,382,752,318,160,0.7830188679245284,0.2169811320754717,0.85,440.3582094619258,0.00040435755783769476,0.0,-108.5,-548.0,439.5,20,19,0.8782707622298066,0.9169510807736063,0.05,0.025,0,0.8145620022753128,0.8327645051194539,0.125,0.075,0,0.6962457337883959,0.7281001137656428,0.24375,0.175,0,0.31399317406143346,0.2775881683731513,0.60625,0.48125,0
niah_mq_q8,67,0.3900168728908886,0.3734814398200225,0.01653543307086608,0.3927165354330707,-0.002699662542182124,0.12101910828025478,0.09554140127388536,0.5819455013253912,0.42207827917231,373,555,309,157,0.8187702265372169,0.18122977346278318,0.89171974522293,444.3674998512361,0.00013883852291713238,0.0,-95.5,-540.0,444.5,19,20,0.922384701912261,0.8976377952755905,0.07643312101910828,0.03821656050955414,0,0.8211473565804275,0.8503937007874016,0.12738853503184713,0.08280254777070063,0,0.7221597300337458,0.7131608548931384,0.28662420382165604,0.21019108280254778,0,0.3689538807649044,0.3014623172103487,0.6178343949044586,0.4713375796178344,0
niah_mq_q8,68,0.37633037694013305,0.37721729490022177,-0.0008869179600887178,0.3807649667405766,-0.004434589800443534,0.11949685534591195,0.1069182389937107,0.5742506800990924,0.42333212727908826,379,511,315,159,0.7904761904761904,0.20952380952380953,0.8490566037735849,450.28357551192147,0.00022971419335499359,0.0,-133.0,-584.0,451.0,20,20,0.9068736141906873,0.8691796008869179,0.05660377358490566,0.0440251572327044,0,0.7760532150776053,0.7982261640798226,0.11949685534591195,0.11320754716981132,0,0.70509977827051,0.6740576496674058,0.25157232704402516,0.22641509433962265,0,0.28824833702882485,0.30155210643015523,0.5974842767295597,0.4968553459119497,0
niah_mq_q8,69,0.36001070663811563,0.37735546038543893,-0.017344753747323305,0.36258029978586725,-0.0025695931477516254,0.125,0.075,0.5391793990922382,0.4357667763493981,382,826,318,160,0.7830188679245284,0.2169811320754717,0.86875,469.07359669992314,0.0005238122840895287,0.0,-137.0,-604.0,467.0,17,20,0.8758029978586723,0.9014989293361885,0.0625,0.00625,0,0.7901498929336188,0.8265524625267666,0.125,0.05,0,0.6980728051391863,0.6595289079229122,0.26875,0.1625,0,0.30406852248394006,0.3468950749464668,0.60625,0.48125,0
niah_mq_q8,70,0.3845078299776287,0.40732662192393754,-0.022818791946308814,0.3862975391498883,-0.0017897091722595682,0.12804878048780488,0.10365853658536585,0.5810058685595709,0.48732683571910673,395,835,330,164,0.8212121212121212,0.1787878787878788,0.8902439024390244,445.9316522307779,-0.0016285506279580312,0.0,-113.0,-560.0,447.0,20,20,0.8903803131991052,0.9105145413870246,0.06707317073170732,0.024390243902439025,0,0.8299776286353467,0.8657718120805369,0.13414634146341464,0.06707317073170732,0,0.680089485458613,0.7583892617449665,0.2621951219512195,0.18902439024390244,0,0.32662192393736017,0.3624161073825503,0.6219512195121951,0.4817073170731707,0
niah_mq_q8,71,0.4057241746538872,0.4032747603833866,0.002449414270500605,0.40529818956336533,0.0004259850905218854,0.11875,0.1,0.6135389511460201,0.4895884212604117,381,744,318,160,0.7767295597484277,0.22327044025157233,0.80625,468.81626301880516,0.00034743127953582156,0.0,-102.5,-572.0,469.5,20,20,0.8349307774227902,0.8945686900958466,0.05625,0.025,0,0.7965921192758253,0.8668796592119276,0.11875,0.0625,0,0.7412140575079872,0.7795527156549521,0.24375,0.15625,0,0.37486687965921195,0.30244941427050054,0.58125,0.50625,0
niah_mq_q8,72,0.4256864988558352,0.4399885583524027,-0.014302059496567487,0.4266018306636156,-0.0009153318077804173,0.13664596273291926,0.10559006211180125,0.6341095423875338,0.5473807031247723,384,677,321,161,0.7912772585669782,0.2087227414330218,0.8633540372670807,437.5081103227675,-0.0015860019369378186,0.0,-115.0,-552.0,437.0,20,20,0.9221967963386728,0.8832951945080092,0.06832298136645963,0.037267080745341616,0,0.8718535469107551,0.8215102974828375,0.13664596273291926,0.09937888198757763,0,0.7322654462242563,0.7574370709382151,0.2608695652173913,0.19254658385093168,0,0.41647597254004576,0.45308924485125857,0.6273291925465838,0.4968944099378882,0
niah_mq_q8,73,0.3888826185101581,0.37071106094808126,0.018171557562076834,0.39113995485327313,-0.002257336343115035,0.1337579617834395,0.08917197452229299,0.5761350757975612,0.4463150613756012,373,781,309,157,0.7669902912621359,0.23300970873786409,0.821656050955414,444.71450752683165,0.00025408798954355046,0.0,-149.0,-592.0,443.0,18,20,0.9209932279909706,0.9006772009029346,0.06369426751592357,0.03184713375796178,0,0.8668171557562077,0.8465011286681715,0.1337579617834395,0.08917197452229299,0,0.7223476297968398,0.781038374717833,0.2484076433121019,0.1592356687898089,0,0.3837471783295711,0.23024830699774265,0.6050955414012739,0.49044585987261147,0
niah_mq_q8,74,0.2088407494145199,0.15403981264637004,0.05480093676814987,0.21258782201405152,-0.003747072599531609,0.2875816993464052,0.28104575163398693,0.31972346973030435,0.25217298363624635,970,682,866,153,0.5681293302540416,0.43187066974595845,0.8758169934640523,430.417093785339,0.0030563713399716164,0.0,-133.0,-560.0,427.0,17,19,0.7915690866510539,0.7540983606557377,0.17647058823529413,0.11764705882352941,0,0.6557377049180327,0.6229508196721312,0.2875816993464052,0.28104575163398693,0,0.45901639344262296,0.18266978922716628,0.5228758169934641,0.5490196078431373,0,0.06557377049180328,0.05620608899297424,0.8496732026143791,0.8562091503267973,0
niah_mq_q8,75,0.3886167922497309,0.3647201291711518,0.023896663078579072,0.38904736275565127,-0.00043057050592038015,0.1111111111111111,0.1111111111111111,0.5685226619652606,0.41667994612309467,388,703,324,162,0.8148148148148148,0.18518518518518517,0.8888888888888888,466.1134296331189,-0.0002099672051784979,0.0,-119.5,-584.0,464.5,20,20,0.9364908503767492,0.8977395048439182,0.07407407407407407,0.043209876543209874,0,0.8589881593110872,0.8094725511302476,0.1111111111111111,0.09876543209876543,0,0.7427341227125942,0.7147470398277718,0.2654320987654321,0.19753086419753085,0,0.33153928955866524,0.28417653390742736,0.6481481481481481,0.5246913580246914,0
niah_mq_q8,76,0.3684125269978401,0.3889308855291576,-0.020518358531317504,0.370572354211663,-0.002159827213822907,0.12025316455696203,0.10126582278481013,0.5521436744720355,0.4614822861217074,376,785,312,158,0.8012820512820513,0.1987179487179487,0.8607594936708861,462.1157100529132,-0.0021945603223548563,0.0,-117.0,-580.0,463.0,20,20,0.8768898488120951,0.9114470842332614,0.06329113924050633,0.02531645569620253,0,0.7775377969762419,0.8315334773218143,0.12025316455696203,0.08227848101265822,0,0.6825053995680346,0.7408207343412527,0.25949367088607594,0.16455696202531644,0,0.31101511879049676,0.27645788336933047,0.6075949367088608,0.4873417721518987,0
niah_mq_q8,77,0.395152505446623,0.3989651416122003,-0.00381263616557731,0.3964596949891067,-0.001307189542483711,0.11320754716981132,0.0880503144654088,0.5966060807022273,0.47373212557542776,379,809,315,159,0.7555555555555555,0.24444444444444444,0.8238993710691824,458.09933276830054,0.000542112045879863,0.0,-121.0,-580.0,459.0,20,20,0.8801742919389978,0.9324618736383442,0.05660377358490566,0.031446540880503145,0,0.8453159041394336,0.8605664488017429,0.11320754716981132,0.06918238993710692,0,0.7167755991285403,0.7450980392156863,0.25157232704402516,0.1509433962264151,0,0.3790849673202614,0.3355119825708061,0.6037735849056604,0.48427672955974843,0
niah_mq_q8,78,0.40002645502645506,0.3957936507936508,0.004232804232804255,0.40129629629629626,-0.0012698412698411987,0.13836477987421383,0.10062893081761007,0.5917106674622531,0.4788496894226899,379,621,315,159,0.8253968253968254,0.1746031746031746,0.8679245283018868,473.4480423698503,-0.00220331168796721,0.0,-111.5,-584.0,472.5,19,20,0.9312169312169312,0.9333333333333333,0.07547169811320754,0.025157232704402517,0,0.8825396825396825,0.8423280423280424,0.13836477987421383,0.0880503144654088,0,0.7047619047619048,0.7555555555555555,0.2641509433962264,0.18238993710691823,0,0.4105820105820106,0.3682539682539683,0.610062893081761,0.48427672955974843,0
niah_mq_q8,79,0.41674107142857136,0.4117187499999999,0.005022321428571452,0.4162946428571429,0.0004464285714284588,0.13548387096774195,0.0967741935483871,0.6303072976404757,0.496167704900789,367,776,303,155,0.8118811881188119,0.18811881188118812,0.8903225806451613,446.6006099555268,0.0003725774122462906,0.0,-136.0,-584.0,448.0,20,20,0.9151785714285714,0.9129464285714286,0.07096774193548387,0.025806451612903226,0,0.8415178571428571,0.8571428571428571,0.14193548387096774,0.07741935483870968,0,0.7098214285714286,0.7522321428571429,0.2838709677419355,0.18064516129032257,0,0.42857142857142855,0.38839285714285715,0.6258064516129033,0.4645161290322581,0
niah_mq_q8,80,0.3751118568232662,0.3716442953020134,0.003467561521252771,0.37555928411633105,-0.0004474272930648504,0.10625,0.10625,0.5728573727631636,0.43115800003463,382,537,318,160,0.7955974842767296,0.20440251572327045,0.8625,448.0621066450288,0.0007869543453963687,0.0,-129.0,-576.0,447.0,20,20,0.8903803131991052,0.9172259507829977,0.0625,0.025,0,0.756152125279642,0.8366890380313199,0.10625,0.0875,0,0.6621923937360179,0.7069351230425056,0.225,0.1875,0,0.33109619686800895,0.27293064876957496,0.59375,0.50625,0
niah_mq_q8,81,0.3804831704668838,0.4087133550488599,-0.028230184581976125,0.38395765472312704,-0.0034744842562432487,0.12903225806451613,0.1032258064516129,0.5833280674755035,0.4876419115871261,367,719,303,155,0.8217821782178217,0.1782178217821782,0.8838709677419355,457.60633519219857,-0.0002506086156025124,0.0,-99.5,-560.0,460.5,19,20,0.8773072747014115,0.9337676438653637,0.07096774193548387,0.012903225806451613,0,0.8013029315960912,0.8360477741585234,0.12903225806451613,0.07096774193548387,0,0.6840390879478827,0.740499457111835,0.2709677419354839,0.18064516129032257,0,0.3257328990228013,0.38219326818675353,0.5935483870967742,0.45806451612903226,0
niah_mq_q8,82,0.40837129840546693,0.40222095671981783,0.006150341685649097,0.40700455580865597,0.0013667425968109659,0.10559006211180125,0.11801242236024845,0.5963301064297272,0.47416232115174733,385,665,321,161,0.7881619937694704,0.2118380062305296,0.8509316770186336,440.59426978305834,0.0004158495934953381,0.0,-137.0,-576.0,439.0,19,20,0.9179954441913439,0.8929384965831435,0.055900621118012424,0.043478260869565216,0,0.876993166287016,0.8496583143507973,0.10559006211180125,0.08074534161490683,0,0.7835990888382688,0.7904328018223234,0.2360248447204969,0.19254658385093168,0,0.37813211845102507,0.3325740318906606,0.5900621118012422,0.5031055900621118,0
niah_mq_q8,83,0.40625714285714276,0.3979142857142858,0.008342857142856985,0.4071714285714285,-0.0009142857142857563,0.12987012987012986,0.09090909090909091,0.611520714725862,0.47492660434549006,364,715,300,154,0.7733333333333333,0.22666666666666666,0.8506493506493507,435.4626090651679,0.0007712308592900449,0.0,-110.5,-548.0,437.5,20,20,0.8914285714285715,0.9074285714285715,0.07142857142857142,0.025974025974025976,0,0.8457142857142858,0.8388571428571429,0.12987012987012986,0.07142857142857142,0,0.7131428571428572,0.7405714285714285,0.2597402597402597,0.15584415584415584,0,0.3931428571428571,0.33371428571428574,0.5974025974025974,0.45454545454545453,0
niah_mq_q8,84,0.36760416666666673,0.3848958333333333,-0.017291666666666594,0.36802083333333335,-0.0004166666666666208,0.11464968152866242,0.09554140127388536,0.5467644331786456,0.4463313129540326,373,623,309,157,0.7928802588996764,0.20711974110032363,0.8726114649681529,480.25656375395994,4.399611752577099e-05,0.0,-108.0,-588.0,480.0,20,20,0.9041666666666667,0.9208333333333333,0.07006369426751592,0.03184713375796178,0,0.8395833333333333,0.8208333333333333,0.12101910828025478,0.09554140127388536,0,0.6875,0.7291666666666666,0.24203821656050956,0.18471337579617833,0,0.2875,0.32916666666666666,0.6114649681528662,0.5031847133757962,0
niah_mq_q8,85,0.3710335195530726,0.37013966480446936,0.0008938547486032622,0.3710335195530726,0.0,0.125,0.0625,0.5506537444743975,0.43489356988657085,381,625,318,160,0.8176100628930818,0.18238993710691823,0.85625,449.0980416259104,-0.0005891153416837283,0.0,-96.5,-544.0,447.5,18,20,0.9162011173184358,0.9050279329608939,0.075,0.01875,0,0.8178770949720671,0.8245810055865922,0.125,0.05625,0,0.6882681564245811,0.71731843575419,0.25,0.16875,0,0.3128491620111732,0.31731843575418994,0.5875,0.49375,0
niah_mq_q8,86,0.3855960264900662,0.3741169977924945,0.01147902869757167,0.38427152317880775,0.0013245033112584403,0.13836477987421383,0.10062893081761007,0.5618366454276758,0.43049998061705325,381,678,315,159,0.7873015873015873,0.2126984126984127,0.8364779874213837,452.66044001226663,-0.0006313121144355969,0.0,-107.0,-560.0,453.0,20,20,0.9337748344370861,0.8631346578366446,0.06289308176100629,0.0440251572327044,0,0.8609271523178808,0.7947019867549668,0.13836477987421383,0.0880503144654088,0,0.695364238410596,0.7019867549668874,0.25157232704402516,0.20754716981132076,0,0.2913907284768212,0.282560706401766,0.5911949685534591,0.5031446540880503,0
niah_mq_q8,87,0.4111016949152543,0.3931355932203389,0.01796610169491536,0.41516949152542376,-0.004067796610169483,0.11464968152866242,0.09554140127388536,0.6229324791583439,0.4595560751757756,373,772,309,157,0.7928802588996764,0.20711974110032363,0.8407643312101911,440.01791417695813,-0.0005611810006476275,0.0,-125.5,-568.0,442.5,20,20,0.9242937853107345,0.9220338983050848,0.06369426751592357,0.03184713375796178,0,0.8700564971751412,0.8451977401129943,0.12101910828025478,0.08280254777070063,0,0.7096045197740113,0.7254237288135593,0.2611464968152866,0.18471337579617833,0,0.3887005649717514,0.31186440677966104,0.6242038216560509,0.47770700636942676,0
niah_mq_q8,88,0.38247663551401867,0.38282710280373833,-0.0003504672897196581,0.38574766355140183,-0.0032710280373831613,0.1282051282051282,0.10256410256410256,0.577200849156459,0.4549674563966394,369,770,306,156,0.7745098039215687,0.22549019607843138,0.8205128205128205,425.5162796152862,0.0012334511252738406,0.0,-148.0,-576.0,428.0,20,20,0.866822429906542,0.8785046728971962,0.0641025641025641,0.02564102564102564,0,0.8621495327102804,0.8341121495327103,0.1346153846153846,0.08974358974358974,0,0.7289719626168224,0.7242990654205608,0.2564102564102564,0.17307692307692307,0,0.2803738317757009,0.2850467289719626,0.5705128205128205,0.4807692307692308,0
niah_mq_q8,89,0.3531521739130435,0.37521739130434784,-0.022065217391304348,0.36010869565217396,-0.006956521739130472,0.0949367088607595,0.08860759493670886,0.5401019248243578,0.43155378357650614,375,474,312,158,0.8044871794871795,0.1955128205128205,0.8607594936708861,460.2021167775681,0.0017801765384738604,0.0,-148.0,-608.0,460.0,17,20,0.841304347826087,0.9021739130434783,0.05063291139240506,0.02531645569620253,0,0.7565217391304347,0.8152173913043478,0.0949367088607595,0.06962025316455696,0,0.7,0.7130434782608696,0.22151898734177214,0.17088607594936708,0,0.3217391304347826,0.3347826086956522,0.6139240506329114,0.4873417721518987,0
niah_mq_q8,90,0.40513856812933036,0.3859699769053117,0.01916859122401865,0.40652424942263277,-0.0013856812933024099,0.13043478260869565,0.08074534161490683,0.6060301035778385,0.4569617740886261,384,689,321,161,0.7881619937694704,0.2118380062305296,0.8322981366459627,433.11841633909125,0.0007785018412576415,0.0,-95.0,-528.0,433.0,20,20,0.9076212471131639,0.8799076212471132,0.06832298136645963,0.031055900621118012,0,0.8568129330254042,0.8545034642032333,0.13043478260869565,0.049689440993788817,0,0.7043879907621247,0.7528868360277137,0.2484472049689441,0.13664596273291926,0,0.3556581986143187,0.3187066974595843,0.6149068322981367,0.4720496894409938,0
niah_mq_q8,91,0.3893913538111492,0.38233788395904444,0.0070534698521047545,0.39189419795221847,-0.0025028441410692714,0.13043478260869565,0.10559006211180125,0.5822303992479975,0.4497877757160739,384,717,321,161,0.794392523364486,0.205607476635514,0.8509316770186336,438.1310755302529,7.583869567509888e-05,0.0,-100.5,-540.0,439.5,20,20,0.8896473265073948,0.9397042093287827,0.06832298136645963,0.012422360248447204,0,0.8282138794084186,0.8896473265073948,0.13043478260869565,0.049689440993788817,0,0.7394766780432309,0.7667804323094426,0.2422360248447205,0.17391304347826086,0,0.34584755403868034,0.28668941979522183,0.5962732919254659,0.5093167701863354,0
niah_mq_q8,92,0.19978165938864634,0.1570960698689956,0.042685589519650735,0.19454148471615715,0.0052401746724891896,0.3223684210526316,0.2631578947368421,0.293413673964579,0.26976382450470104,967,773,863,152,0.5608342989571263,0.4391657010428737,0.8947368421052632,455.9746011547475,0.0009280708631959882,0.0,-114.0,-572.0,458.0,20,20,0.7751091703056768,0.7685589519650655,0.16447368421052633,0.11842105263157894,0,0.6812227074235808,0.6899563318777293,0.3223684210526316,0.23684210526315788,0,0.34497816593886466,0.24017467248908297,0.5592105263157895,0.5263157894736842,0,0.09606986899563319,0.05240174672489083,0.875,0.868421052631579,0
niah_mq_q8,93,0.4059843400447427,0.3905480984340044,0.01543624161073831,0.4073266219239374,-0.0013422818791947178,0.11320754716981132,0.0880503144654088,0.6171762886146539,0.4677350981643471,379,814,315,159,0.8,0.2,0.8742138364779874,445.7607406326672,0.0016858529851291756,0.0,-153.0,-600.0,447.0,20,20,0.8859060402684564,0.9060402684563759,0.05660377358490566,0.031446540880503145,0,0.8187919463087249,0.8523489932885906,0.11320754716981132,0.08176100628930817,0,0.7248322147651006,0.7762863534675615,0.2578616352201258,0.1761006289308176,0,0.4116331096196868,0.24161073825503357,0.6289308176100629,0.4968553459119497,0
niah_mq_q8,94,0.37915318230852213,0.37980043149946063,-0.0006472491909385036,0.38087918015102495,-0.0017259978425028244,0.10256410256410256,0.08974358974358974,0.577940032794871,0.4313377496078057,370,486,306,156,0.8006535947712419,0.19934640522875818,0.8461538461538461,461.5352391263047,0.0006040170313370012,0.0,-116.5,-580.0,463.5,20,20,0.8781014023732471,0.8716289104638619,0.057692307692307696,0.038461538461538464,0,0.785329018338727,0.8327939590075513,0.10897435897435898,0.08974358974358974,0,0.6601941747572816,0.6299892125134844,0.23717948717948717,0.21794871794871795,0,0.34951456310679613,0.33225458468176916,0.6089743589743589,0.48717948717948717,0
niah_mq_q8,95,0.40103583426651734,0.4074188129899216,-0.0063829787234042645,0.4014837625979843,-0.0004479283314669513,0.11038961038961038,0.07792207792207792,0.6010630568308956,0.48598608209845934,365,725,300,154,0.8066666666666666,0.19333333333333333,0.8896103896103896,445.9909721172658,0.0006575212070469928,0.0,-117.5,-564.0,446.5,20,20,0.8667413213885778,0.8779395296752519,0.05844155844155844,0.01948051948051948,0,0.8174692049272116,0.826427771556551,0.11038961038961038,0.05194805194805195,0,0.77491601343785,0.761478163493841,0.2532467532467532,0.12987012987012986,0,0.3673012318029115,0.3807390817469205,0.6168831168831169,0.44155844155844154,0
niah_mq_q8,96,0.39010538641686177,0.40556206088992963,-0.015456674473067866,0.3891686182669788,0.0009367681498829716,0.12025316455696203,0.10759493670886076,0.574347769984317,0.4819757238868731,376,778,312,158,0.7980769230769231,0.20192307692307693,0.8481012658227848,429.76953354832403,-0.0022386845878653128,0.0,-129.0,-556.0,427.0,19,20,0.9180327868852459,0.9156908665105387,0.056962025316455694,0.02531645569620253,0,0.8384074941451991,0.8220140515222483,0.12025316455696203,0.08227848101265822,0,0.7330210772833724,0.7564402810304449,0.23417721518987342,0.17088607594936708,0,0.3185011709601874,0.36533957845433257,0.6265822784810127,0.4936708860759494,0
niah_mq_q8,97,0.4156024096385541,0.38536144578313253,0.030240963855421577,0.42283132530120476,-0.007228915662650659,0.11180124223602485,0.09937888198757763,0.6216172753613566,0.44518983457917605,385,747,321,161,0.7819314641744548,0.21806853582554517,0.8509316770186336,415.56348528901873,0.001386788345303731,0.0,-105.0,-520.0,415.0,18,20,0.9204819277108434,0.9060240963855422,0.043478260869565216,0.018633540372670808,0,0.8987951807228916,0.8361445783132531,0.11180124223602485,0.062111801242236024,0,0.744578313253012,0.7012048192771084,0.22981366459627328,0.16770186335403728,0,0.39518072289156625,0.3180722891566265,0.577639751552795,0.4968944099378882,0
niah_mq_q8,98,0.3805147058823529,0.3799019607843137,0.0006127450980392135,0.38688725490196074,-0.0063725490196078205,0.10457516339869281,0.0915032679738562,0.564992124081258,0.4421780172205234,361,663,297,153,0.7744107744107744,0.2255892255892256,0.8169934640522876,407.4855332639693,0.0009798594683855981,0.0,-148.0,-556.0,408.0,17,20,0.946078431372549,0.9117647058823529,0.0457516339869281,0.0196078431372549,0,0.8553921568627451,0.8308823529411765,0.10457516339869281,0.06535947712418301,0,0.7254901960784313,0.7009803921568627,0.22875816993464052,0.16993464052287582,0,0.36764705882352944,0.3284313725490196,0.5686274509803921,0.477124183006536,0
niah_mq_q8,99,0.387945914844649,0.3609033371691599,0.02704257767548912,0.38840621403912545,-0.0004602991944764323,0.1282051282051282,0.12179487179487179,0.5741283996646863,0.4185735339828451,370,617,306,156,0.8431372549019608,0.1568627450980392,0.9102564102564102,435.5475716989855,-4.3673277513378414e-05,0.0,-113.5,-548.0,434.5,18,20,0.9159953970080552,0.8998849252013809,0.07051282051282051,0.038461538461538464,0,0.8285385500575374,0.8423475258918297,0.1282051282051282,0.08974358974358974,0,0.7042577675489068,0.715765247410817,0.2564102564102564,0.21153846153846154,0,0.36363636363636365,0.24856156501726123,0.6217948717948718,0.5192307692307693,0
niah_mv_v2,0,0.04021739130434783,0.049637681159420285,-0.009420289855072456,0.04021739130434783,0.0,0.9736842105263158,0.8421052631578947,0.06436097652356373,0.22398341196247196,957,242,866,38,0.5450346420323325,0.45496535796766746,1.0,138.52947393903344,-0.0003978554138442514,0.0,-138.0,-276.0,138.0,3,2,0.2898550724637681,0.4927536231884058,0.7105263157894737,0.3684210526315789,0,0.014492753623188406,0.0,0.9736842105263158,0.8421052631578947,0,0.0,0.0,1.0,0.868421052631579,0,0.0,0.0,1.0,0.9473684210526315,0
niah_mv_v2,1,0.08312500000000003,0.125625,-0.042499999999999954,0.08062500000000003,0.0025000000000000022,0.9736842105263158,0.8421052631578947,0.09639506704610852,0.23532135002751353,957,243,866,38,0.5912240184757506,0.40877598152424943,1.0,160.91800800101555,0.00020966712888390767,0.0,-144.0,-304.0,160.0,20,20,0.4125,0.4875,0.7105263157894737,0.47368421052631576,0,0.2125,0.1375,0.9736842105263158,0.8421052631578947,0,0.075,0.125,0.9736842105263158,0.868421052631579,0,0.025,0.075,1.0,1.0,0
niah_mv_v2,2,0.0698753462603878,0.13054016620498612,-0.060664819944598325,0.0698753462603878,0.0,0.9166666666666666,0.8055555555555556,0.10074961449199979,0.24783000521787768,953,199,862,36,0.5997679814385151,0.40023201856148494,1.0,181.22811865738026,0.002185552994783709,0.0,-127.5,-308.0,180.5,20,20,0.3767313019390582,0.4598337950138504,0.6388888888888888,0.5,0,0.0664819944598338,0.1772853185595568,0.9166666666666666,0.7777777777777778,0,0.0443213296398892,0.0997229916897507,1.0,0.8333333333333334,0,0.0221606648199446,0.0997229916897507,1.0,0.9444444444444444,0
niah_mv_v2,3,0.041774193548387094,0.06048387096774192,-0.01870967741935483,0.041774193548387094,0.0,0.8947368421052632,0.868421052631579,0.07815826075220027,0.22587685800853227,957,280,866,38,0.5404157043879908,0.45958429561200925,1.0,155.55673901212697,0.004040785661983297,0.0,-183.0,-338.0,155.0,3,12,0.2838709677419355,0.3741935483870968,0.6578947368421053,0.5,0,0.05161290322580645,0.07741935483870968,0.8947368421052632,0.8421052631578947,0,0.0,0.03870967741935484,1.0,0.8947368421052632,0,0.0,0.012903225806451613,1.0,0.9210526315789473,0
niah_mv_v2,4,0.10969387755102038,0.11887755102040817,-0.009183673469387796,0.10969387755102038,0.0,0.5,0.3,0.13009219602461813,0.2613635404225333,356,289,310,40,0.6096774193548387,0.3903225806451613,1.0,147.64122082242534,7.466221105417723e-05,0.0,-155.0,-302.0,147.0,6,6,0.6938775510204082,0.6598639455782312,0.275,0.125,0,0.42857142857142855,0.5170068027210885,0.525,0.325,0,0.19047619047619047,0.24489795918367346,0.85,0.675,0,0.0,0.0,1.0,0.9,0
niah_mv_v2,5,0.04155405405405406,0.04358108108108107,-0.0020270270270270133,0.04155405405405406,0.0,0.9736842105263158,0.7894736842105263,0.06610315150735455,0.2465809776386298,957,257,866,38,0.5773672055427251,0.4226327944572748,1.0,147.28648394365143,-0.00010491520370106493,0.0,-142.0,-290.0,148.0,3,2,0.2905405405405405,0.3716216216216216,0.7368421052631579,0.39473684210526316,0,0.04054054054054054,0.0,0.9736842105263158,0.7894736842105263,0,0.0,0.0,1.0,0.868421052631579,0,0.0,0.0,1.0,1.0,0
niah_mv_v2,6,0.041428571428571426,0.05285714285714286,-0.011428571428571434,0.041428571428571426,0.0,0.9444444444444444,0.8333333333333334,0.06983355414870997,0.24463727984196032,953,344,862,36,0.5197215777262181,0.4802784222737819,1.0,138.75170292240432,0.0005365073744323277,0.0,-230.0,-370.0,140.0,3,4,0.3,0.45714285714285713,0.7777777777777778,0.4722222222222222,0,0.02857142857142857,0.08571428571428572,0.9444444444444444,0.8055555555555556,0,0.0,0.0,1.0,0.8888888888888888,0,0.0,0.0,1.0,0.9444444444444444,0
niah_mv_v2,7,0.04618055555555556,0.04722222222222222,-0.001041666666666663,0.04618055555555556,0.0,0.9473684210526315,0.8157894736842105,0.06540967678481058,0.22958147474793403,957,256,866,38,0.5150115473441108,0.48498845265588914,1.0,144.8536847189381,0.0026553687291111104,0.0,-140.0,-284.0,144.0,4,3,0.2986111111111111,0.4166666666666667,0.7105263157894737,0.39473684210526316,0,0.08333333333333333,0.027777777777777776,0.9473684210526315,0.8421052631578947,0,0.0,0.0,0.9473684210526315,0.868421052631579,0,0.0,0.0,1.0,0.9210526315789473,0
niah_mv_v2,8,0.12135761589403975,0.11241721854304636,0.00894039735099339,0.12135761589403975,0.0,0.5238095238095238,0.3333333333333333,0.14572440593809724,0.2575453037127839,360,286,314,42,0.6242038216560509,0.37579617834394907,1.0,150.30380279054464,-0.0019901291502302594,0.0,-149.0,-300.0,151.0,8,7,0.695364238410596,0.609271523178808,0.30952380952380953,0.16666666666666666,0,0.41721854304635764,0.4966887417218543,0.5238095238095238,0.2857142857142857,0,0.2781456953642384,0.15894039735099338,0.9047619047619048,0.6904761904761905,0,0.0,0.0,1.0,0.9285714285714286,0
niah_mv_v2,9,0.12799999999999997,0.11599999999999999,0.011999999999999983,0.12799999999999997,0.0,0.5526315789473685,0.3684210526315789,0.14835476572973064,0.2589855226889486,352,245,306,38,0.6013071895424836,0.39869281045751637,1.0,151.4939226523868,-0.00025054473558646116,0.0,-156.0,-306.0,150.0,8,8,0.6533333333333333,0.64,0.34210526315789475,0.15789473684210525,0,0.4666666666666667,0.46,0.5526315789473685,0.3684210526315789,0,0.3466666666666667,0.12,0.868421052631579,0.7105263157894737,0,0.0,0.0,1.0,0.8947368421052632,0
niah_mv_v2,10,0.042647058823529406,0.045915032679738566,-0.0032679738562091595,0.042647058823529406,0.0,0.9722222222222222,0.8055555555555556,0.06775134212992517,0.24973716024789328,953,244,862,36,0.5939675174013921,0.4060324825986079,1.0,152.41240818528695,0.006955046249562108,0.0,-135.0,-288.0,153.0,4,3,0.32679738562091504,0.3660130718954248,0.75,0.5,0,0.013071895424836602,0.05228758169934641,0.9722222222222222,0.75,0,0.0,0.0,1.0,0.8333333333333334,0,0.0,0.0,1.0,0.9444444444444444,0
niah_mv_v2,11,0.15842696629213485,0.20252808988764048,-0.04410112359550564,0.1544943820224719,0.003932584269662948,0.5277777777777778,0.3888888888888889,0.18695896067878218,0.27837889776361824,348,280,302,36,0.6754966887417219,0.32450331125827814,1.0,177.26610300282573,-0.00534512461540076,0.0,-156.0,-334.0,178.0,20,20,0.7471910112359551,0.7078651685393258,0.3333333333333333,0.16666666666666666,0,0.5393258426966292,0.5730337078651685,0.5277777777777778,0.3611111111111111,0,0.23595505617977527,0.39325842696629215,0.8888888888888888,0.6388888888888888,0,0.0449438202247191,0.0898876404494382,1.0,0.9166666666666666,0
niah_mv_v2,12,0.03505917159763313,0.04215976331360947,-0.007100591715976337,0.03505917159763313,0.0,0.975,0.825,0.07322679394191117,0.23446710758726574,961,282,870,40,0.5482758620689655,0.4517241379310345,1.0,167.57288322335253,-0.002127812753633718,0.0,-147.0,-316.0,169.0,3,2,0.17751479289940827,0.3431952662721893,0.65,0.4,0,0.023668639053254437,0.0,0.975,0.775,0,0.0,0.0,1.0,0.875,0,0.0,0.0,1.0,0.9,0
niah_mv_v2,13,0.06842507645259942,0.06414373088685019,0.004281345565749231,0.0665902140672783,0.001834862385321115,0.9473684210526315,0.7631578947368421,0.08269196917169926,0.24829197539525505,957,219,866,38,0.47113163972286376,0.5288683602771362,1.0,164.53549063324118,0.0023576376169659546,0.0,-112.5,-276.0,163.5,20,20,0.36085626911314983,0.39143730886850153,0.6842105263157895,0.5,0,0.25076452599388377,0.11009174311926606,0.9473684210526315,0.7368421052631579,0,0.03669724770642202,0.03669724770642202,1.0,0.8421052631578947,0,0.012232415902140673,0.012232415902140673,1.0,0.9473684210526315,28
niah_mv_v2,14,0.03976510067114094,0.0424496644295302,-0.002684563758389262,0.03976510067114094,0.0,0.9722222222222222,0.8333333333333334,0.06193433819719098,0.2365142869381792,953,193,862,36,0.568445475638051,0.43155452436194897,1.0,148.6223158127989,-0.0008354833913887247,0.0,-133.0,-282.0,149.0,2,2,0.2953020134228188,0.348993288590604,0.8333333333333334,0.4444444444444444,0,0.0,0.0,0.9722222222222222,0.8055555555555556,0,0.0,0.0,1.0,0.8611111111111112,0,0.0,0.0,1.0,0.9444444444444444,0
niah_mv_v2,15,0.11886503067484662,0.12960122699386503,-0.010736196319018412,0.11886503067484662,0.0,0.5263157894736842,0.34210526315789475,0.14127183129991383,0.24507849928835318,352,275,306,38,0.6437908496732027,0.3562091503267974,1.0,164.10930622907517,-0.002122878012647209,0.0,-147.0,-310.0,163.0,7,9,0.6380368098159509,0.6441717791411042,0.3157894736842105,0.15789473684210525,0,0.5276073619631901,0.5153374233128835,0.5526315789473685,0.3157894736842105,0,0.25766871165644173,0.2822085889570552,0.8947368421052632,0.6578947368421053,0,0.0,0.0,1.0,0.8947368421052632,0
niah_mv_v2,16,0.03758278145695364,0.042218543046357616,-0.004635761589403979,0.03758278145695364,0.0,0.9736842105263158,0.8157894736842105,0.07092684306795852,0.22822587681700574,957,238,866,38,0.5196304849884527,0.48036951501154734,1.0,151.96022472591096,0.002687261693519615,0.0,-159.0,-310.0,151.0,3,3,0.2119205298013245,0.31788079470198677,0.6842105263157895,0.42105263157894735,0,0.039735099337748346,0.026490066225165563,0.9736842105263158,0.7894736842105263,0,0.0,0.0,1.0,0.868421052631579,0,0.0,0.0,1.0,0.9210526315789473,0
niah_mv_v2,17,0.13343023255813952,0.11686046511627908,0.016569767441860436,0.13343023255813952,0.0,0.40476190476190477,0.35714285714285715,0.1689416111355663,0.258037893363403,360,286,314,42,0.5732484076433121,0.4267515923566879,1.0,172.6396091954009,0.0009442899982918075,0.0,-98.0,-270.0,172.0,7,6,0.6337209302325582,0.622093023255814,0.21428571428571427,0.19047619047619047,0,0.5465116279069767,0.5174418604651163,0.40476190476190477,0.30952380952380953,0,0.3313953488372093,0.21511627906976744,0.7619047619047619,0.6190476190476191,0,0.0,0.0,1.0,0.9285714285714286,0
niah_mv_v2,18,0.11016129032258064,0.0982258064516129,0.011935483870967739,0.11016129032258064,0.0,0.5526315789473685,0.3684210526315789,0.12539742550587324,0.2602585523510927,352,265,306,38,0.5947712418300654,0.40522875816993464,1.0,155.78832129978974,0.0015646770840484186,0.0,-135.0,-290.0,155.0,7,7,0.6838709677419355,0.632258064516129,0.2894736842105263,0.18421052631578946,0,0.45161290322580644,0.45806451612903226,0.5526315789473685,0.34210526315789475,0,0.2064516129032258,0.11612903225806452,0.8947368421052632,0.6842105263157895,0,0.0,0.0,1.0,0.8947368421052632,0
niah_mv_v2,19,0.04236334405144694,0.0542604501607717,-0.011897106109324762,0.04236334405144694,0.0,0.9736842105263158,0.8421052631578947,0.06314652687055568,0.23307872974085703,957,222,866,38,0.5334872979214781,0.4665127020785219,1.0,156.10046375689944,0.002632970432424518,0.0,-108.5,-264.0,155.5,4,6,0.2958199356913183,0.4437299035369775,0.7631578947368421,0.3684210526315789,0,0.03858520900321544,0.07717041800643087,0.9736842105263158,0.8157894736842105,0,0.0,0.012861736334405145,1.0,0.868421052631579,0,0.0,0.0,1.0,0.9736842105263158,0
niah_mv_v2,20,0.15563583815028903,0.13945086705202311,0.016184971098265916,0.15563583815028903,0.0,0.38636363636363635,0.29545454545454547,0.18917563930901832,0.2668725287246079,364,298,318,44,0.5880503144654088,0.4119496855345912,1.0,174.66242494311112,0.0026939292976047363,0.0,-155.0,-328.0,173.0,8,8,0.7976878612716763,0.6763005780346821,0.20454545454545456,0.18181818181818182,0,0.5722543352601156,0.5664739884393064,0.38636363636363635,0.2727272727272727,0,0.30057803468208094,0.3352601156069364,0.7727272727272727,0.5227272727272727,0,0.0,0.0,1.0,0.9090909090909091,0
niah_mv_v2,21,0.04586614173228346,0.04940944881889764,-0.0035433070866141766,0.04586614173228346,0.0,0.9722222222222222,0.8333333333333334,0.07321838063030564,0.2324515071058467,953,207,862,36,0.5336426914153132,0.46635730858468677,1.0,126.55828993563966,0.007107612387070328,0.0,-147.0,-274.0,127.0,4,4,0.2755905511811024,0.4409448818897638,0.8333333333333334,0.4444444444444444,0,0.07874015748031496,0.031496062992125984,0.9722222222222222,0.8055555555555556,0,0.0,0.0,0.9722222222222222,0.8611111111111112,0,0.0,0.0,1.0,0.9166666666666666,0
niah_mv_v2,22,0.16737804878048781,0.13993902439024392,0.0274390243902439,0.16737804878048781,0.0,0.5,0.35714285714285715,0.20594417367938767,0.2475733657575287,360,267,314,42,0.6942675159235668,0.3057324840764331,1.0,163.06958635763863,-0.0008406363165555534,0.0,-164.0,-328.0,164.0,10,8,0.8109756097560976,0.6646341463414634,0.2857142857142857,0.16666666666666666,0,0.573170731707317,0.5914634146341463,0.5,0.3333333333333333,0,0.36585365853658536,0.3048780487804878,0.8809523809523809,0.5952380952380952,0,0.0,0.0,1.0,0.9285714285714286,0
niah_mv_v2,23,0.19015957446808507,0.1875,0.0026595744680850686,0.19388297872340426,-0.003723404255319196,0.5238095238095238,0.38095238095238093,0.2493236123384274,0.25466854321682053,360,245,314,42,0.7101910828025477,0.2898089171974522,1.0,187.71141480507617,-0.0012615603789601735,0.0,-132.0,-320.0,188.0,18,19,0.7127659574468085,0.6702127659574468,0.2857142857142857,0.16666666666666666,0,0.526595744680851,0.5319148936170213,0.5238095238095238,0.38095238095238093,0,0.4308510638297872,0.2978723404255319,0.8571428571428571,0.6428571428571429,0,0.06382978723404255,0.0851063829787234,1.0,0.9523809523809523,0
niah_mv_v2,24,0.14024390243902438,0.1222560975609756,0.017987804878048783,0.14024390243902438,0.0,0.5,0.3,0.1869530458540193,0.2475817091006396,356,247,310,40,0.6516129032258065,0.34838709677419355,1.0,164.37939268829382,-0.004067160238659789,0.0,-122.0,-286.0,164.0,6,6,0.7865853658536586,0.6280487804878049,0.325,0.175,0,0.524390243902439,0.5914634146341463,0.5,0.3,0,0.38414634146341464,0.23170731707317074,0.875,0.7,0,0.0,0.0,1.0,0.85,0
niah_mv_v2,25,0.1696236559139785,0.18817204301075266,-0.01854838709677417,0.17231182795698924,-0.0026881720430107503,0.5263157894736842,0.39473684210526316,0.22029649009352906,0.25173638410620286,352,255,306,38,0.7222222222222222,0.2777777777777778,1.0,186.97558084361344,0.0036265065248840115,0.0,-124.0,-310.0,186.0,16,20,0.5860215053763441,0.6774193548387096,0.2631578947368421,0.21052631578947367,0,0.4946236559139785,0.543010752688172,0.5526315789473685,0.39473684210526316,0,0.27956989247311825,0.24731182795698925,0.9473684210526315,0.7368421052631579,0,0.0967741935483871,0.0967741935483871,1.0,0.9736842105263158,0
niah_mv_v2,26,0.07280701754385965,0.11622807017543857,-0.043421052631578916,0.07236842105263158,0.00043859649122807154,0.8947368421052632,0.868421052631579,0.08986734870305013,0.2423985074215739,957,340,866,38,0.5669745958429562,0.4330254041570439,1.0,229.9359272135291,0.003943333864355107,0.0,-176.0,-404.0,228.0,20,20,0.49122807017543857,0.47368421052631576,0.6052631578947368,0.47368421052631576,0,0.22807017543859648,0.21929824561403508,0.9210526315789473,0.8157894736842105,0,0.03508771929824561,0.12280701754385964,1.0,0.868421052631579,0,0.008771929824561403,0.07894736842105263,1.0,0.9473684210526315,0
niah_mv_v2,27,0.10735294117647058,0.11258169934640523,-0.00522875816993465,0.10735294117647058,0.0,0.5526315789473685,0.42105263157894735,0.1331650222812537,0.2641054179006157,352,256,306,38,0.5947712418300654,0.40522875816993464,1.0,151.68915645924403,3.542049299936464e-05,0.0,-147.0,-300.0,153.0,6,6,0.7124183006535948,0.6013071895424836,0.3684210526315789,0.18421052631578946,0,0.43790849673202614,0.5032679738562091,0.5789473684210527,0.3684210526315789,0,0.0784313725490196,0.27450980392156865,0.8421052631578947,0.6842105263157895,0,0.0,0.0,1.0,0.8947368421052632,0
niah_mv_v2,28,0.1346385542168675,0.14849397590361446,-0.013855421686746971,0.1346385542168675,0.0,0.475,0.35,0.17083115317200248,0.2607594777164327,356,217,310,40,0.6290322580645161,0.3709677419354839,1.0,166.5089883478397,-0.0039005971961019927,0.0,-136.0,-302.0,166.0,6,8,0.7409638554216867,0.7048192771084337,0.275,0.225,0,0.5421686746987951,0.6144578313253012,0.5,0.3,0,0.29518072289156627,0.26506024096385544,0.875,0.6,0,0.0,0.0,1.0,0.875,0
niah_mv_v2,29,0.14891304347826087,0.1923913043478261,-0.043478260869565216,0.15380434782608696,-0.0048913043478260865,0.5526315789473685,0.3684210526315789,0.17891735167369713,0.26618044697956955,352,263,306,38,0.6797385620915033,0.3202614379084967,1.0,183.3404401108437,-0.0017352757901885263,0.0,-158.0,-342.0,184.0,16,19,0.7391304347826086,0.592391304347826,0.2894736842105263,0.18421052631578946,0,0.4782608695652174,0.5163043478260869,0.5789473684210527,0.3684210526315789,0,0.20652173913043478,0.2717391304347826,0.8157894736842105,0.7368421052631579,0,0.05434782608695652,0.10869565217391304,0.9736842105263158,0.9473684210526315,0
niah_mv_v2,30,0.04608626198083068,0.05886581469648561,-0.01277955271565493,0.04608626198083068,0.0,0.9210526315789473,0.7631578947368421,0.07302843839745357,0.23339242147254904,957,237,866,38,0.5207852193995381,0.4792147806004619,1.0,158.31963575825387,0.0007577678474115637,0.0,-111.5,-268.0,156.5,6,18,0.30670926517571884,0.3706070287539936,0.7368421052631579,0.42105263157894735,0,0.051118210862619806,0.11501597444089456,0.9210526315789473,0.7368421052631579,0,0.025559105431309903,0.012779552715654952,1.0,0.868421052631579,0,0.0,0.012779552715654952,1.0,0.9210526315789473,0
niah_mv_v2,31,0.10620805369127517,0.10587248322147651,0.00033557046979866556,0.10620805369127517,0.0,0.5,0.4,0.12272657968747507,0.2617467022933861,357,224,310,40,0.6387096774193548,0.36129032258064514,1.0,149.25969441156872,-0.006396197391425606,0.0,-145.0,-294.0,149.0,6,6,0.6308724832214765,0.6510067114093959,0.275,0.225,0,0.4899328859060403,0.5503355704697986,0.5,0.325,0,0.1342281879194631,0.1610738255033557,0.875,0.65,0,0.0,0.0,1.0,0.925,0
niah_mv_v2,32,0.11145161290322583,0.12080645161290322,-0.00935483870967739,0.11145161290322583,0.0,0.5,0.3157894736842105,0.1255275168231174,0.25216504059397254,352,279,306,38,0.6339869281045751,0.3660130718954248,1.0,155.13157962268417,0.0027997060627713297,0.0,-117.0,-272.0,155.0,7,6,0.6,0.6516129032258065,0.3157894736842105,0.18421052631578946,0,0.432258064516129,0.5290322580645161,0.5263157894736842,0.3157894736842105,0,0.25161290322580643,0.2709677419354839,0.9210526315789473,0.6578947368421053,0,0.0,0.0,1.0,0.9473684210526315,0
niah_mv_v2,33,0.09270186335403727,0.1063664596273292,-0.013664596273291932,0.09270186335403727,0.0,0.525,0.325,0.11693146194373927,0.25030215422126345,356,273,310,40,0.635483870967742,0.36451612903225805,1.0,161.782003246917,0.0018200531250715454,0.0,-139.0,-300.0,161.0,5,6,0.6086956521739131,0.5900621118012422,0.325,0.175,0,0.40993788819875776,0.4472049689440994,0.525,0.35,0,0.037267080745341616,0.2236024844720497,0.925,0.625,0,0.0,0.0,1.0,0.9,0
niah_mv_v2,34,0.1625,0.14893617021276598,0.013563829787234027,0.1625,0.0,0.4722222222222222,0.3888888888888889,0.19950737962694215,0.2492378732486174,348,247,302,36,0.7119205298013245,0.28807947019867547,1.0,185.137272682807,-0.004424188506586169,0.0,-148.0,-336.0,188.0,20,19,0.723404255319149,0.6542553191489362,0.3333333333333333,0.2222222222222222,0,0.526595744680851,0.5372340425531915,0.5,0.4166666666666667,0,0.22340425531914893,0.22340425531914893,0.8888888888888888,0.7222222222222222,0,0.06382978723404255,0.02127659574468085,1.0,0.8888888888888888,0
niah_mv_v2,35,0.04729299363057325,0.046974522292993634,0.00031847133757961776,0.04729299363057325,0.0,0.9473684210526315,0.8421052631578947,0.07044336223128309,0.23435219448823935,957,195,866,38,0.5392609699769053,0.4607390300230947,1.0,157.33864813554374,0.00027852087640121753,0.0,-101.0,-258.0,157.0,3,3,0.4140127388535032,0.4012738853503185,0.7368421052631579,0.42105263157894735,0,0.03184713375796178,0.03821656050955414,0.9473684210526315,0.7894736842105263,0,0.0,0.0,1.0,0.8947368421052632,0,0.0,0.0,1.0,0.9473684210526315,0
niah_mv_v2,36,0.16016746411483251,0.1529904306220096,0.007177033492822921,0.16016746411483251,0.0,0.5,0.35714285714285715,0.19145040155264512,0.24910102228535674,360,267,314,42,0.7133757961783439,0.28662420382165604,1.0,209.08693612715672,-0.00035868988239920517,0.0,-143.0,-352.0,209.0,13,19,0.6507177033492823,0.6842105263157895,0.21428571428571427,0.14285714285714285,0,0.5598086124401914,0.6028708133971292,0.5,0.3333333333333333,0,0.36363636363636365,0.21052631578947367,0.8809523809523809,0.7142857142857143,0,0.019138755980861243,0.05741626794258373,1.0,0.9523809523809523,0
niah_mv_v2,37,0.0523972602739726,0.049657534246575354,0.002739726027397249,0.0523972602739726,0.0,0.9210526315789473,0.9210526315789473,0.082032697112805,0.22318632068381294,957,239,866,38,0.5612009237875288,0.4387990762124711,1.0,146.60964328437035,0.002492199831619671,0.0,-146.0,-292.0,146.0,4,4,0.4520547945205479,0.3561643835616438,0.6842105263157895,0.5,0,0.0684931506849315,0.0958904109589041,0.9210526315789473,0.868421052631579,0,0.0,0.0,0.9736842105263158,0.9210526315789473,0,0.0,0.0,1.0,1.0,0
niah_mv_v2,38,0.09933333333333332,0.10766666666666666,-0.008333333333333345,0.09933333333333332,0.0,0.575,0.35,0.12866389299018918,0.2535606483633877,356,273,310,40,0.5967741935483871,0.4032258064516129,1.0,150.08409608172803,-0.0004491367525321897,0.0,-170.0,-320.0,150.0,5,7,0.6666666666666666,0.6666666666666666,0.325,0.15,0,0.5,0.41333333333333333,0.575,0.375,0,0.09333333333333334,0.13333333333333333,0.825,0.65,0,0.0,0.0,1.0,0.925,0
niah_mv_v2,39,0.0381578947368421,0.046052631578947366,-0.007894736842105267,0.0381578947368421,0.0,0.9473684210526315,0.8157894736842105,0.06946663095729018,0.2331011300897488,957,238,866,38,0.5334872979214781,0.4665127020785219,1.0,151.67707191246052,0.005821942510156494,0.0,-142.0,-294.0,152.0,3,3,0.21052631578947367,0.40789473684210525,0.7368421052631579,0.39473684210526316,0,0.05263157894736842,0.013157894736842105,0.9473684210526315,0.8157894736842105,0,0.0,0.0,1.0,0.868421052631579,0,0.0,0.0,1.0,0.9210526315789473,0
niah_mv_v2,40,0.10690184049079751,0.11426380368098159,-0.007361963190184076,0.10690184049079751,0.0,0.575,0.325,0.11966993135821076,0.2396058842293387,356,243,310,40,0.5870967741935483,0.4129032258064516,1.0,163.30707771069842,0.004149510723845126,0.0,-139.0,-302.0,163.0,7,7,0.6441717791411042,0.6073619631901841,0.3,0.175,0,0.4049079754601227,0.5276073619631901,0.575,0.3,0,0.18404907975460122,0.22085889570552147,0.85,0.625,0,0.0,0.0,1.0,0.95,0
niah_mv_v2,41,0.1085483870967742,0.12177419354838707,-0.013225806451612879,0.1085483870967742,0.0,0.5526315789473685,0.2894736842105263,0.1339221098284874,0.2593595920167984,352,253,306,38,0.6339869281045751,0.3660130718954248,1.0,155.26530326879765,-0.0025656762144535693,0.0,-111.0,-266.0,155.0,5,7,0.7032258064516129,0.6387096774193548,0.3684210526315789,0.13157894736842105,0,0.5032258064516129,0.4838709677419355,0.5526315789473685,0.3157894736842105,0,0.12258064516129032,0.2903225806451613,0.9210526315789473,0.6052631578947368,0,0.0,0.0,0.9736842105263158,0.8947368421052632,0
niah_mv_v2,42,0.041938110749185666,0.04682410423452769,-0.004885993485342022,0.041938110749185666,0.0,0.9473684210526315,0.8421052631578947,0.07033013044464168,0.22486479994519812,957,245,866,38,0.5600461893764435,0.4399538106235566,1.0,152.89402067229048,0.0033358529968779958,0.0,-124.5,-278.0,153.5,2,3,0.33876221498371334,0.3973941368078176,0.7368421052631579,0.47368421052631576,0,0.0,0.03908794788273615,0.9473684210526315,0.7894736842105263,0,0.0,0.0,1.0,0.868421052631579,0,0.0,0.0,1.0,0.9473684210526315,0
niah_mv_v2,43,0.14651515151515151,0.13075757575757577,0.015757575757575748,0.14772727272727273,-0.00121212121212122,0.45,0.325,0.1795213733292978,0.264076156257587,356,298,310,40,0.6096774193548387,0.3903225806451613,1.0,164.5685203308916,-0.0012448037640599323,0.0,-147.0,-312.0,165.0,17,7,0.7393939393939394,0.703030303030303,0.25,0.125,0,0.5575757575757576,0.5636363636363636,0.45,0.3,0,0.21818181818181817,0.2787878787878788,0.85,0.6,0,0.012121212121212121,0.0,1.0,0.9,0
niah_mv_v2,44,0.10551948051948053,0.10714285714285716,-0.0016233766233766378,0.10551948051948053,0.0,0.5526315789473685,0.3157894736842105,0.12247883144838853,0.2566218173999231,352,256,306,38,0.6078431372549019,0.39215686274509803,1.0,154.5440702502347,0.0030378640259109187,0.0,-136.0,-290.0,154.0,7,6,0.7207792207792207,0.5974025974025974,0.3684210526315789,0.18421052631578946,0,0.35714285714285715,0.5324675324675324,0.5789473684210527,0.3157894736842105,0,0.18181818181818182,0.16883116883116883,0.8947368421052632,0.6578947368421053,0,0.0,0.0,1.0,0.9210526315789473,0
niah_mv_v2,45,0.042021276595744686,0.043439716312056745,-0.0014184397163120588,0.042021276595744686,0.0,0.9210526315789473,0.7894736842105263,0.07273380416036626,0.22937119444954157,957,261,866,38,0.5127020785219399,0.48729792147806006,1.0,141.3855835334573,0.0066732040451842785,0.0,-173.0,-314.0,141.0,3,2,0.2695035460992908,0.36879432624113473,0.7894736842105263,0.42105263157894735,0,0.07092198581560284,0.0,0.9210526315789473,0.7631578947368421,0,0.0,0.0,1.0,0.868421052631579,0,0.0,0.0,1.0,0.9210526315789473,0
niah_mv_v2,46,0.10789473684210527,0.1036184210526316,0.00427631578947367,0.10789473684210527,0.0,0.5,0.35,0.1256857387876778,0.24829755486373156,356,284,310,40,0.635483870967742,0.36451612903225805,1.0,153.52053328536448,0.0005355299412192025,0.0,-136.0,-288.0,152.0,6,6,0.625,0.5986842105263158,0.3,0.2,0,0.47368421052631576,0.4144736842105263,0.525,0.375,0,0.2236842105263158,0.18421052631578946,0.9,0.675,0,0.0,0.0,1.0,0.95,0
niah_mv_v2,47,0.12125000000000001,0.1134375,0.007812500000000014,0.12125000000000001,0.0,0.475,0.35,0.1415682765638737,0.25606212673913775,356,302,310,40,0.6258064516129033,0.3741935483870968,1.0,158.89151758372634,-0.007672920320611124,0.0,-134.0,-294.0,160.0,6,6,0.6125,0.64375,0.3,0.15,0,0.56875,0.45625,0.5,0.35,0,0.225,0.2375,0.85,0.625,0,0.0,0.0,1.0,0.925,0
niah_mv_v2,48,0.046069182389937104,0.055188679245283014,-0.00911949685534591,0.046069182389937104,0.0,0.9444444444444444,0.8888888888888888,0.07132370202136788,0.246015044641774,953,234,862,36,0.5545243619489559,0.44547563805104406,0.9722222222222222,158.4193809213442,0.0024846647920398423,0.0,-135.0,-294.0,159.0,3,16,0.3584905660377358,0.37735849056603776,0.7222222222222222,0.4722222222222222,0,0.06289308176100629,0.03773584905660377,0.9444444444444444,0.8611111111111112,0,0.0,0.012578616352201259,0.9722222222222222,0.9166666666666666,0,0.0,0.012578616352201259,0.9722222222222222,0.9722222222222222,0
niah_mv_v2,49,0.11062691131498473,0.10909785932721712,0.0015290519877676073,0.11062691131498473,0.0,0.5526315789473685,0.3684210526315789,0.13284978108998044,0.25973464011457004,352,228,306,38,0.6078431372549019,0.39215686274509803,1.0,161.98911304590962,-0.006833489664401113,0.0,-108.5,-272.0,163.5,6,8,0.7155963302752294,0.5871559633027523,0.3157894736842105,0.21052631578947367,0,0.39143730886850153,0.4648318042813456,0.5789473684210527,0.39473684210526316,0,0.20795107033639143,0.12844036697247707,0.8421052631578947,0.6842105263157895,0,0.0,0.0,1.0,0.9210526315789473,0
niah_mv_v2,50,0.0944736842105263,0.13447368421052627,-0.039999999999999966,0.09763157894736843,-0.0031578947368421234,0.9,0.8,0.14183364571679008,0.2572345280940004,961,298,870,40,0.5459770114942529,0.4540229885057471,1.0,189.27039856909622,-0.0029028964834413758,0.0,-174.0,-364.0,190.0,19,20,0.4105263157894737,0.4421052631578947,0.65,0.475,0,0.14736842105263157,0.15789473684210525,0.9,0.775,0,0.07368421052631578,0.12631578947368421,1.0,0.875,0,0.06315789473684211,0.11578947368421053,1.0,0.875,0
niah_mv_v2,51,0.12258454106280192,0.175,-0.05241545893719807,0.12355072463768116,-0.0009661835748792369,0.9473684210526315,0.7894736842105263,0.18381308158421752,0.25079091686440563,957,295,866,38,0.6224018475750578,0.37759815242494227,1.0,206.24470325769494,7.72047727379911e-05,0.0,-149.0,-356.0,207.0,20,20,0.4444444444444444,0.5169082125603864,0.6578947368421053,0.4473684210526316,0,0.18357487922705315,0.2898550724637681,0.9473684210526315,0.7894736842105263,0,0.08695652173913043,0.18357487922705315,0.9736842105263158,0.8421052631578947,0,0.08695652173913043,0.1642512077294686,1.0,0.9210526315789473,0
niah_mv_v2,52,0.061092715231788074,0.03990066225165563,0.021192052980132443,0.061092715231788074,0.0,0.9736842105263158,0.8421052631578947,0.07280456771739156,0.2292095642143602,957,221,866,38,0.5300230946882217,0.46997690531177827,1.0,150.07932434901124,0.0009810058848590095,0.0,-137.0,-288.0,151.0,4,2,0.39072847682119205,0.2980132450331126,0.7631578947368421,0.5,0,0.18543046357615894,0.0,0.9736842105263158,0.8157894736842105,0,0.0,0.0,1.0,0.868421052631579,0,0.0,0.0,1.0,0.9210526315789473,0
niah_mv_v2,53,0.11257763975155281,0.11444099378881986,-0.0018633540372670482,0.11257763975155281,0.0,0.525,0.35,0.13017532862476086,0.2586192864982461,356,281,310,40,0.6419354838709678,0.3580645161290323,1.0,161.57026057604014,-0.00264472536109795,0.0,-147.0,-308.0,161.0,6,6,0.6583850931677019,0.6770186335403726,0.35,0.175,0,0.4472049689440994,0.546583850931677,0.525,0.325,0,0.2484472049689441,0.09937888198757763,0.9,0.675,0,0.0,0.0,1.0,0.875,0
niah_mv_v2,54,0.03792517006802722,0.042006802721088435,-0.004081632653061218,0.03792517006802722,0.0,0.9722222222222222,0.8611111111111112,0.06746068730477368,0.23268604653138905,953,296,862,36,0.5301624129930395,0.46983758700696054,1.0,146.9636811036578,-0.0021467417219092916,0.0,-155.0,-302.0,147.0,2,2,0.2585034013605442,0.3401360544217687,0.7777777777777778,0.4722222222222222,0,0.0,0.0,0.9722222222222222,0.8333333333333334,0,0.0,0.0,0.9722222222222222,0.8611111111111112,0,0.0,0.0,1.0,0.9166666666666666,0
niah_mv_v2,55,0.03911042944785276,0.046472392638036805,-0.007361963190184048,0.03911042944785276,0.0,0.9473684210526315,0.8157894736842105,0.06854499464088545,0.22786321478007796,957,308,866,38,0.5415704387990762,0.45842956120092376,1.0,162.04694499781726,0.0008704068415972935,0.0,-169.0,-332.0,163.0,2,2,0.2822085889570552,0.4294478527607362,0.7105263157894737,0.39473684210526316,0,0.0,0.0,0.9473684210526315,0.7894736842105263,0,0.0,0.0,1.0,0.868421052631579,0,0.0,0.0,1.0,0.8947368421052632,0
niah_mv_v2,56,0.10868055555555553,0.10243055555555554,0.006249999999999992,0.10868055555555553,0.0,0.5,0.375,0.12046438374527317,0.26405296462675376,356,297,310,40,0.5870967741935483,0.4129032258064516,1.0,143.77111093436133,0.0016316456076838958,0.0,-144.0,-288.0,144.0,7,7,0.6875,0.625,0.275,0.175,0,0.4305555555555556,0.4236111111111111,0.525,0.375,0,0.1527777777777778,0.1527777777777778,0.9,0.675,0,0.0,0.0,1.0,0.9,0
niah_mv_v2,57,0.044480519480519475,0.048051948051948054,-0.0035714285714285796,0.044480519480519475,0.0,0.9473684210526315,0.8157894736842105,0.07274259272940511,0.24697609488153147,957,277,866,38,0.5254041570438799,0.4745958429561201,1.0,153.9371473663789,0.0002687706662137739,0.0,-150.0,-304.0,154.0,4,3,0.35064935064935066,0.4090909090909091,0.7631578947368421,0.47368421052631576,0,0.025974025974025976,0.05194805194805195,0.9473684210526315,0.7894736842105263,0,0.0,0.0,1.0,0.8947368421052632,0,0.0,0.0,1.0,0.8947368421052632,0
niah_mv_v2,58,0.044551282051282046,0.044551282051282046,0.0,0.044551282051282046,0.0,0.9473684210526315,0.868421052631579,0.0642767841854568,0.22792546559937757,957,203,866,38,0.5115473441108545,0.4884526558891455,1.0,155.20650666799384,0.00222341614575258,0.0,-116.0,-272.0,156.0,3,3,0.36538461538461536,0.3782051282051282,0.6842105263157895,0.47368421052631576,0,0.02564102564102564,0.01282051282051282,0.9473684210526315,0.868421052631579,0,0.0,0.0,1.0,0.868421052631579,0,0.0,0.0,1.0,0.9473684210526315,0
niah_mv_v2,59,0.1667948717948718,0.18961538461538457,-0.022820512820512784,0.16525641025641027,0.0015384615384615163,0.9473684210526315,0.8421052631578947,0.2515435150128368,0.2666771707300225,957,250,866,38,0.5912240184757506,0.40877598152424943,1.0,193.6052532824216,0.005931842570751035,0.0,-139.0,-334.0,195.0,20,20,0.47692307692307695,0.5128205128205128,0.6578947368421053,0.47368421052631576,0,0.20512820512820512,0.27692307692307694,0.9473684210526315,0.7894736842105263,0,0.15384615384615385,0.19487179487179487,1.0,0.8421052631578947,0,0.13333333333333333,0.17435897435897435,1.0,0.9473684210526315,0
niah_mv_v2,60,0.12063758389261743,0.11593959731543624,0.004697986577181193,0.12063758389261743,0.0,0.5526315789473685,0.39473684210526316,0.1538611654240515,0.24316748203531935,352,256,306,38,0.6372549019607843,0.3627450980392157,1.0,147.10255609187072,-0.0009067269781076059,0.0,-123.0,-272.0,149.0,6,7,0.7248322147651006,0.6375838926174496,0.34210526315789475,0.18421052631578946,0,0.5570469798657718,0.5234899328859061,0.5526315789473685,0.34210526315789475,0,0.18791946308724833,0.2214765100671141,0.8421052631578947,0.6842105263157895,0,0.0,0.0,1.0,0.8947368421052632,0
niah_mv_v2,61,0.04792358803986711,0.05456810631229235,-0.006644518272425237,0.04792358803986711,0.0,1.0,0.8157894736842105,0.07288639383324848,0.2515611240766634,957,231,866,38,0.5484988452655889,0.4515011547344111,1.0,151.55080274315048,0.0007992089392125219,0.0,-127.5,-278.0,150.5,2,4,0.4584717607973422,0.4318936877076412,0.6842105263157895,0.47368421052631576,0,0.0,0.09302325581395349,1.0,0.7894736842105263,0,0.0,0.0,1.0,0.8421052631578947,0,0.0,0.0,1.0,0.9210526315789473,0
niah_mv_v2,62,0.0992690058479532,0.10102339181286546,-0.0017543859649122584,0.09576023391812867,0.0035087719298245307,0.9210526315789473,0.868421052631579,0.12797244838321586,0.24595568103171445,957,326,866,38,0.5127020785219399,0.48729792147806006,1.0,170.76825936488785,-0.00011240652627976272,0.0,-223.0,-394.0,171.0,20,20,0.4678362573099415,0.49122807017543857,0.7368421052631579,0.5,0,0.24561403508771928,0.11695906432748537,0.9210526315789473,0.8157894736842105,0,0.04678362573099415,0.07017543859649122,0.9736842105263158,0.8947368421052632,0,0.04678362573099415,0.07017543859649122,1.0,0.9210526315789473,0
niah_mv_v2,63,0.04206484641638225,0.04718430034129693,-0.005119453924914676,0.04206484641638225,0.0,0.9444444444444444,0.8611111111111112,0.07205074223685366,0.2320593463394128,953,218,862,36,0.5081206496519721,0.4918793503480278,1.0,146.2053740821841,-0.00031602725644372333,0.0,-123.5,-270.0,146.5,2,3,0.3412969283276451,0.41638225255972694,0.6944444444444444,0.5,0,0.0,0.027303754266211604,0.9444444444444444,0.8055555555555556,0,0.0,0.0,0.9722222222222222,0.8611111111111112,0,0.0,0.0,1.0,0.8888888888888888,0
niah_mv_v2,64,0.037121212121212124,0.04587542087542088,-0.008754208754208757,0.037121212121212124,0.0,0.9736842105263158,0.8157894736842105,0.06506217664210864,0.24782713344214988,957,252,866,38,0.5311778290993071,0.46882217090069284,1.0,147.45384749229902,0.004261413957985635,0.0,-127.5,-276.0,148.5,2,3,0.24242424242424243,0.3771043771043771,0.7105263157894737,0.42105263157894735,0,0.0,0.04040404040404041,0.9736842105263158,0.7368421052631579,0,0.0,0.0,1.0,0.8421052631578947,0,0.0,0.0,1.0,0.9210526315789473,0
niah_mv_v2,65,0.039545454545454536,0.0446969696969697,-0.005151515151515164,0.039545454545454536,0.0,0.9736842105263158,0.8421052631578947,0.0688657176621835,0.22778708747339524,957,276,866,38,0.5069284064665127,0.4930715935334873,1.0,164.24337512302833,0.002010844396422989,0.0,-137.0,-302.0,165.0,3,2,0.23030303030303031,0.3939393939393939,0.7894736842105263,0.47368421052631576,0,0.06060606060606061,0.0,0.9736842105263158,0.8157894736842105,0,0.0,0.0,1.0,0.868421052631579,0,0.0,0.0,1.0,0.9473684210526315,0
niah_mv_v2,66,0.036250000000000004,0.0540625,-0.017812499999999995,0.036250000000000004,0.0,0.9210526315789473,0.8157894736842105,0.07370194290341668,0.2314702833196062,957,248,866,38,0.5150115473441108,0.48498845265588914,1.0,158.79061640827797,0.0025226048874643662,0.0,-158.0,-318.0,160.0,2,3,0.225,0.51875,0.7105263157894737,0.42105263157894735,0,0.0,0.0625,0.9210526315789473,0.7894736842105263,0,0.0,0.0,0.9736842105263158,0.8947368421052632,0,0.0,0.0,1.0,0.9473684210526315,0
niah_mv_v2,67,0.040151515151515146,0.04984848484848485,-0.009696969696969704,0.040151515151515146,0.0,0.9722222222222222,0.8611111111111112,0.06372226504379613,0.23805576558980937,953,218,862,36,0.5278422273781903,0.47215777262180975,1.0,165.83740525209987,0.0011580709448325206,0.0,-145.0,-310.0,165.0,2,2,0.30303030303030304,0.49696969696969695,0.75,0.4444444444444444,0,0.0,0.0,0.9722222222222222,0.8333333333333334,0,0.0,0.0,1.0,0.8611111111111112,0,0.0,0.0,1.0,0.9444444444444444,0
niah_mv_v2,68,0.044314641744548286,0.05023364485981309,-0.005919003115264804,0.044314641744548286,0.0,0.9736842105263158,0.8421052631578947,0.06887154881963622,0.22990890212127618,957,234,866,38,0.5415704387990762,0.45842956120092376,1.0,161.17088808575386,0.003093288472256536,0.0,-115.5,-276.0,160.5,2,4,0.3862928348909657,0.3925233644859813,0.6842105263157895,0.47368421052631576,0,0.0,0.09968847352024922,0.9736842105263158,0.7894736842105263,0,0.0,0.0,0.9736842105263158,0.868421052631579,0,0.0,0.0,1.0,0.9473684210526315,0
niah_mv_v2,69,0.11233766233766233,0.11103896103896105,0.0012987012987012853,0.11233766233766233,0.0,0.5238095238095238,0.30952380952380953,0.12754150624710422,0.25975574383009176,360,274,314,42,0.643312101910828,0.35668789808917195,1.0,155.4802761388042,-0.0044250871147237,0.0,-118.0,-272.0,154.0,8,6,0.6558441558441559,0.5714285714285714,0.30952380952380953,0.19047619047619047,0,0.35714285714285715,0.5194805194805194,0.5238095238095238,0.2857142857142857,0,0.14935064935064934,0.22077922077922077,0.8095238095238095,0.5714285714285714,0,0.0,0.0,1.0,0.8809523809523809,0
niah_mv_v2,70,0.05128205128205128,0.046474358974358976,0.0048076923076923045,0.05128205128205128,0.0,0.9210526315789473,0.8947368421052632,0.07786697602138275,0.24105732659935186,957,263,866,38,0.5323325635103926,0.4676674364896074,1.0,153.57220110532694,-0.0034560192637243794,0.0,-156.0,-312.0,156.0,3,3,0.4358974358974359,0.391025641025641,0.631578947368421,0.5,0,0.08974358974358974,0.038461538461538464,0.9210526315789473,0.868421052631579,0,0.0,0.0,1.0,0.9473684210526315,0,0.0,0.0,1.0,0.9473684210526315,0
niah_mv_v2,71,0.08564516129032256,0.051451612903225794,0.03419354838709676,0.07661290322580645,0.009032258064516102,0.9210526315789473,0.7894736842105263,0.11022719230329833,0.23736453794957027,957,220,866,38,0.5554272517321016,0.4445727482678984,1.0,155.86271338499603,-0.0009783995739705508,0.0,-117.0,-272.0,155.0,20,3,0.34838709677419355,0.4,0.7631578947368421,0.42105263157894735,0,0.05161290322580645,0.12903225806451613,0.9210526315789473,0.7368421052631579,0,0.05161290322580645,0.0,1.0,0.868421052631579,0,0.05161290322580645,0.0,1.0,0.9473684210526315,0
niah_mv_v2,72,0.14194444444444443,0.18916666666666665,-0.04722222222222222,0.1408333333333333,0.0011111111111111183,0.5238095238095238,0.35714285714285715,0.16439163293535153,0.26576775288164095,360,300,314,42,0.7292993630573248,0.27070063694267515,1.0,181.80582810226622,-0.0005415545154176609,0.0,-164.0,-344.0,180.0,16,19,0.7222222222222222,0.6833333333333333,0.2857142857142857,0.16666666666666666,0,0.5055555555555555,0.5555555555555556,0.5238095238095238,0.3333333333333333,0,0.17777777777777778,0.2777777777777778,0.8333333333333334,0.6666666666666666,0,0.03333333333333333,0.08888888888888889,0.9761904761904762,0.9047619047619048,0
niah_mv_v2,73,0.12441860465116279,0.12877906976744186,-0.004360465116279064,0.12441860465116279,0.0,0.4772727272727273,0.29545454545454547,0.13982880860063593,0.26679981816031223,364,301,318,44,0.6477987421383647,0.3522012578616352,1.0,171.18061925412388,0.00039611742034473046,0.0,-136.0,-308.0,172.0,9,7,0.622093023255814,0.6337209302325582,0.2727272727272727,0.18181818181818182,0,0.47093023255813954,0.5406976744186046,0.4772727272727273,0.29545454545454547,0,0.23255813953488372,0.3023255813953488,0.8181818181818182,0.5909090909090909,0,0.0,0.0,1.0,0.8863636363636364,0
niah_mv_v2,74,0.13453846153846152,0.10869230769230769,0.025846153846153838,0.13453846153846152,0.0,0.5263157894736842,0.42105263157894735,0.16289306224033473,0.27213114750515854,352,203,306,38,0.6045751633986928,0.3954248366013072,1.0,162.8644465510456,0.0013427977004814855,0.0,-97.5,-260.0,162.5,7,8,0.6892307692307692,0.6276923076923077,0.2631578947368421,0.18421052631578946,0,0.5353846153846153,0.48,0.5526315789473685,0.39473684210526316,0,0.2523076923076923,0.11076923076923077,0.8421052631578947,0.7105263157894737,0,0.0,0.0,1.0,0.868421052631579,0
niah_mv_v2,75,0.1667098445595855,0.2107512953367876,-0.04404145077720209,0.16360103626943007,0.003108808290155446,0.5,0.3888888888888889,0.1965913683125417,0.266166960136445,348,294,302,36,0.6622516556291391,0.33774834437086093,1.0,194.4262201664161,0.0019700883848218107,0.0,-197.0,-390.0,193.0,19,20,0.7098445595854922,0.7098445595854922,0.2777777777777778,0.2222222222222222,0,0.46632124352331605,0.5492227979274611,0.5277777777777778,0.3611111111111111,0,0.3316062176165803,0.2694300518134715,0.8611111111111112,0.75,0,0.06217616580310881,0.09326424870466321,1.0,0.9166666666666666,0
niah_mv_v2,76,0.10500000000000001,0.10629032258064516,-0.0012903225806451535,0.10500000000000001,0.0,0.5526315789473685,0.39473684210526316,0.13139940927480293,0.2393715564250271,352,237,306,38,0.6209150326797386,0.3790849673202614,1.0,155.5639939348634,-5.7480274372943804e-05,0.0,-115.0,-270.0,155.0,6,6,0.6774193548387096,0.6,0.3157894736842105,0.18421052631578946,0,0.4774193548387097,0.5096774193548387,0.5789473684210527,0.34210526315789475,0,0.06451612903225806,0.14193548387096774,0.8947368421052632,0.7105263157894737,0,0.0,0.0,1.0,0.9736842105263158,0
niah_mv_v2,77,0.12754957507082154,0.10035410764872524,0.027195467422096303,0.1298158640226629,-0.002266288951841361,0.95,0.725,0.1920036605062676,0.2334859104015689,961,243,870,40,0.5597701149425287,0.44022988505747124,0.975,177.29158828240395,-0.0024256408827620208,0.0,-123.5,-300.0,176.5,20,20,0.40226628895184136,0.44192634560906513,0.6,0.4,0,0.254957507082153,0.16997167138810199,0.95,0.75,0,0.10198300283286119,0.07932011331444759,0.975,0.85,0,0.0906515580736544,0.056657223796033995,0.975,0.9,0
niah_mv_v2,78,0.11054216867469879,0.10873493975903614,0.0018072289156626509,0.11054216867469879,0.0,0.5,0.3684210526315789,0.13514586503019066,0.2626301685565212,352,257,306,38,0.6405228758169934,0.35947712418300654,1.0,166.15907872723528,-6.401937645250588e-05,0.0,-126.0,-292.0,166.0,5,5,0.6807228915662651,0.6325301204819277,0.3157894736842105,0.21052631578947367,0,0.5240963855421686,0.5301204819277109,0.5,0.3684210526315789,0,0.18072289156626506,0.1566265060240964,0.8947368421052632,0.631578947368421,0,0.0,0.0,1.0,0.9210526315789473,0
niah_mv_v2,79,0.13317610062893084,0.12342767295597483,0.009748427672956014,0.13317610062893084,0.0,0.5,0.35714285714285715,0.16568817151764245,0.24942627265016282,360,210,314,42,0.5828025477707006,0.4171974522292994,1.0,159.4658684933525,0.003880142001227464,0.0,-135.0,-294.0,159.0,6,7,0.7358490566037735,0.6037735849056604,0.21428571428571427,0.19047619047619047,0,0.5220125786163522,0.5408805031446541,0.5,0.30952380952380953,0,0.32075471698113206,0.24528301886792453,0.8095238095238095,0.5952380952380952,0,0.0,0.0,1.0,0.9047619047619048,0
niah_mv_v2,80,0.03637931034482759,0.04637931034482758,-0.009999999999999995,0.03637931034482759,0.0,0.9473684210526315,0.8157894736842105,0.07091164483242476,0.22675795620633737,957,229,866,38,0.5346420323325635,0.4653579676674365,1.0,144.75668156428821,0.00033541676117343033,0.0,-119.0,-264.0,145.0,3,2,0.2,0.42758620689655175,0.7368421052631579,0.42105263157894735,0,0.027586206896551724,0.0,0.9473684210526315,0.7631578947368421,0,0.0,0.0,1.0,0.868421052631579,0,0.0,0.0,1.0,0.9210526315789473,0
niah_mv_v2,81,0.11752873563218388,0.1591954022988506,-0.04166666666666671,0.12844827586206897,-0.010919540229885089,0.8421052631578947,0.8157894736842105,0.1994955580787559,0.26148939533315785,957,257,866,38,0.5785219399538106,0.4214780600461894,1.0,172.6148200181326,-0.0001992171155828736,0.0,-144.0,-318.0,174.0,19,20,0.42528735632183906,0.5114942528735632,0.6842105263157895,0.47368421052631576,0,0.11494252873563218,0.1839080459770115,0.8421052631578947,0.7894736842105263,0,0.10344827586206896,0.12643678160919541,0.9210526315789473,0.8947368421052632,0,0.10344827586206896,0.12643678160919541,0.9736842105263158,0.9736842105263158,0
niah_mv_v2,82,0.06857366771159874,0.06418495297805644,0.004388714733542298,0.06857366771159873,1.3877787807814457e-17,0.9736842105263158,0.7894736842105263,0.09482139987741298,0.2293490150074438,957,247,866,38,0.5427251732101617,0.45727482678983833,1.0,159.56753793938753,0.0017380304842356273,0.0,-124.5,-284.0,159.5,20,19,0.3573667711598746,0.5203761755485894,0.7631578947368421,0.42105263157894735,0,0.07523510971786834,0.06269592476489028,0.9736842105263158,0.7894736842105263,0,0.03761755485893417,0.012539184952978056,1.0,0.8947368421052632,0,0.025078369905956112,0.012539184952978056,1.0,0.9210526315789473,0
niah_mv_v2,83,0.039723926380368105,0.04279141104294478,-0.0030674846625766763,0.039723926380368105,0.0,0.9736842105263158,0.8157894736842105,0.06332893959498644,0.2271735351024974,957,290,866,38,0.5993071593533488,0.4006928406466513,1.0,162.91134008145184,0.003087944035068067,0.0,-151.0,-314.0,163.0,2,3,0.294478527607362,0.3067484662576687,0.7368421052631579,0.4473684210526316,0,0.0,0.049079754601226995,0.9736842105263158,0.7368421052631579,0,0.0,0.0,1.0,0.868421052631579,0,0.0,0.0,1.0,0.9736842105263158,0
niah_mv_v2,84,0.1625,0.17578125,-0.013281249999999994,0.1625,0.0,0.34,0.3,0.19493375669289287,0.2674366169213151,376,318,330,50,0.693939393939394,0.30606060606060603,1.0,191.87532615721898,-0.001474517152583393,0.0,-174.0,-366.0,192.0,10,10,0.6770833333333334,0.7291666666666666,0.14,0.16,0,0.59375,0.6302083333333334,0.36,0.26,0,0.22916666666666666,0.4375,0.72,0.54,0,0.0,0.0,1.0,0.94,0
niah_mv_v2,85,0.10812499999999999,0.12093749999999999,-0.012812500000000004,0.10812499999999999,0.0,0.5,0.35,0.13140379558541707,0.2636972834396849,356,266,310,40,0.635483870967742,0.36451612903225805,1.0,159.5931016107261,0.0019491800147719688,0.0,-140.0,-300.0,160.0,6,6,0.675,0.66875,0.3,0.15,0,0.50625,0.5375,0.525,0.325,0,0.1125,0.25,0.825,0.625,0,0.0,0.0,1.0,0.95,0
niah_mv_v2,86,0.04401840490797546,0.053220858895705526,-0.009202453987730064,0.04401840490797546,0.0,0.9736842105263158,0.8157894736842105,0.06364088444781148,0.23876516846241724,957,298,866,38,0.546189376443418,0.45381062355658197,1.0,160.8927354190713,-0.0017504282329590792,0.0,-153.0,-316.0,163.0,3,3,0.3558282208588957,0.5030674846625767,0.7105263157894737,0.39473684210526316,0,0.024539877300613498,0.06134969325153374,0.9736842105263158,0.7631578947368421,0,0.0,0.0,1.0,0.8421052631578947,0,0.0,0.0,1.0,0.9473684210526315,0
niah_mv_v2,87,0.13430232558139538,0.12819767441860463,0.006104651162790742,0.13430232558139538,0.0,0.5714285714285714,0.3333333333333333,0.14791811994881368,0.2608328010480314,360,291,314,42,0.6369426751592356,0.3630573248407643,1.0,171.2891347237333,-0.0026462560417654882,0.0,-168.0,-340.0,172.0,8,8,0.6976744186046512,0.686046511627907,0.30952380952380953,0.16666666666666666,0,0.4883720930232558,0.5290697674418605,0.5714285714285714,0.3333333333333333,0,0.29069767441860467,0.23255813953488372,0.8571428571428571,0.6190476190476191,0,0.0,0.0,1.0,0.9285714285714286,0
niah_mv_v2,88,0.17146739130434785,0.18777173913043477,-0.016304347826086918,0.1709239130434783,0.0005434782608695621,0.4473684210526316,0.3684210526315789,0.2041496284417342,0.2574242174164739,356,293,306,38,0.7483660130718954,0.25163398692810457,1.0,183.5654909061891,0.0008011825901353913,0.0,-136.0,-320.0,184.0,18,20,0.7445652173913043,0.657608695652174,0.2631578947368421,0.18421052631578946,0,0.5271739130434783,0.5706521739130435,0.47368421052631576,0.3684210526315789,0,0.30434782608695654,0.2717391304347826,0.8157894736842105,0.6842105263157895,0,0.06521739130434782,0.08695652173913043,1.0,0.9210526315789473,0
niah_mv_v2,89,0.049324324324324334,0.06013513513513513,-0.010810810810810798,0.049324324324324334,0.0,0.9210526315789473,0.8157894736842105,0.07579478785830193,0.22850182254526247,957,271,866,38,0.5184757505773672,0.4815242494226328,1.0,185.44191094938896,-0.003846979422110902,0.0,-189.0,-374.0,185.0,3,13,0.3783783783783784,0.42162162162162165,0.7105263157894737,0.5526315789473685,0,0.10810810810810811,0.14054054054054055,0.9210526315789473,0.8157894736842105,0,0.0,0.021621621621621623,1.0,0.8947368421052632,0,0.0,0.010810810810810811,1.0,0.9473684210526315,0
niah_mv_v2,90,0.10204918032786887,0.10396174863387979,-0.0019125683060109144,0.10314207650273226,-0.0010928961748633836,0.9210526315789473,0.8947368421052632,0.13744353047027588,0.24002220776498495,957,329,866,38,0.5404157043879908,0.45958429561200925,1.0,182.4585025957192,-0.0013730860944580882,0.0,-179.0,-362.0,183.0,20,20,0.5245901639344263,0.5846994535519126,0.6842105263157895,0.4473684210526316,0,0.28415300546448086,0.17486338797814208,0.9210526315789473,0.8421052631578947,0,0.06557377049180328,0.08743169398907104,1.0,0.9473684210526315,0,0.03278688524590164,0.04371584699453552,1.0,0.9736842105263158,0
niah_mv_v2,91,0.10725806451612904,0.11983870967741934,-0.012580645161290302,0.10725806451612904,0.0,0.5,0.3333333333333333,0.12394263023965099,0.2625626184324209,360,309,314,42,0.6178343949044586,0.3821656050955414,1.0,154.9245229708065,-0.002467589745707372,0.0,-149.0,-304.0,155.0,7,8,0.632258064516129,0.6129032258064516,0.2619047619047619,0.16666666666666666,0,0.36774193548387096,0.5548387096774193,0.5,0.2857142857142857,0,0.15483870967741936,0.2064516129032258,0.7857142857142857,0.5476190476190477,0,0.0,0.0,0.9761904761904762,0.9523809523809523,0
niah_mv_v2,92,0.12117834394904456,0.11799363057324841,0.00318471337579615,0.12117834394904456,0.0,0.45,0.35,0.1413453951763273,0.2487000146413869,356,282,310,40,0.635483870967742,0.36451612903225805,1.0,158.55108495814966,0.004239238293444849,0.0,-177.0,-334.0,157.0,7,7,0.6496815286624203,0.7006369426751592,0.25,0.15,0,0.5477707006369427,0.4968152866242038,0.45,0.325,0,0.267515923566879,0.20382165605095542,0.925,0.65,0,0.0,0.0,1.0,0.95,0
niah_mv_v2,93,0.14600313479623825,0.10713166144200625,0.038871473354231995,0.14600313479623825,0.0,0.5263157894736842,0.34210526315789475,0.18150047814958992,0.25536521023973136,352,272,306,38,0.6568627450980392,0.3431372549019608,1.0,160.7778727104607,0.004874469502528976,0.0,-126.5,-286.0,159.5,11,7,0.6206896551724138,0.6520376175548589,0.2894736842105263,0.15789473684210525,0,0.45141065830721006,0.45141065830721006,0.5263157894736842,0.34210526315789475,0,0.26959247648902823,0.13793103448275862,0.8947368421052632,0.6842105263157895,0,0.050156739811912224,0.0,1.0,0.9210526315789473,0
niah_mv_v2,94,0.07320359281437128,0.09176646706586826,-0.018562874251496983,0.07260479041916168,0.0005988023952095967,0.9473684210526315,0.8421052631578947,0.12324668503211589,0.2371496418952989,957,229,866,38,0.5623556581986143,0.4376443418013857,1.0,168.0678689823743,0.0026965341733297754,0.0,-133.0,-300.0,167.0,20,20,0.2694610778443114,0.437125748502994,0.6842105263157895,0.4473684210526316,0,0.0718562874251497,0.15568862275449102,0.9473684210526315,0.7894736842105263,0,0.03592814371257485,0.0718562874251497,1.0,0.868421052631579,0,0.03592814371257485,0.03592814371257485,1.0,0.8947368421052632,0
niah_mv_v2,95,0.04726027397260274,0.06883561643835619,-0.021575342465753447,0.04726027397260274,0.0,0.9444444444444444,0.8888888888888888,0.08242147924980685,0.23008247976173765,953,236,862,36,0.5568445475638051,0.4431554524361949,1.0,144.54536863478097,-0.0005814136699412018,0.0,-156.0,-302.0,146.0,2,20,0.4452054794520548,0.3287671232876712,0.7777777777777778,0.5,0,0.0,0.0821917808219178,0.9444444444444444,0.8611111111111112,0,0.0,0.0547945205479452,0.9722222222222222,0.9166666666666666,0,0.0,0.0273972602739726,1.0,0.9444444444444444,0
niah_mv_v2,96,0.03887096774193549,0.04467741935483871,-0.005806451612903218,0.03887096774193549,0.0,0.9736842105263158,0.8157894736842105,0.06866896024957482,0.24971829279546393,957,261,866,38,0.5346420323325635,0.4653579676674365,1.0,156.6333459830638,0.0002660111615632877,0.0,-135.0,-290.0,155.0,3,3,0.2645161290322581,0.38064516129032255,0.7368421052631579,0.4473684210526316,0,0.012903225806451613,0.012903225806451613,0.9736842105263158,0.7894736842105263,0,0.0,0.0,1.0,0.868421052631579,0,0.0,0.0,1.0,0.9210526315789473,0
niah_mv_v2,97,0.24020618556701026,0.18427835051546387,0.05592783505154639,0.23556701030927832,0.004639175257731942,0.5,0.35714285714285715,0.3371625347335768,0.255116122520371,360,262,314,42,0.7070063694267515,0.2929936305732484,1.0,193.67960012135006,0.0008333140379420791,0.0,-126.0,-320.0,194.0,20,20,0.7474226804123711,0.7216494845360825,0.2857142857142857,0.14285714285714285,0,0.6907216494845361,0.6082474226804123,0.5,0.3333333333333333,0,0.3917525773195876,0.30927835051546393,0.8333333333333334,0.6904761904761905,0,0.13402061855670103,0.05154639175257732,1.0,0.9285714285714286,0
niah_mv_v2,98,0.04736024844720497,0.050465838509316775,-0.003105590062111807,0.045496894409937885,0.0018633540372670829,0.9736842105263158,0.8157894736842105,0.07935207182643993,0.2325705618030592,957,247,866,38,0.5496535796766744,0.4503464203233256,1.0,160.37626939266056,0.0043301318303090065,0.0,-121.0,-282.0,161.0,20,3,0.18633540372670807,0.4968944099378882,0.6842105263157895,0.4473684210526316,0,0.049689440993788817,0.012422360248447204,0.9736842105263158,0.8157894736842105,0,0.012422360248447204,0.0,0.9736842105263158,0.868421052631579,0,0.012422360248447204,0.0,1.0,0.9473684210526315,0
niah_mv_v2,99,0.04208860759493671,0.04208860759493671,0.0,0.04208860759493671,0.0,0.9210526315789473,0.8421052631578947,0.07215071923580516,0.22790417698626914,957,237,866,38,0.5311778290993071,0.46882217090069284,1.0,157.01505141621988,0.0017028367426961282,0.0,-130.0,-288.0,158.0,2,2,0.34177215189873417,0.34177215189873417,0.7368421052631579,0.4473684210526316,0,0.0,0.0,0.9473684210526315,0.8157894736842105,0,0.0,0.0,0.9736842105263158,0.868421052631579,0,0.0,0.0,1.0,0.8947368421052632,0
niah_mv_v4,0,0.2454081632653061,0.2602040816326531,-0.014795918367346977,0.2454081632653061,0.0,0.2375,0.2,0.35241062863526285,0.30159703178541675,347,346,300,80,0.65,0.35,0.975,198.0050953316886,0.0016336612796419966,0.0,-144.0,-340.0,196.0,12,16,0.7602040816326531,0.6836734693877551,0.1375,0.125,0,0.7295918367346939,0.6020408163265306,0.2375,0.2,0,0.5357142857142857,0.3979591836734694,0.4625,0.375,0,0.12244897959183673,0.2857142857142857,0.9,0.7125,0
niah_mv_v4,1,0.1490566037735849,0.08231132075471696,0.06674528301886794,0.1509433962264151,-0.0018867924528301883,0.6710526315789473,0.5657894736842105,0.22477746143539118,0.23362883846179777,953,281,860,76,0.5372093023255814,0.4627906976744186,0.9473684210526315,212.22175564239492,0.004479987030383433,0.0,-110.0,-322.0,212.0,12,5,0.5613207547169812,0.4481132075471698,0.3684210526315789,0.2894736842105263,0,0.38207547169811323,0.39622641509433965,0.6710526315789473,0.5526315789473685,0,0.24528301886792453,0.0660377358490566,0.868421052631579,0.8026315789473685,0,0.04716981132075472,0.0,0.9473684210526315,0.9605263157894737,0
niah_mv_v4,2,0.11085858585858585,0.10580808080808082,0.0050505050505050275,0.11085858585858585,0.0,0.65,0.5125,0.14750701690654294,0.2418353329347703,959,412,866,80,0.5635103926096998,0.43648960739030024,0.975,199.427332606358,0.0030683343531145812,0.0,-206.0,-404.0,198.0,7,16,0.5858585858585859,0.5454545454545454,0.3625,0.275,0,0.45454545454545453,0.43434343434343436,0.6625,0.525,0,0.1414141414141414,0.10101010101010101,0.9,0.7875,0,0.0,0.010101010101010102,0.9625,0.925,0
niah_mv_v4,3,0.13684573002754824,0.07816804407713498,0.058677685950413255,0.1462121212121212,-0.00936639118457297,0.6527777777777778,0.6388888888888888,0.2061656566162477,0.24162064851437112,947,299,854,72,0.5737704918032787,0.4262295081967213,0.9444444444444444,181.02593205500096,-0.005894648672805414,0.0,-126.5,-308.0,181.5,20,6,0.5730027548209367,0.42424242424242425,0.4027777777777778,0.3055555555555556,0,0.3140495867768595,0.2975206611570248,0.6527777777777778,0.6388888888888888,0,0.19834710743801653,0.0881542699724518,0.8611111111111112,0.7916666666666666,0,0.07713498622589532,0.0,0.9444444444444444,0.9305555555555556,0
niah_mv_v4,4,0.14421052631578946,0.07605263157894737,0.06815789473684208,0.14789473684210525,-0.00368421052631579,0.625,0.575,0.2201429466248241,0.24633741223690525,959,394,866,80,0.5404157043879908,0.45958429561200925,0.925,191.69462674534145,-0.002134134680933558,0.0,-136.0,-326.0,190.0,12,5,0.6736842105263158,0.4842105263157895,0.3625,0.2875,0,0.4263157894736842,0.3157894736842105,0.6375,0.5875,0,0.3684210526315789,0.05263157894736842,0.8375,0.8,0,0.010526315789473684,0.0,0.925,0.9125,0
niah_mv_v4,5,0.06554054054054055,0.07959459459459461,-0.014054054054054063,0.06554054054054055,0.0,0.7236842105263158,0.5789473684210527,0.08639472746208172,0.24919043419488413,954,456,860,76,0.5732558139534883,0.42674418604651165,0.9868421052631579,185.88344159599066,-0.001515539235743848,0.0,-175.0,-360.0,185.0,4,5,0.4972972972972973,0.4648648648648649,0.39473684210526316,0.27631578947368424,0,0.2702702702702703,0.33513513513513515,0.7236842105263158,0.5526315789473685,0,0.0,0.11891891891891893,0.9736842105263158,0.7631578947368421,0,0.0,0.0,0.9868421052631579,0.9210526315789473,0
niah_mv_v4,6,0.09736180904522614,0.08278894472361809,0.01457286432160805,0.09736180904522614,0.0,0.618421052631579,0.5921052631578947,0.13105020368157355,0.2444445495391312,953,276,860,76,0.5709302325581396,0.4290697674418605,1.0,199.22968936717922,0.0019237865932354274,0.0,-107.0,-306.0,199.0,6,5,0.4371859296482412,0.4321608040201005,0.35526315789473684,0.2894736842105263,0,0.3768844221105528,0.32160804020100503,0.618421052631579,0.5789473684210527,0,0.25125628140703515,0.10050251256281408,0.8552631578947368,0.8026315789473685,0,0.0,0.0,1.0,0.9078947368421053,0
niah_mv_v4,7,0.08445945945945947,0.07878378378378378,0.005675675675675687,0.08445945945945947,0.0,0.6710526315789473,0.5921052631578947,0.11495054154061393,0.23833149672118287,953,324,860,76,0.5918604651162791,0.40813953488372096,0.9868421052631579,185.12020175209562,0.004163559535820257,0.0,-129.0,-314.0,185.0,4,8,0.5513513513513514,0.4756756756756757,0.40789473684210525,0.27631578947368424,0,0.3675675675675676,0.3621621621621622,0.6710526315789473,0.5657894736842105,0,0.0,0.043243243243243246,0.8947368421052632,0.8157894736842105,0,0.0,0.0,0.9605263157894737,0.9210526315789473,0
niah_mv_v4,8,0.09344919786096258,0.08435828877005347,0.009090909090909108,0.09344919786096258,0.0,0.7125,0.525,0.1166304196165564,0.23658401458037948,959,412,866,80,0.5392609699769053,0.4607390300230947,1.0,186.93100919821836,0.004125853783580751,0.0,-167.0,-354.0,187.0,6,5,0.4919786096256685,0.5133689839572193,0.375,0.25,0,0.36363636363636365,0.37433155080213903,0.725,0.525,0,0.1711229946524064,0.0962566844919786,0.9,0.7625,0,0.0,0.0,1.0,0.95,0
niah_mv_v4,9,0.0807591623036649,0.0925392670157068,-0.011780104712041911,0.08128272251308896,-0.0005235602094240677,0.6375,0.525,0.10021906209063274,0.24428684726921132,959,297,866,80,0.5531177829099307,0.4468822170900693,0.975,191.64424573670007,0.003645684137181091,0.0,-109.0,-300.0,191.0,18,12,0.5287958115183246,0.43455497382198954,0.375,0.2875,0,0.2198952879581152,0.43455497382198954,0.65,0.525,0,0.031413612565445025,0.16753926701570682,0.925,0.7625,0,0.010471204188481676,0.010471204188481676,0.9625,0.9125,0
niah_mv_v4,10,0.2151069518716578,0.2306149732620321,-0.0155080213903743,0.2151069518716578,0.0,0.2777777777777778,0.2361111111111111,0.3009393639457055,0.2774947609108415,335,364,288,72,0.6631944444444444,0.3368055555555556,0.9583333333333334,186.7466459428606,-0.0014933890797840662,0.0,-143.0,-330.0,187.0,12,17,0.8342245989304813,0.6524064171122995,0.1388888888888889,0.1388888888888889,0,0.7486631016042781,0.5828877005347594,0.2916666666666667,0.2638888888888889,0,0.3422459893048128,0.36363636363636365,0.5277777777777778,0.4305555555555556,0,0.0427807486631016,0.16042780748663102,0.9166666666666666,0.7916666666666666,0
niah_mv_v4,11,0.07942359249329758,0.07486595174262735,0.004557640750670236,0.07942359249329758,0.0,0.6973684210526315,0.5921052631578947,0.10334564291555862,0.24652535533449824,953,278,860,76,0.5686046511627907,0.4313953488372093,0.9868421052631579,185.68027759465437,-0.0014296952366199087,0.0,-111.5,-298.0,186.5,5,6,0.5522788203753352,0.46112600536193027,0.35526315789473684,0.3026315789473684,0,0.34316353887399464,0.3109919571045576,0.6973684210526315,0.5789473684210527,0,0.010723860589812333,0.08579088471849866,0.881578947368421,0.7631578947368421,0,0.0,0.0,0.9736842105263158,0.9605263157894737,0
niah_mv_v4,12,0.22603359173126614,0.2014857881136951,0.02454780361757103,0.22603359173126614,0.0,0.25,0.25,0.320150925308624,0.2767366448620336,341,373,294,76,0.6836734693877551,0.3163265306122449,0.9473684210526315,192.78487218191503,0.0022773846072117847,0.0,-126.5,-320.0,193.5,15,13,0.7648578811369509,0.6976744186046512,0.14473684210526316,0.10526315789473684,0,0.6408268733850129,0.5633074935400517,0.25,0.2236842105263158,0,0.36175710594315247,0.3462532299741602,0.5,0.42105263157894735,0,0.11369509043927649,0.12403100775193798,0.9078947368421053,0.7894736842105263,0
niah_mv_v4,13,0.10980662983425418,0.11091160220994475,-0.0011049723756905716,0.10538674033149172,0.004419889502762467,0.6625,0.5875,0.13757428258678275,0.25126018569950553,959,285,866,80,0.5496535796766744,0.4503464203233256,1.0,181.21638783324204,0.004926117299824537,0.0,-139.0,-320.0,181.0,20,11,0.6464088397790055,0.47513812154696133,0.3875,0.2875,0,0.39226519337016574,0.3701657458563536,0.6625,0.5625,0,0.06629834254143646,0.1878453038674033,0.925,0.775,0,0.011049723756906077,0.04419889502762431,1.0,0.9125,0
niah_mv_v4,14,0.07759067357512954,0.07655440414507772,0.00103626943005182,0.07759067357512954,0.0,0.675,0.5125,0.10136858312418248,0.25409927476273564,959,404,866,80,0.5623556581986143,0.4376443418013857,1.0,191.50129386308055,-0.0026497653530482062,0.0,-131.0,-324.0,193.0,4,5,0.6269430051813472,0.5025906735751295,0.35,0.2625,0,0.31088082901554404,0.3005181347150259,0.6875,0.5125,0,0.0,0.08290155440414508,0.95,0.7625,0,0.0,0.0,0.9875,0.925,0
niah_mv_v4,15,0.1058457711442786,0.0759950248756219,0.02985074626865669,0.1058457711442786,0.0,0.6447368421052632,0.5526315789473685,0.13385617515648826,0.2583200910511155,953,353,860,76,0.5720930232558139,0.42790697674418604,0.9605263157894737,199.60328345687503,0.003397410128801226,0.0,-127.0,-328.0,201.0,8,7,0.5124378109452736,0.48258706467661694,0.3815789473684211,0.27631578947368424,0,0.27860696517412936,0.30845771144278605,0.6447368421052632,0.5526315789473685,0,0.1890547263681592,0.04975124378109453,0.8289473684210527,0.7894736842105263,0,0.0,0.0,0.9473684210526315,0.9605263157894737,0
niah_mv_v4,16,0.2579145728643216,0.2375628140703517,0.020351758793969915,0.2564070351758794,0.0015075376884421954,0.275,0.2125,0.3762609031804218,0.2826249903273716,347,310,300,80,0.6933333333333334,0.30666666666666664,0.9625,199.92884770625608,-0.0013204927444540062,0.0,-147.0,-346.0,199.0,17,18,0.8894472361809045,0.7035175879396985,0.1375,0.1,0,0.7035175879396985,0.5879396984924623,0.275,0.225,0,0.48743718592964824,0.457286432160804,0.525,0.3875,0,0.09045226130653267,0.11055276381909548,0.9125,0.7875,0
niah_mv_v4,17,0.09583333333333333,0.09661458333333332,-0.0007812499999999972,0.09583333333333333,0.0,0.6625,0.5375,0.12908537045245363,0.2550221942043902,959,421,866,80,0.5542725173210161,0.4457274826789838,0.975,192.93500711826763,0.0050521235361838095,0.0,-134.0,-326.0,192.0,6,9,0.6510416666666666,0.5260416666666666,0.375,0.275,0,0.3802083333333333,0.34375,0.6625,0.5,0,0.10416666666666667,0.16666666666666666,0.875,0.725,0,0.0,0.0,0.975,0.925,0
niah_mv_v4,18,0.08804909560723513,0.07642118863049097,0.011627906976744165,0.08804909560723513,0.0,0.631578947368421,0.5921052631578947,0.11784123308874479,0.24869524994592,953,332,860,76,0.5651162790697675,0.43488372093023253,0.9473684210526315,195.59586583559263,0.002383323094285134,0.0,-102.5,-296.0,193.5,5,6,0.5788113695090439,0.4909560723514212,0.35526315789473684,0.27631578947368424,0,0.37209302325581395,0.35142118863049093,0.631578947368421,0.5657894736842105,0,0.0103359173126615,0.07235142118863049,0.9078947368421053,0.8157894736842105,0,0.0,0.0,0.9473684210526315,0.9473684210526315,0
niah_mv_v4,19,0.08279569892473118,0.10752688172043012,-0.02473118279569894,0.08279569892473118,0.0,0.6578947368421053,0.5263157894736842,0.10929138789315947,0.24430820303351278,953,350,860,76,0.5162790697674419,0.48372093023255813,1.0,185.09285399960535,0.0023956632525551766,0.0,-138.0,-324.0,186.0,6,7,0.6075268817204301,0.489247311827957,0.3684210526315789,0.2631578947368421,0,0.34408602150537637,0.3870967741935484,0.6578947368421053,0.5131578947368421,0,0.010752688172043012,0.16129032258064516,0.9210526315789473,0.75,0,0.0,0.0,1.0,0.8947368421052632,0
niah_mv_v4,20,0.11074766355140184,0.09556074766355141,0.015186915887850427,0.11448598130841117,-0.003738317757009335,0.625,0.5625,0.15338405096372856,0.24454198253106388,959,372,866,80,0.5531177829099307,0.4468822170900693,0.975,215.322293177706,-0.00013407436917690495,0.0,-142.0,-356.0,214.0,16,7,0.5841121495327103,0.4672897196261682,0.3625,0.275,0,0.4205607476635514,0.4205607476635514,0.625,0.55,0,0.12149532710280374,0.09345794392523364,0.8875,0.775,0,0.028037383177570093,0.0,0.975,0.925,0
niah_mv_v4,21,0.11105263157894736,0.09736842105263158,0.013684210526315785,0.11105263157894736,0.0,0.6447368421052632,0.5789473684210527,0.14925470177411004,0.23999553115676525,953,408,860,76,0.5488372093023256,0.4511627906976744,1.0,188.54288019597425,0.00239915484825143,0.0,-154.0,-344.0,190.0,6,6,0.6263157894736842,0.5631578947368421,0.40789473684210525,0.2894736842105263,0,0.45263157894736844,0.4,0.6447368421052632,0.5657894736842105,0,0.18947368421052632,0.15789473684210525,0.8552631578947368,0.7631578947368421,0,0.0,0.0,1.0,0.9078947368421053,0
niah_mv_v4,22,0.0744818652849741,0.06075129533678756,0.013730569948186534,0.0744818652849741,0.0,0.6666666666666666,0.625,0.09622633858327442,0.2376158364109932,947,365,854,72,0.5796252927400468,0.4203747072599532,0.9583333333333334,192.7820990186189,0.00263976495926183,0.0,-145.0,-338.0,193.0,5,4,0.45077720207253885,0.37305699481865284,0.3888888888888889,0.3055555555555556,0,0.35233160621761656,0.23834196891191708,0.6666666666666666,0.625,0,0.02072538860103627,0.0,0.8888888888888888,0.8055555555555556,0,0.0,0.0,0.9583333333333334,0.9305555555555556,0
niah_mv_v4,23,0.09603960396039604,0.08712871287128714,0.008910891089108905,0.09603960396039604,0.0,0.6428571428571429,0.5,0.1196713866862495,0.23324563746948943,965,370,872,84,0.5642201834862385,0.43577981651376146,0.9523809523809523,202.82053648833596,-0.002710672549042396,0.0,-136.0,-338.0,202.0,6,7,0.5693069306930693,0.4752475247524752,0.3333333333333333,0.2619047619047619,0,0.4158415841584158,0.41089108910891087,0.6428571428571429,0.5,0,0.16831683168316833,0.09900990099009901,0.8095238095238095,0.8214285714285714,0,0.0,0.0,0.9523809523809523,0.9404761904761905,0
niah_mv_v4,24,0.09826732673267327,0.10222772277227724,-0.003960396039603964,0.09826732673267327,0.0,0.6125,0.5125,0.1259903299677366,0.23096561304984226,959,469,866,80,0.5658198614318707,0.4341801385681293,0.9875,202.1267276532784,-0.002285234463096425,0.0,-216.0,-418.0,202.0,6,10,0.504950495049505,0.5247524752475248,0.3625,0.2625,0,0.3465346534653465,0.504950495049505,0.6125,0.5375,0,0.18811881188118812,0.1188118811881188,0.85,0.775,0,0.0,0.0,0.9875,0.925,0
niah_mv_v4,25,0.08824324324324324,0.09364864864864866,-0.00540540540540542,0.08824324324324324,0.0,0.6375,0.525,0.1157330487917505,0.24359835861239426,959,366,866,80,0.523094688221709,0.476905311778291,0.975,182.60434500931592,-0.0010507523956664155,0.0,-141.0,-326.0,185.0,5,7,0.5621621621621622,0.4648648648648649,0.3625,0.2875,0,0.3675675675675676,0.34594594594594597,0.6375,0.5375,0,0.043243243243243246,0.1837837837837838,0.8875,0.75,0,0.0,0.0,0.975,0.9125,0
niah_mv_v4,26,0.1101010101010101,0.10025252525252526,0.009848484848484843,0.1101010101010101,0.0,0.631578947368421,0.618421052631579,0.15205908215807054,0.23427581116077448,953,375,860,76,0.5476744186046512,0.45232558139534884,0.9868421052631579,198.51190615040514,-0.0015325556639325451,0.0,-148.0,-346.0,198.0,7,7,0.6212121212121212,0.5252525252525253,0.3815789473684211,0.2894736842105263,0,0.41414141414141414,0.40404040404040403,0.631578947368421,0.5921052631578947,0,0.23232323232323232,0.1919191919191919,0.8552631578947368,0.8026315789473685,0,0.0,0.0,0.9868421052631579,0.9342105263157895,0
niah_mv_v4,27,0.12398989898989901,0.09065656565656566,0.033333333333333354,0.12398989898989901,0.0,0.6375,0.55,0.1630914541418916,0.24622924700005505,959,315,866,80,0.5554272517321016,0.4445727482678984,0.95,198.90363050161758,0.0005824826030014189,0.0,-150.0,-348.0,198.0,11,6,0.5858585858585859,0.47474747474747475,0.375,0.2875,0,0.42424242424242425,0.3434343434343434,0.6375,0.5375,0,0.1717171717171717,0.18181818181818182,0.825,0.75,0,0.010101010101010102,0.0,0.95,0.9,0
niah_mv_v4,28,0.08172043010752687,0.0989247311827957,-0.017204301075268824,0.08172043010752687,0.0,0.6710526315789473,0.5394736842105263,0.11370337772244095,0.2359448275672466,953,355,860,76,0.5802325581395349,0.4197674418604651,0.9868421052631579,184.8100364312349,0.0022563836778286567,0.0,-144.0,-330.0,186.0,4,11,0.6129032258064516,0.46774193548387094,0.3815789473684211,0.27631578947368424,0,0.42473118279569894,0.3655913978494624,0.6710526315789473,0.5526315789473685,0,0.0,0.12903225806451613,0.9736842105263158,0.7236842105263158,0,0.0,0.010752688172043012,0.9868421052631579,0.9210526315789473,0
niah_mv_v4,29,0.188031914893617,0.2101063829787234,-0.02207446808510638,0.188031914893617,0.0,0.2777777777777778,0.25,0.2536013825522353,0.27247986619056935,335,380,288,72,0.6319444444444444,0.3680555555555556,0.9722222222222222,187.93263685030888,0.00011983914537837526,0.0,-114.0,-302.0,188.0,11,15,0.7819148936170213,0.6808510638297872,0.1527777777777778,0.125,0,0.6436170212765957,0.5585106382978723,0.2916666666666667,0.25,0,0.30851063829787234,0.3191489361702128,0.5138888888888888,0.4444444444444444,0,0.02127659574468085,0.18085106382978725,0.9583333333333334,0.7777777777777778,0
niah_mv_v4,30,0.08152173913043478,0.07228260869565217,0.009239130434782611,0.08152173913043478,0.0,0.7105263157894737,0.5526315789473685,0.09790567281259901,0.23806887704577026,953,409,860,76,0.5662790697674419,0.43372093023255814,1.0,184.04012344494487,-0.0002847748666582042,0.0,-198.0,-382.0,184.0,5,6,0.532608695652174,0.41304347826086957,0.39473684210526316,0.2631578947368421,0,0.30434782608695654,0.31521739130434784,0.7105263157894737,0.5526315789473685,0,0.08695652173913043,0.03260869565217391,0.9078947368421053,0.8421052631578947,0,0.0,0.0,1.0,0.9342105263157895,0
niah_mv_v4,31,0.2543103448275862,0.262192118226601,-0.007881773399014802,0.25480295566502464,-0.0004926108374384564,0.25,0.21052631578947367,0.377712388046002,0.30792977167229035,342,319,294,76,0.7108843537414966,0.2891156462585034,0.9736842105263158,202.84529113368868,-0.002959029244149631,0.0,-151.0,-354.0,203.0,15,16,0.7931034482758621,0.7044334975369458,0.17105263157894737,0.11842105263157894,0,0.6650246305418719,0.5911330049261084,0.25,0.21052631578947367,0,0.4827586206896552,0.4039408866995074,0.4605263157894737,0.39473684210526316,0,0.22660098522167488,0.3054187192118227,0.881578947368421,0.7105263157894737,0
niah_mv_v4,32,0.08293650793650793,0.09007936507936506,-0.007142857142857131,0.08293650793650793,0.0,0.6842105263157895,0.618421052631579,0.11123308072474962,0.25274421964305016,953,272,860,76,0.5848837209302326,0.41511627906976745,0.9736842105263158,188.6880529688224,-0.0004081802320097193,0.0,-131.0,-320.0,189.0,4,8,0.6190476190476191,0.4973544973544973,0.35526315789473684,0.2894736842105263,0,0.2962962962962963,0.31746031746031744,0.6842105263157895,0.5789473684210527,0,0.0,0.10582010582010581,0.9210526315789473,0.7763157894736842,0,0.0,0.0,0.9605263157894737,0.9605263157894737,0
niah_mv_v4,33,0.1088440111420613,0.08934540389972145,0.019498607242339844,0.10327298050139277,0.005571030640668523,0.6125,0.5375,0.13241092841355023,0.24223406909722395,959,251,866,80,0.5288683602771362,0.47113163972286376,0.9875,180.42125431642125,0.0035144464887944013,0.0,-106.5,-286.0,179.5,19,12,0.6239554317548747,0.5013927576601671,0.3625,0.275,0,0.3398328690807799,0.34540389972144847,0.625,0.525,0,0.07799442896935933,0.07799442896935933,0.8875,0.7875,0,0.022284122562674095,0.011142061281337047,0.9875,0.95,0
niah_mv_v4,34,0.08040540540540542,0.08148648648648649,-0.00108108108108107,0.08040540540540542,0.0,0.65,0.5375,0.09836235900582194,0.2368374917805997,959,372,866,80,0.5496535796766744,0.4503464203233256,1.0,183.78195554785967,0.002225451011503703,0.0,-141.0,-326.0,185.0,6,5,0.5891891891891892,0.4486486486486487,0.375,0.3,0,0.2918918918918919,0.32432432432432434,0.6625,0.525,0,0.021621621621621623,0.0972972972972973,0.9125,0.7875,0,0.0,0.0,1.0,0.9125,0
niah_mv_v4,35,0.07849462365591398,0.0739247311827957,0.004569892473118273,0.07849462365591398,0.0,0.65,0.5375,0.09339799790699643,0.2401316072518101,959,366,866,80,0.5415704387990762,0.45842956120092376,0.975,187.09267883084274,0.005535872741639804,0.0,-164.0,-350.0,186.0,5,7,0.5752688172043011,0.44086021505376344,0.3625,0.275,0,0.25806451612903225,0.3548387096774194,0.6625,0.5375,0,0.08602150537634409,0.03225806451612903,0.875,0.7625,0,0.0,0.0,0.975,0.925,0
niah_mv_v4,36,0.10122950819672132,0.07745901639344263,0.023770491803278684,0.10122950819672132,0.0,0.7,0.575,0.13153590650560415,0.23319752431820223,959,345,866,80,0.5427251732101617,0.45727482678983833,0.9875,182.00753308585314,-0.0017139421679499547,0.0,-143.0,-326.0,183.0,8,6,0.5081967213114754,0.41530054644808745,0.3625,0.3,0,0.36065573770491804,0.273224043715847,0.7125,0.5375,0,0.13114754098360656,0.07650273224043716,0.9,0.775,0,0.0,0.0,0.9875,0.9375,0
niah_mv_v4,37,0.09483240223463688,0.10488826815642457,-0.010055865921787699,0.09483240223463688,0.0,0.625,0.5625,0.12054263931217694,0.24444883759144145,959,361,866,80,0.5600461893764435,0.4399538106235566,0.95,180.4740797651396,0.005130265591913258,0.0,-197.0,-376.0,179.0,8,9,0.659217877094972,0.44692737430167595,0.3875,0.2875,0,0.3687150837988827,0.3575418994413408,0.6375,0.55,0,0.0670391061452514,0.16759776536312848,0.875,0.7625,0,0.0,0.0,0.95,0.9125,0
niah_mv_v4,38,0.0797752808988764,0.07556179775280898,0.004213483146067412,0.0797752808988764,0.0,0.7236842105263158,0.5789473684210527,0.10327101696694985,0.23962837321045255,953,348,860,76,0.5581395348837209,0.4418604651162791,0.9736842105263158,177.92959297711593,0.006110182660070131,0.0,-156.0,-334.0,178.0,5,6,0.6123595505617978,0.4157303370786517,0.39473684210526316,0.2894736842105263,0,0.3258426966292135,0.24719101123595505,0.7236842105263158,0.5657894736842105,0,0.033707865168539325,0.1348314606741573,0.9078947368421053,0.7763157894736842,0,0.0,0.0,0.9736842105263158,0.9078947368421053,0
niah_mv_v4,39,0.24304123711340203,0.23273195876288658,0.010309278350515455,0.24304123711340203,0.0,0.2375,0.1875,0.34805318669794494,0.27433140556227803,347,418,300,80,0.68,0.32,0.975,193.13937002570782,-0.004298446731651155,0.0,-160.0,-354.0,194.0,11,15,0.845360824742268,0.7061855670103093,0.15,0.075,0,0.7731958762886598,0.5721649484536082,0.2375,0.1875,0,0.4948453608247423,0.36082474226804123,0.4625,0.375,0,0.17525773195876287,0.17525773195876287,0.8875,0.7625,0
niah_mv_v4,40,0.2653598971722365,0.22088688946015425,0.04447300771208226,0.25919023136246794,0.006169665809768576,0.225,0.2125,0.3845092909415708,0.2652265962639895,347,339,300,80,0.6533333333333333,0.3466666666666667,0.9125,193.4650518168164,0.0004156746257283401,0.0,-117.5,-312.0,194.5,16,14,0.8688946015424165,0.7043701799485861,0.125,0.1,0,0.6889460154241646,0.570694087403599,0.225,0.2125,0,0.37532133676092544,0.3393316195372751,0.4875,0.375,0,0.2570694087403599,0.13367609254498714,0.85,0.7625,0
niah_mv_v4,41,0.2483502538071066,0.20241116751269037,0.04593908629441623,0.24885786802030457,-0.0005076142131979766,0.25,0.2236842105263158,0.3482462907675756,0.2594765274948101,342,409,294,76,0.6802721088435374,0.3197278911564626,0.9605263157894737,197.63149300989107,0.0010125707721974565,0.0,-139.0,-336.0,197.0,18,12,0.868020304568528,0.700507614213198,0.13157894736842105,0.11842105263157894,0,0.7563451776649747,0.5786802030456852,0.25,0.2236842105263158,0,0.4517766497461929,0.36548223350253806,0.47368421052631576,0.4342105263157895,0,0.14213197969543148,0.15228426395939088,0.8947368421052632,0.8421052631578947,0
niah_mv_v4,42,0.1617391304347826,0.16847826086956524,-0.006739130434782636,0.16043478260869565,0.00130434782608696,0.55,0.5125,0.2344116043170093,0.2539582551037681,959,424,866,80,0.5600461893764435,0.4399538106235566,1.0,230.08129675099562,-0.004270297623629521,0.0,-166.0,-396.0,230.0,20,19,0.6739130434782609,0.5043478260869565,0.325,0.275,0,0.4782608695652174,0.4956521739130435,0.5625,0.525,0,0.24347826086956523,0.22608695652173913,0.875,0.775,0,0.05217391304347826,0.10434782608695652,0.9875,0.9125,0
niah_mv_v4,43,0.09719512195121953,0.0798780487804878,0.017317073170731723,0.09719512195121953,0.0,0.6375,0.5125,0.11595437566090427,0.24021326281420857,959,296,866,80,0.5773672055427251,0.4226327944572748,0.9875,203.7775493256425,0.0007061921437398221,0.0,-127.0,-332.0,205.0,10,5,0.5560975609756098,0.424390243902439,0.35,0.2875,0,0.33170731707317075,0.3121951219512195,0.65,0.525,0,0.12682926829268293,0.0975609756097561,0.8875,0.7625,0,0.0,0.0,0.9875,0.95,0
niah_mv_v4,44,0.08299086757990867,0.0934931506849315,-0.010502283105022825,0.08299086757990867,0.0,0.6625,0.525,0.10866858383988831,0.23720982508770386,959,362,866,80,0.5681293302540416,0.43187066974595845,1.0,217.5182145045817,0.0017369922847492764,0.0,-191.0,-410.0,219.0,5,16,0.639269406392694,0.4657534246575342,0.3375,0.2625,0,0.3744292237442922,0.3470319634703196,0.6625,0.55,0,0.0091324200913242,0.182648401826484,0.975,0.825,0,0.0,0.0091324200913242,1.0,0.925,0
niah_mv_v4,45,0.07770270270270271,0.07635135135135136,0.0013513513513513514,0.07770270270270271,0.0,0.6842105263157895,0.5657894736842105,0.103182993167155,0.24175568959528532,953,349,860,76,0.5720930232558139,0.42790697674418604,0.9868421052631579,184.17094048190555,-0.00021413283238211816,0.0,-151.0,-336.0,185.0,4,8,0.4702702702702703,0.3675675675675676,0.39473684210526316,0.3157894736842105,0,0.4,0.33513513513513515,0.6842105263157895,0.5789473684210527,0,0.0,0.06486486486486487,0.9078947368421053,0.7763157894736842,0,0.0,0.0,0.9868421052631579,0.9078947368421053,0
niah_mv_v4,46,0.23711340206185563,0.24896907216494846,-0.011855670103092825,0.23711340206185563,0.0,0.25,0.15,0.32648262053357713,0.2897341179756635,348,412,300,80,0.7233333333333334,0.27666666666666667,0.9875,194.67398239033298,-0.003741234611763265,0.0,-170.0,-364.0,194.0,12,15,0.8092783505154639,0.7268041237113402,0.125,0.0875,0,0.7938144329896907,0.5876288659793815,0.25,0.175,0,0.4742268041237113,0.36082474226804123,0.45,0.4,0,0.030927835051546393,0.21649484536082475,0.9125,0.75,0
niah_mv_v4,47,0.2530788177339901,0.2639162561576355,-0.010837438423645374,0.2530788177339901,0.0,0.23809523809523808,0.20238095238095238,0.372758600519392,0.3162718340529189,353,391,306,84,0.6862745098039216,0.3137254901960784,0.9642857142857143,202.98160334978883,-0.00129826435591794,0.0,-139.0,-342.0,203.0,12,16,0.8325123152709359,0.7142857142857143,0.13095238095238096,0.08333333333333333,0,0.7684729064039408,0.5911330049261084,0.23809523809523808,0.20238095238095238,0,0.46798029556650245,0.4039408866995074,0.5119047619047619,0.39285714285714285,0,0.22660098522167488,0.2561576354679803,0.8809523809523809,0.6904761904761905,0
niah_mv_v4,48,0.10748730964467006,0.0864213197969543,0.021065989847715752,0.10748730964467006,0.0,0.6875,0.55,0.15599095789256984,0.22716355402564697,959,397,866,80,0.6039260969976905,0.3960739030023095,0.95,196.22348508246588,-0.002121328654355418,0.0,-159.0,-356.0,197.0,5,5,0.6142131979695431,0.5076142131979695,0.3875,0.2625,0,0.41624365482233505,0.3756345177664975,0.7,0.575,0,0.20304568527918782,0.09137055837563451,0.85,0.8125,0,0.0,0.0,0.9375,0.9375,0
niah_mv_v4,49,0.08023560209424083,0.07238219895287959,0.007853403141361237,0.08023560209424083,0.0,0.6710526315789473,0.6052631578947368,0.11032685504798485,0.24457117779103799,953,335,860,76,0.5872093023255814,0.4127906976744186,0.9868421052631579,189.83997941029088,0.002167582673661418,0.0,-125.0,-316.0,191.0,5,6,0.643979057591623,0.4973821989528796,0.32894736842105265,0.2894736842105263,0,0.36649214659685864,0.32460732984293195,0.6710526315789473,0.6052631578947368,0,0.010471204188481676,0.041884816753926704,0.9210526315789473,0.8026315789473685,0,0.0,0.0,0.9736842105263158,0.9736842105263158,0
niah_mv_v4,50,0.08082010582010582,0.07261904761904762,0.008201058201058195,0.08082010582010582,0.0,0.6710526315789473,0.5789473684210527,0.09925005174673796,0.2381893918932359,953,428,860,76,0.577906976744186,0.42209302325581394,1.0,188.11227808954385,-0.0021034566585054837,0.0,-155.0,-344.0,189.0,9,6,0.48148148148148145,0.3915343915343915,0.3684210526315789,0.27631578947368424,0,0.3386243386243386,0.31746031746031744,0.6710526315789473,0.5789473684210527,0,0.031746031746031744,0.10582010582010581,0.9078947368421053,0.8026315789473685,0,0.0,0.0,0.9605263157894737,0.9342105263157895,0
niah_mv_v4,51,0.08803191489361702,0.08404255319148937,0.0039893617021276445,0.08803191489361702,0.0,0.575,0.5375,0.10852799579805325,0.23952580281985206,959,362,866,80,0.5554272517321016,0.4445727482678984,0.9875,189.2606609770823,0.003230344888198749,0.0,-132.0,-320.0,188.0,5,9,0.5159574468085106,0.4148936170212766,0.3375,0.275,0,0.3617021276595745,0.2872340425531915,0.5875,0.55,0,0.1276595744680851,0.11702127659574468,0.8,0.7375,0,0.0,0.0,0.9875,0.875,0
niah_mv_v4,52,0.19911167512690353,0.22423857868020303,-0.025126903553299496,0.19911167512690353,0.0,0.2777777777777778,0.20833333333333334,0.2556631566407098,0.2782930317228321,336,404,288,72,0.6944444444444444,0.3055555555555556,0.9861111111111112,198.08224894494884,0.0009732326874764925,0.0,-161.0,-358.0,197.0,11,15,0.7817258883248731,0.6598984771573604,0.1527777777777778,0.09722222222222222,0,0.7360406091370558,0.583756345177665,0.2777777777777778,0.20833333333333334,0,0.36548223350253806,0.39593908629441626,0.5,0.4444444444444444,0,0.02030456852791878,0.1116751269035533,0.9722222222222222,0.8194444444444444,0
niah_mv_v4,53,0.072,0.07849999999999999,-0.006499999999999992,0.072,0.0,0.6625,0.5,0.09447857627182676,0.25110288882800824,960,431,866,80,0.5796766743648961,0.42032332563510394,0.9875,199.2839537619364,-0.0020192694702078785,0.0,-166.0,-366.0,200.0,4,7,0.55,0.41,0.3625,0.2875,0,0.31,0.34,0.6625,0.4625,0,0.0,0.04,0.9375,0.7625,0,0.0,0.0,0.975,0.95,0
niah_mv_v4,54,0.2512254901960784,0.2625,-0.011274509803921584,0.25269607843137254,-0.0014705882352941124,0.225,0.2375,0.36000639996901385,0.30092308459723344,347,389,300,80,0.67,0.33,0.975,204.29790077737601,-0.0018125973494076823,0.0,-140.0,-344.0,204.0,15,17,0.9019607843137255,0.7303921568627451,0.1375,0.1,0,0.7892156862745098,0.6176470588235294,0.225,0.225,0,0.43137254901960786,0.38235294117647056,0.4625,0.4125,0,0.058823529411764705,0.2647058823529412,0.925,0.725,0
niah_mv_v4,55,0.27773631840796026,0.2717661691542289,0.005970149253731349,0.2777363184079602,5.551115123125783e-17,0.25,0.1875,0.41100145023880874,0.3075082162413199,348,370,300,80,0.7033333333333334,0.2966666666666667,0.975,200.14166835221977,0.002685495084128697,0.0,-143.0,-344.0,201.0,20,20,0.736318407960199,0.6268656716417911,0.1375,0.0875,0,0.7164179104477612,0.6019900497512438,0.25,0.175,0,0.46766169154228854,0.4427860696517413,0.475,0.375,0,0.208955223880597,0.21890547263681592,0.8875,0.7375,0
niah_mv_v4,56,0.06207865168539326,0.07331460674157303,-0.011235955056179768,0.06207865168539326,0.0,0.75,0.6111111111111112,0.08403796130986377,0.23684248602277475,947,393,854,72,0.5737704918032787,0.4262295081967213,0.9722222222222222,177.60451636382902,0.001930126275419553,0.0,-176.0,-354.0,178.0,4,6,0.47191011235955055,0.42696629213483145,0.4027777777777778,0.3194444444444444,0,0.23595505617977527,0.3146067415730337,0.75,0.5972222222222222,0,0.0,0.0898876404494382,0.9444444444444444,0.8194444444444444,0,0.0,0.0,0.9583333333333334,0.9305555555555556,0
niah_mv_v4,57,0.0956806282722513,0.09096858638743455,0.004712041884816748,0.0956806282722513,0.0,0.675,0.575,0.12870913561711633,0.24118582564333235,959,413,866,80,0.5173210161662818,0.48267898383371827,0.975,191.9549707875014,-0.0028435204959995288,0.0,-167.0,-358.0,191.0,6,7,0.6073298429319371,0.49214659685863876,0.3875,0.3125,0,0.36649214659685864,0.34554973821989526,0.675,0.575,0,0.09424083769633508,0.09424083769633508,0.825,0.775,0,0.0,0.0,0.975,0.9125,0
niah_mv_v4,58,0.07553191489361702,0.08617021276595745,-0.010638297872340427,0.07553191489361702,0.0,0.6578947368421053,0.5921052631578947,0.10528262703956759,0.24759977975361877,953,355,860,76,0.5546511627906977,0.44534883720930235,1.0,188.3899850446861,0.0005117783012344327,0.0,-160.0,-348.0,188.0,4,7,0.5957446808510638,0.46808510638297873,0.35526315789473684,0.3157894736842105,0,0.3723404255319149,0.40425531914893614,0.6578947368421053,0.5526315789473685,0,0.0,0.11702127659574468,0.9473684210526315,0.7894736842105263,0,0.0,0.0,1.0,0.9473684210526315,0
niah_mv_v4,59,0.08308080808080809,0.09570707070707071,-0.012626262626262624,0.08308080808080809,0.0,0.6710526315789473,0.5131578947368421,0.11266306012624885,0.2567209195995011,953,410,860,76,0.5604651162790698,0.43953488372093025,0.9736842105263158,198.2827073279641,0.0005744278704395851,0.0,-166.0,-364.0,198.0,4,8,0.5959595959595959,0.42424242424242425,0.3157894736842105,0.2894736842105263,0,0.3434343434343434,0.35353535353535354,0.6710526315789473,0.5,0,0.0,0.13131313131313133,0.8947368421052632,0.75,0,0.0,0.0,0.9736842105263158,0.9210526315789473,0
niah_mv_v4,60,0.24095744680851064,0.2226063829787234,0.01835106382978724,0.24042553191489363,0.0005319148936170082,0.25,0.2125,0.34268155588396204,0.2831225587075008,347,312,300,80,0.6933333333333334,0.30666666666666664,0.9875,187.0985347461385,-0.002674061128118185,0.0,-150.0,-338.0,188.0,15,15,0.7712765957446809,0.5957446808510638,0.125,0.1125,0,0.7021276595744681,0.4946808510638298,0.25,0.2125,0,0.44148936170212766,0.3829787234042553,0.4625,0.4,0,0.1276595744680851,0.1595744680851064,0.925,0.75,0
niah_mv_v4,61,0.11208010335917314,0.1001937984496124,0.011886304909560733,0.11208010335917314,0.0,0.618421052631579,0.5789473684210527,0.15212670664111502,0.2508583285530769,953,348,860,76,0.5279069767441861,0.4720930232558139,0.9868421052631579,193.04605529539901,0.0037519696447550904,0.0,-124.5,-318.0,193.5,6,9,0.6770025839793282,0.4754521963824289,0.3684210526315789,0.27631578947368424,0,0.45478036175710596,0.35658914728682173,0.618421052631579,0.5789473684210527,0,0.15503875968992248,0.23772609819121446,0.8421052631578947,0.7236842105263158,0,0.0,0.0,0.9868421052631579,0.8947368421052632,0
niah_mv_v4,62,0.13712121212121206,0.10119047619047619,0.03593073593073587,0.12716450216450217,0.009956709956709886,0.5555555555555556,0.5833333333333334,0.16375025764934495,0.24187667700342472,947,435,854,72,0.5398126463700235,0.4601873536299766,0.9583333333333334,230.0114030950959,0.00041426665810594566,0.0,-173.0,-404.0,231.0,20,14,0.6060606060606061,0.5194805194805194,0.3055555555555556,0.3194444444444444,0,0.3203463203463203,0.36363636363636365,0.5555555555555556,0.5972222222222222,0,0.19047619047619047,0.17316017316017315,0.8333333333333334,0.7916666666666666,0,0.08658008658008658,0.008658008658008658,0.9583333333333334,0.9305555555555556,0
niah_mv_v4,63,0.21368421052631578,0.22157894736842104,-0.00789473684210526,0.21368421052631578,0.0,0.2631578947368421,0.25,0.2899764915154454,0.2943991488348461,341,393,294,76,0.6462585034013606,0.35374149659863946,0.9605263157894737,190.37515233134408,-0.0011064971169478298,0.0,-130.0,-320.0,190.0,11,13,0.7,0.6684210526315789,0.14473684210526316,0.10526315789473684,0,0.6473684210526316,0.49473684210526314,0.2631578947368421,0.25,0,0.3736842105263158,0.34210526315789475,0.4868421052631579,0.40789473684210525,0,0.08421052631578947,0.2631578947368421,0.9342105263157895,0.75,0
niah_mv_v4,64,0.21125730994152042,0.20073099415204676,0.010526315789473661,0.21242690058479533,-0.0011695906432749037,0.2777777777777778,0.2222222222222222,0.28988727124156194,0.2659763117146273,335,354,288,72,0.625,0.375,0.9583333333333334,169.09357113052192,0.0017960090955299263,0.0,-143.0,-314.0,171.0,15,17,0.8070175438596491,0.6842105263157895,0.16666666666666666,0.125,0,0.6491228070175439,0.5029239766081871,0.2777777777777778,0.2222222222222222,0,0.4093567251461988,0.3567251461988304,0.4861111111111111,0.4166666666666667,0,0.04678362573099415,0.08187134502923976,0.9305555555555556,0.7916666666666666,0
niah_mv_v4,65,0.13440594059405944,0.09331683168316833,0.04108910891089111,0.13292079207920796,0.0014851485148514865,0.6,0.5875,0.18208813739902302,0.24921035545328216,959,320,866,80,0.5796766743648961,0.42032332563510394,0.975,200.206175102155,-0.002222235419976596,0.0,-144.0,-346.0,202.0,20,12,0.6237623762376238,0.49504950495049505,0.3375,0.2875,0,0.44554455445544555,0.3465346534653465,0.6125,0.575,0,0.1782178217821782,0.12871287128712872,0.875,0.7875,0,0.039603960396039604,0.019801980198019802,0.975,0.925,0
niah_mv_v4,66,0.08470588235294119,0.06117647058823529,0.023529411764705896,0.08470588235294119,0.0,0.7222222222222222,0.6111111111111112,0.10483004672042266,0.23855563918885053,947,383,854,72,0.5281030444964872,0.4718969555035129,0.9444444444444444,169.68141627447153,-0.005497552875945635,0.0,-162.0,-332.0,170.0,6,5,0.45294117647058824,0.45294117647058824,0.4305555555555556,0.2916666666666667,0,0.3058823529411765,0.21176470588235294,0.7222222222222222,0.6111111111111112,0,0.21176470588235294,0.023529411764705882,0.8472222222222222,0.8055555555555556,0,0.0,0.0,0.9444444444444444,0.9444444444444444,0
niah_mv_v4,67,0.1894808743169399,0.2025956284153006,-0.013114754098360687,0.1894808743169399,0.0,0.27631578947368424,0.23684210526315788,0.2510447997721719,0.2639580741137709,342,367,294,76,0.6666666666666666,0.3333333333333333,0.9868421052631579,182.60878186661546,-0.0031802768200169126,0.0,-147.0,-330.0,183.0,10,14,0.7978142076502732,0.6120218579234973,0.14473684210526316,0.11842105263157894,0,0.5956284153005464,0.546448087431694,0.27631578947368424,0.2236842105263158,0,0.39344262295081966,0.36065573770491804,0.5263157894736842,0.42105263157894735,0,0.0,0.16393442622950818,0.9736842105263158,0.7763157894736842,0
niah_mv_v4,68,0.21365979381443298,0.1948453608247423,0.018814432989690683,0.21365979381443298,0.0,0.25,0.2236842105263158,0.2891610578677905,0.2651045983337122,341,390,294,76,0.6496598639455783,0.35034013605442177,0.9605263157894737,195.69834607310833,0.0026935652697962337,0.0,-124.0,-318.0,194.0,11,14,0.7989690721649485,0.6494845360824743,0.13157894736842105,0.10526315789473684,0,0.7989690721649485,0.4896907216494845,0.25,0.2236842105263158,0,0.39690721649484534,0.34536082474226804,0.5394736842105263,0.40789473684210525,0,0.041237113402061855,0.08247422680412371,0.9473684210526315,0.7631578947368421,0
niah_mv_v4,69,0.0706043956043956,0.0717032967032967,-0.001098901098901095,0.0706043956043956,0.0,0.6842105263157895,0.5394736842105263,0.07912235794915923,0.24022954201868324,953,350,860,76,0.5465116279069767,0.45348837209302323,0.9473684210526315,182.44337766518078,-0.001134821547207331,0.0,-190.0,-372.0,182.0,7,6,0.43956043956043955,0.45054945054945056,0.34210526315789475,0.27631578947368424,0,0.23076923076923078,0.31868131868131866,0.6842105263157895,0.5263157894736842,0,0.054945054945054944,0.054945054945054944,0.881578947368421,0.7763157894736842,0,0.0,0.0,0.9473684210526315,0.9342105263157895,0
niah_mv_v4,70,0.10969945355191257,0.07636612021857925,0.033333333333333326,0.10969945355191257,0.0,0.6375,0.55,0.1395986765574105,0.2322285582416271,959,345,866,80,0.5831408775981525,0.4168591224018476,0.9625,183.18726180777549,-0.0006248868493484743,0.0,-131.0,-314.0,183.0,8,6,0.5355191256830601,0.4808743169398907,0.375,0.275,0,0.3989071038251366,0.28415300546448086,0.6375,0.55,0,0.17486338797814208,0.08743169398907104,0.825,0.7625,0,0.0,0.0,0.95,0.925,0
niah_mv_v4,71,0.10319148936170212,0.07872340425531914,0.024468085106382986,0.10372340425531915,-0.000531914893617022,0.6,0.5625,0.13208616469256676,0.2390753767668227,959,347,866,80,0.5277136258660509,0.4722863741339492,0.95,187.02609969465226,0.0009281160630962935,0.0,-130.0,-318.0,188.0,12,8,0.5478723404255319,0.44680851063829785,0.3625,0.2625,0,0.34574468085106386,0.2978723404255319,0.6,0.55,0,0.22340425531914893,0.05319148936170213,0.8625,0.8125,0,0.010638297872340425,0.0,0.9375,0.925,0
niah_mv_v4,72,0.27015306122448984,0.23010204081632651,0.04005102040816333,0.26913265306122447,0.0010204081632653739,0.225,0.225,0.4047017719553331,0.27594869854754134,347,324,300,80,0.6466666666666666,0.35333333333333333,0.9125,195.16276297195844,-0.001866751288438991,0.0,-150.0,-346.0,196.0,15,18,0.8520408163265306,0.6938775510204082,0.1375,0.1,0,0.6479591836734694,0.5408163265306123,0.225,0.225,0,0.46938775510204084,0.3877551020408163,0.4625,0.3875,0,0.25510204081632654,0.22448979591836735,0.85,0.7625,0
niah_mv_v4,73,0.21789215686274507,0.2321078431372549,-0.014215686274509837,0.21789215686274507,0.0,0.2631578947368421,0.21052631578947367,0.31074277445979126,0.2769519759400235,341,386,294,76,0.6768707482993197,0.3231292517006803,0.9868421052631579,204.24514192006876,0.0001955818001174683,0.0,-140.0,-344.0,204.0,11,16,0.7990196078431373,0.7254901960784313,0.14473684210526316,0.09210526315789473,0,0.7205882352941176,0.5931372549019608,0.2631578947368421,0.2236842105263158,0,0.4117647058823529,0.38235294117647056,0.4868421052631579,0.40789473684210525,0,0.06862745098039216,0.10784313725490197,0.9210526315789473,0.7631578947368421,0
niah_mv_v4,74,0.11998069498069497,0.15357142857142858,-0.03359073359073361,0.11998069498069497,0.0,0.5,0.5526315789473685,0.14598739870170796,0.24533111448052441,953,345,860,76,0.5825581395348837,0.4174418604651163,0.9736842105263158,259.1498173383135,-0.0006926578595788055,0.0,-173.0,-432.0,259.0,10,19,0.5482625482625483,0.5714285714285714,0.3026315789473684,0.27631578947368424,0,0.3783783783783784,0.5096525096525096,0.5,0.5789473684210527,0,0.277992277992278,0.32432432432432434,0.7105263157894737,0.7894736842105263,0,0.0,0.04633204633204633,0.9605263157894737,0.9210526315789473,0
niah_mv_v4,75,0.18329145728643215,0.07826633165829147,0.10502512562814068,0.15062814070351757,0.032663316582914576,0.6578947368421053,0.5789473684210527,0.22404568481838152,0.23698882121797094,953,364,860,76,0.5186046511627908,0.4813953488372093,0.9210526315789473,199.03485213077863,-0.0003405088424339639,0.0,-169.0,-368.0,199.0,18,7,0.6231155778894473,0.4623115577889447,0.3815789473684211,0.2894736842105263,0,0.37185929648241206,0.36180904522613067,0.6578947368421053,0.5657894736842105,0,0.20100502512562815,0.05025125628140704,0.881578947368421,0.8421052631578947,0,0.1507537688442211,0.0,0.9210526315789473,0.9342105263157895,0
niah_mv_v4,76,0.09802798982188296,0.09090330788804071,0.007124681933842247,0.09802798982188296,0.0,0.6625,0.55,0.12523070421255908,0.25340380389326544,959,355,866,80,0.5623556581986143,0.4376443418013857,1.0,196.97068262532326,0.0038093491844883773,0.0,-109.5,-306.0,196.5,7,9,0.6157760814249363,0.48854961832061067,0.375,0.275,0,0.37659033078880405,0.366412213740458,0.675,0.5375,0,0.1628498727735369,0.08142493638676845,0.825,0.7875,0,0.0,0.0,0.9875,0.875,0
niah_mv_v4,77,0.20012437810945274,0.21679104477611943,-0.01666666666666669,0.20012437810945274,0.0,0.2361111111111111,0.2361111111111111,0.26085350489733306,0.27337700524982755,336,373,288,72,0.6909722222222222,0.3090277777777778,1.0,199.6080894212068,-0.002031337531935845,0.0,-125.0,-326.0,201.0,12,19,0.7960199004975125,0.6666666666666666,0.1527777777777778,0.09722222222222222,0,0.6467661691542289,0.582089552238806,0.25,0.2222222222222222,0,0.43283582089552236,0.373134328358209,0.4861111111111111,0.4166666666666667,0,0.029850746268656716,0.11940298507462686,0.9583333333333334,0.7638888888888888,0
niah_mv_v4,78,0.1548941798941799,0.09193121693121693,0.06296296296296296,0.15595238095238093,-0.001058201058201036,0.6447368421052632,0.5394736842105263,0.23849812498724102,0.24105759880424,953,406,860,76,0.5546511627906977,0.44534883720930235,0.9078947368421053,189.27581031997596,0.0012648930992310676,0.0,-135.0,-324.0,189.0,12,8,0.544973544973545,0.6031746031746031,0.3684210526315789,0.23684210526315788,0,0.4074074074074074,0.36507936507936506,0.6447368421052632,0.5394736842105263,0,0.3915343915343915,0.10582010582010581,0.8157894736842105,0.7631578947368421,0,0.010582010582010581,0.0,0.9078947368421053,0.9210526315789473,0
niah_mv_v4,79,0.07693370165745857,0.07803867403314917,-0.0011049723756905994,0.07693370165745857,0.0,0.6875,0.55,0.09911473147981245,0.23494716798441137,959,315,866,80,0.5519630484988453,0.44803695150115475,1.0,182.02206847784186,-0.005257715356788841,0.0,-143.0,-324.0,181.0,4,6,0.6519337016574586,0.4972375690607735,0.35,0.2625,0,0.23204419889502761,0.30939226519337015,0.7,0.55,0,0.0,0.11049723756906077,0.9125,0.7375,0,0.0,0.0,1.0,0.95,0
niah_mv_v4,80,0.23203125,0.24062499999999995,-0.008593749999999956,0.23203125,0.0,0.2631578947368421,0.18421052631578946,0.3274206306688696,0.2782529549023251,342,389,294,76,0.6836734693877551,0.3163265306122449,0.9736842105263158,192.29727041762754,0.0038221916060386116,0.0,-146.0,-338.0,192.0,11,17,0.8125,0.6822916666666666,0.15789473684210525,0.10526315789473684,0,0.7239583333333334,0.5885416666666666,0.2631578947368421,0.18421052631578946,0,0.484375,0.4270833333333333,0.47368421052631576,0.35526315789473684,0,0.020833333333333332,0.15625,0.881578947368421,0.7763157894736842,0
niah_mv_v4,81,0.19370026525198938,0.18096816976127322,0.012732095490716161,0.19370026525198938,0.0,0.2638888888888889,0.2638888888888889,0.25961428098952943,0.26607331945831,336,364,288,72,0.6284722222222222,0.3715277777777778,1.0,190.1809409744174,0.005584933256764141,0.0,-117.5,-306.0,188.5,9,13,0.8169761273209549,0.6525198938992043,0.1527777777777778,0.1111111111111111,0,0.726790450928382,0.5358090185676393,0.2638888888888889,0.25,0,0.3819628647214854,0.3076923076923077,0.5277777777777778,0.4583333333333333,0,0.0,0.08488063660477453,0.9444444444444444,0.7777777777777778,0
niah_mv_v4,82,0.12010869565217393,0.10652173913043479,0.013586956521739135,0.12010869565217393,0.0,0.6447368421052632,0.5789473684210527,0.162319203582236,0.23932370129038208,953,333,860,76,0.5302325581395348,0.4697674418604651,0.9473684210526315,183.0935428123907,0.0005433000998447329,0.0,-142.0,-326.0,184.0,8,12,0.5869565217391305,0.42391304347826086,0.42105263157894735,0.3026315789473684,0,0.44565217391304346,0.29347826086956524,0.6447368421052632,0.5789473684210527,0,0.1956521739130435,0.14130434782608695,0.868421052631579,0.7236842105263158,0,0.0,0.06521739130434782,0.9473684210526315,0.868421052631579,0
niah_mv_v4,83,0.0760752688172043,0.07016129032258064,0.005913978494623662,0.0760752688172043,0.0,0.675,0.5375,0.09948502253762614,0.24600892483296716,959,389,866,80,0.5623556581986143,0.4376443418013857,0.9875,187.76828208690176,0.003674949487070327,0.0,-182.0,-368.0,186.0,4,6,0.5698924731182796,0.3870967741935484,0.3375,0.2625,0,0.3118279569892473,0.3225806451612903,0.675,0.5375,0,0.0,0.043010752688172046,0.925,0.7625,0,0.0,0.0,0.975,0.9375,0
niah_mv_v4,84,0.2173444976076555,0.19677033492822962,0.020574162679425884,0.2345693779904306,-0.017224880382775087,0.631578947368421,0.5657894736842105,0.3740671927528078,0.263790087398888,953,381,860,76,0.6139534883720931,0.386046511627907,0.9473684210526315,209.63962249389994,0.0016373790139365585,0.0,-193.0,-402.0,209.0,17,20,0.6220095693779905,0.5454545454545454,0.34210526315789475,0.2894736842105263,0,0.507177033492823,0.3827751196172249,0.631578947368421,0.5789473684210527,0,0.41148325358851673,0.2966507177033493,0.7894736842105263,0.7894736842105263,0,0.18181818181818182,0.12440191387559808,0.9342105263157895,0.9473684210526315,0
niah_mv_v4,85,0.29042288557213924,0.25012437810945276,0.040298507462686484,0.283955223880597,0.006467661691542226,0.26136363636363635,0.18181818181818182,0.43257318191545224,0.27407398175235737,359,384,312,88,0.6794871794871795,0.32051282051282054,0.9090909090909091,203.64274879780703,0.0035547758074678548,0.0,-141.0,-342.0,201.0,19,17,0.8557213930348259,0.7164179104477612,0.125,0.10227272727272728,0,0.6716417910447762,0.6169154228855721,0.26136363636363635,0.18181818181818182,0,0.42786069651741293,0.3880597014925373,0.5113636363636364,0.38636363636363635,0,0.31840796019900497,0.1890547263681592,0.8181818181818182,0.75,0
niah_mv_v4,86,0.0677027027027027,0.0958108108108108,-0.0281081081081081,0.0677027027027027,0.0,0.7222222222222222,0.6111111111111112,0.09586820728673047,0.24932014655070617,947,393,854,72,0.5608899297423887,0.43911007025761123,0.9861111111111112,185.75802859870925,0.001928559889798737,0.0,-155.0,-340.0,185.0,3,9,0.6702702702702703,0.5081081081081081,0.4027777777777778,0.3055555555555556,0,0.1837837837837838,0.3891891891891892,0.7222222222222222,0.5833333333333334,0,0.0,0.15135135135135136,0.9444444444444444,0.8194444444444444,0,0.0,0.0,0.9861111111111112,0.9444444444444444,0
niah_mv_v4,87,0.11161202185792349,0.10860655737704919,0.003005464480874298,0.10997267759562841,0.0016393442622950755,0.6375,0.525,0.13928743486347997,0.243601980601483,959,288,866,80,0.5554272517321016,0.4445727482678984,0.9875,181.97677760844653,-0.0019919263751384184,0.0,-119.0,-302.0,183.0,17,13,0.6612021857923497,0.45901639344262296,0.3875,0.275,0,0.32786885245901637,0.3770491803278688,0.6375,0.5125,0,0.15300546448087432,0.19672131147540983,0.85,0.75,0,0.01092896174863388,0.01092896174863388,0.9875,0.9375,0
niah_mv_v4,88,0.22261904761904763,0.2361111111111111,-0.013492063492063472,0.22261904761904763,0.0,0.2261904761904762,0.19047619047619047,0.29882885082529925,0.2902199428088742,354,385,306,84,0.6699346405228758,0.3300653594771242,0.9761904761904762,189.50707182062303,-0.0026914721483273997,0.0,-125.0,-314.0,189.0,12,16,0.7671957671957672,0.6296296296296297,0.15476190476190477,0.09523809523809523,0,0.5767195767195767,0.5026455026455027,0.23809523809523808,0.20238095238095238,0,0.48148148148148145,0.35978835978835977,0.4642857142857143,0.40476190476190477,0,0.07407407407407407,0.2751322751322751,0.9047619047619048,0.7023809523809523,0
niah_mv_v4,89,0.19027093596059114,0.2082512315270936,-0.017980295566502463,0.19027093596059114,0.0,0.2777777777777778,0.19444444444444445,0.2388776529598787,0.2832480862846232,336,311,288,72,0.7395833333333334,0.2604166666666667,1.0,202.6617254828986,0.0015322630070195467,0.0,-125.0,-328.0,203.0,10,16,0.7438423645320197,0.6403940886699507,0.1527777777777778,0.125,0,0.6354679802955665,0.5172413793103449,0.2777777777777778,0.2222222222222222,0,0.35467980295566504,0.33497536945812806,0.5138888888888888,0.4027777777777778,0,0.0,0.11822660098522167,0.9861111111111112,0.7361111111111112,0
niah_mv_v4,90,0.07994505494505495,0.07609890109890112,0.0038461538461538325,0.07994505494505495,0.0,0.6447368421052632,0.5789473684210527,0.10328848986849795,0.2382909898376453,953,310,860,76,0.5395348837209303,0.4604651162790698,1.0,182.47170329325752,0.002402518404555297,0.0,-106.0,-288.0,182.0,5,5,0.6153846153846154,0.47802197802197804,0.3684210526315789,0.2894736842105263,0,0.32967032967032966,0.35714285714285715,0.6447368421052632,0.5394736842105263,0,0.01098901098901099,0.06593406593406594,0.881578947368421,0.8157894736842105,0,0.0,0.0,1.0,0.9210526315789473,0
niah_mv_v4,91,0.1058080808080808,0.08762626262626264,0.01818181818181816,0.1058080808080808,0.0,0.6785714285714286,0.4880952380952381,0.14654780812594842,0.23827142466969303,965,501,872,84,0.5802752293577982,0.4197247706422018,0.9880952380952381,196.7171704316778,-0.0008871770734311007,0.0,-246.0,-444.0,198.0,6,6,0.6666666666666666,0.5050505050505051,0.36904761904761907,0.25,0,0.4444444444444444,0.3939393939393939,0.6785714285714286,0.5119047619047619,0,0.16161616161616163,0.13131313131313133,0.8809523809523809,0.7976190476190477,0,0.0,0.0,0.9761904761904762,0.9166666666666666,0
niah_mv_v4,92,0.07880116959064325,0.0793859649122807,-0.0005847953216374518,0.07880116959064325,0.0,0.6842105263157895,0.5394736842105263,0.1014680500693079,0.24783806434005876,953,401,860,76,0.5453488372093023,0.45465116279069767,0.9736842105263158,170.61199981532582,-0.0012662165163817957,0.0,-171.0,-342.0,171.0,6,7,0.47953216374269003,0.39766081871345027,0.3684210526315789,0.25,0,0.30409356725146197,0.3391812865497076,0.6842105263157895,0.5263157894736842,0,0.011695906432748537,0.10526315789473684,0.881578947368421,0.7105263157894737,0,0.0,0.0,0.9605263157894737,0.8947368421052632,0
niah_mv_v4,93,0.11395027624309392,0.09185082872928177,0.022099447513812154,0.11395027624309392,0.0,0.6125,0.525,0.1476454983525589,0.24125646266325657,959,396,866,80,0.5842956120092379,0.41570438799076215,0.95,180.69452093004668,0.0014002823369203428,0.0,-205.0,-386.0,181.0,10,7,0.4861878453038674,0.39779005524861877,0.3875,0.275,0,0.36464088397790057,0.30939226519337015,0.6125,0.5375,0,0.2541436464088398,0.17679558011049723,0.8375,0.775,0,0.0,0.0,0.9375,0.9125,0
niah_mv_v4,94,0.07055555555555555,0.09583333333333333,-0.025277777777777774,0.07055555555555555,0.0,0.6842105263157895,0.5526315789473685,0.09785895897181496,0.23883548984834913,953,355,860,76,0.5744186046511628,0.4255813953488372,1.0,180.17316164779976,0.005256301167214236,0.0,-164.0,-344.0,180.0,4,7,0.5555555555555556,0.5277777777777778,0.39473684210526316,0.2631578947368421,0,0.3333333333333333,0.36666666666666664,0.6842105263157895,0.5394736842105263,0,0.0,0.16666666666666666,0.9605263157894737,0.7631578947368421,0,0.0,0.0,1.0,0.9473684210526315,0
niah_mv_v4,95,0.07445652173913042,0.09375,-0.01929347826086958,0.07445652173913042,0.0,0.618421052631579,0.5394736842105263,0.09984862662939076,0.24542783078203634,953,415,860,76,0.5034883720930232,0.4965116279069767,0.9868421052631579,183.26743312370826,0.0006800314698853002,0.0,-156.0,-340.0,184.0,4,7,0.5652173913043478,0.5054347826086957,0.40789473684210525,0.27631578947368424,0,0.3804347826086957,0.32608695652173914,0.618421052631579,0.5394736842105263,0,0.0,0.10869565217391304,0.9342105263157895,0.7368421052631579,0,0.0,0.0,0.9868421052631579,0.9210526315789473,0
niah_mv_v4,96,0.0761173184357542,0.0680167597765363,0.008100558659217896,0.0761173184357542,0.0,0.6447368421052632,0.5657894736842105,0.09330936140155521,0.25067412205449613,953,386,860,76,0.5093023255813953,0.4906976744186046,1.0,180.10533807012808,0.001050087940434738,0.0,-127.0,-306.0,179.0,5,6,0.4692737430167598,0.43575418994413406,0.3684210526315789,0.2894736842105263,0,0.31843575418994413,0.2346368715083799,0.6447368421052632,0.5657894736842105,0,0.0111731843575419,0.0223463687150838,0.881578947368421,0.8421052631578947,0,0.0,0.0,1.0,0.9473684210526315,0
niah_mv_v4,97,0.13457446808510637,0.10425531914893618,0.030319148936170187,0.13457446808510637,0.0,0.631578947368421,0.5526315789473685,0.184674425411872,0.24652340226752711,953,287,860,76,0.5848837209302326,0.41511627906976745,0.9736842105263158,187.50245363683894,-0.0028481398428754413,0.0,-148.0,-336.0,188.0,9,8,0.648936170212766,0.5,0.3684210526315789,0.27631578947368424,0,0.43617021276595747,0.40425531914893614,0.631578947368421,0.5526315789473685,0,0.22340425531914893,0.20212765957446807,0.881578947368421,0.8026315789473685,0,0.0,0.0,0.9736842105263158,0.8947368421052632,0
niah_mv_v4,98,0.07309782608695652,0.06684782608695652,0.006249999999999992,0.07309782608695652,0.0,0.6842105263157895,0.5394736842105263,0.09338034354537406,0.24347909837481224,953,362,860,76,0.5290697674418605,0.47093023255813954,0.9868421052631579,184.2029690098902,0.004597671453041305,0.0,-156.0,-340.0,184.0,4,7,0.5163043478260869,0.42391304347826086,0.35526315789473684,0.2894736842105263,0,0.32608695652173914,0.2826086956521739,0.6842105263157895,0.5394736842105263,0,0.0,0.043478260869565216,0.9342105263157895,0.7368421052631579,0,0.0,0.0,0.9868421052631579,0.9078947368421053,0
niah_mv_v4,99,0.20280612244897958,0.2313775510204082,-0.02857142857142861,0.20280612244897958,0.0,0.25,0.21052631578947367,0.26732109661196546,0.28246068458728824,342,369,294,76,0.6632653061224489,0.336734693877551,1.0,196.74522127215243,0.000862381939185614,0.0,-118.0,-314.0,196.0,10,16,0.7704081632653061,0.6581632653061225,0.13157894736842105,0.09210526315789473,0,0.7346938775510204,0.5204081632653061,0.25,0.19736842105263158,0,0.39285714285714285,0.35714285714285715,0.5131578947368421,0.39473684210526316,0,0.0,0.23469387755102042,0.9473684210526315,0.7236842105263158,0
niah_mv_v8,0,0.2916044776119403,0.2755597014925374,0.016044776119402915,0.2897388059701493,0.0018656716417910224,0.13690476190476192,0.1130952380952381,0.4161640509057493,0.3181255533663664,384,649,333,168,0.7927927927927928,0.2072072072072072,0.875,270.5524306725688,0.004028770827999382,0.0,-150.0,-418.0,268.0,20,20,0.8283582089552238,0.7873134328358209,0.05952380952380952,0.041666666666666664,0,0.7126865671641791,0.6044776119402985,0.13690476190476192,0.11904761904761904,0,0.5298507462686567,0.4552238805970149,0.27976190476190477,0.23809523809523808,0,0.19402985074626866,0.19402985074626866,0.6011904761904762,0.5476190476190477,0
niah_mv_v8,1,0.281021897810219,0.2755474452554745,0.005474452554744547,0.281021897810219,0.0,0.13095238095238096,0.11904761904761904,0.397518502468784,0.3194843060670377,385,693,333,168,0.7717717717717718,0.22822822822822822,0.9404761904761905,273.8307462179669,0.002024829450131212,0.0,-142.0,-416.0,274.0,15,20,0.8138686131386861,0.7481751824817519,0.047619047619047616,0.05952380952380952,0,0.7116788321167883,0.6058394160583942,0.13095238095238096,0.13690476190476192,0,0.5328467153284672,0.43795620437956206,0.24404761904761904,0.25,0,0.24087591240875914,0.23357664233576642,0.6071428571428571,0.5476190476190477,0
niah_mv_v8,2,0.14705323193916348,0.14249049429657795,0.004562737642585524,0.15389733840304182,-0.006844106463878341,0.4097222222222222,0.3819444444444444,0.22711061846778807,0.2555270955320863,965,707,869,144,0.5661680092059839,0.43383199079401613,0.8819444444444444,263.8994677533355,0.001560961453088449,0.0,-203.0,-466.0,263.0,16,13,0.623574144486692,0.532319391634981,0.2222222222222222,0.19444444444444445,0,0.33460076045627374,0.3041825095057034,0.4166666666666667,0.375,0,0.22053231939163498,0.22813688212927757,0.6805555555555556,0.5486111111111112,0,0.09125475285171103,0.053231939163498096,0.8541666666666666,0.8541666666666666,0
niah_mv_v8,3,0.1604581673306773,0.14970119521912353,0.01075697211155377,0.1604581673306773,0.0,0.3618421052631579,0.34868421052631576,0.23089109739304492,0.25073109829500634,975,565,879,152,0.552901023890785,0.447098976109215,0.9013157894736842,250.54117107047432,0.0008209139978067939,0.0,-151.0,-402.0,251.0,13,15,0.5816733067729084,0.5099601593625498,0.19736842105263158,0.19736842105263158,0,0.3904382470119522,0.3426294820717131,0.3618421052631579,0.34868421052631576,0,0.2868525896414343,0.26294820717131473,0.618421052631579,0.5592105263157895,0,0.055776892430278883,0.0796812749003984,0.8947368421052632,0.881578947368421,0
niah_mv_v8,4,0.13373015873015873,0.1706349206349206,-0.036904761904761885,0.13373015873015873,0.0,0.40131578947368424,0.34868421052631576,0.1848562552969219,0.24590280132771158,975,680,879,152,0.571103526734926,0.42889647326507396,0.9605263157894737,252.7461942418063,0.00044982038547262547,0.0,-182.0,-434.0,252.0,11,18,0.6031746031746031,0.5158730158730159,0.19736842105263158,0.19078947368421054,0,0.31746031746031744,0.29365079365079366,0.40131578947368424,0.35526315789473684,0,0.2619047619047619,0.2698412698412698,0.6973684210526315,0.5592105263157895,0,0.023809523809523808,0.11904761904761904,0.9342105263157895,0.8355263157894737,0
niah_mv_v8,5,0.33351851851851855,0.28796296296296303,0.045555555555555516,0.3461111111111111,-0.012592592592592544,0.13690476190476192,0.14285714285714285,0.536855470814318,0.3615271120721866,385,613,333,168,0.7447447447447447,0.2552552552552553,0.875,270.11108809682503,0.002230159473074541,0.0,-160.0,-430.0,270.0,20,20,0.8629629629629629,0.6962962962962963,0.05952380952380952,0.07142857142857142,0,0.7222222222222222,0.6,0.13690476190476192,0.14285714285714285,0,0.5407407407407407,0.3851851851851852,0.2976190476190476,0.2857142857142857,0,0.3037037037037037,0.2814814814814815,0.6369047619047619,0.5595238095238095,0
niah_mv_v8,6,0.28375370919881304,0.3184718100890208,-0.03471810089020777,0.2920623145400593,-0.008308605341246278,0.10227272727272728,0.13068181818181818,0.4283208977589036,0.3750690851425923,396,683,343,176,0.7755102040816326,0.22448979591836735,0.875,336.7487790300424,0.0005038968622072855,0.0,-169.0,-506.0,337.0,20,20,0.7418397626112759,0.7359050445103857,0.05113636363636364,0.0625,0,0.6528189910979229,0.6528189910979229,0.10795454545454546,0.125,0,0.4094955489614243,0.49258160237388726,0.25,0.2727272727272727,0,0.2551928783382789,0.27299703264094954,0.5738636363636364,0.5568181818181818,0
niah_mv_v8,7,0.15899209486166008,0.13290513833992096,0.02608695652173912,0.15859683794466403,0.00039525691699604515,0.3618421052631579,0.34868421052631576,0.22567603789414217,0.24677019311092746,975,584,879,152,0.5802047781569966,0.4197952218430034,0.9276315789473685,253.00356454762152,0.0025470966094885907,0.0,-165.0,-418.0,253.0,14,12,0.6086956521739131,0.45849802371541504,0.19078947368421054,0.19736842105263158,0,0.4031620553359684,0.30039525691699603,0.3618421052631579,0.3618421052631579,0,0.22924901185770752,0.2450592885375494,0.5921052631578947,0.5526315789473685,0,0.07114624505928854,0.05533596837944664,0.9078947368421053,0.868421052631579,0
niah_mv_v8,8,0.2716192170818505,0.2869217081850534,-0.01530249110320292,0.2716192170818505,0.0,0.13125,0.11875,0.3851827349162541,0.3702627221898919,377,678,323,160,0.7801857585139319,0.21981424148606812,0.9625,281.00538800250234,0.0007202929802377014,0.0,-193.0,-474.0,281.0,16,20,0.7473309608540926,0.6619217081850534,0.0625,0.075,0,0.6476868327402135,0.5551601423487544,0.1375,0.13125,0,0.505338078291815,0.42704626334519574,0.31875,0.28125,0,0.2704626334519573,0.26334519572953735,0.70625,0.54375,0
niah_mv_v8,9,0.2900837988826816,0.30991620111731844,-0.019832402234636837,0.3051675977653631,-0.01508379888268152,0.09210526315789473,0.13157894736842105,0.4442404110696832,0.36299114859481985,366,783,313,152,0.7603833865814696,0.23961661341853036,0.875,356.9386166607253,-0.0011853668525910544,0.0,-258.0,-616.0,358.0,19,20,0.8212290502793296,0.7541899441340782,0.046052631578947366,0.06578947368421052,0,0.6927374301675978,0.7094972067039106,0.09210526315789473,0.13815789473684212,0,0.45251396648044695,0.4692737430167598,0.2565789473684211,0.28289473684210525,0,0.2122905027932961,0.24581005586592178,0.5921052631578947,0.5592105263157895,0
niah_mv_v8,10,0.27584269662921346,0.3317415730337079,-0.055898876404494424,0.2887640449438202,-0.012921348314606729,0.09868421052631579,0.13157894736842105,0.4182838943621519,0.3912718673937924,366,693,313,152,0.744408945686901,0.25559105431309903,0.8223684210526315,356.2475198068303,-0.0008352822703878428,0.0,-188.0,-544.0,356.0,18,20,0.7191011235955056,0.7471910112359551,0.046052631578947366,0.046052631578947366,0,0.5955056179775281,0.7134831460674157,0.09868421052631579,0.13157894736842105,0,0.46629213483146065,0.5,0.2565789473684211,0.28289473684210525,0,0.2247191011235955,0.29775280898876405,0.618421052631579,0.5723684210526315,0
niah_mv_v8,11,0.24835329341317364,0.3333832335329342,-0.08502994011976056,0.2489520958083832,-0.0005988023952095689,0.1118421052631579,0.13157894736842105,0.3415908744472201,0.39276987723015633,366,672,313,152,0.7156549520766773,0.28434504792332266,0.8552631578947368,335.34225898368345,0.0021774569007644486,0.0,-170.0,-504.0,334.0,19,20,0.7544910179640718,0.7964071856287425,0.046052631578947366,0.05921052631578947,0,0.6646706586826348,0.7005988023952096,0.1118421052631579,0.13815789473684212,0,0.437125748502994,0.48502994011976047,0.2565789473684211,0.27631578947368424,0,0.19760479041916168,0.2934131736526946,0.6447368421052632,0.5657894736842105,0
niah_mv_v8,12,0.12289272030651341,0.13917624521072797,-0.016283524904214558,0.12289272030651341,0.0,0.3684210526315789,0.375,0.1562713935277054,0.25236439714626824,975,653,879,152,0.558589306029579,0.44141069397042093,0.9671052631578947,262.34334478689874,0.0024453405925396283,0.0,-151.0,-412.0,261.0,10,13,0.6704980842911877,0.5363984674329502,0.18421052631578946,0.19736842105263158,0,0.367816091954023,0.27586206896551724,0.3684210526315789,0.35526315789473684,0,0.20689655172413793,0.2222222222222222,0.6447368421052632,0.5131578947368421,0,0.0,0.07662835249042145,0.9407894736842105,0.8157894736842105,0
niah_mv_v8,13,0.2836153846153846,0.33053846153846156,-0.046923076923076956,0.2913076923076924,-0.007692307692307776,0.10526315789473684,0.13815789473684212,0.4293145302632343,0.3944940692838574,366,539,313,152,0.7156549520766773,0.28434504792332266,0.8421052631578947,324.87833131219287,0.0026596260936737636,0.0,-123.0,-448.0,325.0,20,20,0.7107692307692308,0.7630769230769231,0.05263157894736842,0.06578947368421052,0,0.6584615384615384,0.676923076923077,0.10526315789473684,0.14473684210526316,0,0.49846153846153846,0.5415384615384615,0.24342105263157895,0.27631578947368424,0,0.20307692307692307,0.30153846153846153,0.5921052631578947,0.5328947368421053,0
niah_mv_v8,14,0.22308306709265174,0.161741214057508,0.06134185303514375,0.1866613418530351,0.03642172523961665,0.3333333333333333,0.3888888888888889,0.27370795036553514,0.2533159017234047,965,655,869,144,0.5546605293440736,0.44533947065592633,0.8472222222222222,312.9865197695814,0.00452557813558081,0.0,-197.0,-510.0,313.0,20,18,0.5750798722044729,0.6325878594249201,0.14583333333333334,0.19444444444444445,0,0.36421725239616615,0.4281150159744409,0.3402777777777778,0.3819444444444444,0,0.2939297124600639,0.30670926517571884,0.5763888888888888,0.5833333333333334,0,0.17891373801916932,0.051118210862619806,0.8055555555555556,0.875,0
niah_mv_v8,15,0.26882022471910105,0.35646067415730337,-0.08764044943820232,0.275,-0.006179775280898969,0.0875,0.13125,0.38223808807789644,0.43456572214603995,376,784,323,160,0.7894736842105263,0.21052631578947367,0.84375,356.34960888781796,-0.0009772761904282808,0.0,-184.0,-540.0,356.0,20,20,0.7134831460674157,0.7921348314606742,0.05625,0.05625,0,0.5898876404494382,0.6853932584269663,0.0875,0.14375,0,0.47752808988764045,0.5393258426966292,0.2375,0.28125,0,0.19662921348314608,0.33146067415730335,0.58125,0.55,0
niah_mv_v8,16,0.2628048780487805,0.33902439024390246,-0.07621951219512196,0.2628048780487805,0.0,0.09722222222222222,0.1527777777777778,0.37770860064579936,0.3946933498631789,354,521,303,144,0.7062706270627063,0.29372937293729373,0.8263888888888888,327.98240196237276,0.00038464157957673043,0.0,-114.0,-442.0,328.0,19,20,0.7073170731707317,0.8140243902439024,0.04861111111111111,0.0625,0,0.6158536585365854,0.6859756097560976,0.10416666666666667,0.1597222222222222,0,0.4329268292682927,0.5182926829268293,0.2569444444444444,0.2986111111111111,0,0.1951219512195122,0.3170731707317073,0.5833333333333334,0.5972222222222222,0
niah_mv_v8,17,0.2626306620209059,0.26925087108013934,-0.0066202090592334395,0.26402439024390245,-0.0013937282229965486,0.13157894736842105,0.13815789473684212,0.37251037818128985,0.33301549826281807,367,674,313,152,0.7859424920127795,0.21405750798722045,0.9210526315789473,286.21688135868783,-0.0006975693507426099,0.0,-163.0,-450.0,287.0,17,18,0.8501742160278746,0.759581881533101,0.06578947368421052,0.06578947368421052,0,0.7177700348432056,0.627177700348432,0.13157894736842105,0.13815789473684212,0,0.43205574912891986,0.4181184668989547,0.29605263157894735,0.28289473684210525,0,0.2229965156794425,0.21602787456445993,0.6776315789473685,0.5657894736842105,0
niah_mv_v8,18,0.2847701149425287,0.34310344827586203,-0.05833333333333335,0.2867816091954023,-0.0020114942528736135,0.1118421052631579,0.14473684210526316,0.4156033039525635,0.408019701163805,366,636,313,152,0.7380191693290735,0.26198083067092653,0.8552631578947368,346.5841995599111,0.0013197748304100488,0.0,-138.0,-486.0,348.0,18,20,0.7614942528735632,0.7873563218390804,0.05263157894736842,0.08552631578947369,0,0.6810344827586207,0.6954022988505747,0.1118421052631579,0.13815789473684212,0,0.5057471264367817,0.5,0.23684210526315788,0.29605263157894735,0,0.20689655172413793,0.28735632183908044,0.618421052631579,0.5592105263157895,0
niah_mv_v8,19,0.29173076923076924,0.27634615384615385,0.015384615384615385,0.2975,-0.005769230769230749,0.14473684210526316,0.14473684210526316,0.4397527244051839,0.33654094960834874,366,426,313,152,0.7507987220447284,0.24920127795527156,0.9144736842105263,258.70189848089717,-0.0017126518739887491,0.0,-108.0,-368.0,260.0,18,19,0.8384615384615385,0.7384615384615385,0.07236842105263158,0.07236842105263158,0,0.7307692307692307,0.65,0.14473684210526316,0.14473684210526316,0,0.5769230769230769,0.3923076923076923,0.26973684210526316,0.29605263157894735,0,0.23846153846153847,0.24615384615384617,0.6578947368421053,0.5592105263157895,0
niah_mv_v8,20,0.3015886287625419,0.30928093645484955,-0.007692307692307665,0.31764214046822753,-0.01605351170568564,0.125,0.125,0.4785544504754193,0.36577270519230265,377,698,323,160,0.7492260061919505,0.25077399380804954,0.86875,298.13546887992743,0.0011807552230803935,0.0,-175.0,-474.0,299.0,18,20,0.802675585284281,0.7759197324414716,0.05,0.0625,0,0.7290969899665551,0.6555183946488294,0.13125,0.1375,0,0.5284280936454849,0.46153846153846156,0.29375,0.275,0,0.24749163879598662,0.28762541806020064,0.6375,0.5,0
niah_mv_v8,21,0.33704013377926423,0.3450668896321071,-0.008026755852842848,0.3551003344481606,-0.018060200668896353,0.125,0.13815789473684212,0.5310732098761931,0.4218278847267106,365,694,313,152,0.7795527156549521,0.22044728434504793,0.875,300.6660525160431,0.003782707962821219,0.0,-151.0,-450.0,299.0,18,20,0.8963210702341137,0.8060200668896321,0.06578947368421052,0.05921052631578947,0,0.8160535117056856,0.6655518394648829,0.125,0.14473684210526316,0,0.5484949832775919,0.4882943143812709,0.26973684210526316,0.28289473684210525,0,0.26755852842809363,0.31438127090301005,0.618421052631579,0.5855263157894737,0
niah_mv_v8,22,0.2693804034582132,0.3322046109510086,-0.06282420749279544,0.27600864553314114,-0.006628242074927959,0.09868421052631579,0.13815789473684212,0.39722405237558156,0.4010734432572177,366,693,313,152,0.6900958466453674,0.30990415335463256,0.8092105263157895,347.86787386128333,0.0020408645695516874,0.0,-193.0,-540.0,347.0,19,20,0.8126801152737753,0.8530259365994236,0.05921052631578947,0.07236842105263158,0,0.6685878962536023,0.7319884726224783,0.09868421052631579,0.14473684210526316,0,0.484149855907781,0.5417867435158501,0.25,0.29605263157894735,0,0.2017291066282421,0.3112391930835735,0.6052631578947368,0.5592105263157895,0
niah_mv_v8,23,0.11872549019607843,0.12539215686274507,-0.00666666666666664,0.11872549019607843,0.0,0.40789473684210525,0.3618421052631579,0.1480503059865462,0.25074149006543706,975,635,879,152,0.571103526734926,0.42889647326507396,0.9407894736842105,254.75794253283857,0.0016107287123256443,0.0,-145.0,-400.0,255.0,10,12,0.6039215686274509,0.5254901960784314,0.20394736842105263,0.19736842105263158,0,0.35294117647058826,0.26666666666666666,0.40789473684210525,0.35526315789473684,0,0.19607843137254902,0.22745098039215686,0.6578947368421053,0.5328947368421053,0,0.0,0.06274509803921569,0.9078947368421053,0.8026315789473685,0
niah_mv_v8,24,0.28802083333333334,0.30572916666666666,-0.017708333333333326,0.30468749999999994,-0.016666666666666607,0.13690476190476192,0.11904761904761904,0.45604283993910394,0.3702510857129232,386,660,333,168,0.7507507507507507,0.24924924924924924,0.8630952380952381,289.58079013302506,-0.0008454216055262065,0.0,-160.0,-448.0,288.0,19,20,0.8020833333333334,0.7534722222222222,0.07142857142857142,0.06547619047619048,0,0.7430555555555556,0.6875,0.13690476190476192,0.125,0,0.5069444444444444,0.4305555555555556,0.27976190476190477,0.26785714285714285,0,0.2152777777777778,0.2777777777777778,0.6488095238095238,0.5178571428571429,0
niah_mv_v8,25,0.29761904761904767,0.3238095238095239,-0.02619047619047621,0.30595238095238103,-0.00833333333333336,0.09210526315789473,0.11842105263157894,0.4602003764731946,0.37745773934240834,365,684,313,152,0.6900958466453674,0.30990415335463256,0.8223684210526315,336.7556914297797,0.0020458086131628843,0.0,-170.0,-506.0,336.0,20,20,0.7678571428571429,0.7916666666666666,0.039473684210526314,0.05921052631578947,0,0.6726190476190477,0.6964285714285714,0.09210526315789473,0.125,0,0.48214285714285715,0.5178571428571429,0.26973684210526316,0.2631578947368421,0,0.25,0.27380952380952384,0.618421052631579,0.5657894736842105,0
niah_mv_v8,26,0.1738188976377953,0.1643700787401575,0.009448818897637795,0.16870078740157482,0.005118110236220469,0.39473684210526316,0.34868421052631576,0.24914161230070211,0.243944281456019,975,576,879,152,0.5642775881683731,0.43572241183162685,0.8881578947368421,252.52558860389325,-0.0009011660221896397,0.0,-166.0,-420.0,254.0,17,14,0.5905511811023622,0.49606299212598426,0.19736842105263158,0.19736842105263158,0,0.3228346456692913,0.2992125984251969,0.39473684210526316,0.34868421052631576,0,0.2755905511811024,0.2755905511811024,0.6644736842105263,0.5460526315789473,0,0.11811023622047244,0.18110236220472442,0.868421052631579,0.8157894736842105,0
niah_mv_v8,27,0.2703183520599251,0.2916666666666667,-0.02134831460674158,0.27256554307116104,-0.0022471910112359383,0.13815789473684212,0.13815789473684212,0.38078218323557145,0.3445259245774316,366,751,313,152,0.7795527156549521,0.22044728434504793,0.9407894736842105,265.3858669921501,-0.0012403918369355749,0.0,-209.0,-476.0,267.0,19,19,0.7865168539325843,0.7265917602996255,0.06578947368421052,0.05921052631578947,0,0.704119850187266,0.6666666666666666,0.13815789473684212,0.13157894736842105,0,0.42696629213483145,0.449438202247191,0.3157894736842105,0.2894736842105263,0,0.2247191011235955,0.26217228464419473,0.6973684210526315,0.5789473684210527,0
niah_mv_v8,28,0.1744296577946768,0.1318441064638783,0.0425855513307985,0.1641634980988593,0.010266159695817512,0.3881578947368421,0.3618421052631579,0.24124988227273697,0.24132635178954795,975,525,879,152,0.5699658703071673,0.4300341296928328,0.8552631578947368,261.9449787355224,0.000987266688663264,0.0,-175.0,-438.0,263.0,19,12,0.6007604562737643,0.5551330798479087,0.19078947368421054,0.21052631578947367,0,0.33460076045627374,0.2965779467680608,0.3881578947368421,0.3684210526315789,0,0.24334600760456274,0.22813688212927757,0.6578947368421053,0.5789473684210527,0,0.09885931558935361,0.022813688212927757,0.8486842105263158,0.881578947368421,0
niah_mv_v8,29,0.19323308270676684,0.15206766917293232,0.041165413533834516,0.17669172932330826,0.01654135338345858,0.3618421052631579,0.3684210526315789,0.262915793250926,0.2506352326819609,975,598,879,152,0.621160409556314,0.378839590443686,0.9276315789473685,265.1631468139039,0.002545377591205558,0.0,-146.0,-412.0,266.0,18,15,0.6578947368421053,0.5112781954887218,0.18421052631578946,0.19078947368421054,0,0.3458646616541353,0.3082706766917293,0.3618421052631579,0.34868421052631576,0,0.21052631578947367,0.24812030075187969,0.6447368421052632,0.5460526315789473,0,0.16541353383458646,0.14285714285714285,0.9013157894736842,0.8223684210526315,0
niah_mv_v8,30,0.30852059925093633,0.29691011235955056,0.011610486891385774,0.31076779026217227,-0.0022471910112359383,0.1375,0.14375,0.46316029924957886,0.3653810885107957,376,600,323,160,0.8111455108359134,0.18885448916408668,0.925,267.16652379631387,-0.001288266230319714,0.0,-215.0,-482.0,267.0,17,20,0.7940074906367042,0.7191011235955056,0.06875,0.075,0,0.7415730337078652,0.5842696629213483,0.14375,0.1625,0,0.5093632958801498,0.42696629213483145,0.3125,0.2875,0,0.299625468164794,0.2696629213483146,0.6875,0.55,0
niah_mv_v8,31,0.3191489361702128,0.32978723404255317,-0.010638297872340385,0.32730496453900704,-0.008156028368794255,0.11842105263157894,0.13815789473684212,0.4845635131450602,0.3965922951152606,366,779,313,152,0.7603833865814696,0.23961661341853036,0.881578947368421,281.7835940394487,0.000987281763106473,0.0,-186.0,-468.0,282.0,19,20,0.8297872340425532,0.7978723404255319,0.06578947368421052,0.05921052631578947,0,0.7624113475177305,0.6524822695035462,0.11842105263157894,0.14473684210526316,0,0.5531914893617021,0.48226950354609927,0.28289473684210525,0.2894736842105263,0,0.24113475177304963,0.2907801418439716,0.6381578947368421,0.5921052631578947,0
niah_mv_v8,32,0.18203422053231938,0.17899239543726236,0.003041825095057016,0.1786121673003802,0.0034220532319391705,0.39473684210526316,0.3684210526315789,0.27076007561050325,0.2514196228282311,975,504,879,152,0.5858930602957907,0.4141069397042093,0.9078947368421053,262.4472728007798,7.093180012259467e-05,0.0,-139.0,-402.0,263.0,16,14,0.6996197718631179,0.5247148288973384,0.19736842105263158,0.20394736842105263,0,0.38022813688212925,0.34980988593155893,0.39473684210526316,0.34210526315789475,0,0.2585551330798479,0.3041825095057034,0.6381578947368421,0.48026315789473684,0,0.11406844106463879,0.16730038022813687,0.9013157894736842,0.8026315789473685,0
niah_mv_v8,33,0.2756153846153846,0.34423076923076923,-0.06861538461538463,0.29961538461538456,-0.023999999999999966,0.10526315789473684,0.13815789473684212,0.44302791671341674,0.4164511490141326,366,672,313,152,0.7603833865814696,0.23961661341853036,0.8618421052631579,324.5964093016238,-0.001265858324599282,0.0,-157.0,-482.0,325.0,18,20,0.7169230769230769,0.7692307692307693,0.05921052631578947,0.05921052631578947,0,0.6092307692307692,0.7292307692307692,0.10526315789473684,0.13815789473684212,0,0.5353846153846153,0.5661538461538461,0.2565789473684211,0.28289473684210525,0,0.20923076923076922,0.2953846153846154,0.6381578947368421,0.5789473684210527,0
niah_mv_v8,34,0.32083333333333325,0.28055555555555556,0.04027777777777769,0.34618055555555555,-0.0253472222222223,0.13157894736842105,0.13815789473684212,0.5389494144058631,0.34243026176120017,365,642,313,152,0.7156549520766773,0.28434504792332266,0.8223684210526315,287.9358124330661,0.0007880116921545617,0.0,-136.0,-424.0,288.0,19,20,0.8402777777777778,0.71875,0.07236842105263158,0.07236842105263158,0,0.7430555555555556,0.6076388888888888,0.13157894736842105,0.13815789473684212,0,0.5277777777777778,0.3958333333333333,0.2894736842105263,0.2894736842105263,0,0.2708333333333333,0.25,0.631578947368421,0.5723684210526315,0
niah_mv_v8,35,0.14877358490566034,0.16160377358490569,-0.012830188679245347,0.14877358490566034,0.0,0.39473684210526316,0.3618421052631579,0.2074706301149777,0.24355570434463586,975,533,879,152,0.5881683731513083,0.4118316268486917,0.9407894736842105,264.9810541182654,-0.002283701962042445,0.0,-163.0,-428.0,265.0,15,12,0.6113207547169811,0.47547169811320755,0.19736842105263158,0.20394736842105263,0,0.32452830188679244,0.3320754716981132,0.39473684210526316,0.35526315789473684,0,0.2641509433962264,0.30943396226415093,0.6710526315789473,0.5131578947368421,0,0.07547169811320754,0.15849056603773584,0.9144736842105263,0.8355263157894737,0
niah_mv_v8,36,0.1408102766798419,0.12658102766798418,0.014229249011857709,0.1475296442687747,-0.006719367588932823,0.40131578947368424,0.35526315789473684,0.2027922305812579,0.25454848196432267,975,542,879,152,0.5824800910125142,0.41751990898748575,0.8947368421052632,253.53837011730195,0.00469831834917483,0.0,-199.0,-452.0,253.0,14,16,0.6324110671936759,0.48221343873517786,0.20394736842105263,0.20394736842105263,0,0.33992094861660077,0.30039525691699603,0.40131578947368424,0.35526315789473684,0,0.23715415019762845,0.2134387351778656,0.6447368421052632,0.5789473684210527,0,0.07114624505928854,0.05533596837944664,0.875,0.8618421052631579,0
niah_mv_v8,37,0.2639570552147239,0.3136503067484663,-0.04969325153374238,0.26549079754601224,-0.0015337423312883347,0.09868421052631579,0.13157894736842105,0.3742961703924014,0.36573632366177133,365,715,313,152,0.6964856230031949,0.3035143769968051,0.875,327.0016424750055,0.00333608729247508,0.0,-202.0,-528.0,326.0,20,20,0.7668711656441718,0.7484662576687117,0.05263157894736842,0.06578947368421052,0,0.6503067484662577,0.6748466257668712,0.09868421052631579,0.13157894736842105,0,0.4723926380368098,0.49693251533742333,0.2631578947368421,0.2894736842105263,0,0.1901840490797546,0.26993865030674846,0.6052631578947368,0.5723684210526315,0
niah_mv_v8,38,0.2711077844311377,0.32470059880239527,-0.05359281437125757,0.2779940119760479,-0.006886227544910195,0.10625,0.11875,0.40567789890100575,0.38814085506981477,375,832,323,160,0.6718266253869969,0.3281733746130031,0.76875,336.11693215927085,0.0020824988722734908,0.0,-198.0,-532.0,334.0,19,18,0.7544910179640718,0.8263473053892215,0.05,0.05625,0,0.6766467065868264,0.7305389221556886,0.10625,0.13125,0,0.5149700598802395,0.5389221556886228,0.225,0.2625,0,0.19161676646706588,0.32335329341317365,0.55625,0.54375,0
niah_mv_v8,39,0.17519762845849804,0.12618577075098816,0.049011857707509876,0.1633399209486166,0.011857707509881438,0.40131578947368424,0.3881578947368421,0.2389470650159163,0.251250944025596,975,503,879,152,0.5437997724687145,0.45620022753128553,0.875,251.22689927315955,-0.001504770425636992,0.0,-161.0,-414.0,253.0,17,10,0.6245059288537549,0.5138339920948617,0.18421052631578946,0.21710526315789475,0,0.308300395256917,0.2608695652173913,0.40131578947368424,0.40131578947368424,0,0.2766798418972332,0.2608695652173913,0.6381578947368421,0.5394736842105263,0,0.11067193675889328,0.0,0.868421052631579,0.8618421052631579,0
niah_mv_v8,40,0.14474248927038622,0.14045064377682404,0.00429184549356218,0.14259656652360514,0.002145922746781076,0.39473684210526316,0.3684210526315789,0.19148520800519728,0.24240747502446386,975,671,879,152,0.5824800910125142,0.41751990898748575,0.9210526315789473,230.58799831471896,-0.0017244986915902745,0.0,-213.0,-446.0,233.0,20,13,0.575107296137339,0.4892703862660944,0.19078947368421054,0.21710526315789475,0,0.31759656652360513,0.3261802575107296,0.39473684210526316,0.3618421052631579,0,0.2575107296137339,0.27467811158798283,0.6710526315789473,0.5328947368421053,0,0.0944206008583691,0.08583690987124463,0.875,0.8092105263157895,0
niah_mv_v8,41,0.24567448680351908,0.33247800586510257,-0.08680351906158348,0.26063049853372433,-0.014956011730205249,0.10625,0.13125,0.36517759917188525,0.38470016074020846,376,651,323,160,0.7306501547987616,0.2693498452012384,0.8125,340.99951728826676,0.00041712788942435057,0.0,-139.0,-480.0,341.0,17,20,0.6832844574780058,0.7976539589442815,0.05625,0.05625,0,0.592375366568915,0.6656891495601173,0.1125,0.14375,0,0.4222873900293255,0.5219941348973607,0.25,0.275,0,0.20527859237536658,0.2697947214076246,0.5875,0.55,0
niah_mv_v8,42,0.2593023255813954,0.25794573643410856,0.001356589147286813,0.2589147286821706,0.0003875968992247958,0.13690476190476192,0.1488095238095238,0.3579503137711364,0.3132543535683892,384,431,333,168,0.7507507507507507,0.24924924924924924,0.8809523809523809,257.9151652621501,-0.0012236084664562332,0.0,-184.0,-442.0,258.0,18,19,0.7713178294573644,0.7054263565891473,0.05357142857142857,0.07142857142857142,0,0.7209302325581395,0.5348837209302325,0.13690476190476192,0.15476190476190477,0,0.4806201550387597,0.3875968992248062,0.27976190476190477,0.27976190476190477,0,0.23255813953488372,0.2558139534883721,0.6309523809523809,0.5297619047619048,0
niah_mv_v8,43,0.26876996805111825,0.30487220447284347,-0.03610223642172522,0.2713258785942492,-0.002555910543130979,0.1118421052631579,0.13815789473684212,0.38287106009524396,0.34639572152986536,366,424,313,152,0.7284345047923323,0.2715654952076677,0.8421052631578947,312.4759229383052,0.00022772116150714428,0.0,-191.0,-504.0,313.0,19,19,0.7220447284345048,0.7412140575079872,0.05921052631578947,0.06578947368421052,0,0.6261980830670927,0.6900958466453674,0.1118421052631579,0.14473684210526316,0,0.44089456869009586,0.4728434504792332,0.2631578947368421,0.28289473684210525,0,0.19808306709265175,0.268370607028754,0.5921052631578947,0.5460526315789473,0
niah_mv_v8,44,0.3112264150943396,0.285188679245283,0.02603773584905661,0.32066037735849057,-0.009433962264150941,0.13690476190476192,0.125,0.486118699455141,0.33861707670327,386,782,333,168,0.7447447447447447,0.2552552552552553,0.9047619047619048,263.7681860022869,-0.0009874075706584684,0.0,-163.0,-428.0,265.0,18,18,0.8113207547169812,0.7132075471698113,0.07142857142857142,0.05357142857142857,0,0.7471698113207547,0.6264150943396226,0.13690476190476192,0.11904761904761904,0,0.5433962264150943,0.41509433962264153,0.2857142857142857,0.25,0,0.2792452830188679,0.2490566037735849,0.6428571428571429,0.5297619047619048,0
niah_mv_v8,45,0.30088424437299033,0.3241961414790997,-0.02331189710610937,0.31374598070739546,-0.012861736334405127,0.1118421052631579,0.13815789473684212,0.47595115991193804,0.3846889785087962,366,644,313,152,0.7028753993610224,0.2971246006389776,0.868421052631579,309.25414489272373,0.0011388745876212806,0.0,-143.0,-454.0,311.0,20,20,0.7620578778135049,0.8231511254019293,0.05921052631578947,0.05263157894736842,0,0.6913183279742765,0.6527331189710611,0.1118421052631579,0.13157894736842105,0,0.5080385852090032,0.49517684887459806,0.28289473684210525,0.26973684210526316,0,0.2572347266881029,0.27009646302250806,0.6381578947368421,0.5526315789473685,0
niah_mv_v8,46,0.13088235294117648,0.15598039215686274,-0.025098039215686263,0.13480392156862747,-0.003921568627450994,0.3815789473684211,0.35526315789473684,0.1853715750797565,0.24246222008624593,975,591,879,152,0.5312855517633674,0.46871444823663255,0.9078947368421053,254.3495265860525,0.001086419289203167,0.0,-151.0,-406.0,255.0,13,15,0.6823529411764706,0.5176470588235295,0.19078947368421054,0.19736842105263158,0,0.34509803921568627,0.3607843137254902,0.3815789473684211,0.34868421052631576,0,0.23529411764705882,0.26666666666666666,0.6447368421052632,0.5526315789473685,0,0.054901960784313725,0.12549019607843137,0.9013157894736842,0.8223684210526315,0
niah_mv_v8,47,0.30800283286118985,0.38080736543909344,-0.07280453257790359,0.3162181303116148,-0.00821529745042493,0.10625,0.13125,0.46265558371661547,0.4854019962095143,376,691,323,160,0.7708978328173375,0.22910216718266255,0.8125,350.5001523259703,-0.0010264711037042136,0.0,-179.0,-532.0,353.0,19,20,0.7875354107648725,0.7818696883852692,0.05625,0.06875,0,0.6912181303116147,0.7252124645892352,0.10625,0.13125,0,0.4985835694050991,0.5609065155807366,0.24375,0.26875,0,0.22662889518413598,0.35694050991501414,0.575,0.55625,0
niah_mv_v8,48,0.27370848708487083,0.30894833948339484,-0.03523985239852401,0.2829335793357934,-0.00922509225092255,0.125,0.13125,0.41306827285926184,0.37548668486978365,377,658,323,160,0.739938080495356,0.26006191950464397,0.89375,270.06443486732604,-0.0010837734499793378,0.0,-141.0,-412.0,271.0,17,20,0.8081180811808119,0.7195571955719557,0.06875,0.06875,0,0.6457564575645757,0.5904059040590406,0.13125,0.13125,0,0.4132841328413284,0.45018450184501846,0.29375,0.25625,0,0.24354243542435425,0.2656826568265683,0.6375,0.5375,0
niah_mv_v8,49,0.27893120393120385,0.369963144963145,-0.09103194103194112,0.2897420147420147,-0.010810810810810867,0.0875,0.1375,0.4149455408316606,0.4680032801958401,375,675,323,160,0.7585139318885449,0.24148606811145512,0.79375,405.35941917723824,-0.0005857729970227622,0.0,-129.0,-536.0,407.0,18,20,0.7837837837837838,0.8206388206388207,0.04375,0.0625,0,0.7272727272727273,0.7174447174447175,0.0875,0.14375,0,0.4668304668304668,0.5995085995085995,0.2125,0.275,0,0.22113022113022113,0.32923832923832924,0.53125,0.53125,0
niah_mv_v8,50,0.22680722891566268,0.21385542168674698,0.012951807228915702,0.22801204819277107,-0.0012048192771083877,0.3092105263157895,0.35526315789473684,0.3433488049393589,0.253163926250498,975,771,879,152,0.621160409556314,0.378839590443686,0.8881578947368421,332.76119275797,0.0031162801912932568,0.0,-244.0,-576.0,332.0,20,16,0.6626506024096386,0.608433734939759,0.16447368421052633,0.20394736842105263,0,0.4819277108433735,0.41566265060240964,0.3092105263157895,0.34210526315789475,0,0.3132530120481928,0.3614457831325301,0.5723684210526315,0.5723684210526315,0,0.14457831325301204,0.1927710843373494,0.868421052631579,0.8355263157894737,0
niah_mv_v8,51,0.16184210526315787,0.1298582995951417,0.031983805668016174,0.1577935222672065,0.004048582995951372,0.40131578947368424,0.34210526315789475,0.22661579132051787,0.2443411388646089,975,502,879,152,0.5608646188850968,0.4391353811149033,0.9144736842105263,246.81254294641843,-0.005352467487479078,0.0,-191.0,-438.0,247.0,20,11,0.5910931174089069,0.46153846153846156,0.19736842105263158,0.20394736842105263,0,0.291497975708502,0.29959514170040485,0.40131578947368424,0.3684210526315789,0,0.291497975708502,0.21862348178137653,0.631578947368421,0.5657894736842105,0,0.032388663967611336,0.05668016194331984,0.9013157894736842,0.8157894736842105,0
niah_mv_v8,52,0.26960641399416907,0.32864431486880463,-0.05903790087463556,0.28593294460641394,-0.01632653061224487,0.1,0.13125,0.4207050173268814,0.3980906840781455,375,737,323,160,0.6873065015479877,0.3126934984520124,0.775,341.57281988393333,-0.0026733382136386367,0.0,-169.0,-512.0,343.0,17,20,0.6938775510204082,0.7667638483965015,0.04375,0.0625,0,0.641399416909621,0.6763848396501457,0.1,0.13125,0,0.4956268221574344,0.5131195335276968,0.24375,0.275,0,0.21574344023323616,0.2915451895043732,0.5625,0.5625,0
niah_mv_v8,53,0.3195488721804511,0.28063909774436097,0.03890977443609012,0.32218045112781957,-0.0026315789473684847,0.1375,0.1375,0.4902248380530548,0.34464980810952095,375,646,323,160,0.7244582043343654,0.2755417956656347,0.8625,266.65577386227517,-0.002331049253548672,0.0,-132.0,-398.0,266.0,19,20,0.8909774436090225,0.7255639097744361,0.06875,0.0625,0,0.7406015037593985,0.5977443609022557,0.14375,0.1375,0,0.49624060150375937,0.41353383458646614,0.29375,0.28125,0,0.24812030075187969,0.23308270676691728,0.63125,0.54375,0
niah_mv_v8,54,0.2569526627218935,0.33254437869822484,-0.07559171597633135,0.26523668639053244,-0.008284023668638951,0.10526315789473684,0.13815789473684212,0.38206748760802717,0.39217269106531794,365,544,313,152,0.7124600638977636,0.28753993610223644,0.8157894736842105,338.43754418892996,-0.000620757708703722,0.0,-124.0,-462.0,338.0,19,20,0.7810650887573964,0.7781065088757396,0.05263157894736842,0.06578947368421052,0,0.6568047337278107,0.7100591715976331,0.10526315789473684,0.13815789473684212,0,0.4378698224852071,0.5088757396449705,0.23026315789473684,0.2894736842105263,0,0.15976331360946747,0.3076923076923077,0.5986842105263158,0.5592105263157895,0
niah_mv_v8,55,0.1373529411764706,0.1853921568627451,-0.048039215686274506,0.14362745098039215,-0.006274509803921552,0.3684210526315789,0.3815789473684211,0.19784461808536885,0.248564169202227,975,512,879,152,0.5551763367463026,0.4448236632536974,0.9605263157894737,254.86178201536512,-0.0007875207176834179,0.0,-159.0,-414.0,255.0,15,16,0.6549019607843137,0.5411764705882353,0.19078947368421054,0.19736842105263158,0,0.3686274509803922,0.3215686274509804,0.3684210526315789,0.375,0,0.25098039215686274,0.3137254901960784,0.6907894736842105,0.5592105263157895,0,0.0784313725490196,0.17254901960784313,0.9473684210526315,0.8223684210526315,0
niah_mv_v8,56,0.1899621212121212,0.14469696969696969,0.04526515151515151,0.18958333333333338,0.00037878787878781184,0.3815789473684211,0.375,0.29445014868159436,0.2568178972426468,975,672,879,152,0.5858930602957907,0.4141069397042093,0.875,264.33630706173557,-0.0008977116357672635,0.0,-164.0,-428.0,264.0,20,18,0.6931818181818182,0.45454545454545453,0.19078947368421054,0.19736842105263158,0,0.3409090909090909,0.3106060606060606,0.3815789473684211,0.34868421052631576,0,0.22727272727272727,0.2727272727272727,0.631578947368421,0.5328947368421053,0,0.11363636363636363,0.07575757575757576,0.8421052631578947,0.8092105263157895,0
niah_mv_v8,57,0.2670765027322404,0.3225409836065573,-0.055464480874316935,0.2665300546448087,0.0005464480874316502,0.08333333333333333,0.11904761904761904,0.3653803806082766,0.3748530889683238,386,751,333,168,0.7657657657657657,0.23423423423423423,0.8095238095238095,367.7422771324732,0.0006154104844214402,0.0,-274.0,-640.0,366.0,19,20,0.7814207650273224,0.7978142076502732,0.047619047619047616,0.05952380952380952,0,0.644808743169399,0.6721311475409836,0.08333333333333333,0.13095238095238096,0,0.5081967213114754,0.5191256830601093,0.2261904761904762,0.26785714285714285,0,0.22950819672131148,0.31693989071038253,0.5595238095238095,0.5654761904761905,0
niah_mv_v8,58,0.29459706959706955,0.2760989010989011,0.018498168498168432,0.30155677655677654,-0.0069597069597069905,0.13157894736842105,0.13157894736842105,0.4498141471078771,0.32677682768088223,365,740,313,152,0.7476038338658147,0.2523961661341853,0.9013157894736842,271.8315585361969,0.0015570288239838417,0.0,-145.0,-418.0,273.0,17,19,0.8278388278388278,0.7692307692307693,0.06578947368421052,0.06578947368421052,0,0.6886446886446886,0.6336996336996337,0.13157894736842105,0.13157894736842105,0,0.5347985347985348,0.47619047619047616,0.2894736842105263,0.2631578947368421,0,0.2490842490842491,0.23443223443223443,0.6513157894736842,0.5723684210526315,0
niah_mv_v8,59,0.19990039840637447,0.1891434262948207,0.01075697211155377,0.22141434262948206,-0.021513944223107595,0.375,0.3881578947368421,0.35905668668044644,0.24942366329299595,975,519,879,152,0.5631399317406144,0.43686006825938567,0.9078947368421053,250.64951374205305,-0.00044202798147041433,0.0,-169.0,-420.0,251.0,19,16,0.6454183266932271,0.4701195219123506,0.19736842105263158,0.21710526315789475,0,0.41434262948207173,0.3665338645418327,0.375,0.3684210526315789,0,0.32669322709163345,0.3187250996015936,0.6447368421052632,0.5394736842105263,0,0.15139442231075698,0.199203187250996,0.881578947368421,0.8026315789473685,0
niah_mv_v8,60,0.31818996415770606,0.2848566308243728,0.03333333333333327,0.32643369175627235,-0.008243727598566286,0.13125,0.125,0.4865506186934693,0.3473331859554367,376,668,323,160,0.804953560371517,0.19504643962848298,0.9,279.905315686309,-0.0010154858287723715,0.0,-161.0,-440.0,279.0,18,20,0.8136200716845878,0.7025089605734767,0.06875,0.06875,0,0.7706093189964157,0.5591397849462365,0.13125,0.13125,0,0.5161290322580645,0.4229390681003584,0.29375,0.275,0,0.25806451612903225,0.25089605734767023,0.65,0.56875,0
niah_mv_v8,61,0.3038409703504043,0.36435309973045826,-0.06051212938005396,0.3232479784366577,-0.019407008086253397,0.10119047619047619,0.11904761904761904,0.4782215782947918,0.45298087240202056,386,688,333,168,0.7537537537537538,0.24624624624624625,0.8333333333333334,369.6881125777238,-0.0002393930993554033,0.0,-173.0,-544.0,371.0,18,20,0.8059299191374663,0.7654986522911051,0.047619047619047616,0.05952380952380952,0,0.6738544474393531,0.6900269541778976,0.10119047619047619,0.125,0,0.5498652291105122,0.5660377358490566,0.23809523809523808,0.23809523809523808,0,0.20485175202156333,0.3288409703504043,0.5892857142857143,0.5714285714285714,0
niah_mv_v8,62,0.29889705882352946,0.3012867647058823,-0.0023897058823528217,0.30808823529411766,-0.009191176470588203,0.15,0.14375,0.4608177985383836,0.3616994866694275,375,401,323,160,0.7647058823529411,0.23529411764705882,0.89375,272.45059852114855,-0.0008166645883136914,0.0,-144.0,-416.0,272.0,18,20,0.8161764705882353,0.7352941176470589,0.075,0.075,0,0.7536764705882353,0.6507352941176471,0.15625,0.15625,0,0.4485294117647059,0.4411764705882353,0.31875,0.2875,0,0.25,0.2647058823529412,0.66875,0.56875,0
niah_mv_v8,63,0.1398,0.13540000000000002,0.004399999999999987,0.14020000000000002,-0.00040000000000001146,0.40131578947368424,0.35526315789473684,0.18982831959316598,0.24900059170492175,975,573,879,152,0.5858930602957907,0.4141069397042093,0.8947368421052632,249.49901049234805,-0.0017482575916796528,0.0,-164.0,-414.0,250.0,16,12,0.648,0.48,0.20394736842105263,0.19736842105263158,0,0.312,0.28,0.40131578947368424,0.35526315789473684,0,0.232,0.248,0.6513157894736842,0.5394736842105263,0,0.048,0.056,0.8618421052631579,0.8552631578947368,0
niah_mv_v8,64,0.27454268292682926,0.32759146341463413,-0.05304878048780487,0.2821646341463414,-0.007621951219512146,0.08552631578947369,0.13815789473684212,0.40677139141652285,0.38477211214240076,366,658,313,152,0.7252396166134185,0.2747603833865815,0.8223684210526315,327.2050599329663,0.0008384843955720504,0.0,-154.0,-482.0,328.0,19,20,0.7408536585365854,0.7835365853658537,0.039473684210526314,0.07894736842105263,0,0.6097560975609756,0.676829268292683,0.08552631578947369,0.14473684210526316,0,0.47560975609756095,0.5060975609756098,0.25,0.27631578947368424,0,0.21951219512195122,0.2804878048780488,0.618421052631579,0.5592105263157895,0
niah_mv_v8,65,0.19558823529411767,0.17519607843137255,0.02039215686274512,0.1857843137254902,0.009803921568627472,0.40131578947368424,0.34868421052631576,0.28197561056280074,0.24402365513421845,975,600,879,152,0.5767918088737202,0.4232081911262799,0.9078947368421053,254.36805381121707,0.0027271271151635204,0.0,-149.0,-404.0,255.0,18,15,0.6509803921568628,0.4627450980392157,0.19078947368421054,0.19736842105263158,0,0.2901960784313726,0.3137254901960784,0.40131578947368424,0.3618421052631579,0,0.2901960784313726,0.2980392156862745,0.618421052631579,0.5460526315789473,0,0.1803921568627451,0.14901960784313725,0.868421052631579,0.8157894736842105,0
niah_mv_v8,66,0.27382550335570477,0.3295302013422819,-0.05570469798657712,0.2912751677852349,-0.01744966442953011,0.10795454545454546,0.13636363636363635,0.42956285425786944,0.38131226660234346,396,516,343,176,0.7230320699708455,0.27696793002915454,0.7954545454545454,297.8708451132792,0.0007024301337228616,0.0,-168.0,-466.0,298.0,20,19,0.7080536912751678,0.802013422818792,0.05113636363636364,0.07386363636363637,0,0.6241610738255033,0.6644295302013423,0.11363636363636363,0.14204545454545456,0,0.4899328859060403,0.5167785234899329,0.23863636363636365,0.25,0,0.18791946308724833,0.33557046979865773,0.5681818181818182,0.4602272727272727,0
niah_mv_v8,67,0.1657547169811321,0.14669811320754716,0.019056603773584924,0.16764150943396228,-0.0018867924528301883,0.3684210526315789,0.34210526315789475,0.24015461246859554,0.2529827340190819,975,448,879,152,0.5722411831626849,0.42775881683731515,0.9407894736842105,265.50372162901306,0.0022946973950090854,0.0,-111.0,-376.0,265.0,20,15,0.6528301886792452,0.47924528301886793,0.20394736842105263,0.19736842105263158,0,0.4641509433962264,0.3622641509433962,0.3684210526315789,0.32894736842105265,0,0.2792452830188679,0.24150943396226415,0.6513157894736842,0.5328947368421053,0,0.09056603773584905,0.09056603773584905,0.9144736842105263,0.8289473684210527,0
niah_mv_v8,68,0.15229083665338644,0.14770916334661358,0.0045816733067728654,0.14392430278884463,0.008366533864541809,0.4144736842105263,0.375,0.2087658148330896,0.2502618090888645,975,577,879,152,0.5608646188850968,0.4391353811149033,0.881578947368421,251.5167073081163,0.003644800654157799,0.0,-135.0,-386.0,251.0,20,16,0.5776892430278885,0.4701195219123506,0.19736842105263158,0.18421052631578946,0,0.24701195219123506,0.23904382470119523,0.4144736842105263,0.375,0,0.20717131474103587,0.23107569721115537,0.6907894736842105,0.5723684210526315,0,0.11155378486055777,0.14342629482071714,0.868421052631579,0.7960526315789473,0
niah_mv_v8,69,0.1848076923076923,0.17653846153846153,0.008269230769230779,0.18096153846153848,0.0038461538461538325,0.4125,0.33125,0.2772552790802111,0.24823670300473683,985,643,889,160,0.5545556805399325,0.4454443194600675,0.90625,262.00720866822854,0.0020094445197648262,0.0,-146.0,-406.0,260.0,19,18,0.6961538461538461,0.5384615384615384,0.20625,0.18125,0,0.34615384615384615,0.36153846153846153,0.41875,0.34375,0,0.2923076923076923,0.27692307692307694,0.6875,0.54375,0,0.13076923076923078,0.11538461538461539,0.88125,0.825,0
niah_mv_v8,70,0.25789902280130295,0.30838762214983717,-0.050488599348534224,0.25399022801302934,0.003908794788273606,0.11931818181818182,0.14204545454545456,0.34666893453125125,0.37500558476566015,397,485,343,176,0.7842565597667639,0.21574344023323616,0.9375,308.8016931912588,0.004965389653194408,0.0,-163.0,-470.0,307.0,19,20,0.742671009771987,0.755700325732899,0.056818181818181816,0.0625,0,0.6188925081433225,0.6254071661237784,0.125,0.14772727272727273,0,0.44299674267100975,0.4364820846905538,0.2784090909090909,0.2727272727272727,0,0.20195439739413681,0.2736156351791531,0.6306818181818182,0.5056818181818182,0
niah_mv_v8,71,0.2710365853658537,0.31615853658536586,-0.04512195121951218,0.2716463414634146,-0.0006097560975609206,0.09868421052631579,0.125,0.38718374188938726,0.3784712546471303,365,959,313,152,0.7092651757188498,0.29073482428115016,0.7894736842105263,331.2192501995375,-0.0026697649344167213,0.0,-252.0,-580.0,328.0,19,19,0.7317073170731707,0.7012195121951219,0.05263157894736842,0.06578947368421052,0,0.573170731707317,0.6707317073170732,0.09868421052631579,0.13815789473684212,0,0.39634146341463417,0.4817073170731707,0.2565789473684211,0.26973684210526316,0,0.1951219512195122,0.29878048780487804,0.5986842105263158,0.5986842105263158,0
niah_mv_v8,72,0.27903508771929825,0.31728070175438605,-0.038245614035087805,0.2881578947368421,-0.009122807017543866,0.1111111111111111,0.1388888888888889,0.4188034144167531,0.38100916075259683,356,591,303,144,0.7425742574257426,0.25742574257425743,0.8958333333333334,284.1607242800847,-0.000607894851471599,0.0,-163.0,-448.0,285.0,20,20,0.7894736842105263,0.7684210526315789,0.0625,0.0625,0,0.7403508771929824,0.6912280701754386,0.11805555555555555,0.1527777777777778,0,0.4421052631578947,0.4421052631578947,0.2777777777777778,0.3055555555555556,0,0.23157894736842105,0.3017543859649123,0.6527777777777778,0.5972222222222222,0
niah_mv_v8,73,0.24701257861635223,0.3114779874213836,-0.06446540880503138,0.25015723270440254,-0.0031446540880503138,0.09375,0.13125,0.3468611531118537,0.3416985029090861,375,691,323,160,0.7058823529411765,0.29411764705882354,0.8125,318.76280019212106,-0.0027333992749024776,0.0,-162.0,-480.0,318.0,19,20,0.7169811320754716,0.7987421383647799,0.05,0.05625,0,0.6037735849056604,0.6981132075471698,0.1,0.14375,0,0.34591194968553457,0.5471698113207547,0.25625,0.2875,0,0.15723270440251572,0.22641509433962265,0.5875,0.5375,0
niah_mv_v8,74,0.28151340996168583,0.2887931034482758,-0.0072796934865899665,0.2803639846743295,0.0011494252873563426,0.1375,0.13125,0.40420218447464434,0.3607860417297947,378,644,323,160,0.6934984520123839,0.3065015479876161,0.8875,261.77165722433824,0.0005004749320936464,0.0,-139.0,-400.0,261.0,15,20,0.7969348659003831,0.7701149425287356,0.06875,0.05625,0,0.735632183908046,0.5977011494252874,0.1375,0.13125,0,0.45977011494252873,0.39846743295019155,0.3,0.275,0,0.24521072796934865,0.24521072796934865,0.65,0.5375,0
niah_mv_v8,75,0.2895631067961165,0.34263754045307443,-0.05307443365695791,0.30088996763754045,-0.011326860841423925,0.125,0.1388888888888889,0.4362069678231286,0.4127271551670999,357,548,303,144,0.768976897689769,0.23102310231023102,0.8194444444444444,309.4788996507901,0.001929426898547176,0.0,-125.0,-434.0,309.0,19,20,0.7864077669902912,0.7766990291262136,0.06944444444444445,0.06944444444444445,0,0.656957928802589,0.686084142394822,0.13194444444444445,0.14583333333333334,0,0.5922330097087378,0.511326860841424,0.2569444444444444,0.2847222222222222,0,0.18122977346278318,0.2977346278317152,0.5763888888888888,0.5694444444444444,0
niah_mv_v8,76,0.26839339339339335,0.30998498498498495,-0.04159159159159159,0.2834084084084084,-0.015015015015015065,0.1118421052631579,0.13815789473684212,0.4109348509210838,0.35474985337776105,365,675,313,152,0.7284345047923323,0.2715654952076677,0.8486842105263158,333.20143665070214,-0.00040340552562949925,0.0,-161.0,-494.0,333.0,20,20,0.7477477477477478,0.7747747747747747,0.05921052631578947,0.06578947368421052,0,0.6546546546546547,0.7027027027027027,0.1118421052631579,0.14473684210526316,0,0.4744744744744745,0.4804804804804805,0.25,0.29605263157894735,0,0.17417417417417416,0.2882882882882883,0.6052631578947368,0.5592105263157895,0
niah_mv_v8,77,0.1478744939271255,0.1367408906882591,0.011133603238866419,0.14706477732793521,0.0008097165991902966,0.375,0.3618421052631579,0.20493606368693212,0.25402981725078627,975,498,879,152,0.5551763367463026,0.4448236632536974,0.9144736842105263,248.39941797759337,0.0014351663405958223,0.0,-153.0,-400.0,247.0,14,13,0.5951417004048583,0.5344129554655871,0.19736842105263158,0.19078947368421054,0,0.3805668016194332,0.27530364372469635,0.375,0.34868421052631576,0,0.22672064777327935,0.22672064777327935,0.618421052631579,0.506578947368421,0,0.12955465587044535,0.08097165991902834,0.881578947368421,0.8157894736842105,0
niah_mv_v8,78,0.12384615384615383,0.13884615384615387,-0.015000000000000041,0.12576923076923074,-0.0019230769230769162,0.375,0.34868421052631576,0.16474991218794569,0.2534689672267131,975,614,879,152,0.5802047781569966,0.4197952218430034,0.9539473684210527,259.09219643930913,-0.0004912277174839748,0.0,-174.0,-434.0,260.0,14,14,0.6538461538461539,0.4846153846153846,0.18421052631578946,0.20394736842105263,0,0.2923076923076923,0.2846153846153846,0.375,0.34868421052631576,0,0.16923076923076924,0.24615384615384617,0.6644736842105263,0.4868421052631579,0,0.06923076923076923,0.08461538461538462,0.9210526315789473,0.7960526315789473,0
niah_mv_v8,79,0.27136015325670504,0.27863984674329506,-0.007279693486590022,0.28706896551724137,-0.01570881226053633,0.125,0.13125,0.40491532233672595,0.3436157916712866,375,709,323,160,0.739938080495356,0.26006191950464397,0.9,263.94392802662446,0.0048609671636560174,0.0,-217.0,-478.0,261.0,18,20,0.7279693486590039,0.6973180076628352,0.05625,0.0625,0,0.6283524904214559,0.6436781609195402,0.125,0.125,0,0.42911877394636017,0.42911877394636017,0.3,0.275,0,0.23754789272030652,0.23754789272030652,0.6625,0.5625,0
niah_mv_v8,80,0.20508130081300813,0.14207317073170733,0.0630081300813008,0.17703252032520328,0.028048780487804847,0.40789473684210525,0.375,0.2696890133639956,0.25340193809099,975,511,879,152,0.5494880546075085,0.45051194539249145,0.9013157894736842,248.30943417183227,-0.002138765429134867,0.0,-176.0,-422.0,246.0,17,14,0.6341463414634146,0.4959349593495935,0.21052631578947367,0.2236842105263158,0,0.34959349593495936,0.2764227642276423,0.40789473684210525,0.3815789473684211,0,0.2764227642276423,0.24390243902439024,0.6578947368421053,0.5460526315789473,0,0.17073170731707318,0.0975609756097561,0.868421052631579,0.8092105263157895,0
niah_mv_v8,81,0.2839225589225589,0.3101851851851851,-0.02626262626262621,0.30580808080808075,-0.02188552188552184,0.13157894736842105,0.13815789473684212,0.45758284387429055,0.38660024535223075,365,616,313,152,0.7188498402555911,0.28115015974440893,0.8552631578947368,295.99171703054105,-7.653622244975205e-05,0.0,-175.0,-472.0,297.0,18,20,0.8080808080808081,0.7138047138047138,0.06578947368421052,0.06578947368421052,0,0.6801346801346801,0.6531986531986532,0.13157894736842105,0.14473684210526316,0,0.5185185185185185,0.4444444444444444,0.2894736842105263,0.29605263157894735,0,0.2222222222222222,0.2760942760942761,0.6578947368421053,0.6052631578947368,0
niah_mv_v8,82,0.2961267605633803,0.28274647887323945,0.013380281690140827,0.31619718309859157,-0.020070422535211296,0.13125,0.13125,0.47447678570393814,0.32163046500116355,376,706,323,160,0.7306501547987616,0.2693498452012384,0.88125,284.474054386725,0.0008650389403846387,0.0,-164.0,-448.0,284.0,18,20,0.8063380281690141,0.7535211267605634,0.0625,0.075,0,0.778169014084507,0.6619718309859155,0.1375,0.1375,0,0.5211267605633803,0.4647887323943662,0.29375,0.25625,0,0.22535211267605634,0.24647887323943662,0.64375,0.5125,0
niah_mv_v8,83,0.19084905660377358,0.20500000000000002,-0.01415094339622644,0.1972641509433962,-0.006415094339622618,0.4144736842105263,0.3618421052631579,0.31104819012765017,0.24454956635477001,975,603,879,152,0.5802047781569966,0.4197952218430034,0.9276315789473685,263.8128971575787,0.003277626880027929,0.0,-171.0,-436.0,265.0,20,20,0.7283018867924528,0.5811320754716981,0.21710526315789475,0.19078947368421054,0,0.4,0.33962264150943394,0.4144736842105263,0.3618421052631579,0,0.3320754716981132,0.3169811320754717,0.6381578947368421,0.5592105263157895,0,0.11320754716981132,0.1811320754716981,0.9013157894736842,0.8092105263157895,0
niah_mv_v8,84,0.140748031496063,0.16023622047244093,-0.01948818897637794,0.1427165354330709,-0.0019685039370078983,0.39473684210526316,0.3684210526315789,0.20536852082451668,0.2661470857680244,975,581,879,152,0.5517633674630261,0.4482366325369738,0.9407894736842105,253.6872842758826,-8.442517021089292e-06,0.0,-130.0,-384.0,254.0,16,18,0.6692913385826772,0.515748031496063,0.19736842105263158,0.21052631578947367,0,0.33070866141732286,0.28346456692913385,0.39473684210526316,0.375,0,0.1968503937007874,0.2440944881889764,0.6710526315789473,0.5263157894736842,0,0.09448818897637795,0.13385826771653545,0.9078947368421053,0.7960526315789473,0
niah_mv_v8,85,0.16132958801498126,0.1500936329588015,0.011235955056179775,0.15758426966292133,0.0037453183520599342,0.38125,0.34375,0.22765909234085768,0.24383655241407792,985,499,889,160,0.5680539932508436,0.43194600674915634,0.95,266.4599850211083,-0.0016780853562940222,0.0,-171.0,-438.0,267.0,20,16,0.6217228464419475,0.47191011235955055,0.2,0.19375,0,0.3146067415730337,0.3146067415730337,0.3875,0.3375,0,0.2696629213483146,0.26217228464419473,0.7,0.51875,0,0.12734082397003746,0.11235955056179775,0.91875,0.81875,0
niah_mv_v8,86,0.2193396226415094,0.14462264150943396,0.07471698113207545,0.1917924528301887,0.027547169811320715,0.3618421052631579,0.35526315789473684,0.2948857683062315,0.24868615616540107,975,632,879,152,0.5665529010238908,0.4334470989761092,0.8947368421052632,265.2353592780175,0.0025443696117420306,0.0,-183.0,-448.0,265.0,20,12,0.6641509433962264,0.5207547169811321,0.19736842105263158,0.21052631578947367,0,0.36981132075471695,0.30943396226415093,0.3618421052631579,0.35526315789473684,0,0.30943396226415093,0.2490566037735849,0.6644736842105263,0.5131578947368421,0,0.17358490566037735,0.07547169811320754,0.875,0.8486842105263158,0
niah_mv_v8,87,0.22174329501915713,0.1625478927203065,0.05919540229885062,0.19262452107279696,0.02911877394636017,0.39473684210526316,0.375,0.2946174386071307,0.24966222240057853,975,522,879,152,0.5949943117178612,0.4050056882821388,0.9013157894736842,260.5648502195653,0.005104426396793853,0.0,-147.0,-408.0,261.0,20,17,0.6475095785440613,0.5363984674329502,0.19736842105263158,0.21710526315789475,0,0.367816091954023,0.3218390804597701,0.39473684210526316,0.3684210526315789,0,0.24521072796934865,0.20689655172413793,0.6710526315789473,0.5723684210526315,0,0.16091954022988506,0.1532567049808429,0.875,0.8289473684210527,0
niah_mv_v8,88,0.26842507645259944,0.33493883792048934,-0.0665137614678899,0.28188073394495416,-0.013455657492354722,0.1,0.13125,0.40973341866737156,0.38456199618438236,375,648,323,160,0.7337461300309598,0.26625386996904027,0.84375,326.6941735676577,-0.0009709578433326856,0.0,-143.0,-470.0,327.0,19,20,0.7339449541284404,0.8073394495412844,0.05,0.05625,0,0.6299694189602446,0.6880733944954128,0.10625,0.1375,0,0.4892966360856269,0.5321100917431193,0.24375,0.26875,0,0.2018348623853211,0.3058103975535168,0.5875,0.5625,0
niah_mv_v8,89,0.27194189602446484,0.32285932721712535,-0.05091743119266051,0.2722477064220184,-0.0003058103975535631,0.1,0.1375,0.38687588857965627,0.3746437143320085,375,642,323,160,0.7678018575851393,0.23219814241486067,0.875,326.7535505812891,0.00036126564558056876,0.0,-131.0,-458.0,327.0,20,20,0.72782874617737,0.7706422018348624,0.05,0.06875,0,0.6391437308868502,0.6483180428134556,0.10625,0.14375,0,0.45871559633027525,0.4954128440366973,0.25625,0.28125,0,0.19571865443425077,0.2874617737003058,0.58125,0.55,0
niah_mv_v8,90,0.26250000000000007,0.2654411764705883,-0.002941176470588225,0.26066176470588237,0.001838235294117696,0.13125,0.1375,0.3595125779214234,0.33366916012484626,375,585,323,160,0.7616099071207431,0.23839009287925697,0.9125,271.94108268409406,0.00163745582860504,0.0,-152.0,-424.0,272.0,18,20,0.8161764705882353,0.6838235294117647,0.06875,0.06875,0,0.6838235294117647,0.5808823529411765,0.1375,0.15,0,0.4852941176470588,0.34558823529411764,0.30625,0.2875,0,0.22058823529411764,0.21323529411764705,0.68125,0.5375,0
niah_mv_v8,91,0.27897111913357403,0.24846570397111917,0.030505415162454863,0.2789711191335741,-5.551115123125783e-17,0.13157894736842105,0.13815789473684212,0.39695500178846616,0.3048792885819297,365,554,313,152,0.6996805111821086,0.3003194888178914,0.875,277.6920840158235,0.0011930382328970784,0.0,-139.0,-416.0,277.0,18,18,0.8086642599277978,0.7436823104693141,0.07236842105263158,0.05921052631578947,0,0.6859205776173285,0.5992779783393501,0.13157894736842105,0.15789473684210525,0,0.5270758122743683,0.36101083032490977,0.26973684210526316,0.3026315789473684,0,0.20216606498194944,0.18772563176895307,0.6381578947368421,0.5855263157894737,0
niah_mv_v8,92,0.1945340501792115,0.18593189964157703,0.008602150537634468,0.18557347670250895,0.008960573476702538,0.3815789473684211,0.35526315789473684,0.2839037889770276,0.23656654375051986,975,600,879,152,0.5870307167235495,0.4129692832764505,0.881578947368421,279.6518700635028,0.0029149505004906133,0.0,-177.0,-456.0,279.0,17,14,0.6021505376344086,0.5878136200716846,0.19736842105263158,0.19078947368421054,0,0.3727598566308244,0.3727598566308244,0.3815789473684211,0.34868421052631576,0,0.2867383512544803,0.35125448028673834,0.6118421052631579,0.5657894736842105,0,0.10752688172043011,0.14336917562724014,0.8223684210526315,0.8355263157894737,0
niah_mv_v8,93,0.15805785123966945,0.13657024793388428,0.02148760330578517,0.14111570247933886,0.016942148760330594,0.3881578947368421,0.35526315789473684,0.1980039801213073,0.2487877309888525,975,488,879,152,0.5551763367463026,0.4448236632536974,0.9078947368421053,241.08075870845454,0.00041137026797686556,0.0,-140.0,-382.0,242.0,19,14,0.6694214876033058,0.5289256198347108,0.19736842105263158,0.20394736842105263,0,0.2727272727272727,0.2809917355371901,0.3881578947368421,0.34868421052631576,0,0.19834710743801653,0.24793388429752067,0.6644736842105263,0.5328947368421053,0,0.09090909090909091,0.09917355371900827,0.9013157894736842,0.8289473684210527,0
niah_mv_v8,94,0.30058823529411766,0.3444117647058823,-0.04382352941176465,0.3111764705882354,-0.010588235294117732,0.10625,0.125,0.4700413647130909,0.42438045379002276,375,729,323,160,0.7151702786377709,0.2848297213622291,0.8,340.29392463016273,0.00020193945150992945,0.0,-192.0,-532.0,340.0,20,20,0.7352941176470589,0.7588235294117647,0.05,0.0625,0,0.6764705882352942,0.7,0.1125,0.13125,0,0.5058823529411764,0.5235294117647059,0.225,0.2625,0,0.2235294117647059,0.32941176470588235,0.575,0.55625,0
niah_mv_v8,95,0.09769076305220885,0.1458835341365462,-0.04819277108433735,0.09769076305220885,0.0,0.4236111111111111,0.375,0.11814751170173694,0.26023674811365616,965,600,869,144,0.570771001150748,0.42922899884925203,0.9236111111111112,247.57898953991213,0.0020085443707799407,0.0,-187.0,-436.0,249.0,7,15,0.6104417670682731,0.4979919678714859,0.2152777777777778,0.22916666666666666,0,0.3132530120481928,0.27309236947791166,0.4305555555555556,0.3888888888888889,0,0.17670682730923695,0.26506024096385544,0.7083333333333334,0.5347222222222222,0,0.0,0.11244979919678715,0.9166666666666666,0.8402777777777778,0
niah_mv_v8,96,0.30465299684542585,0.3324132492113565,-0.02776025236593066,0.3087539432176656,-0.004100946372239733,0.09868421052631579,0.125,0.4624034267917983,0.39473234838656096,365,681,313,152,0.7412140575079872,0.25878594249201275,0.8289473684210527,315.9498427681175,0.0010179308056070429,0.0,-161.0,-478.0,317.0,20,20,0.7350157728706624,0.8201892744479495,0.05263157894736842,0.05921052631578947,0,0.6813880126182965,0.7413249211356467,0.09868421052631579,0.125,0,0.4794952681388013,0.5425867507886435,0.27631578947368424,0.2631578947368421,0,0.20189274447949526,0.27129337539432175,0.6052631578947368,0.5592105263157895,0
niah_mv_v8,97,0.3135204081632653,0.3418367346938776,-0.02831632653061228,0.3247448979591837,-0.011224489795918391,0.09375,0.125,0.48967393008308446,0.4255847948395404,375,794,323,160,0.7708978328173375,0.22910216718266255,0.85,392.0250427923232,0.0007377467053321198,0.0,-192.0,-584.0,392.0,20,20,0.7346938775510204,0.8061224489795918,0.05625,0.05625,0,0.6632653061224489,0.7193877551020408,0.1,0.13125,0,0.5306122448979592,0.5408163265306123,0.21875,0.28125,0,0.23469387755102042,0.35714285714285715,0.5375,0.56875,0
niah_mv_v8,98,0.15780632411067191,0.1325098814229249,0.025296442687747,0.14160079051383398,0.016205533596837934,0.3815789473684211,0.35526315789473684,0.1945355538946031,0.24384087840265334,975,575,879,152,0.5767918088737202,0.4232081911262799,0.9078947368421053,252.29960351522837,-0.0011715020988538197,0.0,-153.0,-406.0,253.0,20,13,0.6403162055335968,0.4743083003952569,0.19078947368421054,0.20394736842105263,0,0.34782608695652173,0.31620553359683795,0.3815789473684211,0.35526315789473684,0,0.2134387351778656,0.23715415019762845,0.625,0.5394736842105263,0,0.07905138339920949,0.08695652173913043,0.9013157894736842,0.8355263157894737,0
niah_mv_v8,99,0.12276119402985075,0.12910447761194027,-0.006343283582089521,0.1208955223880597,0.0018656716417910502,0.4097222222222222,0.3888888888888889,0.16261241834012602,0.2507216510061946,965,582,869,144,0.5880322209436134,0.41196777905638665,0.9305555555555556,268.18115898210306,-0.001245747395302426,0.0,-158.0,-426.0,268.0,16,12,0.6119402985074627,0.5895522388059702,0.2013888888888889,0.2013888888888889,0,0.3582089552238806,0.3656716417910448,0.4097222222222222,0.3819444444444444,0,0.1791044776119403,0.23134328358208955,0.7152777777777778,0.5972222222222222,0,0.022388059701492536,0.03731343283582089,0.8888888888888888,0.8680555555555556,0
