dataset,index,source_start,source_end,DT,DT_source,DT_query_budget_fraction,DT_instruction_budget_fraction,DT_source_gain,source_eligible,budget,ceiling,FT,FT_source,FT_query_budget_fraction,FT_instruction_budget_fraction,FT_source_gain
niah_mq_q2,0,138,1314,0.425,0.75,0.2903225806451613,0.16129032258064516,0.325,243,31,0.775,0.175,0.7,0.7096774193548387,0.03225806451612903,0.5249999999999999
niah_mq_q2,1,138,4261,0.9736842105263158,1.0,0.28735632183908044,0.14942528735632185,0.02631578947368418,800,87,1.0,0.7894736842105263,0.9210526315789473,0.4482758620689655,0.05747126436781609,0.13157894736842102
niah_mq_q2,2,138,4273,0.9210526315789473,0.9473684210526315,0.2413793103448276,0.14942528735632185,0.02631578947368418,800,87,1.0,0.8157894736842105,0.9210526315789473,0.4367816091954023,0.05747126436781609,0.10526315789473684
niah_mq_q2,3,138,1320,0.47368421052631576,0.7894736842105263,0.25806451612903225,0.16129032258064516,0.31578947368421056,241,31,0.8157894736842105,0.21052631578947367,0.7105263157894737,0.7096774193548387,0.03225806451612903,0.5
niah_mq_q2,4,138,4265,0.9743589743589743,1.0,0.28735632183908044,0.1724137931034483,0.02564102564102566,801,87,1.0,0.8205128205128205,0.9230769230769231,0.45977011494252873,0.05747126436781609,0.10256410256410264
niah_mq_q2,5,138,4275,1.0,1.0,0.3103448275862069,0.19540229885057472,0.0,801,87,1.0,0.8205128205128205,0.9487179487179487,0.45977011494252873,0.05747126436781609,0.1282051282051282
niah_mq_q2,6,138,1312,0.4594594594594595,0.7837837837837838,0.3225806451612903,0.0967741935483871,0.3243243243243243,240,31,0.8378378378378378,0.24324324324324326,0.7027027027027027,0.6129032258064516,0.03225806451612903,0.4594594594594595
niah_mq_q2,7,138,4268,0.9743589743589743,1.0,0.3333333333333333,0.16091954022988506,0.02564102564102566,801,87,1.0,0.7435897435897436,0.8974358974358975,0.47126436781609193,0.05747126436781609,0.15384615384615385
niah_mq_q2,8,138,1318,0.4473684210526316,0.7894736842105263,0.2903225806451613,0.16129032258064516,0.34210526315789475,241,31,0.8157894736842105,0.23684210526315788,0.7894736842105263,0.7096774193548387,0.0,0.5526315789473685
niah_mq_q2,9,138,1315,0.425,0.775,0.25806451612903225,0.1935483870967742,0.35000000000000003,243,31,0.775,0.2,0.625,0.6774193548387096,0.03225806451612903,0.425
niah_mq_q2,10,138,1312,0.41025641025641024,0.7692307692307693,0.3548387096774194,0.12903225806451613,0.35897435897435903,242,31,0.7948717948717948,0.20512820512820512,0.717948717948718,0.7096774193548387,0.03225806451612903,0.5128205128205128
niah_mq_q2,11,138,1328,0.5,0.75,0.22580645161290322,0.12903225806451613,0.25,243,31,0.775,0.325,0.7,0.5161290322580645,0.0,0.37499999999999994
niah_mq_q2,12,138,1312,0.35,0.775,0.3870967741935484,0.16129032258064516,0.42500000000000004,243,31,0.775,0.2,0.7,0.7096774193548387,0.03225806451612903,0.49999999999999994
niah_mq_q2,13,138,4272,0.95,0.95,0.2988505747126437,0.16091954022988506,0.0,802,87,1.0,0.825,0.975,0.4827586206896552,0.04597701149425287,0.15000000000000002
niah_mq_q2,14,138,4269,0.95,1.0,0.2988505747126437,0.1839080459770115,0.050000000000000044,802,87,1.0,0.7,0.925,0.4827586206896552,0.05747126436781609,0.2250000000000001
niah_mq_q2,15,138,1321,0.4634146341463415,0.7560975609756098,0.25,0.125,0.2926829268292683,244,32,0.7804878048780488,0.2682926829268293,0.7560975609756098,0.59375,0.03125,0.4878048780487805
niah_mq_q2,16,138,1323,0.42105263157894735,0.7894736842105263,0.3548387096774194,0.12903225806451613,0.368421052631579,241,31,0.8157894736842105,0.23684210526315788,0.7368421052631579,0.6774193548387096,0.03225806451612903,0.5
niah_mq_q2,17,138,1316,0.4146341463414634,0.7560975609756098,0.3125,0.15625,0.34146341463414637,244,32,0.7804878048780488,0.1951219512195122,0.6829268292682927,0.6875,0.03125,0.48780487804878053
niah_mq_q2,18,138,4267,0.918918918918919,0.972972972972973,0.2441860465116279,0.12790697674418605,0.05405405405405406,799,86,1.0,0.7837837837837838,0.918918918918919,0.43023255813953487,0.06976744186046512,0.1351351351351352
niah_mq_q2,19,138,1313,0.38461538461538464,0.7692307692307693,0.3548387096774194,0.16129032258064516,0.38461538461538464,242,31,0.7948717948717948,0.20512820512820512,0.6923076923076923,0.7096774193548387,0.03225806451612903,0.48717948717948717
niah_mq_q2,20,138,1315,0.45,0.75,0.2903225806451613,0.12903225806451613,0.3,243,31,0.775,0.225,0.7,0.7096774193548387,0.0,0.475
niah_mq_q2,21,138,4262,0.9487179487179487,1.0,0.367816091954023,0.14942528735632185,0.05128205128205132,801,87,1.0,0.7692307692307693,0.9230769230769231,0.47126436781609193,0.04597701149425287,0.15384615384615385
niah_mq_q2,22,138,1318,0.40476190476190477,0.6428571428571429,0.25,0.15625,0.23809523809523814,245,32,0.7619047619047619,0.16666666666666666,0.6666666666666666,0.71875,0.0625,0.5
niah_mq_q2,23,138,4274,0.9473684210526315,0.9736842105263158,0.28735632183908044,0.16091954022988506,0.026315789473684292,800,87,1.0,0.8421052631578947,0.9210526315789473,0.4367816091954023,0.05747126436781609,0.07894736842105265
niah_mq_q2,24,138,1316,0.5128205128205128,0.7948717948717948,0.22580645161290322,0.12903225806451613,0.28205128205128205,242,31,0.7948717948717948,0.15384615384615385,0.6666666666666666,0.7741935483870968,0.03225806451612903,0.5128205128205128
niah_mq_q2,25,138,4272,0.9743589743589743,0.9743589743589743,0.1724137931034483,0.14942528735632185,0.0,801,87,1.0,0.8205128205128205,0.8717948717948718,0.4482758620689655,0.06896551724137931,0.05128205128205132
niah_mq_q2,26,138,4275,1.0,1.0,0.22988505747126436,0.16091954022988506,0.0,801,87,1.0,0.8461538461538461,0.9230769230769231,0.45977011494252873,0.05747126436781609,0.07692307692307698
niah_mq_q2,27,138,4274,0.925,0.95,0.28735632183908044,0.16091954022988506,0.02499999999999991,802,87,1.0,0.875,0.925,0.4827586206896552,0.04597701149425287,0.050000000000000044
niah_mq_q2,28,138,4265,0.9743589743589743,1.0,0.2988505747126437,0.16091954022988506,0.02564102564102566,801,87,1.0,0.7948717948717948,0.9230769230769231,0.45977011494252873,0.04597701149425287,0.1282051282051283
niah_mq_q2,29,138,1308,0.47368421052631576,0.7894736842105263,0.25806451612903225,0.12903225806451613,0.31578947368421056,241,31,0.8157894736842105,0.2631578947368421,0.7631578947368421,0.6129032258064516,0.03225806451612903,0.5
niah_mq_q2,30,138,1315,0.375,0.75,0.3870967741935484,0.12903225806451613,0.375,243,31,0.775,0.225,0.7,0.6451612903225806,0.03225806451612903,0.475
niah_mq_q2,31,138,4269,1.0,1.0,0.3218390804597701,0.1839080459770115,0.0,801,87,1.0,0.8461538461538461,0.9743589743589743,0.45977011494252873,0.05747126436781609,0.1282051282051282
niah_mq_q2,32,138,1317,0.39473684210526316,0.7894736842105263,0.3870967741935484,0.12903225806451613,0.39473684210526316,241,31,0.8157894736842105,0.18421052631578946,0.6842105263157895,0.6774193548387096,0.03225806451612903,0.5
niah_mq_q2,33,138,4269,0.9743589743589743,0.9743589743589743,0.26436781609195403,0.20689655172413793,0.0,801,87,1.0,0.8205128205128205,0.9487179487179487,0.45977011494252873,0.05747126436781609,0.1282051282051282
niah_mq_q2,34,138,1322,0.39473684210526316,0.7894736842105263,0.3548387096774194,0.16129032258064516,0.39473684210526316,241,31,0.8157894736842105,0.18421052631578946,0.7105263157894737,0.6774193548387096,0.03225806451612903,0.5263157894736842
niah_mq_q2,35,138,4277,0.9736842105263158,1.0,0.3333333333333333,0.16091954022988506,0.02631578947368418,800,87,1.0,0.9210526315789473,0.9473684210526315,0.4367816091954023,0.05747126436781609,0.02631578947368418
niah_mq_q2,36,138,1320,0.42857142857142855,0.7380952380952381,0.28125,0.125,0.3095238095238096,245,32,0.7619047619047619,0.19047619047619047,0.6428571428571429,0.71875,0.03125,0.45238095238095244
niah_mq_q2,37,138,1322,0.46153846153846156,0.7692307692307693,0.2903225806451613,0.12903225806451613,0.3076923076923077,242,31,0.7948717948717948,0.28205128205128205,0.717948717948718,0.6129032258064516,0.03225806451612903,0.4358974358974359
niah_mq_q2,38,138,4274,1.0,1.0,0.2988505747126437,0.13793103448275862,0.0,802,87,1.0,0.75,0.925,0.4827586206896552,0.05747126436781609,0.17500000000000004
niah_mq_q2,39,138,1311,0.41025641025641024,0.7692307692307693,0.2903225806451613,0.16129032258064516,0.35897435897435903,242,31,0.7948717948717948,0.15384615384615385,0.6923076923076923,0.7096774193548387,0.03225806451612903,0.5384615384615384
niah_mq_q2,40,138,4274,0.9459459459459459,1.0,0.32558139534883723,0.18604651162790697,0.05405405405405406,799,86,1.0,0.8378378378378378,0.9459459459459459,0.43023255813953487,0.06976744186046512,0.10810810810810811
niah_mq_q2,41,138,4268,0.9473684210526315,1.0,0.26436781609195403,0.14942528735632185,0.052631578947368474,800,87,1.0,0.7894736842105263,0.9473684210526315,0.4367816091954023,0.06896551724137931,0.1578947368421052
niah_mq_q2,42,138,1319,0.5,0.75,0.22580645161290322,0.12903225806451613,0.25,243,31,0.775,0.175,0.675,0.6774193548387096,0.03225806451612903,0.5
niah_mq_q2,43,138,1313,0.41025641025641024,0.7692307692307693,0.3548387096774194,0.12903225806451613,0.35897435897435903,242,31,0.7948717948717948,0.20512820512820512,0.717948717948718,0.7096774193548387,0.03225806451612903,0.5128205128205128
niah_mq_q2,44,138,1323,0.4146341463414634,0.7804878048780488,0.3125,0.15625,0.3658536585365854,244,32,0.7804878048780488,0.21951219512195122,0.6829268292682927,0.6875,0.03125,0.46341463414634154
niah_mq_q2,45,138,1315,0.45,0.725,0.25806451612903225,0.16129032258064516,0.27499999999999997,243,31,0.775,0.275,0.7,0.5806451612903226,0.03225806451612903,0.42499999999999993
niah_mq_q2,46,138,4265,0.9736842105263158,1.0,0.27586206896551724,0.16091954022988506,0.02631578947368418,800,87,1.0,0.8157894736842105,0.9210526315789473,0.4367816091954023,0.05747126436781609,0.10526315789473684
niah_mq_q2,47,138,4270,0.9743589743589743,1.0,0.3218390804597701,0.16091954022988506,0.02564102564102566,801,87,1.0,0.8205128205128205,0.9230769230769231,0.47126436781609193,0.05747126436781609,0.10256410256410264
niah_mq_q2,48,138,4268,0.975609756097561,1.0,0.3068181818181818,0.18181818181818182,0.024390243902439046,803,88,1.0,0.7804878048780488,0.975609756097561,0.48863636363636365,0.056818181818181816,0.19512195121951215
niah_mq_q2,49,138,4266,0.9736842105263158,1.0,0.3333333333333333,0.16091954022988506,0.02631578947368418,800,87,1.0,0.7894736842105263,0.9210526315789473,0.4482758620689655,0.06896551724137931,0.13157894736842102
niah_mq_q2,50,138,1321,0.40476190476190477,0.7380952380952381,0.34375,0.125,0.33333333333333337,245,32,0.7619047619047619,0.23809523809523808,0.6666666666666666,0.625,0.03125,0.42857142857142855
niah_mq_q2,51,138,1320,0.43902439024390244,0.7560975609756098,0.25,0.1875,0.3170731707317073,244,32,0.7804878048780488,0.1951219512195122,0.6585365853658537,0.65625,0.03125,0.4634146341463415
niah_mq_q2,52,138,4273,0.9743589743589743,0.9743589743589743,0.3333333333333333,0.14942528735632185,0.0,801,87,1.0,0.7948717948717948,0.9230769230769231,0.47126436781609193,0.05747126436781609,0.1282051282051283
niah_mq_q2,53,138,4272,0.9743589743589743,1.0,0.2988505747126437,0.12643678160919541,0.02564102564102566,801,87,1.0,0.8461538461538461,0.9230769230769231,0.47126436781609193,0.04597701149425287,0.07692307692307698
niah_mq_q2,54,138,4272,0.9736842105263158,0.9736842105263158,0.26436781609195403,0.14942528735632185,0.0,800,87,1.0,0.8421052631578947,0.8947368421052632,0.4367816091954023,0.05747126436781609,0.052631578947368474
niah_mq_q2,55,138,1320,0.375,0.75,0.3548387096774194,0.16129032258064516,0.375,243,31,0.775,0.175,0.675,0.7419354838709677,0.03225806451612903,0.5
niah_mq_q2,56,138,1306,0.4473684210526316,0.7894736842105263,0.3225806451612903,0.12903225806451613,0.34210526315789475,241,31,0.8157894736842105,0.15789473684210525,0.6578947368421053,0.7741935483870968,0.03225806451612903,0.5
niah_mq_q2,57,138,1315,0.4358974358974359,0.7692307692307693,0.2903225806451613,0.16129032258064516,0.33333333333333337,242,31,0.7948717948717948,0.20512820512820512,0.717948717948718,0.6774193548387096,0.03225806451612903,0.5128205128205128
niah_mq_q2,58,138,4271,0.9487179487179487,1.0,0.28735632183908044,0.16091954022988506,0.05128205128205132,801,87,1.0,0.717948717948718,0.9487179487179487,0.45977011494252873,0.06896551724137931,0.23076923076923073
niah_mq_q2,59,138,1315,0.4358974358974359,0.7692307692307693,0.2903225806451613,0.16129032258064516,0.33333333333333337,242,31,0.7948717948717948,0.20512820512820512,0.717948717948718,0.6774193548387096,0.03225806451612903,0.5128205128205128
niah_mq_q2,60,138,1323,0.46511627906976744,0.7441860465116279,0.25,0.125,0.27906976744186046,246,32,0.7441860465116279,0.20930232558139536,0.6976744186046512,0.65625,0.03125,0.4883720930232558
niah_mq_q2,61,138,4267,0.9743589743589743,0.9743589743589743,0.3333333333333333,0.14942528735632185,0.0,801,87,1.0,0.8205128205128205,0.8974358974358975,0.45977011494252873,0.05747126436781609,0.07692307692307698
niah_mq_q2,62,138,4286,0.8974358974358975,0.9487179487179487,0.27586206896551724,0.14942528735632185,0.05128205128205121,801,87,1.0,0.8461538461538461,0.9487179487179487,0.45977011494252873,0.05747126436781609,0.10256410256410253
niah_mq_q2,63,138,4266,0.9743589743589743,1.0,0.28735632183908044,0.1839080459770115,0.02564102564102566,801,87,1.0,0.7435897435897436,0.9487179487179487,0.45977011494252873,0.04597701149425287,0.20512820512820507
niah_mq_q2,64,138,1311,0.358974358974359,0.7692307692307693,0.3870967741935484,0.16129032258064516,0.4102564102564103,242,31,0.7948717948717948,0.23076923076923078,0.717948717948718,0.6451612903225806,0.03225806451612903,0.48717948717948717
niah_mq_q2,65,138,4273,0.9736842105263158,1.0,0.3218390804597701,0.14942528735632185,0.02631578947368418,800,87,1.0,0.868421052631579,0.8947368421052632,0.4482758620689655,0.05747126436781609,0.02631578947368418
niah_mq_q2,66,138,1329,0.36363636363636365,0.7272727272727273,0.36363636363636365,0.12121212121212122,0.36363636363636365,247,33,0.75,0.1590909090909091,0.6818181818181818,0.7272727272727273,0.030303030303030304,0.5227272727272727
niah_mq_q2,67,138,1312,0.358974358974359,0.7692307692307693,0.41935483870967744,0.12903225806451613,0.4102564102564103,242,31,0.7948717948717948,0.23076923076923078,0.717948717948718,0.6774193548387096,0.03225806451612903,0.48717948717948717
niah_mq_q2,68,138,4267,0.9487179487179487,0.9743589743589743,0.2413793103448276,0.16091954022988506,0.02564102564102566,801,87,1.0,0.7948717948717948,0.8717948717948718,0.45977011494252873,0.06896551724137931,0.07692307692307698
niah_mq_q2,69,138,1305,0.41025641025641024,0.6923076923076923,0.1935483870967742,0.1935483870967742,0.28205128205128205,242,31,0.7948717948717948,0.23076923076923078,0.6666666666666666,0.6129032258064516,0.03225806451612903,0.43589743589743585
niah_mq_q2,70,138,4270,0.9736842105263158,1.0,0.28735632183908044,0.1724137931034483,0.02631578947368418,800,87,1.0,0.868421052631579,0.9473684210526315,0.4367816091954023,0.05747126436781609,0.07894736842105254
niah_mq_q2,71,138,1321,0.37209302325581395,0.7209302325581395,0.3125,0.15625,0.34883720930232553,246,32,0.7441860465116279,0.2558139534883721,0.6511627906976745,0.625,0.0,0.39534883720930236
niah_mq_q2,72,138,4267,0.975,0.975,0.2413793103448276,0.16091954022988506,0.0,802,87,1.0,0.85,0.975,0.4827586206896552,0.05747126436781609,0.125
niah_mq_q2,73,138,1318,0.4444444444444444,0.8055555555555556,0.3,0.16666666666666666,0.36111111111111116,239,30,0.8333333333333334,0.25,0.7222222222222222,0.6333333333333333,0.03333333333333333,0.4722222222222222
niah_mq_q2,74,138,1319,0.42857142857142855,0.7380952380952381,0.28125,0.15625,0.3095238095238096,245,32,0.7619047619047619,0.16666666666666666,0.6904761904761905,0.71875,0.03125,0.5238095238095238
niah_mq_q2,75,138,4269,0.9736842105263158,1.0,0.367816091954023,0.16091954022988506,0.02631578947368418,800,87,1.0,0.8421052631578947,0.9473684210526315,0.4482758620689655,0.06896551724137931,0.10526315789473684
niah_mq_q2,76,138,4276,0.9230769230769231,0.9487179487179487,0.3448275862068966,0.20689655172413793,0.02564102564102555,801,87,1.0,0.8205128205128205,0.9487179487179487,0.47126436781609193,0.05747126436781609,0.1282051282051282
niah_mq_q2,77,138,1314,0.4146341463414634,0.7560975609756098,0.3125,0.15625,0.34146341463414637,244,32,0.7804878048780488,0.24390243902439024,0.7073170731707317,0.65625,0.03125,0.46341463414634143
niah_mq_q2,78,138,4277,0.9743589743589743,1.0,0.26436781609195403,0.14942528735632185,0.02564102564102566,801,87,1.0,0.7948717948717948,0.9230769230769231,0.45977011494252873,0.05747126436781609,0.1282051282051283
niah_mq_q2,79,138,4273,0.9743589743589743,0.9743589743589743,0.3218390804597701,0.16091954022988506,0.0,801,87,1.0,0.717948717948718,0.9230769230769231,0.4482758620689655,0.06896551724137931,0.20512820512820518
niah_mq_q2,80,138,1316,0.425,0.775,0.3225806451612903,0.12903225806451613,0.35000000000000003,243,31,0.775,0.175,0.7,0.7096774193548387,0.03225806451612903,0.5249999999999999
niah_mq_q2,81,138,1314,0.46153846153846156,0.7692307692307693,0.2903225806451613,0.12903225806451613,0.3076923076923077,242,31,0.7948717948717948,0.20512820512820512,0.6923076923076923,0.6774193548387096,0.03225806451612903,0.48717948717948717
niah_mq_q2,82,138,1307,0.4473684210526316,0.8157894736842105,0.25806451612903225,0.1935483870967742,0.3684210526315789,241,31,0.8157894736842105,0.23684210526315788,0.6578947368421053,0.6451612903225806,0.03225806451612903,0.42105263157894746
niah_mq_q2,83,138,1318,0.4,0.75,0.3225806451612903,0.16129032258064516,0.35,243,31,0.775,0.15,0.7,0.7741935483870968,0.03225806451612903,0.5499999999999999
niah_mq_q2,84,138,4272,0.9210526315789473,0.9473684210526315,0.26436781609195403,0.1839080459770115,0.02631578947368418,800,87,1.0,0.8157894736842105,0.9473684210526315,0.4367816091954023,0.05747126436781609,0.13157894736842102
niah_mq_q2,85,138,4265,1.0,1.0,0.2558139534883721,0.19767441860465115,0.0,799,86,1.0,0.8108108108108109,0.918918918918919,0.4186046511627907,0.06976744186046512,0.10810810810810811
niah_mq_q2,86,138,1315,0.46153846153846156,0.7435897435897436,0.25806451612903225,0.16129032258064516,0.28205128205128205,242,31,0.7948717948717948,0.2564102564102564,0.6666666666666666,0.6129032258064516,0.03225806451612903,0.41025641025641024
niah_mq_q2,87,138,4276,0.9459459459459459,0.972972972972973,0.3023255813953488,0.16279069767441862,0.027027027027027084,799,86,1.0,0.8648648648648649,0.972972972972973,0.4186046511627907,0.06976744186046512,0.10810810810810811
niah_mq_q2,88,138,4274,1.0,1.0,0.2558139534883721,0.16279069767441862,0.0,799,86,1.0,0.8108108108108109,0.918918918918919,0.4186046511627907,0.05813953488372093,0.10810810810810811
niah_mq_q2,89,138,1316,0.375,0.775,0.3548387096774194,0.16129032258064516,0.4,243,31,0.775,0.225,0.7,0.7096774193548387,0.0,0.475
niah_mq_q2,90,138,1309,0.4473684210526316,0.7631578947368421,0.2903225806451613,0.16129032258064516,0.31578947368421056,241,31,0.8157894736842105,0.2631578947368421,0.7368421052631579,0.6129032258064516,0.03225806451612903,0.47368421052631576
niah_mq_q2,91,138,1321,0.425,0.75,0.3225806451612903,0.12903225806451613,0.325,243,31,0.775,0.25,0.725,0.6451612903225806,0.03225806451612903,0.475
niah_mq_q2,92,138,4269,0.9487179487179487,0.9743589743589743,0.2988505747126437,0.16091954022988506,0.02564102564102566,801,87,1.0,0.8205128205128205,0.9230769230769231,0.45977011494252873,0.06896551724137931,0.10256410256410264
niah_mq_q2,93,138,1314,0.4864864864864865,0.8108108108108109,0.25806451612903225,0.16129032258064516,0.32432432432432434,240,31,0.8378378378378378,0.1891891891891892,0.7567567567567568,0.7096774193548387,0.03225806451612903,0.5675675675675675
niah_mq_q2,94,138,1315,0.3157894736842105,0.6842105263157895,0.3548387096774194,0.12903225806451613,0.368421052631579,241,31,0.8157894736842105,0.2894736842105263,0.7105263157894737,0.6129032258064516,0.0,0.42105263157894735
niah_mq_q2,95,138,1313,0.4146341463414634,0.7804878048780488,0.28125,0.1875,0.3658536585365854,244,32,0.7804878048780488,0.1951219512195122,0.7317073170731707,0.71875,0.03125,0.5365853658536586
niah_mq_q2,96,138,1316,0.45,0.75,0.2903225806451613,0.12903225806451613,0.3,243,31,0.775,0.225,0.65,0.6451612903225806,0.03225806451612903,0.42500000000000004
niah_mq_q2,97,138,1310,0.41025641025641024,0.7692307692307693,0.3225806451612903,0.16129032258064516,0.35897435897435903,242,31,0.7948717948717948,0.20512820512820512,0.717948717948718,0.7096774193548387,0.03225806451612903,0.5128205128205128
niah_mq_q2,98,138,4271,1.0,1.0,0.3068181818181818,0.13636363636363635,0.0,803,88,1.0,0.7804878048780488,0.9024390243902439,0.48863636363636365,0.056818181818181816,0.12195121951219512
niah_mq_q2,99,138,1315,0.41025641025641024,0.7692307692307693,0.3225806451612903,0.16129032258064516,0.35897435897435903,242,31,0.7948717948717948,0.23076923076923078,0.7435897435897436,0.6774193548387096,0.03225806451612903,0.5128205128205128
niah_mq_q4,0,138,4072,0.5324675324675324,0.8571428571428571,0.3372093023255814,0.13953488372093023,0.3246753246753247,779,86,1.0,0.5584415584415584,0.8701298701298701,0.4418604651162791,0.046511627906976744,0.3116883116883117
niah_mq_q4,1,138,4068,0.5454545454545454,0.8181818181818182,0.36046511627906974,0.10465116279069768,0.2727272727272728,779,86,1.0,0.5454545454545454,0.8571428571428571,0.4418604651162791,0.046511627906976744,0.3116883116883117
niah_mq_q4,2,138,1164,0.2125,0.375,0.2903225806451613,0.12903225806451613,0.1625,219,31,0.3875,0.175,0.375,0.5483870967741935,0.0,0.2
niah_mq_q4,3,138,1160,0.20987654320987653,0.38271604938271603,0.3225806451612903,0.12903225806451613,0.1728395061728395,220,31,0.38271604938271603,0.12345679012345678,0.345679012345679,0.6129032258064516,0.06451612903225806,0.2222222222222222
niah_mq_q4,4,138,1160,0.189873417721519,0.3670886075949367,0.3333333333333333,0.13333333333333333,0.17721518987341772,218,30,0.379746835443038,0.12658227848101267,0.379746835443038,0.6,0.06666666666666667,0.25316455696202533
niah_mq_q4,5,138,4073,0.5974025974025974,0.922077922077922,0.3372093023255814,0.10465116279069768,0.3246753246753247,779,86,1.0,0.5324675324675324,0.922077922077922,0.45348837209302323,0.046511627906976744,0.38961038961038963
niah_mq_q4,6,138,4070,0.5921052631578947,0.881578947368421,0.313953488372093,0.11627906976744186,0.2894736842105263,778,86,1.0,0.5394736842105263,0.881578947368421,0.45348837209302323,0.046511627906976744,0.3421052631578947
niah_mq_q4,7,138,4077,0.7088607594936709,0.8481012658227848,0.21839080459770116,0.11494252873563218,0.1392405063291139,781,87,1.0,0.5569620253164557,0.8987341772151899,0.4367816091954023,0.04597701149425287,0.3417721518987342
niah_mq_q4,8,138,4074,0.6153846153846154,0.8589743589743589,0.2558139534883721,0.13953488372093023,0.2435897435897435,780,86,1.0,0.5512820512820513,0.8717948717948718,0.4418604651162791,0.03488372093023256,0.3205128205128205
niah_mq_q4,9,138,4073,0.5641025641025641,0.8205128205128205,0.3372093023255814,0.12790697674418605,0.2564102564102564,780,86,1.0,0.5256410256410257,0.8846153846153846,0.46511627906976744,0.046511627906976744,0.3589743589743589
niah_mq_q4,10,138,4079,0.5822784810126582,0.8354430379746836,0.3218390804597701,0.10344827586206896,0.25316455696202533,781,87,1.0,0.569620253164557,0.8481012658227848,0.4367816091954023,0.022988505747126436,0.2784810126582278
niah_mq_q4,11,138,4071,0.6363636363636364,0.8571428571428571,0.2558139534883721,0.11627906976744186,0.22077922077922074,779,86,1.0,0.5454545454545454,0.8701298701298701,0.43023255813953487,0.046511627906976744,0.3246753246753247
niah_mq_q4,12,138,1152,0.225,0.375,0.2903225806451613,0.0967741935483871,0.15,219,31,0.3875,0.1375,0.375,0.6129032258064516,0.03225806451612903,0.2375
niah_mq_q4,13,138,4067,0.5526315789473685,0.881578947368421,0.32558139534883723,0.13953488372093023,0.32894736842105254,778,86,1.0,0.5394736842105263,0.868421052631579,0.45348837209302323,0.046511627906976744,0.32894736842105265
niah_mq_q4,14,138,1156,0.15384615384615385,0.38461538461538464,0.43333333333333335,0.16666666666666666,0.23076923076923078,217,30,0.38461538461538464,0.14102564102564102,0.358974358974359,0.6,0.03333333333333333,0.21794871794871795
niah_mq_q4,15,138,1164,0.225,0.375,0.25806451612903225,0.16129032258064516,0.15,219,31,0.3875,0.1375,0.375,0.6129032258064516,0.03225806451612903,0.2375
niah_mq_q4,16,138,4079,0.5324675324675324,0.8441558441558441,0.36046511627906974,0.12790697674418605,0.3116883116883117,779,86,1.0,0.5584415584415584,0.8961038961038961,0.45348837209302323,0.03488372093023256,0.33766233766233766
niah_mq_q4,17,138,4085,0.6666666666666666,0.8333333333333334,0.23255813953488372,0.11627906976744186,0.16666666666666674,780,86,1.0,0.5384615384615384,0.8717948717948718,0.4418604651162791,0.03488372093023256,0.33333333333333337
niah_mq_q4,18,138,1161,0.21518987341772153,0.3670886075949367,0.3,0.1,0.1518987341772152,218,30,0.379746835443038,0.13924050632911392,0.379746835443038,0.6,0.03333333333333333,0.24050632911392408
niah_mq_q4,19,138,1175,0.21794871794871795,0.3717948717948718,0.26666666666666666,0.13333333333333333,0.15384615384615385,217,30,0.38461538461538464,0.11538461538461539,0.3717948717948718,0.6666666666666666,0.03333333333333333,0.2564102564102564
niah_mq_q4,20,138,4069,0.5844155844155844,0.8571428571428571,0.3372093023255814,0.11627906976744186,0.2727272727272727,779,86,1.0,0.5454545454545454,0.8961038961038961,0.45348837209302323,0.046511627906976744,0.35064935064935066
niah_mq_q4,21,138,4073,0.6410256410256411,0.8846153846153846,0.26744186046511625,0.13953488372093023,0.2435897435897435,780,86,1.0,0.5769230769230769,0.8974358974358975,0.43023255813953487,0.046511627906976744,0.3205128205128206
niah_mq_q4,22,138,4075,0.6578947368421053,0.8552631578947368,0.3023255813953488,0.09302325581395349,0.19736842105263153,778,86,1.0,0.5263157894736842,0.881578947368421,0.45348837209302323,0.046511627906976744,0.35526315789473684
niah_mq_q4,23,138,1168,0.20512820512820512,0.3717948717948718,0.3,0.13333333333333333,0.16666666666666669,217,30,0.38461538461538464,0.14102564102564102,0.38461538461538464,0.5666666666666667,0.06666666666666667,0.2435897435897436
niah_mq_q4,24,138,4065,0.5897435897435898,0.8076923076923077,0.29069767441860467,0.13953488372093023,0.21794871794871795,780,86,1.0,0.5256410256410257,0.9102564102564102,0.46511627906976744,0.046511627906976744,0.3846153846153846
niah_mq_q4,25,138,4076,0.6,0.8533333333333334,0.3058823529411765,0.11764705882352941,0.2533333333333334,777,85,1.0,0.5733333333333334,0.88,0.4117647058823529,0.047058823529411764,0.30666666666666664
niah_mq_q4,26,138,4089,0.569620253164557,0.8607594936708861,0.3103448275862069,0.12643678160919541,0.2911392405063291,781,87,1.0,0.5443037974683544,0.8860759493670886,0.4482758620689655,0.034482758620689655,0.3417721518987341
niah_mq_q4,27,138,4075,0.6363636363636364,0.8831168831168831,0.3023255813953488,0.10465116279069768,0.24675324675324672,779,86,1.0,0.5324675324675324,0.8701298701298701,0.4418604651162791,0.046511627906976744,0.33766233766233766
niah_mq_q4,28,138,4083,0.6075949367088608,0.8987341772151899,0.2988505747126437,0.11494252873563218,0.2911392405063291,781,87,1.0,0.5443037974683544,0.8734177215189873,0.42528735632183906,0.04597701149425287,0.3291139240506329
niah_mq_q4,29,138,1153,0.16883116883116883,0.38961038961038963,0.43333333333333335,0.13333333333333333,0.2207792207792208,216,30,0.38961038961038963,0.11688311688311688,0.37662337662337664,0.6333333333333333,0.06666666666666667,0.25974025974025977
niah_mq_q4,30,138,1165,0.19753086419753085,0.37037037037037035,0.3225806451612903,0.12903225806451613,0.1728395061728395,220,31,0.38271604938271603,0.14814814814814814,0.37037037037037035,0.5161290322580645,0.06451612903225806,0.2222222222222222
niah_mq_q4,31,138,4078,0.5875,0.8625,0.2988505747126437,0.12643678160919541,0.275,782,87,1.0,0.5375,0.8875,0.4367816091954023,0.04597701149425287,0.35
niah_mq_q4,32,138,1156,0.21518987341772153,0.379746835443038,0.3,0.13333333333333333,0.16455696202531647,218,30,0.379746835443038,0.12658227848101267,0.3670886075949367,0.5666666666666667,0.1,0.24050632911392406
niah_mq_q4,33,138,4072,0.5789473684210527,0.8421052631578947,0.3372093023255814,0.10465116279069768,0.26315789473684204,778,86,1.0,0.5657894736842105,0.868421052631579,0.4418604651162791,0.046511627906976744,0.3026315789473685
niah_mq_q4,34,138,4070,0.6153846153846154,0.8333333333333334,0.3023255813953488,0.10465116279069768,0.21794871794871795,780,86,1.0,0.5641025641025641,0.8846153846153846,0.43023255813953487,0.046511627906976744,0.3205128205128205
niah_mq_q4,35,138,1161,0.24691358024691357,0.38271604938271603,0.22580645161290322,0.12903225806451613,0.13580246913580246,220,31,0.38271604938271603,0.1111111111111111,0.37037037037037035,0.6774193548387096,0.03225806451612903,0.25925925925925924
niah_mq_q4,36,138,4086,0.6133333333333333,0.84,0.27058823529411763,0.12941176470588237,0.22666666666666668,777,85,1.0,0.5866666666666667,0.88,0.4,0.047058823529411764,0.29333333333333333
niah_mq_q4,37,138,4076,0.6025641025641025,0.8846153846153846,0.29069767441860467,0.12790697674418605,0.28205128205128205,780,86,1.0,0.5641025641025641,0.8974358974358975,0.4069767441860465,0.046511627906976744,0.33333333333333337
niah_mq_q4,38,138,1155,0.24358974358974358,0.38461538461538464,0.23333333333333334,0.13333333333333333,0.14102564102564105,217,30,0.38461538461538464,0.1282051282051282,0.3717948717948718,0.6,0.06666666666666667,0.2435897435897436
niah_mq_q4,39,138,1172,0.21794871794871795,0.3717948717948718,0.3,0.1,0.15384615384615385,217,30,0.38461538461538464,0.15384615384615385,0.3717948717948718,0.5333333333333333,0.06666666666666667,0.21794871794871795
niah_mq_q4,40,138,4071,0.5769230769230769,0.8205128205128205,0.3023255813953488,0.13953488372093023,0.2435897435897436,780,86,1.0,0.5256410256410257,0.8846153846153846,0.45348837209302323,0.046511627906976744,0.3589743589743589
niah_mq_q4,41,138,4081,0.5802469135802469,0.8148148148148148,0.3218390804597701,0.11494252873563218,0.23456790123456783,783,87,1.0,0.5432098765432098,0.8765432098765432,0.41379310344827586,0.04597701149425287,0.33333333333333337
niah_mq_q4,42,138,1152,0.20253164556962025,0.3670886075949367,0.3,0.13333333333333333,0.16455696202531647,218,30,0.379746835443038,0.13924050632911392,0.379746835443038,0.6,0.03333333333333333,0.24050632911392408
niah_mq_q4,43,138,1152,0.19480519480519481,0.38961038961038963,0.3,0.2,0.19480519480519481,216,30,0.38961038961038963,0.11688311688311688,0.37662337662337664,0.6333333333333333,0.06666666666666667,0.25974025974025977
niah_mq_q4,44,138,4078,0.5974025974025974,0.8571428571428571,0.32558139534883723,0.11627906976744186,0.2597402597402597,779,86,1.0,0.5194805194805194,0.8831168831168831,0.47674418604651164,0.046511627906976744,0.36363636363636365
niah_mq_q4,45,138,4078,0.5844155844155844,0.8051948051948052,0.3372093023255814,0.09302325581395349,0.22077922077922085,779,86,1.0,0.5324675324675324,0.8831168831168831,0.45348837209302323,0.046511627906976744,0.35064935064935066
niah_mq_q4,46,138,4085,0.5897435897435898,0.8333333333333334,0.313953488372093,0.11627906976744186,0.2435897435897436,780,86,1.0,0.5256410256410257,0.8717948717948718,0.45348837209302323,0.023255813953488372,0.34615384615384615
niah_mq_q4,47,138,4073,0.6103896103896104,0.8831168831168831,0.313953488372093,0.09302325581395349,0.2727272727272727,779,86,1.0,0.5454545454545454,0.8831168831168831,0.45348837209302323,0.046511627906976744,0.33766233766233766
niah_mq_q4,48,138,4079,0.6455696202531646,0.8607594936708861,0.25287356321839083,0.11494252873563218,0.21518987341772156,781,87,1.0,0.5316455696202531,0.8734177215189873,0.4482758620689655,0.04597701149425287,0.3417721518987342
niah_mq_q4,49,138,1151,0.2073170731707317,0.36585365853658536,0.2903225806451613,0.12903225806451613,0.15853658536585366,221,31,0.3780487804878049,0.14634146341463414,0.3780487804878049,0.5483870967741935,0.06451612903225806,0.23170731707317074
niah_mq_q4,50,138,4084,0.5769230769230769,0.9102564102564102,0.32558139534883723,0.12790697674418605,0.33333333333333337,780,86,1.0,0.5,0.8974358974358975,0.47674418604651164,0.046511627906976744,0.39743589743589747
niah_mq_q4,51,138,4063,0.5641025641025641,0.8846153846153846,0.3488372093023256,0.09302325581395349,0.3205128205128205,780,86,1.0,0.5384615384615384,0.8717948717948718,0.4418604651162791,0.046511627906976744,0.33333333333333337
niah_mq_q4,52,138,1161,0.20987654320987653,0.38271604938271603,0.2903225806451613,0.16129032258064516,0.1728395061728395,220,31,0.38271604938271603,0.14814814814814814,0.37037037037037035,0.5483870967741935,0.06451612903225806,0.2222222222222222
niah_mq_q4,53,138,1150,0.24358974358974358,0.3717948717948718,0.23333333333333334,0.1,0.12820512820512822,217,30,0.38461538461538464,0.14102564102564102,0.3717948717948718,0.5666666666666667,0.06666666666666667,0.23076923076923078
niah_mq_q4,54,138,1155,0.21518987341772153,0.3670886075949367,0.26666666666666666,0.13333333333333333,0.1518987341772152,218,30,0.379746835443038,0.1518987341772152,0.3670886075949367,0.6,0.0,0.21518987341772153
niah_mq_q4,55,138,4083,0.5822784810126582,0.8227848101265823,0.3103448275862069,0.12643678160919541,0.2405063291139241,781,87,1.0,0.5063291139240507,0.8734177215189873,0.5057471264367817,0.022988505747126436,0.36708860759493667
niah_mq_q4,56,138,1155,0.2125,0.375,0.2903225806451613,0.12903225806451613,0.1625,219,31,0.3875,0.15,0.3875,0.5806451612903226,0.03225806451612903,0.23750000000000002
niah_mq_q4,57,138,4068,0.5657894736842105,0.8421052631578947,0.3372093023255814,0.11627906976744186,0.2763157894736842,778,86,1.0,0.5657894736842105,0.881578947368421,0.43023255813953487,0.046511627906976744,0.3157894736842105
niah_mq_q4,58,138,4074,0.7,0.8875,0.20689655172413793,0.10344827586206896,0.1875,782,87,1.0,0.525,0.8875,0.4482758620689655,0.04597701149425287,0.36249999999999993
niah_mq_q4,59,138,4071,0.5949367088607594,0.810126582278481,0.2988505747126437,0.11494252873563218,0.21518987341772156,781,87,1.0,0.5189873417721519,0.8987341772151899,0.4482758620689655,0.04597701149425287,0.379746835443038
niah_mq_q4,60,138,4081,0.569620253164557,0.8860759493670886,0.3333333333333333,0.11494252873563218,0.31645569620253156,781,87,1.0,0.5189873417721519,0.8860759493670886,0.4482758620689655,0.04597701149425287,0.36708860759493667
niah_mq_q4,61,138,4070,0.5949367088607594,0.9113924050632911,0.3448275862068966,0.09195402298850575,0.31645569620253167,781,87,1.0,0.4810126582278481,0.8734177215189873,0.4827586206896552,0.04597701149425287,0.3924050632911392
niah_mq_q4,62,138,4076,0.5769230769230769,0.8461538461538461,0.3488372093023256,0.09302325581395349,0.2692307692307693,780,86,1.0,0.5512820512820513,0.8974358974358975,0.4418604651162791,0.03488372093023256,0.34615384615384615
niah_mq_q4,63,138,4073,0.6455696202531646,0.7848101265822784,0.22988505747126436,0.13793103448275862,0.1392405063291139,781,87,1.0,0.5443037974683544,0.8860759493670886,0.4367816091954023,0.04597701149425287,0.3417721518987341
niah_mq_q4,64,138,4075,0.5822784810126582,0.8227848101265823,0.3218390804597701,0.11494252873563218,0.2405063291139241,781,87,1.0,0.5316455696202531,0.8987341772151899,0.4482758620689655,0.04597701149425287,0.3670886075949368
niah_mq_q4,65,138,1157,0.21794871794871795,0.3717948717948718,0.3,0.13333333333333333,0.15384615384615385,217,30,0.38461538461538464,0.14102564102564102,0.38461538461538464,0.6,0.03333333333333333,0.2435897435897436
niah_mq_q4,66,138,4084,0.569620253164557,0.8607594936708861,0.3333333333333333,0.12643678160919541,0.2911392405063291,781,87,1.0,0.5569620253164557,0.8860759493670886,0.4482758620689655,0.034482758620689655,0.3291139240506329
niah_mq_q4,67,138,4073,0.575,0.8375,0.3103448275862069,0.12643678160919541,0.26250000000000007,782,87,1.0,0.55,0.875,0.4367816091954023,0.034482758620689655,0.32499999999999996
niah_mq_q4,68,138,1157,0.21518987341772153,0.379746835443038,0.3333333333333333,0.1,0.16455696202531647,218,30,0.379746835443038,0.12658227848101267,0.35443037974683544,0.6,0.06666666666666667,0.22784810126582278
niah_mq_q4,69,138,4083,0.6075949367088608,0.8607594936708861,0.27586206896551724,0.12643678160919541,0.25316455696202533,781,87,1.0,0.5316455696202531,0.8734177215189873,0.4482758620689655,0.04597701149425287,0.3417721518987342
niah_mq_q4,70,138,1153,0.2375,0.3875,0.2903225806451613,0.0967741935483871,0.15000000000000002,219,31,0.3875,0.1625,0.375,0.5161290322580645,0.06451612903225806,0.2125
niah_mq_q4,71,138,4076,0.6282051282051282,0.8974358974358975,0.29069767441860467,0.11627906976744186,0.2692307692307693,780,86,1.0,0.5384615384615384,0.8717948717948718,0.4418604651162791,0.046511627906976744,0.33333333333333337
niah_mq_q4,72,138,4074,0.620253164556962,0.8860759493670886,0.2988505747126437,0.11494252873563218,0.26582278481012656,781,87,1.0,0.5063291139240507,0.8734177215189873,0.47126436781609193,0.04597701149425287,0.36708860759493667
niah_mq_q4,73,138,4079,0.6538461538461539,0.8333333333333334,0.26744186046511625,0.11627906976744186,0.17948717948717952,780,86,1.0,0.48717948717948717,0.8717948717948718,0.46511627906976744,0.046511627906976744,0.38461538461538464
niah_mq_q4,74,138,4075,0.5324675324675324,0.8831168831168831,0.32558139534883723,0.13953488372093023,0.35064935064935066,779,86,1.0,0.5584415584415584,0.8961038961038961,0.4418604651162791,0.03488372093023256,0.33766233766233766
niah_mq_q4,75,138,4081,0.6835443037974683,0.8607594936708861,0.20689655172413793,0.12643678160919541,0.17721518987341778,781,87,1.0,0.5949367088607594,0.8987341772151899,0.40229885057471265,0.034482758620689655,0.30379746835443044
niah_mq_q4,76,138,4077,0.5569620253164557,0.9113924050632911,0.3218390804597701,0.11494252873563218,0.35443037974683544,781,87,1.0,0.5063291139240507,0.8860759493670886,0.4827586206896552,0.04597701149425287,0.3797468354430379
niah_mq_q4,77,138,4084,0.5853658536585366,0.8780487804878049,0.3409090909090909,0.10227272727272728,0.29268292682926833,784,88,1.0,0.524390243902439,0.8536585365853658,0.4431818181818182,0.045454545454545456,0.3292682926829268
niah_mq_q4,78,138,4074,0.5512820512820513,0.8076923076923077,0.36046511627906974,0.09302325581395349,0.2564102564102564,780,86,1.0,0.5256410256410257,0.8846153846153846,0.45348837209302323,0.046511627906976744,0.3589743589743589
niah_mq_q4,79,138,4077,0.6,0.875,0.2988505747126437,0.10344827586206896,0.275,782,87,1.0,0.5,0.8625,0.45977011494252873,0.04597701149425287,0.36250000000000004
niah_mq_q4,80,138,1152,0.15,0.3,0.3225806451612903,0.12903225806451613,0.15,219,31,0.3875,0.1375,0.3625,0.5806451612903226,0.06451612903225806,0.22499999999999998
niah_mq_q4,81,138,4074,0.575,0.8875,0.3103448275862069,0.12643678160919541,0.3125,782,87,1.0,0.525,0.9,0.4482758620689655,0.04597701149425287,0.375
niah_mq_q4,82,138,4076,0.6375,0.825,0.2413793103448276,0.13793103448275862,0.1875,782,87,1.0,0.5125,0.9,0.45977011494252873,0.04597701149425287,0.38750000000000007
niah_mq_q4,83,138,1161,0.19480519480519481,0.37662337662337664,0.36666666666666664,0.1,0.18181818181818182,216,30,0.38961038961038963,0.15584415584415584,0.37662337662337664,0.5666666666666667,0.03333333333333333,0.2207792207792208
niah_mq_q4,84,138,4074,0.5769230769230769,0.8461538461538461,0.3023255813953488,0.12790697674418605,0.2692307692307693,780,86,1.0,0.5641025641025641,0.8461538461538461,0.4418604651162791,0.046511627906976744,0.28205128205128205
niah_mq_q4,85,138,4066,0.5584415584415584,0.8701298701298701,0.3488372093023256,0.12790697674418605,0.3116883116883117,779,86,1.0,0.5324675324675324,0.8831168831168831,0.45348837209302323,0.046511627906976744,0.35064935064935066
niah_mq_q4,86,138,4085,0.5974025974025974,0.8181818181818182,0.3023255813953488,0.10465116279069768,0.22077922077922085,779,86,1.0,0.5324675324675324,0.9090909090909091,0.46511627906976744,0.03488372093023256,0.37662337662337664
niah_mq_q4,87,138,4078,0.5569620253164557,0.8607594936708861,0.3218390804597701,0.11494252873563218,0.30379746835443044,781,87,1.0,0.4936708860759494,0.8860759493670886,0.45977011494252873,0.04597701149425287,0.39240506329113917
niah_mq_q4,88,138,4078,0.620253164556962,0.8734177215189873,0.26436781609195403,0.12643678160919541,0.25316455696202533,781,87,1.0,0.5316455696202531,0.8860759493670886,0.4367816091954023,0.04597701149425287,0.35443037974683544
niah_mq_q4,89,138,4080,0.5897435897435898,0.8846153846153846,0.3023255813953488,0.11627906976744186,0.2948717948717948,780,86,1.0,0.5512820512820513,0.8846153846153846,0.4418604651162791,0.046511627906976744,0.33333333333333326
niah_mq_q4,90,138,4075,0.5921052631578947,0.8421052631578947,0.32558139534883723,0.11627906976744186,0.25,778,86,1.0,0.5394736842105263,0.8947368421052632,0.4418604651162791,0.046511627906976744,0.35526315789473684
niah_mq_q4,91,138,4083,0.6341463414634146,0.8536585365853658,0.23863636363636365,0.125,0.2195121951219512,784,88,1.0,0.5121951219512195,0.8658536585365854,0.4772727272727273,0.022727272727272728,0.35365853658536583
niah_mq_q4,92,138,4075,0.6025641025641025,0.9102564102564102,0.3023255813953488,0.12790697674418605,0.3076923076923077,780,86,1.0,0.5256410256410257,0.8846153846153846,0.47674418604651164,0.046511627906976744,0.3589743589743589
niah_mq_q4,93,138,4073,0.6125,0.8625,0.3103448275862069,0.10344827586206896,0.25,782,87,1.0,0.525,0.85,0.4367816091954023,0.04597701149425287,0.32499999999999996
niah_mq_q4,94,138,1165,0.19753086419753085,0.38271604938271603,0.3225806451612903,0.16129032258064516,0.18518518518518517,220,31,0.38271604938271603,0.12345679012345678,0.38271604938271603,0.6129032258064516,0.06451612903225806,0.25925925925925924
niah_mq_q4,95,138,1157,0.23684210526315788,0.3684210526315789,0.20689655172413793,0.13793103448275862,0.13157894736842105,215,29,0.3815789473684211,0.15789473684210525,0.3815789473684211,0.5517241379310345,0.034482758620689655,0.22368421052631582
niah_mq_q4,96,138,1152,0.1951219512195122,0.3780487804878049,0.3548387096774194,0.12903225806451613,0.18292682926829268,221,31,0.3780487804878049,0.13414634146341464,0.3780487804878049,0.6129032258064516,0.03225806451612903,0.24390243902439024
niah_mq_q4,97,138,1168,0.2,0.36470588235294116,0.3125,0.125,0.16470588235294115,224,32,0.3764705882352941,0.12941176470588237,0.36470588235294116,0.625,0.03125,0.2352941176470588
niah_mq_q4,98,138,4088,0.6296296296296297,0.8888888888888888,0.2988505747126437,0.08045977011494253,0.2592592592592592,783,87,1.0,0.49382716049382713,0.8641975308641975,0.47126436781609193,0.04597701149425287,0.37037037037037035
niah_mq_q4,99,138,4079,0.6582278481012658,0.8227848101265823,0.2413793103448276,0.14942528735632185,0.16455696202531656,781,87,1.0,0.569620253164557,0.9113924050632911,0.42528735632183906,0.04597701149425287,0.3417721518987341
niah_mq_q8,0,138,908,0.12962962962962962,0.2037037037037037,0.21212121212121213,0.15151515151515152,0.07407407407407407,205,33,0.2037037037037037,0.05555555555555555,0.17901234567901234,0.6060606060606061,0.12121212121212122,0.12345679012345678
niah_mq_q8,1,138,884,0.11392405063291139,0.20253164556962025,0.28125,0.15625,0.08860759493670886,201,32,0.20253164556962025,0.0759493670886076,0.1962025316455696,0.5,0.125,0.12025316455696201
niah_mq_q8,2,138,894,0.11612903225806452,0.2,0.2903225806451613,0.12903225806451613,0.08387096774193549,198,31,0.2,0.07096774193548387,0.1870967741935484,0.5161290322580645,0.12903225806451613,0.11612903225806452
niah_mq_q8,3,138,906,0.1125,0.2,0.28125,0.15625,0.08750000000000001,203,32,0.2,0.06875,0.2,0.53125,0.125,0.13125
niah_mq_q8,4,138,910,0.10126582278481013,0.20253164556962025,0.34375,0.15625,0.10126582278481013,201,32,0.20253164556962025,0.0759493670886076,0.1962025316455696,0.5,0.125,0.12025316455696201
niah_mq_q8,5,138,895,0.10126582278481013,0.20253164556962025,0.375,0.125,0.10126582278481013,201,32,0.20253164556962025,0.056962025316455694,0.20253164556962025,0.6875,0.03125,0.14556962025316456
niah_mq_q8,6,138,898,0.1125,0.2,0.3125,0.125,0.08750000000000001,203,32,0.2,0.0375,0.18125,0.75,0.0625,0.14375
niah_mq_q8,7,138,890,0.11949685534591195,0.20125786163522014,0.28125,0.125,0.08176100628930819,202,32,0.20125786163522014,0.06918238993710692,0.18867924528301888,0.53125,0.125,0.11949685534591196
niah_mq_q8,8,138,901,0.125,0.2,0.25,0.125,0.07500000000000001,203,32,0.2,0.06875,0.1875,0.5625,0.09375,0.11875
niah_mq_q8,9,138,3854,0.34868421052631576,0.5460526315789473,0.22988505747126436,0.14942528735632185,0.19736842105263158,765,87,0.5723684210526315,0.2894736842105263,0.5394736842105263,0.4482758620689655,0.04597701149425287,0.25
niah_mq_q8,10,138,899,0.1125,0.2,0.28125,0.15625,0.08750000000000001,203,32,0.2,0.06875,0.19375,0.5625,0.09375,0.125
niah_mq_q8,11,138,906,0.13836477987421383,0.20125786163522014,0.1875,0.125,0.0628930817610063,202,32,0.20125786163522014,0.07547169811320754,0.20125786163522014,0.53125,0.09375,0.1257861635220126
niah_mq_q8,12,138,913,0.1464968152866242,0.19745222929936307,0.12903225806451613,0.12903225806451613,0.05095541401273887,200,31,0.19745222929936307,0.06369426751592357,0.1910828025477707,0.5806451612903226,0.0967741935483871,0.12738853503184716
niah_mq_q8,13,138,909,0.13125,0.2,0.21875,0.125,0.06875,203,32,0.2,0.0625,0.19375,0.5625,0.125,0.13125
niah_mq_q8,14,138,3851,0.3137254901960784,0.5555555555555556,0.3103448275862069,0.12643678160919541,0.24183006535947715,766,87,0.5686274509803921,0.2549019607843137,0.5490196078431373,0.4942528735632184,0.04597701149425287,0.2941176470588236
niah_mq_q8,15,138,3864,0.2987012987012987,0.512987012987013,0.3103448275862069,0.09195402298850575,0.2142857142857143,767,87,0.564935064935065,0.24675324675324675,0.525974025974026,0.5057471264367817,0.04597701149425287,0.27922077922077926
niah_mq_q8,16,138,899,0.1346153846153846,0.1987179487179487,0.22580645161290322,0.0967741935483871,0.0641025641025641,199,31,0.1987179487179487,0.05128205128205128,0.1794871794871795,0.6129032258064516,0.12903225806451613,0.1282051282051282
niah_mq_q8,17,138,921,0.125,0.2,0.21875,0.15625,0.07500000000000001,203,32,0.2,0.0625,0.19375,0.5625,0.125,0.13125
niah_mq_q8,18,138,920,0.125,0.2,0.28125,0.09375,0.07500000000000001,203,32,0.2,0.05,0.19375,0.6875,0.0625,0.14375
niah_mq_q8,19,138,893,0.13043478260869565,0.20496894409937888,0.24242424242424243,0.12121212121212122,0.07453416149068323,204,33,0.20496894409937888,0.062111801242236024,0.18633540372670807,0.5757575757575758,0.12121212121212122,0.12422360248447203
niah_mq_q8,20,138,883,0.14012738853503184,0.19745222929936307,0.16129032258064516,0.12903225806451613,0.057324840764331225,200,31,0.19745222929936307,0.07006369426751592,0.18471337579617833,0.5483870967741935,0.0967741935483871,0.11464968152866241
niah_mq_q8,21,138,899,0.11464968152866242,0.19745222929936307,0.2903225806451613,0.12903225806451613,0.08280254777070065,200,31,0.19745222929936307,0.050955414012738856,0.19745222929936307,0.6129032258064516,0.12903225806451613,0.14649681528662423
niah_mq_q8,22,138,887,0.1282051282051282,0.1987179487179487,0.22580645161290322,0.12903225806451613,0.07051282051282051,199,31,0.1987179487179487,0.0641025641025641,0.1794871794871795,0.5483870967741935,0.12903225806451613,0.11538461538461539
niah_mq_q8,23,138,905,0.14102564102564102,0.1987179487179487,0.16129032258064516,0.12903225806451613,0.05769230769230768,199,31,0.1987179487179487,0.05128205128205128,0.19230769230769232,0.6129032258064516,0.12903225806451613,0.14102564102564102
niah_mq_q8,24,138,896,0.12738853503184713,0.19745222929936307,0.22580645161290322,0.12903225806451613,0.07006369426751594,200,31,0.19745222929936307,0.050955414012738856,0.17834394904458598,0.6774193548387096,0.06451612903225806,0.1273885350318471
niah_mq_q8,25,138,901,0.12578616352201258,0.20125786163522014,0.28125,0.09375,0.07547169811320756,202,32,0.20125786163522014,0.05660377358490566,0.20125786163522014,0.6875,0.03125,0.1446540880503145
niah_mq_q8,26,138,906,0.12179487179487179,0.1987179487179487,0.2903225806451613,0.0967741935483871,0.07692307692307691,199,31,0.1987179487179487,0.07051282051282051,0.19230769230769232,0.5161290322580645,0.12903225806451613,0.1217948717948718
niah_mq_q8,27,138,895,0.11320754716981132,0.20125786163522014,0.28125,0.15625,0.08805031446540881,202,32,0.20125786163522014,0.0440251572327044,0.18867924528301888,0.71875,0.0625,0.1446540880503145
niah_mq_q8,28,138,913,0.11949685534591195,0.20125786163522014,0.25,0.15625,0.08176100628930819,202,32,0.20125786163522014,0.06289308176100629,0.18238993710691823,0.59375,0.09375,0.11949685534591194
niah_mq_q8,29,138,898,0.11464968152866242,0.19745222929936307,0.3225806451612903,0.0967741935483871,0.08280254777070065,200,31,0.19745222929936307,0.07643312101910828,0.19745222929936307,0.5483870967741935,0.06451612903225806,0.12101910828025479
niah_mq_q8,30,138,905,0.13580246913580246,0.2037037037037037,0.24242424242424243,0.09090909090909091,0.06790123456790123,205,33,0.2037037037037037,0.06790123456790123,0.18518518518518517,0.5454545454545454,0.12121212121212122,0.11728395061728394
niah_mq_q8,31,138,910,0.10759493670886076,0.20253164556962025,0.34375,0.125,0.09493670886075949,201,32,0.20253164556962025,0.04430379746835443,0.20253164556962025,0.71875,0.0625,0.15822784810126583
niah_mq_q8,32,138,917,0.10909090909090909,0.20606060606060606,0.35294117647058826,0.11764705882352941,0.09696969696969697,208,34,0.20606060606060606,0.07272727272727272,0.19393939393939394,0.5294117647058824,0.11764705882352941,0.12121212121212122
niah_mq_q8,33,138,914,0.0967741935483871,0.2,0.3870967741935484,0.12903225806451613,0.10322580645161292,198,31,0.2,0.07096774193548387,0.2,0.5483870967741935,0.0967741935483871,0.12903225806451613
niah_mq_q8,34,138,906,0.1393939393939394,0.20606060606060606,0.17647058823529413,0.14705882352941177,0.06666666666666665,208,34,0.20606060606060606,0.06666666666666667,0.18787878787878787,0.5588235294117647,0.11764705882352941,0.1212121212121212
niah_mq_q8,35,138,899,0.1337579617834395,0.1910828025477707,0.12903225806451613,0.16129032258064516,0.057324840764331225,200,31,0.19745222929936307,0.06369426751592357,0.18471337579617833,0.5806451612903226,0.0967741935483871,0.12101910828025476
niah_mq_q8,36,138,895,0.10256410256410256,0.1987179487179487,0.3548387096774194,0.12903225806451613,0.09615384615384615,199,31,0.1987179487179487,0.057692307692307696,0.1858974358974359,0.5806451612903226,0.12903225806451613,0.1282051282051282
niah_mq_q8,37,138,887,0.11612903225806452,0.2,0.2903225806451613,0.12903225806451613,0.08387096774193549,198,31,0.2,0.06451612903225806,0.18064516129032257,0.5806451612903226,0.0967741935483871,0.11612903225806451
niah_mq_q8,38,138,907,0.11875,0.2,0.3125,0.09375,0.08125000000000002,203,32,0.2,0.05625,0.2,0.65625,0.0625,0.14375000000000002
niah_mq_q8,39,138,904,0.13291139240506328,0.20253164556962025,0.21875,0.125,0.06962025316455697,201,32,0.20253164556962025,0.06329113924050633,0.1962025316455696,0.59375,0.09375,0.13291139240506328
niah_mq_q8,40,138,896,0.13043478260869565,0.20496894409937888,0.21212121212121213,0.15151515151515152,0.07453416149068323,204,33,0.20496894409937888,0.06832298136645963,0.19254658385093168,0.5454545454545454,0.12121212121212122,0.12422360248447205
niah_mq_q8,41,138,895,0.125,0.19736842105263158,0.26666666666666666,0.1,0.07236842105263158,195,30,0.19736842105263158,0.07236842105263158,0.18421052631578946,0.5,0.13333333333333333,0.11184210526315788
niah_mq_q8,42,138,898,0.1320754716981132,0.20125786163522014,0.21875,0.125,0.06918238993710693,202,32,0.20125786163522014,0.05660377358490566,0.1949685534591195,0.59375,0.125,0.13836477987421386
niah_mq_q8,43,138,3848,0.3225806451612903,0.535483870967742,0.3068181818181818,0.10227272727272728,0.21290322580645166,768,88,0.567741935483871,0.25806451612903225,0.5483870967741935,0.5,0.045454545454545456,0.29032258064516125
niah_mq_q8,44,138,902,0.11180124223602485,0.20496894409937888,0.30303030303030304,0.15151515151515152,0.09316770186335403,204,33,0.20496894409937888,0.062111801242236024,0.19254658385093168,0.5757575757575758,0.12121212121212122,0.13043478260869565
niah_mq_q8,45,138,897,0.12179487179487179,0.1987179487179487,0.2903225806451613,0.0967741935483871,0.07692307692307691,199,31,0.1987179487179487,0.07051282051282051,0.1987179487179487,0.5161290322580645,0.12903225806451613,0.1282051282051282
niah_mq_q8,46,138,884,0.12101910828025478,0.19745222929936307,0.25806451612903225,0.12903225806451613,0.07643312101910829,200,31,0.19745222929936307,0.07006369426751592,0.18471337579617833,0.5483870967741935,0.0967741935483871,0.11464968152866241
niah_mq_q8,47,138,894,0.1282051282051282,0.1987179487179487,0.25806451612903225,0.0967741935483871,0.07051282051282051,199,31,0.1987179487179487,0.0641025641025641,0.1987179487179487,0.5483870967741935,0.12903225806451613,0.1346153846153846
niah_mq_q8,48,138,914,0.11875,0.2,0.28125,0.125,0.08125000000000002,203,32,0.2,0.0625,0.1875,0.5625,0.125,0.125
niah_mq_q8,49,138,897,0.0949367088607595,0.20253164556962025,0.375,0.15625,0.10759493670886075,201,32,0.20253164556962025,0.056962025316455694,0.189873417721519,0.59375,0.125,0.1329113924050633
niah_mq_q8,50,138,893,0.12025316455696203,0.20253164556962025,0.3125,0.09375,0.08227848101265822,201,32,0.20253164556962025,0.056962025316455694,0.1962025316455696,0.59375,0.125,0.13924050632911392
niah_mq_q8,51,138,901,0.10897435897435898,0.1987179487179487,0.3548387096774194,0.0967741935483871,0.08974358974358973,199,31,0.1987179487179487,0.057692307692307696,0.1987179487179487,0.5806451612903226,0.12903225806451613,0.14102564102564102
niah_mq_q8,52,138,900,0.13836477987421383,0.20125786163522014,0.1875,0.125,0.0628930817610063,202,32,0.20125786163522014,0.05660377358490566,0.18867924528301888,0.625,0.09375,0.13207547169811323
niah_mq_q8,53,138,887,0.12025316455696203,0.20253164556962025,0.28125,0.125,0.08227848101265822,201,32,0.20253164556962025,0.056962025316455694,0.20253164556962025,0.625,0.09375,0.14556962025316456
niah_mq_q8,54,138,901,0.12269938650306748,0.20245398773006135,0.21212121212121213,0.18181818181818182,0.07975460122699386,206,33,0.20245398773006135,0.06134969325153374,0.1901840490797546,0.5757575757575758,0.12121212121212122,0.12883435582822086
niah_mq_q8,55,138,899,0.11875,0.2,0.3125,0.09375,0.08125000000000002,203,32,0.2,0.06875,0.19375,0.53125,0.125,0.125
niah_mq_q8,56,138,907,0.12578616352201258,0.20125786163522014,0.25,0.125,0.07547169811320756,202,32,0.20125786163522014,0.06918238993710692,0.18867924528301888,0.5625,0.09375,0.11949685534591196
niah_mq_q8,57,138,883,0.11038961038961038,0.19480519480519481,0.3,0.13333333333333333,0.08441558441558443,197,30,0.19480519480519481,0.05194805194805195,0.18831168831168832,0.6,0.13333333333333333,0.13636363636363635
niah_mq_q8,58,138,902,0.11875,0.2,0.21875,0.1875,0.08125000000000002,203,32,0.2,0.05625,0.2,0.59375,0.125,0.14375000000000002
niah_mq_q8,59,138,885,0.12418300653594772,0.19607843137254902,0.26666666666666666,0.1,0.0718954248366013,196,30,0.19607843137254902,0.06535947712418301,0.1895424836601307,0.5333333333333333,0.13333333333333333,0.1241830065359477
niah_mq_q8,60,138,892,0.12179487179487179,0.1987179487179487,0.25806451612903225,0.12903225806451613,0.07692307692307691,199,31,0.1987179487179487,0.05128205128205128,0.1858974358974359,0.6129032258064516,0.12903225806451613,0.13461538461538464
niah_mq_q8,61,138,900,0.11320754716981132,0.20125786163522014,0.3125,0.125,0.08805031446540881,202,32,0.20125786163522014,0.06918238993710692,0.18238993710691823,0.59375,0.0625,0.11320754716981131
niah_mq_q8,62,138,900,0.12578616352201258,0.20125786163522014,0.28125,0.09375,0.07547169811320756,202,32,0.20125786163522014,0.05660377358490566,0.18867924528301888,0.625,0.09375,0.13207547169811323
niah_mq_q8,63,138,908,0.1393939393939394,0.20606060606060606,0.20588235294117646,0.11764705882352941,0.06666666666666665,208,34,0.20606060606060606,0.06060606060606061,0.18787878787878787,0.5882352941176471,0.11764705882352941,0.12727272727272726
niah_mq_q8,64,138,903,0.11801242236024845,0.20496894409937888,0.24242424242424243,0.18181818181818182,0.08695652173913043,204,33,0.20496894409937888,0.07453416149068323,0.19875776397515527,0.5151515151515151,0.12121212121212122,0.12422360248447203
niah_mq_q8,65,138,916,0.1320754716981132,0.20125786163522014,0.21875,0.125,0.06918238993710693,202,32,0.20125786163522014,0.05660377358490566,0.1949685534591195,0.59375,0.125,0.13836477987421386
niah_mq_q8,66,138,908,0.12422360248447205,0.20496894409937888,0.30303030303030304,0.09090909090909091,0.08074534161490683,204,33,0.20496894409937888,0.055900621118012424,0.18633540372670807,0.6060606060606061,0.12121212121212122,0.13043478260869565
niah_mq_q8,67,138,914,0.12101910828025478,0.19745222929936307,0.22580645161290322,0.16129032258064516,0.07643312101910829,200,31,0.19745222929936307,0.06369426751592357,0.1910828025477707,0.5483870967741935,0.12903225806451613,0.12738853503184716
niah_mq_q8,68,138,901,0.10625,0.2,0.34375,0.125,0.09375000000000001,203,32,0.2,0.05625,0.2,0.65625,0.0625,0.14375000000000002
niah_mq_q8,69,138,919,0.13125,0.2,0.15625,0.1875,0.06875,203,32,0.2,0.0625,0.19375,0.59375,0.09375,0.13125
niah_mq_q8,70,138,901,0.12195121951219512,0.20121951219512196,0.24242424242424243,0.15151515151515152,0.07926829268292684,207,33,0.20121951219512196,0.06097560975609756,0.18292682926829268,0.5757575757575758,0.12121212121212122,0.12195121951219512
niah_mq_q8,71,138,893,0.11875,0.1875,0.1875,0.15625,0.06875,203,32,0.2,0.05625,0.1875,0.59375,0.125,0.13125
niah_mq_q8,72,138,913,0.13664596273291926,0.20496894409937888,0.21212121212121213,0.12121212121212122,0.06832298136645962,204,33,0.20496894409937888,0.055900621118012424,0.19254658385093168,0.696969696969697,0.030303030303030304,0.13664596273291926
niah_mq_q8,73,138,898,0.10828025477707007,0.19745222929936307,0.3225806451612903,0.12903225806451613,0.089171974522293,200,31,0.19745222929936307,0.07643312101910828,0.1910828025477707,0.4838709677419355,0.12903225806451613,0.11464968152866244
niah_mq_q8,74,138,3879,0.3202614379084967,0.5490196078431373,0.28735632183908044,0.12643678160919541,0.2287581699346406,766,87,0.5686274509803921,0.27450980392156865,0.5294117647058824,0.45977011494252873,0.034482758620689655,0.2549019607843137
niah_mq_q8,75,138,906,0.1419753086419753,0.2037037037037037,0.21212121212121213,0.09090909090909091,0.06172839506172839,205,33,0.2037037037037037,0.06790123456790123,0.19135802469135801,0.5454545454545454,0.12121212121212122,0.12345679012345678
niah_mq_q8,76,138,910,0.12025316455696203,0.20253164556962025,0.25,0.15625,0.08227848101265822,201,32,0.20253164556962025,0.06962025316455696,0.189873417721519,0.53125,0.125,0.12025316455696204
niah_mq_q8,77,138,904,0.1069182389937107,0.20125786163522014,0.34375,0.125,0.09433962264150944,202,32,0.20125786163522014,0.06918238993710692,0.1949685534591195,0.5625,0.09375,0.1257861635220126
niah_mq_q8,78,138,895,0.13125,0.2,0.21875,0.125,0.06875,203,32,0.2,0.0625,0.18125,0.5625,0.125,0.11875
niah_mq_q8,79,138,899,0.14193548387096774,0.2,0.16129032258064516,0.12903225806451613,0.05806451612903227,198,31,0.2,0.05806451612903226,0.1935483870967742,0.6129032258064516,0.0967741935483871,0.13548387096774192
niah_mq_q8,80,138,897,0.11801242236024845,0.20496894409937888,0.30303030303030304,0.12121212121212122,0.08695652173913043,204,33,0.20496894409937888,0.062111801242236024,0.20496894409937888,0.6060606060606061,0.09090909090909091,0.14285714285714285
niah_mq_q8,81,138,899,0.11612903225806452,0.2,0.2903225806451613,0.12903225806451613,0.08387096774193549,198,31,0.2,0.06451612903225806,0.1935483870967742,0.5483870967741935,0.12903225806451613,0.12903225806451613
niah_mq_q8,82,138,895,0.10559006211180125,0.20496894409937888,0.36363636363636365,0.12121212121212122,0.09937888198757763,204,33,0.20496894409937888,0.06832298136645963,0.18633540372670807,0.5454545454545454,0.12121212121212122,0.11801242236024843
niah_mq_q8,83,138,887,0.12337662337662338,0.19480519480519481,0.2,0.16666666666666666,0.07142857142857144,197,30,0.19480519480519481,0.07142857142857142,0.18181818181818182,0.5,0.13333333333333333,0.1103896103896104
niah_mq_q8,84,138,905,0.12101910828025478,0.19745222929936307,0.22580645161290322,0.16129032258064516,0.07643312101910829,200,31,0.19745222929936307,0.06369426751592357,0.17834394904458598,0.5806451612903226,0.0967741935483871,0.11464968152866241
niah_mq_q8,85,138,902,0.125,0.2,0.25,0.125,0.07500000000000001,203,32,0.2,0.06875,0.1875,0.5625,0.09375,0.11875
niah_mq_q8,86,138,898,0.1320754716981132,0.20125786163522014,0.21875,0.125,0.06918238993710693,202,32,0.20125786163522014,0.06918238993710692,0.20125786163522014,0.5625,0.09375,0.13207547169811323
niah_mq_q8,87,138,896,0.10828025477707007,0.19745222929936307,0.3225806451612903,0.12903225806451613,0.089171974522293,200,31,0.19745222929936307,0.07006369426751592,0.1910828025477707,0.5161290322580645,0.12903225806451613,0.12101910828025479
niah_mq_q8,88,138,886,0.09615384615384616,0.1987179487179487,0.3870967741935484,0.12903225806451613,0.10256410256410255,199,31,0.1987179487179487,0.07692307692307693,0.1794871794871795,0.4838709677419355,0.12903225806451613,0.10256410256410256
niah_mq_q8,89,138,919,0.10126582278481013,0.20253164556962025,0.34375,0.15625,0.10126582278481013,201,32,0.20253164556962025,0.06962025316455696,0.20253164556962025,0.59375,0.0625,0.13291139240506328
niah_mq_q8,90,138,904,0.13580246913580246,0.2037037037037037,0.21212121212121213,0.12121212121212122,0.06790123456790123,205,33,0.2037037037037037,0.06172839506172839,0.19135802469135801,0.5757575757575758,0.12121212121212122,0.12962962962962962
niah_mq_q8,91,138,906,0.12345679012345678,0.2037037037037037,0.24242424242424243,0.15151515151515152,0.08024691358024691,205,33,0.2037037037037037,0.06790123456790123,0.19753086419753085,0.5454545454545454,0.12121212121212122,0.12962962962962962
niah_mq_q8,92,138,3868,0.3157894736842105,0.5526315789473685,0.3218390804597701,0.11494252873563218,0.23684210526315796,765,87,0.5723684210526315,0.2631578947368421,0.5657894736842105,0.4942528735632184,0.04597701149425287,0.3026315789473684
niah_mq_q8,93,138,907,0.125,0.2,0.25,0.125,0.07500000000000001,203,32,0.2,0.0625,0.19375,0.5625,0.125,0.13125
niah_mq_q8,94,138,906,0.09615384615384616,0.1987179487179487,0.3548387096774194,0.16129032258064516,0.10256410256410255,199,31,0.1987179487179487,0.05128205128205128,0.19230769230769232,0.6774193548387096,0.06451612903225806,0.14102564102564102
niah_mq_q8,95,138,904,0.11688311688311688,0.19480519480519481,0.26666666666666666,0.13333333333333333,0.07792207792207793,197,30,0.19480519480519481,0.05844155844155844,0.18181818181818182,0.6333333333333333,0.06666666666666667,0.12337662337662339
niah_mq_q8,96,138,914,0.0949367088607595,0.20253164556962025,0.40625,0.125,0.10759493670886075,201,32,0.20253164556962025,0.06329113924050633,0.20253164556962025,0.625,0.0625,0.13924050632911392
niah_mq_q8,97,138,911,0.09316770186335403,0.20496894409937888,0.3939393939393939,0.15151515151515152,0.11180124223602485,204,33,0.20496894409937888,0.06832298136645963,0.19875776397515527,0.5454545454545454,0.12121212121212122,0.13043478260869562
niah_mq_q8,98,138,898,0.08496732026143791,0.19607843137254902,0.43333333333333335,0.13333333333333333,0.1111111111111111,196,30,0.19607843137254902,0.06535947712418301,0.1895424836601307,0.5333333333333333,0.13333333333333333,0.1241830065359477
niah_mq_q8,99,138,896,0.1346153846153846,0.1987179487179487,0.1935483870967742,0.12903225806451613,0.0641025641025641,199,31,0.1987179487179487,0.057692307692307696,0.19230769230769232,0.5806451612903226,0.12903225806451613,0.13461538461538464
niah_mv_v2,0,138,4312,0.9736842105263158,0.9736842105263158,0.21839080459770116,0.1839080459770115,0.0,812,87,1.0,0.8157894736842105,0.9473684210526315,0.3448275862068966,0.08045977011494253,0.13157894736842102
niah_mv_v2,1,138,4312,0.9736842105263158,0.9736842105263158,0.19540229885057472,0.16091954022988506,0.0,812,87,1.0,0.8157894736842105,0.9473684210526315,0.3448275862068966,0.06896551724137931,0.13157894736842102
niah_mv_v2,2,138,4326,0.9722222222222222,0.9722222222222222,0.1724137931034483,0.13793103448275862,0.0,810,87,1.0,0.8611111111111112,0.9166666666666666,0.3333333333333333,0.06896551724137931,0.05555555555555547
niah_mv_v2,3,138,4312,0.9736842105263158,1.0,0.21839080459770116,0.16091954022988506,0.02631578947368418,812,87,1.0,0.8157894736842105,0.8947368421052632,0.3563218390804598,0.05747126436781609,0.07894736842105265
niah_mv_v2,4,138,1371,0.575,0.75,0.16129032258064516,0.0967741935483871,0.17500000000000004,253,31,0.775,0.225,0.675,0.6129032258064516,0.03225806451612903,0.45000000000000007
niah_mv_v2,5,138,4312,0.9736842105263158,1.0,0.19540229885057472,0.1839080459770115,0.02631578947368418,812,87,1.0,0.8157894736842105,0.9473684210526315,0.3563218390804598,0.09195402298850575,0.13157894736842102
niah_mv_v2,6,138,4304,0.9722222222222222,1.0,0.21839080459770116,0.13793103448275862,0.02777777777777779,810,87,1.0,0.8611111111111112,0.9166666666666666,0.3333333333333333,0.08045977011494253,0.05555555555555547
niah_mv_v2,7,138,4310,1.0,1.0,0.21839080459770116,0.13793103448275862,0.0,812,87,1.0,0.7894736842105263,0.8947368421052632,0.3448275862068966,0.06896551724137931,0.10526315789473684
niah_mv_v2,8,138,1382,0.47619047619047616,0.7619047619047619,0.25,0.125,0.2857142857142857,255,32,0.7619047619047619,0.21428571428571427,0.6666666666666666,0.625,0.09375,0.45238095238095233
niah_mv_v2,9,138,1377,0.5789473684210527,0.8157894736842105,0.1935483870967742,0.0967741935483871,0.23684210526315785,251,31,0.8157894736842105,0.2894736842105263,0.7105263157894737,0.5806451612903226,0.03225806451612903,0.42105263157894735
niah_mv_v2,10,138,4320,1.0,1.0,0.22988505747126436,0.1724137931034483,0.0,810,87,1.0,0.8611111111111112,1.0,0.3333333333333333,0.10344827586206896,0.13888888888888884
niah_mv_v2,11,138,1373,0.4722222222222222,0.75,0.1935483870967742,0.16129032258064516,0.2777777777777778,249,31,0.8611111111111112,0.3611111111111111,0.7222222222222222,0.5161290322580645,0.03225806451612903,0.3611111111111111
niah_mv_v2,12,138,4322,0.975,0.975,0.25,0.13636363636363635,0.0,814,88,1.0,0.8,0.9,0.375,0.10227272727272728,0.09999999999999998
niah_mv_v2,13,138,4310,0.9736842105263158,1.0,0.2988505747126437,0.16091954022988506,0.02631578947368418,812,87,1.0,0.868421052631579,0.868421052631579,0.3563218390804598,0.08045977011494253,0.0
niah_mv_v2,14,138,4310,0.9722222222222222,1.0,0.16091954022988506,0.13793103448275862,0.02777777777777779,810,87,1.0,0.8333333333333334,0.9722222222222222,0.3333333333333333,0.08045977011494253,0.13888888888888884
niah_mv_v2,15,138,1369,0.47368421052631576,0.6578947368421053,0.1935483870967742,0.0967741935483871,0.18421052631578955,251,31,0.8157894736842105,0.23684210526315788,0.6052631578947368,0.5806451612903226,0.03225806451612903,0.368421052631579
niah_mv_v2,16,138,4320,1.0,1.0,0.2413793103448276,0.16091954022988506,0.0,812,87,1.0,0.8157894736842105,0.9210526315789473,0.3563218390804598,0.06896551724137931,0.10526315789473684
niah_mv_v2,17,138,1385,0.35714285714285715,0.7380952380952381,0.34375,0.1875,0.380952380952381,255,32,0.7619047619047619,0.23809523809523808,0.6904761904761905,0.65625,0.03125,0.4523809523809524
niah_mv_v2,18,138,1365,0.5263157894736842,0.7894736842105263,0.1935483870967742,0.12903225806451613,0.26315789473684215,251,31,0.8157894736842105,0.2631578947368421,0.6842105263157895,0.5806451612903226,0.03225806451612903,0.4210526315789474
niah_mv_v2,19,138,4314,1.0,1.0,0.22988505747126436,0.19540229885057472,0.0,812,87,1.0,0.8157894736842105,0.9736842105263158,0.3563218390804598,0.06896551724137931,0.1578947368421053
niah_mv_v2,20,138,1379,0.38636363636363635,0.6136363636363636,0.1875,0.125,0.2272727272727273,257,32,0.7272727272727273,0.20454545454545456,0.5454545454545454,0.5625,0.0625,0.34090909090909083
niah_mv_v2,21,138,4314,1.0,1.0,0.1724137931034483,0.1724137931034483,0.0,810,87,1.0,0.8611111111111112,0.9722222222222222,0.3333333333333333,0.06896551724137931,0.11111111111111105
niah_mv_v2,22,138,1383,0.4523809523809524,0.6666666666666666,0.21875,0.09375,0.21428571428571425,255,32,0.7619047619047619,0.2857142857142857,0.6190476190476191,0.5625,0.03125,0.33333333333333337
niah_mv_v2,23,138,1386,0.5,0.6904761904761905,0.15625,0.125,0.19047619047619047,255,32,0.7619047619047619,0.30952380952380953,0.6666666666666666,0.5625,0.03125,0.3571428571428571
niah_mv_v2,24,138,1377,0.525,0.75,0.12903225806451613,0.16129032258064516,0.22499999999999998,253,31,0.775,0.25,0.675,0.6129032258064516,0.03225806451612903,0.42500000000000004
niah_mv_v2,25,138,1376,0.5789473684210527,0.7368421052631579,0.12903225806451613,0.0967741935483871,0.1578947368421052,251,31,0.8157894736842105,0.2631578947368421,0.7368421052631579,0.6451612903225806,0.03225806451612903,0.47368421052631576
niah_mv_v2,26,138,4314,0.868421052631579,0.9473684210526315,0.1724137931034483,0.12643678160919541,0.07894736842105254,812,87,1.0,0.8421052631578947,0.9210526315789473,0.3563218390804598,0.06896551724137931,0.07894736842105265
niah_mv_v2,27,138,1377,0.5263157894736842,0.7894736842105263,0.1935483870967742,0.12903225806451613,0.26315789473684215,251,31,0.8157894736842105,0.2894736842105263,0.6842105263157895,0.5806451612903226,0.03225806451612903,0.39473684210526316
niah_mv_v2,28,138,1379,0.45,0.75,0.25806451612903225,0.12903225806451613,0.3,253,31,0.775,0.175,0.675,0.6774193548387096,0.03225806451612903,0.5
niah_mv_v2,29,138,1369,0.5789473684210527,0.7368421052631579,0.1935483870967742,0.06451612903225806,0.1578947368421052,251,31,0.8157894736842105,0.23684210526315788,0.6842105263157895,0.6129032258064516,0.03225806451612903,0.44736842105263164
niah_mv_v2,30,138,4304,0.9736842105263158,1.0,0.19540229885057472,0.14942528735632185,0.02631578947368418,812,87,1.0,0.7894736842105263,0.8947368421052632,0.3563218390804598,0.09195402298850575,0.10526315789473684
niah_mv_v2,31,138,1388,0.425,0.75,0.25806451612903225,0.16129032258064516,0.325,253,31,0.775,0.25,0.675,0.6129032258064516,0.03225806451612903,0.42500000000000004
niah_mv_v2,32,138,1378,0.5526315789473685,0.8157894736842105,0.16129032258064516,0.16129032258064516,0.26315789473684204,251,31,0.8157894736842105,0.21052631578947367,0.7105263157894737,0.6451612903225806,0.03225806451612903,0.5
niah_mv_v2,33,138,1375,0.45,0.75,0.22580645161290322,0.16129032258064516,0.3,253,31,0.775,0.25,0.675,0.6129032258064516,0.03225806451612903,0.42500000000000004
niah_mv_v2,34,138,1377,0.5277777777777778,0.6388888888888888,0.12903225806451613,0.12903225806451613,0.11111111111111105,249,31,0.8611111111111112,0.3333333333333333,0.7222222222222222,0.5161290322580645,0.03225806451612903,0.3888888888888889
niah_mv_v2,35,138,4314,0.9736842105263158,0.9736842105263158,0.1724137931034483,0.1839080459770115,0.0,812,87,1.0,0.868421052631579,0.9473684210526315,0.3563218390804598,0.06896551724137931,0.07894736842105254
niah_mv_v2,36,138,1378,0.5238095238095238,0.6428571428571429,0.09375,0.125,0.11904761904761907,255,32,0.7619047619047619,0.21428571428571427,0.6428571428571429,0.5625,0.09375,0.4285714285714286
niah_mv_v2,37,138,4309,1.0,1.0,0.2413793103448276,0.1839080459770115,0.0,812,87,1.0,0.7894736842105263,0.9473684210526315,0.3563218390804598,0.10344827586206896,0.1578947368421052
niah_mv_v2,38,138,1390,0.45,0.75,0.22580645161290322,0.16129032258064516,0.3,253,31,0.775,0.275,0.75,0.5806451612903226,0.03225806451612903,0.475
niah_mv_v2,39,138,4308,0.9736842105263158,1.0,0.21839080459770116,0.1724137931034483,0.02631578947368418,812,87,1.0,0.7631578947368421,0.9736842105263158,0.3563218390804598,0.06896551724137931,0.21052631578947367
niah_mv_v2,40,138,1376,0.575,0.75,0.16129032258064516,0.0967741935483871,0.17500000000000004,253,31,0.775,0.275,0.675,0.5483870967741935,0.03225806451612903,0.4
niah_mv_v2,41,138,1373,0.5,0.7894736842105263,0.22580645161290322,0.16129032258064516,0.2894736842105263,251,31,0.8157894736842105,0.2631578947368421,0.6578947368421053,0.5806451612903226,0.03225806451612903,0.3947368421052632
niah_mv_v2,42,138,4308,0.9736842105263158,1.0,0.21839080459770116,0.13793103448275862,0.02631578947368418,812,87,1.0,0.8157894736842105,0.9210526315789473,0.3563218390804598,0.06896551724137931,0.10526315789473684
niah_mv_v2,43,138,1371,0.475,0.65,0.1935483870967742,0.0967741935483871,0.17500000000000004,253,31,0.775,0.225,0.6,0.6129032258064516,0.03225806451612903,0.375
niah_mv_v2,44,138,1367,0.5789473684210527,0.7894736842105263,0.16129032258064516,0.12903225806451613,0.21052631578947367,251,31,0.8157894736842105,0.18421052631578946,0.6842105263157895,0.6451612903225806,0.03225806451612903,0.5
niah_mv_v2,45,138,4320,1.0,1.0,0.25287356321839083,0.14942528735632185,0.0,812,87,1.0,0.8421052631578947,0.9210526315789473,0.3563218390804598,0.06896551724137931,0.07894736842105265
niah_mv_v2,46,138,1380,0.525,0.775,0.22580645161290322,0.0967741935483871,0.25,253,31,0.775,0.3,0.675,0.5806451612903226,0.03225806451612903,0.37500000000000006
niah_mv_v2,47,138,1371,0.5,0.775,0.22580645161290322,0.12903225806451613,0.275,253,31,0.775,0.225,0.7,0.6451612903225806,0.03225806451612903,0.475
niah_mv_v2,48,138,4317,0.9722222222222222,0.9722222222222222,0.20689655172413793,0.14942528735632185,0.0,810,87,1.0,0.8888888888888888,1.0,0.3333333333333333,0.11494252873563218,0.11111111111111116
niah_mv_v2,49,138,1367,0.5,0.7894736842105263,0.25806451612903225,0.12903225806451613,0.2894736842105263,251,31,0.8157894736842105,0.21052631578947367,0.7105263157894737,0.6774193548387096,0.03225806451612903,0.5
niah_mv_v2,50,138,4310,0.975,1.0,0.1590909090909091,0.1590909090909091,0.025000000000000022,814,88,1.0,0.75,0.9,0.375,0.056818181818181816,0.15000000000000002
niah_mv_v2,51,138,4316,0.9210526315789473,0.9736842105263158,0.20689655172413793,0.16091954022988506,0.052631578947368474,812,87,1.0,0.8421052631578947,0.9473684210526315,0.3563218390804598,0.06896551724137931,0.10526315789473684
niah_mv_v2,52,138,4324,0.9473684210526315,0.9473684210526315,0.20689655172413793,0.1724137931034483,0.0,812,87,1.0,0.8157894736842105,0.9210526315789473,0.3563218390804598,0.06896551724137931,0.10526315789473684
niah_mv_v2,53,138,1381,0.5,0.75,0.1935483870967742,0.16129032258064516,0.25,253,31,0.775,0.275,0.675,0.6129032258064516,0.03225806451612903,0.4
niah_mv_v2,54,138,4310,1.0,1.0,0.16091954022988506,0.16091954022988506,0.0,810,87,1.0,0.8333333333333334,0.9444444444444444,0.3333333333333333,0.08045977011494253,0.11111111111111105
niah_mv_v2,55,138,4324,1.0,1.0,0.22988505747126436,0.16091954022988506,0.0,812,87,1.0,0.8157894736842105,0.9473684210526315,0.3563218390804598,0.08045977011494253,0.13157894736842102
niah_mv_v2,56,138,1379,0.5,0.75,0.1935483870967742,0.16129032258064516,0.25,253,31,0.775,0.3,0.65,0.5161290322580645,0.03225806451612903,0.35000000000000003
niah_mv_v2,57,138,4316,0.9736842105263158,1.0,0.25287356321839083,0.1839080459770115,0.02631578947368418,812,87,1.0,0.7894736842105263,0.9210526315789473,0.3563218390804598,0.05747126436781609,0.13157894736842102
niah_mv_v2,58,138,4320,0.9736842105263158,0.9736842105263158,0.20689655172413793,0.1724137931034483,0.0,812,87,1.0,0.868421052631579,0.9473684210526315,0.3563218390804598,0.09195402298850575,0.07894736842105254
niah_mv_v2,59,138,4306,0.9473684210526315,0.9473684210526315,0.1724137931034483,0.14942528735632185,0.0,812,87,1.0,0.7368421052631579,0.868421052631579,0.3448275862068966,0.06896551724137931,0.13157894736842113
niah_mv_v2,60,138,1369,0.5789473684210527,0.7894736842105263,0.16129032258064516,0.0967741935483871,0.21052631578947367,251,31,0.8157894736842105,0.2894736842105263,0.7105263157894737,0.5806451612903226,0.03225806451612903,0.42105263157894735
niah_mv_v2,61,138,4318,1.0,1.0,0.20689655172413793,0.16091954022988506,0.0,812,87,1.0,0.8157894736842105,0.9736842105263158,0.3563218390804598,0.09195402298850575,0.1578947368421053
niah_mv_v2,62,138,4320,0.9736842105263158,1.0,0.25287356321839083,0.16091954022988506,0.02631578947368418,812,87,1.0,0.8157894736842105,0.8947368421052632,0.3563218390804598,0.08045977011494253,0.07894736842105265
niah_mv_v2,63,138,4324,0.9722222222222222,1.0,0.20689655172413793,0.16091954022988506,0.02777777777777779,810,87,1.0,0.8611111111111112,0.8888888888888888,0.3333333333333333,0.09195402298850575,0.02777777777777768
niah_mv_v2,64,138,4318,1.0,1.0,0.25287356321839083,0.1724137931034483,0.0,812,87,1.0,0.8157894736842105,0.9473684210526315,0.3563218390804598,0.08045977011494253,0.13157894736842102
niah_mv_v2,65,138,4322,1.0,1.0,0.26436781609195403,0.14942528735632185,0.0,812,87,1.0,0.8157894736842105,0.9210526315789473,0.3563218390804598,0.08045977011494253,0.10526315789473684
niah_mv_v2,66,138,4316,0.9210526315789473,0.9210526315789473,0.2413793103448276,0.14942528735632185,0.0,812,87,1.0,0.8157894736842105,0.8947368421052632,0.3563218390804598,0.08045977011494253,0.07894736842105265
niah_mv_v2,67,138,4318,0.9722222222222222,0.9722222222222222,0.20689655172413793,0.1724137931034483,0.0,810,87,1.0,0.8611111111111112,0.9166666666666666,0.3333333333333333,0.10344827586206896,0.05555555555555547
niah_mv_v2,68,138,4314,0.9736842105263158,0.9736842105263158,0.26436781609195403,0.1724137931034483,0.0,812,87,1.0,0.8157894736842105,0.9210526315789473,0.3563218390804598,0.06896551724137931,0.10526315789473684
niah_mv_v2,69,138,1371,0.5238095238095238,0.7380952380952381,0.1875,0.09375,0.2142857142857143,255,32,0.7619047619047619,0.2619047619047619,0.5952380952380952,0.5625,0.03125,0.3333333333333333
niah_mv_v2,70,138,4317,0.9736842105263158,1.0,0.25287356321839083,0.1839080459770115,0.02631578947368418,812,87,1.0,0.868421052631579,0.9210526315789473,0.3563218390804598,0.06896551724137931,0.05263157894736836
niah_mv_v2,71,138,4308,1.0,1.0,0.1839080459770115,0.11494252873563218,0.0,812,87,1.0,0.8157894736842105,0.9210526315789473,0.3563218390804598,0.08045977011494253,0.10526315789473684
niah_mv_v2,72,138,1391,0.4523809523809524,0.6428571428571429,0.15625,0.125,0.19047619047619052,255,32,0.7619047619047619,0.2619047619047619,0.6190476190476191,0.5625,0.03125,0.35714285714285715
niah_mv_v2,73,138,1375,0.4772727272727273,0.7045454545454546,0.1875,0.15625,0.2272727272727273,257,32,0.7272727272727273,0.2727272727272727,0.6363636363636364,0.5625,0.03125,0.36363636363636365
niah_mv_v2,74,138,1377,0.631578947368421,0.8157894736842105,0.16129032258064516,0.06451612903225806,0.1842105263157895,251,31,0.8157894736842105,0.3157894736842105,0.7631578947368421,0.5161290322580645,0.03225806451612903,0.44736842105263164
niah_mv_v2,75,138,1371,0.5,0.6388888888888888,0.16129032258064516,0.0967741935483871,0.13888888888888884,249,31,0.8611111111111112,0.3055555555555556,0.75,0.6129032258064516,0.03225806451612903,0.4444444444444444
niah_mv_v2,76,138,1386,0.5789473684210527,0.8157894736842105,0.16129032258064516,0.12903225806451613,0.23684210526315785,251,31,0.8157894736842105,0.23684210526315788,0.7105263157894737,0.6451612903225806,0.03225806451612903,0.4736842105263158
niah_mv_v2,77,138,4314,0.975,1.0,0.3068181818181818,0.14772727272727273,0.025000000000000022,814,88,1.0,0.75,0.925,0.375,0.09090909090909091,0.17500000000000004
niah_mv_v2,78,138,1387,0.5263157894736842,0.7894736842105263,0.16129032258064516,0.16129032258064516,0.26315789473684215,251,31,0.8157894736842105,0.23684210526315788,0.7105263157894737,0.6451612903225806,0.03225806451612903,0.4736842105263158
niah_mv_v2,79,138,1379,0.4523809523809524,0.7380952380952381,0.25,0.125,0.28571428571428575,255,32,0.7619047619047619,0.2619047619047619,0.6190476190476191,0.59375,0.03125,0.35714285714285715
niah_mv_v2,80,138,4312,1.0,1.0,0.22988505747126436,0.16091954022988506,0.0,812,87,1.0,0.7894736842105263,0.9210526315789473,0.3563218390804598,0.06896551724137931,0.13157894736842102
niah_mv_v2,81,138,4333,0.9736842105263158,1.0,0.1724137931034483,0.13793103448275862,0.02631578947368418,812,87,1.0,0.8421052631578947,0.9473684210526315,0.3563218390804598,0.06896551724137931,0.10526315789473684
niah_mv_v2,82,138,4316,1.0,1.0,0.21839080459770116,0.1839080459770115,0.0,812,87,1.0,0.7894736842105263,0.9473684210526315,0.3563218390804598,0.06896551724137931,0.1578947368421052
niah_mv_v2,83,138,4312,1.0,1.0,0.1839080459770115,0.14942528735632185,0.0,812,87,1.0,0.7894736842105263,1.0,0.3563218390804598,0.09195402298850575,0.21052631578947367
niah_mv_v2,84,138,1393,0.34,0.48,0.18181818181818182,0.12121212121212122,0.13999999999999996,263,33,0.66,0.14,0.48,0.6363636363636364,0.030303030303030304,0.33999999999999997
niah_mv_v2,85,138,1387,0.525,0.75,0.16129032258064516,0.16129032258064516,0.22499999999999998,253,31,0.775,0.275,0.675,0.5806451612903226,0.03225806451612903,0.4
niah_mv_v2,86,138,4324,0.9736842105263158,1.0,0.1839080459770115,0.13793103448275862,0.02631578947368418,812,87,1.0,0.8421052631578947,0.9210526315789473,0.3563218390804598,0.06896551724137931,0.07894736842105265
niah_mv_v2,87,138,1385,0.4523809523809524,0.7380952380952381,0.25,0.15625,0.28571428571428575,255,32,0.7619047619047619,0.23809523809523808,0.6190476190476191,0.59375,0.03125,0.380952380952381
niah_mv_v2,88,138,1367,0.34210526315789475,0.631578947368421,0.3548387096774194,0.0967741935483871,0.28947368421052627,251,31,0.8157894736842105,0.2631578947368421,0.6842105263157895,0.5806451612903226,0.03225806451612903,0.4210526315789474
niah_mv_v2,89,138,4312,0.9736842105263158,1.0,0.19540229885057472,0.13793103448275862,0.02631578947368418,812,87,1.0,0.7631578947368421,0.9210526315789473,0.3563218390804598,0.06896551724137931,0.1578947368421052
niah_mv_v2,90,138,4317,0.9473684210526315,0.9736842105263158,0.2413793103448276,0.1724137931034483,0.026315789473684292,812,87,1.0,0.8421052631578947,0.9473684210526315,0.3448275862068966,0.10344827586206896,0.10526315789473684
niah_mv_v2,91,138,1377,0.4523809523809524,0.7380952380952381,0.25,0.15625,0.28571428571428575,255,32,0.7619047619047619,0.30952380952380953,0.6666666666666666,0.53125,0.03125,0.3571428571428571
niah_mv_v2,92,138,1377,0.525,0.75,0.1935483870967742,0.0967741935483871,0.22499999999999998,253,31,0.775,0.2,0.65,0.6451612903225806,0.06451612903225806,0.45
niah_mv_v2,93,138,1385,0.5526315789473685,0.7894736842105263,0.1935483870967742,0.12903225806451613,0.23684210526315785,251,31,0.8157894736842105,0.34210526315789475,0.7368421052631579,0.5483870967741935,0.03225806451612903,0.3947368421052631
niah_mv_v2,94,138,4312,0.9473684210526315,0.9736842105263158,0.22988505747126436,0.14942528735632185,0.026315789473684292,812,87,1.0,0.7631578947368421,0.868421052631579,0.3563218390804598,0.06896551724137931,0.10526315789473684
niah_mv_v2,95,138,4313,1.0,1.0,0.19540229885057472,0.14942528735632185,0.0,810,87,1.0,0.8333333333333334,0.9444444444444444,0.3333333333333333,0.11494252873563218,0.11111111111111105
niah_mv_v2,96,138,4326,1.0,1.0,0.26436781609195403,0.16091954022988506,0.0,812,87,1.0,0.7894736842105263,0.868421052631579,0.3563218390804598,0.06896551724137931,0.07894736842105265
niah_mv_v2,97,138,1387,0.47619047619047616,0.6190476190476191,0.1875,0.09375,0.1428571428571429,255,32,0.7619047619047619,0.30952380952380953,0.6666666666666666,0.53125,0.03125,0.3571428571428571
niah_mv_v2,98,138,4320,0.9736842105263158,1.0,0.21839080459770116,0.1724137931034483,0.02631578947368418,812,87,1.0,0.8157894736842105,0.9210526315789473,0.3563218390804598,0.06896551724137931,0.10526315789473684
niah_mv_v2,99,138,4314,0.9473684210526315,1.0,0.25287356321839083,0.16091954022988506,0.052631578947368474,812,87,1.0,0.8157894736842105,0.8947368421052632,0.3563218390804598,0.05747126436781609,0.07894736842105265
niah_mv_v4,0,138,1283,0.2625,0.3625,0.13333333333333333,0.13333333333333333,0.09999999999999998,243,30,0.375,0.1625,0.3625,0.5,0.06666666666666667,0.19999999999999998
niah_mv_v4,1,138,4211,0.6973684210526315,0.8289473684210527,0.16091954022988506,0.16091954022988506,0.13157894736842113,806,87,1.0,0.6973684210526315,0.8421052631578947,0.3103448275862069,0.04597701149425287,0.14473684210526316
niah_mv_v4,2,138,4211,0.7,0.825,0.1724137931034483,0.13793103448275862,0.125,810,87,1.0,0.6125,0.8375,0.3218390804597701,0.04597701149425287,0.22499999999999998
niah_mv_v4,3,138,4219,0.7361111111111112,0.9027777777777778,0.16279069767441862,0.13953488372093023,0.16666666666666663,802,86,1.0,0.7222222222222222,0.875,0.3023255813953488,0.046511627906976744,0.1527777777777778
niah_mv_v4,4,138,4207,0.675,0.8625,0.20689655172413793,0.13793103448275862,0.1875,810,87,1.0,0.6375,0.8125,0.3333333333333333,0.04597701149425287,0.17500000000000004
niah_mv_v4,5,138,4221,0.7236842105263158,0.9868421052631579,0.1839080459770115,0.1724137931034483,0.26315789473684204,806,87,1.0,0.6710526315789473,0.881578947368421,0.3103448275862069,0.04597701149425287,0.21052631578947367
niah_mv_v4,6,138,4199,0.7105263157894737,0.8552631578947368,0.1839080459770115,0.14942528735632185,0.14473684210526316,806,87,1.0,0.6578947368421053,0.868421052631579,0.3103448275862069,0.04597701149425287,0.21052631578947367
niah_mv_v4,7,138,4199,0.7105263157894737,0.8552631578947368,0.1839080459770115,0.16091954022988506,0.14473684210526316,806,87,1.0,0.6842105263157895,0.868421052631579,0.2988505747126437,0.04597701149425287,0.1842105263157895
niah_mv_v4,8,138,4223,0.7,0.8625,0.19540229885057472,0.12643678160919541,0.1625000000000001,810,87,1.0,0.6,0.775,0.3333333333333333,0.04597701149425287,0.17500000000000004
niah_mv_v4,9,138,4227,0.725,0.8,0.1724137931034483,0.12643678160919541,0.07500000000000007,810,87,1.0,0.6125,0.8875,0.3333333333333333,0.04597701149425287,0.2749999999999999
niah_mv_v4,10,138,1280,0.2638888888888889,0.4027777777777778,0.20689655172413793,0.13793103448275862,0.1388888888888889,235,29,0.4027777777777778,0.1527777777777778,0.3611111111111111,0.5517241379310345,0.06896551724137931,0.20833333333333331
niah_mv_v4,11,138,4207,0.7236842105263158,0.881578947368421,0.16091954022988506,0.13793103448275862,0.1578947368421052,806,87,1.0,0.6710526315789473,0.8421052631578947,0.3103448275862069,0.04597701149425287,0.17105263157894735
niah_mv_v4,12,138,1305,0.25,0.39473684210526316,0.2,0.16666666666666666,0.14473684210526316,239,30,0.39473684210526316,0.17105263157894737,0.39473684210526316,0.4666666666666667,0.1,0.2236842105263158
niah_mv_v4,13,138,4211,0.7125,0.85,0.1724137931034483,0.13793103448275862,0.13749999999999996,810,87,1.0,0.6,0.8375,0.3333333333333333,0.04597701149425287,0.23750000000000004
niah_mv_v4,14,138,4211,0.725,0.875,0.16091954022988506,0.13793103448275862,0.15000000000000002,810,87,1.0,0.6625,0.85,0.3103448275862069,0.04597701149425287,0.1875
niah_mv_v4,15,138,4231,0.7894736842105263,0.9342105263157895,0.16091954022988506,0.11494252873563218,0.14473684210526316,806,87,1.0,0.6710526315789473,0.8421052631578947,0.3103448275862069,0.04597701149425287,0.17105263157894735
niah_mv_v4,16,138,1296,0.275,0.375,0.1,0.16666666666666666,0.09999999999999998,243,30,0.375,0.1375,0.35,0.5333333333333333,0.1,0.21249999999999997
niah_mv_v4,17,138,4211,0.6625,0.8375,0.1839080459770115,0.14942528735632185,0.17500000000000004,810,87,1.0,0.625,0.7875,0.3218390804597701,0.04597701149425287,0.16249999999999998
niah_mv_v4,18,138,4196,0.7631578947368421,0.9605263157894737,0.14942528735632185,0.14942528735632185,0.19736842105263153,806,87,1.0,0.6973684210526315,0.868421052631579,0.2988505747126437,0.04597701149425287,0.17105263157894746
niah_mv_v4,19,138,4207,0.7236842105263158,0.9078947368421053,0.1839080459770115,0.16091954022988506,0.1842105263157895,806,87,1.0,0.6578947368421053,0.881578947368421,0.3103448275862069,0.04597701149425287,0.2236842105263157
niah_mv_v4,20,138,4207,0.7,0.7625,0.14942528735632185,0.16091954022988506,0.0625,810,87,1.0,0.6875,0.85,0.3103448275862069,0.04597701149425287,0.16249999999999998
niah_mv_v4,21,138,4203,0.6578947368421053,0.881578947368421,0.21839080459770116,0.14942528735632185,0.2236842105263157,806,87,1.0,0.6710526315789473,0.8552631578947368,0.3218390804597701,0.04597701149425287,0.1842105263157895
niah_mv_v4,22,138,4211,0.7361111111111112,0.8611111111111112,0.1744186046511628,0.13953488372093023,0.125,802,86,1.0,0.7777777777777778,0.8611111111111112,0.27906976744186046,0.046511627906976744,0.08333333333333337
niah_mv_v4,23,138,4223,0.6547619047619048,0.8452380952380952,0.18181818181818182,0.14772727272727273,0.19047619047619047,814,88,1.0,0.6190476190476191,0.8333333333333334,0.32954545454545453,0.045454545454545456,0.2142857142857143
niah_mv_v4,24,138,4219,0.6375,0.7625,0.14942528735632185,0.14942528735632185,0.125,810,87,1.0,0.6,0.8375,0.3333333333333333,0.04597701149425287,0.23750000000000004
niah_mv_v4,25,138,4199,0.675,0.775,0.1839080459770115,0.13793103448275862,0.09999999999999998,810,87,1.0,0.6125,0.8,0.3333333333333333,0.04597701149425287,0.1875
niah_mv_v4,26,138,4200,0.7105263157894737,0.881578947368421,0.1839080459770115,0.16091954022988506,0.17105263157894735,806,87,1.0,0.7105263157894737,0.868421052631579,0.2988505747126437,0.04597701149425287,0.1578947368421053
niah_mv_v4,27,138,4223,0.675,0.8375,0.1724137931034483,0.12643678160919541,0.16249999999999998,810,87,1.0,0.6125,0.8125,0.3333333333333333,0.04597701149425287,0.19999999999999996
niah_mv_v4,28,138,4191,0.7105263157894737,0.868421052631579,0.19540229885057472,0.13793103448275862,0.1578947368421053,806,87,1.0,0.631578947368421,0.8552631578947368,0.3333333333333333,0.04597701149425287,0.22368421052631582
niah_mv_v4,29,138,1280,0.2777777777777778,0.4027777777777778,0.1724137931034483,0.13793103448275862,0.125,235,29,0.4027777777777778,0.1388888888888889,0.375,0.5517241379310345,0.10344827586206896,0.2361111111111111
niah_mv_v4,30,138,4191,0.7631578947368421,0.881578947368421,0.1724137931034483,0.12643678160919541,0.11842105263157887,806,87,1.0,0.6842105263157895,0.8552631578947368,0.3103448275862069,0.04597701149425287,0.17105263157894735
niah_mv_v4,31,138,1304,0.2631578947368421,0.3815789473684211,0.16666666666666666,0.13333333333333333,0.11842105263157898,239,30,0.39473684210526316,0.15789473684210525,0.39473684210526316,0.5333333333333333,0.06666666666666667,0.2368421052631579
niah_mv_v4,32,138,4211,0.75,0.868421052631579,0.1724137931034483,0.14942528735632185,0.11842105263157898,806,87,1.0,0.6842105263157895,0.8552631578947368,0.2988505747126437,0.04597701149425287,0.17105263157894735
niah_mv_v4,33,138,4211,0.7125,0.925,0.16091954022988506,0.13793103448275862,0.21250000000000002,810,87,1.0,0.6375,0.8125,0.3103448275862069,0.04597701149425287,0.17500000000000004
niah_mv_v4,34,138,4215,0.65,0.8875,0.20689655172413793,0.13793103448275862,0.23749999999999993,810,87,1.0,0.625,0.8125,0.3218390804597701,0.04597701149425287,0.1875
niah_mv_v4,35,138,4219,0.675,0.875,0.1839080459770115,0.14942528735632185,0.19999999999999996,810,87,1.0,0.625,0.7875,0.3333333333333333,0.04597701149425287,0.16249999999999998
niah_mv_v4,36,138,4211,0.7125,0.8625,0.1724137931034483,0.14942528735632185,0.15000000000000002,810,87,1.0,0.6625,0.8125,0.3218390804597701,0.04597701149425287,0.15000000000000002
niah_mv_v4,37,138,4239,0.675,0.8375,0.1724137931034483,0.16091954022988506,0.16249999999999998,810,87,1.0,0.6375,0.7875,0.3103448275862069,0.04597701149425287,0.15000000000000002
niah_mv_v4,38,138,4235,0.6973684210526315,0.8289473684210527,0.21839080459770116,0.12643678160919541,0.13157894736842113,806,87,1.0,0.6578947368421053,0.8421052631578947,0.3103448275862069,0.04597701149425287,0.18421052631578938
niah_mv_v4,39,138,1303,0.23809523809523808,0.34523809523809523,0.1935483870967742,0.12903225806451613,0.10714285714285715,247,31,0.36904761904761907,0.13095238095238096,0.34523809523809523,0.5161290322580645,0.06451612903225806,0.21428571428571427
niah_mv_v4,40,138,1296,0.25,0.375,0.16666666666666666,0.16666666666666666,0.125,243,30,0.375,0.1625,0.35,0.5,0.06666666666666667,0.18749999999999997
niah_mv_v4,41,138,1269,0.2236842105263158,0.3815789473684211,0.26666666666666666,0.13333333333333333,0.15789473684210528,239,30,0.39473684210526316,0.21052631578947367,0.39473684210526316,0.4,0.06666666666666667,0.1842105263157895
niah_mv_v4,42,138,4207,0.625,0.7875,0.16091954022988506,0.12643678160919541,0.16249999999999998,810,87,1.0,0.6375,0.8,0.3103448275862069,0.04597701149425287,0.1625000000000001
niah_mv_v4,43,138,4223,0.725,0.8875,0.16091954022988506,0.14942528735632185,0.16249999999999998,810,87,1.0,0.5875,0.85,0.3448275862068966,0.04597701149425287,0.26249999999999996
niah_mv_v4,44,138,4219,0.6785714285714286,0.9047619047619048,0.17045454545454544,0.14772727272727273,0.22619047619047616,814,88,1.0,0.6071428571428571,0.7857142857142857,0.29545454545454547,0.045454545454545456,0.1785714285714286
niah_mv_v4,45,138,4203,0.6447368421052632,0.8947368421052632,0.22988505747126436,0.16091954022988506,0.25,806,87,1.0,0.6447368421052632,0.8289473684210527,0.3333333333333333,0.04597701149425287,0.1842105263157895
niah_mv_v4,46,138,1280,0.25,0.3625,0.13333333333333333,0.16666666666666666,0.11249999999999999,243,30,0.375,0.1375,0.35,0.5333333333333333,0.06666666666666667,0.21249999999999997
niah_mv_v4,47,138,1312,0.2857142857142857,0.36904761904761907,0.0967741935483871,0.12903225806451613,0.08333333333333337,247,31,0.36904761904761907,0.14285714285714285,0.35714285714285715,0.4838709677419355,0.12903225806451613,0.2142857142857143
niah_mv_v4,48,138,4204,0.7125,0.8625,0.13793103448275862,0.13793103448275862,0.15000000000000002,810,87,1.0,0.625,0.8375,0.3103448275862069,0.04597701149425287,0.21250000000000002
niah_mv_v4,49,138,4215,0.6710526315789473,0.9078947368421053,0.20689655172413793,0.16091954022988506,0.23684210526315796,806,87,1.0,0.7105263157894737,0.868421052631579,0.2988505747126437,0.04597701149425287,0.1578947368421053
niah_mv_v4,50,138,4203,0.7105263157894737,0.9210526315789473,0.19540229885057472,0.13793103448275862,0.21052631578947367,806,87,1.0,0.6973684210526315,0.8552631578947368,0.28735632183908044,0.04597701149425287,0.1578947368421053
niah_mv_v4,51,138,4231,0.675,0.825,0.1839080459770115,0.11494252873563218,0.1499999999999999,810,87,1.0,0.6375,0.8125,0.3218390804597701,0.04597701149425287,0.17500000000000004
niah_mv_v4,52,138,1280,0.2916666666666667,0.4027777777777778,0.13793103448275862,0.13793103448275862,0.1111111111111111,235,29,0.4027777777777778,0.18055555555555555,0.3888888888888889,0.4827586206896552,0.06896551724137931,0.20833333333333334
niah_mv_v4,53,138,4232,0.7,0.9,0.20689655172413793,0.12643678160919541,0.20000000000000007,810,87,1.0,0.6375,0.825,0.3333333333333333,0.04597701149425287,0.1875
niah_mv_v4,54,138,1276,0.2375,0.375,0.2,0.16666666666666666,0.1375,243,30,0.375,0.1375,0.3625,0.5,0.13333333333333333,0.22499999999999998
niah_mv_v4,55,138,1296,0.25,0.3625,0.2,0.13333333333333333,0.11249999999999999,243,30,0.375,0.1625,0.375,0.5,0.06666666666666667,0.2125
niah_mv_v4,56,138,4223,0.7361111111111112,0.8472222222222222,0.18604651162790697,0.13953488372093023,0.11111111111111105,802,86,1.0,0.7222222222222222,0.875,0.29069767441860467,0.046511627906976744,0.1527777777777778
niah_mv_v4,57,138,4192,0.65,0.8375,0.19540229885057472,0.16091954022988506,0.1875,810,87,1.0,0.6375,0.825,0.3103448275862069,0.04597701149425287,0.1875
niah_mv_v4,58,138,4207,0.7368421052631579,0.881578947368421,0.12643678160919541,0.16091954022988506,0.14473684210526316,806,87,1.0,0.7105263157894737,0.868421052631579,0.28735632183908044,0.04597701149425287,0.1578947368421053
niah_mv_v4,59,138,4199,0.6973684210526315,0.881578947368421,0.21839080459770116,0.13793103448275862,0.1842105263157895,806,87,1.0,0.6710526315789473,0.8552631578947368,0.3103448275862069,0.04597701149425287,0.1842105263157895
niah_mv_v4,60,138,1287,0.25,0.3625,0.16666666666666666,0.13333333333333333,0.11249999999999999,243,30,0.375,0.1375,0.325,0.5333333333333333,0.03333333333333333,0.1875
niah_mv_v4,61,138,4223,0.6710526315789473,0.881578947368421,0.21839080459770116,0.14942528735632185,0.21052631578947367,806,87,1.0,0.6973684210526315,0.8157894736842105,0.3103448275862069,0.04597701149425287,0.11842105263157898
niah_mv_v4,62,138,4187,0.625,0.8055555555555556,0.13953488372093023,0.12790697674418605,0.18055555555555558,802,86,1.0,0.75,0.8611111111111112,0.27906976744186046,0.046511627906976744,0.11111111111111116
niah_mv_v4,63,138,1272,0.27631578947368424,0.39473684210526316,0.16666666666666666,0.13333333333333333,0.11842105263157893,239,30,0.39473684210526316,0.13157894736842105,0.3684210526315789,0.5333333333333333,0.13333333333333333,0.23684210526315788
niah_mv_v4,64,138,1275,0.2777777777777778,0.3888888888888889,0.20689655172413793,0.10344827586206896,0.1111111111111111,235,29,0.4027777777777778,0.18055555555555555,0.375,0.4827586206896552,0.06896551724137931,0.19444444444444445
niah_mv_v4,65,138,4199,0.6875,0.85,0.16091954022988506,0.11494252873563218,0.16249999999999998,810,87,1.0,0.6125,0.875,0.3448275862068966,0.04597701149425287,0.26249999999999996
niah_mv_v4,66,138,4203,0.7361111111111112,0.8611111111111112,0.1744186046511628,0.16279069767441862,0.125,802,86,1.0,0.6944444444444444,0.8611111111111112,0.3023255813953488,0.046511627906976744,0.16666666666666674
niah_mv_v4,67,138,1289,0.25,0.39473684210526316,0.2,0.16666666666666666,0.14473684210526316,239,30,0.39473684210526316,0.14473684210526316,0.3815789473684211,0.5333333333333333,0.1,0.2368421052631579
niah_mv_v4,68,138,1280,0.25,0.39473684210526316,0.2,0.16666666666666666,0.14473684210526316,239,30,0.39473684210526316,0.14473684210526316,0.3684210526315789,0.5,0.13333333333333333,0.22368421052631576
niah_mv_v4,69,138,4207,0.75,0.8947368421052632,0.19540229885057472,0.11494252873563218,0.14473684210526316,806,87,1.0,0.6842105263157895,0.868421052631579,0.3103448275862069,0.04597701149425287,0.1842105263157895
niah_mv_v4,70,138,4211,0.6625,0.8,0.19540229885057472,0.13793103448275862,0.13750000000000007,810,87,1.0,0.6625,0.85,0.3218390804597701,0.04597701149425287,0.1875
niah_mv_v4,71,138,4215,0.675,0.85,0.19540229885057472,0.14942528735632185,0.17499999999999993,810,87,1.0,0.6625,0.8375,0.3103448275862069,0.04597701149425287,0.17500000000000004
niah_mv_v4,72,138,1296,0.2625,0.375,0.13333333333333333,0.16666666666666666,0.11249999999999999,243,30,0.375,0.125,0.3625,0.5333333333333333,0.13333333333333333,0.2375
niah_mv_v4,73,138,1292,0.25,0.39473684210526316,0.16666666666666666,0.2,0.14473684210526316,239,30,0.39473684210526316,0.13157894736842105,0.3684210526315789,0.5666666666666667,0.1,0.23684210526315788
niah_mv_v4,74,138,4215,0.5921052631578947,0.7236842105263158,0.13793103448275862,0.11494252873563218,0.13157894736842113,806,87,1.0,0.618421052631579,0.8289473684210527,0.3448275862068966,0.04597701149425287,0.21052631578947367
niah_mv_v4,75,138,4212,0.7105263157894737,0.9342105263157895,0.20689655172413793,0.10344827586206896,0.22368421052631582,806,87,1.0,0.7105263157894737,0.8552631578947368,0.2988505747126437,0.04597701149425287,0.14473684210526316
niah_mv_v4,76,138,4223,0.7,0.8625,0.1839080459770115,0.14942528735632185,0.1625000000000001,810,87,1.0,0.6375,0.8625,0.3218390804597701,0.04597701149425287,0.2250000000000001
niah_mv_v4,77,138,1280,0.25,0.3611111111111111,0.13793103448275862,0.13793103448275862,0.1111111111111111,235,29,0.4027777777777778,0.19444444444444445,0.3888888888888889,0.4827586206896552,0.034482758620689655,0.19444444444444445
niah_mv_v4,78,138,4215,0.6973684210526315,0.8289473684210527,0.20689655172413793,0.13793103448275862,0.13157894736842113,806,87,1.0,0.6973684210526315,0.8552631578947368,0.28735632183908044,0.04597701149425287,0.1578947368421053
niah_mv_v4,79,138,4207,0.725,0.875,0.16091954022988506,0.13793103448275862,0.15000000000000002,810,87,1.0,0.625,0.8125,0.3218390804597701,0.04597701149425287,0.1875
niah_mv_v4,80,138,1308,0.2894736842105263,0.3815789473684211,0.13333333333333333,0.13333333333333333,0.09210526315789475,239,30,0.39473684210526316,0.17105263157894737,0.39473684210526316,0.5,0.06666666666666667,0.2236842105263158
niah_mv_v4,81,138,1280,0.2777777777777778,0.3888888888888889,0.13793103448275862,0.13793103448275862,0.1111111111111111,235,29,0.4027777777777778,0.1527777777777778,0.4027777777777778,0.5517241379310345,0.06896551724137931,0.25
niah_mv_v4,82,138,4199,0.6973684210526315,0.881578947368421,0.19540229885057472,0.13793103448275862,0.1842105263157895,806,87,1.0,0.6710526315789473,0.8157894736842105,0.3103448275862069,0.04597701149425287,0.14473684210526316
niah_mv_v4,83,138,4215,0.7125,0.8625,0.1839080459770115,0.13793103448275862,0.15000000000000002,810,87,1.0,0.5875,0.825,0.3333333333333333,0.04597701149425287,0.23749999999999993
niah_mv_v4,84,138,4199,0.6578947368421053,0.7631578947368421,0.16091954022988506,0.13793103448275862,0.10526315789473684,806,87,1.0,0.6578947368421053,0.8289473684210527,0.3103448275862069,0.04597701149425287,0.17105263157894735
niah_mv_v4,85,138,1289,0.23863636363636365,0.36363636363636365,0.15625,0.1875,0.125,251,32,0.36363636363636365,0.13636363636363635,0.36363636363636365,0.5,0.125,0.2272727272727273
niah_mv_v4,86,138,4204,0.7638888888888888,0.9444444444444444,0.16279069767441862,0.18604651162790697,0.18055555555555558,802,86,1.0,0.7361111111111112,0.8888888888888888,0.29069767441860467,0.046511627906976744,0.15277777777777768
niah_mv_v4,87,138,4215,0.7,0.875,0.1724137931034483,0.13793103448275862,0.17500000000000004,810,87,1.0,0.6,0.8125,0.3333333333333333,0.04597701149425287,0.21250000000000002
niah_mv_v4,88,138,1308,0.25,0.35714285714285715,0.16129032258064516,0.12903225806451613,0.10714285714285715,247,31,0.36904761904761907,0.15476190476190477,0.34523809523809523,0.5161290322580645,0.06451612903225806,0.19047619047619047
niah_mv_v4,89,138,1292,0.25,0.3888888888888889,0.20689655172413793,0.13793103448275862,0.1388888888888889,235,29,0.4027777777777778,0.1527777777777778,0.375,0.5517241379310345,0.034482758620689655,0.2222222222222222
niah_mv_v4,90,138,4223,0.6973684210526315,0.8552631578947368,0.20689655172413793,0.13793103448275862,0.1578947368421053,806,87,1.0,0.618421052631579,0.868421052631579,0.3333333333333333,0.04597701149425287,0.25
niah_mv_v4,91,138,4207,0.6904761904761905,0.8095238095238095,0.14772727272727273,0.13636363636363635,0.11904761904761907,814,88,1.0,0.5833333333333334,0.7738095238095238,0.3409090909090909,0.045454545454545456,0.19047619047619047
niah_mv_v4,92,138,4203,0.6710526315789473,0.8552631578947368,0.1839080459770115,0.16091954022988506,0.1842105263157895,806,87,1.0,0.6710526315789473,0.8289473684210527,0.3333333333333333,0.04597701149425287,0.1578947368421053
niah_mv_v4,93,138,4215,0.7,0.8625,0.19540229885057472,0.13793103448275862,0.1625000000000001,810,87,1.0,0.625,0.825,0.3218390804597701,0.04597701149425287,0.19999999999999996
niah_mv_v4,94,138,4227,0.7105263157894737,0.9210526315789473,0.1839080459770115,0.16091954022988506,0.21052631578947367,806,87,1.0,0.6578947368421053,0.8289473684210527,0.2988505747126437,0.04597701149425287,0.17105263157894735
niah_mv_v4,95,138,4187,0.6973684210526315,0.881578947368421,0.21839080459770116,0.12643678160919541,0.1842105263157895,806,87,1.0,0.6842105263157895,0.8289473684210527,0.2988505747126437,0.04597701149425287,0.14473684210526316
niah_mv_v4,96,138,4211,0.75,0.8552631578947368,0.16091954022988506,0.10344827586206896,0.10526315789473684,806,87,1.0,0.6710526315789473,0.8289473684210527,0.28735632183908044,0.04597701149425287,0.1578947368421053
niah_mv_v4,97,138,4191,0.6578947368421053,0.8026315789473685,0.1724137931034483,0.12643678160919541,0.14473684210526316,806,87,1.0,0.6710526315789473,0.8289473684210527,0.2988505747126437,0.04597701149425287,0.1578947368421053
niah_mv_v4,98,138,4195,0.7105263157894737,0.8289473684210527,0.19540229885057472,0.13793103448275862,0.11842105263157898,806,87,1.0,0.6578947368421053,0.8157894736842105,0.3218390804597701,0.04597701149425287,0.1578947368421052
niah_mv_v4,99,138,1280,0.25,0.3815789473684211,0.16666666666666666,0.16666666666666666,0.13157894736842107,239,30,0.39473684210526316,0.15789473684210525,0.3815789473684211,0.5,0.06666666666666667,0.22368421052631582
niah_mv_v8,0,138,1251,0.15476190476190477,0.19642857142857142,0.08823529411764706,0.11764705882352941,0.04166666666666666,274,34,0.20238095238095238,0.10714285714285714,0.19047619047619047,0.35294117647058826,0.11764705882352941,0.08333333333333333
niah_mv_v8,1,138,1276,0.15476190476190477,0.19642857142857142,0.14705882352941177,0.058823529411764705,0.04166666666666666,274,34,0.20238095238095238,0.09523809523809523,0.19047619047619047,0.38235294117647056,0.11764705882352941,0.09523809523809523
niah_mv_v8,2,138,4161,0.4652777777777778,0.5972222222222222,0.11494252873563218,0.11494252873563218,0.13194444444444442,817,87,0.6041666666666666,0.3888888888888889,0.5347222222222222,0.25287356321839083,0.04597701149425287,0.14583333333333331
niah_mv_v8,3,138,4177,0.4276315789473684,0.5460526315789473,0.11363636363636363,0.11363636363636363,0.11842105263157893,825,88,0.5789473684210527,0.39473684210526316,0.5592105263157895,0.25,0.045454545454545456,0.16447368421052633
niah_mv_v8,4,138,4193,0.4276315789473684,0.5723684210526315,0.11363636363636363,0.14772727272727273,0.1447368421052631,825,88,0.5789473684210527,0.3881578947368421,0.5263157894736842,0.2727272727272727,0.045454545454545456,0.1381578947368421
niah_mv_v8,5,138,1268,0.15476190476190477,0.20238095238095238,0.08823529411764706,0.14705882352941177,0.047619047619047616,274,34,0.20238095238095238,0.08928571428571429,0.17857142857142858,0.4117647058823529,0.11764705882352941,0.08928571428571429
niah_mv_v8,6,138,1277,0.11363636363636363,0.14772727272727273,0.05714285714285714,0.17142857142857143,0.0340909090909091,282,35,0.19886363636363635,0.09090909090909091,0.18181818181818182,0.42857142857142855,0.11428571428571428,0.09090909090909091
niah_mv_v8,7,138,4153,0.4144736842105263,0.5460526315789473,0.13636363636363635,0.10227272727272728,0.13157894736842102,825,88,0.5789473684210527,0.3815789473684211,0.5460526315789473,0.2727272727272727,0.045454545454545456,0.16447368421052627
niah_mv_v8,8,138,1230,0.1488095238095238,0.20238095238095238,0.08823529411764706,0.17647058823529413,0.053571428571428575,274,34,0.20238095238095238,0.08928571428571429,0.18452380952380953,0.4117647058823529,0.11764705882352941,0.09523809523809525
niah_mv_v8,9,138,1229,0.09868421052631579,0.13815789473684212,0.09375,0.15625,0.03947368421052633,258,32,0.21052631578947367,0.10526315789473684,0.19078947368421054,0.34375,0.125,0.0855263157894737
niah_mv_v8,10,138,1205,0.1118421052631579,0.1513157894736842,0.03125,0.1875,0.039473684210526314,258,32,0.21052631578947367,0.09210526315789473,0.18421052631578946,0.40625,0.125,0.09210526315789473
niah_mv_v8,11,138,1269,0.10526315789473684,0.15789473684210525,0.09375,0.1875,0.05263157894736842,258,32,0.21052631578947367,0.09210526315789473,0.19078947368421054,0.4375,0.125,0.0986842105263158
niah_mv_v8,12,138,4152,0.42105263157894735,0.5592105263157895,0.13636363636363635,0.10227272727272728,0.13815789473684215,825,88,0.5789473684210527,0.375,0.5131578947368421,0.2727272727272727,0.045454545454545456,0.13815789473684215
niah_mv_v8,13,138,1221,0.10526315789473684,0.1513157894736842,0.0625,0.21875,0.04605263157894737,258,32,0.21052631578947367,0.10526315789473684,0.19078947368421054,0.375,0.125,0.0855263157894737
niah_mv_v8,14,138,4169,0.4027777777777778,0.4861111111111111,0.08045977011494253,0.09195402298850575,0.08333333333333331,817,87,0.6041666666666666,0.3958333333333333,0.5416666666666666,0.25287356321839083,0.04597701149425287,0.14583333333333331
niah_mv_v8,15,138,1221,0.1125,0.14375,0.030303030303030304,0.15151515151515152,0.031249999999999986,266,33,0.20625,0.1,0.19375,0.3939393939393939,0.12121212121212122,0.09375
niah_mv_v8,16,138,1203,0.11805555555555555,0.1597222222222222,0.03225806451612903,0.1935483870967742,0.04166666666666666,250,31,0.2152777777777778,0.09722222222222222,0.19444444444444445,0.3870967741935484,0.12903225806451613,0.09722222222222222
niah_mv_v8,17,138,1246,0.14473684210526316,0.21052631578947367,0.09375,0.21875,0.06578947368421051,258,32,0.21052631578947367,0.09210526315789473,0.19078947368421054,0.4375,0.125,0.0986842105263158
niah_mv_v8,18,138,1220,0.11842105263157894,0.1513157894736842,0.0625,0.125,0.03289473684210527,258,32,0.21052631578947367,0.09210526315789473,0.19736842105263158,0.40625,0.125,0.10526315789473685
niah_mv_v8,19,138,1237,0.1513157894736842,0.21052631578947367,0.03125,0.25,0.05921052631578946,258,32,0.21052631578947367,0.09210526315789473,0.19736842105263158,0.46875,0.09375,0.10526315789473685
niah_mv_v8,20,138,1262,0.1375,0.1875,0.06060606060606061,0.18181818181818182,0.04999999999999999,266,33,0.20625,0.0875,0.19375,0.45454545454545453,0.12121212121212122,0.10625000000000001
niah_mv_v8,21,138,1236,0.13157894736842105,0.17763157894736842,0.125,0.15625,0.04605263157894737,258,32,0.21052631578947367,0.09210526315789473,0.19736842105263158,0.4375,0.125,0.10526315789473685
niah_mv_v8,22,138,1277,0.10526315789473684,0.1513157894736842,0.0625,0.21875,0.04605263157894737,258,32,0.21052631578947367,0.09210526315789473,0.19736842105263158,0.4375,0.125,0.10526315789473685
niah_mv_v8,23,138,4224,0.4407894736842105,0.5460526315789473,0.09090909090909091,0.10227272727272728,0.10526315789473684,825,88,0.5789473684210527,0.3684210526315789,0.5263157894736842,0.2727272727272727,0.045454545454545456,0.15789473684210525
niah_mv_v8,24,138,1285,0.13095238095238096,0.17857142857142858,0.058823529411764705,0.17647058823529413,0.047619047619047616,274,34,0.20238095238095238,0.10119047619047619,0.18452380952380953,0.38235294117647056,0.11764705882352941,0.08333333333333334
niah_mv_v8,25,138,1260,0.10526315789473684,0.15789473684210525,0.09375,0.1875,0.05263157894736842,258,32,0.21052631578947367,0.09210526315789473,0.19078947368421054,0.4375,0.125,0.0986842105263158
niah_mv_v8,26,138,4185,0.4144736842105263,0.5526315789473685,0.125,0.125,0.13815789473684215,825,88,0.5789473684210527,0.375,0.5460526315789473,0.26136363636363635,0.045454545454545456,0.17105263157894735
niah_mv_v8,27,138,1270,0.1513157894736842,0.21052631578947367,0.125,0.15625,0.05921052631578946,258,32,0.21052631578947367,0.09868421052631579,0.19736842105263158,0.40625,0.125,0.09868421052631579
niah_mv_v8,28,138,4201,0.42105263157894735,0.5526315789473685,0.125,0.11363636363636363,0.13157894736842113,825,88,0.5789473684210527,0.375,0.5526315789473685,0.2840909090909091,0.045454545454545456,0.17763157894736847
niah_mv_v8,29,138,4233,0.4407894736842105,0.5526315789473685,0.13636363636363635,0.07954545454545454,0.11184210526315796,825,88,0.5789473684210527,0.375,0.5394736842105263,0.2727272727272727,0.045454545454545456,0.16447368421052633
niah_mv_v8,30,138,1246,0.1375,0.20625,0.12121212121212122,0.21212121212121213,0.06874999999999998,266,33,0.20625,0.09375,0.2,0.42424242424242425,0.12121212121212122,0.10625000000000001
niah_mv_v8,31,138,1245,0.125,0.17763157894736842,0.15625,0.15625,0.05263157894736842,258,32,0.21052631578947367,0.09868421052631579,0.20394736842105263,0.40625,0.125,0.10526315789473684
niah_mv_v8,32,138,4184,0.42105263157894735,0.5394736842105263,0.11363636363636363,0.13636363636363635,0.11842105263157898,825,88,0.5789473684210527,0.35526315789473684,0.5,0.2840909090909091,0.045454545454545456,0.14473684210526316
niah_mv_v8,33,138,1213,0.10526315789473684,0.13815789473684212,0.0625,0.125,0.03289473684210528,258,32,0.21052631578947367,0.09210526315789473,0.19078947368421054,0.4375,0.125,0.0986842105263158
niah_mv_v8,34,138,1244,0.14473684210526316,0.21052631578947367,0.0625,0.25,0.06578947368421051,258,32,0.21052631578947367,0.09868421052631579,0.19078947368421054,0.40625,0.125,0.09210526315789475
niah_mv_v8,35,138,4160,0.4144736842105263,0.5460526315789473,0.14772727272727273,0.125,0.13157894736842102,825,88,0.5789473684210527,0.3618421052631579,0.5197368421052632,0.2727272727272727,0.045454545454545456,0.15789473684210525
niah_mv_v8,36,138,4192,0.4473684210526316,0.5592105263157895,0.11363636363636363,0.09090909090909091,0.11184210526315791,825,88,0.5789473684210527,0.35526315789473684,0.5197368421052632,0.2840909090909091,0.045454545454545456,0.16447368421052633
niah_mv_v8,37,138,1204,0.11842105263157894,0.1513157894736842,0.03125,0.1875,0.03289473684210527,258,32,0.21052631578947367,0.09210526315789473,0.18421052631578946,0.4375,0.125,0.09210526315789473
niah_mv_v8,38,138,1260,0.10625,0.15,0.12121212121212122,0.15151515151515152,0.04375,266,33,0.20625,0.09375,0.18125,0.3939393939393939,0.12121212121212122,0.0875
niah_mv_v8,39,138,4209,0.4342105263157895,0.5526315789473685,0.13636363636363635,0.09090909090909091,0.11842105263157898,825,88,0.5789473684210527,0.375,0.5394736842105263,0.2727272727272727,0.045454545454545456,0.16447368421052633
niah_mv_v8,40,138,4192,0.4407894736842105,0.5526315789473685,0.11363636363636363,0.09090909090909091,0.11184210526315796,825,88,0.5789473684210527,0.3684210526315789,0.5197368421052632,0.26136363636363635,0.045454545454545456,0.15131578947368424
niah_mv_v8,41,138,1325,0.11875,0.15,0.06060606060606061,0.15151515151515152,0.03125,266,33,0.20625,0.0875,0.1875,0.45454545454545453,0.12121212121212122,0.1
niah_mv_v8,42,138,1236,0.13690476190476192,0.20238095238095238,0.11764705882352941,0.20588235294117646,0.06547619047619047,274,34,0.20238095238095238,0.08333333333333333,0.18452380952380953,0.47058823529411764,0.11764705882352941,0.1011904761904762
niah_mv_v8,43,138,1221,0.10526315789473684,0.15789473684210525,0.0625,0.21875,0.05263157894736842,258,32,0.21052631578947367,0.08552631578947369,0.18421052631578946,0.46875,0.125,0.09868421052631578
niah_mv_v8,44,138,1229,0.125,0.18452380952380953,0.11764705882352941,0.17647058823529413,0.059523809523809534,274,34,0.20238095238095238,0.08928571428571429,0.19047619047619047,0.4411764705882353,0.11764705882352941,0.10119047619047618
niah_mv_v8,45,138,1221,0.125,0.18421052631578946,0.0625,0.21875,0.05921052631578946,258,32,0.21052631578947367,0.1118421052631579,0.19736842105263158,0.34375,0.125,0.08552631578947369
niah_mv_v8,46,138,4208,0.4407894736842105,0.5460526315789473,0.10227272727272728,0.10227272727272728,0.10526315789473684,825,88,0.5789473684210527,0.39473684210526316,0.5460526315789473,0.26136363636363635,0.045454545454545456,0.15131578947368418
niah_mv_v8,47,138,1253,0.1125,0.14375,0.06060606060606061,0.12121212121212122,0.031249999999999986,266,33,0.20625,0.0875,0.19375,0.42424242424242425,0.12121212121212122,0.10625000000000001
niah_mv_v8,48,138,1270,0.14375,0.20625,0.12121212121212122,0.18181818181818182,0.0625,266,33,0.20625,0.09375,0.18125,0.3939393939393939,0.12121212121212122,0.0875
niah_mv_v8,49,138,1276,0.08125,0.1125,0.06060606060606061,0.12121212121212122,0.03125,266,33,0.20625,0.0875,0.1875,0.42424242424242425,0.12121212121212122,0.1
niah_mv_v8,50,138,4177,0.3881578947368421,0.4868421052631579,0.07954545454545454,0.10227272727272728,0.09868421052631582,825,88,0.5789473684210527,0.3618421052631579,0.5197368421052632,0.2727272727272727,0.045454545454545456,0.15789473684210525
niah_mv_v8,51,138,4169,0.3881578947368421,0.5526315789473685,0.14772727272727273,0.14772727272727273,0.16447368421052638,825,88,0.5789473684210527,0.39473684210526316,0.5460526315789473,0.2727272727272727,0.045454545454545456,0.15131578947368418
niah_mv_v8,52,138,1212,0.10625,0.15,0.09090909090909091,0.18181818181818182,0.04375,266,33,0.20625,0.0875,0.1875,0.45454545454545453,0.12121212121212122,0.1
niah_mv_v8,53,138,1237,0.1375,0.20625,0.09090909090909091,0.24242424242424243,0.06874999999999998,266,33,0.20625,0.1,0.20625,0.3939393939393939,0.12121212121212122,0.10624999999999998
niah_mv_v8,54,138,1260,0.11842105263157894,0.1513157894736842,0.03125,0.1875,0.03289473684210527,258,32,0.21052631578947367,0.09210526315789473,0.18421052631578946,0.4375,0.125,0.09210526315789473
niah_mv_v8,55,138,4176,0.46710526315789475,0.5657894736842105,0.09090909090909091,0.09090909090909091,0.09868421052631576,825,88,0.5789473684210527,0.34210526315789475,0.5263157894736842,0.3068181818181818,0.045454545454545456,0.18421052631578944
niah_mv_v8,56,138,4176,0.4276315789473684,0.5592105263157895,0.125,0.10227272727272728,0.13157894736842107,825,88,0.5789473684210527,0.39473684210526316,0.5526315789473685,0.26136363636363635,0.045454545454545456,0.1578947368421053
niah_mv_v8,57,138,1261,0.09523809523809523,0.125,0.058823529411764705,0.11764705882352941,0.029761904761904767,274,34,0.20238095238095238,0.08333333333333333,0.17857142857142858,0.4117647058823529,0.11764705882352941,0.09523809523809525
niah_mv_v8,58,138,1237,0.1513157894736842,0.21052631578947367,0.09375,0.1875,0.05921052631578946,258,32,0.21052631578947367,0.10526315789473684,0.20394736842105263,0.375,0.125,0.09868421052631579
niah_mv_v8,59,138,4169,0.40789473684210525,0.5526315789473685,0.14772727272727273,0.13636363636363635,0.14473684210526322,825,88,0.5789473684210527,0.35526315789473684,0.5263157894736842,0.2840909090909091,0.045454545454545456,0.17105263157894735
niah_mv_v8,60,138,1269,0.1625,0.20625,0.06060606060606061,0.15151515151515152,0.04374999999999998,266,33,0.20625,0.0875,0.2,0.45454545454545453,0.12121212121212122,0.11250000000000002
niah_mv_v8,61,138,1237,0.10119047619047619,0.14285714285714285,0.058823529411764705,0.17647058823529413,0.04166666666666666,274,34,0.20238095238095238,0.10119047619047619,0.18452380952380953,0.38235294117647056,0.11764705882352941,0.08333333333333334
niah_mv_v8,62,138,1268,0.1625,0.20625,0.06060606060606061,0.15151515151515152,0.04374999999999998,266,33,0.20625,0.09375,0.1875,0.42424242424242425,0.12121212121212122,0.09375
niah_mv_v8,63,138,4184,0.4407894736842105,0.5592105263157895,0.11363636363636363,0.09090909090909091,0.11842105263157898,825,88,0.5789473684210527,0.3881578947368421,0.5526315789473685,0.2727272727272727,0.045454545454545456,0.16447368421052638
niah_mv_v8,64,138,1308,0.10526315789473684,0.14473684210526316,0.09375,0.125,0.03947368421052633,258,32,0.21052631578947367,0.10526315789473684,0.19736842105263158,0.375,0.125,0.09210526315789475
niah_mv_v8,65,138,4208,0.40131578947368424,0.5460526315789473,0.17045454545454544,0.11363636363636363,0.1447368421052631,825,88,0.5789473684210527,0.3815789473684211,0.5394736842105263,0.2727272727272727,0.045454545454545456,0.15789473684210525
niah_mv_v8,66,138,1300,0.13068181818181818,0.17045454545454544,0.14285714285714285,0.08571428571428572,0.039772727272727265,282,35,0.19886363636363635,0.10795454545454546,0.19318181818181818,0.34285714285714286,0.11428571428571428,0.08522727272727272
niah_mv_v8,67,138,4192,0.40131578947368424,0.5526315789473685,0.125,0.14772727272727273,0.15131578947368424,825,88,0.5789473684210527,0.35526315789473684,0.5197368421052632,0.2727272727272727,0.045454545454545456,0.16447368421052633
niah_mv_v8,68,138,4153,0.4276315789473684,0.5526315789473685,0.10227272727272728,0.13636363636363635,0.12500000000000006,825,88,0.5789473684210527,0.375,0.5328947368421053,0.2727272727272727,0.045454545454545456,0.1578947368421053
niah_mv_v8,69,138,4225,0.4125,0.5375,0.11235955056179775,0.1348314606741573,0.125,833,89,0.55625,0.3625,0.49375,0.2696629213483146,0.0449438202247191,0.13125000000000003
niah_mv_v8,70,138,1254,0.13068181818181818,0.1875,0.08571428571428572,0.2,0.05681818181818182,282,35,0.19886363636363635,0.09659090909090909,0.19318181818181818,0.4,0.11428571428571428,0.09659090909090909
niah_mv_v8,71,138,1260,0.1118421052631579,0.1513157894736842,0.09375,0.125,0.039473684210526314,258,32,0.21052631578947367,0.1118421052631579,0.19078947368421054,0.34375,0.125,0.07894736842105264
niah_mv_v8,72,138,1237,0.11805555555555555,0.19444444444444445,0.1935483870967742,0.1935483870967742,0.0763888888888889,250,31,0.2152777777777778,0.08333333333333333,0.19444444444444445,0.45161290322580644,0.12903225806451613,0.11111111111111112
niah_mv_v8,73,138,1219,0.11875,0.14375,0.09090909090909091,0.09090909090909091,0.024999999999999994,266,33,0.20625,0.1,0.1875,0.3939393939393939,0.12121212121212122,0.0875
niah_mv_v8,74,138,1271,0.15,0.20625,0.09090909090909091,0.18181818181818182,0.056249999999999994,266,33,0.20625,0.1,0.18125,0.3939393939393939,0.12121212121212122,0.08124999999999999
niah_mv_v8,75,138,1238,0.14583333333333334,0.1736111111111111,0.03225806451612903,0.12903225806451613,0.027777777777777762,250,31,0.2152777777777778,0.09027777777777778,0.19444444444444445,0.45161290322580644,0.12903225806451613,0.10416666666666667
niah_mv_v8,76,138,1220,0.10526315789473684,0.1513157894736842,0.125,0.125,0.04605263157894737,258,32,0.21052631578947367,0.09868421052631579,0.18421052631578946,0.40625,0.125,0.08552631578947367
niah_mv_v8,77,138,4152,0.4407894736842105,0.5526315789473685,0.125,0.07954545454545454,0.11184210526315796,825,88,0.5789473684210527,0.3684210526315789,0.5131578947368421,0.2727272727272727,0.045454545454545456,0.14473684210526322
niah_mv_v8,78,138,4144,0.4342105263157895,0.5526315789473685,0.13636363636363635,0.09090909090909091,0.11842105263157898,825,88,0.5789473684210527,0.3618421052631579,0.5197368421052632,0.2727272727272727,0.045454545454545456,0.15789473684210525
niah_mv_v8,79,138,1204,0.14375,0.1875,0.030303030303030304,0.21212121212121213,0.04375000000000001,266,33,0.20625,0.1,0.18125,0.36363636363636365,0.12121212121212122,0.08124999999999999
niah_mv_v8,80,138,4161,0.4605263157894737,0.5526315789473685,0.10227272727272728,0.07954545454545454,0.0921052631578948,825,88,0.5789473684210527,0.3881578947368421,0.5592105263157895,0.2727272727272727,0.045454545454545456,0.1710526315789474
niah_mv_v8,81,138,1220,0.13157894736842105,0.19078947368421054,0.09375,0.21875,0.05921052631578949,258,32,0.21052631578947367,0.09210526315789473,0.19078947368421054,0.4375,0.125,0.0986842105263158
niah_mv_v8,82,138,1252,0.1625,0.19375,0.030303030303030304,0.15151515151515152,0.03125,266,33,0.20625,0.09375,0.1875,0.3939393939393939,0.12121212121212122,0.09375
niah_mv_v8,83,138,4177,0.4144736842105263,0.5526315789473685,0.13636363636363635,0.14772727272727273,0.13815789473684215,825,88,0.5789473684210527,0.375,0.5197368421052632,0.26136363636363635,0.045454545454545456,0.14473684210526316
niah_mv_v8,84,138,4153,0.4276315789473684,0.5592105263157895,0.125,0.11363636363636363,0.13157894736842107,825,88,0.5789473684210527,0.35526315789473684,0.5197368421052632,0.3068181818181818,0.045454545454545456,0.16447368421052633
niah_mv_v8,85,138,4192,0.4,0.54375,0.1348314606741573,0.1348314606741573,0.14374999999999993,833,89,0.55625,0.35,0.5,0.2808988764044944,0.0449438202247191,0.15000000000000002
niah_mv_v8,86,138,4169,0.4407894736842105,0.5657894736842105,0.125,0.09090909090909091,0.125,825,88,0.5789473684210527,0.3684210526315789,0.5263157894736842,0.2727272727272727,0.045454545454545456,0.15789473684210525
niah_mv_v8,87,138,4161,0.4473684210526316,0.5526315789473685,0.07954545454545454,0.10227272727272728,0.10526315789473689,825,88,0.5789473684210527,0.3815789473684211,0.5394736842105263,0.2727272727272727,0.045454545454545456,0.15789473684210525
niah_mv_v8,88,138,1260,0.1125,0.15,0.09090909090909091,0.12121212121212122,0.03749999999999999,266,33,0.20625,0.0875,0.18125,0.42424242424242425,0.12121212121212122,0.09375
niah_mv_v8,89,138,1236,0.10625,0.15,0.12121212121212122,0.15151515151515152,0.04375,266,33,0.20625,0.09375,0.1875,0.3939393939393939,0.12121212121212122,0.09375
niah_mv_v8,90,138,1221,0.14375,0.20625,0.09090909090909091,0.21212121212121213,0.0625,266,33,0.20625,0.09375,0.1875,0.42424242424242425,0.12121212121212122,0.09375
niah_mv_v8,91,138,1220,0.13815789473684212,0.20394736842105263,0.125,0.1875,0.06578947368421051,258,32,0.21052631578947367,0.09210526315789473,0.19078947368421054,0.40625,0.125,0.0986842105263158
niah_mv_v8,92,138,4201,0.3881578947368421,0.5394736842105263,0.125,0.14772727272727273,0.15131578947368424,825,88,0.5789473684210527,0.3684210526315789,0.5328947368421053,0.2727272727272727,0.045454545454545456,0.16447368421052638
niah_mv_v8,93,138,4160,0.45394736842105265,0.5592105263157895,0.10227272727272728,0.07954545454545454,0.10526315789473684,825,88,0.5789473684210527,0.35526315789473684,0.5263157894736842,0.29545454545454547,0.045454545454545456,0.17105263157894735
niah_mv_v8,94,138,1316,0.10625,0.15,0.12121212121212122,0.12121212121212122,0.04375,266,33,0.20625,0.0875,0.1875,0.42424242424242425,0.12121212121212122,0.1
niah_mv_v8,95,138,4160,0.4583333333333333,0.5833333333333334,0.11494252873563218,0.10344827586206896,0.12500000000000006,817,87,0.6041666666666666,0.375,0.5555555555555556,0.27586206896551724,0.04597701149425287,0.18055555555555558
niah_mv_v8,96,138,1228,0.1118421052631579,0.15789473684210525,0.03125,0.1875,0.04605263157894736,258,32,0.21052631578947367,0.10526315789473684,0.18421052631578946,0.34375,0.125,0.07894736842105263
niah_mv_v8,97,138,1252,0.10625,0.14375,0.06060606060606061,0.15151515151515152,0.03749999999999999,266,33,0.20625,0.1,0.18125,0.36363636363636365,0.12121212121212122,0.08124999999999999
niah_mv_v8,98,138,4209,0.4276315789473684,0.5197368421052632,0.10227272727272728,0.11363636363636363,0.09210526315789475,825,88,0.5789473684210527,0.375,0.5394736842105263,0.2727272727272727,0.045454545454545456,0.16447368421052633
niah_mv_v8,99,138,4192,0.4375,0.5625,0.10344827586206896,0.11494252873563218,0.125,817,87,0.6041666666666666,0.4097222222222222,0.5069444444444444,0.2413793103448276,0.04597701149425287,0.09722222222222221
