2026-10-06 11:17:48,666	INFO worker.py:2007 -- Started a local Ray instance.
WARNING:2026-10-06 11:17:49,469:Waiting for register center actor GoiprE_register_center to be ready. Elapsed time: 0 seconds out of 300 seconds.
TEXTCRAFT_NATIVE_ADAM {"phase": "original_model_init_begin", "pid": 3996191, "observed_unix": 1791256683.7133527}
[36m(QueryClockGradientWorker pid=3999196)[0m [Gloo] Rank 0 is connected to 1 peer ranks. Expected number of connected peer ranks is : 1
[36m(pid=gcs_server)[0m [2026-10-06 11:18:17,156 E 3997769 3997769] (gcs_server) gcs_server.cc:303: Failed to establish connection to the event+metrics exporter agent. Events and metrics will not be exported. Exporter agent status: RpcError: Running out of retries to initialize the metrics agent. rpc_code: 14
[36m(QueryClockGradientWorker pid=3999196)[0m /opt/conda/lib/python3.12/site-packages/torchvision/datapoints/__init__.py:12: UserWarning: The torchvision.datapoints and torchvision.transforms.v2 namespaces are still Beta. While we do not expect major breaking changes, some APIs may still change according to user feedback. Please submit any feedback you may have in this issue: https://github.com/pytorch/vision/issues/6753, and you can also check out https://github.com/pytorch/vision/issues/7319 to learn more about the APIs that we suspect might involve future changes. You can silence this warning by calling torchvision.disable_beta_transforms_warning().
[36m(QueryClockGradientWorker pid=3999196)[0m   warnings.warn(_BETA_TRANSFORMS_WARNING)
[36m(QueryClockGradientWorker pid=3999196)[0m /opt/conda/lib/python3.12/site-packages/torchvision/transforms/v2/__init__.py:54: UserWarning: The torchvision.datapoints and torchvision.transforms.v2 namespaces are still Beta. While we do not expect major breaking changes, some APIs may still change according to user feedback. Please submit any feedback you may have in this issue: https://github.com/pytorch/vision/issues/6753, and you can also check out https://github.com/pytorch/vision/issues/7319 to learn more about the APIs that we suspect might involve future changes. You can silence this warning by calling torchvision.disable_beta_transforms_warning().
[36m(QueryClockGradientWorker pid=3999196)[0m   warnings.warn(_BETA_TRANSFORMS_WARNING)
[36m(QueryClockGradientWorker pid=3999196)[0m Model config after override: Qwen3_5Config {
[36m(QueryClockGradientWorker pid=3999196)[0m   "architectures": [
[36m(QueryClockGradientWorker pid=3999196)[0m     "Qwen3_5ForConditionalGeneration"
[36m(QueryClockGradientWorker pid=3999196)[0m   ],
[36m(QueryClockGradientWorker pid=3999196)[0m   "bos_token_id": null,
[36m(QueryClockGradientWorker pid=3999196)[0m   "eos_token_id": 248046,
[36m(QueryClockGradientWorker pid=3999196)[0m   "image_token_id": 248056,
[36m(QueryClockGradientWorker pid=3999196)[0m   "model_type": "qwen3_5",
[36m(QueryClockGradientWorker pid=3999196)[0m   "pad_token_id": 248044,
[36m(QueryClockGradientWorker pid=3999196)[0m   "text_config": {
[36m(QueryClockGradientWorker pid=3999196)[0m     "attention_bias": false,
[36m(QueryClockGradientWorker pid=3999196)[0m     "attention_dropout": 0.0,
[36m(QueryClockGradientWorker pid=3999196)[0m     "attn_output_gate": true,
[36m(QueryClockGradientWorker pid=3999196)[0m     "bos_token_id": null,
[36m(QueryClockGradientWorker pid=3999196)[0m     "dtype": "bfloat16",
[36m(QueryClockGradientWorker pid=3999196)[0m     "eos_token_id": 248044,
[36m(QueryClockGradientWorker pid=3999196)[0m     "full_attention_interval": 4,
[36m(QueryClockGradientWorker pid=3999196)[0m     "head_dim": 256,
[36m(QueryClockGradientWorker pid=3999196)[0m     "hidden_act": "silu",
[36m(QueryClockGradientWorker pid=3999196)[0m     "hidden_size": 4096,
[36m(QueryClockGradientWorker pid=3999196)[0m     "initializer_range": 0.02,
[36m(QueryClockGradientWorker pid=3999196)[0m     "intermediate_size": 12288,
[36m(QueryClockGradientWorker pid=3999196)[0m     "layer_types": [
[36m(QueryClockGradientWorker pid=3999196)[0m       "linear_attention",
[36m(QueryClockGradientWorker pid=3999196)[0m       "linear_attention",
[36m(QueryClockGradientWorker pid=3999196)[0m       "linear_attention",
[36m(QueryClockGradientWorker pid=3999196)[0m       "full_attention",
[36m(QueryClockGradientWorker pid=3999196)[0m       "linear_attention",
[36m(QueryClockGradientWorker pid=3999196)[0m       "linear_attention",
[36m(QueryClockGradientWorker pid=3999196)[0m       "linear_attention",
[36m(QueryClockGradientWorker pid=3999196)[0m       "full_attention",
[36m(QueryClockGradientWorker pid=3999196)[0m       "linear_attention",
[36m(QueryClockGradientWorker pid=3999196)[0m       "linear_attention",
[36m(QueryClockGradientWorker pid=3999196)[0m       "linear_attention",
[36m(QueryClockGradientWorker pid=3999196)[0m       "full_attention",
[36m(QueryClockGradientWorker pid=3999196)[0m       "linear_attention",
[36m(QueryClockGradientWorker pid=3999196)[0m       "linear_attention",
[36m(QueryClockGradientWorker pid=3999196)[0m       "linear_attention",
[36m(QueryClockGradientWorker pid=3999196)[0m       "full_attention",
[36m(QueryClockGradientWorker pid=3999196)[0m       "linear_attention",
[36m(QueryClockGradientWorker pid=3999196)[0m       "linear_attention",
[36m(QueryClockGradientWorker pid=3999196)[0m       "linear_attention",
[36m(QueryClockGradientWorker pid=3999196)[0m       "full_attention",
[36m(QueryClockGradientWorker pid=3999196)[0m       "linear_attention",
[36m(QueryClockGradientWorker pid=3999196)[0m       "linear_attention",
[36m(QueryClockGradientWorker pid=3999196)[0m       "linear_attention",
[36m(QueryClockGradientWorker pid=3999196)[0m       "full_attention",
[36m(QueryClockGradientWorker pid=3999196)[0m       "linear_attention",
[36m(QueryClockGradientWorker pid=3999196)[0m       "linear_attention",
[36m(QueryClockGradientWorker pid=3999196)[0m       "linear_attention",
[36m(QueryClockGradientWorker pid=3999196)[0m       "full_attention",
[36m(QueryClockGradientWorker pid=3999196)[0m       "linear_attention",
[36m(QueryClockGradientWorker pid=3999196)[0m       "linear_attention",
[36m(QueryClockGradientWorker pid=3999196)[0m       "linear_attention",
[36m(QueryClockGradientWorker pid=3999196)[0m       "full_attention"
[36m(QueryClockGradientWorker pid=3999196)[0m     ],
[36m(QueryClockGradientWorker pid=3999196)[0m     "linear_conv_kernel_dim": 4,
[36m(QueryClockGradientWorker pid=3999196)[0m     "linear_key_head_dim": 128,
[36m(QueryClockGradientWorker pid=3999196)[0m     "linear_num_key_heads": 16,
[36m(QueryClockGradientWorker pid=3999196)[0m     "linear_num_value_heads": 32,
[36m(QueryClockGradientWorker pid=3999196)[0m     "linear_value_head_dim": 128,
[36m(QueryClockGradientWorker pid=3999196)[0m     "mamba_ssm_dtype": "float32",
[36m(QueryClockGradientWorker pid=3999196)[0m     "max_position_embeddings": 262144,
[36m(QueryClockGradientWorker pid=3999196)[0m     "mlp_only_layers": [],
[36m(QueryClockGradientWorker pid=3999196)[0m     "model_type": "qwen3_5_text",
[36m(QueryClockGradientWorker pid=3999196)[0m     "mtp_num_hidden_layers": 1,
[36m(QueryClockGradientWorker pid=3999196)[0m     "mtp_use_dedicated_embeddings": false,
[36m(QueryClockGradientWorker pid=3999196)[0m     "num_attention_heads": 16,
[36m(QueryClockGradientWorker pid=3999196)[0m     "num_hidden_layers": 32,
[36m(QueryClockGradientWorker pid=3999196)[0m     "num_key_value_heads": 4,
[36m(QueryClockGradientWorker pid=3999196)[0m     "pad_token_id": null,
[36m(QueryClockGradientWorker pid=3999196)[0m     "partial_rotary_factor": 0.25,
[36m(QueryClockGradientWorker pid=3999196)[0m     "rms_norm_eps": 1e-06,
[36m(QueryClockGradientWorker pid=3999196)[0m     "rope_parameters": {
[36m(QueryClockGradientWorker pid=3999196)[0m       "mrope_interleaved": true,
[36m(QueryClockGradientWorker pid=3999196)[0m       "mrope_section": [
[36m(QueryClockGradientWorker pid=3999196)[0m         11,
[36m(QueryClockGradientWorker pid=3999196)[0m         11,
[36m(QueryClockGradientWorker pid=3999196)[0m         10
[36m(QueryClockGradientWorker pid=3999196)[0m       ],
[36m(QueryClockGradientWorker pid=3999196)[0m       "partial_rotary_factor": 0.25,
[36m(QueryClockGradientWorker pid=3999196)[0m       "rope_theta": 10000000,
[36m(QueryClockGradientWorker pid=3999196)[0m       "rope_type": "default"
[36m(QueryClockGradientWorker pid=3999196)[0m     },
[36m(QueryClockGradientWorker pid=3999196)[0m     "tie_word_embeddings": false,
[36m(QueryClockGradientWorker pid=3999196)[0m     "use_cache": true,
[36m(QueryClockGradientWorker pid=3999196)[0m     "vocab_size": 248320
[36m(QueryClockGradientWorker pid=3999196)[0m   },
[36m(QueryClockGradientWorker pid=3999196)[0m   "tie_word_embeddings": false,
[36m(QueryClockGradientWorker pid=3999196)[0m   "transformers_version": "5.13.0",
[36m(QueryClockGradientWorker pid=3999196)[0m   "video_token_id": 248057,
[36m(QueryClockGradientWorker pid=3999196)[0m   "vision_config": {
[36m(QueryClockGradientWorker pid=3999196)[0m     "deepstack_visual_indexes": [],
[36m(QueryClockGradientWorker pid=3999196)[0m     "depth": 27,
[36m(QueryClockGradientWorker pid=3999196)[0m     "hidden_act": "gelu_pytorch_tanh",
[36m(QueryClockGradientWorker pid=3999196)[0m     "hidden_size": 1152,
[36m(QueryClockGradientWorker pid=3999196)[0m     "in_channels": 3,
[36m(QueryClockGradientWorker pid=3999196)[0m     "initializer_range": 0.02,
[36m(QueryClockGradientWorker pid=3999196)[0m     "intermediate_size": 4304,
[36m(QueryClockGradientWorker pid=3999196)[0m     "model_type": "qwen3_5_vision",
[36m(QueryClockGradientWorker pid=3999196)[0m     "num_heads": 16,
[36m(QueryClockGradientWorker pid=3999196)[0m     "num_position_embeddings": 2304,
[36m(QueryClockGradientWorker pid=3999196)[0m     "out_hidden_size": 4096,
[36m(QueryClockGradientWorker pid=3999196)[0m     "patch_size": 16,
[36m(QueryClockGradientWorker pid=3999196)[0m     "spatial_merge_size": 2,
[36m(QueryClockGradientWorker pid=3999196)[0m     "temporal_patch_size": 2
[36m(QueryClockGradientWorker pid=3999196)[0m   },
[36m(QueryClockGradientWorker pid=3999196)[0m   "vision_end_token_id": 248054,
[36m(QueryClockGradientWorker pid=3999196)[0m   "vision_start_token_id": 248053
[36m(QueryClockGradientWorker pid=3999196)[0m }
[36m(QueryClockGradientWorker pid=3999196)[0m 
[36m(QueryClockGradientWorker pid=3999196)[0m WARNING:2026-10-06 11:18:18,401:Current Triton version 3.0.0 is below the recommended 3.2.0 version. Errors may occur and these issues will not be fixed. Please consider upgrading Triton.
[33m(raylet)[0m [2026-10-06 11:18:18,589 E 3998471 3998471] (raylet) main.cc:1032: Failed to establish connection to the metrics exporter agent. Metrics will not be exported. Exporter agent status: RpcError: Running out of retries to initialize the metrics agent. rpc_code: 14
[36m(bundle_reservation_check_func pid=3998605)[0m [2026-10-06 11:18:19,152 E 3998605 3998834] core_worker_process.cc:842: Failed to establish connection to the metrics exporter agent. Metrics will not be exported. Exporter agent status: RpcError: Running out of retries to initialize the metrics agent. rpc_code: 14
[2026-10-06 11:18:19,279 E 3996191 3998604] core_worker_process.cc:842: Failed to establish connection to the metrics exporter agent. Metrics will not be exported. Exporter agent status: RpcError: Running out of retries to initialize the metrics agent. rpc_code: 14
[36m(QueryClockGradientWorker pid=3999196)[0m Loading weights:   0%|          | 0/427 [00:00<?, ?it/s]
[36m(QueryClockGradientWorker pid=4000891)[0m Loading weights:   0%|          | 0/427 [00:00<?, ?it/s]Loading weights: 100%|██████████| 427/427 [00:00<00:00, 15563.48it/s]
[36m(QueryClockGradientWorker pid=3999196)[0m Loading weights: 100%|██████████| 427/427 [00:00<00:00, 12561.14it/s]
[36m(QueryClockGradientWorker pid=3999196)[0m Using Torch backend for fused kernels in Qwen3_5ForCausalLM
[36m(QueryClockGradientWorker pid=3999196)[0m Applying LoRA to actor module
[36m(QueryClockGradientWorker pid=4000891)[0m [Gloo] Rank 1 is connected to 1 peer ranks. Expected number of connected peer ranks is : 1
[36m(QueryClockGradientWorker pid=3999196)[0m PeftModelForCausalLM contains 8.98B parameters
[36m(QueryClockGradientWorker pid=3999196)[0m wrap_policy: functools.partial(<function _or_policy at 0x7f8ef09589a0>, policies=[functools.partial(<function lambda_auto_wrap_policy at 0x7f8ef0958360>, lambda_fn=<function get_fsdp_wrap_policy.<locals>.lambda_policy_fn at 0x7f8d90fd0fe0>), functools.partial(<function transformer_auto_wrap_policy at 0x7f8ef0958860>, transformer_layer_cls={<class 'transformers.models.qwen3_5.modeling_qwen3_5.Qwen3_5DecoderLayer'>})])
[36m(QueryClockGradientWorker pid=4000891)[0m /opt/conda/lib/python3.12/site-packages/torchvision/transforms/v2/__init__.py:54: UserWarning: The torchvision.datapoints and torchvision.transforms.v2 namespaces are still Beta. While we do not expect major breaking changes, some APIs may still change according to user feedback. Please submit any feedback you may have in this issue: https://github.com/pytorch/vision/issues/6753, and you can also check out https://github.com/pytorch/vision/issues/7319 to learn more about the APIs that we suspect might involve future changes. You can silence this warning by calling torchvision.disable_beta_transforms_warning().[32m [repeated 2x across cluster] (Ray deduplicates logs by default. Set RAY_DEDUP_LOGS=0 to disable log deduplication, or see https://docs.ray.io/en/master/ray-observability/user-guides/configure-logging.html#log-deduplication for more options.)[0m
[36m(QueryClockGradientWorker pid=4000891)[0m   warnings.warn(_BETA_TRANSFORMS_WARNING)[32m [repeated 2x across cluster][0m
[36m(QueryClockGradientWorker pid=4000891)[0m WARNING:2026-10-06 11:18:18,401:Current Triton version 3.0.0 is below the recommended 3.2.0 version. Errors may occur and these issues will not be fixed. Please consider upgrading Triton.
[36m(WorkerGroupRegisterCenter pid=4000743)[0m [2026-10-06 11:18:33,579 E 4000743 4000815] core_worker_process.cc:842: Failed to establish connection to the metrics exporter agent. Metrics will not be exported. Exporter agent status: RpcError: Running out of retries to initialize the metrics agent. rpc_code: 14[32m [repeated 7x across cluster][0m
[36m(QueryClockGradientWorker pid=3999196)[0m Total steps: 330, num_warmup_steps: 0
[36m(QueryClockGradientWorker pid=4000891)[0m Using Torch backend for fused kernels in Qwen3_5ForCausalLM
[36m(QueryClockGradientWorker pid=4000891)[0m Applying LoRA to actor module
[36m(QueryClockGradientWorker pid=4000891)[0m wrap_policy: functools.partial(<function _or_policy at 0x7f9b8bd5c9a0>, policies=[functools.partial(<function lambda_auto_wrap_policy at 0x7f9b8bd5c360>, lambda_fn=<function get_fsdp_wrap_policy.<locals>.lambda_policy_fn at 0x7f9a4a667b00>), functools.partial(<function transformer_auto_wrap_policy at 0x7f9b8bd5c860>, transformer_layer_cls={<class 'transformers.models.qwen3_5.modeling_qwen3_5.Qwen3_5DecoderLayer'>})])
[36m(QueryClockGradientWorker pid=4000891)[0m Actor use_remove_padding=False
[36m(QueryClockGradientWorker pid=4000891)[0m Actor use_fused_kernels=True
[36m(QueryClockGradientWorker pid=4000891)[0m Only support config type of {'qwen2', 'llama', 'glm4v', 'qwen2_vl', 'minicpmo', 'qwen2_5_vl', 'qwen3_moe', 'qwen2_moe', 'gemma3_text', 'qwen3_vl', 'mistral', 'qwen3', 'qwen3_vl_moe', 'minicpmv', 'apertus', 'deepseek_v3', 'seed_oss'}, but got qwen3_5. MFU will always be zero.
TEXTCRAFT_NATIVE_ADAM {"phase": "original_complete_checkpoint_restore_begin", "pid": 3996191, "observed_unix": 1791256821.3656561}
[36m(QueryClockGradientWorker pid=3999196)[0m Only support config type of {'minicpmv', 'mistral', 'deepseek_v3', 'qwen3_vl_moe', 'apertus', 'glm4v', 'gemma3_text', 'qwen3', 'qwen2', 'seed_oss', 'qwen2_moe', 'qwen2_vl', 'minicpmo', 'qwen3_vl', 'qwen2_5_vl', 'qwen3_moe', 'llama'}, but got qwen3_5. MFU will always be zero.
[36m(QueryClockGradientWorker pid=3999196)[0m [rank-0]: Loading from /mnt/si0021787ci2/default/lzq/deepresearch/deltatrace_rl_20260922/runs/official-trajectory-20260930-v7/textcraft-dt/checkpoints/global_step_25/actor/model_world_size_2_rank_0.pt and /mnt/si0021787ci2/default/lzq/deepresearch/deltatrace_rl_20260922/runs/official-trajectory-20260930-v7/textcraft-dt/checkpoints/global_step_25/actor/optim_world_size_2_rank_0.pt and /mnt/si0021787ci2/default/lzq/deepresearch/deltatrace_rl_20260922/runs/official-trajectory-20260930-v7/textcraft-dt/checkpoints/global_step_25/actor/extra_state_world_size_2_rank_0.pt
TEXTCRAFT_NATIVE_ADAM {"phase": "original_complete_checkpoint_restore_complete", "pid": 3996191, "observed_unix": 1791256827.2596354}
TEXTCRAFT_NATIVE_ADAM {"phase": "saved_original_gradient_begin", "pid": 3996191, "observed_unix": 1791256827.265323}
[36m(QueryClockGradientWorker pid=3999196)[0m native_minibatch_diagnostic rank=0 label=dt_pg phase=pass_start
[36m(QueryClockGradientWorker pid=4000891)[0m Total steps: 330, num_warmup_steps: 0
[36m(QueryClockGradientWorker pid=3999196)[0m Actor use_remove_padding=False
[36m(QueryClockGradientWorker pid=3999196)[0m Actor use_fused_kernels=True
[36m(QueryClockGradientWorker pid=4000891)[0m [rank-1]: Loading from /mnt/si0021787ci2/default/lzq/deepresearch/deltatrace_rl_20260922/runs/official-trajectory-20260930-v7/textcraft-dt/checkpoints/global_step_25/actor/model_world_size_2_rank_1.pt and /mnt/si0021787ci2/default/lzq/deepresearch/deltatrace_rl_20260922/runs/official-trajectory-20260930-v7/textcraft-dt/checkpoints/global_step_25/actor/optim_world_size_2_rank_1.pt and /mnt/si0021787ci2/default/lzq/deepresearch/deltatrace_rl_20260922/runs/official-trajectory-20260930-v7/textcraft-dt/checkpoints/global_step_25/actor/extra_state_world_size_2_rank_1.pt
[36m(QueryClockGradientWorker pid=3999196)[0m native_minibatch_diagnostic rank=0 label=dt_pg phase=optimizer_boundary elapsed=182.041s
[36m(QueryClockGradientWorker pid=4000891)[0m native_minibatch_diagnostic rank=1 label=dt_pg phase=pass_start
[36m(QueryClockGradientWorker pid=3999196)[0m native_minibatch_diagnostic rank=0 label=dt_pg phase=optimizer_boundary_complete elapsed=182.405s
[36m(QueryClockGradientWorker pid=3999196)[0m native_minibatch_diagnostic rank=0 label=dt_pg phase=pass_complete elapsed=182.409s
[36m(QueryClockGradientWorker pid=3999196)[0m native_minibatch_diagnostic rank=0 label=weighted_entropy phase=pass_start
[36m(QueryClockGradientWorker pid=3999196)[0m native_minibatch_diagnostic rank=0 label=weighted_entropy phase=optimizer_boundary elapsed=144.736s
[36m(QueryClockGradientWorker pid=4000891)[0m native_minibatch_diagnostic rank=1 label=dt_pg phase=optimizer_boundary elapsed=181.934s
[36m(QueryClockGradientWorker pid=4000891)[0m native_minibatch_diagnostic rank=1 label=dt_pg phase=optimizer_boundary_complete elapsed=182.300s
[36m(QueryClockGradientWorker pid=4000891)[0m native_minibatch_diagnostic rank=1 label=dt_pg phase=pass_complete elapsed=182.304s
[36m(QueryClockGradientWorker pid=4000891)[0m native_minibatch_diagnostic rank=1 label=weighted_entropy phase=pass_start
[36m(QueryClockGradientWorker pid=3999196)[0m native_minibatch_diagnostic rank=0 label=weighted_entropy phase=optimizer_boundary_complete elapsed=144.838s
[36m(QueryClockGradientWorker pid=3999196)[0m native_minibatch_diagnostic rank=0 label=weighted_entropy phase=pass_complete elapsed=144.842s
TEXTCRAFT_NATIVE_ADAM {"phase": "saved_original_gradient_complete", "pid": 3996191, "observed_unix": 1791257154.8895245}
TEXTCRAFT_NATIVE_ADAM {"phase": "original_trajectory_credit_clock_begin", "pid": 3996191, "observed_unix": 1791257154.8941026}
[36m(QueryClockGradientWorker pid=3999196)[0m [DT EOS plan] events=11 contrasts=96 batches=24
[36m(QueryClockGradientWorker pid=3999196)[0m [DeltaTrace] owner FSDP2 lifecycle modules=34 layerwise=True remaining_dtensor=921 sample=[('model.language_model.embed_tokens.weight', (Shard(dim=0),)), ('model.language_model.layers.0.linear_attn.dt_bias', (Shard(dim=0),)), ('model.language_model.layers.0.linear_attn.A_log', (Shard(dim=0),))]
[36m(QueryClockGradientWorker pid=4000891)[0m native_minibatch_diagnostic rank=1 label=weighted_entropy phase=optimizer_boundary elapsed=144.734s
[36m(QueryClockGradientWorker pid=4000891)[0m native_minibatch_diagnostic rank=1 label=weighted_entropy phase=optimizer_boundary_complete elapsed=144.837s
[36m(QueryClockGradientWorker pid=4000891)[0m native_minibatch_diagnostic rank=1 label=weighted_entropy phase=pass_complete elapsed=144.843s
[36m(QueryClockGradientWorker pid=4000891)[0m [DT EOS plan] events=10 contrasts=96 batches=24
[36m(QueryClockGradientWorker pid=3999196)[0m [DT EOS minimum] {"eos_token_id": 248046, "outcome_token_ids": [15, 16], "samples": [{"trace": {"episode_index": 0, "source_step": 0, "observed_return": 1.0, "context_tokens": 790, "compute_tokens": 935, "query_tokens": 225, "root_effect": -0.21107551455497742, "signed_sum": -0.2114981369806479, "conservation_residual": 0.00042262242567048247, "conservation_tolerance": 0.02, "conservation_verified": true, "owner_batch_index": 0, "source_log_ratio_min": -0.08426225594670625, "source_log_ratio_max": 0.03466498105243178, "source_log_ratio_min_index": 3, "source_log_ratio_max_index": 4, "factual_target_logp": -0.3023419976234436, "reference_target_logp": -0.09126648306846619}, "traj_uid": "0db660e5-2daf-4f69-8ada-c80f7e5e0ec7", "observed_return": 1.0, "source_start": 458, "source_end": 564, "selected_input_ids": [248045, 8678, 198, 2523, 513, 1167, 16451, 11, 3354, 539, 52540, 14388, 13, 1394, 513, 264, 10631, 17313, 13, 248046, 198, 248045, 846, 198, 2523, 513, 2574, 2342, 5222, 42607, 18066, 310, 10453, 3470, 303, 38898, 13, 93818, 10966, 513, 314, 279, 3443, 328, 7468, 498, 5480, 1576, 60, 1608, 498, 1307, 13565, 60, 3158, 198, 11179, 4625, 353, 668, 2873, 488, 449, 21254, 11, 488, 599, 310, 5707, 449, 1852, 3018, 383, 279, 1528, 321, 7359, 13, 1394, 628, 328, 447, 1, 449, 1576, 318, 36859, 8, 494, 279, 14991, 466, 279, 4424, 11, 1353, 5072, 279, 1746, 14991, 539, 328, 30075, 487, 466, 328, 7468, 1, 318, 5480, 8, 1608, 866, 314, 279, 42607, 10966, 13, 198, 7525, 2468, 1902, 24660, 1732, 411, 3443, 2879, 81266, 25, 198, 21061, 10976, 13, 271, 2432, 25, 198, 21061, 1727, 1852, 1, 271, 92065, 25, 695, 16, 13, 22516, 13441, 279, 11846, 948, 1608, 328, 447, 1, 321, 328, 7468, 1, 10966, 13, 471, 12996, 314, 615, 25, 615, 220, 16, 166007, 62259, 22864, 471, 12996, 16, 314, 10453, 25, 10453, 220, 16, 6105, 51735, 1608, 220, 16, 166007, 62259, 22864, 471, 12996, 17, 314, 10453, 25, 10453, 220, 16, 20117, 71670, 1608, 220, 23, 6414, 78960, 447, 11, 220, 16, 71670, 198, 17, 13, 3095, 1608, 328, 447, 1, 3108, 11, 635, 524, 13441, 3315, 279, 1455, 3905, 494, 279, 14991, 466, 279, 4424, 13, 198, 18, 13, 1394, 628, 958, 25835, 42607, 10966, 3766, 11, 635, 524, 958, 678, 1765, 42607, 10966, 13, 4213, 11, 413, 279, 42607, 3108, 5533, 264, 13553, 23980, 1040, 328, 490, 3903, 487, 488, 628, 958, 3175, 4346, 314, 279, 1788, 23980, 378, 1257, 13, 328, 21921, 36620, 609, 3903, 1, 303, 279, 3108, 4370, 13, 271, 248046, 198, 248045, 74455, 198, 3793, 13, 353, 3172, 1732, 678, 10895, 321, 1380, 821, 1786, 310, 11290, 279, 3274, 13, 248046, 198, 248045, 846, 198, 37563, 286, 10966, 25, 198, 7468, 220, 19, 7894, 10208, 30129, 1608, 220, 21, 7894, 10208, 609, 3903, 198, 7468, 220, 19, 7894, 10208, 609, 3903, 1608, 220, 16, 7894, 10208, 17872, 198, 7468, 220, 16, 7894, 10208, 7035, 11629, 1608, 220, 17, 7894, 10208, 609, 3903, 198, 7468, 220, 18, 7894, 10208, 23873, 1608, 220, 17, 8941, 11, 220, 19, 7894, 10208, 609, 3903, 198, 7468, 220, 16, 7894, 10208, 14882, 1608, 220, 20, 7894, 10208, 609, 3903, 198, 7468, 220, 21, 7894, 10208, 52853, 1608, 220, 18, 7894, 10208, 609, 3903, 198, 7468, 220, 16, 7894, 10208, 3037, 1608, 220, 16, 7894, 10208, 609, 3903, 198, 7468, 220, 18, 7894, 10208, 1777, 1608, 220, 21, 7894, 10208, 609, 3903, 11, 220, 16, 8941, 271, 38663, 25, 10453, 7894, 10208, 7035, 11629, 13, 248046, 198, 248045, 74455, 198, 248068, 271, 248069, 271, 81266, 25, 198, 760, 5614, 369, 310, 10453, 220, 16, 7894, 10208, 7035, 11629, 13, 10235, 310, 279, 3766, 18066, 11, 42607, 220, 16, 7894, 10208, 7035, 11629, 7225, 220, 17, 7894, 10208, 609, 3903, 13, 353, 1459, 914, 599, 866, 7894, 10208, 609, 3903, 3482, 11, 321, 353, 1459, 914, 1436, 866, 7894, 10208, 17872, 303, 279, 1428, 3874, 314, 821, 14991, 466, 4424, 13, 1946, 10046, 11, 353, 1144, 310, 1716, 821, 14991, 1118, 310, 1436, 1092, 4802, 353, 599, 2420, 11, 11352, 3221, 364, 7894, 10208, 609, 3903, 466, 7894, 10208, 17872, 13, 271, 2432, 25, 198, 30075, 248046, 248046, 198, 248045, 846, 198, 23446, 38523, 460, 17071, 364, 2824, 37563, 13, 561, 36497, 1414, 369, 279, 4581, 8057, 8978, 11, 1238, 9191, 314, 279, 1428, 1965, 682, 9202, 11, 10451, 506, 1141, 3817, 3798, 13, 3054, 524, 4089, 411, 17071, 1622, 430, 449, 4424, 1852, 13, 36541, 279, 4424, 6849, 8427, 421, 1965, 430, 45374, 321, 1179, 13942, 440, 411, 1788, 4687, 11, 1608, 1439, 4880, 343, 3950, 44, 24102, 4868, 25, 5046, 2721, 27896, 763, 20, 16, 17, 1288, 33413, 763, 16, 13, 15, 7563, 561, 1428, 15752, 369, 220, 16, 26, 279, 8961, 5954, 220, 18, 15, 21207, 13, 31625, 279, 29732, 314, 660, 3813, 20511, 494, 279, 1428, 15752, 1472, 279, 809, 314, 411, 8961, 11, 440, 10766, 220, 16, 13, 95074, 6575, 20511, 13, 561, 9575, 42607, 4424, 6486, 220, 16, 948, 279, 10897, 5614, 369, 16496, 321, 10029, 279, 8961, 26, 660, 6575, 21207, 2873, 220, 15, 13, 22044, 21835, 466, 67205, 314, 279, 15752, 75108, 7786, 11039, 874, 4799, 10986, 26, 21207, 421, 2496, 11822, 16300, 6942, 13, 27295, 318, 1448, 25, 38523, 460, 1590, 220, 15, 25, 220, 15, 318, 32817, 524, 16496, 1518, 279, 8961, 10029, 1174, 220, 16, 25, 220, 16, 318, 31724, 42607, 4424, 6473, 5614, 16496, 553, 3301, 1132, 279, 5407, 2306, 13, 248046, 198, 248045, 74455, 198, 248068, 271, 248069, 271, 16], "source_signed": [-0.08161717985622596, -0.05160954413871894, 0.011043357306653047, -0.08426225594670625, 0.03466498105243178, 0.007904717916164393, 0.004015587410675432, -0.0012017059195695203, 0.004800527661104393, 0.0025826225228747727, 0.0017989750408021687, 0.010291983523376798, -0.004868679859125482, 0.000930344175173703, -0.00036482960650434815, -0.00045999844048441726, 9.235341174094157e-05, 0.0039971614191656926, -0.005196423446648261, -0.005363815991698369, -0.0011302027883844286, -0.008965632444545148, -0.0038634425225743943, 0.0018901357620941866, -0.001554492464739138, 0.004300411845566621, -9.446945985881755e-05, 0.0003603106240452988, -0.0003419354370234253, -0.00044278830889721635, -0.0012702309346289912, 0.0009676266109553975, -0.0028936761342031204, 0.0003862725423250219, 0.002145801719789511, -0.0021334865551217476, -8.480694365506337e-05, 0.00022184753050607603, -0.001853808105434624, -0.005190167685083723, -0.0058123247712468, -0.004864092562378616, 0.0007630677857313906, -0.008068768387079829, 0.0029632751180881933, -0.00032155258943379855, 0.00020038212124851685, 0.0007396503545443287, 0.004362964914819086, 0.007920364108978842, 0.0033038328114648138, -0.0007817690464733465, 2.5594867804820502e-05, -0.004514820732571743, -0.00016278708762257745, -0.0025508319208577337, -0.0020315767278965722, -0.0035418027244321754, -0.00478929608630762, -0.007929026487567103, -0.006314001093686699, -0.003513229089336166, 0.0029496594416932066, 0.005599323461665537, -0.00037834037763496433, -0.007358245556388957, -0.007935297850206647, -0.004515897320707179, 0.0025888044788310027, -0.017112939339881034, 0.006563187129304221, -0.0008406430999455053, -0.008019003449703835, 0.0006641560200282195, 0.003980438826237087, 0.003715754969488256, -0.0015888165103486711, -0.0035643995302158294, 0.0009246108193031542, 0.00314375071056305, 0.0025616876150423907, 0.00041987684304557217, 0.0028263177938512686, 0.00621790349882435, -0.015038401843245848, -0.003294881134398308, 0.0022424225258285647, 0.0014047650292783537, -0.002080858312243161, -0.005880877124325005, 0.003652289443848625, -0.0003596297190762911, -0.00031620530421807647, -0.0003681170346724491, 1.730796953283882e-05, -0.0011103220877427683, 0.0012461918620841127, 0.0005212463627069326, 0.005351595144920512, 0.003078377067165557, -0.01487470291595009, -0.00393528477835317, -0.009026721888888459, 0.026153313842903404, 0.017563769479949053, 0.0]}, {"trace": {"episode_index": 0, "source_step": 0, "observed_return": 1.0, "context_tokens": 802, "compute_tokens": 935, "query_tokens": 225, "root_effect": -0.1698717400431633, "signed_sum": -0.18795386764193556, "conservation_residual": 0.018082127598772257, "conservation_tolerance": 0.02, "conservation_verified": true, "owner_batch_index": 0, "source_log_ratio_min": -0.07401053055602932, "source_log_ratio_max": 0.03033119440740936, "source_log_ratio_min_index": 3, "source_log_ratio_max_index": 4, "factual_target_logp": -0.25745296478271484, "reference_target_logp": -0.08758122473955154}, "traj_uid": "cb93c6fa-c0c7-42b2-b1c0-44abb7efdbc2", "observed_return": 1.0, "source_start": 458, "source_end": 576, "selected_input_ids": [248045, 8678, 198, 2523, 513, 1167, 16451, 11, 3354, 539, 52540, 14388, 13, 1394, 513, 264, 10631, 17313, 13, 248046, 198, 248045, 846, 198, 2523, 513, 2574, 2342, 5222, 42607, 18066, 310, 10453, 3470, 303, 38898, 13, 93818, 10966, 513, 314, 279, 3443, 328, 7468, 498, 5480, 1576, 60, 1608, 498, 1307, 13565, 60, 3158, 198, 11179, 4625, 353, 668, 2873, 488, 449, 21254, 11, 488, 599, 310, 5707, 449, 1852, 3018, 383, 279, 1528, 321, 7359, 13, 1394, 628, 328, 447, 1, 449, 1576, 318, 36859, 8, 494, 279, 14991, 466, 279, 4424, 11, 1353, 5072, 279, 1746, 14991, 539, 328, 30075, 487, 466, 328, 7468, 1, 318, 5480, 8, 1608, 866, 314, 279, 42607, 10966, 13, 198, 7525, 2468, 1902, 24660, 1732, 411, 3443, 2879, 81266, 25, 198, 21061, 10976, 13, 271, 2432, 25, 198, 21061, 1727, 1852, 1, 271, 92065, 25, 695, 16, 13, 22516, 13441, 279, 11846, 948, 1608, 328, 447, 1, 321, 328, 7468, 1, 10966, 13, 471, 12996, 314, 615, 25, 615, 220, 16, 166007, 62259, 22864, 471, 12996, 16, 314, 10453, 25, 10453, 220, 16, 6105, 51735, 1608, 220, 16, 166007, 62259, 22864, 471, 12996, 17, 314, 10453, 25, 10453, 220, 16, 20117, 71670, 1608, 220, 23, 6414, 78960, 447, 11, 220, 16, 71670, 198, 17, 13, 3095, 1608, 328, 447, 1, 3108, 11, 635, 524, 13441, 3315, 279, 1455, 3905, 494, 279, 14991, 466, 279, 4424, 13, 198, 18, 13, 1394, 628, 958, 25835, 42607, 10966, 3766, 11, 635, 524, 958, 678, 1765, 42607, 10966, 13, 4213, 11, 413, 279, 42607, 3108, 5533, 264, 13553, 23980, 1040, 328, 490, 3903, 487, 488, 628, 958, 3175, 4346, 314, 279, 1788, 23980, 378, 1257, 13, 328, 21921, 36620, 609, 3903, 1, 303, 279, 3108, 4370, 13, 271, 248046, 198, 248045, 74455, 198, 3793, 13, 353, 3172, 1732, 678, 10895, 321, 1380, 821, 1786, 310, 11290, 279, 3274, 13, 248046, 198, 248045, 846, 198, 37563, 286, 10966, 25, 198, 7468, 220, 19, 7894, 10208, 30129, 1608, 220, 21, 7894, 10208, 609, 3903, 198, 7468, 220, 19, 7894, 10208, 609, 3903, 1608, 220, 16, 7894, 10208, 17872, 198, 7468, 220, 16, 7894, 10208, 7035, 11629, 1608, 220, 17, 7894, 10208, 609, 3903, 198, 7468, 220, 18, 7894, 10208, 23873, 1608, 220, 17, 8941, 11, 220, 19, 7894, 10208, 609, 3903, 198, 7468, 220, 16, 7894, 10208, 14882, 1608, 220, 20, 7894, 10208, 609, 3903, 198, 7468, 220, 21, 7894, 10208, 52853, 1608, 220, 18, 7894, 10208, 609, 3903, 198, 7468, 220, 16, 7894, 10208, 3037, 1608, 220, 16, 7894, 10208, 609, 3903, 198, 7468, 220, 18, 7894, 10208, 1777, 1608, 220, 21, 7894, 10208, 609, 3903, 11, 220, 16, 8941, 271, 38663, 25, 10453, 7894, 10208, 7035, 11629, 13, 248046, 198, 248045, 74455, 198, 248068, 271, 248069, 271, 81266, 25, 198, 4888, 5614, 369, 310, 10453, 264, 7894, 10208, 7035, 11629, 13, 10235, 310, 279, 3766, 18066, 11, 328, 7468, 220, 16, 7894, 10208, 7035, 11629, 1608, 220, 17, 7894, 10208, 609, 3903, 3158, 353, 635, 524, 4862, 599, 866, 3470, 303, 821, 14991, 11, 321, 353, 1144, 7894, 10208, 609, 3903, 13, 1946, 615, 7894, 10208, 609, 3903, 11, 353, 628, 958, 279, 10793, 328, 7468, 220, 19, 7894, 10208, 609, 3903, 1608, 220, 16, 7894, 10208, 17872, 3158, 14833, 11, 821, 1118, 2923, 369, 310, 10453, 279, 7894, 10208, 609, 3903, 13, 271, 2432, 25, 198, 7468, 220, 19, 7894, 10208, 609, 3903, 1608, 220, 16, 7894, 10208, 17872, 248046, 248046, 198, 248045, 846, 198, 23446, 38523, 460, 17071, 364, 2824, 37563, 13, 561, 36497, 1414, 369, 279, 4581, 8057, 8978, 11, 1238, 9191, 314, 279, 1428, 1965, 682, 9202, 11, 10451, 506, 1141, 3817, 3798, 13, 3054, 524, 4089, 411, 17071, 1622, 430, 449, 4424, 1852, 13, 36541, 279, 4424, 6849, 8427, 421, 1965, 430, 45374, 321, 1179, 13942, 440, 411, 1788, 4687, 11, 1608, 1439, 4880, 343, 3950, 44, 24102, 4868, 25, 5046, 2721, 27896, 763, 20, 16, 17, 1288, 33413, 763, 16, 13, 15, 7563, 561, 1428, 15752, 369, 220, 16, 26, 279, 8961, 5954, 220, 18, 15, 21207, 13, 31625, 279, 29732, 314, 660, 3813, 20511, 494, 279, 1428, 15752, 1472, 279, 809, 314, 411, 8961, 11, 440, 10766, 220, 16, 13, 95074, 6575, 20511, 13, 561, 9575, 42607, 4424, 6486, 220, 16, 948, 279, 10897, 5614, 369, 16496, 321, 10029, 279, 8961, 26, 660, 6575, 21207, 2873, 220, 15, 13, 22044, 21835, 466, 67205, 314, 279, 15752, 75108, 7786, 11039, 874, 4799, 10986, 26, 21207, 421, 2496, 11822, 16300, 6942, 13, 27295, 318, 1448, 25, 38523, 460, 1590, 220, 15, 25, 220, 15, 318, 32817, 524, 16496, 1518, 279, 8961, 10029, 1174, 220, 16, 25, 220, 16, 318, 31724, 42607, 4424, 6473, 5614, 16496, 553, 3301, 1132, 279, 5407, 2306, 13, 248046, 198, 248045, 74455, 198, 248068, 271, 248069, 271, 16], "source_signed": [-0.06961662906469965, -0.05318869242141079, -0.010752393936671807, -0.07401053055602932, 0.03033119440740936, 0.009096031393854953, -0.0004380851847569202, 0.0030895051774991293, 0.008852623084699697, 0.004063480397266152, 0.0019134908138618103, 0.005671004474317882, -0.002121950785595409, -0.00017823595750119585, -0.0005704953276171818, 0.0004728579331031114, 0.003277233394403058, -0.002819900012024118, -0.000234540468219941, -9.526273700061899e-06, -0.005569306013430062, -0.003184004074559962, 0.00011351610396309066, -0.0002939784961241912, 0.0009163433553923241, 0.002135293826508097, 0.0011444973398880118, -0.001424140758471798, -0.001954103722080422, 9.262748048342027e-05, 0.00146635936113693, 0.0006375817520115955, -0.00140420668019212, 0.0012354501210825395, -0.0014347617571867633, -0.0037456489191420384, -0.00010140331613248663, -0.0007208938161799328, -0.002391290827655103, -0.003359889353386868, -0.0035960403887906126, -0.0029774266405453676, 0.0022802241176934053, 0.002153903666416535, -0.00238506575639553, 0.0032570940470721876, 0.0014681669697766218, 0.0035650377874044533, 2.780791177943464e-05, -0.000710799038275524, 0.0014627827998071206, 0.0036850790662161783, 0.0012457412041380215, -0.0011355112571188042, 0.0008902154306724779, 0.00037781519329417373, -0.0008153458770654232, -0.0004469848774140998, -0.006100598014348628, -0.004349858135303522, -0.003260911454345688, 0.0009332487297509292, 0.0001986407842675202, 0.0005293742879068644, 0.001670115471779566, -0.0017299725534563552, -0.0031769308723376298, 0.0011582095115093127, 0.0007081435242757071, -0.0027624294821205686, 0.005455338193665881, -0.001416361543674297, 0.00042065315088623406, 0.0020054226031638255, -0.0008832630629203361, -0.0023196384506010085, -0.0006987237599567606, 0.0030681727297419536, -0.0006512408497393869, 0.0028287330951339783, -0.0022531324360825855, 0.002492889233689927, -0.0040711186035701785, -0.000976196593862947, -0.002069530657874688, -0.0021311812261957854, 0.0033170886668773686, 0.0018747042207157096, 0.0010176653339279804, 0.00968058622406905, 0.006318088753530814, 0.002139695080147161, -0.0008624383904163313, 0.0055280524454825765, -5.2068038694054204e-05, 0.0018954470550977673, 1.636933415217817e-05, 0.0008250463522162184, -0.0032199958494026366, -0.0017331651895770455, -0.009682836480926937, -0.01248611867745728, 0.002930439505406321, 0.010249861436461834, 0.0010492101510744326, 0.006610744818576776, -0.0006487659418859273, 0.003854460922881521, 0.0014334660371658032, 0.0004760499353847254, -0.0004298593414002322, -0.001035935974320409, -0.007379872274362573, -0.002513038908899776, -0.006403980681040182, -0.003921451459689005, -0.022750347379190985, 0.0]}, {"trace": {"episode_index": 0, "source_step": 0, "observed_return": 1.0, "context_tokens": 932, "compute_tokens": 935, "query_tokens": 225, "root_effect": -0.3877333477139473, "signed_sum": -0.41894493314277137, "conservation_residual": 0.031211585428824073, "conservation_tolerance": 0.02, "conservation_verified": false, "owner_batch_index": 0, "source_log_ratio_min": -0.10749849542013784, "source_log_ratio_max": 0.029632897515149983, "source_log_ratio_min_index": 0, "source_log_ratio_max_index": 4, "factual_target_logp": -0.46724677085876465, "reference_target_logp": -0.07951342314481735}, "traj_uid": "84819fa1-0765-48ef-a0ee-84f46d155e85", "observed_return": 1.0, "source_start": 646, "source_end": 706, "selected_input_ids": [248045, 8678, 198, 2523, 513, 1167, 16451, 11, 3354, 539, 52540, 14388, 13, 1394, 513, 264, 10631, 17313, 13, 248046, 198, 248045, 846, 198, 2523, 513, 2574, 2342, 5222, 42607, 18066, 310, 10453, 3470, 303, 38898, 13, 93818, 10966, 513, 314, 279, 3443, 328, 7468, 498, 5480, 1576, 60, 1608, 498, 1307, 13565, 60, 3158, 198, 11179, 4625, 353, 668, 2873, 488, 449, 21254, 11, 488, 599, 310, 5707, 449, 1852, 3018, 383, 279, 1528, 321, 7359, 13, 1394, 628, 328, 447, 1, 449, 1576, 318, 36859, 8, 494, 279, 14991, 466, 279, 4424, 11, 1353, 5072, 279, 1746, 14991, 539, 328, 30075, 487, 466, 328, 7468, 1, 318, 5480, 8, 1608, 866, 314, 279, 42607, 10966, 13, 198, 7525, 2468, 1902, 24660, 1732, 411, 3443, 2879, 81266, 25, 198, 21061, 10976, 13, 271, 2432, 25, 198, 21061, 1727, 1852, 1, 271, 92065, 25, 695, 16, 13, 22516, 13441, 279, 11846, 948, 1608, 328, 447, 1, 321, 328, 7468, 1, 10966, 13, 471, 12996, 314, 615, 25, 615, 220, 16, 166007, 62259, 22864, 471, 12996, 16, 314, 10453, 25, 10453, 220, 16, 6105, 51735, 1608, 220, 16, 166007, 62259, 22864, 471, 12996, 17, 314, 10453, 25, 10453, 220, 16, 20117, 71670, 1608, 220, 23, 6414, 78960, 447, 11, 220, 16, 71670, 198, 17, 13, 3095, 1608, 328, 447, 1, 3108, 11, 635, 524, 13441, 3315, 279, 1455, 3905, 494, 279, 14991, 466, 279, 4424, 13, 198, 18, 13, 1394, 628, 958, 25835, 42607, 10966, 3766, 11, 635, 524, 958, 678, 1765, 42607, 10966, 13, 4213, 11, 413, 279, 42607, 3108, 5533, 264, 13553, 23980, 1040, 328, 490, 3903, 487, 488, 628, 958, 3175, 4346, 314, 279, 1788, 23980, 378, 1257, 13, 328, 21921, 36620, 609, 3903, 1, 303, 279, 3108, 4370, 13, 271, 248046, 198, 248045, 74455, 198, 3793, 13, 353, 3172, 1732, 678, 10895, 321, 1380, 821, 1786, 310, 11290, 279, 3274, 13, 248046, 198, 248045, 846, 198, 37563, 286, 10966, 25, 198, 7468, 220, 16, 2236, 52139, 1608, 220, 21, 609, 3903, 11, 220, 18, 2236, 198, 7468, 220, 19, 6121, 36620, 609, 3903, 1608, 220, 16, 6121, 36620, 17872, 198, 7468, 220, 18, 1557, 26174, 23873, 1608, 220, 17, 8941, 11, 220, 19, 1557, 26174, 609, 3903, 198, 7468, 220, 16, 19694, 1608, 220, 21, 609, 3903, 11, 220, 17, 21664, 1678, 3325, 198, 7468, 220, 19, 36620, 609, 3903, 1608, 220, 16, 36620, 17872, 198, 7468, 220, 16, 8941, 1608, 220, 17, 56890, 198, 7468, 220, 19, 7894, 10208, 609, 3903, 1608, 220, 16, 7894, 10208, 17872, 198, 7468, 220, 16, 21664, 3608, 48066, 1608, 220, 17, 8941, 11, 220, 18, 609, 3903, 198, 7468, 220, 16, 21664, 19601, 1608, 220, 16, 8941, 11, 220, 17, 609, 3903, 198, 7468, 220, 16, 17024, 4690, 1608, 220, 18, 17024, 37260, 11, 220, 18, 609, 3903, 198, 7468, 220, 19, 8941, 1608, 220, 17, 609, 3903, 198, 7468, 220, 19, 92701, 609, 3903, 1608, 220, 16, 92701, 42267, 198, 7468, 220, 16, 5144, 14987, 1608, 220, 17, 886, 11, 220, 18, 8941, 11, 220, 16, 10679, 6537, 349, 11, 220, 16, 8151, 34356, 9416, 198, 7468, 220, 16, 19629, 1608, 220, 21, 609, 3903, 11, 220, 16, 10679, 6537, 349, 198, 7468, 220, 19, 14804, 329, 609, 3903, 1608, 220, 16, 14804, 329, 17872, 198, 7468, 220, 16, 42943, 23873, 17587, 1608, 220, 19, 8941, 11, 220, 17, 42943, 609, 3903, 198, 7468, 220, 19, 1557, 26174, 609, 3903, 1608, 220, 16, 1557, 26174, 17872, 198, 7468, 220, 16, 18016, 4690, 1608, 220, 18, 18016, 37260, 11, 220, 18, 609, 3903, 198, 7468, 220, 16, 7171, 5518, 1898, 1608, 220, 19, 609, 3903, 11, 220, 17, 5392, 198, 7468, 220, 19, 83237, 609, 3903, 1608, 220, 16, 83237, 42267, 198, 7468, 220, 19, 42943, 609, 3903, 1608, 220, 16, 42943, 17872, 271, 38663, 25, 10453, 21664, 3608, 48066, 13, 248046, 198, 248045, 74455, 198, 248068, 271, 248069, 271, 81266, 25, 1946, 10453, 264, 21664, 3608, 48066, 11, 353, 1144, 310, 9283, 279, 2483, 13565, 25, 32040, 321, 609, 3903, 13, 20482, 506, 279, 2420, 18066, 11, 353, 628, 10453, 32040, 494, 56890, 13, 353, 668, 1151, 539, 22175, 279, 56890, 4221, 310, 1236, 32040, 13, 271, 2432, 25, 198, 447, 220, 16, 56890, 248046, 248046, 198, 248045, 846, 198, 23446, 38523, 460, 17071, 364, 2824, 37563, 13, 561, 36497, 1414, 369, 279, 4581, 8057, 8978, 11, 1238, 9191, 314, 279, 1428, 1965, 682, 9202, 11, 10451, 506, 1141, 3817, 3798, 13, 3054, 524, 4089, 411, 17071, 1622, 430, 449, 4424, 1852, 13, 36541, 279, 4424, 6849, 8427, 421, 1965, 430, 45374, 321, 1179, 13942, 440, 411, 1788, 4687, 11, 1608, 1439, 4880, 343, 3950, 44, 24102, 4868, 25, 5046, 2721, 27896, 763, 20, 16, 17, 1288, 33413, 763, 16, 13, 15, 7563, 561, 1428, 15752, 369, 220, 16, 26, 279, 8961, 5954, 220, 18, 15, 21207, 13, 31625, 279, 29732, 314, 660, 3813, 20511, 494, 279, 1428, 15752, 1472, 279, 809, 314, 411, 8961, 11, 440, 10766, 220, 16, 13, 95074, 6575, 20511, 13, 561, 9575, 42607, 4424, 6486, 220, 16, 948, 279, 10897, 5614, 369, 16496, 321, 10029, 279, 8961, 26, 660, 6575, 21207, 2873, 220, 15, 13, 22044, 21835, 466, 67205, 314, 279, 15752, 75108, 7786, 11039, 874, 4799, 10986, 26, 21207, 421, 2496, 11822, 16300, 6942, 13, 27295, 318, 1448, 25, 38523, 460, 1590, 220, 15, 25, 220, 15, 318, 32817, 524, 16496, 1518, 279, 8961, 10029, 1174, 220, 16, 25, 220, 16, 318, 31724, 42607, 4424, 6473, 5614, 16496, 553, 3301, 1132, 279, 5407, 2306, 13, 248046, 198, 248045, 74455, 198, 248068, 271, 248069, 271, 16], "source_signed": [-0.10749849542013784, -0.07873813798165841, -0.027912891659135863, -0.08229364247640598, 0.029632897515149983, 0.0037811265991407224, 0.002008985730171933, -0.0008396582494709856, 0.0065929442697964784, 0.0019627343187867408, -0.0005073744447290415, -0.001771834254145753, -0.00611552615784658, -0.009116491852416034, -0.004378341770614558, 0.0029464950784390963, -0.0051337356932830355, -0.0017929157312896416, -0.003189509114960908, -0.0025846437125689745, -0.0034500692878281928, -0.0022469404030782455, 0.001471498354602286, 0.003928634136559559, 0.0014856870714688906, -0.005447525887998029, -0.009808089961656514, 0.00021172243844931886, -0.0026726145983724005, -0.006126247401978768, -0.002720067343021223, 8.686111011874424e-05, -0.0030798334810057362, 0.0006977800549351318, -0.00023032436296005487, -0.0043147291298864755, 0.0012747684379081788, -0.007497188212401115, -0.003902185440978234, -0.0006435812951777857, 0.005123064000605627, 0.004753958972076649, 0.003787494670153201, -0.0018782284193968055, -0.00041704546779254917, 0.009996503909763395, -0.00658909512966171, 0.0016462873620508838, 0.005262266853467661, -0.004525556378827892, -0.005218412211607766, -0.01492455227291099, -0.018574927283934905, -0.003750779917713023, 0.007762229388598236, -0.016339002983205893, -0.01767724649546097, -0.015491990321336125, -0.02395944120815904, 0.0]}, {"trace": {"episode_index": 0, "source_step": 0, "observed_return": 1.0, "context_tokens": 935, "compute_tokens": 935, "query_tokens": 225, "root_effect": -0.26937542110681534, "signed_sum": -0.27093568028792064, "conservation_residual": 0.0015602591811053057, "conservation_tolerance": 0.02, "conservation_verified": true, "owner_batch_index": 0, "source_log_ratio_min": -0.08386514227835215, "source_log_ratio_max": 0.014000621154051304, "source_log_ratio_min_index": 0, "source_log_ratio_max_index": 4, "factual_target_logp": -0.3903335928916931, "reference_target_logp": -0.12095817178487778}, "traj_uid": "0717f2e6-d697-40b8-aef2-9b8b00f46b80", "observed_return": 1.0, "source_start": 631, "source_end": 709, "selected_input_ids": [248045, 8678, 198, 2523, 513, 1167, 16451, 11, 3354, 539, 52540, 14388, 13, 1394, 513, 264, 10631, 17313, 13, 248046, 198, 248045, 846, 198, 2523, 513, 2574, 2342, 5222, 42607, 18066, 310, 10453, 3470, 303, 38898, 13, 93818, 10966, 513, 314, 279, 3443, 328, 7468, 498, 5480, 1576, 60, 1608, 498, 1307, 13565, 60, 3158, 198, 11179, 4625, 353, 668, 2873, 488, 449, 21254, 11, 488, 599, 310, 5707, 449, 1852, 3018, 383, 279, 1528, 321, 7359, 13, 1394, 628, 328, 447, 1, 449, 1576, 318, 36859, 8, 494, 279, 14991, 466, 279, 4424, 11, 1353, 5072, 279, 1746, 14991, 539, 328, 30075, 487, 466, 328, 7468, 1, 318, 5480, 8, 1608, 866, 314, 279, 42607, 10966, 13, 198, 7525, 2468, 1902, 24660, 1732, 411, 3443, 2879, 81266, 25, 198, 21061, 10976, 13, 271, 2432, 25, 198, 21061, 1727, 1852, 1, 271, 92065, 25, 695, 16, 13, 22516, 13441, 279, 11846, 948, 1608, 328, 447, 1, 321, 328, 7468, 1, 10966, 13, 471, 12996, 314, 615, 25, 615, 220, 16, 166007, 62259, 22864, 471, 12996, 16, 314, 10453, 25, 10453, 220, 16, 6105, 51735, 1608, 220, 16, 166007, 62259, 22864, 471, 12996, 17, 314, 10453, 25, 10453, 220, 16, 20117, 71670, 1608, 220, 23, 6414, 78960, 447, 11, 220, 16, 71670, 198, 17, 13, 3095, 1608, 328, 447, 1, 3108, 11, 635, 524, 13441, 3315, 279, 1455, 3905, 494, 279, 14991, 466, 279, 4424, 13, 198, 18, 13, 1394, 628, 958, 25835, 42607, 10966, 3766, 11, 635, 524, 958, 678, 1765, 42607, 10966, 13, 4213, 11, 413, 279, 42607, 3108, 5533, 264, 13553, 23980, 1040, 328, 490, 3903, 487, 488, 628, 958, 3175, 4346, 314, 279, 1788, 23980, 378, 1257, 13, 328, 21921, 36620, 609, 3903, 1, 303, 279, 3108, 4370, 13, 271, 248046, 198, 248045, 74455, 198, 3793, 13, 353, 3172, 1732, 678, 10895, 321, 1380, 821, 1786, 310, 11290, 279, 3274, 13, 248046, 198, 248045, 846, 198, 37563, 286, 10966, 25, 198, 7468, 220, 18, 83237, 1777, 1608, 220, 21, 83237, 609, 3903, 11, 220, 16, 8941, 198, 7468, 220, 19, 92701, 609, 3903, 1608, 220, 16, 92701, 42267, 198, 7468, 220, 21, 83237, 52853, 1608, 220, 18, 83237, 609, 3903, 198, 7468, 220, 19, 83237, 30129, 1608, 220, 21, 83237, 609, 3903, 198, 7468, 220, 16, 83237, 7035, 11629, 1608, 220, 17, 83237, 609, 3903, 198, 7468, 220, 19, 83237, 609, 3903, 1608, 220, 16, 83237, 42267, 198, 7468, 220, 16, 8941, 1608, 220, 17, 56890, 198, 7468, 220, 16, 13136, 3013, 10479, 1608, 220, 18, 17872, 11, 220, 18, 8941, 11, 220, 16, 13136, 3807, 2255, 9714, 198, 7468, 220, 19, 7894, 10208, 609, 3903, 1608, 220, 16, 7894, 10208, 17872, 198, 7468, 220, 19, 36620, 609, 3903, 1608, 220, 16, 36620, 17872, 198, 7468, 220, 16, 14804, 329, 23873, 17587, 1608, 220, 19, 8941, 11, 220, 17, 14804, 329, 609, 3903, 198, 7468, 220, 19, 6121, 36620, 609, 3903, 1608, 220, 16, 6121, 36620, 17872, 198, 7468, 220, 19, 14804, 329, 609, 3903, 1608, 220, 16, 14804, 329, 17872, 198, 7468, 220, 19, 8941, 1608, 220, 17, 609, 3903, 198, 7468, 220, 16, 10679, 48765, 1608, 220, 17, 8941, 11, 220, 18, 10679, 6537, 349, 198, 7468, 220, 17, 83237, 22149, 10470, 1608, 220, 21, 83237, 609, 3903, 198, 7468, 220, 19, 42943, 609, 3903, 1608, 220, 16, 42943, 17872, 198, 7468, 220, 16, 19629, 1608, 220, 21, 609, 3903, 11, 220, 16, 10679, 6537, 349, 198, 7468, 220, 16, 3000, 6105, 4690, 1608, 220, 18, 3000, 6105, 37260, 11, 220, 18, 609, 3903, 198, 7468, 220, 19, 1557, 26174, 609, 3903, 1608, 220, 16, 1557, 26174, 17872, 198, 7468, 220, 16, 55945, 4690, 1608, 220, 18, 55945, 37260, 11, 220, 18, 609, 3903, 271, 38663, 25, 10453, 83237, 1777, 13, 248046, 198, 248045, 74455, 198, 248068, 271, 248069, 271, 81266, 25, 1946, 10453, 279, 2100, 1576, 328, 11126, 6659, 1777, 487, 279, 10793, 7225, 328, 21, 83237, 609, 3903, 1, 321, 328, 16, 8941, 3158, 2921, 14991, 369, 4147, 11, 748, 353, 1118, 1144, 310, 9283, 1439, 13565, 13, 561, 1379, 19214, 1118, 2923, 369, 310, 6637, 799, 1328, 23980, 11, 279, 32040, 11, 539, 42607, 1070, 494, 56890, 13, 271, 2432, 25, 198, 7468, 220, 16, 8941, 1608, 220, 17, 56890, 248046, 248046, 198, 248045, 846, 198, 23446, 38523, 460, 17071, 364, 2824, 37563, 13, 561, 36497, 1414, 369, 279, 4581, 8057, 8978, 11, 1238, 9191, 314, 279, 1428, 1965, 682, 9202, 11, 10451, 506, 1141, 3817, 3798, 13, 3054, 524, 4089, 411, 17071, 1622, 430, 449, 4424, 1852, 13, 36541, 279, 4424, 6849, 8427, 421, 1965, 430, 45374, 321, 1179, 13942, 440, 411, 1788, 4687, 11, 1608, 1439, 4880, 343, 3950, 44, 24102, 4868, 25, 5046, 2721, 27896, 763, 20, 16, 17, 1288, 33413, 763, 16, 13, 15, 7563, 561, 1428, 15752, 369, 220, 16, 26, 279, 8961, 5954, 220, 18, 15, 21207, 13, 31625, 279, 29732, 314, 660, 3813, 20511, 494, 279, 1428, 15752, 1472, 279, 809, 314, 411, 8961, 11, 440, 10766, 220, 16, 13, 95074, 6575, 20511, 13, 561, 9575, 42607, 4424, 6486, 220, 16, 948, 279, 10897, 5614, 369, 16496, 321, 10029, 279, 8961, 26, 660, 6575, 21207, 2873, 220, 15, 13, 22044, 21835, 466, 67205, 314, 279, 15752, 75108, 7786, 11039, 874, 4799, 10986, 26, 21207, 421, 2496, 11822, 16300, 6942, 13, 27295, 318, 1448, 25, 38523, 460, 1590, 220, 15, 25, 220, 15, 318, 32817, 524, 16496, 1518, 279, 8961, 10029, 1174, 220, 16, 25, 220, 16, 318, 31724, 42607, 4424, 6473, 5614, 16496, 553, 3301, 1132, 279, 5407, 2306, 13, 248046, 198, 248045, 74455, 198, 248068, 271, 248069, 271, 16], "source_signed": [-0.08386514227835215, -0.057371965453484726, -0.01608145724223965, -0.08075656926330045, 0.014000621154051304, -0.00936072365322928, 0.0027169066670939775, 0.0004398389628213987, -0.004479879482359407, 0.002786279541341965, 0.0024878484009567504, -0.0005975930258602536, 0.0011035051613163035, 0.002686693534106835, 0.0028099346033214653, 0.0032495984551243876, -0.001642318340005903, -0.004811450172536503, -0.004221761980214327, 0.00039928236874797827, 0.0010590655150923651, -0.0005352241467179924, 0.0027063229724949836, -3.7179848669782484e-05, -0.0014686630861919531, 0.002593507717084997, -0.0020368943108815757, -0.0007590572574612945, -0.007521402218801291, -0.005891613479880939, -0.003740330252824347, -0.0049662457459428416, 0.0030014354242421234, -0.0018142056201266524, 0.002388795476264042, 0.0015789379490667946, -0.0029413464704746706, 0.0036103664724028203, -0.00482160309930197, -0.0004112781655738393, -0.006774998534330814, 0.0006817071402781278, -0.0009038046863364272, -0.006622047899485607, -0.008403605336303691, 0.0020004644101861, 0.0009725992958234081, 0.003663663395230504, 0.0016988182616477412, 0.0004899157592526118, 0.0034165154503476526, 0.0008829534313680798, -0.005216932391543375, -0.004648527026374111, -0.0035330989609556433, 0.0046966518834728604, -0.002126562632206749, -0.00679712724227887, 0.0025036200015362, 0.0027901362844287856, 0.00991131808487801, -0.0032883137080782134, 0.004016751320259096, 0.0113929604301942, -0.0025712648568026394, -0.008914663479898135, -0.00480927608472846, 0.004021081015736949, 0.013203979216164464, 0.0010033137596125521, -0.001918802269298203, -0.0040480546672411865, -0.00024540552779154894, -0.004207638866692954, -0.007578715886315925, 0.0006339905230519829, -0.0057923156758261235, 0.0]}]}
[36m(QueryClockGradientWorker pid=3999196)[0m [DT EOS minibatch] contrasts=4 length=935 seconds=38.50999543443322 batch=1/24 d_min=-0.10749849542013784 d_max=0.03466498105243178
[36m(QueryClockGradientWorker pid=4000891)[0m [DeltaTrace] owner FSDP2 lifecycle modules=34 layerwise=True remaining_dtensor=921 sample=[('model.language_model.embed_tokens.weight', (Shard(dim=0),)), ('model.language_model.layers.0.linear_attn.dt_bias', (Shard(dim=0),)), ('model.language_model.layers.0.linear_attn.A_log', (Shard(dim=0),))]
[36m(QueryClockGradientWorker pid=4000891)[0m [DT EOS minimum] {"eos_token_id": 248046, "outcome_token_ids": [15, 16], "samples": [{"trace": {"episode_index": 0, "source_step": 0, "observed_return": 1.0, "context_tokens": 790, "compute_tokens": 935, "query_tokens": 225, "root_effect": -0.21107564121484756, "signed_sum": -0.21311614932014217, "conservation_residual": 0.002040508105294603, "conservation_tolerance": 0.02, "conservation_verified": true, "owner_batch_index": 0, "source_log_ratio_min": -0.08460662410307113, "source_log_ratio_max": 0.034869646739389276, "source_log_ratio_min_index": 3, "source_log_ratio_max_index": 4, "factual_target_logp": -0.3023424446582794, "reference_target_logp": -0.09126680344343185}, "traj_uid": "0db660e5-2daf-4f69-8ada-c80f7e5e0ec7", "observed_return": 1.0, "source_start": 458, "source_end": 564, "selected_input_ids": [248045, 8678, 198, 2523, 513, 1167, 16451, 11, 3354, 539, 52540, 14388, 13, 1394, 513, 264, 10631, 17313, 13, 248046, 198, 248045, 846, 198, 2523, 513, 2574, 2342, 5222, 42607, 18066, 310, 10453, 3470, 303, 38898, 13, 93818, 10966, 513, 314, 279, 3443, 328, 7468, 498, 5480, 1576, 60, 1608, 498, 1307, 13565, 60, 3158, 198, 11179, 4625, 353, 668, 2873, 488, 449, 21254, 11, 488, 599, 310, 5707, 449, 1852, 3018, 383, 279, 1528, 321, 7359, 13, 1394, 628, 328, 447, 1, 449, 1576, 318, 36859, 8, 494, 279, 14991, 466, 279, 4424, 11, 1353, 5072, 279, 1746, 14991, 539, 328, 30075, 487, 466, 328, 7468, 1, 318, 5480, 8, 1608, 866, 314, 279, 42607, 10966, 13, 198, 7525, 2468, 1902, 24660, 1732, 411, 3443, 2879, 81266, 25, 198, 21061, 10976, 13, 271, 2432, 25, 198, 21061, 1727, 1852, 1, 271, 92065, 25, 695, 16, 13, 22516, 13441, 279, 11846, 948, 1608, 328, 447, 1, 321, 328, 7468, 1, 10966, 13, 471, 12996, 314, 615, 25, 615, 220, 16, 166007, 62259, 22864, 471, 12996, 16, 314, 10453, 25, 10453, 220, 16, 6105, 51735, 1608, 220, 16, 166007, 62259, 22864, 471, 12996, 17, 314, 10453, 25, 10453, 220, 16, 20117, 71670, 1608, 220, 23, 6414, 78960, 447, 11, 220, 16, 71670, 198, 17, 13, 3095, 1608, 328, 447, 1, 3108, 11, 635, 524, 13441, 3315, 279, 1455, 3905, 494, 279, 14991, 466, 279, 4424, 13, 198, 18, 13, 1394, 628, 958, 25835, 42607, 10966, 3766, 11, 635, 524, 958, 678, 1765, 42607, 10966, 13, 4213, 11, 413, 279, 42607, 3108, 5533, 264, 13553, 23980, 1040, 328, 490, 3903, 487, 488, 628, 958, 3175, 4346, 314, 279, 1788, 23980, 378, 1257, 13, 328, 21921, 36620, 609, 3903, 1, 303, 279, 3108, 4370, 13, 271, 248046, 198, 248045, 74455, 198, 3793, 13, 353, 3172, 1732, 678, 10895, 321, 1380, 821, 1786, 310, 11290, 279, 3274, 13, 248046, 198, 248045, 846, 198, 37563, 286, 10966, 25, 198, 7468, 220, 19, 7894, 10208, 30129, 1608, 220, 21, 7894, 10208, 609, 3903, 198, 7468, 220, 19, 7894, 10208, 609, 3903, 1608, 220, 16, 7894, 10208, 17872, 198, 7468, 220, 16, 7894, 10208, 7035, 11629, 1608, 220, 17, 7894, 10208, 609, 3903, 198, 7468, 220, 18, 7894, 10208, 23873, 1608, 220, 17, 8941, 11, 220, 19, 7894, 10208, 609, 3903, 198, 7468, 220, 16, 7894, 10208, 14882, 1608, 220, 20, 7894, 10208, 609, 3903, 198, 7468, 220, 21, 7894, 10208, 52853, 1608, 220, 18, 7894, 10208, 609, 3903, 198, 7468, 220, 16, 7894, 10208, 3037, 1608, 220, 16, 7894, 10208, 609, 3903, 198, 7468, 220, 18, 7894, 10208, 1777, 1608, 220, 21, 7894, 10208, 609, 3903, 11, 220, 16, 8941, 271, 38663, 25, 10453, 7894, 10208, 7035, 11629, 13, 248046, 198, 248045, 74455, 198, 248068, 271, 248069, 271, 81266, 25, 198, 760, 5614, 369, 310, 10453, 220, 16, 7894, 10208, 7035, 11629, 13, 10235, 310, 279, 3766, 18066, 11, 42607, 220, 16, 7894, 10208, 7035, 11629, 7225, 220, 17, 7894, 10208, 609, 3903, 13, 353, 1459, 914, 599, 866, 7894, 10208, 609, 3903, 3482, 11, 321, 353, 1459, 914, 1436, 866, 7894, 10208, 17872, 303, 279, 1428, 3874, 314, 821, 14991, 466, 4424, 13, 1946, 10046, 11, 353, 1144, 310, 1716, 821, 14991, 1118, 310, 1436, 1092, 4802, 353, 599, 2420, 11, 11352, 3221, 364, 7894, 10208, 609, 3903, 466, 7894, 10208, 17872, 13, 271, 2432, 25, 198, 30075, 248046, 248046, 198, 248045, 846, 198, 23446, 38523, 460, 17071, 364, 2824, 37563, 13, 561, 36497, 1414, 369, 279, 4581, 8057, 8978, 11, 1238, 9191, 314, 279, 1428, 1965, 682, 9202, 11, 10451, 506, 1141, 3817, 3798, 13, 3054, 524, 4089, 411, 17071, 1622, 430, 449, 4424, 1852, 13, 36541, 279, 4424, 6849, 8427, 421, 1965, 430, 45374, 321, 1179, 13942, 440, 411, 1788, 4687, 11, 1608, 1439, 4880, 343, 3950, 44, 24102, 4868, 25, 5046, 2721, 27896, 763, 20, 16, 17, 1288, 33413, 763, 16, 13, 15, 7563, 561, 1428, 15752, 369, 220, 16, 26, 279, 8961, 5954, 220, 18, 15, 21207, 13, 31625, 279, 29732, 314, 660, 3813, 20511, 494, 279, 1428, 15752, 1472, 279, 809, 314, 411, 8961, 11, 440, 10766, 220, 16, 13, 95074, 6575, 20511, 13, 561, 9575, 42607, 4424, 6486, 220, 16, 948, 279, 10897, 5614, 369, 16496, 321, 10029, 279, 8961, 26, 660, 6575, 21207, 2873, 220, 15, 13, 22044, 21835, 466, 67205, 314, 279, 15752, 75108, 7786, 11039, 874, 4799, 10986, 26, 21207, 421, 2496, 11822, 16300, 6942, 13, 27295, 318, 1448, 25, 38523, 460, 1590, 220, 15, 25, 220, 15, 318, 32817, 524, 16496, 1518, 279, 8961, 10029, 1174, 220, 16, 25, 220, 16, 318, 31724, 42607, 4424, 6473, 5614, 16496, 553, 3301, 1132, 279, 5407, 2306, 13, 248046, 198, 248045, 74455, 198, 248068, 271, 248069, 271, 16], "source_signed": [-0.08205983668509259, -0.051800420807743844, 0.011017551882964383, -0.08460662410307113, 0.034869646739389276, 0.007964708663217027, 0.003990126770545837, -0.0010674408708715778, 0.004700252078752058, 0.0025958154577406297, 0.0017695559896036576, 0.010235948047250627, -0.004891521770589401, 0.0009553399084405031, -0.0003387676026948942, -0.00045266188079502723, 7.219879075325182e-05, 0.003971255005307586, -0.00530390589730303, -0.005399059745332549, -0.0011576381973241478, -0.008965335575965261, -0.0038844521802152273, 0.001858898649012744, -0.0015728229341863027, 0.004298621745820003, -0.00010367996866782214, 0.00040741878788403795, -0.00033568349132275617, -0.0004330901086490122, -0.001274407139914109, 0.0009761021222530388, -0.0028906285503147097, 0.0003795064922714563, 0.0021576618381468587, -0.0021429929698182455, -8.970371494285297e-05, 0.0002340219936853, -0.001844258197139906, -0.005215433676019275, -0.005836104701497348, -0.004880212463793663, 0.0007802245435921018, -0.008157022803875608, 0.0029501570043209513, -0.00032033693238092903, 0.00020254987223676058, 0.0007398259574379108, 0.004353432084500059, 0.007906743123079332, 0.0033224519517708133, -0.0008355114390107905, 1.96963666707654e-05, -0.004494769570340413, -0.00011709992295734929, -0.0025448415048812175, -0.0020238774041883723, -0.0035406276044424854, -0.004781055825754262, -0.007910120652477943, -0.0063414853158701365, -0.003537028480720512, 0.002954747604546846, 0.005587453617135378, -0.00043854514065308546, -0.007379085194613819, -0.007884985493493384, -0.004517313835151967, 0.0026003032465944827, -0.017046622410094137, 0.006558230716189795, -0.0008671910094761263, -0.007961149098993137, 0.0006424717090397873, 0.00402403527179775, 0.003724929338759931, -0.0016291370906845667, -0.0035888721861951425, 0.0009550527901354949, 0.0031252142555023236, 0.0025590389372851657, 0.00040145674118368356, 0.002878982289608145, 0.006256172716086462, -0.015051058716752006, -0.0033314057578368774, 0.002209236342541894, 0.0014098543039787765, -0.002099565128222022, -0.005908752220582013, 0.003643907837348837, -0.0003592229639662811, -0.00030354722786462077, -0.0003488206490304547, -8.906372841951254e-06, -0.0011454244859859456, 0.0012550106990087493, 0.0005225132282273826, 0.0053786803395928975, 0.0031248138142111193, -0.014902692753355996, -0.004006555741824658, -0.009102538522658016, 0.026235666074762708, 0.01713821963011415, 0.0]}, {"trace": {"episode_index": 0, "source_step": 0, "observed_return": 1.0, "context_tokens": 802, "compute_tokens": 935, "query_tokens": 225, "root_effect": -0.16987091302871704, "signed_sum": -0.1878864242359605, "conservation_residual": 0.018015511207243456, "conservation_tolerance": 0.02, "conservation_verified": true, "owner_batch_index": 0, "source_log_ratio_min": -0.0739379085536016, "source_log_ratio_max": 0.030376121420920926, "source_log_ratio_min_index": 3, "source_log_ratio_max_index": 4, "factual_target_logp": -0.2574525773525238, "reference_target_logp": -0.08758166432380676}, "traj_uid": "cb93c6fa-c0c7-42b2-b1c0-44abb7efdbc2", "observed_return": 1.0, "source_start": 458, "source_end": 576, "selected_input_ids": [248045, 8678, 198, 2523, 513, 1167, 16451, 11, 3354, 539, 52540, 14388, 13, 1394, 513, 264, 10631, 17313, 13, 248046, 198, 248045, 846, 198, 2523, 513, 2574, 2342, 5222, 42607, 18066, 310, 10453, 3470, 303, 38898, 13, 93818, 10966, 513, 314, 279, 3443, 328, 7468, 498, 5480, 1576, 60, 1608, 498, 1307, 13565, 60, 3158, 198, 11179, 4625, 353, 668, 2873, 488, 449, 21254, 11, 488, 599, 310, 5707, 449, 1852, 3018, 383, 279, 1528, 321, 7359, 13, 1394, 628, 328, 447, 1, 449, 1576, 318, 36859, 8, 494, 279, 14991, 466, 279, 4424, 11, 1353, 5072, 279, 1746, 14991, 539, 328, 30075, 487, 466, 328, 7468, 1, 318, 5480, 8, 1608, 866, 314, 279, 42607, 10966, 13, 198, 7525, 2468, 1902, 24660, 1732, 411, 3443, 2879, 81266, 25, 198, 21061, 10976, 13, 271, 2432, 25, 198, 21061, 1727, 1852, 1, 271, 92065, 25, 695, 16, 13, 22516, 13441, 279, 11846, 948, 1608, 328, 447, 1, 321, 328, 7468, 1, 10966, 13, 471, 12996, 314, 615, 25, 615, 220, 16, 166007, 62259, 22864, 471, 12996, 16, 314, 10453, 25, 10453, 220, 16, 6105, 51735, 1608, 220, 16, 166007, 62259, 22864, 471, 12996, 17, 314, 10453, 25, 10453, 220, 16, 20117, 71670, 1608, 220, 23, 6414, 78960, 447, 11, 220, 16, 71670, 198, 17, 13, 3095, 1608, 328, 447, 1, 3108, 11, 635, 524, 13441, 3315, 279, 1455, 3905, 494, 279, 14991, 466, 279, 4424, 13, 198, 18, 13, 1394, 628, 958, 25835, 42607, 10966, 3766, 11, 635, 524, 958, 678, 1765, 42607, 10966, 13, 4213, 11, 413, 279, 42607, 3108, 5533, 264, 13553, 23980, 1040, 328, 490, 3903, 487, 488, 628, 958, 3175, 4346, 314, 279, 1788, 23980, 378, 1257, 13, 328, 21921, 36620, 609, 3903, 1, 303, 279, 3108, 4370, 13, 271, 248046, 198, 248045, 74455, 198, 3793, 13, 353, 3172, 1732, 678, 10895, 321, 1380, 821, 1786, 310, 11290, 279, 3274, 13, 248046, 198, 248045, 846, 198, 37563, 286, 10966, 25, 198, 7468, 220, 19, 7894, 10208, 30129, 1608, 220, 21, 7894, 10208, 609, 3903, 198, 7468, 220, 19, 7894, 10208, 609, 3903, 1608, 220, 16, 7894, 10208, 17872, 198, 7468, 220, 16, 7894, 10208, 7035, 11629, 1608, 220, 17, 7894, 10208, 609, 3903, 198, 7468, 220, 18, 7894, 10208, 23873, 1608, 220, 17, 8941, 11, 220, 19, 7894, 10208, 609, 3903, 198, 7468, 220, 16, 7894, 10208, 14882, 1608, 220, 20, 7894, 10208, 609, 3903, 198, 7468, 220, 21, 7894, 10208, 52853, 1608, 220, 18, 7894, 10208, 609, 3903, 198, 7468, 220, 16, 7894, 10208, 3037, 1608, 220, 16, 7894, 10208, 609, 3903, 198, 7468, 220, 18, 7894, 10208, 1777, 1608, 220, 21, 7894, 10208, 609, 3903, 11, 220, 16, 8941, 271, 38663, 25, 10453, 7894, 10208, 7035, 11629, 13, 248046, 198, 248045, 74455, 198, 248068, 271, 248069, 271, 81266, 25, 198, 4888, 5614, 369, 310, 10453, 264, 7894, 10208, 7035, 11629, 13, 10235, 310, 279, 3766, 18066, 11, 328, 7468, 220, 16, 7894, 10208, 7035, 11629, 1608, 220, 17, 7894, 10208, 609, 3903, 3158, 353, 635, 524, 4862, 599, 866, 3470, 303, 821, 14991, 11, 321, 353, 1144, 7894, 10208, 609, 3903, 13, 1946, 615, 7894, 10208, 609, 3903, 11, 353, 628, 958, 279, 10793, 328, 7468, 220, 19, 7894, 10208, 609, 3903, 1608, 220, 16, 7894, 10208, 17872, 3158, 14833, 11, 821, 1118, 2923, 369, 310, 10453, 279, 7894, 10208, 609, 3903, 13, 271, 2432, 25, 198, 7468, 220, 19, 7894, 10208, 609, 3903, 1608, 220, 16, 7894, 10208, 17872, 248046, 248046, 198, 248045, 846, 198, 23446, 38523, 460, 17071, 364, 2824, 37563, 13, 561, 36497, 1414, 369, 279, 4581, 8057, 8978, 11, 1238, 9191, 314, 279, 1428, 1965, 682, 9202, 11, 10451, 506, 1141, 3817, 3798, 13, 3054, 524, 4089, 411, 17071, 1622, 430, 449, 4424, 1852, 13, 36541, 279, 4424, 6849, 8427, 421, 1965, 430, 45374, 321, 1179, 13942, 440, 411, 1788, 4687, 11, 1608, 1439, 4880, 343, 3950, 44, 24102, 4868, 25, 5046, 2721, 27896, 763, 20, 16, 17, 1288, 33413, 763, 16, 13, 15, 7563, 561, 1428, 15752, 369, 220, 16, 26, 279, 8961, 5954, 220, 18, 15, 21207, 13, 31625, 279, 29732, 314, 660, 3813, 20511, 494, 279, 1428, 15752, 1472, 279, 809, 314, 411, 8961, 11, 440, 10766, 220, 16, 13, 95074, 6575, 20511, 13, 561, 9575, 42607, 4424, 6486, 220, 16, 948, 279, 10897, 5614, 369, 16496, 321, 10029, 279, 8961, 26, 660, 6575, 21207, 2873, 220, 15, 13, 22044, 21835, 466, 67205, 314, 279, 15752, 75108, 7786, 11039, 874, 4799, 10986, 26, 21207, 421, 2496, 11822, 16300, 6942, 13, 27295, 318, 1448, 25, 38523, 460, 1590, 220, 15, 25, 220, 15, 318, 32817, 524, 16496, 1518, 279, 8961, 10029, 1174, 220, 16, 25, 220, 16, 318, 31724, 42607, 4424, 6473, 5614, 16496, 553, 3301, 1132, 279, 5407, 2306, 13, 248046, 198, 248045, 74455, 198, 248068, 271, 248069, 271, 16], "source_signed": [-0.06967910440390174, -0.05325413961150484, -0.011146162207113034, -0.0739379085536016, 0.030376121420920926, 0.008894780699204597, -0.00038336991802678366, 0.003012252953966423, 0.008872118319551786, 0.004085415435193624, 0.0019218401655657113, 0.005604554248897066, -0.002088282714463632, -0.00018605532873303262, -0.0005892050140088078, 0.00046525914389374413, 0.0032455734035495808, -0.0028046967898555635, -0.00023698378613690846, -1.6293958124984857e-05, -0.005570009727512491, -0.0032138784633140346, 0.00011542319119615149, -0.0003014963338220854, 0.0009242179420081635, 0.0021205813234242065, 0.001143747412290744, -0.0014400282078282948, -0.001966155080491237, 8.180656536236762e-05, 0.0014598999685565466, 0.0006425910383491787, -0.001400672752802671, 0.0012713934997039284, -0.0014187690042492872, -0.0037775007892779065, -0.0001027250027479925, -0.0007422606476300644, -0.0024146675183504577, -0.003374510866587209, -0.0035751013321335488, -0.0029689711184617187, 0.002284510394338024, 0.0021514340506546574, -0.0023945946979447674, 0.0032587072325987432, 0.001458189028282082, 0.0035440094052348755, 2.7189641338474678e-05, -0.0007229642353593826, 0.0014455665443843006, 0.0036755261509478655, 0.0012268383948714325, -0.0011094958595299432, 0.0008968883083399319, 0.0003880779896190533, -0.0008073801888159339, -0.00041732123202510964, -0.006054463360573431, -0.004355693214726159, -0.0032210227222980673, 0.0009385719202425387, 0.00018343531438402448, 0.0005043516189787875, 0.0016577962282416994, -0.001709624558733091, -0.003194907990300688, 0.0011861657266889897, 0.0007163014830702014, -0.002746121375450867, 0.00545775374831459, -0.0013885579137963918, 0.0003997874989607733, 0.002020021159554383, -0.0008639040302130601, -0.0022946899227839932, -0.0006930520014686397, 0.0030723472036865446, -0.0006371764349843248, 0.002869423564415477, -0.0022570880689681393, 0.0024974489137891917, -0.004032967650916161, -0.0009801686695589235, -0.002114672737117498, -0.0021441292879899113, 0.0033230211023200784, 0.0018957845817265204, 0.001030481428339744, 0.009717920512412308, 0.00633934917424, 0.00213416690678715, -0.0008247543241083621, 0.005510499502827443, -3.935863607142402e-05, 0.0019141785618375208, 3.66571025222169e-05, 0.000814957188534764, -0.0032284711481132093, -0.0017341948366293245, -0.00962622933847776, -0.012443821957215441, 0.003040688320401365, 0.010368475461770929, 0.0011308706775479457, 0.006633619023829589, -0.0006171348946229227, 0.003854814598665198, 0.0014388968579537719, 0.0005176214790109779, -0.0004257667833761185, -0.0010117071569317902, -0.007338549881767667, -0.002462853071650096, -0.0063759422434009816, -0.003963160763517881, -0.02286545464914204, 0.0]}, {"trace": {"episode_index": 0, "source_step": 0, "observed_return": 1.0, "context_tokens": 932, "compute_tokens": 935, "query_tokens": 225, "root_effect": -0.38773465901613235, "signed_sum": -0.4194457983471463, "conservation_residual": 0.03171113933101394, "conservation_tolerance": 0.02, "conservation_verified": false, "owner_batch_index": 0, "source_log_ratio_min": -0.10775323276184845, "source_log_ratio_max": 0.029982870819017217, "source_log_ratio_min_index": 0, "source_log_ratio_max_index": 4, "factual_target_logp": -0.46724820137023926, "reference_target_logp": -0.0795135423541069}, "traj_uid": "84819fa1-0765-48ef-a0ee-84f46d155e85", "observed_return": 1.0, "source_start": 646, "source_end": 706, "selected_input_ids": [248045, 8678, 198, 2523, 513, 1167, 16451, 11, 3354, 539, 52540, 14388, 13, 1394, 513, 264, 10631, 17313, 13, 248046, 198, 248045, 846, 198, 2523, 513, 2574, 2342, 5222, 42607, 18066, 310, 10453, 3470, 303, 38898, 13, 93818, 10966, 513, 314, 279, 3443, 328, 7468, 498, 5480, 1576, 60, 1608, 498, 1307, 13565, 60, 3158, 198, 11179, 4625, 353, 668, 2873, 488, 449, 21254, 11, 488, 599, 310, 5707, 449, 1852, 3018, 383, 279, 1528, 321, 7359, 13, 1394, 628, 328, 447, 1, 449, 1576, 318, 36859, 8, 494, 279, 14991, 466, 279, 4424, 11, 1353, 5072, 279, 1746, 14991, 539, 328, 30075, 487, 466, 328, 7468, 1, 318, 5480, 8, 1608, 866, 314, 279, 42607, 10966, 13, 198, 7525, 2468, 1902, 24660, 1732, 411, 3443, 2879, 81266, 25, 198, 21061, 10976, 13, 271, 2432, 25, 198, 21061, 1727, 1852, 1, 271, 92065, 25, 695, 16, 13, 22516, 13441, 279, 11846, 948, 1608, 328, 447, 1, 321, 328, 7468, 1, 10966, 13, 471, 12996, 314, 615, 25, 615, 220, 16, 166007, 62259, 22864, 471, 12996, 16, 314, 10453, 25, 10453, 220, 16, 6105, 51735, 1608, 220, 16, 166007, 62259, 22864, 471, 12996, 17, 314, 10453, 25, 10453, 220, 16, 20117, 71670, 1608, 220, 23, 6414, 78960, 447, 11, 220, 16, 71670, 198, 17, 13, 3095, 1608, 328, 447, 1, 3108, 11, 635, 524, 13441, 3315, 279, 1455, 3905, 494, 279, 14991, 466, 279, 4424, 13, 198, 18, 13, 1394, 628, 958, 25835, 42607, 10966, 3766, 11, 635, 524, 958, 678, 1765, 42607, 10966, 13, 4213, 11, 413, 279, 42607, 3108, 5533, 264, 13553, 23980, 1040, 328, 490, 3903, 487, 488, 628, 958, 3175, 4346, 314, 279, 1788, 23980, 378, 1257, 13, 328, 21921, 36620, 609, 3903, 1, 303, 279, 3108, 4370, 13, 271, 248046, 198, 248045, 74455, 198, 3793, 13, 353, 3172, 1732, 678, 10895, 321, 1380, 821, 1786, 310, 11290, 279, 3274, 13, 248046, 198, 248045, 846, 198, 37563, 286, 10966, 25, 198, 7468, 220, 16, 2236, 52139, 1608, 220, 21, 609, 3903, 11, 220, 18, 2236, 198, 7468, 220, 19, 6121, 36620, 609, 3903, 1608, 220, 16, 6121, 36620, 17872, 198, 7468, 220, 18, 1557, 26174, 23873, 1608, 220, 17, 8941, 11, 220, 19, 1557, 26174, 609, 3903, 198, 7468, 220, 16, 19694, 1608, 220, 21, 609, 3903, 11, 220, 17, 21664, 1678, 3325, 198, 7468, 220, 19, 36620, 609, 3903, 1608, 220, 16, 36620, 17872, 198, 7468, 220, 16, 8941, 1608, 220, 17, 56890, 198, 7468, 220, 19, 7894, 10208, 609, 3903, 1608, 220, 16, 7894, 10208, 17872, 198, 7468, 220, 16, 21664, 3608, 48066, 1608, 220, 17, 8941, 11, 220, 18, 609, 3903, 198, 7468, 220, 16, 21664, 19601, 1608, 220, 16, 8941, 11, 220, 17, 609, 3903, 198, 7468, 220, 16, 17024, 4690, 1608, 220, 18, 17024, 37260, 11, 220, 18, 609, 3903, 198, 7468, 220, 19, 8941, 1608, 220, 17, 609, 3903, 198, 7468, 220, 19, 92701, 609, 3903, 1608, 220, 16, 92701, 42267, 198, 7468, 220, 16, 5144, 14987, 1608, 220, 17, 886, 11, 220, 18, 8941, 11, 220, 16, 10679, 6537, 349, 11, 220, 16, 8151, 34356, 9416, 198, 7468, 220, 16, 19629, 1608, 220, 21, 609, 3903, 11, 220, 16, 10679, 6537, 349, 198, 7468, 220, 19, 14804, 329, 609, 3903, 1608, 220, 16, 14804, 329, 17872, 198, 7468, 220, 16, 42943, 23873, 17587, 1608, 220, 19, 8941, 11, 220, 17, 42943, 609, 3903, 198, 7468, 220, 19, 1557, 26174, 609, 3903, 1608, 220, 16, 1557, 26174, 17872, 198, 7468, 220, 16, 18016, 4690, 1608, 220, 18, 18016, 37260, 11, 220, 18, 609, 3903, 198, 7468, 220, 16, 7171, 5518, 1898, 1608, 220, 19, 609, 3903, 11, 220, 17, 5392, 198, 7468, 220, 19, 83237, 609, 3903, 1608, 220, 16, 83237, 42267, 198, 7468, 220, 19, 42943, 609, 3903, 1608, 220, 16, 42943, 17872, 271, 38663, 25, 10453, 21664, 3608, 48066, 13, 248046, 198, 248045, 74455, 198, 248068, 271, 248069, 271, 81266, 25, 1946, 10453, 264, 21664, 3608, 48066, 11, 353, 1144, 310, 9283, 279, 2483, 13565, 25, 32040, 321, 609, 3903, 13, 20482, 506, 279, 2420, 18066, 11, 353, 628, 10453, 32040, 494, 56890, 13, 353, 668, 1151, 539, 22175, 279, 56890, 4221, 310, 1236, 32040, 13, 271, 2432, 25, 198, 447, 220, 16, 56890, 248046, 248046, 198, 248045, 846, 198, 23446, 38523, 460, 17071, 364, 2824, 37563, 13, 561, 36497, 1414, 369, 279, 4581, 8057, 8978, 11, 1238, 9191, 314, 279, 1428, 1965, 682, 9202, 11, 10451, 506, 1141, 3817, 3798, 13, 3054, 524, 4089, 411, 17071, 1622, 430, 449, 4424, 1852, 13, 36541, 279, 4424, 6849, 8427, 421, 1965, 430, 45374, 321, 1179, 13942, 440, 411, 1788, 4687, 11, 1608, 1439, 4880, 343, 3950, 44, 24102, 4868, 25, 5046, 2721, 27896, 763, 20, 16, 17, 1288, 33413, 763, 16, 13, 15, 7563, 561, 1428, 15752, 369, 220, 16, 26, 279, 8961, 5954, 220, 18, 15, 21207, 13, 31625, 279, 29732, 314, 660, 3813, 20511, 494, 279, 1428, 15752, 1472, 279, 809, 314, 411, 8961, 11, 440, 10766, 220, 16, 13, 95074, 6575, 20511, 13, 561, 9575, 42607, 4424, 6486, 220, 16, 948, 279, 10897, 5614, 369, 16496, 321, 10029, 279, 8961, 26, 660, 6575, 21207, 2873, 220, 15, 13, 22044, 21835, 466, 67205, 314, 279, 15752, 75108, 7786, 11039, 874, 4799, 10986, 26, 21207, 421, 2496, 11822, 16300, 6942, 13, 27295, 318, 1448, 25, 38523, 460, 1590, 220, 15, 25, 220, 15, 318, 32817, 524, 16496, 1518, 279, 8961, 10029, 1174, 220, 16, 25, 220, 16, 318, 31724, 42607, 4424, 6473, 5614, 16496, 553, 3301, 1132, 279, 5407, 2306, 13, 248046, 198, 248045, 74455, 198, 248068, 271, 248069, 271, 16], "source_signed": [-0.10775323276184845, -0.07868301174719781, -0.027651808431407462, -0.08285412269865523, 0.029982870819017217, 0.003633893049902623, 0.002029808700163868, -0.0008369604208319044, 0.006596828169449876, 0.00197586974679923, -0.0004745685215904495, -0.0018369419141586255, -0.006155602622058153, -0.009113890865145451, -0.004369015442510349, 0.0029742426410100595, -0.005140243969659671, -0.0018848149975292518, -0.0032035608413413814, -0.0025591877765161744, -0.00347807157660039, -0.0022560742442468053, 0.0014646162066618666, 0.003957353289159263, 0.0014718477737425493, -0.005484519393061508, -0.009763220614117975, 0.00023209651309188343, -0.0027313866414334195, -0.006081639594879083, -0.0027817360824994395, 0.00012189570848472945, -0.0030093022583574294, 0.0006763609946927626, -0.00019693827292955463, -0.004333066962373455, 0.0012213319031833007, -0.0074645725633022365, -0.0038818943445907876, -0.0005846240754580796, 0.005127380227801281, 0.004844176279647167, 0.003814123710972825, -0.0018722408267729616, -0.0004101442580461169, 0.010038475349499948, -0.006580184980347233, 0.0016476211478986319, 0.0053203218036584595, -0.004557352924657736, -0.005227526933689422, -0.01501898700647088, -0.018528106217859695, -0.0038664267882664045, 0.008086596534854126, -0.01648456512146787, -0.01770305923553144, -0.015565537048446655, -0.024285367940981024, 0.0]}, {"trace": {"episode_index": 0, "source_step": 0, "observed_return": 1.0, "context_tokens": 935, "compute_tokens": 935, "query_tokens": 225, "root_effect": -0.2693735733628273, "signed_sum": -0.2710124353594455, "conservation_residual": 0.0016388619966182238, "conservation_tolerance": 0.02, "conservation_verified": true, "owner_batch_index": 0, "source_log_ratio_min": -0.08384319232242932, "source_log_ratio_max": 0.013918137421322321, "source_log_ratio_min_index": 0, "source_log_ratio_max_index": 4, "factual_target_logp": -0.3903317451477051, "reference_target_logp": -0.12095817178487778}, "traj_uid": "0717f2e6-d697-40b8-aef2-9b8b00f46b80", "observed_return": 1.0, "source_start": 631, "source_end": 709, "selected_input_ids": [248045, 8678, 198, 2523, 513, 1167, 16451, 11, 3354, 539, 52540, 14388, 13, 1394, 513, 264, 10631, 17313, 13, 248046, 198, 248045, 846, 198, 2523, 513, 2574, 2342, 5222, 42607, 18066, 310, 10453, 3470, 303, 38898, 13, 93818, 10966, 513, 314, 279, 3443, 328, 7468, 498, 5480, 1576, 60, 1608, 498, 1307, 13565, 60, 3158, 198, 11179, 4625, 353, 668, 2873, 488, 449, 21254, 11, 488, 599, 310, 5707, 449, 1852, 3018, 383, 279, 1528, 321, 7359, 13, 1394, 628, 328, 447, 1, 449, 1576, 318, 36859, 8, 494, 279, 14991, 466, 279, 4424, 11, 1353, 5072, 279, 1746, 14991, 539, 328, 30075, 487, 466, 328, 7468, 1, 318, 5480, 8, 1608, 866, 314, 279, 42607, 10966, 13, 198, 7525, 2468, 1902, 24660, 1732, 411, 3443, 2879, 81266, 25, 198, 21061, 10976, 13, 271, 2432, 25, 198, 21061, 1727, 1852, 1, 271, 92065, 25, 695, 16, 13, 22516, 13441, 279, 11846, 948, 1608, 328, 447, 1, 321, 328, 7468, 1, 10966, 13, 471, 12996, 314, 615, 25, 615, 220, 16, 166007, 62259, 22864, 471, 12996, 16, 314, 10453, 25, 10453, 220, 16, 6105, 51735, 1608, 220, 16, 166007, 62259, 22864, 471, 12996, 17, 314, 10453, 25, 10453, 220, 16, 20117, 71670, 1608, 220, 23, 6414, 78960, 447, 11, 220, 16, 71670, 198, 17, 13, 3095, 1608, 328, 447, 1, 3108, 11, 635, 524, 13441, 3315, 279, 1455, 3905, 494, 279, 14991, 466, 279, 4424, 13, 198, 18, 13, 1394, 628, 958, 25835, 42607, 10966, 3766, 11, 635, 524, 958, 678, 1765, 42607, 10966, 13, 4213, 11, 413, 279, 42607, 3108, 5533, 264, 13553, 23980, 1040, 328, 490, 3903, 487, 488, 628, 958, 3175, 4346, 314, 279, 1788, 23980, 378, 1257, 13, 328, 21921, 36620, 609, 3903, 1, 303, 279, 3108, 4370, 13, 271, 248046, 198, 248045, 74455, 198, 3793, 13, 353, 3172, 1732, 678, 10895, 321, 1380, 821, 1786, 310, 11290, 279, 3274, 13, 248046, 198, 248045, 846, 198, 37563, 286, 10966, 25, 198, 7468, 220, 18, 83237, 1777, 1608, 220, 21, 83237, 609, 3903, 11, 220, 16, 8941, 198, 7468, 220, 19, 92701, 609, 3903, 1608, 220, 16, 92701, 42267, 198, 7468, 220, 21, 83237, 52853, 1608, 220, 18, 83237, 609, 3903, 198, 7468, 220, 19, 83237, 30129, 1608, 220, 21, 83237, 609, 3903, 198, 7468, 220, 16, 83237, 7035, 11629, 1608, 220, 17, 83237, 609, 3903, 198, 7468, 220, 19, 83237, 609, 3903, 1608, 220, 16, 83237, 42267, 198, 7468, 220, 16, 8941, 1608, 220, 17, 56890, 198, 7468, 220, 16, 13136, 3013, 10479, 1608, 220, 18, 17872, 11, 220, 18, 8941, 11, 220, 16, 13136, 3807, 2255, 9714, 198, 7468, 220, 19, 7894, 10208, 609, 3903, 1608, 220, 16, 7894, 10208, 17872, 198, 7468, 220, 19, 36620, 609, 3903, 1608, 220, 16, 36620, 17872, 198, 7468, 220, 16, 14804, 329, 23873, 17587, 1608, 220, 19, 8941, 11, 220, 17, 14804, 329, 609, 3903, 198, 7468, 220, 19, 6121, 36620, 609, 3903, 1608, 220, 16, 6121, 36620, 17872, 198, 7468, 220, 19, 14804, 329, 609, 3903, 1608, 220, 16, 14804, 329, 17872, 198, 7468, 220, 19, 8941, 1608, 220, 17, 609, 3903, 198, 7468, 220, 16, 10679, 48765, 1608, 220, 17, 8941, 11, 220, 18, 10679, 6537, 349, 198, 7468, 220, 17, 83237, 22149, 10470, 1608, 220, 21, 83237, 609, 3903, 198, 7468, 220, 19, 42943, 609, 3903, 1608, 220, 16, 42943, 17872, 198, 7468, 220, 16, 19629, 1608, 220, 21, 609, 3903, 11, 220, 16, 10679, 6537, 349, 198, 7468, 220, 16, 3000, 6105, 4690, 1608, 220, 18, 3000, 6105, 37260, 11, 220, 18, 609, 3903, 198, 7468, 220, 19, 1557, 26174, 609, 3903, 1608, 220, 16, 1557, 26174, 17872, 198, 7468, 220, 16, 55945, 4690, 1608, 220, 18, 55945, 37260, 11, 220, 18, 609, 3903, 271, 38663, 25, 10453, 83237, 1777, 13, 248046, 198, 248045, 74455, 198, 248068, 271, 248069, 271, 81266, 25, 1946, 10453, 279, 2100, 1576, 328, 11126, 6659, 1777, 487, 279, 10793, 7225, 328, 21, 83237, 609, 3903, 1, 321, 328, 16, 8941, 3158, 2921, 14991, 369, 4147, 11, 748, 353, 1118, 1144, 310, 9283, 1439, 13565, 13, 561, 1379, 19214, 1118, 2923, 369, 310, 6637, 799, 1328, 23980, 11, 279, 32040, 11, 539, 42607, 1070, 494, 56890, 13, 271, 2432, 25, 198, 7468, 220, 16, 8941, 1608, 220, 17, 56890, 248046, 248046, 198, 248045, 846, 198, 23446, 38523, 460, 17071, 364, 2824, 37563, 13, 561, 36497, 1414, 369, 279, 4581, 8057, 8978, 11, 1238, 9191, 314, 279, 1428, 1965, 682, 9202, 11, 10451, 506, 1141, 3817, 3798, 13, 3054, 524, 4089, 411, 17071, 1622, 430, 449, 4424, 1852, 13, 36541, 279, 4424, 6849, 8427, 421, 1965, 430, 45374, 321, 1179, 13942, 440, 411, 1788, 4687, 11, 1608, 1439, 4880, 343, 3950, 44, 24102, 4868, 25, 5046, 2721, 27896, 763, 20, 16, 17, 1288, 33413, 763, 16, 13, 15, 7563, 561, 1428, 15752, 369, 220, 16, 26, 279, 8961, 5954, 220, 18, 15, 21207, 13, 31625, 279, 29732, 314, 660, 3813, 20511, 494, 279, 1428, 15752, 1472, 279, 809, 314, 411, 8961, 11, 440, 10766, 220, 16, 13, 95074, 6575, 20511, 13, 561, 9575, 42607, 4424, 6486, 220, 16, 948, 279, 10897, 5614, 369, 16496, 321, 10029, 279, 8961, 26, 660, 6575, 21207, 2873, 220, 15, 13, 22044, 21835, 466, 67205, 314, 279, 15752, 75108, 7786, 11039, 874, 4799, 10986, 26, 21207, 421, 2496, 11822, 16300, 6942, 13, 27295, 318, 1448, 25, 38523, 460, 1590, 220, 15, 25, 220, 15, 318, 32817, 524, 16496, 1518, 279, 8961, 10029, 1174, 220, 16, 25, 220, 16, 318, 31724, 42607, 4424, 6473, 5614, 16496, 553, 3301, 1132, 279, 5407, 2306, 13, 248046, 198, 248045, 74455, 198, 248068, 271, 248069, 271, 16], "source_signed": [-0.08384319232242932, -0.057391074844837776, -0.015938904824429778, -0.08057276004785877, 0.013918137421322321, -0.009431867657360314, 0.002718305662802788, 0.0004408191441731572, -0.00451640747876997, 0.0027689719609578956, 0.0024557545708997117, -0.0005615405366447539, 0.0011222934474516208, 0.0026810744381814823, 0.0027905813393122626, 0.003266590160165781, -0.00165451891168834, -0.004808492604347134, -0.004167492653611601, 0.0003847841858075703, 0.001044872915987964, -0.000584697430638049, 0.0027394942538816625, -4.9325857846691705e-05, -0.0014460442314005975, 0.00258776121547418, -0.002034161778213215, -0.0007702984705523089, -0.007543448179476468, -0.005869130428282793, -0.0037307267777229865, -0.004965964371760795, 0.002937540247631765, -0.0018309897679890993, 0.0023371040249396567, 0.0015631018773841054, -0.00296625066950415, 0.0036171806198480984, -0.00479866582012636, -0.0004155212445175843, -0.006754262078723258, 0.0006759402045593398, -0.0009037593801829403, -0.006605933209900961, -0.008434146119360579, 0.0019796961506838625, 0.0010501895506342496, 0.0036930712441149843, 0.001713698635255655, 0.0004747217035251288, 0.0034113933498610208, 0.0009084986899093837, -0.005205381485317882, -0.004630311135685474, -0.003510192694095743, 0.004672160149853321, -0.002134021134210459, -0.0068720418067357856, 0.0024837866106175977, 0.002834879976925881, 0.009881319675750008, -0.0033165713487819035, 0.004006697211678894, 0.011427178306239, -0.0024635616387780244, -0.008966527739606704, -0.004929151247055064, 0.0039732166506490614, 0.01318262197831174, 0.000996907583176528, -0.0018881405829957445, -0.004068981838257907, -0.0002575261664607177, -0.004204945417025308, -0.0076182332940086354, 0.0005767874731054407, -0.005674402763326744, 0.0]}]}
[36m(QueryClockGradientWorker pid=3999196)[0m [DT EOS minibatch] contrasts=4 length=997 seconds=5.3264908120036125 batch=2/24 d_min=-0.04735652939298383 d_max=0.04993354164792975[32m [repeated 2x across cluster][0m
[36m(QueryClockGradientWorker pid=3999196)[0m [DT EOS minimum] {"eos_token_id": 248046, "outcome_token_ids": [15, 16], "samples": [{"trace": {"episode_index": 0, "source_step": 0, "observed_return": 1.0, "context_tokens": 1014, "compute_tokens": 1111, "query_tokens": 225, "root_effect": -0.26465781033039093, "signed_sum": -0.26284783888391056, "conservation_residual": -0.001809971446480374, "conservation_tolerance": 0.02, "conservation_verified": true, "owner_batch_index": 2, "source_log_ratio_min": -0.07828297718337729, "source_log_ratio_max": 0.024352497551484373, "source_log_ratio_min_index": 3, "source_log_ratio_max_index": 4, "factual_target_logp": -0.3416576385498047, "reference_target_logp": -0.07699982821941376}, "traj_uid": "fe3afba6-74d2-441b-bab0-f173f4be70df", "observed_return": 1.0, "source_start": 646, "source_end": 788, "selected_input_ids": [248045, 8678, 198, 2523, 513, 1167, 16451, 11, 3354, 539, 52540, 14388, 13, 1394, 513, 264, 10631, 17313, 13, 248046, 198, 248045, 846, 198, 2523, 513, 2574, 2342, 5222, 42607, 18066, 310, 10453, 3470, 303, 38898, 13, 93818, 10966, 513, 314, 279, 3443, 328, 7468, 498, 5480, 1576, 60, 1608, 498, 1307, 13565, 60, 3158, 198, 11179, 4625, 353, 668, 2873, 488, 449, 21254, 11, 488, 599, 310, 5707, 449, 1852, 3018, 383, 279, 1528, 321, 7359, 13, 1394, 628, 328, 447, 1, 449, 1576, 318, 36859, 8, 494, 279, 14991, 466, 279, 4424, 11, 1353, 5072, 279, 1746, 14991, 539, 328, 30075, 487, 466, 328, 7468, 1, 318, 5480, 8, 1608, 866, 314, 279, 42607, 10966, 13, 198, 7525, 2468, 1902, 24660, 1732, 411, 3443, 2879, 81266, 25, 198, 21061, 10976, 13, 271, 2432, 25, 198, 21061, 1727, 1852, 1, 271, 92065, 25, 695, 16, 13, 22516, 13441, 279, 11846, 948, 1608, 328, 447, 1, 321, 328, 7468, 1, 10966, 13, 471, 12996, 314, 615, 25, 615, 220, 16, 166007, 62259, 22864, 471, 12996, 16, 314, 10453, 25, 10453, 220, 16, 6105, 51735, 1608, 220, 16, 166007, 62259, 22864, 471, 12996, 17, 314, 10453, 25, 10453, 220, 16, 20117, 71670, 1608, 220, 23, 6414, 78960, 447, 11, 220, 16, 71670, 198, 17, 13, 3095, 1608, 328, 447, 1, 3108, 11, 635, 524, 13441, 3315, 279, 1455, 3905, 494, 279, 14991, 466, 279, 4424, 13, 198, 18, 13, 1394, 628, 958, 25835, 42607, 10966, 3766, 11, 635, 524, 958, 678, 1765, 42607, 10966, 13, 4213, 11, 413, 279, 42607, 3108, 5533, 264, 13553, 23980, 1040, 328, 490, 3903, 487, 488, 628, 958, 3175, 4346, 314, 279, 1788, 23980, 378, 1257, 13, 328, 21921, 36620, 609, 3903, 1, 303, 279, 3108, 4370, 13, 271, 248046, 198, 248045, 74455, 198, 3793, 13, 353, 3172, 1732, 678, 10895, 321, 1380, 821, 1786, 310, 11290, 279, 3274, 13, 248046, 198, 248045, 846, 198, 37563, 286, 10966, 25, 198, 7468, 220, 16, 2236, 52139, 1608, 220, 21, 609, 3903, 11, 220, 18, 2236, 198, 7468, 220, 19, 6121, 36620, 609, 3903, 1608, 220, 16, 6121, 36620, 17872, 198, 7468, 220, 18, 1557, 26174, 23873, 1608, 220, 17, 8941, 11, 220, 19, 1557, 26174, 609, 3903, 198, 7468, 220, 16, 19694, 1608, 220, 21, 609, 3903, 11, 220, 17, 21664, 1678, 3325, 198, 7468, 220, 19, 36620, 609, 3903, 1608, 220, 16, 36620, 17872, 198, 7468, 220, 16, 8941, 1608, 220, 17, 56890, 198, 7468, 220, 19, 7894, 10208, 609, 3903, 1608, 220, 16, 7894, 10208, 17872, 198, 7468, 220, 16, 21664, 3608, 48066, 1608, 220, 17, 8941, 11, 220, 18, 609, 3903, 198, 7468, 220, 16, 21664, 19601, 1608, 220, 16, 8941, 11, 220, 17, 609, 3903, 198, 7468, 220, 16, 17024, 4690, 1608, 220, 18, 17024, 37260, 11, 220, 18, 609, 3903, 198, 7468, 220, 19, 8941, 1608, 220, 17, 609, 3903, 198, 7468, 220, 19, 92701, 609, 3903, 1608, 220, 16, 92701, 42267, 198, 7468, 220, 16, 5144, 14987, 1608, 220, 17, 886, 11, 220, 18, 8941, 11, 220, 16, 10679, 6537, 349, 11, 220, 16, 8151, 34356, 9416, 198, 7468, 220, 16, 19629, 1608, 220, 21, 609, 3903, 11, 220, 16, 10679, 6537, 349, 198, 7468, 220, 19, 14804, 329, 609, 3903, 1608, 220, 16, 14804, 329, 17872, 198, 7468, 220, 16, 42943, 23873, 17587, 1608, 220, 19, 8941, 11, 220, 17, 42943, 609, 3903, 198, 7468, 220, 19, 1557, 26174, 609, 3903, 1608, 220, 16, 1557, 26174, 17872, 198, 7468, 220, 16, 18016, 4690, 1608, 220, 18, 18016, 37260, 11, 220, 18, 609, 3903, 198, 7468, 220, 16, 7171, 5518, 1898, 1608, 220, 19, 609, 3903, 11, 220, 17, 5392, 198, 7468, 220, 19, 83237, 609, 3903, 1608, 220, 16, 83237, 42267, 198, 7468, 220, 19, 42943, 609, 3903, 1608, 220, 16, 42943, 17872, 271, 38663, 25, 10453, 21664, 3608, 48066, 13, 248046, 198, 248045, 74455, 198, 248068, 271, 248069, 271, 81266, 25, 2228, 760, 5614, 369, 310, 10453, 264, 21664, 3608, 48066, 13, 10235, 310, 279, 3766, 42607, 10966, 11, 264, 21664, 3608, 48066, 7225, 220, 17, 32040, 321, 220, 18, 609, 3903, 13, 561, 2420, 10966, 2070, 42607, 32040, 494, 56890, 466, 609, 3903, 11, 321, 42607, 5090, 4346, 314, 609, 3903, 494, 17872, 13, 8439, 279, 3108, 364, 279, 3608, 48066, 4777, 28151, 328, 490, 3903, 1, 321, 328, 28086, 1, 1973, 264, 3050, 7339, 913, 11, 353, 628, 958, 866, 2420, 17872, 310, 1791, 609, 3903, 321, 32040, 13, 4213, 11, 279, 1379, 2050, 1752, 1608, 279, 2574, 10966, 17077, 6611, 609, 3903, 321, 32040, 1118, 13, 353, 3172, 1151, 539, 42607, 279, 5689, 609, 3903, 321, 32040, 13, 271, 2432, 25, 2228, 7468, 220, 19, 36620, 609, 3903, 1608, 220, 16, 36620, 17872, 248046, 248046, 198, 248045, 846, 198, 23446, 38523, 460, 17071, 364, 2824, 37563, 13, 561, 36497, 1414, 369, 279, 4581, 8057, 8978, 11, 1238, 9191, 314, 279, 1428, 1965, 682, 9202, 11, 10451, 506, 1141, 3817, 3798, 13, 3054, 524, 4089, 411, 17071, 1622, 430, 449, 4424, 1852, 13, 36541, 279, 4424, 6849, 8427, 421, 1965, 430, 45374, 321, 1179, 13942, 440, 411, 1788, 4687, 11, 1608, 1439, 4880, 343, 3950, 44, 24102, 4868, 25, 5046, 2721, 27896, 763, 20, 16, 17, 1288, 33413, 763, 16, 13, 15, 7563, 561, 1428, 15752, 369, 220, 16, 26, 279, 8961, 5954, 220, 18, 15, 21207, 13, 31625, 279, 29732, 314, 660, 3813, 20511, 494, 279, 1428, 15752, 1472, 279, 809, 314, 411, 8961, 11, 440, 10766, 220, 16, 13, 95074, 6575, 20511, 13, 561, 9575, 42607, 4424, 6486, 220, 16, 948, 279, 10897, 5614, 369, 16496, 321, 10029, 279, 8961, 26, 660, 6575, 21207, 2873, 220, 15, 13, 22044, 21835, 466, 67205, 314, 279, 15752, 75108, 7786, 11039, 874, 4799, 10986, 26, 21207, 421, 2496, 11822, 16300, 6942, 13, 27295, 318, 1448, 25, 38523, 460, 1590, 220, 15, 25, 220, 15, 318, 32817, 524, 16496, 1518, 279, 8961, 10029, 1174, 220, 16, 25, 220, 16, 318, 31724, 42607, 4424, 6473, 5614, 16496, 553, 3301, 1132, 279, 5407, 2306, 13, 248046, 198, 248045, 74455, 198, 248068, 271, 248069, 271, 16], "source_signed": [-0.07421435369353627, -0.05335742994488482, -0.006974690616483285, -0.07828297718337729, 0.024352497551484373, 0.008295867710395638, -0.0044734839202839015, -1.9253725744136554e-05, 0.007430605019703771, 0.003225417199977906, 0.00048265528985590904, 0.006014863216867009, 0.0011166179767921288, 0.0017324238150911702, -0.0006906189536348534, -0.00025997386917713493, -0.0020508015076419603, -0.0026444393600625485, -0.0007016213133636117, -0.003685807201491982, 0.0004893877922601897, 0.00288146900164854, -0.0014532382794051509, -0.0003590360444394381, -0.001388620265743763, -0.001035127174036284, -0.0013790376014588372, -0.0012009516300945915, -0.0017943470808716696, 0.0001728666522258045, 0.0013786514312082846, -0.0012017487277845504, -9.782268250798103e-05, 0.0019138504610470783, 0.0011695483860872024, 0.00249068267026171, -0.0012018133399160297, -0.00623018904527781, -0.0070126885278827805, -0.0037491036953522785, -0.003432792468662878, -0.0006220352944510763, 0.002831493916691762, -0.0026359602835389385, 0.0007494802500085896, -0.00215085023924054, -0.001985646797711495, 0.0009550177390271568, -0.0010768790285571714, 0.00037649603715691777, -1.540306849859112e-05, -0.000260464853433306, -0.0022022085131066294, -0.0015806715712206086, -0.001256302646846048, 0.0009667292710692158, 0.0008216445704285411, 0.0018102086147925504, 0.0037875041967426965, -0.0012158682026377145, 0.0020366509015692013, 0.0006437967848661834, -0.0025094474101223846, 5.155478835863086e-05, 0.0009216572635417778, -0.0005149472903731639, -8.946485214617267e-05, 0.004373777657571901, 0.00010506451639493309, -0.00032250150941698103, 0.0012257603079712113, 0.00031593421078982475, -0.0014930418725105621, -0.0012197989328141378, -0.0009091873495829799, -0.002518244729431696, 0.0009433389762663789, -0.005765246433226363, 1.2616942510477232e-06, -0.0014274467357110864, 0.0012450061898303475, -0.002471619378282436, -0.003543829069564076, 0.0012751771975179982, 0.0026180439880214602, -0.002025030161960935, -0.0006408514577035222, -0.0023281517717040055, 0.003710198464241482, 0.0001753962600427707, -0.003361865341844743, -0.0010244412519120403, -0.0007287523707501572, 0.000587571214986506, -0.0005665064286834161, -0.001158558324725261, -0.0007078029090967324, 0.00251954415462582, -0.00022852416153407577, 0.00213649384768708, 0.0017988370449590948, 0.002488149865387295, -0.0025610630730433567, -0.004482251090440278, -0.002541691461274558, -0.0016574336535626598, 0.00012914908955809386, 0.002070119076861358, -0.0005531885637227062, 0.0015566033384263281, 0.00013639156983754242, 0.0005012653173283677, 0.00491928889582578, 0.0025651012323543144, -0.0009331715808259223, 0.0065331054505120105, 0.0029531368152616397, 0.005281348405079502, 0.0059944670940950875, -0.002814328300150005, -0.0019518231875653297, 0.00014329648684658822, -0.0006041967816347556, 0.0013980037862024366, -0.002674515885473467, -0.0021014022354978058, -0.007770387726409176, -0.009446290516515646, 0.0014694600000859006, 0.0031944289316839115, -0.0007649010299795016, -0.000917484571947589, -0.005702377491513446, -0.010245710735531151, -0.0007813505230643276, -0.0002495589568257293, -0.007670448122669155, -0.003195465019119722, -0.008438828391751387, -0.005608880451536203, -0.013195931028065756, 0.0]}, {"trace": {"episode_index": 0, "source_step": 1, "observed_return": 1.0, "context_tokens": 1067, "compute_tokens": 1111, "query_tokens": 225, "root_effect": 0.24997016787528992, "signed_sum": 0.22391646076633415, "conservation_residual": 0.02605370710895577, "conservation_tolerance": 0.02, "conservation_verified": false, "owner_batch_index": 2, "source_log_ratio_min": -0.028903027771814777, "source_log_ratio_max": 0.0643865920852401, "source_log_ratio_min_index": 3, "source_log_ratio_max_index": 0, "factual_target_logp": -0.14134883880615234, "reference_target_logp": -0.39131900668144226}, "traj_uid": "1107f84f-104b-4185-97e5-ad2d73b9c9a1", "observed_return": 1.0, "source_start": 780, "source_end": 841, "selected_input_ids": [248045, 8678, 198, 2523, 513, 1167, 16451, 11, 3354, 539, 52540, 14388, 13, 1394, 513, 264, 10631, 17313, 13, 248046, 198, 248045, 846, 198, 2523, 513, 2574, 2342, 5222, 42607, 18066, 310, 10453, 3470, 303, 38898, 13, 93818, 10966, 513, 314, 279, 3443, 328, 7468, 498, 5480, 1576, 60, 1608, 498, 1307, 13565, 60, 3158, 198, 11179, 4625, 353, 668, 2873, 488, 449, 21254, 11, 488, 599, 310, 5707, 449, 1852, 3018, 383, 279, 1528, 321, 7359, 13, 1394, 628, 328, 447, 1, 449, 1576, 318, 36859, 8, 494, 279, 14991, 466, 279, 4424, 11, 1353, 5072, 279, 1746, 14991, 539, 328, 30075, 487, 466, 328, 7468, 1, 318, 5480, 8, 1608, 866, 314, 279, 42607, 10966, 13, 198, 7525, 2468, 1902, 24660, 1732, 411, 3443, 2879, 81266, 25, 198, 21061, 10976, 13, 271, 2432, 25, 198, 21061, 1727, 1852, 1, 271, 92065, 25, 695, 16, 13, 22516, 13441, 279, 11846, 948, 1608, 328, 447, 1, 321, 328, 7468, 1, 10966, 13, 471, 12996, 314, 615, 25, 615, 220, 16, 166007, 62259, 22864, 471, 12996, 16, 314, 10453, 25, 10453, 220, 16, 6105, 51735, 1608, 220, 16, 166007, 62259, 22864, 471, 12996, 17, 314, 10453, 25, 10453, 220, 16, 20117, 71670, 1608, 220, 23, 6414, 78960, 447, 11, 220, 16, 71670, 198, 17, 13, 3095, 1608, 328, 447, 1, 3108, 11, 635, 524, 13441, 3315, 279, 1455, 3905, 494, 279, 14991, 466, 279, 4424, 13, 198, 18, 13, 1394, 628, 958, 25835, 42607, 10966, 3766, 11, 635, 524, 958, 678, 1765, 42607, 10966, 13, 4213, 11, 413, 279, 42607, 3108, 5533, 264, 13553, 23980, 1040, 328, 490, 3903, 487, 488, 628, 958, 3175, 4346, 314, 279, 1788, 23980, 378, 1257, 13, 328, 21921, 36620, 609, 3903, 1, 303, 279, 3108, 4370, 13, 271, 248046, 198, 248045, 74455, 198, 3793, 13, 353, 3172, 1732, 678, 10895, 321, 1380, 821, 1786, 310, 11290, 279, 3274, 13, 248046, 198, 248045, 846, 198, 37563, 286, 10966, 25, 198, 7468, 220, 16, 2682, 1516, 286, 10267, 263, 15511, 1608, 220, 23, 6414, 78960, 447, 11, 220, 16, 10267, 263, 15511, 198, 7468, 220, 16, 10267, 263, 18483, 1608, 220, 16, 10267, 263, 15511, 198, 7468, 220, 16, 10267, 263, 1608, 220, 24, 10267, 263, 15511, 271, 38663, 25, 10453, 10267, 263, 13, 248046, 198, 248045, 74455, 198, 248068, 271, 248069, 271, 81266, 25, 695, 760, 5614, 369, 310, 10453, 220, 16, 10267, 263, 13, 10235, 310, 279, 3766, 18066, 11, 353, 1144, 220, 24, 10267, 263, 33120, 310, 10453, 220, 16, 10267, 263, 13, 9785, 1381, 11, 353, 599, 874, 3470, 303, 821, 14991, 13, 353, 1144, 310, 20604, 10267, 263, 33120, 1118, 539, 3583, 1070, 494, 279, 14991, 466, 4424, 13, 5788, 279, 10895, 1910, 524, 310, 13441, 279, 2450, 364, 279, 328, 447, 1, 3108, 11, 279, 2029, 421, 353, 599, 220, 15, 33120, 23197, 781, 513, 524, 4862, 303, 264, 5436, 353, 628, 1066, 1831, 1973, 11846, 13, 4213, 11, 3221, 506, 5129, 38898, 11870, 466, 13852, 1228, 24481, 11, 413, 279, 1455, 4290, 914, 9711, 11, 353, 2493, 1144, 310, 1353, 685, 279, 14991, 1118, 310, 7440, 279, 11846, 314, 10267, 263, 33120, 2420, 11, 466, 9370, 279, 1852, 7225, 42764, 1070, 13, 15767, 279, 7077, 3443, 321, 279, 6639, 314, 2763, 14991, 1528, 303, 279, 9640, 1414, 318, 3138, 279, 3108, 1103, 369, 1017, 681, 353, 668, 1380, 310, 615, 10267, 263, 33120, 13, 8439, 353, 1459, 914, 1366, 279, 4581, 1698, 2420, 11, 353, 668, 1380, 310, 615, 264, 11846, 421, 5954, 42607, 11, 864, 369, 220, 24, 13, 1921, 264, 5902, 1229, 369, 310, 1716, 14991, 1118, 413, 353, 1362, 11, 694, 279, 9640, 23197, 353, 1151, 440, 4161, 321, 1902, 7560, 13, 6558, 579, 9370, 353, 628, 7560, 279, 2483, 220, 24, 10267, 263, 33120, 5774, 413, 781, 513, 2420, 303, 279, 4424, 11, 466, 353, 1144, 310, 615, 1070, 799, 539, 799, 30, 561, 9640, 9989, 364, 328, 447, 1, 1066, 1910, 328, 447, 498, 1163, 60, 3158, 31874, 11, 303, 1439, 4346, 314, 11870, 44969, 11, 488, 615, 279, 3050, 3202, 4221, 413, 279, 2450, 369, 25910, 466, 488, 615, 279, 1866, 2420, 13, 6558, 579, 1380, 310, 615, 220, 24, 10267, 263, 33120, 310, 10046, 440, 279, 10453, 13, 271, 2432, 25, 198, 81266, 25, 353, 1144, 10267, 263, 33120, 310, 10453, 279, 10267, 263, 13, 353, 1459, 914, 599, 866, 3482, 13, 353, 668, 615, 220, 24, 10267, 263, 33120, 494, 279, 14991, 466, 4424, 13, 198, 2432, 25, 198, 447, 220, 24, 10267, 263, 15511, 248046, 198, 248045, 846, 198, 1401, 25, 8020, 799, 359, 2432, 6, 369, 5252, 791, 1965, 13, 5044, 7265, 678, 1965, 13, 248046, 198, 248045, 74455, 198, 248068, 271, 248069, 271, 81266, 25, 198, 40, 1144, 310, 6637, 220, 24, 10267, 263, 33120, 310, 10453, 220, 16, 10267, 263, 13, 8439, 353, 4862, 599, 220, 15, 10267, 263, 33120, 11, 353, 1220, 958, 279, 328, 447, 1, 3108, 310, 20604, 1070, 494, 279, 4424, 466, 14991, 13, 198, 2432, 25, 198, 447, 220, 24, 10267, 263, 15511, 248046, 248046, 198, 248045, 846, 198, 23446, 38523, 460, 17071, 364, 2824, 37563, 13, 561, 36497, 1414, 369, 279, 4581, 8057, 8978, 11, 1238, 9191, 314, 279, 1428, 1965, 682, 9202, 11, 10451, 506, 1141, 3817, 3798, 13, 3054, 524, 4089, 411, 17071, 1622, 430, 449, 4424, 1852, 13, 36541, 279, 4424, 6849, 8427, 421, 1965, 430, 45374, 321, 1179, 13942, 440, 411, 1788, 4687, 11, 1608, 1439, 4880, 343, 3950, 44, 24102, 4868, 25, 5046, 2721, 27896, 763, 20, 16, 17, 1288, 33413, 763, 16, 13, 15, 7563, 561, 1428, 15752, 369, 220, 17, 26, 279, 8961, 5954, 220, 18, 15, 21207, 13, 31625, 279, 29732, 314, 660, 3813, 20511, 494, 279, 1428, 15752, 1472, 279, 809, 314, 411, 8961, 11, 440, 10766, 220, 16, 13, 95074, 6575, 20511, 13, 561, 9575, 42607, 4424, 6486, 220, 16, 948, 279, 10897, 5614, 369, 16496, 321, 10029, 279, 8961, 26, 660, 6575, 21207, 2873, 220, 15, 13, 22044, 21835, 466, 67205, 314, 279, 15752, 75108, 7786, 11039, 874, 4799, 10986, 26, 21207, 421, 2496, 11822, 16300, 6942, 13, 27295, 318, 1448, 25, 38523, 460, 1590, 220, 15, 25, 220, 15, 318, 32817, 524, 16496, 1518, 279, 8961, 10029, 1174, 220, 16, 25, 220, 16, 318, 31724, 42607, 4424, 6473, 5614, 16496, 553, 3301, 1132, 279, 5407, 2306, 13, 248046, 198, 248045, 74455, 198, 248068, 271, 248069, 271, 16], "source_signed": [0.0643865920852401, 0.02434478117830706, 0.03813340305610327, -0.028903027771814777, -0.0014042379804323664, 0.0067108109577973495, 0.0009019740008161348, 0.008120969330691879, 0.002153932261529337, 7.675184625021629e-05, -0.0020296689852526677, -0.003168959037431952, -0.0010437329826998836, 0.0010336256822535746, 0.0017605830643509447, 0.0008600987538223315, 0.0011560013609790934, 0.00024828442149115414, 0.0010456857749221297, 0.008379960571434614, 0.0057543180301154045, 0.0036870369834522405, -0.0013712395505580104, -0.002408347497648901, 0.0001690276883888843, 0.0021766494096604515, 0.0013933787997215275, -0.0054996403982795865, 0.009880681432299594, -0.0002764680382087593, 0.0026361385714018977, 0.0038352217407151166, -0.0001069958462992706, -8.833411287183235e-05, -0.0012808230298418152, -0.004888099793426618, 0.0012086881030209586, 0.002681226760860892, 0.0037320574399602856, 0.0032494689945547885, 0.0023728656375428, 0.002324295599788029, 0.0034085404961742014, -0.0011845108392174678, -0.00037813679991936626, 0.0024120077218477204, -0.0048485084169820935, -0.0038469704278437282, -0.0028183566194514478, -0.000996559258346152, 0.009511671559681191, 0.015540716472665217, 0.004262848119991228, 0.007601577013280137, 0.016744873545781143, 0.002356884701711885, 0.006051027137758335, 0.004205498164150164, 0.006664877146992361, 0.007284046535355193, 0.0]}, {"trace": {"episode_index": 0, "source_step": 0, "observed_return": 1.0, "context_tokens": 1084, "compute_tokens": 1111, "query_tokens": 225, "root_effect": -0.1611068695783615, "signed_sum": -0.14835100353968517, "conservation_residual": -0.012755866038676344, "conservation_tolerance": 0.02, "conservation_verified": true, "owner_batch_index": 2, "source_log_ratio_min": -0.12650727245019439, "source_log_ratio_max": 0.025697513598301823, "source_log_ratio_min_index": 0, "source_log_ratio_max_index": 398, "factual_target_logp": -0.37767788767814636, "reference_target_logp": -0.21657101809978485}, "traj_uid": "e9a6e6c6-db7b-44b9-a62a-c228702c87f6", "observed_return": 1.0, "source_start": 345, "source_end": 858, "selected_input_ids": [248045, 8678, 198, 2523, 513, 1167, 16451, 11, 3354, 539, 52540, 14388, 13, 1394, 513, 264, 10631, 17313, 13, 248046, 198, 248045, 846, 198, 2523, 513, 2574, 2342, 5222, 42607, 18066, 310, 10453, 3470, 303, 38898, 13, 93818, 10966, 513, 314, 279, 3443, 328, 7468, 498, 5480, 1576, 60, 1608, 498, 1307, 13565, 60, 3158, 198, 11179, 4625, 353, 668, 2873, 488, 449, 21254, 11, 488, 599, 310, 5707, 449, 1852, 3018, 383, 279, 1528, 321, 7359, 13, 1394, 628, 328, 447, 1, 449, 1576, 318, 36859, 8, 494, 279, 14991, 466, 279, 4424, 11, 1353, 5072, 279, 1746, 14991, 539, 328, 30075, 487, 466, 328, 7468, 1, 318, 5480, 8, 1608, 866, 314, 279, 42607, 10966, 13, 198, 7525, 2468, 1902, 24660, 1732, 411, 3443, 2879, 81266, 25, 198, 21061, 10976, 13, 271, 2432, 25, 198, 21061, 1727, 1852, 1, 271, 92065, 25, 695, 16, 13, 22516, 13441, 279, 11846, 948, 1608, 328, 447, 1, 321, 328, 7468, 1, 10966, 13, 471, 12996, 314, 615, 25, 615, 220, 16, 166007, 62259, 22864, 471, 12996, 16, 314, 10453, 25, 10453, 220, 16, 6105, 51735, 1608, 220, 16, 166007, 62259, 22864, 471, 12996, 17, 314, 10453, 25, 10453, 220, 16, 20117, 71670, 1608, 220, 23, 6414, 78960, 447, 11, 220, 16, 71670, 198, 17, 13, 3095, 1608, 328, 447, 1, 3108, 11, 635, 524, 13441, 3315, 279, 1455, 3905, 494, 279, 14991, 466, 279, 4424, 13, 198, 18, 13, 1394, 628, 958, 25835, 42607, 10966, 3766, 11, 635, 524, 958, 678, 1765, 42607, 10966, 13, 4213, 11, 413, 279, 42607, 3108, 5533, 264, 13553, 23980, 1040, 328, 490, 3903, 487, 488, 628, 958, 3175, 4346, 314, 279, 1788, 23980, 378, 1257, 13, 328, 21921, 36620, 609, 3903, 1, 303, 279, 3108, 4370, 13, 271, 248046, 198, 248045, 74455, 198, 3793, 13, 353, 3172, 1732, 678, 10895, 321, 1380, 821, 1786, 310, 11290, 279, 3274, 13, 248046, 198, 248045, 846, 198, 37563, 286, 10966, 25, 198, 7468, 220, 16, 18788, 9561, 1608, 220, 24, 9561, 271, 38663, 25, 10453, 18788, 9561, 13, 248046, 198, 248045, 74455, 198, 248068, 271, 248069, 271, 81266, 25, 561, 5614, 369, 310, 10453, 220, 16, 18788, 9561, 13, 561, 2420, 10793, 369, 25, 10453, 220, 16, 18788, 9561, 1608, 220, 24, 9561, 13, 1946, 635, 411, 11, 353, 1118, 1144, 310, 6637, 220, 24, 9561, 13, 561, 21254, 1503, 524, 1103, 866, 9561, 303, 279, 14991, 11, 748, 353, 1902, 615, 424, 13, 353, 668, 9370, 220, 16, 9561, 369, 314, 13613, 913, 14, 10160, 310, 1698, 430, 449, 23980, 4821, 318, 269, 421, 279, 4424, 5529, 424, 553, 561, 1379, 19214, 1118, 2923, 369, 310, 5790, 353, 599, 279, 13565, 13, 561, 3108, 92679, 364, 359, 447, 6, 303, 279, 9640, 12846, 14131, 440, 7896, 13, 353, 668, 4621, 310, 615, 220, 24, 7896, 314, 9561, 310, 19800, 279, 15808, 364, 279, 42607, 3108, 6849, 11, 24725, 279, 4424, 466, 14991, 5954, 46616, 411, 11846, 466, 421, 359, 447, 6, 628, 7560, 279, 5689, 3202, 413, 2420, 303, 279, 13522, 50976, 13, 1368, 24660, 799, 1455, 628, 381, 29413, 506, 264, 854, 11, 353, 1000, 1144, 220, 24, 18937, 11, 694, 3428, 1439, 49219, 2070, 42764, 279, 2483, 11846, 466, 9370, 279, 1455, 369, 15156, 13, 6558, 579, 1380, 310, 615, 279, 2483, 3202, 5774, 466, 1066, 220, 16, 413, 279, 1785, 23535, 264, 3074, 54476, 2923, 321, 279, 2645, 369, 5939, 466, 1669, 2843, 13, 15767, 279, 7077, 3443, 328, 447, 498, 13132, 60, 498, 1163, 18503, 321, 279, 10793, 7225, 220, 24, 11, 353, 668, 1380, 310, 615, 220, 24, 9561, 13, 1368, 279, 4424, 1132, 6486, 220, 16, 11, 353, 668, 615, 220, 16, 321, 1179, 279, 1727, 2404, 318, 7949, 369, 524, 1532, 694, 44213, 8, 1000, 615, 777, 13, 4213, 11, 310, 381, 5902, 321, 1732, 279, 328, 447, 449, 1576, 1, 7359, 864, 2493, 32396, 42764, 1092, 369, 4221, 466, 1092, 369, 22746, 25, 353, 668, 1716, 413, 353, 628, 615, 279, 3050, 11846, 13, 561, 7359, 2640, 328, 447, 449, 1576, 1076, 13441, 11846, 3158, 6558, 579, 1380, 310, 615, 220, 24, 9561, 13, 271, 13784, 11, 3221, 506, 5129, 38898, 28079, 321, 1439, 4346, 314, 49219, 11, 5802, 3470, 513, 12405, 685, 799, 539, 799, 466, 264, 11540, 369, 12405, 685, 13, 1368, 353, 1910, 328, 447, 220, 24, 9561, 487, 321, 1017, 369, 1132, 220, 16, 11, 424, 2493, 3564, 466, 1066, 2873, 220, 16, 13, 1921, 3428, 303, 1439, 1414, 3739, 11, 328, 447, 443, 1543, 1, 4138, 413, 443, 1543, 369, 2420, 13, 1368, 424, 579, 524, 2420, 303, 18985, 11, 353, 2493, 1066, 615, 220, 16, 13, 6558, 579, 311, 27864, 25, 328, 447, 449, 1576, 318, 36859, 8, 494, 279, 14991, 466, 279, 4424, 3158, 1049, 3070, 914, 1910, 353, 628, 1132, 615, 220, 16, 13, 353, 668, 1380, 310, 615, 220, 24, 9561, 310, 1436, 413, 424, 4138, 11, 466, 413, 353, 1220, 1066, 615, 220, 16, 13, 32645, 11, 3221, 506, 279, 328, 92065, 220, 16, 487, 424, 2640, 328, 35865, 13441, 279, 11846, 1076, 12996, 314, 615, 25, 615, 220, 16, 166007, 62259, 22864, 3158, 1049, 5533, 248046, 248046, 198, 248045, 846, 198, 23446, 38523, 460, 17071, 364, 2824, 37563, 13, 561, 36497, 1414, 369, 279, 4581, 8057, 8978, 11, 1238, 9191, 314, 279, 1428, 1965, 682, 9202, 11, 10451, 506, 1141, 3817, 3798, 13, 3054, 524, 4089, 411, 17071, 1622, 430, 449, 4424, 1852, 13, 36541, 279, 4424, 6849, 8427, 421, 1965, 430, 45374, 321, 1179, 13942, 440, 411, 1788, 4687, 11, 1608, 1439, 4880, 343, 3950, 44, 24102, 4868, 25, 5046, 2721, 27896, 763, 20, 16, 17, 1288, 33413, 763, 16, 13, 15, 7563, 561, 1428, 15752, 369, 220, 16, 26, 279, 8961, 5954, 220, 18, 15, 21207, 13, 31625, 279, 29732, 314, 660, 3813, 20511, 494, 279, 1428, 15752, 1472, 279, 809, 314, 411, 8961, 11, 440, 10766, 220, 16, 13, 95074, 6575, 20511, 13, 561, 9575, 42607, 4424, 6486, 220, 16, 948, 279, 10897, 5614, 369, 16496, 321, 10029, 279, 8961, 26, 660, 6575, 21207, 2873, 220, 15, 13, 22044, 21835, 466, 67205, 314, 279, 15752, 75108, 7786, 11039, 874, 4799, 10986, 26, 21207, 421, 2496, 11822, 16300, 6942, 13, 27295, 318, 1448, 25, 38523, 460, 1590, 220, 15, 25, 220, 15, 318, 32817, 524, 16496, 1518, 279, 8961, 10029, 1174, 220, 16, 25, 220, 16, 318, 31724, 42607, 4424, 6473, 5614, 16496, 553, 3301, 1132, 279, 5407, 2306, 13, 248046, 198, 248045, 74455, 198, 248068, 271, 248069, 271, 16], "source_signed": [-0.12650727245019439, -0.05138310536948141, -0.001660605481916812, -0.041076843508974795, 0.012148892882202025, 0.013637767059539292, -0.002323893772807454, 0.0030085923985950936, 0.0011215637476859061, 0.002547715022712847, 0.0029405414905753907, -0.006457773248650713, 0.0017338299239557733, 0.0034324247816615175, 0.0006133464858677877, 0.00032941106217133616, -0.0052747950232675785, 0.004606913304239671, 0.00289708337042269, 0.0026785181171731483, 0.0018172102447580928, 0.0050774001129856305, -0.0020352365034446646, -0.0003790476445299832, -0.00016017805238902148, 0.000406937523399431, 0.0008446860447267697, -0.011523755819939877, 0.002640270765909297, 0.004072400254153306, 0.000347154283882926, 0.0017024626465710906, 0.0010358637599708056, 0.0020465939929212884, 0.0035448192536231575, -0.0005124305876962906, -0.0015319595613236866, 0.0010646702676685793, -0.0004329217916959672, 0.00045886101727803975, 0.003305805288273625, 0.0032742027397826353, 0.00020657807899055044, -0.002281675886019307, 0.0007306990389413586, 0.012275229054594057, -0.001205006855440548, 0.0012393838303858512, 0.0018145192924184333, 0.004201114682372121, 0.002156626338219332, -0.000682964622243119, -0.002877969340984662, -0.0021573393877496044, -0.00244463745826719, 0.0015784144334326153, 0.0042563058425232805, 0.0024617224776376043, 0.0015013364281608057, 0.001304904645446385, -0.001615049203858786, -0.002443984126790342, 0.0009138968363372412, 0.004701815210104892, -0.0010652669020346246, 0.00011609302859190494, 0.004682326809007936, -3.8143584328742975e-05, 0.0009158951441149423, 0.0010523610655552118, -0.003106294674058985, 0.0008173322808579025, -0.0007521253827322324, 0.0010398375022185164, -0.0017341638994078225, -0.0004046027531421552, -0.00024258988303471184, -0.0041792084660137105, -0.0004404084066838163, 0.0007296878976401177, 0.00016926156456603116, 0.002535668025650179, 9.107439249548117e-05, 0.0029799246340219314, 0.004335251138205635, 0.0009396153564526336, 0.0003922006296770258, -0.0006479154537522085, 0.0023018519320863167, -0.003939515972588495, 0.0026181377502465684, 0.0015481252933448788, 0.0004461429263901129, -0.0007724086818760088, -0.0006888305628660828, -0.0021655850724707822, 0.00027084889660254456, 0.0004730114423026793, -0.0012060148657753985, 0.0007130973355256734, 0.0016111626138517903, -0.0017139498566310263, -0.0030643416773241186, 0.0009051616504730262, -0.0013245280379218377, -0.0005011849763715181, -0.0015738058135585382, -0.002225080230602356, -0.0024804950052351427, -0.004540335521202517, 0.004495680426927658, 0.00019454869540239767, 0.0014018886674589705, 0.0008786180529348716, -0.0014141823631074455, 0.0014318367616985034, -0.0004245445426099922, -0.0004366547573658435, 0.003493713528004711, 0.000783151765982618, -0.00044533803762630397, 0.0050746038858772505, -0.0009594740517653248, 0.0012470190227030975, 0.0021003462702608037, 8.769108945899467e-05, -0.0006631634548570492, -0.0013621654015440686, -0.00247562399332854, 0.0010384235819031222, 0.0016244774962317185, 0.002264093590009957, 0.0016672605958269922, 0.006024397908394522, -0.0008959805707226978, 0.002665137490215276, -0.0002816033243598469, 0.0010623731172043262, -0.0007789748081943209, -0.0030928301385359054, 0.0004641737625881966, -0.002124407572272568, 0.0005850425348732501, 0.004052639585084563, 0.0006311672677842392, 0.0008416147421864849, 0.001161973081925673, -0.0003684244382276458, -0.0005672084523592534, -0.0016765821691657793, 0.0003952986083856683, 0.0006254046103886321, -0.0009884455131880447, 0.0023967171639072806, -0.0017780313731839005, -0.0022705293628061864, -0.0011871307565391805, -0.0009096642591380146, 0.0016242905904917905, -2.564005738996556e-06, -0.001393801632981007, 0.0030276631765698107, 0.0026365383665044075, -0.0006731621922667808, -0.0017654298517261868, 0.0010168972254595552, 0.0023460529601784753, 0.000851884547239971, -0.001854509209337009, -0.0075745687307781015, 0.002741605085149353, -0.0005370315486115703, 0.0029547363755819244, 0.001082066712712668, -0.00043582813619042014, 0.0024718555308596056, 0.0027867238502704483, 0.002362258793724422, 0.0005779949874032133, 0.0004954432917999496, 0.001152981474869746, -0.0021510756208281308, -0.007196170390151791, 0.0009887189568406176, 0.0018718741878719835, 0.0007524853379510329, 0.0005867996598640946, 0.0003185907643936557, -0.0013262568757520272, 0.0031903121293099883, 0.00044515977144090024, -0.0007840052240893239, -0.0005662472499052337, -0.0022945042655507183, -0.0008232025336377712, 0.0014618587301444075, -0.0015147202100723603, -0.00040812890734576537, 0.00040994357503187874, 0.0011025949824506867, 6.476670697381999e-05, -0.0008215097693639868, 0.0036489530882658863, -0.0002688754679054063, 0.00018689396443670112, 6.344614815166605e-05, -0.0004019054516915863, 0.0011544977079049601, -0.0014084709200743867, -0.0002619484924801091, -0.0026961007868868915, 0.002371806852809295, 1.2500929862896621e-05, 0.0006759545072631767, -2.9867735648743572e-05, 0.0026830586912972455, 0.00142806187274521, 0.0008045049552860316, -0.00039379558135840646, 0.0006128060864650466, 0.000500259552085101, -0.0005324505087881291, 0.0020294588073017624, 0.006498966258069309, 0.00040403234612487824, -0.0008352692172711841, -0.0009692443959350399, -0.0018005937251999774, -0.0005006722008545151, -0.0023087771378174733, -0.001707316858213302, -0.0012522362156709983, 0.0017311515876000955, 0.00013387528165164264, -0.000354842025259359, -0.002593958074482006, -0.0032261815144376906, 0.001578252560812879, 0.0017797915362486685, -0.0015575617645816736, -0.0004730614113061067, -0.0001920603230326549, 0.0011416466807907073, -0.00035604511028033135, 0.0016675653534754115, 0.001172164019462353, 0.0007876286193314397, 0.000740339446162593, 0.0008753629342489987, 0.0005604696917311064, 0.0005931790229535771, 0.0008135844408903633, 0.00030600118115449524, 0.001001313439527511, 0.0018746085235056577, 0.002588437132720724, 7.972882394847541e-05, 0.00362327907271999, -0.0009742591997070669, 0.0003998690007139668, -0.000936020099829887, -0.0010383814238795418, 0.0010464356234549477, -0.0008469722888336563, -0.0025078563000568927, -0.0004982601114260373, -0.0003855328211755222, 0.0016579442830932847, 0.0020433259368339467, 0.008846164047738653, 0.002255928820780435, 0.0008033429406398497, -0.000219992491596324, 0.0003676388653337196, -0.002184759127055713, -0.00039654900343059777, -0.00016651155602508648, 0.0028312611929478156, 0.001300831417118609, -0.0016076006045356679, 0.00023440088864493938, 0.0005953337712107094, -0.0012097177996834609, -0.0065970199131130045, -0.0015444405468055544, -0.000726698144405769, -0.0001027219584836109, -0.0004286151958449117, -0.0005351195095485576, -0.003310768654502849, -0.0007615435594519578, 0.00037852977664314374, -0.0017293600362619074, -0.0034840657148493817, 0.0007936265305880995, -0.0010128216864445801, -0.0026921139838752446, -0.0020889327955593232, 0.0007888349971218829, -0.00013294564209531483, -0.001010425004111904, -0.00029341870992926873, 0.0002032243459809827, 0.0004978084836483824, -0.0008972183097834936, 0.00047170691126127446, -0.0007604406198839174, -0.0017154942018271432, -7.557510576911616e-05, 0.0014819761842969287, 0.0019493761849621093, -0.0007571725588668707, 0.0007670708138373394, 0.0021564555679979133, 0.0005534331341475488, 0.0006716835049451809, 0.001317700602688238, -0.0012055397766139496, -0.0012803427923436667, -0.0005138725392143012, 7.648416798157872e-05, -0.004910273523096146, 0.0008034824836019566, -0.0011999319377410892, -0.001044934260101748, -0.00206921940438957, 0.0011975513683333827, -0.0004878748294238782, -0.001503156374165489, -0.0023156981321836826, -0.0028847401836869253, -0.002262476821016343, -0.0002402586347250756, 0.0011040319822993687, 0.0009019203809542912, 0.0012921275602296375, 0.001153211430526783, 0.0020675899191522806, -0.0007327123168065558, -0.0017843830002400602, -3.3271157454223136e-05, -0.015919960492056465, -0.0009082326459103614, -0.0007751240781258555, -0.0008668156991003722, -0.0026402714697252366, 0.005526159487777316, -0.0005823802660126411, 0.003627171130949814, 0.004178984334793787, -0.00097439457584143, 0.005756219474330405, -0.007526992717221478, -0.0022262627123913227, 0.004957630410214862, -0.00019964937718867752, 0.001425477624639882, -0.0007649308509828064, -0.0022883166300108424, 0.0025393114713961563, 0.001437148262757716, 0.0011585213403665165, -0.0003572725231421404, 0.00147821593807693, 0.004813573931022807, 0.0008791283312668671, -2.4890156399050463e-05, -0.00012222977545436626, 0.0014099799787170224, 0.0031351767089569816, 0.001241820300826743, -0.0017788031935230889, 2.609709637823839e-05, 0.0005160612066541833, -2.2742600329228352e-05, -0.0002473858160153594, -0.0005704792229526902, -0.0006461693695931046, -0.0013769082032828448, 0.0012866513330082685, -4.552826181415269e-05, -0.0016696812809326672, 0.0006767056198572987, -0.002574300789896732, -0.0025139825022048442, 0.0030724523375026984, 0.0007620896385655569, 0.006494469257160206, 0.0010485557799375519, -0.0002073256360107809, 0.003509086433117025, 6.516339160308272e-05, 0.0010162616275718047, 9.36402453109999e-05, 0.003004557465345784, -0.000957107883841549, 0.0007220070793988258, 0.011663072515009141, 0.025697513598301823, -0.0030980852340577424, -0.00042647518738292856, -3.450554300217512e-05, -0.0009575710296065012, -0.0030157776719978626, -0.003835900544089352, -3.5203324552556415e-05, 0.0017254830069625858, -0.0024715940158921415, -0.00010760857456645163, -0.0021071641772237417, -0.00010546379866270745, 0.002229701357604733, 0.00010607545070963125, 0.0012432473556511189, -0.0008058868127301914, -0.0006376861460389638, -0.002076969025961598, 0.0009614365129772713, 0.0007170767302754058, 0.001367241216327571, -0.002516872263798811, -0.001591552178279091, 0.0020767025851644895, 0.0025639955285143134, 0.0014994076605944085, -0.004867642027027466, 0.0009250841138989132, -0.002512850997755805, -0.009428882840948411, -0.003729909444569764, -0.0008928841840682338, 0.0029021279787565524, -0.001710042261270413, 0.0011991924897245048, -0.00024345555616073732, 0.00033827036214838517, -0.001295937581439313, 0.00017264082471857723, 0.002037110796769711, -0.0006625080793086992, 0.0011201119079055186, 0.0023647451598856426, 0.0027484651697955364, 0.00011000174892083928, 0.002981822938068711, 9.323668496447838e-05, 0.0014151783094805384, 4.055766122665425e-05, -0.001741737216660708, 0.003012276375062106, 0.001607166478626956, 0.0018543637824313336, 0.0032002835926618683, 0.0017544748815328918, -0.0006124457550967383, -0.0008084765121868997, 0.0003333629415655109, 0.001291075520781323, -0.0005775198058220034, 0.001298811597777061, -9.169449902589593e-05, 0.0004258340574168386, -0.0006693582949513907, 0.004215132714789719, 0.0010229957742407172, -0.0012159727817246356, 0.002008633589723271, 0.0008048526949881291, 0.0006314523703947854, 0.0026000163953350574, -0.0017907355362408442, 0.00063018030263413, -0.002538232924756082, 9.999160079067742e-06, 0.0006225319272026297, -0.000782933415517841, 0.0010326564761897585, -0.0004605670219681394, -0.0006509131210481716, -0.001433736076316281, 0.0011066349951442019, -0.00395564794833489, 0.005211849875404397, -0.003014984478157114, 0.000392899261423876, -0.0020330885192010083, 0.001205540259801032, 0.007627899941657253, 0.0008126641946878288, -0.0007944867732720519, 0.005610900440692966, -0.0005899329045505135, 0.0005905221899381828, 0.000670322136099973, 0.0060065144618841396, -0.0015940838997870132, -0.001832521107864908, -0.0020301916669617174, -0.0016429305549500138, -0.009684117608705408, -0.0052822612667941665, -0.001718087608578685, 0.0013978841721569491, 0.0019995220755691465, -0.006694460090993023, -0.005113719072963426, -0.002638862288253557, 0.00325351010419246, -0.0038445769264018603, -0.0021042252882375947, -0.009225925419694445, -0.04991625786830634, 0.0]}, {"trace": {"episode_index": 0, "source_step": 2, "observed_return": 1.0, "context_tokens": 1111, "compute_tokens": 1111, "query_tokens": 225, "root_effect": 0.05276186764240265, "signed_sum": 0.05733435753205954, "conservation_residual": -0.004572489889656889, "conservation_tolerance": 0.02, "conservation_verified": true, "owner_batch_index": 2, "source_log_ratio_min": -0.005849645087877481, "source_log_ratio_max": 0.017948685215567833, "source_log_ratio_min_index": 3, "source_log_ratio_max_index": 0, "factual_target_logp": -0.08345814049243927, "reference_target_logp": -0.13622000813484192}, "traj_uid": "0db660e5-2daf-4f69-8ada-c80f7e5e0ec7", "observed_return": 1.0, "source_start": 753, "source_end": 885, "selected_input_ids": [248045, 8678, 198, 2523, 513, 1167, 16451, 11, 3354, 539, 52540, 14388, 13, 1394, 513, 264, 10631, 17313, 13, 248046, 198, 248045, 846, 198, 2523, 513, 2574, 2342, 5222, 42607, 18066, 310, 10453, 3470, 303, 38898, 13, 93818, 10966, 513, 314, 279, 3443, 328, 7468, 498, 5480, 1576, 60, 1608, 498, 1307, 13565, 60, 3158, 198, 11179, 4625, 353, 668, 2873, 488, 449, 21254, 11, 488, 599, 310, 5707, 449, 1852, 3018, 383, 279, 1528, 321, 7359, 13, 1394, 628, 328, 447, 1, 449, 1576, 318, 36859, 8, 494, 279, 14991, 466, 279, 4424, 11, 1353, 5072, 279, 1746, 14991, 539, 328, 30075, 487, 466, 328, 7468, 1, 318, 5480, 8, 1608, 866, 314, 279, 42607, 10966, 13, 198, 7525, 2468, 1902, 24660, 1732, 411, 3443, 2879, 81266, 25, 198, 21061, 10976, 13, 271, 2432, 25, 198, 21061, 1727, 1852, 1, 271, 92065, 25, 695, 16, 13, 22516, 13441, 279, 11846, 948, 1608, 328, 447, 1, 321, 328, 7468, 1, 10966, 13, 471, 12996, 314, 615, 25, 615, 220, 16, 166007, 62259, 22864, 471, 12996, 16, 314, 10453, 25, 10453, 220, 16, 6105, 51735, 1608, 220, 16, 166007, 62259, 22864, 471, 12996, 17, 314, 10453, 25, 10453, 220, 16, 20117, 71670, 1608, 220, 23, 6414, 78960, 447, 11, 220, 16, 71670, 198, 17, 13, 3095, 1608, 328, 447, 1, 3108, 11, 635, 524, 13441, 3315, 279, 1455, 3905, 494, 279, 14991, 466, 279, 4424, 13, 198, 18, 13, 1394, 628, 958, 25835, 42607, 10966, 3766, 11, 635, 524, 958, 678, 1765, 42607, 10966, 13, 4213, 11, 413, 279, 42607, 3108, 5533, 264, 13553, 23980, 1040, 328, 490, 3903, 487, 488, 628, 958, 3175, 4346, 314, 279, 1788, 23980, 378, 1257, 13, 328, 21921, 36620, 609, 3903, 1, 303, 279, 3108, 4370, 13, 271, 248046, 198, 248045, 74455, 198, 3793, 13, 353, 3172, 1732, 678, 10895, 321, 1380, 821, 1786, 310, 11290, 279, 3274, 13, 248046, 198, 248045, 846, 198, 37563, 286, 10966, 25, 198, 7468, 220, 19, 7894, 10208, 30129, 1608, 220, 21, 7894, 10208, 609, 3903, 198, 7468, 220, 19, 7894, 10208, 609, 3903, 1608, 220, 16, 7894, 10208, 17872, 198, 7468, 220, 16, 7894, 10208, 7035, 11629, 1608, 220, 17, 7894, 10208, 609, 3903, 198, 7468, 220, 18, 7894, 10208, 23873, 1608, 220, 17, 8941, 11, 220, 19, 7894, 10208, 609, 3903, 198, 7468, 220, 16, 7894, 10208, 14882, 1608, 220, 20, 7894, 10208, 609, 3903, 198, 7468, 220, 21, 7894, 10208, 52853, 1608, 220, 18, 7894, 10208, 609, 3903, 198, 7468, 220, 16, 7894, 10208, 3037, 1608, 220, 16, 7894, 10208, 609, 3903, 198, 7468, 220, 18, 7894, 10208, 1777, 1608, 220, 21, 7894, 10208, 609, 3903, 11, 220, 16, 8941, 271, 38663, 25, 10453, 7894, 10208, 7035, 11629, 13, 248046, 198, 248045, 74455, 198, 248068, 271, 248069, 271, 81266, 25, 198, 760, 5614, 369, 310, 10453, 220, 16, 7894, 10208, 7035, 11629, 13, 10235, 310, 279, 3766, 18066, 11, 42607, 220, 16, 7894, 10208, 7035, 11629, 7225, 220, 17, 7894, 10208, 609, 3903, 13, 353, 1459, 914, 599, 866, 7894, 10208, 609, 3903, 3482, 11, 321, 353, 1459, 914, 1436, 866, 7894, 10208, 17872, 303, 279, 1428, 3874, 314, 821, 14991, 466, 4424, 13, 1946, 10046, 11, 353, 1144, 310, 1716, 821, 14991, 1118, 310, 1436, 1092, 4802, 353, 599, 2420, 11, 11352, 3221, 364, 7894, 10208, 609, 3903, 466, 7894, 10208, 17872, 13, 271, 2432, 25, 198, 30075, 248046, 198, 248045, 846, 198, 21626, 25, 1394, 513, 524, 14885, 3977, 13, 248046, 198, 248045, 74455, 198, 248068, 271, 248069, 271, 81266, 25, 198, 40, 1144, 310, 10453, 264, 7894, 10208, 7035, 11629, 11, 864, 7225, 220, 17, 7894, 10208, 609, 3903, 13, 5339, 11, 353, 1902, 6637, 7894, 10208, 609, 3903, 13, 561, 10793, 14378, 421, 220, 19, 7894, 10208, 609, 3903, 628, 381, 32348, 494, 220, 16, 7894, 10208, 1433, 13, 8439, 353, 1459, 914, 599, 866, 7894, 10208, 609, 3903, 466, 7894, 10208, 17872, 303, 821, 14991, 11, 353, 1144, 310, 1423, 1439, 3470, 303, 279, 4424, 13, 353, 668, 4621, 310, 615, 7894, 10208, 17872, 494, 279, 4424, 1118, 310, 1236, 279, 609, 3903, 11, 466, 5774, 615, 7894, 10208, 609, 3903, 413, 781, 513, 2420, 13, 15767, 279, 1144, 364, 3050, 13565, 11, 353, 3172, 1380, 310, 615, 7894, 10208, 17872, 1118, 310, 5790, 353, 628, 10453, 1092, 369, 4221, 413, 609, 3903, 7386, 914, 5774, 2420, 13, 271, 2432, 25, 198, 447, 220, 16, 7894, 10208, 17872, 248046, 198, 248045, 846, 198, 31391, 220, 16, 7894, 10208, 17872, 248046, 198, 248045, 74455, 198, 248068, 271, 248069, 271, 81266, 25, 198, 40, 599, 11832, 220, 16, 7894, 10208, 1433, 13, 1946, 10453, 279, 7894, 10208, 7035, 11629, 11, 353, 1144, 220, 17, 7894, 10208, 609, 3903, 13, 561, 10793, 4774, 421, 220, 19, 7894, 10208, 609, 3903, 513, 32348, 494, 220, 16, 7894, 10208, 1433, 13, 353, 628, 958, 279, 1433, 310, 1236, 279, 2483, 609, 3903, 13, 353, 668, 10453, 220, 19, 7894, 10208, 609, 3903, 1608, 279, 220, 16, 7894, 10208, 1433, 13, 1061, 668, 2873, 728, 777, 1056, 279, 220, 17, 609, 3903, 4221, 364, 279, 7035, 11629, 13, 4844, 11, 353, 628, 10453, 279, 7035, 11629, 1608, 220, 17, 314, 1782, 609, 3903, 13, 271, 2432, 25, 198, 7468, 220, 19, 7894, 10208, 609, 3903, 1608, 220, 16, 7894, 10208, 17872, 248046, 248046, 198, 248045, 846, 198, 23446, 38523, 460, 17071, 364, 2824, 37563, 13, 561, 36497, 1414, 369, 279, 4581, 8057, 8978, 11, 1238, 9191, 314, 279, 1428, 1965, 682, 9202, 11, 10451, 506, 1141, 3817, 3798, 13, 3054, 524, 4089, 411, 17071, 1622, 430, 449, 4424, 1852, 13, 36541, 279, 4424, 6849, 8427, 421, 1965, 430, 45374, 321, 1179, 13942, 440, 411, 1788, 4687, 11, 1608, 1439, 4880, 343, 3950, 44, 24102, 4868, 25, 5046, 2721, 27896, 763, 20, 16, 17, 1288, 33413, 763, 16, 13, 15, 7563, 561, 1428, 15752, 369, 220, 18, 26, 279, 8961, 5954, 220, 18, 15, 21207, 13, 31625, 279, 29732, 314, 660, 3813, 20511, 494, 279, 1428, 15752, 1472, 279, 809, 314, 411, 8961, 11, 440, 10766, 220, 16, 13, 95074, 6575, 20511, 13, 561, 9575, 42607, 4424, 6486, 220, 16, 948, 279, 10897, 5614, 369, 16496, 321, 10029, 279, 8961, 26, 660, 6575, 21207, 2873, 220, 15, 13, 22044, 21835, 466, 67205, 314, 279, 15752, 75108, 7786, 11039, 874, 4799, 10986, 26, 21207, 421, 2496, 11822, 16300, 6942, 13, 27295, 318, 1448, 25, 38523, 460, 1590, 220, 15, 25, 220, 15, 318, 32817, 524, 16496, 1518, 279, 8961, 10029, 1174, 220, 16, 25, 220, 16, 318, 31724, 42607, 4424, 6473, 5614, 16496, 553, 3301, 1132, 279, 5407, 2306, 13, 248046, 198, 248045, 74455, 198, 248068, 271, 248069, 271, 16], "source_signed": [0.017948685215567833, 0.0038975297311794085, 0.006738569982202057, -0.005849645087877481, 0.0027473403589985818, 0.0002913471369439336, -0.0010578843157480638, -0.000591701460973074, -0.00036727239566874265, -0.0036978345026187965, 0.0005623927043492356, 0.004559098626992615, 0.000508568958849211, -0.0005490662625529304, 0.0013373449898627992, -0.0012369126787324697, 0.0009896246957482634, -0.00041788345063947145, -0.00045914137845650413, 0.0004827508913521016, -6.806625217233627e-05, 0.001074991188066469, 0.0013033977379281758, -0.002803939430965396, 0.0015808042392053802, -0.00024311428991304778, 2.5642623705561844e-05, -0.00010344390353434071, 0.0019774842643818314, -0.00030346945711129603, 7.279116101951038e-05, -0.0006114076123171666, -0.0013473929226497793, 0.0012886487168741326, 0.0007956053616558437, 0.0025672078374396707, -0.000596088962361178, -0.0013275113367598045, 0.00023262005567470427, -0.0022781359693361293, -0.00020710303466325408, 0.0012522915087045956, 0.0015498328715822774, -0.0003665496424191425, -0.002637778587079757, 0.00038051295714210706, 0.00025534531292234, 0.001834589232808967, -0.000559723681094829, 7.987964069229114e-06, 0.0013635363132488306, 0.0008172017443491032, -0.0015134170324160535, 0.0006692830913914006, -0.002431283925979482, 0.0007330172283077406, 0.0018602256606452719, 0.0007887670088016327, 0.0013457302595134665, -0.0016275661465848744, -0.0018700472009848426, 0.0002593189293022033, -0.0010506476315204172, 0.0011662399916657156, -0.0008275918432482556, 0.00121618568719302, -0.004214295037016145, -0.0007632854777456098, 4.8801155072863875e-05, 6.781021005542945e-05, -0.00028946554472868364, 0.00012232667045614364, -0.0007885161770332824, -0.0018879479502256391, -0.0010482720264855271, 8.807294164905359e-05, 0.0019428160140031363, -0.0015221284730031759, 0.0005347181918348794, 0.0006894001287398907, 0.0017055563518100312, -0.0002722721984405193, 0.0023001424939531824, 0.006233437084910004, -0.0007135311096726415, 0.0008191259934205919, 0.0014981199254276026, -0.0011240184741653238, 5.232550050623147e-05, 0.001981707406218854, 0.00015058987571245613, 0.00036351936154045846, 0.0007350021672491927, 0.0008483514024049231, 0.0027474894213543955, -9.410268342705582e-05, -0.0013954088869742374, -0.00125288129888844, 0.0007053015631769094, -0.0001951164986841753, 0.00013232760518681517, 0.0024635362029995643, 0.00014794950523507391, 0.0008146850122802486, 0.0016324622960805124, 0.0008667607908229131, 8.401747741708962e-05, 4.790090359112236e-05, 0.0007916517000156292, -0.0018552604785539092, 0.0003308968474014951, -0.0002670669849140905, -0.0007124279714392644, 0.001211219681523765, -0.0012060454922516997, 0.007223695183533392, 0.0041030093831054965, 0.0021267182786997305, -0.005645844654940324, -0.00012954152344829702, 5.725940400685438e-05, -0.00011454417841995357, -9.514525402962203e-05, 0.0015500012729146675, -0.0003580863769899788, 8.921096808790774e-05, 0.0009814701745176164, 0.0008280918900351092, 0.0031862974753062486, 0.00013643285850251118, 0.0013584616695108275, 0.0]}]}
[36m(QueryClockGradientWorker pid=3999196)[0m [DT EOS minibatch] contrasts=4 length=1216 seconds=11.451034743338823 batch=4/24 d_min=-0.06675093306880225 d_max=0.04300938315714317[32m [repeated 4x across cluster][0m
[36m(QueryClockGradientWorker pid=3999196)[0m [DT EOS minimum] {"eos_token_id": 248046, "outcome_token_ids": [15, 16], "samples": [{"trace": {"episode_index": 0, "source_step": 3, "observed_return": 1.0, "context_tokens": 1242, "compute_tokens": 1286, "query_tokens": 225, "root_effect": 0.04236777126789093, "signed_sum": 0.04331766910390964, "conservation_residual": -0.0009498978360187108, "conservation_tolerance": 0.02, "conservation_verified": true, "owner_batch_index": 4, "source_log_ratio_min": -0.004265026573812273, "source_log_ratio_max": 0.010399863147355443, "source_log_ratio_min_index": 3, "source_log_ratio_max_index": 0, "factual_target_logp": -0.04391428828239441, "reference_target_logp": -0.08628205955028534}, "traj_uid": "0db660e5-2daf-4f69-8ada-c80f7e5e0ec7", "observed_return": 1.0, "source_start": 904, "source_end": 1016, "selected_input_ids": [248045, 8678, 198, 2523, 513, 1167, 16451, 11, 3354, 539, 52540, 14388, 13, 1394, 513, 264, 10631, 17313, 13, 248046, 198, 248045, 846, 198, 2523, 513, 2574, 2342, 5222, 42607, 18066, 310, 10453, 3470, 303, 38898, 13, 93818, 10966, 513, 314, 279, 3443, 328, 7468, 498, 5480, 1576, 60, 1608, 498, 1307, 13565, 60, 3158, 198, 11179, 4625, 353, 668, 2873, 488, 449, 21254, 11, 488, 599, 310, 5707, 449, 1852, 3018, 383, 279, 1528, 321, 7359, 13, 1394, 628, 328, 447, 1, 449, 1576, 318, 36859, 8, 494, 279, 14991, 466, 279, 4424, 11, 1353, 5072, 279, 1746, 14991, 539, 328, 30075, 487, 466, 328, 7468, 1, 318, 5480, 8, 1608, 866, 314, 279, 42607, 10966, 13, 198, 7525, 2468, 1902, 24660, 1732, 411, 3443, 2879, 81266, 25, 198, 21061, 10976, 13, 271, 2432, 25, 198, 21061, 1727, 1852, 1, 271, 92065, 25, 695, 16, 13, 22516, 13441, 279, 11846, 948, 1608, 328, 447, 1, 321, 328, 7468, 1, 10966, 13, 471, 12996, 314, 615, 25, 615, 220, 16, 166007, 62259, 22864, 471, 12996, 16, 314, 10453, 25, 10453, 220, 16, 6105, 51735, 1608, 220, 16, 166007, 62259, 22864, 471, 12996, 17, 314, 10453, 25, 10453, 220, 16, 20117, 71670, 1608, 220, 23, 6414, 78960, 447, 11, 220, 16, 71670, 198, 17, 13, 3095, 1608, 328, 447, 1, 3108, 11, 635, 524, 13441, 3315, 279, 1455, 3905, 494, 279, 14991, 466, 279, 4424, 13, 198, 18, 13, 1394, 628, 958, 25835, 42607, 10966, 3766, 11, 635, 524, 958, 678, 1765, 42607, 10966, 13, 4213, 11, 413, 279, 42607, 3108, 5533, 264, 13553, 23980, 1040, 328, 490, 3903, 487, 488, 628, 958, 3175, 4346, 314, 279, 1788, 23980, 378, 1257, 13, 328, 21921, 36620, 609, 3903, 1, 303, 279, 3108, 4370, 13, 271, 248046, 198, 248045, 74455, 198, 3793, 13, 353, 3172, 1732, 678, 10895, 321, 1380, 821, 1786, 310, 11290, 279, 3274, 13, 248046, 198, 248045, 846, 198, 37563, 286, 10966, 25, 198, 7468, 220, 19, 7894, 10208, 30129, 1608, 220, 21, 7894, 10208, 609, 3903, 198, 7468, 220, 19, 7894, 10208, 609, 3903, 1608, 220, 16, 7894, 10208, 17872, 198, 7468, 220, 16, 7894, 10208, 7035, 11629, 1608, 220, 17, 7894, 10208, 609, 3903, 198, 7468, 220, 18, 7894, 10208, 23873, 1608, 220, 17, 8941, 11, 220, 19, 7894, 10208, 609, 3903, 198, 7468, 220, 16, 7894, 10208, 14882, 1608, 220, 20, 7894, 10208, 609, 3903, 198, 7468, 220, 21, 7894, 10208, 52853, 1608, 220, 18, 7894, 10208, 609, 3903, 198, 7468, 220, 16, 7894, 10208, 3037, 1608, 220, 16, 7894, 10208, 609, 3903, 198, 7468, 220, 18, 7894, 10208, 1777, 1608, 220, 21, 7894, 10208, 609, 3903, 11, 220, 16, 8941, 271, 38663, 25, 10453, 7894, 10208, 7035, 11629, 13, 248046, 198, 248045, 74455, 198, 248068, 271, 248069, 271, 81266, 25, 198, 760, 5614, 369, 310, 10453, 220, 16, 7894, 10208, 7035, 11629, 13, 10235, 310, 279, 3766, 18066, 11, 42607, 220, 16, 7894, 10208, 7035, 11629, 7225, 220, 17, 7894, 10208, 609, 3903, 13, 353, 1459, 914, 599, 866, 7894, 10208, 609, 3903, 3482, 11, 321, 353, 1459, 914, 1436, 866, 7894, 10208, 17872, 303, 279, 1428, 3874, 314, 821, 14991, 466, 4424, 13, 1946, 10046, 11, 353, 1144, 310, 1716, 821, 14991, 1118, 310, 1436, 1092, 4802, 353, 599, 2420, 11, 11352, 3221, 364, 7894, 10208, 609, 3903, 466, 7894, 10208, 17872, 13, 271, 2432, 25, 198, 30075, 248046, 198, 248045, 846, 198, 21626, 25, 1394, 513, 524, 14885, 3977, 13, 248046, 198, 248045, 74455, 198, 248068, 271, 248069, 271, 81266, 25, 198, 40, 1144, 310, 10453, 264, 7894, 10208, 7035, 11629, 11, 864, 7225, 220, 17, 7894, 10208, 609, 3903, 13, 5339, 11, 353, 1902, 6637, 7894, 10208, 609, 3903, 13, 561, 10793, 14378, 421, 220, 19, 7894, 10208, 609, 3903, 628, 381, 32348, 494, 220, 16, 7894, 10208, 1433, 13, 8439, 353, 1459, 914, 599, 866, 7894, 10208, 609, 3903, 466, 7894, 10208, 17872, 303, 821, 14991, 11, 353, 1144, 310, 1423, 1439, 3470, 303, 279, 4424, 13, 353, 668, 4621, 310, 615, 7894, 10208, 17872, 494, 279, 4424, 1118, 310, 1236, 279, 609, 3903, 11, 466, 5774, 615, 7894, 10208, 609, 3903, 413, 781, 513, 2420, 13, 15767, 279, 1144, 364, 3050, 13565, 11, 353, 3172, 1380, 310, 615, 7894, 10208, 17872, 1118, 310, 5790, 353, 628, 10453, 1092, 369, 4221, 413, 609, 3903, 7386, 914, 5774, 2420, 13, 271, 2432, 25, 198, 447, 220, 16, 7894, 10208, 17872, 248046, 198, 248045, 846, 198, 31391, 220, 16, 7894, 10208, 17872, 248046, 198, 248045, 74455, 198, 248068, 271, 248069, 271, 81266, 25, 198, 40, 599, 11832, 220, 16, 7894, 10208, 1433, 13, 1946, 10453, 279, 7894, 10208, 7035, 11629, 11, 353, 1144, 220, 17, 7894, 10208, 609, 3903, 13, 561, 10793, 4774, 421, 220, 19, 7894, 10208, 609, 3903, 513, 32348, 494, 220, 16, 7894, 10208, 1433, 13, 353, 628, 958, 279, 1433, 310, 1236, 279, 2483, 609, 3903, 13, 353, 668, 10453, 220, 19, 7894, 10208, 609, 3903, 1608, 279, 220, 16, 7894, 10208, 1433, 13, 1061, 668, 2873, 728, 777, 1056, 279, 220, 17, 609, 3903, 4221, 364, 279, 7035, 11629, 13, 4844, 11, 353, 628, 10453, 279, 7035, 11629, 1608, 220, 17, 314, 1782, 609, 3903, 13, 271, 2432, 25, 198, 7468, 220, 19, 7894, 10208, 609, 3903, 1608, 220, 16, 7894, 10208, 17872, 248046, 198, 248045, 846, 198, 37563, 290, 220, 19, 71362, 14080, 631, 10208, 6119, 3903, 248046, 198, 248045, 74455, 198, 248068, 271, 248069, 271, 81266, 25, 198, 40, 599, 7544, 32348, 220, 19, 7894, 10208, 609, 3903, 13, 561, 5614, 369, 310, 10453, 220, 16, 7894, 10208, 7035, 11629, 11, 864, 7225, 220, 17, 7894, 10208, 609, 3903, 13, 4543, 421, 353, 599, 13613, 609, 3903, 11, 353, 628, 10046, 440, 42607, 279, 7035, 11629, 13, 353, 599, 220, 19, 609, 3903, 11, 321, 353, 1132, 1144, 220, 17, 364, 279, 11629, 11, 748, 353, 668, 958, 220, 17, 7894, 10208, 609, 3903, 310, 10453, 279, 220, 16, 7894, 10208, 7035, 11629, 13, 271, 2432, 25, 198, 7468, 220, 16, 7894, 10208, 7035, 11629, 1608, 220, 17, 7894, 10208, 609, 3903, 248046, 248046, 198, 248045, 846, 198, 23446, 38523, 460, 17071, 364, 2824, 37563, 13, 561, 36497, 1414, 369, 279, 4581, 8057, 8978, 11, 1238, 9191, 314, 279, 1428, 1965, 682, 9202, 11, 10451, 506, 1141, 3817, 3798, 13, 3054, 524, 4089, 411, 17071, 1622, 430, 449, 4424, 1852, 13, 36541, 279, 4424, 6849, 8427, 421, 1965, 430, 45374, 321, 1179, 13942, 440, 411, 1788, 4687, 11, 1608, 1439, 4880, 343, 3950, 44, 24102, 4868, 25, 5046, 2721, 27896, 763, 20, 16, 17, 1288, 33413, 763, 16, 13, 15, 7563, 561, 1428, 15752, 369, 220, 19, 26, 279, 8961, 5954, 220, 18, 15, 21207, 13, 31625, 279, 29732, 314, 660, 3813, 20511, 494, 279, 1428, 15752, 1472, 279, 809, 314, 411, 8961, 11, 440, 10766, 220, 16, 13, 95074, 6575, 20511, 13, 561, 9575, 42607, 4424, 6486, 220, 16, 948, 279, 10897, 5614, 369, 16496, 321, 10029, 279, 8961, 26, 660, 6575, 21207, 2873, 220, 15, 13, 22044, 21835, 466, 67205, 314, 279, 15752, 75108, 7786, 11039, 874, 4799, 10986, 26, 21207, 421, 2496, 11822, 16300, 6942, 13, 27295, 318, 1448, 25, 38523, 460, 1590, 220, 15, 25, 220, 15, 318, 32817, 524, 16496, 1518, 279, 8961, 10029, 1174, 220, 16, 25, 220, 16, 318, 31724, 42607, 4424, 6473, 5614, 16496, 553, 3301, 1132, 279, 5407, 2306, 13, 248046, 198, 248045, 74455, 198, 248068, 271, 248069, 271, 16], "source_signed": [0.010399863147355443, -0.00023539624087820922, 0.005575861699080492, -0.004265026573812273, 0.003285424581323599, 0.0005295227268439053, -0.0005492953294547002, 4.020279170568672e-05, 0.0006354018497113669, -8.62840014962589e-05, -0.0006996538260352232, 0.0003635922729796734, 2.0110705917356574e-05, 0.00012542214691198738, -0.00013678234209408017, -0.0005172924409895524, -0.00013613427214869512, -0.001336231843880991, 0.00026845215547579833, 0.0012220416434094569, 0.00041528990054705023, -0.00012139390057067272, 0.0006968499772754544, -0.0006250352540914169, 2.4903031544086382e-05, 0.0006047631801114256, 0.0005096148814896414, 0.0006563032764478732, 0.00010668984598680826, -0.00027316413330148883, -0.000436865156999434, 3.9194911571499265e-05, 0.0006706541426660395, 0.0005758504710164862, 0.0014712749145374382, 0.00027223092033997354, 0.00020501070273649334, -2.3596962605184496e-05, -0.000384284205699133, -0.0004759106368564139, 0.00036034659652282614, -0.0010132623485452038, 0.0005182726325078157, 0.0006894427517629325, 0.0003155459125254083, 0.0001458390040347262, 0.00045609056560940987, -0.0005480195262135381, 0.0006230781526828614, 0.0002684355078714623, 0.0005981422412825526, 0.0010815991361806435, -0.00020542374001695764, 0.00044975845052192323, -0.0003308449111463546, -0.0005100941410378812, 0.0004717875690049554, -0.0005216553880939748, -0.00048474373367498637, 7.848005310038232e-05, 0.00018145586747576355, -0.00027987662227239786, 3.1343593831247956e-05, 0.00026692637736160373, 0.00042349016469618583, 0.0003764441085826429, 8.440165323660197e-05, -0.00036147141800786214, 3.1974441634405847e-05, 0.00034928305017815653, 0.0006024169433479987, -0.0004215637577019444, -0.00022474032582586045, 0.0005009250896937538, -9.705973901128672e-05, 0.0009787995270425143, -0.00022882633295401625, 0.0006974990265473239, 0.00016364501225272978, 0.000823397142794204, 0.0001361605102396194, 6.21676628577308e-05, 0.0001147587268248204, -5.453268153135808e-06, 0.0006908948536789505, 0.00013822482316024087, 0.00024010717749656428, 0.0008794604636336784, 0.0006000678486809197, 0.0011302957211037712, 0.0015088257064802075, -0.0002873767389526484, -0.0002206903220757511, -0.0025082389065440892, 0.0012132036816921814, 0.0005068955227170262, 0.002999325487852603, 0.004478261447270249, -0.0005643602626432154, -0.0009458381967917475, -0.003949536101416637, 0.0011594985725385115, 0.003688608429736178, 0.0010826942376319648, 0.001969204204714659, 0.00011980653316935637, 0.0009473135447077862, 0.00109089440330782, 0.0004420831780611158, 0.0013793163063829693, 0.0004676765126958621, 0.0]}, {"trace": {"episode_index": 0, "source_step": 0, "observed_return": 1.0, "context_tokens": 1257, "compute_tokens": 1286, "query_tokens": 225, "root_effect": 0.07683248817920685, "signed_sum": 0.07897148695059189, "conservation_residual": -0.0021389987713850422, "conservation_tolerance": 0.02, "conservation_verified": true, "owner_batch_index": 4, "source_log_ratio_min": -0.013028586097661506, "source_log_ratio_max": 0.0090643637658873, "source_log_ratio_min_index": 0, "source_log_ratio_max_index": 102, "factual_target_logp": -0.2320101112127304, "reference_target_logp": -0.30884259939193726}, "traj_uid": "8b957378-0210-4564-80c5-e2af6f9c964e", "observed_return": 1.0, "source_start": 518, "source_end": 1031, "selected_input_ids": [248045, 8678, 198, 2523, 513, 1167, 16451, 11, 3354, 539, 52540, 14388, 13, 1394, 513, 264, 10631, 17313, 13, 248046, 198, 248045, 846, 198, 2523, 513, 2574, 2342, 5222, 42607, 18066, 310, 10453, 3470, 303, 38898, 13, 93818, 10966, 513, 314, 279, 3443, 328, 7468, 498, 5480, 1576, 60, 1608, 498, 1307, 13565, 60, 3158, 198, 11179, 4625, 353, 668, 2873, 488, 449, 21254, 11, 488, 599, 310, 5707, 449, 1852, 3018, 383, 279, 1528, 321, 7359, 13, 1394, 628, 328, 447, 1, 449, 1576, 318, 36859, 8, 494, 279, 14991, 466, 279, 4424, 11, 1353, 5072, 279, 1746, 14991, 539, 328, 30075, 487, 466, 328, 7468, 1, 318, 5480, 8, 1608, 866, 314, 279, 42607, 10966, 13, 198, 7525, 2468, 1902, 24660, 1732, 411, 3443, 2879, 81266, 25, 198, 21061, 10976, 13, 271, 2432, 25, 198, 21061, 1727, 1852, 1, 271, 92065, 25, 695, 16, 13, 22516, 13441, 279, 11846, 948, 1608, 328, 447, 1, 321, 328, 7468, 1, 10966, 13, 471, 12996, 314, 615, 25, 615, 220, 16, 166007, 62259, 22864, 471, 12996, 16, 314, 10453, 25, 10453, 220, 16, 6105, 51735, 1608, 220, 16, 166007, 62259, 22864, 471, 12996, 17, 314, 10453, 25, 10453, 220, 16, 20117, 71670, 1608, 220, 23, 6414, 78960, 447, 11, 220, 16, 71670, 198, 17, 13, 3095, 1608, 328, 447, 1, 3108, 11, 635, 524, 13441, 3315, 279, 1455, 3905, 494, 279, 14991, 466, 279, 4424, 13, 198, 18, 13, 1394, 628, 958, 25835, 42607, 10966, 3766, 11, 635, 524, 958, 678, 1765, 42607, 10966, 13, 4213, 11, 413, 279, 42607, 3108, 5533, 264, 13553, 23980, 1040, 328, 490, 3903, 487, 488, 628, 958, 3175, 4346, 314, 279, 1788, 23980, 378, 1257, 13, 328, 21921, 36620, 609, 3903, 1, 303, 279, 3108, 4370, 13, 271, 248046, 198, 248045, 74455, 198, 3793, 13, 353, 3172, 1732, 678, 10895, 321, 1380, 821, 1786, 310, 11290, 279, 3274, 13, 248046, 198, 248045, 846, 198, 37563, 286, 10966, 25, 198, 7468, 220, 16, 6756, 6706, 1608, 220, 16, 2438, 10495, 11, 220, 22, 32709, 863, 10495, 198, 7468, 220, 16, 50291, 1608, 220, 18, 2438, 10495, 7586, 11, 220, 16, 49433, 11, 220, 18, 9506, 198, 7468, 220, 21, 36055, 52853, 1608, 220, 18, 36055, 198, 7468, 220, 21, 32709, 863, 10495, 52853, 1608, 220, 18, 32709, 863, 10495, 198, 7468, 220, 17, 1789, 269, 614, 1608, 220, 17, 49433, 11, 220, 17, 32709, 863, 10495, 198, 7468, 220, 16, 49433, 2424, 1608, 220, 19, 49433, 198, 7468, 220, 21, 1789, 269, 614, 6784, 1608, 220, 21, 1789, 269, 614, 198, 7468, 220, 16, 26613, 1608, 220, 16, 32709, 863, 10495, 11, 220, 16, 8941, 198, 7468, 220, 21, 32709, 863, 10495, 6784, 1608, 220, 21, 32709, 863, 10495, 198, 7468, 220, 19, 41928, 36055, 1608, 220, 19, 36055, 198, 7468, 220, 19, 41928, 1789, 269, 614, 1608, 220, 19, 1789, 269, 614, 198, 7468, 220, 21, 1789, 269, 614, 52853, 1608, 220, 18, 1789, 269, 614, 198, 7468, 220, 16, 36055, 1608, 220, 16, 1789, 269, 614, 11, 220, 16, 49433, 271, 38663, 25, 10453, 36055, 52853, 13, 248046, 198, 248045, 74455, 198, 248068, 198, 90700, 8340, 25, 271, 16, 13, 220, 2972, 2014, 53983, 279, 5952, 64700, 198, 262, 348, 256, 5396, 25, 561, 1156, 682, 3766, 264, 9640, 421, 7062, 685, 264, 14611, 13, 1049, 2640, 328, 2523, 513, 2574, 2342, 5222, 42607, 18066, 310, 10453, 3470, 303, 38898, 1149, 4213, 11, 424, 3070, 914, 3404, 3300, 866, 18066, 303, 279, 1414, 3766, 748, 2944, 13, 1049, 1066, 5134, 279, 38870, 13, 198, 262, 348, 256, 5261, 25, 353, 1144, 310, 5707, 430, 449, 14791, 17313, 2614, 279, 1785, 10895, 13, 353, 1144, 310, 3655, 364, 279, 1156, 579, 1727, 1879, 318, 1719, 21254, 8, 1521, 279, 7926, 364, 279, 3274, 3376, 11179, 4625, 353, 668, 2873, 488, 449, 21254, 871, 12134, 914, 6716, 3482, 13, 198, 262, 348, 256, 8852, 3130, 25, 561, 1156, 682, 10661, 279, 348, 21299, 9, 314, 279, 1746, 68914, 15752, 694, 12134, 914, 3404, 3766, 279, 1118, 21254, 466, 1528, 3482, 13, 198, 262, 348, 256, 2921, 14955, 25, 353, 1144, 310, 23868, 279, 10895, 321, 12832, 59610, 364, 279, 1118, 4625, 13, 353, 1144, 310, 1732, 279, 3050, 2468, 3443, 3376, 81266, 6964, 77, 2432, 87117, 348, 3219, 9, 466, 1044, 353, 9671, 310, 3655, 30, 198, 262, 348, 256, 28103, 4109, 25, 561, 9640, 2640, 328, 11179, 4625, 353, 668, 2873, 488, 449, 21254, 11, 488, 599, 310, 5707, 449, 1852, 3018, 383, 279, 1528, 321, 7359, 1149, 1061, 23197, 449, 13789, 15752, 13, 8439, 411, 369, 279, 6302, 1876, 11, 353, 1220, 23868, 279, 12263, 321, 1420, 353, 3418, 279, 16484, 318, 2171, 25, 34022, 14, 2432, 11, 3050, 10966, 553, 198, 262, 348, 256, 42794, 25, 328, 7525, 2468, 1902, 24660, 1732, 411, 3443, 2879, 81266, 6964, 77, 1639, 2432, 6964, 77, 1639, 21061, 10976, 6889, 77, 1639, 21061, 1727, 1852, 1, 198, 262, 348, 256, 13428, 11, 279, 1156, 1876, 2640, 328, 2523, 513, 2574, 2342, 5222, 42607, 18066, 20564, 694, 3070, 914, 3404, 348, 44883, 9, 279, 18066, 3482, 13, 1049, 4816, 1040, 279, 1156, 369, 6047, 685, 264, 3364, 1315, 466, 264, 1746, 18465, 13, 198, 262, 348, 256, 4213, 11, 5802, 11, 303, 1439, 4346, 314, 49219, 11, 279, 1156, 23535, 728, 310, 23868, 279, 6302, 466, 3655, 364, 279, 1118, 328, 75290, 3158, 198, 262, 348, 256, 1921, 3221, 506, 279, 7077, 7359, 25, 328, 7525, 2468, 1902, 24660, 1732, 411, 3443, 2879, 81266, 6964, 77, 1639, 2432, 6964, 77, 3158, 353, 1220, 4507, 36213, 279, 1118, 2923, 466, 23868, 59610, 2785, 421, 3443, 13, 198, 262, 348, 256, 32645, 11, 3221, 14706, 506, 279, 9640, 5759, 25, 1049, 5686, 1040, 264, 1785, 9640, 6302, 421, 557, 8526, 310, 381, 279, 348, 8678, 9, 7359, 11, 694, 424, 579, 24572, 430, 264, 348, 846, 9, 1876, 13, 198, 262, 348, 256, 1368, 353, 4089, 411, 430, 279, 1118, 2404, 314, 279, 15752, 1332, 353, 1144, 310, 23868, 279, 5426, 25, 198, 285, 348, 256, 353, 1220, 7440, 353, 3418, 279, 5426, 13, 198, 285, 348, 256, 353, 1144, 310, 1732, 279, 34022, 14, 2432, 3443, 13, 198, 285, 248046, 248046, 198, 248045, 846, 198, 23446, 38523, 460, 17071, 364, 2824, 37563, 13, 561, 36497, 1414, 369, 279, 4581, 8057, 8978, 11, 1238, 9191, 314, 279, 1428, 1965, 682, 9202, 11, 10451, 506, 1141, 3817, 3798, 13, 3054, 524, 4089, 411, 17071, 1622, 430, 449, 4424, 1852, 13, 36541, 279, 4424, 6849, 8427, 421, 1965, 430, 45374, 321, 1179, 13942, 440, 411, 1788, 4687, 11, 1608, 1439, 4880, 343, 3950, 44, 24102, 4868, 25, 5046, 2721, 27896, 763, 20, 16, 17, 1288, 33413, 763, 16, 13, 15, 7563, 561, 1428, 15752, 369, 220, 16, 26, 279, 8961, 5954, 220, 18, 15, 21207, 13, 31625, 279, 29732, 314, 660, 3813, 20511, 494, 279, 1428, 15752, 1472, 279, 809, 314, 411, 8961, 11, 440, 10766, 220, 16, 13, 95074, 6575, 20511, 13, 561, 9575, 42607, 4424, 6486, 220, 16, 948, 279, 10897, 5614, 369, 16496, 321, 10029, 279, 8961, 26, 660, 6575, 21207, 2873, 220, 15, 13, 22044, 21835, 466, 67205, 314, 279, 15752, 75108, 7786, 11039, 874, 4799, 10986, 26, 21207, 421, 2496, 11822, 16300, 6942, 13, 27295, 318, 1448, 25, 38523, 460, 1590, 220, 15, 25, 220, 15, 318, 32817, 524, 16496, 1518, 279, 8961, 10029, 1174, 220, 16, 25, 220, 16, 318, 31724, 42607, 4424, 6473, 5614, 16496, 553, 3301, 1132, 279, 5407, 2306, 13, 248046, 198, 248045, 74455, 198, 248068, 271, 248069, 271, 16], "source_signed": [-0.013028586097661506, 0.0024062629124210026, -0.001488369122301294, -0.0013945493590704072, 0.001721091543762019, -0.01111237048301536, 0.0029737201690455566, -0.0023691519128063885, 0.00015135867538288046, 0.005502986974712892, 0.002941153795386548, -0.007943847079340888, 0.0006781557199402464, -0.003230835785222182, 0.0018179804127119812, 0.0023917529805445965, -0.0026197555489150546, -0.00036604185064485154, 0.003211921698167749, 0.0003209443125568828, -0.00022284420841138497, -0.0001339663979036214, 0.0015620280931794512, -0.0004743231617697569, 0.001750588011549334, -0.0013833756310981029, -0.008768704119033376, 0.0006558394858002282, -0.001015945106774783, -0.001803856041834142, -2.873215981947651e-05, -0.0004224987717948653, 0.00028139542298388635, 0.0016279655635575326, 0.002423863545036073, 0.0023113154026387452, -0.0014122994924641486, -0.0005960934097600352, 0.0025078903979380463, -0.0008985868046692114, -0.0008306144414618527, 0.004152246227957112, 0.0018074174913356223, -0.0007376561090291668, 0.001955552489277557, 0.0024531539632505275, -0.0016548527569629232, -0.002209248153508552, 0.0019963521540669353, -0.0037528663421628533, 0.0016224050209798302, 0.0012011255109768224, -0.0015409265238998712, -0.0005754970785668829, 0.00011236114781574885, -0.0006983896626392237, 0.0004863016958639667, -0.0009017452471303765, 0.0008037857784546498, 0.0023022160650473774, 0.0009743311418538118, 0.002672965753520851, 0.001010543307683362, 0.00153222311005311, -0.0014570651870757126, 0.001966044849340385, -0.00019929465598089876, 4.814232552086866e-05, -0.0009199888966906861, -0.003214910036395004, -0.00035974090838770587, 0.001537968257381895, -0.0014042303838571707, -0.0014559549087303377, 0.0010307479152507062, 0.000618864218341798, 0.0008487569364485519, 0.0039290487345085764, 0.0012071659142572338, 0.0007986235322191989, 0.0020582559206165476, 0.0005357238300870855, -0.0009219078905852796, -0.0039256716795713666, -0.0018278689792477817, -0.002626689499940384, -0.0008463925081668826, -0.0023003066518482353, 0.00025390328810804066, -0.0010815779094921077, 0.0017738020401593339, 0.0046359365741720174, 0.003987181125849611, 0.004716968834055708, 0.0015131264636066317, -0.0022755744975108934, -0.0003796779079213086, 0.0009116807177640099, 0.00025920965398075696, -0.0006666996826790571, 0.0012529701287628393, 0.002533044268129707, 0.0090643637658873, 0.0027823265542525127, 0.0031092885770250514, -0.0007463285744600801, -0.0016784751337554516, 0.0007904578772666801, -0.00016639350559889883, 0.0010488944217190818, 0.0009085566274143683, 0.0012980890236865053, 0.0010177990804728105, 0.00225929898193476, 0.001892531876095557, -0.0016915835837358103, -0.0012036365975626301, -8.48355633391851e-05, 0.0007202266880330845, 2.6504606139603898e-05, 0.0008155627653371347, -0.000549439084712995, 0.0006371705637488787, 0.0010964071935690102, 0.002248537050959151, -0.005020126866486922, 0.0027835224148681325, -0.0007693122744071444, 0.0011061413344625372, 0.0006261702928632776, 0.0014830661816631332, 0.0010319542516117413, 0.0007610141452742736, 0.0001705272760163046, -0.0008761552977047324, 0.0011007139926772526, 0.0008612240905430166, -0.0004741550339556599, -0.005846529747392191, -0.00037792192870542845, 4.2157244773638285e-05, -0.0025991570636948688, 0.00018442318253183597, -0.0065367205814235215, 0.0008644865257679847, 0.0013881223929935876, 0.0018058389848878557, 0.0009601858806456845, 0.0016459791966368744, 0.0015382798228490103, 0.001648106419921461, -0.0009687223392730444, -0.00016478932318996983, -0.0007846115955493817, 0.0031087902096372825, 9.599580717087916e-05, -0.004379195355224335, 0.006270447903620561, -0.010544327919868337, 0.00046060419696899763, 0.0025963201480851835, 0.0008216456171786916, -0.004589236913367496, 8.165754481605269e-05, -0.0001158953142133645, -0.0009154907251451012, -0.003036687142372281, 0.001220177334133956, 0.0009257152451903937, -0.0009885339387325281, 0.0007541794968213668, -0.000856965855508934, 0.0005755692496716047, 0.0013859177412665277, 0.0014700829432222084, -0.0004980784284599618, -0.0026775518838985254, -0.0026018500876086917, 0.00043283063735729513, 0.00010966213749732468, -0.0003276620158646508, 0.0008321156120666079, 0.003175147934019854, -0.0017092082815849362, -0.0022315973158558936, -0.0020021776451188958, -0.00628879814571016, -0.007196094989282767, -0.005074490946998142, -0.0008118657022020752, 0.0010026524521870508, -0.0026064486091877037, 0.00022731435772802293, -0.00018134462184332505, -0.0007246077585657287, 0.0018724041859821026, 0.0015210895595677697, 0.0019123768529608952, 0.0015271694756758105, -0.00026794356761342033, 0.002918324575059133, 0.0021940377752475058, 0.00041718099184199315, 1.0346160268915596e-05, -0.00010532375401278845, 0.0010672395226836973, -0.0013577451571952074, 0.00014754937669209014, 0.0009559453451214225, -0.0017103737045112103, -0.0011004822342873695, 0.002783171720768172, 0.001058317172995761, 0.0009078579370832287, -0.0011221963383212352, -0.000345724186310287, 0.0012718913646611405, 0.0012335078480477247, -3.3740829881292035e-05, -0.000760801144900809, 0.001679244334303134, -0.00010703198015004812, -0.0013430579778085003, -0.001084623955400395, -0.0009669543861856795, -0.003595329053323819, 0.0004419909743125976, 0.0012167391978004805, -0.00035539950310250297, 0.0003667443820506667, 0.0010503527135713678, 0.0007528114433290535, 3.394633723634462e-05, -0.0004959213094382917, 0.0012142014563772058, 0.002218821231366361, 0.002052290084636492, -0.0006863428983725694, 0.0006811166458445435, -0.0023932396837049496, 6.012631728949001e-06, 0.0016169272513611773, 0.0008719881973016357, -0.0006654652945272607, 4.351234698463983e-05, 0.0014823089927998544, 0.00258454946496209, 0.0009058988232901803, 0.0012581420742195345, 4.618611431286113e-05, 0.0015748674453510234, 0.00022730722171901798, -0.004950268690101801, 0.0013556711919864213, 0.0032036779488227654, 0.0028407675481400387, -0.0002073361157702556, -0.0006599348481029909, -0.0036499860692705945, -0.000579963801636405, -0.002890164724815381, -0.0028083948432141965, 0.00250808840476271, 6.607078217322159e-05, 0.0006731777540445883, -0.000837824614948743, -0.00033539081644259373, -0.002682530753800762, 0.0002747574581506919, -0.0012142415460418908, 0.00039000087224486227, 0.000731528973978224, 0.0023806407772104894, -0.0011824989096049805, 0.0017128367189885004, -0.0008348064808425446, -0.0006097388870316646, -0.0006530845326795172, 0.0005923726673007126, -0.002978181259172663, -0.000683788422710524, -0.0016571993184400008, 8.110294067730861e-05, -0.0013254326731297738, 0.003765135372828885, -0.0033807995539075998, 0.0003688116643512417, 0.0010265260357039535, 0.0013001449476044966, -0.0025984568597423457, 0.0011812334314907377, 0.0017771908360001932, 0.0005698643305447389, 0.005531584342631211, 0.00024043072735077838, -0.0002649454708503953, 0.0006691174057633505, -0.005637014431223277, 0.0007559884306119103, -0.0015794640156252145, 0.0008875007002943688, 0.0020908731488486825, -0.004938105750335266, 0.0012472007057961346, -0.0019998743495547766, -0.0018260310999153187, 0.0014494358725145734, 0.0005087195077921356, -0.0014267802384063583, 0.0004324706558580232, 0.0037081585744861913, 0.0007345849681705784, -0.0015760739363513254, -0.0005088448249544989, 0.0023088692571953773, 0.000477121008662811, 0.0014327286948881846, 0.0009845794525394297, 0.0007261117577304459, 0.0022924189162632416, 0.0006753631251818887, -0.0005253574756002733, 0.00018416152231754128, -0.0005376093917179537, 0.000843946823009182, 0.0017819989875749401, 1.0267372073118248e-05, -0.0005938492040379196, -0.0011763561478247695, 0.0008302223024011674, -0.0013243002388718414, 0.0011886922189494782, -8.800496025481732e-05, -0.0010876992859005768, -3.770218138801756e-05, 0.0010723166507501305, 5.188054789561681e-05, 0.00016301198437543123, -0.0007885764075323252, -0.0021577373638473688, -0.0034509526645123013, -0.004934798983151838, -0.001831178734271388, 5.922383430956692e-06, -0.0019227248710340316, 0.00025865509493491583, -0.00021669221867752844, 0.0015258270770912132, -0.0021730677308759863, 0.00017047608184926795, -0.00035195960353738044, -0.0010697171518739123, 0.0008152285472646972, 0.0033278682313994407, 0.0003045995985989109, -0.00039758199495127234, 0.0012988976108452548, -0.0013536276725401928, 0.0021579842469330243, -0.0014871526810220966, -0.0010260275720729573, -0.0007230263648783638, -0.000291184998642176, 0.0015713329691276947, 0.0020159239545712287, 0.0012305579582686643, 0.004100798526391341, 0.0010141944175409276, 0.0011120582988404498, -0.0005591423924672851, 0.0023987430997603905, 0.0027724030159747446, -0.0009631532340134835, 0.0004754603038734902, 0.0007084761240329477, 0.00034863955334387515, -0.0013032364407373942, -0.001184508694109862, 0.0002802800905976608, -0.0006118968631088858, 0.0020958383350690385, 0.0011444916295033775, 0.00047525875457475174, 0.0013809885952258414, -0.00036040578276379985, -0.004940729634497187, -0.0038347871752508816, -0.00047359135146796084, 0.00018383446326791092, 0.00206708709075161, -0.000926904026567546, 0.00031893836699099505, -0.0022743475750959417, -0.0012185536487959382, -0.000742892235159959, 0.0008377348323005019, 0.0004359757334906752, 0.0025071478898437746, 7.20931891033845e-06, 0.0008028106646318807, 0.0007312577132438628, -0.0001925217920676313, -0.0006983445340534205, 0.0004102831026472913, 0.00022570533408837294, 0.0033882580705407363, 0.001178063836858677, 0.005148331980599204, 0.005262934737805809, 0.001951816412936352, 0.002301003328910411, 0.0006606765294389109, -0.0002889211917831402, 0.004203167340218758, 0.0023922496683173944, -0.0016417550401715405, 0.001241929736003917, 0.0023693785419976908, -0.0013437928514217527, 0.0013818890654532282, -0.002844988620622828, -0.0011795621391558942, -0.00019676589841987127, 0.0008110649090451662, 0.003088479252108561, 0.0008619834387889221, 0.0050254587829268605, 0.0013800789367160334, 5.8817623401093025e-05, -2.532412720588316e-05, -0.0004596877698571575, 0.00013137369686960212, 0.0028762263443207732, -0.00016298134907799609, -0.0023417906241694503, -0.0012992140991888769, 0.0004149142671877751, 0.0038941778154093377, -0.00011609424664679735, 0.000644845121330637, 0.00011452996316372232, 0.0005128246719350673, 0.0003945447025217128, 5.005085954930114e-06, 0.0009367389037159273, 0.0024077913922576945, -0.0004930344885848786, -0.0005930240846243776, -0.000496739709661958, 0.0024046983231191276, 0.0019223247724138907, 0.00014615469578329395, -0.0006732086862581898, 0.0036732641313975195, 0.0002597097413614105, -0.0006144256902468556, 0.0004004135794264318, -0.0017374883875130864, -0.00037740082447850084, -0.001444715596734218, -0.000266446791804319, -0.0014490157521015712, -0.002896721689335589, -0.00025055917626409276, 0.0010390561814637384, 0.0011691818231694615, 0.00018577347956272002, 0.0005304070145232386, 0.002132910051918617, 0.0019310966376343691, 4.0165237512203474e-05, 0.003290742242890332, -0.0009486282677245064, 0.0006068895488654047, 0.0027609246200232126, -0.002247284410611855, 0.004210108501526351, 0.0015430347694765274, -0.001185388301024392, 0.0012354898235387914, 0.005002091472714591, 0.001428769232048134, -0.0014409160831264367, -0.0006296951852093377, 0.001156381702970074, 1.7338756712416783e-05, 0.004220557509654723, 0.00041144489429930167, -0.0010174475446848331, 0.003378614182184506, 0.0055017024095908385, -0.00045692328838590676, 4.404665265315619e-05, -0.00048193046507593066, 0.0008801325065037561, 0.004786924371965194, -0.008936193876873466, 0.0036974509261667775, 0.001341776678838935, -3.4702811919137128e-06, -0.0034579617407092954, 0.0014792646722218946, 0.0025747659221780914, -0.00191342756135223, -0.0016907397764666446, 0.004824820096519866, 0.0010151714435711508, 0.004500777832050502, 3.750036043511512e-05, -0.003606568125853014, -0.0021815431521193286, -0.002999058211971894, 0.0]}, {"trace": {"episode_index": 0, "source_step": 3, "observed_return": 1.0, "context_tokens": 1266, "compute_tokens": 1286, "query_tokens": 225, "root_effect": 0.007591269910335541, "signed_sum": 0.008064794660392855, "conservation_residual": -0.00047352475005731434, "conservation_tolerance": 0.02, "conservation_verified": true, "owner_batch_index": 4, "source_log_ratio_min": -0.00790427779130809, "source_log_ratio_max": 0.007270794715037977, "source_log_ratio_min_index": 3, "source_log_ratio_max_index": 0, "factual_target_logp": -0.11170388758182526, "reference_target_logp": -0.1192951574921608}, "traj_uid": "0ec99f03-0c2c-40d7-ad62-6d9162ce17d2", "observed_return": 1.0, "source_start": 969, "source_end": 1040, "selected_input_ids": [248045, 8678, 198, 2523, 513, 1167, 16451, 11, 3354, 539, 52540, 14388, 13, 1394, 513, 264, 10631, 17313, 13, 248046, 198, 248045, 846, 198, 2523, 513, 2574, 2342, 5222, 42607, 18066, 310, 10453, 3470, 303, 38898, 13, 93818, 10966, 513, 314, 279, 3443, 328, 7468, 498, 5480, 1576, 60, 1608, 498, 1307, 13565, 60, 3158, 198, 11179, 4625, 353, 668, 2873, 488, 449, 21254, 11, 488, 599, 310, 5707, 449, 1852, 3018, 383, 279, 1528, 321, 7359, 13, 1394, 628, 328, 447, 1, 449, 1576, 318, 36859, 8, 494, 279, 14991, 466, 279, 4424, 11, 1353, 5072, 279, 1746, 14991, 539, 328, 30075, 487, 466, 328, 7468, 1, 318, 5480, 8, 1608, 866, 314, 279, 42607, 10966, 13, 198, 7525, 2468, 1902, 24660, 1732, 411, 3443, 2879, 81266, 25, 198, 21061, 10976, 13, 271, 2432, 25, 198, 21061, 1727, 1852, 1, 271, 92065, 25, 695, 16, 13, 22516, 13441, 279, 11846, 948, 1608, 328, 447, 1, 321, 328, 7468, 1, 10966, 13, 471, 12996, 314, 615, 25, 615, 220, 16, 166007, 62259, 22864, 471, 12996, 16, 314, 10453, 25, 10453, 220, 16, 6105, 51735, 1608, 220, 16, 166007, 62259, 22864, 471, 12996, 17, 314, 10453, 25, 10453, 220, 16, 20117, 71670, 1608, 220, 23, 6414, 78960, 447, 11, 220, 16, 71670, 198, 17, 13, 3095, 1608, 328, 447, 1, 3108, 11, 635, 524, 13441, 3315, 279, 1455, 3905, 494, 279, 14991, 466, 279, 4424, 13, 198, 18, 13, 1394, 628, 958, 25835, 42607, 10966, 3766, 11, 635, 524, 958, 678, 1765, 42607, 10966, 13, 4213, 11, 413, 279, 42607, 3108, 5533, 264, 13553, 23980, 1040, 328, 490, 3903, 487, 488, 628, 958, 3175, 4346, 314, 279, 1788, 23980, 378, 1257, 13, 328, 21921, 36620, 609, 3903, 1, 303, 279, 3108, 4370, 13, 271, 248046, 198, 248045, 74455, 198, 3793, 13, 353, 3172, 1732, 678, 10895, 321, 1380, 821, 1786, 310, 11290, 279, 3274, 13, 248046, 198, 248045, 846, 198, 37563, 286, 10966, 25, 198, 7468, 220, 16, 18016, 37260, 1608, 220, 16, 18016, 51735, 11, 220, 16, 4022, 37260, 198, 7468, 220, 23, 18016, 58025, 8720, 1608, 220, 23, 8720, 11, 220, 16, 18016, 51735, 198, 7468, 220, 23, 2438, 6944, 565, 21505, 1608, 220, 23, 6944, 565, 21505, 11, 220, 16, 2438, 51735, 198, 7468, 220, 23, 13358, 6944, 565, 21505, 1608, 220, 23, 6944, 565, 21505, 11, 220, 16, 13358, 51735, 198, 7468, 220, 18, 4721, 16088, 51735, 1608, 220, 16, 6105, 51735, 11, 220, 16, 2438, 51735, 11, 220, 16, 17676, 51735, 198, 7468, 220, 23, 13477, 13769, 16232, 1608, 220, 16, 13477, 51735, 11, 220, 19, 9002, 11, 220, 19, 40149, 198, 7468, 220, 16, 2438, 51735, 1608, 220, 16, 2438, 58884, 558, 198, 7468, 220, 16, 13358, 51735, 1608, 220, 16, 293, 35891, 289, 198, 7468, 220, 23, 17024, 13769, 16232, 1608, 220, 16, 17024, 51735, 11, 220, 19, 9002, 11, 220, 19, 40149, 198, 7468, 220, 16, 2438, 51735, 1608, 220, 16, 46410, 2794, 198, 7468, 220, 17, 2438, 51735, 1608, 220, 16, 15537, 28704, 198, 7468, 220, 23, 18016, 58025, 8720, 36087, 1608, 220, 23, 8720, 36087, 11, 220, 16, 18016, 51735, 198, 7468, 220, 17, 13358, 51735, 1608, 220, 16, 6797, 37471, 198, 7468, 220, 17, 18016, 51735, 1608, 220, 16, 2438, 51735, 11, 220, 16, 13358, 51735, 198, 7468, 220, 23, 4721, 16088, 13769, 16232, 1608, 220, 16, 4721, 16088, 51735, 11, 220, 19, 9002, 11, 220, 19, 40149, 198, 7468, 220, 23, 18016, 6944, 565, 21505, 1608, 220, 23, 6944, 565, 21505, 11, 220, 16, 18016, 51735, 198, 7468, 220, 16, 2438, 51735, 1608, 220, 16, 2341, 3181, 198, 7468, 220, 16, 18016, 51735, 1608, 220, 16, 18016, 58884, 558, 198, 7468, 220, 23, 18016, 13769, 16232, 1608, 220, 16, 18016, 51735, 11, 220, 19, 9002, 11, 220, 19, 40149, 271, 38663, 25, 10453, 18016, 13769, 16232, 13, 248046, 198, 248045, 74455, 198, 248068, 271, 248069, 271, 81266, 25, 1946, 10453, 18016, 13769, 16232, 11, 353, 1144, 220, 16, 18016, 51735, 11, 220, 19, 9002, 11, 321, 220, 19, 40149, 13, 353, 635, 524, 599, 18016, 51735, 3482, 11, 748, 353, 1902, 1118, 10453, 424, 1608, 220, 16, 18016, 58884, 558, 13, 4486, 40509, 279, 51735, 11, 353, 668, 9283, 279, 9002, 321, 40149, 11, 321, 5326, 10453, 279, 13769, 16232, 13, 271, 2432, 25, 198, 447, 220, 16, 18016, 58884, 558, 198, 7468, 220, 16, 18016, 51735, 1608, 220, 16, 18016, 58884, 558, 198, 7468, 220, 23, 18016, 13769, 16232, 1608, 220, 16, 18016, 51735, 11, 220, 19, 9002, 11, 220, 19, 40149, 248046, 198, 248045, 846, 198, 31391, 220, 16, 18016, 58884, 558, 248046, 198, 248045, 74455, 198, 248068, 271, 248069, 271, 81266, 25, 353, 599, 18322, 279, 18016, 58884, 558, 13, 561, 1727, 2923, 369, 310, 10453, 279, 18016, 51735, 2483, 364, 279, 18016, 13769, 16232, 13, 353, 668, 958, 279, 32348, 18016, 51735, 3055, 440, 9002, 321, 40149, 310, 1236, 279, 2100, 1455, 13, 271, 2432, 25, 198, 7468, 220, 16, 18016, 51735, 1608, 220, 16, 18016, 58884, 558, 198, 7468, 220, 23, 18016, 13769, 16232, 1608, 220, 16, 18016, 51735, 11, 220, 19, 9002, 11, 220, 19, 40149, 248046, 198, 248045, 846, 198, 37563, 290, 220, 16, 71362, 25, 33034, 788, 8739, 248046, 198, 248045, 74455, 198, 248068, 271, 248069, 271, 81266, 25, 353, 1381, 599, 220, 16, 18016, 51735, 13, 1946, 10453, 18016, 13769, 16232, 11, 353, 1144, 220, 19, 9002, 321, 220, 19, 40149, 303, 5089, 310, 279, 18016, 51735, 13, 353, 668, 10046, 310, 615, 1439, 7009, 321, 1179, 10453, 279, 1534, 1455, 13, 271, 2432, 25, 198, 447, 220, 19, 9002, 198, 447, 220, 19, 40149, 198, 7468, 220, 23, 18016, 13769, 16232, 1608, 220, 16, 18016, 51735, 11, 220, 19, 9002, 11, 220, 19, 40149, 248046, 198, 248045, 846, 198, 31391, 220, 19, 9002, 248046, 198, 248045, 74455, 198, 248068, 271, 248069, 271, 81266, 25, 353, 599, 11832, 279, 9002, 13, 4543, 353, 1144, 310, 615, 279, 40149, 310, 4434, 279, 13565, 1103, 364, 42607, 18016, 13769, 16232, 318, 16, 18016, 51735, 11, 220, 19, 9002, 11, 220, 19, 40149, 553, 271, 2432, 25, 198, 447, 220, 19, 40149, 198, 7468, 220, 23, 18016, 13769, 16232, 1608, 220, 16, 18016, 51735, 11, 220, 19, 9002, 11, 220, 19, 40149, 248046, 248046, 198, 248045, 846, 198, 23446, 38523, 460, 17071, 364, 2824, 37563, 13, 561, 36497, 1414, 369, 279, 4581, 8057, 8978, 11, 1238, 9191, 314, 279, 1428, 1965, 682, 9202, 11, 10451, 506, 1141, 3817, 3798, 13, 3054, 524, 4089, 411, 17071, 1622, 430, 449, 4424, 1852, 13, 36541, 279, 4424, 6849, 8427, 421, 1965, 430, 45374, 321, 1179, 13942, 440, 411, 1788, 4687, 11, 1608, 1439, 4880, 343, 3950, 44, 24102, 4868, 25, 5046, 2721, 27896, 763, 20, 16, 17, 1288, 33413, 763, 16, 13, 15, 7563, 561, 1428, 15752, 369, 220, 19, 26, 279, 8961, 5954, 220, 18, 15, 21207, 13, 31625, 279, 29732, 314, 660, 3813, 20511, 494, 279, 1428, 15752, 1472, 279, 809, 314, 411, 8961, 11, 440, 10766, 220, 16, 13, 95074, 6575, 20511, 13, 561, 9575, 42607, 4424, 6486, 220, 16, 948, 279, 10897, 5614, 369, 16496, 321, 10029, 279, 8961, 26, 660, 6575, 21207, 2873, 220, 15, 13, 22044, 21835, 466, 67205, 314, 279, 15752, 75108, 7786, 11039, 874, 4799, 10986, 26, 21207, 421, 2496, 11822, 16300, 6942, 13, 27295, 318, 1448, 25, 38523, 460, 1590, 220, 15, 25, 220, 15, 318, 32817, 524, 16496, 1518, 279, 8961, 10029, 1174, 220, 16, 25, 220, 16, 318, 31724, 42607, 4424, 6473, 5614, 16496, 553, 3301, 1132, 279, 5407, 2306, 13, 248046, 198, 248045, 74455, 198, 248068, 271, 248069, 271, 16], "source_signed": [0.007270794715037977, -0.0009761985193383652, 0.0011239141238560226, -0.00790427779130809, 0.001786801360336621, -0.00036265479510103776, -0.00018588109441713204, -0.0018193476126215293, -0.000527533094329792, -0.001322826993777304, 0.0002145985133248816, -0.00021419656824930828, -1.9403892336072957e-05, -0.0023447674169930037, -0.0017611235268018516, -0.0013300746245764028, -0.0007346467908586685, 0.0002182712896741308, 0.00159162595162736, 0.0002691702945515177, -0.0009346891542015932, 0.00027526071630737544, 0.0001312241795458054, -0.001872835435002283, 0.0030349842248829444, 0.004439130359254738, 0.000310530898098236, 0.0002276505192259779, 0.00047776149893329913, -0.0010248008411972921, -0.0014004398909888873, -0.0006879256472999833, 6.484375329588636e-05, -0.00027940244858332277, 0.00030156641264258353, -0.0006399117853345196, 0.0004712898300107452, -0.000648869600522247, 0.00022592731253225746, 0.0009958402857682383, 1.0665371949637682e-05, -0.0013393658885268325, 0.0006751778993228773, 0.002506776580738411, 0.0017256767765442464, 0.000827187870891429, 0.004801016867925309, 0.0008401600277731508, 0.0018546280894104362, 0.003913359450500635, -0.0005321334647471194, 0.0023343775132280507, 0.0006703438101424698, -0.00010715760460604294, 0.000665144446873423, 0.0006724734642553831, -0.0018725103841792535, 0.0003421491257467488, -0.001167138488536057, -0.0004387484456428892, 0.00011455254120528195, -0.0005240303991216227, -0.0006995228731046814, -0.0007856896898162534, -0.00034310195611755227, 0.000758462054104422, -0.00044413758614782157, 0.00048311624762334155, -0.0011127479510164768, -0.002203567461347705, 0.0]}, {"trace": {"episode_index": 0, "source_step": 0, "observed_return": 1.0, "context_tokens": 1286, "compute_tokens": 1286, "query_tokens": 225, "root_effect": -0.36452536284923553, "signed_sum": -0.3709286238209952, "conservation_residual": 0.006403260971759639, "conservation_tolerance": 0.02, "conservation_verified": true, "owner_batch_index": 4, "source_log_ratio_min": -0.15054479058432804, "source_log_ratio_max": 0.02820303462738731, "source_log_ratio_min_index": 0, "source_log_ratio_max_index": 5, "factual_target_logp": -0.5515589118003845, "reference_target_logp": -0.187033548951149}, "traj_uid": "e39a719e-154d-40bf-b1e5-5a4a7a9179ee", "observed_return": 1.0, "source_start": 547, "source_end": 1060, "selected_input_ids": [248045, 8678, 198, 2523, 513, 1167, 16451, 11, 3354, 539, 52540, 14388, 13, 1394, 513, 264, 10631, 17313, 13, 248046, 198, 248045, 846, 198, 2523, 513, 2574, 2342, 5222, 42607, 18066, 310, 10453, 3470, 303, 38898, 13, 93818, 10966, 513, 314, 279, 3443, 328, 7468, 498, 5480, 1576, 60, 1608, 498, 1307, 13565, 60, 3158, 198, 11179, 4625, 353, 668, 2873, 488, 449, 21254, 11, 488, 599, 310, 5707, 449, 1852, 3018, 383, 279, 1528, 321, 7359, 13, 1394, 628, 328, 447, 1, 449, 1576, 318, 36859, 8, 494, 279, 14991, 466, 279, 4424, 11, 1353, 5072, 279, 1746, 14991, 539, 328, 30075, 487, 466, 328, 7468, 1, 318, 5480, 8, 1608, 866, 314, 279, 42607, 10966, 13, 198, 7525, 2468, 1902, 24660, 1732, 411, 3443, 2879, 81266, 25, 198, 21061, 10976, 13, 271, 2432, 25, 198, 21061, 1727, 1852, 1, 271, 92065, 25, 695, 16, 13, 22516, 13441, 279, 11846, 948, 1608, 328, 447, 1, 321, 328, 7468, 1, 10966, 13, 471, 12996, 314, 615, 25, 615, 220, 16, 166007, 62259, 22864, 471, 12996, 16, 314, 10453, 25, 10453, 220, 16, 6105, 51735, 1608, 220, 16, 166007, 62259, 22864, 471, 12996, 17, 314, 10453, 25, 10453, 220, 16, 20117, 71670, 1608, 220, 23, 6414, 78960, 447, 11, 220, 16, 71670, 198, 17, 13, 3095, 1608, 328, 447, 1, 3108, 11, 635, 524, 13441, 3315, 279, 1455, 3905, 494, 279, 14991, 466, 279, 4424, 13, 198, 18, 13, 1394, 628, 958, 25835, 42607, 10966, 3766, 11, 635, 524, 958, 678, 1765, 42607, 10966, 13, 4213, 11, 413, 279, 42607, 3108, 5533, 264, 13553, 23980, 1040, 328, 490, 3903, 487, 488, 628, 958, 3175, 4346, 314, 279, 1788, 23980, 378, 1257, 13, 328, 21921, 36620, 609, 3903, 1, 303, 279, 3108, 4370, 13, 271, 248046, 198, 248045, 74455, 198, 3793, 13, 353, 3172, 1732, 678, 10895, 321, 1380, 821, 1786, 310, 11290, 279, 3274, 13, 248046, 198, 248045, 846, 198, 37563, 286, 10966, 25, 198, 7468, 220, 16, 70676, 1608, 220, 16, 7586, 11, 220, 23, 10679, 78960, 447, 198, 7468, 220, 16, 72757, 1608, 220, 16, 2438, 10495, 11, 220, 19, 32709, 863, 10495, 11, 220, 18, 609, 3903, 11, 220, 16, 10679, 6537, 349, 198, 7468, 220, 16, 1292, 1506, 1608, 220, 17, 10679, 6537, 349, 198, 7468, 220, 16, 10679, 22149, 10470, 1608, 220, 19, 10679, 6537, 349, 198, 7468, 220, 16, 10679, 14697, 1688, 1608, 220, 23, 10679, 6537, 349, 198, 7468, 220, 16, 10679, 6537, 349, 1608, 220, 24, 10679, 78960, 447, 198, 7468, 220, 21, 30192, 13176, 1608, 220, 16, 2438, 10495, 11, 220, 16, 9506, 7035, 11629, 11, 220, 21, 10679, 6537, 349, 198, 7468, 220, 16, 2093, 35360, 2176, 1608, 220, 22, 10679, 6537, 349, 198, 7468, 220, 21, 3969, 824, 13176, 1608, 220, 16, 2438, 10495, 7586, 11, 220, 17, 8941, 11, 220, 21, 10679, 6537, 349, 198, 7468, 220, 16, 8516, 1608, 220, 16, 10679, 6537, 349, 11, 220, 17, 10679, 78960, 447, 198, 7468, 220, 16, 5144, 14987, 1608, 220, 17, 886, 11, 220, 18, 8941, 11, 220, 16, 10679, 6537, 349, 11, 220, 16, 8151, 34356, 9416, 198, 7468, 220, 16, 10679, 88821, 1608, 220, 17, 8941, 11, 220, 16, 10679, 6537, 349, 271, 38663, 25, 10453, 2093, 35360, 2176, 13, 248046, 198, 248045, 74455, 198, 248068, 271, 248069, 271, 81266, 25, 198, 1206, 10453, 264, 2093, 35360, 2176, 11, 353, 1144, 220, 22, 10679, 6537, 2333, 13, 23394, 11, 353, 1132, 599, 7009, 310, 10453, 264, 88821, 318, 17, 32040, 11, 220, 16, 10679, 6537, 349, 8, 321, 264, 8151, 34356, 9416, 318, 7949, 7225, 264, 886, 353, 1459, 914, 599, 553, 353, 635, 524, 4862, 599, 220, 22, 10679, 6537, 2333, 310, 10453, 279, 2093, 35360, 2176, 5774, 13, 4213, 11, 353, 628, 10453, 220, 16, 10679, 6537, 349, 1245, 1381, 1608, 279, 220, 16, 10679, 6537, 349, 353, 1144, 364, 279, 88821, 321, 24725, 353, 599, 279, 32040, 13, 13428, 11, 279, 9640, 2640, 353, 328, 18443, 1, 279, 18066, 11, 694, 279, 2763, 1528, 314, 4802, 4290, 914, 20335, 9711, 975, 1056, 279, 18066, 5402, 13, 6558, 579, 311, 27864, 15060, 25, 328, 2523, 513, 2574, 2342, 5222, 42607, 18066, 1076, 3158, 1049, 3070, 914, 1103, 821, 1428, 14991, 13, 271, 50821, 11, 3221, 506, 279, 5129, 11870, 364, 1439, 44969, 25, 5802, 11, 1017, 369, 449, 17457, 5732, 1528, 466, 353, 1144, 310, 10453, 279, 77036, 1118, 13, 198, 67488, 3766, 25, 198, 16, 13, 65214, 25, 220, 16, 7586, 11, 220, 23, 10679, 78960, 18128, 198, 17, 13, 43018, 263, 25, 220, 16, 2438, 10495, 11, 220, 19, 32709, 863, 10495, 11, 220, 18, 609, 3903, 11, 220, 16, 10679, 6537, 349, 198, 18, 13, 2838, 1506, 25, 220, 17, 10679, 6537, 349, 198, 19, 13, 16082, 51043, 10470, 25, 220, 19, 10679, 6537, 349, 198, 20, 13, 16082, 40392, 1688, 25, 220, 23, 10679, 6537, 349, 198, 21, 13, 16082, 733, 21692, 25, 220, 24, 10679, 78960, 18128, 318, 1919, 369, 1328, 15836, 198, 22, 13, 76312, 23041, 25, 220, 16, 2438, 10495, 11, 220, 16, 9506, 7035, 11629, 11, 220, 21, 10679, 6537, 349, 198, 23, 13, 86361, 67, 2176, 25, 220, 22, 10679, 6537, 349, 198, 24, 13, 14283, 824, 23041, 25, 220, 16, 2438, 10495, 7586, 11, 220, 17, 8941, 11, 220, 21, 10679, 6537, 349, 198, 16, 15, 13, 27593, 25, 220, 16, 10679, 6537, 349, 11, 220, 17, 10679, 78960, 447, 198, 16, 16, 13, 16082, 1369, 41904, 25, 220, 17, 8941, 11, 220, 16, 10679, 6537, 349, 198, 16, 17, 13, 25900, 34356, 27256, 25, 318, 27838, 57739, 11, 5802, 886, 478, 10679, 29977, 11, 694, 524, 4221, 364, 2093, 35360, 2176, 8, 271, 38663, 25, 23260, 220, 16, 2093, 35360, 2176, 13, 198, 73211, 364, 86361, 67, 2176, 25, 220, 22, 10679, 6537, 349, 13, 198, 40, 635, 524, 599, 10679, 6537, 2333, 3482, 13, 198, 40, 599, 264, 10793, 310, 10453, 10679, 6537, 2333, 25, 328, 7468, 220, 16, 10679, 6537, 349, 1608, 220, 24, 10679, 78960, 447, 3158, 198, 40, 635, 524, 599, 220, 24, 10679, 78960, 18128, 3482, 13, 198, 5236, 353, 599, 10679, 78960, 18128, 30, 561, 9640, 3070, 914, 1528, 821, 14991, 13, 198, 10883, 11, 3428, 303, 1439, 49219, 11, 279, 1156, 23197, 353, 599, 279, 6891, 7009, 466, 279, 7359, 369, 310, 3019, 279, 7123, 13, 1921, 248046, 248046, 198, 248045, 846, 198, 23446, 38523, 460, 17071, 364, 2824, 37563, 13, 561, 36497, 1414, 369, 279, 4581, 8057, 8978, 11, 1238, 9191, 314, 279, 1428, 1965, 682, 9202, 11, 10451, 506, 1141, 3817, 3798, 13, 3054, 524, 4089, 411, 17071, 1622, 430, 449, 4424, 1852, 13, 36541, 279, 4424, 6849, 8427, 421, 1965, 430, 45374, 321, 1179, 13942, 440, 411, 1788, 4687, 11, 1608, 1439, 4880, 343, 3950, 44, 24102, 4868, 25, 5046, 2721, 27896, 763, 20, 16, 17, 1288, 33413, 763, 16, 13, 15, 7563, 561, 1428, 15752, 369, 220, 16, 26, 279, 8961, 5954, 220, 18, 15, 21207, 13, 31625, 279, 29732, 314, 660, 3813, 20511, 494, 279, 1428, 15752, 1472, 279, 809, 314, 411, 8961, 11, 440, 10766, 220, 16, 13, 95074, 6575, 20511, 13, 561, 9575, 42607, 4424, 6486, 220, 16, 948, 279, 10897, 5614, 369, 16496, 321, 10029, 279, 8961, 26, 660, 6575, 21207, 2873, 220, 15, 13, 22044, 21835, 466, 67205, 314, 279, 15752, 75108, 7786, 11039, 874, 4799, 10986, 26, 21207, 421, 2496, 11822, 16300, 6942, 13, 27295, 318, 1448, 25, 38523, 460, 1590, 220, 15, 25, 220, 15, 318, 32817, 524, 16496, 1518, 279, 8961, 10029, 1174, 220, 16, 25, 220, 16, 318, 31724, 42607, 4424, 6473, 5614, 16496, 553, 3301, 1132, 279, 5407, 2306, 13, 248046, 198, 248045, 74455, 198, 248068, 271, 248069, 271, 16], "source_signed": [-0.15054479058432804, -0.0804676617506825, -0.006674979025869926, -0.07269388388545998, 0.0237454817888345, 0.02820303462738731, 0.004106903592561259, -0.003703467269800108, 0.0036072611113169752, -0.007809227397818769, 0.005436713276365561, 0.0031656494047678555, 0.002409479764731911, 0.00013155147357536917, 0.002185249609898763, -0.0038020886275002283, 0.0004928851463772056, 0.0068120738155908935, 0.003372942265148009, 0.004148138192071701, -0.00024295024013981474, -0.0018105150214523923, -0.007326852292923854, 0.0064747708255578785, -0.006442085612625627, -0.008459036021932386, 0.0014421285889918314, -0.003697466066002095, -2.7250123147778364e-05, 0.0017757279995365461, -0.004423714179392548, -0.004631460047963934, -0.0011377914155939841, -0.0006829360650147151, -0.001397932379783608, -0.0015511910879489792, 0.0009872800549327405, -0.0004209798854395146, 0.001178862776366537, -0.0008310879721369182, -0.0005106383952448808, -0.000311044132089852, -0.0003257638680503643, 0.00036485474918943625, 0.0034026090076948036, -0.001715614694898887, 0.004160352391237493, 0.0006430777120272995, -0.0012843567116945839, -0.003984327760219488, -0.0012626625107766264, 0.000948269154159347, -0.004016898204459045, -0.002032660232533905, -0.0018892891319541904, 0.00033509566454006045, -0.0037511387240049183, -0.0014118038786658737, -0.006139843126021843, -0.0004370016108946556, 0.0025677600758527474, -0.003096758193818922, 0.004546604514566872, 0.001754032511176893, 0.0029200773463725375, -0.0018299612191556413, -0.000891682531343379, 0.0038009343624771244, 0.0036992353714004854, -0.0031589209455159606, 0.00022145481315626113, 0.0030460631760539088, 0.0020135913515309683, -0.0017498970222395698, 0.0026242408480069246, 0.002127949114604304, 0.002083666972826314, 0.00036057780177924494, 0.002128474378652252, 0.0008559205718803569, -0.00020787869971504463, -0.0034464302617869917, -0.00328377654338656, -0.0020920177880681917, 0.002574706305222591, 0.0027302417682037354, 0.0013699333714704484, -0.004367034308838738, 0.0037417662818189485, -0.001451777987590844, 0.00328312516388078, -0.0029133716778032975, 0.003597720542872408, -0.0017722294643189632, 0.002377158524927771, -0.00014071802516647802, -0.0021583601831553284, 0.008633708475731756, -0.004568579262130385, -0.0016372804078574068, -7.436862411539305e-05, -0.0026549694885979365, -0.0026766725837182063, 0.00133740828384178, -0.0018689910126186756, -0.001416011332101459, -0.018109081507219592, 0.0005796176205030666, -0.000981223901021997, -0.013233798953296124, -0.0009875164411068983, -0.0029941629464742235, 0.001540212348036848, -0.0014360040011684866, 0.000812100974476719, -0.002984282839676091, 0.0030063510254527627, 0.00033215827331375784, -0.002889620218383482, 0.0012700332918372682, -0.0009952180987648756, -0.0006869850171921689, -0.002763618703439378, -0.001615793990646611, -0.005694035064673345, -0.0070002529962243445, 0.0017291347375309107, -0.002923981816129938, 0.0027456594220070414, -5.0578609127145766e-05, 0.0009140586788685021, 0.0010416243467532916, 0.0010315914006818832, 0.016848299361655827, -0.033073120155410585, -0.0035006616574591587, 0.0019985278016435887, 0.0062006481624462435, 0.00701769019383224, -0.002089785932991338, 0.005607752409133044, -0.0033855670464005404, 0.0024886740964177125, 0.003824993671155799, -0.0021817552043451906, -0.0036126967337902563, 0.004176780547939056, -0.0054292706355681475, -0.001341568927936479, 0.0009461378013720509, 0.0015970303305250177, -0.0025311822778135563, 0.00029529787682792616, -0.00011672064603769042, -0.00024102000975836956, -0.000685836771071538, -0.0015227605906887008, 0.0018036975053926738, 0.005728295168453929, 0.0007310841381533097, 0.0010293367362889418, -0.0003276183010807905, 0.00028877539520515225, 0.002292036216082054, -0.0002261378357195738, -0.0011837313683797784, 0.0034708537490125407, 0.004197895168127642, 0.007353819460248608, -0.0013285074780909408, 0.0024983145867488237, -0.003923703839880442, 0.0002442961688789197, -0.00032046791791295274, -1.5629437341777453e-05, -0.0006732859598555735, 0.0008369192051450227, 0.0025269072126549333, 0.00217299020337442, 0.003251811404611298, -0.000774224471430187, 0.00012604375051569576, 0.013944767634995725, -0.002638201552978718, 0.001892574038470006, 0.0017360639635139868, 0.0027529165576431003, 0.004803024653295908, 0.009635072400197498, 0.0036678815885448687, 0.0057928040926399195, 0.001695391523753539, -0.00019634655058638813, -0.0006674508833029544, 0.0006099737481175776, 0.0005587267873462976, 0.004153411715922304, 0.001723765902751767, -0.005537269162789593, -0.0006353437071793964, 4.856182455057205e-05, -0.00045854172591838636, -0.0009925311207991576, 0.0030474478468739507, -0.0015847142502323159, 0.0011433877814319554, -0.0021438185427430224, -0.0007094038425952403, -0.0001568737552941372, 0.0015153854832900544, 0.0014654884165580142, 0.0012025305324245127, 0.0002096834317454159, -0.003923621658373631, 1.2456138466677459e-05, -0.0008963193630620467, 0.0050405292564415435, -0.001164396872470374, -0.0021904173937177004, -0.0010041364162926962, 0.0003327044386771535, 0.0003357453322045266, -0.0017035076822890939, 0.001459015693461436, -5.391147093683805e-05, 0.0016033015935600563, 0.0018178998603592684, 0.0041303977137142865, 0.0018306023049791287, 0.00015047393154250755, -0.0022124484501065554, -0.0035357138177008023, 0.0022984644927980776, -0.0017603722423614279, -0.0029702055424043272, 0.003020371270612888, 0.003793577802948903, -0.001288792438838295, 0.0058873152365657285, -0.0014127475664772915, 0.0017166196651509456, -0.00424039578701469, -0.0030535962416725123, 0.0038419973203078946, -0.003703933118355842, -0.001977211657664257, 0.0020197173330568, 0.0028366967390389608, -4.7051374749376056e-05, -0.0005099942273765589, 0.004976076663708889, 3.7795637823965925e-05, -0.012099876896357886, -0.003277428633572721, -0.00018584862605436044, -0.00024126059528209172, 0.0012415647979591394, -0.00048438208208186843, 0.002427406403308189, 0.00046345885056098095, 0.0028441065194439244, 0.0013593454260913175, 0.003491817378258161, 0.0026239336550922137, -0.0002903136314131218, -0.0009780724326991074, -0.0012737098611429638, -4.180544671458309e-05, -0.00026902090883218477, -0.0021264631011935547, 0.0010855140035729675, 0.003564961144329426, 0.004519883722920868, 0.001769404939256881, 0.0004380939238222642, -0.005832837391757738, 0.0009692333627977119, 0.00439922164095685, 0.0009703512358445994, 0.0062414469342792645, 0.003249717025060186, 0.0030875810797105726, 0.005362453430233519, 0.005795433129038156, 0.004607339609307525, -0.0019796861828061266, -0.0025488041906339878, 1.8507812883700528e-05, -0.004739207132463206, -0.00028231515523170303, 0.004410594134005618, 0.0019855128709546244, -0.0010320659464398067, 0.0010078867656910478, 0.0008413745411828123, 0.0015560630495805158, 0.0013516726207733682, -0.00165072529908578, -0.005029941166527948, -0.002499501159395911, -0.001279663222487151, -0.0029776763244172082, -0.00013172253856658382, 0.0010083557776813011, -0.0013930318647154237, -0.0010428940749743387, 0.0005282583442666978, -0.00023056342499305814, 0.001033210418206375, 0.0029447750642922583, -0.00022415236608936892, -0.0014943986607678151, -0.002248993614540405, 0.006838973198544597, 0.0015022105126824836, -0.0013896946451576854, -0.0001834757600237423, 2.6985682762751e-05, 0.0018411042489048374, -0.0008846699321494735, 7.56228732454226e-05, -0.00048137917111620724, 0.0010276314325704137, 0.0005720930046562659, 0.0004152688645821191, 0.0036013338526831684, 0.0016950529235588174, -0.0018326405262142817, -0.0009585753259199398, -0.006253369592256152, 0.0006808505733378206, 0.0014201886626287856, -0.0021725240688224108, -0.0007237537093445728, 0.0008261358257477332, -0.0008193532926011684, 0.00013692990385503513, 0.0002096915224478078, 0.00026926617201344406, 0.0003218572057665835, 0.0018411709161511528, -0.002301821417545479, -0.0015958191614612533, -0.0021775877765749566, 0.002147061930011745, 0.0009776037732023533, -0.003766944723018385, 0.0018987948796828015, 0.0014862807981016759, 0.0010825595818381353, 0.0014622197580010767, 0.0007016129238088175, -0.0015576932882767232, -0.0011613539960672048, -0.0002851660369114679, 0.0016210654534280417, 0.0009180568846863298, 0.0006743537099222173, -0.004002530233714644, 0.0011491291136957568, -0.0005312304032704863, -0.0015040437208192646, -0.005663925165020726, -0.0014937250317562868, -0.0009617694067688746, 0.00419943614488802, -0.004680284676358672, -0.0003746656553947421, -0.00012568109241306688, -0.013395376277708829, 0.0013893913616498852, -0.0014172679757433436, 0.0005968217915285497, 0.0010666444913529497, 0.0002963798499184638, 0.004735308865263329, -0.005160271964173144, -0.0014084383571534545, 0.002150365007177857, 0.0007479331141945923, -0.0012474640417035662, -0.0034243370004770784, -0.005823697515575188, 0.0032102097584660446, -0.004955875080675871, 0.001377837833293859, 0.0018763345239857917, 0.001553864385344098, -0.0016825568391420328, -0.0006783195160980143, -0.012363640278650782, 0.0008729365206282301, -0.0004491053092843065, 0.001372939316321577, 0.0077154244874502, 0.0038665487519005523, 0.0005897687077246452, 0.00013739798708593777, 0.0008612775790609341, -0.0001455268785321307, 0.009082321384628136, 0.018223005234518794, 0.0017656252079582976, 0.009236333121892312, 0.004087147479453121, 0.009080566841008013, 0.00019010675428478892, 0.0039259490968840795, 0.005439588079502629, -0.0030159005419335676, -0.0059122732559865835, -0.007295542713615112, 0.002299958449592635, -0.0014541236304391558, -0.003443646765709246, -0.001712697826993226, -0.001521979039475596, 0.0027071598983027037, 3.489402110062618e-05, 0.002188741141196989, 0.0018757075099841806, -0.0034370662485229846, -0.0015258669133909474, -0.0037839143912358477, -0.0020591508181042415, -0.003118139752108327, -0.006938004949272835, -0.0011744317748073837, -7.09764897326411e-05, -0.0032056614488075747, 0.002648344631551343, 0.009795719909028434, -0.0025752375278820907, -0.002506590625877129, 0.0021979387588941714, -0.004996094774438446, -0.0007512763387596001, 0.0038989210214200234, -0.0004149163237681722, 0.005688455178475895, 0.0004162512473560257, -0.0006858341975204069, -0.003067875486026655, -0.002855426003602884, -0.0031958487904337023, -0.002451795073547883, 0.002840259510222028, 0.002024340032327295, 0.0029351888690144993, -0.0023316025728781567, 0.0002181270804503554, -0.0044034305945427794, -0.007045276378129302, -0.002622348905399029, -0.0021105928197612143, 0.0033762819914635945, -0.00031072424964837843, 0.0007552132338420571, 0.0015915276524875715, -0.0038678489487425265, -0.001812124313820886, -0.008469706523726455, -0.006035669470601879, 0.0036123237499902042, -2.9931524428509918e-05, 0.00028128279410673945, -0.00039722019838960097, 0.0038295550119088195, 0.004964543317721741, -0.0026077184877039716, -0.000804861861348146, -0.0008607764406489264, -0.004224713570522395, -0.0029401987659133746, 0.0005055150661884642, 0.005096153068592214, 0.001661908901417545, -0.005811811502327032, -0.004204305563142489, -0.006065569691558972, -0.006872298551041863, -0.0027573776093752977, -0.000855475527323144, -0.003780884163177983, -0.0005689799691791647, 0.012320904915385254, -0.00657238845253248, -0.007412222925831815, 0.0016043330992075817, -0.00594479924851651, -0.002658482046517698, -0.003306621067205879, -0.010773725997519025, -0.001450420031314342, -0.003899436857182463, -0.016680597715872457, -0.0009443249702176422, -0.0027444551682062265, -0.009140967868544606, 0.0044628650754659875, 0.0005326183537114485, -0.002764060064664395, -0.01039757649112856, 0.0032762096103176614, -0.0054822604920301485, -0.00909582626276105, -0.0016799901601560327, 0.011663176134325475, 0.006332284009167306, 0.009872889671732272, -0.0007762749460517105, -0.042811258256138615, 0.0]}]}
[36m(QueryClockGradientWorker pid=3999196)[0m [DT EOS minibatch] contrasts=4 length=1382 seconds=5.046228989958763 batch=6/24 d_min=-0.11865603118097656 d_max=0.1384667816282827[32m [repeated 4x across cluster][0m
[36m(QueryClockGradientWorker pid=3999196)[0m [DT EOS minibatch] contrasts=4 length=1638 seconds=3.6505333855748177 batch=8/24 d_min=-0.03955254851929141 d_max=0.02940253320375233[32m [repeated 4x across cluster][0m
[36m(QueryClockGradientWorker pid=3999196)[0m [DT EOS minibatch] contrasts=4 length=1840 seconds=4.8356200978159904 batch=10/24 d_min=-0.026748813978961117 d_max=0.07091348543507257[32m [repeated 4x across cluster][0m
[36m(QueryClockGradientWorker pid=4000891)[0m [DT EOS minibatch] contrasts=4 length=2029 seconds=4.836589019745588 batch=12/24 d_min=-0.023461864690690525 d_max=0.02351942164029091[32m [repeated 4x across cluster][0m
[36m(QueryClockGradientWorker pid=3999196)[0m [DT EOS minibatch] contrasts=4 length=2303 seconds=11.656430579721928 batch=14/24 d_min=-0.020536573284487845 d_max=0.040394590393897[32m [repeated 4x across cluster][0m
[36m(QueryClockGradientWorker pid=3999196)[0m [DT EOS minibatch] contrasts=4 length=2559 seconds=4.233545958995819 batch=16/24 d_min=-0.006899206433045092 d_max=0.021578865264605417[32m [repeated 4x across cluster][0m
[36m(QueryClockGradientWorker pid=3999196)[0m [DT EOS minibatch] contrasts=4 length=2903 seconds=4.941561404615641 batch=18/24 d_min=-0.013549662057457392 d_max=0.026028007503127677[32m [repeated 4x across cluster][0m
[36m(QueryClockGradientWorker pid=3999196)[0m [DT EOS minibatch] contrasts=4 length=3161 seconds=4.087570555508137 batch=20/24 d_min=-0.005052008267336018 d_max=0.03348732999227218[32m [repeated 4x across cluster][0m
[36m(QueryClockGradientWorker pid=3999196)[0m [DT EOS minibatch] contrasts=4 length=3284 seconds=5.675053831189871 batch=21/24 d_min=-0.009226893761949628 d_max=0.016982051105198633[32m [repeated 2x across cluster][0m
[36m(QueryClockGradientWorker pid=3999196)[0m [DT EOS minibatch] contrasts=4 length=4105 seconds=9.091409735381603 batch=23/24 d_min=-0.025488071785993948 d_max=0.0253188982199462[32m [repeated 4x across cluster][0m
[36m(QueryClockGradientWorker pid=3999196)[0m [DT EOS minibatch] contrasts=4 length=5226 seconds=10.037085343152285 batch=24/24 d_min=-0.03153954660148226 d_max=0.05904972459297533[32m [repeated 2x across cluster][0m
[36m(QueryClockGradientWorker pid=3999196)[0m [DeltaTrace readout] {"task": "TextCraft", "policy_tokens": 18041, "nonzero_reward_events": 11, "finite_trace_calls": 24, "event_contrasts": 96, "minibatch_size": 4, "max_readout_length": 5226, "actual_row_lengths": [564, 576, 706, 709, 724, 735, 738, 771, 788, 841, 858, 885, 908, 943, 971, 990, 1016, 1031, 1040, 1060, 1100, 1122, 1144, 1156, 1157, 1167, 1173, 1221, 1248, 1324, 1406, 1412, 1432, 1437, 1533, 1545, 1587, 1587, 1608, 1614, 1641, 1660, 1710, 1715, 1755, 1782, 1792, 1812, 1820, 1852, 1928, 1930, 1953, 2008, 2075, 2077, 2147, 2158, 2190, 2203, 2250, 2262, 2296, 2332, 2353, 2422, 2423, 2443, 2525, 2561, 2580, 2676, 2687, 2717, 2747, 2796, 2809, 2860, 2876, 2935, 2964, 2966, 3023, 3057, 3143, 3159, 3259, 3262, 3383, 3551, 3671, 3878, 4290, 4631, 4787, 4999], "traces": [{"episode_index": 0, "source_step": 0, "observed_return": 1.0, "context_tokens": 790, "compute_tokens": 935, "query_tokens": 225, "root_effect": -0.21107551455497742, "signed_sum": -0.2114981369806479, "conservation_residual": 0.00042262242567048247, "conservation_tolerance": 0.02, "conservation_verified": true, "owner_batch_index": 0, "source_log_ratio_min": -0.08426225594670625, "source_log_ratio_max": 0.03466498105243178, "source_log_ratio_min_index": 3, "source_log_ratio_max_index": 4, "factual_target_logp": -0.3023419976234436, "reference_target_logp": -0.09126648306846619}, {"episode_index": 0, "source_step": 0, "observed_return": 1.0, "context_tokens": 802, "compute_tokens": 935, "query_tokens": 225, "root_effect": -0.1698717400431633, "signed_sum": -0.18795386764193556, "conservation_residual": 0.018082127598772257, "conservation_tolerance": 0.02, "conservation_verified": true, "owner_batch_index": 0, "source_log_ratio_min": -0.07401053055602932, "source_log_ratio_max": 0.03033119440740936, "source_log_ratio_min_index": 3, "source_log_ratio_max_index": 4, "factual_target_logp": -0.25745296478271484, "reference_target_logp": -0.08758122473955154}, {"episode_index": 0, "source_step": 0, "observed_return": 1.0, "context_tokens": 932, "compute_tokens": 935, "query_tokens": 225, "root_effect": -0.3877333477139473, "signed_sum": -0.41894493314277137, "conservation_residual": 0.031211585428824073, "conservation_tolerance": 0.02, "conservation_verified": false, "owner_batch_index": 0, "source_log_ratio_min": -0.10749849542013784, "source_log_ratio_max": 0.029632897515149983, "source_log_ratio_min_index": 0, "source_log_ratio_max_index": 4, "factual_target_logp": -0.46724677085876465, "reference_target_logp": -0.07951342314481735}, {"episode_index": 0, "source_step": 0, "observed_return": 1.0, "context_tokens": 935, "compute_tokens": 935, "query_tokens": 225, "root_effect": -0.26937542110681534, "signed_sum": -0.27093568028792064, "conservation_residual": 0.0015602591811053057, "conservation_tolerance": 0.02, "conservation_verified": true, "owner_batch_index": 0, "source_log_ratio_min": -0.08386514227835215, "source_log_ratio_max": 0.014000621154051304, "source_log_ratio_min_index": 0, "source_log_ratio_max_index": 4, "factual_target_logp": -0.3903335928916931, "reference_target_logp": -0.12095817178487778}, {"episode_index": 0, "source_step": 1, "observed_return": 1.0, "context_tokens": 950, "compute_tokens": 997, "query_tokens": 225, "root_effect": 0.23784537613391876, "signed_sum": 0.25522938529572176, "conservation_residual": -0.017384009161802993, "conservation_tolerance": 0.02, "conservation_verified": true, "owner_batch_index": 1, "source_log_ratio_min": -0.037048404715077074, "source_log_ratio_max": 0.04993354164792975, "source_log_ratio_min_index": 3, "source_log_ratio_max_index": 0, "factual_target_logp": -0.1359458714723587, "reference_target_logp": -0.37379124760627747}, {"episode_index": 0, "source_step": 0, "observed_return": 1.0, "context_tokens": 961, "compute_tokens": 997, "query_tokens": 225, "root_effect": 0.06155708432197571, "signed_sum": 0.06745751212900974, "conservation_residual": -0.005900427807034037, "conservation_tolerance": 0.02, "conservation_verified": true, "owner_batch_index": 1, "source_log_ratio_min": -0.04735652939298383, "source_log_ratio_max": 0.020082926762758784, "source_log_ratio_min_index": 331, "source_log_ratio_max_index": 332, "factual_target_logp": -0.15209831297397614, "reference_target_logp": -0.21365539729595184}, {"episode_index": 0, "source_step": 1, "observed_return": 1.0, "context_tokens": 964, "compute_tokens": 997, "query_tokens": 225, "root_effect": 0.16108696162700653, "signed_sum": 0.1778255142058451, "conservation_residual": -0.016738552578838578, "conservation_tolerance": 0.02, "conservation_verified": true, "owner_batch_index": 1, "source_log_ratio_min": -0.030867994695335424, "source_log_ratio_max": 0.04008330920077621, "source_log_ratio_min_index": 3, "source_log_ratio_max_index": 0, "factual_target_logp": -0.15086232125759125, "reference_target_logp": -0.3119492828845978}, {"episode_index": 0, "source_step": 1, "observed_return": 1.0, "context_tokens": 997, "compute_tokens": 997, "query_tokens": 225, "root_effect": -0.2015078067779541, "signed_sum": -0.19678960598575893, "conservation_residual": -0.004718200792195176, "conservation_tolerance": 0.02, "conservation_verified": true, "owner_batch_index": 1, "source_log_ratio_min": -0.03447663935990858, "source_log_ratio_max": 0.0413203634541031, "source_log_ratio_min_index": 3, "source_log_ratio_max_index": 2, "factual_target_logp": -0.5158297419548035, "reference_target_logp": -0.31432193517684937}, {"episode_index": 0, "source_step": 0, "observed_return": 1.0, "context_tokens": 1014, "compute_tokens": 1111, "query_tokens": 225, "root_effect": -0.26465781033039093, "signed_sum": -0.26284783888391056, "conservation_residual": -0.001809971446480374, "conservation_tolerance": 0.02, "conservation_verified": true, "owner_batch_index": 2, "source_log_ratio_min": -0.07828297718337729, "source_log_ratio_max": 0.024352497551484373, "source_log_ratio_min_index": 3, "source_log_ratio_max_index": 4, "factual_target_logp": -0.3416576385498047, "reference_target_logp": -0.07699982821941376}, {"episode_index": 0, "source_step": 1, "observed_return": 1.0, "context_tokens": 1067, "compute_tokens": 1111, "query_tokens": 225, "root_effect": 0.24997016787528992, "signed_sum": 0.22391646076633415, "conservation_residual": 0.02605370710895577, "conservation_tolerance": 0.02, "conservation_verified": false, "owner_batch_index": 2, "source_log_ratio_min": -0.028903027771814777, "source_log_ratio_max": 0.0643865920852401, "source_log_ratio_min_index": 3, "source_log_ratio_max_index": 0, "factual_target_logp": -0.14134883880615234, "reference_target_logp": -0.39131900668144226}, {"episode_index": 0, "source_step": 0, "observed_return": 1.0, "context_tokens": 1084, "compute_tokens": 1111, "query_tokens": 225, "root_effect": -0.1611068695783615, "signed_sum": -0.14835100353968517, "conservation_residual": -0.012755866038676344, "conservation_tolerance": 0.02, "conservation_verified": true, "owner_batch_index": 2, "source_log_ratio_min": -0.12650727245019439, "source_log_ratio_max": 0.025697513598301823, "source_log_ratio_min_index": 0, "source_log_ratio_max_index": 398, "factual_target_logp": -0.37767788767814636, "reference_target_logp": -0.21657101809978485}, {"episode_index": 0, "source_step": 2, "observed_return": 1.0, "context_tokens": 1111, "compute_tokens": 1111, "query_tokens": 225, "root_effect": 0.05276186764240265, "signed_sum": 0.05733435753205954, "conservation_residual": -0.004572489889656889, "conservation_tolerance": 0.02, "conservation_verified": true, "owner_batch_index": 2, "source_log_ratio_min": -0.005849645087877481, "source_log_ratio_max": 0.017948685215567833, "source_log_ratio_min_index": 3, "source_log_ratio_max_index": 0, "factual_target_logp": -0.08345814049243927, "reference_target_logp": -0.13622000813484192}, {"episode_index": 0, "source_step": 2, "observed_return": 1.0, "context_tokens": 1134, "compute_tokens": 1216, "query_tokens": 225, "root_effect": 0.08515244722366333, "signed_sum": 0.08686184521206834, "conservation_residual": -0.001709397988405012, "conservation_tolerance": 0.02, "conservation_verified": true, "owner_batch_index": 3, "source_log_ratio_min": -0.004447973428470656, "source_log_ratio_max": 0.012218653696597675, "source_log_ratio_min_index": 3, "source_log_ratio_max_index": 0, "factual_target_logp": -0.03537118434906006, "reference_target_logp": -0.12052363157272339}, {"episode_index": 0, "source_step": 0, "observed_return": 1.0, "context_tokens": 1169, "compute_tokens": 1216, "query_tokens": 225, "root_effect": 0.04398191720247269, "signed_sum": 0.05066140182950413, "conservation_residual": -0.00667948462703144, "conservation_tolerance": 0.02, "conservation_verified": true, "owner_batch_index": 3, "source_log_ratio_min": -0.0334520581486153, "source_log_ratio_max": 0.01489343861189308, "source_log_ratio_min_index": 0, "source_log_ratio_max_index": 389, "factual_target_logp": -0.10699162632226944, "reference_target_logp": -0.15097354352474213}, {"episode_index": 0, "source_step": 0, "observed_return": 1.0, "context_tokens": 1197, "compute_tokens": 1216, "query_tokens": 225, "root_effect": -0.053864315152168274, "signed_sum": -0.05827325104526463, "conservation_residual": 0.0044089358930963565, "conservation_tolerance": 0.02, "conservation_verified": true, "owner_batch_index": 3, "source_log_ratio_min": -0.02659133427444921, "source_log_ratio_max": 0.006780212364700445, "source_log_ratio_min_index": 2, "source_log_ratio_max_index": 1, "factual_target_logp": -0.20021849870681763, "reference_target_logp": -0.14635418355464935}, {"episode_index": 0, "source_step": 1, "observed_return": 1.0, "context_tokens": 1216, "compute_tokens": 1216, "query_tokens": 225, "root_effect": 0.06983378529548645, "signed_sum": 0.06482647150916938, "conservation_residual": 0.005007313786317066, "conservation_tolerance": 0.02, "conservation_verified": true, "owner_batch_index": 3, "source_log_ratio_min": -0.06675093306880225, "source_log_ratio_max": 0.04300938315714317, "source_log_ratio_min_index": 3, "source_log_ratio_max_index": 0, "factual_target_logp": -0.23910361528396606, "reference_target_logp": -0.3089374005794525}, {"episode_index": 0, "source_step": 3, "observed_return": 1.0, "context_tokens": 1242, "compute_tokens": 1286, "query_tokens": 225, "root_effect": 0.04236777126789093, "signed_sum": 0.04331766910390964, "conservation_residual": -0.0009498978360187108, "conservation_tolerance": 0.02, "conservation_verified": true, "owner_batch_index": 4, "source_log_ratio_min": -0.004265026573812273, "source_log_ratio_max": 0.010399863147355443, "source_log_ratio_min_index": 3, "source_log_ratio_max_index": 0, "factual_target_logp": -0.04391428828239441, "reference_target_logp": -0.08628205955028534}, {"episode_index": 0, "source_step": 0, "observed_return": 1.0, "context_tokens": 1257, "compute_tokens": 1286, "query_tokens": 225, "root_effect": 0.07683248817920685, "signed_sum": 0.07897148695059189, "conservation_residual": -0.0021389987713850422, "conservation_tolerance": 0.02, "conservation_verified": true, "owner_batch_index": 4, "source_log_ratio_min": -0.013028586097661506, "source_log_ratio_max": 0.0090643637658873, "source_log_ratio_min_index": 0, "source_log_ratio_max_index": 102, "factual_target_logp": -0.2320101112127304, "reference_target_logp": -0.30884259939193726}, {"episode_index": 0, "source_step": 3, "observed_return": 1.0, "context_tokens": 1266, "compute_tokens": 1286, "query_tokens": 225, "root_effect": 0.007591269910335541, "signed_sum": 0.008064794660392855, "conservation_residual": -0.00047352475005731434, "conservation_tolerance": 0.02, "conservation_verified": true, "owner_batch_index": 4, "source_log_ratio_min": -0.00790427779130809, "source_log_ratio_max": 0.007270794715037977, "source_log_ratio_min_index": 3, "source_log_ratio_max_index": 0, "factual_target_logp": -0.11170388758182526, "reference_target_logp": -0.1192951574921608}, {"episode_index": 0, "source_step": 0, "observed_return": 1.0, "context_tokens": 1286, "compute_tokens": 1286, "query_tokens": 225, "root_effect": -0.36452536284923553, "signed_sum": -0.3709286238209952, "conservation_residual": 0.006403260971759639, "conservation_tolerance": 0.02, "conservation_verified": true, "owner_batch_index": 4, "source_log_ratio_min": -0.15054479058432804, "source_log_ratio_max": 0.02820303462738731, "source_log_ratio_min_index": 0, "source_log_ratio_max_index": 5, "factual_target_logp": -0.5515589118003845, "reference_target_logp": -0.187033548951149}, {"episode_index": 0, "source_step": 1, "observed_return": 1.0, "context_tokens": 1326, "compute_tokens": 1382, "query_tokens": 225, "root_effect": 0.16946667432785034, "signed_sum": 0.17509958477630005, "conservation_residual": -0.005632910448449713, "conservation_tolerance": 0.02, "conservation_verified": true, "owner_batch_index": 5, "source_log_ratio_min": -0.11865603118097656, "source_log_ratio_max": 0.1384667816282827, "source_log_ratio_min_index": 0, "source_log_ratio_max_index": 2, "factual_target_logp": -0.5045568943023682, "reference_target_logp": -0.6740235686302185}, {"episode_index": 0, "source_step": 4, "observed_return": 1.0, "context_tokens": 1348, "compute_tokens": 1382, "query_tokens": 225, "root_effect": 0.017013773322105408, "signed_sum": 0.020563389073858386, "conservation_residual": -0.0035496157517529783, "conservation_tolerance": 0.02, "conservation_verified": true, "owner_batch_index": 5, "source_log_ratio_min": -0.0032068163336440884, "source_log_ratio_max": 0.012601973802045065, "source_log_ratio_min_index": 64, "source_log_ratio_max_index": 0, "factual_target_logp": -0.07509183138608932, "reference_target_logp": -0.09210560470819473}, {"episode_index": 0, "source_step": 0, "observed_return": 1.0, "context_tokens": 1370, "compute_tokens": 1382, "query_tokens": 225, "root_effect": -0.09694403409957886, "signed_sum": -0.10145479966020401, "conservation_residual": 0.004510765560625157, "conservation_tolerance": 0.02, "conservation_verified": true, "owner_batch_index": 5, "source_log_ratio_min": -0.06319782469014835, "source_log_ratio_max": 0.010230921620274357, "source_log_ratio_min_index": 0, "source_log_ratio_max_index": 4, "factual_target_logp": -0.2406473159790039, "reference_target_logp": -0.14370328187942505}, {"episode_index": 0, "source_step": 0, "observed_return": 1.0, "context_tokens": 1382, "compute_tokens": 1382, "query_tokens": 225, "root_effect": -0.06180402636528015, "signed_sum": -0.05911289989982165, "conservation_residual": -0.0026911264654585, "conservation_tolerance": 0.02, "conservation_verified": true, "owner_batch_index": 5, "source_log_ratio_min": -0.04726801526090882, "source_log_ratio_max": 0.008270015286028297, "source_log_ratio_min_index": 0, "source_log_ratio_max_index": 495, "factual_target_logp": -0.22487011551856995, "reference_target_logp": -0.1630660891532898}, {"episode_index": 0, "source_step": 1, "observed_return": 1.0, "context_tokens": 1383, "compute_tokens": 1447, "query_tokens": 225, "root_effect": 0.3871582895517349, "signed_sum": 0.38369567662986503, "conservation_residual": 0.0034626129218698898, "conservation_tolerance": 0.02, "conservation_verified": true, "owner_batch_index": 6, "source_log_ratio_min": -0.021564386512287995, "source_log_ratio_max": 0.05572854962352046, "source_log_ratio_min_index": 3, "source_log_ratio_max_index": 0, "factual_target_logp": -0.14732758700847626, "reference_target_logp": -0.5344858765602112}, {"episode_index": 0, "source_step": 2, "observed_return": 1.0, "context_tokens": 1393, "compute_tokens": 1447, "query_tokens": 225, "root_effect": -0.12681883573532104, "signed_sum": -0.13111934809818124, "conservation_residual": 0.004300512362860193, "conservation_tolerance": 0.02, "conservation_verified": true, "owner_batch_index": 6, "source_log_ratio_min": -0.03233379968457119, "source_log_ratio_max": 0.039894614657728915, "source_log_ratio_min_index": 44, "source_log_ratio_max_index": 0, "factual_target_logp": -0.3892137110233307, "reference_target_logp": -0.26239487528800964}, {"episode_index": 0, "source_step": 1, "observed_return": 1.0, "context_tokens": 1399, "compute_tokens": 1447, "query_tokens": 225, "root_effect": 0.03556625545024872, "signed_sum": 0.030718773836786676, "conservation_residual": 0.004847481613462042, "conservation_tolerance": 0.02, "conservation_verified": true, "owner_batch_index": 6, "source_log_ratio_min": -0.035311079381592586, "source_log_ratio_max": 0.018488055062693895, "source_log_ratio_min_index": 133, "source_log_ratio_max_index": 134, "factual_target_logp": -0.15080522000789642, "reference_target_logp": -0.18637147545814514}, {"episode_index": 0, "source_step": 1, "observed_return": 1.0, "context_tokens": 1447, "compute_tokens": 1447, "query_tokens": 225, "root_effect": 0.06333234161138535, "signed_sum": 0.06385802394936327, "conservation_residual": -0.000525682337977923, "conservation_tolerance": 0.02, "conservation_verified": true, "owner_batch_index": 6, "source_log_ratio_min": -0.009295165897576438, "source_log_ratio_max": 0.008876724643827697, "source_log_ratio_min_index": 142, "source_log_ratio_max_index": 254, "factual_target_logp": -0.10081496089696884, "reference_target_logp": -0.1641473025083542}, {"episode_index": 0, "source_step": 1, "observed_return": 1.0, "context_tokens": 1474, "compute_tokens": 1638, "query_tokens": 225, "root_effect": 0.0430024117231369, "signed_sum": 0.036626155375474104, "conservation_residual": 0.006376256347662798, "conservation_tolerance": 0.02, "conservation_verified": true, "owner_batch_index": 7, "source_log_ratio_min": -0.03679616359500384, "source_log_ratio_max": 0.015195799547557398, "source_log_ratio_min_index": 0, "source_log_ratio_max_index": 4, "factual_target_logp": -0.1575024425983429, "reference_target_logp": -0.2005048543214798}, {"episode_index": 0, "source_step": 3, "observed_return": 1.0, "context_tokens": 1550, "compute_tokens": 1638, "query_tokens": 225, "root_effect": -0.14444348216056824, "signed_sum": -0.14610608581372672, "conservation_residual": 0.0016626036531584842, "conservation_tolerance": 0.02, "conservation_verified": true, "owner_batch_index": 7, "source_log_ratio_min": -0.03955254851929141, "source_log_ratio_max": 0.02940253320375233, "source_log_ratio_min_index": 114, "source_log_ratio_max_index": 2, "factual_target_logp": -0.5460142493247986, "reference_target_logp": -0.40157076716423035}, {"episode_index": 0, "source_step": 2, "observed_return": 1.0, "context_tokens": 1632, "compute_tokens": 1638, "query_tokens": 225, "root_effect": 0.05084332823753357, "signed_sum": 0.06428595972591006, "conservation_residual": -0.013442631488376489, "conservation_tolerance": 0.02, "conservation_verified": true, "owner_batch_index": 7, "source_log_ratio_min": -0.0329956795215961, "source_log_ratio_max": 0.017385942674588976, "source_log_ratio_min_index": 154, "source_log_ratio_max_index": 207, "factual_target_logp": -0.2565840780735016, "reference_target_logp": -0.30742740631103516}, {"episode_index": 0, "source_step": 4, "observed_return": 1.0, "context_tokens": 1638, "compute_tokens": 1638, "query_tokens": 225, "root_effect": 0.019406378269195557, "signed_sum": 0.011594012656582858, "conservation_residual": 0.007812365612612698, "conservation_tolerance": 0.02, "conservation_verified": true, "owner_batch_index": 7, "source_log_ratio_min": -0.007491900232703422, "source_log_ratio_max": 0.017656058793799168, "source_log_ratio_min_index": 2, "source_log_ratio_max_index": 0, "factual_target_logp": -0.12441141903400421, "reference_target_logp": -0.14381779730319977}, {"episode_index": 0, "source_step": 4, "observed_return": 1.0, "context_tokens": 1658, "compute_tokens": 1771, "query_tokens": 225, "root_effect": 0.13799075782299042, "signed_sum": 0.13787498024962802, "conservation_residual": 0.00011577757336239669, "conservation_tolerance": 0.02, "conservation_verified": true, "owner_batch_index": 8, "source_log_ratio_min": -0.01970557745069461, "source_log_ratio_max": 0.03178139543379063, "source_log_ratio_min_index": 65, "source_log_ratio_max_index": 31, "factual_target_logp": -0.24693717062473297, "reference_target_logp": -0.3849279284477234}, {"episode_index": 0, "source_step": 2, "observed_return": 1.0, "context_tokens": 1663, "compute_tokens": 1771, "query_tokens": 225, "root_effect": 0.15444861352443695, "signed_sum": 0.134674985975409, "conservation_residual": 0.01977362754902795, "conservation_tolerance": 0.02, "conservation_verified": true, "owner_batch_index": 8, "source_log_ratio_min": -0.03641359844853672, "source_log_ratio_max": 0.03528778710515211, "source_log_ratio_min_index": 67, "source_log_ratio_max_index": 0, "factual_target_logp": -0.24589361250400543, "reference_target_logp": -0.4003422260284424}, {"episode_index": 0, "source_step": 1, "observed_return": 1.0, "context_tokens": 1759, "compute_tokens": 1771, "query_tokens": 225, "root_effect": 0.13005725294351578, "signed_sum": 0.12974736048265173, "conservation_residual": 0.0003098924608640474, "conservation_tolerance": 0.02, "conservation_verified": true, "owner_batch_index": 8, "source_log_ratio_min": -0.013095374796516958, "source_log_ratio_max": 0.02515861327033857, "source_log_ratio_min_index": 3, "source_log_ratio_max_index": 2, "factual_target_logp": -0.1086956337094307, "reference_target_logp": -0.23875288665294647}, {"episode_index": 0, "source_step": 5, "observed_return": 1.0, "context_tokens": 1771, "compute_tokens": 1771, "query_tokens": 225, "root_effect": 0.03760811686515808, "signed_sum": 0.036133574511279035, "conservation_residual": 0.0014745423538790464, "conservation_tolerance": 0.02, "conservation_verified": true, "owner_batch_index": 8, "source_log_ratio_min": -0.006375527718788597, "source_log_ratio_max": 0.016260939864222737, "source_log_ratio_min_index": 3, "source_log_ratio_max_index": 0, "factual_target_logp": -0.10694417357444763, "reference_target_logp": -0.1445522904396057}, {"episode_index": 0, "source_step": 2, "observed_return": 1.0, "context_tokens": 1813, "compute_tokens": 1840, "query_tokens": 225, "root_effect": 0.007806107401847839, "signed_sum": 0.01882352281382553, "conservation_residual": -0.01101741541197769, "conservation_tolerance": 0.02, "conservation_verified": true, "owner_batch_index": 9, "source_log_ratio_min": -0.012960301152021294, "source_log_ratio_max": 0.02694476951592044, "source_log_ratio_min_index": 3, "source_log_ratio_max_index": 326, "factual_target_logp": -0.23175542056560516, "reference_target_logp": -0.239561527967453}, {"episode_index": 0, "source_step": 3, "observed_return": 1.0, "context_tokens": 1813, "compute_tokens": 1840, "query_tokens": 225, "root_effect": 0.27360355854034424, "signed_sum": 0.25034306429651937, "conservation_residual": 0.02326049424382487, "conservation_tolerance": 0.02, "conservation_verified": false, "owner_batch_index": 9, "source_log_ratio_min": -0.026748813978961117, "source_log_ratio_max": 0.07091348543507257, "source_log_ratio_min_index": 3, "source_log_ratio_max_index": 0, "factual_target_logp": -0.37141740322113037, "reference_target_logp": -0.6450209617614746}, {"episode_index": 0, "source_step": 2, "observed_return": 1.0, "context_tokens": 1834, "compute_tokens": 1840, "query_tokens": 225, "root_effect": 0.08070109784603119, "signed_sum": 0.07760110409029664, "conservation_residual": 0.0030999937557345536, "conservation_tolerance": 0.02, "conservation_verified": true, "owner_batch_index": 9, "source_log_ratio_min": -0.018516808398059227, "source_log_ratio_max": 0.011856998184330215, "source_log_ratio_min_index": 328, "source_log_ratio_max_index": 0, "factual_target_logp": -0.11305372416973114, "reference_target_logp": -0.19375482201576233}, {"episode_index": 0, "source_step": 6, "observed_return": 1.0, "context_tokens": 1840, "compute_tokens": 1840, "query_tokens": 225, "root_effect": 0.05478981137275696, "signed_sum": 0.05128242169240816, "conservation_residual": 0.0035073896803487978, "conservation_tolerance": 0.02, "conservation_verified": true, "owner_batch_index": 9, "source_log_ratio_min": -0.00738726746144585, "source_log_ratio_max": 0.02907178451508791, "source_log_ratio_min_index": 3, "source_log_ratio_max_index": 0, "factual_target_logp": -0.15982702374458313, "reference_target_logp": -0.2146168351173401}, {"episode_index": 0, "source_step": 3, "observed_return": 1.0, "context_tokens": 1867, "compute_tokens": 1941, "query_tokens": 225, "root_effect": 0.16008619964122772, "signed_sum": 0.15223977052850532, "conservation_residual": 0.007846429112722403, "conservation_tolerance": 0.02, "conservation_verified": true, "owner_batch_index": 10, "source_log_ratio_min": -0.01695874015336281, "source_log_ratio_max": 0.014006198568689709, "source_log_ratio_min_index": 164, "source_log_ratio_max_index": 0, "factual_target_logp": -0.06813809275627136, "reference_target_logp": -0.22822429239749908}, {"episode_index": 0, "source_step": 1, "observed_return": 1.0, "context_tokens": 1886, "compute_tokens": 1941, "query_tokens": 225, "root_effect": 0.07719704508781433, "signed_sum": 0.07589865247908613, "conservation_residual": 0.0012983926087282022, "conservation_tolerance": 0.02, "conservation_verified": true, "owner_batch_index": 10, "source_log_ratio_min": -0.010850405053304061, "source_log_ratio_max": 0.03066287648624634, "source_log_ratio_min_index": 501, "source_log_ratio_max_index": 0, "factual_target_logp": -0.13694867491722107, "reference_target_logp": -0.2141457200050354}, {"episode_index": 0, "source_step": 7, "observed_return": 1.0, "context_tokens": 1936, "compute_tokens": 1941, "query_tokens": 225, "root_effect": 0.06543896719813347, "signed_sum": 0.06726337576742823, "conservation_residual": -0.0018244085692947637, "conservation_tolerance": 0.02, "conservation_verified": true, "owner_batch_index": 10, "source_log_ratio_min": -0.0058102814313404135, "source_log_ratio_max": 0.016622846271260587, "source_log_ratio_min_index": 3, "source_log_ratio_max_index": 0, "factual_target_logp": -0.05935879424214363, "reference_target_logp": -0.1247977614402771}, {"episode_index": 0, "source_step": 4, "observed_return": 1.0, "context_tokens": 1941, "compute_tokens": 1941, "query_tokens": 225, "root_effect": 0.019556760787963867, "signed_sum": 0.01842262040139426, "conservation_residual": 0.0011341403865696084, "conservation_tolerance": 0.02, "conservation_verified": true, "owner_batch_index": 10, "source_log_ratio_min": -0.003734665484573711, "source_log_ratio_max": 0.0076999413622980606, "source_log_ratio_min_index": 3, "source_log_ratio_max_index": 0, "factual_target_logp": -0.08255025744438171, "reference_target_logp": -0.10210701823234558}, {"episode_index": 0, "source_step": 3, "observed_return": 1.0, "context_tokens": 1981, "compute_tokens": 2038, "query_tokens": 225, "root_effect": 0.09641347825527191, "signed_sum": 0.09361274944379926, "conservation_residual": 0.0028007288114726553, "conservation_tolerance": 0.02, "conservation_verified": true, "owner_batch_index": 11, "source_log_ratio_min": -0.0035912735387819243, "source_log_ratio_max": 0.00584433574711347, "source_log_ratio_min_index": 62, "source_log_ratio_max_index": 0, "factual_target_logp": -0.038485437631607056, "reference_target_logp": -0.13489891588687897}, {"episode_index": 0, "source_step": 2, "observed_return": 1.0, "context_tokens": 2008, "compute_tokens": 2038, "query_tokens": 225, "root_effect": 0.061793357133865356, "signed_sum": 0.0627019592219424, "conservation_residual": -0.0009086020880770401, "conservation_tolerance": 0.02, "conservation_verified": true, "owner_batch_index": 11, "source_log_ratio_min": -0.01411283469620267, "source_log_ratio_max": 0.014091706621967036, "source_log_ratio_min_index": 448, "source_log_ratio_max_index": 0, "factual_target_logp": -0.18505451083183289, "reference_target_logp": -0.24684786796569824}, {"episode_index": 0, "source_step": 5, "observed_return": 1.0, "context_tokens": 2018, "compute_tokens": 2038, "query_tokens": 225, "root_effect": -0.013066738843917847, "signed_sum": -0.028459773451477256, "conservation_residual": 0.015393034607559409, "conservation_tolerance": 0.02, "conservation_verified": true, "owner_batch_index": 11, "source_log_ratio_min": -0.010530323563632708, "source_log_ratio_max": 0.015345293130037374, "source_log_ratio_min_index": 71, "source_log_ratio_max_index": 0, "factual_target_logp": -0.2055690586566925, "reference_target_logp": -0.19250231981277466}, {"episode_index": 0, "source_step": 5, "observed_return": 1.0, "context_tokens": 2038, "compute_tokens": 2038, "query_tokens": 225, "root_effect": 0.03624716401100159, "signed_sum": 0.03535464143513236, "conservation_residual": 0.0008925225758692271, "conservation_tolerance": 0.02, "conservation_verified": true, "owner_batch_index": 11, "source_log_ratio_min": -0.016904074877334543, "source_log_ratio_max": 0.029438771321941375, "source_log_ratio_min_index": 3, "source_log_ratio_max_index": 0, "factual_target_logp": -0.32104170322418213, "reference_target_logp": -0.3572888672351837}, {"episode_index": 0, "source_step": 3, "observed_return": 1.0, "context_tokens": 2046, "compute_tokens": 2156, "query_tokens": 225, "root_effect": 0.0983053520321846, "signed_sum": 0.09325204219206581, "conservation_residual": 0.005053309840118786, "conservation_tolerance": 0.02, "conservation_verified": true, "owner_batch_index": 12, "source_log_ratio_min": -0.007058722129176669, "source_log_ratio_max": 0.013510777110927744, "source_log_ratio_min_index": 3, "source_log_ratio_max_index": 0, "factual_target_logp": -0.08856267482042313, "reference_target_logp": -0.18686802685260773}, {"episode_index": 0, "source_step": 6, "observed_return": 1.0, "context_tokens": 2078, "compute_tokens": 2156, "query_tokens": 225, "root_effect": 0.03201127052307129, "signed_sum": 0.031254307581815494, "conservation_residual": 0.0007569629412557954, "conservation_tolerance": 0.02, "conservation_verified": true, "owner_batch_index": 12, "source_log_ratio_min": -0.008198150787068353, "source_log_ratio_max": 0.015928464954498713, "source_log_ratio_min_index": 3, "source_log_ratio_max_index": 0, "factual_target_logp": -0.15216834843158722, "reference_target_logp": -0.1841796189546585}, {"episode_index": 0, "source_step": 9, "observed_return": 1.0, "context_tokens": 2155, "compute_tokens": 2156, "query_tokens": 226, "root_effect": 0.06984187662601471, "signed_sum": 0.0702768142813128, "conservation_residual": -0.0004349376552980899, "conservation_tolerance": 0.02, "conservation_verified": true, "owner_batch_index": 12, "source_log_ratio_min": -0.00562741599220619, "source_log_ratio_max": 0.01873891712157426, "source_log_ratio_min_index": 3, "source_log_ratio_max_index": 0, "factual_target_logp": -0.0853397399187088, "reference_target_logp": -0.1551816165447235}, {"episode_index": 0, "source_step": 3, "observed_return": 1.0, "context_tokens": 2156, "compute_tokens": 2156, "query_tokens": 225, "root_effect": 0.02242264896631241, "signed_sum": 0.02402211993090292, "conservation_residual": -0.0015994709645905103, "conservation_tolerance": 0.02, "conservation_verified": true, "owner_batch_index": 12, "source_log_ratio_min": -0.006818128513395688, "source_log_ratio_max": 0.017703451925234148, "source_log_ratio_min_index": 3, "source_log_ratio_max_index": 0, "factual_target_logp": -0.11455824226140976, "reference_target_logp": -0.13698089122772217}, {"episode_index": 0, "source_step": 6, "observed_return": 1.0, "context_tokens": 2179, "compute_tokens": 2303, "query_tokens": 225, "root_effect": 0.06579786539077759, "signed_sum": 0.06404417719809101, "conservation_residual": 0.0017536881926865783, "conservation_tolerance": 0.02, "conservation_verified": true, "owner_batch_index": 13, "source_log_ratio_min": -0.012331281419739012, "source_log_ratio_max": 0.021048391880217836, "source_log_ratio_min_index": 3, "source_log_ratio_max_index": 109, "factual_target_logp": -0.24547943472862244, "reference_target_logp": -0.3112773001194}, {"episode_index": 0, "source_step": 8, "observed_return": 1.0, "context_tokens": 2234, "compute_tokens": 2303, "query_tokens": 225, "root_effect": 0.04151889681816101, "signed_sum": 0.04729645688852768, "conservation_residual": -0.005777560070366672, "conservation_tolerance": 0.02, "conservation_verified": true, "owner_batch_index": 13, "source_log_ratio_min": -0.006160762612957545, "source_log_ratio_max": 0.01704403503034319, "source_log_ratio_min_index": 3, "source_log_ratio_max_index": 0, "factual_target_logp": -0.1477561891078949, "reference_target_logp": -0.1892750859260559}, {"episode_index": 0, "source_step": 3, "observed_return": 1.0, "context_tokens": 2301, "compute_tokens": 2303, "query_tokens": 225, "root_effect": 0.14434589445590973, "signed_sum": 0.11584034975837712, "conservation_residual": 0.02850554469753261, "conservation_tolerance": 0.02, "conservation_verified": false, "owner_batch_index": 13, "source_log_ratio_min": -0.013599026113576884, "source_log_ratio_max": 0.025939760779458986, "source_log_ratio_min_index": 3, "source_log_ratio_max_index": 0, "factual_target_logp": -0.18863235414028168, "reference_target_logp": -0.3329782485961914}, {"episode_index": 0, "source_step": 6, "observed_return": 1.0, "context_tokens": 2303, "compute_tokens": 2303, "query_tokens": 225, "root_effect": 0.04444986581802368, "signed_sum": 0.048730272826397615, "conservation_residual": -0.0042804070083739335, "conservation_tolerance": 0.02, "conservation_verified": true, "owner_batch_index": 13, "source_log_ratio_min": -0.020536573284487845, "source_log_ratio_max": 0.040394590393897, "source_log_ratio_min_index": 7, "source_log_ratio_max_index": 0, "factual_target_logp": -0.2608134150505066, "reference_target_logp": -0.3052632808685303}, {"episode_index": 0, "source_step": 5, "observed_return": 1.0, "context_tokens": 2373, "compute_tokens": 2429, "query_tokens": 225, "root_effect": 0.029172316193580627, "signed_sum": 0.02967195649230546, "conservation_residual": -0.0004996402987248322, "conservation_tolerance": 0.02, "conservation_verified": true, "owner_batch_index": 14, "source_log_ratio_min": -0.005968683003743828, "source_log_ratio_max": 0.016456288421413015, "source_log_ratio_min_index": 3, "source_log_ratio_max_index": 0, "factual_target_logp": -0.10396204888820648, "reference_target_logp": -0.1331343650817871}, {"episode_index": 0, "source_step": 3, "observed_return": 1.0, "context_tokens": 2384, "compute_tokens": 2429, "query_tokens": 225, "root_effect": 0.025830447673797607, "signed_sum": 0.008367245422023427, "conservation_residual": 0.017463202251774182, "conservation_tolerance": 0.02, "conservation_verified": true, "owner_batch_index": 14, "source_log_ratio_min": -0.025449812885943418, "source_log_ratio_max": 0.046548877001068606, "source_log_ratio_min_index": 319, "source_log_ratio_max_index": 0, "factual_target_logp": -0.30886492133140564, "reference_target_logp": -0.33469536900520325}, {"episode_index": 0, "source_step": 2, "observed_return": 1.0, "context_tokens": 2416, "compute_tokens": 2429, "query_tokens": 225, "root_effect": 0.09088350087404251, "signed_sum": 0.08695903074361408, "conservation_residual": 0.003924470130428431, "conservation_tolerance": 0.02, "conservation_verified": true, "owner_batch_index": 14, "source_log_ratio_min": -0.005880446534007293, "source_log_ratio_max": 0.014994247723872688, "source_log_ratio_min_index": 393, "source_log_ratio_max_index": 0, "factual_target_logp": -0.11562105268239975, "reference_target_logp": -0.20650455355644226}, {"episode_index": 0, "source_step": 6, "observed_return": 1.0, "context_tokens": 2429, "compute_tokens": 2429, "query_tokens": 225, "root_effect": -0.020130813121795654, "signed_sum": -0.020636637104321204, "conservation_residual": 0.0005058239825255495, "conservation_tolerance": 0.02, "conservation_verified": true, "owner_batch_index": 14, "source_log_ratio_min": -0.006175953026486362, "source_log_ratio_max": 0.01040694561136351, "source_log_ratio_min_index": 17, "source_log_ratio_max_index": 0, "factual_target_logp": -0.1625005304813385, "reference_target_logp": -0.14236971735954285}, {"episode_index": 0, "source_step": 6, "observed_return": 1.0, "context_tokens": 2476, "compute_tokens": 2559, "query_tokens": 225, "root_effect": 0.07823645323514938, "signed_sum": 0.07283182113768999, "conservation_residual": 0.005404632097459394, "conservation_tolerance": 0.02, "conservation_verified": true, "owner_batch_index": 15, "source_log_ratio_min": -0.00287177004986559, "source_log_ratio_max": 0.016962229455403224, "source_log_ratio_min_index": 3, "source_log_ratio_max_index": 0, "factual_target_logp": -0.03916175663471222, "reference_target_logp": -0.1173982098698616}, {"episode_index": 0, "source_step": 11, "observed_return": 1.0, "context_tokens": 2489, "compute_tokens": 2559, "query_tokens": 226, "root_effect": 0.016979128122329712, "signed_sum": 0.016247543274777735, "conservation_residual": 0.0007315848475519769, "conservation_tolerance": 0.02, "conservation_verified": true, "owner_batch_index": 15, "source_log_ratio_min": -0.006528008087211958, "source_log_ratio_max": 0.015405962164891268, "source_log_ratio_min_index": 3, "source_log_ratio_max_index": 0, "factual_target_logp": -0.14165183901786804, "reference_target_logp": -0.15863096714019775}, {"episode_index": 0, "source_step": 7, "observed_return": 1.0, "context_tokens": 2522, "compute_tokens": 2559, "query_tokens": 225, "root_effect": 0.03167049586772919, "signed_sum": 0.0330599960079402, "conservation_residual": -0.0013895001402110113, "conservation_tolerance": 0.02, "conservation_verified": true, "owner_batch_index": 15, "source_log_ratio_min": -0.006899206433045092, "source_log_ratio_max": 0.007518737826658792, "source_log_ratio_min_index": 69, "source_log_ratio_max_index": 0, "factual_target_logp": -0.14220863580703735, "reference_target_logp": -0.17387913167476654}, {"episode_index": 0, "source_step": 12, "observed_return": 1.0, "context_tokens": 2559, "compute_tokens": 2559, "query_tokens": 226, "root_effect": 0.024252906441688538, "signed_sum": 0.03009827810172709, "conservation_residual": -0.005845371660038554, "conservation_tolerance": 0.02, "conservation_verified": true, "owner_batch_index": 15, "source_log_ratio_min": -0.004430015498081662, "source_log_ratio_max": 0.021578865264605417, "source_log_ratio_min_index": 3, "source_log_ratio_max_index": 0, "factual_target_logp": -0.1265443116426468, "reference_target_logp": -0.15079721808433533}, {"episode_index": 0, "source_step": 8, "observed_return": 1.0, "context_tokens": 2579, "compute_tokens": 2669, "query_tokens": 225, "root_effect": 0.0005120337009429932, "signed_sum": -0.0038785898685443137, "conservation_residual": 0.004390623569487307, "conservation_tolerance": 0.02, "conservation_verified": true, "owner_batch_index": 16, "source_log_ratio_min": -0.0041857750243862015, "source_log_ratio_max": 0.00891609325573843, "source_log_ratio_min_index": 2, "source_log_ratio_max_index": 0, "factual_target_logp": -0.12981775403022766, "reference_target_logp": -0.13032978773117065}, {"episode_index": 0, "source_step": 9, "observed_return": 1.0, "context_tokens": 2649, "compute_tokens": 2669, "query_tokens": 226, "root_effect": -0.0025175362825393677, "signed_sum": -0.00405882383022085, "conservation_residual": 0.0015412875476814823, "conservation_tolerance": 0.02, "conservation_verified": true, "owner_batch_index": 16, "source_log_ratio_min": -0.00488845519463643, "source_log_ratio_max": 0.006480111964677203, "source_log_ratio_min_index": 3, "source_log_ratio_max_index": 0, "factual_target_logp": -0.13960808515548706, "reference_target_logp": -0.1370905488729477}, {"episode_index": 0, "source_step": 13, "observed_return": 1.0, "context_tokens": 2650, "compute_tokens": 2669, "query_tokens": 226, "root_effect": 0.013752534985542297, "signed_sum": 0.016416904341137087, "conservation_residual": -0.0026643693555947895, "conservation_tolerance": 0.02, "conservation_verified": true, "owner_batch_index": 16, "source_log_ratio_min": -0.006116641019977665, "source_log_ratio_max": 0.02077078478473926, "source_log_ratio_min_index": 3, "source_log_ratio_max_index": 0, "factual_target_logp": -0.14445427060127258, "reference_target_logp": -0.15820680558681488}, {"episode_index": 0, "source_step": 5, "observed_return": 1.0, "context_tokens": 2669, "compute_tokens": 2669, "query_tokens": 225, "root_effect": 0.06770855188369751, "signed_sum": 0.07205355404203982, "conservation_residual": -0.004345002158342312, "conservation_tolerance": 0.02, "conservation_verified": true, "owner_batch_index": 16, "source_log_ratio_min": -0.0050318242381013, "source_log_ratio_max": 0.011912796851738397, "source_log_ratio_min_index": 3, "source_log_ratio_max_index": 0, "factual_target_logp": -0.08761300146579742, "reference_target_logp": -0.15532155334949493}, {"episode_index": 0, "source_step": 6, "observed_return": 1.0, "context_tokens": 2751, "compute_tokens": 2903, "query_tokens": 225, "root_effect": 0.022403478622436523, "signed_sum": 0.022867082069796475, "conservation_residual": -0.0004636034473599511, "conservation_tolerance": 0.02, "conservation_verified": true, "owner_batch_index": 17, "source_log_ratio_min": -0.00404937470146996, "source_log_ratio_max": 0.011892372542636481, "source_log_ratio_min_index": 3, "source_log_ratio_max_index": 0, "factual_target_logp": -0.08588370680809021, "reference_target_logp": -0.10828718543052673}, {"episode_index": 0, "source_step": 8, "observed_return": 1.0, "context_tokens": 2787, "compute_tokens": 2903, "query_tokens": 225, "root_effect": 0.07404264807701111, "signed_sum": 0.07300810485789182, "conservation_residual": 0.001034543219119291, "conservation_tolerance": 0.02, "conservation_verified": true, "owner_batch_index": 17, "source_log_ratio_min": -0.013549662057457392, "source_log_ratio_max": 0.026028007503127677, "source_log_ratio_min_index": 90, "source_log_ratio_max_index": 0, "factual_target_logp": -0.19950875639915466, "reference_target_logp": -0.27355140447616577}, {"episode_index": 0, "source_step": 8, "observed_return": 1.0, "context_tokens": 2806, "compute_tokens": 2903, "query_tokens": 225, "root_effect": 0.0295584537088871, "signed_sum": 0.031103478354019158, "conservation_residual": -0.001545024645132058, "conservation_tolerance": 0.02, "conservation_verified": true, "owner_batch_index": 17, "source_log_ratio_min": -0.00306429132230508, "source_log_ratio_max": 0.008362816953643366, "source_log_ratio_min_index": 3, "source_log_ratio_max_index": 0, "factual_target_logp": -0.045644182711839676, "reference_target_logp": -0.07520263642072678}, {"episode_index": 0, "source_step": 13, "observed_return": 1.0, "context_tokens": 2903, "compute_tokens": 2903, "query_tokens": 226, "root_effect": -0.005601890385150909, "signed_sum": -0.001336733280157829, "conservation_residual": -0.0042651571049930805, "conservation_tolerance": 0.02, "conservation_verified": true, "owner_batch_index": 17, "source_log_ratio_min": -0.004111926397730179, "source_log_ratio_max": 0.010402105020614437, "source_log_ratio_min_index": 47, "source_log_ratio_max_index": 0, "factual_target_logp": -0.11898965388536453, "reference_target_logp": -0.11338776350021362}, {"episode_index": 0, "source_step": 7, "observed_return": 1.0, "context_tokens": 2913, "compute_tokens": 3023, "query_tokens": 225, "root_effect": 0.09696747362613678, "signed_sum": 0.09585560437939286, "conservation_residual": 0.0011118692467439184, "conservation_tolerance": 0.02, "conservation_verified": true, "owner_batch_index": 18, "source_log_ratio_min": -0.004335241357090732, "source_log_ratio_max": 0.01911975773301381, "source_log_ratio_min_index": 97, "source_log_ratio_max_index": 0, "factual_target_logp": -0.08944593369960785, "reference_target_logp": -0.18641340732574463}, {"episode_index": 0, "source_step": 6, "observed_return": 1.0, "context_tokens": 2943, "compute_tokens": 3023, "query_tokens": 225, "root_effect": 0.133631631731987, "signed_sum": 0.13022438090766722, "conservation_residual": 0.0034072508243197797, "conservation_tolerance": 0.02, "conservation_verified": true, "owner_batch_index": 18, "source_log_ratio_min": -0.005006127369892132, "source_log_ratio_max": 0.018639209159259124, "source_log_ratio_min_index": 171, "source_log_ratio_max_index": 0, "factual_target_logp": -0.08104415237903595, "reference_target_logp": -0.21467578411102295}, {"episode_index": 0, "source_step": 8, "observed_return": 1.0, "context_tokens": 2973, "compute_tokens": 3023, "query_tokens": 225, "root_effect": -0.1273033618927002, "signed_sum": -0.13190823150392791, "conservation_residual": 0.004604869611227719, "conservation_tolerance": 0.02, "conservation_verified": true, "owner_batch_index": 18, "source_log_ratio_min": -0.02115588294627765, "source_log_ratio_max": 0.017514205941870697, "source_log_ratio_min_index": 2, "source_log_ratio_max_index": 0, "factual_target_logp": -0.31989791989326477, "reference_target_logp": -0.19259455800056458}, {"episode_index": 0, "source_step": 17, "observed_return": 1.0, "context_tokens": 3023, "compute_tokens": 3023, "query_tokens": 226, "root_effect": 0.12005280703306198, "signed_sum": 0.11866081462736175, "conservation_residual": 0.001391992405700232, "conservation_tolerance": 0.02, "conservation_verified": true, "owner_batch_index": 18, "source_log_ratio_min": -0.008071719110738479, "source_log_ratio_max": 0.011452693517677333, "source_log_ratio_min_index": 79, "source_log_ratio_max_index": 80, "factual_target_logp": -0.09169314056634903, "reference_target_logp": -0.211745947599411}, {"episode_index": 0, "source_step": 15, "observed_return": 1.0, "context_tokens": 3036, "compute_tokens": 3161, "query_tokens": 226, "root_effect": 0.014684975147247314, "signed_sum": 0.013780469048153353, "conservation_residual": 0.0009045060990939616, "conservation_tolerance": 0.02, "conservation_verified": true, "owner_batch_index": 19, "source_log_ratio_min": -0.005050162116506845, "source_log_ratio_max": 0.01206863677822533, "source_log_ratio_min_index": 55, "source_log_ratio_max_index": 0, "factual_target_logp": -0.09919320791959763, "reference_target_logp": -0.11387818306684494}, {"episode_index": 0, "source_step": 9, "observed_return": 1.0, "context_tokens": 3087, "compute_tokens": 3161, "query_tokens": 226, "root_effect": 0.06571951508522034, "signed_sum": 0.05751925458392157, "conservation_residual": 0.008200260501298767, "conservation_tolerance": 0.02, "conservation_verified": true, "owner_batch_index": 19, "source_log_ratio_min": -0.005052008267336018, "source_log_ratio_max": 0.03348732999227218, "source_log_ratio_min_index": 86, "source_log_ratio_max_index": 0, "factual_target_logp": -0.1896902322769165, "reference_target_logp": -0.25540974736213684}, {"episode_index": 0, "source_step": 16, "observed_return": 1.0, "context_tokens": 3103, "compute_tokens": 3161, "query_tokens": 226, "root_effect": 0.013903126120567322, "signed_sum": 0.014769927940637279, "conservation_residual": -0.0008668018200699568, "conservation_tolerance": 0.02, "conservation_verified": true, "owner_batch_index": 19, "source_log_ratio_min": -0.0028288892252789273, "source_log_ratio_max": 0.014282819303530026, "source_log_ratio_min_index": 4, "source_log_ratio_max_index": 0, "factual_target_logp": -0.07328987866640091, "reference_target_logp": -0.08719300478696823}, {"episode_index": 0, "source_step": 8, "observed_return": 1.0, "context_tokens": 3161, "compute_tokens": 3161, "query_tokens": 225, "root_effect": 0.01814371347427368, "signed_sum": 0.010283272424221394, "conservation_residual": 0.007860441050052288, "conservation_tolerance": 0.02, "conservation_verified": true, "owner_batch_index": 19, "source_log_ratio_min": -0.0034489051566008204, "source_log_ratio_max": 0.006193665361821451, "source_log_ratio_min_index": 3, "source_log_ratio_max_index": 0, "factual_target_logp": -0.06486228853464127, "reference_target_logp": -0.08300600200891495}, {"episode_index": 0, "source_step": 17, "observed_return": 1.0, "context_tokens": 3191, "compute_tokens": 3284, "query_tokens": 226, "root_effect": 0.035315632820129395, "signed_sum": 0.0334787382511829, "conservation_residual": 0.0018368945689464927, "conservation_tolerance": 0.02, "conservation_verified": true, "owner_batch_index": 20, "source_log_ratio_min": -0.0015249832529583866, "source_log_ratio_max": 0.00854822516192942, "source_log_ratio_min_index": 68, "source_log_ratio_max_index": 0, "factual_target_logp": -0.04066435992717743, "reference_target_logp": -0.07597999274730682}, {"episode_index": 0, "source_step": 4, "observed_return": 1.0, "context_tokens": 3192, "compute_tokens": 3284, "query_tokens": 225, "root_effect": -0.004065364599227905, "signed_sum": -0.0011757724876496033, "conservation_residual": -0.002889592111578302, "conservation_tolerance": 0.02, "conservation_verified": true, "owner_batch_index": 20, "source_log_ratio_min": -0.009226893761949628, "source_log_ratio_max": 0.016982051105198633, "source_log_ratio_min_index": 509, "source_log_ratio_max_index": 0, "factual_target_logp": -0.14275850355625153, "reference_target_logp": -0.13869313895702362}, {"episode_index": 0, "source_step": 10, "observed_return": 1.0, "context_tokens": 3250, "compute_tokens": 3284, "query_tokens": 226, "root_effect": 0.009391605854034424, "signed_sum": 0.016642082487906516, "conservation_residual": -0.0072504766338720925, "conservation_tolerance": 0.02, "conservation_verified": true, "owner_batch_index": 20, "source_log_ratio_min": -0.006524371032319866, "source_log_ratio_max": 0.013195470776390817, "source_log_ratio_min_index": 4, "source_log_ratio_max_index": 0, "factual_target_logp": -0.21054457128047943, "reference_target_logp": -0.21993617713451385}, {"episode_index": 0, "source_step": 11, "observed_return": 1.0, "context_tokens": 3284, "compute_tokens": 3284, "query_tokens": 226, "root_effect": 0.016306079924106598, "signed_sum": 0.015987894472022805, "conservation_residual": 0.0003181854520837926, "conservation_tolerance": 0.02, "conservation_verified": true, "owner_batch_index": 20, "source_log_ratio_min": -0.0016963265132719516, "source_log_ratio_max": 0.012355926840554757, "source_log_ratio_min_index": 3, "source_log_ratio_max_index": 0, "factual_target_logp": -0.09051768481731415, "reference_target_logp": -0.10682376474142075}, {"episode_index": 0, "source_step": 11, "observed_return": 1.0, "context_tokens": 3370, "compute_tokens": 3489, "query_tokens": 226, "root_effect": -0.030935198068618774, "signed_sum": -0.027526036038854965, "conservation_residual": -0.0034091620297638098, "conservation_tolerance": 0.02, "conservation_verified": true, "owner_batch_index": 21, "source_log_ratio_min": -0.022874039815942743, "source_log_ratio_max": 0.022889447978309062, "source_log_ratio_min_index": 3, "source_log_ratio_max_index": 0, "factual_target_logp": -0.3498532772064209, "reference_target_logp": -0.3189180791378021}, {"episode_index": 0, "source_step": 5, "observed_return": 1.0, "context_tokens": 3385, "compute_tokens": 3489, "query_tokens": 225, "root_effect": 0.13123191893100739, "signed_sum": 0.1253743583269204, "conservation_residual": 0.0058575606040869865, "conservation_tolerance": 0.02, "conservation_verified": true, "owner_batch_index": 21, "source_log_ratio_min": -0.008920496003010057, "source_log_ratio_max": 0.028420568789679898, "source_log_ratio_min_index": 168, "source_log_ratio_max_index": 0, "factual_target_logp": -0.14320673048496246, "reference_target_logp": -0.27443864941596985}, {"episode_index": 0, "source_step": 12, "observed_return": 1.0, "context_tokens": 3486, "compute_tokens": 3489, "query_tokens": 226, "root_effect": 0.010822862386703491, "signed_sum": 0.005317186461492814, "conservation_residual": 0.005505675925210677, "conservation_tolerance": 0.02, "conservation_verified": true, "owner_batch_index": 21, "source_log_ratio_min": -0.002387484559084915, "source_log_ratio_max": 0.012577413057518637, "source_log_ratio_min_index": 11, "source_log_ratio_max_index": 0, "factual_target_logp": -0.0860554501414299, "reference_target_logp": -0.09687831252813339}, {"episode_index": 0, "source_step": 13, "observed_return": 1.0, "context_tokens": 3489, "compute_tokens": 3489, "query_tokens": 226, "root_effect": 0.05605851858854294, "signed_sum": 0.056395038878570565, "conservation_residual": -0.0003365202900276268, "conservation_tolerance": 0.02, "conservation_verified": true, "owner_batch_index": 21, "source_log_ratio_min": -0.001360915913989462, "source_log_ratio_max": 0.010128116123638127, "source_log_ratio_min_index": 73, "source_log_ratio_max_index": 0, "factual_target_logp": -0.03520328551530838, "reference_target_logp": -0.09126180410385132}, {"episode_index": 0, "source_step": 7, "observed_return": 1.0, "context_tokens": 3609, "compute_tokens": 4105, "query_tokens": 225, "root_effect": 0.1360756903886795, "signed_sum": 0.14078490293137189, "conservation_residual": -0.004709212542692381, "conservation_tolerance": 0.02, "conservation_verified": true, "owner_batch_index": 22, "source_log_ratio_min": -0.0061401213929988315, "source_log_ratio_max": 0.009289886527023582, "source_log_ratio_min_index": 120, "source_log_ratio_max_index": 164, "factual_target_logp": -0.11794494092464447, "reference_target_logp": -0.254020631313324}, {"episode_index": 0, "source_step": 8, "observed_return": 1.0, "context_tokens": 3777, "compute_tokens": 4105, "query_tokens": 225, "root_effect": 0.03773875534534454, "signed_sum": 0.029075948401035098, "conservation_residual": 0.008662806944309445, "conservation_tolerance": 0.02, "conservation_verified": true, "owner_batch_index": 22, "source_log_ratio_min": -0.006505766590632985, "source_log_ratio_max": 0.006472638589026491, "source_log_ratio_min_index": 85, "source_log_ratio_max_index": 0, "factual_target_logp": -0.13668179512023926, "reference_target_logp": -0.1744205504655838}, {"episode_index": 0, "source_step": 12, "observed_return": 1.0, "context_tokens": 3898, "compute_tokens": 4105, "query_tokens": 226, "root_effect": -0.002146810293197632, "signed_sum": -0.0030540429988345358, "conservation_residual": 0.000907232705636904, "conservation_tolerance": 0.02, "conservation_verified": true, "owner_batch_index": 22, "source_log_ratio_min": -0.018950923882626078, "source_log_ratio_max": 0.02165342718585498, "source_log_ratio_min_index": 496, "source_log_ratio_max_index": 0, "factual_target_logp": -0.28981807827949524, "reference_target_logp": -0.2876712679862976}, {"episode_index": 0, "source_step": 13, "observed_return": 1.0, "context_tokens": 4105, "compute_tokens": 4105, "query_tokens": 226, "root_effect": -0.010666996240615845, "signed_sum": -0.002431190514020673, "conservation_residual": -0.008235805726595172, "conservation_tolerance": 0.02, "conservation_verified": true, "owner_batch_index": 22, "source_log_ratio_min": -0.025488071785993948, "source_log_ratio_max": 0.0253188982199462, "source_log_ratio_min_index": 4, "source_log_ratio_max_index": 2, "factual_target_logp": -0.28524306416511536, "reference_target_logp": -0.2745760679244995}, {"episode_index": 0, "source_step": 16, "observed_return": 1.0, "context_tokens": 4517, "compute_tokens": 5226, "query_tokens": 226, "root_effect": 0.16986101865768433, "signed_sum": 0.16719064950227291, "conservation_residual": 0.0026703691554114117, "conservation_tolerance": 0.02, "conservation_verified": true, "owner_batch_index": 23, "source_log_ratio_min": -0.03153954660148226, "source_log_ratio_max": 0.04941766564563713, "source_log_ratio_min_index": 3, "source_log_ratio_max_index": 2, "factual_target_logp": -0.27338388562202454, "reference_target_logp": -0.44324490427970886}, {"episode_index": 0, "source_step": 18, "observed_return": 1.0, "context_tokens": 4858, "compute_tokens": 5226, "query_tokens": 226, "root_effect": 0.18655481934547424, "signed_sum": 0.17324876634583777, "conservation_residual": 0.01330605299963647, "conservation_tolerance": 0.02, "conservation_verified": true, "owner_batch_index": 23, "source_log_ratio_min": -0.015620780898462791, "source_log_ratio_max": 0.05904972459297533, "source_log_ratio_min_index": 148, "source_log_ratio_max_index": 0, "factual_target_logp": -0.25600966811180115, "reference_target_logp": -0.4425644874572754}, {"episode_index": 0, "source_step": 19, "observed_return": 1.0, "context_tokens": 5014, "compute_tokens": 5226, "query_tokens": 226, "root_effect": 0.016495853662490845, "signed_sum": 0.02663431148115223, "conservation_residual": -0.010138457818661385, "conservation_tolerance": 0.02, "conservation_verified": true, "owner_batch_index": 23, "source_log_ratio_min": -0.01071016445927105, "source_log_ratio_max": 0.0206038641649385, "source_log_ratio_min_index": 25, "source_log_ratio_max_index": 122, "factual_target_logp": -0.23179174959659576, "reference_target_logp": -0.2482876032590866}, {"episode_index": 0, "source_step": 21, "observed_return": 1.0, "context_tokens": 5226, "compute_tokens": 5226, "query_tokens": 226, "root_effect": 0.10256776213645935, "signed_sum": 0.10426684937604659, "conservation_residual": -0.0016990872395872408, "conservation_tolerance": 0.02, "conservation_verified": true, "owner_batch_index": 23, "source_log_ratio_min": -0.005725281604936967, "source_log_ratio_max": 0.018917026058716528, "source_log_ratio_min_index": 3, "source_log_ratio_max_index": 0, "factual_target_logp": -0.14006082713603973, "reference_target_logp": -0.24262858927249908}], "max_length": 32768, "ratio_source": "official_eos_dt_complete_return_signed_attribution_estimate", "target_semantics": "complete_future_return", "reference_token_samples": 0, "per_token_probability_queries": 0, "seconds": 169.41922707855701, "nonzero_advantages": 17945, "conservation_failures": 4, "minimum_log_ratio_batch": {"eos_token_id": 248046, "outcome_token_ids": [15, 16], "samples": [{"trace": {"episode_index": 0, "source_step": 3, "observed_return": 1.0, "context_tokens": 1242, "compute_tokens": 1286, "query_tokens": 225, "root_effect": 0.04236777126789093, "signed_sum": 0.04331766910390964, "conservation_residual": -0.0009498978360187108, "conservation_tolerance": 0.02, "conservation_verified": true, "owner_batch_index": 4, "source_log_ratio_min": -0.004265026573812273, "source_log_ratio_max": 0.010399863147355443, "source_log_ratio_min_index": 3, "source_log_ratio_max_index": 0, "factual_target_logp": -0.04391428828239441, "reference_target_logp": -0.08628205955028534}, "traj_uid": "0db660e5-2daf-4f69-8ada-c80f7e5e0ec7", "observed_return": 1.0, "source_start": 904, "source_end": 1016, "selected_input_ids": [248045, 8678, 198, 2523, 513, 1167, 16451, 11, 3354, 539, 52540, 14388, 13, 1394, 513, 264, 10631, 17313, 13, 248046, 198, 248045, 846, 198, 2523, 513, 2574, 2342, 5222, 42607, 18066, 310, 10453, 3470, 303, 38898, 13, 93818, 10966, 513, 314, 279, 3443, 328, 7468, 498, 5480, 1576, 60, 1608, 498, 1307, 13565, 60, 3158, 198, 11179, 4625, 353, 668, 2873, 488, 449, 21254, 11, 488, 599, 310, 5707, 449, 1852, 3018, 383, 279, 1528, 321, 7359, 13, 1394, 628, 328, 447, 1, 449, 1576, 318, 36859, 8, 494, 279, 14991, 466, 279, 4424, 11, 1353, 5072, 279, 1746, 14991, 539, 328, 30075, 487, 466, 328, 7468, 1, 318, 5480, 8, 1608, 866, 314, 279, 42607, 10966, 13, 198, 7525, 2468, 1902, 24660, 1732, 411, 3443, 2879, 81266, 25, 198, 21061, 10976, 13, 271, 2432, 25, 198, 21061, 1727, 1852, 1, 271, 92065, 25, 695, 16, 13, 22516, 13441, 279, 11846, 948, 1608, 328, 447, 1, 321, 328, 7468, 1, 10966, 13, 471, 12996, 314, 615, 25, 615, 220, 16, 166007, 62259, 22864, 471, 12996, 16, 314, 10453, 25, 10453, 220, 16, 6105, 51735, 1608, 220, 16, 166007, 62259, 22864, 471, 12996, 17, 314, 10453, 25, 10453, 220, 16, 20117, 71670, 1608, 220, 23, 6414, 78960, 447, 11, 220, 16, 71670, 198, 17, 13, 3095, 1608, 328, 447, 1, 3108, 11, 635, 524, 13441, 3315, 279, 1455, 3905, 494, 279, 14991, 466, 279, 4424, 13, 198, 18, 13, 1394, 628, 958, 25835, 42607, 10966, 3766, 11, 635, 524, 958, 678, 1765, 42607, 10966, 13, 4213, 11, 413, 279, 42607, 3108, 5533, 264, 13553, 23980, 1040, 328, 490, 3903, 487, 488, 628, 958, 3175, 4346, 314, 279, 1788, 23980, 378, 1257, 13, 328, 21921, 36620, 609, 3903, 1, 303, 279, 3108, 4370, 13, 271, 248046, 198, 248045, 74455, 198, 3793, 13, 353, 3172, 1732, 678, 10895, 321, 1380, 821, 1786, 310, 11290, 279, 3274, 13, 248046, 198, 248045, 846, 198, 37563, 286, 10966, 25, 198, 7468, 220, 19, 7894, 10208, 30129, 1608, 220, 21, 7894, 10208, 609, 3903, 198, 7468, 220, 19, 7894, 10208, 609, 3903, 1608, 220, 16, 7894, 10208, 17872, 198, 7468, 220, 16, 7894, 10208, 7035, 11629, 1608, 220, 17, 7894, 10208, 609, 3903, 198, 7468, 220, 18, 7894, 10208, 23873, 1608, 220, 17, 8941, 11, 220, 19, 7894, 10208, 609, 3903, 198, 7468, 220, 16, 7894, 10208, 14882, 1608, 220, 20, 7894, 10208, 609, 3903, 198, 7468, 220, 21, 7894, 10208, 52853, 1608, 220, 18, 7894, 10208, 609, 3903, 198, 7468, 220, 16, 7894, 10208, 3037, 1608, 220, 16, 7894, 10208, 609, 3903, 198, 7468, 220, 18, 7894, 10208, 1777, 1608, 220, 21, 7894, 10208, 609, 3903, 11, 220, 16, 8941, 271, 38663, 25, 10453, 7894, 10208, 7035, 11629, 13, 248046, 198, 248045, 74455, 198, 248068, 271, 248069, 271, 81266, 25, 198, 760, 5614, 369, 310, 10453, 220, 16, 7894, 10208, 7035, 11629, 13, 10235, 310, 279, 3766, 18066, 11, 42607, 220, 16, 7894, 10208, 7035, 11629, 7225, 220, 17, 7894, 10208, 609, 3903, 13, 353, 1459, 914, 599, 866, 7894, 10208, 609, 3903, 3482, 11, 321, 353, 1459, 914, 1436, 866, 7894, 10208, 17872, 303, 279, 1428, 3874, 314, 821, 14991, 466, 4424, 13, 1946, 10046, 11, 353, 1144, 310, 1716, 821, 14991, 1118, 310, 1436, 1092, 4802, 353, 599, 2420, 11, 11352, 3221, 364, 7894, 10208, 609, 3903, 466, 7894, 10208, 17872, 13, 271, 2432, 25, 198, 30075, 248046, 198, 248045, 846, 198, 21626, 25, 1394, 513, 524, 14885, 3977, 13, 248046, 198, 248045, 74455, 198, 248068, 271, 248069, 271, 81266, 25, 198, 40, 1144, 310, 10453, 264, 7894, 10208, 7035, 11629, 11, 864, 7225, 220, 17, 7894, 10208, 609, 3903, 13, 5339, 11, 353, 1902, 6637, 7894, 10208, 609, 3903, 13, 561, 10793, 14378, 421, 220, 19, 7894, 10208, 609, 3903, 628, 381, 32348, 494, 220, 16, 7894, 10208, 1433, 13, 8439, 353, 1459, 914, 599, 866, 7894, 10208, 609, 3903, 466, 7894, 10208, 17872, 303, 821, 14991, 11, 353, 1144, 310, 1423, 1439, 3470, 303, 279, 4424, 13, 353, 668, 4621, 310, 615, 7894, 10208, 17872, 494, 279, 4424, 1118, 310, 1236, 279, 609, 3903, 11, 466, 5774, 615, 7894, 10208, 609, 3903, 413, 781, 513, 2420, 13, 15767, 279, 1144, 364, 3050, 13565, 11, 353, 3172, 1380, 310, 615, 7894, 10208, 17872, 1118, 310, 5790, 353, 628, 10453, 1092, 369, 4221, 413, 609, 3903, 7386, 914, 5774, 2420, 13, 271, 2432, 25, 198, 447, 220, 16, 7894, 10208, 17872, 248046, 198, 248045, 846, 198, 31391, 220, 16, 7894, 10208, 17872, 248046, 198, 248045, 74455, 198, 248068, 271, 248069, 271, 81266, 25, 198, 40, 599, 11832, 220, 16, 7894, 10208, 1433, 13, 1946, 10453, 279, 7894, 10208, 7035, 11629, 11, 353, 1144, 220, 17, 7894, 10208, 609, 3903, 13, 561, 10793, 4774, 421, 220, 19, 7894, 10208, 609, 3903, 513, 32348, 494, 220, 16, 7894, 10208, 1433, 13, 353, 628, 958, 279, 1433, 310, 1236, 279, 2483, 609, 3903, 13, 353, 668, 10453, 220, 19, 7894, 10208, 609, 3903, 1608, 279, 220, 16, 7894, 10208, 1433, 13, 1061, 668, 2873, 728, 777, 1056, 279, 220, 17, 609, 3903, 4221, 364, 279, 7035, 11629, 13, 4844, 11, 353, 628, 10453, 279, 7035, 11629, 1608, 220, 17, 314, 1782, 609, 3903, 13, 271, 2432, 25, 198, 7468, 220, 19, 7894, 10208, 609, 3903, 1608, 220, 16, 7894, 10208, 17872, 248046, 198, 248045, 846, 198, 37563, 290, 220, 19, 71362, 14080, 631, 10208, 6119, 3903, 248046, 198, 248045, 74455, 198, 248068, 271, 248069, 271, 81266, 25, 198, 40, 599, 7544, 32348, 220, 19, 7894, 10208, 609, 3903, 13, 561, 5614, 369, 310, 10453, 220, 16, 7894, 10208, 7035, 11629, 11, 864, 7225, 220, 17, 7894, 10208, 609, 3903, 13, 4543, 421, 353, 599, 13613, 609, 3903, 11, 353, 628, 10046, 440, 42607, 279, 7035, 11629, 13, 353, 599, 220, 19, 609, 3903, 11, 321, 353, 1132, 1144, 220, 17, 364, 279, 11629, 11, 748, 353, 668, 958, 220, 17, 7894, 10208, 609, 3903, 310, 10453, 279, 220, 16, 7894, 10208, 7035, 11629, 13, 271, 2432, 25, 198, 7468, 220, 16, 7894, 10208, 7035, 11629, 1608, 220, 17, 7894, 10208, 609, 3903, 248046, 248046, 198, 248045, 846, 198, 23446, 38523, 460, 17071, 364, 2824, 37563, 13, 561, 36497, 1414, 369, 279, 4581, 8057, 8978, 11, 1238, 9191, 314, 279, 1428, 1965, 682, 9202, 11, 10451, 506, 1141, 3817, 3798, 13, 3054, 524, 4089, 411, 17071, 1622, 430, 449, 4424, 1852, 13, 36541, 279, 4424, 6849, 8427, 421, 1965, 430, 45374, 321, 1179, 13942, 440, 411, 1788, 4687, 11, 1608, 1439, 4880, 343, 3950, 44, 24102, 4868, 25, 5046, 2721, 27896, 763, 20, 16, 17, 1288, 33413, 763, 16, 13, 15, 7563, 561, 1428, 15752, 369, 220, 19, 26, 279, 8961, 5954, 220, 18, 15, 21207, 13, 31625, 279, 29732, 314, 660, 3813, 20511, 494, 279, 1428, 15752, 1472, 279, 809, 314, 411, 8961, 11, 440, 10766, 220, 16, 13, 95074, 6575, 20511, 13, 561, 9575, 42607, 4424, 6486, 220, 16, 948, 279, 10897, 5614, 369, 16496, 321, 10029, 279, 8961, 26, 660, 6575, 21207, 2873, 220, 15, 13, 22044, 21835, 466, 67205, 314, 279, 15752, 75108, 7786, 11039, 874, 4799, 10986, 26, 21207, 421, 2496, 11822, 16300, 6942, 13, 27295, 318, 1448, 25, 38523, 460, 1590, 220, 15, 25, 220, 15, 318, 32817, 524, 16496, 1518, 279, 8961, 10029, 1174, 220, 16, 25, 220, 16, 318, 31724, 42607, 4424, 6473, 5614, 16496, 553, 3301, 1132, 279, 5407, 2306, 13, 248046, 198, 248045, 74455, 198, 248068, 271, 248069, 271, 16], "source_signed": [0.010399863147355443, -0.00023539624087820922, 0.005575861699080492, -0.004265026573812273, 0.003285424581323599, 0.0005295227268439053, -0.0005492953294547002, 4.020279170568672e-05, 0.0006354018497113669, -8.62840014962589e-05, -0.0006996538260352232, 0.0003635922729796734, 2.0110705917356574e-05, 0.00012542214691198738, -0.00013678234209408017, -0.0005172924409895524, -0.00013613427214869512, -0.001336231843880991, 0.00026845215547579833, 0.0012220416434094569, 0.00041528990054705023, -0.00012139390057067272, 0.0006968499772754544, -0.0006250352540914169, 2.4903031544086382e-05, 0.0006047631801114256, 0.0005096148814896414, 0.0006563032764478732, 0.00010668984598680826, -0.00027316413330148883, -0.000436865156999434, 3.9194911571499265e-05, 0.0006706541426660395, 0.0005758504710164862, 0.0014712749145374382, 0.00027223092033997354, 0.00020501070273649334, -2.3596962605184496e-05, -0.000384284205699133, -0.0004759106368564139, 0.00036034659652282614, -0.0010132623485452038, 0.0005182726325078157, 0.0006894427517629325, 0.0003155459125254083, 0.0001458390040347262, 0.00045609056560940987, -0.0005480195262135381, 0.0006230781526828614, 0.0002684355078714623, 0.0005981422412825526, 0.0010815991361806435, -0.00020542374001695764, 0.00044975845052192323, -0.0003308449111463546, -0.0005100941410378812, 0.0004717875690049554, -0.0005216553880939748, -0.00048474373367498637, 7.848005310038232e-05, 0.00018145586747576355, -0.00027987662227239786, 3.1343593831247956e-05, 0.00026692637736160373, 0.00042349016469618583, 0.0003764441085826429, 8.440165323660197e-05, -0.00036147141800786214, 3.1974441634405847e-05, 0.00034928305017815653, 0.0006024169433479987, -0.0004215637577019444, -0.00022474032582586045, 0.0005009250896937538, -9.705973901128672e-05, 0.0009787995270425143, -0.00022882633295401625, 0.0006974990265473239, 0.00016364501225272978, 0.000823397142794204, 0.0001361605102396194, 6.21676628577308e-05, 0.0001147587268248204, -5.453268153135808e-06, 0.0006908948536789505, 0.00013822482316024087, 0.00024010717749656428, 0.0008794604636336784, 0.0006000678486809197, 0.0011302957211037712, 0.0015088257064802075, -0.0002873767389526484, -0.0002206903220757511, -0.0025082389065440892, 0.0012132036816921814, 0.0005068955227170262, 0.002999325487852603, 0.004478261447270249, -0.0005643602626432154, -0.0009458381967917475, -0.003949536101416637, 0.0011594985725385115, 0.003688608429736178, 0.0010826942376319648, 0.001969204204714659, 0.00011980653316935637, 0.0009473135447077862, 0.00109089440330782, 0.0004420831780611158, 0.0013793163063829693, 0.0004676765126958621, 0.0]}, {"trace": {"episode_index": 0, "source_step": 0, "observed_return": 1.0, "context_tokens": 1257, "compute_tokens": 1286, "query_tokens": 225, "root_effect": 0.07683248817920685, "signed_sum": 0.07897148695059189, "conservation_residual": -0.0021389987713850422, "conservation_tolerance": 0.02, "conservation_verified": true, "owner_batch_index": 4, "source_log_ratio_min": -0.013028586097661506, "source_log_ratio_max": 0.0090643637658873, "source_log_ratio_min_index": 0, "source_log_ratio_max_index": 102, "factual_target_logp": -0.2320101112127304, "reference_target_logp": -0.30884259939193726}, "traj_uid": "8b957378-0210-4564-80c5-e2af6f9c964e", "observed_return": 1.0, "source_start": 518, "source_end": 1031, "selected_input_ids": [248045, 8678, 198, 2523, 513, 1167, 16451, 11, 3354, 539, 52540, 14388, 13, 1394, 513, 264, 10631, 17313, 13, 248046, 198, 248045, 846, 198, 2523, 513, 2574, 2342, 5222, 42607, 18066, 310, 10453, 3470, 303, 38898, 13, 93818, 10966, 513, 314, 279, 3443, 328, 7468, 498, 5480, 1576, 60, 1608, 498, 1307, 13565, 60, 3158, 198, 11179, 4625, 353, 668, 2873, 488, 449, 21254, 11, 488, 599, 310, 5707, 449, 1852, 3018, 383, 279, 1528, 321, 7359, 13, 1394, 628, 328, 447, 1, 449, 1576, 318, 36859, 8, 494, 279, 14991, 466, 279, 4424, 11, 1353, 5072, 279, 1746, 14991, 539, 328, 30075, 487, 466, 328, 7468, 1, 318, 5480, 8, 1608, 866, 314, 279, 42607, 10966, 13, 198, 7525, 2468, 1902, 24660, 1732, 411, 3443, 2879, 81266, 25, 198, 21061, 10976, 13, 271, 2432, 25, 198, 21061, 1727, 1852, 1, 271, 92065, 25, 695, 16, 13, 22516, 13441, 279, 11846, 948, 1608, 328, 447, 1, 321, 328, 7468, 1, 10966, 13, 471, 12996, 314, 615, 25, 615, 220, 16, 166007, 62259, 22864, 471, 12996, 16, 314, 10453, 25, 10453, 220, 16, 6105, 51735, 1608, 220, 16, 166007, 62259, 22864, 471, 12996, 17, 314, 10453, 25, 10453, 220, 16, 20117, 71670, 1608, 220, 23, 6414, 78960, 447, 11, 220, 16, 71670, 198, 17, 13, 3095, 1608, 328, 447, 1, 3108, 11, 635, 524, 13441, 3315, 279, 1455, 3905, 494, 279, 14991, 466, 279, 4424, 13, 198, 18, 13, 1394, 628, 958, 25835, 42607, 10966, 3766, 11, 635, 524, 958, 678, 1765, 42607, 10966, 13, 4213, 11, 413, 279, 42607, 3108, 5533, 264, 13553, 23980, 1040, 328, 490, 3903, 487, 488, 628, 958, 3175, 4346, 314, 279, 1788, 23980, 378, 1257, 13, 328, 21921, 36620, 609, 3903, 1, 303, 279, 3108, 4370, 13, 271, 248046, 198, 248045, 74455, 198, 3793, 13, 353, 3172, 1732, 678, 10895, 321, 1380, 821, 1786, 310, 11290, 279, 3274, 13, 248046, 198, 248045, 846, 198, 37563, 286, 10966, 25, 198, 7468, 220, 16, 6756, 6706, 1608, 220, 16, 2438, 10495, 11, 220, 22, 32709, 863, 10495, 198, 7468, 220, 16, 50291, 1608, 220, 18, 2438, 10495, 7586, 11, 220, 16, 49433, 11, 220, 18, 9506, 198, 7468, 220, 21, 36055, 52853, 1608, 220, 18, 36055, 198, 7468, 220, 21, 32709, 863, 10495, 52853, 1608, 220, 18, 32709, 863, 10495, 198, 7468, 220, 17, 1789, 269, 614, 1608, 220, 17, 49433, 11, 220, 17, 32709, 863, 10495, 198, 7468, 220, 16, 49433, 2424, 1608, 220, 19, 49433, 198, 7468, 220, 21, 1789, 269, 614, 6784, 1608, 220, 21, 1789, 269, 614, 198, 7468, 220, 16, 26613, 1608, 220, 16, 32709, 863, 10495, 11, 220, 16, 8941, 198, 7468, 220, 21, 32709, 863, 10495, 6784, 1608, 220, 21, 32709, 863, 10495, 198, 7468, 220, 19, 41928, 36055, 1608, 220, 19, 36055, 198, 7468, 220, 19, 41928, 1789, 269, 614, 1608, 220, 19, 1789, 269, 614, 198, 7468, 220, 21, 1789, 269, 614, 52853, 1608, 220, 18, 1789, 269, 614, 198, 7468, 220, 16, 36055, 1608, 220, 16, 1789, 269, 614, 11, 220, 16, 49433, 271, 38663, 25, 10453, 36055, 52853, 13, 248046, 198, 248045, 74455, 198, 248068, 198, 90700, 8340, 25, 271, 16, 13, 220, 2972, 2014, 53983, 279, 5952, 64700, 198, 262, 348, 256, 5396, 25, 561, 1156, 682, 3766, 264, 9640, 421, 7062, 685, 264, 14611, 13, 1049, 2640, 328, 2523, 513, 2574, 2342, 5222, 42607, 18066, 310, 10453, 3470, 303, 38898, 1149, 4213, 11, 424, 3070, 914, 3404, 3300, 866, 18066, 303, 279, 1414, 3766, 748, 2944, 13, 1049, 1066, 5134, 279, 38870, 13, 198, 262, 348, 256, 5261, 25, 353, 1144, 310, 5707, 430, 449, 14791, 17313, 2614, 279, 1785, 10895, 13, 353, 1144, 310, 3655, 364, 279, 1156, 579, 1727, 1879, 318, 1719, 21254, 8, 1521, 279, 7926, 364, 279, 3274, 3376, 11179, 4625, 353, 668, 2873, 488, 449, 21254, 871, 12134, 914, 6716, 3482, 13, 198, 262, 348, 256, 8852, 3130, 25, 561, 1156, 682, 10661, 279, 348, 21299, 9, 314, 279, 1746, 68914, 15752, 694, 12134, 914, 3404, 3766, 279, 1118, 21254, 466, 1528, 3482, 13, 198, 262, 348, 256, 2921, 14955, 25, 353, 1144, 310, 23868, 279, 10895, 321, 12832, 59610, 364, 279, 1118, 4625, 13, 353, 1144, 310, 1732, 279, 3050, 2468, 3443, 3376, 81266, 6964, 77, 2432, 87117, 348, 3219, 9, 466, 1044, 353, 9671, 310, 3655, 30, 198, 262, 348, 256, 28103, 4109, 25, 561, 9640, 2640, 328, 11179, 4625, 353, 668, 2873, 488, 449, 21254, 11, 488, 599, 310, 5707, 449, 1852, 3018, 383, 279, 1528, 321, 7359, 1149, 1061, 23197, 449, 13789, 15752, 13, 8439, 411, 369, 279, 6302, 1876, 11, 353, 1220, 23868, 279, 12263, 321, 1420, 353, 3418, 279, 16484, 318, 2171, 25, 34022, 14, 2432, 11, 3050, 10966, 553, 198, 262, 348, 256, 42794, 25, 328, 7525, 2468, 1902, 24660, 1732, 411, 3443, 2879, 81266, 6964, 77, 1639, 2432, 6964, 77, 1639, 21061, 10976, 6889, 77, 1639, 21061, 1727, 1852, 1, 198, 262, 348, 256, 13428, 11, 279, 1156, 1876, 2640, 328, 2523, 513, 2574, 2342, 5222, 42607, 18066, 20564, 694, 3070, 914, 3404, 348, 44883, 9, 279, 18066, 3482, 13, 1049, 4816, 1040, 279, 1156, 369, 6047, 685, 264, 3364, 1315, 466, 264, 1746, 18465, 13, 198, 262, 348, 256, 4213, 11, 5802, 11, 303, 1439, 4346, 314, 49219, 11, 279, 1156, 23535, 728, 310, 23868, 279, 6302, 466, 3655, 364, 279, 1118, 328, 75290, 3158, 198, 262, 348, 256, 1921, 3221, 506, 279, 7077, 7359, 25, 328, 7525, 2468, 1902, 24660, 1732, 411, 3443, 2879, 81266, 6964, 77, 1639, 2432, 6964, 77, 3158, 353, 1220, 4507, 36213, 279, 1118, 2923, 466, 23868, 59610, 2785, 421, 3443, 13, 198, 262, 348, 256, 32645, 11, 3221, 14706, 506, 279, 9640, 5759, 25, 1049, 5686, 1040, 264, 1785, 9640, 6302, 421, 557, 8526, 310, 381, 279, 348, 8678, 9, 7359, 11, 694, 424, 579, 24572, 430, 264, 348, 846, 9, 1876, 13, 198, 262, 348, 256, 1368, 353, 4089, 411, 430, 279, 1118, 2404, 314, 279, 15752, 1332, 353, 1144, 310, 23868, 279, 5426, 25, 198, 285, 348, 256, 353, 1220, 7440, 353, 3418, 279, 5426, 13, 198, 285, 348, 256, 353, 1144, 310, 1732, 279, 34022, 14, 2432, 3443, 13, 198, 285, 248046, 248046, 198, 248045, 846, 198, 23446, 38523, 460, 17071, 364, 2824, 37563, 13, 561, 36497, 1414, 369, 279, 4581, 8057, 8978, 11, 1238, 9191, 314, 279, 1428, 1965, 682, 9202, 11, 10451, 506, 1141, 3817, 3798, 13, 3054, 524, 4089, 411, 17071, 1622, 430, 449, 4424, 1852, 13, 36541, 279, 4424, 6849, 8427, 421, 1965, 430, 45374, 321, 1179, 13942, 440, 411, 1788, 4687, 11, 1608, 1439, 4880, 343, 3950, 44, 24102, 4868, 25, 5046, 2721, 27896, 763, 20, 16, 17, 1288, 33413, 763, 16, 13, 15, 7563, 561, 1428, 15752, 369, 220, 16, 26, 279, 8961, 5954, 220, 18, 15, 21207, 13, 31625, 279, 29732, 314, 660, 3813, 20511, 494, 279, 1428, 15752, 1472, 279, 809, 314, 411, 8961, 11, 440, 10766, 220, 16, 13, 95074, 6575, 20511, 13, 561, 9575, 42607, 4424, 6486, 220, 16, 948, 279, 10897, 5614, 369, 16496, 321, 10029, 279, 8961, 26, 660, 6575, 21207, 2873, 220, 15, 13, 22044, 21835, 466, 67205, 314, 279, 15752, 75108, 7786, 11039, 874, 4799, 10986, 26, 21207, 421, 2496, 11822, 16300, 6942, 13, 27295, 318, 1448, 25, 38523, 460, 1590, 220, 15, 25, 220, 15, 318, 32817, 524, 16496, 1518, 279, 8961, 10029, 1174, 220, 16, 25, 220, 16, 318, 31724, 42607, 4424, 6473, 5614, 16496, 553, 3301, 1132, 279, 5407, 2306, 13, 248046, 198, 248045, 74455, 198, 248068, 271, 248069, 271, 16], "source_signed": [-0.013028586097661506, 0.0024062629124210026, -0.001488369122301294, -0.0013945493590704072, 0.001721091543762019, -0.01111237048301536, 0.0029737201690455566, -0.0023691519128063885, 0.00015135867538288046, 0.005502986974712892, 0.002941153795386548, -0.007943847079340888, 0.0006781557199402464, -0.003230835785222182, 0.0018179804127119812, 0.0023917529805445965, -0.0026197555489150546, -0.00036604185064485154, 0.003211921698167749, 0.0003209443125568828, -0.00022284420841138497, -0.0001339663979036214, 0.0015620280931794512, -0.0004743231617697569, 0.001750588011549334, -0.0013833756310981029, -0.008768704119033376, 0.0006558394858002282, -0.001015945106774783, -0.001803856041834142, -2.873215981947651e-05, -0.0004224987717948653, 0.00028139542298388635, 0.0016279655635575326, 0.002423863545036073, 0.0023113154026387452, -0.0014122994924641486, -0.0005960934097600352, 0.0025078903979380463, -0.0008985868046692114, -0.0008306144414618527, 0.004152246227957112, 0.0018074174913356223, -0.0007376561090291668, 0.001955552489277557, 0.0024531539632505275, -0.0016548527569629232, -0.002209248153508552, 0.0019963521540669353, -0.0037528663421628533, 0.0016224050209798302, 0.0012011255109768224, -0.0015409265238998712, -0.0005754970785668829, 0.00011236114781574885, -0.0006983896626392237, 0.0004863016958639667, -0.0009017452471303765, 0.0008037857784546498, 0.0023022160650473774, 0.0009743311418538118, 0.002672965753520851, 0.001010543307683362, 0.00153222311005311, -0.0014570651870757126, 0.001966044849340385, -0.00019929465598089876, 4.814232552086866e-05, -0.0009199888966906861, -0.003214910036395004, -0.00035974090838770587, 0.001537968257381895, -0.0014042303838571707, -0.0014559549087303377, 0.0010307479152507062, 0.000618864218341798, 0.0008487569364485519, 0.0039290487345085764, 0.0012071659142572338, 0.0007986235322191989, 0.0020582559206165476, 0.0005357238300870855, -0.0009219078905852796, -0.0039256716795713666, -0.0018278689792477817, -0.002626689499940384, -0.0008463925081668826, -0.0023003066518482353, 0.00025390328810804066, -0.0010815779094921077, 0.0017738020401593339, 0.0046359365741720174, 0.003987181125849611, 0.004716968834055708, 0.0015131264636066317, -0.0022755744975108934, -0.0003796779079213086, 0.0009116807177640099, 0.00025920965398075696, -0.0006666996826790571, 0.0012529701287628393, 0.002533044268129707, 0.0090643637658873, 0.0027823265542525127, 0.0031092885770250514, -0.0007463285744600801, -0.0016784751337554516, 0.0007904578772666801, -0.00016639350559889883, 0.0010488944217190818, 0.0009085566274143683, 0.0012980890236865053, 0.0010177990804728105, 0.00225929898193476, 0.001892531876095557, -0.0016915835837358103, -0.0012036365975626301, -8.48355633391851e-05, 0.0007202266880330845, 2.6504606139603898e-05, 0.0008155627653371347, -0.000549439084712995, 0.0006371705637488787, 0.0010964071935690102, 0.002248537050959151, -0.005020126866486922, 0.0027835224148681325, -0.0007693122744071444, 0.0011061413344625372, 0.0006261702928632776, 0.0014830661816631332, 0.0010319542516117413, 0.0007610141452742736, 0.0001705272760163046, -0.0008761552977047324, 0.0011007139926772526, 0.0008612240905430166, -0.0004741550339556599, -0.005846529747392191, -0.00037792192870542845, 4.2157244773638285e-05, -0.0025991570636948688, 0.00018442318253183597, -0.0065367205814235215, 0.0008644865257679847, 0.0013881223929935876, 0.0018058389848878557, 0.0009601858806456845, 0.0016459791966368744, 0.0015382798228490103, 0.001648106419921461, -0.0009687223392730444, -0.00016478932318996983, -0.0007846115955493817, 0.0031087902096372825, 9.599580717087916e-05, -0.004379195355224335, 0.006270447903620561, -0.010544327919868337, 0.00046060419696899763, 0.0025963201480851835, 0.0008216456171786916, -0.004589236913367496, 8.165754481605269e-05, -0.0001158953142133645, -0.0009154907251451012, -0.003036687142372281, 0.001220177334133956, 0.0009257152451903937, -0.0009885339387325281, 0.0007541794968213668, -0.000856965855508934, 0.0005755692496716047, 0.0013859177412665277, 0.0014700829432222084, -0.0004980784284599618, -0.0026775518838985254, -0.0026018500876086917, 0.00043283063735729513, 0.00010966213749732468, -0.0003276620158646508, 0.0008321156120666079, 0.003175147934019854, -0.0017092082815849362, -0.0022315973158558936, -0.0020021776451188958, -0.00628879814571016, -0.007196094989282767, -0.005074490946998142, -0.0008118657022020752, 0.0010026524521870508, -0.0026064486091877037, 0.00022731435772802293, -0.00018134462184332505, -0.0007246077585657287, 0.0018724041859821026, 0.0015210895595677697, 0.0019123768529608952, 0.0015271694756758105, -0.00026794356761342033, 0.002918324575059133, 0.0021940377752475058, 0.00041718099184199315, 1.0346160268915596e-05, -0.00010532375401278845, 0.0010672395226836973, -0.0013577451571952074, 0.00014754937669209014, 0.0009559453451214225, -0.0017103737045112103, -0.0011004822342873695, 0.002783171720768172, 0.001058317172995761, 0.0009078579370832287, -0.0011221963383212352, -0.000345724186310287, 0.0012718913646611405, 0.0012335078480477247, -3.3740829881292035e-05, -0.000760801144900809, 0.001679244334303134, -0.00010703198015004812, -0.0013430579778085003, -0.001084623955400395, -0.0009669543861856795, -0.003595329053323819, 0.0004419909743125976, 0.0012167391978004805, -0.00035539950310250297, 0.0003667443820506667, 0.0010503527135713678, 0.0007528114433290535, 3.394633723634462e-05, -0.0004959213094382917, 0.0012142014563772058, 0.002218821231366361, 0.002052290084636492, -0.0006863428983725694, 0.0006811166458445435, -0.0023932396837049496, 6.012631728949001e-06, 0.0016169272513611773, 0.0008719881973016357, -0.0006654652945272607, 4.351234698463983e-05, 0.0014823089927998544, 0.00258454946496209, 0.0009058988232901803, 0.0012581420742195345, 4.618611431286113e-05, 0.0015748674453510234, 0.00022730722171901798, -0.004950268690101801, 0.0013556711919864213, 0.0032036779488227654, 0.0028407675481400387, -0.0002073361157702556, -0.0006599348481029909, -0.0036499860692705945, -0.000579963801636405, -0.002890164724815381, -0.0028083948432141965, 0.00250808840476271, 6.607078217322159e-05, 0.0006731777540445883, -0.000837824614948743, -0.00033539081644259373, -0.002682530753800762, 0.0002747574581506919, -0.0012142415460418908, 0.00039000087224486227, 0.000731528973978224, 0.0023806407772104894, -0.0011824989096049805, 0.0017128367189885004, -0.0008348064808425446, -0.0006097388870316646, -0.0006530845326795172, 0.0005923726673007126, -0.002978181259172663, -0.000683788422710524, -0.0016571993184400008, 8.110294067730861e-05, -0.0013254326731297738, 0.003765135372828885, -0.0033807995539075998, 0.0003688116643512417, 0.0010265260357039535, 0.0013001449476044966, -0.0025984568597423457, 0.0011812334314907377, 0.0017771908360001932, 0.0005698643305447389, 0.005531584342631211, 0.00024043072735077838, -0.0002649454708503953, 0.0006691174057633505, -0.005637014431223277, 0.0007559884306119103, -0.0015794640156252145, 0.0008875007002943688, 0.0020908731488486825, -0.004938105750335266, 0.0012472007057961346, -0.0019998743495547766, -0.0018260310999153187, 0.0014494358725145734, 0.0005087195077921356, -0.0014267802384063583, 0.0004324706558580232, 0.0037081585744861913, 0.0007345849681705784, -0.0015760739363513254, -0.0005088448249544989, 0.0023088692571953773, 0.000477121008662811, 0.0014327286948881846, 0.0009845794525394297, 0.0007261117577304459, 0.0022924189162632416, 0.0006753631251818887, -0.0005253574756002733, 0.00018416152231754128, -0.0005376093917179537, 0.000843946823009182, 0.0017819989875749401, 1.0267372073118248e-05, -0.0005938492040379196, -0.0011763561478247695, 0.0008302223024011674, -0.0013243002388718414, 0.0011886922189494782, -8.800496025481732e-05, -0.0010876992859005768, -3.770218138801756e-05, 0.0010723166507501305, 5.188054789561681e-05, 0.00016301198437543123, -0.0007885764075323252, -0.0021577373638473688, -0.0034509526645123013, -0.004934798983151838, -0.001831178734271388, 5.922383430956692e-06, -0.0019227248710340316, 0.00025865509493491583, -0.00021669221867752844, 0.0015258270770912132, -0.0021730677308759863, 0.00017047608184926795, -0.00035195960353738044, -0.0010697171518739123, 0.0008152285472646972, 0.0033278682313994407, 0.0003045995985989109, -0.00039758199495127234, 0.0012988976108452548, -0.0013536276725401928, 0.0021579842469330243, -0.0014871526810220966, -0.0010260275720729573, -0.0007230263648783638, -0.000291184998642176, 0.0015713329691276947, 0.0020159239545712287, 0.0012305579582686643, 0.004100798526391341, 0.0010141944175409276, 0.0011120582988404498, -0.0005591423924672851, 0.0023987430997603905, 0.0027724030159747446, -0.0009631532340134835, 0.0004754603038734902, 0.0007084761240329477, 0.00034863955334387515, -0.0013032364407373942, -0.001184508694109862, 0.0002802800905976608, -0.0006118968631088858, 0.0020958383350690385, 0.0011444916295033775, 0.00047525875457475174, 0.0013809885952258414, -0.00036040578276379985, -0.004940729634497187, -0.0038347871752508816, -0.00047359135146796084, 0.00018383446326791092, 0.00206708709075161, -0.000926904026567546, 0.00031893836699099505, -0.0022743475750959417, -0.0012185536487959382, -0.000742892235159959, 0.0008377348323005019, 0.0004359757334906752, 0.0025071478898437746, 7.20931891033845e-06, 0.0008028106646318807, 0.0007312577132438628, -0.0001925217920676313, -0.0006983445340534205, 0.0004102831026472913, 0.00022570533408837294, 0.0033882580705407363, 0.001178063836858677, 0.005148331980599204, 0.005262934737805809, 0.001951816412936352, 0.002301003328910411, 0.0006606765294389109, -0.0002889211917831402, 0.004203167340218758, 0.0023922496683173944, -0.0016417550401715405, 0.001241929736003917, 0.0023693785419976908, -0.0013437928514217527, 0.0013818890654532282, -0.002844988620622828, -0.0011795621391558942, -0.00019676589841987127, 0.0008110649090451662, 0.003088479252108561, 0.0008619834387889221, 0.0050254587829268605, 0.0013800789367160334, 5.8817623401093025e-05, -2.532412720588316e-05, -0.0004596877698571575, 0.00013137369686960212, 0.0028762263443207732, -0.00016298134907799609, -0.0023417906241694503, -0.0012992140991888769, 0.0004149142671877751, 0.0038941778154093377, -0.00011609424664679735, 0.000644845121330637, 0.00011452996316372232, 0.0005128246719350673, 0.0003945447025217128, 5.005085954930114e-06, 0.0009367389037159273, 0.0024077913922576945, -0.0004930344885848786, -0.0005930240846243776, -0.000496739709661958, 0.0024046983231191276, 0.0019223247724138907, 0.00014615469578329395, -0.0006732086862581898, 0.0036732641313975195, 0.0002597097413614105, -0.0006144256902468556, 0.0004004135794264318, -0.0017374883875130864, -0.00037740082447850084, -0.001444715596734218, -0.000266446791804319, -0.0014490157521015712, -0.002896721689335589, -0.00025055917626409276, 0.0010390561814637384, 0.0011691818231694615, 0.00018577347956272002, 0.0005304070145232386, 0.002132910051918617, 0.0019310966376343691, 4.0165237512203474e-05, 0.003290742242890332, -0.0009486282677245064, 0.0006068895488654047, 0.0027609246200232126, -0.002247284410611855, 0.004210108501526351, 0.0015430347694765274, -0.001185388301024392, 0.0012354898235387914, 0.005002091472714591, 0.001428769232048134, -0.0014409160831264367, -0.0006296951852093377, 0.001156381702970074, 1.7338756712416783e-05, 0.004220557509654723, 0.00041144489429930167, -0.0010174475446848331, 0.003378614182184506, 0.0055017024095908385, -0.00045692328838590676, 4.404665265315619e-05, -0.00048193046507593066, 0.0008801325065037561, 0.004786924371965194, -0.008936193876873466, 0.0036974509261667775, 0.001341776678838935, -3.4702811919137128e-06, -0.0034579617407092954, 0.0014792646722218946, 0.0025747659221780914, -0.00191342756135223, -0.0016907397764666446, 0.004824820096519866, 0.0010151714435711508, 0.004500777832050502, 3.750036043511512e-05, -0.003606568125853014, -0.0021815431521193286, -0.002999058211971894, 0.0]}, {"trace": {"episode_index": 0, "source_step": 3, "observed_return": 1.0, "context_tokens": 1266, "compute_tokens": 1286, "query_tokens": 225, "root_effect": 0.007591269910335541, "signed_sum": 0.008064794660392855, "conservation_residual": -0.00047352475005731434, "conservation_tolerance": 0.02, "conservation_verified": true, "owner_batch_index": 4, "source_log_ratio_min": -0.00790427779130809, "source_log_ratio_max": 0.007270794715037977, "source_log_ratio_min_index": 3, "source_log_ratio_max_index": 0, "factual_target_logp": -0.11170388758182526, "reference_target_logp": -0.1192951574921608}, "traj_uid": "0ec99f03-0c2c-40d7-ad62-6d9162ce17d2", "observed_return": 1.0, "source_start": 969, "source_end": 1040, "selected_input_ids": [248045, 8678, 198, 2523, 513, 1167, 16451, 11, 3354, 539, 52540, 14388, 13, 1394, 513, 264, 10631, 17313, 13, 248046, 198, 248045, 846, 198, 2523, 513, 2574, 2342, 5222, 42607, 18066, 310, 10453, 3470, 303, 38898, 13, 93818, 10966, 513, 314, 279, 3443, 328, 7468, 498, 5480, 1576, 60, 1608, 498, 1307, 13565, 60, 3158, 198, 11179, 4625, 353, 668, 2873, 488, 449, 21254, 11, 488, 599, 310, 5707, 449, 1852, 3018, 383, 279, 1528, 321, 7359, 13, 1394, 628, 328, 447, 1, 449, 1576, 318, 36859, 8, 494, 279, 14991, 466, 279, 4424, 11, 1353, 5072, 279, 1746, 14991, 539, 328, 30075, 487, 466, 328, 7468, 1, 318, 5480, 8, 1608, 866, 314, 279, 42607, 10966, 13, 198, 7525, 2468, 1902, 24660, 1732, 411, 3443, 2879, 81266, 25, 198, 21061, 10976, 13, 271, 2432, 25, 198, 21061, 1727, 1852, 1, 271, 92065, 25, 695, 16, 13, 22516, 13441, 279, 11846, 948, 1608, 328, 447, 1, 321, 328, 7468, 1, 10966, 13, 471, 12996, 314, 615, 25, 615, 220, 16, 166007, 62259, 22864, 471, 12996, 16, 314, 10453, 25, 10453, 220, 16, 6105, 51735, 1608, 220, 16, 166007, 62259, 22864, 471, 12996, 17, 314, 10453, 25, 10453, 220, 16, 20117, 71670, 1608, 220, 23, 6414, 78960, 447, 11, 220, 16, 71670, 198, 17, 13, 3095, 1608, 328, 447, 1, 3108, 11, 635, 524, 13441, 3315, 279, 1455, 3905, 494, 279, 14991, 466, 279, 4424, 13, 198, 18, 13, 1394, 628, 958, 25835, 42607, 10966, 3766, 11, 635, 524, 958, 678, 1765, 42607, 10966, 13, 4213, 11, 413, 279, 42607, 3108, 5533, 264, 13553, 23980, 1040, 328, 490, 3903, 487, 488, 628, 958, 3175, 4346, 314, 279, 1788, 23980, 378, 1257, 13, 328, 21921, 36620, 609, 3903, 1, 303, 279, 3108, 4370, 13, 271, 248046, 198, 248045, 74455, 198, 3793, 13, 353, 3172, 1732, 678, 10895, 321, 1380, 821, 1786, 310, 11290, 279, 3274, 13, 248046, 198, 248045, 846, 198, 37563, 286, 10966, 25, 198, 7468, 220, 16, 18016, 37260, 1608, 220, 16, 18016, 51735, 11, 220, 16, 4022, 37260, 198, 7468, 220, 23, 18016, 58025, 8720, 1608, 220, 23, 8720, 11, 220, 16, 18016, 51735, 198, 7468, 220, 23, 2438, 6944, 565, 21505, 1608, 220, 23, 6944, 565, 21505, 11, 220, 16, 2438, 51735, 198, 7468, 220, 23, 13358, 6944, 565, 21505, 1608, 220, 23, 6944, 565, 21505, 11, 220, 16, 13358, 51735, 198, 7468, 220, 18, 4721, 16088, 51735, 1608, 220, 16, 6105, 51735, 11, 220, 16, 2438, 51735, 11, 220, 16, 17676, 51735, 198, 7468, 220, 23, 13477, 13769, 16232, 1608, 220, 16, 13477, 51735, 11, 220, 19, 9002, 11, 220, 19, 40149, 198, 7468, 220, 16, 2438, 51735, 1608, 220, 16, 2438, 58884, 558, 198, 7468, 220, 16, 13358, 51735, 1608, 220, 16, 293, 35891, 289, 198, 7468, 220, 23, 17024, 13769, 16232, 1608, 220, 16, 17024, 51735, 11, 220, 19, 9002, 11, 220, 19, 40149, 198, 7468, 220, 16, 2438, 51735, 1608, 220, 16, 46410, 2794, 198, 7468, 220, 17, 2438, 51735, 1608, 220, 16, 15537, 28704, 198, 7468, 220, 23, 18016, 58025, 8720, 36087, 1608, 220, 23, 8720, 36087, 11, 220, 16, 18016, 51735, 198, 7468, 220, 17, 13358, 51735, 1608, 220, 16, 6797, 37471, 198, 7468, 220, 17, 18016, 51735, 1608, 220, 16, 2438, 51735, 11, 220, 16, 13358, 51735, 198, 7468, 220, 23, 4721, 16088, 13769, 16232, 1608, 220, 16, 4721, 16088, 51735, 11, 220, 19, 9002, 11, 220, 19, 40149, 198, 7468, 220, 23, 18016, 6944, 565, 21505, 1608, 220, 23, 6944, 565, 21505, 11, 220, 16, 18016, 51735, 198, 7468, 220, 16, 2438, 51735, 1608, 220, 16, 2341, 3181, 198, 7468, 220, 16, 18016, 51735, 1608, 220, 16, 18016, 58884, 558, 198, 7468, 220, 23, 18016, 13769, 16232, 1608, 220, 16, 18016, 51735, 11, 220, 19, 9002, 11, 220, 19, 40149, 271, 38663, 25, 10453, 18016, 13769, 16232, 13, 248046, 198, 248045, 74455, 198, 248068, 271, 248069, 271, 81266, 25, 1946, 10453, 18016, 13769, 16232, 11, 353, 1144, 220, 16, 18016, 51735, 11, 220, 19, 9002, 11, 321, 220, 19, 40149, 13, 353, 635, 524, 599, 18016, 51735, 3482, 11, 748, 353, 1902, 1118, 10453, 424, 1608, 220, 16, 18016, 58884, 558, 13, 4486, 40509, 279, 51735, 11, 353, 668, 9283, 279, 9002, 321, 40149, 11, 321, 5326, 10453, 279, 13769, 16232, 13, 271, 2432, 25, 198, 447, 220, 16, 18016, 58884, 558, 198, 7468, 220, 16, 18016, 51735, 1608, 220, 16, 18016, 58884, 558, 198, 7468, 220, 23, 18016, 13769, 16232, 1608, 220, 16, 18016, 51735, 11, 220, 19, 9002, 11, 220, 19, 40149, 248046, 198, 248045, 846, 198, 31391, 220, 16, 18016, 58884, 558, 248046, 198, 248045, 74455, 198, 248068, 271, 248069, 271, 81266, 25, 353, 599, 18322, 279, 18016, 58884, 558, 13, 561, 1727, 2923, 369, 310, 10453, 279, 18016, 51735, 2483, 364, 279, 18016, 13769, 16232, 13, 353, 668, 958, 279, 32348, 18016, 51735, 3055, 440, 9002, 321, 40149, 310, 1236, 279, 2100, 1455, 13, 271, 2432, 25, 198, 7468, 220, 16, 18016, 51735, 1608, 220, 16, 18016, 58884, 558, 198, 7468, 220, 23, 18016, 13769, 16232, 1608, 220, 16, 18016, 51735, 11, 220, 19, 9002, 11, 220, 19, 40149, 248046, 198, 248045, 846, 198, 37563, 290, 220, 16, 71362, 25, 33034, 788, 8739, 248046, 198, 248045, 74455, 198, 248068, 271, 248069, 271, 81266, 25, 353, 1381, 599, 220, 16, 18016, 51735, 13, 1946, 10453, 18016, 13769, 16232, 11, 353, 1144, 220, 19, 9002, 321, 220, 19, 40149, 303, 5089, 310, 279, 18016, 51735, 13, 353, 668, 10046, 310, 615, 1439, 7009, 321, 1179, 10453, 279, 1534, 1455, 13, 271, 2432, 25, 198, 447, 220, 19, 9002, 198, 447, 220, 19, 40149, 198, 7468, 220, 23, 18016, 13769, 16232, 1608, 220, 16, 18016, 51735, 11, 220, 19, 9002, 11, 220, 19, 40149, 248046, 198, 248045, 846, 198, 31391, 220, 19, 9002, 248046, 198, 248045, 74455, 198, 248068, 271, 248069, 271, 81266, 25, 353, 599, 11832, 279, 9002, 13, 4543, 353, 1144, 310, 615, 279, 40149, 310, 4434, 279, 13565, 1103, 364, 42607, 18016, 13769, 16232, 318, 16, 18016, 51735, 11, 220, 19, 9002, 11, 220, 19, 40149, 553, 271, 2432, 25, 198, 447, 220, 19, 40149, 198, 7468, 220, 23, 18016, 13769, 16232, 1608, 220, 16, 18016, 51735, 11, 220, 19, 9002, 11, 220, 19, 40149, 248046, 248046, 198, 248045, 846, 198, 23446, 38523, 460, 17071, 364, 2824, 37563, 13, 561, 36497, 1414, 369, 279, 4581, 8057, 8978, 11, 1238, 9191, 314, 279, 1428, 1965, 682, 9202, 11, 10451, 506, 1141, 3817, 3798, 13, 3054, 524, 4089, 411, 17071, 1622, 430, 449, 4424, 1852, 13, 36541, 279, 4424, 6849, 8427, 421, 1965, 430, 45374, 321, 1179, 13942, 440, 411, 1788, 4687, 11, 1608, 1439, 4880, 343, 3950, 44, 24102, 4868, 25, 5046, 2721, 27896, 763, 20, 16, 17, 1288, 33413, 763, 16, 13, 15, 7563, 561, 1428, 15752, 369, 220, 19, 26, 279, 8961, 5954, 220, 18, 15, 21207, 13, 31625, 279, 29732, 314, 660, 3813, 20511, 494, 279, 1428, 15752, 1472, 279, 809, 314, 411, 8961, 11, 440, 10766, 220, 16, 13, 95074, 6575, 20511, 13, 561, 9575, 42607, 4424, 6486, 220, 16, 948, 279, 10897, 5614, 369, 16496, 321, 10029, 279, 8961, 26, 660, 6575, 21207, 2873, 220, 15, 13, 22044, 21835, 466, 67205, 314, 279, 15752, 75108, 7786, 11039, 874, 4799, 10986, 26, 21207, 421, 2496, 11822, 16300, 6942, 13, 27295, 318, 1448, 25, 38523, 460, 1590, 220, 15, 25, 220, 15, 318, 32817, 524, 16496, 1518, 279, 8961, 10029, 1174, 220, 16, 25, 220, 16, 318, 31724, 42607, 4424, 6473, 5614, 16496, 553, 3301, 1132, 279, 5407, 2306, 13, 248046, 198, 248045, 74455, 198, 248068, 271, 248069, 271, 16], "source_signed": [0.007270794715037977, -0.0009761985193383652, 0.0011239141238560226, -0.00790427779130809, 0.001786801360336621, -0.00036265479510103776, -0.00018588109441713204, -0.0018193476126215293, -0.000527533094329792, -0.001322826993777304, 0.0002145985133248816, -0.00021419656824930828, -1.9403892336072957e-05, -0.0023447674169930037, -0.0017611235268018516, -0.0013300746245764028, -0.0007346467908586685, 0.0002182712896741308, 0.00159162595162736, 0.0002691702945515177, -0.0009346891542015932, 0.00027526071630737544, 0.0001312241795458054, -0.001872835435002283, 0.0030349842248829444, 0.004439130359254738, 0.000310530898098236, 0.0002276505192259779, 0.00047776149893329913, -0.0010248008411972921, -0.0014004398909888873, -0.0006879256472999833, 6.484375329588636e-05, -0.00027940244858332277, 0.00030156641264258353, -0.0006399117853345196, 0.0004712898300107452, -0.000648869600522247, 0.00022592731253225746, 0.0009958402857682383, 1.0665371949637682e-05, -0.0013393658885268325, 0.0006751778993228773, 0.002506776580738411, 0.0017256767765442464, 0.000827187870891429, 0.004801016867925309, 0.0008401600277731508, 0.0018546280894104362, 0.003913359450500635, -0.0005321334647471194, 0.0023343775132280507, 0.0006703438101424698, -0.00010715760460604294, 0.000665144446873423, 0.0006724734642553831, -0.0018725103841792535, 0.0003421491257467488, -0.001167138488536057, -0.0004387484456428892, 0.00011455254120528195, -0.0005240303991216227, -0.0006995228731046814, -0.0007856896898162534, -0.00034310195611755227, 0.000758462054104422, -0.00044413758614782157, 0.00048311624762334155, -0.0011127479510164768, -0.002203567461347705, 0.0]}, {"trace": {"episode_index": 0, "source_step": 0, "observed_return": 1.0, "context_tokens": 1286, "compute_tokens": 1286, "query_tokens": 225, "root_effect": -0.36452536284923553, "signed_sum": -0.3709286238209952, "conservation_residual": 0.006403260971759639, "conservation_tolerance": 0.02, "conservation_verified": true, "owner_batch_index": 4, "source_log_ratio_min": -0.15054479058432804, "source_log_ratio_max": 0.02820303462738731, "source_log_ratio_min_index": 0, "source_log_ratio_max_index": 5, "factual_target_logp": -0.5515589118003845, "reference_target_logp": -0.187033548951149}, "traj_uid": "e39a719e-154d-40bf-b1e5-5a4a7a9179ee", "observed_return": 1.0, "source_start": 547, "source_end": 1060, "selected_input_ids": [248045, 8678, 198, 2523, 513, 1167, 16451, 11, 3354, 539, 52540, 14388, 13, 1394, 513, 264, 10631, 17313, 13, 248046, 198, 248045, 846, 198, 2523, 513, 2574, 2342, 5222, 42607, 18066, 310, 10453, 3470, 303, 38898, 13, 93818, 10966, 513, 314, 279, 3443, 328, 7468, 498, 5480, 1576, 60, 1608, 498, 1307, 13565, 60, 3158, 198, 11179, 4625, 353, 668, 2873, 488, 449, 21254, 11, 488, 599, 310, 5707, 449, 1852, 3018, 383, 279, 1528, 321, 7359, 13, 1394, 628, 328, 447, 1, 449, 1576, 318, 36859, 8, 494, 279, 14991, 466, 279, 4424, 11, 1353, 5072, 279, 1746, 14991, 539, 328, 30075, 487, 466, 328, 7468, 1, 318, 5480, 8, 1608, 866, 314, 279, 42607, 10966, 13, 198, 7525, 2468, 1902, 24660, 1732, 411, 3443, 2879, 81266, 25, 198, 21061, 10976, 13, 271, 2432, 25, 198, 21061, 1727, 1852, 1, 271, 92065, 25, 695, 16, 13, 22516, 13441, 279, 11846, 948, 1608, 328, 447, 1, 321, 328, 7468, 1, 10966, 13, 471, 12996, 314, 615, 25, 615, 220, 16, 166007, 62259, 22864, 471, 12996, 16, 314, 10453, 25, 10453, 220, 16, 6105, 51735, 1608, 220, 16, 166007, 62259, 22864, 471, 12996, 17, 314, 10453, 25, 10453, 220, 16, 20117, 71670, 1608, 220, 23, 6414, 78960, 447, 11, 220, 16, 71670, 198, 17, 13, 3095, 1608, 328, 447, 1, 3108, 11, 635, 524, 13441, 3315, 279, 1455, 3905, 494, 279, 14991, 466, 279, 4424, 13, 198, 18, 13, 1394, 628, 958, 25835, 42607, 10966, 3766, 11, 635, 524, 958, 678, 1765, 42607, 10966, 13, 4213, 11, 413, 279, 42607, 3108, 5533, 264, 13553, 23980, 1040, 328, 490, 3903, 487, 488, 628, 958, 3175, 4346, 314, 279, 1788, 23980, 378, 1257, 13, 328, 21921, 36620, 609, 3903, 1, 303, 279, 3108, 4370, 13, 271, 248046, 198, 248045, 74455, 198, 3793, 13, 353, 3172, 1732, 678, 10895, 321, 1380, 821, 1786, 310, 11290, 279, 3274, 13, 248046, 198, 248045, 846, 198, 37563, 286, 10966, 25, 198, 7468, 220, 16, 70676, 1608, 220, 16, 7586, 11, 220, 23, 10679, 78960, 447, 198, 7468, 220, 16, 72757, 1608, 220, 16, 2438, 10495, 11, 220, 19, 32709, 863, 10495, 11, 220, 18, 609, 3903, 11, 220, 16, 10679, 6537, 349, 198, 7468, 220, 16, 1292, 1506, 1608, 220, 17, 10679, 6537, 349, 198, 7468, 220, 16, 10679, 22149, 10470, 1608, 220, 19, 10679, 6537, 349, 198, 7468, 220, 16, 10679, 14697, 1688, 1608, 220, 23, 10679, 6537, 349, 198, 7468, 220, 16, 10679, 6537, 349, 1608, 220, 24, 10679, 78960, 447, 198, 7468, 220, 21, 30192, 13176, 1608, 220, 16, 2438, 10495, 11, 220, 16, 9506, 7035, 11629, 11, 220, 21, 10679, 6537, 349, 198, 7468, 220, 16, 2093, 35360, 2176, 1608, 220, 22, 10679, 6537, 349, 198, 7468, 220, 21, 3969, 824, 13176, 1608, 220, 16, 2438, 10495, 7586, 11, 220, 17, 8941, 11, 220, 21, 10679, 6537, 349, 198, 7468, 220, 16, 8516, 1608, 220, 16, 10679, 6537, 349, 11, 220, 17, 10679, 78960, 447, 198, 7468, 220, 16, 5144, 14987, 1608, 220, 17, 886, 11, 220, 18, 8941, 11, 220, 16, 10679, 6537, 349, 11, 220, 16, 8151, 34356, 9416, 198, 7468, 220, 16, 10679, 88821, 1608, 220, 17, 8941, 11, 220, 16, 10679, 6537, 349, 271, 38663, 25, 10453, 2093, 35360, 2176, 13, 248046, 198, 248045, 74455, 198, 248068, 271, 248069, 271, 81266, 25, 198, 1206, 10453, 264, 2093, 35360, 2176, 11, 353, 1144, 220, 22, 10679, 6537, 2333, 13, 23394, 11, 353, 1132, 599, 7009, 310, 10453, 264, 88821, 318, 17, 32040, 11, 220, 16, 10679, 6537, 349, 8, 321, 264, 8151, 34356, 9416, 318, 7949, 7225, 264, 886, 353, 1459, 914, 599, 553, 353, 635, 524, 4862, 599, 220, 22, 10679, 6537, 2333, 310, 10453, 279, 2093, 35360, 2176, 5774, 13, 4213, 11, 353, 628, 10453, 220, 16, 10679, 6537, 349, 1245, 1381, 1608, 279, 220, 16, 10679, 6537, 349, 353, 1144, 364, 279, 88821, 321, 24725, 353, 599, 279, 32040, 13, 13428, 11, 279, 9640, 2640, 353, 328, 18443, 1, 279, 18066, 11, 694, 279, 2763, 1528, 314, 4802, 4290, 914, 20335, 9711, 975, 1056, 279, 18066, 5402, 13, 6558, 579, 311, 27864, 15060, 25, 328, 2523, 513, 2574, 2342, 5222, 42607, 18066, 1076, 3158, 1049, 3070, 914, 1103, 821, 1428, 14991, 13, 271, 50821, 11, 3221, 506, 279, 5129, 11870, 364, 1439, 44969, 25, 5802, 11, 1017, 369, 449, 17457, 5732, 1528, 466, 353, 1144, 310, 10453, 279, 77036, 1118, 13, 198, 67488, 3766, 25, 198, 16, 13, 65214, 25, 220, 16, 7586, 11, 220, 23, 10679, 78960, 18128, 198, 17, 13, 43018, 263, 25, 220, 16, 2438, 10495, 11, 220, 19, 32709, 863, 10495, 11, 220, 18, 609, 3903, 11, 220, 16, 10679, 6537, 349, 198, 18, 13, 2838, 1506, 25, 220, 17, 10679, 6537, 349, 198, 19, 13, 16082, 51043, 10470, 25, 220, 19, 10679, 6537, 349, 198, 20, 13, 16082, 40392, 1688, 25, 220, 23, 10679, 6537, 349, 198, 21, 13, 16082, 733, 21692, 25, 220, 24, 10679, 78960, 18128, 318, 1919, 369, 1328, 15836, 198, 22, 13, 76312, 23041, 25, 220, 16, 2438, 10495, 11, 220, 16, 9506, 7035, 11629, 11, 220, 21, 10679, 6537, 349, 198, 23, 13, 86361, 67, 2176, 25, 220, 22, 10679, 6537, 349, 198, 24, 13, 14283, 824, 23041, 25, 220, 16, 2438, 10495, 7586, 11, 220, 17, 8941, 11, 220, 21, 10679, 6537, 349, 198, 16, 15, 13, 27593, 25, 220, 16, 10679, 6537, 349, 11, 220, 17, 10679, 78960, 447, 198, 16, 16, 13, 16082, 1369, 41904, 25, 220, 17, 8941, 11, 220, 16, 10679, 6537, 349, 198, 16, 17, 13, 25900, 34356, 27256, 25, 318, 27838, 57739, 11, 5802, 886, 478, 10679, 29977, 11, 694, 524, 4221, 364, 2093, 35360, 2176, 8, 271, 38663, 25, 23260, 220, 16, 2093, 35360, 2176, 13, 198, 73211, 364, 86361, 67, 2176, 25, 220, 22, 10679, 6537, 349, 13, 198, 40, 635, 524, 599, 10679, 6537, 2333, 3482, 13, 198, 40, 599, 264, 10793, 310, 10453, 10679, 6537, 2333, 25, 328, 7468, 220, 16, 10679, 6537, 349, 1608, 220, 24, 10679, 78960, 447, 3158, 198, 40, 635, 524, 599, 220, 24, 10679, 78960, 18128, 3482, 13, 198, 5236, 353, 599, 10679, 78960, 18128, 30, 561, 9640, 3070, 914, 1528, 821, 14991, 13, 198, 10883, 11, 3428, 303, 1439, 49219, 11, 279, 1156, 23197, 353, 599, 279, 6891, 7009, 466, 279, 7359, 369, 310, 3019, 279, 7123, 13, 1921, 248046, 248046, 198, 248045, 846, 198, 23446, 38523, 460, 17071, 364, 2824, 37563, 13, 561, 36497, 1414, 369, 279, 4581, 8057, 8978, 11, 1238, 9191, 314, 279, 1428, 1965, 682, 9202, 11, 10451, 506, 1141, 3817, 3798, 13, 3054, 524, 4089, 411, 17071, 1622, 430, 449, 4424, 1852, 13, 36541, 279, 4424, 6849, 8427, 421, 1965, 430, 45374, 321, 1179, 13942, 440, 411, 1788, 4687, 11, 1608, 1439, 4880, 343, 3950, 44, 24102, 4868, 25, 5046, 2721, 27896, 763, 20, 16, 17, 1288, 33413, 763, 16, 13, 15, 7563, 561, 1428, 15752, 369, 220, 16, 26, 279, 8961, 5954, 220, 18, 15, 21207, 13, 31625, 279, 29732, 314, 660, 3813, 20511, 494, 279, 1428, 15752, 1472, 279, 809, 314, 411, 8961, 11, 440, 10766, 220, 16, 13, 95074, 6575, 20511, 13, 561, 9575, 42607, 4424, 6486, 220, 16, 948, 279, 10897, 5614, 369, 16496, 321, 10029, 279, 8961, 26, 660, 6575, 21207, 2873, 220, 15, 13, 22044, 21835, 466, 67205, 314, 279, 15752, 75108, 7786, 11039, 874, 4799, 10986, 26, 21207, 421, 2496, 11822, 16300, 6942, 13, 27295, 318, 1448, 25, 38523, 460, 1590, 220, 15, 25, 220, 15, 318, 32817, 524, 16496, 1518, 279, 8961, 10029, 1174, 220, 16, 25, 220, 16, 318, 31724, 42607, 4424, 6473, 5614, 16496, 553, 3301, 1132, 279, 5407, 2306, 13, 248046, 198, 248045, 74455, 198, 248068, 271, 248069, 271, 16], "source_signed": [-0.15054479058432804, -0.0804676617506825, -0.006674979025869926, -0.07269388388545998, 0.0237454817888345, 0.02820303462738731, 0.004106903592561259, -0.003703467269800108, 0.0036072611113169752, -0.007809227397818769, 0.005436713276365561, 0.0031656494047678555, 0.002409479764731911, 0.00013155147357536917, 0.002185249609898763, -0.0038020886275002283, 0.0004928851463772056, 0.0068120738155908935, 0.003372942265148009, 0.004148138192071701, -0.00024295024013981474, -0.0018105150214523923, -0.007326852292923854, 0.0064747708255578785, -0.006442085612625627, -0.008459036021932386, 0.0014421285889918314, -0.003697466066002095, -2.7250123147778364e-05, 0.0017757279995365461, -0.004423714179392548, -0.004631460047963934, -0.0011377914155939841, -0.0006829360650147151, -0.001397932379783608, -0.0015511910879489792, 0.0009872800549327405, -0.0004209798854395146, 0.001178862776366537, -0.0008310879721369182, -0.0005106383952448808, -0.000311044132089852, -0.0003257638680503643, 0.00036485474918943625, 0.0034026090076948036, -0.001715614694898887, 0.004160352391237493, 0.0006430777120272995, -0.0012843567116945839, -0.003984327760219488, -0.0012626625107766264, 0.000948269154159347, -0.004016898204459045, -0.002032660232533905, -0.0018892891319541904, 0.00033509566454006045, -0.0037511387240049183, -0.0014118038786658737, -0.006139843126021843, -0.0004370016108946556, 0.0025677600758527474, -0.003096758193818922, 0.004546604514566872, 0.001754032511176893, 0.0029200773463725375, -0.0018299612191556413, -0.000891682531343379, 0.0038009343624771244, 0.0036992353714004854, -0.0031589209455159606, 0.00022145481315626113, 0.0030460631760539088, 0.0020135913515309683, -0.0017498970222395698, 0.0026242408480069246, 0.002127949114604304, 0.002083666972826314, 0.00036057780177924494, 0.002128474378652252, 0.0008559205718803569, -0.00020787869971504463, -0.0034464302617869917, -0.00328377654338656, -0.0020920177880681917, 0.002574706305222591, 0.0027302417682037354, 0.0013699333714704484, -0.004367034308838738, 0.0037417662818189485, -0.001451777987590844, 0.00328312516388078, -0.0029133716778032975, 0.003597720542872408, -0.0017722294643189632, 0.002377158524927771, -0.00014071802516647802, -0.0021583601831553284, 0.008633708475731756, -0.004568579262130385, -0.0016372804078574068, -7.436862411539305e-05, -0.0026549694885979365, -0.0026766725837182063, 0.00133740828384178, -0.0018689910126186756, -0.001416011332101459, -0.018109081507219592, 0.0005796176205030666, -0.000981223901021997, -0.013233798953296124, -0.0009875164411068983, -0.0029941629464742235, 0.001540212348036848, -0.0014360040011684866, 0.000812100974476719, -0.002984282839676091, 0.0030063510254527627, 0.00033215827331375784, -0.002889620218383482, 0.0012700332918372682, -0.0009952180987648756, -0.0006869850171921689, -0.002763618703439378, -0.001615793990646611, -0.005694035064673345, -0.0070002529962243445, 0.0017291347375309107, -0.002923981816129938, 0.0027456594220070414, -5.0578609127145766e-05, 0.0009140586788685021, 0.0010416243467532916, 0.0010315914006818832, 0.016848299361655827, -0.033073120155410585, -0.0035006616574591587, 0.0019985278016435887, 0.0062006481624462435, 0.00701769019383224, -0.002089785932991338, 0.005607752409133044, -0.0033855670464005404, 0.0024886740964177125, 0.003824993671155799, -0.0021817552043451906, -0.0036126967337902563, 0.004176780547939056, -0.0054292706355681475, -0.001341568927936479, 0.0009461378013720509, 0.0015970303305250177, -0.0025311822778135563, 0.00029529787682792616, -0.00011672064603769042, -0.00024102000975836956, -0.000685836771071538, -0.0015227605906887008, 0.0018036975053926738, 0.005728295168453929, 0.0007310841381533097, 0.0010293367362889418, -0.0003276183010807905, 0.00028877539520515225, 0.002292036216082054, -0.0002261378357195738, -0.0011837313683797784, 0.0034708537490125407, 0.004197895168127642, 0.007353819460248608, -0.0013285074780909408, 0.0024983145867488237, -0.003923703839880442, 0.0002442961688789197, -0.00032046791791295274, -1.5629437341777453e-05, -0.0006732859598555735, 0.0008369192051450227, 0.0025269072126549333, 0.00217299020337442, 0.003251811404611298, -0.000774224471430187, 0.00012604375051569576, 0.013944767634995725, -0.002638201552978718, 0.001892574038470006, 0.0017360639635139868, 0.0027529165576431003, 0.004803024653295908, 0.009635072400197498, 0.0036678815885448687, 0.0057928040926399195, 0.001695391523753539, -0.00019634655058638813, -0.0006674508833029544, 0.0006099737481175776, 0.0005587267873462976, 0.004153411715922304, 0.001723765902751767, -0.005537269162789593, -0.0006353437071793964, 4.856182455057205e-05, -0.00045854172591838636, -0.0009925311207991576, 0.0030474478468739507, -0.0015847142502323159, 0.0011433877814319554, -0.0021438185427430224, -0.0007094038425952403, -0.0001568737552941372, 0.0015153854832900544, 0.0014654884165580142, 0.0012025305324245127, 0.0002096834317454159, -0.003923621658373631, 1.2456138466677459e-05, -0.0008963193630620467, 0.0050405292564415435, -0.001164396872470374, -0.0021904173937177004, -0.0010041364162926962, 0.0003327044386771535, 0.0003357453322045266, -0.0017035076822890939, 0.001459015693461436, -5.391147093683805e-05, 0.0016033015935600563, 0.0018178998603592684, 0.0041303977137142865, 0.0018306023049791287, 0.00015047393154250755, -0.0022124484501065554, -0.0035357138177008023, 0.0022984644927980776, -0.0017603722423614279, -0.0029702055424043272, 0.003020371270612888, 0.003793577802948903, -0.001288792438838295, 0.0058873152365657285, -0.0014127475664772915, 0.0017166196651509456, -0.00424039578701469, -0.0030535962416725123, 0.0038419973203078946, -0.003703933118355842, -0.001977211657664257, 0.0020197173330568, 0.0028366967390389608, -4.7051374749376056e-05, -0.0005099942273765589, 0.004976076663708889, 3.7795637823965925e-05, -0.012099876896357886, -0.003277428633572721, -0.00018584862605436044, -0.00024126059528209172, 0.0012415647979591394, -0.00048438208208186843, 0.002427406403308189, 0.00046345885056098095, 0.0028441065194439244, 0.0013593454260913175, 0.003491817378258161, 0.0026239336550922137, -0.0002903136314131218, -0.0009780724326991074, -0.0012737098611429638, -4.180544671458309e-05, -0.00026902090883218477, -0.0021264631011935547, 0.0010855140035729675, 0.003564961144329426, 0.004519883722920868, 0.001769404939256881, 0.0004380939238222642, -0.005832837391757738, 0.0009692333627977119, 0.00439922164095685, 0.0009703512358445994, 0.0062414469342792645, 0.003249717025060186, 0.0030875810797105726, 0.005362453430233519, 0.005795433129038156, 0.004607339609307525, -0.0019796861828061266, -0.0025488041906339878, 1.8507812883700528e-05, -0.004739207132463206, -0.00028231515523170303, 0.004410594134005618, 0.0019855128709546244, -0.0010320659464398067, 0.0010078867656910478, 0.0008413745411828123, 0.0015560630495805158, 0.0013516726207733682, -0.00165072529908578, -0.005029941166527948, -0.002499501159395911, -0.001279663222487151, -0.0029776763244172082, -0.00013172253856658382, 0.0010083557776813011, -0.0013930318647154237, -0.0010428940749743387, 0.0005282583442666978, -0.00023056342499305814, 0.001033210418206375, 0.0029447750642922583, -0.00022415236608936892, -0.0014943986607678151, -0.002248993614540405, 0.006838973198544597, 0.0015022105126824836, -0.0013896946451576854, -0.0001834757600237423, 2.6985682762751e-05, 0.0018411042489048374, -0.0008846699321494735, 7.56228732454226e-05, -0.00048137917111620724, 0.0010276314325704137, 0.0005720930046562659, 0.0004152688645821191, 0.0036013338526831684, 0.0016950529235588174, -0.0018326405262142817, -0.0009585753259199398, -0.006253369592256152, 0.0006808505733378206, 0.0014201886626287856, -0.0021725240688224108, -0.0007237537093445728, 0.0008261358257477332, -0.0008193532926011684, 0.00013692990385503513, 0.0002096915224478078, 0.00026926617201344406, 0.0003218572057665835, 0.0018411709161511528, -0.002301821417545479, -0.0015958191614612533, -0.0021775877765749566, 0.002147061930011745, 0.0009776037732023533, -0.003766944723018385, 0.0018987948796828015, 0.0014862807981016759, 0.0010825595818381353, 0.0014622197580010767, 0.0007016129238088175, -0.0015576932882767232, -0.0011613539960672048, -0.0002851660369114679, 0.0016210654534280417, 0.0009180568846863298, 0.0006743537099222173, -0.004002530233714644, 0.0011491291136957568, -0.0005312304032704863, -0.0015040437208192646, -0.005663925165020726, -0.0014937250317562868, -0.0009617694067688746, 0.00419943614488802, -0.004680284676358672, -0.0003746656553947421, -0.00012568109241306688, -0.013395376277708829, 0.0013893913616498852, -0.0014172679757433436, 0.0005968217915285497, 0.0010666444913529497, 0.0002963798499184638, 0.004735308865263329, -0.005160271964173144, -0.0014084383571534545, 0.002150365007177857, 0.0007479331141945923, -0.0012474640417035662, -0.0034243370004770784, -0.005823697515575188, 0.0032102097584660446, -0.004955875080675871, 0.001377837833293859, 0.0018763345239857917, 0.001553864385344098, -0.0016825568391420328, -0.0006783195160980143, -0.012363640278650782, 0.0008729365206282301, -0.0004491053092843065, 0.001372939316321577, 0.0077154244874502, 0.0038665487519005523, 0.0005897687077246452, 0.00013739798708593777, 0.0008612775790609341, -0.0001455268785321307, 0.009082321384628136, 0.018223005234518794, 0.0017656252079582976, 0.009236333121892312, 0.004087147479453121, 0.009080566841008013, 0.00019010675428478892, 0.0039259490968840795, 0.005439588079502629, -0.0030159005419335676, -0.0059122732559865835, -0.007295542713615112, 0.002299958449592635, -0.0014541236304391558, -0.003443646765709246, -0.001712697826993226, -0.001521979039475596, 0.0027071598983027037, 3.489402110062618e-05, 0.002188741141196989, 0.0018757075099841806, -0.0034370662485229846, -0.0015258669133909474, -0.0037839143912358477, -0.0020591508181042415, -0.003118139752108327, -0.006938004949272835, -0.0011744317748073837, -7.09764897326411e-05, -0.0032056614488075747, 0.002648344631551343, 0.009795719909028434, -0.0025752375278820907, -0.002506590625877129, 0.0021979387588941714, -0.004996094774438446, -0.0007512763387596001, 0.0038989210214200234, -0.0004149163237681722, 0.005688455178475895, 0.0004162512473560257, -0.0006858341975204069, -0.003067875486026655, -0.002855426003602884, -0.0031958487904337023, -0.002451795073547883, 0.002840259510222028, 0.002024340032327295, 0.0029351888690144993, -0.0023316025728781567, 0.0002181270804503554, -0.0044034305945427794, -0.007045276378129302, -0.002622348905399029, -0.0021105928197612143, 0.0033762819914635945, -0.00031072424964837843, 0.0007552132338420571, 0.0015915276524875715, -0.0038678489487425265, -0.001812124313820886, -0.008469706523726455, -0.006035669470601879, 0.0036123237499902042, -2.9931524428509918e-05, 0.00028128279410673945, -0.00039722019838960097, 0.0038295550119088195, 0.004964543317721741, -0.0026077184877039716, -0.000804861861348146, -0.0008607764406489264, -0.004224713570522395, -0.0029401987659133746, 0.0005055150661884642, 0.005096153068592214, 0.001661908901417545, -0.005811811502327032, -0.004204305563142489, -0.006065569691558972, -0.006872298551041863, -0.0027573776093752977, -0.000855475527323144, -0.003780884163177983, -0.0005689799691791647, 0.012320904915385254, -0.00657238845253248, -0.007412222925831815, 0.0016043330992075817, -0.00594479924851651, -0.002658482046517698, -0.003306621067205879, -0.010773725997519025, -0.001450420031314342, -0.003899436857182463, -0.016680597715872457, -0.0009443249702176422, -0.0027444551682062265, -0.009140967868544606, 0.0044628650754659875, 0.0005326183537114485, -0.002764060064664395, -0.01039757649112856, 0.0032762096103176614, -0.0054822604920301485, -0.00909582626276105, -0.0016799901601560327, 0.011663176134325475, 0.006332284009167306, 0.009872889671732272, -0.0007762749460517105, -0.042811258256138615, 0.0]}]}}
[36m(QueryClockGradientWorker pid=4000891)[0m [DeltaTrace readout] {"task": "TextCraft", "policy_tokens": 15090, "nonzero_reward_events": 10, "finite_trace_calls": 24, "event_contrasts": 96, "minibatch_size": 4, "max_readout_length": 5297, "actual_row_lengths": [754, 755, 810, 818, 854, 858, 900, 931, 956, 983, 995, 1035, 1060, 1060, 1060, 1129, 1144, 1155, 1156, 1168, 1201, 1237, 1250, 1319, 1381, 1424, 1425, 1492, 1530, 1559, 1586, 1587, 1591, 1611, 1635, 1658, 1674, 1738, 1764, 1778, 1797, 1803, 1820, 1836, 1907, 1938, 1963, 2011, 2046, 2094, 2099, 2147, 2171, 2210, 2216, 2271, 2302, 2313, 2382, 2414, 2439, 2479, 2493, 2551, 2568, 2608, 2691, 2717, 2733, 2787, 2836, 2874, 2893, 2959, 2964, 2976, 3016, 3097, 3154, 3178, 3204, 3345, 3346, 3608, 3707, 4024, 4209, 4397, 4909, 5070, 564, 576, 706, 709, 724, 735], "traces": [{"episode_index": 0, "source_step": 0, "observed_return": 1.0, "context_tokens": 790, "compute_tokens": 935, "query_tokens": 225, "root_effect": -0.21107564121484756, "signed_sum": -0.21311614932014217, "conservation_residual": 0.002040508105294603, "conservation_tolerance": 0.02, "conservation_verified": true, "owner_batch_index": 0, "source_log_ratio_min": -0.08460662410307113, "source_log_ratio_max": 0.034869646739389276, "source_log_ratio_min_index": 3, "source_log_ratio_max_index": 4, "factual_target_logp": -0.3023424446582794, "reference_target_logp": -0.09126680344343185}, {"episode_index": 0, "source_step": 0, "observed_return": 1.0, "context_tokens": 802, "compute_tokens": 935, "query_tokens": 225, "root_effect": -0.16987091302871704, "signed_sum": -0.1878864242359605, "conservation_residual": 0.018015511207243456, "conservation_tolerance": 0.02, "conservation_verified": true, "owner_batch_index": 0, "source_log_ratio_min": -0.0739379085536016, "source_log_ratio_max": 0.030376121420920926, "source_log_ratio_min_index": 3, "source_log_ratio_max_index": 4, "factual_target_logp": -0.2574525773525238, "reference_target_logp": -0.08758166432380676}, {"episode_index": 0, "source_step": 0, "observed_return": 1.0, "context_tokens": 932, "compute_tokens": 935, "query_tokens": 225, "root_effect": -0.38773465901613235, "signed_sum": -0.4194457983471463, "conservation_residual": 0.03171113933101394, "conservation_tolerance": 0.02, "conservation_verified": false, "owner_batch_index": 0, "source_log_ratio_min": -0.10775323276184845, "source_log_ratio_max": 0.029982870819017217, "source_log_ratio_min_index": 0, "source_log_ratio_max_index": 4, "factual_target_logp": -0.46724820137023926, "reference_target_logp": -0.0795135423541069}, {"episode_index": 0, "source_step": 0, "observed_return": 1.0, "context_tokens": 935, "compute_tokens": 935, "query_tokens": 225, "root_effect": -0.2693735733628273, "signed_sum": -0.2710124353594455, "conservation_residual": 0.0016388619966182238, "conservation_tolerance": 0.02, "conservation_verified": true, "owner_batch_index": 0, "source_log_ratio_min": -0.08384319232242932, "source_log_ratio_max": 0.013918137421322321, "source_log_ratio_min_index": 0, "source_log_ratio_max_index": 4, "factual_target_logp": -0.3903317451477051, "reference_target_logp": -0.12095817178487778}, {"episode_index": 0, "source_step": 1, "observed_return": 1.0, "context_tokens": 950, "compute_tokens": 981, "query_tokens": 225, "root_effect": 0.23784740269184113, "signed_sum": 0.25698888649504226, "conservation_residual": -0.01914148380320113, "conservation_tolerance": 0.02, "conservation_verified": true, "owner_batch_index": 1, "source_log_ratio_min": -0.03706176772527532, "source_log_ratio_max": 0.05044752924505886, "source_log_ratio_min_index": 3, "source_log_ratio_max_index": 0, "factual_target_logp": -0.1359444111585617, "reference_target_logp": -0.37379181385040283}, {"episode_index": 0, "source_step": 0, "observed_return": 1.0, "context_tokens": 961, "compute_tokens": 981, "query_tokens": 225, "root_effect": 0.061557337641716, "signed_sum": 0.06888397891574236, "conservation_residual": -0.007326641274026352, "conservation_tolerance": 0.02, "conservation_verified": true, "owner_batch_index": 1, "source_log_ratio_min": -0.04749551104325972, "source_log_ratio_max": 0.02031568905475537, "source_log_ratio_min_index": 331, "source_log_ratio_max_index": 332, "factual_target_logp": -0.1520991325378418, "reference_target_logp": -0.2136564701795578}, {"episode_index": 0, "source_step": 0, "observed_return": 1.0, "context_tokens": 980, "compute_tokens": 981, "query_tokens": 225, "root_effect": 0.0394178181886673, "signed_sum": 0.035745698723188515, "conservation_residual": 0.003672119465478782, "conservation_tolerance": 0.02, "conservation_verified": true, "owner_batch_index": 1, "source_log_ratio_min": -0.07515692114310132, "source_log_ratio_max": 0.012218306659901512, "source_log_ratio_min_index": 0, "source_log_ratio_max_index": 327, "factual_target_logp": -0.14159420132637024, "reference_target_logp": -0.18101201951503754}, {"episode_index": 0, "source_step": 0, "observed_return": 1.0, "context_tokens": 981, "compute_tokens": 981, "query_tokens": 225, "root_effect": -0.07649647444486618, "signed_sum": -0.06987993133610795, "conservation_residual": -0.006616543108758227, "conservation_tolerance": 0.02, "conservation_verified": true, "owner_batch_index": 1, "source_log_ratio_min": -0.07944266763595559, "source_log_ratio_max": 0.019229364379980643, "source_log_ratio_min_index": 0, "source_log_ratio_max_index": 4, "factual_target_logp": -0.19943806529045105, "reference_target_logp": -0.12294159084558487}, {"episode_index": 0, "source_step": 2, "observed_return": 1.0, "context_tokens": 1036, "compute_tokens": 1084, "query_tokens": 225, "root_effect": 0.029513061046600342, "signed_sum": 0.03272727975305606, "conservation_residual": -0.003214218706455718, "conservation_tolerance": 0.02, "conservation_verified": true, "owner_batch_index": 2, "source_log_ratio_min": -0.008497951345895509, "source_log_ratio_max": 0.014755140350777667, "source_log_ratio_min_index": 3, "source_log_ratio_max_index": 0, "factual_target_logp": -0.07816139608621597, "reference_target_logp": -0.10767445713281631}, {"episode_index": 0, "source_step": 2, "observed_return": 1.0, "context_tokens": 1044, "compute_tokens": 1084, "query_tokens": 225, "root_effect": -0.006794631481170654, "signed_sum": 0.006836896545684132, "conservation_residual": -0.013631528026854786, "conservation_tolerance": 0.02, "conservation_verified": true, "owner_batch_index": 2, "source_log_ratio_min": -0.01921300852941122, "source_log_ratio_max": 0.04126733031422258, "source_log_ratio_min_index": 3, "source_log_ratio_max_index": 2, "factual_target_logp": -0.3668641149997711, "reference_target_logp": -0.36006948351860046}, {"episode_index": 0, "source_step": 1, "observed_return": 1.0, "context_tokens": 1080, "compute_tokens": 1084, "query_tokens": 225, "root_effect": 0.008963078260421753, "signed_sum": 0.005599610709831256, "conservation_residual": 0.003363467550590497, "conservation_tolerance": 0.02, "conservation_verified": true, "owner_batch_index": 2, "source_log_ratio_min": -0.009808091583009122, "source_log_ratio_max": 0.020881940439600476, "source_log_ratio_min_index": 3, "source_log_ratio_max_index": 0, "factual_target_logp": -0.16309505701065063, "reference_target_logp": -0.1720581352710724}, {"episode_index": 0, "source_step": 0, "observed_return": 1.0, "context_tokens": 1084, "compute_tokens": 1084, "query_tokens": 225, "root_effect": 0.024640560150146484, "signed_sum": 0.03719699121294605, "conservation_residual": -0.012556431062799564, "conservation_tolerance": 0.02, "conservation_verified": true, "owner_batch_index": 2, "source_log_ratio_min": -0.022879113888282735, "source_log_ratio_max": 0.011415103554738237, "source_log_ratio_min_index": 2, "source_log_ratio_max_index": 319, "factual_target_logp": -0.1919316202402115, "reference_target_logp": -0.21657218039035797}, {"episode_index": 0, "source_step": 1, "observed_return": 1.0, "context_tokens": 1126, "compute_tokens": 1209, "query_tokens": 225, "root_effect": 0.06803615391254425, "signed_sum": 0.06750595525321498, "conservation_residual": 0.0005301986593292674, "conservation_tolerance": 0.02, "conservation_verified": true, "owner_batch_index": 3, "source_log_ratio_min": -0.016057602957393363, "source_log_ratio_max": 0.012360089564110438, "source_log_ratio_min_index": 73, "source_log_ratio_max_index": 134, "factual_target_logp": -0.18292520940303802, "reference_target_logp": -0.2509613633155823}, {"episode_index": 0, "source_step": 3, "observed_return": 1.0, "context_tokens": 1157, "compute_tokens": 1209, "query_tokens": 225, "root_effect": 0.05976979061961174, "signed_sum": 0.058273250602519644, "conservation_residual": 0.0014965400170920962, "conservation_tolerance": 0.02, "conservation_verified": true, "owner_batch_index": 3, "source_log_ratio_min": -0.004666983566622436, "source_log_ratio_max": 0.017130855981195854, "source_log_ratio_min_index": 3, "source_log_ratio_max_index": 0, "factual_target_logp": -0.04530986025929451, "reference_target_logp": -0.10507965087890625}, {"episode_index": 0, "source_step": 2, "observed_return": 1.0, "context_tokens": 1182, "compute_tokens": 1209, "query_tokens": 225, "root_effect": 0.03953474760055542, "signed_sum": 0.028477060708674635, "conservation_residual": 0.011057686891880785, "conservation_tolerance": 0.02, "conservation_verified": true, "owner_batch_index": 3, "source_log_ratio_min": -0.00799228610325928, "source_log_ratio_max": 0.016222913903063765, "source_log_ratio_min_index": 3, "source_log_ratio_max_index": 0, "factual_target_logp": -0.10244698822498322, "reference_target_logp": -0.14198173582553864}, {"episode_index": 0, "source_step": 1, "observed_return": 1.0, "context_tokens": 1209, "compute_tokens": 1209, "query_tokens": 225, "root_effect": 0.14675721526145935, "signed_sum": 0.10220670370877383, "conservation_residual": 0.04455051155268552, "conservation_tolerance": 0.02, "conservation_verified": false, "owner_batch_index": 3, "source_log_ratio_min": -0.04307795941559356, "source_log_ratio_max": 0.07363017445085782, "source_log_ratio_min_index": 29, "source_log_ratio_max_index": 246, "factual_target_logp": -0.4395815432071686, "reference_target_logp": -0.5863387584686279}, {"episode_index": 0, "source_step": 2, "observed_return": 1.0, "context_tokens": 1221, "compute_tokens": 1286, "query_tokens": 225, "root_effect": 0.12040206417441368, "signed_sum": 0.11386217500454716, "conservation_residual": 0.006539889169866517, "conservation_tolerance": 0.02, "conservation_verified": true, "owner_batch_index": 4, "source_log_ratio_min": -0.0037269612834340826, "source_log_ratio_max": 0.011795828928743816, "source_log_ratio_min_index": 38, "source_log_ratio_max_index": 0, "factual_target_logp": -0.06233449652791023, "reference_target_logp": -0.1827365607023239}, {"episode_index": 0, "source_step": 3, "observed_return": 1.0, "context_tokens": 1261, "compute_tokens": 1286, "query_tokens": 225, "root_effect": -0.11886480450630188, "signed_sum": -0.08224080469506634, "conservation_residual": -0.03662399981123554, "conservation_tolerance": 0.02, "conservation_verified": false, "owner_batch_index": 4, "source_log_ratio_min": -0.02238076361832307, "source_log_ratio_max": 0.016185184898170384, "source_log_ratio_min_index": 192, "source_log_ratio_max_index": 0, "factual_target_logp": -0.3505610525608063, "reference_target_logp": -0.2316962480545044}, {"episode_index": 0, "source_step": 0, "observed_return": 1.0, "context_tokens": 1286, "compute_tokens": 1286, "query_tokens": 225, "root_effect": -0.008240804076194763, "signed_sum": 0.0023639368105735463, "conservation_residual": -0.01060474088676831, "conservation_tolerance": 0.02, "conservation_verified": true, "owner_batch_index": 4, "source_log_ratio_min": -0.035823171221380366, "source_log_ratio_max": 0.005911549561292473, "source_log_ratio_min_index": 0, "source_log_ratio_max_index": 261, "factual_target_logp": -0.19527466595172882, "reference_target_logp": -0.18703386187553406}, {"episode_index": 0, "source_step": 0, "observed_return": 1.0, "context_tokens": 1286, "compute_tokens": 1286, "query_tokens": 225, "root_effect": 0.011601388454437256, "signed_sum": 0.012024356553598403, "conservation_residual": -0.0004229680991611473, "conservation_tolerance": 0.02, "conservation_verified": true, "owner_batch_index": 4, "source_log_ratio_min": -0.046605729279567076, "source_log_ratio_max": 0.006931864191622502, "source_log_ratio_min_index": 0, "source_log_ratio_max_index": 66, "factual_target_logp": -0.17543375492095947, "reference_target_logp": -0.18703514337539673}, {"episode_index": 0, "source_step": 0, "observed_return": 1.0, "context_tokens": 1286, "compute_tokens": 1381, "query_tokens": 225, "root_effect": -0.0340217649936676, "signed_sum": -0.03646930477430322, "conservation_residual": 0.0024475397806356172, "conservation_tolerance": 0.02, "conservation_verified": true, "owner_batch_index": 5, "source_log_ratio_min": -0.03199482504595214, "source_log_ratio_max": 0.011125484730102903, "source_log_ratio_min_index": 0, "source_log_ratio_max_index": 296, "factual_target_logp": -0.22908234596252441, "reference_target_logp": -0.1950605809688568}, {"episode_index": 0, "source_step": 2, "observed_return": 1.0, "context_tokens": 1355, "compute_tokens": 1381, "query_tokens": 225, "root_effect": 0.07293415069580078, "signed_sum": 0.08176402207419879, "conservation_residual": -0.00882987137839801, "conservation_tolerance": 0.02, "conservation_verified": true, "owner_batch_index": 5, "source_log_ratio_min": -0.04146356742853284, "source_log_ratio_max": 0.039562746003610746, "source_log_ratio_min_index": 23, "source_log_ratio_max_index": 2, "factual_target_logp": -0.360218346118927, "reference_target_logp": -0.4331524968147278}, {"episode_index": 0, "source_step": 0, "observed_return": 1.0, "context_tokens": 1370, "compute_tokens": 1381, "query_tokens": 225, "root_effect": -0.01602080464363098, "signed_sum": -0.02191039053447857, "conservation_residual": 0.005889585890847589, "conservation_tolerance": 0.02, "conservation_verified": true, "owner_batch_index": 5, "source_log_ratio_min": -0.036183330741403855, "source_log_ratio_max": 0.0063284172735282185, "source_log_ratio_min_index": 0, "source_log_ratio_max_index": 143, "factual_target_logp": -0.15972338616847992, "reference_target_logp": -0.14370258152484894}, {"episode_index": 0, "source_step": 4, "observed_return": 1.0, "context_tokens": 1381, "compute_tokens": 1381, "query_tokens": 225, "root_effect": 0.026578396558761597, "signed_sum": 0.03849843710516024, "conservation_residual": -0.011920040546398641, "conservation_tolerance": 0.02, "conservation_verified": true, "owner_batch_index": 5, "source_log_ratio_min": -0.01161026734391554, "source_log_ratio_max": 0.03941940673335354, "source_log_ratio_min_index": 90, "source_log_ratio_max_index": 2, "factual_target_logp": -0.2361089289188385, "reference_target_logp": -0.2626873254776001}, {"episode_index": 0, "source_step": 0, "observed_return": 1.0, "context_tokens": 1382, "compute_tokens": 1463, "query_tokens": 225, "root_effect": -0.10639981925487518, "signed_sum": -0.10646858893629009, "conservation_residual": 6.876968141490691e-05, "conservation_tolerance": 0.02, "conservation_verified": true, "owner_batch_index": 6, "source_log_ratio_min": -0.08740592201643915, "source_log_ratio_max": 0.021197765351517794, "source_log_ratio_min_index": 0, "source_log_ratio_max_index": 4, "factual_target_logp": -0.26467978954315186, "reference_target_logp": -0.15827997028827667}, {"episode_index": 0, "source_step": 1, "observed_return": 1.0, "context_tokens": 1394, "compute_tokens": 1463, "query_tokens": 225, "root_effect": 0.10717195272445679, "signed_sum": 0.09224080461309025, "conservation_residual": 0.014931148111366532, "conservation_tolerance": 0.02, "conservation_verified": true, "owner_batch_index": 6, "source_log_ratio_min": -0.05882590762043931, "source_log_ratio_max": 0.024353485200234837, "source_log_ratio_min_index": 239, "source_log_ratio_max_index": 240, "factual_target_logp": -0.22283461689949036, "reference_target_logp": -0.33000656962394714}, {"episode_index": 0, "source_step": 1, "observed_return": 1.0, "context_tokens": 1427, "compute_tokens": 1463, "query_tokens": 225, "root_effect": 0.043493494391441345, "signed_sum": 0.048769705894896126, "conservation_residual": -0.005276211503454781, "conservation_tolerance": 0.02, "conservation_verified": true, "owner_batch_index": 6, "source_log_ratio_min": -0.034084017534940655, "source_log_ratio_max": 0.011136377841950443, "source_log_ratio_min_index": 0, "source_log_ratio_max_index": 5, "factual_target_logp": -0.14487318694591522, "reference_target_logp": -0.18836668133735657}, {"episode_index": 0, "source_step": 1, "observed_return": 1.0, "context_tokens": 1463, "compute_tokens": 1463, "query_tokens": 225, "root_effect": 0.015817880630493164, "signed_sum": 0.015707136762300067, "conservation_residual": 0.00011074386819309723, "conservation_tolerance": 0.02, "conservation_verified": true, "owner_batch_index": 6, "source_log_ratio_min": -0.01212900458697748, "source_log_ratio_max": 0.015458988293811832, "source_log_ratio_min_index": 0, "source_log_ratio_max_index": 2, "factual_target_logp": -0.12869562208652496, "reference_target_logp": -0.14451350271701813}, {"episode_index": 0, "source_step": 2, "observed_return": 1.0, "context_tokens": 1476, "compute_tokens": 1650, "query_tokens": 225, "root_effect": 0.06571586057543755, "signed_sum": 0.0642454990038931, "conservation_residual": 0.0014703615715444401, "conservation_tolerance": 0.02, "conservation_verified": true, "owner_batch_index": 7, "source_log_ratio_min": -0.0038456950509234778, "source_log_ratio_max": 0.013462470771899184, "source_log_ratio_min_index": 3, "source_log_ratio_max_index": 0, "factual_target_logp": -0.03916061297059059, "reference_target_logp": -0.10487647354602814}, {"episode_index": 0, "source_step": 3, "observed_return": 1.0, "context_tokens": 1545, "compute_tokens": 1650, "query_tokens": 225, "root_effect": 0.13612766563892365, "signed_sum": 0.1276204887644174, "conservation_residual": 0.00850717687450625, "conservation_tolerance": 0.02, "conservation_verified": true, "owner_batch_index": 7, "source_log_ratio_min": -0.027374499868332337, "source_log_ratio_max": 0.033697432511152904, "source_log_ratio_min_index": 3, "source_log_ratio_max_index": 0, "factual_target_logp": -0.21203364431858063, "reference_target_logp": -0.3481613099575043}, {"episode_index": 0, "source_step": 5, "observed_return": 1.0, "context_tokens": 1607, "compute_tokens": 1650, "query_tokens": 225, "root_effect": 0.17028987407684326, "signed_sum": 0.17951389791079306, "conservation_residual": -0.009224023833949796, "conservation_tolerance": 0.02, "conservation_verified": true, "owner_batch_index": 7, "source_log_ratio_min": -0.017180054672297468, "source_log_ratio_max": 0.05201380064551004, "source_log_ratio_min_index": 198, "source_log_ratio_max_index": 2, "factual_target_logp": -0.3238505721092224, "reference_target_logp": -0.4941404461860657}, {"episode_index": 0, "source_step": 2, "observed_return": 1.0, "context_tokens": 1650, "compute_tokens": 1650, "query_tokens": 225, "root_effect": 0.055475592613220215, "signed_sum": 0.053129071574963056, "conservation_residual": 0.0023465210382571586, "conservation_tolerance": 0.02, "conservation_verified": true, "owner_batch_index": 7, "source_log_ratio_min": -0.007566242581885135, "source_log_ratio_max": 0.012199967940413092, "source_log_ratio_min_index": 94, "source_log_ratio_max_index": 0, "factual_target_logp": -0.08328935503959656, "reference_target_logp": -0.13876494765281677}, {"episode_index": 0, "source_step": 1, "observed_return": 1.0, "context_tokens": 1651, "compute_tokens": 1785, "query_tokens": 225, "root_effect": 0.03326544165611267, "signed_sum": 0.03679537857575766, "conservation_residual": -0.0035299369196449895, "conservation_tolerance": 0.02, "conservation_verified": true, "owner_batch_index": 8, "source_log_ratio_min": -0.025610472927529347, "source_log_ratio_max": 0.014086885037592645, "source_log_ratio_min_index": 0, "source_log_ratio_max_index": 2, "factual_target_logp": -0.14494732022285461, "reference_target_logp": -0.17821276187896729}, {"episode_index": 0, "source_step": 6, "observed_return": 1.0, "context_tokens": 1718, "compute_tokens": 1785, "query_tokens": 225, "root_effect": -0.024146437644958496, "signed_sum": -0.030934874237274368, "conservation_residual": 0.006788436592315872, "conservation_tolerance": 0.02, "conservation_verified": true, "owner_batch_index": 8, "source_log_ratio_min": -0.01647226551265712, "source_log_ratio_max": 0.027281416939647245, "source_log_ratio_min_index": 3, "source_log_ratio_max_index": 2, "factual_target_logp": -0.31008079648017883, "reference_target_logp": -0.28593435883522034}, {"episode_index": 0, "source_step": 2, "observed_return": 1.0, "context_tokens": 1756, "compute_tokens": 1785, "query_tokens": 225, "root_effect": 0.8194923102855682, "signed_sum": 0.8056690520647074, "conservation_residual": 0.013823258220860835, "conservation_tolerance": 0.02, "conservation_verified": true, "owner_batch_index": 8, "source_log_ratio_min": -0.03141348432444682, "source_log_ratio_max": 0.13775483893674476, "source_log_ratio_min_index": 398, "source_log_ratio_max_index": 0, "factual_target_logp": -0.4260764420032501, "reference_target_logp": -1.2455687522888184}, {"episode_index": 0, "source_step": 5, "observed_return": 1.0, "context_tokens": 1785, "compute_tokens": 1785, "query_tokens": 225, "root_effect": -0.13042761385440826, "signed_sum": -0.11777176251667192, "conservation_residual": -0.012655851337736349, "conservation_tolerance": 0.02, "conservation_verified": true, "owner_batch_index": 8, "source_log_ratio_min": -0.018206730934098685, "source_log_ratio_max": 0.015136297618740073, "source_log_ratio_min_index": 34, "source_log_ratio_max_index": 100, "factual_target_logp": -0.37018707394599915, "reference_target_logp": -0.23975946009159088}, {"episode_index": 0, "source_step": 1, "observed_return": 1.0, "context_tokens": 1812, "compute_tokens": 1837, "query_tokens": 225, "root_effect": 0.1841905266046524, "signed_sum": 0.16708182653774872, "conservation_residual": 0.01710870006690368, "conservation_tolerance": 0.02, "conservation_verified": true, "owner_batch_index": 9, "source_log_ratio_min": -0.04129893483707261, "source_log_ratio_max": 0.051080369132292566, "source_log_ratio_min_index": 3, "source_log_ratio_max_index": 0, "factual_target_logp": -0.21673785150051117, "reference_target_logp": -0.4009283781051636}, {"episode_index": 0, "source_step": 1, "observed_return": 1.0, "context_tokens": 1813, "compute_tokens": 1837, "query_tokens": 225, "root_effect": 0.02709360420703888, "signed_sum": 0.01947273131844024, "conservation_residual": 0.00762087288859864, "conservation_tolerance": 0.02, "conservation_verified": true, "owner_batch_index": 9, "source_log_ratio_min": -0.04869894794830828, "source_log_ratio_max": 0.011216920737920917, "source_log_ratio_min_index": 0, "source_log_ratio_max_index": 4, "factual_target_logp": -0.21607095003128052, "reference_target_logp": -0.2431645542383194}, {"episode_index": 0, "source_step": 2, "observed_return": 1.0, "context_tokens": 1817, "compute_tokens": 1837, "query_tokens": 225, "root_effect": 0.006004303693771362, "signed_sum": 0.007310370701971916, "conservation_residual": -0.0013060670082005541, "conservation_tolerance": 0.02, "conservation_verified": true, "owner_batch_index": 9, "source_log_ratio_min": -0.008001525559835253, "source_log_ratio_max": 0.005983186761178032, "source_log_ratio_min_index": 3, "source_log_ratio_max_index": 2, "factual_target_logp": -0.13094259798526764, "reference_target_logp": -0.136946901679039}, {"episode_index": 0, "source_step": 3, "observed_return": 1.0, "context_tokens": 1837, "compute_tokens": 1837, "query_tokens": 225, "root_effect": 0.07746795937418938, "signed_sum": 0.07874322656934138, "conservation_residual": -0.0012752671951520023, "conservation_tolerance": 0.02, "conservation_verified": true, "owner_batch_index": 9, "source_log_ratio_min": -0.003155509370338436, "source_log_ratio_max": 0.011667902576097814, "source_log_ratio_min_index": 81, "source_log_ratio_max_index": 0, "factual_target_logp": -0.04592408612370491, "reference_target_logp": -0.12339204549789429}, {"episode_index": 0, "source_step": 3, "observed_return": 1.0, "context_tokens": 1861, "compute_tokens": 1964, "query_tokens": 225, "root_effect": -0.009341873228549957, "signed_sum": -0.006029248658975837, "conservation_residual": -0.0033126245695741206, "conservation_tolerance": 0.02, "conservation_verified": true, "owner_batch_index": 10, "source_log_ratio_min": -0.005470562936155823, "source_log_ratio_max": 0.0047784085917444204, "source_log_ratio_min_index": 3, "source_log_ratio_max_index": 0, "factual_target_logp": -0.13070811331272125, "reference_target_logp": -0.1213662400841713}, {"episode_index": 0, "source_step": 3, "observed_return": 1.0, "context_tokens": 1884, "compute_tokens": 1964, "query_tokens": 225, "root_effect": 0.15985006093978882, "signed_sum": 0.1526053351615005, "conservation_residual": 0.00724472577828833, "conservation_tolerance": 0.02, "conservation_verified": true, "owner_batch_index": 10, "source_log_ratio_min": -0.015238533420355672, "source_log_ratio_max": 0.050819314474158245, "source_log_ratio_min_index": 3, "source_log_ratio_max_index": 0, "factual_target_logp": -0.29256653785705566, "reference_target_logp": -0.4524165987968445}, {"episode_index": 0, "source_step": 4, "observed_return": 1.0, "context_tokens": 1900, "compute_tokens": 1964, "query_tokens": 225, "root_effect": 0.0410628616809845, "signed_sum": 0.03870339399616669, "conservation_residual": 0.0023594676848178037, "conservation_tolerance": 0.02, "conservation_verified": true, "owner_batch_index": 10, "source_log_ratio_min": -0.01164956370824283, "source_log_ratio_max": 0.017056412109065996, "source_log_ratio_min_index": 3, "source_log_ratio_max_index": 0, "factual_target_logp": -0.17947807908058167, "reference_target_logp": -0.22054094076156616}, {"episode_index": 0, "source_step": 4, "observed_return": 1.0, "context_tokens": 1964, "compute_tokens": 1964, "query_tokens": 225, "root_effect": 0.05648878216743469, "signed_sum": 0.026254917080133562, "conservation_residual": 0.03023386508730113, "conservation_tolerance": 0.02, "conservation_verified": false, "owner_batch_index": 10, "source_log_ratio_min": -0.02023744962646227, "source_log_ratio_max": 0.03924561538894007, "source_log_ratio_min_index": 3, "source_log_ratio_max_index": 63, "factual_target_logp": -0.2903338670730591, "reference_target_logp": -0.3468226492404938}, {"episode_index": 0, "source_step": 7, "observed_return": 1.0, "context_tokens": 1990, "compute_tokens": 2029, "query_tokens": 225, "root_effect": 0.031419798731803894, "signed_sum": 0.04339438601886781, "conservation_residual": -0.011974587287063916, "conservation_tolerance": 0.02, "conservation_verified": true, "owner_batch_index": 11, "source_log_ratio_min": -0.012263724285587446, "source_log_ratio_max": 0.02104394216044568, "source_log_ratio_min_index": 3, "source_log_ratio_max_index": 0, "factual_target_logp": -0.19549508392810822, "reference_target_logp": -0.2269148826599121}, {"episode_index": 0, "source_step": 2, "observed_return": 1.0, "context_tokens": 2004, "compute_tokens": 2029, "query_tokens": 225, "root_effect": 0.08862921595573425, "signed_sum": 0.0784429036633196, "conservation_residual": 0.010186312292414651, "conservation_tolerance": 0.02, "conservation_verified": true, "owner_batch_index": 11, "source_log_ratio_min": -0.008107834844629128, "source_log_ratio_max": 0.01446524860065411, "source_log_ratio_min_index": 3, "source_log_ratio_max_index": 168, "factual_target_logp": -0.1088152825832367, "reference_target_logp": -0.19744449853897095}, {"episode_index": 0, "source_step": 2, "observed_return": 1.0, "context_tokens": 2023, "compute_tokens": 2029, "query_tokens": 225, "root_effect": 0.20073167979717255, "signed_sum": 0.18561329076580557, "conservation_residual": 0.015118389031366974, "conservation_tolerance": 0.02, "conservation_verified": true, "owner_batch_index": 11, "source_log_ratio_min": -0.023461864690690525, "source_log_ratio_max": 0.02351942164029091, "source_log_ratio_min_index": 3, "source_log_ratio_max_index": 182, "factual_target_logp": -0.1899675875902176, "reference_target_logp": -0.39069926738739014}, {"episode_index": 0, "source_step": 5, "observed_return": 1.0, "context_tokens": 2029, "compute_tokens": 2029, "query_tokens": 225, "root_effect": 0.03685341775417328, "signed_sum": 0.036970794261394775, "conservation_residual": -0.00011737650722149634, "conservation_tolerance": 0.02, "conservation_verified": true, "owner_batch_index": 11, "source_log_ratio_min": -0.0010041270420433931, "source_log_ratio_max": 0.007181526924354329, "source_log_ratio_min_index": 3, "source_log_ratio_max_index": 0, "factual_target_logp": -0.04544907063245773, "reference_target_logp": -0.08230248838663101}, {"episode_index": 0, "source_step": 8, "observed_return": 1.0, "context_tokens": 2046, "compute_tokens": 2164, "query_tokens": 225, "root_effect": 0.005681708455085754, "signed_sum": 0.008173916520753468, "conservation_residual": -0.0024922080656677136, "conservation_tolerance": 0.02, "conservation_verified": true, "owner_batch_index": 12, "source_log_ratio_min": -0.006721880505203647, "source_log_ratio_max": 0.01788551171932002, "source_log_ratio_min_index": 3, "source_log_ratio_max_index": 0, "factual_target_logp": -0.16496890783309937, "reference_target_logp": -0.17065061628818512}, {"episode_index": 0, "source_step": 2, "observed_return": 1.0, "context_tokens": 2062, "compute_tokens": 2164, "query_tokens": 225, "root_effect": 0.057644665241241455, "signed_sum": 0.06640960404468675, "conservation_residual": -0.008764938803445296, "conservation_tolerance": 0.02, "conservation_verified": true, "owner_batch_index": 12, "source_log_ratio_min": -0.007663461103546946, "source_log_ratio_max": 0.01767038486226511, "source_log_ratio_min_index": 196, "source_log_ratio_max_index": 0, "factual_target_logp": -0.1468110978603363, "reference_target_logp": -0.20445576310157776}, {"episode_index": 0, "source_step": 3, "observed_return": 1.0, "context_tokens": 2133, "compute_tokens": 2164, "query_tokens": 225, "root_effect": 0.031591132283210754, "signed_sum": 0.04463737051744697, "conservation_residual": -0.013046238234236215, "conservation_tolerance": 0.02, "conservation_verified": true, "owner_batch_index": 12, "source_log_ratio_min": -0.011298961001712855, "source_log_ratio_max": 0.023432449964043145, "source_log_ratio_min_index": 32, "source_log_ratio_max_index": 0, "factual_target_logp": -0.15476322174072266, "reference_target_logp": -0.1863543540239334}, {"episode_index": 0, "source_step": 7, "observed_return": 1.0, "context_tokens": 2164, "compute_tokens": 2164, "query_tokens": 225, "root_effect": 0.017885565757751465, "signed_sum": 0.018021746988817755, "conservation_residual": -0.0001361812310662902, "conservation_tolerance": 0.02, "conservation_verified": true, "owner_batch_index": 12, "source_log_ratio_min": -0.014169416620427963, "source_log_ratio_max": 0.025162806016585177, "source_log_ratio_min_index": 53, "source_log_ratio_max_index": 0, "factual_target_logp": -0.19864869117736816, "reference_target_logp": -0.21653425693511963}, {"episode_index": 0, "source_step": 4, "observed_return": 1.0, "context_tokens": 2189, "compute_tokens": 2320, "query_tokens": 225, "root_effect": 0.022283591330051422, "signed_sum": 0.023718698943052074, "conservation_residual": -0.0014351076130006517, "conservation_tolerance": 0.02, "conservation_verified": true, "owner_batch_index": 13, "source_log_ratio_min": -0.004809491795956871, "source_log_ratio_max": 0.0067081625920534455, "source_log_ratio_min_index": 3, "source_log_ratio_max_index": 0, "factual_target_logp": -0.07671236991882324, "reference_target_logp": -0.09899596124887466}, {"episode_index": 0, "source_step": 4, "observed_return": 1.0, "context_tokens": 2237, "compute_tokens": 2320, "query_tokens": 225, "root_effect": -0.005956217646598816, "signed_sum": 0.0034456953279091594, "conservation_residual": -0.009401912974507976, "conservation_tolerance": 0.02, "conservation_verified": true, "owner_batch_index": 13, "source_log_ratio_min": -0.008665832364123964, "source_log_ratio_max": 0.012866526783690192, "source_log_ratio_min_index": 3, "source_log_ratio_max_index": 0, "factual_target_logp": -0.18089641630649567, "reference_target_logp": -0.17494019865989685}, {"episode_index": 0, "source_step": 4, "observed_return": 1.0, "context_tokens": 2272, "compute_tokens": 2320, "query_tokens": 225, "root_effect": 0.005467131733894348, "signed_sum": 0.004490253244282009, "conservation_residual": 0.000976878489612339, "conservation_tolerance": 0.02, "conservation_verified": true, "owner_batch_index": 13, "source_log_ratio_min": -0.006414503515611225, "source_log_ratio_max": 0.01599231064357158, "source_log_ratio_min_index": 3, "source_log_ratio_max_index": 0, "factual_target_logp": -0.1414761245250702, "reference_target_logp": -0.14694325625896454}, {"episode_index": 0, "source_step": 5, "observed_return": 1.0, "context_tokens": 2320, "compute_tokens": 2320, "query_tokens": 225, "root_effect": 0.022657044231891632, "signed_sum": 0.020270769581253456, "conservation_residual": 0.002386274650638176, "conservation_tolerance": 0.02, "conservation_verified": true, "owner_batch_index": 13, "source_log_ratio_min": -0.007579926148105603, "source_log_ratio_max": 0.008941022245837404, "source_log_ratio_min_index": 107, "source_log_ratio_max_index": 0, "factual_target_logp": -0.08569410443305969, "reference_target_logp": -0.10835114866495132}, {"episode_index": 0, "source_step": 9, "observed_return": 1.0, "context_tokens": 2326, "compute_tokens": 2436, "query_tokens": 226, "root_effect": 0.034933000802993774, "signed_sum": 0.02210179040986717, "conservation_residual": 0.012831210393126603, "conservation_tolerance": 0.02, "conservation_verified": true, "owner_batch_index": 14, "source_log_ratio_min": -0.009056244903404672, "source_log_ratio_max": 0.02096601338455579, "source_log_ratio_min_index": 3, "source_log_ratio_max_index": 0, "factual_target_logp": -0.1503968983888626, "reference_target_logp": -0.18532989919185638}, {"episode_index": 0, "source_step": 5, "observed_return": 1.0, "context_tokens": 2373, "compute_tokens": 2436, "query_tokens": 225, "root_effect": 0.18104872107505798, "signed_sum": 0.17117472603996714, "conservation_residual": 0.009873995035090843, "conservation_tolerance": 0.02, "conservation_verified": true, "owner_batch_index": 14, "source_log_ratio_min": -0.014086320427015088, "source_log_ratio_max": 0.04416906398800821, "source_log_ratio_min_index": 20, "source_log_ratio_max_index": 2, "factual_target_logp": -0.20051217079162598, "reference_target_logp": -0.38156089186668396}, {"episode_index": 0, "source_step": 10, "observed_return": 1.0, "context_tokens": 2398, "compute_tokens": 2436, "query_tokens": 226, "root_effect": 0.022115856409072876, "signed_sum": 0.026643356380689775, "conservation_residual": -0.004527499971616899, "conservation_tolerance": 0.02, "conservation_verified": true, "owner_batch_index": 14, "source_log_ratio_min": -0.005949783506167805, "source_log_ratio_max": 0.0253725583451606, "source_log_ratio_min_index": 3, "source_log_ratio_max_index": 0, "factual_target_logp": -0.14585667848587036, "reference_target_logp": -0.16797253489494324}, {"episode_index": 0, "source_step": 6, "observed_return": 1.0, "context_tokens": 2436, "compute_tokens": 2436, "query_tokens": 225, "root_effect": -0.005946159362792969, "signed_sum": -0.010643542283451548, "conservation_residual": 0.004697382920658579, "conservation_tolerance": 0.02, "conservation_verified": true, "owner_batch_index": 14, "source_log_ratio_min": -0.005022701376624335, "source_log_ratio_max": 0.004486144002576532, "source_log_ratio_min_index": 3, "source_log_ratio_max_index": 0, "factual_target_logp": -0.09268707782030106, "reference_target_logp": -0.08674091845750809}, {"episode_index": 0, "source_step": 7, "observed_return": 1.0, "context_tokens": 2442, "compute_tokens": 2539, "query_tokens": 225, "root_effect": 0.06935900449752808, "signed_sum": 0.07367978770951115, "conservation_residual": -0.004320783211983079, "conservation_tolerance": 0.02, "conservation_verified": true, "owner_batch_index": 15, "source_log_ratio_min": -0.014360502614270878, "source_log_ratio_max": 0.024168994538141163, "source_log_ratio_min_index": 144, "source_log_ratio_max_index": 239, "factual_target_logp": -0.26200947165489197, "reference_target_logp": -0.33136847615242004}, {"episode_index": 0, "source_step": 4, "observed_return": 1.0, "context_tokens": 2497, "compute_tokens": 2539, "query_tokens": 225, "root_effect": 0.06186957657337189, "signed_sum": 0.06269650744092818, "conservation_residual": -0.0008269308675562942, "conservation_tolerance": 0.02, "conservation_verified": true, "owner_batch_index": 15, "source_log_ratio_min": -0.005240335845435713, "source_log_ratio_max": 0.01568795430279027, "source_log_ratio_min_index": 68, "source_log_ratio_max_index": 0, "factual_target_logp": -0.11780296266078949, "reference_target_logp": -0.17967253923416138}, {"episode_index": 0, "source_step": 7, "observed_return": 1.0, "context_tokens": 2528, "compute_tokens": 2539, "query_tokens": 225, "root_effect": 0.01630076766014099, "signed_sum": 0.014260024428047375, "conservation_residual": 0.0020407432320936163, "conservation_tolerance": 0.02, "conservation_verified": true, "owner_batch_index": 15, "source_log_ratio_min": -0.003997318489240577, "source_log_ratio_max": 0.005397780200741813, "source_log_ratio_min_index": 3, "source_log_ratio_max_index": 0, "factual_target_logp": -0.06790610402822495, "reference_target_logp": -0.08420687168836594}, {"episode_index": 0, "source_step": 4, "observed_return": 1.0, "context_tokens": 2539, "compute_tokens": 2539, "query_tokens": 225, "root_effect": 0.22755520045757294, "signed_sum": 0.2157330850321999, "conservation_residual": 0.011822115425373037, "conservation_tolerance": 0.02, "conservation_verified": true, "owner_batch_index": 15, "source_log_ratio_min": -0.009818666976451156, "source_log_ratio_max": 0.0486498601387542, "source_log_ratio_min_index": 163, "source_log_ratio_max_index": 0, "factual_target_logp": -0.172310933470726, "reference_target_logp": -0.39986613392829895}, {"episode_index": 0, "source_step": 7, "observed_return": 1.0, "context_tokens": 2608, "compute_tokens": 2706, "query_tokens": 225, "root_effect": -0.04685336351394653, "signed_sum": -0.038581742252602115, "conservation_residual": -0.008271621261344418, "conservation_tolerance": 0.02, "conservation_verified": true, "owner_batch_index": 16, "source_log_ratio_min": -0.00870281971348134, "source_log_ratio_max": 0.042734300318909596, "source_log_ratio_min_index": 184, "source_log_ratio_max_index": 0, "factual_target_logp": -0.3474379777908325, "reference_target_logp": -0.300584614276886}, {"episode_index": 0, "source_step": 5, "observed_return": 1.0, "context_tokens": 2640, "compute_tokens": 2706, "query_tokens": 225, "root_effect": 0.04838838428258896, "signed_sum": 0.04395899249510793, "conservation_residual": 0.00442939178748103, "conservation_tolerance": 0.02, "conservation_verified": true, "owner_batch_index": 16, "source_log_ratio_min": -0.012198186750142857, "source_log_ratio_max": 0.012188906311332848, "source_log_ratio_min_index": 121, "source_log_ratio_max_index": 0, "factual_target_logp": -0.10319990664720535, "reference_target_logp": -0.1515882909297943}, {"episode_index": 0, "source_step": 3, "observed_return": 1.0, "context_tokens": 2665, "compute_tokens": 2706, "query_tokens": 225, "root_effect": 0.10423894226551056, "signed_sum": 0.11048011232572463, "conservation_residual": -0.006241170060214074, "conservation_tolerance": 0.02, "conservation_verified": true, "owner_batch_index": 16, "source_log_ratio_min": -0.002348545406037025, "source_log_ratio_max": 0.014594183604446247, "source_log_ratio_min_index": 3, "source_log_ratio_max_index": 0, "factual_target_logp": -0.09347127377986908, "reference_target_logp": -0.19771021604537964}, {"episode_index": 0, "source_step": 10, "observed_return": 1.0, "context_tokens": 2706, "compute_tokens": 2706, "query_tokens": 226, "root_effect": -0.007622629404067993, "signed_sum": -0.003965662311577681, "conservation_residual": -0.003656967092490312, "conservation_tolerance": 0.02, "conservation_verified": true, "owner_batch_index": 16, "source_log_ratio_min": -0.005334309158025079, "source_log_ratio_max": 0.0128249145538782, "source_log_ratio_min_index": 2, "source_log_ratio_max_index": 0, "factual_target_logp": -0.14320652186870575, "reference_target_logp": -0.13558389246463776}, {"episode_index": 0, "source_step": 14, "observed_return": 1.0, "context_tokens": 2720, "compute_tokens": 2835, "query_tokens": 226, "root_effect": 0.02874968945980072, "signed_sum": 0.03384564962857933, "conservation_residual": -0.005095960168778613, "conservation_tolerance": 0.02, "conservation_verified": true, "owner_batch_index": 17, "source_log_ratio_min": -0.007238734429963956, "source_log_ratio_max": 0.021192033972516656, "source_log_ratio_min_index": 3, "source_log_ratio_max_index": 0, "factual_target_logp": -0.12542332708835602, "reference_target_logp": -0.15417301654815674}, {"episode_index": 0, "source_step": 11, "observed_return": 1.0, "context_tokens": 2778, "compute_tokens": 2835, "query_tokens": 226, "root_effect": 0.018261127173900604, "signed_sum": 0.01074391984696409, "conservation_residual": 0.007517207326936514, "conservation_tolerance": 0.02, "conservation_verified": true, "owner_batch_index": 17, "source_log_ratio_min": -0.003714439434020135, "source_log_ratio_max": 0.0083290924505258, "source_log_ratio_min_index": 3, "source_log_ratio_max_index": 0, "factual_target_logp": -0.10429075360298157, "reference_target_logp": -0.12255188077688217}, {"episode_index": 0, "source_step": 15, "observed_return": 1.0, "context_tokens": 2795, "compute_tokens": 2835, "query_tokens": 226, "root_effect": 0.07026612758636475, "signed_sum": 0.07035102183095354, "conservation_residual": -8.489424458879569e-05, "conservation_tolerance": 0.02, "conservation_verified": true, "owner_batch_index": 17, "source_log_ratio_min": -0.001663739688868274, "source_log_ratio_max": 0.014450560507851333, "source_log_ratio_min_index": 3, "source_log_ratio_max_index": 0, "factual_target_logp": -0.042856477200984955, "reference_target_logp": -0.1131226047873497}, {"episode_index": 0, "source_step": 12, "observed_return": 1.0, "context_tokens": 2835, "compute_tokens": 2835, "query_tokens": 226, "root_effect": 0.002528861165046692, "signed_sum": 1.7171886761460392e-05, "conservation_residual": 0.0025116892782852313, "conservation_tolerance": 0.02, "conservation_verified": true, "owner_batch_index": 17, "source_log_ratio_min": -0.004849917169835545, "source_log_ratio_max": 0.01622957428335371, "source_log_ratio_min_index": 2, "source_log_ratio_max_index": 0, "factual_target_logp": -0.11700326949357986, "reference_target_logp": -0.11953213065862656}, {"episode_index": 0, "source_step": 16, "observed_return": 1.0, "context_tokens": 2918, "compute_tokens": 3013, "query_tokens": 226, "root_effect": -0.01699291169643402, "signed_sum": -0.011941985758836314, "conservation_residual": -0.005050925937597707, "conservation_tolerance": 0.02, "conservation_verified": true, "owner_batch_index": 18, "source_log_ratio_min": -0.011277333106583385, "source_log_ratio_max": 0.030213116133066792, "source_log_ratio_min_index": 3, "source_log_ratio_max_index": 0, "factual_target_logp": -0.20226703584194183, "reference_target_logp": -0.1852741241455078}, {"episode_index": 0, "source_step": 9, "observed_return": 1.0, "context_tokens": 2944, "compute_tokens": 3013, "query_tokens": 226, "root_effect": 0.06272244453430176, "signed_sum": 0.06536285160875369, "conservation_residual": -0.002640407074451928, "conservation_tolerance": 0.02, "conservation_verified": true, "owner_batch_index": 18, "source_log_ratio_min": -0.02828582847653525, "source_log_ratio_max": 0.0308604979269882, "source_log_ratio_min_index": 11, "source_log_ratio_max_index": 0, "factual_target_logp": -0.33569926023483276, "reference_target_logp": -0.3984217047691345}, {"episode_index": 0, "source_step": 14, "observed_return": 1.0, "context_tokens": 2960, "compute_tokens": 3013, "query_tokens": 226, "root_effect": -0.007430821657180786, "signed_sum": -0.008838241655792506, "conservation_residual": 0.0014074199986117194, "conservation_tolerance": 0.02, "conservation_verified": true, "owner_batch_index": 18, "source_log_ratio_min": -0.0046200837545764, "source_log_ratio_max": 0.014551215006820587, "source_log_ratio_min_index": 20, "source_log_ratio_max_index": 0, "factual_target_logp": -0.11541607975959778, "reference_target_logp": -0.10798525810241699}, {"episode_index": 0, "source_step": 8, "observed_return": 1.0, "context_tokens": 3013, "compute_tokens": 3013, "query_tokens": 225, "root_effect": 0.007221132516860962, "signed_sum": 0.005168866823773927, "conservation_residual": 0.002052265693087035, "conservation_tolerance": 0.02, "conservation_verified": true, "owner_batch_index": 18, "source_log_ratio_min": -0.004147424492764798, "source_log_ratio_max": 0.007565181272090451, "source_log_ratio_min_index": 79, "source_log_ratio_max_index": 0, "factual_target_logp": -0.11756569147109985, "reference_target_logp": -0.12478682398796082}, {"episode_index": 0, "source_step": 7, "observed_return": 1.0, "context_tokens": 3062, "compute_tokens": 3186, "query_tokens": 225, "root_effect": 0.04415205121040344, "signed_sum": 0.04682523394860199, "conservation_residual": -0.002673182738198547, "conservation_tolerance": 0.02, "conservation_verified": true, "owner_batch_index": 19, "source_log_ratio_min": -0.003995566087946824, "source_log_ratio_max": 0.006159989666363742, "source_log_ratio_min_index": 2, "source_log_ratio_max_index": 85, "factual_target_logp": -0.06728261709213257, "reference_target_logp": -0.11143466830253601}, {"episode_index": 0, "source_step": 9, "observed_return": 1.0, "context_tokens": 3101, "compute_tokens": 3186, "query_tokens": 226, "root_effect": 0.02678970992565155, "signed_sum": 0.02197204536649598, "conservation_residual": 0.004817664559155572, "conservation_tolerance": 0.02, "conservation_verified": true, "owner_batch_index": 19, "source_log_ratio_min": -0.0034457503500417387, "source_log_ratio_max": 0.008888527451550861, "source_log_ratio_min_index": 66, "source_log_ratio_max_index": 0, "factual_target_logp": -0.0950937569141388, "reference_target_logp": -0.12188346683979034}, {"episode_index": 0, "source_step": 18, "observed_return": 1.0, "context_tokens": 3120, "compute_tokens": 3186, "query_tokens": 226, "root_effect": 0.04950123280286789, "signed_sum": 0.04379885423793771, "conservation_residual": 0.00570237856493018, "conservation_tolerance": 0.02, "conservation_verified": true, "owner_batch_index": 19, "source_log_ratio_min": -0.004340258826777835, "source_log_ratio_max": 0.018071941753450033, "source_log_ratio_min_index": 3, "source_log_ratio_max_index": 0, "factual_target_logp": -0.06827905774116516, "reference_target_logp": -0.11778029054403305}, {"episode_index": 0, "source_step": 10, "observed_return": 1.0, "context_tokens": 3186, "compute_tokens": 3186, "query_tokens": 226, "root_effect": 0.09831797331571579, "signed_sum": 0.1022737779513904, "conservation_residual": -0.0039558046356746035, "conservation_tolerance": 0.02, "conservation_verified": true, "owner_batch_index": 19, "source_log_ratio_min": -0.0035356850551432222, "source_log_ratio_max": 0.0215628639077294, "source_log_ratio_min_index": 3, "source_log_ratio_max_index": 0, "factual_target_logp": -0.09625107795000076, "reference_target_logp": -0.19456905126571655}, {"episode_index": 0, "source_step": 10, "observed_return": 1.0, "context_tokens": 3191, "compute_tokens": 3324, "query_tokens": 226, "root_effect": 0.007013775408267975, "signed_sum": 0.010706960377992743, "conservation_residual": -0.003693184969724768, "conservation_tolerance": 0.02, "conservation_verified": true, "owner_batch_index": 20, "source_log_ratio_min": -0.003340511550900812, "source_log_ratio_max": 0.011542980432202185, "source_log_ratio_min_index": 60, "source_log_ratio_max_index": 0, "factual_target_logp": -0.09777262806892395, "reference_target_logp": -0.10478640347719193}, {"episode_index": 0, "source_step": 19, "observed_return": 1.0, "context_tokens": 3203, "compute_tokens": 3324, "query_tokens": 226, "root_effect": 0.03771892935037613, "signed_sum": 0.03742723112565903, "conservation_residual": 0.00029169822471709905, "conservation_tolerance": 0.02, "conservation_verified": true, "owner_batch_index": 20, "source_log_ratio_min": -0.0019272485734954184, "source_log_ratio_max": 0.01191078666368493, "source_log_ratio_min_index": 3, "source_log_ratio_max_index": 0, "factual_target_logp": -0.040322184562683105, "reference_target_logp": -0.07804111391305923}, {"episode_index": 0, "source_step": 9, "observed_return": 1.0, "context_tokens": 3243, "compute_tokens": 3324, "query_tokens": 226, "root_effect": -0.006526842713356018, "signed_sum": -0.00322798446023443, "conservation_residual": -0.003298858253121588, "conservation_tolerance": 0.02, "conservation_verified": true, "owner_batch_index": 20, "source_log_ratio_min": -0.0026194720258081324, "source_log_ratio_max": 0.006336566993981241, "source_log_ratio_min_index": 60, "source_log_ratio_max_index": 0, "factual_target_logp": -0.08699348568916321, "reference_target_logp": -0.08046664297580719}, {"episode_index": 0, "source_step": 10, "observed_return": 1.0, "context_tokens": 3324, "compute_tokens": 3324, "query_tokens": 226, "root_effect": 0.016118347644805908, "signed_sum": 0.010263965667608071, "conservation_residual": 0.005854381977197837, "conservation_tolerance": 0.02, "conservation_verified": true, "owner_batch_index": 20, "source_log_ratio_min": -0.0020226981310595424, "source_log_ratio_max": 0.009369517784665935, "source_log_ratio_min_index": 60, "source_log_ratio_max_index": 0, "factual_target_logp": -0.09094804525375366, "reference_target_logp": -0.10706639289855957}, {"episode_index": 0, "source_step": 12, "observed_return": 1.0, "context_tokens": 3381, "compute_tokens": 3572, "query_tokens": 226, "root_effect": 0.023441940546035767, "signed_sum": 0.02345147310399186, "conservation_residual": -9.532557956094118e-06, "conservation_tolerance": 0.02, "conservation_verified": true, "owner_batch_index": 21, "source_log_ratio_min": -0.0024036156614934143, "source_log_ratio_max": 0.012430648815500376, "source_log_ratio_min_index": 38, "source_log_ratio_max_index": 0, "factual_target_logp": -0.09008757770061493, "reference_target_logp": -0.1135295182466507}, {"episode_index": 0, "source_step": 11, "observed_return": 1.0, "context_tokens": 3405, "compute_tokens": 3572, "query_tokens": 226, "root_effect": 0.008582845330238342, "signed_sum": 0.007305280287006444, "conservation_residual": 0.0012775650432318986, "conservation_tolerance": 0.02, "conservation_verified": true, "owner_batch_index": 21, "source_log_ratio_min": -0.0030799695228659516, "source_log_ratio_max": 0.010048531021837025, "source_log_ratio_min_index": 60, "source_log_ratio_max_index": 0, "factual_target_logp": -0.0866636335849762, "reference_target_logp": -0.09524647891521454}, {"episode_index": 0, "source_step": 6, "observed_return": 1.0, "context_tokens": 3430, "compute_tokens": 3572, "query_tokens": 225, "root_effect": 0.024403095245361328, "signed_sum": 0.020802922513696392, "conservation_residual": 0.0036001727316649357, "conservation_tolerance": 0.02, "conservation_verified": true, "owner_batch_index": 21, "source_log_ratio_min": -0.009102214656481223, "source_log_ratio_max": 0.015947850955318487, "source_log_ratio_min_index": 5, "source_log_ratio_max_index": 0, "factual_target_logp": -0.1511847823858261, "reference_target_logp": -0.17558787763118744}, {"episode_index": 0, "source_step": 11, "observed_return": 1.0, "context_tokens": 3572, "compute_tokens": 3572, "query_tokens": 226, "root_effect": 0.04695120453834534, "signed_sum": 0.05656595512122416, "conservation_residual": -0.00961475058287882, "conservation_tolerance": 0.02, "conservation_verified": true, "owner_batch_index": 21, "source_log_ratio_min": -0.0079040377632693, "source_log_ratio_max": 0.030664949842567513, "source_log_ratio_min_index": 3, "source_log_ratio_max_index": 0, "factual_target_logp": -0.2560747265815735, "reference_target_logp": -0.3030259311199188}, {"episode_index": 0, "source_step": 13, "observed_return": 1.0, "context_tokens": 3573, "compute_tokens": 4251, "query_tokens": 226, "root_effect": 0.05439839884638786, "signed_sum": 0.05235301918326578, "conservation_residual": 0.002045379663122085, "conservation_tolerance": 0.02, "conservation_verified": true, "owner_batch_index": 22, "source_log_ratio_min": -0.0009983170289205876, "source_log_ratio_max": 0.010308332305569854, "source_log_ratio_min_index": 3, "source_log_ratio_max_index": 0, "factual_target_logp": -0.031325679272413254, "reference_target_logp": -0.08572407811880112}, {"episode_index": 0, "source_step": 9, "observed_return": 1.0, "context_tokens": 3835, "compute_tokens": 4251, "query_tokens": 226, "root_effect": 0.011568814516067505, "signed_sum": 0.013902149333206376, "conservation_residual": -0.0023333348171388716, "conservation_tolerance": 0.02, "conservation_verified": true, "owner_batch_index": 22, "source_log_ratio_min": -0.004362632652928416, "source_log_ratio_max": 0.00804743464188623, "source_log_ratio_min_index": 36, "source_log_ratio_max_index": 0, "factual_target_logp": -0.11041627824306488, "reference_target_logp": -0.12198509275913239}, {"episode_index": 0, "source_step": 10, "observed_return": 1.0, "context_tokens": 3934, "compute_tokens": 4251, "query_tokens": 226, "root_effect": 0.07950185984373093, "signed_sum": 0.08127511506307732, "conservation_residual": -0.0017732552193463896, "conservation_tolerance": 0.02, "conservation_verified": true, "owner_batch_index": 22, "source_log_ratio_min": -0.0013120396366106196, "source_log_ratio_max": 0.011038696602337097, "source_log_ratio_min_index": 3, "source_log_ratio_max_index": 0, "factual_target_logp": -0.040438391268253326, "reference_target_logp": -0.11994025111198425}, {"episode_index": 0, "source_step": 14, "observed_return": 1.0, "context_tokens": 4251, "compute_tokens": 4251, "query_tokens": 226, "root_effect": 0.07167597115039825, "signed_sum": 0.07686920313766385, "conservation_residual": -0.005193231987265595, "conservation_tolerance": 0.02, "conservation_verified": true, "owner_batch_index": 22, "source_log_ratio_min": -0.01042594569776621, "source_log_ratio_max": 0.02086800968277447, "source_log_ratio_min_index": 3, "source_log_ratio_max_index": 0, "factual_target_logp": -0.226399227976799, "reference_target_logp": -0.29807519912719727}, {"episode_index": 0, "source_step": 15, "observed_return": 1.0, "context_tokens": 4436, "compute_tokens": 5297, "query_tokens": 226, "root_effect": 0.06664144992828369, "signed_sum": 0.057557745265947306, "conservation_residual": 0.009083704662336385, "conservation_tolerance": 0.02, "conservation_verified": true, "owner_batch_index": 23, "source_log_ratio_min": -0.010624619449231178, "source_log_ratio_max": 0.017526536164042962, "source_log_ratio_min_index": 3, "source_log_ratio_max_index": 0, "factual_target_logp": -0.21442127227783203, "reference_target_logp": -0.2810627222061157}, {"episode_index": 0, "source_step": 17, "observed_return": 1.0, "context_tokens": 4624, "compute_tokens": 5297, "query_tokens": 226, "root_effect": 0.049059003591537476, "signed_sum": 0.03972699722509251, "conservation_residual": 0.009332006366444968, "conservation_tolerance": 0.02, "conservation_verified": true, "owner_batch_index": 23, "source_log_ratio_min": -0.006017502419463295, "source_log_ratio_max": 0.01860673433604152, "source_log_ratio_min_index": 3, "source_log_ratio_max_index": 0, "factual_target_logp": -0.15750712156295776, "reference_target_logp": -0.20656612515449524}, {"episode_index": 0, "source_step": 20, "observed_return": 1.0, "context_tokens": 5136, "compute_tokens": 5297, "query_tokens": 226, "root_effect": -0.00525251030921936, "signed_sum": -0.004295353694817303, "conservation_residual": -0.0009571566144020577, "conservation_tolerance": 0.02, "conservation_verified": true, "owner_batch_index": 23, "source_log_ratio_min": -0.02452474617772224, "source_log_ratio_max": 0.020595644493874334, "source_log_ratio_min_index": 103, "source_log_ratio_max_index": 94, "factual_target_logp": -0.20702794194221497, "reference_target_logp": -0.2017754316329956}, {"episode_index": 0, "source_step": 22, "observed_return": 1.0, "context_tokens": 5297, "compute_tokens": 5297, "query_tokens": 226, "root_effect": 0.09115371108055115, "signed_sum": 0.094118972184838, "conservation_residual": -0.0029652611042868537, "conservation_tolerance": 0.02, "conservation_verified": true, "owner_batch_index": 23, "source_log_ratio_min": -0.002711004780900822, "source_log_ratio_max": 0.014919643496019458, "source_log_ratio_min_index": 41, "source_log_ratio_max_index": 0, "factual_target_logp": -0.04833565652370453, "reference_target_logp": -0.13948936760425568}], "max_length": 32768, "ratio_source": "official_eos_dt_complete_return_signed_attribution_estimate", "target_semantics": "complete_future_return", "reference_token_samples": 0, "per_token_probability_queries": 0, "seconds": 169.43192914873362, "nonzero_advantages": 14994, "conservation_failures": 4, "minimum_log_ratio_batch": {"eos_token_id": 248046, "outcome_token_ids": [15, 16], "samples": [{"trace": {"episode_index": 0, "source_step": 0, "observed_return": 1.0, "context_tokens": 790, "compute_tokens": 935, "query_tokens": 225, "root_effect": -0.21107564121484756, "signed_sum": -0.21311614932014217, "conservation_residual": 0.002040508105294603, "conservation_tolerance": 0.02, "conservation_verified": true, "owner_batch_index": 0, "source_log_ratio_min": -0.08460662410307113, "source_log_ratio_max": 0.034869646739389276, "source_log_ratio_min_index": 3, "source_log_ratio_max_index": 4, "factual_target_logp": -0.3023424446582794, "reference_target_logp": -0.09126680344343185}, "traj_uid": "0db660e5-2daf-4f69-8ada-c80f7e5e0ec7", "observed_return": 1.0, "source_start": 458, "source_end": 564, "selected_input_ids": [248045, 8678, 198, 2523, 513, 1167, 16451, 11, 3354, 539, 52540, 14388, 13, 1394, 513, 264, 10631, 17313, 13, 248046, 198, 248045, 846, 198, 2523, 513, 2574, 2342, 5222, 42607, 18066, 310, 10453, 3470, 303, 38898, 13, 93818, 10966, 513, 314, 279, 3443, 328, 7468, 498, 5480, 1576, 60, 1608, 498, 1307, 13565, 60, 3158, 198, 11179, 4625, 353, 668, 2873, 488, 449, 21254, 11, 488, 599, 310, 5707, 449, 1852, 3018, 383, 279, 1528, 321, 7359, 13, 1394, 628, 328, 447, 1, 449, 1576, 318, 36859, 8, 494, 279, 14991, 466, 279, 4424, 11, 1353, 5072, 279, 1746, 14991, 539, 328, 30075, 487, 466, 328, 7468, 1, 318, 5480, 8, 1608, 866, 314, 279, 42607, 10966, 13, 198, 7525, 2468, 1902, 24660, 1732, 411, 3443, 2879, 81266, 25, 198, 21061, 10976, 13, 271, 2432, 25, 198, 21061, 1727, 1852, 1, 271, 92065, 25, 695, 16, 13, 22516, 13441, 279, 11846, 948, 1608, 328, 447, 1, 321, 328, 7468, 1, 10966, 13, 471, 12996, 314, 615, 25, 615, 220, 16, 166007, 62259, 22864, 471, 12996, 16, 314, 10453, 25, 10453, 220, 16, 6105, 51735, 1608, 220, 16, 166007, 62259, 22864, 471, 12996, 17, 314, 10453, 25, 10453, 220, 16, 20117, 71670, 1608, 220, 23, 6414, 78960, 447, 11, 220, 16, 71670, 198, 17, 13, 3095, 1608, 328, 447, 1, 3108, 11, 635, 524, 13441, 3315, 279, 1455, 3905, 494, 279, 14991, 466, 279, 4424, 13, 198, 18, 13, 1394, 628, 958, 25835, 42607, 10966, 3766, 11, 635, 524, 958, 678, 1765, 42607, 10966, 13, 4213, 11, 413, 279, 42607, 3108, 5533, 264, 13553, 23980, 1040, 328, 490, 3903, 487, 488, 628, 958, 3175, 4346, 314, 279, 1788, 23980, 378, 1257, 13, 328, 21921, 36620, 609, 3903, 1, 303, 279, 3108, 4370, 13, 271, 248046, 198, 248045, 74455, 198, 3793, 13, 353, 3172, 1732, 678, 10895, 321, 1380, 821, 1786, 310, 11290, 279, 3274, 13, 248046, 198, 248045, 846, 198, 37563, 286, 10966, 25, 198, 7468, 220, 19, 7894, 10208, 30129, 1608, 220, 21, 7894, 10208, 609, 3903, 198, 7468, 220, 19, 7894, 10208, 609, 3903, 1608, 220, 16, 7894, 10208, 17872, 198, 7468, 220, 16, 7894, 10208, 7035, 11629, 1608, 220, 17, 7894, 10208, 609, 3903, 198, 7468, 220, 18, 7894, 10208, 23873, 1608, 220, 17, 8941, 11, 220, 19, 7894, 10208, 609, 3903, 198, 7468, 220, 16, 7894, 10208, 14882, 1608, 220, 20, 7894, 10208, 609, 3903, 198, 7468, 220, 21, 7894, 10208, 52853, 1608, 220, 18, 7894, 10208, 609, 3903, 198, 7468, 220, 16, 7894, 10208, 3037, 1608, 220, 16, 7894, 10208, 609, 3903, 198, 7468, 220, 18, 7894, 10208, 1777, 1608, 220, 21, 7894, 10208, 609, 3903, 11, 220, 16, 8941, 271, 38663, 25, 10453, 7894, 10208, 7035, 11629, 13, 248046, 198, 248045, 74455, 198, 248068, 271, 248069, 271, 81266, 25, 198, 760, 5614, 369, 310, 10453, 220, 16, 7894, 10208, 7035, 11629, 13, 10235, 310, 279, 3766, 18066, 11, 42607, 220, 16, 7894, 10208, 7035, 11629, 7225, 220, 17, 7894, 10208, 609, 3903, 13, 353, 1459, 914, 599, 866, 7894, 10208, 609, 3903, 3482, 11, 321, 353, 1459, 914, 1436, 866, 7894, 10208, 17872, 303, 279, 1428, 3874, 314, 821, 14991, 466, 4424, 13, 1946, 10046, 11, 353, 1144, 310, 1716, 821, 14991, 1118, 310, 1436, 1092, 4802, 353, 599, 2420, 11, 11352, 3221, 364, 7894, 10208, 609, 3903, 466, 7894, 10208, 17872, 13, 271, 2432, 25, 198, 30075, 248046, 248046, 198, 248045, 846, 198, 23446, 38523, 460, 17071, 364, 2824, 37563, 13, 561, 36497, 1414, 369, 279, 4581, 8057, 8978, 11, 1238, 9191, 314, 279, 1428, 1965, 682, 9202, 11, 10451, 506, 1141, 3817, 3798, 13, 3054, 524, 4089, 411, 17071, 1622, 430, 449, 4424, 1852, 13, 36541, 279, 4424, 6849, 8427, 421, 1965, 430, 45374, 321, 1179, 13942, 440, 411, 1788, 4687, 11, 1608, 1439, 4880, 343, 3950, 44, 24102, 4868, 25, 5046, 2721, 27896, 763, 20, 16, 17, 1288, 33413, 763, 16, 13, 15, 7563, 561, 1428, 15752, 369, 220, 16, 26, 279, 8961, 5954, 220, 18, 15, 21207, 13, 31625, 279, 29732, 314, 660, 3813, 20511, 494, 279, 1428, 15752, 1472, 279, 809, 314, 411, 8961, 11, 440, 10766, 220, 16, 13, 95074, 6575, 20511, 13, 561, 9575, 42607, 4424, 6486, 220, 16, 948, 279, 10897, 5614, 369, 16496, 321, 10029, 279, 8961, 26, 660, 6575, 21207, 2873, 220, 15, 13, 22044, 21835, 466, 67205, 314, 279, 15752, 75108, 7786, 11039, 874, 4799, 10986, 26, 21207, 421, 2496, 11822, 16300, 6942, 13, 27295, 318, 1448, 25, 38523, 460, 1590, 220, 15, 25, 220, 15, 318, 32817, 524, 16496, 1518, 279, 8961, 10029, 1174, 220, 16, 25, 220, 16, 318, 31724, 42607, 4424, 6473, 5614, 16496, 553, 3301, 1132, 279, 5407, 2306, 13, 248046, 198, 248045, 74455, 198, 248068, 271, 248069, 271, 16], "source_signed": [-0.08205983668509259, -0.051800420807743844, 0.011017551882964383, -0.08460662410307113, 0.034869646739389276, 0.007964708663217027, 0.003990126770545837, -0.0010674408708715778, 0.004700252078752058, 0.0025958154577406297, 0.0017695559896036576, 0.010235948047250627, -0.004891521770589401, 0.0009553399084405031, -0.0003387676026948942, -0.00045266188079502723, 7.219879075325182e-05, 0.003971255005307586, -0.00530390589730303, -0.005399059745332549, -0.0011576381973241478, -0.008965335575965261, -0.0038844521802152273, 0.001858898649012744, -0.0015728229341863027, 0.004298621745820003, -0.00010367996866782214, 0.00040741878788403795, -0.00033568349132275617, -0.0004330901086490122, -0.001274407139914109, 0.0009761021222530388, -0.0028906285503147097, 0.0003795064922714563, 0.0021576618381468587, -0.0021429929698182455, -8.970371494285297e-05, 0.0002340219936853, -0.001844258197139906, -0.005215433676019275, -0.005836104701497348, -0.004880212463793663, 0.0007802245435921018, -0.008157022803875608, 0.0029501570043209513, -0.00032033693238092903, 0.00020254987223676058, 0.0007398259574379108, 0.004353432084500059, 0.007906743123079332, 0.0033224519517708133, -0.0008355114390107905, 1.96963666707654e-05, -0.004494769570340413, -0.00011709992295734929, -0.0025448415048812175, -0.0020238774041883723, -0.0035406276044424854, -0.004781055825754262, -0.007910120652477943, -0.0063414853158701365, -0.003537028480720512, 0.002954747604546846, 0.005587453617135378, -0.00043854514065308546, -0.007379085194613819, -0.007884985493493384, -0.004517313835151967, 0.0026003032465944827, -0.017046622410094137, 0.006558230716189795, -0.0008671910094761263, -0.007961149098993137, 0.0006424717090397873, 0.00402403527179775, 0.003724929338759931, -0.0016291370906845667, -0.0035888721861951425, 0.0009550527901354949, 0.0031252142555023236, 0.0025590389372851657, 0.00040145674118368356, 0.002878982289608145, 0.006256172716086462, -0.015051058716752006, -0.0033314057578368774, 0.002209236342541894, 0.0014098543039787765, -0.002099565128222022, -0.005908752220582013, 0.003643907837348837, -0.0003592229639662811, -0.00030354722786462077, -0.0003488206490304547, -8.906372841951254e-06, -0.0011454244859859456, 0.0012550106990087493, 0.0005225132282273826, 0.0053786803395928975, 0.0031248138142111193, -0.014902692753355996, -0.004006555741824658, -0.009102538522658016, 0.026235666074762708, 0.01713821963011415, 0.0]}, {"trace": {"episode_index": 0, "source_step": 0, "observed_return": 1.0, "context_tokens": 802, "compute_tokens": 935, "query_tokens": 225, "root_effect": -0.16987091302871704, "signed_sum": -0.1878864242359605, "conservation_residual": 0.018015511207243456, "conservation_tolerance": 0.02, "conservation_verified": true, "owner_batch_index": 0, "source_log_ratio_min": -0.0739379085536016, "source_log_ratio_max": 0.030376121420920926, "source_log_ratio_min_index": 3, "source_log_ratio_max_index": 4, "factual_target_logp": -0.2574525773525238, "reference_target_logp": -0.08758166432380676}, "traj_uid": "cb93c6fa-c0c7-42b2-b1c0-44abb7efdbc2", "observed_return": 1.0, "source_start": 458, "source_end": 576, "selected_input_ids": [248045, 8678, 198, 2523, 513, 1167, 16451, 11, 3354, 539, 52540, 14388, 13, 1394, 513, 264, 10631, 17313, 13, 248046, 198, 248045, 846, 198, 2523, 513, 2574, 2342, 5222, 42607, 18066, 310, 10453, 3470, 303, 38898, 13, 93818, 10966, 513, 314, 279, 3443, 328, 7468, 498, 5480, 1576, 60, 1608, 498, 1307, 13565, 60, 3158, 198, 11179, 4625, 353, 668, 2873, 488, 449, 21254, 11, 488, 599, 310, 5707, 449, 1852, 3018, 383, 279, 1528, 321, 7359, 13, 1394, 628, 328, 447, 1, 449, 1576, 318, 36859, 8, 494, 279, 14991, 466, 279, 4424, 11, 1353, 5072, 279, 1746, 14991, 539, 328, 30075, 487, 466, 328, 7468, 1, 318, 5480, 8, 1608, 866, 314, 279, 42607, 10966, 13, 198, 7525, 2468, 1902, 24660, 1732, 411, 3443, 2879, 81266, 25, 198, 21061, 10976, 13, 271, 2432, 25, 198, 21061, 1727, 1852, 1, 271, 92065, 25, 695, 16, 13, 22516, 13441, 279, 11846, 948, 1608, 328, 447, 1, 321, 328, 7468, 1, 10966, 13, 471, 12996, 314, 615, 25, 615, 220, 16, 166007, 62259, 22864, 471, 12996, 16, 314, 10453, 25, 10453, 220, 16, 6105, 51735, 1608, 220, 16, 166007, 62259, 22864, 471, 12996, 17, 314, 10453, 25, 10453, 220, 16, 20117, 71670, 1608, 220, 23, 6414, 78960, 447, 11, 220, 16, 71670, 198, 17, 13, 3095, 1608, 328, 447, 1, 3108, 11, 635, 524, 13441, 3315, 279, 1455, 3905, 494, 279, 14991, 466, 279, 4424, 13, 198, 18, 13, 1394, 628, 958, 25835, 42607, 10966, 3766, 11, 635, 524, 958, 678, 1765, 42607, 10966, 13, 4213, 11, 413, 279, 42607, 3108, 5533, 264, 13553, 23980, 1040, 328, 490, 3903, 487, 488, 628, 958, 3175, 4346, 314, 279, 1788, 23980, 378, 1257, 13, 328, 21921, 36620, 609, 3903, 1, 303, 279, 3108, 4370, 13, 271, 248046, 198, 248045, 74455, 198, 3793, 13, 353, 3172, 1732, 678, 10895, 321, 1380, 821, 1786, 310, 11290, 279, 3274, 13, 248046, 198, 248045, 846, 198, 37563, 286, 10966, 25, 198, 7468, 220, 19, 7894, 10208, 30129, 1608, 220, 21, 7894, 10208, 609, 3903, 198, 7468, 220, 19, 7894, 10208, 609, 3903, 1608, 220, 16, 7894, 10208, 17872, 198, 7468, 220, 16, 7894, 10208, 7035, 11629, 1608, 220, 17, 7894, 10208, 609, 3903, 198, 7468, 220, 18, 7894, 10208, 23873, 1608, 220, 17, 8941, 11, 220, 19, 7894, 10208, 609, 3903, 198, 7468, 220, 16, 7894, 10208, 14882, 1608, 220, 20, 7894, 10208, 609, 3903, 198, 7468, 220, 21, 7894, 10208, 52853, 1608, 220, 18, 7894, 10208, 609, 3903, 198, 7468, 220, 16, 7894, 10208, 3037, 1608, 220, 16, 7894, 10208, 609, 3903, 198, 7468, 220, 18, 7894, 10208, 1777, 1608, 220, 21, 7894, 10208, 609, 3903, 11, 220, 16, 8941, 271, 38663, 25, 10453, 7894, 10208, 7035, 11629, 13, 248046, 198, 248045, 74455, 198, 248068, 271, 248069, 271, 81266, 25, 198, 4888, 5614, 369, 310, 10453, 264, 7894, 10208, 7035, 11629, 13, 10235, 310, 279, 3766, 18066, 11, 328, 7468, 220, 16, 7894, 10208, 7035, 11629, 1608, 220, 17, 7894, 10208, 609, 3903, 3158, 353, 635, 524, 4862, 599, 866, 3470, 303, 821, 14991, 11, 321, 353, 1144, 7894, 10208, 609, 3903, 13, 1946, 615, 7894, 10208, 609, 3903, 11, 353, 628, 958, 279, 10793, 328, 7468, 220, 19, 7894, 10208, 609, 3903, 1608, 220, 16, 7894, 10208, 17872, 3158, 14833, 11, 821, 1118, 2923, 369, 310, 10453, 279, 7894, 10208, 609, 3903, 13, 271, 2432, 25, 198, 7468, 220, 19, 7894, 10208, 609, 3903, 1608, 220, 16, 7894, 10208, 17872, 248046, 248046, 198, 248045, 846, 198, 23446, 38523, 460, 17071, 364, 2824, 37563, 13, 561, 36497, 1414, 369, 279, 4581, 8057, 8978, 11, 1238, 9191, 314, 279, 1428, 1965, 682, 9202, 11, 10451, 506, 1141, 3817, 3798, 13, 3054, 524, 4089, 411, 17071, 1622, 430, 449, 4424, 1852, 13, 36541, 279, 4424, 6849, 8427, 421, 1965, 430, 45374, 321, 1179, 13942, 440, 411, 1788, 4687, 11, 1608, 1439, 4880, 343, 3950, 44, 24102, 4868, 25, 5046, 2721, 27896, 763, 20, 16, 17, 1288, 33413, 763, 16, 13, 15, 7563, 561, 1428, 15752, 369, 220, 16, 26, 279, 8961, 5954, 220, 18, 15, 21207, 13, 31625, 279, 29732, 314, 660, 3813, 20511, 494, 279, 1428, 15752, 1472, 279, 809, 314, 411, 8961, 11, 440, 10766, 220, 16, 13, 95074, 6575, 20511, 13, 561, 9575, 42607, 4424, 6486, 220, 16, 948, 279, 10897, 5614, 369, 16496, 321, 10029, 279, 8961, 26, 660, 6575, 21207, 2873, 220, 15, 13, 22044, 21835, 466, 67205, 314, 279, 15752, 75108, 7786, 11039, 874, 4799, 10986, 26, 21207, 421, 2496, 11822, 16300, 6942, 13, 27295, 318, 1448, 25, 38523, 460, 1590, 220, 15, 25, 220, 15, 318, 32817, 524, 16496, 1518, 279, 8961, 10029, 1174, 220, 16, 25, 220, 16, 318, 31724, 42607, 4424, 6473, 5614, 16496, 553, 3301, 1132, 279, 5407, 2306, 13, 248046, 198, 248045, 74455, 198, 248068, 271, 248069, 271, 16], "source_signed": [-0.06967910440390174, -0.05325413961150484, -0.011146162207113034, -0.0739379085536016, 0.030376121420920926, 0.008894780699204597, -0.00038336991802678366, 0.003012252953966423, 0.008872118319551786, 0.004085415435193624, 0.0019218401655657113, 0.005604554248897066, -0.002088282714463632, -0.00018605532873303262, -0.0005892050140088078, 0.00046525914389374413, 0.0032455734035495808, -0.0028046967898555635, -0.00023698378613690846, -1.6293958124984857e-05, -0.005570009727512491, -0.0032138784633140346, 0.00011542319119615149, -0.0003014963338220854, 0.0009242179420081635, 0.0021205813234242065, 0.001143747412290744, -0.0014400282078282948, -0.001966155080491237, 8.180656536236762e-05, 0.0014598999685565466, 0.0006425910383491787, -0.001400672752802671, 0.0012713934997039284, -0.0014187690042492872, -0.0037775007892779065, -0.0001027250027479925, -0.0007422606476300644, -0.0024146675183504577, -0.003374510866587209, -0.0035751013321335488, -0.0029689711184617187, 0.002284510394338024, 0.0021514340506546574, -0.0023945946979447674, 0.0032587072325987432, 0.001458189028282082, 0.0035440094052348755, 2.7189641338474678e-05, -0.0007229642353593826, 0.0014455665443843006, 0.0036755261509478655, 0.0012268383948714325, -0.0011094958595299432, 0.0008968883083399319, 0.0003880779896190533, -0.0008073801888159339, -0.00041732123202510964, -0.006054463360573431, -0.004355693214726159, -0.0032210227222980673, 0.0009385719202425387, 0.00018343531438402448, 0.0005043516189787875, 0.0016577962282416994, -0.001709624558733091, -0.003194907990300688, 0.0011861657266889897, 0.0007163014830702014, -0.002746121375450867, 0.00545775374831459, -0.0013885579137963918, 0.0003997874989607733, 0.002020021159554383, -0.0008639040302130601, -0.0022946899227839932, -0.0006930520014686397, 0.0030723472036865446, -0.0006371764349843248, 0.002869423564415477, -0.0022570880689681393, 0.0024974489137891917, -0.004032967650916161, -0.0009801686695589235, -0.002114672737117498, -0.0021441292879899113, 0.0033230211023200784, 0.0018957845817265204, 0.001030481428339744, 0.009717920512412308, 0.00633934917424, 0.00213416690678715, -0.0008247543241083621, 0.005510499502827443, -3.935863607142402e-05, 0.0019141785618375208, 3.66571025222169e-05, 0.000814957188534764, -0.0032284711481132093, -0.0017341948366293245, -0.00962622933847776, -0.012443821957215441, 0.003040688320401365, 0.010368475461770929, 0.0011308706775479457, 0.006633619023829589, -0.0006171348946229227, 0.003854814598665198, 0.0014388968579537719, 0.0005176214790109779, -0.0004257667833761185, -0.0010117071569317902, -0.007338549881767667, -0.002462853071650096, -0.0063759422434009816, -0.003963160763517881, -0.02286545464914204, 0.0]}, {"trace": {"episode_index": 0, "source_step": 0, "observed_return": 1.0, "context_tokens": 932, "compute_tokens": 935, "query_tokens": 225, "root_effect": -0.38773465901613235, "signed_sum": -0.4194457983471463, "conservation_residual": 0.03171113933101394, "conservation_tolerance": 0.02, "conservation_verified": false, "owner_batch_index": 0, "source_log_ratio_min": -0.10775323276184845, "source_log_ratio_max": 0.029982870819017217, "source_log_ratio_min_index": 0, "source_log_ratio_max_index": 4, "factual_target_logp": -0.46724820137023926, "reference_target_logp": -0.0795135423541069}, "traj_uid": "84819fa1-0765-48ef-a0ee-84f46d155e85", "observed_return": 1.0, "source_start": 646, "source_end": 706, "selected_input_ids": [248045, 8678, 198, 2523, 513, 1167, 16451, 11, 3354, 539, 52540, 14388, 13, 1394, 513, 264, 10631, 17313, 13, 248046, 198, 248045, 846, 198, 2523, 513, 2574, 2342, 5222, 42607, 18066, 310, 10453, 3470, 303, 38898, 13, 93818, 10966, 513, 314, 279, 3443, 328, 7468, 498, 5480, 1576, 60, 1608, 498, 1307, 13565, 60, 3158, 198, 11179, 4625, 353, 668, 2873, 488, 449, 21254, 11, 488, 599, 310, 5707, 449, 1852, 3018, 383, 279, 1528, 321, 7359, 13, 1394, 628, 328, 447, 1, 449, 1576, 318, 36859, 8, 494, 279, 14991, 466, 279, 4424, 11, 1353, 5072, 279, 1746, 14991, 539, 328, 30075, 487, 466, 328, 7468, 1, 318, 5480, 8, 1608, 866, 314, 279, 42607, 10966, 13, 198, 7525, 2468, 1902, 24660, 1732, 411, 3443, 2879, 81266, 25, 198, 21061, 10976, 13, 271, 2432, 25, 198, 21061, 1727, 1852, 1, 271, 92065, 25, 695, 16, 13, 22516, 13441, 279, 11846, 948, 1608, 328, 447, 1, 321, 328, 7468, 1, 10966, 13, 471, 12996, 314, 615, 25, 615, 220, 16, 166007, 62259, 22864, 471, 12996, 16, 314, 10453, 25, 10453, 220, 16, 6105, 51735, 1608, 220, 16, 166007, 62259, 22864, 471, 12996, 17, 314, 10453, 25, 10453, 220, 16, 20117, 71670, 1608, 220, 23, 6414, 78960, 447, 11, 220, 16, 71670, 198, 17, 13, 3095, 1608, 328, 447, 1, 3108, 11, 635, 524, 13441, 3315, 279, 1455, 3905, 494, 279, 14991, 466, 279, 4424, 13, 198, 18, 13, 1394, 628, 958, 25835, 42607, 10966, 3766, 11, 635, 524, 958, 678, 1765, 42607, 10966, 13, 4213, 11, 413, 279, 42607, 3108, 5533, 264, 13553, 23980, 1040, 328, 490, 3903, 487, 488, 628, 958, 3175, 4346, 314, 279, 1788, 23980, 378, 1257, 13, 328, 21921, 36620, 609, 3903, 1, 303, 279, 3108, 4370, 13, 271, 248046, 198, 248045, 74455, 198, 3793, 13, 353, 3172, 1732, 678, 10895, 321, 1380, 821, 1786, 310, 11290, 279, 3274, 13, 248046, 198, 248045, 846, 198, 37563, 286, 10966, 25, 198, 7468, 220, 16, 2236, 52139, 1608, 220, 21, 609, 3903, 11, 220, 18, 2236, 198, 7468, 220, 19, 6121, 36620, 609, 3903, 1608, 220, 16, 6121, 36620, 17872, 198, 7468, 220, 18, 1557, 26174, 23873, 1608, 220, 17, 8941, 11, 220, 19, 1557, 26174, 609, 3903, 198, 7468, 220, 16, 19694, 1608, 220, 21, 609, 3903, 11, 220, 17, 21664, 1678, 3325, 198, 7468, 220, 19, 36620, 609, 3903, 1608, 220, 16, 36620, 17872, 198, 7468, 220, 16, 8941, 1608, 220, 17, 56890, 198, 7468, 220, 19, 7894, 10208, 609, 3903, 1608, 220, 16, 7894, 10208, 17872, 198, 7468, 220, 16, 21664, 3608, 48066, 1608, 220, 17, 8941, 11, 220, 18, 609, 3903, 198, 7468, 220, 16, 21664, 19601, 1608, 220, 16, 8941, 11, 220, 17, 609, 3903, 198, 7468, 220, 16, 17024, 4690, 1608, 220, 18, 17024, 37260, 11, 220, 18, 609, 3903, 198, 7468, 220, 19, 8941, 1608, 220, 17, 609, 3903, 198, 7468, 220, 19, 92701, 609, 3903, 1608, 220, 16, 92701, 42267, 198, 7468, 220, 16, 5144, 14987, 1608, 220, 17, 886, 11, 220, 18, 8941, 11, 220, 16, 10679, 6537, 349, 11, 220, 16, 8151, 34356, 9416, 198, 7468, 220, 16, 19629, 1608, 220, 21, 609, 3903, 11, 220, 16, 10679, 6537, 349, 198, 7468, 220, 19, 14804, 329, 609, 3903, 1608, 220, 16, 14804, 329, 17872, 198, 7468, 220, 16, 42943, 23873, 17587, 1608, 220, 19, 8941, 11, 220, 17, 42943, 609, 3903, 198, 7468, 220, 19, 1557, 26174, 609, 3903, 1608, 220, 16, 1557, 26174, 17872, 198, 7468, 220, 16, 18016, 4690, 1608, 220, 18, 18016, 37260, 11, 220, 18, 609, 3903, 198, 7468, 220, 16, 7171, 5518, 1898, 1608, 220, 19, 609, 3903, 11, 220, 17, 5392, 198, 7468, 220, 19, 83237, 609, 3903, 1608, 220, 16, 83237, 42267, 198, 7468, 220, 19, 42943, 609, 3903, 1608, 220, 16, 42943, 17872, 271, 38663, 25, 10453, 21664, 3608, 48066, 13, 248046, 198, 248045, 74455, 198, 248068, 271, 248069, 271, 81266, 25, 1946, 10453, 264, 21664, 3608, 48066, 11, 353, 1144, 310, 9283, 279, 2483, 13565, 25, 32040, 321, 609, 3903, 13, 20482, 506, 279, 2420, 18066, 11, 353, 628, 10453, 32040, 494, 56890, 13, 353, 668, 1151, 539, 22175, 279, 56890, 4221, 310, 1236, 32040, 13, 271, 2432, 25, 198, 447, 220, 16, 56890, 248046, 248046, 198, 248045, 846, 198, 23446, 38523, 460, 17071, 364, 2824, 37563, 13, 561, 36497, 1414, 369, 279, 4581, 8057, 8978, 11, 1238, 9191, 314, 279, 1428, 1965, 682, 9202, 11, 10451, 506, 1141, 3817, 3798, 13, 3054, 524, 4089, 411, 17071, 1622, 430, 449, 4424, 1852, 13, 36541, 279, 4424, 6849, 8427, 421, 1965, 430, 45374, 321, 1179, 13942, 440, 411, 1788, 4687, 11, 1608, 1439, 4880, 343, 3950, 44, 24102, 4868, 25, 5046, 2721, 27896, 763, 20, 16, 17, 1288, 33413, 763, 16, 13, 15, 7563, 561, 1428, 15752, 369, 220, 16, 26, 279, 8961, 5954, 220, 18, 15, 21207, 13, 31625, 279, 29732, 314, 660, 3813, 20511, 494, 279, 1428, 15752, 1472, 279, 809, 314, 411, 8961, 11, 440, 10766, 220, 16, 13, 95074, 6575, 20511, 13, 561, 9575, 42607, 4424, 6486, 220, 16, 948, 279, 10897, 5614, 369, 16496, 321, 10029, 279, 8961, 26, 660, 6575, 21207, 2873, 220, 15, 13, 22044, 21835, 466, 67205, 314, 279, 15752, 75108, 7786, 11039, 874, 4799, 10986, 26, 21207, 421, 2496, 11822, 16300, 6942, 13, 27295, 318, 1448, 25, 38523, 460, 1590, 220, 15, 25, 220, 15, 318, 32817, 524, 16496, 1518, 279, 8961, 10029, 1174, 220, 16, 25, 220, 16, 318, 31724, 42607, 4424, 6473, 5614, 16496, 553, 3301, 1132, 279, 5407, 2306, 13, 248046, 198, 248045, 74455, 198, 248068, 271, 248069, 271, 16], "source_signed": [-0.10775323276184845, -0.07868301174719781, -0.027651808431407462, -0.08285412269865523, 0.029982870819017217, 0.003633893049902623, 0.002029808700163868, -0.0008369604208319044, 0.006596828169449876, 0.00197586974679923, -0.0004745685215904495, -0.0018369419141586255, -0.006155602622058153, -0.009113890865145451, -0.004369015442510349, 0.0029742426410100595, -0.005140243969659671, -0.0018848149975292518, -0.0032035608413413814, -0.0025591877765161744, -0.00347807157660039, -0.0022560742442468053, 0.0014646162066618666, 0.003957353289159263, 0.0014718477737425493, -0.005484519393061508, -0.009763220614117975, 0.00023209651309188343, -0.0027313866414334195, -0.006081639594879083, -0.0027817360824994395, 0.00012189570848472945, -0.0030093022583574294, 0.0006763609946927626, -0.00019693827292955463, -0.004333066962373455, 0.0012213319031833007, -0.0074645725633022365, -0.0038818943445907876, -0.0005846240754580796, 0.005127380227801281, 0.004844176279647167, 0.003814123710972825, -0.0018722408267729616, -0.0004101442580461169, 0.010038475349499948, -0.006580184980347233, 0.0016476211478986319, 0.0053203218036584595, -0.004557352924657736, -0.005227526933689422, -0.01501898700647088, -0.018528106217859695, -0.0038664267882664045, 0.008086596534854126, -0.01648456512146787, -0.01770305923553144, -0.015565537048446655, -0.024285367940981024, 0.0]}, {"trace": {"episode_index": 0, "source_step": 0, "observed_return": 1.0, "context_tokens": 935, "compute_tokens": 935, "query_tokens": 225, "root_effect": -0.2693735733628273, "signed_sum": -0.2710124353594455, "conservation_residual": 0.0016388619966182238, "conservation_tolerance": 0.02, "conservation_verified": true, "owner_batch_index": 0, "source_log_ratio_min": -0.08384319232242932, "source_log_ratio_max": 0.013918137421322321, "source_log_ratio_min_index": 0, "source_log_ratio_max_index": 4, "factual_target_logp": -0.3903317451477051, "reference_target_logp": -0.12095817178487778}, "traj_uid": "0717f2e6-d697-40b8-aef2-9b8b00f46b80", "observed_return": 1.0, "source_start": 631, "source_end": 709, "selected_input_ids": [248045, 8678, 198, 2523, 513, 1167, 16451, 11, 3354, 539, 52540, 14388, 13, 1394, 513, 264, 10631, 17313, 13, 248046, 198, 248045, 846, 198, 2523, 513, 2574, 2342, 5222, 42607, 18066, 310, 10453, 3470, 303, 38898, 13, 93818, 10966, 513, 314, 279, 3443, 328, 7468, 498, 5480, 1576, 60, 1608, 498, 1307, 13565, 60, 3158, 198, 11179, 4625, 353, 668, 2873, 488, 449, 21254, 11, 488, 599, 310, 5707, 449, 1852, 3018, 383, 279, 1528, 321, 7359, 13, 1394, 628, 328, 447, 1, 449, 1576, 318, 36859, 8, 494, 279, 14991, 466, 279, 4424, 11, 1353, 5072, 279, 1746, 14991, 539, 328, 30075, 487, 466, 328, 7468, 1, 318, 5480, 8, 1608, 866, 314, 279, 42607, 10966, 13, 198, 7525, 2468, 1902, 24660, 1732, 411, 3443, 2879, 81266, 25, 198, 21061, 10976, 13, 271, 2432, 25, 198, 21061, 1727, 1852, 1, 271, 92065, 25, 695, 16, 13, 22516, 13441, 279, 11846, 948, 1608, 328, 447, 1, 321, 328, 7468, 1, 10966, 13, 471, 12996, 314, 615, 25, 615, 220, 16, 166007, 62259, 22864, 471, 12996, 16, 314, 10453, 25, 10453, 220, 16, 6105, 51735, 1608, 220, 16, 166007, 62259, 22864, 471, 12996, 17, 314, 10453, 25, 10453, 220, 16, 20117, 71670, 1608, 220, 23, 6414, 78960, 447, 11, 220, 16, 71670, 198, 17, 13, 3095, 1608, 328, 447, 1, 3108, 11, 635, 524, 13441, 3315, 279, 1455, 3905, 494, 279, 14991, 466, 279, 4424, 13, 198, 18, 13, 1394, 628, 958, 25835, 42607, 10966, 3766, 11, 635, 524, 958, 678, 1765, 42607, 10966, 13, 4213, 11, 413, 279, 42607, 3108, 5533, 264, 13553, 23980, 1040, 328, 490, 3903, 487, 488, 628, 958, 3175, 4346, 314, 279, 1788, 23980, 378, 1257, 13, 328, 21921, 36620, 609, 3903, 1, 303, 279, 3108, 4370, 13, 271, 248046, 198, 248045, 74455, 198, 3793, 13, 353, 3172, 1732, 678, 10895, 321, 1380, 821, 1786, 310, 11290, 279, 3274, 13, 248046, 198, 248045, 846, 198, 37563, 286, 10966, 25, 198, 7468, 220, 18, 83237, 1777, 1608, 220, 21, 83237, 609, 3903, 11, 220, 16, 8941, 198, 7468, 220, 19, 92701, 609, 3903, 1608, 220, 16, 92701, 42267, 198, 7468, 220, 21, 83237, 52853, 1608, 220, 18, 83237, 609, 3903, 198, 7468, 220, 19, 83237, 30129, 1608, 220, 21, 83237, 609, 3903, 198, 7468, 220, 16, 83237, 7035, 11629, 1608, 220, 17, 83237, 609, 3903, 198, 7468, 220, 19, 83237, 609, 3903, 1608, 220, 16, 83237, 42267, 198, 7468, 220, 16, 8941, 1608, 220, 17, 56890, 198, 7468, 220, 16, 13136, 3013, 10479, 1608, 220, 18, 17872, 11, 220, 18, 8941, 11, 220, 16, 13136, 3807, 2255, 9714, 198, 7468, 220, 19, 7894, 10208, 609, 3903, 1608, 220, 16, 7894, 10208, 17872, 198, 7468, 220, 19, 36620, 609, 3903, 1608, 220, 16, 36620, 17872, 198, 7468, 220, 16, 14804, 329, 23873, 17587, 1608, 220, 19, 8941, 11, 220, 17, 14804, 329, 609, 3903, 198, 7468, 220, 19, 6121, 36620, 609, 3903, 1608, 220, 16, 6121, 36620, 17872, 198, 7468, 220, 19, 14804, 329, 609, 3903, 1608, 220, 16, 14804, 329, 17872, 198, 7468, 220, 19, 8941, 1608, 220, 17, 609, 3903, 198, 7468, 220, 16, 10679, 48765, 1608, 220, 17, 8941, 11, 220, 18, 10679, 6537, 349, 198, 7468, 220, 17, 83237, 22149, 10470, 1608, 220, 21, 83237, 609, 3903, 198, 7468, 220, 19, 42943, 609, 3903, 1608, 220, 16, 42943, 17872, 198, 7468, 220, 16, 19629, 1608, 220, 21, 609, 3903, 11, 220, 16, 10679, 6537, 349, 198, 7468, 220, 16, 3000, 6105, 4690, 1608, 220, 18, 3000, 6105, 37260, 11, 220, 18, 609, 3903, 198, 7468, 220, 19, 1557, 26174, 609, 3903, 1608, 220, 16, 1557, 26174, 17872, 198, 7468, 220, 16, 55945, 4690, 1608, 220, 18, 55945, 37260, 11, 220, 18, 609, 3903, 271, 38663, 25, 10453, 83237, 1777, 13, 248046, 198, 248045, 74455, 198, 248068, 271, 248069, 271, 81266, 25, 1946, 10453, 279, 2100, 1576, 328, 11126, 6659, 1777, 487, 279, 10793, 7225, 328, 21, 83237, 609, 3903, 1, 321, 328, 16, 8941, 3158, 2921, 14991, 369, 4147, 11, 748, 353, 1118, 1144, 310, 9283, 1439, 13565, 13, 561, 1379, 19214, 1118, 2923, 369, 310, 6637, 799, 1328, 23980, 11, 279, 32040, 11, 539, 42607, 1070, 494, 56890, 13, 271, 2432, 25, 198, 7468, 220, 16, 8941, 1608, 220, 17, 56890, 248046, 248046, 198, 248045, 846, 198, 23446, 38523, 460, 17071, 364, 2824, 37563, 13, 561, 36497, 1414, 369, 279, 4581, 8057, 8978, 11, 1238, 9191, 314, 279, 1428, 1965, 682, 9202, 11, 10451, 506, 1141, 3817, 3798, 13, 3054, 524, 4089, 411, 17071, 1622, 430, 449, 4424, 1852, 13, 36541, 279, 4424, 6849, 8427, 421, 1965, 430, 45374, 321, 1179, 13942, 440, 411, 1788, 4687, 11, 1608, 1439, 4880, 343, 3950, 44, 24102, 4868, 25, 5046, 2721, 27896, 763, 20, 16, 17, 1288, 33413, 763, 16, 13, 15, 7563, 561, 1428, 15752, 369, 220, 16, 26, 279, 8961, 5954, 220, 18, 15, 21207, 13, 31625, 279, 29732, 314, 660, 3813, 20511, 494, 279, 1428, 15752, 1472, 279, 809, 314, 411, 8961, 11, 440, 10766, 220, 16, 13, 95074, 6575, 20511, 13, 561, 9575, 42607, 4424, 6486, 220, 16, 948, 279, 10897, 5614, 369, 16496, 321, 10029, 279, 8961, 26, 660, 6575, 21207, 2873, 220, 15, 13, 22044, 21835, 466, 67205, 314, 279, 15752, 75108, 7786, 11039, 874, 4799, 10986, 26, 21207, 421, 2496, 11822, 16300, 6942, 13, 27295, 318, 1448, 25, 38523, 460, 1590, 220, 15, 25, 220, 15, 318, 32817, 524, 16496, 1518, 279, 8961, 10029, 1174, 220, 16, 25, 220, 16, 318, 31724, 42607, 4424, 6473, 5614, 16496, 553, 3301, 1132, 279, 5407, 2306, 13, 248046, 198, 248045, 74455, 198, 248068, 271, 248069, 271, 16], "source_signed": [-0.08384319232242932, -0.057391074844837776, -0.015938904824429778, -0.08057276004785877, 0.013918137421322321, -0.009431867657360314, 0.002718305662802788, 0.0004408191441731572, -0.00451640747876997, 0.0027689719609578956, 0.0024557545708997117, -0.0005615405366447539, 0.0011222934474516208, 0.0026810744381814823, 0.0027905813393122626, 0.003266590160165781, -0.00165451891168834, -0.004808492604347134, -0.004167492653611601, 0.0003847841858075703, 0.001044872915987964, -0.000584697430638049, 0.0027394942538816625, -4.9325857846691705e-05, -0.0014460442314005975, 0.00258776121547418, -0.002034161778213215, -0.0007702984705523089, -0.007543448179476468, -0.005869130428282793, -0.0037307267777229865, -0.004965964371760795, 0.002937540247631765, -0.0018309897679890993, 0.0023371040249396567, 0.0015631018773841054, -0.00296625066950415, 0.0036171806198480984, -0.00479866582012636, -0.0004155212445175843, -0.006754262078723258, 0.0006759402045593398, -0.0009037593801829403, -0.006605933209900961, -0.008434146119360579, 0.0019796961506838625, 0.0010501895506342496, 0.0036930712441149843, 0.001713698635255655, 0.0004747217035251288, 0.0034113933498610208, 0.0009084986899093837, -0.005205381485317882, -0.004630311135685474, -0.003510192694095743, 0.004672160149853321, -0.002134021134210459, -0.0068720418067357856, 0.0024837866106175977, 0.002834879976925881, 0.009881319675750008, -0.0033165713487819035, 0.004006697211678894, 0.011427178306239, -0.0024635616387780244, -0.008966527739606704, -0.004929151247055064, 0.0039732166506490614, 0.01318262197831174, 0.000996907583176528, -0.0018881405829957445, -0.004068981838257907, -0.0002575261664607177, -0.004204945417025308, -0.0076182332940086354, 0.0005767874731054407, -0.005674402763326744, 0.0]}]}}
TEXTCRAFT_NATIVE_ADAM {"phase": "original_trajectory_credit_clock_complete", "pid": 3996191, "observed_unix": 1791257326.1013405, "artifact": {"path": "/mnt/si0021787ci2/default/lzq/deepresearch/deltatrace_rl_20260922/receipts/textcraft-query-clock-gradient-20261006-v2/clock-recomputed-native-minibatch.pkl", "sha256": "ef83aa38b1fffdc1971d32c4ddf3da6eab45f7a791ee65c72e874237b7b32a8c", "bytes": 61626580}}
TEXTCRAFT_NATIVE_ADAM {"phase": "clock_recomputed_gradient_begin", "pid": 3996191, "observed_unix": 1791257326.105318}
[36m(QueryClockGradientWorker pid=3999196)[0m native_minibatch_diagnostic rank=0 label=dt_pg phase=pass_start
[36m(QueryClockGradientWorker pid=3999196)[0m native_minibatch_diagnostic rank=0 label=dt_pg phase=optimizer_boundary elapsed=144.651s
[36m(QueryClockGradientWorker pid=4000891)[0m [DT EOS minibatch] contrasts=4 length=5297 seconds=10.03658727183938 batch=24/24 d_min=-0.02452474617772224 d_max=0.020595644493874334
[36m(QueryClockGradientWorker pid=4000891)[0m native_minibatch_diagnostic rank=1 label=dt_pg phase=pass_start
[36m(QueryClockGradientWorker pid=3999196)[0m native_minibatch_diagnostic rank=0 label=dt_pg phase=optimizer_boundary_complete elapsed=144.753s
[36m(QueryClockGradientWorker pid=3999196)[0m native_minibatch_diagnostic rank=0 label=dt_pg phase=pass_complete elapsed=144.759s
[36m(QueryClockGradientWorker pid=3999196)[0m native_minibatch_diagnostic rank=0 label=weighted_entropy phase=pass_start
[36m(QueryClockGradientWorker pid=3999196)[0m native_minibatch_diagnostic rank=0 label=weighted_entropy phase=optimizer_boundary elapsed=144.706s
[36m(QueryClockGradientWorker pid=4000891)[0m native_minibatch_diagnostic rank=1 label=dt_pg phase=optimizer_boundary elapsed=144.572s
[36m(QueryClockGradientWorker pid=4000891)[0m native_minibatch_diagnostic rank=1 label=dt_pg phase=optimizer_boundary_complete elapsed=144.674s
[36m(QueryClockGradientWorker pid=4000891)[0m native_minibatch_diagnostic rank=1 label=dt_pg phase=pass_complete elapsed=144.679s
[36m(QueryClockGradientWorker pid=4000891)[0m native_minibatch_diagnostic rank=1 label=weighted_entropy phase=pass_start
[36m(QueryClockGradientWorker pid=3999196)[0m native_minibatch_diagnostic rank=0 label=weighted_entropy phase=optimizer_boundary_complete elapsed=144.793s
[36m(QueryClockGradientWorker pid=3999196)[0m native_minibatch_diagnostic rank=0 label=weighted_entropy phase=pass_complete elapsed=144.799s
TEXTCRAFT_NATIVE_ADAM {"phase": "clock_recomputed_gradient_complete", "pid": 3996191, "observed_unix": 1791257616.0335295}
[36m(QueryClockGradientWorker pid=4000891)[0m native_minibatch_diagnostic rank=1 label=weighted_entropy phase=optimizer_boundary elapsed=144.707s
[36m(QueryClockGradientWorker pid=4000891)[0m native_minibatch_diagnostic rank=1 label=weighted_entropy phase=optimizer_boundary_complete elapsed=144.794s
[36m(QueryClockGradientWorker pid=4000891)[0m native_minibatch_diagnostic rank=1 label=weighted_entropy phase=pass_complete elapsed=144.798s
[36m(QueryClockGradientWorker pid=4000891)[0m [2026-10-06 11:18:34,455 E 4000891 4000955] core_worker_process.cc:842: Failed to establish connection to the metrics exporter agent. Metrics will not be exported. Exporter agent status: RpcError: Running out of retries to initialize the metrics agent. rpc_code: 14
