dataset,index,source_start,source_end,author_eligible,source_eligible,eligible_gold,budget_5,budget_10,budget_20,budget_30,budget_50,original_10pct_budget,reference_input_sha256
niah_mq_q2,0,137,1313,310,243,40,13,25,49,73,122,31,5f3460ea903ef5e15ee5e464e7c6da7f81a59ea59b6f231995dbe47101719505
niah_mq_q2,1,137,4260,863,800,38,40,80,160,240,400,87,dae0474f55faba3a74b5bddf22bc53f18222d2c4098f1fc88241f1090cbed255
niah_mq_q2,2,137,4272,863,800,38,40,80,160,240,400,87,be769bf2db74923161641418bf111315e1f391deab9770d11cbd76dbe07932a4
niah_mq_q2,3,137,1319,304,241,38,13,25,49,73,121,31,e3094b6ab31f0ed27ea81a5c2d9ec3f709aa9e647748727436bca2323ec05f2d
niah_mq_q2,4,137,4264,866,801,39,41,81,161,241,401,87,70171797de7ec3c8656a77f99a237f21a84d43f9802e25616d3cec7bfbf8adcb
niah_mq_q2,5,137,4274,866,801,39,41,81,161,241,401,87,aa7db4edf08887e909f81f04bd8a0fcf4a34d4aa1f241a35dbdbfb42e7227ec2
niah_mq_q2,6,137,1311,301,240,37,12,24,48,72,120,31,ee425ecd64e4dd4ea6c7c942926fae0f4b8cd355a5717dd181b573d5fbe35bd6
niah_mq_q2,7,137,4267,866,801,39,41,81,161,241,401,87,9a09e49a185a82aa04109297f1d0df7494466437536d1308930b5ab41d11a9bf
niah_mq_q2,8,137,1317,304,241,38,13,25,49,73,121,31,ec9bd28ff68a891484e72baa801d93a9e8c9b43ef996873ddccd215456af379f
niah_mq_q2,9,137,1314,310,243,40,13,25,49,73,122,31,14d01d7a75c3555ebed462290ee0ddd5502a0315413fe8663499516635137c39
niah_mq_q2,10,137,1311,307,242,39,13,25,49,73,121,31,77063460ff07e8cf7c6bbd65be0b2b7e9f83e30218ece6356dc29a76c15252b8
niah_mq_q2,11,137,1327,310,243,40,13,25,49,73,122,31,d74b5bd41e47988cb7be5b10adb8f98eb23997bab227b974c32f6596c820cf65
niah_mq_q2,12,137,1311,310,243,40,13,25,49,73,122,31,64b2a6e44fc1ffc9b0d314a751b3849ed9d7ffe84a150aa75b3fa44bbef8f7da
niah_mq_q2,13,137,4271,869,802,40,41,81,161,241,401,87,19173407470bccaae181ea4b25c75f1daa91c30085ae5217b1ccf27eacdde412
niah_mq_q2,14,137,4268,869,802,40,41,81,161,241,401,87,4af0f21c951e1a58b49b5880d7ea9437d554b834f309e975609fe28cb8033a19
niah_mq_q2,15,137,1320,313,244,41,13,25,49,74,122,32,3dba06e81fa32ec9c6da94d26ae03aed8dababace6f47cbd71270cd385d48dae
niah_mq_q2,16,137,1322,304,241,38,13,25,49,73,121,31,c29346b2050d2e434cdeeef60a115cba9d2febe24ec36f55f0b3db463156f8a6
niah_mq_q2,17,137,1315,313,244,41,13,25,49,74,122,32,8685f7bfdeb27134ba6e2a826a642ec0504e7bad5072872bec01905043e59e23
niah_mq_q2,18,137,4266,860,799,37,40,80,160,240,400,86,494d77ec94f37baf53b7bf2af35988b40cc33100a311c791d4cad222cf73689f
niah_mq_q2,19,137,1312,307,242,39,13,25,49,73,121,31,3e5f0be378e4f264b7f90726a59170fda27fd6a1efd456b764f376a42a90856b
niah_mq_q2,20,137,1314,310,243,40,13,25,49,73,122,31,7414c66136bd7fa5c783eea6d9f415b13c2bcc9ee653efff197ff4b00274b7be
niah_mq_q2,21,137,4261,866,801,39,41,81,161,241,401,87,b338166457834bf991592983d77da2349db25365916ac8cbaa80c34f1b8e6015
niah_mq_q2,22,137,1317,316,245,42,13,25,49,74,123,32,c1d35b41d483ffe6b2f81cd1984d894f0ba7e38925f9006021d6376563a11f17
niah_mq_q2,23,137,4273,863,800,38,40,80,160,240,400,87,3c3bf8b8922a1cfc322f13595dd448ba5bf7ff778185fe94959f06301e815bf0
niah_mq_q2,24,137,1315,307,242,39,13,25,49,73,121,31,0e23cc74ee973c25725defc3d11edf4b65eff9080dbe0a63b0cf01785f97eb38
niah_mq_q2,25,137,4271,866,801,39,41,81,161,241,401,87,97b1713160a57e7471264e83e98477dd5d69e9b0906be6bb500563bfc433d2a0
niah_mq_q2,26,137,4274,866,801,39,41,81,161,241,401,87,a9b8dfbee58dfca381704bf0599dbab47965c0861296824abc5b727625f886d4
niah_mq_q2,27,137,4273,869,802,40,41,81,161,241,401,87,7c9f0b33dae3521f2ded22d283bd348c8b9428929012aa58ae3214236c26fdfd
niah_mq_q2,28,137,4264,866,801,39,41,81,161,241,401,87,362dca77358cc4030c89d96611b0f59ba073ca52f7b1670c5b9f90b413953f8e
niah_mq_q2,29,137,1307,304,241,38,13,25,49,73,121,31,4d09adb46763bf3905ee240ad932cbed2c5d219f5fe6f17ae5a8d0b811a5ba2e
niah_mq_q2,30,137,1314,310,243,40,13,25,49,73,122,31,30427471e4e47eab7f35cdad64e7a81123960357a0d7c59e412c151e402f83da
niah_mq_q2,31,137,4268,866,801,39,41,81,161,241,401,87,d64b135b72e8787ceb7ef2a73c49a5597becd6bf988387bc631c4844a13d775f
niah_mq_q2,32,137,1316,304,241,38,13,25,49,73,121,31,143f0830241f305676e0dda641913a9b675677d730c477b01980a359c200560e
niah_mq_q2,33,137,4268,866,801,39,41,81,161,241,401,87,afa4daf846edc1006240d822a0f6d432f56bd78de0c868122b3773df196a2b52
niah_mq_q2,34,137,1321,304,241,38,13,25,49,73,121,31,7f68d9703efec8ad715abf8ac319db307ea9bf0be673325163de2ceee31df595
niah_mq_q2,35,137,4276,863,800,38,40,80,160,240,400,87,eb6e14fdfe387495f27acd20b23fec68b66410dee48d9f5926db9289f928ab2d
niah_mq_q2,36,137,1319,316,245,42,13,25,49,74,123,32,681cdcbf228b75c50105014b66f9c080188d13c1174387aa0499517182cb659a
niah_mq_q2,37,137,1321,307,242,39,13,25,49,73,121,31,d8fe1e5502e8b685a8a9764215c2d09c71ccb805d9fc407299da0dff0675c2fa
niah_mq_q2,38,137,4273,869,802,40,41,81,161,241,401,87,86cb4143fadd3d2d82ccd4a37a8dcf1a195a1ae61559687941535b99d71f6062
niah_mq_q2,39,137,1310,307,242,39,13,25,49,73,121,31,11298f608380e258070a72143d3578c6e0ba958ecbad490ed483613e93b193f6
niah_mq_q2,40,137,4273,860,799,37,40,80,160,240,400,86,8567881afed02932a465bc6afa9cd21359c99f02dfe9ae845fbdf4d84e098e9e
niah_mq_q2,41,137,4267,863,800,38,40,80,160,240,400,87,7d0306525056708e22460efc1207e22f3fd78febab3681188325b88f98108c95
niah_mq_q2,42,137,1318,310,243,40,13,25,49,73,122,31,5536081f42d2876f343615cfa38f6fe7a0549484c1670260199b6f8230d20082
niah_mq_q2,43,137,1312,307,242,39,13,25,49,73,121,31,44c8b5fa731b48515d12dbc7ad9157fe6be3a58332e991ebc04a65e5321f7b2a
niah_mq_q2,44,137,1322,313,244,41,13,25,49,74,122,32,b1b3dcf5b11dd4f3710a0f701e8f01ebde614072ae61599ba7da8af1f845ab0d
niah_mq_q2,45,137,1314,310,243,40,13,25,49,73,122,31,122c00caa3528569ef1540079fe6f89e5b8bccfdd64afac99f3040a231d0bd6f
niah_mq_q2,46,137,4264,863,800,38,40,80,160,240,400,87,5b47074a42888f273debce482dff3165f077066284c91aa16392f22b2bdbc279
niah_mq_q2,47,137,4269,866,801,39,41,81,161,241,401,87,89fc725a2ec4281d9f67614c4921a50dc92705c5ef6d00a04b420b361ed5bee1
niah_mq_q2,48,137,4267,872,803,41,41,81,161,241,402,88,4825976481e4660314c6bd16fdbe2b5f8cec29578e9c9363dc14bb43d80dc598
niah_mq_q2,49,137,4265,863,800,38,40,80,160,240,400,87,2335129f81bad0f1506d15334eff12f8f05690cfe744b57cc83347a9205248ca
niah_mq_q2,50,137,1320,316,245,42,13,25,49,74,123,32,25b6c25097661f7c596e9872ce4f6baa69edc7b2e69d3328ac22e8806a22b2a7
niah_mq_q2,51,137,1319,313,244,41,13,25,49,74,122,32,a624fb066c2f61c8e23732c13f9edc2548f379934fd236809d60ccc5f425148b
niah_mq_q2,52,137,4272,866,801,39,41,81,161,241,401,87,e7269355b6863f09d774ab552e05d50a24c1b92dfcdd446557a33c1aa414da77
niah_mq_q2,53,137,4271,866,801,39,41,81,161,241,401,87,1dc653c67714a7b8c8ebdd0a5446f02f2f248108db6f49baab14622ac8003751
niah_mq_q2,54,137,4271,863,800,38,40,80,160,240,400,87,7f55935ee20bc4a535520a283890a8330e25b4cbcd27506aa97fb0819ad33644
niah_mq_q2,55,137,1319,310,243,40,13,25,49,73,122,31,898d73759f4aec6b64f27ca5c94a54681ad159007ef79d47fa3c60fa6f364aa2
niah_mq_q2,56,137,1305,304,241,38,13,25,49,73,121,31,78392b2b7d40bad24668f042d69456a88f372f54a7320174d7c1aaa1a683b76c
niah_mq_q2,57,137,1314,307,242,39,13,25,49,73,121,31,77b26d073e7658cf2f837649048114e14479d860500847d06f3c232fec4cec49
niah_mq_q2,58,137,4270,866,801,39,41,81,161,241,401,87,08110cd425c24cf58ee889bfb51c99fe04a3b330caa072017293412dddd40cfc
niah_mq_q2,59,137,1314,307,242,39,13,25,49,73,121,31,14007147d05f457c01831eb262f34a1a0628b4dc938499a29ad094838bd34680
niah_mq_q2,60,137,1322,319,246,43,13,25,50,74,123,32,275cf45365c6cfcbe1b1dd052c2c849cf0f8de36a4ecdf89e1c1dd73c7579379
niah_mq_q2,61,137,4266,866,801,39,41,81,161,241,401,87,40269ffefbf825624d5972f9986b5e690cb54697638081b3dc179d1097fb68c9
niah_mq_q2,62,137,4285,866,801,39,41,81,161,241,401,87,7b539db14c43775dd56999c64905242ff557131919fdc63aabcaf9c1a25ccec2
niah_mq_q2,63,137,4265,866,801,39,41,81,161,241,401,87,a1f73c46eea37ef0907b3d20f17b405e938b4a6dc3f5dc57b0ee492c27391b16
niah_mq_q2,64,137,1310,307,242,39,13,25,49,73,121,31,e63158a054a5fb33a7989dfd1a3c604caeab7adc1ba3e463b3ba658161dbbc4b
niah_mq_q2,65,137,4272,863,800,38,40,80,160,240,400,87,6d8af03a3b5419131897d44b629ddb9f473c6ab91428efee40882853c32410b2
niah_mq_q2,66,137,1328,322,247,44,13,25,50,75,124,33,f338dcc7506d9f245e642985a5b14aa4e92211f67bccd8f2e1bfb40aa46af941
niah_mq_q2,67,137,1311,307,242,39,13,25,49,73,121,31,34c934893c1ec2d51c10a8107d083a4dd93293f1289b3668d550a7d88a101f0a
niah_mq_q2,68,137,4266,866,801,39,41,81,161,241,401,87,c3ba45bb4ab999ee74b97cc1f151b0467d8ad3c4ba5898f120fc23e8d6d2b423
niah_mq_q2,69,137,1304,307,242,39,13,25,49,73,121,31,fee2be0f72ed299c52b0a58aa44c1e85727632f1aecf0dc320a236b0c4f2330f
niah_mq_q2,70,137,4269,863,800,38,40,80,160,240,400,87,595d2175bc34f1b37ac820388c163b02e8a1302364d2e039cff7d8812a97e93e
niah_mq_q2,71,137,1320,319,246,43,13,25,50,74,123,32,a0b29b6240d7ce2606a2d68771155179b0f287fa5571c7d9a7441d50537d5c38
niah_mq_q2,72,137,4266,869,802,40,41,81,161,241,401,87,2dc03ef2e901294451b2c3efd391f05c4a3d99cf4b23e6021811eb0ad0a78752
niah_mq_q2,73,137,1317,298,239,36,12,24,48,72,120,30,703b1fe3af497cc4b055cf10c874934f0e5262fe521bbc8994c56f9b8293f9b1
niah_mq_q2,74,137,1318,316,245,42,13,25,49,74,123,32,abaf8c391d5b43f054b514b62a25ad906e590ff3cbbe09fe172803a5aa34fcb5
niah_mq_q2,75,137,4268,863,800,38,40,80,160,240,400,87,3316cde99236ded762a3d7ad061f025dbf55c181bcc52b1d2080f9ab574a4b57
niah_mq_q2,76,137,4275,866,801,39,41,81,161,241,401,87,7d6249205d6d863ee663dc8dc2a25ce073b0b97d760ad023cd4777ef1c58de6b
niah_mq_q2,77,137,1313,313,244,41,13,25,49,74,122,32,593750e9e0d2cb6e4c6cffa7afdc084f469e363051ecfb73ab1bbd5922da09c6
niah_mq_q2,78,137,4276,866,801,39,41,81,161,241,401,87,23cf83d09d8b4d3cf08759845768dc219a04b4165e70d48165c9767310d507f7
niah_mq_q2,79,137,4272,866,801,39,41,81,161,241,401,87,f1a9bafb70374beb42099fa116aedb066133e477fa2c539456e2cca3610705ce
niah_mq_q2,80,137,1315,310,243,40,13,25,49,73,122,31,5e85aa0a71e24d94b1c31a8792ee2bf58566129052c7b0593e1a540fdf4cc39c
niah_mq_q2,81,137,1313,307,242,39,13,25,49,73,121,31,2301c5529e895503d49da25e4dde6daca4f9cc3b7bf10615cb33648613c213b0
niah_mq_q2,82,137,1306,304,241,38,13,25,49,73,121,31,f34ff8e2627c53dc6e5663dcb0713c296efff28146ab90b3373252189fef6d80
niah_mq_q2,83,137,1317,310,243,40,13,25,49,73,122,31,248bc29cf714f8ed5c4947bba278e77532c37ea0f86d3189a02a1c4cc22fa191
niah_mq_q2,84,137,4271,863,800,38,40,80,160,240,400,87,ae2bd5e212bffcef1df878405b0712ec664e0b11b5a138876005e5f4b95305a4
niah_mq_q2,85,137,4264,860,799,37,40,80,160,240,400,86,fb3a45b3b6260437942f8a25c19607e559caad7f5dbd9c8d88417e78492f0dbb
niah_mq_q2,86,137,1314,307,242,39,13,25,49,73,121,31,f40cec6ff6df893d169487b9b79f29baa4b13d61df5a43fa94005ab0a4a7c2b5
niah_mq_q2,87,137,4275,860,799,37,40,80,160,240,400,86,949569c9aa8591037068b9e9ab47bab5061f5b37261d9cd2aa1b31d5cea698ec
niah_mq_q2,88,137,4273,860,799,37,40,80,160,240,400,86,a4d5a7996375d5d7076c64629649d6d5e152d1a2918a533ca210e4b1dd3dc966
niah_mq_q2,89,137,1315,310,243,40,13,25,49,73,122,31,9afa7d15a3c693b8d9246b3e879580ac276b6b5cedd04eec1a620754c5ed1ee1
niah_mq_q2,90,137,1308,304,241,38,13,25,49,73,121,31,d2bfa9a64c5f9f8013a1b6ed9f6381c663d47a139c194cfa2302fb3d0bb47bd0
niah_mq_q2,91,137,1320,310,243,40,13,25,49,73,122,31,352a2704111c530ad0ea2a7164df65469e9705966b5c948899be803a0976db1e
niah_mq_q2,92,137,4268,866,801,39,41,81,161,241,401,87,077867872318ec059b71420d1c78ddf19010df7afeb8459eaeeb9f5c7b9e6e5e
niah_mq_q2,93,137,1313,301,240,37,12,24,48,72,120,31,5112715ef3a905e09f79a30fbe297d238297ae88967c49de13b52d0613375d72
niah_mq_q2,94,137,1314,304,241,38,13,25,49,73,121,31,9aa00cc0b049009638a04b49ee6b1d857b91838c87a1e24a168a5629b05fbc49
niah_mq_q2,95,137,1312,313,244,41,13,25,49,74,122,32,cd368406d657e23aa6bea721ee34d366df71e815a61bdc929f5e68c8238b4168
niah_mq_q2,96,137,1315,310,243,40,13,25,49,73,122,31,229e3ee16dc9c5ca46d0a2040d4aec8e31e30e58dbd89824bd7ae566ea37890a
niah_mq_q2,97,137,1309,307,242,39,13,25,49,73,121,31,47e0cb974db6ed3d4b3a205cf08a9fe7ee3d95b20677754672eb2e37bc1dca8f
niah_mq_q2,98,137,4270,872,803,41,41,81,161,241,402,88,9c99380a354d1a2d5ee44dd38593a27b469ed87027b02779914501492130c039
niah_mq_q2,99,137,1314,307,242,39,13,25,49,73,121,31,6a70757bac7d50c50a5e3ec45a8024e67e7819e8ff953b9f9206215ee6107d0c
niah_mq_q4,0,137,4071,856,779,77,39,78,156,234,390,86,8122d95d7d2cc13105a429c5432ddbf938e08325251ba028adf1125215a9b353
niah_mq_q4,1,137,4067,856,779,77,39,78,156,234,390,86,c1fbb25628da8e33fbe6f155189fa0f81bed9756ff089368851f98140051d5e9
niah_mq_q4,2,137,1163,302,219,80,11,22,44,66,110,31,a3af92e4c41602d017d6cffc5875c16c8e03be07753349ba3635ebf1b09dc891
niah_mq_q4,3,137,1159,305,220,81,11,22,44,66,110,31,bd68f3f8f58c631523b48dbc5ff54ce4390cdd3bb7b54b5a3585ec7daa861acd
niah_mq_q4,4,137,1159,299,218,79,11,22,44,66,109,30,03975285113e97653ddbb14c9b60b1bf063bbce4598ad136443212dfba13c672
niah_mq_q4,5,137,4072,856,779,77,39,78,156,234,390,86,d23830a0207cffd892a9dca69dec51a50b86779e5d56a8ca998981b9e0acf2c6
niah_mq_q4,6,137,4069,853,778,76,39,78,156,234,389,86,b0f54ce5816e56b1c1f3d1cafbd6fae510425b54f7f455abf46469d1ada2efc8
niah_mq_q4,7,137,4076,862,781,79,40,79,157,235,391,87,850b02bf12859b9b63d2ea8705b5790a5dcde5a65ac7b9b9353a9773015e9ec8
niah_mq_q4,8,137,4073,859,780,78,39,78,156,234,390,86,fbaf5d576eaab0167726fbef1275368d9482dfb3b9a1eda40405035a04630287
niah_mq_q4,9,137,4072,859,780,78,39,78,156,234,390,86,f59b04f68b9ac732db9ddb88a3a22b0dc0b2897217abd079c999913a4e708478
niah_mq_q4,10,137,4078,862,781,79,40,79,157,235,391,87,e75d9a2457c430dc5d68fc7387c4f54a47421c25f37271205ff3c883cd1f6c84
niah_mq_q4,11,137,4070,856,779,77,39,78,156,234,390,86,5e0aa475b0460adcffdf6e28871b963033b1a468b0dff3c7095768190217f4b8
niah_mq_q4,12,137,1151,302,219,80,11,22,44,66,110,31,4e30f5567bfd9aaf60ab16a561b66a084f09ae3cbcc66130115ff9507b6048b1
niah_mq_q4,13,137,4066,853,778,76,39,78,156,234,389,86,e7b43083c46e924f6ed9bf4a7b847b2e867b1a2c359aaf7f20eface6224b169d
niah_mq_q4,14,137,1155,296,217,78,11,22,44,66,109,30,d497acd5ec67d152099e171bc72014bef4cffac7941d4a67d579df1ab633e024
niah_mq_q4,15,137,1163,302,219,80,11,22,44,66,110,31,5886a70ffc64e6321744af2e516d2df1930a21393506c509d16294a38d63e86f
niah_mq_q4,16,137,4078,856,779,77,39,78,156,234,390,86,217041dd32beebe1c30c7a50d7ee4e4c19c8efa0be6355c0f9a16ce9f6acee7d
niah_mq_q4,17,137,4084,859,780,78,39,78,156,234,390,86,0d15d93ad448a29a293b553c0ffd026cb71c7786fcd85dc87b7429ce7f95d57f
niah_mq_q4,18,137,1160,299,218,79,11,22,44,66,109,30,e658ed6de65fef545f02e9d277ff81b116f684960261a7b3ccb511fd5b1607a5
niah_mq_q4,19,137,1174,296,217,78,11,22,44,66,109,30,7a6c2160c29d8b8ebbf7823fe4c0fc1a058898df98df116f8f7477c5fd34780d
niah_mq_q4,20,137,4068,856,779,77,39,78,156,234,390,86,877c9f49b5788e51942c1b0cce33669363e9eff9412d754a6dca417d46a9d671
niah_mq_q4,21,137,4072,859,780,78,39,78,156,234,390,86,7e113569b5ea2dbb6378ed91b0da1c764bafb7eb53fa2634558830850127cf76
niah_mq_q4,22,137,4074,853,778,76,39,78,156,234,389,86,e1eb76a9c53ea92030c6fc7bb1c928231a3618bd82c44970224403d43f5b05b8
niah_mq_q4,23,137,1167,296,217,78,11,22,44,66,109,30,01b9e31861efc3505e1122c7fa76b51404a5b108b3b7cb649e51997d040b89b0
niah_mq_q4,24,137,4064,859,780,78,39,78,156,234,390,86,e447fdb73b629fa871d6c70349ae453b785f59c503cb0040828ec3998c856378
niah_mq_q4,25,137,4075,850,777,75,39,78,156,234,389,85,be56703279d3485bdb54de893eb8ad985033f6817b6dd1c8fb7b91bff0e6822e
niah_mq_q4,26,137,4088,862,781,79,40,79,157,235,391,87,255adcaea43744775c94f336ba964b782a37fcf229df0bbbeba9dcdb3cc02549
niah_mq_q4,27,137,4074,856,779,77,39,78,156,234,390,86,bd7c0f4ba6be688007d7e1ab7f0fe04c161de9844662ba0f48d09cb2542d1176
niah_mq_q4,28,137,4082,862,781,79,40,79,157,235,391,87,a4dfc2b8747b45498e22cf7d9e20ad0cb6097f2376776098307ae15c76f3bb6e
niah_mq_q4,29,137,1152,293,216,77,11,22,44,65,108,30,7e99f37434d1772ca24fe71381b2f4bdd7978df7f0b4c109fc0bc99447d9020d
niah_mq_q4,30,137,1164,305,220,81,11,22,44,66,110,31,471e52a17968fdae6fb2c23f2f31488798b50147f6e6b285dc4219ae36f5b906
niah_mq_q4,31,137,4077,865,782,80,40,79,157,235,391,87,7580b58c86f19f82ee482c1593889151651d0f3a2ca3bef44c9651e0e1e04677
niah_mq_q4,32,137,1155,299,218,79,11,22,44,66,109,30,2b7be4d14c9000ab7b8d84d09bb4e0508e458dac9709c49faf27d1127f3768b8
niah_mq_q4,33,137,4071,853,778,76,39,78,156,234,389,86,529078adb044c4a452f3e7f64ab3bec05bf9f6eb01578a89e598ab25047f2f89
niah_mq_q4,34,137,4069,859,780,78,39,78,156,234,390,86,f402f92445557a5c4218aff70c71908212a1ad7db0ec2c31d6d533c9c370b28e
niah_mq_q4,35,137,1160,305,220,81,11,22,44,66,110,31,b26fa8bc1db4edc5d08fa245597decc1a2d239cc03a08cdb2a0c26990eda3343
niah_mq_q4,36,137,4085,850,777,75,39,78,156,234,389,85,3ee5016dc269ddc205b625c6cf30a881c58685b2baddeed38bb9f2698a74a81c
niah_mq_q4,37,137,4075,859,780,78,39,78,156,234,390,86,1e0bb522b96253681d2cf64990b2ed2ac4ce2e7921aa83560e646c97d3453fc5
niah_mq_q4,38,137,1154,296,217,78,11,22,44,66,109,30,bf42c5c96a7ec8a47278fd816ce9e1d68088c33179c375f303a020919fb005f4
niah_mq_q4,39,137,1171,296,217,78,11,22,44,66,109,30,05aa1efa0da663737d3e09a31323974f262f674e6ca918c389ea55b3029f162c
niah_mq_q4,40,137,4070,859,780,78,39,78,156,234,390,86,f476b5d2dfa90504b54fbab47eb9517348e9111b48ba7321e2c74ff4724a0820
niah_mq_q4,41,137,4080,868,783,81,40,79,157,235,392,87,b8abe463fca18abb3ba42c605ee6ebac90f39290ec9e738fa1bd775384abbd8d
niah_mq_q4,42,137,1151,299,218,79,11,22,44,66,109,30,526e71491de7d199b60ac3472724d6cd2c092714c41cd17a03dcbff9990ae471
niah_mq_q4,43,137,1151,293,216,77,11,22,44,65,108,30,08b7703a2f492f4d7b44ae7baccd0fb3c68b54b4ff1359972f356807fac1fcf2
niah_mq_q4,44,137,4077,856,779,77,39,78,156,234,390,86,49dc51a9fa57093a829d18f02268eb34c3655be9fd3a871a6e424ba3d06ad01b
niah_mq_q4,45,137,4077,856,779,77,39,78,156,234,390,86,738684266bf813b700083cba83b78325da14a848bb69ff521631f64a5258c6ce
niah_mq_q4,46,137,4084,859,780,78,39,78,156,234,390,86,f4aef188394275e09f74f4a81bcf4a428a73f386c1606b83f49489336c9e0e1b
niah_mq_q4,47,137,4072,856,779,77,39,78,156,234,390,86,cd2613449727e9702a7631b86544bc5f076465ca0dffdd6da257d15a79d31735
niah_mq_q4,48,137,4078,862,781,79,40,79,157,235,391,87,f1d5299ab7fd81ca3da2c9226b3e3a737296ad5928b914d041ff7d5dcc658c62
niah_mq_q4,49,137,1150,308,221,82,12,23,45,67,111,31,8a3174d31eb3434b4affba990ea38e557e0615ef97012f98f5556f5dc31228bf
niah_mq_q4,50,137,4083,859,780,78,39,78,156,234,390,86,3849b5030558bd9811314c45482a413475ede9675fe47b7a83adb7523bc4eb3c
niah_mq_q4,51,137,4062,859,780,78,39,78,156,234,390,86,b5b974203778ae4808d68d8f06f74d6e2ff7c36ffa0a69d0124d24ac83d19760
niah_mq_q4,52,137,1160,305,220,81,11,22,44,66,110,31,68a60360e13507dd01b12644fc53436c7076332cc84530cb290cb1014bc556e3
niah_mq_q4,53,137,1149,296,217,78,11,22,44,66,109,30,44e6034c7f5904c6c46f13eca8538cf1271fc1a8cb07882427d6caf70c53bcf3
niah_mq_q4,54,137,1154,299,218,79,11,22,44,66,109,30,3028c6fdc9e0e75c7c14340d3712e6d6c0de596d596e4e4d76ad83966daa417d
niah_mq_q4,55,137,4082,862,781,79,40,79,157,235,391,87,eb8f57e1c12e309692b1f8070a7983326437d338c113e0f186b7e7b0bb6fdba2
niah_mq_q4,56,137,1154,302,219,80,11,22,44,66,110,31,9a8bba672b84ba8dfb5e3e2d68b7c9bc341853b8fb96cbe72609b6f3d3175b06
niah_mq_q4,57,137,4067,853,778,76,39,78,156,234,389,86,6c0512cdd54cf4928bcd510dd9bde8fb53616fb8f635c5604e244f6627f19a95
niah_mq_q4,58,137,4073,865,782,80,40,79,157,235,391,87,cc39557338fd5a4fc2c5fe47f20b9550d6bfa0899094012951e42d6b6271da8e
niah_mq_q4,59,137,4070,862,781,79,40,79,157,235,391,87,1571250e75f24bba4a3271d278a71b3eef7ddcceb71fae6b5b86842d22de72ae
niah_mq_q4,60,137,4080,862,781,79,40,79,157,235,391,87,1ddd3f450c04f7a258e388195f02d5550655ddb5fc184f6e558a0202991f2926
niah_mq_q4,61,137,4069,862,781,79,40,79,157,235,391,87,0103edc5cba54b3dd1d5b2ac485ce2403bcb9d97c6d53f12a2dbe878117ac35d
niah_mq_q4,62,137,4075,859,780,78,39,78,156,234,390,86,dc627add511c2b0885a8365055411f8bc92d47dafc9bb32cf9fb1e1bbc564a7a
niah_mq_q4,63,137,4072,862,781,79,40,79,157,235,391,87,a47f2c9d77908f69b5dd4094bc6ad253ce3991f2e07cf23ca6ba1cfbc1257415
niah_mq_q4,64,137,4074,862,781,79,40,79,157,235,391,87,bd48f395180e55366a6e364b24452484b93d1a9e7879c28520afb5ac1bc8b9e5
niah_mq_q4,65,137,1156,296,217,78,11,22,44,66,109,30,c4a2da279c5bfdd0ea9eff8e97d6314241058a057dede6c29daffb3ba9404831
niah_mq_q4,66,137,4083,862,781,79,40,79,157,235,391,87,2fde8c1c7208bbd9610d7632b81691613469a6a7773cd69bd7d643c811749906
niah_mq_q4,67,137,4072,865,782,80,40,79,157,235,391,87,7937e053c4ec051dc422604cba15751295b629c827e810509b9cc31b5e869ae1
niah_mq_q4,68,137,1156,299,218,79,11,22,44,66,109,30,eec78ec5cee8e9ff83067837f588c79290d3816f480c64c3b8ebd98a8e9581fc
niah_mq_q4,69,137,4082,862,781,79,40,79,157,235,391,87,61bd114f2b0e99d17c3816a95dd0b1ca3bef7fff4bcba1a2b94400b8ea36a73d
niah_mq_q4,70,137,1152,302,219,80,11,22,44,66,110,31,66f57aa9c5fa63f796d9427d2fd45176ec00c06771cc8ed8e61c80f2edda3b4a
niah_mq_q4,71,137,4075,859,780,78,39,78,156,234,390,86,ba666477039f77843dd5d8438cc7baeae88c09fb3c5aa7871480a5dfc54eb02c
niah_mq_q4,72,137,4073,862,781,79,40,79,157,235,391,87,2824132d9c2bda77f307672722a397c305d61464352919af73da925ad1f6e5be
niah_mq_q4,73,137,4078,859,780,78,39,78,156,234,390,86,de7dc27fad4d9292091bbaca2b41593625088b2cf7b67107f906ea5e788ebd4a
niah_mq_q4,74,137,4074,856,779,77,39,78,156,234,390,86,2360752105d275cda6658c836ce37e7f294f39279068af1f28a755114c34aa5b
niah_mq_q4,75,137,4080,862,781,79,40,79,157,235,391,87,5dda484c6a243e1f84e13b88fd46531f6a157513eb372af779d3707416f98f16
niah_mq_q4,76,137,4076,862,781,79,40,79,157,235,391,87,252a1f5c8d20c157f5b8aac3a17f5a84480689f5248b990a51f4f11847701b49
niah_mq_q4,77,137,4083,871,784,82,40,79,157,236,392,88,416c64b5f8a21ecdda99a900c6a4f819067a23a78c29ecfa178c3481261429b3
niah_mq_q4,78,137,4073,859,780,78,39,78,156,234,390,86,56120f049858e36e214d1c84f2468822f12f9489a4c4fe8a46f9fcc3eaa06613
niah_mq_q4,79,137,4076,865,782,80,40,79,157,235,391,87,67b304765e87d4f5e96a46fa8716984797aef0cc0d3966dd2faa533688116ed2
niah_mq_q4,80,137,1151,302,219,80,11,22,44,66,110,31,f04045831ff406500c5682f036de59285ff7ce917313acab215ab7fd51c6036f
niah_mq_q4,81,137,4073,865,782,80,40,79,157,235,391,87,752c236e07f0ec054300ad058df5f9aeb3eef0cbd6fdaa30c35d957e8af5b355
niah_mq_q4,82,137,4075,865,782,80,40,79,157,235,391,87,f1c35738895186300f69113455074b9034c7307637d363b51c8a12724511c444
niah_mq_q4,83,137,1160,293,216,77,11,22,44,65,108,30,bc56093a845f8dabc9c6accd2ee530bc375aa2318f68259984d107176a63db6d
niah_mq_q4,84,137,4073,859,780,78,39,78,156,234,390,86,d4765d5f430f760f26f8cc06f643866557b01a123b752e97a3371ff87ea0bf40
niah_mq_q4,85,137,4065,856,779,77,39,78,156,234,390,86,0fd494efcb47ef81fc1d03cf43038a42d9690596750933e86d7c0381a0f15bfe
niah_mq_q4,86,137,4084,856,779,77,39,78,156,234,390,86,04b0ebf676df05868c7a450b8af7fc900493faf3326a874c651909b169d000bc
niah_mq_q4,87,137,4077,862,781,79,40,79,157,235,391,87,d8c69451e0a60633cbdd1ed848ce8ac2abe4fda14705784449b944960cae400e
niah_mq_q4,88,137,4077,862,781,79,40,79,157,235,391,87,13755d401c411af3b9974edbd62b1be14cb8ee9be7cb2945f9f66eecc63ef4f0
niah_mq_q4,89,137,4079,859,780,78,39,78,156,234,390,86,e41fe8b8ea8f311663745900c394d68ba48fb976b685ffcdbc1c1f1ca2c46a6c
niah_mq_q4,90,137,4074,853,778,76,39,78,156,234,389,86,5d3ae5a07dc3d3e031e1ddba23189775bab747cebfc5523a402000d6fc4e679f
niah_mq_q4,91,137,4082,871,784,82,40,79,157,236,392,88,e60ab3b4222d09fb2f27d16f589515d91608bb5e41ed1cb42a0f60ed339ffc4b
niah_mq_q4,92,137,4074,859,780,78,39,78,156,234,390,86,d2babe05708ccfab7c66e22869d146c24d5e994f1417c29583677f8891355823
niah_mq_q4,93,137,4072,865,782,80,40,79,157,235,391,87,9a3595056220722c8eee79f4308b1bb8b2b9c16e9670fd64704c6fbaa01f3b9d
niah_mq_q4,94,137,1164,305,220,81,11,22,44,66,110,31,89cc5faf6f1e80bcbc2214698eefae471a17701d03af6bede6a911ae81de31bb
niah_mq_q4,95,137,1156,290,215,76,11,22,43,65,108,29,c627de79549cd1812fc6c67467a74ffef8c5f8f02433aa49e0fde316f4e737df
niah_mq_q4,96,137,1151,308,221,82,12,23,45,67,111,31,28595505757f9d79974bc66572711b6978ca448b47e703fd81cd9824b3d8d047
niah_mq_q4,97,137,1167,317,224,85,12,23,45,68,112,32,702d50e475760b10474a5c06f69c51d78dd5a9803d331551115ecffaf8edec82
niah_mq_q4,98,137,4087,868,783,81,40,79,157,235,392,87,d72cecfd87914f4c514b4b05ac7b39276b983edfa526ca85361e9150b573625e
niah_mq_q4,99,137,4078,862,781,79,40,79,157,235,391,87,60e0949ffde855ec71882fea547008cfe3afa66164dfe4c51cc51467865cf2dd
niah_mq_q8,0,137,907,324,205,162,11,21,41,62,103,33,2e3ea40da914d4e8206b3b57bb2fd0a7eaf2de44867ab15a18b141a68b561032
niah_mq_q8,1,137,883,312,201,158,11,21,41,61,101,32,75c8929b0ee0d5b2f68107fc471ce3f17df1869a79b98f5232fd4c883b91e8ef
niah_mq_q8,2,137,893,303,198,155,10,20,40,60,99,31,94c7f89de0f2261d219dd6d009465edb53bd2900c31b0dcfa9881ee6dfdca745
niah_mq_q8,3,137,905,318,203,160,11,21,41,61,102,32,5398925172bad5b7e3be1550e94e9cbde2f2b7d2d538bb85f95e0f5787530cf1
niah_mq_q8,4,137,909,312,201,158,11,21,41,61,101,32,d2d793484553513705bb9729d5687d3881017b4f87fd5aba2d2b3cf7faeaba40
niah_mq_q8,5,137,894,312,201,158,11,21,41,61,101,32,a7e583556cd9f68097a20715b24856a3cae9ec35075756251cf31dc77978dbef
niah_mq_q8,6,137,897,318,203,160,11,21,41,61,102,32,308be3fe811b9f5d42a01e9d9646e06dbb4569b499a921b79bbc75de52d57d1f
niah_mq_q8,7,137,889,315,202,159,11,21,41,61,101,32,8c515e099f09ac0e76aff3c30df13376ba6924b668a9b6f0cc0a9e06fd711b39
niah_mq_q8,8,137,900,318,203,160,11,21,41,61,102,32,db14d0dd28cbb8760a9e0a14eb1e6b756ed123500560c5f20cfcff7a63e4a337
niah_mq_q8,9,137,3853,864,765,152,39,77,153,230,383,87,9ed9bc62b6ab6a8d1567c899640480cf7bcaf1a76c94286df3eeaadb16f75e41
niah_mq_q8,10,137,898,318,203,160,11,21,41,61,102,32,4bb16f86fba5fcc4d5453ea0821b966eb724d129290c502225cd8a4be1d55073
niah_mq_q8,11,137,905,315,202,159,11,21,41,61,101,32,4f3a8bcf703ae2311aee271a12237cfebf690e145cad801eec55260cc89ffdab
niah_mq_q8,12,137,912,309,200,157,10,20,40,60,100,31,c82551a13ab3a148c2e5b245a6965ef7822c40608aa1956a9c6a097011a9f876
niah_mq_q8,13,137,908,318,203,160,11,21,41,61,102,32,bd6b8da24e1d09ad9500e45cebb21fa34e827bbacdbaf13bea805b404555b9a1
niah_mq_q8,14,137,3850,867,766,153,39,77,154,230,383,87,cd1d99c6d50d0ec585924d5cbd25ed38943f45c74a17c0805eaeb74f85f92b66
niah_mq_q8,15,137,3863,870,767,154,39,77,154,231,384,87,630a8f07c930791396788a1dd967d1357d8b0b6477b722d51452a2b54758d3c9
niah_mq_q8,16,137,898,306,199,156,10,20,40,60,100,31,6ad385503e51cd91dce23453a476cf2dd0b4aba1abc715ec31991c726cdc0805
niah_mq_q8,17,137,920,318,203,160,11,21,41,61,102,32,70278af986742799685a6c95848b42b4a4040cab91f7f7b82d17e75fb1e55860
niah_mq_q8,18,137,919,318,203,160,11,21,41,61,102,32,e6f86f3e7c1d9a288513cedb5b9948888fb42bda063949bd7ce09532f0bbc4f7
niah_mq_q8,19,137,892,321,204,161,11,21,41,62,102,33,10d01fc06653254d8daac795d997bcd82d8cb99df0060d67fe55b155390e23e7
niah_mq_q8,20,137,882,309,200,157,10,20,40,60,100,31,2d96cfdbf3d3f33ee6097e41d85b134a4dff4453961ae36b313113e933d66c0c
niah_mq_q8,21,137,898,309,200,157,10,20,40,60,100,31,8b461f7b2cf008aa255c4954e409db7c3530bcb70eb6ec87c338fa53a36e6560
niah_mq_q8,22,137,886,306,199,156,10,20,40,60,100,31,639a6f033f65a33c2785da247f5ec66a64147d492d2bcae6cafccdf69506c81d
niah_mq_q8,23,137,904,306,199,156,10,20,40,60,100,31,b558488dbcc08266904e61fa146a6adc62054852844e239870c98c97597dd6f4
niah_mq_q8,24,137,895,309,200,157,10,20,40,60,100,31,ef22fcf23861cf3ab2e4ffba4fb50015472f6190ca873042171cdadc53db1f68
niah_mq_q8,25,137,900,315,202,159,11,21,41,61,101,32,b4846adfc9eb4d6aa0c2056e4f7ce80d8b38206ae0cfdbba82ec4f49c2052ce0
niah_mq_q8,26,137,905,306,199,156,10,20,40,60,100,31,78d55bb4bfd53d27287acd870c5038cd542ab1f2e9f9784fbacb3ec9f7c93615
niah_mq_q8,27,137,894,315,202,159,11,21,41,61,101,32,5fb189554bdb4a549f6b79e6f746988de2eaab879205b2661e6e16240da9b212
niah_mq_q8,28,137,912,315,202,159,11,21,41,61,101,32,63da3bd597d6f8270c5dfcb999a09e70c23533136ac5c20b74037718fc6caa25
niah_mq_q8,29,137,897,309,200,157,10,20,40,60,100,31,88621d0f853f2c37c81c1d70f5157cb6acc2dcf7062c101b299a8b2a32248630
niah_mq_q8,30,137,904,324,205,162,11,21,41,62,103,33,3bcef04b2d80b7d9d7ad62e11997f6e89dd92d7ed31a2acccde5c47ee8be1fbb
niah_mq_q8,31,137,909,312,201,158,11,21,41,61,101,32,5a5de34e0a99ecbfc4f19f871cf31bf223ebc8008b9ea66d0f6d7e085c482dae
niah_mq_q8,32,137,916,333,208,165,11,21,42,63,104,34,4768e4ab8d11824c5e669d2b164da68fe0c9cc15ab13b9c2ae8704cac09560a2
niah_mq_q8,33,137,913,303,198,155,10,20,40,60,99,31,2460be4b811c8326c102d5a929230b74bee6d0ee3df3c6ec3497b6c0b3e7a092
niah_mq_q8,34,137,905,333,208,165,11,21,42,63,104,34,f4e2d83dd25bb98636250c165c4181ba722853696a3a9f09b481579b9313a749
niah_mq_q8,35,137,898,309,200,157,10,20,40,60,100,31,2327456bff9e525cb27db23a153025bb48d6c439bc621d3a776fab050951026f
niah_mq_q8,36,137,894,306,199,156,10,20,40,60,100,31,a70a6b55ba5f03f024033e3a9029fa80d85c8520af33de9c2fef00f3e366101a
niah_mq_q8,37,137,886,303,198,155,10,20,40,60,99,31,318c247f6352be0d1d2ae8168b234f5fd239130716d6102e554c9318597d270d
niah_mq_q8,38,137,906,318,203,160,11,21,41,61,102,32,98e0bef72d96e55a4da9e4700509ca9a594abaa29be6453720e60106c231562a
niah_mq_q8,39,137,903,312,201,158,11,21,41,61,101,32,0026002b5390b3a74b004c7d25524544f2c186184572afa894de6329f6009326
niah_mq_q8,40,137,895,321,204,161,11,21,41,62,102,33,9ba1d61cb7c7d1360dc4010631840578727c11b24c4eaa7ae7f57e869e5c1bec
niah_mq_q8,41,137,894,294,195,152,10,20,39,59,98,30,f5d67d0e1904084735d3105f9a4cc93323c56949772d926cb453d0cf1b8e4e5e
niah_mq_q8,42,137,897,315,202,159,11,21,41,61,101,32,e5d7b009a72c53958395703669d550183fc764ac418d5f00c4aea93b3df4805b
niah_mq_q8,43,137,3847,873,768,155,39,77,154,231,384,88,358c9c03c464b483bf6063d2946f4d82ec0c234ece0f553a5f0db5e5b0f468e4
niah_mq_q8,44,137,901,321,204,161,11,21,41,62,102,33,e5931a5446181bbbe82f307951f308b0135d920db0e0eafa6148620393d86bd0
niah_mq_q8,45,137,896,306,199,156,10,20,40,60,100,31,7c1773ebed435545d97b6123aa17a4cfebac313602300178b9b61b425a741fed
niah_mq_q8,46,137,883,309,200,157,10,20,40,60,100,31,e86da0b9718e67533979ce35991ede65472925b42a72c1abf250569a022e1665
niah_mq_q8,47,137,893,306,199,156,10,20,40,60,100,31,fc3be45fe24c1457a79578bb950e31602abe040cd2193456a1232418efc5f2dc
niah_mq_q8,48,137,913,318,203,160,11,21,41,61,102,32,ec6920e328853aee738f7d1bcf5329352254512a4aa6bd1fd419e342fe2aa058
niah_mq_q8,49,137,896,312,201,158,11,21,41,61,101,32,de0cdeb372b758b8e45a837b13cd04fbcbb3f855f348227326c5c83266c66860
niah_mq_q8,50,137,892,312,201,158,11,21,41,61,101,32,12a0b02bf43a859928a8776272804963b4037553b4bf976cb40191ebf8ed1e04
niah_mq_q8,51,137,900,306,199,156,10,20,40,60,100,31,b359b56730cc35e30797959e9a497d437715e6acd4462bf13b90e6cd74340471
niah_mq_q8,52,137,899,315,202,159,11,21,41,61,101,32,4ac7fb36fe68be47f11f3e4c136ad46f4506816886e0a3eb3c6001b4aaf0986c
niah_mq_q8,53,137,886,312,201,158,11,21,41,61,101,32,b9e2612f5cce125172637da3a50b967462327b17e446f1bbc3e6150ab28cd945
niah_mq_q8,54,137,900,327,206,163,11,21,42,62,103,33,65ed3d6d213976ec6d8dd999454f58d1ff4860d2da723801e139ddda83f538cb
niah_mq_q8,55,137,898,318,203,160,11,21,41,61,102,32,5abc1a43487b1d01de81478444fb1392e23bfcd14cd4dcc12baca524553092c3
niah_mq_q8,56,137,906,315,202,159,11,21,41,61,101,32,eb1e1a020f174454d829bfcb3b9e8ea54be0a98723fa0f62798acbc22f1713ea
niah_mq_q8,57,137,882,300,197,154,10,20,40,60,99,30,b787fe0386452d989cefcf27dacd888bb7443e6182f92279d1d97fbe9bfbb81e
niah_mq_q8,58,137,901,318,203,160,11,21,41,61,102,32,d331482320c0af5c55484670fc2f1acf9c7694983c73208cdb3af660a07ba788
niah_mq_q8,59,137,884,297,196,153,10,20,40,59,98,30,1079f130f33c272ff5a596407e922779e94142bbe4d602d8d07162d9e37bb4fb
niah_mq_q8,60,137,891,306,199,156,10,20,40,60,100,31,61ab9a2af1f4787ca55046a6c032d4ca173ff4a4a58cc4c81e620587203f0824
niah_mq_q8,61,137,899,315,202,159,11,21,41,61,101,32,1ca8a92a6f10f2b149c764da5f4798f0d7c1dc81de8889f9adb7b1fb7b584401
niah_mq_q8,62,137,899,315,202,159,11,21,41,61,101,32,9c10e25309c7b40adbb43ea3837f2fe03fb1cc300cfc57b33425c02f816802d5
niah_mq_q8,63,137,907,333,208,165,11,21,42,63,104,34,90a8f4274d19f15aa3c0fd930aad8d74495cc3c2d7f824cd14f7e0cc59bd56c2
niah_mq_q8,64,137,902,321,204,161,11,21,41,62,102,33,9f56edca7c877bd9bb97ae95067680a544b29ddcba73353640528c2900595685
niah_mq_q8,65,137,915,315,202,159,11,21,41,61,101,32,836a2fdab38e7a6113ef767cfe0921c5cfd37283612b8b1d1b6561865ed60e23
niah_mq_q8,66,137,907,321,204,161,11,21,41,62,102,33,d12b5606b8da44cb9acb963f5967cc6bc65afbc009c365aedd50d280f0bea0d8
niah_mq_q8,67,137,913,309,200,157,10,20,40,60,100,31,e5dee759234b3f10125a82e60f604aa8461824cbd68f2d5cb2ce5fde7f405171
niah_mq_q8,68,137,900,318,203,160,11,21,41,61,102,32,3d8f7a3fd65d03ee6426fba44f04da569f5a720f1ed5bc5a164ff08320f19231
niah_mq_q8,69,137,918,318,203,160,11,21,41,61,102,32,f169a40077b09f04ca3569730ebc2cf3bbd018ef82012facb19ccb306207322b
niah_mq_q8,70,137,900,330,207,164,11,21,42,63,104,33,88bfdd0bb07b6751f990d85406ee9109944756dd5ca2bbdc630c225a1ee5f5da
niah_mq_q8,71,137,892,318,203,160,11,21,41,61,102,32,5d80f247184eba178abe6c2aa8f4acc5fab91b8cb081be0ee52dcb7dc3ad675a
niah_mq_q8,72,137,912,321,204,161,11,21,41,62,102,33,bcbbd812001f61cab6dd2ca6732045ef04a3dffbc4066481c5908a277262a6c2
niah_mq_q8,73,137,897,309,200,157,10,20,40,60,100,31,7841bad628e18b1e7bc7cd2a0d976aa1275f0b44870ba2693782a55704d1de28
niah_mq_q8,74,137,3878,867,766,153,39,77,154,230,383,87,5034acdce26af4e59d832625e85fcfa7c097f6e90503f8237c641f46560cea43
niah_mq_q8,75,137,905,324,205,162,11,21,41,62,103,33,7adbcbf2c9ea1e749d63fc2055c6f934a757c3d268b375393fd501a5665ac909
niah_mq_q8,76,137,909,312,201,158,11,21,41,61,101,32,37fd3a243ba4efdbe1e7a98a11415d19db649c19968c1e9e0b92ac1eba803b15
niah_mq_q8,77,137,903,315,202,159,11,21,41,61,101,32,02dbdc27125fb81ea456580b19fa2891df6f67f14e8570fbf7ec934e87eab05a
niah_mq_q8,78,137,894,318,203,160,11,21,41,61,102,32,5f56b2da290edb9a059a95bb4becf0ec0000c4ea5ecb4085a9196ac1299670d4
niah_mq_q8,79,137,898,303,198,155,10,20,40,60,99,31,3189e3814608e20d61052145ae2dc49cae6050ff2daa9a6bf272580d51bb0010
niah_mq_q8,80,137,896,321,204,161,11,21,41,62,102,33,beafaea3f62a8a6d2ff9c1bb07c122f99c4240d37bc046d4cf8038086f94ad7a
niah_mq_q8,81,137,898,303,198,155,10,20,40,60,99,31,1b7d7508ac6bc5ce97574ff2b6a356e0a0584ba8b6475de118cdd30a5ab5135d
niah_mq_q8,82,137,894,321,204,161,11,21,41,62,102,33,f59527de36e02f0a09c60eaf79c58137d4e835f768a91300a4df13da7e13243f
niah_mq_q8,83,137,886,300,197,154,10,20,40,60,99,30,62570265e53369875b05af1b1a11f44b6848d0fe99454baf4d3efb923d0cf41a
niah_mq_q8,84,137,904,309,200,157,10,20,40,60,100,31,4448e5143e6d989e6216f7932f02908c1dad36ba365b225514ea28830f5c6b3a
niah_mq_q8,85,137,901,318,203,160,11,21,41,61,102,32,d8733222744217a8e40877e4beac5bd1e0e4883141bd262c5c9bab0ab79d996a
niah_mq_q8,86,137,897,315,202,159,11,21,41,61,101,32,139f052832559055d94425ac475d097c0bb78a96722e6d4f2bd7d65d7f053243
niah_mq_q8,87,137,895,309,200,157,10,20,40,60,100,31,b9e5c6fc83cc2b43a1691a56d9af63cf54895c9780040b034f523807ee36af94
niah_mq_q8,88,137,885,306,199,156,10,20,40,60,100,31,864e58db538f33c9da471a0fa146c40965e78c9854475a622e299450448beff8
niah_mq_q8,89,137,918,312,201,158,11,21,41,61,101,32,28525b921d8fd97d3cceabc6e38fdbccf7e750a83d52f042d97713b33f9fdcb8
niah_mq_q8,90,137,903,324,205,162,11,21,41,62,103,33,0607526a6763bf6538b9b3697251cfbfbc0bacd858d664e8f8c9d7841e3f9960
niah_mq_q8,91,137,905,324,205,162,11,21,41,62,103,33,c39b9e8504850a7d7f1b7e8dbbda3e08caf294c02853d54cc1819e5594199441
niah_mq_q8,92,137,3867,864,765,152,39,77,153,230,383,87,658c28ac31a44da5b511b825b35e6d2e0230ce6bfb2db8157af191df8066699f
niah_mq_q8,93,137,906,318,203,160,11,21,41,61,102,32,c737d7275a584444985d47f0223a554df54610f74d2ba6e07ef90560e06d1b63
niah_mq_q8,94,137,905,306,199,156,10,20,40,60,100,31,186faa6c13b620212ec68175da40ac1fb16d6738d69ce541fef3cc0b36f14f40
niah_mq_q8,95,137,903,300,197,154,10,20,40,60,99,30,9103e57a1d4b1974fe808a292f1d69e3951b18571dd1ecc26abda1927b89cf00
niah_mq_q8,96,137,913,312,201,158,11,21,41,61,101,32,eec5e255a7bbc82320a949228c0544a2c135ac18f18498f32267eeaf79a13d0a
niah_mq_q8,97,137,910,321,204,161,11,21,41,62,102,33,cd7020441863c5e32e65391576171d6dd8ed92f68bd23fda4d812029e6be5bae
niah_mq_q8,98,137,897,297,196,153,10,20,40,59,98,30,68c5784fb9dfddd286deb6832674121f3a7764966121d6429054cc4d352a14c2
niah_mq_q8,99,137,895,306,199,156,10,20,40,60,100,31,b7f8e9352707446010446a7bfaa4c704f15ebde2db61fc54900b677461ac965d
niah_mv_v2,0,137,4311,867,812,38,41,82,163,244,406,87,bc0db62f69219ded6a79a2c37738e207e9b579bab55a39c86e6f990615d48e08
niah_mv_v2,1,137,4311,867,812,38,41,82,163,244,406,87,bb6d7aeb121f31bdf7511358f75fa68ae88134d7997512dba051bdad7e93703d
niah_mv_v2,2,137,4325,863,810,36,41,81,162,243,405,87,fd4da63fa9b36e32ec0fe75906605ca6e84e6ec6967a2a507e23375b2d4cf04a
niah_mv_v2,3,137,4311,867,812,38,41,82,163,244,406,87,13fadd80a54eb3ba5e6d519cfe380f8d25a59e2f6c26d937d26a10ad790c9662
niah_mv_v2,4,137,1370,310,253,40,13,26,51,76,127,31,2423a52eb4ce8eea57c614ead200dbb8b93859d514f6429b924268caf6196ea0
niah_mv_v2,5,137,4311,867,812,38,41,82,163,244,406,87,39861caf68d622ed8c4ad6a84967572cb09f6a047d8d755b2e960e7afaaf3926
niah_mv_v2,6,137,4303,863,810,36,41,81,162,243,405,87,fbc074fbfb03862b39b7b9ecc3e916f593bcc0326ac4ad04e238bdb6ad34bde5
niah_mv_v2,7,137,4309,867,812,38,41,82,163,244,406,87,086a0dbbd2dd67f1a875962b08249af1ff493d144524a35a0b5f4b13c6992a10
niah_mv_v2,8,137,1381,314,255,42,13,26,51,77,128,32,49700b7ce5e0a583c655948b7b4e688a5715f1cf14da481a78d560a54ebb1652
niah_mv_v2,9,137,1376,306,251,38,13,26,51,76,126,31,aa936f5ff11c5f8f76d0d885561597ec4b83af6a3b0d46e6774314355e1b8c8e
niah_mv_v2,10,137,4319,863,810,36,41,81,162,243,405,87,12a8da2838035e25bb15eb4fcaa01e27122664937f857163d6f49fcbccf4c780
niah_mv_v2,11,137,1372,302,249,36,13,25,50,75,125,31,435287f13e6871db997f70a21274d68ee2e65f9c4635d14eec3b239f3b3b5c1f
niah_mv_v2,12,137,4321,871,814,40,41,82,163,245,407,88,0b55203de0ef84b487dd21a6e4f54c9737351317e6d20cb7a9185a46d75ac020
niah_mv_v2,13,137,4309,867,812,38,41,82,163,244,406,87,426167235be6b1a4ea84874e44e934317119764df855ec8c42d1cd18e626dcdb
niah_mv_v2,14,137,4309,863,810,36,41,81,162,243,405,87,84dc2d3253166eb9ab17a9a81deb3a21822fba77ead4e5ab381e3e3d5cd17502
niah_mv_v2,15,137,1368,306,251,38,13,26,51,76,126,31,5e75cf566f2384142504c1fe86e5a9eccac1e644ba36a30e9796dfb1c2489de8
niah_mv_v2,16,137,4319,867,812,38,41,82,163,244,406,87,6b1a3097500e9c765190840262554e597569fbb78fce2f5dfc363d59e7c94c86
niah_mv_v2,17,137,1384,314,255,42,13,26,51,77,128,32,577f3e3c695398fdf1ef04b502b58deec361ca10ec6beb3f9805edeedb6a7b97
niah_mv_v2,18,137,1364,306,251,38,13,26,51,76,126,31,4900e5d4a8dc1650e73ebc6aedc5df2e60f382aa66c9de12c5275a7d49077bd5
niah_mv_v2,19,137,4313,867,812,38,41,82,163,244,406,87,bdb82b0825814f413f0cefb84c3d0e5d87c228a2290878c5b8f63e6d5444b37e
niah_mv_v2,20,137,1378,318,257,44,13,26,52,78,129,32,88e2755fc169cfc7f0583a57b33061907891662b568ec7929dc2548467744d6b
niah_mv_v2,21,137,4313,863,810,36,41,81,162,243,405,87,b1f0a5568696285e2e7a326b66c3f0086ed20330ddd881980fc04905cf7b806f
niah_mv_v2,22,137,1382,314,255,42,13,26,51,77,128,32,4c11daca06d6e853aae15c9f3accd5fa43fea2795f59bdd2de8962fb1d55303f
niah_mv_v2,23,137,1385,314,255,42,13,26,51,77,128,32,785df1f97cd182f26e152d70c1678259a50a2bc80b36425714efa3734b48f3e9
niah_mv_v2,24,137,1376,310,253,40,13,26,51,76,127,31,be1e39165841d96834a71f71585e6cb9140c08f62567f28598f9322e2981d071
niah_mv_v2,25,137,1375,306,251,38,13,26,51,76,126,31,d117a6ff8f4732d44bf979ef29c2b43f7db4ccdda5096f0f5aece8fb31f2f086
niah_mv_v2,26,137,4313,867,812,38,41,82,163,244,406,87,bd827e5ccac3949cd46f5dd80ceec4282f5104b7a2ccc98c08200ad227773cc2
niah_mv_v2,27,137,1376,306,251,38,13,26,51,76,126,31,cc7711cb1f7d9f4f2ecccf887f666e9f26aec57863c3fc51a19ac976f80e1e0b
niah_mv_v2,28,137,1378,310,253,40,13,26,51,76,127,31,8bc70d61d6b6d621523c3322daeff593926067d4ac50fc48209b504a6c99c0a4
niah_mv_v2,29,137,1368,306,251,38,13,26,51,76,126,31,b3fd967de903e41e42c0eac415200f7df0c620975982080df13f5b27dfbab6d4
niah_mv_v2,30,137,4303,867,812,38,41,82,163,244,406,87,04e9f608354a26f688d26a7880aa416e3739fad7f7b563589494c42b09f55d93
niah_mv_v2,31,137,1387,310,253,40,13,26,51,76,127,31,c8877d8b56560fe73e5e8a630971f3307df817fe40be09ddd1cf5e5f54963b94
niah_mv_v2,32,137,1377,306,251,38,13,26,51,76,126,31,ab4bdba540e99158697b93f3437690b8ecd07cbdb5b8c7f0171421ff0a16ae49
niah_mv_v2,33,137,1374,310,253,40,13,26,51,76,127,31,e2a6e90a3acd4796f8d1e4633d1eb2bde7705e5ebf8c5cabe6d211aefc5d8b44
niah_mv_v2,34,137,1376,302,249,36,13,25,50,75,125,31,671e8debc200a66e434b3fe01e1ba65b3d40387bff160bd0748980f8c645d57c
niah_mv_v2,35,137,4313,867,812,38,41,82,163,244,406,87,56f3e1eeddbcc4012f0529d2e11062951cf982405d4437c009518462e7b3722b
niah_mv_v2,36,137,1377,314,255,42,13,26,51,77,128,32,4a9e4bbad7a01ee58827c81cf796c317e5b88f8377a3298adcedcb0ba759a459
niah_mv_v2,37,137,4308,867,812,38,41,82,163,244,406,87,54b9d6e62c5b0faaba4ac4b8a9747c91299e4514b33121c9b326b992eca74d47
niah_mv_v2,38,137,1389,310,253,40,13,26,51,76,127,31,906a61f4c9b54bae36d0e61f755f3e39982cb64d5aa15e6abf0781bd138d56fb
niah_mv_v2,39,137,4307,867,812,38,41,82,163,244,406,87,af93c08453b3aa3807a00f721169fc6d29ca309d5b559225ae987f6bc7bc725f
niah_mv_v2,40,137,1375,310,253,40,13,26,51,76,127,31,6c2001dff36552e0a92473a41e4093fa9f0f586396045b28793b2f7f9969d7b4
niah_mv_v2,41,137,1372,306,251,38,13,26,51,76,126,31,841613e1bc05e2f73ba8058d6a01abbe52f2cdbd37d0976018af432c38926958
niah_mv_v2,42,137,4307,867,812,38,41,82,163,244,406,87,71e5e844cc7198afabe3f76ff22c2e2caf9d8c4e6ca30c60fa7bc61b1bca206b
niah_mv_v2,43,137,1370,310,253,40,13,26,51,76,127,31,01e0acf3a02c5fa7fd83206a3b3c90cceebb8640a4a006696cf46e26311d0778
niah_mv_v2,44,137,1366,306,251,38,13,26,51,76,126,31,ea909847ccf7334290c5c14284224d7cf4fc83d989dd8c0289e0b7aa314a16cc
niah_mv_v2,45,137,4319,867,812,38,41,82,163,244,406,87,c2613ad118a1f3769093058f9c998c2667524c85e9425ea5238d3d3d658f8b25
niah_mv_v2,46,137,1379,310,253,40,13,26,51,76,127,31,c7cdab2b2c556c03566c6d988c035104894f694abf3aa38b7f728818d86bb4d1
niah_mv_v2,47,137,1370,310,253,40,13,26,51,76,127,31,70921e7092f88d4afc3d2aea2d2e4a990c45a7222dd6e216b8639b41cca8a00e
niah_mv_v2,48,137,4316,863,810,36,41,81,162,243,405,87,0e77e52f13fe4714103e10cc0e6a4cddcc794ebf2f6482307caa34cfa338a1ba
niah_mv_v2,49,137,1366,306,251,38,13,26,51,76,126,31,6055f35af12913dc6596fddccdd50856eb3d737038f34e72cb12da80d97faf91
niah_mv_v2,50,137,4309,871,814,40,41,82,163,245,407,88,0e5fa23598495d55a55d898dc759a9494bae2bbf43cff5041ccfcdf86c2df006
niah_mv_v2,51,137,4315,867,812,38,41,82,163,244,406,87,b0137b11d98f3080cf4399cc0e4a28ebbc8a6d06cd2b095f1fdded31981e5e48
niah_mv_v2,52,137,4323,867,812,38,41,82,163,244,406,87,94ce4c9d9f813dfc739d815bea620b03f24f687606aa1673de8319b115bd2fc8
niah_mv_v2,53,137,1380,310,253,40,13,26,51,76,127,31,aa31d9f689209d633cf8101b1f75f152fd70c109cc25a3c7657672148a4638fe
niah_mv_v2,54,137,4309,863,810,36,41,81,162,243,405,87,a36da7558653767cfbc7aade6c66f7dc5df8288d2938ba69ce5257ee0976a12a
niah_mv_v2,55,137,4323,867,812,38,41,82,163,244,406,87,45c99465a5627cb3dbb1c462b4d0d00ade081b0fe3bc491946ba6b6a06171d40
niah_mv_v2,56,137,1378,310,253,40,13,26,51,76,127,31,1992395b075545a43a15435e6f693c44788f110d01b5a26e5e65766dce84f566
niah_mv_v2,57,137,4315,867,812,38,41,82,163,244,406,87,98bd5e36a9d756dbaf7d325749f5100ef68493882504c0317f9ef4d4a7ffcc41
niah_mv_v2,58,137,4319,867,812,38,41,82,163,244,406,87,9c443fec7bc2d5c7083cd746624955dedd1afbf2acc27f8a7923fdcd4c949caf
niah_mv_v2,59,137,4305,867,812,38,41,82,163,244,406,87,2e5bf9b04af83a5f646e01c909ecb757c1becb64c6e809d3ffae60c606b3c37a
niah_mv_v2,60,137,1368,306,251,38,13,26,51,76,126,31,29ff096088dafeb2262f9a1b8eb3d71b54fb31e2bda56efa73b8ad3f31558951
niah_mv_v2,61,137,4317,867,812,38,41,82,163,244,406,87,5a5d40b5761c9b7a059101945059844d99e5ee15423d70f681447117cfac94f4
niah_mv_v2,62,137,4319,867,812,38,41,82,163,244,406,87,51993b154422dc3b3dd311df10e5e73130247dcaf227b78343d21661682644b4
niah_mv_v2,63,137,4323,863,810,36,41,81,162,243,405,87,8c675e2f0a7028efffe74f386d9b5c01a1a1b44880b72bb9b4af8c56ade9ca75
niah_mv_v2,64,137,4317,867,812,38,41,82,163,244,406,87,12442bd1b61e2b625bacc92280da867fe1733cc4f475015e1aaf3d1f2e3139f7
niah_mv_v2,65,137,4321,867,812,38,41,82,163,244,406,87,c2e4405c9a34a4710184105d2438783e66cdeab2f36f135491c4dd9cac69f32b
niah_mv_v2,66,137,4315,867,812,38,41,82,163,244,406,87,c30b167a68786c058d378c046e982b0eeb815fa01ba415fdc0e38003cfa09608
niah_mv_v2,67,137,4317,863,810,36,41,81,162,243,405,87,0f5e1047cd152e9869566ee772060b3437d4ad3c36ab9dee7e3cad4d7cb6b58d
niah_mv_v2,68,137,4313,867,812,38,41,82,163,244,406,87,32335cc2df71a2d5fe15c5473907bb25860344b92c74c358ad0dec9bb2b2dd79
niah_mv_v2,69,137,1370,314,255,42,13,26,51,77,128,32,86a0ebeb9477ce016011072c7b37cbac391dcaeec84014667804dd7f96b8d2ba
niah_mv_v2,70,137,4316,867,812,38,41,82,163,244,406,87,d03f43401695c65f67a6ea901005c1a372bd57ded464a54a1c038330d0d6bcc8
niah_mv_v2,71,137,4307,867,812,38,41,82,163,244,406,87,c1264c50d86859c206edcd8a9819ae425dd6e8750f4a2da586f3cdc04bbdafda
niah_mv_v2,72,137,1390,314,255,42,13,26,51,77,128,32,0a133d1dd5ab7cf47036668b174fb4a8952fd8965ae0fc5f7afd591d3394edf5
niah_mv_v2,73,137,1374,318,257,44,13,26,52,78,129,32,a77ed8aeb3dec38910146c1dbf0c11c3400be0e978bf5afbb1d9996702ee9033
niah_mv_v2,74,137,1376,306,251,38,13,26,51,76,126,31,43169b3a58fb20236ed536f2b8e9c3e9f0075fbb7b4c1249df1492fc6c7ccc95
niah_mv_v2,75,137,1370,302,249,36,13,25,50,75,125,31,6ff37d9c906d3b390c9e7bf90ff5b19813947208ce01521eda52e7c690c57b54
niah_mv_v2,76,137,1385,306,251,38,13,26,51,76,126,31,376de2c2367454e7b81b83c0a4e47e29058ed36f384ee40edcf14cf73fe8fb25
niah_mv_v2,77,137,4313,871,814,40,41,82,163,245,407,88,31f999718cdc6edd47ad1c2048aa2a654b461b03329893d59ced0de4b9e359ac
niah_mv_v2,78,137,1386,306,251,38,13,26,51,76,126,31,60ab4e7d31476ca7b0697e67ea115cc918fdad84d43ea4b41b6dd78884668bea
niah_mv_v2,79,137,1378,314,255,42,13,26,51,77,128,32,7b705831848cc3cb432c8e9a9493b680afc516578c2e26a03574dd1db467df1a
niah_mv_v2,80,137,4311,867,812,38,41,82,163,244,406,87,4b04b8b7d0bd1c93c839482bd313668b59dad679c851e74c80d2d467acaa0264
niah_mv_v2,81,137,4332,867,812,38,41,82,163,244,406,87,05566b938c8369fa90a5cf9ac1c799e5519c1c82294f259fb593560072f6292e
niah_mv_v2,82,137,4315,867,812,38,41,82,163,244,406,87,aedc1ad56c96a81dfedcc957c859fc5ec0e7cae4324c172e573a3ab803d9a62c
niah_mv_v2,83,137,4311,867,812,38,41,82,163,244,406,87,63934da6bba80aedbd47cccca7e8b46ccb2eb6b2ae6a194465d6e2e1eb334707
niah_mv_v2,84,137,1392,330,263,50,14,27,53,79,132,33,03c1cece45be75031c9aa18ab752c6621cb69564aa21c53299a66d657dd7c49d
niah_mv_v2,85,137,1386,310,253,40,13,26,51,76,127,31,4bdaa395453de2cca37281b4e5d1bd39182fc5aa81aaa3a129d3dba71811f7fc
niah_mv_v2,86,137,4323,867,812,38,41,82,163,244,406,87,eb04734a5ec928299f0c18390c1295938e83b4086c26e41f283956a6a1b9540f
niah_mv_v2,87,137,1384,314,255,42,13,26,51,77,128,32,f144a69d07668f6dfdfc9c379926ed3f43f4938b776a320858059f87c15049b5
niah_mv_v2,88,137,1366,306,251,38,13,26,51,76,126,31,013a920fa1cfea72728db0474ab247f263a580e655a93ebc7c216388a380acb8
niah_mv_v2,89,137,4311,867,812,38,41,82,163,244,406,87,68e965c1ab639786108cafb0c32cedcdc6d8ef7518719995538f0e215760102c
niah_mv_v2,90,137,4316,867,812,38,41,82,163,244,406,87,65d9de675d73d753ac10545a5eef390c96333bc66669b710d03a884c4aec437f
niah_mv_v2,91,137,1376,314,255,42,13,26,51,77,128,32,a41c650b63238b443665710566c494ef12a685b842383e221e3e49e2cc54bcea
niah_mv_v2,92,137,1376,310,253,40,13,26,51,76,127,31,33b191ac9e7ce7c6f34dab742efd29b624383a0e19144dc6c7105f48b19f3ed9
niah_mv_v2,93,137,1384,306,251,38,13,26,51,76,126,31,a79c3163361e71e3f1bb368fc9f44ddf1b53030443ab6d084ff6c29636b022f3
niah_mv_v2,94,137,4311,867,812,38,41,82,163,244,406,87,dc01bc28f86be4b60e6a27cdaceb777a030f7824cd1d5ccc8297072bc89f106c
niah_mv_v2,95,137,4312,863,810,36,41,81,162,243,405,87,5841d03d83eb73c9421b3cf71934ba66a7e034f3e149f5ec5520aa038e98ed52
niah_mv_v2,96,137,4325,867,812,38,41,82,163,244,406,87,4c45de346d4e23b4f2321a83365c8ffc2449fdd98be8624b67c42efc5b4f1c74
niah_mv_v2,97,137,1386,314,255,42,13,26,51,77,128,32,90698f79da4ee155c16d58c9211dbf9216426325202982564ddc1ff5aeb47b27
niah_mv_v2,98,137,4319,867,812,38,41,82,163,244,406,87,5d46b955e2dd5c5d5535985e694273d1d37668ea09dbc7139cc9d712ed59f162
niah_mv_v2,99,137,4313,867,812,38,41,82,163,244,406,87,da4094f1be66c2370b68c609f858d41a8200be809fbae3896914a84099c1c0aa
niah_mv_v4,0,137,1282,300,243,80,13,25,49,73,122,30,676a84d857a5d1eef93e11d28ab9bc3fd68373374db07a4c1c0a00d088ca455a
niah_mv_v4,1,137,4210,861,806,76,41,81,162,242,403,87,e9ef69489dcb52045a76c7f4575d0f07e857be7c6620066295dbc51d84c193bc
niah_mv_v4,2,137,4210,867,810,80,41,81,162,243,405,87,311ebc598b4b594ecb3e3025b43e004c569473cf21624ba0d85954cd38eb391f
niah_mv_v4,3,137,4218,855,802,72,41,81,161,241,401,86,857bf2a97e7842e7caf6c27f4d1d46fb47663bcbd2db1769a921feac8731d7d3
niah_mv_v4,4,137,4206,867,810,80,41,81,162,243,405,87,b13b82999ab34bfe591b925a76da926133feb77da9760075df2f1e231899bd78
niah_mv_v4,5,137,4220,861,806,76,41,81,162,242,403,87,fe07356354337969dad50ac4e4e964b544a86b0a431bdef1074bbbc7cd72f694
niah_mv_v4,6,137,4198,861,806,76,41,81,162,242,403,87,6a3dd72a15b6cf7c9d60c7794bdb38cf8b981ddea14664fd66c5e4df1e8e9b7e
niah_mv_v4,7,137,4198,861,806,76,41,81,162,242,403,87,01932aefc68803fba05ec6b48d881e8cd9e6c7c4e0bbd00a34f4943db8ca6025
niah_mv_v4,8,137,4222,867,810,80,41,81,162,243,405,87,8db176c104de7d5eeaa7f4ac914d588a909b7171617c1af7484d6ce3e28e4b9f
niah_mv_v4,9,137,4226,867,810,80,41,81,162,243,405,87,e42ea094eead3e68236d2e70eb04a8f3f0879deab5e10be3fe6f1f19a302eb39
niah_mv_v4,10,137,1279,288,235,72,12,24,47,71,118,29,ab0246c31e7142b43d75eab8ae2d14553cf55e721502875cd1d47067b352cb8b
niah_mv_v4,11,137,4206,861,806,76,41,81,162,242,403,87,fc251a0aec94696598151c729a8951453c44af19415bba90f246a035bb246886
niah_mv_v4,12,137,1304,294,239,76,12,24,48,72,120,30,a57bcad0aa6bbfa6e4443ea7e4fd432741277013c2b4dc4f40a473c14ca9c4f6
niah_mv_v4,13,137,4210,867,810,80,41,81,162,243,405,87,197f11ffcae198dfe279d2a9e7945d837817ad61085b0039a7b9d165f47873ef
niah_mv_v4,14,137,4210,867,810,80,41,81,162,243,405,87,f4eefaf8c573f9baa70da6ce08526d162926cc97166b73117a99a629c6a7ff9e
niah_mv_v4,15,137,4230,861,806,76,41,81,162,242,403,87,a4b77a743285303e291524c2bb55cb0ef78ca30f85008f30c277d8adadbe2056
niah_mv_v4,16,137,1295,300,243,80,13,25,49,73,122,30,edab4f5f84b854be82b62e480081500b0b24b13b9a1c56d09bb2d112dd876a30
niah_mv_v4,17,137,4210,867,810,80,41,81,162,243,405,87,7f2762494d32472c6a2260a8bc2bc22f07ccff82e9aaf0c81794f3db06fd0b1f
niah_mv_v4,18,137,4195,861,806,76,41,81,162,242,403,87,a0f5706166448fa6d4029f2b6cf06d249aa7a25e73ab23bfedb20dd063a30f2f
niah_mv_v4,19,137,4206,861,806,76,41,81,162,242,403,87,b899f6077133e00e25821ef4ab1c89d2c15d167844dcfa5f1bb12929f99de3bc
niah_mv_v4,20,137,4206,867,810,80,41,81,162,243,405,87,6303297f2c61a31785869e2834389ae406d57b44e610c6f15899de0e1a39efd7
niah_mv_v4,21,137,4202,861,806,76,41,81,162,242,403,87,a2497baac862145300fb451de243b50858d942f2a55b3a92842c53aef89939fc
niah_mv_v4,22,137,4210,855,802,72,41,81,161,241,401,86,98b229b14cbed7b36a2d6b76e364c497103b422f5b74c85bc81339de44a514ab
niah_mv_v4,23,137,4222,873,814,84,41,82,163,245,407,88,f10fa6103bbd9aa3fc12077027b72789d3d5c3902fc167f9288930d584833ea6
niah_mv_v4,24,137,4218,867,810,80,41,81,162,243,405,87,1ef3bb44d21b533dba4fe3cec9fac6e95518fbb728a9ef1a5e8ec75676a6bf5d
niah_mv_v4,25,137,4198,867,810,80,41,81,162,243,405,87,9f9428d65b3362c7860b3544cb158521c7f5a1f5f0fa96e63601fdc7d6aa48be
niah_mv_v4,26,137,4199,861,806,76,41,81,162,242,403,87,317e1987b7db30f590934eadb1146e3d5b98dcab60d5b3f9b97a0d809c5c112a
niah_mv_v4,27,137,4222,867,810,80,41,81,162,243,405,87,7117b362fc336ae7628a5b5855d3fb6a34d77a425d3a573f1f42c9822988ef9d
niah_mv_v4,28,137,4190,861,806,76,41,81,162,242,403,87,bf248583979d7fb6a14d91b0d48fa78dafa956e69afbd3006e56886d7be11709
niah_mv_v4,29,137,1279,288,235,72,12,24,47,71,118,29,564d95a5bb022a71d919cd1aac64543524931785a9e23164a62607b72947de1b
niah_mv_v4,30,137,4190,861,806,76,41,81,162,242,403,87,6316c639dd830d9dae9ec706eff29dd690e8efe41a0253117a3eb7e8481ef484
niah_mv_v4,31,137,1303,294,239,76,12,24,48,72,120,30,85531cc03182848e104df4a4c1f28cee6608af6056a1e52781b57b611a141a52
niah_mv_v4,32,137,4210,861,806,76,41,81,162,242,403,87,574eb9d6bbfd5897b2b017e4fc2aa9caddcd5111f7a61917c30a8350a25bc97d
niah_mv_v4,33,137,4210,867,810,80,41,81,162,243,405,87,71c00ef6a84725e937e317a1ff29f6f7a0a682f30273ca6bc347d2f11fb98776
niah_mv_v4,34,137,4214,867,810,80,41,81,162,243,405,87,cb2de5165ca314fbb2384548ebc190c622243da62e8b6b8587882bd7604df606
niah_mv_v4,35,137,4218,867,810,80,41,81,162,243,405,87,e1d8d9c49761b811a2f247bcd5d40bc1d95ea0ef1f6f50611a7327530f109d77
niah_mv_v4,36,137,4210,867,810,80,41,81,162,243,405,87,4c5d5a9335cc8df647762a17e14023163757478bd1c73e2b7cbf5cc8ce924493
niah_mv_v4,37,137,4238,867,810,80,41,81,162,243,405,87,c71755563a6cad3049c8bd8f02735db6b92e63d08ea55d12d0448fbd40a8d818
niah_mv_v4,38,137,4234,861,806,76,41,81,162,242,403,87,6e34c998d16ba3814d257365375f6cdf8e25d95080329fc35fb3b782724818a8
niah_mv_v4,39,137,1302,306,247,84,13,25,50,75,124,31,d70f09efa05b27ed1a827cf2af5b942dcb7eb377750431a8828685f278dfa117
niah_mv_v4,40,137,1295,300,243,80,13,25,49,73,122,30,fd3177483f08b04e33b5eedfba4d18e805dd2b810601a34b3381011cc6168b2a
niah_mv_v4,41,137,1268,294,239,76,12,24,48,72,120,30,5e6de515da997f33e0789468648120e27bb80952a9480e4ff7f0133b8fb40e99
niah_mv_v4,42,137,4206,867,810,80,41,81,162,243,405,87,f00f65e7473aaa12e66b0958d583cb5c488b09f29e7ab66eb36721732861b028
niah_mv_v4,43,137,4222,867,810,80,41,81,162,243,405,87,2cdbeaf23f21b013b5ac40f1e1445b0d1056f052402db4ff1ad2b7327af0549e
niah_mv_v4,44,137,4218,873,814,84,41,82,163,245,407,88,593fa46ceaaa8df4d26ea3595b56626f9a69c31e815a0cc08a7904995fd070dd
niah_mv_v4,45,137,4202,861,806,76,41,81,162,242,403,87,933f21c5bdfa82aa1771a9511776f48b34e4d181f73b14cee82df2fb2abe8935
niah_mv_v4,46,137,1279,300,243,80,13,25,49,73,122,30,e693f983586e65d904c43672ec60ad242bd96edcb106b6089ab7724286c91bbd
niah_mv_v4,47,137,1311,306,247,84,13,25,50,75,124,31,682d82fa747dd784b4f2f527ce74aed2a351e0e865b9b13be42d51a1d2903b80
niah_mv_v4,48,137,4203,867,810,80,41,81,162,243,405,87,11477d27520803acf9a01a1f488339cdb184b23e85a56696174ed07a41032b35
niah_mv_v4,49,137,4214,861,806,76,41,81,162,242,403,87,f431a0ebafa86529535702bd82a4fe67c670518cf981dbd6f862d0f4a3b74f36
niah_mv_v4,50,137,4202,861,806,76,41,81,162,242,403,87,37d2b76dd20289714e1bfd4ad27357305e4e5d148704d74117ffca66dec336ef
niah_mv_v4,51,137,4230,867,810,80,41,81,162,243,405,87,36aa4c052a31717b98ed65eb1964839b68ff7f91253f8042c70d804bc366b945
niah_mv_v4,52,137,1279,288,235,72,12,24,47,71,118,29,5ff964900145cb6ce273cbccb0d640448bcf9883b87045fa8469ad483d30040d
niah_mv_v4,53,137,4231,867,810,80,41,81,162,243,405,87,d1f0bebff8d84cd75e89c489864173453184636d92764cb3233194b1818e507a
niah_mv_v4,54,137,1275,300,243,80,13,25,49,73,122,30,3361e454f624069dcbb8b25b57a26756ff7623491547231d6c152458b6022a95
niah_mv_v4,55,137,1295,300,243,80,13,25,49,73,122,30,fd0c2cdceebefd4a6b2dd7d75729704d318eba6d4767e36fcd29eb231ff55a25
niah_mv_v4,56,137,4222,855,802,72,41,81,161,241,401,86,a5533067127b141efb6b07dcf5e4fb9faad7ad038a5b10d3c208238bfa5c2b24
niah_mv_v4,57,137,4191,867,810,80,41,81,162,243,405,87,2d50aaf1e69eecd3d212ca3d5d9d4903598b502babe2af7c1c1d1e3a4bb23132
niah_mv_v4,58,137,4206,861,806,76,41,81,162,242,403,87,614d76d52c128fe18aea2887d9c32aab7075702b528522dc2dc18f25314fde0e
niah_mv_v4,59,137,4198,861,806,76,41,81,162,242,403,87,e47290edfc32ccb11a320eed046e23348b5481eae4cb4dc2f219dc63d064e37e
niah_mv_v4,60,137,1286,300,243,80,13,25,49,73,122,30,c6f059d5bf82da61d042f4a756846aaf603cc8a8d9b1a710451bd2e1f86b4665
niah_mv_v4,61,137,4222,861,806,76,41,81,162,242,403,87,b9dae41e226789a9422a19bd6419c128ee298a1d18948056fb41a14788bde682
niah_mv_v4,62,137,4186,855,802,72,41,81,161,241,401,86,51b15d109162e5a7f79a2346f245cc1056aeb42863eaa0c29713810e311f46ee
niah_mv_v4,63,137,1271,294,239,76,12,24,48,72,120,30,df6478b6738c0a4ce528468951292367d967a63039b4aca59bf9b7757c133ce9
niah_mv_v4,64,137,1274,288,235,72,12,24,47,71,118,29,d120093de29d81462b048bc7905782d2b0ccbb69cedc2de78d0fba7d0d15abe7
niah_mv_v4,65,137,4198,867,810,80,41,81,162,243,405,87,de5313df5b8ff464822602087edb2674abe42bb3ec51cc980936ce380802cf08
niah_mv_v4,66,137,4202,855,802,72,41,81,161,241,401,86,2b7d8bdd104a0f33b4d31ccc6b596c1d08bebee3f46a0a84b4511d328e55ce65
niah_mv_v4,67,137,1288,294,239,76,12,24,48,72,120,30,9f094e47f45faaed30be6bd14654dce95275448a00d50f5b94247ff2215c27ac
niah_mv_v4,68,137,1279,294,239,76,12,24,48,72,120,30,285907d441245cfa665fd185343ff436564174359fa4ceebd33fae6373b7ebf1
niah_mv_v4,69,137,4206,861,806,76,41,81,162,242,403,87,24fe86a4964161c429647ff375b85e6389405dc195e99fe99d4275436d96af93
niah_mv_v4,70,137,4210,867,810,80,41,81,162,243,405,87,834cf14dc397473ca7b6d139df010b1548b5b2487f4893b6328d875c3d10a6b2
niah_mv_v4,71,137,4214,867,810,80,41,81,162,243,405,87,0eb044f446bd1a63198c7c43464165bb2f3d7f741d22e261299c0adb097a3b8e
niah_mv_v4,72,137,1295,300,243,80,13,25,49,73,122,30,251fc41b872b591674796c9278d59392989ba07839a3c564403af865f13b14ba
niah_mv_v4,73,137,1291,294,239,76,12,24,48,72,120,30,8bcbd761779dce528fc4497891804901bc16574b4b8460510285a4b43bd2b0b3
niah_mv_v4,74,137,4214,861,806,76,41,81,162,242,403,87,fe0ef97adaf5c9bbf4f8155bd2e0e5f0c11b761e352abc13302595a0aad6b094
niah_mv_v4,75,137,4211,861,806,76,41,81,162,242,403,87,713bcf64722ea4abfa0c47b9256c1df519359ff0f2f00478beb9dc85432ce99e
niah_mv_v4,76,137,4222,867,810,80,41,81,162,243,405,87,a7c9f620c545bac95a89fb8dfbd7625d9dc206df31c715c060d45bc723a729a8
niah_mv_v4,77,137,1279,288,235,72,12,24,47,71,118,29,14be91a4602b0a55a6fac3dcdabc48ab94630f4179db51626b2a5456810c9a48
niah_mv_v4,78,137,4214,861,806,76,41,81,162,242,403,87,ce98c7758bfc7945b07712da356f191fdd2b8753bf4611e68036bd9b074e8dbc
niah_mv_v4,79,137,4206,867,810,80,41,81,162,243,405,87,2bf3976d2a0dbb1a4524486c339a3bba0ba642b98e2129301d1545313825eb64
niah_mv_v4,80,137,1307,294,239,76,12,24,48,72,120,30,1f6dfe95cd89f61365b3c25ca188c43ad8b2cdeae1d5747abade3e54f6f63ab4
niah_mv_v4,81,137,1279,288,235,72,12,24,47,71,118,29,dd21936bc31cc9b267cf6e0f11217f3837800a8cbe45229be319691ea2ebfb3e
niah_mv_v4,82,137,4198,861,806,76,41,81,162,242,403,87,6d80536221ff1fd7120a69e093cf6853b1f19c89a27e643f9d13749263ccae67
niah_mv_v4,83,137,4214,867,810,80,41,81,162,243,405,87,8ac821b3c4a0c8f03661b9d19e7c9116d84eedd4885f1369782485d04a765ae5
niah_mv_v4,84,137,4198,861,806,76,41,81,162,242,403,87,aade27f80dfc31369fb1ff0330a8f04af227822c1d55609cee71d8ab4f8840fd
niah_mv_v4,85,137,1288,312,251,88,13,26,51,76,126,32,8081e1e4eee99eb5264cceacb0da8f7e101677ae3c5b530962673a526c4d1457
niah_mv_v4,86,137,4203,855,802,72,41,81,161,241,401,86,a8cc639010154b883313762140dd543984097b1d5f23b313d7f43d078e38c4dd
niah_mv_v4,87,137,4214,867,810,80,41,81,162,243,405,87,ed98fb4ac62a5bb94b964fef0dd3cafa809949ab5156149837c8a56d9117d3db
niah_mv_v4,88,137,1307,306,247,84,13,25,50,75,124,31,af67c816f476ebb5e67655155718a16f2ce74717d9d2c350161a017404475380
niah_mv_v4,89,137,1291,288,235,72,12,24,47,71,118,29,6f3a8a012aa8fd59b358e2554970060a8dd2624c47239c08356a2a5d1eff74e6
niah_mv_v4,90,137,4222,861,806,76,41,81,162,242,403,87,b2cd0cdeb0f09195d8ae30a636c5d9c724a2b8e7b102c550fe19230635fcdf4c
niah_mv_v4,91,137,4206,873,814,84,41,82,163,245,407,88,dd16a09816df02b353288f87a83fb25ec0e631c9fc4ffd0e999c283bfd379bf7
niah_mv_v4,92,137,4202,861,806,76,41,81,162,242,403,87,48434331ad69c6ccdb53115e4fbf17e6ff068278b1f4ea98ad842c5f3d1cbc9a
niah_mv_v4,93,137,4214,867,810,80,41,81,162,243,405,87,e2bb138b69def91823d116f21b966a14c9cc19842e7b6170e614cc6b9fa86e82
niah_mv_v4,94,137,4226,861,806,76,41,81,162,242,403,87,47a32bf7364ee6c4bc63f9abec4767e313feb8f3c7e06687af18538e8bf3bbda
niah_mv_v4,95,137,4186,861,806,76,41,81,162,242,403,87,fd342703675b18b217aed65bb9087a225c8a281f2cfd1d91e6fd2c3ec851f041
niah_mv_v4,96,137,4210,861,806,76,41,81,162,242,403,87,a1b860b35d62f881b2e98163da1f196ebadee3eacb6997993646ea9b948872ce
niah_mv_v4,97,137,4190,861,806,76,41,81,162,242,403,87,85d339b937a092c491387c19c20e7aa70c1143a7969249cfb2cebf42152dfe96
niah_mv_v4,98,137,4194,861,806,76,41,81,162,242,403,87,c2d56f901d9381af0a0285e14fcaf31af40c7f7b0abaad278a27541e766c74a2
niah_mv_v4,99,137,1279,294,239,76,12,24,48,72,120,30,f63412395668e88abb67cd109a6cef12bb0ad2aaa8ed7d812fc2e401d3762b77
niah_mv_v8,0,137,1250,333,274,168,14,28,55,83,137,34,63716ac4ddc93d1d710521a305ead91de442c4d29cf3f8a5ff771c617d34015e
niah_mv_v8,1,137,1275,333,274,168,14,28,55,83,137,34,ea7b564dc79b317f929279b653c9380ac91276ef9a0a0ae46c93e457a8bd6241
niah_mv_v8,2,137,4160,870,817,144,41,82,164,246,409,87,c55f014eadad3e67d23e954ce5b6e8b1f078e3d7bc629c2b0ea280f514b8e1f2
niah_mv_v8,3,137,4176,880,825,152,42,83,165,248,413,88,7b7e5bb02349e21d11a02691831c16efdefb438bf2f82e55653f66f0f49dbb57
niah_mv_v8,4,137,4192,880,825,152,42,83,165,248,413,88,d70f238c7698b8abc694db11bf54201f3b83a8b0e06965673a050a2f9fcde7cb
niah_mv_v8,5,137,1267,333,273,168,14,28,55,82,137,34,b8f9e7bbea1f6fa671193bed14d21a98c598372d3c4355b937b148034800ee6e
niah_mv_v8,6,137,1276,343,281,176,15,29,57,85,141,35,6b1f45f222c3d1f8d32cc293444e1c02838507af71263dd30f3de6237546937f
niah_mv_v8,7,137,4152,880,825,152,42,83,165,248,413,88,161f7903921d75af99565fb758ffb69ca321cb52805e4465354bc142625119a9
niah_mv_v8,8,137,1229,333,273,168,14,28,55,82,137,34,0f47ee0ef55cb2bcc49fcb8675675ada889ac02af3934d8bae9794aac57cf423
niah_mv_v8,9,137,1228,313,257,152,13,26,52,78,129,32,e151b32c50441a41f857c6fc7721aef88ea262250db98574be6ebb0677250b35
niah_mv_v8,10,137,1204,313,257,152,13,26,52,78,129,32,085441e686e5bb8b391e39290b97fe968b1b9721d8275c4ef5769be48905515e
niah_mv_v8,11,137,1268,313,257,152,13,26,52,78,129,32,f6292a1573fc5ba7087a58ad3926a7d6618ef138d87779182b12ba04d7ef361e
niah_mv_v8,12,137,4151,880,825,152,42,83,165,248,413,88,069e65a7d96f39870accc66f157d250bb290902ed07a76370eecafd4fc44231e
niah_mv_v8,13,137,1220,313,257,152,13,26,52,78,129,32,8428a0adee94f8149a6a92e6a875b63a7e71424c57c2a2ad90d9ff6a24adbdad
niah_mv_v8,14,137,4168,870,817,144,41,82,164,246,409,87,dfe6b2200671582afc3152a351b7faa9a96dd56467a4d02d18c1b3e201eeb50c
niah_mv_v8,15,137,1220,323,265,160,14,27,53,80,133,33,ece028e43aad63119c5cbf6f288c2e2e1985a3a55fe097df33817ba0c9d33237
niah_mv_v8,16,137,1202,303,249,144,13,25,50,75,125,31,aacf7b6069d8406293b3d94a54384cc9ede09d4cd370705b0ee7a5fd7ba0b3dd
niah_mv_v8,17,137,1245,313,257,152,13,26,52,78,129,32,4bf5b1a1b108078ed743a4194c7aa7594c2bd9e216b07a01824782496c826b56
niah_mv_v8,18,137,1219,313,257,152,13,26,52,78,129,32,2372f7866a450588ce092b7d671220a30ab4a52a523c82c033cd8d07feb5d936
niah_mv_v8,19,137,1236,313,257,152,13,26,52,78,129,32,7c846b4c017ab5962ae8cbc11951adea8ec20b4887865d304291fbf1a63ada35
niah_mv_v8,20,137,1261,323,265,160,14,27,53,80,133,33,11139c4365c74fd189a7a0bb80a7875cbe65ca5fca72547b7da8647455067823
niah_mv_v8,21,137,1235,313,257,152,13,26,52,78,129,32,dd282e227e5ab41d6fd0dea8c6a250c0d451c3574ed02a3c306baa39cdaaf17f
niah_mv_v8,22,137,1276,313,257,152,13,26,52,78,129,32,b3296e7280d47ba1c7e385424b98754ad58923641029029c4ba982c0fa71f5db
niah_mv_v8,23,137,4223,880,825,152,42,83,165,248,413,88,adef860c243e8a1c85ca10a4a989ae49a7a049e5027fcb2a5c3767faab6fb0fa
niah_mv_v8,24,137,1284,333,273,168,14,28,55,82,137,34,f9950b1597acca0d9afd47de2b172c820a5e01e6e6f609c37a00981059f75820
niah_mv_v8,25,137,1259,313,257,152,13,26,52,78,129,32,a13e15233267be0c9c937cd7d450b59e5624ba164afdd80ebe6080bbb3385180
niah_mv_v8,26,137,4184,880,825,152,42,83,165,248,413,88,8943ebd3df6538e0899252b91ce18b3f699813f2721eef21c92f978e75f9cf5e
niah_mv_v8,27,137,1269,313,258,152,13,26,52,78,129,32,85e06b8931e7dc4c57e1360c4294650964c5e9c896badb9156db0292476c3aef
niah_mv_v8,28,137,4200,880,825,152,42,83,165,248,413,88,6415ba22d39f44db37d8397e755bd3967ea2ff35ed4e17d72b1dd79047163476
niah_mv_v8,29,137,4232,880,825,152,42,83,165,248,413,88,2c3154716dd139ef6fa9c7a0fb35f462dc12636794bfef8e0b8212ed7fadd44f
niah_mv_v8,30,137,1245,323,266,160,14,27,54,80,133,33,3b5363e83e942dc51267e0d2d6035c3a53df13792b894e2e939f9bdda573e5ce
niah_mv_v8,31,137,1244,313,257,152,13,26,52,78,129,32,f8535eefddbc2b7e24bb3cbcb1ce8cbe70d4510162746bd82f0c0545db3d485f
niah_mv_v8,32,137,4183,880,825,152,42,83,165,248,413,88,205be39d25089db537c8941f81b270f6791e77c9e70efdd4a98a32abb391ede5
niah_mv_v8,33,137,1212,313,257,152,13,26,52,78,129,32,a92e6ecab46e8151b298c1ad19ee7022950c4d6cf4aea5ef6c2e9bb2f8e777a0
niah_mv_v8,34,137,1243,313,257,152,13,26,52,78,129,32,71d6f1fb130b8070da40bea112cf4ca042c9fe71b8de2ad1fb087ffd248a1513
niah_mv_v8,35,137,4159,880,825,152,42,83,165,248,413,88,68b42daacc272eaa10594bd26ec5edae0ecc2c1fdaa3c9858e0c13771b075774
niah_mv_v8,36,137,4191,880,825,152,42,83,165,248,413,88,2e4ef2cbabe71a2ad10c67de8c9b937e3396f3ac53d0b601746431824bf6eb73
niah_mv_v8,37,137,1203,313,257,152,13,26,52,78,129,32,67eafddd74acb35a32e2e4e1cfd3b280b04b601d7e2d3c8081ae506b17bb75e6
niah_mv_v8,38,137,1259,323,265,160,14,27,53,80,133,33,7362e8e65cfd23ab1f92a714c26a65151a84aef13f6b473e887910218b595141
niah_mv_v8,39,137,4208,880,825,152,42,83,165,248,413,88,f218a94225f859d1174c28690c9d7659839b7614c29e9b9b0688b2cec0337a7b
niah_mv_v8,40,137,4191,880,825,152,42,83,165,248,413,88,50ef2852862f1038beaeabf8f4702c41fddf53a27993956ac1b1fb29e9018059
niah_mv_v8,41,137,1324,323,265,160,14,27,53,80,133,33,d8b41e681b8100a132ce896f1383ec23320b120af00c08408c8c981bd759597f
niah_mv_v8,42,137,1235,333,274,168,14,28,55,83,137,34,8e9e320783c5f13c99ac3f00eeafb03fc9caa543b437f7d69c0c0370fbdfa6e0
niah_mv_v8,43,137,1220,313,257,152,13,26,52,78,129,32,cc53c589030998f0ea0a85a3b5c97c5a2932012eeeafae4a2c8f0431b53e5588
niah_mv_v8,44,137,1228,333,273,168,14,28,55,82,137,34,ecc900377debdbb5d23476192de8930d92946d3d870ab33e01d61654bf778331
niah_mv_v8,45,137,1220,313,257,152,13,26,52,78,129,32,6451d74baa30562bf422c6a1ac60fc4f1ab4d2f634b31bea5f9dfd8a50006623
niah_mv_v8,46,137,4207,880,825,152,42,83,165,248,413,88,3513e0700955f16b12cc1b005084914b8fc8073d4a696f484f9377c097669155
niah_mv_v8,47,137,1252,323,265,160,14,27,53,80,133,33,e7568afd6835693561aed813fa505dd7081688ac653e179d043c35864c0497cc
niah_mv_v8,48,137,1269,323,265,160,14,27,53,80,133,33,69f7d0e326c2dd79d9eb0c97087b8871916baffb8611de040fdeecc14eaf3942
niah_mv_v8,49,137,1275,323,265,160,14,27,53,80,133,33,2412377b1c07ef8968cf00b131ed15a73784370fe19476e9fb7f50c2410f953c
niah_mv_v8,50,137,4176,880,825,152,42,83,165,248,413,88,cce2484334a91b87c87f4c801ac1a754a4373ec4cc5f4e59eed9504a708364d5
niah_mv_v8,51,137,4168,880,825,152,42,83,165,248,413,88,e361068246e8f16ec186b5d6ec15ce8db0c3a196c745eface2884cd704a0496d
niah_mv_v8,52,137,1211,323,265,160,14,27,53,80,133,33,26575877d95db3b2f598b59a313fe05e6c77870af9890673a87a064e52650339
niah_mv_v8,53,137,1236,323,266,160,14,27,54,80,133,33,a6d84ae9f2cc0cd5b4f04bc96c58547c28a6247256c82019e8513fbab51aade1
niah_mv_v8,54,137,1259,313,257,152,13,26,52,78,129,32,ff57ab6f7e525ab25dbbd00b7f672bacb5ea79c6995dad1c4bba51753654f0af
niah_mv_v8,55,137,4175,880,825,152,42,83,165,248,413,88,232fd73a9d50a5fdf340950447fbe3825ef2ad0bc6ca62d868519b5bf3ec8818
niah_mv_v8,56,137,4175,880,825,152,42,83,165,248,413,88,718bc79bf64afd786bc25efa4191749b29aca161fb78af3229929da79fdecea1
niah_mv_v8,57,137,1260,333,273,168,14,28,55,82,137,34,6ca5270f0d2d70d321bff7d6b35fcec4b355256c5521d39c38cf1b1753ac801c
niah_mv_v8,58,137,1236,313,258,152,13,26,52,78,129,32,deec2243e6a1f2773fc4478bae636dca5d5b122df369a7aef64480b51a5b8999
niah_mv_v8,59,137,4168,880,825,152,42,83,165,248,413,88,0e9506aeaaa4e3a38c81f83fb49a525fe1c833ec7a1f8b8641f0abe1aba83827
niah_mv_v8,60,137,1268,323,265,160,14,27,53,80,133,33,546510a6a0374c7b483cef22489c4c6f553ea96271724458fcd1d1a56bb7268a
niah_mv_v8,61,137,1236,333,273,168,14,28,55,82,137,34,181984b944c4a712e4968954f7d3a9924bc1a06f93701334733991caebd7b9ee
niah_mv_v8,62,137,1267,323,265,160,14,27,53,80,133,33,eef800e599da61cff1da371086cab53e17183681e13c60d4577e68713a0807da
niah_mv_v8,63,137,4183,880,825,152,42,83,165,248,413,88,e2262ef15c38e448b9adfef092276588b8be47cbb18e9d9fd5b28b421271c14c
niah_mv_v8,64,137,1307,313,257,152,13,26,52,78,129,32,5c6a591427f8da566764723d56069ee665833ba0798bf23bdb858329974a8761
niah_mv_v8,65,137,4207,880,825,152,42,83,165,248,413,88,ef36b1379ec29828342fa667fe8debee9c1a0b86c877ea7cc7c67a50eaba59d0
niah_mv_v8,66,137,1299,343,281,176,15,29,57,85,141,35,a1e43b2c48bd31a2999ffe09ce3c5984833cd1b17ed6070e2365c8318630eca0
niah_mv_v8,67,137,4191,880,825,152,42,83,165,248,413,88,c7b7c1f758dd381c0e397f9021836adbc87c269272f832288aa7149064d5ac0b
niah_mv_v8,68,137,4152,880,825,152,42,83,165,248,413,88,d09699ae388b537daee311f5fac00287895d14df863451f71cd127c5e66aed8a
niah_mv_v8,69,137,4224,890,833,160,42,84,167,250,417,89,0dbbfdb4e9bdd4d3550477ca9186772606411631bf6cfdff11a95d72a2fbdd2e
niah_mv_v8,70,137,1253,343,281,176,15,29,57,85,141,35,531399b1067016824fc716ca0dc58caeb34289cd32a1fb6c2e13098d9a5e56f8
niah_mv_v8,71,137,1259,313,257,152,13,26,52,78,129,32,847614c6d39da15eaadf41f6f32f53cd9f8e9b89034a1f572d6584dfe009f409
niah_mv_v8,72,137,1236,303,249,144,13,25,50,75,125,31,aa9e17632bc9646dc16819406112c222a1269ae44268a3bfeaa0ad836acc2a53
niah_mv_v8,73,137,1218,323,265,160,14,27,53,80,133,33,16f2370e669fa06f8223a4d4a7fe2ed8331f7b64b25791c4d51e8381ce89ce81
niah_mv_v8,74,137,1270,323,265,160,14,27,53,80,133,33,4aa1089112be03bbf0b151bfc709e4ef9c0ab0909630fe92ae03125e0ac52870
niah_mv_v8,75,137,1237,303,249,144,13,25,50,75,125,31,9e79bb9b1d7c4f59df8e1e0bffe993c3c28195bfa56f6f268353b4c40ca4fe6f
niah_mv_v8,76,137,1219,313,257,152,13,26,52,78,129,32,6aa7a78c20cb746ff5ab8444e314cf679202810eab4a83ca3d95e9bcdc641fa1
niah_mv_v8,77,137,4151,880,825,152,42,83,165,248,413,88,2adb191505977d40c750bc658da141c140fb5cc19f8b1250b8605761455673d2
niah_mv_v8,78,137,4143,880,825,152,42,83,165,248,413,88,3b85570cb40161de5d946521a8b892b54e1d7d46ea78bf0da7d496051a1fa8a3
niah_mv_v8,79,137,1203,323,265,160,14,27,53,80,133,33,b2b995a7c37d76a810aaa5c938772618d7d713a3267b261835f01b546dcdd07b
niah_mv_v8,80,137,4160,880,825,152,42,83,165,248,413,88,060afff32963a0c3be71cbf77d90e620a439400a6dd01f32036cd729a5382b2d
niah_mv_v8,81,137,1219,313,257,152,13,26,52,78,129,32,f41b3b80c4ffc4bb6eb51b0aa6d681d0cd07afca0e865a44585bdf18e0619bc8
niah_mv_v8,82,137,1251,323,265,160,14,27,53,80,133,33,9642a766483791b1668a8750c023c5a26eaae802aaaf28c9a0818342f87e4adb
niah_mv_v8,83,137,4176,880,825,152,42,83,165,248,413,88,e3f9784dddda6ab767750522d7f3ede85c0d28fa11ae4208ce953a35e1356be7
niah_mv_v8,84,137,4152,880,825,152,42,83,165,248,413,88,c92a2093516fa0df5b24b331c431f33078385e8017601fd4c39037e27c3b5de8
niah_mv_v8,85,137,4191,890,833,160,42,84,167,250,417,89,f9c2aeaff3e8afab031577ae5607ac8925221827077bd8dc31babc0c08799e64
niah_mv_v8,86,137,4168,880,825,152,42,83,165,248,413,88,a66884212739bb29f9e392dc2ef1d6147a0880372f1e66759d8e39cd93576b43
niah_mv_v8,87,137,4160,880,825,152,42,83,165,248,413,88,d09e6b732341ffd71815662bffa08f883f20e47a4b381aed6a2dce8d107167ed
niah_mv_v8,88,137,1259,323,265,160,14,27,53,80,133,33,fb042d656fb852f44cba63f42a5227f049acb997bf182f1092c1e6ef7334f561
niah_mv_v8,89,137,1235,323,265,160,14,27,53,80,133,33,7955cde1b65a4e0179cd3ac901305bf391f8f7e074fc8cfd922f305d7157e0df
niah_mv_v8,90,137,1220,323,266,160,14,27,54,80,133,33,95d4f92cf5ab6fecb399fb7a192d3307e7035e8d99c09b02d37946222d192b74
niah_mv_v8,91,137,1219,313,258,152,13,26,52,78,129,32,9bec70180ff1ed61698b49847cc12fa01ed3e017d4507ed45c0d724063765fd0
niah_mv_v8,92,137,4200,880,825,152,42,83,165,248,413,88,38b0de87e6538be5300bcba4d2388c54f24c222bb1598c45862af215504b77cd
niah_mv_v8,93,137,4159,880,825,152,42,83,165,248,413,88,5a071971d22d17aef0fd6f2eaffff464952c2d3549bcf977ff4b35d612d8c759
niah_mv_v8,94,137,1315,323,265,160,14,27,53,80,133,33,12b224ddbf7f6681c9793db983ec7558f01bcbc0268cb360ab7015fe0f2fb4f4
niah_mv_v8,95,137,4159,870,817,144,41,82,164,246,409,87,6299fe5a05db9dcad1242894859b0da7819b4ddf9d78413e3ac1ea3648ba59cb
niah_mv_v8,96,137,1227,313,257,152,13,26,52,78,129,32,1f8e80a91eabd28e548486be66a51b4a75a5f23d710e9aabd4c64c2b8a55a81f
niah_mv_v8,97,137,1251,323,265,160,14,27,53,80,133,33,8016b2a724f5daf1c0ba46fc66f18863fbbcd4886b19626b1e71e578eba9260d
niah_mv_v8,98,137,4208,880,825,152,42,83,165,248,413,88,7889f002f4936d0e735b942a376b7726a50fb376393fd46f20b72f9cb341ba90
niah_mv_v8,99,137,4191,870,817,144,41,82,164,246,409,87,7e408b3f050861319330f7b25d848eae806b4b33ec6dda66e985c4e7609c3db2
vt_h2_c3,0,1906,3270,814,329,26,17,33,66,99,165,82,a47472360ddff8e290f2216ff86a06a983ed05c7c7b80f46417d33d2331bbf03
vt_h2_c3,1,1906,3270,813,330,27,17,33,66,99,165,82,8bd0df4d4bff270b939875a0e6a87f8f60bd7d25322a2e9d329114ac6f5b5424
vt_h2_c3,2,1906,3270,817,332,29,17,34,67,100,166,82,e4fc735516535cbeee0a0d60786a12318a4589f29ac386bc8566d7a91a16b3a6
vt_h2_c3,3,1906,3270,825,337,27,17,34,68,102,169,83,a27331ffe91bb3fa56cce6e78804e0fe0446b90b619b1566a15c8c2238e5bfaa
vt_h2_c3,4,1906,3270,817,334,30,17,34,67,101,167,82,33a60ea10d0d5ddf7ece8f2e6b544c3b654775ddf84aebcfc2b26deae2a77746
vt_h2_c3,5,1906,3270,821,336,30,17,34,68,101,168,83,49a4675a15e99ae0f672ee5f8c73749cb8cc82a545b88a4f23e369273a1002b1
vt_h2_c3,6,1906,3270,819,334,29,17,34,67,101,167,82,b4b7a372bb9b17069f5479fba19f38cfcbeb236eb72a844c5cdcd73438263e77
vt_h2_c3,7,1906,3270,812,327,28,17,33,66,99,164,82,b014d4e4e5487dd2cd68b15de5063507f3faada506bb1fb902b56dcfa093a1c8
vt_h2_c3,8,1906,3270,818,333,31,17,34,67,100,167,82,64359eea89048020c13a3a28d2203d2dc5c5b270f6f73c6afda953f9716ea228
vt_h2_c3,9,1906,3270,811,331,28,17,34,67,100,166,82,fb6846326e9a1978d85ea17842711adf79bbd617da297feee1e45951a6233653
vt_h2_c3,10,1906,3270,818,330,27,17,33,66,99,165,82,6cdbf0993d03bf2749c8daceeff5fff3d9502ba27ab7cc7e9370841a9cf0fa8e
vt_h2_c3,11,1906,3270,820,335,32,17,34,67,101,168,82,d6a10096153ffc064ddb49f0b9e5515f01ecdf6aba0dc8940e6a2ec852d193cb
vt_h2_c3,12,1906,3270,820,335,29,17,34,67,101,168,82,3587f2035643e5db63cf6df59095164eca22e98ea6f6b636513a56a797bf497f
vt_h2_c3,13,1906,3270,817,332,28,17,34,67,100,166,82,11dbb5bf085a2a46fcd17a6badc46f797f984fdf1ac2e49979f8cb12653a3d8b
vt_h2_c3,14,1906,3270,825,338,30,17,34,68,102,169,83,1a3a334c327ab909a30cd68366157a89dcd02a199ae6014808b0a3ec9f5816b0
vt_h2_c3,15,1906,3270,823,338,30,17,34,68,102,169,83,1dc2a3dce130626542889a7834f2aac1024001026caca635f8b0f4f235151077
vt_h2_c3,16,1906,3270,824,339,29,17,34,68,102,170,83,7e101c75ff387c6d272b9ef2d06344e957c836152af19c064bbc68146aac569e
vt_h2_c3,17,1906,3270,817,332,29,17,34,67,100,166,82,103a295e3d299d17c687ef6b022f9b8dd4f1e08b2f7377dd9b54c499873f02ae
vt_h2_c3,18,1906,3270,821,336,28,17,34,68,101,168,83,543c682b2a7e4f86fe9a659cf4d6ff5f9a371a4cae7ed768678436f60450633a
vt_h2_c3,19,1906,3270,821,336,29,17,34,68,101,168,83,57e37c5783da7d674f756db8ec3d0e27dd0950efffe981abe867410b04f81d40
vt_h2_c3,20,1906,3270,816,331,28,17,34,67,100,166,82,16039fab4fcc49d4619915c105327212d9e3154116117d109746544461950621
vt_h2_c3,21,1906,3270,814,329,26,17,33,66,99,165,82,41d83c6f99d0e8d4c41c1cac5390ec2e6f5b4614569c45970cee88a91c40038e
vt_h2_c3,22,1906,3270,812,329,30,17,33,66,99,165,82,d95565528f60da18fa85faeed80f8a9a06b88c2d4d53024b93b62233ed16202c
vt_h2_c3,23,1906,3270,816,331,30,17,34,67,100,166,82,a3253d63a5802463b18d0f35eb3fd861aca3584cec1e0fa8bd0a10d7a8d43016
vt_h2_c3,24,1906,3270,818,333,30,17,34,67,100,167,82,42716ebab2e977b5473bc15f77ca51bf38599a73095c5c89f0a670defd286f0d
vt_h2_c3,25,1906,3270,820,335,27,17,34,67,101,168,82,9a142a5937c00861f53c7408845381b2625ac5f8d6ca5efe173e4964dbe8c94f
vt_h2_c3,26,1906,3270,819,334,30,17,34,67,101,167,82,dbe3a96f9262b67732684f08937addac92ea607b35a88f6085b9b872418d6c94
vt_h2_c3,27,1906,3270,824,339,29,17,34,68,102,170,83,68158749815bf424ff8d521980e2e3c710ce9b02f9812f056e6b23898dc8f317
vt_h2_c3,28,1906,3270,817,329,26,17,33,66,99,165,82,cf17e75a58ce2b7eb165b537aecea0be8db92c59d9c7f3a97b30e0c89163e55c
vt_h2_c3,29,1906,3270,815,330,27,17,33,66,99,165,82,fa9f93944e9ccd3a8943b559386f18823866ce243ef29509bdfa079b5909f961
vt_h2_c3,30,1906,3270,817,332,28,17,34,67,100,166,82,3fb106837960062ddcc197f06dbc84d22faa49203d9d13d3e15ee9be4ea81324
vt_h2_c3,31,1906,3270,824,339,30,17,34,68,102,170,83,758723c6c920594d7db4b93ee76a7b36b3d1dde2348b78114073e01bd3eada26
vt_h2_c3,32,1906,3270,822,337,30,17,34,68,102,169,83,86a69aab3af610faa4c07b8473fb08453a7b371ec1e3758f4caf1d7546663dcf
vt_h2_c3,33,1906,3270,817,332,29,17,34,67,100,166,82,e28d9ec24656ef44be08f84dc691908707e45174407d6fa314db5e9638feed8f
vt_h2_c3,34,1906,3270,815,330,26,17,33,66,99,165,82,fe5236c40a46f3994bf69cde3e89965537c38bc396cdd28c9ddd4427ef1864c9
vt_h2_c3,35,1906,3270,816,334,30,17,34,67,101,167,82,fd6b125362b1813207f4c800bd3ed611497ca0c064dd24f5bc67c7d5c945a0ac
vt_h2_c3,36,1906,3270,818,333,28,17,34,67,100,167,82,1ad3fba363eafb6d983a307c246626b1e0cc1dc5900a9e77916ac290db46fc89
vt_h2_c3,37,1906,3270,826,338,31,17,34,68,102,169,83,4db5dd9c741ca832d690f6a8e741e1cacd9e6fa89a7db3b347931da1364faa48
vt_h2_c3,38,1906,3270,816,331,28,17,34,67,100,166,82,149dc9dee0c1df5a8b0e56c077adc03708b9ef07e36f93dd8e57a2d53ce02ace
vt_h2_c3,39,1906,3270,817,332,28,17,34,67,100,166,82,b755ae080230f7553f538f542abfb1d4031b75d820b41c57370cce131b68fc63
vt_h2_c3,40,1906,3270,825,337,29,17,34,68,102,169,83,b0e5fdd20c20be67df66ea49761941ddc48cfb786969b2af0f20dddfe2d9ae53
vt_h2_c3,41,1906,3270,817,332,32,17,34,67,100,166,82,3cc0af1543367b39e848a5a9d040213d112de84da3a6d86ad8054f135af2f953
vt_h2_c3,42,1906,3270,818,330,28,17,33,66,99,165,82,1af49e220c6ff8caba2ad5a6c25097289b3e96cceaccb3cb63f1b93671399575
vt_h2_c3,43,1906,3270,821,338,30,17,34,68,102,169,83,c5cddfd43e98a09e4951f875d6ec54982efddfab5693899b833bfde62308fa59
vt_h2_c3,44,1906,3270,819,336,31,17,34,68,101,168,82,178279f44d425ff867bebbe8f3079ee36f28154d54f32faf626f1388644d0556
vt_h2_c3,45,1906,3270,818,333,30,17,34,67,100,167,82,d858ac3213cb0999a677ee969206af1d1d4db013806659b683c6e392a562cc24
vt_h2_c3,46,1906,3270,816,331,28,17,34,67,100,166,82,d754c0fd03dc2702f70c04a27b27686457a7322b799dea85f96e2bc97332ba39
vt_h2_c3,47,1906,3270,814,329,26,17,33,66,99,165,82,dfb544785a2f0b7c45bce25f43c62f57958c516cb82972d582cb1c666544116c
vt_h2_c3,48,1906,3270,813,331,28,17,34,67,100,166,82,b0cb2cbe996cb184fe809a92a03b481707666860dcf431e6ce32bf1518e53174
vt_h2_c3,49,1906,3270,814,329,28,17,33,66,99,165,82,dafdcdd2ac2529ab6c1b9e2908d40d45de822da90ee43b25477abdcd3be17059
vt_h2_c3,50,1906,3270,819,331,27,17,34,67,100,166,82,d021987d30210fab0c2e4a2a1ab26d04a001a8d00f79b6d344d64f5840bc6e3a
vt_h2_c3,51,1906,3270,815,330,27,17,33,66,99,165,82,5a7f443afb6d37419cf261ebf7ac3d02251c4bb0e397444436828a1ad3e35681
vt_h2_c3,52,1906,3270,817,332,29,17,34,67,100,166,82,65e012ebc22870cc0f0113db5cb46a70db0abc22d586885fa177c8d5a7bdfa3b
vt_h2_c3,53,1906,3270,821,333,30,17,34,67,100,167,83,216081abd433c4d6cb517f53157d63103089cefda9bf318d921a088faf2fc365
vt_h2_c3,54,1906,3270,818,333,30,17,34,67,100,167,82,e2abd3d30020a570bb59cc1c4820c7e7df76b8fab5ed0986d6868aee1a0edd78
vt_h2_c3,55,1906,3270,815,330,28,17,33,66,99,165,82,cd2caa6dca3ad00901f8be1aeaefb6877749481ef0a7eca768128997e1e3c9b1
vt_h2_c3,56,1906,3270,817,330,28,17,33,66,99,165,82,b854a4a1d382c029b77a13e8b23d15a151838d0e17f7faedae114fbe36a24317
vt_h2_c3,57,1906,3270,820,335,30,17,34,67,101,168,82,137aca4b48f753aaff11882acdc4268df84058682cedc714fda9ffb15d61ea65
vt_h2_c3,58,1906,3270,818,333,28,17,34,67,100,167,82,964ffaeb49c2fda5a1c787e54bfd270336c08f247fa32351fd08d80b962ce210
vt_h2_c3,59,1906,3270,815,330,27,17,33,66,99,165,82,d3df6e4ad87c139d50367fa0cb5372aff5d79c43b875d4718ace8a60c0370cb9
vt_h2_c3,60,1906,3270,818,333,29,17,34,67,100,167,82,30cacf2e12417888f7ad9fec14b420df69543519c3eb041aab981b5fddb7907e
vt_h2_c3,61,1906,3270,815,330,26,17,33,66,99,165,82,8069331257acede7b8c7c3711281a3fc8c212869483afbd02011752baa3989d8
vt_h2_c3,62,1906,3270,824,336,29,17,34,68,101,168,83,8b41388a8d1c6a6f76ec0f93c8aec8a0883c327681ac5e2d5a692b41e5a0fe48
vt_h2_c3,63,1906,3270,821,333,28,17,34,67,100,167,83,5e9fdb1c0d41a8622dfc7a515b929a7d7902531fb3c628c4e2f811801d4f1aae
vt_h2_c3,64,1906,3270,819,334,26,17,34,67,101,167,82,62161e84b9576e297d46f91dcb87d95dee53c3dea107d5dc3c2117fd9fc1f7bf
vt_h2_c3,65,1906,3270,820,335,28,17,34,67,101,168,82,d7c92814492cce8b1e3b27a074db72c57fa93beaa27126511ce7f3271e28e13f
vt_h2_c3,66,1906,3270,818,334,31,17,34,67,101,167,82,18e928a70c36e5595877368fe6669b0f5a297b735db17fbd3e6a7478d382d69a
vt_h2_c3,67,1906,3270,812,330,30,17,33,66,99,165,82,20323ef01a11d44c1f3114265cde9e86945837173c722da512386f5dcfe882dd
vt_h2_c3,68,1906,3270,818,333,30,17,34,67,100,167,82,a6ed7beb7386217ef3bce8ce05d5dd050d4d409bc6a39a9bd58e664e53191318
vt_h2_c3,69,1906,3270,814,329,26,17,33,66,99,165,82,2fc474f6f33532c38cb390fa9ece4b84a4bfcf1c2513a35c93d0f6b5d46c6c33
vt_h2_c3,70,1906,3270,820,332,30,17,34,67,100,166,82,060bac83c6b1631a90a9c49ceeb84901f80a8156a51b678fa455b1bd8a941650
vt_h2_c3,71,1906,3270,814,331,28,17,34,67,100,166,82,5b812f1320e2e0f47f5ca9d2d2e96f71c8783808dd2938687ea60715fd31ac7f
vt_h2_c3,72,1906,3270,819,337,29,17,34,68,102,169,82,023e04ee20c5f42a224102392f0d7bb1aabed014a2e1ed012ded916849676d47
vt_h2_c3,73,1906,3270,821,333,30,17,34,67,100,167,83,90e0da7b7ea2c72547ead3b106e754ff1db452b7f6bd705b4a1279349a832cd5
vt_h2_c3,74,1906,3270,814,331,28,17,34,67,100,166,82,b8b348c179592ba70fb65c76d9a0d0fc64d4ec61fffe468e41029caff92068ba
vt_h2_c3,75,1906,3270,816,331,28,17,34,67,100,166,82,b581507a2c9089622adde487f9468abc6a77112c1c72edad33c77ca98745babe
vt_h2_c3,76,1906,3270,818,333,28,17,34,67,100,167,82,9cd8592d40449ce5312a35843435c27b76b4218d8b13d6fc73ad269464148cbc
vt_h2_c3,77,1906,3270,821,336,30,17,34,68,101,168,83,7047adc2dc1fc4af56986959d1c50a186243aa882dcb699ff2d14305e7687274
vt_h2_c3,78,1906,3270,816,333,28,17,34,67,100,167,82,55232488955d0d16c0d0df1d489ea0ce48e4f143b7c9eba68c347650f8a43d47
vt_h2_c3,79,1906,3270,820,338,28,17,34,68,102,169,82,bac5b8ad3b17b3159a7785996afb6ad9adeb44c0d3c8b1937bcc7471e86f8783
vt_h2_c3,80,1906,3270,824,334,28,17,34,67,101,167,83,3a67df1f760c802a94c7f7fa0e9a9513f5f121d48cad87a9897d65e2b69b3fbd
vt_h2_c3,81,1906,3270,818,333,28,17,34,67,100,167,82,313b3da336a041f0f16321da6967f583f5607984c34514f93c4b633e25fb8581
vt_h2_c3,82,1906,3270,822,337,28,17,34,68,102,169,83,dcaef91f4c97ac31944798a344518db59637c24c6ba032829fac46ef7b4d9503
vt_h2_c3,83,1906,3270,818,333,29,17,34,67,100,167,82,29370e51b0fcce240a7621b30fdad467e0d12371354c5ffbf1d3637768233b93
vt_h2_c3,84,1906,3270,815,330,26,17,33,66,99,165,82,c8cd8858f55d9c7e35c8435469645e46990aed9fd3131dd0559450df9f770874
vt_h2_c3,85,1906,3270,820,338,30,17,34,68,102,169,82,975b388f9159c59f72b1ca4040a04a52acac47cc356d301d0f4aeca2aa1605b7
vt_h2_c3,86,1906,3270,816,333,31,17,34,67,100,167,82,641064616a97dfd40f13aef1e46096fa238572ad777ac71218a46f83aebca957
vt_h2_c3,87,1906,3270,821,339,30,17,34,68,102,170,83,f541996ee13918b4e3fb8d39abd30916b94065d97fa36f788d2e694a394f4ba9
vt_h2_c3,88,1906,3270,819,334,29,17,34,67,101,167,82,8dd6510393156fb85d4110cb9d68e4b99e57301ba802780d332f63308d88f3b4
vt_h2_c3,89,1906,3270,818,333,28,17,34,67,100,167,82,83813b94d87e49c9d0dbf6881f539d0a5c32c41bfd9f829fc6ced7ee6647b407
vt_h2_c3,90,1906,3270,818,333,30,17,34,67,100,167,82,284a0910e919c2285aa95db60a7a7744758e96d56354a96f7b7a5388871003b4
vt_h2_c3,91,1906,3270,817,332,28,17,34,67,100,166,82,ac3e47534c184b7ac46b557afada4c549b81eb24acf6e65ba8e3f703e688fa1c
vt_h2_c3,92,1906,3270,816,331,28,17,34,67,100,166,82,bc219395dd65674203642abb76ca16eb54f256ea167959a950e359097b0d83ea
vt_h2_c3,93,1906,3270,817,332,29,17,34,67,100,166,82,f3d5853b1747815640b64d5db80daf532587d99301d067e7847552b5bda225d8
vt_h2_c3,94,1906,3270,819,334,30,17,34,67,101,167,82,d99c64eb3ff82ba2fc050073c8a74c7b5e4ec6aaff090e63a6ba9c8a8e063296
vt_h2_c3,95,1906,3270,827,342,31,18,35,69,103,171,83,04f72998c303d6f19672df696bbd88940208122dafee998abb9d81b27c08e020
vt_h2_c3,96,1906,3270,818,333,30,17,34,67,100,167,82,665be1708f3dc354f0c9da868d09d033bb6850846441b8538d0c0ab44084f92c
vt_h2_c3,97,1906,3270,815,333,27,17,34,67,100,167,82,cb9214761f455a259e88ddd47fd1dd57f2bfa963253d5f1fd66b923ece1ac830
vt_h2_c3,98,1906,3270,820,335,29,17,34,67,101,168,82,1f062f50fa7fb381cb28caca7f1094fa53b7c1a3e41903e1c8b3cd239243cf80
vt_h2_c3,99,1906,3270,812,332,28,17,34,67,100,166,82,927fd4a480281a2104687eb95211c7df7fd0fe9091ba877c456035751e661b79
vt_h4_c1,0,1934,3396,816,336,51,17,34,68,101,168,82,867ab42c658f77c6eb8a81327caa5529d1b2421c81fd34748663d9e7f6c79328
vt_h4_c1,1,1934,3396,813,333,48,17,34,67,100,167,82,0876c11773d9c2f333d15c7765447736d741d6bd711479264a070a3981b8dde9
vt_h4_c1,2,1934,3396,811,331,46,17,34,67,100,166,82,8c376e1ae01c57f7761f97e998cf92de22ab0bfdc42256b5a789c622766da8ca
vt_h4_c1,3,1934,3396,812,332,47,17,34,67,100,166,82,d7e6f1991e80e9f7334969ae644ced990180a47039a7445d50d4e5d1d1510084
vt_h4_c1,4,1934,3396,817,337,52,17,34,68,102,169,82,4f3ec9afe5f564911c71e7bbc169a5253962cb49a1efbc1e50cfbdc158fd3162
vt_h4_c1,5,1934,3396,810,331,46,17,34,67,100,166,81,6e38d3304a529515a6fe62a66ae412f29715473dea04d4e45d900d1954c70b97
vt_h4_c1,6,1934,3396,811,331,46,17,34,67,100,166,82,35efe4fe059a239958d287e4b56db45b34b49549d20ebdaa4494bbbe83bd6359
vt_h4_c1,7,1934,3396,810,330,45,17,33,66,99,165,81,98c430cdb051d8a67b8164399503d7b078ddef05c32ce700fa849afdb3f5aeeb
vt_h4_c1,8,1934,3396,814,331,46,17,34,67,100,166,82,bbb63551dd383562bb0f6e15fc56f93bbaa4365bf3881579c2bf00baed67e5b1
vt_h4_c1,9,1934,3396,815,334,49,17,34,67,101,167,82,450e5d94f11c2befd33fbe333c4436a43527be6a7f64c8c49be6286d5a013e1a
vt_h4_c1,10,1934,3396,817,331,46,17,34,67,100,166,82,3cc3ac2e872274a372db4d915e08327a0cf20ce514ba640d3d70e26edd0e4116
vt_h4_c1,11,1934,3396,813,333,48,17,34,67,100,167,82,7da3612eb3dbba3b4c2d600bf16543913ac1238619c34b25ad68c4037ff04f3a
vt_h4_c1,12,1934,3396,822,339,54,17,34,68,102,170,83,35b3771b07b5acad08d4cff93186bc7d3ccbd3e558f558cf6585ba6d8f8c6bd1
vt_h4_c1,13,1934,3396,813,333,48,17,34,67,100,167,82,6d907b49a296bdcfdf9d0d816d12ab0c09b3f8e42d3bed07ac2cb11639271f2b
vt_h4_c1,14,1934,3396,820,337,52,17,34,68,102,169,82,79099cc1d3b689d98750ad5b8870a3bf8af64ce465fd3aa7b2f7ee8566bdb960
vt_h4_c1,15,1934,3396,811,331,46,17,34,67,100,166,82,b2db0adbbec83072545a658f187a3c41c0525619a06176207149fb416173c766
vt_h4_c1,16,1934,3396,814,331,46,17,34,67,100,166,82,309b36e5b5eae33d4474763b837f1f3a62018882c0b6e171bb2d0b1040ed83d0
vt_h4_c1,17,1934,3396,809,329,44,17,33,66,99,165,81,8c5279973e1e9743b7eaaa3c669d468858b6f860905b294e0c32cb6156abd7e9
vt_h4_c1,18,1934,3396,813,330,45,17,33,66,99,165,82,363cc24617ca1a68fa2b8ff151b8cf8bf39b40186d9d5774000d7dc3ee19de7b
vt_h4_c1,19,1934,3396,817,334,49,17,34,67,101,167,82,43badd99d475aa4ca6a56cd46635c0c1d3907832ebb5e01f31bf790c6c8d5396
vt_h4_c1,20,1934,3396,812,332,47,17,34,67,100,166,82,1c10456af3be99bd63372553f7b27ab87dda17620ac9e6693f1b6d56a9f31e74
vt_h4_c1,21,1934,3396,812,335,50,17,34,67,101,168,82,2ff7d6bb77957b94324f8d598f53f9a6a0fbdb6cc91587bb08524503aaee6832
vt_h4_c1,22,1934,3396,814,334,49,17,34,67,101,167,82,96b865d313b062e17bc7cc9f2d7bb1d7318e9d32b6ad53a2de18b675e7cad445
vt_h4_c1,23,1934,3396,815,335,50,17,34,67,101,168,82,210c474b499e0e2771e88f2b41f11550bc7f658b848c9404f4891d7d85028713
vt_h4_c1,24,1934,3396,813,333,48,17,34,67,100,167,82,89927001c74a3ed5dab1ae75f8532e6d9b3a0292f141f310fb961a28a13b9894
vt_h4_c1,25,1934,3396,811,337,52,17,34,68,102,169,82,bdeedc7f5103a8514180e6e2ccdb1e8a75db2bcdcf396f3042e5aa22624d158a
vt_h4_c1,26,1934,3396,815,335,50,17,34,67,101,168,82,a56674bdf8afec37344b966883bc5ee7f4a8ff30e0a4825f36b2921aeebdfb17
vt_h4_c1,27,1934,3396,814,334,49,17,34,67,101,167,82,29ba7b2b916efaf4bad1011a972a0bd86be229930a748d4b7571181648a81669
vt_h4_c1,28,1934,3396,813,333,48,17,34,67,100,167,82,01491579e3964a3f896c443a52e9012df58c87058abbe542057898f2bfa990f2
vt_h4_c1,29,1934,3396,811,331,46,17,34,67,100,166,82,090a1aced9987c025dad6f2bedaaaf2384904f3b2d3aac965394644aea82386a
vt_h4_c1,30,1934,3396,811,333,48,17,34,67,100,167,82,7a7998f5ceaaaa608c787791f7ecc76f4248389c544e0331dfd7f64c84790d0b
vt_h4_c1,31,1934,3396,815,333,48,17,34,67,100,167,82,12cdca29b64860fdfd7659e0c4b3a4088bad947d9d81ef89ca72b8e5679e3f34
vt_h4_c1,32,1934,3396,814,331,46,17,34,67,100,166,82,a752958cc676151f206dbe2c97e0a5a87cbcbb81e8fd5516027ff8fc60a8b1e5
vt_h4_c1,33,1934,3396,817,337,52,17,34,68,102,169,82,4a3a7c8906d4955adbec183584eaafce3cedabc00eea5bb61eb72a34a681dbd6
vt_h4_c1,34,1934,3396,817,335,50,17,34,67,101,168,82,abef05f2b47e32d1b02ecc83958b2b7373826c4b92417b93bc0e77a19cad5d0c
vt_h4_c1,35,1934,3396,810,333,48,17,34,67,100,167,81,cb6c7fcc86e93ed188489ebc929b52d5ace3389c3a09d47f665c4b70ddc43775
vt_h4_c1,36,1934,3396,815,335,50,17,34,67,101,168,82,020491945b7b68768c5ee96d35e9c35756fe74a18b9a8e7fc3521e0a75cfc570
vt_h4_c1,37,1934,3396,808,331,46,17,34,67,100,166,81,5c62af91981ea1ecdf4598b016935ac6974e3e730f81c7859490d91b15bbabc8
vt_h4_c1,38,1934,3396,815,333,48,17,34,67,100,167,82,201bdb96816e1c62d6ebe53db4b2ac9155dab5440693958b171be7abe2904c0c
vt_h4_c1,39,1934,3396,808,331,46,17,34,67,100,166,81,d7575f82e489b5463fbdc30422863fbb0ad733870c63323a2ed7862433c6c747
vt_h4_c1,40,1934,3396,806,332,47,17,34,67,100,166,81,699d70afd46426e936c3f66ea254d2f0031b70809c0a4f48f8d3c696001cedf6
vt_h4_c1,41,1934,3396,813,333,48,17,34,67,100,167,82,e80fd6637cb43f2ae119cf879ca574e04ce174cd3b712eb2ccba0447247381ae
vt_h4_c1,42,1934,3396,808,329,44,17,33,66,99,165,81,b61073d60de2567b9d0e44096998a13e2f05f86dbf0527d0d76ff30199a89ba2
vt_h4_c1,43,1934,3396,810,333,48,17,34,67,100,167,81,f0a1ad5db15161def53c5030bbfc87f5cb99398f72044f4e7ab21a8a88ec5de4
vt_h4_c1,44,1934,3396,816,333,48,17,34,67,100,167,82,9b0951060b25b4c38b3942d7e384ca347f3302dfce27fa9f106c060654071203
vt_h4_c1,45,1934,3396,810,333,48,17,34,67,100,167,81,3c2cf34a3a6f0dacfc4921f3cc166be5f47e1fd415dfdebbdbc65189c7cad8c1
vt_h4_c1,46,1934,3396,812,332,47,17,34,67,100,166,82,efcc211ad4a40989f0efb9315f65f5deaac32b8b0b12f730de2c0926f12fd591
vt_h4_c1,47,1934,3396,809,329,44,17,33,66,99,165,81,3d8f833c1141f7eec517bbe1c176438ce95b5c13e0e60ed2d5e782e15cf3288a
vt_h4_c1,48,1934,3396,811,331,46,17,34,67,100,166,82,a20ed07037ecccab755286160e5e546851f02838d06e52a656d896c33d2112d5
vt_h4_c1,49,1934,3396,812,332,47,17,34,67,100,166,82,5f50532b09a21c38c368e8a310877676bd91ef10c771a0084e3bc4f5d0856b44
vt_h4_c1,50,1934,3396,812,335,50,17,34,67,101,168,82,1495c77120ffa67bb9113bb45785a7decbff5df5113c38a171cb463b9ca9d77f
vt_h4_c1,51,1934,3396,809,329,44,17,33,66,99,165,81,fffe102be7445d1c30d484f2f20b0c6cac6a69b882358164cceac65b3075fc24
vt_h4_c1,52,1934,3396,814,333,48,17,34,67,100,167,82,f5c168c1ac1b55f091c5f1ffe43682d014b4ab78851baf3db3dfd7db584494ea
vt_h4_c1,53,1934,3396,810,333,48,17,34,67,100,167,81,25d3de7402ad22606bbae8a27d2cc21d4da611b5320a75b5d09166ebaa748e49
vt_h4_c1,54,1934,3396,810,330,45,17,33,66,99,165,81,94c0cd49bd7025769216c2b0db5691a5c57a81a4deb82cc8904b5a4105015fb7
vt_h4_c1,55,1934,3396,814,334,49,17,34,67,101,167,82,64e23bc67e1e0cf51134daafb439b4b3e1dc0b8fbf378696086ee6c3eea481a9
vt_h4_c1,56,1934,3396,813,333,48,17,34,67,100,167,82,c2bf43bc07cdc3c82bc2cd0f4db2dd675240841f0e4fbf93ebef4a57234aaad3
vt_h4_c1,57,1934,3396,815,333,48,17,34,67,100,167,82,1408250aa9f04f5a477976f49abc81b8413ada12006b08c78c5c889856f84406
vt_h4_c1,58,1934,3396,814,331,46,17,34,67,100,166,82,d25365bc618a3c50d93987d3697cc1e63ab056e5cb819f90fe4a164cb6e9bc16
vt_h4_c1,59,1934,3396,813,330,45,17,33,66,99,165,82,4686409f9b8e0cd0213a15f7d1cf65bf2ec4c81a3ada8240608d986e66bb507c
vt_h4_c1,60,1934,3396,813,333,48,17,34,67,100,167,82,1487db2ca9891415ae098be6318d1c17467c80458e03cae8f78744ec1e1d64b1
vt_h4_c1,61,1934,3396,814,334,49,17,34,67,101,167,82,498b88f13c9eda3ebe491a6f19e32abca679c9430d3e0655ded2b307155b1f2a
vt_h4_c1,62,1934,3396,813,333,48,17,34,67,100,167,82,71e79360c08d071ea60e65b036ca6fc1a7c31c296a9c189114388478d15fdc1d
vt_h4_c1,63,1934,3396,814,336,51,17,34,68,101,168,82,b16a77a9ea0193797f414b09ce09db87a6f1bb108a90b73639cab2b7cad88090
vt_h4_c1,64,1934,3396,809,332,47,17,34,67,100,166,81,979d4bc30b83748e60c9263926592d65cf7b03c4a7441a9c9cb5dd1828f22784
vt_h4_c1,65,1934,3396,810,333,48,17,34,67,100,167,81,476cdfa1b87e3e28fb9a03ac0d461713291ba6c8b94072217fba17a03ef558dc
vt_h4_c1,66,1934,3396,812,332,47,17,34,67,100,166,82,d39d26da42cad23820cce937dea49c891f3fff3180f1511ded66b0ff9aa032d2
vt_h4_c1,67,1934,3396,813,333,48,17,34,67,100,167,82,82f45f6eba4e8f610faf6d196c4c3007b404fa8fe77607920475cb2e42d58164
vt_h4_c1,68,1934,3396,814,334,49,17,34,67,101,167,82,a356fe092797eba398592dcc229f25b74b8a5705d3ce544928323bd5d9d41a9a
vt_h4_c1,69,1934,3396,813,333,48,17,34,67,100,167,82,5480fb1f8b77f3d465ab3535bc3fbdcd00cc41776da87310a4c3a0235cbea803
vt_h4_c1,70,1934,3396,816,336,51,17,34,68,101,168,82,3fd8329035b58c61b6e0554774da8db0843a4580fabc9ea2d3dc79cfee1de6a6
vt_h4_c1,71,1934,3396,809,331,46,17,34,67,100,166,81,cac85a1d4a8a5850307ff74550ed616f0ca5fb1c859f8330817c434e56d5fa74
vt_h4_c1,72,1934,3396,815,335,50,17,34,67,101,168,82,bff88b49f7e53c177c3e8023ecf9fed6bcd1ad49b28754a1ec80b7d375917efb
vt_h4_c1,73,1934,3396,807,333,48,17,34,67,100,167,81,4a87b37fca8bc782bd1d4b3276565a80aa2a397a9b29703eaba8eaa5a3fdb5bf
vt_h4_c1,74,1934,3396,808,333,48,17,34,67,100,167,81,1385a02bdcb29ebdc17877be3bde0fc086a393c6e69d9f22bfc7aae7e7a439b5
vt_h4_c1,75,1934,3396,806,329,44,17,33,66,99,165,81,14cb4045309accb4aa961b3b090f317a37eaa271d4161f2c9cbb36bd6ccab8af
vt_h4_c1,76,1934,3396,813,331,46,17,34,67,100,166,82,c324d55239f5d8a0ad753275332bf21239d20f4d016e5297ae8eeb0602948b29
vt_h4_c1,77,1934,3396,816,333,48,17,34,67,100,167,82,5487a2803b6b71d3689f531f396d6731c1d0fcda202e52b30e5b8b7f79690622
vt_h4_c1,78,1934,3396,815,335,50,17,34,67,101,168,82,4cc4c1b2ea398076263e8a6fd952656faac69d53f5f58bba568a60ffb75a38ac
vt_h4_c1,79,1934,3396,814,334,49,17,34,67,101,167,82,aac72063d9dc41bb26b0bee481d6551e4acff43ecbdfe80dba543cf5c601e076
vt_h4_c1,80,1934,3396,811,331,46,17,34,67,100,166,82,85790b80c8254879eb552c7929360ea126d939d0f95c5bb7bbe8c3791c75a037
vt_h4_c1,81,1934,3396,813,333,48,17,34,67,100,167,82,3bde704b651dbe647d56cd2183518f891398ae245eb0aa7bf1b3f45a7bbf6181
vt_h4_c1,82,1934,3396,814,334,49,17,34,67,101,167,82,97cfa98c7faf0668d0831c088418310829e038964cd9d0fe2ce76c07d9473e2b
vt_h4_c1,83,1934,3396,809,332,47,17,34,67,100,166,81,452f68d9dd65181ef5559fdb5dde730251acdf669003b1249e15e7bce986427f
vt_h4_c1,84,1934,3396,807,329,44,17,33,66,99,165,81,dc90e00cb39f0d38bfd5698a3a5d6dc8a151e4e6729a0144739d350fe7476d26
vt_h4_c1,85,1934,3396,809,332,47,17,34,67,100,166,81,02e1bc94dfc9fada85657b60982ccddac87c7126ca458f36ff0d33fb6bba4445
vt_h4_c1,86,1934,3396,815,332,47,17,34,67,100,166,82,f2f3d39ff35f40787916a320c0329a8a645ec9a2a4626e1f32a3307b028afa6e
vt_h4_c1,87,1934,3396,809,329,44,17,33,66,99,165,81,920401d1736ee72b0331bc63ef3863c41141725341254a4bc632d15582180ed9
vt_h4_c1,88,1934,3396,811,331,46,17,34,67,100,166,82,b4602dba096d0d03d7d8d9dc93a06af1e36b755f7b2e901ca25e1f3186169842
vt_h4_c1,89,1934,3396,806,329,44,17,33,66,99,165,81,aa5259494f86d76f3d05ee240175c73b820ca7cc7d9ec4be7b06c63462e3d61f
vt_h4_c1,90,1934,3396,808,331,46,17,34,67,100,166,81,fe5bd1fb1ef2f781ab11a6e2d42ffa327cf64bda0251a50da223fe5d587463d3
vt_h4_c1,91,1934,3396,814,331,46,17,34,67,100,166,82,b048d7d6b9cecc02277dc04cb1783b0faad4708c7436fc4e972dc2c026c91a9b
vt_h4_c1,92,1934,3396,814,333,48,17,34,67,100,167,82,ea7d40207ce0d5e479394f607eb8ec7ddc5c27dc3827a2c3c12d11c54f78ea30
vt_h4_c1,93,1934,3396,814,331,46,17,34,67,100,166,82,283b15b1efe910977f09a802c2ee037a675c5a82814b4a24060b9bc3b6ae4de0
vt_h4_c1,94,1934,3396,818,336,51,17,34,68,101,168,82,62818cacc6e65ae6de50dc752c6e7c615f7254af8da3404831555957603beeff
vt_h4_c1,95,1934,3396,814,331,46,17,34,67,100,166,82,fad259cff8e994ba1de86b564114ddadf0c06d6c2f57ed41f91a152449a017f8
vt_h4_c1,96,1934,3396,809,329,44,17,33,66,99,165,81,53b266fd0ddb8a968ecc94bacc4c6019483f8aa87efbea716e0e79b375735552
vt_h4_c1,97,1934,3396,813,330,45,17,33,66,99,165,82,48cc70a46300d27b9b0fa568ddc16a341152108057a5ca8e4ad5dac0e3eb5882
vt_h4_c1,98,1934,3396,811,331,46,17,34,67,100,166,82,6eed440107d6668c1e5782a1e22f7628e0d23852066f351446e51779f64cf1a7
vt_h4_c1,99,1934,3396,811,331,46,17,34,67,100,166,82,5656dcbccb3728f24d86e16bc99e1293ea4919e7fc626106c81352bf9d0f5591
vt_h6_c1,0,1890,3308,808,329,63,17,33,66,99,165,81,99f45ae514ca47ca57228b8b5a5af53d3938f0e7fa6bf6e5ed7261b384f44b92
vt_h6_c1,1,1890,3308,814,335,69,17,34,67,101,168,82,2c6d2cf7940838a71eb35ce160958d8041b615d7395169762de1961b3630d020
vt_h6_c1,2,1890,3308,809,330,64,17,33,66,99,165,81,dd8809562e8234b71caf3018b83b4fbeccbe9e07def403b301ba777d9e69eba7
vt_h6_c1,3,1890,3308,820,335,69,17,34,67,101,168,82,383da41b90e870401a1550549299daffec4badfc08c7e7c533c4bc8f816adff8
vt_h6_c1,4,1890,3308,807,330,64,17,33,66,99,165,81,b755c3c79635aa16f1294793a7527bb870e999e9d27d24bcf3877a49ffd42528
vt_h6_c1,5,1890,3308,809,330,64,17,33,66,99,165,81,8a2126db65ff03d9ecb48e5d189e0f460f470ad83b65f57462dc4f1ea6a8bab4
vt_h6_c1,6,1890,3308,815,333,67,17,34,67,100,167,82,55988d9deeb1f9042afc3e627f4cc6c9f991ba6bd3487c20c2122549e337bfcd
vt_h6_c1,7,1890,3308,809,333,67,17,34,67,100,167,81,a89a204037b7999f541b388bb811ab66967f5f8381076b29a4c21e4f5378245a
vt_h6_c1,8,1890,3308,816,334,68,17,34,67,101,167,82,a6714a660e0f57b486774733860b0fa8da03fd6debd1f118b063e8e91cb9ab76
vt_h6_c1,9,1890,3308,811,334,68,17,34,67,101,167,82,94133a0531ef6f60c4fad714e86667432090afcb4d9c876be652cad1b8d4f3a9
vt_h6_c1,10,1890,3308,811,329,63,17,33,66,99,165,82,c8fec957dcf87b11951ed1d08d4838bc19ae389ef552b324140e674a8d069f2c
vt_h6_c1,11,1890,3308,811,332,66,17,34,67,100,166,82,bdd207c3d91ea284895375369075b3d71a43910912b674b72a51d7ba8436460d
vt_h6_c1,12,1890,3308,809,330,64,17,33,66,99,165,81,9f50d99c038583d1f3a47e1a709cbece69970cc0d54723b0a5e623b3dcc240cd
vt_h6_c1,13,1890,3308,819,334,68,17,34,67,101,167,82,d835f88ca3a228751f71059a416dd8749c6fc34409fa4e922c04bc5a76af95ee
vt_h6_c1,14,1890,3308,811,330,64,17,33,66,99,165,82,078bb38783846ddc10bd426d399ea70d307a70495825e02a2fbfac4080c24c95
vt_h6_c1,15,1890,3308,811,332,66,17,34,67,100,166,82,ba8884907def581ce6151a872045aa240465d3fff362ed143d9e98561e7a982a
vt_h6_c1,16,1890,3308,816,334,68,17,34,67,101,167,82,f91b4f686923b89fff660d6218aa5e4f51d0e9ebb98b05a13877ad698992b9f7
vt_h6_c1,17,1890,3308,819,334,68,17,34,67,101,167,82,68f3ee8fa5c56ea86dcb3857a619a602064b939a8f36a31ebf3463c62f72d3ec
vt_h6_c1,18,1890,3308,812,330,64,17,33,66,99,165,82,0869f11363fd29e83f8475db8498ae1f1e0fe556fa329b3c890c661b4a619761
vt_h6_c1,19,1890,3308,814,335,69,17,34,67,101,168,82,ec92ae3f118f4d8decd826fb4d5d47c8a9acc38906dccb998d6fedc8a35fb95c
vt_h6_c1,20,1890,3308,811,332,66,17,34,67,100,166,82,b7413f2bfd79b81e447e01835bc8d6bfa2e7cde5b931a55322ba217a95f9c9f6
vt_h6_c1,21,1890,3308,811,332,66,17,34,67,100,166,82,a3ad1bf09d59d255fdc3811456678f248b6db22fe2f83f2036f8da514e72b3a3
vt_h6_c1,22,1890,3308,811,332,66,17,34,67,100,166,82,460649850a59a1f9e674e106bda3f3152424ee69b515626bad20ae7366c77cb6
vt_h6_c1,23,1890,3308,811,332,66,17,34,67,100,166,82,00d38edb4c570af80dc28f41bce14a1cc577ba27f76ee84a25e3554026b06ebd
vt_h6_c1,24,1890,3308,811,335,69,17,34,67,101,168,82,0b2ca42e93749409054dcb8988f2acc3288f08d5c130d717ef4090ecc57d3627
vt_h6_c1,25,1890,3308,808,330,64,17,33,66,99,165,81,e8df054e0c41c285c93b2ea6c324a606a2773faa0eb4fafdd40f8415d7c7f988
vt_h6_c1,26,1890,3308,810,334,68,17,34,67,101,167,81,df39932916ef80b597da4064010ee39cbb3cc7e67d351533d7bbc23e2a35bf6e
vt_h6_c1,27,1890,3308,811,332,66,17,34,67,100,166,82,687d1e2444045cd37db7e8b30fc3822745f8ac2da69c51b1adf341d0be5b9a0a
vt_h6_c1,28,1890,3308,810,331,65,17,34,67,100,166,81,d639dab1bf7cd10fbe46eb4d882262ece446fb33546de80bb837595509f2da2b
vt_h6_c1,29,1890,3308,813,331,65,17,34,67,100,166,82,2fed749b61aacaa81657c0cb75c55b66fe53301e986786e6f346ef60b0e3f1da
vt_h6_c1,30,1890,3308,806,330,64,17,33,66,99,165,81,22a2c1d9922264195b0ad6f605202dce5dbe75799f2c306a2278aa2e2a01dafb
vt_h6_c1,31,1890,3308,809,330,64,17,33,66,99,165,81,186101352bab312a322d3a4e2595dac61ac1f5671494edfcb44649e7a65bc300
vt_h6_c1,32,1890,3308,812,330,64,17,33,66,99,165,82,f852d74c3f655eea340e5be8cf201a8b114b8a4614411023dba234da75de2377
vt_h6_c1,33,1890,3308,809,330,64,17,33,66,99,165,81,b81cac39ca33baaa7af72b5df0eca1a4929117efc1d45374c5bf04c89867d2ef
vt_h6_c1,34,1890,3308,807,331,65,17,34,67,100,166,81,6f43a61c13f04b48da08443ae30594696d16d5e1e6d22a9cdb356c92d5a7487d
vt_h6_c1,35,1890,3308,812,333,67,17,34,67,100,167,82,5c21640175ad20e29656314121e45221d6b546c0f88c35949dac97c3e27463ad
vt_h6_c1,36,1890,3308,810,331,65,17,34,67,100,166,81,85e9e2170e280fb2ed22e8124daf0d259304368adb62cf64e146f94b4c401d9b
vt_h6_c1,37,1890,3308,814,335,69,17,34,67,101,168,82,8b62452ec526f0882d4f0b6a416520673b1454e34d5692da7b7f38db90906b8c
vt_h6_c1,38,1890,3308,809,330,64,17,33,66,99,165,81,6e6b24464b3d2692f268ce3edd768e593ea2e3e342e4c2720d2f9417fdea0712
vt_h6_c1,39,1890,3308,814,332,66,17,34,67,100,166,82,f8430d84f6535de5e5e12124d5cda993527b6d1ad7e6863e3e86b7c26b87b827
vt_h6_c1,40,1890,3308,809,330,64,17,33,66,99,165,81,6bd469b13cb30e70bed5025859a7eb73e563c288f5de8673617dbbe3d2b76c77
vt_h6_c1,41,1890,3308,816,334,68,17,34,67,101,167,82,b7961efadd4a2c009c5b51fbd6b5358ac4fffbf4bbfd28166e5f5774caddbcdc
vt_h6_c1,42,1890,3308,812,333,67,17,34,67,100,167,82,5f20ab4dc9a2f6db6f579bea0c1defd77abe558128dce4b2c5372f5e5d9d269c
vt_h6_c1,43,1890,3308,810,331,65,17,34,67,100,166,81,01e5ee4292bd54a2dcfdb38821150d5f07bb77508c25632af3fd6537adb52dfb
vt_h6_c1,44,1890,3308,810,331,65,17,34,67,100,166,81,38c97036e37ee453b714a601b27184d2554220817ff089984f2f44767e7b020b
vt_h6_c1,45,1890,3308,818,334,68,17,34,67,101,167,82,9a78e38ba1c7abcc2bef6727abc455fe0bf064accab269d42c79122783e17f69
vt_h6_c1,46,1890,3308,809,330,64,17,33,66,99,165,81,36caae404eceb0abdbb5124f31bb53668c711e49f7e2a9155307e047edfc19bf
vt_h6_c1,47,1890,3308,811,332,66,17,34,67,100,166,82,ef3a3a9b31d5275c648d5f928807abebf80251d2971b779358f86d249d690d6c
vt_h6_c1,48,1890,3308,811,329,63,17,33,66,99,165,82,99321bbffe78e32af5561fbe841b635ce3c71ed9f151735c913e121405dd1f76
vt_h6_c1,49,1890,3308,807,328,62,17,33,66,99,164,81,68a2aa8e012b5f9e43749615dc5522785e4dbecaea0e9c81342e51205d440be5
vt_h6_c1,50,1890,3308,809,332,66,17,34,67,100,166,81,6700d25e399ba5b529a7f739a0a3792c7395f74133403260c17f0df01075f4b0
vt_h6_c1,51,1890,3308,813,334,68,17,34,67,101,167,82,0a632e9ca25fbb239a4e10ebc2db70220a5493653f98846def5638b762126cd5
vt_h6_c1,52,1890,3308,809,333,67,17,34,67,100,167,81,82347048d5e4c097289d04893c38d96c6b4365f5ba0daf1e5cdb3815c60ad831
vt_h6_c1,53,1890,3308,820,338,72,17,34,68,102,169,82,c0b162c8d610fe1ee5226330d70805d03fe4582385002f989266df15c9ececca
vt_h6_c1,54,1890,3308,814,332,66,17,34,67,100,166,82,b0e3a5326243cd2527f49caac459f8b65786096e67b07ec7f728cdc10d094c84
vt_h6_c1,55,1890,3308,814,335,69,17,34,67,101,168,82,5ad35c8e0e443c53fb1dbe06d27e512da8da68d0361f2d6f679311840c13502b
vt_h6_c1,56,1890,3308,811,332,66,17,34,67,100,166,82,7272fc9cea7115d73639b744307ace348e5826b8ca9674da354c36adea90b141
vt_h6_c1,57,1890,3308,806,330,64,17,33,66,99,165,81,7785842fc5d740bfd5ea0181023f2c78f3e34a957ba8e47ac3168fa8fd374f96
vt_h6_c1,58,1890,3308,809,330,64,17,33,66,99,165,81,97aea3e650e5c06c616cb9049bdccb2783feb2dd2a66dabb62701d6e39549f7a
vt_h6_c1,59,1890,3308,809,330,64,17,33,66,99,165,81,3da8273dc322d8cf70c401785d9a3e50a25afce967e57d45331c278e209f9e52
vt_h6_c1,60,1890,3308,807,328,62,17,33,66,99,164,81,8d47d5034a33684b65412c2935f49f7804d3229ead84faab0cb04dd6b88498fe
vt_h6_c1,61,1890,3308,806,330,64,17,33,66,99,165,81,5af7597e006705691af0cf1d90c442df21408065636889cd1e8dfb2b5b9de969
vt_h6_c1,62,1890,3308,811,332,66,17,34,67,100,166,82,84667e7086c9935885ca6b1932ba47b0066a302e6752f563378ab6bd3b307228
vt_h6_c1,63,1890,3308,815,336,70,17,34,68,101,168,82,0d271200d2894df517ca9ea1c68617db7d90086482546eb66848b11557be175d
vt_h6_c1,64,1890,3308,809,332,66,17,34,67,100,166,81,ea244d26a3831cdc12aaa115b00351ab9f719054454dedb32179f20547caa8c8
vt_h6_c1,65,1890,3308,809,333,67,17,34,67,100,167,81,6f9cb179ac27a099fb34735a81cbb8cc2223da4a0d54d50c84b8ea7b78b64301
vt_h6_c1,66,1890,3308,809,330,64,17,33,66,99,165,81,613a21f2fd3f4760463c26592e0b02c5b258d301f75e84b4794a7372043ea6d7
vt_h6_c1,67,1890,3308,817,335,69,17,34,67,101,168,82,f7199c46830344189a121cf36ad4ddb79c788feffa5b77367d94953937f3a381
vt_h6_c1,68,1890,3308,807,328,62,17,33,66,99,164,81,990329645a1bd9e0d6125f5d93ba7afd22ddbc9abe14fc8aa9cc7de5dc0111b6
vt_h6_c1,69,1890,3308,812,330,64,17,33,66,99,165,82,a5224551b6fe78e0b0782d0a0e579ddd546e54e7dfc58f7fd28f2d2de31df1ed
vt_h6_c1,70,1890,3308,815,336,70,17,34,68,101,168,82,c3810eb39c23996bf8d670f8f0884c0696575283eec40c7fec453d3d0a9db147
vt_h6_c1,71,1890,3308,810,331,65,17,34,67,100,166,81,c7c0a509aa9e314b1aefa384feb0eefd04471ed55ad65ae4e4f08f2c00f63303
vt_h6_c1,72,1890,3308,806,330,64,17,33,66,99,165,81,fb58d9e2c171d2434762971f1c360dee78e124575f73df9684a14f039dc0b641
vt_h6_c1,73,1890,3308,811,332,66,17,34,67,100,166,82,630d84b6fae3418a78bdbb2c2fa6e3e87c4a7e7d3a5244671b50eb1d480e3b2b
vt_h6_c1,74,1890,3308,811,330,64,17,33,66,99,165,82,4d55da2566e60c5bb9749fb17d50a6effa958270a69f259c6a267c3e994a6565
vt_h6_c1,75,1890,3308,807,328,62,17,33,66,99,164,81,44ec939faea4dc5e8bb2f9d7c695f037f232b9e5be514842ad82acd8b509b952
vt_h6_c1,76,1890,3308,806,328,62,17,33,66,99,164,81,361a5209ca361e590a70c5da87495cdb9cbe246c572b703cecd58df54f204225
vt_h6_c1,77,1890,3308,811,332,66,17,34,67,100,166,82,c1d615d47ac27167d8c377d610cbe8393ae28c8a938291a9630bc5c70e84a645
vt_h6_c1,78,1890,3308,816,334,68,17,34,67,101,167,82,5f1ed0ed9c52ab9c16766716f0269325ebdd630d37439de96db731f4af1d9502
vt_h6_c1,79,1890,3308,814,332,66,17,34,67,100,166,82,1b6bda51493f597d6dd07ce3881422a9ba18653fad0c5b05d68a1a4eaded1a6f
vt_h6_c1,80,1890,3308,814,332,66,17,34,67,100,166,82,7de519d58f23c330f2efc9edb7be33fd66c2cf11e37e885fdf567c6d1c3bca36
vt_h6_c1,81,1890,3308,811,332,66,17,34,67,100,166,82,b0dcfadf42d5a869ad78327875e3cbef8f60b2b0ea6e79536d40de62a87951f9
vt_h6_c1,82,1890,3308,815,331,65,17,34,67,100,166,82,91772a20735a769a2099ab74f6daaf4434049a846ae36628f7f57de980b4f316
vt_h6_c1,83,1890,3308,804,328,62,17,33,66,99,164,81,3ffc9e2ef89c6526f637f3446f2d9fd24021b41867d6eba297aaacc52bb4a2b1
vt_h6_c1,84,1890,3308,807,328,62,17,33,66,99,164,81,d0e0a8ff767a22c3737c442ba74f1a3e6449eab3ab3c52d8e02dcd892ee3b9b5
vt_h6_c1,85,1890,3308,808,332,66,17,34,67,100,166,81,9cc49036bb3fb1a1bb3a46b2f16a236807707887d0441e3d02b5a59a8d9c1307
vt_h6_c1,86,1890,3308,813,334,68,17,34,67,101,167,82,dde96f48afbf64006ed410ed3e7ce3607a8ee05c547e3848445d0ee487a95035
vt_h6_c1,87,1890,3308,816,332,66,17,34,67,100,166,82,76989f7e29f816a78dd9fb207975966e1c52ed366d68cb42697bc16cf7afb7b5
vt_h6_c1,88,1890,3308,809,330,64,17,33,66,99,165,81,e5d05fac83380a0cf43351c3a870a02481c57a174d7e6a71c1cd2d63372209f8
vt_h6_c1,89,1890,3308,814,332,66,17,34,67,100,166,82,0d62f09519dd1397f75387518acc9786e78360ea41fb6a23b26dcc15b042b281
vt_h6_c1,90,1890,3308,806,332,66,17,34,67,100,166,81,11356733dddee1e8af91e520a1e80ece48b6e26f4628acc7be3824df4b788c73
vt_h6_c1,91,1890,3308,803,327,61,17,33,66,99,164,81,f2daf7195dfb8ce98c2dbd674b1ccf0e7b4472af0ab251966b01aa62a29da21d
vt_h6_c1,92,1890,3308,811,330,64,17,33,66,99,165,82,555e2c2641ddf7f57296bfbf056790bbee3888577af2cba217d7b38bac7686f6
vt_h6_c1,93,1890,3308,814,335,69,17,34,67,101,168,82,d3fb75b0b052e21c40da539a2c638c47dd90c6b5209512bfeb5f8265940e1249
vt_h6_c1,94,1890,3308,809,330,64,17,33,66,99,165,81,5ff66e8b0059479a37bc2273d3e9d95c76fb8cbc280bc5ebaa5d5880c545bbc6
vt_h6_c1,95,1890,3308,816,334,68,17,34,67,101,167,82,3f68a0d83f3a6f457694855188b1d2bc71d1ca9ae0951d0d687868b44f41736c
vt_h6_c1,96,1890,3308,808,332,66,17,34,67,100,166,81,e255b4503f340ab5836f88560461b3395654bbda69df1afd36517c1e3ae0537f
vt_h6_c1,97,1890,3308,811,332,66,17,34,67,100,166,82,2074668bd54d7f4d1aa24239778298aa2405a87eadf2fb582c9f3dec020e6d30
vt_h6_c1,98,1890,3308,814,335,69,17,34,67,101,168,82,e629868515ed1b751d39d0127008377d4194b726099fb52f45c15fc8484f9cbd
vt_h6_c1,99,1890,3308,814,332,66,17,34,67,100,166,82,7d7886933a1036f3545b9843ab8ca1ecfc8b15dc85d6a797d421c11680c664bd
vt_h10_c1,0,1893,3223,846,333,105,17,34,67,100,167,85,fa231a357d0b14121b90054541c589842f374b2642da315740749b40f16106a3
vt_h10_c1,1,1893,3223,832,331,103,17,34,67,100,166,84,becb814c1aaedc478d50f63371b2f981c1710cdc90e083e4d350279f1850e24f
vt_h10_c1,2,1893,3223,842,335,107,17,34,67,101,168,85,88d7231ed99d5991d3eada22a0c652adf55fdd48dd105ee0a9a5c6f108ba4782
vt_h10_c1,3,1893,3223,825,330,102,17,33,66,99,165,83,7503894170a3ee2a5dd71341d90d5a7985b6ba94360f24c0e09c64b185fb1b7c
vt_h10_c1,4,1893,3223,831,330,102,17,33,66,99,165,84,4763b2c26a1cc9b5222b70a7519a62c470032be2e26be44019789120e3fd9f2a
vt_h10_c1,5,1893,3223,828,332,104,17,34,67,100,166,83,9460f7d9e1f33a8b601af04133212bdfa1369726ad43b978fef86932c28b2130
vt_h10_c1,6,1893,3223,827,328,100,17,33,66,99,164,83,fcb40357cdb108b13b88db8f4d6ce35a17f1137ffb368497f8d0e06d0bd3298f
vt_h10_c1,7,1893,3223,830,329,101,17,33,66,99,165,83,57452a31f4ce3a929ca1e65bbe512f1570575fa9350c2a0e84438c462789b9f9
vt_h10_c1,8,1893,3223,830,329,101,17,33,66,99,165,83,c7003c8df388c997fb9ec57780a05ba7ccd4f29328e9f429160a98737eb6d0c1
vt_h10_c1,9,1893,3223,836,332,104,17,34,67,100,166,84,240021d681325d4c8d23cb73144025533500b80d116b940df26107e1bd294fb8
vt_h10_c1,10,1893,3223,832,328,100,17,33,66,99,164,84,5fe378dcd9524bff8d783e9ba5024b4e03b57502f0b7fbeb49cb2caaa07a929a
vt_h10_c1,11,1893,3223,821,329,101,17,33,66,99,165,83,51473450510fdeb38142c70a2241c331b6b87a094772eaa30734f3b4024ac89c
vt_h10_c1,12,1893,3223,825,327,99,17,33,66,99,164,83,1e0b10e0bb5b409818311f5521d7ebfdc12fbe2ed4120dbf414a6c5fd49e1340
vt_h10_c1,13,1893,3223,831,330,102,17,33,66,99,165,84,90e014ded3b7c9521534ad1bd53e524b32b06a287ddac0ff85f20184478ff0b9
vt_h10_c1,14,1893,3223,831,330,102,17,33,66,99,165,84,816987c6641b9b0c543f2f5f4e5c235867ce365eac2bde468ee73b7a71ba1f84
vt_h10_c1,15,1893,3223,827,333,105,17,34,67,100,167,83,e210f87651b3eaf44f9824ec8da4efbfa33dd0c06ac7843733467ab8be12fb9d
vt_h10_c1,16,1893,3223,824,332,104,17,34,67,100,166,83,083047721b7351431447ff7fab5648c598ce5d5a1125002074f609310d9d48a3
vt_h10_c1,17,1893,3223,822,330,102,17,33,66,99,165,83,71f99e3240f1741834fc0bf492a30ade69550f3a5485c19985f8c2bf0168b87b
vt_h10_c1,18,1893,3223,831,330,102,17,33,66,99,165,84,b6fea9c6ebfd1dcba13c2af6ab869b1e3d9b39f0a077ba11e381b5cd9ae6c314
vt_h10_c1,19,1893,3223,838,334,106,17,34,67,101,167,84,b3cfb96cc7f44b7edc46db2471d96485e93b13c981ad6c977226a6f3fa5402e1
vt_h10_c1,20,1893,3223,822,326,98,17,33,66,98,163,83,19787f7d43c463dcb2b0eb1dea36ebf8ff488626068b78fcd92570c4c5bbac5e
vt_h10_c1,21,1893,3223,832,331,103,17,34,67,100,166,84,490fe68018bfde48c16f2753a50894568c2c83a378d8426dd0c5140cc20504e6
vt_h10_c1,22,1893,3223,823,328,100,17,33,66,99,164,83,88f5b27c896d791ba2691bf94edf44502787830e12622f4a6c7e3aa0f42a1e25
vt_h10_c1,23,1893,3223,833,332,104,17,34,67,100,166,84,f01c021200e8bdabcb07ef58d4697f8fca3b99f508fcd292d74335a52b6cd29e
vt_h10_c1,24,1893,3223,826,332,104,17,34,67,100,166,83,9862dad794a0d2992a1a827477068661703c425c3d7489bb29dfd47c0d874b51
vt_h10_c1,25,1893,3223,833,332,104,17,34,67,100,166,84,3e73cf6f50b8eb35a3d1b0ed28073ab8b98c048bad90a20e08535b83c918cd07
vt_h10_c1,26,1893,3223,827,332,104,17,34,67,100,166,83,0c848fe932d94ec61975a52d3381cd9909671eb065794adae5fd02abd9a2822c
vt_h10_c1,27,1893,3223,835,336,108,17,34,68,101,168,84,668ffae2a0fd3277bf67aa7a709a123720a262a5fdae257421e2c9140a5c2252
vt_h10_c1,28,1893,3223,826,330,102,17,33,66,99,165,83,5f6f9d2a0ce959fabeae78069dc5b5e535aad2cff9554c6b1705c74430f57877
vt_h10_c1,29,1893,3223,820,322,94,17,33,65,97,161,82,497d0660cbae70067e491c1dc6e301b92af8a79100b2611848d7e6afd52dadca
vt_h10_c1,30,1893,3223,827,326,98,17,33,66,98,163,83,74b78420e915159e9a5dd22cd88d277cfba5ed7be6b09da7063d617b1bb5ffbf
vt_h10_c1,31,1893,3223,831,333,105,17,34,67,100,167,84,3edf45ecd2524821c31e4c932182923b858f637525afbd5d75e963e510239871
vt_h10_c1,32,1893,3223,838,334,106,17,34,67,101,167,84,db8b9e53f826b9dfcfe4b31912660d125435debbf4881497e135cb6a7b90d132
vt_h10_c1,33,1893,3223,833,332,104,17,34,67,100,166,84,4612368c54017eae86b7310516075654b59630686be9ba10493c97ad10f9225d
vt_h10_c1,34,1893,3223,825,330,102,17,33,66,99,165,83,a67f27454d9256aa5e1ab1d14ba94344d5a1509f6c61dbcb1c3a43f31b827a6d
vt_h10_c1,35,1893,3223,830,332,104,17,34,67,100,166,83,b101cd10c3953cc8bae060de7000f0190347afbea049c1642cb810eb3bcc88a0
vt_h10_c1,36,1893,3223,829,328,100,17,33,66,99,164,83,78f4f003c77194776572b1d7f5a88235be3102cf2bca63d93885a76b522aed3d
vt_h10_c1,37,1893,3223,824,330,102,17,33,66,99,165,83,c4627fac1abb90ff6be84f0e383973326dcb861a122931eeef0b4655641923f7
vt_h10_c1,38,1893,3223,833,329,101,17,33,66,99,165,84,2ba6fc37226599bebb65a9efed3b2f0779d053c0ae3e00585b0b2e23df2b86f1
vt_h10_c1,39,1893,3223,835,334,106,17,34,67,101,167,84,f58dc91b1deda158005cf4dd55f68e8fa754974899b21ba55110a95f2de0d1b4
vt_h10_c1,40,1893,3223,825,333,105,17,34,67,100,167,83,26f8d07cb8b52421ffc4c25a9bf05ecc90a0f31516bec2b079611435e6faced1
vt_h10_c1,41,1893,3223,826,328,100,17,33,66,99,164,83,2bae04806e136b9d530276f2caaa9b90fa5c0b4cac09a1e1e47f28dd7a152c9c
vt_h10_c1,42,1893,3223,823,328,100,17,33,66,99,164,83,05e8efb83ebf80d93b62e1bca8e68a91c0ed8041e6d3ba3b01525f9b4ded4400
vt_h10_c1,43,1893,3223,830,334,106,17,34,67,101,167,83,30e084ceedcee8fa867341be68b69f1aab4d9a0ac6ae635f8c6e69b68083c37d
vt_h10_c1,44,1893,3223,835,336,108,17,34,68,101,168,84,3a391a2927757c522945192e3eb11bbf29aab76c28156ad79c6b18cf41574f59
vt_h10_c1,45,1893,3223,824,326,98,17,33,66,98,163,83,f2c3195ad70ea8ba23f129cd492df2f89ca3f34e0a6bc5d27df61038836aa6e5
vt_h10_c1,46,1893,3223,826,328,100,17,33,66,99,164,83,c13d5cc19827976a1342c8c9b3b89d7315f1e2f931b309e210467e28a5363a54
vt_h10_c1,47,1893,3223,819,325,97,17,33,65,98,163,82,97bb23c16cc8ce64221df3bfea6f15a1ff2e5582c0000551e12d42a6001c013b
vt_h10_c1,48,1893,3223,823,328,100,17,33,66,99,164,83,7f6beffe82e39d20a259a9f96e1ac073ae1a366c42e069689bcaaec98ed1b79c
vt_h10_c1,49,1893,3223,832,331,103,17,34,67,100,166,84,0ba1d3381d8de7e2b995ea4892c0e89ee0d8cc8bf8f29e06a38d09beccbc2052
vt_h10_c1,50,1893,3223,828,328,100,17,33,66,99,164,83,f968fb0c84526d2f55f1305473fbe0b7f4daf39deaa5087d89de25cb17f076cb
vt_h10_c1,51,1893,3223,828,332,104,17,34,67,100,166,83,d8349727b0717b21c758e0c43a2fbd1c825699af16b933633f69b93a4193608b
vt_h10_c1,52,1893,3223,844,340,112,17,34,68,102,170,85,6011582c1a8547491ef97cda78077030ab277bd579006590b14579b8329c7487
vt_h10_c1,53,1893,3223,832,334,106,17,34,67,101,167,84,782f33967a3b6b6873c3a6713186717fb9442fe6a30771ed291ccd9f22854cc8
vt_h10_c1,54,1893,3223,824,332,104,17,34,67,100,166,83,1615c47af9848a528c05ee27c469602373e34dd71b9fa6dada452f29e5ebfa17
vt_h10_c1,55,1893,3223,829,328,100,17,33,66,99,164,83,dfc6c319f36046f4764d9afeba736c44f4a6ea7dd6a5a955726cbaf2005658df
vt_h10_c1,56,1893,3223,833,332,104,17,34,67,100,166,84,c1dc57d94b27b745352ad8e800ed9ee64bbaf6abc591eb9be57a9954993eeff4
vt_h10_c1,57,1893,3223,829,328,100,17,33,66,99,164,83,8528f267b2213a313726a017d7e761e69ff1deff0f91c2afe2bd5a6713b9a5a7
vt_h10_c1,58,1893,3223,832,331,103,17,34,67,100,166,84,6103432f62b545beba8f4df8f847b367b9b95bd650a579b5039f70b618dbe3de
vt_h10_c1,59,1893,3223,826,334,106,17,34,67,101,167,83,be1503310bef2b1ec25e1ddf4efb33af6543ac3baaa55f094eef1c11969fb145
vt_h10_c1,60,1893,3223,826,328,100,17,33,66,99,164,83,387df93aafbf8f4225dfdf454dc13066925c9e3bbc85b14bf5e68cfe0adc1d67
vt_h10_c1,61,1893,3223,829,334,106,17,34,67,101,167,83,3f04fc89a8efe57612aa70185db44f45195da676d5b1d3d30315020569e39e5c
vt_h10_c1,62,1893,3223,832,334,106,17,34,67,101,167,84,d906ea19fab5e6fb75b269018534a484e9be328a7d4fe2ee84d5c8763ef0ad4e
vt_h10_c1,63,1893,3223,827,332,104,17,34,67,100,166,83,ffb9206e2a8f79c0981b6d49434f547eda7b145980fea39bcf2ddbc41db0d8ff
vt_h10_c1,64,1893,3223,825,330,102,17,33,66,99,165,83,045351c602e16005ea972a4160a2f7186961c0d56bb0778db71c0af974680e45
vt_h10_c1,65,1893,3223,837,336,108,17,34,68,101,168,84,e1c5d1f010cf45676138742d49b725ec14e0a42400f5a7597ae09e474ba59b3d
vt_h10_c1,66,1893,3223,833,332,104,17,34,67,100,166,84,07f33707e8f7a3bf503994edbae5deb3d4ec5dcbda3994a78cf08174c52c693b
vt_h10_c1,67,1893,3223,828,330,102,17,33,66,99,165,83,487a4cf19125170204b844a0f4d96ff89c193e34ede8227cca4c7c4b237a77ca
vt_h10_c1,68,1893,3223,829,331,103,17,34,67,100,166,83,ab61721e4ad8750c1216320eeaec21d0a67b6c7410f340ffdc9115d815d3ed84
vt_h10_c1,69,1893,3223,827,332,104,17,34,67,100,166,83,3df8dd89aa0c93a44044e846b85bd22024d9c58d90a38eb3440dc0ae9ef5b7a9
vt_h10_c1,70,1893,3223,823,328,100,17,33,66,99,164,83,2838585479ab7b60762a3a4820196c20bbbdbd8a98e0af8f0f522ae528b6be4f
vt_h10_c1,71,1893,3223,835,334,106,17,34,67,101,167,84,b2ea0237762aff2c1592b0d0411bf54c45360f601c1f90109e67770e5b9cdddc
vt_h10_c1,72,1893,3223,831,333,105,17,34,67,100,167,84,5143dd4f773dcc7c0faf519ed1e98a2f5ae6530847c69d57914e758e77442ed7
vt_h10_c1,73,1893,3223,820,334,106,17,34,67,101,167,82,20db9d5418d4e39ac71fe47841e2ae094c930079a82f71b14f956e31a1e6cfb5
vt_h10_c1,74,1893,3223,826,329,101,17,33,66,99,165,83,c041630a662c5a041933843f58111445b17161b596dee6e10e5452dff5d38777
vt_h10_c1,75,1893,3223,827,326,98,17,33,66,98,163,83,8afe796a034cff97bc99bcd71d4eb3567f06a5ed296cab6fab230d3efd9f1e7f
vt_h10_c1,76,1893,3223,827,332,104,17,34,67,100,166,83,dd33fb0e7b86fce43c35708ce35fb47f71f84608c81cd0ad35778616671edcbe
vt_h10_c1,77,1893,3223,829,334,106,17,34,67,101,167,83,4a97e8ac4d7f81309cfc87c353dfc180fd6de297c34bddf0c7616b99ffdf0b4f
vt_h10_c1,78,1893,3223,830,332,104,17,34,67,100,166,83,185b55044c2fb508b786978d81bc1cd225d6113436c74e18e604c5df639a31d6
vt_h10_c1,79,1893,3223,826,328,100,17,33,66,99,164,83,0a813731a3c129962b9a2304b85aa7dc08b957cd7c194a0e328e7984d7262384
vt_h10_c1,80,1893,3223,827,332,104,17,34,67,100,166,83,2ef478aaa15e0c3c3111f1927d52f4c12344d98311656890518260d399a2b0fb
vt_h10_c1,81,1893,3223,825,330,102,17,33,66,99,165,83,1b92cc2601b9fe0574a52b426af36f144fb37ce513ad7939bfda7c18445f4242
vt_h10_c1,82,1893,3223,828,330,102,17,33,66,99,165,83,bc1a841747dae4e740fba2db6c0e300d428523821047cff3b298f22fbef0490e
vt_h10_c1,83,1893,3223,828,327,99,17,33,66,99,164,83,401c304af526c4ceaab8eb888136e25beb29bc3dc44c7e527cba207a403ed828
vt_h10_c1,84,1893,3223,836,335,107,17,34,67,101,168,84,3a335272e1a564dd46533faf3d50b527a1d0cde7436127ffcded0fa32dbe5102
vt_h10_c1,85,1893,3223,830,334,106,17,34,67,101,167,83,b56583aa2e3a98c0c391ff56ebb2030b7e310d61df033db0aa02b6d7be961a7f
vt_h10_c1,86,1893,3223,830,332,104,17,34,67,100,166,83,c13f55d24ab695528a69016d1608e6edc07153aeee35543220510251a60f4e04
vt_h10_c1,87,1893,3223,828,330,102,17,33,66,99,165,83,a6e574e83dd75f0d9e29ca5fbdcbce481d361d40e9292f673e902c0670e98c72
vt_h10_c1,88,1893,3223,836,332,104,17,34,67,100,166,84,212772b58669de92b703d9a0195c2af39b6c83327243308ef386ed71ac27e940
vt_h10_c1,89,1893,3223,832,334,106,17,34,67,101,167,84,a40fd5feec9f778a5f48bf08dd260bf87161aa16ea0063fd8d1599d4082c3749
vt_h10_c1,90,1893,3223,823,328,100,17,33,66,99,164,83,06f6bcd14441d217571eae7acfae3dfcc8a248ffbd8f518b6ea09de2b6f3238e
vt_h10_c1,91,1893,3223,829,334,106,17,34,67,101,167,83,f9498a16df6d0e4aebbdb124640cee92fbd32346f48cbe279edf56f5d2c68af9
vt_h10_c1,92,1893,3223,825,333,105,17,34,67,100,167,83,47424d9cc3dcb8ee30478a8ce87ac945d4f08d27e9d8706c23ff3aa7a4109049
vt_h10_c1,93,1893,3223,825,330,102,17,33,66,99,165,83,1ba4c06e14e2adf2f39cf27df046d97b842360c3f080116276d4fef0a1e381ce
vt_h10_c1,94,1893,3223,833,332,104,17,34,67,100,166,84,cb736bd06ad0ab3b719bb8321a9bb1e2a4481d43f9a152cb729b278d16bbb573
vt_h10_c1,95,1893,3223,828,330,102,17,33,66,99,165,83,130d0af265d1046089863c42278b10e1cc7092e76364eeb2612f5a6823e16521
vt_h10_c1,96,1893,3223,828,330,102,17,33,66,99,165,83,dd536355d58927659e1c5223285b1d6fdba6f23ad511157197e57bb0a577da74
vt_h10_c1,97,1893,3223,828,330,102,17,33,66,99,165,83,bc996633fb1b3e81a06ded0bf6566548e834031b041c90f9dd87639693d578a3
vt_h10_c1,98,1893,3223,836,335,107,17,34,67,101,168,84,828d4e06dea9793b15586b3175baf204d3ee7b664529bae15db86c15b7554e43
vt_h10_c1,99,1893,3223,819,324,96,17,33,65,98,162,82,8e51e3812bec29558966451d6664061d36941ee59e11bc9d754899d208a79ca6
hotpotqa_long,0,144,14270,2818,2750,66,138,275,550,825,1375,282,0849b876c306be86f047113134aeef15a851c81398a6fe33424f3d249fcf98b2
hotpotqa_long,1,144,5150,1244,1170,84,59,117,234,351,585,125,fa3a8bfce02efcd4f66d9df93d56405e5487477da170a65d2481a9d280973a5c
hotpotqa_long,2,144,5227,1236,1163,110,59,117,233,349,582,124,006c1bd95285ab976ab6a9355fbbc8cea8a9d332a95b7e89cc2a6838c04c4d78
hotpotqa_long,3,144,4836,991,921,57,47,93,185,277,461,100,6c36f2fa78b7e9bb646c095a29beccf07e24c263a1eec11342dce9e94024618f
hotpotqa_long,4,144,5476,1314,1226,90,62,123,246,368,613,132,588171e2a9c554a6a23ecd0194709d164c99dc6b21d358b4452ca422e4cf1ac0
hotpotqa_long,5,144,8074,1739,1651,114,83,166,331,496,826,174,2735cb0ae2016a1afaf64e862facfcf7943d59d8958bb2892a37ca3ff94fbe2c
hotpotqa_long,6,144,5624,1276,1213,70,61,122,243,364,607,128,c3814fb2c3eaf3541c68bf7ab19bd0baef8ac4847cd74c171e47d4dd48785cec
hotpotqa_long,7,144,4965,1071,1004,85,51,101,201,302,502,108,1d4152417f2a400c3d1ab8cd52fc11a09b48af6290735eea82f1e406bd222530
hotpotqa_long,8,144,3363,801,735,65,37,74,147,221,368,81,2927cc39e08db88c7c841ec62d6687f9e08a24af6b42643422c95afdf82d2e94
hotpotqa_long,9,144,4926,1022,949,62,48,95,190,285,475,103,cc5667677edd1b5290d5f08dc69462ff4a3a824683d49e0eebbc2af64d68331f
hotpotqa_long,10,144,6148,1326,1261,144,64,127,253,379,631,133,27b7d8e54cc9bc1e67f3602e3484cf29dbffe808d4af5693fa864a3c17e8afd0
hotpotqa_long,11,144,4129,962,890,102,45,89,178,267,445,97,84721b149763f8e489843772329f7401bc32b17c723fe1bc7a09b6b59d513086
hotpotqa_long,12,144,8567,1904,1836,59,92,184,368,551,918,191,cf17803c808418dbdcc87babfe90525dcb4052399f1f3bf67d5be3ede257e821
hotpotqa_long,13,144,7551,1720,1660,86,83,166,332,498,830,172,e1a04379ad0d68f5c4ab9d6de89961bf1f73de277d9303f86a2f18aba756174d
hotpotqa_long,14,144,6645,1320,1247,68,63,125,250,375,624,132,055a60644cc46d7e107f46a7c6ae75dd5b5efd1bf5586a60fdefb52c4456bcc6
hotpotqa_long,15,144,5519,1217,1145,104,58,115,229,344,573,122,e7c6e02360f89bd86da30352d7f3cf56fc3a958923542d48d3fd82b98ebe3fc5
hotpotqa_long,16,144,5026,1050,972,33,49,98,195,292,486,105,d130d793af3a7fef83a0e74ab07530ceeaee77129198ea9af582e6419f64a9ad
hotpotqa_long,17,144,4327,1010,949,82,48,95,190,285,475,101,22129e0156665b550929b80f6e8b8cbe25332813903701e4525c6baf9a1e2075
hotpotqa_long,18,144,6235,1369,1295,97,65,130,259,389,648,137,1a6788881f2dd0c146500e5b2aed2d316aa7a6df27b34e19b5db05f8986345fe
hotpotqa_long,19,144,4470,964,895,75,45,90,179,269,448,97,fca9fb5fc29fb1f29a679064e9a37e61678488c39b07243a7e5cdad6da347885
hotpotqa_long,20,144,5736,1196,1131,45,57,114,227,340,566,120,0a1e68ab458adc43e3f16b9b0d636d7d87e01dc98fc1a80b59b8d465dddbb4f9
hotpotqa_long,21,144,7270,1446,1385,40,70,139,277,416,693,145,1545b2b8baa0d62380e2c3efa0a5378361bf6fbe2b1f2633bc936f4abedab178
hotpotqa_long,22,144,13457,2969,2911,55,146,292,583,874,1456,297,b814732b5b60a92696ef136a9eb797ef84fa0618e136295cbf3518ffcca808e2
hotpotqa_long,23,144,6737,1363,1302,93,66,131,261,391,651,137,6c908eeaf5d8ab34972a613784f985fe2bf5733d8cf097bd581a2cb27b66c5e9
hotpotqa_long,24,144,5193,1238,1165,69,59,117,233,350,583,124,1e95b2313bdbee25ba0e7763a6c7586f94c57b5e40f5bf38bd9cb1ad3711a15b
hotpotqa_long,25,144,8247,1758,1682,69,85,169,337,505,841,176,83189c42e59692ac7cc856248aa13d2c242eaa581e027bed29217e6bd5b809bc
hotpotqa_long,26,144,4454,1166,1077,144,54,108,216,324,539,117,1bf91dfe3ccd2ff22d1de9028b45f10ff0e78be7961638186ff8ce787af70572
hotpotqa_long,27,144,7237,1712,1647,67,83,165,330,495,824,172,47926f20d4e24bf565c9746f36ecc72e99418aa8730db25be18e2576f86b4727
hotpotqa_long,28,144,4254,1041,972,147,49,98,195,292,486,105,8e954fc745a956ca232ab79cbb07bee143787b495b893fb3fa7ac5e11c7c3894
hotpotqa_long,29,144,4029,955,890,86,45,89,178,267,445,96,266049dd7a78abb155fdeca4354c976f122ef823e4d264059341db5f37b2e1a5
hotpotqa_long,30,144,5994,1314,1248,52,63,125,250,375,624,132,b42249cf8479b0eb82c763dea6895ec8ab0d72d746e5e9f596cb5d56fe57f67c
hotpotqa_long,31,144,7651,1769,1707,57,86,171,342,513,854,177,aca5d21978216d9527d05f6b5411a7664615ba677c473aed795d20f3d154006b
hotpotqa_long,32,144,5734,1194,1133,95,57,114,227,340,567,120,feff05c6c8a413029c61225bb4c959ccc5363606f0348bb8a56bd87d29400f56
hotpotqa_long,33,144,5333,1152,1085,94,55,109,217,326,543,116,5cee961b4152b7154a6808b0c75d0308a772d3c293d9fd3f111ad240f8e70966
hotpotqa_long,34,144,4932,1075,1008,46,51,101,202,303,504,108,f5ab86ed85853de121d365164f0ffa79261a2f70271c8064500f0d76a7985b5c
hotpotqa_long,35,144,5316,1242,1169,70,59,117,234,351,585,125,932b817c4fa2ee48abf352a486fe369e2d6e50df4cf7fcc29bcf95421e2326d2
hotpotqa_long,36,144,7413,1503,1436,45,72,144,288,431,718,151,e25f1195b7d1447487deec67c2bc31fd0d4d908f6afe471f49b87dcf3a43e860
hotpotqa_long,37,144,5267,1219,1150,57,58,115,230,345,575,122,50000a9ec80088d89b6df557591eaadf09f324aee3451009251c72663db80b8d
hotpotqa_long,38,144,5982,1289,1225,76,62,123,245,368,613,129,b6faa85d8ccd8a37410cc9301b915d17757c0af89166bed772c223b8444bd4e2
hotpotqa_long,39,144,3080,822,756,106,38,76,152,227,378,83,cdb1be433981895adff729996e9c6c045e4f9177159d7b56ec2a61c78160277e
hotpotqa_long,40,144,5977,1368,1304,128,66,131,261,392,652,137,17e050a432ae9c1a4f7a3c1f366f2fd693052504f10c26caff032ebac95125f0
hotpotqa_long,41,144,3944,933,862,77,44,87,173,259,431,94,d344579bcbf3f6971923d3f10f6fc2ddbb2f9f49937ae6ff4c77596fb8f88b7e
hotpotqa_long,42,144,5786,1390,1321,80,67,133,265,397,661,139,0535108f2a035cabfb78e54f1b82f99364efd02f6c6c5dd886eb36ce37c857d3
hotpotqa_long,43,144,5888,1299,1224,84,62,123,245,368,612,130,3ebbb2f8e85678e771a0a3c0eb8cec15da18c47ec0aaa51bc1bdfb838b167eb9
hotpotqa_long,44,144,4349,901,826,92,42,83,166,248,413,91,0685c161c7ebe9ca49ad0b47f9a0dd6c453c3b28d8f25de1019d76ea0905d362
hotpotqa_long,45,144,8489,1770,1705,77,86,171,341,512,853,177,1dd484bc4a59d4cbed7aa5064813d1937a26eaed01c6b052c88aa6f0ab494b23
hotpotqa_long,46,144,5943,1364,1296,58,65,130,260,389,648,137,ee71b8a41e8d507e5cd9154d20bc9d182098207fcefdd09d20759112b5c14168
hotpotqa_long,47,144,4405,914,850,74,43,85,170,255,425,92,eb053413fb73593352790abdd72b7e6e16ef0ae495cd16f8c6e7560fa20a458e
