2026-10-11 06:08:05,812	INFO worker.py:2007 -- Started a local Ray instance.
WARNING:2026-10-11 06:08:10,018:Waiting for register center actor F7jGHx_register_center to be ready. Elapsed time: 0 seconds out of 300 seconds.
[36m(pid=gcs_server)[0m [2026-10-11 06:08:34,329 E 507757 507757] (gcs_server) gcs_server.cc:303: Failed to establish connection to the event+metrics exporter agent. Events and metrics will not be exported. Exporter agent status: RpcError: Running out of retries to initialize the metrics agent. rpc_code: 14
[33m(raylet)[0m [2026-10-11 06:08:35,739 E 508371 508371] (raylet) main.cc:1032: Failed to establish connection to the metrics exporter agent. Metrics will not be exported. Exporter agent status: RpcError: Running out of retries to initialize the metrics agent. rpc_code: 14
[36m(bundle_reservation_check_func pid=508493)[0m [2026-10-11 06:08:36,272 E 508493 508742] core_worker_process.cc:842: Failed to establish connection to the metrics exporter agent. Metrics will not be exported. Exporter agent status: RpcError: Running out of retries to initialize the metrics agent. rpc_code: 14
[2026-10-11 06:08:36,377 E 505930 508492] core_worker_process.cc:842: Failed to establish connection to the metrics exporter agent. Metrics will not be exported. Exporter agent status: RpcError: Running out of retries to initialize the metrics agent. rpc_code: 14
[36m(IncidentWorker pid=510947)[0m /opt/conda/lib/python3.12/site-packages/torchvision/datapoints/__init__.py:12: UserWarning: The torchvision.datapoints and torchvision.transforms.v2 namespaces are still Beta. While we do not expect major breaking changes, some APIs may still change according to user feedback. Please submit any feedback you may have in this issue: https://github.com/pytorch/vision/issues/6753, and you can also check out https://github.com/pytorch/vision/issues/7319 to learn more about the APIs that we suspect might involve future changes. You can silence this warning by calling torchvision.disable_beta_transforms_warning().
[36m(IncidentWorker pid=510947)[0m   warnings.warn(_BETA_TRANSFORMS_WARNING)
[36m(IncidentWorker pid=510947)[0m WARNING:2026-10-11 06:08:38,953:Current Triton version 3.0.0 is below the recommended 3.2.0 version. Errors may occur and these issues will not be fixed. Please consider upgrading Triton.
[36m(IncidentWorker pid=509503)[0m Loading weights:   0%|          | 0/427 [00:00<?, ?it/s]Loading weights: 100%|██████████| 427/427 [00:00<00:00, 12161.78it/s]
[36m(WorkerGroupRegisterCenter pid=510821)[0m [2026-10-11 06:08:54,071 E 510821 510914] core_worker_process.cc:842: Failed to establish connection to the metrics exporter agent. Metrics will not be exported. Exporter agent status: RpcError: Running out of retries to initialize the metrics agent. rpc_code: 14[32m [repeated 7x across cluster] (Ray deduplicates logs by default. Set RAY_DEDUP_LOGS=0 to disable log deduplication, or see https://docs.ray.io/en/master/ray-observability/user-guides/configure-logging.html#log-deduplication for more options.)[0m
[36m(IncidentWorker pid=510947)[0m /opt/conda/lib/python3.12/site-packages/torchvision/transforms/v2/__init__.py:54: UserWarning: The torchvision.datapoints and torchvision.transforms.v2 namespaces are still Beta. While we do not expect major breaking changes, some APIs may still change according to user feedback. Please submit any feedback you may have in this issue: https://github.com/pytorch/vision/issues/6753, and you can also check out https://github.com/pytorch/vision/issues/7319 to learn more about the APIs that we suspect might involve future changes. You can silence this warning by calling torchvision.disable_beta_transforms_warning().[32m [repeated 3x across cluster][0m
[36m(IncidentWorker pid=510947)[0m   warnings.warn(_BETA_TRANSFORMS_WARNING)[32m [repeated 3x across cluster][0m
[36m(IncidentWorker pid=509503)[0m WARNING:2026-10-11 06:08:38,971:Current Triton version 3.0.0 is below the recommended 3.2.0 version. Errors may occur and these issues will not be fixed. Please consider upgrading Triton.
[36m(IncidentWorker pid=510947)[0m Loading weights:   0%|          | 0/427 [00:00<?, ?it/s]Loading weights: 100%|██████████| 427/427 [00:00<00:00, 15593.29it/s]
[36m(IncidentWorker pid=510947)[0m [2026-10-11 06:08:54,965 E 510947 511040] core_worker_process.cc:842: Failed to establish connection to the metrics exporter agent. Metrics will not be exported. Exporter agent status: RpcError: Running out of retries to initialize the metrics agent. rpc_code: 14
[36m(IncidentWorker pid=509503)[0m [Gloo] Rank 0 is connected to 1 peer ranks. Expected number of connected peer ranks is : 1
[36m(IncidentWorker pid=509503)[0m Model config after override: Qwen3_5Config {
[36m(IncidentWorker pid=509503)[0m   "architectures": [
[36m(IncidentWorker pid=509503)[0m     "Qwen3_5ForConditionalGeneration"
[36m(IncidentWorker pid=509503)[0m   ],
[36m(IncidentWorker pid=509503)[0m   "bos_token_id": null,
[36m(IncidentWorker pid=509503)[0m   "eos_token_id": 248046,
[36m(IncidentWorker pid=509503)[0m   "image_token_id": 248056,
[36m(IncidentWorker pid=509503)[0m   "model_type": "qwen3_5",
[36m(IncidentWorker pid=509503)[0m   "pad_token_id": 248044,
[36m(IncidentWorker pid=509503)[0m   "text_config": {
[36m(IncidentWorker pid=509503)[0m     "attention_bias": false,
[36m(IncidentWorker pid=509503)[0m     "attention_dropout": 0.0,
[36m(IncidentWorker pid=509503)[0m     "attn_output_gate": true,
[36m(IncidentWorker pid=509503)[0m     "bos_token_id": null,
[36m(IncidentWorker pid=509503)[0m     "dtype": "bfloat16",
[36m(IncidentWorker pid=509503)[0m     "eos_token_id": 248044,
[36m(IncidentWorker pid=509503)[0m     "full_attention_interval": 4,
[36m(IncidentWorker pid=509503)[0m     "head_dim": 256,
[36m(IncidentWorker pid=509503)[0m     "hidden_act": "silu",
[36m(IncidentWorker pid=509503)[0m     "hidden_size": 4096,
[36m(IncidentWorker pid=509503)[0m     "initializer_range": 0.02,
[36m(IncidentWorker pid=509503)[0m     "intermediate_size": 12288,
[36m(IncidentWorker pid=509503)[0m     "layer_types": [
[36m(IncidentWorker pid=509503)[0m       "linear_attention",
[36m(IncidentWorker pid=509503)[0m       "linear_attention",
[36m(IncidentWorker pid=509503)[0m       "linear_attention",
[36m(IncidentWorker pid=509503)[0m       "full_attention",
[36m(IncidentWorker pid=509503)[0m       "linear_attention",
[36m(IncidentWorker pid=509503)[0m       "linear_attention",
[36m(IncidentWorker pid=509503)[0m       "linear_attention",
[36m(IncidentWorker pid=509503)[0m       "full_attention",
[36m(IncidentWorker pid=509503)[0m       "linear_attention",
[36m(IncidentWorker pid=509503)[0m       "linear_attention",
[36m(IncidentWorker pid=509503)[0m       "linear_attention",
[36m(IncidentWorker pid=509503)[0m       "full_attention",
[36m(IncidentWorker pid=509503)[0m       "linear_attention",
[36m(IncidentWorker pid=509503)[0m       "linear_attention",
[36m(IncidentWorker pid=509503)[0m       "linear_attention",
[36m(IncidentWorker pid=509503)[0m       "full_attention",
[36m(IncidentWorker pid=509503)[0m       "linear_attention",
[36m(IncidentWorker pid=509503)[0m       "linear_attention",
[36m(IncidentWorker pid=509503)[0m       "linear_attention",
[36m(IncidentWorker pid=509503)[0m       "full_attention",
[36m(IncidentWorker pid=509503)[0m       "linear_attention",
[36m(IncidentWorker pid=509503)[0m       "linear_attention",
[36m(IncidentWorker pid=509503)[0m       "linear_attention",
[36m(IncidentWorker pid=509503)[0m       "full_attention",
[36m(IncidentWorker pid=509503)[0m       "linear_attention",
[36m(IncidentWorker pid=509503)[0m       "linear_attention",
[36m(IncidentWorker pid=509503)[0m       "linear_attention",
[36m(IncidentWorker pid=509503)[0m       "full_attention",
[36m(IncidentWorker pid=509503)[0m       "linear_attention",
[36m(IncidentWorker pid=509503)[0m       "linear_attention",
[36m(IncidentWorker pid=509503)[0m       "linear_attention",
[36m(IncidentWorker pid=509503)[0m       "full_attention"
[36m(IncidentWorker pid=509503)[0m     ],
[36m(IncidentWorker pid=509503)[0m     "linear_conv_kernel_dim": 4,
[36m(IncidentWorker pid=509503)[0m     "linear_key_head_dim": 128,
[36m(IncidentWorker pid=509503)[0m     "linear_num_key_heads": 16,
[36m(IncidentWorker pid=509503)[0m     "linear_num_value_heads": 32,
[36m(IncidentWorker pid=509503)[0m     "linear_value_head_dim": 128,
[36m(IncidentWorker pid=509503)[0m     "mamba_ssm_dtype": "float32",
[36m(IncidentWorker pid=509503)[0m     "max_position_embeddings": 262144,
[36m(IncidentWorker pid=509503)[0m     "mlp_only_layers": [],
[36m(IncidentWorker pid=509503)[0m     "model_type": "qwen3_5_text",
[36m(IncidentWorker pid=509503)[0m     "mtp_num_hidden_layers": 1,
[36m(IncidentWorker pid=509503)[0m     "mtp_use_dedicated_embeddings": false,
[36m(IncidentWorker pid=509503)[0m     "num_attention_heads": 16,
[36m(IncidentWorker pid=509503)[0m     "num_hidden_layers": 32,
[36m(IncidentWorker pid=509503)[0m     "num_key_value_heads": 4,
[36m(IncidentWorker pid=509503)[0m     "pad_token_id": null,
[36m(IncidentWorker pid=509503)[0m     "partial_rotary_factor": 0.25,
[36m(IncidentWorker pid=509503)[0m     "rms_norm_eps": 1e-06,
[36m(IncidentWorker pid=509503)[0m     "rope_parameters": {
[36m(IncidentWorker pid=509503)[0m       "mrope_interleaved": true,
[36m(IncidentWorker pid=509503)[0m       "mrope_section": [
[36m(IncidentWorker pid=509503)[0m         11,
[36m(IncidentWorker pid=509503)[0m         11,
[36m(IncidentWorker pid=509503)[0m         10
[36m(IncidentWorker pid=509503)[0m       ],
[36m(IncidentWorker pid=509503)[0m       "partial_rotary_factor": 0.25,
[36m(IncidentWorker pid=509503)[0m       "rope_theta": 10000000,
[36m(IncidentWorker pid=509503)[0m       "rope_type": "default"
[36m(IncidentWorker pid=509503)[0m     },
[36m(IncidentWorker pid=509503)[0m     "tie_word_embeddings": false,
[36m(IncidentWorker pid=509503)[0m     "use_cache": true,
[36m(IncidentWorker pid=509503)[0m     "vocab_size": 248320
[36m(IncidentWorker pid=509503)[0m   },
[36m(IncidentWorker pid=509503)[0m   "tie_word_embeddings": false,
[36m(IncidentWorker pid=509503)[0m   "transformers_version": "5.13.0",
[36m(IncidentWorker pid=509503)[0m   "video_token_id": 248057,
[36m(IncidentWorker pid=509503)[0m   "vision_config": {
[36m(IncidentWorker pid=509503)[0m     "deepstack_visual_indexes": [],
[36m(IncidentWorker pid=509503)[0m     "depth": 27,
[36m(IncidentWorker pid=509503)[0m     "hidden_act": "gelu_pytorch_tanh",
[36m(IncidentWorker pid=509503)[0m     "hidden_size": 1152,
[36m(IncidentWorker pid=509503)[0m     "in_channels": 3,
[36m(IncidentWorker pid=509503)[0m     "initializer_range": 0.02,
[36m(IncidentWorker pid=509503)[0m     "intermediate_size": 4304,
[36m(IncidentWorker pid=509503)[0m     "model_type": "qwen3_5_vision",
[36m(IncidentWorker pid=509503)[0m     "num_heads": 16,
[36m(IncidentWorker pid=509503)[0m     "num_position_embeddings": 2304,
[36m(IncidentWorker pid=509503)[0m     "out_hidden_size": 4096,
[36m(IncidentWorker pid=509503)[0m     "patch_size": 16,
[36m(IncidentWorker pid=509503)[0m     "spatial_merge_size": 2,
[36m(IncidentWorker pid=509503)[0m     "temporal_patch_size": 2
[36m(IncidentWorker pid=509503)[0m   },
[36m(IncidentWorker pid=509503)[0m   "vision_end_token_id": 248054,
[36m(IncidentWorker pid=509503)[0m   "vision_start_token_id": 248053
[36m(IncidentWorker pid=509503)[0m }
[36m(IncidentWorker pid=509503)[0m 
[36m(IncidentWorker pid=509503)[0m Using Torch backend for fused kernels in Qwen3_5ForCausalLM
[36m(IncidentWorker pid=509503)[0m Applying LoRA to actor module
[36m(IncidentWorker pid=509503)[0m PeftModelForCausalLM contains 8.98B parameters
[36m(IncidentWorker pid=509503)[0m wrap_policy: functools.partial(<function _or_policy at 0x7f30b6958180>, policies=[functools.partial(<function lambda_auto_wrap_policy at 0x7f30b6933b00>, lambda_fn=<function get_fsdp_wrap_policy.<locals>.lambda_policy_fn at 0x7f2f5c75a020>), functools.partial(<function transformer_auto_wrap_policy at 0x7f30b6958040>, transformer_layer_cls={<class 'transformers.models.qwen3_5.modeling_qwen3_5.Qwen3_5DecoderLayer'>})])
[36m(IncidentWorker pid=510947)[0m [Gloo] Rank 1 is connected to 1 peer ranks. Expected number of connected peer ranks is : 1
[36m(IncidentWorker pid=510947)[0m Total steps: 330, num_warmup_steps: 0
[36m(IncidentWorker pid=510947)[0m Using Torch backend for fused kernels in Qwen3_5ForCausalLM
[36m(IncidentWorker pid=510947)[0m Applying LoRA to actor module
[36m(IncidentWorker pid=510947)[0m wrap_policy: functools.partial(<function _or_policy at 0x7f86c6154180>, policies=[functools.partial(<function lambda_auto_wrap_policy at 0x7f86c612bb00>, lambda_fn=<function get_fsdp_wrap_policy.<locals>.lambda_policy_fn at 0x7f8584d8d6c0>), functools.partial(<function transformer_auto_wrap_policy at 0x7f86c6154040>, transformer_layer_cls={<class 'transformers.models.qwen3_5.modeling_qwen3_5.Qwen3_5DecoderLayer'>})])
[36m(IncidentWorker pid=510947)[0m Actor use_remove_padding=False
[36m(IncidentWorker pid=510947)[0m Actor use_fused_kernels=True
[36m(IncidentWorker pid=510947)[0m Only support config type of {'qwen2', 'qwen2_5_vl', 'qwen3_vl', 'qwen3_vl_moe', 'apertus', 'minicpmo', 'qwen2_moe', 'qwen3_moe', 'mistral', 'seed_oss', 'qwen2_vl', 'qwen3', 'minicpmv', 'deepseek_v3', 'gemma3_text', 'glm4v', 'llama'}, but got qwen3_5. MFU will always be zero.
[36m(IncidentWorker pid=509503)[0m Only support config type of {'qwen2', 'qwen2_moe', 'mistral', 'deepseek_v3', 'gemma3_text', 'qwen3_moe', 'qwen3', 'seed_oss', 'glm4v', 'minicpmo', 'qwen2_5_vl', 'llama', 'qwen3_vl_moe', 'apertus', 'qwen2_vl', 'qwen3_vl', 'minicpmv'}, but got qwen3_5. MFU will always be zero.
[36m(IncidentWorker pid=509503)[0m [DeltaTrace] owner FSDP2 lifecycle modules=34 layerwise=True remaining_dtensor=921 sample=[('model.language_model.embed_tokens.weight', (Shard(dim=0),)), ('model.language_model.layers.0.linear_attn.dt_bias', (Shard(dim=0),)), ('model.language_model.layers.0.linear_attn.A_log', (Shard(dim=0),))]
[36m(IncidentWorker pid=509503)[0m Total steps: 330, num_warmup_steps: 0
[36m(IncidentWorker pid=509503)[0m Actor use_remove_padding=False
[36m(IncidentWorker pid=509503)[0m Actor use_fused_kernels=True
[36m(IncidentWorker pid=509503)[0m [DT direct joint minibatch] trajectories=4 length=502 batch=1/27 seconds=16.223832738993224
[36m(IncidentWorker pid=510947)[0m [DeltaTrace] owner FSDP2 lifecycle modules=34 layerwise=True remaining_dtensor=921 sample=[('model.language_model.embed_tokens.weight', (Shard(dim=0),)), ('model.language_model.layers.0.linear_attn.dt_bias', (Shard(dim=0),)), ('model.language_model.layers.0.linear_attn.A_log', (Shard(dim=0),))]
[36m(IncidentWorker pid=509503)[0m [DT direct joint minibatch] trajectories=4 length=645 batch=4/27 seconds=2.15931499999715[32m [repeated 6x across cluster][0m
[36m(IncidentWorker pid=509503)[0m [DT direct joint minibatch] trajectories=4 length=893 batch=7/27 seconds=2.37707035796484[32m [repeated 6x across cluster][0m
[36m(IncidentWorker pid=509503)[0m [DT direct joint minibatch] trajectories=4 length=1022 batch=9/27 seconds=2.9580229989951476[32m [repeated 4x across cluster][0m
[36m(IncidentWorker pid=509503)[0m [DT direct joint minibatch] trajectories=4 length=1114 batch=11/27 seconds=3.148257760971319[32m [repeated 4x across cluster][0m
[36m(IncidentWorker pid=509503)[0m [DT direct joint minibatch] trajectories=4 length=1295 batch=13/27 seconds=3.789629943028558[32m [repeated 4x across cluster][0m
[36m(IncidentWorker pid=509503)[0m [DT direct joint minibatch] trajectories=4 length=1384 batch=15/27 seconds=4.437120745016728[32m [repeated 4x across cluster][0m
[36m(IncidentWorker pid=509503)[0m [DT direct joint minibatch] trajectories=4 length=1537 batch=17/27 seconds=5.127551935962401[32m [repeated 4x across cluster][0m
[36m(IncidentWorker pid=509503)[0m [DT direct joint minibatch] trajectories=4 length=1643 batch=18/27 seconds=5.460690879030153[32m [repeated 2x across cluster][0m
[36m(IncidentWorker pid=509503)[0m [DT direct joint minibatch] trajectories=4 length=1792 batch=19/27 seconds=12.55672021897044[32m [repeated 2x across cluster][0m
[36m(IncidentWorker pid=509503)[0m [DT direct joint minibatch] trajectories=4 length=1905 batch=20/27 seconds=6.119405728997663[32m [repeated 2x across cluster][0m
[36m(IncidentWorker pid=509503)[0m [DT direct joint minibatch] trajectories=4 length=2139 batch=21/27 seconds=7.119695455010515[32m [repeated 2x across cluster][0m
[36m(IncidentWorker pid=509503)[0m [DT direct joint minibatch] trajectories=4 length=2256 batch=22/27 seconds=7.691930010041688[32m [repeated 2x across cluster][0m
[36m(IncidentWorker pid=509503)[0m [DT direct joint minibatch] trajectories=4 length=2409 batch=23/27 seconds=8.054293569002766[32m [repeated 2x across cluster][0m
[36m(IncidentWorker pid=509503)[0m [DT direct joint minibatch] trajectories=4 length=2715 batch=24/27 seconds=9.313849327038042[32m [repeated 2x across cluster][0m
[36m(IncidentWorker pid=509503)[0m [DT direct joint minibatch] trajectories=4 length=3098 batch=25/27 seconds=10.857829955988564[32m [repeated 2x across cluster][0m
[36m(IncidentWorker pid=509503)[0m [DT direct joint minibatch] trajectories=4 length=3439 batch=26/27 seconds=12.767559521016665[32m [repeated 2x across cluster][0m
[36m(IncidentWorker pid=510947)[0m [DT direct joint minibatch] trajectories=4 length=4015 batch=27/27 seconds=18.321037947025616[32m [repeated 2x across cluster][0m
[36m(IncidentWorker pid=510947)[0m [DeltaTrace readout] {"task": "TextCraft", "target_semantics": "real_executed_action_joint", "target_normalization": "original_full_vocabulary", "reward_events": 108, "trajectories": 108, "finite_trace_calls": 27, "joint_target_requests": 108, "minibatch_size": 4, "query_tokens": 0, "synthetic_labels": 0, "reference_token_samples": 0, "per_token_probability_queries": 0, "prefix_lease_used": true, "target_self_tokens": 8428, "prior_source_tokens": 87709, "policy_tokens": 96245, "empty_joint_targets": 0, "zero_reward_trajectories": 0, "actual_context_lengths": [491, 492, 492, 499, 509, 513, 522, 536, 548, 562, 566, 594, 612, 614, 634, 639, 661, 682, 711, 744, 767, 782, 795, 810, 820, 856, 873, 897, 906, 934, 960, 970, 977, 986, 987, 1029, 1030, 1046, 1058, 1075, 1078, 1080, 1104, 1106, 1183, 1205, 1241, 1249, 1260, 1272, 1285, 1294, 1299, 1306, 1315, 1330, 1345, 1366, 1381, 1410, 1413, 1433, 1445, 1464, 1486, 1504, 1532, 1578, 1584, 1618, 1636, 1655, 1725, 1732, 1773, 1819, 1820, 1874, 1903, 1987, 2043, 2080, 2138, 2155, 2206, 2214, 2251, 2292, 2316, 2328, 2382, 2433, 2578, 2594, 2657, 2710, 2920, 2989, 3024, 3148, 3173, 3352, 3398, 3465, 3492, 3552, 3819, 4015], "original_response_rows": [null, null, null, null, null, null, null, null, null, null, null, null, null, null, null, null, null, null, null, null, null, null, null, null, null, null, null, null, null, null, null, null, null, null, null, null, null, null, null, null, null, null, null, null, null, null, null, null, null, null, null, null, null, null, null, null, null, null, null, null, null, null, null, null, null, null, null, null, null, null, null, null, null, null, null, null, null, null, null, null, null, null, null, null, null, null, null, null, null, null, null, null, null, null, null, null, null, null, null, null, null, null, null, null, null, null, null, null], "traces": [{"trajectory_index": 0, "traj_uid": "24b015ab-580d-41f0-8d30-65ae5cb9ccc4", "reward": 1.0, "target_tokens": 27, "actual_context_tokens": 491, "compute_tokens": 499, "target_self_tokens": 27, "prior_source_tokens": 77, "root_effect": 35.50113043279816, "signed_sum": 35.61991387544951, "conservation_residual": -0.11878344265134899, "factual_target_logp": -0.4501953560484253, "reference_target_logp": -35.95132578884659}, {"trajectory_index": 1, "traj_uid": "418a4d6a-6200-4169-8ba2-e0cb308c67ea", "reward": 1.0, "target_tokens": 24, "actual_context_tokens": 492, "compute_tokens": 499, "target_self_tokens": 24, "prior_source_tokens": 88, "root_effect": 35.75252410075973, "signed_sum": 35.684930514028366, "conservation_residual": 0.06759358673136262, "factual_target_logp": -0.10927963349513448, "reference_target_logp": -35.86180373425486}, {"trajectory_index": 2, "traj_uid": "418a4d6a-6200-4169-8ba2-e0cb308c67ea", "reward": 1.0, "target_tokens": 24, "actual_context_tokens": 492, "compute_tokens": 499, "target_self_tokens": 24, "prior_source_tokens": 88, "root_effect": 35.38347644042415, "signed_sum": 35.43343736118966, "conservation_residual": -0.04996092076551406, "factual_target_logp": -0.09915934930677395, "reference_target_logp": -35.48263578973092}, {"trajectory_index": 3, "traj_uid": "4ce2fd9b-2880-458c-a45b-1479546958c7", "reward": 1.0, "target_tokens": 24, "actual_context_tokens": 499, "compute_tokens": 499, "target_self_tokens": 24, "prior_source_tokens": 95, "root_effect": 35.937290264771036, "signed_sum": 36.045556668084075, "conservation_residual": -0.1082664033130385, "factual_target_logp": -0.0351853475540338, "reference_target_logp": -35.97247561232507}, {"trajectory_index": 4, "traj_uid": "44dbcf9e-7dc6-42c1-acd9-11c33c75980d", "reward": 1.0, "target_tokens": 25, "actual_context_tokens": 509, "compute_tokens": 536, "target_self_tokens": 25, "prior_source_tokens": 82, "root_effect": 39.0999448434975, "signed_sum": 39.1152742842521, "conservation_residual": -0.015329440754605628, "factual_target_logp": -0.0401100504934675, "reference_target_logp": -39.140054893990964}, {"trajectory_index": 5, "traj_uid": "c1d870a6-89b5-4bbf-994a-119c0775ea12", "reward": 1.0, "target_tokens": 25, "actual_context_tokens": 513, "compute_tokens": 536, "target_self_tokens": 25, "prior_source_tokens": 106, "root_effect": 37.56736534265383, "signed_sum": 37.60105726772627, "conservation_residual": -0.03369192507243923, "factual_target_logp": -0.19901926954389637, "reference_target_logp": -37.766384612197726}, {"trajectory_index": 6, "traj_uid": "17fac652-caf3-4c2c-ab34-dcf41d0240f8", "reward": 1.0, "target_tokens": 25, "actual_context_tokens": 522, "compute_tokens": 536, "target_self_tokens": 25, "prior_source_tokens": 115, "root_effect": 38.87393172619386, "signed_sum": 38.96662805476391, "conservation_residual": -0.0926963285700495, "factual_target_logp": -0.0031420307127518754, "reference_target_logp": -38.87707375690661}, {"trajectory_index": 7, "traj_uid": "32f6a454-32ca-4c45-8908-927fa3f902fa", "reward": 1.0, "target_tokens": 28, "actual_context_tokens": 536, "compute_tokens": 536, "target_self_tokens": 28, "prior_source_tokens": 111, "root_effect": 43.415301714419684, "signed_sum": 43.333917712680424, "conservation_residual": 0.0813840017392593, "factual_target_logp": -0.014679330713761374, "reference_target_logp": -43.429981045133445}, {"trajectory_index": 8, "traj_uid": "ddaa73b3-8fae-42d5-baf1-82f055986e26", "reward": 1.0, "target_tokens": 25, "actual_context_tokens": 548, "compute_tokens": 594, "target_self_tokens": 25, "prior_source_tokens": 141, "root_effect": 45.177067421927404, "signed_sum": 45.227938991125924, "conservation_residual": -0.050871569198520206, "factual_target_logp": -1.1148079406725628, "reference_target_logp": -46.29187536259997}, {"trajectory_index": 9, "traj_uid": "34c06901-5b44-4796-8502-f2e27cf06c99", "reward": 1.0, "target_tokens": 28, "actual_context_tokens": 562, "compute_tokens": 594, "target_self_tokens": 28, "prior_source_tokens": 130, "root_effect": 44.79796884510961, "signed_sum": 44.850089236665454, "conservation_residual": -0.05212039155584591, "factual_target_logp": -0.6669948895169, "reference_target_logp": -45.46496373462651}, {"trajectory_index": 10, "traj_uid": "5c34f7e8-6751-4a65-9005-0c0916b4e4ba", "reward": 1.0, "target_tokens": 28, "actual_context_tokens": 566, "compute_tokens": 594, "target_self_tokens": 28, "prior_source_tokens": 141, "root_effect": 47.49359795145938, "signed_sum": 47.65071347457339, "conservation_residual": -0.15711552311400823, "factual_target_logp": -0.051883882152651495, "reference_target_logp": -47.54548183361203}, {"trajectory_index": 11, "traj_uid": "fc3d0187-cd6c-458d-8f2a-035df0c4c0c8", "reward": 1.0, "target_tokens": 29, "actual_context_tokens": 594, "compute_tokens": 594, "target_self_tokens": 29, "prior_source_tokens": 166, "root_effect": 47.558503156509005, "signed_sum": 47.68927833316604, "conservation_residual": -0.13077517665703198, "factual_target_logp": -0.03304466728945954, "reference_target_logp": -47.591547823798464}, {"trajectory_index": 12, "traj_uid": "720dce74-7028-49cb-9150-33a949601189", "reward": 1.0, "target_tokens": 26, "actual_context_tokens": 612, "compute_tokens": 639, "target_self_tokens": 26, "prior_source_tokens": 167, "root_effect": 47.07987705054484, "signed_sum": 47.19753670549407, "conservation_residual": -0.11765965494923591, "factual_target_logp": -1.1483296055789651, "reference_target_logp": -48.2282066561238}, {"trajectory_index": 13, "traj_uid": "e0b97d7e-8d45-4122-8023-7009b4d5f3ea", "reward": 1.0, "target_tokens": 31, "actual_context_tokens": 614, "compute_tokens": 639, "target_self_tokens": 31, "prior_source_tokens": 179, "root_effect": 48.14509399734948, "signed_sum": 48.22234238426534, "conservation_residual": -0.077248386915862, "factual_target_logp": -0.0200301340353235, "reference_target_logp": -48.1651241313848}, {"trajectory_index": 14, "traj_uid": "57d29427-7ee1-4dbf-be58-129809d681d4", "reward": 1.0, "target_tokens": 28, "actual_context_tokens": 634, "compute_tokens": 639, "target_self_tokens": 28, "prior_source_tokens": 161, "root_effect": 49.47407477278648, "signed_sum": 49.617995558695995, "conservation_residual": -0.14392078590951485, "factual_target_logp": -0.07778889478322526, "reference_target_logp": -49.551863667569705}, {"trajectory_index": 15, "traj_uid": "22ce1840-bf89-4319-ae34-f49b615d3571", "reward": 1.0, "target_tokens": 28, "actual_context_tokens": 639, "compute_tokens": 639, "target_self_tokens": 28, "prior_source_tokens": 166, "root_effect": 42.78158895102479, "signed_sum": 42.866679096132174, "conservation_residual": -0.08509014510738666, "factual_target_logp": -0.029506353442229738, "reference_target_logp": -42.81109530446702}, {"trajectory_index": 16, "traj_uid": "fe238c2b-03ea-4cab-b1ed-f4d8ce7ec38f", "reward": 1.0, "target_tokens": 38, "actual_context_tokens": 661, "compute_tokens": 744, "target_self_tokens": 38, "prior_source_tokens": 209, "root_effect": 55.21358109607286, "signed_sum": 55.40018641585561, "conservation_residual": -0.18660531978274975, "factual_target_logp": -2.9847374185289937, "reference_target_logp": -58.19831851460185}, {"trajectory_index": 17, "traj_uid": "d2d222cd-573e-4512-898e-ee3bcc3de439", "reward": 1.0, "target_tokens": 39, "actual_context_tokens": 682, "compute_tokens": 744, "target_self_tokens": 39, "prior_source_tokens": 194, "root_effect": 58.92629523849632, "signed_sum": 58.86476864523937, "conservation_residual": 0.06152659325694998, "factual_target_logp": -0.010684987953709424, "reference_target_logp": -58.93698022645003}, {"trajectory_index": 18, "traj_uid": "7b2e1bf0-545a-4f5a-b4a3-93fa12266835", "reward": 1.0, "target_tokens": 28, "actual_context_tokens": 711, "compute_tokens": 744, "target_self_tokens": 28, "prior_source_tokens": 238, "root_effect": 59.88860495447602, "signed_sum": 59.99167044785064, "conservation_residual": -0.1030654933746149, "factual_target_logp": -0.06162427514777846, "reference_target_logp": -59.9502292296238}, {"trajectory_index": 19, "traj_uid": "3d642900-859e-46b6-81d3-0df8856cdbbd", "reward": 1.0, "target_tokens": 42, "actual_context_tokens": 744, "compute_tokens": 744, "target_self_tokens": 42, "prior_source_tokens": 193, "root_effect": 43.68545412428844, "signed_sum": 43.74848967376157, "conservation_residual": -0.06303554947312762, "factual_target_logp": -0.42056976023630455, "reference_target_logp": -44.106023884524745}, {"trajectory_index": 20, "traj_uid": "0ae0a42f-214c-4d6d-b30b-f6827aefdb6d", "reward": 1.0, "target_tokens": 42, "actual_context_tokens": 767, "compute_tokens": 810, "target_self_tokens": 42, "prior_source_tokens": 216, "root_effect": 43.47320309929604, "signed_sum": 43.583975629760516, "conservation_residual": -0.1107725304644731, "factual_target_logp": -0.035720180107247756, "reference_target_logp": -43.50892327940329}, {"trajectory_index": 21, "traj_uid": "dc7af700-bd4c-4e8f-849d-01419b5ababe", "reward": 1.0, "target_tokens": 27, "actual_context_tokens": 782, "compute_tokens": 810, "target_self_tokens": 27, "prior_source_tokens": 207, "root_effect": 60.17361061666253, "signed_sum": 60.345735435608844, "conservation_residual": -0.17212481894631537, "factual_target_logp": -0.028217503162693447, "reference_target_logp": -60.20182811982522}, {"trajectory_index": 22, "traj_uid": "77351b41-28e8-44dc-bc02-ee0959d36054", "reward": 1.0, "target_tokens": 54, "actual_context_tokens": 795, "compute_tokens": 810, "target_self_tokens": 54, "prior_source_tokens": 222, "root_effect": 67.38394128640243, "signed_sum": 67.34282971347474, "conservation_residual": 0.04111157292769008, "factual_target_logp": -0.010138029990457653, "reference_target_logp": -67.39407931639289}, {"trajectory_index": 23, "traj_uid": "3ced9443-c68d-4615-a168-dae62d1765bd", "reward": 1.0, "target_tokens": 24, "actual_context_tokens": 810, "compute_tokens": 810, "target_self_tokens": 24, "prior_source_tokens": 105, "root_effect": 45.28953076284597, "signed_sum": 45.35317124457998, "conservation_residual": -0.06364048173401216, "factual_target_logp": -0.018897492675023386, "reference_target_logp": -45.308428255520994}, {"trajectory_index": 24, "traj_uid": "c54543d4-e92d-45a4-bc92-dfd3479b5d9e", "reward": 1.0, "target_tokens": 46, "actual_context_tokens": 820, "compute_tokens": 897, "target_self_tokens": 46, "prior_source_tokens": 248, "root_effect": 50.31535937497904, "signed_sum": 50.396512429152196, "conservation_residual": -0.0811530541731571, "factual_target_logp": -0.05209068095678049, "reference_target_logp": -50.36745005593582}, {"trajectory_index": 25, "traj_uid": "edc11ced-0e8c-4f31-9c7e-47e2577c8fc0", "reward": 1.0, "target_tokens": 42, "actual_context_tokens": 856, "compute_tokens": 897, "target_self_tokens": 42, "prior_source_tokens": 305, "root_effect": 60.35383385766282, "signed_sum": 60.272164659035866, "conservation_residual": 0.08166919862695465, "factual_target_logp": -0.1137016188771014, "reference_target_logp": -60.46753547653992}, {"trajectory_index": 26, "traj_uid": "586677d4-3161-4548-b25d-0194595b3579", "reward": 1.0, "target_tokens": 51, "actual_context_tokens": 873, "compute_tokens": 897, "target_self_tokens": 51, "prior_source_tokens": 212, "root_effect": 58.00286767311286, "signed_sum": 58.11839404190165, "conservation_residual": -0.11552636878879241, "factual_target_logp": -0.3081909155223457, "reference_target_logp": -58.311058588635206}, {"trajectory_index": 27, "traj_uid": "77cd3531-c7cb-448c-9a3d-a7d3f1666f0e", "reward": 1.0, "target_tokens": 59, "actual_context_tokens": 897, "compute_tokens": 897, "target_self_tokens": 59, "prior_source_tokens": 214, "root_effect": 68.71879647105698, "signed_sum": 68.78789623250672, "conservation_residual": -0.06909976144974905, "factual_target_logp": -0.3141886758498913, "reference_target_logp": -69.03298514690687}, {"trajectory_index": 28, "traj_uid": "8d670b46-3b8c-408e-851a-675dde49343c", "reward": 1.0, "target_tokens": 30, "actual_context_tokens": 906, "compute_tokens": 970, "target_self_tokens": 30, "prior_source_tokens": 177, "root_effect": 49.491416625473846, "signed_sum": 49.4676016995519, "conservation_residual": 0.023814925921946895, "factual_target_logp": -0.004131246239069242, "reference_target_logp": -49.495547871712915}, {"trajectory_index": 29, "traj_uid": "934f8562-e41f-4dc8-83f6-155bca0824f1", "reward": 1.0, "target_tokens": 62, "actual_context_tokens": 934, "compute_tokens": 970, "target_self_tokens": 62, "prior_source_tokens": 246, "root_effect": 81.22662614307183, "signed_sum": 81.44594005491965, "conservation_residual": -0.21931391184782, "factual_target_logp": -0.051147671189482935, "reference_target_logp": -81.27777381426131}, {"trajectory_index": 30, "traj_uid": "dced535c-964b-4b13-9513-ba0fd04b96ac", "reward": 1.0, "target_tokens": 62, "actual_context_tokens": 960, "compute_tokens": 970, "target_self_tokens": 62, "prior_source_tokens": 272, "root_effect": 97.83962395774279, "signed_sum": 97.87218004978112, "conservation_residual": -0.03255609203833387, "factual_target_logp": -0.09025306779813036, "reference_target_logp": -97.92987702554092}, {"trajectory_index": 31, "traj_uid": "7669e628-89ec-4230-ae13-af1ddde99a83", "reward": 1.0, "target_tokens": 65, "actual_context_tokens": 970, "compute_tokens": 970, "target_self_tokens": 65, "prior_source_tokens": 249, "root_effect": 75.21209813826874, "signed_sum": 75.26735483749437, "conservation_residual": -0.05525669922562315, "factual_target_logp": -0.04457587427884846, "reference_target_logp": -75.25667401254759}, {"trajectory_index": 32, "traj_uid": "8b3815ce-0269-4244-ba59-bd141386ac30", "reward": 1.0, "target_tokens": 27, "actual_context_tokens": 977, "compute_tokens": 1029, "target_self_tokens": 27, "prior_source_tokens": 402, "root_effect": 65.4175107949714, "signed_sum": 65.64382427314213, "conservation_residual": -0.22631347817072367, "factual_target_logp": -0.019327334447496014, "reference_target_logp": -65.4368381294189}, {"trajectory_index": 33, "traj_uid": "f343d300-f5c4-4776-9240-0fafbf1de543", "reward": 1.0, "target_tokens": 65, "actual_context_tokens": 986, "compute_tokens": 1029, "target_self_tokens": 65, "prior_source_tokens": 372, "root_effect": 97.85342640301297, "signed_sum": 97.97268769260516, "conservation_residual": -0.11926128959218829, "factual_target_logp": -0.006466680777691636, "reference_target_logp": -97.85989308379067}, {"trajectory_index": 34, "traj_uid": "b1454473-a1c8-440b-8da4-9568f1c9a51e", "reward": 1.0, "target_tokens": 28, "actual_context_tokens": 987, "compute_tokens": 1029, "target_self_tokens": 28, "prior_source_tokens": 261, "root_effect": 62.05875657762999, "signed_sum": 62.24079032449649, "conservation_residual": -0.18203374686649454, "factual_target_logp": -0.0059174747434553865, "reference_target_logp": -62.06467405237345}, {"trajectory_index": 35, "traj_uid": "7a1f3eac-5473-42af-a5dd-09d63e4fbf97", "reward": 1.0, "target_tokens": 72, "actual_context_tokens": 1029, "compute_tokens": 1029, "target_self_tokens": 72, "prior_source_tokens": 241, "root_effect": 80.22910065737153, "signed_sum": 80.38622183336183, "conservation_residual": -0.15712117599029796, "factual_target_logp": -3.787723981103113, "reference_target_logp": -84.01682463847465}, {"trajectory_index": 36, "traj_uid": "32584bdc-0c8a-46ad-9968-870744b6da54", "reward": 1.0, "target_tokens": 97, "actual_context_tokens": 1030, "compute_tokens": 1075, "target_self_tokens": 97, "prior_source_tokens": 411, "root_effect": 135.82030984771347, "signed_sum": 135.96646363941858, "conservation_residual": -0.14615379170510323, "factual_target_logp": -0.0988618990776331, "reference_target_logp": -135.9191717467911}, {"trajectory_index": 37, "traj_uid": "8bfdde7c-5102-4210-82ac-05e1a7993274", "reward": 1.0, "target_tokens": 27, "actual_context_tokens": 1046, "compute_tokens": 1075, "target_self_tokens": 27, "prior_source_tokens": 471, "root_effect": 69.79407455423984, "signed_sum": 70.17389597367523, "conservation_residual": -0.3798214194353875, "factual_target_logp": -0.11633469908360894, "reference_target_logp": -69.91040925332345}, {"trajectory_index": 38, "traj_uid": "2e75e944-587f-4dfb-ac7d-33db3b8034b2", "reward": 1.0, "target_tokens": 28, "actual_context_tokens": 1058, "compute_tokens": 1075, "target_self_tokens": 28, "prior_source_tokens": 332, "root_effect": 66.3478728390033, "signed_sum": 66.42779256655876, "conservation_residual": -0.07991972755546328, "factual_target_logp": -0.0023126464151772552, "reference_target_logp": -66.35018548541848}, {"trajectory_index": 39, "traj_uid": "87ec9ed8-19a6-489a-a19e-b74c0fe4aa29", "reward": 1.0, "target_tokens": 71, "actual_context_tokens": 1075, "compute_tokens": 1075, "target_self_tokens": 71, "prior_source_tokens": 337, "root_effect": 107.90551031838555, "signed_sum": 107.95780854771736, "conservation_residual": -0.05229822933181083, "factual_target_logp": -0.07400753658288295, "reference_target_logp": -107.97951785496844}, {"trajectory_index": 40, "traj_uid": "c1a0708b-ff65-4dc7-8f13-fbdce49d9d69", "reward": 1.0, "target_tokens": 55, "actual_context_tokens": 1078, "compute_tokens": 1106, "target_self_tokens": 55, "prior_source_tokens": 396, "root_effect": 86.37807590812815, "signed_sum": 86.53910171698371, "conservation_residual": -0.1610258088555554, "factual_target_logp": -0.1677503208258031, "reference_target_logp": -86.54582622895396}, {"trajectory_index": 41, "traj_uid": "37e8a54f-c8c8-45b5-ba6b-f344a22afcc5", "reward": 1.0, "target_tokens": 28, "actual_context_tokens": 1080, "compute_tokens": 1106, "target_self_tokens": 28, "prior_source_tokens": 354, "root_effect": 66.26046427908182, "signed_sum": 66.39197080265242, "conservation_residual": -0.13150652357060721, "factual_target_logp": -0.8962931703511003, "reference_target_logp": -67.15675744943292}, {"trajectory_index": 42, "traj_uid": "0737924f-3c9f-4e9c-8d19-41154b244c8b", "reward": 1.0, "target_tokens": 55, "actual_context_tokens": 1104, "compute_tokens": 1106, "target_self_tokens": 55, "prior_source_tokens": 422, "root_effect": 97.98372800705874, "signed_sum": 98.26297225095917, "conservation_residual": -0.2792442439004219, "factual_target_logp": -0.05464221298279881, "reference_target_logp": -98.03837022004154}, {"trajectory_index": 43, "traj_uid": "cda3ad94-de03-465f-ab53-8099d0243e50", "reward": 1.0, "target_tokens": 65, "actual_context_tokens": 1106, "compute_tokens": 1106, "target_self_tokens": 65, "prior_source_tokens": 419, "root_effect": 101.40822804699769, "signed_sum": 101.50414404077505, "conservation_residual": -0.09591599377735349, "factual_target_logp": -0.24398897171136014, "reference_target_logp": -101.65221701870905}, {"trajectory_index": 44, "traj_uid": "b4a33e5a-5b54-4a8a-91c6-e4c4caa53ca5", "reward": 1.0, "target_tokens": 71, "actual_context_tokens": 1183, "compute_tokens": 1249, "target_self_tokens": 71, "prior_source_tokens": 445, "root_effect": 99.45367562965237, "signed_sum": 99.74662002200785, "conservation_residual": -0.29294439235548, "factual_target_logp": -0.21570838592617747, "reference_target_logp": -99.66938401557854}, {"trajectory_index": 45, "traj_uid": "9c2131d3-3f1f-493b-9bb6-1088b8c1eb6d", "reward": 1.0, "target_tokens": 58, "actual_context_tokens": 1205, "compute_tokens": 1249, "target_self_tokens": 58, "prior_source_tokens": 538, "root_effect": 100.80593313341387, "signed_sum": 100.86884501148442, "conservation_residual": -0.0629118780705511, "factual_target_logp": -0.9419790236875087, "reference_target_logp": -101.74791215710138}, {"trajectory_index": 46, "traj_uid": "d849e43b-9917-4fdd-b2c2-f2b82ff28907", "reward": 1.0, "target_tokens": 66, "actual_context_tokens": 1241, "compute_tokens": 1249, "target_self_tokens": 66, "prior_source_tokens": 634, "root_effect": 91.85602727348248, "signed_sum": 92.02930474092848, "conservation_residual": -0.17327746744599892, "factual_target_logp": -0.021570818678867454, "reference_target_logp": -91.87759809216135}, {"trajectory_index": 47, "traj_uid": "bccebe5b-f0a1-4814-823b-3e4740212929", "reward": 1.0, "target_tokens": 27, "actual_context_tokens": 1249, "compute_tokens": 1249, "target_self_tokens": 27, "prior_source_tokens": 674, "root_effect": 72.38828163372091, "signed_sum": 72.42500712440516, "conservation_residual": -0.036725490684247575, "factual_target_logp": -1.2488199488216196, "reference_target_logp": -73.63710158254253}, {"trajectory_index": 48, "traj_uid": "21957dfa-a087-4ba7-afb4-9512ec4603df", "reward": 1.0, "target_tokens": 102, "actual_context_tokens": 1260, "compute_tokens": 1294, "target_self_tokens": 102, "prior_source_tokens": 465, "root_effect": 126.67171439887034, "signed_sum": 126.49119556903405, "conservation_residual": 0.18051882983628786, "factual_target_logp": -0.6873192060975271, "reference_target_logp": -127.35903360496786}, {"trajectory_index": 49, "traj_uid": "7ed17372-90cf-489e-a524-bdd8c92e407a", "reward": 1.0, "target_tokens": 98, "actual_context_tokens": 1272, "compute_tokens": 1294, "target_self_tokens": 98, "prior_source_tokens": 485, "root_effect": 135.15881028952532, "signed_sum": 135.26254235277577, "conservation_residual": -0.10373206325044748, "factual_target_logp": -4.149945742641137, "reference_target_logp": -139.30875603216646}, {"trajectory_index": 50, "traj_uid": "9f173c2c-e6dc-4381-b87f-2fa57dfc6700", "reward": 1.0, "target_tokens": 69, "actual_context_tokens": 1285, "compute_tokens": 1294, "target_self_tokens": 69, "prior_source_tokens": 543, "root_effect": 102.93570596420295, "signed_sum": 103.1917845035579, "conservation_residual": -0.2560785393549452, "factual_target_logp": -2.041326278707402, "reference_target_logp": -104.97703224291035}, {"trajectory_index": 51, "traj_uid": "b939bdd7-76e7-4d63-89a3-062d00531ef3", "reward": 1.0, "target_tokens": 71, "actual_context_tokens": 1294, "compute_tokens": 1294, "target_self_tokens": 71, "prior_source_tokens": 556, "root_effect": 113.50535596688496, "signed_sum": 113.6858847042802, "conservation_residual": -0.18052873739523534, "factual_target_logp": -0.19764929739540094, "reference_target_logp": -113.70300526428036}, {"trajectory_index": 52, "traj_uid": "59612689-b82b-4a23-8510-4295a77af5b4", "reward": 1.0, "target_tokens": 104, "actual_context_tokens": 1299, "compute_tokens": 1330, "target_self_tokens": 104, "prior_source_tokens": 497, "root_effect": 147.6473128704422, "signed_sum": 147.6002082164092, "conservation_residual": 0.047104654033006454, "factual_target_logp": -1.1761860322528719, "reference_target_logp": -148.82349890269506}, {"trajectory_index": 53, "traj_uid": "7cb8145c-6003-4982-aa0e-35e55d554e19", "reward": 1.0, "target_tokens": 91, "actual_context_tokens": 1306, "compute_tokens": 1330, "target_self_tokens": 91, "prior_source_tokens": 453, "root_effect": 126.70643460700751, "signed_sum": 127.28567498867989, "conservation_residual": -0.5792403816723777, "factual_target_logp": -1.2564327212675153, "reference_target_logp": -127.96286732827502}, {"trajectory_index": 54, "traj_uid": "0f782091-2933-4692-ada5-7fd3c1f4dfc9", "reward": 1.0, "target_tokens": 60, "actual_context_tokens": 1315, "compute_tokens": 1330, "target_self_tokens": 60, "prior_source_tokens": 558, "root_effect": 77.26539607082236, "signed_sum": 77.40408402667552, "conservation_residual": -0.13868795585315752, "factual_target_logp": -0.15895202461319968, "reference_target_logp": -77.42434809543556}, {"trajectory_index": 55, "traj_uid": "6ad5d10d-58b1-41ae-885d-5a28e9e1a23e", "reward": 1.0, "target_tokens": 70, "actual_context_tokens": 1330, "compute_tokens": 1330, "target_self_tokens": 70, "prior_source_tokens": 702, "root_effect": 106.93969361508442, "signed_sum": 106.89122391240903, "conservation_residual": 0.048469702675390636, "factual_target_logp": -0.12351155382322077, "reference_target_logp": -107.06320516890764}, {"trajectory_index": 56, "traj_uid": "5984191b-5238-48e8-98ed-8a432fe49314", "reward": 1.0, "target_tokens": 118, "actual_context_tokens": 1345, "compute_tokens": 1410, "target_self_tokens": 118, "prior_source_tokens": 497, "root_effect": 133.5232534777797, "signed_sum": 133.78175814531497, "conservation_residual": -0.2585046675352771, "factual_target_logp": -3.0993106678461118, "reference_target_logp": -136.6225641456258}, {"trajectory_index": 57, "traj_uid": "7ef1f0d4-16ac-4b34-a51c-98b0586bb9d9", "reward": 1.0, "target_tokens": 98, "actual_context_tokens": 1366, "compute_tokens": 1410, "target_self_tokens": 98, "prior_source_tokens": 596, "root_effect": 133.63882844556053, "signed_sum": 133.74738713936148, "conservation_residual": -0.10855869380094418, "factual_target_logp": -0.8253560567283103, "reference_target_logp": -134.46418450228884}, {"trajectory_index": 58, "traj_uid": "2f8dc714-bffb-4f34-9991-e1fc8f19bb36", "reward": 1.0, "target_tokens": 58, "actual_context_tokens": 1381, "compute_tokens": 1410, "target_self_tokens": 58, "prior_source_tokens": 787, "root_effect": 107.26453316409129, "signed_sum": 107.39279515667357, "conservation_residual": -0.12826199258228144, "factual_target_logp": -8.226994918343962, "reference_target_logp": -115.49152808243525}, {"trajectory_index": 59, "traj_uid": "a87654cd-7203-4d3a-87ff-442378d2f1aa", "reward": 1.0, "target_tokens": 84, "actual_context_tokens": 1410, "compute_tokens": 1410, "target_self_tokens": 84, "prior_source_tokens": 634, "root_effect": 144.22164486797783, "signed_sum": 144.36432435117652, "conservation_residual": -0.14267948319869106, "factual_target_logp": -3.4046216998444834, "reference_target_logp": -147.6262665678223}, {"trajectory_index": 60, "traj_uid": "5a740550-65bc-4bb8-aded-16794c675186", "reward": 1.0, "target_tokens": 79, "actual_context_tokens": 1413, "compute_tokens": 1464, "target_self_tokens": 79, "prior_source_tokens": 603, "root_effect": 142.4217960986348, "signed_sum": 142.58937987005808, "conservation_residual": -0.1675837714232955, "factual_target_logp": -1.2597448751189404, "reference_target_logp": -143.68154097375373}, {"trajectory_index": 61, "traj_uid": "0683474d-8f25-494c-9607-e96cfe019424", "reward": 1.0, "target_tokens": 104, "actual_context_tokens": 1433, "compute_tokens": 1464, "target_self_tokens": 104, "prior_source_tokens": 559, "root_effect": 151.76608382183292, "signed_sum": 151.96426724588457, "conservation_residual": -0.19818342405164913, "factual_target_logp": -1.2178150066134776, "reference_target_logp": -152.9838988284464}, {"trajectory_index": 62, "traj_uid": "5a1f61ae-81b8-40b8-a037-1ebaf9d076dc", "reward": 1.0, "target_tokens": 76, "actual_context_tokens": 1445, "compute_tokens": 1464, "target_self_tokens": 76, "prior_source_tokens": 779, "root_effect": 136.98343319694953, "signed_sum": 137.5084758484943, "conservation_residual": -0.5250426515447657, "factual_target_logp": -1.3931646212705004, "reference_target_logp": -138.37659781822003}, {"trajectory_index": 63, "traj_uid": "634231a2-5992-4f56-a2b6-60f262b40813", "reward": 1.0, "target_tokens": 64, "actual_context_tokens": 1464, "compute_tokens": 1464, "target_self_tokens": 64, "prior_source_tokens": 686, "root_effect": 103.7485059617236, "signed_sum": 103.81041389803114, "conservation_residual": -0.06190793630754854, "factual_target_logp": -0.19718161281821267, "reference_target_logp": -103.94568757454181}, {"trajectory_index": 64, "traj_uid": "8801fd0b-c985-454c-a67c-d4c4bbeef98b", "reward": 1.0, "target_tokens": 60, "actual_context_tokens": 1486, "compute_tokens": 1578, "target_self_tokens": 60, "prior_source_tokens": 851, "root_effect": 110.77380507888029, "signed_sum": 110.96123913027519, "conservation_residual": -0.1874340513949022, "factual_target_logp": -3.673805861991241, "reference_target_logp": -114.44761094087153}, {"trajectory_index": 65, "traj_uid": "634c8a73-435d-4e31-85ab-4f85e1766109", "reward": 1.0, "target_tokens": 77, "actual_context_tokens": 1504, "compute_tokens": 1578, "target_self_tokens": 77, "prior_source_tokens": 668, "root_effect": 152.69372292931286, "signed_sum": 153.29305034564655, "conservation_residual": -0.5993274163336935, "factual_target_logp": -0.16055020925495, "reference_target_logp": -152.8542731385678}, {"trajectory_index": 66, "traj_uid": "a7573bf1-2bcc-4288-9cd7-56b1d58526c7", "reward": 1.0, "target_tokens": 94, "actual_context_tokens": 1532, "compute_tokens": 1578, "target_self_tokens": 94, "prior_source_tokens": 766, "root_effect": 141.0305932467415, "signed_sum": 141.4396242400007, "conservation_residual": -0.409030993259222, "factual_target_logp": -0.3948498418188251, "reference_target_logp": -141.4254430885603}, {"trajectory_index": 67, "traj_uid": "41cf7c88-73dc-4ec7-bc96-bf3a52d3ca4e", "reward": 1.0, "target_tokens": 93, "actual_context_tokens": 1578, "compute_tokens": 1578, "target_self_tokens": 93, "prior_source_tokens": 714, "root_effect": 135.43397232171924, "signed_sum": 135.7848285962234, "conservation_residual": -0.35085627450416723, "factual_target_logp": -2.049679557378795, "reference_target_logp": -137.48365187909803}, {"trajectory_index": 68, "traj_uid": "814ed1a4-12f3-48e8-8de3-625d3dc12d8d", "reward": 1.0, "target_tokens": 70, "actual_context_tokens": 1584, "compute_tokens": 1655, "target_self_tokens": 70, "prior_source_tokens": 768, "root_effect": 138.0400524504846, "signed_sum": 138.0616169041721, "conservation_residual": -0.02156445368748905, "factual_target_logp": -0.3683476454564243, "reference_target_logp": -138.40840009594103}, {"trajectory_index": 69, "traj_uid": "3211de04-687f-47e1-bf52-6b666e36e2de", "reward": 1.0, "target_tokens": 70, "actual_context_tokens": 1618, "compute_tokens": 1655, "target_self_tokens": 70, "prior_source_tokens": 977, "root_effect": 112.67968149218228, "signed_sum": 113.12597329258695, "conservation_residual": -0.44629180040466565, "factual_target_logp": -0.10619105317431377, "reference_target_logp": -112.7858725453566}, {"trajectory_index": 70, "traj_uid": "d704d9fc-1d77-4418-879b-6a692bcc2a36", "reward": 1.0, "target_tokens": 71, "actual_context_tokens": 1636, "compute_tokens": 1655, "target_self_tokens": 71, "prior_source_tokens": 872, "root_effect": 106.33397079053441, "signed_sum": 106.51277830427688, "conservation_residual": -0.17880751374246984, "factual_target_logp": -0.01013758899887307, "reference_target_logp": -106.34410837953328}, {"trajectory_index": 71, "traj_uid": "408d446a-4a92-4cba-b6fd-0cb12c793c6b", "reward": 1.0, "target_tokens": 69, "actual_context_tokens": 1655, "compute_tokens": 1655, "target_self_tokens": 69, "prior_source_tokens": 850, "root_effect": 143.2612665140187, "signed_sum": 143.63196586073474, "conservation_residual": -0.3706993467160373, "factual_target_logp": -0.12498183562996701, "reference_target_logp": -143.38624834964867}, {"trajectory_index": 72, "traj_uid": "f4aefd2b-689c-47d5-aa32-fa5b98fca974", "reward": 1.0, "target_tokens": 168, "actual_context_tokens": 1725, "compute_tokens": 1819, "target_self_tokens": 168, "prior_source_tokens": 864, "root_effect": 196.42186020407513, "signed_sum": 196.806052242533, "conservation_residual": -0.38419203845788275, "factual_target_logp": -0.9094991662449843, "reference_target_logp": -197.33135937032011}, {"trajectory_index": 73, "traj_uid": "3f8b5076-9ba9-439d-a1a7-03c798e4db47", "reward": 1.0, "target_tokens": 97, "actual_context_tokens": 1732, "compute_tokens": 1819, "target_self_tokens": 97, "prior_source_tokens": 872, "root_effect": 159.1230416737008, "signed_sum": 158.94724736040777, "conservation_residual": 0.1757943132930393, "factual_target_logp": -0.2791010895825252, "reference_target_logp": -159.40214276328334}, {"trajectory_index": 74, "traj_uid": "ebfd9459-ff9e-4211-aa85-8a27ed6de21f", "reward": 1.0, "target_tokens": 62, "actual_context_tokens": 1773, "compute_tokens": 1819, "target_self_tokens": 62, "prior_source_tokens": 975, "root_effect": 114.74812508556101, "signed_sum": 114.94915826818091, "conservation_residual": -0.201033182619895, "factual_target_logp": -0.34546549858600883, "reference_target_logp": -115.09359058414702}, {"trajectory_index": 75, "traj_uid": "c6d0d8c5-63ab-40ef-b395-6136a1dce374", "reward": 1.0, "target_tokens": 78, "actual_context_tokens": 1819, "compute_tokens": 1819, "target_self_tokens": 78, "prior_source_tokens": 1012, "root_effect": 154.67367197225758, "signed_sum": 155.15375126805756, "conservation_residual": -0.48007929579998176, "factual_target_logp": -2.4135914798062004, "reference_target_logp": -157.08726345206378}, {"trajectory_index": 76, "traj_uid": "074c43c6-641f-4164-a576-9a0357001dc1", "reward": 1.0, "target_tokens": 64, "actual_context_tokens": 1820, "compute_tokens": 1987, "target_self_tokens": 64, "prior_source_tokens": 1029, "root_effect": 104.63684992691105, "signed_sum": 104.91211180530712, "conservation_residual": -0.27526187839606564, "factual_target_logp": -5.936557814934531, "reference_target_logp": -110.57340774184559}, {"trajectory_index": 77, "traj_uid": "44498524-198d-44d9-a275-adf420930f18", "reward": 1.0, "target_tokens": 59, "actual_context_tokens": 1874, "compute_tokens": 1987, "target_self_tokens": 59, "prior_source_tokens": 1173, "root_effect": 81.26921058569451, "signed_sum": 81.45545651947421, "conservation_residual": -0.186245933779702, "factual_target_logp": -1.4738264584343597, "reference_target_logp": -82.74303704412887}, {"trajectory_index": 78, "traj_uid": "277efe7d-a4dd-4e05-a666-809258caebed", "reward": 1.0, "target_tokens": 97, "actual_context_tokens": 1903, "compute_tokens": 1987, "target_self_tokens": 97, "prior_source_tokens": 1035, "root_effect": 147.05860563702754, "signed_sum": 147.26807628282288, "conservation_residual": -0.20947064579533503, "factual_target_logp": -0.24538899738672626, "reference_target_logp": -147.30399463441427}, {"trajectory_index": 79, "traj_uid": "7c3bfeae-fe40-448d-b988-484f552663ed", "reward": 1.0, "target_tokens": 83, "actual_context_tokens": 1987, "compute_tokens": 1987, "target_self_tokens": 83, "prior_source_tokens": 1137, "root_effect": 122.32949857352895, "signed_sum": 122.57562566933953, "conservation_residual": -0.24612709581057857, "factual_target_logp": -0.14082136712141846, "reference_target_logp": -122.47031994065037}, {"trajectory_index": 80, "traj_uid": "f85c586f-04a9-480f-abf3-89e9137e4e58", "reward": 1.0, "target_tokens": 193, "actual_context_tokens": 2043, "compute_tokens": 2155, "target_self_tokens": 193, "prior_source_tokens": 1109, "root_effect": 218.7642601346987, "signed_sum": 219.30037486312025, "conservation_residual": -0.536114728421552, "factual_target_logp": -1.4735129645249998, "reference_target_logp": -220.23777309922372}, {"trajectory_index": 81, "traj_uid": "d68dd894-b6b6-4d61-b58c-b256140f617b", "reward": 1.0, "target_tokens": 87, "actual_context_tokens": 2080, "compute_tokens": 2155, "target_self_tokens": 87, "prior_source_tokens": 1225, "root_effect": 171.9521865400843, "signed_sum": 172.11643830791098, "conservation_residual": -0.16425176782666995, "factual_target_logp": -2.6027585942406404, "reference_target_logp": -174.55494513432495}, {"trajectory_index": 82, "traj_uid": "3f4becfe-1f69-4a99-9571-cbe24f438cfa", "reward": 1.0, "target_tokens": 163, "actual_context_tokens": 2138, "compute_tokens": 2155, "target_self_tokens": 163, "prior_source_tokens": 1079, "root_effect": 195.31716728638105, "signed_sum": 195.78350891540924, "conservation_residual": -0.466341629028193, "factual_target_logp": -0.00720208516747789, "reference_target_logp": -195.32436937154853}, {"trajectory_index": 83, "traj_uid": "3b9c95d3-e04a-43c8-935f-d78c766781b4", "reward": 1.0, "target_tokens": 102, "actual_context_tokens": 2155, "compute_tokens": 2155, "target_self_tokens": 102, "prior_source_tokens": 1255, "root_effect": 144.0839987704402, "signed_sum": 144.10406167569386, "conservation_residual": -0.02006290525366694, "factual_target_logp": -4.218789099681203, "reference_target_logp": -148.3027878701214}, {"trajectory_index": 84, "traj_uid": "3a8dfb9b-ecdf-4ac8-9e5b-1244b7cb62f5", "reward": 1.0, "target_tokens": 75, "actual_context_tokens": 2206, "compute_tokens": 2292, "target_self_tokens": 75, "prior_source_tokens": 1434, "root_effect": 128.5726000893029, "signed_sum": 128.82247567676654, "conservation_residual": -0.24987558746363447, "factual_target_logp": -0.0608678083316363, "reference_target_logp": -128.63346789763455}, {"trajectory_index": 85, "traj_uid": "08ff4563-a762-4ebc-952a-2c43c4d8cdf2", "reward": 1.0, "target_tokens": 107, "actual_context_tokens": 2214, "compute_tokens": 2292, "target_self_tokens": 107, "prior_source_tokens": 1322, "root_effect": 184.62910143584884, "signed_sum": 184.93783372178964, "conservation_residual": -0.30873228594080615, "factual_target_logp": -3.897320444427919, "reference_target_logp": -188.52642188027676}, {"trajectory_index": 86, "traj_uid": "ac691895-33de-4c4a-bcdf-554cf2b32be8", "reward": 1.0, "target_tokens": 58, "actual_context_tokens": 2251, "compute_tokens": 2292, "target_self_tokens": 58, "prior_source_tokens": 1605, "root_effect": 100.67149366674766, "signed_sum": 100.82600730004606, "conservation_residual": -0.15451363329839296, "factual_target_logp": -0.00835003377233079, "reference_target_logp": -100.67984370052}, {"trajectory_index": 87, "traj_uid": "542b6668-2100-417a-9033-9182f0f05507", "reward": 1.0, "target_tokens": 118, "actual_context_tokens": 2292, "compute_tokens": 2292, "target_self_tokens": 118, "prior_source_tokens": 1425, "root_effect": 203.45854427394397, "signed_sum": 203.6296336638103, "conservation_residual": -0.17108938986632438, "factual_target_logp": -0.25869103603008625, "reference_target_logp": -203.71723530997406}, {"trajectory_index": 88, "traj_uid": "6ef014d5-eeda-45fd-87c6-cc5155ccfa6b", "reward": 1.0, "target_tokens": 166, "actual_context_tokens": 2316, "compute_tokens": 2433, "target_self_tokens": 166, "prior_source_tokens": 1240, "root_effect": 180.1674940324756, "signed_sum": 180.17787736588215, "conservation_residual": -0.010383333406565498, "factual_target_logp": -5.05199715337767, "reference_target_logp": -185.21949118585326}, {"trajectory_index": 89, "traj_uid": "d0ec5753-e61c-4a7c-aa95-e26036e97c4e", "reward": 1.0, "target_tokens": 118, "actual_context_tokens": 2328, "compute_tokens": 2433, "target_self_tokens": 118, "prior_source_tokens": 1410, "root_effect": 155.46383119362736, "signed_sum": 155.78702679174617, "conservation_residual": -0.32319559811881504, "factual_target_logp": -3.550977625563519, "reference_target_logp": -159.01480881919088}, {"trajectory_index": 90, "traj_uid": "69b5214d-e0c3-4140-8e63-936707538bee", "reward": 1.0, "target_tokens": 130, "actual_context_tokens": 2382, "compute_tokens": 2433, "target_self_tokens": 130, "prior_source_tokens": 1423, "root_effect": 223.82025875872114, "signed_sum": 224.27108797262696, "conservation_residual": -0.45082921390581987, "factual_target_logp": -0.14579828953083052, "reference_target_logp": -223.96605704825197}, {"trajectory_index": 91, "traj_uid": "73403c78-7bdd-44f8-8c15-8c1184a46efa", "reward": 1.0, "target_tokens": 160, "actual_context_tokens": 2433, "compute_tokens": 2433, "target_self_tokens": 160, "prior_source_tokens": 1351, "root_effect": 242.81840507557285, "signed_sum": 243.31532331057184, "conservation_residual": -0.49691823499898646, "factual_target_logp": -3.136615284420941, "reference_target_logp": -245.9550203599938}, {"trajectory_index": 92, "traj_uid": "4d090bc1-1ec4-4f14-9de1-bc287d9be019", "reward": 1.0, "target_tokens": 101, "actual_context_tokens": 2578, "compute_tokens": 2710, "target_self_tokens": 101, "prior_source_tokens": 1675, "root_effect": 190.90908492277867, "signed_sum": 191.14989074794, "conservation_residual": -0.240805825161317, "factual_target_logp": -0.38216884961093456, "reference_target_logp": -191.2912537723896}, {"trajectory_index": 93, "traj_uid": "bcb887f1-e4f9-4308-bd69-117ad15535af", "reward": 1.0, "target_tokens": 69, "actual_context_tokens": 2594, "compute_tokens": 2710, "target_self_tokens": 69, "prior_source_tokens": 1802, "root_effect": 120.45544754522416, "signed_sum": 120.76246652588358, "conservation_residual": -0.30701898065942146, "factual_target_logp": -1.3338824627790018, "reference_target_logp": -121.78933000800316}, {"trajectory_index": 94, "traj_uid": "98842444-9b21-4d31-ad90-5aedaf7ae433", "reward": 1.0, "target_tokens": 192, "actual_context_tokens": 2657, "compute_tokens": 2710, "target_self_tokens": 192, "prior_source_tokens": 1725, "root_effect": 224.5059393094727, "signed_sum": 224.82984583650202, "conservation_residual": -0.32390652702932243, "factual_target_logp": -0.9914896968427342, "reference_target_logp": -225.49742900631543}, {"trajectory_index": 95, "traj_uid": "5452b35a-846e-4301-8160-7678a1b10f85", "reward": 1.0, "target_tokens": 128, "actual_context_tokens": 2710, "compute_tokens": 2710, "target_self_tokens": 128, "prior_source_tokens": 1767, "root_effect": 215.30572962457256, "signed_sum": 215.7324891529872, "conservation_residual": -0.42675952841463527, "factual_target_logp": -1.6655158925376554, "reference_target_logp": -216.97124551711022}, {"trajectory_index": 96, "traj_uid": "6156a02d-dbe7-402b-86f8-2765c345ff45", "reward": 1.0, "target_tokens": 126, "actual_context_tokens": 2920, "compute_tokens": 3148, "target_self_tokens": 126, "prior_source_tokens": 1947, "root_effect": 262.11248821548566, "signed_sum": 262.216934672462, "conservation_residual": -0.10444645697634769, "factual_target_logp": -16.006436959241682, "reference_target_logp": -278.11892517472734}, {"trajectory_index": 97, "traj_uid": "37e8310d-efba-4b80-8b08-2dbb88a827a9", "reward": 1.0, "target_tokens": 139, "actual_context_tokens": 2989, "compute_tokens": 3148, "target_self_tokens": 139, "prior_source_tokens": 1942, "root_effect": 229.5217208425945, "signed_sum": 230.01910807713062, "conservation_residual": -0.4973872345361201, "factual_target_logp": -2.5372507663125816, "reference_target_logp": -232.0589716089071}, {"trajectory_index": 98, "traj_uid": "906d98e7-f345-4a20-b9b5-9457c792b17b", "reward": 1.0, "target_tokens": 103, "actual_context_tokens": 3024, "compute_tokens": 3148, "target_self_tokens": 103, "prior_source_tokens": 2117, "root_effect": 181.8780442833929, "signed_sum": 182.34055665539023, "conservation_residual": -0.4625123719973203, "factual_target_logp": -0.22579842471463962, "reference_target_logp": -182.10384270810755}, {"trajectory_index": 99, "traj_uid": "5454c2c3-5625-4903-938c-6e572a20f44a", "reward": 1.0, "target_tokens": 158, "actual_context_tokens": 3148, "compute_tokens": 3148, "target_self_tokens": 158, "prior_source_tokens": 2141, "root_effect": 255.83878214125207, "signed_sum": 256.26496755255454, "conservation_residual": -0.4261854113024697, "factual_target_logp": -4.230386903941053, "reference_target_logp": -260.0691690451931}, {"trajectory_index": 100, "traj_uid": "ee00e469-f74b-4e6d-a530-6e00e9149b39", "reward": 1.0, "target_tokens": 85, "actual_context_tokens": 3173, "compute_tokens": 3465, "target_self_tokens": 85, "prior_source_tokens": 2329, "root_effect": 139.57299181617554, "signed_sum": 139.62174610776708, "conservation_residual": -0.04875429159153555, "factual_target_logp": -0.09872900397976991, "reference_target_logp": -139.67172082015531}, {"trajectory_index": 101, "traj_uid": "99af4a27-29c1-4110-8447-bee98b3f4185", "reward": 1.0, "target_tokens": 190, "actual_context_tokens": 3352, "compute_tokens": 3465, "target_self_tokens": 190, "prior_source_tokens": 2425, "root_effect": 270.22503268651286, "signed_sum": 270.6084111174378, "conservation_residual": -0.3833784309249495, "factual_target_logp": -9.820065402488979, "reference_target_logp": -280.04509808900184}, {"trajectory_index": 102, "traj_uid": "3f082d50-a8ca-4d6b-b18d-7b7224557fbd", "reward": 1.0, "target_tokens": 234, "actual_context_tokens": 3398, "compute_tokens": 3465, "target_self_tokens": 234, "prior_source_tokens": 2152, "root_effect": 350.15508800346834, "signed_sum": 350.60470292062666, "conservation_residual": -0.44961491715832835, "factual_target_logp": -3.492994672511486, "reference_target_logp": -353.6480826759798}, {"trajectory_index": 103, "traj_uid": "b3dcc26e-198a-4f82-a35d-f6aa3e5bad48", "reward": 1.0, "target_tokens": 115, "actual_context_tokens": 3465, "compute_tokens": 3465, "target_self_tokens": 115, "prior_source_tokens": 2635, "root_effect": 158.25245055997715, "signed_sum": 158.7609308977199, "conservation_residual": -0.5084803377427534, "factual_target_logp": -0.6462375118540535, "reference_target_logp": -158.8986880718312}, {"trajectory_index": 104, "traj_uid": "c4fd6508-6a81-4525-84cc-29957e8a6812", "reward": 1.0, "target_tokens": 138, "actual_context_tokens": 3492, "compute_tokens": 4015, "target_self_tokens": 138, "prior_source_tokens": 2644, "root_effect": 240.14050877467253, "signed_sum": 240.58003065117538, "conservation_residual": -0.4395218765028517, "factual_target_logp": -24.526601935848703, "reference_target_logp": -264.66711071052123}, {"trajectory_index": 105, "traj_uid": "f8f0e4fb-a3a5-4171-a715-9d7773dffd79", "reward": 1.0, "target_tokens": 197, "actual_context_tokens": 3552, "compute_tokens": 4015, "target_self_tokens": 197, "prior_source_tokens": 2582, "root_effect": 284.5965188003986, "signed_sum": 284.41413490914874, "conservation_residual": 0.18238389124985588, "factual_target_logp": -0.21299237511698266, "reference_target_logp": -284.8095111755156}, {"trajectory_index": 106, "traj_uid": "2c67f058-042c-4839-8781-570a07bf449c", "reward": 1.0, "target_tokens": 275, "actual_context_tokens": 3819, "compute_tokens": 4015, "target_self_tokens": 275, "prior_source_tokens": 2624, "root_effect": 358.73292489305027, "signed_sum": 358.75743698667543, "conservation_residual": -0.02451209362516238, "factual_target_logp": -11.69907023396786, "reference_target_logp": -370.4319951270181}, {"trajectory_index": 107, "traj_uid": "a313b108-81cd-41c8-b29c-98a5266e5d46", "reward": 1.0, "target_tokens": 67, "actual_context_tokens": 4015, "compute_tokens": 4015, "target_self_tokens": 67, "prior_source_tokens": 3132, "root_effect": 164.727762266819, "signed_sum": 164.59253909154228, "conservation_residual": 0.13522317527673522, "factual_target_logp": -1.8065425405510496, "reference_target_logp": -166.53430480737006}], "shared_native_prefix": {"capture_rounds": 27, "local_unique_histories": 107, "consumer_batches": 27, "capture_token_slots": 53504, "original_shared_prefix_token_slots": 46080, "capture_and_preparation_seconds": 40.516789219982456}, "raw_advantage_groups": {"self_target": {"tokens": 8428, "sum": 8428.0, "sumsq": 8428.0, "max": 1.0, "min": 1.0, "max_abs": 1.0}, "prior_source": {"tokens": 87709, "sum": 7773.008977613685, "sumsq": 2980.2595078817844, "max": 1.0, "min": -4.937028408050537, "max_abs": 4.937028408050537}, "other_policy": {"tokens": 108, "sum": 0.0, "sumsq": 0.0, "max": 0.0, "min": 0.0, "max_abs": 0.0}}, "seconds": 206.77969904296333}
[36m(IncidentWorker pid=510947)[0m [native_host_cache] phase=compute_dt_token_advantages reserved_before=29499106861 reserved_after=10727232000 release_s=0.347317
[36m(IncidentWorker pid=509503)[0m [06:13:27.218][MCR][E]mc_runtime_api.cpp       :1061: 509503: [7f2a7a3ff640] mcMemcpyAsync: Returned mcErrorInvalidValue
[36m(IncidentWorker pid=509503)[0m [DT direct joint minibatch] trajectories=4 length=5283 batch=27/27 seconds=18.425446467997972
[36m(IncidentWorker pid=509503)[0m [DeltaTrace readout] {"task": "TextCraft", "target_semantics": "real_executed_action_joint", "target_normalization": "original_full_vocabulary", "reward_events": 108, "trajectories": 108, "finite_trace_calls": 27, "joint_target_requests": 108, "minibatch_size": 4, "query_tokens": 0, "synthetic_labels": 0, "reference_token_samples": 0, "per_token_probability_queries": 0, "prefix_lease_used": true, "target_self_tokens": 8945, "prior_source_tokens": 88887, "policy_tokens": 97940, "empty_joint_targets": 0, "zero_reward_trajectories": 0, "actual_context_lengths": [491, 492, 492, 502, 509, 521, 533, 540, 541, 554, 567, 599, 608, 627, 634, 645, 665, 676, 713, 726, 746, 772, 790, 818, 823, 826, 880, 893, 904, 908, 943, 976, 979, 983, 999, 1022, 1037, 1056, 1059, 1067, 1077, 1084, 1085, 1114, 1125, 1185, 1237, 1247, 1264, 1277, 1278, 1295, 1298, 1301, 1316, 1320, 1339, 1368, 1373, 1384, 1413, 1420, 1443, 1453, 1473, 1487, 1513, 1537, 1580, 1623, 1640, 1643, 1658, 1746, 1772, 1792, 1830, 1833, 1886, 1905, 2016, 2075, 2096, 2139, 2170, 2226, 2242, 2256, 2304, 2329, 2368, 2409, 2584, 2584, 2632, 2715, 2822, 2947, 3033, 3098, 3169, 3237, 3393, 3439, 3490, 3502, 3706, 5283], "original_response_rows": [null, null, null, null, null, null, null, null, null, null, null, null, null, null, null, null, null, null, null, null, null, null, null, null, null, null, null, null, null, null, null, null, null, null, null, null, null, null, null, null, null, null, null, null, null, null, null, null, null, null, null, null, null, null, null, null, null, null, null, null, null, null, null, null, null, null, null, null, null, null, null, null, null, null, null, null, null, null, null, null, null, null, null, null, null, null, null, null, null, null, null, null, null, null, null, null, null, null, null, null, null, null, null, null, null, null, null, null], "traces": [{"trajectory_index": 0, "traj_uid": "24b015ab-580d-41f0-8d30-65ae5cb9ccc4", "reward": 1.0, "target_tokens": 27, "actual_context_tokens": 491, "compute_tokens": 502, "target_self_tokens": 27, "prior_source_tokens": 77, "root_effect": 35.501153364762104, "signed_sum": 35.59761533334685, "conservation_residual": -0.09646196858474809, "factual_target_logp": -0.4501724240844851, "reference_target_logp": -35.95132578884659}, {"trajectory_index": 1, "traj_uid": "d09ba022-9f8b-44a2-b274-fe83181b15a3", "reward": 1.0, "target_tokens": 24, "actual_context_tokens": 492, "compute_tokens": 502, "target_self_tokens": 24, "prior_source_tokens": 88, "root_effect": 37.95690548982827, "signed_sum": 38.062757250431304, "conservation_residual": -0.1058517606030307, "factual_target_logp": -0.014852675790393732, "reference_target_logp": -37.97175816561867}, {"trajectory_index": 2, "traj_uid": "d09ba022-9f8b-44a2-b274-fe83181b15a3", "reward": 1.0, "target_tokens": 24, "actual_context_tokens": 492, "compute_tokens": 502, "target_self_tokens": 24, "prior_source_tokens": 88, "root_effect": 37.95690548982827, "signed_sum": 38.062757250431304, "conservation_residual": -0.1058517606030307, "factual_target_logp": -0.014852675790393732, "reference_target_logp": -37.97175816561867}, {"trajectory_index": 3, "traj_uid": "71f07cea-c457-4e7d-a96e-472e2bab5664", "reward": 1.0, "target_tokens": 25, "actual_context_tokens": 502, "compute_tokens": 502, "target_self_tokens": 25, "prior_source_tokens": 75, "root_effect": 37.74122041038436, "signed_sum": 37.66532944018034, "conservation_residual": 0.07589097020402136, "factual_target_logp": -0.004609767816418753, "reference_target_logp": -37.74583017820078}, {"trajectory_index": 4, "traj_uid": "85a6a825-77f4-480e-aa4a-3acd7d217d3a", "reward": 1.0, "target_tokens": 27, "actual_context_tokens": 509, "compute_tokens": 540, "target_self_tokens": 27, "prior_source_tokens": 95, "root_effect": 36.64896115442593, "signed_sum": 36.65547764274878, "conservation_residual": -0.006516488322844793, "factual_target_logp": -0.07508044475775932, "reference_target_logp": -36.72404159918369}, {"trajectory_index": 5, "traj_uid": "3164edfc-65fb-4962-801d-863557cb8b5a", "reward": 1.0, "target_tokens": 26, "actual_context_tokens": 521, "compute_tokens": 540, "target_self_tokens": 26, "prior_source_tokens": 96, "root_effect": 42.299543279769296, "signed_sum": 42.245064230553524, "conservation_residual": 0.054479049215771624, "factual_target_logp": -2.7062573853395406, "reference_target_logp": -45.005800665108836}, {"trajectory_index": 6, "traj_uid": "443b2f0b-677c-48d2-981a-31e19495a5b2", "reward": 1.0, "target_tokens": 24, "actual_context_tokens": 533, "compute_tokens": 540, "target_self_tokens": 24, "prior_source_tokens": 81, "root_effect": 36.70452309267898, "signed_sum": 36.72180394004768, "conservation_residual": -0.017280847368695618, "factual_target_logp": -0.15485809994675037, "reference_target_logp": -36.85938119262573}, {"trajectory_index": 7, "traj_uid": "5ebdba2a-634c-4754-b27b-6d3f2d8d19aa", "reward": 1.0, "target_tokens": 25, "actual_context_tokens": 540, "compute_tokens": 540, "target_self_tokens": 25, "prior_source_tokens": 113, "root_effect": 42.640192070278715, "signed_sum": 42.77039149458034, "conservation_residual": -0.13019942430162246, "factual_target_logp": -0.05409268459749228, "reference_target_logp": -42.69428475487621}, {"trajectory_index": 8, "traj_uid": "114a42c2-9804-4068-9a36-11c188e966fc", "reward": 1.0, "target_tokens": 24, "actual_context_tokens": 541, "compute_tokens": 599, "target_self_tokens": 24, "prior_source_tokens": 89, "root_effect": 38.594764069151324, "signed_sum": 38.68246222669413, "conservation_residual": -0.0876981575428033, "factual_target_logp": -0.02477139575853471, "reference_target_logp": -38.61953546490986}, {"trajectory_index": 9, "traj_uid": "8b98715a-e500-4909-83b3-a62630cd7c8f", "reward": 1.0, "target_tokens": 24, "actual_context_tokens": 554, "compute_tokens": 599, "target_self_tokens": 24, "prior_source_tokens": 102, "root_effect": 35.92345890106401, "signed_sum": 36.04607947450369, "conservation_residual": -0.1226205734396828, "factual_target_logp": -0.0026884292991553593, "reference_target_logp": -35.926147330363165}, {"trajectory_index": 10, "traj_uid": "9e8e7b40-b0a7-4ba5-b535-72b6bdcfe33f", "reward": 1.0, "target_tokens": 28, "actual_context_tokens": 567, "compute_tokens": 599, "target_self_tokens": 28, "prior_source_tokens": 142, "root_effect": 49.439333939276594, "signed_sum": 49.61477227064519, "conservation_residual": -0.17543833136859632, "factual_target_logp": -0.021506934248236576, "reference_target_logp": -49.46084087352483}, {"trajectory_index": 11, "traj_uid": "cadadf4d-f61f-4e7a-b3ed-1bb80e4098d5", "reward": 1.0, "target_tokens": 29, "actual_context_tokens": 599, "compute_tokens": 599, "target_self_tokens": 29, "prior_source_tokens": 148, "root_effect": 51.97336899689685, "signed_sum": 51.74977686571638, "conservation_residual": 0.2235921311804745, "factual_target_logp": -3.678861273548364, "reference_target_logp": -55.652230270445216}, {"trajectory_index": 12, "traj_uid": "82b06f8c-1edc-4306-80d6-684c31fd4d40", "reward": 1.0, "target_tokens": 41, "actual_context_tokens": 608, "compute_tokens": 645, "target_self_tokens": 41, "prior_source_tokens": 143, "root_effect": 54.97607018581971, "signed_sum": 54.92942117425342, "conservation_residual": 0.04664901156628787, "factual_target_logp": -0.2591994111278382, "reference_target_logp": -55.235269596947546}, {"trajectory_index": 13, "traj_uid": "ec35b7f1-21dc-4ef5-899a-8369fc276d0a", "reward": 1.0, "target_tokens": 31, "actual_context_tokens": 627, "compute_tokens": 645, "target_self_tokens": 31, "prior_source_tokens": 192, "root_effect": 53.37438956356772, "signed_sum": 53.47236838800579, "conservation_residual": -0.09797882443807282, "factual_target_logp": -0.04716082821806822, "reference_target_logp": -53.421550391785786}, {"trajectory_index": 14, "traj_uid": "6bdc8fed-6c67-47e4-87ad-ae39bbcd2951", "reward": 1.0, "target_tokens": 27, "actual_context_tokens": 634, "compute_tokens": 645, "target_self_tokens": 27, "prior_source_tokens": 220, "root_effect": 48.428895568936696, "signed_sum": 48.51157920080715, "conservation_residual": -0.08268363187045225, "factual_target_logp": -0.1801131202923898, "reference_target_logp": -48.609008689229086}, {"trajectory_index": 15, "traj_uid": "1966cf71-73f2-469a-9797-2fc2636357f4", "reward": 1.0, "target_tokens": 37, "actual_context_tokens": 645, "compute_tokens": 645, "target_self_tokens": 37, "prior_source_tokens": 205, "root_effect": 57.88096813109087, "signed_sum": 57.84703453334966, "conservation_residual": 0.03393359774121052, "factual_target_logp": -0.2329961471527895, "reference_target_logp": -58.11396427824366}, {"trajectory_index": 16, "traj_uid": "bf5f0d10-a3c6-4dad-9e51-2b9dfbd88e40", "reward": 1.0, "target_tokens": 34, "actual_context_tokens": 665, "compute_tokens": 726, "target_self_tokens": 34, "prior_source_tokens": 214, "root_effect": 57.36108949019376, "signed_sum": 57.34792895913529, "conservation_residual": 0.01316053105847459, "factual_target_logp": -0.6673075826022341, "reference_target_logp": -58.028397072796}, {"trajectory_index": 17, "traj_uid": "12aded1c-5fb0-45ff-8c79-e29206ecdd9d", "reward": 1.0, "target_tokens": 29, "actual_context_tokens": 676, "compute_tokens": 726, "target_self_tokens": 29, "prior_source_tokens": 248, "root_effect": 63.39559937592344, "signed_sum": 63.380310979805444, "conservation_residual": 0.015288396117995262, "factual_target_logp": -0.1150652998469468, "reference_target_logp": -63.510664675770386}, {"trajectory_index": 18, "traj_uid": "32294639-f662-4324-9da3-39397b128f9a", "reward": 1.0, "target_tokens": 29, "actual_context_tokens": 713, "compute_tokens": 726, "target_self_tokens": 29, "prior_source_tokens": 285, "root_effect": 71.20238515885973, "signed_sum": 71.26604562405831, "conservation_residual": -0.0636604651985806, "factual_target_logp": -0.06733331405160925, "reference_target_logp": -71.26971847291134}, {"trajectory_index": 19, "traj_uid": "dc08b7b1-392a-4348-ae27-14d5c006ad6b", "reward": 1.0, "target_tokens": 28, "actual_context_tokens": 726, "compute_tokens": 726, "target_self_tokens": 28, "prior_source_tokens": 301, "root_effect": 66.70437506525525, "signed_sum": 66.80444283576037, "conservation_residual": -0.10006777050512028, "factual_target_logp": -0.00721252432174424, "reference_target_logp": -66.711587589577}, {"trajectory_index": 20, "traj_uid": "c7391375-7411-4211-850f-25ea6e455ca2", "reward": 1.0, "target_tokens": 42, "actual_context_tokens": 746, "compute_tokens": 818, "target_self_tokens": 42, "prior_source_tokens": 195, "root_effect": 48.80958946445833, "signed_sum": 48.81281629264061, "conservation_residual": -0.0032268281822851463, "factual_target_logp": -0.5056189264474824, "reference_target_logp": -49.31520839090581}, {"trajectory_index": 21, "traj_uid": "11eb6f91-56f4-4aa3-9ade-0b156c3a8374", "reward": 1.0, "target_tokens": 42, "actual_context_tokens": 772, "compute_tokens": 818, "target_self_tokens": 42, "prior_source_tokens": 221, "root_effect": 50.823848369843745, "signed_sum": 50.855716414133425, "conservation_residual": -0.0318680442896806, "factual_target_logp": -0.06657045898896286, "reference_target_logp": -50.89041882883271}, {"trajectory_index": 22, "traj_uid": "d68fde7d-fcaa-4055-b13a-5006a52ca087", "reward": 1.0, "target_tokens": 26, "actual_context_tokens": 790, "compute_tokens": 818, "target_self_tokens": 26, "prior_source_tokens": 66, "root_effect": 52.998306338800376, "signed_sum": 53.025864074102294, "conservation_residual": -0.02755773530191874, "factual_target_logp": -1.8217118100969856, "reference_target_logp": -54.82001814889736}, {"trajectory_index": 23, "traj_uid": "d9250a7c-522c-4e1e-b7a7-96c29d36d483", "reward": 1.0, "target_tokens": 54, "actual_context_tokens": 818, "compute_tokens": 818, "target_self_tokens": 54, "prior_source_tokens": 245, "root_effect": 68.98485573313326, "signed_sum": 69.10841076022037, "conservation_residual": -0.1235550270871073, "factual_target_logp": -0.01051991914039263, "reference_target_logp": -68.99537565227365}, {"trajectory_index": 24, "traj_uid": "32dedb88-0fca-4ab0-a520-aae292dbaf38", "reward": 1.0, "target_tokens": 36, "actual_context_tokens": 823, "compute_tokens": 893, "target_self_tokens": 36, "prior_source_tokens": 224, "root_effect": 73.11842899700082, "signed_sum": 73.31485167079425, "conservation_residual": -0.19642267379343537, "factual_target_logp": -0.11244068832797893, "reference_target_logp": -73.2308696853288}, {"trajectory_index": 25, "traj_uid": "fa5b9913-adb4-4a13-a6fe-b01151161471", "reward": 1.0, "target_tokens": 42, "actual_context_tokens": 826, "compute_tokens": 893, "target_self_tokens": 42, "prior_source_tokens": 275, "root_effect": 50.708694543653706, "signed_sum": 50.772778816781525, "conservation_residual": -0.06408427312781839, "factual_target_logp": -0.009193489139335043, "reference_target_logp": -50.71788803279304}, {"trajectory_index": 26, "traj_uid": "3049e0a0-2c27-4274-892c-1e4e74b01ddf", "reward": 1.0, "target_tokens": 55, "actual_context_tokens": 880, "compute_tokens": 893, "target_self_tokens": 55, "prior_source_tokens": 195, "root_effect": 70.52723290813935, "signed_sum": 70.48132999383063, "conservation_residual": 0.045902914308726395, "factual_target_logp": -0.17059951619251024, "reference_target_logp": -70.69783242433186}, {"trajectory_index": 27, "traj_uid": "51732f71-656b-4528-87cb-e48373285b08", "reward": 1.0, "target_tokens": 51, "actual_context_tokens": 893, "compute_tokens": 893, "target_self_tokens": 51, "prior_source_tokens": 232, "root_effect": 69.75252785279031, "signed_sum": 69.8999993150371, "conservation_residual": -0.14747146224679852, "factual_target_logp": -0.10039785229650988, "reference_target_logp": -69.85292570508682}, {"trajectory_index": 28, "traj_uid": "5d257ea6-32ec-44fb-b4e4-96dd075acccf", "reward": 1.0, "target_tokens": 66, "actual_context_tokens": 904, "compute_tokens": 976, "target_self_tokens": 66, "prior_source_tokens": 297, "root_effect": 70.69880388178726, "signed_sum": 70.77587439187549, "conservation_residual": -0.07707051008823385, "factual_target_logp": -1.9205533815996034, "reference_target_logp": -72.61935726338686}, {"trajectory_index": 29, "traj_uid": "73981aa4-ed8d-4586-9910-a7c7bb0bcc04", "reward": 1.0, "target_tokens": 58, "actual_context_tokens": 908, "compute_tokens": 976, "target_self_tokens": 58, "prior_source_tokens": 241, "root_effect": 96.43452488538117, "signed_sum": 96.50145162823914, "conservation_residual": -0.06692674285797295, "factual_target_logp": -0.009201243742950282, "reference_target_logp": -96.44372612912412}, {"trajectory_index": 30, "traj_uid": "a9dffbb8-6e63-40fd-b618-bc246f1c9a0d", "reward": 1.0, "target_tokens": 51, "actual_context_tokens": 943, "compute_tokens": 976, "target_self_tokens": 51, "prior_source_tokens": 282, "root_effect": 67.41810785526377, "signed_sum": 67.58082448216699, "conservation_residual": -0.16271662690321875, "factual_target_logp": -0.2521920179760855, "reference_target_logp": -67.67029987323986}, {"trajectory_index": 31, "traj_uid": "3d0a59e3-c0fd-485c-9778-9534d3d308fb", "reward": 1.0, "target_tokens": 62, "actual_context_tokens": 976, "compute_tokens": 976, "target_self_tokens": 62, "prior_source_tokens": 366, "root_effect": 72.00383704414534, "signed_sum": 72.17297266475128, "conservation_residual": -0.16913562060594245, "factual_target_logp": -0.5815075920808397, "reference_target_logp": -72.58534463622618}, {"trajectory_index": 32, "traj_uid": "288f4e89-85d6-499b-b16f-c7563dffb960", "reward": 1.0, "target_tokens": 53, "actual_context_tokens": 979, "compute_tokens": 1022, "target_self_tokens": 53, "prior_source_tokens": 377, "root_effect": 80.69455288865731, "signed_sum": 80.73124697443285, "conservation_residual": -0.03669408577553668, "factual_target_logp": -2.7452635442604105, "reference_target_logp": -83.43981643291772}, {"trajectory_index": 33, "traj_uid": "92c0dd23-d4df-48ef-89cf-167c2c8ae9c1", "reward": 1.0, "target_tokens": 55, "actual_context_tokens": 983, "compute_tokens": 1022, "target_self_tokens": 55, "prior_source_tokens": 301, "root_effect": 77.46324835337396, "signed_sum": 77.61382308800867, "conservation_residual": -0.15057473463471638, "factual_target_logp": -0.025008328922240253, "reference_target_logp": -77.4882566822962}, {"trajectory_index": 34, "traj_uid": "7ccf9d29-9fa1-435e-8eea-5d09b1f97ea2", "reward": 1.0, "target_tokens": 62, "actual_context_tokens": 999, "compute_tokens": 1022, "target_self_tokens": 62, "prior_source_tokens": 311, "root_effect": 84.35654242761893, "signed_sum": 84.3902303303366, "conservation_residual": -0.033687902717673524, "factual_target_logp": -0.04995285636459812, "reference_target_logp": -84.40649528398353}, {"trajectory_index": 35, "traj_uid": "df3cebf6-08fd-43f9-95a6-599d7f8d826b", "reward": 1.0, "target_tokens": 28, "actual_context_tokens": 1022, "compute_tokens": 1022, "target_self_tokens": 28, "prior_source_tokens": 296, "root_effect": 65.58853573302929, "signed_sum": 65.60608900649814, "conservation_residual": -0.01755327346884883, "factual_target_logp": -0.0032627237566202894, "reference_target_logp": -65.59179845678591}, {"trajectory_index": 36, "traj_uid": "84ef4af8-eef6-404e-a3c0-e0550090f0d7", "reward": 1.0, "target_tokens": 69, "actual_context_tokens": 1037, "compute_tokens": 1067, "target_self_tokens": 69, "prior_source_tokens": 295, "root_effect": 86.61118705887748, "signed_sum": 86.55990706284558, "conservation_residual": 0.05127999603189437, "factual_target_logp": -0.03347341818334826, "reference_target_logp": -86.64466047706082}, {"trajectory_index": 37, "traj_uid": "cfc1d496-f6c6-486e-ba40-9182226fdcfe", "reward": 1.0, "target_tokens": 67, "actual_context_tokens": 1056, "compute_tokens": 1067, "target_self_tokens": 67, "prior_source_tokens": 332, "root_effect": 86.96193256228213, "signed_sum": 87.01045397838217, "conservation_residual": -0.048521416100044235, "factual_target_logp": -0.005613244380981541, "reference_target_logp": -86.96754580666311}, {"trajectory_index": 38, "traj_uid": "76c58803-0673-40da-9cdf-4330611bf438", "reward": 1.0, "target_tokens": 58, "actual_context_tokens": 1059, "compute_tokens": 1067, "target_self_tokens": 58, "prior_source_tokens": 465, "root_effect": 106.72483349679618, "signed_sum": 106.70954125239341, "conservation_residual": 0.015292244402772326, "factual_target_logp": -0.018678433428306107, "reference_target_logp": -106.74351193022449}, {"trajectory_index": 39, "traj_uid": "7a8b0594-8dcb-48d7-b0ce-df8fd76b91d9", "reward": 1.0, "target_tokens": 58, "actual_context_tokens": 1067, "compute_tokens": 1067, "target_self_tokens": 58, "prior_source_tokens": 473, "root_effect": 104.15824454657832, "signed_sum": 104.35212289080086, "conservation_residual": -0.19387834422254002, "factual_target_logp": -0.025226881812159263, "reference_target_logp": -104.18347142839048}, {"trajectory_index": 40, "traj_uid": "37ae2e4c-30bc-4a2c-a53a-249d069b01bc", "reward": 1.0, "target_tokens": 71, "actual_context_tokens": 1077, "compute_tokens": 1114, "target_self_tokens": 71, "prior_source_tokens": 339, "root_effect": 104.8972236672098, "signed_sum": 105.12234493798218, "conservation_residual": -0.22512127077237665, "factual_target_logp": -0.5074136138164249, "reference_target_logp": -105.40463728102623}, {"trajectory_index": 41, "traj_uid": "643d4cc7-4132-4f89-b66e-dd1f34789c78", "reward": 1.0, "target_tokens": 81, "actual_context_tokens": 1084, "compute_tokens": 1114, "target_self_tokens": 81, "prior_source_tokens": 365, "root_effect": 110.4131362318426, "signed_sum": 110.59702116272652, "conservation_residual": -0.1838849308839201, "factual_target_logp": -0.5932879867118572, "reference_target_logp": -111.00642421855446}, {"trajectory_index": 42, "traj_uid": "fda8f1f6-ab2d-4889-a823-e327560632a4", "reward": 1.0, "target_tokens": 27, "actual_context_tokens": 1085, "compute_tokens": 1114, "target_self_tokens": 27, "prior_source_tokens": 510, "root_effect": 68.71867615399123, "signed_sum": 68.97979089426869, "conservation_residual": -0.2611147402774634, "factual_target_logp": -0.0276433146075874, "reference_target_logp": -68.74631946859881}, {"trajectory_index": 43, "traj_uid": "e573d2b9-d6eb-4ee8-b806-68881480ced6", "reward": 1.0, "target_tokens": 61, "actual_context_tokens": 1114, "compute_tokens": 1114, "target_self_tokens": 61, "prior_source_tokens": 394, "root_effect": 106.62788419874289, "signed_sum": 106.68828879050837, "conservation_residual": -0.06040459176547586, "factual_target_logp": -0.03271582607101209, "reference_target_logp": -106.6606000248139}, {"trajectory_index": 44, "traj_uid": "610223fb-602a-483e-a891-b5a587b130d8", "reward": 1.0, "target_tokens": 28, "actual_context_tokens": 1125, "compute_tokens": 1247, "target_self_tokens": 28, "prior_source_tokens": 399, "root_effect": 66.65963788977308, "signed_sum": 66.80227763206145, "conservation_residual": -0.14263974228836673, "factual_target_logp": -0.030026104876810678, "reference_target_logp": -66.68966399464989}, {"trajectory_index": 45, "traj_uid": "b0796e9b-1ba1-4240-9cf0-a7d0b1bfe586", "reward": 1.0, "target_tokens": 73, "actual_context_tokens": 1185, "compute_tokens": 1247, "target_self_tokens": 73, "prior_source_tokens": 510, "root_effect": 105.6549550162963, "signed_sum": 105.54925124611782, "conservation_residual": 0.10570377017847932, "factual_target_logp": -0.6289880310432636, "reference_target_logp": -106.28394304733956}, {"trajectory_index": 46, "traj_uid": "98f196ef-27f5-4944-84df-96c0ec84dc74", "reward": 1.0, "target_tokens": 93, "actual_context_tokens": 1237, "compute_tokens": 1247, "target_self_tokens": 93, "prior_source_tokens": 460, "root_effect": 123.79634917190367, "signed_sum": 123.9719808497251, "conservation_residual": -0.1756316778214284, "factual_target_logp": -0.8417922310474069, "reference_target_logp": -124.63814140295108}, {"trajectory_index": 47, "traj_uid": "35cab5e0-432a-4d59-9331-d0b6e2af126b", "reward": 1.0, "target_tokens": 96, "actual_context_tokens": 1247, "compute_tokens": 1247, "target_self_tokens": 96, "prior_source_tokens": 391, "root_effect": 122.36131834571972, "signed_sum": 122.5469451821607, "conservation_residual": -0.18562683644097433, "factual_target_logp": -1.2444948177929973, "reference_target_logp": -123.60581316351272}, {"trajectory_index": 48, "traj_uid": "6592ae81-1e74-4bb9-8108-943787da49c3", "reward": 1.0, "target_tokens": 66, "actual_context_tokens": 1264, "compute_tokens": 1295, "target_self_tokens": 66, "prior_source_tokens": 575, "root_effect": 125.94061608954678, "signed_sum": 126.23788046437792, "conservation_residual": -0.2972643748311441, "factual_target_logp": -0.06119379092535837, "reference_target_logp": -126.00180988047214}, {"trajectory_index": 49, "traj_uid": "13eabbc4-c5d3-4874-8619-c3061ff93cd1", "reward": 1.0, "target_tokens": 71, "actual_context_tokens": 1277, "compute_tokens": 1295, "target_self_tokens": 71, "prior_source_tokens": 468, "root_effect": 118.1777918041501, "signed_sum": 118.33299913795565, "conservation_residual": -0.1552073338055493, "factual_target_logp": -0.5426023754968696, "reference_target_logp": -118.72039417964697}, {"trajectory_index": 50, "traj_uid": "d3007de9-e9b6-45bb-a9c1-a2ad62664d65", "reward": 1.0, "target_tokens": 50, "actual_context_tokens": 1278, "compute_tokens": 1295, "target_self_tokens": 50, "prior_source_tokens": 504, "root_effect": 95.22572972717262, "signed_sum": 95.51315087569239, "conservation_residual": -0.2874211485197691, "factual_target_logp": -0.08576342267679138, "reference_target_logp": -95.31149314984941}, {"trajectory_index": 51, "traj_uid": "051fed19-78d2-4b57-91ae-51e77269f6a0", "reward": 1.0, "target_tokens": 78, "actual_context_tokens": 1295, "compute_tokens": 1295, "target_self_tokens": 78, "prior_source_tokens": 563, "root_effect": 136.67818342261694, "signed_sum": 136.85113357374902, "conservation_residual": -0.17295015113208478, "factual_target_logp": -0.044927074817451285, "reference_target_logp": -136.7231104974344}, {"trajectory_index": 52, "traj_uid": "2b7fb6e4-ff80-4ba2-b196-0c9fecfffa16", "reward": 1.0, "target_tokens": 60, "actual_context_tokens": 1298, "compute_tokens": 1320, "target_self_tokens": 60, "prior_source_tokens": 676, "root_effect": 112.35968839840098, "signed_sum": 112.66297792462811, "conservation_residual": -0.30328952622713246, "factual_target_logp": -1.5301050046091405, "reference_target_logp": -113.88979340301012}, {"trajectory_index": 53, "traj_uid": "31426818-dc72-4c37-911f-857317aa7abf", "reward": 1.0, "target_tokens": 118, "actual_context_tokens": 1301, "compute_tokens": 1320, "target_self_tokens": 118, "prior_source_tokens": 569, "root_effect": 128.76927763150758, "signed_sum": 128.86522003886876, "conservation_residual": -0.09594240736117854, "factual_target_logp": -1.9165422032687616, "reference_target_logp": -130.68581983477634}, {"trajectory_index": 54, "traj_uid": "fb1e0104-c68c-4e2a-b919-31e494aa0789", "reward": 1.0, "target_tokens": 81, "actual_context_tokens": 1316, "compute_tokens": 1320, "target_self_tokens": 81, "prior_source_tokens": 575, "root_effect": 109.14446794701479, "signed_sum": 109.21451877310786, "conservation_residual": -0.07005082609306612, "factual_target_logp": -0.5790920884176671, "reference_target_logp": -109.72356003543246}, {"trajectory_index": 55, "traj_uid": "25756383-f2c7-41eb-9229-ebff956f9c01", "reward": 1.0, "target_tokens": 68, "actual_context_tokens": 1320, "compute_tokens": 1320, "target_self_tokens": 68, "prior_source_tokens": 676, "root_effect": 123.55878518747068, "signed_sum": 123.59861665195965, "conservation_residual": -0.03983146448896946, "factual_target_logp": -2.7311387876570734, "reference_target_logp": -126.28992397512775}, {"trajectory_index": 56, "traj_uid": "bad5295a-52f2-4631-9c98-d66009e0f52d", "reward": 1.0, "target_tokens": 115, "actual_context_tokens": 1339, "compute_tokens": 1384, "target_self_tokens": 115, "prior_source_tokens": 523, "root_effect": 146.78329946317047, "signed_sum": 146.898406631712, "conservation_residual": -0.11510716854152747, "factual_target_logp": -0.056187309234132954, "reference_target_logp": -146.8394867724046}, {"trajectory_index": 57, "traj_uid": "24db65d6-7af8-4525-9529-38506ada4d4f", "reward": 1.0, "target_tokens": 64, "actual_context_tokens": 1368, "compute_tokens": 1384, "target_self_tokens": 64, "prior_source_tokens": 590, "root_effect": 96.5106271137027, "signed_sum": 96.66267100924026, "conservation_residual": -0.1520438955375596, "factual_target_logp": -1.4466890511304769, "reference_target_logp": -97.95731616483317}, {"trajectory_index": 58, "traj_uid": "106b8487-6950-44ec-92f9-ae45f64234bc", "reward": 1.0, "target_tokens": 115, "actual_context_tokens": 1373, "compute_tokens": 1384, "target_self_tokens": 115, "prior_source_tokens": 557, "root_effect": 144.69255681872602, "signed_sum": 144.76562192120073, "conservation_residual": -0.07306510247471465, "factual_target_logp": -0.24707960464292, "reference_target_logp": -144.93963642336894}, {"trajectory_index": 59, "traj_uid": "3871001e-7ccf-455b-bc5d-657aac0fcaf8", "reward": 1.0, "target_tokens": 98, "actual_context_tokens": 1384, "compute_tokens": 1384, "target_self_tokens": 98, "prior_source_tokens": 597, "root_effect": 141.99360746448315, "signed_sum": 142.14507606688892, "conservation_residual": -0.15146860240577098, "factual_target_logp": -1.2307426875775036, "reference_target_logp": -143.22435015206065}, {"trajectory_index": 60, "traj_uid": "521ba5b3-2180-4e1d-a708-25f485287dce", "reward": 1.0, "target_tokens": 79, "actual_context_tokens": 1413, "compute_tokens": 1453, "target_self_tokens": 79, "prior_source_tokens": 735, "root_effect": 98.75203735188131, "signed_sum": 98.96005019084646, "conservation_residual": -0.20801283896514633, "factual_target_logp": -4.4002446006157925, "reference_target_logp": -103.1522819524971}, {"trajectory_index": 61, "traj_uid": "adfa6c69-1429-478e-8f87-1ba779082594", "reward": 1.0, "target_tokens": 50, "actual_context_tokens": 1420, "compute_tokens": 1453, "target_self_tokens": 50, "prior_source_tokens": 743, "root_effect": 88.39991218510932, "signed_sum": 88.65459247841859, "conservation_residual": -0.25468029330927777, "factual_target_logp": -0.25217047792011726, "reference_target_logp": -88.65208266302943}, {"trajectory_index": 62, "traj_uid": "19151287-8335-4270-aa08-d000026d93a2", "reward": 1.0, "target_tokens": 72, "actual_context_tokens": 1443, "compute_tokens": 1453, "target_self_tokens": 72, "prior_source_tokens": 764, "root_effect": 116.19927131563827, "signed_sum": 116.11341606408655, "conservation_residual": 0.08585525155172036, "factual_target_logp": -0.7461727755776337, "reference_target_logp": -116.9454440912159}, {"trajectory_index": 63, "traj_uid": "c68d6ecb-5ec3-4f38-9f77-46a498a524f0", "reward": 1.0, "target_tokens": 77, "actual_context_tokens": 1453, "compute_tokens": 1453, "target_self_tokens": 77, "prior_source_tokens": 791, "root_effect": 116.60445935691644, "signed_sum": 116.60445769935205, "conservation_residual": 1.6575643826399755e-06, "factual_target_logp": -0.36814217653443393, "reference_target_logp": -116.97260153345087}, {"trajectory_index": 64, "traj_uid": "68b2b97e-658f-485f-bf68-9d3d548aa483", "reward": 1.0, "target_tokens": 46, "actual_context_tokens": 1473, "compute_tokens": 1537, "target_self_tokens": 46, "prior_source_tokens": 843, "root_effect": 67.33565212996245, "signed_sum": 67.38570359941905, "conservation_residual": -0.05005146945659078, "factual_target_logp": -0.030111946495253505, "reference_target_logp": -67.36576407645771}, {"trajectory_index": 65, "traj_uid": "5423f474-75f3-4942-85af-bc993f03de09", "reward": 1.0, "target_tokens": 134, "actual_context_tokens": 1487, "compute_tokens": 1537, "target_self_tokens": 134, "prior_source_tokens": 711, "root_effect": 182.64684277172262, "signed_sum": 183.07175514058176, "conservation_residual": -0.42491236885913963, "factual_target_logp": -0.6971330230281865, "reference_target_logp": -183.3439757947508}, {"trajectory_index": 66, "traj_uid": "46535ee5-d7be-44ba-be05-e3a53164e964", "reward": 1.0, "target_tokens": 74, "actual_context_tokens": 1513, "compute_tokens": 1537, "target_self_tokens": 74, "prior_source_tokens": 777, "root_effect": 115.41275280715655, "signed_sum": 115.46008516821047, "conservation_residual": -0.04733236105391825, "factual_target_logp": -0.022599616377362963, "reference_target_logp": -115.43535242353391}, {"trajectory_index": 67, "traj_uid": "24310424-4520-4b30-8a24-2264e9878aba", "reward": 1.0, "target_tokens": 152, "actual_context_tokens": 1537, "compute_tokens": 1537, "target_self_tokens": 152, "prior_source_tokens": 728, "root_effect": 195.95949581824863, "signed_sum": 196.23999810418934, "conservation_residual": -0.28050228594071314, "factual_target_logp": -0.8669883734484642, "reference_target_logp": -196.8264841916971}, {"trajectory_index": 68, "traj_uid": "14fb1831-d71a-48b1-9cf0-dba79d6c1f0a", "reward": 1.0, "target_tokens": 75, "actual_context_tokens": 1580, "compute_tokens": 1643, "target_self_tokens": 75, "prior_source_tokens": 821, "root_effect": 133.9842035095292, "signed_sum": 134.4504027089232, "conservation_residual": -0.4661991993939978, "factual_target_logp": -0.09039708824883519, "reference_target_logp": -134.07460059777804}, {"trajectory_index": 69, "traj_uid": "26672496-2040-4142-a8d3-38263e940ae3", "reward": 1.0, "target_tokens": 24, "actual_context_tokens": 1623, "compute_tokens": 1643, "target_self_tokens": 24, "prior_source_tokens": 1132, "root_effect": 48.02088406388293, "signed_sum": 48.08317485025363, "conservation_residual": -0.06229078637069563, "factual_target_logp": -0.022933320867650764, "reference_target_logp": -48.04381738475058}, {"trajectory_index": 70, "traj_uid": "ac96dce0-ab1d-4e8e-bc0d-55c98dd90cad", "reward": 1.0, "target_tokens": 184, "actual_context_tokens": 1640, "compute_tokens": 1643, "target_self_tokens": 184, "prior_source_tokens": 737, "root_effect": 205.20764620468594, "signed_sum": 205.59681741060842, "conservation_residual": -0.3891712059224801, "factual_target_logp": -5.98340648873841, "reference_target_logp": -211.19105269342435}, {"trajectory_index": 71, "traj_uid": "e3747f78-f9a4-4024-8573-e8a585363746", "reward": 1.0, "target_tokens": 53, "actual_context_tokens": 1643, "compute_tokens": 1643, "target_self_tokens": 53, "prior_source_tokens": 1028, "root_effect": 104.27346092192965, "signed_sum": 104.38554669630416, "conservation_residual": -0.11208577437450629, "factual_target_logp": -1.139090000437136, "reference_target_logp": -105.41255092236679}, {"trajectory_index": 72, "traj_uid": "df9d438b-d28f-492b-bd24-5ca996a155b5", "reward": 1.0, "target_tokens": 69, "actual_context_tokens": 1658, "compute_tokens": 1792, "target_self_tokens": 69, "prior_source_tokens": 916, "root_effect": 131.34799995628362, "signed_sum": 131.69116118303876, "conservation_residual": -0.34316122675514293, "factual_target_logp": -1.3323619839799221, "reference_target_logp": -132.68036194026354}, {"trajectory_index": 73, "traj_uid": "9ada30f8-5edd-4c00-a293-9111f1479d5e", "reward": 1.0, "target_tokens": 130, "actual_context_tokens": 1746, "compute_tokens": 1792, "target_self_tokens": 130, "prior_source_tokens": 793, "root_effect": 169.5182082979719, "signed_sum": 169.8008824985193, "conservation_residual": -0.28267420054737613, "factual_target_logp": -8.458492756262672, "reference_target_logp": -177.97670105423458}, {"trajectory_index": 74, "traj_uid": "36eeb471-322d-46ab-b398-3856449e64cf", "reward": 1.0, "target_tokens": 67, "actual_context_tokens": 1772, "compute_tokens": 1792, "target_self_tokens": 67, "prior_source_tokens": 1009, "root_effect": 147.12463065610928, "signed_sum": 147.2069462643243, "conservation_residual": -0.08231560821502626, "factual_target_logp": -0.48533495844321806, "reference_target_logp": -147.6099656145525}, {"trajectory_index": 75, "traj_uid": "bb88f3cf-f437-4780-9772-b2663a0f6e91", "reward": 1.0, "target_tokens": 61, "actual_context_tokens": 1792, "compute_tokens": 1792, "target_self_tokens": 61, "prior_source_tokens": 1142, "root_effect": 130.76634034384972, "signed_sum": 130.8691403480743, "conservation_residual": -0.10280000422457647, "factual_target_logp": -0.0390213215281392, "reference_target_logp": -130.80536166537786}, {"trajectory_index": 76, "traj_uid": "1d277cc7-b42a-4217-90a6-ed6add945d8e", "reward": 1.0, "target_tokens": 85, "actual_context_tokens": 1830, "compute_tokens": 1905, "target_self_tokens": 85, "prior_source_tokens": 1077, "root_effect": 149.7536996784629, "signed_sum": 150.1020434772028, "conservation_residual": -0.3483437987399043, "factual_target_logp": -0.9054857605688085, "reference_target_logp": -150.65918543903172}, {"trajectory_index": 77, "traj_uid": "b6b2f662-f297-4d6c-a86c-6ad32f3fc3bf", "reward": 1.0, "target_tokens": 135, "actual_context_tokens": 1833, "compute_tokens": 1905, "target_self_tokens": 135, "prior_source_tokens": 894, "root_effect": 208.43180500995072, "signed_sum": 208.60122950415217, "conservation_residual": -0.16942449420145067, "factual_target_logp": -0.028706635918979373, "reference_target_logp": -208.4605116458697}, {"trajectory_index": 78, "traj_uid": "167f9085-dfc9-45a8-9448-e1852f44274c", "reward": 1.0, "target_tokens": 120, "actual_context_tokens": 1886, "compute_tokens": 1905, "target_self_tokens": 120, "prior_source_tokens": 1067, "root_effect": 162.62399123364497, "signed_sum": 162.78913356053266, "conservation_residual": -0.1651423268876897, "factual_target_logp": -3.2130401388713494, "reference_target_logp": -165.83703137251632}, {"trajectory_index": 79, "traj_uid": "b623161c-ae6f-4763-8713-cd0bb49a1e49", "reward": 1.0, "target_tokens": 112, "actual_context_tokens": 1905, "compute_tokens": 1905, "target_self_tokens": 112, "prior_source_tokens": 1081, "root_effect": 164.79468169311326, "signed_sum": 164.9997674426097, "conservation_residual": -0.20508574949644753, "factual_target_logp": -7.3581721108068905, "reference_target_logp": -172.15285380392015}, {"trajectory_index": 80, "traj_uid": "a29ea0b1-f2bd-4f8c-a42e-bb491f98036b", "reward": 1.0, "target_tokens": 119, "actual_context_tokens": 2016, "compute_tokens": 2139, "target_self_tokens": 119, "prior_source_tokens": 1230, "root_effect": 170.64583808422162, "signed_sum": 170.7360003496014, "conservation_residual": -0.09016226537977445, "factual_target_logp": -0.8029587533326321, "reference_target_logp": -171.44879683755426}, {"trajectory_index": 81, "traj_uid": "6a6f9313-0a94-4fcc-bd5a-f8bcdc42ea87", "reward": 1.0, "target_tokens": 134, "actual_context_tokens": 2075, "compute_tokens": 2139, "target_self_tokens": 134, "prior_source_tokens": 1285, "root_effect": 173.7688075893882, "signed_sum": 173.75351396336583, "conservation_residual": 0.015293626022355511, "factual_target_logp": -5.555696007469351, "reference_target_logp": -179.32450359685754}, {"trajectory_index": 82, "traj_uid": "fd7e3692-3478-4971-8e95-4f3de84bd145", "reward": 1.0, "target_tokens": 177, "actual_context_tokens": 2096, "compute_tokens": 2139, "target_self_tokens": 177, "prior_source_tokens": 1002, "root_effect": 272.91070160722535, "signed_sum": 272.88127846304826, "conservation_residual": 0.02942314417708758, "factual_target_logp": -0.17545910890970617, "reference_target_logp": -273.08616071613505}, {"trajectory_index": 83, "traj_uid": "d03ba5f1-cb77-4ef5-8148-daa3b1244d04", "reward": 1.0, "target_tokens": 206, "actual_context_tokens": 2139, "compute_tokens": 2139, "target_self_tokens": 206, "prior_source_tokens": 1169, "root_effect": 229.76628535045435, "signed_sum": 230.24205337785725, "conservation_residual": -0.4757680274028928, "factual_target_logp": -0.0643526447625078, "reference_target_logp": -229.83063799521688}, {"trajectory_index": 84, "traj_uid": "8e1862ca-2db9-4fff-83f5-4d79ac0b7756", "reward": 1.0, "target_tokens": 75, "actual_context_tokens": 2170, "compute_tokens": 2256, "target_self_tokens": 75, "prior_source_tokens": 1396, "root_effect": 164.86539281403662, "signed_sum": 165.26102253630063, "conservation_residual": -0.3956297222640046, "factual_target_logp": -0.570291630520785, "reference_target_logp": -165.4356844445574}, {"trajectory_index": 85, "traj_uid": "35f8bcee-aa60-40b7-9c6f-355ddf138ab2", "reward": 1.0, "target_tokens": 193, "actual_context_tokens": 2226, "compute_tokens": 2256, "target_self_tokens": 193, "prior_source_tokens": 1292, "root_effect": 228.5486819407919, "signed_sum": 228.95026659961508, "conservation_residual": -0.4015846588231682, "factual_target_logp": -1.3156417525845683, "reference_target_logp": -229.8643236933765}, {"trajectory_index": 86, "traj_uid": "a3d29e5d-8a1e-4c05-8fd5-621f7ac067cc", "reward": 1.0, "target_tokens": 101, "actual_context_tokens": 2242, "compute_tokens": 2256, "target_self_tokens": 101, "prior_source_tokens": 1336, "root_effect": 181.87822728956104, "signed_sum": 182.18242582027696, "conservation_residual": -0.3041985307159223, "factual_target_logp": -6.59194589274324, "reference_target_logp": -188.47017318230428}, {"trajectory_index": 87, "traj_uid": "16518cd1-0715-4c30-be61-8e701700aeaa", "reward": 1.0, "target_tokens": 98, "actual_context_tokens": 2256, "compute_tokens": 2256, "target_self_tokens": 98, "prior_source_tokens": 1370, "root_effect": 156.59981649695465, "signed_sum": 156.63253609527425, "conservation_residual": -0.03271959831960203, "factual_target_logp": -1.2355463912631421, "reference_target_logp": -157.8353628882178}, {"trajectory_index": 88, "traj_uid": "3ae13fe5-2f9f-4471-9c9c-e31c874c3c97", "reward": 1.0, "target_tokens": 127, "actual_context_tokens": 2304, "compute_tokens": 2409, "target_self_tokens": 127, "prior_source_tokens": 1295, "root_effect": 229.06208664311634, "signed_sum": 229.35824284113224, "conservation_residual": -0.2961561980158933, "factual_target_logp": -3.724989746533538, "reference_target_logp": -232.78707638964988}, {"trajectory_index": 89, "traj_uid": "e3b946aa-5894-4b3d-9135-db913eab4b4d", "reward": 1.0, "target_tokens": 95, "actual_context_tokens": 2329, "compute_tokens": 2409, "target_self_tokens": 95, "prior_source_tokens": 1534, "root_effect": 156.36355345781703, "signed_sum": 156.5936205333739, "conservation_residual": -0.23006707555686035, "factual_target_logp": -49.37439321518832, "reference_target_logp": -205.73794667300535}, {"trajectory_index": 90, "traj_uid": "086a75c9-ea98-48d0-afa1-e9c41d35883d", "reward": 1.0, "target_tokens": 84, "actual_context_tokens": 2368, "compute_tokens": 2409, "target_self_tokens": 84, "prior_source_tokens": 1579, "root_effect": 141.66859814423606, "signed_sum": 142.08965281044718, "conservation_residual": -0.42105466621111987, "factual_target_logp": -0.18186339295698417, "reference_target_logp": -141.85046153719304}, {"trajectory_index": 91, "traj_uid": "1bdb75f6-cb99-473f-ab3a-3db03d82ccb8", "reward": 1.0, "target_tokens": 106, "actual_context_tokens": 2409, "compute_tokens": 2409, "target_self_tokens": 106, "prior_source_tokens": 1649, "root_effect": 179.63696668101238, "signed_sum": 179.6720009741806, "conservation_residual": -0.035034293168223485, "factual_target_logp": -101.8596649264664, "reference_target_logp": -281.4966316074788}, {"trajectory_index": 92, "traj_uid": "893213fc-92fe-4db5-9599-826cfcf21e9c", "reward": 1.0, "target_tokens": 167, "actual_context_tokens": 2584, "compute_tokens": 2715, "target_self_tokens": 167, "prior_source_tokens": 1488, "root_effect": 290.7441278899653, "signed_sum": 291.110118478867, "conservation_residual": -0.36599058890169545, "factual_target_logp": -2.928139848906312, "reference_target_logp": -293.6722677388716}, {"trajectory_index": 93, "traj_uid": "b3d0d87b-35be-441d-af33-8ca5aaf07a0e", "reward": 1.0, "target_tokens": 164, "actual_context_tokens": 2584, "compute_tokens": 2715, "target_self_tokens": 164, "prior_source_tokens": 1735, "root_effect": 209.71078432749027, "signed_sum": 210.00334983712645, "conservation_residual": -0.29256550963617656, "factual_target_logp": -0.20890630218673323, "reference_target_logp": -209.919690629677}, {"trajectory_index": 94, "traj_uid": "4597d30e-2412-4ec2-b99c-3eef5bea77ca", "reward": 1.0, "target_tokens": 123, "actual_context_tokens": 2632, "compute_tokens": 2715, "target_self_tokens": 123, "prior_source_tokens": 1781, "root_effect": 189.10210362579477, "signed_sum": 189.47165041007003, "conservation_residual": -0.3695467842752578, "factual_target_logp": -0.19305530251637038, "reference_target_logp": -189.29515892831114}, {"trajectory_index": 95, "traj_uid": "3f3ad4d7-23f4-4056-a04f-3c41690b14ab", "reward": 1.0, "target_tokens": 138, "actual_context_tokens": 2715, "compute_tokens": 2715, "target_self_tokens": 138, "prior_source_tokens": 1732, "root_effect": 201.68317265795832, "signed_sum": 201.71297631169148, "conservation_residual": -0.02980365373315408, "factual_target_logp": -3.573918885133196, "reference_target_logp": -205.25709154309152}, {"trajectory_index": 96, "traj_uid": "4440fcdb-2096-4de2-87fb-04db5e0bf5dd", "reward": 1.0, "target_tokens": 182, "actual_context_tokens": 2822, "compute_tokens": 3098, "target_self_tokens": 182, "prior_source_tokens": 1750, "root_effect": 239.21029675349223, "signed_sum": 239.4344220098032, "conservation_residual": -0.2241252563109697, "factual_target_logp": -0.11861883227152248, "reference_target_logp": -239.32891558576375}, {"trajectory_index": 97, "traj_uid": "6811b968-58cf-4eac-b6ae-4201388db76f", "reward": 1.0, "target_tokens": 145, "actual_context_tokens": 2947, "compute_tokens": 3098, "target_self_tokens": 145, "prior_source_tokens": 2101, "root_effect": 213.7247846124278, "signed_sum": 214.2914465469682, "conservation_residual": -0.5666619345403774, "factual_target_logp": -0.39451777205295, "reference_target_logp": -214.11930238448076}, {"trajectory_index": 98, "traj_uid": "8d721690-8399-4d1f-9019-cca189b345cc", "reward": 1.0, "target_tokens": 208, "actual_context_tokens": 3033, "compute_tokens": 3098, "target_self_tokens": 208, "prior_source_tokens": 1855, "root_effect": 314.37063797776585, "signed_sum": 315.21882016423, "conservation_residual": -0.8481821864641574, "factual_target_logp": -1.3390351255284827, "reference_target_logp": -315.70967310329434}, {"trajectory_index": 99, "traj_uid": "20412d30-dcbf-4998-8315-26290db200d3", "reward": 1.0, "target_tokens": 135, "actual_context_tokens": 3098, "compute_tokens": 3098, "target_self_tokens": 135, "prior_source_tokens": 2098, "root_effect": 201.5119634136231, "signed_sum": 201.4700735156843, "conservation_residual": 0.04188989793880182, "factual_target_logp": -2.310720410229351, "reference_target_logp": -203.82268382385246}, {"trajectory_index": 100, "traj_uid": "c8806127-627e-4722-a9e7-d9725eb027d1", "reward": 1.0, "target_tokens": 205, "actual_context_tokens": 3169, "compute_tokens": 3439, "target_self_tokens": 205, "prior_source_tokens": 2149, "root_effect": 182.68490917811755, "signed_sum": 182.80930193123606, "conservation_residual": -0.12439275311851361, "factual_target_logp": -0.6036330259312876, "reference_target_logp": -183.28854220404884}, {"trajectory_index": 101, "traj_uid": "0bb749ef-478e-45b2-b4e8-c2b746b349a5", "reward": 1.0, "target_tokens": 166, "actual_context_tokens": 3237, "compute_tokens": 3439, "target_self_tokens": 166, "prior_source_tokens": 2355, "root_effect": 233.67713733970646, "signed_sum": 233.80691494612125, "conservation_residual": -0.12977760641479108, "factual_target_logp": -2.049330031005013, "reference_target_logp": -235.72646737071148}, {"trajectory_index": 102, "traj_uid": "36429dae-581e-4591-af91-34980154b245", "reward": 1.0, "target_tokens": 145, "actual_context_tokens": 3393, "compute_tokens": 3439, "target_self_tokens": 145, "prior_source_tokens": 2549, "root_effect": 266.50522945177596, "signed_sum": 266.7003178645789, "conservation_residual": -0.19508841280293154, "factual_target_logp": -0.41939341344317427, "reference_target_logp": -266.92462286521913}, {"trajectory_index": 103, "traj_uid": "7ead2a59-4138-45c7-91ce-90c7c4ee56f9", "reward": 1.0, "target_tokens": 146, "actual_context_tokens": 3439, "compute_tokens": 3439, "target_self_tokens": 146, "prior_source_tokens": 2388, "root_effect": 212.91228516412937, "signed_sum": 213.08381062166285, "conservation_residual": -0.1715254575334768, "factual_target_logp": -0.735381282835732, "reference_target_logp": -213.6476664469651}, {"trajectory_index": 104, "traj_uid": "0d04b5c8-f26f-431d-a6e0-fe7d1a1dfbfa", "reward": 1.0, "target_tokens": 126, "actual_context_tokens": 3490, "compute_tokens": 5283, "target_self_tokens": 126, "prior_source_tokens": 2710, "root_effect": 212.76132804331746, "signed_sum": 213.10995037406758, "conservation_residual": -0.3486223307501177, "factual_target_logp": -0.2162324351488678, "reference_target_logp": -212.97756047846633}, {"trajectory_index": 105, "traj_uid": "39544d44-cb50-4bb2-aa3e-038ffccf26fe", "reward": 1.0, "target_tokens": 82, "actual_context_tokens": 3502, "compute_tokens": 5283, "target_self_tokens": 82, "prior_source_tokens": 2611, "root_effect": 162.91935963352506, "signed_sum": 163.30909500408404, "conservation_residual": -0.3897353705589808, "factual_target_logp": -0.977315712799566, "reference_target_logp": -163.89667534632463}, {"trajectory_index": 106, "traj_uid": "6a9efa5d-6c8a-4570-9e0e-98fdbb2b6fcf", "reward": 1.0, "target_tokens": 99, "actual_context_tokens": 3706, "compute_tokens": 5283, "target_self_tokens": 99, "prior_source_tokens": 2657, "root_effect": 127.79547470322996, "signed_sum": 127.58014462615262, "conservation_residual": 0.21533007707733987, "factual_target_logp": -42.39215201832576, "reference_target_logp": -170.18762672155572}, {"trajectory_index": 107, "traj_uid": "5f3f5abc-df99-45d2-81bd-bfb775ea8cbc", "reward": 1.0, "target_tokens": 288, "actual_context_tokens": 5283, "compute_tokens": 5283, "target_self_tokens": 288, "prior_source_tokens": 4070, "root_effect": 381.2545474609344, "signed_sum": 381.61188015984516, "conservation_residual": -0.3573326989107386, "factual_target_logp": -5.131390753110267, "reference_target_logp": -386.3859382140447}], "shared_native_prefix": {"capture_rounds": 27, "local_unique_histories": 107, "consumer_batches": 27, "capture_token_slots": 51456, "original_shared_prefix_token_slots": 44288, "capture_and_preparation_seconds": 40.51686948002316}, "raw_advantage_groups": {"self_target": {"tokens": 8945, "sum": 8945.0, "sumsq": 8945.0, "max": 1.0, "min": 1.0, "max_abs": 1.0}, "prior_source": {"tokens": 88887, "sum": 8036.140187858417, "sumsq": 3046.8978056080737, "max": 1.0, "min": -4.7925920486450195, "max_abs": 4.7925920486450195}, "other_policy": {"tokens": 108, "sum": 0.0, "sumsq": 0.0, "max": 0.0, "min": 0.0, "max_abs": 0.0}}, "seconds": 206.88493056996958}
[36m(IncidentWorker pid=509503)[0m [native_host_cache] phase=compute_dt_token_advantages reserved_before=47752717869 reserved_after=10727232000 release_s=0.494311
[36m(IncidentWorker pid=510947)[0m [06:13:27.238][MCR][E]mc_runtime_api.cpp       :1061: 510947: [7f7be29ff640] mcMemcpyAsync: Returned mcErrorInvalidValue
Traceback (most recent call last):
  File "/mnt/si0021787ci2/default/lzq/deepresearch/deltatrace_rl_20260922/receipts/textcraft-native-incident37-original-exception-capture-20261011-v1/source/replay_native_incident37_exception_capture_20261011.py", line 89, in <module>
    main()
  File "/mnt/si0021787ci2/default/lzq/deepresearch/deltatrace_rl_20260922/receipts/textcraft-native-incident37-original-exception-capture-20261011-v1/source/replay_native_incident37_exception_capture_20261011.py", line 83, in main
    original.main()
  File "/mnt/si0021787ci2/default/lzq/deepresearch/deltatrace_rl_20260922/receipts/textcraft-native-incident37-old-ref-DT-20261011-v1/source/replay_native_incident37_old_ref_dt_20261011.py", line 304, in main
    result=group.replay_incident(str(args.output))
           ^^^^^^^^^^^^^^^^^^^^^^^^^^^^^^^^^^^^^^^
  File "/mnt/si0021787ci2/default/lzq/deepresearch/deltatrace_rl_20260922/candidates/direct-action-target-20261007-v3/textcraft/verl/verl/single_controller/ray/base.py", line 51, in __call__
    output = ray.get(output)
             ^^^^^^^^^^^^^^^
  File "/opt/conda/lib/python3.12/site-packages/ray/_private/auto_init_hook.py", line 22, in auto_init_wrapper
    return fn(*args, **kwargs)
           ^^^^^^^^^^^^^^^^^^^
  File "/opt/conda/lib/python3.12/site-packages/ray/_private/client_mode_hook.py", line 104, in wrapper
    return func(*args, **kwargs)
           ^^^^^^^^^^^^^^^^^^^^^
  File "/opt/conda/lib/python3.12/site-packages/ray/_private/worker.py", line 2967, in get
    values, debugger_breakpoint = worker.get_objects(
                                  ^^^^^^^^^^^^^^^^^^^
  File "/opt/conda/lib/python3.12/site-packages/ray/_private/worker.py", line 1015, in get_objects
    raise value.as_instanceof_cause()
ray.exceptions.RayTaskError(AcceleratorError): [36mray::IncidentWorker.replay_incident()[39m (pid=509503, ip=10.200.112.15, actor_id=27895c43102330fd7d46b3bf01000000, repr=<replay_native_incident37_old_ref_dt_20261011.IncidentWorker object at 0x7f2f93688530>)
           ^^^^^^^^^^^^^^^^^^^^^^^^^^^^^^^^^^^^
           ^^^^^^^^^^^^^^^^^^^^^^^^^^^^^^^
  File "/mnt/si0021787ci2/default/lzq/deepresearch/deltatrace_rl_20260922/candidates/direct-action-target-20261007-v3/textcraft/verl/verl/single_controller/base/decorator.py", line 534, in inner
    return func(*args, **kwargs)
           ^^^^^^^^^^^^^^^^^^^^^
  File "/mnt/si0021787ci2/default/lzq/deepresearch/deltatrace_rl_20260922/receipts/textcraft-native-incident37-old-ref-DT-20261011-v1/source/replay_native_incident37_old_ref_dt_20261011.py", line 264, in replay_incident
    result = self.update_actor(data)
             ^^^^^^^^^^^^^^^^^^^^^^^
           ^^^^^^^^^^^^^^^^^^^^^^^^^^^^^^^
  File "/mnt/si0021787ci2/default/lzq/deepresearch/deltatrace_rl_20260922/candidates/direct-action-target-20261007-v3/textcraft/verl/verl/single_controller/base/decorator.py", line 534, in inner
    return func(*args, **kwargs)
           ^^^^^^^^^^^^^^^^^^^^^
  File "/mnt/si0021787ci2/default/lzq/deepresearch/deltatrace_rl_20260922/candidates/direct-action-target-20261007-v3/textcraft/verl/verl/workers/fsdp_workers.py", line 627, in update_actor
    metrics = self.actor.update_policy(data=data)
              ^^^^^^^^^^^^^^^^^^^^^^^^^^^^^^^^^^^
  File "/mnt/si0021787ci2/default/lzq/deepresearch/deltatrace_rl_20260922/candidates/direct-action-target-20261007-v3/textcraft/verl/verl/utils/debug/performance.py", line 80, in f
    return self.log(decorated_function, *args, **kwargs)
           ^^^^^^^^^^^^^^^^^^^^^^^^^^^^^^^^^^^^^^^^^^^^^
  File "/mnt/si0021787ci2/default/lzq/deepresearch/deltatrace_rl_20260922/candidates/direct-action-target-20261007-v3/textcraft/verl/verl/utils/debug/performance.py", line 90, in log
    output = func(*args, **kwargs)
             ^^^^^^^^^^^^^^^^^^^^^
  File "/mnt/si0021787ci2/default/lzq/deepresearch/deltatrace_rl_20260922/candidates/direct-action-target-20261007-v3/textcraft/verl/verl/workers/actor/dp_actor.py", line 496, in update_policy
    loss.backward()
  File "/opt/conda/lib/python3.12/site-packages/torch/_tensor.py", line 647, in backward
    torch.autograd.backward(
  File "/opt/conda/lib/python3.12/site-packages/torch/autograd/__init__.py", line 354, in backward
    _engine_run_backward(
  File "/opt/conda/lib/python3.12/site-packages/torch/autograd/graph.py", line 829, in _engine_run_backward
    return Variable._execution_engine.run_backward(  # Calls into the C++ engine to run the backward pass
           ^^^^^^^^^^^^^^^^^^^^^^^^^^^^^^^^^^^^^^^^^^^^^^^^^^^^^^^^^^^^^^^^^^^^^^^^^^^^^^^^^^^^^^^^^^^^^^
  File "/mnt/si0021787ci2/default/lzq/deepresearch/deltatrace_rl_20260922/receipts/textcraft-native-incident37-old-ref-DT-20261011-v1/source/replay_native_incident37_old_ref_dt_20261011.py", line 231, in gradient_hook
    vocab_weights=w.detach().to('cpu',copy=True),
                  ^^^^^^^^^^^^^^^^^^^^^^^^^^^^^^
torch.AcceleratorError: CUDA error: invalid argument
CUDA kernel errors might be asynchronously reported at some other API call, so the stacktrace below might be incorrect.
For debugging consider passing CUDA_LAUNCH_BLOCKING=1
Compile with `TORCH_USE_CUDA_DSA` to enable device-side assertions.
