dataset,index,input_sha256,DT_rise,FT_rise,DT_minus_FT_rise,DT_mas,FT_mas,DT_minus_FT_mas,DT_needle,FT_needle,DT_minus_FT_needle
niah_mq_q2,0,4c46244c8ef1235bda45410b69684055c641bfb46a3956a1958cce5328a95b46,0.08545112781954886,0.10386056971514242,-0.018409441895593556,0.10933687647137935,0.1902215081188312,-0.08088463164745185,0.425,0.175,0.25
niah_mq_q2,1,15b106b2ca7dea757762d05d6c6906d52ec32d7c2f72590cd023a4ca56cf1c5c,0.0410655737704918,0.04314449917898193,-0.002078925408490126,0.06099932807942576,0.12785577911263513,-0.06685645103320936,0.9736842105263158,0.7894736842105263,0.1842105263157895
niah_mq_q2,2,04625fd9bc55e61caefd3f1f534ae8eacc852169fd3347624a40ac8176cfe99d,0.03960084033613446,0.0444560669456067,-0.004855226609472241,0.05806260304714013,0.12610486734900025,-0.06804226430186013,0.9210526315789473,0.8157894736842105,0.10526315789473684
niah_mq_q2,3,b02552833746f8ba8d202a99c894bcf5bed676797ad67baf102e5e2ffc8842a2,0.10707094918504315,0.10459770114942528,0.002473248035617867,0.13977669084139843,0.19151354313976468,-0.05173685229836625,0.47368421052631576,0.21052631578947367,0.2631578947368421
niah_mq_q2,4,8b61309a0bf7cf7f88ffaf5492bf6ead0bf504509a322b70fad78b8f34293084,0.0386986301369863,0.05243484224965707,-0.013736212112670766,0.06644638708617352,0.13992636819945709,-0.07347998111328356,0.9743589743589743,0.8205128205128205,0.15384615384615385
niah_mq_q2,5,31e1c0de3fa15d110c9f438b287389c62aa9138cbb185aed24665b041a369eb5,0.04196969696969697,0.043197573656845754,-0.001227876687148785,0.05250739287479972,0.12835462462664565,-0.07584723175184593,1.0,0.8205128205128205,0.17948717948717952
niah_mq_q2,6,da32d256330a34eb35e022ad39f4c328eea0fbde44075a3332dda49de891cc84,0.05636986301369863,0.10184931506849315,-0.04547945205479452,0.08683371500071609,0.18964810756922618,-0.10281439256851009,0.4594594594594595,0.24324324324324326,0.21621621621621623
niah_mq_q2,7,98136dbc4f15287c0396ce470015ba2caa3a44f525a2c39c34ff5af66882f7cb,0.048666462293071734,0.054095354523227376,-0.005428892230155642,0.07102312846560811,0.14027890207562727,-0.06925577361001915,0.9743589743589743,0.7435897435897436,0.23076923076923073
niah_mq_q2,8,4a0510896f92b626aaa9313a5a1d215eb5a58a41d312894210ad4b5491b78c29,0.07624703087885987,0.10249406175771972,-0.02624703087885985,0.09925747395588627,0.18667944846255913,-0.08742197450667286,0.4473684210526316,0.23684210526315788,0.2105263157894737
niah_mq_q2,9,7239252bc8a251e48abb5cc9e68ecd40eaf553ea4559c1b426e1aca398dbb139,0.09764705882352942,0.09378669275929549,0.0038603660642339277,0.13817498663216024,0.18501425825597048,-0.04683927162381024,0.425,0.2,0.22499999999999998
niah_mq_q2,10,309c655a0e596a2e4121c297031182356288867828c8653c053e457007565621,0.07153716216216215,0.09865319865319866,-0.027116036491036513,0.10231854421392943,0.184432278459356,-0.08211373424542658,0.41025641025641024,0.20512820512820512,0.20512820512820512
niah_mq_q2,11,37179c438cfe5f0f003ecdb3bbdf6257da0e63b026d6170dabf24a3c8c7133ea,0.06742424242424241,0.07682872435325602,-0.009404481929013608,0.09181585415009137,0.17600249713016303,-0.08418664298007165,0.5,0.325,0.175
niah_mq_q2,12,7b3b47c5a8d9ea4a773b95062e41ddb0434aedc1532fa2e9f5c7166d73c8c0ed,0.07120637329286797,0.09943267776096823,-0.02822630446810026,0.09881297757696147,0.17921856687026735,-0.08040558929330588,0.35,0.2,0.14999999999999997
niah_mq_q2,13,e6c4ca17c31dde932ae0a033ad544c1b4cc62adfa20239c5ed97d80ab6e3763b,0.0424738219895288,0.04107843137254902,0.001395390616979783,0.05588958771945788,0.13819546499424396,-0.08230587727478608,0.95,0.825,0.125
niah_mq_q2,14,5754ca4a0cb71a24c0de46581829ba43b64d94d9a1f1049a044aaf3f28b5956e,0.051756931012250165,0.03970019342359767,0.012056737588652493,0.08608021375080899,0.12947337323889124,-0.043393159488082256,0.95,0.7,0.25
niah_mq_q2,15,727184c2642eb0d5e5bb2263871e21961f20731c6f3d124caf6985991f73e46e,0.10479381443298971,0.09609053497942388,0.008703279453565832,0.12900480915880955,0.19668501982460923,-0.06768021066579968,0.4634146341463415,0.2682926829268293,0.1951219512195122
niah_mq_q2,16,34eb02161522f07655fe96540362d2bd1d02190263e1684153b31d66d2106a74,0.04133011413520633,0.04855516637478109,-0.0072250522395747585,0.09217814500436709,0.17955062479425932,-0.08737247978989222,0.42105263157894735,0.23684210526315788,0.18421052631578946
niah_mq_q2,17,a15ab9ec2815a1197f0d67de40d6c97546feda4d57f547c797f2873951e1f917,0.1312765055131467,0.08869047619047618,0.04258602932267053,0.1679906237872503,0.1856502630898324,-0.017659639302582103,0.4146341463414634,0.1951219512195122,0.2195121951219512
niah_mq_q2,18,10f9f167f7594ac17afc65cf8f68f8dd0d65b3e30fc1c85704a30d575d0c63fa,0.029527559055118113,0.033858267716535426,-0.004330708661417312,0.04880396443546835,0.1358644318024767,-0.08706046736700836,0.918918918918919,0.7837837837837838,0.1351351351351352
niah_mq_q2,19,5885c4e13998595152c929263a24754f3a336c9193867da53d516241d309fc2c,0.12157293497363797,0.09591388400702987,0.025659050966608102,0.1594965512558717,0.1933866529334097,-0.033890101677538004,0.38461538461538464,0.20512820512820512,0.17948717948717952
niah_mq_q2,20,3de672166ee14c0319e749ff82c99cb2f0cbf8ea4ed6e2b132d2a7f30e496225,0.06832298136645962,0.05708722741433021,0.011235753952129404,0.09783493616489572,0.1773479280557564,-0.07951299189086067,0.45,0.225,0.225
niah_mq_q2,21,156d17dc08c3b760a271fd7b7fdfc273554290260fa78057f7a19ac16fcb47bd,0.03293754066363045,0.043936446173800256,-0.010998905510169805,0.05646906766508394,0.1351724429960002,-0.07870337533091626,0.9487179487179487,0.7692307692307693,0.1794871794871794
niah_mq_q2,22,6fe0f8593052abef610437df046bf0afd481a3a11ee62d6e11b033eb37c604b0,0.16823258869908014,0.15848684210526315,0.009745746593816995,0.20472869855956527,0.22228838991989006,-0.017559691360324786,0.40476190476190477,0.16666666666666666,0.2380952380952381
niah_mq_q2,23,5f3c0678b5fe37b7e11214e84251d69639738972e8c52172aebb6f77e4f4cc1f,0.026382033563672257,0.025,0.001382033563672256,0.047865095641964464,0.12598151812441766,-0.0781164224824532,0.9473684210526315,0.8421052631578947,0.10526315789473684
niah_mq_q2,24,61604ac18bef3b15edd75eb63586685cbbe9bf712a816ae74fcfa64f4b3fbd30,0.04610778443113772,0.08147590361445782,-0.0353681191833201,0.07598342672252589,0.1862442097684363,-0.11026078304591042,0.5128205128205128,0.15384615384615385,0.3589743589743589
niah_mq_q2,25,3a3be09623d79e9c7357a39b68be0360bb03a0903679122d2edc69a0440831ba,0.12384778653729533,0.09541312272174966,0.02843466381554567,0.14680263388679177,0.15173065082745404,-0.004928016940662278,0.9743589743589743,0.8205128205128205,0.15384615384615385
niah_mq_q2,26,df4c905f2eaf43d8fd2a3b85fe5db8c85f5390b0794d97c96bae54a8802dc4a5,0.03758278145695364,0.02745979186376537,0.010122989593188268,0.050087887951815555,0.1262989781529173,-0.07621109020110174,1.0,0.8461538461538461,0.15384615384615385
niah_mq_q2,27,f8921d0692c82d66c467dd80da9fd0dd59ca9992bda0254f3b68babc744a63c1,0.0962286158631415,0.05205426356589147,0.04417435229725004,0.13377592830670904,0.13509875628458065,-0.0013228279778716157,0.925,0.875,0.050000000000000044
niah_mq_q2,28,9a785a399701dfe597564e63819a6b3ee420b5ad010601bcc560619526e5f616,0.03185071574642127,0.04401840490797546,-0.012167689161554196,0.04690134636407608,0.1335009489395992,-0.08659960257552313,0.9743589743589743,0.7948717948717948,0.17948717948717952
niah_mq_q2,29,f65485d03e77952862f15ad5a4937a3327c3bd20b87e7e59cf07c84b02dd717e,0.08007246376811594,0.058001808318264014,0.022070655449851928,0.10301333300651935,0.171596414006594,-0.06858308100007465,0.47368421052631576,0.2631578947368421,0.21052631578947367
niah_mq_q2,30,16faae62b43f58460524156b2335d3f93e22b13efad9f32a44e0ac7f73cbd093,0.05663606010016695,0.08309682804674456,-0.02646076794657761,0.10629381088072425,0.17719480344403155,-0.0709009925633073,0.375,0.225,0.15
niah_mq_q2,31,a8106ba88e359c2e927440debcffef618dcb76fa51f84c455c90ceb08334bb40,0.04965753424657533,0.04521660649819494,0.00444092774838039,0.060973861747968226,0.1284576550103583,-0.06748379326239007,1.0,0.8461538461538461,0.15384615384615385
niah_mq_q2,32,8f0789908832d91f920019338ccf83aeba798f49fb18bb7e422550bc266609fb,0.029703476482617584,0.05199386503067486,-0.022290388548057274,0.08328102648595484,0.1719218207286392,-0.08864079424268437,0.39473684210526316,0.18421052631578946,0.2105263157894737
niah_mq_q2,33,566d64d05861e9e76268493016afcfc4fff9360bf4c1ea1c1870924b46c9daa2,0.04275700934579439,0.04426666666666666,-0.0015096573208722708,0.06862204629417099,0.12931795361417636,-0.06069590732000538,0.9743589743589743,0.8205128205128205,0.15384615384615385
niah_mq_q2,34,a64bc06e5c34e4714eb018dc07d128cd68ad222e06e7a2c0413e00c1cdef0251,0.0688135593220339,0.10472972972972974,-0.03591617040769585,0.09361643120288705,0.18817307289141935,-0.0945566416885323,0.39473684210526316,0.18421052631578946,0.2105263157894737
niah_mq_q2,35,8c8b9ba77a739bd7176a532ecbe06c9e706f3ce206ff2650996bdf5f2a51dc09,0.034519999999999995,0.04723999999999999,-0.012719999999999995,0.05639622547846779,0.12945765283424565,-0.07306142735577786,0.9736842105263158,0.9210526315789473,0.052631578947368474
niah_mq_q2,36,48d61c0b01abb0daaca01d40f133fa4f771461459a22a6320e02da82feaa3642,0.10891752577319588,0.08290554414784394,0.02601198162535194,0.14385053892762706,0.20556670731141063,-0.061716168383783576,0.42857142857142855,0.19047619047619047,0.23809523809523808
niah_mq_q2,37,3fbe7da95ff755baa116d0a6ba5f136e1632bedfe99c141f6b1107e565211efb,0.0584280303030303,0.06129489603024574,-0.002866865727215437,0.10046057403728384,0.17840105390452607,-0.07794047986724223,0.46153846153846156,0.28205128205128205,0.17948717948717952
niah_mq_q2,38,a48eca291d955a39339b3971ba838ee1118cebb055afce99517b23b532297d3b,0.04071691176470589,0.045073664825046045,-0.004356753060340154,0.056881748943941934,0.13218163689451873,-0.0752998879505768,1.0,0.75,0.25
niah_mq_q2,39,d8f69db5f72aab5fdfb99f91b45a1f22a9335353b676cd1766c98ea8443e83d2,0.06681985294117647,0.07362385321100917,-0.006804000269832702,0.0928861665243405,0.17670439261627746,-0.08381822609193697,0.41025641025641024,0.15384615384615385,0.2564102564102564
niah_mq_q2,40,c7944606130cbb974a0045deb19cf028d3881de81a8faa7982f413eb0c34378d,0.04790123456790124,0.04882716049382716,-0.0009259259259259203,0.07926710112522659,0.13260251549826424,-0.053335414373037654,0.9459459459459459,0.8378378378378378,0.10810810810810811
niah_mq_q2,41,f4378554c08d10678938d784e0a9f2edd4fb179e955ff0a3f7facd7d2769a616,0.04028066528066528,0.042395833333333334,-0.002115168052668051,0.05243056078101753,0.13689214038711123,-0.0844615796060937,0.9473684210526315,0.7894736842105263,0.1578947368421052
niah_mq_q2,42,e14230dcdf510131d0980285f4b69c8559a5591ec21719f98ae5674de1768499,0.054119850187265915,0.09069548872180451,-0.036575638534538595,0.08355697702878477,0.18788998091709413,-0.10433300388830936,0.5,0.175,0.325
niah_mq_q2,43,69b9ee334fc887219df1948c1a8be83f74b57d0f16ab37995c3db3de9cd47fdd,0.07352362204724408,0.057381889763779524,0.016141732283464556,0.09532133724811329,0.17622911604033806,-0.08090777879222477,0.41025641025641024,0.20512820512820512,0.20512820512820512
niah_mq_q2,44,045cdd7cc9e05a3646fd897770fcceb00dce7ee494660f9bf3f41521910c995a,0.07682829888712242,0.10202060221870046,-0.025192303331578042,0.0965582850360049,0.18684629647746495,-0.09028801144146005,0.4146341463414634,0.21951219512195122,0.19512195121951217
niah_mq_q2,45,a63f7f90be23c88c99a3bdb3e73857e14a0b76821d89fefd347db769926a17ad,0.08459104186952289,0.09137512147716231,-0.006784079607639423,0.10885815781601242,0.19106340041751757,-0.08220524260150515,0.45,0.275,0.175
niah_mq_q2,46,97e1a888429e07a5c7edef25cf7814e409aa022a611b2697d157817f964540cd,0.045133111480865226,0.043853820598006646,0.0012792908828585803,0.07448666729575158,0.1259882761028454,-0.05150160880709383,0.9736842105263158,0.8157894736842105,0.1578947368421053
niah_mq_q2,47,a5f8a09eecf82e923dbdc024f1d3d0ca6fd9e0f1a8114894f803c3bd68e0241f,0.042176470588235294,0.04954901960784314,-0.007372549019607842,0.06540969991233236,0.13246168424505517,-0.0670519843327228,0.9743589743589743,0.8205128205128205,0.15384615384615385
niah_mq_q2,48,6ccc723fe749fad9731fe8884070875cba455316b0cd36cb28af07643bedd701,0.03272442588726514,0.025,0.007724425887265136,0.04350545608104077,0.12539653900186165,-0.08189108292082088,0.975609756097561,0.7804878048780488,0.19512195121951215
niah_mq_q2,49,111fd3aaa62414684f6b17bede18d2c3cbfb889acdd7262cf112239e4e4a53b2,0.05104790419161677,0.052844311377245504,-0.0017964071856287345,0.07831785012537365,0.1413267652201819,-0.06300891509480824,0.9736842105263158,0.7894736842105263,0.1842105263157895
niah_mq_q2,50,8cd2c66d6703bd8d9a1c289caac25503da47f56460982d397c7854fea13140a6,0.050666074600355236,0.07553285968028418,-0.024866785079928948,0.10458722890008725,0.18353976014203188,-0.07895253124194464,0.40476190476190477,0.23809523809523808,0.16666666666666669
niah_mq_q2,51,42f7bb42b8070491fc4ba61306d9a47829ba8b872fec82d92dc34c8dfd3d9132,0.05139802631578948,0.06043371522094927,-0.009035688905159794,0.09628817348316583,0.17961118518280697,-0.08332301169964114,0.43902439024390244,0.1951219512195122,0.24390243902439024
niah_mq_q2,52,0c79f4be5a87e07af39091764a979d0dea2739519e6c88c59dad0d5ba9317fe3,0.038343002175489485,0.042839013778100066,-0.004496011602610581,0.049924720931488385,0.13130098832931492,-0.08137626739782652,0.9743589743589743,0.7948717948717948,0.17948717948717952
niah_mq_q2,53,a2fe10685eeab0798193b6cddf6b45e63d1f3a1952aa72f8694700763a857685,0.03253138075313807,0.04692737430167597,-0.014395993548537898,0.0555184245918219,0.12903156595602472,-0.07351314136420281,0.9743589743589743,0.8461538461538461,0.1282051282051282
niah_mq_q2,54,8aca1fb7a9163d597644111057e57d1429d26ba68c04f31e8559731cf7f08483,0.036495327102803746,0.03061797752808989,0.005877349574713857,0.052591230669510006,0.12760677890217054,-0.07501554823266053,0.9736842105263158,0.8421052631578947,0.13157894736842113
niah_mq_q2,55,62d6ce00b122c6637a05c56cc8180a54564dd259b6c5e3cb4e745c0878e4741d,0.07577683615819208,0.08430888575458392,-0.008532049596391839,0.11072613568025255,0.1805491385556522,-0.06982300287539964,0.375,0.175,0.2
niah_mq_q2,56,4d338f9f5f343f745265b734bdb40bf11c016b79406a3c00b34142dffff63ff3,0.07240143369175626,0.07993716337522441,-0.007535729683468148,0.09730806901040771,0.18165899393659388,-0.08435092492618616,0.4473684210526316,0.15789473684210525,0.2894736842105263
niah_mq_q2,57,a689cbe48fbcc464acb27c5fcb70a156d608e67560e19a345eda69cbb14401e7,0.07815457413249209,0.08064325177584845,-0.002488677643356363,0.11343614431453393,0.18284226952841154,-0.06940612521387761,0.4358974358974359,0.20512820512820512,0.23076923076923078
niah_mq_q2,58,2583a0827e8d6e038b794603b07305646ddc46a3c2bbd2374679e213d899992a,0.043867924528301884,0.035232220609579104,0.00863570391872278,0.06440103677123829,0.13779637823017965,-0.07339534145894136,0.9487179487179487,0.717948717948718,0.23076923076923073
niah_mq_q2,59,ea4938760c0d13740dc6fc5fcc58aa1c7510c34fc43ea77cf319cc116f520191,0.08908132530120483,0.10056561085972851,-0.011484285558523682,0.12891569703474418,0.1848907355255364,-0.05597503849079222,0.4358974358974359,0.20512820512820512,0.23076923076923078
niah_mq_q2,60,3aa5df0b64767d25dc1f3dcde7e180ca7e3ab1e81ec02312c87a30009c9b2913,0.08180933852140078,0.1392857142857143,-0.05747637576431351,0.09165600775283955,0.24163444953879226,-0.1499784417859527,0.46511627906976744,0.20930232558139536,0.2558139534883721
niah_mq_q2,61,d10ced71abde4d481924f075b64f372d2f351bcfcc40fed31f70696645d3d893,0.041283348666053356,0.03899631675874769,0.002287031907305663,0.06170674553136786,0.12487223495090798,-0.06316548941954012,0.9743589743589743,0.8205128205128205,0.15384615384615385
niah_mq_q2,62,e22c3b80e025262d304ef8b4fe83b991451032773beea2515f1746bb9f961f9c,0.025,0.032982261640798226,-0.007982261640798224,0.047704190848148774,0.13328311819369285,-0.08557892734554406,0.8974358974358975,0.8461538461538461,0.05128205128205132
niah_mq_q2,63,fb3e131943c9b887e9d3d983415e16a0e6dc211e35f497b16ada18bae33c66b8,0.042498192335502526,0.047664735698769015,-0.005166543363266489,0.06205883815330003,0.1352077380877536,-0.07314889993445357,0.9743589743589743,0.7435897435897436,0.23076923076923073
niah_mq_q2,64,56bdc9b8c0629179d18b3f3d77a04b7deced7a1122b589b258e65b9af868879a,0.10046816479400748,0.1064018691588785,-0.00593370436487102,0.13340116360741577,0.18590561473292766,-0.052504451125511886,0.358974358974359,0.23076923076923078,0.1282051282051282
niah_mq_q2,65,beeb8ac0b692038e0ca39eeb3dc3c9504155a553a753ab3e8ae6630c5906356e,0.04861111111111112,0.037799263351749546,0.010811847759361573,0.0724828888910595,0.1270737985202055,-0.054590909629146006,0.9736842105263158,0.868421052631579,0.10526315789473684
niah_mq_q2,66,834bcd3ac1046a60a44f0e7bf867b130ff5a38666fccb44c5016b8b3279c7b36,0.08055555555555556,0.08872475691847419,-0.008169201362918627,0.11236598665979139,0.2001689832932394,-0.08780299663344801,0.36363636363636365,0.1590909090909091,0.20454545454545456
niah_mq_q2,67,266a1cd5495d79700c4b55e41d28ef330293907a42026a1608730bbbc40a17ca,0.09959893048128343,0.07385408708938121,0.025744843391902222,0.12921320697700941,0.1818831716907443,-0.05266996471373489,0.358974358974359,0.23076923076923078,0.1282051282051282
niah_mq_q2,68,20ac6d391999a6d4e3a6118b014bd9ca6d6691f811cf8e2a0e5d88251439a00f,0.053405017921146956,0.02768817204301075,0.025716845878136205,0.06870881606375771,0.12817912758663869,-0.05947031152288097,0.9487179487179487,0.7948717948717948,0.15384615384615385
niah_mq_q2,69,503587b6d83f9226057e71b6ea5f746013ede7ed73888001c02dc06b4a972b1e,0.12542134831460675,0.13860448807854137,-0.01318313976393462,0.16788957010510736,0.2043671174970753,-0.03647754739196796,0.41025641025641024,0.23076923076923078,0.17948717948717946
niah_mq_q2,70,84bf71028a119a1da5e4b6020c85602c7dd9e89fa2582b2cacfcfa68236658f4,0.05261194029850745,0.025,0.02761194029850745,0.08299737112115084,0.12703548174721893,-0.04403811062606809,0.9736842105263158,0.868421052631579,0.10526315789473684
niah_mq_q2,71,5e5091a66c7e56c52c43946120110371ac89e66d7799bca67341e12b3b6a59ea,0.12290575916230366,0.14339005235602095,-0.020484293193717293,0.16322778393461973,0.2153137543886534,-0.05208597045403368,0.37209302325581395,0.2558139534883721,0.11627906976744184
niah_mq_q2,72,fc83bc5d876287a6eb9ef1093714cd59f2443a3a6d89fc0815cdd487ade082b4,0.05440074906367041,0.04208683473389356,0.012313914329776847,0.08389128857973913,0.12490195931843126,-0.041010670738692134,0.975,0.85,0.125
niah_mq_q2,73,9873bfa615116d78c4a7f3f69dd01199d5f239291da2f3fa932f9daa4ec75f5d,0.0933937823834197,0.08012953367875648,0.013264248704663209,0.1296452545866683,0.18484043272491033,-0.05519517813824201,0.4444444444444444,0.25,0.19444444444444442
niah_mq_q2,74,52e3edb9699916ee8fc7ffe9c64554c5a51b394766874bf55632c2f3da46ca5a,0.13642735768903994,0.08858234295415959,0.04784501473488034,0.18398485036955048,0.19123445148947948,-0.007249601119929006,0.42857142857142855,0.16666666666666666,0.26190476190476186
niah_mq_q2,75,8ef0ab70c960f0a0d1b95328dd29768ed0f95dc965714097caf4bc06553b2fde,0.04939777640518839,0.05430289944478717,-0.00490512303959878,0.08411852509381476,0.1438402107609533,-0.059721685667138535,0.9736842105263158,0.8421052631578947,0.13157894736842113
niah_mq_q2,76,7eb395f175f06fac907dea645d89c128c1aaf7b4a528f160737b44d2d3135ce6,0.02833889816360601,0.030592654424040067,-0.002253756260434059,0.046303666563573764,0.12540943649667943,-0.07910576993310567,0.9230769230769231,0.8205128205128205,0.10256410256410264
niah_mq_q2,77,10152057b201b7b5dde9116054605cf0de400243687a5dc24e5c3d675a203f07,0.06769366197183099,0.06769366197183099,0.0,0.11565413767955249,0.18225492252233466,-0.06660078484278217,0.4146341463414634,0.24390243902439024,0.17073170731707316
niah_mq_q2,78,fcd4b2b20097bb05ce1700d80444d8dc1bb27f7aab443d8a08a3f87d0432bac7,0.035927152317880795,0.025,0.010927152317880794,0.050526559497564474,0.13267235109860337,-0.0821457916010389,0.9743589743589743,0.7948717948717948,0.17948717948717952
niah_mq_q2,79,c76f1a3d9ae3f50d5d575a137713677786ccba92172f9043ac13a95161f0c492,0.04562015503875969,0.03523255813953489,0.010387596899224805,0.0638388210083489,0.13643269444178,-0.0725938734334311,0.9743589743589743,0.717948717948718,0.2564102564102564
niah_mq_q2,80,ca09f98452b5bd88703956e43fb71876089ae9cd1d542440a6d8e26e4f3c6704,0.06175417661097852,0.08523809523809525,-0.023483918627116733,0.08156640233598915,0.18556173255438746,-0.10399533021839831,0.425,0.175,0.25
niah_mq_q2,81,f0bae0664883d82d0d037c06ba689a078f6b131694684d074c15e4a7ab3e8749,0.10098039215686276,0.102859477124183,-0.0018790849673202409,0.12158220176097187,0.18406256517314418,-0.06248036341217231,0.46153846153846156,0.20512820512820512,0.25641025641025644
niah_mq_q2,82,bfbadbc8357e05af31c57fd45bceb08d187345507bd234ce85a9dcd6ee78f676,0.05625,0.0928494623655914,-0.0365994623655914,0.09302455514608914,0.1761933212876654,-0.08316876614157627,0.4473684210526316,0.23684210526315788,0.2105263157894737
niah_mq_q2,83,de53499b312cafde385edc055bc988f2253577a6f686d92884de104a58ea07a5,0.10561389337641355,0.09867149758454108,0.006942395791872474,0.1306345838383011,0.18721910970954045,-0.056584525871239355,0.4,0.15,0.25
niah_mq_q2,84,86bf8f76e3475d2d150192bed0a48bcfedc9de7ce3dd8e9d29c0b3664508bd1f,0.03441306755260244,0.025778642936596218,0.008634424616006223,0.04759691214241435,0.1291964600873056,-0.08159954794489124,0.9210526315789473,0.8157894736842105,0.10526315789473684
niah_mq_q2,85,50855bf4a9a159970c35bca66d2265fac31d4fd366b225a9a56248c6118cbaa9,0.05018321119253831,0.050582944703530974,-0.0003997335109926642,0.07744379175841423,0.13788403440623043,-0.060440242647816195,1.0,0.8108108108108109,0.18918918918918914
niah_mq_q2,86,b28f7f8af58e41e61d71b5af7dc3a9501bbe25c4f654fe2935586dc8c2f362e9,0.06316067653276955,0.07457627118644068,-0.011415594653671132,0.07851757315561048,0.20060552153429656,-0.12208794837868608,0.46153846153846156,0.2564102564102564,0.20512820512820518
niah_mq_q2,87,c8c7cb2d3423f4fdb1c0f2a348576fe890e4f866491fe365754783ab4cef00ff,0.0510595130748422,0.030951307484220016,0.020108205590622187,0.06614676288566881,0.12488238983076361,-0.05873562694509479,0.9459459459459459,0.8648648648648649,0.08108108108108103
niah_mq_q2,88,6b606f747ce8d755de58f4f002582613329cadbca470501091b5315208876603,0.03849072512647554,0.03581081081081081,0.002679914315664729,0.04867145102865271,0.13030021538781916,-0.08162876435916645,1.0,0.8108108108108109,0.18918918918918914
niah_mq_q2,89,733d35879862bc7ffc91ec0598e7c43e9c0a0340e50a8663af726e758879882d,0.05567765567765568,0.08518348623853211,-0.029505830560876432,0.10138175546467368,0.1904857731598991,-0.08910401769522541,0.375,0.225,0.15
niah_mq_q2,90,73de2995d16363325be87ed9c8d4845494c05acbb9f17ef21853fdfa038bff3c,0.06520979020979022,0.07990367775831875,-0.01469388754852853,0.08710174823005576,0.17793557194919588,-0.09083382371914012,0.4473684210526316,0.2631578947368421,0.1842105263157895
niah_mq_q2,91,51162915fd07f983c796521778ffebe813cfee2c94535b6f75b31e2240008a69,0.05703991130820398,0.0748896247240618,-0.017849713415857817,0.09192337760362519,0.18071603089918703,-0.08879265329556184,0.425,0.25,0.175
niah_mq_q2,92,0fbd413bad4b7ff872762e1039aad14bcc2ad6e2f7985c8e2d904d012b1c7b88,0.047610015174506824,0.04882397572078907,-0.0012139605462822486,0.07191993785545607,0.1343209443253469,-0.06240100646989084,0.9487179487179487,0.8205128205128205,0.1282051282051282
niah_mq_q2,93,c3b5d5f7d86e332d4c346ab5ff0ec79662a89132a5eaaf0eb10213e8a9a5e5e3,0.11631419939577041,0.1059667673716012,0.010347432024169212,0.15983347291100547,0.18619107861163536,-0.026357605700629894,0.4864864864864865,0.1891891891891892,0.2972972972972973
niah_mq_q2,94,2e75a9359c940799e99ad30bdc92163caaa5b1590d23ad31f6af32fd58643a61,0.08644658261446583,0.13396414342629484,-0.04751756081182901,0.140714274116987,0.19325343985703655,-0.05253916574004955,0.3157894736842105,0.2894736842105263,0.02631578947368418
niah_mq_q2,95,e7e19ba8494bad311fde02bb5d089bb80bea3eeb55e5774d33ac6775c2ce5ee7,0.0665231187669991,0.06801270417422868,-0.001489585407229585,0.09220125141312878,0.18212886057288094,-0.08992760915975216,0.4146341463414634,0.1951219512195122,0.2195121951219512
niah_mq_q2,96,bcce7976a30de1a2c377ccd6ff923234751e3111a97bfc68ee5d8249142cc5ac,0.12954115421002838,0.11837121212121213,0.011169942088816248,0.17280867800410027,0.21470862509185,-0.041899947087749745,0.45,0.225,0.225
niah_mq_q2,97,39198adef318fcfc477ef104a5f49d844973513b87a08efdfd4df73907a1f23c,0.04970881863560732,0.09665551839464884,-0.04694669975904152,0.09025484125491964,0.18037944922742405,-0.0901246079725044,0.41025641025641024,0.20512820512820512,0.20512820512820512
niah_mq_q2,98,aa4bae78cb04e5bb6c023a6799a010e0b99eb1717e3f222f15574e63ca3aea76,0.026559792027729633,0.03835646140503035,-0.011796669377300718,0.05833595354181165,0.13388149718424674,-0.0755455436424351,1.0,0.7804878048780488,0.2195121951219512
niah_mq_q2,99,552794542b3726c2d8074e561aa096555460c06425986ef238a6c5808412797d,0.05463302752293577,0.05610704483074108,-0.00147401730780531,0.08943441717284184,0.17959614851117012,-0.09016173133832828,0.41025641025641024,0.23076923076923078,0.17948717948717946
niah_mq_q4,0,8fde9a6bc6e0b100032e2b0592ee21b8854986dc8b36cebd11ff81277c8cf914,0.09503027245206863,0.0792842741935484,0.01574599825852023,0.13172542835340578,0.16705644147558768,-0.0353310131221819,0.5324675324675324,0.5584415584415584,-0.025974025974025983
niah_mq_q4,1,340d815818fdec7eb9e6147c8712f0c90dc4266ceca538b6d3f732c47c299034,0.08607814045499504,0.07435579781962338,0.011722342635371655,0.12223279512925125,0.16219734722713777,-0.03996455209788652,0.5454545454545454,0.5454545454545454,0.0
niah_mq_q4,2,b5e08ab269f9cfe134686b4cc010bdc629ed601e83427240bc0571d79024bd52,0.2928879310344828,0.1970873786407767,0.0958005523937061,0.44681286801665604,0.2709280609426884,0.17588480707396764,0.2125,0.175,0.037500000000000006
niah_mq_q4,3,b416550845091fa856ad9b2b4766f43c0c5543c090e1c7eb66aaef8cdc74bf85,0.2348352713178295,0.2298402710551791,0.004995000262650401,0.33270911856980534,0.3031709415315871,0.02953817703821826,0.20987654320987653,0.12345679012345678,0.08641975308641975
niah_mq_q4,4,fcb909c04cc31c55ffa684176cd24ff8c53af8c29aa11a8b629d7343392464f8,0.23923679060665362,0.2036692759295499,0.03556751467710373,0.3285191912222096,0.2544270054322389,0.07409218578997068,0.189873417721519,0.12658227848101267,0.06329113924050633
niah_mq_q4,5,a53f8cf2469405f8c9244471cebf734741cc006f3fc7e33afa588b7d72e7968e,0.07752780586450961,0.07388888888888889,0.003638916975620715,0.11228780471277003,0.15966274625857338,-0.04737494154580335,0.5974025974025974,0.5324675324675324,0.06493506493506496
niah_mq_q4,6,b158dc8a9700b9d25dbdc8cd22202e48a12868247edc8572512f09c41aa9d118,0.0691860465116279,0.05754300325430032,0.011643043257327575,0.08856766769276173,0.14323615105506102,-0.05466848336229929,0.5921052631578947,0.5394736842105263,0.05263157894736836
niah_mq_q4,7,6e5f6608835a557ea92b28e5698803143ab2340dd76c01384dac589289626daa,0.07362248696947134,0.0597728965003723,0.01384959046909904,0.0983832562739982,0.15756453946880003,-0.05918128319480183,0.7088607594936709,0.5569620253164557,0.15189873417721522
niah_mq_q4,8,26456f1ffcd76be3e77417e32ea1717402f87992ab1de616dd34a7c54446b0dc,0.09649234693877551,0.07165817950350095,0.024834167435274557,0.12373808881332835,0.14357880589124844,-0.019840717077920095,0.6153846153846154,0.5512820512820513,0.0641025641025641
niah_mq_q4,9,260cdf611538a249c17994fd8423b19ded7ff7dc6590260ee5d405c99412f407,0.076998001998002,0.08004495504495504,-0.0030469530469530437,0.1039968639708017,0.16259325094699106,-0.058596386976189366,0.5641025641025641,0.5256410256410257,0.038461538461538436
niah_mq_q4,10,8619da039900b6c30461fb9646cecae3c3dd0f35a01f565254aaab4bffa84629,0.07180616740088105,0.05948464912280702,0.012321518278074033,0.10050194570537019,0.15076703982410802,-0.050265094118737835,0.5822784810126582,0.569620253164557,0.012658227848101222
niah_mq_q4,11,594fcdb762fc20acd54ac4821e22885ebc3511506871496b00e27367e07a8ec5,0.10190707350901526,0.08638888888888889,0.015518184620126371,0.1365567141116773,0.16160463253135135,-0.025047918419674048,0.6363636363636364,0.5454545454545454,0.09090909090909094
niah_mq_q4,12,ffbff685351e4cd2682bc99d24cbf707a906aff65524efe3a69890eec4d4b1e9,0.23396317829457364,0.26024271844660196,-0.026279540152028324,0.318952787697217,0.3438565988081542,-0.024903811110937202,0.225,0.1375,0.0875
niah_mq_q4,13,a7dbb8c4ef6ca989008e18472310a98b0695a295b92f16b668353ec4af5a238e,0.0796210268948655,0.06295298726738492,0.016668039627480577,0.11224524838429026,0.1520720768869636,-0.03982682850267333,0.5526315789473685,0.5394736842105263,0.013157894736842146
niah_mq_q4,14,1254b4440a7f7d0213279dfbe1fa47a8e69900c5ed9796a4f2016dc9b27c0d3c,0.19665689930740546,0.19998666666666667,-0.0033297673592612154,0.27074167670882865,0.26647051941204214,0.00427115729678651,0.15384615384615385,0.14102564102564102,0.01282051282051283
niah_mq_q4,15,1b86d7520f09594b46351d07e7474b833037294b22b5eac3e0f4f8585032037b,0.22003577817531306,0.1864247311827957,0.03361104699251735,0.285416528456056,0.26596562565589055,0.019450902800165426,0.225,0.1375,0.0875
niah_mq_q4,16,2cdedac83ea3297ab5dd6de709dee77fe4f45cb19a11824c07311f6d077733b0,0.0997320692497939,0.07992377420683974,0.019808295042954158,0.1299660451107931,0.14889768414661905,-0.018931639035825953,0.5324675324675324,0.5584415584415584,-0.025974025974025983
niah_mq_q4,17,5de4830bad1ba44d623ec9f214f4adf836d0c27f90afd02ae8d4320c3ebd3979,0.07833333333333332,0.06692355117139334,0.011409782161939983,0.11055964992629512,0.16999473643112578,-0.05943508650483066,0.6666666666666666,0.5384615384615384,0.1282051282051282
niah_mq_q4,18,f7bf913ded37769959d837fd632b8435acfeedfb430fe0a0902f7eda1cb45da9,0.26865781710914455,0.21978603049680276,0.04887178661234179,0.39447582440596285,0.3106105045389305,0.08386531986703233,0.21518987341772153,0.13924050632911392,0.07594936708860761
niah_mq_q4,19,88f900fc912e0b6855b87d40664f315323fd43bdbb79f695732a6b914835347c,0.2353151862464183,0.18850190839694658,0.04681327784947173,0.34169745786242095,0.2732791362337892,0.06841832162863176,0.21794871794871795,0.11538461538461539,0.10256410256410256
niah_mq_q4,20,49b5408ae0646b165dcce13877d2c3fdd25738ebcdade236a1ae65e73fe79857,0.06520156774916012,0.06332402234636872,0.0018775454027914057,0.08287203386058864,0.14144794045030265,-0.05857590658971401,0.5844155844155844,0.5454545454545454,0.038961038961038974
niah_mq_q4,21,e624fcc80a533e8c62447a1131279976497c21c6be37f9c378eadd6af360974c,0.13224637681159424,0.06780052840158521,0.06444584841000903,0.18410942202550218,0.14903768260963454,0.03507173941586764,0.6410256410256411,0.5769230769230769,0.06410256410256421
niah_mq_q4,22,983d3017f9321e026cadf3a1b4c0064bc931e85706ce04d52a144eb7f1cd94bf,0.06445908460471568,0.07036011080332409,-0.005901026198608411,0.09158434210099023,0.14640906528147968,-0.05482472318048945,0.6578947368421053,0.5263157894736842,0.13157894736842113
niah_mq_q4,23,8eb1378b8950b1cb05244c010f088cea01bd3fe09c3f3378e37af6e1e46ec8f3,0.18395316804407713,0.19525386313465787,-0.011300695090580737,0.23119656643733025,0.25409183469553953,-0.022895268258209284,0.20512820512820512,0.14102564102564102,0.0641025641025641
niah_mq_q4,24,5eeb27145edb36c647a46b78db2da11feeda4164a16657a2b671780c75651273,0.08419037199124726,0.07056407447973712,0.01362629751151015,0.11102080957802932,0.15208413378065544,-0.04106332420262612,0.5897435897435898,0.5256410256410257,0.0641025641025641
niah_mq_q4,25,2deaef541b0c02718dca70c8eaa86a2fee0b941d6f104dec649f8b952dd61126,0.07381070366699702,0.0667244796828543,0.007086223984142714,0.09838406200696985,0.14564260911403676,-0.04725854710706691,0.6,0.5733333333333334,0.026666666666666616
niah_mq_q4,26,55a4e1af05325b7d7429a0cac6d5d1ed7ff667b14b814ef9afdf90a48616630f,0.09126506024096384,0.07530150753768845,0.015963552703275388,0.13477108179262892,0.15985742359793131,-0.025086341805302392,0.569620253164557,0.5443037974683544,0.025316455696202556
niah_mq_q4,27,09390a92b2ada165884746aa41c2760494ebfda55e8a202f571a55723bb71c3c,0.11488247317322434,0.07389912954429084,0.040983343628933494,0.1579993277793726,0.15642572783361217,0.0015735999457604233,0.6363636363636364,0.5324675324675324,0.10389610389610393
niah_mq_q4,28,3562afd3e2ff09933b258b0ae7dadffee86dc77ff5c5c158e004985a29af5621,0.07564069707842132,0.06563622370446383,0.01000447337395749,0.10441857665356044,0.14405124229577135,-0.03963266564221091,0.6075949367088608,0.5443037974683544,0.06329113924050633
niah_mq_q4,29,e8379d9f855801ea06ed2ab850767319f0865ae20f58624bde659fc2d52fd517,0.16212814645308926,0.1860411899313501,-0.023913043478260843,0.20608507969552997,0.27602491390359774,-0.06993983420806776,0.16883116883116883,0.11688311688311688,0.05194805194805195
niah_mq_q4,30,07694688a1bcb70adb9f526124cab39dba17623b5e91616a19898146244a7c84,0.18561269146608317,0.1863872200983069,-0.0007745286322237421,0.23897394838436498,0.2720461894744902,-0.03307224109012524,0.19753086419753085,0.14814814814814814,0.04938271604938271
niah_mq_q4,31,f2cb1925b3580354da592583a617c8c68a9e08bb0ea39effe349b987e5f2edd2,0.08520573903627504,0.08273809523809525,0.0024676437981797916,0.12077928012932937,0.16031020849163055,-0.03953092836230118,0.5875,0.5375,0.050000000000000044
niah_mq_q4,32,323cae375b617c04ed5d8737f73b3b5e460d5334f06dd17fce366db848116a1d,0.25096717467760843,0.22558754406580492,0.02537963061180351,0.37589160246446135,0.28614095843063864,0.08975064403382271,0.21518987341772153,0.12658227848101267,0.08860759493670886
niah_mq_q4,33,4377a0cc72eb554d5a2bddc15ac111be56e7c0dceee2debd7794e5ee6112c4d4,0.07592491838955387,0.07445652173913045,0.0014683966504234203,0.09907213810011425,0.16382299923465343,-0.06475086113453918,0.5789473684210527,0.5657894736842105,0.013157894736842146
niah_mq_q4,34,4e371d278fc5ce2d54f4429beefbc77bb3609cd9b85645c7562b186b947e3468,0.05681286549707602,0.06775700934579439,-0.010944143848718363,0.07096384562292679,0.15475865491073565,-0.08379480928780886,0.6153846153846154,0.5641025641025641,0.05128205128205132
niah_mq_q4,35,87e6ab42dc9895131cd01459b994b884036ce11b8281a5d620e1d822e21896e7,0.2994482173174872,0.23896434634974542,0.0604838709677418,0.463820515564873,0.29505594730015705,0.16876456826471598,0.24691358024691357,0.1111111111111111,0.13580246913580246
niah_mq_q4,36,5cd84dfc649bb2791cd0f63bb6b1b9f7b7e2bac4ba2f8eb2b8a56b4394d6d0f3,0.1186259143155695,0.08399581589958158,0.03463009841598792,0.15460922629707402,0.16223129727760194,-0.007622070980527917,0.6133333333333333,0.5866666666666667,0.026666666666666616
niah_mq_q4,37,d2ff66f4d632399aac1057ae8ad1de715f9274dd1d7ca229a146d5e6ba4b968d,0.07506009615384616,0.07060770156438026,0.004452394589465905,0.11212382689487202,0.15718939050014633,-0.045065563605274306,0.6025641025641025,0.5641025641025641,0.038461538461538436
niah_mq_q4,38,acd6b8c6c8aa71e1e1919b4381daffe56001248beffc4915341f9a25782fcce6,0.23210498409331923,0.23928571428571427,-0.007180730192395041,0.3341083211972024,0.30989204378840873,0.024216277408793674,0.24358974358974358,0.1282051282051282,0.11538461538461539
niah_mq_q4,39,ce443bc25c78bfd45d439b393f5316e50ac369b58fe87cfdba0b2b2cb47a64d5,0.19681008902077152,0.18058194774346795,0.01622814127730357,0.26312566945989435,0.25404863165973085,0.009077037800163501,0.21794871794871795,0.15384615384615385,0.0641025641025641
niah_mq_q4,40,ea05cadf9efb489f034d74c7bafc2b86d2027bd701af42c193778c8a52519e58,0.08208727070594775,0.06159078289838978,0.020496487807557966,0.11220089168471678,0.15949422598845636,-0.04729333430373958,0.5769230769230769,0.5256410256410257,0.05128205128205121
niah_mq_q4,41,c4428ad8101360f0874c628d07e50447ffd295f5a41886e96f14e9311ad36d96,0.1029776373359261,0.07536531904529957,0.027612318290626534,0.1363219640048921,0.16098566630709482,-0.024663702302202717,0.5802469135802469,0.5432098765432098,0.03703703703703709
niah_mq_q4,42,f8cc1deda2658b7022bf3e3ee8ea8dcea838824d2f829575915b6606c30c03b7,0.24871721778791334,0.1659038901601831,0.08281332762773025,0.34495772384506596,0.24976858051611034,0.09518914332895562,0.20253164556962025,0.13924050632911392,0.06329113924050633
niah_mq_q4,43,aedca96cd903c6f4a867cfb4b507bb51e8d6aa8911666834573ea9956171176c,0.2639057750759878,0.2097011144883485,0.054204660587639286,0.3664142056667482,0.2785796588330023,0.08783454683374592,0.19480519480519481,0.11688311688311688,0.07792207792207793
niah_mq_q4,44,a147da369ff9038806eee5dafa3d73936ca76793d6e44ac45107c0b69fcbc2f4,0.11822478991596638,0.0889705882352941,0.029254201680672276,0.17741922320778208,0.17008764511446886,0.0073315780933132235,0.5974025974025974,0.5194805194805194,0.07792207792207795
niah_mq_q4,45,8e5bff4441f06eea724b383dff9a0e7e01b2549915311f573c15fd668968ed20,0.0844730941704036,0.07068385650224215,0.013789237668161453,0.10889843914464821,0.1645058530029436,-0.05560741385829539,0.5844155844155844,0.5324675324675324,0.051948051948051965
niah_mq_q4,46,4fc4fa3be7a0a8725c5427a877ad18bceb232efc0a7a1e7302b6dad915b927f9,0.0927887405687754,0.07465116279069767,0.01813757777807773,0.12445000833184842,0.1587076995146503,-0.03425769118280188,0.5897435897435898,0.5256410256410257,0.0641025641025641
niah_mq_q4,47,605e04d3c5093307af363d70ef1a87b6333f41f2c2f74f1092545ef52fce7754,0.07152744050509956,0.0700875486381323,0.0014398918669672606,0.10053078342277341,0.1565397658283006,-0.05600898240552718,0.6103896103896104,0.5454545454545454,0.06493506493506496
niah_mq_q4,48,d0341a476110044e18539fb544bcd86843822ddba82665178c4c7ab5b5070e04,0.1253398058252427,0.07796404275996112,0.04737576306528159,0.18347193734389675,0.14903719432074441,0.03443474302315233,0.6455696202531646,0.5316455696202531,0.11392405063291144
niah_mq_q4,49,02ef1087d8eeaf952634bc3b1eb12c769f143bb16546fe5cfefc17cafe02525a,0.19237513283740704,0.2394220572640509,-0.04704692442664388,0.26238064017414814,0.3029482728985553,-0.040567632724407166,0.2073170731707317,0.14634146341463414,0.06097560975609756
niah_mq_q4,50,4d4837dd385478906acd5739687f38130be2e829be90720c38123bb61954626c,0.07183479155944415,0.07378803506962353,-0.0019532435101793783,0.09494656040637872,0.15400551653510608,-0.05905895612872736,0.5769230769230769,0.5,0.07692307692307687
niah_mq_q4,51,bc90e9755acb3abdba57f541b6c27862aba92a5ab15cbfd6dcd7859c59f71b2f,0.08015672396359959,0.0743933265925177,0.005763397371081891,0.10971627497760317,0.15656281925930415,-0.046846544281700986,0.5641025641025641,0.5384615384615384,0.02564102564102566
niah_mq_q4,52,f436f231ccb7d176c13dee471008e01aa2add276873644ad0c15d6fffe7baf65,0.16555555555555557,0.1708634092171016,-0.0053078536615460414,0.21646700981497,0.2518871885620425,-0.03542017874707251,0.20987654320987653,0.14814814814814814,0.06172839506172839
niah_mq_q4,53,639a8bc9f70b7a21c049fee233235ffb21f8f7270c66e478ff8861ff62742b15,0.2845027624309392,0.19585176991150446,0.08865099251943473,0.42034452799351313,0.2640975686941561,0.156246959299357,0.24358974358974358,0.14102564102564102,0.10256410256410256
niah_mq_q4,54,8e612dd6bb943c2ae89e6857c8846782cfe946e062c83f0c10d85b9cf8209ab1,0.22749204665959702,0.18593418259023356,0.04155786406936346,0.30290622642119225,0.24848217359642058,0.05442405282477167,0.21518987341772153,0.1518987341772152,0.06329113924050633
niah_mq_q4,55,44d587deaeda51a3395943454970d7aa519e253d5a3748ddb10bfee1c53cd24d,0.05897953688745289,0.060598705501618125,-0.0016191686141652367,0.08506863039028352,0.1477005305264632,-0.06263190013617968,0.5822784810126582,0.5063291139240507,0.07594936708860756
niah_mq_q4,56,bfe6f5757a7fb37e84a14ad0a481fc856225dd0afe44ca854026c399531d77e3,0.2182289267618609,0.1844009216589862,0.0338280051028747,0.29056071526580196,0.26104783342501664,0.02951288184078532,0.2125,0.15,0.0625
niah_mq_q4,57,0c8ca14eb463f3adb74427b2c49e3f88d23d73640a77296e9b37c29cf7ccdbb8,0.08441011235955057,0.06555191768007483,0.018858194679475734,0.11990695082253955,0.14638269698583356,-0.02647574616329401,0.5657894736842105,0.5657894736842105,0.0
niah_mq_q4,58,3bb5ec530b619d2b3e1f9756296ac2c40a45a17a21e39937713ff2d11033bb24,0.05694050991501416,0.07464488636363635,-0.01770437644862219,0.07701846486223411,0.1516794250197266,-0.07466096015749248,0.7,0.525,0.17499999999999993
niah_mq_q4,59,b839cce63911a469625da538d5c3268d676972c036cbea619b3ec37f71db4287,0.08931818181818181,0.07659453302961276,0.012723648788569047,0.11397331637795824,0.16290933286033876,-0.04893601648238052,0.5949367088607594,0.5189873417721519,0.07594936708860756
niah_mq_q4,60,3f2c6ce48233588ce1f5b2013921a981bb28a29f4cbc3ceca2665f3b15fbc415,0.08166991236611491,0.07592412451361867,0.0057457878524962425,0.11302549341312776,0.15603189350123353,-0.04300640008810577,0.569620253164557,0.5189873417721519,0.05063291139240511
niah_mq_q4,61,837a6e9b84ec24704addc8ab0620ba3704c968dcf76fc90d70d1b36030e966ca,0.097447484123107,0.09898731088335773,-0.0015398267602507315,0.13417964744802932,0.16913575114179635,-0.03495610369376703,0.5949367088607594,0.4810126582278481,0.11392405063291133
niah_mq_q4,62,92bbe4805aa4b844a591cb5d8f24292f60a602e1004e426b346248022012d266,0.09722222222222225,0.07205561613958561,0.02516660608263664,0.1259122213830289,0.1582108963832824,-0.03229867500025349,0.5769230769230769,0.5512820512820513,0.02564102564102555
niah_mq_q4,63,4a299b68bf0f34c9cae141afd5d7fb923852939c5aebaea27e69e0b3e97d34fc,0.10441542288557212,0.10996894409937888,-0.005553521213806756,0.13498737597760116,0.18445351592842485,-0.04946613995082369,0.6455696202531646,0.5443037974683544,0.10126582278481011
niah_mq_q4,64,c58b69ea954a05998df2601698e9907b507a665d536390e82b54382f2081ef59,0.06668526785714286,0.07650669642857144,-0.009821428571428578,0.08919213517127596,0.15898254803012551,-0.06979041285884956,0.5822784810126582,0.5316455696202531,0.05063291139240511
niah_mq_q4,65,510687d24a1336dd755b3d36d99df0c216226000bbdaf8fc9c7509a5a54c63bd,0.21259811616954477,0.18868393511250653,0.023914181057038242,0.2927795050493048,0.273550341985356,0.019229163063948784,0.21794871794871795,0.14102564102564102,0.07692307692307693
niah_mq_q4,66,7657d2389b1c7836c78c434a7fccea2c333536dc6c3cabb6596c66e48f4a7557,0.0735729112610275,0.0737551867219917,-0.00018227546096420688,0.10944975753375985,0.15549060671178086,-0.04604084917802101,0.569620253164557,0.5569620253164557,0.012658227848101333
niah_mq_q4,67,b1d6d42bc16bc1b4cf7acbd44e11522cca1f5c82a30c3cb9c9a4ea03a13c06fa,0.07863436123348018,0.07301980198019802,0.005614559253282164,0.10881278198627087,0.16206117660625968,-0.053248394619988815,0.575,0.55,0.02499999999999991
niah_mq_q4,68,11bd2fd9d37a6e29187830121f074045d0e9757bb61e3caf74b192afbe8c1f1d,0.21589422028353328,0.18154307524536534,0.03435114503816794,0.3029663378325556,0.25382361561106664,0.049142722221488966,0.21518987341772153,0.12658227848101267,0.08860759493670886
niah_mq_q4,69,86d53ae85c4ebe982d7a572e606e70a4a971145c5c1f9da3158076173bc6e239,0.06771676300578036,0.0835549132947977,-0.015838150289017333,0.0993207772474091,0.1599128498541124,-0.06059207260670328,0.6075949367088608,0.5316455696202531,0.07594936708860767
niah_mq_q4,70,f3d75b1b629ff2b13f74c7d79ca4505cc68825f5b16561fa81437423d430756c,0.2717871485943776,0.20298395185556672,0.06880319673881086,0.39972105929586005,0.28970277309687426,0.11001828619898579,0.2375,0.1625,0.07499999999999998
niah_mq_q4,71,fc9711ce109272bea943cf505f76ca08c9771396b7f755f17b2fbd005bd6f6b2,0.0986144578313253,0.07975903614457831,0.01885542168674699,0.13175052544862864,0.16501149354866196,-0.03326096810003332,0.6282051282051282,0.5384615384615384,0.08974358974358976
niah_mq_q4,72,bc6a307f2e4e7536884b7412569403165d9f9c27e36a11ec223e69234e393e06,0.0930066079295154,0.07079439252336449,0.022212215406150912,0.13116866777465036,0.16452486825666732,-0.03335620048201696,0.620253164556962,0.5063291139240507,0.11392405063291133
niah_mq_q4,73,9aafba9db80fc072822afad7c2456395efa00f2ddbe5f1f406990d11d4550a82,0.06406455862977602,0.05815789473684211,0.005906663892933907,0.08684686220475624,0.14715615579749924,-0.06030929359274301,0.6538461538461539,0.48717948717948717,0.16666666666666669
niah_mq_q4,74,1192f3838113ec74c017ad724037b47be23d00049ec01a72b6bf2ead12429fab,0.09016245487364623,0.07592467298150654,0.014237781892139686,0.12775344527015103,0.1516652002737326,-0.02391175500358156,0.5324675324675324,0.5584415584415584,-0.025974025974025983
niah_mq_q4,75,23eac630b0b4ccaa1fadd949c2e5f34e65beb134fa27777275517cebe6b73c43,0.07486522911051213,0.08036075522589345,-0.005495526115381316,0.10881100879459515,0.1577642453754869,-0.048953236580891735,0.6835443037974683,0.5949367088607594,0.08860759493670889
niah_mq_q4,76,571df759ada5941fc04b4b4561b96d803bbd9e0e7f00bf60779af1732d9a2bc7,0.07753819615574176,0.060538005923000994,0.017000190232740763,0.10655033848989477,0.14176175920790782,-0.035211420718013045,0.5569620253164557,0.5063291139240507,0.050632911392405
niah_mq_q4,77,bee479de666758718a85613ee554ba7bd7bfd0fbb7706c5cc479e832e2139930,0.10805984555984556,0.07287439613526568,0.03518544942457988,0.15326352884893168,0.1432936271483197,0.009969901700611988,0.5853658536585366,0.524390243902439,0.060975609756097504
niah_mq_q4,78,7d13c4bda1aaa8a7d348afe67e18b63f8065b51facd84c3252d3b9094b5e5f60,0.06946517412935324,0.07475155279503105,-0.005286378665677813,0.09946667581558952,0.1553764403195406,-0.055909764503951076,0.5512820512820513,0.5256410256410257,0.02564102564102566
niah_mq_q4,79,2ec9af951bf7b4ee9accf5205ef18f1a700af998f8ea994f4e72552b3ab968e9,0.07792079207920792,0.07124505928853755,0.006675732790670366,0.1101416109980323,0.16287631742672687,-0.05273470642869457,0.6,0.5,0.09999999999999998
niah_mq_q4,80,b3060491d623542ade8549276bb00d972f1ac5449055d1285ed42b98e077dd1d,0.23001126126126126,0.1945039458850056,0.03550731537625565,0.33722645842783683,0.27747076567943985,0.05975569274839698,0.15,0.1375,0.012499999999999983
niah_mq_q4,81,5cc82dad7b9df2f0ab32b1142986dc9f1ef8ed1df1f108ef4edc26ef545645df,0.08892794376098419,0.06795743747257568,0.020970506288408505,0.12133579008557269,0.14550951258316402,-0.024173722497591338,0.575,0.525,0.04999999999999993
niah_mq_q4,82,a04ee5001bf7afe5a8d136bb93550585c749b8811ffe3fd08b90c59745714f11,0.09468787515006002,0.0766245487364621,0.018063326413597924,0.12351489899899062,0.16189145676004987,-0.03837655776105925,0.6375,0.5125,0.125
niah_mq_q4,83,400799d0533e738f0e72f24d1bdb19a27ff4d2529c58ee20d5eb8d571b7a2d61,0.22712121212121214,0.20007583417593527,0.027045377945276866,0.3136286285001707,0.27232671955765575,0.04130190894251495,0.19480519480519481,0.15584415584415584,0.038961038961038974
niah_mq_q4,84,141483aa8fb746bc127c14c9f60a61f294dbd9e8c218607d8dacf1d645b79f1c,0.09182795698924731,0.06294402583423037,0.028883931155016945,0.1290909874950714,0.14815371716113276,-0.019062729666061373,0.5769230769230769,0.5641025641025641,0.012820512820512775
niah_mq_q4,85,d6e4e47a0fdfabd1fbc4f7e066cd1f8ff0c546e15c67fce6e07ae556a7df7394,0.07126937984496125,0.0640882638215325,0.007181116023428746,0.0966977965950457,0.15069262567032787,-0.05399482907528218,0.5584415584415584,0.5324675324675324,0.025974025974025983
niah_mq_q4,86,8d6a478bd9b38e0d68d7c26ec0fadd07bfddf97240c96067f6470e7dfb624329,0.073287841191067,0.06716269841269841,0.006125142778368592,0.10633591108272374,0.1559181525037547,-0.04958224142103097,0.5974025974025974,0.5324675324675324,0.06493506493506496
niah_mq_q4,87,c1698ff740c5bdc894d8ed1af11c29750eb9f81374146cb5a58d85f29cb926e8,0.08250834260289211,0.06660177975528365,0.015906562847608455,0.10361555292692781,0.15701540616925744,-0.053399853242329626,0.5569620253164557,0.4936708860759494,0.06329113924050628
niah_mq_q4,88,46ff7010072a4cf7cf05155c9ba02e39d805cc59dadaef3b5771a729dbd96058,0.07623239436619719,0.07215542521994135,0.0040769691462558405,0.10391011019499592,0.15974137711130984,-0.05583126691631392,0.620253164556962,0.5316455696202531,0.08860759493670889
niah_mq_q4,89,45ba0b14dcfae6881a96b32930e6c1d99d6a82f47d10de6885a74dcb18458a75,0.08281404549950544,0.07527214250371103,0.007541902995794408,0.10402957447453202,0.15775386071025677,-0.05372428623572474,0.5897435897435898,0.5512820512820513,0.038461538461538436
niah_mq_q4,90,6ac6a5177d66f4783fc0633f67f68de49932d19f4b6772f2551be44c108c31b0,0.07267866458007302,0.06287167449139279,0.009806990088680231,0.09434332760328057,0.14586379019524204,-0.05152046259196147,0.5921052631578947,0.5394736842105263,0.05263157894736836
niah_mq_q4,91,4c8fcdfb79d75b998a046dcf27b76645c5eedf8c8120054b6ef84e7db2a813b0,0.09943487621097954,0.07144779332615717,0.02798708288482238,0.13377642675114093,0.15647385075014178,-0.02269742399900085,0.6341463414634146,0.5121951219512195,0.12195121951219512
niah_mq_q4,92,e47ed6635456a7c32149a0ee0e7e605b1a20b94fdff77ae7a84a4d52bd0b5ac8,0.0653765690376569,0.07526096033402922,-0.009884391296372322,0.08506267305575999,0.1581263627958575,-0.07306368974009753,0.6025641025641025,0.5256410256410257,0.07692307692307687
niah_mq_q4,93,579d5ffdc5e21ecea447f2f6574a25f2ff8c29178b502bf17b5823e99687a156,0.06418918918918919,0.07532618825722273,-0.011136999068033546,0.07738472847579833,0.15414587628372506,-0.07676114780792673,0.6125,0.525,0.08750000000000002
niah_mq_q4,94,07f112e1ed4caa19282ca3b31d7625831a3f561a232dd4abad1dd00d44b04d32,0.30903171007927516,0.22963800904977374,0.07939370102950141,0.4745340708759872,0.29949319988464984,0.17504087099133736,0.19753086419753085,0.12345679012345678,0.07407407407407407
niah_mq_q4,95,e21dcec00345c60c50f4c41ceb824874f21430a913716d5aadc7ce0ac6de6cad,0.2516862170087976,0.200634765625,0.05105145138379763,0.3699503053207063,0.26512586484615147,0.1048244404745548,0.23684210526315788,0.15789473684210525,0.07894736842105263
niah_mq_q4,96,b0fead45705b271096d242ca7bf3915c15468e18dd904aa31c009964f14a3d2d,0.2239329268292683,0.19833671914677503,0.025596207682493266,0.3202684651788544,0.2543374019396208,0.06593106323923359,0.1951219512195122,0.13414634146341464,0.06097560975609756
niah_mq_q4,97,c983f0254eafec214a763e8fa9031547fcc5ad5e2b130d389f5dc309506ea163,0.2877154046997389,0.2278169014084507,0.05989850329128818,0.4152385900783916,0.31657957759586897,0.09865901248252262,0.2,0.12941176470588237,0.07058823529411765
niah_mq_q4,98,d8d6b2be30b80459d553862f9383bc56c3061c0a3cddbcbcc26a27bb7275710f,0.07200346706290243,0.06768715914724839,0.004316307915654044,0.09282446753774438,0.15413207971497794,-0.06130761217723356,0.6296296296296297,0.49382716049382713,0.13580246913580252
niah_mq_q4,99,f00e374372f58eb90e4c0c8281ce1f97635bbaae07cace3e3c498174dee29d2d,0.13809523809523808,0.07877094972067042,0.05932428837456766,0.20969796617338732,0.14776344964338423,0.06193451653000309,0.6582278481012658,0.569620253164557,0.08860759493670878
niah_mq_q8,0,0e09006750203d183eea555e51c05f5e949cadf596f946f63fe02f6ed15c855a,0.3700935251798561,0.3606156501726122,0.009477875007243897,0.5337078285848074,0.41981537747067127,0.1138924511141361,0.12962962962962962,0.05555555555555555,0.07407407407407407
niah_mq_q8,1,5f284b6eba422d1b7bbf8412fccdd5aff446d61babcefa9bfcaa626c7e6b3495,0.3908010118043845,0.3328636517043537,0.057937360100030755,0.5460758726943757,0.3875708978921894,0.15850497480218634,0.11392405063291139,0.0759493670886076,0.03797468354430379
niah_mq_q8,2,1d9e3b322cc4b8938cb0c4645d204f374583399e5c9ad7b2e3fd4cc8d7936428,0.3887810667411338,0.3722889882615987,0.0164920784795351,0.5678562018807318,0.4611262589652017,0.10672994291553012,0.11612903225806452,0.07096774193548387,0.04516129032258065
niah_mq_q8,3,000a13b29ed91c312e1195d8723a444a1a3c0d79edfe3fd8ecfe5aea32f5ab5d,0.4319729286300246,0.3956670311645708,0.03630589746545382,0.6467579956660614,0.4857905686591316,0.1609674270069298,0.1125,0.06875,0.04375
niah_mq_q8,4,843b5e8e1a22fdb97e3da502fe6dbb0c693897d6a42ec6b12db422b03457f780,0.34828954570333875,0.3752049740366221,-0.026915428333283364,0.5006478798335691,0.447330507867414,0.05331737196615505,0.10126582278481013,0.0759493670886076,0.025316455696202528
niah_mq_q8,5,e04ddb6ef0293cc01163e0d85c49347ed910a1b1391de569c7e432044c895e9e,0.34704106280193237,0.3178485214242608,0.029192541377671577,0.4921693396852822,0.3975172440143524,0.0946520956709298,0.10126582278481013,0.056962025316455694,0.04430379746835443
niah_mq_q8,6,3544ad9e03271d7c473a489cc3be66a5930a3bb37dd442fa9dffd2ec7fda33c8,0.3871212121212121,0.3291515151515152,0.05796969696969689,0.560937641511823,0.3802457018070665,0.1806919397047565,0.1125,0.0375,0.07500000000000001
niah_mq_q8,7,4c36b3006f4d7edd38f2f99ada0d2895c42d65557b07916616ee8ad9ad487191,0.4058263020075648,0.4073341094295693,-0.0015078074220045146,0.5989995098040842,0.5019983539003732,0.09700115590371106,0.11949685534591195,0.06918238993710692,0.050314465408805034
niah_mq_q8,8,381ef9a55def033ce2c1081b64728f659258eb2446b307d51ff026585fc18c12,0.3586141533277169,0.3977579420860276,-0.039143788758310705,0.5093508246971166,0.47283324750080935,0.036517577196307216,0.125,0.06875,0.056249999999999994
niah_mq_q8,9,cb6797a942a692af230bb680f7c9c66fea3b2e230ae87e89029a523b70ce787a,0.1287835926449788,0.13493635077793495,-0.006152758132956154,0.1742027162348554,0.21211535397152081,-0.03791263773666542,0.34868421052631576,0.2894736842105263,0.059210526315789436
niah_mq_q8,10,7e88dcdd32f356b70e5d8fab6198f0513b3c0529c52953e0767837efa679e072,0.36255219206680583,0.3277922755741128,0.034759916492693055,0.5285062792747961,0.38352892234483493,0.14497735692996117,0.1125,0.06875,0.04375
niah_mq_q8,11,5b5dbe887b10a7bb6bc37c61fbce434c15011d7a64c4eb9132751047f0118d41,0.3797383720930233,0.3133720930232558,0.0663662790697675,0.5464683293377106,0.3849540435157466,0.16151428582196403,0.13836477987421383,0.07547169811320754,0.06289308176100629
niah_mq_q8,12,208db4a327f33b5a0033325bee6e5d3f8e37e83e59ef0f4cbaf0d5cacafd105b,0.39394392257329913,0.38940774487471524,0.0045361776985838875,0.5969358116830727,0.47963458501350303,0.11730122666956971,0.1464968152866242,0.06369426751592357,0.08280254777070063
niah_mq_q8,13,863384ab541324d5e90a25edf9f2be5df6794f7442d420d2526674ef1e5e581d,0.43586894990093394,0.3670277541772869,0.06884119572364705,0.6558196409011233,0.4318196539061686,0.22399998699495471,0.13125,0.0625,0.06875
niah_mq_q8,14,d8b0ad9a30689bb690e96126d0a04e476cdf7d7ff566bd2d7693ccab5eb351c7,0.13315384615384615,0.12795384615384614,0.00520000000000001,0.17139969424319823,0.20662867795317666,-0.03522898370997843,0.3137254901960784,0.2549019607843137,0.05882352941176472
niah_mq_q8,15,a907dc95bdc04a940e432f1e4fbf2421d454c92d445caf64993aab9d2f9480e5,0.13386408404464872,0.11913114754098361,0.014732936503665112,0.19288249130907822,0.2059110556522767,-0.013028564343198462,0.2987012987012987,0.24675324675324675,0.05194805194805194
niah_mq_q8,16,de9442908807eadf0114bd67c5a4b78b5c01243d99053ea8c70e0ab5f8dc7ffe,0.3082943241661791,0.30827964860907764,1.4675557101440084e-05,0.42479952438388013,0.37397689992370975,0.050822624460170385,0.1346153846153846,0.05128205128205128,0.08333333333333333
niah_mq_q8,17,b13056275387f468df2161b27291a3e806050647016b3b32cbdf326635c17d7b,0.41723648850403106,0.38952672439534186,0.027709764108689194,0.6202644065338648,0.472078515006479,0.14818589152738582,0.125,0.0625,0.0625
niah_mq_q8,18,f328f73a56b2aa0ac07e5a16a0b33fe0c82f267af0bb03a1a2a1e5133b9d3f25,0.3973318938926589,0.34340320591861906,0.053928687974039824,0.5799356983645352,0.4330038325736728,0.14693186579086237,0.125,0.05,0.075
niah_mq_q8,19,23b81439f7056519d95a114a70d58f0fa63bfff4e0cdfeddc77cddc0794364b9,0.41298104537622055,0.41582542421627844,-0.002844378840057893,0.6141496120903136,0.5179126227892805,0.09623698930103308,0.13043478260869565,0.062111801242236024,0.06832298136645962
niah_mq_q8,20,b04e8fd0113f3a38650d92761916553695f9d83e50d3721e5154d673c0c5945b,0.43352689486552565,0.36512836185819075,0.0683985330073349,0.6403817408686171,0.42612948227902825,0.21425225858958885,0.14012738853503184,0.07006369426751592,0.07006369426751592
niah_mq_q8,21,d6727ae6426c7a82a1498c3bb8b5c697fd3bd0d6df1e398c1d08e13cd444fcc0,0.3789007092198582,0.3536560094730609,0.025244699746797272,0.5568082330539029,0.41457379647013637,0.14223443658376655,0.11464968152866242,0.050955414012738856,0.06369426751592357
niah_mq_q8,22,64d291e33c89ead931ee1c40157d513d19b46a244e3b0b208a568190925577e2,0.41915089008194417,0.3750565930956423,0.04409429698630185,0.624773508065061,0.44928753745560757,0.17548597060945348,0.1282051282051282,0.0641025641025641,0.0641025641025641
niah_mq_q8,23,fb72c0126f04fa654d40540df4dc16113394beac54e36b593e27fdafa9ea0afd,0.3381152460984394,0.31783358320839583,0.020281662890043572,0.46615344928503866,0.375972422950244,0.09018102633479463,0.14102564102564102,0.05128205128205128,0.08974358974358974
niah_mq_q8,24,efe9fd153a73a62cfbace20130ebde104fd8b35e3814f67db76b3289bd300131,0.3594404548174745,0.3380681818181818,0.021372272999292674,0.5160541731589421,0.39884228574311276,0.11721188741582933,0.12738853503184713,0.050955414012738856,0.07643312101910828
niah_mq_q8,25,cd5bf8efc636bc7020a613042e847c9c5149889fd1dbc83f7ccce78e048d1cb0,0.3597549909255898,0.3654718693284936,-0.005716878402903802,0.5105004814585613,0.4376507790311833,0.07284970242737798,0.12578616352201258,0.05660377358490566,0.06918238993710692
niah_mq_q8,26,df6ff28ae30049ccc58241020bfdc2bfa289c97d07865675143f008f78624450,0.40018175809649703,0.37599140779907475,0.02419035029742228,0.5746975027565946,0.4465212709007063,0.12817623185588828,0.12179487179487179,0.07051282051282051,0.05128205128205128
niah_mq_q8,27,dbceb4960eb5b6fe410d96930a3503aeb29f57992d3183b47ae60c99a2f501f1,0.3974663151728179,0.34154950205038076,0.055916813122437126,0.5839661876768013,0.3907431645498122,0.19322302312698908,0.11320754716981132,0.0440251572327044,0.06918238993710693
niah_mq_q8,28,2623f86d3dd458a64ff4cd83a157aee4ffa027e00be54fbf9850f657b3aeff29,0.40128865979381445,0.35709541881268636,0.04419324098112809,0.5903237018314246,0.4133988253064807,0.17692487652494387,0.11949685534591195,0.06289308176100629,0.05660377358490566
niah_mq_q8,29,8f1a746c0949c165a41baa50284193015fa3f3210bcdf68a4656f71abb3a93ae,0.36675330148918234,0.35977221597300335,0.006981085516178986,0.5287894007239684,0.42318998858809537,0.10559941213587304,0.11464968152866242,0.07643312101910828,0.038216560509554146
niah_mq_q8,30,2dc4fac01142f87ca8a1591e52b22ec623512d42bea796a1533a962c792ef4e6,0.4197106325706595,0.4264266487213996,-0.006716016150740134,0.6181600065883358,0.5380128019452458,0.08014720464309,0.13580246913580246,0.06790123456790123,0.06790123456790123
niah_mq_q8,31,edac60386a20273eab6693ac7aa1defe83e1e544a917871fcba95c81314bca6e,0.372291608195341,0.31692145862552595,0.055370149569815064,0.52991940205759,0.3899860094235832,0.13993339263400684,0.10759493670886076,0.04430379746835443,0.06329113924050633
niah_mq_q8,32,2d0c8f43cf8756b7e7bb9c898d93d31385500d63588d9992f1108d4fd52d9e88,0.36207964601769904,0.3800412735849057,-0.01796162756720665,0.5263082229349474,0.45391514313716286,0.07239307979778453,0.10909090909090909,0.07272727272727272,0.03636363636363636
niah_mq_q8,33,47856dd9ae18cb5cda5df73c063ac9311eba91959c64313111d3271d2acc332e,0.40551584835301424,0.3997358607830951,0.005779987569919154,0.5885794956165367,0.4980546361782758,0.09052485943826089,0.0967741935483871,0.07096774193548387,0.025806451612903222
niah_mq_q8,34,d3907125c6472fb125bc58c8ec254e238be7a6ef11e9c8c390837d1ac6454b36,0.42514885382554335,0.3742103694874851,0.050938484338058254,0.6167652478404494,0.4598710264545158,0.15689422138593362,0.1393939393939394,0.06666666666666667,0.07272727272727274
niah_mq_q8,35,f2f0785009d4dd213c29668771c5be362fa850fa2a961e6f24895e03c233c579,0.4572951739618407,0.3797485248665355,0.07754664909530523,0.6914435708091382,0.46195992241115247,0.22948364839798574,0.1337579617834395,0.06369426751592357,0.07006369426751592
niah_mq_q8,36,176cacf4028f92623e2f8e11622c29dfa51f364a1db5dda6eed5d6e06bf32e1a,0.35025282569898875,0.34256998213222156,0.0076828435667671835,0.5032263996520441,0.3918211984893619,0.11140520116268215,0.10256410256410256,0.057692307692307696,0.044871794871794865
niah_mq_q8,37,23020ac9a6a24d29cf87332c7acbedb01f3f9e8d67767a77c65874967cae9ed3,0.3918126094570928,0.35750656550919174,0.034306043947901044,0.56594118657938,0.4238015598382955,0.1421396267410845,0.11612903225806452,0.06451612903225806,0.05161290322580646
niah_mq_q8,38,8c031b3164bcd8dc914a9a2e1092227ada8ca5898673262a66989459c4c088b4,0.3355917159763313,0.3524393849793022,-0.01684766900297091,0.47633723958951035,0.4174482853463415,0.05888895424316887,0.11875,0.05625,0.06249999999999999
niah_mq_q8,39,78869c3e3cf9d9e21ec5a94a644a1a4cc639aa8fc380774e1dd2f42ea1648f8e,0.4281687125321153,0.3668710781517399,0.06129763438037539,0.6354366461688021,0.4405786987856379,0.19485794738316425,0.13291139240506328,0.06329113924050633,0.06962025316455694
niah_mq_q8,40,7a4b4e9dce40ea19a6c469ea47f67624377ff1325d8f228d2c2d6aa908c4c843,0.4257156619873384,0.4243107251171768,0.0014049368701615772,0.6267183777624032,0.5296835801383623,0.09703479762404099,0.13043478260869565,0.06832298136645963,0.06211180124223602
niah_mq_q8,41,8dbbd0d883b130aae71ab1ef4d4bda0a1083c0d0285a7d2d38ad5850415f8681,0.353788312804354,0.35468481375358163,-0.0008965009492276077,0.506022696827048,0.43008880006739564,0.0759338967596524,0.125,0.07236842105263158,0.05263157894736842
niah_mq_q8,42,27553918f8e6af054a053fa83c91d2f8518378c5afe40574587858b6f6db6b75,0.39152881169010206,0.3872964394148496,0.004232372275252472,0.5737368431998451,0.46754037396517456,0.10619646923467052,0.1320754716981132,0.05660377358490566,0.07547169811320754
niah_mq_q8,43,a40fe1b195139e0e0856fa857f3bb69e88c81a5919d251649b03d896d073a867,0.14126932989690721,0.11213733075435202,0.029131999142555196,0.17902728769583076,0.1828300966093252,-0.0038028089134944376,0.3225806451612903,0.25806451612903225,0.06451612903225806
niah_mq_q8,44,2274d9f6955bf74503108a49c34383b09a58fb088e7227a5f342b1e892fd53d6,0.3795748749632245,0.32979835148660586,0.04977652347661865,0.5434847120887932,0.36903512736276534,0.1744495847260279,0.11180124223602485,0.062111801242236024,0.04968944099378882
niah_mq_q8,45,23508087b8f1c8936a50161c87f3b0345634488ef258a3b3fa6c4a3695072cc3,0.37020316027088035,0.4054678692220969,-0.03526470895121653,0.5419147279468808,0.5102137572933593,0.03170097065352151,0.12179487179487179,0.07051282051282051,0.05128205128205128
niah_mq_q8,46,d00f8f85dcbe619998a59c1db7a8438741836f066f98819e8c87e702b054d326,0.44020544360115166,0.3770544360115153,0.06315100758963638,0.6617166814799031,0.445575955480503,0.21614072599940015,0.12101910828025478,0.07006369426751592,0.050955414012738856
niah_mq_q8,47,817af7860ae0dabcc982652ec15bc7f487738c3d882806f834ea9be97f3ba13d,0.4239838613269574,0.3869438638399522,0.037039997487005205,0.6317593946604987,0.46733447230027564,0.16442492236022305,0.1282051282051282,0.0641025641025641,0.0641025641025641
niah_mq_q8,48,f1268b6f17e88c53dc6696ddf3dd7df5d4ec17fc35689c3be22caf60b550b5ca,0.4159038572251007,0.39251079136690653,0.023393065858194173,0.6194171022697438,0.4848208214415669,0.13459628082817687,0.11875,0.0625,0.056249999999999994
niah_mq_q8,49,87f73ffa9b5b302c25f830d02d2547b447a4d09ff3c3c9d2459bb55b81a2f957,0.467748447204969,0.4104393045638,0.057309142641168986,0.6470519350018515,0.5242629975421063,0.12278893745974528,0.0949367088607595,0.056962025316455694,0.037974683544303806
niah_mq_q8,50,dba4286e6c27fbafaac218c538886cfe738e35215a7cde73a68c0ddf566c5c0d,0.39564095600217275,0.3591476655808903,0.036493290421282465,0.5824087619835189,0.4294664817261672,0.15294228025735168,0.12025316455696203,0.056962025316455694,0.06329113924050633
niah_mq_q8,51,e17b496e5790d09acae507611805ba04b407c20ca587c7a2aa93cdd55b97296c,0.33541968162083935,0.3502458068247542,-0.014826125203914853,0.46157253869621495,0.426113538671841,0.035459000024373966,0.10897435897435898,0.057692307692307696,0.05128205128205128
niah_mq_q8,52,29fd519ccfeba78f97d0de7aeec16c6679c544cfd63a49bf394ce2fea09e8058,0.387524111325434,0.33257993384785006,0.054944177477583955,0.5590578643281661,0.40447995776236684,0.15457790656579923,0.13836477987421383,0.05660377358490566,0.08176100628930817
niah_mq_q8,53,11958e476c9959518d062614f2fa50ae224a043dcf773d51368ffc361c80ac27,0.43149350649350654,0.40727900552486196,0.02421450096864458,0.6426465022271157,0.5212175071097087,0.12142899511740701,0.12025316455696203,0.056962025316455694,0.06329113924050633
niah_mq_q8,54,d2cfb8b5ecbb872d1d08d218f79b457f24661aa8979e9411690a333d91d14054,0.39165700202957376,0.3633231795764432,0.02833382245313054,0.5602793530721067,0.42807127227298497,0.13220808079912177,0.12269938650306748,0.06134969325153374,0.06134969325153374
niah_mq_q8,55,41fee1803def9f78c31289166063eb40ace8e140f8f4259200b1748221c0554f,0.41336104513064137,0.38364014251781475,0.029720902612826616,0.6081059611414841,0.47295966503449494,0.13514629610698914,0.11875,0.06875,0.04999999999999999
niah_mq_q8,56,432faf0babc024847a0174eba814e4211b54c2dc7a4204501d73ee5467b38ebb,0.39409722222222215,0.36349557522123893,0.030601647000983223,0.5903683300439253,0.43196617185968444,0.15840215818424086,0.12578616352201258,0.06918238993710692,0.05660377358490566
niah_mq_q8,57,f6dd3b02033a222d1c4c64fac8d622cca5b31d528ee4f5ca8e6bef6238a1bf34,0.3831677018633541,0.39225746268656725,-0.009089760823213167,0.5555445788783855,0.48495679149673887,0.07058778738164662,0.11038961038961038,0.05194805194805195,0.05844155844155843
niah_mq_q8,58,51b9f39c49a5f553adf35c97473aceff4827cd8ef7b68b1a8d048f4e78d514de,0.4075940482874789,0.35115838247683234,0.056435665810646574,0.5933007963654342,0.42137799427103406,0.17192280209440014,0.11875,0.05625,0.06249999999999999
niah_mq_q8,59,c3a0b9a12efbcd565a501a5da0763ff4f59824bd4ffac4532a78cc5022d41368,0.40181580476467166,0.36553426248548204,0.036281542279189616,0.5952257432892789,0.44234430481068354,0.15288143847859537,0.12418300653594772,0.06535947712418301,0.058823529411764705
niah_mq_q8,60,7cf34be6b64591370d620cf7a3f06fcd1b25cb18e9f0d40f67838a5b446d87ed,0.3227822007392665,0.2800695825049702,0.042712618234296285,0.44418794610245127,0.3395795458367601,0.10460840026569118,0.12179487179487179,0.05128205128205128,0.07051282051282051
niah_mq_q8,61,16621356b3b9474337857268d1b737536877416dcfb467de0f81869db0eb9041,0.39428525434642625,0.39251612903225813,0.0017691253141681185,0.5699570560172261,0.4726131478042914,0.0973439082129347,0.11320754716981132,0.06918238993710692,0.04402515723270441
niah_mq_q8,62,d67e7724af1b6d79179e1608617712cd4596dff861f5d8fc0229888bb937e3b1,0.3871621621621622,0.35022753128555173,0.036934630876610475,0.5821715403473726,0.4155328173755561,0.16663872297181653,0.12578616352201258,0.05660377358490566,0.06918238993710692
niah_mq_q8,63,c5f241e22939f2c1b2f5b68a30db99f0db33cd8c47ff58fba0ad6b1cf366fd42,0.3943044822256569,0.33958590852904824,0.05471857369660865,0.5742622762978641,0.38663549906651395,0.18762677723135013,0.1393939393939394,0.06060606060606061,0.0787878787878788
niah_mq_q8,64,9799de84f094ff27e9c1d884c55396dbaae0b06d9296b63a7c6cafcdd8ad3e72,0.4052996042962126,0.3822801809443031,0.023019423351909485,0.5920325379809503,0.4594890737775241,0.13254346420342622,0.11801242236024845,0.07453416149068323,0.043478260869565216
niah_mq_q8,65,589172203881b717e5d681417fc21905912133869e742dc76f903e3126cb6a42,0.3972638248847925,0.35901556644566157,0.03824825843913093,0.5855116292963689,0.4342397321430302,0.15127189715333872,0.1320754716981132,0.05660377358490566,0.07547169811320754
niah_mq_q8,66,103e63735a935192b5bdd2a2c2fb4a998643b7ed03aa2303ca673cbd5b8304d6,0.3792296918767507,0.3553361344537815,0.023893557422969225,0.5502826146746763,0.4214020262117316,0.1288805884629447,0.12422360248447205,0.055900621118012424,0.06832298136645962
niah_mq_q8,67,1cb9ed395b7173681cde5e68571709083cbdacc855e2802306a4ee88b758c689,0.39272307692307695,0.3527692543725069,0.03995382255057006,0.5843977251568226,0.41904001697871235,0.1653577081781103,0.12101910828025478,0.06369426751592357,0.05732484076433121
niah_mq_q8,68,3daf601ae2fa474040c287e8c421926ff4a0dc877aa78077905fd454d233a2b6,0.3571594877764843,0.324095682613769,0.03306380516271534,0.5112056120508658,0.37915215063983554,0.13205346141103025,0.10625,0.05625,0.049999999999999996
niah_mq_q8,69,e36bf39017c3a15742a0caef84e506adbf21f245171445e3ae784504cf59f4de,0.3769305019305019,0.325,0.051930501930501916,0.53178724125187,0.3736977209071073,0.15808952034476276,0.13125,0.0625,0.06875
niah_mq_q8,70,47676777a41da2250204b11183340e67f4077063bbe741871f450ec339c1ad05,0.4030404443178582,0.36806070105443145,0.03497974326342673,0.5927566973916422,0.43859337828100664,0.15416331911063552,0.12195121951219512,0.06097560975609756,0.06097560975609756
niah_mq_q8,71,fa44a562875cad3e153da46f8ba14160cb45f3b7b5d6c1bf69f61ece295aa29f,0.3864061709661103,0.38218979024513516,0.0042163807209751325,0.5479755396985081,0.470187931318624,0.07778760837988408,0.11875,0.05625,0.06249999999999999
niah_mq_q8,72,76adc25728502b4243b1dcf12e3be3f5bea5a5f1b9c5c348a9a57ea59ab03523,0.3584021226415094,0.3427495569994094,0.01565256564209999,0.5031832152747363,0.4214157769199335,0.08176743835480282,0.13664596273291926,0.055900621118012424,0.08074534161490685
niah_mq_q8,73,cdb12c35e5d8cf4eb47f0dea4f9c331fa2a12fa6795764f4f2680761bf11e9fb,0.32790628706998814,0.35054831061055125,-0.022642023540563105,0.47390907647881403,0.40572739683200093,0.0681816796468131,0.10828025477707007,0.07643312101910828,0.03184713375796179
niah_mq_q8,74,a405cc9b75140361b90e46b3fa2572534448eaf8399de0ec66ef4453dc35217f,0.148875,0.12487507807620235,0.023999921923797657,0.2058944014600128,0.19283322004897516,0.013061181411037653,0.3202614379084967,0.27450980392156865,0.04575163398692805
niah_mq_q8,75,0f680e0648c3acf6579213e7b0147eafd6f7208b17958023cce093cd807a34f8,0.3902970571904497,0.37683435241801,0.013462704772439715,0.5693647021224069,0.44522768628953535,0.12413701583287151,0.1419753086419753,0.06790123456790123,0.07407407407407407
niah_mq_q8,76,cc0189a5714230ea1a1d07cd01d1c36b23ba026a752d195d4066d9d783c50764,0.3940782422293677,0.39886880856760376,-0.004790566338236046,0.595520621857086,0.4846829302427171,0.1108376916143689,0.12025316455696203,0.06962025316455696,0.05063291139240507
niah_mq_q8,77,22fd4788c81276277dc95722985392208611345bffadd0bc5f038efe2c81ed8d,0.37511890606420933,0.3249404939006248,0.05017841216358454,0.5380492034511398,0.3797184235165235,0.1583307799346163,0.1069182389937107,0.06918238993710692,0.03773584905660378
niah_mq_q8,78,1bda07c4782456ad321666e3154bb54eaad2807140711f7ae09364ac1957f1d6,0.4186002178649238,0.43256668481219374,-0.01396646694726994,0.6209324856056573,0.5431829435944561,0.07774954201120121,0.13125,0.0625,0.06875
niah_mq_q8,79,bf99b04d7c3fa93d39df2a829fd9eaa1428ec838ef0e65fbf7e1c07d95565843,0.40467525195968646,0.3386096331559787,0.06606561880370776,0.5960972241154396,0.40048371007777517,0.19561351403766447,0.14193548387096774,0.05806451612903226,0.08387096774193548
niah_mq_q8,80,dcec8511aee7ff9747b71fe306685b7d02236c20333026cdbed120cf31567817,0.37102988573102835,0.3389759742162321,0.03205391151479625,0.5255998034508579,0.40101640634840646,0.12458339710245142,0.11801242236024845,0.062111801242236024,0.055900621118012424
niah_mq_q8,81,c24a8f7df3b4e5bf876171c3a2f33a2c5e8a94c4eb9ef8910f4ecc90bbf9c9cb,0.38229557931233754,0.32991613649508383,0.05237944281725371,0.5434342801016621,0.3969152613856659,0.14651901871599615,0.11612903225806452,0.06451612903225806,0.05161290322580646
niah_mq_q8,82,9b15724cd3bcfe8aed902354b2f6a738ab83b59ca4f79ced3bd049ad86f6852e,0.38402346911248986,0.41060258829873286,-0.026579119186243005,0.5369035741769,0.5080509347776134,0.028852639399286617,0.10559006211180125,0.06832298136645963,0.037267080745341616
niah_mq_q8,83,ccadbb4bb1bcd4b3ea62843f5ae531db841fb72fd33a7144b6a3efc8c5d6320d,0.4162851627137341,0.3859715705216672,0.030313592192066918,0.6014771994442825,0.4792114217759197,0.12226577766836277,0.12337662337662338,0.07142857142857142,0.05194805194805195
niah_mq_q8,84,cf8c6e65f4e8913d8944691c38f825693f916dbab54f2cfe13caa0600a775a0e,0.4260749868904039,0.3900903851192036,0.03598460177120033,0.6280721737215432,0.4756259149523365,0.1524462587692067,0.12101910828025478,0.06369426751592357,0.05732484076433121
niah_mq_q8,85,d55ee687e0da49b888d7b6bcebe2c3aeec59d8fafe8d980c422cb35c25fff72f,0.4205026455026456,0.3998547279450607,0.020647917557584883,0.5963739677199122,0.4945290927815506,0.10184487493836164,0.125,0.06875,0.056249999999999994
niah_mq_q8,86,e80846cabb79a5933418d20b8f7d27281ec320a5785093ae2e85f2cafb9dec0f,0.42944279346210995,0.43746281975014867,-0.008020026288038717,0.64811499150739,0.5553333543870336,0.09278163712035647,0.1320754716981132,0.06918238993710692,0.06289308176100629
niah_mq_q8,87,c073d2509c6baa04a4ca53c96d9113bcd1a7799007fce473056e8210b93d0c4e,0.41132786885245903,0.4083005249343832,0.0030273439180758532,0.5996532636800067,0.5131400321799016,0.08651323150010515,0.10828025477707007,0.07006369426751592,0.038216560509554146
niah_mq_q8,88,4416950098e5462991b754f2a9acb5fb5f17bb270ecf0aeb529b69e20e52e359,0.348993993993994,0.3735585585585585,-0.024564564564564517,0.48603355469018145,0.4673526177164737,0.018680936973707762,0.09615384615384616,0.07692307692307693,0.019230769230769232
niah_mq_q8,89,f0e94d474975e966f2ee2131c0787aa1eb70749cce29da4863f45ed98f4dd7e0,0.3616069039336366,0.3599465240641711,0.0016603798694654892,0.523030266803505,0.42681152202174905,0.0962187447817559,0.10126582278481013,0.06962025316455696,0.03164556962025317
niah_mq_q8,90,abd44e5144f6ac6815a4f1fb839ba7aec44a02a748a4177fcac92c6b05204051,0.3916963490650044,0.40112117612117615,-0.009424827056171758,0.5806276755582451,0.5012223210528383,0.07940535450540687,0.13580246913580246,0.06172839506172839,0.07407407407407407
niah_mq_q8,91,aaf2eb334da0a6805e271044f78475ea96ee09e59bc2fbd2d0c26f25ea0750fc,0.38782306163021874,0.37265758091993184,0.015165480710286894,0.5751253501649968,0.44171922632077276,0.133406123844224,0.12345679012345678,0.06790123456790123,0.05555555555555555
niah_mq_q8,92,91d65bdaa50c88cea2097959a861e0a0fffd39c1352e1c4a8660b4c861ccbc79,0.10378315132605305,0.10696567862714508,-0.0031825273010920307,0.13984996138270808,0.1891452369544096,-0.04929527557170152,0.3157894736842105,0.2631578947368421,0.05263157894736842
niah_mq_q8,93,7d57f2ba7b3593451a96915c0c14bbff7a90d0637368844f3b1fd38b5b6f0982,0.3763320941759603,0.34246277915632756,0.03386931501963275,0.5604109084367339,0.38970687343896965,0.17070403499776426,0.125,0.0625,0.0625
niah_mq_q8,94,e7691f923dbe8ec29b8dbbf6fb0463c8bf45018983c386f8375313b3d068b349,0.3845146166574738,0.3671349862258953,0.017379630431578474,0.5449220172314974,0.4409467033939696,0.10397531383752778,0.09615384615384616,0.05128205128205128,0.04487179487179488
niah_mq_q8,95,e35d7cc5d0403d654a9553b9b24d57fc47188f7abdb112d3d6a22c7c05b008bb,0.41989361702127653,0.33670634920634923,0.0831872678149273,0.6275269750616506,0.37991364629785024,0.24761332876380032,0.11688311688311688,0.05844155844155844,0.05844155844155844
niah_mq_q8,96,3e10f551196e428c7350741c71d85a2cd1842cd19352042851e45ea7cacde6fe,0.3522887323943662,0.3555253889051952,-0.0032366565108289946,0.5032680281599171,0.40505686109135863,0.09821116706855848,0.0949367088607595,0.06329113924050633,0.03164556962025317
niah_mq_q8,97,a0d012ee1d7aaf9626cd5d72910d526f5505ba6adb45e551e6be2ec8049a0ebb,0.46887096774193554,0.37544560540872773,0.0934253623332078,0.643887417775242,0.4466484151329956,0.19723900264224647,0.09316770186335403,0.06832298136645963,0.0248447204968944
niah_mq_q8,98,ee68f9e4564870db775dc0bede36c8ee753a56c588c5a60959918c3c01583c60,0.4299846153846155,0.3766332819722649,0.0533513334123506,0.5700687510505164,0.44035737849858564,0.12971137255193071,0.08496732026143791,0.06535947712418301,0.0196078431372549
niah_mq_q8,99,3c1df0a317208d33aab7afe1120d0bc5b57eaac35666a1ce48ccc315430eee2d,0.4057309941520468,0.39353637160385624,0.012194622548190537,0.6024979655470214,0.48071349026295584,0.12178447528406555,0.1346153846153846,0.057692307692307696,0.07692307692307691
niah_mv_v2,0,12205550a55602986454aabeeba06be6f7c9e2c4056e05655bfe52af7d7a7931,0.03808641975308642,0.034789343246592316,0.0032970765064941066,0.04896736219663913,0.13359368501295205,-0.08462632281631291,0.9736842105263158,0.8157894736842105,0.1578947368421053
niah_mv_v2,1,c27f23ca9620699b5e713a7228765fd3ab10c8574136146a6b9365478781dbed,0.052291242362525456,0.09689409368635442,-0.04460285132382896,0.07395452460761179,0.1364830400569433,-0.06252851544933152,0.9736842105263158,0.8157894736842105,0.1578947368421053
niah_mv_v2,2,83b1e6ce4e99f1bb4557eb1a488bb1d8d4bc81e15ccdaa50cc65e0758a18b257,0.04977678571428572,0.07354910714285715,-0.023772321428571427,0.07782083106320474,0.1347884385341805,-0.05696760747097575,0.9722222222222222,0.8611111111111112,0.11111111111111105
niah_mv_v2,3,54d7ec6e45d108a68aaaaa2fe2674738f413e39314bfbc57ece8a78be9e8c55f,0.04588974854932302,0.04671814671814671,-0.0008283981688236922,0.06962949763539539,0.1341348533508979,-0.0645053557155025,0.9736842105263158,0.8157894736842105,0.1578947368421053
niah_mv_v2,4,5db19bc930ff5978746516de6409e77af762b3e408f1374582c9d1bb632675c2,0.04279141104294478,0.07591743119266055,-0.03312602014971577,0.08110163695055846,0.1767951261216499,-0.09569348917109145,0.575,0.225,0.35
niah_mv_v2,5,40451a1eb41341915f40b9889d2cc75a8568bd56d172e9fb8b195a2e7a6f9ecd,0.03248792270531401,0.025845410628019327,0.006642512077294684,0.0453344868520949,0.1306107554815757,-0.08527626862948079,0.9736842105263158,0.8157894736842105,0.1578947368421053
niah_mv_v2,6,ac61dec69bc8db2e551b088f6655b58dd194e8dec698976a4df2beea15bf9dc6,0.025,0.0289906103286385,-0.003990610328638497,0.04339326883525112,0.12577200861613963,-0.08237873978088851,0.9722222222222222,0.8611111111111112,0.11111111111111105
niah_mv_v2,7,7a8554e20380859b0fefd40d815ccf6afc111c59488c44e3476ad3bfe887a87e,0.025,0.029123711340206183,-0.004123711340206181,0.05107905952023033,0.13356786625945546,-0.08248880673922514,1.0,0.7894736842105263,0.21052631578947367
niah_mv_v2,8,7723c39d3e0f60b856952d133ce5d6faf95817be8ba46ee35d00baf227f7e589,0.04186046511627907,0.057946635730858474,-0.016086170614579405,0.08598837730582196,0.17787020689059457,-0.09188182958477262,0.47619047619047616,0.21428571428571427,0.26190476190476186
niah_mv_v2,9,2be23c9d61cd97667d21a20cdfb006b0040121013d75dca59b269bf0a7af3b9d,0.04737762237762237,0.039385964912280705,0.007991657465341667,0.07241401475182378,0.16439075328944558,-0.0919767385376218,0.5789473684210527,0.2894736842105263,0.2894736842105263
niah_mv_v2,10,5e04823c6c5a91739f9f1d61f11bd1b49518eeae951aeda04e3378e7f65e3fa7,0.029358353510895885,0.027784503631961256,0.0015738498789346286,0.04395058342723533,0.12715178220979512,-0.08320119878255978,1.0,0.8611111111111112,0.13888888888888884
niah_mv_v2,11,f83a80bc93ecc0b4d21078f1405ea856cb2bcfa174afad4cb49fbb8b75aecfd6,0.09478021978021978,0.123992673992674,-0.02921245421245422,0.13326403674171075,0.18096255293271674,-0.047698516191005985,0.4722222222222222,0.3611111111111111,0.1111111111111111
niah_mv_v2,12,831eb9ad03cfdec894ecbfbce04014b33f8691de4f20099d747aafb28a127a23,0.03192695214105794,0.025,0.006926952141057936,0.050970526859586876,0.1316563233522511,-0.08068579649266423,0.975,0.8,0.17499999999999993
niah_mv_v2,13,b4fdda7e5e77d357002f98344b16bbf48f07baacf3496e9324333ac67ed8607b,0.043534119629317615,0.045538720538720545,-0.00200460090940293,0.06580617083734148,0.12445548044070764,-0.05864930960336616,0.9736842105263158,0.868421052631579,0.10526315789473684
niah_mv_v2,14,720530dbfeb04434071ef968934922caf8bb32f378609eb8fbda9005cf37bdd5,0.026293103448275866,0.028000000000000004,-0.001706896551724138,0.043558068892435395,0.12884253925415765,-0.08528447036172225,0.9722222222222222,0.8333333333333334,0.13888888888888884
niah_mv_v2,15,fa5a10c6b7272a94871cd40f2b588401774cc30402d272985ca42322bf75ab9b,0.06477272727272727,0.11033057851239672,-0.04555785123966945,0.10952772897639443,0.18396298782286052,-0.0744352588464661,0.47368421052631576,0.23684210526315788,0.23684210526315788
niah_mv_v2,16,9f9ff83f0dd1a2bbe029d1e3c17c818c306ea439cb920ef89fecb6fdfac14b2d,0.025,0.0353494623655914,-0.010349462365591401,0.04817893143552706,0.13362473789415463,-0.08544580645862757,1.0,0.8157894736842105,0.1842105263157895
niah_mv_v2,17,ab7695c261eead68669787a77f9d6d7a44c49c4155a629d8dc631d62afe08e7a,0.061842105263157886,0.07846795434591747,-0.016625849082759582,0.09231766625189612,0.17701430391886533,-0.08469663766696921,0.35714285714285715,0.23809523809523808,0.11904761904761907
niah_mv_v2,18,ae80343343265f8054ccca2370052a2bad42151c7b568b31ed7e45ec3efee413,0.06696428571428571,0.08045685279187817,-0.013492567077592457,0.09230419209382319,0.1670160966947099,-0.07471190460088671,0.5263157894736842,0.2631578947368421,0.2631578947368421
niah_mv_v2,19,714c3242df759a2390e829545672ebc39429c38f6e7e4b3f79fe6a1f9d5552dd,0.03292540792540792,0.04366977829638273,-0.01074437037097481,0.047485986482186236,0.1301235882138527,-0.08263760173166645,1.0,0.8157894736842105,0.1842105263157895
niah_mv_v2,20,89f8c545dad0983d9306ab1c1f9b91178322c1a686b5332c1db5b6bf008d59cb,0.06697860962566846,0.10187500000000001,-0.03489639037433155,0.11911430569009888,0.18940392381998486,-0.07028961812988598,0.38636363636363635,0.20454545454545456,0.1818181818181818
niah_mv_v2,21,3fc67d2e8d6a817c2ed5807cb0c1dad2af9268938ff1c4c5ef7785fb85d1be14,0.03564120054570259,0.03756830601092896,-0.0019271054652263697,0.05976617818469108,0.13241675641751255,-0.07265057823282148,1.0,0.8611111111111112,0.13888888888888884
niah_mv_v2,22,4ff5d0c7bb22e1c3bf1c0be2ea326b8925bb8cf0c343b2226eb5be996c0f6e7b,0.09545454545454546,0.11020518358531317,-0.014750638130767713,0.13635828700166444,0.1929367142575081,-0.056578427255843666,0.4523809523809524,0.2857142857142857,0.16666666666666669
niah_mv_v2,23,4702ed4191c8fb9f072d45b086039bfacec5420db47142c1718da6d3d0a2faf4,0.14749163879598665,0.1253350083752094,0.022156630420777257,0.19519109705708595,0.18906121187405214,0.006129885183033812,0.5,0.30952380952380953,0.19047619047619047
niah_mv_v2,24,5d784468d6f21d7cd464cb4e9cbe894991e2fdec7e5e7a6d661bde0c85d98f30,0.06672185430463576,0.07156992084432719,-0.0048480665396914285,0.09173636006057387,0.1748558963395796,-0.08311953627900573,0.525,0.25,0.275
niah_mv_v2,25,ae21fd60c334cbeca4e4f9155e6d096b811f6ae697ee2217300a3c70686bf236,0.048295454545454544,0.10635593220338983,-0.05806047765793529,0.09409712762221445,0.1962565863450588,-0.10215945872284435,0.5789473684210527,0.2631578947368421,0.31578947368421056
niah_mv_v2,26,8633daf9345739e7f3ba1ee7b6e9ddacfbdac52dc3509e235d66b7630e9c6e01,0.03237577639751552,0.12678571428571425,-0.09440993788819874,0.06041273866845277,0.1637390013399012,-0.10332626267144844,0.868421052631579,0.8421052631578947,0.026315789473684292
niah_mv_v2,27,3bcdf54f2b8abccc101cf501d2d6fb51ff106fd6be64eb1c1da1f8f70f196e2f,0.04322784810126583,0.07840909090909091,-0.035181242807825086,0.08709733868243516,0.16923677401619341,-0.08213943533375825,0.5263157894736842,0.2894736842105263,0.23684210526315785
niah_mv_v2,28,7632edb0312151383338ed2f68a2b3573853632d7378ad6f1b4c60951bd8963f,0.08000459136822773,0.12678408051235132,-0.046779489144123595,0.1012505174211179,0.21990299510183867,-0.11865247768072076,0.45,0.175,0.275
niah_mv_v2,29,a2fbe825c2b955a961b9ef3de2fddf471c77b6df1f6a9fb1fe6a0102641807ae,0.06796375266524521,0.1525531914893617,-0.08458943882411649,0.12547520242590554,0.22758901643803847,-0.10211381401213293,0.5789473684210527,0.23684210526315788,0.3421052631578948
niah_mv_v2,30,688257034a310cf0ae5ec9f509d3bce38974983bfa78a7ba382841b6e16e1ed8,0.039224751066856335,0.026136363636363635,0.0130883874304927,0.053105119801298895,0.13156666397193706,-0.07846154417063816,0.9736842105263158,0.7894736842105263,0.1842105263157895
niah_mv_v2,31,a2be2892d780477adfdaf28a809e42bd6a9bea8a4a9825c3f90688423b812558,0.07495004995004995,0.1179,-0.04294995004995006,0.09518312495317494,0.18778666124589546,-0.09260353629272053,0.425,0.25,0.175
niah_mv_v2,32,9548027e4187f21de25ff9590613f1d35a3aad4706ed0226f3dd67721b38de21,0.03735795454545454,0.08440594059405941,-0.04704798604860487,0.07458615334264972,0.17874396667157127,-0.10415781332892156,0.5526315789473685,0.21052631578947367,0.3421052631578948
niah_mv_v2,33,f8141a8c34be9f0549e4a5e7e1cb24e3a75969b0d7bb06f63cc9a9c879cade53,0.08170103092783505,0.100564681724846,-0.018863650797010953,0.11515027449840423,0.17854409075674446,-0.06339381625834023,0.45,0.25,0.2
niah_mv_v2,34,3259ddee9d73ba7353c8fb00720c2879c507f1fb986b206b195560382151316d,0.09644194756554306,0.10425233644859813,-0.007810388883055075,0.13138359854629553,0.19521051958448493,-0.0638269210381894,0.5277777777777778,0.3333333333333333,0.19444444444444448
niah_mv_v2,35,ca217c721fe2636894349c5c9690dfcbd32cfc51a4d32a57033557e0b6808ab7,0.038745704467353946,0.04894526795895097,-0.010199563491597022,0.050269787307842054,0.1310657706779572,-0.08079598337011513,0.9736842105263158,0.868421052631579,0.10526315789473684
niah_mv_v2,36,6d51653f2d713de71a7fa169ee24d1659c79e5bf3b1d043947ffc37458ecc9c5,0.07464973730297723,0.1577768014059754,-0.08312706410299815,0.1290815882831326,0.22415782446864024,-0.09507623618550765,0.5238095238095238,0.21428571428571427,0.30952380952380953
niah_mv_v2,37,0a6e631f9226c6dffed613b357da034e7188058efc446903ad27b0fbc33e3732,0.03796296296296296,0.041995073891625614,-0.004032110928662652,0.057875970511009865,0.12725691927799365,-0.06938094876698378,1.0,0.7894736842105263,0.21052631578947367
niah_mv_v2,38,0f1943946a06f0fb8684e384d1776ac6a8b06c5a01d39d6a83f17e44e5b6e16a,0.09312144212523718,0.08353889943074004,0.00958254269449714,0.12334150428669292,0.16994528926274663,-0.046603784976053705,0.45,0.275,0.175
niah_mv_v2,39,8bec4acb2b3ae042950b6ba365f9316904ff4642dc52e216f8a1201b2a1bae7b,0.04439328277356447,0.05100652883569097,-0.006613246062126502,0.06812044101667565,0.13618373740428552,-0.06806329638760987,0.9736842105263158,0.7631578947368421,0.21052631578947367
niah_mv_v2,40,2a837b988945fc4bdb8f99c9e6fdb90475b034ba7dcaa47351a9e2ccb7b56b3c,0.059250000000000004,0.10540201005025125,-0.04615201005025125,0.09292393934225145,0.1829513228848501,-0.09002738354259866,0.575,0.275,0.29999999999999993
niah_mv_v2,41,50388c58761cbb40b165d942ff71641c3bb57d28d816ce9dfdd80fd2f46248c3,0.07575431034482757,0.07413606911447085,0.0016182412303567262,0.09310899319355619,0.17324888795078947,-0.08013989475723328,0.5,0.2631578947368421,0.2368421052631579
niah_mv_v2,42,7d338728ee3ccafb56af7ef10f45e759072efad16a80f85ed39b2eabc6c1530b,0.050222551928783374,0.038946587537091994,0.01127596439169138,0.07183705466001099,0.12500248444785547,-0.053165429787844484,0.9736842105263158,0.8157894736842105,0.1578947368421053
niah_mv_v2,43,9bd23f62f976b26feae2694166dbfa7f368f4905cd7752df74356344c4fc7745,0.04317269076305221,0.0840543259557344,-0.04088163519268218,0.10179003857350966,0.17589249854290498,-0.07410245996939532,0.475,0.225,0.24999999999999997
niah_mv_v2,44,361a7367bdc5aa96ea87e4566c6467f49d0a6e7549a6289329d64b4e408888b5,0.06889204545454546,0.07769121813031162,-0.00879917267576616,0.0964271065652069,0.18108523297392085,-0.08465812640871395,0.5789473684210527,0.18421052631578946,0.39473684210526316
niah_mv_v2,45,ceda288f3a0380b2bf6b2cf288d07d87ba73b8d739cf75595f6f95e4e77c87d7,0.04112200435729847,0.027069716775599127,0.014052287581699345,0.05855391755948601,0.13024668658191862,-0.07169276902243261,1.0,0.8421052631578947,0.1578947368421053
niah_mv_v2,46,59ab0c91b81845ba11b1bcfe73b5e31a1fbb40a0f59343ad514cb918e19e3d52,0.04013994910941476,0.06451406649616367,-0.02437411738674891,0.07739306436953483,0.17251490611713835,-0.09512184174760352,0.525,0.3,0.22500000000000003
niah_mv_v2,47,ba0140c462cb4b727f3fa5382e1742fe54bdf211d3d19d7f48cb88b7f67ac12d,0.053990228013029315,0.048127035830618906,0.005863192182410409,0.08374549969342349,0.1717580658643958,-0.0880125661709723,0.5,0.225,0.275
niah_mv_v2,48,4afc327ad65ceb60c49e00384dec585f08e66419c3b7015396af81be80747f2b,0.027249999999999996,0.027875000000000004,-0.0006250000000000075,0.05099893399509583,0.12265616952437033,-0.0716572355292745,0.9722222222222222,0.8888888888888888,0.08333333333333337
niah_mv_v2,49,22356abae3c3e9add1eef37ee190100f1a74d79500e2cc47df83f257874a0642,0.0679372197309417,0.1209776536312849,-0.0530404339003432,0.09392416101590062,0.2169152159929518,-0.12299105497705118,0.5,0.21052631578947367,0.2894736842105263
niah_mv_v2,50,7ccb4aa15b7c89d215b4345607adadd821bc2c325ff0a557a0754696e9c12b22,0.05635593220338984,0.06956706281833616,-0.013211130614946325,0.08285764376053235,0.13958250136935596,-0.056724857608823606,0.975,0.75,0.22499999999999998
niah_mv_v2,51,9e81795be081f00f8868bc43bb961e7590d06664f56b57ccde92770933ef7743,0.029647160068846812,0.06152849740932642,-0.03188133734047961,0.0675732011342261,0.14529656508302488,-0.07772336394879878,0.9210526315789473,0.8421052631578947,0.07894736842105265
niah_mv_v2,52,00aad55418692bb6f263e9f95725c4dc5cdc1661773639d50b0247c2b194e1d7,0.041579634464751956,0.040223097112860894,0.0013565373518910628,0.059671040557268594,0.13524700095440143,-0.07557596039713282,0.9473684210526315,0.8157894736842105,0.13157894736842102
niah_mv_v2,53,aacfa80287374ed99debcb8692cd290c5fffabd6f0a0db8cfc84048634cd8fc1,0.07008840864440077,0.06102362204724408,0.00906478659715669,0.09831522438804982,0.17573204239387516,-0.07741681800582534,0.5,0.275,0.22499999999999998
niah_mv_v2,54,233efa3ce2f563874ca5325184b861637d55b8afe5f7d4cec253f10e6672b08f,0.025,0.026320132013201325,-0.0013201320132013236,0.03846817112587514,0.1270969517346978,-0.08862878060882265,1.0,0.8333333333333334,0.16666666666666663
niah_mv_v2,55,b1d21da74892d4a9e2c7b5d6eabe5e564d8700789ad82a123993ab961c15625f,0.025,0.03382352941176471,-0.00882352941176471,0.04687524284520851,0.13789277743702247,-0.09101753459181396,1.0,0.8157894736842105,0.1842105263157895
niah_mv_v2,56,fbfdb20bba4e34384b96a75ebc73899bf2f229c7dd29bcab1eaa0f9a994301c8,0.06578624078624078,0.07352579852579852,-0.0077395577395577425,0.09365072528287392,0.1742700018847957,-0.08061927660192177,0.5,0.3,0.2
niah_mv_v2,57,18a7f3687979f6e3a4b21a803bcd16784d922aae6eeb7915b58365f54b6f9843,0.025,0.038109048723897906,-0.013109048723897905,0.04886506193935991,0.13539923604764836,-0.08653417410828845,0.9736842105263158,0.7894736842105263,0.1842105263157895
niah_mv_v2,58,7cad7c4742367ef616917ef1f161d69db39ce6787adb2413df1765715e4f847d,0.04489528795811518,0.03653342070773263,0.00836186725038255,0.06305306857124049,0.125075618051875,-0.062022549480634515,0.9736842105263158,0.868421052631579,0.10526315789473684
niah_mv_v2,59,28ceb952aeb60e926f9f44b99d82e6e2db263dcf7c30755ccea9fd04638e9e3a,0.05798429319371727,0.13527874564459927,-0.077294452450882,0.09170233236777703,0.15094961263207143,-0.059247280264294405,0.9473684210526315,0.7368421052631579,0.21052631578947367
niah_mv_v2,60,5ec2a0f70e031d0858af73455d66293307b458b17b076dd0f3110a19f5966a2a,0.05588235294117647,0.09970588235294117,-0.0438235294117647,0.07945845495891331,0.1818852043038623,-0.10242674934494898,0.5789473684210527,0.2894736842105263,0.2894736842105263
niah_mv_v2,61,da3241b316ac890aabd693aaefca4cb09e4fd0f4aeaf32cb66be50d4174f925c,0.025,0.025,0.0,0.043843434311171804,0.12786392859986168,-0.08402049428868988,1.0,0.8157894736842105,0.1842105263157895
niah_mv_v2,62,0be839ed1f4f2ca3f9fac4618a70d194af47989b35ae0b9517abe3d24ced0430,0.04485871271585558,0.04972440944881891,-0.004865696732963332,0.06526469239732789,0.12970733012040908,-0.06444263772308119,0.9736842105263158,0.8157894736842105,0.1578947368421053
niah_mv_v2,63,6c22337a11d0fa78e25173460dfc9ca9eaf4b2c97aa5f2507d62b0ecebe64a99,0.027423469387755105,0.0339171974522293,-0.006493728064474194,0.05364976963351982,0.12706475078499124,-0.07341498115147142,0.9722222222222222,0.8611111111111112,0.11111111111111105
niah_mv_v2,64,ca4f7e7be5026a9a9d65681ff3496cd9ba82533d7a9529af84280aa718a90dcd,0.025,0.036087866108786615,-0.011087866108786613,0.046109675198780786,0.1320508316488263,-0.08594115645004552,1.0,0.8157894736842105,0.1842105263157895
niah_mv_v2,65,8173c46df27e89647918eec740c0f619cd8a84a3a0d0ea11ebf180920f1c3952,0.03927184466019418,0.025,0.014271844660194176,0.05399296020698383,0.12763384269475775,-0.07364088248777392,1.0,0.8157894736842105,0.1842105263157895
niah_mv_v2,66,0bbff250efa1e56a1a68c8af52a1c3b5043708d79d3dcd7b5ed109316cbd531a,0.025,0.032736720554272514,-0.007736720554272512,0.05259861226714566,0.13012300318559983,-0.07752439091845417,0.9210526315789473,0.8157894736842105,0.10526315789473684
niah_mv_v2,67,945d10e83e34443cf5026f8705925e3387bf1f7a7e9fc34e37ba0c190a776a22,0.03292580101180438,0.037699747687132044,-0.004773946675327663,0.045207334235346675,0.12924416397295838,-0.0840368297376117,0.9722222222222222,0.8611111111111112,0.11111111111111105
niah_mv_v2,68,e7ec9ba881735b2558308f854205df993c4db6cf0792b4d5e899ea416c95889a,0.03905508072174738,0.030603038936372274,0.008452041785375109,0.06695813003086244,0.12395118592298826,-0.05699305589212582,0.9736842105263158,0.8157894736842105,0.1578947368421053
niah_mv_v2,69,0c6e9ae97fa76303f9419c5f17ed3f74ab59dc8f23f4c95510211736d2b1e45d,0.065894901144641,0.07010416666666668,-0.004209265522025676,0.10975810815158975,0.17886333381181924,-0.06910522566022949,0.5238095238095238,0.2619047619047619,0.2619047619047619
niah_mv_v2,70,6905b9984daf64030df1402ca4b4dc8310356f3bfe7a899ca5e57892c749799c,0.04456087824351298,0.04665668662674651,-0.002095808383233533,0.0666355609996373,0.12817403242015618,-0.06153847142051888,0.9736842105263158,0.868421052631579,0.10526315789473684
niah_mv_v2,71,b228ea7d473f6c509ca86f6671685556755bad50b7961daaffc582120813d46d,0.04379815100154083,0.025618238021638328,0.018179912979902502,0.060206897896558406,0.12699787995742545,-0.06679098206086705,1.0,0.8157894736842105,0.1842105263157895
niah_mv_v2,72,b8976af7d6ab3731f072a0d1b28b5d003289465f2c24870dae856e2700f3e515,0.06691176470588237,0.12904411764705884,-0.06213235294117647,0.1303445856781164,0.18018879889776382,-0.04984421321964741,0.4523809523809524,0.2619047619047619,0.19047619047619047
niah_mv_v2,73,9a08c782ea2e0f005d06f700362a895108fa053096f2a6ec41d5b9f6855ddbd9,0.050401606425702815,0.0813380281690141,-0.030936421743311286,0.10694263151347165,0.18128146327489633,-0.07433883176142468,0.4772727272727273,0.2727272727272727,0.20454545454545459
niah_mv_v2,74,559318ec795897c1ec07e5175f79b35338e70a0495f9479c9cc55ba857caca71,0.05659235668789808,0.07461928934010151,-0.018026932652203426,0.08740872559988869,0.1624003072015458,-0.07499158160165711,0.631578947368421,0.3157894736842105,0.3157894736842105
niah_mv_v2,75,e0379b39f5e55cbc3fee9338b1d1aa79e9372950b9150daaf9556923de001711,0.08917582417582418,0.10416666666666666,-0.014990842490842482,0.1035436712276659,0.18098900599576256,-0.07744533476809666,0.5,0.3055555555555556,0.19444444444444442
niah_mv_v2,76,36ab8db263151b6220a3bbbf8179f70d413be78a89cbfd91e5fe721048525edd,0.04318181818181819,0.07047738693467337,-0.02729556875285518,0.08079289444636983,0.17111998401164988,-0.09032708956528004,0.5789473684210527,0.23684210526315788,0.3421052631578948
niah_mv_v2,77,164c11357b4da14116ba7bdaeca565126e28d309dfb6f0977b908789eb3f8835,0.03991803278688525,0.04427809680065627,-0.004360064013771023,0.06282645129352396,0.1304698021453565,-0.06764335085183254,0.975,0.75,0.22499999999999998
niah_mv_v2,78,8cf3d611a6db1350d3df10c7b1123dfab366dda735e636eb8f12a52c4f286c08,0.09112339930151339,0.07552143684820393,0.015601962453309456,0.11375678177383138,0.1749901514890967,-0.061233369715265315,0.5263157894736842,0.23684210526315788,0.2894736842105263
niah_mv_v2,79,5987719a5f027941b929e22791c3dfaa9a89f3b49f966c3e3b0d5e1729e0983b,0.06916342412451362,0.10482456140350878,-0.035661137278995156,0.11281450263049994,0.19599311648533072,-0.08317861385483077,0.4523809523809524,0.2619047619047619,0.19047619047619047
niah_mv_v2,80,32f711d485971c447b98c1776be145fef27e12e589dc8d548fdc0b1ad187bf78,0.02725653206650831,0.025,0.002256532066508308,0.058690365129087006,0.12739385674920722,-0.06870349162012021,1.0,0.7894736842105263,0.21052631578947367
niah_mv_v2,81,0f165314b200f2f8af7a5fa6a0edd5ec56e87e04e5b73f532722f6cacc82e555,0.0365929203539823,0.10000000000000002,-0.06340707964601772,0.08589806810901168,0.14241264020529093,-0.05651457209627925,0.9736842105263158,0.8421052631578947,0.13157894736842113
niah_mv_v2,82,f41b6995bcdab4dd8df73f7c462ba327933e8e44ab5d3e286b71dca73d85b931,0.048809523809523817,0.04486940298507462,0.003940120824449195,0.07276840057601215,0.1347254069322576,-0.061957006356245445,1.0,0.7894736842105263,0.21052631578947367
niah_mv_v2,83,76201fc7ad8926467d3bfecbb74d1c98360820c9938ad8003ec8e0e132f1d666,0.02530674846625767,0.03271604938271605,-0.007409300916458382,0.03941701472519007,0.13107030974032213,-0.09165329501513206,1.0,0.7894736842105263,0.21052631578947367
niah_mv_v2,84,f6aae916fef3bed78db4047e19a3a3a487acbd775d9f712a065e73cc29d772ed,0.07563131313131315,0.1398171500630517,-0.06418583693173856,0.1309203052418857,0.19577456796267084,-0.06485426272078515,0.34,0.14,0.2
niah_mv_v2,85,95e0f61fb6f67e90aa183e624c66feca35d7d0fe0303a729e2e678c433863465,0.03906685236768802,0.07097222222222221,-0.031905369854534196,0.08381439151228787,0.17605768784369621,-0.09224329633140835,0.525,0.275,0.25
niah_mv_v2,86,b87c5473d8a3a84536b6513721ed87cd9e88c7629e5ce43bbc2745ef7be25b54,0.025,0.028240740740740743,-0.003240740740740742,0.04052681350631576,0.13346844958690568,-0.09294163608058992,0.9736842105263158,0.8421052631578947,0.13157894736842113
niah_mv_v2,87,da3c9538c0832d2a98a8abe0e3a3b47e409b37b02e126af96511345d3bbfe6a2,0.075,0.11015325670498086,-0.03515325670498086,0.10557078744059825,0.17857896116102584,-0.07300817372042759,0.4523809523809524,0.23809523809523808,0.2142857142857143
niah_mv_v2,88,002e90689174f70e8497bfb8683589a337f939a2873550acfcdefac4f9dfc301,0.09513986013986013,0.13255244755244755,-0.03741258741258742,0.14372895995181614,0.18550985057665742,-0.04178089062484128,0.34210526315789475,0.2631578947368421,0.07894736842105265
niah_mv_v2,89,f21cbd6deb1818ee8edd78ef807f93b7b66c1ac39725b94bc8b77aefad3229c8,0.03295454545454546,0.05010373443983403,-0.01714918898528857,0.05768739786382012,0.13639550796179012,-0.07870811009796999,0.9736842105263158,0.7631578947368421,0.21052631578947367
niah_mv_v2,90,0decc329abe5c499f5d5b058083051d265a3a98c21c717eedde6adb995e09d71,0.052160493827160495,0.058771929824561406,-0.006611435997400911,0.08133096836726714,0.1580747338675182,-0.07674376550025105,0.9473684210526315,0.8421052631578947,0.10526315789473684
niah_mv_v2,91,1e6faf9f4e34cc45240c98ca83c557b2cdb7a82cce36f517d439e3f10237bd60,0.09691011235955056,0.0952247191011236,0.0016853932584269676,0.12501618329216405,0.17758448766821583,-0.05256830437605178,0.4523809523809524,0.30952380952380953,0.14285714285714285
niah_mv_v2,92,2e52b5d898a3d45315cbd4f44d450cd7dcb537f307daee03e701e8173a6889a9,0.03988888888888888,0.08988888888888888,-0.049999999999999996,0.08526207251108076,0.1921966410243181,-0.10693456851323735,0.525,0.2,0.325
niah_mv_v2,93,20e36ece51481732979af0a05c54002a70d031c776e2037277975f18bc67f24a,0.06368360277136258,0.049302325581395356,0.01438127718996722,0.08973489394035694,0.17219915890671472,-0.08246426496635778,0.5526315789473685,0.34210526315789475,0.21052631578947373
niah_mv_v2,94,e2844d7c845b6c4b2134896cc2f1a6ec6574623c6d2c87cf66570b4a525a65c0,0.07685512367491168,0.14356127886323267,-0.06670615518832099,0.09831352497370882,0.18548123880128892,-0.0871677138275801,0.9473684210526315,0.7631578947368421,0.18421052631578938
niah_mv_v2,95,e1907950792665b5efbdf3be78d968143950b565c9b5ac2c666a7e9feae45829,0.03190140845070423,0.03469101123595506,-0.0027896027852508318,0.05868930040557826,0.12352548496707098,-0.06483618456149273,1.0,0.8333333333333334,0.16666666666666663
niah_mv_v2,96,57dbfd1d7d808b1c72ea861d9b0f0967ed40151e27f159d384b3ac0676c4d1d5,0.0329476861167002,0.04465725806451613,-0.011709571947815925,0.056846962381608614,0.13149811112667414,-0.07465114874506554,1.0,0.7894736842105263,0.21052631578947367
niah_mv_v2,97,af3f16ea8977c530791ed05251fb96c304cbd5dca23b6b7c0def6f0753acd6e6,0.12620593692022264,0.10935185185185185,0.016854085068370786,0.16401526422201468,0.1804832511082163,-0.01646798688620163,0.47619047619047616,0.30952380952380953,0.16666666666666663
niah_mv_v2,98,9bb10df49bdf4de6040b1e5d06e1cf91dd41f4448f83192bc513c7a58253edda,0.04009216589861751,0.04178240740740741,-0.0016902415087898942,0.05181286895118621,0.1336080672503373,-0.08179519829915109,0.9736842105263158,0.8157894736842105,0.1578947368421053
niah_mv_v2,99,71ec3d5c6531e46b3134354387d8577f4926c68e83e2772dacc1b87b3ec7e974,0.04468658178256611,0.046917808219178084,-0.0022312264366119716,0.07265207399329125,0.13197840874572517,-0.059326334752433915,0.9473684210526315,0.8157894736842105,0.13157894736842102
niah_mv_v4,0,df42d1f5ba1e31a032630f7dd062a754f2cab4a9699c61120788afc67a1a8e27,0.09628378378378377,0.15985617597292726,-0.06357239218914348,0.12337969822061975,0.2142679677187373,-0.09088826949811754,0.2625,0.1625,0.1
niah_mv_v4,1,2495a361fc2a89eb96782f3163c359d670df3969e2b09535a73e47653e649069,0.025,0.04395482728077945,-0.01895482728077945,0.06581349845516642,0.13622105081074068,-0.07040755235557426,0.6973684210526315,0.6973684210526315,0.0
niah_mv_v4,2,9c25c90c09b9f5e27c3fd74412c8682ac94b67969404827ee2a9c28d993bd532,0.050797101449275364,0.056502890173410404,-0.00570578872413504,0.06750015076407553,0.14788097567081349,-0.08038082490673795,0.7,0.6125,0.08749999999999991
niah_mv_v4,3,ecad99197670ed4f3929786b4c1b77f6b707c1c7af0f6648feefa65c1625b79d,0.04210144927536232,0.05336398838334947,-0.011262539107987149,0.06295525122184789,0.14072105298251647,-0.07776580176066858,0.7361111111111112,0.7222222222222222,0.01388888888888895
niah_mv_v4,4,c3772841dcf362d6ae8169b45d39374931132c68eb6c20d2687e0d1e42586c3e,0.029461279461279466,0.0430976430976431,-0.013636363636363634,0.06438430012620913,0.13196584630281455,-0.06758154617660542,0.675,0.6375,0.03750000000000009
niah_mv_v4,5,b488463a6614eee47799725adc7c72380ecc8d51657494c7b6bab04e04d01044,0.03289473684210527,0.043490566037735844,-0.010595829195630575,0.047983730568436175,0.13806793808434148,-0.0900842075159053,0.7236842105263158,0.6710526315789473,0.052631578947368474
niah_mv_v4,6,3f65a464b7a0b2ff94704c4092fe22a4e99e5fe28939914e5afc43187b2458a0,0.03771534044298606,0.0597506132461161,-0.022035272803130043,0.07734549586668849,0.14441358152992884,-0.06706808566324035,0.7105263157894737,0.6578947368421053,0.05263157894736836
niah_mv_v4,7,f2d105fd14ff0612ebf294f0cc59fae6b0117b1dc41dd1fccf4d446e983c4663,0.041469594594594594,0.05560016906170752,-0.014130574467112925,0.06860820175649214,0.1399032707824471,-0.07129506902595496,0.7105263157894737,0.6842105263157895,0.02631578947368418
niah_mv_v4,8,70eb869299b18ab5982553f59cdac28838ef68f413f048a02a73c983b2d3f350,0.05511647254575708,0.050749999999999997,0.004366472545757082,0.07088949418065642,0.14313764995140188,-0.07224815577074546,0.7,0.6,0.09999999999999998
niah_mv_v4,9,a6be0e5f392400c70769b5fecefd0539a0c3d81c3a677e481471a207d95c6dc0,0.03690706679574056,0.04666344294003869,-0.009756376144298133,0.05507699080273629,0.13891124551797193,-0.08383425471523565,0.725,0.6125,0.11249999999999993
niah_mv_v4,10,eae3dc03a6c87fccd957c1505ebb29ea141446c43cd49b0c96cfa233300acf50,0.06263796909492272,0.10160044150110374,-0.03896247240618102,0.09893528194448856,0.20002544666895616,-0.10109016472446761,0.2638888888888889,0.1527777777777778,0.1111111111111111
niah_mv_v4,11,fd873428ef35e911034929bd6034ce227fbcbabcd583421683ef5d7b25db20ef,0.04312961443806398,0.05432022932022932,-0.011190614882165342,0.0643888015063214,0.13405329533728363,-0.06966449383096224,0.7236842105263158,0.6710526315789473,0.052631578947368474
niah_mv_v4,12,993b1491e3776da28f6224d31fe46ec45d6fa4440337e0aca005cd96f62d9dc2,0.05204590818363273,0.08924302788844622,-0.03719711970481349,0.09896801566630724,0.20661618918474614,-0.1076481735184389,0.25,0.17105263157894737,0.07894736842105263
niah_mv_v4,13,b428571ac35c2f4249beabf09a5da963a69717e1b9a4719bcc7e08ab81739991,0.055755711775043945,0.05471781305114638,0.0010378987238975623,0.0700991642701084,0.1370168199180135,-0.06691765564790511,0.7125,0.6,0.11250000000000004
niah_mv_v4,14,dc713379ac0e832bae7102beef92f2d73f9c7ae18ac09ed49642678f8ef1a606,0.04058441558441559,0.037475049900199606,0.0031093656842159853,0.05559188306438122,0.13881979113510884,-0.08322790807072762,0.725,0.6625,0.0625
niah_mv_v4,15,b7dc0c00a9cb3447bb34ed7942e3324ed080a62b055293aad416991006440fbe,0.040887850467289724,0.047789115646258505,-0.006901265178968781,0.06493653829948702,0.1383235356968853,-0.07338699739739828,0.7894736842105263,0.6710526315789473,0.11842105263157898
niah_mv_v4,16,75fab34d6446ffa4ed16df9857b9f835f6bd9ef9af9b1e01ff0512844e7355ee,0.10740072202166065,0.13698198198198197,-0.02958125996032132,0.1306112436764873,0.223363636175382,-0.09275239249889469,0.275,0.1375,0.1375
niah_mv_v4,17,ca8d6ffa75a011db175d6403944d37ca9c53ca124d65b7b5320e3fe08ed915dc,0.04802788844621514,0.05451471758154336,-0.00648682913532822,0.06491640779235858,0.14166259555581312,-0.07674618776345454,0.6625,0.625,0.03749999999999998
niah_mv_v4,18,f9a6387e445118b347f0ec8289abef18979928dfa83bde45ef9e8d10b5459f52,0.03425490196078431,0.045298977183320224,-0.011044075222535914,0.07313167744349197,0.1314524291246753,-0.058320751681183336,0.7631578947368421,0.6973684210526315,0.06578947368421062
niah_mv_v4,19,d1f1ab66abdef0e56b17632febcc9039a2cff32920a445cc54a11036dba3ca65,0.04416524701873935,0.04450596252129472,-0.0003407155025553707,0.061505819239913315,0.13759272958329832,-0.07608691034338501,0.7236842105263158,0.6578947368421053,0.06578947368421051
niah_mv_v4,20,7be59dec06b9e4dd8d91aa1e83590ced4299e711a16c1a3853f75ec3d619a80d,0.06040268456375838,0.057608695652173914,0.002793988911584465,0.07916743099309247,0.13698343014796285,-0.05781599915487039,0.7,0.6875,0.012499999999999956
niah_mv_v4,21,eebae499108af498085a3f582c962ecb21f5b4b2bafc01ace666654f36817074,0.053426791277258565,0.042757009345794385,0.01066978193146418,0.08132390216477463,0.13536089798060777,-0.05403699581583314,0.6578947368421053,0.6710526315789473,-0.013157894736842035
niah_mv_v4,22,d4bfb8457ef934e53ca077b1f21419096c0638e6304ce174bdab81253d02c5ba,0.03780487804878049,0.04237804878048781,-0.004573170731707321,0.05149385157526287,0.1348134876391846,-0.08331963606392173,0.7361111111111112,0.7777777777777778,-0.04166666666666663
niah_mv_v4,23,73fefd23e94365a408604913a3c92bb3a6ab4806e931a9e14faec81650396026,0.07220630372492838,0.05666189111747851,0.015544412607449869,0.09353193648011582,0.14192261882642143,-0.048390682346305613,0.6547619047619048,0.6190476190476191,0.0357142857142857
niah_mv_v4,24,b89b08c6dee5cbd006e8a4c36a8dfe2a50f6763f40ed2bf148e12bb4389a4fef,0.058985507246376814,0.09181159420289853,-0.03282608695652171,0.07574460964641672,0.16265384713692582,-0.0869092374905091,0.6375,0.6,0.03749999999999998
niah_mv_v4,25,b32bc544a8160bacce9b378b845c859c2ce67c43581a3034b044ac06d4e936be,0.025,0.05532629558541267,-0.030326295585412666,0.07639071866628162,0.1374923468267602,-0.06110162816047858,0.675,0.6125,0.0625
niah_mv_v4,26,c339e8241c3764e80b45bd82be19e666b9ac246e5b2c004ace949df52d6d43ab,0.03905109489051094,0.05269652650822669,-0.013645431617715753,0.056261582297401955,0.13818331816601037,-0.08192173586860842,0.7105263157894737,0.7105263157894737,0.0
niah_mv_v4,27,eb4f245253e0ee6b1429bf8ddfc4f4cf02d7a1c9a686a412d9481ada482fd40e,0.05310344827586207,0.05778546712802769,-0.004682018852165626,0.07514774771083481,0.14677647097197277,-0.07162872326113796,0.675,0.6125,0.0625
niah_mv_v4,28,10add7667cb5042574aae20626bb4d90d4660a721a546f2abbb6167bbbfbc122,0.04676165803108808,0.041839378238341975,0.0049222797927461065,0.06289930967254015,0.14031204583810672,-0.07741273616556657,0.7105263157894737,0.631578947368421,0.07894736842105265
niah_mv_v4,29,ed63c1dd17ac0f27a26b87b1469eeba6aa5263f8820af06c6e89a2ba90c7aa0f,0.057489451476793255,0.11023206751054851,-0.052742616033755255,0.09815040514920244,0.20423473210496862,-0.10608432695576618,0.2777777777777778,0.1388888888888889,0.1388888888888889
niah_mv_v4,30,3e03120c5f48a98a291024f76464f2907b80209acc6bc21ab970cbe273b42e62,0.03604651162790697,0.04089327146171694,-0.004846759833809965,0.057864905497003294,0.13618809948943547,-0.07832319399243218,0.7631578947368421,0.6842105263157895,0.07894736842105265
niah_mv_v4,31,922a14875495f9508084e501c38610fa4365df53ebbc960f8c77a4edb8e52d1a,0.12024221453287198,0.11842560553633219,0.0018166089965397925,0.1612392159189137,0.21238030422137272,-0.05114108830245903,0.2631578947368421,0.15789473684210525,0.10526315789473684
niah_mv_v4,32,f4160a6d7363873851bb93cb5aa043628d45a626520df386c206e233a992df04,0.041117850953206234,0.056049436253252385,-0.014931585300046152,0.061133095971737696,0.14057542512834095,-0.07944232915660326,0.75,0.6842105263157895,0.06578947368421051
niah_mv_v4,33,cdfb7beebfea49d6d73653622748609b83afc88bf52e5f1f0a1d703c74632d82,0.04738398544131028,0.05752957233848954,-0.01014558689717926,0.07333907903727185,0.1511381755721872,-0.07779909653491535,0.7125,0.6375,0.07500000000000007
niah_mv_v4,34,69594c6bf956aea659daea4ffe7db238ff585b01c5f9016c90b7e734b3450975,0.05663017031630171,0.05408204711616571,0.0025481232001359974,0.09316270990516642,0.1374371008003929,-0.04427439089522647,0.65,0.625,0.025000000000000022
niah_mv_v4,35,849cca6330c2d6c12886bfb7124777568fe5bba82b7e7d5e591f89e3a83e6a72,0.054506802721088446,0.05076271186440677,0.0037440908566816755,0.07127407497325214,0.14250080570420304,-0.0712267307309509,0.675,0.625,0.050000000000000044
niah_mv_v4,36,c842599fe66b84b4a045e22ca91a56b5071e445d5414f935f70cd9dd9bd20c6e,0.025,0.03978102189781022,-0.01478102189781022,0.05702705098500584,0.1366366462309622,-0.07960959524595636,0.7125,0.6625,0.050000000000000044
niah_mv_v4,37,4e9f5aa98e54e2e5654c266bed9dc922cdacb320976678a91d0790d8cde45934,0.05591068301225919,0.059588441330998256,-0.003677758318739066,0.09318223964868581,0.1619384347125332,-0.06875619506384738,0.675,0.6375,0.03750000000000009
niah_mv_v4,38,54b74ea4fbc8e9556cf92da7781ec48f63c194300631af7b53ae1b8d3d6cc685,0.0441743119266055,0.03889396709323582,0.005280344833369678,0.05974943213301017,0.14032408057441786,-0.08057464844140769,0.6973684210526315,0.6578947368421053,0.039473684210526216
niah_mv_v4,39,757d697e018775f265cc87abb9889140d27099cfff0a6094fd3d33122be08f9d,0.06695402298850575,0.10773026315789473,-0.04077624016938898,0.12056105523383576,0.20850284359212803,-0.08794178835829228,0.23809523809523808,0.13095238095238096,0.10714285714285712
niah_mv_v4,40,f14f8a456d7f700dfb9262e393284a3d00968486f85dac0d993916c18d8cb3c2,0.06056338028169013,0.1432616330114135,-0.08269825272972338,0.11582796197214558,0.20917093247589785,-0.09334297050375227,0.25,0.1625,0.0875
niah_mv_v4,41,69e06b90640ab96dc9b38553d011c5940c718fcde4a3d799a5b82329c062968f,0.10922664624808576,0.1521472392638037,-0.042920593015717934,0.16485689422477856,0.20788269118165367,-0.04302579695687511,0.2236842105263158,0.21052631578947367,0.013157894736842118
niah_mv_v4,42,a9e5314acdb21912bcc14f0de066bbe2e384bd5bea1840731cd0259349a39a70,0.043561643835616434,0.0526027397260274,-0.009041095890410966,0.08842465020652095,0.14328006447498765,-0.0548554142684667,0.625,0.6375,-0.012499999999999956
niah_mv_v4,43,1e4d275a99f38bd1575f267c0033d6047400531d22fc763cb8302e5911dd9771,0.04187500000000001,0.05694988253719655,-0.015074882537196542,0.07080152857859019,0.14067832584847736,-0.06987679726988717,0.725,0.5875,0.13749999999999996
niah_mv_v4,44,25e5aa34d1512791d75bc7782270dd5c69bd250907ad103565a8cd2ed4838b9f,0.050987841945288756,0.05881458966565349,-0.007826747720364735,0.0642921250038518,0.14457440426304102,-0.08028227925918922,0.6785714285714286,0.6071428571428571,0.07142857142857151
niah_mv_v4,45,d7d0e139b68acee4318dc1c4b5b0db48d756900fedefb5583570102bc649a904,0.05770485859318346,0.06482621288921071,-0.007121354296027255,0.07095601497482595,0.14275376314104168,-0.07179774816621573,0.6447368421052632,0.6447368421052632,0.0
niah_mv_v4,46,237802e7576ef11d314a0f4a426de7a989c9c785f6d09055c3045ef38f7535b2,0.1239430894308943,0.1508957654723127,-0.026952676041418405,0.1518605390039885,0.223178607319141,-0.0713180683151525,0.25,0.1375,0.11249999999999999
niah_mv_v4,47,7a4cbe9723781b580b49ba22bd6bae622debcbc367f5b14386439fb311c3bea2,0.05877609108159393,0.1388783269961977,-0.08010223591460378,0.10643569569684971,0.2106621618955476,-0.10422646619869788,0.2857142857142857,0.14285714285714285,0.14285714285714285
niah_mv_v4,48,8842cdde26921ece34d81f94d2f6a59df369e9a3e1d898e0fb63cecbbf2a0a3a,0.056616481774960384,0.05677496038034865,-0.00015847860538826392,0.08379136116065464,0.14000501812519334,-0.0562136569645387,0.7125,0.625,0.08750000000000002
niah_mv_v4,49,0df1ebdbf38c6b06c9c74cc7ab0e0aa8c497870b97bd18ddcd5a4ba2f6952858,0.05213235294117648,0.05152910832719233,0.0006032446139841441,0.06699954850817133,0.1355926903962864,-0.06859314188811508,0.6710526315789473,0.7105263157894737,-0.03947368421052633
niah_mv_v4,50,6d3ccb892d004a2004228bec6d55edb88696d2291c64397ef371cf9c70885052,0.025,0.035498220640569386,-0.010498220640569385,0.05369892844569838,0.13948237717414233,-0.08578344872844396,0.7105263157894737,0.6973684210526315,0.013157894736842146
niah_mv_v4,51,3d15b2cbbfcb19133c54d70dafcfa98d046868201ecb3e578d52ec05514434a2,0.03878640776699029,0.04519417475728155,-0.006407766990291254,0.06276967417141144,0.13942753456786933,-0.07665786039645789,0.675,0.6375,0.03750000000000009
niah_mv_v4,52,8d978789254c2ce9ce2932ce3d3445e42ca93f8753fd44cdcf5afeb10725791d,0.07418533604887984,0.11797352342158858,-0.043788187372708745,0.11786770583195472,0.20093147412958223,-0.08306376829762752,0.2916666666666667,0.18055555555555555,0.11111111111111113
niah_mv_v4,53,eb8d7083c04fba80fe135d6d8b3f18693f7855f78fc2cdf0fde56b1d070caedf,0.04108497723823976,0.052286585365853656,-0.011201608127613893,0.060267231156633926,0.1390402082393693,-0.07877297708273537,0.7,0.6375,0.0625
niah_mv_v4,54,11f3bdc99b8f2142b55bde834dc0d05800eee2214da31c8247879d3e4498357a,0.07564935064935066,0.09934944237918215,-0.023700091729831493,0.12279382307200863,0.2174995779703118,-0.09470575489830317,0.2375,0.1375,0.09999999999999998
niah_mv_v4,55,06a71631d7b5df8f3b913fba51f332a11c61ec2237f62f7e0b16bfdcf8299468,0.058274956217162874,0.09938596491228072,-0.04111100869511784,0.1237182214182055,0.2136208670287517,-0.08990264561054619,0.25,0.1625,0.0875
niah_mv_v4,56,16c89c21f2bb148287391bd05d10abdafd6c7530b28768b0eaee909c42b26c83,0.025,0.035044150110375274,-0.010044150110375273,0.047244535498824416,0.13932274630244904,-0.09207821080362462,0.7361111111111112,0.7222222222222222,0.01388888888888895
niah_mv_v4,57,06cdab9782276f8828380cf50da666a1985c7058b75ff1fe5e3ef0b799d5da36,0.042557251908396945,0.03683206106870229,0.005725190839694652,0.05275362248281042,0.13695004690692586,-0.08419642442411544,0.65,0.6375,0.012500000000000067
niah_mv_v4,58,2890c9c0359ab49bf5c0731b7f02052ba34985ca59ebecbe2ee9f5424fe1bdcb,0.032685185185185185,0.04828385899814471,-0.015598673812959526,0.06731379889753161,0.13792005885793918,-0.07060625996040756,0.7368421052631579,0.7105263157894737,0.02631578947368418
niah_mv_v4,59,acb2f27ba6a5bfea80f2c41f025ce7a3c2a7599c80c9c948559cd72f88e81704,0.025,0.03567708333333334,-0.010677083333333337,0.06266081392533765,0.14027508937190847,-0.07761427544657082,0.6973684210526315,0.6710526315789473,0.02631578947368418
niah_mv_v4,60,09b083362254682e47c05ea863bfc4ce8016cf9cc7d0a782bd8228303615a95a,0.059318181818181825,0.09170454545454546,-0.03238636363636363,0.11203409576924772,0.21253018994468081,-0.10049609417543309,0.25,0.1375,0.11249999999999999
niah_mv_v4,61,62247c76ca1d08ed73ae7dfc6739a30704c7a87b4e123e62719673301ef50c6c,0.052099841521394616,0.054206349206349216,-0.0021065076849546005,0.09018083673182983,0.137575141940997,-0.047394305209167154,0.6710526315789473,0.6973684210526315,-0.02631578947368418
niah_mv_v4,62,ce3337b9f8536b216212ecd1d24d5ce1dec24994627e55931da6f839e8919287,0.047338709677419356,0.0527331189710611,-0.005394409293641746,0.08103188640798038,0.1467978476991024,-0.06576596129112201,0.625,0.75,-0.125
niah_mv_v4,63,f2acb2c164916a41910d855b0927afafb19e9d6cdd4cafa86110bbc6f4978d9f,0.06817757009345796,0.13087686567164178,-0.06269929557818382,0.1079189482527165,0.20537743386638105,-0.09745848561366455,0.27631578947368424,0.13157894736842105,0.1447368421052632
niah_mv_v4,64,130160854722713e8cde1e61546398f123e42789bcc9c18478422d36f1c1608c,0.057222222222222216,0.10515521064301551,-0.0479329884207933,0.1186744302389073,0.2035221375377286,-0.08484770729882131,0.2777777777777778,0.18055555555555555,0.09722222222222224
niah_mv_v4,65,4dc0be073af8ae7bedfe3414f4727f7aadc61a9e3020c6bd120e26d0982c2cbb,0.056490384615384616,0.0678,-0.011309615384615383,0.078295913170879,0.15628478221276013,-0.07798886904188113,0.6875,0.6125,0.07499999999999996
niah_mv_v4,66,12f209fcc93538fa958a0db96f85122264e423231e453b12f86f286551956379,0.038120567375886524,0.0431095406360424,-0.004988973260155877,0.056176693190781134,0.14327981585608246,-0.08710312266530132,0.7361111111111112,0.6944444444444444,0.04166666666666674
niah_mv_v4,67,b83be7becf1439f32a31842eca133753ef48f7309f05fc46214cff6d2a0e05b0,0.041942148760330575,0.07778925619834712,-0.03584710743801654,0.1021180481502256,0.20896292557615492,-0.10684487742592932,0.25,0.14473684210526316,0.10526315789473684
niah_mv_v4,68,653fd398f5acb539b8669950ce7d82ef2e2a7c80e26a97be4ceb702705f20e1f,0.050274725274725277,0.09441391941391944,-0.04413919413919416,0.11604086903621187,0.20637238147190126,-0.09033151243568939,0.25,0.14473684210526316,0.10526315789473684
niah_mv_v4,69,c73755e69dc436f5b2b67730ef97ac7ef1b45e9facf792c474e942ca19eb29df,0.040723793677204655,0.057119205298013245,-0.01639541162080859,0.05814407659386219,0.14676996030417805,-0.08862588371031585,0.75,0.6842105263157895,0.06578947368421051
niah_mv_v4,70,db1ecc802c1f649e57610f5bc8cf2778ab74b8ea1d56786e40ffcfa12082940d,0.04237918215613383,0.044981412639405194,-0.0026022304832713644,0.055873766783098945,0.13855293892507245,-0.08267917214197351,0.6625,0.6625,0.0
niah_mv_v4,71,c4bc6c55c642ce173f31a2c5e3601019297c0319270a7adc93d52ec8d9f2710b,0.06427514792899408,0.052991137370753325,0.011284010558240756,0.08212254438605555,0.13517153633537898,-0.05304899194932343,0.675,0.6625,0.012500000000000067
niah_mv_v4,72,f5fe31edf5c20bc64bd6aea3ceeba2510dbda854e1a746c6c979af111303255e,0.05579710144927537,0.1018535262206148,-0.046056424771339435,0.11589083169497391,0.2144648512940329,-0.09857401959905898,0.2625,0.125,0.1375
niah_mv_v4,73,860ff39ff0f54b1cbfd57f2d10645ef4873f3a05273600ea19092a4995a984f8,0.05064575645756457,0.11824074074074073,-0.06759498428317616,0.10789052774484156,0.2126771279379814,-0.10478660019313984,0.25,0.13157894736842105,0.11842105263157895
niah_mv_v4,74,631ba1c79e6148217edd35a0aa51c1eaab49e64f1b135f5fab0d4b5b16405976,0.0369750283768445,0.11310872027180066,-0.07613369189495617,0.07957959204963169,0.1658567150501545,-0.08627712300052282,0.5921052631578947,0.618421052631579,-0.026315789473684292
niah_mv_v4,75,7e114be23c5d27e95db136526a7fccf107b70ffa9672ebe21d472e961aa7807a,0.045394736842105265,0.04412972085385878,0.001265015988246486,0.06716273269136266,0.1395811122962635,-0.07241837960490083,0.7105263157894737,0.7105263157894737,0.0
niah_mv_v4,76,48891809671f8b05bf6ffaad327fb0a13cb2ad506617c8523888a9a72fa5663f,0.040081405312767784,0.04169535283993116,-0.001613947527163373,0.06061402732570785,0.13909866902046053,-0.07848464169475268,0.7,0.6375,0.0625
niah_mv_v4,77,1c1bcb78d77fbf6189190f4c1da1808fda911e21eee3ebf6a65976fa656608a5,0.1396252285191956,0.1270985401459854,0.012526688373210193,0.1962785307165079,0.20106621111289344,-0.004787680396385552,0.25,0.19444444444444445,0.05555555555555555
niah_mv_v4,78,3afddf9b7ee53f01252a9d033150e6cdaad83a1f5858ac21a560c8cacaeb863a,0.05415309446254072,0.051465798045602605,0.0026872964169381147,0.06815612839387615,0.1375821462078039,-0.06942601781392775,0.6973684210526315,0.6973684210526315,0.0
niah_mv_v4,79,8de3ccb1541bff8751693f4649bfafc85dfe023420fad07c9cea9cd558b1c82a,0.04108084358523726,0.04960456942003515,-0.008523725834797886,0.06087541096795458,0.14281673638172346,-0.08194132541376888,0.725,0.625,0.09999999999999998
niah_mv_v4,80,2ffcf09adc6a3495edc15c29823846543548838c27e2e47070184cadfeb70101,0.07625,0.11169642857142859,-0.03544642857142859,0.1343207383154943,0.2094449955406641,-0.0751242572251698,0.2894736842105263,0.17105263157894737,0.11842105263157895
niah_mv_v4,81,6648c6642cf86ea2fa2f5e8569a0c9c1a3dcafb435c082ed5796551d3a4c9595,0.08065693430656933,0.11559360730593608,-0.03493667299936676,0.12412049363579784,0.20339639313488952,-0.07927589949909168,0.2777777777777778,0.1527777777777778,0.125
niah_mv_v4,82,61bef7601580da376b5dad61b1343ca5fdf9490edeb8d7b05359f58dcd3e62c5,0.031262833675564684,0.04432515337423313,-0.013062319698668445,0.060654452877389096,0.13933953293901075,-0.07868508006162164,0.6973684210526315,0.6710526315789473,0.02631578947368418
niah_mv_v4,83,796b68a5dbb7ea8ad3e0222c7cdffc878e377994665093072de865b4507c5936,0.043849840255591056,0.04940191387559809,-0.005552073620007036,0.05748171405667327,0.14165373788246016,-0.0841720238257869,0.7125,0.5875,0.125
niah_mv_v4,84,19828135cf7b539ed7613c0aa90f17e5ead4827a03944b53335e3d19c23d6a3c,0.07075070821529746,0.08765912305516266,-0.016908414839865202,0.09017726685307173,0.14663886493561834,-0.05646159808254661,0.6578947368421053,0.6578947368421053,0.0
niah_mv_v4,85,015cca9ccfc8f09e2666492b02c26071a89e3f9adf147357dd30a05575d8e2a0,0.07300613496932515,0.12882848392036755,-0.055822348951042405,0.11822029431234966,0.20959101234069308,-0.09137071802834341,0.23863636363636365,0.13636363636363635,0.10227272727272729
niah_mv_v4,86,f658111d13f75bd7808bd42efabaedb6112b0e46185d3f04c2b73527bdd4ea8b,0.038977485928705445,0.05337078651685393,-0.014393300588148486,0.05334224850430256,0.13621546481083918,-0.08287321630653663,0.7638888888888888,0.7361111111111112,0.02777777777777768
niah_mv_v4,87,e4b6d9378f8eb7f92f7937b1d3c6646f0ad61edb95437cac825d984167d3355d,0.04926597582037996,0.05118432385874246,-0.001918348038362501,0.06906763438858089,0.13944236674382568,-0.07037473235524479,0.7,0.6,0.09999999999999998
niah_mv_v4,88,1c8e48390cccfae3a7b3ad45cbdb9cf9283dfe845bfec2cdd512de2addc8afe6,0.07392334194659775,0.1349309153713299,-0.06100757342473215,0.13980407391891952,0.21306187232029045,-0.07325779840137092,0.25,0.15476190476190477,0.09523809523809523
niah_mv_v4,89,c3b1c453bd0d871c0c16cec9334fb88feed09af4dedcd37a476576767fd2adca,0.07238292011019284,0.10241046831955922,-0.030027548209366373,0.12173654555286914,0.20569631835012175,-0.08395977279725261,0.25,0.1527777777777778,0.09722222222222221
niah_mv_v4,90,db799a516e041213043af74ce46d3cc2421ebda5f1c3d1f2213d82b0ac43efde,0.0339732528041415,0.0438955996548749,-0.009922346850733399,0.06478862065493206,0.1415828266725478,-0.07679420601761573,0.6973684210526315,0.618421052631579,0.07894736842105254
niah_mv_v4,91,59373c83fad860fc41ac4368d171e77e392584a204d0add1d81c9c9d515fe051,0.039590163934426235,0.07156862745098039,-0.03197846351655415,0.05877820918490848,0.15660551354332514,-0.09782730435841666,0.6904761904761905,0.5833333333333334,0.1071428571428571
niah_mv_v4,92,ca0a8656da8bfebd9538ff475e4e41580d612a28313650ef02c31701b2eccfd0,0.039952531645569625,0.044047619047619044,-0.004095087402049419,0.06266114361857497,0.13995496937127544,-0.07729382575270047,0.6710526315789473,0.6710526315789473,0.0
niah_mv_v4,93,c4671282aa2996408d3a413e2b4a8599164a2df410610fd0ca917f944e1b18a9,0.03517241379310345,0.04677280550774528,-0.011600391714641826,0.06654505695994296,0.13954269263420518,-0.07299763567426222,0.7,0.625,0.07499999999999996
niah_mv_v4,94,bbfd38587e2715a8357f7e11763da70cd3879af2b5ea96498754f857a7f50305,0.0425249169435216,0.05091362126245848,-0.00838870431893688,0.06799534676648185,0.13939480360705858,-0.07139945684057673,0.7105263157894737,0.6578947368421053,0.05263157894736836
niah_mv_v4,95,140a0e2a6a8bdcba4f729da808827dd0f83966a722e1ffccfd01f0f1805b1c7b,0.040527488855869244,0.04780178837555886,-0.007274299519689616,0.062311851743953574,0.14148344898902496,-0.07917159724507139,0.6973684210526315,0.6842105263157895,0.013157894736842035
niah_mv_v4,96,75a77c5d7c281810a3591967ca847eb9713561089572d7f33017546932a7e035,0.03647902869757175,0.04332229580573952,-0.0068432671081677734,0.062339026414176865,0.1400417256965922,-0.07770269928241534,0.75,0.6710526315789473,0.07894736842105265
niah_mv_v4,97,615efbfae9594231fb2756989247afb1455fc004ba5f9a6f66aca1e5c9976181,0.027197802197802202,0.053523206751054854,-0.026325404553252652,0.07139104892705844,0.14112617707403186,-0.06973512814697341,0.6578947368421053,0.6710526315789473,-0.013157894736842035
niah_mv_v4,98,5defbd706183e43435897d670ad1cd6ae5f59ff741aa85356210445ac8f2e524,0.04326241134751774,0.052640845070422534,-0.009378433722904797,0.05894482505049094,0.14273338807832409,-0.08378856302783315,0.7105263157894737,0.6578947368421053,0.05263157894736836
niah_mv_v4,99,06d153feb78be8080b06c82d10d2440dba2960f6e99ac1e3d18135e3abaec193,0.09899328859060404,0.14169449081803004,-0.042701202227426,0.15310568013168283,0.21052421455671744,-0.05741853442503461,0.25,0.15789473684210525,0.09210526315789475
niah_mv_v8,0,c80fc621d981fadc277ec61760bbd10df27fc3eeb9c1f01e52d9a32bb5b7d211,0.15429061784897027,0.24122857142857143,-0.08693795357960116,0.19139160324368482,0.2772851898901921,-0.08589358664650726,0.15476190476190477,0.10714285714285714,0.04761904761904763
niah_mv_v8,1,bfd444487aefbd34a086bbe6dd0f1700e0a778a2468ab5e995b2eb2edf08c04e,0.1273285899094437,0.2244818652849741,-0.0971532753755304,0.1572490393568342,0.3073311942739962,-0.15008215491716198,0.15476190476190477,0.09523809523809523,0.059523809523809534
niah_mv_v8,2,918beb6abe7c22b6fff428f6c0593f67eb31232d85671f4d43de680ca3c00e4f,0.0380281690140845,0.06711267605633804,-0.029084507042253543,0.059556813036399446,0.1598797238660198,-0.10032291082962036,0.4652777777777778,0.3888888888888889,0.0763888888888889
niah_mv_v8,3,634d37f18e5a29731b65995b381cfdeef502790e7a5edb454adb7434605ef776,0.04614285714285714,0.06698167239404354,-0.0208388152511864,0.08997084046775627,0.15593847757508827,-0.065967637107332,0.4276315789473684,0.39473684210526316,0.032894736842105254
niah_mv_v8,4,9437803ad83976ea5c6340f04e850558edce3c479d458e3bb6e9bf9607f91277,0.06255952380952381,0.07047619047619048,-0.007916666666666669,0.07132857020968228,0.15731604760095477,-0.0859874773912725,0.4276315789473684,0.3881578947368421,0.03947368421052633
niah_mv_v8,5,d6ec6e768a0954a901c68439f7a8daf244861e13e18c3882b25079244977bf62,0.10532886723507917,0.21239342265529843,-0.10706455542021925,0.15592750298236174,0.262405362428898,-0.10647785944653626,0.15476190476190477,0.08928571428571429,0.06547619047619048
niah_mv_v8,6,9beba3744935999b6e17ec967fd48ed9de7e7065433a9ea8400cc90c81cbcbc3,0.08492812219227312,0.2415768194070081,-0.15664869721473496,0.15427895494489888,0.2729546376981222,-0.11867568275322335,0.11363636363636363,0.09090909090909091,0.02272727272727272
niah_mv_v8,7,859f731d592aebea500c2547d33c522594d6d0fc0eacf20d373f0d4e0281c5c9,0.05779631760644419,0.05664556962025317,0.0011507479861910253,0.09668103263094374,0.15411574586446955,-0.05743471323352581,0.4144736842105263,0.3815789473684211,0.032894736842105254
niah_mv_v8,8,bc81cdf6028840b68fbe0adfb5f4fde2b8eda385fbb26b0e445e29856481055f,0.08775327771156138,0.15277777777777776,-0.06502450006621638,0.14853743870462313,0.258126429241598,-0.10958899053697488,0.1488095238095238,0.08928571428571429,0.05952380952380952
niah_mv_v8,9,2a1efd9e9f9948c64c07ef8def722fcf276dc965418eb5915e71884561733d1c,0.10294117647058823,0.23209956709956708,-0.12915839062897885,0.1747067857967781,0.2744530403748344,-0.09974625457805633,0.09868421052631579,0.10526315789473684,-0.006578947368421045
niah_mv_v8,10,53008646007cfad0c9bc05ae12820cc62964a52338852a2f78680ddaf83ce6ff,0.08712121212121213,0.2554162724692526,-0.16829506034804045,0.1594315656040721,0.29325497857646987,-0.13382341297239778,0.1118421052631579,0.09210526315789473,0.019736842105263164
niah_mv_v8,11,06cb93b89fbebc01233024d630d74e3f338f321dc6b32798d5fe3497c188826f,0.10324497257769653,0.2501371115173675,-0.14689213893967096,0.17091529397645716,0.2906408835894697,-0.11972558961301255,0.10526315789473684,0.09210526315789473,0.013157894736842105
niah_mv_v8,12,218892c97c2aa09c90c57b3b8614abd9d055e1ee39f00d8962f39c51721c40d0,0.04785886610373944,0.06200120918984281,-0.01414234308610337,0.08361604820714814,0.1598819297135655,-0.07626588150641735,0.42105263157894735,0.375,0.046052631578947345
niah_mv_v8,13,fad2672ddc0888f6ad6ee106d169959fddc3fdb878ce26fdbb45a4aa897b33e9,0.0930620884289746,0.2668233082706767,-0.1737612198417021,0.1482984524579,0.30771453892469136,-0.15941608646679137,0.10526315789473684,0.10526315789473684,0.0
niah_mv_v8,14,bf1db1cc22fa0b5c258cb57225692f6b41a4849225f40cc83b520ab7ff1954e9,0.09114583333333334,0.1181214421252372,-0.02697560879190386,0.10450512287897781,0.19148781220666627,-0.08698268932768846,0.4027777777777778,0.3958333333333333,0.006944444444444475
niah_mv_v8,15,7229b5348c8bbfcc27889bd30788d98084f83c2c263837a892a40d1bccce0b6d,0.12170418006430869,0.2782154340836013,-0.15651125401929258,0.1818418639495664,0.31693420783226456,-0.13509234388269817,0.1125,0.1,0.012499999999999997
niah_mv_v8,16,8936f1c4802d9c803f785e55c079f8e5b560af8aa8530f0c3edd317fb0334056,0.08788061865635574,0.27098257502420137,-0.18310195636784563,0.1496903984528804,0.31109537522782005,-0.16140497677493965,0.11805555555555555,0.09722222222222222,0.02083333333333333
niah_mv_v8,17,cb0b41b68765cfee3b88115fb95a1cb9b8ca94722c013c7e8790055be0ba16eb,0.0813157894736842,0.15660315374507228,-0.07528736427138807,0.14173368906638137,0.2651241165415987,-0.1233904274752173,0.14473684210526316,0.09210526315789473,0.05263157894736843
niah_mv_v8,18,e214be793b6f4be94311856d87b57b98bf67a07234a3fb04561773d9805bc9ff,0.14451447245564894,0.3119626168224299,-0.16744814436678093,0.17760308682619425,0.3843641469792714,-0.20676106015307716,0.11842105263157894,0.09210526315789473,0.02631578947368421
niah_mv_v8,19,ef150d10487ab75c1178a82b62e94ce6451eb2f2feedc0f4a555dbc5b34ee31e,0.15401234567901234,0.2227118119975263,-0.06869946631851395,0.1899281042421034,0.27800906357258576,-0.08808095933048235,0.1513157894736842,0.09210526315789473,0.05921052631578948
niah_mv_v8,20,3e5d42ee94f3d5414d5f94f12e52f19c89e4e8e764b12c9f867fd87c1e4355f7,0.08697975253093364,0.2064398200224972,-0.11946006749156356,0.14468475124034177,0.2791771145643407,-0.13449236332399891,0.1375,0.0875,0.05000000000000002
niah_mv_v8,21,030c8b2a7454a0c38d717820173ab25183de73f7c404cb98345a5afe79c40c53,0.20039349422875125,0.26099160545645333,-0.06059811122770209,0.2496261417392441,0.3041350457797085,-0.054508904040464407,0.13157894736842105,0.09210526315789473,0.039473684210526314
niah_mv_v8,22,772b3a2d07715b0b94d30d911f6f667d30afd9fee69bde0361e2a94d225eacbb,0.1586106489184692,0.28119800332778705,-0.12258735440931784,0.19107772470357703,0.322853011470329,-0.131775286766752,0.10526315789473684,0.09210526315789473,0.013157894736842105
niah_mv_v8,23,5de4e7440a688075142732907130a6408281b55c6a4fff360e02581607717805,0.07733751425313569,0.06980593607305936,0.007531578180076326,0.09903309197402776,0.1566260744786472,-0.057592982504619444,0.4407894736842105,0.3684210526315789,0.07236842105263158
niah_mv_v8,24,69c47e40587083332df184ab4116978742974d512bae1c4d516bef65961754ca,0.12432844932844933,0.22622100122100122,-0.10189255189255189,0.1530753956154086,0.2766636516588351,-0.12358825604342652,0.13095238095238096,0.10119047619047619,0.029761904761904767
niah_mv_v8,25,5c3d9b82c8b573fd85d3a9ff015f63c13b8d1ae27bf1dc95d772607a6e931658,0.16368581375108787,0.2961304347826087,-0.13244462103152083,0.20368770889435517,0.3479686869182398,-0.14428097802388462,0.10526315789473684,0.09210526315789473,0.013157894736842105
niah_mv_v8,26,a91ec311306f65939262625cabe8427e2900253aa76362b2b3cfc9d52e42f100,0.10079062159214831,0.07712882096069869,0.023661800631449625,0.1310660155828028,0.15821628374511781,-0.027150268162315028,0.4144736842105263,0.375,0.03947368421052633
niah_mv_v8,27,6a58d573f6a62ef9b6008b3b451097f86ed7092554e8435f8e091f7dfb39cfcb,0.08232009925558312,0.14634900990099012,-0.064028910645407,0.15505928646040196,0.25993699312117335,-0.1048777066607714,0.1513157894736842,0.09868421052631579,0.05263157894736842
niah_mv_v8,28,cb66abd40c4a7e7596cb5c191261f3564a4e7ded6db14576d85a2e8a492cbdfd,0.0721830985915493,0.0825117370892019,-0.0103286384976526,0.09785243224897974,0.1605666638805272,-0.06271423163154746,0.42105263157894735,0.375,0.046052631578947345
niah_mv_v8,29,57041c10341775e4a8631fd481b0edb507efb15cff1fff356cc04b7997e01c30,0.07359075535512966,0.08678128523111613,-0.01319052987598647,0.08720694077246456,0.16333636039669497,-0.07612941962423041,0.4407894736842105,0.375,0.06578947368421051
niah_mv_v8,30,8c1ca613e42fafca45fac8a6278bbc70d010fbf015c22ae4369791cf93254208,0.15537037037037038,0.1864164904862579,-0.031046120115887532,0.19210828326375512,0.2630169825308633,-0.07090869926710819,0.1375,0.09375,0.04375000000000001
niah_mv_v8,31,72738c73fddcbbe30c108d2e23f9e9e45d4876d860532dfefeafae0746cf12fb,0.12087682672233821,0.2220250521920668,-0.1011482254697286,0.1750192397497627,0.269911399730848,-0.0948921599810853,0.125,0.09868421052631579,0.02631578947368421
niah_mv_v8,32,5bf157a718919809a6b903633cad8c7263f56d04bc689771ca173fcb7910655f,0.06491060025542783,0.08975095785440612,-0.02484035759897829,0.08276646182252005,0.17171279009645682,-0.08894632827393677,0.42105263157894735,0.35526315789473684,0.06578947368421051
niah_mv_v8,33,cb89ebd5fb848036bbb7d336e73ce21dc4ddf88622a127803816a48f25f2dbb7,0.08052952202436739,0.2595829428303655,-0.1790534208059981,0.16034388157550022,0.2909756595288849,-0.13063177795338465,0.10526315789473684,0.09210526315789473,0.013157894736842105
niah_mv_v8,34,b7a853986cf9f7d68f7c955e1d9292c462f112f3df2f64f84ba812a2238266bd,0.21344419391206312,0.23052423900789173,-0.01708004509582861,0.29821101415920304,0.2672123400758606,0.030998674083342448,0.14473684210526316,0.09868421052631579,0.04605263157894737
niah_mv_v8,35,5507ad8839687a7a198811c9f01f635f0a301e5e451748e1fb0f9d4dd49cca1e,0.08689127972819932,0.08706115515288788,-0.00016987542468856198,0.11191156035424836,0.16200250343211967,-0.050090943077871306,0.4144736842105263,0.3618421052631579,0.05263157894736842
niah_mv_v8,36,484817b0737051a4d412b47c6192b1023f9b034d296da9fa60ee70e889819a0d,0.0866774193548387,0.10229624838292366,-0.015618829028084952,0.10826236591356653,0.18428396231749664,-0.07602159640393011,0.4473684210526316,0.35526315789473684,0.09210526315789475
niah_mv_v8,37,5fa70d7723485179a22d512b6c975458856899eeed984bb3c50a62c6f2446517,0.07757032007759457,0.2695198836081475,-0.19194956353055292,0.15266946266976641,0.30852456515447807,-0.15585510248471166,0.11842105263157894,0.09210526315789473,0.02631578947368421
niah_mv_v8,38,012c4e5029bc4131aab16b9e6249b2940f79a252a0eb03b9ce81d5706dcd2592,0.0903478260869565,0.24895652173913044,-0.15860869565217395,0.14682142527531403,0.29496756599004437,-0.14814614071473034,0.10625,0.09375,0.012499999999999997
niah_mv_v8,39,ae36df40fc02df9fc493f7fd1167fc92c7d659390d0e4b668eecc23f8acc3592,0.08953488372093024,0.09740977881257276,-0.00787489509164252,0.11043862862118958,0.17865413908872146,-0.06821551046753188,0.4342105263157895,0.375,0.05921052631578949
niah_mv_v8,40,e7a127b6b45ad45aa560e23b3d44a99f9970f6a8f0dea2ebfe8fd24a486e7ff0,0.05962549277266753,0.07007227332457293,-0.010446780551905399,0.08453213391785823,0.16465069022134704,-0.08011855630348881,0.4407894736842105,0.3684210526315789,0.07236842105263158
niah_mv_v8,41,3ea6e25c14764f8a0fa2a1680e7e2b69446dfb250191f211d567365ab37683aa,0.06797108673978067,0.20468127490039842,-0.13671018816061775,0.15183295521550602,0.2624389673022116,-0.11060601208670559,0.11875,0.0875,0.03125
niah_mv_v8,42,1d202c97e33a1e682ec03da5d9b9cfa89d49ae413c42657e8d467553eddaf7f1,0.1819942196531792,0.21813725490196081,-0.036143035248781624,0.21804022227178152,0.2672234241690282,-0.0491832018972467,0.13690476190476192,0.08333333333333333,0.05357142857142859
niah_mv_v8,43,bbe4ac6d59a15c430bc6b55edc6aec91e478d0a5b4f34905f38a3b10cbad0cfb,0.1369301648884578,0.26033980582524274,-0.12340964093678494,0.17259559088903,0.2953040623664293,-0.1227084714773993,0.10526315789473684,0.08552631578947369,0.01973684210526315
niah_mv_v8,44,fc417385ada3a168a8c0e3f0f54b869af3d9c76943c854883b5bb2df36d4fd4a,0.11066666666666666,0.15550734312416553,-0.04484067645749887,0.14450760630074208,0.25576034356011046,-0.11125273725936838,0.125,0.08928571428571429,0.03571428571428571
niah_mv_v8,45,65e2e41f3d9169a415d21d6f5acd2f4fd5055b32d092440e8c8cff8b889ae8c9,0.15684438040345822,0.2544230769230769,-0.0975786965196187,0.21353635094269982,0.28466335438389634,-0.07112700344119652,0.125,0.1118421052631579,0.013157894736842105
niah_mv_v8,46,647a97c6ceef2e0af1b9ee56518e63e2bbcea3033640fbefdc9398e4109a98eb,0.06660156249999999,0.07245430809399477,-0.0058527455939947765,0.08202181829542113,0.15818167519821907,-0.07615985690279795,0.4407894736842105,0.39473684210526316,0.046052631578947345
niah_mv_v8,47,bfe0da626b377b97a264311e703c2971c4e27a1799e8cf53d1bf0a77b1d5e522,0.11704347826086954,0.24502606429192006,-0.1279825860310505,0.1707422036593065,0.27893243053590155,-0.10819022687659505,0.1125,0.0875,0.02500000000000001
niah_mv_v8,48,5cf25a39fb78eb64d296aab606b048a3a2473422a981aa706bdfd8ae9c69290f,0.12045454545454545,0.2396092865232163,-0.11915474106867086,0.156950612765835,0.26520129195482,-0.10825067918898501,0.14375,0.09375,0.04999999999999999
niah_mv_v8,49,c795cb2239c1b442b6cad0d6093268b4f4a8eca7f32fe870ed2a40dcfcf181f9,0.17856887937187724,0.3623751783166904,-0.18380629894481318,0.22311443436584139,0.45816567206126163,-0.23505123769542025,0.08125,0.0875,-0.006249999999999992
niah_mv_v8,50,1150cf690e86a10087be524ccf06231bc36116d49ce8e638425f1f27df942332,0.11899277326106594,0.12881125226860252,-0.009818479007536574,0.14390650965392912,0.17033071029530328,-0.026424200641374157,0.3881578947368421,0.3618421052631579,0.02631578947368418
niah_mv_v8,51,6c9be6d197a11a6aa5b501032af2b7eb42dc75adb8aa759b6b40a28c8b238438,0.08971553610503283,0.08706331877729259,0.002652217327740236,0.1141176229566957,0.16034696008248384,-0.04622933712578814,0.3881578947368421,0.39473684210526316,-0.006578947368421073
niah_mv_v8,52,2731f743254f188ae8a45948f48906fcd832dcf053c92265c25f9166ac128791,0.08167562724014336,0.23200179533213644,-0.15032616809199306,0.15225884400840073,0.2731507077104745,-0.12089186370207378,0.10625,0.0875,0.018750000000000003
niah_mv_v8,53,243d60e77e31eda075e6b145aeae5a29e0fbae797840ff2e3ceef569b2831de2,0.15147217720151268,0.17627095727420228,-0.024798780072689597,0.19741450093722662,0.25703172202501545,-0.05961722108778883,0.1375,0.1,0.037500000000000006
niah_mv_v8,54,c1d817fe70f5ab7e7eec424801b039d08395ff222888ed6feb41afcaf781329b,0.10387700534759359,0.2782947462154942,-0.17441774086790063,0.15844732111315343,0.30915817940266926,-0.15071085828951583,0.11842105263157894,0.09210526315789473,0.02631578947368421
niah_mv_v8,55,09e41b75b3e95613ecc6140bdf665924342c0a826fb4a46b5fda06cff47b4e63,0.04189291101055807,0.08385885885885887,-0.041965947848300794,0.07021543805257788,0.17346515310363828,-0.1032497150510604,0.46710526315789475,0.34210526315789475,0.125
niah_mv_v8,56,e2bfdf006d61443adecf2a791b284c303fe9636c0a0753fb598b02e3bc7a8fb5,0.053761651131824226,0.06694407456724369,-0.013182423435419463,0.08373827729741927,0.1560392875585757,-0.07230101026115644,0.4276315789473684,0.39473684210526316,0.032894736842105254
niah_mv_v8,57,40528d9375fecd1d3a6c398b7f98b2b1bd7a1cb36a00b88d12e7ae7bfa78aa0a,0.09586148648648649,0.29265202702702703,-0.19679054054054054,0.16911891445478855,0.3357719310191978,-0.16665301656440923,0.09523809523809523,0.08333333333333333,0.011904761904761904
niah_mv_v8,58,2b6a234d0118883085af943aa9a213cf472f55886034783af2134b5258e2fdfe,0.11548723897911835,0.2051744186046512,-0.08968717962553284,0.1556684632676786,0.26387850266612706,-0.10821003939844845,0.1513157894736842,0.10526315789473684,0.04605263157894737
niah_mv_v8,59,681d23330279212aa7c1c5ea61f0e31915fc24dc018fd1c3e1b1c5687eb3099f,0.0874,0.09135638297872342,-0.003956382978723416,0.11057689711677765,0.1611188764812267,-0.05054197936444904,0.40789473684210525,0.35526315789473684,0.05263157894736842
niah_mv_v8,60,c0c957b151ebcab8d7dbc4182b6a2437eaacd6adca94a856cc135c17c786b706,0.08564935064935064,0.2204901960784314,-0.13484084542908076,0.14461026504057087,0.2687447114843375,-0.12413444644376662,0.1625,0.0875,0.07500000000000001
niah_mv_v8,61,e94c752e6eb92c332e3fcb405e482c6845146310065830a52f0f4677bd2af5c5,0.15881877022653723,0.316437802907916,-0.15761903268137878,0.21569923674060001,0.3822144305539689,-0.1665151938133689,0.10119047619047619,0.10119047619047619,0.0
niah_mv_v8,62,555bb7448005b8ec69f0dcdf1fdaafca5b1481cdbc12ca8a8baa4bc5f789ffe7,0.15789183222958056,0.2461283185840708,-0.08823648635449025,0.18368753402471244,0.2735630884447632,-0.08987555442005074,0.1625,0.09375,0.06875
niah_mv_v8,63,ff07e0e2e37799b052fdc9baf0793a8904710c8b29cdaa2f2936274674bd73ad,0.04725765306122448,0.07123724489795917,-0.02397959183673469,0.07626518262194767,0.1583579366003506,-0.08209275397840293,0.4407894736842105,0.3881578947368421,0.05263157894736842
niah_mv_v8,64,472333b99adfd53c9d185e2da806d2f2725c88df3ff3683ef5f8485e6d260088,0.1149650959860384,0.3244773519163763,-0.2095122559303379,0.18095460592251333,0.40285437078391845,-0.2218997648614051,0.10526315789473684,0.10526315789473684,0.0
niah_mv_v8,65,406f5cfb56c6ba735e707f03bcaefa5202d5aedc4233b8b447f579a78637a298,0.075,0.06721260815822003,0.00778739184177997,0.09160515966292096,0.16124298930460002,-0.06963782964167906,0.40131578947368424,0.3815789473684211,0.019736842105263164
niah_mv_v8,66,68c2d8b48f3a49e4dd41fa9ffbdcebd9071c8b8f3e04610e6da309e9f32fb47d,0.12082893347412882,0.20770042194092828,-0.08687148846679946,0.16239699130586888,0.26849787918501644,-0.10610088787914757,0.13068181818181818,0.10795454545454546,0.02272727272727272
niah_mv_v8,67,52c446b2bbb7899c8d2bbffe30c03680a9ea00d4d3c6ceab90ab697ff5c9d8ec,0.07737226277372262,0.09016717325227963,-0.012794910478557006,0.10733707139573215,0.16429500465803168,-0.05695793326229953,0.40131578947368424,0.35526315789473684,0.0460526315789474
niah_mv_v8,68,dd0230bad85aa3a6de380b5d3023329ebc24670c085afaae483bd0ff8309bfcf,0.0375,0.0816976127320955,-0.0441976127320955,0.06766669519515743,0.1725211399240981,-0.10485444472894066,0.4276315789473684,0.375,0.05263157894736842
niah_mv_v8,69,6419c6b7f28c0ff3fe55baa1b0f01044f548316b58e29e91851b75c033bcff72,0.07119437939110071,0.0812719812426729,-0.010077601851572193,0.08074603005849576,0.158304928000554,-0.07755889794205825,0.4125,0.3625,0.04999999999999999
niah_mv_v8,70,2ecd9a97dd878dac6378f7910c37b812a8e9a9a706426e174cad830b887685e9,0.151196032672112,0.22668997668997667,-0.07549394401786466,0.1702286057973105,0.2626080176438399,-0.0923794118465294,0.13068181818181818,0.09659090909090909,0.03409090909090909
niah_mv_v8,71,3025c93e9bd0f93c2c4dd4f2743237b725255ba1219139c70fe196e72f5d0f55,0.0812674094707521,0.2645736793327155,-0.18330626986196336,0.148293503222134,0.29909839219426165,-0.15080488897212765,0.1118421052631579,0.1118421052631579,0.0
niah_mv_v8,72,ef6d6a488faa30c4a858f1cdedc02429efde02f65b9e58ea3ff18f3dcd33c7f7,0.08731884057971015,0.24313616071428576,-0.1558173201345756,0.16269801276501963,0.2735480626089305,-0.11085004984391086,0.11805555555555555,0.08333333333333333,0.034722222222222224
niah_mv_v8,73,9692d5232cc3ab73dbe1e7885f7f4e9886976dac40d8d3fb8360794cd2163431,0.1500720461095101,0.2837896253602306,-0.1337175792507205,0.17203770452968561,0.33166365186325364,-0.15962594733356802,0.11875,0.1,0.01874999999999999
niah_mv_v8,74,d001d740937cdf60b6a28b9830f582924103614c7f407dc126d90cc24a6dd46b,0.10274463007159902,0.20211561382598334,-0.09937098375438431,0.15553592812212963,0.2520017561046426,-0.09646582798251296,0.15,0.1,0.04999999999999999
niah_mv_v8,75,7d5e11322ae122d44bb533a023f01649ddec2613515bec193f0e2586b26cf452,0.11626659856996935,0.3201893551688843,-0.20392275659891496,0.16531510311707237,0.3898957127769136,-0.22458060965984122,0.14583333333333334,0.09027777777777778,0.055555555555555566
niah_mv_v8,76,c48bf7704ac4db2bf51caf623753a8211840041a7efa286f5b4fefc6e0a3ed06,0.0781594784353059,0.27046827794561934,-0.19230879951031343,0.14030785149132496,0.30405190872000953,-0.16374405722868457,0.10526315789473684,0.09868421052631579,0.006578947368421045
niah_mv_v8,77,c42bd041e03b57d49fe18fd9f27bf4818f7683b5fb911d181fdcb84e0f07a627,0.08687943262411346,0.09466824644549762,-0.007788813821384161,0.10819116334314213,0.1669123344661796,-0.05872117112303746,0.4407894736842105,0.3684210526315789,0.07236842105263158
niah_mv_v8,78,958f872c60633a7a01fd91a8aff26cdeada8cfd053475ab794552b7abbc53024,0.06901496259351621,0.08712500000000001,-0.0181100374064838,0.08698778513474173,0.16398224764555142,-0.07699446251080969,0.4342105263157895,0.3618421052631579,0.07236842105263158
niah_mv_v8,79,988e598f35ceed9239feb101d405c1b128364e34aa48f6469c43e3504dca9591,0.20568475452196383,0.16918604651162789,0.036498708010335945,0.2833677468502233,0.261796614024389,0.021571132825834338,0.14375,0.1,0.04374999999999998
niah_mv_v8,80,0742b287e473a999278b137863fb3c6303a1d255d788a28cc8b794342e94a399,0.07282608695652174,0.08580917874396135,-0.012983091787439616,0.0985703376696071,0.16271929143371572,-0.06414895376410862,0.4605263157894737,0.3881578947368421,0.07236842105263158
niah_mv_v8,81,92af38dfd301a8c4e4e9a4e73e899b584e2cd1bd19e0541422dccfb7896bfa89,0.20505102040816325,0.2690245148110316,-0.06397349440286837,0.27429313374107717,0.30534854106972614,-0.031055407328648976,0.13157894736842105,0.09210526315789473,0.039473684210526314
niah_mv_v8,82,c0d85e86310923b2779113c6c93e1cf35621249432ea7759fe17765fb3f7ae8a,0.12399216125419932,0.2852132435465769,-0.16122108229237758,0.16657259982672695,0.3392920967785313,-0.17271949695180433,0.1625,0.09375,0.06875
niah_mv_v8,83,f75a921b182d467b4071114a9fac12640a1d354baf06ba50f0e429ff755f0399,0.07390046296296296,0.09595842956120093,-0.02205796659823797,0.0877354359498999,0.16482870977051906,-0.07709327382061916,0.4144736842105263,0.375,0.03947368421052633
niah_mv_v8,84,9261f23d9f57376e82e03b430b26d14af20cef52784fc5f860b4f257a4ea54d2,0.051131953428201815,0.08270725388601037,-0.031575300457808556,0.06350873844550162,0.16756502286269925,-0.10405628441719764,0.4276315789473684,0.35526315789473684,0.07236842105263158
niah_mv_v8,85,993203910f101f0a24fde8bb290beccefe06e10e8506317cc8141ebf516a4fd5,0.08306805708013172,0.10419868276619101,-0.021130625686059293,0.09558049371647678,0.17698507977667285,-0.08140458606019607,0.4,0.35,0.050000000000000044
niah_mv_v8,86,f3a89e9aefadde69b97f323fee8d01989eba0a92066e5088aeca560524a0ad5b,0.07087878787878787,0.07305589307411907,-0.0021771051953311943,0.09400207462365459,0.16353523595511923,-0.06953316133146464,0.4407894736842105,0.3684210526315789,0.07236842105263158
niah_mv_v8,87,42da2116de105c1a5d5380610bb17ec7249e314b3231a605325cb08517344849,0.07995049504950495,0.10043316831683169,-0.020482673267326737,0.09703069366151426,0.16570266204014208,-0.06867196837862782,0.4473684210526316,0.3815789473684211,0.06578947368421051
niah_mv_v8,88,de9c4b95e5f4b430463b8b3e0bce8ef76132a9e0fe894c8ebce790c19910220a,0.07993319630010279,0.2893954918032787,-0.20946229550317594,0.14974036398722046,0.33275743493714083,-0.18301707094992037,0.1125,0.0875,0.02500000000000001
niah_mv_v8,89,1ef41a43184dd8e18bec45ff4aaaddb1aa56753447cfb60b4362b8aa8754ddfb,0.07385572139303483,0.2530536246276068,-0.17919790323457196,0.14339643847256517,0.28769363175213325,-0.14429719327956808,0.10625,0.09375,0.012499999999999997
niah_mv_v8,90,9d78d6f701f3c659ace788f91a9c92ad6d413f60487837593b8d4e747a69fbfd,0.09624223602484472,0.15988805970149253,-0.06364582367664781,0.147167585333654,0.2637852596809983,-0.1166176743473443,0.14375,0.09375,0.04999999999999999
niah_mv_v8,91,333780da35351faef65b96667f14af859c1e058f1075189a5b0feea57dfe1505,0.10215674362089915,0.2004567600487211,-0.09830001642782195,0.16708761954965076,0.2834269323402187,-0.11633931279056794,0.13815789473684212,0.09210526315789473,0.04605263157894739
niah_mv_v8,92,58466f52460c016efbbef8c7f49a288892cb1bad7835c6139c96a3bf1834358b,0.07678571428571428,0.09859307359307361,-0.02180735930735933,0.09609054192744873,0.16081461805038466,-0.06472407612293593,0.3881578947368421,0.3684210526315789,0.019736842105263164
niah_mv_v8,93,0c051a3409b88e46719c3f1ffda5eb340cba477795e029df73103424a2c862da,0.08348101265822785,0.10411392405063291,-0.020632911392405057,0.1087544857480707,0.1789992652099591,-0.0702447794618884,0.45394736842105265,0.35526315789473684,0.09868421052631582
niah_mv_v8,94,adf4077b1aa84a94b87468a5e808519fcd729810f732a55fbb53a61d70917942,0.07926997245179064,0.2923853211009174,-0.2131153486491268,0.14971501035033769,0.33754578198235924,-0.18783077163202155,0.10625,0.0875,0.018750000000000003
niah_mv_v8,95,71ec21a1c73fb83b9033c58b837faf97bd94198e895759032c2860d10dd24cde,0.044736842105263165,0.06888961892247043,-0.024152776817207268,0.0728653776239571,0.15888733757144155,-0.08602195994748445,0.4583333333333333,0.375,0.08333333333333331
niah_mv_v8,96,7b9b47c63ef8ad71f6a69806d6b49880f1b95a8c43a6e733c8fe11a252c8860f,0.20417042380522993,0.30112815884476535,-0.09695773503953542,0.25246276702386605,0.3565739655653301,-0.10411119854146406,0.1118421052631579,0.10526315789473684,0.006578947368421059
niah_mv_v8,97,289bf2bd44d2276e5fa46c9cbafbf9d68088cad7004764e9d0ad908ad512076b,0.21384866039102102,0.3626900796524258,-0.14884141926140476,0.2712778946796857,0.4712669478031965,-0.19998905312351078,0.10625,0.1,0.006249999999999992
niah_mv_v8,98,01c3207ec724441c2001f8879d91b9fe4bee384b8a919310af5ba6c9d7186764,0.04270025839793282,0.06619170984455959,-0.023491451446626767,0.0628693936759136,0.16062866172257226,-0.09775926804665866,0.4276315789473684,0.375,0.05263157894736842
niah_mv_v8,99,20d82579967ad4f09c39a557b23584c98e8a765141ad527f3195ff328f6653f5,0.06718916046758767,0.08902763018065889,-0.021838469713071212,0.08238380280521544,0.15701931901206784,-0.0746355162068524,0.4375,0.4097222222222222,0.02777777777777779
vt_h2_c3,0,b089702547ddf63aaf645833372e77a0243defbd1b755ea13f0dd02f12c78a2f,0.08797036297036298,0.12569813829787235,-0.03772777532750937,0.10583616124555614,0.18010218890260812,-0.07426602765705198,0.38461538461538464,0.6538461538461539,-0.2692307692307692
vt_h2_c3,1,3dd83ecdf14114a8cbf52a5d384032df47d3772d45b227999420f774bb950de6,0.08049363057324843,0.14282020684168656,-0.06232657626843813,0.11681363662830449,0.19780455447713088,-0.0809909178488264,0.5185185185185185,0.7037037037037037,-0.18518518518518523
vt_h2_c3,2,4ddadb649e9147d9112a60684c786410d68b3e0367cd10a97d3a2a05b2c1ad32,0.07438977879481312,0.12790187094310806,-0.05351209214829494,0.09692267682700828,0.19726868008777382,-0.10034600326076554,0.4482758620689655,0.7931034482758621,-0.3448275862068966
vt_h2_c3,3,0e4d60535c9db2c619521f4faf6445d2ee751caf61fafcaccc8a11c0b6010cb6,0.09010874595094864,0.1399930587690884,-0.049884312818139764,0.1067154331153352,0.18694878505862572,-0.08023335194329052,0.6296296296296297,0.9259259259259259,-0.2962962962962963
vt_h2_c3,4,caf1fa215ba50f24f9f9163249294236248e5ed3f28b906689fe732d58eff168,0.06587403598971722,0.10928204186558943,-0.04340800587587221,0.10142772223221655,0.18142458637177578,-0.07999686413955923,0.4666666666666667,0.7,-0.23333333333333328
vt_h2_c3,5,330b95c8baa12893c170ac4dda235b2bf47d858c66296573e9af3ae807f53b54,0.07616459627329193,0.12893302180685356,-0.05276842553356163,0.10186739138128705,0.19134192459707924,-0.0894745332157922,0.5,0.6666666666666666,-0.16666666666666663
vt_h2_c3,6,8bcc757790d8c220556c672581462b3b57ca100234e4a3bc6a1e104149e85255,0.08146481178396073,0.11216271463614065,-0.030697902852179923,0.0990122306722691,0.18830200454461518,-0.08928977387234609,0.5862068965517241,0.6551724137931034,-0.06896551724137934
vt_h2_c3,7,adaf85d9831c2e3fe11f722e6bb9e1451dead2ee416d02cde8e14e3537e15c7e,0.0929115300942712,0.11722704266088216,-0.024315512566610964,0.11416610319710747,0.1733989199038283,-0.05923281670672083,0.6071428571428571,0.7142857142857143,-0.1071428571428572
vt_h2_c3,8,8dbe9d1f77a19e69c37efa4d905b1258474655838fa5dd25dc2b64f790902dd7,0.08328914810887238,0.11590909090909092,-0.03261994280021854,0.10312613643652249,0.1810435139778908,-0.07791737754136832,0.25806451612903225,0.5806451612903226,-0.32258064516129037
vt_h2_c3,9,5d8f568eeca32c93272cb867317b9d08cdcc60b5e37cdc00b99e396898c86491,0.0798108108108108,0.13658008658008658,-0.056769275769275776,0.10101347116992213,0.17880529572898646,-0.07779182455906433,0.39285714285714285,0.6785714285714286,-0.28571428571428575
vt_h2_c3,10,62021ccf67cf47dd210c01512c2d8ebbda564e3c7e30236d26bb1147f6963743,0.05181638044914135,0.15305280528052806,-0.1012364248313867,0.08838937752911998,0.19685929651204,-0.10846991898292004,0.5925925925925926,0.8148148148148148,-0.2222222222222222
vt_h2_c3,11,52eabcfb52175ab1aa86dc487b3d34c32d74588a8d6e138c9eb4a75c05cd6a72,0.07974582296480626,0.13709103840682788,-0.05734521544202162,0.10534923860933894,0.1937564398306793,-0.08840720122134037,0.46875,0.6875,-0.21875
vt_h2_c3,12,bb5c17c9a12b87b4d2d33a01903a48386c12101a1d3fcfdfe4f40a2feefb5fcd,0.11705788916343099,0.13142655367231637,-0.014368664508885381,0.13417752949294998,0.18290844364051556,-0.048730914147565585,0.41379310344827586,0.6206896551724138,-0.20689655172413796
vt_h2_c3,13,1b2763b29bbef830b8b8c42ac933508eb5c281b60a48377b2c024c0bb399a2b0,0.07120543593363925,0.11398693963995762,-0.04278150370631838,0.10187356907369598,0.18277440214722915,-0.08090083307353317,0.5714285714285714,0.6785714285714286,-0.1071428571428572
vt_h2_c3,14,06735727599a29f30f750801aa223d4ca294b16c20a5bf5be03b1bf5398dafd8,0.07065297817240104,0.12503698224852072,-0.05438400407611968,0.09957481990012385,0.18349607553591593,-0.08392125563579209,0.3,0.6666666666666666,-0.36666666666666664
vt_h2_c3,15,0b85ff38d0e42253ec45fbbb58f35d21c98826f0cccab1d81410567529d0fd93,0.06971830985915492,0.12577574047954868,-0.056057430620393756,0.08152512129707541,0.19136073706005777,-0.10983561576298236,0.6666666666666666,0.7,-0.033333333333333326
vt_h2_c3,16,ee197b2e9a8698fedb3243ec5c87de613b51f9f58e143160155752f26c1f3c5d,0.10590649536045678,0.14063727240271331,-0.034730777042256536,0.12351297908127398,0.18063195724546052,-0.05711897816418654,0.3448275862068966,0.6551724137931034,-0.31034482758620685
vt_h2_c3,17,d50ec40cf640478d72f11fecb44f8bbbde2fe0054d1968447063b3511af802ff,0.13048332391181458,0.14589215132693392,-0.015408827415119342,0.17761074533593146,0.18992984706311195,-0.012319101727180481,0.6206896551724138,0.6896551724137931,-0.06896551724137934
vt_h2_c3,18,84f2f4b48f972fba1f8f4e53b4155731b218857203284c5dbbdb605237a22a46,0.13194801852804944,0.13678589809572828,-0.004837879567678838,0.19045279946191335,0.18138343864536538,0.009069360816547967,0.7142857142857143,0.75,-0.0357142857142857
vt_h2_c3,19,6484dcacc9d44a8ccb0f9601c222c8a16ba85bf31234a1f28dcf8dc18aa3beb9,0.07478632478632477,0.12222222222222223,-0.04743589743589746,0.09650533983115953,0.18272075137773047,-0.08621541154657095,0.5862068965517241,0.6896551724137931,-0.10344827586206906
vt_h2_c3,20,600c85f0796db92f55d0cd607fc11fe950a5032945370aa6d4dacf2d8cb0fefc,0.12822188449848027,0.15094397076735686,-0.02272208626887659,0.1680155441854566,0.21379573196475904,-0.04578018777930243,0.5357142857142857,0.75,-0.2142857142857143
vt_h2_c3,21,655038a051034bfd9627483a703973b590c9901bff801e3d408c7318b8b21afe,0.08196605374823193,0.13504953998584573,-0.0530834862376138,0.09622948432238113,0.18902786448951714,-0.09279838016713601,0.34615384615384615,0.6153846153846154,-0.2692307692307693
vt_h2_c3,22,d54bc735cfc2ada42081472905006e863f2c912dd9cbd4d1c56b5dad0adf904a,0.0633423180592992,0.138191632928475,-0.0748493148691758,0.07694438324876532,0.18791737853617652,-0.1109729952874112,0.8,0.8333333333333334,-0.033333333333333326
vt_h2_c3,23,01b72effa67c22b44784e222720451b2dac5af0f4b6d539551889e840210e4a6,0.10664619980086294,0.1274220305242203,-0.020775830723357355,0.11846546526636899,0.18844694495127517,-0.06998147968490619,0.5666666666666667,0.6666666666666666,-0.09999999999999998
vt_h2_c3,24,edf8ba53fe945a38e5a60b0070d418d2eca91df5db2c56acf15ac567ed8c4bef,0.07943223443223442,0.12686676427525623,-0.04743452984302181,0.10103459661967731,0.17533580115595418,-0.07430120453627687,0.5333333333333333,0.6666666666666666,-0.1333333333333333
vt_h2_c3,25,59a2e0185b72ca08e1203ce1fa69acf83299c639472b4c9f27ca3d07c5ebd01f,0.09267640769779047,0.13551502145922747,-0.04283861376143701,0.11568619949281018,0.19591655033845004,-0.08023035084563986,0.48148148148148145,0.6666666666666666,-0.18518518518518517
vt_h2_c3,26,a2978d732abd754fae43df9de0e2a9730055ffec5fc43eb8287364802577f55f,0.10708754208754209,0.12456228956228957,-0.017474747474747476,0.13109304392403637,0.18173981057357672,-0.05064676664954035,0.5333333333333333,0.7,-0.16666666666666663
vt_h2_c3,27,283fa1f310386cce98991eeac04acb776baa5db752fe746a25f6f3fca7db49c2,0.11196757787666875,0.15725396825396826,-0.04528639037729951,0.13325733748380755,0.20650535147571875,-0.07324801399191119,0.6551724137931034,0.6896551724137931,-0.034482758620689724
vt_h2_c3,28,0524afa2fc11da103422837ba10b1161df699783c8de05a5509726bd3f0b520b,0.07231617647058824,0.12875275938189848,-0.056436582911310235,0.09860824923729963,0.19515507383746078,-0.09654682460016115,0.4230769230769231,0.8076923076923077,-0.38461538461538464
vt_h2_c3,29,eb10be20f2ae49f842c7fae56fa313c1fab9fdf1c93236fbdf29cf2f629e51a8,0.09211608023676424,0.12483541803818306,-0.03271933780141882,0.11319962986749496,0.17225425150933885,-0.059054621641843885,0.48148148148148145,0.7777777777777778,-0.29629629629629634
vt_h2_c3,30,7ee3fdb6cf16290739001a8d2cf965f64f3ab28250d74fb37e6652934408de61,0.07255757152826238,0.1332287308228731,-0.06067115929461071,0.10721821411800023,0.19239895602046272,-0.0851807419024625,0.5357142857142857,0.8571428571428571,-0.3214285714285714
vt_h2_c3,31,0e743cf9cb03e86bc39c857163958ca2e3a6ed0c2630417896ebbc08a68a21a5,0.08485757121439282,0.11888138138138138,-0.03402381016698856,0.10250679835976398,0.18883472482064506,-0.08632792646088108,0.43333333333333335,0.6333333333333333,-0.19999999999999996
vt_h2_c3,32,34aa49e33d17913f5d2cf4d92f27799f5a382e885799d548331e991e852eefe6,0.12533063923585602,0.1366997792494481,-0.011369140013592072,0.16282693071076837,0.18844537918719487,-0.025618448476426497,0.43333333333333335,0.6333333333333333,-0.19999999999999996
vt_h2_c3,33,1e772fc9ad74b15e92c5cf42b473cf739ba29d745813111b2e12adc910f10ac9,0.07449069195644538,0.11356140350877193,-0.039070711552326554,0.1075641940099088,0.17927595717259606,-0.07171176316268726,0.6206896551724138,0.6206896551724138,0.0
vt_h2_c3,34,f190de53f8a1b1b828725f04744f4e03a964cc069a43f9ae0fc6d814034f86b5,0.07076629974597798,0.12491518235793046,-0.054148882611952484,0.09206882295908161,0.20036573141764924,-0.10829690845856763,0.5384615384615384,0.7692307692307693,-0.23076923076923084
vt_h2_c3,35,2b145fb3d6c3f1131cb9b4a9f1f8ec47bc054dfc0a2391de4c059bdff7822749,0.10363796980404756,0.13833976213436197,-0.03470179233031441,0.11513476695741491,0.18747418439945435,-0.07233941744203944,0.36666666666666664,0.5666666666666667,-0.2
vt_h2_c3,36,cb03a1737bf75bf92254a8e739b70e444d73a8109353832f1a04a93c53a00a0e,0.07880191693290735,0.11432566315116652,-0.03552374621825917,0.10415011964020823,0.1693147127912577,-0.06516459315104947,0.39285714285714285,0.75,-0.35714285714285715
vt_h2_c3,37,f21f539a932a6acc466a070adc9401d8d53918158e39e9055c6911c244ea6864,0.08858734723220704,0.13430316091954023,-0.045715813687333184,0.11116496954999282,0.18206815789716888,-0.07090318834717606,0.3548387096774194,0.4838709677419355,-0.12903225806451613
vt_h2_c3,38,b77790793db6444e07cb0e14da8423acd7828dbaa45be650f4d983b8397ab347,0.10988095238095234,0.14229166666666665,-0.03241071428571431,0.12997850922439205,0.18606042381907723,-0.05608191459468517,0.6785714285714286,0.7142857142857143,-0.0357142857142857
vt_h2_c3,39,fbbaf1707616bb2f256460cb6ef38bd8f721a51b257d163b53fdebcfb12a1315,0.089552622557422,0.13226774082961945,-0.042715118272197455,0.10336198092779088,0.18173365657868135,-0.07837167565089047,0.2857142857142857,0.6785714285714286,-0.3928571428571429
vt_h2_c3,40,9c13c169ae6693e03cd7e66eeeb02ca466411bb2b8404753c714f224fc94efe3,0.07330852503382951,0.12997293640054125,-0.05666441136671174,0.10380035431864157,0.19107523216101394,-0.08727487784237237,0.41379310344827586,0.6551724137931034,-0.24137931034482757
vt_h2_c3,41,8c3ebd77465f0338bc669d4198f0df70c75c4b903df03e7bab2a66e4f76423dc,0.09503916449086162,0.13315926892950394,-0.03812010443864232,0.13400221750030492,0.18704591488520722,-0.053043697384902305,0.78125,0.6875,0.09375
vt_h2_c3,42,c797af138d43fdf50edaa51c12b5ee9a96689de04e4eb83daf2781b5475ad2e9,0.12571107784431138,0.14730538922155692,-0.021594311377245545,0.166200596351365,0.18996040356310454,-0.023759807211739536,0.6785714285714286,0.75,-0.0714285714285714
vt_h2_c3,43,e69c8d05040430556873ea76800daadd67c1a03badcb1094d3a229762efbc814,0.10136173184357541,0.14351851851851852,-0.0421567866749431,0.1164031267059458,0.1901763104405346,-0.0737731837345888,0.4666666666666667,0.6333333333333333,-0.16666666666666663
vt_h2_c3,44,305123b3980ff876429b502430783ecc3470cc337e18976724dd9551f8891504,0.0841744710371141,0.12624696917215103,-0.042072498135036926,0.11181013111307184,0.17624496015954297,-0.06443482904647113,0.5483870967741935,0.7419354838709677,-0.19354838709677424
vt_h2_c3,45,bd6af8e8f813181c545bf2c99f4395351cb6d9672ff0d69f1a20ea21285ac5b4,0.11145533141210373,0.16784890426758942,-0.056393572855485685,0.1394165256754364,0.20813070982001453,-0.06871418414457814,0.6666666666666666,0.7333333333333333,-0.06666666666666665
vt_h2_c3,46,df6eebfce647fbb5ecde4f391140f35af16c58e13f9269f13d9e62a0ca9d6102,0.10249307479224382,0.15079639889196678,-0.04830332409972296,0.14086030787906353,0.1838825571284391,-0.04302224924937556,0.42857142857142855,0.6785714285714286,-0.25000000000000006
vt_h2_c3,47,1930433fbcbf5ed7c8607d766c03b2bb07f5c769819de5655416cb1d0eb9677f,0.08534788782392613,0.1271321961620469,-0.041784308338120774,0.10311137810877362,0.17865839649878054,-0.07554701839000692,0.38461538461538464,0.6538461538461539,-0.2692307692307692
vt_h2_c3,48,7e00f9c9bc7224df143ff3fd46f160ddc5c97d7ceeda7fb32c5d9b2e8be943e5,0.06387218045112783,0.11871708051166288,-0.05484490006053505,0.09572260806593332,0.18326468176856997,-0.08754207370263666,0.6428571428571429,0.7857142857142857,-0.1428571428571428
vt_h2_c3,49,3a61c13c387a7f62da60d1ce23f8ffe31a8d80bd3d5be1ccd92fdfd27e878748,0.12258481886141463,0.1690736478711162,-0.04648882900970157,0.16613603199490912,0.20088877605232863,-0.034752744057419516,0.7142857142857143,0.6428571428571429,0.0714285714285714
vt_h2_c3,50,1fe9e047a16207c1894f69257f86de7e81957535a6aae834d853b9895f46658d,0.08751572327044028,0.1365869017632242,-0.049071178492783904,0.11194076418803578,0.19429108543537846,-0.08235032124734268,0.5925925925925926,0.7407407407407407,-0.14814814814814814
vt_h2_c3,51,fb26db4172bc3c95973603e12e3dc684db9de8307a807ec3c36121285f4ae1ad,0.11457461645746161,0.13176193795747645,-0.01718732150001484,0.1363892614233661,0.18220064082031037,-0.04581137939694427,0.37037037037037035,0.6666666666666666,-0.2962962962962963
vt_h2_c3,52,7a7c5ee294318ba1e07b8dc7dd6ac1287a70302b51eab15ef9e3b8b2f0022794,0.06355283307810108,0.12568912710566615,-0.06213629402756507,0.09755730814320254,0.1865632827161176,-0.08900597457291506,0.3448275862068966,0.7586206896551724,-0.4137931034482758
vt_h2_c3,53,73914630e81287ae8344efa373f116c6cd182bbcb9eb51de0015ec556b9e02dd,0.10480652962515116,0.12548367593712212,-0.020677146311970956,0.1269433288101272,0.18371720154472113,-0.056773872734593916,0.6333333333333333,0.8,-0.16666666666666674
vt_h2_c3,54,8140071acad22a1bbaba023286e90162b636ac53f8811ba0305e331978d29c47,0.08634228187919464,0.13039906103286386,-0.04405677915366922,0.10654072158557426,0.181703408777794,-0.07516268719221975,0.4,0.6,-0.19999999999999996
vt_h2_c3,55,4f63ec4aeb239ba6a834fcc79de041bb07a2beeaf37f9d3800d1816763283cea,0.07848759221998658,0.12171030547163479,-0.04322271325164821,0.10786958527656702,0.18030965836086796,-0.07244007308430093,0.6071428571428571,0.6785714285714286,-0.07142857142857151
vt_h2_c3,56,7c66c8be900a3c8ea96aa03f25986735eb262bfa0ca3b6a0272b47802e0f2ce0,0.08481339553482177,0.11624209124209124,-0.03142869570726947,0.10927969654443356,0.17860988913983852,-0.06933019259540496,0.42857142857142855,0.6428571428571429,-0.21428571428571436
vt_h2_c3,57,5c9a85ca48f1ecf45b6b5f5a0f520fcf9077f105256b101de245d57388c425fc,0.07857686453576865,0.1158365019011407,-0.03725963736537205,0.10564646013457887,0.18005983892092897,-0.0744133787863501,0.5,0.7,-0.19999999999999996
vt_h2_c3,58,589a9c9fcc64a28692a3975ab2f3940bc1beedb515d9586fe61b00078e3e4d05,0.09447899159663864,0.1262088650100739,-0.03172987341343525,0.10951457258874409,0.17457021965130148,-0.0650556470625574,0.2857142857142857,0.6071428571428571,-0.3214285714285714
vt_h2_c3,59,aeea8490693fe7944953aeb6dd4776099ab4dc20539941ddda0627c6479ffdf4,0.08380308880308882,0.1368827160493827,-0.05307962724629389,0.10225580657594976,0.19340925400612713,-0.09115344743017736,0.48148148148148145,0.6666666666666666,-0.18518518518518517
vt_h2_c3,60,d5ab47036de64c44c4fb63e8b43bf267ed5c2c0b8f2f1a231d0d90f77c2998e1,0.0793010752688172,0.12464067553000358,-0.04533960026118637,0.10132047043776402,0.19381283752623935,-0.09249236708847533,0.27586206896551724,0.6206896551724138,-0.3448275862068966
vt_h2_c3,61,a193d58d1b49c8297f989af07602ee0b6853dc2f3095f38032ba82e6139b3339,0.07774725274725272,0.11478361120964879,-0.03703635846239607,0.11138542642873514,0.18167525393509446,-0.07028982750635931,0.6153846153846154,0.8076923076923077,-0.1923076923076923
vt_h2_c3,62,0d32f22ce7c612ab38cef19c84b570007df3d2dda149bbf764740fe1aff84697,0.09097222222222223,0.13097014925373135,-0.03999792703150912,0.11535688574309637,0.18233661753275204,-0.06697973178965567,0.5172413793103449,0.7586206896551724,-0.2413793103448275
vt_h2_c3,63,da39cfcd074ae63b6b9d03f7e539777d7bf85032bb0d154f3a012c87c258eec9,0.08506097560975609,0.1508275261324042,-0.0657665505226481,0.10035806736247725,0.20128752676224818,-0.10092945939977092,0.5714285714285714,0.6785714285714286,-0.1071428571428572
vt_h2_c3,64,0b8b1a39451e0f3d28e36373bfc509581a017b9c2b5efb04518ff323da8954fa,0.11698658218412224,0.13237155621742366,-0.015384974033301427,0.1509917948545629,0.18733382041282512,-0.036342025558262214,0.5,0.6923076923076923,-0.1923076923076923
vt_h2_c3,65,1468ac48d49b7f1ca83593d26870bc00c8c59ce1f71665fdeb651d8668145f2c,0.08359184384803067,0.14673761339846478,-0.0631457695504341,0.11139630491596615,0.18530891937564645,-0.0739126144596803,0.6071428571428571,0.7857142857142857,-0.1785714285714286
vt_h2_c3,66,bbe7654b5e4ede16a745c44fabb251c1e5cbe5c879ce2509751325849756a361,0.07639931740614334,0.12247267759562841,-0.046073360189485074,0.10261441706148278,0.1812928941972932,-0.07867847713581042,0.4838709677419355,0.6451612903225806,-0.16129032258064513
vt_h2_c3,67,1cfe04cbb4237e3d1742e0eeb6dc908e432585c3222bca8f8932f68f6d5fe73b,0.06867693942614239,0.11348742472546935,-0.04481048529932696,0.09732491518060618,0.17567977563929485,-0.07835486045868867,0.6,0.7666666666666667,-0.16666666666666674
vt_h2_c3,68,d6f0d367bbcf673b54c8d6f8444246f937f8935c7ae8286c5cfd5c9417bf0b47,0.07900526513726965,0.14542889390519187,-0.06642362876792222,0.09767122137431258,0.20645072634196118,-0.1087795049676486,0.4666666666666667,0.7666666666666667,-0.30000000000000004
vt_h2_c3,69,a39eb1e3ca858e47d15bde2d5807a4be988471ba137017ddf51312611ccf4303,0.10317109144542777,0.13392988929889296,-0.030758797853465192,0.12064531944780577,0.17324399274414376,-0.052598673296337994,0.34615384615384615,0.7692307692307693,-0.42307692307692313
vt_h2_c3,70,42c2d0a902cd26faf6181c199e8fe54155641a9ad538312056fb98ca031eb9d3,0.08448918056048242,0.12999999999999995,-0.04551081943951753,0.10680681958743621,0.18536944626503643,-0.07856262667760022,0.36666666666666664,0.6333333333333333,-0.26666666666666666
vt_h2_c3,71,f0dfcb7d06f05791743b930faa82c9aba6a089f71d8b8eb7f232f0593062e0c5,0.10957300275482092,0.12458706125258087,-0.015014058497759955,0.12177865156369032,0.16978998825667377,-0.04801133669298345,0.2857142857142857,0.6785714285714286,-0.3928571428571429
vt_h2_c3,72,b15458c7655e5eee0871526f7710387ecc2741e2f5745f11cdb8eacae612d893,0.06298862828713575,0.131640625,-0.06865199671286426,0.10820141226637554,0.19285234050863717,-0.08465092824226163,0.4482758620689655,0.7931034482758621,-0.3448275862068966
vt_h2_c3,73,1bedc6f16782c0ecbae69c0dcba1d146381dde154455267bee4aa6f666e17c76,0.09623893805309733,0.12566371681415933,-0.029424778761062004,0.11968019053037923,0.18931808966865668,-0.06963789913827745,0.4666666666666667,0.6666666666666666,-0.19999999999999996
vt_h2_c3,74,4150c9b43e00cbd194a7e35d629b01a3fcccaad93eec7d15746d21643c7fe428,0.1492955874534822,0.13799254526091587,0.011303042192566337,0.1912754778365421,0.19240115816408698,-0.0011256803275448701,0.75,0.75,0.0
vt_h2_c3,75,a9b1098aee531354e8527070e9b78581fdabef96af79a83c9181a4319a8f6d4c,0.09176384839650142,0.1376365622723962,-0.04587271387589478,0.10862971548512423,0.18713205738064817,-0.07850234189552394,0.35714285714285715,0.6071428571428571,-0.24999999999999994
vt_h2_c3,76,30f8e367eaa2554d75b6a4230d3ec3394dd5bedfcb9620d33cdbe5cb9857c47c,0.05896946564885497,0.1311783439490446,-0.07220887830018963,0.08951159671044877,0.1774884460646843,-0.08797684935423554,0.6071428571428571,0.7142857142857143,-0.1071428571428572
vt_h2_c3,77,546695199fdb9d309293c2b3e9a4780fed373906b7c599296727f73a30548743,0.07589974293059125,0.12477957384276266,-0.04887983091217141,0.09808183757475535,0.18591667649219143,-0.08783483891743608,0.6,0.7333333333333333,-0.1333333333333333
vt_h2_c3,78,8a46a78d534e789a1d23cb5f2e088383427e686ae7326935620e634e0bcff910,0.07385654885654887,0.11934420541290772,-0.04548765655635885,0.10713053641187822,0.18262374370556778,-0.07549320729368955,0.5357142857142857,0.75,-0.2142857142857143
vt_h2_c3,79,fb90e5485a5dccedb59c0bb8a9dc1b52a3c02f115ffd50fcea99bd57b13bccba,0.07960693153000846,0.1300189793336145,-0.050412047803606044,0.10361346038870634,0.19003875191189099,-0.08642529152318465,0.6071428571428571,0.6428571428571429,-0.03571428571428581
vt_h2_c3,80,b26f098217f2b9f3364740e7f79248a97c8808982e4ae5e319d16c974bcd60d8,0.08310397553516821,0.1387567934782609,-0.05565281794309268,0.10741483125337101,0.18563872766646186,-0.07822389641309085,0.32142857142857145,0.5357142857142857,-0.21428571428571425
vt_h2_c3,81,0d20c5c1891911885cc4b3ceddc6b85186420fe943f8ccacd684a0af7b6fbfeb,0.12519212295869353,0.12927063339731287,-0.004078510438619343,0.15859233305943787,0.19778275210337667,-0.0391904190439388,0.7142857142857143,0.75,-0.0357142857142857
vt_h2_c3,82,7b44a3bc9fb3954efc6ad09fe2aac9032c5789e0c5da11d989cc189b11972654,0.12592526690391456,0.1361427554289783,-0.01021748852506374,0.15182267600641203,0.18860017492312622,-0.036777498916714196,0.6071428571428571,0.7142857142857143,-0.1071428571428572
vt_h2_c3,83,8ba66cd50c1dbb335a021bae7ef20e8ba515917a202ec611b4f04dcb479da119,0.08540644709180098,0.1190084092501752,-0.033601962158374216,0.1086837863350781,0.17648685407037834,-0.06780306773530025,0.6896551724137931,0.7931034482758621,-0.10344827586206895
vt_h2_c3,84,c9eb99c1af35a58938845e46d37bcea47f22d065c718a09865a3bd1191194700,0.10857400722021655,0.1275270758122744,-0.01895306859205785,0.14558830156567498,0.17269781453289518,-0.027109512967220195,0.6153846153846154,0.6538461538461539,-0.038461538461538436
vt_h2_c3,85,58b23bb9884774583ba89b75e79b44859e59def6f2e426e16bc9d70164e1fd88,0.08013100436681223,0.13465040058266572,-0.0545193962158535,0.09802878309208371,0.18729829217498054,-0.08926950908289683,0.26666666666666666,0.6666666666666666,-0.39999999999999997
vt_h2_c3,86,2cf39f51086a2b8a9947ea059b3eabd97a072a75802d0ea9312e9148086d38bd,0.09603857566765577,0.15301186943620176,-0.056973293768546,0.12013167965858136,0.2092508589208296,-0.08911917926224823,0.6451612903225806,0.6774193548387096,-0.032258064516129004
vt_h2_c3,87,fa47cead530c68a08d6e5fb6de97103f93c9f7add2ae4ea6884f82b2edafbca9,0.09139503298408999,0.1262810559006211,-0.03488602291653112,0.10676376350153552,0.18480124370363527,-0.07803748020209975,0.36666666666666664,0.7,-0.3333333333333333
vt_h2_c3,88,d860ee3a6fa69dab194ca0151d8367d22701874985bf1bc4b1138bc5c5cf33fa,0.10393864013267003,0.13265915119363392,-0.02872051106096389,0.12672483296960158,0.1884721045835711,-0.061747271613969534,0.5172413793103449,0.5517241379310345,-0.03448275862068961
vt_h2_c3,89,7f4e2d6d90c73359d131dd0113875d2fafb37e8e959dfc2cb3c78f900e1e2ad6,0.09382564605822703,0.1442735602094241,-0.05044791415119708,0.11173789534494512,0.18575640881743358,-0.07401851347248846,0.5714285714285714,0.75,-0.1785714285714286
vt_h2_c3,90,0a278aff7061a9d410f27d324792f4032c81e458b65d1be4e04441ebe754b91c,0.08084234391349839,0.11788454830833624,-0.03704220439483785,0.11042222764790158,0.18413326053589918,-0.0737110328879976,0.5666666666666667,0.6,-0.033333333333333326
vt_h2_c3,91,91936d0dc8a076a2422e6e951acff11a20cba8af03a2411f698ceb52b6e2bd8d,0.08400562851782364,0.12091932457786117,-0.036913696060037526,0.10225463807638646,0.19045387357953653,-0.08819923550315006,0.6428571428571429,0.75,-0.1071428571428571
vt_h2_c3,92,72c65347ed50fb1dd0c8ca497fabb1c3090efb4599d5c967836aefe87bcb70d3,0.10365459249676583,0.113975105075978,-0.010320512579212168,0.12871023086372874,0.1791999605904319,-0.05048972972670315,0.2857142857142857,0.7142857142857143,-0.4285714285714286
vt_h2_c3,93,d7037a8a413bde0c6e6e5f12e5c2d09ab583a2c36886231e2089e3aca8610e01,0.09366995073891624,0.12956636005256242,-0.03589640931364618,0.12170285036153738,0.17811156351613894,-0.05640871315460155,0.5517241379310345,0.6896551724137931,-0.13793103448275867
vt_h2_c3,94,4cc987d3449cd121c6177e2f780a47fd1fb23d721a045ec6cdeced39b21437e8,0.08127992633517496,0.12661883738042676,-0.0453389110452518,0.10845844784672128,0.17740847298921264,-0.06895002514249136,0.43333333333333335,0.6666666666666666,-0.23333333333333328
vt_h2_c3,95,e28df7c1cf79ec046ace4880237195f1b8fb0f36ac8c2df3765ba37f39ee17b8,0.07757452574525744,0.13522342586323627,-0.057648900117978824,0.11137867281760153,0.19420264050853536,-0.08282396769093384,0.3225806451612903,0.6451612903225806,-0.3225806451612903
vt_h2_c3,96,01cda2af27635685f4846b2b8aea68c32657fb08bc64920d2efd86c3159487bd,0.09309971098265897,0.14981936416184974,-0.05671965317919077,0.10790151401995234,0.20457301318168186,-0.09667149916172953,0.4666666666666667,0.7333333333333333,-0.2666666666666666
vt_h2_c3,97,3bb0a328e37c9436de28a0eaa02c52d95c1fa33242fa9a0eae4c50531cfa79c6,0.08656028368794329,0.13081560283687946,-0.04425531914893617,0.10463899509941839,0.1852129799500692,-0.0805739848506508,0.48148148148148145,0.7777777777777778,-0.29629629629629634
vt_h2_c3,98,7ba630ae99888f9f2faf232e0af2adc682937b9a27dff00cb346cd0f37451427,0.06600985221674878,0.12578060805258834,-0.05977075583583956,0.10128332294520467,0.20430813142988197,-0.1030248084846773,0.5172413793103449,0.6551724137931034,-0.13793103448275856
vt_h2_c3,99,b2002bbe090d3591895519e37e2bf909552972860b7598bfa9d132dcca849b4b,0.10484790874524715,0.1476027397260274,-0.04275483098078024,0.1468723300641172,0.2134915212160738,-0.06661919115195658,0.7142857142857143,0.75,-0.0357142857142857
vt_h4_c1,0,8fa531e249cc6046d1334e1cd7105496252b5d7d4cafb5220543fcd757cfb7b8,0.10629709364908504,0.1148488120950324,-0.008551718445947348,0.1438879974580241,0.16034507243644303,-0.016457074978418917,0.5490196078431373,0.7254901960784313,-0.17647058823529405
vt_h4_c1,1,fdf5d3b25ce851c5161d8fa88e1c2844b237b34d5b16678921c6b1270da00b89,0.09031316348195331,0.10108926673751328,-0.010776103255559971,0.12373453612798421,0.16696879270559672,-0.04323425657761251,0.6041666666666666,0.7916666666666666,-0.1875
vt_h4_c1,2,b8a0b89956256a98e06e51d6173d4ca0ef1769e15ac99754b878d54642750a21,0.09579792256846083,0.10910486537553139,-0.013306942807070565,0.12909587391636326,0.15959575220582775,-0.030499878289464488,0.6304347826086957,0.7608695652173914,-0.13043478260869568
vt_h4_c1,3,c4550230e7550e146a10a1a2c30d1fdcbf3db51858902bb46e9c333c626504f9,0.14310796645702306,0.12036406495547407,0.022743901501548994,0.19010737246228873,0.16234469598156706,0.02776267648072167,0.46808510638297873,0.7659574468085106,-0.2978723404255319
vt_h4_c1,4,467235ef03d832a7e8a79ac61a6e5da474eb2fdc4bc7b4697a176ffa36228fa6,0.11086903003446576,0.11552657480314961,-0.004657544768683852,0.13079649409769467,0.16510931738840995,-0.03431282329071528,0.5384615384615384,0.7692307692307693,-0.23076923076923084
vt_h4_c1,5,26c63dacf43f07a685609c6477ff2182295278be009ba5ed92c79adffc4f1ed4,0.13033193936225826,0.10696037539103229,0.023371563971225973,0.17743087231332066,0.15675213397687743,0.020678738336443236,0.5869565217391305,0.7391304347826086,-0.15217391304347816
vt_h4_c1,6,167f5d0193c25500719a9583433b31d77c91d025ef893f11eed7c698de909bb2,0.11172854992473658,0.11418172690763054,-0.002453176982893962,0.15154885040363256,0.16314347919923058,-0.011594628795598028,0.6086956521739131,0.782608695652174,-0.17391304347826086
vt_h4_c1,7,199e6e00c6b9879e3364edc5e95bd7df347e42dd5586685464193757620b972a,0.11486587183308494,0.1065880893300248,0.008277782503060147,0.14291946153718893,0.1665471213047543,-0.023627659767565368,0.6444444444444445,0.7111111111111111,-0.06666666666666665
vt_h4_c1,8,391cf41e993d50817051ec227584070a93282d7606c2f5437935663f449c220e,0.08923516603157322,0.10123978201634878,-0.012004615984775563,0.11722940416182485,0.17251829941373562,-0.05528889525191076,0.6304347826086957,0.7391304347826086,-0.10869565217391297
vt_h4_c1,9,5c8dfecb8c87f5b74ff49ba938f0402054b83a425120cc203415bf0ef9ce5e3e,0.12201455092824887,0.10247611865258924,0.01953843227565963,0.15770346438416757,0.15957131147521922,-0.0018678470910516443,0.5714285714285714,0.7346938775510204,-0.16326530612244905
vt_h4_c1,10,98dc88e79018d98b8b4363a7e5214c4b87586e83f42e3390fd4cd30ba9df31cf,0.10968601895734598,0.11036729857819905,-0.0006812796208530703,0.1358663095600111,0.16253773540036906,-0.02667142584035795,0.5869565217391305,0.782608695652174,-0.19565217391304346
vt_h4_c1,11,e5a13acbeb58cc95a525a28c0d86fc3162986500c5435e5c0629b0b1ea7d7dd6,0.14360215053763442,0.11478494623655915,0.028817204301075275,0.1777316755753729,0.1646578988757115,0.013073776699661394,0.6041666666666666,0.7916666666666666,-0.1875
vt_h4_c1,12,b20d307dfbdc6a3937b691fe1bab0e80789e01d912332a1f6ef44a5945aa234d,0.1186816192560175,0.13889041095890414,-0.02020879170288664,0.1529334616197316,0.1780992767340463,-0.025165815114314705,0.5,0.7592592592592593,-0.2592592592592593
vt_h4_c1,13,6867621cc317873f21efe90f583fcd820199359d84090b4526397c178dffcc2e,0.08668177240684796,0.08477878330819506,0.0019029890986528991,0.10774203544677201,0.16280060232219257,-0.05505856687542056,0.5625,0.7708333333333334,-0.20833333333333337
vt_h4_c1,14,e8756501ed1df339928197bd3708f3119b00eb986bd253f44cca0e3768d2fed5,0.11656358238495794,0.12680603661553688,-0.010242454230578943,0.15342467649323577,0.17385796731865655,-0.02043329082542078,0.5576923076923077,0.7115384615384616,-0.15384615384615385
vt_h4_c1,15,ae5db42766cdd30d1145889d1b9ba05980c4f6bf039ad506b973e5c36ad717d4,0.10334125726360274,0.11546990496304117,-0.01212864769943843,0.12835720458674665,0.17236543747845082,-0.04400823289170416,0.6304347826086957,0.7391304347826086,-0.10869565217391297
vt_h4_c1,16,15e36507159861545c93e08e81f0c3bfd1fb3ff4daf2b546432b0af665f10ec9,0.09458789775691183,0.10027386541471048,-0.005685967657798649,0.10701734977082888,0.15816394312732265,-0.05114659335649377,0.5652173913043478,0.782608695652174,-0.21739130434782616
vt_h4_c1,17,c718c7314d21a9576c328d782129ac7acd3ca96e607a291eaf3a84eb30c617af,0.1317567567567568,0.09947916666666665,0.03227759009009015,0.17636946098418943,0.16094077698730005,0.015428683996889375,0.6136363636363636,0.75,-0.13636363636363635
vt_h4_c1,18,143064927b710e4db99c76412eb40ad513cf4d573898db8e14aafa0ce5fcbaf4,0.09370902672718104,0.1020433905146317,-0.008334363787450658,0.126561561228349,0.15691944773039615,-0.030357886502047154,0.5777777777777777,0.8,-0.22222222222222232
vt_h4_c1,19,6c75e3186d122861aa46670cc3df54483a719f233e590306bc99728d75f1fd24,0.09328261990716864,0.10228210417741104,-0.0089994842702424,0.12134914407775468,0.15770563218496575,-0.036356488107211066,0.5918367346938775,0.673469387755102,-0.08163265306122447
vt_h4_c1,20,2d295b0f2569bf9a6307626d22c6bf98be6bacf360ff234eefbf2692a464d151,0.09675536881419233,0.10611577964519141,-0.009360410830999075,0.12713693979828547,0.15567401552348034,-0.02853707572519487,0.48936170212765956,0.7446808510638298,-0.2553191489361702
vt_h4_c1,21,5c65902596648612570c12fccebc3dd42ba50f81de130abc440b4078ba06d182,0.09730693556320709,0.09805610236220472,-0.0007491667989976275,0.13789740281200105,0.15650226210349283,-0.018604859291491777,0.56,0.74,-0.17999999999999994
vt_h4_c1,22,b7fd0c09311045ecfa3cd59651676bf7d59fa5c842718f5eb6012f5eeeb4f084,0.08493756503642039,0.09453124999999998,-0.009593684963579596,0.12062690331027977,0.1573463528952641,-0.03671944958498434,0.5306122448979592,0.7959183673469388,-0.26530612244897955
vt_h4_c1,23,70b6f2307661eae8a3cdcf6211d20bbab0b234e596c2e61f99eccf9aeb0bd392,0.08151731160896132,0.09383910386965377,-0.012321792260692452,0.10340262873802175,0.16592340770260394,-0.06252077896458219,0.6,0.7,-0.09999999999999998
vt_h4_c1,24,6c22739407eaaffa6ab2ed652f550ea25a377002d9134811cab9e7da79d3d183,0.10397409852717114,0.10099186164801628,0.0029822368791548592,0.13671552933994155,0.1536145349014233,-0.016899005561481745,0.6041666666666666,0.7291666666666666,-0.125
vt_h4_c1,25,cf9baf2314bd752c8690f4c5b4a148ff5f780687adfaec97273116591b3b8de7,0.10106774668630336,0.11031434184675837,-0.009246595160455007,0.12263211389621509,0.16537965202635466,-0.04274753813013957,0.5,0.75,-0.25
vt_h4_c1,26,6531b8e9f78d9ff9c82691d4119f6d660bf5bea0856b18737e180026a39eb447,0.08409090909090908,0.09936893203883494,-0.015278022947925865,0.11698864000947187,0.16431983976514902,-0.04733119975567715,0.56,0.74,-0.17999999999999994
vt_h4_c1,27,508f2caca7b7d19e62a3433c39849ddca7d32730dfd5ac042f2ec454ebe1ec00,0.10210166177908113,0.1140380859375,-0.011936424158418876,0.11861671676045085,0.1622231446455222,-0.04360642788507135,0.5714285714285714,0.8163265306122449,-0.24489795918367352
vt_h4_c1,28,e8ef5dc900e80699220a7ab69d2f2ba863caef5d9a6479493d47b5b3b8376fc2,0.06779736999402272,0.09260479041916167,-0.02480742042513895,0.0863698347376515,0.16489532387481834,-0.07852548913716684,0.625,0.7291666666666666,-0.10416666666666663
vt_h4_c1,29,09eb490a3af7dd024fcc8c64acb30faf9b6d5ab57d3c4f966dbb06bd8185d794,0.15597300050942436,0.13156822810590632,0.024404772403518044,0.2156257025547681,0.16521924871455887,0.050406453840209225,0.5652173913043478,0.782608695652174,-0.21739130434782616
vt_h4_c1,30,3bc46ff94ca6046dadca942ad1af8a9feac28e849ae5cb5c917c1f70925ba959,0.09536018009004503,0.09714999999999999,-0.0017898199099549567,0.1292825245911598,0.15663659604174923,-0.027354071450589434,0.5833333333333334,0.7916666666666666,-0.20833333333333326
vt_h4_c1,31,2c7363491f569ac03078e71ba85fb48fb953a1004638e152b166c057c9a32b02,0.11994470774091628,0.1036617492096944,0.016282958531221886,0.1406597410638209,0.1691216437836987,-0.028461902719877807,0.5833333333333334,0.6875,-0.10416666666666663
vt_h4_c1,32,a1bdae42f5a4ede8bc720ef8fa2ac42820e377a0e1097d88699c89c182c5b8d4,0.08365265760197778,0.10945611866501855,-0.025803461063040767,0.10742428573318574,0.18166966211683083,-0.07424537638364509,0.5869565217391305,0.6739130434782609,-0.08695652173913038
vt_h4_c1,33,ab4a2b216190ce2649e079668c8a35e71725fdba94e1d579b3ed37300a8e638b,0.09617585848074921,0.09166666666666665,0.004509191814082561,0.11784981054351737,0.16182170534703763,-0.04397189480352026,0.5192307692307693,0.75,-0.23076923076923073
vt_h4_c1,34,5b84f581bfe272feb0444784535ed600d91038569b18952e732fb76348910b79,0.0812156215621562,0.1083241607044579,-0.0271085391423017,0.11306391390580468,0.17781687033588084,-0.06475295643007616,0.58,0.66,-0.08000000000000007
vt_h4_c1,35,a6e14ef19440accc7e40ba0af9bbd0c47ddab69b4940a1019364ae9ae9546562,0.12661632220455749,0.12197291556027616,0.0046434066442813254,0.17407650494469012,0.16505226582696014,0.009024239117729982,0.5833333333333334,0.7916666666666666,-0.20833333333333326
vt_h4_c1,36,3a2869e8215c75b524cc1630c0d07a27cb72dae5f3e23f54e429c7b1193aea91,0.10191048034934498,0.09629225736095963,0.005618222988385352,0.12449838349399847,0.16203405194954654,-0.037535668455548066,0.58,0.74,-0.16000000000000003
vt_h4_c1,37,3464850ce093ca2c6a93dd751a757ffc955557e92fd32cdd8895fab67947ab48,0.11227493917274937,0.10904669260700386,0.00322824656574551,0.14545336267483502,0.15512400902443357,-0.00967064634959855,0.6304347826086957,0.7391304347826086,-0.10869565217391297
vt_h4_c1,38,df80600406b7e9b6f4dc7b60f867681934bbed80ff4b4f00555f76e252466a17,0.08695175438596492,0.10835158817086529,-0.021399833784900374,0.11654273546912874,0.17058878761930735,-0.0540460521501786,0.6458333333333334,0.75,-0.10416666666666663
vt_h4_c1,39,b2fce37aa25cce7fdbe3ddc35a81a0d97398daff3d54cae9cf51814b2424b007,0.09029888551165147,0.10169534412955468,-0.011396458617903213,0.11807034946370246,0.16812089453518403,-0.05005054507148157,0.6086956521739131,0.782608695652174,-0.17391304347826086
vt_h4_c1,40,2b846e104339483d0498c50981e9d47bb951dea44a32e7d7b32160de09644e8f,0.11240359897172239,0.11652106885919836,-0.004117469887475966,0.14913431947526695,0.17273097698623507,-0.023596657510968122,0.5319148936170213,0.7659574468085106,-0.23404255319148937
vt_h4_c1,41,4c19e3feb3a982672680c5fcce55cf139a7f40fbeb4685cf2e5d8cd249baa27c,0.10483098591549296,0.11898876404494381,-0.014157778129450849,0.13234400027918075,0.17590796997099725,-0.0435639696918165,0.5833333333333334,0.7291666666666666,-0.14583333333333326
vt_h4_c1,42,e92ed911f1840ebb2cc60403f80fbaf0bcc5551c24ff079a543e11c8b7b4cd29,0.1616341463414634,0.1155807711078575,0.04605337523360589,0.2320522259624747,0.1649523646025074,0.06709986135996732,0.5,0.7727272727272727,-0.2727272727272727
vt_h4_c1,43,24885731ed2cc8e98b7d2ace2f801aea77bd3b6b630ee1e5c0cf6dc2f9c2f7a4,0.10988700564971751,0.11914117647058822,-0.00925417082087071,0.1513459044615417,0.17596814563200414,-0.02462224117046244,0.5833333333333334,0.7291666666666666,-0.14583333333333326
vt_h4_c1,44,ddb234d0bc2c2da13ac6a1379ba356c5d8dcffc025963d4767180aab92ba7d8c,0.10409770421783235,0.11154564869193803,-0.007447944474105683,0.13040847316706333,0.16716279844499285,-0.03675432527792952,0.5625,0.7291666666666666,-0.16666666666666663
vt_h4_c1,45,6be57d38519b75c2666061c66badbe4064548817addfdad55747572c549e7016,0.11728155339805826,0.12821167883211676,-0.010930125434058496,0.14823592271058458,0.17385913363639435,-0.02562321092580977,0.5,0.6875,-0.1875
vt_h4_c1,46,594a5521d19df1f8ae0fadaa93b5cf359790ab257b14cc2e245cf0955b05543e,0.08948189762796503,0.10165418227215979,-0.012172284644194759,0.12616073086740412,0.17469260839925543,-0.048531877531851314,0.6595744680851063,0.7446808510638298,-0.08510638297872342
vt_h4_c1,47,48ae590b81b534e29c7b390465b8ca3bd0526bc215db44d01c72814d4b88d499,0.07237463126843657,0.09390855457227139,-0.021533923303834815,0.09514831207556407,0.16753210451989894,-0.07238379244433488,0.6363636363636364,0.75,-0.11363636363636365
vt_h4_c1,48,5d1bf0b4e4a958193ce199f05d43939cdeadc6017b9104c440c6672c97eadb8f,0.07431581828133552,0.1013129102844639,-0.026997092003128387,0.09603831833602508,0.16559064867548265,-0.06955233033945757,0.6304347826086957,0.8043478260869565,-0.17391304347826086
vt_h4_c1,49,cb5e9130f39d9a16695c8b444e32ef9c5577bedeb4eb8cd5f814f5ea3646ad1a,0.15679239931934202,0.11893079977311402,0.037861599546228,0.2102550226444216,0.1762940166893062,0.03396100595511542,0.6170212765957447,0.723404255319149,-0.1063829787234043
vt_h4_c1,50,d1d07fc1f5ddad333ae8fb93123e24e69a7782142b040f742ebac3eda36c4497,0.14759590120861799,0.12237394957983191,0.02522195162878607,0.19865862175065505,0.15930490175239947,0.03935371999825557,0.54,0.76,-0.21999999999999997
vt_h4_c1,51,1259cedfdfda6260071f91380748d5b33db6fdd90f9862a3064528abee73bbd2,0.08655988857938715,0.09110027855153202,-0.00454038997214487,0.10196463675830388,0.153544211980341,-0.05157957522203711,0.6136363636363636,0.8181818181818182,-0.20454545454545459
vt_h4_c1,52,cde07bcee6cda708fe55c6e8227b1aabb457d8c9579f8c579585af04fdfb7fb7,0.08201523909616396,0.08380189174986866,-0.0017866526537047012,0.10638917115002242,0.16047716180828558,-0.05408799065826317,0.5208333333333334,0.7916666666666666,-0.27083333333333326
vt_h4_c1,53,d10f23d690f157ee3ca9febe3850b194c8a90c92cc611585b9180785ce2b48a7,0.09023279352226721,0.11560283687943262,-0.025370043357165417,0.11469742528920021,0.16437904203616868,-0.04968161674696847,0.6458333333333334,0.7708333333333334,-0.125
vt_h4_c1,54,472b9ade5afb1f834211f5660c9a2dfddca586e8169963671ab0dbce301d57bb,0.12199769053117789,0.11143187066974596,0.01056581986143193,0.15379064705673645,0.1677914218715817,-0.01400077481484524,0.6666666666666666,0.7555555555555555,-0.0888888888888889
vt_h4_c1,55,c98faaca2874da13ae9b38fdd69e396e88ee185d3355e9bce43971d0b89abd6a,0.08659509202453988,0.11380048959608322,-0.027205397571543333,0.11619148780828122,0.17938678272175626,-0.06319529491347504,0.673469387755102,0.673469387755102,0.0
vt_h4_c1,56,6f69b66abd101a4d4adbffb99e2198c89a0f62c77090970427985ce292de8260,0.2053119956966111,0.18758722490606555,0.017724770790545546,0.3061925967112121,0.22736511541867727,0.0788274812925348,0.6875,0.7083333333333334,-0.02083333333333337
vt_h4_c1,57,30cec49593aac4bf08d73a9d0d9e8fab74800b3d92ee5a0118ac8ac461957b08,0.13017824616185275,0.12916341399947961,0.001014832162373136,0.1627674735564089,0.16603075597978784,-0.0032632824233789492,0.5416666666666666,0.8125,-0.27083333333333337
vt_h4_c1,58,42e09caa5fb048e0aa1c226c8725d2295ac945df2a9130d6147bdf06e76ff43d,0.08658536585365853,0.10501662971175166,-0.018431263858093128,0.1208798033374108,0.17018526346512308,-0.04930546012771228,0.6304347826086957,0.782608695652174,-0.15217391304347827
vt_h4_c1,59,8ae4f4338b66e215de62832474fd6843d80b30c403d337c68298d90a558674a9,0.10076177285318559,0.10692715537113877,-0.006165382517953177,0.1313093343564217,0.15880822321469304,-0.027498888858271342,0.6666666666666666,0.7555555555555555,-0.0888888888888889
vt_h4_c1,60,ac9c60033d568c331d4a6a49eed0ca09ac7b93fed4477a3715f9e98ef8ce7871,0.11781690140845073,0.10390140845070421,0.013915492957746523,0.14971544271883272,0.16795004131731442,-0.0182345985984817,0.6041666666666666,0.6666666666666666,-0.0625
vt_h4_c1,61,42b7c23851e47f13baa387d6105c8ed20d85dd670188c25b737a0e783f6f786e,0.13286487880350697,0.12066115702479341,0.012203721778713567,0.17412850070723063,0.16015338091017509,0.01397511979705554,0.5714285714285714,0.8163265306122449,-0.24489795918367352
vt_h4_c1,62,c116902b407bad6303f26ea14eb38f2a1bc9a03e0987838ee4e38657d75670e6,0.08314676616915424,0.10393101305158484,-0.020784246882430593,0.10069277997987769,0.164705164646882,-0.06401238466700432,0.5416666666666666,0.7916666666666666,-0.25
vt_h4_c1,63,6b53729e576ca670149d1dba1d337a7c724dbd8b2bbf93cadb4feb99c67219d1,0.10157704239917272,0.11027734577501296,-0.00870030337584024,0.14089885025314,0.15967336036361462,-0.018774510110474624,0.5882352941176471,0.7450980392156863,-0.1568627450980392
vt_h4_c1,64,09eed5443c072c4685cfe8ba8d7e824255a4ce9a57d10e77b75c748c71a0646a,0.10738726790450928,0.11182396606574763,-0.004436698161238345,0.13121228168347704,0.1714267071915301,-0.04021442550805307,0.574468085106383,0.7659574468085106,-0.1914893617021276
vt_h4_c1,65,d6efe3c0278536a1d9497291db857ff4eb636f04aa6ebae36cc80c7434dd4ed2,0.1043343268753105,0.11691468253968255,-0.012580355664372059,0.14415370950006134,0.1679937635922374,-0.023840054092176044,0.6041666666666666,0.7708333333333334,-0.16666666666666674
vt_h4_c1,66,3335b6b0a59928a52ca38a05e61a12506966f11c00bb98f5d27c3fedc1e59be6,0.10532831001076426,0.10451612903225807,0.0008121809785061884,0.1314830986585636,0.15926479822234058,-0.027781699563776963,0.5957446808510638,0.7659574468085106,-0.17021276595744683
vt_h4_c1,67,12c46b5517b59abec962aa075f8147e718df7d8f9ed3d35a11ca7c5e551e6487,0.1729255643685174,0.10364551555826725,0.06928004881025014,0.2421685962406483,0.16424054069768693,0.07792805554296137,0.5625,0.7916666666666666,-0.22916666666666663
vt_h4_c1,68,64a31621c7e55847e086b784404347d0f01342582ed23a2cb16404ecaee4b949,0.07531055900621117,0.10054381603480422,-0.025233257028593054,0.1034345658670337,0.15479295163736256,-0.05135838577032886,0.6326530612244898,0.8163265306122449,-0.18367346938775508
vt_h4_c1,69,d741e1298f458dc7335352768b7260e55597ab2bbc15888077fa9f585ee5d800,0.1102958579881657,0.09878841607565012,0.011507441912515584,0.13558918114830906,0.15393417986465502,-0.018344998716345956,0.5208333333333334,0.7916666666666666,-0.27083333333333326
vt_h4_c1,70,da5087eaaf45194cd7fd369b36d8ecb844c0677da1934079669911b6f298d372,0.10272901810202964,0.11123148656061436,-0.008502468458584725,0.14305398425990765,0.16280966655211374,-0.01975568229220609,0.5294117647058824,0.7254901960784313,-0.196078431372549
vt_h4_c1,71,2873aafc9d2bfc4340781aed97e854336ade96d51f0c9036608179ff96896d1f,0.11454094940010431,0.11433229003651539,0.00020865936358892279,0.15947710911976273,0.16095601510691077,-0.0014789059871480326,0.6086956521739131,0.7608695652173914,-0.15217391304347827
vt_h4_c1,72,0c2411d2842e7174f8260d6a960edae296167c72808654b4b50bdff39c0dfba5,0.09910126582278482,0.09594081942336874,0.003160446399416081,0.13658678786052988,0.16275866068182263,-0.02617187282129274,0.58,0.78,-0.20000000000000007
vt_h4_c1,73,af8999ec3a8dad4009c3394ef4859532f4cc8512ef221290eaf17c8e9c9f43bf,0.09922343324250682,0.10085924713584286,-0.0016358138933360439,0.1311357011030861,0.16442745959293514,-0.033291758489849055,0.5625,0.7083333333333334,-0.14583333333333337
vt_h4_c1,74,177cc546c0a6eda609b1271fef44da4e6c38d12229290375a71312d3bd212456,0.08852169525731586,0.10508581524482585,-0.016564119987509993,0.11698072393645831,0.16026629823010877,-0.04328557429365046,0.5833333333333334,0.7916666666666666,-0.20833333333333326
vt_h4_c1,75,c527c71b0c9821c3e8acb48f8c7fd2a737d5dbb0bd2b4acd12159067b7368554,0.09674137042761463,0.10450566426364571,-0.007764293836031083,0.13174630082631297,0.16005101668552035,-0.02830471585920738,0.6136363636363636,0.7727272727272727,-0.15909090909090906
vt_h4_c1,76,da0867a8834931474499d51739ead8df2f4667b303a68d4e14c36e65f3c20f33,0.11075553416746872,0.11806692344727972,-0.007311389279810995,0.14531672719122699,0.16642789548643666,-0.021111168295209676,0.6521739130434783,0.7608695652173914,-0.10869565217391308
vt_h4_c1,77,b9d602a53f30e0bf03d868ce67967ddf5e901cb0b2c94b1562c0f4dd112e54c5,0.10388777050830397,0.11483903420523138,-0.010951263696927407,0.14591541002606967,0.16007865613331812,-0.01416324610724845,0.6041666666666666,0.7291666666666666,-0.125
vt_h4_c1,78,d4cf56f3ebd1fac632cd2836f745a0be3559600419d7ecd15ea440ee49b268a3,0.17520618556701034,0.12698760970573056,0.04821857586127978,0.2500648684451072,0.1673616039747406,0.08270326447036663,0.62,0.74,-0.12
vt_h4_c1,79,e8fe1df257b70654303c3cb8777deccbb74aeb80de3926f4075121c763172fb3,0.11192390139335476,0.1072156652360515,0.004708236157303258,0.1465238003636162,0.16633587861762772,-0.019812078254011517,0.5918367346938775,0.7755102040816326,-0.18367346938775508
vt_h4_c1,80,886782aa0230d962996e040707859f78e528203bd7df56301ae58c1257ced353,0.08851277868406744,0.10932226456178554,-0.020809485877718095,0.11499826415556683,0.16861246562364085,-0.053614201468074024,0.6521739130434783,0.6956521739130435,-0.04347826086956519
vt_h4_c1,81,0c9b2e0b28ae2458d3b40e05562f3379f8bd5d06e0779d40ba5bb43b45639a7c,0.11010193413486671,0.10376175548589342,0.006340178648973294,0.14241196313076648,0.1701473224667578,-0.027735359335991305,0.6041666666666666,0.7708333333333334,-0.16666666666666674
vt_h4_c1,82,8ff2066d2c4175a96095baa8bc694a6658560b0d6971431e9cb0e7ce7d07fe81,0.14230449251247917,0.11274265113699389,0.029561841375485287,0.1782610743753156,0.1526552853497895,0.0256057890255261,0.5306122448979592,0.7959183673469388,-0.26530612244897955
vt_h4_c1,83,3cb51a829510f05c887f9f952314571878af28442afad2116ce6d0839dcf8f4e,0.12162487945998073,0.1119879518072289,0.009636927652751828,0.15508206150416823,0.15925368460036454,-0.004171623096196314,0.6170212765957447,0.7446808510638298,-0.12765957446808507
vt_h4_c1,84,c1206aeb70097d9b68a051ef9f41657d45fa6c80ed3625942e4eee7622868328,0.14776836158192092,0.15542986425339364,-0.007661502671472725,0.20438102404860473,0.18678759724108454,0.017593426807520185,0.6590909090909091,0.8181818181818182,-0.15909090909090917
vt_h4_c1,85,d323e7442704e9b695c1a4dc63f9535c3fe0ca17a274b633ec0d20144adfb099,0.09453013763644993,0.10193402942572379,-0.00740389178927385,0.12085735244655853,0.1566428949733808,-0.03578554252682227,0.5319148936170213,0.723404255319149,-0.19148936170212771
vt_h4_c1,86,a6fdb7c0fa2a2d0774959db54f51eeb9a2a3d141f080814de70db279c9a062db,0.10759653049804141,0.10998045784477943,-0.002383927346738021,0.13707748406035797,0.17169645482317267,-0.0346189707628147,0.6170212765957447,0.7021276595744681,-0.08510638297872342
vt_h4_c1,87,d0b2e3e641320bf4f6500752e8abc508cfd5758782da50e82db048fec70eda1a,0.16796681525507676,0.13834158415841585,0.029625231096660903,0.25445106272075535,0.1782245497493043,0.07622651297145105,0.6363636363636364,0.75,-0.11363636363636365
vt_h4_c1,88,8e1ce1cc51dbca011424ed8e973349adaebfd6078e666aad04e9c597f89a3a09,0.09892034548944337,0.10690978886756237,-0.007989443378119007,0.13159650612110466,0.1587483931371218,-0.027151887016017145,0.6304347826086957,0.7391304347826086,-0.10869565217391297
vt_h4_c1,89,ed5d47ead636f5fd8d013e248ef6dc1492c82816cfa3617fe446f1d22fb84a3f,0.15801435406698566,0.10319968135953266,0.05481467270745301,0.2149270431621877,0.1603291287864222,0.0545979143757655,0.5681818181818182,0.7954545454545454,-0.22727272727272718
vt_h4_c1,90,aac4b52d2cc925a4cd0fb45a288bd405388f878f59c6cb7d982bfd0f303168d1,0.13218577866800202,0.14070929070929075,-0.008523512041288733,0.18022906994613522,0.17831448163796018,0.0019145883081750359,0.5,0.8043478260869565,-0.30434782608695654
vt_h4_c1,91,15f4aac74cea2a72bc6269f8edf73d40c308722c21f5f1c976de0d3ca180cd67,0.09886742966142108,0.11533412887828161,-0.01646669921686053,0.13144305441159831,0.1667811528826762,-0.03533809847107788,0.6086956521739131,0.7391304347826086,-0.13043478260869557
vt_h4_c1,92,1e65042fbbeb9fc35ba219b90ef4f3e12a3fcf6bc55fb8245192c6212f2c06ba,0.10674644923724357,0.10605981112277021,0.0006866381144733508,0.1477766157131386,0.15745855098352163,-0.009681935270383024,0.5625,0.8125,-0.25
vt_h4_c1,93,4bbf17f37e12bc17b3e8cd1013adf22f366bd6e21dfe9ea394414d3cfe753c36,0.11028769118718137,0.11289204959883295,-0.002604358411651575,0.1264598534219987,0.16083863972516474,-0.03437878630316604,0.6086956521739131,0.6956521739130435,-0.08695652173913038
vt_h4_c1,94,8081e6c8eba209f66ec8027700190f5a7d0c8678adaad9366d4ff2b1e318701b,0.10817617866004962,0.12477667493796532,-0.016600496277915697,0.13732636507925025,0.16936810648842743,-0.03204174140917718,0.5686274509803921,0.7058823529411765,-0.13725490196078438
vt_h4_c1,95,257a0e20deeb10f0ddeb84293368d87173e3c9abd89584c78fb047c17862e4d6,0.09507534983853608,0.09901828940290477,-0.003942939564368697,0.1305528270441733,0.15985887741934385,-0.02930605037517056,0.5652173913043478,0.782608695652174,-0.21739130434782616
vt_h4_c1,96,70cbe0e756688121983052d32711182488292696366b383f0116cf627cfef756,0.09537444933920705,0.10239726027397258,-0.007022810934765533,0.12773018123506735,0.16145329633876543,-0.033723115103698076,0.6136363636363636,0.7954545454545454,-0.18181818181818177
vt_h4_c1,97,0a83a485b73759e33598de4fd6c1640c86ed5f6323d7054f4410dfb6ee4091a6,0.11507772020725389,0.10739254272397722,0.00768517748327667,0.1394376595842696,0.16439704172180097,-0.024959382137531377,0.5777777777777777,0.8,-0.22222222222222232
vt_h4_c1,98,861fe192ba7dce3af522ee9002b4c7286af7f0c8570f64ce91dbfc8f4919d1c9,0.10772132796780684,0.11705630970336853,-0.009334981735561687,0.1503141893633496,0.16245700602340624,-0.012142816660056649,0.5217391304347826,0.7608695652173914,-0.23913043478260876
vt_h4_c1,99,12368cf8cebdbc7e5dca74f3bb518c9f3a14abade85b833e3076a3bed8c49962,0.15351731601731602,0.10219155844155843,0.051325757575757594,0.2193586254028983,0.16341488743941782,0.05594373796348048,0.6739130434782609,0.7391304347826086,-0.06521739130434778
vt_h6_c1,0,eaa0a70f657de858b272d4f151c170c55e189d5a8d1b9d08195ab0dc72911c07,0.09446107784431132,0.10971164309031553,-0.01525056524600421,0.11813369378162253,0.1742144454315529,-0.05608075164993037,0.5396825396825397,0.6666666666666666,-0.12698412698412698
vt_h6_c1,1,b4db576497d91146fe001b2ad3d707e7b4711408d8287a933411c7b58173d845,0.09327492034592626,0.10072859744990892,-0.007453677103982662,0.12104195210861446,0.17841255181555668,-0.05737059970694222,0.43478260869565216,0.6086956521739131,-0.17391304347826092
vt_h6_c1,2,51a4d13cbe9e93a1eec1df1bc4d77a5dd7b241f66fd758106f4fab49330f11e9,0.08616092496460592,0.11428739971684758,-0.028126474752241656,0.12353118996625567,0.1744416911307898,-0.05091050116453413,0.53125,0.65625,-0.125
vt_h6_c1,3,0a9ff78acda5674add38ecb1a52b5067965249271bd64fa62b1753a6d585fa1b,0.09510463378176384,0.11986540378863411,-0.02476077000687027,0.113793554576845,0.18354367721184855,-0.06975012263500356,0.5072463768115942,0.6086956521739131,-0.10144927536231885
vt_h6_c1,4,e330a6b80fb25535ff2262f6bb5f06803765b6d3440303416f8e66e50a99106b,0.12122641509433962,0.13390350877192983,-0.012677093677590207,0.1553580189924654,0.1783532151275471,-0.02299519613508169,0.5,0.609375,-0.109375
vt_h6_c1,5,14725fc025cbf4fc8d6f18e8289b6bd7ddd33a9e6fb6bf13a9e418f87f0086ba,0.1377066603684459,0.1378895184135977,-0.00018285804515180692,0.1765063175691898,0.17793562666781465,-0.001429309098624848,0.546875,0.6875,-0.140625
vt_h6_c1,6,34cb9be6ab1a11960a67933901fd4d915cadc07d856530260d8190169e0cd196,0.09442369263607257,0.11768943436499466,-0.023265741728922082,0.11449897583855655,0.17475087380663468,-0.06025189796807813,0.5074626865671642,0.6716417910447762,-0.16417910447761197
vt_h6_c1,7,6a77547e36455db6e81a2b6633759a567bca1baa2d130d92ea6c5663a13e1906,0.12206300331596402,0.1133357041251778,0.008727299190786228,0.15510024284494764,0.17659205652481796,-0.021491813679870325,0.47761194029850745,0.6567164179104478,-0.17910447761194032
vt_h6_c1,8,05566b92c3d0809c1036f335381c60ea9358b32a428501b9818da0dcf522b7ce,0.1259972801450589,0.11562500000000002,0.01037228014505888,0.1564669826499884,0.17174952970667412,-0.015282547056685719,0.47058823529411764,0.6617647058823529,-0.19117647058823528
vt_h6_c1,9,2e71ea7002cb1545519b31258e5b1d4a69988c8db0753032213ba191bf7355d7,0.10496406109613657,0.11130444544229907,-0.006340384346162506,0.13522703021672935,0.17627431958801912,-0.041047289371289764,0.4852941176470588,0.6323529411764706,-0.14705882352941174
vt_h6_c1,10,bbef4dfd094f5b1722cd9b7dae537cd46ea98a24e64d055cfa9a33e380521297,0.09735294117647057,0.11613179813816758,-0.01877885696169701,0.12614213543091815,0.17109401397906882,-0.044951878548150664,0.47619047619047616,0.6984126984126984,-0.2222222222222222
vt_h6_c1,11,54c30ac4a35103ba5841c3c5a4f00519227a929f7c9772dc1d69d073da480283,0.10086071987480438,0.1236312084473993,-0.02277048857259492,0.13605998321586182,0.17821208151688328,-0.04215209830102146,0.45454545454545453,0.6666666666666666,-0.2121212121212121
vt_h6_c1,12,7d0b138866e6acad5b4efc4fa76bf1f748767b92dbccb2238ebca5e8c9a74c0f,0.13154056517775753,0.1303832116788321,0.0011573534989254286,0.1645054791023812,0.1699534373808043,-0.005447958278423093,0.53125,0.625,-0.09375
vt_h6_c1,13,7d6849adb2840908389062cef9b34ec414ee745e729058e4fcbb0f11c3eec681,0.11810511089681772,0.12471126082771895,-0.006606149930901237,0.14321825096238489,0.17252941234934172,-0.02931116138695683,0.5,0.6617647058823529,-0.16176470588235292
vt_h6_c1,14,80b95b076a5d3795643938efec7dfe1780c307f6da7535aa07806e2a904dcc8a,0.1235274431057564,0.12803300624442462,-0.00450556313866822,0.15910734364378581,0.18059187510749655,-0.021484531463710738,0.484375,0.65625,-0.171875
vt_h6_c1,15,a933293af599bb52f974fb5a011af5a999667c63959acf059a48fffef7f0902c,0.11120087336244541,0.12024432809773122,-0.00904345473528581,0.1482145438232456,0.1781033221492212,-0.029888778325975612,0.5,0.6515151515151515,-0.1515151515151515
vt_h6_c1,16,bc2031ea1418f39612865b572e5574a4395354e914c1a1436043e3b4ab371d33,0.12121695533272565,0.1369654231119199,-0.01574846777919424,0.145370418179754,0.17978589489025726,-0.03441547671050327,0.5588235294117647,0.6323529411764706,-0.07352941176470584
vt_h6_c1,17,ca767c1710b7952addb7bc4d76d1a0eb45d8c9f57aaa006917a500def295dd59,0.10988848429676831,0.11757741347905284,-0.007688929182284532,0.13216471066470672,0.17438901025861875,-0.042224299593912024,0.5,0.6323529411764706,-0.13235294117647056
vt_h6_c1,18,d88e0b2b4f0143e8f71b68c0e4749d725ccb328fff9fed53a177ed4093ae12d4,0.09925842131724485,0.11018891687657431,-0.010930495559329456,0.12019076506146723,0.1711070479076973,-0.050916282846230065,0.546875,0.71875,-0.171875
vt_h6_c1,19,9218d9bb3883f53b9eb0eba0f3019c722b3775d30c4478d2dfcbb4d0399804df,0.1000261780104712,0.11265044479330195,-0.012624266782830754,0.1295201737782488,0.17678052244568515,-0.047260348667436364,0.5217391304347826,0.6666666666666666,-0.14492753623188404
vt_h6_c1,20,7e514987518a71419f1b6c3873d3507109c5de0b8f216c3f02c36c4e15ad7fa4,0.10785841495992876,0.12705082478823007,-0.01919240982830131,0.13304382417468896,0.18238564923445671,-0.04934182505976775,0.45454545454545453,0.6515151515151515,-0.19696969696969696
vt_h6_c1,21,5aed89cf86ac732ef696dc0adbe4a63bd4d208d3ae7faaa6a25e326d8674452c,0.10968208092485547,0.1161934552454283,-0.0065113743205728325,0.1290118741353588,0.1740070283047552,-0.044995154169396395,0.5,0.6363636363636364,-0.13636363636363635
vt_h6_c1,22,a02e6219610d3564b05890c0f8b8853e15fc5d31a5f69b2a82bfe895c652291c,0.10939153439153437,0.1323943661971831,-0.023002831805648716,0.13317361480554674,0.17243219729908182,-0.03925858249353509,0.4393939393939394,0.6515151515151515,-0.2121212121212121
vt_h6_c1,23,e3abae8d3aa678727a262ac4a6a01b086e417a5167bc2d21dd59d1d168acfb6c,0.13308558558558564,0.13448081264108352,-0.001395227055497883,0.16443569806909766,0.18299922371011249,-0.018563525641014822,0.45454545454545453,0.6666666666666666,-0.2121212121212121
vt_h6_c1,24,71550ea7f949300e33b0de82d05b21bdf9a2594a8877c06fbcf8d4d9939546bf,0.09726308957161403,0.10024838012958963,-0.002985290557975598,0.13178277779208558,0.17523860495933447,-0.043455827167248884,0.463768115942029,0.6521739130434783,-0.18840579710144928
vt_h6_c1,25,389b2182e03f49faab17f1b706c94a1970b7559573aa075ed5e7cc6f49e6c140,0.1164222222222222,0.11868608270342376,-0.0022638604812015573,0.1438772887849103,0.17352760151721822,-0.02965031273230792,0.515625,0.671875,-0.15625
vt_h6_c1,26,a5995f06612a00950bfe3b8cc20739e78666dbe2969a753dbc7544017b314e06,0.11436170212765957,0.1306423611111111,-0.016280658983451532,0.14436294770080568,0.17685197527376734,-0.032489027572961654,0.45588235294117646,0.6470588235294118,-0.19117647058823534
vt_h6_c1,27,a39ae9006007e31b1e2ff31f32a6d63e6ecb22fd57c84bab082faf45c868c3aa,0.09621661721068249,0.11803015323776571,-0.02181353602708322,0.1223980723707205,0.17369242045303016,-0.05129434808230965,0.5151515151515151,0.6666666666666666,-0.1515151515151515
vt_h6_c1,28,2a7e21c70f22ffe75d547fde72e64ffd94d41756101f65d40c9668d9d8287a72,0.10851955307262569,0.12495340167753959,-0.016433848604913898,0.13924180645367945,0.18220722430569336,-0.04296541785201391,0.49230769230769234,0.6461538461538462,-0.15384615384615385
vt_h6_c1,29,c6d0bdc8592356e17592eab344946f8a093116b8984e1063b7fc0897c939e0b2,0.1373728813559322,0.11181085665818491,0.025562024697747293,0.17648590968697672,0.17709238191419602,-0.0006064722272192957,0.46153846153846156,0.6615384615384615,-0.19999999999999996
vt_h6_c1,30,ae26a8cea418ac58ce2f3851285d51dd06690a7ced857caeff545dde975db258,0.11002242152466368,0.12105204127411391,-0.011029619749450228,0.1379313849258586,0.170539730186361,-0.03260834526050241,0.484375,0.640625,-0.15625
vt_h6_c1,31,8b4a447153224b1e167bc94593ab762553cb0cfeda41d85f019b6f578602b39f,0.10753393665158373,0.11387381275440978,-0.0063398761028260475,0.13058353815263102,0.175525702444782,-0.04494216429215098,0.515625,0.703125,-0.1875
vt_h6_c1,32,6fb828d041bf6b67c7ac1a9723dff0383cd1c5732bffb6ec98cbcc29be8b174c,0.10337219935985367,0.1143461362597165,-0.010973936899862827,0.14090927599657388,0.17957491084261115,-0.03866563484603727,0.5625,0.640625,-0.078125
vt_h6_c1,33,77e00a524b8009aba35e51d81b71dddd26c16957bb56c37dedaa2cb03de6cb28,0.09395810955961333,0.1022410091250671,-0.008282899565453777,0.11435952052800466,0.1713386551989905,-0.05697913467098584,0.5,0.703125,-0.203125
vt_h6_c1,34,ced8da9815033c20e319738110de727c8d89b392dbbd53e0b44310d3816c627a,0.09323129251700679,0.10679963735267453,-0.01356834483566774,0.1306604060320588,0.17556185588660597,-0.044901449854547165,0.47692307692307695,0.6615384615384615,-0.18461538461538457
vt_h6_c1,35,d0559248915137bfe94632c218d1b584c59214b85664d4844f5ce6aebd1067fc,0.11744486156733931,0.10755977496483823,0.009885086602501078,0.13998106343335065,0.1742247876177227,-0.03424372418437205,0.5074626865671642,0.6268656716417911,-0.11940298507462688
vt_h6_c1,36,93e9df8b578b686f6ca9766a66fb6e0315bc4ba9113b25f8cedd482aefdfab40,0.11599350046425257,0.13131383472609098,-0.015320334261838417,0.1503396795189285,0.1832344256456763,-0.03289474612674781,0.5230769230769231,0.6615384615384615,-0.1384615384615384
vt_h6_c1,37,9b06657350525ec63b70434404453bc471e3d46e6cc0a4d0dd685ed251c00f3b,0.12324295010845987,0.1256287944492628,-0.0023858443408029395,0.1544382437378661,0.1815914288025052,-0.027153185064639096,0.5072463768115942,0.6231884057971014,-0.1159420289855072
vt_h6_c1,38,81b2864a7301334031492dc9cc5dd9d30fabcc14f04c2ad2d59fec2eca893838,0.1535652920962199,0.14889342501074349,0.004671867085476428,0.20933209499124034,0.18414867933343318,0.025183415657807157,0.46875,0.65625,-0.1875
vt_h6_c1,39,3159ce073361f4ac5a8bd8df2b4fddb094c11e4c12d27d82462461d8bdfd1590,0.09862997658079624,0.10725655430711611,-0.008626577726319876,0.1353273172186163,0.17568900967757708,-0.04036169245896079,0.5151515151515151,0.6515151515151515,-0.13636363636363635
vt_h6_c1,40,3c82a7bfc75e018404214b4f2e6f64ba399c0e92ce0e3262f24fab7ad6104295,0.11706939281288724,0.1228332645480809,-0.00576387173519366,0.1552953307026841,0.17154734859540186,-0.01625201789271777,0.5,0.640625,-0.140625
vt_h6_c1,41,3ac536218bec072990c8174190f72db4a8be44ae7ee15f020eaf869256d99299,0.10937499999999997,0.12117202268431002,-0.011797022684310043,0.12440630613443052,0.18169079905199953,-0.05728449291756901,0.4852941176470588,0.7058823529411765,-0.2205882352941177
vt_h6_c1,42,77673c8392333218462eb3ad0c020b8115e340b18585c620089713aa2679fcc0,0.11668877099911587,0.10918727915194346,0.007501491847172415,0.14794835529940514,0.17916479272878116,-0.03121643742937602,0.47761194029850745,0.6268656716417911,-0.14925373134328362
vt_h6_c1,43,e757d2986c0bc004fd5fd54abeb9a7688a906e976b38e15bf423fa944e873a7d,0.09972430524922804,0.12526490066225165,-0.025540595413023615,0.1275841348017895,0.174614712518885,-0.047030577717095484,0.5230769230769231,0.6307692307692307,-0.10769230769230764
vt_h6_c1,44,32496951a238ff3a64f5811e504ef2a06d9570dd770bd565e87f3b01c57d1e56,0.11040917266187049,0.10407290729072907,0.006336265371141417,0.15213458442851646,0.17534276423520295,-0.02320817980668649,0.5076923076923077,0.6615384615384615,-0.15384615384615385
vt_h6_c1,45,db1e8e16f285862d00ebc99cd0ce73eb7ecf4bfaf6b76e53bf9230b01954c282,0.11739872553482023,0.12898451730418944,-0.01158579176936922,0.15415666672778044,0.1818080833758077,-0.027651416648027255,0.4852941176470588,0.6323529411764706,-0.14705882352941174
vt_h6_c1,46,9562770a0785d7ffd0d158d3bee8c296bfbe564022fb4d5db1f121e0a7c5ca63,0.12849056603773584,0.12424528301886792,0.004245283018867924,0.16041679953960317,0.18369836218410956,-0.0232815626445064,0.5625,0.640625,-0.078125
vt_h6_c1,47,fb54efd9903fd63c49deb4ccf1456a86d2521d5d0e6fe0428a4a6ded7b0b6dab,0.10606312292358806,0.10193036475603981,0.004132758167548253,0.12314719482583303,0.1670439354263047,-0.04389674060047166,0.4696969696969697,0.6818181818181818,-0.21212121212121204
vt_h6_c1,48,0773f030cdfc714ba1d1783e40b57f58bf430240c1aae742c90794e0e654d17b,0.09103396603396605,0.10951548451548451,-0.018481518481518466,0.12229209901436917,0.18136711316110876,-0.05907501414673959,0.5555555555555556,0.6507936507936508,-0.09523809523809523
vt_h6_c1,49,2c10715ce49efb24feabcdaae79062238073111e30c561aa2e84cfb6bde722f9,0.12610752191970467,0.12283609576427254,0.0032714261554321333,0.16088536741026277,0.17403483228638184,-0.013149464876119066,0.4838709677419355,0.7096774193548387,-0.22580645161290325
vt_h6_c1,50,a2fad755171486cbc27295de548aefb0654aed8de021559a2b54d19b55b615e6,0.11950413223140496,0.13038079470198674,-0.010876662470581777,0.15058447193041216,0.17814525319536503,-0.02756078126495287,0.5,0.6818181818181818,-0.18181818181818177
vt_h6_c1,51,64a0cec0c524ef9a2fb470c7b618557298e08e12f10b722acd4b6f5d988107e9,0.14923385195662422,0.15061205273069683,-0.0013782007740726077,0.19366184365854466,0.18903247379460217,0.004629369863942495,0.4411764705882353,0.6176470588235294,-0.17647058823529416
vt_h6_c1,52,789b6b3c152cb9ab45a03a88de7db20efc28ce68795929c77135aba96e9a07fb,0.11407795805302731,0.12266429136975458,-0.008586333316727271,0.13669720333563418,0.17190178895111932,-0.035204585615485146,0.47761194029850745,0.7014925373134329,-0.2238805970149254
vt_h6_c1,53,c6318bfd20bb646fd6230b7e2d903f0e9787e83e68d5f2aabf13f44c8924fe5b,0.10056221889055472,0.11769634817408703,-0.017134129283532307,0.13272444101900588,0.17913316199388563,-0.04640872097487975,0.5,0.6111111111111112,-0.11111111111111116
vt_h6_c1,54,8b630448a1a5e3a68e97ca65a5863688503f7a65c9a81918447705e6b2b7f6bb,0.08649312377210217,0.11702755905511812,-0.030534435283015957,0.0992295514062588,0.17920264839123218,-0.07997309698497337,0.5151515151515151,0.6666666666666666,-0.1515151515151515
vt_h6_c1,55,4fcf6b55deda17ac5c14896d60146610891aa1492c8c93378ebcec44781776b3,0.11033576975788029,0.11727957971676566,-0.006943809958885369,0.13243081838474263,0.17964513255814749,-0.04721431417340485,0.4927536231884058,0.5942028985507246,-0.10144927536231879
vt_h6_c1,56,31c8b3ea8e85cb88271305374987923a8c178e122da03f708d89f7ddc188ca5a,0.09491588322612568,0.11091201186356896,-0.015996128637443277,0.1308495776307907,0.1852243365168406,-0.054374758886049895,0.5303030303030303,0.6515151515151515,-0.12121212121212122
vt_h6_c1,57,3c4bcea1298dc9e222fcd9f61ad55b48f0b8a74424487a49a07fbe325572ec4e,0.11840369393139842,0.1332306338028169,-0.01482693987141849,0.1504534657616033,0.18285859403872587,-0.03240512827712258,0.515625,0.625,-0.109375
vt_h6_c1,58,3a3ab58a93ba18613cd3c7524f42daa95968720ec593286237699f4bd860db07,0.10998915401301516,0.12517368649587496,-0.015184532482859794,0.14827630252355756,0.17030466143504097,-0.022028358911483414,0.546875,0.6875,-0.140625
vt_h6_c1,59,585d4716c29f6e423eb18c72bc4471b9a04411b50bfa9d1b859b15b43b3d10c3,0.12524003840614498,0.13880883765609991,-0.013568799249954938,0.17047414334019428,0.18633836512395835,-0.015864221783764065,0.515625,0.640625,-0.125
vt_h6_c1,60,cec08ed8f20f56bbcbb98e5a80da40a8794a2dba8ed6c247eb4385b377aa288c,0.0885776855693868,0.10481524249422633,-0.016237556924839525,0.11172739692440596,0.17120848796751634,-0.059481091043110376,0.45161290322580644,0.6774193548387096,-0.2258064516129032
vt_h6_c1,61,fd677302150fb546f809fcfa658a61537730f500cbc4a3492a41942576085334,0.13195116586009678,0.12495606326889279,0.006995102591203992,0.16159050908916167,0.1796810212592294,-0.01809051217006774,0.546875,0.703125,-0.15625
vt_h6_c1,62,cd4c0d6ed8e9b6327593826fc905213d72c561fb7743baefdc2b9bafe7ccb49b,0.0900765076507651,0.10929342934293432,-0.019216921692169223,0.11754233000563233,0.177254291030555,-0.05971196102492268,0.4696969696969697,0.6060606060606061,-0.13636363636363635
vt_h6_c1,63,5ab09612e4138742ee041ba35548159576a76b2f86b8c242e2e9ab469d6cbbe7,0.11630014499758339,0.12828502415458937,-0.011984879157005981,0.15353121234669903,0.18031000533073321,-0.026778792984034183,0.4857142857142857,0.6,-0.11428571428571427
vt_h6_c1,64,bdc0da73e779346b30b683d351616d15a7d372dba0b95a9373a7e40863c4c27d,0.12428385416666665,0.13694613379669854,-0.012662279630031886,0.16388374941630865,0.17983832685369133,-0.015954577437382683,0.5,0.6363636363636364,-0.13636363636363635
vt_h6_c1,65,423db638034b4d124b5a7def28e446f8df0eb2ba5b668a8f3a971bc0f58f4f50,0.12952358036573625,0.11422040423484119,0.01530317613089506,0.1597321056507573,0.17605144380048848,-0.01631933814973119,0.5074626865671642,0.6716417910447762,-0.16417910447761197
vt_h6_c1,66,0ddacf352ece710de98d739872ac94fde621653e03b16c16e30eb1fa21fdff30,0.08746231155778894,0.110556114745848,-0.023093803188059064,0.11623568029693528,0.17201287009636024,-0.05577718979942496,0.5625,0.65625,-0.09375
vt_h6_c1,67,defa52a2bafde883425afd1272f8755351c4f5d80b8b2215e1098585383985d3,0.12172371638141807,0.1297945205479452,-0.00807080416652714,0.1566875563991604,0.18054511348503186,-0.02385755708587145,0.4492753623188406,0.6521739130434783,-0.2028985507246377
vt_h6_c1,68,c9d4e5302a9b34206dd96501304b8a329fe010bc9687ad72de4b80dc0fb65886,0.09610467920887603,0.13453757225433524,-0.038432893045459215,0.11961897210679524,0.18148824699156657,-0.06186927488477133,0.5161290322580645,0.6935483870967742,-0.17741935483870974
vt_h6_c1,69,5802de6e2ec6e9a83501d441ffec92cfca49592de085eee708bcc09f8dc1be42,0.10145654250238775,0.11543977055449331,-0.013983228052105556,0.11942655114289993,0.17432327189284647,-0.05489672074994653,0.484375,0.65625,-0.171875
vt_h6_c1,70,8dd93ac4b8b7499cf40c56706cf386a725ac2f44cacf0e0c5a0ab1348ae51147,0.08525773195876289,0.11183127572016457,-0.026573543761401683,0.11086843855333914,0.17559985945468598,-0.06473142090134684,0.5142857142857142,0.6142857142857143,-0.10000000000000009
vt_h6_c1,71,9c9f350e6ed6c6402653e51c86eafd65eb9dd4ebdc4f0f04dbc9117ba872cfd3,0.12411727616645649,0.13182199832073888,-0.00770472215428239,0.16791844912009082,0.17928531144727072,-0.0113668623271799,0.47692307692307695,0.676923076923077,-0.2
vt_h6_c1,72,0552d733f595992ec5cb7d9158d231245631e2722f0ab23260969c8341408ee9,0.07697524988100904,0.10616975748930102,-0.02919450760829198,0.09618613724678018,0.1695568062538238,-0.07337066900704362,0.5625,0.6875,-0.125
vt_h6_c1,73,935d17724b69eeb950472983d92055ebd67cd2e200cb26de996592abce548f88,0.17248574390876104,0.13281573498964802,0.039670008919113015,0.24749845325814737,0.18240634751909135,0.06509210573905602,0.5151515151515151,0.6515151515151515,-0.13636363636363635
vt_h6_c1,74,47b09cbd63d5f50e800b03c85b13c778de12d279b53b7996e431edf362ad8168,0.08317893065113817,0.10839502908514013,-0.025216098434001966,0.10581289641155071,0.18208121271958594,-0.07626831630803522,0.5625,0.71875,-0.15625
vt_h6_c1,75,ac8386bf48374c7bf05a5d532183a41669d3dafa2d6ba3a02e9eec7035e9c5ed,0.12288235294117644,0.1344543744120414,-0.011572021470864946,0.15853326052082406,0.17378763846781875,-0.01525437794699469,0.532258064516129,0.6612903225806451,-0.12903225806451613
vt_h6_c1,76,4c742a3852a1990ed50e65d0a55ca7471d02ee606e8c93608668f71315e380f7,0.29777999275099676,0.245355587808418,0.052424404942578745,0.467966685218003,0.3026555223867773,0.1653111628312257,0.45161290322580644,0.6290322580645161,-0.1774193548387097
vt_h6_c1,77,5a8066caea462fc1221a0912be32b2bd7fcff7d1171afc7df7f26e26c6bb6684,0.17479973297730306,0.15806631063640408,0.016733422340898974,0.24979077235389843,0.194388542676113,0.055402229677785436,0.5303030303030303,0.6363636363636364,-0.10606060606060608
vt_h6_c1,78,682f9ab2c4ce38a602e8afab89d2b2338b7eb45c7ad6cb55882645b5b3064cf1,0.14954500737825865,0.13559113300492606,0.013953874373332592,0.19748028366887316,0.17707627094511472,0.02040401272375844,0.5294117647058824,0.7058823529411765,-0.17647058823529416
vt_h6_c1,79,30ef75ad030b960fba0ad9000c546063158d839b15965de8774c7011830da99c,0.14914589104339795,0.12437673130193905,0.024769159741458907,0.20307002452625195,0.17325801182133724,0.02981201270491471,0.5,0.6363636363636364,-0.13636363636363635
vt_h6_c1,80,3f2012eb9e41f7093f0fe968477d8511edfdfca6bd9e223b7e1f1630f3a95d1f,0.1327051228654727,0.1508843112775697,-0.018179188412097008,0.17202062812135827,0.1830530922728925,-0.011032464151534221,0.45454545454545453,0.6666666666666666,-0.2121212121212121
vt_h6_c1,81,45f841a89ec1be86bf9719d15ffa3f260c136e10bcff6eb18e682a32a18681d9,0.11153426451331297,0.12746294681778553,-0.015928682304472558,0.15187501216904362,0.1777565128262389,-0.025881500657195272,0.5606060606060606,0.6515151515151515,-0.09090909090909094
vt_h6_c1,82,bddb80653a0eba70b565f16b24e59a2ddf7d36b7a1ae3b77f10cbbc3ae7b5406,0.06809026007139216,0.08810679611650485,-0.020016536045112693,0.09389206057504607,0.17614939146350278,-0.08225733088845671,0.5384615384615384,0.676923076923077,-0.13846153846153852
vt_h6_c1,83,59e221da99f9e719eafddfad229d780cb50f06dfc25185c3d0eb6838778f06bc,0.10290594498669034,0.13103371783496004,-0.0281277728482697,0.1291221408123973,0.17467592788443723,-0.045553787072039914,0.46774193548387094,0.7258064516129032,-0.2580645161290323
vt_h6_c1,84,68a52b18bceae2f0d321c4ab86cb8e075a1e0e2d8b00c4bb7d6d55cd1a3dfb67,0.09947354904982023,0.10883786557208826,-0.009364316522268032,0.12654672336733797,0.16954431661140862,-0.04299759324407065,0.5161290322580645,0.6612903225806451,-0.14516129032258063
vt_h6_c1,85,4f9788024685e2011c3f6719824c028be3d569219ffd720383a4c87d4cad07d3,0.1,0.12495479204339963,-0.02495479204339962,0.13285674904557904,0.17457327201650766,-0.04171652297092862,0.5,0.6818181818181818,-0.18181818181818177
vt_h6_c1,86,3ad4e24751bd4061fdcd42f272f62c1299130500579356dc26ac266137d43230,0.0766895459345301,0.11681193872160592,-0.040122392787075814,0.10824504650409447,0.18098764594990452,-0.07274259944581005,0.4852941176470588,0.6176470588235294,-0.13235294117647062
vt_h6_c1,87,d2201d7365b92c29e3136535ffc1d050e0dd4714ed017772a094721a66de7a91,0.1049081035923141,0.11315403934700712,-0.008245935754693012,0.14424383848055866,0.1813367238325494,-0.037092885351990734,0.4696969696969697,0.6666666666666666,-0.1969696969696969
vt_h6_c1,88,6820d11168eda8aaf1f298ee6996ccd224642cdf96803455118f47acb01fede2,0.13823681489141676,0.11988372093023256,0.018353093961184203,0.1853764192078095,0.17446862468598257,0.010907794521826941,0.515625,0.75,-0.234375
vt_h6_c1,89,03744b28471bdfd4d934a3a43bf57be9357ce481dbdeb69055b2f3bf01783697,0.08563106796116504,0.10316593886462884,-0.017534870903463798,0.11909712913476855,0.17537029136808427,-0.056273162233315716,0.5151515151515151,0.6515151515151515,-0.13636363636363635
vt_h6_c1,90,54ee0690e3b60a93287b9891d388a213d5377c61351e3d466c4dbf49fc3cc9db,0.12884254920337396,0.11951219512195128,0.009330354081422673,0.1655979343908091,0.16868196294926788,-0.003084028558458768,0.5454545454545454,0.6666666666666666,-0.12121212121212122
vt_h6_c1,91,929a1ecb4a70b00a0cd747355e2fe0c317ae7aff9926f892b539db9404d2a363,0.11453336240732666,0.1127124183006536,0.0018209441066730642,0.1341427726312786,0.18027554030574117,-0.04613276767446256,0.5409836065573771,0.6885245901639344,-0.14754098360655732
vt_h6_c1,92,c03225a337e25124777594c19520db83336a609864305c22ac78618ed0bce790,0.10146276595744678,0.13357015985790405,-0.03210739390045726,0.13309568386685744,0.18085400926950074,-0.0477583254026433,0.484375,0.671875,-0.1875
vt_h6_c1,93,15d92b452eca53ad48c5c763735002423fbf732d244602dca1979d806a71abd6,0.15433940774487467,0.13748291571753987,0.016856492027334802,0.20157803950277686,0.17607896506192972,0.025499074440847147,0.4782608695652174,0.6231884057971014,-0.14492753623188404
vt_h6_c1,94,d69eb754b8e5186b7921aec42ee061132a1f75e5d210831010af609055a2720a,0.0859437751004016,0.11094377510040161,-0.02500000000000001,0.1032314457585517,0.17379021122537366,-0.07055876546682197,0.546875,0.671875,-0.125
vt_h6_c1,95,0d829d8c96acc84d51d03e6b6b0bb786bb571e1764498640f8bb35365a9d0771,0.09052808988764045,0.11034831460674158,-0.019820224719101123,0.12286329692570841,0.1786409927792926,-0.05577769585358419,0.47058823529411764,0.6617647058823529,-0.19117647058823528
vt_h6_c1,96,ba73e383cbec3e4e2969e35f1dfb7b3ebbd6c0a75931320654514e66cae5e7ee,0.14590637024369393,0.1497003424657534,-0.0037939722220594607,0.1977001729621426,0.186174979214706,0.011525193747436602,0.4696969696969697,0.7121212121212122,-0.24242424242424243
vt_h6_c1,97,925595c93412ad30588ddaf0bcc1d02edb7d576dfabb924ae67995b54e04fc58,0.15601118359739052,0.13567599067599062,0.020335192921399903,0.21176060460911636,0.17979257229271597,0.031968032316400385,0.5,0.696969696969697,-0.19696969696969702
vt_h6_c1,98,cd70d43ef044da5257aebc1f2b5f12ede2560ba201a43285d2747197ad6ddb47,0.10400422733677783,0.11031206006569687,-0.006307832728919036,0.13125371732520688,0.17336819260839334,-0.04211447528318646,0.4492753623188406,0.6376811594202898,-0.18840579710144922
vt_h6_c1,99,c1011a70b8b05253d514d28bfcfa7b2da479bf9feeaf268e48b93c64e58ffc46,0.13491217063989963,0.12001466275659825,0.01489750788330138,0.17541820710018352,0.18685242150803488,-0.011434214407851362,0.5151515151515151,0.6515151515151515,-0.13636363636363635
vt_h10_c1,0,da50df8ced28f019411e251ec754ad973cb5c0f9a8e07bb1e336beaac29bba19,0.14536073534512658,0.14733009708737863,-0.0019693617422520404,0.17599445589441215,0.20040434993447698,-0.024409894040064828,0.41904761904761906,0.5047619047619047,-0.08571428571428569
vt_h10_c1,1,7d6db2d75e03a621b0e673afc20d6cff98c579adb4f23a49d731757cf3590eda,0.1754273504273504,0.15233428367783325,0.023093066749517138,0.22973691793516773,0.19449392825040035,0.035242989684767384,0.3786407766990291,0.49514563106796117,-0.11650485436893204
vt_h10_c1,2,46779ecb316cf6f4b44a5d0b861ccf2e490a7857345b1302d79e47511c3231a0,0.15839737991266373,0.15128451590353026,0.007112864009133468,0.20434214355636499,0.19559968388259336,0.00874245967377163,0.411214953271028,0.5233644859813084,-0.11214953271028033
vt_h10_c1,3,5ab9905f62f71338d18817f54d3128715395c6f50b6523f61d752cec39bd1d1a,0.12067640276710226,0.13571428571428573,-0.015037882947183473,0.15320330134081486,0.19693539670002808,-0.04373209535921321,0.4019607843137255,0.5196078431372549,-0.11764705882352944
vt_h10_c1,4,2934a253a3423adec8e41c375f0d94f82499b82698872239e909d15c5507307f,0.12021218715995648,0.13642131979695432,-0.016209132636997844,0.15966376423533987,0.19120146788005338,-0.031537703644713505,0.39215686274509803,0.5294117647058824,-0.13725490196078433
vt_h10_c1,5,dda0ed29c3d1db6f5124a785d40a829cc48068f4c560aa9a10875cfd3ff73363,0.16997756299620298,0.17814443676572217,-0.00816687376951919,0.22327035013385066,0.21960801021287563,0.003662339920975033,0.38461538461538464,0.5192307692307693,-0.13461538461538464
vt_h10_c1,6,915ad25600cde2d6a6b9a04e3d4bd09d29d194365fe2fd7a8bfda6d65bbee423,0.1316927732289071,0.1352810387762362,-0.003588265547329106,0.1606543110150645,0.19395566857838328,-0.033301357563318784,0.43,0.54,-0.11000000000000004
vt_h10_c1,7,8e5bbecceed3089d68bbf1ba2fbb360d57d25be7b5eeb80c735129caaa280b48,0.1435232685965555,0.12881091975082445,0.014712348845731055,0.17120839067502108,0.19484177585082701,-0.023633385175805932,0.44554455445544555,0.5247524752475248,-0.07920792079207922
vt_h10_c1,8,f8aaf909e808d98211becd4c5df36b3efe45c5c15430f13edfb5e9da3104bbdf,0.13609861267341583,0.14085274229902328,-0.0047541296256074506,0.15718830214688098,0.19769363360344788,-0.0405053314565669,0.45544554455445546,0.4752475247524752,-0.019801980198019764
vt_h10_c1,9,dd5884f35057bd9633db1d7e517b944767838ab47b4af4d8703880f247e76cfe,0.15654591104734578,0.13608117816091955,0.020464732886426223,0.2094694224172903,0.19428517759358127,0.015184244823709031,0.41346153846153844,0.5288461538461539,-0.11538461538461542
vt_h10_c1,10,faa29cd89316a936fc2ef282f63881f8308bdbad82a1935a3b863bf31208085c,0.12954706927175844,0.1271669626998224,0.002380106571936047,0.16635452907271986,0.18929912237196983,-0.02294459329924997,0.41,0.55,-0.14000000000000007
vt_h10_c1,11,c6644e8e735c83bd17321179432091d6dae3b3afd2b2d0484bc87a67517ef2f7,0.16383015006821283,0.14334016393442622,0.02048998613378661,0.20931729781176572,0.19795928405128826,0.011358013760477459,0.40594059405940597,0.5544554455445545,-0.14851485148514854
vt_h10_c1,12,08dea5d1964c9a67c3ed989d27b44817b0ac01fb85abcaaaffebaf3ffd44f76a,0.20418267551519387,0.1754363001745201,0.028746375340673758,0.2905682152057057,0.20627450982219003,0.08429370538351566,0.40404040404040403,0.5151515151515151,-0.1111111111111111
vt_h10_c1,13,1e59822e3bae4cb6aac17a67602f9dfd5cfe89cbda49a7048796c97522744451,0.16070100409074004,0.13420758928571427,0.02649341480502576,0.20843159797721805,0.20220583770989173,0.006225760267326325,0.4117647058823529,0.5196078431372549,-0.10784313725490202
vt_h10_c1,14,8ef7e43da8ef044d66f804204637d836f3589d552e5535408f8fa7df53abdee6,0.12631813323833274,0.1297991468183434,-0.0034810135800106556,0.16103244190251545,0.19672850698106634,-0.03569606507855089,0.4215686274509804,0.5196078431372549,-0.09803921568627455
vt_h10_c1,15,efe49faceedd17284c63f0ef205c9c5e54e2ba70083949fbd5a97c6162f8afe0,0.14930900070871722,0.128858407079646,0.02045059362907123,0.18970329252091514,0.19145371885524004,-0.0017504263343249005,0.4,0.5238095238095238,-0.12380952380952381
vt_h10_c1,16,001a6438d05593f1f9b332128fbe6a363c0367de9f9a086f57842ce95d2551ac,0.13170338017470568,0.14468833143291526,-0.012984951258209587,0.16025555626251223,0.18980529709033833,-0.029549740827826104,0.4326923076923077,0.5,-0.06730769230769229
vt_h10_c1,17,75cf9c2c7b089f342b7e205d9184d6d8de718504467880ddc7f7ec1e0baa48b4,0.13074040219378427,0.13612938596491228,-0.005388983771128009,0.16208807778534232,0.2021565365015428,-0.04006845871620049,0.4215686274509804,0.5392156862745098,-0.11764705882352938
vt_h10_c1,18,1f13618205deb4bdeca76bf7513a3295ad487a24190e653eac53f9844768df4c,0.15101073345259391,0.1342698639942735,0.01674086945832043,0.18819759043386214,0.19297758311616628,-0.0047799926823041405,0.4019607843137255,0.5392156862745098,-0.13725490196078427
vt_h10_c1,19,900699679d7f8b005b9e4c0a4030952fb15010bd777f61ee30ee68a1017f11a4,0.15688049209138838,0.15147679324894514,0.005403698842443239,0.20490090931649654,0.2042500987515099,0.0006508105649866425,0.3867924528301887,0.5094339622641509,-0.12264150943396224
vt_h10_c1,20,7e71f47af9554ed0c2cba8e86a92b0061c500f2162489e64f34a13fccad8a40c,0.11784372652141248,0.12426746806912096,-0.006423741547708486,0.14621109901661083,0.20102904751105957,-0.05481794849444874,0.46938775510204084,0.5102040816326531,-0.040816326530612235
vt_h10_c1,21,200ee22be84a7120cc095098668e92ffe9a736a384f6b2f67e32647e04e6e007,0.1446174863387978,0.13052928337577302,0.014088202963024793,0.1801842636610662,0.19567260735229852,-0.01548834369123231,0.4174757281553398,0.5145631067961165,-0.09708737864077671
vt_h10_c1,22,5e3e239f26c8890afb7e68d9247821bd0b44b4307cf8196ca4d88a30d4b58d26,0.13617021276595748,0.13905750798722044,-0.0028872952212629643,0.18117093703014145,0.19474629265972285,-0.013575355629581398,0.41,0.53,-0.12000000000000005
vt_h10_c1,23,49383183cc4d91f4c156c841476d5472014426403c70016026b820c572332536,0.13879061371841156,0.15455202312138727,-0.015761409402975712,0.17763171992683616,0.2102852193985978,-0.03265349947176163,0.38461538461538464,0.5096153846153846,-0.12499999999999994
vt_h10_c1,24,be31ca6a65a44d9718b416830e74f937962b364f5c12169d828c60ea4ef99102,0.14816943756632472,0.14063604240282684,0.00753339516349788,0.1929114727697682,0.19865181473156515,-0.0057403419617969575,0.36538461538461536,0.47115384615384615,-0.10576923076923078
vt_h10_c1,25,da96b9845eb6d753e87254078b51ee519f973eb7284b181482cb477f7b9003f5,0.14652380952380953,0.1530320366132723,-0.006508227089462776,0.17935304945042577,0.19723007384605898,-0.017877024395633212,0.4326923076923077,0.5384615384615384,-0.10576923076923073
vt_h10_c1,26,298efac054778b776cce60a7cfbaba6db64c447b554852c0c7175d7d486f4147,0.13462504831851566,0.1253862495171881,0.009238798801327552,0.1669578050531638,0.19188179358903623,-0.024923988535872438,0.4423076923076923,0.49038461538461536,-0.04807692307692307
vt_h10_c1,27,2d23ca77a48e780beeef38ba3c44e512ce6da0d241ee44b3b91b871d1a98d8df,0.1886621717530163,0.15411931818181818,0.03454285357119813,0.25472941669548377,0.20097674907743251,0.05375266761805125,0.37037037037037035,0.4444444444444444,-0.07407407407407407
vt_h10_c1,28,6cd873e7b071cac09f32cda8cbd57bdc364e7b1ed2ccc7fa28debc90f0561d88,0.14026479750778817,0.13520090058884657,0.005063896918941602,0.1800437060286848,0.19527312618850368,-0.015229420159818874,0.4117647058823529,0.5490196078431373,-0.13725490196078438
vt_h10_c1,29,edbbf3dfe28d60bc6a1d2ceef7c7bb0185629c12ea59b9d3a7e97eda3aad224e,0.1349246231155779,0.13260401721664278,0.002320605898935124,0.16600870414390326,0.18987362484057518,-0.023864920696671926,0.43617021276595747,0.6063829787234043,-0.17021276595744683
vt_h10_c1,30,4ee7b903912742b3eed0c10a235d8ce9c7f8b964489160dd935808b722847d31,0.1708906727828746,0.1509938837920489,0.019896788990825698,0.22437104490750528,0.1948866518034778,0.02948439310402748,0.3877551020408163,0.47959183673469385,-0.09183673469387754
vt_h10_c1,31,2f82457787e81f7985baa7384de7500d5e0a8393e7c4a919c87e4364ab11c852,0.15994897959183674,0.14018410499453154,0.019764874597305193,0.21328588288475975,0.19849511358201016,0.014790769302749585,0.4,0.5142857142857142,-0.11428571428571421
vt_h10_c1,32,445e2cb595b5b00ff726b8eca7e7b47b5001a57e842e42bfae93ef3a2e25bb9b,0.14858214416392243,0.14160570592538407,0.006976438238538357,0.19329352488090706,0.1969006831281644,-0.003607158247257325,0.39622641509433965,0.5188679245283019,-0.12264150943396224
vt_h10_c1,33,fd307ebe12b1bf03e94a85f497e4532fc3d670f52aa63aec5c8b52af20f858f7,0.1369212962962963,0.14975896644812958,-0.012837670151833291,0.1738237633723975,0.19558854557653857,-0.021764782204141075,0.375,0.5096153846153846,-0.13461538461538458
vt_h10_c1,34,9e6cf25764bb8eadce8dfdee3b42a64f22b570eb06bb1d93a38955e5ada7f9f9,0.15817527221636812,0.16169595782073815,-0.003520685604370022,0.19221624752937574,0.210970050466775,-0.018753802937399255,0.4117647058823529,0.49019607843137253,-0.0784313725490196
vt_h10_c1,35,a32284f8ad49f704e1edb45178faaae4856e6945038acae4a4d679fe5b212745,0.1510393873085339,0.14273075519883255,0.008308632109701342,0.18907321249857828,0.19445894995161522,-0.005385737453036943,0.36538461538461536,0.5,-0.13461538461538464
vt_h10_c1,36,567f389628586b889e5dc2b7d66e93cfd292e4f6598c2e21d71fa407931ea5ef,0.16355357142857146,0.16392665474060822,-0.0003730833120367538,0.20360072618134745,0.20557085841331496,-0.001970132231967514,0.37,0.53,-0.16000000000000003
vt_h10_c1,37,442c344dc0a2fdf62af88dd31fd5b59ae15d4d78e8df776ab73061e7eab6b41d,0.13333029529711996,0.14585766423357663,-0.012527368936456673,0.1618683320369146,0.19894641504918384,-0.03707808301226925,0.4411764705882353,0.5098039215686274,-0.06862745098039214
vt_h10_c1,38,3d9640f8bc0debe8a1c764dd8e1e9831dded3f65cbe72c51fee939cc4ea9c43a,0.14034439235485036,0.14071737563085795,-0.00037298327600759906,0.18320096622871967,0.19672940007394563,-0.013528433845225951,0.38613861386138615,0.5643564356435643,-0.17821782178217815
vt_h10_c1,39,a7f1406a0a3fc564fe536747c05bb0323cdf1567755fd207a143534704c010bd,0.15607302533532041,0.141331096196868,0.014741929138452403,0.19785115025268252,0.1970680303231755,0.0007831199295070257,0.41509433962264153,0.46226415094339623,-0.047169811320754707
vt_h10_c1,40,2970c0651c6d14e19f0894774a719788f66764be69dedae20b9ca0ed229defe3,0.1123197781885397,0.13268946395563772,-0.02036968576709801,0.1476916056258592,0.19337887263283485,-0.045687267006975646,0.3904761904761905,0.5047619047619047,-0.11428571428571427
vt_h10_c1,41,e55bf3d36dd1f2f871dbbde3f5a4fa1f385e92f752953cd8b77629ea4d6a9e0f,0.1375877808988764,0.13476466455918512,0.0028231163396912895,0.17407286285156284,0.1888540482904247,-0.014781185438861866,0.37,0.54,-0.17000000000000004
vt_h10_c1,42,5f6a4f8b40831adb39761f08c3706e3b9cd6544188d205b5b56ef4f9a32b4d09,0.16133711507293352,0.15009727626459143,0.01123983880834209,0.2080442016884807,0.2002196940340871,0.007824507654393603,0.37,0.48,-0.10999999999999999
vt_h10_c1,43,8e61933585936e8b6e51ec08583624e4779c5fa72dabb8cc3cbe306e1b535a7b,0.13646771771771768,0.13441021788129223,0.002057499836425447,0.17491489093346785,0.1955988147831645,-0.02068392384969664,0.37735849056603776,0.5283018867924528,-0.15094339622641506
vt_h10_c1,44,d5aa4d9acfa43174e85f96b82a6984eaa69f4d6e183f69384b0f5a8aa3b2be6d,0.1413125675189053,0.14904470079307858,-0.0077321332741732696,0.1793009466168302,0.20485044323202012,-0.02554949661518993,0.37962962962962965,0.4722222222222222,-0.09259259259259256
vt_h10_c1,45,2214a3f95165ae946ff17a852ba5ad5920718317d8de4af53f1c0439532f92ad,0.14193761814744804,0.14822239031770046,-0.006284772170252417,0.18319111230373925,0.20185912015048607,-0.018668007846746826,0.4489795918367347,0.5612244897959183,-0.11224489795918363
vt_h10_c1,46,631cb597daf9389e2c3410017106322ac2cc44d057a484ad51110e39ddca8523,0.14021523178807946,0.13596389532957934,0.004251336458500121,0.17733615198951663,0.1939823051033919,-0.016646153113875267,0.41,0.52,-0.11000000000000004
vt_h10_c1,47,d6ec62f269fcf7f9077b9fc991c5bdf7362a900ca01df2f7eb18687880dfc1cc,0.14291255289139634,0.13865561044460126,0.004256942446795087,0.1765685250414973,0.20049713999387614,-0.02392861495237883,0.4329896907216495,0.5463917525773195,-0.11340206185567003
vt_h10_c1,48,cb9754d8a88094a1c5e5a044adbcf96e0c99c578dbbe9f0accb4f70fb3d3cc65,0.15634827701572435,0.1530528604884577,0.0032954165272666425,0.19431391020606648,0.19929881030919555,-0.004984900103129075,0.4,0.51,-0.10999999999999999
vt_h10_c1,49,7bf7604e6d3fb486530e072e8917bffbfc4a50ee1d08ee7aae20af170f0197c6,0.1234718598583675,0.13828854050018663,-0.014816680641819124,0.15966301486443704,0.19992741613670714,-0.0402644012722701,0.39805825242718446,0.5436893203883495,-0.14563106796116504
vt_h10_c1,50,c2ffc971d74db244ebbd6aaf4a58e1f661cac54f6f8ea6eecd7f513ef33f2b36,0.14466211358734724,0.14186422413793104,0.0027978894494161966,0.1960467482867932,0.20424513130168495,-0.008198383014891758,0.39,0.53,-0.14
vt_h10_c1,51,913e619ebbce694240de35a9f5569d58d27f4d7345ad9b61c7cebe253c70c5a9,0.1345808383233533,0.15307017543859647,-0.01848933711524317,0.1484922095387335,0.20669421384190906,-0.05820200430317557,0.41346153846153844,0.5288461538461539,-0.11538461538461542
vt_h10_c1,52,8e48468b989ae46e8ac5d58d54792c7f376c07ec1cf6f3abb8bf10cf3ba7d7da,0.13180544435548439,0.13280312124849938,-0.0009976768930149982,0.17104417411467013,0.19517940911390813,-0.024135234999238003,0.3482142857142857,0.48214285714285715,-0.13392857142857145
vt_h10_c1,53,0eeb458c53a76c9ebb268f2908f4990ce944527f3d599ab840cac2796840e72c,0.13405399918798216,0.15450487012987013,-0.020450870941887966,0.1644463264706361,0.19903118212427112,-0.03458485565363503,0.44339622641509435,0.4811320754716981,-0.037735849056603765
vt_h10_c1,54,da4c43bb437b7d5fbac49b44285cd540562589941bd82b8c3291a2897c283b89,0.1778540462427745,0.14774368231046933,0.03011036393230518,0.23577800265683285,0.19481404302898095,0.040963959627851904,0.36538461538461536,0.5096153846153846,-0.14423076923076922
vt_h10_c1,55,8bfc9aabd0c92c792a08d09303941f27d359e4191160b350e2ba740fff36954f,0.13001156515034695,0.12823824209714724,0.0017733230531997157,0.15639354224897223,0.2035052755490568,-0.047111733300084585,0.47,0.46,0.009999999999999953
vt_h10_c1,56,8b94b11ce1eca6a067427ac94ce48e69d33fa66879893d5f886a31a797b234bc,0.14717503692762185,0.13386262924667652,0.013312407680945326,0.1890572140418528,0.1990137085701608,-0.00995649452830799,0.3942307692307692,0.5096153846153846,-0.11538461538461536
vt_h10_c1,57,6d4a867597c24d1ff75cf476e0cb5abe75767ce56d9181281b5b4bc343f453a2,0.1414746945898778,0.14548150732728543,-0.0040068127374076334,0.18336188346850407,0.2042782592745417,-0.02091637580603764,0.45,0.52,-0.07
vt_h10_c1,58,56e4bf697e42e406047a0dae1a356cf55541894a6dd84d76df627c6e6a5edfa8,0.144405150525934,0.13441582002902758,0.009989330496906423,0.18360540790001528,0.1883060940348913,-0.004700686134876009,0.4174757281553398,0.5631067961165048,-0.14563106796116504
vt_h10_c1,59,a1af76b9c5f707ac81ab4f734a317afb9cfa97da5d9b547e6607de6156ea63e2,0.14397233201581028,0.14035701471115894,0.0036153173046513387,0.18329712986339747,0.2019543165189826,-0.018657186655585134,0.41509433962264153,0.4811320754716981,-0.06603773584905659
vt_h10_c1,60,5cb1e80b54bb77f5f721521c9831c6be36ead9596f1e9b87fd1ccaa1b45f7c81,0.14913169319826342,0.1252171552660152,0.02391453793224821,0.1865417303319608,0.19006134276302006,-0.003519612431059249,0.37,0.55,-0.18000000000000005
vt_h10_c1,61,ae02593e571c800d6503241fc3e747c014d52fac45822f805770910ec83855b2,0.13931891312120126,0.13780400572246065,0.0015149073987406059,0.17551186089608523,0.19398971847761634,-0.018477857581531115,0.3584905660377358,0.5188679245283019,-0.16037735849056606
vt_h10_c1,62,3a0be1e77875a01c2488cc6811dba5a03dbd9ad3e534cbb7eccedb0100b94742,0.1522101449275362,0.14632512671976827,0.005885018207767934,0.19764842585905118,0.207030734395729,-0.00938230853667782,0.4056603773584906,0.46226415094339623,-0.05660377358490565
vt_h10_c1,63,47dcdc7428df2f9ac715d01c5b889b5fbeb6ccf8aff863e7a2bb5eac72cdb4f7,0.11502284843869001,0.1457651313285116,-0.030742282889821587,0.14982767710727465,0.19983881044383622,-0.05001113333656157,0.38461538461538464,0.5096153846153846,-0.12499999999999994
vt_h10_c1,64,12858242c217d733724c621c6228f720850ac97a9d167fcf2c7f38a5de727a39,0.13383828637591663,0.1363469702817445,-0.0025086839058278687,0.16717895223235407,0.19844108564293647,-0.0312621334105824,0.45098039215686275,0.49019607843137253,-0.039215686274509776
vt_h10_c1,65,f14703a627f9e0afa2a749390d1d9de1cfa1fe737c846f79a692961e876b1235,0.15065836298932384,0.1501688588695343,0.0004895041197895411,0.20017656076054177,0.19712216630422433,0.003054394456317444,0.37962962962962965,0.4537037037037037,-0.07407407407407407
vt_h10_c1,66,02efa9610e492127bc197a746d7561fe3ed7f0303cae3d99f73cf4fbf49b2d28,0.1950402144772118,0.18526845637583883,0.009771758101372957,0.25378965479009974,0.2137001418927334,0.04008951289736634,0.33653846153846156,0.5,-0.16346153846153844
vt_h10_c1,67,7f54d277492950e83746d2e0c3091de49c5480fa9cf90a9da866b4b56bd8b436,0.1391512848353239,0.1318403908794788,0.00731089395584511,0.17619910899607985,0.18712497491311192,-0.010925865917032068,0.4215686274509804,0.5686274509803921,-0.14705882352941174
vt_h10_c1,68,1c3c211373d3c99093bd33a3240fe54778f61e25965cfff9d9e31ab1482ce04d,0.1322750595565329,0.14430402930402933,-0.012028969747496426,0.17326277044372024,0.196835567032389,-0.02357279658866876,0.3883495145631068,0.5339805825242718,-0.14563106796116504
vt_h10_c1,69,35d762579032ec90eacbbbf3597e5c253fe417a3d02f3540446f857f848ef019,0.1372956645344705,0.1332118734447209,0.0040837910897496,0.1792470228787181,0.1945484513655893,-0.015301428486871188,0.3942307692307692,0.5,-0.10576923076923078
vt_h10_c1,70,52ff4f76edcf400868fece0d7afc2b067e0ea22af96545e0ab475478155d56e5,0.16079587324981578,0.15034069981583792,0.010455173433977866,0.20331286088556824,0.18954889876546757,0.01376396212010067,0.42,0.53,-0.11000000000000004
vt_h10_c1,71,1949473df35493fa0cf26bc63eca4c708aa41514467ca906f6b390b06544f1cc,0.12369165487977367,0.12924328147100425,-0.005551626591230582,0.16050399953058314,0.19652505256914304,-0.0360210530385599,0.37735849056603776,0.5094339622641509,-0.13207547169811318
vt_h10_c1,72,ddde5d45604a64a8c336c9b4e7401c9baea9e6c048a74b462f88e046843bac19,0.14396749521988528,0.14077335375191424,0.0031941414679710345,0.16964479128899287,0.20105340224863863,-0.031408610959645755,0.4095238095238095,0.49523809523809526,-0.08571428571428574
vt_h10_c1,73,3dcccca386e39b5167c8549aac1d77757577a42d4be3793b81634fdac1c3287c,0.141565579984837,0.1409073652239939,0.0006582147608430733,0.17515826973164556,0.20317689854461266,-0.0280186288129671,0.3867924528301887,0.4716981132075472,-0.08490566037735847
vt_h10_c1,74,0a1e4a61991a3b7139e4232e9eca9f4825b7ad52acf954cc8e8998351847dad5,0.14757945306725792,0.1335672082717873,0.014012244795470613,0.19535251191244604,0.19540462550029356,-5.211358784751319e-05,0.4158415841584158,0.5247524752475248,-0.10891089108910895
vt_h10_c1,75,9c27c63e6b69565ac1a8dfab786ece18c6e4d1a79e19adb15f66a713c468df3a,0.14284692417739628,0.152630637079456,-0.009783712902059732,0.17678114171943177,0.19598249862139006,-0.01920135690195829,0.40816326530612246,0.5306122448979592,-0.12244897959183676
vt_h10_c1,76,a8151c5977eafbf06ed935c368bd7465001cd7535200e83e8a7b5395c77af227,0.1589658774373259,0.1387091162143354,0.0202567612229905,0.20447788276152484,0.19647520041909905,0.008002682342425793,0.41346153846153844,0.5288461538461539,-0.11538461538461542
vt_h10_c1,77,aa705792323c113f09cf6a70871c2ac66921534267ce83e37a9e6bca7a7a0b7c,0.13850148367952522,0.14128942486085344,-0.0027879411813282184,0.18497259554741544,0.19810850881239445,-0.01313591326497901,0.33962264150943394,0.4811320754716981,-0.14150943396226418
vt_h10_c1,78,55a9bd26292ed68b45dfc71c17d49b5cbf495892b160ec4a7847b8bd9cd625e7,0.15198529411764705,0.13785819250551065,0.0141271016121364,0.19307505911030395,0.19450512713141,-0.0014300680211060401,0.36538461538461536,0.5192307692307693,-0.1538461538461539
vt_h10_c1,79,0fb1dd3aba595763d2ab7e22a364dd14e8242ede855b5c2939518388a9d17b51,0.14937745740498035,0.15201375245579568,-0.002636295050815335,0.1921811080080033,0.20049612307986164,-0.008315015071858334,0.39,0.53,-0.14
vt_h10_c1,80,05cec1f3ec00925838c001247bf236ad614fb63fe87359d4932c87492e3af058,0.12598937339684865,0.13898243045387995,-0.012993057057031299,0.16567071402834804,0.19766084888366747,-0.03199013485531943,0.36538461538461536,0.5096153846153846,-0.14423076923076922
vt_h10_c1,81,48649801305fea59497b9c6621fefeb942a47f3bf243999e5554aa47cb0a2301,0.15078929306794783,0.13823832417582418,0.012550968892123648,0.19565576187796382,0.19328172740390795,0.002374034474055875,0.39215686274509803,0.5490196078431373,-0.15686274509803927
vt_h10_c1,82,ed70a392645913890dccc63c2033237897b67477c8c7b202183ed8ba0f58d5c9,0.14650309119010818,0.13516228748068004,0.011340803709428138,0.17912262406425702,0.19026578194944394,-0.01114315788518691,0.4215686274509804,0.5196078431372549,-0.09803921568627455
vt_h10_c1,83,d4a3abee35dc1e6cf6b65853becfab9025efc675deaa249dc4fe9218d2c73b31,0.11223577235772357,0.14369918699186993,-0.031463414634146356,0.14131324880328597,0.20412575927223445,-0.06281251046894848,0.43434343434343436,0.5050505050505051,-0.07070707070707072
vt_h10_c1,84,9670a1f927d9c61832695dbdb8d9ea19cc6f5e1133dd7a4536bd4c86c1b355df,0.14845360824742268,0.14261029411764709,0.005843314129775595,0.1845472512505891,0.19597267390704604,-0.011425422656456935,0.38317757009345793,0.5233644859813084,-0.14018691588785043
vt_h10_c1,85,5adde3554bf7fa6673db8e97e96a08f6743cc75e2459de87bb807ceeed6c6721,0.13800102774922918,0.15191780821917808,-0.013916780469948903,0.18387200249986352,0.19652148465435468,-0.01264948215449116,0.37735849056603776,0.5,-0.12264150943396224
vt_h10_c1,86,a74c3788d09c357c4570843fd8efd33ae1bc1e6a5145634a35b9fd762ddffd34,0.11712860310421284,0.13714918759231903,-0.02002058448810619,0.1432378724141306,0.2038724093029604,-0.060634536888829804,0.40384615384615385,0.5096153846153846,-0.10576923076923073
vt_h10_c1,87,3efcccc076dc2db9f8c0ab7e5d9cf831fc2485be58cac05f1e94e121385a9209,0.13507779349363508,0.1404635527246992,-0.00538575923106413,0.17165904002138582,0.20444150987407506,-0.03278246985268923,0.4019607843137255,0.49019607843137253,-0.08823529411764702
vt_h10_c1,88,b1d9d37bc28ee3a4d8c01578e93a0689eeee6708c665a3b29323820a5ed0038e,0.2307887373207415,0.2000349650349651,0.030753772285776415,0.3292049495788457,0.22408361407825064,0.10512133550059508,0.41346153846153844,0.5384615384615384,-0.125
vt_h10_c1,89,91880a3c8dbbe681523a58de6f0cae245d7f1da9e4b6446b6db20f34a066aade,0.13557020946470133,0.1318578070515304,0.0037124024131709177,0.1695048879195677,0.19686438035193826,-0.02735949243237057,0.36792452830188677,0.4716981132075472,-0.10377358490566041
vt_h10_c1,90,fd8dcac7425bc7b933965c7c365a9fe79fd440df641cc5ebca0375f6db28fbc0,0.16669064748201437,0.13924973011874772,0.027440917363266648,0.2235437499466487,0.19156173736228502,0.03198201258436367,0.44,0.52,-0.08000000000000002
vt_h10_c1,91,26f4814908b92e9806d466f9906231957e88de97c5a97e548eb25a15fdbb5018,0.1468558282208589,0.13585375191424195,0.011002076306616954,0.18537298913240616,0.20589461672316847,-0.020521627590762315,0.39622641509433965,0.5188679245283019,-0.12264150943396224
vt_h10_c1,92,188a4582c89f2a417a8d064e3645477fcea00a51dde35717a680a0e4edb5c079,0.12357554994590696,0.1476911976911977,-0.02411564774529075,0.1586822593066193,0.19689202145354695,-0.038209762146927645,0.37142857142857144,0.5047619047619047,-0.1333333333333333
vt_h10_c1,93,bc3f4a0ef61c9fd9b695ecc50650abbeae7c45ce1ee18bf4f50ba6ac8eae7203,0.15048340021889822,0.13258570386579138,0.01789769635310684,0.19534337898383355,0.19391527811293993,0.0014281008708936227,0.38235294117647056,0.5196078431372549,-0.13725490196078438
vt_h10_c1,94,40fd464596ed1ec1ba40a33947ecac9ba939eb09252e3514c7fe45ae0e14a014,0.15287063953488372,0.15172727272727274,0.0011433668076109849,0.1917846690029231,0.19573777403879208,-0.003953105035868987,0.4230769230769231,0.5096153846153846,-0.08653846153846151
vt_h10_c1,95,21b02a515d77e80c7ef093d80524a7aabbc9e5e1b0896b0ee85106fe0e80f25a,0.09346441947565545,0.12761389096340553,-0.03414947148775008,0.12479351120640544,0.19461520694225265,-0.0698216957358472,0.4215686274509804,0.49019607843137253,-0.06862745098039214
vt_h10_c1,96,7ce18e872ea5e3d376666c20a04b35ccbbb684d0b79035637d3b273329e2ea4b,0.15483870967741936,0.13885478779375657,0.015983921883662794,0.2014951488444403,0.19388164655505302,0.007613502289387286,0.4019607843137255,0.5098039215686274,-0.10784313725490191
vt_h10_c1,97,17349db7e2e0d19046c224b1f1c1e43646e9bb2163cdf425c6dec3d8ec7c5237,0.13577205882352944,0.14251932278248067,-0.006747263958951227,0.16580759442997142,0.19813354633205044,-0.032325951902079014,0.4019607843137255,0.5294117647058824,-0.12745098039215685
vt_h10_c1,98,936e3e4f945f8c1647b7ebc7a5712658c2261602bbe97aa7084a76edbb802f52,0.14702821869488533,0.14302960874162848,0.003998609953256849,0.18602168201278593,0.19548503095578984,-0.009463348943003907,0.3925233644859813,0.5233644859813084,-0.13084112149532706
vt_h10_c1,99,32af46cfa11f4c069d9b1c59dc647596ba47f92d7ad97924c89ac35c458494d4,0.13403719151894333,0.1411155586494953,-0.00707836713055196,0.16768977103193705,0.19908516623920924,-0.03139539520727219,0.4270833333333333,0.5208333333333334,-0.09375000000000006
hotpotqa_long,0,5c7082704d4e93a321fc731fd67da47442fb04fc8f347e2b23813f28cae37c49,0.025,0.025,0.0,0.0546961245250943,0.09610300400375413,-0.04140687947865983,0.6818181818181818,0.8636363636363636,-0.18181818181818188
hotpotqa_long,1,ee831b70d0620fa6da383ddfc30ac6be445c4c3432af087302b5731e64f259a3,0.025,0.027654867256637173,-0.0026548672566371716,0.06256169180771333,0.11719640537588916,-0.05463471356817583,0.40476190476190477,0.38095238095238093,0.023809523809523836
hotpotqa_long,2,0bf5f0afce644fca614c061e4222c6ef9a3df5dcd165949b86c2c8c070a441f1,0.025,0.04574626865671642,-0.020746268656716416,0.05602468089368501,0.13444005157259264,-0.07841537067890764,0.45454545454545453,0.24545454545454545,0.20909090909090908
hotpotqa_long,3,5ef5a8b7d5f9f8663f0710d9977bd3f4fb4e77433b27e4ce4f42034819c9d06f,0.025,0.025,0.0,0.0596507410597914,0.12328251270012743,-0.06363177164033602,0.2982456140350877,0.3508771929824561,-0.05263157894736842
hotpotqa_long,4,c40c902d0794983fe6fdd350267594a796ca56f9025d59f3cd4cb0c2bd5b7192,0.025,0.03541069723018146,-0.01041069723018146,0.07537208067089267,0.14141471256139074,-0.06604263189049807,0.37777777777777777,0.43333333333333335,-0.05555555555555558
hotpotqa_long,5,119145def7cf40122190971427e159b55222f88f75367d933850edf949f0b239,0.025,0.025,0.0,0.05773607920615309,0.12947666961279514,-0.07174059040664205,0.17543859649122806,0.2543859649122807,-0.07894736842105265
hotpotqa_long,6,ecab5af27e55b0a167280f460cb8b8e1fd5d10c12dd239b79fa1f548e61067db,0.025,0.025,0.0,0.06567385580882508,0.13616205300937526,-0.07048819720055018,0.08571428571428572,0.2714285714285714,-0.1857142857142857
hotpotqa_long,7,75b50ad20cec84944c262de9b75fa536a6d4d6c0ea93edb0aea1fc2480c92315,0.025,0.025,0.0,0.039626965688187445,0.12228444752627858,-0.08265748183809113,0.24705882352941178,0.29411764705882354,-0.047058823529411764
hotpotqa_long,8,e3379b9b3929d623474f43a7124091f595fa110c7b34485e879d2a379f681ec7,0.025,0.03265550239234449,-0.007655502392344492,0.07870934247529257,0.11551733750508497,-0.0368079950297924,0.38461538461538464,0.46153846153846156,-0.07692307692307693
hotpotqa_long,9,02fe29e4077b4756c9fc784faf459747bd5d17482ab2579435835328c229de8c,0.025,0.025,0.0,0.05624487346308815,0.09648809019867839,-0.04024321673559024,0.41935483870967744,0.6129032258064516,-0.1935483870967742
hotpotqa_long,10,bcb0ffc3da98e02b8456809a8cd349cbbcabe88e14fd251a737a3ef42af69a5e,0.025,0.036147327249022164,-0.011147327249022163,0.05575575137628704,0.12120927893417943,-0.06545352755789238,0.2847222222222222,0.3611111111111111,-0.0763888888888889
hotpotqa_long,11,945e5716021f5886cc77f6f677956219f8d3c43cc3520c2bcb8e052b00d31ccb,0.025,0.032448186528497416,-0.007448186528497415,0.054792488357098414,0.14896267377052289,-0.09417018541342448,0.30392156862745096,0.3627450980392157,-0.05882352941176472
hotpotqa_long,12,6e8b504cb97eaff570d1906a89713ba36449d1082a4c6e1183f352eec41e10fc,0.025,0.025,0.0,0.04646148986696832,0.11732299698815862,-0.0708615071211903,0.6949152542372882,0.6949152542372882,0.0
hotpotqa_long,13,87624a6d65f946be43a2bfec7ab7bad17aa1ddd9eda8cd716d7ffdb3a59cd703,0.025,0.025,0.0,0.036974490878110014,0.08761111745797072,-0.050636626579860705,0.19767441860465115,0.2441860465116279,-0.046511627906976744
hotpotqa_long,14,78c72d6a4c42c09d96cc88d403de3480d2f2ae59151152fdd4e238847425f355,0.025,0.025,0.0,0.07511010042168145,0.13358237518359803,-0.058472274761916576,0.2647058823529412,0.39705882352941174,-0.13235294117647056
hotpotqa_long,15,68c910036d86b9d7f594fac1d5aa87892b1c7d587b2e68dc08d9f9d5ffdcb0eb,0.025,0.025,0.0,0.05400767940254938,0.12368676767738866,-0.06967908827483929,0.33653846153846156,0.3269230769230769,0.009615384615384637
hotpotqa_long,16,825cfcdeb81643333615dfbce9375075c21a4a6a836c5306f0b6f484eb0590a1,0.029739336492891,0.040357142857142855,-0.010617806364251855,0.09032108861997187,0.17693757272726768,-0.0866164841072958,0.3939393939393939,0.18181818181818182,0.2121212121212121
hotpotqa_long,17,4512de494a2abd0f5e92812727aad6a95e932d015cc0dabc029b228c81b56a62,0.05177165354330708,0.07031155474894132,-0.018539901205634243,0.07804903126625418,0.14354829580309034,-0.06549926453683616,0.25609756097560976,0.1951219512195122,0.06097560975609756
hotpotqa_long,18,a0ddb2cfbdb92aa027ca2b4ed5189b4d5e2ba7e2874d049691f7699214b1c6c1,0.025,0.033395298632765656,-0.008395298632765655,0.07989867490928923,0.13879276397393553,-0.0588940890646463,0.23711340206185566,0.25773195876288657,-0.02061855670103091
hotpotqa_long,19,ee5e0cc6c3329fdb3aae643eec6be2e57e71b7ba1944711b3e005099ec67965e,0.08174418604651161,0.03857177853993141,0.0431724075065802,0.13001972899446707,0.1432405448778597,-0.013220815883392634,0.37333333333333335,0.5066666666666667,-0.13333333333333336
hotpotqa_long,20,814d68821bb4fa0befde40282c156f7e30d41934150a18a644f44243cb8626f8,0.02982539682539682,0.028684879288437104,0.0011405175369597169,0.06562171061988181,0.11917130786316806,-0.05354959724328624,0.08888888888888889,0.17777777777777778,-0.08888888888888889
hotpotqa_long,21,0122bd8f00ec97deab09e94006f707cd17ea65af61abc12cc2791f230613d159,0.025,0.0468250235183443,-0.021825023518344297,0.06120800049726073,0.10140835019374914,-0.040200349696488405,0.525,0.55,-0.025000000000000022
hotpotqa_long,22,152982a618e2afd6d9ca5f5b5684dc7f992f51805705fff1959ddc3c93ddc722,0.025,0.025,0.0,0.050228739555748116,0.0904639425359564,-0.04023520298020828,0.7636363636363637,0.6727272727272727,0.09090909090909094
hotpotqa_long,23,160db6bf69d5c4d966b0c27083841c36334f4f4bfc00c92eabeb23df479b6aa4,0.025,0.025,0.0,0.05587447536784047,0.13878663914953934,-0.08291216378169887,0.26881720430107525,0.34408602150537637,-0.07526881720430112
hotpotqa_long,24,e2ce8f9cf6beedc79e112fbb3f82407af37a139bf56a02519f8510f14bf04f10,0.025,0.025,0.0,0.044555714664777826,0.125580600945397,-0.08102488628061917,0.3333333333333333,0.5507246376811594,-0.2173913043478261
hotpotqa_long,25,e4e012f3f682d31dc9f21841ca4b4276f69aa1b2de29adce1e789ece7329ed23,0.025,0.03717312894499549,-0.01217312894499549,0.05046063923932219,0.12553110526689523,-0.07507046602757304,0.782608695652174,0.6811594202898551,0.10144927536231885
hotpotqa_long,26,2e0ca85919df0d6cafad5851892bbc3d9c93e0731b529e7376c6b4050bb026af,0.025,0.034983079526226736,-0.009983079526226735,0.06456094751115854,0.15213443616252478,-0.08757348865136624,0.19444444444444445,0.24305555555555555,-0.048611111111111105
hotpotqa_long,27,1d5960dd30cbe98ef3f4df3e05e0f1822398fcd20a387266f4a6f0ed61f4c176,0.025,0.025,0.0,0.04598411007673884,0.12569834428605828,-0.07971423420931945,0.43283582089552236,0.417910447761194,0.014925373134328346
hotpotqa_long,28,b234519ffccd66b1b5e2ad621fbc2eb6e382edc9da6909aff7ba1b6d9cc1bc37,0.025,0.03158778381835625,-0.006587783818356251,0.06831607241356012,0.1347125061703413,-0.06639643375678118,0.16326530612244897,0.1564625850340136,0.006802721088435354
hotpotqa_long,29,12d3bde4e0fef477b5b8fce49cb780e0c93f89732f28740ef30b2c2d6b34fc43,0.025,0.03558098020123337,-0.010580980201233367,0.06509991896453451,0.12312996657440414,-0.05803004760986963,0.2558139534883721,0.19767441860465115,0.05813953488372095
hotpotqa_long,30,f858f94965df80eba503f062686f51cbac22fc8e8bcea3594719f16f1fb6cbbb,0.025,0.025,0.0,0.04547370528523427,0.09626682268357534,-0.05079311739834107,0.28846153846153844,0.5,-0.21153846153846156
hotpotqa_long,31,8c688b99546286876a5a929a243a9a5d950fcfa99428a826728211dc4eedd770,0.025,0.025,0.0,0.0432736735080956,0.12752999244197888,-0.08425631893388327,0.3157894736842105,0.3684210526315789,-0.05263157894736842
hotpotqa_long,32,76ffafbf0f199021b5b3af908891e9dde71b6a395a84267b760e14adddeecafe,0.025,0.025,0.0,0.07217811926445347,0.12520748217876781,-0.05302936291431434,0.1368421052631579,0.28421052631578947,-0.14736842105263157
hotpotqa_long,33,e6f593041274d1f4154e4591f5b9eb42a7bebe8174eae514b91d2bedb4f4a0e8,0.025,0.025,0.0,0.049766641569835235,0.11989631925630757,-0.07012967768647234,0.3404255319148936,0.40425531914893614,-0.06382978723404253
hotpotqa_long,34,340be160ce2cd4d8286e37b9443566e8b18b13f4e32aba2b52686e0e470288c3,0.025,0.03109137055837563,-0.006091370558375629,0.07045378419981431,0.1397867005959767,-0.06933291639616239,0.32608695652173914,0.4782608695652174,-0.15217391304347827
hotpotqa_long,35,f1fb5057c13357e03ef2375b6d9b6f009d981ff4da28ca64a04f43bf48d39015,0.025,0.052558794302749255,-0.027558794302749254,0.08562766088135179,0.1421530247492492,-0.056525363867897416,0.37142857142857144,0.3142857142857143,0.05714285714285716
hotpotqa_long,36,86cfe7c38ec1278df15d09960429b3658e0d499a4d7b282af52f2a4ab83b678f,0.025,0.025,0.0,0.04054310767228443,0.11623349770885474,-0.07569039003657031,0.3333333333333333,0.2222222222222222,0.1111111111111111
hotpotqa_long,37,1b6ba36ac201f44ee981735184f12476de54ea643c31415fab289b4409988237,0.025,0.025,0.0,0.05504560337096883,0.13624402409155018,-0.08119842072058134,0.2807017543859649,0.49122807017543857,-0.21052631578947367
hotpotqa_long,38,b60166fabe4615da88ad723e73938b60f3e3586f06bf7c17349a5c02a1379fb0,0.025,0.026104463874827434,-0.0011044638748274327,0.060838102670013904,0.13525378629575074,-0.07441568362573683,0.4605263157894737,0.3815789473684211,0.0789473684210526
hotpotqa_long,39,55860e03ba5c1d2fe949816f0090eb55ec372d3fa9dd09760260b4fe8dc09a3c,0.06738329238329238,0.11773399014778325,-0.05035069776449087,0.08970720629049303,0.17913838806828747,-0.08943118177779444,0.32075471698113206,0.2169811320754717,0.10377358490566035
hotpotqa_long,40,8b8844204fdbbe2ff066bda485b9f5d85f5786d3eb85f695ec03cf36a1fbc77e,0.026896024464831803,0.03429663608562692,-0.007400611620795118,0.09869307353059582,0.1510369071365692,-0.052343833605973375,0.21875,0.3203125,-0.1015625
hotpotqa_long,41,4d905f80d261d539feb4127bf63a94bc152f09b85b4470515f75f339fd2aad5c,0.02934782608695652,0.05193700217233889,-0.02258917608538237,0.07035344152687455,0.1511574256243361,-0.08080398409746155,0.33766233766233766,0.3246753246753247,0.012987012987012991
hotpotqa_long,42,18e337d932c0fe10be624a3161ec292cd30bd8fb735e49094bded6e95513e44b,0.025,0.025,0.0,0.04525924848360696,0.11533301471301538,-0.07007376622940842,0.175,0.3375,-0.16250000000000003
hotpotqa_long,43,569ada0572ca691e6c8cff1ae2fba589f7705a164f8a8099e35446d6ce97302a,0.025,0.025,0.0,0.07268303560775571,0.10483999408306513,-0.032156958475309416,0.4523809523809524,0.4642857142857143,-0.011904761904761918
hotpotqa_long,44,52b633c7cf91c35f0802927301cccb70e02d080e5b8a4eb819d7a23eb2300f22,0.03048245614035088,0.025,0.005482456140350877,0.0480394079964223,0.10798984689184529,-0.059950438895422994,0.3695652173913043,0.34782608695652173,0.021739130434782594
hotpotqa_long,45,fbc542468e24eb293a05c6735e658f95a2b6633394b44a74534b10d3f1d1090b,0.025,0.025,0.0,0.05506434443963787,0.10407790294354333,-0.04901355850390546,0.5324675324675324,0.5584415584415584,-0.025974025974025983
hotpotqa_long,46,fd87b887094d88002efc94dfbca08e35fdb72509347fca562ecb6bdba9649408,0.025,0.025,0.0,0.06089214815598363,0.14200233841456683,-0.08111019025858321,0.3275862068965517,0.3103448275862069,0.017241379310344807
hotpotqa_long,47,57a10ed31a5f23710adfccd00d7a1ea1392d9b8bd5abae692e2dc57d03f8e295,0.025,0.03991923641703378,-0.014919236417033778,0.06501441408611694,0.14940438819923993,-0.08438997411312299,0.4864864864864865,0.40540540540540543,0.08108108108108109
math,0,bb7512f1baf3367e88aaf526d544e14b149a224da36b8411bbc57352ef807e7c,0.050479744136460544,0.32917558886509635,-0.2786958447286358,0.11645767140237717,0.401999763767207,-0.2855420923648298,,,
math,1,f566b87afc3098d1b3b9572dfed02e5488e5adca9638f71875c1b8a47a54ad28,0.17625786163522011,0.23409090909090907,-0.05783304745568896,0.2220455165958397,0.297360184868398,-0.07531466827255828,,,
math,2,ac5f524103ae561a9ba87973e3de721fb89452679c8f90c4d3cb1ea014763081,0.13703125,0.30515625,-0.16812500000000002,0.17600586486158729,0.3702941188423393,-0.19428825398075203,,,
math,3,a1df04c7a2f118649ac28e35d67165e2c991d88d24bd63ce860ae633aa0c09d3,0.11282608695652174,0.29717391304347823,-0.1843478260869565,0.18890262617246772,0.3768378868713914,-0.1879352606989237,,,
math,4,a87ad0395e1a9d40364cbefc8e3f3bfb6e17aa36e8cdcaef72333024b5c3904d,0.20559523809523808,0.40611638954869367,-0.2005211514534556,0.3005691690472355,0.5346528939053041,-0.2340837248580686,,,
math,5,b9b6688747469235ffa69353fac2d2efa957b06f97a903c2148d5b71f61229a9,0.16458333333333333,0.06166666666666667,0.10291666666666666,0.23406110774641467,0.25989421527716094,-0.025833107530746274,,,
math,6,a7cdb86edcf81f33bb4d45308449b9e1ad4cca34847041008d7fc952d681fab0,0.40792397660818713,0.348072429906542,0.05985154670164511,0.6189072858359468,0.41398261256755237,0.20492467326839442,,,
math,7,6e30ed9932a0646175c8b1da6c6411477f401d6bfb8362295ae1334a39bdeb82,0.04245014245014246,0.3823466476462197,-0.3398965051960772,0.11462525427611583,0.5363263288628106,-0.4217010745866948,,,
math,8,fb178217678e3336e4790548fdf7f75aead1e332e8b46481849a27e0359cd067,0.44794117647058823,0.5278487229862476,-0.0799075465156594,0.6845499753694078,0.6944628512500512,-0.00991287588064349,,,
math,9,f8b625d76ccb741ba0e541afd0223d6bda28117d4178807423bcfa429094dba4,0.025,0.11666666666666667,-0.09166666666666667,0.05495450445293656,0.2531091178235004,-0.1981546133705638,,,
math,10,e804ef7c09d91052721f81532cd9a165cad80cb126e62867d54b9a8526371432,0.26861313868613146,0.3169561243144424,-0.048342985628310964,0.3753523278025246,0.41486878856778187,-0.03951646076525728,,,
math,11,ad511fdcadc1776c78f7b47f634b28a7a3a481a6a7d2dff1dc2e2750e3b854fb,0.20083826429980278,0.5080708661417322,-0.30723260184192946,0.2590064064755454,0.745185694372162,-0.4861792878966166,,,
math,12,c8afbd76047f8234f4a6ab41488ebb951241b997d53faeb2293e805363c7be80,0.17807901907356943,0.17974372955288986,-0.0016647104793204304,0.2559123650600159,0.25657962687406377,-0.0006672618140478592,,,
math,13,cffa8f9c37c134b033b5a089238491f84934e0b634205c96df1515196e68cbf8,0.2603039134054954,0.2737966804979253,-0.013492767092429914,0.36787560452016377,0.3431592091253851,0.024716395394778656,,,
math,14,e38865bcfd23671945473dc8c32b60a188d4da91f6fd33d46c2480c4ca285cf8,0.14453125,0.4718503937007874,-0.3273191437007874,0.19896924756706375,0.6653305839810112,-0.46636133641394745,,,
math,15,f650602fb38ac8e764c4caa035eae5f5271cabfc0f333f95f17a924c217cf085,0.25794117647058823,0.3313034188034188,-0.07336224233283056,0.3484827438102248,0.39867255312931443,-0.05018980931908962,,,
math,16,87b277b3a58f01893a1596be6dce22918d58c9c6c8e1a65096b0785f721ac09c,0.2087209302325581,0.39359623733719246,-0.18487530710463435,0.24532968119547577,0.5632188706518102,-0.31788918945633443,,,
math,17,375789bb63ac6dd6160a0a5ba5ba06c4ebf5858df4491368511034e7e5640e40,0.025,0.1711038961038961,-0.1461038961038961,0.10112126867300279,0.2694194342576862,-0.1682981655846834,,,
math,18,a7ec379ded5fb9430a1086576fb1fca547a7a5785eaa42714bbe839f8403de61,0.025,0.6505494505494506,-0.6255494505494505,0.12782142869408236,0.7574034338756639,-0.6295820051815815,,,
math,19,2f7efb8cdca1cc4080f05d5b680523c58fc320486d2869be5bedf8a7bde85593,0.11865558912386706,0.24376876876876877,-0.1251131796449017,0.14541352584184714,0.2924411303560438,-0.14702760451419666,,,
math,20,4a8f4b7832c9c1cfd710e08b95fa73390536e2e924749d09490fa10b1b51ff63,0.2713654223968566,0.343713163064833,-0.07234774066797639,0.3657668255816696,0.4439055113226386,-0.078138685740969,,,
math,21,2b863857bfabf3babd884f2b6f118b94d8962e932abe8764235a71f50ef2552c,0.5129474940334129,0.5201190476190477,-0.007171553585634816,0.6805544854194255,0.7221781108794828,-0.04162362546005727,,,
math,22,eab9d7e551912f4e593b4b057866309fb94adc7c82c9a16bca2936c96d035360,0.027521008403361347,0.5502100840336135,-0.5226890756302521,0.049334985066092296,0.6057150337268599,-0.5563800486607675,,,
math,23,62097fb146e08809a33a5a6db34242112fbe62dd004379997fcec70924fd90c1,0.2508561643835616,0.3417235494880546,-0.09086738510449299,0.3686463631480759,0.4625819712156254,-0.09393560806754947,,,
math,24,c7af8402619f1fea3f0945ac916d0a87654b769b8f2bfaa638aae8adfc6e1b48,0.1792721518987342,0.3056656101426307,-0.12639345824389653,0.22298745154012617,0.35323812271891397,-0.1302506711787878,,,
math,25,2ec2c61eb6e25ea4ca0038dfebc3e9cf8bb7ecf78c90d7e4f3a7578047a73c72,0.16752199413489735,0.3165690866510539,-0.14904709251615653,0.21661095620516338,0.3598570011913727,-0.14324604498620933,,,
math,26,bb84a507e18949e577b37cee60b3f7634899b85470279bf2386437e25466e9f7,0.13201298701298705,0.4016752577319587,-0.26966227071897164,0.17999910724852725,0.4460526193140482,-0.26605351206552097,,,
math,27,09d58f450ebab2cab203cbf81e1a54a0821025cc7d3213e2133519cdc730ecdb,0.35377041306436124,0.38881135707410974,-0.0350409440097485,0.5180756150643072,0.4920161063861047,0.026059508678202503,,,
math,28,fdc4d122befacf05911f1c4c6726c85c8c4ee6231e01045b02a34d73213926b2,0.32519588638589625,0.32843811394891953,-0.003242227563023281,0.4117166326509231,0.42982439874505396,-0.01810776609413084,,,
math,29,55078a9b509872e36c4e95a20f585485796f5a549b4e0c8c1ec98953deaee6a1,0.12277015437392795,0.349914089347079,-0.22714393497315105,0.18398041868698295,0.41732530240328786,-0.2333448837163049,,,
math,30,fa7edf7873fe9f46601d86e068a74960de9415a9d6711259c51750f31521ac30,0.43935361216730034,0.4365714285714285,0.0027821835958718455,0.6667502246563297,0.4825137155433549,0.1842365091129748,,,
math,31,3610cddc4af527ff43dd171a2ee72935d17bbc8f5cc5b99f3896416ff8d54260,0.45023419203747067,0.3047535211267606,0.1454806709107101,0.6482476349261026,0.37082017597276395,0.27742745895333865,,,
math,32,0a16f6ed1424bb2937fbaf14d963ebf9b649fcaa390cd14ecbe31493b020340d,0.17352071005917163,0.32042772861356933,-0.1469070185543977,0.2372669184824053,0.4115925326395157,-0.17432561415711037,,,
math,33,10837fc98e5a2b25cd6000579938e808d35c4d9904de222a1a4be398bd21a194,0.04201030927835052,0.12396373056994818,-0.08195342129159766,0.12792080502264774,0.2905370906893407,-0.16261628566669295,,,
math,34,c9fc2e9e5df4588811ab36ada587c4421c1a21ebbb663917e2c0f18b803f6258,0.08566666666666667,0.31888297872340426,-0.2332163120567376,0.10819928404344555,0.41524436550813804,-0.3070450814646925,,,
math,35,0e16c28e4cf71bcc4ae08cd1a7851c63c61ccd6badc25c7b34575e74a0f81d87,0.3168300653594771,0.35379282218597063,-0.036962756826493526,0.49396486813372037,0.4787000230162117,0.015264845117508696,,,
math,36,bb9504c97b98eb58992fe4b6bea2bb3c71c78196ce8bc001c401a2976ee08041,0.24304043545878695,0.2270962732919255,0.015944162166861453,0.27406088589318867,0.31606846647608955,-0.04200758058290088,,,
math,37,6a039b4cdd820ed18b7ea0875d595c3be3d27da817fdf85b624e61355a96eb87,0.34843324250681207,0.5680894308943089,-0.2196561883874968,0.5275300621370751,0.6956936261124339,-0.1681635639753588,,,
math,38,b1674e6e5a56430460a1e100675c65922d2daa93c8c95893c252a0353229e2b3,0.14485714285714285,0.23388252148997135,-0.0890253786328285,0.22264271520089413,0.28863047437533607,-0.06598775917444194,,,
math,39,719a4a00deb319710f2112c8efc65d011e9b5d6ff04bdd0cc0c277abd112a823,0.03051330798479087,0.3346590909090909,-0.30414578292430006,0.1337652094844937,0.41493271037562146,-0.28116750089112774,,,
math,40,4b71b404615eba476125a817b0c88932dcf93794372a45e3f86751dd1431bfd4,0.3001118568232662,0.37588888888888883,-0.07577703206562264,0.43291301462177756,0.48393271922096376,-0.0510197045991862,,,
math,41,83a769620aa7db643bb89d420036ca9ccde45296836788b8c23407473e97dd40,0.1448220064724919,0.3559870550161812,-0.2111650485436893,0.17641042630710418,0.4159986605277471,-0.2395882342206429,,,
math,42,d41ce3f345756901a3310e36cb5b23076148d86b2be35b24d1d10b889252bf27,0.42395561357702355,0.3553010471204189,0.06865456645660467,0.6637955950185576,0.42263658975548435,0.2411590052630732,,,
math,43,34e04d87b32f18953fc98f642c0924d0453fd13334a8f1704f33a7cb8ffafcd5,0.06473941368078176,0.6011437908496732,-0.5364043771688914,0.1383395334618082,0.7110987648848259,-0.5727592314230178,,,
math,44,699c2ce4e93302bb6adb75d1b705e1f21f43b8627dc84b21275503ec269f6f71,0.34680762852404645,0.45936213991769553,-0.11255451139364908,0.48033628073492807,0.539593603332397,-0.059257322597468964,,,
math,45,784d0daca7acee0425ef00fac9de657e140f5b378818180785bc9a2b3d8c195e,0.14253155680224402,0.3532303370786517,-0.21069878027640768,0.1784532197118845,0.4331241600330989,-0.2546709403212144,,,
math,46,16e5736c83b8962c8963876bf9757fdbf3bb3bb7a57f96b29294f385583c8254,0.1507575757575757,0.2276315789473684,-0.0768740031897927,0.21462316934737163,0.3015047884327404,-0.08688161908536879,,,
math,47,8c36da0d738cc261f8d6b8d0c3a9d9b175dc08d3e29fda0a6635ab1ad2e042d0,0.22032794249775378,0.27441388638412983,-0.05408594388637605,0.2613303249768663,0.3164902351009017,-0.05515991012403537,,,
math,48,9ec331b5524b4256b7e6acd78b2f6f56a7f0af8c1d0a01cc89a2ab9e3506ecfa,0.21964060529634302,0.33333333333333337,-0.11369272803699035,0.24142013893002495,0.38035276990965333,-0.13893263097962838,,,
math,49,2ac73b5cd0ea58b98e0440185383fe9fd25a2ab6c13aaf3325d5f6e8a3a6efc5,0.25291262135922327,0.44741100323624605,-0.19449838187702279,0.31969292361375046,0.5554784910781999,-0.23578556746444945,,,
math,50,c56d685824a78104e5508fb1ddc301a601ce46da971b950356d4696c90258c40,0.3183566433566433,0.37331932773109244,-0.05496268437444912,0.3998681554382147,0.49254253047450225,-0.09267437503628756,,,
math,51,afa6e64a0795cd447c5b86f07c5b1547bfdcdaa78c351116db68abf6891ba31f,0.07845122646891045,0.44874715261959,-0.3702959261506795,0.20543551142949795,0.5807834921231242,-0.37534798069362624,,,
math,52,c928536b0e1dd56c314010de714feeab28ba39f509d494d412a6bcdbbd0d1c41,0.4581896551724138,0.578458213256484,-0.12026855808407028,0.7505345179405959,0.6248994397240535,0.1256350782165424,,,
math,53,31d9f4d8c20e31e4d09692c2f4ff30d420c62c0e5388cac4e4d06cb814c36af3,0.376889534883721,0.35656748911465896,0.020322045769062047,0.5567731936347691,0.42943948680697874,0.12733370682779033,,,
math,54,5b5e086307a3ba9830d52916578683e6c6409e1575580cffbb2d28391c599b7c,0.1098792270531401,0.293792270531401,-0.1839130434782609,0.18789766322868004,0.3486139156491649,-0.16071625242048485,,,
math,55,3ba959a31a4ee377779f59ab308a8941f7d16adbb1943132f0e45f5fd4cbf102,0.27197674418604645,0.39464078794901514,-0.12266404376296869,0.32142220957148276,0.46435184394307916,-0.1429296343715964,,,
math,56,b571e7f0d3a06eee11403cd04c1bb25527bc9a5d0995e7bf1bff4fa89328d04d,0.12214714714714714,0.2867117117117117,-0.16456456456456459,0.161974260011289,0.3907685782168945,-0.22879431820560547,,,
math,57,e1cb0b40e70a90960a408231fb3d54b2b923fa24b93187b1c27331ad9dbc8273,0.24794303797468356,0.3677330173775672,-0.11978997940288363,0.3286808272078914,0.4268306324248776,-0.09814980521698624,,,
math,58,0e8cb75ccc3ba2fdbc87a217abf212442ce52ee4ec8e05514a10a2d89b022671,0.20913615928066792,0.3579698524695318,-0.14883369318886386,0.2525223174861044,0.41156842319789844,-0.15904610571179406,,,
math,59,b0ddd3a6b8bf79e31c9f6604a29a6570b0be2092ee8f24b614bbb26548dd6613,0.21574074074074073,0.30993150684931503,-0.0941907661085743,0.25653791861760544,0.35612887854246755,-0.09959095992486211,,,
math,60,4ec08ef58a1ff1b11078d18f9ca39980a22963672141b3007b7a8b94b25118a2,0.10049194991055457,0.3066591928251121,-0.20616724291455754,0.13654630680969798,0.3722741407520233,-0.23572783394232533,,,
math,61,304ee8b1bd1814e7be926bb22a5b6b698f2f6232a2071de11f58b894b137ac03,0.11465517241379311,0.42124277456647397,-0.3065876021526809,0.15476078188011672,0.5227029687115551,-0.36794218683143837,,,
math,62,11cb7a50da12dbb8212974b7056fe32d8af01c3c9643ffc4afba52022cd58c16,0.23043615676359036,0.35238772928526246,-0.1219515725216721,0.26667492685514055,0.4322243649748021,-0.16554943811966155,,,
math,63,fc8c8129d4f09f5b79c4d4f7bc3a694da4e4fdbbdc935353bc05a2a5ba37c220,0.06636546184738956,0.1536290322580645,-0.08726357041067495,0.09200803185620121,0.31893236638050093,-0.22692433452429972,,,
math,64,522640ad778e91a853126e33dacddffe897a0319f1c8e76b89976c96dbcca509,0.37271217712177124,0.4278392330383481,-0.05512705591657685,0.5792014034700532,0.4941070521874339,0.08509435128261933,,,
math,65,e652d09eaf451a238c45596490fb9d3adc2aecc99ddaa162a84292eeaa93bb25,0.2993884892086331,0.35948773448773447,-0.060099245279101376,0.45958777720109173,0.4397345488644021,0.01985322833668962,,,
math,66,33ae50e53dafab22f4c4e4ae25ce44064bd6f52e6a8d0011bb714d86b867dc89,0.12580645161290321,0.31297979797979797,-0.18717334636689476,0.16072493277104316,0.3693478582991835,-0.20862292552814032,,,
math,67,9ce3ce29884235209544cb84f4c68e1a1778e5fe4e41eed6a91a4ac40bd14222,0.1390495867768595,0.4578838951310861,-0.31883430835422666,0.19081923112167548,0.5332599507495257,-0.3424407196278502,,,
math,68,22c74bc1242ec09375b4b772e5b155d76b0bcc1f4516fd07fa1e6dbd2a224ff8,0.1130291005291005,0.46045816733067724,-0.3474290668015767,0.15849717589750645,0.5320527035107449,-0.3735555276132384,,,
math,69,ab7964452ca752419a49f050a9f63171b6c26424f68a7c18445c45c5e6d08cb2,0.20801886792452828,0.37830812854442347,-0.1702892606198952,0.30162565941557234,0.45834770895930815,-0.1567220495437358,,,
math,70,5c67c58bd2c4fec418da0021f55a4bbbec7a905dc7b5f81e4951da2f92db8ab5,0.10090439276485788,0.2644174757281553,-0.16351308296329745,0.17537333541370587,0.34509413506090986,-0.169720799647204,,,
math,71,7e70b5b9bebb3f55e8640de68240f7bffed7c66e6aa337757cae776c269b9ecb,0.08202947845804986,0.40402494331065747,-0.3219954648526076,0.14673556586111394,0.5337723009526538,-0.3870367350915399,,,
math,72,54eb3c193142373e1ae4947c68b561c90cc723b5eb6ae53b33c6f5be6777a385,0.05586003372681282,0.14371838111298482,-0.087858347386172,0.1426456450969556,0.289935491354293,-0.14728984625733738,,,
math,73,bbf91ab43d923df314c93404ad4c80d47e804653b1b653786776f9e0c41118cd,0.21248551564310544,0.34261297798377754,-0.1301274623406721,0.2853139456013444,0.4655009846813477,-0.18018703908000333,,,
math,74,12651a96a2fa8444e1226c3cfb456eaab2993c9d3d45db3d859ca4c0d1bb565c,0.3258914100486224,0.2922889610389611,0.03360244900966125,0.4403408490434219,0.3762491060877725,0.0640917429556494,,,
math,75,cf784bebfc8300023f8039d0956d3b066a1bb04a3ef306f1ed3bd780d0e3d178,0.12329497016197784,0.3494871794871794,-0.22619220932520157,0.1776020137250951,0.42180775392469017,-0.24420574019959507,,,
math,76,8d41d78ff8f4fe231bfa5f792f167cee7b47c328c4206dbcb5602b1a1f28c166,0.2576155462184874,0.608263157894737,-0.3506476116762495,0.3536028516480161,0.7480840564091267,-0.3944812047611106,,,
math,77,3adaf96d2aee4340748c546c17f196fe52a551fa549d5bbad85c69200988f0e8,0.09028103044496487,0.29105882352941176,-0.20077779308444688,0.14622260674317786,0.3672272846236595,-0.22100467788048164,,,
math,78,16afd9c9975815b909e19491fcebc06bb288bb5581955a97d493f4f8cfb9f4ea,0.16948275862068965,0.5729166666666667,-0.4034339080459771,0.2323713555249723,0.689081812335519,-0.4567104568105467,,,
math,79,2845c253dd30f35dfafcff39d6d263ee1464fdad599dd463471d5a832932cb03,0.28869764082811744,0.31608863198458576,-0.027390991156468314,0.33118233150940346,0.37883508376637226,-0.0476527522569688,,,
math,80,59131a8f2591463e6b5d5c9a0c11256d65f52bdff96f5b9ab319b12885a963d2,0.29058908045977005,0.3203371592539455,-0.02974807879417546,0.42341580514952915,0.40791366661561196,0.015502138533917187,,,
math,81,9f533fc3cf91b3165f73530e57d114c0f6d3a9b5611635c544559e80104977bb,0.6515356265356266,0.21034482758620685,0.4411907989494197,0.775982802920006,0.3240455245623909,0.4519372783576151,,,
math,82,57f9c716949c42744a6d26dc381a43330a88e8c6c18b0f1adc138963c1060700,0.02522421524663677,0.1962053571428571,-0.17098114189622035,0.0849242333674209,0.3135297000008716,-0.22860546663345072,,,
math,83,0544dd2a3392dfceeaba75028ce4e8ade557082c3bc9db206d3a9f93b5fd937b,0.10469639468690703,0.2898674242424243,-0.18517102955551726,0.14041514496207577,0.3878143941161092,-0.2473992491540334,,,
math,84,cc9c711db0a4e3e60ce8bfb178dc57e0c0a61c6bd87101600472d538446e1582,0.1934931506849315,0.32499999999999996,-0.13150684931506845,0.24951431923971876,0.3748208630634011,-0.12530654382368236,,,
math,85,44aff7c0a678de9fd4c26ea951c28ac340772e1749db5476f2958780d1c7bf29,0.09465579710144927,0.32745454545454544,-0.23279874835309616,0.15646800008334633,0.37711953158255007,-0.22065153149920375,,,
math,86,3833a239311a9a90ac6788e9375f040cfbb7eb8233bcaeecce045709d99ed70c,0.2651824034334764,0.4021995708154507,-0.13701716738197434,0.33101111793461474,0.500475977556632,-0.16946485962201724,,,
math,87,5df1868bc7a13d00ec26576b19007a8814e516e825947c0b3303293c1320f943,0.1472737819025522,0.4213457076566125,-0.2740719257540603,0.1881239343543361,0.48530562961264156,-0.29718169525830546,,,
math,88,4f7802370d5a8efd644215fe9dadcee0490acb4ce85b03bb8ee5b183e492513e,0.3048798798798799,0.39572072072072073,-0.09084084084084082,0.4519506107962859,0.5789719627825267,-0.12702135198624082,,,
math,89,634571dbd12a3136297c6d2be1b02009bd2eb5f8fc910d5dc68a16cc04cebe31,0.15754637436762228,0.4351851851851851,-0.2776388108175628,0.2225460098615085,0.5742751202587872,-0.3517291103972787,,,
math,90,0d66afa8e0b7c82714bbe2f8898977fed2d01eb3ed4cce068f5bef235de41f07,0.1375353107344633,0.27514124293785314,-0.13760593220338985,0.20364520780563802,0.3657730830630497,-0.16212787525741165,,,
math,91,f8b1718a67b69b38e5f9d7d124d95ae8bdf4c9e1d60f1f4e8cc32224e5ab1bc4,0.11975465313028766,0.25475719932241675,-0.1350025461921291,0.15320040168105578,0.35666793968038474,-0.20346753799932896,,,
math,92,b271afed59a5d3298ae414af6cb272c425dbb979ae1613dde0676e4bff91f448,0.025,0.025,0.0,0.09500600474139678,0.28293935985123453,-0.18793335510983775,,,
math,93,288f95a7615c4c77e0aabdb59dbf869da0f3c70667765844ccdb8e04318d023f,0.33118811881188115,0.33153973509933776,-0.0003516162874566131,0.4986034672353081,0.4011198867603973,0.09748358047491079,,,
math,94,510cdc2ee6bbade3ab6c33a4108f1dcaf176787e75837af82adaa378d19305c5,0.12912903225806452,0.39572072072072073,-0.26659168846265624,0.1775186351766523,0.4770117199649867,-0.29949308478833436,,,
math,95,3cd2dad6621f7df6da720dbf5a9bd3c9f07ee26e9462162e1ab8e844015502cb,0.11080760095011877,0.2489595719381689,-0.13815197098805013,0.15151826843339639,0.32301683575440904,-0.17149856732101265,,,
math,96,55896b45fdafdd9e9a838fff10f2ff93baeeaee34a4541598b45bce25b0e86ac,0.23652882205513787,0.42804166666666665,-0.1915128446115288,0.3056342598141835,0.5700074708362506,-0.26437321102206707,,,
math,97,d4ad96dc8aad89ba6c25005a27f81243608b4deb03fb63922da7952589543d1c,0.28486277873070326,0.4299828178694158,-0.14512003913871252,0.3839386929470461,0.5774371994795623,-0.1934985065325162,,,
math,98,242fbb53a793c6a6653914a064e33a1f5d257e522c92eb6e24a1b43a34158ebc,0.3015695067264574,0.3795758928571429,-0.0780063861306855,0.4094920921340771,0.4769309469305081,-0.06743885479643097,,,
math,99,45e4d17df15a757ba2baa6c114a4e5decd74e6e60685c6770c4e792546f71405,0.152536231884058,0.36485507246376814,-0.21231884057971015,0.24469266763693942,0.4848537359073168,-0.24016106827037736,,,
morehopqa,0,a7b2d5fe4822e984f47cf57e0b5eb4be12f370fc048693f59d2610360ecf0710,0.02705479452054794,0.035882352941176476,-0.008827558420628535,0.10460429758241234,0.1651051812423408,-0.060500883659928464,,,
morehopqa,1,4e4d656da808149732f4929827d2ab5ae6fcb9661a4c8d7061c98bacfbf1482c,0.026527689369828134,0.05321656050955413,-0.026688871139725998,0.10173728511942007,0.19343966051863815,-0.09170237539921808,,,
morehopqa,2,9de462d0bc9d3d04cd102c4757471c9b7093355a020f7cbb6efa7e64055abb6d,0.06764264264264264,0.13338323353293413,-0.0657405908902915,0.09933480055815273,0.19065505551431206,-0.09132025495615932,,,
morehopqa,3,6981b891c08ba29fc630e17c7dca9967c6a7d6f775513cfbf27720cfaf6a5c4b,0.04122992392223161,0.10256138865368333,-0.06133146473145172,0.08960909378095146,0.18672613258882742,-0.09711703880787596,,,
morehopqa,4,bc5b0311e602bf6d814f21bde3098cc19908b8bede7d46b6d321643c95f3200d,0.05522388059701492,0.12008928571428572,-0.06486540511727079,0.14421606813713428,0.19609100184838657,-0.05187493371125229,,,
morehopqa,5,c10a19ba74a853042a784054d6ef62de61f8527bcb1826f3484d5cb9d7d0da61,0.09092960288808664,0.18641696750902526,-0.09548736462093861,0.14390117729024895,0.23253632651608167,-0.08863514922583271,,,
morehopqa,6,c7f243622c775fa539799982434f7f138859fa8153669d0711fef2434cc65c9a,0.07412917271407836,0.09890988372093024,-0.024780711006851877,0.13065774261376134,0.17900868789488325,-0.04835094528112191,,,
morehopqa,7,39200d94820b2df6ec932baef9f682eee114641159beaac288b17a8bc5162809,0.08506616257088846,0.1579245283018868,-0.07285836573099834,0.12412129585786154,0.2273381564678429,-0.10321686060998135,,,
morehopqa,8,200bf970eccbc1ab293925c875036d469f2634808e40bc2dac3ff27f63d12cd7,0.08297872340425531,0.12402654867256638,-0.041047825268311064,0.10948194623375662,0.19659504030193603,-0.08711309406817941,,,
morehopqa,9,7d8af1e4df348fec90187f150c928ff81c98ae35bb37f2e545e5e348beda4a45,0.16048578199052135,0.20301418439716307,-0.04252840240664171,0.22508166485710546,0.2802109250031525,-0.05512926014604702,,,
morehopqa,10,f4e3b13054a8d9debd56425ba4977088ac9e371aa583c2c6c80a128711a3ef88,0.12038530465949819,0.17396860986547089,-0.053583305205972695,0.1727072635002186,0.2237807635967577,-0.051073500096539104,,,
morehopqa,11,d1345b3aef2b6c61919ed3ea9db5a1403ec1289ebeb7f744e7ad4a8730355898,0.046077712609970664,0.14315519765739385,-0.09707748504742318,0.1198331711682314,0.19915911317097565,-0.07932594200274425,,,
morehopqa,12,47b40dfa0150cb8855366ad8e3a08a626898f7a5d69913578a8017b00f1a0b92,0.043288770053475936,0.11824396782841821,-0.07495519777494228,0.11070350543784895,0.19835884103734616,-0.08765533559949722,,,
morehopqa,13,2bd7a78dd7f02372610319c1fa42a32479202182277557cda530f68365e9a239,0.2052851524090462,0.343931560807484,-0.13864640839843778,0.2556069559684871,0.4584055867252352,-0.2027986307567481,,,
morehopqa,14,78f5a2cfada81defb1b2db422192c8687a2429367a7f8a90f9a18ffbc8fef70e,0.08638941398865785,0.09699621570482497,-0.010606801716167125,0.1270180013893072,0.1838193907744655,-0.0568013893851583,,,
morehopqa,15,45b8fa685970ff001740b5a15876737dc9243e7ea9a779d709344d47b545c7c4,0.047908204711616574,0.1138302193338749,-0.06592201462225833,0.09028658056159597,0.19046802495386883,-0.10018144439227286,,,
morehopqa,16,da5678a12b84bb54e350fbd027e3d8df72634c4011ad38d4cd7898d6ed583616,0.046855235418130706,0.02878947368421053,0.018065761733920174,0.08153589379571076,0.16855460397450656,-0.0870187101787958,,,
morehopqa,17,0a34c55f993f7e52519a0efe3859009613b8d3eebcf87335837d39ba2d3b5d17,0.025,0.025,0.0,0.08377644914038898,0.1748345038864208,-0.09105805474603182,,,
morehopqa,18,1a721ea6a1b619863c44ec5535a94ed3d407ce7b3bcec94d0ca91302bbdb73ff,0.025,0.22820000000000001,-0.20320000000000002,0.051039681257141735,0.3390326862781154,-0.28799300502097364,,,
morehopqa,19,d0d92018fcc94e2b00393acceb2d4e02541a2661137d26e39fbfc8a03158955e,0.13266550522648085,0.19702505219206676,-0.0643595469655859,0.1702371733048312,0.2801422056932311,-0.10990503238839991,,,
morehopqa,20,10be42e91f3648dfea7f99aaad045102c53924c921373e495829d4ef9461cd68,0.06427813163481953,0.18089798087141337,-0.11661984923659384,0.10827805199143796,0.2208257486271262,-0.11254769663568824,,,
morehopqa,21,ac7bbb8da54c7b300f447628da376e25825d915df7cba9af752af21453beb4fc,0.08144753476611884,0.2327482605945604,-0.15130072582844156,0.17343601614746001,0.2946204614492268,-0.12118444530176681,,,
morehopqa,22,18a0b86d7b0704978f85671860066646277e4ecdbc74ebc773441e177a5528da,0.02550251256281407,0.08026755852842808,-0.05476504596561401,0.09603492079147342,0.1729550496557031,-0.07692012886422968,,,
morehopqa,23,bdf3a2d6536e8417a05329e03f6e3e57f48458da031082a6811c99bf5aa3e4e7,0.07867803837953091,0.08338675213675213,-0.0047087137572212195,0.1115048835178507,0.18849505553115287,-0.07699017201330216,,,
morehopqa,24,4bf59c2a843ad5a5fb3248adec1acaa9d081b5057873d449524a1226a5169072,0.029149085794655416,0.047042253521126766,-0.01789316772647135,0.10828822524529784,0.16144492925257486,-0.053156704007277025,,,
morehopqa,25,007b9d800e74c3755a9c22c99e87432d819b3888d599c7c1553adb8129149b7d,0.07069356300997279,0.11473660308810171,-0.044043040078128926,0.11726827471501408,0.17393381800534904,-0.05666554329033496,,,
morehopqa,26,957fcc32bc4fa7caaced960d61f6baed53428a60136f12ccc500d11e8f8efab5,0.07064220183486239,0.15802752293577982,-0.08738532110091743,0.13241731255571584,0.24132047654401606,-0.10890316398830022,,,
morehopqa,27,b27e813d7282e400c0469f7a3c63272a4c77aec2824bad17034aff93f07b622f,0.0596774193548387,0.14847985347985349,-0.08880243412501479,0.10784205579801245,0.17644066200431302,-0.06859860620630057,,,
morehopqa,28,86ee10b5f79edbea1edee27455cbb0d885fc2a17a85e5418f36d4dc64b51f3ef,0.034375,0.16071428571428573,-0.1263392857142857,0.10043352723314669,0.18486806223659072,-0.08443453500344403,,,
morehopqa,29,712fa7958a48bc9818644efcca2da724580aabb3e1dc43e13ebe5134e7c8864d,0.14691780821917808,0.11512345679012344,0.03179435142905464,0.2248740082984094,0.1589387805169821,0.0659352277814273,,,
morehopqa,30,77f9c439b7790cc82cc14ed4eb39bb4935cc9e469f6edf0b9f6d33f92c9b5277,0.06588168801808592,0.14487951807228916,-0.07899783005420324,0.09717779436790752,0.1970777248888743,-0.09989993052096677,,,
morehopqa,31,7c71ef216834180eeb98d6abfd56b09033d80093459cf6444060b6f9d35e09ba,0.0721042471042471,0.15819198149575944,-0.08608773439151235,0.09143304937913273,0.23066348666899666,-0.13923043728986395,,,
morehopqa,32,e12bdef1acb335275b1ec4f0e4dff9e3bb7939ced6e6fc0af58934045893daed,0.04391428571428572,0.03287221905305191,0.011042066661233807,0.09409889401819113,0.15807480869387472,-0.06397591467568359,,,
morehopqa,33,9e96fd0b2d0a5b10f0abef642c32502d4bfce6f87b33f5779aa92f36a62bef01,0.053829479768786125,0.049927745664739884,0.003901734104046241,0.08577836594575819,0.14549473183534453,-0.05971636588958634,,,
morehopqa,34,53137856478d264c878d121b5e738ff6c75e49a4f65ebd2874b5a6ed6e719eda,0.12126093874303898,0.1852548785344485,-0.06399393979140952,0.17848190067125635,0.24048112671933103,-0.061999226048074674,,,
morehopqa,35,299f6c0155bc11c4c178f50aa4bd885211021eb3830ce159d286c8eccef8b769,0.03090238365493757,0.09582860385925085,-0.06492622020431328,0.07924427715850016,0.16997056723682163,-0.09072629007832148,,,
morehopqa,36,fb50bec6774eeacdee427a6145c663d95195916392a4f5e0fa19f9b6ff0750f5,0.03505747126436781,0.05206422018348624,-0.01700674891911843,0.0782411228285885,0.15409446019456327,-0.07585333736597477,,,
morehopqa,37,02f318ff1f9566912d56f18ef75dc2a765d4a6b4b36191cb5f3800c8980cc5f1,0.07181388012618298,0.20198612862547288,-0.1301722484992899,0.11849234022769457,0.25976767731156636,-0.1412753370838718,,,
morehopqa,38,c7a86434907d8c036abc84e361e3a44b1e62059660d4a49407c11de99b18f441,0.025,0.025,0.0,0.06664589796897424,0.16656476795742306,-0.09991886998844882,,,
morehopqa,39,7ab9bed62d29d6798ba1f60904023cef6b6eccc0726b92cc1566ec07faed9d53,0.05307486631016043,0.12687165775401069,-0.07379679144385026,0.13015906738704972,0.16289464991273755,-0.03273558252568784,,,
morehopqa,40,148a9ef1a02c67b7eff1ee598a0a59ceb67a7225b3a0c9163e8888e5b93764d9,0.025,0.0463229252259655,-0.021322925225965496,0.09013961952712841,0.12392935854236194,-0.03378973901523352,,,
morehopqa,41,96e98afa5139aeca87aa8e10d4c4de90946b83bb8185da3274eeedf9073e939e,0.07777185501066097,0.1079946524064171,-0.030222797395756132,0.10619226944352474,0.1540287763437702,-0.047836506900245476,,,
morehopqa,42,968efdfdd88f971c6bc879d34a7d50eddffb56e8126e69b1d659a292359d6118,0.08224431818181817,0.16593484419263457,-0.0836905260108164,0.14412183556620545,0.2167629638635286,-0.07264112829732317,,,
morehopqa,43,80bbff51a03c262fe1a8ee57f9d7d1d0ca99875b9f36152b0f9e74c2aad4e4db,0.03347457627118644,0.058403805496828755,-0.024929229225642315,0.08355955201072732,0.13642936501578456,-0.05286981300505725,,,
morehopqa,44,74d3fe50721553d1242c1672066289190e9e6c302e35e69b109887d010700759,0.045976831559173446,0.0843984962406015,-0.038421664681428054,0.10158504177521528,0.16855019148533384,-0.06696514971011856,,,
morehopqa,45,2d4f19c2d986384662bfd0f9797df10277431f7331d1c1bc055e3325702fa64a,0.12005882352941182,0.1891598119858989,-0.06910098845648709,0.14150406661324752,0.21288994441106301,-0.0713858777978155,,,
morehopqa,46,57b2eb213919d39f1baafdb27ebc7b987824145301ba2deefe32cef2a94864ec,0.04361826697892272,0.06210618436406068,-0.018487917385137956,0.1081131315090845,0.17349361077424938,-0.06538047926516488,,,
morehopqa,47,bcf6694f923da0f19945a425961d387a4dd6e43fcb458209519a692517f445f7,0.03162460567823344,0.17123233908948193,-0.1396077334112485,0.06078926296956353,0.2484094703131825,-0.18762020734361898,,,
morehopqa,48,01cf15c287ef152a3a47db3bc0eceedc41df2d997ada57b959bbaa67923e3c5a,0.04397163120567375,0.09005757307351639,-0.046085941867842636,0.12662849566191967,0.1530897808296811,-0.026461285167761445,,,
morehopqa,49,d2f73b6d4f574d593f23901bcbc6317841a99c455b8225575569f2059d8d07e1,0.10085877862595419,0.24370537839124226,-0.14284659976528807,0.16080819627593979,0.32969486447170127,-0.16888666819576148,,,
morehopqa,50,b6148eaebbde699fc5b82b3563c1a7fa83eb97a5242d9fb4231ed928e2cf2876,0.05562593144560357,0.06980179506357517,-0.014175863617971601,0.08880329944106921,0.20157365255829154,-0.11277035311722233,,,
morehopqa,51,efcfe8308ff796a5a11f16c016309b1b545f523c8bc9b85c7515571f81b689ed,0.048760683760683765,0.14304961505560307,-0.0942889312949193,0.07496440956200476,0.19584256516964582,-0.12087815560764106,,,
morehopqa,52,635306f68728eec9df0ab8a1974a11795050cfb4cc008865c11161f7516040f4,0.08934195725534308,0.16503378378378378,-0.0756918265284407,0.12671680825526194,0.21651783341000996,-0.08980102515474803,,,
morehopqa,53,c9459312f88b6bf22ae81c90072adad74315acafb33e1f06ce71f37fbe31fa62,0.113763197586727,0.3355540897097625,-0.22179089212303554,0.17940552134414314,0.39547463462455956,-0.21606911328041642,,,
morehopqa,54,b6d7678ad4c24f90ffd684315b27891221c637080b45fc73c61f9bce91f13885,0.025,0.08799019607843137,-0.06299019607843137,0.06833305417242783,0.16222775559878644,-0.09389470142635861,,,
morehopqa,55,c1d89b4fe8a2f0b59cba0fb27e4303df6639ae91a13a44d26eafb1d0b67dce73,0.035471622701838526,0.06382681564245811,-0.028355192940619584,0.07909106218326585,0.13568523134119553,-0.05659416915792968,,,
morehopqa,56,67c9e7dd3bdb3683dda3689ead4bfe5a77fb552f08ca803dc378623ea5085668,0.13725212464589234,0.22967422096317275,-0.0924220963172804,0.18432287627275573,0.28913385981375495,-0.10481098354099921,,,
morehopqa,57,f6343eeb554b1431383b12fb54b96fb93fa60284d08511d0489cc152ec9f9723,0.05206480304955526,0.06233333333333333,-0.010268530283778068,0.10355202753115597,0.16503456849905324,-0.061482540967897265,,,
morehopqa,58,f798df5f8d0d8a3e7b6cadeaeffd9c4d049fc7941046e6be5471369577aea5d4,0.04961279461279462,0.07228864937689458,-0.02267585476409996,0.07968077981946683,0.13131860642245965,-0.05163782660299282,,,
morehopqa,59,17cc8b3db9af0a632d6d72802b71e13e8b3e43f629696f8a920ade4fd9841d80,0.036883116883116886,0.08165152498377677,-0.044768408100659886,0.12519619345582916,0.17054488440103938,-0.04534869094521021,,,
morehopqa,60,0135c32c0aa6528a956e9349f26dcd55e4509e939b03ecbead313a4cf122887a,0.05615763546798029,0.06317733990147782,-0.007019704433497531,0.08846296998685188,0.18210864745637823,-0.09364567746952634,,,
morehopqa,61,78bf7861258d490c4be544a0fee36de7ed9651a23c875763442f8fa3ba8a760f,0.03958333333333334,0.14651006711409395,-0.10692673378076062,0.10461858950440528,0.20646002383169795,-0.10184143432729267,,,
morehopqa,62,aa7125454b3fb390837b788787c7af06b852960fa272319168ada17e86054225,0.05108346709470305,0.025,0.02608346709470305,0.08339857291065456,0.12917986802555964,-0.045781295114905085,,,
morehopqa,63,fbfdf9deaa936b58747c246f20d40efd62ccb70502e9529c89510a6e998473a4,0.028781512605042015,0.1351694915254237,-0.1063879789203817,0.09112197249672041,0.1881845368730625,-0.09706256437634209,,,
morehopqa,64,f2548eb248d7b77a2f80bec4847c574d0efb9ae316a7bf7d40521ea69e6b3af1,0.1493179122182681,0.1827698695136418,-0.0334519572953737,0.19353716595214365,0.20840329610839786,-0.01486613015625421,,,
morehopqa,65,0cfe5a204a7088b17ba0ba18550a85ede49998393f08f1105f4f65b127ac031b,0.059200743494423794,0.22058932542624157,-0.16138858193181777,0.07326929749640015,0.2870493498826222,-0.21378005238622205,,,
morehopqa,66,6d97e16a6152f651b903704cadd704cadd3b072bd36a8ddb4ef95da0a0ebe1be,0.06477929584866,0.09238558653340348,-0.027606290684743476,0.09618197998862803,0.21446926437255415,-0.11828728438392612,,,
morehopqa,67,d313c5d1ce6b0d0352b58e0b0d8acb890ee43f2ce0530303e1020dfcb1e224d6,0.05430066360387954,0.16664118246687054,-0.112340518862991,0.07916287091709077,0.1913222674180745,-0.11215939650098374,,,
morehopqa,68,046f80eef8c11f61ae253e555f0aa05b5853ee49c5acbb880ad144de419c05a5,0.061127017178552845,0.10708333333333331,-0.04595631615478046,0.12447933257160167,0.17160086390877735,-0.047121531337175684,,,
morehopqa,69,f29f0d4c678e8086778e3ff9d27d0041dedf28e047b478c7c6f31e6b7441db19,0.051328800988875156,0.07134448574969021,-0.020015684760815056,0.076569763195721,0.18234087786306774,-0.10577111466734675,,,
morehopqa,70,d43c32b1f0730b611cdc78e9e0cb1dad2efeb5402bab2ce400f6470a2ed67941,0.04907512805919181,0.0761389521640091,-0.027063824104817287,0.08177522763226593,0.17590905722146388,-0.09413382958919796,,,
morehopqa,71,d1a431a3a9c41e2643792af5596a4f255ff323d3bd495903d41da6e6c3503d0d,0.039609338881183544,0.07275774387424873,-0.033148404993065185,0.05750955393484408,0.13980425407815317,-0.08229470014330909,,,
morehopqa,72,1542bc8a9caf5288f3ab856fcaefeca48f7a0a51d836f0622653a7e4c5efa4bd,0.08401467505241089,0.1139121338912134,-0.0298974588388025,0.1138607545510724,0.18482619696889357,-0.07096544241782117,,,
morehopqa,73,1544bd9dea8e6b67d9d32770edf07b8a54d92a324abb2764710eb23c0ae7fb5e,0.13237812911725957,0.2575428194993412,-0.12516469038208164,0.17885744413264631,0.3835573898163137,-0.2046999456836674,,,
morehopqa,74,1277e7da1a2f3974a41da52c706ff562d6a2b5b05c18eee4d35fbf37f64bd4c4,0.08930246189917937,0.19314728229105782,-0.10384482039187845,0.13166080035966984,0.2623977703769191,-0.13073697001724924,,,
morehopqa,75,03248c3db25b2c8332c9fb702cd1f88b15fa1958f9cacc6ae2d9910ff61bf5ca,0.05217178314826911,0.1194371727748691,-0.06726538962659998,0.08516523498696574,0.2020046687938549,-0.11683943380688916,,,
morehopqa,76,b7f92c41133d6a5f56b385801946a746b2cf96ef61234be71e74366dd1ad9e2b,0.041692189892802455,0.04838461538461538,-0.0066924254918129256,0.0605989725020706,0.14607869821463554,-0.08547972571256493,,,
morehopqa,77,8409f875496c85912f4a6fdbf7807068d258899cc424217515c1cecc2c1615b4,0.03311332904056665,0.10765765765765764,-0.07454432861709098,0.08053010374630469,0.19671343859930385,-0.11618333485299916,,,
morehopqa,78,ef64b65bf9dfaabdaeda240ed0e480bd2f4a3aed3641c3d22931e2944eae9e2b,0.19724880382775117,0.14899760622381805,0.04825119760393312,0.3186168222477794,0.17845981965067037,0.140157002597109,,,
morehopqa,79,0a5d109a8a19304f02cb7d8869aa100ee85a29918d773d09a601aeccac1f4fe3,0.061427566807313635,0.13863636363636364,-0.07720879682905,0.11838143697792554,0.22729933796083318,-0.10891790098290764,,,
morehopqa,80,21914715eb8181401307e2ab5f42e8eba2ce653065310df292ae5f79b165e5e9,0.06455243299505595,0.08291525864309852,-0.018362825648042577,0.07678562721435118,0.19860316589096233,-0.12181753867661115,,,
morehopqa,81,a349e52ea34d512177749a2f6571c535f96211660ae88930e5071073d368e06c,0.22097014925373132,0.27999627143922445,-0.059026122185493135,0.30603858082558205,0.34400171916295,-0.037963138337367974,,,
morehopqa,82,72f61107f67af7d9a18f5dcadbdf48d1cc2865fdc7cdc5a99146d7573e02b3a3,0.060654596100278554,0.08858543417366946,-0.027930838073390904,0.08540008302881633,0.15793103699064565,-0.07253095396182932,,,
morehopqa,83,67a3baf4182237d3226c797513f95353983b5998b28082c4855b336062e9e7ac,0.048590225563909774,0.10541431261770244,-0.05682408705379267,0.07193338688848733,0.1977573995027329,-0.12582401261424558,,,
morehopqa,84,35c274c19f8eb6abf04e9da83701ca554e9f5e38fd65d8e87cdf9b5b5fa35c43,0.027547770700636943,0.09075255102040816,-0.06320478031977123,0.05739644667927503,0.1960988799683873,-0.13870243328911225,,,
morehopqa,85,c73574a5b4edd5a373d89968475e6d3efc442482c2ff6784b869bae81f833fef,0.025,0.12122844827586207,-0.09622844827586208,0.06804448950259034,0.18541149252061015,-0.1173670030180198,,,
morehopqa,86,0c07ebb050b61c23c5a4212d2451f37a4cb109b5fe1126c6a9a2be896c31b46f,0.09733741753063149,0.08987758945386064,0.007459828076770855,0.14170897566169582,0.15083047201877747,-0.009121496357081649,,,
morehopqa,87,675315e0d98cecdf3178a1caf9e6f9ae4eff2acd8db441993cbcf48f729643f0,0.14333030852994555,0.18543557168784028,-0.04210526315789473,0.24562634074909093,0.2480172161583727,-0.002390875409281762,,,
morehopqa,88,de71f042b57767afa1b518d347fcd0df25398740f2e49a4f67cefe74f484096d,0.13434959349593495,0.16341463414634147,-0.02906504065040652,0.1895488686856741,0.23109747125744845,-0.04154860257177434,,,
morehopqa,89,83543082257eb8dc8d6b6aea0704399259c1f051e6edb86305cfbcbf43a13252,0.033722741433021806,0.10968749999999997,-0.07596475856697815,0.0705961621986261,0.21072977770565995,-0.14013361550703385,,,
morehopqa,90,26aef034ff2ccf3da6f65239b43b55367e02f0383d54bd6b9b303fa800be49ae,0.132323568575233,0.15047629596809925,-0.018152727392866247,0.21637869895844175,0.20587825010417832,0.010500448854263433,,,
morehopqa,91,0d94ef93c7367c8c8c1e5c3177eed4b3cc00fcf02ddf111f31501df5930d156e,0.09370932754880697,0.10417570498915403,-0.010466377440347063,0.13285409644437438,0.14734137989559654,-0.01448728345122216,,,
morehopqa,92,92d9a6d14a22612dab91100017ea6ca6be870478de7ff0e3780661d96ecf190f,0.10890113560454247,0.23479999999999998,-0.1258988643954575,0.16889110047676245,0.27706204825083647,-0.10817094777407402,,,
morehopqa,93,535c8f2f9366e598f694ec8cb1b1f74722c01e24a476e5a4c86451c5c3c1a4af,0.02585227272727273,0.09907932011331444,-0.07322704738604172,0.04110685184426046,0.16648358104499517,-0.1253767292007347,,,
morehopqa,94,3c23eacdc9130e2377a88395824e48688ab5be9431789d32926d7c424fb5e340,0.03596088845968132,0.15942622950819668,-0.12346534104851536,0.09085290303190965,0.18687695885748606,-0.09602405582557641,,,
