2026-10-06 12:04:47,186	INFO worker.py:2007 -- Started a local Ray instance.
WARNING:2026-10-06 12:04:47,990:Waiting for register center actor 2t80K2_register_center to be ready. Elapsed time: 0 seconds out of 300 seconds.
TEXTCRAFT_AUTHOR_REWARD_CURVE_DRIVER {"phase": "original_model_initialization_begin", "unix": 1791259501.7984517}
[36m(AuthorRewardCurveWorker pid=114960)[0m [Gloo] Rank 0 is connected to 1 peer ranks. Expected number of connected peer ranks is : 1
[36m(AuthorRewardCurveWorker pid=114960)[0m /opt/conda/lib/python3.12/site-packages/torchvision/datapoints/__init__.py:12: UserWarning: The torchvision.datapoints and torchvision.transforms.v2 namespaces are still Beta. While we do not expect major breaking changes, some APIs may still change according to user feedback. Please submit any feedback you may have in this issue: https://github.com/pytorch/vision/issues/6753, and you can also check out https://github.com/pytorch/vision/issues/7319 to learn more about the APIs that we suspect might involve future changes. You can silence this warning by calling torchvision.disable_beta_transforms_warning().
[36m(AuthorRewardCurveWorker pid=114960)[0m   warnings.warn(_BETA_TRANSFORMS_WARNING)
[36m(pid=gcs_server)[0m [2026-10-06 12:05:15,619 E 113501 113501] (gcs_server) gcs_server.cc:303: Failed to establish connection to the event+metrics exporter agent. Events and metrics will not be exported. Exporter agent status: RpcError: Running out of retries to initialize the metrics agent. rpc_code: 14
[36m(AuthorRewardCurveWorker pid=114960)[0m Model config after override: Qwen3_5Config {
[36m(AuthorRewardCurveWorker pid=114960)[0m   "architectures": [
[36m(AuthorRewardCurveWorker pid=114960)[0m     "Qwen3_5ForConditionalGeneration"
[36m(AuthorRewardCurveWorker pid=114960)[0m   ],
[36m(AuthorRewardCurveWorker pid=114960)[0m   "bos_token_id": null,
[36m(AuthorRewardCurveWorker pid=114960)[0m   "eos_token_id": 248046,
[36m(AuthorRewardCurveWorker pid=114960)[0m   "image_token_id": 248056,
[36m(AuthorRewardCurveWorker pid=114960)[0m   "model_type": "qwen3_5",
[36m(AuthorRewardCurveWorker pid=114960)[0m   "pad_token_id": 248044,
[36m(AuthorRewardCurveWorker pid=114960)[0m   "text_config": {
[36m(AuthorRewardCurveWorker pid=114960)[0m     "attention_bias": false,
[36m(AuthorRewardCurveWorker pid=114960)[0m     "attention_dropout": 0.0,
[36m(AuthorRewardCurveWorker pid=114960)[0m     "attn_output_gate": true,
[36m(AuthorRewardCurveWorker pid=114960)[0m     "bos_token_id": null,
[36m(AuthorRewardCurveWorker pid=114960)[0m     "dtype": "bfloat16",
[36m(AuthorRewardCurveWorker pid=114960)[0m     "eos_token_id": 248044,
[36m(AuthorRewardCurveWorker pid=114960)[0m     "full_attention_interval": 4,
[36m(AuthorRewardCurveWorker pid=114960)[0m     "head_dim": 256,
[36m(AuthorRewardCurveWorker pid=114960)[0m     "hidden_act": "silu",
[36m(AuthorRewardCurveWorker pid=114960)[0m     "hidden_size": 4096,
[36m(AuthorRewardCurveWorker pid=114960)[0m     "initializer_range": 0.02,
[36m(AuthorRewardCurveWorker pid=114960)[0m     "intermediate_size": 12288,
[36m(AuthorRewardCurveWorker pid=114960)[0m     "layer_types": [
[36m(AuthorRewardCurveWorker pid=114960)[0m       "linear_attention",
[36m(AuthorRewardCurveWorker pid=114960)[0m       "linear_attention",
[36m(AuthorRewardCurveWorker pid=114960)[0m       "linear_attention",
[36m(AuthorRewardCurveWorker pid=114960)[0m       "full_attention",
[36m(AuthorRewardCurveWorker pid=114960)[0m       "linear_attention",
[36m(AuthorRewardCurveWorker pid=114960)[0m       "linear_attention",
[36m(AuthorRewardCurveWorker pid=114960)[0m       "linear_attention",
[36m(AuthorRewardCurveWorker pid=114960)[0m       "full_attention",
[36m(AuthorRewardCurveWorker pid=114960)[0m       "linear_attention",
[36m(AuthorRewardCurveWorker pid=114960)[0m       "linear_attention",
[36m(AuthorRewardCurveWorker pid=114960)[0m       "linear_attention",
[36m(AuthorRewardCurveWorker pid=114960)[0m       "full_attention",
[36m(AuthorRewardCurveWorker pid=114960)[0m       "linear_attention",
[36m(AuthorRewardCurveWorker pid=114960)[0m       "linear_attention",
[36m(AuthorRewardCurveWorker pid=114960)[0m       "linear_attention",
[36m(AuthorRewardCurveWorker pid=114960)[0m       "full_attention",
[36m(AuthorRewardCurveWorker pid=114960)[0m       "linear_attention",
[36m(AuthorRewardCurveWorker pid=114960)[0m       "linear_attention",
[36m(AuthorRewardCurveWorker pid=114960)[0m       "linear_attention",
[36m(AuthorRewardCurveWorker pid=114960)[0m       "full_attention",
[36m(AuthorRewardCurveWorker pid=114960)[0m       "linear_attention",
[36m(AuthorRewardCurveWorker pid=114960)[0m       "linear_attention",
[36m(AuthorRewardCurveWorker pid=114960)[0m       "linear_attention",
[36m(AuthorRewardCurveWorker pid=114960)[0m       "full_attention",
[36m(AuthorRewardCurveWorker pid=114960)[0m       "linear_attention",
[36m(AuthorRewardCurveWorker pid=114960)[0m       "linear_attention",
[36m(AuthorRewardCurveWorker pid=114960)[0m       "linear_attention",
[36m(AuthorRewardCurveWorker pid=114960)[0m       "full_attention",
[36m(AuthorRewardCurveWorker pid=114960)[0m       "linear_attention",
[36m(AuthorRewardCurveWorker pid=114960)[0m       "linear_attention",
[36m(AuthorRewardCurveWorker pid=114960)[0m       "linear_attention",
[36m(AuthorRewardCurveWorker pid=114960)[0m       "full_attention"
[36m(AuthorRewardCurveWorker pid=114960)[0m     ],
[36m(AuthorRewardCurveWorker pid=114960)[0m     "linear_conv_kernel_dim": 4,
[36m(AuthorRewardCurveWorker pid=114960)[0m     "linear_key_head_dim": 128,
[36m(AuthorRewardCurveWorker pid=114960)[0m     "linear_num_key_heads": 16,
[36m(AuthorRewardCurveWorker pid=114960)[0m     "linear_num_value_heads": 32,
[36m(AuthorRewardCurveWorker pid=114960)[0m     "linear_value_head_dim": 128,
[36m(AuthorRewardCurveWorker pid=114960)[0m     "mamba_ssm_dtype": "float32",
[36m(AuthorRewardCurveWorker pid=114960)[0m     "max_position_embeddings": 262144,
[36m(AuthorRewardCurveWorker pid=114960)[0m     "mlp_only_layers": [],
[36m(AuthorRewardCurveWorker pid=114960)[0m     "model_type": "qwen3_5_text",
[36m(AuthorRewardCurveWorker pid=114960)[0m     "mtp_num_hidden_layers": 1,
[36m(AuthorRewardCurveWorker pid=114960)[0m     "mtp_use_dedicated_embeddings": false,
[36m(AuthorRewardCurveWorker pid=114960)[0m     "num_attention_heads": 16,
[36m(AuthorRewardCurveWorker pid=114960)[0m     "num_hidden_layers": 32,
[36m(AuthorRewardCurveWorker pid=114960)[0m     "num_key_value_heads": 4,
[36m(AuthorRewardCurveWorker pid=114960)[0m     "pad_token_id": null,
[36m(AuthorRewardCurveWorker pid=114960)[0m     "partial_rotary_factor": 0.25,
[36m(AuthorRewardCurveWorker pid=114960)[0m     "rms_norm_eps": 1e-06,
[36m(AuthorRewardCurveWorker pid=114960)[0m     "rope_parameters": {
[36m(AuthorRewardCurveWorker pid=114960)[0m       "mrope_interleaved": true,
[36m(AuthorRewardCurveWorker pid=114960)[0m       "mrope_section": [
[36m(AuthorRewardCurveWorker pid=114960)[0m         11,
[36m(AuthorRewardCurveWorker pid=114960)[0m         11,
[36m(AuthorRewardCurveWorker pid=114960)[0m         10
[36m(AuthorRewardCurveWorker pid=114960)[0m       ],
[36m(AuthorRewardCurveWorker pid=114960)[0m       "partial_rotary_factor": 0.25,
[36m(AuthorRewardCurveWorker pid=114960)[0m       "rope_theta": 10000000,
[36m(AuthorRewardCurveWorker pid=114960)[0m       "rope_type": "default"
[36m(AuthorRewardCurveWorker pid=114960)[0m     },
[36m(AuthorRewardCurveWorker pid=114960)[0m     "tie_word_embeddings": false,
[36m(AuthorRewardCurveWorker pid=114960)[0m     "use_cache": true,
[36m(AuthorRewardCurveWorker pid=114960)[0m     "vocab_size": 248320
[36m(AuthorRewardCurveWorker pid=114960)[0m   },
[36m(AuthorRewardCurveWorker pid=114960)[0m   "tie_word_embeddings": false,
[36m(AuthorRewardCurveWorker pid=114960)[0m   "transformers_version": "5.13.0",
[36m(AuthorRewardCurveWorker pid=114960)[0m   "video_token_id": 248057,
[36m(AuthorRewardCurveWorker pid=114960)[0m   "vision_config": {
[36m(AuthorRewardCurveWorker pid=114960)[0m     "deepstack_visual_indexes": [],
[36m(AuthorRewardCurveWorker pid=114960)[0m     "depth": 27,
[36m(AuthorRewardCurveWorker pid=114960)[0m     "hidden_act": "gelu_pytorch_tanh",
[36m(AuthorRewardCurveWorker pid=114960)[0m     "hidden_size": 1152,
[36m(AuthorRewardCurveWorker pid=114960)[0m     "in_channels": 3,
[36m(AuthorRewardCurveWorker pid=114960)[0m     "initializer_range": 0.02,
[36m(AuthorRewardCurveWorker pid=114960)[0m     "intermediate_size": 4304,
[36m(AuthorRewardCurveWorker pid=114960)[0m     "model_type": "qwen3_5_vision",
[36m(AuthorRewardCurveWorker pid=114960)[0m     "num_heads": 16,
[36m(AuthorRewardCurveWorker pid=114960)[0m     "num_position_embeddings": 2304,
[36m(AuthorRewardCurveWorker pid=114960)[0m     "out_hidden_size": 4096,
[36m(AuthorRewardCurveWorker pid=114960)[0m     "patch_size": 16,
[36m(AuthorRewardCurveWorker pid=114960)[0m     "spatial_merge_size": 2,
[36m(AuthorRewardCurveWorker pid=114960)[0m     "temporal_patch_size": 2
[36m(AuthorRewardCurveWorker pid=114960)[0m   },
[36m(AuthorRewardCurveWorker pid=114960)[0m   "vision_end_token_id": 248054,
[36m(AuthorRewardCurveWorker pid=114960)[0m   "vision_start_token_id": 248053
[36m(AuthorRewardCurveWorker pid=114960)[0m }
[36m(AuthorRewardCurveWorker pid=114960)[0m 
[36m(AuthorRewardCurveWorker pid=114960)[0m WARNING:2026-10-06 12:05:16,271:Current Triton version 3.0.0 is below the recommended 3.2.0 version. Errors may occur and these issues will not be fixed. Please consider upgrading Triton.
[33m(raylet)[0m [2026-10-06 12:05:17,113 E 114112 114112] (raylet) main.cc:1032: Failed to establish connection to the metrics exporter agent. Metrics will not be exported. Exporter agent status: RpcError: Running out of retries to initialize the metrics agent. rpc_code: 14
[36m(bundle_reservation_check_func pid=114222)[0m [2026-10-06 12:05:17,615 E 114222 114520] core_worker_process.cc:842: Failed to establish connection to the metrics exporter agent. Metrics will not be exported. Exporter agent status: RpcError: Running out of retries to initialize the metrics agent. rpc_code: 14
[2026-10-06 12:05:17,794 E 112109 114221] core_worker_process.cc:842: Failed to establish connection to the metrics exporter agent. Metrics will not be exported. Exporter agent status: RpcError: Running out of retries to initialize the metrics agent. rpc_code: 14
[36m(AuthorRewardCurveWorker pid=114960)[0m Loading weights:   0%|          | 0/427 [00:00<?, ?it/s][2026-10-06 12:05:18,736 E 114960 115058] core_worker_process.cc:842: Failed to establish connection to the metrics exporter agent. Metrics will not be exported. Exporter agent status: RpcError: Running out of retries to initialize the metrics agent. rpc_code: 14
[36m(AuthorRewardCurveWorker pid=114960)[0m Loading weights: 100%|██████████| 427/427 [00:00<00:00, 11356.08it/s]
[36m(AuthorRewardCurveWorker pid=116402)[0m Loading weights:   0%|          | 0/427 [00:00<?, ?it/s]Loading weights: 100%|██████████| 427/427 [00:00<00:00, 12545.74it/s]
[36m(AuthorRewardCurveWorker pid=114960)[0m Using Torch backend for fused kernels in Qwen3_5ForCausalLM
[36m(AuthorRewardCurveWorker pid=114960)[0m Applying LoRA to actor module
[36m(AuthorRewardCurveWorker pid=114960)[0m PeftModelForCausalLM contains 8.98B parameters
[36m(AuthorRewardCurveWorker pid=114960)[0m wrap_policy: functools.partial(<function _or_policy at 0x7f67c0560540>, policies=[functools.partial(<function lambda_auto_wrap_policy at 0x7f67c053bec0>, lambda_fn=<function get_fsdp_wrap_policy.<locals>.lambda_policy_fn at 0x7f664bf62a20>), functools.partial(<function transformer_auto_wrap_policy at 0x7f67c0560400>, transformer_layer_cls={<class 'transformers.models.qwen3_5.modeling_qwen3_5.Qwen3_5DecoderLayer'>})])
[36m(AuthorRewardCurveWorker pid=116402)[0m [Gloo] Rank 1 is connected to 1 peer ranks. Expected number of connected peer ranks is : 1
[36m(AuthorRewardCurveWorker pid=116402)[0m /opt/conda/lib/python3.12/site-packages/torchvision/transforms/v2/__init__.py:54: UserWarning: The torchvision.datapoints and torchvision.transforms.v2 namespaces are still Beta. While we do not expect major breaking changes, some APIs may still change according to user feedback. Please submit any feedback you may have in this issue: https://github.com/pytorch/vision/issues/6753, and you can also check out https://github.com/pytorch/vision/issues/7319 to learn more about the APIs that we suspect might involve future changes. You can silence this warning by calling torchvision.disable_beta_transforms_warning().[32m [repeated 3x across cluster] (Ray deduplicates logs by default. Set RAY_DEDUP_LOGS=0 to disable log deduplication, or see https://docs.ray.io/en/master/ray-observability/user-guides/configure-logging.html#log-deduplication for more options.)[0m
[36m(AuthorRewardCurveWorker pid=116402)[0m   warnings.warn(_BETA_TRANSFORMS_WARNING)[32m [repeated 3x across cluster][0m
[36m(AuthorRewardCurveWorker pid=116402)[0m WARNING:2026-10-06 12:05:16,271:Current Triton version 3.0.0 is below the recommended 3.2.0 version. Errors may occur and these issues will not be fixed. Please consider upgrading Triton.
[36m(WorkerGroupRegisterCenter pid=116149)[0m [2026-10-06 12:05:31,660 E 116149 116329] core_worker_process.cc:842: Failed to establish connection to the metrics exporter agent. Metrics will not be exported. Exporter agent status: RpcError: Running out of retries to initialize the metrics agent. rpc_code: 14[32m [repeated 6x across cluster][0m
[36m(AuthorRewardCurveWorker pid=116402)[0m Total steps: 330, num_warmup_steps: 0
[36m(AuthorRewardCurveWorker pid=116402)[0m Actor use_remove_padding=False
[36m(AuthorRewardCurveWorker pid=116402)[0m Actor use_fused_kernels=True
[36m(AuthorRewardCurveWorker pid=116402)[0m Only support config type of {'minicpmo', 'qwen2', 'gemma3_text', 'qwen3_vl', 'qwen3', 'mistral', 'glm4v', 'qwen2_vl', 'deepseek_v3', 'qwen3_moe', 'minicpmv', 'apertus', 'qwen3_vl_moe', 'llama', 'seed_oss', 'qwen2_moe', 'qwen2_5_vl'}, but got qwen3_5. MFU will always be zero.
[36m(AuthorRewardCurveWorker pid=116402)[0m Using Torch backend for fused kernels in Qwen3_5ForCausalLM
[36m(AuthorRewardCurveWorker pid=116402)[0m Applying LoRA to actor module
[36m(AuthorRewardCurveWorker pid=116402)[0m wrap_policy: functools.partial(<function _or_policy at 0x7f080c65c540>, policies=[functools.partial(<function lambda_auto_wrap_policy at 0x7f080c637ec0>, lambda_fn=<function get_fsdp_wrap_policy.<locals>.lambda_policy_fn at 0x7f06c9fd6840>), functools.partial(<function transformer_auto_wrap_policy at 0x7f080c65c400>, transformer_layer_cls={<class 'transformers.models.qwen3_5.modeling_qwen3_5.Qwen3_5DecoderLayer'>})])
TEXTCRAFT_AUTHOR_REWARD_CURVE_DRIVER {"phase": "original_model_initialization_complete", "unix": 1791259674.2944837}
TEXTCRAFT_AUTHOR_REWARD_CURVE_DRIVER {"phase": "original_checkpoint_load_begin", "unix": 1791259674.294551}
[36m(AuthorRewardCurveWorker pid=114960)[0m Only support config type of {'qwen3', 'seed_oss', 'minicpmv', 'qwen2_vl', 'apertus', 'glm4v', 'gemma3_text', 'qwen3_moe', 'qwen2_moe', 'llama', 'deepseek_v3', 'qwen3_vl', 'minicpmo', 'qwen2_5_vl', 'qwen2', 'mistral', 'qwen3_vl_moe'}, but got qwen3_5. MFU will always be zero.
[36m(AuthorRewardCurveWorker pid=114960)[0m [rank-0]: Loading from /mnt/si0021787ci2/default/lzq/deepresearch/deltatrace_rl_20260922/runs/official-trajectory-20260930-v7/textcraft-dt/checkpoints/global_step_25/actor/model_world_size_2_rank_0.pt and /mnt/si0021787ci2/default/lzq/deepresearch/deltatrace_rl_20260922/runs/official-trajectory-20260930-v7/textcraft-dt/checkpoints/global_step_25/actor/optim_world_size_2_rank_0.pt and /mnt/si0021787ci2/default/lzq/deepresearch/deltatrace_rl_20260922/runs/official-trajectory-20260930-v7/textcraft-dt/checkpoints/global_step_25/actor/extra_state_world_size_2_rank_0.pt
TEXTCRAFT_AUTHOR_REWARD_CURVE_DRIVER {"phase": "original_checkpoint_load_complete", "unix": 1791259677.6710174}
[36m(AuthorRewardCurveWorker pid=114960)[0m TEXTCRAFT_AUTHOR_REWARD_CURVE {"phase": "original_worker_ready", "rank": 0, "pid": 114960, "completed_cases": 0, "native_forward_calls": 0, "unix": 1791259677.711878}
[36m(AuthorRewardCurveWorker pid=114960)[0m TEXTCRAFT_AUTHOR_REWARD_CURVE {"phase": "author_case_begin", "rank": 0, "pid": 114960, "completed_cases": 0, "native_forward_calls": 0, "unix": 1791259678.6207888, "case_index": 0, "traj_uid": "0717f2e6-d697-40b8-aef2-9b8b00f46b80"}
[36m(AuthorRewardCurveWorker pid=114960)[0m TEXTCRAFT_AUTHOR_REWARD_CURVE {"phase": "author_curve_begin", "rank": 0, "pid": 114960, "completed_cases": 0, "native_forward_calls": 0, "unix": 1791259681.390573, "case_index": 0, "traj_uid": "0717f2e6-d697-40b8-aef2-9b8b00f46b80", "view": "positive_MAS", "score_seconds": 0, "score_points": 21}
[36m(AuthorRewardCurveWorker pid=114960)[0m Total steps: 330, num_warmup_steps: 0
[36m(AuthorRewardCurveWorker pid=114960)[0m Actor use_remove_padding=False
[36m(AuthorRewardCurveWorker pid=114960)[0m Actor use_fused_kernels=True
[36m(AuthorRewardCurveWorker pid=116402)[0m [rank-1]: Loading from /mnt/si0021787ci2/default/lzq/deepresearch/deltatrace_rl_20260922/runs/official-trajectory-20260930-v7/textcraft-dt/checkpoints/global_step_25/actor/model_world_size_2_rank_1.pt and /mnt/si0021787ci2/default/lzq/deepresearch/deltatrace_rl_20260922/runs/official-trajectory-20260930-v7/textcraft-dt/checkpoints/global_step_25/actor/optim_world_size_2_rank_1.pt and /mnt/si0021787ci2/default/lzq/deepresearch/deltatrace_rl_20260922/runs/official-trajectory-20260930-v7/textcraft-dt/checkpoints/global_step_25/actor/extra_state_world_size_2_rank_1.pt
[36m(AuthorRewardCurveWorker pid=114960)[0m TEXTCRAFT_AUTHOR_REWARD_CURVE {"phase": "author_score_complete", "rank": 0, "pid": 114960, "completed_cases": 0, "native_forward_calls": 1, "unix": 1791259697.1289268, "case_index": 0, "traj_uid": "0717f2e6-d697-40b8-aef2-9b8b00f46b80", "view": "positive_MAS", "score_seconds": 15.733663149178028, "point_index": 0, "raw_logp": -0.5249912142753601, "author_deleted_source_indices": [], "author_current_group_source_indices": [], "author_deleted_input_positions": [], "same_set_saved_d_sum": 0.0, "scorer_seconds": 15.733902428299189}
[36m(AuthorRewardCurveWorker pid=116402)[0m TEXTCRAFT_AUTHOR_REWARD_CURVE {"phase": "original_worker_ready", "rank": 1, "pid": 116402, "completed_cases": 0, "native_forward_calls": 0, "unix": 1791259677.7137883}
[36m(AuthorRewardCurveWorker pid=116402)[0m TEXTCRAFT_AUTHOR_REWARD_CURVE {"phase": "author_case_begin", "rank": 1, "pid": 116402, "completed_cases": 0, "native_forward_calls": 0, "unix": 1791259678.6209157, "case_index": 0, "traj_uid": "05c696e7-2a11-42a6-a919-0ccc40841577"}
[36m(AuthorRewardCurveWorker pid=116402)[0m TEXTCRAFT_AUTHOR_REWARD_CURVE {"phase": "author_curve_begin", "rank": 1, "pid": 116402, "completed_cases": 0, "native_forward_calls": 0, "unix": 1791259681.390912, "case_index": 0, "traj_uid": "05c696e7-2a11-42a6-a919-0ccc40841577", "view": "positive_MAS", "score_seconds": 0, "score_points": 21}
[36m(AuthorRewardCurveWorker pid=114960)[0m TEXTCRAFT_AUTHOR_REWARD_CURVE {"phase": "author_score_complete", "rank": 0, "pid": 114960, "completed_cases": 0, "native_forward_calls": 2, "unix": 1791259697.5960858, "case_index": 0, "traj_uid": "0717f2e6-d697-40b8-aef2-9b8b00f46b80", "view": "positive_MAS", "score_seconds": 16.196182679384947, "point_index": 1, "raw_logp": -0.7328802943229675, "author_deleted_source_indices": [4, 68, 60, 6], "author_current_group_source_indices": [4, 68, 60, 6], "author_deleted_input_positions": [635, 699, 691, 637], "same_set_saved_d_sum": 0.06612101984448063, "scorer_seconds": 0.4626479484140873}
[36m(AuthorRewardCurveWorker pid=116402)[0m TEXTCRAFT_AUTHOR_REWARD_CURVE {"phase": "author_score_complete", "rank": 1, "pid": 116402, "completed_cases": 0, "native_forward_calls": 1, "unix": 1791259697.133241, "case_index": 0, "traj_uid": "05c696e7-2a11-42a6-a919-0ccc40841577", "view": "positive_MAS", "score_seconds": 15.736415330320597, "point_index": 0, "raw_logp": -0.32639431953430176, "author_deleted_source_indices": [], "author_current_group_source_indices": [], "author_deleted_input_positions": [], "same_set_saved_d_sum": 0.0, "scorer_seconds": 15.736640267074108}
[36m(AuthorRewardCurveWorker pid=114960)[0m TEXTCRAFT_AUTHOR_REWARD_CURVE {"phase": "author_score_complete", "rank": 0, "pid": 114960, "completed_cases": 0, "native_forward_calls": 13, "unix": 1791259702.7485301, "case_index": 0, "traj_uid": "0717f2e6-d697-40b8-aef2-9b8b00f46b80", "view": "positive_MAS", "score_seconds": 21.267332918941975, "point_index": 12, "raw_logp": -1.4397978782653809, "author_deleted_source_indices": [4, 68, 60, 6, 63, 15, 62, 22, 10, 65, 59, 32, 67, 14, 58, 13, 50, 72, 49, 19, 55, 41, 25, 34, 9, 37, 66, 20, 51, 47, 48, 70, 45, 7, 75, 53, 39, 77, 76, 74, 52, 61, 54, 73, 71, 56, 57, 69], "author_current_group_source_indices": [71, 56, 57, 69], "author_deleted_input_positions": [635, 699, 691, 637, 694, 646, 693, 653, 641, 696, 690, 663, 698, 645, 689, 644, 681, 703, 680, 650, 686, 672, 656, 665, 640, 668, 697, 651, 682, 678, 679, 701, 676, 638, 706, 684, 670, 708, 707, 705, 683, 692, 685, 704, 702, 687, 688, 700], "same_set_saved_d_sum": 0.07260281998295938, "scorer_seconds": 0.45349813252687454}[32m [repeated 22x across cluster][0m
[36m(AuthorRewardCurveWorker pid=114960)[0m TEXTCRAFT_AUTHOR_REWARD_CURVE {"phase": "author_curve_complete", "rank": 0, "pid": 114960, "completed_cases": 0, "native_forward_calls": 21, "unix": 1791259706.49247, "case_index": 0, "traj_uid": "0717f2e6-d697-40b8-aef2-9b8b00f46b80", "view": "positive_MAS", "score_seconds": 24.968154300004244, "seconds": 25.09667446091771, "native_score_calls": 21}
[36m(AuthorRewardCurveWorker pid=114960)[0m TEXTCRAFT_AUTHOR_REWARD_CURVE {"phase": "author_curve_begin", "rank": 0, "pid": 114960, "completed_cases": 0, "native_forward_calls": 21, "unix": 1791259706.4961522, "case_index": 0, "traj_uid": "0717f2e6-d697-40b8-aef2-9b8b00f46b80", "view": "signed_RISE", "score_seconds": 24.968154300004244, "score_points": 21}
[36m(AuthorRewardCurveWorker pid=114960)[0m TEXTCRAFT_AUTHOR_REWARD_CURVE {"phase": "author_score_complete", "rank": 0, "pid": 114960, "completed_cases": 0, "native_forward_calls": 22, "unix": 1791259706.9647996, "case_index": 0, "traj_uid": "0717f2e6-d697-40b8-aef2-9b8b00f46b80", "view": "signed_RISE", "score_seconds": 25.42995013296604, "point_index": 0, "raw_logp": -0.5249912142753601, "author_deleted_source_indices": [], "author_current_group_source_indices": [], "author_deleted_input_positions": [], "same_set_saved_d_sum": 0.0, "scorer_seconds": 0.4619225449860096}
[36m(AuthorRewardCurveWorker pid=114960)[0m TEXTCRAFT_AUTHOR_REWARD_CURVE {"phase": "author_score_complete", "rank": 0, "pid": 114960, "completed_cases": 0, "native_forward_calls": 23, "unix": 1791259707.4313848, "case_index": 0, "traj_uid": "0717f2e6-d697-40b8-aef2-9b8b00f46b80", "view": "signed_RISE", "score_seconds": 25.891339600086212, "point_index": 1, "raw_logp": -0.7328802943229675, "author_deleted_source_indices": [4, 68, 60, 6], "author_current_group_source_indices": [4, 68, 60, 6], "author_deleted_input_positions": [635, 699, 691, 637], "same_set_saved_d_sum": 0.06612101984448063, "scorer_seconds": 0.46150532364845276}
[36m(AuthorRewardCurveWorker pid=116402)[0m TEXTCRAFT_AUTHOR_REWARD_CURVE {"phase": "author_score_complete", "rank": 1, "pid": 116402, "completed_cases": 0, "native_forward_calls": 21, "unix": 1791259706.4917197, "case_index": 0, "traj_uid": "05c696e7-2a11-42a6-a919-0ccc40841577", "view": "positive_MAS", "score_seconds": 24.999183673411608, "point_index": 20, "raw_logp": -0.18306301534175873, "author_deleted_source_indices": [5, 429, 469, 7, 492, 428, 383, 4, 459, 393, 392, 456, 389, 407, 435, 372, 425, 197, 403, 11, 12, 381, 22, 395, 87, 70, 386, 370, 367, 368, 89, 290, 423, 46, 27, 419, 304, 19, 8, 404, 440, 292, 45, 453, 17, 339, 18, 332, 157, 399, 345, 358, 479, 300, 360, 141, 363, 245, 78, 116, 458, 10, 391, 28, 85, 500, 39, 496, 109, 267, 47, 77, 111, 379, 333, 86, 200, 137, 16, 6, 424, 143, 443, 48, 84, 369, 79, 97, 474, 67, 494, 119, 106, 73, 503, 295, 338, 273, 405, 432, 285, 446, 439, 159, 198, 37, 310, 166, 203, 66, 23, 317, 350, 276, 289, 336, 463, 325, 186, 71, 303, 279, 196, 190, 57, 471, 199, 482, 131, 484, 324, 447, 275, 150, 168, 243, 477, 337, 81, 406, 160, 409, 412, 72, 346, 164, 351, 130, 441, 434, 144, 156, 172, 49, 270, 9, 139, 188, 212, 347, 104, 210, 125, 145, 293, 334, 180, 418, 192, 187, 165, 75, 329, 343, 278, 44, 134, 493, 312, 123, 206, 396, 505, 140, 359, 132, 55, 151, 148, 95, 231, 127, 21, 215, 94, 118, 209, 452, 147, 42, 260, 448, 194, 13, 115, 268, 378, 205, 112, 341, 281, 52, 239, 54, 114, 29, 26, 51, 326, 126, 269, 415, 311, 262, 430, 138, 246, 348, 283, 449, 296, 146, 129, 103, 226, 470, 227, 286, 175, 271, 53, 461, 117, 487, 256, 102, 238, 489, 74, 177, 204, 259, 499, 113, 121, 50, 216, 486, 408, 242, 173, 236, 481, 365, 364, 366, 483, 491, 480, 478, 476, 475, 371, 473, 472, 373, 353, 512, 0, 511, 510, 509, 508, 507, 506, 352, 504, 502, 501, 485, 498, 497, 495, 354, 355, 356, 357, 380, 490, 488, 361, 362, 402, 390, 442, 438, 394, 437, 436, 397, 398, 433, 400, 401, 444, 431, 427, 426, 422, 421, 420, 417, 416, 410, 411, 413, 384, 375, 376, 377, 468, 467, 466, 465, 414, 464, 382, 462, 374, 460, 385, 457, 455, 454, 387, 451, 450, 445, 388, 124, 155, 154, 153, 152, 149, 142, 136, 135, 133, 128, 158, 122, 120, 110, 108, 107, 105, 101, 100, 99, 178, 193, 191, 189, 185, 184, 183, 182, 181, 179, 98, 176, 174, 171, 170, 169, 167, 163, 162, 161, 31, 56, 43, 41, 40, 38, 36, 35, 34, 33, 32, 58, 30, 25, 24, 20, 15, 14, 3, 2, 1, 76, 96, 93, 92, 91, 90, 88, 83, 82, 80, 195, 69, 68, 65, 64, 63, 62, 61, 60, 59, 288, 307, 306, 305, 302, 301, 299, 298, 297, 294, 291, 308, 287, 284, 282, 280, 277, 274, 272, 266, 265, 322, 344, 342, 340, 335, 331, 330, 328, 327, 323, 264, 321, 320, 319, 318, 316, 315, 314, 313, 309, 219, 232, 230, 229, 228, 225, 224, 223, 222, 221, 220, 233, 218, 217, 214, 213, 211, 208, 207, 202, 201, 250, 263, 261, 258, 257, 255, 254, 253, 252, 251, 349, 249, 248, 247, 244, 241, 240, 237, 235, 234], "author_current_group_source_indices": [211, 208, 207, 202, 201, 250, 263, 261, 258, 257, 255, 254, 253, 252, 251, 349, 249, 248, 247, 244, 241, 240, 237, 235, 234], "author_deleted_input_positions": [636, 1060, 1100, 638, 1123, 1059, 1014, 635, 1090, 1024, 1023, 1087, 1020, 1038, 1066, 1003, 1056, 828, 1034, 642, 643, 1012, 653, 1026, 718, 701, 1017, 1001, 998, 999, 720, 921, 1054, 677, 658, 1050, 935, 650, 639, 1035, 1071, 923, 676, 1084, 648, 970, 649, 963, 788, 1030, 976, 989, 1110, 931, 991, 772, 994, 876, 709, 747, 1089, 641, 1022, 659, 716, 1131, 670, 1127, 740, 898, 678, 708, 742, 1010, 964, 717, 831, 768, 647, 637, 1055, 774, 1074, 679, 715, 1000, 710, 728, 1105, 698, 1125, 750, 737, 704, 1134, 926, 969, 904, 1036, 1063, 916, 1077, 1070, 790, 829, 668, 941, 797, 834, 697, 654, 948, 981, 907, 920, 967, 1094, 956, 817, 702, 934, 910, 827, 821, 688, 1102, 830, 1113, 762, 1115, 955, 1078, 906, 781, 799, 874, 1108, 968, 712, 1037, 791, 1040, 1043, 703, 977, 795, 982, 761, 1072, 1065, 775, 787, 803, 680, 901, 640, 770, 819, 843, 978, 735, 841, 756, 776, 924, 965, 811, 1049, 823, 818, 796, 706, 960, 974, 909, 675, 765, 1124, 943, 754, 837, 1027, 1136, 771, 990, 763, 686, 782, 779, 726, 862, 758, 652, 846, 725, 749, 840, 1083, 778, 673, 891, 1079, 825, 644, 746, 899, 1009, 836, 743, 972, 912, 683, 870, 685, 745, 660, 657, 682, 957, 757, 900, 1046, 942, 893, 1061, 769, 877, 979, 914, 1080, 927, 777, 760, 734, 857, 1101, 858, 917, 806, 902, 684, 1092, 748, 1118, 887, 733, 869, 1120, 705, 808, 835, 890, 1130, 744, 752, 681, 847, 1117, 1039, 873, 804, 867, 1112, 996, 995, 997, 1114, 1122, 1111, 1109, 1107, 1106, 1002, 1104, 1103, 1004, 984, 1143, 631, 1142, 1141, 1140, 1139, 1138, 1137, 983, 1135, 1133, 1132, 1116, 1129, 1128, 1126, 985, 986, 987, 988, 1011, 1121, 1119, 992, 993, 1033, 1021, 1073, 1069, 1025, 1068, 1067, 1028, 1029, 1064, 1031, 1032, 1075, 1062, 1058, 1057, 1053, 1052, 1051, 1048, 1047, 1041, 1042, 1044, 1015, 1006, 1007, 1008, 1099, 1098, 1097, 1096, 1045, 1095, 1013, 1093, 1005, 1091, 1016, 1088, 1086, 1085, 1018, 1082, 1081, 1076, 1019, 755, 786, 785, 784, 783, 780, 773, 767, 766, 764, 759, 789, 753, 751, 741, 739, 738, 736, 732, 731, 730, 809, 824, 822, 820, 816, 815, 814, 813, 812, 810, 729, 807, 805, 802, 801, 800, 798, 794, 793, 792, 662, 687, 674, 672, 671, 669, 667, 666, 665, 664, 663, 689, 661, 656, 655, 651, 646, 645, 634, 633, 632, 707, 727, 724, 723, 722, 721, 719, 714, 713, 711, 826, 700, 699, 696, 695, 694, 693, 692, 691, 690, 919, 938, 937, 936, 933, 932, 930, 929, 928, 925, 922, 939, 918, 915, 913, 911, 908, 905, 903, 897, 896, 953, 975, 973, 971, 966, 962, 961, 959, 958, 954, 895, 952, 951, 950, 949, 947, 946, 945, 944, 940, 850, 863, 861, 860, 859, 856, 855, 854, 853, 852, 851, 864, 849, 848, 845, 844, 842, 839, 838, 833, 832, 881, 894, 892, 889, 888, 886, 885, 884, 883, 882, 980, 880, 879, 878, 875, 872, 871, 868, 866, 865], "same_set_saved_d_sum": -0.15540108178476303, "scorer_seconds": 0.46281877905130386}[32m [repeated 17x across cluster][0m
[36m(AuthorRewardCurveWorker pid=116402)[0m TEXTCRAFT_AUTHOR_REWARD_CURVE {"phase": "author_curve_complete", "rank": 1, "pid": 116402, "completed_cases": 0, "native_forward_calls": 21, "unix": 1791259706.4953823, "case_index": 0, "traj_uid": "05c696e7-2a11-42a6-a919-0ccc40841577", "view": "positive_MAS", "score_seconds": 24.999183673411608, "seconds": 25.10135006532073, "native_score_calls": 21}
[36m(AuthorRewardCurveWorker pid=116402)[0m TEXTCRAFT_AUTHOR_REWARD_CURVE {"phase": "author_curve_begin", "rank": 1, "pid": 116402, "completed_cases": 0, "native_forward_calls": 21, "unix": 1791259706.4985752, "case_index": 0, "traj_uid": "05c696e7-2a11-42a6-a919-0ccc40841577", "view": "signed_RISE", "score_seconds": 24.999183673411608, "score_points": 21}
[36m(AuthorRewardCurveWorker pid=116402)[0m TEXTCRAFT_AUTHOR_REWARD_CURVE {"phase": "author_score_complete", "rank": 1, "pid": 116402, "completed_cases": 0, "native_forward_calls": 22, "unix": 1791259706.9656737, "case_index": 0, "traj_uid": "05c696e7-2a11-42a6-a919-0ccc40841577", "view": "signed_RISE", "score_seconds": 25.461651355028152, "point_index": 0, "raw_logp": -0.32639431953430176, "author_deleted_source_indices": [], "author_current_group_source_indices": [], "author_deleted_input_positions": [], "same_set_saved_d_sum": 0.0, "scorer_seconds": 0.46260134503245354}
[36m(AuthorRewardCurveWorker pid=114960)[0m TEXTCRAFT_AUTHOR_REWARD_CURVE {"phase": "author_score_complete", "rank": 0, "pid": 114960, "completed_cases": 0, "native_forward_calls": 34, "unix": 1791259712.6246884, "case_index": 0, "traj_uid": "0717f2e6-d697-40b8-aef2-9b8b00f46b80", "view": "signed_RISE", "score_seconds": 30.983272586017847, "point_index": 12, "raw_logp": -1.6307964324951172, "author_deleted_source_indices": [4, 68, 60, 6, 63, 15, 62, 22, 10, 65, 59, 32, 67, 14, 58, 13, 50, 72, 49, 19, 55, 41, 25, 34, 9, 37, 66, 20, 51, 47, 48, 70, 45, 7, 75, 77, 12, 35, 21, 44, 33, 46, 16, 27, 39, 56, 52, 24], "author_current_group_source_indices": [39, 56, 52, 24], "author_deleted_input_positions": [635, 699, 691, 637, 694, 646, 693, 653, 641, 696, 690, 663, 698, 645, 689, 644, 681, 703, 680, 650, 686, 672, 656, 665, 640, 668, 697, 651, 682, 678, 679, 701, 676, 638, 706, 708, 643, 666, 652, 675, 664, 677, 647, 658, 670, 687, 683, 655], "same_set_saved_d_sum": 0.11363707562698025, "scorer_seconds": 0.4609014354646206}[32m [repeated 22x across cluster][0m
[36m(AuthorRewardCurveWorker pid=114960)[0m TEXTCRAFT_AUTHOR_REWARD_CURVE {"phase": "author_curve_complete", "rank": 0, "pid": 114960, "completed_cases": 0, "native_forward_calls": 42, "unix": 1791259716.5714147, "case_index": 0, "traj_uid": "0717f2e6-d697-40b8-aef2-9b8b00f46b80", "view": "signed_RISE", "score_seconds": 34.72001341730356, "seconds": 10.069988064467907, "native_score_calls": 21}
[36m(AuthorRewardCurveWorker pid=114960)[0m TEXTCRAFT_AUTHOR_REWARD_CURVE {"phase": "author_case_complete", "rank": 0, "pid": 114960, "completed_cases": 1, "native_forward_calls": 42, "unix": 1791259716.856667, "last_seconds": 37.9629706479609}
[36m(AuthorRewardCurveWorker pid=114960)[0m TEXTCRAFT_AUTHOR_REWARD_CURVE {"phase": "author_case_begin", "rank": 0, "pid": 114960, "completed_cases": 1, "native_forward_calls": 42, "unix": 1791259716.8698394, "case_index": 1, "traj_uid": "0db660e5-2daf-4f69-8ada-c80f7e5e0ec7"}
[36m(AuthorRewardCurveWorker pid=114960)[0m TEXTCRAFT_AUTHOR_REWARD_CURVE {"phase": "author_curve_begin", "rank": 0, "pid": 114960, "completed_cases": 1, "native_forward_calls": 42, "unix": 1791259716.8770428, "case_index": 1, "traj_uid": "0db660e5-2daf-4f69-8ada-c80f7e5e0ec7", "view": "positive_MAS", "score_seconds": 0, "score_points": 21}
[36m(AuthorRewardCurveWorker pid=114960)[0m TEXTCRAFT_AUTHOR_REWARD_CURVE {"phase": "author_score_complete", "rank": 0, "pid": 114960, "completed_cases": 1, "native_forward_calls": 43, "unix": 1791259717.47326, "case_index": 1, "traj_uid": "0db660e5-2daf-4f69-8ada-c80f7e5e0ec7", "view": "positive_MAS", "score_seconds": 0.57359903678298, "point_index": 0, "raw_logp": -0.46939435601234436, "author_deleted_source_indices": [], "author_current_group_source_indices": [], "author_deleted_input_positions": [], "same_set_saved_d_sum": 0.0, "scorer_seconds": 0.5737323313951492}
[36m(AuthorRewardCurveWorker pid=114960)[0m TEXTCRAFT_AUTHOR_REWARD_CURVE {"phase": "author_score_complete", "rank": 0, "pid": 114960, "completed_cases": 1, "native_forward_calls": 44, "unix": 1791259718.011509, "case_index": 1, "traj_uid": "0db660e5-2daf-4f69-8ada-c80f7e5e0ec7", "view": "positive_MAS", "score_seconds": 1.0890456102788448, "point_index": 1, "raw_logp": -0.700988233089447, "author_deleted_source_indices": [4, 103, 104, 63, 11, 8], "author_current_group_source_indices": [4, 103, 104, 63, 11, 8], "author_deleted_input_positions": [462, 561, 562, 521, 469, 466], "same_set_saved_d_sum": 0.124543191353252, "scorer_seconds": 0.515564177185297}
[36m(AuthorRewardCurveWorker pid=116402)[0m TEXTCRAFT_AUTHOR_REWARD_CURVE {"phase": "author_score_complete", "rank": 1, "pid": 116402, "completed_cases": 0, "native_forward_calls": 42, "unix": 1791259716.5702562, "case_index": 0, "traj_uid": "05c696e7-2a11-42a6-a919-0ccc40841577", "view": "signed_RISE", "score_seconds": 34.76831751689315, "point_index": 20, "raw_logp": -0.18306301534175873, "author_deleted_source_indices": [5, 429, 469, 7, 492, 428, 383, 4, 459, 393, 392, 456, 389, 407, 435, 372, 425, 197, 403, 11, 12, 381, 22, 395, 87, 70, 386, 370, 367, 368, 89, 290, 423, 46, 27, 419, 304, 19, 8, 404, 440, 292, 45, 453, 17, 339, 18, 332, 157, 399, 345, 358, 479, 300, 360, 141, 363, 245, 78, 116, 458, 10, 391, 28, 85, 500, 39, 496, 109, 267, 47, 77, 111, 379, 333, 86, 200, 137, 16, 6, 424, 143, 443, 48, 84, 369, 79, 97, 474, 67, 494, 119, 106, 73, 503, 295, 338, 273, 405, 432, 285, 446, 439, 159, 198, 37, 310, 166, 203, 66, 23, 317, 350, 276, 289, 336, 463, 325, 186, 71, 303, 279, 196, 190, 57, 471, 199, 482, 131, 484, 324, 447, 275, 150, 168, 243, 477, 337, 81, 406, 160, 409, 412, 72, 346, 164, 351, 130, 441, 434, 144, 156, 172, 49, 270, 9, 139, 188, 212, 347, 104, 210, 125, 145, 293, 334, 180, 418, 192, 187, 165, 75, 329, 343, 278, 44, 134, 493, 312, 123, 206, 396, 505, 140, 359, 132, 55, 151, 148, 95, 231, 127, 21, 215, 94, 118, 209, 452, 147, 42, 260, 448, 194, 13, 115, 268, 378, 205, 112, 341, 281, 52, 239, 54, 114, 29, 26, 51, 326, 126, 269, 415, 311, 262, 430, 138, 246, 348, 283, 449, 296, 146, 129, 103, 226, 470, 227, 286, 175, 271, 53, 461, 117, 487, 256, 102, 238, 489, 74, 177, 204, 259, 499, 113, 121, 50, 216, 486, 408, 242, 173, 236, 512, 135, 241, 128, 455, 181, 174, 170, 189, 69, 15, 280, 297, 191, 377, 213, 464, 488, 284, 232, 60, 323, 402, 421, 179, 330, 158, 230, 306, 83, 294, 163, 315, 220, 252, 142, 162, 20, 235, 90, 202, 122, 234, 302, 153, 501, 288, 485, 473, 254, 251, 161, 229, 328, 382, 155, 195, 136, 98, 82, 250, 233, 373, 298, 222, 208, 108, 185, 40, 247, 417, 371, 182, 133, 313, 502, 61, 107, 287, 436, 207, 265, 169, 120, 178, 291, 59, 80, 217, 468, 176, 472, 272, 318, 309, 321, 357, 214, 225, 414, 361, 385, 88, 224, 221, 149, 101, 167, 62, 91, 58, 316, 299, 353, 184, 261, 183, 171, 68, 253, 124, 255, 314, 460, 76, 263, 301, 154, 219, 413, 266, 30, 400, 24, 398, 437, 193, 366, 335, 319, 466, 307, 248, 65, 282, 240, 228, 384, 498, 31, 397, 14, 320, 99, 274, 365, 244, 105, 467, 237, 110, 478, 305, 352, 223, 249, 327, 422, 211, 64, 308, 201, 375, 92, 96, 33, 344, 218, 374, 442, 433, 56, 63, 34, 390, 257, 475, 457, 258, 38, 32, 41, 264, 342, 388, 476, 355, 465, 510, 462, 35, 100, 277, 410, 152, 497, 340, 354, 431, 43, 331, 394, 454, 426, 490, 495, 438, 483, 356, 364, 427, 401, 322, 450, 445, 480, 387, 25, 380, 506, 36, 376, 481, 411, 508, 504, 491, 507, 509, 451, 416, 93, 444, 362, 420, 349, 2, 511, 1, 3, 0], "author_current_group_source_indices": [387, 25, 380, 506, 36, 376, 481, 411, 508, 504, 491, 507, 509, 451, 416, 93, 444, 362, 420, 349, 2, 511, 1, 3, 0], "author_deleted_input_positions": [636, 1060, 1100, 638, 1123, 1059, 1014, 635, 1090, 1024, 1023, 1087, 1020, 1038, 1066, 1003, 1056, 828, 1034, 642, 643, 1012, 653, 1026, 718, 701, 1017, 1001, 998, 999, 720, 921, 1054, 677, 658, 1050, 935, 650, 639, 1035, 1071, 923, 676, 1084, 648, 970, 649, 963, 788, 1030, 976, 989, 1110, 931, 991, 772, 994, 876, 709, 747, 1089, 641, 1022, 659, 716, 1131, 670, 1127, 740, 898, 678, 708, 742, 1010, 964, 717, 831, 768, 647, 637, 1055, 774, 1074, 679, 715, 1000, 710, 728, 1105, 698, 1125, 750, 737, 704, 1134, 926, 969, 904, 1036, 1063, 916, 1077, 1070, 790, 829, 668, 941, 797, 834, 697, 654, 948, 981, 907, 920, 967, 1094, 956, 817, 702, 934, 910, 827, 821, 688, 1102, 830, 1113, 762, 1115, 955, 1078, 906, 781, 799, 874, 1108, 968, 712, 1037, 791, 1040, 1043, 703, 977, 795, 982, 761, 1072, 1065, 775, 787, 803, 680, 901, 640, 770, 819, 843, 978, 735, 841, 756, 776, 924, 965, 811, 1049, 823, 818, 796, 706, 960, 974, 909, 675, 765, 1124, 943, 754, 837, 1027, 1136, 771, 990, 763, 686, 782, 779, 726, 862, 758, 652, 846, 725, 749, 840, 1083, 778, 673, 891, 1079, 825, 644, 746, 899, 1009, 836, 743, 972, 912, 683, 870, 685, 745, 660, 657, 682, 957, 757, 900, 1046, 942, 893, 1061, 769, 877, 979, 914, 1080, 927, 777, 760, 734, 857, 1101, 858, 917, 806, 902, 684, 1092, 748, 1118, 887, 733, 869, 1120, 705, 808, 835, 890, 1130, 744, 752, 681, 847, 1117, 1039, 873, 804, 867, 1143, 766, 872, 759, 1086, 812, 805, 801, 820, 700, 646, 911, 928, 822, 1008, 844, 1095, 1119, 915, 863, 691, 954, 1033, 1052, 810, 961, 789, 861, 937, 714, 925, 794, 946, 851, 883, 773, 793, 651, 866, 721, 833, 753, 865, 933, 784, 1132, 919, 1116, 1104, 885, 882, 792, 860, 959, 1013, 786, 826, 767, 729, 713, 881, 864, 1004, 929, 853, 839, 739, 816, 671, 878, 1048, 1002, 813, 764, 944, 1133, 692, 738, 918, 1067, 838, 896, 800, 751, 809, 922, 690, 711, 848, 1099, 807, 1103, 903, 949, 940, 952, 988, 845, 856, 1045, 992, 1016, 719, 855, 852, 780, 732, 798, 693, 722, 689, 947, 930, 984, 815, 892, 814, 802, 699, 884, 755, 886, 945, 1091, 707, 894, 932, 785, 850, 1044, 897, 661, 1031, 655, 1029, 1068, 824, 997, 966, 950, 1097, 938, 879, 696, 913, 871, 859, 1015, 1129, 662, 1028, 645, 951, 730, 905, 996, 875, 736, 1098, 868, 741, 1109, 936, 983, 854, 880, 958, 1053, 842, 695, 939, 832, 1006, 723, 727, 664, 975, 849, 1005, 1073, 1064, 687, 694, 665, 1021, 888, 1106, 1088, 889, 669, 663, 672, 895, 973, 1019, 1107, 986, 1096, 1141, 1093, 666, 731, 908, 1041, 783, 1128, 971, 985, 1062, 674, 962, 1025, 1085, 1057, 1121, 1126, 1069, 1114, 987, 995, 1058, 1032, 953, 1081, 1076, 1111, 1018, 656, 1011, 1137, 667, 1007, 1112, 1042, 1139, 1135, 1122, 1138, 1140, 1082, 1047, 724, 1075, 993, 1051, 980, 633, 1142, 632, 634, 631], "same_set_saved_d_sum": -0.15540108178476303, "scorer_seconds": 0.4677290730178356}[32m [repeated 17x across cluster][0m
[36m(AuthorRewardCurveWorker pid=116402)[0m TEXTCRAFT_AUTHOR_REWARD_CURVE {"phase": "author_curve_complete", "rank": 1, "pid": 116402, "completed_cases": 0, "native_forward_calls": 42, "unix": 1791259716.5742743, "case_index": 0, "traj_uid": "05c696e7-2a11-42a6-a919-0ccc40841577", "view": "signed_RISE", "score_seconds": 34.76831751689315, "seconds": 10.07222031801939, "native_score_calls": 21}
[36m(AuthorRewardCurveWorker pid=116402)[0m TEXTCRAFT_AUTHOR_REWARD_CURVE {"phase": "author_case_complete", "rank": 1, "pid": 116402, "completed_cases": 1, "native_forward_calls": 42, "unix": 1791259716.9574902, "last_seconds": 37.96248894929886}
[36m(AuthorRewardCurveWorker pid=116402)[0m TEXTCRAFT_AUTHOR_REWARD_CURVE {"phase": "author_case_begin", "rank": 1, "pid": 116402, "completed_cases": 1, "native_forward_calls": 42, "unix": 1791259716.9768531, "case_index": 1, "traj_uid": "2d19380e-0d49-42ec-9efb-f56a3807db3f"}
[36m(AuthorRewardCurveWorker pid=116402)[0m TEXTCRAFT_AUTHOR_REWARD_CURVE {"phase": "author_curve_begin", "rank": 1, "pid": 116402, "completed_cases": 1, "native_forward_calls": 42, "unix": 1791259717.0042322, "case_index": 1, "traj_uid": "2d19380e-0d49-42ec-9efb-f56a3807db3f", "view": "positive_MAS", "score_seconds": 0, "score_points": 21}
[36m(AuthorRewardCurveWorker pid=116402)[0m TEXTCRAFT_AUTHOR_REWARD_CURVE {"phase": "author_score_complete", "rank": 1, "pid": 116402, "completed_cases": 1, "native_forward_calls": 43, "unix": 1791259717.5431938, "case_index": 1, "traj_uid": "2d19380e-0d49-42ec-9efb-f56a3807db3f", "view": "positive_MAS", "score_seconds": 0.4501385726034641, "point_index": 0, "raw_logp": -0.144492968916893, "author_deleted_source_indices": [], "author_current_group_source_indices": [], "author_deleted_input_positions": [], "same_set_saved_d_sum": 0.0, "scorer_seconds": 0.45028917118906975}
[36m(AuthorRewardCurveWorker pid=114960)[0m TEXTCRAFT_AUTHOR_REWARD_CURVE {"phase": "author_score_complete", "rank": 0, "pid": 114960, "completed_cases": 1, "native_forward_calls": 54, "unix": 1791259723.3940628, "case_index": 1, "traj_uid": "0db660e5-2daf-4f69-8ada-c80f7e5e0ec7", "view": "positive_MAS", "score_seconds": 6.23237045481801, "point_index": 11, "raw_logp": -0.9876347184181213, "author_deleted_source_indices": [4, 103, 104, 63, 11, 8, 49, 17, 9, 6, 48, 5, 68, 70, 79, 50, 62, 90, 81, 44, 42, 74, 25, 16, 47, 73, 33, 87, 24, 19, 98, 82, 80, 95, 34, 83, 64, 75, 31, 30, 28, 96, 26, 14, 10, 93, 13, 23, 37, 76, 101, 77, 105, 72, 71, 102, 92, 78, 100, 99, 97], "author_current_group_source_indices": [92, 78, 100, 99, 97], "author_deleted_input_positions": [462, 561, 562, 521, 469, 466, 507, 475, 467, 464, 506, 463, 526, 528, 537, 508, 520, 548, 539, 502, 500, 532, 483, 474, 505, 531, 491, 545, 482, 477, 556, 540, 538, 553, 492, 541, 522, 533, 489, 488, 486, 554, 484, 472, 468, 551, 471, 481, 495, 534, 559, 535, 563, 530, 529, 560, 550, 536, 558, 557, 555], "same_set_saved_d_sum": 0.20114381187073205, "scorer_seconds": 0.506589487195015}[32m [repeated 20x across cluster][0m
[36m(AuthorRewardCurveWorker pid=114960)[0m TEXTCRAFT_AUTHOR_REWARD_CURVE {"phase": "author_curve_complete", "rank": 0, "pid": 114960, "completed_cases": 1, "native_forward_calls": 63, "unix": 1791259728.1724732, "case_index": 1, "traj_uid": "0db660e5-2daf-4f69-8ada-c80f7e5e0ec7", "view": "positive_MAS", "score_seconds": 10.797456316649914, "seconds": 11.289580751210451, "native_score_calls": 21}
[36m(AuthorRewardCurveWorker pid=114960)[0m TEXTCRAFT_AUTHOR_REWARD_CURVE {"phase": "author_curve_begin", "rank": 0, "pid": 114960, "completed_cases": 1, "native_forward_calls": 63, "unix": 1791259728.178004, "case_index": 1, "traj_uid": "0db660e5-2daf-4f69-8ada-c80f7e5e0ec7", "view": "signed_RISE", "score_seconds": 10.797456316649914, "score_points": 21}
[36m(AuthorRewardCurveWorker pid=114960)[0m TEXTCRAFT_AUTHOR_REWARD_CURVE {"phase": "author_score_complete", "rank": 0, "pid": 114960, "completed_cases": 1, "native_forward_calls": 64, "unix": 1791259728.7378597, "case_index": 1, "traj_uid": "0db660e5-2daf-4f69-8ada-c80f7e5e0ec7", "view": "signed_RISE", "score_seconds": 11.335159134119749, "point_index": 0, "raw_logp": -0.46939435601234436, "author_deleted_source_indices": [], "author_current_group_source_indices": [], "author_deleted_input_positions": [], "same_set_saved_d_sum": 0.0, "scorer_seconds": 0.5378469713032246}
[36m(AuthorRewardCurveWorker pid=116402)[0m TEXTCRAFT_AUTHOR_REWARD_CURVE {"phase": "author_score_complete", "rank": 1, "pid": 116402, "completed_cases": 1, "native_forward_calls": 63, "unix": 1791259728.2365553, "case_index": 1, "traj_uid": "2d19380e-0d49-42ec-9efb-f56a3807db3f", "view": "positive_MAS", "score_seconds": 9.373157180845737, "point_index": 20, "raw_logp": -0.18306301534175873, "author_deleted_source_indices": [128, 126, 504, 9, 135, 322, 284, 32, 130, 316, 143, 319, 129, 31, 215, 133, 132, 131, 320, 451, 497, 4, 213, 204, 374, 19, 318, 198, 264, 54, 448, 287, 347, 331, 122, 70, 454, 475, 439, 82, 474, 344, 323, 422, 99, 104, 166, 317, 79, 174, 230, 183, 168, 124, 120, 458, 293, 262, 356, 20, 449, 289, 381, 251, 102, 314, 312, 6, 341, 78, 332, 235, 415, 306, 227, 280, 212, 211, 84, 400, 450, 153, 290, 24, 324, 170, 140, 159, 18, 151, 123, 154, 167, 499, 325, 481, 60, 281, 261, 478, 41, 283, 53, 25, 164, 394, 228, 116, 189, 224, 85, 7, 258, 200, 33, 285, 401, 88, 73, 34, 103, 313, 171, 310, 420, 111, 35, 321, 389, 350, 207, 260, 271, 338, 490, 205, 244, 26, 288, 411, 185, 180, 348, 27, 150, 409, 74, 245, 340, 72, 65, 14, 357, 59, 17, 430, 187, 23, 203, 455, 476, 462, 404, 270, 440, 125, 493, 10, 157, 286, 145, 222, 209, 241, 459, 210, 48, 428, 326, 240, 44, 472, 447, 105, 193, 113, 217, 89, 434, 12, 361, 201, 396, 423, 471, 114, 353, 369, 202, 229, 328, 121, 398, 52, 118, 360, 80, 431, 466, 178, 90, 119, 191, 354, 295, 238, 382, 139, 339, 419, 297, 219, 309, 441, 489, 43, 100, 352, 226, 160, 408, 435, 188, 81, 491, 362, 197, 127, 181, 349, 427, 45, 291, 461, 8, 303, 358, 259, 402, 305, 87, 485, 469, 467, 470, 473, 477, 479, 480, 482, 483, 363, 468, 487, 364, 365, 465, 366, 367, 368, 464, 370, 371, 355, 403, 512, 511, 510, 351, 509, 508, 507, 506, 505, 503, 502, 484, 501, 500, 498, 496, 359, 495, 494, 492, 488, 256, 486, 393, 385, 386, 387, 388, 426, 425, 424, 421, 418, 390, 391, 392, 384, 417, 395, 416, 414, 397, 413, 399, 412, 410, 407, 406, 405, 375, 372, 373, 460, 457, 456, 453, 452, 446, 445, 444, 443, 442, 463, 438, 437, 376, 377, 378, 379, 380, 436, 433, 383, 432, 429, 101, 136, 134, 117, 115, 112, 110, 109, 108, 107, 106, 137, 98, 97, 96, 95, 94, 93, 92, 91, 86, 155, 173, 172, 169, 165, 163, 162, 161, 158, 156, 83, 152, 149, 148, 147, 146, 144, 142, 141, 138, 22, 46, 42, 40, 39, 38, 37, 36, 30, 29, 28, 47, 21, 16, 15, 13, 11, 5, 3, 2, 1, 63, 77, 76, 75, 71, 69, 68, 67, 66, 64, 175, 62, 61, 58, 57, 56, 55, 51, 50, 49, 274, 298, 296, 294, 292, 282, 279, 278, 277, 276, 275, 299, 273, 272, 269, 268, 267, 266, 265, 263, 257, 329, 345, 343, 342, 337, 336, 335, 334, 333, 330, 0, 327, 315, 311, 308, 307, 304, 302, 301, 300, 195, 221, 220, 218, 216, 214, 208, 206, 199, 196, 223, 194, 192, 190, 186, 184, 182, 179, 177, 176, 243, 255, 254, 253, 252, 250, 249, 248, 247, 246, 346, 242, 239, 237, 236, 234, 233, 232, 231, 225], "author_current_group_source_indices": [184, 182, 179, 177, 176, 243, 255, 254, 253, 252, 250, 249, 248, 247, 246, 346, 242, 239, 237, 236, 234, 233, 232, 231, 225], "author_deleted_input_positions": [759, 757, 1135, 640, 766, 953, 915, 663, 761, 947, 774, 950, 760, 662, 846, 764, 763, 762, 951, 1082, 1128, 635, 844, 835, 1005, 650, 949, 829, 895, 685, 1079, 918, 978, 962, 753, 701, 1085, 1106, 1070, 713, 1105, 975, 954, 1053, 730, 735, 797, 948, 710, 805, 861, 814, 799, 755, 751, 1089, 924, 893, 987, 651, 1080, 920, 1012, 882, 733, 945, 943, 637, 972, 709, 963, 866, 1046, 937, 858, 911, 843, 842, 715, 1031, 1081, 784, 921, 655, 955, 801, 771, 790, 649, 782, 754, 785, 798, 1130, 956, 1112, 691, 912, 892, 1109, 672, 914, 684, 656, 795, 1025, 859, 747, 820, 855, 716, 638, 889, 831, 664, 916, 1032, 719, 704, 665, 734, 944, 802, 941, 1051, 742, 666, 952, 1020, 981, 838, 891, 902, 969, 1121, 836, 875, 657, 919, 1042, 816, 811, 979, 658, 781, 1040, 705, 876, 971, 703, 696, 645, 988, 690, 648, 1061, 818, 654, 834, 1086, 1107, 1093, 1035, 901, 1071, 756, 1124, 641, 788, 917, 776, 853, 840, 872, 1090, 841, 679, 1059, 957, 871, 675, 1103, 1078, 736, 824, 744, 848, 720, 1065, 643, 992, 832, 1027, 1054, 1102, 745, 984, 1000, 833, 860, 959, 752, 1029, 683, 749, 991, 711, 1062, 1097, 809, 721, 750, 822, 985, 926, 869, 1013, 770, 970, 1050, 928, 850, 940, 1072, 1120, 674, 731, 983, 857, 791, 1039, 1066, 819, 712, 1122, 993, 828, 758, 812, 980, 1058, 676, 922, 1092, 639, 934, 989, 890, 1033, 936, 718, 1116, 1100, 1098, 1101, 1104, 1108, 1110, 1111, 1113, 1114, 994, 1099, 1118, 995, 996, 1096, 997, 998, 999, 1095, 1001, 1002, 986, 1034, 1143, 1142, 1141, 982, 1140, 1139, 1138, 1137, 1136, 1134, 1133, 1115, 1132, 1131, 1129, 1127, 990, 1126, 1125, 1123, 1119, 887, 1117, 1024, 1016, 1017, 1018, 1019, 1057, 1056, 1055, 1052, 1049, 1021, 1022, 1023, 1015, 1048, 1026, 1047, 1045, 1028, 1044, 1030, 1043, 1041, 1038, 1037, 1036, 1006, 1003, 1004, 1091, 1088, 1087, 1084, 1083, 1077, 1076, 1075, 1074, 1073, 1094, 1069, 1068, 1007, 1008, 1009, 1010, 1011, 1067, 1064, 1014, 1063, 1060, 732, 767, 765, 748, 746, 743, 741, 740, 739, 738, 737, 768, 729, 728, 727, 726, 725, 724, 723, 722, 717, 786, 804, 803, 800, 796, 794, 793, 792, 789, 787, 714, 783, 780, 779, 778, 777, 775, 773, 772, 769, 653, 677, 673, 671, 670, 669, 668, 667, 661, 660, 659, 678, 652, 647, 646, 644, 642, 636, 634, 633, 632, 694, 708, 707, 706, 702, 700, 699, 698, 697, 695, 806, 693, 692, 689, 688, 687, 686, 682, 681, 680, 905, 929, 927, 925, 923, 913, 910, 909, 908, 907, 906, 930, 904, 903, 900, 899, 898, 897, 896, 894, 888, 960, 976, 974, 973, 968, 967, 966, 965, 964, 961, 631, 958, 946, 942, 939, 938, 935, 933, 932, 931, 826, 852, 851, 849, 847, 845, 839, 837, 830, 827, 854, 825, 823, 821, 817, 815, 813, 810, 808, 807, 874, 886, 885, 884, 883, 881, 880, 879, 878, 877, 977, 873, 870, 868, 867, 865, 864, 863, 862, 856], "same_set_saved_d_sum": 0.021173257728083386, "scorer_seconds": 0.4404035210609436}[32m [repeated 19x across cluster][0m
[36m(AuthorRewardCurveWorker pid=114960)[0m TEXTCRAFT_AUTHOR_REWARD_CURVE {"phase": "author_score_complete", "rank": 0, "pid": 114960, "completed_cases": 1, "native_forward_calls": 65, "unix": 1791259729.2688565, "case_index": 1, "traj_uid": "0db660e5-2daf-4f69-8ada-c80f7e5e0ec7", "view": "signed_RISE", "score_seconds": 11.844088297337294, "point_index": 1, "raw_logp": -0.700988233089447, "author_deleted_source_indices": [4, 103, 104, 63, 11, 8], "author_current_group_source_indices": [4, 103, 104, 63, 11, 8], "author_deleted_input_positions": [462, 561, 562, 521, 469, 466], "same_set_saved_d_sum": 0.124543191353252, "scorer_seconds": 0.509049903601408}
[36m(AuthorRewardCurveWorker pid=116402)[0m TEXTCRAFT_AUTHOR_REWARD_CURVE {"phase": "author_curve_complete", "rank": 1, "pid": 116402, "completed_cases": 1, "native_forward_calls": 63, "unix": 1791259728.2587197, "case_index": 1, "traj_uid": "2d19380e-0d49-42ec-9efb-f56a3807db3f", "view": "positive_MAS", "score_seconds": 9.373157180845737, "seconds": 11.232902869582176, "native_score_calls": 21}
[36m(AuthorRewardCurveWorker pid=116402)[0m TEXTCRAFT_AUTHOR_REWARD_CURVE {"phase": "author_curve_begin", "rank": 1, "pid": 116402, "completed_cases": 1, "native_forward_calls": 63, "unix": 1791259728.2760665, "case_index": 1, "traj_uid": "2d19380e-0d49-42ec-9efb-f56a3807db3f", "view": "signed_RISE", "score_seconds": 9.373157180845737, "score_points": 21}
[36m(AuthorRewardCurveWorker pid=116402)[0m TEXTCRAFT_AUTHOR_REWARD_CURVE {"phase": "author_score_complete", "rank": 1, "pid": 116402, "completed_cases": 1, "native_forward_calls": 64, "unix": 1791259728.805976, "case_index": 1, "traj_uid": "2d19380e-0d49-42ec-9efb-f56a3807db3f", "view": "signed_RISE", "score_seconds": 9.816430155187845, "point_index": 0, "raw_logp": -0.144492968916893, "author_deleted_source_indices": [], "author_current_group_source_indices": [], "author_deleted_input_positions": [], "same_set_saved_d_sum": 0.0, "scorer_seconds": 0.4434012584388256}
[36m(AuthorRewardCurveWorker pid=114960)[0m TEXTCRAFT_AUTHOR_REWARD_CURVE {"phase": "author_score_complete", "rank": 0, "pid": 114960, "completed_cases": 1, "native_forward_calls": 75, "unix": 1791259734.6215155, "case_index": 1, "traj_uid": "0db660e5-2daf-4f69-8ada-c80f7e5e0ec7", "view": "signed_RISE", "score_seconds": 16.790904946625233, "point_index": 11, "raw_logp": -1.1930688619613647, "author_deleted_source_indices": [4, 103, 104, 63, 11, 8, 49, 17, 9, 6, 48, 5, 68, 70, 79, 50, 62, 90, 81, 44, 42, 74, 25, 16, 47, 73, 33, 87, 24, 19, 98, 82, 80, 95, 34, 83, 64, 75, 31, 30, 28, 96, 26, 14, 10, 93, 13, 23, 37, 105, 54, 94, 22, 15, 45, 52, 46, 20, 86, 27, 7], "author_current_group_source_indices": [46, 20, 86, 27, 7], "author_deleted_input_positions": [462, 561, 562, 521, 469, 466, 507, 475, 467, 464, 506, 463, 526, 528, 537, 508, 520, 548, 539, 502, 500, 532, 483, 474, 505, 531, 491, 545, 482, 477, 556, 540, 538, 553, 492, 541, 522, 533, 489, 488, 486, 554, 484, 472, 468, 551, 471, 481, 495, 563, 512, 552, 480, 473, 503, 510, 504, 478, 544, 485, 465], "same_set_saved_d_sum": 0.2569139821714808, "scorer_seconds": 0.5052164755761623}[32m [repeated 20x across cluster][0m
[36m(AuthorRewardCurveWorker pid=114960)[0m TEXTCRAFT_AUTHOR_REWARD_CURVE {"phase": "author_curve_complete", "rank": 0, "pid": 114960, "completed_cases": 1, "native_forward_calls": 84, "unix": 1791259739.380516, "case_index": 1, "traj_uid": "0db660e5-2daf-4f69-8ada-c80f7e5e0ec7", "view": "signed_RISE", "score_seconds": 21.327783182263374, "seconds": 11.195009559392929, "native_score_calls": 21}
[36m(AuthorRewardCurveWorker pid=114960)[0m TEXTCRAFT_AUTHOR_REWARD_CURVE {"phase": "author_case_complete", "rank": 0, "pid": 114960, "completed_cases": 2, "native_forward_calls": 84, "unix": 1791259739.544692, "last_seconds": 22.52863000333309}
[36m(AuthorRewardCurveWorker pid=114960)[0m TEXTCRAFT_AUTHOR_REWARD_CURVE {"phase": "author_case_begin", "rank": 0, "pid": 114960, "completed_cases": 2, "native_forward_calls": 84, "unix": 1791259739.5540087, "case_index": 2, "traj_uid": "7dcdb0d2-e119-4cf5-acdb-5f16741fb08b"}
[36m(AuthorRewardCurveWorker pid=114960)[0m TEXTCRAFT_AUTHOR_REWARD_CURVE {"phase": "author_curve_begin", "rank": 0, "pid": 114960, "completed_cases": 2, "native_forward_calls": 84, "unix": 1791259739.5629623, "case_index": 2, "traj_uid": "7dcdb0d2-e119-4cf5-acdb-5f16741fb08b", "view": "positive_MAS", "score_seconds": 0, "score_points": 21}
[36m(AuthorRewardCurveWorker pid=116402)[0m TEXTCRAFT_AUTHOR_REWARD_CURVE {"phase": "author_score_complete", "rank": 1, "pid": 116402, "completed_cases": 1, "native_forward_calls": 84, "unix": 1791259739.4437766, "case_index": 1, "traj_uid": "2d19380e-0d49-42ec-9efb-f56a3807db3f", "view": "signed_RISE", "score_seconds": 18.61764207109809, "point_index": 20, "raw_logp": -0.18306301534175873, "author_deleted_source_indices": [128, 126, 504, 9, 135, 322, 284, 32, 130, 316, 143, 319, 129, 31, 215, 133, 132, 131, 320, 451, 497, 4, 213, 204, 374, 19, 318, 198, 264, 54, 448, 287, 347, 331, 122, 70, 454, 475, 439, 82, 474, 344, 323, 422, 99, 104, 166, 317, 79, 174, 230, 183, 168, 124, 120, 458, 293, 262, 356, 20, 449, 289, 381, 251, 102, 314, 312, 6, 341, 78, 332, 235, 415, 306, 227, 280, 212, 211, 84, 400, 450, 153, 290, 24, 324, 170, 140, 159, 18, 151, 123, 154, 167, 499, 325, 481, 60, 281, 261, 478, 41, 283, 53, 25, 164, 394, 228, 116, 189, 224, 85, 7, 258, 200, 33, 285, 401, 88, 73, 34, 103, 313, 171, 310, 420, 111, 35, 321, 389, 350, 207, 260, 271, 338, 490, 205, 244, 26, 288, 411, 185, 180, 348, 27, 150, 409, 74, 245, 340, 72, 65, 14, 357, 59, 17, 430, 187, 23, 203, 455, 476, 462, 404, 270, 440, 125, 493, 10, 157, 286, 145, 222, 209, 241, 459, 210, 48, 428, 326, 240, 44, 472, 447, 105, 193, 113, 217, 89, 434, 12, 361, 201, 396, 423, 471, 114, 353, 369, 202, 229, 328, 121, 398, 52, 118, 360, 80, 431, 466, 178, 90, 119, 191, 354, 295, 238, 382, 139, 339, 419, 297, 219, 309, 441, 489, 43, 100, 352, 226, 160, 408, 435, 188, 81, 491, 362, 197, 127, 181, 349, 427, 45, 291, 461, 8, 303, 358, 259, 402, 305, 87, 485, 512, 417, 165, 387, 112, 486, 480, 403, 263, 278, 182, 149, 231, 385, 444, 206, 437, 443, 267, 146, 76, 192, 161, 21, 268, 179, 469, 429, 393, 343, 470, 333, 55, 220, 492, 234, 334, 372, 345, 383, 464, 413, 37, 232, 68, 410, 452, 42, 477, 58, 248, 405, 256, 370, 418, 237, 482, 508, 38, 390, 67, 155, 77, 28, 442, 91, 503, 101, 388, 265, 195, 95, 391, 412, 218, 371, 39, 137, 488, 216, 505, 426, 483, 75, 86, 247, 186, 16, 136, 446, 94, 46, 64, 233, 110, 184, 487, 115, 376, 367, 473, 242, 421, 199, 399, 254, 457, 509, 96, 351, 190, 169, 246, 269, 438, 292, 15, 432, 223, 392, 301, 315, 279, 506, 364, 71, 83, 456, 346, 467, 468, 373, 298, 494, 377, 307, 335, 163, 253, 147, 50, 252, 51, 311, 93, 272, 273, 152, 236, 495, 134, 433, 36, 484, 282, 109, 342, 266, 368, 366, 117, 275, 194, 424, 274, 498, 176, 445, 22, 66, 148, 97, 225, 386, 511, 379, 337, 255, 460, 425, 330, 107, 327, 407, 172, 384, 62, 239, 92, 30, 177, 158, 304, 329, 355, 406, 414, 510, 13, 56, 162, 57, 375, 501, 175, 479, 61, 277, 276, 397, 436, 108, 196, 47, 63, 29, 142, 49, 106, 243, 144, 221, 302, 453, 395, 257, 463, 141, 296, 380, 496, 465, 40, 336, 98, 138, 363, 208, 300, 502, 308, 173, 294, 299, 156, 359, 249, 507, 69, 365, 214, 500, 11, 250, 416, 378, 3, 5, 1, 2, 0], "author_current_group_source_indices": [363, 208, 300, 502, 308, 173, 294, 299, 156, 359, 249, 507, 69, 365, 214, 500, 11, 250, 416, 378, 3, 5, 1, 2, 0], "author_deleted_input_positions": [759, 757, 1135, 640, 766, 953, 915, 663, 761, 947, 774, 950, 760, 662, 846, 764, 763, 762, 951, 1082, 1128, 635, 844, 835, 1005, 650, 949, 829, 895, 685, 1079, 918, 978, 962, 753, 701, 1085, 1106, 1070, 713, 1105, 975, 954, 1053, 730, 735, 797, 948, 710, 805, 861, 814, 799, 755, 751, 1089, 924, 893, 987, 651, 1080, 920, 1012, 882, 733, 945, 943, 637, 972, 709, 963, 866, 1046, 937, 858, 911, 843, 842, 715, 1031, 1081, 784, 921, 655, 955, 801, 771, 790, 649, 782, 754, 785, 798, 1130, 956, 1112, 691, 912, 892, 1109, 672, 914, 684, 656, 795, 1025, 859, 747, 820, 855, 716, 638, 889, 831, 664, 916, 1032, 719, 704, 665, 734, 944, 802, 941, 1051, 742, 666, 952, 1020, 981, 838, 891, 902, 969, 1121, 836, 875, 657, 919, 1042, 816, 811, 979, 658, 781, 1040, 705, 876, 971, 703, 696, 645, 988, 690, 648, 1061, 818, 654, 834, 1086, 1107, 1093, 1035, 901, 1071, 756, 1124, 641, 788, 917, 776, 853, 840, 872, 1090, 841, 679, 1059, 957, 871, 675, 1103, 1078, 736, 824, 744, 848, 720, 1065, 643, 992, 832, 1027, 1054, 1102, 745, 984, 1000, 833, 860, 959, 752, 1029, 683, 749, 991, 711, 1062, 1097, 809, 721, 750, 822, 985, 926, 869, 1013, 770, 970, 1050, 928, 850, 940, 1072, 1120, 674, 731, 983, 857, 791, 1039, 1066, 819, 712, 1122, 993, 828, 758, 812, 980, 1058, 676, 922, 1092, 639, 934, 989, 890, 1033, 936, 718, 1116, 1143, 1048, 796, 1018, 743, 1117, 1111, 1034, 894, 909, 813, 780, 862, 1016, 1075, 837, 1068, 1074, 898, 777, 707, 823, 792, 652, 899, 810, 1100, 1060, 1024, 974, 1101, 964, 686, 851, 1123, 865, 965, 1003, 976, 1014, 1095, 1044, 668, 863, 699, 1041, 1083, 673, 1108, 689, 879, 1036, 887, 1001, 1049, 868, 1113, 1139, 669, 1021, 698, 786, 708, 659, 1073, 722, 1134, 732, 1019, 896, 826, 726, 1022, 1043, 849, 1002, 670, 768, 1119, 847, 1136, 1057, 1114, 706, 717, 878, 817, 647, 767, 1077, 725, 677, 695, 864, 741, 815, 1118, 746, 1007, 998, 1104, 873, 1052, 830, 1030, 885, 1088, 1140, 727, 982, 821, 800, 877, 900, 1069, 923, 646, 1063, 854, 1023, 932, 946, 910, 1137, 995, 702, 714, 1087, 977, 1098, 1099, 1004, 929, 1125, 1008, 938, 966, 794, 884, 778, 681, 883, 682, 942, 724, 903, 904, 783, 867, 1126, 765, 1064, 667, 1115, 913, 740, 973, 897, 999, 997, 748, 906, 825, 1055, 905, 1129, 807, 1076, 653, 697, 779, 728, 856, 1017, 1142, 1010, 968, 886, 1091, 1056, 961, 738, 958, 1038, 803, 1015, 693, 870, 723, 661, 808, 789, 935, 960, 986, 1037, 1045, 1141, 644, 687, 793, 688, 1006, 1132, 806, 1110, 692, 908, 907, 1028, 1067, 739, 827, 678, 694, 660, 773, 680, 737, 874, 775, 852, 933, 1084, 1026, 888, 1094, 772, 927, 1011, 1127, 1096, 671, 967, 729, 769, 994, 839, 931, 1133, 939, 804, 925, 930, 787, 990, 880, 1138, 700, 996, 845, 1131, 642, 881, 1047, 1009, 634, 636, 632, 633, 631], "same_set_saved_d_sum": 0.021173257728083386, "scorer_seconds": 0.4383726641535759}[32m [repeated 19x across cluster][0m
[36m(AuthorRewardCurveWorker pid=114960)[0m TEXTCRAFT_AUTHOR_REWARD_CURVE {"phase": "author_score_complete", "rank": 0, "pid": 114960, "completed_cases": 2, "native_forward_calls": 85, "unix": 1791259740.1827445, "case_index": 2, "traj_uid": "7dcdb0d2-e119-4cf5-acdb-5f16741fb08b", "view": "positive_MAS", "score_seconds": 0.5740234926342964, "point_index": 0, "raw_logp": -0.18474933505058289, "author_deleted_source_indices": [], "author_current_group_source_indices": [], "author_deleted_input_positions": [], "same_set_saved_d_sum": 0.0, "scorer_seconds": 0.5741626061499119}
[36m(AuthorRewardCurveWorker pid=114960)[0m TEXTCRAFT_AUTHOR_REWARD_CURVE {"phase": "author_score_complete", "rank": 0, "pid": 114960, "completed_cases": 2, "native_forward_calls": 86, "unix": 1791259740.7824273, "case_index": 2, "traj_uid": "7dcdb0d2-e119-4cf5-acdb-5f16741fb08b", "view": "positive_MAS", "score_seconds": 1.1268799901008606, "point_index": 1, "raw_logp": -0.27746567130088806, "author_deleted_source_indices": [319, 12, 8, 10, 0, 7, 315, 1, 271, 4, 6, 318, 474, 18, 35, 59, 160, 452, 317, 148, 337, 231, 9, 20, 429, 234], "author_current_group_source_indices": [319, 12, 8, 10, 0, 7, 315, 1, 271, 4, 6, 318, 474, 18, 35, 59, 160, 452, 317, 148, 337, 231, 9, 20, 429, 234], "author_deleted_input_positions": [664, 357, 353, 355, 345, 352, 660, 346, 616, 349, 351, 663, 819, 363, 380, 404, 505, 797, 662, 493, 682, 576, 354, 365, 774, 579], "same_set_saved_d_sum": 0.12426571849566855, "scorer_seconds": 0.552990511059761}
[36m(AuthorRewardCurveWorker pid=116402)[0m TEXTCRAFT_AUTHOR_REWARD_CURVE {"phase": "author_curve_complete", "rank": 1, "pid": 116402, "completed_cases": 1, "native_forward_calls": 84, "unix": 1791259739.468711, "case_index": 1, "traj_uid": "2d19380e-0d49-42ec-9efb-f56a3807db3f", "view": "signed_RISE", "score_seconds": 18.61764207109809, "seconds": 11.168279372155666, "native_score_calls": 21}
[36m(AuthorRewardCurveWorker pid=116402)[0m TEXTCRAFT_AUTHOR_REWARD_CURVE {"phase": "author_case_complete", "rank": 1, "pid": 116402, "completed_cases": 2, "native_forward_calls": 84, "unix": 1791259739.6544988, "last_seconds": 22.515442978590727}
[36m(AuthorRewardCurveWorker pid=116402)[0m TEXTCRAFT_AUTHOR_REWARD_CURVE {"phase": "author_case_begin", "rank": 1, "pid": 116402, "completed_cases": 2, "native_forward_calls": 84, "unix": 1791259739.681645, "case_index": 2, "traj_uid": "cb93c6fa-c0c7-42b2-b1c0-44abb7efdbc2"}
[36m(AuthorRewardCurveWorker pid=116402)[0m TEXTCRAFT_AUTHOR_REWARD_CURVE {"phase": "author_curve_begin", "rank": 1, "pid": 116402, "completed_cases": 2, "native_forward_calls": 84, "unix": 1791259739.7089968, "case_index": 2, "traj_uid": "cb93c6fa-c0c7-42b2-b1c0-44abb7efdbc2", "view": "positive_MAS", "score_seconds": 0, "score_points": 21}
[36m(AuthorRewardCurveWorker pid=116402)[0m TEXTCRAFT_AUTHOR_REWARD_CURVE {"phase": "author_score_complete", "rank": 1, "pid": 116402, "completed_cases": 2, "native_forward_calls": 85, "unix": 1791259740.3041506, "case_index": 2, "traj_uid": "cb93c6fa-c0c7-42b2-b1c0-44abb7efdbc2", "view": "positive_MAS", "score_seconds": 0.426431592553854, "point_index": 0, "raw_logp": -0.3268551528453827, "author_deleted_source_indices": [], "author_current_group_source_indices": [], "author_deleted_input_positions": [], "same_set_saved_d_sum": 0.0, "scorer_seconds": 0.4265703521668911}
[36m(AuthorRewardCurveWorker pid=114960)[0m TEXTCRAFT_AUTHOR_REWARD_CURVE {"phase": "author_score_complete", "rank": 0, "pid": 114960, "completed_cases": 2, "native_forward_calls": 95, "unix": 1791259746.1643257, "case_index": 2, "traj_uid": "7dcdb0d2-e119-4cf5-acdb-5f16741fb08b", "view": "positive_MAS", "score_seconds": 6.0934883542358875, "point_index": 10, "raw_logp": -0.3109574615955353, "author_deleted_source_indices": [319, 12, 8, 10, 0, 7, 315, 1, 271, 4, 6, 318, 474, 18, 35, 59, 160, 452, 317, 148, 337, 231, 9, 20, 429, 234, 495, 141, 47, 184, 268, 270, 36, 22, 43, 399, 386, 61, 217, 83, 291, 50, 55, 366, 139, 136, 130, 115, 73, 430, 506, 32, 149, 428, 38, 223, 150, 391, 454, 359, 146, 102, 342, 260, 156, 31, 137, 21, 273, 285, 44, 333, 97, 355, 30, 253, 325, 497, 215, 269, 417, 17, 227, 280, 91, 88, 309, 249, 387, 320, 230, 92, 423, 463, 85, 158, 453, 100, 113, 507, 189, 206, 402, 316, 29, 171, 187, 262, 490, 279, 425, 370, 276, 53, 224, 202, 167, 468, 496, 476, 264, 86, 347, 173, 398, 327, 176, 388, 210, 46, 284, 307, 473, 456, 369, 272, 390, 166, 314, 198, 255, 60, 310, 65, 475, 222, 348, 258, 204, 447, 358, 292, 24, 465, 244, 339, 330, 503, 436, 229, 297, 504, 201, 80, 27, 205, 209, 57, 304, 164, 117, 247, 42, 216, 329, 467, 394, 155, 248, 240, 437, 81, 159, 488, 134, 135, 232, 207, 421, 404, 286, 381, 300, 39, 13, 441, 403, 107, 326, 251, 472, 220, 186, 407, 78, 427, 208, 393, 34, 192, 345, 278, 116, 48, 263, 110, 290, 90, 157, 26, 411, 145, 175, 238, 15, 395, 79, 54, 128, 188, 77, 471, 448, 481, 440, 373, 37, 163, 154, 66, 434, 482, 218, 41, 365, 392, 125, 254, 16, 212, 183, 301, 438, 161, 298, 470, 49, 68, 459, 75], "author_current_group_source_indices": [440, 373, 37, 163, 154, 66, 434, 482, 218, 41, 365, 392, 125, 254, 16, 212, 183, 301, 438, 161, 298, 470, 49, 68, 459, 75], "author_deleted_input_positions": [664, 357, 353, 355, 345, 352, 660, 346, 616, 349, 351, 663, 819, 363, 380, 404, 505, 797, 662, 493, 682, 576, 354, 365, 774, 579, 840, 486, 392, 529, 613, 615, 381, 367, 388, 744, 731, 406, 562, 428, 636, 395, 400, 711, 484, 481, 475, 460, 418, 775, 851, 377, 494, 773, 383, 568, 495, 736, 799, 704, 491, 447, 687, 605, 501, 376, 482, 366, 618, 630, 389, 678, 442, 700, 375, 598, 670, 842, 560, 614, 762, 362, 572, 625, 436, 433, 654, 594, 732, 665, 575, 437, 768, 808, 430, 503, 798, 445, 458, 852, 534, 551, 747, 661, 374, 516, 532, 607, 835, 624, 770, 715, 621, 398, 569, 547, 512, 813, 841, 821, 609, 431, 692, 518, 743, 672, 521, 733, 555, 391, 629, 652, 818, 801, 714, 617, 735, 511, 659, 543, 600, 405, 655, 410, 820, 567, 693, 603, 549, 792, 703, 637, 369, 810, 589, 684, 675, 848, 781, 574, 642, 849, 546, 425, 372, 550, 554, 402, 649, 509, 462, 592, 387, 561, 674, 812, 739, 500, 593, 585, 782, 426, 504, 833, 479, 480, 577, 552, 766, 749, 631, 726, 645, 384, 358, 786, 748, 452, 671, 596, 817, 565, 531, 752, 423, 772, 553, 738, 379, 537, 690, 623, 461, 393, 608, 455, 635, 435, 502, 371, 756, 490, 520, 583, 360, 740, 424, 399, 473, 533, 422, 816, 793, 826, 785, 718, 382, 508, 499, 411, 779, 827, 563, 386, 710, 737, 470, 599, 361, 557, 528, 646, 783, 506, 643, 815, 394, 413, 804, 420], "same_set_saved_d_sum": 0.3915925967328086, "scorer_seconds": 0.547565333545208}[32m [repeated 18x across cluster][0m
[36m(AuthorRewardCurveWorker pid=114960)[0m TEXTCRAFT_AUTHOR_REWARD_CURVE {"phase": "author_score_complete", "rank": 0, "pid": 114960, "completed_cases": 2, "native_forward_calls": 104, "unix": 1791259751.5321257, "case_index": 2, "traj_uid": "7dcdb0d2-e119-4cf5-acdb-5f16741fb08b", "view": "positive_MAS", "score_seconds": 11.0450475551188, "point_index": 19, "raw_logp": -0.42371273040771484, "author_deleted_source_indices": [319, 12, 8, 10, 0, 7, 315, 1, 271, 4, 6, 318, 474, 18, 35, 59, 160, 452, 317, 148, 337, 231, 9, 20, 429, 234, 495, 141, 47, 184, 268, 270, 36, 22, 43, 399, 386, 61, 217, 83, 291, 50, 55, 366, 139, 136, 130, 115, 73, 430, 506, 32, 149, 428, 38, 223, 150, 391, 454, 359, 146, 102, 342, 260, 156, 31, 137, 21, 273, 285, 44, 333, 97, 355, 30, 253, 325, 497, 215, 269, 417, 17, 227, 280, 91, 88, 309, 249, 387, 320, 230, 92, 423, 463, 85, 158, 453, 100, 113, 507, 189, 206, 402, 316, 29, 171, 187, 262, 490, 279, 425, 370, 276, 53, 224, 202, 167, 468, 496, 476, 264, 86, 347, 173, 398, 327, 176, 388, 210, 46, 284, 307, 473, 456, 369, 272, 390, 166, 314, 198, 255, 60, 310, 65, 475, 222, 348, 258, 204, 447, 358, 292, 24, 465, 244, 339, 330, 503, 436, 229, 297, 504, 201, 80, 27, 205, 209, 57, 304, 164, 117, 247, 42, 216, 329, 467, 394, 155, 248, 240, 437, 81, 159, 488, 134, 135, 232, 207, 421, 404, 286, 381, 300, 39, 13, 441, 403, 107, 326, 251, 472, 220, 186, 407, 78, 427, 208, 393, 34, 192, 345, 278, 116, 48, 263, 110, 290, 90, 157, 26, 411, 145, 175, 238, 15, 395, 79, 54, 128, 188, 77, 471, 448, 481, 440, 373, 37, 163, 154, 66, 434, 482, 218, 41, 365, 392, 125, 254, 16, 212, 183, 301, 438, 161, 298, 470, 49, 68, 459, 75, 289, 168, 287, 486, 332, 303, 489, 127, 281, 389, 25, 214, 179, 119, 371, 123, 299, 52, 93, 219, 439, 509, 477, 368, 367, 493, 508, 362, 501, 492, 364, 510, 511, 363, 500, 502, 380, 383, 379, 384, 385, 378, 377, 494, 499, 376, 375, 505, 498, 374, 372, 382, 449, 414, 458, 415, 416, 457, 455, 418, 419, 420, 451, 422, 450, 413, 424, 446, 445, 426, 444, 443, 442, 512, 435, 431, 432, 469, 487, 485, 396, 397, 484, 483, 480, 479, 400, 478, 433, 401, 491, 466, 405, 406, 464, 408, 409, 410, 462, 412, 461, 460, 122, 142, 140, 138, 133, 132, 131, 129, 126, 124, 143, 121, 120, 118, 114, 112, 111, 109, 108, 170, 190, 185, 182, 181, 180, 178, 177, 174, 172, 106, 169, 165, 162, 153, 152, 151, 147, 144, 33, 67, 64, 63, 62, 58, 56, 51, 45, 40, 69, 28, 23, 19, 14, 11, 5, 3, 2, 89, 105, 104, 103, 101, 99, 98, 96, 95, 94, 191, 87, 84, 82, 76, 74, 72, 71, 70, 306, 328, 324, 323, 322, 321, 313, 312, 311, 308, 331, 305, 302, 296, 295, 294, 293, 288, 283, 346, 360, 357, 356, 354, 353, 352, 351, 350, 349, 282, 344, 343, 341, 340, 338, 336, 335, 334, 211, 237, 236, 235, 233, 228, 226, 225, 221, 213, 239, 203], "author_current_group_source_indices": [352, 351, 350, 349, 282, 344, 343, 341, 340, 338, 336, 335, 334, 211, 237, 236, 235, 233, 228, 226, 225, 221, 213, 239, 203], "author_deleted_input_positions": [664, 357, 353, 355, 345, 352, 660, 346, 616, 349, 351, 663, 819, 363, 380, 404, 505, 797, 662, 493, 682, 576, 354, 365, 774, 579, 840, 486, 392, 529, 613, 615, 381, 367, 388, 744, 731, 406, 562, 428, 636, 395, 400, 711, 484, 481, 475, 460, 418, 775, 851, 377, 494, 773, 383, 568, 495, 736, 799, 704, 491, 447, 687, 605, 501, 376, 482, 366, 618, 630, 389, 678, 442, 700, 375, 598, 670, 842, 560, 614, 762, 362, 572, 625, 436, 433, 654, 594, 732, 665, 575, 437, 768, 808, 430, 503, 798, 445, 458, 852, 534, 551, 747, 661, 374, 516, 532, 607, 835, 624, 770, 715, 621, 398, 569, 547, 512, 813, 841, 821, 609, 431, 692, 518, 743, 672, 521, 733, 555, 391, 629, 652, 818, 801, 714, 617, 735, 511, 659, 543, 600, 405, 655, 410, 820, 567, 693, 603, 549, 792, 703, 637, 369, 810, 589, 684, 675, 848, 781, 574, 642, 849, 546, 425, 372, 550, 554, 402, 649, 509, 462, 592, 387, 561, 674, 812, 739, 500, 593, 585, 782, 426, 504, 833, 479, 480, 577, 552, 766, 749, 631, 726, 645, 384, 358, 786, 748, 452, 671, 596, 817, 565, 531, 752, 423, 772, 553, 738, 379, 537, 690, 623, 461, 393, 608, 455, 635, 435, 502, 371, 756, 490, 520, 583, 360, 740, 424, 399, 473, 533, 422, 816, 793, 826, 785, 718, 382, 508, 499, 411, 779, 827, 563, 386, 710, 737, 470, 599, 361, 557, 528, 646, 783, 506, 643, 815, 394, 413, 804, 420, 634, 513, 632, 831, 677, 648, 834, 472, 626, 734, 370, 559, 524, 464, 716, 468, 644, 397, 438, 564, 784, 854, 822, 713, 712, 838, 853, 707, 846, 837, 709, 855, 856, 708, 845, 847, 725, 728, 724, 729, 730, 723, 722, 839, 844, 721, 720, 850, 843, 719, 717, 727, 794, 759, 803, 760, 761, 802, 800, 763, 764, 765, 796, 767, 795, 758, 769, 791, 790, 771, 789, 788, 787, 857, 780, 776, 777, 814, 832, 830, 741, 742, 829, 828, 825, 824, 745, 823, 778, 746, 836, 811, 750, 751, 809, 753, 754, 755, 807, 757, 806, 805, 467, 487, 485, 483, 478, 477, 476, 474, 471, 469, 488, 466, 465, 463, 459, 457, 456, 454, 453, 515, 535, 530, 527, 526, 525, 523, 522, 519, 517, 451, 514, 510, 507, 498, 497, 496, 492, 489, 378, 412, 409, 408, 407, 403, 401, 396, 390, 385, 414, 373, 368, 364, 359, 356, 350, 348, 347, 434, 450, 449, 448, 446, 444, 443, 441, 440, 439, 536, 432, 429, 427, 421, 419, 417, 416, 415, 651, 673, 669, 668, 667, 666, 658, 657, 656, 653, 676, 650, 647, 641, 640, 639, 638, 633, 628, 691, 705, 702, 701, 699, 698, 697, 696, 695, 694, 627, 689, 688, 686, 685, 683, 681, 680, 679, 556, 582, 581, 580, 578, 573, 571, 570, 566, 558, 584, 548], "same_set_saved_d_sum": 0.10552701714526251, "scorer_seconds": 0.5486966073513031}[32m [repeated 18x across cluster][0m
[36m(AuthorRewardCurveWorker pid=114960)[0m TEXTCRAFT_AUTHOR_REWARD_CURVE {"phase": "author_curve_complete", "rank": 0, "pid": 114960, "completed_cases": 2, "native_forward_calls": 105, "unix": 1791259752.1373699, "case_index": 2, "traj_uid": "7dcdb0d2-e119-4cf5-acdb-5f16741fb08b", "view": "positive_MAS", "score_seconds": 11.59566530957818, "seconds": 12.565463952720165, "native_score_calls": 21}
[36m(AuthorRewardCurveWorker pid=114960)[0m TEXTCRAFT_AUTHOR_REWARD_CURVE {"phase": "author_curve_begin", "rank": 0, "pid": 114960, "completed_cases": 2, "native_forward_calls": 105, "unix": 1791259752.146939, "case_index": 2, "traj_uid": "7dcdb0d2-e119-4cf5-acdb-5f16741fb08b", "view": "signed_RISE", "score_seconds": 11.59566530957818, "score_points": 21}
[36m(AuthorRewardCurveWorker pid=114960)[0m TEXTCRAFT_AUTHOR_REWARD_CURVE {"phase": "author_score_complete", "rank": 0, "pid": 114960, "completed_cases": 2, "native_forward_calls": 106, "unix": 1791259752.7818487, "case_index": 2, "traj_uid": "7dcdb0d2-e119-4cf5-acdb-5f16741fb08b", "view": "signed_RISE", "score_seconds": 12.184659224003553, "point_index": 0, "raw_logp": -0.18474933505058289, "author_deleted_source_indices": [], "author_current_group_source_indices": [], "author_deleted_input_positions": [], "same_set_saved_d_sum": 0.0, "scorer_seconds": 0.5891255624592304}
[36m(AuthorRewardCurveWorker pid=114960)[0m TEXTCRAFT_AUTHOR_REWARD_CURVE {"phase": "author_score_complete", "rank": 0, "pid": 114960, "completed_cases": 2, "native_forward_calls": 107, "unix": 1791259753.3860533, "case_index": 2, "traj_uid": "7dcdb0d2-e119-4cf5-acdb-5f16741fb08b", "view": "signed_RISE", "score_seconds": 12.739616699516773, "point_index": 1, "raw_logp": -0.27746567130088806, "author_deleted_source_indices": [319, 12, 8, 10, 0, 7, 315, 1, 271, 4, 6, 318, 474, 18, 35, 59, 160, 452, 317, 148, 337, 231, 9, 20, 429, 234], "author_current_group_source_indices": [319, 12, 8, 10, 0, 7, 315, 1, 271, 4, 6, 318, 474, 18, 35, 59, 160, 452, 317, 148, 337, 231, 9, 20, 429, 234], "author_deleted_input_positions": [664, 357, 353, 355, 345, 352, 660, 346, 616, 349, 351, 663, 819, 363, 380, 404, 505, 797, 662, 493, 682, 576, 354, 365, 774, 579], "same_set_saved_d_sum": 0.12426571849566855, "scorer_seconds": 0.5550884306430817}
[36m(AuthorRewardCurveWorker pid=116402)[0m TEXTCRAFT_AUTHOR_REWARD_CURVE {"phase": "author_score_complete", "rank": 1, "pid": 116402, "completed_cases": 2, "native_forward_calls": 105, "unix": 1791259752.2471337, "case_index": 2, "traj_uid": "cb93c6fa-c0c7-42b2-b1c0-44abb7efdbc2", "view": "positive_MAS", "score_seconds": 8.982401426881552, "point_index": 20, "raw_logp": -0.1439729481935501, "author_deleted_source_indices": [4, 89, 8, 9, 5, 107, 105, 86, 70, 90, 42, 93, 77, 79, 16, 11, 103, 73, 111, 51, 26, 47, 45, 91, 43, 18, 64, 23, 30, 95, 7, 81, 25, 33, 106, 109, 50, 52, 63, 31, 97, 10, 94, 61, 102, 57, 15, 54, 49, 36, 56, 46, 13, 67, 55, 110, 74, 88, 6, 37, 92, 87, 40, 83, 108, 29, 84, 82, 99, 85, 96, 98, 59, 100, 101, 104, 112, 113, 114, 115, 116, 117, 21, 38, 35, 34, 32, 28, 27, 24, 22, 39, 20, 19, 17, 14, 12, 3, 2, 1, 65, 78, 76, 75, 72, 71, 69, 68, 66, 80, 62, 60, 0, 58, 53, 48, 44, 41], "author_current_group_source_indices": [58, 53, 48, 44, 41], "author_deleted_input_positions": [462, 547, 466, 467, 463, 565, 563, 544, 528, 548, 500, 551, 535, 537, 474, 469, 561, 531, 569, 509, 484, 505, 503, 549, 501, 476, 522, 481, 488, 553, 465, 539, 483, 491, 564, 567, 508, 510, 521, 489, 555, 468, 552, 519, 560, 515, 473, 512, 507, 494, 514, 504, 471, 525, 513, 568, 532, 546, 464, 495, 550, 545, 498, 541, 566, 487, 542, 540, 557, 543, 554, 556, 517, 558, 559, 562, 570, 571, 572, 573, 574, 575, 479, 496, 493, 492, 490, 486, 485, 482, 480, 497, 478, 477, 475, 472, 470, 461, 460, 459, 523, 536, 534, 533, 530, 529, 527, 526, 524, 538, 520, 518, 458, 516, 511, 506, 502, 499], "same_set_saved_d_sum": -0.1831681303917671, "scorer_seconds": 0.426289826631546}[32m [repeated 3x across cluster][0m
[36m(AuthorRewardCurveWorker pid=116402)[0m TEXTCRAFT_AUTHOR_REWARD_CURVE {"phase": "author_curve_complete", "rank": 1, "pid": 116402, "completed_cases": 2, "native_forward_calls": 105, "unix": 1791259752.2759328, "case_index": 2, "traj_uid": "cb93c6fa-c0c7-42b2-b1c0-44abb7efdbc2", "view": "positive_MAS", "score_seconds": 8.982401426881552, "seconds": 12.538665056228638, "native_score_calls": 21}
[36m(AuthorRewardCurveWorker pid=116402)[0m TEXTCRAFT_AUTHOR_REWARD_CURVE {"phase": "author_curve_begin", "rank": 1, "pid": 116402, "completed_cases": 2, "native_forward_calls": 105, "unix": 1791259752.3038418, "case_index": 2, "traj_uid": "cb93c6fa-c0c7-42b2-b1c0-44abb7efdbc2", "view": "signed_RISE", "score_seconds": 8.982401426881552, "score_points": 21}
[36m(AuthorRewardCurveWorker pid=116402)[0m TEXTCRAFT_AUTHOR_REWARD_CURVE {"phase": "author_score_complete", "rank": 1, "pid": 116402, "completed_cases": 2, "native_forward_calls": 106, "unix": 1791259752.9037902, "case_index": 2, "traj_uid": "cb93c6fa-c0c7-42b2-b1c0-44abb7efdbc2", "view": "signed_RISE", "score_seconds": 9.414281718432903, "point_index": 0, "raw_logp": -0.3268551528453827, "author_deleted_source_indices": [], "author_current_group_source_indices": [], "author_deleted_input_positions": [], "same_set_saved_d_sum": 0.0, "scorer_seconds": 0.43201734125614166}
[36m(AuthorRewardCurveWorker pid=114960)[0m TEXTCRAFT_AUTHOR_REWARD_CURVE {"phase": "author_score_complete", "rank": 0, "pid": 114960, "completed_cases": 2, "native_forward_calls": 116, "unix": 1791259758.8003466, "case_index": 2, "traj_uid": "7dcdb0d2-e119-4cf5-acdb-5f16741fb08b", "view": "signed_RISE", "score_seconds": 17.738234158605337, "point_index": 10, "raw_logp": -0.3109574615955353, "author_deleted_source_indices": [319, 12, 8, 10, 0, 7, 315, 1, 271, 4, 6, 318, 474, 18, 35, 59, 160, 452, 317, 148, 337, 231, 9, 20, 429, 234, 495, 141, 47, 184, 268, 270, 36, 22, 43, 399, 386, 61, 217, 83, 291, 50, 55, 366, 139, 136, 130, 115, 73, 430, 506, 32, 149, 428, 38, 223, 150, 391, 454, 359, 146, 102, 342, 260, 156, 31, 137, 21, 273, 285, 44, 333, 97, 355, 30, 253, 325, 497, 215, 269, 417, 17, 227, 280, 91, 88, 309, 249, 387, 320, 230, 92, 423, 463, 85, 158, 453, 100, 113, 507, 189, 206, 402, 316, 29, 171, 187, 262, 490, 279, 425, 370, 276, 53, 224, 202, 167, 468, 496, 476, 264, 86, 347, 173, 398, 327, 176, 388, 210, 46, 284, 307, 473, 456, 369, 272, 390, 166, 314, 198, 255, 60, 310, 65, 475, 222, 348, 258, 204, 447, 358, 292, 24, 465, 244, 339, 330, 503, 436, 229, 297, 504, 201, 80, 27, 205, 209, 57, 304, 164, 117, 247, 42, 216, 329, 467, 394, 155, 248, 240, 437, 81, 159, 488, 134, 135, 232, 207, 421, 404, 286, 381, 300, 39, 13, 441, 403, 107, 326, 251, 472, 220, 186, 407, 78, 427, 208, 393, 34, 192, 345, 278, 116, 48, 263, 110, 290, 90, 157, 26, 411, 145, 175, 238, 15, 395, 79, 54, 128, 188, 77, 471, 448, 481, 440, 373, 37, 163, 154, 66, 434, 482, 218, 41, 365, 392, 125, 254, 16, 212, 183, 301, 438, 161, 298, 470, 49, 68, 459, 75], "author_current_group_source_indices": [440, 373, 37, 163, 154, 66, 434, 482, 218, 41, 365, 392, 125, 254, 16, 212, 183, 301, 438, 161, 298, 470, 49, 68, 459, 75], "author_deleted_input_positions": [664, 357, 353, 355, 345, 352, 660, 346, 616, 349, 351, 663, 819, 363, 380, 404, 505, 797, 662, 493, 682, 576, 354, 365, 774, 579, 840, 486, 392, 529, 613, 615, 381, 367, 388, 744, 731, 406, 562, 428, 636, 395, 400, 711, 484, 481, 475, 460, 418, 775, 851, 377, 494, 773, 383, 568, 495, 736, 799, 704, 491, 447, 687, 605, 501, 376, 482, 366, 618, 630, 389, 678, 442, 700, 375, 598, 670, 842, 560, 614, 762, 362, 572, 625, 436, 433, 654, 594, 732, 665, 575, 437, 768, 808, 430, 503, 798, 445, 458, 852, 534, 551, 747, 661, 374, 516, 532, 607, 835, 624, 770, 715, 621, 398, 569, 547, 512, 813, 841, 821, 609, 431, 692, 518, 743, 672, 521, 733, 555, 391, 629, 652, 818, 801, 714, 617, 735, 511, 659, 543, 600, 405, 655, 410, 820, 567, 693, 603, 549, 792, 703, 637, 369, 810, 589, 684, 675, 848, 781, 574, 642, 849, 546, 425, 372, 550, 554, 402, 649, 509, 462, 592, 387, 561, 674, 812, 739, 500, 593, 585, 782, 426, 504, 833, 479, 480, 577, 552, 766, 749, 631, 726, 645, 384, 358, 786, 748, 452, 671, 596, 817, 565, 531, 752, 423, 772, 553, 738, 379, 537, 690, 623, 461, 393, 608, 455, 635, 435, 502, 371, 756, 490, 520, 583, 360, 740, 424, 399, 473, 533, 422, 816, 793, 826, 785, 718, 382, 508, 499, 411, 779, 827, 563, 386, 710, 737, 470, 599, 361, 557, 528, 646, 783, 506, 643, 815, 394, 413, 804, 420], "same_set_saved_d_sum": 0.3915925967328086, "scorer_seconds": 0.5561345592141151}[32m [repeated 18x across cluster][0m
[36m(AuthorRewardCurveWorker pid=114960)[0m TEXTCRAFT_AUTHOR_REWARD_CURVE {"phase": "author_score_complete", "rank": 0, "pid": 114960, "completed_cases": 2, "native_forward_calls": 125, "unix": 1791259764.2207158, "case_index": 2, "traj_uid": "7dcdb0d2-e119-4cf5-acdb-5f16741fb08b", "view": "signed_RISE", "score_seconds": 22.73723568022251, "point_index": 19, "raw_logp": -0.4163755476474762, "author_deleted_source_indices": [319, 12, 8, 10, 0, 7, 315, 1, 271, 4, 6, 318, 474, 18, 35, 59, 160, 452, 317, 148, 337, 231, 9, 20, 429, 234, 495, 141, 47, 184, 268, 270, 36, 22, 43, 399, 386, 61, 217, 83, 291, 50, 55, 366, 139, 136, 130, 115, 73, 430, 506, 32, 149, 428, 38, 223, 150, 391, 454, 359, 146, 102, 342, 260, 156, 31, 137, 21, 273, 285, 44, 333, 97, 355, 30, 253, 325, 497, 215, 269, 417, 17, 227, 280, 91, 88, 309, 249, 387, 320, 230, 92, 423, 463, 85, 158, 453, 100, 113, 507, 189, 206, 402, 316, 29, 171, 187, 262, 490, 279, 425, 370, 276, 53, 224, 202, 167, 468, 496, 476, 264, 86, 347, 173, 398, 327, 176, 388, 210, 46, 284, 307, 473, 456, 369, 272, 390, 166, 314, 198, 255, 60, 310, 65, 475, 222, 348, 258, 204, 447, 358, 292, 24, 465, 244, 339, 330, 503, 436, 229, 297, 504, 201, 80, 27, 205, 209, 57, 304, 164, 117, 247, 42, 216, 329, 467, 394, 155, 248, 240, 437, 81, 159, 488, 134, 135, 232, 207, 421, 404, 286, 381, 300, 39, 13, 441, 403, 107, 326, 251, 472, 220, 186, 407, 78, 427, 208, 393, 34, 192, 345, 278, 116, 48, 263, 110, 290, 90, 157, 26, 411, 145, 175, 238, 15, 395, 79, 54, 128, 188, 77, 471, 448, 481, 440, 373, 37, 163, 154, 66, 434, 482, 218, 41, 365, 392, 125, 254, 16, 212, 183, 301, 438, 161, 298, 470, 49, 68, 459, 75, 289, 168, 287, 486, 332, 303, 489, 127, 281, 389, 25, 214, 179, 119, 371, 123, 299, 52, 93, 219, 439, 512, 182, 415, 419, 151, 63, 131, 114, 147, 144, 267, 265, 282, 382, 357, 76, 64, 169, 200, 170, 350, 103, 58, 165, 464, 233, 111, 246, 311, 466, 322, 250, 239, 243, 460, 353, 178, 361, 256, 195, 385, 132, 62, 477, 444, 177, 324, 203, 69, 294, 153, 28, 172, 457, 351, 96, 352, 242, 259, 376, 138, 498, 225, 360, 194, 431, 377, 133, 185, 213, 409, 405, 84, 362, 435, 414, 33, 112, 95, 446, 245, 338, 416, 45, 501, 372, 494, 109, 323, 190, 432, 334, 455, 308, 252, 122, 343, 510, 354, 458, 274, 118, 450, 140, 74, 375, 228, 368, 94, 433, 331, 106, 349, 142, 143, 70, 422, 191, 288, 199, 124, 493, 126, 226, 426, 312, 396, 420, 418, 408, 196, 71, 211, 356, 89, 51, 384, 410, 378, 11, 502, 363, 321, 98, 478, 328, 193, 469, 241, 461, 380, 40, 346, 302, 344, 335, 400, 374, 162, 296, 152, 235, 367, 72, 306, 67, 443, 82, 257, 305, 445, 379, 120, 129, 180, 99, 23, 406, 412, 174, 479, 364, 101, 499, 181, 413, 397, 341, 19, 449, 491, 275, 336, 505, 197, 56, 383, 293, 87, 104, 313, 283, 340, 485, 424, 237, 295], "author_current_group_source_indices": [101, 499, 181, 413, 397, 341, 19, 449, 491, 275, 336, 505, 197, 56, 383, 293, 87, 104, 313, 283, 340, 485, 424, 237, 295], "author_deleted_input_positions": [664, 357, 353, 355, 345, 352, 660, 346, 616, 349, 351, 663, 819, 363, 380, 404, 505, 797, 662, 493, 682, 576, 354, 365, 774, 579, 840, 486, 392, 529, 613, 615, 381, 367, 388, 744, 731, 406, 562, 428, 636, 395, 400, 711, 484, 481, 475, 460, 418, 775, 851, 377, 494, 773, 383, 568, 495, 736, 799, 704, 491, 447, 687, 605, 501, 376, 482, 366, 618, 630, 389, 678, 442, 700, 375, 598, 670, 842, 560, 614, 762, 362, 572, 625, 436, 433, 654, 594, 732, 665, 575, 437, 768, 808, 430, 503, 798, 445, 458, 852, 534, 551, 747, 661, 374, 516, 532, 607, 835, 624, 770, 715, 621, 398, 569, 547, 512, 813, 841, 821, 609, 431, 692, 518, 743, 672, 521, 733, 555, 391, 629, 652, 818, 801, 714, 617, 735, 511, 659, 543, 600, 405, 655, 410, 820, 567, 693, 603, 549, 792, 703, 637, 369, 810, 589, 684, 675, 848, 781, 574, 642, 849, 546, 425, 372, 550, 554, 402, 649, 509, 462, 592, 387, 561, 674, 812, 739, 500, 593, 585, 782, 426, 504, 833, 479, 480, 577, 552, 766, 749, 631, 726, 645, 384, 358, 786, 748, 452, 671, 596, 817, 565, 531, 752, 423, 772, 553, 738, 379, 537, 690, 623, 461, 393, 608, 455, 635, 435, 502, 371, 756, 490, 520, 583, 360, 740, 424, 399, 473, 533, 422, 816, 793, 826, 785, 718, 382, 508, 499, 411, 779, 827, 563, 386, 710, 737, 470, 599, 361, 557, 528, 646, 783, 506, 643, 815, 394, 413, 804, 420, 634, 513, 632, 831, 677, 648, 834, 472, 626, 734, 370, 559, 524, 464, 716, 468, 644, 397, 438, 564, 784, 857, 527, 760, 764, 496, 408, 476, 459, 492, 489, 612, 610, 627, 727, 702, 421, 409, 514, 545, 515, 695, 448, 403, 510, 809, 578, 456, 591, 656, 811, 667, 595, 584, 588, 805, 698, 523, 706, 601, 540, 730, 477, 407, 822, 789, 522, 669, 548, 414, 639, 498, 373, 517, 802, 696, 441, 697, 587, 604, 721, 483, 843, 570, 705, 539, 776, 722, 478, 530, 558, 754, 750, 429, 707, 780, 759, 378, 457, 440, 791, 590, 683, 761, 390, 846, 717, 839, 454, 668, 535, 777, 679, 800, 653, 597, 467, 688, 855, 699, 803, 619, 463, 795, 485, 419, 720, 573, 713, 439, 778, 676, 451, 694, 487, 488, 415, 767, 536, 633, 544, 469, 838, 471, 571, 771, 657, 741, 765, 763, 753, 541, 416, 556, 701, 434, 396, 729, 755, 723, 356, 847, 708, 666, 443, 823, 673, 538, 814, 586, 806, 725, 385, 691, 647, 689, 680, 745, 719, 507, 641, 497, 580, 712, 417, 651, 412, 788, 427, 602, 650, 790, 724, 465, 474, 525, 444, 368, 751, 757, 519, 824, 709, 446, 844, 526, 758, 742, 686, 364, 794, 836, 620, 681, 850, 542, 401, 728, 638, 432, 449, 658, 628, 685, 830, 769, 582, 640], "same_set_saved_d_sum": 0.20043441836132825, "scorer_seconds": 0.5627145953476429}[32m [repeated 18x across cluster][0m
[36m(AuthorRewardCurveWorker pid=114960)[0m TEXTCRAFT_AUTHOR_REWARD_CURVE {"phase": "author_curve_complete", "rank": 0, "pid": 114960, "completed_cases": 2, "native_forward_calls": 126, "unix": 1791259764.8382847, "case_index": 2, "traj_uid": "7dcdb0d2-e119-4cf5-acdb-5f16741fb08b", "view": "signed_RISE", "score_seconds": 23.296182963997126, "seconds": 12.681523736566305, "native_score_calls": 21}
[36m(AuthorRewardCurveWorker pid=114960)[0m TEXTCRAFT_AUTHOR_REWARD_CURVE {"phase": "author_case_complete", "rank": 0, "pid": 114960, "completed_cases": 3, "native_forward_calls": 126, "unix": 1791259765.0251157, "last_seconds": 25.29746413603425}
[36m(AuthorRewardCurveWorker pid=114960)[0m TEXTCRAFT_AUTHOR_REWARD_CURVE {"phase": "author_case_begin", "rank": 0, "pid": 114960, "completed_cases": 3, "native_forward_calls": 126, "unix": 1791259765.048232, "case_index": 3, "traj_uid": "ea76b717-4cb5-4cac-b20f-cfb135b5839d"}
[36m(AuthorRewardCurveWorker pid=114960)[0m TEXTCRAFT_AUTHOR_REWARD_CURVE {"phase": "author_curve_begin", "rank": 0, "pid": 114960, "completed_cases": 3, "native_forward_calls": 126, "unix": 1791259765.0733647, "case_index": 3, "traj_uid": "ea76b717-4cb5-4cac-b20f-cfb135b5839d", "view": "positive_MAS", "score_seconds": 0, "score_points": 21}
[36m(AuthorRewardCurveWorker pid=114960)[0m TEXTCRAFT_AUTHOR_REWARD_CURVE {"phase": "author_score_complete", "rank": 0, "pid": 114960, "completed_cases": 3, "native_forward_calls": 127, "unix": 1791259765.8107958, "case_index": 3, "traj_uid": "ea76b717-4cb5-4cac-b20f-cfb135b5839d", "view": "positive_MAS", "score_seconds": 0.6053638979792595, "point_index": 0, "raw_logp": -0.22460447251796722, "author_deleted_source_indices": [], "author_current_group_source_indices": [], "author_deleted_input_positions": [], "same_set_saved_d_sum": 0.0, "scorer_seconds": 0.6055031418800354}
[36m(AuthorRewardCurveWorker pid=114960)[0m TEXTCRAFT_AUTHOR_REWARD_CURVE {"phase": "author_score_complete", "rank": 0, "pid": 114960, "completed_cases": 3, "native_forward_calls": 128, "unix": 1791259766.4497373, "case_index": 3, "traj_uid": "ea76b717-4cb5-4cac-b20f-cfb135b5839d", "view": "positive_MAS", "score_seconds": 1.1155942492187023, "point_index": 1, "raw_logp": -0.31364765763282776, "author_deleted_source_indices": [495, 41, 469, 9, 36, 39, 236, 230, 48, 468, 501, 474, 37, 77, 133, 73, 494, 275, 497, 34, 24, 466, 345, 190, 57, 33], "author_current_group_source_indices": [495, 41, 469, 9, 36, 39, 236, 230, 48, 468, 501, 474, 37, 77, 133, 73, 494, 275, 497, 34, 24, 466, 345, 190, 57, 33], "author_deleted_input_positions": [1138, 684, 1112, 652, 679, 682, 879, 873, 691, 1111, 1144, 1117, 680, 720, 776, 716, 1137, 918, 1140, 677, 667, 1109, 988, 833, 700, 676], "same_set_saved_d_sum": 0.10706269011548776, "scorer_seconds": 0.5103783868253231}
[36m(AuthorRewardCurveWorker pid=116402)[0m TEXTCRAFT_AUTHOR_REWARD_CURVE {"phase": "author_score_complete", "rank": 1, "pid": 116402, "completed_cases": 2, "native_forward_calls": 126, "unix": 1791259764.947391, "case_index": 2, "traj_uid": "cb93c6fa-c0c7-42b2-b1c0-44abb7efdbc2", "view": "signed_RISE", "score_seconds": 18.083809673786163, "point_index": 20, "raw_logp": -0.1439729481935501, "author_deleted_source_indices": [4, 89, 8, 9, 5, 107, 105, 86, 70, 90, 42, 93, 77, 79, 16, 11, 103, 73, 111, 51, 26, 47, 45, 91, 43, 18, 64, 23, 30, 95, 7, 81, 25, 33, 106, 109, 50, 52, 63, 31, 97, 10, 94, 61, 102, 57, 15, 54, 49, 36, 56, 46, 13, 67, 55, 110, 74, 88, 6, 37, 92, 87, 40, 83, 108, 29, 117, 68, 62, 96, 24, 72, 17, 76, 14, 78, 60, 41, 44, 27, 82, 69, 75, 19, 12, 59, 34, 71, 28, 53, 48, 22, 32, 80, 21, 66, 65, 38, 84, 104, 98, 113, 20, 115, 35, 114, 85, 39, 101, 100, 99, 58, 112, 116, 2, 1, 0, 3], "author_current_group_source_indices": [116, 2, 1, 0, 3], "author_deleted_input_positions": [462, 547, 466, 467, 463, 565, 563, 544, 528, 548, 500, 551, 535, 537, 474, 469, 561, 531, 569, 509, 484, 505, 503, 549, 501, 476, 522, 481, 488, 553, 465, 539, 483, 491, 564, 567, 508, 510, 521, 489, 555, 468, 552, 519, 560, 515, 473, 512, 507, 494, 514, 504, 471, 525, 513, 568, 532, 546, 464, 495, 550, 545, 498, 541, 566, 487, 575, 526, 520, 554, 482, 530, 475, 534, 472, 536, 518, 499, 502, 485, 540, 527, 533, 477, 470, 517, 492, 529, 486, 511, 506, 480, 490, 538, 479, 524, 523, 496, 542, 562, 556, 571, 478, 573, 493, 572, 543, 497, 559, 558, 557, 516, 570, 574, 460, 459, 458, 461], "same_set_saved_d_sum": -0.1831681303917671, "scorer_seconds": 0.43430571630597115}[32m [repeated 3x across cluster][0m
[36m(AuthorRewardCurveWorker pid=116402)[0m TEXTCRAFT_AUTHOR_REWARD_CURVE {"phase": "author_curve_complete", "rank": 1, "pid": 116402, "completed_cases": 2, "native_forward_calls": 126, "unix": 1791259764.9757965, "case_index": 2, "traj_uid": "cb93c6fa-c0c7-42b2-b1c0-44abb7efdbc2", "view": "signed_RISE", "score_seconds": 18.083809673786163, "seconds": 12.64403946697712, "native_score_calls": 21}
[36m(AuthorRewardCurveWorker pid=116402)[0m TEXTCRAFT_AUTHOR_REWARD_CURVE {"phase": "author_case_complete", "rank": 1, "pid": 116402, "completed_cases": 3, "native_forward_calls": 126, "unix": 1791259765.1675713, "last_seconds": 25.326066497713327}
[36m(AuthorRewardCurveWorker pid=116402)[0m TEXTCRAFT_AUTHOR_REWARD_CURVE {"phase": "author_case_begin", "rank": 1, "pid": 116402, "completed_cases": 3, "native_forward_calls": 126, "unix": 1791259765.198008, "case_index": 3, "traj_uid": "a4c5e0e3-3752-4fff-be74-4594236f7eb0"}
[36m(AuthorRewardCurveWorker pid=116402)[0m TEXTCRAFT_AUTHOR_REWARD_CURVE {"phase": "author_curve_begin", "rank": 1, "pid": 116402, "completed_cases": 3, "native_forward_calls": 126, "unix": 1791259765.228477, "case_index": 3, "traj_uid": "a4c5e0e3-3752-4fff-be74-4594236f7eb0", "view": "positive_MAS", "score_seconds": 0, "score_points": 21}
[36m(AuthorRewardCurveWorker pid=116402)[0m TEXTCRAFT_AUTHOR_REWARD_CURVE {"phase": "author_score_complete", "rank": 1, "pid": 116402, "completed_cases": 3, "native_forward_calls": 127, "unix": 1791259765.8700335, "case_index": 3, "traj_uid": "a4c5e0e3-3752-4fff-be74-4594236f7eb0", "view": "positive_MAS", "score_seconds": 0.44960320368409157, "point_index": 0, "raw_logp": -0.2159641534090042, "author_deleted_source_indices": [], "author_current_group_source_indices": [], "author_deleted_input_positions": [], "same_set_saved_d_sum": 0.0, "scorer_seconds": 0.4497510455548763}
[36m(AuthorRewardCurveWorker pid=114960)[0m TEXTCRAFT_AUTHOR_REWARD_CURVE {"phase": "author_score_complete", "rank": 0, "pid": 114960, "completed_cases": 3, "native_forward_calls": 136, "unix": 1791259771.6139207, "case_index": 3, "traj_uid": "ea76b717-4cb5-4cac-b20f-cfb135b5839d", "view": "positive_MAS", "score_seconds": 5.229187708348036, "point_index": 9, "raw_logp": -0.3135351538658142, "author_deleted_source_indices": [495, 41, 469, 9, 36, 39, 236, 230, 48, 468, 501, 474, 37, 77, 133, 73, 494, 275, 497, 34, 24, 466, 345, 190, 57, 33, 145, 423, 32, 189, 363, 319, 158, 480, 404, 445, 136, 399, 137, 203, 209, 30, 74, 152, 479, 330, 211, 394, 498, 312, 276, 6, 320, 176, 358, 170, 210, 181, 420, 326, 38, 112, 227, 63, 403, 14, 19, 493, 66, 192, 287, 150, 309, 23, 471, 20, 278, 151, 216, 148, 141, 249, 100, 321, 424, 441, 352, 61, 256, 510, 4, 104, 143, 247, 419, 206, 184, 266, 279, 482, 435, 111, 381, 60, 470, 395, 208, 217, 197, 316, 344, 10, 244, 323, 356, 289, 460, 462, 35, 322, 232, 67, 260, 179, 347, 180, 226, 71, 59, 377, 90, 101, 15, 123, 291, 124, 207, 229, 412, 95, 68, 237, 311, 149, 282, 70, 178, 97, 336, 129, 26, 508, 220, 361, 245, 389, 343, 458, 119, 76, 47, 135, 204, 350, 160, 397, 391, 251, 21, 264, 328, 45, 294, 142, 99, 116, 298, 380, 182, 163, 379, 293, 114, 280, 248, 414, 373, 92, 202, 79, 81, 98, 338, 130, 118, 346, 205, 134, 385, 392, 65, 472, 431, 332, 393, 140, 94, 146, 262, 337, 386, 411, 451, 147, 43, 409, 283, 292, 156, 354, 277, 128, 422, 310, 359, 436, 281, 376, 80, 464, 439, 55, 454, 387], "author_current_group_source_indices": [262, 337, 386, 411, 451, 147, 43, 409, 283, 292, 156, 354, 277, 128, 422, 310, 359, 436, 281, 376, 80, 464, 439, 55, 454, 387], "author_deleted_input_positions": [1138, 684, 1112, 652, 679, 682, 879, 873, 691, 1111, 1144, 1117, 680, 720, 776, 716, 1137, 918, 1140, 677, 667, 1109, 988, 833, 700, 676, 788, 1066, 675, 832, 1006, 962, 801, 1123, 1047, 1088, 779, 1042, 780, 846, 852, 673, 717, 795, 1122, 973, 854, 1037, 1141, 955, 919, 649, 963, 819, 1001, 813, 853, 824, 1063, 969, 681, 755, 870, 706, 1046, 657, 662, 1136, 709, 835, 930, 793, 952, 666, 1114, 663, 921, 794, 859, 791, 784, 892, 743, 964, 1067, 1084, 995, 704, 899, 1153, 647, 747, 786, 890, 1062, 849, 827, 909, 922, 1125, 1078, 754, 1024, 703, 1113, 1038, 851, 860, 840, 959, 987, 653, 887, 966, 999, 932, 1103, 1105, 678, 965, 875, 710, 903, 822, 990, 823, 869, 714, 702, 1020, 733, 744, 658, 766, 934, 767, 850, 872, 1055, 738, 711, 880, 954, 792, 925, 713, 821, 740, 979, 772, 669, 1151, 863, 1004, 888, 1032, 986, 1101, 762, 719, 690, 778, 847, 993, 803, 1040, 1034, 894, 664, 907, 971, 688, 937, 785, 742, 759, 941, 1023, 825, 806, 1022, 936, 757, 923, 891, 1057, 1016, 735, 845, 722, 724, 741, 981, 773, 761, 989, 848, 777, 1028, 1035, 708, 1115, 1074, 975, 1036, 783, 737, 789, 905, 980, 1029, 1054, 1094, 790, 686, 1052, 926, 935, 799, 997, 920, 771, 1065, 953, 1002, 1079, 924, 1019, 723, 1107, 1082, 698, 1097, 1030], "same_set_saved_d_sum": 0.30939082812823465, "scorer_seconds": 0.5025647468864918}[32m [repeated 16x across cluster][0m
[36m(AuthorRewardCurveWorker pid=114960)[0m TEXTCRAFT_AUTHOR_REWARD_CURVE {"phase": "author_score_complete", "rank": 0, "pid": 114960, "completed_cases": 3, "native_forward_calls": 144, "unix": 1791259776.7520154, "case_index": 3, "traj_uid": "ea76b717-4cb5-4cac-b20f-cfb135b5839d", "view": "positive_MAS", "score_seconds": 9.323691997677088, "point_index": 17, "raw_logp": -0.23886200785636902, "author_deleted_source_indices": [495, 41, 469, 9, 36, 39, 236, 230, 48, 468, 501, 474, 37, 77, 133, 73, 494, 275, 497, 34, 24, 466, 345, 190, 57, 33, 145, 423, 32, 189, 363, 319, 158, 480, 404, 445, 136, 399, 137, 203, 209, 30, 74, 152, 479, 330, 211, 394, 498, 312, 276, 6, 320, 176, 358, 170, 210, 181, 420, 326, 38, 112, 227, 63, 403, 14, 19, 493, 66, 192, 287, 150, 309, 23, 471, 20, 278, 151, 216, 148, 141, 249, 100, 321, 424, 441, 352, 61, 256, 510, 4, 104, 143, 247, 419, 206, 184, 266, 279, 482, 435, 111, 381, 60, 470, 395, 208, 217, 197, 316, 344, 10, 244, 323, 356, 289, 460, 462, 35, 322, 232, 67, 260, 179, 347, 180, 226, 71, 59, 377, 90, 101, 15, 123, 291, 124, 207, 229, 412, 95, 68, 237, 311, 149, 282, 70, 178, 97, 336, 129, 26, 508, 220, 361, 245, 389, 343, 458, 119, 76, 47, 135, 204, 350, 160, 397, 391, 251, 21, 264, 328, 45, 294, 142, 99, 116, 298, 380, 182, 163, 379, 293, 114, 280, 248, 414, 373, 92, 202, 79, 81, 98, 338, 130, 118, 346, 205, 134, 385, 392, 65, 472, 431, 332, 393, 140, 94, 146, 262, 337, 386, 411, 451, 147, 43, 409, 283, 292, 156, 354, 277, 128, 422, 310, 359, 436, 281, 376, 80, 464, 439, 55, 454, 387, 50, 120, 299, 305, 161, 195, 339, 255, 315, 335, 475, 257, 456, 173, 167, 69, 367, 219, 290, 370, 457, 426, 233, 153, 171, 333, 96, 327, 106, 355, 306, 382, 253, 110, 371, 131, 261, 263, 258, 351, 429, 400, 85, 7, 84, 450, 509, 511, 0, 362, 372, 512, 453, 374, 491, 505, 504, 500, 369, 499, 496, 368, 375, 503, 364, 506, 507, 502, 492, 366, 365, 378, 433, 417, 418, 421, 467, 465, 425, 463, 461, 459, 427, 428, 430, 432, 416, 434, 437, 438, 455, 440, 442, 443, 444, 446, 447, 448, 449, 452, 481, 383, 384, 388, 489, 488, 487, 390, 486, 485, 484, 483, 396, 398, 490, 401, 402, 478, 405, 406, 477, 407, 408, 410, 476, 473, 413, 415, 109, 132, 127, 126, 125, 122, 121, 117, 115, 113, 138, 108, 107, 105, 103, 102, 93, 91, 89, 165, 185, 183, 177, 175, 174, 172, 169, 168, 166, 88, 164, 162, 159, 157, 155, 154, 144, 139, 16, 40, 31, 29, 28, 27, 25, 22, 18, 17, 42, 13, 12, 11, 8, 5, 3, 2, 1, 58, 87, 86, 83, 82, 78, 75, 72, 64, 62, 186, 56, 54, 53, 52, 51, 49, 46, 44], "author_current_group_source_indices": [11, 8, 5, 3, 2, 1, 58, 87, 86, 83, 82, 78, 75, 72, 64, 62, 186, 56, 54, 53, 52, 51, 49, 46, 44], "author_deleted_input_positions": [1138, 684, 1112, 652, 679, 682, 879, 873, 691, 1111, 1144, 1117, 680, 720, 776, 716, 1137, 918, 1140, 677, 667, 1109, 988, 833, 700, 676, 788, 1066, 675, 832, 1006, 962, 801, 1123, 1047, 1088, 779, 1042, 780, 846, 852, 673, 717, 795, 1122, 973, 854, 1037, 1141, 955, 919, 649, 963, 819, 1001, 813, 853, 824, 1063, 969, 681, 755, 870, 706, 1046, 657, 662, 1136, 709, 835, 930, 793, 952, 666, 1114, 663, 921, 794, 859, 791, 784, 892, 743, 964, 1067, 1084, 995, 704, 899, 1153, 647, 747, 786, 890, 1062, 849, 827, 909, 922, 1125, 1078, 754, 1024, 703, 1113, 1038, 851, 860, 840, 959, 987, 653, 887, 966, 999, 932, 1103, 1105, 678, 965, 875, 710, 903, 822, 990, 823, 869, 714, 702, 1020, 733, 744, 658, 766, 934, 767, 850, 872, 1055, 738, 711, 880, 954, 792, 925, 713, 821, 740, 979, 772, 669, 1151, 863, 1004, 888, 1032, 986, 1101, 762, 719, 690, 778, 847, 993, 803, 1040, 1034, 894, 664, 907, 971, 688, 937, 785, 742, 759, 941, 1023, 825, 806, 1022, 936, 757, 923, 891, 1057, 1016, 735, 845, 722, 724, 741, 981, 773, 761, 989, 848, 777, 1028, 1035, 708, 1115, 1074, 975, 1036, 783, 737, 789, 905, 980, 1029, 1054, 1094, 790, 686, 1052, 926, 935, 799, 997, 920, 771, 1065, 953, 1002, 1079, 924, 1019, 723, 1107, 1082, 698, 1097, 1030, 693, 763, 942, 948, 804, 838, 982, 898, 958, 978, 1118, 900, 1099, 816, 810, 712, 1010, 862, 933, 1013, 1100, 1069, 876, 796, 814, 976, 739, 970, 749, 998, 949, 1025, 896, 753, 1014, 774, 904, 906, 901, 994, 1072, 1043, 728, 650, 727, 1093, 1152, 1154, 643, 1005, 1015, 1155, 1096, 1017, 1134, 1148, 1147, 1143, 1012, 1142, 1139, 1011, 1018, 1146, 1007, 1149, 1150, 1145, 1135, 1009, 1008, 1021, 1076, 1060, 1061, 1064, 1110, 1108, 1068, 1106, 1104, 1102, 1070, 1071, 1073, 1075, 1059, 1077, 1080, 1081, 1098, 1083, 1085, 1086, 1087, 1089, 1090, 1091, 1092, 1095, 1124, 1026, 1027, 1031, 1132, 1131, 1130, 1033, 1129, 1128, 1127, 1126, 1039, 1041, 1133, 1044, 1045, 1121, 1048, 1049, 1120, 1050, 1051, 1053, 1119, 1116, 1056, 1058, 752, 775, 770, 769, 768, 765, 764, 760, 758, 756, 781, 751, 750, 748, 746, 745, 736, 734, 732, 808, 828, 826, 820, 818, 817, 815, 812, 811, 809, 731, 807, 805, 802, 800, 798, 797, 787, 782, 659, 683, 674, 672, 671, 670, 668, 665, 661, 660, 685, 656, 655, 654, 651, 648, 646, 645, 644, 701, 730, 729, 726, 725, 721, 718, 715, 707, 705, 829, 699, 697, 696, 695, 694, 692, 689, 687], "same_set_saved_d_sum": 0.018264627872337843, "scorer_seconds": 0.5121310390532017}[32m [repeated 16x across cluster][0m
[36m(AuthorRewardCurveWorker pid=114960)[0m TEXTCRAFT_AUTHOR_REWARD_CURVE {"phase": "author_curve_complete", "rank": 0, "pid": 114960, "completed_cases": 3, "native_forward_calls": 147, "unix": 1791259778.705437, "case_index": 3, "traj_uid": "ea76b717-4cb5-4cac-b20f-cfb135b5839d", "view": "positive_MAS", "score_seconds": 10.86737234517932, "seconds": 13.608269788324833, "native_score_calls": 21}
[36m(AuthorRewardCurveWorker pid=114960)[0m TEXTCRAFT_AUTHOR_REWARD_CURVE {"phase": "author_curve_begin", "rank": 0, "pid": 114960, "completed_cases": 3, "native_forward_calls": 147, "unix": 1791259778.7275765, "case_index": 3, "traj_uid": "ea76b717-4cb5-4cac-b20f-cfb135b5839d", "view": "signed_RISE", "score_seconds": 10.86737234517932, "score_points": 21}
[36m(AuthorRewardCurveWorker pid=114960)[0m TEXTCRAFT_AUTHOR_REWARD_CURVE {"phase": "author_score_complete", "rank": 0, "pid": 114960, "completed_cases": 3, "native_forward_calls": 148, "unix": 1791259779.3841248, "case_index": 3, "traj_uid": "ea76b717-4cb5-4cac-b20f-cfb135b5839d", "view": "signed_RISE", "score_seconds": 11.396575964987278, "point_index": 0, "raw_logp": -0.22460447251796722, "author_deleted_source_indices": [], "author_current_group_source_indices": [], "author_deleted_input_positions": [], "same_set_saved_d_sum": 0.0, "scorer_seconds": 0.5293346308171749}
[36m(AuthorRewardCurveWorker pid=114960)[0m TEXTCRAFT_AUTHOR_REWARD_CURVE {"phase": "author_score_complete", "rank": 0, "pid": 114960, "completed_cases": 3, "native_forward_calls": 149, "unix": 1791259780.0229893, "case_index": 3, "traj_uid": "ea76b717-4cb5-4cac-b20f-cfb135b5839d", "view": "signed_RISE", "score_seconds": 11.905009862035513, "point_index": 1, "raw_logp": -0.31364765763282776, "author_deleted_source_indices": [495, 41, 469, 9, 36, 39, 236, 230, 48, 468, 501, 474, 37, 77, 133, 73, 494, 275, 497, 34, 24, 466, 345, 190, 57, 33], "author_current_group_source_indices": [495, 41, 469, 9, 36, 39, 236, 230, 48, 468, 501, 474, 37, 77, 133, 73, 494, 275, 497, 34, 24, 466, 345, 190, 57, 33], "author_deleted_input_positions": [1138, 684, 1112, 652, 679, 682, 879, 873, 691, 1111, 1144, 1117, 680, 720, 776, 716, 1137, 918, 1140, 677, 667, 1109, 988, 833, 700, 676], "same_set_saved_d_sum": 0.10706269011548776, "scorer_seconds": 0.5085703991353512}
[36m(AuthorRewardCurveWorker pid=116402)[0m TEXTCRAFT_AUTHOR_REWARD_CURVE {"phase": "author_score_complete", "rank": 1, "pid": 116402, "completed_cases": 3, "native_forward_calls": 147, "unix": 1791259778.7440968, "case_index": 3, "traj_uid": "a4c5e0e3-3752-4fff-be74-4594236f7eb0", "view": "positive_MAS", "score_seconds": 9.442397687584162, "point_index": 20, "raw_logp": -0.1793183833360672, "author_deleted_source_indices": [1, 482, 241, 15, 154, 228, 370, 13, 190, 446, 27, 498, 191, 376, 103, 21, 501, 367, 399, 431, 459, 321, 453, 8, 402, 412, 203, 354, 318, 20, 295, 486, 352, 193, 55, 400, 232, 16, 460, 23, 345, 158, 326, 95, 104, 438, 265, 7, 324, 66, 33, 196, 359, 71, 126, 78, 426, 17, 372, 267, 222, 323, 204, 375, 308, 24, 38, 207, 151, 341, 163, 211, 37, 127, 343, 382, 18, 427, 411, 302, 491, 62, 159, 301, 233, 327, 422, 283, 428, 269, 240, 174, 237, 404, 123, 288, 83, 455, 19, 391, 181, 152, 418, 414, 451, 45, 224, 12, 420, 243, 344, 137, 278, 197, 481, 235, 93, 475, 0, 419, 60, 264, 63, 432, 107, 47, 507, 100, 189, 165, 94, 449, 467, 236, 49, 205, 97, 473, 293, 387, 340, 65, 339, 67, 120, 346, 274, 84, 332, 407, 304, 329, 244, 30, 140, 25, 64, 198, 374, 171, 441, 392, 317, 290, 280, 51, 251, 452, 42, 364, 89, 48, 256, 263, 101, 417, 397, 298, 268, 147, 32, 119, 135, 202, 257, 155, 335, 413, 470, 115, 22, 311, 138, 167, 313, 403, 439, 325, 40, 44, 314, 85, 29, 114, 276, 201, 192, 145, 164, 143, 50, 434, 463, 448, 248, 209, 395, 320, 144, 106, 177, 350, 208, 234, 90, 245, 35, 142, 124, 334, 366, 122, 286, 239, 373, 371, 462, 226, 41, 297, 260, 294, 279, 424, 199, 249, 425, 310, 111, 464, 401, 316, 483, 447, 121, 458, 405, 188, 175, 445, 409, 342, 289, 58, 242, 86, 377, 472, 421, 416, 56, 54, 53, 442, 74, 79, 77, 378, 379, 380, 381, 76, 383, 384, 385, 386, 75, 388, 389, 390, 415, 73, 393, 394, 396, 398, 72, 70, 69, 68, 406, 61, 408, 410, 59, 57, 487, 495, 494, 493, 492, 5, 490, 489, 488, 496, 6, 485, 484, 9, 10, 480, 479, 478, 504, 512, 511, 510, 509, 508, 2, 506, 505, 477, 503, 502, 3, 500, 499, 4, 497, 436, 450, 36, 444, 443, 98, 39, 440, 437, 34, 435, 433, 43, 430, 429, 46, 423, 465, 476, 11, 474, 14, 471, 469, 468, 466, 52, 461, 26, 28, 457, 456, 454, 31, 229, 247, 246, 139, 141, 238, 146, 231, 230, 250, 148, 227, 225, 149, 223, 150, 221, 220, 261, 271, 270, 131, 132, 266, 133, 134, 262, 219, 259, 258, 255, 254, 253, 252, 136, 183, 194, 166, 168, 169, 187, 186, 185, 184, 195, 182, 170, 180, 179, 178, 176, 172, 210, 218, 217, 216, 215, 214, 213, 212, 153, 272, 206, 156, 157, 160, 200, 161, 162, 102, 349, 348, 347, 91, 92, 96, 173, 99, 351, 338, 337, 336, 333, 105, 331, 330, 328, 360, 81, 82, 369, 368, 365, 363, 362, 361, 108, 87, 358, 357, 356, 355, 88, 353, 282, 299, 296, 292, 291, 287, 285, 284, 125, 300, 281, 128, 129, 277, 275, 130, 273, 309, 109, 110, 322, 112, 319, 113, 315, 312, 80, 307, 306, 305, 116, 303, 117, 118], "author_current_group_source_indices": [300, 281, 128, 129, 277, 275, 130, 273, 309, 109, 110, 322, 112, 319, 113, 315, 312, 80, 307, 306, 305, 116, 303, 117, 118], "author_deleted_input_positions": [459, 940, 699, 473, 612, 686, 828, 471, 648, 904, 485, 956, 649, 834, 561, 479, 959, 825, 857, 889, 917, 779, 911, 466, 860, 870, 661, 812, 776, 478, 753, 944, 810, 651, 513, 858, 690, 474, 918, 481, 803, 616, 784, 553, 562, 896, 723, 465, 782, 524, 491, 654, 817, 529, 584, 536, 884, 475, 830, 725, 680, 781, 662, 833, 766, 482, 496, 665, 609, 799, 621, 669, 495, 585, 801, 840, 476, 885, 869, 760, 949, 520, 617, 759, 691, 785, 880, 741, 886, 727, 698, 632, 695, 862, 581, 746, 541, 913, 477, 849, 639, 610, 876, 872, 909, 503, 682, 470, 878, 701, 802, 595, 736, 655, 939, 693, 551, 933, 458, 877, 518, 722, 521, 890, 565, 505, 965, 558, 647, 623, 552, 907, 925, 694, 507, 663, 555, 931, 751, 845, 798, 523, 797, 525, 578, 804, 732, 542, 790, 865, 762, 787, 702, 488, 598, 483, 522, 656, 832, 629, 899, 850, 775, 748, 738, 509, 709, 910, 500, 822, 547, 506, 714, 721, 559, 875, 855, 756, 726, 605, 490, 577, 593, 660, 715, 613, 793, 871, 928, 573, 480, 769, 596, 625, 771, 861, 897, 783, 498, 502, 772, 543, 487, 572, 734, 659, 650, 603, 622, 601, 508, 892, 921, 906, 706, 667, 853, 778, 602, 564, 635, 808, 666, 692, 548, 703, 493, 600, 582, 792, 824, 580, 744, 697, 831, 829, 920, 684, 499, 755, 718, 752, 737, 882, 657, 707, 883, 768, 569, 922, 859, 774, 941, 905, 579, 916, 863, 646, 633, 903, 867, 800, 747, 516, 700, 544, 835, 930, 879, 874, 514, 512, 511, 900, 532, 537, 535, 836, 837, 838, 839, 534, 841, 842, 843, 844, 533, 846, 847, 848, 873, 531, 851, 852, 854, 856, 530, 528, 527, 526, 864, 519, 866, 868, 517, 515, 945, 953, 952, 951, 950, 463, 948, 947, 946, 954, 464, 943, 942, 467, 468, 938, 937, 936, 962, 970, 969, 968, 967, 966, 460, 964, 963, 935, 961, 960, 461, 958, 957, 462, 955, 894, 908, 494, 902, 901, 556, 497, 898, 895, 492, 893, 891, 501, 888, 887, 504, 881, 923, 934, 469, 932, 472, 929, 927, 926, 924, 510, 919, 484, 486, 915, 914, 912, 489, 687, 705, 704, 597, 599, 696, 604, 689, 688, 708, 606, 685, 683, 607, 681, 608, 679, 678, 719, 729, 728, 589, 590, 724, 591, 592, 720, 677, 717, 716, 713, 712, 711, 710, 594, 641, 652, 624, 626, 627, 645, 644, 643, 642, 653, 640, 628, 638, 637, 636, 634, 630, 668, 676, 675, 674, 673, 672, 671, 670, 611, 730, 664, 614, 615, 618, 658, 619, 620, 560, 807, 806, 805, 549, 550, 554, 631, 557, 809, 796, 795, 794, 791, 563, 789, 788, 786, 818, 539, 540, 827, 826, 823, 821, 820, 819, 566, 545, 816, 815, 814, 813, 546, 811, 740, 757, 754, 750, 749, 745, 743, 742, 583, 758, 739, 586, 587, 735, 733, 588, 731, 767, 567, 568, 780, 570, 777, 571, 773, 770, 538, 765, 764, 763, 574, 761, 575, 576], "same_set_saved_d_sum": -0.028395696842736764, "scorer_seconds": 0.4506412446498871}[32m [repeated 7x across cluster][0m
[36m(AuthorRewardCurveWorker pid=116402)[0m TEXTCRAFT_AUTHOR_REWARD_CURVE {"phase": "author_curve_complete", "rank": 1, "pid": 116402, "completed_cases": 3, "native_forward_calls": 147, "unix": 1791259778.7754338, "case_index": 3, "traj_uid": "a4c5e0e3-3752-4fff-be74-4594236f7eb0", "view": "positive_MAS", "score_seconds": 9.442397687584162, "seconds": 13.516174357384443, "native_score_calls": 21}
[36m(AuthorRewardCurveWorker pid=116402)[0m TEXTCRAFT_AUTHOR_REWARD_CURVE {"phase": "author_curve_begin", "rank": 1, "pid": 116402, "completed_cases": 3, "native_forward_calls": 147, "unix": 1791259778.8056684, "case_index": 3, "traj_uid": "a4c5e0e3-3752-4fff-be74-4594236f7eb0", "view": "signed_RISE", "score_seconds": 9.442397687584162, "score_points": 21}
[36m(AuthorRewardCurveWorker pid=116402)[0m TEXTCRAFT_AUTHOR_REWARD_CURVE {"phase": "author_score_complete", "rank": 1, "pid": 116402, "completed_cases": 3, "native_forward_calls": 148, "unix": 1791259779.445008, "case_index": 3, "traj_uid": "a4c5e0e3-3752-4fff-be74-4594236f7eb0", "view": "signed_RISE", "score_seconds": 9.893617942929268, "point_index": 0, "raw_logp": -0.2159641534090042, "author_deleted_source_indices": [], "author_current_group_source_indices": [], "author_deleted_input_positions": [], "same_set_saved_d_sum": 0.0, "scorer_seconds": 0.4513559676706791}
[36m(AuthorRewardCurveWorker pid=114960)[0m TEXTCRAFT_AUTHOR_REWARD_CURVE {"phase": "author_score_complete", "rank": 0, "pid": 114960, "completed_cases": 3, "native_forward_calls": 157, "unix": 1791259785.1465232, "case_index": 3, "traj_uid": "ea76b717-4cb5-4cac-b20f-cfb135b5839d", "view": "signed_RISE", "score_seconds": 15.99552820250392, "point_index": 9, "raw_logp": -0.3135351538658142, "author_deleted_source_indices": [495, 41, 469, 9, 36, 39, 236, 230, 48, 468, 501, 474, 37, 77, 133, 73, 494, 275, 497, 34, 24, 466, 345, 190, 57, 33, 145, 423, 32, 189, 363, 319, 158, 480, 404, 445, 136, 399, 137, 203, 209, 30, 74, 152, 479, 330, 211, 394, 498, 312, 276, 6, 320, 176, 358, 170, 210, 181, 420, 326, 38, 112, 227, 63, 403, 14, 19, 493, 66, 192, 287, 150, 309, 23, 471, 20, 278, 151, 216, 148, 141, 249, 100, 321, 424, 441, 352, 61, 256, 510, 4, 104, 143, 247, 419, 206, 184, 266, 279, 482, 435, 111, 381, 60, 470, 395, 208, 217, 197, 316, 344, 10, 244, 323, 356, 289, 460, 462, 35, 322, 232, 67, 260, 179, 347, 180, 226, 71, 59, 377, 90, 101, 15, 123, 291, 124, 207, 229, 412, 95, 68, 237, 311, 149, 282, 70, 178, 97, 336, 129, 26, 508, 220, 361, 245, 389, 343, 458, 119, 76, 47, 135, 204, 350, 160, 397, 391, 251, 21, 264, 328, 45, 294, 142, 99, 116, 298, 380, 182, 163, 379, 293, 114, 280, 248, 414, 373, 92, 202, 79, 81, 98, 338, 130, 118, 346, 205, 134, 385, 392, 65, 472, 431, 332, 393, 140, 94, 146, 262, 337, 386, 411, 451, 147, 43, 409, 283, 292, 156, 354, 277, 128, 422, 310, 359, 436, 281, 376, 80, 464, 439, 55, 454, 387], "author_current_group_source_indices": [262, 337, 386, 411, 451, 147, 43, 409, 283, 292, 156, 354, 277, 128, 422, 310, 359, 436, 281, 376, 80, 464, 439, 55, 454, 387], "author_deleted_input_positions": [1138, 684, 1112, 652, 679, 682, 879, 873, 691, 1111, 1144, 1117, 680, 720, 776, 716, 1137, 918, 1140, 677, 667, 1109, 988, 833, 700, 676, 788, 1066, 675, 832, 1006, 962, 801, 1123, 1047, 1088, 779, 1042, 780, 846, 852, 673, 717, 795, 1122, 973, 854, 1037, 1141, 955, 919, 649, 963, 819, 1001, 813, 853, 824, 1063, 969, 681, 755, 870, 706, 1046, 657, 662, 1136, 709, 835, 930, 793, 952, 666, 1114, 663, 921, 794, 859, 791, 784, 892, 743, 964, 1067, 1084, 995, 704, 899, 1153, 647, 747, 786, 890, 1062, 849, 827, 909, 922, 1125, 1078, 754, 1024, 703, 1113, 1038, 851, 860, 840, 959, 987, 653, 887, 966, 999, 932, 1103, 1105, 678, 965, 875, 710, 903, 822, 990, 823, 869, 714, 702, 1020, 733, 744, 658, 766, 934, 767, 850, 872, 1055, 738, 711, 880, 954, 792, 925, 713, 821, 740, 979, 772, 669, 1151, 863, 1004, 888, 1032, 986, 1101, 762, 719, 690, 778, 847, 993, 803, 1040, 1034, 894, 664, 907, 971, 688, 937, 785, 742, 759, 941, 1023, 825, 806, 1022, 936, 757, 923, 891, 1057, 1016, 735, 845, 722, 724, 741, 981, 773, 761, 989, 848, 777, 1028, 1035, 708, 1115, 1074, 975, 1036, 783, 737, 789, 905, 980, 1029, 1054, 1094, 790, 686, 1052, 926, 935, 799, 997, 920, 771, 1065, 953, 1002, 1079, 924, 1019, 723, 1107, 1082, 698, 1097, 1030], "same_set_saved_d_sum": 0.30939082812823465, "scorer_seconds": 0.5058443322777748}[32m [repeated 16x across cluster][0m
[36m(AuthorRewardCurveWorker pid=114960)[0m TEXTCRAFT_AUTHOR_REWARD_CURVE {"phase": "author_score_complete", "rank": 0, "pid": 114960, "completed_cases": 3, "native_forward_calls": 165, "unix": 1791259790.2448373, "case_index": 3, "traj_uid": "ea76b717-4cb5-4cac-b20f-cfb135b5839d", "view": "signed_RISE", "score_seconds": 20.05704616755247, "point_index": 17, "raw_logp": -0.2802659869194031, "author_deleted_source_indices": [495, 41, 469, 9, 36, 39, 236, 230, 48, 468, 501, 474, 37, 77, 133, 73, 494, 275, 497, 34, 24, 466, 345, 190, 57, 33, 145, 423, 32, 189, 363, 319, 158, 480, 404, 445, 136, 399, 137, 203, 209, 30, 74, 152, 479, 330, 211, 394, 498, 312, 276, 6, 320, 176, 358, 170, 210, 181, 420, 326, 38, 112, 227, 63, 403, 14, 19, 493, 66, 192, 287, 150, 309, 23, 471, 20, 278, 151, 216, 148, 141, 249, 100, 321, 424, 441, 352, 61, 256, 510, 4, 104, 143, 247, 419, 206, 184, 266, 279, 482, 435, 111, 381, 60, 470, 395, 208, 217, 197, 316, 344, 10, 244, 323, 356, 289, 460, 462, 35, 322, 232, 67, 260, 179, 347, 180, 226, 71, 59, 377, 90, 101, 15, 123, 291, 124, 207, 229, 412, 95, 68, 237, 311, 149, 282, 70, 178, 97, 336, 129, 26, 508, 220, 361, 245, 389, 343, 458, 119, 76, 47, 135, 204, 350, 160, 397, 391, 251, 21, 264, 328, 45, 294, 142, 99, 116, 298, 380, 182, 163, 379, 293, 114, 280, 248, 414, 373, 92, 202, 79, 81, 98, 338, 130, 118, 346, 205, 134, 385, 392, 65, 472, 431, 332, 393, 140, 94, 146, 262, 337, 386, 411, 451, 147, 43, 409, 283, 292, 156, 354, 277, 128, 422, 310, 359, 436, 281, 376, 80, 464, 439, 55, 454, 387, 50, 120, 299, 305, 161, 195, 339, 255, 315, 335, 475, 257, 456, 173, 167, 69, 367, 219, 290, 370, 457, 426, 233, 153, 171, 333, 96, 327, 106, 355, 306, 382, 253, 110, 371, 131, 261, 263, 258, 351, 429, 400, 85, 7, 84, 450, 512, 169, 246, 196, 481, 72, 442, 109, 348, 406, 122, 415, 89, 269, 374, 368, 340, 228, 428, 162, 341, 235, 288, 132, 252, 117, 467, 444, 297, 87, 64, 349, 463, 243, 183, 365, 375, 396, 357, 185, 398, 329, 304, 44, 303, 12, 390, 268, 443, 453, 121, 383, 214, 107, 254, 502, 108, 384, 212, 342, 307, 250, 22, 191, 446, 188, 17, 366, 416, 62, 434, 82, 213, 413, 417, 18, 427, 284, 75, 369, 362, 174, 295, 46, 459, 308, 88, 455, 317, 127, 159, 378, 105, 224, 449, 56, 54, 93, 490, 286, 125, 164, 91, 239, 218, 353, 401, 372, 504, 126, 388, 452, 265, 267, 102, 421, 302, 402, 410, 200, 301, 432, 437, 222, 42, 465, 157, 438, 238, 52, 272, 300, 27, 405, 285, 314, 274, 430, 103, 461, 447, 234, 448, 313, 201, 364, 418, 31, 485, 487, 29, 273, 113, 408, 407, 296, 86, 138], "author_current_group_source_indices": [405, 285, 314, 274, 430, 103, 461, 447, 234, 448, 313, 201, 364, 418, 31, 485, 487, 29, 273, 113, 408, 407, 296, 86, 138], "author_deleted_input_positions": [1138, 684, 1112, 652, 679, 682, 879, 873, 691, 1111, 1144, 1117, 680, 720, 776, 716, 1137, 918, 1140, 677, 667, 1109, 988, 833, 700, 676, 788, 1066, 675, 832, 1006, 962, 801, 1123, 1047, 1088, 779, 1042, 780, 846, 852, 673, 717, 795, 1122, 973, 854, 1037, 1141, 955, 919, 649, 963, 819, 1001, 813, 853, 824, 1063, 969, 681, 755, 870, 706, 1046, 657, 662, 1136, 709, 835, 930, 793, 952, 666, 1114, 663, 921, 794, 859, 791, 784, 892, 743, 964, 1067, 1084, 995, 704, 899, 1153, 647, 747, 786, 890, 1062, 849, 827, 909, 922, 1125, 1078, 754, 1024, 703, 1113, 1038, 851, 860, 840, 959, 987, 653, 887, 966, 999, 932, 1103, 1105, 678, 965, 875, 710, 903, 822, 990, 823, 869, 714, 702, 1020, 733, 744, 658, 766, 934, 767, 850, 872, 1055, 738, 711, 880, 954, 792, 925, 713, 821, 740, 979, 772, 669, 1151, 863, 1004, 888, 1032, 986, 1101, 762, 719, 690, 778, 847, 993, 803, 1040, 1034, 894, 664, 907, 971, 688, 937, 785, 742, 759, 941, 1023, 825, 806, 1022, 936, 757, 923, 891, 1057, 1016, 735, 845, 722, 724, 741, 981, 773, 761, 989, 848, 777, 1028, 1035, 708, 1115, 1074, 975, 1036, 783, 737, 789, 905, 980, 1029, 1054, 1094, 790, 686, 1052, 926, 935, 799, 997, 920, 771, 1065, 953, 1002, 1079, 924, 1019, 723, 1107, 1082, 698, 1097, 1030, 693, 763, 942, 948, 804, 838, 982, 898, 958, 978, 1118, 900, 1099, 816, 810, 712, 1010, 862, 933, 1013, 1100, 1069, 876, 796, 814, 976, 739, 970, 749, 998, 949, 1025, 896, 753, 1014, 774, 904, 906, 901, 994, 1072, 1043, 728, 650, 727, 1093, 1155, 812, 889, 839, 1124, 715, 1085, 752, 991, 1049, 765, 1058, 732, 912, 1017, 1011, 983, 871, 1071, 805, 984, 878, 931, 775, 895, 760, 1110, 1087, 940, 730, 707, 992, 1106, 886, 826, 1008, 1018, 1039, 1000, 828, 1041, 972, 947, 687, 946, 655, 1033, 911, 1086, 1096, 764, 1026, 857, 750, 897, 1145, 751, 1027, 855, 985, 950, 893, 665, 834, 1089, 831, 660, 1009, 1059, 705, 1077, 725, 856, 1056, 1060, 661, 1070, 927, 718, 1012, 1005, 817, 938, 689, 1102, 951, 731, 1098, 960, 770, 802, 1021, 748, 867, 1092, 699, 697, 736, 1133, 929, 768, 807, 734, 882, 861, 996, 1044, 1015, 1147, 769, 1031, 1095, 908, 910, 745, 1064, 945, 1045, 1053, 843, 944, 1075, 1080, 865, 685, 1108, 800, 1081, 881, 695, 915, 943, 670, 1048, 928, 957, 917, 1073, 746, 1104, 1090, 877, 1091, 956, 844, 1007, 1061, 674, 1128, 1130, 672, 916, 756, 1051, 1050, 939, 729, 781], "same_set_saved_d_sum": 0.23043399162802541, "scorer_seconds": 0.509320005774498}[32m [repeated 16x across cluster][0m
[36m(AuthorRewardCurveWorker pid=114960)[0m TEXTCRAFT_AUTHOR_REWARD_CURVE {"phase": "author_curve_complete", "rank": 0, "pid": 114960, "completed_cases": 3, "native_forward_calls": 168, "unix": 1791259792.2125578, "case_index": 3, "traj_uid": "ea76b717-4cb5-4cac-b20f-cfb135b5839d", "view": "signed_RISE", "score_seconds": 21.591637633740902, "seconds": 13.441518675535917, "native_score_calls": 21}
[36m(AuthorRewardCurveWorker pid=114960)[0m TEXTCRAFT_AUTHOR_REWARD_CURVE {"phase": "author_case_complete", "rank": 0, "pid": 114960, "completed_cases": 4, "native_forward_calls": 168, "unix": 1791259792.4101691, "last_seconds": 27.19785350561142}
[36m(AuthorRewardCurveWorker pid=114960)[0m TEXTCRAFT_AUTHOR_REWARD_CURVE {"phase": "author_case_begin", "rank": 0, "pid": 114960, "completed_cases": 4, "native_forward_calls": 168, "unix": 1791259792.4560926, "case_index": 4, "traj_uid": "0ec99f03-0c2c-40d7-ad62-6d9162ce17d2"}
[36m(AuthorRewardCurveWorker pid=114960)[0m TEXTCRAFT_AUTHOR_REWARD_CURVE {"phase": "author_curve_begin", "rank": 0, "pid": 114960, "completed_cases": 4, "native_forward_calls": 168, "unix": 1791259792.6934648, "case_index": 4, "traj_uid": "0ec99f03-0c2c-40d7-ad62-6d9162ce17d2", "view": "positive_MAS", "score_seconds": 0, "score_points": 21}
[36m(AuthorRewardCurveWorker pid=114960)[0m TEXTCRAFT_AUTHOR_REWARD_CURVE {"phase": "author_score_complete", "rank": 0, "pid": 114960, "completed_cases": 4, "native_forward_calls": 169, "unix": 1791259793.47282, "case_index": 4, "traj_uid": "0ec99f03-0c2c-40d7-ad62-6d9162ce17d2", "view": "positive_MAS", "score_seconds": 0.519716277718544, "point_index": 0, "raw_logp": -0.21173322200775146, "author_deleted_source_indices": [], "author_current_group_source_indices": [], "author_deleted_input_positions": [], "same_set_saved_d_sum": 0.0, "scorer_seconds": 0.5198574848473072}
[36m(AuthorRewardCurveWorker pid=114960)[0m TEXTCRAFT_AUTHOR_REWARD_CURVE {"phase": "author_score_complete", "rank": 0, "pid": 114960, "completed_cases": 4, "native_forward_calls": 170, "unix": 1791259794.1470327, "case_index": 4, "traj_uid": "0ec99f03-0c2c-40d7-ad62-6d9162ce17d2", "view": "positive_MAS", "score_seconds": 0.9870304241776466, "point_index": 1, "raw_logp": -0.38086870312690735, "author_deleted_source_indices": [4, 92, 91, 110, 46, 94], "author_current_group_source_indices": [4, 92, 91, 110, 46, 94], "author_deleted_input_positions": [647, 735, 734, 753, 689, 737], "same_set_saved_d_sum": 0.05211386732197142, "scorer_seconds": 0.4674325957894325}
[36m(AuthorRewardCurveWorker pid=116402)[0m TEXTCRAFT_AUTHOR_REWARD_CURVE {"phase": "author_score_complete", "rank": 1, "pid": 116402, "completed_cases": 3, "native_forward_calls": 168, "unix": 1791259792.2329645, "case_index": 3, "traj_uid": "a4c5e0e3-3752-4fff-be74-4594236f7eb0", "view": "signed_RISE", "score_seconds": 18.85320307314396, "point_index": 20, "raw_logp": -0.1793183833360672, "author_deleted_source_indices": [1, 482, 241, 15, 154, 228, 370, 13, 190, 446, 27, 498, 191, 376, 103, 21, 501, 367, 399, 431, 459, 321, 453, 8, 402, 412, 203, 354, 318, 20, 295, 486, 352, 193, 55, 400, 232, 16, 460, 23, 345, 158, 326, 95, 104, 438, 265, 7, 324, 66, 33, 196, 359, 71, 126, 78, 426, 17, 372, 267, 222, 323, 204, 375, 308, 24, 38, 207, 151, 341, 163, 211, 37, 127, 343, 382, 18, 427, 411, 302, 491, 62, 159, 301, 233, 327, 422, 283, 428, 269, 240, 174, 237, 404, 123, 288, 83, 455, 19, 391, 181, 152, 418, 414, 451, 45, 224, 12, 420, 243, 344, 137, 278, 197, 481, 235, 93, 475, 0, 419, 60, 264, 63, 432, 107, 47, 507, 100, 189, 165, 94, 449, 467, 236, 49, 205, 97, 473, 293, 387, 340, 65, 339, 67, 120, 346, 274, 84, 332, 407, 304, 329, 244, 30, 140, 25, 64, 198, 374, 171, 441, 392, 317, 290, 280, 51, 251, 452, 42, 364, 89, 48, 256, 263, 101, 417, 397, 298, 268, 147, 32, 119, 135, 202, 257, 155, 335, 413, 470, 115, 22, 311, 138, 167, 313, 403, 439, 325, 40, 44, 314, 85, 29, 114, 276, 201, 192, 145, 164, 143, 50, 434, 463, 448, 248, 209, 395, 320, 144, 106, 177, 350, 208, 234, 90, 245, 35, 142, 124, 334, 366, 122, 286, 239, 373, 371, 462, 226, 41, 297, 260, 294, 279, 424, 199, 249, 425, 310, 111, 464, 401, 316, 483, 447, 121, 458, 405, 188, 175, 445, 409, 342, 289, 58, 242, 86, 377, 472, 512, 349, 170, 351, 502, 255, 134, 504, 113, 6, 146, 14, 125, 130, 381, 421, 118, 319, 440, 231, 116, 238, 330, 408, 488, 105, 348, 217, 219, 457, 57, 258, 307, 277, 275, 254, 200, 423, 136, 273, 259, 338, 46, 80, 465, 182, 355, 315, 28, 225, 365, 430, 388, 443, 26, 176, 353, 52, 436, 385, 266, 406, 471, 194, 394, 186, 213, 173, 291, 450, 218, 253, 128, 148, 61, 153, 284, 4, 162, 139, 331, 444, 312, 9, 384, 390, 216, 230, 227, 296, 5, 497, 195, 56, 229, 396, 480, 91, 74, 70, 478, 262, 187, 206, 43, 117, 99, 333, 215, 292, 156, 300, 133, 141, 81, 261, 347, 87, 246, 437, 96, 110, 68, 474, 435, 34, 157, 11, 369, 281, 383, 360, 223, 79, 82, 468, 386, 429, 393, 129, 362, 508, 368, 456, 98, 220, 252, 466, 484, 489, 328, 285, 250, 454, 410, 109, 337, 160, 299, 496, 303, 73, 102, 500, 309, 442, 499, 306, 322, 108, 39, 469, 461, 380, 72, 416, 212, 112, 92, 433, 505, 88, 210, 272, 287, 282, 476, 485, 168, 487, 503, 270, 336, 54, 161, 31, 169, 389, 358, 479, 398, 214, 166, 172, 363, 53, 221, 179, 132, 477, 305, 183, 492, 69, 415, 247, 36, 59, 149, 356, 180, 378, 379, 150, 184, 77, 361, 271, 131, 10, 185, 495, 75, 178, 494, 76, 490, 357, 510, 506, 511, 3, 493, 509, 2], "author_current_group_source_indices": [180, 378, 379, 150, 184, 77, 361, 271, 131, 10, 185, 495, 75, 178, 494, 76, 490, 357, 510, 506, 511, 3, 493, 509, 2], "author_deleted_input_positions": [459, 940, 699, 473, 612, 686, 828, 471, 648, 904, 485, 956, 649, 834, 561, 479, 959, 825, 857, 889, 917, 779, 911, 466, 860, 870, 661, 812, 776, 478, 753, 944, 810, 651, 513, 858, 690, 474, 918, 481, 803, 616, 784, 553, 562, 896, 723, 465, 782, 524, 491, 654, 817, 529, 584, 536, 884, 475, 830, 725, 680, 781, 662, 833, 766, 482, 496, 665, 609, 799, 621, 669, 495, 585, 801, 840, 476, 885, 869, 760, 949, 520, 617, 759, 691, 785, 880, 741, 886, 727, 698, 632, 695, 862, 581, 746, 541, 913, 477, 849, 639, 610, 876, 872, 909, 503, 682, 470, 878, 701, 802, 595, 736, 655, 939, 693, 551, 933, 458, 877, 518, 722, 521, 890, 565, 505, 965, 558, 647, 623, 552, 907, 925, 694, 507, 663, 555, 931, 751, 845, 798, 523, 797, 525, 578, 804, 732, 542, 790, 865, 762, 787, 702, 488, 598, 483, 522, 656, 832, 629, 899, 850, 775, 748, 738, 509, 709, 910, 500, 822, 547, 506, 714, 721, 559, 875, 855, 756, 726, 605, 490, 577, 593, 660, 715, 613, 793, 871, 928, 573, 480, 769, 596, 625, 771, 861, 897, 783, 498, 502, 772, 543, 487, 572, 734, 659, 650, 603, 622, 601, 508, 892, 921, 906, 706, 667, 853, 778, 602, 564, 635, 808, 666, 692, 548, 703, 493, 600, 582, 792, 824, 580, 744, 697, 831, 829, 920, 684, 499, 755, 718, 752, 737, 882, 657, 707, 883, 768, 569, 922, 859, 774, 941, 905, 579, 916, 863, 646, 633, 903, 867, 800, 747, 516, 700, 544, 835, 930, 970, 807, 628, 809, 960, 713, 592, 962, 571, 464, 604, 472, 583, 588, 839, 879, 576, 777, 898, 689, 574, 696, 788, 866, 946, 563, 806, 675, 677, 915, 515, 716, 765, 735, 733, 712, 658, 881, 594, 731, 717, 796, 504, 538, 923, 640, 813, 773, 486, 683, 823, 888, 846, 901, 484, 634, 811, 510, 894, 843, 724, 864, 929, 652, 852, 644, 671, 631, 749, 908, 676, 711, 586, 606, 519, 611, 742, 462, 620, 597, 789, 902, 770, 467, 842, 848, 674, 688, 685, 754, 463, 955, 653, 514, 687, 854, 938, 549, 532, 528, 936, 720, 645, 664, 501, 575, 557, 791, 673, 750, 614, 758, 591, 599, 539, 719, 805, 545, 704, 895, 554, 568, 526, 932, 893, 492, 615, 469, 827, 739, 841, 818, 681, 537, 540, 926, 844, 887, 851, 587, 820, 966, 826, 914, 556, 678, 710, 924, 942, 947, 786, 743, 708, 912, 868, 567, 795, 618, 757, 954, 761, 531, 560, 958, 767, 900, 957, 764, 780, 566, 497, 927, 919, 838, 530, 874, 670, 570, 550, 891, 963, 546, 668, 730, 745, 740, 934, 943, 626, 945, 961, 728, 794, 512, 619, 489, 627, 847, 816, 937, 856, 672, 624, 630, 821, 511, 679, 637, 590, 935, 763, 641, 950, 527, 873, 705, 494, 517, 607, 814, 638, 836, 837, 608, 642, 535, 819, 729, 589, 468, 643, 953, 533, 636, 952, 534, 948, 815, 968, 964, 969, 461, 951, 967, 460], "same_set_saved_d_sum": -0.028395696842736764, "scorer_seconds": 0.44713815301656723}[32m [repeated 7x across cluster][0m
[36m(AuthorRewardCurveWorker pid=116402)[0m TEXTCRAFT_AUTHOR_REWARD_CURVE {"phase": "author_curve_complete", "rank": 1, "pid": 116402, "completed_cases": 3, "native_forward_calls": 168, "unix": 1791259792.2736325, "case_index": 3, "traj_uid": "a4c5e0e3-3752-4fff-be74-4594236f7eb0", "view": "signed_RISE", "score_seconds": 18.85320307314396, "seconds": 13.427838042378426, "native_score_calls": 21}
[36m(AuthorRewardCurveWorker pid=116402)[0m TEXTCRAFT_AUTHOR_REWARD_CURVE {"phase": "author_case_complete", "rank": 1, "pid": 116402, "completed_cases": 4, "native_forward_calls": 168, "unix": 1791259792.6927948, "last_seconds": 27.125765584409237}
[36m(AuthorRewardCurveWorker pid=116402)[0m TEXTCRAFT_AUTHOR_REWARD_CURVE {"phase": "author_case_begin", "rank": 1, "pid": 116402, "completed_cases": 4, "native_forward_calls": 168, "unix": 1791259792.7337575, "case_index": 4, "traj_uid": "205b1718-6e50-4b6d-b37a-41fcbeeca2b4"}
[36m(AuthorRewardCurveWorker pid=116402)[0m TEXTCRAFT_AUTHOR_REWARD_CURVE {"phase": "author_curve_begin", "rank": 1, "pid": 116402, "completed_cases": 4, "native_forward_calls": 168, "unix": 1791259792.7734475, "case_index": 4, "traj_uid": "205b1718-6e50-4b6d-b37a-41fcbeeca2b4", "view": "positive_MAS", "score_seconds": 0, "score_points": 21}
[36m(AuthorRewardCurveWorker pid=116402)[0m TEXTCRAFT_AUTHOR_REWARD_CURVE {"phase": "author_score_complete", "rank": 1, "pid": 116402, "completed_cases": 4, "native_forward_calls": 169, "unix": 1791259793.4840686, "case_index": 4, "traj_uid": "205b1718-6e50-4b6d-b37a-41fcbeeca2b4", "view": "positive_MAS", "score_seconds": 0.4411712773144245, "point_index": 0, "raw_logp": -0.10217837989330292, "author_deleted_source_indices": [], "author_current_group_source_indices": [], "author_deleted_input_positions": [], "same_set_saved_d_sum": 0.0, "scorer_seconds": 0.44135362282395363}
[36m(AuthorRewardCurveWorker pid=114960)[0m TEXTCRAFT_AUTHOR_REWARD_CURVE {"phase": "author_score_complete", "rank": 0, "pid": 114960, "completed_cases": 4, "native_forward_calls": 177, "unix": 1791259799.1429172, "case_index": 4, "traj_uid": "0ec99f03-0c2c-40d7-ad62-6d9162ce17d2", "view": "positive_MAS", "score_seconds": 4.522948045283556, "point_index": 8, "raw_logp": -0.9724441766738892, "author_deleted_source_indices": [4, 92, 91, 110, 46, 94, 96, 77, 97, 78, 107, 33, 95, 66, 5, 6, 42, 73, 16, 47, 90, 80, 86, 7, 76, 74, 34, 108, 39, 63, 101, 19, 88, 79, 15, 62, 40, 8, 14, 70, 45, 37, 65, 60, 30, 25, 24, 75], "author_current_group_source_indices": [65, 60, 30, 25, 24, 75], "author_deleted_input_positions": [647, 735, 734, 753, 689, 737, 739, 720, 740, 721, 750, 676, 738, 709, 648, 649, 685, 716, 659, 690, 733, 723, 729, 650, 719, 717, 677, 751, 682, 706, 744, 662, 731, 722, 658, 705, 683, 651, 657, 713, 688, 680, 708, 703, 673, 668, 667, 718], "same_set_saved_d_sum": 0.19368339967390114, "scorer_seconds": 0.5023129694163799}[32m [repeated 14x across cluster][0m
[36m(AuthorRewardCurveWorker pid=116402)[0m TEXTCRAFT_AUTHOR_REWARD_CURVE {"phase": "author_score_complete", "rank": 1, "pid": 116402, "completed_cases": 4, "native_forward_calls": 184, "unix": 1791259804.2008934, "case_index": 4, "traj_uid": "205b1718-6e50-4b6d-b37a-41fcbeeca2b4", "view": "positive_MAS", "score_seconds": 7.099350966513157, "point_index": 15, "raw_logp": -0.2629888653755188, "author_deleted_source_indices": [482, 390, 480, 389, 42, 391, 392, 153, 446, 438, 364, 479, 393, 386, 376, 483, 378, 400, 380, 326, 369, 481, 436, 204, 464, 399, 473, 7, 213, 454, 106, 305, 395, 251, 212, 461, 445, 249, 256, 416, 474, 471, 447, 450, 404, 170, 437, 425, 229, 401, 354, 143, 465, 455, 363, 322, 29, 16, 276, 472, 26, 136, 25, 18, 397, 406, 327, 271, 68, 341, 356, 126, 298, 45, 453, 463, 257, 435, 6, 374, 334, 62, 331, 14, 88, 57, 36, 184, 28, 150, 379, 105, 244, 467, 381, 377, 248, 357, 67, 10, 23, 362, 218, 398, 306, 414, 283, 38, 90, 361, 468, 353, 433, 418, 81, 439, 301, 338, 123, 225, 47, 405, 462, 236, 431, 475, 253, 394, 350, 8, 275, 337, 115, 233, 71, 273, 134, 63, 282, 83, 41, 254, 164, 149, 109, 312, 64, 371, 451, 132, 191, 351, 227, 426, 33, 277, 75, 220, 186, 274, 76, 246, 440, 69, 9, 72, 22, 34, 452, 235, 457, 77, 120, 116, 460, 119, 238, 365, 214, 232, 73, 209, 250, 316, 94, 50, 11, 223, 456, 203, 49, 32, 65, 340, 409, 234, 307, 189, 224, 348, 286, 43, 187, 368, 114, 449, 135, 412, 200, 216, 210, 288, 122, 396, 155, 146, 93, 278, 54, 329, 160, 178, 167, 12, 53, 313, 198, 102, 259, 228, 241, 133, 165, 415, 344, 408, 349, 443, 89, 372, 264, 148, 95, 46, 243, 336, 292, 295, 87, 194, 44, 174, 82, 375, 360, 101, 407, 424, 323, 196, 117, 202, 168, 297, 255, 222, 432, 31, 345, 27, 290, 144, 24, 96, 127, 188, 66, 78, 48, 193, 265, 35, 242, 339, 342, 343, 355, 335, 333, 352, 347, 346, 448, 422, 423, 427, 428, 429, 430, 434, 441, 442, 444, 421, 458, 459, 466, 469, 470, 476, 477, 478, 484, 387, 359, 366, 367, 370, 373, 382, 383, 384, 385, 358, 388, 402, 403, 410, 411, 413, 417, 419, 420, 124, 140, 139, 138, 137, 131, 130, 129, 128, 125, 141, 121, 118, 113, 112, 111, 110, 108, 107, 158, 173, 172, 171, 169, 166, 163, 162, 161, 159, 104, 157, 156], "author_current_group_source_indices": [128, 125, 141, 121, 118, 113, 112, 111, 110, 108, 107, 158, 173, 172, 171, 169, 166, 163, 162, 161, 159, 104, 157, 156], "author_deleted_input_positions": [940, 848, 938, 847, 500, 849, 850, 611, 904, 896, 822, 937, 851, 844, 834, 941, 836, 858, 838, 784, 827, 939, 894, 662, 922, 857, 931, 465, 671, 912, 564, 763, 853, 709, 670, 919, 903, 707, 714, 874, 932, 929, 905, 908, 862, 628, 895, 883, 687, 859, 812, 601, 923, 913, 821, 780, 487, 474, 734, 930, 484, 594, 483, 476, 855, 864, 785, 729, 526, 799, 814, 584, 756, 503, 911, 921, 715, 893, 464, 832, 792, 520, 789, 472, 546, 515, 494, 642, 486, 608, 837, 563, 702, 925, 839, 835, 706, 815, 525, 468, 481, 820, 676, 856, 764, 872, 741, 496, 548, 819, 926, 811, 891, 876, 539, 897, 759, 796, 581, 683, 505, 863, 920, 694, 889, 933, 711, 852, 808, 466, 733, 795, 573, 691, 529, 731, 592, 521, 740, 541, 499, 712, 622, 607, 567, 770, 522, 829, 909, 590, 649, 809, 685, 884, 491, 735, 533, 678, 644, 732, 534, 704, 898, 527, 467, 530, 480, 492, 910, 693, 915, 535, 578, 574, 918, 577, 696, 823, 672, 690, 531, 667, 708, 774, 552, 508, 469, 681, 914, 661, 507, 490, 523, 798, 867, 692, 765, 647, 682, 806, 744, 501, 645, 826, 572, 907, 593, 870, 658, 674, 668, 746, 580, 854, 613, 604, 551, 736, 512, 787, 618, 636, 625, 470, 511, 771, 656, 560, 717, 686, 699, 591, 623, 873, 802, 866, 807, 901, 547, 830, 722, 606, 553, 504, 701, 794, 750, 753, 545, 652, 502, 632, 540, 833, 818, 559, 865, 882, 781, 654, 575, 660, 626, 755, 713, 680, 890, 489, 803, 485, 748, 602, 482, 554, 585, 646, 524, 536, 506, 651, 723, 493, 700, 797, 800, 801, 813, 793, 791, 810, 805, 804, 906, 880, 881, 885, 886, 887, 888, 892, 899, 900, 902, 879, 916, 917, 924, 927, 928, 934, 935, 936, 942, 845, 817, 824, 825, 828, 831, 840, 841, 842, 843, 816, 846, 860, 861, 868, 869, 871, 875, 877, 878, 582, 598, 597, 596, 595, 589, 588, 587, 586, 583, 599, 579, 576, 571, 570, 569, 568, 566, 565, 616, 631, 630, 629, 627, 624, 621, 620, 619, 617, 562, 615, 614], "same_set_saved_d_sum": 0.1998410449777606, "scorer_seconds": 0.444449070841074}[32m [repeated 15x across cluster][0m
[36m(AuthorRewardCurveWorker pid=114960)[0m TEXTCRAFT_AUTHOR_REWARD_CURVE {"phase": "author_curve_complete", "rank": 0, "pid": 114960, "completed_cases": 4, "native_forward_calls": 189, "unix": 1791259807.76623, "case_index": 4, "traj_uid": "0ec99f03-0c2c-40d7-ad62-6d9162ce17d2", "view": "positive_MAS", "score_seconds": 10.586820013821125, "seconds": 15.030253164470196, "native_score_calls": 21}
[36m(AuthorRewardCurveWorker pid=114960)[0m TEXTCRAFT_AUTHOR_REWARD_CURVE {"phase": "author_curve_begin", "rank": 0, "pid": 114960, "completed_cases": 4, "native_forward_calls": 189, "unix": 1791259807.8056905, "case_index": 4, "traj_uid": "0ec99f03-0c2c-40d7-ad62-6d9162ce17d2", "view": "signed_RISE", "score_seconds": 10.586820013821125, "score_points": 21}
[36m(AuthorRewardCurveWorker pid=114960)[0m TEXTCRAFT_AUTHOR_REWARD_CURVE {"phase": "author_score_complete", "rank": 0, "pid": 114960, "completed_cases": 4, "native_forward_calls": 190, "unix": 1791259808.596712, "case_index": 4, "traj_uid": "0ec99f03-0c2c-40d7-ad62-6d9162ce17d2", "view": "signed_RISE", "score_seconds": 11.105683781206608, "point_index": 0, "raw_logp": -0.21173322200775146, "author_deleted_source_indices": [], "author_current_group_source_indices": [], "author_deleted_input_positions": [], "same_set_saved_d_sum": 0.0, "scorer_seconds": 0.5189923420548439}
[36m(AuthorRewardCurveWorker pid=114960)[0m TEXTCRAFT_AUTHOR_REWARD_CURVE {"phase": "author_score_complete", "rank": 0, "pid": 114960, "completed_cases": 4, "native_forward_calls": 191, "unix": 1791259809.2706134, "case_index": 4, "traj_uid": "0ec99f03-0c2c-40d7-ad62-6d9162ce17d2", "view": "signed_RISE", "score_seconds": 11.57152010127902, "point_index": 1, "raw_logp": -0.38086870312690735, "author_deleted_source_indices": [4, 92, 91, 110, 46, 94], "author_current_group_source_indices": [4, 92, 91, 110, 46, 94], "author_deleted_input_positions": [647, 735, 734, 753, 689, 737], "same_set_saved_d_sum": 0.05211386732197142, "scorer_seconds": 0.4659571461379528}
[36m(AuthorRewardCurveWorker pid=116402)[0m TEXTCRAFT_AUTHOR_REWARD_CURVE {"phase": "author_score_complete", "rank": 1, "pid": 116402, "completed_cases": 4, "native_forward_calls": 189, "unix": 1791259807.78336, "case_index": 4, "traj_uid": "205b1718-6e50-4b6d-b37a-41fcbeeca2b4", "view": "positive_MAS", "score_seconds": 9.313644234091043, "point_index": 20, "raw_logp": -0.1874895542860031, "author_deleted_source_indices": [482, 390, 480, 389, 42, 391, 392, 153, 446, 438, 364, 479, 393, 386, 376, 483, 378, 400, 380, 326, 369, 481, 436, 204, 464, 399, 473, 7, 213, 454, 106, 305, 395, 251, 212, 461, 445, 249, 256, 416, 474, 471, 447, 450, 404, 170, 437, 425, 229, 401, 354, 143, 465, 455, 363, 322, 29, 16, 276, 472, 26, 136, 25, 18, 397, 406, 327, 271, 68, 341, 356, 126, 298, 45, 453, 463, 257, 435, 6, 374, 334, 62, 331, 14, 88, 57, 36, 184, 28, 150, 379, 105, 244, 467, 381, 377, 248, 357, 67, 10, 23, 362, 218, 398, 306, 414, 283, 38, 90, 361, 468, 353, 433, 418, 81, 439, 301, 338, 123, 225, 47, 405, 462, 236, 431, 475, 253, 394, 350, 8, 275, 337, 115, 233, 71, 273, 134, 63, 282, 83, 41, 254, 164, 149, 109, 312, 64, 371, 451, 132, 191, 351, 227, 426, 33, 277, 75, 220, 186, 274, 76, 246, 440, 69, 9, 72, 22, 34, 452, 235, 457, 77, 120, 116, 460, 119, 238, 365, 214, 232, 73, 209, 250, 316, 94, 50, 11, 223, 456, 203, 49, 32, 65, 340, 409, 234, 307, 189, 224, 348, 286, 43, 187, 368, 114, 449, 135, 412, 200, 216, 210, 288, 122, 396, 155, 146, 93, 278, 54, 329, 160, 178, 167, 12, 53, 313, 198, 102, 259, 228, 241, 133, 165, 415, 344, 408, 349, 443, 89, 372, 264, 148, 95, 46, 243, 336, 292, 295, 87, 194, 44, 174, 82, 375, 360, 101, 407, 424, 323, 196, 117, 202, 168, 297, 255, 222, 432, 31, 345, 27, 290, 144, 24, 96, 127, 188, 66, 78, 48, 193, 265, 35, 242, 339, 342, 343, 355, 335, 333, 352, 347, 346, 448, 422, 423, 427, 428, 429, 430, 434, 441, 442, 444, 421, 458, 459, 466, 469, 470, 476, 477, 478, 484, 387, 359, 366, 367, 370, 373, 382, 383, 384, 385, 358, 388, 402, 403, 410, 411, 413, 417, 419, 420, 124, 140, 139, 138, 137, 131, 130, 129, 128, 125, 141, 121, 118, 113, 112, 111, 110, 108, 107, 158, 173, 172, 171, 169, 166, 163, 162, 161, 159, 104, 157, 156, 154, 152, 151, 147, 145, 142, 19, 55, 52, 51, 40, 39, 37, 30, 21, 20, 56, 17, 15, 13, 5, 4, 3, 2, 1, 84, 103, 100, 99, 98, 97, 92, 91, 86, 85, 175, 80, 79, 74, 70, 61, 60, 59, 58, 281, 299, 296, 294, 293, 291, 289, 287, 285, 284, 300, 280, 279, 272, 270, 269, 268, 267, 266, 315, 330, 328, 325, 324, 321, 320, 319, 318, 317, 263, 314, 311, 310, 309, 308, 304, 303, 302, 190, 208, 207, 206, 205, 201, 199, 197, 195, 192, 211, 185, 183, 182, 181, 180, 179, 177, 176, 239, 262, 261, 260, 258, 252, 247, 245, 0, 240, 332, 237, 231, 230, 226, 221, 219, 217, 215], "author_current_group_source_indices": [181, 180, 179, 177, 176, 239, 262, 261, 260, 258, 252, 247, 245, 0, 240, 332, 237, 231, 230, 226, 221, 219, 217, 215], "author_deleted_input_positions": [940, 848, 938, 847, 500, 849, 850, 611, 904, 896, 822, 937, 851, 844, 834, 941, 836, 858, 838, 784, 827, 939, 894, 662, 922, 857, 931, 465, 671, 912, 564, 763, 853, 709, 670, 919, 903, 707, 714, 874, 932, 929, 905, 908, 862, 628, 895, 883, 687, 859, 812, 601, 923, 913, 821, 780, 487, 474, 734, 930, 484, 594, 483, 476, 855, 864, 785, 729, 526, 799, 814, 584, 756, 503, 911, 921, 715, 893, 464, 832, 792, 520, 789, 472, 546, 515, 494, 642, 486, 608, 837, 563, 702, 925, 839, 835, 706, 815, 525, 468, 481, 820, 676, 856, 764, 872, 741, 496, 548, 819, 926, 811, 891, 876, 539, 897, 759, 796, 581, 683, 505, 863, 920, 694, 889, 933, 711, 852, 808, 466, 733, 795, 573, 691, 529, 731, 592, 521, 740, 541, 499, 712, 622, 607, 567, 770, 522, 829, 909, 590, 649, 809, 685, 884, 491, 735, 533, 678, 644, 732, 534, 704, 898, 527, 467, 530, 480, 492, 910, 693, 915, 535, 578, 574, 918, 577, 696, 823, 672, 690, 531, 667, 708, 774, 552, 508, 469, 681, 914, 661, 507, 490, 523, 798, 867, 692, 765, 647, 682, 806, 744, 501, 645, 826, 572, 907, 593, 870, 658, 674, 668, 746, 580, 854, 613, 604, 551, 736, 512, 787, 618, 636, 625, 470, 511, 771, 656, 560, 717, 686, 699, 591, 623, 873, 802, 866, 807, 901, 547, 830, 722, 606, 553, 504, 701, 794, 750, 753, 545, 652, 502, 632, 540, 833, 818, 559, 865, 882, 781, 654, 575, 660, 626, 755, 713, 680, 890, 489, 803, 485, 748, 602, 482, 554, 585, 646, 524, 536, 506, 651, 723, 493, 700, 797, 800, 801, 813, 793, 791, 810, 805, 804, 906, 880, 881, 885, 886, 887, 888, 892, 899, 900, 902, 879, 916, 917, 924, 927, 928, 934, 935, 936, 942, 845, 817, 824, 825, 828, 831, 840, 841, 842, 843, 816, 846, 860, 861, 868, 869, 871, 875, 877, 878, 582, 598, 597, 596, 595, 589, 588, 587, 586, 583, 599, 579, 576, 571, 570, 569, 568, 566, 565, 616, 631, 630, 629, 627, 624, 621, 620, 619, 617, 562, 615, 614, 612, 610, 609, 605, 603, 600, 477, 513, 510, 509, 498, 497, 495, 488, 479, 478, 514, 475, 473, 471, 463, 462, 461, 460, 459, 542, 561, 558, 557, 556, 555, 550, 549, 544, 543, 633, 538, 537, 532, 528, 519, 518, 517, 516, 739, 757, 754, 752, 751, 749, 747, 745, 743, 742, 758, 738, 737, 730, 728, 727, 726, 725, 724, 773, 788, 786, 783, 782, 779, 778, 777, 776, 775, 721, 772, 769, 768, 767, 766, 762, 761, 760, 648, 666, 665, 664, 663, 659, 657, 655, 653, 650, 669, 643, 641, 640, 639, 638, 637, 635, 634, 697, 720, 719, 718, 716, 710, 705, 703, 458, 698, 790, 695, 689, 688, 684, 679, 677, 675, 673], "same_set_saved_d_sum": 0.07005865622318733, "scorer_seconds": 0.44335851818323135}[32m [repeated 10x across cluster][0m
[36m(AuthorRewardCurveWorker pid=116402)[0m TEXTCRAFT_AUTHOR_REWARD_CURVE {"phase": "author_curve_complete", "rank": 1, "pid": 116402, "completed_cases": 4, "native_forward_calls": 189, "unix": 1791259807.8366408, "case_index": 4, "traj_uid": "205b1718-6e50-4b6d-b37a-41fcbeeca2b4", "view": "positive_MAS", "score_seconds": 9.313644234091043, "seconds": 15.01052712649107, "native_score_calls": 21}
[36m(AuthorRewardCurveWorker pid=116402)[0m TEXTCRAFT_AUTHOR_REWARD_CURVE {"phase": "author_curve_begin", "rank": 1, "pid": 116402, "completed_cases": 4, "native_forward_calls": 189, "unix": 1791259807.8838859, "case_index": 4, "traj_uid": "205b1718-6e50-4b6d-b37a-41fcbeeca2b4", "view": "signed_RISE", "score_seconds": 9.313644234091043, "score_points": 21}
[36m(AuthorRewardCurveWorker pid=116402)[0m TEXTCRAFT_AUTHOR_REWARD_CURVE {"phase": "author_score_complete", "rank": 1, "pid": 116402, "completed_cases": 4, "native_forward_calls": 190, "unix": 1791259808.6062818, "case_index": 4, "traj_uid": "205b1718-6e50-4b6d-b37a-41fcbeeca2b4", "view": "signed_RISE", "score_seconds": 9.756273467093706, "point_index": 0, "raw_logp": -0.10217837989330292, "author_deleted_source_indices": [], "author_current_group_source_indices": [], "author_deleted_input_positions": [], "same_set_saved_d_sum": 0.0, "scorer_seconds": 0.44278860092163086}
[36m(AuthorRewardCurveWorker pid=114960)[0m TEXTCRAFT_AUTHOR_REWARD_CURVE {"phase": "author_score_complete", "rank": 0, "pid": 114960, "completed_cases": 4, "native_forward_calls": 198, "unix": 1791259814.3050115, "case_index": 4, "traj_uid": "0ec99f03-0c2c-40d7-ad62-6d9162ce17d2", "view": "signed_RISE", "score_seconds": 15.151800092309713, "point_index": 8, "raw_logp": -0.9724441766738892, "author_deleted_source_indices": [4, 92, 91, 110, 46, 94, 96, 77, 97, 78, 107, 33, 95, 66, 5, 6, 42, 73, 16, 47, 90, 80, 86, 7, 76, 74, 34, 108, 39, 63, 101, 19, 88, 79, 15, 62, 40, 8, 14, 70, 45, 37, 65, 60, 30, 25, 24, 75], "author_current_group_source_indices": [65, 60, 30, 25, 24, 75], "author_deleted_input_positions": [647, 735, 734, 753, 689, 737, 739, 720, 740, 721, 750, 676, 738, 709, 648, 649, 685, 716, 659, 690, 733, 723, 729, 650, 719, 717, 677, 751, 682, 706, 744, 662, 731, 722, 658, 705, 683, 651, 657, 713, 688, 680, 708, 703, 673, 668, 667, 718], "same_set_saved_d_sum": 0.19368339967390114, "scorer_seconds": 0.5038523599505424}[32m [repeated 14x across cluster][0m
[36m(AuthorRewardCurveWorker pid=114960)[0m TEXTCRAFT_AUTHOR_REWARD_CURVE {"phase": "author_score_complete", "rank": 0, "pid": 114960, "completed_cases": 4, "native_forward_calls": 205, "unix": 1791259819.3036475, "case_index": 4, "traj_uid": "0ec99f03-0c2c-40d7-ad62-6d9162ce17d2", "view": "signed_RISE", "score_seconds": 18.668204322457314, "point_index": 15, "raw_logp": -1.2476059198379517, "author_deleted_source_indices": [4, 92, 91, 110, 46, 94, 96, 77, 97, 78, 107, 33, 95, 66, 5, 6, 42, 73, 16, 47, 90, 80, 86, 7, 76, 74, 34, 108, 39, 63, 101, 19, 88, 79, 15, 62, 40, 8, 14, 70, 45, 37, 65, 60, 30, 25, 24, 75, 38, 32, 44, 72, 58, 93, 109, 64, 89, 87, 84, 59, 99, 71, 36, 57, 53, 35, 10, 102, 67, 100, 105, 54, 43, 17, 98, 68, 61, 82, 111, 41, 83, 52, 23, 49, 20, 29, 12], "author_current_group_source_indices": [23, 49, 20, 29, 12], "author_deleted_input_positions": [647, 735, 734, 753, 689, 737, 739, 720, 740, 721, 750, 676, 738, 709, 648, 649, 685, 716, 659, 690, 733, 723, 729, 650, 719, 717, 677, 751, 682, 706, 744, 662, 731, 722, 658, 705, 683, 651, 657, 713, 688, 680, 708, 703, 673, 668, 667, 718, 681, 675, 687, 715, 701, 736, 752, 707, 732, 730, 727, 702, 742, 714, 679, 700, 696, 678, 653, 745, 710, 743, 748, 697, 686, 660, 741, 711, 704, 725, 754, 684, 726, 695, 666, 692, 663, 672, 655], "same_set_saved_d_sum": 0.2212176843666247, "scorer_seconds": 0.49678636342287064}[32m [repeated 14x across cluster][0m
[36m(AuthorRewardCurveWorker pid=114960)[0m TEXTCRAFT_AUTHOR_REWARD_CURVE {"phase": "author_curve_complete", "rank": 0, "pid": 114960, "completed_cases": 4, "native_forward_calls": 210, "unix": 1791259822.8501983, "case_index": 4, "traj_uid": "0ec99f03-0c2c-40d7-ad62-6d9162ce17d2", "view": "signed_RISE", "score_seconds": 21.139472622424364, "seconds": 15.007258273661137, "native_score_calls": 21}
[36m(AuthorRewardCurveWorker pid=114960)[0m TEXTCRAFT_AUTHOR_REWARD_CURVE {"phase": "author_case_complete", "rank": 0, "pid": 114960, "completed_cases": 5, "native_forward_calls": 210, "unix": 1791259823.037581, "last_seconds": 30.444368548691273}
[36m(AuthorRewardCurveWorker pid=114960)[0m TEXTCRAFT_AUTHOR_REWARD_CURVE {"phase": "author_case_begin", "rank": 0, "pid": 114960, "completed_cases": 5, "native_forward_calls": 210, "unix": 1791259823.0735428, "case_index": 5, "traj_uid": "4f9608ab-bbdb-46cf-821e-13f7105b69ee"}
[36m(AuthorRewardCurveWorker pid=114960)[0m TEXTCRAFT_AUTHOR_REWARD_CURVE {"phase": "author_curve_begin", "rank": 0, "pid": 114960, "completed_cases": 5, "native_forward_calls": 210, "unix": 1791259823.114301, "case_index": 5, "traj_uid": "4f9608ab-bbdb-46cf-821e-13f7105b69ee", "view": "positive_MAS", "score_seconds": 0, "score_points": 21}
[36m(AuthorRewardCurveWorker pid=114960)[0m TEXTCRAFT_AUTHOR_REWARD_CURVE {"phase": "author_score_complete", "rank": 0, "pid": 114960, "completed_cases": 5, "native_forward_calls": 211, "unix": 1791259823.8950164, "case_index": 5, "traj_uid": "4f9608ab-bbdb-46cf-821e-13f7105b69ee", "view": "positive_MAS", "score_seconds": 0.5515436269342899, "point_index": 0, "raw_logp": -0.3434012830257416, "author_deleted_source_indices": [], "author_current_group_source_indices": [], "author_deleted_input_positions": [], "same_set_saved_d_sum": 0.0, "scorer_seconds": 0.5516883470118046}
[36m(AuthorRewardCurveWorker pid=114960)[0m TEXTCRAFT_AUTHOR_REWARD_CURVE {"phase": "author_score_complete", "rank": 0, "pid": 114960, "completed_cases": 5, "native_forward_calls": 212, "unix": 1791259824.6838233, "case_index": 5, "traj_uid": "4f9608ab-bbdb-46cf-821e-13f7105b69ee", "view": "positive_MAS", "score_seconds": 1.1018914058804512, "point_index": 1, "raw_logp": -0.38163113594055176, "author_deleted_source_indices": [5, 4, 396, 464, 347, 348, 7, 329, 8, 232, 273, 395, 421, 219, 13, 236, 149, 398, 256, 323, 46, 508, 314, 334, 218, 41], "author_current_group_source_indices": [5, 4, 396, 464, 347, 348, 7, 329, 8, 232, 273, 395, 421, 219, 13, 236, 149, 398, 256, 323, 46, 508, 314, 334, 218, 41], "author_deleted_input_positions": [648, 647, 1039, 1107, 990, 991, 650, 972, 651, 875, 916, 1038, 1064, 862, 656, 879, 792, 1041, 899, 966, 689, 1151, 957, 977, 861, 684], "same_set_saved_d_sum": 0.15612571494738167, "scorer_seconds": 0.5504828840494156}
[36m(AuthorRewardCurveWorker pid=116402)[0m TEXTCRAFT_AUTHOR_REWARD_CURVE {"phase": "author_score_complete", "rank": 1, "pid": 116402, "completed_cases": 4, "native_forward_calls": 210, "unix": 1791259822.87829, "case_index": 4, "traj_uid": "205b1718-6e50-4b6d-b37a-41fcbeeca2b4", "view": "signed_RISE", "score_seconds": 18.56244221702218, "point_index": 20, "raw_logp": -0.1874895542860031, "author_deleted_source_indices": [482, 390, 480, 389, 42, 391, 392, 153, 446, 438, 364, 479, 393, 386, 376, 483, 378, 400, 380, 326, 369, 481, 436, 204, 464, 399, 473, 7, 213, 454, 106, 305, 395, 251, 212, 461, 445, 249, 256, 416, 474, 471, 447, 450, 404, 170, 437, 425, 229, 401, 354, 143, 465, 455, 363, 322, 29, 16, 276, 472, 26, 136, 25, 18, 397, 406, 327, 271, 68, 341, 356, 126, 298, 45, 453, 463, 257, 435, 6, 374, 334, 62, 331, 14, 88, 57, 36, 184, 28, 150, 379, 105, 244, 467, 381, 377, 248, 357, 67, 10, 23, 362, 218, 398, 306, 414, 283, 38, 90, 361, 468, 353, 433, 418, 81, 439, 301, 338, 123, 225, 47, 405, 462, 236, 431, 475, 253, 394, 350, 8, 275, 337, 115, 233, 71, 273, 134, 63, 282, 83, 41, 254, 164, 149, 109, 312, 64, 371, 451, 132, 191, 351, 227, 426, 33, 277, 75, 220, 186, 274, 76, 246, 440, 69, 9, 72, 22, 34, 452, 235, 457, 77, 120, 116, 460, 119, 238, 365, 214, 232, 73, 209, 250, 316, 94, 50, 11, 223, 456, 203, 49, 32, 65, 340, 409, 234, 307, 189, 224, 348, 286, 43, 187, 368, 114, 449, 135, 412, 200, 216, 210, 288, 122, 396, 155, 146, 93, 278, 54, 329, 160, 178, 167, 12, 53, 313, 198, 102, 259, 228, 241, 133, 165, 415, 344, 408, 349, 443, 89, 372, 264, 148, 95, 46, 243, 336, 292, 295, 87, 194, 44, 174, 82, 375, 360, 101, 407, 424, 323, 196, 117, 202, 168, 297, 255, 222, 432, 31, 345, 27, 290, 144, 24, 96, 127, 188, 66, 78, 48, 193, 265, 35, 484, 260, 319, 383, 52, 411, 147, 60, 215, 152, 291, 141, 137, 242, 279, 366, 315, 321, 466, 85, 166, 419, 240, 300, 342, 346, 421, 270, 318, 206, 347, 470, 280, 121, 161, 162, 175, 107, 70, 30, 129, 308, 458, 226, 284, 125, 417, 434, 328, 269, 58, 332, 86, 430, 140, 79, 180, 459, 335, 199, 247, 258, 252, 382, 302, 112, 156, 145, 201, 124, 403, 39, 37, 267, 103, 99, 289, 272, 157, 261, 179, 51, 195, 118, 100, 422, 355, 171, 324, 245, 19, 263, 211, 420, 293, 423, 55, 343, 281, 185, 138, 237, 208, 173, 154, 444, 56, 266, 131, 287, 268, 320, 339, 285, 159, 207, 410, 151, 303, 91, 294, 142, 314, 219, 442, 128, 139, 182, 367, 413, 80, 428, 478, 130, 59, 239, 429, 5, 197, 221, 231, 181, 296, 13, 183, 352, 370, 304, 108, 98, 299, 169, 192, 217, 158, 163, 262, 110, 427, 441, 74, 176, 172, 177, 17, 358, 310, 330, 373, 190, 40, 20, 359, 311, 97, 3, 92, 317, 333, 230, 476, 384, 309, 15, 477, 205, 84, 111, 104, 325, 21, 385, 61, 402, 4, 113, 469, 448, 1, 0, 2, 387, 388], "author_current_group_source_indices": [230, 476, 384, 309, 15, 477, 205, 84, 111, 104, 325, 21, 385, 61, 402, 4, 113, 469, 448, 1, 0, 2, 387, 388], "author_deleted_input_positions": [940, 848, 938, 847, 500, 849, 850, 611, 904, 896, 822, 937, 851, 844, 834, 941, 836, 858, 838, 784, 827, 939, 894, 662, 922, 857, 931, 465, 671, 912, 564, 763, 853, 709, 670, 919, 903, 707, 714, 874, 932, 929, 905, 908, 862, 628, 895, 883, 687, 859, 812, 601, 923, 913, 821, 780, 487, 474, 734, 930, 484, 594, 483, 476, 855, 864, 785, 729, 526, 799, 814, 584, 756, 503, 911, 921, 715, 893, 464, 832, 792, 520, 789, 472, 546, 515, 494, 642, 486, 608, 837, 563, 702, 925, 839, 835, 706, 815, 525, 468, 481, 820, 676, 856, 764, 872, 741, 496, 548, 819, 926, 811, 891, 876, 539, 897, 759, 796, 581, 683, 505, 863, 920, 694, 889, 933, 711, 852, 808, 466, 733, 795, 573, 691, 529, 731, 592, 521, 740, 541, 499, 712, 622, 607, 567, 770, 522, 829, 909, 590, 649, 809, 685, 884, 491, 735, 533, 678, 644, 732, 534, 704, 898, 527, 467, 530, 480, 492, 910, 693, 915, 535, 578, 574, 918, 577, 696, 823, 672, 690, 531, 667, 708, 774, 552, 508, 469, 681, 914, 661, 507, 490, 523, 798, 867, 692, 765, 647, 682, 806, 744, 501, 645, 826, 572, 907, 593, 870, 658, 674, 668, 746, 580, 854, 613, 604, 551, 736, 512, 787, 618, 636, 625, 470, 511, 771, 656, 560, 717, 686, 699, 591, 623, 873, 802, 866, 807, 901, 547, 830, 722, 606, 553, 504, 701, 794, 750, 753, 545, 652, 502, 632, 540, 833, 818, 559, 865, 882, 781, 654, 575, 660, 626, 755, 713, 680, 890, 489, 803, 485, 748, 602, 482, 554, 585, 646, 524, 536, 506, 651, 723, 493, 942, 718, 777, 841, 510, 869, 605, 518, 673, 610, 749, 599, 595, 700, 737, 824, 773, 779, 924, 543, 624, 877, 698, 758, 800, 804, 879, 728, 776, 664, 805, 928, 738, 579, 619, 620, 633, 565, 528, 488, 587, 766, 916, 684, 742, 583, 875, 892, 786, 727, 516, 790, 544, 888, 598, 537, 638, 917, 793, 657, 705, 716, 710, 840, 760, 570, 614, 603, 659, 582, 861, 497, 495, 725, 561, 557, 747, 730, 615, 719, 637, 509, 653, 576, 558, 880, 813, 629, 782, 703, 477, 721, 669, 878, 751, 881, 513, 801, 739, 643, 596, 695, 666, 631, 612, 902, 514, 724, 589, 745, 726, 778, 797, 743, 617, 665, 868, 609, 761, 549, 752, 600, 772, 677, 900, 586, 597, 640, 825, 871, 538, 886, 936, 588, 517, 697, 887, 463, 655, 679, 689, 639, 754, 471, 641, 810, 828, 762, 566, 556, 757, 627, 650, 675, 616, 621, 720, 568, 885, 899, 532, 634, 630, 635, 475, 816, 768, 788, 831, 648, 498, 478, 817, 769, 555, 461, 550, 775, 791, 688, 934, 842, 767, 473, 935, 663, 542, 569, 562, 783, 479, 843, 519, 860, 462, 571, 927, 906, 459, 458, 460, 845, 846], "same_set_saved_d_sum": 0.07005865622318733, "scorer_seconds": 0.43530168756842613}[32m [repeated 11x across cluster][0m
[36m(AuthorRewardCurveWorker pid=116402)[0m TEXTCRAFT_AUTHOR_REWARD_CURVE {"phase": "author_curve_complete", "rank": 1, "pid": 116402, "completed_cases": 4, "native_forward_calls": 210, "unix": 1791259822.9216523, "case_index": 4, "traj_uid": "205b1718-6e50-4b6d-b37a-41fcbeeca2b4", "view": "signed_RISE", "score_seconds": 18.56244221702218, "seconds": 14.99499885365367, "native_score_calls": 21}
[36m(AuthorRewardCurveWorker pid=116402)[0m TEXTCRAFT_AUTHOR_REWARD_CURVE {"phase": "author_case_complete", "rank": 1, "pid": 116402, "completed_cases": 5, "native_forward_calls": 210, "unix": 1791259823.1285975, "last_seconds": 30.23266226798296}
[36m(AuthorRewardCurveWorker pid=116402)[0m TEXTCRAFT_AUTHOR_REWARD_CURVE {"phase": "author_case_begin", "rank": 1, "pid": 116402, "completed_cases": 5, "native_forward_calls": 210, "unix": 1791259823.176505, "case_index": 5, "traj_uid": "e9a6e6c6-db7b-44b9-a62a-c228702c87f6"}
[36m(AuthorRewardCurveWorker pid=116402)[0m TEXTCRAFT_AUTHOR_REWARD_CURVE {"phase": "author_curve_begin", "rank": 1, "pid": 116402, "completed_cases": 5, "native_forward_calls": 210, "unix": 1791259823.225183, "case_index": 5, "traj_uid": "e9a6e6c6-db7b-44b9-a62a-c228702c87f6", "view": "positive_MAS", "score_seconds": 0, "score_points": 21}
[36m(AuthorRewardCurveWorker pid=116402)[0m TEXTCRAFT_AUTHOR_REWARD_CURVE {"phase": "author_score_complete", "rank": 1, "pid": 116402, "completed_cases": 5, "native_forward_calls": 211, "unix": 1791259824.0058293, "case_index": 5, "traj_uid": "e9a6e6c6-db7b-44b9-a62a-c228702c87f6", "view": "positive_MAS", "score_seconds": 0.43734249100089073, "point_index": 0, "raw_logp": -0.42146918177604675, "author_deleted_source_indices": [], "author_current_group_source_indices": [], "author_deleted_input_positions": [], "same_set_saved_d_sum": 0.0, "scorer_seconds": 0.4374818280339241}
[36m(AuthorRewardCurveWorker pid=114960)[0m TEXTCRAFT_AUTHOR_REWARD_CURVE {"phase": "author_score_complete", "rank": 0, "pid": 114960, "completed_cases": 5, "native_forward_calls": 219, "unix": 1791259830.154732, "case_index": 5, "traj_uid": "4f9608ab-bbdb-46cf-821e-13f7105b69ee", "view": "positive_MAS", "score_seconds": 4.953768126666546, "point_index": 8, "raw_logp": -0.9542251825332642, "author_deleted_source_indices": [5, 4, 396, 464, 347, 348, 7, 329, 8, 232, 273, 395, 421, 219, 13, 236, 149, 398, 256, 323, 46, 508, 314, 334, 218, 41, 379, 199, 6, 237, 500, 209, 462, 40, 267, 490, 397, 93, 89, 460, 18, 95, 346, 263, 344, 251, 164, 208, 235, 409, 266, 432, 265, 258, 234, 231, 71, 374, 306, 343, 118, 385, 472, 471, 131, 17, 350, 186, 358, 355, 163, 158, 287, 478, 116, 58, 55, 191, 22, 38, 159, 19, 412, 386, 11, 28, 156, 90, 289, 338, 151, 79, 352, 10, 68, 62, 26, 403, 278, 215, 435, 134, 345, 146, 467, 54, 27, 153, 61, 411, 476, 42, 454, 468, 183, 45, 308, 426, 101, 124, 161, 51, 103, 461, 327, 107, 243, 142, 328, 147, 506, 53, 52, 63, 362, 337, 178, 434, 294, 65, 109, 225, 91, 137, 391, 187, 252, 226, 335, 262, 177, 366, 36, 404, 112, 180, 486, 422, 317, 44, 283, 487, 150, 78, 415, 367, 37, 173, 12, 480, 399, 157, 481, 87, 238, 165, 465, 357, 204, 330, 299, 353, 201, 456, 189, 233, 302, 56, 81, 300, 507, 408, 185, 175, 132, 227, 77, 122, 272, 438, 365, 510, 82, 459, 370, 452, 260, 57], "author_current_group_source_indices": [201, 456, 189, 233, 302, 56, 81, 300, 507, 408, 185, 175, 132, 227, 77, 122, 272, 438, 365, 510, 82, 459, 370, 452, 260, 57], "author_deleted_input_positions": [648, 647, 1039, 1107, 990, 991, 650, 972, 651, 875, 916, 1038, 1064, 862, 656, 879, 792, 1041, 899, 966, 689, 1151, 957, 977, 861, 684, 1022, 842, 649, 880, 1143, 852, 1105, 683, 910, 1133, 1040, 736, 732, 1103, 661, 738, 989, 906, 987, 894, 807, 851, 878, 1052, 909, 1075, 908, 901, 877, 874, 714, 1017, 949, 986, 761, 1028, 1115, 1114, 774, 660, 993, 829, 1001, 998, 806, 801, 930, 1121, 759, 701, 698, 834, 665, 681, 802, 662, 1055, 1029, 654, 671, 799, 733, 932, 981, 794, 722, 995, 653, 711, 705, 669, 1046, 921, 858, 1078, 777, 988, 789, 1110, 697, 670, 796, 704, 1054, 1119, 685, 1097, 1111, 826, 688, 951, 1069, 744, 767, 804, 694, 746, 1104, 970, 750, 886, 785, 971, 790, 1149, 696, 695, 706, 1005, 980, 821, 1077, 937, 708, 752, 868, 734, 780, 1034, 830, 895, 869, 978, 905, 820, 1009, 679, 1047, 755, 823, 1129, 1065, 960, 687, 926, 1130, 793, 721, 1058, 1010, 680, 816, 655, 1123, 1042, 800, 1124, 730, 881, 808, 1108, 1000, 847, 973, 942, 996, 844, 1099, 832, 876, 945, 699, 724, 943, 1150, 1051, 828, 818, 775, 870, 720, 765, 915, 1081, 1008, 1153, 725, 1102, 1013, 1095, 903, 700], "same_set_saved_d_sum": 0.4378694203634983, "scorer_seconds": 0.5552998557686806}[32m [repeated 14x across cluster][0m
[36m(AuthorRewardCurveWorker pid=114960)[0m TEXTCRAFT_AUTHOR_REWARD_CURVE {"phase": "author_score_complete", "rank": 0, "pid": 114960, "completed_cases": 5, "native_forward_calls": 226, "unix": 1791259835.6417243, "case_index": 5, "traj_uid": "4f9608ab-bbdb-46cf-821e-13f7105b69ee", "view": "positive_MAS", "score_seconds": 8.812672663480043, "point_index": 15, "raw_logp": -0.26928335428237915, "author_deleted_source_indices": [5, 4, 396, 464, 347, 348, 7, 329, 8, 232, 273, 395, 421, 219, 13, 236, 149, 398, 256, 323, 46, 508, 314, 334, 218, 41, 379, 199, 6, 237, 500, 209, 462, 40, 267, 490, 397, 93, 89, 460, 18, 95, 346, 263, 344, 251, 164, 208, 235, 409, 266, 432, 265, 258, 234, 231, 71, 374, 306, 343, 118, 385, 472, 471, 131, 17, 350, 186, 358, 355, 163, 158, 287, 478, 116, 58, 55, 191, 22, 38, 159, 19, 412, 386, 11, 28, 156, 90, 289, 338, 151, 79, 352, 10, 68, 62, 26, 403, 278, 215, 435, 134, 345, 146, 467, 54, 27, 153, 61, 411, 476, 42, 454, 468, 183, 45, 308, 426, 101, 124, 161, 51, 103, 461, 327, 107, 243, 142, 328, 147, 506, 53, 52, 63, 362, 337, 178, 434, 294, 65, 109, 225, 91, 137, 391, 187, 252, 226, 335, 262, 177, 366, 36, 404, 112, 180, 486, 422, 317, 44, 283, 487, 150, 78, 415, 367, 37, 173, 12, 480, 399, 157, 481, 87, 238, 165, 465, 357, 204, 330, 299, 353, 201, 456, 189, 233, 302, 56, 81, 300, 507, 408, 185, 175, 132, 227, 77, 122, 272, 438, 365, 510, 82, 459, 370, 452, 260, 57, 49, 284, 166, 264, 310, 455, 211, 505, 473, 293, 417, 254, 448, 84, 318, 106, 206, 439, 88, 155, 105, 228, 115, 73, 441, 125, 269, 200, 23, 474, 198, 247, 47, 92, 325, 475, 64, 298, 214, 104, 402, 290, 70, 423, 152, 297, 102, 319, 193, 420, 160, 469, 303, 437, 239, 202, 190, 144, 488, 492, 333, 371, 168, 495, 380, 511, 368, 509, 496, 356, 407, 369, 0, 497, 378, 504, 377, 503, 359, 498, 493, 376, 360, 361, 375, 494, 373, 372, 502, 364, 501, 499, 363, 442, 477, 424, 425, 427, 428, 429, 430, 431, 433, 470, 436, 512, 440, 419, 443, 444, 466, 445, 463, 446, 458, 457, 447, 449, 450, 451, 453, 400, 382, 383, 384, 491, 387, 388, 389, 390, 392, 393, 394, 489, 485, 381, 484, 401, 483, 482, 405, 406, 410, 479, 413, 414, 416, 418, 120, 135, 133, 130, 129, 128, 127, 126, 123, 121, 136, 119, 117, 114, 113, 111, 110, 108, 100, 99, 167, 182, 181, 179, 176, 174, 172, 171, 170, 169, 98, 162], "author_current_group_source_indices": [126, 123, 121, 136, 119, 117, 114, 113, 111, 110, 108, 100, 99, 167, 182, 181, 179, 176, 174, 172, 171, 170, 169, 98, 162], "author_deleted_input_positions": [648, 647, 1039, 1107, 990, 991, 650, 972, 651, 875, 916, 1038, 1064, 862, 656, 879, 792, 1041, 899, 966, 689, 1151, 957, 977, 861, 684, 1022, 842, 649, 880, 1143, 852, 1105, 683, 910, 1133, 1040, 736, 732, 1103, 661, 738, 989, 906, 987, 894, 807, 851, 878, 1052, 909, 1075, 908, 901, 877, 874, 714, 1017, 949, 986, 761, 1028, 1115, 1114, 774, 660, 993, 829, 1001, 998, 806, 801, 930, 1121, 759, 701, 698, 834, 665, 681, 802, 662, 1055, 1029, 654, 671, 799, 733, 932, 981, 794, 722, 995, 653, 711, 705, 669, 1046, 921, 858, 1078, 777, 988, 789, 1110, 697, 670, 796, 704, 1054, 1119, 685, 1097, 1111, 826, 688, 951, 1069, 744, 767, 804, 694, 746, 1104, 970, 750, 886, 785, 971, 790, 1149, 696, 695, 706, 1005, 980, 821, 1077, 937, 708, 752, 868, 734, 780, 1034, 830, 895, 869, 978, 905, 820, 1009, 679, 1047, 755, 823, 1129, 1065, 960, 687, 926, 1130, 793, 721, 1058, 1010, 680, 816, 655, 1123, 1042, 800, 1124, 730, 881, 808, 1108, 1000, 847, 973, 942, 996, 844, 1099, 832, 876, 945, 699, 724, 943, 1150, 1051, 828, 818, 775, 870, 720, 765, 915, 1081, 1008, 1153, 725, 1102, 1013, 1095, 903, 700, 692, 927, 809, 907, 953, 1098, 854, 1148, 1116, 936, 1060, 897, 1091, 727, 961, 749, 849, 1082, 731, 798, 748, 871, 758, 716, 1084, 768, 912, 843, 666, 1117, 841, 890, 690, 735, 968, 1118, 707, 941, 857, 747, 1045, 933, 713, 1066, 795, 940, 745, 962, 836, 1063, 803, 1112, 946, 1080, 882, 845, 833, 787, 1131, 1135, 976, 1014, 811, 1138, 1023, 1154, 1011, 1152, 1139, 999, 1050, 1012, 643, 1140, 1021, 1147, 1020, 1146, 1002, 1141, 1136, 1019, 1003, 1004, 1018, 1137, 1016, 1015, 1145, 1007, 1144, 1142, 1006, 1085, 1120, 1067, 1068, 1070, 1071, 1072, 1073, 1074, 1076, 1113, 1079, 1155, 1083, 1062, 1086, 1087, 1109, 1088, 1106, 1089, 1101, 1100, 1090, 1092, 1093, 1094, 1096, 1043, 1025, 1026, 1027, 1134, 1030, 1031, 1032, 1033, 1035, 1036, 1037, 1132, 1128, 1024, 1127, 1044, 1126, 1125, 1048, 1049, 1053, 1122, 1056, 1057, 1059, 1061, 763, 778, 776, 773, 772, 771, 770, 769, 766, 764, 779, 762, 760, 757, 756, 754, 753, 751, 743, 742, 810, 825, 824, 822, 819, 817, 815, 814, 813, 812, 741, 805], "same_set_saved_d_sum": 0.14801131774970688, "scorer_seconds": 0.5393826104700565}[32m [repeated 14x across cluster][0m
[36m(AuthorRewardCurveWorker pid=114960)[0m TEXTCRAFT_AUTHOR_REWARD_CURVE {"phase": "author_curve_complete", "rank": 0, "pid": 114960, "completed_cases": 5, "native_forward_calls": 231, "unix": 1791259839.5995383, "case_index": 5, "traj_uid": "4f9608ab-bbdb-46cf-821e-13f7105b69ee", "view": "positive_MAS", "score_seconds": 11.561291757971048, "seconds": 16.44872087985277, "native_score_calls": 21}
[36m(AuthorRewardCurveWorker pid=114960)[0m TEXTCRAFT_AUTHOR_REWARD_CURVE {"phase": "author_curve_begin", "rank": 0, "pid": 114960, "completed_cases": 5, "native_forward_calls": 231, "unix": 1791259839.6352782, "case_index": 5, "traj_uid": "4f9608ab-bbdb-46cf-821e-13f7105b69ee", "view": "signed_RISE", "score_seconds": 11.561291757971048, "score_points": 21}
[36m(AuthorRewardCurveWorker pid=114960)[0m TEXTCRAFT_AUTHOR_REWARD_CURVE {"phase": "author_score_complete", "rank": 0, "pid": 114960, "completed_cases": 5, "native_forward_calls": 232, "unix": 1791259840.4575672, "case_index": 5, "traj_uid": "4f9608ab-bbdb-46cf-821e-13f7105b69ee", "view": "signed_RISE", "score_seconds": 12.143094047904015, "point_index": 0, "raw_logp": -0.3434012830257416, "author_deleted_source_indices": [], "author_current_group_source_indices": [], "author_deleted_input_positions": [], "same_set_saved_d_sum": 0.0, "scorer_seconds": 0.5819418542087078}
[36m(AuthorRewardCurveWorker pid=114960)[0m TEXTCRAFT_AUTHOR_REWARD_CURVE {"phase": "author_score_complete", "rank": 0, "pid": 114960, "completed_cases": 5, "native_forward_calls": 233, "unix": 1791259841.247664, "case_index": 5, "traj_uid": "4f9608ab-bbdb-46cf-821e-13f7105b69ee", "view": "signed_RISE", "score_seconds": 12.695088632404804, "point_index": 1, "raw_logp": -0.38163113594055176, "author_deleted_source_indices": [5, 4, 396, 464, 347, 348, 7, 329, 8, 232, 273, 395, 421, 219, 13, 236, 149, 398, 256, 323, 46, 508, 314, 334, 218, 41], "author_current_group_source_indices": [5, 4, 396, 464, 347, 348, 7, 329, 8, 232, 273, 395, 421, 219, 13, 236, 149, 398, 256, 323, 46, 508, 314, 334, 218, 41], "author_deleted_input_positions": [648, 647, 1039, 1107, 990, 991, 650, 972, 651, 875, 916, 1038, 1064, 862, 656, 879, 792, 1041, 899, 966, 689, 1151, 957, 977, 861, 684], "same_set_saved_d_sum": 0.15612571494738167, "scorer_seconds": 0.5521323904395103}
[36m(AuthorRewardCurveWorker pid=116402)[0m TEXTCRAFT_AUTHOR_REWARD_CURVE {"phase": "author_score_complete", "rank": 1, "pid": 116402, "completed_cases": 5, "native_forward_calls": 231, "unix": 1791259839.66521, "case_index": 5, "traj_uid": "e9a6e6c6-db7b-44b9-a62a-c228702c87f6", "view": "positive_MAS", "score_seconds": 9.214628923684359, "point_index": 20, "raw_logp": -0.28350433707237244, "author_deleted_source_indices": [398, 397, 45, 487, 5, 507, 364, 494, 431, 269, 387, 133, 223, 481, 34, 394, 121, 490, 463, 351, 41, 503, 482, 21, 29, 83, 110, 118, 13, 66, 442, 143, 49, 354, 57, 19, 348, 202, 452, 277, 40, 63, 100, 349, 56, 184, 449, 135, 423, 31, 115, 189, 18, 153, 257, 4, 84, 10, 486, 17, 453, 176, 308, 313, 170, 81, 385, 58, 438, 68, 8, 238, 20, 48, 506, 47, 177, 161, 444, 50, 33, 340, 390, 309, 162, 124, 450, 175, 474, 369, 55, 69, 469, 451, 466, 278, 222, 137, 335, 44, 158, 445, 422, 493, 28, 424, 406, 166, 195, 433, 211, 333, 492, 172, 244, 312, 337, 15, 14, 255, 363, 411, 38, 251, 144, 9, 237, 150, 132, 249, 215, 457, 232, 370, 267, 180, 359, 123, 37, 90, 46, 131, 12, 336, 392, 80, 303, 268, 346, 254, 26, 203, 129, 388, 419, 310, 67, 86, 199, 343, 464, 294, 373, 480, 316, 315, 360, 151, 59, 365, 379, 216, 271, 130, 125, 7, 459, 208, 119, 467, 173, 42, 322, 382, 186, 138, 185, 183, 502, 250, 408, 468, 220, 256, 476, 247, 245, 443, 242, 396, 248, 117, 146, 112, 456, 167, 356, 376, 461, 165, 219, 314, 458, 362, 234, 92, 96, 326, 98, 136, 484, 334, 262, 145, 372, 434, 273, 79, 380, 489, 374, 302, 446, 73, 246, 187, 441, 386, 85, 25, 91, 159, 261, 471, 198, 217, 32, 178, 190, 205, 71, 413, 174, 127, 97, 488, 204, 440, 462, 213, 426, 375, 82, 276, 437, 418, 120, 179, 272, 389, 291, 233, 417, 366, 88, 225, 477, 412, 200, 192, 436, 212, 62, 285, 384, 512, 361, 353, 383, 358, 367, 381, 357, 368, 371, 378, 377, 355, 495, 454, 455, 460, 465, 470, 472, 473, 475, 478, 479, 483, 485, 491, 448, 496, 497, 498, 499, 500, 501, 504, 505, 508, 509, 510, 511, 0, 415, 393, 395, 399, 400, 401, 402, 403, 404, 405, 407, 409, 410, 414, 391, 416, 420, 421, 425, 427, 428, 429, 430, 432, 435, 439, 447, 122, 148, 147, 142, 141, 140, 139, 134, 128, 126, 149, 116, 114, 113, 111, 109, 108, 107, 106, 105, 169, 197, 196, 194, 193, 191, 188, 182, 181, 171, 104, 168, 164, 163, 160, 157, 156, 155, 154, 152, 27, 54, 53, 52, 51, 43, 39, 36, 35, 30, 60, 24, 23, 22, 16, 11, 6, 3, 2, 1, 78, 103, 102, 101, 99, 95, 94, 93, 89, 87, 201, 77, 76, 75, 74, 72, 70, 65, 64, 61, 299, 318, 317, 311, 307, 306, 305, 304, 301, 300, 319, 298, 297, 296, 295, 293, 292, 290, 289, 288, 331, 350, 347, 345, 344, 342, 341, 339, 338, 332, 287, 330, 329, 328, 327, 325, 324, 323, 321, 320, 227, 241, 240, 239, 236, 235, 231, 230, 229, 228, 243, 226, 224, 221, 218, 214, 210, 209, 207, 206, 270, 286, 284, 283, 282, 281, 280, 279, 275, 274, 352, 266, 265, 264, 263, 260, 259, 258, 253, 252], "author_current_group_source_indices": [214, 210, 209, 207, 206, 270, 286, 284, 283, 282, 281, 280, 279, 275, 274, 352, 266, 265, 264, 263, 260, 259, 258, 253, 252], "author_deleted_input_positions": [743, 742, 390, 832, 350, 852, 709, 839, 776, 614, 732, 478, 568, 826, 379, 739, 466, 835, 808, 696, 386, 848, 827, 366, 374, 428, 455, 463, 358, 411, 787, 488, 394, 699, 402, 364, 693, 547, 797, 622, 385, 408, 445, 694, 401, 529, 794, 480, 768, 376, 460, 534, 363, 498, 602, 349, 429, 355, 831, 362, 798, 521, 653, 658, 515, 426, 730, 403, 783, 413, 353, 583, 365, 393, 851, 392, 522, 506, 789, 395, 378, 685, 735, 654, 507, 469, 795, 520, 819, 714, 400, 414, 814, 796, 811, 623, 567, 482, 680, 389, 503, 790, 767, 838, 373, 769, 751, 511, 540, 778, 556, 678, 837, 517, 589, 657, 682, 360, 359, 600, 708, 756, 383, 596, 489, 354, 582, 495, 477, 594, 560, 802, 577, 715, 612, 525, 704, 468, 382, 435, 391, 476, 357, 681, 737, 425, 648, 613, 691, 599, 371, 548, 474, 733, 764, 655, 412, 431, 544, 688, 809, 639, 718, 825, 661, 660, 705, 496, 404, 710, 724, 561, 616, 475, 470, 352, 804, 553, 464, 812, 518, 387, 667, 727, 531, 483, 530, 528, 847, 595, 753, 813, 565, 601, 821, 592, 590, 788, 587, 741, 593, 462, 491, 457, 801, 512, 701, 721, 806, 510, 564, 659, 803, 707, 579, 437, 441, 671, 443, 481, 829, 679, 607, 490, 717, 779, 618, 424, 725, 834, 719, 647, 791, 418, 591, 532, 786, 731, 430, 370, 436, 504, 606, 816, 543, 562, 377, 523, 535, 550, 416, 758, 519, 472, 442, 833, 549, 785, 807, 558, 771, 720, 427, 621, 782, 763, 465, 524, 617, 734, 636, 578, 762, 711, 433, 570, 822, 757, 545, 537, 781, 557, 407, 630, 729, 857, 706, 698, 728, 703, 712, 726, 702, 713, 716, 723, 722, 700, 840, 799, 800, 805, 810, 815, 817, 818, 820, 823, 824, 828, 830, 836, 793, 841, 842, 843, 844, 845, 846, 849, 850, 853, 854, 855, 856, 345, 760, 738, 740, 744, 745, 746, 747, 748, 749, 750, 752, 754, 755, 759, 736, 761, 765, 766, 770, 772, 773, 774, 775, 777, 780, 784, 792, 467, 493, 492, 487, 486, 485, 484, 479, 473, 471, 494, 461, 459, 458, 456, 454, 453, 452, 451, 450, 514, 542, 541, 539, 538, 536, 533, 527, 526, 516, 449, 513, 509, 508, 505, 502, 501, 500, 499, 497, 372, 399, 398, 397, 396, 388, 384, 381, 380, 375, 405, 369, 368, 367, 361, 356, 351, 348, 347, 346, 423, 448, 447, 446, 444, 440, 439, 438, 434, 432, 546, 422, 421, 420, 419, 417, 415, 410, 409, 406, 644, 663, 662, 656, 652, 651, 650, 649, 646, 645, 664, 643, 642, 641, 640, 638, 637, 635, 634, 633, 676, 695, 692, 690, 689, 687, 686, 684, 683, 677, 632, 675, 674, 673, 672, 670, 669, 668, 666, 665, 572, 586, 585, 584, 581, 580, 576, 575, 574, 573, 588, 571, 569, 566, 563, 559, 555, 554, 552, 551, 615, 631, 629, 628, 627, 626, 625, 624, 620, 619, 697, 611, 610, 609, 608, 605, 604, 603, 598, 597], "same_set_saved_d_sum": -0.1552489165757948, "scorer_seconds": 0.4439566396176815}[32m [repeated 11x across cluster][0m
[36m(AuthorRewardCurveWorker pid=116402)[0m TEXTCRAFT_AUTHOR_REWARD_CURVE {"phase": "author_curve_complete", "rank": 1, "pid": 116402, "completed_cases": 5, "native_forward_calls": 231, "unix": 1791259839.714208, "case_index": 5, "traj_uid": "e9a6e6c6-db7b-44b9-a62a-c228702c87f6", "view": "positive_MAS", "score_seconds": 9.214628923684359, "seconds": 16.44065858796239, "native_score_calls": 21}
[36m(AuthorRewardCurveWorker pid=116402)[0m TEXTCRAFT_AUTHOR_REWARD_CURVE {"phase": "author_curve_begin", "rank": 1, "pid": 116402, "completed_cases": 5, "native_forward_calls": 231, "unix": 1791259839.7684815, "case_index": 5, "traj_uid": "e9a6e6c6-db7b-44b9-a62a-c228702c87f6", "view": "signed_RISE", "score_seconds": 9.214628923684359, "score_points": 21}
[36m(AuthorRewardCurveWorker pid=116402)[0m TEXTCRAFT_AUTHOR_REWARD_CURVE {"phase": "author_score_complete", "rank": 1, "pid": 116402, "completed_cases": 5, "native_forward_calls": 232, "unix": 1791259840.5637188, "case_index": 5, "traj_uid": "e9a6e6c6-db7b-44b9-a62a-c228702c87f6", "view": "signed_RISE", "score_seconds": 9.660045571625233, "point_index": 0, "raw_logp": -0.42146918177604675, "author_deleted_source_indices": [], "author_current_group_source_indices": [], "author_deleted_input_positions": [], "same_set_saved_d_sum": 0.0, "scorer_seconds": 0.4455741457641125}
[36m(AuthorRewardCurveWorker pid=114960)[0m TEXTCRAFT_AUTHOR_REWARD_CURVE {"phase": "author_score_complete", "rank": 0, "pid": 114960, "completed_cases": 5, "native_forward_calls": 240, "unix": 1791259846.7498932, "case_index": 5, "traj_uid": "4f9608ab-bbdb-46cf-821e-13f7105b69ee", "view": "signed_RISE", "score_seconds": 16.56140946224332, "point_index": 8, "raw_logp": -0.9542251825332642, "author_deleted_source_indices": [5, 4, 396, 464, 347, 348, 7, 329, 8, 232, 273, 395, 421, 219, 13, 236, 149, 398, 256, 323, 46, 508, 314, 334, 218, 41, 379, 199, 6, 237, 500, 209, 462, 40, 267, 490, 397, 93, 89, 460, 18, 95, 346, 263, 344, 251, 164, 208, 235, 409, 266, 432, 265, 258, 234, 231, 71, 374, 306, 343, 118, 385, 472, 471, 131, 17, 350, 186, 358, 355, 163, 158, 287, 478, 116, 58, 55, 191, 22, 38, 159, 19, 412, 386, 11, 28, 156, 90, 289, 338, 151, 79, 352, 10, 68, 62, 26, 403, 278, 215, 435, 134, 345, 146, 467, 54, 27, 153, 61, 411, 476, 42, 454, 468, 183, 45, 308, 426, 101, 124, 161, 51, 103, 461, 327, 107, 243, 142, 328, 147, 506, 53, 52, 63, 362, 337, 178, 434, 294, 65, 109, 225, 91, 137, 391, 187, 252, 226, 335, 262, 177, 366, 36, 404, 112, 180, 486, 422, 317, 44, 283, 487, 150, 78, 415, 367, 37, 173, 12, 480, 399, 157, 481, 87, 238, 165, 465, 357, 204, 330, 299, 353, 201, 456, 189, 233, 302, 56, 81, 300, 507, 408, 185, 175, 132, 227, 77, 122, 272, 438, 365, 510, 82, 459, 370, 452, 260, 57], "author_current_group_source_indices": [201, 456, 189, 233, 302, 56, 81, 300, 507, 408, 185, 175, 132, 227, 77, 122, 272, 438, 365, 510, 82, 459, 370, 452, 260, 57], "author_deleted_input_positions": [648, 647, 1039, 1107, 990, 991, 650, 972, 651, 875, 916, 1038, 1064, 862, 656, 879, 792, 1041, 899, 966, 689, 1151, 957, 977, 861, 684, 1022, 842, 649, 880, 1143, 852, 1105, 683, 910, 1133, 1040, 736, 732, 1103, 661, 738, 989, 906, 987, 894, 807, 851, 878, 1052, 909, 1075, 908, 901, 877, 874, 714, 1017, 949, 986, 761, 1028, 1115, 1114, 774, 660, 993, 829, 1001, 998, 806, 801, 930, 1121, 759, 701, 698, 834, 665, 681, 802, 662, 1055, 1029, 654, 671, 799, 733, 932, 981, 794, 722, 995, 653, 711, 705, 669, 1046, 921, 858, 1078, 777, 988, 789, 1110, 697, 670, 796, 704, 1054, 1119, 685, 1097, 1111, 826, 688, 951, 1069, 744, 767, 804, 694, 746, 1104, 970, 750, 886, 785, 971, 790, 1149, 696, 695, 706, 1005, 980, 821, 1077, 937, 708, 752, 868, 734, 780, 1034, 830, 895, 869, 978, 905, 820, 1009, 679, 1047, 755, 823, 1129, 1065, 960, 687, 926, 1130, 793, 721, 1058, 1010, 680, 816, 655, 1123, 1042, 800, 1124, 730, 881, 808, 1108, 1000, 847, 973, 942, 996, 844, 1099, 832, 876, 945, 699, 724, 943, 1150, 1051, 828, 818, 775, 870, 720, 765, 915, 1081, 1008, 1153, 725, 1102, 1013, 1095, 903, 700], "same_set_saved_d_sum": 0.4378694203634983, "scorer_seconds": 0.564542893320322}[32m [repeated 14x across cluster][0m
[36m(AuthorRewardCurveWorker pid=114960)[0m TEXTCRAFT_AUTHOR_REWARD_CURVE {"phase": "author_score_complete", "rank": 0, "pid": 114960, "completed_cases": 5, "native_forward_calls": 247, "unix": 1791259852.23078, "case_index": 5, "traj_uid": "4f9608ab-bbdb-46cf-821e-13f7105b69ee", "view": "signed_RISE", "score_seconds": 20.423887338489294, "point_index": 15, "raw_logp": -1.105065941810608, "author_deleted_source_indices": [5, 4, 396, 464, 347, 348, 7, 329, 8, 232, 273, 395, 421, 219, 13, 236, 149, 398, 256, 323, 46, 508, 314, 334, 218, 41, 379, 199, 6, 237, 500, 209, 462, 40, 267, 490, 397, 93, 89, 460, 18, 95, 346, 263, 344, 251, 164, 208, 235, 409, 266, 432, 265, 258, 234, 231, 71, 374, 306, 343, 118, 385, 472, 471, 131, 17, 350, 186, 358, 355, 163, 158, 287, 478, 116, 58, 55, 191, 22, 38, 159, 19, 412, 386, 11, 28, 156, 90, 289, 338, 151, 79, 352, 10, 68, 62, 26, 403, 278, 215, 435, 134, 345, 146, 467, 54, 27, 153, 61, 411, 476, 42, 454, 468, 183, 45, 308, 426, 101, 124, 161, 51, 103, 461, 327, 107, 243, 142, 328, 147, 506, 53, 52, 63, 362, 337, 178, 434, 294, 65, 109, 225, 91, 137, 391, 187, 252, 226, 335, 262, 177, 366, 36, 404, 112, 180, 486, 422, 317, 44, 283, 487, 150, 78, 415, 367, 37, 173, 12, 480, 399, 157, 481, 87, 238, 165, 465, 357, 204, 330, 299, 353, 201, 456, 189, 233, 302, 56, 81, 300, 507, 408, 185, 175, 132, 227, 77, 122, 272, 438, 365, 510, 82, 459, 370, 452, 260, 57, 49, 284, 166, 264, 310, 455, 211, 505, 473, 293, 417, 254, 448, 84, 318, 106, 206, 439, 88, 155, 105, 228, 115, 73, 441, 125, 269, 200, 23, 474, 198, 247, 47, 92, 325, 475, 64, 298, 214, 104, 402, 290, 70, 423, 152, 297, 102, 319, 193, 420, 160, 469, 303, 437, 239, 202, 190, 144, 488, 492, 333, 371, 168, 512, 359, 133, 229, 59, 360, 192, 436, 373, 369, 277, 433, 99, 75, 470, 440, 98, 97, 171, 14, 213, 179, 368, 307, 67, 410, 203, 117, 129, 248, 121, 424, 349, 162, 205, 184, 491, 377, 34, 170, 419, 43, 114, 342, 482, 100, 322, 230, 212, 35, 316, 113, 285, 216, 108, 274, 444, 483, 363, 69, 376, 195, 210, 29, 74, 387, 390, 288, 463, 279, 446, 305, 261, 85, 449, 384, 354, 197, 427, 268, 351, 110, 429, 296, 207, 418, 240, 313, 138, 383, 217, 250, 221, 96, 372, 174, 428, 309, 182, 443, 281, 450, 336, 86, 339, 270, 15, 60, 154, 50, 499, 442, 135, 257, 111, 188, 324], "author_current_group_source_indices": [221, 96, 372, 174, 428, 309, 182, 443, 281, 450, 336, 86, 339, 270, 15, 60, 154, 50, 499, 442, 135, 257, 111, 188, 324], "author_deleted_input_positions": [648, 647, 1039, 1107, 990, 991, 650, 972, 651, 875, 916, 1038, 1064, 862, 656, 879, 792, 1041, 899, 966, 689, 1151, 957, 977, 861, 684, 1022, 842, 649, 880, 1143, 852, 1105, 683, 910, 1133, 1040, 736, 732, 1103, 661, 738, 989, 906, 987, 894, 807, 851, 878, 1052, 909, 1075, 908, 901, 877, 874, 714, 1017, 949, 986, 761, 1028, 1115, 1114, 774, 660, 993, 829, 1001, 998, 806, 801, 930, 1121, 759, 701, 698, 834, 665, 681, 802, 662, 1055, 1029, 654, 671, 799, 733, 932, 981, 794, 722, 995, 653, 711, 705, 669, 1046, 921, 858, 1078, 777, 988, 789, 1110, 697, 670, 796, 704, 1054, 1119, 685, 1097, 1111, 826, 688, 951, 1069, 744, 767, 804, 694, 746, 1104, 970, 750, 886, 785, 971, 790, 1149, 696, 695, 706, 1005, 980, 821, 1077, 937, 708, 752, 868, 734, 780, 1034, 830, 895, 869, 978, 905, 820, 1009, 679, 1047, 755, 823, 1129, 1065, 960, 687, 926, 1130, 793, 721, 1058, 1010, 680, 816, 655, 1123, 1042, 800, 1124, 730, 881, 808, 1108, 1000, 847, 973, 942, 996, 844, 1099, 832, 876, 945, 699, 724, 943, 1150, 1051, 828, 818, 775, 870, 720, 765, 915, 1081, 1008, 1153, 725, 1102, 1013, 1095, 903, 700, 692, 927, 809, 907, 953, 1098, 854, 1148, 1116, 936, 1060, 897, 1091, 727, 961, 749, 849, 1082, 731, 798, 748, 871, 758, 716, 1084, 768, 912, 843, 666, 1117, 841, 890, 690, 735, 968, 1118, 707, 941, 857, 747, 1045, 933, 713, 1066, 795, 940, 745, 962, 836, 1063, 803, 1112, 946, 1080, 882, 845, 833, 787, 1131, 1135, 976, 1014, 811, 1155, 1002, 776, 872, 702, 1003, 835, 1079, 1016, 1012, 920, 1076, 742, 718, 1113, 1083, 741, 740, 814, 657, 856, 822, 1011, 950, 710, 1053, 846, 760, 772, 891, 764, 1067, 992, 805, 848, 827, 1134, 1020, 677, 813, 1062, 686, 757, 985, 1125, 743, 965, 873, 855, 678, 959, 756, 928, 859, 751, 917, 1087, 1126, 1006, 712, 1019, 838, 853, 672, 717, 1030, 1033, 931, 1106, 922, 1089, 948, 904, 728, 1092, 1027, 997, 840, 1070, 911, 994, 753, 1072, 939, 850, 1061, 883, 956, 781, 1026, 860, 893, 864, 739, 1015, 817, 1071, 952, 825, 1086, 924, 1093, 979, 729, 982, 913, 658, 703, 797, 693, 1142, 1085, 778, 900, 754, 831, 967], "same_set_saved_d_sum": 0.39319344236024517, "scorer_seconds": 0.558229073882103}[32m [repeated 14x across cluster][0m
[36m(AuthorRewardCurveWorker pid=114960)[0m TEXTCRAFT_AUTHOR_REWARD_CURVE {"phase": "author_curve_complete", "rank": 0, "pid": 114960, "completed_cases": 5, "native_forward_calls": 252, "unix": 1791259856.1927254, "case_index": 5, "traj_uid": "4f9608ab-bbdb-46cf-821e-13f7105b69ee", "view": "signed_RISE", "score_seconds": 23.190840866416693, "seconds": 16.521025277674198, "native_score_calls": 21}
[36m(AuthorRewardCurveWorker pid=114960)[0m TEXTCRAFT_AUTHOR_REWARD_CURVE {"phase": "author_case_complete", "rank": 0, "pid": 114960, "completed_cases": 6, "native_forward_calls": 252, "unix": 1791259856.3923314, "last_seconds": 33.15948539972305}
[36m(AuthorRewardCurveWorker pid=114960)[0m TEXTCRAFT_AUTHOR_REWARD_CURVE {"phase": "author_case_begin", "rank": 0, "pid": 114960, "completed_cases": 6, "native_forward_calls": 252, "unix": 1791259856.4383008, "case_index": 6, "traj_uid": "fe3afba6-74d2-441b-bab0-f173f4be70df"}
[36m(AuthorRewardCurveWorker pid=114960)[0m TEXTCRAFT_AUTHOR_REWARD_CURVE {"phase": "author_curve_begin", "rank": 0, "pid": 114960, "completed_cases": 6, "native_forward_calls": 252, "unix": 1791259856.4960356, "case_index": 6, "traj_uid": "fe3afba6-74d2-441b-bab0-f173f4be70df", "view": "positive_MAS", "score_seconds": 0, "score_points": 21}
[36m(AuthorRewardCurveWorker pid=114960)[0m TEXTCRAFT_AUTHOR_REWARD_CURVE {"phase": "author_score_complete", "rank": 0, "pid": 114960, "completed_cases": 6, "native_forward_calls": 253, "unix": 1791259857.3910043, "case_index": 6, "traj_uid": "fe3afba6-74d2-441b-bab0-f173f4be70df", "view": "positive_MAS", "score_seconds": 0.5806213244795799, "point_index": 0, "raw_logp": -0.5818187594413757, "author_deleted_source_indices": [], "author_current_group_source_indices": [], "author_deleted_input_positions": [], "same_set_saved_d_sum": 0.0, "scorer_seconds": 0.5807574912905693}
[36m(AuthorRewardCurveWorker pid=116402)[0m TEXTCRAFT_AUTHOR_REWARD_CURVE {"phase": "author_score_complete", "rank": 1, "pid": 116402, "completed_cases": 5, "native_forward_calls": 252, "unix": 1791259856.2666686, "case_index": 5, "traj_uid": "e9a6e6c6-db7b-44b9-a62a-c228702c87f6", "view": "signed_RISE", "score_seconds": 18.47272776812315, "point_index": 20, "raw_logp": -0.28350433707237244, "author_deleted_source_indices": [398, 397, 45, 487, 5, 507, 364, 494, 431, 269, 387, 133, 223, 481, 34, 394, 121, 490, 463, 351, 41, 503, 482, 21, 29, 83, 110, 118, 13, 66, 442, 143, 49, 354, 57, 19, 348, 202, 452, 277, 40, 63, 100, 349, 56, 184, 449, 135, 423, 31, 115, 189, 18, 153, 257, 4, 84, 10, 486, 17, 453, 176, 308, 313, 170, 81, 385, 58, 438, 68, 8, 238, 20, 48, 506, 47, 177, 161, 444, 50, 33, 340, 390, 309, 162, 124, 450, 175, 474, 369, 55, 69, 469, 451, 466, 278, 222, 137, 335, 44, 158, 445, 422, 493, 28, 424, 406, 166, 195, 433, 211, 333, 492, 172, 244, 312, 337, 15, 14, 255, 363, 411, 38, 251, 144, 9, 237, 150, 132, 249, 215, 457, 232, 370, 267, 180, 359, 123, 37, 90, 46, 131, 12, 336, 392, 80, 303, 268, 346, 254, 26, 203, 129, 388, 419, 310, 67, 86, 199, 343, 464, 294, 373, 480, 316, 315, 360, 151, 59, 365, 379, 216, 271, 130, 125, 7, 459, 208, 119, 467, 173, 42, 322, 382, 186, 138, 185, 183, 502, 250, 408, 468, 220, 256, 476, 247, 245, 443, 242, 396, 248, 117, 146, 112, 456, 167, 356, 376, 461, 165, 219, 314, 458, 362, 234, 92, 96, 326, 98, 136, 484, 334, 262, 145, 372, 434, 273, 79, 380, 489, 374, 302, 446, 73, 246, 187, 441, 386, 85, 25, 91, 159, 261, 471, 198, 217, 32, 178, 190, 205, 71, 413, 174, 127, 97, 488, 204, 440, 462, 213, 426, 375, 82, 276, 437, 418, 120, 179, 272, 389, 291, 233, 417, 366, 88, 225, 477, 412, 200, 192, 436, 212, 62, 285, 512, 460, 298, 401, 400, 447, 367, 368, 142, 270, 197, 361, 300, 260, 252, 331, 140, 439, 152, 209, 430, 299, 280, 307, 391, 393, 275, 355, 157, 410, 253, 240, 111, 435, 116, 483, 332, 327, 191, 323, 103, 281, 76, 105, 122, 465, 214, 64, 498, 377, 148, 402, 75, 51, 36, 342, 405, 24, 113, 72, 228, 39, 70, 201, 243, 171, 30, 23, 266, 381, 345, 305, 350, 306, 87, 147, 156, 473, 324, 265, 454, 60, 65, 99, 224, 241, 286, 231, 74, 491, 134, 301, 290, 126, 35, 287, 226, 218, 378, 149, 455, 207, 288, 304, 221, 448, 432, 114, 415, 188, 235, 164, 295, 194, 320, 470, 263, 229, 282, 344, 292, 319, 160, 501, 279, 93, 95, 414, 163, 141, 16, 395, 239, 409, 338, 206, 485, 297, 22, 6, 230, 357, 128, 479, 311, 317, 106, 274, 508, 475, 416, 104, 353, 421, 407, 427, 318, 193, 43, 154, 101, 384, 168, 196, 328, 284, 259, 403, 339, 325, 509, 227, 61, 77, 52, 329, 478, 54, 472, 296, 258, 53, 497, 108, 495, 94, 420, 181, 371, 293, 358, 289, 78, 155, 264, 429, 107, 139, 330, 383, 505, 496, 236, 347, 89, 404, 399, 210, 321, 500, 102, 510, 283, 11, 428, 109, 169, 504, 352, 425, 182, 499, 341, 27, 2, 511, 1, 3, 0], "author_current_group_source_indices": [89, 404, 399, 210, 321, 500, 102, 510, 283, 11, 428, 109, 169, 504, 352, 425, 182, 499, 341, 27, 2, 511, 1, 3, 0], "author_deleted_input_positions": [743, 742, 390, 832, 350, 852, 709, 839, 776, 614, 732, 478, 568, 826, 379, 739, 466, 835, 808, 696, 386, 848, 827, 366, 374, 428, 455, 463, 358, 411, 787, 488, 394, 699, 402, 364, 693, 547, 797, 622, 385, 408, 445, 694, 401, 529, 794, 480, 768, 376, 460, 534, 363, 498, 602, 349, 429, 355, 831, 362, 798, 521, 653, 658, 515, 426, 730, 403, 783, 413, 353, 583, 365, 393, 851, 392, 522, 506, 789, 395, 378, 685, 735, 654, 507, 469, 795, 520, 819, 714, 400, 414, 814, 796, 811, 623, 567, 482, 680, 389, 503, 790, 767, 838, 373, 769, 751, 511, 540, 778, 556, 678, 837, 517, 589, 657, 682, 360, 359, 600, 708, 756, 383, 596, 489, 354, 582, 495, 477, 594, 560, 802, 577, 715, 612, 525, 704, 468, 382, 435, 391, 476, 357, 681, 737, 425, 648, 613, 691, 599, 371, 548, 474, 733, 764, 655, 412, 431, 544, 688, 809, 639, 718, 825, 661, 660, 705, 496, 404, 710, 724, 561, 616, 475, 470, 352, 804, 553, 464, 812, 518, 387, 667, 727, 531, 483, 530, 528, 847, 595, 753, 813, 565, 601, 821, 592, 590, 788, 587, 741, 593, 462, 491, 457, 801, 512, 701, 721, 806, 510, 564, 659, 803, 707, 579, 437, 441, 671, 443, 481, 829, 679, 607, 490, 717, 779, 618, 424, 725, 834, 719, 647, 791, 418, 591, 532, 786, 731, 430, 370, 436, 504, 606, 816, 543, 562, 377, 523, 535, 550, 416, 758, 519, 472, 442, 833, 549, 785, 807, 558, 771, 720, 427, 621, 782, 763, 465, 524, 617, 734, 636, 578, 762, 711, 433, 570, 822, 757, 545, 537, 781, 557, 407, 630, 857, 805, 643, 746, 745, 792, 712, 713, 487, 615, 542, 706, 645, 605, 597, 676, 485, 784, 497, 554, 775, 644, 625, 652, 736, 738, 620, 700, 502, 755, 598, 585, 456, 780, 461, 828, 677, 672, 536, 668, 448, 626, 421, 450, 467, 810, 559, 409, 843, 722, 493, 747, 420, 396, 381, 687, 750, 369, 458, 417, 573, 384, 415, 546, 588, 516, 375, 368, 611, 726, 690, 650, 695, 651, 432, 492, 501, 818, 669, 610, 799, 405, 410, 444, 569, 586, 631, 576, 419, 836, 479, 646, 635, 471, 380, 632, 571, 563, 723, 494, 800, 552, 633, 649, 566, 793, 777, 459, 760, 533, 580, 509, 640, 539, 665, 815, 608, 574, 627, 689, 637, 664, 505, 846, 624, 438, 440, 759, 508, 486, 361, 740, 584, 754, 683, 551, 830, 642, 367, 351, 575, 702, 473, 824, 656, 662, 451, 619, 853, 820, 761, 449, 698, 766, 752, 772, 663, 538, 388, 499, 446, 729, 513, 541, 673, 629, 604, 748, 684, 670, 854, 572, 406, 422, 397, 674, 823, 399, 817, 641, 603, 398, 842, 453, 840, 439, 765, 526, 716, 638, 703, 634, 423, 500, 609, 774, 452, 484, 675, 728, 850, 841, 581, 692, 434, 749, 744, 555, 666, 845, 447, 855, 628, 356, 773, 454, 514, 849, 697, 770, 527, 844, 686, 372, 347, 856, 346, 348, 345], "same_set_saved_d_sum": -0.1552489165757948, "scorer_seconds": 0.4403773657977581}[32m [repeated 11x across cluster][0m
[36m(AuthorRewardCurveWorker pid=114960)[0m TEXTCRAFT_AUTHOR_REWARD_CURVE {"phase": "author_score_complete", "rank": 0, "pid": 114960, "completed_cases": 6, "native_forward_calls": 254, "unix": 1791259858.2321882, "case_index": 6, "traj_uid": "fe3afba6-74d2-441b-bab0-f173f4be70df", "view": "positive_MAS", "score_seconds": 1.1153132356703281, "point_index": 1, "raw_logp": -0.7948392629623413, "author_deleted_source_indices": [4, 115, 8, 118, 88, 11, 67, 117], "author_current_group_source_indices": [4, 115, 8, 118, 88, 11, 67, 117], "author_deleted_input_positions": [650, 761, 654, 764, 734, 657, 713, 763], "same_set_saved_d_sum": 0.09041889721989088, "scorer_seconds": 0.534822691231966}
[36m(AuthorRewardCurveWorker pid=116402)[0m TEXTCRAFT_AUTHOR_REWARD_CURVE {"phase": "author_curve_complete", "rank": 1, "pid": 116402, "completed_cases": 5, "native_forward_calls": 252, "unix": 1791259856.319261, "case_index": 5, "traj_uid": "e9a6e6c6-db7b-44b9-a62a-c228702c87f6", "view": "signed_RISE", "score_seconds": 18.47272776812315, "seconds": 16.498742263764143, "native_score_calls": 21}
[36m(AuthorRewardCurveWorker pid=116402)[0m TEXTCRAFT_AUTHOR_REWARD_CURVE {"phase": "author_case_complete", "rank": 1, "pid": 116402, "completed_cases": 6, "native_forward_calls": 252, "unix": 1791259856.5260465, "last_seconds": 33.19445775076747}
[36m(AuthorRewardCurveWorker pid=116402)[0m TEXTCRAFT_AUTHOR_REWARD_CURVE {"phase": "author_case_begin", "rank": 1, "pid": 116402, "completed_cases": 6, "native_forward_calls": 252, "unix": 1791259856.5863445, "case_index": 6, "traj_uid": "3acfdb12-d96c-43c8-b625-5ae470e26e06"}
[36m(AuthorRewardCurveWorker pid=116402)[0m TEXTCRAFT_AUTHOR_REWARD_CURVE {"phase": "author_curve_begin", "rank": 1, "pid": 116402, "completed_cases": 6, "native_forward_calls": 252, "unix": 1791259856.6492693, "case_index": 6, "traj_uid": "3acfdb12-d96c-43c8-b625-5ae470e26e06", "view": "positive_MAS", "score_seconds": 0, "score_points": 21}
[36m(AuthorRewardCurveWorker pid=116402)[0m TEXTCRAFT_AUTHOR_REWARD_CURVE {"phase": "author_score_complete", "rank": 1, "pid": 116402, "completed_cases": 6, "native_forward_calls": 253, "unix": 1791259857.4996784, "case_index": 6, "traj_uid": "3acfdb12-d96c-43c8-b625-5ae470e26e06", "view": "positive_MAS", "score_seconds": 0.4275794252753258, "point_index": 0, "raw_logp": -0.13231927156448364, "author_deleted_source_indices": [], "author_current_group_source_indices": [], "author_deleted_input_positions": [], "same_set_saved_d_sum": 0.0, "scorer_seconds": 0.42772986739873886}
[36m(AuthorRewardCurveWorker pid=114960)[0m TEXTCRAFT_AUTHOR_REWARD_CURVE {"phase": "author_score_complete", "rank": 0, "pid": 114960, "completed_cases": 6, "native_forward_calls": 260, "unix": 1791259863.3394263, "case_index": 6, "traj_uid": "fe3afba6-74d2-441b-bab0-f173f4be70df", "view": "positive_MAS", "score_seconds": 4.365309573709965, "point_index": 7, "raw_logp": -0.9845625758171082, "author_deleted_source_indices": [4, 115, 8, 118, 88, 11, 67, 117, 99, 9, 58, 60, 100, 101, 84, 35, 112, 33, 113, 5, 68, 80, 47, 128, 12, 30, 57, 64, 55, 106, 20, 123, 97, 78, 34, 61, 13, 63, 109, 44, 70, 129, 111, 131, 56, 6, 29, 32, 76, 21, 50], "author_current_group_source_indices": [56, 6, 29, 32, 76, 21, 50], "author_deleted_input_positions": [650, 761, 654, 764, 734, 657, 713, 763, 745, 655, 704, 706, 746, 747, 730, 681, 758, 679, 759, 651, 714, 726, 693, 774, 658, 676, 703, 710, 701, 752, 666, 769, 743, 724, 680, 707, 659, 709, 755, 690, 716, 775, 757, 777, 702, 652, 675, 678, 722, 667, 696], "same_set_saved_d_sum": 0.19268868558741342, "scorer_seconds": 0.5385274216532707}[32m [repeated 12x across cluster][0m
[36m(AuthorRewardCurveWorker pid=114960)[0m TEXTCRAFT_AUTHOR_REWARD_CURVE {"phase": "author_score_complete", "rank": 0, "pid": 114960, "completed_cases": 6, "native_forward_calls": 266, "unix": 1791259868.5022018, "case_index": 6, "traj_uid": "fe3afba6-74d2-441b-bab0-f173f4be70df", "view": "positive_MAS", "score_seconds": 7.670953489840031, "point_index": 13, "raw_logp": -0.29672297835350037, "author_deleted_source_indices": [4, 115, 8, 118, 88, 11, 67, 117, 99, 9, 58, 60, 100, 101, 84, 35, 112, 33, 113, 5, 68, 80, 47, 128, 12, 30, 57, 64, 55, 106, 20, 123, 97, 78, 34, 61, 13, 63, 109, 44, 70, 129, 111, 131, 56, 6, 29, 32, 76, 21, 50, 121, 42, 71, 23, 18, 98, 95, 96, 91, 94, 104, 105, 103, 93, 102, 92, 141, 127, 0, 140, 139, 138, 137, 136, 135, 134, 133, 132, 130, 107, 126, 125, 124, 122, 120, 119, 116, 114, 110, 108, 25, 45], "author_current_group_source_indices": [119, 116, 114, 110, 108, 25, 45], "author_deleted_input_positions": [650, 761, 654, 764, 734, 657, 713, 763, 745, 655, 704, 706, 746, 747, 730, 681, 758, 679, 759, 651, 714, 726, 693, 774, 658, 676, 703, 710, 701, 752, 666, 769, 743, 724, 680, 707, 659, 709, 755, 690, 716, 775, 757, 777, 702, 652, 675, 678, 722, 667, 696, 767, 688, 717, 669, 664, 744, 741, 742, 737, 740, 750, 751, 749, 739, 748, 738, 787, 773, 646, 786, 785, 784, 783, 782, 781, 780, 779, 778, 776, 753, 772, 771, 770, 768, 766, 765, 762, 760, 756, 754, 671, 691], "same_set_saved_d_sum": -0.07104209878899068, "scorer_seconds": 0.5548165589570999}[32m [repeated 12x across cluster][0m
[36m(AuthorRewardCurveWorker pid=114960)[0m TEXTCRAFT_AUTHOR_REWARD_CURVE {"phase": "author_score_complete", "rank": 0, "pid": 114960, "completed_cases": 6, "native_forward_calls": 272, "unix": 1791259873.7699933, "case_index": 6, "traj_uid": "fe3afba6-74d2-441b-bab0-f173f4be70df", "view": "positive_MAS", "score_seconds": 10.990761667490005, "point_index": 19, "raw_logp": -0.15626037120819092, "author_deleted_source_indices": [4, 115, 8, 118, 88, 11, 67, 117, 99, 9, 58, 60, 100, 101, 84, 35, 112, 33, 113, 5, 68, 80, 47, 128, 12, 30, 57, 64, 55, 106, 20, 123, 97, 78, 34, 61, 13, 63, 109, 44, 70, 129, 111, 131, 56, 6, 29, 32, 76, 21, 50, 121, 42, 71, 23, 18, 98, 95, 96, 91, 94, 104, 105, 103, 93, 102, 92, 141, 127, 0, 140, 139, 138, 137, 136, 135, 134, 133, 132, 130, 107, 126, 125, 124, 122, 120, 119, 116, 114, 110, 108, 25, 45, 43, 41, 40, 39, 38, 37, 36, 31, 28, 27, 26, 46, 24, 22, 19, 17, 16, 15, 14, 10, 7, 3, 2, 1, 72, 89, 87, 86, 85, 83, 82, 81, 79, 77, 75, 74, 73, 90, 69, 66, 65, 62], "author_current_group_source_indices": [74, 73, 90, 69, 66, 65, 62], "author_deleted_input_positions": [650, 761, 654, 764, 734, 657, 713, 763, 745, 655, 704, 706, 746, 747, 730, 681, 758, 679, 759, 651, 714, 726, 693, 774, 658, 676, 703, 710, 701, 752, 666, 769, 743, 724, 680, 707, 659, 709, 755, 690, 716, 775, 757, 777, 702, 652, 675, 678, 722, 667, 696, 767, 688, 717, 669, 664, 744, 741, 742, 737, 740, 750, 751, 749, 739, 748, 738, 787, 773, 646, 786, 785, 784, 783, 782, 781, 780, 779, 778, 776, 753, 772, 771, 770, 768, 766, 765, 762, 760, 756, 754, 671, 691, 689, 687, 686, 685, 684, 683, 682, 677, 674, 673, 672, 692, 670, 668, 665, 663, 662, 661, 660, 656, 653, 649, 648, 647, 718, 735, 733, 732, 731, 729, 728, 727, 725, 723, 721, 720, 719, 736, 715, 712, 711, 708], "same_set_saved_d_sum": -0.45139562082506696, "scorer_seconds": 0.5565618239343166}[32m [repeated 12x across cluster][0m
[36m(AuthorRewardCurveWorker pid=114960)[0m TEXTCRAFT_AUTHOR_REWARD_CURVE {"phase": "author_curve_complete", "rank": 0, "pid": 114960, "completed_cases": 6, "native_forward_calls": 273, "unix": 1791259874.6705117, "case_index": 6, "traj_uid": "fe3afba6-74d2-441b-bab0-f173f4be70df", "view": "positive_MAS", "score_seconds": 11.540870271623135, "seconds": 18.129793718457222, "native_score_calls": 21}
[36m(AuthorRewardCurveWorker pid=114960)[0m TEXTCRAFT_AUTHOR_REWARD_CURVE {"phase": "author_curve_begin", "rank": 0, "pid": 114960, "completed_cases": 6, "native_forward_calls": 273, "unix": 1791259874.7159026, "case_index": 6, "traj_uid": "fe3afba6-74d2-441b-bab0-f173f4be70df", "view": "signed_RISE", "score_seconds": 11.540870271623135, "score_points": 21}
[36m(AuthorRewardCurveWorker pid=114960)[0m TEXTCRAFT_AUTHOR_REWARD_CURVE {"phase": "author_score_complete", "rank": 0, "pid": 114960, "completed_cases": 6, "native_forward_calls": 274, "unix": 1791259875.6375527, "case_index": 6, "traj_uid": "fe3afba6-74d2-441b-bab0-f173f4be70df", "view": "signed_RISE", "score_seconds": 12.134599789977074, "point_index": 0, "raw_logp": -0.5818187594413757, "author_deleted_source_indices": [], "author_current_group_source_indices": [], "author_deleted_input_positions": [], "same_set_saved_d_sum": 0.0, "scorer_seconds": 0.5938771031796932}
[36m(AuthorRewardCurveWorker pid=114960)[0m TEXTCRAFT_AUTHOR_REWARD_CURVE {"phase": "author_score_complete", "rank": 0, "pid": 114960, "completed_cases": 6, "native_forward_calls": 275, "unix": 1791259876.4714665, "case_index": 6, "traj_uid": "fe3afba6-74d2-441b-bab0-f173f4be70df", "view": "signed_RISE", "score_seconds": 12.66188932210207, "point_index": 1, "raw_logp": -0.7948392629623413, "author_deleted_source_indices": [4, 115, 8, 118, 88, 11, 67, 117], "author_current_group_source_indices": [4, 115, 8, 118, 88, 11, 67, 117], "author_deleted_input_positions": [650, 761, 654, 764, 734, 657, 713, 763], "same_set_saved_d_sum": 0.09041889721989088, "scorer_seconds": 0.5274293199181557}
[36m(AuthorRewardCurveWorker pid=116402)[0m TEXTCRAFT_AUTHOR_REWARD_CURVE {"phase": "author_score_complete", "rank": 1, "pid": 116402, "completed_cases": 6, "native_forward_calls": 273, "unix": 1791259874.7468977, "case_index": 6, "traj_uid": "3acfdb12-d96c-43c8-b625-5ae470e26e06", "view": "positive_MAS", "score_seconds": 9.081847876310349, "point_index": 20, "raw_logp": -0.22234435379505157, "author_deleted_source_indices": [332, 0, 382, 333, 335, 385, 338, 334, 18, 336, 384, 173, 126, 106, 346, 107, 381, 342, 156, 4, 325, 7, 258, 358, 337, 11, 35, 50, 386, 63, 8, 252, 347, 163, 361, 136, 349, 313, 154, 201, 263, 350, 375, 345, 6, 376, 82, 219, 174, 5, 374, 16, 10, 287, 199, 180, 311, 28, 141, 209, 27, 304, 117, 383, 14, 40, 326, 152, 186, 360, 267, 46, 144, 240, 359, 318, 81, 185, 355, 158, 278, 24, 270, 172, 165, 105, 221, 210, 273, 86, 179, 316, 149, 202, 92, 306, 74, 366, 193, 353, 119, 187, 1, 87, 33, 243, 97, 200, 279, 377, 9, 128, 19, 280, 294, 272, 340, 314, 302, 157, 380, 94, 178, 264, 266, 116, 307, 352, 205, 175, 118, 271, 77, 282, 204, 370, 176, 213, 296, 114, 378, 17, 218, 85, 303, 315, 274, 310, 257, 167, 89, 150, 53, 166, 23, 220, 301, 90, 265, 22, 191, 281, 122, 244, 100, 21, 217, 51, 84, 79, 45, 20, 146, 241, 329, 268, 148, 228, 195, 188, 308, 62, 223, 121, 242, 160, 71, 96, 99, 143, 277, 324, 120, 354, 125, 123, 95, 111, 269, 247, 379, 98, 207, 15, 363, 194, 181, 320, 184, 309, 373, 130, 323, 317, 127, 43, 102, 348, 56, 80, 60, 68, 67, 331, 327, 328, 66, 330, 322, 339, 78, 297, 298, 299, 300, 93, 91, 88, 83, 305, 321, 76, 75, 312, 73, 72, 70, 69, 319, 31, 364, 365, 37, 367, 368, 369, 36, 371, 372, 34, 32, 362, 30, 29, 26, 25, 13, 12, 3, 2, 387, 388, 389, 52, 64, 61, 59, 58, 284, 57, 341, 343, 344, 55, 54, 65, 49, 48, 351, 47, 44, 356, 357, 42, 41, 39, 38, 135, 145, 211, 212, 142, 214, 215, 216, 140, 139, 138, 137, 208, 222, 224, 225, 226, 227, 134, 229, 230, 231, 232, 233, 161, 171, 182, 183, 170, 169, 168, 189, 190, 164, 192, 162, 234, 196, 197, 198, 159, 155, 153, 203, 151, 147, 206, 101, 124, 115, 113, 112, 110, 109, 108, 275, 276, 104, 103, 262, 283, 177, 285, 286, 288, 289, 290, 291, 292, 293, 249, 235, 236, 237, 238, 239, 133, 132, 131, 245, 246, 248, 295, 250, 251, 129, 253, 254, 255, 256, 259, 260, 261], "author_current_group_source_indices": [238, 239, 133, 132, 131, 245, 246, 248, 295, 250, 251, 129, 253, 254, 255, 256, 259, 260, 261], "author_deleted_input_positions": [677, 345, 727, 678, 680, 730, 683, 679, 363, 681, 729, 518, 471, 451, 691, 452, 726, 687, 501, 349, 670, 352, 603, 703, 682, 356, 380, 395, 731, 408, 353, 597, 692, 508, 706, 481, 694, 658, 499, 546, 608, 695, 720, 690, 351, 721, 427, 564, 519, 350, 719, 361, 355, 632, 544, 525, 656, 373, 486, 554, 372, 649, 462, 728, 359, 385, 671, 497, 531, 705, 612, 391, 489, 585, 704, 663, 426, 530, 700, 503, 623, 369, 615, 517, 510, 450, 566, 555, 618, 431, 524, 661, 494, 547, 437, 651, 419, 711, 538, 698, 464, 532, 346, 432, 378, 588, 442, 545, 624, 722, 354, 473, 364, 625, 639, 617, 685, 659, 647, 502, 725, 439, 523, 609, 611, 461, 652, 697, 550, 520, 463, 616, 422, 627, 549, 715, 521, 558, 641, 459, 723, 362, 563, 430, 648, 660, 619, 655, 602, 512, 434, 495, 398, 511, 368, 565, 646, 435, 610, 367, 536, 626, 467, 589, 445, 366, 562, 396, 429, 424, 390, 365, 491, 586, 674, 613, 493, 573, 540, 533, 653, 407, 568, 466, 587, 505, 416, 441, 444, 488, 622, 669, 465, 699, 470, 468, 440, 456, 614, 592, 724, 443, 552, 360, 708, 539, 526, 665, 529, 654, 718, 475, 668, 662, 472, 388, 447, 693, 401, 425, 405, 413, 412, 676, 672, 673, 411, 675, 667, 684, 423, 642, 643, 644, 645, 438, 436, 433, 428, 650, 666, 421, 420, 657, 418, 417, 415, 414, 664, 376, 709, 710, 382, 712, 713, 714, 381, 716, 717, 379, 377, 707, 375, 374, 371, 370, 358, 357, 348, 347, 732, 733, 734, 397, 409, 406, 404, 403, 629, 402, 686, 688, 689, 400, 399, 410, 394, 393, 696, 392, 389, 701, 702, 387, 386, 384, 383, 480, 490, 556, 557, 487, 559, 560, 561, 485, 484, 483, 482, 553, 567, 569, 570, 571, 572, 479, 574, 575, 576, 577, 578, 506, 516, 527, 528, 515, 514, 513, 534, 535, 509, 537, 507, 579, 541, 542, 543, 504, 500, 498, 548, 496, 492, 551, 446, 469, 460, 458, 457, 455, 454, 453, 620, 621, 449, 448, 607, 628, 522, 630, 631, 633, 634, 635, 636, 637, 638, 594, 580, 581, 582, 583, 584, 478, 477, 476, 590, 591, 593, 640, 595, 596, 474, 598, 599, 600, 601, 604, 605, 606], "same_set_saved_d_sum": 0.10657485461796229, "scorer_seconds": 0.4364118240773678}[32m [repeated 3x across cluster][0m
[36m(AuthorRewardCurveWorker pid=116402)[0m TEXTCRAFT_AUTHOR_REWARD_CURVE {"phase": "author_curve_complete", "rank": 1, "pid": 116402, "completed_cases": 6, "native_forward_calls": 273, "unix": 1791259874.806928, "case_index": 6, "traj_uid": "3acfdb12-d96c-43c8-b625-5ae470e26e06", "view": "positive_MAS", "score_seconds": 9.081847876310349, "seconds": 18.098181802779436, "native_score_calls": 21}
[36m(AuthorRewardCurveWorker pid=116402)[0m TEXTCRAFT_AUTHOR_REWARD_CURVE {"phase": "author_curve_begin", "rank": 1, "pid": 116402, "completed_cases": 6, "native_forward_calls": 273, "unix": 1791259874.8708785, "case_index": 6, "traj_uid": "3acfdb12-d96c-43c8-b625-5ae470e26e06", "view": "signed_RISE", "score_seconds": 9.081847876310349, "score_points": 21}
[36m(AuthorRewardCurveWorker pid=116402)[0m TEXTCRAFT_AUTHOR_REWARD_CURVE {"phase": "author_score_complete", "rank": 1, "pid": 116402, "completed_cases": 6, "native_forward_calls": 274, "unix": 1791259875.7267337, "case_index": 6, "traj_uid": "3acfdb12-d96c-43c8-b625-5ae470e26e06", "view": "signed_RISE", "score_seconds": 9.519666358828545, "point_index": 0, "raw_logp": -0.13231927156448364, "author_deleted_source_indices": [], "author_current_group_source_indices": [], "author_deleted_input_positions": [], "same_set_saved_d_sum": 0.0, "scorer_seconds": 0.437955129891634}
[36m(AuthorRewardCurveWorker pid=114960)[0m TEXTCRAFT_AUTHOR_REWARD_CURVE {"phase": "author_score_complete", "rank": 0, "pid": 114960, "completed_cases": 6, "native_forward_calls": 281, "unix": 1791259881.6473746, "case_index": 6, "traj_uid": "fe3afba6-74d2-441b-bab0-f173f4be70df", "view": "signed_RISE", "score_seconds": 15.984263721853495, "point_index": 7, "raw_logp": -0.9845625758171082, "author_deleted_source_indices": [4, 115, 8, 118, 88, 11, 67, 117, 99, 9, 58, 60, 100, 101, 84, 35, 112, 33, 113, 5, 68, 80, 47, 128, 12, 30, 57, 64, 55, 106, 20, 123, 97, 78, 34, 61, 13, 63, 109, 44, 70, 129, 111, 131, 56, 6, 29, 32, 76, 21, 50], "author_current_group_source_indices": [56, 6, 29, 32, 76, 21, 50], "author_deleted_input_positions": [650, 761, 654, 764, 734, 657, 713, 763, 745, 655, 704, 706, 746, 747, 730, 681, 758, 679, 759, 651, 714, 726, 693, 774, 658, 676, 703, 710, 701, 752, 666, 769, 743, 724, 680, 707, 659, 709, 755, 690, 716, 775, 757, 777, 702, 652, 675, 678, 722, 667, 696], "same_set_saved_d_sum": 0.19268868558741342, "scorer_seconds": 0.5608279369771481}[32m [repeated 12x across cluster][0m
[36m(AuthorRewardCurveWorker pid=114960)[0m TEXTCRAFT_AUTHOR_REWARD_CURVE {"phase": "author_score_complete", "rank": 0, "pid": 114960, "completed_cases": 6, "native_forward_calls": 287, "unix": 1791259886.8356102, "case_index": 6, "traj_uid": "fe3afba6-74d2-441b-bab0-f173f4be70df", "view": "signed_RISE", "score_seconds": 19.31213514134288, "point_index": 13, "raw_logp": -0.755425751209259, "author_deleted_source_indices": [4, 115, 8, 118, 88, 11, 67, 117, 99, 9, 58, 60, 100, 101, 84, 35, 112, 33, 113, 5, 68, 80, 47, 128, 12, 30, 57, 64, 55, 106, 20, 123, 97, 78, 34, 61, 13, 63, 109, 44, 70, 129, 111, 131, 56, 6, 29, 32, 76, 21, 50, 121, 42, 71, 23, 18, 98, 141, 110, 134, 48, 83, 17, 53, 62, 108, 65, 7, 22, 86, 46, 66, 116, 93, 89, 16, 15, 25, 51, 126, 114, 104, 54, 73, 69, 107, 92, 91, 31, 85, 105, 119, 24], "author_current_group_source_indices": [92, 91, 31, 85, 105, 119, 24], "author_deleted_input_positions": [650, 761, 654, 764, 734, 657, 713, 763, 745, 655, 704, 706, 746, 747, 730, 681, 758, 679, 759, 651, 714, 726, 693, 774, 658, 676, 703, 710, 701, 752, 666, 769, 743, 724, 680, 707, 659, 709, 755, 690, 716, 775, 757, 777, 702, 652, 675, 678, 722, 667, 696, 767, 688, 717, 669, 664, 744, 787, 756, 780, 694, 729, 663, 699, 708, 754, 711, 653, 668, 732, 692, 712, 762, 739, 735, 662, 661, 671, 697, 772, 760, 750, 700, 719, 715, 753, 738, 737, 677, 731, 751, 765, 670], "same_set_saved_d_sum": 0.14988417075204186, "scorer_seconds": 0.5630175806581974}[32m [repeated 12x across cluster][0m
[36m(AuthorRewardCurveWorker pid=114960)[0m TEXTCRAFT_AUTHOR_REWARD_CURVE {"phase": "author_score_complete", "rank": 0, "pid": 114960, "completed_cases": 6, "native_forward_calls": 293, "unix": 1791259892.0256677, "case_index": 6, "traj_uid": "fe3afba6-74d2-441b-bab0-f173f4be70df", "view": "signed_RISE", "score_seconds": 22.548313468694687, "point_index": 19, "raw_logp": -0.48405277729034424, "author_deleted_source_indices": [4, 115, 8, 118, 88, 11, 67, 117, 99, 9, 58, 60, 100, 101, 84, 35, 112, 33, 113, 5, 68, 80, 47, 128, 12, 30, 57, 64, 55, 106, 20, 123, 97, 78, 34, 61, 13, 63, 109, 44, 70, 129, 111, 131, 56, 6, 29, 32, 76, 21, 50, 121, 42, 71, 23, 18, 98, 141, 110, 134, 48, 83, 17, 53, 62, 108, 65, 7, 22, 86, 46, 66, 116, 93, 89, 16, 15, 25, 51, 126, 114, 104, 54, 73, 69, 107, 92, 91, 31, 85, 105, 119, 24, 14, 52, 81, 122, 40, 49, 79, 95, 103, 36, 137, 135, 59, 72, 27, 41, 26, 94, 87, 10, 74, 120, 96, 75, 45, 124, 19, 102, 28, 38, 139, 43, 77, 39, 82, 132, 90, 130, 136, 127, 125, 37], "author_current_group_source_indices": [132, 90, 130, 136, 127, 125, 37], "author_deleted_input_positions": [650, 761, 654, 764, 734, 657, 713, 763, 745, 655, 704, 706, 746, 747, 730, 681, 758, 679, 759, 651, 714, 726, 693, 774, 658, 676, 703, 710, 701, 752, 666, 769, 743, 724, 680, 707, 659, 709, 755, 690, 716, 775, 757, 777, 702, 652, 675, 678, 722, 667, 696, 767, 688, 717, 669, 664, 744, 787, 756, 780, 694, 729, 663, 699, 708, 754, 711, 653, 668, 732, 692, 712, 762, 739, 735, 662, 661, 671, 697, 772, 760, 750, 700, 719, 715, 753, 738, 737, 677, 731, 751, 765, 670, 660, 698, 727, 768, 686, 695, 725, 741, 749, 682, 783, 781, 705, 718, 673, 687, 672, 740, 733, 656, 720, 766, 742, 721, 691, 770, 665, 748, 674, 684, 785, 689, 723, 685, 728, 778, 736, 776, 782, 773, 771, 683], "same_set_saved_d_sum": -0.060871208919706904, "scorer_seconds": 0.5496000833809376}[32m [repeated 12x across cluster][0m
[36m(AuthorRewardCurveWorker pid=114960)[0m TEXTCRAFT_AUTHOR_REWARD_CURVE {"phase": "author_curve_complete", "rank": 0, "pid": 114960, "completed_cases": 6, "native_forward_calls": 294, "unix": 1791259892.953794, "case_index": 6, "traj_uid": "fe3afba6-74d2-441b-bab0-f173f4be70df", "view": "signed_RISE", "score_seconds": 23.1033833399415, "seconds": 18.186227522790432, "native_score_calls": 21}
[36m(AuthorRewardCurveWorker pid=114960)[0m TEXTCRAFT_AUTHOR_REWARD_CURVE {"phase": "author_case_complete", "rank": 0, "pid": 114960, "completed_cases": 7, "native_forward_calls": 294, "unix": 1791259893.1615155, "last_seconds": 36.5661549679935}
[36m(AuthorRewardCurveWorker pid=114960)[0m TEXTCRAFT_AUTHOR_REWARD_CURVE {"phase": "author_case_begin", "rank": 0, "pid": 114960, "completed_cases": 7, "native_forward_calls": 294, "unix": 1791259893.214859, "case_index": 7, "traj_uid": "e39a719e-154d-40bf-b1e5-5a4a7a9179ee"}
[36m(AuthorRewardCurveWorker pid=114960)[0m TEXTCRAFT_AUTHOR_REWARD_CURVE {"phase": "author_curve_begin", "rank": 0, "pid": 114960, "completed_cases": 7, "native_forward_calls": 294, "unix": 1791259893.487853, "case_index": 7, "traj_uid": "e39a719e-154d-40bf-b1e5-5a4a7a9179ee", "view": "positive_MAS", "score_seconds": 0, "score_points": 21}
[36m(AuthorRewardCurveWorker pid=114960)[0m TEXTCRAFT_AUTHOR_REWARD_CURVE {"phase": "author_score_complete", "rank": 0, "pid": 114960, "completed_cases": 7, "native_forward_calls": 295, "unix": 1791259894.4709444, "case_index": 7, "traj_uid": "e39a719e-154d-40bf-b1e5-5a4a7a9179ee", "view": "positive_MAS", "score_seconds": 0.6239394992589951, "point_index": 0, "raw_logp": -0.5507224798202515, "author_deleted_source_indices": [], "author_current_group_source_indices": [], "author_deleted_input_positions": [], "same_set_saved_d_sum": 0.0, "scorer_seconds": 0.6241126731038094}
[36m(AuthorRewardCurveWorker pid=114960)[0m TEXTCRAFT_AUTHOR_REWARD_CURVE {"phase": "author_score_complete", "rank": 0, "pid": 114960, "completed_cases": 7, "native_forward_calls": 296, "unix": 1791259895.4043548, "case_index": 7, "traj_uid": "e39a719e-154d-40bf-b1e5-5a4a7a9179ee", "view": "positive_MAS", "score_seconds": 1.2111409790813923, "point_index": 1, "raw_logp": -0.7934823632240295, "author_deleted_source_indices": [5, 4, 401, 133, 158, 403, 400, 405, 485, 182, 97, 431, 497, 188, 17, 140, 137, 394, 313, 168, 10, 282, 279, 509, 6, 283], "author_current_group_source_indices": [5, 4, 401, 133, 158, 403, 400, 405, 485, 182, 97, 431, 497, 188, 17, 140, 137, 394, 313, 168, 10, 282, 279, 509, 6, 283], "author_deleted_input_positions": [552, 551, 948, 680, 705, 950, 947, 952, 1032, 729, 644, 978, 1044, 735, 564, 687, 684, 941, 860, 715, 557, 829, 826, 1056, 553, 830], "same_set_saved_d_sum": 0.31113130569475805, "scorer_seconds": 0.5873505175113678}
[36m(AuthorRewardCurveWorker pid=116402)[0m TEXTCRAFT_AUTHOR_REWARD_CURVE {"phase": "author_score_complete", "rank": 1, "pid": 116402, "completed_cases": 6, "native_forward_calls": 294, "unix": 1791259893.0027664, "case_index": 6, "traj_uid": "3acfdb12-d96c-43c8-b625-5ae470e26e06", "view": "signed_RISE", "score_seconds": 18.29373660311103, "point_index": 20, "raw_logp": -0.22234435379505157, "author_deleted_source_indices": [332, 0, 382, 333, 335, 385, 338, 334, 18, 336, 384, 173, 126, 106, 346, 107, 381, 342, 156, 4, 325, 7, 258, 358, 337, 11, 35, 50, 386, 63, 8, 252, 347, 163, 361, 136, 349, 313, 154, 201, 263, 350, 375, 345, 6, 376, 82, 219, 174, 5, 374, 16, 10, 287, 199, 180, 311, 28, 141, 209, 27, 304, 117, 383, 14, 40, 326, 152, 186, 360, 267, 46, 144, 240, 359, 318, 81, 185, 355, 158, 278, 24, 270, 172, 165, 105, 221, 210, 273, 86, 179, 316, 149, 202, 92, 306, 74, 366, 193, 353, 119, 187, 1, 87, 33, 243, 97, 200, 279, 377, 9, 128, 19, 280, 294, 272, 340, 314, 302, 157, 380, 94, 178, 264, 266, 116, 307, 352, 205, 175, 118, 271, 77, 282, 204, 370, 176, 213, 296, 114, 378, 17, 218, 85, 303, 315, 274, 310, 257, 167, 89, 150, 53, 166, 23, 220, 301, 90, 265, 22, 191, 281, 122, 244, 100, 21, 217, 51, 84, 79, 45, 20, 146, 241, 329, 268, 148, 228, 195, 188, 308, 62, 223, 121, 242, 160, 71, 96, 99, 143, 277, 324, 120, 354, 125, 123, 95, 111, 269, 247, 379, 98, 207, 15, 363, 194, 181, 320, 184, 309, 373, 130, 323, 317, 127, 43, 102, 348, 56, 80, 60, 389, 49, 206, 364, 134, 288, 284, 246, 322, 233, 226, 39, 13, 57, 76, 276, 285, 197, 357, 203, 171, 319, 73, 145, 69, 38, 72, 292, 59, 133, 34, 253, 104, 140, 162, 229, 151, 189, 159, 211, 225, 371, 283, 369, 256, 88, 286, 251, 237, 177, 262, 182, 93, 190, 289, 260, 164, 227, 300, 224, 78, 231, 25, 295, 52, 101, 245, 250, 41, 142, 75, 137, 48, 129, 341, 153, 91, 26, 31, 215, 344, 222, 155, 343, 113, 110, 30, 12, 236, 112, 139, 290, 293, 235, 305, 321, 36, 83, 208, 132, 32, 138, 124, 131, 196, 183, 192, 161, 312, 297, 61, 70, 356, 261, 66, 147, 58, 68, 232, 108, 249, 299, 387, 367, 362, 169, 372, 216, 168, 55, 42, 298, 170, 44, 339, 365, 275, 115, 351, 238, 109, 230, 65, 67, 54, 259, 239, 47, 198, 212, 327, 29, 254, 64, 248, 291, 135, 214, 234, 37, 368, 328, 103, 388, 255, 3, 2, 330, 331], "author_current_group_source_indices": [327, 29, 254, 64, 248, 291, 135, 214, 234, 37, 368, 328, 103, 388, 255, 3, 2, 330, 331], "author_deleted_input_positions": [677, 345, 727, 678, 680, 730, 683, 679, 363, 681, 729, 518, 471, 451, 691, 452, 726, 687, 501, 349, 670, 352, 603, 703, 682, 356, 380, 395, 731, 408, 353, 597, 692, 508, 706, 481, 694, 658, 499, 546, 608, 695, 720, 690, 351, 721, 427, 564, 519, 350, 719, 361, 355, 632, 544, 525, 656, 373, 486, 554, 372, 649, 462, 728, 359, 385, 671, 497, 531, 705, 612, 391, 489, 585, 704, 663, 426, 530, 700, 503, 623, 369, 615, 517, 510, 450, 566, 555, 618, 431, 524, 661, 494, 547, 437, 651, 419, 711, 538, 698, 464, 532, 346, 432, 378, 588, 442, 545, 624, 722, 354, 473, 364, 625, 639, 617, 685, 659, 647, 502, 725, 439, 523, 609, 611, 461, 652, 697, 550, 520, 463, 616, 422, 627, 549, 715, 521, 558, 641, 459, 723, 362, 563, 430, 648, 660, 619, 655, 602, 512, 434, 495, 398, 511, 368, 565, 646, 435, 610, 367, 536, 626, 467, 589, 445, 366, 562, 396, 429, 424, 390, 365, 491, 586, 674, 613, 493, 573, 540, 533, 653, 407, 568, 466, 587, 505, 416, 441, 444, 488, 622, 669, 465, 699, 470, 468, 440, 456, 614, 592, 724, 443, 552, 360, 708, 539, 526, 665, 529, 654, 718, 475, 668, 662, 472, 388, 447, 693, 401, 425, 405, 734, 394, 551, 709, 479, 633, 629, 591, 667, 578, 571, 384, 358, 402, 421, 621, 630, 542, 702, 548, 516, 664, 418, 490, 414, 383, 417, 637, 404, 478, 379, 598, 449, 485, 507, 574, 496, 534, 504, 556, 570, 716, 628, 714, 601, 433, 631, 596, 582, 522, 607, 527, 438, 535, 634, 605, 509, 572, 645, 569, 423, 576, 370, 640, 397, 446, 590, 595, 386, 487, 420, 482, 393, 474, 686, 498, 436, 371, 376, 560, 689, 567, 500, 688, 458, 455, 375, 357, 581, 457, 484, 635, 638, 580, 650, 666, 381, 428, 553, 477, 377, 483, 469, 476, 541, 528, 537, 506, 657, 642, 406, 415, 701, 606, 411, 492, 403, 413, 577, 453, 594, 644, 732, 712, 707, 514, 717, 561, 513, 400, 387, 643, 515, 389, 684, 710, 620, 460, 696, 583, 454, 575, 410, 412, 399, 604, 584, 392, 543, 557, 672, 374, 599, 409, 593, 636, 480, 559, 579, 382, 713, 673, 448, 733, 600, 348, 347, 675, 676], "same_set_saved_d_sum": 0.10657485461796229, "scorer_seconds": 0.4363601356744766}[32m [repeated 3x across cluster][0m
[36m(AuthorRewardCurveWorker pid=116402)[0m TEXTCRAFT_AUTHOR_REWARD_CURVE {"phase": "author_curve_complete", "rank": 1, "pid": 116402, "completed_cases": 6, "native_forward_calls": 294, "unix": 1791259893.0687966, "case_index": 6, "traj_uid": "3acfdb12-d96c-43c8-b625-5ae470e26e06", "view": "signed_RISE", "score_seconds": 18.29373660311103, "seconds": 18.132467422634363, "native_score_calls": 21}
[36m(AuthorRewardCurveWorker pid=116402)[0m TEXTCRAFT_AUTHOR_REWARD_CURVE {"phase": "author_case_complete", "rank": 1, "pid": 116402, "completed_cases": 7, "native_forward_calls": 294, "unix": 1791259893.492217, "last_seconds": 36.547363225370646}
[36m(AuthorRewardCurveWorker pid=116402)[0m TEXTCRAFT_AUTHOR_REWARD_CURVE {"phase": "author_case_begin", "rank": 1, "pid": 116402, "completed_cases": 7, "native_forward_calls": 294, "unix": 1791259893.5629442, "case_index": 7, "traj_uid": "84819fa1-0765-48ef-a0ee-84f46d155e85"}
[36m(AuthorRewardCurveWorker pid=116402)[0m TEXTCRAFT_AUTHOR_REWARD_CURVE {"phase": "author_curve_begin", "rank": 1, "pid": 116402, "completed_cases": 7, "native_forward_calls": 294, "unix": 1791259893.6664805, "case_index": 7, "traj_uid": "84819fa1-0765-48ef-a0ee-84f46d155e85", "view": "positive_MAS", "score_seconds": 0, "score_points": 21}
[36m(AuthorRewardCurveWorker pid=116402)[0m TEXTCRAFT_AUTHOR_REWARD_CURVE {"phase": "author_score_complete", "rank": 1, "pid": 116402, "completed_cases": 7, "native_forward_calls": 295, "unix": 1791259894.6111841, "case_index": 7, "traj_uid": "84819fa1-0765-48ef-a0ee-84f46d155e85", "view": "positive_MAS", "score_seconds": 0.4430445358157158, "point_index": 0, "raw_logp": -0.6890167593955994, "author_deleted_source_indices": [], "author_current_group_source_indices": [], "author_deleted_input_positions": [], "same_set_saved_d_sum": 0.0, "scorer_seconds": 0.4432199038565159}
[36m(AuthorRewardCurveWorker pid=114960)[0m TEXTCRAFT_AUTHOR_REWARD_CURVE {"phase": "author_score_complete", "rank": 0, "pid": 114960, "completed_cases": 7, "native_forward_calls": 302, "unix": 1791259901.037647, "case_index": 7, "traj_uid": "e39a719e-154d-40bf-b1e5-5a4a7a9179ee", "view": "positive_MAS", "score_seconds": 4.733660098165274, "point_index": 7, "raw_logp": -0.9513638019561768, "author_deleted_source_indices": [5, 4, 401, 133, 158, 403, 400, 405, 485, 182, 97, 431, 497, 188, 17, 140, 137, 394, 313, 168, 10, 282, 279, 509, 6, 283, 290, 272, 190, 375, 408, 196, 404, 23, 187, 250, 468, 387, 238, 475, 280, 46, 19, 365, 71, 143, 189, 434, 184, 51, 203, 67, 284, 458, 439, 167, 420, 243, 68, 277, 227, 216, 395, 270, 278, 471, 508, 166, 418, 263, 64, 177, 407, 18, 11, 437, 247, 386, 507, 128, 44, 74, 344, 417, 325, 136, 179, 159, 60, 383, 62, 271, 88, 258, 236, 235, 467, 185, 90, 430, 186, 273, 309, 12, 476, 412, 291, 240, 132, 72, 260, 92, 85, 29, 146, 455, 8, 349, 16, 163, 126, 359, 228, 256, 488, 232, 191, 481, 226, 308, 396, 463, 225, 262, 350, 94, 210, 314, 36, 447, 503, 402, 170, 472, 351, 160, 331, 75, 378, 347, 178, 424, 59, 281, 321, 303, 223, 340, 261, 180, 345, 63, 86, 435, 296, 152, 464, 181, 448, 293, 385, 32, 112, 372, 419, 355, 318, 84, 76, 326, 103, 317], "author_current_group_source_indices": [223, 340, 261, 180, 345, 63, 86, 435, 296, 152, 464, 181, 448, 293, 385, 32, 112, 372, 419, 355, 318, 84, 76, 326, 103, 317], "author_deleted_input_positions": [552, 551, 948, 680, 705, 950, 947, 952, 1032, 729, 644, 978, 1044, 735, 564, 687, 684, 941, 860, 715, 557, 829, 826, 1056, 553, 830, 837, 819, 737, 922, 955, 743, 951, 570, 734, 797, 1015, 934, 785, 1022, 827, 593, 566, 912, 618, 690, 736, 981, 731, 598, 750, 614, 831, 1005, 986, 714, 967, 790, 615, 824, 774, 763, 942, 817, 825, 1018, 1055, 713, 965, 810, 611, 724, 954, 565, 558, 984, 794, 933, 1054, 675, 591, 621, 891, 964, 872, 683, 726, 706, 607, 930, 609, 818, 635, 805, 783, 782, 1014, 732, 637, 977, 733, 820, 856, 559, 1023, 959, 838, 787, 679, 619, 807, 639, 632, 576, 693, 1002, 555, 896, 563, 710, 673, 906, 775, 803, 1035, 779, 738, 1028, 773, 855, 943, 1010, 772, 809, 897, 641, 757, 861, 583, 994, 1050, 949, 717, 1019, 898, 707, 878, 622, 925, 894, 725, 971, 606, 828, 868, 850, 770, 887, 808, 727, 892, 610, 633, 982, 843, 699, 1011, 728, 995, 840, 932, 579, 659, 919, 966, 902, 865, 631, 623, 873, 650, 864], "same_set_saved_d_sum": 0.7806910687232678, "scorer_seconds": 0.5982905477285385}[32m [repeated 12x across cluster][0m
[36m(AuthorRewardCurveWorker pid=114960)[0m TEXTCRAFT_AUTHOR_REWARD_CURVE {"phase": "author_score_complete", "rank": 0, "pid": 114960, "completed_cases": 7, "native_forward_calls": 308, "unix": 1791259906.6178591, "case_index": 7, "traj_uid": "e39a719e-154d-40bf-b1e5-5a4a7a9179ee", "view": "positive_MAS", "score_seconds": 8.30186541378498, "point_index": 13, "raw_logp": -0.39502447843551636, "author_deleted_source_indices": [5, 4, 401, 133, 158, 403, 400, 405, 485, 182, 97, 431, 497, 188, 17, 140, 137, 394, 313, 168, 10, 282, 279, 509, 6, 283, 290, 272, 190, 375, 408, 196, 404, 23, 187, 250, 468, 387, 238, 475, 280, 46, 19, 365, 71, 143, 189, 434, 184, 51, 203, 67, 284, 458, 439, 167, 420, 243, 68, 277, 227, 216, 395, 270, 278, 471, 508, 166, 418, 263, 64, 177, 407, 18, 11, 437, 247, 386, 507, 128, 44, 74, 344, 417, 325, 136, 179, 159, 60, 383, 62, 271, 88, 258, 236, 235, 467, 185, 90, 430, 186, 273, 309, 12, 476, 412, 291, 240, 132, 72, 260, 92, 85, 29, 146, 455, 8, 349, 16, 163, 126, 359, 228, 256, 488, 232, 191, 481, 226, 308, 396, 463, 225, 262, 350, 94, 210, 314, 36, 447, 503, 402, 170, 472, 351, 160, 331, 75, 378, 347, 178, 424, 59, 281, 321, 303, 223, 340, 261, 180, 345, 63, 86, 435, 296, 152, 464, 181, 448, 293, 385, 32, 112, 372, 419, 355, 318, 84, 76, 326, 103, 317, 246, 55, 77, 43, 38, 348, 264, 229, 175, 201, 26, 157, 150, 450, 42, 274, 212, 195, 13, 338, 438, 316, 370, 398, 214, 470, 499, 33, 356, 119, 221, 47, 373, 121, 138, 319, 116, 456, 224, 78, 307, 14, 211, 397, 117, 506, 295, 339, 320, 268, 379, 389, 37, 294, 220, 334, 333, 174, 322, 433, 440, 79, 154, 153, 436, 445, 34, 100, 337, 205, 142, 406, 209, 130, 267, 501, 129, 357, 444, 469, 0, 368, 486, 484, 483, 482, 480, 362, 479, 478, 487, 363, 364, 399, 477, 474, 473, 366, 367, 490, 500, 353, 354, 496, 495, 494, 493, 492, 358, 491, 511, 352, 502, 504, 505, 510, 489, 360, 361, 498, 388, 384, 432, 429, 428, 427, 426, 425, 512, 423, 422, 421, 441, 416, 390, 391, 392, 415, 393, 414, 413, 411, 410, 409, 376, 466, 371, 465, 374, 462, 461, 460, 459, 457, 454, 453], "author_current_group_source_indices": [422, 421, 441, 416, 390, 391, 392, 415, 393, 414, 413, 411, 410, 409, 376, 466, 371, 465, 374, 462, 461, 460, 459, 457, 454, 453], "author_deleted_input_positions": [552, 551, 948, 680, 705, 950, 947, 952, 1032, 729, 644, 978, 1044, 735, 564, 687, 684, 941, 860, 715, 557, 829, 826, 1056, 553, 830, 837, 819, 737, 922, 955, 743, 951, 570, 734, 797, 1015, 934, 785, 1022, 827, 593, 566, 912, 618, 690, 736, 981, 731, 598, 750, 614, 831, 1005, 986, 714, 967, 790, 615, 824, 774, 763, 942, 817, 825, 1018, 1055, 713, 965, 810, 611, 724, 954, 565, 558, 984, 794, 933, 1054, 675, 591, 621, 891, 964, 872, 683, 726, 706, 607, 930, 609, 818, 635, 805, 783, 782, 1014, 732, 637, 977, 733, 820, 856, 559, 1023, 959, 838, 787, 679, 619, 807, 639, 632, 576, 693, 1002, 555, 896, 563, 710, 673, 906, 775, 803, 1035, 779, 738, 1028, 773, 855, 943, 1010, 772, 809, 897, 641, 757, 861, 583, 994, 1050, 949, 717, 1019, 898, 707, 878, 622, 925, 894, 725, 971, 606, 828, 868, 850, 770, 887, 808, 727, 892, 610, 633, 982, 843, 699, 1011, 728, 995, 840, 932, 579, 659, 919, 966, 902, 865, 631, 623, 873, 650, 864, 793, 602, 624, 590, 585, 895, 811, 776, 722, 748, 573, 704, 697, 997, 589, 821, 759, 742, 560, 885, 985, 863, 917, 945, 761, 1017, 1046, 580, 903, 666, 768, 594, 920, 668, 685, 866, 663, 1003, 771, 625, 854, 561, 758, 944, 664, 1053, 842, 886, 867, 815, 926, 936, 584, 841, 767, 881, 880, 721, 869, 980, 987, 626, 701, 700, 983, 992, 581, 647, 884, 752, 689, 953, 756, 677, 814, 1048, 676, 904, 991, 1016, 547, 915, 1033, 1031, 1030, 1029, 1027, 909, 1026, 1025, 1034, 910, 911, 946, 1024, 1021, 1020, 913, 914, 1037, 1047, 900, 901, 1043, 1042, 1041, 1040, 1039, 905, 1038, 1058, 899, 1049, 1051, 1052, 1057, 1036, 907, 908, 1045, 935, 931, 979, 976, 975, 974, 973, 972, 1059, 970, 969, 968, 988, 963, 937, 938, 939, 962, 940, 961, 960, 958, 957, 956, 923, 1013, 918, 1012, 921, 1009, 1008, 1007, 1006, 1004, 1001, 1000], "same_set_saved_d_sum": 0.32680286788755836, "scorer_seconds": 0.5934836305677891}[32m [repeated 12x across cluster][0m
[36m(AuthorRewardCurveWorker pid=114960)[0m TEXTCRAFT_AUTHOR_REWARD_CURVE {"phase": "author_score_complete", "rank": 0, "pid": 114960, "completed_cases": 7, "native_forward_calls": 314, "unix": 1791259912.1781056, "case_index": 7, "traj_uid": "e39a719e-154d-40bf-b1e5-5a4a7a9179ee", "view": "positive_MAS", "score_seconds": 11.823353547602892, "point_index": 19, "raw_logp": -0.24730168282985687, "author_deleted_source_indices": [5, 4, 401, 133, 158, 403, 400, 405, 485, 182, 97, 431, 497, 188, 17, 140, 137, 394, 313, 168, 10, 282, 279, 509, 6, 283, 290, 272, 190, 375, 408, 196, 404, 23, 187, 250, 468, 387, 238, 475, 280, 46, 19, 365, 71, 143, 189, 434, 184, 51, 203, 67, 284, 458, 439, 167, 420, 243, 68, 277, 227, 216, 395, 270, 278, 471, 508, 166, 418, 263, 64, 177, 407, 18, 11, 437, 247, 386, 507, 128, 44, 74, 344, 417, 325, 136, 179, 159, 60, 383, 62, 271, 88, 258, 236, 235, 467, 185, 90, 430, 186, 273, 309, 12, 476, 412, 291, 240, 132, 72, 260, 92, 85, 29, 146, 455, 8, 349, 16, 163, 126, 359, 228, 256, 488, 232, 191, 481, 226, 308, 396, 463, 225, 262, 350, 94, 210, 314, 36, 447, 503, 402, 170, 472, 351, 160, 331, 75, 378, 347, 178, 424, 59, 281, 321, 303, 223, 340, 261, 180, 345, 63, 86, 435, 296, 152, 464, 181, 448, 293, 385, 32, 112, 372, 419, 355, 318, 84, 76, 326, 103, 317, 246, 55, 77, 43, 38, 348, 264, 229, 175, 201, 26, 157, 150, 450, 42, 274, 212, 195, 13, 338, 438, 316, 370, 398, 214, 470, 499, 33, 356, 119, 221, 47, 373, 121, 138, 319, 116, 456, 224, 78, 307, 14, 211, 397, 117, 506, 295, 339, 320, 268, 379, 389, 37, 294, 220, 334, 333, 174, 322, 433, 440, 79, 154, 153, 436, 445, 34, 100, 337, 205, 142, 406, 209, 130, 267, 501, 129, 357, 444, 469, 0, 368, 486, 484, 483, 482, 480, 362, 479, 478, 487, 363, 364, 399, 477, 474, 473, 366, 367, 490, 500, 353, 354, 496, 495, 494, 493, 492, 358, 491, 511, 352, 502, 504, 505, 510, 489, 360, 361, 498, 388, 384, 432, 429, 428, 427, 426, 425, 512, 423, 422, 421, 441, 416, 390, 391, 392, 415, 393, 414, 413, 411, 410, 409, 376, 466, 371, 465, 374, 462, 461, 460, 459, 457, 454, 453, 369, 377, 452, 451, 380, 449, 446, 443, 442, 381, 382, 105, 118, 115, 114, 113, 111, 110, 109, 108, 107, 106, 120, 104, 102, 101, 99, 98, 96, 95, 93, 91, 141, 161, 156, 155, 151, 149, 148, 147, 145, 144, 89, 139, 135, 134, 131, 127, 125, 124, 123, 122, 24, 45, 41, 40, 39, 35, 31, 30, 28, 27, 25, 48, 22, 21, 20, 15, 9, 7, 3, 2, 1, 65, 87, 83, 82, 81, 80, 73, 70, 69, 66, 162, 61, 58, 57, 56, 54, 53, 52, 50, 49, 285, 301, 300, 299, 298, 297, 292, 289, 288, 287, 286, 302, 276, 275, 269, 266, 265, 259, 257, 255, 254, 327, 343, 342, 341, 336, 335, 332, 330, 329, 328, 253, 324, 323, 315, 312, 311, 310, 306, 305, 304, 193, 208, 207, 206, 204, 202, 200, 199, 198, 197, 194, 213, 192, 183, 176, 173], "author_current_group_source_indices": [324, 323, 315, 312, 311, 310, 306, 305, 304, 193, 208, 207, 206, 204, 202, 200, 199, 198, 197, 194, 213, 192, 183, 176, 173], "author_deleted_input_positions": [552, 551, 948, 680, 705, 950, 947, 952, 1032, 729, 644, 978, 1044, 735, 564, 687, 684, 941, 860, 715, 557, 829, 826, 1056, 553, 830, 837, 819, 737, 922, 955, 743, 951, 570, 734, 797, 1015, 934, 785, 1022, 827, 593, 566, 912, 618, 690, 736, 981, 731, 598, 750, 614, 831, 1005, 986, 714, 967, 790, 615, 824, 774, 763, 942, 817, 825, 1018, 1055, 713, 965, 810, 611, 724, 954, 565, 558, 984, 794, 933, 1054, 675, 591, 621, 891, 964, 872, 683, 726, 706, 607, 930, 609, 818, 635, 805, 783, 782, 1014, 732, 637, 977, 733, 820, 856, 559, 1023, 959, 838, 787, 679, 619, 807, 639, 632, 576, 693, 1002, 555, 896, 563, 710, 673, 906, 775, 803, 1035, 779, 738, 1028, 773, 855, 943, 1010, 772, 809, 897, 641, 757, 861, 583, 994, 1050, 949, 717, 1019, 898, 707, 878, 622, 925, 894, 725, 971, 606, 828, 868, 850, 770, 887, 808, 727, 892, 610, 633, 982, 843, 699, 1011, 728, 995, 840, 932, 579, 659, 919, 966, 902, 865, 631, 623, 873, 650, 864, 793, 602, 624, 590, 585, 895, 811, 776, 722, 748, 573, 704, 697, 997, 589, 821, 759, 742, 560, 885, 985, 863, 917, 945, 761, 1017, 1046, 580, 903, 666, 768, 594, 920, 668, 685, 866, 663, 1003, 771, 625, 854, 561, 758, 944, 664, 1053, 842, 886, 867, 815, 926, 936, 584, 841, 767, 881, 880, 721, 869, 980, 987, 626, 701, 700, 983, 992, 581, 647, 884, 752, 689, 953, 756, 677, 814, 1048, 676, 904, 991, 1016, 547, 915, 1033, 1031, 1030, 1029, 1027, 909, 1026, 1025, 1034, 910, 911, 946, 1024, 1021, 1020, 913, 914, 1037, 1047, 900, 901, 1043, 1042, 1041, 1040, 1039, 905, 1038, 1058, 899, 1049, 1051, 1052, 1057, 1036, 907, 908, 1045, 935, 931, 979, 976, 975, 974, 973, 972, 1059, 970, 969, 968, 988, 963, 937, 938, 939, 962, 940, 961, 960, 958, 957, 956, 923, 1013, 918, 1012, 921, 1009, 1008, 1007, 1006, 1004, 1001, 1000, 916, 924, 999, 998, 927, 996, 993, 990, 989, 928, 929, 652, 665, 662, 661, 660, 658, 657, 656, 655, 654, 653, 667, 651, 649, 648, 646, 645, 643, 642, 640, 638, 688, 708, 703, 702, 698, 696, 695, 694, 692, 691, 636, 686, 682, 681, 678, 674, 672, 671, 670, 669, 571, 592, 588, 587, 586, 582, 578, 577, 575, 574, 572, 595, 569, 568, 567, 562, 556, 554, 550, 549, 548, 612, 634, 630, 629, 628, 627, 620, 617, 616, 613, 709, 608, 605, 604, 603, 601, 600, 599, 597, 596, 832, 848, 847, 846, 845, 844, 839, 836, 835, 834, 833, 849, 823, 822, 816, 813, 812, 806, 804, 802, 801, 874, 890, 889, 888, 883, 882, 879, 877, 876, 875, 800, 871, 870, 862, 859, 858, 857, 853, 852, 851, 740, 755, 754, 753, 751, 749, 747, 746, 745, 744, 741, 760, 739, 730, 723, 720], "same_set_saved_d_sum": -0.2817791198403069, "scorer_seconds": 0.5924909189343452}[32m [repeated 12x across cluster][0m
[36m(AuthorRewardCurveWorker pid=114960)[0m TEXTCRAFT_AUTHOR_REWARD_CURVE {"phase": "author_curve_complete", "rank": 0, "pid": 114960, "completed_cases": 7, "native_forward_calls": 315, "unix": 1791259913.160031, "case_index": 7, "traj_uid": "e39a719e-154d-40bf-b1e5-5a4a7a9179ee", "view": "positive_MAS", "score_seconds": 12.414723761379719, "seconds": 19.614899795502424, "native_score_calls": 21}
[36m(AuthorRewardCurveWorker pid=114960)[0m TEXTCRAFT_AUTHOR_REWARD_CURVE {"phase": "author_curve_begin", "rank": 0, "pid": 114960, "completed_cases": 7, "native_forward_calls": 315, "unix": 1791259913.209978, "case_index": 7, "traj_uid": "e39a719e-154d-40bf-b1e5-5a4a7a9179ee", "view": "signed_RISE", "score_seconds": 12.414723761379719, "score_points": 21}
[36m(AuthorRewardCurveWorker pid=114960)[0m TEXTCRAFT_AUTHOR_REWARD_CURVE {"phase": "author_score_complete", "rank": 0, "pid": 114960, "completed_cases": 7, "native_forward_calls": 316, "unix": 1791259914.1610036, "case_index": 7, "traj_uid": "e39a719e-154d-40bf-b1e5-5a4a7a9179ee", "view": "signed_RISE", "score_seconds": 13.028275590389967, "point_index": 0, "raw_logp": -0.5507224798202515, "author_deleted_source_indices": [], "author_current_group_source_indices": [], "author_deleted_input_positions": [], "same_set_saved_d_sum": 0.0, "scorer_seconds": 0.6136847920715809}
[36m(AuthorRewardCurveWorker pid=114960)[0m TEXTCRAFT_AUTHOR_REWARD_CURVE {"phase": "author_score_complete", "rank": 0, "pid": 114960, "completed_cases": 7, "native_forward_calls": 317, "unix": 1791259915.0787144, "case_index": 7, "traj_uid": "e39a719e-154d-40bf-b1e5-5a4a7a9179ee", "view": "signed_RISE", "score_seconds": 13.610738106071949, "point_index": 1, "raw_logp": -0.7934823632240295, "author_deleted_source_indices": [5, 4, 401, 133, 158, 403, 400, 405, 485, 182, 97, 431, 497, 188, 17, 140, 137, 394, 313, 168, 10, 282, 279, 509, 6, 283], "author_current_group_source_indices": [5, 4, 401, 133, 158, 403, 400, 405, 485, 182, 97, 431, 497, 188, 17, 140, 137, 394, 313, 168, 10, 282, 279, 509, 6, 283], "author_deleted_input_positions": [552, 551, 948, 680, 705, 950, 947, 952, 1032, 729, 644, 978, 1044, 735, 564, 687, 684, 941, 860, 715, 557, 829, 826, 1056, 553, 830], "same_set_saved_d_sum": 0.31113130569475805, "scorer_seconds": 0.5825983732938766}
[36m(AuthorRewardCurveWorker pid=116402)[0m TEXTCRAFT_AUTHOR_REWARD_CURVE {"phase": "author_score_complete", "rank": 1, "pid": 116402, "completed_cases": 7, "native_forward_calls": 315, "unix": 1791259913.2521193, "case_index": 7, "traj_uid": "84819fa1-0765-48ef-a0ee-84f46d155e85", "view": "positive_MAS", "score_seconds": 9.281102113425732, "point_index": 20, "raw_logp": -0.15322846174240112, "author_deleted_source_indices": [4, 54, 45, 8, 40, 15, 36, 23, 6, 48, 33, 27, 9, 42, 31, 43, 38, 41, 39, 35, 37, 30, 44, 46, 47, 49, 50, 51, 52, 53, 55, 56, 57, 58, 59, 18, 1, 2, 3, 5, 7, 10, 11, 12, 13, 14, 16, 17, 34, 19, 20, 21, 22, 24, 25, 26, 28, 29, 0, 32], "author_current_group_source_indices": [29, 0, 32], "author_deleted_input_positions": [650, 700, 691, 654, 686, 661, 682, 669, 652, 694, 679, 673, 655, 688, 677, 689, 684, 687, 685, 681, 683, 676, 690, 692, 693, 695, 696, 697, 698, 699, 701, 702, 703, 704, 705, 664, 647, 648, 649, 651, 653, 656, 657, 658, 659, 660, 662, 663, 680, 665, 666, 667, 668, 670, 671, 672, 674, 675, 646, 678], "same_set_saved_d_sum": -0.5542717595762492, "scorer_seconds": 0.43660442531108856}[32m [repeated 3x across cluster][0m
[36m(AuthorRewardCurveWorker pid=116402)[0m TEXTCRAFT_AUTHOR_REWARD_CURVE {"phase": "author_curve_complete", "rank": 1, "pid": 116402, "completed_cases": 7, "native_forward_calls": 315, "unix": 1791259913.3217862, "case_index": 7, "traj_uid": "84819fa1-0765-48ef-a0ee-84f46d155e85", "view": "positive_MAS", "score_seconds": 9.281102113425732, "seconds": 19.58615382760763, "native_score_calls": 21}
[36m(AuthorRewardCurveWorker pid=116402)[0m TEXTCRAFT_AUTHOR_REWARD_CURVE {"phase": "author_curve_begin", "rank": 1, "pid": 116402, "completed_cases": 7, "native_forward_calls": 315, "unix": 1791259913.3868487, "case_index": 7, "traj_uid": "84819fa1-0765-48ef-a0ee-84f46d155e85", "view": "signed_RISE", "score_seconds": 9.281102113425732, "score_points": 21}
[36m(AuthorRewardCurveWorker pid=116402)[0m TEXTCRAFT_AUTHOR_REWARD_CURVE {"phase": "author_score_complete", "rank": 1, "pid": 116402, "completed_cases": 7, "native_forward_calls": 316, "unix": 1791259914.306422, "case_index": 7, "traj_uid": "84819fa1-0765-48ef-a0ee-84f46d155e85", "view": "signed_RISE", "score_seconds": 9.71695326641202, "point_index": 0, "raw_logp": -0.6890167593955994, "author_deleted_source_indices": [], "author_current_group_source_indices": [], "author_deleted_input_positions": [], "same_set_saved_d_sum": 0.0, "scorer_seconds": 0.43599411845207214}
[36m(AuthorRewardCurveWorker pid=114960)[0m TEXTCRAFT_AUTHOR_REWARD_CURVE {"phase": "author_score_complete", "rank": 0, "pid": 114960, "completed_cases": 7, "native_forward_calls": 323, "unix": 1791259920.605937, "case_index": 7, "traj_uid": "e39a719e-154d-40bf-b1e5-5a4a7a9179ee", "view": "signed_RISE", "score_seconds": 17.119474813342094, "point_index": 7, "raw_logp": -0.9513638019561768, "author_deleted_source_indices": [5, 4, 401, 133, 158, 403, 400, 405, 485, 182, 97, 431, 497, 188, 17, 140, 137, 394, 313, 168, 10, 282, 279, 509, 6, 283, 290, 272, 190, 375, 408, 196, 404, 23, 187, 250, 468, 387, 238, 475, 280, 46, 19, 365, 71, 143, 189, 434, 184, 51, 203, 67, 284, 458, 439, 167, 420, 243, 68, 277, 227, 216, 395, 270, 278, 471, 508, 166, 418, 263, 64, 177, 407, 18, 11, 437, 247, 386, 507, 128, 44, 74, 344, 417, 325, 136, 179, 159, 60, 383, 62, 271, 88, 258, 236, 235, 467, 185, 90, 430, 186, 273, 309, 12, 476, 412, 291, 240, 132, 72, 260, 92, 85, 29, 146, 455, 8, 349, 16, 163, 126, 359, 228, 256, 488, 232, 191, 481, 226, 308, 396, 463, 225, 262, 350, 94, 210, 314, 36, 447, 503, 402, 170, 472, 351, 160, 331, 75, 378, 347, 178, 424, 59, 281, 321, 303, 223, 340, 261, 180, 345, 63, 86, 435, 296, 152, 464, 181, 448, 293, 385, 32, 112, 372, 419, 355, 318, 84, 76, 326, 103, 317], "author_current_group_source_indices": [223, 340, 261, 180, 345, 63, 86, 435, 296, 152, 464, 181, 448, 293, 385, 32, 112, 372, 419, 355, 318, 84, 76, 326, 103, 317], "author_deleted_input_positions": [552, 551, 948, 680, 705, 950, 947, 952, 1032, 729, 644, 978, 1044, 735, 564, 687, 684, 941, 860, 715, 557, 829, 826, 1056, 553, 830, 837, 819, 737, 922, 955, 743, 951, 570, 734, 797, 1015, 934, 785, 1022, 827, 593, 566, 912, 618, 690, 736, 981, 731, 598, 750, 614, 831, 1005, 986, 714, 967, 790, 615, 824, 774, 763, 942, 817, 825, 1018, 1055, 713, 965, 810, 611, 724, 954, 565, 558, 984, 794, 933, 1054, 675, 591, 621, 891, 964, 872, 683, 726, 706, 607, 930, 609, 818, 635, 805, 783, 782, 1014, 732, 637, 977, 733, 820, 856, 559, 1023, 959, 838, 787, 679, 619, 807, 639, 632, 576, 693, 1002, 555, 896, 563, 710, 673, 906, 775, 803, 1035, 779, 738, 1028, 773, 855, 943, 1010, 772, 809, 897, 641, 757, 861, 583, 994, 1050, 949, 717, 1019, 898, 707, 878, 622, 925, 894, 725, 971, 606, 828, 868, 850, 770, 887, 808, 727, 892, 610, 633, 982, 843, 699, 1011, 728, 995, 840, 932, 579, 659, 919, 966, 902, 865, 631, 623, 873, 650, 864], "same_set_saved_d_sum": 0.7806910687232678, "scorer_seconds": 0.5748738907277584}[32m [repeated 12x across cluster][0m
[36m(AuthorRewardCurveWorker pid=114960)[0m TEXTCRAFT_AUTHOR_REWARD_CURVE {"phase": "author_score_complete", "rank": 0, "pid": 114960, "completed_cases": 7, "native_forward_calls": 329, "unix": 1791259926.159002, "case_index": 7, "traj_uid": "e39a719e-154d-40bf-b1e5-5a4a7a9179ee", "view": "signed_RISE", "score_seconds": 20.633337579667568, "point_index": 13, "raw_logp": -1.514702558517456, "author_deleted_source_indices": [5, 4, 401, 133, 158, 403, 400, 405, 485, 182, 97, 431, 497, 188, 17, 140, 137, 394, 313, 168, 10, 282, 279, 509, 6, 283, 290, 272, 190, 375, 408, 196, 404, 23, 187, 250, 468, 387, 238, 475, 280, 46, 19, 365, 71, 143, 189, 434, 184, 51, 203, 67, 284, 458, 439, 167, 420, 243, 68, 277, 227, 216, 395, 270, 278, 471, 508, 166, 418, 263, 64, 177, 407, 18, 11, 437, 247, 386, 507, 128, 44, 74, 344, 417, 325, 136, 179, 159, 60, 383, 62, 271, 88, 258, 236, 235, 467, 185, 90, 430, 186, 273, 309, 12, 476, 412, 291, 240, 132, 72, 260, 92, 85, 29, 146, 455, 8, 349, 16, 163, 126, 359, 228, 256, 488, 232, 191, 481, 226, 308, 396, 463, 225, 262, 350, 94, 210, 314, 36, 447, 503, 402, 170, 472, 351, 160, 331, 75, 378, 347, 178, 424, 59, 281, 321, 303, 223, 340, 261, 180, 345, 63, 86, 435, 296, 152, 464, 181, 448, 293, 385, 32, 112, 372, 419, 355, 318, 84, 76, 326, 103, 317, 246, 55, 77, 43, 38, 348, 264, 229, 175, 201, 26, 157, 150, 450, 42, 274, 212, 195, 13, 338, 438, 316, 370, 398, 214, 470, 499, 33, 356, 119, 221, 47, 373, 121, 138, 319, 116, 456, 224, 78, 307, 14, 211, 397, 117, 506, 295, 339, 320, 268, 379, 389, 37, 294, 220, 334, 333, 174, 322, 433, 440, 79, 154, 153, 436, 445, 34, 100, 337, 205, 142, 406, 209, 130, 267, 501, 129, 357, 444, 512, 330, 45, 39, 70, 446, 310, 336, 155, 276, 399, 207, 57, 202, 315, 324, 380, 145, 131, 441, 199, 292, 114, 323, 206, 302, 393, 482, 107, 80, 257, 428, 113, 353, 459, 215, 306, 265, 162, 148, 328, 285, 204, 354, 40, 193, 95, 89, 332, 360, 108, 104, 50, 498, 496, 173, 443, 254, 237, 219, 239, 28, 266, 255, 120, 453, 500, 21, 200, 192, 66, 342, 374, 473, 222, 164, 510], "author_current_group_source_indices": [104, 50, 498, 496, 173, 443, 254, 237, 219, 239, 28, 266, 255, 120, 453, 500, 21, 200, 192, 66, 342, 374, 473, 222, 164, 510], "author_deleted_input_positions": [552, 551, 948, 680, 705, 950, 947, 952, 1032, 729, 644, 978, 1044, 735, 564, 687, 684, 941, 860, 715, 557, 829, 826, 1056, 553, 830, 837, 819, 737, 922, 955, 743, 951, 570, 734, 797, 1015, 934, 785, 1022, 827, 593, 566, 912, 618, 690, 736, 981, 731, 598, 750, 614, 831, 1005, 986, 714, 967, 790, 615, 824, 774, 763, 942, 817, 825, 1018, 1055, 713, 965, 810, 611, 724, 954, 565, 558, 984, 794, 933, 1054, 675, 591, 621, 891, 964, 872, 683, 726, 706, 607, 930, 609, 818, 635, 805, 783, 782, 1014, 732, 637, 977, 733, 820, 856, 559, 1023, 959, 838, 787, 679, 619, 807, 639, 632, 576, 693, 1002, 555, 896, 563, 710, 673, 906, 775, 803, 1035, 779, 738, 1028, 773, 855, 943, 1010, 772, 809, 897, 641, 757, 861, 583, 994, 1050, 949, 717, 1019, 898, 707, 878, 622, 925, 894, 725, 971, 606, 828, 868, 850, 770, 887, 808, 727, 892, 610, 633, 982, 843, 699, 1011, 728, 995, 840, 932, 579, 659, 919, 966, 902, 865, 631, 623, 873, 650, 864, 793, 602, 624, 590, 585, 895, 811, 776, 722, 748, 573, 704, 697, 997, 589, 821, 759, 742, 560, 885, 985, 863, 917, 945, 761, 1017, 1046, 580, 903, 666, 768, 594, 920, 668, 685, 866, 663, 1003, 771, 625, 854, 561, 758, 944, 664, 1053, 842, 886, 867, 815, 926, 936, 584, 841, 767, 881, 880, 721, 869, 980, 987, 626, 701, 700, 983, 992, 581, 647, 884, 752, 689, 953, 756, 677, 814, 1048, 676, 904, 991, 1059, 877, 592, 586, 617, 993, 857, 883, 702, 823, 946, 754, 604, 749, 862, 871, 927, 692, 678, 988, 746, 839, 661, 870, 753, 849, 940, 1029, 654, 627, 804, 975, 660, 900, 1006, 762, 853, 812, 709, 695, 875, 832, 751, 901, 587, 740, 642, 636, 879, 907, 655, 651, 597, 1045, 1043, 720, 990, 801, 784, 766, 786, 575, 813, 802, 667, 1000, 1047, 568, 747, 739, 613, 889, 921, 1020, 769, 711, 1057], "same_set_saved_d_sum": 0.7855222608994985, "scorer_seconds": 0.5864659398794174}[32m [repeated 12x across cluster][0m
[36m(AuthorRewardCurveWorker pid=114960)[0m TEXTCRAFT_AUTHOR_REWARD_CURVE {"phase": "author_score_complete", "rank": 0, "pid": 114960, "completed_cases": 7, "native_forward_calls": 335, "unix": 1791259931.743479, "case_index": 7, "traj_uid": "e39a719e-154d-40bf-b1e5-5a4a7a9179ee", "view": "signed_RISE", "score_seconds": 24.172864090651274, "point_index": 19, "raw_logp": -1.2075375318527222, "author_deleted_source_indices": [5, 4, 401, 133, 158, 403, 400, 405, 485, 182, 97, 431, 497, 188, 17, 140, 137, 394, 313, 168, 10, 282, 279, 509, 6, 283, 290, 272, 190, 375, 408, 196, 404, 23, 187, 250, 468, 387, 238, 475, 280, 46, 19, 365, 71, 143, 189, 434, 184, 51, 203, 67, 284, 458, 439, 167, 420, 243, 68, 277, 227, 216, 395, 270, 278, 471, 508, 166, 418, 263, 64, 177, 407, 18, 11, 437, 247, 386, 507, 128, 44, 74, 344, 417, 325, 136, 179, 159, 60, 383, 62, 271, 88, 258, 236, 235, 467, 185, 90, 430, 186, 273, 309, 12, 476, 412, 291, 240, 132, 72, 260, 92, 85, 29, 146, 455, 8, 349, 16, 163, 126, 359, 228, 256, 488, 232, 191, 481, 226, 308, 396, 463, 225, 262, 350, 94, 210, 314, 36, 447, 503, 402, 170, 472, 351, 160, 331, 75, 378, 347, 178, 424, 59, 281, 321, 303, 223, 340, 261, 180, 345, 63, 86, 435, 296, 152, 464, 181, 448, 293, 385, 32, 112, 372, 419, 355, 318, 84, 76, 326, 103, 317, 246, 55, 77, 43, 38, 348, 264, 229, 175, 201, 26, 157, 150, 450, 42, 274, 212, 195, 13, 338, 438, 316, 370, 398, 214, 470, 499, 33, 356, 119, 221, 47, 373, 121, 138, 319, 116, 456, 224, 78, 307, 14, 211, 397, 117, 506, 295, 339, 320, 268, 379, 389, 37, 294, 220, 334, 333, 174, 322, 433, 440, 79, 154, 153, 436, 445, 34, 100, 337, 205, 142, 406, 209, 130, 267, 501, 129, 357, 444, 512, 330, 45, 39, 70, 446, 310, 336, 155, 276, 399, 207, 57, 202, 315, 324, 380, 145, 131, 441, 199, 292, 114, 323, 206, 302, 393, 482, 107, 80, 257, 428, 113, 353, 459, 215, 306, 265, 162, 148, 328, 285, 204, 354, 40, 193, 95, 89, 332, 360, 108, 104, 50, 498, 496, 173, 443, 254, 237, 219, 239, 28, 266, 255, 120, 453, 500, 21, 200, 192, 66, 342, 374, 473, 222, 164, 510, 48, 73, 416, 289, 329, 41, 391, 169, 311, 341, 20, 377, 429, 176, 361, 466, 367, 110, 259, 478, 194, 249, 449, 165, 300, 251, 217, 172, 161, 61, 139, 35, 457, 327, 304, 15, 371, 297, 122, 101, 102, 312, 352, 218, 286, 65, 197, 368, 171, 248, 269, 409, 123, 124, 141, 93, 343, 427, 299, 460, 493, 53, 156, 127, 208, 465, 305, 425, 474, 151, 198, 287, 388, 233, 91, 364, 376, 135, 230, 415, 234, 392, 69, 105, 99, 111, 253, 442, 87, 115, 52, 275, 83, 49, 245, 27, 451, 144, 301, 183, 486, 358, 24, 149, 490, 423, 462, 96, 426, 422, 118, 7, 82, 381, 81, 213, 56, 335, 346, 421, 231, 480, 98, 491, 505, 244, 413, 147, 384, 414, 504, 363, 366, 382, 454, 484, 242, 483, 298, 54, 410, 469, 125, 477, 22, 411, 241, 31, 58, 461], "author_current_group_source_indices": [244, 413, 147, 384, 414, 504, 363, 366, 382, 454, 484, 242, 483, 298, 54, 410, 469, 125, 477, 22, 411, 241, 31, 58, 461], "author_deleted_input_positions": [552, 551, 948, 680, 705, 950, 947, 952, 1032, 729, 644, 978, 1044, 735, 564, 687, 684, 941, 860, 715, 557, 829, 826, 1056, 553, 830, 837, 819, 737, 922, 955, 743, 951, 570, 734, 797, 1015, 934, 785, 1022, 827, 593, 566, 912, 618, 690, 736, 981, 731, 598, 750, 614, 831, 1005, 986, 714, 967, 790, 615, 824, 774, 763, 942, 817, 825, 1018, 1055, 713, 965, 810, 611, 724, 954, 565, 558, 984, 794, 933, 1054, 675, 591, 621, 891, 964, 872, 683, 726, 706, 607, 930, 609, 818, 635, 805, 783, 782, 1014, 732, 637, 977, 733, 820, 856, 559, 1023, 959, 838, 787, 679, 619, 807, 639, 632, 576, 693, 1002, 555, 896, 563, 710, 673, 906, 775, 803, 1035, 779, 738, 1028, 773, 855, 943, 1010, 772, 809, 897, 641, 757, 861, 583, 994, 1050, 949, 717, 1019, 898, 707, 878, 622, 925, 894, 725, 971, 606, 828, 868, 850, 770, 887, 808, 727, 892, 610, 633, 982, 843, 699, 1011, 728, 995, 840, 932, 579, 659, 919, 966, 902, 865, 631, 623, 873, 650, 864, 793, 602, 624, 590, 585, 895, 811, 776, 722, 748, 573, 704, 697, 997, 589, 821, 759, 742, 560, 885, 985, 863, 917, 945, 761, 1017, 1046, 580, 903, 666, 768, 594, 920, 668, 685, 866, 663, 1003, 771, 625, 854, 561, 758, 944, 664, 1053, 842, 886, 867, 815, 926, 936, 584, 841, 767, 881, 880, 721, 869, 980, 987, 626, 701, 700, 983, 992, 581, 647, 884, 752, 689, 953, 756, 677, 814, 1048, 676, 904, 991, 1059, 877, 592, 586, 617, 993, 857, 883, 702, 823, 946, 754, 604, 749, 862, 871, 927, 692, 678, 988, 746, 839, 661, 870, 753, 849, 940, 1029, 654, 627, 804, 975, 660, 900, 1006, 762, 853, 812, 709, 695, 875, 832, 751, 901, 587, 740, 642, 636, 879, 907, 655, 651, 597, 1045, 1043, 720, 990, 801, 784, 766, 786, 575, 813, 802, 667, 1000, 1047, 568, 747, 739, 613, 889, 921, 1020, 769, 711, 1057, 595, 620, 963, 836, 876, 588, 938, 716, 858, 888, 567, 924, 976, 723, 908, 1013, 914, 657, 806, 1025, 741, 796, 996, 712, 847, 798, 764, 719, 708, 608, 686, 582, 1004, 874, 851, 562, 918, 844, 669, 648, 649, 859, 899, 765, 833, 612, 744, 915, 718, 795, 816, 956, 670, 671, 688, 640, 890, 974, 846, 1007, 1040, 600, 703, 674, 755, 1012, 852, 972, 1021, 698, 745, 834, 935, 780, 638, 911, 923, 682, 777, 962, 781, 939, 616, 652, 646, 658, 800, 989, 634, 662, 599, 822, 630, 596, 792, 574, 998, 691, 848, 730, 1033, 905, 571, 696, 1037, 970, 1009, 643, 973, 969, 665, 554, 629, 928, 628, 760, 603, 882, 893, 968, 778, 1027, 645, 1038, 1052, 791, 960, 694, 931, 961, 1051, 910, 913, 929, 1001, 1031, 789, 1030, 845, 601, 957, 1016, 672, 1024, 569, 958, 788, 578, 605, 1008], "same_set_saved_d_sum": 0.34029184120340145, "scorer_seconds": 0.583541676402092}[32m [repeated 12x across cluster][0m
[36m(AuthorRewardCurveWorker pid=114960)[0m TEXTCRAFT_AUTHOR_REWARD_CURVE {"phase": "author_curve_complete", "rank": 0, "pid": 114960, "completed_cases": 7, "native_forward_calls": 336, "unix": 1791259932.7202497, "case_index": 7, "traj_uid": "e39a719e-154d-40bf-b1e5-5a4a7a9179ee", "view": "signed_RISE", "score_seconds": 24.76689762994647, "seconds": 19.462817061692476, "native_score_calls": 21}
[36m(AuthorRewardCurveWorker pid=114960)[0m TEXTCRAFT_AUTHOR_REWARD_CURVE {"phase": "author_case_complete", "rank": 0, "pid": 114960, "completed_cases": 8, "native_forward_calls": 336, "unix": 1791259932.9403286, "last_seconds": 39.563284531235695}
[36m(AuthorRewardCurveWorker pid=114960)[0m TEXTCRAFT_AUTHOR_REWARD_CURVE {"phase": "author_case_begin", "rank": 0, "pid": 114960, "completed_cases": 8, "native_forward_calls": 336, "unix": 1791259933.0005248, "case_index": 8, "traj_uid": "ea1bb8dd-9dee-4b98-a90d-1c68c9da715d"}
[36m(AuthorRewardCurveWorker pid=114960)[0m TEXTCRAFT_AUTHOR_REWARD_CURVE {"phase": "author_curve_begin", "rank": 0, "pid": 114960, "completed_cases": 8, "native_forward_calls": 336, "unix": 1791259933.0577767, "case_index": 8, "traj_uid": "ea1bb8dd-9dee-4b98-a90d-1c68c9da715d", "view": "positive_MAS", "score_seconds": 0, "score_points": 21}
[36m(AuthorRewardCurveWorker pid=114960)[0m TEXTCRAFT_AUTHOR_REWARD_CURVE {"phase": "author_score_complete", "rank": 0, "pid": 114960, "completed_cases": 8, "native_forward_calls": 337, "unix": 1791259934.1338432, "case_index": 8, "traj_uid": "ea1bb8dd-9dee-4b98-a90d-1c68c9da715d", "view": "positive_MAS", "score_seconds": 0.640558335930109, "point_index": 0, "raw_logp": -0.14231863617897034, "author_deleted_source_indices": [], "author_current_group_source_indices": [], "author_deleted_input_positions": [], "same_set_saved_d_sum": 0.0, "scorer_seconds": 0.6407182812690735}
[36m(AuthorRewardCurveWorker pid=114960)[0m TEXTCRAFT_AUTHOR_REWARD_CURVE {"phase": "author_score_complete", "rank": 0, "pid": 114960, "completed_cases": 8, "native_forward_calls": 338, "unix": 1791259935.0630722, "case_index": 8, "traj_uid": "ea1bb8dd-9dee-4b98-a90d-1c68c9da715d", "view": "positive_MAS", "score_seconds": 1.1576315388083458, "point_index": 1, "raw_logp": -0.31543633341789246, "author_deleted_source_indices": [40, 42, 44, 59, 502, 9, 66, 260, 481, 376, 477, 373, 510, 454, 162, 408, 457, 459, 43, 377, 374, 26, 45, 365, 484, 423], "author_current_group_source_indices": [40, 42, 44, 59, 502, 9, 66, 260, 481, 376, 477, 373, 510, 454, 162, 408, 457, 459, 43, 377, 374, 26, 45, 365, 484, 423], "author_deleted_input_positions": [587, 589, 591, 606, 1049, 556, 613, 807, 1028, 923, 1024, 920, 1057, 1001, 709, 955, 1004, 1006, 590, 924, 921, 573, 592, 912, 1031, 970], "same_set_saved_d_sum": 0.10032497886659285, "scorer_seconds": 0.5172045677900314}
[36m(AuthorRewardCurveWorker pid=116402)[0m TEXTCRAFT_AUTHOR_REWARD_CURVE {"phase": "author_score_complete", "rank": 1, "pid": 116402, "completed_cases": 7, "native_forward_calls": 336, "unix": 1791259932.8251405, "case_index": 7, "traj_uid": "84819fa1-0765-48ef-a0ee-84f46d155e85", "view": "signed_RISE", "score_seconds": 18.51087199896574, "point_index": 20, "raw_logp": -0.15322846174240112, "author_deleted_source_indices": [4, 54, 45, 8, 40, 15, 36, 23, 6, 48, 33, 27, 9, 42, 31, 59, 22, 39, 44, 47, 18, 43, 24, 20, 41, 5, 7, 53, 10, 26, 28, 38, 32, 17, 11, 12, 14, 30, 21, 29, 19, 34, 49, 35, 16, 46, 37, 52, 51, 25, 13, 50, 56, 57, 58, 55, 2, 1, 3, 0], "author_current_group_source_indices": [1, 3, 0], "author_deleted_input_positions": [650, 700, 691, 654, 686, 661, 682, 669, 652, 694, 679, 673, 655, 688, 677, 705, 668, 685, 690, 693, 664, 689, 670, 666, 687, 651, 653, 699, 656, 672, 674, 684, 678, 663, 657, 658, 660, 676, 667, 675, 665, 680, 695, 681, 662, 692, 683, 698, 697, 671, 659, 696, 702, 703, 704, 701, 648, 647, 649, 646], "same_set_saved_d_sum": -0.5542717595762492, "scorer_seconds": 0.44150616973638535}[32m [repeated 3x across cluster][0m
[36m(AuthorRewardCurveWorker pid=116402)[0m TEXTCRAFT_AUTHOR_REWARD_CURVE {"phase": "author_curve_complete", "rank": 1, "pid": 116402, "completed_cases": 7, "native_forward_calls": 336, "unix": 1791259932.890711, "case_index": 7, "traj_uid": "84819fa1-0765-48ef-a0ee-84f46d155e85", "view": "signed_RISE", "score_seconds": 18.51087199896574, "seconds": 19.438807770609856, "native_score_calls": 21}
[36m(AuthorRewardCurveWorker pid=116402)[0m TEXTCRAFT_AUTHOR_REWARD_CURVE {"phase": "author_case_complete", "rank": 1, "pid": 116402, "completed_cases": 8, "native_forward_calls": 336, "unix": 1791259933.1115723, "last_seconds": 39.40229118615389}
[36m(AuthorRewardCurveWorker pid=116402)[0m TEXTCRAFT_AUTHOR_REWARD_CURVE {"phase": "author_case_begin", "rank": 1, "pid": 116402, "completed_cases": 8, "native_forward_calls": 336, "unix": 1791259933.1792622, "case_index": 8, "traj_uid": "b11d0c44-00b5-49c4-bb40-42c00749ad22"}
[36m(AuthorRewardCurveWorker pid=116402)[0m TEXTCRAFT_AUTHOR_REWARD_CURVE {"phase": "author_curve_begin", "rank": 1, "pid": 116402, "completed_cases": 8, "native_forward_calls": 336, "unix": 1791259933.250555, "case_index": 8, "traj_uid": "b11d0c44-00b5-49c4-bb40-42c00749ad22", "view": "positive_MAS", "score_seconds": 0, "score_points": 21}
[36m(AuthorRewardCurveWorker pid=116402)[0m TEXTCRAFT_AUTHOR_REWARD_CURVE {"phase": "author_score_complete", "rank": 1, "pid": 116402, "completed_cases": 8, "native_forward_calls": 337, "unix": 1791259934.203562, "case_index": 8, "traj_uid": "b11d0c44-00b5-49c4-bb40-42c00749ad22", "view": "positive_MAS", "score_seconds": 0.4473918005824089, "point_index": 0, "raw_logp": -0.16109804809093475, "author_deleted_source_indices": [], "author_current_group_source_indices": [], "author_deleted_input_positions": [], "same_set_saved_d_sum": 0.0, "scorer_seconds": 0.44754840433597565}
[36m(AuthorRewardCurveWorker pid=114960)[0m TEXTCRAFT_AUTHOR_REWARD_CURVE {"phase": "author_score_complete", "rank": 0, "pid": 114960, "completed_cases": 8, "native_forward_calls": 344, "unix": 1791259940.7419467, "case_index": 8, "traj_uid": "ea1bb8dd-9dee-4b98-a90d-1c68c9da715d", "view": "positive_MAS", "score_seconds": 4.337743178009987, "point_index": 7, "raw_logp": -0.5143316984176636, "author_deleted_source_indices": [40, 42, 44, 59, 502, 9, 66, 260, 481, 376, 477, 373, 510, 454, 162, 408, 457, 459, 43, 377, 374, 26, 45, 365, 484, 423, 206, 4, 50, 10, 171, 215, 474, 508, 482, 24, 189, 380, 179, 19, 405, 427, 176, 289, 488, 367, 75, 195, 169, 438, 466, 115, 185, 134, 294, 258, 363, 447, 155, 366, 353, 122, 78, 439, 84, 445, 135, 448, 165, 453, 262, 230, 424, 297, 180, 3, 18, 117, 292, 132, 2, 229, 460, 35, 182, 178, 464, 270, 359, 285, 283, 205, 25, 286, 31, 55, 362, 86, 101, 209, 473, 296, 240, 486, 387, 369, 149, 308, 37, 90, 92, 364, 175, 56, 440, 77, 370, 450, 265, 371, 201, 479, 434, 68, 304, 112, 494, 343, 478, 385, 368, 20, 298, 41, 328, 14, 110, 507, 143, 295, 383, 23, 279, 344, 104, 131, 219, 497, 148, 391, 463, 15, 163, 157, 492, 181, 74, 231, 227, 327, 38, 267, 186, 120, 118, 6, 79, 191, 172, 234, 379, 81, 268, 275, 210, 422, 426, 291, 321, 228, 394, 51], "author_current_group_source_indices": [74, 231, 227, 327, 38, 267, 186, 120, 118, 6, 79, 191, 172, 234, 379, 81, 268, 275, 210, 422, 426, 291, 321, 228, 394, 51], "author_deleted_input_positions": [587, 589, 591, 606, 1049, 556, 613, 807, 1028, 923, 1024, 920, 1057, 1001, 709, 955, 1004, 1006, 590, 924, 921, 573, 592, 912, 1031, 970, 753, 551, 597, 557, 718, 762, 1021, 1055, 1029, 571, 736, 927, 726, 566, 952, 974, 723, 836, 1035, 914, 622, 742, 716, 985, 1013, 662, 732, 681, 841, 805, 910, 994, 702, 913, 900, 669, 625, 986, 631, 992, 682, 995, 712, 1000, 809, 777, 971, 844, 727, 550, 565, 664, 839, 679, 549, 776, 1007, 582, 729, 725, 1011, 817, 906, 832, 830, 752, 572, 833, 578, 602, 909, 633, 648, 756, 1020, 843, 787, 1033, 934, 916, 696, 855, 584, 637, 639, 911, 722, 603, 987, 624, 917, 997, 812, 918, 748, 1026, 981, 615, 851, 659, 1041, 890, 1025, 932, 915, 567, 845, 588, 875, 561, 657, 1054, 690, 842, 930, 570, 826, 891, 651, 678, 766, 1044, 695, 938, 1010, 562, 710, 704, 1039, 728, 621, 778, 774, 874, 585, 814, 733, 667, 665, 553, 626, 738, 719, 781, 926, 628, 815, 822, 757, 969, 973, 838, 868, 775, 941, 598], "same_set_saved_d_sum": 0.304564582714597, "scorer_seconds": 0.5330203175544739}[32m [repeated 12x across cluster][0m
[36m(AuthorRewardCurveWorker pid=116402)[0m TEXTCRAFT_AUTHOR_REWARD_CURVE {"phase": "author_score_complete", "rank": 1, "pid": 116402, "completed_cases": 8, "native_forward_calls": 349, "unix": 1791259945.7011313, "case_index": 8, "traj_uid": "b11d0c44-00b5-49c4-bb40-42c00749ad22", "view": "positive_MAS", "score_seconds": 5.819888681173325, "point_index": 12, "raw_logp": -0.38706740736961365, "author_deleted_source_indices": [261, 279, 28, 486, 9, 383, 432, 4, 487, 305, 264, 380, 452, 19, 117, 266, 411, 499, 289, 263, 393, 204, 447, 485, 382, 139, 6, 272, 273, 23, 194, 408, 141, 88, 406, 387, 395, 376, 281, 275, 422, 251, 416, 18, 25, 336, 493, 197, 258, 353, 10, 472, 458, 295, 386, 43, 396, 235, 405, 403, 385, 31, 105, 410, 298, 434, 14, 464, 378, 114, 49, 118, 373, 482, 299, 202, 287, 30, 294, 102, 201, 454, 274, 296, 195, 68, 89, 193, 449, 448, 468, 86, 187, 342, 317, 444, 156, 407, 435, 381, 370, 219, 490, 37, 96, 38, 508, 361, 255, 172, 47, 40, 384, 192, 277, 200, 283, 319, 181, 439, 400, 55, 455, 451, 113, 57, 331, 243, 15, 288, 35, 388, 240, 315, 301, 24, 257, 81, 280, 335, 480, 401, 252, 390, 284, 64, 471, 320, 63, 155, 497, 152, 101, 441, 220, 329, 327, 211, 67, 162, 436, 199, 60, 245, 232, 371, 459, 236, 20, 91, 398, 222, 74, 469, 237, 316, 260, 170, 82, 44, 347, 322, 99, 26, 128, 419, 247, 79, 83, 122, 239, 250, 158, 98, 345, 404, 421, 65, 460, 46, 190, 477, 103, 225, 171, 474, 144, 175, 143, 321, 248, 58, 45, 424, 306, 148, 307, 149, 476, 164, 130, 229, 159, 489, 95, 213, 254, 338, 492, 233, 332, 223, 188, 42, 12, 21, 438, 391, 160, 302, 379, 17, 129, 169, 292, 224, 465, 226, 110, 238, 126, 462, 228, 443, 71, 80, 357, 326, 209, 33, 127, 147, 66, 75, 39, 70, 221, 62, 163, 191, 475, 324, 22, 215, 111, 59, 84, 359, 53, 282, 314, 394, 198, 286, 8, 90, 179, 77, 414, 413, 503, 502, 501, 415, 500, 412, 498, 496, 420, 495, 512, 426, 507, 364, 365, 511, 366, 367, 368, 369, 510, 509], "author_current_group_source_indices": [179, 77, 414, 413, 503, 502, 501, 415, 500, 412, 498, 496, 420, 495, 512, 426, 507, 364, 365, 511, 366, 367, 368, 369, 510, 509], "author_deleted_input_positions": [808, 826, 575, 1033, 556, 930, 979, 551, 1034, 852, 811, 927, 999, 566, 664, 813, 958, 1046, 836, 810, 940, 751, 994, 1032, 929, 686, 553, 819, 820, 570, 741, 955, 688, 635, 953, 934, 942, 923, 828, 822, 969, 798, 963, 565, 572, 883, 1040, 744, 805, 900, 557, 1019, 1005, 842, 933, 590, 943, 782, 952, 950, 932, 578, 652, 957, 845, 981, 561, 1011, 925, 661, 596, 665, 920, 1029, 846, 749, 834, 577, 841, 649, 748, 1001, 821, 843, 742, 615, 636, 740, 996, 995, 1015, 633, 734, 889, 864, 991, 703, 954, 982, 928, 917, 766, 1037, 584, 643, 585, 1055, 908, 802, 719, 594, 587, 931, 739, 824, 747, 830, 866, 728, 986, 947, 602, 1002, 998, 660, 604, 878, 790, 562, 835, 582, 935, 787, 862, 848, 571, 804, 628, 827, 882, 1027, 948, 799, 937, 831, 611, 1018, 867, 610, 702, 1044, 699, 648, 988, 767, 876, 874, 758, 614, 709, 983, 746, 607, 792, 779, 918, 1006, 783, 567, 638, 945, 769, 621, 1016, 784, 863, 807, 717, 629, 591, 894, 869, 646, 573, 675, 966, 794, 626, 630, 669, 786, 797, 705, 645, 892, 951, 968, 612, 1007, 593, 737, 1024, 650, 772, 718, 1021, 691, 722, 690, 868, 795, 605, 592, 971, 853, 695, 854, 696, 1023, 711, 677, 776, 706, 1036, 642, 760, 801, 885, 1039, 780, 879, 770, 735, 589, 559, 568, 985, 938, 707, 849, 926, 564, 676, 716, 839, 771, 1012, 773, 657, 785, 673, 1009, 775, 990, 618, 627, 904, 873, 756, 580, 674, 694, 613, 622, 586, 617, 768, 609, 710, 738, 1022, 871, 569, 762, 658, 606, 631, 906, 600, 829, 861, 941, 745, 833, 555, 637, 726, 624, 961, 960, 1050, 1049, 1048, 962, 1047, 959, 1045, 1043, 967, 1042, 1059, 973, 1054, 911, 912, 1058, 913, 914, 915, 916, 1057, 1056], "same_set_saved_d_sum": 0.2933227567158236, "scorer_seconds": 0.44742850214242935}[32m [repeated 11x across cluster][0m
[36m(AuthorRewardCurveWorker pid=114960)[0m TEXTCRAFT_AUTHOR_REWARD_CURVE {"phase": "author_score_complete", "rank": 0, "pid": 114960, "completed_cases": 8, "native_forward_calls": 355, "unix": 1791259951.3324907, "case_index": 8, "traj_uid": "ea1bb8dd-9dee-4b98-a90d-1c68c9da715d", "view": "positive_MAS", "score_seconds": 10.147391121834517, "point_index": 18, "raw_logp": -0.3214866816997528, "author_deleted_source_indices": [40, 42, 44, 59, 502, 9, 66, 260, 481, 376, 477, 373, 510, 454, 162, 408, 457, 459, 43, 377, 374, 26, 45, 365, 484, 423, 206, 4, 50, 10, 171, 215, 474, 508, 482, 24, 189, 380, 179, 19, 405, 427, 176, 289, 488, 367, 75, 195, 169, 438, 466, 115, 185, 134, 294, 258, 363, 447, 155, 366, 353, 122, 78, 439, 84, 445, 135, 448, 165, 453, 262, 230, 424, 297, 180, 3, 18, 117, 292, 132, 2, 229, 460, 35, 182, 178, 464, 270, 359, 285, 283, 205, 25, 286, 31, 55, 362, 86, 101, 209, 473, 296, 240, 486, 387, 369, 149, 308, 37, 90, 92, 364, 175, 56, 440, 77, 370, 450, 265, 371, 201, 479, 434, 68, 304, 112, 494, 343, 478, 385, 368, 20, 298, 41, 328, 14, 110, 507, 143, 295, 383, 23, 279, 344, 104, 131, 219, 497, 148, 391, 463, 15, 163, 157, 492, 181, 74, 231, 227, 327, 38, 267, 186, 120, 118, 6, 79, 191, 172, 234, 379, 81, 268, 275, 210, 422, 426, 291, 321, 228, 394, 51, 208, 161, 48, 300, 392, 412, 113, 198, 313, 221, 218, 124, 236, 108, 415, 307, 382, 476, 7, 88, 246, 409, 220, 144, 419, 261, 271, 475, 254, 207, 393, 224, 232, 317, 345, 130, 119, 116, 139, 99, 87, 404, 63, 323, 245, 202, 449, 73, 142, 331, 126, 168, 106, 398, 193, 80, 111, 141, 252, 53, 214, 320, 174, 428, 333, 212, 146, 255, 247, 49, 166, 287, 341, 302, 358, 216, 411, 251, 114, 276, 347, 225, 436, 121, 395, 381, 177, 211, 164, 65, 93, 192, 282, 61, 416, 129, 83, 407, 396, 125, 85, 263, 54, 237, 145, 199, 485, 316, 257, 102, 418, 12, 242, 197, 140, 433, 244, 493, 264, 272, 390, 388, 375, 378, 372, 397, 446, 384, 389, 399, 386, 491, 462, 465, 467, 468, 469, 470, 471, 472, 480, 483, 487, 489, 490, 461, 495, 496, 498, 499, 500, 501, 503, 504, 505, 506, 509, 511, 512, 431, 401, 402, 403, 406, 410, 413, 414, 417, 420, 421, 425, 429, 430, 400, 432, 435, 437, 441, 442, 443, 444, 256, 451, 452, 455, 456, 458, 109, 147, 138, 137, 136, 133, 128, 127, 123, 150, 107, 105, 103, 100, 98, 97, 96, 95, 167, 194, 190, 188, 187, 184, 183, 173, 170, 94, 160, 159, 158, 156, 154, 153, 152, 151, 22, 36, 34, 33, 32, 30, 29, 28, 27, 39, 21, 17, 16, 13, 11, 8, 5, 1, 67, 91, 89, 82, 76, 72, 71, 70, 69, 196, 64, 62, 60, 58, 57, 52, 47, 46, 319, 334, 332, 330, 329, 326, 325, 324, 322, 335, 318, 315, 314, 312, 311, 310, 309, 306, 349, 360, 357, 356], "author_current_group_source_indices": [52, 47, 46, 319, 334, 332, 330, 329, 326, 325, 324, 322, 335, 318, 315, 314, 312, 311, 310, 309, 306, 349, 360, 357, 356], "author_deleted_input_positions": [587, 589, 591, 606, 1049, 556, 613, 807, 1028, 923, 1024, 920, 1057, 1001, 709, 955, 1004, 1006, 590, 924, 921, 573, 592, 912, 1031, 970, 753, 551, 597, 557, 718, 762, 1021, 1055, 1029, 571, 736, 927, 726, 566, 952, 974, 723, 836, 1035, 914, 622, 742, 716, 985, 1013, 662, 732, 681, 841, 805, 910, 994, 702, 913, 900, 669, 625, 986, 631, 992, 682, 995, 712, 1000, 809, 777, 971, 844, 727, 550, 565, 664, 839, 679, 549, 776, 1007, 582, 729, 725, 1011, 817, 906, 832, 830, 752, 572, 833, 578, 602, 909, 633, 648, 756, 1020, 843, 787, 1033, 934, 916, 696, 855, 584, 637, 639, 911, 722, 603, 987, 624, 917, 997, 812, 918, 748, 1026, 981, 615, 851, 659, 1041, 890, 1025, 932, 915, 567, 845, 588, 875, 561, 657, 1054, 690, 842, 930, 570, 826, 891, 651, 678, 766, 1044, 695, 938, 1010, 562, 710, 704, 1039, 728, 621, 778, 774, 874, 585, 814, 733, 667, 665, 553, 626, 738, 719, 781, 926, 628, 815, 822, 757, 969, 973, 838, 868, 775, 941, 598, 755, 708, 595, 847, 939, 959, 660, 745, 860, 768, 765, 671, 783, 655, 962, 854, 929, 1023, 554, 635, 793, 956, 767, 691, 966, 808, 818, 1022, 801, 754, 940, 771, 779, 864, 892, 677, 666, 663, 686, 646, 634, 951, 610, 870, 792, 749, 996, 620, 689, 878, 673, 715, 653, 945, 740, 627, 658, 688, 799, 600, 761, 867, 721, 975, 880, 759, 693, 802, 794, 596, 713, 834, 888, 849, 905, 763, 958, 798, 661, 823, 894, 772, 983, 668, 942, 928, 724, 758, 711, 612, 640, 739, 829, 608, 963, 676, 630, 954, 943, 672, 632, 810, 601, 784, 692, 746, 1032, 863, 804, 649, 965, 559, 789, 744, 687, 980, 791, 1040, 811, 819, 937, 935, 922, 925, 919, 944, 993, 931, 936, 946, 933, 1038, 1009, 1012, 1014, 1015, 1016, 1017, 1018, 1019, 1027, 1030, 1034, 1036, 1037, 1008, 1042, 1043, 1045, 1046, 1047, 1048, 1050, 1051, 1052, 1053, 1056, 1058, 1059, 978, 948, 949, 950, 953, 957, 960, 961, 964, 967, 968, 972, 976, 977, 947, 979, 982, 984, 988, 989, 990, 991, 803, 998, 999, 1002, 1003, 1005, 656, 694, 685, 684, 683, 680, 675, 674, 670, 697, 654, 652, 650, 647, 645, 644, 643, 642, 714, 741, 737, 735, 734, 731, 730, 720, 717, 641, 707, 706, 705, 703, 701, 700, 699, 698, 569, 583, 581, 580, 579, 577, 576, 575, 574, 586, 568, 564, 563, 560, 558, 555, 552, 548, 614, 638, 636, 629, 623, 619, 618, 617, 616, 743, 611, 609, 607, 605, 604, 599, 594, 593, 866, 881, 879, 877, 876, 873, 872, 871, 869, 882, 865, 862, 861, 859, 858, 857, 856, 853, 896, 907, 904, 903], "same_set_saved_d_sum": 0.12697636492271572, "scorer_seconds": 0.5005201138556004}[32m [repeated 11x across cluster][0m
[36m(AuthorRewardCurveWorker pid=114960)[0m TEXTCRAFT_AUTHOR_REWARD_CURVE {"phase": "author_curve_complete", "rank": 0, "pid": 114960, "completed_cases": 8, "native_forward_calls": 357, "unix": 1791259953.251641, "case_index": 8, "traj_uid": "ea1bb8dd-9dee-4b98-a90d-1c68c9da715d", "view": "positive_MAS", "score_seconds": 11.172821935266256, "seconds": 20.134212478995323, "native_score_calls": 21}
[36m(AuthorRewardCurveWorker pid=114960)[0m TEXTCRAFT_AUTHOR_REWARD_CURVE {"phase": "author_curve_begin", "rank": 0, "pid": 114960, "completed_cases": 8, "native_forward_calls": 357, "unix": 1791259953.306652, "case_index": 8, "traj_uid": "ea1bb8dd-9dee-4b98-a90d-1c68c9da715d", "view": "signed_RISE", "score_seconds": 11.172821935266256, "score_points": 21}
[36m(AuthorRewardCurveWorker pid=114960)[0m TEXTCRAFT_AUTHOR_REWARD_CURVE {"phase": "author_score_complete", "rank": 0, "pid": 114960, "completed_cases": 8, "native_forward_calls": 358, "unix": 1791259954.270057, "case_index": 8, "traj_uid": "ea1bb8dd-9dee-4b98-a90d-1c68c9da715d", "view": "signed_RISE", "score_seconds": 11.721680629998446, "point_index": 0, "raw_logp": -0.14231863617897034, "author_deleted_source_indices": [], "author_current_group_source_indices": [], "author_deleted_input_positions": [], "same_set_saved_d_sum": 0.0, "scorer_seconds": 0.5489917248487473}
[36m(AuthorRewardCurveWorker pid=114960)[0m TEXTCRAFT_AUTHOR_REWARD_CURVE {"phase": "author_score_complete", "rank": 0, "pid": 114960, "completed_cases": 8, "native_forward_calls": 359, "unix": 1791259955.2233856, "case_index": 8, "traj_uid": "ea1bb8dd-9dee-4b98-a90d-1c68c9da715d", "view": "signed_RISE", "score_seconds": 12.259444385766983, "point_index": 1, "raw_logp": -0.31543633341789246, "author_deleted_source_indices": [40, 42, 44, 59, 502, 9, 66, 260, 481, 376, 477, 373, 510, 454, 162, 408, 457, 459, 43, 377, 374, 26, 45, 365, 484, 423], "author_current_group_source_indices": [40, 42, 44, 59, 502, 9, 66, 260, 481, 376, 477, 373, 510, 454, 162, 408, 457, 459, 43, 377, 374, 26, 45, 365, 484, 423], "author_deleted_input_positions": [587, 589, 591, 606, 1049, 556, 613, 807, 1028, 923, 1024, 920, 1057, 1001, 709, 955, 1004, 1006, 590, 924, 921, 573, 592, 912, 1031, 970], "same_set_saved_d_sum": 0.10032497886659285, "scorer_seconds": 0.5379005037248135}
[36m(AuthorRewardCurveWorker pid=116402)[0m TEXTCRAFT_AUTHOR_REWARD_CURVE {"phase": "author_score_complete", "rank": 1, "pid": 116402, "completed_cases": 8, "native_forward_calls": 357, "unix": 1791259953.2715402, "case_index": 8, "traj_uid": "b11d0c44-00b5-49c4-bb40-42c00749ad22", "view": "positive_MAS", "score_seconds": 9.395878937095404, "point_index": 20, "raw_logp": -0.20084165036678314, "author_deleted_source_indices": [261, 279, 28, 486, 9, 383, 432, 4, 487, 305, 264, 380, 452, 19, 117, 266, 411, 499, 289, 263, 393, 204, 447, 485, 382, 139, 6, 272, 273, 23, 194, 408, 141, 88, 406, 387, 395, 376, 281, 275, 422, 251, 416, 18, 25, 336, 493, 197, 258, 353, 10, 472, 458, 295, 386, 43, 396, 235, 405, 403, 385, 31, 105, 410, 298, 434, 14, 464, 378, 114, 49, 118, 373, 482, 299, 202, 287, 30, 294, 102, 201, 454, 274, 296, 195, 68, 89, 193, 449, 448, 468, 86, 187, 342, 317, 444, 156, 407, 435, 381, 370, 219, 490, 37, 96, 38, 508, 361, 255, 172, 47, 40, 384, 192, 277, 200, 283, 319, 181, 439, 400, 55, 455, 451, 113, 57, 331, 243, 15, 288, 35, 388, 240, 315, 301, 24, 257, 81, 280, 335, 480, 401, 252, 390, 284, 64, 471, 320, 63, 155, 497, 152, 101, 441, 220, 329, 327, 211, 67, 162, 436, 199, 60, 245, 232, 371, 459, 236, 20, 91, 398, 222, 74, 469, 237, 316, 260, 170, 82, 44, 347, 322, 99, 26, 128, 419, 247, 79, 83, 122, 239, 250, 158, 98, 345, 404, 421, 65, 460, 46, 190, 477, 103, 225, 171, 474, 144, 175, 143, 321, 248, 58, 45, 424, 306, 148, 307, 149, 476, 164, 130, 229, 159, 489, 95, 213, 254, 338, 492, 233, 332, 223, 188, 42, 12, 21, 438, 391, 160, 302, 379, 17, 129, 169, 292, 224, 465, 226, 110, 238, 126, 462, 228, 443, 71, 80, 357, 326, 209, 33, 127, 147, 66, 75, 39, 70, 221, 62, 163, 191, 475, 324, 22, 215, 111, 59, 84, 359, 53, 282, 314, 394, 198, 286, 8, 90, 179, 77, 414, 413, 503, 502, 501, 415, 500, 412, 498, 496, 420, 495, 512, 426, 507, 364, 365, 511, 366, 367, 368, 369, 510, 509, 504, 372, 506, 505, 374, 418, 375, 363, 362, 377, 461, 470, 467, 466, 397, 431, 433, 437, 256, 463, 473, 457, 456, 399, 440, 453, 450, 442, 402, 446, 483, 423, 491, 425, 445, 427, 488, 428, 389, 484, 494, 481, 409, 392, 429, 479, 478, 417, 430, 125, 140, 138, 137, 136, 135, 134, 133, 132, 131, 142, 124, 123, 121, 120, 119, 116, 115, 112, 165, 180, 178, 177, 176, 174, 173, 168, 167, 166, 109, 161, 157, 154, 153, 151, 150, 146, 145, 27, 52, 51, 50, 48, 41, 36, 34, 32, 29, 54, 16, 13, 11, 7, 5, 3, 2, 1, 87, 108, 107, 106, 104, 100, 97, 94, 93, 92, 182, 85, 78, 76, 73, 72, 69, 61, 56, 308, 328, 325, 323, 318, 313, 312, 311, 310, 309, 330, 304, 303, 300, 297, 293, 291, 290, 285, 346, 358, 356, 355, 354, 352, 351, 350, 349, 348, 278, 344, 343, 341, 340, 339, 337, 334, 333, 206, 227, 218, 217, 216, 214, 212, 210, 208, 207, 230, 205, 203, 196, 189, 186, 185, 184, 183, 0, 276, 271, 270, 269, 268, 267, 265, 262, 259, 360, 253, 249, 246, 244, 242, 241, 234, 231], "author_current_group_source_indices": [196, 189, 186, 185, 184, 183, 0, 276, 271, 270, 269, 268, 267, 265, 262, 259, 360, 253, 249, 246, 244, 242, 241, 234, 231], "author_deleted_input_positions": [808, 826, 575, 1033, 556, 930, 979, 551, 1034, 852, 811, 927, 999, 566, 664, 813, 958, 1046, 836, 810, 940, 751, 994, 1032, 929, 686, 553, 819, 820, 570, 741, 955, 688, 635, 953, 934, 942, 923, 828, 822, 969, 798, 963, 565, 572, 883, 1040, 744, 805, 900, 557, 1019, 1005, 842, 933, 590, 943, 782, 952, 950, 932, 578, 652, 957, 845, 981, 561, 1011, 925, 661, 596, 665, 920, 1029, 846, 749, 834, 577, 841, 649, 748, 1001, 821, 843, 742, 615, 636, 740, 996, 995, 1015, 633, 734, 889, 864, 991, 703, 954, 982, 928, 917, 766, 1037, 584, 643, 585, 1055, 908, 802, 719, 594, 587, 931, 739, 824, 747, 830, 866, 728, 986, 947, 602, 1002, 998, 660, 604, 878, 790, 562, 835, 582, 935, 787, 862, 848, 571, 804, 628, 827, 882, 1027, 948, 799, 937, 831, 611, 1018, 867, 610, 702, 1044, 699, 648, 988, 767, 876, 874, 758, 614, 709, 983, 746, 607, 792, 779, 918, 1006, 783, 567, 638, 945, 769, 621, 1016, 784, 863, 807, 717, 629, 591, 894, 869, 646, 573, 675, 966, 794, 626, 630, 669, 786, 797, 705, 645, 892, 951, 968, 612, 1007, 593, 737, 1024, 650, 772, 718, 1021, 691, 722, 690, 868, 795, 605, 592, 971, 853, 695, 854, 696, 1023, 711, 677, 776, 706, 1036, 642, 760, 801, 885, 1039, 780, 879, 770, 735, 589, 559, 568, 985, 938, 707, 849, 926, 564, 676, 716, 839, 771, 1012, 773, 657, 785, 673, 1009, 775, 990, 618, 627, 904, 873, 756, 580, 674, 694, 613, 622, 586, 617, 768, 609, 710, 738, 1022, 871, 569, 762, 658, 606, 631, 906, 600, 829, 861, 941, 745, 833, 555, 637, 726, 624, 961, 960, 1050, 1049, 1048, 962, 1047, 959, 1045, 1043, 967, 1042, 1059, 973, 1054, 911, 912, 1058, 913, 914, 915, 916, 1057, 1056, 1051, 919, 1053, 1052, 921, 965, 922, 910, 909, 924, 1008, 1017, 1014, 1013, 944, 978, 980, 984, 803, 1010, 1020, 1004, 1003, 946, 987, 1000, 997, 989, 949, 993, 1030, 970, 1038, 972, 992, 974, 1035, 975, 936, 1031, 1041, 1028, 956, 939, 976, 1026, 1025, 964, 977, 672, 687, 685, 684, 683, 682, 681, 680, 679, 678, 689, 671, 670, 668, 667, 666, 663, 662, 659, 712, 727, 725, 724, 723, 721, 720, 715, 714, 713, 656, 708, 704, 701, 700, 698, 697, 693, 692, 574, 599, 598, 597, 595, 588, 583, 581, 579, 576, 601, 563, 560, 558, 554, 552, 550, 549, 548, 634, 655, 654, 653, 651, 647, 644, 641, 640, 639, 729, 632, 625, 623, 620, 619, 616, 608, 603, 855, 875, 872, 870, 865, 860, 859, 858, 857, 856, 877, 851, 850, 847, 844, 840, 838, 837, 832, 893, 905, 903, 902, 901, 899, 898, 897, 896, 895, 825, 891, 890, 888, 887, 886, 884, 881, 880, 753, 774, 765, 764, 763, 761, 759, 757, 755, 754, 777, 752, 750, 743, 736, 733, 732, 731, 730, 547, 823, 818, 817, 816, 815, 814, 812, 809, 806, 907, 800, 796, 793, 791, 789, 788, 781, 778], "same_set_saved_d_sum": 0.049129980413530075, "scorer_seconds": 0.44486089423298836}[32m [repeated 5x across cluster][0m
[36m(AuthorRewardCurveWorker pid=116402)[0m TEXTCRAFT_AUTHOR_REWARD_CURVE {"phase": "author_curve_complete", "rank": 1, "pid": 116402, "completed_cases": 8, "native_forward_calls": 357, "unix": 1791259953.338642, "case_index": 8, "traj_uid": "b11d0c44-00b5-49c4-bb40-42c00749ad22", "view": "positive_MAS", "score_seconds": 9.395878937095404, "seconds": 20.02154380083084, "native_score_calls": 21}
[36m(AuthorRewardCurveWorker pid=116402)[0m TEXTCRAFT_AUTHOR_REWARD_CURVE {"phase": "author_curve_begin", "rank": 1, "pid": 116402, "completed_cases": 8, "native_forward_calls": 357, "unix": 1791259953.4097748, "case_index": 8, "traj_uid": "b11d0c44-00b5-49c4-bb40-42c00749ad22", "view": "signed_RISE", "score_seconds": 9.395878937095404, "score_points": 21}
[36m(AuthorRewardCurveWorker pid=116402)[0m TEXTCRAFT_AUTHOR_REWARD_CURVE {"phase": "author_score_complete", "rank": 1, "pid": 116402, "completed_cases": 8, "native_forward_calls": 358, "unix": 1791259954.362122, "case_index": 8, "traj_uid": "b11d0c44-00b5-49c4-bb40-42c00749ad22", "view": "signed_RISE", "score_seconds": 9.841606136411428, "point_index": 0, "raw_logp": -0.16109804809093475, "author_deleted_source_indices": [], "author_current_group_source_indices": [], "author_deleted_input_positions": [], "same_set_saved_d_sum": 0.0, "scorer_seconds": 0.4458546154201031}
[36m(AuthorRewardCurveWorker pid=114960)[0m TEXTCRAFT_AUTHOR_REWARD_CURVE {"phase": "author_score_complete", "rank": 0, "pid": 114960, "completed_cases": 8, "native_forward_calls": 365, "unix": 1791259960.9161804, "case_index": 8, "traj_uid": "ea1bb8dd-9dee-4b98-a90d-1c68c9da715d", "view": "signed_RISE", "score_seconds": 15.473845977336168, "point_index": 7, "raw_logp": -0.5143316984176636, "author_deleted_source_indices": [40, 42, 44, 59, 502, 9, 66, 260, 481, 376, 477, 373, 510, 454, 162, 408, 457, 459, 43, 377, 374, 26, 45, 365, 484, 423, 206, 4, 50, 10, 171, 215, 474, 508, 482, 24, 189, 380, 179, 19, 405, 427, 176, 289, 488, 367, 75, 195, 169, 438, 466, 115, 185, 134, 294, 258, 363, 447, 155, 366, 353, 122, 78, 439, 84, 445, 135, 448, 165, 453, 262, 230, 424, 297, 180, 3, 18, 117, 292, 132, 2, 229, 460, 35, 182, 178, 464, 270, 359, 285, 283, 205, 25, 286, 31, 55, 362, 86, 101, 209, 473, 296, 240, 486, 387, 369, 149, 308, 37, 90, 92, 364, 175, 56, 440, 77, 370, 450, 265, 371, 201, 479, 434, 68, 304, 112, 494, 343, 478, 385, 368, 20, 298, 41, 328, 14, 110, 507, 143, 295, 383, 23, 279, 344, 104, 131, 219, 497, 148, 391, 463, 15, 163, 157, 492, 181, 74, 231, 227, 327, 38, 267, 186, 120, 118, 6, 79, 191, 172, 234, 379, 81, 268, 275, 210, 422, 426, 291, 321, 228, 394, 51], "author_current_group_source_indices": [74, 231, 227, 327, 38, 267, 186, 120, 118, 6, 79, 191, 172, 234, 379, 81, 268, 275, 210, 422, 426, 291, 321, 228, 394, 51], "author_deleted_input_positions": [587, 589, 591, 606, 1049, 556, 613, 807, 1028, 923, 1024, 920, 1057, 1001, 709, 955, 1004, 1006, 590, 924, 921, 573, 592, 912, 1031, 970, 753, 551, 597, 557, 718, 762, 1021, 1055, 1029, 571, 736, 927, 726, 566, 952, 974, 723, 836, 1035, 914, 622, 742, 716, 985, 1013, 662, 732, 681, 841, 805, 910, 994, 702, 913, 900, 669, 625, 986, 631, 992, 682, 995, 712, 1000, 809, 777, 971, 844, 727, 550, 565, 664, 839, 679, 549, 776, 1007, 582, 729, 725, 1011, 817, 906, 832, 830, 752, 572, 833, 578, 602, 909, 633, 648, 756, 1020, 843, 787, 1033, 934, 916, 696, 855, 584, 637, 639, 911, 722, 603, 987, 624, 917, 997, 812, 918, 748, 1026, 981, 615, 851, 659, 1041, 890, 1025, 932, 915, 567, 845, 588, 875, 561, 657, 1054, 690, 842, 930, 570, 826, 891, 651, 678, 766, 1044, 695, 938, 1010, 562, 710, 704, 1039, 728, 621, 778, 774, 874, 585, 814, 733, 667, 665, 553, 626, 738, 719, 781, 926, 628, 815, 822, 757, 969, 973, 838, 868, 775, 941, 598], "same_set_saved_d_sum": 0.304564582714597, "scorer_seconds": 0.5473613776266575}[32m [repeated 12x across cluster][0m
[36m(AuthorRewardCurveWorker pid=114960)[0m TEXTCRAFT_AUTHOR_REWARD_CURVE {"phase": "author_score_complete", "rank": 0, "pid": 114960, "completed_cases": 8, "native_forward_calls": 371, "unix": 1791259966.5954049, "case_index": 8, "traj_uid": "ea1bb8dd-9dee-4b98-a90d-1c68c9da715d", "view": "signed_RISE", "score_seconds": 18.65623741224408, "point_index": 13, "raw_logp": -0.3908405601978302, "author_deleted_source_indices": [40, 42, 44, 59, 502, 9, 66, 260, 481, 376, 477, 373, 510, 454, 162, 408, 457, 459, 43, 377, 374, 26, 45, 365, 484, 423, 206, 4, 50, 10, 171, 215, 474, 508, 482, 24, 189, 380, 179, 19, 405, 427, 176, 289, 488, 367, 75, 195, 169, 438, 466, 115, 185, 134, 294, 258, 363, 447, 155, 366, 353, 122, 78, 439, 84, 445, 135, 448, 165, 453, 262, 230, 424, 297, 180, 3, 18, 117, 292, 132, 2, 229, 460, 35, 182, 178, 464, 270, 359, 285, 283, 205, 25, 286, 31, 55, 362, 86, 101, 209, 473, 296, 240, 486, 387, 369, 149, 308, 37, 90, 92, 364, 175, 56, 440, 77, 370, 450, 265, 371, 201, 479, 434, 68, 304, 112, 494, 343, 478, 385, 368, 20, 298, 41, 328, 14, 110, 507, 143, 295, 383, 23, 279, 344, 104, 131, 219, 497, 148, 391, 463, 15, 163, 157, 492, 181, 74, 231, 227, 327, 38, 267, 186, 120, 118, 6, 79, 191, 172, 234, 379, 81, 268, 275, 210, 422, 426, 291, 321, 228, 394, 51, 208, 161, 48, 300, 392, 412, 113, 198, 313, 221, 218, 124, 236, 108, 415, 307, 382, 476, 7, 88, 246, 409, 220, 144, 419, 261, 271, 475, 254, 207, 393, 224, 232, 317, 345, 130, 119, 116, 139, 99, 87, 404, 63, 323, 245, 202, 449, 73, 142, 331, 126, 168, 106, 398, 193, 80, 111, 141, 252, 53, 214, 320, 174, 428, 333, 212, 146, 255, 247, 49, 166, 287, 341, 302, 358, 216, 411, 251, 114, 276, 347, 225, 436, 121, 395, 381, 177, 211, 164, 65, 93, 192, 282, 61, 416, 129, 83, 407, 396, 125, 85, 263, 54, 237, 145, 199, 485, 316, 257, 102, 418, 12, 242, 197, 140, 433, 244, 493, 264, 272, 512, 17, 397, 288, 238, 329, 103, 222, 389, 138, 235, 401, 243, 388, 137, 351, 309, 348, 217, 322, 57, 467, 491, 91, 33, 159, 100, 89, 188, 98, 248, 147, 330, 213, 421, 386], "author_current_group_source_indices": [235, 401, 243, 388, 137, 351, 309, 348, 217, 322, 57, 467, 491, 91, 33, 159, 100, 89, 188, 98, 248, 147, 330, 213, 421, 386], "author_deleted_input_positions": [587, 589, 591, 606, 1049, 556, 613, 807, 1028, 923, 1024, 920, 1057, 1001, 709, 955, 1004, 1006, 590, 924, 921, 573, 592, 912, 1031, 970, 753, 551, 597, 557, 718, 762, 1021, 1055, 1029, 571, 736, 927, 726, 566, 952, 974, 723, 836, 1035, 914, 622, 742, 716, 985, 1013, 662, 732, 681, 841, 805, 910, 994, 702, 913, 900, 669, 625, 986, 631, 992, 682, 995, 712, 1000, 809, 777, 971, 844, 727, 550, 565, 664, 839, 679, 549, 776, 1007, 582, 729, 725, 1011, 817, 906, 832, 830, 752, 572, 833, 578, 602, 909, 633, 648, 756, 1020, 843, 787, 1033, 934, 916, 696, 855, 584, 637, 639, 911, 722, 603, 987, 624, 917, 997, 812, 918, 748, 1026, 981, 615, 851, 659, 1041, 890, 1025, 932, 915, 567, 845, 588, 875, 561, 657, 1054, 690, 842, 930, 570, 826, 891, 651, 678, 766, 1044, 695, 938, 1010, 562, 710, 704, 1039, 728, 621, 778, 774, 874, 585, 814, 733, 667, 665, 553, 626, 738, 719, 781, 926, 628, 815, 822, 757, 969, 973, 838, 868, 775, 941, 598, 755, 708, 595, 847, 939, 959, 660, 745, 860, 768, 765, 671, 783, 655, 962, 854, 929, 1023, 554, 635, 793, 956, 767, 691, 966, 808, 818, 1022, 801, 754, 940, 771, 779, 864, 892, 677, 666, 663, 686, 646, 634, 951, 610, 870, 792, 749, 996, 620, 689, 878, 673, 715, 653, 945, 740, 627, 658, 688, 799, 600, 761, 867, 721, 975, 880, 759, 693, 802, 794, 596, 713, 834, 888, 849, 905, 763, 958, 798, 661, 823, 894, 772, 983, 668, 942, 928, 724, 758, 711, 612, 640, 739, 829, 608, 963, 676, 630, 954, 943, 672, 632, 810, 601, 784, 692, 746, 1032, 863, 804, 649, 965, 559, 789, 744, 687, 980, 791, 1040, 811, 819, 1059, 564, 944, 835, 785, 876, 650, 769, 936, 685, 782, 948, 790, 935, 684, 898, 856, 895, 764, 869, 604, 1014, 1038, 638, 580, 706, 647, 636, 735, 645, 795, 694, 877, 760, 968, 933], "same_set_saved_d_sum": 0.33950050354718303, "scorer_seconds": 0.5338189154863358}[32m [repeated 12x across cluster][0m
[36m(AuthorRewardCurveWorker pid=114960)[0m TEXTCRAFT_AUTHOR_REWARD_CURVE {"phase": "author_score_complete", "rank": 0, "pid": 114960, "completed_cases": 8, "native_forward_calls": 377, "unix": 1791259972.3158247, "case_index": 8, "traj_uid": "ea1bb8dd-9dee-4b98-a90d-1c68c9da715d", "view": "signed_RISE", "score_seconds": 21.85913946479559, "point_index": 19, "raw_logp": -0.3525782823562622, "author_deleted_source_indices": [40, 42, 44, 59, 502, 9, 66, 260, 481, 376, 477, 373, 510, 454, 162, 408, 457, 459, 43, 377, 374, 26, 45, 365, 484, 423, 206, 4, 50, 10, 171, 215, 474, 508, 482, 24, 189, 380, 179, 19, 405, 427, 176, 289, 488, 367, 75, 195, 169, 438, 466, 115, 185, 134, 294, 258, 363, 447, 155, 366, 353, 122, 78, 439, 84, 445, 135, 448, 165, 453, 262, 230, 424, 297, 180, 3, 18, 117, 292, 132, 2, 229, 460, 35, 182, 178, 464, 270, 359, 285, 283, 205, 25, 286, 31, 55, 362, 86, 101, 209, 473, 296, 240, 486, 387, 369, 149, 308, 37, 90, 92, 364, 175, 56, 440, 77, 370, 450, 265, 371, 201, 479, 434, 68, 304, 112, 494, 343, 478, 385, 368, 20, 298, 41, 328, 14, 110, 507, 143, 295, 383, 23, 279, 344, 104, 131, 219, 497, 148, 391, 463, 15, 163, 157, 492, 181, 74, 231, 227, 327, 38, 267, 186, 120, 118, 6, 79, 191, 172, 234, 379, 81, 268, 275, 210, 422, 426, 291, 321, 228, 394, 51, 208, 161, 48, 300, 392, 412, 113, 198, 313, 221, 218, 124, 236, 108, 415, 307, 382, 476, 7, 88, 246, 409, 220, 144, 419, 261, 271, 475, 254, 207, 393, 224, 232, 317, 345, 130, 119, 116, 139, 99, 87, 404, 63, 323, 245, 202, 449, 73, 142, 331, 126, 168, 106, 398, 193, 80, 111, 141, 252, 53, 214, 320, 174, 428, 333, 212, 146, 255, 247, 49, 166, 287, 341, 302, 358, 216, 411, 251, 114, 276, 347, 225, 436, 121, 395, 381, 177, 211, 164, 65, 93, 192, 282, 61, 416, 129, 83, 407, 396, 125, 85, 263, 54, 237, 145, 199, 485, 316, 257, 102, 418, 12, 242, 197, 140, 433, 244, 493, 264, 272, 512, 17, 397, 288, 238, 329, 103, 222, 389, 138, 235, 401, 243, 388, 137, 351, 309, 348, 217, 322, 57, 467, 491, 91, 33, 159, 100, 89, 188, 98, 248, 147, 330, 213, 421, 386, 340, 107, 226, 384, 284, 301, 241, 239, 372, 310, 378, 337, 299, 399, 266, 311, 414, 334, 269, 16, 233, 335, 47, 342, 183, 109, 249, 406, 21, 413, 417, 360, 36, 350, 82, 105, 27, 402, 446, 95, 278, 324, 70, 39, 332, 136, 277, 273, 458, 306, 346, 64, 487, 204, 431, 156, 250, 451, 314, 8, 256, 452, 501, 173, 325, 223, 128, 390, 259, 469, 253, 158, 203, 153, 67, 356, 471, 160, 62, 318, 354, 361, 34, 506, 349, 127, 336, 97, 274, 312, 281, 71, 429, 123, 305, 60, 500, 503, 461, 355, 352, 52, 152, 420, 150, 96, 444, 94, 72, 280, 400, 196, 315, 326, 489, 468, 403, 76, 441, 410, 430, 151, 133, 319, 170, 303, 190, 28, 187, 499, 13, 22, 32, 357, 154, 437, 194, 490, 339, 293, 435, 498, 69, 46, 495, 443, 30, 338, 200, 184], "author_current_group_source_indices": [303, 190, 28, 187, 499, 13, 22, 32, 357, 154, 437, 194, 490, 339, 293, 435, 498, 69, 46, 495, 443, 30, 338, 200, 184], "author_deleted_input_positions": [587, 589, 591, 606, 1049, 556, 613, 807, 1028, 923, 1024, 920, 1057, 1001, 709, 955, 1004, 1006, 590, 924, 921, 573, 592, 912, 1031, 970, 753, 551, 597, 557, 718, 762, 1021, 1055, 1029, 571, 736, 927, 726, 566, 952, 974, 723, 836, 1035, 914, 622, 742, 716, 985, 1013, 662, 732, 681, 841, 805, 910, 994, 702, 913, 900, 669, 625, 986, 631, 992, 682, 995, 712, 1000, 809, 777, 971, 844, 727, 550, 565, 664, 839, 679, 549, 776, 1007, 582, 729, 725, 1011, 817, 906, 832, 830, 752, 572, 833, 578, 602, 909, 633, 648, 756, 1020, 843, 787, 1033, 934, 916, 696, 855, 584, 637, 639, 911, 722, 603, 987, 624, 917, 997, 812, 918, 748, 1026, 981, 615, 851, 659, 1041, 890, 1025, 932, 915, 567, 845, 588, 875, 561, 657, 1054, 690, 842, 930, 570, 826, 891, 651, 678, 766, 1044, 695, 938, 1010, 562, 710, 704, 1039, 728, 621, 778, 774, 874, 585, 814, 733, 667, 665, 553, 626, 738, 719, 781, 926, 628, 815, 822, 757, 969, 973, 838, 868, 775, 941, 598, 755, 708, 595, 847, 939, 959, 660, 745, 860, 768, 765, 671, 783, 655, 962, 854, 929, 1023, 554, 635, 793, 956, 767, 691, 966, 808, 818, 1022, 801, 754, 940, 771, 779, 864, 892, 677, 666, 663, 686, 646, 634, 951, 610, 870, 792, 749, 996, 620, 689, 878, 673, 715, 653, 945, 740, 627, 658, 688, 799, 600, 761, 867, 721, 975, 880, 759, 693, 802, 794, 596, 713, 834, 888, 849, 905, 763, 958, 798, 661, 823, 894, 772, 983, 668, 942, 928, 724, 758, 711, 612, 640, 739, 829, 608, 963, 676, 630, 954, 943, 672, 632, 810, 601, 784, 692, 746, 1032, 863, 804, 649, 965, 559, 789, 744, 687, 980, 791, 1040, 811, 819, 1059, 564, 944, 835, 785, 876, 650, 769, 936, 685, 782, 948, 790, 935, 684, 898, 856, 895, 764, 869, 604, 1014, 1038, 638, 580, 706, 647, 636, 735, 645, 795, 694, 877, 760, 968, 933, 887, 654, 773, 931, 831, 848, 788, 786, 919, 857, 925, 884, 846, 946, 813, 858, 961, 881, 816, 563, 780, 882, 594, 889, 730, 656, 796, 953, 568, 960, 964, 907, 583, 897, 629, 652, 574, 949, 993, 642, 825, 871, 617, 586, 879, 683, 824, 820, 1005, 853, 893, 611, 1034, 751, 978, 703, 797, 998, 861, 555, 803, 999, 1048, 720, 872, 770, 675, 937, 806, 1016, 800, 705, 750, 700, 614, 903, 1018, 707, 609, 865, 901, 908, 581, 1053, 896, 674, 883, 644, 821, 859, 828, 618, 976, 670, 852, 607, 1047, 1050, 1008, 902, 899, 599, 699, 967, 697, 643, 991, 641, 619, 827, 947, 743, 862, 873, 1036, 1015, 950, 623, 988, 957, 977, 698, 680, 866, 717, 850, 737, 575, 734, 1046, 560, 569, 579, 904, 701, 984, 741, 1037, 886, 840, 982, 1045, 616, 593, 1042, 990, 577, 885, 747, 731], "same_set_saved_d_sum": 0.2099816740037336, "scorer_seconds": 0.5400306582450867}[32m [repeated 12x across cluster][0m
[36m(AuthorRewardCurveWorker pid=114960)[0m TEXTCRAFT_AUTHOR_REWARD_CURVE {"phase": "author_curve_complete", "rank": 0, "pid": 114960, "completed_cases": 8, "native_forward_calls": 378, "unix": 1791259973.2931323, "case_index": 8, "traj_uid": "ea1bb8dd-9dee-4b98-a90d-1c68c9da715d", "view": "signed_RISE", "score_seconds": 22.36407257243991, "seconds": 19.926821682602167, "native_score_calls": 21}
[36m(AuthorRewardCurveWorker pid=114960)[0m TEXTCRAFT_AUTHOR_REWARD_CURVE {"phase": "author_case_complete", "rank": 0, "pid": 114960, "completed_cases": 9, "native_forward_calls": 378, "unix": 1791259973.5113494, "last_seconds": 40.357744082808495}
[36m(AuthorRewardCurveWorker pid=114960)[0m TEXTCRAFT_AUTHOR_REWARD_CURVE {"phase": "author_case_begin", "rank": 0, "pid": 114960, "completed_cases": 9, "native_forward_calls": 378, "unix": 1791259973.5773323, "case_index": 9, "traj_uid": "8b957378-0210-4564-80c5-e2af6f9c964e"}
[36m(AuthorRewardCurveWorker pid=114960)[0m TEXTCRAFT_AUTHOR_REWARD_CURVE {"phase": "author_curve_begin", "rank": 0, "pid": 114960, "completed_cases": 9, "native_forward_calls": 378, "unix": 1791259973.6498568, "case_index": 9, "traj_uid": "8b957378-0210-4564-80c5-e2af6f9c964e", "view": "positive_MAS", "score_seconds": 0, "score_points": 21}
[36m(AuthorRewardCurveWorker pid=114960)[0m TEXTCRAFT_AUTHOR_REWARD_CURVE {"phase": "author_score_complete", "rank": 0, "pid": 114960, "completed_cases": 9, "native_forward_calls": 379, "unix": 1791259974.7270174, "case_index": 9, "traj_uid": "8b957378-0210-4564-80c5-e2af6f9c964e", "view": "positive_MAS", "score_seconds": 0.582326415926218, "point_index": 0, "raw_logp": -0.3389475345611572, "author_deleted_source_indices": [], "author_current_group_source_indices": [], "author_deleted_input_positions": [], "same_set_saved_d_sum": 0.0, "scorer_seconds": 0.5824904479086399}
[36m(AuthorRewardCurveWorker pid=114960)[0m TEXTCRAFT_AUTHOR_REWARD_CURVE {"phase": "author_score_complete", "rank": 0, "pid": 114960, "completed_cases": 9, "native_forward_calls": 380, "unix": 1791259975.7495825, "case_index": 9, "traj_uid": "8b957378-0210-4564-80c5-e2af6f9c964e", "view": "positive_MAS", "score_seconds": 1.1069074608385563, "point_index": 1, "raw_logp": -1.1283049583435059, "author_deleted_source_indices": [0, 1, 102, 9, 310, 34, 301, 198, 407, 495, 6, 486, 101, 157, 497, 35, 92, 476, 426, 408, 480, 381, 4, 91, 201, 60], "author_current_group_source_indices": [0, 1, 102, 9, 310, 34, 301, 198, 407, 495, 6, 486, 101, 157, 497, 35, 92, 476, 426, 408, 480, 381, 4, 91, 201, 60], "author_deleted_input_positions": [518, 519, 620, 527, 828, 552, 819, 716, 925, 1013, 524, 1004, 619, 675, 1015, 553, 610, 994, 944, 926, 998, 899, 522, 609, 719, 578], "same_set_saved_d_sum": 0.41547518641795944, "scorer_seconds": 0.5247084833681583}
[36m(AuthorRewardCurveWorker pid=116402)[0m TEXTCRAFT_AUTHOR_REWARD_CURVE {"phase": "author_score_complete", "rank": 1, "pid": 116402, "completed_cases": 8, "native_forward_calls": 378, "unix": 1791259973.3225393, "case_index": 8, "traj_uid": "b11d0c44-00b5-49c4-bb40-42c00749ad22", "view": "signed_RISE", "score_seconds": 18.758724864572287, "point_index": 20, "raw_logp": -0.20084165036678314, "author_deleted_source_indices": [261, 279, 28, 486, 9, 383, 432, 4, 487, 305, 264, 380, 452, 19, 117, 266, 411, 499, 289, 263, 393, 204, 447, 485, 382, 139, 6, 272, 273, 23, 194, 408, 141, 88, 406, 387, 395, 376, 281, 275, 422, 251, 416, 18, 25, 336, 493, 197, 258, 353, 10, 472, 458, 295, 386, 43, 396, 235, 405, 403, 385, 31, 105, 410, 298, 434, 14, 464, 378, 114, 49, 118, 373, 482, 299, 202, 287, 30, 294, 102, 201, 454, 274, 296, 195, 68, 89, 193, 449, 448, 468, 86, 187, 342, 317, 444, 156, 407, 435, 381, 370, 219, 490, 37, 96, 38, 508, 361, 255, 172, 47, 40, 384, 192, 277, 200, 283, 319, 181, 439, 400, 55, 455, 451, 113, 57, 331, 243, 15, 288, 35, 388, 240, 315, 301, 24, 257, 81, 280, 335, 480, 401, 252, 390, 284, 64, 471, 320, 63, 155, 497, 152, 101, 441, 220, 329, 327, 211, 67, 162, 436, 199, 60, 245, 232, 371, 459, 236, 20, 91, 398, 222, 74, 469, 237, 316, 260, 170, 82, 44, 347, 322, 99, 26, 128, 419, 247, 79, 83, 122, 239, 250, 158, 98, 345, 404, 421, 65, 460, 46, 190, 477, 103, 225, 171, 474, 144, 175, 143, 321, 248, 58, 45, 424, 306, 148, 307, 149, 476, 164, 130, 229, 159, 489, 95, 213, 254, 338, 492, 233, 332, 223, 188, 42, 12, 21, 438, 391, 160, 302, 379, 17, 129, 169, 292, 224, 465, 226, 110, 238, 126, 462, 228, 443, 71, 80, 357, 326, 209, 33, 127, 147, 66, 75, 39, 70, 221, 62, 163, 191, 475, 324, 22, 215, 111, 59, 84, 359, 53, 282, 314, 394, 198, 286, 8, 90, 179, 77, 512, 182, 52, 100, 445, 174, 56, 93, 231, 276, 269, 173, 328, 246, 185, 216, 309, 352, 76, 337, 423, 234, 157, 431, 154, 94, 478, 176, 397, 470, 210, 473, 425, 308, 145, 150, 161, 456, 333, 323, 78, 463, 488, 212, 262, 85, 413, 457, 300, 183, 109, 97, 346, 112, 297, 134, 374, 142, 196, 364, 420, 180, 92, 230, 153, 125, 227, 354, 87, 208, 168, 124, 7, 69, 242, 217, 50, 107, 293, 146, 256, 495, 500, 32, 48, 72, 365, 138, 330, 291, 165, 123, 285, 218, 115, 108, 184, 207, 339, 349, 73, 270, 491, 137, 479, 360, 120, 358, 249, 426, 318, 241, 369, 325, 417, 178, 61, 303, 41, 214, 467, 363, 106, 271, 389, 367, 484, 206, 116, 133, 402, 461, 36, 132, 350, 29, 151, 54, 278, 312, 362, 34, 189, 268, 483, 267, 351, 507, 136, 343, 355, 399, 466, 368, 177, 3, 311, 2, 356, 377, 375, 121, 186, 334, 259, 16, 446, 104, 427, 442, 265, 131, 167, 412, 418, 244, 428, 348, 430, 498, 453, 501, 51, 135, 313, 440, 496, 166, 481, 414, 205, 429, 392, 437, 203, 340, 13, 344, 409, 27, 253, 505, 415, 140, 290, 511, 504, 450, 119, 366, 11, 310, 502, 372, 494, 503, 506, 341, 5, 433, 510, 509, 304, 1, 0], "author_current_group_source_indices": [253, 505, 415, 140, 290, 511, 504, 450, 119, 366, 11, 310, 502, 372, 494, 503, 506, 341, 5, 433, 510, 509, 304, 1, 0], "author_deleted_input_positions": [808, 826, 575, 1033, 556, 930, 979, 551, 1034, 852, 811, 927, 999, 566, 664, 813, 958, 1046, 836, 810, 940, 751, 994, 1032, 929, 686, 553, 819, 820, 570, 741, 955, 688, 635, 953, 934, 942, 923, 828, 822, 969, 798, 963, 565, 572, 883, 1040, 744, 805, 900, 557, 1019, 1005, 842, 933, 590, 943, 782, 952, 950, 932, 578, 652, 957, 845, 981, 561, 1011, 925, 661, 596, 665, 920, 1029, 846, 749, 834, 577, 841, 649, 748, 1001, 821, 843, 742, 615, 636, 740, 996, 995, 1015, 633, 734, 889, 864, 991, 703, 954, 982, 928, 917, 766, 1037, 584, 643, 585, 1055, 908, 802, 719, 594, 587, 931, 739, 824, 747, 830, 866, 728, 986, 947, 602, 1002, 998, 660, 604, 878, 790, 562, 835, 582, 935, 787, 862, 848, 571, 804, 628, 827, 882, 1027, 948, 799, 937, 831, 611, 1018, 867, 610, 702, 1044, 699, 648, 988, 767, 876, 874, 758, 614, 709, 983, 746, 607, 792, 779, 918, 1006, 783, 567, 638, 945, 769, 621, 1016, 784, 863, 807, 717, 629, 591, 894, 869, 646, 573, 675, 966, 794, 626, 630, 669, 786, 797, 705, 645, 892, 951, 968, 612, 1007, 593, 737, 1024, 650, 772, 718, 1021, 691, 722, 690, 868, 795, 605, 592, 971, 853, 695, 854, 696, 1023, 711, 677, 776, 706, 1036, 642, 760, 801, 885, 1039, 780, 879, 770, 735, 589, 559, 568, 985, 938, 707, 849, 926, 564, 676, 716, 839, 771, 1012, 773, 657, 785, 673, 1009, 775, 990, 618, 627, 904, 873, 756, 580, 674, 694, 613, 622, 586, 617, 768, 609, 710, 738, 1022, 871, 569, 762, 658, 606, 631, 906, 600, 829, 861, 941, 745, 833, 555, 637, 726, 624, 1059, 729, 599, 647, 992, 721, 603, 640, 778, 823, 816, 720, 875, 793, 732, 763, 856, 899, 623, 884, 970, 781, 704, 978, 701, 641, 1025, 723, 944, 1017, 757, 1020, 972, 855, 692, 697, 708, 1003, 880, 870, 625, 1010, 1035, 759, 809, 632, 960, 1004, 847, 730, 656, 644, 893, 659, 844, 681, 921, 689, 743, 911, 967, 727, 639, 777, 700, 672, 774, 901, 634, 755, 715, 671, 554, 616, 789, 764, 597, 654, 840, 693, 803, 1042, 1047, 579, 595, 619, 912, 685, 877, 838, 712, 670, 832, 765, 662, 655, 731, 754, 886, 896, 620, 817, 1038, 684, 1026, 907, 667, 905, 796, 973, 865, 788, 916, 872, 964, 725, 608, 850, 588, 761, 1014, 910, 653, 818, 936, 914, 1031, 753, 663, 680, 949, 1008, 583, 679, 897, 576, 698, 601, 825, 859, 909, 581, 736, 815, 1030, 814, 898, 1054, 683, 890, 902, 946, 1013, 915, 724, 550, 858, 549, 903, 924, 922, 668, 733, 881, 806, 563, 993, 651, 974, 989, 812, 678, 714, 959, 965, 791, 975, 895, 977, 1045, 1000, 1048, 598, 682, 860, 987, 1043, 713, 1028, 961, 752, 976, 939, 984, 750, 887, 560, 891, 956, 574, 800, 1052, 962, 687, 837, 1058, 1051, 997, 666, 913, 558, 857, 1049, 919, 1041, 1050, 1053, 888, 552, 980, 1057, 1056, 851, 548, 547], "same_set_saved_d_sum": 0.049129980413530075, "scorer_seconds": 0.44580042362213135}[32m [repeated 3x across cluster][0m
[36m(AuthorRewardCurveWorker pid=116402)[0m TEXTCRAFT_AUTHOR_REWARD_CURVE {"phase": "author_curve_complete", "rank": 1, "pid": 116402, "completed_cases": 8, "native_forward_calls": 378, "unix": 1791259973.401295, "case_index": 8, "traj_uid": "b11d0c44-00b5-49c4-bb40-42c00749ad22", "view": "signed_RISE", "score_seconds": 18.758724864572287, "seconds": 19.913346752524376, "native_score_calls": 21}
[36m(AuthorRewardCurveWorker pid=116402)[0m TEXTCRAFT_AUTHOR_REWARD_CURVE {"phase": "author_case_complete", "rank": 1, "pid": 116402, "completed_cases": 9, "native_forward_calls": 378, "unix": 1791259973.6257515, "last_seconds": 40.29357774183154}
[36m(AuthorRewardCurveWorker pid=116402)[0m TEXTCRAFT_AUTHOR_REWARD_CURVE {"phase": "author_case_begin", "rank": 1, "pid": 116402, "completed_cases": 9, "native_forward_calls": 378, "unix": 1791259973.702709, "case_index": 9, "traj_uid": "28ecb586-b904-46f4-945f-cc55a66afe71"}
[36m(AuthorRewardCurveWorker pid=116402)[0m TEXTCRAFT_AUTHOR_REWARD_CURVE {"phase": "author_curve_begin", "rank": 1, "pid": 116402, "completed_cases": 9, "native_forward_calls": 378, "unix": 1791259973.7853472, "case_index": 9, "traj_uid": "28ecb586-b904-46f4-945f-cc55a66afe71", "view": "positive_MAS", "score_seconds": 0, "score_points": 21}
[36m(AuthorRewardCurveWorker pid=116402)[0m TEXTCRAFT_AUTHOR_REWARD_CURVE {"phase": "author_score_complete", "rank": 1, "pid": 116402, "completed_cases": 9, "native_forward_calls": 379, "unix": 1791259974.8064368, "case_index": 9, "traj_uid": "28ecb586-b904-46f4-945f-cc55a66afe71", "view": "positive_MAS", "score_seconds": 0.4466676115989685, "point_index": 0, "raw_logp": -0.22362560033798218, "author_deleted_source_indices": [], "author_current_group_source_indices": [], "author_deleted_input_positions": [], "same_set_saved_d_sum": 0.0, "scorer_seconds": 0.44681842997670174}
[36m(AuthorRewardCurveWorker pid=114960)[0m TEXTCRAFT_AUTHOR_REWARD_CURVE {"phase": "author_score_complete", "rank": 0, "pid": 114960, "completed_cases": 9, "native_forward_calls": 385, "unix": 1791259980.8744695, "case_index": 9, "traj_uid": "8b957378-0210-4564-80c5-e2af6f9c964e", "view": "positive_MAS", "score_seconds": 3.7804663814604282, "point_index": 6, "raw_logp": -1.09096360206604, "author_deleted_source_indices": [0, 1, 102, 9, 310, 34, 301, 198, 407, 495, 6, 486, 101, 157, 497, 35, 92, 476, 426, 408, 480, 381, 4, 91, 201, 60, 61, 77, 409, 182, 358, 490, 474, 211, 122, 445, 405, 453, 103, 38, 19, 511, 314, 502, 104, 93, 363, 41, 484, 291, 370, 160, 356, 449, 424, 45, 59, 241, 255, 467, 353, 306, 10, 305, 380, 468, 236, 413, 24, 425, 423, 254, 483, 366, 135, 432, 414, 489, 12, 74, 126, 196, 200, 450, 487, 382, 280, 113, 329, 76, 272, 466, 100, 397, 507, 197, 464, 184, 193, 251, 296, 287, 402, 238, 27, 427, 90, 247, 78, 320, 290, 311, 477, 152, 465, 62, 354, 303, 42, 124, 50, 44, 367, 351, 144, 389, 410, 130, 8, 270, 154, 111, 331, 33, 324, 371, 106, 205, 441, 112, 444, 479, 136, 439, 67, 481, 501, 131, 148, 110, 114, 168, 325, 229, 240, 195], "author_current_group_source_indices": [154, 111, 331, 33, 324, 371, 106, 205, 441, 112, 444, 479, 136, 439, 67, 481, 501, 131, 148, 110, 114, 168, 325, 229, 240, 195], "author_deleted_input_positions": [518, 519, 620, 527, 828, 552, 819, 716, 925, 1013, 524, 1004, 619, 675, 1015, 553, 610, 994, 944, 926, 998, 899, 522, 609, 719, 578, 579, 595, 927, 700, 876, 1008, 992, 729, 640, 963, 923, 971, 621, 556, 537, 1029, 832, 1020, 622, 611, 881, 559, 1002, 809, 888, 678, 874, 967, 942, 563, 577, 759, 773, 985, 871, 824, 528, 823, 898, 986, 754, 931, 542, 943, 941, 772, 1001, 884, 653, 950, 932, 1007, 530, 592, 644, 714, 718, 968, 1005, 900, 798, 631, 847, 594, 790, 984, 618, 915, 1025, 715, 982, 702, 711, 769, 814, 805, 920, 756, 545, 945, 608, 765, 596, 838, 808, 829, 995, 670, 983, 580, 872, 821, 560, 642, 568, 562, 885, 869, 662, 907, 928, 648, 526, 788, 672, 629, 849, 551, 842, 889, 624, 723, 959, 630, 962, 997, 654, 957, 585, 999, 1019, 649, 666, 628, 632, 686, 843, 747, 758, 713], "same_set_saved_d_sum": 0.8049723768471647, "scorer_seconds": 0.5359609983861446}[32m [repeated 10x across cluster][0m
[36m(AuthorRewardCurveWorker pid=114960)[0m TEXTCRAFT_AUTHOR_REWARD_CURVE {"phase": "author_score_complete", "rank": 0, "pid": 114960, "completed_cases": 9, "native_forward_calls": 390, "unix": 1791259986.081118, "case_index": 9, "traj_uid": "8b957378-0210-4564-80c5-e2af6f9c964e", "view": "positive_MAS", "score_seconds": 6.475077338516712, "point_index": 11, "raw_logp": -0.6191892027854919, "author_deleted_source_indices": [0, 1, 102, 9, 310, 34, 301, 198, 407, 495, 6, 486, 101, 157, 497, 35, 92, 476, 426, 408, 480, 381, 4, 91, 201, 60, 61, 77, 409, 182, 358, 490, 474, 211, 122, 445, 405, 453, 103, 38, 19, 511, 314, 502, 104, 93, 363, 41, 484, 291, 370, 160, 356, 449, 424, 45, 59, 241, 255, 467, 353, 306, 10, 305, 380, 468, 236, 413, 24, 425, 423, 254, 483, 366, 135, 432, 414, 489, 12, 74, 126, 196, 200, 450, 487, 382, 280, 113, 329, 76, 272, 466, 100, 397, 507, 197, 464, 184, 193, 251, 296, 287, 402, 238, 27, 427, 90, 247, 78, 320, 290, 311, 477, 152, 465, 62, 354, 303, 42, 124, 50, 44, 367, 351, 144, 389, 410, 130, 8, 270, 154, 111, 331, 33, 324, 371, 106, 205, 441, 112, 444, 479, 136, 439, 67, 481, 501, 131, 148, 110, 114, 168, 325, 229, 240, 195, 430, 350, 235, 212, 321, 146, 228, 18, 316, 51, 274, 246, 337, 71, 120, 383, 179, 145, 288, 150, 220, 422, 319, 364, 213, 365, 248, 418, 216, 149, 164, 242, 203, 192, 374, 357, 322, 253, 485, 178, 58, 406, 282, 388, 233, 180, 208, 57, 506, 347, 368, 109, 440, 244, 378, 230, 335, 454, 400, 65, 284, 460, 63, 199, 416, 107, 174, 40, 88, 128, 442, 399, 231, 226, 132, 431, 54, 349, 417, 129, 473, 317, 469, 268, 147, 277, 336, 508, 334, 475, 333, 503, 346, 339, 355, 340, 510, 505, 352, 341, 504, 359, 342, 348, 509, 343, 360, 344, 361, 362, 345, 338, 433, 447, 446, 443, 438, 437, 436, 435, 434, 448, 429, 428, 512, 488, 421, 420, 419, 415], "author_current_group_source_indices": [509, 343, 360, 344, 361, 362, 345, 338, 433, 447, 446, 443, 438, 437, 436, 435, 434, 448, 429, 428, 512, 488, 421, 420, 419, 415], "author_deleted_input_positions": [518, 519, 620, 527, 828, 552, 819, 716, 925, 1013, 524, 1004, 619, 675, 1015, 553, 610, 994, 944, 926, 998, 899, 522, 609, 719, 578, 579, 595, 927, 700, 876, 1008, 992, 729, 640, 963, 923, 971, 621, 556, 537, 1029, 832, 1020, 622, 611, 881, 559, 1002, 809, 888, 678, 874, 967, 942, 563, 577, 759, 773, 985, 871, 824, 528, 823, 898, 986, 754, 931, 542, 943, 941, 772, 1001, 884, 653, 950, 932, 1007, 530, 592, 644, 714, 718, 968, 1005, 900, 798, 631, 847, 594, 790, 984, 618, 915, 1025, 715, 982, 702, 711, 769, 814, 805, 920, 756, 545, 945, 608, 765, 596, 838, 808, 829, 995, 670, 983, 580, 872, 821, 560, 642, 568, 562, 885, 869, 662, 907, 928, 648, 526, 788, 672, 629, 849, 551, 842, 889, 624, 723, 959, 630, 962, 997, 654, 957, 585, 999, 1019, 649, 666, 628, 632, 686, 843, 747, 758, 713, 948, 868, 753, 730, 839, 664, 746, 536, 834, 569, 792, 764, 855, 589, 638, 901, 697, 663, 806, 668, 738, 940, 837, 882, 731, 883, 766, 936, 734, 667, 682, 760, 721, 710, 892, 875, 840, 771, 1003, 696, 576, 924, 800, 906, 751, 698, 726, 575, 1024, 865, 886, 627, 958, 762, 896, 748, 853, 972, 918, 583, 802, 978, 581, 717, 934, 625, 692, 558, 606, 646, 960, 917, 749, 744, 650, 949, 572, 867, 935, 647, 991, 835, 987, 786, 665, 795, 854, 1026, 852, 993, 851, 1021, 864, 857, 873, 858, 1028, 1023, 870, 859, 1022, 877, 860, 866, 1027, 861, 878, 862, 879, 880, 863, 856, 951, 965, 964, 961, 956, 955, 954, 953, 952, 966, 947, 946, 1030, 1006, 939, 938, 937, 933], "same_set_saved_d_sum": 0.7327062264135447, "scorer_seconds": 0.5350521840155125}[32m [repeated 10x across cluster][0m
[36m(AuthorRewardCurveWorker pid=114960)[0m TEXTCRAFT_AUTHOR_REWARD_CURVE {"phase": "author_score_complete", "rank": 0, "pid": 114960, "completed_cases": 9, "native_forward_calls": 395, "unix": 1791259991.2507424, "case_index": 9, "traj_uid": "8b957378-0210-4564-80c5-e2af6f9c964e", "view": "positive_MAS", "score_seconds": 9.160324316471815, "point_index": 16, "raw_logp": -0.5107412338256836, "author_deleted_source_indices": [0, 1, 102, 9, 310, 34, 301, 198, 407, 495, 6, 486, 101, 157, 497, 35, 92, 476, 426, 408, 480, 381, 4, 91, 201, 60, 61, 77, 409, 182, 358, 490, 474, 211, 122, 445, 405, 453, 103, 38, 19, 511, 314, 502, 104, 93, 363, 41, 484, 291, 370, 160, 356, 449, 424, 45, 59, 241, 255, 467, 353, 306, 10, 305, 380, 468, 236, 413, 24, 425, 423, 254, 483, 366, 135, 432, 414, 489, 12, 74, 126, 196, 200, 450, 487, 382, 280, 113, 329, 76, 272, 466, 100, 397, 507, 197, 464, 184, 193, 251, 296, 287, 402, 238, 27, 427, 90, 247, 78, 320, 290, 311, 477, 152, 465, 62, 354, 303, 42, 124, 50, 44, 367, 351, 144, 389, 410, 130, 8, 270, 154, 111, 331, 33, 324, 371, 106, 205, 441, 112, 444, 479, 136, 439, 67, 481, 501, 131, 148, 110, 114, 168, 325, 229, 240, 195, 430, 350, 235, 212, 321, 146, 228, 18, 316, 51, 274, 246, 337, 71, 120, 383, 179, 145, 288, 150, 220, 422, 319, 364, 213, 365, 248, 418, 216, 149, 164, 242, 203, 192, 374, 357, 322, 253, 485, 178, 58, 406, 282, 388, 233, 180, 208, 57, 506, 347, 368, 109, 440, 244, 378, 230, 335, 454, 400, 65, 284, 460, 63, 199, 416, 107, 174, 40, 88, 128, 442, 399, 231, 226, 132, 431, 54, 349, 417, 129, 473, 317, 469, 268, 147, 277, 336, 508, 334, 475, 333, 503, 346, 339, 355, 340, 510, 505, 352, 341, 504, 359, 342, 348, 509, 343, 360, 344, 361, 362, 345, 338, 433, 447, 446, 443, 438, 437, 436, 435, 434, 448, 429, 428, 512, 488, 421, 420, 419, 415, 451, 452, 482, 455, 456, 457, 458, 459, 461, 462, 463, 478, 470, 471, 472, 392, 372, 373, 375, 376, 377, 379, 500, 499, 384, 498, 385, 386, 387, 390, 391, 369, 393, 394, 395, 396, 398, 496, 401, 403, 404, 494, 493, 492, 491, 411, 412, 98, 125, 123, 121, 119, 118, 117, 116, 115, 108, 105, 99, 127, 97, 96, 95, 94, 89, 87, 86, 85, 84, 83, 153, 167, 166, 165, 163, 162, 161, 159, 158, 156, 155, 82, 151, 143, 142, 141, 140, 139, 138, 137, 134, 133, 20, 36, 32, 31, 30, 29, 28, 26, 25, 23, 22, 21, 37, 17, 16, 15, 14, 13, 11, 7, 5, 3, 2, 64, 81, 80, 79, 75, 73, 72, 70, 69, 68, 66, 169], "author_current_group_source_indices": [22, 21, 37, 17, 16, 15, 14, 13, 11, 7, 5, 3, 2, 64, 81, 80, 79, 75, 73, 72, 70, 69, 68, 66, 169], "author_deleted_input_positions": [518, 519, 620, 527, 828, 552, 819, 716, 925, 1013, 524, 1004, 619, 675, 1015, 553, 610, 994, 944, 926, 998, 899, 522, 609, 719, 578, 579, 595, 927, 700, 876, 1008, 992, 729, 640, 963, 923, 971, 621, 556, 537, 1029, 832, 1020, 622, 611, 881, 559, 1002, 809, 888, 678, 874, 967, 942, 563, 577, 759, 773, 985, 871, 824, 528, 823, 898, 986, 754, 931, 542, 943, 941, 772, 1001, 884, 653, 950, 932, 1007, 530, 592, 644, 714, 718, 968, 1005, 900, 798, 631, 847, 594, 790, 984, 618, 915, 1025, 715, 982, 702, 711, 769, 814, 805, 920, 756, 545, 945, 608, 765, 596, 838, 808, 829, 995, 670, 983, 580, 872, 821, 560, 642, 568, 562, 885, 869, 662, 907, 928, 648, 526, 788, 672, 629, 849, 551, 842, 889, 624, 723, 959, 630, 962, 997, 654, 957, 585, 999, 1019, 649, 666, 628, 632, 686, 843, 747, 758, 713, 948, 868, 753, 730, 839, 664, 746, 536, 834, 569, 792, 764, 855, 589, 638, 901, 697, 663, 806, 668, 738, 940, 837, 882, 731, 883, 766, 936, 734, 667, 682, 760, 721, 710, 892, 875, 840, 771, 1003, 696, 576, 924, 800, 906, 751, 698, 726, 575, 1024, 865, 886, 627, 958, 762, 896, 748, 853, 972, 918, 583, 802, 978, 581, 717, 934, 625, 692, 558, 606, 646, 960, 917, 749, 744, 650, 949, 572, 867, 935, 647, 991, 835, 987, 786, 665, 795, 854, 1026, 852, 993, 851, 1021, 864, 857, 873, 858, 1028, 1023, 870, 859, 1022, 877, 860, 866, 1027, 861, 878, 862, 879, 880, 863, 856, 951, 965, 964, 961, 956, 955, 954, 953, 952, 966, 947, 946, 1030, 1006, 939, 938, 937, 933, 969, 970, 1000, 973, 974, 975, 976, 977, 979, 980, 981, 996, 988, 989, 990, 910, 890, 891, 893, 894, 895, 897, 1018, 1017, 902, 1016, 903, 904, 905, 908, 909, 887, 911, 912, 913, 914, 916, 1014, 919, 921, 922, 1012, 1011, 1010, 1009, 929, 930, 616, 643, 641, 639, 637, 636, 635, 634, 633, 626, 623, 617, 645, 615, 614, 613, 612, 607, 605, 604, 603, 602, 601, 671, 685, 684, 683, 681, 680, 679, 677, 676, 674, 673, 600, 669, 661, 660, 659, 658, 657, 656, 655, 652, 651, 538, 554, 550, 549, 548, 547, 546, 544, 543, 541, 540, 539, 555, 535, 534, 533, 532, 531, 529, 525, 523, 521, 520, 582, 599, 598, 597, 593, 591, 590, 588, 587, 586, 584, 687], "same_set_saved_d_sum": 0.2899556227182413, "scorer_seconds": 0.5356506928801537}[32m [repeated 10x across cluster][0m
[36m(AuthorRewardCurveWorker pid=114960)[0m TEXTCRAFT_AUTHOR_REWARD_CURVE {"phase": "author_curve_complete", "rank": 0, "pid": 114960, "completed_cases": 9, "native_forward_calls": 399, "unix": 1791259995.4582996, "case_index": 9, "traj_uid": "8b957378-0210-4564-80c5-e2af6f9c964e", "view": "positive_MAS", "score_seconds": 11.294293001294136, "seconds": 21.73598610982299, "native_score_calls": 21}
[36m(AuthorRewardCurveWorker pid=114960)[0m TEXTCRAFT_AUTHOR_REWARD_CURVE {"phase": "author_curve_begin", "rank": 0, "pid": 114960, "completed_cases": 9, "native_forward_calls": 399, "unix": 1791259995.5258346, "case_index": 9, "traj_uid": "8b957378-0210-4564-80c5-e2af6f9c964e", "view": "signed_RISE", "score_seconds": 11.294293001294136, "score_points": 21}
[36m(AuthorRewardCurveWorker pid=114960)[0m TEXTCRAFT_AUTHOR_REWARD_CURVE {"phase": "author_score_complete", "rank": 0, "pid": 114960, "completed_cases": 9, "native_forward_calls": 400, "unix": 1791259996.5538204, "case_index": 9, "traj_uid": "8b957378-0210-4564-80c5-e2af6f9c964e", "view": "signed_RISE", "score_seconds": 11.822683461010456, "point_index": 0, "raw_logp": -0.3389475345611572, "author_deleted_source_indices": [], "author_current_group_source_indices": [], "author_deleted_input_positions": [], "same_set_saved_d_sum": 0.0, "scorer_seconds": 0.5285245291888714}
[36m(AuthorRewardCurveWorker pid=116402)[0m TEXTCRAFT_AUTHOR_REWARD_CURVE {"phase": "author_score_complete", "rank": 1, "pid": 116402, "completed_cases": 9, "native_forward_calls": 399, "unix": 1791259995.451759, "case_index": 9, "traj_uid": "28ecb586-b904-46f4-945f-cc55a66afe71", "view": "positive_MAS", "score_seconds": 9.394526287913322, "point_index": 20, "raw_logp": -0.20084165036678314, "author_deleted_source_indices": [296, 410, 9, 24, 276, 281, 28, 464, 274, 508, 471, 300, 445, 365, 450, 20, 29, 360, 278, 418, 454, 449, 460, 213, 293, 277, 400, 324, 311, 469, 214, 405, 390, 280, 462, 34, 41, 18, 217, 419, 283, 6, 206, 364, 246, 19, 205, 10, 37, 279, 358, 209, 47, 204, 403, 484, 202, 347, 30, 479, 491, 442, 303, 386, 107, 21, 122, 8, 359, 355, 383, 493, 446, 2, 350, 36, 353, 375, 248, 35, 406, 473, 100, 463, 164, 38, 127, 357, 180, 68, 168, 182, 31, 33, 98, 455, 253, 472, 225, 328, 129, 267, 93, 374, 336, 382, 363, 26, 197, 64, 321, 17, 191, 14, 165, 4, 92, 385, 315, 207, 162, 157, 118, 312, 53, 233, 327, 443, 43, 103, 45, 509, 112, 131, 288, 263, 216, 82, 152, 236, 181, 381, 240, 319, 316, 256, 404, 219, 273, 48, 294, 268, 298, 384, 15, 474, 87, 167, 203, 72, 409, 223, 67, 74, 295, 430, 42, 302, 457, 247, 402, 86, 323, 104, 97, 40, 172, 81, 211, 134, 340, 199, 282, 452, 185, 80, 151, 121, 156, 227, 101, 117, 141, 485, 60, 270, 65, 239, 235, 189, 255, 44, 22, 175, 376, 145, 59, 329, 84, 465, 163, 234, 56, 111, 412, 264, 489, 440, 115, 470, 201, 135, 271, 132, 320, 58, 371, 3, 380, 488, 146, 456, 220, 438, 55, 114, 368, 51, 467, 63, 109, 259, 171, 237, 27, 266, 304, 190, 212, 77, 66, 173, 308, 437, 159, 138, 258, 83, 184, 299, 186, 369, 160, 243, 366, 439, 370, 372, 373, 356, 377, 367, 378, 395, 389, 391, 394, 379, 362, 393, 361, 387, 388, 392, 478, 492, 490, 487, 486, 483, 482, 481, 480, 494, 477, 476, 475, 468, 466, 461, 459, 458, 502, 0, 511, 510, 507, 506, 505, 504, 503, 453, 501, 500, 499, 498, 497, 496, 495, 414, 424, 423, 422, 421, 420, 417, 416, 415, 425, 413, 411, 408, 407, 401, 399, 398, 397, 434, 451, 448, 447, 444, 441, 512, 436, 435, 396, 433, 432, 431, 429, 428, 427, 426, 128, 144, 143, 142, 140, 139, 137, 136, 133, 130, 147, 126, 125, 124, 123, 120, 119, 116, 113, 110, 169, 188, 187, 183, 179, 178, 177, 176, 174, 170, 108, 166, 161, 158, 155, 154, 153, 150, 149, 148, 32, 62, 61, 57, 54, 52, 50, 49, 46, 39, 69, 25, 23, 16, 13, 12, 11, 7, 5, 1, 89, 106, 105, 102, 99, 96, 95, 94, 91, 90, 192, 88, 85, 79, 78, 76, 75, 73, 71, 70, 306, 325, 322, 318, 317, 314, 313, 310, 309, 307, 326, 305, 301, 297, 292, 291, 290, 289, 287, 286, 341, 352, 351, 349, 348, 346, 345, 344, 343, 342, 285, 339, 338, 337, 335, 334, 333, 332, 331, 330, 218, 232, 231, 230, 229, 228, 226, 224, 222, 221, 238, 215, 210, 208, 200, 198, 196, 195, 194, 193, 254, 284, 275, 272, 269, 265, 262, 261, 260, 257, 354, 252, 251, 250, 249, 245, 244, 242, 241], "author_current_group_source_indices": [200, 198, 196, 195, 194, 193, 254, 284, 275, 272, 269, 265, 262, 261, 260, 257, 354, 252, 251, 250, 249, 245, 244, 242, 241], "author_deleted_input_positions": [843, 957, 556, 571, 823, 828, 575, 1011, 821, 1055, 1018, 847, 992, 912, 997, 567, 576, 907, 825, 965, 1001, 996, 1007, 760, 840, 824, 947, 871, 858, 1016, 761, 952, 937, 827, 1009, 581, 588, 565, 764, 966, 830, 553, 753, 911, 793, 566, 752, 557, 584, 826, 905, 756, 594, 751, 950, 1031, 749, 894, 577, 1026, 1038, 989, 850, 933, 654, 568, 669, 555, 906, 902, 930, 1040, 993, 549, 897, 583, 900, 922, 795, 582, 953, 1020, 647, 1010, 711, 585, 674, 904, 727, 615, 715, 729, 578, 580, 645, 1002, 800, 1019, 772, 875, 676, 814, 640, 921, 883, 929, 910, 573, 744, 611, 868, 564, 738, 561, 712, 551, 639, 932, 862, 754, 709, 704, 665, 859, 600, 780, 874, 990, 590, 650, 592, 1056, 659, 678, 835, 810, 763, 629, 699, 783, 728, 928, 787, 866, 863, 803, 951, 766, 820, 595, 841, 815, 845, 931, 562, 1021, 634, 714, 750, 619, 956, 770, 614, 621, 842, 977, 589, 849, 1004, 794, 949, 633, 870, 651, 644, 587, 719, 628, 758, 681, 887, 746, 829, 999, 732, 627, 698, 668, 703, 774, 648, 664, 688, 1032, 607, 817, 612, 786, 782, 736, 802, 591, 569, 722, 923, 692, 606, 876, 631, 1012, 710, 781, 603, 658, 959, 811, 1036, 987, 662, 1017, 748, 682, 818, 679, 867, 605, 918, 550, 927, 1035, 693, 1003, 767, 985, 602, 661, 915, 598, 1014, 610, 656, 806, 718, 784, 574, 813, 851, 737, 759, 624, 613, 720, 855, 984, 706, 685, 805, 630, 731, 846, 733, 916, 707, 790, 913, 986, 917, 919, 920, 903, 924, 914, 925, 942, 936, 938, 941, 926, 909, 940, 908, 934, 935, 939, 1025, 1039, 1037, 1034, 1033, 1030, 1029, 1028, 1027, 1041, 1024, 1023, 1022, 1015, 1013, 1008, 1006, 1005, 1049, 547, 1058, 1057, 1054, 1053, 1052, 1051, 1050, 1000, 1048, 1047, 1046, 1045, 1044, 1043, 1042, 961, 971, 970, 969, 968, 967, 964, 963, 962, 972, 960, 958, 955, 954, 948, 946, 945, 944, 981, 998, 995, 994, 991, 988, 1059, 983, 982, 943, 980, 979, 978, 976, 975, 974, 973, 675, 691, 690, 689, 687, 686, 684, 683, 680, 677, 694, 673, 672, 671, 670, 667, 666, 663, 660, 657, 716, 735, 734, 730, 726, 725, 724, 723, 721, 717, 655, 713, 708, 705, 702, 701, 700, 697, 696, 695, 579, 609, 608, 604, 601, 599, 597, 596, 593, 586, 616, 572, 570, 563, 560, 559, 558, 554, 552, 548, 636, 653, 652, 649, 646, 643, 642, 641, 638, 637, 739, 635, 632, 626, 625, 623, 622, 620, 618, 617, 853, 872, 869, 865, 864, 861, 860, 857, 856, 854, 873, 852, 848, 844, 839, 838, 837, 836, 834, 833, 888, 899, 898, 896, 895, 893, 892, 891, 890, 889, 832, 886, 885, 884, 882, 881, 880, 879, 878, 877, 765, 779, 778, 777, 776, 775, 773, 771, 769, 768, 785, 762, 757, 755, 747, 745, 743, 742, 741, 740, 801, 831, 822, 819, 816, 812, 809, 808, 807, 804, 901, 799, 798, 797, 796, 792, 791, 789, 788], "same_set_saved_d_sum": -0.009083731871226146, "scorer_seconds": 0.44880669191479683}[32m [repeated 9x across cluster][0m
[36m(AuthorRewardCurveWorker pid=114960)[0m TEXTCRAFT_AUTHOR_REWARD_CURVE {"phase": "author_score_complete", "rank": 0, "pid": 114960, "completed_cases": 9, "native_forward_calls": 401, "unix": 1791259997.602051, "case_index": 9, "traj_uid": "8b957378-0210-4564-80c5-e2af6f9c964e", "view": "signed_RISE", "score_seconds": 12.354429293423891, "point_index": 1, "raw_logp": -1.1283049583435059, "author_deleted_source_indices": [0, 1, 102, 9, 310, 34, 301, 198, 407, 495, 6, 486, 101, 157, 497, 35, 92, 476, 426, 408, 480, 381, 4, 91, 201, 60], "author_current_group_source_indices": [0, 1, 102, 9, 310, 34, 301, 198, 407, 495, 6, 486, 101, 157, 497, 35, 92, 476, 426, 408, 480, 381, 4, 91, 201, 60], "author_deleted_input_positions": [518, 519, 620, 527, 828, 552, 819, 716, 925, 1013, 524, 1004, 619, 675, 1015, 553, 610, 994, 944, 926, 998, 899, 522, 609, 719, 578], "same_set_saved_d_sum": 0.41547518641795944, "scorer_seconds": 0.5318821929395199}
[36m(AuthorRewardCurveWorker pid=116402)[0m TEXTCRAFT_AUTHOR_REWARD_CURVE {"phase": "author_curve_complete", "rank": 1, "pid": 116402, "completed_cases": 9, "native_forward_calls": 399, "unix": 1791259995.530927, "case_index": 9, "traj_uid": "28ecb586-b904-46f4-945f-cc55a66afe71", "view": "positive_MAS", "score_seconds": 9.394526287913322, "seconds": 21.666991006582975, "native_score_calls": 21}
[36m(AuthorRewardCurveWorker pid=116402)[0m TEXTCRAFT_AUTHOR_REWARD_CURVE {"phase": "author_curve_begin", "rank": 1, "pid": 116402, "completed_cases": 9, "native_forward_calls": 399, "unix": 1791259995.6084216, "case_index": 9, "traj_uid": "28ecb586-b904-46f4-945f-cc55a66afe71", "view": "signed_RISE", "score_seconds": 9.394526287913322, "score_points": 21}
[36m(AuthorRewardCurveWorker pid=116402)[0m TEXTCRAFT_AUTHOR_REWARD_CURVE {"phase": "author_score_complete", "rank": 1, "pid": 116402, "completed_cases": 9, "native_forward_calls": 400, "unix": 1791259996.6407824, "case_index": 9, "traj_uid": "28ecb586-b904-46f4-945f-cc55a66afe71", "view": "signed_RISE", "score_seconds": 9.841090854257345, "point_index": 0, "raw_logp": -0.22362560033798218, "author_deleted_source_indices": [], "author_current_group_source_indices": [], "author_deleted_input_positions": [], "same_set_saved_d_sum": 0.0, "scorer_seconds": 0.4467044919729233}
[36m(AuthorRewardCurveWorker pid=114960)[0m TEXTCRAFT_AUTHOR_REWARD_CURVE {"phase": "author_score_complete", "rank": 0, "pid": 114960, "completed_cases": 9, "native_forward_calls": 406, "unix": 1791260002.7119205, "case_index": 9, "traj_uid": "8b957378-0210-4564-80c5-e2af6f9c964e", "view": "signed_RISE", "score_seconds": 14.977749422192574, "point_index": 6, "raw_logp": -1.09096360206604, "author_deleted_source_indices": [0, 1, 102, 9, 310, 34, 301, 198, 407, 495, 6, 486, 101, 157, 497, 35, 92, 476, 426, 408, 480, 381, 4, 91, 201, 60, 61, 77, 409, 182, 358, 490, 474, 211, 122, 445, 405, 453, 103, 38, 19, 511, 314, 502, 104, 93, 363, 41, 484, 291, 370, 160, 356, 449, 424, 45, 59, 241, 255, 467, 353, 306, 10, 305, 380, 468, 236, 413, 24, 425, 423, 254, 483, 366, 135, 432, 414, 489, 12, 74, 126, 196, 200, 450, 487, 382, 280, 113, 329, 76, 272, 466, 100, 397, 507, 197, 464, 184, 193, 251, 296, 287, 402, 238, 27, 427, 90, 247, 78, 320, 290, 311, 477, 152, 465, 62, 354, 303, 42, 124, 50, 44, 367, 351, 144, 389, 410, 130, 8, 270, 154, 111, 331, 33, 324, 371, 106, 205, 441, 112, 444, 479, 136, 439, 67, 481, 501, 131, 148, 110, 114, 168, 325, 229, 240, 195], "author_current_group_source_indices": [154, 111, 331, 33, 324, 371, 106, 205, 441, 112, 444, 479, 136, 439, 67, 481, 501, 131, 148, 110, 114, 168, 325, 229, 240, 195], "author_deleted_input_positions": [518, 519, 620, 527, 828, 552, 819, 716, 925, 1013, 524, 1004, 619, 675, 1015, 553, 610, 994, 944, 926, 998, 899, 522, 609, 719, 578, 579, 595, 927, 700, 876, 1008, 992, 729, 640, 963, 923, 971, 621, 556, 537, 1029, 832, 1020, 622, 611, 881, 559, 1002, 809, 888, 678, 874, 967, 942, 563, 577, 759, 773, 985, 871, 824, 528, 823, 898, 986, 754, 931, 542, 943, 941, 772, 1001, 884, 653, 950, 932, 1007, 530, 592, 644, 714, 718, 968, 1005, 900, 798, 631, 847, 594, 790, 984, 618, 915, 1025, 715, 982, 702, 711, 769, 814, 805, 920, 756, 545, 945, 608, 765, 596, 838, 808, 829, 995, 670, 983, 580, 872, 821, 560, 642, 568, 562, 885, 869, 662, 907, 928, 648, 526, 788, 672, 629, 849, 551, 842, 889, 624, 723, 959, 630, 962, 997, 654, 957, 585, 999, 1019, 649, 666, 628, 632, 686, 843, 747, 758, 713], "same_set_saved_d_sum": 0.8049723768471647, "scorer_seconds": 0.5319437421858311}[32m [repeated 10x across cluster][0m
[36m(AuthorRewardCurveWorker pid=114960)[0m TEXTCRAFT_AUTHOR_REWARD_CURVE {"phase": "author_score_complete", "rank": 0, "pid": 114960, "completed_cases": 9, "native_forward_calls": 411, "unix": 1791260007.8410466, "case_index": 9, "traj_uid": "8b957378-0210-4564-80c5-e2af6f9c964e", "view": "signed_RISE", "score_seconds": 17.638845685869455, "point_index": 11, "raw_logp": -0.7462478280067444, "author_deleted_source_indices": [0, 1, 102, 9, 310, 34, 301, 198, 407, 495, 6, 486, 101, 157, 497, 35, 92, 476, 426, 408, 480, 381, 4, 91, 201, 60, 61, 77, 409, 182, 358, 490, 474, 211, 122, 445, 405, 453, 103, 38, 19, 511, 314, 502, 104, 93, 363, 41, 484, 291, 370, 160, 356, 449, 424, 45, 59, 241, 255, 467, 353, 306, 10, 305, 380, 468, 236, 413, 24, 425, 423, 254, 483, 366, 135, 432, 414, 489, 12, 74, 126, 196, 200, 450, 487, 382, 280, 113, 329, 76, 272, 466, 100, 397, 507, 197, 464, 184, 193, 251, 296, 287, 402, 238, 27, 427, 90, 247, 78, 320, 290, 311, 477, 152, 465, 62, 354, 303, 42, 124, 50, 44, 367, 351, 144, 389, 410, 130, 8, 270, 154, 111, 331, 33, 324, 371, 106, 205, 441, 112, 444, 479, 136, 439, 67, 481, 501, 131, 148, 110, 114, 168, 325, 229, 240, 195, 430, 350, 235, 212, 321, 146, 228, 18, 316, 51, 274, 246, 337, 71, 120, 383, 179, 145, 288, 150, 220, 422, 319, 364, 213, 365, 248, 418, 216, 149, 164, 242, 203, 192, 374, 357, 322, 253, 485, 178, 58, 406, 282, 388, 233, 180, 208, 57, 506, 347, 368, 109, 440, 244, 378, 230, 335, 454, 400, 65, 284, 460, 63, 199, 416, 107, 174, 40, 88, 128, 442, 399, 231, 226, 132, 431, 54, 349, 417, 129, 473, 317, 469, 268, 147, 277, 512, 352, 159, 55, 118, 249, 79, 14, 463, 48, 498, 323, 15, 86, 223, 456, 491, 80, 75, 326, 123, 300, 259, 275, 343, 204, 217, 232, 218, 421, 375, 294, 227, 171, 404, 355, 173, 97, 403, 443, 345, 390, 471, 256], "author_current_group_source_indices": [75, 326, 123, 300, 259, 275, 343, 204, 217, 232, 218, 421, 375, 294, 227, 171, 404, 355, 173, 97, 403, 443, 345, 390, 471, 256], "author_deleted_input_positions": [518, 519, 620, 527, 828, 552, 819, 716, 925, 1013, 524, 1004, 619, 675, 1015, 553, 610, 994, 944, 926, 998, 899, 522, 609, 719, 578, 579, 595, 927, 700, 876, 1008, 992, 729, 640, 963, 923, 971, 621, 556, 537, 1029, 832, 1020, 622, 611, 881, 559, 1002, 809, 888, 678, 874, 967, 942, 563, 577, 759, 773, 985, 871, 824, 528, 823, 898, 986, 754, 931, 542, 943, 941, 772, 1001, 884, 653, 950, 932, 1007, 530, 592, 644, 714, 718, 968, 1005, 900, 798, 631, 847, 594, 790, 984, 618, 915, 1025, 715, 982, 702, 711, 769, 814, 805, 920, 756, 545, 945, 608, 765, 596, 838, 808, 829, 995, 670, 983, 580, 872, 821, 560, 642, 568, 562, 885, 869, 662, 907, 928, 648, 526, 788, 672, 629, 849, 551, 842, 889, 624, 723, 959, 630, 962, 997, 654, 957, 585, 999, 1019, 649, 666, 628, 632, 686, 843, 747, 758, 713, 948, 868, 753, 730, 839, 664, 746, 536, 834, 569, 792, 764, 855, 589, 638, 901, 697, 663, 806, 668, 738, 940, 837, 882, 731, 883, 766, 936, 734, 667, 682, 760, 721, 710, 892, 875, 840, 771, 1003, 696, 576, 924, 800, 906, 751, 698, 726, 575, 1024, 865, 886, 627, 958, 762, 896, 748, 853, 972, 918, 583, 802, 978, 581, 717, 934, 625, 692, 558, 606, 646, 960, 917, 749, 744, 650, 949, 572, 867, 935, 647, 991, 835, 987, 786, 665, 795, 1030, 870, 677, 573, 636, 767, 597, 532, 981, 566, 1016, 841, 533, 604, 741, 974, 1009, 598, 593, 844, 641, 818, 777, 793, 861, 722, 735, 750, 736, 939, 893, 812, 745, 689, 922, 873, 691, 615, 921, 961, 863, 908, 989, 774], "same_set_saved_d_sum": 0.8621359736692717, "scorer_seconds": 0.5461386926472187}[32m [repeated 10x across cluster][0m
[36m(AuthorRewardCurveWorker pid=114960)[0m TEXTCRAFT_AUTHOR_REWARD_CURVE {"phase": "author_score_complete", "rank": 0, "pid": 114960, "completed_cases": 9, "native_forward_calls": 416, "unix": 1791260012.962228, "case_index": 9, "traj_uid": "8b957378-0210-4564-80c5-e2af6f9c964e", "view": "signed_RISE", "score_seconds": 20.287523716688156, "point_index": 16, "raw_logp": -0.6960964798927307, "author_deleted_source_indices": [0, 1, 102, 9, 310, 34, 301, 198, 407, 495, 6, 486, 101, 157, 497, 35, 92, 476, 426, 408, 480, 381, 4, 91, 201, 60, 61, 77, 409, 182, 358, 490, 474, 211, 122, 445, 405, 453, 103, 38, 19, 511, 314, 502, 104, 93, 363, 41, 484, 291, 370, 160, 356, 449, 424, 45, 59, 241, 255, 467, 353, 306, 10, 305, 380, 468, 236, 413, 24, 425, 423, 254, 483, 366, 135, 432, 414, 489, 12, 74, 126, 196, 200, 450, 487, 382, 280, 113, 329, 76, 272, 466, 100, 397, 507, 197, 464, 184, 193, 251, 296, 287, 402, 238, 27, 427, 90, 247, 78, 320, 290, 311, 477, 152, 465, 62, 354, 303, 42, 124, 50, 44, 367, 351, 144, 389, 410, 130, 8, 270, 154, 111, 331, 33, 324, 371, 106, 205, 441, 112, 444, 479, 136, 439, 67, 481, 501, 131, 148, 110, 114, 168, 325, 229, 240, 195, 430, 350, 235, 212, 321, 146, 228, 18, 316, 51, 274, 246, 337, 71, 120, 383, 179, 145, 288, 150, 220, 422, 319, 364, 213, 365, 248, 418, 216, 149, 164, 242, 203, 192, 374, 357, 322, 253, 485, 178, 58, 406, 282, 388, 233, 180, 208, 57, 506, 347, 368, 109, 440, 244, 378, 230, 335, 454, 400, 65, 284, 460, 63, 199, 416, 107, 174, 40, 88, 128, 442, 399, 231, 226, 132, 431, 54, 349, 417, 129, 473, 317, 469, 268, 147, 277, 512, 352, 159, 55, 118, 249, 79, 14, 463, 48, 498, 323, 15, 86, 223, 456, 491, 80, 75, 326, 123, 300, 259, 275, 343, 204, 217, 232, 218, 421, 375, 294, 227, 171, 404, 355, 173, 97, 403, 443, 345, 390, 471, 256, 437, 243, 69, 139, 140, 94, 318, 219, 315, 21, 276, 257, 215, 117, 373, 32, 336, 448, 31, 387, 3, 108, 313, 508, 17, 163, 271, 43, 334, 265, 393, 137, 327, 119, 346, 185, 66, 384, 391, 295, 52, 269, 332, 493, 37, 170, 121, 379, 372, 394, 183, 488, 433, 376, 20, 470, 447, 53, 105, 395, 142, 39, 451, 169, 281, 237, 307, 134, 362, 412, 30, 478, 458, 234, 415, 245, 36, 446, 278, 153, 68, 360, 222, 214, 116, 210, 263, 369, 23, 127, 428, 361, 419, 73, 155, 328, 330, 165, 181, 22, 260, 499, 81, 452, 49, 202, 46, 47, 266, 209, 312, 250, 224, 133, 56, 342, 298, 333, 225, 411, 175, 396, 304, 89, 438, 455, 492], "author_current_group_source_indices": [81, 452, 49, 202, 46, 47, 266, 209, 312, 250, 224, 133, 56, 342, 298, 333, 225, 411, 175, 396, 304, 89, 438, 455, 492], "author_deleted_input_positions": [518, 519, 620, 527, 828, 552, 819, 716, 925, 1013, 524, 1004, 619, 675, 1015, 553, 610, 994, 944, 926, 998, 899, 522, 609, 719, 578, 579, 595, 927, 700, 876, 1008, 992, 729, 640, 963, 923, 971, 621, 556, 537, 1029, 832, 1020, 622, 611, 881, 559, 1002, 809, 888, 678, 874, 967, 942, 563, 577, 759, 773, 985, 871, 824, 528, 823, 898, 986, 754, 931, 542, 943, 941, 772, 1001, 884, 653, 950, 932, 1007, 530, 592, 644, 714, 718, 968, 1005, 900, 798, 631, 847, 594, 790, 984, 618, 915, 1025, 715, 982, 702, 711, 769, 814, 805, 920, 756, 545, 945, 608, 765, 596, 838, 808, 829, 995, 670, 983, 580, 872, 821, 560, 642, 568, 562, 885, 869, 662, 907, 928, 648, 526, 788, 672, 629, 849, 551, 842, 889, 624, 723, 959, 630, 962, 997, 654, 957, 585, 999, 1019, 649, 666, 628, 632, 686, 843, 747, 758, 713, 948, 868, 753, 730, 839, 664, 746, 536, 834, 569, 792, 764, 855, 589, 638, 901, 697, 663, 806, 668, 738, 940, 837, 882, 731, 883, 766, 936, 734, 667, 682, 760, 721, 710, 892, 875, 840, 771, 1003, 696, 576, 924, 800, 906, 751, 698, 726, 575, 1024, 865, 886, 627, 958, 762, 896, 748, 853, 972, 918, 583, 802, 978, 581, 717, 934, 625, 692, 558, 606, 646, 960, 917, 749, 744, 650, 949, 572, 867, 935, 647, 991, 835, 987, 786, 665, 795, 1030, 870, 677, 573, 636, 767, 597, 532, 981, 566, 1016, 841, 533, 604, 741, 974, 1009, 598, 593, 844, 641, 818, 777, 793, 861, 722, 735, 750, 736, 939, 893, 812, 745, 689, 922, 873, 691, 615, 921, 961, 863, 908, 989, 774, 955, 761, 587, 657, 658, 612, 836, 737, 833, 539, 794, 775, 733, 635, 891, 550, 854, 966, 549, 905, 521, 626, 831, 1026, 535, 681, 789, 561, 852, 783, 911, 655, 845, 637, 864, 703, 584, 902, 909, 813, 570, 787, 850, 1011, 555, 688, 639, 897, 890, 912, 701, 1006, 951, 894, 538, 988, 965, 571, 623, 913, 660, 557, 969, 687, 799, 755, 825, 652, 880, 930, 548, 996, 976, 752, 933, 763, 554, 964, 796, 671, 586, 878, 740, 732, 634, 728, 781, 887, 541, 645, 946, 879, 937, 591, 673, 846, 848, 683, 699, 540, 778, 1017, 599, 970, 567, 720, 564, 565, 784, 727, 830, 768, 742, 651, 574, 860, 816, 851, 743, 929, 693, 914, 822, 607, 956, 973, 1010], "same_set_saved_d_sum": 0.6539973419104023, "scorer_seconds": 0.5264602676033974}[32m [repeated 10x across cluster][0m
[36m(AuthorRewardCurveWorker pid=114960)[0m TEXTCRAFT_AUTHOR_REWARD_CURVE {"phase": "author_curve_complete", "rank": 0, "pid": 114960, "completed_cases": 9, "native_forward_calls": 420, "unix": 1791260017.130589, "case_index": 9, "traj_uid": "8b957378-0210-4564-80c5-e2af6f9c964e", "view": "signed_RISE", "score_seconds": 22.416311860084534, "seconds": 21.531750299036503, "native_score_calls": 21}
[36m(AuthorRewardCurveWorker pid=114960)[0m TEXTCRAFT_AUTHOR_REWARD_CURVE {"phase": "author_case_complete", "rank": 0, "pid": 114960, "completed_cases": 10, "native_forward_calls": 420, "unix": 1791260017.3677988, "last_seconds": 43.62651865556836}
[36m(AuthorRewardCurveWorker pid=114960)[0m TEXTCRAFT_AUTHOR_REWARD_CURVE {"phase": "author_case_begin", "rank": 0, "pid": 114960, "completed_cases": 10, "native_forward_calls": 420, "unix": 1791260017.4493775, "case_index": 10, "traj_uid": "1107f84f-104b-4185-97e5-ad2d73b9c9a1"}
[36m(AuthorRewardCurveWorker pid=114960)[0m TEXTCRAFT_AUTHOR_REWARD_CURVE {"phase": "author_curve_begin", "rank": 0, "pid": 114960, "completed_cases": 10, "native_forward_calls": 420, "unix": 1791260017.5257618, "case_index": 10, "traj_uid": "1107f84f-104b-4185-97e5-ad2d73b9c9a1", "view": "positive_MAS", "score_seconds": 0, "score_points": 21}
[36m(AuthorRewardCurveWorker pid=114960)[0m TEXTCRAFT_AUTHOR_REWARD_CURVE {"phase": "author_score_complete", "rank": 0, "pid": 114960, "completed_cases": 10, "native_forward_calls": 421, "unix": 1791260018.641797, "case_index": 10, "traj_uid": "1107f84f-104b-4185-97e5-ad2d73b9c9a1", "view": "positive_MAS", "score_seconds": 0.5410580299794674, "point_index": 0, "raw_logp": -0.15991073846817017, "author_deleted_source_indices": [], "author_current_group_source_indices": [], "author_deleted_input_positions": [], "same_set_saved_d_sum": 0.0, "scorer_seconds": 0.5412059091031551}
[36m(AuthorRewardCurveWorker pid=116402)[0m TEXTCRAFT_AUTHOR_REWARD_CURVE {"phase": "author_score_complete", "rank": 1, "pid": 116402, "completed_cases": 9, "native_forward_calls": 420, "unix": 1791260017.1448133, "case_index": 9, "traj_uid": "28ecb586-b904-46f4-945f-cc55a66afe71", "view": "signed_RISE", "score_seconds": 18.781499292701483, "point_index": 20, "raw_logp": -0.20084165036678314, "author_deleted_source_indices": [296, 410, 9, 24, 276, 281, 28, 464, 274, 508, 471, 300, 445, 365, 450, 20, 29, 360, 278, 418, 454, 449, 460, 213, 293, 277, 400, 324, 311, 469, 214, 405, 390, 280, 462, 34, 41, 18, 217, 419, 283, 6, 206, 364, 246, 19, 205, 10, 37, 279, 358, 209, 47, 204, 403, 484, 202, 347, 30, 479, 491, 442, 303, 386, 107, 21, 122, 8, 359, 355, 383, 493, 446, 2, 350, 36, 353, 375, 248, 35, 406, 473, 100, 463, 164, 38, 127, 357, 180, 68, 168, 182, 31, 33, 98, 455, 253, 472, 225, 328, 129, 267, 93, 374, 336, 382, 363, 26, 197, 64, 321, 17, 191, 14, 165, 4, 92, 385, 315, 207, 162, 157, 118, 312, 53, 233, 327, 443, 43, 103, 45, 509, 112, 131, 288, 263, 216, 82, 152, 236, 181, 381, 240, 319, 316, 256, 404, 219, 273, 48, 294, 268, 298, 384, 15, 474, 87, 167, 203, 72, 409, 223, 67, 74, 295, 430, 42, 302, 457, 247, 402, 86, 323, 104, 97, 40, 172, 81, 211, 134, 340, 199, 282, 452, 185, 80, 151, 121, 156, 227, 101, 117, 141, 485, 60, 270, 65, 239, 235, 189, 255, 44, 22, 175, 376, 145, 59, 329, 84, 465, 163, 234, 56, 111, 412, 264, 489, 440, 115, 470, 201, 135, 271, 132, 320, 58, 371, 3, 380, 488, 146, 456, 220, 438, 55, 114, 368, 51, 467, 63, 109, 259, 171, 237, 27, 266, 304, 190, 212, 77, 66, 173, 308, 437, 159, 138, 258, 83, 184, 299, 186, 369, 160, 243, 512, 158, 292, 79, 494, 140, 71, 408, 75, 12, 387, 96, 461, 133, 378, 222, 150, 113, 62, 477, 196, 76, 373, 136, 254, 447, 262, 224, 85, 334, 337, 210, 433, 95, 69, 361, 458, 179, 105, 178, 285, 99, 338, 434, 200, 183, 130, 61, 174, 425, 169, 372, 441, 501, 391, 407, 377, 362, 348, 49, 305, 170, 229, 94, 54, 429, 153, 388, 25, 50, 120, 70, 161, 226, 90, 475, 356, 73, 143, 335, 154, 244, 326, 265, 310, 291, 193, 252, 78, 231, 287, 125, 218, 421, 251, 46, 238, 290, 195, 414, 249, 367, 325, 147, 232, 91, 52, 245, 139, 126, 289, 413, 459, 314, 261, 102, 453, 116, 500, 119, 504, 260, 124, 420, 192, 228, 478, 307, 318, 395, 57, 339, 332, 393, 110, 194, 149, 399, 354, 144, 88, 230, 242, 322, 39, 342, 492, 428, 416, 108, 32, 137, 187, 398, 345, 272, 0, 490, 351, 480, 155, 7, 188, 436, 366, 106, 330, 435, 250, 89, 317, 466, 166, 352, 275, 424, 422, 423, 142, 346, 16, 427, 286, 257, 208, 309, 333, 401, 269, 499, 476, 431, 331, 301, 379, 397, 426, 198, 506, 487, 394, 177, 417, 448, 392, 439, 482, 502, 176, 11, 123, 297, 284, 415, 215, 505, 313, 148, 306, 344, 13, 486, 128, 341, 221, 23, 343, 432, 241, 496, 468, 349, 389, 5, 498, 411, 370, 451, 495, 444, 503, 510, 481, 497, 396, 483, 1, 511, 507], "author_current_group_source_indices": [221, 23, 343, 432, 241, 496, 468, 349, 389, 5, 498, 411, 370, 451, 495, 444, 503, 510, 481, 497, 396, 483, 1, 511, 507], "author_deleted_input_positions": [843, 957, 556, 571, 823, 828, 575, 1011, 821, 1055, 1018, 847, 992, 912, 997, 567, 576, 907, 825, 965, 1001, 996, 1007, 760, 840, 824, 947, 871, 858, 1016, 761, 952, 937, 827, 1009, 581, 588, 565, 764, 966, 830, 553, 753, 911, 793, 566, 752, 557, 584, 826, 905, 756, 594, 751, 950, 1031, 749, 894, 577, 1026, 1038, 989, 850, 933, 654, 568, 669, 555, 906, 902, 930, 1040, 993, 549, 897, 583, 900, 922, 795, 582, 953, 1020, 647, 1010, 711, 585, 674, 904, 727, 615, 715, 729, 578, 580, 645, 1002, 800, 1019, 772, 875, 676, 814, 640, 921, 883, 929, 910, 573, 744, 611, 868, 564, 738, 561, 712, 551, 639, 932, 862, 754, 709, 704, 665, 859, 600, 780, 874, 990, 590, 650, 592, 1056, 659, 678, 835, 810, 763, 629, 699, 783, 728, 928, 787, 866, 863, 803, 951, 766, 820, 595, 841, 815, 845, 931, 562, 1021, 634, 714, 750, 619, 956, 770, 614, 621, 842, 977, 589, 849, 1004, 794, 949, 633, 870, 651, 644, 587, 719, 628, 758, 681, 887, 746, 829, 999, 732, 627, 698, 668, 703, 774, 648, 664, 688, 1032, 607, 817, 612, 786, 782, 736, 802, 591, 569, 722, 923, 692, 606, 876, 631, 1012, 710, 781, 603, 658, 959, 811, 1036, 987, 662, 1017, 748, 682, 818, 679, 867, 605, 918, 550, 927, 1035, 693, 1003, 767, 985, 602, 661, 915, 598, 1014, 610, 656, 806, 718, 784, 574, 813, 851, 737, 759, 624, 613, 720, 855, 984, 706, 685, 805, 630, 731, 846, 733, 916, 707, 790, 1059, 705, 839, 626, 1041, 687, 618, 955, 622, 559, 934, 643, 1008, 680, 925, 769, 697, 660, 609, 1024, 743, 623, 920, 683, 801, 994, 809, 771, 632, 881, 884, 757, 980, 642, 616, 908, 1005, 726, 652, 725, 832, 646, 885, 981, 747, 730, 677, 608, 721, 972, 716, 919, 988, 1048, 938, 954, 924, 909, 895, 596, 852, 717, 776, 641, 601, 976, 700, 935, 572, 597, 667, 617, 708, 773, 637, 1022, 903, 620, 690, 882, 701, 791, 873, 812, 857, 838, 740, 799, 625, 778, 834, 672, 765, 968, 798, 593, 785, 837, 742, 961, 796, 914, 872, 694, 779, 638, 599, 792, 686, 673, 836, 960, 1006, 861, 808, 649, 1000, 663, 1047, 666, 1051, 807, 671, 967, 739, 775, 1025, 854, 865, 942, 604, 886, 879, 940, 657, 741, 696, 946, 901, 691, 635, 777, 789, 869, 586, 889, 1039, 975, 963, 655, 579, 684, 734, 945, 892, 819, 547, 1037, 898, 1027, 702, 554, 735, 983, 913, 653, 877, 982, 797, 636, 864, 1013, 713, 899, 822, 971, 969, 970, 689, 893, 563, 974, 833, 804, 755, 856, 880, 948, 816, 1046, 1023, 978, 878, 848, 926, 944, 973, 745, 1053, 1034, 941, 724, 964, 995, 939, 986, 1029, 1049, 723, 558, 670, 844, 831, 962, 762, 1052, 860, 695, 853, 891, 560, 1033, 675, 888, 768, 570, 890, 979, 788, 1043, 1015, 896, 936, 552, 1045, 958, 917, 998, 1042, 991, 1050, 1057, 1028, 1044, 943, 1030, 548, 1058, 1054], "same_set_saved_d_sum": -0.009083731871226146, "scorer_seconds": 0.44563568383455276}[32m [repeated 9x across cluster][0m
[36m(AuthorRewardCurveWorker pid=114960)[0m TEXTCRAFT_AUTHOR_REWARD_CURVE {"phase": "author_score_complete", "rank": 0, "pid": 114960, "completed_cases": 10, "native_forward_calls": 422, "unix": 1791260019.7366838, "case_index": 10, "traj_uid": "1107f84f-104b-4185-97e5-ad2d73b9c9a1", "view": "positive_MAS", "score_seconds": 1.0650362893939018, "point_index": 1, "raw_logp": -0.5105910301208496, "author_deleted_source_indices": [5, 328, 321, 26, 336, 361, 362, 329, 8, 206, 11, 327, 113, 345, 335, 201, 323, 164, 235], "author_current_group_source_indices": [5, 328, 321, 26, 336, 361, 362, 329, 8, 206, 11, 327, 113, 345, 335, 201, 323, 164, 235], "author_deleted_input_positions": [387, 710, 703, 408, 718, 743, 744, 711, 390, 588, 393, 709, 495, 727, 717, 583, 705, 546, 617], "same_set_saved_d_sum": 0.13691337651625785, "scorer_seconds": 0.5241159908473492}
[36m(AuthorRewardCurveWorker pid=116402)[0m TEXTCRAFT_AUTHOR_REWARD_CURVE {"phase": "author_curve_complete", "rank": 1, "pid": 116402, "completed_cases": 9, "native_forward_calls": 420, "unix": 1791260017.2221868, "case_index": 9, "traj_uid": "28ecb586-b904-46f4-945f-cc55a66afe71", "view": "signed_RISE", "score_seconds": 18.781499292701483, "seconds": 21.53693526610732, "native_score_calls": 21}
[36m(AuthorRewardCurveWorker pid=116402)[0m TEXTCRAFT_AUTHOR_REWARD_CURVE {"phase": "author_case_complete", "rank": 1, "pid": 116402, "completed_cases": 10, "native_forward_calls": 420, "unix": 1791260017.4568262, "last_seconds": 43.60006460547447}
[36m(AuthorRewardCurveWorker pid=116402)[0m TEXTCRAFT_AUTHOR_REWARD_CURVE {"phase": "author_case_begin", "rank": 1, "pid": 116402, "completed_cases": 10, "native_forward_calls": 420, "unix": 1791260017.5450776, "case_index": 10, "traj_uid": "0717f2e6-d697-40b8-aef2-9b8b00f46b80"}
[36m(AuthorRewardCurveWorker pid=116402)[0m TEXTCRAFT_AUTHOR_REWARD_CURVE {"phase": "author_curve_begin", "rank": 1, "pid": 116402, "completed_cases": 10, "native_forward_calls": 420, "unix": 1791260017.6317084, "case_index": 10, "traj_uid": "0717f2e6-d697-40b8-aef2-9b8b00f46b80", "view": "positive_MAS", "score_seconds": 0, "score_points": 21}
[36m(AuthorRewardCurveWorker pid=116402)[0m TEXTCRAFT_AUTHOR_REWARD_CURVE {"phase": "author_score_complete", "rank": 1, "pid": 116402, "completed_cases": 10, "native_forward_calls": 421, "unix": 1791260018.7327309, "case_index": 10, "traj_uid": "0717f2e6-d697-40b8-aef2-9b8b00f46b80", "view": "positive_MAS", "score_seconds": 0.4356747791171074, "point_index": 0, "raw_logp": -0.5249912142753601, "author_deleted_source_indices": [], "author_current_group_source_indices": [], "author_deleted_input_positions": [], "same_set_saved_d_sum": 0.0, "scorer_seconds": 0.4358197934925556}
[36m(AuthorRewardCurveWorker pid=114960)[0m TEXTCRAFT_AUTHOR_REWARD_CURVE {"phase": "author_score_complete", "rank": 0, "pid": 114960, "completed_cases": 10, "native_forward_calls": 427, "unix": 1791260025.23015, "case_index": 10, "traj_uid": "1107f84f-104b-4185-97e5-ad2d73b9c9a1", "view": "positive_MAS", "score_seconds": 3.6903108060359955, "point_index": 6, "raw_logp": -0.626209557056427, "author_deleted_source_indices": [5, 328, 321, 26, 336, 361, 362, 329, 8, 206, 11, 327, 113, 345, 335, 201, 323, 164, 235, 14, 10, 211, 89, 364, 9, 131, 7, 242, 15, 143, 324, 16, 13, 350, 27, 55, 29, 31, 366, 293, 313, 88, 51, 287, 63, 320, 325, 368, 337, 200, 216, 60, 165, 264, 272, 35, 38, 243, 86, 318, 367, 30, 298, 54, 338, 93, 108, 182, 150, 41, 22, 317, 24, 347, 155, 151, 369, 307, 262, 68, 34, 158, 312, 166, 202, 280, 239, 229, 6, 111, 20, 365, 228, 334, 204, 333, 90, 359, 309, 188, 330, 28, 112, 342, 241, 205, 351, 102, 310, 252, 154, 83, 25, 107], "author_current_group_source_indices": [333, 90, 359, 309, 188, 330, 28, 112, 342, 241, 205, 351, 102, 310, 252, 154, 83, 25, 107], "author_deleted_input_positions": [387, 710, 703, 408, 718, 743, 744, 711, 390, 588, 393, 709, 495, 727, 717, 583, 705, 546, 617, 396, 392, 593, 471, 746, 391, 513, 389, 624, 397, 525, 706, 398, 395, 732, 409, 437, 411, 413, 748, 675, 695, 470, 433, 669, 445, 702, 707, 750, 719, 582, 598, 442, 547, 646, 654, 417, 420, 625, 468, 700, 749, 412, 680, 436, 720, 475, 490, 564, 532, 423, 404, 699, 406, 729, 537, 533, 751, 689, 644, 450, 416, 540, 694, 548, 584, 662, 621, 611, 388, 493, 402, 747, 610, 716, 586, 715, 472, 741, 691, 570, 712, 410, 494, 724, 623, 587, 733, 484, 692, 634, 536, 465, 407, 489], "same_set_saved_d_sum": 0.3906643670730733, "scorer_seconds": 0.5236561074852943}[32m [repeated 10x across cluster][0m
[36m(AuthorRewardCurveWorker pid=114960)[0m TEXTCRAFT_AUTHOR_REWARD_CURVE {"phase": "author_score_complete", "rank": 0, "pid": 114960, "completed_cases": 10, "native_forward_calls": 432, "unix": 1791260030.7058039, "case_index": 10, "traj_uid": "1107f84f-104b-4185-97e5-ad2d73b9c9a1", "view": "positive_MAS", "score_seconds": 6.2955277897417545, "point_index": 11, "raw_logp": -0.5853755474090576, "author_deleted_source_indices": [5, 328, 321, 26, 336, 361, 362, 329, 8, 206, 11, 327, 113, 345, 335, 201, 323, 164, 235, 14, 10, 211, 89, 364, 9, 131, 7, 242, 15, 143, 324, 16, 13, 350, 27, 55, 29, 31, 366, 293, 313, 88, 51, 287, 63, 320, 325, 368, 337, 200, 216, 60, 165, 264, 272, 35, 38, 243, 86, 318, 367, 30, 298, 54, 338, 93, 108, 182, 150, 41, 22, 317, 24, 347, 155, 151, 369, 307, 262, 68, 34, 158, 312, 166, 202, 280, 239, 229, 6, 111, 20, 365, 228, 334, 204, 333, 90, 359, 309, 188, 330, 28, 112, 342, 241, 205, 351, 102, 310, 252, 154, 83, 25, 107, 348, 253, 139, 147, 358, 187, 125, 33, 36, 129, 160, 259, 153, 353, 356, 99, 70, 299, 177, 19, 195, 64, 96, 344, 261, 167, 44, 43, 209, 316, 4, 360, 224, 212, 56, 148, 159, 244, 23, 231, 258, 176, 123, 40, 91, 340, 221, 220, 17, 193, 278, 141, 53, 95, 300, 85, 260, 81, 236, 227, 171, 82, 126, 194, 75, 58, 288, 97, 146, 39, 290, 185, 273, 161, 254, 196, 179, 303, 189, 197, 46, 263, 87, 109, 120, 245, 297, 72, 37, 101, 92, 226, 279, 84, 237], "author_current_group_source_indices": [179, 303, 189, 197, 46, 263, 87, 109, 120, 245, 297, 72, 37, 101, 92, 226, 279, 84, 237], "author_deleted_input_positions": [387, 710, 703, 408, 718, 743, 744, 711, 390, 588, 393, 709, 495, 727, 717, 583, 705, 546, 617, 396, 392, 593, 471, 746, 391, 513, 389, 624, 397, 525, 706, 398, 395, 732, 409, 437, 411, 413, 748, 675, 695, 470, 433, 669, 445, 702, 707, 750, 719, 582, 598, 442, 547, 646, 654, 417, 420, 625, 468, 700, 749, 412, 680, 436, 720, 475, 490, 564, 532, 423, 404, 699, 406, 729, 537, 533, 751, 689, 644, 450, 416, 540, 694, 548, 584, 662, 621, 611, 388, 493, 402, 747, 610, 716, 586, 715, 472, 741, 691, 570, 712, 410, 494, 724, 623, 587, 733, 484, 692, 634, 536, 465, 407, 489, 730, 635, 521, 529, 740, 569, 507, 415, 418, 511, 542, 641, 535, 735, 738, 481, 452, 681, 559, 401, 577, 446, 478, 726, 643, 549, 426, 425, 591, 698, 386, 742, 606, 594, 438, 530, 541, 626, 405, 613, 640, 558, 505, 422, 473, 722, 603, 602, 399, 575, 660, 523, 435, 477, 682, 467, 642, 463, 618, 609, 553, 464, 508, 576, 457, 440, 670, 479, 528, 421, 672, 567, 655, 543, 636, 578, 561, 685, 571, 579, 428, 645, 469, 491, 502, 627, 679, 454, 419, 483, 474, 608, 661, 466, 619], "same_set_saved_d_sum": 0.4624586043430839, "scorer_seconds": 0.5223365686833858}[32m [repeated 10x across cluster][0m
[36m(AuthorRewardCurveWorker pid=114960)[0m TEXTCRAFT_AUTHOR_REWARD_CURVE {"phase": "author_score_complete", "rank": 0, "pid": 114960, "completed_cases": 10, "native_forward_calls": 437, "unix": 1791260036.2462342, "case_index": 10, "traj_uid": "1107f84f-104b-4185-97e5-ad2d73b9c9a1", "view": "positive_MAS", "score_seconds": 8.888835530728102, "point_index": 16, "raw_logp": -0.34441864490509033, "author_deleted_source_indices": [5, 328, 321, 26, 336, 361, 362, 329, 8, 206, 11, 327, 113, 345, 335, 201, 323, 164, 235, 14, 10, 211, 89, 364, 9, 131, 7, 242, 15, 143, 324, 16, 13, 350, 27, 55, 29, 31, 366, 293, 313, 88, 51, 287, 63, 320, 325, 368, 337, 200, 216, 60, 165, 264, 272, 35, 38, 243, 86, 318, 367, 30, 298, 54, 338, 93, 108, 182, 150, 41, 22, 317, 24, 347, 155, 151, 369, 307, 262, 68, 34, 158, 312, 166, 202, 280, 239, 229, 6, 111, 20, 365, 228, 334, 204, 333, 90, 359, 309, 188, 330, 28, 112, 342, 241, 205, 351, 102, 310, 252, 154, 83, 25, 107, 348, 253, 139, 147, 358, 187, 125, 33, 36, 129, 160, 259, 153, 353, 356, 99, 70, 299, 177, 19, 195, 64, 96, 344, 261, 167, 44, 43, 209, 316, 4, 360, 224, 212, 56, 148, 159, 244, 23, 231, 258, 176, 123, 40, 91, 340, 221, 220, 17, 193, 278, 141, 53, 95, 300, 85, 260, 81, 236, 227, 171, 82, 126, 194, 75, 58, 288, 97, 146, 39, 290, 185, 273, 161, 254, 196, 179, 303, 189, 197, 46, 263, 87, 109, 120, 245, 297, 72, 37, 101, 92, 226, 279, 84, 237, 289, 142, 170, 276, 322, 265, 275, 266, 267, 274, 268, 269, 271, 270, 346, 315, 319, 186, 326, 331, 332, 339, 341, 343, 314, 349, 352, 354, 355, 357, 363, 370, 371, 295, 281, 282, 283, 284, 285, 286, 291, 292, 294, 277, 296, 301, 302, 304, 305, 306, 308, 311, 117, 79, 80, 94, 98, 100, 103, 104, 105, 106, 110, 114, 115, 116, 78, 118, 119, 121, 122, 124, 127, 128, 130, 132, 133, 134, 135, 136, 52, 1, 2, 3, 12, 18, 21, 32, 42, 45, 47], "author_current_group_source_indices": [128, 130, 132, 133, 134, 135, 136, 52, 1, 2, 3, 12, 18, 21, 32, 42, 45, 47], "author_deleted_input_positions": [387, 710, 703, 408, 718, 743, 744, 711, 390, 588, 393, 709, 495, 727, 717, 583, 705, 546, 617, 396, 392, 593, 471, 746, 391, 513, 389, 624, 397, 525, 706, 398, 395, 732, 409, 437, 411, 413, 748, 675, 695, 470, 433, 669, 445, 702, 707, 750, 719, 582, 598, 442, 547, 646, 654, 417, 420, 625, 468, 700, 749, 412, 680, 436, 720, 475, 490, 564, 532, 423, 404, 699, 406, 729, 537, 533, 751, 689, 644, 450, 416, 540, 694, 548, 584, 662, 621, 611, 388, 493, 402, 747, 610, 716, 586, 715, 472, 741, 691, 570, 712, 410, 494, 724, 623, 587, 733, 484, 692, 634, 536, 465, 407, 489, 730, 635, 521, 529, 740, 569, 507, 415, 418, 511, 542, 641, 535, 735, 738, 481, 452, 681, 559, 401, 577, 446, 478, 726, 643, 549, 426, 425, 591, 698, 386, 742, 606, 594, 438, 530, 541, 626, 405, 613, 640, 558, 505, 422, 473, 722, 603, 602, 399, 575, 660, 523, 435, 477, 682, 467, 642, 463, 618, 609, 553, 464, 508, 576, 457, 440, 670, 479, 528, 421, 672, 567, 655, 543, 636, 578, 561, 685, 571, 579, 428, 645, 469, 491, 502, 627, 679, 454, 419, 483, 474, 608, 661, 466, 619, 671, 524, 552, 658, 704, 647, 657, 648, 649, 656, 650, 651, 653, 652, 728, 697, 701, 568, 708, 713, 714, 721, 723, 725, 696, 731, 734, 736, 737, 739, 745, 752, 753, 677, 663, 664, 665, 666, 667, 668, 673, 674, 676, 659, 678, 683, 684, 686, 687, 688, 690, 693, 499, 461, 462, 476, 480, 482, 485, 486, 487, 488, 492, 496, 497, 498, 460, 500, 501, 503, 504, 506, 509, 510, 512, 514, 515, 516, 517, 518, 434, 383, 384, 385, 394, 400, 403, 414, 424, 427, 429], "same_set_saved_d_sum": 0.2200386328348163, "scorer_seconds": 0.5174717828631401}[32m [repeated 10x across cluster][0m
[36m(AuthorRewardCurveWorker pid=114960)[0m TEXTCRAFT_AUTHOR_REWARD_CURVE {"phase": "author_curve_complete", "rank": 0, "pid": 114960, "completed_cases": 10, "native_forward_calls": 441, "unix": 1791260040.73503, "case_index": 10, "traj_uid": "1107f84f-104b-4185-97e5-ad2d73b9c9a1", "view": "positive_MAS", "score_seconds": 10.975019328296185, "seconds": 23.128362331539392, "native_score_calls": 21}
[36m(AuthorRewardCurveWorker pid=114960)[0m TEXTCRAFT_AUTHOR_REWARD_CURVE {"phase": "author_curve_begin", "rank": 0, "pid": 114960, "completed_cases": 10, "native_forward_calls": 441, "unix": 1791260040.81036, "case_index": 10, "traj_uid": "1107f84f-104b-4185-97e5-ad2d73b9c9a1", "view": "signed_RISE", "score_seconds": 10.975019328296185, "score_points": 21}
[36m(AuthorRewardCurveWorker pid=114960)[0m TEXTCRAFT_AUTHOR_REWARD_CURVE {"phase": "author_score_complete", "rank": 0, "pid": 114960, "completed_cases": 10, "native_forward_calls": 442, "unix": 1791260041.9197733, "case_index": 10, "traj_uid": "1107f84f-104b-4185-97e5-ad2d73b9c9a1", "view": "signed_RISE", "score_seconds": 11.508472010493279, "point_index": 0, "raw_logp": -0.15991073846817017, "author_deleted_source_indices": [], "author_current_group_source_indices": [], "author_deleted_input_positions": [], "same_set_saved_d_sum": 0.0, "scorer_seconds": 0.5335860922932625}
[36m(AuthorRewardCurveWorker pid=116402)[0m TEXTCRAFT_AUTHOR_REWARD_CURVE {"phase": "author_score_complete", "rank": 1, "pid": 116402, "completed_cases": 10, "native_forward_calls": 441, "unix": 1791260040.7294915, "case_index": 10, "traj_uid": "0717f2e6-d697-40b8-aef2-9b8b00f46b80", "view": "positive_MAS", "score_seconds": 9.125568125396967, "point_index": 20, "raw_logp": -0.17213772237300873, "author_deleted_source_indices": [4, 68, 60, 6, 63, 15, 62, 22, 10, 65, 59, 32, 67, 14, 58, 13, 50, 72, 49, 19, 55, 41, 25, 34, 9, 37, 66, 20, 51, 47, 48, 70, 45, 7, 75, 53, 39, 77, 76, 74, 52, 61, 54, 73, 71, 56, 57, 69, 64, 27, 1, 2, 3, 5, 8, 11, 12, 16, 17, 18, 21, 23, 24, 26, 46, 28, 29, 30, 31, 33, 35, 36, 38, 0, 40, 42, 43, 44], "author_current_group_source_indices": [42, 43, 44], "author_deleted_input_positions": [635, 699, 691, 637, 694, 646, 693, 653, 641, 696, 690, 663, 698, 645, 689, 644, 681, 703, 680, 650, 686, 672, 656, 665, 640, 668, 697, 651, 682, 678, 679, 701, 676, 638, 706, 684, 670, 708, 707, 705, 683, 692, 685, 704, 702, 687, 688, 700, 695, 658, 632, 633, 634, 636, 639, 642, 643, 647, 648, 649, 652, 654, 655, 657, 677, 659, 660, 661, 662, 664, 666, 667, 669, 631, 671, 673, 674, 675], "same_set_saved_d_sum": -0.33579926273875677, "scorer_seconds": 0.4367412216961384}[32m [repeated 9x across cluster][0m
[36m(AuthorRewardCurveWorker pid=114960)[0m TEXTCRAFT_AUTHOR_REWARD_CURVE {"phase": "author_score_complete", "rank": 0, "pid": 114960, "completed_cases": 10, "native_forward_calls": 443, "unix": 1791260043.0173223, "case_index": 10, "traj_uid": "1107f84f-104b-4185-97e5-ad2d73b9c9a1", "view": "signed_RISE", "score_seconds": 12.026686184108257, "point_index": 1, "raw_logp": -0.5105910301208496, "author_deleted_source_indices": [5, 328, 321, 26, 336, 361, 362, 329, 8, 206, 11, 327, 113, 345, 335, 201, 323, 164, 235], "author_current_group_source_indices": [5, 328, 321, 26, 336, 361, 362, 329, 8, 206, 11, 327, 113, 345, 335, 201, 323, 164, 235], "author_deleted_input_positions": [387, 710, 703, 408, 718, 743, 744, 711, 390, 588, 393, 709, 495, 727, 717, 583, 705, 546, 617], "same_set_saved_d_sum": 0.13691337651625785, "scorer_seconds": 0.5183479227125645}
[36m(AuthorRewardCurveWorker pid=116402)[0m TEXTCRAFT_AUTHOR_REWARD_CURVE {"phase": "author_curve_complete", "rank": 1, "pid": 116402, "completed_cases": 10, "native_forward_calls": 441, "unix": 1791260040.8241906, "case_index": 10, "traj_uid": "0717f2e6-d697-40b8-aef2-9b8b00f46b80", "view": "positive_MAS", "score_seconds": 9.125568125396967, "seconds": 23.098313111811876, "native_score_calls": 21}
[36m(AuthorRewardCurveWorker pid=116402)[0m TEXTCRAFT_AUTHOR_REWARD_CURVE {"phase": "author_curve_begin", "rank": 1, "pid": 116402, "completed_cases": 10, "native_forward_calls": 441, "unix": 1791260040.9091034, "case_index": 10, "traj_uid": "0717f2e6-d697-40b8-aef2-9b8b00f46b80", "view": "signed_RISE", "score_seconds": 9.125568125396967, "score_points": 21}
[36m(AuthorRewardCurveWorker pid=116402)[0m TEXTCRAFT_AUTHOR_REWARD_CURVE {"phase": "author_score_complete", "rank": 1, "pid": 116402, "completed_cases": 10, "native_forward_calls": 442, "unix": 1791260042.0039098, "case_index": 10, "traj_uid": "0717f2e6-d697-40b8-aef2-9b8b00f46b80", "view": "signed_RISE", "score_seconds": 9.561188966035843, "point_index": 0, "raw_logp": -0.5249912142753601, "author_deleted_source_indices": [], "author_current_group_source_indices": [], "author_deleted_input_positions": [], "same_set_saved_d_sum": 0.0, "scorer_seconds": 0.43576016277074814}
[36m(AuthorRewardCurveWorker pid=114960)[0m TEXTCRAFT_AUTHOR_REWARD_CURVE {"phase": "author_score_complete", "rank": 0, "pid": 114960, "completed_cases": 10, "native_forward_calls": 448, "unix": 1791260048.493606, "case_index": 10, "traj_uid": "1107f84f-104b-4185-97e5-ad2d73b9c9a1", "view": "signed_RISE", "score_seconds": 14.60682212933898, "point_index": 6, "raw_logp": -0.626209557056427, "author_deleted_source_indices": [5, 328, 321, 26, 336, 361, 362, 329, 8, 206, 11, 327, 113, 345, 335, 201, 323, 164, 235, 14, 10, 211, 89, 364, 9, 131, 7, 242, 15, 143, 324, 16, 13, 350, 27, 55, 29, 31, 366, 293, 313, 88, 51, 287, 63, 320, 325, 368, 337, 200, 216, 60, 165, 264, 272, 35, 38, 243, 86, 318, 367, 30, 298, 54, 338, 93, 108, 182, 150, 41, 22, 317, 24, 347, 155, 151, 369, 307, 262, 68, 34, 158, 312, 166, 202, 280, 239, 229, 6, 111, 20, 365, 228, 334, 204, 333, 90, 359, 309, 188, 330, 28, 112, 342, 241, 205, 351, 102, 310, 252, 154, 83, 25, 107], "author_current_group_source_indices": [333, 90, 359, 309, 188, 330, 28, 112, 342, 241, 205, 351, 102, 310, 252, 154, 83, 25, 107], "author_deleted_input_positions": [387, 710, 703, 408, 718, 743, 744, 711, 390, 588, 393, 709, 495, 727, 717, 583, 705, 546, 617, 396, 392, 593, 471, 746, 391, 513, 389, 624, 397, 525, 706, 398, 395, 732, 409, 437, 411, 413, 748, 675, 695, 470, 433, 669, 445, 702, 707, 750, 719, 582, 598, 442, 547, 646, 654, 417, 420, 625, 468, 700, 749, 412, 680, 436, 720, 475, 490, 564, 532, 423, 404, 699, 406, 729, 537, 533, 751, 689, 644, 450, 416, 540, 694, 548, 584, 662, 621, 611, 388, 493, 402, 747, 610, 716, 586, 715, 472, 741, 691, 570, 712, 410, 494, 724, 623, 587, 733, 484, 692, 634, 536, 465, 407, 489], "same_set_saved_d_sum": 0.3906643670730733, "scorer_seconds": 0.5144266821444035}[32m [repeated 10x across cluster][0m
[36m(AuthorRewardCurveWorker pid=114960)[0m TEXTCRAFT_AUTHOR_REWARD_CURVE {"phase": "author_score_complete", "rank": 0, "pid": 114960, "completed_cases": 10, "native_forward_calls": 453, "unix": 1791260053.9627137, "case_index": 10, "traj_uid": "1107f84f-104b-4185-97e5-ad2d73b9c9a1", "view": "signed_RISE", "score_seconds": 17.192768346518278, "point_index": 11, "raw_logp": -0.5853755474090576, "author_deleted_source_indices": [5, 328, 321, 26, 336, 361, 362, 329, 8, 206, 11, 327, 113, 345, 335, 201, 323, 164, 235, 14, 10, 211, 89, 364, 9, 131, 7, 242, 15, 143, 324, 16, 13, 350, 27, 55, 29, 31, 366, 293, 313, 88, 51, 287, 63, 320, 325, 368, 337, 200, 216, 60, 165, 264, 272, 35, 38, 243, 86, 318, 367, 30, 298, 54, 338, 93, 108, 182, 150, 41, 22, 317, 24, 347, 155, 151, 369, 307, 262, 68, 34, 158, 312, 166, 202, 280, 239, 229, 6, 111, 20, 365, 228, 334, 204, 333, 90, 359, 309, 188, 330, 28, 112, 342, 241, 205, 351, 102, 310, 252, 154, 83, 25, 107, 348, 253, 139, 147, 358, 187, 125, 33, 36, 129, 160, 259, 153, 353, 356, 99, 70, 299, 177, 19, 195, 64, 96, 344, 261, 167, 44, 43, 209, 316, 4, 360, 224, 212, 56, 148, 159, 244, 23, 231, 258, 176, 123, 40, 91, 340, 221, 220, 17, 193, 278, 141, 53, 95, 300, 85, 260, 81, 236, 227, 171, 82, 126, 194, 75, 58, 288, 97, 146, 39, 290, 185, 273, 161, 254, 196, 179, 303, 189, 197, 46, 263, 87, 109, 120, 245, 297, 72, 37, 101, 92, 226, 279, 84, 237], "author_current_group_source_indices": [179, 303, 189, 197, 46, 263, 87, 109, 120, 245, 297, 72, 37, 101, 92, 226, 279, 84, 237], "author_deleted_input_positions": [387, 710, 703, 408, 718, 743, 744, 711, 390, 588, 393, 709, 495, 727, 717, 583, 705, 546, 617, 396, 392, 593, 471, 746, 391, 513, 389, 624, 397, 525, 706, 398, 395, 732, 409, 437, 411, 413, 748, 675, 695, 470, 433, 669, 445, 702, 707, 750, 719, 582, 598, 442, 547, 646, 654, 417, 420, 625, 468, 700, 749, 412, 680, 436, 720, 475, 490, 564, 532, 423, 404, 699, 406, 729, 537, 533, 751, 689, 644, 450, 416, 540, 694, 548, 584, 662, 621, 611, 388, 493, 402, 747, 610, 716, 586, 715, 472, 741, 691, 570, 712, 410, 494, 724, 623, 587, 733, 484, 692, 634, 536, 465, 407, 489, 730, 635, 521, 529, 740, 569, 507, 415, 418, 511, 542, 641, 535, 735, 738, 481, 452, 681, 559, 401, 577, 446, 478, 726, 643, 549, 426, 425, 591, 698, 386, 742, 606, 594, 438, 530, 541, 626, 405, 613, 640, 558, 505, 422, 473, 722, 603, 602, 399, 575, 660, 523, 435, 477, 682, 467, 642, 463, 618, 609, 553, 464, 508, 576, 457, 440, 670, 479, 528, 421, 672, 567, 655, 543, 636, 578, 561, 685, 571, 579, 428, 645, 469, 491, 502, 627, 679, 454, 419, 483, 474, 608, 661, 466, 619], "same_set_saved_d_sum": 0.4624586043430839, "scorer_seconds": 0.5099361091852188}[32m [repeated 10x across cluster][0m
[36m(AuthorRewardCurveWorker pid=114960)[0m TEXTCRAFT_AUTHOR_REWARD_CURVE {"phase": "author_score_complete", "rank": 0, "pid": 114960, "completed_cases": 10, "native_forward_calls": 458, "unix": 1791260059.548636, "case_index": 10, "traj_uid": "1107f84f-104b-4185-97e5-ad2d73b9c9a1", "view": "signed_RISE", "score_seconds": 19.74383419379592, "point_index": 16, "raw_logp": -0.6682637929916382, "author_deleted_source_indices": [5, 328, 321, 26, 336, 361, 362, 329, 8, 206, 11, 327, 113, 345, 335, 201, 323, 164, 235, 14, 10, 211, 89, 364, 9, 131, 7, 242, 15, 143, 324, 16, 13, 350, 27, 55, 29, 31, 366, 293, 313, 88, 51, 287, 63, 320, 325, 368, 337, 200, 216, 60, 165, 264, 272, 35, 38, 243, 86, 318, 367, 30, 298, 54, 338, 93, 108, 182, 150, 41, 22, 317, 24, 347, 155, 151, 369, 307, 262, 68, 34, 158, 312, 166, 202, 280, 239, 229, 6, 111, 20, 365, 228, 334, 204, 333, 90, 359, 309, 188, 330, 28, 112, 342, 241, 205, 351, 102, 310, 252, 154, 83, 25, 107, 348, 253, 139, 147, 358, 187, 125, 33, 36, 129, 160, 259, 153, 353, 356, 99, 70, 299, 177, 19, 195, 64, 96, 344, 261, 167, 44, 43, 209, 316, 4, 360, 224, 212, 56, 148, 159, 244, 23, 231, 258, 176, 123, 40, 91, 340, 221, 220, 17, 193, 278, 141, 53, 95, 300, 85, 260, 81, 236, 227, 171, 82, 126, 194, 75, 58, 288, 97, 146, 39, 290, 185, 273, 161, 254, 196, 179, 303, 189, 197, 46, 263, 87, 109, 120, 245, 297, 72, 37, 101, 92, 226, 279, 84, 237, 289, 142, 170, 371, 65, 78, 144, 294, 173, 157, 137, 32, 332, 132, 175, 319, 315, 62, 281, 134, 256, 42, 257, 138, 128, 230, 274, 12, 302, 296, 110, 305, 186, 178, 133, 135, 140, 74, 73, 349, 215, 341, 98, 127, 183, 136, 285, 191, 251, 174, 314, 277, 116, 232, 180, 169, 240, 282, 217, 94, 21, 213, 271, 238, 247, 249, 311, 295, 291, 370, 47, 283, 59, 181, 199, 115, 234, 184, 276, 103, 225, 357, 346, 218, 352, 331, 301, 219, 100, 190, 114], "author_current_group_source_indices": [181, 199, 115, 234, 184, 276, 103, 225, 357, 346, 218, 352, 331, 301, 219, 100, 190, 114], "author_deleted_input_positions": [387, 710, 703, 408, 718, 743, 744, 711, 390, 588, 393, 709, 495, 727, 717, 583, 705, 546, 617, 396, 392, 593, 471, 746, 391, 513, 389, 624, 397, 525, 706, 398, 395, 732, 409, 437, 411, 413, 748, 675, 695, 470, 433, 669, 445, 702, 707, 750, 719, 582, 598, 442, 547, 646, 654, 417, 420, 625, 468, 700, 749, 412, 680, 436, 720, 475, 490, 564, 532, 423, 404, 699, 406, 729, 537, 533, 751, 689, 644, 450, 416, 540, 694, 548, 584, 662, 621, 611, 388, 493, 402, 747, 610, 716, 586, 715, 472, 741, 691, 570, 712, 410, 494, 724, 623, 587, 733, 484, 692, 634, 536, 465, 407, 489, 730, 635, 521, 529, 740, 569, 507, 415, 418, 511, 542, 641, 535, 735, 738, 481, 452, 681, 559, 401, 577, 446, 478, 726, 643, 549, 426, 425, 591, 698, 386, 742, 606, 594, 438, 530, 541, 626, 405, 613, 640, 558, 505, 422, 473, 722, 603, 602, 399, 575, 660, 523, 435, 477, 682, 467, 642, 463, 618, 609, 553, 464, 508, 576, 457, 440, 670, 479, 528, 421, 672, 567, 655, 543, 636, 578, 561, 685, 571, 579, 428, 645, 469, 491, 502, 627, 679, 454, 419, 483, 474, 608, 661, 466, 619, 671, 524, 552, 753, 447, 460, 526, 676, 555, 539, 519, 414, 714, 514, 557, 701, 697, 444, 663, 516, 638, 424, 639, 520, 510, 612, 656, 394, 684, 678, 492, 687, 568, 560, 515, 517, 522, 456, 455, 731, 597, 723, 480, 509, 565, 518, 667, 573, 633, 556, 696, 659, 498, 614, 562, 551, 622, 664, 599, 476, 403, 595, 653, 620, 629, 631, 693, 677, 673, 752, 429, 665, 441, 563, 581, 497, 616, 566, 658, 485, 607, 739, 728, 600, 734, 713, 683, 601, 482, 572, 496], "same_set_saved_d_sum": 0.4140465581195287, "scorer_seconds": 0.5228363536298275}[32m [repeated 10x across cluster][0m
[36m(AuthorRewardCurveWorker pid=114960)[0m TEXTCRAFT_AUTHOR_REWARD_CURVE {"phase": "author_curve_complete", "rank": 0, "pid": 114960, "completed_cases": 10, "native_forward_calls": 462, "unix": 1791260063.9856632, "case_index": 10, "traj_uid": "1107f84f-104b-4185-97e5-ad2d73b9c9a1", "view": "signed_RISE", "score_seconds": 21.77525643259287, "seconds": 23.091976296156645, "native_score_calls": 21}
[36m(AuthorRewardCurveWorker pid=114960)[0m TEXTCRAFT_AUTHOR_REWARD_CURVE {"phase": "author_case_complete", "rank": 0, "pid": 114960, "completed_cases": 11, "native_forward_calls": 462, "unix": 1791260064.2268984, "last_seconds": 46.622220288962126}
[36m(AuthorRewardCurveWorker pid=114960)[0m TEXTCRAFT_AUTHOR_REWARD_CURVE {"phase": "complete_author_reward_curves", "rank": 0, "pid": 114960, "completed_cases": 11, "native_forward_calls": 462, "unix": 1791260064.455434}
[36m(AuthorRewardCurveWorker pid=116402)[0m TEXTCRAFT_AUTHOR_REWARD_CURVE {"phase": "author_score_complete", "rank": 1, "pid": 116402, "completed_cases": 10, "native_forward_calls": 462, "unix": 1791260063.97897, "case_index": 10, "traj_uid": "0717f2e6-d697-40b8-aef2-9b8b00f46b80", "view": "signed_RISE", "score_seconds": 18.254742924124002, "point_index": 20, "raw_logp": -0.17213772237300873, "author_deleted_source_indices": [4, 68, 60, 6, 63, 15, 62, 22, 10, 65, 59, 32, 67, 14, 58, 13, 50, 72, 49, 19, 55, 41, 25, 34, 9, 37, 66, 20, 51, 47, 48, 70, 45, 7, 75, 77, 12, 35, 21, 44, 33, 46, 16, 27, 39, 56, 52, 24, 54, 11, 23, 8, 26, 38, 53, 18, 36, 42, 71, 73, 61, 74, 30, 57, 29, 5, 64, 31, 69, 17, 43, 76, 28, 40, 2, 1, 0, 3], "author_current_group_source_indices": [1, 0, 3], "author_deleted_input_positions": [635, 699, 691, 637, 694, 646, 693, 653, 641, 696, 690, 663, 698, 645, 689, 644, 681, 703, 680, 650, 686, 672, 656, 665, 640, 668, 697, 651, 682, 678, 679, 701, 676, 638, 706, 708, 643, 666, 652, 675, 664, 677, 647, 658, 670, 687, 683, 655, 685, 642, 654, 639, 657, 669, 684, 649, 667, 673, 702, 704, 692, 705, 661, 688, 660, 636, 695, 662, 700, 648, 674, 707, 659, 671, 633, 632, 631, 634], "same_set_saved_d_sum": -0.33579926273875677, "scorer_seconds": 0.4339931644499302}[32m [repeated 9x across cluster][0m
[36m(AuthorRewardCurveWorker pid=116402)[0m TEXTCRAFT_AUTHOR_REWARD_CURVE {"phase": "author_curve_complete", "rank": 1, "pid": 116402, "completed_cases": 10, "native_forward_calls": 462, "unix": 1791260064.0673006, "case_index": 10, "traj_uid": "0717f2e6-d697-40b8-aef2-9b8b00f46b80", "view": "signed_RISE", "score_seconds": 18.254742924124002, "seconds": 23.070349384099245, "native_score_calls": 21}
[36m(AuthorRewardCurveWorker pid=116402)[0m TEXTCRAFT_AUTHOR_REWARD_CURVE {"phase": "author_case_complete", "rank": 1, "pid": 116402, "completed_cases": 11, "native_forward_calls": 462, "unix": 1791260064.3036668, "last_seconds": 46.614799093455076}
[36m(AuthorRewardCurveWorker pid=116402)[0m TEXTCRAFT_AUTHOR_REWARD_CURVE {"phase": "complete_author_reward_curves", "rank": 1, "pid": 116402, "completed_cases": 11, "native_forward_calls": 462, "unix": 1791260064.5319088}
[36m(AuthorRewardCurveWorker pid=116402)[0m [2026-10-06 12:05:32,587 E 116402 116641] core_worker_process.cc:842: Failed to establish connection to the metrics exporter agent. Metrics will not be exported. Exporter agent status: RpcError: Running out of retries to initialize the metrics agent. rpc_code: 14
