index,target_mode,method,pooling,budget_unit,budget_value,budget,all_body_tokens,precision,recall,f1,exact_match,complete_support,true_positive,predicted,gold,spent_all_tokens,unused_all_tokens,selected_sentences,empty_selection,token_recall,fact_recall_ceiling
0,full,DT_target,signed_sum,all_body_tokens,0.05,145,2883,0.5,1.0,0.6666666666666666,0.0,1.0,2,4,2,137,8,4,0,1.0,1.0
0,full,DT_target,signed_sum,all_body_tokens,0.1,289,2883,0.3333333333333333,1.0,0.5,0.0,1.0,2,6,2,229,60,6,0,1.0,1.0
0,full,DT_target,signed_sum,all_body_tokens,0.2,577,2883,0.18181818181818182,1.0,0.3076923076923077,0.0,1.0,2,11,2,529,48,11,0,1.0,1.0
0,full,DT_target,signed_sum,sentences,2,2,2883,0.5,0.5,0.5,0.0,0.0,1,2,2,84,0,2,0,0.7733333333333333,1.0
0,full,DT_target,signed_sum,sentences,4,4,2883,0.5,1.0,0.6666666666666666,0.0,1.0,2,4,2,137,0,4,0,1.0,1.0
0,full,DT_target,signed_sum,sentences,8,8,2883,0.25,1.0,0.4,0.0,1.0,2,8,2,445,0,8,0,1.0,1.0
0,full,DT_target,positive_mean_eligible,all_body_tokens,0.05,145,2883,0.5,1.0,0.6666666666666666,0.0,1.0,2,4,2,137,8,4,0,1.0,1.0
0,full,DT_target,positive_mean_eligible,all_body_tokens,0.1,289,2883,0.2222222222222222,1.0,0.3636363636363636,0.0,1.0,2,9,2,257,32,9,0,1.0,1.0
0,full,DT_target,positive_mean_eligible,all_body_tokens,0.2,577,2883,0.11764705882352941,1.0,0.21052631578947367,0.0,1.0,2,17,2,549,28,17,0,1.0,1.0
0,full,DT_target,positive_mean_eligible,sentences,2,2,2883,0.5,0.5,0.5,0.0,0.0,1,2,2,84,0,2,0,0.7733333333333333,1.0
0,full,DT_target,positive_mean_eligible,sentences,4,4,2883,0.5,1.0,0.6666666666666666,0.0,1.0,2,4,2,137,0,4,0,1.0,1.0
0,full,DT_target,positive_mean_eligible,sentences,8,8,2883,0.25,1.0,0.4,0.0,1.0,2,8,2,236,0,8,0,1.0,1.0
0,full,FT_K1,signed_sum,all_body_tokens,0.05,145,2883,0.6666666666666666,1.0,0.8,0.0,1.0,2,3,2,111,34,3,0,1.0,1.0
0,full,FT_K1,signed_sum,all_body_tokens,0.1,289,2883,0.3333333333333333,1.0,0.5,0.0,1.0,2,6,2,280,9,6,0,1.0,1.0
0,full,FT_K1,signed_sum,all_body_tokens,0.2,577,2883,0.2222222222222222,1.0,0.3636363636363636,0.0,1.0,2,9,2,405,172,9,0,1.0,1.0
0,full,FT_K1,signed_sum,sentences,2,2,2883,1.0,1.0,1.0,1.0,1.0,2,2,2,75,0,2,0,1.0,1.0
0,full,FT_K1,signed_sum,sentences,4,4,2883,0.5,1.0,0.6666666666666666,0.0,1.0,2,4,2,211,0,4,0,1.0,1.0
0,full,FT_K1,signed_sum,sentences,8,8,2883,0.25,1.0,0.4,0.0,1.0,2,8,2,372,0,8,0,1.0,1.0
0,full,FT_K1,positive_mean_eligible,all_body_tokens,0.05,145,2883,0.5,1.0,0.6666666666666666,0.0,1.0,2,4,2,137,8,4,0,1.0,1.0
0,full,FT_K1,positive_mean_eligible,all_body_tokens,0.1,289,2883,0.2222222222222222,1.0,0.3636363636363636,0.0,1.0,2,9,2,277,12,9,0,1.0,1.0
0,full,FT_K1,positive_mean_eligible,all_body_tokens,0.2,577,2883,0.125,1.0,0.2222222222222222,0.0,1.0,2,16,2,483,94,16,0,1.0,1.0
0,full,FT_K1,positive_mean_eligible,sentences,2,2,2883,1.0,1.0,1.0,1.0,1.0,2,2,2,75,0,2,0,1.0,1.0
0,full,FT_K1,positive_mean_eligible,sentences,4,4,2883,0.5,1.0,0.6666666666666666,0.0,1.0,2,4,2,137,0,4,0,1.0,1.0
0,full,FT_K1,positive_mean_eligible,sentences,8,8,2883,0.25,1.0,0.4,0.0,1.0,2,8,2,256,0,8,0,1.0,1.0
0,full,FT_K3,signed_sum,all_body_tokens,0.05,145,2883,0.6666666666666666,1.0,0.8,0.0,1.0,2,3,2,111,34,3,0,1.0,1.0
0,full,FT_K3,signed_sum,all_body_tokens,0.1,289,2883,0.3333333333333333,1.0,0.5,0.0,1.0,2,6,2,280,9,6,0,1.0,1.0
0,full,FT_K3,signed_sum,all_body_tokens,0.2,577,2883,0.2222222222222222,1.0,0.3636363636363636,0.0,1.0,2,9,2,405,172,9,0,1.0,1.0
0,full,FT_K3,signed_sum,sentences,2,2,2883,1.0,1.0,1.0,1.0,1.0,2,2,2,75,0,2,0,1.0,1.0
0,full,FT_K3,signed_sum,sentences,4,4,2883,0.5,1.0,0.6666666666666666,0.0,1.0,2,4,2,211,0,4,0,1.0,1.0
0,full,FT_K3,signed_sum,sentences,8,8,2883,0.25,1.0,0.4,0.0,1.0,2,8,2,372,0,8,0,1.0,1.0
0,full,FT_K3,positive_mean_eligible,all_body_tokens,0.05,145,2883,0.5,1.0,0.6666666666666666,0.0,1.0,2,4,2,137,8,4,0,1.0,1.0
0,full,FT_K3,positive_mean_eligible,all_body_tokens,0.1,289,2883,0.25,1.0,0.4,0.0,1.0,2,8,2,256,33,8,0,1.0,1.0
0,full,FT_K3,positive_mean_eligible,all_body_tokens,0.2,577,2883,0.125,1.0,0.2222222222222222,0.0,1.0,2,16,2,483,94,16,0,1.0,1.0
0,full,FT_K3,positive_mean_eligible,sentences,2,2,2883,1.0,1.0,1.0,1.0,1.0,2,2,2,75,0,2,0,1.0,1.0
0,full,FT_K3,positive_mean_eligible,sentences,4,4,2883,0.5,1.0,0.6666666666666666,0.0,1.0,2,4,2,137,0,4,0,1.0,1.0
0,full,FT_K3,positive_mean_eligible,sentences,8,8,2883,0.25,1.0,0.4,0.0,1.0,2,8,2,256,0,8,0,1.0,1.0
1,full,DT_target,signed_sum,all_body_tokens,0.05,59,1163,1.0,0.6666666666666666,0.8,0.0,0.0,2,2,3,52,7,2,0,0.5842696629213483,0.6666666666666666
1,full,DT_target,signed_sum,all_body_tokens,0.1,117,1163,0.75,1.0,0.8571428571428571,0.0,1.0,3,4,3,117,0,4,0,1.0,1.0
1,full,DT_target,signed_sum,all_body_tokens,0.2,233,1163,0.42857142857142855,1.0,0.6,0.0,1.0,3,7,3,214,19,7,0,1.0,1.0
1,full,DT_target,signed_sum,sentences,2,2,1163,1.0,0.6666666666666666,0.8,0.0,0.0,2,2,3,52,0,2,0,0.5842696629213483,0.6666666666666666
1,full,DT_target,signed_sum,sentences,4,4,1163,0.75,1.0,0.8571428571428571,0.0,1.0,3,4,3,117,0,4,0,1.0,1.0
1,full,DT_target,signed_sum,sentences,8,8,1163,0.375,1.0,0.5454545454545454,0.0,1.0,3,8,3,250,0,8,0,1.0,1.0
1,full,DT_target,positive_mean_eligible,all_body_tokens,0.05,59,1163,1.0,0.6666666666666666,0.8,0.0,0.0,2,2,3,52,7,2,0,0.5842696629213483,0.6666666666666666
1,full,DT_target,positive_mean_eligible,all_body_tokens,0.1,117,1163,0.75,1.0,0.8571428571428571,0.0,1.0,3,4,3,117,0,4,0,1.0,1.0
1,full,DT_target,positive_mean_eligible,all_body_tokens,0.2,233,1163,0.3333333333333333,1.0,0.5,0.0,1.0,3,9,3,214,19,9,0,1.0,1.0
1,full,DT_target,positive_mean_eligible,sentences,2,2,1163,1.0,0.6666666666666666,0.8,0.0,0.0,2,2,3,52,0,2,0,0.5842696629213483,0.6666666666666666
1,full,DT_target,positive_mean_eligible,sentences,4,4,1163,0.75,1.0,0.8571428571428571,0.0,1.0,3,4,3,117,0,4,0,1.0,1.0
1,full,DT_target,positive_mean_eligible,sentences,8,8,1163,0.375,1.0,0.5454545454545454,0.0,1.0,3,8,3,186,0,8,0,1.0,1.0
1,full,FT_K1,signed_sum,all_body_tokens,0.05,59,1163,1.0,0.3333333333333333,0.5,0.0,0.0,1,1,3,42,17,1,0,0.47191011235955055,0.6666666666666666
1,full,FT_K1,signed_sum,all_body_tokens,0.1,117,1163,1.0,0.6666666666666666,0.8,0.0,0.0,2,2,3,79,38,2,0,0.8876404494382022,1.0
1,full,FT_K1,signed_sum,all_body_tokens,0.2,233,1163,0.5,1.0,0.6666666666666666,0.0,1.0,3,6,3,194,39,6,0,1.0,1.0
1,full,FT_K1,signed_sum,sentences,2,2,1163,1.0,0.6666666666666666,0.8,0.0,0.0,2,2,3,79,0,2,0,0.8876404494382022,0.6666666666666666
1,full,FT_K1,signed_sum,sentences,4,4,1163,0.75,1.0,0.8571428571428571,0.0,1.0,3,4,3,130,0,4,0,1.0,1.0
1,full,FT_K1,signed_sum,sentences,8,8,1163,0.375,1.0,0.5454545454545454,0.0,1.0,3,8,3,256,0,8,0,1.0,1.0
1,full,FT_K1,positive_mean_eligible,all_body_tokens,0.05,59,1163,1.0,0.6666666666666666,0.8,0.0,0.0,2,2,3,52,7,2,0,0.5842696629213483,0.6666666666666666
1,full,FT_K1,positive_mean_eligible,all_body_tokens,0.1,117,1163,0.75,1.0,0.8571428571428571,0.0,1.0,3,4,3,117,0,4,0,1.0,1.0
1,full,FT_K1,positive_mean_eligible,all_body_tokens,0.2,233,1163,0.375,1.0,0.5454545454545454,0.0,1.0,3,8,3,205,28,8,0,1.0,1.0
1,full,FT_K1,positive_mean_eligible,sentences,2,2,1163,1.0,0.6666666666666666,0.8,0.0,0.0,2,2,3,52,0,2,0,0.5842696629213483,0.6666666666666666
1,full,FT_K1,positive_mean_eligible,sentences,4,4,1163,0.75,1.0,0.8571428571428571,0.0,1.0,3,4,3,117,0,4,0,1.0,1.0
1,full,FT_K1,positive_mean_eligible,sentences,8,8,1163,0.375,1.0,0.5454545454545454,0.0,1.0,3,8,3,205,0,8,0,1.0,1.0
1,full,FT_K3,signed_sum,all_body_tokens,0.05,59,1163,1.0,0.3333333333333333,0.5,0.0,0.0,1,1,3,42,17,1,0,0.47191011235955055,0.6666666666666666
1,full,FT_K3,signed_sum,all_body_tokens,0.1,117,1163,1.0,1.0,1.0,1.0,1.0,3,3,3,89,28,3,0,1.0,1.0
1,full,FT_K3,signed_sum,all_body_tokens,0.2,233,1163,0.5,1.0,0.6666666666666666,0.0,1.0,3,6,3,194,39,6,0,1.0,1.0
1,full,FT_K3,signed_sum,sentences,2,2,1163,1.0,0.6666666666666666,0.8,0.0,0.0,2,2,3,79,0,2,0,0.8876404494382022,0.6666666666666666
1,full,FT_K3,signed_sum,sentences,4,4,1163,0.75,1.0,0.8571428571428571,0.0,1.0,3,4,3,130,0,4,0,1.0,1.0
1,full,FT_K3,signed_sum,sentences,8,8,1163,0.375,1.0,0.5454545454545454,0.0,1.0,3,8,3,256,0,8,0,1.0,1.0
1,full,FT_K3,positive_mean_eligible,all_body_tokens,0.05,59,1163,1.0,0.6666666666666666,0.8,0.0,0.0,2,2,3,52,7,2,0,0.5842696629213483,0.6666666666666666
1,full,FT_K3,positive_mean_eligible,all_body_tokens,0.1,117,1163,0.75,1.0,0.8571428571428571,0.0,1.0,3,4,3,117,0,4,0,1.0,1.0
1,full,FT_K3,positive_mean_eligible,all_body_tokens,0.2,233,1163,0.3333333333333333,1.0,0.5,0.0,1.0,3,9,3,222,11,9,0,1.0,1.0
1,full,FT_K3,positive_mean_eligible,sentences,2,2,1163,1.0,0.6666666666666666,0.8,0.0,0.0,2,2,3,52,0,2,0,0.5842696629213483,0.6666666666666666
1,full,FT_K3,positive_mean_eligible,sentences,4,4,1163,0.75,1.0,0.8571428571428571,0.0,1.0,3,4,3,117,0,4,0,1.0,1.0
1,full,FT_K3,positive_mean_eligible,sentences,8,8,1163,0.375,1.0,0.5454545454545454,0.0,1.0,3,8,3,205,0,8,0,1.0,1.0
2,full,DT_target,signed_sum,all_body_tokens,0.05,60,1183,0.0,0.0,0.0,0.0,0.0,0,0,3,0,60,0,1,0.0,0.6666666666666666
2,full,DT_target,signed_sum,all_body_tokens,0.1,119,1183,0.6666666666666666,0.6666666666666666,0.6666666666666666,0.0,0.0,2,3,3,103,16,3,0,0.65,0.6666666666666666
2,full,DT_target,signed_sum,all_body_tokens,0.2,237,1183,0.6,1.0,0.7499999999999999,0.0,1.0,3,5,3,193,44,5,0,1.0,1.0
2,full,DT_target,signed_sum,sentences,2,2,1183,0.5,0.3333333333333333,0.4,0.0,0.0,1,2,3,86,0,2,0,0.5083333333333333,0.6666666666666666
2,full,DT_target,signed_sum,sentences,4,4,1183,0.5,0.6666666666666666,0.5714285714285715,0.0,0.0,2,4,3,151,0,4,0,0.65,1.0
2,full,DT_target,signed_sum,sentences,8,8,1183,0.375,1.0,0.5454545454545454,0.0,1.0,3,8,3,356,0,8,0,1.0,1.0
2,full,DT_target,positive_mean_eligible,all_body_tokens,0.05,60,1183,0.0,0.0,0.0,0.0,0.0,0,0,3,0,60,0,1,0.0,0.6666666666666666
2,full,DT_target,positive_mean_eligible,all_body_tokens,0.1,119,1183,0.6666666666666666,0.6666666666666666,0.6666666666666666,0.0,0.0,2,3,3,103,16,3,0,0.65,0.6666666666666666
2,full,DT_target,positive_mean_eligible,all_body_tokens,0.2,237,1183,0.42857142857142855,1.0,0.6,0.0,1.0,3,7,3,227,10,7,0,1.0,1.0
2,full,DT_target,positive_mean_eligible,sentences,2,2,1183,1.0,0.6666666666666666,0.8,0.0,0.0,2,2,3,78,0,2,0,0.65,0.6666666666666666
2,full,DT_target,positive_mean_eligible,sentences,4,4,1183,0.5,0.6666666666666666,0.5714285714285715,0.0,0.0,2,4,3,126,0,4,0,0.65,1.0
2,full,DT_target,positive_mean_eligible,sentences,8,8,1183,0.375,1.0,0.5454545454545454,0.0,1.0,3,8,3,252,0,8,0,1.0,1.0
2,full,FT_K1,signed_sum,all_body_tokens,0.05,60,1183,0.0,0.0,0.0,0.0,0.0,0,0,3,0,60,0,1,0.0,0.6666666666666666
2,full,FT_K1,signed_sum,all_body_tokens,0.1,119,1183,0.5,0.3333333333333333,0.4,0.0,0.0,1,2,3,105,14,2,0,0.5083333333333333,0.6666666666666666
2,full,FT_K1,signed_sum,all_body_tokens,0.2,237,1183,0.4,0.6666666666666666,0.5,0.0,0.0,2,5,3,208,29,5,0,0.65,1.0
2,full,FT_K1,signed_sum,sentences,2,2,1183,0.5,0.3333333333333333,0.4,0.0,0.0,1,2,3,105,0,2,0,0.5083333333333333,0.6666666666666666
2,full,FT_K1,signed_sum,sentences,4,4,1183,0.5,0.6666666666666666,0.5714285714285715,0.0,0.0,2,4,3,167,0,4,0,0.65,1.0
2,full,FT_K1,signed_sum,sentences,8,8,1183,0.25,0.6666666666666666,0.36363636363636365,0.0,0.0,2,8,3,317,0,8,0,0.65,1.0
2,full,FT_K1,positive_mean_eligible,all_body_tokens,0.05,60,1183,0.0,0.0,0.0,0.0,0.0,0,0,3,0,60,0,1,0.0,0.6666666666666666
2,full,FT_K1,positive_mean_eligible,all_body_tokens,0.1,119,1183,1.0,0.6666666666666666,0.8,0.0,0.0,2,2,3,78,41,2,0,0.65,0.6666666666666666
2,full,FT_K1,positive_mean_eligible,all_body_tokens,0.2,237,1183,0.3333333333333333,0.6666666666666666,0.4444444444444444,0.0,0.0,2,6,3,216,21,6,0,0.65,1.0
2,full,FT_K1,positive_mean_eligible,sentences,2,2,1183,1.0,0.6666666666666666,0.8,0.0,0.0,2,2,3,78,0,2,0,0.65,0.6666666666666666
2,full,FT_K1,positive_mean_eligible,sentences,4,4,1183,0.5,0.6666666666666666,0.5714285714285715,0.0,0.0,2,4,3,167,0,4,0,0.65,1.0
2,full,FT_K1,positive_mean_eligible,sentences,8,8,1183,0.25,0.6666666666666666,0.36363636363636365,0.0,0.0,2,8,3,270,0,8,0,0.65,1.0
2,full,FT_K3,signed_sum,all_body_tokens,0.05,60,1183,0.0,0.0,0.0,0.0,0.0,0,0,3,0,60,0,1,0.0,0.6666666666666666
2,full,FT_K3,signed_sum,all_body_tokens,0.1,119,1183,0.5,0.3333333333333333,0.4,0.0,0.0,1,2,3,105,14,2,0,0.5083333333333333,0.6666666666666666
2,full,FT_K3,signed_sum,all_body_tokens,0.2,237,1183,0.4,0.6666666666666666,0.5,0.0,0.0,2,5,3,208,29,5,0,0.65,1.0
2,full,FT_K3,signed_sum,sentences,2,2,1183,0.5,0.3333333333333333,0.4,0.0,0.0,1,2,3,105,0,2,0,0.5083333333333333,0.6666666666666666
2,full,FT_K3,signed_sum,sentences,4,4,1183,0.5,0.6666666666666666,0.5714285714285715,0.0,0.0,2,4,3,167,0,4,0,0.65,1.0
2,full,FT_K3,signed_sum,sentences,8,8,1183,0.25,0.6666666666666666,0.36363636363636365,0.0,0.0,2,8,3,317,0,8,0,0.65,1.0
2,full,FT_K3,positive_mean_eligible,all_body_tokens,0.05,60,1183,0.0,0.0,0.0,0.0,0.0,0,0,3,0,60,0,1,0.0,0.6666666666666666
2,full,FT_K3,positive_mean_eligible,all_body_tokens,0.1,119,1183,1.0,0.6666666666666666,0.8,0.0,0.0,2,2,3,78,41,2,0,0.65,0.6666666666666666
2,full,FT_K3,positive_mean_eligible,all_body_tokens,0.2,237,1183,0.3333333333333333,0.6666666666666666,0.4444444444444444,0.0,0.0,2,6,3,228,9,6,0,0.65,1.0
2,full,FT_K3,positive_mean_eligible,sentences,2,2,1183,1.0,0.6666666666666666,0.8,0.0,0.0,2,2,3,78,0,2,0,0.65,0.6666666666666666
2,full,FT_K3,positive_mean_eligible,sentences,4,4,1183,0.5,0.6666666666666666,0.5714285714285715,0.0,0.0,2,4,3,167,0,4,0,0.65,1.0
2,full,FT_K3,positive_mean_eligible,sentences,8,8,1183,0.25,0.6666666666666666,0.36363636363636365,0.0,0.0,2,8,3,274,0,8,0,0.65,1.0
3,full,DT_target,signed_sum,all_body_tokens,0.05,48,945,1.0,0.5,0.6666666666666666,0.0,0.0,1,1,2,33,15,1,0,0.5076923076923077,0.5
3,full,DT_target,signed_sum,all_body_tokens,0.1,95,945,0.5,0.5,0.5,0.0,0.0,1,2,2,85,10,2,0,0.5076923076923077,1.0
3,full,DT_target,signed_sum,all_body_tokens,0.2,189,945,0.5,1.0,0.6666666666666666,0.0,1.0,2,4,2,145,44,4,0,1.0,1.0
3,full,DT_target,signed_sum,sentences,2,2,945,0.5,0.5,0.5,0.0,0.0,1,2,2,85,0,2,0,0.5076923076923077,1.0
3,full,DT_target,signed_sum,sentences,4,4,945,0.5,1.0,0.6666666666666666,0.0,1.0,2,4,2,145,0,4,0,1.0,1.0
3,full,DT_target,signed_sum,sentences,8,8,945,0.25,1.0,0.4,0.0,1.0,2,8,2,286,0,8,0,1.0,1.0
3,full,DT_target,positive_mean_eligible,all_body_tokens,0.05,48,945,1.0,0.5,0.6666666666666666,0.0,0.0,1,1,2,32,16,1,0,0.49230769230769234,0.5
3,full,DT_target,positive_mean_eligible,all_body_tokens,0.1,95,945,0.3333333333333333,0.5,0.4,0.0,0.0,1,3,2,70,25,3,0,0.49230769230769234,1.0
3,full,DT_target,positive_mean_eligible,all_body_tokens,0.2,189,945,0.2857142857142857,1.0,0.4444444444444445,0.0,1.0,2,7,2,168,21,7,0,1.0,1.0
3,full,DT_target,positive_mean_eligible,sentences,2,2,945,0.5,0.5,0.5,0.0,0.0,1,2,2,49,0,2,0,0.49230769230769234,1.0
3,full,DT_target,positive_mean_eligible,sentences,4,4,945,0.5,1.0,0.6666666666666666,0.0,1.0,2,4,2,103,0,4,0,1.0,1.0
3,full,DT_target,positive_mean_eligible,sentences,8,8,945,0.25,1.0,0.4,0.0,1.0,2,8,2,220,0,8,0,1.0,1.0
3,full,FT_K1,signed_sum,all_body_tokens,0.05,48,945,1.0,0.5,0.6666666666666666,0.0,0.0,1,1,2,32,16,1,0,0.49230769230769234,0.5
3,full,FT_K1,signed_sum,all_body_tokens,0.1,95,945,0.3333333333333333,0.5,0.4,0.0,0.0,1,3,2,82,13,3,0,0.49230769230769234,1.0
3,full,FT_K1,signed_sum,all_body_tokens,0.2,189,945,0.2,0.5,0.28571428571428575,0.0,0.0,1,5,2,171,18,5,0,0.49230769230769234,1.0
3,full,FT_K1,signed_sum,sentences,2,2,945,0.5,0.5,0.5,0.0,0.0,1,2,2,53,0,2,0,0.49230769230769234,1.0
3,full,FT_K1,signed_sum,sentences,4,4,945,0.25,0.5,0.3333333333333333,0.0,0.0,1,4,2,134,0,4,0,0.49230769230769234,1.0
3,full,FT_K1,signed_sum,sentences,8,8,945,0.125,0.5,0.2,0.0,0.0,1,8,2,239,0,8,0,0.49230769230769234,1.0
3,full,FT_K1,positive_mean_eligible,all_body_tokens,0.05,48,945,1.0,0.5,0.6666666666666666,0.0,0.0,1,1,2,32,16,1,0,0.49230769230769234,0.5
3,full,FT_K1,positive_mean_eligible,all_body_tokens,0.1,95,945,0.25,0.5,0.3333333333333333,0.0,0.0,1,4,2,84,11,4,0,0.49230769230769234,1.0
3,full,FT_K1,positive_mean_eligible,all_body_tokens,0.2,189,945,0.125,0.5,0.2,0.0,0.0,1,8,2,184,5,8,0,0.49230769230769234,1.0
3,full,FT_K1,positive_mean_eligible,sentences,2,2,945,0.5,0.5,0.5,0.0,0.0,1,2,2,53,0,2,0,0.49230769230769234,1.0
3,full,FT_K1,positive_mean_eligible,sentences,4,4,945,0.25,0.5,0.3333333333333333,0.0,0.0,1,4,2,84,0,4,0,0.49230769230769234,1.0
3,full,FT_K1,positive_mean_eligible,sentences,8,8,945,0.125,0.5,0.2,0.0,0.0,1,8,2,184,0,8,0,0.49230769230769234,1.0
3,full,FT_K3,signed_sum,all_body_tokens,0.05,48,945,1.0,0.5,0.6666666666666666,0.0,0.0,1,1,2,32,16,1,0,0.49230769230769234,0.5
3,full,FT_K3,signed_sum,all_body_tokens,0.1,95,945,0.3333333333333333,0.5,0.4,0.0,0.0,1,3,2,82,13,3,0,0.49230769230769234,1.0
3,full,FT_K3,signed_sum,all_body_tokens,0.2,189,945,0.2,0.5,0.28571428571428575,0.0,0.0,1,5,2,171,18,5,0,0.49230769230769234,1.0
3,full,FT_K3,signed_sum,sentences,2,2,945,0.5,0.5,0.5,0.0,0.0,1,2,2,53,0,2,0,0.49230769230769234,1.0
3,full,FT_K3,signed_sum,sentences,4,4,945,0.25,0.5,0.3333333333333333,0.0,0.0,1,4,2,134,0,4,0,0.49230769230769234,1.0
3,full,FT_K3,signed_sum,sentences,8,8,945,0.125,0.5,0.2,0.0,0.0,1,8,2,252,0,8,0,0.49230769230769234,1.0
3,full,FT_K3,positive_mean_eligible,all_body_tokens,0.05,48,945,1.0,0.5,0.6666666666666666,0.0,0.0,1,1,2,32,16,1,0,0.49230769230769234,0.5
3,full,FT_K3,positive_mean_eligible,all_body_tokens,0.1,95,945,0.3333333333333333,0.5,0.4,0.0,0.0,1,3,2,67,28,3,0,0.49230769230769234,1.0
3,full,FT_K3,positive_mean_eligible,all_body_tokens,0.2,189,945,0.125,0.5,0.2,0.0,0.0,1,8,2,184,5,8,0,0.49230769230769234,1.0
3,full,FT_K3,positive_mean_eligible,sentences,2,2,945,0.5,0.5,0.5,0.0,0.0,1,2,2,53,0,2,0,0.49230769230769234,1.0
3,full,FT_K3,positive_mean_eligible,sentences,4,4,945,0.25,0.5,0.3333333333333333,0.0,0.0,1,4,2,96,0,4,0,0.49230769230769234,1.0
3,full,FT_K3,positive_mean_eligible,sentences,8,8,945,0.125,0.5,0.2,0.0,0.0,1,8,2,184,0,8,0,0.49230769230769234,1.0
4,full,DT_target,signed_sum,all_body_tokens,0.05,60,1184,1.0,0.3333333333333333,0.5,0.0,0.0,1,1,3,27,33,1,0,0.25961538461538464,0.6666666666666666
4,full,DT_target,signed_sum,all_body_tokens,0.1,119,1184,0.6666666666666666,0.6666666666666666,0.6666666666666666,0.0,0.0,2,3,3,105,14,3,0,0.6826923076923077,1.0
4,full,DT_target,signed_sum,all_body_tokens,0.2,237,1184,0.3333333333333333,0.6666666666666666,0.4444444444444444,0.0,0.0,2,6,3,207,30,6,0,0.6826923076923077,1.0
4,full,DT_target,signed_sum,sentences,2,2,1184,1.0,0.6666666666666666,0.8,0.0,0.0,2,2,3,71,0,2,0,0.6826923076923077,0.6666666666666666
4,full,DT_target,signed_sum,sentences,4,4,1184,0.5,0.6666666666666666,0.5714285714285715,0.0,0.0,2,4,3,135,0,4,0,0.6826923076923077,1.0
4,full,DT_target,signed_sum,sentences,8,8,1184,0.375,1.0,0.5454545454545454,0.0,1.0,3,8,3,274,0,8,0,1.0,1.0
4,full,DT_target,positive_mean_eligible,all_body_tokens,0.05,60,1184,1.0,0.3333333333333333,0.5,0.0,0.0,1,1,3,27,33,1,0,0.25961538461538464,0.6666666666666666
4,full,DT_target,positive_mean_eligible,all_body_tokens,0.1,119,1184,0.6666666666666666,0.6666666666666666,0.6666666666666666,0.0,0.0,2,3,3,101,18,3,0,0.6826923076923077,1.0
4,full,DT_target,positive_mean_eligible,all_body_tokens,0.2,237,1184,0.3333333333333333,0.6666666666666666,0.4444444444444444,0.0,0.0,2,6,3,207,30,6,0,0.6826923076923077,1.0
4,full,DT_target,positive_mean_eligible,sentences,2,2,1184,1.0,0.6666666666666666,0.8,0.0,0.0,2,2,3,71,0,2,0,0.6826923076923077,0.6666666666666666
4,full,DT_target,positive_mean_eligible,sentences,4,4,1184,0.5,0.6666666666666666,0.5714285714285715,0.0,0.0,2,4,3,135,0,4,0,0.6826923076923077,1.0
4,full,DT_target,positive_mean_eligible,sentences,8,8,1184,0.375,1.0,0.5454545454545454,0.0,1.0,3,8,3,274,0,8,0,1.0,1.0
4,full,FT_K1,signed_sum,all_body_tokens,0.05,60,1184,1.0,0.3333333333333333,0.5,0.0,0.0,1,1,3,44,16,1,0,0.4230769230769231,0.6666666666666666
4,full,FT_K1,signed_sum,all_body_tokens,0.1,119,1184,0.6666666666666666,0.6666666666666666,0.6666666666666666,0.0,0.0,2,3,3,105,14,3,0,0.6826923076923077,1.0
4,full,FT_K1,signed_sum,all_body_tokens,0.2,237,1184,0.5,1.0,0.6666666666666666,0.0,1.0,3,6,3,221,16,6,0,1.0,1.0
4,full,FT_K1,signed_sum,sentences,2,2,1184,1.0,0.6666666666666666,0.8,0.0,0.0,2,2,3,71,0,2,0,0.6826923076923077,0.6666666666666666
4,full,FT_K1,signed_sum,sentences,4,4,1184,0.75,1.0,0.8571428571428571,0.0,1.0,3,4,3,138,0,4,0,1.0,1.0
4,full,FT_K1,signed_sum,sentences,8,8,1184,0.375,1.0,0.5454545454545454,0.0,1.0,3,8,3,288,0,8,0,1.0,1.0
4,full,FT_K1,positive_mean_eligible,all_body_tokens,0.05,60,1184,1.0,0.3333333333333333,0.5,0.0,0.0,1,1,3,44,16,1,0,0.4230769230769231,0.6666666666666666
4,full,FT_K1,positive_mean_eligible,all_body_tokens,0.1,119,1184,1.0,1.0,1.0,1.0,1.0,3,3,3,104,15,3,0,1.0,1.0
4,full,FT_K1,positive_mean_eligible,all_body_tokens,0.2,237,1184,0.42857142857142855,1.0,0.6,0.0,1.0,3,7,3,225,12,7,0,1.0,1.0
4,full,FT_K1,positive_mean_eligible,sentences,2,2,1184,1.0,0.6666666666666666,0.8,0.0,0.0,2,2,3,71,0,2,0,0.6826923076923077,0.6666666666666666
4,full,FT_K1,positive_mean_eligible,sentences,4,4,1184,0.75,1.0,0.8571428571428571,0.0,1.0,3,4,3,138,0,4,0,1.0,1.0
4,full,FT_K1,positive_mean_eligible,sentences,8,8,1184,0.375,1.0,0.5454545454545454,0.0,1.0,3,8,3,239,0,8,0,1.0,1.0
4,full,FT_K3,signed_sum,all_body_tokens,0.05,60,1184,1.0,0.3333333333333333,0.5,0.0,0.0,1,1,3,44,16,1,0,0.4230769230769231,0.6666666666666666
4,full,FT_K3,signed_sum,all_body_tokens,0.1,119,1184,0.6666666666666666,0.6666666666666666,0.6666666666666666,0.0,0.0,2,3,3,105,14,3,0,0.6826923076923077,1.0
4,full,FT_K3,signed_sum,all_body_tokens,0.2,237,1184,0.5,1.0,0.6666666666666666,0.0,1.0,3,6,3,221,16,6,0,1.0,1.0
4,full,FT_K3,signed_sum,sentences,2,2,1184,1.0,0.6666666666666666,0.8,0.0,0.0,2,2,3,71,0,2,0,0.6826923076923077,0.6666666666666666
4,full,FT_K3,signed_sum,sentences,4,4,1184,0.75,1.0,0.8571428571428571,0.0,1.0,3,4,3,138,0,4,0,1.0,1.0
4,full,FT_K3,signed_sum,sentences,8,8,1184,0.375,1.0,0.5454545454545454,0.0,1.0,3,8,3,288,0,8,0,1.0,1.0
4,full,FT_K3,positive_mean_eligible,all_body_tokens,0.05,60,1184,1.0,0.3333333333333333,0.5,0.0,0.0,1,1,3,44,16,1,0,0.4230769230769231,0.6666666666666666
4,full,FT_K3,positive_mean_eligible,all_body_tokens,0.1,119,1184,1.0,1.0,1.0,1.0,1.0,3,3,3,104,15,3,0,1.0,1.0
4,full,FT_K3,positive_mean_eligible,all_body_tokens,0.2,237,1184,0.42857142857142855,1.0,0.6,0.0,1.0,3,7,3,205,32,7,0,1.0,1.0
4,full,FT_K3,positive_mean_eligible,sentences,2,2,1184,1.0,0.6666666666666666,0.8,0.0,0.0,2,2,3,71,0,2,0,0.6826923076923077,0.6666666666666666
4,full,FT_K3,positive_mean_eligible,sentences,4,4,1184,0.75,1.0,0.8571428571428571,0.0,1.0,3,4,3,138,0,4,0,1.0,1.0
4,full,FT_K3,positive_mean_eligible,sentences,8,8,1184,0.375,1.0,0.5454545454545454,0.0,1.0,3,8,3,239,0,8,0,1.0,1.0
5,full,DT_target,signed_sum,all_body_tokens,0.05,88,1747,0.6666666666666666,0.6666666666666666,0.6666666666666666,0.0,0.0,2,3,3,74,14,3,0,0.43410852713178294,0.6666666666666666
5,full,DT_target,signed_sum,all_body_tokens,0.1,175,1747,0.3333333333333333,0.6666666666666666,0.4444444444444444,0.0,0.0,2,6,3,173,2,6,0,0.43410852713178294,1.0
5,full,DT_target,signed_sum,all_body_tokens,0.2,350,1747,0.15384615384615385,0.6666666666666666,0.25,0.0,0.0,2,13,3,349,1,13,0,0.43410852713178294,1.0
5,full,DT_target,signed_sum,sentences,2,2,1747,1.0,0.6666666666666666,0.8,0.0,0.0,2,2,3,56,0,2,0,0.43410852713178294,0.6666666666666666
5,full,DT_target,signed_sum,sentences,4,4,1747,0.5,0.6666666666666666,0.5714285714285715,0.0,0.0,2,4,3,115,0,4,0,0.43410852713178294,1.0
5,full,DT_target,signed_sum,sentences,8,8,1747,0.25,0.6666666666666666,0.36363636363636365,0.0,0.0,2,8,3,213,0,8,0,0.43410852713178294,1.0
5,full,DT_target,positive_mean_eligible,all_body_tokens,0.05,88,1747,0.6666666666666666,0.6666666666666666,0.6666666666666666,0.0,0.0,2,3,3,74,14,3,0,0.43410852713178294,0.6666666666666666
5,full,DT_target,positive_mean_eligible,all_body_tokens,0.1,175,1747,0.2857142857142857,0.6666666666666666,0.4,0.0,0.0,2,7,3,172,3,7,0,0.43410852713178294,1.0
5,full,DT_target,positive_mean_eligible,all_body_tokens,0.2,350,1747,0.15384615384615385,0.6666666666666666,0.25,0.0,0.0,2,13,3,337,13,13,0,0.43410852713178294,1.0
5,full,DT_target,positive_mean_eligible,sentences,2,2,1747,1.0,0.6666666666666666,0.8,0.0,0.0,2,2,3,56,0,2,0,0.43410852713178294,0.6666666666666666
5,full,DT_target,positive_mean_eligible,sentences,4,4,1747,0.5,0.6666666666666666,0.5714285714285715,0.0,0.0,2,4,3,102,0,4,0,0.43410852713178294,1.0
5,full,DT_target,positive_mean_eligible,sentences,8,8,1747,0.25,0.6666666666666666,0.36363636363636365,0.0,0.0,2,8,3,213,0,8,0,0.43410852713178294,1.0
5,full,FT_K1,signed_sum,all_body_tokens,0.05,88,1747,0.5,0.3333333333333333,0.4,0.0,0.0,1,2,3,79,9,2,0,0.2713178294573643,0.6666666666666666
5,full,FT_K1,signed_sum,all_body_tokens,0.1,175,1747,0.4,0.6666666666666666,0.5,0.0,0.0,2,5,3,171,4,5,0,0.43410852713178294,1.0
5,full,FT_K1,signed_sum,all_body_tokens,0.2,350,1747,0.3333333333333333,1.0,0.5,0.0,1.0,3,9,3,349,1,9,0,1.0,1.0
5,full,FT_K1,signed_sum,sentences,2,2,1747,0.5,0.3333333333333333,0.4,0.0,0.0,1,2,3,79,0,2,0,0.2713178294573643,0.6666666666666666
5,full,FT_K1,signed_sum,sentences,4,4,1747,0.25,0.3333333333333333,0.28571428571428575,0.0,0.0,1,4,3,150,0,4,0,0.2713178294573643,1.0
5,full,FT_K1,signed_sum,sentences,8,8,1747,0.375,1.0,0.5454545454545454,0.0,1.0,3,8,3,303,0,8,0,1.0,1.0
5,full,FT_K1,positive_mean_eligible,all_body_tokens,0.05,88,1747,0.6666666666666666,0.6666666666666666,0.6666666666666666,0.0,0.0,2,3,3,86,2,3,0,0.43410852713178294,0.6666666666666666
5,full,FT_K1,positive_mean_eligible,all_body_tokens,0.1,175,1747,0.4,0.6666666666666666,0.5,0.0,0.0,2,5,3,146,29,5,0,0.43410852713178294,1.0
5,full,FT_K1,positive_mean_eligible,all_body_tokens,0.2,350,1747,0.16666666666666666,0.6666666666666666,0.26666666666666666,0.0,0.0,2,12,3,338,12,12,0,0.43410852713178294,1.0
5,full,FT_K1,positive_mean_eligible,sentences,2,2,1747,1.0,0.6666666666666666,0.8,0.0,0.0,2,2,3,56,0,2,0,0.43410852713178294,0.6666666666666666
5,full,FT_K1,positive_mean_eligible,sentences,4,4,1747,0.5,0.6666666666666666,0.5714285714285715,0.0,0.0,2,4,3,130,0,4,0,0.43410852713178294,1.0
5,full,FT_K1,positive_mean_eligible,sentences,8,8,1747,0.25,0.6666666666666666,0.36363636363636365,0.0,0.0,2,8,3,246,0,8,0,0.43410852713178294,1.0
5,full,FT_K3,signed_sum,all_body_tokens,0.05,88,1747,0.5,0.3333333333333333,0.4,0.0,0.0,1,2,3,79,9,2,0,0.2713178294573643,0.6666666666666666
5,full,FT_K3,signed_sum,all_body_tokens,0.1,175,1747,0.4,0.6666666666666666,0.5,0.0,0.0,2,5,3,171,4,5,0,0.43410852713178294,1.0
5,full,FT_K3,signed_sum,all_body_tokens,0.2,350,1747,0.3333333333333333,1.0,0.5,0.0,1.0,3,9,3,349,1,9,0,1.0,1.0
5,full,FT_K3,signed_sum,sentences,2,2,1747,0.5,0.3333333333333333,0.4,0.0,0.0,1,2,3,79,0,2,0,0.2713178294573643,0.6666666666666666
5,full,FT_K3,signed_sum,sentences,4,4,1747,0.25,0.3333333333333333,0.28571428571428575,0.0,0.0,1,4,3,150,0,4,0,0.2713178294573643,1.0
5,full,FT_K3,signed_sum,sentences,8,8,1747,0.375,1.0,0.5454545454545454,0.0,1.0,3,8,3,303,0,8,0,1.0,1.0
5,full,FT_K3,positive_mean_eligible,all_body_tokens,0.05,88,1747,0.6666666666666666,0.6666666666666666,0.6666666666666666,0.0,0.0,2,3,3,86,2,3,0,0.43410852713178294,0.6666666666666666
5,full,FT_K3,positive_mean_eligible,all_body_tokens,0.1,175,1747,0.4,0.6666666666666666,0.5,0.0,0.0,2,5,3,146,29,5,0,0.43410852713178294,1.0
5,full,FT_K3,positive_mean_eligible,all_body_tokens,0.2,350,1747,0.16666666666666666,0.6666666666666666,0.26666666666666666,0.0,0.0,2,12,3,338,12,12,0,0.43410852713178294,1.0
5,full,FT_K3,positive_mean_eligible,sentences,2,2,1747,1.0,0.6666666666666666,0.8,0.0,0.0,2,2,3,56,0,2,0,0.43410852713178294,0.6666666666666666
5,full,FT_K3,positive_mean_eligible,sentences,4,4,1747,0.5,0.6666666666666666,0.5714285714285715,0.0,0.0,2,4,3,130,0,4,0,0.43410852713178294,1.0
5,full,FT_K3,positive_mean_eligible,sentences,8,8,1747,0.25,0.6666666666666666,0.36363636363636365,0.0,0.0,2,8,3,246,0,8,0,0.43410852713178294,1.0
6,full,DT_target,signed_sum,all_body_tokens,0.05,63,1247,1.0,0.5,0.6666666666666666,0.0,0.0,1,1,2,52,11,1,0,0.7123287671232876,0.5
6,full,DT_target,signed_sum,all_body_tokens,0.1,125,1247,0.25,0.5,0.3333333333333333,0.0,0.0,1,4,2,114,11,4,0,0.7123287671232876,1.0
6,full,DT_target,signed_sum,all_body_tokens,0.2,250,1247,0.14285714285714285,0.5,0.22222222222222224,0.0,0.0,1,7,2,207,43,7,0,0.7123287671232876,1.0
6,full,DT_target,signed_sum,sentences,2,2,1247,0.5,0.5,0.5,0.0,0.0,1,2,2,75,0,2,0,0.7123287671232876,1.0
6,full,DT_target,signed_sum,sentences,4,4,1247,0.25,0.5,0.3333333333333333,0.0,0.0,1,4,2,114,0,4,0,0.7123287671232876,1.0
6,full,DT_target,signed_sum,sentences,8,8,1247,0.125,0.5,0.2,0.0,0.0,1,8,2,259,0,8,0,0.7123287671232876,1.0
6,full,DT_target,positive_mean_eligible,all_body_tokens,0.05,63,1247,0.3333333333333333,0.5,0.4,0.0,0.0,1,3,2,60,3,3,0,0.2876712328767123,0.5
6,full,DT_target,positive_mean_eligible,all_body_tokens,0.1,125,1247,0.2,0.5,0.28571428571428575,0.0,0.0,1,5,2,99,26,5,0,0.2876712328767123,1.0
6,full,DT_target,positive_mean_eligible,all_body_tokens,0.2,250,1247,0.18181818181818182,1.0,0.3076923076923077,0.0,1.0,2,11,2,248,2,11,0,1.0,1.0
6,full,DT_target,positive_mean_eligible,sentences,2,2,1247,0.5,0.5,0.5,0.0,0.0,1,2,2,37,0,2,0,0.2876712328767123,1.0
6,full,DT_target,positive_mean_eligible,sentences,4,4,1247,0.25,0.5,0.3333333333333333,0.0,0.0,1,4,2,83,0,4,0,0.2876712328767123,1.0
6,full,DT_target,positive_mean_eligible,sentences,8,8,1247,0.25,1.0,0.4,0.0,1.0,2,8,2,191,0,8,0,1.0,1.0
6,full,FT_K1,signed_sum,all_body_tokens,0.05,63,1247,1.0,0.5,0.6666666666666666,0.0,0.0,1,1,2,52,11,1,0,0.7123287671232876,0.5
6,full,FT_K1,signed_sum,all_body_tokens,0.1,125,1247,0.6666666666666666,1.0,0.8,0.0,1.0,2,3,2,106,19,3,0,1.0,1.0
6,full,FT_K1,signed_sum,all_body_tokens,0.2,250,1247,0.5,1.0,0.6666666666666666,0.0,1.0,2,4,2,182,68,4,0,1.0,1.0
6,full,FT_K1,signed_sum,sentences,2,2,1247,1.0,1.0,1.0,1.0,1.0,2,2,2,73,0,2,0,1.0,1.0
6,full,FT_K1,signed_sum,sentences,4,4,1247,0.5,1.0,0.6666666666666666,0.0,1.0,2,4,2,182,0,4,0,1.0,1.0
6,full,FT_K1,signed_sum,sentences,8,8,1247,0.25,1.0,0.4,0.0,1.0,2,8,2,340,0,8,0,1.0,1.0
6,full,FT_K1,positive_mean_eligible,all_body_tokens,0.05,63,1247,1.0,0.5,0.6666666666666666,0.0,0.0,1,1,2,21,42,1,0,0.2876712328767123,0.5
6,full,FT_K1,positive_mean_eligible,all_body_tokens,0.1,125,1247,0.5,1.0,0.6666666666666666,0.0,1.0,2,4,2,122,3,4,0,1.0,1.0
6,full,FT_K1,positive_mean_eligible,all_body_tokens,0.2,250,1247,0.2,1.0,0.33333333333333337,0.0,1.0,2,10,2,250,0,10,0,1.0,1.0
6,full,FT_K1,positive_mean_eligible,sentences,2,2,1247,1.0,1.0,1.0,1.0,1.0,2,2,2,73,0,2,0,1.0,1.0
6,full,FT_K1,positive_mean_eligible,sentences,4,4,1247,0.5,1.0,0.6666666666666666,0.0,1.0,2,4,2,122,0,4,0,1.0,1.0
6,full,FT_K1,positive_mean_eligible,sentences,8,8,1247,0.25,1.0,0.4,0.0,1.0,2,8,2,200,0,8,0,1.0,1.0
6,full,FT_K3,signed_sum,all_body_tokens,0.05,63,1247,1.0,0.5,0.6666666666666666,0.0,0.0,1,1,2,52,11,1,0,0.7123287671232876,0.5
6,full,FT_K3,signed_sum,all_body_tokens,0.1,125,1247,0.6666666666666666,1.0,0.8,0.0,1.0,2,3,2,106,19,3,0,1.0,1.0
6,full,FT_K3,signed_sum,all_body_tokens,0.2,250,1247,0.5,1.0,0.6666666666666666,0.0,1.0,2,4,2,182,68,4,0,1.0,1.0
6,full,FT_K3,signed_sum,sentences,2,2,1247,1.0,1.0,1.0,1.0,1.0,2,2,2,73,0,2,0,1.0,1.0
6,full,FT_K3,signed_sum,sentences,4,4,1247,0.5,1.0,0.6666666666666666,0.0,1.0,2,4,2,182,0,4,0,1.0,1.0
6,full,FT_K3,signed_sum,sentences,8,8,1247,0.25,1.0,0.4,0.0,1.0,2,8,2,340,0,8,0,1.0,1.0
6,full,FT_K3,positive_mean_eligible,all_body_tokens,0.05,63,1247,1.0,0.5,0.6666666666666666,0.0,0.0,1,1,2,21,42,1,0,0.2876712328767123,0.5
6,full,FT_K3,positive_mean_eligible,all_body_tokens,0.1,125,1247,0.5,1.0,0.6666666666666666,0.0,1.0,2,4,2,122,3,4,0,1.0,1.0
6,full,FT_K3,positive_mean_eligible,all_body_tokens,0.2,250,1247,0.2,1.0,0.33333333333333337,0.0,1.0,2,10,2,250,0,10,0,1.0,1.0
6,full,FT_K3,positive_mean_eligible,sentences,2,2,1247,1.0,1.0,1.0,1.0,1.0,2,2,2,73,0,2,0,1.0,1.0
6,full,FT_K3,positive_mean_eligible,sentences,4,4,1247,0.5,1.0,0.6666666666666666,0.0,1.0,2,4,2,122,0,4,0,1.0,1.0
6,full,FT_K3,positive_mean_eligible,sentences,8,8,1247,0.25,1.0,0.4,0.0,1.0,2,8,2,200,0,8,0,1.0,1.0
7,full,DT_target,signed_sum,all_body_tokens,0.05,52,1032,0.0,0.0,0.0,0.0,0.0,0,1,2,41,11,1,0,0.0,0.5
7,full,DT_target,signed_sum,all_body_tokens,0.1,104,1032,0.5,0.5,0.5,0.0,0.0,1,2,2,75,29,2,0,0.35051546391752575,1.0
7,full,DT_target,signed_sum,all_body_tokens,0.2,207,1032,0.25,0.5,0.3333333333333333,0.0,0.0,1,4,2,175,32,4,0,0.35051546391752575,1.0
7,full,DT_target,signed_sum,sentences,2,2,1032,0.5,0.5,0.5,0.0,0.0,1,2,2,75,0,2,0,0.35051546391752575,1.0
7,full,DT_target,signed_sum,sentences,4,4,1032,0.25,0.5,0.3333333333333333,0.0,0.0,1,4,2,175,0,4,0,0.35051546391752575,1.0
7,full,DT_target,signed_sum,sentences,8,8,1032,0.125,0.5,0.2,0.0,0.0,1,8,2,414,0,8,0,0.35051546391752575,1.0
7,full,DT_target,positive_mean_eligible,all_body_tokens,0.05,52,1032,1.0,0.5,0.6666666666666666,0.0,0.0,1,1,2,34,18,1,0,0.35051546391752575,0.5
7,full,DT_target,positive_mean_eligible,all_body_tokens,0.1,104,1032,0.5,0.5,0.5,0.0,0.0,1,2,2,75,29,2,0,0.35051546391752575,1.0
7,full,DT_target,positive_mean_eligible,all_body_tokens,0.2,207,1032,0.5,1.0,0.6666666666666666,0.0,1.0,2,4,2,170,37,4,0,1.0,1.0
7,full,DT_target,positive_mean_eligible,sentences,2,2,1032,0.5,0.5,0.5,0.0,0.0,1,2,2,75,0,2,0,0.35051546391752575,1.0
7,full,DT_target,positive_mean_eligible,sentences,4,4,1032,0.5,1.0,0.6666666666666666,0.0,1.0,2,4,2,170,0,4,0,1.0,1.0
7,full,DT_target,positive_mean_eligible,sentences,8,8,1032,0.25,1.0,0.4,0.0,1.0,2,8,2,343,0,8,0,1.0,1.0
7,full,FT_K1,signed_sum,all_body_tokens,0.05,52,1032,0.0,0.0,0.0,0.0,0.0,0,0,2,0,52,0,1,0.0,0.5
7,full,FT_K1,signed_sum,all_body_tokens,0.1,104,1032,1.0,1.0,1.0,1.0,1.0,2,2,2,97,7,2,0,1.0,1.0
7,full,FT_K1,signed_sum,all_body_tokens,0.2,207,1032,0.6666666666666666,1.0,0.8,0.0,1.0,2,3,2,138,69,3,0,1.0,1.0
7,full,FT_K1,signed_sum,sentences,2,2,1032,1.0,1.0,1.0,1.0,1.0,2,2,2,97,0,2,0,1.0,1.0
7,full,FT_K1,signed_sum,sentences,4,4,1032,0.5,1.0,0.6666666666666666,0.0,1.0,2,4,2,215,0,4,0,1.0,1.0
7,full,FT_K1,signed_sum,sentences,8,8,1032,0.25,1.0,0.4,0.0,1.0,2,8,2,374,0,8,0,1.0,1.0
7,full,FT_K1,positive_mean_eligible,all_body_tokens,0.05,52,1032,0.0,0.0,0.0,0.0,0.0,0,0,2,0,52,0,1,0.0,0.5
7,full,FT_K1,positive_mean_eligible,all_body_tokens,0.1,104,1032,1.0,1.0,1.0,1.0,1.0,2,2,2,97,7,2,0,1.0,1.0
7,full,FT_K1,positive_mean_eligible,all_body_tokens,0.2,207,1032,0.5,1.0,0.6666666666666666,0.0,1.0,2,4,2,170,37,4,0,1.0,1.0
7,full,FT_K1,positive_mean_eligible,sentences,2,2,1032,1.0,1.0,1.0,1.0,1.0,2,2,2,97,0,2,0,1.0,1.0
7,full,FT_K1,positive_mean_eligible,sentences,4,4,1032,0.5,1.0,0.6666666666666666,0.0,1.0,2,4,2,170,0,4,0,1.0,1.0
7,full,FT_K1,positive_mean_eligible,sentences,8,8,1032,0.25,1.0,0.4,0.0,1.0,2,8,2,282,0,8,0,1.0,1.0
7,full,FT_K3,signed_sum,all_body_tokens,0.05,52,1032,0.0,0.0,0.0,0.0,0.0,0,0,2,0,52,0,1,0.0,0.5
7,full,FT_K3,signed_sum,all_body_tokens,0.1,104,1032,1.0,1.0,1.0,1.0,1.0,2,2,2,97,7,2,0,1.0,1.0
7,full,FT_K3,signed_sum,all_body_tokens,0.2,207,1032,0.6666666666666666,1.0,0.8,0.0,1.0,2,3,2,138,69,3,0,1.0,1.0
7,full,FT_K3,signed_sum,sentences,2,2,1032,1.0,1.0,1.0,1.0,1.0,2,2,2,97,0,2,0,1.0,1.0
7,full,FT_K3,signed_sum,sentences,4,4,1032,0.5,1.0,0.6666666666666666,0.0,1.0,2,4,2,215,0,4,0,1.0,1.0
7,full,FT_K3,signed_sum,sentences,8,8,1032,0.25,1.0,0.4,0.0,1.0,2,8,2,374,0,8,0,1.0,1.0
7,full,FT_K3,positive_mean_eligible,all_body_tokens,0.05,52,1032,0.0,0.0,0.0,0.0,0.0,0,0,2,0,52,0,1,0.0,0.5
7,full,FT_K3,positive_mean_eligible,all_body_tokens,0.1,104,1032,1.0,1.0,1.0,1.0,1.0,2,2,2,97,7,2,0,1.0,1.0
7,full,FT_K3,positive_mean_eligible,all_body_tokens,0.2,207,1032,0.5,1.0,0.6666666666666666,0.0,1.0,2,4,2,170,37,4,0,1.0,1.0
7,full,FT_K3,positive_mean_eligible,sentences,2,2,1032,1.0,1.0,1.0,1.0,1.0,2,2,2,97,0,2,0,1.0,1.0
7,full,FT_K3,positive_mean_eligible,sentences,4,4,1032,0.5,1.0,0.6666666666666666,0.0,1.0,2,4,2,170,0,4,0,1.0,1.0
7,full,FT_K3,positive_mean_eligible,sentences,8,8,1032,0.25,1.0,0.4,0.0,1.0,2,8,2,282,0,8,0,1.0,1.0
8,full,DT_target,signed_sum,all_body_tokens,0.05,36,706,0.0,0.0,0.0,0.0,0.0,0,0,4,0,36,0,1,0.0,0.75
8,full,DT_target,signed_sum,all_body_tokens,0.1,71,706,0.6666666666666666,0.5,0.5714285714285715,0.0,0.0,2,3,4,59,12,3,0,0.7142857142857143,1.0
8,full,DT_target,signed_sum,all_body_tokens,0.2,142,706,0.4,0.5,0.4444444444444445,0.0,0.0,2,5,4,131,11,5,0,0.7142857142857143,1.0
8,full,DT_target,signed_sum,sentences,2,2,706,1.0,0.5,0.6666666666666666,0.0,0.0,2,2,4,50,0,2,0,0.7142857142857143,0.5
8,full,DT_target,signed_sum,sentences,4,4,706,0.5,0.5,0.5,0.0,0.0,2,4,4,105,0,4,0,0.7142857142857143,1.0
8,full,DT_target,signed_sum,sentences,8,8,706,0.25,0.5,0.3333333333333333,0.0,0.0,2,8,4,202,0,8,0,0.7142857142857143,1.0
8,full,DT_target,positive_mean_eligible,all_body_tokens,0.05,36,706,0.0,0.0,0.0,0.0,0.0,0,0,4,0,36,0,1,0.0,0.75
8,full,DT_target,positive_mean_eligible,all_body_tokens,0.1,71,706,0.6666666666666666,0.5,0.5714285714285715,0.0,0.0,2,3,4,59,12,3,0,0.7142857142857143,1.0
8,full,DT_target,positive_mean_eligible,all_body_tokens,0.2,142,706,0.375,0.75,0.5,0.0,0.0,3,8,4,138,4,8,0,0.9285714285714286,1.0
8,full,DT_target,positive_mean_eligible,sentences,2,2,706,1.0,0.5,0.6666666666666666,0.0,0.0,2,2,4,50,0,2,0,0.7142857142857143,0.5
8,full,DT_target,positive_mean_eligible,sentences,4,4,706,0.75,0.75,0.75,0.0,0.0,3,4,4,74,0,4,0,0.9285714285714286,1.0
8,full,DT_target,positive_mean_eligible,sentences,8,8,706,0.375,0.75,0.5,0.0,0.0,3,8,4,138,0,8,0,0.9285714285714286,1.0
8,full,FT_K1,signed_sum,all_body_tokens,0.05,36,706,0.0,0.0,0.0,0.0,0.0,0,0,4,0,36,0,1,0.0,0.75
8,full,FT_K1,signed_sum,all_body_tokens,0.1,71,706,0.6666666666666666,0.5,0.5714285714285715,0.0,0.0,2,3,4,64,7,3,0,0.7428571428571429,1.0
8,full,FT_K1,signed_sum,all_body_tokens,0.2,142,706,0.4,0.5,0.4444444444444445,0.0,0.0,2,5,4,132,10,5,0,0.7428571428571429,1.0
8,full,FT_K1,signed_sum,sentences,2,2,706,1.0,0.5,0.6666666666666666,0.0,0.0,2,2,4,52,0,2,0,0.7428571428571429,0.5
8,full,FT_K1,signed_sum,sentences,4,4,706,0.5,0.5,0.5,0.0,0.0,2,4,4,106,0,4,0,0.7428571428571429,1.0
8,full,FT_K1,signed_sum,sentences,8,8,706,0.375,0.75,0.5,0.0,0.0,3,8,4,209,0,8,0,0.9285714285714286,1.0
8,full,FT_K1,positive_mean_eligible,all_body_tokens,0.05,36,706,0.0,0.0,0.0,0.0,0.0,0,0,4,0,36,0,1,0.0,0.75
8,full,FT_K1,positive_mean_eligible,all_body_tokens,0.1,71,706,0.6666666666666666,0.5,0.5714285714285715,0.0,0.0,2,3,4,64,7,3,0,0.7428571428571429,1.0
8,full,FT_K1,positive_mean_eligible,all_body_tokens,0.2,142,706,0.5,0.75,0.6,0.0,0.0,3,6,4,112,30,6,0,0.9285714285714286,1.0
8,full,FT_K1,positive_mean_eligible,sentences,2,2,706,1.0,0.5,0.6666666666666666,0.0,0.0,2,2,4,52,0,2,0,0.7428571428571429,0.5
8,full,FT_K1,positive_mean_eligible,sentences,4,4,706,0.5,0.5,0.5,0.0,0.0,2,4,4,73,0,4,0,0.7428571428571429,1.0
8,full,FT_K1,positive_mean_eligible,sentences,8,8,706,0.375,0.75,0.5,0.0,0.0,3,8,4,165,0,8,0,0.9285714285714286,1.0
8,full,FT_K3,signed_sum,all_body_tokens,0.05,36,706,0.0,0.0,0.0,0.0,0.0,0,0,4,0,36,0,1,0.0,0.75
8,full,FT_K3,signed_sum,all_body_tokens,0.1,71,706,0.6666666666666666,0.5,0.5714285714285715,0.0,0.0,2,3,4,64,7,3,0,0.7428571428571429,1.0
8,full,FT_K3,signed_sum,all_body_tokens,0.2,142,706,0.4,0.5,0.4444444444444445,0.0,0.0,2,5,4,132,10,5,0,0.7428571428571429,1.0
8,full,FT_K3,signed_sum,sentences,2,2,706,1.0,0.5,0.6666666666666666,0.0,0.0,2,2,4,52,0,2,0,0.7428571428571429,0.5
8,full,FT_K3,signed_sum,sentences,4,4,706,0.5,0.5,0.5,0.0,0.0,2,4,4,106,0,4,0,0.7428571428571429,1.0
8,full,FT_K3,signed_sum,sentences,8,8,706,0.375,0.75,0.5,0.0,0.0,3,8,4,209,0,8,0,0.9285714285714286,1.0
8,full,FT_K3,positive_mean_eligible,all_body_tokens,0.05,36,706,0.0,0.0,0.0,0.0,0.0,0,0,4,0,36,0,1,0.0,0.75
8,full,FT_K3,positive_mean_eligible,all_body_tokens,0.1,71,706,0.6666666666666666,0.5,0.5714285714285715,0.0,0.0,2,3,4,64,7,3,0,0.7428571428571429,1.0
8,full,FT_K3,positive_mean_eligible,all_body_tokens,0.2,142,706,0.5,0.75,0.6,0.0,0.0,3,6,4,112,30,6,0,0.9285714285714286,1.0
8,full,FT_K3,positive_mean_eligible,sentences,2,2,706,1.0,0.5,0.6666666666666666,0.0,0.0,2,2,4,52,0,2,0,0.7428571428571429,0.5
8,full,FT_K3,positive_mean_eligible,sentences,4,4,706,0.5,0.5,0.5,0.0,0.0,2,4,4,73,0,4,0,0.7428571428571429,1.0
8,full,FT_K3,positive_mean_eligible,sentences,8,8,706,0.375,0.75,0.5,0.0,0.0,3,8,4,165,0,8,0,0.9285714285714286,1.0
9,full,DT_target,signed_sum,all_body_tokens,0.05,49,975,1.0,0.5,0.6666666666666666,0.0,0.0,2,2,4,47,2,2,0,0.7121212121212122,0.75
9,full,DT_target,signed_sum,all_body_tokens,0.1,98,975,0.75,0.75,0.75,0.0,0.0,3,4,4,81,17,4,0,0.9090909090909091,1.0
9,full,DT_target,signed_sum,all_body_tokens,0.2,195,975,0.42857142857142855,0.75,0.5454545454545454,0.0,0.0,3,7,4,184,11,7,0,0.9090909090909091,1.0
9,full,DT_target,signed_sum,sentences,2,2,975,1.0,0.5,0.6666666666666666,0.0,0.0,2,2,4,47,0,2,0,0.7121212121212122,0.5
9,full,DT_target,signed_sum,sentences,4,4,975,0.75,0.75,0.75,0.0,0.0,3,4,4,81,0,4,0,0.9090909090909091,1.0
9,full,DT_target,signed_sum,sentences,8,8,975,0.375,0.75,0.5,0.0,0.0,3,8,4,206,0,8,0,0.9090909090909091,1.0
9,full,DT_target,positive_mean_eligible,all_body_tokens,0.05,49,975,1.0,0.5,0.6666666666666666,0.0,0.0,2,2,4,30,19,2,0,0.45454545454545453,0.75
9,full,DT_target,positive_mean_eligible,all_body_tokens,0.1,98,975,0.75,0.75,0.75,0.0,0.0,3,4,4,81,17,4,0,0.9090909090909091,1.0
9,full,DT_target,positive_mean_eligible,all_body_tokens,0.2,195,975,0.4444444444444444,1.0,0.6153846153846153,0.0,1.0,4,9,4,183,12,9,0,1.0,1.0
9,full,DT_target,positive_mean_eligible,sentences,2,2,975,1.0,0.5,0.6666666666666666,0.0,0.0,2,2,4,30,0,2,0,0.45454545454545453,0.5
9,full,DT_target,positive_mean_eligible,sentences,4,4,975,0.75,0.75,0.75,0.0,0.0,3,4,4,81,0,4,0,0.9090909090909091,1.0
9,full,DT_target,positive_mean_eligible,sentences,8,8,975,0.5,1.0,0.6666666666666666,0.0,1.0,4,8,4,162,0,8,0,1.0,1.0
9,full,FT_K1,signed_sum,all_body_tokens,0.05,49,975,1.0,0.5,0.6666666666666666,0.0,0.0,2,2,4,47,2,2,0,0.7121212121212122,0.75
9,full,FT_K1,signed_sum,all_body_tokens,0.1,98,975,0.8,1.0,0.888888888888889,0.0,1.0,4,5,4,87,11,5,0,1.0,1.0
9,full,FT_K1,signed_sum,all_body_tokens,0.2,195,975,0.6666666666666666,1.0,0.8,0.0,1.0,4,6,4,163,32,6,0,1.0,1.0
9,full,FT_K1,signed_sum,sentences,2,2,975,1.0,0.5,0.6666666666666666,0.0,0.0,2,2,4,47,0,2,0,0.7121212121212122,0.5
9,full,FT_K1,signed_sum,sentences,4,4,975,0.75,0.75,0.75,0.0,0.0,3,4,4,81,0,4,0,0.9090909090909091,1.0
9,full,FT_K1,signed_sum,sentences,8,8,975,0.5,1.0,0.6666666666666666,0.0,1.0,4,8,4,223,0,8,0,1.0,1.0
9,full,FT_K1,positive_mean_eligible,all_body_tokens,0.05,49,975,1.0,0.5,0.6666666666666666,0.0,0.0,2,2,4,23,26,2,0,0.3484848484848485,0.75
9,full,FT_K1,positive_mean_eligible,all_body_tokens,0.1,98,975,0.8,1.0,0.888888888888889,0.0,1.0,4,5,4,87,11,5,0,1.0,1.0
9,full,FT_K1,positive_mean_eligible,all_body_tokens,0.2,195,975,0.4444444444444444,1.0,0.6153846153846153,0.0,1.0,4,9,4,195,0,9,0,1.0,1.0
9,full,FT_K1,positive_mean_eligible,sentences,2,2,975,1.0,0.5,0.6666666666666666,0.0,0.0,2,2,4,23,0,2,0,0.3484848484848485,0.5
9,full,FT_K1,positive_mean_eligible,sentences,4,4,975,1.0,1.0,1.0,1.0,1.0,4,4,4,66,0,4,0,1.0,1.0
9,full,FT_K1,positive_mean_eligible,sentences,8,8,975,0.5,1.0,0.6666666666666666,0.0,1.0,4,8,4,167,0,8,0,1.0,1.0
9,full,FT_K3,signed_sum,all_body_tokens,0.05,49,975,1.0,0.5,0.6666666666666666,0.0,0.0,2,2,4,47,2,2,0,0.7121212121212122,0.75
9,full,FT_K3,signed_sum,all_body_tokens,0.1,98,975,0.75,0.75,0.75,0.0,0.0,3,4,4,81,17,4,0,0.9090909090909091,1.0
9,full,FT_K3,signed_sum,all_body_tokens,0.2,195,975,0.6666666666666666,1.0,0.8,0.0,1.0,4,6,4,163,32,6,0,1.0,1.0
9,full,FT_K3,signed_sum,sentences,2,2,975,1.0,0.5,0.6666666666666666,0.0,0.0,2,2,4,47,0,2,0,0.7121212121212122,0.5
9,full,FT_K3,signed_sum,sentences,4,4,975,0.75,0.75,0.75,0.0,0.0,3,4,4,81,0,4,0,0.9090909090909091,1.0
9,full,FT_K3,signed_sum,sentences,8,8,975,0.5,1.0,0.6666666666666666,0.0,1.0,4,8,4,223,0,8,0,1.0,1.0
9,full,FT_K3,positive_mean_eligible,all_body_tokens,0.05,49,975,1.0,0.5,0.6666666666666666,0.0,0.0,2,2,4,47,2,2,0,0.7121212121212122,0.75
9,full,FT_K3,positive_mean_eligible,all_body_tokens,0.1,98,975,0.8,1.0,0.888888888888889,0.0,1.0,4,5,4,87,11,5,0,1.0,1.0
9,full,FT_K3,positive_mean_eligible,all_body_tokens,0.2,195,975,0.4444444444444444,1.0,0.6153846153846153,0.0,1.0,4,9,4,195,0,9,0,1.0,1.0
9,full,FT_K3,positive_mean_eligible,sentences,2,2,975,1.0,0.5,0.6666666666666666,0.0,0.0,2,2,4,47,0,2,0,0.7121212121212122,0.5
9,full,FT_K3,positive_mean_eligible,sentences,4,4,975,1.0,1.0,1.0,1.0,1.0,4,4,4,66,0,4,0,1.0,1.0
9,full,FT_K3,positive_mean_eligible,sentences,8,8,975,0.5,1.0,0.6666666666666666,0.0,1.0,4,8,4,167,0,8,0,1.0,1.0
10,full,DT_target,signed_sum,all_body_tokens,0.05,65,1289,0.0,0.0,0.0,0.0,0.0,0,0,4,0,65,0,1,0.0,0.5
10,full,DT_target,signed_sum,all_body_tokens,0.1,129,1289,0.6666666666666666,0.5,0.5714285714285715,0.0,0.0,2,3,4,129,0,3,0,0.5796178343949044,0.75
10,full,DT_target,signed_sum,all_body_tokens,0.2,258,1289,0.6666666666666666,1.0,0.8,0.0,1.0,4,6,4,219,39,6,0,1.0,1.0
10,full,DT_target,signed_sum,sentences,2,2,1289,1.0,0.5,0.6666666666666666,0.0,0.0,2,2,4,91,0,2,0,0.5796178343949044,0.5
10,full,DT_target,signed_sum,sentences,4,4,1289,0.75,0.75,0.75,0.0,0.0,3,4,4,158,0,4,0,0.7643312101910829,1.0
10,full,DT_target,signed_sum,sentences,8,8,1289,0.5,1.0,0.6666666666666666,0.0,1.0,4,8,4,346,0,8,0,1.0,1.0
10,full,DT_target,positive_mean_eligible,all_body_tokens,0.05,65,1289,1.0,0.25,0.4,0.0,0.0,1,1,4,20,45,1,0,0.12738853503184713,0.5
10,full,DT_target,positive_mean_eligible,all_body_tokens,0.1,129,1289,1.0,0.75,0.8571428571428571,0.0,0.0,3,3,4,120,9,3,0,0.7643312101910829,0.75
10,full,DT_target,positive_mean_eligible,all_body_tokens,0.2,258,1289,0.5,1.0,0.6666666666666666,0.0,1.0,4,8,4,242,16,8,0,1.0,1.0
10,full,DT_target,positive_mean_eligible,sentences,2,2,1289,1.0,0.5,0.6666666666666666,0.0,0.0,2,2,4,91,0,2,0,0.5796178343949044,0.5
10,full,DT_target,positive_mean_eligible,sentences,4,4,1289,0.75,0.75,0.75,0.0,0.0,3,4,4,158,0,4,0,0.7643312101910829,1.0
10,full,DT_target,positive_mean_eligible,sentences,8,8,1289,0.5,1.0,0.6666666666666666,0.0,1.0,4,8,4,242,0,8,0,1.0,1.0
10,full,FT_K1,signed_sum,all_body_tokens,0.05,65,1289,0.0,0.0,0.0,0.0,0.0,0,0,4,0,65,0,1,0.0,0.5
10,full,FT_K1,signed_sum,all_body_tokens,0.1,129,1289,1.0,0.75,0.8571428571428571,0.0,0.0,3,3,4,128,1,3,0,0.8152866242038217,0.75
10,full,FT_K1,signed_sum,all_body_tokens,0.2,258,1289,0.6666666666666666,1.0,0.8,0.0,1.0,4,6,4,242,16,6,0,1.0,1.0
10,full,FT_K1,signed_sum,sentences,2,2,1289,1.0,0.5,0.6666666666666666,0.0,0.0,2,2,4,91,0,2,0,0.5796178343949044,0.5
10,full,FT_K1,signed_sum,sentences,4,4,1289,1.0,1.0,1.0,1.0,1.0,4,4,4,157,0,4,0,1.0,1.0
10,full,FT_K1,signed_sum,sentences,8,8,1289,0.5,1.0,0.6666666666666666,0.0,1.0,4,8,4,368,0,8,0,1.0,1.0
10,full,FT_K1,positive_mean_eligible,all_body_tokens,0.05,65,1289,1.0,0.25,0.4,0.0,0.0,1,1,4,20,45,1,0,0.12738853503184713,0.5
10,full,FT_K1,positive_mean_eligible,all_body_tokens,0.1,129,1289,1.0,0.75,0.8571428571428571,0.0,0.0,3,3,4,128,1,3,0,0.8152866242038217,0.75
10,full,FT_K1,positive_mean_eligible,all_body_tokens,0.2,258,1289,0.5714285714285714,1.0,0.7272727272727273,0.0,1.0,4,7,4,244,14,7,0,1.0,1.0
10,full,FT_K1,positive_mean_eligible,sentences,2,2,1289,1.0,0.5,0.6666666666666666,0.0,0.0,2,2,4,91,0,2,0,0.5796178343949044,0.5
10,full,FT_K1,positive_mean_eligible,sentences,4,4,1289,1.0,1.0,1.0,1.0,1.0,4,4,4,157,0,4,0,1.0,1.0
10,full,FT_K1,positive_mean_eligible,sentences,8,8,1289,0.5,1.0,0.6666666666666666,0.0,1.0,4,8,4,291,0,8,0,1.0,1.0
10,full,FT_K3,signed_sum,all_body_tokens,0.05,65,1289,0.0,0.0,0.0,0.0,0.0,0,0,4,0,65,0,1,0.0,0.5
10,full,FT_K3,signed_sum,all_body_tokens,0.1,129,1289,1.0,0.75,0.8571428571428571,0.0,0.0,3,3,4,128,1,3,0,0.8152866242038217,0.75
10,full,FT_K3,signed_sum,all_body_tokens,0.2,258,1289,0.6666666666666666,1.0,0.8,0.0,1.0,4,6,4,242,16,6,0,1.0,1.0
10,full,FT_K3,signed_sum,sentences,2,2,1289,1.0,0.5,0.6666666666666666,0.0,0.0,2,2,4,91,0,2,0,0.5796178343949044,0.5
10,full,FT_K3,signed_sum,sentences,4,4,1289,1.0,1.0,1.0,1.0,1.0,4,4,4,157,0,4,0,1.0,1.0
10,full,FT_K3,signed_sum,sentences,8,8,1289,0.5,1.0,0.6666666666666666,0.0,1.0,4,8,4,368,0,8,0,1.0,1.0
10,full,FT_K3,positive_mean_eligible,all_body_tokens,0.05,65,1289,1.0,0.25,0.4,0.0,0.0,1,1,4,20,45,1,0,0.12738853503184713,0.5
10,full,FT_K3,positive_mean_eligible,all_body_tokens,0.1,129,1289,1.0,0.75,0.8571428571428571,0.0,0.0,3,3,4,128,1,3,0,0.8152866242038217,0.75
10,full,FT_K3,positive_mean_eligible,all_body_tokens,0.2,258,1289,0.5714285714285714,1.0,0.7272727272727273,0.0,1.0,4,7,4,244,14,7,0,1.0,1.0
10,full,FT_K3,positive_mean_eligible,sentences,2,2,1289,1.0,0.5,0.6666666666666666,0.0,0.0,2,2,4,91,0,2,0,0.5796178343949044,0.5
10,full,FT_K3,positive_mean_eligible,sentences,4,4,1289,1.0,1.0,1.0,1.0,1.0,4,4,4,157,0,4,0,1.0,1.0
10,full,FT_K3,positive_mean_eligible,sentences,8,8,1289,0.5,1.0,0.6666666666666666,0.0,1.0,4,8,4,291,0,8,0,1.0,1.0
11,full,DT_target,signed_sum,all_body_tokens,0.05,44,862,0.0,0.0,0.0,0.0,0.0,0,0,2,0,44,0,1,0.0,0.5
11,full,DT_target,signed_sum,all_body_tokens,0.1,87,862,1.0,0.5,0.6666666666666666,0.0,0.0,1,1,2,81,6,1,0,0.7570093457943925,0.5
11,full,DT_target,signed_sum,all_body_tokens,0.2,173,862,0.5,1.0,0.6666666666666666,0.0,1.0,2,4,2,166,7,4,0,1.0,1.0
11,full,DT_target,signed_sum,sentences,2,2,862,1.0,1.0,1.0,1.0,1.0,2,2,2,107,0,2,0,1.0,1.0
11,full,DT_target,signed_sum,sentences,4,4,862,0.5,1.0,0.6666666666666666,0.0,1.0,2,4,2,166,0,4,0,1.0,1.0
11,full,DT_target,signed_sum,sentences,8,8,862,0.25,1.0,0.4,0.0,1.0,2,8,2,316,0,8,0,1.0,1.0
11,full,DT_target,positive_mean_eligible,all_body_tokens,0.05,44,862,1.0,0.5,0.6666666666666666,0.0,0.0,1,1,2,26,18,1,0,0.24299065420560748,0.5
11,full,DT_target,positive_mean_eligible,all_body_tokens,0.1,87,862,1.0,0.5,0.6666666666666666,0.0,0.0,1,1,2,26,61,1,0,0.24299065420560748,0.5
11,full,DT_target,positive_mean_eligible,all_body_tokens,0.2,173,862,0.5,1.0,0.6666666666666666,0.0,1.0,2,4,2,166,7,4,0,1.0,1.0
11,full,DT_target,positive_mean_eligible,sentences,2,2,862,1.0,1.0,1.0,1.0,1.0,2,2,2,107,0,2,0,1.0,1.0
11,full,DT_target,positive_mean_eligible,sentences,4,4,862,0.5,1.0,0.6666666666666666,0.0,1.0,2,4,2,166,0,4,0,1.0,1.0
11,full,DT_target,positive_mean_eligible,sentences,8,8,862,0.25,1.0,0.4,0.0,1.0,2,8,2,291,0,8,0,1.0,1.0
11,full,FT_K1,signed_sum,all_body_tokens,0.05,44,862,0.0,0.0,0.0,0.0,0.0,0,0,2,0,44,0,1,0.0,0.5
11,full,FT_K1,signed_sum,all_body_tokens,0.1,87,862,1.0,0.5,0.6666666666666666,0.0,0.0,1,1,2,81,6,1,0,0.7570093457943925,0.5
11,full,FT_K1,signed_sum,all_body_tokens,0.2,173,862,0.6666666666666666,1.0,0.8,0.0,1.0,2,3,2,136,37,3,0,1.0,1.0
11,full,FT_K1,signed_sum,sentences,2,2,862,1.0,1.0,1.0,1.0,1.0,2,2,2,107,0,2,0,1.0,1.0
11,full,FT_K1,signed_sum,sentences,4,4,862,0.5,1.0,0.6666666666666666,0.0,1.0,2,4,2,202,0,4,0,1.0,1.0
11,full,FT_K1,signed_sum,sentences,8,8,862,0.25,1.0,0.4,0.0,1.0,2,8,2,336,0,8,0,1.0,1.0
11,full,FT_K1,positive_mean_eligible,all_body_tokens,0.05,44,862,1.0,0.5,0.6666666666666666,0.0,0.0,1,1,2,26,18,1,0,0.24299065420560748,0.5
11,full,FT_K1,positive_mean_eligible,all_body_tokens,0.1,87,862,1.0,0.5,0.6666666666666666,0.0,0.0,1,1,2,26,61,1,0,0.24299065420560748,0.5
11,full,FT_K1,positive_mean_eligible,all_body_tokens,0.2,173,862,0.5,1.0,0.6666666666666666,0.0,1.0,2,4,2,160,13,4,0,1.0,1.0
11,full,FT_K1,positive_mean_eligible,sentences,2,2,862,1.0,1.0,1.0,1.0,1.0,2,2,2,107,0,2,0,1.0,1.0
11,full,FT_K1,positive_mean_eligible,sentences,4,4,862,0.5,1.0,0.6666666666666666,0.0,1.0,2,4,2,160,0,4,0,1.0,1.0
11,full,FT_K1,positive_mean_eligible,sentences,8,8,862,0.25,1.0,0.4,0.0,1.0,2,8,2,287,0,8,0,1.0,1.0
11,full,FT_K3,signed_sum,all_body_tokens,0.05,44,862,0.0,0.0,0.0,0.0,0.0,0,0,2,0,44,0,1,0.0,0.5
11,full,FT_K3,signed_sum,all_body_tokens,0.1,87,862,1.0,0.5,0.6666666666666666,0.0,0.0,1,1,2,81,6,1,0,0.7570093457943925,0.5
11,full,FT_K3,signed_sum,all_body_tokens,0.2,173,862,0.6666666666666666,1.0,0.8,0.0,1.0,2,3,2,136,37,3,0,1.0,1.0
11,full,FT_K3,signed_sum,sentences,2,2,862,1.0,1.0,1.0,1.0,1.0,2,2,2,107,0,2,0,1.0,1.0
11,full,FT_K3,signed_sum,sentences,4,4,862,0.5,1.0,0.6666666666666666,0.0,1.0,2,4,2,202,0,4,0,1.0,1.0
11,full,FT_K3,signed_sum,sentences,8,8,862,0.25,1.0,0.4,0.0,1.0,2,8,2,336,0,8,0,1.0,1.0
11,full,FT_K3,positive_mean_eligible,all_body_tokens,0.05,44,862,0.0,0.0,0.0,0.0,0.0,0,0,2,0,44,0,1,0.0,0.5
11,full,FT_K3,positive_mean_eligible,all_body_tokens,0.1,87,862,1.0,0.5,0.6666666666666666,0.0,0.0,1,1,2,81,6,1,0,0.7570093457943925,0.5
11,full,FT_K3,positive_mean_eligible,all_body_tokens,0.2,173,862,0.5,1.0,0.6666666666666666,0.0,1.0,2,4,2,160,13,4,0,1.0,1.0
11,full,FT_K3,positive_mean_eligible,sentences,2,2,862,1.0,1.0,1.0,1.0,1.0,2,2,2,107,0,2,0,1.0,1.0
11,full,FT_K3,positive_mean_eligible,sentences,4,4,862,0.5,1.0,0.6666666666666666,0.0,1.0,2,4,2,160,0,4,0,1.0,1.0
11,full,FT_K3,positive_mean_eligible,sentences,8,8,862,0.25,1.0,0.4,0.0,1.0,2,8,2,287,0,8,0,1.0,1.0
12,full,DT_target,signed_sum,all_body_tokens,0.05,96,1903,1.0,1.0,1.0,1.0,1.0,2,2,2,67,29,2,0,1.0,1.0
12,full,DT_target,signed_sum,all_body_tokens,0.1,191,1903,0.5,1.0,0.6666666666666666,0.0,1.0,2,4,2,163,28,4,0,1.0,1.0
12,full,DT_target,signed_sum,all_body_tokens,0.2,381,1903,0.25,1.0,0.4,0.0,1.0,2,8,2,365,16,8,0,1.0,1.0
12,full,DT_target,signed_sum,sentences,2,2,1903,1.0,1.0,1.0,1.0,1.0,2,2,2,67,0,2,0,1.0,1.0
12,full,DT_target,signed_sum,sentences,4,4,1903,0.5,1.0,0.6666666666666666,0.0,1.0,2,4,2,163,0,4,0,1.0,1.0
12,full,DT_target,signed_sum,sentences,8,8,1903,0.25,1.0,0.4,0.0,1.0,2,8,2,365,0,8,0,1.0,1.0
12,full,DT_target,positive_mean_eligible,all_body_tokens,0.05,96,1903,1.0,1.0,1.0,1.0,1.0,2,2,2,67,29,2,0,1.0,1.0
12,full,DT_target,positive_mean_eligible,all_body_tokens,0.1,191,1903,0.3333333333333333,1.0,0.5,0.0,1.0,2,6,2,191,0,6,0,1.0,1.0
12,full,DT_target,positive_mean_eligible,all_body_tokens,0.2,381,1903,0.18181818181818182,1.0,0.3076923076923077,0.0,1.0,2,11,2,341,40,11,0,1.0,1.0
12,full,DT_target,positive_mean_eligible,sentences,2,2,1903,1.0,1.0,1.0,1.0,1.0,2,2,2,67,0,2,0,1.0,1.0
12,full,DT_target,positive_mean_eligible,sentences,4,4,1903,0.5,1.0,0.6666666666666666,0.0,1.0,2,4,2,117,0,4,0,1.0,1.0
12,full,DT_target,positive_mean_eligible,sentences,8,8,1903,0.25,1.0,0.4,0.0,1.0,2,8,2,298,0,8,0,1.0,1.0
12,full,FT_K1,signed_sum,all_body_tokens,0.05,96,1903,1.0,1.0,1.0,1.0,1.0,2,2,2,67,29,2,0,1.0,1.0
12,full,FT_K1,signed_sum,all_body_tokens,0.1,191,1903,0.5,1.0,0.6666666666666666,0.0,1.0,2,4,2,184,7,4,0,1.0,1.0
12,full,FT_K1,signed_sum,all_body_tokens,0.2,381,1903,0.25,1.0,0.4,0.0,1.0,2,8,2,376,5,8,0,1.0,1.0
12,full,FT_K1,signed_sum,sentences,2,2,1903,1.0,1.0,1.0,1.0,1.0,2,2,2,67,0,2,0,1.0,1.0
12,full,FT_K1,signed_sum,sentences,4,4,1903,0.5,1.0,0.6666666666666666,0.0,1.0,2,4,2,184,0,4,0,1.0,1.0
12,full,FT_K1,signed_sum,sentences,8,8,1903,0.25,1.0,0.4,0.0,1.0,2,8,2,376,0,8,0,1.0,1.0
12,full,FT_K1,positive_mean_eligible,all_body_tokens,0.05,96,1903,0.6666666666666666,1.0,0.8,0.0,1.0,2,3,2,80,16,3,0,1.0,1.0
12,full,FT_K1,positive_mean_eligible,all_body_tokens,0.1,191,1903,0.3333333333333333,1.0,0.5,0.0,1.0,2,6,2,166,25,6,0,1.0,1.0
12,full,FT_K1,positive_mean_eligible,all_body_tokens,0.2,381,1903,0.18181818181818182,1.0,0.3076923076923077,0.0,1.0,2,11,2,356,25,11,0,1.0,1.0
12,full,FT_K1,positive_mean_eligible,sentences,2,2,1903,1.0,1.0,1.0,1.0,1.0,2,2,2,67,0,2,0,1.0,1.0
12,full,FT_K1,positive_mean_eligible,sentences,4,4,1903,0.5,1.0,0.6666666666666666,0.0,1.0,2,4,2,119,0,4,0,1.0,1.0
12,full,FT_K1,positive_mean_eligible,sentences,8,8,1903,0.25,1.0,0.4,0.0,1.0,2,8,2,294,0,8,0,1.0,1.0
12,full,FT_K3,signed_sum,all_body_tokens,0.05,96,1903,1.0,1.0,1.0,1.0,1.0,2,2,2,67,29,2,0,1.0,1.0
12,full,FT_K3,signed_sum,all_body_tokens,0.1,191,1903,0.5,1.0,0.6666666666666666,0.0,1.0,2,4,2,184,7,4,0,1.0,1.0
12,full,FT_K3,signed_sum,all_body_tokens,0.2,381,1903,0.25,1.0,0.4,0.0,1.0,2,8,2,376,5,8,0,1.0,1.0
12,full,FT_K3,signed_sum,sentences,2,2,1903,1.0,1.0,1.0,1.0,1.0,2,2,2,67,0,2,0,1.0,1.0
12,full,FT_K3,signed_sum,sentences,4,4,1903,0.5,1.0,0.6666666666666666,0.0,1.0,2,4,2,184,0,4,0,1.0,1.0
12,full,FT_K3,signed_sum,sentences,8,8,1903,0.25,1.0,0.4,0.0,1.0,2,8,2,376,0,8,0,1.0,1.0
12,full,FT_K3,positive_mean_eligible,all_body_tokens,0.05,96,1903,0.6666666666666666,1.0,0.8,0.0,1.0,2,3,2,80,16,3,0,1.0,1.0
12,full,FT_K3,positive_mean_eligible,all_body_tokens,0.1,191,1903,0.3333333333333333,1.0,0.5,0.0,1.0,2,6,2,166,25,6,0,1.0,1.0
12,full,FT_K3,positive_mean_eligible,all_body_tokens,0.2,381,1903,0.18181818181818182,1.0,0.3076923076923077,0.0,1.0,2,11,2,356,25,11,0,1.0,1.0
12,full,FT_K3,positive_mean_eligible,sentences,2,2,1903,1.0,1.0,1.0,1.0,1.0,2,2,2,67,0,2,0,1.0,1.0
12,full,FT_K3,positive_mean_eligible,sentences,4,4,1903,0.5,1.0,0.6666666666666666,0.0,1.0,2,4,2,119,0,4,0,1.0,1.0
12,full,FT_K3,positive_mean_eligible,sentences,8,8,1903,0.25,1.0,0.4,0.0,1.0,2,8,2,294,0,8,0,1.0,1.0
13,full,DT_target,signed_sum,all_body_tokens,0.05,87,1733,1.0,0.5,0.6666666666666666,0.0,0.0,1,1,2,31,56,1,0,0.32978723404255317,0.5
13,full,DT_target,signed_sum,all_body_tokens,0.1,174,1733,0.6666666666666666,1.0,0.8,0.0,1.0,2,3,2,173,1,3,0,1.0,1.0
13,full,DT_target,signed_sum,all_body_tokens,0.2,347,1733,0.3333333333333333,1.0,0.5,0.0,1.0,2,6,2,301,46,6,0,1.0,1.0
13,full,DT_target,signed_sum,sentences,2,2,1733,0.5,0.5,0.5,0.0,0.0,1,2,2,110,0,2,0,0.32978723404255317,1.0
13,full,DT_target,signed_sum,sentences,4,4,1733,0.5,1.0,0.6666666666666666,0.0,1.0,2,4,2,229,0,4,0,1.0,1.0
13,full,DT_target,signed_sum,sentences,8,8,1733,0.25,1.0,0.4,0.0,1.0,2,8,2,433,0,8,0,1.0,1.0
13,full,DT_target,positive_mean_eligible,all_body_tokens,0.05,87,1733,0.5,0.5,0.5,0.0,0.0,1,2,2,45,42,2,0,0.32978723404255317,0.5
13,full,DT_target,positive_mean_eligible,all_body_tokens,0.1,174,1733,0.2,0.5,0.28571428571428575,0.0,0.0,1,5,2,140,34,5,0,0.32978723404255317,1.0
13,full,DT_target,positive_mean_eligible,all_body_tokens,0.2,347,1733,0.2,1.0,0.33333333333333337,0.0,1.0,2,10,2,321,26,10,0,1.0,1.0
13,full,DT_target,positive_mean_eligible,sentences,2,2,1733,0.5,0.5,0.5,0.0,0.0,1,2,2,45,0,2,0,0.32978723404255317,1.0
13,full,DT_target,positive_mean_eligible,sentences,4,4,1733,0.25,0.5,0.3333333333333333,0.0,0.0,1,4,2,121,0,4,0,0.32978723404255317,1.0
13,full,DT_target,positive_mean_eligible,sentences,8,8,1733,0.25,1.0,0.4,0.0,1.0,2,8,2,275,0,8,0,1.0,1.0
13,full,FT_K1,signed_sum,all_body_tokens,0.05,87,1733,0.5,0.5,0.5,0.0,0.0,1,2,2,87,0,2,0,0.32978723404255317,0.5
13,full,FT_K1,signed_sum,all_body_tokens,0.1,174,1733,0.3333333333333333,0.5,0.4,0.0,0.0,1,3,2,166,8,3,0,0.32978723404255317,1.0
13,full,FT_K1,signed_sum,all_body_tokens,0.2,347,1733,0.4,1.0,0.5714285714285715,0.0,1.0,2,5,2,308,39,5,0,1.0,1.0
13,full,FT_K1,signed_sum,sentences,2,2,1733,0.5,0.5,0.5,0.0,0.0,1,2,2,87,0,2,0,0.32978723404255317,1.0
13,full,FT_K1,signed_sum,sentences,4,4,1733,0.25,0.5,0.3333333333333333,0.0,0.0,1,4,2,245,0,4,0,0.32978723404255317,1.0
13,full,FT_K1,signed_sum,sentences,8,8,1733,0.25,1.0,0.4,0.0,1.0,2,8,2,482,0,8,0,1.0,1.0
13,full,FT_K1,positive_mean_eligible,all_body_tokens,0.05,87,1733,0.5,0.5,0.5,0.0,0.0,1,2,2,87,0,2,0,0.32978723404255317,0.5
13,full,FT_K1,positive_mean_eligible,all_body_tokens,0.1,174,1733,0.2,0.5,0.28571428571428575,0.0,0.0,1,5,2,158,16,5,0,0.32978723404255317,1.0
13,full,FT_K1,positive_mean_eligible,all_body_tokens,0.2,347,1733,0.125,0.5,0.2,0.0,0.0,1,8,2,340,7,8,0,0.32978723404255317,1.0
13,full,FT_K1,positive_mean_eligible,sentences,2,2,1733,0.5,0.5,0.5,0.0,0.0,1,2,2,87,0,2,0,0.32978723404255317,1.0
13,full,FT_K1,positive_mean_eligible,sentences,4,4,1733,0.25,0.5,0.3333333333333333,0.0,0.0,1,4,2,144,0,4,0,0.32978723404255317,1.0
13,full,FT_K1,positive_mean_eligible,sentences,8,8,1733,0.125,0.5,0.2,0.0,0.0,1,8,2,340,0,8,0,0.32978723404255317,1.0
13,full,FT_K3,signed_sum,all_body_tokens,0.05,87,1733,0.5,0.5,0.5,0.0,0.0,1,2,2,87,0,2,0,0.32978723404255317,0.5
13,full,FT_K3,signed_sum,all_body_tokens,0.1,174,1733,0.3333333333333333,0.5,0.4,0.0,0.0,1,3,2,166,8,3,0,0.32978723404255317,1.0
13,full,FT_K3,signed_sum,all_body_tokens,0.2,347,1733,0.4,1.0,0.5714285714285715,0.0,1.0,2,5,2,308,39,5,0,1.0,1.0
13,full,FT_K3,signed_sum,sentences,2,2,1733,0.5,0.5,0.5,0.0,0.0,1,2,2,87,0,2,0,0.32978723404255317,1.0
13,full,FT_K3,signed_sum,sentences,4,4,1733,0.25,0.5,0.3333333333333333,0.0,0.0,1,4,2,245,0,4,0,0.32978723404255317,1.0
13,full,FT_K3,signed_sum,sentences,8,8,1733,0.25,1.0,0.4,0.0,1.0,2,8,2,482,0,8,0,1.0,1.0
13,full,FT_K3,positive_mean_eligible,all_body_tokens,0.05,87,1733,0.5,0.5,0.5,0.0,0.0,1,2,2,87,0,2,0,0.32978723404255317,0.5
13,full,FT_K3,positive_mean_eligible,all_body_tokens,0.1,174,1733,0.2,0.5,0.28571428571428575,0.0,0.0,1,5,2,158,16,5,0,0.32978723404255317,1.0
13,full,FT_K3,positive_mean_eligible,all_body_tokens,0.2,347,1733,0.125,0.5,0.2,0.0,0.0,1,8,2,340,7,8,0,0.32978723404255317,1.0
13,full,FT_K3,positive_mean_eligible,sentences,2,2,1733,0.5,0.5,0.5,0.0,0.0,1,2,2,87,0,2,0,0.32978723404255317,1.0
13,full,FT_K3,positive_mean_eligible,sentences,4,4,1733,0.25,0.5,0.3333333333333333,0.0,0.0,1,4,2,144,0,4,0,0.32978723404255317,1.0
13,full,FT_K3,positive_mean_eligible,sentences,8,8,1733,0.125,0.5,0.2,0.0,0.0,1,8,2,340,0,8,0,0.32978723404255317,1.0
14,full,DT_target,signed_sum,all_body_tokens,0.05,67,1331,1.0,0.5,0.6666666666666666,0.0,0.0,1,1,2,39,28,1,0,0.48148148148148145,0.5
14,full,DT_target,signed_sum,all_body_tokens,0.1,134,1331,0.3333333333333333,0.5,0.4,0.0,0.0,1,3,2,120,14,3,0,0.48148148148148145,1.0
14,full,DT_target,signed_sum,all_body_tokens,0.2,267,1331,0.3333333333333333,1.0,0.5,0.0,1.0,2,6,2,230,37,6,0,1.0,1.0
14,full,DT_target,signed_sum,sentences,2,2,1331,0.5,0.5,0.5,0.0,0.0,1,2,2,82,0,2,0,0.48148148148148145,1.0
14,full,DT_target,signed_sum,sentences,4,4,1331,0.5,1.0,0.6666666666666666,0.0,1.0,2,4,2,162,0,4,0,1.0,1.0
14,full,DT_target,signed_sum,sentences,8,8,1331,0.25,1.0,0.4,0.0,1.0,2,8,2,316,0,8,0,1.0,1.0
14,full,DT_target,positive_mean_eligible,all_body_tokens,0.05,67,1331,1.0,0.5,0.6666666666666666,0.0,0.0,1,1,2,39,28,1,0,0.48148148148148145,0.5
14,full,DT_target,positive_mean_eligible,all_body_tokens,0.1,134,1331,0.3333333333333333,0.5,0.4,0.0,0.0,1,3,2,120,14,3,0,0.48148148148148145,1.0
14,full,DT_target,positive_mean_eligible,all_body_tokens,0.2,267,1331,0.2857142857142857,1.0,0.4444444444444445,0.0,1.0,2,7,2,257,10,7,0,1.0,1.0
14,full,DT_target,positive_mean_eligible,sentences,2,2,1331,0.5,0.5,0.5,0.0,0.0,1,2,2,82,0,2,0,0.48148148148148145,1.0
14,full,DT_target,positive_mean_eligible,sentences,4,4,1331,0.25,0.5,0.3333333333333333,0.0,0.0,1,4,2,145,0,4,0,0.48148148148148145,1.0
14,full,DT_target,positive_mean_eligible,sentences,8,8,1331,0.25,1.0,0.4,0.0,1.0,2,8,2,291,0,8,0,1.0,1.0
14,full,FT_K1,signed_sum,all_body_tokens,0.05,67,1331,1.0,0.5,0.6666666666666666,0.0,0.0,1,1,2,39,28,1,0,0.48148148148148145,0.5
14,full,FT_K1,signed_sum,all_body_tokens,0.1,134,1331,0.6666666666666666,1.0,0.8,0.0,1.0,2,3,2,124,10,3,0,1.0,1.0
14,full,FT_K1,signed_sum,all_body_tokens,0.2,267,1331,0.3333333333333333,1.0,0.5,0.0,1.0,2,6,2,239,28,6,0,1.0,1.0
14,full,FT_K1,signed_sum,sentences,2,2,1331,1.0,1.0,1.0,1.0,1.0,2,2,2,81,0,2,0,1.0,1.0
14,full,FT_K1,signed_sum,sentences,4,4,1331,0.5,1.0,0.6666666666666666,0.0,1.0,2,4,2,151,0,4,0,1.0,1.0
14,full,FT_K1,signed_sum,sentences,8,8,1331,0.25,1.0,0.4,0.0,1.0,2,8,2,320,0,8,0,1.0,1.0
14,full,FT_K1,positive_mean_eligible,all_body_tokens,0.05,67,1331,0.5,0.5,0.5,0.0,0.0,1,2,2,66,1,2,0,0.48148148148148145,0.5
14,full,FT_K1,positive_mean_eligible,all_body_tokens,0.1,134,1331,0.3333333333333333,0.5,0.4,0.0,0.0,1,3,2,109,25,3,0,0.48148148148148145,1.0
14,full,FT_K1,positive_mean_eligible,all_body_tokens,0.2,267,1331,0.2857142857142857,1.0,0.4444444444444445,0.0,1.0,2,7,2,248,19,7,0,1.0,1.0
14,full,FT_K1,positive_mean_eligible,sentences,2,2,1331,0.5,0.5,0.5,0.0,0.0,1,2,2,66,0,2,0,0.48148148148148145,1.0
14,full,FT_K1,positive_mean_eligible,sentences,4,4,1331,0.5,1.0,0.6666666666666666,0.0,1.0,2,4,2,151,0,4,0,1.0,1.0
14,full,FT_K1,positive_mean_eligible,sentences,8,8,1331,0.25,1.0,0.4,0.0,1.0,2,8,2,298,0,8,0,1.0,1.0
14,full,FT_K3,signed_sum,all_body_tokens,0.05,67,1331,1.0,0.5,0.6666666666666666,0.0,0.0,1,1,2,39,28,1,0,0.48148148148148145,0.5
14,full,FT_K3,signed_sum,all_body_tokens,0.1,134,1331,0.6666666666666666,1.0,0.8,0.0,1.0,2,3,2,124,10,3,0,1.0,1.0
14,full,FT_K3,signed_sum,all_body_tokens,0.2,267,1331,0.3333333333333333,1.0,0.5,0.0,1.0,2,6,2,239,28,6,0,1.0,1.0
14,full,FT_K3,signed_sum,sentences,2,2,1331,0.5,0.5,0.5,0.0,0.0,1,2,2,82,0,2,0,0.48148148148148145,1.0
14,full,FT_K3,signed_sum,sentences,4,4,1331,0.5,1.0,0.6666666666666666,0.0,1.0,2,4,2,151,0,4,0,1.0,1.0
14,full,FT_K3,signed_sum,sentences,8,8,1331,0.25,1.0,0.4,0.0,1.0,2,8,2,320,0,8,0,1.0,1.0
14,full,FT_K3,positive_mean_eligible,all_body_tokens,0.05,67,1331,0.5,0.5,0.5,0.0,0.0,1,2,2,66,1,2,0,0.48148148148148145,0.5
14,full,FT_K3,positive_mean_eligible,all_body_tokens,0.1,134,1331,0.3333333333333333,0.5,0.4,0.0,0.0,1,3,2,109,25,3,0,0.48148148148148145,1.0
14,full,FT_K3,positive_mean_eligible,all_body_tokens,0.2,267,1331,0.2857142857142857,1.0,0.4444444444444445,0.0,1.0,2,7,2,248,19,7,0,1.0,1.0
14,full,FT_K3,positive_mean_eligible,sentences,2,2,1331,0.5,0.5,0.5,0.0,0.0,1,2,2,66,0,2,0,0.48148148148148145,1.0
14,full,FT_K3,positive_mean_eligible,sentences,4,4,1331,0.5,1.0,0.6666666666666666,0.0,1.0,2,4,2,151,0,4,0,1.0,1.0
14,full,FT_K3,positive_mean_eligible,sentences,8,8,1331,0.25,1.0,0.4,0.0,1.0,2,8,2,298,0,8,0,1.0,1.0
15,full,DT_target,signed_sum,all_body_tokens,0.05,63,1244,1.0,0.5,0.6666666666666666,0.0,0.0,2,2,4,53,10,2,0,0.45689655172413796,0.5
15,full,DT_target,signed_sum,all_body_tokens,0.1,125,1244,0.6,0.75,0.6666666666666665,0.0,0.0,3,5,4,111,14,5,0,0.5948275862068966,1.0
15,full,DT_target,signed_sum,all_body_tokens,0.2,249,1244,0.4,1.0,0.5714285714285715,0.0,1.0,4,10,4,247,2,10,0,1.0,1.0
15,full,DT_target,signed_sum,sentences,2,2,1244,1.0,0.5,0.6666666666666666,0.0,0.0,2,2,4,53,0,2,0,0.45689655172413796,0.5
15,full,DT_target,signed_sum,sentences,4,4,1244,0.75,0.75,0.75,0.0,0.0,3,4,4,88,0,4,0,0.5948275862068966,1.0
15,full,DT_target,signed_sum,sentences,8,8,1244,0.5,1.0,0.6666666666666666,0.0,1.0,4,8,4,207,0,8,0,1.0,1.0
15,full,DT_target,positive_mean_eligible,all_body_tokens,0.05,63,1244,1.0,0.5,0.6666666666666666,0.0,0.0,2,2,4,53,10,2,0,0.45689655172413796,0.5
15,full,DT_target,positive_mean_eligible,all_body_tokens,0.1,125,1244,0.6,0.75,0.6666666666666665,0.0,0.0,3,5,4,111,14,5,0,0.5948275862068966,1.0
15,full,DT_target,positive_mean_eligible,all_body_tokens,0.2,249,1244,0.4,1.0,0.5714285714285715,0.0,1.0,4,10,4,247,2,10,0,1.0,1.0
15,full,DT_target,positive_mean_eligible,sentences,2,2,1244,1.0,0.5,0.6666666666666666,0.0,0.0,2,2,4,53,0,2,0,0.45689655172413796,0.5
15,full,DT_target,positive_mean_eligible,sentences,4,4,1244,0.75,0.75,0.75,0.0,0.0,3,4,4,88,0,4,0,0.5948275862068966,1.0
15,full,DT_target,positive_mean_eligible,sentences,8,8,1244,0.5,1.0,0.6666666666666666,0.0,1.0,4,8,4,207,0,8,0,1.0,1.0
15,full,FT_K1,signed_sum,all_body_tokens,0.05,63,1244,1.0,0.5,0.6666666666666666,0.0,0.0,2,2,4,53,10,2,0,0.45689655172413796,0.5
15,full,FT_K1,signed_sum,all_body_tokens,0.1,125,1244,1.0,0.75,0.8571428571428571,0.0,0.0,3,3,4,100,25,3,0,0.8620689655172413,1.0
15,full,FT_K1,signed_sum,all_body_tokens,0.2,249,1244,0.375,0.75,0.5,0.0,0.0,3,8,4,221,28,8,0,0.8620689655172413,1.0
15,full,FT_K1,signed_sum,sentences,2,2,1244,1.0,0.5,0.6666666666666666,0.0,0.0,2,2,4,53,0,2,0,0.45689655172413796,0.5
15,full,FT_K1,signed_sum,sentences,4,4,1244,0.75,0.75,0.75,0.0,0.0,3,4,4,126,0,4,0,0.8620689655172413,1.0
15,full,FT_K1,signed_sum,sentences,8,8,1244,0.375,0.75,0.5,0.0,0.0,3,8,4,221,0,8,0,0.8620689655172413,1.0
15,full,FT_K1,positive_mean_eligible,all_body_tokens,0.05,63,1244,1.0,0.5,0.6666666666666666,0.0,0.0,2,2,4,53,10,2,0,0.45689655172413796,0.5
15,full,FT_K1,positive_mean_eligible,all_body_tokens,0.1,125,1244,0.4,0.5,0.4444444444444445,0.0,0.0,2,5,4,116,9,5,0,0.45689655172413796,1.0
15,full,FT_K1,positive_mean_eligible,all_body_tokens,0.2,249,1244,0.3333333333333333,0.75,0.46153846153846156,0.0,0.0,3,9,4,209,40,9,0,0.5948275862068966,1.0
15,full,FT_K1,positive_mean_eligible,sentences,2,2,1244,1.0,0.5,0.6666666666666666,0.0,0.0,2,2,4,53,0,2,0,0.45689655172413796,0.5
15,full,FT_K1,positive_mean_eligible,sentences,4,4,1244,0.5,0.5,0.5,0.0,0.0,2,4,4,98,0,4,0,0.45689655172413796,1.0
15,full,FT_K1,positive_mean_eligible,sentences,8,8,1244,0.375,0.75,0.5,0.0,0.0,3,8,4,174,0,8,0,0.5948275862068966,1.0
15,full,FT_K3,signed_sum,all_body_tokens,0.05,63,1244,1.0,0.5,0.6666666666666666,0.0,0.0,2,2,4,53,10,2,0,0.45689655172413796,0.5
15,full,FT_K3,signed_sum,all_body_tokens,0.1,125,1244,1.0,0.75,0.8571428571428571,0.0,0.0,3,3,4,100,25,3,0,0.8620689655172413,1.0
15,full,FT_K3,signed_sum,all_body_tokens,0.2,249,1244,0.375,0.75,0.5,0.0,0.0,3,8,4,221,28,8,0,0.8620689655172413,1.0
15,full,FT_K3,signed_sum,sentences,2,2,1244,1.0,0.5,0.6666666666666666,0.0,0.0,2,2,4,53,0,2,0,0.45689655172413796,0.5
15,full,FT_K3,signed_sum,sentences,4,4,1244,0.75,0.75,0.75,0.0,0.0,3,4,4,126,0,4,0,0.8620689655172413,1.0
15,full,FT_K3,signed_sum,sentences,8,8,1244,0.375,0.75,0.5,0.0,0.0,3,8,4,221,0,8,0,0.8620689655172413,1.0
15,full,FT_K3,positive_mean_eligible,all_body_tokens,0.05,63,1244,1.0,0.5,0.6666666666666666,0.0,0.0,2,2,4,53,10,2,0,0.45689655172413796,0.5
15,full,FT_K3,positive_mean_eligible,all_body_tokens,0.1,125,1244,0.4,0.5,0.4444444444444445,0.0,0.0,2,5,4,116,9,5,0,0.45689655172413796,1.0
15,full,FT_K3,positive_mean_eligible,all_body_tokens,0.2,249,1244,0.3333333333333333,0.75,0.46153846153846156,0.0,0.0,3,9,4,209,40,9,0,0.5948275862068966,1.0
15,full,FT_K3,positive_mean_eligible,sentences,2,2,1244,1.0,0.5,0.6666666666666666,0.0,0.0,2,2,4,53,0,2,0,0.45689655172413796,0.5
15,full,FT_K3,positive_mean_eligible,sentences,4,4,1244,0.5,0.5,0.5,0.0,0.0,2,4,4,98,0,4,0,0.45689655172413796,1.0
15,full,FT_K3,positive_mean_eligible,sentences,8,8,1244,0.375,0.75,0.5,0.0,0.0,3,8,4,174,0,8,0,0.5948275862068966,1.0
16,full,DT_target,signed_sum,all_body_tokens,0.05,49,972,0.0,0.0,0.0,0.0,0.0,0,1,2,38,11,1,0,0.0,1.0
16,full,DT_target,signed_sum,all_body_tokens,0.1,98,972,0.25,0.5,0.3333333333333333,0.0,0.0,1,4,2,87,11,4,0,0.5263157894736842,1.0
16,full,DT_target,signed_sum,all_body_tokens,0.2,195,972,0.14285714285714285,0.5,0.22222222222222224,0.0,0.0,1,7,2,173,22,7,0,0.5263157894736842,1.0
16,full,DT_target,signed_sum,sentences,2,2,972,0.5,0.5,0.5,0.0,0.0,1,2,2,58,0,2,0,0.5263157894736842,1.0
16,full,DT_target,signed_sum,sentences,4,4,972,0.25,0.5,0.3333333333333333,0.0,0.0,1,4,2,87,0,4,0,0.5263157894736842,1.0
16,full,DT_target,signed_sum,sentences,8,8,972,0.125,0.5,0.2,0.0,0.0,1,8,2,202,0,8,0,0.5263157894736842,1.0
16,full,DT_target,positive_mean_eligible,all_body_tokens,0.05,49,972,1.0,0.5,0.6666666666666666,0.0,0.0,1,1,2,20,29,1,0,0.5263157894736842,1.0
16,full,DT_target,positive_mean_eligible,all_body_tokens,0.1,98,972,0.25,0.5,0.3333333333333333,0.0,0.0,1,4,2,87,11,4,0,0.5263157894736842,1.0
16,full,DT_target,positive_mean_eligible,all_body_tokens,0.2,195,972,0.25,1.0,0.4,0.0,1.0,2,8,2,191,4,8,0,1.0,1.0
16,full,DT_target,positive_mean_eligible,sentences,2,2,972,0.5,0.5,0.5,0.0,0.0,1,2,2,58,0,2,0,0.5263157894736842,1.0
16,full,DT_target,positive_mean_eligible,sentences,4,4,972,0.25,0.5,0.3333333333333333,0.0,0.0,1,4,2,87,0,4,0,0.5263157894736842,1.0
16,full,DT_target,positive_mean_eligible,sentences,8,8,972,0.25,1.0,0.4,0.0,1.0,2,8,2,191,0,8,0,1.0,1.0
16,full,FT_K1,signed_sum,all_body_tokens,0.05,49,972,0.0,0.0,0.0,0.0,0.0,0,1,2,38,11,1,0,0.0,1.0
16,full,FT_K1,signed_sum,all_body_tokens,0.1,98,972,0.0,0.0,0.0,0.0,0.0,0,2,2,80,18,2,0,0.0,1.0
16,full,FT_K1,signed_sum,all_body_tokens,0.2,195,972,0.2,0.5,0.28571428571428575,0.0,0.0,1,5,2,189,6,5,0,0.5263157894736842,1.0
16,full,FT_K1,signed_sum,sentences,2,2,972,0.0,0.0,0.0,0.0,0.0,0,2,2,80,0,2,0,0.0,1.0
16,full,FT_K1,signed_sum,sentences,4,4,972,0.25,0.5,0.3333333333333333,0.0,0.0,1,4,2,128,0,4,0,0.5263157894736842,1.0
16,full,FT_K1,signed_sum,sentences,8,8,972,0.125,0.5,0.2,0.0,0.0,1,8,2,280,0,8,0,0.5263157894736842,1.0
16,full,FT_K1,positive_mean_eligible,all_body_tokens,0.05,49,972,0.5,0.5,0.5,0.0,0.0,1,2,2,32,17,2,0,0.5263157894736842,1.0
16,full,FT_K1,positive_mean_eligible,all_body_tokens,0.1,98,972,0.25,0.5,0.3333333333333333,0.0,0.0,1,4,2,98,0,4,0,0.5263157894736842,1.0
16,full,FT_K1,positive_mean_eligible,all_body_tokens,0.2,195,972,0.14285714285714285,0.5,0.22222222222222224,0.0,0.0,1,7,2,180,15,7,0,0.5263157894736842,1.0
16,full,FT_K1,positive_mean_eligible,sentences,2,2,972,0.5,0.5,0.5,0.0,0.0,1,2,2,32,0,2,0,0.5263157894736842,1.0
16,full,FT_K1,positive_mean_eligible,sentences,4,4,972,0.25,0.5,0.3333333333333333,0.0,0.0,1,4,2,98,0,4,0,0.5263157894736842,1.0
16,full,FT_K1,positive_mean_eligible,sentences,8,8,972,0.125,0.5,0.2,0.0,0.0,1,8,2,206,0,8,0,0.5263157894736842,1.0
16,full,FT_K3,signed_sum,all_body_tokens,0.05,49,972,0.0,0.0,0.0,0.0,0.0,0,1,2,38,11,1,0,0.0,1.0
16,full,FT_K3,signed_sum,all_body_tokens,0.1,98,972,0.0,0.0,0.0,0.0,0.0,0,2,2,80,18,2,0,0.0,1.0
16,full,FT_K3,signed_sum,all_body_tokens,0.2,195,972,0.2,0.5,0.28571428571428575,0.0,0.0,1,5,2,189,6,5,0,0.5263157894736842,1.0
16,full,FT_K3,signed_sum,sentences,2,2,972,0.0,0.0,0.0,0.0,0.0,0,2,2,80,0,2,0,0.0,1.0
16,full,FT_K3,signed_sum,sentences,4,4,972,0.25,0.5,0.3333333333333333,0.0,0.0,1,4,2,128,0,4,0,0.5263157894736842,1.0
16,full,FT_K3,signed_sum,sentences,8,8,972,0.125,0.5,0.2,0.0,0.0,1,8,2,280,0,8,0,0.5263157894736842,1.0
16,full,FT_K3,positive_mean_eligible,all_body_tokens,0.05,49,972,0.5,0.5,0.5,0.0,0.0,1,2,2,32,17,2,0,0.5263157894736842,1.0
16,full,FT_K3,positive_mean_eligible,all_body_tokens,0.1,98,972,0.25,0.5,0.3333333333333333,0.0,0.0,1,4,2,98,0,4,0,0.5263157894736842,1.0
16,full,FT_K3,positive_mean_eligible,all_body_tokens,0.2,195,972,0.14285714285714285,0.5,0.22222222222222224,0.0,0.0,1,7,2,180,15,7,0,0.5263157894736842,1.0
16,full,FT_K3,positive_mean_eligible,sentences,2,2,972,0.5,0.5,0.5,0.0,0.0,1,2,2,32,0,2,0,0.5263157894736842,1.0
16,full,FT_K3,positive_mean_eligible,sentences,4,4,972,0.25,0.5,0.3333333333333333,0.0,0.0,1,4,2,98,0,4,0,0.5263157894736842,1.0
16,full,FT_K3,positive_mean_eligible,sentences,8,8,972,0.125,0.5,0.2,0.0,0.0,1,8,2,206,0,8,0,0.5263157894736842,1.0
17,full,DT_target,signed_sum,all_body_tokens,0.05,47,931,1.0,0.5,0.6666666666666666,0.0,0.0,1,1,2,36,11,1,0,0.4,0.5
17,full,DT_target,signed_sum,all_body_tokens,0.1,94,931,0.5,0.5,0.5,0.0,0.0,1,2,2,58,36,2,0,0.4,1.0
17,full,DT_target,signed_sum,all_body_tokens,0.2,187,931,0.5,1.0,0.6666666666666666,0.0,1.0,2,4,2,152,35,4,0,1.0,1.0
17,full,DT_target,signed_sum,sentences,2,2,931,0.5,0.5,0.5,0.0,0.0,1,2,2,58,0,2,0,0.4,1.0
17,full,DT_target,signed_sum,sentences,4,4,931,0.5,1.0,0.6666666666666666,0.0,1.0,2,4,2,152,0,4,0,1.0,1.0
17,full,DT_target,signed_sum,sentences,8,8,931,0.25,1.0,0.4,0.0,1.0,2,8,2,314,0,8,0,1.0,1.0
17,full,DT_target,positive_mean_eligible,all_body_tokens,0.05,47,931,0.0,0.0,0.0,0.0,0.0,0,1,2,22,25,1,0,0.0,0.5
17,full,DT_target,positive_mean_eligible,all_body_tokens,0.1,94,931,0.3333333333333333,0.5,0.4,0.0,0.0,1,3,2,94,0,3,0,0.4,1.0
17,full,DT_target,positive_mean_eligible,all_body_tokens,0.2,187,931,0.25,0.5,0.3333333333333333,0.0,0.0,1,4,2,134,53,4,0,0.4,1.0
17,full,DT_target,positive_mean_eligible,sentences,2,2,931,0.5,0.5,0.5,0.0,0.0,1,2,2,58,0,2,0,0.4,1.0
17,full,DT_target,positive_mean_eligible,sentences,4,4,931,0.25,0.5,0.3333333333333333,0.0,0.0,1,4,2,134,0,4,0,0.4,1.0
17,full,DT_target,positive_mean_eligible,sentences,8,8,931,0.25,1.0,0.4,0.0,1.0,2,8,2,266,0,8,0,1.0,1.0
17,full,FT_K1,signed_sum,all_body_tokens,0.05,47,931,1.0,0.5,0.6666666666666666,0.0,0.0,1,1,2,36,11,1,0,0.4,0.5
17,full,FT_K1,signed_sum,all_body_tokens,0.1,94,931,1.0,1.0,1.0,1.0,1.0,2,2,2,90,4,2,0,1.0,1.0
17,full,FT_K1,signed_sum,all_body_tokens,0.2,187,931,0.6666666666666666,1.0,0.8,0.0,1.0,2,3,2,152,35,3,0,1.0,1.0
17,full,FT_K1,signed_sum,sentences,2,2,931,1.0,1.0,1.0,1.0,1.0,2,2,2,90,0,2,0,1.0,1.0
17,full,FT_K1,signed_sum,sentences,4,4,931,0.5,1.0,0.6666666666666666,0.0,1.0,2,4,2,192,0,4,0,1.0,1.0
17,full,FT_K1,signed_sum,sentences,8,8,931,0.25,1.0,0.4,0.0,1.0,2,8,2,303,0,8,0,1.0,1.0
17,full,FT_K1,positive_mean_eligible,all_body_tokens,0.05,47,931,1.0,0.5,0.6666666666666666,0.0,0.0,1,1,2,36,11,1,0,0.4,0.5
17,full,FT_K1,positive_mean_eligible,all_body_tokens,0.1,94,931,0.3333333333333333,0.5,0.4,0.0,0.0,1,3,2,88,6,3,0,0.4,1.0
17,full,FT_K1,positive_mean_eligible,all_body_tokens,0.2,187,931,0.2,0.5,0.28571428571428575,0.0,0.0,1,5,2,153,34,5,0,0.4,1.0
17,full,FT_K1,positive_mean_eligible,sentences,2,2,931,0.5,0.5,0.5,0.0,0.0,1,2,2,58,0,2,0,0.4,1.0
17,full,FT_K1,positive_mean_eligible,sentences,4,4,931,0.25,0.5,0.3333333333333333,0.0,0.0,1,4,2,113,0,4,0,0.4,1.0
17,full,FT_K1,positive_mean_eligible,sentences,8,8,931,0.25,1.0,0.4,0.0,1.0,2,8,2,250,0,8,0,1.0,1.0
17,full,FT_K3,signed_sum,all_body_tokens,0.05,47,931,0.0,0.0,0.0,0.0,0.0,0,0,2,0,47,0,1,0.0,0.5
17,full,FT_K3,signed_sum,all_body_tokens,0.1,94,931,1.0,1.0,1.0,1.0,1.0,2,2,2,90,4,2,0,1.0,1.0
17,full,FT_K3,signed_sum,all_body_tokens,0.2,187,931,0.6666666666666666,1.0,0.8,0.0,1.0,2,3,2,152,35,3,0,1.0,1.0
17,full,FT_K3,signed_sum,sentences,2,2,931,1.0,1.0,1.0,1.0,1.0,2,2,2,90,0,2,0,1.0,1.0
17,full,FT_K3,signed_sum,sentences,4,4,931,0.5,1.0,0.6666666666666666,0.0,1.0,2,4,2,192,0,4,0,1.0,1.0
17,full,FT_K3,signed_sum,sentences,8,8,931,0.25,1.0,0.4,0.0,1.0,2,8,2,303,0,8,0,1.0,1.0
17,full,FT_K3,positive_mean_eligible,all_body_tokens,0.05,47,931,1.0,0.5,0.6666666666666666,0.0,0.0,1,1,2,36,11,1,0,0.4,0.5
17,full,FT_K3,positive_mean_eligible,all_body_tokens,0.1,94,931,0.3333333333333333,0.5,0.4,0.0,0.0,1,3,2,88,6,3,0,0.4,1.0
17,full,FT_K3,positive_mean_eligible,all_body_tokens,0.2,187,931,0.2,0.5,0.28571428571428575,0.0,0.0,1,5,2,153,34,5,0,0.4,1.0
17,full,FT_K3,positive_mean_eligible,sentences,2,2,931,0.5,0.5,0.5,0.0,0.0,1,2,2,58,0,2,0,0.4,1.0
17,full,FT_K3,positive_mean_eligible,sentences,4,4,931,0.25,0.5,0.3333333333333333,0.0,0.0,1,4,2,113,0,4,0,0.4,1.0
17,full,FT_K3,positive_mean_eligible,sentences,8,8,931,0.25,1.0,0.4,0.0,1.0,2,8,2,250,0,8,0,1.0,1.0
18,full,DT_target,signed_sum,all_body_tokens,0.05,68,1341,1.0,0.5,0.6666666666666666,0.0,0.0,1,1,2,63,5,1,0,0.6176470588235294,0.5
18,full,DT_target,signed_sum,all_body_tokens,0.1,135,1341,0.6666666666666666,1.0,0.8,0.0,1.0,2,3,2,124,11,3,0,1.0,1.0
18,full,DT_target,signed_sum,all_body_tokens,0.2,269,1341,0.3333333333333333,1.0,0.5,0.0,1.0,2,6,2,220,49,6,0,1.0,1.0
18,full,DT_target,signed_sum,sentences,2,2,1341,1.0,1.0,1.0,1.0,1.0,2,2,2,102,0,2,0,1.0,1.0
18,full,DT_target,signed_sum,sentences,4,4,1341,0.5,1.0,0.6666666666666666,0.0,1.0,2,4,2,168,0,4,0,1.0,1.0
18,full,DT_target,signed_sum,sentences,8,8,1341,0.25,1.0,0.4,0.0,1.0,2,8,2,356,0,8,0,1.0,1.0
18,full,DT_target,positive_mean_eligible,all_body_tokens,0.05,68,1341,0.5,0.5,0.5,0.0,0.0,1,2,2,61,7,2,0,0.38235294117647056,0.5
18,full,DT_target,positive_mean_eligible,all_body_tokens,0.1,135,1341,0.6666666666666666,1.0,0.8,0.0,1.0,2,3,2,124,11,3,0,1.0,1.0
18,full,DT_target,positive_mean_eligible,all_body_tokens,0.2,269,1341,0.25,1.0,0.4,0.0,1.0,2,8,2,253,16,8,0,1.0,1.0
18,full,DT_target,positive_mean_eligible,sentences,2,2,1341,0.5,0.5,0.5,0.0,0.0,1,2,2,61,0,2,0,0.38235294117647056,1.0
18,full,DT_target,positive_mean_eligible,sentences,4,4,1341,0.5,1.0,0.6666666666666666,0.0,1.0,2,4,2,138,0,4,0,1.0,1.0
18,full,DT_target,positive_mean_eligible,sentences,8,8,1341,0.25,1.0,0.4,0.0,1.0,2,8,2,253,0,8,0,1.0,1.0
18,full,FT_K1,signed_sum,all_body_tokens,0.05,68,1341,1.0,0.5,0.6666666666666666,0.0,0.0,1,1,2,39,29,1,0,0.38235294117647056,0.5
18,full,FT_K1,signed_sum,all_body_tokens,0.1,135,1341,0.5,0.5,0.5,0.0,0.0,1,2,2,84,51,2,0,0.38235294117647056,1.0
18,full,FT_K1,signed_sum,all_body_tokens,0.2,269,1341,0.4,1.0,0.5714285714285715,0.0,1.0,2,5,2,232,37,5,0,1.0,1.0
18,full,FT_K1,signed_sum,sentences,2,2,1341,0.5,0.5,0.5,0.0,0.0,1,2,2,84,0,2,0,0.38235294117647056,1.0
18,full,FT_K1,signed_sum,sentences,4,4,1341,0.5,1.0,0.6666666666666666,0.0,1.0,2,4,2,206,0,4,0,1.0,1.0
18,full,FT_K1,signed_sum,sentences,8,8,1341,0.25,1.0,0.4,0.0,1.0,2,8,2,375,0,8,0,1.0,1.0
18,full,FT_K1,positive_mean_eligible,all_body_tokens,0.05,68,1341,0.5,0.5,0.5,0.0,0.0,1,2,2,65,3,2,0,0.38235294117647056,0.5
18,full,FT_K1,positive_mean_eligible,all_body_tokens,0.1,135,1341,0.25,0.5,0.3333333333333333,0.0,0.0,1,4,2,135,0,4,0,0.38235294117647056,1.0
18,full,FT_K1,positive_mean_eligible,all_body_tokens,0.2,269,1341,0.14285714285714285,0.5,0.22222222222222224,0.0,0.0,1,7,2,229,40,7,0,0.38235294117647056,1.0
18,full,FT_K1,positive_mean_eligible,sentences,2,2,1341,0.5,0.5,0.5,0.0,0.0,1,2,2,65,0,2,0,0.38235294117647056,1.0
18,full,FT_K1,positive_mean_eligible,sentences,4,4,1341,0.25,0.5,0.3333333333333333,0.0,0.0,1,4,2,135,0,4,0,0.38235294117647056,1.0
18,full,FT_K1,positive_mean_eligible,sentences,8,8,1341,0.25,1.0,0.4,0.0,1.0,2,8,2,292,0,8,0,1.0,1.0
18,full,FT_K3,signed_sum,all_body_tokens,0.05,68,1341,1.0,0.5,0.6666666666666666,0.0,0.0,1,1,2,39,29,1,0,0.38235294117647056,0.5
18,full,FT_K3,signed_sum,all_body_tokens,0.1,135,1341,0.5,0.5,0.5,0.0,0.0,1,2,2,84,51,2,0,0.38235294117647056,1.0
18,full,FT_K3,signed_sum,all_body_tokens,0.2,269,1341,0.5,1.0,0.6666666666666666,0.0,1.0,2,4,2,224,45,4,0,1.0,1.0
18,full,FT_K3,signed_sum,sentences,2,2,1341,0.5,0.5,0.5,0.0,0.0,1,2,2,84,0,2,0,0.38235294117647056,1.0
18,full,FT_K3,signed_sum,sentences,4,4,1341,0.5,1.0,0.6666666666666666,0.0,1.0,2,4,2,224,0,4,0,1.0,1.0
18,full,FT_K3,signed_sum,sentences,8,8,1341,0.25,1.0,0.4,0.0,1.0,2,8,2,375,0,8,0,1.0,1.0
18,full,FT_K3,positive_mean_eligible,all_body_tokens,0.05,68,1341,0.5,0.5,0.5,0.0,0.0,1,2,2,65,3,2,0,0.38235294117647056,0.5
18,full,FT_K3,positive_mean_eligible,all_body_tokens,0.1,135,1341,0.25,0.5,0.3333333333333333,0.0,0.0,1,4,2,135,0,4,0,0.38235294117647056,1.0
18,full,FT_K3,positive_mean_eligible,all_body_tokens,0.2,269,1341,0.14285714285714285,0.5,0.22222222222222224,0.0,0.0,1,7,2,229,40,7,0,0.38235294117647056,1.0
18,full,FT_K3,positive_mean_eligible,sentences,2,2,1341,0.5,0.5,0.5,0.0,0.0,1,2,2,65,0,2,0,0.38235294117647056,1.0
18,full,FT_K3,positive_mean_eligible,sentences,4,4,1341,0.25,0.5,0.3333333333333333,0.0,0.0,1,4,2,135,0,4,0,0.38235294117647056,1.0
18,full,FT_K3,positive_mean_eligible,sentences,8,8,1341,0.25,1.0,0.4,0.0,1.0,2,8,2,292,0,8,0,1.0,1.0
19,full,DT_target,signed_sum,all_body_tokens,0.05,47,939,1.0,0.5,0.6666666666666666,0.0,0.0,1,1,2,45,2,1,0,0.5421686746987951,0.5
19,full,DT_target,signed_sum,all_body_tokens,0.1,94,939,1.0,1.0,1.0,1.0,1.0,2,2,2,83,11,2,0,1.0,1.0
19,full,DT_target,signed_sum,all_body_tokens,0.2,188,939,0.5,1.0,0.6666666666666666,0.0,1.0,2,4,2,174,14,4,0,1.0,1.0
19,full,DT_target,signed_sum,sentences,2,2,939,1.0,1.0,1.0,1.0,1.0,2,2,2,83,0,2,0,1.0,1.0
19,full,DT_target,signed_sum,sentences,4,4,939,0.5,1.0,0.6666666666666666,0.0,1.0,2,4,2,174,0,4,0,1.0,1.0
19,full,DT_target,signed_sum,sentences,8,8,939,0.25,1.0,0.4,0.0,1.0,2,8,2,332,0,8,0,1.0,1.0
19,full,DT_target,positive_mean_eligible,all_body_tokens,0.05,47,939,1.0,0.5,0.6666666666666666,0.0,0.0,1,1,2,45,2,1,0,0.5421686746987951,0.5
19,full,DT_target,positive_mean_eligible,all_body_tokens,0.1,94,939,1.0,1.0,1.0,1.0,1.0,2,2,2,83,11,2,0,1.0,1.0
19,full,DT_target,positive_mean_eligible,all_body_tokens,0.2,188,939,0.5,1.0,0.6666666666666666,0.0,1.0,2,4,2,173,15,4,0,1.0,1.0
19,full,DT_target,positive_mean_eligible,sentences,2,2,939,1.0,1.0,1.0,1.0,1.0,2,2,2,83,0,2,0,1.0,1.0
19,full,DT_target,positive_mean_eligible,sentences,4,4,939,0.5,1.0,0.6666666666666666,0.0,1.0,2,4,2,173,0,4,0,1.0,1.0
19,full,DT_target,positive_mean_eligible,sentences,8,8,939,0.25,1.0,0.4,0.0,1.0,2,8,2,332,0,8,0,1.0,1.0
19,full,FT_K1,signed_sum,all_body_tokens,0.05,47,939,1.0,0.5,0.6666666666666666,0.0,0.0,1,1,2,38,9,1,0,0.4578313253012048,0.5
19,full,FT_K1,signed_sum,all_body_tokens,0.1,94,939,1.0,1.0,1.0,1.0,1.0,2,2,2,83,11,2,0,1.0,1.0
19,full,FT_K1,signed_sum,all_body_tokens,0.2,188,939,0.6666666666666666,1.0,0.8,0.0,1.0,2,3,2,127,61,3,0,1.0,1.0
19,full,FT_K1,signed_sum,sentences,2,2,939,1.0,1.0,1.0,1.0,1.0,2,2,2,83,0,2,0,1.0,1.0
19,full,FT_K1,signed_sum,sentences,4,4,939,0.5,1.0,0.6666666666666666,0.0,1.0,2,4,2,206,0,4,0,1.0,1.0
19,full,FT_K1,signed_sum,sentences,8,8,939,0.25,1.0,0.4,0.0,1.0,2,8,2,454,0,8,0,1.0,1.0
19,full,FT_K1,positive_mean_eligible,all_body_tokens,0.05,47,939,1.0,0.5,0.6666666666666666,0.0,0.0,1,1,2,38,9,1,0,0.4578313253012048,0.5
19,full,FT_K1,positive_mean_eligible,all_body_tokens,0.1,94,939,1.0,1.0,1.0,1.0,1.0,2,2,2,83,11,2,0,1.0,1.0
19,full,FT_K1,positive_mean_eligible,all_body_tokens,0.2,188,939,0.5,1.0,0.6666666666666666,0.0,1.0,2,4,2,173,15,4,0,1.0,1.0
19,full,FT_K1,positive_mean_eligible,sentences,2,2,939,1.0,1.0,1.0,1.0,1.0,2,2,2,83,0,2,0,1.0,1.0
19,full,FT_K1,positive_mean_eligible,sentences,4,4,939,0.5,1.0,0.6666666666666666,0.0,1.0,2,4,2,173,0,4,0,1.0,1.0
19,full,FT_K1,positive_mean_eligible,sentences,8,8,939,0.25,1.0,0.4,0.0,1.0,2,8,2,278,0,8,0,1.0,1.0
19,full,FT_K3,signed_sum,all_body_tokens,0.05,47,939,1.0,0.5,0.6666666666666666,0.0,0.0,1,1,2,45,2,1,0,0.5421686746987951,0.5
19,full,FT_K3,signed_sum,all_body_tokens,0.1,94,939,1.0,1.0,1.0,1.0,1.0,2,2,2,83,11,2,0,1.0,1.0
19,full,FT_K3,signed_sum,all_body_tokens,0.2,188,939,0.6666666666666666,1.0,0.8,0.0,1.0,2,3,2,127,61,3,0,1.0,1.0
19,full,FT_K3,signed_sum,sentences,2,2,939,1.0,1.0,1.0,1.0,1.0,2,2,2,83,0,2,0,1.0,1.0
19,full,FT_K3,signed_sum,sentences,4,4,939,0.5,1.0,0.6666666666666666,0.0,1.0,2,4,2,206,0,4,0,1.0,1.0
19,full,FT_K3,signed_sum,sentences,8,8,939,0.25,1.0,0.4,0.0,1.0,2,8,2,454,0,8,0,1.0,1.0
19,full,FT_K3,positive_mean_eligible,all_body_tokens,0.05,47,939,1.0,0.5,0.6666666666666666,0.0,0.0,1,1,2,38,9,1,0,0.4578313253012048,0.5
19,full,FT_K3,positive_mean_eligible,all_body_tokens,0.1,94,939,1.0,1.0,1.0,1.0,1.0,2,2,2,83,11,2,0,1.0,1.0
19,full,FT_K3,positive_mean_eligible,all_body_tokens,0.2,188,939,0.5,1.0,0.6666666666666666,0.0,1.0,2,4,2,173,15,4,0,1.0,1.0
19,full,FT_K3,positive_mean_eligible,sentences,2,2,939,1.0,1.0,1.0,1.0,1.0,2,2,2,83,0,2,0,1.0,1.0
19,full,FT_K3,positive_mean_eligible,sentences,4,4,939,0.5,1.0,0.6666666666666666,0.0,1.0,2,4,2,173,0,4,0,1.0,1.0
19,full,FT_K3,positive_mean_eligible,sentences,8,8,939,0.25,1.0,0.4,0.0,1.0,2,8,2,278,0,8,0,1.0,1.0
20,full,DT_target,signed_sum,all_body_tokens,0.05,58,1141,0.0,0.0,0.0,0.0,0.0,0,1,2,42,16,1,0,0.0,1.0
20,full,DT_target,signed_sum,all_body_tokens,0.1,115,1141,0.25,0.5,0.3333333333333333,0.0,0.0,1,4,2,105,10,4,0,0.17647058823529413,1.0
20,full,DT_target,signed_sum,all_body_tokens,0.2,229,1141,0.14285714285714285,0.5,0.22222222222222224,0.0,0.0,1,7,2,219,10,7,0,0.17647058823529413,1.0
20,full,DT_target,signed_sum,sentences,2,2,1141,0.0,0.0,0.0,0.0,0.0,0,2,2,70,0,2,0,0.0,1.0
20,full,DT_target,signed_sum,sentences,4,4,1141,0.25,0.5,0.3333333333333333,0.0,0.0,1,4,2,105,0,4,0,0.17647058823529413,1.0
20,full,DT_target,signed_sum,sentences,8,8,1141,0.125,0.5,0.2,0.0,0.0,1,8,2,244,0,8,0,0.17647058823529413,1.0
20,full,DT_target,positive_mean_eligible,all_body_tokens,0.05,58,1141,0.5,0.5,0.5,0.0,0.0,1,2,2,35,23,2,0,0.17647058823529413,1.0
20,full,DT_target,positive_mean_eligible,all_body_tokens,0.1,115,1141,0.25,0.5,0.3333333333333333,0.0,0.0,1,4,2,105,10,4,0,0.17647058823529413,1.0
20,full,DT_target,positive_mean_eligible,all_body_tokens,0.2,229,1141,0.1111111111111111,0.5,0.1818181818181818,0.0,0.0,1,9,2,227,2,9,0,0.17647058823529413,1.0
20,full,DT_target,positive_mean_eligible,sentences,2,2,1141,0.5,0.5,0.5,0.0,0.0,1,2,2,35,0,2,0,0.17647058823529413,1.0
20,full,DT_target,positive_mean_eligible,sentences,4,4,1141,0.25,0.5,0.3333333333333333,0.0,0.0,1,4,2,105,0,4,0,0.17647058823529413,1.0
20,full,DT_target,positive_mean_eligible,sentences,8,8,1141,0.125,0.5,0.2,0.0,0.0,1,8,2,191,0,8,0,0.17647058823529413,1.0
20,full,FT_K1,signed_sum,all_body_tokens,0.05,58,1141,0.5,0.5,0.5,0.0,0.0,1,2,2,37,21,2,0,0.17647058823529413,1.0
20,full,FT_K1,signed_sum,all_body_tokens,0.1,115,1141,0.3333333333333333,0.5,0.4,0.0,0.0,1,3,2,79,36,3,0,0.17647058823529413,1.0
20,full,FT_K1,signed_sum,all_body_tokens,0.2,229,1141,0.16666666666666666,0.5,0.25,0.0,0.0,1,6,2,196,33,6,0,0.17647058823529413,1.0
20,full,FT_K1,signed_sum,sentences,2,2,1141,0.5,0.5,0.5,0.0,0.0,1,2,2,37,0,2,0,0.17647058823529413,1.0
20,full,FT_K1,signed_sum,sentences,4,4,1141,0.25,0.5,0.3333333333333333,0.0,0.0,1,4,2,122,0,4,0,0.17647058823529413,1.0
20,full,FT_K1,signed_sum,sentences,8,8,1141,0.25,1.0,0.4,0.0,1.0,2,8,2,285,0,8,0,1.0,1.0
20,full,FT_K1,positive_mean_eligible,all_body_tokens,0.05,58,1141,0.5,0.5,0.5,0.0,0.0,1,2,2,37,21,2,0,0.17647058823529413,1.0
20,full,FT_K1,positive_mean_eligible,all_body_tokens,0.1,115,1141,0.3333333333333333,0.5,0.4,0.0,0.0,1,3,2,79,36,3,0,0.17647058823529413,1.0
20,full,FT_K1,positive_mean_eligible,all_body_tokens,0.2,229,1141,0.1111111111111111,0.5,0.1818181818181818,0.0,0.0,1,9,2,221,8,9,0,0.17647058823529413,1.0
20,full,FT_K1,positive_mean_eligible,sentences,2,2,1141,0.5,0.5,0.5,0.0,0.0,1,2,2,37,0,2,0,0.17647058823529413,1.0
20,full,FT_K1,positive_mean_eligible,sentences,4,4,1141,0.25,0.5,0.3333333333333333,0.0,0.0,1,4,2,122,0,4,0,0.17647058823529413,1.0
20,full,FT_K1,positive_mean_eligible,sentences,8,8,1141,0.125,0.5,0.2,0.0,0.0,1,8,2,195,0,8,0,0.17647058823529413,1.0
20,full,FT_K3,signed_sum,all_body_tokens,0.05,58,1141,0.5,0.5,0.5,0.0,0.0,1,2,2,37,21,2,0,0.17647058823529413,1.0
20,full,FT_K3,signed_sum,all_body_tokens,0.1,115,1141,0.3333333333333333,0.5,0.4,0.0,0.0,1,3,2,79,36,3,0,0.17647058823529413,1.0
20,full,FT_K3,signed_sum,all_body_tokens,0.2,229,1141,0.16666666666666666,0.5,0.25,0.0,0.0,1,6,2,196,33,6,0,0.17647058823529413,1.0
20,full,FT_K3,signed_sum,sentences,2,2,1141,0.5,0.5,0.5,0.0,0.0,1,2,2,37,0,2,0,0.17647058823529413,1.0
20,full,FT_K3,signed_sum,sentences,4,4,1141,0.25,0.5,0.3333333333333333,0.0,0.0,1,4,2,122,0,4,0,0.17647058823529413,1.0
20,full,FT_K3,signed_sum,sentences,8,8,1141,0.25,1.0,0.4,0.0,1.0,2,8,2,285,0,8,0,1.0,1.0
20,full,FT_K3,positive_mean_eligible,all_body_tokens,0.05,58,1141,0.5,0.5,0.5,0.0,0.0,1,2,2,37,21,2,0,0.17647058823529413,1.0
20,full,FT_K3,positive_mean_eligible,all_body_tokens,0.1,115,1141,0.3333333333333333,0.5,0.4,0.0,0.0,1,3,2,79,36,3,0,0.17647058823529413,1.0
20,full,FT_K3,positive_mean_eligible,all_body_tokens,0.2,229,1141,0.1111111111111111,0.5,0.1818181818181818,0.0,0.0,1,9,2,221,8,9,0,0.17647058823529413,1.0
20,full,FT_K3,positive_mean_eligible,sentences,2,2,1141,0.5,0.5,0.5,0.0,0.0,1,2,2,37,0,2,0,0.17647058823529413,1.0
20,full,FT_K3,positive_mean_eligible,sentences,4,4,1141,0.25,0.5,0.3333333333333333,0.0,0.0,1,4,2,122,0,4,0,0.17647058823529413,1.0
20,full,FT_K3,positive_mean_eligible,sentences,8,8,1141,0.125,0.5,0.2,0.0,0.0,1,8,2,195,0,8,0,0.17647058823529413,1.0
21,full,DT_target,signed_sum,all_body_tokens,0.05,73,1458,0.6666666666666666,1.0,0.8,0.0,1.0,2,3,2,60,13,3,0,1.0,1.0
21,full,DT_target,signed_sum,all_body_tokens,0.1,146,1458,0.5,1.0,0.6666666666666666,0.0,1.0,2,4,2,104,42,4,0,1.0,1.0
21,full,DT_target,signed_sum,all_body_tokens,0.2,292,1458,0.2,1.0,0.33333333333333337,0.0,1.0,2,10,2,275,17,10,0,1.0,1.0
21,full,DT_target,signed_sum,sentences,2,2,1458,1.0,1.0,1.0,1.0,1.0,2,2,2,44,0,2,0,1.0,1.0
21,full,DT_target,signed_sum,sentences,4,4,1458,0.5,1.0,0.6666666666666666,0.0,1.0,2,4,2,104,0,4,0,1.0,1.0
21,full,DT_target,signed_sum,sentences,8,8,1458,0.25,1.0,0.4,0.0,1.0,2,8,2,244,0,8,0,1.0,1.0
21,full,DT_target,positive_mean_eligible,all_body_tokens,0.05,73,1458,0.2,0.5,0.28571428571428575,0.0,0.0,1,5,2,59,14,5,0,0.3409090909090909,1.0
21,full,DT_target,positive_mean_eligible,all_body_tokens,0.1,146,1458,0.25,1.0,0.4,0.0,1.0,2,8,2,127,19,8,0,1.0,1.0
21,full,DT_target,positive_mean_eligible,all_body_tokens,0.2,292,1458,0.15384615384615385,1.0,0.2666666666666667,0.0,1.0,2,13,2,289,3,13,0,1.0,1.0
21,full,DT_target,positive_mean_eligible,sentences,2,2,1458,0.5,0.5,0.5,0.0,0.0,1,2,2,22,0,2,0,0.3409090909090909,1.0
21,full,DT_target,positive_mean_eligible,sentences,4,4,1458,0.25,0.5,0.3333333333333333,0.0,0.0,1,4,2,51,0,4,0,0.3409090909090909,1.0
21,full,DT_target,positive_mean_eligible,sentences,8,8,1458,0.25,1.0,0.4,0.0,1.0,2,8,2,127,0,8,0,1.0,1.0
21,full,FT_K1,signed_sum,all_body_tokens,0.05,73,1458,1.0,1.0,1.0,1.0,1.0,2,2,2,44,29,2,0,1.0,1.0
21,full,FT_K1,signed_sum,all_body_tokens,0.1,146,1458,1.0,1.0,1.0,1.0,1.0,2,2,2,44,102,2,0,1.0,1.0
21,full,FT_K1,signed_sum,all_body_tokens,0.2,292,1458,0.4,1.0,0.5714285714285715,0.0,1.0,2,5,2,278,14,5,0,1.0,1.0
21,full,FT_K1,signed_sum,sentences,2,2,1458,1.0,1.0,1.0,1.0,1.0,2,2,2,44,0,2,0,1.0,1.0
21,full,FT_K1,signed_sum,sentences,4,4,1458,0.5,1.0,0.6666666666666666,0.0,1.0,2,4,2,231,0,4,0,1.0,1.0
21,full,FT_K1,signed_sum,sentences,8,8,1458,0.25,1.0,0.4,0.0,1.0,2,8,2,359,0,8,0,1.0,1.0
21,full,FT_K1,positive_mean_eligible,all_body_tokens,0.05,73,1458,0.6666666666666666,1.0,0.8,0.0,1.0,2,3,2,60,13,3,0,1.0,1.0
21,full,FT_K1,positive_mean_eligible,all_body_tokens,0.1,146,1458,0.2857142857142857,1.0,0.4444444444444445,0.0,1.0,2,7,2,146,0,7,0,1.0,1.0
21,full,FT_K1,positive_mean_eligible,all_body_tokens,0.2,292,1458,0.14285714285714285,1.0,0.25,0.0,1.0,2,14,2,282,10,14,0,1.0,1.0
21,full,FT_K1,positive_mean_eligible,sentences,2,2,1458,1.0,1.0,1.0,1.0,1.0,2,2,2,44,0,2,0,1.0,1.0
21,full,FT_K1,positive_mean_eligible,sentences,4,4,1458,0.5,1.0,0.6666666666666666,0.0,1.0,2,4,2,76,0,4,0,1.0,1.0
21,full,FT_K1,positive_mean_eligible,sentences,8,8,1458,0.25,1.0,0.4,0.0,1.0,2,8,2,167,0,8,0,1.0,1.0
21,full,FT_K3,signed_sum,all_body_tokens,0.05,73,1458,1.0,0.5,0.6666666666666666,0.0,0.0,1,1,2,29,44,1,0,0.6590909090909091,1.0
21,full,FT_K3,signed_sum,all_body_tokens,0.1,146,1458,1.0,0.5,0.6666666666666666,0.0,0.0,1,1,2,29,117,1,0,0.6590909090909091,1.0
21,full,FT_K3,signed_sum,all_body_tokens,0.2,292,1458,0.4,1.0,0.5714285714285715,0.0,1.0,2,5,2,278,14,5,0,1.0,1.0
21,full,FT_K3,signed_sum,sentences,2,2,1458,0.5,0.5,0.5,0.0,0.0,1,2,2,150,0,2,0,0.6590909090909091,1.0
21,full,FT_K3,signed_sum,sentences,4,4,1458,0.5,1.0,0.6666666666666666,0.0,1.0,2,4,2,231,0,4,0,1.0,1.0
21,full,FT_K3,signed_sum,sentences,8,8,1458,0.25,1.0,0.4,0.0,1.0,2,8,2,359,0,8,0,1.0,1.0
21,full,FT_K3,positive_mean_eligible,all_body_tokens,0.05,73,1458,0.6666666666666666,1.0,0.8,0.0,1.0,2,3,2,60,13,3,0,1.0,1.0
21,full,FT_K3,positive_mean_eligible,all_body_tokens,0.1,146,1458,0.2857142857142857,1.0,0.4444444444444445,0.0,1.0,2,7,2,146,0,7,0,1.0,1.0
21,full,FT_K3,positive_mean_eligible,all_body_tokens,0.2,292,1458,0.14285714285714285,1.0,0.25,0.0,1.0,2,14,2,282,10,14,0,1.0,1.0
21,full,FT_K3,positive_mean_eligible,sentences,2,2,1458,1.0,1.0,1.0,1.0,1.0,2,2,2,44,0,2,0,1.0,1.0
21,full,FT_K3,positive_mean_eligible,sentences,4,4,1458,0.5,1.0,0.6666666666666666,0.0,1.0,2,4,2,76,0,4,0,1.0,1.0
21,full,FT_K3,positive_mean_eligible,sentences,8,8,1458,0.25,1.0,0.4,0.0,1.0,2,8,2,167,0,8,0,1.0,1.0
22,full,DT_target,signed_sum,all_body_tokens,0.05,160,3199,0.5,1.0,0.6666666666666666,0.0,1.0,2,4,2,135,25,4,0,1.0,1.0
22,full,DT_target,signed_sum,all_body_tokens,0.1,320,3199,0.25,1.0,0.4,0.0,1.0,2,8,2,305,15,8,0,1.0,1.0
22,full,DT_target,signed_sum,all_body_tokens,0.2,640,3199,0.11764705882352941,1.0,0.21052631578947367,0.0,1.0,2,17,2,610,30,17,0,1.0,1.0
22,full,DT_target,signed_sum,sentences,2,2,3199,0.5,0.5,0.5,0.0,0.0,1,2,2,54,0,2,0,0.5,1.0
22,full,DT_target,signed_sum,sentences,4,4,3199,0.5,1.0,0.6666666666666666,0.0,1.0,2,4,2,135,0,4,0,1.0,1.0
22,full,DT_target,signed_sum,sentences,8,8,3199,0.25,1.0,0.4,0.0,1.0,2,8,2,305,0,8,0,1.0,1.0
22,full,DT_target,positive_mean_eligible,all_body_tokens,0.05,160,3199,0.4,1.0,0.5714285714285715,0.0,1.0,2,5,2,144,16,5,0,1.0,1.0
22,full,DT_target,positive_mean_eligible,all_body_tokens,0.1,320,3199,0.18181818181818182,1.0,0.3076923076923077,0.0,1.0,2,11,2,314,6,11,0,1.0,1.0
22,full,DT_target,positive_mean_eligible,all_body_tokens,0.2,640,3199,0.09523809523809523,1.0,0.17391304347826084,0.0,1.0,2,21,2,632,8,21,0,1.0,1.0
22,full,DT_target,positive_mean_eligible,sentences,2,2,3199,0.5,0.5,0.5,0.0,0.0,1,2,2,54,0,2,0,0.5,1.0
22,full,DT_target,positive_mean_eligible,sentences,4,4,3199,0.5,1.0,0.6666666666666666,0.0,1.0,2,4,2,106,0,4,0,1.0,1.0
22,full,DT_target,positive_mean_eligible,sentences,8,8,3199,0.25,1.0,0.4,0.0,1.0,2,8,2,240,0,8,0,1.0,1.0
22,full,FT_K1,signed_sum,all_body_tokens,0.05,160,3199,0.3333333333333333,0.5,0.4,0.0,0.0,1,3,2,130,30,3,0,0.5,1.0
22,full,FT_K1,signed_sum,all_body_tokens,0.1,320,3199,0.25,1.0,0.4,0.0,1.0,2,8,2,318,2,8,0,1.0,1.0
22,full,FT_K1,signed_sum,all_body_tokens,0.2,640,3199,0.125,1.0,0.2222222222222222,0.0,1.0,2,16,2,630,10,16,0,1.0,1.0
22,full,FT_K1,signed_sum,sentences,2,2,3199,0.5,0.5,0.5,0.0,0.0,1,2,2,54,0,2,0,0.5,1.0
22,full,FT_K1,signed_sum,sentences,4,4,3199,0.25,0.5,0.3333333333333333,0.0,0.0,1,4,2,182,0,4,0,0.5,1.0
22,full,FT_K1,signed_sum,sentences,8,8,3199,0.25,1.0,0.4,0.0,1.0,2,8,2,318,0,8,0,1.0,1.0
22,full,FT_K1,positive_mean_eligible,all_body_tokens,0.05,160,3199,0.3333333333333333,1.0,0.5,0.0,1.0,2,6,2,160,0,6,0,1.0,1.0
22,full,FT_K1,positive_mean_eligible,all_body_tokens,0.1,320,3199,0.2222222222222222,1.0,0.3636363636363636,0.0,1.0,2,9,2,274,46,9,0,1.0,1.0
22,full,FT_K1,positive_mean_eligible,all_body_tokens,0.2,640,3199,0.10526315789473684,1.0,0.1904761904761905,0.0,1.0,2,19,2,628,12,19,0,1.0,1.0
22,full,FT_K1,positive_mean_eligible,sentences,2,2,3199,0.5,0.5,0.5,0.0,0.0,1,2,2,54,0,2,0,0.5,1.0
22,full,FT_K1,positive_mean_eligible,sentences,4,4,3199,0.5,1.0,0.6666666666666666,0.0,1.0,2,4,2,96,0,4,0,1.0,1.0
22,full,FT_K1,positive_mean_eligible,sentences,8,8,3199,0.25,1.0,0.4,0.0,1.0,2,8,2,255,0,8,0,1.0,1.0
22,full,FT_K3,signed_sum,all_body_tokens,0.05,160,3199,0.3333333333333333,0.5,0.4,0.0,0.0,1,3,2,130,30,3,0,0.5,1.0
22,full,FT_K3,signed_sum,all_body_tokens,0.1,320,3199,0.25,1.0,0.4,0.0,1.0,2,8,2,318,2,8,0,1.0,1.0
22,full,FT_K3,signed_sum,all_body_tokens,0.2,640,3199,0.125,1.0,0.2222222222222222,0.0,1.0,2,16,2,630,10,16,0,1.0,1.0
22,full,FT_K3,signed_sum,sentences,2,2,3199,0.5,0.5,0.5,0.0,0.0,1,2,2,54,0,2,0,0.5,1.0
22,full,FT_K3,signed_sum,sentences,4,4,3199,0.25,0.5,0.3333333333333333,0.0,0.0,1,4,2,182,0,4,0,0.5,1.0
22,full,FT_K3,signed_sum,sentences,8,8,3199,0.25,1.0,0.4,0.0,1.0,2,8,2,318,0,8,0,1.0,1.0
22,full,FT_K3,positive_mean_eligible,all_body_tokens,0.05,160,3199,0.3333333333333333,1.0,0.5,0.0,1.0,2,6,2,160,0,6,0,1.0,1.0
22,full,FT_K3,positive_mean_eligible,all_body_tokens,0.1,320,3199,0.2222222222222222,1.0,0.3636363636363636,0.0,1.0,2,9,2,274,46,9,0,1.0,1.0
22,full,FT_K3,positive_mean_eligible,all_body_tokens,0.2,640,3199,0.10526315789473684,1.0,0.1904761904761905,0.0,1.0,2,19,2,626,14,19,0,1.0,1.0
22,full,FT_K3,positive_mean_eligible,sentences,2,2,3199,0.5,0.5,0.5,0.0,0.0,1,2,2,54,0,2,0,0.5,1.0
22,full,FT_K3,positive_mean_eligible,sentences,4,4,3199,0.5,1.0,0.6666666666666666,0.0,1.0,2,4,2,96,0,4,0,1.0,1.0
22,full,FT_K3,positive_mean_eligible,sentences,8,8,3199,0.25,1.0,0.4,0.0,1.0,2,8,2,255,0,8,0,1.0,1.0
23,full,DT_target,signed_sum,all_body_tokens,0.05,67,1338,1.0,0.3333333333333333,0.5,0.0,0.0,1,1,3,52,15,1,0,0.5306122448979592,0.6666666666666666
23,full,DT_target,signed_sum,all_body_tokens,0.1,134,1338,0.6,1.0,0.7499999999999999,0.0,1.0,3,5,3,133,1,5,0,1.0,1.0
23,full,DT_target,signed_sum,all_body_tokens,0.2,268,1338,0.5,1.0,0.6666666666666666,0.0,1.0,3,6,3,198,70,6,0,1.0,1.0
23,full,DT_target,signed_sum,sentences,2,2,1338,1.0,0.6666666666666666,0.8,0.0,0.0,2,2,3,79,0,2,0,0.8061224489795918,0.6666666666666666
23,full,DT_target,signed_sum,sentences,4,4,1338,0.5,0.6666666666666666,0.5714285714285715,0.0,0.0,2,4,3,114,0,4,0,0.8061224489795918,1.0
23,full,DT_target,signed_sum,sentences,8,8,1338,0.375,1.0,0.5454545454545454,0.0,1.0,3,8,3,327,0,8,0,1.0,1.0
23,full,DT_target,positive_mean_eligible,all_body_tokens,0.05,67,1338,0.3333333333333333,0.3333333333333333,0.3333333333333333,0.0,0.0,1,3,3,62,5,3,0,0.2755102040816326,0.6666666666666666
23,full,DT_target,positive_mean_eligible,all_body_tokens,0.1,134,1338,0.6,1.0,0.7499999999999999,0.0,1.0,3,5,3,133,1,5,0,1.0,1.0
23,full,DT_target,positive_mean_eligible,all_body_tokens,0.2,268,1338,0.5,1.0,0.6666666666666666,0.0,1.0,3,6,3,228,40,6,0,1.0,1.0
23,full,DT_target,positive_mean_eligible,sentences,2,2,1338,0.5,0.3333333333333333,0.4,0.0,0.0,1,2,3,47,0,2,0,0.2755102040816326,0.6666666666666666
23,full,DT_target,positive_mean_eligible,sentences,4,4,1338,0.5,0.6666666666666666,0.5714285714285715,0.0,0.0,2,4,3,81,0,4,0,0.46938775510204084,1.0
23,full,DT_target,positive_mean_eligible,sentences,8,8,1338,0.375,1.0,0.5454545454545454,0.0,1.0,3,8,3,319,0,8,0,1.0,1.0
23,full,FT_K1,signed_sum,all_body_tokens,0.05,67,1338,0.0,0.0,0.0,0.0,0.0,0,0,3,0,67,0,1,0.0,0.6666666666666666
23,full,FT_K1,signed_sum,all_body_tokens,0.1,134,1338,0.0,0.0,0.0,0.0,0.0,0,1,3,95,39,1,0,0.0,1.0
23,full,FT_K1,signed_sum,all_body_tokens,0.2,268,1338,0.4,0.6666666666666666,0.5,0.0,0.0,2,5,3,259,9,5,0,0.8061224489795918,1.0
23,full,FT_K1,signed_sum,sentences,2,2,1338,0.5,0.3333333333333333,0.4,0.0,0.0,1,2,3,147,0,2,0,0.5306122448979592,0.6666666666666666
23,full,FT_K1,signed_sum,sentences,4,4,1338,0.5,0.6666666666666666,0.5714285714285715,0.0,0.0,2,4,3,239,0,4,0,0.8061224489795918,1.0
23,full,FT_K1,signed_sum,sentences,8,8,1338,0.375,1.0,0.5454545454545454,0.0,1.0,3,8,3,347,0,8,0,1.0,1.0
23,full,FT_K1,positive_mean_eligible,all_body_tokens,0.05,67,1338,0.6666666666666666,0.6666666666666666,0.6666666666666666,0.0,0.0,2,3,3,66,1,3,0,0.46938775510204084,0.6666666666666666
23,full,FT_K1,positive_mean_eligible,all_body_tokens,0.1,134,1338,0.6666666666666666,0.6666666666666666,0.6666666666666666,0.0,0.0,2,3,3,66,68,3,0,0.46938775510204084,1.0
23,full,FT_K1,positive_mean_eligible,all_body_tokens,0.2,268,1338,0.5,1.0,0.6666666666666666,0.0,1.0,3,6,3,228,40,6,0,1.0,1.0
23,full,FT_K1,positive_mean_eligible,sentences,2,2,1338,0.5,0.3333333333333333,0.4,0.0,0.0,1,2,3,47,0,2,0,0.2755102040816326,0.6666666666666666
23,full,FT_K1,positive_mean_eligible,sentences,4,4,1338,0.5,0.6666666666666666,0.5714285714285715,0.0,0.0,2,4,3,161,0,4,0,0.46938775510204084,1.0
23,full,FT_K1,positive_mean_eligible,sentences,8,8,1338,0.375,1.0,0.5454545454545454,0.0,1.0,3,8,3,319,0,8,0,1.0,1.0
23,full,FT_K3,signed_sum,all_body_tokens,0.05,67,1338,0.0,0.0,0.0,0.0,0.0,0,0,3,0,67,0,1,0.0,0.6666666666666666
23,full,FT_K3,signed_sum,all_body_tokens,0.1,134,1338,0.0,0.0,0.0,0.0,0.0,0,1,3,95,39,1,0,0.0,1.0
23,full,FT_K3,signed_sum,all_body_tokens,0.2,268,1338,0.6,1.0,0.7499999999999999,0.0,1.0,3,5,3,258,10,5,0,1.0,1.0
23,full,FT_K3,signed_sum,sentences,2,2,1338,0.5,0.3333333333333333,0.4,0.0,0.0,1,2,3,147,0,2,0,0.5306122448979592,0.6666666666666666
23,full,FT_K3,signed_sum,sentences,4,4,1338,0.5,0.6666666666666666,0.5714285714285715,0.0,0.0,2,4,3,239,0,4,0,0.8061224489795918,1.0
23,full,FT_K3,signed_sum,sentences,8,8,1338,0.375,1.0,0.5454545454545454,0.0,1.0,3,8,3,347,0,8,0,1.0,1.0
23,full,FT_K3,positive_mean_eligible,all_body_tokens,0.05,67,1338,0.6666666666666666,0.6666666666666666,0.6666666666666666,0.0,0.0,2,3,3,66,1,3,0,0.46938775510204084,0.6666666666666666
23,full,FT_K3,positive_mean_eligible,all_body_tokens,0.1,134,1338,0.75,1.0,0.8571428571428571,0.0,1.0,3,4,3,118,16,4,0,1.0,1.0
23,full,FT_K3,positive_mean_eligible,all_body_tokens,0.2,268,1338,0.5,1.0,0.6666666666666666,0.0,1.0,3,6,3,228,40,6,0,1.0,1.0
23,full,FT_K3,positive_mean_eligible,sentences,2,2,1338,1.0,0.6666666666666666,0.8,0.0,0.0,2,2,3,46,0,2,0,0.46938775510204084,0.6666666666666666
23,full,FT_K3,positive_mean_eligible,sentences,4,4,1338,0.75,1.0,0.8571428571428571,0.0,1.0,3,4,3,118,0,4,0,1.0,1.0
23,full,FT_K3,positive_mean_eligible,sentences,8,8,1338,0.375,1.0,0.5454545454545454,0.0,1.0,3,8,3,319,0,8,0,1.0,1.0
24,full,DT_target,signed_sum,all_body_tokens,0.05,60,1183,0.5,0.3333333333333333,0.4,0.0,0.0,1,2,3,56,4,2,0,0.35443037974683544,0.6666666666666666
24,full,DT_target,signed_sum,all_body_tokens,0.1,119,1183,0.5,0.3333333333333333,0.4,0.0,0.0,1,2,3,56,63,2,0,0.35443037974683544,1.0
24,full,DT_target,signed_sum,all_body_tokens,0.2,237,1183,0.3333333333333333,0.6666666666666666,0.4444444444444444,0.0,0.0,2,6,3,226,11,6,0,0.7088607594936709,1.0
24,full,DT_target,signed_sum,sentences,2,2,1183,0.5,0.3333333333333333,0.4,0.0,0.0,1,2,3,56,0,2,0,0.35443037974683544,0.6666666666666666
24,full,DT_target,signed_sum,sentences,4,4,1183,0.5,0.6666666666666666,0.5714285714285715,0.0,0.0,2,4,3,168,0,4,0,0.7088607594936709,1.0
24,full,DT_target,signed_sum,sentences,8,8,1183,0.25,0.6666666666666666,0.36363636363636365,0.0,0.0,2,8,3,288,0,8,0,0.7088607594936709,1.0
24,full,DT_target,positive_mean_eligible,all_body_tokens,0.05,60,1183,0.5,0.3333333333333333,0.4,0.0,0.0,1,2,3,56,4,2,0,0.35443037974683544,0.6666666666666666
24,full,DT_target,positive_mean_eligible,all_body_tokens,0.1,119,1183,0.5,0.6666666666666666,0.5714285714285715,0.0,0.0,2,4,3,96,23,4,0,0.7088607594936709,1.0
24,full,DT_target,positive_mean_eligible,all_body_tokens,0.2,237,1183,0.2857142857142857,0.6666666666666666,0.4,0.0,0.0,2,7,3,231,6,7,0,0.7088607594936709,1.0
24,full,DT_target,positive_mean_eligible,sentences,2,2,1183,0.5,0.3333333333333333,0.4,0.0,0.0,1,2,3,56,0,2,0,0.35443037974683544,0.6666666666666666
24,full,DT_target,positive_mean_eligible,sentences,4,4,1183,0.5,0.6666666666666666,0.5714285714285715,0.0,0.0,2,4,3,96,0,4,0,0.7088607594936709,1.0
24,full,DT_target,positive_mean_eligible,sentences,8,8,1183,0.25,0.6666666666666666,0.36363636363636365,0.0,0.0,2,8,3,243,0,8,0,0.7088607594936709,1.0
24,full,FT_K1,signed_sum,all_body_tokens,0.05,60,1183,0.5,0.3333333333333333,0.4,0.0,0.0,1,2,3,56,4,2,0,0.35443037974683544,0.6666666666666666
24,full,FT_K1,signed_sum,all_body_tokens,0.1,119,1183,0.6666666666666666,0.6666666666666666,0.6666666666666666,0.0,0.0,2,3,3,84,35,3,0,0.7088607594936709,1.0
24,full,FT_K1,signed_sum,all_body_tokens,0.2,237,1183,0.5,1.0,0.6666666666666666,0.0,1.0,3,6,3,203,34,6,0,1.0,1.0
24,full,FT_K1,signed_sum,sentences,2,2,1183,0.5,0.3333333333333333,0.4,0.0,0.0,1,2,3,56,0,2,0,0.35443037974683544,0.6666666666666666
24,full,FT_K1,signed_sum,sentences,4,4,1183,0.5,0.6666666666666666,0.5714285714285715,0.0,0.0,2,4,3,168,0,4,0,0.7088607594936709,1.0
24,full,FT_K1,signed_sum,sentences,8,8,1183,0.375,1.0,0.5454545454545454,0.0,1.0,3,8,3,285,0,8,0,1.0,1.0
24,full,FT_K1,positive_mean_eligible,all_body_tokens,0.05,60,1183,0.5,0.3333333333333333,0.4,0.0,0.0,1,2,3,56,4,2,0,0.35443037974683544,0.6666666666666666
24,full,FT_K1,positive_mean_eligible,all_body_tokens,0.1,119,1183,0.6,1.0,0.7499999999999999,0.0,1.0,3,5,3,119,0,5,0,1.0,1.0
24,full,FT_K1,positive_mean_eligible,all_body_tokens,0.2,237,1183,0.3,1.0,0.4615384615384615,0.0,1.0,3,10,3,233,4,10,0,1.0,1.0
24,full,FT_K1,positive_mean_eligible,sentences,2,2,1183,0.5,0.3333333333333333,0.4,0.0,0.0,1,2,3,56,0,2,0,0.35443037974683544,0.6666666666666666
24,full,FT_K1,positive_mean_eligible,sentences,4,4,1183,0.5,0.6666666666666666,0.5714285714285715,0.0,0.0,2,4,3,96,0,4,0,0.7088607594936709,1.0
24,full,FT_K1,positive_mean_eligible,sentences,8,8,1183,0.375,1.0,0.5454545454545454,0.0,1.0,3,8,3,187,0,8,0,1.0,1.0
24,full,FT_K3,signed_sum,all_body_tokens,0.05,60,1183,0.5,0.3333333333333333,0.4,0.0,0.0,1,2,3,56,4,2,0,0.35443037974683544,0.6666666666666666
24,full,FT_K3,signed_sum,all_body_tokens,0.1,119,1183,0.6666666666666666,0.6666666666666666,0.6666666666666666,0.0,0.0,2,3,3,84,35,3,0,0.7088607594936709,1.0
24,full,FT_K3,signed_sum,all_body_tokens,0.2,237,1183,0.5,1.0,0.6666666666666666,0.0,1.0,3,6,3,203,34,6,0,1.0,1.0
24,full,FT_K3,signed_sum,sentences,2,2,1183,0.5,0.3333333333333333,0.4,0.0,0.0,1,2,3,56,0,2,0,0.35443037974683544,0.6666666666666666
24,full,FT_K3,signed_sum,sentences,4,4,1183,0.5,0.6666666666666666,0.5714285714285715,0.0,0.0,2,4,3,168,0,4,0,0.7088607594936709,1.0
24,full,FT_K3,signed_sum,sentences,8,8,1183,0.375,1.0,0.5454545454545454,0.0,1.0,3,8,3,285,0,8,0,1.0,1.0
24,full,FT_K3,positive_mean_eligible,all_body_tokens,0.05,60,1183,0.5,0.3333333333333333,0.4,0.0,0.0,1,2,3,56,4,2,0,0.35443037974683544,0.6666666666666666
24,full,FT_K3,positive_mean_eligible,all_body_tokens,0.1,119,1183,0.6,1.0,0.7499999999999999,0.0,1.0,3,5,3,119,0,5,0,1.0,1.0
24,full,FT_K3,positive_mean_eligible,all_body_tokens,0.2,237,1183,0.3,1.0,0.4615384615384615,0.0,1.0,3,10,3,233,4,10,0,1.0,1.0
24,full,FT_K3,positive_mean_eligible,sentences,2,2,1183,0.5,0.3333333333333333,0.4,0.0,0.0,1,2,3,56,0,2,0,0.35443037974683544,0.6666666666666666
24,full,FT_K3,positive_mean_eligible,sentences,4,4,1183,0.5,0.6666666666666666,0.5714285714285715,0.0,0.0,2,4,3,96,0,4,0,0.7088607594936709,1.0
24,full,FT_K3,positive_mean_eligible,sentences,8,8,1183,0.375,1.0,0.5454545454545454,0.0,1.0,3,8,3,187,0,8,0,1.0,1.0
25,full,DT_target,signed_sum,all_body_tokens,0.05,89,1773,0.75,0.75,0.75,0.0,0.0,3,4,4,86,3,4,0,0.7530864197530864,1.0
25,full,DT_target,signed_sum,all_body_tokens,0.1,178,1773,0.6666666666666666,1.0,0.8,0.0,1.0,4,6,4,143,35,6,0,1.0,1.0
25,full,DT_target,signed_sum,all_body_tokens,0.2,355,1773,0.36363636363636365,1.0,0.5333333333333333,0.0,1.0,4,11,4,312,43,11,0,1.0,1.0
25,full,DT_target,signed_sum,sentences,2,2,1773,1.0,0.5,0.6666666666666666,0.0,0.0,2,2,4,48,0,2,0,0.5925925925925926,0.5
25,full,DT_target,signed_sum,sentences,4,4,1773,0.75,0.75,0.75,0.0,0.0,3,4,4,86,0,4,0,0.7530864197530864,1.0
25,full,DT_target,signed_sum,sentences,8,8,1773,0.5,1.0,0.6666666666666666,0.0,1.0,4,8,4,227,0,8,0,1.0,1.0
25,full,DT_target,positive_mean_eligible,all_body_tokens,0.05,89,1773,0.75,0.75,0.75,0.0,0.0,3,4,4,86,3,4,0,0.7530864197530864,1.0
25,full,DT_target,positive_mean_eligible,all_body_tokens,0.1,178,1773,0.5714285714285714,1.0,0.7272727272727273,0.0,1.0,4,7,4,165,13,7,0,1.0,1.0
25,full,DT_target,positive_mean_eligible,all_body_tokens,0.2,355,1773,0.3333333333333333,1.0,0.5,0.0,1.0,4,12,4,330,25,12,0,1.0,1.0
25,full,DT_target,positive_mean_eligible,sentences,2,2,1773,1.0,0.5,0.6666666666666666,0.0,0.0,2,2,4,34,0,2,0,0.41975308641975306,0.5
25,full,DT_target,positive_mean_eligible,sentences,4,4,1773,0.75,0.75,0.75,0.0,0.0,3,4,4,86,0,4,0,0.7530864197530864,1.0
25,full,DT_target,positive_mean_eligible,sentences,8,8,1773,0.5,1.0,0.6666666666666666,0.0,1.0,4,8,4,189,0,8,0,1.0,1.0
25,full,FT_K1,signed_sum,all_body_tokens,0.05,89,1773,1.0,0.5,0.6666666666666666,0.0,0.0,2,2,4,48,41,2,0,0.5925925925925926,1.0
25,full,FT_K1,signed_sum,all_body_tokens,0.1,178,1773,0.5,0.5,0.5,0.0,0.0,2,4,4,157,21,4,0,0.5925925925925926,1.0
25,full,FT_K1,signed_sum,all_body_tokens,0.2,355,1773,0.4,1.0,0.5714285714285715,0.0,1.0,4,10,4,349,6,10,0,1.0,1.0
25,full,FT_K1,signed_sum,sentences,2,2,1773,1.0,0.5,0.6666666666666666,0.0,0.0,2,2,4,48,0,2,0,0.5925925925925926,0.5
25,full,FT_K1,signed_sum,sentences,4,4,1773,0.5,0.5,0.5,0.0,0.0,2,4,4,157,0,4,0,0.5925925925925926,1.0
25,full,FT_K1,signed_sum,sentences,8,8,1773,0.5,1.0,0.6666666666666666,0.0,1.0,4,8,4,262,0,8,0,1.0,1.0
25,full,FT_K1,positive_mean_eligible,all_body_tokens,0.05,89,1773,0.75,0.75,0.75,0.0,0.0,3,4,4,86,3,4,0,0.7530864197530864,1.0
25,full,FT_K1,positive_mean_eligible,all_body_tokens,0.1,178,1773,0.6666666666666666,1.0,0.8,0.0,1.0,4,6,4,143,35,6,0,1.0,1.0
25,full,FT_K1,positive_mean_eligible,all_body_tokens,0.2,355,1773,0.36363636363636365,1.0,0.5333333333333333,0.0,1.0,4,11,4,341,14,11,0,1.0,1.0
25,full,FT_K1,positive_mean_eligible,sentences,2,2,1773,1.0,0.5,0.6666666666666666,0.0,0.0,2,2,4,34,0,2,0,0.41975308641975306,0.5
25,full,FT_K1,positive_mean_eligible,sentences,4,4,1773,0.75,0.75,0.75,0.0,0.0,3,4,4,86,0,4,0,0.7530864197530864,1.0
25,full,FT_K1,positive_mean_eligible,sentences,8,8,1773,0.5,1.0,0.6666666666666666,0.0,1.0,4,8,4,233,0,8,0,1.0,1.0
25,full,FT_K3,signed_sum,all_body_tokens,0.05,89,1773,1.0,0.5,0.6666666666666666,0.0,0.0,2,2,4,48,41,2,0,0.5925925925925926,1.0
25,full,FT_K3,signed_sum,all_body_tokens,0.1,178,1773,0.5,0.5,0.5,0.0,0.0,2,4,4,157,21,4,0,0.5925925925925926,1.0
25,full,FT_K3,signed_sum,all_body_tokens,0.2,355,1773,0.4,1.0,0.5714285714285715,0.0,1.0,4,10,4,349,6,10,0,1.0,1.0
25,full,FT_K3,signed_sum,sentences,2,2,1773,1.0,0.5,0.6666666666666666,0.0,0.0,2,2,4,48,0,2,0,0.5925925925925926,0.5
25,full,FT_K3,signed_sum,sentences,4,4,1773,0.5,0.5,0.5,0.0,0.0,2,4,4,157,0,4,0,0.5925925925925926,1.0
25,full,FT_K3,signed_sum,sentences,8,8,1773,0.5,1.0,0.6666666666666666,0.0,1.0,4,8,4,262,0,8,0,1.0,1.0
25,full,FT_K3,positive_mean_eligible,all_body_tokens,0.05,89,1773,0.75,0.75,0.75,0.0,0.0,3,4,4,86,3,4,0,0.7530864197530864,1.0
25,full,FT_K3,positive_mean_eligible,all_body_tokens,0.1,178,1773,0.6666666666666666,1.0,0.8,0.0,1.0,4,6,4,143,35,6,0,1.0,1.0
25,full,FT_K3,positive_mean_eligible,all_body_tokens,0.2,355,1773,0.36363636363636365,1.0,0.5333333333333333,0.0,1.0,4,11,4,341,14,11,0,1.0,1.0
25,full,FT_K3,positive_mean_eligible,sentences,2,2,1773,1.0,0.5,0.6666666666666666,0.0,0.0,2,2,4,34,0,2,0,0.41975308641975306,0.5
25,full,FT_K3,positive_mean_eligible,sentences,4,4,1773,0.75,0.75,0.75,0.0,0.0,3,4,4,86,0,4,0,0.7530864197530864,1.0
25,full,FT_K3,positive_mean_eligible,sentences,8,8,1773,0.5,1.0,0.6666666666666666,0.0,1.0,4,8,4,233,0,8,0,1.0,1.0
26,full,DT_target,signed_sum,all_body_tokens,0.05,53,1057,0.0,0.0,0.0,0.0,0.0,0,0,2,0,53,0,1,0.0,0.0
26,full,DT_target,signed_sum,all_body_tokens,0.1,106,1057,1.0,0.5,0.6666666666666666,0.0,0.0,1,1,2,66,40,1,0,0.4230769230769231,0.5
26,full,DT_target,signed_sum,all_body_tokens,0.2,212,1057,0.6666666666666666,1.0,0.8,0.0,1.0,2,3,2,204,8,3,0,1.0,1.0
26,full,DT_target,signed_sum,sentences,2,2,1057,1.0,1.0,1.0,1.0,1.0,2,2,2,156,0,2,0,1.0,1.0
26,full,DT_target,signed_sum,sentences,4,4,1057,0.5,1.0,0.6666666666666666,0.0,1.0,2,4,2,247,0,4,0,1.0,1.0
26,full,DT_target,signed_sum,sentences,8,8,1057,0.25,1.0,0.4,0.0,1.0,2,8,2,427,0,8,0,1.0,1.0
26,full,DT_target,positive_mean_eligible,all_body_tokens,0.05,53,1057,0.0,0.0,0.0,0.0,0.0,0,0,2,0,53,0,1,0.0,0.0
26,full,DT_target,positive_mean_eligible,all_body_tokens,0.1,106,1057,1.0,0.5,0.6666666666666666,0.0,0.0,1,1,2,66,40,1,0,0.4230769230769231,0.5
26,full,DT_target,positive_mean_eligible,all_body_tokens,0.2,212,1057,0.6666666666666666,1.0,0.8,0.0,1.0,2,3,2,199,13,3,0,1.0,1.0
26,full,DT_target,positive_mean_eligible,sentences,2,2,1057,1.0,1.0,1.0,1.0,1.0,2,2,2,156,0,2,0,1.0,1.0
26,full,DT_target,positive_mean_eligible,sentences,4,4,1057,0.5,1.0,0.6666666666666666,0.0,1.0,2,4,2,239,0,4,0,1.0,1.0
26,full,DT_target,positive_mean_eligible,sentences,8,8,1057,0.25,1.0,0.4,0.0,1.0,2,8,2,391,0,8,0,1.0,1.0
26,full,FT_K1,signed_sum,all_body_tokens,0.05,53,1057,0.0,0.0,0.0,0.0,0.0,0,0,2,0,53,0,1,0.0,0.0
26,full,FT_K1,signed_sum,all_body_tokens,0.1,106,1057,1.0,0.5,0.6666666666666666,0.0,0.0,1,1,2,66,40,1,0,0.4230769230769231,0.5
26,full,FT_K1,signed_sum,all_body_tokens,0.2,212,1057,1.0,1.0,1.0,1.0,1.0,2,2,2,156,56,2,0,1.0,1.0
26,full,FT_K1,signed_sum,sentences,2,2,1057,1.0,1.0,1.0,1.0,1.0,2,2,2,156,0,2,0,1.0,1.0
26,full,FT_K1,signed_sum,sentences,4,4,1057,0.5,1.0,0.6666666666666666,0.0,1.0,2,4,2,289,0,4,0,1.0,1.0
26,full,FT_K1,signed_sum,sentences,8,8,1057,0.25,1.0,0.4,0.0,1.0,2,8,2,484,0,8,0,1.0,1.0
26,full,FT_K1,positive_mean_eligible,all_body_tokens,0.05,53,1057,0.0,0.0,0.0,0.0,0.0,0,0,2,0,53,0,1,0.0,0.0
26,full,FT_K1,positive_mean_eligible,all_body_tokens,0.1,106,1057,1.0,0.5,0.6666666666666666,0.0,0.0,1,1,2,66,40,1,0,0.4230769230769231,0.5
26,full,FT_K1,positive_mean_eligible,all_body_tokens,0.2,212,1057,0.6666666666666666,1.0,0.8,0.0,1.0,2,3,2,182,30,3,0,1.0,1.0
26,full,FT_K1,positive_mean_eligible,sentences,2,2,1057,1.0,1.0,1.0,1.0,1.0,2,2,2,156,0,2,0,1.0,1.0
26,full,FT_K1,positive_mean_eligible,sentences,4,4,1057,0.5,1.0,0.6666666666666666,0.0,1.0,2,4,2,222,0,4,0,1.0,1.0
26,full,FT_K1,positive_mean_eligible,sentences,8,8,1057,0.25,1.0,0.4,0.0,1.0,2,8,2,377,0,8,0,1.0,1.0
26,full,FT_K3,signed_sum,all_body_tokens,0.05,53,1057,0.0,0.0,0.0,0.0,0.0,0,0,2,0,53,0,1,0.0,0.0
26,full,FT_K3,signed_sum,all_body_tokens,0.1,106,1057,1.0,0.5,0.6666666666666666,0.0,0.0,1,1,2,66,40,1,0,0.4230769230769231,0.5
26,full,FT_K3,signed_sum,all_body_tokens,0.2,212,1057,1.0,1.0,1.0,1.0,1.0,2,2,2,156,56,2,0,1.0,1.0
26,full,FT_K3,signed_sum,sentences,2,2,1057,1.0,1.0,1.0,1.0,1.0,2,2,2,156,0,2,0,1.0,1.0
26,full,FT_K3,signed_sum,sentences,4,4,1057,0.5,1.0,0.6666666666666666,0.0,1.0,2,4,2,289,0,4,0,1.0,1.0
26,full,FT_K3,signed_sum,sentences,8,8,1057,0.25,1.0,0.4,0.0,1.0,2,8,2,484,0,8,0,1.0,1.0
26,full,FT_K3,positive_mean_eligible,all_body_tokens,0.05,53,1057,0.0,0.0,0.0,0.0,0.0,0,0,2,0,53,0,1,0.0,0.0
26,full,FT_K3,positive_mean_eligible,all_body_tokens,0.1,106,1057,1.0,0.5,0.6666666666666666,0.0,0.0,1,1,2,66,40,1,0,0.4230769230769231,0.5
26,full,FT_K3,positive_mean_eligible,all_body_tokens,0.2,212,1057,0.6666666666666666,1.0,0.8,0.0,1.0,2,3,2,182,30,3,0,1.0,1.0
26,full,FT_K3,positive_mean_eligible,sentences,2,2,1057,1.0,1.0,1.0,1.0,1.0,2,2,2,156,0,2,0,1.0,1.0
26,full,FT_K3,positive_mean_eligible,sentences,4,4,1057,0.5,1.0,0.6666666666666666,0.0,1.0,2,4,2,222,0,4,0,1.0,1.0
26,full,FT_K3,positive_mean_eligible,sentences,8,8,1057,0.25,1.0,0.4,0.0,1.0,2,8,2,377,0,8,0,1.0,1.0
27,full,DT_target,signed_sum,all_body_tokens,0.05,86,1719,0.5,0.5,0.5,0.0,0.0,1,2,2,62,24,2,0,0.547945205479452,1.0
27,full,DT_target,signed_sum,all_body_tokens,0.1,172,1719,0.4,1.0,0.5714285714285715,0.0,1.0,2,5,2,152,20,5,0,1.0,1.0
27,full,DT_target,signed_sum,all_body_tokens,0.2,344,1719,0.18181818181818182,1.0,0.3076923076923077,0.0,1.0,2,11,2,340,4,11,0,1.0,1.0
27,full,DT_target,signed_sum,sentences,2,2,1719,0.5,0.5,0.5,0.0,0.0,1,2,2,62,0,2,0,0.547945205479452,1.0
27,full,DT_target,signed_sum,sentences,4,4,1719,0.5,1.0,0.6666666666666666,0.0,1.0,2,4,2,139,0,4,0,1.0,1.0
27,full,DT_target,signed_sum,sentences,8,8,1719,0.25,1.0,0.4,0.0,1.0,2,8,2,252,0,8,0,1.0,1.0
27,full,DT_target,positive_mean_eligible,all_body_tokens,0.05,86,1719,0.3333333333333333,0.5,0.4,0.0,0.0,1,3,2,75,11,3,0,0.547945205479452,1.0
27,full,DT_target,positive_mean_eligible,all_body_tokens,0.1,172,1719,0.3333333333333333,1.0,0.5,0.0,1.0,2,6,2,171,1,6,0,1.0,1.0
27,full,DT_target,positive_mean_eligible,all_body_tokens,0.2,344,1719,0.16666666666666666,1.0,0.2857142857142857,0.0,1.0,2,12,2,343,1,12,0,1.0,1.0
27,full,DT_target,positive_mean_eligible,sentences,2,2,1719,0.5,0.5,0.5,0.0,0.0,1,2,2,62,0,2,0,0.547945205479452,1.0
27,full,DT_target,positive_mean_eligible,sentences,4,4,1719,0.5,1.0,0.6666666666666666,0.0,1.0,2,4,2,108,0,4,0,1.0,1.0
27,full,DT_target,positive_mean_eligible,sentences,8,8,1719,0.25,1.0,0.4,0.0,1.0,2,8,2,230,0,8,0,1.0,1.0
27,full,FT_K1,signed_sum,all_body_tokens,0.05,86,1719,1.0,1.0,1.0,1.0,1.0,2,2,2,73,13,2,0,1.0,1.0
27,full,FT_K1,signed_sum,all_body_tokens,0.1,172,1719,0.6666666666666666,1.0,0.8,0.0,1.0,2,3,2,142,30,3,0,1.0,1.0
27,full,FT_K1,signed_sum,all_body_tokens,0.2,344,1719,0.2,1.0,0.33333333333333337,0.0,1.0,2,10,2,343,1,10,0,1.0,1.0
27,full,FT_K1,signed_sum,sentences,2,2,1719,1.0,1.0,1.0,1.0,1.0,2,2,2,73,0,2,0,1.0,1.0
27,full,FT_K1,signed_sum,sentences,4,4,1719,0.5,1.0,0.6666666666666666,0.0,1.0,2,4,2,183,0,4,0,1.0,1.0
27,full,FT_K1,signed_sum,sentences,8,8,1719,0.25,1.0,0.4,0.0,1.0,2,8,2,284,0,8,0,1.0,1.0
27,full,FT_K1,positive_mean_eligible,all_body_tokens,0.05,86,1719,0.6666666666666666,1.0,0.8,0.0,1.0,2,3,2,86,0,3,0,1.0,1.0
27,full,FT_K1,positive_mean_eligible,all_body_tokens,0.1,172,1719,0.3333333333333333,1.0,0.5,0.0,1.0,2,6,2,157,15,6,0,1.0,1.0
27,full,FT_K1,positive_mean_eligible,all_body_tokens,0.2,344,1719,0.16666666666666666,1.0,0.2857142857142857,0.0,1.0,2,12,2,324,20,12,0,1.0,1.0
27,full,FT_K1,positive_mean_eligible,sentences,2,2,1719,0.5,0.5,0.5,0.0,0.0,1,2,2,46,0,2,0,0.4520547945205479,1.0
27,full,FT_K1,positive_mean_eligible,sentences,4,4,1719,0.5,1.0,0.6666666666666666,0.0,1.0,2,4,2,116,0,4,0,1.0,1.0
27,full,FT_K1,positive_mean_eligible,sentences,8,8,1719,0.25,1.0,0.4,0.0,1.0,2,8,2,200,0,8,0,1.0,1.0
27,full,FT_K3,signed_sum,all_body_tokens,0.05,86,1719,1.0,1.0,1.0,1.0,1.0,2,2,2,73,13,2,0,1.0,1.0
27,full,FT_K3,signed_sum,all_body_tokens,0.1,172,1719,0.6666666666666666,1.0,0.8,0.0,1.0,2,3,2,142,30,3,0,1.0,1.0
27,full,FT_K3,signed_sum,all_body_tokens,0.2,344,1719,0.2,1.0,0.33333333333333337,0.0,1.0,2,10,2,339,5,10,0,1.0,1.0
27,full,FT_K3,signed_sum,sentences,2,2,1719,1.0,1.0,1.0,1.0,1.0,2,2,2,73,0,2,0,1.0,1.0
27,full,FT_K3,signed_sum,sentences,4,4,1719,0.5,1.0,0.6666666666666666,0.0,1.0,2,4,2,183,0,4,0,1.0,1.0
27,full,FT_K3,signed_sum,sentences,8,8,1719,0.25,1.0,0.4,0.0,1.0,2,8,2,284,0,8,0,1.0,1.0
27,full,FT_K3,positive_mean_eligible,all_body_tokens,0.05,86,1719,0.6666666666666666,1.0,0.8,0.0,1.0,2,3,2,86,0,3,0,1.0,1.0
27,full,FT_K3,positive_mean_eligible,all_body_tokens,0.1,172,1719,0.3333333333333333,1.0,0.5,0.0,1.0,2,6,2,157,15,6,0,1.0,1.0
27,full,FT_K3,positive_mean_eligible,all_body_tokens,0.2,344,1719,0.16666666666666666,1.0,0.2857142857142857,0.0,1.0,2,12,2,324,20,12,0,1.0,1.0
27,full,FT_K3,positive_mean_eligible,sentences,2,2,1719,0.5,0.5,0.5,0.0,0.0,1,2,2,46,0,2,0,0.4520547945205479,1.0
27,full,FT_K3,positive_mean_eligible,sentences,4,4,1719,0.5,1.0,0.6666666666666666,0.0,1.0,2,4,2,116,0,4,0,1.0,1.0
27,full,FT_K3,positive_mean_eligible,sentences,8,8,1719,0.25,1.0,0.4,0.0,1.0,2,8,2,200,0,8,0,1.0,1.0
28,full,DT_target,signed_sum,all_body_tokens,0.05,48,956,1.0,0.3333333333333333,0.5,0.0,0.0,1,1,3,42,6,1,0,0.26582278481012656,0.3333333333333333
28,full,DT_target,signed_sum,all_body_tokens,0.1,96,956,1.0,0.3333333333333333,0.5,0.0,0.0,1,1,3,42,54,1,0,0.26582278481012656,0.6666666666666666
28,full,DT_target,signed_sum,all_body_tokens,0.2,192,956,0.75,1.0,0.8571428571428571,0.0,1.0,3,4,3,185,7,4,0,1.0,1.0
28,full,DT_target,signed_sum,sentences,2,2,956,1.0,0.6666666666666666,0.8,0.0,0.0,2,2,3,137,0,2,0,0.8670886075949367,0.6666666666666666
28,full,DT_target,signed_sum,sentences,4,4,956,0.75,1.0,0.8571428571428571,0.0,1.0,3,4,3,185,0,4,0,1.0,1.0
28,full,DT_target,signed_sum,sentences,8,8,956,0.375,1.0,0.5454545454545454,0.0,1.0,3,8,3,445,0,8,0,1.0,1.0
28,full,DT_target,positive_mean_eligible,all_body_tokens,0.05,48,956,1.0,0.3333333333333333,0.5,0.0,0.0,1,1,3,21,27,1,0,0.13291139240506328,0.3333333333333333
28,full,DT_target,positive_mean_eligible,all_body_tokens,0.1,96,956,0.6666666666666666,0.6666666666666666,0.6666666666666666,0.0,0.0,2,3,3,90,6,3,0,0.3987341772151899,0.6666666666666666
28,full,DT_target,positive_mean_eligible,all_body_tokens,0.2,192,956,0.75,1.0,0.8571428571428571,0.0,1.0,3,4,3,185,7,4,0,1.0,1.0
28,full,DT_target,positive_mean_eligible,sentences,2,2,956,1.0,0.6666666666666666,0.8,0.0,0.0,2,2,3,63,0,2,0,0.3987341772151899,0.6666666666666666
28,full,DT_target,positive_mean_eligible,sentences,4,4,956,0.75,1.0,0.8571428571428571,0.0,1.0,3,4,3,185,0,4,0,1.0,1.0
28,full,DT_target,positive_mean_eligible,sentences,8,8,956,0.375,1.0,0.5454545454545454,0.0,1.0,3,8,3,302,0,8,0,1.0,1.0
28,full,FT_K1,signed_sum,all_body_tokens,0.05,48,956,1.0,0.3333333333333333,0.5,0.0,0.0,1,1,3,21,27,1,0,0.13291139240506328,0.3333333333333333
28,full,FT_K1,signed_sum,all_body_tokens,0.1,96,956,1.0,0.3333333333333333,0.5,0.0,0.0,1,1,3,21,75,1,0,0.13291139240506328,0.6666666666666666
28,full,FT_K1,signed_sum,all_body_tokens,0.2,192,956,1.0,0.6666666666666666,0.8,0.0,0.0,2,2,3,116,76,2,0,0.7341772151898734,1.0
28,full,FT_K1,signed_sum,sentences,2,2,956,1.0,0.6666666666666666,0.8,0.0,0.0,2,2,3,116,0,2,0,0.7341772151898734,0.6666666666666666
28,full,FT_K1,signed_sum,sentences,4,4,956,0.5,0.6666666666666666,0.5714285714285715,0.0,0.0,2,4,3,241,0,4,0,0.7341772151898734,1.0
28,full,FT_K1,signed_sum,sentences,8,8,956,0.25,0.6666666666666666,0.36363636363636365,0.0,0.0,2,8,3,399,0,8,0,0.7341772151898734,1.0
28,full,FT_K1,positive_mean_eligible,all_body_tokens,0.05,48,956,0.3333333333333333,0.3333333333333333,0.3333333333333333,0.0,0.0,1,3,3,39,9,3,0,0.13291139240506328,0.3333333333333333
28,full,FT_K1,positive_mean_eligible,all_body_tokens,0.1,96,956,0.2,0.3333333333333333,0.25,0.0,0.0,1,5,3,92,4,5,0,0.13291139240506328,0.6666666666666666
28,full,FT_K1,positive_mean_eligible,all_body_tokens,0.2,192,956,0.1111111111111111,0.3333333333333333,0.16666666666666666,0.0,0.0,1,9,3,175,17,9,0,0.13291139240506328,1.0
28,full,FT_K1,positive_mean_eligible,sentences,2,2,956,0.5,0.3333333333333333,0.4,0.0,0.0,1,2,3,31,0,2,0,0.13291139240506328,0.6666666666666666
28,full,FT_K1,positive_mean_eligible,sentences,4,4,956,0.25,0.3333333333333333,0.28571428571428575,0.0,0.0,1,4,3,65,0,4,0,0.13291139240506328,1.0
28,full,FT_K1,positive_mean_eligible,sentences,8,8,956,0.125,0.3333333333333333,0.18181818181818182,0.0,0.0,1,8,3,163,0,8,0,0.13291139240506328,1.0
28,full,FT_K3,signed_sum,all_body_tokens,0.05,48,956,1.0,0.3333333333333333,0.5,0.0,0.0,1,1,3,21,27,1,0,0.13291139240506328,0.3333333333333333
28,full,FT_K3,signed_sum,all_body_tokens,0.1,96,956,1.0,0.3333333333333333,0.5,0.0,0.0,1,1,3,21,75,1,0,0.13291139240506328,0.6666666666666666
28,full,FT_K3,signed_sum,all_body_tokens,0.2,192,956,1.0,0.6666666666666666,0.8,0.0,0.0,2,2,3,116,76,2,0,0.7341772151898734,1.0
28,full,FT_K3,signed_sum,sentences,2,2,956,1.0,0.6666666666666666,0.8,0.0,0.0,2,2,3,116,0,2,0,0.7341772151898734,0.6666666666666666
28,full,FT_K3,signed_sum,sentences,4,4,956,0.5,0.6666666666666666,0.5714285714285715,0.0,0.0,2,4,3,241,0,4,0,0.7341772151898734,1.0
28,full,FT_K3,signed_sum,sentences,8,8,956,0.25,0.6666666666666666,0.36363636363636365,0.0,0.0,2,8,3,399,0,8,0,0.7341772151898734,1.0
28,full,FT_K3,positive_mean_eligible,all_body_tokens,0.05,48,956,0.3333333333333333,0.3333333333333333,0.3333333333333333,0.0,0.0,1,3,3,39,9,3,0,0.13291139240506328,0.3333333333333333
28,full,FT_K3,positive_mean_eligible,all_body_tokens,0.1,96,956,0.2,0.3333333333333333,0.25,0.0,0.0,1,5,3,92,4,5,0,0.13291139240506328,0.6666666666666666
28,full,FT_K3,positive_mean_eligible,all_body_tokens,0.2,192,956,0.1111111111111111,0.3333333333333333,0.16666666666666666,0.0,0.0,1,9,3,175,17,9,0,0.13291139240506328,1.0
28,full,FT_K3,positive_mean_eligible,sentences,2,2,956,0.5,0.3333333333333333,0.4,0.0,0.0,1,2,3,31,0,2,0,0.13291139240506328,0.6666666666666666
28,full,FT_K3,positive_mean_eligible,sentences,4,4,956,0.25,0.3333333333333333,0.28571428571428575,0.0,0.0,1,4,3,65,0,4,0,0.13291139240506328,1.0
28,full,FT_K3,positive_mean_eligible,sentences,8,8,956,0.125,0.3333333333333333,0.18181818181818182,0.0,0.0,1,8,3,163,0,8,0,0.13291139240506328,1.0
29,full,DT_target,signed_sum,all_body_tokens,0.05,45,896,0.0,0.0,0.0,0.0,0.0,0,0,3,0,45,0,1,0.0,0.3333333333333333
29,full,DT_target,signed_sum,all_body_tokens,0.1,90,896,1.0,0.6666666666666666,0.8,0.0,0.0,2,2,3,73,17,2,0,0.776595744680851,0.6666666666666666
29,full,DT_target,signed_sum,all_body_tokens,0.2,180,896,0.75,1.0,0.8571428571428571,0.0,1.0,3,4,3,143,37,4,0,1.0,1.0
29,full,DT_target,signed_sum,sentences,2,2,896,1.0,0.6666666666666666,0.8,0.0,0.0,2,2,3,73,0,2,0,0.776595744680851,0.6666666666666666
29,full,DT_target,signed_sum,sentences,4,4,896,0.75,1.0,0.8571428571428571,0.0,1.0,3,4,3,143,0,4,0,1.0,1.0
29,full,DT_target,signed_sum,sentences,8,8,896,0.375,1.0,0.5454545454545454,0.0,1.0,3,8,3,381,0,8,0,1.0,1.0
29,full,DT_target,positive_mean_eligible,all_body_tokens,0.05,45,896,0.0,0.0,0.0,0.0,0.0,0,0,3,0,45,0,1,0.0,0.3333333333333333
29,full,DT_target,positive_mean_eligible,all_body_tokens,0.1,90,896,1.0,0.6666666666666666,0.8,0.0,0.0,2,2,3,73,17,2,0,0.776595744680851,0.6666666666666666
29,full,DT_target,positive_mean_eligible,all_body_tokens,0.2,180,896,0.6,1.0,0.7499999999999999,0.0,1.0,3,5,3,136,44,5,0,1.0,1.0
29,full,DT_target,positive_mean_eligible,sentences,2,2,896,1.0,0.6666666666666666,0.8,0.0,0.0,2,2,3,73,0,2,0,0.776595744680851,0.6666666666666666
29,full,DT_target,positive_mean_eligible,sentences,4,4,896,0.75,1.0,0.8571428571428571,0.0,1.0,3,4,3,125,0,4,0,1.0,1.0
29,full,DT_target,positive_mean_eligible,sentences,8,8,896,0.375,1.0,0.5454545454545454,0.0,1.0,3,8,3,227,0,8,0,1.0,1.0
29,full,FT_K1,signed_sum,all_body_tokens,0.05,45,896,0.0,0.0,0.0,0.0,0.0,0,0,3,0,45,0,1,0.0,0.3333333333333333
29,full,FT_K1,signed_sum,all_body_tokens,0.1,90,896,0.5,0.3333333333333333,0.4,0.0,0.0,1,2,3,78,12,2,0,0.5,0.6666666666666666
29,full,FT_K1,signed_sum,all_body_tokens,0.2,180,896,0.6666666666666666,0.6666666666666666,0.6666666666666666,0.0,0.0,2,3,3,99,81,3,0,0.723404255319149,1.0
29,full,FT_K1,signed_sum,sentences,2,2,896,0.5,0.3333333333333333,0.4,0.0,0.0,1,2,3,78,0,2,0,0.5,0.6666666666666666
29,full,FT_K1,signed_sum,sentences,4,4,896,0.5,0.6666666666666666,0.5714285714285715,0.0,0.0,2,4,3,185,0,4,0,0.723404255319149,1.0
29,full,FT_K1,signed_sum,sentences,8,8,896,0.25,0.6666666666666666,0.36363636363636365,0.0,0.0,2,8,3,377,0,8,0,0.723404255319149,1.0
29,full,FT_K1,positive_mean_eligible,all_body_tokens,0.05,45,896,1.0,0.3333333333333333,0.5,0.0,0.0,1,1,3,21,24,1,0,0.22340425531914893,0.3333333333333333
29,full,FT_K1,positive_mean_eligible,all_body_tokens,0.1,90,896,0.3333333333333333,0.3333333333333333,0.3333333333333333,0.0,0.0,1,3,3,63,27,3,0,0.22340425531914893,0.6666666666666666
29,full,FT_K1,positive_mean_eligible,all_body_tokens,0.2,180,896,0.3333333333333333,0.6666666666666666,0.4444444444444444,0.0,0.0,2,6,3,147,33,6,0,0.723404255319149,1.0
29,full,FT_K1,positive_mean_eligible,sentences,2,2,896,0.5,0.3333333333333333,0.4,0.0,0.0,1,2,3,52,0,2,0,0.22340425531914893,0.6666666666666666
29,full,FT_K1,positive_mean_eligible,sentences,4,4,896,0.5,0.6666666666666666,0.5714285714285715,0.0,0.0,2,4,3,110,0,4,0,0.723404255319149,1.0
29,full,FT_K1,positive_mean_eligible,sentences,8,8,896,0.25,0.6666666666666666,0.36363636363636365,0.0,0.0,2,8,3,218,0,8,0,0.723404255319149,1.0
29,full,FT_K3,signed_sum,all_body_tokens,0.05,45,896,0.0,0.0,0.0,0.0,0.0,0,0,3,0,45,0,1,0.0,0.3333333333333333
29,full,FT_K3,signed_sum,all_body_tokens,0.1,90,896,0.5,0.3333333333333333,0.4,0.0,0.0,1,2,3,78,12,2,0,0.5,0.6666666666666666
29,full,FT_K3,signed_sum,all_body_tokens,0.2,180,896,0.6666666666666666,0.6666666666666666,0.6666666666666666,0.0,0.0,2,3,3,99,81,3,0,0.723404255319149,1.0
29,full,FT_K3,signed_sum,sentences,2,2,896,0.5,0.3333333333333333,0.4,0.0,0.0,1,2,3,78,0,2,0,0.5,0.6666666666666666
29,full,FT_K3,signed_sum,sentences,4,4,896,0.5,0.6666666666666666,0.5714285714285715,0.0,0.0,2,4,3,185,0,4,0,0.723404255319149,1.0
29,full,FT_K3,signed_sum,sentences,8,8,896,0.25,0.6666666666666666,0.36363636363636365,0.0,0.0,2,8,3,377,0,8,0,0.723404255319149,1.0
29,full,FT_K3,positive_mean_eligible,all_body_tokens,0.05,45,896,1.0,0.3333333333333333,0.5,0.0,0.0,1,1,3,21,24,1,0,0.22340425531914893,0.3333333333333333
29,full,FT_K3,positive_mean_eligible,all_body_tokens,0.1,90,896,0.5,0.3333333333333333,0.4,0.0,0.0,1,2,3,52,38,2,0,0.22340425531914893,0.6666666666666666
29,full,FT_K3,positive_mean_eligible,all_body_tokens,0.2,180,896,0.4,0.6666666666666666,0.5,0.0,0.0,2,5,3,132,48,5,0,0.723404255319149,1.0
29,full,FT_K3,positive_mean_eligible,sentences,2,2,896,0.5,0.3333333333333333,0.4,0.0,0.0,1,2,3,52,0,2,0,0.22340425531914893,0.6666666666666666
29,full,FT_K3,positive_mean_eligible,sentences,4,4,896,0.5,0.6666666666666666,0.5714285714285715,0.0,0.0,2,4,3,110,0,4,0,0.723404255319149,1.0
29,full,FT_K3,positive_mean_eligible,sentences,8,8,896,0.25,0.6666666666666666,0.36363636363636365,0.0,0.0,2,8,3,218,0,8,0,0.723404255319149,1.0
30,full,DT_target,signed_sum,all_body_tokens,0.05,64,1278,0.5,0.5,0.5,0.0,0.0,1,2,2,46,18,2,0,0.3018867924528302,1.0
30,full,DT_target,signed_sum,all_body_tokens,0.1,128,1278,0.25,0.5,0.3333333333333333,0.0,0.0,1,4,2,124,4,4,0,0.3018867924528302,1.0
30,full,DT_target,signed_sum,all_body_tokens,0.2,256,1278,0.14285714285714285,0.5,0.22222222222222224,0.0,0.0,1,7,2,232,24,7,0,0.3018867924528302,1.0
30,full,DT_target,signed_sum,sentences,2,2,1278,0.5,0.5,0.5,0.0,0.0,1,2,2,46,0,2,0,0.3018867924528302,1.0
30,full,DT_target,signed_sum,sentences,4,4,1278,0.25,0.5,0.3333333333333333,0.0,0.0,1,4,2,124,0,4,0,0.3018867924528302,1.0
30,full,DT_target,signed_sum,sentences,8,8,1278,0.125,0.5,0.2,0.0,0.0,1,8,2,260,0,8,0,0.3018867924528302,1.0
30,full,DT_target,positive_mean_eligible,all_body_tokens,0.05,64,1278,0.5,0.5,0.5,0.0,0.0,1,2,2,46,18,2,0,0.3018867924528302,1.0
30,full,DT_target,positive_mean_eligible,all_body_tokens,0.1,128,1278,0.5,1.0,0.6666666666666666,0.0,1.0,2,4,2,102,26,4,0,1.0,1.0
30,full,DT_target,positive_mean_eligible,all_body_tokens,0.2,256,1278,0.2222222222222222,1.0,0.3636363636363636,0.0,1.0,2,9,2,253,3,9,0,1.0,1.0
30,full,DT_target,positive_mean_eligible,sentences,2,2,1278,0.5,0.5,0.5,0.0,0.0,1,2,2,46,0,2,0,0.3018867924528302,1.0
30,full,DT_target,positive_mean_eligible,sentences,4,4,1278,0.5,1.0,0.6666666666666666,0.0,1.0,2,4,2,102,0,4,0,1.0,1.0
30,full,DT_target,positive_mean_eligible,sentences,8,8,1278,0.25,1.0,0.4,0.0,1.0,2,8,2,219,0,8,0,1.0,1.0
30,full,FT_K1,signed_sum,all_body_tokens,0.05,64,1278,1.0,0.5,0.6666666666666666,0.0,0.0,1,1,2,16,48,1,0,0.3018867924528302,1.0
30,full,FT_K1,signed_sum,all_body_tokens,0.1,128,1278,0.6666666666666666,1.0,0.8,0.0,1.0,2,3,2,104,24,3,0,1.0,1.0
30,full,FT_K1,signed_sum,all_body_tokens,0.2,256,1278,0.3333333333333333,1.0,0.5,0.0,1.0,2,6,2,240,16,6,0,1.0,1.0
30,full,FT_K1,signed_sum,sentences,2,2,1278,0.5,0.5,0.5,0.0,0.0,1,2,2,67,0,2,0,0.3018867924528302,1.0
30,full,FT_K1,signed_sum,sentences,4,4,1278,0.5,1.0,0.6666666666666666,0.0,1.0,2,4,2,133,0,4,0,1.0,1.0
30,full,FT_K1,signed_sum,sentences,8,8,1278,0.25,1.0,0.4,0.0,1.0,2,8,2,287,0,8,0,1.0,1.0
30,full,FT_K1,positive_mean_eligible,all_body_tokens,0.05,64,1278,1.0,0.5,0.6666666666666666,0.0,0.0,1,1,2,16,48,1,0,0.3018867924528302,1.0
30,full,FT_K1,positive_mean_eligible,all_body_tokens,0.1,128,1278,0.3333333333333333,0.5,0.4,0.0,0.0,1,3,2,96,32,3,0,0.3018867924528302,1.0
30,full,FT_K1,positive_mean_eligible,all_body_tokens,0.2,256,1278,0.2222222222222222,1.0,0.3636363636363636,0.0,1.0,2,9,2,246,10,9,0,1.0,1.0
30,full,FT_K1,positive_mean_eligible,sentences,2,2,1278,0.5,0.5,0.5,0.0,0.0,1,2,2,67,0,2,0,0.3018867924528302,1.0
30,full,FT_K1,positive_mean_eligible,sentences,4,4,1278,0.5,1.0,0.6666666666666666,0.0,1.0,2,4,2,133,0,4,0,1.0,1.0
30,full,FT_K1,positive_mean_eligible,sentences,8,8,1278,0.25,1.0,0.4,0.0,1.0,2,8,2,218,0,8,0,1.0,1.0
30,full,FT_K3,signed_sum,all_body_tokens,0.05,64,1278,1.0,0.5,0.6666666666666666,0.0,0.0,1,1,2,16,48,1,0,0.3018867924528302,1.0
30,full,FT_K3,signed_sum,all_body_tokens,0.1,128,1278,0.6666666666666666,1.0,0.8,0.0,1.0,2,3,2,104,24,3,0,1.0,1.0
30,full,FT_K3,signed_sum,all_body_tokens,0.2,256,1278,0.3333333333333333,1.0,0.5,0.0,1.0,2,6,2,240,16,6,0,1.0,1.0
30,full,FT_K3,signed_sum,sentences,2,2,1278,0.5,0.5,0.5,0.0,0.0,1,2,2,67,0,2,0,0.3018867924528302,1.0
30,full,FT_K3,signed_sum,sentences,4,4,1278,0.5,1.0,0.6666666666666666,0.0,1.0,2,4,2,133,0,4,0,1.0,1.0
30,full,FT_K3,signed_sum,sentences,8,8,1278,0.25,1.0,0.4,0.0,1.0,2,8,2,287,0,8,0,1.0,1.0
30,full,FT_K3,positive_mean_eligible,all_body_tokens,0.05,64,1278,1.0,0.5,0.6666666666666666,0.0,0.0,1,1,2,16,48,1,0,0.3018867924528302,1.0
30,full,FT_K3,positive_mean_eligible,all_body_tokens,0.1,128,1278,0.6666666666666666,1.0,0.8,0.0,1.0,2,3,2,104,24,3,0,1.0,1.0
30,full,FT_K3,positive_mean_eligible,all_body_tokens,0.2,256,1278,0.2222222222222222,1.0,0.3636363636363636,0.0,1.0,2,9,2,246,10,9,0,1.0,1.0
30,full,FT_K3,positive_mean_eligible,sentences,2,2,1278,0.5,0.5,0.5,0.0,0.0,1,2,2,67,0,2,0,0.3018867924528302,1.0
30,full,FT_K3,positive_mean_eligible,sentences,4,4,1278,0.5,1.0,0.6666666666666666,0.0,1.0,2,4,2,133,0,4,0,1.0,1.0
30,full,FT_K3,positive_mean_eligible,sentences,8,8,1278,0.25,1.0,0.4,0.0,1.0,2,8,2,218,0,8,0,1.0,1.0
31,full,DT_target,signed_sum,all_body_tokens,0.05,90,1796,1.0,1.0,1.0,1.0,1.0,2,2,2,60,30,2,0,1.0,1.0
31,full,DT_target,signed_sum,all_body_tokens,0.1,180,1796,0.5,1.0,0.6666666666666666,0.0,1.0,2,4,2,174,6,4,0,1.0,1.0
31,full,DT_target,signed_sum,all_body_tokens,0.2,360,1796,0.2857142857142857,1.0,0.4444444444444445,0.0,1.0,2,7,2,290,70,7,0,1.0,1.0
31,full,DT_target,signed_sum,sentences,2,2,1796,1.0,1.0,1.0,1.0,1.0,2,2,2,60,0,2,0,1.0,1.0
31,full,DT_target,signed_sum,sentences,4,4,1796,0.5,1.0,0.6666666666666666,0.0,1.0,2,4,2,174,0,4,0,1.0,1.0
31,full,DT_target,signed_sum,sentences,8,8,1796,0.25,1.0,0.4,0.0,1.0,2,8,2,361,0,8,0,1.0,1.0
31,full,DT_target,positive_mean_eligible,all_body_tokens,0.05,90,1796,1.0,1.0,1.0,1.0,1.0,2,2,2,60,30,2,0,1.0,1.0
31,full,DT_target,positive_mean_eligible,all_body_tokens,0.1,180,1796,0.5,1.0,0.6666666666666666,0.0,1.0,2,4,2,150,30,4,0,1.0,1.0
31,full,DT_target,positive_mean_eligible,all_body_tokens,0.2,360,1796,0.2222222222222222,1.0,0.3636363636363636,0.0,1.0,2,9,2,335,25,9,0,1.0,1.0
31,full,DT_target,positive_mean_eligible,sentences,2,2,1796,1.0,1.0,1.0,1.0,1.0,2,2,2,60,0,2,0,1.0,1.0
31,full,DT_target,positive_mean_eligible,sentences,4,4,1796,0.5,1.0,0.6666666666666666,0.0,1.0,2,4,2,150,0,4,0,1.0,1.0
31,full,DT_target,positive_mean_eligible,sentences,8,8,1796,0.25,1.0,0.4,0.0,1.0,2,8,2,315,0,8,0,1.0,1.0
31,full,FT_K1,signed_sum,all_body_tokens,0.05,90,1796,1.0,1.0,1.0,1.0,1.0,2,2,2,60,30,2,0,1.0,1.0
31,full,FT_K1,signed_sum,all_body_tokens,0.1,180,1796,0.5,1.0,0.6666666666666666,0.0,1.0,2,4,2,150,30,4,0,1.0,1.0
31,full,FT_K1,signed_sum,all_body_tokens,0.2,360,1796,0.25,1.0,0.4,0.0,1.0,2,8,2,347,13,8,0,1.0,1.0
31,full,FT_K1,signed_sum,sentences,2,2,1796,1.0,1.0,1.0,1.0,1.0,2,2,2,60,0,2,0,1.0,1.0
31,full,FT_K1,signed_sum,sentences,4,4,1796,0.5,1.0,0.6666666666666666,0.0,1.0,2,4,2,150,0,4,0,1.0,1.0
31,full,FT_K1,signed_sum,sentences,8,8,1796,0.25,1.0,0.4,0.0,1.0,2,8,2,347,0,8,0,1.0,1.0
31,full,FT_K1,positive_mean_eligible,all_body_tokens,0.05,90,1796,0.5,0.5,0.5,0.0,0.0,1,2,2,51,39,2,0,0.25,1.0
31,full,FT_K1,positive_mean_eligible,all_body_tokens,0.1,180,1796,0.3333333333333333,1.0,0.5,0.0,1.0,2,6,2,175,5,6,0,1.0,1.0
31,full,FT_K1,positive_mean_eligible,all_body_tokens,0.2,360,1796,0.2,1.0,0.33333333333333337,0.0,1.0,2,10,2,308,52,10,0,1.0,1.0
31,full,FT_K1,positive_mean_eligible,sentences,2,2,1796,0.5,0.5,0.5,0.0,0.0,1,2,2,51,0,2,0,0.25,1.0
31,full,FT_K1,positive_mean_eligible,sentences,4,4,1796,0.5,1.0,0.6666666666666666,0.0,1.0,2,4,2,109,0,4,0,1.0,1.0
31,full,FT_K1,positive_mean_eligible,sentences,8,8,1796,0.25,1.0,0.4,0.0,1.0,2,8,2,229,0,8,0,1.0,1.0
31,full,FT_K3,signed_sum,all_body_tokens,0.05,90,1796,1.0,1.0,1.0,1.0,1.0,2,2,2,60,30,2,0,1.0,1.0
31,full,FT_K3,signed_sum,all_body_tokens,0.1,180,1796,0.5,1.0,0.6666666666666666,0.0,1.0,2,4,2,150,30,4,0,1.0,1.0
31,full,FT_K3,signed_sum,all_body_tokens,0.2,360,1796,0.25,1.0,0.4,0.0,1.0,2,8,2,347,13,8,0,1.0,1.0
31,full,FT_K3,signed_sum,sentences,2,2,1796,1.0,1.0,1.0,1.0,1.0,2,2,2,60,0,2,0,1.0,1.0
31,full,FT_K3,signed_sum,sentences,4,4,1796,0.5,1.0,0.6666666666666666,0.0,1.0,2,4,2,150,0,4,0,1.0,1.0
31,full,FT_K3,signed_sum,sentences,8,8,1796,0.25,1.0,0.4,0.0,1.0,2,8,2,347,0,8,0,1.0,1.0
31,full,FT_K3,positive_mean_eligible,all_body_tokens,0.05,90,1796,0.5,0.5,0.5,0.0,0.0,1,2,2,51,39,2,0,0.25,1.0
31,full,FT_K3,positive_mean_eligible,all_body_tokens,0.1,180,1796,0.3333333333333333,1.0,0.5,0.0,1.0,2,6,2,175,5,6,0,1.0,1.0
31,full,FT_K3,positive_mean_eligible,all_body_tokens,0.2,360,1796,0.2,1.0,0.33333333333333337,0.0,1.0,2,10,2,308,52,10,0,1.0,1.0
31,full,FT_K3,positive_mean_eligible,sentences,2,2,1796,0.5,0.5,0.5,0.0,0.0,1,2,2,51,0,2,0,0.25,1.0
31,full,FT_K3,positive_mean_eligible,sentences,4,4,1796,0.5,1.0,0.6666666666666666,0.0,1.0,2,4,2,109,0,4,0,1.0,1.0
31,full,FT_K3,positive_mean_eligible,sentences,8,8,1796,0.25,1.0,0.4,0.0,1.0,2,8,2,229,0,8,0,1.0,1.0
32,full,DT_target,signed_sum,all_body_tokens,0.05,60,1191,0.5,0.3333333333333333,0.4,0.0,0.0,1,2,3,55,5,2,0,0.08547008547008547,0.6666666666666666
32,full,DT_target,signed_sum,all_body_tokens,0.1,120,1191,0.5,0.3333333333333333,0.4,0.0,0.0,1,2,3,55,65,2,0,0.08547008547008547,1.0
32,full,DT_target,signed_sum,all_body_tokens,0.2,239,1191,0.4,0.6666666666666666,0.5,0.0,0.0,2,5,3,232,7,5,0,0.6752136752136753,1.0
32,full,DT_target,signed_sum,sentences,2,2,1191,0.5,0.3333333333333333,0.4,0.0,0.0,1,2,3,55,0,2,0,0.08547008547008547,0.6666666666666666
32,full,DT_target,signed_sum,sentences,4,4,1191,0.25,0.3333333333333333,0.28571428571428575,0.0,0.0,1,4,3,163,0,4,0,0.08547008547008547,1.0
32,full,DT_target,signed_sum,sentences,8,8,1191,0.25,0.6666666666666666,0.36363636363636365,0.0,0.0,2,8,3,366,0,8,0,0.6752136752136753,1.0
32,full,DT_target,positive_mean_eligible,all_body_tokens,0.05,60,1191,0.5,0.3333333333333333,0.4,0.0,0.0,1,2,3,55,5,2,0,0.08547008547008547,0.6666666666666666
32,full,DT_target,positive_mean_eligible,all_body_tokens,0.1,120,1191,0.3333333333333333,0.3333333333333333,0.3333333333333333,0.0,0.0,1,3,3,82,38,3,0,0.08547008547008547,1.0
32,full,DT_target,positive_mean_eligible,all_body_tokens,0.2,239,1191,0.2857142857142857,0.6666666666666666,0.4,0.0,0.0,2,7,3,228,11,7,0,0.41025641025641024,1.0
32,full,DT_target,positive_mean_eligible,sentences,2,2,1191,0.5,0.3333333333333333,0.4,0.0,0.0,1,2,3,55,0,2,0,0.08547008547008547,0.6666666666666666
32,full,DT_target,positive_mean_eligible,sentences,4,4,1191,0.25,0.3333333333333333,0.28571428571428575,0.0,0.0,1,4,3,146,0,4,0,0.08547008547008547,1.0
32,full,DT_target,positive_mean_eligible,sentences,8,8,1191,0.25,0.6666666666666666,0.36363636363636365,0.0,0.0,2,8,3,265,0,8,0,0.41025641025641024,1.0
32,full,FT_K1,signed_sum,all_body_tokens,0.05,60,1191,1.0,0.3333333333333333,0.5,0.0,0.0,1,1,3,38,22,1,0,0.3247863247863248,0.6666666666666666
32,full,FT_K1,signed_sum,all_body_tokens,0.1,120,1191,0.5,0.3333333333333333,0.4,0.0,0.0,1,2,3,102,18,2,0,0.3247863247863248,1.0
32,full,FT_K1,signed_sum,all_body_tokens,0.2,239,1191,0.25,0.3333333333333333,0.28571428571428575,0.0,0.0,1,4,3,216,23,4,0,0.3247863247863248,1.0
32,full,FT_K1,signed_sum,sentences,2,2,1191,0.5,0.3333333333333333,0.4,0.0,0.0,1,2,3,102,0,2,0,0.3247863247863248,0.6666666666666666
32,full,FT_K1,signed_sum,sentences,4,4,1191,0.25,0.3333333333333333,0.28571428571428575,0.0,0.0,1,4,3,216,0,4,0,0.3247863247863248,1.0
32,full,FT_K1,signed_sum,sentences,8,8,1191,0.375,1.0,0.5454545454545454,0.0,1.0,3,8,3,367,0,8,0,1.0,1.0
32,full,FT_K1,positive_mean_eligible,all_body_tokens,0.05,60,1191,1.0,0.6666666666666666,0.8,0.0,0.0,2,2,3,48,12,2,0,0.41025641025641024,0.6666666666666666
32,full,FT_K1,positive_mean_eligible,all_body_tokens,0.1,120,1191,0.6666666666666666,0.6666666666666666,0.6666666666666666,0.0,0.0,2,3,3,112,8,3,0,0.41025641025641024,1.0
32,full,FT_K1,positive_mean_eligible,all_body_tokens,0.2,239,1191,0.2,0.6666666666666666,0.30769230769230765,0.0,0.0,2,10,3,236,3,10,0,0.41025641025641024,1.0
32,full,FT_K1,positive_mean_eligible,sentences,2,2,1191,1.0,0.6666666666666666,0.8,0.0,0.0,2,2,3,48,0,2,0,0.41025641025641024,0.6666666666666666
32,full,FT_K1,positive_mean_eligible,sentences,4,4,1191,0.5,0.6666666666666666,0.5714285714285715,0.0,0.0,2,4,3,145,0,4,0,0.41025641025641024,1.0
32,full,FT_K1,positive_mean_eligible,sentences,8,8,1191,0.25,0.6666666666666666,0.36363636363636365,0.0,0.0,2,8,3,210,0,8,0,0.41025641025641024,1.0
32,full,FT_K3,signed_sum,all_body_tokens,0.05,60,1191,1.0,0.3333333333333333,0.5,0.0,0.0,1,1,3,38,22,1,0,0.3247863247863248,0.6666666666666666
32,full,FT_K3,signed_sum,all_body_tokens,0.1,120,1191,0.5,0.3333333333333333,0.4,0.0,0.0,1,2,3,102,18,2,0,0.3247863247863248,1.0
32,full,FT_K3,signed_sum,all_body_tokens,0.2,239,1191,0.25,0.3333333333333333,0.28571428571428575,0.0,0.0,1,4,3,216,23,4,0,0.3247863247863248,1.0
32,full,FT_K3,signed_sum,sentences,2,2,1191,0.5,0.3333333333333333,0.4,0.0,0.0,1,2,3,102,0,2,0,0.3247863247863248,0.6666666666666666
32,full,FT_K3,signed_sum,sentences,4,4,1191,0.25,0.3333333333333333,0.28571428571428575,0.0,0.0,1,4,3,216,0,4,0,0.3247863247863248,1.0
32,full,FT_K3,signed_sum,sentences,8,8,1191,0.375,1.0,0.5454545454545454,0.0,1.0,3,8,3,367,0,8,0,1.0,1.0
32,full,FT_K3,positive_mean_eligible,all_body_tokens,0.05,60,1191,1.0,0.6666666666666666,0.8,0.0,0.0,2,2,3,48,12,2,0,0.41025641025641024,0.6666666666666666
32,full,FT_K3,positive_mean_eligible,all_body_tokens,0.1,120,1191,0.6666666666666666,0.6666666666666666,0.6666666666666666,0.0,0.0,2,3,3,112,8,3,0,0.41025641025641024,1.0
32,full,FT_K3,positive_mean_eligible,all_body_tokens,0.2,239,1191,0.2222222222222222,0.6666666666666666,0.3333333333333333,0.0,0.0,2,9,3,220,19,9,0,0.41025641025641024,1.0
32,full,FT_K3,positive_mean_eligible,sentences,2,2,1191,1.0,0.6666666666666666,0.8,0.0,0.0,2,2,3,48,0,2,0,0.41025641025641024,0.6666666666666666
32,full,FT_K3,positive_mean_eligible,sentences,4,4,1191,0.5,0.6666666666666666,0.5714285714285715,0.0,0.0,2,4,3,145,0,4,0,0.41025641025641024,1.0
32,full,FT_K3,positive_mean_eligible,sentences,8,8,1191,0.25,0.6666666666666666,0.36363636363636365,0.0,0.0,2,8,3,210,0,8,0,0.41025641025641024,1.0
33,full,DT_target,signed_sum,all_body_tokens,0.05,55,1095,1.0,0.3333333333333333,0.5,0.0,0.0,1,1,3,20,35,1,0,0.2,0.6666666666666666
33,full,DT_target,signed_sum,all_body_tokens,0.1,110,1095,1.0,1.0,1.0,1.0,1.0,3,3,3,100,10,3,0,1.0,1.0
33,full,DT_target,signed_sum,all_body_tokens,0.2,219,1095,1.0,1.0,1.0,1.0,1.0,3,3,3,100,119,3,0,1.0,1.0
33,full,DT_target,signed_sum,sentences,2,2,1095,1.0,0.6666666666666666,0.8,0.0,0.0,2,2,3,81,0,2,0,0.81,0.6666666666666666
33,full,DT_target,signed_sum,sentences,4,4,1095,0.75,1.0,0.8571428571428571,0.0,1.0,3,4,3,235,0,4,0,1.0,1.0
33,full,DT_target,signed_sum,sentences,8,8,1095,0.375,1.0,0.5454545454545454,0.0,1.0,3,8,3,404,0,8,0,1.0,1.0
33,full,DT_target,positive_mean_eligible,all_body_tokens,0.05,55,1095,1.0,0.6666666666666666,0.8,0.0,0.0,2,2,3,39,16,2,0,0.39,0.6666666666666666
33,full,DT_target,positive_mean_eligible,all_body_tokens,0.1,110,1095,1.0,1.0,1.0,1.0,1.0,3,3,3,100,10,3,0,1.0,1.0
33,full,DT_target,positive_mean_eligible,all_body_tokens,0.2,219,1095,0.5,1.0,0.6666666666666666,0.0,1.0,3,6,3,207,12,6,0,1.0,1.0
33,full,DT_target,positive_mean_eligible,sentences,2,2,1095,1.0,0.6666666666666666,0.8,0.0,0.0,2,2,3,39,0,2,0,0.39,0.6666666666666666
33,full,DT_target,positive_mean_eligible,sentences,4,4,1095,0.75,1.0,0.8571428571428571,0.0,1.0,3,4,3,135,0,4,0,1.0,1.0
33,full,DT_target,positive_mean_eligible,sentences,8,8,1095,0.375,1.0,0.5454545454545454,0.0,1.0,3,8,3,267,0,8,0,1.0,1.0
33,full,FT_K1,signed_sum,all_body_tokens,0.05,55,1095,1.0,0.3333333333333333,0.5,0.0,0.0,1,1,3,20,35,1,0,0.2,0.6666666666666666
33,full,FT_K1,signed_sum,all_body_tokens,0.1,110,1095,1.0,0.6666666666666666,0.8,0.0,0.0,2,2,3,81,29,2,0,0.81,1.0
33,full,FT_K1,signed_sum,all_body_tokens,0.2,219,1095,0.6666666666666666,0.6666666666666666,0.6666666666666666,0.0,0.0,2,3,3,216,3,3,0,0.81,1.0
33,full,FT_K1,signed_sum,sentences,2,2,1095,1.0,0.6666666666666666,0.8,0.0,0.0,2,2,3,81,0,2,0,0.81,0.6666666666666666
33,full,FT_K1,signed_sum,sentences,4,4,1095,0.5,0.6666666666666666,0.5714285714285715,0.0,0.0,2,4,3,245,0,4,0,0.81,1.0
33,full,FT_K1,signed_sum,sentences,8,8,1095,0.375,1.0,0.5454545454545454,0.0,1.0,3,8,3,380,0,8,0,1.0,1.0
33,full,FT_K1,positive_mean_eligible,all_body_tokens,0.05,55,1095,1.0,0.3333333333333333,0.5,0.0,0.0,1,1,3,20,35,1,0,0.2,0.6666666666666666
33,full,FT_K1,positive_mean_eligible,all_body_tokens,0.1,110,1095,0.6666666666666666,0.6666666666666666,0.6666666666666666,0.0,0.0,2,3,3,110,0,3,0,0.81,1.0
33,full,FT_K1,positive_mean_eligible,all_body_tokens,0.2,219,1095,0.5,1.0,0.6666666666666666,0.0,1.0,3,6,3,175,44,6,0,1.0,1.0
33,full,FT_K1,positive_mean_eligible,sentences,2,2,1095,1.0,0.6666666666666666,0.8,0.0,0.0,2,2,3,81,0,2,0,0.81,0.6666666666666666
33,full,FT_K1,positive_mean_eligible,sentences,4,4,1095,0.75,1.0,0.8571428571428571,0.0,1.0,3,4,3,129,0,4,0,1.0,1.0
33,full,FT_K1,positive_mean_eligible,sentences,8,8,1095,0.375,1.0,0.5454545454545454,0.0,1.0,3,8,3,260,0,8,0,1.0,1.0
33,full,FT_K3,signed_sum,all_body_tokens,0.05,55,1095,1.0,0.3333333333333333,0.5,0.0,0.0,1,1,3,20,35,1,0,0.2,0.6666666666666666
33,full,FT_K3,signed_sum,all_body_tokens,0.1,110,1095,1.0,0.6666666666666666,0.8,0.0,0.0,2,2,3,81,29,2,0,0.81,1.0
33,full,FT_K3,signed_sum,all_body_tokens,0.2,219,1095,0.6666666666666666,0.6666666666666666,0.6666666666666666,0.0,0.0,2,3,3,216,3,3,0,0.81,1.0
33,full,FT_K3,signed_sum,sentences,2,2,1095,1.0,0.6666666666666666,0.8,0.0,0.0,2,2,3,81,0,2,0,0.81,0.6666666666666666
33,full,FT_K3,signed_sum,sentences,4,4,1095,0.5,0.6666666666666666,0.5714285714285715,0.0,0.0,2,4,3,245,0,4,0,0.81,1.0
33,full,FT_K3,signed_sum,sentences,8,8,1095,0.375,1.0,0.5454545454545454,0.0,1.0,3,8,3,380,0,8,0,1.0,1.0
33,full,FT_K3,positive_mean_eligible,all_body_tokens,0.05,55,1095,1.0,0.3333333333333333,0.5,0.0,0.0,1,1,3,20,35,1,0,0.2,0.6666666666666666
33,full,FT_K3,positive_mean_eligible,all_body_tokens,0.1,110,1095,0.6666666666666666,0.6666666666666666,0.6666666666666666,0.0,0.0,2,3,3,110,0,3,0,0.81,1.0
33,full,FT_K3,positive_mean_eligible,all_body_tokens,0.2,219,1095,0.5,1.0,0.6666666666666666,0.0,1.0,3,6,3,175,44,6,0,1.0,1.0
33,full,FT_K3,positive_mean_eligible,sentences,2,2,1095,1.0,0.6666666666666666,0.8,0.0,0.0,2,2,3,81,0,2,0,0.81,0.6666666666666666
33,full,FT_K3,positive_mean_eligible,sentences,4,4,1095,0.75,1.0,0.8571428571428571,0.0,1.0,3,4,3,129,0,4,0,1.0,1.0
33,full,FT_K3,positive_mean_eligible,sentences,8,8,1095,0.375,1.0,0.5454545454545454,0.0,1.0,3,8,3,260,0,8,0,1.0,1.0
34,full,DT_target,signed_sum,all_body_tokens,0.05,52,1036,1.0,0.5,0.6666666666666666,0.0,0.0,1,1,2,33,19,1,0,0.6346153846153846,1.0
34,full,DT_target,signed_sum,all_body_tokens,0.1,104,1036,0.3333333333333333,0.5,0.4,0.0,0.0,1,3,2,103,1,3,0,0.6346153846153846,1.0
34,full,DT_target,signed_sum,all_body_tokens,0.2,208,1036,0.3333333333333333,1.0,0.5,0.0,1.0,2,6,2,182,26,6,0,1.0,1.0
34,full,DT_target,signed_sum,sentences,2,2,1036,0.5,0.5,0.5,0.0,0.0,1,2,2,71,0,2,0,0.6346153846153846,1.0
34,full,DT_target,signed_sum,sentences,4,4,1036,0.25,0.5,0.3333333333333333,0.0,0.0,1,4,2,134,0,4,0,0.6346153846153846,1.0
34,full,DT_target,signed_sum,sentences,8,8,1036,0.25,1.0,0.4,0.0,1.0,2,8,2,234,0,8,0,1.0,1.0
34,full,DT_target,positive_mean_eligible,all_body_tokens,0.05,52,1036,1.0,1.0,1.0,1.0,1.0,2,2,2,52,0,2,0,1.0,1.0
34,full,DT_target,positive_mean_eligible,all_body_tokens,0.1,104,1036,0.6666666666666666,1.0,0.8,0.0,1.0,2,3,2,90,14,3,0,1.0,1.0
34,full,DT_target,positive_mean_eligible,all_body_tokens,0.2,208,1036,0.25,1.0,0.4,0.0,1.0,2,8,2,205,3,8,0,1.0,1.0
34,full,DT_target,positive_mean_eligible,sentences,2,2,1036,1.0,1.0,1.0,1.0,1.0,2,2,2,52,0,2,0,1.0,1.0
34,full,DT_target,positive_mean_eligible,sentences,4,4,1036,0.5,1.0,0.6666666666666666,0.0,1.0,2,4,2,122,0,4,0,1.0,1.0
34,full,DT_target,positive_mean_eligible,sentences,8,8,1036,0.25,1.0,0.4,0.0,1.0,2,8,2,205,0,8,0,1.0,1.0
34,full,FT_K1,signed_sum,all_body_tokens,0.05,52,1036,1.0,1.0,1.0,1.0,1.0,2,2,2,52,0,2,0,1.0,1.0
34,full,FT_K1,signed_sum,all_body_tokens,0.1,104,1036,0.6666666666666666,1.0,0.8,0.0,1.0,2,3,2,73,31,3,0,1.0,1.0
34,full,FT_K1,signed_sum,all_body_tokens,0.2,208,1036,0.3333333333333333,1.0,0.5,0.0,1.0,2,6,2,194,14,6,0,1.0,1.0
34,full,FT_K1,signed_sum,sentences,2,2,1036,1.0,1.0,1.0,1.0,1.0,2,2,2,52,0,2,0,1.0,1.0
34,full,FT_K1,signed_sum,sentences,4,4,1036,0.5,1.0,0.6666666666666666,0.0,1.0,2,4,2,112,0,4,0,1.0,1.0
34,full,FT_K1,signed_sum,sentences,8,8,1036,0.25,1.0,0.4,0.0,1.0,2,8,2,267,0,8,0,1.0,1.0
34,full,FT_K1,positive_mean_eligible,all_body_tokens,0.05,52,1036,1.0,1.0,1.0,1.0,1.0,2,2,2,52,0,2,0,1.0,1.0
34,full,FT_K1,positive_mean_eligible,all_body_tokens,0.1,104,1036,0.4,1.0,0.5714285714285715,0.0,1.0,2,5,2,99,5,5,0,1.0,1.0
34,full,FT_K1,positive_mean_eligible,all_body_tokens,0.2,208,1036,0.25,1.0,0.4,0.0,1.0,2,8,2,184,24,8,0,1.0,1.0
34,full,FT_K1,positive_mean_eligible,sentences,2,2,1036,1.0,1.0,1.0,1.0,1.0,2,2,2,52,0,2,0,1.0,1.0
34,full,FT_K1,positive_mean_eligible,sentences,4,4,1036,0.5,1.0,0.6666666666666666,0.0,1.0,2,4,2,88,0,4,0,1.0,1.0
34,full,FT_K1,positive_mean_eligible,sentences,8,8,1036,0.25,1.0,0.4,0.0,1.0,2,8,2,184,0,8,0,1.0,1.0
34,full,FT_K3,signed_sum,all_body_tokens,0.05,52,1036,1.0,1.0,1.0,1.0,1.0,2,2,2,52,0,2,0,1.0,1.0
34,full,FT_K3,signed_sum,all_body_tokens,0.1,104,1036,0.6666666666666666,1.0,0.8,0.0,1.0,2,3,2,91,13,3,0,1.0,1.0
34,full,FT_K3,signed_sum,all_body_tokens,0.2,208,1036,0.3333333333333333,1.0,0.5,0.0,1.0,2,6,2,194,14,6,0,1.0,1.0
34,full,FT_K3,signed_sum,sentences,2,2,1036,1.0,1.0,1.0,1.0,1.0,2,2,2,52,0,2,0,1.0,1.0
34,full,FT_K3,signed_sum,sentences,4,4,1036,0.5,1.0,0.6666666666666666,0.0,1.0,2,4,2,112,0,4,0,1.0,1.0
34,full,FT_K3,signed_sum,sentences,8,8,1036,0.25,1.0,0.4,0.0,1.0,2,8,2,267,0,8,0,1.0,1.0
34,full,FT_K3,positive_mean_eligible,all_body_tokens,0.05,52,1036,1.0,1.0,1.0,1.0,1.0,2,2,2,52,0,2,0,1.0,1.0
34,full,FT_K3,positive_mean_eligible,all_body_tokens,0.1,104,1036,0.4,1.0,0.5714285714285715,0.0,1.0,2,5,2,99,5,5,0,1.0,1.0
34,full,FT_K3,positive_mean_eligible,all_body_tokens,0.2,208,1036,0.25,1.0,0.4,0.0,1.0,2,8,2,184,24,8,0,1.0,1.0
34,full,FT_K3,positive_mean_eligible,sentences,2,2,1036,1.0,1.0,1.0,1.0,1.0,2,2,2,52,0,2,0,1.0,1.0
34,full,FT_K3,positive_mean_eligible,sentences,4,4,1036,0.5,1.0,0.6666666666666666,0.0,1.0,2,4,2,88,0,4,0,1.0,1.0
34,full,FT_K3,positive_mean_eligible,sentences,8,8,1036,0.25,1.0,0.4,0.0,1.0,2,8,2,184,0,8,0,1.0,1.0
35,full,DT_target,signed_sum,all_body_tokens,0.05,61,1208,1.0,0.6666666666666666,0.8,0.0,0.0,2,2,3,50,11,2,0,0.625,0.6666666666666666
35,full,DT_target,signed_sum,all_body_tokens,0.1,121,1208,0.5,0.6666666666666666,0.5714285714285715,0.0,0.0,2,4,3,111,10,4,0,0.625,1.0
35,full,DT_target,signed_sum,all_body_tokens,0.2,242,1208,0.25,0.6666666666666666,0.36363636363636365,0.0,0.0,2,8,3,215,27,8,0,0.625,1.0
35,full,DT_target,signed_sum,sentences,2,2,1208,1.0,0.6666666666666666,0.8,0.0,0.0,2,2,3,50,0,2,0,0.625,0.6666666666666666
35,full,DT_target,signed_sum,sentences,4,4,1208,0.5,0.6666666666666666,0.5714285714285715,0.0,0.0,2,4,3,111,0,4,0,0.625,1.0
35,full,DT_target,signed_sum,sentences,8,8,1208,0.25,0.6666666666666666,0.36363636363636365,0.0,0.0,2,8,3,215,0,8,0,0.625,1.0
35,full,DT_target,positive_mean_eligible,all_body_tokens,0.05,61,1208,1.0,0.6666666666666666,0.8,0.0,0.0,2,2,3,50,11,2,0,0.625,0.6666666666666666
35,full,DT_target,positive_mean_eligible,all_body_tokens,0.1,121,1208,0.4,0.6666666666666666,0.5,0.0,0.0,2,5,3,114,7,5,0,0.625,1.0
35,full,DT_target,positive_mean_eligible,all_body_tokens,0.2,242,1208,0.25,0.6666666666666666,0.36363636363636365,0.0,0.0,2,8,3,215,27,8,0,0.625,1.0
35,full,DT_target,positive_mean_eligible,sentences,2,2,1208,1.0,0.6666666666666666,0.8,0.0,0.0,2,2,3,50,0,2,0,0.625,0.6666666666666666
35,full,DT_target,positive_mean_eligible,sentences,4,4,1208,0.5,0.6666666666666666,0.5714285714285715,0.0,0.0,2,4,3,83,0,4,0,0.625,1.0
35,full,DT_target,positive_mean_eligible,sentences,8,8,1208,0.25,0.6666666666666666,0.36363636363636365,0.0,0.0,2,8,3,215,0,8,0,0.625,1.0
35,full,FT_K1,signed_sum,all_body_tokens,0.05,61,1208,1.0,0.6666666666666666,0.8,0.0,0.0,2,2,3,50,11,2,0,0.625,0.6666666666666666
35,full,FT_K1,signed_sum,all_body_tokens,0.1,121,1208,0.5,0.6666666666666666,0.5714285714285715,0.0,0.0,2,4,3,119,2,4,0,0.625,1.0
35,full,FT_K1,signed_sum,all_body_tokens,0.2,242,1208,0.2857142857142857,0.6666666666666666,0.4,0.0,0.0,2,7,3,205,37,7,0,0.625,1.0
35,full,FT_K1,signed_sum,sentences,2,2,1208,1.0,0.6666666666666666,0.8,0.0,0.0,2,2,3,50,0,2,0,0.625,0.6666666666666666
35,full,FT_K1,signed_sum,sentences,4,4,1208,0.5,0.6666666666666666,0.5714285714285715,0.0,0.0,2,4,3,119,0,4,0,0.625,1.0
35,full,FT_K1,signed_sum,sentences,8,8,1208,0.25,0.6666666666666666,0.36363636363636365,0.0,0.0,2,8,3,248,0,8,0,0.625,1.0
35,full,FT_K1,positive_mean_eligible,all_body_tokens,0.05,61,1208,1.0,0.6666666666666666,0.8,0.0,0.0,2,2,3,50,11,2,0,0.625,0.6666666666666666
35,full,FT_K1,positive_mean_eligible,all_body_tokens,0.1,121,1208,0.4,0.6666666666666666,0.5,0.0,0.0,2,5,3,121,0,5,0,0.625,1.0
35,full,FT_K1,positive_mean_eligible,all_body_tokens,0.2,242,1208,0.2,0.6666666666666666,0.30769230769230765,0.0,0.0,2,10,3,229,13,10,0,0.625,1.0
35,full,FT_K1,positive_mean_eligible,sentences,2,2,1208,1.0,0.6666666666666666,0.8,0.0,0.0,2,2,3,50,0,2,0,0.625,0.6666666666666666
35,full,FT_K1,positive_mean_eligible,sentences,4,4,1208,0.5,0.6666666666666666,0.5714285714285715,0.0,0.0,2,4,3,99,0,4,0,0.625,1.0
35,full,FT_K1,positive_mean_eligible,sentences,8,8,1208,0.25,0.6666666666666666,0.36363636363636365,0.0,0.0,2,8,3,171,0,8,0,0.625,1.0
35,full,FT_K3,signed_sum,all_body_tokens,0.05,61,1208,1.0,0.6666666666666666,0.8,0.0,0.0,2,2,3,50,11,2,0,0.625,0.6666666666666666
35,full,FT_K3,signed_sum,all_body_tokens,0.1,121,1208,0.5,0.6666666666666666,0.5714285714285715,0.0,0.0,2,4,3,119,2,4,0,0.625,1.0
35,full,FT_K3,signed_sum,all_body_tokens,0.2,242,1208,0.2857142857142857,0.6666666666666666,0.4,0.0,0.0,2,7,3,205,37,7,0,0.625,1.0
35,full,FT_K3,signed_sum,sentences,2,2,1208,1.0,0.6666666666666666,0.8,0.0,0.0,2,2,3,50,0,2,0,0.625,0.6666666666666666
35,full,FT_K3,signed_sum,sentences,4,4,1208,0.5,0.6666666666666666,0.5714285714285715,0.0,0.0,2,4,3,119,0,4,0,0.625,1.0
35,full,FT_K3,signed_sum,sentences,8,8,1208,0.25,0.6666666666666666,0.36363636363636365,0.0,0.0,2,8,3,248,0,8,0,0.625,1.0
35,full,FT_K3,positive_mean_eligible,all_body_tokens,0.05,61,1208,1.0,0.6666666666666666,0.8,0.0,0.0,2,2,3,50,11,2,0,0.625,0.6666666666666666
35,full,FT_K3,positive_mean_eligible,all_body_tokens,0.1,121,1208,0.4,0.6666666666666666,0.5,0.0,0.0,2,5,3,121,0,5,0,0.625,1.0
35,full,FT_K3,positive_mean_eligible,all_body_tokens,0.2,242,1208,0.2,0.6666666666666666,0.30769230769230765,0.0,0.0,2,10,3,229,13,10,0,0.625,1.0
35,full,FT_K3,positive_mean_eligible,sentences,2,2,1208,1.0,0.6666666666666666,0.8,0.0,0.0,2,2,3,50,0,2,0,0.625,0.6666666666666666
35,full,FT_K3,positive_mean_eligible,sentences,4,4,1208,0.5,0.6666666666666666,0.5714285714285715,0.0,0.0,2,4,3,99,0,4,0,0.625,1.0
35,full,FT_K3,positive_mean_eligible,sentences,8,8,1208,0.25,0.6666666666666666,0.36363636363636365,0.0,0.0,2,8,3,173,0,8,0,0.625,1.0
36,full,DT_target,signed_sum,all_body_tokens,0.05,78,1544,0.0,0.0,0.0,0.0,0.0,0,2,2,40,38,2,0,0.0,1.0
36,full,DT_target,signed_sum,all_body_tokens,0.1,155,1544,0.2,0.5,0.28571428571428575,0.0,0.0,1,5,2,134,21,5,0,0.5102040816326531,1.0
36,full,DT_target,signed_sum,all_body_tokens,0.2,309,1544,0.1,0.5,0.16666666666666669,0.0,0.0,1,10,2,290,19,10,0,0.5102040816326531,1.0
36,full,DT_target,signed_sum,sentences,2,2,1544,0.0,0.0,0.0,0.0,0.0,0,2,2,40,0,2,0,0.0,1.0
36,full,DT_target,signed_sum,sentences,4,4,1544,0.25,0.5,0.3333333333333333,0.0,0.0,1,4,2,104,0,4,0,0.5102040816326531,1.0
36,full,DT_target,signed_sum,sentences,8,8,1544,0.125,0.5,0.2,0.0,0.0,1,8,2,240,0,8,0,0.5102040816326531,1.0
36,full,DT_target,positive_mean_eligible,all_body_tokens,0.05,78,1544,0.0,0.0,0.0,0.0,0.0,0,2,2,40,38,2,0,0.0,1.0
36,full,DT_target,positive_mean_eligible,all_body_tokens,0.1,155,1544,0.2,0.5,0.28571428571428575,0.0,0.0,1,5,2,133,22,5,0,0.4897959183673469,1.0
36,full,DT_target,positive_mean_eligible,all_body_tokens,0.2,309,1544,0.16666666666666666,1.0,0.2857142857142857,0.0,1.0,2,12,2,279,30,12,0,1.0,1.0
36,full,DT_target,positive_mean_eligible,sentences,2,2,1544,0.0,0.0,0.0,0.0,0.0,0,2,2,40,0,2,0,0.0,1.0
36,full,DT_target,positive_mean_eligible,sentences,4,4,1544,0.25,0.5,0.3333333333333333,0.0,0.0,1,4,2,103,0,4,0,0.4897959183673469,1.0
36,full,DT_target,positive_mean_eligible,sentences,8,8,1544,0.25,1.0,0.4,0.0,1.0,2,8,2,192,0,8,0,1.0,1.0
36,full,FT_K1,signed_sum,all_body_tokens,0.05,78,1544,0.5,0.5,0.5,0.0,0.0,1,2,2,63,15,2,0,0.4897959183673469,1.0
36,full,FT_K1,signed_sum,all_body_tokens,0.1,155,1544,0.2,0.5,0.28571428571428575,0.0,0.0,1,5,2,136,19,5,0,0.4897959183673469,1.0
36,full,FT_K1,signed_sum,all_body_tokens,0.2,309,1544,0.2,1.0,0.33333333333333337,0.0,1.0,2,10,2,297,12,10,0,1.0,1.0
36,full,FT_K1,signed_sum,sentences,2,2,1544,0.5,0.5,0.5,0.0,0.0,1,2,2,63,0,2,0,0.4897959183673469,1.0
36,full,FT_K1,signed_sum,sentences,4,4,1544,0.25,0.5,0.3333333333333333,0.0,0.0,1,4,2,103,0,4,0,0.4897959183673469,1.0
36,full,FT_K1,signed_sum,sentences,8,8,1544,0.25,1.0,0.4,0.0,1.0,2,8,2,228,0,8,0,1.0,1.0
36,full,FT_K1,positive_mean_eligible,all_body_tokens,0.05,78,1544,0.3333333333333333,0.5,0.4,0.0,0.0,1,3,2,64,14,3,0,0.4897959183673469,1.0
36,full,FT_K1,positive_mean_eligible,all_body_tokens,0.1,155,1544,0.16666666666666666,0.5,0.25,0.0,0.0,1,6,2,149,6,6,0,0.4897959183673469,1.0
36,full,FT_K1,positive_mean_eligible,all_body_tokens,0.2,309,1544,0.16666666666666666,1.0,0.2857142857142857,0.0,1.0,2,12,2,287,22,12,0,1.0,1.0
36,full,FT_K1,positive_mean_eligible,sentences,2,2,1544,0.5,0.5,0.5,0.0,0.0,1,2,2,43,0,2,0,0.4897959183673469,1.0
36,full,FT_K1,positive_mean_eligible,sentences,4,4,1544,0.25,0.5,0.3333333333333333,0.0,0.0,1,4,2,103,0,4,0,0.4897959183673469,1.0
36,full,FT_K1,positive_mean_eligible,sentences,8,8,1544,0.25,1.0,0.4,0.0,1.0,2,8,2,197,0,8,0,1.0,1.0
36,full,FT_K3,signed_sum,all_body_tokens,0.05,78,1544,0.5,0.5,0.5,0.0,0.0,1,2,2,63,15,2,0,0.4897959183673469,1.0
36,full,FT_K3,signed_sum,all_body_tokens,0.1,155,1544,0.2,0.5,0.28571428571428575,0.0,0.0,1,5,2,136,19,5,0,0.4897959183673469,1.0
36,full,FT_K3,signed_sum,all_body_tokens,0.2,309,1544,0.2,1.0,0.33333333333333337,0.0,1.0,2,10,2,297,12,10,0,1.0,1.0
36,full,FT_K3,signed_sum,sentences,2,2,1544,0.5,0.5,0.5,0.0,0.0,1,2,2,63,0,2,0,0.4897959183673469,1.0
36,full,FT_K3,signed_sum,sentences,4,4,1544,0.25,0.5,0.3333333333333333,0.0,0.0,1,4,2,103,0,4,0,0.4897959183673469,1.0
36,full,FT_K3,signed_sum,sentences,8,8,1544,0.25,1.0,0.4,0.0,1.0,2,8,2,228,0,8,0,1.0,1.0
36,full,FT_K3,positive_mean_eligible,all_body_tokens,0.05,78,1544,0.3333333333333333,0.5,0.4,0.0,0.0,1,3,2,64,14,3,0,0.4897959183673469,1.0
36,full,FT_K3,positive_mean_eligible,all_body_tokens,0.1,155,1544,0.16666666666666666,0.5,0.25,0.0,0.0,1,6,2,149,6,6,0,0.4897959183673469,1.0
36,full,FT_K3,positive_mean_eligible,all_body_tokens,0.2,309,1544,0.16666666666666666,1.0,0.2857142857142857,0.0,1.0,2,12,2,287,22,12,0,1.0,1.0
36,full,FT_K3,positive_mean_eligible,sentences,2,2,1544,0.5,0.5,0.5,0.0,0.0,1,2,2,43,0,2,0,0.4897959183673469,1.0
36,full,FT_K3,positive_mean_eligible,sentences,4,4,1544,0.25,0.5,0.3333333333333333,0.0,0.0,1,4,2,103,0,4,0,0.4897959183673469,1.0
36,full,FT_K3,positive_mean_eligible,sentences,8,8,1544,0.25,1.0,0.4,0.0,1.0,2,8,2,197,0,8,0,1.0,1.0
37,full,DT_target,signed_sum,all_body_tokens,0.05,60,1183,0.0,0.0,0.0,0.0,0.0,0,1,2,41,19,1,0,0.0,0.5
37,full,DT_target,signed_sum,all_body_tokens,0.1,119,1183,0.6666666666666666,1.0,0.8,0.0,1.0,2,3,2,103,16,3,0,1.0,1.0
37,full,DT_target,signed_sum,all_body_tokens,0.2,237,1183,0.3333333333333333,1.0,0.5,0.0,1.0,2,6,2,236,1,6,0,1.0,1.0
37,full,DT_target,signed_sum,sentences,2,2,1183,0.5,0.5,0.5,0.0,0.0,1,2,2,65,0,2,0,0.3870967741935484,1.0
37,full,DT_target,signed_sum,sentences,4,4,1183,0.5,1.0,0.6666666666666666,0.0,1.0,2,4,2,153,0,4,0,1.0,1.0
37,full,DT_target,signed_sum,sentences,8,8,1183,0.25,1.0,0.4,0.0,1.0,2,8,2,298,0,8,0,1.0,1.0
37,full,DT_target,positive_mean_eligible,all_body_tokens,0.05,60,1183,0.0,0.0,0.0,0.0,0.0,0,1,2,41,19,1,0,0.0,0.5
37,full,DT_target,positive_mean_eligible,all_body_tokens,0.1,119,1183,0.6666666666666666,1.0,0.8,0.0,1.0,2,3,2,103,16,3,0,1.0,1.0
37,full,DT_target,positive_mean_eligible,all_body_tokens,0.2,237,1183,0.2857142857142857,1.0,0.4444444444444445,0.0,1.0,2,7,2,212,25,7,0,1.0,1.0
37,full,DT_target,positive_mean_eligible,sentences,2,2,1183,0.5,0.5,0.5,0.0,0.0,1,2,2,65,0,2,0,0.3870967741935484,1.0
37,full,DT_target,positive_mean_eligible,sentences,4,4,1183,0.5,1.0,0.6666666666666666,0.0,1.0,2,4,2,126,0,4,0,1.0,1.0
37,full,DT_target,positive_mean_eligible,sentences,8,8,1183,0.25,1.0,0.4,0.0,1.0,2,8,2,252,0,8,0,1.0,1.0
37,full,FT_K1,signed_sum,all_body_tokens,0.05,60,1183,0.0,0.0,0.0,0.0,0.0,0,1,2,41,19,1,0,0.0,0.5
37,full,FT_K1,signed_sum,all_body_tokens,0.1,119,1183,0.6666666666666666,1.0,0.8,0.0,1.0,2,3,2,103,16,3,0,1.0,1.0
37,full,FT_K1,signed_sum,all_body_tokens,0.2,237,1183,0.4,1.0,0.5714285714285715,0.0,1.0,2,5,2,218,19,5,0,1.0,1.0
37,full,FT_K1,signed_sum,sentences,2,2,1183,0.5,0.5,0.5,0.0,0.0,1,2,2,65,0,2,0,0.3870967741935484,1.0
37,full,FT_K1,signed_sum,sentences,4,4,1183,0.5,1.0,0.6666666666666666,0.0,1.0,2,4,2,195,0,4,0,1.0,1.0
37,full,FT_K1,signed_sum,sentences,8,8,1183,0.25,1.0,0.4,0.0,1.0,2,8,2,327,0,8,0,1.0,1.0
37,full,FT_K1,positive_mean_eligible,all_body_tokens,0.05,60,1183,1.0,0.5,0.6666666666666666,0.0,0.0,1,1,2,24,36,1,0,0.3870967741935484,0.5
37,full,FT_K1,positive_mean_eligible,all_body_tokens,0.1,119,1183,0.3333333333333333,0.5,0.4,0.0,0.0,1,3,2,88,31,3,0,0.3870967741935484,1.0
37,full,FT_K1,positive_mean_eligible,all_body_tokens,0.2,237,1183,0.25,1.0,0.4,0.0,1.0,2,8,2,227,10,8,0,1.0,1.0
37,full,FT_K1,positive_mean_eligible,sentences,2,2,1183,0.5,0.5,0.5,0.0,0.0,1,2,2,65,0,2,0,0.3870967741935484,1.0
37,full,FT_K1,positive_mean_eligible,sentences,4,4,1183,0.5,1.0,0.6666666666666666,0.0,1.0,2,4,2,126,0,4,0,1.0,1.0
37,full,FT_K1,positive_mean_eligible,sentences,8,8,1183,0.25,1.0,0.4,0.0,1.0,2,8,2,227,0,8,0,1.0,1.0
37,full,FT_K3,signed_sum,all_body_tokens,0.05,60,1183,0.0,0.0,0.0,0.0,0.0,0,1,2,41,19,1,0,0.0,0.5
37,full,FT_K3,signed_sum,all_body_tokens,0.1,119,1183,0.6666666666666666,1.0,0.8,0.0,1.0,2,3,2,103,16,3,0,1.0,1.0
37,full,FT_K3,signed_sum,all_body_tokens,0.2,237,1183,0.4,1.0,0.5714285714285715,0.0,1.0,2,5,2,218,19,5,0,1.0,1.0
37,full,FT_K3,signed_sum,sentences,2,2,1183,0.5,0.5,0.5,0.0,0.0,1,2,2,65,0,2,0,0.3870967741935484,1.0
37,full,FT_K3,signed_sum,sentences,4,4,1183,0.5,1.0,0.6666666666666666,0.0,1.0,2,4,2,195,0,4,0,1.0,1.0
37,full,FT_K3,signed_sum,sentences,8,8,1183,0.25,1.0,0.4,0.0,1.0,2,8,2,327,0,8,0,1.0,1.0
37,full,FT_K3,positive_mean_eligible,all_body_tokens,0.05,60,1183,1.0,0.5,0.6666666666666666,0.0,0.0,1,1,2,24,36,1,0,0.3870967741935484,0.5
37,full,FT_K3,positive_mean_eligible,all_body_tokens,0.1,119,1183,0.3333333333333333,0.5,0.4,0.0,0.0,1,3,2,88,31,3,0,0.3870967741935484,1.0
37,full,FT_K3,positive_mean_eligible,all_body_tokens,0.2,237,1183,0.25,1.0,0.4,0.0,1.0,2,8,2,227,10,8,0,1.0,1.0
37,full,FT_K3,positive_mean_eligible,sentences,2,2,1183,0.5,0.5,0.5,0.0,0.0,1,2,2,65,0,2,0,0.3870967741935484,1.0
37,full,FT_K3,positive_mean_eligible,sentences,4,4,1183,0.5,1.0,0.6666666666666666,0.0,1.0,2,4,2,126,0,4,0,1.0,1.0
37,full,FT_K3,positive_mean_eligible,sentences,8,8,1183,0.25,1.0,0.4,0.0,1.0,2,8,2,227,0,8,0,1.0,1.0
38,full,DT_target,signed_sum,all_body_tokens,0.05,66,1303,1.0,0.5,0.6666666666666666,0.0,0.0,1,1,2,58,8,1,0,0.6744186046511628,0.5
38,full,DT_target,signed_sum,all_body_tokens,0.1,131,1303,0.6666666666666666,1.0,0.8,0.0,1.0,2,3,2,114,17,3,0,1.0,1.0
38,full,DT_target,signed_sum,all_body_tokens,0.2,261,1303,0.2857142857142857,1.0,0.4444444444444445,0.0,1.0,2,7,2,235,26,7,0,1.0,1.0
38,full,DT_target,signed_sum,sentences,2,2,1303,1.0,1.0,1.0,1.0,1.0,2,2,2,86,0,2,0,1.0,1.0
38,full,DT_target,signed_sum,sentences,4,4,1303,0.5,1.0,0.6666666666666666,0.0,1.0,2,4,2,134,0,4,0,1.0,1.0
38,full,DT_target,signed_sum,sentences,8,8,1303,0.25,1.0,0.4,0.0,1.0,2,8,2,273,0,8,0,1.0,1.0
38,full,DT_target,positive_mean_eligible,all_body_tokens,0.05,66,1303,1.0,0.5,0.6666666666666666,0.0,0.0,1,1,2,58,8,1,0,0.6744186046511628,0.5
38,full,DT_target,positive_mean_eligible,all_body_tokens,0.1,131,1303,0.6666666666666666,1.0,0.8,0.0,1.0,2,3,2,114,17,3,0,1.0,1.0
38,full,DT_target,positive_mean_eligible,all_body_tokens,0.2,261,1303,0.2857142857142857,1.0,0.4444444444444445,0.0,1.0,2,7,2,235,26,7,0,1.0,1.0
38,full,DT_target,positive_mean_eligible,sentences,2,2,1303,1.0,1.0,1.0,1.0,1.0,2,2,2,86,0,2,0,1.0,1.0
38,full,DT_target,positive_mean_eligible,sentences,4,4,1303,0.5,1.0,0.6666666666666666,0.0,1.0,2,4,2,134,0,4,0,1.0,1.0
38,full,DT_target,positive_mean_eligible,sentences,8,8,1303,0.25,1.0,0.4,0.0,1.0,2,8,2,263,0,8,0,1.0,1.0
38,full,FT_K1,signed_sum,all_body_tokens,0.05,66,1303,1.0,0.5,0.6666666666666666,0.0,0.0,1,1,2,58,8,1,0,0.6744186046511628,0.5
38,full,FT_K1,signed_sum,all_body_tokens,0.1,131,1303,1.0,0.5,0.6666666666666666,0.0,0.0,1,1,2,58,73,1,0,0.6744186046511628,1.0
38,full,FT_K1,signed_sum,all_body_tokens,0.2,261,1303,0.3333333333333333,1.0,0.5,0.0,1.0,2,6,2,250,11,6,0,1.0,1.0
38,full,FT_K1,signed_sum,sentences,2,2,1303,0.5,0.5,0.5,0.0,0.0,1,2,2,133,0,2,0,0.6744186046511628,1.0
38,full,FT_K1,signed_sum,sentences,4,4,1303,0.5,1.0,0.6666666666666666,0.0,1.0,2,4,2,194,0,4,0,1.0,1.0
38,full,FT_K1,signed_sum,sentences,8,8,1303,0.25,1.0,0.4,0.0,1.0,2,8,2,330,0,8,0,1.0,1.0
38,full,FT_K1,positive_mean_eligible,all_body_tokens,0.05,66,1303,1.0,0.5,0.6666666666666666,0.0,0.0,1,1,2,58,8,1,0,0.6744186046511628,0.5
38,full,FT_K1,positive_mean_eligible,all_body_tokens,0.1,131,1303,0.5,1.0,0.6666666666666666,0.0,1.0,2,4,2,123,8,4,0,1.0,1.0
38,full,FT_K1,positive_mean_eligible,all_body_tokens,0.2,261,1303,0.25,1.0,0.4,0.0,1.0,2,8,2,238,23,8,0,1.0,1.0
38,full,FT_K1,positive_mean_eligible,sentences,2,2,1303,1.0,1.0,1.0,1.0,1.0,2,2,2,86,0,2,0,1.0,1.0
38,full,FT_K1,positive_mean_eligible,sentences,4,4,1303,0.5,1.0,0.6666666666666666,0.0,1.0,2,4,2,123,0,4,0,1.0,1.0
38,full,FT_K1,positive_mean_eligible,sentences,8,8,1303,0.25,1.0,0.4,0.0,1.0,2,8,2,238,0,8,0,1.0,1.0
38,full,FT_K3,signed_sum,all_body_tokens,0.05,66,1303,1.0,0.5,0.6666666666666666,0.0,0.0,1,1,2,58,8,1,0,0.6744186046511628,0.5
38,full,FT_K3,signed_sum,all_body_tokens,0.1,131,1303,1.0,0.5,0.6666666666666666,0.0,0.0,1,1,2,58,73,1,0,0.6744186046511628,1.0
38,full,FT_K3,signed_sum,all_body_tokens,0.2,261,1303,0.3333333333333333,1.0,0.5,0.0,1.0,2,6,2,250,11,6,0,1.0,1.0
38,full,FT_K3,signed_sum,sentences,2,2,1303,0.5,0.5,0.5,0.0,0.0,1,2,2,133,0,2,0,0.6744186046511628,1.0
38,full,FT_K3,signed_sum,sentences,4,4,1303,0.5,1.0,0.6666666666666666,0.0,1.0,2,4,2,194,0,4,0,1.0,1.0
38,full,FT_K3,signed_sum,sentences,8,8,1303,0.25,1.0,0.4,0.0,1.0,2,8,2,330,0,8,0,1.0,1.0
38,full,FT_K3,positive_mean_eligible,all_body_tokens,0.05,66,1303,1.0,0.5,0.6666666666666666,0.0,0.0,1,1,2,58,8,1,0,0.6744186046511628,0.5
38,full,FT_K3,positive_mean_eligible,all_body_tokens,0.1,131,1303,0.5,1.0,0.6666666666666666,0.0,1.0,2,4,2,123,8,4,0,1.0,1.0
38,full,FT_K3,positive_mean_eligible,all_body_tokens,0.2,261,1303,0.25,1.0,0.4,0.0,1.0,2,8,2,238,23,8,0,1.0,1.0
38,full,FT_K3,positive_mean_eligible,sentences,2,2,1303,1.0,1.0,1.0,1.0,1.0,2,2,2,86,0,2,0,1.0,1.0
38,full,FT_K3,positive_mean_eligible,sentences,4,4,1303,0.5,1.0,0.6666666666666666,0.0,1.0,2,4,2,123,0,4,0,1.0,1.0
38,full,FT_K3,positive_mean_eligible,sentences,8,8,1303,0.25,1.0,0.4,0.0,1.0,2,8,2,238,0,8,0,1.0,1.0
39,full,DT_target,signed_sum,all_body_tokens,0.05,36,719,0.0,0.0,0.0,0.0,0.0,0,0,2,0,36,0,1,0.0,0.0
39,full,DT_target,signed_sum,all_body_tokens,0.1,72,719,1.0,0.5,0.6666666666666666,0.0,0.0,1,1,2,59,13,1,0,0.5175438596491229,0.5
39,full,DT_target,signed_sum,all_body_tokens,0.2,144,719,0.5,0.5,0.5,0.0,0.0,1,2,2,115,29,2,0,0.5175438596491229,1.0
39,full,DT_target,signed_sum,sentences,2,2,719,0.5,0.5,0.5,0.0,0.0,1,2,2,115,0,2,0,0.5175438596491229,1.0
39,full,DT_target,signed_sum,sentences,4,4,719,0.5,1.0,0.6666666666666666,0.0,1.0,2,4,2,197,0,4,0,1.0,1.0
39,full,DT_target,signed_sum,sentences,8,8,719,0.25,1.0,0.4,0.0,1.0,2,8,2,447,0,8,0,1.0,1.0
39,full,DT_target,positive_mean_eligible,all_body_tokens,0.05,36,719,0.0,0.0,0.0,0.0,0.0,0,0,2,0,36,0,1,0.0,0.0
39,full,DT_target,positive_mean_eligible,all_body_tokens,0.1,72,719,0.5,0.5,0.5,0.0,0.0,1,2,2,71,1,2,0,0.5175438596491229,0.5
39,full,DT_target,positive_mean_eligible,all_body_tokens,0.2,144,719,0.3333333333333333,0.5,0.4,0.0,0.0,1,3,2,127,17,3,0,0.5175438596491229,1.0
39,full,DT_target,positive_mean_eligible,sentences,2,2,719,0.5,0.5,0.5,0.0,0.0,1,2,2,71,0,2,0,0.5175438596491229,1.0
39,full,DT_target,positive_mean_eligible,sentences,4,4,719,0.25,0.5,0.3333333333333333,0.0,0.0,1,4,2,154,0,4,0,0.5175438596491229,1.0
39,full,DT_target,positive_mean_eligible,sentences,8,8,719,0.25,1.0,0.4,0.0,1.0,2,8,2,317,0,8,0,1.0,1.0
39,full,FT_K1,signed_sum,all_body_tokens,0.05,36,719,0.0,0.0,0.0,0.0,0.0,0,0,2,0,36,0,1,0.0,0.0
39,full,FT_K1,signed_sum,all_body_tokens,0.1,72,719,1.0,0.5,0.6666666666666666,0.0,0.0,1,1,2,59,13,1,0,0.5175438596491229,0.5
39,full,FT_K1,signed_sum,all_body_tokens,0.2,144,719,0.3333333333333333,0.5,0.4,0.0,0.0,1,3,2,144,0,3,0,0.5175438596491229,1.0
39,full,FT_K1,signed_sum,sentences,2,2,719,0.5,0.5,0.5,0.0,0.0,1,2,2,97,0,2,0,0.5175438596491229,1.0
39,full,FT_K1,signed_sum,sentences,4,4,719,0.25,0.5,0.3333333333333333,0.0,0.0,1,4,2,236,0,4,0,0.5175438596491229,1.0
39,full,FT_K1,signed_sum,sentences,8,8,719,0.25,1.0,0.4,0.0,1.0,2,8,2,473,0,8,0,1.0,1.0
39,full,FT_K1,positive_mean_eligible,all_body_tokens,0.05,36,719,0.0,0.0,0.0,0.0,0.0,0,0,2,0,36,0,1,0.0,0.0
39,full,FT_K1,positive_mean_eligible,all_body_tokens,0.1,72,719,1.0,0.5,0.6666666666666666,0.0,0.0,1,1,2,59,13,1,0,0.5175438596491229,0.5
39,full,FT_K1,positive_mean_eligible,all_body_tokens,0.2,144,719,0.3333333333333333,0.5,0.4,0.0,0.0,1,3,2,120,24,3,0,0.5175438596491229,1.0
39,full,FT_K1,positive_mean_eligible,sentences,2,2,719,0.5,0.5,0.5,0.0,0.0,1,2,2,97,0,2,0,0.5175438596491229,1.0
39,full,FT_K1,positive_mean_eligible,sentences,4,4,719,0.25,0.5,0.3333333333333333,0.0,0.0,1,4,2,167,0,4,0,0.5175438596491229,1.0
39,full,FT_K1,positive_mean_eligible,sentences,8,8,719,0.25,1.0,0.4,0.0,1.0,2,8,2,378,0,8,0,1.0,1.0
39,full,FT_K3,signed_sum,all_body_tokens,0.05,36,719,0.0,0.0,0.0,0.0,0.0,0,0,2,0,36,0,1,0.0,0.0
39,full,FT_K3,signed_sum,all_body_tokens,0.1,72,719,1.0,0.5,0.6666666666666666,0.0,0.0,1,1,2,59,13,1,0,0.5175438596491229,0.5
39,full,FT_K3,signed_sum,all_body_tokens,0.2,144,719,0.3333333333333333,0.5,0.4,0.0,0.0,1,3,2,144,0,3,0,0.5175438596491229,1.0
39,full,FT_K3,signed_sum,sentences,2,2,719,0.5,0.5,0.5,0.0,0.0,1,2,2,97,0,2,0,0.5175438596491229,1.0
39,full,FT_K3,signed_sum,sentences,4,4,719,0.25,0.5,0.3333333333333333,0.0,0.0,1,4,2,236,0,4,0,0.5175438596491229,1.0
39,full,FT_K3,signed_sum,sentences,8,8,719,0.25,1.0,0.4,0.0,1.0,2,8,2,447,0,8,0,1.0,1.0
39,full,FT_K3,positive_mean_eligible,all_body_tokens,0.05,36,719,0.0,0.0,0.0,0.0,0.0,0,0,2,0,36,0,1,0.0,0.0
39,full,FT_K3,positive_mean_eligible,all_body_tokens,0.1,72,719,1.0,0.5,0.6666666666666666,0.0,0.0,1,1,2,59,13,1,0,0.5175438596491229,0.5
39,full,FT_K3,positive_mean_eligible,all_body_tokens,0.2,144,719,0.3333333333333333,0.5,0.4,0.0,0.0,1,3,2,120,24,3,0,0.5175438596491229,1.0
39,full,FT_K3,positive_mean_eligible,sentences,2,2,719,0.5,0.5,0.5,0.0,0.0,1,2,2,97,0,2,0,0.5175438596491229,1.0
39,full,FT_K3,positive_mean_eligible,sentences,4,4,719,0.25,0.5,0.3333333333333333,0.0,0.0,1,4,2,167,0,4,0,0.5175438596491229,1.0
39,full,FT_K3,positive_mean_eligible,sentences,8,8,719,0.25,1.0,0.4,0.0,1.0,2,8,2,378,0,8,0,1.0,1.0
40,full,DT_target,signed_sum,all_body_tokens,0.05,71,1406,1.0,0.25,0.4,0.0,0.0,1,1,4,33,38,1,0,0.22602739726027396,0.5
40,full,DT_target,signed_sum,all_body_tokens,0.1,141,1406,0.6666666666666666,0.5,0.5714285714285715,0.0,0.0,2,3,4,127,14,3,0,0.4315068493150685,0.75
40,full,DT_target,signed_sum,all_body_tokens,0.2,282,1406,0.25,0.5,0.3333333333333333,0.0,0.0,2,8,4,272,10,8,0,0.4315068493150685,1.0
40,full,DT_target,signed_sum,sentences,2,2,1406,0.5,0.25,0.3333333333333333,0.0,0.0,1,2,4,97,0,2,0,0.22602739726027396,0.5
40,full,DT_target,signed_sum,sentences,4,4,1406,0.5,0.5,0.5,0.0,0.0,2,4,4,176,0,4,0,0.4315068493150685,1.0
40,full,DT_target,signed_sum,sentences,8,8,1406,0.25,0.5,0.3333333333333333,0.0,0.0,2,8,4,272,0,8,0,0.4315068493150685,1.0
40,full,DT_target,positive_mean_eligible,all_body_tokens,0.05,71,1406,1.0,0.5,0.6666666666666666,0.0,0.0,2,2,4,63,8,2,0,0.4315068493150685,0.5
40,full,DT_target,positive_mean_eligible,all_body_tokens,0.1,141,1406,0.6666666666666666,0.5,0.5714285714285715,0.0,0.0,2,3,4,127,14,3,0,0.4315068493150685,0.75
40,full,DT_target,positive_mean_eligible,all_body_tokens,0.2,282,1406,0.375,0.75,0.5,0.0,0.0,3,8,4,255,27,8,0,0.589041095890411,1.0
40,full,DT_target,positive_mean_eligible,sentences,2,2,1406,1.0,0.5,0.6666666666666666,0.0,0.0,2,2,4,63,0,2,0,0.4315068493150685,0.5
40,full,DT_target,positive_mean_eligible,sentences,4,4,1406,0.5,0.5,0.5,0.0,0.0,2,4,4,142,0,4,0,0.4315068493150685,1.0
40,full,DT_target,positive_mean_eligible,sentences,8,8,1406,0.375,0.75,0.5,0.0,0.0,3,8,4,255,0,8,0,0.589041095890411,1.0
40,full,FT_K1,signed_sum,all_body_tokens,0.05,71,1406,0.0,0.0,0.0,0.0,0.0,0,1,4,64,7,1,0,0.0,0.5
40,full,FT_K1,signed_sum,all_body_tokens,0.1,141,1406,0.6666666666666666,0.5,0.5714285714285715,0.0,0.0,2,3,4,127,14,3,0,0.4315068493150685,0.75
40,full,FT_K1,signed_sum,all_body_tokens,0.2,282,1406,0.25,0.5,0.3333333333333333,0.0,0.0,2,8,4,253,29,8,0,0.4315068493150685,1.0
40,full,FT_K1,signed_sum,sentences,2,2,1406,0.5,0.25,0.3333333333333333,0.0,0.0,1,2,4,97,0,2,0,0.22602739726027396,0.5
40,full,FT_K1,signed_sum,sentences,4,4,1406,0.5,0.5,0.5,0.0,0.0,2,4,4,152,0,4,0,0.4315068493150685,1.0
40,full,FT_K1,signed_sum,sentences,8,8,1406,0.25,0.5,0.3333333333333333,0.0,0.0,2,8,4,253,0,8,0,0.4315068493150685,1.0
40,full,FT_K1,positive_mean_eligible,all_body_tokens,0.05,71,1406,1.0,0.5,0.6666666666666666,0.0,0.0,2,2,4,63,8,2,0,0.4315068493150685,0.5
40,full,FT_K1,positive_mean_eligible,all_body_tokens,0.1,141,1406,0.6666666666666666,0.5,0.5714285714285715,0.0,0.0,2,3,4,127,14,3,0,0.4315068493150685,0.75
40,full,FT_K1,positive_mean_eligible,all_body_tokens,0.2,282,1406,0.3,0.75,0.4285714285714285,0.0,0.0,3,10,4,274,8,10,0,0.589041095890411,1.0
40,full,FT_K1,positive_mean_eligible,sentences,2,2,1406,1.0,0.5,0.6666666666666666,0.0,0.0,2,2,4,63,0,2,0,0.4315068493150685,0.5
40,full,FT_K1,positive_mean_eligible,sentences,4,4,1406,0.5,0.5,0.5,0.0,0.0,2,4,4,142,0,4,0,0.4315068493150685,1.0
40,full,FT_K1,positive_mean_eligible,sentences,8,8,1406,0.25,0.5,0.3333333333333333,0.0,0.0,2,8,4,228,0,8,0,0.4315068493150685,1.0
40,full,FT_K3,signed_sum,all_body_tokens,0.05,71,1406,0.0,0.0,0.0,0.0,0.0,0,1,4,64,7,1,0,0.0,0.5
40,full,FT_K3,signed_sum,all_body_tokens,0.1,141,1406,0.6666666666666666,0.5,0.5714285714285715,0.0,0.0,2,3,4,127,14,3,0,0.4315068493150685,0.75
40,full,FT_K3,signed_sum,all_body_tokens,0.2,282,1406,0.25,0.5,0.3333333333333333,0.0,0.0,2,8,4,253,29,8,0,0.4315068493150685,1.0
40,full,FT_K3,signed_sum,sentences,2,2,1406,0.5,0.25,0.3333333333333333,0.0,0.0,1,2,4,97,0,2,0,0.22602739726027396,0.5
40,full,FT_K3,signed_sum,sentences,4,4,1406,0.5,0.5,0.5,0.0,0.0,2,4,4,152,0,4,0,0.4315068493150685,1.0
40,full,FT_K3,signed_sum,sentences,8,8,1406,0.25,0.5,0.3333333333333333,0.0,0.0,2,8,4,253,0,8,0,0.4315068493150685,1.0
40,full,FT_K3,positive_mean_eligible,all_body_tokens,0.05,71,1406,1.0,0.5,0.6666666666666666,0.0,0.0,2,2,4,63,8,2,0,0.4315068493150685,0.5
40,full,FT_K3,positive_mean_eligible,all_body_tokens,0.1,141,1406,0.6666666666666666,0.5,0.5714285714285715,0.0,0.0,2,3,4,127,14,3,0,0.4315068493150685,0.75
40,full,FT_K3,positive_mean_eligible,all_body_tokens,0.2,282,1406,0.3,0.75,0.4285714285714285,0.0,0.0,3,10,4,274,8,10,0,0.589041095890411,1.0
40,full,FT_K3,positive_mean_eligible,sentences,2,2,1406,1.0,0.5,0.6666666666666666,0.0,0.0,2,2,4,63,0,2,0,0.4315068493150685,0.5
40,full,FT_K3,positive_mean_eligible,sentences,4,4,1406,0.5,0.5,0.5,0.0,0.0,2,4,4,142,0,4,0,0.4315068493150685,1.0
40,full,FT_K3,positive_mean_eligible,sentences,8,8,1406,0.25,0.5,0.3333333333333333,0.0,0.0,2,8,4,228,0,8,0,0.4315068493150685,1.0
41,full,DT_target,signed_sum,all_body_tokens,0.05,45,884,1.0,0.5,0.6666666666666666,0.0,0.0,2,2,4,39,6,2,0,0.43820224719101125,0.5
41,full,DT_target,signed_sum,all_body_tokens,0.1,89,884,0.75,0.75,0.75,0.0,0.0,3,4,4,75,14,4,0,0.5842696629213483,1.0
41,full,DT_target,signed_sum,all_body_tokens,0.2,177,884,0.42857142857142855,0.75,0.5454545454545454,0.0,0.0,3,7,4,165,12,7,0,0.5842696629213483,1.0
41,full,DT_target,signed_sum,sentences,2,2,884,1.0,0.5,0.6666666666666666,0.0,0.0,2,2,4,39,0,2,0,0.43820224719101125,0.5
41,full,DT_target,signed_sum,sentences,4,4,884,0.75,0.75,0.75,0.0,0.0,3,4,4,75,0,4,0,0.5842696629213483,1.0
41,full,DT_target,signed_sum,sentences,8,8,884,0.375,0.75,0.5,0.0,0.0,3,8,4,188,0,8,0,0.5842696629213483,1.0
41,full,DT_target,positive_mean_eligible,all_body_tokens,0.05,45,884,1.0,0.5,0.6666666666666666,0.0,0.0,2,2,4,39,6,2,0,0.43820224719101125,0.5
41,full,DT_target,positive_mean_eligible,all_body_tokens,0.1,89,884,0.75,0.75,0.75,0.0,0.0,3,4,4,75,14,4,0,0.5842696629213483,1.0
41,full,DT_target,positive_mean_eligible,all_body_tokens,0.2,177,884,0.3333333333333333,0.75,0.46153846153846156,0.0,0.0,3,9,4,175,2,9,0,0.5842696629213483,1.0
41,full,DT_target,positive_mean_eligible,sentences,2,2,884,1.0,0.5,0.6666666666666666,0.0,0.0,2,2,4,39,0,2,0,0.43820224719101125,0.5
41,full,DT_target,positive_mean_eligible,sentences,4,4,884,0.75,0.75,0.75,0.0,0.0,3,4,4,75,0,4,0,0.5842696629213483,1.0
41,full,DT_target,positive_mean_eligible,sentences,8,8,884,0.375,0.75,0.5,0.0,0.0,3,8,4,152,0,8,0,0.5842696629213483,1.0
41,full,FT_K1,signed_sum,all_body_tokens,0.05,45,884,1.0,0.5,0.6666666666666666,0.0,0.0,2,2,4,39,6,2,0,0.43820224719101125,0.5
41,full,FT_K1,signed_sum,all_body_tokens,0.1,89,884,0.75,0.75,0.75,0.0,0.0,3,4,4,77,12,4,0,0.5842696629213483,1.0
41,full,FT_K1,signed_sum,all_body_tokens,0.2,177,884,0.5,0.75,0.6,0.0,0.0,3,6,4,165,12,6,0,0.5842696629213483,1.0
41,full,FT_K1,signed_sum,sentences,2,2,884,1.0,0.5,0.6666666666666666,0.0,0.0,2,2,4,39,0,2,0,0.43820224719101125,0.5
41,full,FT_K1,signed_sum,sentences,4,4,884,0.75,0.75,0.75,0.0,0.0,3,4,4,77,0,4,0,0.5842696629213483,1.0
41,full,FT_K1,signed_sum,sentences,8,8,884,0.375,0.75,0.5,0.0,0.0,3,8,4,237,0,8,0,0.5842696629213483,1.0
41,full,FT_K1,positive_mean_eligible,all_body_tokens,0.05,45,884,1.0,0.5,0.6666666666666666,0.0,0.0,2,2,4,39,6,2,0,0.43820224719101125,0.5
41,full,FT_K1,positive_mean_eligible,all_body_tokens,0.1,89,884,0.75,0.75,0.75,0.0,0.0,3,4,4,77,12,4,0,0.5842696629213483,1.0
41,full,FT_K1,positive_mean_eligible,all_body_tokens,0.2,177,884,0.375,0.75,0.5,0.0,0.0,3,8,4,149,28,8,0,0.5842696629213483,1.0
41,full,FT_K1,positive_mean_eligible,sentences,2,2,884,1.0,0.5,0.6666666666666666,0.0,0.0,2,2,4,39,0,2,0,0.43820224719101125,0.5
41,full,FT_K1,positive_mean_eligible,sentences,4,4,884,0.75,0.75,0.75,0.0,0.0,3,4,4,77,0,4,0,0.5842696629213483,1.0
41,full,FT_K1,positive_mean_eligible,sentences,8,8,884,0.375,0.75,0.5,0.0,0.0,3,8,4,149,0,8,0,0.5842696629213483,1.0
41,full,FT_K3,signed_sum,all_body_tokens,0.05,45,884,1.0,0.5,0.6666666666666666,0.0,0.0,2,2,4,39,6,2,0,0.43820224719101125,0.5
41,full,FT_K3,signed_sum,all_body_tokens,0.1,89,884,0.75,0.75,0.75,0.0,0.0,3,4,4,77,12,4,0,0.5842696629213483,1.0
41,full,FT_K3,signed_sum,all_body_tokens,0.2,177,884,0.5,0.75,0.6,0.0,0.0,3,6,4,165,12,6,0,0.5842696629213483,1.0
41,full,FT_K3,signed_sum,sentences,2,2,884,1.0,0.5,0.6666666666666666,0.0,0.0,2,2,4,39,0,2,0,0.43820224719101125,0.5
41,full,FT_K3,signed_sum,sentences,4,4,884,0.75,0.75,0.75,0.0,0.0,3,4,4,77,0,4,0,0.5842696629213483,1.0
41,full,FT_K3,signed_sum,sentences,8,8,884,0.375,0.75,0.5,0.0,0.0,3,8,4,237,0,8,0,0.5842696629213483,1.0
41,full,FT_K3,positive_mean_eligible,all_body_tokens,0.05,45,884,1.0,0.5,0.6666666666666666,0.0,0.0,2,2,4,39,6,2,0,0.43820224719101125,0.5
41,full,FT_K3,positive_mean_eligible,all_body_tokens,0.1,89,884,0.75,0.75,0.75,0.0,0.0,3,4,4,77,12,4,0,0.5842696629213483,1.0
41,full,FT_K3,positive_mean_eligible,all_body_tokens,0.2,177,884,0.375,0.75,0.5,0.0,0.0,3,8,4,171,6,8,0,0.5842696629213483,1.0
41,full,FT_K3,positive_mean_eligible,sentences,2,2,884,1.0,0.5,0.6666666666666666,0.0,0.0,2,2,4,39,0,2,0,0.43820224719101125,0.5
41,full,FT_K3,positive_mean_eligible,sentences,4,4,884,0.75,0.75,0.75,0.0,0.0,3,4,4,77,0,4,0,0.5842696629213483,1.0
41,full,FT_K3,positive_mean_eligible,sentences,8,8,884,0.375,0.75,0.5,0.0,0.0,3,8,4,171,0,8,0,0.5842696629213483,1.0
42,full,DT_target,signed_sum,all_body_tokens,0.05,66,1312,1.0,0.5,0.6666666666666666,0.0,0.0,1,1,2,47,19,1,0,0.5402298850574713,0.5
42,full,DT_target,signed_sum,all_body_tokens,0.1,132,1312,1.0,1.0,1.0,1.0,1.0,2,2,2,87,45,2,0,1.0,1.0
42,full,DT_target,signed_sum,all_body_tokens,0.2,263,1312,0.5,1.0,0.6666666666666666,0.0,1.0,2,4,2,244,19,4,0,1.0,1.0
42,full,DT_target,signed_sum,sentences,2,2,1312,1.0,1.0,1.0,1.0,1.0,2,2,2,87,0,2,0,1.0,1.0
42,full,DT_target,signed_sum,sentences,4,4,1312,0.5,1.0,0.6666666666666666,0.0,1.0,2,4,2,244,0,4,0,1.0,1.0
42,full,DT_target,signed_sum,sentences,8,8,1312,0.25,1.0,0.4,0.0,1.0,2,8,2,346,0,8,0,1.0,1.0
42,full,DT_target,positive_mean_eligible,all_body_tokens,0.05,66,1312,0.5,0.5,0.5,0.0,0.0,1,2,2,61,5,2,0,0.5402298850574713,0.5
42,full,DT_target,positive_mean_eligible,all_body_tokens,0.1,132,1312,0.5,1.0,0.6666666666666666,0.0,1.0,2,4,2,127,5,4,0,1.0,1.0
42,full,DT_target,positive_mean_eligible,all_body_tokens,0.2,263,1312,0.2857142857142857,1.0,0.4444444444444445,0.0,1.0,2,7,2,209,54,7,0,1.0,1.0
42,full,DT_target,positive_mean_eligible,sentences,2,2,1312,0.5,0.5,0.5,0.0,0.0,1,2,2,61,0,2,0,0.5402298850574713,1.0
42,full,DT_target,positive_mean_eligible,sentences,4,4,1312,0.5,1.0,0.6666666666666666,0.0,1.0,2,4,2,127,0,4,0,1.0,1.0
42,full,DT_target,positive_mean_eligible,sentences,8,8,1312,0.25,1.0,0.4,0.0,1.0,2,8,2,293,0,8,0,1.0,1.0
42,full,FT_K1,signed_sum,all_body_tokens,0.05,66,1312,1.0,0.5,0.6666666666666666,0.0,0.0,1,1,2,47,19,1,0,0.5402298850574713,0.5
42,full,FT_K1,signed_sum,all_body_tokens,0.1,132,1312,0.5,0.5,0.5,0.0,0.0,1,2,2,120,12,2,0,0.5402298850574713,1.0
42,full,FT_K1,signed_sum,all_body_tokens,0.2,263,1312,0.4,1.0,0.5714285714285715,0.0,1.0,2,5,2,249,14,5,0,1.0,1.0
42,full,FT_K1,signed_sum,sentences,2,2,1312,0.5,0.5,0.5,0.0,0.0,1,2,2,120,0,2,0,0.5402298850574713,1.0
42,full,FT_K1,signed_sum,sentences,4,4,1312,0.25,0.5,0.3333333333333333,0.0,0.0,1,4,2,209,0,4,0,0.5402298850574713,1.0
42,full,FT_K1,signed_sum,sentences,8,8,1312,0.25,1.0,0.4,0.0,1.0,2,8,2,400,0,8,0,1.0,1.0
42,full,FT_K1,positive_mean_eligible,all_body_tokens,0.05,66,1312,1.0,0.5,0.6666666666666666,0.0,0.0,1,1,2,47,19,1,0,0.5402298850574713,0.5
42,full,FT_K1,positive_mean_eligible,all_body_tokens,0.1,132,1312,0.5,0.5,0.5,0.0,0.0,1,2,2,77,55,2,0,0.5402298850574713,1.0
42,full,FT_K1,positive_mean_eligible,all_body_tokens,0.2,263,1312,0.3333333333333333,1.0,0.5,0.0,1.0,2,6,2,262,1,6,0,1.0,1.0
42,full,FT_K1,positive_mean_eligible,sentences,2,2,1312,0.5,0.5,0.5,0.0,0.0,1,2,2,77,0,2,0,0.5402298850574713,1.0
42,full,FT_K1,positive_mean_eligible,sentences,4,4,1312,0.25,0.5,0.3333333333333333,0.0,0.0,1,4,2,185,0,4,0,0.5402298850574713,1.0
42,full,FT_K1,positive_mean_eligible,sentences,8,8,1312,0.25,1.0,0.4,0.0,1.0,2,8,2,339,0,8,0,1.0,1.0
42,full,FT_K3,signed_sum,all_body_tokens,0.05,66,1312,1.0,0.5,0.6666666666666666,0.0,0.0,1,1,2,47,19,1,0,0.5402298850574713,0.5
42,full,FT_K3,signed_sum,all_body_tokens,0.1,132,1312,0.5,0.5,0.5,0.0,0.0,1,2,2,120,12,2,0,0.5402298850574713,1.0
42,full,FT_K3,signed_sum,all_body_tokens,0.2,263,1312,0.4,1.0,0.5714285714285715,0.0,1.0,2,5,2,249,14,5,0,1.0,1.0
42,full,FT_K3,signed_sum,sentences,2,2,1312,0.5,0.5,0.5,0.0,0.0,1,2,2,120,0,2,0,0.5402298850574713,1.0
42,full,FT_K3,signed_sum,sentences,4,4,1312,0.25,0.5,0.3333333333333333,0.0,0.0,1,4,2,209,0,4,0,0.5402298850574713,1.0
42,full,FT_K3,signed_sum,sentences,8,8,1312,0.25,1.0,0.4,0.0,1.0,2,8,2,400,0,8,0,1.0,1.0
42,full,FT_K3,positive_mean_eligible,all_body_tokens,0.05,66,1312,1.0,0.5,0.6666666666666666,0.0,0.0,1,1,2,47,19,1,0,0.5402298850574713,0.5
42,full,FT_K3,positive_mean_eligible,all_body_tokens,0.1,132,1312,0.5,0.5,0.5,0.0,0.0,1,2,2,120,12,2,0,0.5402298850574713,1.0
42,full,FT_K3,positive_mean_eligible,all_body_tokens,0.2,263,1312,0.3333333333333333,1.0,0.5,0.0,1.0,2,6,2,262,1,6,0,1.0,1.0
42,full,FT_K3,positive_mean_eligible,sentences,2,2,1312,0.5,0.5,0.5,0.0,0.0,1,2,2,120,0,2,0,0.5402298850574713,1.0
42,full,FT_K3,positive_mean_eligible,sentences,4,4,1312,0.25,0.5,0.3333333333333333,0.0,0.0,1,4,2,185,0,4,0,0.5402298850574713,1.0
42,full,FT_K3,positive_mean_eligible,sentences,8,8,1312,0.25,1.0,0.4,0.0,1.0,2,8,2,339,0,8,0,1.0,1.0
43,full,DT_target,signed_sum,all_body_tokens,0.05,63,1259,1.0,0.3333333333333333,0.5,0.0,0.0,1,1,3,29,34,1,0,0.29896907216494845,0.6666666666666666
43,full,DT_target,signed_sum,all_body_tokens,0.1,126,1259,0.75,1.0,0.8571428571428571,0.0,1.0,3,4,3,120,6,4,0,1.0,1.0
43,full,DT_target,signed_sum,all_body_tokens,0.2,252,1259,0.5,1.0,0.6666666666666666,0.0,1.0,3,6,3,225,27,6,0,1.0,1.0
43,full,DT_target,signed_sum,sentences,2,2,1259,1.0,0.6666666666666666,0.8,0.0,0.0,2,2,3,75,0,2,0,0.7731958762886598,0.6666666666666666
43,full,DT_target,signed_sum,sentences,4,4,1259,0.75,1.0,0.8571428571428571,0.0,1.0,3,4,3,120,0,4,0,1.0,1.0
43,full,DT_target,signed_sum,sentences,8,8,1259,0.375,1.0,0.5454545454545454,0.0,1.0,3,8,3,307,0,8,0,1.0,1.0
43,full,DT_target,positive_mean_eligible,all_body_tokens,0.05,63,1259,1.0,0.6666666666666666,0.8,0.0,0.0,2,2,3,51,12,2,0,0.5257731958762887,0.6666666666666666
43,full,DT_target,positive_mean_eligible,all_body_tokens,0.1,126,1259,0.75,1.0,0.8571428571428571,0.0,1.0,3,4,3,120,6,4,0,1.0,1.0
43,full,DT_target,positive_mean_eligible,all_body_tokens,0.2,252,1259,0.375,1.0,0.5454545454545454,0.0,1.0,3,8,3,231,21,8,0,1.0,1.0
43,full,DT_target,positive_mean_eligible,sentences,2,2,1259,1.0,0.6666666666666666,0.8,0.0,0.0,2,2,3,51,0,2,0,0.5257731958762887,0.6666666666666666
43,full,DT_target,positive_mean_eligible,sentences,4,4,1259,0.75,1.0,0.8571428571428571,0.0,1.0,3,4,3,120,0,4,0,1.0,1.0
43,full,DT_target,positive_mean_eligible,sentences,8,8,1259,0.375,1.0,0.5454545454545454,0.0,1.0,3,8,3,231,0,8,0,1.0,1.0
43,full,FT_K1,signed_sum,all_body_tokens,0.05,63,1259,1.0,0.3333333333333333,0.5,0.0,0.0,1,1,3,29,34,1,0,0.29896907216494845,0.6666666666666666
43,full,FT_K1,signed_sum,all_body_tokens,0.1,126,1259,1.0,1.0,1.0,1.0,1.0,3,3,3,97,29,3,0,1.0,1.0
43,full,FT_K1,signed_sum,all_body_tokens,0.2,252,1259,0.6,1.0,0.7499999999999999,0.0,1.0,3,5,3,196,56,5,0,1.0,1.0
43,full,FT_K1,signed_sum,sentences,2,2,1259,1.0,0.6666666666666666,0.8,0.0,0.0,2,2,3,75,0,2,0,0.7731958762886598,0.6666666666666666
43,full,FT_K1,signed_sum,sentences,4,4,1259,0.75,1.0,0.8571428571428571,0.0,1.0,3,4,3,163,0,4,0,1.0,1.0
43,full,FT_K1,signed_sum,sentences,8,8,1259,0.375,1.0,0.5454545454545454,0.0,1.0,3,8,3,339,0,8,0,1.0,1.0
43,full,FT_K1,positive_mean_eligible,all_body_tokens,0.05,63,1259,1.0,0.6666666666666666,0.8,0.0,0.0,2,2,3,51,12,2,0,0.5257731958762887,0.6666666666666666
43,full,FT_K1,positive_mean_eligible,all_body_tokens,0.1,126,1259,1.0,1.0,1.0,1.0,1.0,3,3,3,97,29,3,0,1.0,1.0
43,full,FT_K1,positive_mean_eligible,all_body_tokens,0.2,252,1259,0.42857142857142855,1.0,0.6,0.0,1.0,3,7,3,222,30,7,0,1.0,1.0
43,full,FT_K1,positive_mean_eligible,sentences,2,2,1259,1.0,0.6666666666666666,0.8,0.0,0.0,2,2,3,51,0,2,0,0.5257731958762887,0.6666666666666666
43,full,FT_K1,positive_mean_eligible,sentences,4,4,1259,0.75,1.0,0.8571428571428571,0.0,1.0,3,4,3,130,0,4,0,1.0,1.0
43,full,FT_K1,positive_mean_eligible,sentences,8,8,1259,0.375,1.0,0.5454545454545454,0.0,1.0,3,8,3,262,0,8,0,1.0,1.0
43,full,FT_K3,signed_sum,all_body_tokens,0.05,63,1259,1.0,0.3333333333333333,0.5,0.0,0.0,1,1,3,29,34,1,0,0.29896907216494845,0.6666666666666666
43,full,FT_K3,signed_sum,all_body_tokens,0.1,126,1259,1.0,1.0,1.0,1.0,1.0,3,3,3,97,29,3,0,1.0,1.0
43,full,FT_K3,signed_sum,all_body_tokens,0.2,252,1259,0.6,1.0,0.7499999999999999,0.0,1.0,3,5,3,196,56,5,0,1.0,1.0
43,full,FT_K3,signed_sum,sentences,2,2,1259,1.0,0.6666666666666666,0.8,0.0,0.0,2,2,3,75,0,2,0,0.7731958762886598,0.6666666666666666
43,full,FT_K3,signed_sum,sentences,4,4,1259,0.75,1.0,0.8571428571428571,0.0,1.0,3,4,3,163,0,4,0,1.0,1.0
43,full,FT_K3,signed_sum,sentences,8,8,1259,0.375,1.0,0.5454545454545454,0.0,1.0,3,8,3,339,0,8,0,1.0,1.0
43,full,FT_K3,positive_mean_eligible,all_body_tokens,0.05,63,1259,1.0,0.6666666666666666,0.8,0.0,0.0,2,2,3,51,12,2,0,0.5257731958762887,0.6666666666666666
43,full,FT_K3,positive_mean_eligible,all_body_tokens,0.1,126,1259,1.0,1.0,1.0,1.0,1.0,3,3,3,97,29,3,0,1.0,1.0
43,full,FT_K3,positive_mean_eligible,all_body_tokens,0.2,252,1259,0.375,1.0,0.5454545454545454,0.0,1.0,3,8,3,244,8,8,0,1.0,1.0
43,full,FT_K3,positive_mean_eligible,sentences,2,2,1259,1.0,0.6666666666666666,0.8,0.0,0.0,2,2,3,51,0,2,0,0.5257731958762887,0.6666666666666666
43,full,FT_K3,positive_mean_eligible,sentences,4,4,1259,0.75,1.0,0.8571428571428571,0.0,1.0,3,4,3,130,0,4,0,1.0,1.0
43,full,FT_K3,positive_mean_eligible,sentences,8,8,1259,0.375,1.0,0.5454545454545454,0.0,1.0,3,8,3,244,0,8,0,1.0,1.0
44,full,DT_target,signed_sum,all_body_tokens,0.05,42,831,0.0,0.0,0.0,0.0,0.0,0,0,3,0,42,0,1,0.0,0.3333333333333333
44,full,DT_target,signed_sum,all_body_tokens,0.1,84,831,1.0,0.6666666666666666,0.8,0.0,0.0,2,2,3,58,26,2,0,0.5858585858585859,0.6666666666666666
44,full,DT_target,signed_sum,all_body_tokens,0.2,167,831,0.5,1.0,0.6666666666666666,0.0,1.0,3,6,3,166,1,6,0,1.0,1.0
44,full,DT_target,signed_sum,sentences,2,2,831,1.0,0.6666666666666666,0.8,0.0,0.0,2,2,3,58,0,2,0,0.5858585858585859,0.6666666666666666
44,full,DT_target,signed_sum,sentences,4,4,831,0.75,1.0,0.8571428571428571,0.0,1.0,3,4,3,110,0,4,0,1.0,1.0
44,full,DT_target,signed_sum,sentences,8,8,831,0.375,1.0,0.5454545454545454,0.0,1.0,3,8,3,219,0,8,0,1.0,1.0
44,full,DT_target,positive_mean_eligible,all_body_tokens,0.05,42,831,0.5,0.3333333333333333,0.4,0.0,0.0,1,2,3,26,16,2,0,0.15151515151515152,0.3333333333333333
44,full,DT_target,positive_mean_eligible,all_body_tokens,0.1,84,831,0.6666666666666666,0.6666666666666666,0.6666666666666666,0.0,0.0,2,3,3,69,15,3,0,0.5858585858585859,0.6666666666666666
44,full,DT_target,positive_mean_eligible,all_body_tokens,0.2,167,831,0.5,1.0,0.6666666666666666,0.0,1.0,3,6,3,149,18,6,0,1.0,1.0
44,full,DT_target,positive_mean_eligible,sentences,2,2,831,0.5,0.3333333333333333,0.4,0.0,0.0,1,2,3,26,0,2,0,0.15151515151515152,0.6666666666666666
44,full,DT_target,positive_mean_eligible,sentences,4,4,831,0.75,1.0,0.8571428571428571,0.0,1.0,3,4,3,110,0,4,0,1.0,1.0
44,full,DT_target,positive_mean_eligible,sentences,8,8,831,0.375,1.0,0.5454545454545454,0.0,1.0,3,8,3,216,0,8,0,1.0,1.0
44,full,FT_K1,signed_sum,all_body_tokens,0.05,42,831,1.0,0.3333333333333333,0.5,0.0,0.0,1,1,3,41,1,1,0,0.41414141414141414,0.3333333333333333
44,full,FT_K1,signed_sum,all_body_tokens,0.1,84,831,1.0,0.6666666666666666,0.8,0.0,0.0,2,2,3,84,0,2,0,0.8484848484848485,0.6666666666666666
44,full,FT_K1,signed_sum,all_body_tokens,0.2,167,831,0.75,1.0,0.8571428571428571,0.0,1.0,3,4,3,126,41,4,0,1.0,1.0
44,full,FT_K1,signed_sum,sentences,2,2,831,1.0,0.6666666666666666,0.8,0.0,0.0,2,2,3,84,0,2,0,0.8484848484848485,0.6666666666666666
44,full,FT_K1,signed_sum,sentences,4,4,831,0.75,1.0,0.8571428571428571,0.0,1.0,3,4,3,126,0,4,0,1.0,1.0
44,full,FT_K1,signed_sum,sentences,8,8,831,0.375,1.0,0.5454545454545454,0.0,1.0,3,8,3,223,0,8,0,1.0,1.0
44,full,FT_K1,positive_mean_eligible,all_body_tokens,0.05,42,831,1.0,0.3333333333333333,0.5,0.0,0.0,1,1,3,15,27,1,0,0.15151515151515152,0.3333333333333333
44,full,FT_K1,positive_mean_eligible,all_body_tokens,0.1,84,831,0.6666666666666666,0.6666666666666666,0.6666666666666666,0.0,0.0,2,3,3,83,1,3,0,0.5656565656565656,0.6666666666666666
44,full,FT_K1,positive_mean_eligible,all_body_tokens,0.2,167,831,0.42857142857142855,1.0,0.6,0.0,1.0,3,7,3,159,8,7,0,1.0,1.0
44,full,FT_K1,positive_mean_eligible,sentences,2,2,831,1.0,0.6666666666666666,0.8,0.0,0.0,2,2,3,56,0,2,0,0.5656565656565656,0.6666666666666666
44,full,FT_K1,positive_mean_eligible,sentences,4,4,831,0.75,1.0,0.8571428571428571,0.0,1.0,3,4,3,126,0,4,0,1.0,1.0
44,full,FT_K1,positive_mean_eligible,sentences,8,8,831,0.375,1.0,0.5454545454545454,0.0,1.0,3,8,3,179,0,8,0,1.0,1.0
44,full,FT_K3,signed_sum,all_body_tokens,0.05,42,831,1.0,0.3333333333333333,0.5,0.0,0.0,1,1,3,41,1,1,0,0.41414141414141414,0.3333333333333333
44,full,FT_K3,signed_sum,all_body_tokens,0.1,84,831,1.0,0.6666666666666666,0.8,0.0,0.0,2,2,3,84,0,2,0,0.8484848484848485,0.6666666666666666
44,full,FT_K3,signed_sum,all_body_tokens,0.2,167,831,0.75,1.0,0.8571428571428571,0.0,1.0,3,4,3,126,41,4,0,1.0,1.0
44,full,FT_K3,signed_sum,sentences,2,2,831,1.0,0.6666666666666666,0.8,0.0,0.0,2,2,3,84,0,2,0,0.8484848484848485,0.6666666666666666
44,full,FT_K3,signed_sum,sentences,4,4,831,0.75,1.0,0.8571428571428571,0.0,1.0,3,4,3,126,0,4,0,1.0,1.0
44,full,FT_K3,signed_sum,sentences,8,8,831,0.375,1.0,0.5454545454545454,0.0,1.0,3,8,3,223,0,8,0,1.0,1.0
44,full,FT_K3,positive_mean_eligible,all_body_tokens,0.05,42,831,1.0,0.3333333333333333,0.5,0.0,0.0,1,1,3,15,27,1,0,0.15151515151515152,0.3333333333333333
44,full,FT_K3,positive_mean_eligible,all_body_tokens,0.1,84,831,0.6666666666666666,0.6666666666666666,0.6666666666666666,0.0,0.0,2,3,3,83,1,3,0,0.5656565656565656,0.6666666666666666
44,full,FT_K3,positive_mean_eligible,all_body_tokens,0.2,167,831,0.42857142857142855,1.0,0.6,0.0,1.0,3,7,3,159,8,7,0,1.0,1.0
44,full,FT_K3,positive_mean_eligible,sentences,2,2,831,1.0,0.6666666666666666,0.8,0.0,0.0,2,2,3,56,0,2,0,0.5656565656565656,0.6666666666666666
44,full,FT_K3,positive_mean_eligible,sentences,4,4,831,0.75,1.0,0.8571428571428571,0.0,1.0,3,4,3,126,0,4,0,1.0,1.0
44,full,FT_K3,positive_mean_eligible,sentences,8,8,831,0.375,1.0,0.5454545454545454,0.0,1.0,3,8,3,179,0,8,0,1.0,1.0
45,full,DT_target,signed_sum,all_body_tokens,0.05,92,1835,0.5,0.5,0.5,0.0,0.0,1,2,2,85,7,2,0,0.6853932584269663,1.0
45,full,DT_target,signed_sum,all_body_tokens,0.1,184,1835,0.5,1.0,0.6666666666666666,0.0,1.0,2,4,2,162,22,4,0,1.0,1.0
45,full,DT_target,signed_sum,all_body_tokens,0.2,367,1835,0.2857142857142857,1.0,0.4444444444444445,0.0,1.0,2,7,2,300,67,7,0,1.0,1.0
45,full,DT_target,signed_sum,sentences,2,2,1835,0.5,0.5,0.5,0.0,0.0,1,2,2,85,0,2,0,0.6853932584269663,1.0
45,full,DT_target,signed_sum,sentences,4,4,1835,0.5,1.0,0.6666666666666666,0.0,1.0,2,4,2,162,0,4,0,1.0,1.0
45,full,DT_target,signed_sum,sentences,8,8,1835,0.25,1.0,0.4,0.0,1.0,2,8,2,439,0,8,0,1.0,1.0
45,full,DT_target,positive_mean_eligible,all_body_tokens,0.05,92,1835,0.5,0.5,0.5,0.0,0.0,1,2,2,85,7,2,0,0.6853932584269663,1.0
45,full,DT_target,positive_mean_eligible,all_body_tokens,0.1,184,1835,0.4,1.0,0.5714285714285715,0.0,1.0,2,5,2,168,16,5,0,1.0,1.0
45,full,DT_target,positive_mean_eligible,all_body_tokens,0.2,367,1835,0.18181818181818182,1.0,0.3076923076923077,0.0,1.0,2,11,2,363,4,11,0,1.0,1.0
45,full,DT_target,positive_mean_eligible,sentences,2,2,1835,0.5,0.5,0.5,0.0,0.0,1,2,2,85,0,2,0,0.6853932584269663,1.0
45,full,DT_target,positive_mean_eligible,sentences,4,4,1835,0.5,1.0,0.6666666666666666,0.0,1.0,2,4,2,119,0,4,0,1.0,1.0
45,full,DT_target,positive_mean_eligible,sentences,8,8,1835,0.25,1.0,0.4,0.0,1.0,2,8,2,214,0,8,0,1.0,1.0
45,full,FT_K1,signed_sum,all_body_tokens,0.05,92,1835,1.0,0.5,0.6666666666666666,0.0,0.0,1,1,2,61,31,1,0,0.6853932584269663,1.0
45,full,FT_K1,signed_sum,all_body_tokens,0.1,184,1835,1.0,0.5,0.6666666666666666,0.0,0.0,1,1,2,61,123,1,0,0.6853932584269663,1.0
45,full,FT_K1,signed_sum,all_body_tokens,0.2,367,1835,0.3333333333333333,1.0,0.5,0.0,1.0,2,6,2,337,30,6,0,1.0,1.0
45,full,FT_K1,signed_sum,sentences,2,2,1835,0.5,0.5,0.5,0.0,0.0,1,2,2,200,0,2,0,0.6853932584269663,1.0
45,full,FT_K1,signed_sum,sentences,4,4,1835,0.5,1.0,0.6666666666666666,0.0,1.0,2,4,2,256,0,4,0,1.0,1.0
45,full,FT_K1,signed_sum,sentences,8,8,1835,0.25,1.0,0.4,0.0,1.0,2,8,2,450,0,8,0,1.0,1.0
45,full,FT_K1,positive_mean_eligible,all_body_tokens,0.05,92,1835,0.5,0.5,0.5,0.0,0.0,1,2,2,89,3,2,0,0.6853932584269663,1.0
45,full,FT_K1,positive_mean_eligible,all_body_tokens,0.1,184,1835,0.3333333333333333,1.0,0.5,0.0,1.0,2,6,2,176,8,6,0,1.0,1.0
45,full,FT_K1,positive_mean_eligible,all_body_tokens,0.2,367,1835,0.16666666666666666,1.0,0.2857142857142857,0.0,1.0,2,12,2,339,28,12,0,1.0,1.0
45,full,FT_K1,positive_mean_eligible,sentences,2,2,1835,0.5,0.5,0.5,0.0,0.0,1,2,2,89,0,2,0,0.6853932584269663,1.0
45,full,FT_K1,positive_mean_eligible,sentences,4,4,1835,0.5,1.0,0.6666666666666666,0.0,1.0,2,4,2,149,0,4,0,1.0,1.0
45,full,FT_K1,positive_mean_eligible,sentences,8,8,1835,0.25,1.0,0.4,0.0,1.0,2,8,2,249,0,8,0,1.0,1.0
45,full,FT_K3,signed_sum,all_body_tokens,0.05,92,1835,1.0,0.5,0.6666666666666666,0.0,0.0,1,1,2,61,31,1,0,0.6853932584269663,1.0
45,full,FT_K3,signed_sum,all_body_tokens,0.1,184,1835,1.0,0.5,0.6666666666666666,0.0,0.0,1,1,2,61,123,1,0,0.6853932584269663,1.0
45,full,FT_K3,signed_sum,all_body_tokens,0.2,367,1835,0.3333333333333333,1.0,0.5,0.0,1.0,2,6,2,337,30,6,0,1.0,1.0
45,full,FT_K3,signed_sum,sentences,2,2,1835,0.5,0.5,0.5,0.0,0.0,1,2,2,200,0,2,0,0.6853932584269663,1.0
45,full,FT_K3,signed_sum,sentences,4,4,1835,0.5,1.0,0.6666666666666666,0.0,1.0,2,4,2,256,0,4,0,1.0,1.0
45,full,FT_K3,signed_sum,sentences,8,8,1835,0.25,1.0,0.4,0.0,1.0,2,8,2,450,0,8,0,1.0,1.0
45,full,FT_K3,positive_mean_eligible,all_body_tokens,0.05,92,1835,0.5,0.5,0.5,0.0,0.0,1,2,2,89,3,2,0,0.6853932584269663,1.0
45,full,FT_K3,positive_mean_eligible,all_body_tokens,0.1,184,1835,0.4,1.0,0.5714285714285715,0.0,1.0,2,5,2,155,29,5,0,1.0,1.0
45,full,FT_K3,positive_mean_eligible,all_body_tokens,0.2,367,1835,0.16666666666666666,1.0,0.2857142857142857,0.0,1.0,2,12,2,355,12,12,0,1.0,1.0
45,full,FT_K3,positive_mean_eligible,sentences,2,2,1835,0.5,0.5,0.5,0.0,0.0,1,2,2,89,0,2,0,0.6853932584269663,1.0
45,full,FT_K3,positive_mean_eligible,sentences,4,4,1835,0.5,1.0,0.6666666666666666,0.0,1.0,2,4,2,123,0,4,0,1.0,1.0
45,full,FT_K3,positive_mean_eligible,sentences,8,8,1835,0.25,1.0,0.4,0.0,1.0,2,8,2,249,0,8,0,1.0,1.0
46,full,DT_target,signed_sum,all_body_tokens,0.05,67,1324,0.5,0.5,0.5,0.0,0.0,1,2,2,61,6,2,0,0.5538461538461539,1.0
46,full,DT_target,signed_sum,all_body_tokens,0.1,133,1324,0.5,1.0,0.6666666666666666,0.0,1.0,2,4,2,124,9,4,0,1.0,1.0
46,full,DT_target,signed_sum,all_body_tokens,0.2,265,1324,0.4,1.0,0.5714285714285715,0.0,1.0,2,5,2,197,68,5,0,1.0,1.0
46,full,DT_target,signed_sum,sentences,2,2,1324,0.5,0.5,0.5,0.0,0.0,1,2,2,61,0,2,0,0.5538461538461539,1.0
46,full,DT_target,signed_sum,sentences,4,4,1324,0.5,1.0,0.6666666666666666,0.0,1.0,2,4,2,124,0,4,0,1.0,1.0
46,full,DT_target,signed_sum,sentences,8,8,1324,0.25,1.0,0.4,0.0,1.0,2,8,2,342,0,8,0,1.0,1.0
46,full,DT_target,positive_mean_eligible,all_body_tokens,0.05,67,1324,0.5,0.5,0.5,0.0,0.0,1,2,2,61,6,2,0,0.5538461538461539,1.0
46,full,DT_target,positive_mean_eligible,all_body_tokens,0.1,133,1324,0.5,1.0,0.6666666666666666,0.0,1.0,2,4,2,124,9,4,0,1.0,1.0
46,full,DT_target,positive_mean_eligible,all_body_tokens,0.2,265,1324,0.2857142857142857,1.0,0.4444444444444445,0.0,1.0,2,7,2,235,30,7,0,1.0,1.0
46,full,DT_target,positive_mean_eligible,sentences,2,2,1324,0.5,0.5,0.5,0.0,0.0,1,2,2,61,0,2,0,0.5538461538461539,1.0
46,full,DT_target,positive_mean_eligible,sentences,4,4,1324,0.5,1.0,0.6666666666666666,0.0,1.0,2,4,2,124,0,4,0,1.0,1.0
46,full,DT_target,positive_mean_eligible,sentences,8,8,1324,0.25,1.0,0.4,0.0,1.0,2,8,2,280,0,8,0,1.0,1.0
46,full,FT_K1,signed_sum,all_body_tokens,0.05,67,1324,0.5,0.5,0.5,0.0,0.0,1,2,2,61,6,2,0,0.5538461538461539,1.0
46,full,FT_K1,signed_sum,all_body_tokens,0.1,133,1324,0.5,0.5,0.5,0.0,0.0,1,2,2,61,72,2,0,0.5538461538461539,1.0
46,full,FT_K1,signed_sum,all_body_tokens,0.2,265,1324,0.25,0.5,0.3333333333333333,0.0,0.0,1,4,2,215,50,4,0,0.5538461538461539,1.0
46,full,FT_K1,signed_sum,sentences,2,2,1324,0.5,0.5,0.5,0.0,0.0,1,2,2,61,0,2,0,0.5538461538461539,1.0
46,full,FT_K1,signed_sum,sentences,4,4,1324,0.25,0.5,0.3333333333333333,0.0,0.0,1,4,2,215,0,4,0,0.5538461538461539,1.0
46,full,FT_K1,signed_sum,sentences,8,8,1324,0.125,0.5,0.2,0.0,0.0,1,8,2,381,0,8,0,0.5538461538461539,1.0
46,full,FT_K1,positive_mean_eligible,all_body_tokens,0.05,67,1324,0.5,0.5,0.5,0.0,0.0,1,2,2,61,6,2,0,0.5538461538461539,1.0
46,full,FT_K1,positive_mean_eligible,all_body_tokens,0.1,133,1324,0.4,1.0,0.5714285714285715,0.0,1.0,2,5,2,125,8,5,0,1.0,1.0
46,full,FT_K1,positive_mean_eligible,all_body_tokens,0.2,265,1324,0.25,1.0,0.4,0.0,1.0,2,8,2,220,45,8,0,1.0,1.0
46,full,FT_K1,positive_mean_eligible,sentences,2,2,1324,0.5,0.5,0.5,0.0,0.0,1,2,2,61,0,2,0,0.5538461538461539,1.0
46,full,FT_K1,positive_mean_eligible,sentences,4,4,1324,0.25,0.5,0.3333333333333333,0.0,0.0,1,4,2,96,0,4,0,0.5538461538461539,1.0
46,full,FT_K1,positive_mean_eligible,sentences,8,8,1324,0.25,1.0,0.4,0.0,1.0,2,8,2,220,0,8,0,1.0,1.0
46,full,FT_K3,signed_sum,all_body_tokens,0.05,67,1324,0.5,0.5,0.5,0.0,0.0,1,2,2,61,6,2,0,0.5538461538461539,1.0
46,full,FT_K3,signed_sum,all_body_tokens,0.1,133,1324,0.5,0.5,0.5,0.0,0.0,1,2,2,61,72,2,0,0.5538461538461539,1.0
46,full,FT_K3,signed_sum,all_body_tokens,0.2,265,1324,0.25,0.5,0.3333333333333333,0.0,0.0,1,4,2,215,50,4,0,0.5538461538461539,1.0
46,full,FT_K3,signed_sum,sentences,2,2,1324,0.5,0.5,0.5,0.0,0.0,1,2,2,61,0,2,0,0.5538461538461539,1.0
46,full,FT_K3,signed_sum,sentences,4,4,1324,0.25,0.5,0.3333333333333333,0.0,0.0,1,4,2,215,0,4,0,0.5538461538461539,1.0
46,full,FT_K3,signed_sum,sentences,8,8,1324,0.125,0.5,0.2,0.0,0.0,1,8,2,381,0,8,0,0.5538461538461539,1.0
46,full,FT_K3,positive_mean_eligible,all_body_tokens,0.05,67,1324,0.5,0.5,0.5,0.0,0.0,1,2,2,61,6,2,0,0.5538461538461539,1.0
46,full,FT_K3,positive_mean_eligible,all_body_tokens,0.1,133,1324,0.4,1.0,0.5714285714285715,0.0,1.0,2,5,2,125,8,5,0,1.0,1.0
46,full,FT_K3,positive_mean_eligible,all_body_tokens,0.2,265,1324,0.25,1.0,0.4,0.0,1.0,2,8,2,242,23,8,0,1.0,1.0
46,full,FT_K3,positive_mean_eligible,sentences,2,2,1324,0.5,0.5,0.5,0.0,0.0,1,2,2,61,0,2,0,0.5538461538461539,1.0
46,full,FT_K3,positive_mean_eligible,sentences,4,4,1324,0.25,0.5,0.3333333333333333,0.0,0.0,1,4,2,96,0,4,0,0.5538461538461539,1.0
46,full,FT_K3,positive_mean_eligible,sentences,8,8,1324,0.25,1.0,0.4,0.0,1.0,2,8,2,242,0,8,0,1.0,1.0
47,full,DT_target,signed_sum,all_body_tokens,0.05,45,881,1.0,0.3333333333333333,0.5,0.0,0.0,1,1,3,40,5,1,0,0.46511627906976744,0.3333333333333333
47,full,DT_target,signed_sum,all_body_tokens,0.1,89,881,0.5,0.3333333333333333,0.4,0.0,0.0,1,2,3,84,5,2,0,0.46511627906976744,1.0
47,full,DT_target,signed_sum,all_body_tokens,0.2,177,881,0.6,1.0,0.7499999999999999,0.0,1.0,3,5,3,168,9,5,0,1.0,1.0
47,full,DT_target,signed_sum,sentences,2,2,881,0.5,0.3333333333333333,0.4,0.0,0.0,1,2,3,84,0,2,0,0.46511627906976744,0.6666666666666666
47,full,DT_target,signed_sum,sentences,4,4,881,0.75,1.0,0.8571428571428571,0.0,1.0,3,4,3,130,0,4,0,1.0,1.0
47,full,DT_target,signed_sum,sentences,8,8,881,0.375,1.0,0.5454545454545454,0.0,1.0,3,8,3,272,0,8,0,1.0,1.0
47,full,DT_target,positive_mean_eligible,all_body_tokens,0.05,45,881,1.0,0.3333333333333333,0.5,0.0,0.0,1,1,3,40,5,1,0,0.46511627906976744,0.3333333333333333
47,full,DT_target,positive_mean_eligible,all_body_tokens,0.1,89,881,1.0,1.0,1.0,1.0,1.0,3,3,3,86,3,3,0,1.0,1.0
47,full,DT_target,positive_mean_eligible,all_body_tokens,0.2,177,881,0.6,1.0,0.7499999999999999,0.0,1.0,3,5,3,158,19,5,0,1.0,1.0
47,full,DT_target,positive_mean_eligible,sentences,2,2,881,1.0,0.6666666666666666,0.8,0.0,0.0,2,2,3,60,0,2,0,0.6976744186046512,0.6666666666666666
47,full,DT_target,positive_mean_eligible,sentences,4,4,881,0.75,1.0,0.8571428571428571,0.0,1.0,3,4,3,130,0,4,0,1.0,1.0
47,full,DT_target,positive_mean_eligible,sentences,8,8,881,0.375,1.0,0.5454545454545454,0.0,1.0,3,8,3,248,0,8,0,1.0,1.0
47,full,FT_K1,signed_sum,all_body_tokens,0.05,45,881,1.0,0.3333333333333333,0.5,0.0,0.0,1,1,3,40,5,1,0,0.46511627906976744,0.3333333333333333
47,full,FT_K1,signed_sum,all_body_tokens,0.1,89,881,1.0,0.6666666666666666,0.8,0.0,0.0,2,2,3,60,29,2,0,0.6976744186046512,1.0
47,full,FT_K1,signed_sum,all_body_tokens,0.2,177,881,0.5,0.6666666666666666,0.5714285714285715,0.0,0.0,2,4,3,142,35,4,0,0.6976744186046512,1.0
47,full,FT_K1,signed_sum,sentences,2,2,881,1.0,0.6666666666666666,0.8,0.0,0.0,2,2,3,60,0,2,0,0.6976744186046512,0.6666666666666666
47,full,FT_K1,signed_sum,sentences,4,4,881,0.5,0.6666666666666666,0.5714285714285715,0.0,0.0,2,4,3,142,0,4,0,0.6976744186046512,1.0
47,full,FT_K1,signed_sum,sentences,8,8,881,0.25,0.6666666666666666,0.36363636363636365,0.0,0.0,2,8,3,281,0,8,0,0.6976744186046512,1.0
47,full,FT_K1,positive_mean_eligible,all_body_tokens,0.05,45,881,1.0,0.3333333333333333,0.5,0.0,0.0,1,1,3,40,5,1,0,0.46511627906976744,0.3333333333333333
47,full,FT_K1,positive_mean_eligible,all_body_tokens,0.1,89,881,0.6666666666666666,0.6666666666666666,0.6666666666666666,0.0,0.0,2,3,3,88,1,3,0,0.6976744186046512,1.0
47,full,FT_K1,positive_mean_eligible,all_body_tokens,0.2,177,881,0.4,0.6666666666666666,0.5,0.0,0.0,2,5,3,167,10,5,0,0.6976744186046512,1.0
47,full,FT_K1,positive_mean_eligible,sentences,2,2,881,1.0,0.6666666666666666,0.8,0.0,0.0,2,2,3,60,0,2,0,0.6976744186046512,0.6666666666666666
47,full,FT_K1,positive_mean_eligible,sentences,4,4,881,0.5,0.6666666666666666,0.5714285714285715,0.0,0.0,2,4,3,126,0,4,0,0.6976744186046512,1.0
47,full,FT_K1,positive_mean_eligible,sentences,8,8,881,0.25,0.6666666666666666,0.36363636363636365,0.0,0.0,2,8,3,256,0,8,0,0.6976744186046512,1.0
47,full,FT_K3,signed_sum,all_body_tokens,0.05,45,881,1.0,0.3333333333333333,0.5,0.0,0.0,1,1,3,40,5,1,0,0.46511627906976744,0.3333333333333333
47,full,FT_K3,signed_sum,all_body_tokens,0.1,89,881,1.0,0.6666666666666666,0.8,0.0,0.0,2,2,3,60,29,2,0,0.6976744186046512,1.0
47,full,FT_K3,signed_sum,all_body_tokens,0.2,177,881,0.5,0.6666666666666666,0.5714285714285715,0.0,0.0,2,4,3,142,35,4,0,0.6976744186046512,1.0
47,full,FT_K3,signed_sum,sentences,2,2,881,1.0,0.6666666666666666,0.8,0.0,0.0,2,2,3,60,0,2,0,0.6976744186046512,0.6666666666666666
47,full,FT_K3,signed_sum,sentences,4,4,881,0.5,0.6666666666666666,0.5714285714285715,0.0,0.0,2,4,3,142,0,4,0,0.6976744186046512,1.0
47,full,FT_K3,signed_sum,sentences,8,8,881,0.25,0.6666666666666666,0.36363636363636365,0.0,0.0,2,8,3,281,0,8,0,0.6976744186046512,1.0
47,full,FT_K3,positive_mean_eligible,all_body_tokens,0.05,45,881,1.0,0.3333333333333333,0.5,0.0,0.0,1,1,3,40,5,1,0,0.46511627906976744,0.3333333333333333
47,full,FT_K3,positive_mean_eligible,all_body_tokens,0.1,89,881,0.6666666666666666,0.6666666666666666,0.6666666666666666,0.0,0.0,2,3,3,88,1,3,0,0.6976744186046512,1.0
47,full,FT_K3,positive_mean_eligible,all_body_tokens,0.2,177,881,0.4,0.6666666666666666,0.5,0.0,0.0,2,5,3,167,10,5,0,0.6976744186046512,1.0
47,full,FT_K3,positive_mean_eligible,sentences,2,2,881,1.0,0.6666666666666666,0.8,0.0,0.0,2,2,3,60,0,2,0,0.6976744186046512,0.6666666666666666
47,full,FT_K3,positive_mean_eligible,sentences,4,4,881,0.5,0.6666666666666666,0.5714285714285715,0.0,0.0,2,4,3,126,0,4,0,0.6976744186046512,1.0
47,full,FT_K3,positive_mean_eligible,sentences,8,8,881,0.25,0.6666666666666666,0.36363636363636365,0.0,0.0,2,8,3,256,0,8,0,0.6976744186046512,1.0
0,answer_conditioned,DT_target,signed_sum,all_body_tokens,0.05,145,2883,0.5,0.5,0.5,0.0,0.0,1,2,2,101,44,2,0,0.7733333333333333,1.0
0,answer_conditioned,DT_target,signed_sum,all_body_tokens,0.1,289,2883,0.5,0.5,0.5,0.0,0.0,1,2,2,101,188,2,0,0.7733333333333333,1.0
0,answer_conditioned,DT_target,signed_sum,all_body_tokens,0.2,577,2883,0.14285714285714285,0.5,0.22222222222222224,0.0,0.0,1,7,2,478,99,7,0,0.7733333333333333,1.0
0,answer_conditioned,DT_target,signed_sum,sentences,2,2,2883,0.5,0.5,0.5,0.0,0.0,1,2,2,101,0,2,0,0.7733333333333333,1.0
0,answer_conditioned,DT_target,signed_sum,sentences,4,4,2883,0.25,0.5,0.3333333333333333,0.0,0.0,1,4,2,337,0,4,0,0.7733333333333333,1.0
0,answer_conditioned,DT_target,signed_sum,sentences,8,8,2883,0.125,0.5,0.2,0.0,0.0,1,8,2,583,0,8,0,0.7733333333333333,1.0
0,answer_conditioned,DT_target,positive_mean_eligible,all_body_tokens,0.05,145,2883,0.3333333333333333,0.5,0.4,0.0,0.0,1,3,2,137,8,3,0,0.7733333333333333,1.0
0,answer_conditioned,DT_target,positive_mean_eligible,all_body_tokens,0.1,289,2883,0.1111111111111111,0.5,0.1818181818181818,0.0,0.0,1,9,2,277,12,9,0,0.7733333333333333,1.0
0,answer_conditioned,DT_target,positive_mean_eligible,all_body_tokens,0.2,577,2883,0.05555555555555555,0.5,0.09999999999999999,0.0,0.0,1,18,2,540,37,18,0,0.7733333333333333,1.0
0,answer_conditioned,DT_target,positive_mean_eligible,sentences,2,2,2883,0.5,0.5,0.5,0.0,0.0,1,2,2,101,0,2,0,0.7733333333333333,1.0
0,answer_conditioned,DT_target,positive_mean_eligible,sentences,4,4,2883,0.25,0.5,0.3333333333333333,0.0,0.0,1,4,2,180,0,4,0,0.7733333333333333,1.0
0,answer_conditioned,DT_target,positive_mean_eligible,sentences,8,8,2883,0.125,0.5,0.2,0.0,0.0,1,8,2,257,0,8,0,0.7733333333333333,1.0
0,answer_conditioned,FT_K1,signed_sum,all_body_tokens,0.05,145,2883,0.5,0.5,0.5,0.0,0.0,1,2,2,94,51,2,0,0.7733333333333333,1.0
0,answer_conditioned,FT_K1,signed_sum,all_body_tokens,0.1,289,2883,0.3333333333333333,0.5,0.4,0.0,0.0,1,3,2,194,95,3,0,0.7733333333333333,1.0
0,answer_conditioned,FT_K1,signed_sum,all_body_tokens,0.2,577,2883,0.1,0.5,0.16666666666666669,0.0,0.0,1,10,2,573,4,10,0,0.7733333333333333,1.0
0,answer_conditioned,FT_K1,signed_sum,sentences,2,2,2883,0.5,0.5,0.5,0.0,0.0,1,2,2,94,0,2,0,0.7733333333333333,1.0
0,answer_conditioned,FT_K1,signed_sum,sentences,4,4,2883,0.25,0.5,0.3333333333333333,0.0,0.0,1,4,2,387,0,4,0,0.7733333333333333,1.0
0,answer_conditioned,FT_K1,signed_sum,sentences,8,8,2883,0.125,0.5,0.2,0.0,0.0,1,8,2,518,0,8,0,0.7733333333333333,1.0
0,answer_conditioned,FT_K1,positive_mean_eligible,all_body_tokens,0.05,145,2883,0.25,0.5,0.3333333333333333,0.0,0.0,1,4,2,137,8,4,0,0.7733333333333333,1.0
0,answer_conditioned,FT_K1,positive_mean_eligible,all_body_tokens,0.1,289,2883,0.125,0.5,0.2,0.0,0.0,1,8,2,262,27,8,0,0.7733333333333333,1.0
0,answer_conditioned,FT_K1,positive_mean_eligible,all_body_tokens,0.2,577,2883,0.125,1.0,0.2222222222222222,0.0,1.0,2,16,2,554,23,16,0,1.0,1.0
0,answer_conditioned,FT_K1,positive_mean_eligible,sentences,2,2,2883,0.5,0.5,0.5,0.0,0.0,1,2,2,94,0,2,0,0.7733333333333333,1.0
0,answer_conditioned,FT_K1,positive_mean_eligible,sentences,4,4,2883,0.25,0.5,0.3333333333333333,0.0,0.0,1,4,2,137,0,4,0,0.7733333333333333,1.0
0,answer_conditioned,FT_K1,positive_mean_eligible,sentences,8,8,2883,0.125,0.5,0.2,0.0,0.0,1,8,2,262,0,8,0,0.7733333333333333,1.0
0,answer_conditioned,FT_K3,signed_sum,all_body_tokens,0.05,145,2883,0.5,0.5,0.5,0.0,0.0,1,2,2,94,51,2,0,0.7733333333333333,1.0
0,answer_conditioned,FT_K3,signed_sum,all_body_tokens,0.1,289,2883,0.3333333333333333,0.5,0.4,0.0,0.0,1,3,2,194,95,3,0,0.7733333333333333,1.0
0,answer_conditioned,FT_K3,signed_sum,all_body_tokens,0.2,577,2883,0.1,0.5,0.16666666666666669,0.0,0.0,1,10,2,573,4,10,0,0.7733333333333333,1.0
0,answer_conditioned,FT_K3,signed_sum,sentences,2,2,2883,0.5,0.5,0.5,0.0,0.0,1,2,2,94,0,2,0,0.7733333333333333,1.0
0,answer_conditioned,FT_K3,signed_sum,sentences,4,4,2883,0.25,0.5,0.3333333333333333,0.0,0.0,1,4,2,387,0,4,0,0.7733333333333333,1.0
0,answer_conditioned,FT_K3,signed_sum,sentences,8,8,2883,0.125,0.5,0.2,0.0,0.0,1,8,2,518,0,8,0,0.7733333333333333,1.0
0,answer_conditioned,FT_K3,positive_mean_eligible,all_body_tokens,0.05,145,2883,0.25,0.5,0.3333333333333333,0.0,0.0,1,4,2,137,8,4,0,0.7733333333333333,1.0
0,answer_conditioned,FT_K3,positive_mean_eligible,all_body_tokens,0.1,289,2883,0.2222222222222222,1.0,0.3636363636363636,0.0,1.0,2,9,2,279,10,9,0,1.0,1.0
0,answer_conditioned,FT_K3,positive_mean_eligible,all_body_tokens,0.2,577,2883,0.125,1.0,0.2222222222222222,0.0,1.0,2,16,2,554,23,16,0,1.0,1.0
0,answer_conditioned,FT_K3,positive_mean_eligible,sentences,2,2,2883,0.5,0.5,0.5,0.0,0.0,1,2,2,94,0,2,0,0.7733333333333333,1.0
0,answer_conditioned,FT_K3,positive_mean_eligible,sentences,4,4,2883,0.25,0.5,0.3333333333333333,0.0,0.0,1,4,2,137,0,4,0,0.7733333333333333,1.0
0,answer_conditioned,FT_K3,positive_mean_eligible,sentences,8,8,2883,0.25,1.0,0.4,0.0,1.0,2,8,2,236,0,8,0,1.0,1.0
1,answer_conditioned,DT_target,signed_sum,all_body_tokens,0.05,59,1163,1.0,0.6666666666666666,0.8,0.0,0.0,2,2,3,52,7,2,0,0.5842696629213483,0.6666666666666666
1,answer_conditioned,DT_target,signed_sum,all_body_tokens,0.1,117,1163,1.0,1.0,1.0,1.0,1.0,3,3,3,89,28,3,0,1.0,1.0
1,answer_conditioned,DT_target,signed_sum,all_body_tokens,0.2,233,1163,0.42857142857142855,1.0,0.6,0.0,1.0,3,7,3,214,19,7,0,1.0,1.0
1,answer_conditioned,DT_target,signed_sum,sentences,2,2,1163,1.0,0.6666666666666666,0.8,0.0,0.0,2,2,3,52,0,2,0,0.5842696629213483,0.6666666666666666
1,answer_conditioned,DT_target,signed_sum,sentences,4,4,1163,0.75,1.0,0.8571428571428571,0.0,1.0,3,4,3,133,0,4,0,1.0,1.0
1,answer_conditioned,DT_target,signed_sum,sentences,8,8,1163,0.375,1.0,0.5454545454545454,0.0,1.0,3,8,3,264,0,8,0,1.0,1.0
1,answer_conditioned,DT_target,positive_mean_eligible,all_body_tokens,0.05,59,1163,1.0,0.6666666666666666,0.8,0.0,0.0,2,2,3,52,7,2,0,0.5842696629213483,0.6666666666666666
1,answer_conditioned,DT_target,positive_mean_eligible,all_body_tokens,0.1,117,1163,0.75,1.0,0.8571428571428571,0.0,1.0,3,4,3,117,0,4,0,1.0,1.0
1,answer_conditioned,DT_target,positive_mean_eligible,all_body_tokens,0.2,233,1163,0.3333333333333333,1.0,0.5,0.0,1.0,3,9,3,224,9,9,0,1.0,1.0
1,answer_conditioned,DT_target,positive_mean_eligible,sentences,2,2,1163,1.0,0.6666666666666666,0.8,0.0,0.0,2,2,3,52,0,2,0,0.5842696629213483,0.6666666666666666
1,answer_conditioned,DT_target,positive_mean_eligible,sentences,4,4,1163,0.75,1.0,0.8571428571428571,0.0,1.0,3,4,3,117,0,4,0,1.0,1.0
1,answer_conditioned,DT_target,positive_mean_eligible,sentences,8,8,1163,0.375,1.0,0.5454545454545454,0.0,1.0,3,8,3,207,0,8,0,1.0,1.0
1,answer_conditioned,FT_K1,signed_sum,all_body_tokens,0.05,59,1163,1.0,0.6666666666666666,0.8,0.0,0.0,2,2,3,52,7,2,0,0.5842696629213483,0.6666666666666666
1,answer_conditioned,FT_K1,signed_sum,all_body_tokens,0.1,117,1163,1.0,1.0,1.0,1.0,1.0,3,3,3,89,28,3,0,1.0,1.0
1,answer_conditioned,FT_K1,signed_sum,all_body_tokens,0.2,233,1163,0.5,1.0,0.6666666666666666,0.0,1.0,3,6,3,179,54,6,0,1.0,1.0
1,answer_conditioned,FT_K1,signed_sum,sentences,2,2,1163,1.0,0.6666666666666666,0.8,0.0,0.0,2,2,3,52,0,2,0,0.5842696629213483,0.6666666666666666
1,answer_conditioned,FT_K1,signed_sum,sentences,4,4,1163,0.75,1.0,0.8571428571428571,0.0,1.0,3,4,3,130,0,4,0,1.0,1.0
1,answer_conditioned,FT_K1,signed_sum,sentences,8,8,1163,0.375,1.0,0.5454545454545454,0.0,1.0,3,8,3,295,0,8,0,1.0,1.0
1,answer_conditioned,FT_K1,positive_mean_eligible,all_body_tokens,0.05,59,1163,1.0,0.6666666666666666,0.8,0.0,0.0,2,2,3,52,7,2,0,0.5842696629213483,0.6666666666666666
1,answer_conditioned,FT_K1,positive_mean_eligible,all_body_tokens,0.1,117,1163,0.75,1.0,0.8571428571428571,0.0,1.0,3,4,3,110,7,4,0,1.0,1.0
1,answer_conditioned,FT_K1,positive_mean_eligible,all_body_tokens,0.2,233,1163,0.3333333333333333,1.0,0.5,0.0,1.0,3,9,3,233,0,9,0,1.0,1.0
1,answer_conditioned,FT_K1,positive_mean_eligible,sentences,2,2,1163,1.0,0.6666666666666666,0.8,0.0,0.0,2,2,3,52,0,2,0,0.5842696629213483,0.6666666666666666
1,answer_conditioned,FT_K1,positive_mean_eligible,sentences,4,4,1163,0.75,1.0,0.8571428571428571,0.0,1.0,3,4,3,110,0,4,0,1.0,1.0
1,answer_conditioned,FT_K1,positive_mean_eligible,sentences,8,8,1163,0.375,1.0,0.5454545454545454,0.0,1.0,3,8,3,205,0,8,0,1.0,1.0
1,answer_conditioned,FT_K3,signed_sum,all_body_tokens,0.05,59,1163,1.0,0.6666666666666666,0.8,0.0,0.0,2,2,3,52,7,2,0,0.5842696629213483,0.6666666666666666
1,answer_conditioned,FT_K3,signed_sum,all_body_tokens,0.1,117,1163,1.0,1.0,1.0,1.0,1.0,3,3,3,89,28,3,0,1.0,1.0
1,answer_conditioned,FT_K3,signed_sum,all_body_tokens,0.2,233,1163,0.5,1.0,0.6666666666666666,0.0,1.0,3,6,3,179,54,6,0,1.0,1.0
1,answer_conditioned,FT_K3,signed_sum,sentences,2,2,1163,1.0,0.6666666666666666,0.8,0.0,0.0,2,2,3,52,0,2,0,0.5842696629213483,0.6666666666666666
1,answer_conditioned,FT_K3,signed_sum,sentences,4,4,1163,0.75,1.0,0.8571428571428571,0.0,1.0,3,4,3,130,0,4,0,1.0,1.0
1,answer_conditioned,FT_K3,signed_sum,sentences,8,8,1163,0.375,1.0,0.5454545454545454,0.0,1.0,3,8,3,295,0,8,0,1.0,1.0
1,answer_conditioned,FT_K3,positive_mean_eligible,all_body_tokens,0.05,59,1163,1.0,0.6666666666666666,0.8,0.0,0.0,2,2,3,52,7,2,0,0.5842696629213483,0.6666666666666666
1,answer_conditioned,FT_K3,positive_mean_eligible,all_body_tokens,0.1,117,1163,0.75,1.0,0.8571428571428571,0.0,1.0,3,4,3,110,7,4,0,1.0,1.0
1,answer_conditioned,FT_K3,positive_mean_eligible,all_body_tokens,0.2,233,1163,0.3333333333333333,1.0,0.5,0.0,1.0,3,9,3,233,0,9,0,1.0,1.0
1,answer_conditioned,FT_K3,positive_mean_eligible,sentences,2,2,1163,1.0,0.6666666666666666,0.8,0.0,0.0,2,2,3,52,0,2,0,0.5842696629213483,0.6666666666666666
1,answer_conditioned,FT_K3,positive_mean_eligible,sentences,4,4,1163,0.75,1.0,0.8571428571428571,0.0,1.0,3,4,3,110,0,4,0,1.0,1.0
1,answer_conditioned,FT_K3,positive_mean_eligible,sentences,8,8,1163,0.375,1.0,0.5454545454545454,0.0,1.0,3,8,3,205,0,8,0,1.0,1.0
2,answer_conditioned,DT_target,signed_sum,all_body_tokens,0.05,60,1183,0.0,0.0,0.0,0.0,0.0,0,0,3,0,60,0,1,0.0,0.6666666666666666
2,answer_conditioned,DT_target,signed_sum,all_body_tokens,0.1,119,1183,0.5,0.3333333333333333,0.4,0.0,0.0,1,2,3,116,3,2,0,0.5083333333333333,0.6666666666666666
2,answer_conditioned,DT_target,signed_sum,all_body_tokens,0.2,237,1183,0.2,0.3333333333333333,0.25,0.0,0.0,1,5,3,230,7,5,0,0.5083333333333333,1.0
2,answer_conditioned,DT_target,signed_sum,sentences,2,2,1183,0.5,0.3333333333333333,0.4,0.0,0.0,1,2,3,116,0,2,0,0.5083333333333333,0.6666666666666666
2,answer_conditioned,DT_target,signed_sum,sentences,4,4,1183,0.25,0.3333333333333333,0.28571428571428575,0.0,0.0,1,4,3,189,0,4,0,0.5083333333333333,1.0
2,answer_conditioned,DT_target,signed_sum,sentences,8,8,1183,0.125,0.3333333333333333,0.18181818181818182,0.0,0.0,1,8,3,378,0,8,0,0.5083333333333333,1.0
2,answer_conditioned,DT_target,positive_mean_eligible,all_body_tokens,0.05,60,1183,0.0,0.0,0.0,0.0,0.0,0,0,3,0,60,0,1,0.0,0.6666666666666666
2,answer_conditioned,DT_target,positive_mean_eligible,all_body_tokens,0.1,119,1183,0.3333333333333333,0.3333333333333333,0.3333333333333333,0.0,0.0,1,3,3,97,22,3,0,0.5083333333333333,0.6666666666666666
2,answer_conditioned,DT_target,positive_mean_eligible,all_body_tokens,0.2,237,1183,0.3333333333333333,0.6666666666666666,0.4444444444444444,0.0,0.0,2,6,3,217,20,6,0,0.65,1.0
2,answer_conditioned,DT_target,positive_mean_eligible,sentences,2,2,1183,0.5,0.3333333333333333,0.4,0.0,0.0,1,2,3,86,0,2,0,0.5083333333333333,0.6666666666666666
2,answer_conditioned,DT_target,positive_mean_eligible,sentences,4,4,1183,0.25,0.3333333333333333,0.28571428571428575,0.0,0.0,1,4,3,152,0,4,0,0.5083333333333333,1.0
2,answer_conditioned,DT_target,positive_mean_eligible,sentences,8,8,1183,0.25,0.6666666666666666,0.36363636363636365,0.0,0.0,2,8,3,280,0,8,0,0.65,1.0
2,answer_conditioned,FT_K1,signed_sum,all_body_tokens,0.05,60,1183,0.0,0.0,0.0,0.0,0.0,0,0,3,0,60,0,1,0.0,0.6666666666666666
2,answer_conditioned,FT_K1,signed_sum,all_body_tokens,0.1,119,1183,0.5,0.3333333333333333,0.4,0.0,0.0,1,2,3,105,14,2,0,0.5083333333333333,0.6666666666666666
2,answer_conditioned,FT_K1,signed_sum,all_body_tokens,0.2,237,1183,0.2,0.3333333333333333,0.25,0.0,0.0,1,5,3,224,13,5,0,0.5083333333333333,1.0
2,answer_conditioned,FT_K1,signed_sum,sentences,2,2,1183,0.5,0.3333333333333333,0.4,0.0,0.0,1,2,3,105,0,2,0,0.5083333333333333,0.6666666666666666
2,answer_conditioned,FT_K1,signed_sum,sentences,4,4,1183,0.25,0.3333333333333333,0.28571428571428575,0.0,0.0,1,4,3,191,0,4,0,0.5083333333333333,1.0
2,answer_conditioned,FT_K1,signed_sum,sentences,8,8,1183,0.125,0.3333333333333333,0.18181818181818182,0.0,0.0,1,8,3,385,0,8,0,0.5083333333333333,1.0
2,answer_conditioned,FT_K1,positive_mean_eligible,all_body_tokens,0.05,60,1183,0.0,0.0,0.0,0.0,0.0,0,0,3,0,60,0,1,0.0,0.6666666666666666
2,answer_conditioned,FT_K1,positive_mean_eligible,all_body_tokens,0.1,119,1183,0.5,0.3333333333333333,0.4,0.0,0.0,1,2,3,105,14,2,0,0.5083333333333333,0.6666666666666666
2,answer_conditioned,FT_K1,positive_mean_eligible,all_body_tokens,0.2,237,1183,0.16666666666666666,0.3333333333333333,0.2222222222222222,0.0,0.0,1,6,3,232,5,6,0,0.5083333333333333,1.0
2,answer_conditioned,FT_K1,positive_mean_eligible,sentences,2,2,1183,0.5,0.3333333333333333,0.4,0.0,0.0,1,2,3,105,0,2,0,0.5083333333333333,0.6666666666666666
2,answer_conditioned,FT_K1,positive_mean_eligible,sentences,4,4,1183,0.25,0.3333333333333333,0.28571428571428575,0.0,0.0,1,4,3,171,0,4,0,0.5083333333333333,1.0
2,answer_conditioned,FT_K1,positive_mean_eligible,sentences,8,8,1183,0.125,0.3333333333333333,0.18181818181818182,0.0,0.0,1,8,3,264,0,8,0,0.5083333333333333,1.0
2,answer_conditioned,FT_K3,signed_sum,all_body_tokens,0.05,60,1183,0.0,0.0,0.0,0.0,0.0,0,0,3,0,60,0,1,0.0,0.6666666666666666
2,answer_conditioned,FT_K3,signed_sum,all_body_tokens,0.1,119,1183,0.5,0.3333333333333333,0.4,0.0,0.0,1,2,3,105,14,2,0,0.5083333333333333,0.6666666666666666
2,answer_conditioned,FT_K3,signed_sum,all_body_tokens,0.2,237,1183,0.2,0.3333333333333333,0.25,0.0,0.0,1,5,3,224,13,5,0,0.5083333333333333,1.0
2,answer_conditioned,FT_K3,signed_sum,sentences,2,2,1183,0.5,0.3333333333333333,0.4,0.0,0.0,1,2,3,105,0,2,0,0.5083333333333333,0.6666666666666666
2,answer_conditioned,FT_K3,signed_sum,sentences,4,4,1183,0.25,0.3333333333333333,0.28571428571428575,0.0,0.0,1,4,3,191,0,4,0,0.5083333333333333,1.0
2,answer_conditioned,FT_K3,signed_sum,sentences,8,8,1183,0.125,0.3333333333333333,0.18181818181818182,0.0,0.0,1,8,3,362,0,8,0,0.5083333333333333,1.0
2,answer_conditioned,FT_K3,positive_mean_eligible,all_body_tokens,0.05,60,1183,0.0,0.0,0.0,0.0,0.0,0,0,3,0,60,0,1,0.0,0.6666666666666666
2,answer_conditioned,FT_K3,positive_mean_eligible,all_body_tokens,0.1,119,1183,0.5,0.3333333333333333,0.4,0.0,0.0,1,2,3,105,14,2,0,0.5083333333333333,0.6666666666666666
2,answer_conditioned,FT_K3,positive_mean_eligible,all_body_tokens,0.2,237,1183,0.2857142857142857,0.6666666666666666,0.4,0.0,0.0,2,7,3,227,10,7,0,0.65,1.0
2,answer_conditioned,FT_K3,positive_mean_eligible,sentences,2,2,1183,0.5,0.3333333333333333,0.4,0.0,0.0,1,2,3,105,0,2,0,0.5083333333333333,0.6666666666666666
2,answer_conditioned,FT_K3,positive_mean_eligible,sentences,4,4,1183,0.5,0.6666666666666666,0.5714285714285715,0.0,0.0,2,4,3,167,0,4,0,0.65,1.0
2,answer_conditioned,FT_K3,positive_mean_eligible,sentences,8,8,1183,0.25,0.6666666666666666,0.36363636363636365,0.0,0.0,2,8,3,260,0,8,0,0.65,1.0
3,answer_conditioned,DT_target,signed_sum,all_body_tokens,0.05,48,945,1.0,0.5,0.6666666666666666,0.0,0.0,1,1,2,32,16,1,0,0.49230769230769234,0.5
3,answer_conditioned,DT_target,signed_sum,all_body_tokens,0.1,95,945,0.3333333333333333,0.5,0.4,0.0,0.0,1,3,2,78,17,3,0,0.49230769230769234,1.0
3,answer_conditioned,DT_target,signed_sum,all_body_tokens,0.2,189,945,0.2,0.5,0.28571428571428575,0.0,0.0,1,5,2,164,25,5,0,0.49230769230769234,1.0
3,answer_conditioned,DT_target,signed_sum,sentences,2,2,945,0.5,0.5,0.5,0.0,0.0,1,2,2,50,0,2,0,0.49230769230769234,1.0
3,answer_conditioned,DT_target,signed_sum,sentences,4,4,945,0.25,0.5,0.3333333333333333,0.0,0.0,1,4,2,114,0,4,0,0.49230769230769234,1.0
3,answer_conditioned,DT_target,signed_sum,sentences,8,8,945,0.25,1.0,0.4,0.0,1.0,2,8,2,251,0,8,0,1.0,1.0
3,answer_conditioned,DT_target,positive_mean_eligible,all_body_tokens,0.05,48,945,1.0,0.5,0.6666666666666666,0.0,0.0,1,1,2,32,16,1,0,0.49230769230769234,0.5
3,answer_conditioned,DT_target,positive_mean_eligible,all_body_tokens,0.1,95,945,0.3333333333333333,0.5,0.4,0.0,0.0,1,3,2,78,17,3,0,0.49230769230769234,1.0
3,answer_conditioned,DT_target,positive_mean_eligible,all_body_tokens,0.2,189,945,0.14285714285714285,0.5,0.22222222222222224,0.0,0.0,1,7,2,185,4,7,0,0.49230769230769234,1.0
3,answer_conditioned,DT_target,positive_mean_eligible,sentences,2,2,945,0.5,0.5,0.5,0.0,0.0,1,2,2,50,0,2,0,0.49230769230769234,1.0
3,answer_conditioned,DT_target,positive_mean_eligible,sentences,4,4,945,0.25,0.5,0.3333333333333333,0.0,0.0,1,4,2,101,0,4,0,0.49230769230769234,1.0
3,answer_conditioned,DT_target,positive_mean_eligible,sentences,8,8,945,0.125,0.5,0.2,0.0,0.0,1,8,2,222,0,8,0,0.49230769230769234,1.0
3,answer_conditioned,FT_K1,signed_sum,all_body_tokens,0.05,48,945,1.0,0.5,0.6666666666666666,0.0,0.0,1,1,2,32,16,1,0,0.49230769230769234,0.5
3,answer_conditioned,FT_K1,signed_sum,all_body_tokens,0.1,95,945,0.5,0.5,0.5,0.0,0.0,1,2,2,84,11,2,0,0.49230769230769234,1.0
3,answer_conditioned,FT_K1,signed_sum,all_body_tokens,0.2,189,945,0.2,0.5,0.28571428571428575,0.0,0.0,1,5,2,162,27,5,0,0.49230769230769234,1.0
3,answer_conditioned,FT_K1,signed_sum,sentences,2,2,945,0.5,0.5,0.5,0.0,0.0,1,2,2,84,0,2,0,0.49230769230769234,1.0
3,answer_conditioned,FT_K1,signed_sum,sentences,4,4,945,0.25,0.5,0.3333333333333333,0.0,0.0,1,4,2,134,0,4,0,0.49230769230769234,1.0
3,answer_conditioned,FT_K1,signed_sum,sentences,8,8,945,0.125,0.5,0.2,0.0,0.0,1,8,2,252,0,8,0,0.49230769230769234,1.0
3,answer_conditioned,FT_K1,positive_mean_eligible,all_body_tokens,0.05,48,945,1.0,0.5,0.6666666666666666,0.0,0.0,1,1,2,32,16,1,0,0.49230769230769234,0.5
3,answer_conditioned,FT_K1,positive_mean_eligible,all_body_tokens,0.1,95,945,0.3333333333333333,0.5,0.4,0.0,0.0,1,3,2,67,28,3,0,0.49230769230769234,1.0
3,answer_conditioned,FT_K1,positive_mean_eligible,all_body_tokens,0.2,189,945,0.125,0.5,0.2,0.0,0.0,1,8,2,184,5,8,0,0.49230769230769234,1.0
3,answer_conditioned,FT_K1,positive_mean_eligible,sentences,2,2,945,0.5,0.5,0.5,0.0,0.0,1,2,2,53,0,2,0,0.49230769230769234,1.0
3,answer_conditioned,FT_K1,positive_mean_eligible,sentences,4,4,945,0.25,0.5,0.3333333333333333,0.0,0.0,1,4,2,96,0,4,0,0.49230769230769234,1.0
3,answer_conditioned,FT_K1,positive_mean_eligible,sentences,8,8,945,0.125,0.5,0.2,0.0,0.0,1,8,2,184,0,8,0,0.49230769230769234,1.0
3,answer_conditioned,FT_K3,signed_sum,all_body_tokens,0.05,48,945,1.0,0.5,0.6666666666666666,0.0,0.0,1,1,2,32,16,1,0,0.49230769230769234,0.5
3,answer_conditioned,FT_K3,signed_sum,all_body_tokens,0.1,95,945,0.5,0.5,0.5,0.0,0.0,1,2,2,84,11,2,0,0.49230769230769234,1.0
3,answer_conditioned,FT_K3,signed_sum,all_body_tokens,0.2,189,945,0.2,0.5,0.28571428571428575,0.0,0.0,1,5,2,157,32,5,0,0.49230769230769234,1.0
3,answer_conditioned,FT_K3,signed_sum,sentences,2,2,945,0.5,0.5,0.5,0.0,0.0,1,2,2,84,0,2,0,0.49230769230769234,1.0
3,answer_conditioned,FT_K3,signed_sum,sentences,4,4,945,0.25,0.5,0.3333333333333333,0.0,0.0,1,4,2,134,0,4,0,0.49230769230769234,1.0
3,answer_conditioned,FT_K3,signed_sum,sentences,8,8,945,0.125,0.5,0.2,0.0,0.0,1,8,2,252,0,8,0,0.49230769230769234,1.0
3,answer_conditioned,FT_K3,positive_mean_eligible,all_body_tokens,0.05,48,945,1.0,0.5,0.6666666666666666,0.0,0.0,1,1,2,32,16,1,0,0.49230769230769234,0.5
3,answer_conditioned,FT_K3,positive_mean_eligible,all_body_tokens,0.1,95,945,0.3333333333333333,0.5,0.4,0.0,0.0,1,3,2,67,28,3,0,0.49230769230769234,1.0
3,answer_conditioned,FT_K3,positive_mean_eligible,all_body_tokens,0.2,189,945,0.125,0.5,0.2,0.0,0.0,1,8,2,184,5,8,0,0.49230769230769234,1.0
3,answer_conditioned,FT_K3,positive_mean_eligible,sentences,2,2,945,0.5,0.5,0.5,0.0,0.0,1,2,2,53,0,2,0,0.49230769230769234,1.0
3,answer_conditioned,FT_K3,positive_mean_eligible,sentences,4,4,945,0.25,0.5,0.3333333333333333,0.0,0.0,1,4,2,96,0,4,0,0.49230769230769234,1.0
3,answer_conditioned,FT_K3,positive_mean_eligible,sentences,8,8,945,0.125,0.5,0.2,0.0,0.0,1,8,2,184,0,8,0,0.49230769230769234,1.0
4,answer_conditioned,DT_target,signed_sum,all_body_tokens,0.05,60,1184,1.0,0.3333333333333333,0.5,0.0,0.0,1,1,3,44,16,1,0,0.4230769230769231,0.6666666666666666
4,answer_conditioned,DT_target,signed_sum,all_body_tokens,0.1,119,1184,1.0,1.0,1.0,1.0,1.0,3,3,3,104,15,3,0,1.0,1.0
4,answer_conditioned,DT_target,signed_sum,all_body_tokens,0.2,237,1184,0.5,1.0,0.6666666666666666,0.0,1.0,3,6,3,196,41,6,0,1.0,1.0
4,answer_conditioned,DT_target,signed_sum,sentences,2,2,1184,1.0,0.6666666666666666,0.8,0.0,0.0,2,2,3,71,0,2,0,0.6826923076923077,0.6666666666666666
4,answer_conditioned,DT_target,signed_sum,sentences,4,4,1184,0.75,1.0,0.8571428571428571,0.0,1.0,3,4,3,138,0,4,0,1.0,1.0
4,answer_conditioned,DT_target,signed_sum,sentences,8,8,1184,0.375,1.0,0.5454545454545454,0.0,1.0,3,8,3,275,0,8,0,1.0,1.0
4,answer_conditioned,DT_target,positive_mean_eligible,all_body_tokens,0.05,60,1184,1.0,0.3333333333333333,0.5,0.0,0.0,1,1,3,44,16,1,0,0.4230769230769231,0.6666666666666666
4,answer_conditioned,DT_target,positive_mean_eligible,all_body_tokens,0.1,119,1184,1.0,1.0,1.0,1.0,1.0,3,3,3,104,15,3,0,1.0,1.0
4,answer_conditioned,DT_target,positive_mean_eligible,all_body_tokens,0.2,237,1184,0.42857142857142855,1.0,0.6,0.0,1.0,3,7,3,226,11,7,0,1.0,1.0
4,answer_conditioned,DT_target,positive_mean_eligible,sentences,2,2,1184,1.0,0.6666666666666666,0.8,0.0,0.0,2,2,3,71,0,2,0,0.6826923076923077,0.6666666666666666
4,answer_conditioned,DT_target,positive_mean_eligible,sentences,4,4,1184,0.75,1.0,0.8571428571428571,0.0,1.0,3,4,3,138,0,4,0,1.0,1.0
4,answer_conditioned,DT_target,positive_mean_eligible,sentences,8,8,1184,0.375,1.0,0.5454545454545454,0.0,1.0,3,8,3,255,0,8,0,1.0,1.0
4,answer_conditioned,FT_K1,signed_sum,all_body_tokens,0.05,60,1184,1.0,0.3333333333333333,0.5,0.0,0.0,1,1,3,44,16,1,0,0.4230769230769231,0.6666666666666666
4,answer_conditioned,FT_K1,signed_sum,all_body_tokens,0.1,119,1184,1.0,1.0,1.0,1.0,1.0,3,3,3,104,15,3,0,1.0,1.0
4,answer_conditioned,FT_K1,signed_sum,all_body_tokens,0.2,237,1184,0.5,1.0,0.6666666666666666,0.0,1.0,3,6,3,221,16,6,0,1.0,1.0
4,answer_conditioned,FT_K1,signed_sum,sentences,2,2,1184,1.0,0.6666666666666666,0.8,0.0,0.0,2,2,3,71,0,2,0,0.6826923076923077,0.6666666666666666
4,answer_conditioned,FT_K1,signed_sum,sentences,4,4,1184,0.75,1.0,0.8571428571428571,0.0,1.0,3,4,3,147,0,4,0,1.0,1.0
4,answer_conditioned,FT_K1,signed_sum,sentences,8,8,1184,0.375,1.0,0.5454545454545454,0.0,1.0,3,8,3,313,0,8,0,1.0,1.0
4,answer_conditioned,FT_K1,positive_mean_eligible,all_body_tokens,0.05,60,1184,1.0,0.3333333333333333,0.5,0.0,0.0,1,1,3,44,16,1,0,0.4230769230769231,0.6666666666666666
4,answer_conditioned,FT_K1,positive_mean_eligible,all_body_tokens,0.1,119,1184,1.0,1.0,1.0,1.0,1.0,3,3,3,104,15,3,0,1.0,1.0
4,answer_conditioned,FT_K1,positive_mean_eligible,all_body_tokens,0.2,237,1184,0.42857142857142855,1.0,0.6,0.0,1.0,3,7,3,215,22,7,0,1.0,1.0
4,answer_conditioned,FT_K1,positive_mean_eligible,sentences,2,2,1184,1.0,0.6666666666666666,0.8,0.0,0.0,2,2,3,71,0,2,0,0.6826923076923077,0.6666666666666666
4,answer_conditioned,FT_K1,positive_mean_eligible,sentences,4,4,1184,0.75,1.0,0.8571428571428571,0.0,1.0,3,4,3,138,0,4,0,1.0,1.0
4,answer_conditioned,FT_K1,positive_mean_eligible,sentences,8,8,1184,0.375,1.0,0.5454545454545454,0.0,1.0,3,8,3,245,0,8,0,1.0,1.0
4,answer_conditioned,FT_K3,signed_sum,all_body_tokens,0.05,60,1184,1.0,0.3333333333333333,0.5,0.0,0.0,1,1,3,44,16,1,0,0.4230769230769231,0.6666666666666666
4,answer_conditioned,FT_K3,signed_sum,all_body_tokens,0.1,119,1184,1.0,1.0,1.0,1.0,1.0,3,3,3,104,15,3,0,1.0,1.0
4,answer_conditioned,FT_K3,signed_sum,all_body_tokens,0.2,237,1184,0.5,1.0,0.6666666666666666,0.0,1.0,3,6,3,221,16,6,0,1.0,1.0
4,answer_conditioned,FT_K3,signed_sum,sentences,2,2,1184,1.0,0.6666666666666666,0.8,0.0,0.0,2,2,3,71,0,2,0,0.6826923076923077,0.6666666666666666
4,answer_conditioned,FT_K3,signed_sum,sentences,4,4,1184,0.75,1.0,0.8571428571428571,0.0,1.0,3,4,3,147,0,4,0,1.0,1.0
4,answer_conditioned,FT_K3,signed_sum,sentences,8,8,1184,0.375,1.0,0.5454545454545454,0.0,1.0,3,8,3,313,0,8,0,1.0,1.0
4,answer_conditioned,FT_K3,positive_mean_eligible,all_body_tokens,0.05,60,1184,1.0,0.3333333333333333,0.5,0.0,0.0,1,1,3,44,16,1,0,0.4230769230769231,0.6666666666666666
4,answer_conditioned,FT_K3,positive_mean_eligible,all_body_tokens,0.1,119,1184,1.0,1.0,1.0,1.0,1.0,3,3,3,104,15,3,0,1.0,1.0
4,answer_conditioned,FT_K3,positive_mean_eligible,all_body_tokens,0.2,237,1184,0.42857142857142855,1.0,0.6,0.0,1.0,3,7,3,215,22,7,0,1.0,1.0
4,answer_conditioned,FT_K3,positive_mean_eligible,sentences,2,2,1184,1.0,0.6666666666666666,0.8,0.0,0.0,2,2,3,71,0,2,0,0.6826923076923077,0.6666666666666666
4,answer_conditioned,FT_K3,positive_mean_eligible,sentences,4,4,1184,0.75,1.0,0.8571428571428571,0.0,1.0,3,4,3,138,0,4,0,1.0,1.0
4,answer_conditioned,FT_K3,positive_mean_eligible,sentences,8,8,1184,0.375,1.0,0.5454545454545454,0.0,1.0,3,8,3,245,0,8,0,1.0,1.0
5,answer_conditioned,DT_target,signed_sum,all_body_tokens,0.05,88,1747,0.0,0.0,0.0,0.0,0.0,0,2,3,87,1,2,0,0.0,0.6666666666666666
5,answer_conditioned,DT_target,signed_sum,all_body_tokens,0.1,175,1747,0.0,0.0,0.0,0.0,0.0,0,5,3,170,5,5,0,0.0,1.0
5,answer_conditioned,DT_target,signed_sum,all_body_tokens,0.2,350,1747,0.0,0.0,0.0,0.0,0.0,0,9,3,342,8,9,0,0.0,1.0
5,answer_conditioned,DT_target,signed_sum,sentences,2,2,1747,0.0,0.0,0.0,0.0,0.0,0,2,3,87,0,2,0,0.0,0.6666666666666666
5,answer_conditioned,DT_target,signed_sum,sentences,4,4,1747,0.0,0.0,0.0,0.0,0.0,0,4,3,131,0,4,0,0.0,1.0
5,answer_conditioned,DT_target,signed_sum,sentences,8,8,1747,0.0,0.0,0.0,0.0,0.0,0,8,3,279,0,8,0,0.0,1.0
5,answer_conditioned,DT_target,positive_mean_eligible,all_body_tokens,0.05,88,1747,0.3333333333333333,0.3333333333333333,0.3333333333333333,0.0,0.0,1,3,3,79,9,3,0,0.2713178294573643,0.6666666666666666
5,answer_conditioned,DT_target,positive_mean_eligible,all_body_tokens,0.1,175,1747,0.16666666666666666,0.3333333333333333,0.2222222222222222,0.0,0.0,1,6,3,148,27,6,0,0.2713178294573643,1.0
5,answer_conditioned,DT_target,positive_mean_eligible,all_body_tokens,0.2,350,1747,0.09090909090909091,0.3333333333333333,0.14285714285714288,0.0,0.0,1,11,3,317,33,11,0,0.2713178294573643,1.0
5,answer_conditioned,DT_target,positive_mean_eligible,sentences,2,2,1747,0.5,0.3333333333333333,0.4,0.0,0.0,1,2,3,63,0,2,0,0.2713178294573643,0.6666666666666666
5,answer_conditioned,DT_target,positive_mean_eligible,sentences,4,4,1747,0.25,0.3333333333333333,0.28571428571428575,0.0,0.0,1,4,3,100,0,4,0,0.2713178294573643,1.0
5,answer_conditioned,DT_target,positive_mean_eligible,sentences,8,8,1747,0.125,0.3333333333333333,0.18181818181818182,0.0,0.0,1,8,3,208,0,8,0,0.2713178294573643,1.0
5,answer_conditioned,FT_K1,signed_sum,all_body_tokens,0.05,88,1747,0.5,0.3333333333333333,0.4,0.0,0.0,1,2,3,79,9,2,0,0.2713178294573643,0.6666666666666666
5,answer_conditioned,FT_K1,signed_sum,all_body_tokens,0.1,175,1747,0.25,0.3333333333333333,0.28571428571428575,0.0,0.0,1,4,3,150,25,4,0,0.2713178294573643,1.0
5,answer_conditioned,FT_K1,signed_sum,all_body_tokens,0.2,350,1747,0.25,0.6666666666666666,0.36363636363636365,0.0,0.0,2,8,3,292,58,8,0,0.8372093023255814,1.0
5,answer_conditioned,FT_K1,signed_sum,sentences,2,2,1747,0.5,0.3333333333333333,0.4,0.0,0.0,1,2,3,79,0,2,0,0.2713178294573643,0.6666666666666666
5,answer_conditioned,FT_K1,signed_sum,sentences,4,4,1747,0.25,0.3333333333333333,0.28571428571428575,0.0,0.0,1,4,3,150,0,4,0,0.2713178294573643,1.0
5,answer_conditioned,FT_K1,signed_sum,sentences,8,8,1747,0.25,0.6666666666666666,0.36363636363636365,0.0,0.0,2,8,3,292,0,8,0,0.8372093023255814,1.0
5,answer_conditioned,FT_K1,positive_mean_eligible,all_body_tokens,0.05,88,1747,0.3333333333333333,0.3333333333333333,0.3333333333333333,0.0,0.0,1,3,3,81,7,3,0,0.2713178294573643,0.6666666666666666
5,answer_conditioned,FT_K1,positive_mean_eligible,all_body_tokens,0.1,175,1747,0.2,0.3333333333333333,0.25,0.0,0.0,1,5,3,149,26,5,0,0.2713178294573643,1.0
5,answer_conditioned,FT_K1,positive_mean_eligible,all_body_tokens,0.2,350,1747,0.08333333333333333,0.3333333333333333,0.13333333333333333,0.0,0.0,1,12,3,330,20,12,0,0.2713178294573643,1.0
5,answer_conditioned,FT_K1,positive_mean_eligible,sentences,2,2,1747,0.5,0.3333333333333333,0.4,0.0,0.0,1,2,3,65,0,2,0,0.2713178294573643,0.6666666666666666
5,answer_conditioned,FT_K1,positive_mean_eligible,sentences,4,4,1747,0.25,0.3333333333333333,0.28571428571428575,0.0,0.0,1,4,3,125,0,4,0,0.2713178294573643,1.0
5,answer_conditioned,FT_K1,positive_mean_eligible,sentences,8,8,1747,0.125,0.3333333333333333,0.18181818181818182,0.0,0.0,1,8,3,240,0,8,0,0.2713178294573643,1.0
5,answer_conditioned,FT_K3,signed_sum,all_body_tokens,0.05,88,1747,0.5,0.3333333333333333,0.4,0.0,0.0,1,2,3,79,9,2,0,0.2713178294573643,0.6666666666666666
5,answer_conditioned,FT_K3,signed_sum,all_body_tokens,0.1,175,1747,0.25,0.3333333333333333,0.28571428571428575,0.0,0.0,1,4,3,150,25,4,0,0.2713178294573643,1.0
5,answer_conditioned,FT_K3,signed_sum,all_body_tokens,0.2,350,1747,0.25,0.6666666666666666,0.36363636363636365,0.0,0.0,2,8,3,327,23,8,0,0.8372093023255814,1.0
5,answer_conditioned,FT_K3,signed_sum,sentences,2,2,1747,0.5,0.3333333333333333,0.4,0.0,0.0,1,2,3,79,0,2,0,0.2713178294573643,0.6666666666666666
5,answer_conditioned,FT_K3,signed_sum,sentences,4,4,1747,0.25,0.3333333333333333,0.28571428571428575,0.0,0.0,1,4,3,150,0,4,0,0.2713178294573643,1.0
5,answer_conditioned,FT_K3,signed_sum,sentences,8,8,1747,0.25,0.6666666666666666,0.36363636363636365,0.0,0.0,2,8,3,327,0,8,0,0.8372093023255814,1.0
5,answer_conditioned,FT_K3,positive_mean_eligible,all_body_tokens,0.05,88,1747,0.3333333333333333,0.3333333333333333,0.3333333333333333,0.0,0.0,1,3,3,81,7,3,0,0.2713178294573643,0.6666666666666666
5,answer_conditioned,FT_K3,positive_mean_eligible,all_body_tokens,0.1,175,1747,0.2,0.3333333333333333,0.25,0.0,0.0,1,5,3,154,21,5,0,0.2713178294573643,1.0
5,answer_conditioned,FT_K3,positive_mean_eligible,all_body_tokens,0.2,350,1747,0.16666666666666666,0.6666666666666666,0.26666666666666666,0.0,0.0,2,12,3,332,18,12,0,0.43410852713178294,1.0
5,answer_conditioned,FT_K3,positive_mean_eligible,sentences,2,2,1747,0.5,0.3333333333333333,0.4,0.0,0.0,1,2,3,65,0,2,0,0.2713178294573643,0.6666666666666666
5,answer_conditioned,FT_K3,positive_mean_eligible,sentences,4,4,1747,0.25,0.3333333333333333,0.28571428571428575,0.0,0.0,1,4,3,125,0,4,0,0.2713178294573643,1.0
5,answer_conditioned,FT_K3,positive_mean_eligible,sentences,8,8,1747,0.125,0.3333333333333333,0.18181818181818182,0.0,0.0,1,8,3,240,0,8,0,0.2713178294573643,1.0
6,answer_conditioned,DT_target,signed_sum,all_body_tokens,0.05,63,1247,1.0,0.5,0.6666666666666666,0.0,0.0,1,1,2,52,11,1,0,0.7123287671232876,0.5
6,answer_conditioned,DT_target,signed_sum,all_body_tokens,0.1,125,1247,0.6666666666666666,1.0,0.8,0.0,1.0,2,3,2,96,29,3,0,1.0,1.0
6,answer_conditioned,DT_target,signed_sum,all_body_tokens,0.2,250,1247,0.2857142857142857,1.0,0.4444444444444445,0.0,1.0,2,7,2,221,29,7,0,1.0,1.0
6,answer_conditioned,DT_target,signed_sum,sentences,2,2,1247,1.0,1.0,1.0,1.0,1.0,2,2,2,73,0,2,0,1.0,1.0
6,answer_conditioned,DT_target,signed_sum,sentences,4,4,1247,0.5,1.0,0.6666666666666666,0.0,1.0,2,4,2,129,0,4,0,1.0,1.0
6,answer_conditioned,DT_target,signed_sum,sentences,8,8,1247,0.25,1.0,0.4,0.0,1.0,2,8,2,252,0,8,0,1.0,1.0
6,answer_conditioned,DT_target,positive_mean_eligible,all_body_tokens,0.05,63,1247,0.5,0.5,0.5,0.0,0.0,1,2,2,54,9,2,0,0.2876712328767123,0.5
6,answer_conditioned,DT_target,positive_mean_eligible,all_body_tokens,0.1,125,1247,0.25,0.5,0.3333333333333333,0.0,0.0,1,4,2,94,31,4,0,0.2876712328767123,1.0
6,answer_conditioned,DT_target,positive_mean_eligible,all_body_tokens,0.2,250,1247,0.2222222222222222,1.0,0.3636363636363636,0.0,1.0,2,9,2,244,6,9,0,1.0,1.0
6,answer_conditioned,DT_target,positive_mean_eligible,sentences,2,2,1247,0.5,0.5,0.5,0.0,0.0,1,2,2,54,0,2,0,0.2876712328767123,1.0
6,answer_conditioned,DT_target,positive_mean_eligible,sentences,4,4,1247,0.25,0.5,0.3333333333333333,0.0,0.0,1,4,2,94,0,4,0,0.2876712328767123,1.0
6,answer_conditioned,DT_target,positive_mean_eligible,sentences,8,8,1247,0.25,1.0,0.4,0.0,1.0,2,8,2,216,0,8,0,1.0,1.0
6,answer_conditioned,FT_K1,signed_sum,all_body_tokens,0.05,63,1247,1.0,0.5,0.6666666666666666,0.0,0.0,1,1,2,52,11,1,0,0.7123287671232876,0.5
6,answer_conditioned,FT_K1,signed_sum,all_body_tokens,0.1,125,1247,0.5,0.5,0.5,0.0,0.0,1,2,2,85,40,2,0,0.7123287671232876,1.0
6,answer_conditioned,FT_K1,signed_sum,all_body_tokens,0.2,250,1247,0.25,0.5,0.3333333333333333,0.0,0.0,1,4,2,231,19,4,0,0.7123287671232876,1.0
6,answer_conditioned,FT_K1,signed_sum,sentences,2,2,1247,0.5,0.5,0.5,0.0,0.0,1,2,2,85,0,2,0,0.7123287671232876,1.0
6,answer_conditioned,FT_K1,signed_sum,sentences,4,4,1247,0.25,0.5,0.3333333333333333,0.0,0.0,1,4,2,231,0,4,0,0.7123287671232876,1.0
6,answer_conditioned,FT_K1,signed_sum,sentences,8,8,1247,0.25,1.0,0.4,0.0,1.0,2,8,2,330,0,8,0,1.0,1.0
6,answer_conditioned,FT_K1,positive_mean_eligible,all_body_tokens,0.05,63,1247,1.0,0.5,0.6666666666666666,0.0,0.0,1,1,2,52,11,1,0,0.7123287671232876,0.5
6,answer_conditioned,FT_K1,positive_mean_eligible,all_body_tokens,0.1,125,1247,0.5,1.0,0.6666666666666666,0.0,1.0,2,4,2,123,2,4,0,1.0,1.0
6,answer_conditioned,FT_K1,positive_mean_eligible,all_body_tokens,0.2,250,1247,0.2,1.0,0.33333333333333337,0.0,1.0,2,10,2,225,25,10,0,1.0,1.0
6,answer_conditioned,FT_K1,positive_mean_eligible,sentences,2,2,1247,0.5,0.5,0.5,0.0,0.0,1,2,2,85,0,2,0,0.7123287671232876,1.0
6,answer_conditioned,FT_K1,positive_mean_eligible,sentences,4,4,1247,0.5,1.0,0.6666666666666666,0.0,1.0,2,4,2,123,0,4,0,1.0,1.0
6,answer_conditioned,FT_K1,positive_mean_eligible,sentences,8,8,1247,0.25,1.0,0.4,0.0,1.0,2,8,2,201,0,8,0,1.0,1.0
6,answer_conditioned,FT_K3,signed_sum,all_body_tokens,0.05,63,1247,1.0,0.5,0.6666666666666666,0.0,0.0,1,1,2,52,11,1,0,0.7123287671232876,0.5
6,answer_conditioned,FT_K3,signed_sum,all_body_tokens,0.1,125,1247,0.5,0.5,0.5,0.0,0.0,1,2,2,85,40,2,0,0.7123287671232876,1.0
6,answer_conditioned,FT_K3,signed_sum,all_body_tokens,0.2,250,1247,0.5,1.0,0.6666666666666666,0.0,1.0,2,4,2,182,68,4,0,1.0,1.0
6,answer_conditioned,FT_K3,signed_sum,sentences,2,2,1247,0.5,0.5,0.5,0.0,0.0,1,2,2,85,0,2,0,0.7123287671232876,1.0
6,answer_conditioned,FT_K3,signed_sum,sentences,4,4,1247,0.5,1.0,0.6666666666666666,0.0,1.0,2,4,2,182,0,4,0,1.0,1.0
6,answer_conditioned,FT_K3,signed_sum,sentences,8,8,1247,0.25,1.0,0.4,0.0,1.0,2,8,2,341,0,8,0,1.0,1.0
6,answer_conditioned,FT_K3,positive_mean_eligible,all_body_tokens,0.05,63,1247,1.0,0.5,0.6666666666666666,0.0,0.0,1,1,2,52,11,1,0,0.7123287671232876,0.5
6,answer_conditioned,FT_K3,positive_mean_eligible,all_body_tokens,0.1,125,1247,0.5,1.0,0.6666666666666666,0.0,1.0,2,4,2,123,2,4,0,1.0,1.0
6,answer_conditioned,FT_K3,positive_mean_eligible,all_body_tokens,0.2,250,1247,0.2,1.0,0.33333333333333337,0.0,1.0,2,10,2,225,25,10,0,1.0,1.0
6,answer_conditioned,FT_K3,positive_mean_eligible,sentences,2,2,1247,0.5,0.5,0.5,0.0,0.0,1,2,2,85,0,2,0,0.7123287671232876,1.0
6,answer_conditioned,FT_K3,positive_mean_eligible,sentences,4,4,1247,0.5,1.0,0.6666666666666666,0.0,1.0,2,4,2,123,0,4,0,1.0,1.0
6,answer_conditioned,FT_K3,positive_mean_eligible,sentences,8,8,1247,0.25,1.0,0.4,0.0,1.0,2,8,2,201,0,8,0,1.0,1.0
7,answer_conditioned,DT_target,signed_sum,all_body_tokens,0.05,52,1032,0.0,0.0,0.0,0.0,0.0,0,0,2,0,52,0,1,0.0,0.5
7,answer_conditioned,DT_target,signed_sum,all_body_tokens,0.1,104,1032,0.0,0.0,0.0,0.0,0.0,0,1,2,58,46,1,0,0.0,1.0
7,answer_conditioned,DT_target,signed_sum,all_body_tokens,0.2,207,1032,0.3333333333333333,0.5,0.4,0.0,0.0,1,3,2,163,44,3,0,0.6494845360824743,1.0
7,answer_conditioned,DT_target,signed_sum,sentences,2,2,1032,0.5,0.5,0.5,0.0,0.0,1,2,2,121,0,2,0,0.6494845360824743,1.0
7,answer_conditioned,DT_target,signed_sum,sentences,4,4,1032,0.25,0.5,0.3333333333333333,0.0,0.0,1,4,2,240,0,4,0,0.6494845360824743,1.0
7,answer_conditioned,DT_target,signed_sum,sentences,8,8,1032,0.25,1.0,0.4,0.0,1.0,2,8,2,402,0,8,0,1.0,1.0
7,answer_conditioned,DT_target,positive_mean_eligible,all_body_tokens,0.05,52,1032,0.0,0.0,0.0,0.0,0.0,0,1,2,42,10,1,0,0.0,0.5
7,answer_conditioned,DT_target,positive_mean_eligible,all_body_tokens,0.1,104,1032,0.0,0.0,0.0,0.0,0.0,0,1,2,42,62,1,0,0.0,1.0
7,answer_conditioned,DT_target,positive_mean_eligible,all_body_tokens,0.2,207,1032,0.25,0.5,0.3333333333333333,0.0,0.0,1,4,2,184,23,4,0,0.6494845360824743,1.0
7,answer_conditioned,DT_target,positive_mean_eligible,sentences,2,2,1032,0.5,0.5,0.5,0.0,0.0,1,2,2,105,0,2,0,0.6494845360824743,1.0
7,answer_conditioned,DT_target,positive_mean_eligible,sentences,4,4,1032,0.25,0.5,0.3333333333333333,0.0,0.0,1,4,2,184,0,4,0,0.6494845360824743,1.0
7,answer_conditioned,DT_target,positive_mean_eligible,sentences,8,8,1032,0.25,1.0,0.4,0.0,1.0,2,8,2,310,0,8,0,1.0,1.0
7,answer_conditioned,FT_K1,signed_sum,all_body_tokens,0.05,52,1032,0.0,0.0,0.0,0.0,0.0,0,0,2,0,52,0,1,0.0,0.5
7,answer_conditioned,FT_K1,signed_sum,all_body_tokens,0.1,104,1032,1.0,0.5,0.6666666666666666,0.0,0.0,1,1,2,63,41,1,0,0.6494845360824743,1.0
7,answer_conditioned,FT_K1,signed_sum,all_body_tokens,0.2,207,1032,0.3333333333333333,0.5,0.4,0.0,0.0,1,3,2,181,26,3,0,0.6494845360824743,1.0
7,answer_conditioned,FT_K1,signed_sum,sentences,2,2,1032,0.5,0.5,0.5,0.0,0.0,1,2,2,140,0,2,0,0.6494845360824743,1.0
7,answer_conditioned,FT_K1,signed_sum,sentences,4,4,1032,0.25,0.5,0.3333333333333333,0.0,0.0,1,4,2,223,0,4,0,0.6494845360824743,1.0
7,answer_conditioned,FT_K1,signed_sum,sentences,8,8,1032,0.25,1.0,0.4,0.0,1.0,2,8,2,434,0,8,0,1.0,1.0
7,answer_conditioned,FT_K1,positive_mean_eligible,all_body_tokens,0.05,52,1032,0.0,0.0,0.0,0.0,0.0,0,0,2,0,52,0,1,0.0,0.5
7,answer_conditioned,FT_K1,positive_mean_eligible,all_body_tokens,0.1,104,1032,0.5,0.5,0.5,0.0,0.0,1,2,2,72,32,2,0,0.6494845360824743,1.0
7,answer_conditioned,FT_K1,positive_mean_eligible,all_body_tokens,0.2,207,1032,0.25,0.5,0.3333333333333333,0.0,0.0,1,4,2,155,52,4,0,0.6494845360824743,1.0
7,answer_conditioned,FT_K1,positive_mean_eligible,sentences,2,2,1032,0.5,0.5,0.5,0.0,0.0,1,2,2,72,0,2,0,0.6494845360824743,1.0
7,answer_conditioned,FT_K1,positive_mean_eligible,sentences,4,4,1032,0.25,0.5,0.3333333333333333,0.0,0.0,1,4,2,155,0,4,0,0.6494845360824743,1.0
7,answer_conditioned,FT_K1,positive_mean_eligible,sentences,8,8,1032,0.125,0.5,0.2,0.0,0.0,1,8,2,305,0,8,0,0.6494845360824743,1.0
7,answer_conditioned,FT_K3,signed_sum,all_body_tokens,0.05,52,1032,0.0,0.0,0.0,0.0,0.0,0,0,2,0,52,0,1,0.0,0.5
7,answer_conditioned,FT_K3,signed_sum,all_body_tokens,0.1,104,1032,1.0,0.5,0.6666666666666666,0.0,0.0,1,1,2,63,41,1,0,0.6494845360824743,1.0
7,answer_conditioned,FT_K3,signed_sum,all_body_tokens,0.2,207,1032,0.3333333333333333,0.5,0.4,0.0,0.0,1,3,2,181,26,3,0,0.6494845360824743,1.0
7,answer_conditioned,FT_K3,signed_sum,sentences,2,2,1032,0.5,0.5,0.5,0.0,0.0,1,2,2,140,0,2,0,0.6494845360824743,1.0
7,answer_conditioned,FT_K3,signed_sum,sentences,4,4,1032,0.25,0.5,0.3333333333333333,0.0,0.0,1,4,2,223,0,4,0,0.6494845360824743,1.0
7,answer_conditioned,FT_K3,signed_sum,sentences,8,8,1032,0.25,1.0,0.4,0.0,1.0,2,8,2,400,0,8,0,1.0,1.0
7,answer_conditioned,FT_K3,positive_mean_eligible,all_body_tokens,0.05,52,1032,0.0,0.0,0.0,0.0,0.0,0,0,2,0,52,0,1,0.0,0.5
7,answer_conditioned,FT_K3,positive_mean_eligible,all_body_tokens,0.1,104,1032,0.5,0.5,0.5,0.0,0.0,1,2,2,72,32,2,0,0.6494845360824743,1.0
7,answer_conditioned,FT_K3,positive_mean_eligible,all_body_tokens,0.2,207,1032,0.4,1.0,0.5714285714285715,0.0,1.0,2,5,2,189,18,5,0,1.0,1.0
7,answer_conditioned,FT_K3,positive_mean_eligible,sentences,2,2,1032,0.5,0.5,0.5,0.0,0.0,1,2,2,72,0,2,0,0.6494845360824743,1.0
7,answer_conditioned,FT_K3,positive_mean_eligible,sentences,4,4,1032,0.5,1.0,0.6666666666666666,0.0,1.0,2,4,2,147,0,4,0,1.0,1.0
7,answer_conditioned,FT_K3,positive_mean_eligible,sentences,8,8,1032,0.25,1.0,0.4,0.0,1.0,2,8,2,319,0,8,0,1.0,1.0
8,answer_conditioned,DT_target,signed_sum,all_body_tokens,0.05,36,706,1.0,0.25,0.4,0.0,0.0,1,1,4,13,23,1,0,0.18571428571428572,0.75
8,answer_conditioned,DT_target,signed_sum,all_body_tokens,0.1,71,706,0.5,0.25,0.3333333333333333,0.0,0.0,1,2,4,58,13,2,0,0.18571428571428572,1.0
8,answer_conditioned,DT_target,signed_sum,all_body_tokens,0.2,142,706,0.16666666666666666,0.25,0.2,0.0,0.0,1,6,4,135,7,6,0,0.18571428571428572,1.0
8,answer_conditioned,DT_target,signed_sum,sentences,2,2,706,0.5,0.25,0.3333333333333333,0.0,0.0,1,2,4,58,0,2,0,0.18571428571428572,0.5
8,answer_conditioned,DT_target,signed_sum,sentences,4,4,706,0.25,0.25,0.25,0.0,0.0,1,4,4,99,0,4,0,0.18571428571428572,1.0
8,answer_conditioned,DT_target,signed_sum,sentences,8,8,706,0.125,0.25,0.16666666666666666,0.0,0.0,1,8,4,178,0,8,0,0.18571428571428572,1.0
8,answer_conditioned,DT_target,positive_mean_eligible,all_body_tokens,0.05,36,706,0.5,0.25,0.3333333333333333,0.0,0.0,1,2,4,22,14,2,0,0.18571428571428572,0.75
8,answer_conditioned,DT_target,positive_mean_eligible,all_body_tokens,0.1,71,706,0.75,0.75,0.75,0.0,0.0,3,4,4,64,7,4,0,0.7857142857142857,1.0
8,answer_conditioned,DT_target,positive_mean_eligible,all_body_tokens,0.2,142,706,0.4444444444444444,1.0,0.6153846153846153,0.0,1.0,4,9,4,137,5,9,0,1.0,1.0
8,answer_conditioned,DT_target,positive_mean_eligible,sentences,2,2,706,0.5,0.25,0.3333333333333333,0.0,0.0,1,2,4,22,0,2,0,0.18571428571428572,0.5
8,answer_conditioned,DT_target,positive_mean_eligible,sentences,4,4,706,0.75,0.75,0.75,0.0,0.0,3,4,4,64,0,4,0,0.7857142857142857,1.0
8,answer_conditioned,DT_target,positive_mean_eligible,sentences,8,8,706,0.375,0.75,0.5,0.0,0.0,3,8,4,122,0,8,0,0.7857142857142857,1.0
8,answer_conditioned,FT_K1,signed_sum,all_body_tokens,0.05,36,706,0.0,0.0,0.0,0.0,0.0,0,0,4,0,36,0,1,0.0,0.75
8,answer_conditioned,FT_K1,signed_sum,all_body_tokens,0.1,71,706,0.6666666666666666,0.5,0.5714285714285715,0.0,0.0,2,3,4,64,7,3,0,0.7428571428571429,1.0
8,answer_conditioned,FT_K1,signed_sum,all_body_tokens,0.2,142,706,0.4,0.5,0.4444444444444445,0.0,0.0,2,5,4,132,10,5,0,0.7428571428571429,1.0
8,answer_conditioned,FT_K1,signed_sum,sentences,2,2,706,1.0,0.5,0.6666666666666666,0.0,0.0,2,2,4,52,0,2,0,0.7428571428571429,0.5
8,answer_conditioned,FT_K1,signed_sum,sentences,4,4,706,0.5,0.5,0.5,0.0,0.0,2,4,4,106,0,4,0,0.7428571428571429,1.0
8,answer_conditioned,FT_K1,signed_sum,sentences,8,8,706,0.375,0.75,0.5,0.0,0.0,3,8,4,209,0,8,0,0.9285714285714286,1.0
8,answer_conditioned,FT_K1,positive_mean_eligible,all_body_tokens,0.05,36,706,0.0,0.0,0.0,0.0,0.0,0,0,4,0,36,0,1,0.0,0.75
8,answer_conditioned,FT_K1,positive_mean_eligible,all_body_tokens,0.1,71,706,0.6666666666666666,0.5,0.5714285714285715,0.0,0.0,2,3,4,64,7,3,0,0.7428571428571429,1.0
8,answer_conditioned,FT_K1,positive_mean_eligible,all_body_tokens,0.2,142,706,0.5,0.75,0.6,0.0,0.0,3,6,4,112,30,6,0,0.9285714285714286,1.0
8,answer_conditioned,FT_K1,positive_mean_eligible,sentences,2,2,706,0.5,0.25,0.3333333333333333,0.0,0.0,1,2,4,49,0,2,0,0.5285714285714286,0.5
8,answer_conditioned,FT_K1,positive_mean_eligible,sentences,4,4,706,0.75,0.75,0.75,0.0,0.0,3,4,4,77,0,4,0,0.9285714285714286,1.0
8,answer_conditioned,FT_K1,positive_mean_eligible,sentences,8,8,706,0.375,0.75,0.5,0.0,0.0,3,8,4,165,0,8,0,0.9285714285714286,1.0
8,answer_conditioned,FT_K3,signed_sum,all_body_tokens,0.05,36,706,0.0,0.0,0.0,0.0,0.0,0,0,4,0,36,0,1,0.0,0.75
8,answer_conditioned,FT_K3,signed_sum,all_body_tokens,0.1,71,706,0.6666666666666666,0.5,0.5714285714285715,0.0,0.0,2,3,4,64,7,3,0,0.7428571428571429,1.0
8,answer_conditioned,FT_K3,signed_sum,all_body_tokens,0.2,142,706,0.4,0.5,0.4444444444444445,0.0,0.0,2,5,4,132,10,5,0,0.7428571428571429,1.0
8,answer_conditioned,FT_K3,signed_sum,sentences,2,2,706,1.0,0.5,0.6666666666666666,0.0,0.0,2,2,4,52,0,2,0,0.7428571428571429,0.5
8,answer_conditioned,FT_K3,signed_sum,sentences,4,4,706,0.5,0.5,0.5,0.0,0.0,2,4,4,106,0,4,0,0.7428571428571429,1.0
8,answer_conditioned,FT_K3,signed_sum,sentences,8,8,706,0.375,0.75,0.5,0.0,0.0,3,8,4,209,0,8,0,0.9285714285714286,1.0
8,answer_conditioned,FT_K3,positive_mean_eligible,all_body_tokens,0.05,36,706,0.0,0.0,0.0,0.0,0.0,0,0,4,0,36,0,1,0.0,0.75
8,answer_conditioned,FT_K3,positive_mean_eligible,all_body_tokens,0.1,71,706,0.6666666666666666,0.5,0.5714285714285715,0.0,0.0,2,3,4,64,7,3,0,0.7428571428571429,1.0
8,answer_conditioned,FT_K3,positive_mean_eligible,all_body_tokens,0.2,142,706,0.5,0.75,0.6,0.0,0.0,3,6,4,112,30,6,0,0.9285714285714286,1.0
8,answer_conditioned,FT_K3,positive_mean_eligible,sentences,2,2,706,0.5,0.25,0.3333333333333333,0.0,0.0,1,2,4,49,0,2,0,0.5285714285714286,0.5
8,answer_conditioned,FT_K3,positive_mean_eligible,sentences,4,4,706,0.5,0.5,0.5,0.0,0.0,2,4,4,73,0,4,0,0.7428571428571429,1.0
8,answer_conditioned,FT_K3,positive_mean_eligible,sentences,8,8,706,0.375,0.75,0.5,0.0,0.0,3,8,4,165,0,8,0,0.9285714285714286,1.0
9,answer_conditioned,DT_target,signed_sum,all_body_tokens,0.05,49,975,1.0,0.25,0.4,0.0,0.0,1,1,4,30,19,1,0,0.45454545454545453,0.75
9,answer_conditioned,DT_target,signed_sum,all_body_tokens,0.1,98,975,0.3333333333333333,0.25,0.28571428571428575,0.0,0.0,1,3,4,92,6,3,0,0.45454545454545453,1.0
9,answer_conditioned,DT_target,signed_sum,all_body_tokens,0.2,195,975,0.2,0.25,0.22222222222222224,0.0,0.0,1,5,4,168,27,5,0,0.45454545454545453,1.0
9,answer_conditioned,DT_target,signed_sum,sentences,2,2,975,0.5,0.25,0.3333333333333333,0.0,0.0,1,2,4,64,0,2,0,0.45454545454545453,0.5
9,answer_conditioned,DT_target,signed_sum,sentences,4,4,975,0.25,0.25,0.25,0.0,0.0,1,4,4,142,0,4,0,0.45454545454545453,1.0
9,answer_conditioned,DT_target,signed_sum,sentences,8,8,975,0.125,0.25,0.16666666666666666,0.0,0.0,1,8,4,338,0,8,0,0.45454545454545453,1.0
9,answer_conditioned,DT_target,positive_mean_eligible,all_body_tokens,0.05,49,975,1.0,0.25,0.4,0.0,0.0,1,1,4,30,19,1,0,0.45454545454545453,0.75
9,answer_conditioned,DT_target,positive_mean_eligible,all_body_tokens,0.1,98,975,0.3333333333333333,0.25,0.28571428571428575,0.0,0.0,1,3,4,92,6,3,0,0.45454545454545453,1.0
9,answer_conditioned,DT_target,positive_mean_eligible,all_body_tokens,0.2,195,975,0.3333333333333333,0.5,0.4,0.0,0.0,2,6,4,152,43,6,0,0.6515151515151515,1.0
9,answer_conditioned,DT_target,positive_mean_eligible,sentences,2,2,975,0.5,0.25,0.3333333333333333,0.0,0.0,1,2,4,58,0,2,0,0.45454545454545453,0.5
9,answer_conditioned,DT_target,positive_mean_eligible,sentences,4,4,975,0.5,0.5,0.5,0.0,0.0,2,4,4,105,0,4,0,0.6515151515151515,1.0
9,answer_conditioned,DT_target,positive_mean_eligible,sentences,8,8,975,0.25,0.5,0.3333333333333333,0.0,0.0,2,8,4,231,0,8,0,0.6515151515151515,1.0
9,answer_conditioned,FT_K1,signed_sum,all_body_tokens,0.05,49,975,1.0,0.25,0.4,0.0,0.0,1,1,4,30,19,1,0,0.45454545454545453,0.75
9,answer_conditioned,FT_K1,signed_sum,all_body_tokens,0.1,98,975,0.3333333333333333,0.25,0.28571428571428575,0.0,0.0,1,3,4,85,13,3,0,0.45454545454545453,1.0
9,answer_conditioned,FT_K1,signed_sum,all_body_tokens,0.2,195,975,0.25,0.25,0.25,0.0,0.0,1,4,4,161,34,4,0,0.45454545454545453,1.0
9,answer_conditioned,FT_K1,signed_sum,sentences,2,2,975,0.5,0.25,0.3333333333333333,0.0,0.0,1,2,4,64,0,2,0,0.45454545454545453,0.5
9,answer_conditioned,FT_K1,signed_sum,sentences,4,4,975,0.25,0.25,0.25,0.0,0.0,1,4,4,161,0,4,0,0.45454545454545453,1.0
9,answer_conditioned,FT_K1,signed_sum,sentences,8,8,975,0.25,0.5,0.3333333333333333,0.0,0.0,2,8,4,322,0,8,0,0.7121212121212122,1.0
9,answer_conditioned,FT_K1,positive_mean_eligible,all_body_tokens,0.05,49,975,1.0,0.5,0.6666666666666666,0.0,0.0,2,2,4,36,13,2,0,0.5454545454545454,0.75
9,answer_conditioned,FT_K1,positive_mean_eligible,all_body_tokens,0.1,98,975,0.75,0.75,0.75,0.0,0.0,3,4,4,70,28,4,0,0.7424242424242424,1.0
9,answer_conditioned,FT_K1,positive_mean_eligible,all_body_tokens,0.2,195,975,0.5,1.0,0.6666666666666666,0.0,1.0,4,8,4,170,25,8,0,1.0,1.0
9,answer_conditioned,FT_K1,positive_mean_eligible,sentences,2,2,975,1.0,0.5,0.6666666666666666,0.0,0.0,2,2,4,36,0,2,0,0.5454545454545454,0.5
9,answer_conditioned,FT_K1,positive_mean_eligible,sentences,4,4,975,0.75,0.75,0.75,0.0,0.0,3,4,4,70,0,4,0,0.7424242424242424,1.0
9,answer_conditioned,FT_K1,positive_mean_eligible,sentences,8,8,975,0.5,1.0,0.6666666666666666,0.0,1.0,4,8,4,170,0,8,0,1.0,1.0
9,answer_conditioned,FT_K3,signed_sum,all_body_tokens,0.05,49,975,1.0,0.25,0.4,0.0,0.0,1,1,4,30,19,1,0,0.45454545454545453,0.75
9,answer_conditioned,FT_K3,signed_sum,all_body_tokens,0.1,98,975,0.3333333333333333,0.25,0.28571428571428575,0.0,0.0,1,3,4,85,13,3,0,0.45454545454545453,1.0
9,answer_conditioned,FT_K3,signed_sum,all_body_tokens,0.2,195,975,0.25,0.25,0.25,0.0,0.0,1,4,4,161,34,4,0,0.45454545454545453,1.0
9,answer_conditioned,FT_K3,signed_sum,sentences,2,2,975,0.5,0.25,0.3333333333333333,0.0,0.0,1,2,4,51,0,2,0,0.45454545454545453,0.5
9,answer_conditioned,FT_K3,signed_sum,sentences,4,4,975,0.25,0.25,0.25,0.0,0.0,1,4,4,161,0,4,0,0.45454545454545453,1.0
9,answer_conditioned,FT_K3,signed_sum,sentences,8,8,975,0.25,0.5,0.3333333333333333,0.0,0.0,2,8,4,322,0,8,0,0.7121212121212122,1.0
9,answer_conditioned,FT_K3,positive_mean_eligible,all_body_tokens,0.05,49,975,1.0,0.5,0.6666666666666666,0.0,0.0,2,2,4,36,13,2,0,0.5454545454545454,0.75
9,answer_conditioned,FT_K3,positive_mean_eligible,all_body_tokens,0.1,98,975,0.8,1.0,0.888888888888889,0.0,1.0,4,5,4,87,11,5,0,1.0,1.0
9,answer_conditioned,FT_K3,positive_mean_eligible,all_body_tokens,0.2,195,975,0.5,1.0,0.6666666666666666,0.0,1.0,4,8,4,170,25,8,0,1.0,1.0
9,answer_conditioned,FT_K3,positive_mean_eligible,sentences,2,2,975,1.0,0.5,0.6666666666666666,0.0,0.0,2,2,4,36,0,2,0,0.5454545454545454,0.5
9,answer_conditioned,FT_K3,positive_mean_eligible,sentences,4,4,975,0.75,0.75,0.75,0.0,0.0,3,4,4,70,0,4,0,0.7424242424242424,1.0
9,answer_conditioned,FT_K3,positive_mean_eligible,sentences,8,8,975,0.5,1.0,0.6666666666666666,0.0,1.0,4,8,4,170,0,8,0,1.0,1.0
10,answer_conditioned,DT_target,signed_sum,all_body_tokens,0.05,65,1289,0.0,0.0,0.0,0.0,0.0,0,1,4,38,27,1,0,0.0,0.5
10,answer_conditioned,DT_target,signed_sum,all_body_tokens,0.1,129,1289,0.0,0.0,0.0,0.0,0.0,0,1,4,38,91,1,0,0.0,0.75
10,answer_conditioned,DT_target,signed_sum,all_body_tokens,0.2,258,1289,0.2,0.25,0.22222222222222224,0.0,0.0,1,5,4,239,19,5,0,0.18471337579617833,1.0
10,answer_conditioned,DT_target,signed_sum,sentences,2,2,1289,0.0,0.0,0.0,0.0,0.0,0,2,4,148,0,2,0,0.0,0.5
10,answer_conditioned,DT_target,signed_sum,sentences,4,4,1289,0.0,0.0,0.0,0.0,0.0,0,4,4,210,0,4,0,0.0,1.0
10,answer_conditioned,DT_target,signed_sum,sentences,8,8,1289,0.125,0.25,0.16666666666666666,0.0,0.0,1,8,4,322,0,8,0,0.18471337579617833,1.0
10,answer_conditioned,DT_target,positive_mean_eligible,all_body_tokens,0.05,65,1289,0.5,0.25,0.3333333333333333,0.0,0.0,1,2,4,58,7,2,0,0.12738853503184713,0.5
10,answer_conditioned,DT_target,positive_mean_eligible,all_body_tokens,0.1,129,1289,0.6666666666666666,0.5,0.5714285714285715,0.0,0.0,2,3,4,129,0,3,0,0.5796178343949044,0.75
10,answer_conditioned,DT_target,positive_mean_eligible,all_body_tokens,0.2,258,1289,0.375,0.75,0.5,0.0,0.0,3,8,4,246,12,8,0,0.7643312101910829,1.0
10,answer_conditioned,DT_target,positive_mean_eligible,sentences,2,2,1289,0.5,0.25,0.3333333333333333,0.0,0.0,1,2,4,58,0,2,0,0.12738853503184713,0.5
10,answer_conditioned,DT_target,positive_mean_eligible,sentences,4,4,1289,0.5,0.5,0.5,0.0,0.0,2,4,4,153,0,4,0,0.5796178343949044,1.0
10,answer_conditioned,DT_target,positive_mean_eligible,sentences,8,8,1289,0.375,0.75,0.5,0.0,0.0,3,8,4,246,0,8,0,0.7643312101910829,1.0
10,answer_conditioned,FT_K1,signed_sum,all_body_tokens,0.05,65,1289,0.0,0.0,0.0,0.0,0.0,0,0,4,0,65,0,1,0.0,0.5
10,answer_conditioned,FT_K1,signed_sum,all_body_tokens,0.1,129,1289,1.0,0.75,0.8571428571428571,0.0,0.0,3,3,4,128,1,3,0,0.8152866242038217,0.75
10,answer_conditioned,FT_K1,signed_sum,all_body_tokens,0.2,258,1289,0.6,0.75,0.6666666666666665,0.0,0.0,3,5,4,253,5,5,0,0.8152866242038217,1.0
10,answer_conditioned,FT_K1,signed_sum,sentences,2,2,1289,1.0,0.5,0.6666666666666666,0.0,0.0,2,2,4,91,0,2,0,0.5796178343949044,0.5
10,answer_conditioned,FT_K1,signed_sum,sentences,4,4,1289,0.75,0.75,0.75,0.0,0.0,3,4,4,175,0,4,0,0.8152866242038217,1.0
10,answer_conditioned,FT_K1,signed_sum,sentences,8,8,1289,0.375,0.75,0.5,0.0,0.0,3,8,4,379,0,8,0,0.8152866242038217,1.0
10,answer_conditioned,FT_K1,positive_mean_eligible,all_body_tokens,0.05,65,1289,1.0,0.5,0.6666666666666666,0.0,0.0,2,2,4,57,8,2,0,0.3630573248407643,0.5
10,answer_conditioned,FT_K1,positive_mean_eligible,all_body_tokens,0.1,129,1289,1.0,0.75,0.8571428571428571,0.0,0.0,3,3,4,128,1,3,0,0.8152866242038217,0.75
10,answer_conditioned,FT_K1,positive_mean_eligible,all_body_tokens,0.2,258,1289,0.42857142857142855,0.75,0.5454545454545454,0.0,0.0,3,7,4,218,40,7,0,0.8152866242038217,1.0
10,answer_conditioned,FT_K1,positive_mean_eligible,sentences,2,2,1289,1.0,0.5,0.6666666666666666,0.0,0.0,2,2,4,57,0,2,0,0.3630573248407643,0.5
10,answer_conditioned,FT_K1,positive_mean_eligible,sentences,4,4,1289,0.75,0.75,0.75,0.0,0.0,3,4,4,152,0,4,0,0.8152866242038217,1.0
10,answer_conditioned,FT_K1,positive_mean_eligible,sentences,8,8,1289,0.375,0.75,0.5,0.0,0.0,3,8,4,265,0,8,0,0.8152866242038217,1.0
10,answer_conditioned,FT_K3,signed_sum,all_body_tokens,0.05,65,1289,0.0,0.0,0.0,0.0,0.0,0,0,4,0,65,0,1,0.0,0.5
10,answer_conditioned,FT_K3,signed_sum,all_body_tokens,0.1,129,1289,1.0,0.75,0.8571428571428571,0.0,0.0,3,3,4,128,1,3,0,0.8152866242038217,0.75
10,answer_conditioned,FT_K3,signed_sum,all_body_tokens,0.2,258,1289,0.6,0.75,0.6666666666666665,0.0,0.0,3,5,4,253,5,5,0,0.8152866242038217,1.0
10,answer_conditioned,FT_K3,signed_sum,sentences,2,2,1289,1.0,0.5,0.6666666666666666,0.0,0.0,2,2,4,91,0,2,0,0.5796178343949044,0.5
10,answer_conditioned,FT_K3,signed_sum,sentences,4,4,1289,0.75,0.75,0.75,0.0,0.0,3,4,4,175,0,4,0,0.8152866242038217,1.0
10,answer_conditioned,FT_K3,signed_sum,sentences,8,8,1289,0.375,0.75,0.5,0.0,0.0,3,8,4,379,0,8,0,0.8152866242038217,1.0
10,answer_conditioned,FT_K3,positive_mean_eligible,all_body_tokens,0.05,65,1289,1.0,0.25,0.4,0.0,0.0,1,1,4,20,45,1,0,0.12738853503184713,0.5
10,answer_conditioned,FT_K3,positive_mean_eligible,all_body_tokens,0.1,129,1289,1.0,0.75,0.8571428571428571,0.0,0.0,3,3,4,128,1,3,0,0.8152866242038217,0.75
10,answer_conditioned,FT_K3,positive_mean_eligible,all_body_tokens,0.2,258,1289,0.42857142857142855,0.75,0.5454545454545454,0.0,0.0,3,7,4,218,40,7,0,0.8152866242038217,1.0
10,answer_conditioned,FT_K3,positive_mean_eligible,sentences,2,2,1289,1.0,0.5,0.6666666666666666,0.0,0.0,2,2,4,91,0,2,0,0.5796178343949044,0.5
10,answer_conditioned,FT_K3,positive_mean_eligible,sentences,4,4,1289,0.75,0.75,0.75,0.0,0.0,3,4,4,152,0,4,0,0.8152866242038217,1.0
10,answer_conditioned,FT_K3,positive_mean_eligible,sentences,8,8,1289,0.375,0.75,0.5,0.0,0.0,3,8,4,265,0,8,0,0.8152866242038217,1.0
11,answer_conditioned,DT_target,signed_sum,all_body_tokens,0.05,44,862,0.0,0.0,0.0,0.0,0.0,0,1,2,35,9,1,0,0.0,0.5
11,answer_conditioned,DT_target,signed_sum,all_body_tokens,0.1,87,862,0.0,0.0,0.0,0.0,0.0,0,3,2,77,10,3,0,0.0,0.5
11,answer_conditioned,DT_target,signed_sum,all_body_tokens,0.2,173,862,0.0,0.0,0.0,0.0,0.0,0,5,2,134,39,5,0,0.0,1.0
11,answer_conditioned,DT_target,signed_sum,sentences,2,2,862,0.0,0.0,0.0,0.0,0.0,0,2,2,64,0,2,0,0.0,1.0
11,answer_conditioned,DT_target,signed_sum,sentences,4,4,862,0.0,0.0,0.0,0.0,0.0,0,4,2,107,0,4,0,0.0,1.0
11,answer_conditioned,DT_target,signed_sum,sentences,8,8,862,0.0,0.0,0.0,0.0,0.0,0,8,2,262,0,8,0,0.0,1.0
11,answer_conditioned,DT_target,positive_mean_eligible,all_body_tokens,0.05,44,862,0.0,0.0,0.0,0.0,0.0,0,0,2,0,44,0,1,0.0,0.5
11,answer_conditioned,DT_target,positive_mean_eligible,all_body_tokens,0.1,87,862,1.0,0.5,0.6666666666666666,0.0,0.0,1,1,2,81,6,1,0,0.7570093457943925,0.5
11,answer_conditioned,DT_target,positive_mean_eligible,all_body_tokens,0.2,173,862,0.25,0.5,0.3333333333333333,0.0,0.0,1,4,2,158,15,4,0,0.7570093457943925,1.0
11,answer_conditioned,DT_target,positive_mean_eligible,sentences,2,2,862,0.5,0.5,0.5,0.0,0.0,1,2,2,110,0,2,0,0.7570093457943925,1.0
11,answer_conditioned,DT_target,positive_mean_eligible,sentences,4,4,862,0.25,0.5,0.3333333333333333,0.0,0.0,1,4,2,158,0,4,0,0.7570093457943925,1.0
11,answer_conditioned,DT_target,positive_mean_eligible,sentences,8,8,862,0.25,1.0,0.4,0.0,1.0,2,8,2,296,0,8,0,1.0,1.0
11,answer_conditioned,FT_K1,signed_sum,all_body_tokens,0.05,44,862,0.0,0.0,0.0,0.0,0.0,0,0,2,0,44,0,1,0.0,0.5
11,answer_conditioned,FT_K1,signed_sum,all_body_tokens,0.1,87,862,1.0,0.5,0.6666666666666666,0.0,0.0,1,1,2,81,6,1,0,0.7570093457943925,0.5
11,answer_conditioned,FT_K1,signed_sum,all_body_tokens,0.2,173,862,0.6666666666666666,1.0,0.8,0.0,1.0,2,3,2,138,35,3,0,1.0,1.0
11,answer_conditioned,FT_K1,signed_sum,sentences,2,2,862,1.0,1.0,1.0,1.0,1.0,2,2,2,107,0,2,0,1.0,1.0
11,answer_conditioned,FT_K1,signed_sum,sentences,4,4,862,0.5,1.0,0.6666666666666666,0.0,1.0,2,4,2,187,0,4,0,1.0,1.0
11,answer_conditioned,FT_K1,signed_sum,sentences,8,8,862,0.25,1.0,0.4,0.0,1.0,2,8,2,363,0,8,0,1.0,1.0
11,answer_conditioned,FT_K1,positive_mean_eligible,all_body_tokens,0.05,44,862,1.0,0.5,0.6666666666666666,0.0,0.0,1,1,2,26,18,1,0,0.24299065420560748,0.5
11,answer_conditioned,FT_K1,positive_mean_eligible,all_body_tokens,0.1,87,862,1.0,0.5,0.6666666666666666,0.0,0.0,1,1,2,26,61,1,0,0.24299065420560748,0.5
11,answer_conditioned,FT_K1,positive_mean_eligible,all_body_tokens,0.2,173,862,0.5,1.0,0.6666666666666666,0.0,1.0,2,4,2,160,13,4,0,1.0,1.0
11,answer_conditioned,FT_K1,positive_mean_eligible,sentences,2,2,862,1.0,1.0,1.0,1.0,1.0,2,2,2,107,0,2,0,1.0,1.0
11,answer_conditioned,FT_K1,positive_mean_eligible,sentences,4,4,862,0.5,1.0,0.6666666666666666,0.0,1.0,2,4,2,160,0,4,0,1.0,1.0
11,answer_conditioned,FT_K1,positive_mean_eligible,sentences,8,8,862,0.25,1.0,0.4,0.0,1.0,2,8,2,287,0,8,0,1.0,1.0
11,answer_conditioned,FT_K3,signed_sum,all_body_tokens,0.05,44,862,0.0,0.0,0.0,0.0,0.0,0,0,2,0,44,0,1,0.0,0.5
11,answer_conditioned,FT_K3,signed_sum,all_body_tokens,0.1,87,862,1.0,0.5,0.6666666666666666,0.0,0.0,1,1,2,81,6,1,0,0.7570093457943925,0.5
11,answer_conditioned,FT_K3,signed_sum,all_body_tokens,0.2,173,862,0.5,1.0,0.6666666666666666,0.0,1.0,2,4,2,167,6,4,0,1.0,1.0
11,answer_conditioned,FT_K3,signed_sum,sentences,2,2,862,1.0,1.0,1.0,1.0,1.0,2,2,2,107,0,2,0,1.0,1.0
11,answer_conditioned,FT_K3,signed_sum,sentences,4,4,862,0.5,1.0,0.6666666666666666,0.0,1.0,2,4,2,167,0,4,0,1.0,1.0
11,answer_conditioned,FT_K3,signed_sum,sentences,8,8,862,0.25,1.0,0.4,0.0,1.0,2,8,2,363,0,8,0,1.0,1.0
11,answer_conditioned,FT_K3,positive_mean_eligible,all_body_tokens,0.05,44,862,0.0,0.0,0.0,0.0,0.0,0,0,2,0,44,0,1,0.0,0.5
11,answer_conditioned,FT_K3,positive_mean_eligible,all_body_tokens,0.1,87,862,1.0,0.5,0.6666666666666666,0.0,0.0,1,1,2,81,6,1,0,0.7570093457943925,0.5
11,answer_conditioned,FT_K3,positive_mean_eligible,all_body_tokens,0.2,173,862,0.5,1.0,0.6666666666666666,0.0,1.0,2,4,2,160,13,4,0,1.0,1.0
11,answer_conditioned,FT_K3,positive_mean_eligible,sentences,2,2,862,1.0,1.0,1.0,1.0,1.0,2,2,2,107,0,2,0,1.0,1.0
11,answer_conditioned,FT_K3,positive_mean_eligible,sentences,4,4,862,0.5,1.0,0.6666666666666666,0.0,1.0,2,4,2,160,0,4,0,1.0,1.0
11,answer_conditioned,FT_K3,positive_mean_eligible,sentences,8,8,862,0.25,1.0,0.4,0.0,1.0,2,8,2,287,0,8,0,1.0,1.0
12,answer_conditioned,DT_target,signed_sum,all_body_tokens,0.05,96,1903,0.0,0.0,0.0,0.0,0.0,0,2,2,77,19,2,0,0.0,1.0
12,answer_conditioned,DT_target,signed_sum,all_body_tokens,0.1,191,1903,0.0,0.0,0.0,0.0,0.0,0,6,2,184,7,6,0,0.0,1.0
12,answer_conditioned,DT_target,signed_sum,all_body_tokens,0.2,381,1903,0.0,0.0,0.0,0.0,0.0,0,11,2,366,15,11,0,0.0,1.0
12,answer_conditioned,DT_target,signed_sum,sentences,2,2,1903,0.0,0.0,0.0,0.0,0.0,0,2,2,77,0,2,0,0.0,1.0
12,answer_conditioned,DT_target,signed_sum,sentences,4,4,1903,0.0,0.0,0.0,0.0,0.0,0,4,2,122,0,4,0,0.0,1.0
12,answer_conditioned,DT_target,signed_sum,sentences,8,8,1903,0.0,0.0,0.0,0.0,0.0,0,8,2,295,0,8,0,0.0,1.0
12,answer_conditioned,DT_target,positive_mean_eligible,all_body_tokens,0.05,96,1903,0.3333333333333333,0.5,0.4,0.0,0.0,1,3,2,92,4,3,0,0.5970149253731343,1.0
12,answer_conditioned,DT_target,positive_mean_eligible,all_body_tokens,0.1,191,1903,0.2857142857142857,1.0,0.4444444444444445,0.0,1.0,2,7,2,187,4,7,0,1.0,1.0
12,answer_conditioned,DT_target,positive_mean_eligible,all_body_tokens,0.2,381,1903,0.15384615384615385,1.0,0.2666666666666667,0.0,1.0,2,13,2,361,20,13,0,1.0,1.0
12,answer_conditioned,DT_target,positive_mean_eligible,sentences,2,2,1903,0.5,0.5,0.5,0.0,0.0,1,2,2,79,0,2,0,0.5970149253731343,1.0
12,answer_conditioned,DT_target,positive_mean_eligible,sentences,4,4,1903,0.5,1.0,0.6666666666666666,0.0,1.0,2,4,2,119,0,4,0,1.0,1.0
12,answer_conditioned,DT_target,positive_mean_eligible,sentences,8,8,1903,0.25,1.0,0.4,0.0,1.0,2,8,2,219,0,8,0,1.0,1.0
12,answer_conditioned,FT_K1,signed_sum,all_body_tokens,0.05,96,1903,1.0,0.5,0.6666666666666666,0.0,0.0,1,1,2,40,56,1,0,0.5970149253731343,1.0
12,answer_conditioned,FT_K1,signed_sum,all_body_tokens,0.1,191,1903,0.5,1.0,0.6666666666666666,0.0,1.0,2,4,2,184,7,4,0,1.0,1.0
12,answer_conditioned,FT_K1,signed_sum,all_body_tokens,0.2,381,1903,0.25,1.0,0.4,0.0,1.0,2,8,2,376,5,8,0,1.0,1.0
12,answer_conditioned,FT_K1,signed_sum,sentences,2,2,1903,0.5,0.5,0.5,0.0,0.0,1,2,2,118,0,2,0,0.5970149253731343,1.0
12,answer_conditioned,FT_K1,signed_sum,sentences,4,4,1903,0.5,1.0,0.6666666666666666,0.0,1.0,2,4,2,184,0,4,0,1.0,1.0
12,answer_conditioned,FT_K1,signed_sum,sentences,8,8,1903,0.25,1.0,0.4,0.0,1.0,2,8,2,376,0,8,0,1.0,1.0
12,answer_conditioned,FT_K1,positive_mean_eligible,all_body_tokens,0.05,96,1903,0.6666666666666666,1.0,0.8,0.0,1.0,2,3,2,80,16,3,0,1.0,1.0
12,answer_conditioned,FT_K1,positive_mean_eligible,all_body_tokens,0.1,191,1903,0.3333333333333333,1.0,0.5,0.0,1.0,2,6,2,166,25,6,0,1.0,1.0
12,answer_conditioned,FT_K1,positive_mean_eligible,all_body_tokens,0.2,381,1903,0.16666666666666666,1.0,0.2857142857142857,0.0,1.0,2,12,2,375,6,12,0,1.0,1.0
12,answer_conditioned,FT_K1,positive_mean_eligible,sentences,2,2,1903,1.0,1.0,1.0,1.0,1.0,2,2,2,67,0,2,0,1.0,1.0
12,answer_conditioned,FT_K1,positive_mean_eligible,sentences,4,4,1903,0.5,1.0,0.6666666666666666,0.0,1.0,2,4,2,119,0,4,0,1.0,1.0
12,answer_conditioned,FT_K1,positive_mean_eligible,sentences,8,8,1903,0.25,1.0,0.4,0.0,1.0,2,8,2,294,0,8,0,1.0,1.0
12,answer_conditioned,FT_K3,signed_sum,all_body_tokens,0.05,96,1903,1.0,0.5,0.6666666666666666,0.0,0.0,1,1,2,40,56,1,0,0.5970149253731343,1.0
12,answer_conditioned,FT_K3,signed_sum,all_body_tokens,0.1,191,1903,0.5,1.0,0.6666666666666666,0.0,1.0,2,4,2,184,7,4,0,1.0,1.0
12,answer_conditioned,FT_K3,signed_sum,all_body_tokens,0.2,381,1903,0.25,1.0,0.4,0.0,1.0,2,8,2,376,5,8,0,1.0,1.0
12,answer_conditioned,FT_K3,signed_sum,sentences,2,2,1903,0.5,0.5,0.5,0.0,0.0,1,2,2,118,0,2,0,0.5970149253731343,1.0
12,answer_conditioned,FT_K3,signed_sum,sentences,4,4,1903,0.5,1.0,0.6666666666666666,0.0,1.0,2,4,2,184,0,4,0,1.0,1.0
12,answer_conditioned,FT_K3,signed_sum,sentences,8,8,1903,0.25,1.0,0.4,0.0,1.0,2,8,2,376,0,8,0,1.0,1.0
12,answer_conditioned,FT_K3,positive_mean_eligible,all_body_tokens,0.05,96,1903,0.6666666666666666,1.0,0.8,0.0,1.0,2,3,2,80,16,3,0,1.0,1.0
12,answer_conditioned,FT_K3,positive_mean_eligible,all_body_tokens,0.1,191,1903,0.3333333333333333,1.0,0.5,0.0,1.0,2,6,2,166,25,6,0,1.0,1.0
12,answer_conditioned,FT_K3,positive_mean_eligible,all_body_tokens,0.2,381,1903,0.18181818181818182,1.0,0.3076923076923077,0.0,1.0,2,11,2,356,25,11,0,1.0,1.0
12,answer_conditioned,FT_K3,positive_mean_eligible,sentences,2,2,1903,1.0,1.0,1.0,1.0,1.0,2,2,2,67,0,2,0,1.0,1.0
12,answer_conditioned,FT_K3,positive_mean_eligible,sentences,4,4,1903,0.5,1.0,0.6666666666666666,0.0,1.0,2,4,2,119,0,4,0,1.0,1.0
12,answer_conditioned,FT_K3,positive_mean_eligible,sentences,8,8,1903,0.25,1.0,0.4,0.0,1.0,2,8,2,249,0,8,0,1.0,1.0
13,answer_conditioned,DT_target,signed_sum,all_body_tokens,0.05,87,1733,0.0,0.0,0.0,0.0,0.0,0,2,2,66,21,2,0,0.0,0.5
13,answer_conditioned,DT_target,signed_sum,all_body_tokens,0.1,174,1733,0.0,0.0,0.0,0.0,0.0,0,7,2,172,2,7,0,0.0,1.0
13,answer_conditioned,DT_target,signed_sum,all_body_tokens,0.2,347,1733,0.0,0.0,0.0,0.0,0.0,0,12,2,299,48,12,0,0.0,1.0
13,answer_conditioned,DT_target,signed_sum,sentences,2,2,1733,0.0,0.0,0.0,0.0,0.0,0,2,2,66,0,2,0,0.0,1.0
13,answer_conditioned,DT_target,signed_sum,sentences,4,4,1733,0.0,0.0,0.0,0.0,0.0,0,4,2,137,0,4,0,0.0,1.0
13,answer_conditioned,DT_target,signed_sum,sentences,8,8,1733,0.0,0.0,0.0,0.0,0.0,0,8,2,206,0,8,0,0.0,1.0
13,answer_conditioned,DT_target,positive_mean_eligible,all_body_tokens,0.05,87,1733,0.3333333333333333,0.5,0.4,0.0,0.0,1,3,2,79,8,3,0,0.32978723404255317,0.5
13,answer_conditioned,DT_target,positive_mean_eligible,all_body_tokens,0.1,174,1733,0.25,0.5,0.3333333333333333,0.0,0.0,1,4,2,111,63,4,0,0.32978723404255317,1.0
13,answer_conditioned,DT_target,positive_mean_eligible,all_body_tokens,0.2,347,1733,0.1111111111111111,0.5,0.1818181818181818,0.0,0.0,1,9,2,317,30,9,0,0.32978723404255317,1.0
13,answer_conditioned,DT_target,positive_mean_eligible,sentences,2,2,1733,0.5,0.5,0.5,0.0,0.0,1,2,2,45,0,2,0,0.32978723404255317,1.0
13,answer_conditioned,DT_target,positive_mean_eligible,sentences,4,4,1733,0.25,0.5,0.3333333333333333,0.0,0.0,1,4,2,111,0,4,0,0.32978723404255317,1.0
13,answer_conditioned,DT_target,positive_mean_eligible,sentences,8,8,1733,0.125,0.5,0.2,0.0,0.0,1,8,2,281,0,8,0,0.32978723404255317,1.0
13,answer_conditioned,FT_K1,signed_sum,all_body_tokens,0.05,87,1733,0.5,0.5,0.5,0.0,0.0,1,2,2,87,0,2,0,0.32978723404255317,0.5
13,answer_conditioned,FT_K1,signed_sum,all_body_tokens,0.1,174,1733,0.3333333333333333,0.5,0.4,0.0,0.0,1,3,2,166,8,3,0,0.32978723404255317,1.0
13,answer_conditioned,FT_K1,signed_sum,all_body_tokens,0.2,347,1733,0.2,0.5,0.28571428571428575,0.0,0.0,1,5,2,325,22,5,0,0.32978723404255317,1.0
13,answer_conditioned,FT_K1,signed_sum,sentences,2,2,1733,0.5,0.5,0.5,0.0,0.0,1,2,2,87,0,2,0,0.32978723404255317,1.0
13,answer_conditioned,FT_K1,signed_sum,sentences,4,4,1733,0.25,0.5,0.3333333333333333,0.0,0.0,1,4,2,245,0,4,0,0.32978723404255317,1.0
13,answer_conditioned,FT_K1,signed_sum,sentences,8,8,1733,0.125,0.5,0.2,0.0,0.0,1,8,2,498,0,8,0,0.32978723404255317,1.0
13,answer_conditioned,FT_K1,positive_mean_eligible,all_body_tokens,0.05,87,1733,0.5,0.5,0.5,0.0,0.0,1,2,2,87,0,2,0,0.32978723404255317,0.5
13,answer_conditioned,FT_K1,positive_mean_eligible,all_body_tokens,0.1,174,1733,0.2,0.5,0.28571428571428575,0.0,0.0,1,5,2,158,16,5,0,0.32978723404255317,1.0
13,answer_conditioned,FT_K1,positive_mean_eligible,all_body_tokens,0.2,347,1733,0.14285714285714285,0.5,0.22222222222222224,0.0,0.0,1,7,2,316,31,7,0,0.32978723404255317,1.0
13,answer_conditioned,FT_K1,positive_mean_eligible,sentences,2,2,1733,0.5,0.5,0.5,0.0,0.0,1,2,2,87,0,2,0,0.32978723404255317,1.0
13,answer_conditioned,FT_K1,positive_mean_eligible,sentences,4,4,1733,0.25,0.5,0.3333333333333333,0.0,0.0,1,4,2,144,0,4,0,0.32978723404255317,1.0
13,answer_conditioned,FT_K1,positive_mean_eligible,sentences,8,8,1733,0.125,0.5,0.2,0.0,0.0,1,8,2,348,0,8,0,0.32978723404255317,1.0
13,answer_conditioned,FT_K3,signed_sum,all_body_tokens,0.05,87,1733,0.5,0.5,0.5,0.0,0.0,1,2,2,87,0,2,0,0.32978723404255317,0.5
13,answer_conditioned,FT_K3,signed_sum,all_body_tokens,0.1,174,1733,0.3333333333333333,0.5,0.4,0.0,0.0,1,3,2,166,8,3,0,0.32978723404255317,1.0
13,answer_conditioned,FT_K3,signed_sum,all_body_tokens,0.2,347,1733,0.2,0.5,0.28571428571428575,0.0,0.0,1,5,2,325,22,5,0,0.32978723404255317,1.0
13,answer_conditioned,FT_K3,signed_sum,sentences,2,2,1733,0.5,0.5,0.5,0.0,0.0,1,2,2,87,0,2,0,0.32978723404255317,1.0
13,answer_conditioned,FT_K3,signed_sum,sentences,4,4,1733,0.25,0.5,0.3333333333333333,0.0,0.0,1,4,2,245,0,4,0,0.32978723404255317,1.0
13,answer_conditioned,FT_K3,signed_sum,sentences,8,8,1733,0.25,1.0,0.4,0.0,1.0,2,8,2,482,0,8,0,1.0,1.0
13,answer_conditioned,FT_K3,positive_mean_eligible,all_body_tokens,0.05,87,1733,0.5,0.5,0.5,0.0,0.0,1,2,2,87,0,2,0,0.32978723404255317,0.5
13,answer_conditioned,FT_K3,positive_mean_eligible,all_body_tokens,0.1,174,1733,0.2,0.5,0.28571428571428575,0.0,0.0,1,5,2,158,16,5,0,0.32978723404255317,1.0
13,answer_conditioned,FT_K3,positive_mean_eligible,all_body_tokens,0.2,347,1733,0.125,0.5,0.2,0.0,0.0,1,8,2,340,7,8,0,0.32978723404255317,1.0
13,answer_conditioned,FT_K3,positive_mean_eligible,sentences,2,2,1733,0.5,0.5,0.5,0.0,0.0,1,2,2,87,0,2,0,0.32978723404255317,1.0
13,answer_conditioned,FT_K3,positive_mean_eligible,sentences,4,4,1733,0.25,0.5,0.3333333333333333,0.0,0.0,1,4,2,144,0,4,0,0.32978723404255317,1.0
13,answer_conditioned,FT_K3,positive_mean_eligible,sentences,8,8,1733,0.125,0.5,0.2,0.0,0.0,1,8,2,340,0,8,0,0.32978723404255317,1.0
14,answer_conditioned,DT_target,signed_sum,all_body_tokens,0.05,67,1331,1.0,0.5,0.6666666666666666,0.0,0.0,1,1,2,39,28,1,0,0.48148148148148145,0.5
14,answer_conditioned,DT_target,signed_sum,all_body_tokens,0.1,134,1331,0.3333333333333333,0.5,0.4,0.0,0.0,1,3,2,134,0,3,0,0.48148148148148145,1.0
14,answer_conditioned,DT_target,signed_sum,all_body_tokens,0.2,267,1331,0.2,0.5,0.28571428571428575,0.0,0.0,1,5,2,215,52,5,0,0.48148148148148145,1.0
14,answer_conditioned,DT_target,signed_sum,sentences,2,2,1331,0.5,0.5,0.5,0.0,0.0,1,2,2,82,0,2,0,0.48148148148148145,1.0
14,answer_conditioned,DT_target,signed_sum,sentences,4,4,1331,0.25,0.5,0.3333333333333333,0.0,0.0,1,4,2,172,0,4,0,0.48148148148148145,1.0
14,answer_conditioned,DT_target,signed_sum,sentences,8,8,1331,0.125,0.5,0.2,0.0,0.0,1,8,2,362,0,8,0,0.48148148148148145,1.0
14,answer_conditioned,DT_target,positive_mean_eligible,all_body_tokens,0.05,67,1331,1.0,0.5,0.6666666666666666,0.0,0.0,1,1,2,39,28,1,0,0.48148148148148145,0.5
14,answer_conditioned,DT_target,positive_mean_eligible,all_body_tokens,0.1,134,1331,0.3333333333333333,0.5,0.4,0.0,0.0,1,3,2,120,14,3,0,0.48148148148148145,1.0
14,answer_conditioned,DT_target,positive_mean_eligible,all_body_tokens,0.2,267,1331,0.14285714285714285,0.5,0.22222222222222224,0.0,0.0,1,7,2,267,0,7,0,0.48148148148148145,1.0
14,answer_conditioned,DT_target,positive_mean_eligible,sentences,2,2,1331,0.5,0.5,0.5,0.0,0.0,1,2,2,82,0,2,0,0.48148148148148145,1.0
14,answer_conditioned,DT_target,positive_mean_eligible,sentences,4,4,1331,0.25,0.5,0.3333333333333333,0.0,0.0,1,4,2,145,0,4,0,0.48148148148148145,1.0
14,answer_conditioned,DT_target,positive_mean_eligible,sentences,8,8,1331,0.125,0.5,0.2,0.0,0.0,1,8,2,297,0,8,0,0.48148148148148145,1.0
14,answer_conditioned,FT_K1,signed_sum,all_body_tokens,0.05,67,1331,1.0,0.5,0.6666666666666666,0.0,0.0,1,1,2,39,28,1,0,0.48148148148148145,0.5
14,answer_conditioned,FT_K1,signed_sum,all_body_tokens,0.1,134,1331,0.6666666666666666,1.0,0.8,0.0,1.0,2,3,2,124,10,3,0,1.0,1.0
14,answer_conditioned,FT_K1,signed_sum,all_body_tokens,0.2,267,1331,0.3333333333333333,1.0,0.5,0.0,1.0,2,6,2,239,28,6,0,1.0,1.0
14,answer_conditioned,FT_K1,signed_sum,sentences,2,2,1331,1.0,1.0,1.0,1.0,1.0,2,2,2,81,0,2,0,1.0,1.0
14,answer_conditioned,FT_K1,signed_sum,sentences,4,4,1331,0.5,1.0,0.6666666666666666,0.0,1.0,2,4,2,174,0,4,0,1.0,1.0
14,answer_conditioned,FT_K1,signed_sum,sentences,8,8,1331,0.25,1.0,0.4,0.0,1.0,2,8,2,347,0,8,0,1.0,1.0
14,answer_conditioned,FT_K1,positive_mean_eligible,all_body_tokens,0.05,67,1331,1.0,0.5,0.6666666666666666,0.0,0.0,1,1,2,39,28,1,0,0.48148148148148145,0.5
14,answer_conditioned,FT_K1,positive_mean_eligible,all_body_tokens,0.1,134,1331,0.3333333333333333,0.5,0.4,0.0,0.0,1,3,2,109,25,3,0,0.48148148148148145,1.0
14,answer_conditioned,FT_K1,positive_mean_eligible,all_body_tokens,0.2,267,1331,0.2857142857142857,1.0,0.4444444444444445,0.0,1.0,2,7,2,264,3,7,0,1.0,1.0
14,answer_conditioned,FT_K1,positive_mean_eligible,sentences,2,2,1331,0.5,0.5,0.5,0.0,0.0,1,2,2,82,0,2,0,0.48148148148148145,1.0
14,answer_conditioned,FT_K1,positive_mean_eligible,sentences,4,4,1331,0.5,1.0,0.6666666666666666,0.0,1.0,2,4,2,151,0,4,0,1.0,1.0
14,answer_conditioned,FT_K1,positive_mean_eligible,sentences,8,8,1331,0.25,1.0,0.4,0.0,1.0,2,8,2,298,0,8,0,1.0,1.0
14,answer_conditioned,FT_K3,signed_sum,all_body_tokens,0.05,67,1331,1.0,0.5,0.6666666666666666,0.0,0.0,1,1,2,39,28,1,0,0.48148148148148145,0.5
14,answer_conditioned,FT_K3,signed_sum,all_body_tokens,0.1,134,1331,0.6666666666666666,1.0,0.8,0.0,1.0,2,3,2,124,10,3,0,1.0,1.0
14,answer_conditioned,FT_K3,signed_sum,all_body_tokens,0.2,267,1331,0.3333333333333333,1.0,0.5,0.0,1.0,2,6,2,239,28,6,0,1.0,1.0
14,answer_conditioned,FT_K3,signed_sum,sentences,2,2,1331,1.0,1.0,1.0,1.0,1.0,2,2,2,81,0,2,0,1.0,1.0
14,answer_conditioned,FT_K3,signed_sum,sentences,4,4,1331,0.5,1.0,0.6666666666666666,0.0,1.0,2,4,2,174,0,4,0,1.0,1.0
14,answer_conditioned,FT_K3,signed_sum,sentences,8,8,1331,0.25,1.0,0.4,0.0,1.0,2,8,2,320,0,8,0,1.0,1.0
14,answer_conditioned,FT_K3,positive_mean_eligible,all_body_tokens,0.05,67,1331,0.5,0.5,0.5,0.0,0.0,1,2,2,66,1,2,0,0.48148148148148145,0.5
14,answer_conditioned,FT_K3,positive_mean_eligible,all_body_tokens,0.1,134,1331,0.3333333333333333,0.5,0.4,0.0,0.0,1,3,2,109,25,3,0,0.48148148148148145,1.0
14,answer_conditioned,FT_K3,positive_mean_eligible,all_body_tokens,0.2,267,1331,0.2857142857142857,1.0,0.4444444444444445,0.0,1.0,2,7,2,264,3,7,0,1.0,1.0
14,answer_conditioned,FT_K3,positive_mean_eligible,sentences,2,2,1331,0.5,0.5,0.5,0.0,0.0,1,2,2,66,0,2,0,0.48148148148148145,1.0
14,answer_conditioned,FT_K3,positive_mean_eligible,sentences,4,4,1331,0.5,1.0,0.6666666666666666,0.0,1.0,2,4,2,151,0,4,0,1.0,1.0
14,answer_conditioned,FT_K3,positive_mean_eligible,sentences,8,8,1331,0.25,1.0,0.4,0.0,1.0,2,8,2,298,0,8,0,1.0,1.0
15,answer_conditioned,DT_target,signed_sum,all_body_tokens,0.05,63,1244,0.5,0.25,0.3333333333333333,0.0,0.0,1,2,4,55,8,2,0,0.25,0.5
15,answer_conditioned,DT_target,signed_sum,all_body_tokens,0.1,125,1244,0.4,0.5,0.4444444444444445,0.0,0.0,2,5,4,125,0,5,0,0.3879310344827586,1.0
15,answer_conditioned,DT_target,signed_sum,all_body_tokens,0.2,249,1244,0.3,0.75,0.4285714285714285,0.0,0.0,3,10,4,248,1,10,0,0.5948275862068966,1.0
15,answer_conditioned,DT_target,signed_sum,sentences,2,2,1244,0.5,0.25,0.3333333333333333,0.0,0.0,1,2,4,55,0,2,0,0.25,0.5
15,answer_conditioned,DT_target,signed_sum,sentences,4,4,1244,0.5,0.5,0.5,0.0,0.0,2,4,4,90,0,4,0,0.3879310344827586,1.0
15,answer_conditioned,DT_target,signed_sum,sentences,8,8,1244,0.25,0.5,0.3333333333333333,0.0,0.0,2,8,4,203,0,8,0,0.3879310344827586,1.0
15,answer_conditioned,DT_target,positive_mean_eligible,all_body_tokens,0.05,63,1244,0.5,0.25,0.3333333333333333,0.0,0.0,1,2,4,55,8,2,0,0.25,0.5
15,answer_conditioned,DT_target,positive_mean_eligible,all_body_tokens,0.1,125,1244,0.4,0.5,0.4444444444444445,0.0,0.0,2,5,4,109,16,5,0,0.3879310344827586,1.0
15,answer_conditioned,DT_target,positive_mean_eligible,all_body_tokens,0.2,249,1244,0.2727272727272727,0.75,0.39999999999999997,0.0,0.0,3,11,4,247,2,11,0,0.5948275862068966,1.0
15,answer_conditioned,DT_target,positive_mean_eligible,sentences,2,2,1244,0.5,0.25,0.3333333333333333,0.0,0.0,1,2,4,55,0,2,0,0.25,0.5
15,answer_conditioned,DT_target,positive_mean_eligible,sentences,4,4,1244,0.5,0.5,0.5,0.0,0.0,2,4,4,90,0,4,0,0.3879310344827586,1.0
15,answer_conditioned,DT_target,positive_mean_eligible,sentences,8,8,1244,0.375,0.75,0.5,0.0,0.0,3,8,4,191,0,8,0,0.5948275862068966,1.0
15,answer_conditioned,FT_K1,signed_sum,all_body_tokens,0.05,63,1244,0.5,0.25,0.3333333333333333,0.0,0.0,1,2,4,55,8,2,0,0.25,0.5
15,answer_conditioned,FT_K1,signed_sum,all_body_tokens,0.1,125,1244,0.25,0.25,0.25,0.0,0.0,1,4,4,124,1,4,0,0.25,1.0
15,answer_conditioned,FT_K1,signed_sum,all_body_tokens,0.2,249,1244,0.125,0.25,0.16666666666666666,0.0,0.0,1,8,4,243,6,8,0,0.25,1.0
15,answer_conditioned,FT_K1,signed_sum,sentences,2,2,1244,0.5,0.25,0.3333333333333333,0.0,0.0,1,2,4,55,0,2,0,0.25,0.5
15,answer_conditioned,FT_K1,signed_sum,sentences,4,4,1244,0.25,0.25,0.25,0.0,0.0,1,4,4,124,0,4,0,0.25,1.0
15,answer_conditioned,FT_K1,signed_sum,sentences,8,8,1244,0.125,0.25,0.16666666666666666,0.0,0.0,1,8,4,243,0,8,0,0.25,1.0
15,answer_conditioned,FT_K1,positive_mean_eligible,all_body_tokens,0.05,63,1244,0.5,0.25,0.3333333333333333,0.0,0.0,1,2,4,55,8,2,0,0.25,0.5
15,answer_conditioned,FT_K1,positive_mean_eligible,all_body_tokens,0.1,125,1244,0.25,0.25,0.25,0.0,0.0,1,4,4,97,28,4,0,0.25,1.0
15,answer_conditioned,FT_K1,positive_mean_eligible,all_body_tokens,0.2,249,1244,0.2222222222222222,0.5,0.30769230769230765,0.0,0.0,2,9,4,225,24,9,0,0.3879310344827586,1.0
15,answer_conditioned,FT_K1,positive_mean_eligible,sentences,2,2,1244,0.5,0.25,0.3333333333333333,0.0,0.0,1,2,4,55,0,2,0,0.25,0.5
15,answer_conditioned,FT_K1,positive_mean_eligible,sentences,4,4,1244,0.25,0.25,0.25,0.0,0.0,1,4,4,97,0,4,0,0.25,1.0
15,answer_conditioned,FT_K1,positive_mean_eligible,sentences,8,8,1244,0.125,0.25,0.16666666666666666,0.0,0.0,1,8,4,209,0,8,0,0.25,1.0
15,answer_conditioned,FT_K3,signed_sum,all_body_tokens,0.05,63,1244,0.5,0.25,0.3333333333333333,0.0,0.0,1,2,4,55,8,2,0,0.25,0.5
15,answer_conditioned,FT_K3,signed_sum,all_body_tokens,0.1,125,1244,0.25,0.25,0.25,0.0,0.0,1,4,4,109,16,4,0,0.25,1.0
15,answer_conditioned,FT_K3,signed_sum,all_body_tokens,0.2,249,1244,0.125,0.25,0.16666666666666666,0.0,0.0,1,8,4,243,6,8,0,0.25,1.0
15,answer_conditioned,FT_K3,signed_sum,sentences,2,2,1244,0.5,0.25,0.3333333333333333,0.0,0.0,1,2,4,55,0,2,0,0.25,0.5
15,answer_conditioned,FT_K3,signed_sum,sentences,4,4,1244,0.25,0.25,0.25,0.0,0.0,1,4,4,109,0,4,0,0.25,1.0
15,answer_conditioned,FT_K3,signed_sum,sentences,8,8,1244,0.125,0.25,0.16666666666666666,0.0,0.0,1,8,4,243,0,8,0,0.25,1.0
15,answer_conditioned,FT_K3,positive_mean_eligible,all_body_tokens,0.05,63,1244,0.5,0.25,0.3333333333333333,0.0,0.0,1,2,4,55,8,2,0,0.25,0.5
15,answer_conditioned,FT_K3,positive_mean_eligible,all_body_tokens,0.1,125,1244,0.25,0.25,0.25,0.0,0.0,1,4,4,97,28,4,0,0.25,1.0
15,answer_conditioned,FT_K3,positive_mean_eligible,all_body_tokens,0.2,249,1244,0.2222222222222222,0.5,0.30769230769230765,0.0,0.0,2,9,4,225,24,9,0,0.3879310344827586,1.0
15,answer_conditioned,FT_K3,positive_mean_eligible,sentences,2,2,1244,0.5,0.25,0.3333333333333333,0.0,0.0,1,2,4,55,0,2,0,0.25,0.5
15,answer_conditioned,FT_K3,positive_mean_eligible,sentences,4,4,1244,0.25,0.25,0.25,0.0,0.0,1,4,4,97,0,4,0,0.25,1.0
15,answer_conditioned,FT_K3,positive_mean_eligible,sentences,8,8,1244,0.25,0.5,0.3333333333333333,0.0,0.0,2,8,4,200,0,8,0,0.3879310344827586,1.0
16,answer_conditioned,DT_target,signed_sum,all_body_tokens,0.05,49,972,1.0,0.5,0.6666666666666666,0.0,0.0,1,1,2,20,29,1,0,0.5263157894736842,1.0
16,answer_conditioned,DT_target,signed_sum,all_body_tokens,0.1,98,972,0.3333333333333333,0.5,0.4,0.0,0.0,1,3,2,88,10,3,0,0.5263157894736842,1.0
16,answer_conditioned,DT_target,signed_sum,all_body_tokens,0.2,195,972,0.2,0.5,0.28571428571428575,0.0,0.0,1,5,2,176,19,5,0,0.5263157894736842,1.0
16,answer_conditioned,DT_target,signed_sum,sentences,2,2,972,0.5,0.5,0.5,0.0,0.0,1,2,2,62,0,2,0,0.5263157894736842,1.0
16,answer_conditioned,DT_target,signed_sum,sentences,4,4,972,0.25,0.5,0.3333333333333333,0.0,0.0,1,4,2,149,0,4,0,0.5263157894736842,1.0
16,answer_conditioned,DT_target,signed_sum,sentences,8,8,972,0.125,0.5,0.2,0.0,0.0,1,8,2,259,0,8,0,0.5263157894736842,1.0
16,answer_conditioned,DT_target,positive_mean_eligible,all_body_tokens,0.05,49,972,1.0,0.5,0.6666666666666666,0.0,0.0,1,1,2,20,29,1,0,0.5263157894736842,1.0
16,answer_conditioned,DT_target,positive_mean_eligible,all_body_tokens,0.1,98,972,0.3333333333333333,0.5,0.4,0.0,0.0,1,3,2,88,10,3,0,0.5263157894736842,1.0
16,answer_conditioned,DT_target,positive_mean_eligible,all_body_tokens,0.2,195,972,0.14285714285714285,0.5,0.22222222222222224,0.0,0.0,1,7,2,180,15,7,0,0.5263157894736842,1.0
16,answer_conditioned,DT_target,positive_mean_eligible,sentences,2,2,972,0.5,0.5,0.5,0.0,0.0,1,2,2,62,0,2,0,0.5263157894736842,1.0
16,answer_conditioned,DT_target,positive_mean_eligible,sentences,4,4,972,0.25,0.5,0.3333333333333333,0.0,0.0,1,4,2,126,0,4,0,0.5263157894736842,1.0
16,answer_conditioned,DT_target,positive_mean_eligible,sentences,8,8,972,0.125,0.5,0.2,0.0,0.0,1,8,2,207,0,8,0,0.5263157894736842,1.0
16,answer_conditioned,FT_K1,signed_sum,all_body_tokens,0.05,49,972,1.0,0.5,0.6666666666666666,0.0,0.0,1,1,2,20,29,1,0,0.5263157894736842,1.0
16,answer_conditioned,FT_K1,signed_sum,all_body_tokens,0.1,98,972,0.3333333333333333,0.5,0.4,0.0,0.0,1,3,2,90,8,3,0,0.5263157894736842,1.0
16,answer_conditioned,FT_K1,signed_sum,all_body_tokens,0.2,195,972,0.14285714285714285,0.5,0.22222222222222224,0.0,0.0,1,7,2,194,1,7,0,0.5263157894736842,1.0
16,answer_conditioned,FT_K1,signed_sum,sentences,2,2,972,0.5,0.5,0.5,0.0,0.0,1,2,2,62,0,2,0,0.5263157894736842,1.0
16,answer_conditioned,FT_K1,signed_sum,sentences,4,4,972,0.25,0.5,0.3333333333333333,0.0,0.0,1,4,2,105,0,4,0,0.5263157894736842,1.0
16,answer_conditioned,FT_K1,signed_sum,sentences,8,8,972,0.125,0.5,0.2,0.0,0.0,1,8,2,255,0,8,0,0.5263157894736842,1.0
16,answer_conditioned,FT_K1,positive_mean_eligible,all_body_tokens,0.05,49,972,0.5,0.5,0.5,0.0,0.0,1,2,2,35,14,2,0,0.5263157894736842,1.0
16,answer_conditioned,FT_K1,positive_mean_eligible,all_body_tokens,0.1,98,972,0.3333333333333333,0.5,0.4,0.0,0.0,1,3,2,77,21,3,0,0.5263157894736842,1.0
16,answer_conditioned,FT_K1,positive_mean_eligible,all_body_tokens,0.2,195,972,0.25,1.0,0.4,0.0,1.0,2,8,2,186,9,8,0,1.0,1.0
16,answer_conditioned,FT_K1,positive_mean_eligible,sentences,2,2,972,0.5,0.5,0.5,0.0,0.0,1,2,2,35,0,2,0,0.5263157894736842,1.0
16,answer_conditioned,FT_K1,positive_mean_eligible,sentences,4,4,972,0.25,0.5,0.3333333333333333,0.0,0.0,1,4,2,105,0,4,0,0.5263157894736842,1.0
16,answer_conditioned,FT_K1,positive_mean_eligible,sentences,8,8,972,0.25,1.0,0.4,0.0,1.0,2,8,2,186,0,8,0,1.0,1.0
16,answer_conditioned,FT_K3,signed_sum,all_body_tokens,0.05,49,972,1.0,0.5,0.6666666666666666,0.0,0.0,1,1,2,20,29,1,0,0.5263157894736842,1.0
16,answer_conditioned,FT_K3,signed_sum,all_body_tokens,0.1,98,972,0.3333333333333333,0.5,0.4,0.0,0.0,1,3,2,90,8,3,0,0.5263157894736842,1.0
16,answer_conditioned,FT_K3,signed_sum,all_body_tokens,0.2,195,972,0.14285714285714285,0.5,0.22222222222222224,0.0,0.0,1,7,2,194,1,7,0,0.5263157894736842,1.0
16,answer_conditioned,FT_K3,signed_sum,sentences,2,2,972,0.5,0.5,0.5,0.0,0.0,1,2,2,62,0,2,0,0.5263157894736842,1.0
16,answer_conditioned,FT_K3,signed_sum,sentences,4,4,972,0.25,0.5,0.3333333333333333,0.0,0.0,1,4,2,105,0,4,0,0.5263157894736842,1.0
16,answer_conditioned,FT_K3,signed_sum,sentences,8,8,972,0.125,0.5,0.2,0.0,0.0,1,8,2,255,0,8,0,0.5263157894736842,1.0
16,answer_conditioned,FT_K3,positive_mean_eligible,all_body_tokens,0.05,49,972,0.5,0.5,0.5,0.0,0.0,1,2,2,35,14,2,0,0.5263157894736842,1.0
16,answer_conditioned,FT_K3,positive_mean_eligible,all_body_tokens,0.1,98,972,0.3333333333333333,0.5,0.4,0.0,0.0,1,3,2,77,21,3,0,0.5263157894736842,1.0
16,answer_conditioned,FT_K3,positive_mean_eligible,all_body_tokens,0.2,195,972,0.25,1.0,0.4,0.0,1.0,2,8,2,186,9,8,0,1.0,1.0
16,answer_conditioned,FT_K3,positive_mean_eligible,sentences,2,2,972,0.5,0.5,0.5,0.0,0.0,1,2,2,35,0,2,0,0.5263157894736842,1.0
16,answer_conditioned,FT_K3,positive_mean_eligible,sentences,4,4,972,0.25,0.5,0.3333333333333333,0.0,0.0,1,4,2,105,0,4,0,0.5263157894736842,1.0
16,answer_conditioned,FT_K3,positive_mean_eligible,sentences,8,8,972,0.25,1.0,0.4,0.0,1.0,2,8,2,186,0,8,0,1.0,1.0
17,answer_conditioned,DT_target,signed_sum,all_body_tokens,0.05,47,931,0.0,0.0,0.0,0.0,0.0,0,1,2,36,11,1,0,0.0,0.5
17,answer_conditioned,DT_target,signed_sum,all_body_tokens,0.1,94,931,0.5,0.5,0.5,0.0,0.0,1,2,2,72,22,2,0,0.4,1.0
17,answer_conditioned,DT_target,signed_sum,all_body_tokens,0.2,187,931,0.16666666666666666,0.5,0.25,0.0,0.0,1,6,2,185,2,6,0,0.4,1.0
17,answer_conditioned,DT_target,signed_sum,sentences,2,2,931,0.5,0.5,0.5,0.0,0.0,1,2,2,72,0,2,0,0.4,1.0
17,answer_conditioned,DT_target,signed_sum,sentences,4,4,931,0.25,0.5,0.3333333333333333,0.0,0.0,1,4,2,143,0,4,0,0.4,1.0
17,answer_conditioned,DT_target,signed_sum,sentences,8,8,931,0.125,0.5,0.2,0.0,0.0,1,8,2,253,0,8,0,0.4,1.0
17,answer_conditioned,DT_target,positive_mean_eligible,all_body_tokens,0.05,47,931,0.0,0.0,0.0,0.0,0.0,0,1,2,36,11,1,0,0.0,0.5
17,answer_conditioned,DT_target,positive_mean_eligible,all_body_tokens,0.1,94,931,0.0,0.0,0.0,0.0,0.0,0,2,2,66,28,2,0,0.0,1.0
17,answer_conditioned,DT_target,positive_mean_eligible,all_body_tokens,0.2,187,931,0.16666666666666666,0.5,0.25,0.0,0.0,1,6,2,158,29,6,0,0.4,1.0
17,answer_conditioned,DT_target,positive_mean_eligible,sentences,2,2,931,0.0,0.0,0.0,0.0,0.0,0,2,2,66,0,2,0,0.0,1.0
17,answer_conditioned,DT_target,positive_mean_eligible,sentences,4,4,931,0.25,0.5,0.3333333333333333,0.0,0.0,1,4,2,111,0,4,0,0.4,1.0
17,answer_conditioned,DT_target,positive_mean_eligible,sentences,8,8,931,0.25,1.0,0.4,0.0,1.0,2,8,2,242,0,8,0,1.0,1.0
17,answer_conditioned,FT_K1,signed_sum,all_body_tokens,0.05,47,931,0.0,0.0,0.0,0.0,0.0,0,0,2,0,47,0,1,0.0,0.5
17,answer_conditioned,FT_K1,signed_sum,all_body_tokens,0.1,94,931,0.0,0.0,0.0,0.0,0.0,0,1,2,62,32,1,0,0.0,1.0
17,answer_conditioned,FT_K1,signed_sum,all_body_tokens,0.2,187,931,0.3333333333333333,0.5,0.4,0.0,0.0,1,3,2,156,31,3,0,0.6,1.0
17,answer_conditioned,FT_K1,signed_sum,sentences,2,2,931,0.5,0.5,0.5,0.0,0.0,1,2,2,116,0,2,0,0.6,1.0
17,answer_conditioned,FT_K1,signed_sum,sentences,4,4,931,0.5,1.0,0.6666666666666666,0.0,1.0,2,4,2,192,0,4,0,1.0,1.0
17,answer_conditioned,FT_K1,signed_sum,sentences,8,8,931,0.25,1.0,0.4,0.0,1.0,2,8,2,336,0,8,0,1.0,1.0
17,answer_conditioned,FT_K1,positive_mean_eligible,all_body_tokens,0.05,47,931,0.0,0.0,0.0,0.0,0.0,0,1,2,30,17,1,0,0.0,0.5
17,answer_conditioned,FT_K1,positive_mean_eligible,all_body_tokens,0.1,94,931,0.3333333333333333,0.5,0.4,0.0,0.0,1,3,2,88,6,3,0,0.4,1.0
17,answer_conditioned,FT_K1,positive_mean_eligible,all_body_tokens,0.2,187,931,0.16666666666666666,0.5,0.25,0.0,0.0,1,6,2,162,25,6,0,0.4,1.0
17,answer_conditioned,FT_K1,positive_mean_eligible,sentences,2,2,931,0.0,0.0,0.0,0.0,0.0,0,2,2,52,0,2,0,0.0,1.0
17,answer_conditioned,FT_K1,positive_mean_eligible,sentences,4,4,931,0.25,0.5,0.3333333333333333,0.0,0.0,1,4,2,113,0,4,0,0.4,1.0
17,answer_conditioned,FT_K1,positive_mean_eligible,sentences,8,8,931,0.25,1.0,0.4,0.0,1.0,2,8,2,278,0,8,0,1.0,1.0
17,answer_conditioned,FT_K3,signed_sum,all_body_tokens,0.05,47,931,0.0,0.0,0.0,0.0,0.0,0,0,2,0,47,0,1,0.0,0.5
17,answer_conditioned,FT_K3,signed_sum,all_body_tokens,0.1,94,931,0.0,0.0,0.0,0.0,0.0,0,1,2,62,32,1,0,0.0,1.0
17,answer_conditioned,FT_K3,signed_sum,all_body_tokens,0.2,187,931,0.6666666666666666,1.0,0.8,0.0,1.0,2,3,2,152,35,3,0,1.0,1.0
17,answer_conditioned,FT_K3,signed_sum,sentences,2,2,931,0.5,0.5,0.5,0.0,0.0,1,2,2,116,0,2,0,0.6,1.0
17,answer_conditioned,FT_K3,signed_sum,sentences,4,4,931,0.5,1.0,0.6666666666666666,0.0,1.0,2,4,2,192,0,4,0,1.0,1.0
17,answer_conditioned,FT_K3,signed_sum,sentences,8,8,931,0.25,1.0,0.4,0.0,1.0,2,8,2,336,0,8,0,1.0,1.0
17,answer_conditioned,FT_K3,positive_mean_eligible,all_body_tokens,0.05,47,931,0.0,0.0,0.0,0.0,0.0,0,1,2,30,17,1,0,0.0,0.5
17,answer_conditioned,FT_K3,positive_mean_eligible,all_body_tokens,0.1,94,931,0.3333333333333333,0.5,0.4,0.0,0.0,1,3,2,88,6,3,0,0.4,1.0
17,answer_conditioned,FT_K3,positive_mean_eligible,all_body_tokens,0.2,187,931,0.16666666666666666,0.5,0.25,0.0,0.0,1,6,2,162,25,6,0,0.4,1.0
17,answer_conditioned,FT_K3,positive_mean_eligible,sentences,2,2,931,0.0,0.0,0.0,0.0,0.0,0,2,2,52,0,2,0,0.0,1.0
17,answer_conditioned,FT_K3,positive_mean_eligible,sentences,4,4,931,0.25,0.5,0.3333333333333333,0.0,0.0,1,4,2,113,0,4,0,0.4,1.0
17,answer_conditioned,FT_K3,positive_mean_eligible,sentences,8,8,931,0.25,1.0,0.4,0.0,1.0,2,8,2,278,0,8,0,1.0,1.0
18,answer_conditioned,DT_target,signed_sum,all_body_tokens,0.05,68,1341,0.0,0.0,0.0,0.0,0.0,0,1,2,48,20,1,0,0.0,0.5
18,answer_conditioned,DT_target,signed_sum,all_body_tokens,0.1,135,1341,0.0,0.0,0.0,0.0,0.0,0,2,2,107,28,2,0,0.0,1.0
18,answer_conditioned,DT_target,signed_sum,all_body_tokens,0.2,269,1341,0.16666666666666666,0.5,0.25,0.0,0.0,1,6,2,251,18,6,0,0.38235294117647056,1.0
18,answer_conditioned,DT_target,signed_sum,sentences,2,2,1341,0.0,0.0,0.0,0.0,0.0,0,2,2,107,0,2,0,0.0,1.0
18,answer_conditioned,DT_target,signed_sum,sentences,4,4,1341,0.25,0.5,0.3333333333333333,0.0,0.0,1,4,2,190,0,4,0,0.38235294117647056,1.0
18,answer_conditioned,DT_target,signed_sum,sentences,8,8,1341,0.125,0.5,0.2,0.0,0.0,1,8,2,307,0,8,0,0.38235294117647056,1.0
18,answer_conditioned,DT_target,positive_mean_eligible,all_body_tokens,0.05,68,1341,1.0,0.5,0.6666666666666666,0.0,0.0,1,1,2,39,29,1,0,0.38235294117647056,0.5
18,answer_conditioned,DT_target,positive_mean_eligible,all_body_tokens,0.1,135,1341,0.3333333333333333,0.5,0.4,0.0,0.0,1,3,2,113,22,3,0,0.38235294117647056,1.0
18,answer_conditioned,DT_target,positive_mean_eligible,all_body_tokens,0.2,269,1341,0.14285714285714285,0.5,0.22222222222222224,0.0,0.0,1,7,2,264,5,7,0,0.38235294117647056,1.0
18,answer_conditioned,DT_target,positive_mean_eligible,sentences,2,2,1341,0.5,0.5,0.5,0.0,0.0,1,2,2,87,0,2,0,0.38235294117647056,1.0
18,answer_conditioned,DT_target,positive_mean_eligible,sentences,4,4,1341,0.25,0.5,0.3333333333333333,0.0,0.0,1,4,2,172,0,4,0,0.38235294117647056,1.0
18,answer_conditioned,DT_target,positive_mean_eligible,sentences,8,8,1341,0.125,0.5,0.2,0.0,0.0,1,8,2,291,0,8,0,0.38235294117647056,1.0
18,answer_conditioned,FT_K1,signed_sum,all_body_tokens,0.05,68,1341,1.0,0.5,0.6666666666666666,0.0,0.0,1,1,2,39,29,1,0,0.38235294117647056,0.5
18,answer_conditioned,FT_K1,signed_sum,all_body_tokens,0.1,135,1341,0.5,0.5,0.5,0.0,0.0,1,2,2,98,37,2,0,0.38235294117647056,1.0
18,answer_conditioned,FT_K1,signed_sum,all_body_tokens,0.2,269,1341,0.2,0.5,0.28571428571428575,0.0,0.0,1,5,2,246,23,5,0,0.38235294117647056,1.0
18,answer_conditioned,FT_K1,signed_sum,sentences,2,2,1341,0.5,0.5,0.5,0.0,0.0,1,2,2,98,0,2,0,0.38235294117647056,1.0
18,answer_conditioned,FT_K1,signed_sum,sentences,4,4,1341,0.25,0.5,0.3333333333333333,0.0,0.0,1,4,2,220,0,4,0,0.38235294117647056,1.0
18,answer_conditioned,FT_K1,signed_sum,sentences,8,8,1341,0.125,0.5,0.2,0.0,0.0,1,8,2,348,0,8,0,0.38235294117647056,1.0
18,answer_conditioned,FT_K1,positive_mean_eligible,all_body_tokens,0.05,68,1341,0.5,0.5,0.5,0.0,0.0,1,2,2,65,3,2,0,0.38235294117647056,0.5
18,answer_conditioned,FT_K1,positive_mean_eligible,all_body_tokens,0.1,135,1341,0.25,0.5,0.3333333333333333,0.0,0.0,1,4,2,135,0,4,0,0.38235294117647056,1.0
18,answer_conditioned,FT_K1,positive_mean_eligible,all_body_tokens,0.2,269,1341,0.14285714285714285,0.5,0.22222222222222224,0.0,0.0,1,7,2,251,18,7,0,0.38235294117647056,1.0
18,answer_conditioned,FT_K1,positive_mean_eligible,sentences,2,2,1341,0.5,0.5,0.5,0.0,0.0,1,2,2,65,0,2,0,0.38235294117647056,1.0
18,answer_conditioned,FT_K1,positive_mean_eligible,sentences,4,4,1341,0.25,0.5,0.3333333333333333,0.0,0.0,1,4,2,135,0,4,0,0.38235294117647056,1.0
18,answer_conditioned,FT_K1,positive_mean_eligible,sentences,8,8,1341,0.125,0.5,0.2,0.0,0.0,1,8,2,278,0,8,0,0.38235294117647056,1.0
18,answer_conditioned,FT_K3,signed_sum,all_body_tokens,0.05,68,1341,1.0,0.5,0.6666666666666666,0.0,0.0,1,1,2,39,29,1,0,0.38235294117647056,0.5
18,answer_conditioned,FT_K3,signed_sum,all_body_tokens,0.1,135,1341,0.5,0.5,0.5,0.0,0.0,1,2,2,98,37,2,0,0.38235294117647056,1.0
18,answer_conditioned,FT_K3,signed_sum,all_body_tokens,0.2,269,1341,0.2,0.5,0.28571428571428575,0.0,0.0,1,5,2,245,24,5,0,0.38235294117647056,1.0
18,answer_conditioned,FT_K3,signed_sum,sentences,2,2,1341,0.5,0.5,0.5,0.0,0.0,1,2,2,98,0,2,0,0.38235294117647056,1.0
18,answer_conditioned,FT_K3,signed_sum,sentences,4,4,1341,0.25,0.5,0.3333333333333333,0.0,0.0,1,4,2,220,0,4,0,0.38235294117647056,1.0
18,answer_conditioned,FT_K3,signed_sum,sentences,8,8,1341,0.125,0.5,0.2,0.0,0.0,1,8,2,348,0,8,0,0.38235294117647056,1.0
18,answer_conditioned,FT_K3,positive_mean_eligible,all_body_tokens,0.05,68,1341,0.5,0.5,0.5,0.0,0.0,1,2,2,65,3,2,0,0.38235294117647056,0.5
18,answer_conditioned,FT_K3,positive_mean_eligible,all_body_tokens,0.1,135,1341,0.25,0.5,0.3333333333333333,0.0,0.0,1,4,2,135,0,4,0,0.38235294117647056,1.0
18,answer_conditioned,FT_K3,positive_mean_eligible,all_body_tokens,0.2,269,1341,0.125,0.5,0.2,0.0,0.0,1,8,2,265,4,8,0,0.38235294117647056,1.0
18,answer_conditioned,FT_K3,positive_mean_eligible,sentences,2,2,1341,0.5,0.5,0.5,0.0,0.0,1,2,2,65,0,2,0,0.38235294117647056,1.0
18,answer_conditioned,FT_K3,positive_mean_eligible,sentences,4,4,1341,0.25,0.5,0.3333333333333333,0.0,0.0,1,4,2,135,0,4,0,0.38235294117647056,1.0
18,answer_conditioned,FT_K3,positive_mean_eligible,sentences,8,8,1341,0.125,0.5,0.2,0.0,0.0,1,8,2,265,0,8,0,0.38235294117647056,1.0
19,answer_conditioned,DT_target,signed_sum,all_body_tokens,0.05,47,939,0.0,0.0,0.0,0.0,0.0,0,1,2,45,2,1,0,0.0,0.5
19,answer_conditioned,DT_target,signed_sum,all_body_tokens,0.1,94,939,0.5,0.5,0.5,0.0,0.0,1,2,2,90,4,2,0,0.5421686746987951,1.0
19,answer_conditioned,DT_target,signed_sum,all_body_tokens,0.2,188,939,0.3333333333333333,0.5,0.4,0.0,0.0,1,3,2,134,54,3,0,0.5421686746987951,1.0
19,answer_conditioned,DT_target,signed_sum,sentences,2,2,939,0.5,0.5,0.5,0.0,0.0,1,2,2,90,0,2,0,0.5421686746987951,1.0
19,answer_conditioned,DT_target,signed_sum,sentences,4,4,939,0.25,0.5,0.3333333333333333,0.0,0.0,1,4,2,213,0,4,0,0.5421686746987951,1.0
19,answer_conditioned,DT_target,signed_sum,sentences,8,8,939,0.125,0.5,0.2,0.0,0.0,1,8,2,300,0,8,0,0.5421686746987951,1.0
19,answer_conditioned,DT_target,positive_mean_eligible,all_body_tokens,0.05,47,939,1.0,0.5,0.6666666666666666,0.0,0.0,1,1,2,45,2,1,0,0.5421686746987951,0.5
19,answer_conditioned,DT_target,positive_mean_eligible,all_body_tokens,0.1,94,939,0.5,0.5,0.5,0.0,0.0,1,2,2,90,4,2,0,0.5421686746987951,1.0
19,answer_conditioned,DT_target,positive_mean_eligible,all_body_tokens,0.2,188,939,0.4,1.0,0.5714285714285715,0.0,1.0,2,5,2,184,4,5,0,1.0,1.0
19,answer_conditioned,DT_target,positive_mean_eligible,sentences,2,2,939,0.5,0.5,0.5,0.0,0.0,1,2,2,90,0,2,0,0.5421686746987951,1.0
19,answer_conditioned,DT_target,positive_mean_eligible,sentences,4,4,939,0.5,1.0,0.6666666666666666,0.0,1.0,2,4,2,172,0,4,0,1.0,1.0
19,answer_conditioned,DT_target,positive_mean_eligible,sentences,8,8,939,0.25,1.0,0.4,0.0,1.0,2,8,2,287,0,8,0,1.0,1.0
19,answer_conditioned,FT_K1,signed_sum,all_body_tokens,0.05,47,939,1.0,0.5,0.6666666666666666,0.0,0.0,1,1,2,45,2,1,0,0.5421686746987951,0.5
19,answer_conditioned,FT_K1,signed_sum,all_body_tokens,0.1,94,939,0.5,0.5,0.5,0.0,0.0,1,2,2,89,5,2,0,0.5421686746987951,1.0
19,answer_conditioned,FT_K1,signed_sum,all_body_tokens,0.2,188,939,0.3333333333333333,0.5,0.4,0.0,0.0,1,3,2,168,20,3,0,0.5421686746987951,1.0
19,answer_conditioned,FT_K1,signed_sum,sentences,2,2,939,0.5,0.5,0.5,0.0,0.0,1,2,2,89,0,2,0,0.5421686746987951,1.0
19,answer_conditioned,FT_K1,signed_sum,sentences,4,4,939,0.5,1.0,0.6666666666666666,0.0,1.0,2,4,2,206,0,4,0,1.0,1.0
19,answer_conditioned,FT_K1,signed_sum,sentences,8,8,939,0.25,1.0,0.4,0.0,1.0,2,8,2,455,0,8,0,1.0,1.0
19,answer_conditioned,FT_K1,positive_mean_eligible,all_body_tokens,0.05,47,939,1.0,0.5,0.6666666666666666,0.0,0.0,1,1,2,45,2,1,0,0.5421686746987951,0.5
19,answer_conditioned,FT_K1,positive_mean_eligible,all_body_tokens,0.1,94,939,0.5,0.5,0.5,0.0,0.0,1,2,2,89,5,2,0,0.5421686746987951,1.0
19,answer_conditioned,FT_K1,positive_mean_eligible,all_body_tokens,0.2,188,939,0.4,1.0,0.5714285714285715,0.0,1.0,2,5,2,187,1,5,0,1.0,1.0
19,answer_conditioned,FT_K1,positive_mean_eligible,sentences,2,2,939,0.5,0.5,0.5,0.0,0.0,1,2,2,89,0,2,0,0.5421686746987951,1.0
19,answer_conditioned,FT_K1,positive_mean_eligible,sentences,4,4,939,0.5,1.0,0.6666666666666666,0.0,1.0,2,4,2,142,0,4,0,1.0,1.0
19,answer_conditioned,FT_K1,positive_mean_eligible,sentences,8,8,939,0.25,1.0,0.4,0.0,1.0,2,8,2,311,0,8,0,1.0,1.0
19,answer_conditioned,FT_K3,signed_sum,all_body_tokens,0.05,47,939,1.0,0.5,0.6666666666666666,0.0,0.0,1,1,2,45,2,1,0,0.5421686746987951,0.5
19,answer_conditioned,FT_K3,signed_sum,all_body_tokens,0.1,94,939,0.5,0.5,0.5,0.0,0.0,1,2,2,89,5,2,0,0.5421686746987951,1.0
19,answer_conditioned,FT_K3,signed_sum,all_body_tokens,0.2,188,939,0.3333333333333333,0.5,0.4,0.0,0.0,1,3,2,168,20,3,0,0.5421686746987951,1.0
19,answer_conditioned,FT_K3,signed_sum,sentences,2,2,939,0.5,0.5,0.5,0.0,0.0,1,2,2,89,0,2,0,0.5421686746987951,1.0
19,answer_conditioned,FT_K3,signed_sum,sentences,4,4,939,0.5,1.0,0.6666666666666666,0.0,1.0,2,4,2,206,0,4,0,1.0,1.0
19,answer_conditioned,FT_K3,signed_sum,sentences,8,8,939,0.25,1.0,0.4,0.0,1.0,2,8,2,455,0,8,0,1.0,1.0
19,answer_conditioned,FT_K3,positive_mean_eligible,all_body_tokens,0.05,47,939,1.0,0.5,0.6666666666666666,0.0,0.0,1,1,2,45,2,1,0,0.5421686746987951,0.5
19,answer_conditioned,FT_K3,positive_mean_eligible,all_body_tokens,0.1,94,939,0.5,0.5,0.5,0.0,0.0,1,2,2,89,5,2,0,0.5421686746987951,1.0
19,answer_conditioned,FT_K3,positive_mean_eligible,all_body_tokens,0.2,188,939,0.4,1.0,0.5714285714285715,0.0,1.0,2,5,2,187,1,5,0,1.0,1.0
19,answer_conditioned,FT_K3,positive_mean_eligible,sentences,2,2,939,0.5,0.5,0.5,0.0,0.0,1,2,2,89,0,2,0,0.5421686746987951,1.0
19,answer_conditioned,FT_K3,positive_mean_eligible,sentences,4,4,939,0.5,1.0,0.6666666666666666,0.0,1.0,2,4,2,142,0,4,0,1.0,1.0
19,answer_conditioned,FT_K3,positive_mean_eligible,sentences,8,8,939,0.25,1.0,0.4,0.0,1.0,2,8,2,311,0,8,0,1.0,1.0
20,answer_conditioned,DT_target,signed_sum,all_body_tokens,0.05,58,1141,0.5,0.5,0.5,0.0,0.0,1,2,2,51,7,2,0,0.17647058823529413,1.0
20,answer_conditioned,DT_target,signed_sum,all_body_tokens,0.1,115,1141,0.3333333333333333,0.5,0.4,0.0,0.0,1,3,2,76,39,3,0,0.17647058823529413,1.0
20,answer_conditioned,DT_target,signed_sum,all_body_tokens,0.2,229,1141,0.2857142857142857,1.0,0.4444444444444445,0.0,1.0,2,7,2,217,12,7,0,1.0,1.0
20,answer_conditioned,DT_target,signed_sum,sentences,2,2,1141,0.5,0.5,0.5,0.0,0.0,1,2,2,51,0,2,0,0.17647058823529413,1.0
20,answer_conditioned,DT_target,signed_sum,sentences,4,4,1141,0.25,0.5,0.3333333333333333,0.0,0.0,1,4,2,118,0,4,0,0.17647058823529413,1.0
20,answer_conditioned,DT_target,signed_sum,sentences,8,8,1141,0.25,1.0,0.4,0.0,1.0,2,8,2,241,0,8,0,1.0,1.0
20,answer_conditioned,DT_target,positive_mean_eligible,all_body_tokens,0.05,58,1141,0.5,0.5,0.5,0.0,0.0,1,2,2,34,24,2,0,0.17647058823529413,1.0
20,answer_conditioned,DT_target,positive_mean_eligible,all_body_tokens,0.1,115,1141,0.3333333333333333,0.5,0.4,0.0,0.0,1,3,2,76,39,3,0,0.17647058823529413,1.0
20,answer_conditioned,DT_target,positive_mean_eligible,all_body_tokens,0.2,229,1141,0.2222222222222222,1.0,0.3636363636363636,0.0,1.0,2,9,2,226,3,9,0,1.0,1.0
20,answer_conditioned,DT_target,positive_mean_eligible,sentences,2,2,1141,0.5,0.5,0.5,0.0,0.0,1,2,2,34,0,2,0,0.17647058823529413,1.0
20,answer_conditioned,DT_target,positive_mean_eligible,sentences,4,4,1141,0.25,0.5,0.3333333333333333,0.0,0.0,1,4,2,118,0,4,0,0.17647058823529413,1.0
20,answer_conditioned,DT_target,positive_mean_eligible,sentences,8,8,1141,0.25,1.0,0.4,0.0,1.0,2,8,2,202,0,8,0,1.0,1.0
20,answer_conditioned,FT_K1,signed_sum,all_body_tokens,0.05,58,1141,0.5,0.5,0.5,0.0,0.0,1,2,2,37,21,2,0,0.17647058823529413,1.0
20,answer_conditioned,FT_K1,signed_sum,all_body_tokens,0.1,115,1141,0.3333333333333333,0.5,0.4,0.0,0.0,1,3,2,79,36,3,0,0.17647058823529413,1.0
20,answer_conditioned,FT_K1,signed_sum,all_body_tokens,0.2,229,1141,0.14285714285714285,0.5,0.22222222222222224,0.0,0.0,1,7,2,223,6,7,0,0.17647058823529413,1.0
20,answer_conditioned,FT_K1,signed_sum,sentences,2,2,1141,0.5,0.5,0.5,0.0,0.0,1,2,2,37,0,2,0,0.17647058823529413,1.0
20,answer_conditioned,FT_K1,signed_sum,sentences,4,4,1141,0.25,0.5,0.3333333333333333,0.0,0.0,1,4,2,122,0,4,0,0.17647058823529413,1.0
20,answer_conditioned,FT_K1,signed_sum,sentences,8,8,1141,0.125,0.5,0.2,0.0,0.0,1,8,2,270,0,8,0,0.17647058823529413,1.0
20,answer_conditioned,FT_K1,positive_mean_eligible,all_body_tokens,0.05,58,1141,0.5,0.5,0.5,0.0,0.0,1,2,2,37,21,2,0,0.17647058823529413,1.0
20,answer_conditioned,FT_K1,positive_mean_eligible,all_body_tokens,0.1,115,1141,0.25,0.5,0.3333333333333333,0.0,0.0,1,4,2,104,11,4,0,0.17647058823529413,1.0
20,answer_conditioned,FT_K1,positive_mean_eligible,all_body_tokens,0.2,229,1141,0.1111111111111111,0.5,0.1818181818181818,0.0,0.0,1,9,2,220,9,9,0,0.17647058823529413,1.0
20,answer_conditioned,FT_K1,positive_mean_eligible,sentences,2,2,1141,0.5,0.5,0.5,0.0,0.0,1,2,2,37,0,2,0,0.17647058823529413,1.0
20,answer_conditioned,FT_K1,positive_mean_eligible,sentences,4,4,1141,0.25,0.5,0.3333333333333333,0.0,0.0,1,4,2,104,0,4,0,0.17647058823529413,1.0
20,answer_conditioned,FT_K1,positive_mean_eligible,sentences,8,8,1141,0.125,0.5,0.2,0.0,0.0,1,8,2,206,0,8,0,0.17647058823529413,1.0
20,answer_conditioned,FT_K3,signed_sum,all_body_tokens,0.05,58,1141,0.5,0.5,0.5,0.0,0.0,1,2,2,37,21,2,0,0.17647058823529413,1.0
20,answer_conditioned,FT_K3,signed_sum,all_body_tokens,0.1,115,1141,0.3333333333333333,0.5,0.4,0.0,0.0,1,3,2,79,36,3,0,0.17647058823529413,1.0
20,answer_conditioned,FT_K3,signed_sum,all_body_tokens,0.2,229,1141,0.14285714285714285,0.5,0.22222222222222224,0.0,0.0,1,7,2,223,6,7,0,0.17647058823529413,1.0
20,answer_conditioned,FT_K3,signed_sum,sentences,2,2,1141,0.5,0.5,0.5,0.0,0.0,1,2,2,37,0,2,0,0.17647058823529413,1.0
20,answer_conditioned,FT_K3,signed_sum,sentences,4,4,1141,0.25,0.5,0.3333333333333333,0.0,0.0,1,4,2,122,0,4,0,0.17647058823529413,1.0
20,answer_conditioned,FT_K3,signed_sum,sentences,8,8,1141,0.125,0.5,0.2,0.0,0.0,1,8,2,265,0,8,0,0.17647058823529413,1.0
20,answer_conditioned,FT_K3,positive_mean_eligible,all_body_tokens,0.05,58,1141,0.5,0.5,0.5,0.0,0.0,1,2,2,37,21,2,0,0.17647058823529413,1.0
20,answer_conditioned,FT_K3,positive_mean_eligible,all_body_tokens,0.1,115,1141,0.25,0.5,0.3333333333333333,0.0,0.0,1,4,2,104,11,4,0,0.17647058823529413,1.0
20,answer_conditioned,FT_K3,positive_mean_eligible,all_body_tokens,0.2,229,1141,0.1111111111111111,0.5,0.1818181818181818,0.0,0.0,1,9,2,220,9,9,0,0.17647058823529413,1.0
20,answer_conditioned,FT_K3,positive_mean_eligible,sentences,2,2,1141,0.5,0.5,0.5,0.0,0.0,1,2,2,37,0,2,0,0.17647058823529413,1.0
20,answer_conditioned,FT_K3,positive_mean_eligible,sentences,4,4,1141,0.25,0.5,0.3333333333333333,0.0,0.0,1,4,2,104,0,4,0,0.17647058823529413,1.0
20,answer_conditioned,FT_K3,positive_mean_eligible,sentences,8,8,1141,0.125,0.5,0.2,0.0,0.0,1,8,2,206,0,8,0,0.17647058823529413,1.0
21,answer_conditioned,DT_target,signed_sum,all_body_tokens,0.05,73,1458,0.0,0.0,0.0,0.0,0.0,0,3,2,70,3,3,0,0.0,1.0
21,answer_conditioned,DT_target,signed_sum,all_body_tokens,0.1,146,1458,0.0,0.0,0.0,0.0,0.0,0,6,2,139,7,6,0,0.0,1.0
21,answer_conditioned,DT_target,signed_sum,all_body_tokens,0.2,292,1458,0.0,0.0,0.0,0.0,0.0,0,12,2,276,16,12,0,0.0,1.0
21,answer_conditioned,DT_target,signed_sum,sentences,2,2,1458,0.0,0.0,0.0,0.0,0.0,0,2,2,51,0,2,0,0.0,1.0
21,answer_conditioned,DT_target,signed_sum,sentences,4,4,1458,0.0,0.0,0.0,0.0,0.0,0,4,2,97,0,4,0,0.0,1.0
21,answer_conditioned,DT_target,signed_sum,sentences,8,8,1458,0.0,0.0,0.0,0.0,0.0,0,8,2,175,0,8,0,0.0,1.0
21,answer_conditioned,DT_target,positive_mean_eligible,all_body_tokens,0.05,73,1458,0.0,0.0,0.0,0.0,0.0,0,3,2,64,9,3,0,0.0,1.0
21,answer_conditioned,DT_target,positive_mean_eligible,all_body_tokens,0.1,146,1458,0.0,0.0,0.0,0.0,0.0,0,4,2,130,16,4,0,0.0,1.0
21,answer_conditioned,DT_target,positive_mean_eligible,all_body_tokens,0.2,292,1458,0.1,0.5,0.16666666666666669,0.0,0.0,1,10,2,278,14,10,0,0.6590909090909091,1.0
21,answer_conditioned,DT_target,positive_mean_eligible,sentences,2,2,1458,0.0,0.0,0.0,0.0,0.0,0,2,2,51,0,2,0,0.0,1.0
21,answer_conditioned,DT_target,positive_mean_eligible,sentences,4,4,1458,0.0,0.0,0.0,0.0,0.0,0,4,2,130,0,4,0,0.0,1.0
21,answer_conditioned,DT_target,positive_mean_eligible,sentences,8,8,1458,0.125,0.5,0.2,0.0,0.0,1,8,2,210,0,8,0,0.6590909090909091,1.0
21,answer_conditioned,FT_K1,signed_sum,all_body_tokens,0.05,73,1458,1.0,0.5,0.6666666666666666,0.0,0.0,1,1,2,29,44,1,0,0.6590909090909091,1.0
21,answer_conditioned,FT_K1,signed_sum,all_body_tokens,0.1,146,1458,1.0,0.5,0.6666666666666666,0.0,0.0,1,1,2,29,117,1,0,0.6590909090909091,1.0
21,answer_conditioned,FT_K1,signed_sum,all_body_tokens,0.2,292,1458,0.2,0.5,0.28571428571428575,0.0,0.0,1,5,2,290,2,5,0,0.6590909090909091,1.0
21,answer_conditioned,FT_K1,signed_sum,sentences,2,2,1458,0.5,0.5,0.5,0.0,0.0,1,2,2,150,0,2,0,0.6590909090909091,1.0
21,answer_conditioned,FT_K1,signed_sum,sentences,4,4,1458,0.25,0.5,0.3333333333333333,0.0,0.0,1,4,2,224,0,4,0,0.6590909090909091,1.0
21,answer_conditioned,FT_K1,signed_sum,sentences,8,8,1458,0.25,1.0,0.4,0.0,1.0,2,8,2,395,0,8,0,1.0,1.0
21,answer_conditioned,FT_K1,positive_mean_eligible,all_body_tokens,0.05,73,1458,0.6666666666666666,1.0,0.8,0.0,1.0,2,3,2,71,2,3,0,1.0,1.0
21,answer_conditioned,FT_K1,positive_mean_eligible,all_body_tokens,0.1,146,1458,0.2857142857142857,1.0,0.4444444444444445,0.0,1.0,2,7,2,146,0,7,0,1.0,1.0
21,answer_conditioned,FT_K1,positive_mean_eligible,all_body_tokens,0.2,292,1458,0.15384615384615385,1.0,0.2666666666666667,0.0,1.0,2,13,2,275,17,13,0,1.0,1.0
21,answer_conditioned,FT_K1,positive_mean_eligible,sentences,2,2,1458,1.0,1.0,1.0,1.0,1.0,2,2,2,44,0,2,0,1.0,1.0
21,answer_conditioned,FT_K1,positive_mean_eligible,sentences,4,4,1458,0.5,1.0,0.6666666666666666,0.0,1.0,2,4,2,87,0,4,0,1.0,1.0
21,answer_conditioned,FT_K1,positive_mean_eligible,sentences,8,8,1458,0.25,1.0,0.4,0.0,1.0,2,8,2,158,0,8,0,1.0,1.0
21,answer_conditioned,FT_K3,signed_sum,all_body_tokens,0.05,73,1458,1.0,0.5,0.6666666666666666,0.0,0.0,1,1,2,29,44,1,0,0.6590909090909091,1.0
21,answer_conditioned,FT_K3,signed_sum,all_body_tokens,0.1,146,1458,1.0,0.5,0.6666666666666666,0.0,0.0,1,1,2,29,117,1,0,0.6590909090909091,1.0
21,answer_conditioned,FT_K3,signed_sum,all_body_tokens,0.2,292,1458,0.2,0.5,0.28571428571428575,0.0,0.0,1,5,2,290,2,5,0,0.6590909090909091,1.0
21,answer_conditioned,FT_K3,signed_sum,sentences,2,2,1458,0.5,0.5,0.5,0.0,0.0,1,2,2,150,0,2,0,0.6590909090909091,1.0
21,answer_conditioned,FT_K3,signed_sum,sentences,4,4,1458,0.25,0.5,0.3333333333333333,0.0,0.0,1,4,2,263,0,4,0,0.6590909090909091,1.0
21,answer_conditioned,FT_K3,signed_sum,sentences,8,8,1458,0.25,1.0,0.4,0.0,1.0,2,8,2,395,0,8,0,1.0,1.0
21,answer_conditioned,FT_K3,positive_mean_eligible,all_body_tokens,0.05,73,1458,0.6666666666666666,1.0,0.8,0.0,1.0,2,3,2,71,2,3,0,1.0,1.0
21,answer_conditioned,FT_K3,positive_mean_eligible,all_body_tokens,0.1,146,1458,0.2857142857142857,1.0,0.4444444444444445,0.0,1.0,2,7,2,146,0,7,0,1.0,1.0
21,answer_conditioned,FT_K3,positive_mean_eligible,all_body_tokens,0.2,292,1458,0.14285714285714285,1.0,0.25,0.0,1.0,2,14,2,282,10,14,0,1.0,1.0
21,answer_conditioned,FT_K3,positive_mean_eligible,sentences,2,2,1458,1.0,1.0,1.0,1.0,1.0,2,2,2,44,0,2,0,1.0,1.0
21,answer_conditioned,FT_K3,positive_mean_eligible,sentences,4,4,1458,0.5,1.0,0.6666666666666666,0.0,1.0,2,4,2,87,0,4,0,1.0,1.0
21,answer_conditioned,FT_K3,positive_mean_eligible,sentences,8,8,1458,0.25,1.0,0.4,0.0,1.0,2,8,2,158,0,8,0,1.0,1.0
22,answer_conditioned,DT_target,signed_sum,all_body_tokens,0.05,160,3199,0.0,0.0,0.0,0.0,0.0,0,5,2,140,20,5,0,0.0,1.0
22,answer_conditioned,DT_target,signed_sum,all_body_tokens,0.1,320,3199,0.0,0.0,0.0,0.0,0.0,0,10,2,288,32,10,0,0.0,1.0
22,answer_conditioned,DT_target,signed_sum,all_body_tokens,0.2,640,3199,0.0,0.0,0.0,0.0,0.0,0,20,2,623,17,20,0,0.0,1.0
22,answer_conditioned,DT_target,signed_sum,sentences,2,2,3199,0.0,0.0,0.0,0.0,0.0,0,2,2,51,0,2,0,0.0,1.0
22,answer_conditioned,DT_target,signed_sum,sentences,4,4,3199,0.0,0.0,0.0,0.0,0.0,0,4,2,114,0,4,0,0.0,1.0
22,answer_conditioned,DT_target,signed_sum,sentences,8,8,3199,0.0,0.0,0.0,0.0,0.0,0,8,2,234,0,8,0,0.0,1.0
22,answer_conditioned,DT_target,positive_mean_eligible,all_body_tokens,0.05,160,3199,0.3333333333333333,1.0,0.5,0.0,1.0,2,6,2,153,7,6,0,1.0,1.0
22,answer_conditioned,DT_target,positive_mean_eligible,all_body_tokens,0.1,320,3199,0.18181818181818182,1.0,0.3076923076923077,0.0,1.0,2,11,2,305,15,11,0,1.0,1.0
22,answer_conditioned,DT_target,positive_mean_eligible,all_body_tokens,0.2,640,3199,0.08,1.0,0.14814814814814814,0.0,1.0,2,25,2,639,1,25,0,1.0,1.0
22,answer_conditioned,DT_target,positive_mean_eligible,sentences,2,2,3199,0.5,0.5,0.5,0.0,0.0,1,2,2,52,0,2,0,0.5,1.0
22,answer_conditioned,DT_target,positive_mean_eligible,sentences,4,4,3199,0.25,0.5,0.3333333333333333,0.0,0.0,1,4,2,96,0,4,0,0.5,1.0
22,answer_conditioned,DT_target,positive_mean_eligible,sentences,8,8,3199,0.25,1.0,0.4,0.0,1.0,2,8,2,216,0,8,0,1.0,1.0
22,answer_conditioned,FT_K1,signed_sum,all_body_tokens,0.05,160,3199,0.3333333333333333,0.5,0.4,0.0,0.0,1,3,2,130,30,3,0,0.5,1.0
22,answer_conditioned,FT_K1,signed_sum,all_body_tokens,0.1,320,3199,0.25,1.0,0.4,0.0,1.0,2,8,2,318,2,8,0,1.0,1.0
22,answer_conditioned,FT_K1,signed_sum,all_body_tokens,0.2,640,3199,0.125,1.0,0.2222222222222222,0.0,1.0,2,16,2,630,10,16,0,1.0,1.0
22,answer_conditioned,FT_K1,signed_sum,sentences,2,2,3199,0.5,0.5,0.5,0.0,0.0,1,2,2,54,0,2,0,0.5,1.0
22,answer_conditioned,FT_K1,signed_sum,sentences,4,4,3199,0.25,0.5,0.3333333333333333,0.0,0.0,1,4,2,171,0,4,0,0.5,1.0
22,answer_conditioned,FT_K1,signed_sum,sentences,8,8,3199,0.25,1.0,0.4,0.0,1.0,2,8,2,318,0,8,0,1.0,1.0
22,answer_conditioned,FT_K1,positive_mean_eligible,all_body_tokens,0.05,160,3199,0.3333333333333333,1.0,0.5,0.0,1.0,2,6,2,160,0,6,0,1.0,1.0
22,answer_conditioned,FT_K1,positive_mean_eligible,all_body_tokens,0.1,320,3199,0.2,1.0,0.33333333333333337,0.0,1.0,2,10,2,297,23,10,0,1.0,1.0
22,answer_conditioned,FT_K1,positive_mean_eligible,all_body_tokens,0.2,640,3199,0.10526315789473684,1.0,0.1904761904761905,0.0,1.0,2,19,2,628,12,19,0,1.0,1.0
22,answer_conditioned,FT_K1,positive_mean_eligible,sentences,2,2,3199,0.5,0.5,0.5,0.0,0.0,1,2,2,54,0,2,0,0.5,1.0
22,answer_conditioned,FT_K1,positive_mean_eligible,sentences,4,4,3199,0.5,1.0,0.6666666666666666,0.0,1.0,2,4,2,96,0,4,0,1.0,1.0
22,answer_conditioned,FT_K1,positive_mean_eligible,sentences,8,8,3199,0.25,1.0,0.4,0.0,1.0,2,8,2,255,0,8,0,1.0,1.0
22,answer_conditioned,FT_K3,signed_sum,all_body_tokens,0.05,160,3199,0.3333333333333333,0.5,0.4,0.0,0.0,1,3,2,130,30,3,0,0.5,1.0
22,answer_conditioned,FT_K3,signed_sum,all_body_tokens,0.1,320,3199,0.25,1.0,0.4,0.0,1.0,2,8,2,318,2,8,0,1.0,1.0
22,answer_conditioned,FT_K3,signed_sum,all_body_tokens,0.2,640,3199,0.125,1.0,0.2222222222222222,0.0,1.0,2,16,2,630,10,16,0,1.0,1.0
22,answer_conditioned,FT_K3,signed_sum,sentences,2,2,3199,0.5,0.5,0.5,0.0,0.0,1,2,2,54,0,2,0,0.5,1.0
22,answer_conditioned,FT_K3,signed_sum,sentences,4,4,3199,0.25,0.5,0.3333333333333333,0.0,0.0,1,4,2,182,0,4,0,0.5,1.0
22,answer_conditioned,FT_K3,signed_sum,sentences,8,8,3199,0.25,1.0,0.4,0.0,1.0,2,8,2,318,0,8,0,1.0,1.0
22,answer_conditioned,FT_K3,positive_mean_eligible,all_body_tokens,0.05,160,3199,0.3333333333333333,1.0,0.5,0.0,1.0,2,6,2,160,0,6,0,1.0,1.0
22,answer_conditioned,FT_K3,positive_mean_eligible,all_body_tokens,0.1,320,3199,0.2,1.0,0.33333333333333337,0.0,1.0,2,10,2,297,23,10,0,1.0,1.0
22,answer_conditioned,FT_K3,positive_mean_eligible,all_body_tokens,0.2,640,3199,0.10526315789473684,1.0,0.1904761904761905,0.0,1.0,2,19,2,628,12,19,0,1.0,1.0
22,answer_conditioned,FT_K3,positive_mean_eligible,sentences,2,2,3199,0.5,0.5,0.5,0.0,0.0,1,2,2,54,0,2,0,0.5,1.0
22,answer_conditioned,FT_K3,positive_mean_eligible,sentences,4,4,3199,0.5,1.0,0.6666666666666666,0.0,1.0,2,4,2,96,0,4,0,1.0,1.0
22,answer_conditioned,FT_K3,positive_mean_eligible,sentences,8,8,3199,0.25,1.0,0.4,0.0,1.0,2,8,2,255,0,8,0,1.0,1.0
23,answer_conditioned,DT_target,signed_sum,all_body_tokens,0.05,67,1338,1.0,0.3333333333333333,0.5,0.0,0.0,1,1,3,19,48,1,0,0.19387755102040816,0.6666666666666666
23,answer_conditioned,DT_target,signed_sum,all_body_tokens,0.1,134,1338,0.6666666666666666,0.6666666666666666,0.6666666666666666,0.0,0.0,2,3,3,105,29,3,0,0.7244897959183674,1.0
23,answer_conditioned,DT_target,signed_sum,all_body_tokens,0.2,268,1338,0.4,0.6666666666666666,0.5,0.0,0.0,2,5,3,254,14,5,0,0.7244897959183674,1.0
23,answer_conditioned,DT_target,signed_sum,sentences,2,2,1338,1.0,0.6666666666666666,0.8,0.0,0.0,2,2,3,71,0,2,0,0.7244897959183674,0.6666666666666666
23,answer_conditioned,DT_target,signed_sum,sentences,4,4,1338,0.5,0.6666666666666666,0.5714285714285715,0.0,0.0,2,4,3,215,0,4,0,0.7244897959183674,1.0
23,answer_conditioned,DT_target,signed_sum,sentences,8,8,1338,0.375,1.0,0.5454545454545454,0.0,1.0,3,8,3,360,0,8,0,1.0,1.0
23,answer_conditioned,DT_target,positive_mean_eligible,all_body_tokens,0.05,67,1338,1.0,0.3333333333333333,0.5,0.0,0.0,1,1,3,19,48,1,0,0.19387755102040816,0.6666666666666666
23,answer_conditioned,DT_target,positive_mean_eligible,all_body_tokens,0.1,134,1338,0.75,1.0,0.8571428571428571,0.0,1.0,3,4,3,132,2,4,0,1.0,1.0
23,answer_conditioned,DT_target,positive_mean_eligible,all_body_tokens,0.2,268,1338,0.5,1.0,0.6666666666666666,0.0,1.0,3,6,3,266,2,6,0,1.0,1.0
23,answer_conditioned,DT_target,positive_mean_eligible,sentences,2,2,1338,1.0,0.6666666666666666,0.8,0.0,0.0,2,2,3,71,0,2,0,0.7244897959183674,0.6666666666666666
23,answer_conditioned,DT_target,positive_mean_eligible,sentences,4,4,1338,0.75,1.0,0.8571428571428571,0.0,1.0,3,4,3,132,0,4,0,1.0,1.0
23,answer_conditioned,DT_target,positive_mean_eligible,sentences,8,8,1338,0.375,1.0,0.5454545454545454,0.0,1.0,3,8,3,306,0,8,0,1.0,1.0
23,answer_conditioned,FT_K1,signed_sum,all_body_tokens,0.05,67,1338,0.0,0.0,0.0,0.0,0.0,0,0,3,0,67,0,1,0.0,0.6666666666666666
23,answer_conditioned,FT_K1,signed_sum,all_body_tokens,0.1,134,1338,0.0,0.0,0.0,0.0,0.0,0,1,3,95,39,1,0,0.0,1.0
23,answer_conditioned,FT_K1,signed_sum,all_body_tokens,0.2,268,1338,0.4,0.6666666666666666,0.5,0.0,0.0,2,5,3,259,9,5,0,0.8061224489795918,1.0
23,answer_conditioned,FT_K1,signed_sum,sentences,2,2,1338,0.5,0.3333333333333333,0.4,0.0,0.0,1,2,3,147,0,2,0,0.5306122448979592,0.6666666666666666
23,answer_conditioned,FT_K1,signed_sum,sentences,4,4,1338,0.5,0.6666666666666666,0.5714285714285715,0.0,0.0,2,4,3,239,0,4,0,0.8061224489795918,1.0
23,answer_conditioned,FT_K1,signed_sum,sentences,8,8,1338,0.375,1.0,0.5454545454545454,0.0,1.0,3,8,3,388,0,8,0,1.0,1.0
23,answer_conditioned,FT_K1,positive_mean_eligible,all_body_tokens,0.05,67,1338,0.6666666666666666,0.6666666666666666,0.6666666666666666,0.0,0.0,2,3,3,66,1,3,0,0.46938775510204084,0.6666666666666666
23,answer_conditioned,FT_K1,positive_mean_eligible,all_body_tokens,0.1,134,1338,0.6666666666666666,0.6666666666666666,0.6666666666666666,0.0,0.0,2,3,3,66,68,3,0,0.46938775510204084,1.0
23,answer_conditioned,FT_K1,positive_mean_eligible,all_body_tokens,0.2,268,1338,0.5,1.0,0.6666666666666666,0.0,1.0,3,6,3,228,40,6,0,1.0,1.0
23,answer_conditioned,FT_K1,positive_mean_eligible,sentences,2,2,1338,0.5,0.3333333333333333,0.4,0.0,0.0,1,2,3,47,0,2,0,0.2755102040816326,0.6666666666666666
23,answer_conditioned,FT_K1,positive_mean_eligible,sentences,4,4,1338,0.5,0.6666666666666666,0.5714285714285715,0.0,0.0,2,4,3,161,0,4,0,0.46938775510204084,1.0
23,answer_conditioned,FT_K1,positive_mean_eligible,sentences,8,8,1338,0.375,1.0,0.5454545454545454,0.0,1.0,3,8,3,319,0,8,0,1.0,1.0
23,answer_conditioned,FT_K3,signed_sum,all_body_tokens,0.05,67,1338,0.0,0.0,0.0,0.0,0.0,0,0,3,0,67,0,1,0.0,0.6666666666666666
23,answer_conditioned,FT_K3,signed_sum,all_body_tokens,0.1,134,1338,0.0,0.0,0.0,0.0,0.0,0,1,3,95,39,1,0,0.0,1.0
23,answer_conditioned,FT_K3,signed_sum,all_body_tokens,0.2,268,1338,0.6,1.0,0.7499999999999999,0.0,1.0,3,5,3,258,10,5,0,1.0,1.0
23,answer_conditioned,FT_K3,signed_sum,sentences,2,2,1338,0.5,0.3333333333333333,0.4,0.0,0.0,1,2,3,147,0,2,0,0.5306122448979592,0.6666666666666666
23,answer_conditioned,FT_K3,signed_sum,sentences,4,4,1338,0.5,0.6666666666666666,0.5714285714285715,0.0,0.0,2,4,3,239,0,4,0,0.8061224489795918,1.0
23,answer_conditioned,FT_K3,signed_sum,sentences,8,8,1338,0.375,1.0,0.5454545454545454,0.0,1.0,3,8,3,388,0,8,0,1.0,1.0
23,answer_conditioned,FT_K3,positive_mean_eligible,all_body_tokens,0.05,67,1338,0.6666666666666666,0.6666666666666666,0.6666666666666666,0.0,0.0,2,3,3,66,1,3,0,0.46938775510204084,0.6666666666666666
23,answer_conditioned,FT_K3,positive_mean_eligible,all_body_tokens,0.1,134,1338,0.75,1.0,0.8571428571428571,0.0,1.0,3,4,3,118,16,4,0,1.0,1.0
23,answer_conditioned,FT_K3,positive_mean_eligible,all_body_tokens,0.2,268,1338,0.5,1.0,0.6666666666666666,0.0,1.0,3,6,3,228,40,6,0,1.0,1.0
23,answer_conditioned,FT_K3,positive_mean_eligible,sentences,2,2,1338,1.0,0.6666666666666666,0.8,0.0,0.0,2,2,3,46,0,2,0,0.46938775510204084,0.6666666666666666
23,answer_conditioned,FT_K3,positive_mean_eligible,sentences,4,4,1338,0.75,1.0,0.8571428571428571,0.0,1.0,3,4,3,118,0,4,0,1.0,1.0
23,answer_conditioned,FT_K3,positive_mean_eligible,sentences,8,8,1338,0.375,1.0,0.5454545454545454,0.0,1.0,3,8,3,319,0,8,0,1.0,1.0
24,answer_conditioned,DT_target,signed_sum,all_body_tokens,0.05,60,1183,0.5,0.3333333333333333,0.4,0.0,0.0,1,2,3,57,3,2,0,0.35443037974683544,0.6666666666666666
24,answer_conditioned,DT_target,signed_sum,all_body_tokens,0.1,119,1183,0.25,0.3333333333333333,0.28571428571428575,0.0,0.0,1,4,3,116,3,4,0,0.35443037974683544,1.0
24,answer_conditioned,DT_target,signed_sum,all_body_tokens,0.2,237,1183,0.1111111111111111,0.3333333333333333,0.16666666666666666,0.0,0.0,1,9,3,215,22,9,0,0.35443037974683544,1.0
24,answer_conditioned,DT_target,signed_sum,sentences,2,2,1183,0.5,0.3333333333333333,0.4,0.0,0.0,1,2,3,57,0,2,0,0.35443037974683544,0.6666666666666666
24,answer_conditioned,DT_target,signed_sum,sentences,4,4,1183,0.25,0.3333333333333333,0.28571428571428575,0.0,0.0,1,4,3,116,0,4,0,0.35443037974683544,1.0
24,answer_conditioned,DT_target,signed_sum,sentences,8,8,1183,0.125,0.3333333333333333,0.18181818181818182,0.0,0.0,1,8,3,187,0,8,0,0.35443037974683544,1.0
24,answer_conditioned,DT_target,positive_mean_eligible,all_body_tokens,0.05,60,1183,0.5,0.3333333333333333,0.4,0.0,0.0,1,2,3,57,3,2,0,0.35443037974683544,0.6666666666666666
24,answer_conditioned,DT_target,positive_mean_eligible,all_body_tokens,0.1,119,1183,0.25,0.3333333333333333,0.28571428571428575,0.0,0.0,1,4,3,116,3,4,0,0.35443037974683544,1.0
24,answer_conditioned,DT_target,positive_mean_eligible,all_body_tokens,0.2,237,1183,0.1,0.3333333333333333,0.15384615384615383,0.0,0.0,1,10,3,225,12,10,0,0.35443037974683544,1.0
24,answer_conditioned,DT_target,positive_mean_eligible,sentences,2,2,1183,0.5,0.3333333333333333,0.4,0.0,0.0,1,2,3,57,0,2,0,0.35443037974683544,0.6666666666666666
24,answer_conditioned,DT_target,positive_mean_eligible,sentences,4,4,1183,0.25,0.3333333333333333,0.28571428571428575,0.0,0.0,1,4,3,116,0,4,0,0.35443037974683544,1.0
24,answer_conditioned,DT_target,positive_mean_eligible,sentences,8,8,1183,0.125,0.3333333333333333,0.18181818181818182,0.0,0.0,1,8,3,185,0,8,0,0.35443037974683544,1.0
24,answer_conditioned,FT_K1,signed_sum,all_body_tokens,0.05,60,1183,0.5,0.3333333333333333,0.4,0.0,0.0,1,2,3,56,4,2,0,0.35443037974683544,0.6666666666666666
24,answer_conditioned,FT_K1,signed_sum,all_body_tokens,0.1,119,1183,0.25,0.3333333333333333,0.28571428571428575,0.0,0.0,1,4,3,112,7,4,0,0.35443037974683544,1.0
24,answer_conditioned,FT_K1,signed_sum,all_body_tokens,0.2,237,1183,0.16666666666666666,0.3333333333333333,0.2222222222222222,0.0,0.0,1,6,3,215,22,6,0,0.35443037974683544,1.0
24,answer_conditioned,FT_K1,signed_sum,sentences,2,2,1183,0.5,0.3333333333333333,0.4,0.0,0.0,1,2,3,56,0,2,0,0.35443037974683544,0.6666666666666666
24,answer_conditioned,FT_K1,signed_sum,sentences,4,4,1183,0.25,0.3333333333333333,0.28571428571428575,0.0,0.0,1,4,3,112,0,4,0,0.35443037974683544,1.0
24,answer_conditioned,FT_K1,signed_sum,sentences,8,8,1183,0.125,0.3333333333333333,0.18181818181818182,0.0,0.0,1,8,3,348,0,8,0,0.35443037974683544,1.0
24,answer_conditioned,FT_K1,positive_mean_eligible,all_body_tokens,0.05,60,1183,0.5,0.3333333333333333,0.4,0.0,0.0,1,2,3,56,4,2,0,0.35443037974683544,0.6666666666666666
24,answer_conditioned,FT_K1,positive_mean_eligible,all_body_tokens,0.1,119,1183,0.25,0.3333333333333333,0.28571428571428575,0.0,0.0,1,4,3,104,15,4,0,0.35443037974683544,1.0
24,answer_conditioned,FT_K1,positive_mean_eligible,all_body_tokens,0.2,237,1183,0.2222222222222222,0.6666666666666666,0.3333333333333333,0.0,0.0,2,9,3,222,15,9,0,0.6455696202531646,1.0
24,answer_conditioned,FT_K1,positive_mean_eligible,sentences,2,2,1183,0.5,0.3333333333333333,0.4,0.0,0.0,1,2,3,56,0,2,0,0.35443037974683544,0.6666666666666666
24,answer_conditioned,FT_K1,positive_mean_eligible,sentences,4,4,1183,0.25,0.3333333333333333,0.28571428571428575,0.0,0.0,1,4,3,104,0,4,0,0.35443037974683544,1.0
24,answer_conditioned,FT_K1,positive_mean_eligible,sentences,8,8,1183,0.25,0.6666666666666666,0.36363636363636365,0.0,0.0,2,8,3,201,0,8,0,0.6455696202531646,1.0
24,answer_conditioned,FT_K3,signed_sum,all_body_tokens,0.05,60,1183,0.5,0.3333333333333333,0.4,0.0,0.0,1,2,3,56,4,2,0,0.35443037974683544,0.6666666666666666
24,answer_conditioned,FT_K3,signed_sum,all_body_tokens,0.1,119,1183,0.5,0.6666666666666666,0.5714285714285715,0.0,0.0,2,4,3,113,6,4,0,0.7088607594936709,1.0
24,answer_conditioned,FT_K3,signed_sum,all_body_tokens,0.2,237,1183,0.4,0.6666666666666666,0.5,0.0,0.0,2,5,3,166,71,5,0,0.7088607594936709,1.0
24,answer_conditioned,FT_K3,signed_sum,sentences,2,2,1183,0.5,0.3333333333333333,0.4,0.0,0.0,1,2,3,56,0,2,0,0.35443037974683544,0.6666666666666666
24,answer_conditioned,FT_K3,signed_sum,sentences,4,4,1183,0.5,0.6666666666666666,0.5714285714285715,0.0,0.0,2,4,3,113,0,4,0,0.7088607594936709,1.0
24,answer_conditioned,FT_K3,signed_sum,sentences,8,8,1183,0.25,0.6666666666666666,0.36363636363636365,0.0,0.0,2,8,3,326,0,8,0,0.7088607594936709,1.0
24,answer_conditioned,FT_K3,positive_mean_eligible,all_body_tokens,0.05,60,1183,0.5,0.3333333333333333,0.4,0.0,0.0,1,2,3,56,4,2,0,0.35443037974683544,0.6666666666666666
24,answer_conditioned,FT_K3,positive_mean_eligible,all_body_tokens,0.1,119,1183,0.25,0.3333333333333333,0.28571428571428575,0.0,0.0,1,4,3,103,16,4,0,0.35443037974683544,1.0
24,answer_conditioned,FT_K3,positive_mean_eligible,all_body_tokens,0.2,237,1183,0.3,1.0,0.4615384615384615,0.0,1.0,3,10,3,233,4,10,0,1.0,1.0
24,answer_conditioned,FT_K3,positive_mean_eligible,sentences,2,2,1183,0.5,0.3333333333333333,0.4,0.0,0.0,1,2,3,56,0,2,0,0.35443037974683544,0.6666666666666666
24,answer_conditioned,FT_K3,positive_mean_eligible,sentences,4,4,1183,0.25,0.3333333333333333,0.28571428571428575,0.0,0.0,1,4,3,103,0,4,0,0.35443037974683544,1.0
24,answer_conditioned,FT_K3,positive_mean_eligible,sentences,8,8,1183,0.375,1.0,0.5454545454545454,0.0,1.0,3,8,3,200,0,8,0,1.0,1.0
25,answer_conditioned,DT_target,signed_sum,all_body_tokens,0.05,89,1773,0.5,0.25,0.3333333333333333,0.0,0.0,1,2,4,68,21,2,0,0.25925925925925924,1.0
25,answer_conditioned,DT_target,signed_sum,all_body_tokens,0.1,178,1773,0.2,0.25,0.22222222222222224,0.0,0.0,1,5,4,172,6,5,0,0.25925925925925924,1.0
25,answer_conditioned,DT_target,signed_sum,all_body_tokens,0.2,355,1773,0.3,0.75,0.4285714285714285,0.0,0.0,3,10,4,326,29,10,0,0.8395061728395061,1.0
25,answer_conditioned,DT_target,signed_sum,sentences,2,2,1773,0.5,0.25,0.3333333333333333,0.0,0.0,1,2,4,68,0,2,0,0.25925925925925924,0.5
25,answer_conditioned,DT_target,signed_sum,sentences,4,4,1773,0.25,0.25,0.25,0.0,0.0,1,4,4,130,0,4,0,0.25925925925925924,1.0
25,answer_conditioned,DT_target,signed_sum,sentences,8,8,1773,0.25,0.5,0.3333333333333333,0.0,0.0,2,8,4,284,0,8,0,0.5925925925925926,1.0
25,answer_conditioned,DT_target,positive_mean_eligible,all_body_tokens,0.05,89,1773,0.5,0.25,0.3333333333333333,0.0,0.0,1,2,4,46,43,2,0,0.25925925925925924,1.0
25,answer_conditioned,DT_target,positive_mean_eligible,all_body_tokens,0.1,178,1773,0.5,0.75,0.6,0.0,0.0,3,6,4,177,1,6,0,0.8395061728395061,1.0
25,answer_conditioned,DT_target,positive_mean_eligible,all_body_tokens,0.2,355,1773,0.2727272727272727,0.75,0.39999999999999997,0.0,0.0,3,11,4,292,63,11,0,0.8395061728395061,1.0
25,answer_conditioned,DT_target,positive_mean_eligible,sentences,2,2,1773,0.5,0.25,0.3333333333333333,0.0,0.0,1,2,4,46,0,2,0,0.25925925925925924,0.5
25,answer_conditioned,DT_target,positive_mean_eligible,sentences,4,4,1773,0.5,0.5,0.5,0.0,0.0,2,4,4,113,0,4,0,0.5061728395061729,1.0
25,answer_conditioned,DT_target,positive_mean_eligible,sentences,8,8,1773,0.375,0.75,0.5,0.0,0.0,3,8,4,238,0,8,0,0.8395061728395061,1.0
25,answer_conditioned,FT_K1,signed_sum,all_body_tokens,0.05,89,1773,1.0,0.25,0.4,0.0,0.0,1,1,4,21,68,1,0,0.25925925925925924,1.0
25,answer_conditioned,FT_K1,signed_sum,all_body_tokens,0.1,178,1773,0.3333333333333333,0.25,0.28571428571428575,0.0,0.0,1,3,4,140,38,3,0,0.25925925925925924,1.0
25,answer_conditioned,FT_K1,signed_sum,all_body_tokens,0.2,355,1773,0.3333333333333333,0.75,0.46153846153846156,0.0,0.0,3,9,4,335,20,9,0,0.8395061728395061,1.0
25,answer_conditioned,FT_K1,signed_sum,sentences,2,2,1773,0.5,0.25,0.3333333333333333,0.0,0.0,1,2,4,93,0,2,0,0.25925925925925924,0.5
25,answer_conditioned,FT_K1,signed_sum,sentences,4,4,1773,0.25,0.25,0.25,0.0,0.0,1,4,4,188,0,4,0,0.25925925925925924,1.0
25,answer_conditioned,FT_K1,signed_sum,sentences,8,8,1773,0.25,0.5,0.3333333333333333,0.0,0.0,2,8,4,308,0,8,0,0.5061728395061729,1.0
25,answer_conditioned,FT_K1,positive_mean_eligible,all_body_tokens,0.05,89,1773,0.6666666666666666,0.5,0.5714285714285715,0.0,0.0,2,3,4,66,23,3,0,0.5061728395061729,1.0
25,answer_conditioned,FT_K1,positive_mean_eligible,all_body_tokens,0.1,178,1773,0.4,0.5,0.4444444444444445,0.0,0.0,2,5,4,175,3,5,0,0.5061728395061729,1.0
25,answer_conditioned,FT_K1,positive_mean_eligible,all_body_tokens,0.2,355,1773,0.4,1.0,0.5714285714285715,0.0,1.0,4,10,4,308,47,10,0,1.0,1.0
25,answer_conditioned,FT_K1,positive_mean_eligible,sentences,2,2,1773,0.5,0.25,0.3333333333333333,0.0,0.0,1,2,4,46,0,2,0,0.25925925925925924,0.5
25,answer_conditioned,FT_K1,positive_mean_eligible,sentences,4,4,1773,0.5,0.5,0.5,0.0,0.0,2,4,4,138,0,4,0,0.5061728395061729,1.0
25,answer_conditioned,FT_K1,positive_mean_eligible,sentences,8,8,1773,0.5,1.0,0.6666666666666666,0.0,1.0,4,8,4,237,0,8,0,1.0,1.0
25,answer_conditioned,FT_K3,signed_sum,all_body_tokens,0.05,89,1773,1.0,0.25,0.4,0.0,0.0,1,1,4,21,68,1,0,0.25925925925925924,1.0
25,answer_conditioned,FT_K3,signed_sum,all_body_tokens,0.1,178,1773,0.25,0.25,0.25,0.0,0.0,1,4,4,155,23,4,0,0.25925925925925924,1.0
25,answer_conditioned,FT_K3,signed_sum,all_body_tokens,0.2,355,1773,0.3333333333333333,0.75,0.46153846153846156,0.0,0.0,3,9,4,336,19,9,0,0.8395061728395061,1.0
25,answer_conditioned,FT_K3,signed_sum,sentences,2,2,1773,0.5,0.25,0.3333333333333333,0.0,0.0,1,2,4,93,0,2,0,0.25925925925925924,0.5
25,answer_conditioned,FT_K3,signed_sum,sentences,4,4,1773,0.25,0.25,0.25,0.0,0.0,1,4,4,155,0,4,0,0.25925925925925924,1.0
25,answer_conditioned,FT_K3,signed_sum,sentences,8,8,1773,0.375,0.75,0.5,0.0,0.0,3,8,4,297,0,8,0,0.8395061728395061,1.0
25,answer_conditioned,FT_K3,positive_mean_eligible,all_body_tokens,0.05,89,1773,0.6666666666666666,0.5,0.5714285714285715,0.0,0.0,2,3,4,66,23,3,0,0.5061728395061729,1.0
25,answer_conditioned,FT_K3,positive_mean_eligible,all_body_tokens,0.1,178,1773,0.6666666666666666,1.0,0.8,0.0,1.0,4,6,4,178,0,6,0,1.0,1.0
25,answer_conditioned,FT_K3,positive_mean_eligible,all_body_tokens,0.2,355,1773,0.4,1.0,0.5714285714285715,0.0,1.0,4,10,4,308,47,10,0,1.0,1.0
25,answer_conditioned,FT_K3,positive_mean_eligible,sentences,2,2,1773,0.5,0.25,0.3333333333333333,0.0,0.0,1,2,4,46,0,2,0,0.25925925925925924,0.5
25,answer_conditioned,FT_K3,positive_mean_eligible,sentences,4,4,1773,0.5,0.5,0.5,0.0,0.0,2,4,4,138,0,4,0,0.5061728395061729,1.0
25,answer_conditioned,FT_K3,positive_mean_eligible,sentences,8,8,1773,0.5,1.0,0.6666666666666666,0.0,1.0,4,8,4,237,0,8,0,1.0,1.0
26,answer_conditioned,DT_target,signed_sum,all_body_tokens,0.05,53,1057,0.0,0.0,0.0,0.0,0.0,0,0,2,0,53,0,1,0.0,0.0
26,answer_conditioned,DT_target,signed_sum,all_body_tokens,0.1,106,1057,1.0,0.5,0.6666666666666666,0.0,0.0,1,1,2,66,40,1,0,0.4230769230769231,0.5
26,answer_conditioned,DT_target,signed_sum,all_body_tokens,0.2,212,1057,0.25,0.5,0.3333333333333333,0.0,0.0,1,4,2,177,35,4,0,0.4230769230769231,1.0
26,answer_conditioned,DT_target,signed_sum,sentences,2,2,1057,0.5,0.5,0.5,0.0,0.0,1,2,2,124,0,2,0,0.4230769230769231,1.0
26,answer_conditioned,DT_target,signed_sum,sentences,4,4,1057,0.25,0.5,0.3333333333333333,0.0,0.0,1,4,2,177,0,4,0,0.4230769230769231,1.0
26,answer_conditioned,DT_target,signed_sum,sentences,8,8,1057,0.125,0.5,0.2,0.0,0.0,1,8,2,340,0,8,0,0.4230769230769231,1.0
26,answer_conditioned,DT_target,positive_mean_eligible,all_body_tokens,0.05,53,1057,0.0,0.0,0.0,0.0,0.0,0,1,2,13,40,1,0,0.0,0.0
26,answer_conditioned,DT_target,positive_mean_eligible,all_body_tokens,0.1,106,1057,0.5,0.5,0.5,0.0,0.0,1,2,2,79,27,2,0,0.4230769230769231,0.5
26,answer_conditioned,DT_target,positive_mean_eligible,all_body_tokens,0.2,212,1057,0.25,0.5,0.3333333333333333,0.0,0.0,1,4,2,177,35,4,0,0.4230769230769231,1.0
26,answer_conditioned,DT_target,positive_mean_eligible,sentences,2,2,1057,0.5,0.5,0.5,0.0,0.0,1,2,2,79,0,2,0,0.4230769230769231,1.0
26,answer_conditioned,DT_target,positive_mean_eligible,sentences,4,4,1057,0.25,0.5,0.3333333333333333,0.0,0.0,1,4,2,177,0,4,0,0.4230769230769231,1.0
26,answer_conditioned,DT_target,positive_mean_eligible,sentences,8,8,1057,0.125,0.5,0.2,0.0,0.0,1,8,2,313,0,8,0,0.4230769230769231,1.0
26,answer_conditioned,FT_K1,signed_sum,all_body_tokens,0.05,53,1057,0.0,0.0,0.0,0.0,0.0,0,0,2,0,53,0,1,0.0,0.0
26,answer_conditioned,FT_K1,signed_sum,all_body_tokens,0.1,106,1057,1.0,0.5,0.6666666666666666,0.0,0.0,1,1,2,66,40,1,0,0.4230769230769231,0.5
26,answer_conditioned,FT_K1,signed_sum,all_body_tokens,0.2,212,1057,0.3333333333333333,0.5,0.4,0.0,0.0,1,3,2,211,1,3,0,0.4230769230769231,1.0
26,answer_conditioned,FT_K1,signed_sum,sentences,2,2,1057,0.5,0.5,0.5,0.0,0.0,1,2,2,131,0,2,0,0.4230769230769231,1.0
26,answer_conditioned,FT_K1,signed_sum,sentences,4,4,1057,0.5,1.0,0.6666666666666666,0.0,1.0,2,4,2,301,0,4,0,1.0,1.0
26,answer_conditioned,FT_K1,signed_sum,sentences,8,8,1057,0.25,1.0,0.4,0.0,1.0,2,8,2,487,0,8,0,1.0,1.0
26,answer_conditioned,FT_K1,positive_mean_eligible,all_body_tokens,0.05,53,1057,0.0,0.0,0.0,0.0,0.0,0,0,2,0,53,0,1,0.0,0.0
26,answer_conditioned,FT_K1,positive_mean_eligible,all_body_tokens,0.1,106,1057,0.3333333333333333,0.5,0.4,0.0,0.0,1,3,2,105,1,3,0,0.4230769230769231,0.5
26,answer_conditioned,FT_K1,positive_mean_eligible,all_body_tokens,0.2,212,1057,0.16666666666666666,0.5,0.25,0.0,0.0,1,6,2,189,23,6,0,0.4230769230769231,1.0
26,answer_conditioned,FT_K1,positive_mean_eligible,sentences,2,2,1057,0.5,0.5,0.5,0.0,0.0,1,2,2,92,0,2,0,0.4230769230769231,1.0
26,answer_conditioned,FT_K1,positive_mean_eligible,sentences,4,4,1057,0.25,0.5,0.3333333333333333,0.0,0.0,1,4,2,119,0,4,0,0.4230769230769231,1.0
26,answer_conditioned,FT_K1,positive_mean_eligible,sentences,8,8,1057,0.125,0.5,0.2,0.0,0.0,1,8,2,303,0,8,0,0.4230769230769231,1.0
26,answer_conditioned,FT_K3,signed_sum,all_body_tokens,0.05,53,1057,0.0,0.0,0.0,0.0,0.0,0,0,2,0,53,0,1,0.0,0.0
26,answer_conditioned,FT_K3,signed_sum,all_body_tokens,0.1,106,1057,1.0,0.5,0.6666666666666666,0.0,0.0,1,1,2,66,40,1,0,0.4230769230769231,0.5
26,answer_conditioned,FT_K3,signed_sum,all_body_tokens,0.2,212,1057,1.0,1.0,1.0,1.0,1.0,2,2,2,156,56,2,0,1.0,1.0
26,answer_conditioned,FT_K3,signed_sum,sentences,2,2,1057,1.0,1.0,1.0,1.0,1.0,2,2,2,156,0,2,0,1.0,1.0
26,answer_conditioned,FT_K3,signed_sum,sentences,4,4,1057,0.5,1.0,0.6666666666666666,0.0,1.0,2,4,2,301,0,4,0,1.0,1.0
26,answer_conditioned,FT_K3,signed_sum,sentences,8,8,1057,0.25,1.0,0.4,0.0,1.0,2,8,2,487,0,8,0,1.0,1.0
26,answer_conditioned,FT_K3,positive_mean_eligible,all_body_tokens,0.05,53,1057,0.0,0.0,0.0,0.0,0.0,0,0,2,0,53,0,1,0.0,0.0
26,answer_conditioned,FT_K3,positive_mean_eligible,all_body_tokens,0.1,106,1057,0.3333333333333333,0.5,0.4,0.0,0.0,1,3,2,105,1,3,0,0.4230769230769231,0.5
26,answer_conditioned,FT_K3,positive_mean_eligible,all_body_tokens,0.2,212,1057,0.16666666666666666,0.5,0.25,0.0,0.0,1,6,2,189,23,6,0,0.4230769230769231,1.0
26,answer_conditioned,FT_K3,positive_mean_eligible,sentences,2,2,1057,0.5,0.5,0.5,0.0,0.0,1,2,2,92,0,2,0,0.4230769230769231,1.0
26,answer_conditioned,FT_K3,positive_mean_eligible,sentences,4,4,1057,0.25,0.5,0.3333333333333333,0.0,0.0,1,4,2,119,0,4,0,0.4230769230769231,1.0
26,answer_conditioned,FT_K3,positive_mean_eligible,sentences,8,8,1057,0.125,0.5,0.2,0.0,0.0,1,8,2,278,0,8,0,0.4230769230769231,1.0
27,answer_conditioned,DT_target,signed_sum,all_body_tokens,0.05,86,1719,0.5,0.5,0.5,0.0,0.0,1,2,2,77,9,2,0,0.4520547945205479,1.0
27,answer_conditioned,DT_target,signed_sum,all_body_tokens,0.1,172,1719,0.5,1.0,0.6666666666666666,0.0,1.0,2,4,2,139,33,4,0,1.0,1.0
27,answer_conditioned,DT_target,signed_sum,all_body_tokens,0.2,344,1719,0.18181818181818182,1.0,0.3076923076923077,0.0,1.0,2,11,2,325,19,11,0,1.0,1.0
27,answer_conditioned,DT_target,signed_sum,sentences,2,2,1719,0.5,0.5,0.5,0.0,0.0,1,2,2,77,0,2,0,0.4520547945205479,1.0
27,answer_conditioned,DT_target,signed_sum,sentences,4,4,1719,0.5,1.0,0.6666666666666666,0.0,1.0,2,4,2,139,0,4,0,1.0,1.0
27,answer_conditioned,DT_target,signed_sum,sentences,8,8,1719,0.25,1.0,0.4,0.0,1.0,2,8,2,254,0,8,0,1.0,1.0
27,answer_conditioned,DT_target,positive_mean_eligible,all_body_tokens,0.05,86,1719,1.0,1.0,1.0,1.0,1.0,2,2,2,73,13,2,0,1.0,1.0
27,answer_conditioned,DT_target,positive_mean_eligible,all_body_tokens,0.1,172,1719,0.4,1.0,0.5714285714285715,0.0,1.0,2,5,2,171,1,5,0,1.0,1.0
27,answer_conditioned,DT_target,positive_mean_eligible,all_body_tokens,0.2,344,1719,0.18181818181818182,1.0,0.3076923076923077,0.0,1.0,2,11,2,333,11,11,0,1.0,1.0
27,answer_conditioned,DT_target,positive_mean_eligible,sentences,2,2,1719,1.0,1.0,1.0,1.0,1.0,2,2,2,73,0,2,0,1.0,1.0
27,answer_conditioned,DT_target,positive_mean_eligible,sentences,4,4,1719,0.5,1.0,0.6666666666666666,0.0,1.0,2,4,2,136,0,4,0,1.0,1.0
27,answer_conditioned,DT_target,positive_mean_eligible,sentences,8,8,1719,0.25,1.0,0.4,0.0,1.0,2,8,2,246,0,8,0,1.0,1.0
27,answer_conditioned,FT_K1,signed_sum,all_body_tokens,0.05,86,1719,1.0,0.5,0.6666666666666666,0.0,0.0,1,1,2,33,53,1,0,0.4520547945205479,1.0
27,answer_conditioned,FT_K1,signed_sum,all_body_tokens,0.1,172,1719,0.3333333333333333,0.5,0.4,0.0,0.0,1,3,2,143,29,3,0,0.4520547945205479,1.0
27,answer_conditioned,FT_K1,signed_sum,all_body_tokens,0.2,344,1719,0.2222222222222222,1.0,0.3636363636363636,0.0,1.0,2,9,2,342,2,9,0,1.0,1.0
27,answer_conditioned,FT_K1,signed_sum,sentences,2,2,1719,0.5,0.5,0.5,0.0,0.0,1,2,2,102,0,2,0,0.4520547945205479,1.0
27,answer_conditioned,FT_K1,signed_sum,sentences,4,4,1719,0.5,1.0,0.6666666666666666,0.0,1.0,2,4,2,183,0,4,0,1.0,1.0
27,answer_conditioned,FT_K1,signed_sum,sentences,8,8,1719,0.25,1.0,0.4,0.0,1.0,2,8,2,319,0,8,0,1.0,1.0
27,answer_conditioned,FT_K1,positive_mean_eligible,all_body_tokens,0.05,86,1719,0.25,0.5,0.3333333333333333,0.0,0.0,1,4,2,84,2,4,0,0.4520547945205479,1.0
27,answer_conditioned,FT_K1,positive_mean_eligible,all_body_tokens,0.1,172,1719,0.16666666666666666,0.5,0.25,0.0,0.0,1,6,2,137,35,6,0,0.4520547945205479,1.0
27,answer_conditioned,FT_K1,positive_mean_eligible,all_body_tokens,0.2,344,1719,0.16666666666666666,1.0,0.2857142857142857,0.0,1.0,2,12,2,336,8,12,0,1.0,1.0
27,answer_conditioned,FT_K1,positive_mean_eligible,sentences,2,2,1719,0.5,0.5,0.5,0.0,0.0,1,2,2,46,0,2,0,0.4520547945205479,1.0
27,answer_conditioned,FT_K1,positive_mean_eligible,sentences,4,4,1719,0.25,0.5,0.3333333333333333,0.0,0.0,1,4,2,84,0,4,0,0.4520547945205479,1.0
27,answer_conditioned,FT_K1,positive_mean_eligible,sentences,8,8,1719,0.125,0.5,0.2,0.0,0.0,1,8,2,214,0,8,0,0.4520547945205479,1.0
27,answer_conditioned,FT_K3,signed_sum,all_body_tokens,0.05,86,1719,1.0,0.5,0.6666666666666666,0.0,0.0,1,1,2,33,53,1,0,0.4520547945205479,1.0
27,answer_conditioned,FT_K3,signed_sum,all_body_tokens,0.1,172,1719,0.3333333333333333,0.5,0.4,0.0,0.0,1,3,2,143,29,3,0,0.4520547945205479,1.0
27,answer_conditioned,FT_K3,signed_sum,all_body_tokens,0.2,344,1719,0.2222222222222222,1.0,0.3636363636363636,0.0,1.0,2,9,2,332,12,9,0,1.0,1.0
27,answer_conditioned,FT_K3,signed_sum,sentences,2,2,1719,0.5,0.5,0.5,0.0,0.0,1,2,2,102,0,2,0,0.4520547945205479,1.0
27,answer_conditioned,FT_K3,signed_sum,sentences,4,4,1719,0.5,1.0,0.6666666666666666,0.0,1.0,2,4,2,183,0,4,0,1.0,1.0
27,answer_conditioned,FT_K3,signed_sum,sentences,8,8,1719,0.25,1.0,0.4,0.0,1.0,2,8,2,293,0,8,0,1.0,1.0
27,answer_conditioned,FT_K3,positive_mean_eligible,all_body_tokens,0.05,86,1719,0.25,0.5,0.3333333333333333,0.0,0.0,1,4,2,84,2,4,0,0.4520547945205479,1.0
27,answer_conditioned,FT_K3,positive_mean_eligible,all_body_tokens,0.1,172,1719,0.16666666666666666,0.5,0.25,0.0,0.0,1,6,2,155,17,6,0,0.4520547945205479,1.0
27,answer_conditioned,FT_K3,positive_mean_eligible,all_body_tokens,0.2,344,1719,0.16666666666666666,1.0,0.2857142857142857,0.0,1.0,2,12,2,327,17,12,0,1.0,1.0
27,answer_conditioned,FT_K3,positive_mean_eligible,sentences,2,2,1719,0.5,0.5,0.5,0.0,0.0,1,2,2,46,0,2,0,0.4520547945205479,1.0
27,answer_conditioned,FT_K3,positive_mean_eligible,sentences,4,4,1719,0.25,0.5,0.3333333333333333,0.0,0.0,1,4,2,84,0,4,0,0.4520547945205479,1.0
27,answer_conditioned,FT_K3,positive_mean_eligible,sentences,8,8,1719,0.125,0.5,0.2,0.0,0.0,1,8,2,214,0,8,0,0.4520547945205479,1.0
28,answer_conditioned,DT_target,signed_sum,all_body_tokens,0.05,48,956,1.0,0.3333333333333333,0.5,0.0,0.0,1,1,3,21,27,1,0,0.13291139240506328,0.3333333333333333
28,answer_conditioned,DT_target,signed_sum,all_body_tokens,0.1,96,956,1.0,0.3333333333333333,0.5,0.0,0.0,1,1,3,21,75,1,0,0.13291139240506328,0.6666666666666666
28,answer_conditioned,DT_target,signed_sum,all_body_tokens,0.2,192,956,0.3333333333333333,0.3333333333333333,0.3333333333333333,0.0,0.0,1,3,3,184,8,3,0,0.13291139240506328,1.0
28,answer_conditioned,DT_target,signed_sum,sentences,2,2,956,0.5,0.3333333333333333,0.4,0.0,0.0,1,2,3,107,0,2,0,0.13291139240506328,0.6666666666666666
28,answer_conditioned,DT_target,signed_sum,sentences,4,4,956,0.25,0.3333333333333333,0.28571428571428575,0.0,0.0,1,4,3,221,0,4,0,0.13291139240506328,1.0
28,answer_conditioned,DT_target,signed_sum,sentences,8,8,956,0.125,0.3333333333333333,0.18181818181818182,0.0,0.0,1,8,3,433,0,8,0,0.13291139240506328,1.0
28,answer_conditioned,DT_target,positive_mean_eligible,all_body_tokens,0.05,48,956,0.5,0.3333333333333333,0.4,0.0,0.0,1,2,3,29,19,2,0,0.13291139240506328,0.3333333333333333
28,answer_conditioned,DT_target,positive_mean_eligible,all_body_tokens,0.1,96,956,0.16666666666666666,0.3333333333333333,0.2222222222222222,0.0,0.0,1,6,3,94,2,6,0,0.13291139240506328,0.6666666666666666
28,answer_conditioned,DT_target,positive_mean_eligible,all_body_tokens,0.2,192,956,0.125,0.3333333333333333,0.18181818181818182,0.0,0.0,1,8,3,180,12,8,0,0.13291139240506328,1.0
28,answer_conditioned,DT_target,positive_mean_eligible,sentences,2,2,956,0.5,0.3333333333333333,0.4,0.0,0.0,1,2,3,29,0,2,0,0.13291139240506328,0.6666666666666666
28,answer_conditioned,DT_target,positive_mean_eligible,sentences,4,4,956,0.25,0.3333333333333333,0.28571428571428575,0.0,0.0,1,4,3,64,0,4,0,0.13291139240506328,1.0
28,answer_conditioned,DT_target,positive_mean_eligible,sentences,8,8,956,0.125,0.3333333333333333,0.18181818181818182,0.0,0.0,1,8,3,180,0,8,0,0.13291139240506328,1.0
28,answer_conditioned,FT_K1,signed_sum,all_body_tokens,0.05,48,956,1.0,0.3333333333333333,0.5,0.0,0.0,1,1,3,21,27,1,0,0.13291139240506328,0.3333333333333333
28,answer_conditioned,FT_K1,signed_sum,all_body_tokens,0.1,96,956,1.0,0.3333333333333333,0.5,0.0,0.0,1,1,3,21,75,1,0,0.13291139240506328,0.6666666666666666
28,answer_conditioned,FT_K1,signed_sum,all_body_tokens,0.2,192,956,0.25,0.3333333333333333,0.28571428571428575,0.0,0.0,1,4,3,158,34,4,0,0.13291139240506328,1.0
28,answer_conditioned,FT_K1,signed_sum,sentences,2,2,956,0.5,0.3333333333333333,0.4,0.0,0.0,1,2,3,109,0,2,0,0.13291139240506328,0.6666666666666666
28,answer_conditioned,FT_K1,signed_sum,sentences,4,4,956,0.25,0.3333333333333333,0.28571428571428575,0.0,0.0,1,4,3,158,0,4,0,0.13291139240506328,1.0
28,answer_conditioned,FT_K1,signed_sum,sentences,8,8,956,0.25,0.6666666666666666,0.36363636363636365,0.0,0.0,2,8,3,453,0,8,0,0.7341772151898734,1.0
28,answer_conditioned,FT_K1,positive_mean_eligible,all_body_tokens,0.05,48,956,0.5,0.3333333333333333,0.4,0.0,0.0,1,2,3,44,4,2,0,0.13291139240506328,0.3333333333333333
28,answer_conditioned,FT_K1,positive_mean_eligible,all_body_tokens,0.1,96,956,0.2,0.3333333333333333,0.25,0.0,0.0,1,5,3,88,8,5,0,0.13291139240506328,0.6666666666666666
28,answer_conditioned,FT_K1,positive_mean_eligible,all_body_tokens,0.2,192,956,0.14285714285714285,0.3333333333333333,0.2,0.0,0.0,1,7,3,126,66,7,0,0.13291139240506328,1.0
28,answer_conditioned,FT_K1,positive_mean_eligible,sentences,2,2,956,0.5,0.3333333333333333,0.4,0.0,0.0,1,2,3,44,0,2,0,0.13291139240506328,0.6666666666666666
28,answer_conditioned,FT_K1,positive_mean_eligible,sentences,4,4,956,0.25,0.3333333333333333,0.28571428571428575,0.0,0.0,1,4,3,62,0,4,0,0.13291139240506328,1.0
28,answer_conditioned,FT_K1,positive_mean_eligible,sentences,8,8,956,0.125,0.3333333333333333,0.18181818181818182,0.0,0.0,1,8,3,214,0,8,0,0.13291139240506328,1.0
28,answer_conditioned,FT_K3,signed_sum,all_body_tokens,0.05,48,956,1.0,0.3333333333333333,0.5,0.0,0.0,1,1,3,21,27,1,0,0.13291139240506328,0.3333333333333333
28,answer_conditioned,FT_K3,signed_sum,all_body_tokens,0.1,96,956,1.0,0.3333333333333333,0.5,0.0,0.0,1,1,3,21,75,1,0,0.13291139240506328,0.6666666666666666
28,answer_conditioned,FT_K3,signed_sum,all_body_tokens,0.2,192,956,0.25,0.3333333333333333,0.28571428571428575,0.0,0.0,1,4,3,158,34,4,0,0.13291139240506328,1.0
28,answer_conditioned,FT_K3,signed_sum,sentences,2,2,956,0.5,0.3333333333333333,0.4,0.0,0.0,1,2,3,109,0,2,0,0.13291139240506328,0.6666666666666666
28,answer_conditioned,FT_K3,signed_sum,sentences,4,4,956,0.25,0.3333333333333333,0.28571428571428575,0.0,0.0,1,4,3,158,0,4,0,0.13291139240506328,1.0
28,answer_conditioned,FT_K3,signed_sum,sentences,8,8,956,0.25,0.6666666666666666,0.36363636363636365,0.0,0.0,2,8,3,453,0,8,0,0.7341772151898734,1.0
28,answer_conditioned,FT_K3,positive_mean_eligible,all_body_tokens,0.05,48,956,0.5,0.3333333333333333,0.4,0.0,0.0,1,2,3,44,4,2,0,0.13291139240506328,0.3333333333333333
28,answer_conditioned,FT_K3,positive_mean_eligible,all_body_tokens,0.1,96,956,0.2,0.3333333333333333,0.25,0.0,0.0,1,5,3,88,8,5,0,0.13291139240506328,0.6666666666666666
28,answer_conditioned,FT_K3,positive_mean_eligible,all_body_tokens,0.2,192,956,0.14285714285714285,0.3333333333333333,0.2,0.0,0.0,1,7,3,126,66,7,0,0.13291139240506328,1.0
28,answer_conditioned,FT_K3,positive_mean_eligible,sentences,2,2,956,0.5,0.3333333333333333,0.4,0.0,0.0,1,2,3,44,0,2,0,0.13291139240506328,0.6666666666666666
28,answer_conditioned,FT_K3,positive_mean_eligible,sentences,4,4,956,0.25,0.3333333333333333,0.28571428571428575,0.0,0.0,1,4,3,62,0,4,0,0.13291139240506328,1.0
28,answer_conditioned,FT_K3,positive_mean_eligible,sentences,8,8,956,0.125,0.3333333333333333,0.18181818181818182,0.0,0.0,1,8,3,214,0,8,0,0.13291139240506328,1.0
29,answer_conditioned,DT_target,signed_sum,all_body_tokens,0.05,45,896,0.0,0.0,0.0,0.0,0.0,0,0,3,0,45,0,1,0.0,0.3333333333333333
29,answer_conditioned,DT_target,signed_sum,all_body_tokens,0.1,90,896,0.5,0.3333333333333333,0.4,0.0,0.0,1,2,3,78,12,2,0,0.5,0.6666666666666666
29,answer_conditioned,DT_target,signed_sum,all_body_tokens,0.2,180,896,0.3333333333333333,0.3333333333333333,0.3333333333333333,0.0,0.0,1,3,3,127,53,3,0,0.5,1.0
29,answer_conditioned,DT_target,signed_sum,sentences,2,2,896,0.5,0.3333333333333333,0.4,0.0,0.0,1,2,3,78,0,2,0,0.5,0.6666666666666666
29,answer_conditioned,DT_target,signed_sum,sentences,4,4,896,0.25,0.3333333333333333,0.28571428571428575,0.0,0.0,1,4,3,213,0,4,0,0.5,1.0
29,answer_conditioned,DT_target,signed_sum,sentences,8,8,896,0.125,0.3333333333333333,0.18181818181818182,0.0,0.0,1,8,3,367,0,8,0,0.5,1.0
29,answer_conditioned,DT_target,positive_mean_eligible,all_body_tokens,0.05,45,896,0.0,0.0,0.0,0.0,0.0,0,1,3,11,34,1,0,0.0,0.3333333333333333
29,answer_conditioned,DT_target,positive_mean_eligible,all_body_tokens,0.1,90,896,0.3333333333333333,0.3333333333333333,0.3333333333333333,0.0,0.0,1,3,3,89,1,3,0,0.5,0.6666666666666666
29,answer_conditioned,DT_target,positive_mean_eligible,all_body_tokens,0.2,180,896,0.4,0.6666666666666666,0.5,0.0,0.0,2,5,3,159,21,5,0,0.723404255319149,1.0
29,answer_conditioned,DT_target,positive_mean_eligible,sentences,2,2,896,0.5,0.3333333333333333,0.4,0.0,0.0,1,2,3,58,0,2,0,0.5,0.6666666666666666
29,answer_conditioned,DT_target,positive_mean_eligible,sentences,4,4,896,0.25,0.3333333333333333,0.28571428571428575,0.0,0.0,1,4,3,138,0,4,0,0.5,1.0
29,answer_conditioned,DT_target,positive_mean_eligible,sentences,8,8,896,0.25,0.6666666666666666,0.36363636363636365,0.0,0.0,2,8,3,220,0,8,0,0.723404255319149,1.0
29,answer_conditioned,FT_K1,signed_sum,all_body_tokens,0.05,45,896,0.0,0.0,0.0,0.0,0.0,0,0,3,0,45,0,1,0.0,0.3333333333333333
29,answer_conditioned,FT_K1,signed_sum,all_body_tokens,0.1,90,896,0.5,0.3333333333333333,0.4,0.0,0.0,1,2,3,78,12,2,0,0.5,0.6666666666666666
29,answer_conditioned,FT_K1,signed_sum,all_body_tokens,0.2,180,896,0.6666666666666666,0.6666666666666666,0.6666666666666666,0.0,0.0,2,3,3,99,81,3,0,0.723404255319149,1.0
29,answer_conditioned,FT_K1,signed_sum,sentences,2,2,896,0.5,0.3333333333333333,0.4,0.0,0.0,1,2,3,78,0,2,0,0.5,0.6666666666666666
29,answer_conditioned,FT_K1,signed_sum,sentences,4,4,896,0.5,0.6666666666666666,0.5714285714285715,0.0,0.0,2,4,3,185,0,4,0,0.723404255319149,1.0
29,answer_conditioned,FT_K1,signed_sum,sentences,8,8,896,0.25,0.6666666666666666,0.36363636363636365,0.0,0.0,2,8,3,377,0,8,0,0.723404255319149,1.0
29,answer_conditioned,FT_K1,positive_mean_eligible,all_body_tokens,0.05,45,896,0.0,0.0,0.0,0.0,0.0,0,1,3,31,14,1,0,0.0,0.3333333333333333
29,answer_conditioned,FT_K1,positive_mean_eligible,all_body_tokens,0.1,90,896,0.5,0.3333333333333333,0.4,0.0,0.0,1,2,3,52,38,2,0,0.22340425531914893,0.6666666666666666
29,answer_conditioned,FT_K1,positive_mean_eligible,all_body_tokens,0.2,180,896,0.3333333333333333,0.6666666666666666,0.4444444444444444,0.0,0.0,2,6,3,147,33,6,0,0.723404255319149,1.0
29,answer_conditioned,FT_K1,positive_mean_eligible,sentences,2,2,896,0.5,0.3333333333333333,0.4,0.0,0.0,1,2,3,52,0,2,0,0.22340425531914893,0.6666666666666666
29,answer_conditioned,FT_K1,positive_mean_eligible,sentences,4,4,896,0.5,0.6666666666666666,0.5714285714285715,0.0,0.0,2,4,3,121,0,4,0,0.723404255319149,1.0
29,answer_conditioned,FT_K1,positive_mean_eligible,sentences,8,8,896,0.25,0.6666666666666666,0.36363636363636365,0.0,0.0,2,8,3,227,0,8,0,0.723404255319149,1.0
29,answer_conditioned,FT_K3,signed_sum,all_body_tokens,0.05,45,896,0.0,0.0,0.0,0.0,0.0,0,0,3,0,45,0,1,0.0,0.3333333333333333
29,answer_conditioned,FT_K3,signed_sum,all_body_tokens,0.1,90,896,0.5,0.3333333333333333,0.4,0.0,0.0,1,2,3,78,12,2,0,0.5,0.6666666666666666
29,answer_conditioned,FT_K3,signed_sum,all_body_tokens,0.2,180,896,0.6666666666666666,0.6666666666666666,0.6666666666666666,0.0,0.0,2,3,3,99,81,3,0,0.723404255319149,1.0
29,answer_conditioned,FT_K3,signed_sum,sentences,2,2,896,0.5,0.3333333333333333,0.4,0.0,0.0,1,2,3,78,0,2,0,0.5,0.6666666666666666
29,answer_conditioned,FT_K3,signed_sum,sentences,4,4,896,0.5,0.6666666666666666,0.5714285714285715,0.0,0.0,2,4,3,185,0,4,0,0.723404255319149,1.0
29,answer_conditioned,FT_K3,signed_sum,sentences,8,8,896,0.25,0.6666666666666666,0.36363636363636365,0.0,0.0,2,8,3,377,0,8,0,0.723404255319149,1.0
29,answer_conditioned,FT_K3,positive_mean_eligible,all_body_tokens,0.05,45,896,0.0,0.0,0.0,0.0,0.0,0,1,3,31,14,1,0,0.0,0.3333333333333333
29,answer_conditioned,FT_K3,positive_mean_eligible,all_body_tokens,0.1,90,896,0.5,0.3333333333333333,0.4,0.0,0.0,1,2,3,52,38,2,0,0.22340425531914893,0.6666666666666666
29,answer_conditioned,FT_K3,positive_mean_eligible,all_body_tokens,0.2,180,896,0.3333333333333333,0.6666666666666666,0.4444444444444444,0.0,0.0,2,6,3,147,33,6,0,0.723404255319149,1.0
29,answer_conditioned,FT_K3,positive_mean_eligible,sentences,2,2,896,0.5,0.3333333333333333,0.4,0.0,0.0,1,2,3,52,0,2,0,0.22340425531914893,0.6666666666666666
29,answer_conditioned,FT_K3,positive_mean_eligible,sentences,4,4,896,0.5,0.6666666666666666,0.5714285714285715,0.0,0.0,2,4,3,110,0,4,0,0.723404255319149,1.0
29,answer_conditioned,FT_K3,positive_mean_eligible,sentences,8,8,896,0.25,0.6666666666666666,0.36363636363636365,0.0,0.0,2,8,3,227,0,8,0,0.723404255319149,1.0
30,answer_conditioned,DT_target,signed_sum,all_body_tokens,0.05,64,1278,0.0,0.0,0.0,0.0,0.0,0,1,2,48,16,1,0,0.0,1.0
30,answer_conditioned,DT_target,signed_sum,all_body_tokens,0.1,128,1278,0.0,0.0,0.0,0.0,0.0,0,3,2,115,13,3,0,0.0,1.0
30,answer_conditioned,DT_target,signed_sum,all_body_tokens,0.2,256,1278,0.0,0.0,0.0,0.0,0.0,0,5,2,205,51,5,0,0.0,1.0
30,answer_conditioned,DT_target,signed_sum,sentences,2,2,1278,0.0,0.0,0.0,0.0,0.0,0,2,2,78,0,2,0,0.0,1.0
30,answer_conditioned,DT_target,signed_sum,sentences,4,4,1278,0.0,0.0,0.0,0.0,0.0,0,4,2,157,0,4,0,0.0,1.0
30,answer_conditioned,DT_target,signed_sum,sentences,8,8,1278,0.0,0.0,0.0,0.0,0.0,0,8,2,354,0,8,0,0.0,1.0
30,answer_conditioned,DT_target,positive_mean_eligible,all_body_tokens,0.05,64,1278,0.0,0.0,0.0,0.0,0.0,0,2,2,47,17,2,0,0.0,1.0
30,answer_conditioned,DT_target,positive_mean_eligible,all_body_tokens,0.1,128,1278,0.0,0.0,0.0,0.0,0.0,0,4,2,108,20,4,0,0.0,1.0
30,answer_conditioned,DT_target,positive_mean_eligible,all_body_tokens,0.2,256,1278,0.1111111111111111,0.5,0.1818181818181818,0.0,0.0,1,9,2,227,29,9,0,0.3018867924528302,1.0
30,answer_conditioned,DT_target,positive_mean_eligible,sentences,2,2,1278,0.0,0.0,0.0,0.0,0.0,0,2,2,47,0,2,0,0.0,1.0
30,answer_conditioned,DT_target,positive_mean_eligible,sentences,4,4,1278,0.0,0.0,0.0,0.0,0.0,0,4,2,108,0,4,0,0.0,1.0
30,answer_conditioned,DT_target,positive_mean_eligible,sentences,8,8,1278,0.125,0.5,0.2,0.0,0.0,1,8,2,179,0,8,0,0.3018867924528302,1.0
30,answer_conditioned,FT_K1,signed_sum,all_body_tokens,0.05,64,1278,0.0,0.0,0.0,0.0,0.0,0,1,2,51,13,1,0,0.0,1.0
30,answer_conditioned,FT_K1,signed_sum,all_body_tokens,0.1,128,1278,0.0,0.0,0.0,0.0,0.0,0,3,2,124,4,3,0,0.0,1.0
30,answer_conditioned,FT_K1,signed_sum,all_body_tokens,0.2,256,1278,0.0,0.0,0.0,0.0,0.0,0,5,2,247,9,5,0,0.0,1.0
30,answer_conditioned,FT_K1,signed_sum,sentences,2,2,1278,0.0,0.0,0.0,0.0,0.0,0,2,2,95,0,2,0,0.0,1.0
30,answer_conditioned,FT_K1,signed_sum,sentences,4,4,1278,0.0,0.0,0.0,0.0,0.0,0,4,2,154,0,4,0,0.0,1.0
30,answer_conditioned,FT_K1,signed_sum,sentences,8,8,1278,0.125,0.5,0.2,0.0,0.0,1,8,2,395,0,8,0,0.6981132075471698,1.0
30,answer_conditioned,FT_K1,positive_mean_eligible,all_body_tokens,0.05,64,1278,0.0,0.0,0.0,0.0,0.0,0,1,2,51,13,1,0,0.0,1.0
30,answer_conditioned,FT_K1,positive_mean_eligible,all_body_tokens,0.1,128,1278,0.25,0.5,0.3333333333333333,0.0,0.0,1,4,2,126,2,4,0,0.3018867924528302,1.0
30,answer_conditioned,FT_K1,positive_mean_eligible,all_body_tokens,0.2,256,1278,0.125,0.5,0.2,0.0,0.0,1,8,2,236,20,8,0,0.3018867924528302,1.0
30,answer_conditioned,FT_K1,positive_mean_eligible,sentences,2,2,1278,0.5,0.5,0.5,0.0,0.0,1,2,2,67,0,2,0,0.3018867924528302,1.0
30,answer_conditioned,FT_K1,positive_mean_eligible,sentences,4,4,1278,0.25,0.5,0.3333333333333333,0.0,0.0,1,4,2,126,0,4,0,0.3018867924528302,1.0
30,answer_conditioned,FT_K1,positive_mean_eligible,sentences,8,8,1278,0.125,0.5,0.2,0.0,0.0,1,8,2,236,0,8,0,0.3018867924528302,1.0
30,answer_conditioned,FT_K3,signed_sum,all_body_tokens,0.05,64,1278,0.0,0.0,0.0,0.0,0.0,0,1,2,51,13,1,0,0.0,1.0
30,answer_conditioned,FT_K3,signed_sum,all_body_tokens,0.1,128,1278,0.3333333333333333,0.5,0.4,0.0,0.0,1,3,2,111,17,3,0,0.3018867924528302,1.0
30,answer_conditioned,FT_K3,signed_sum,all_body_tokens,0.2,256,1278,0.3333333333333333,1.0,0.5,0.0,1.0,2,6,2,207,49,6,0,1.0,1.0
30,answer_conditioned,FT_K3,signed_sum,sentences,2,2,1278,0.5,0.5,0.5,0.0,0.0,1,2,2,67,0,2,0,0.3018867924528302,1.0
30,answer_conditioned,FT_K3,signed_sum,sentences,4,4,1278,0.25,0.5,0.3333333333333333,0.0,0.0,1,4,2,140,0,4,0,0.3018867924528302,1.0
30,answer_conditioned,FT_K3,signed_sum,sentences,8,8,1278,0.25,1.0,0.4,0.0,1.0,2,8,2,363,0,8,0,1.0,1.0
30,answer_conditioned,FT_K3,positive_mean_eligible,all_body_tokens,0.05,64,1278,1.0,0.5,0.6666666666666666,0.0,0.0,1,1,2,16,48,1,0,0.3018867924528302,1.0
30,answer_conditioned,FT_K3,positive_mean_eligible,all_body_tokens,0.1,128,1278,0.25,0.5,0.3333333333333333,0.0,0.0,1,4,2,126,2,4,0,0.3018867924528302,1.0
30,answer_conditioned,FT_K3,positive_mean_eligible,all_body_tokens,0.2,256,1278,0.25,1.0,0.4,0.0,1.0,2,8,2,245,11,8,0,1.0,1.0
30,answer_conditioned,FT_K3,positive_mean_eligible,sentences,2,2,1278,0.5,0.5,0.5,0.0,0.0,1,2,2,67,0,2,0,0.3018867924528302,1.0
30,answer_conditioned,FT_K3,positive_mean_eligible,sentences,4,4,1278,0.25,0.5,0.3333333333333333,0.0,0.0,1,4,2,126,0,4,0,0.3018867924528302,1.0
30,answer_conditioned,FT_K3,positive_mean_eligible,sentences,8,8,1278,0.25,1.0,0.4,0.0,1.0,2,8,2,245,0,8,0,1.0,1.0
31,answer_conditioned,DT_target,signed_sum,all_body_tokens,0.05,90,1796,0.5,0.5,0.5,0.0,0.0,1,2,2,69,21,2,0,0.25,1.0
31,answer_conditioned,DT_target,signed_sum,all_body_tokens,0.1,180,1796,0.25,0.5,0.3333333333333333,0.0,0.0,1,4,2,173,7,4,0,0.25,1.0
31,answer_conditioned,DT_target,signed_sum,all_body_tokens,0.2,360,1796,0.125,0.5,0.2,0.0,0.0,1,8,2,326,34,8,0,0.25,1.0
31,answer_conditioned,DT_target,signed_sum,sentences,2,2,1796,0.5,0.5,0.5,0.0,0.0,1,2,2,69,0,2,0,0.25,1.0
31,answer_conditioned,DT_target,signed_sum,sentences,4,4,1796,0.25,0.5,0.3333333333333333,0.0,0.0,1,4,2,173,0,4,0,0.25,1.0
31,answer_conditioned,DT_target,signed_sum,sentences,8,8,1796,0.125,0.5,0.2,0.0,0.0,1,8,2,326,0,8,0,0.25,1.0
31,answer_conditioned,DT_target,positive_mean_eligible,all_body_tokens,0.05,90,1796,0.5,0.5,0.5,0.0,0.0,1,2,2,69,21,2,0,0.25,1.0
31,answer_conditioned,DT_target,positive_mean_eligible,all_body_tokens,0.1,180,1796,0.25,0.5,0.3333333333333333,0.0,0.0,1,4,2,148,32,4,0,0.25,1.0
31,answer_conditioned,DT_target,positive_mean_eligible,all_body_tokens,0.2,360,1796,0.2222222222222222,1.0,0.3636363636363636,0.0,1.0,2,9,2,342,18,9,0,1.0,1.0
31,answer_conditioned,DT_target,positive_mean_eligible,sentences,2,2,1796,0.5,0.5,0.5,0.0,0.0,1,2,2,69,0,2,0,0.25,1.0
31,answer_conditioned,DT_target,positive_mean_eligible,sentences,4,4,1796,0.25,0.5,0.3333333333333333,0.0,0.0,1,4,2,148,0,4,0,0.25,1.0
31,answer_conditioned,DT_target,positive_mean_eligible,sentences,8,8,1796,0.25,1.0,0.4,0.0,1.0,2,8,2,308,0,8,0,1.0,1.0
31,answer_conditioned,FT_K1,signed_sum,all_body_tokens,0.05,90,1796,0.3333333333333333,0.5,0.4,0.0,0.0,1,3,2,83,7,3,0,0.25,1.0
31,answer_conditioned,FT_K1,signed_sum,all_body_tokens,0.1,180,1796,0.2,0.5,0.28571428571428575,0.0,0.0,1,5,2,180,0,5,0,0.25,1.0
31,answer_conditioned,FT_K1,signed_sum,all_body_tokens,0.2,360,1796,0.25,1.0,0.4,0.0,1.0,2,8,2,304,56,8,0,1.0,1.0
31,answer_conditioned,FT_K1,signed_sum,sentences,2,2,1796,0.5,0.5,0.5,0.0,0.0,1,2,2,51,0,2,0,0.25,1.0
31,answer_conditioned,FT_K1,signed_sum,sentences,4,4,1796,0.25,0.5,0.3333333333333333,0.0,0.0,1,4,2,137,0,4,0,0.25,1.0
31,answer_conditioned,FT_K1,signed_sum,sentences,8,8,1796,0.25,1.0,0.4,0.0,1.0,2,8,2,304,0,8,0,1.0,1.0
31,answer_conditioned,FT_K1,positive_mean_eligible,all_body_tokens,0.05,90,1796,0.3333333333333333,0.5,0.4,0.0,0.0,1,3,2,83,7,3,0,0.25,1.0
31,answer_conditioned,FT_K1,positive_mean_eligible,all_body_tokens,0.1,180,1796,0.16666666666666666,0.5,0.25,0.0,0.0,1,6,2,148,32,6,0,0.25,1.0
31,answer_conditioned,FT_K1,positive_mean_eligible,all_body_tokens,0.2,360,1796,0.09090909090909091,0.5,0.15384615384615385,0.0,0.0,1,11,2,346,14,11,0,0.25,1.0
31,answer_conditioned,FT_K1,positive_mean_eligible,sentences,2,2,1796,0.5,0.5,0.5,0.0,0.0,1,2,2,47,0,2,0,0.25,1.0
31,answer_conditioned,FT_K1,positive_mean_eligible,sentences,4,4,1796,0.25,0.5,0.3333333333333333,0.0,0.0,1,4,2,96,0,4,0,0.25,1.0
31,answer_conditioned,FT_K1,positive_mean_eligible,sentences,8,8,1796,0.125,0.5,0.2,0.0,0.0,1,8,2,245,0,8,0,0.25,1.0
31,answer_conditioned,FT_K3,signed_sum,all_body_tokens,0.05,90,1796,0.5,0.5,0.5,0.0,0.0,1,2,2,69,21,2,0,0.25,1.0
31,answer_conditioned,FT_K3,signed_sum,all_body_tokens,0.1,180,1796,0.25,0.5,0.3333333333333333,0.0,0.0,1,4,2,137,43,4,0,0.25,1.0
31,answer_conditioned,FT_K3,signed_sum,all_body_tokens,0.2,360,1796,0.2222222222222222,1.0,0.3636363636363636,0.0,1.0,2,9,2,355,5,9,0,1.0,1.0
31,answer_conditioned,FT_K3,signed_sum,sentences,2,2,1796,0.5,0.5,0.5,0.0,0.0,1,2,2,69,0,2,0,0.25,1.0
31,answer_conditioned,FT_K3,signed_sum,sentences,4,4,1796,0.25,0.5,0.3333333333333333,0.0,0.0,1,4,2,137,0,4,0,0.25,1.0
31,answer_conditioned,FT_K3,signed_sum,sentences,8,8,1796,0.25,1.0,0.4,0.0,1.0,2,8,2,312,0,8,0,1.0,1.0
31,answer_conditioned,FT_K3,positive_mean_eligible,all_body_tokens,0.05,90,1796,0.3333333333333333,0.5,0.4,0.0,0.0,1,3,2,60,30,3,0,0.25,1.0
31,answer_conditioned,FT_K3,positive_mean_eligible,all_body_tokens,0.1,180,1796,0.16666666666666666,0.5,0.25,0.0,0.0,1,6,2,148,32,6,0,0.25,1.0
31,answer_conditioned,FT_K3,positive_mean_eligible,all_body_tokens,0.2,360,1796,0.18181818181818182,1.0,0.3076923076923077,0.0,1.0,2,11,2,351,9,11,0,1.0,1.0
31,answer_conditioned,FT_K3,positive_mean_eligible,sentences,2,2,1796,0.5,0.5,0.5,0.0,0.0,1,2,2,47,0,2,0,0.25,1.0
31,answer_conditioned,FT_K3,positive_mean_eligible,sentences,4,4,1796,0.25,0.5,0.3333333333333333,0.0,0.0,1,4,2,96,0,4,0,0.25,1.0
31,answer_conditioned,FT_K3,positive_mean_eligible,sentences,8,8,1796,0.125,0.5,0.2,0.0,0.0,1,8,2,238,0,8,0,0.25,1.0
32,answer_conditioned,DT_target,signed_sum,all_body_tokens,0.05,60,1191,1.0,0.3333333333333333,0.5,0.0,0.0,1,1,3,38,22,1,0,0.3247863247863248,0.6666666666666666
32,answer_conditioned,DT_target,signed_sum,all_body_tokens,0.1,120,1191,0.3333333333333333,0.3333333333333333,0.3333333333333333,0.0,0.0,1,3,3,118,2,3,0,0.3247863247863248,1.0
32,answer_conditioned,DT_target,signed_sum,all_body_tokens,0.2,239,1191,0.2,0.3333333333333333,0.25,0.0,0.0,1,5,3,223,16,5,0,0.3247863247863248,1.0
32,answer_conditioned,DT_target,signed_sum,sentences,2,2,1191,0.5,0.3333333333333333,0.4,0.0,0.0,1,2,3,91,0,2,0,0.3247863247863248,0.6666666666666666
32,answer_conditioned,DT_target,signed_sum,sentences,4,4,1191,0.25,0.3333333333333333,0.28571428571428575,0.0,0.0,1,4,3,199,0,4,0,0.3247863247863248,1.0
32,answer_conditioned,DT_target,signed_sum,sentences,8,8,1191,0.125,0.3333333333333333,0.18181818181818182,0.0,0.0,1,8,3,345,0,8,0,0.3247863247863248,1.0
32,answer_conditioned,DT_target,positive_mean_eligible,all_body_tokens,0.05,60,1191,0.0,0.0,0.0,0.0,0.0,0,1,3,27,33,1,0,0.0,0.6666666666666666
32,answer_conditioned,DT_target,positive_mean_eligible,all_body_tokens,0.1,120,1191,0.3333333333333333,0.3333333333333333,0.3333333333333333,0.0,0.0,1,3,3,110,10,3,0,0.3247863247863248,1.0
32,answer_conditioned,DT_target,positive_mean_eligible,all_body_tokens,0.2,239,1191,0.16666666666666666,0.3333333333333333,0.2222222222222222,0.0,0.0,1,6,3,220,19,6,0,0.3247863247863248,1.0
32,answer_conditioned,DT_target,positive_mean_eligible,sentences,2,2,1191,0.5,0.3333333333333333,0.4,0.0,0.0,1,2,3,65,0,2,0,0.3247863247863248,0.6666666666666666
32,answer_conditioned,DT_target,positive_mean_eligible,sentences,4,4,1191,0.25,0.3333333333333333,0.28571428571428575,0.0,0.0,1,4,3,163,0,4,0,0.3247863247863248,1.0
32,answer_conditioned,DT_target,positive_mean_eligible,sentences,8,8,1191,0.25,0.6666666666666666,0.36363636363636365,0.0,0.0,2,8,3,311,0,8,0,0.41025641025641024,1.0
32,answer_conditioned,FT_K1,signed_sum,all_body_tokens,0.05,60,1191,1.0,0.3333333333333333,0.5,0.0,0.0,1,1,3,38,22,1,0,0.3247863247863248,0.6666666666666666
32,answer_conditioned,FT_K1,signed_sum,all_body_tokens,0.1,120,1191,0.5,0.3333333333333333,0.4,0.0,0.0,1,2,3,102,18,2,0,0.3247863247863248,1.0
32,answer_conditioned,FT_K1,signed_sum,all_body_tokens,0.2,239,1191,0.25,0.3333333333333333,0.28571428571428575,0.0,0.0,1,4,3,216,23,4,0,0.3247863247863248,1.0
32,answer_conditioned,FT_K1,signed_sum,sentences,2,2,1191,0.5,0.3333333333333333,0.4,0.0,0.0,1,2,3,102,0,2,0,0.3247863247863248,0.6666666666666666
32,answer_conditioned,FT_K1,signed_sum,sentences,4,4,1191,0.25,0.3333333333333333,0.28571428571428575,0.0,0.0,1,4,3,216,0,4,0,0.3247863247863248,1.0
32,answer_conditioned,FT_K1,signed_sum,sentences,8,8,1191,0.25,0.6666666666666666,0.36363636363636365,0.0,0.0,2,8,3,418,0,8,0,0.9145299145299145,1.0
32,answer_conditioned,FT_K1,positive_mean_eligible,all_body_tokens,0.05,60,1191,1.0,0.6666666666666666,0.8,0.0,0.0,2,2,3,48,12,2,0,0.41025641025641024,0.6666666666666666
32,answer_conditioned,FT_K1,positive_mean_eligible,all_body_tokens,0.1,120,1191,0.6666666666666666,0.6666666666666666,0.6666666666666666,0.0,0.0,2,3,3,112,8,3,0,0.41025641025641024,1.0
32,answer_conditioned,FT_K1,positive_mean_eligible,all_body_tokens,0.2,239,1191,0.2,0.6666666666666666,0.30769230769230765,0.0,0.0,2,10,3,236,3,10,0,0.41025641025641024,1.0
32,answer_conditioned,FT_K1,positive_mean_eligible,sentences,2,2,1191,1.0,0.6666666666666666,0.8,0.0,0.0,2,2,3,48,0,2,0,0.41025641025641024,0.6666666666666666
32,answer_conditioned,FT_K1,positive_mean_eligible,sentences,4,4,1191,0.5,0.6666666666666666,0.5714285714285715,0.0,0.0,2,4,3,145,0,4,0,0.41025641025641024,1.0
32,answer_conditioned,FT_K1,positive_mean_eligible,sentences,8,8,1191,0.25,0.6666666666666666,0.36363636363636365,0.0,0.0,2,8,3,210,0,8,0,0.41025641025641024,1.0
32,answer_conditioned,FT_K3,signed_sum,all_body_tokens,0.05,60,1191,1.0,0.3333333333333333,0.5,0.0,0.0,1,1,3,38,22,1,0,0.3247863247863248,0.6666666666666666
32,answer_conditioned,FT_K3,signed_sum,all_body_tokens,0.1,120,1191,0.5,0.3333333333333333,0.4,0.0,0.0,1,2,3,102,18,2,0,0.3247863247863248,1.0
32,answer_conditioned,FT_K3,signed_sum,all_body_tokens,0.2,239,1191,0.25,0.3333333333333333,0.28571428571428575,0.0,0.0,1,4,3,180,59,4,0,0.3247863247863248,1.0
32,answer_conditioned,FT_K3,signed_sum,sentences,2,2,1191,0.5,0.3333333333333333,0.4,0.0,0.0,1,2,3,102,0,2,0,0.3247863247863248,0.6666666666666666
32,answer_conditioned,FT_K3,signed_sum,sentences,4,4,1191,0.25,0.3333333333333333,0.28571428571428575,0.0,0.0,1,4,3,180,0,4,0,0.3247863247863248,1.0
32,answer_conditioned,FT_K3,signed_sum,sentences,8,8,1191,0.25,0.6666666666666666,0.36363636363636365,0.0,0.0,2,8,3,418,0,8,0,0.9145299145299145,1.0
32,answer_conditioned,FT_K3,positive_mean_eligible,all_body_tokens,0.05,60,1191,1.0,0.6666666666666666,0.8,0.0,0.0,2,2,3,48,12,2,0,0.41025641025641024,0.6666666666666666
32,answer_conditioned,FT_K3,positive_mean_eligible,all_body_tokens,0.1,120,1191,0.6666666666666666,0.6666666666666666,0.6666666666666666,0.0,0.0,2,3,3,112,8,3,0,0.41025641025641024,1.0
32,answer_conditioned,FT_K3,positive_mean_eligible,all_body_tokens,0.2,239,1191,0.2222222222222222,0.6666666666666666,0.3333333333333333,0.0,0.0,2,9,3,220,19,9,0,0.41025641025641024,1.0
32,answer_conditioned,FT_K3,positive_mean_eligible,sentences,2,2,1191,1.0,0.6666666666666666,0.8,0.0,0.0,2,2,3,48,0,2,0,0.41025641025641024,0.6666666666666666
32,answer_conditioned,FT_K3,positive_mean_eligible,sentences,4,4,1191,0.5,0.6666666666666666,0.5714285714285715,0.0,0.0,2,4,3,145,0,4,0,0.41025641025641024,1.0
32,answer_conditioned,FT_K3,positive_mean_eligible,sentences,8,8,1191,0.25,0.6666666666666666,0.36363636363636365,0.0,0.0,2,8,3,210,0,8,0,0.41025641025641024,1.0
33,answer_conditioned,DT_target,signed_sum,all_body_tokens,0.05,55,1095,0.0,0.0,0.0,0.0,0.0,0,0,3,0,55,0,1,0.0,0.6666666666666666
33,answer_conditioned,DT_target,signed_sum,all_body_tokens,0.1,110,1095,0.0,0.0,0.0,0.0,0.0,0,3,3,99,11,3,0,0.0,1.0
33,answer_conditioned,DT_target,signed_sum,all_body_tokens,0.2,219,1095,0.0,0.0,0.0,0.0,0.0,0,9,3,218,1,9,0,0.0,1.0
33,answer_conditioned,DT_target,signed_sum,sentences,2,2,1095,0.0,0.0,0.0,0.0,0.0,0,2,3,85,0,2,0,0.0,0.6666666666666666
33,answer_conditioned,DT_target,signed_sum,sentences,4,4,1095,0.0,0.0,0.0,0.0,0.0,0,4,3,128,0,4,0,0.0,1.0
33,answer_conditioned,DT_target,signed_sum,sentences,8,8,1095,0.0,0.0,0.0,0.0,0.0,0,8,3,206,0,8,0,0.0,1.0
33,answer_conditioned,DT_target,positive_mean_eligible,all_body_tokens,0.05,55,1095,0.0,0.0,0.0,0.0,0.0,0,1,3,49,6,1,0,0.0,0.6666666666666666
33,answer_conditioned,DT_target,positive_mean_eligible,all_body_tokens,0.1,110,1095,0.0,0.0,0.0,0.0,0.0,0,2,3,78,32,2,0,0.0,1.0
33,answer_conditioned,DT_target,positive_mean_eligible,all_body_tokens,0.2,219,1095,0.0,0.0,0.0,0.0,0.0,0,7,3,216,3,7,0,0.0,1.0
33,answer_conditioned,DT_target,positive_mean_eligible,sentences,2,2,1095,0.0,0.0,0.0,0.0,0.0,0,2,3,78,0,2,0,0.0,0.6666666666666666
33,answer_conditioned,DT_target,positive_mean_eligible,sentences,4,4,1095,0.0,0.0,0.0,0.0,0.0,0,4,3,157,0,4,0,0.0,1.0
33,answer_conditioned,DT_target,positive_mean_eligible,sentences,8,8,1095,0.0,0.0,0.0,0.0,0.0,0,8,3,246,0,8,0,0.0,1.0
33,answer_conditioned,FT_K1,signed_sum,all_body_tokens,0.05,55,1095,1.0,0.3333333333333333,0.5,0.0,0.0,1,1,3,20,35,1,0,0.2,0.6666666666666666
33,answer_conditioned,FT_K1,signed_sum,all_body_tokens,0.1,110,1095,1.0,0.6666666666666666,0.8,0.0,0.0,2,2,3,81,29,2,0,0.81,1.0
33,answer_conditioned,FT_K1,signed_sum,all_body_tokens,0.2,219,1095,0.6666666666666666,0.6666666666666666,0.6666666666666666,0.0,0.0,2,3,3,216,3,3,0,0.81,1.0
33,answer_conditioned,FT_K1,signed_sum,sentences,2,2,1095,1.0,0.6666666666666666,0.8,0.0,0.0,2,2,3,81,0,2,0,0.81,0.6666666666666666
33,answer_conditioned,FT_K1,signed_sum,sentences,4,4,1095,0.5,0.6666666666666666,0.5714285714285715,0.0,0.0,2,4,3,265,0,4,0,0.81,1.0
33,answer_conditioned,FT_K1,signed_sum,sentences,8,8,1095,0.25,0.6666666666666666,0.36363636363636365,0.0,0.0,2,8,3,412,0,8,0,0.81,1.0
33,answer_conditioned,FT_K1,positive_mean_eligible,all_body_tokens,0.05,55,1095,1.0,0.3333333333333333,0.5,0.0,0.0,1,1,3,20,35,1,0,0.2,0.6666666666666666
33,answer_conditioned,FT_K1,positive_mean_eligible,all_body_tokens,0.1,110,1095,1.0,1.0,1.0,1.0,1.0,3,3,3,100,10,3,0,1.0,1.0
33,answer_conditioned,FT_K1,positive_mean_eligible,all_body_tokens,0.2,219,1095,0.42857142857142855,1.0,0.6,0.0,1.0,3,7,3,211,8,7,0,1.0,1.0
33,answer_conditioned,FT_K1,positive_mean_eligible,sentences,2,2,1095,1.0,0.6666666666666666,0.8,0.0,0.0,2,2,3,81,0,2,0,0.81,0.6666666666666666
33,answer_conditioned,FT_K1,positive_mean_eligible,sentences,4,4,1095,0.75,1.0,0.8571428571428571,0.0,1.0,3,4,3,129,0,4,0,1.0,1.0
33,answer_conditioned,FT_K1,positive_mean_eligible,sentences,8,8,1095,0.375,1.0,0.5454545454545454,0.0,1.0,3,8,3,245,0,8,0,1.0,1.0
33,answer_conditioned,FT_K3,signed_sum,all_body_tokens,0.05,55,1095,1.0,0.3333333333333333,0.5,0.0,0.0,1,1,3,20,35,1,0,0.2,0.6666666666666666
33,answer_conditioned,FT_K3,signed_sum,all_body_tokens,0.1,110,1095,1.0,0.6666666666666666,0.8,0.0,0.0,2,2,3,81,29,2,0,0.81,1.0
33,answer_conditioned,FT_K3,signed_sum,all_body_tokens,0.2,219,1095,0.6666666666666666,0.6666666666666666,0.6666666666666666,0.0,0.0,2,3,3,216,3,3,0,0.81,1.0
33,answer_conditioned,FT_K3,signed_sum,sentences,2,2,1095,1.0,0.6666666666666666,0.8,0.0,0.0,2,2,3,81,0,2,0,0.81,0.6666666666666666
33,answer_conditioned,FT_K3,signed_sum,sentences,4,4,1095,0.5,0.6666666666666666,0.5714285714285715,0.0,0.0,2,4,3,265,0,4,0,0.81,1.0
33,answer_conditioned,FT_K3,signed_sum,sentences,8,8,1095,0.25,0.6666666666666666,0.36363636363636365,0.0,0.0,2,8,3,412,0,8,0,0.81,1.0
33,answer_conditioned,FT_K3,positive_mean_eligible,all_body_tokens,0.05,55,1095,1.0,0.3333333333333333,0.5,0.0,0.0,1,1,3,20,35,1,0,0.2,0.6666666666666666
33,answer_conditioned,FT_K3,positive_mean_eligible,all_body_tokens,0.1,110,1095,0.6666666666666666,0.6666666666666666,0.6666666666666666,0.0,0.0,2,3,3,110,0,3,0,0.81,1.0
33,answer_conditioned,FT_K3,positive_mean_eligible,all_body_tokens,0.2,219,1095,0.42857142857142855,1.0,0.6,0.0,1.0,3,7,3,211,8,7,0,1.0,1.0
33,answer_conditioned,FT_K3,positive_mean_eligible,sentences,2,2,1095,1.0,0.6666666666666666,0.8,0.0,0.0,2,2,3,81,0,2,0,0.81,0.6666666666666666
33,answer_conditioned,FT_K3,positive_mean_eligible,sentences,4,4,1095,0.75,1.0,0.8571428571428571,0.0,1.0,3,4,3,129,0,4,0,1.0,1.0
33,answer_conditioned,FT_K3,positive_mean_eligible,sentences,8,8,1095,0.375,1.0,0.5454545454545454,0.0,1.0,3,8,3,245,0,8,0,1.0,1.0
34,answer_conditioned,DT_target,signed_sum,all_body_tokens,0.05,52,1036,1.0,0.5,0.6666666666666666,0.0,0.0,1,1,2,33,19,1,0,0.6346153846153846,1.0
34,answer_conditioned,DT_target,signed_sum,all_body_tokens,0.1,104,1036,0.3333333333333333,0.5,0.4,0.0,0.0,1,3,2,74,30,3,0,0.6346153846153846,1.0
34,answer_conditioned,DT_target,signed_sum,all_body_tokens,0.2,208,1036,0.14285714285714285,0.5,0.22222222222222224,0.0,0.0,1,7,2,206,2,7,0,0.6346153846153846,1.0
34,answer_conditioned,DT_target,signed_sum,sentences,2,2,1036,0.5,0.5,0.5,0.0,0.0,1,2,2,54,0,2,0,0.6346153846153846,1.0
34,answer_conditioned,DT_target,signed_sum,sentences,4,4,1036,0.25,0.5,0.3333333333333333,0.0,0.0,1,4,2,110,0,4,0,0.6346153846153846,1.0
34,answer_conditioned,DT_target,signed_sum,sentences,8,8,1036,0.125,0.5,0.2,0.0,0.0,1,8,2,244,0,8,0,0.6346153846153846,1.0
34,answer_conditioned,DT_target,positive_mean_eligible,all_body_tokens,0.05,52,1036,1.0,0.5,0.6666666666666666,0.0,0.0,1,1,2,33,19,1,0,0.6346153846153846,1.0
34,answer_conditioned,DT_target,positive_mean_eligible,all_body_tokens,0.1,104,1036,0.25,0.5,0.3333333333333333,0.0,0.0,1,4,2,89,15,4,0,0.6346153846153846,1.0
34,answer_conditioned,DT_target,positive_mean_eligible,all_body_tokens,0.2,208,1036,0.14285714285714285,0.5,0.22222222222222224,0.0,0.0,1,7,2,200,8,7,0,0.6346153846153846,1.0
34,answer_conditioned,DT_target,positive_mean_eligible,sentences,2,2,1036,0.5,0.5,0.5,0.0,0.0,1,2,2,54,0,2,0,0.6346153846153846,1.0
34,answer_conditioned,DT_target,positive_mean_eligible,sentences,4,4,1036,0.25,0.5,0.3333333333333333,0.0,0.0,1,4,2,89,0,4,0,0.6346153846153846,1.0
34,answer_conditioned,DT_target,positive_mean_eligible,sentences,8,8,1036,0.125,0.5,0.2,0.0,0.0,1,8,2,219,0,8,0,0.6346153846153846,1.0
34,answer_conditioned,FT_K1,signed_sum,all_body_tokens,0.05,52,1036,1.0,0.5,0.6666666666666666,0.0,0.0,1,1,2,33,19,1,0,0.6346153846153846,1.0
34,answer_conditioned,FT_K1,signed_sum,all_body_tokens,0.1,104,1036,0.3333333333333333,0.5,0.4,0.0,0.0,1,3,2,100,4,3,0,0.6346153846153846,1.0
34,answer_conditioned,FT_K1,signed_sum,all_body_tokens,0.2,208,1036,0.14285714285714285,0.5,0.22222222222222224,0.0,0.0,1,7,2,204,4,7,0,0.6346153846153846,1.0
34,answer_conditioned,FT_K1,signed_sum,sentences,2,2,1036,0.5,0.5,0.5,0.0,0.0,1,2,2,54,0,2,0,0.6346153846153846,1.0
34,answer_conditioned,FT_K1,signed_sum,sentences,4,4,1036,0.25,0.5,0.3333333333333333,0.0,0.0,1,4,2,116,0,4,0,0.6346153846153846,1.0
34,answer_conditioned,FT_K1,signed_sum,sentences,8,8,1036,0.125,0.5,0.2,0.0,0.0,1,8,2,243,0,8,0,0.6346153846153846,1.0
34,answer_conditioned,FT_K1,positive_mean_eligible,all_body_tokens,0.05,52,1036,1.0,0.5,0.6666666666666666,0.0,0.0,1,1,2,33,19,1,0,0.6346153846153846,1.0
34,answer_conditioned,FT_K1,positive_mean_eligible,all_body_tokens,0.1,104,1036,0.2,0.5,0.28571428571428575,0.0,0.0,1,5,2,96,8,5,0,0.6346153846153846,1.0
34,answer_conditioned,FT_K1,positive_mean_eligible,all_body_tokens,0.2,208,1036,0.1111111111111111,0.5,0.1818181818181818,0.0,0.0,1,9,2,193,15,9,0,0.6346153846153846,1.0
34,answer_conditioned,FT_K1,positive_mean_eligible,sentences,2,2,1036,0.5,0.5,0.5,0.0,0.0,1,2,2,54,0,2,0,0.6346153846153846,1.0
34,answer_conditioned,FT_K1,positive_mean_eligible,sentences,4,4,1036,0.25,0.5,0.3333333333333333,0.0,0.0,1,4,2,85,0,4,0,0.6346153846153846,1.0
34,answer_conditioned,FT_K1,positive_mean_eligible,sentences,8,8,1036,0.125,0.5,0.2,0.0,0.0,1,8,2,165,0,8,0,0.6346153846153846,1.0
34,answer_conditioned,FT_K3,signed_sum,all_body_tokens,0.05,52,1036,1.0,0.5,0.6666666666666666,0.0,0.0,1,1,2,33,19,1,0,0.6346153846153846,1.0
34,answer_conditioned,FT_K3,signed_sum,all_body_tokens,0.1,104,1036,0.3333333333333333,0.5,0.4,0.0,0.0,1,3,2,100,4,3,0,0.6346153846153846,1.0
34,answer_conditioned,FT_K3,signed_sum,all_body_tokens,0.2,208,1036,0.16666666666666666,0.5,0.25,0.0,0.0,1,6,2,189,19,6,0,0.6346153846153846,1.0
34,answer_conditioned,FT_K3,signed_sum,sentences,2,2,1036,0.5,0.5,0.5,0.0,0.0,1,2,2,54,0,2,0,0.6346153846153846,1.0
34,answer_conditioned,FT_K3,signed_sum,sentences,4,4,1036,0.25,0.5,0.3333333333333333,0.0,0.0,1,4,2,116,0,4,0,0.6346153846153846,1.0
34,answer_conditioned,FT_K3,signed_sum,sentences,8,8,1036,0.125,0.5,0.2,0.0,0.0,1,8,2,243,0,8,0,0.6346153846153846,1.0
34,answer_conditioned,FT_K3,positive_mean_eligible,all_body_tokens,0.05,52,1036,1.0,0.5,0.6666666666666666,0.0,0.0,1,1,2,33,19,1,0,0.6346153846153846,1.0
34,answer_conditioned,FT_K3,positive_mean_eligible,all_body_tokens,0.1,104,1036,0.2,0.5,0.28571428571428575,0.0,0.0,1,5,2,96,8,5,0,0.6346153846153846,1.0
34,answer_conditioned,FT_K3,positive_mean_eligible,all_body_tokens,0.2,208,1036,0.2222222222222222,1.0,0.3636363636363636,0.0,1.0,2,9,2,184,24,9,0,1.0,1.0
34,answer_conditioned,FT_K3,positive_mean_eligible,sentences,2,2,1036,0.5,0.5,0.5,0.0,0.0,1,2,2,54,0,2,0,0.6346153846153846,1.0
34,answer_conditioned,FT_K3,positive_mean_eligible,sentences,4,4,1036,0.25,0.5,0.3333333333333333,0.0,0.0,1,4,2,85,0,4,0,0.6346153846153846,1.0
34,answer_conditioned,FT_K3,positive_mean_eligible,sentences,8,8,1036,0.25,1.0,0.4,0.0,1.0,2,8,2,164,0,8,0,1.0,1.0
35,answer_conditioned,DT_target,signed_sum,all_body_tokens,0.05,61,1208,0.5,0.3333333333333333,0.4,0.0,0.0,1,2,3,44,17,2,0,0.2375,0.6666666666666666
35,answer_conditioned,DT_target,signed_sum,all_body_tokens,0.1,121,1208,0.5,0.6666666666666666,0.5714285714285715,0.0,0.0,2,4,3,93,28,4,0,0.625,1.0
35,answer_conditioned,DT_target,signed_sum,all_body_tokens,0.2,242,1208,0.3,1.0,0.4615384615384615,0.0,1.0,3,10,3,232,10,10,0,1.0,1.0
35,answer_conditioned,DT_target,signed_sum,sentences,2,2,1208,0.5,0.3333333333333333,0.4,0.0,0.0,1,2,3,44,0,2,0,0.2375,0.6666666666666666
35,answer_conditioned,DT_target,signed_sum,sentences,4,4,1208,0.5,0.6666666666666666,0.5714285714285715,0.0,0.0,2,4,3,93,0,4,0,0.625,1.0
35,answer_conditioned,DT_target,signed_sum,sentences,8,8,1208,0.375,1.0,0.5454545454545454,0.0,1.0,3,8,3,173,0,8,0,1.0,1.0
35,answer_conditioned,DT_target,positive_mean_eligible,all_body_tokens,0.05,61,1208,0.3333333333333333,0.3333333333333333,0.3333333333333333,0.0,0.0,1,3,3,52,9,3,0,0.2375,0.6666666666666666
35,answer_conditioned,DT_target,positive_mean_eligible,all_body_tokens,0.1,121,1208,0.4,0.6666666666666666,0.5,0.0,0.0,2,5,3,108,13,5,0,0.625,1.0
35,answer_conditioned,DT_target,positive_mean_eligible,all_body_tokens,0.2,242,1208,0.3,1.0,0.4615384615384615,0.0,1.0,3,10,3,217,25,10,0,1.0,1.0
35,answer_conditioned,DT_target,positive_mean_eligible,sentences,2,2,1208,0.5,0.3333333333333333,0.4,0.0,0.0,1,2,3,37,0,2,0,0.2375,0.6666666666666666
35,answer_conditioned,DT_target,positive_mean_eligible,sentences,4,4,1208,0.25,0.3333333333333333,0.28571428571428575,0.0,0.0,1,4,3,77,0,4,0,0.2375,1.0
35,answer_conditioned,DT_target,positive_mean_eligible,sentences,8,8,1208,0.375,1.0,0.5454545454545454,0.0,1.0,3,8,3,173,0,8,0,1.0,1.0
35,answer_conditioned,FT_K1,signed_sum,all_body_tokens,0.05,61,1208,0.5,0.3333333333333333,0.4,0.0,0.0,1,2,3,37,24,2,0,0.2375,0.6666666666666666
35,answer_conditioned,FT_K1,signed_sum,all_body_tokens,0.1,121,1208,0.4,0.6666666666666666,0.5,0.0,0.0,2,5,3,121,0,5,0,0.625,1.0
35,answer_conditioned,FT_K1,signed_sum,all_body_tokens,0.2,242,1208,0.2857142857142857,0.6666666666666666,0.4,0.0,0.0,2,7,3,205,37,7,0,0.625,1.0
35,answer_conditioned,FT_K1,signed_sum,sentences,2,2,1208,0.5,0.3333333333333333,0.4,0.0,0.0,1,2,3,37,0,2,0,0.2375,0.6666666666666666
35,answer_conditioned,FT_K1,signed_sum,sentences,4,4,1208,0.5,0.6666666666666666,0.5714285714285715,0.0,0.0,2,4,3,99,0,4,0,0.625,1.0
35,answer_conditioned,FT_K1,signed_sum,sentences,8,8,1208,0.25,0.6666666666666666,0.36363636363636365,0.0,0.0,2,8,3,246,0,8,0,0.625,1.0
35,answer_conditioned,FT_K1,positive_mean_eligible,all_body_tokens,0.05,61,1208,0.3333333333333333,0.3333333333333333,0.3333333333333333,0.0,0.0,1,3,3,59,2,3,0,0.2375,0.6666666666666666
35,answer_conditioned,FT_K1,positive_mean_eligible,all_body_tokens,0.1,121,1208,0.4,0.6666666666666666,0.5,0.0,0.0,2,5,3,108,13,5,0,0.625,1.0
35,answer_conditioned,FT_K1,positive_mean_eligible,all_body_tokens,0.2,242,1208,0.18181818181818182,0.6666666666666666,0.28571428571428575,0.0,0.0,2,11,3,240,2,11,0,0.625,1.0
35,answer_conditioned,FT_K1,positive_mean_eligible,sentences,2,2,1208,0.5,0.3333333333333333,0.4,0.0,0.0,1,2,3,37,0,2,0,0.2375,0.6666666666666666
35,answer_conditioned,FT_K1,positive_mean_eligible,sentences,4,4,1208,0.25,0.3333333333333333,0.28571428571428575,0.0,0.0,1,4,3,77,0,4,0,0.2375,1.0
35,answer_conditioned,FT_K1,positive_mean_eligible,sentences,8,8,1208,0.25,0.6666666666666666,0.36363636363636365,0.0,0.0,2,8,3,175,0,8,0,0.625,1.0
35,answer_conditioned,FT_K3,signed_sum,all_body_tokens,0.05,61,1208,0.5,0.3333333333333333,0.4,0.0,0.0,1,2,3,37,24,2,0,0.2375,0.6666666666666666
35,answer_conditioned,FT_K3,signed_sum,all_body_tokens,0.1,121,1208,0.4,0.6666666666666666,0.5,0.0,0.0,2,5,3,121,0,5,0,0.625,1.0
35,answer_conditioned,FT_K3,signed_sum,all_body_tokens,0.2,242,1208,0.2857142857142857,0.6666666666666666,0.4,0.0,0.0,2,7,3,205,37,7,0,0.625,1.0
35,answer_conditioned,FT_K3,signed_sum,sentences,2,2,1208,0.5,0.3333333333333333,0.4,0.0,0.0,1,2,3,37,0,2,0,0.2375,0.6666666666666666
35,answer_conditioned,FT_K3,signed_sum,sentences,4,4,1208,0.5,0.6666666666666666,0.5714285714285715,0.0,0.0,2,4,3,99,0,4,0,0.625,1.0
35,answer_conditioned,FT_K3,signed_sum,sentences,8,8,1208,0.25,0.6666666666666666,0.36363636363636365,0.0,0.0,2,8,3,246,0,8,0,0.625,1.0
35,answer_conditioned,FT_K3,positive_mean_eligible,all_body_tokens,0.05,61,1208,0.3333333333333333,0.3333333333333333,0.3333333333333333,0.0,0.0,1,3,3,59,2,3,0,0.2375,0.6666666666666666
35,answer_conditioned,FT_K3,positive_mean_eligible,all_body_tokens,0.1,121,1208,0.4,0.6666666666666666,0.5,0.0,0.0,2,5,3,108,13,5,0,0.625,1.0
35,answer_conditioned,FT_K3,positive_mean_eligible,all_body_tokens,0.2,242,1208,0.18181818181818182,0.6666666666666666,0.28571428571428575,0.0,0.0,2,11,3,240,2,11,0,0.625,1.0
35,answer_conditioned,FT_K3,positive_mean_eligible,sentences,2,2,1208,0.5,0.3333333333333333,0.4,0.0,0.0,1,2,3,37,0,2,0,0.2375,0.6666666666666666
35,answer_conditioned,FT_K3,positive_mean_eligible,sentences,4,4,1208,0.5,0.6666666666666666,0.5714285714285715,0.0,0.0,2,4,3,90,0,4,0,0.625,1.0
35,answer_conditioned,FT_K3,positive_mean_eligible,sentences,8,8,1208,0.25,0.6666666666666666,0.36363636363636365,0.0,0.0,2,8,3,175,0,8,0,0.625,1.0
36,answer_conditioned,DT_target,signed_sum,all_body_tokens,0.05,78,1544,0.0,0.0,0.0,0.0,0.0,0,2,2,52,26,2,0,0.0,1.0
36,answer_conditioned,DT_target,signed_sum,all_body_tokens,0.1,155,1544,0.0,0.0,0.0,0.0,0.0,0,6,2,155,0,6,0,0.0,1.0
36,answer_conditioned,DT_target,signed_sum,all_body_tokens,0.2,309,1544,0.09090909090909091,0.5,0.15384615384615385,0.0,0.0,1,11,2,288,21,11,0,0.5102040816326531,1.0
36,answer_conditioned,DT_target,signed_sum,sentences,2,2,1544,0.0,0.0,0.0,0.0,0.0,0,2,2,52,0,2,0,0.0,1.0
36,answer_conditioned,DT_target,signed_sum,sentences,4,4,1544,0.0,0.0,0.0,0.0,0.0,0,4,2,120,0,4,0,0.0,1.0
36,answer_conditioned,DT_target,signed_sum,sentences,8,8,1544,0.0,0.0,0.0,0.0,0.0,0,8,2,215,0,8,0,0.0,1.0
36,answer_conditioned,DT_target,positive_mean_eligible,all_body_tokens,0.05,78,1544,0.0,0.0,0.0,0.0,0.0,0,2,2,52,26,2,0,0.0,1.0
36,answer_conditioned,DT_target,positive_mean_eligible,all_body_tokens,0.1,155,1544,0.16666666666666666,0.5,0.25,0.0,0.0,1,6,2,146,9,6,0,0.4897959183673469,1.0
36,answer_conditioned,DT_target,positive_mean_eligible,all_body_tokens,0.2,309,1544,0.07142857142857142,0.5,0.125,0.0,0.0,1,14,2,302,7,14,0,0.4897959183673469,1.0
36,answer_conditioned,DT_target,positive_mean_eligible,sentences,2,2,1544,0.0,0.0,0.0,0.0,0.0,0,2,2,52,0,2,0,0.0,1.0
36,answer_conditioned,DT_target,positive_mean_eligible,sentences,4,4,1544,0.25,0.5,0.3333333333333333,0.0,0.0,1,4,2,106,0,4,0,0.4897959183673469,1.0
36,answer_conditioned,DT_target,positive_mean_eligible,sentences,8,8,1544,0.125,0.5,0.2,0.0,0.0,1,8,2,187,0,8,0,0.4897959183673469,1.0
36,answer_conditioned,FT_K1,signed_sum,all_body_tokens,0.05,78,1544,0.5,0.5,0.5,0.0,0.0,1,2,2,63,15,2,0,0.4897959183673469,1.0
36,answer_conditioned,FT_K1,signed_sum,all_body_tokens,0.1,155,1544,0.2,0.5,0.28571428571428575,0.0,0.0,1,5,2,136,19,5,0,0.4897959183673469,1.0
36,answer_conditioned,FT_K1,signed_sum,all_body_tokens,0.2,309,1544,0.1,0.5,0.16666666666666669,0.0,0.0,1,10,2,299,10,10,0,0.4897959183673469,1.0
36,answer_conditioned,FT_K1,signed_sum,sentences,2,2,1544,0.5,0.5,0.5,0.0,0.0,1,2,2,63,0,2,0,0.4897959183673469,1.0
36,answer_conditioned,FT_K1,signed_sum,sentences,4,4,1544,0.25,0.5,0.3333333333333333,0.0,0.0,1,4,2,117,0,4,0,0.4897959183673469,1.0
36,answer_conditioned,FT_K1,signed_sum,sentences,8,8,1544,0.125,0.5,0.2,0.0,0.0,1,8,2,233,0,8,0,0.4897959183673469,1.0
36,answer_conditioned,FT_K1,positive_mean_eligible,all_body_tokens,0.05,78,1544,0.3333333333333333,0.5,0.4,0.0,0.0,1,3,2,64,14,3,0,0.4897959183673469,1.0
36,answer_conditioned,FT_K1,positive_mean_eligible,all_body_tokens,0.1,155,1544,0.16666666666666666,0.5,0.25,0.0,0.0,1,6,2,149,6,6,0,0.4897959183673469,1.0
36,answer_conditioned,FT_K1,positive_mean_eligible,all_body_tokens,0.2,309,1544,0.08333333333333333,0.5,0.14285714285714285,0.0,0.0,1,12,2,295,14,12,0,0.4897959183673469,1.0
36,answer_conditioned,FT_K1,positive_mean_eligible,sentences,2,2,1544,0.5,0.5,0.5,0.0,0.0,1,2,2,45,0,2,0,0.4897959183673469,1.0
36,answer_conditioned,FT_K1,positive_mean_eligible,sentences,4,4,1544,0.25,0.5,0.3333333333333333,0.0,0.0,1,4,2,103,0,4,0,0.4897959183673469,1.0
36,answer_conditioned,FT_K1,positive_mean_eligible,sentences,8,8,1544,0.125,0.5,0.2,0.0,0.0,1,8,2,193,0,8,0,0.4897959183673469,1.0
36,answer_conditioned,FT_K3,signed_sum,all_body_tokens,0.05,78,1544,0.5,0.5,0.5,0.0,0.0,1,2,2,63,15,2,0,0.4897959183673469,1.0
36,answer_conditioned,FT_K3,signed_sum,all_body_tokens,0.1,155,1544,0.2,0.5,0.28571428571428575,0.0,0.0,1,5,2,136,19,5,0,0.4897959183673469,1.0
36,answer_conditioned,FT_K3,signed_sum,all_body_tokens,0.2,309,1544,0.1,0.5,0.16666666666666669,0.0,0.0,1,10,2,299,10,10,0,0.4897959183673469,1.0
36,answer_conditioned,FT_K3,signed_sum,sentences,2,2,1544,0.5,0.5,0.5,0.0,0.0,1,2,2,63,0,2,0,0.4897959183673469,1.0
36,answer_conditioned,FT_K3,signed_sum,sentences,4,4,1544,0.25,0.5,0.3333333333333333,0.0,0.0,1,4,2,117,0,4,0,0.4897959183673469,1.0
36,answer_conditioned,FT_K3,signed_sum,sentences,8,8,1544,0.125,0.5,0.2,0.0,0.0,1,8,2,237,0,8,0,0.4897959183673469,1.0
36,answer_conditioned,FT_K3,positive_mean_eligible,all_body_tokens,0.05,78,1544,0.3333333333333333,0.5,0.4,0.0,0.0,1,3,2,64,14,3,0,0.4897959183673469,1.0
36,answer_conditioned,FT_K3,positive_mean_eligible,all_body_tokens,0.1,155,1544,0.16666666666666666,0.5,0.25,0.0,0.0,1,6,2,149,6,6,0,0.4897959183673469,1.0
36,answer_conditioned,FT_K3,positive_mean_eligible,all_body_tokens,0.2,309,1544,0.08333333333333333,0.5,0.14285714285714285,0.0,0.0,1,12,2,295,14,12,0,0.4897959183673469,1.0
36,answer_conditioned,FT_K3,positive_mean_eligible,sentences,2,2,1544,0.5,0.5,0.5,0.0,0.0,1,2,2,45,0,2,0,0.4897959183673469,1.0
36,answer_conditioned,FT_K3,positive_mean_eligible,sentences,4,4,1544,0.25,0.5,0.3333333333333333,0.0,0.0,1,4,2,103,0,4,0,0.4897959183673469,1.0
36,answer_conditioned,FT_K3,positive_mean_eligible,sentences,8,8,1544,0.125,0.5,0.2,0.0,0.0,1,8,2,193,0,8,0,0.4897959183673469,1.0
37,answer_conditioned,DT_target,signed_sum,all_body_tokens,0.05,60,1183,0.0,0.0,0.0,0.0,0.0,0,1,2,40,20,1,0,0.0,0.5
37,answer_conditioned,DT_target,signed_sum,all_body_tokens,0.1,119,1183,0.0,0.0,0.0,0.0,0.0,0,4,2,103,16,4,0,0.0,1.0
37,answer_conditioned,DT_target,signed_sum,all_body_tokens,0.2,237,1183,0.0,0.0,0.0,0.0,0.0,0,7,2,219,18,7,0,0.0,1.0
37,answer_conditioned,DT_target,signed_sum,sentences,2,2,1183,0.0,0.0,0.0,0.0,0.0,0,2,2,63,0,2,0,0.0,1.0
37,answer_conditioned,DT_target,signed_sum,sentences,4,4,1183,0.0,0.0,0.0,0.0,0.0,0,4,2,103,0,4,0,0.0,1.0
37,answer_conditioned,DT_target,signed_sum,sentences,8,8,1183,0.0,0.0,0.0,0.0,0.0,0,8,2,247,0,8,0,0.0,1.0
37,answer_conditioned,DT_target,positive_mean_eligible,all_body_tokens,0.05,60,1183,1.0,0.5,0.6666666666666666,0.0,0.0,1,1,2,24,36,1,0,0.3870967741935484,0.5
37,answer_conditioned,DT_target,positive_mean_eligible,all_body_tokens,0.1,119,1183,0.3333333333333333,0.5,0.4,0.0,0.0,1,3,2,88,31,3,0,0.3870967741935484,1.0
37,answer_conditioned,DT_target,positive_mean_eligible,all_body_tokens,0.2,237,1183,0.125,0.5,0.2,0.0,0.0,1,8,2,232,5,8,0,0.3870967741935484,1.0
37,answer_conditioned,DT_target,positive_mean_eligible,sentences,2,2,1183,0.5,0.5,0.5,0.0,0.0,1,2,2,65,0,2,0,0.3870967741935484,1.0
37,answer_conditioned,DT_target,positive_mean_eligible,sentences,4,4,1183,0.25,0.5,0.3333333333333333,0.0,0.0,1,4,2,128,0,4,0,0.3870967741935484,1.0
37,answer_conditioned,DT_target,positive_mean_eligible,sentences,8,8,1183,0.125,0.5,0.2,0.0,0.0,1,8,2,232,0,8,0,0.3870967741935484,1.0
37,answer_conditioned,FT_K1,signed_sum,all_body_tokens,0.05,60,1183,0.0,0.0,0.0,0.0,0.0,0,1,2,41,19,1,0,0.0,0.5
37,answer_conditioned,FT_K1,signed_sum,all_body_tokens,0.1,119,1183,0.6666666666666666,1.0,0.8,0.0,1.0,2,3,2,103,16,3,0,1.0,1.0
37,answer_conditioned,FT_K1,signed_sum,all_body_tokens,0.2,237,1183,0.4,1.0,0.5714285714285715,0.0,1.0,2,5,2,218,19,5,0,1.0,1.0
37,answer_conditioned,FT_K1,signed_sum,sentences,2,2,1183,0.5,0.5,0.5,0.0,0.0,1,2,2,65,0,2,0,0.3870967741935484,1.0
37,answer_conditioned,FT_K1,signed_sum,sentences,4,4,1183,0.5,1.0,0.6666666666666666,0.0,1.0,2,4,2,195,0,4,0,1.0,1.0
37,answer_conditioned,FT_K1,signed_sum,sentences,8,8,1183,0.25,1.0,0.4,0.0,1.0,2,8,2,374,0,8,0,1.0,1.0
37,answer_conditioned,FT_K1,positive_mean_eligible,all_body_tokens,0.05,60,1183,1.0,0.5,0.6666666666666666,0.0,0.0,1,1,2,24,36,1,0,0.3870967741935484,0.5
37,answer_conditioned,FT_K1,positive_mean_eligible,all_body_tokens,0.1,119,1183,0.6666666666666666,1.0,0.8,0.0,1.0,2,3,2,103,16,3,0,1.0,1.0
37,answer_conditioned,FT_K1,positive_mean_eligible,all_body_tokens,0.2,237,1183,0.25,1.0,0.4,0.0,1.0,2,8,2,206,31,8,0,1.0,1.0
37,answer_conditioned,FT_K1,positive_mean_eligible,sentences,2,2,1183,0.5,0.5,0.5,0.0,0.0,1,2,2,65,0,2,0,0.3870967741935484,1.0
37,answer_conditioned,FT_K1,positive_mean_eligible,sentences,4,4,1183,0.5,1.0,0.6666666666666666,0.0,1.0,2,4,2,126,0,4,0,1.0,1.0
37,answer_conditioned,FT_K1,positive_mean_eligible,sentences,8,8,1183,0.25,1.0,0.4,0.0,1.0,2,8,2,206,0,8,0,1.0,1.0
37,answer_conditioned,FT_K3,signed_sum,all_body_tokens,0.05,60,1183,0.0,0.0,0.0,0.0,0.0,0,1,2,41,19,1,0,0.0,0.5
37,answer_conditioned,FT_K3,signed_sum,all_body_tokens,0.1,119,1183,0.6666666666666666,1.0,0.8,0.0,1.0,2,3,2,103,16,3,0,1.0,1.0
37,answer_conditioned,FT_K3,signed_sum,all_body_tokens,0.2,237,1183,0.4,1.0,0.5714285714285715,0.0,1.0,2,5,2,218,19,5,0,1.0,1.0
37,answer_conditioned,FT_K3,signed_sum,sentences,2,2,1183,0.5,0.5,0.5,0.0,0.0,1,2,2,65,0,2,0,0.3870967741935484,1.0
37,answer_conditioned,FT_K3,signed_sum,sentences,4,4,1183,0.5,1.0,0.6666666666666666,0.0,1.0,2,4,2,195,0,4,0,1.0,1.0
37,answer_conditioned,FT_K3,signed_sum,sentences,8,8,1183,0.25,1.0,0.4,0.0,1.0,2,8,2,374,0,8,0,1.0,1.0
37,answer_conditioned,FT_K3,positive_mean_eligible,all_body_tokens,0.05,60,1183,1.0,0.5,0.6666666666666666,0.0,0.0,1,1,2,24,36,1,0,0.3870967741935484,0.5
37,answer_conditioned,FT_K3,positive_mean_eligible,all_body_tokens,0.1,119,1183,0.6666666666666666,1.0,0.8,0.0,1.0,2,3,2,103,16,3,0,1.0,1.0
37,answer_conditioned,FT_K3,positive_mean_eligible,all_body_tokens,0.2,237,1183,0.25,1.0,0.4,0.0,1.0,2,8,2,206,31,8,0,1.0,1.0
37,answer_conditioned,FT_K3,positive_mean_eligible,sentences,2,2,1183,0.5,0.5,0.5,0.0,0.0,1,2,2,65,0,2,0,0.3870967741935484,1.0
37,answer_conditioned,FT_K3,positive_mean_eligible,sentences,4,4,1183,0.5,1.0,0.6666666666666666,0.0,1.0,2,4,2,126,0,4,0,1.0,1.0
37,answer_conditioned,FT_K3,positive_mean_eligible,sentences,8,8,1183,0.25,1.0,0.4,0.0,1.0,2,8,2,206,0,8,0,1.0,1.0
38,answer_conditioned,DT_target,signed_sum,all_body_tokens,0.05,66,1303,0.0,0.0,0.0,0.0,0.0,0,3,2,61,5,3,0,0.0,0.5
38,answer_conditioned,DT_target,signed_sum,all_body_tokens,0.1,131,1303,0.0,0.0,0.0,0.0,0.0,0,5,2,117,14,5,0,0.0,1.0
38,answer_conditioned,DT_target,signed_sum,all_body_tokens,0.2,261,1303,0.0,0.0,0.0,0.0,0.0,0,9,2,226,35,9,0,0.0,1.0
38,answer_conditioned,DT_target,signed_sum,sentences,2,2,1303,0.0,0.0,0.0,0.0,0.0,0,2,2,37,0,2,0,0.0,1.0
38,answer_conditioned,DT_target,signed_sum,sentences,4,4,1303,0.0,0.0,0.0,0.0,0.0,0,4,2,90,0,4,0,0.0,1.0
38,answer_conditioned,DT_target,signed_sum,sentences,8,8,1303,0.0,0.0,0.0,0.0,0.0,0,8,2,190,0,8,0,0.0,1.0
38,answer_conditioned,DT_target,positive_mean_eligible,all_body_tokens,0.05,66,1303,0.0,0.0,0.0,0.0,0.0,0,3,2,63,3,3,0,0.0,0.5
38,answer_conditioned,DT_target,positive_mean_eligible,all_body_tokens,0.1,131,1303,0.25,0.5,0.3333333333333333,0.0,0.0,1,4,2,121,10,4,0,0.6744186046511628,1.0
38,answer_conditioned,DT_target,positive_mean_eligible,all_body_tokens,0.2,261,1303,0.125,0.5,0.2,0.0,0.0,1,8,2,231,30,8,0,0.6744186046511628,1.0
38,answer_conditioned,DT_target,positive_mean_eligible,sentences,2,2,1303,0.0,0.0,0.0,0.0,0.0,0,2,2,41,0,2,0,0.0,1.0
38,answer_conditioned,DT_target,positive_mean_eligible,sentences,4,4,1303,0.25,0.5,0.3333333333333333,0.0,0.0,1,4,2,121,0,4,0,0.6744186046511628,1.0
38,answer_conditioned,DT_target,positive_mean_eligible,sentences,8,8,1303,0.125,0.5,0.2,0.0,0.0,1,8,2,231,0,8,0,0.6744186046511628,1.0
38,answer_conditioned,FT_K1,signed_sum,all_body_tokens,0.05,66,1303,1.0,0.5,0.6666666666666666,0.0,0.0,1,1,2,58,8,1,0,0.6744186046511628,0.5
38,answer_conditioned,FT_K1,signed_sum,all_body_tokens,0.1,131,1303,1.0,0.5,0.6666666666666666,0.0,0.0,1,1,2,58,73,1,0,0.6744186046511628,1.0
38,answer_conditioned,FT_K1,signed_sum,all_body_tokens,0.2,261,1303,0.4,1.0,0.5714285714285715,0.0,1.0,2,5,2,228,33,5,0,1.0,1.0
38,answer_conditioned,FT_K1,signed_sum,sentences,2,2,1303,0.5,0.5,0.5,0.0,0.0,1,2,2,133,0,2,0,0.6744186046511628,1.0
38,answer_conditioned,FT_K1,signed_sum,sentences,4,4,1303,0.5,1.0,0.6666666666666666,0.0,1.0,2,4,2,194,0,4,0,1.0,1.0
38,answer_conditioned,FT_K1,signed_sum,sentences,8,8,1303,0.25,1.0,0.4,0.0,1.0,2,8,2,345,0,8,0,1.0,1.0
38,answer_conditioned,FT_K1,positive_mean_eligible,all_body_tokens,0.05,66,1303,1.0,0.5,0.6666666666666666,0.0,0.0,1,1,2,58,8,1,0,0.6744186046511628,0.5
38,answer_conditioned,FT_K1,positive_mean_eligible,all_body_tokens,0.1,131,1303,0.5,1.0,0.6666666666666666,0.0,1.0,2,4,2,115,16,4,0,1.0,1.0
38,answer_conditioned,FT_K1,positive_mean_eligible,all_body_tokens,0.2,261,1303,0.25,1.0,0.4,0.0,1.0,2,8,2,238,23,8,0,1.0,1.0
38,answer_conditioned,FT_K1,positive_mean_eligible,sentences,2,2,1303,0.5,0.5,0.5,0.0,0.0,1,2,2,67,0,2,0,0.6744186046511628,1.0
38,answer_conditioned,FT_K1,positive_mean_eligible,sentences,4,4,1303,0.5,1.0,0.6666666666666666,0.0,1.0,2,4,2,115,0,4,0,1.0,1.0
38,answer_conditioned,FT_K1,positive_mean_eligible,sentences,8,8,1303,0.25,1.0,0.4,0.0,1.0,2,8,2,238,0,8,0,1.0,1.0
38,answer_conditioned,FT_K3,signed_sum,all_body_tokens,0.05,66,1303,1.0,0.5,0.6666666666666666,0.0,0.0,1,1,2,58,8,1,0,0.6744186046511628,0.5
38,answer_conditioned,FT_K3,signed_sum,all_body_tokens,0.1,131,1303,1.0,0.5,0.6666666666666666,0.0,0.0,1,1,2,58,73,1,0,0.6744186046511628,1.0
38,answer_conditioned,FT_K3,signed_sum,all_body_tokens,0.2,261,1303,0.3333333333333333,1.0,0.5,0.0,1.0,2,6,2,256,5,6,0,1.0,1.0
38,answer_conditioned,FT_K3,signed_sum,sentences,2,2,1303,0.5,0.5,0.5,0.0,0.0,1,2,2,133,0,2,0,0.6744186046511628,1.0
38,answer_conditioned,FT_K3,signed_sum,sentences,4,4,1303,0.5,1.0,0.6666666666666666,0.0,1.0,2,4,2,194,0,4,0,1.0,1.0
38,answer_conditioned,FT_K3,signed_sum,sentences,8,8,1303,0.25,1.0,0.4,0.0,1.0,2,8,2,345,0,8,0,1.0,1.0
38,answer_conditioned,FT_K3,positive_mean_eligible,all_body_tokens,0.05,66,1303,1.0,0.5,0.6666666666666666,0.0,0.0,1,1,2,58,8,1,0,0.6744186046511628,0.5
38,answer_conditioned,FT_K3,positive_mean_eligible,all_body_tokens,0.1,131,1303,0.5,1.0,0.6666666666666666,0.0,1.0,2,4,2,115,16,4,0,1.0,1.0
38,answer_conditioned,FT_K3,positive_mean_eligible,all_body_tokens,0.2,261,1303,0.25,1.0,0.4,0.0,1.0,2,8,2,238,23,8,0,1.0,1.0
38,answer_conditioned,FT_K3,positive_mean_eligible,sentences,2,2,1303,0.5,0.5,0.5,0.0,0.0,1,2,2,67,0,2,0,0.6744186046511628,1.0
38,answer_conditioned,FT_K3,positive_mean_eligible,sentences,4,4,1303,0.5,1.0,0.6666666666666666,0.0,1.0,2,4,2,115,0,4,0,1.0,1.0
38,answer_conditioned,FT_K3,positive_mean_eligible,sentences,8,8,1303,0.25,1.0,0.4,0.0,1.0,2,8,2,238,0,8,0,1.0,1.0
39,answer_conditioned,DT_target,signed_sum,all_body_tokens,0.05,36,719,0.0,0.0,0.0,0.0,0.0,0,0,2,0,36,0,1,0.0,0.0
39,answer_conditioned,DT_target,signed_sum,all_body_tokens,0.1,72,719,1.0,0.5,0.6666666666666666,0.0,0.0,1,1,2,59,13,1,0,0.5175438596491229,0.5
39,answer_conditioned,DT_target,signed_sum,all_body_tokens,0.2,144,719,0.5,0.5,0.5,0.0,0.0,1,2,2,115,29,2,0,0.5175438596491229,1.0
39,answer_conditioned,DT_target,signed_sum,sentences,2,2,719,0.5,0.5,0.5,0.0,0.0,1,2,2,115,0,2,0,0.5175438596491229,1.0
39,answer_conditioned,DT_target,signed_sum,sentences,4,4,719,0.5,1.0,0.6666666666666666,0.0,1.0,2,4,2,223,0,4,0,1.0,1.0
39,answer_conditioned,DT_target,signed_sum,sentences,8,8,719,0.25,1.0,0.4,0.0,1.0,2,8,2,295,0,8,0,1.0,1.0
39,answer_conditioned,DT_target,positive_mean_eligible,all_body_tokens,0.05,36,719,0.0,0.0,0.0,0.0,0.0,0,0,2,0,36,0,1,0.0,0.0
39,answer_conditioned,DT_target,positive_mean_eligible,all_body_tokens,0.1,72,719,1.0,0.5,0.6666666666666666,0.0,0.0,1,1,2,59,13,1,0,0.5175438596491229,0.5
39,answer_conditioned,DT_target,positive_mean_eligible,all_body_tokens,0.2,144,719,0.5,0.5,0.5,0.0,0.0,1,2,2,115,29,2,0,0.5175438596491229,1.0
39,answer_conditioned,DT_target,positive_mean_eligible,sentences,2,2,719,0.5,0.5,0.5,0.0,0.0,1,2,2,115,0,2,0,0.5175438596491229,1.0
39,answer_conditioned,DT_target,positive_mean_eligible,sentences,4,4,719,0.5,1.0,0.6666666666666666,0.0,1.0,2,4,2,182,0,4,0,1.0,1.0
39,answer_conditioned,DT_target,positive_mean_eligible,sentences,8,8,719,0.25,1.0,0.4,0.0,1.0,2,8,2,327,0,8,0,1.0,1.0
39,answer_conditioned,FT_K1,signed_sum,all_body_tokens,0.05,36,719,0.0,0.0,0.0,0.0,0.0,0,0,2,0,36,0,1,0.0,0.0
39,answer_conditioned,FT_K1,signed_sum,all_body_tokens,0.1,72,719,1.0,0.5,0.6666666666666666,0.0,0.0,1,1,2,59,13,1,0,0.5175438596491229,0.5
39,answer_conditioned,FT_K1,signed_sum,all_body_tokens,0.2,144,719,0.5,0.5,0.5,0.0,0.0,1,2,2,97,47,2,0,0.5175438596491229,1.0
39,answer_conditioned,FT_K1,signed_sum,sentences,2,2,719,0.5,0.5,0.5,0.0,0.0,1,2,2,97,0,2,0,0.5175438596491229,1.0
39,answer_conditioned,FT_K1,signed_sum,sentences,4,4,719,0.25,0.5,0.3333333333333333,0.0,0.0,1,4,2,236,0,4,0,0.5175438596491229,1.0
39,answer_conditioned,FT_K1,signed_sum,sentences,8,8,719,0.25,1.0,0.4,0.0,1.0,2,8,2,473,0,8,0,1.0,1.0
39,answer_conditioned,FT_K1,positive_mean_eligible,all_body_tokens,0.05,36,719,0.0,0.0,0.0,0.0,0.0,0,0,2,0,36,0,1,0.0,0.0
39,answer_conditioned,FT_K1,positive_mean_eligible,all_body_tokens,0.1,72,719,1.0,0.5,0.6666666666666666,0.0,0.0,1,1,2,59,13,1,0,0.5175438596491229,0.5
39,answer_conditioned,FT_K1,positive_mean_eligible,all_body_tokens,0.2,144,719,0.3333333333333333,0.5,0.4,0.0,0.0,1,3,2,120,24,3,0,0.5175438596491229,1.0
39,answer_conditioned,FT_K1,positive_mean_eligible,sentences,2,2,719,0.5,0.5,0.5,0.0,0.0,1,2,2,97,0,2,0,0.5175438596491229,1.0
39,answer_conditioned,FT_K1,positive_mean_eligible,sentences,4,4,719,0.25,0.5,0.3333333333333333,0.0,0.0,1,4,2,167,0,4,0,0.5175438596491229,1.0
39,answer_conditioned,FT_K1,positive_mean_eligible,sentences,8,8,719,0.125,0.5,0.2,0.0,0.0,1,8,2,376,0,8,0,0.5175438596491229,1.0
39,answer_conditioned,FT_K3,signed_sum,all_body_tokens,0.05,36,719,0.0,0.0,0.0,0.0,0.0,0,0,2,0,36,0,1,0.0,0.0
39,answer_conditioned,FT_K3,signed_sum,all_body_tokens,0.1,72,719,1.0,0.5,0.6666666666666666,0.0,0.0,1,1,2,59,13,1,0,0.5175438596491229,0.5
39,answer_conditioned,FT_K3,signed_sum,all_body_tokens,0.2,144,719,0.3333333333333333,0.5,0.4,0.0,0.0,1,3,2,144,0,3,0,0.5175438596491229,1.0
39,answer_conditioned,FT_K3,signed_sum,sentences,2,2,719,0.5,0.5,0.5,0.0,0.0,1,2,2,97,0,2,0,0.5175438596491229,1.0
39,answer_conditioned,FT_K3,signed_sum,sentences,4,4,719,0.25,0.5,0.3333333333333333,0.0,0.0,1,4,2,236,0,4,0,0.5175438596491229,1.0
39,answer_conditioned,FT_K3,signed_sum,sentences,8,8,719,0.25,1.0,0.4,0.0,1.0,2,8,2,473,0,8,0,1.0,1.0
39,answer_conditioned,FT_K3,positive_mean_eligible,all_body_tokens,0.05,36,719,0.0,0.0,0.0,0.0,0.0,0,0,2,0,36,0,1,0.0,0.0
39,answer_conditioned,FT_K3,positive_mean_eligible,all_body_tokens,0.1,72,719,1.0,0.5,0.6666666666666666,0.0,0.0,1,1,2,59,13,1,0,0.5175438596491229,0.5
39,answer_conditioned,FT_K3,positive_mean_eligible,all_body_tokens,0.2,144,719,0.3333333333333333,0.5,0.4,0.0,0.0,1,3,2,120,24,3,0,0.5175438596491229,1.0
39,answer_conditioned,FT_K3,positive_mean_eligible,sentences,2,2,719,0.5,0.5,0.5,0.0,0.0,1,2,2,97,0,2,0,0.5175438596491229,1.0
39,answer_conditioned,FT_K3,positive_mean_eligible,sentences,4,4,719,0.25,0.5,0.3333333333333333,0.0,0.0,1,4,2,167,0,4,0,0.5175438596491229,1.0
39,answer_conditioned,FT_K3,positive_mean_eligible,sentences,8,8,719,0.125,0.5,0.2,0.0,0.0,1,8,2,376,0,8,0,0.5175438596491229,1.0
40,answer_conditioned,DT_target,signed_sum,all_body_tokens,0.05,71,1406,0.0,0.0,0.0,0.0,0.0,0,1,4,64,7,1,0,0.0,0.5
40,answer_conditioned,DT_target,signed_sum,all_body_tokens,0.1,141,1406,0.3333333333333333,0.25,0.28571428571428575,0.0,0.0,1,3,4,136,5,3,0,0.15753424657534246,0.75
40,answer_conditioned,DT_target,signed_sum,all_body_tokens,0.2,282,1406,0.14285714285714285,0.25,0.18181818181818182,0.0,0.0,1,7,4,271,11,7,0,0.15753424657534246,1.0
40,answer_conditioned,DT_target,signed_sum,sentences,2,2,1406,0.5,0.25,0.3333333333333333,0.0,0.0,1,2,4,87,0,2,0,0.15753424657534246,0.5
40,answer_conditioned,DT_target,signed_sum,sentences,4,4,1406,0.25,0.25,0.25,0.0,0.0,1,4,4,176,0,4,0,0.15753424657534246,1.0
40,answer_conditioned,DT_target,signed_sum,sentences,8,8,1406,0.125,0.25,0.16666666666666666,0.0,0.0,1,8,4,286,0,8,0,0.15753424657534246,1.0
40,answer_conditioned,DT_target,positive_mean_eligible,all_body_tokens,0.05,71,1406,0.3333333333333333,0.25,0.28571428571428575,0.0,0.0,1,3,4,65,6,3,0,0.15753424657534246,0.5
40,answer_conditioned,DT_target,positive_mean_eligible,all_body_tokens,0.1,141,1406,0.25,0.25,0.25,0.0,0.0,1,4,4,129,12,4,0,0.15753424657534246,0.75
40,answer_conditioned,DT_target,positive_mean_eligible,all_body_tokens,0.2,282,1406,0.1111111111111111,0.25,0.15384615384615383,0.0,0.0,1,9,4,260,22,9,0,0.15753424657534246,1.0
40,answer_conditioned,DT_target,positive_mean_eligible,sentences,2,2,1406,0.5,0.25,0.3333333333333333,0.0,0.0,1,2,4,38,0,2,0,0.15753424657534246,0.5
40,answer_conditioned,DT_target,positive_mean_eligible,sentences,4,4,1406,0.25,0.25,0.25,0.0,0.0,1,4,4,129,0,4,0,0.15753424657534246,1.0
40,answer_conditioned,DT_target,positive_mean_eligible,sentences,8,8,1406,0.125,0.25,0.16666666666666666,0.0,0.0,1,8,4,220,0,8,0,0.15753424657534246,1.0
40,answer_conditioned,FT_K1,signed_sum,all_body_tokens,0.05,71,1406,0.3333333333333333,0.25,0.28571428571428575,0.0,0.0,1,3,4,61,10,3,0,0.15753424657534246,0.5
40,answer_conditioned,FT_K1,signed_sum,all_body_tokens,0.1,141,1406,0.25,0.25,0.25,0.0,0.0,1,4,4,88,53,4,0,0.15753424657534246,0.75
40,answer_conditioned,FT_K1,signed_sum,all_body_tokens,0.2,282,1406,0.2222222222222222,0.5,0.30769230769230765,0.0,0.0,2,9,4,282,0,9,0,0.3835616438356164,1.0
40,answer_conditioned,FT_K1,signed_sum,sentences,2,2,1406,0.5,0.25,0.3333333333333333,0.0,0.0,1,2,4,38,0,2,0,0.15753424657534246,0.5
40,answer_conditioned,FT_K1,signed_sum,sentences,4,4,1406,0.25,0.25,0.25,0.0,0.0,1,4,4,88,0,4,0,0.15753424657534246,1.0
40,answer_conditioned,FT_K1,signed_sum,sentences,8,8,1406,0.25,0.5,0.3333333333333333,0.0,0.0,2,8,4,271,0,8,0,0.3835616438356164,1.0
40,answer_conditioned,FT_K1,positive_mean_eligible,all_body_tokens,0.05,71,1406,0.3333333333333333,0.25,0.28571428571428575,0.0,0.0,1,3,4,61,10,3,0,0.15753424657534246,0.5
40,answer_conditioned,FT_K1,positive_mean_eligible,all_body_tokens,0.1,141,1406,0.3333333333333333,0.5,0.4,0.0,0.0,2,6,4,132,9,6,0,0.3835616438356164,0.75
40,answer_conditioned,FT_K1,positive_mean_eligible,all_body_tokens,0.2,282,1406,0.2,0.5,0.28571428571428575,0.0,0.0,2,10,4,222,60,10,0,0.3835616438356164,1.0
40,answer_conditioned,FT_K1,positive_mean_eligible,sentences,2,2,1406,0.5,0.25,0.3333333333333333,0.0,0.0,1,2,4,38,0,2,0,0.15753424657534246,0.5
40,answer_conditioned,FT_K1,positive_mean_eligible,sentences,4,4,1406,0.25,0.25,0.25,0.0,0.0,1,4,4,72,0,4,0,0.15753424657534246,1.0
40,answer_conditioned,FT_K1,positive_mean_eligible,sentences,8,8,1406,0.25,0.5,0.3333333333333333,0.0,0.0,2,8,4,182,0,8,0,0.3835616438356164,1.0
40,answer_conditioned,FT_K3,signed_sum,all_body_tokens,0.05,71,1406,0.3333333333333333,0.25,0.28571428571428575,0.0,0.0,1,3,4,61,10,3,0,0.15753424657534246,0.5
40,answer_conditioned,FT_K3,signed_sum,all_body_tokens,0.1,141,1406,0.25,0.25,0.25,0.0,0.0,1,4,4,125,16,4,0,0.15753424657534246,0.75
40,answer_conditioned,FT_K3,signed_sum,all_body_tokens,0.2,282,1406,0.25,0.5,0.3333333333333333,0.0,0.0,2,8,4,271,11,8,0,0.3835616438356164,1.0
40,answer_conditioned,FT_K3,signed_sum,sentences,2,2,1406,0.5,0.25,0.3333333333333333,0.0,0.0,1,2,4,38,0,2,0,0.15753424657534246,0.5
40,answer_conditioned,FT_K3,signed_sum,sentences,4,4,1406,0.25,0.25,0.25,0.0,0.0,1,4,4,125,0,4,0,0.15753424657534246,1.0
40,answer_conditioned,FT_K3,signed_sum,sentences,8,8,1406,0.25,0.5,0.3333333333333333,0.0,0.0,2,8,4,271,0,8,0,0.3835616438356164,1.0
40,answer_conditioned,FT_K3,positive_mean_eligible,all_body_tokens,0.05,71,1406,0.3333333333333333,0.25,0.28571428571428575,0.0,0.0,1,3,4,61,10,3,0,0.15753424657534246,0.5
40,answer_conditioned,FT_K3,positive_mean_eligible,all_body_tokens,0.1,141,1406,0.3333333333333333,0.5,0.4,0.0,0.0,2,6,4,132,9,6,0,0.3835616438356164,0.75
40,answer_conditioned,FT_K3,positive_mean_eligible,all_body_tokens,0.2,282,1406,0.2727272727272727,0.75,0.39999999999999997,0.0,0.0,3,11,4,254,28,11,0,0.589041095890411,1.0
40,answer_conditioned,FT_K3,positive_mean_eligible,sentences,2,2,1406,0.5,0.25,0.3333333333333333,0.0,0.0,1,2,4,38,0,2,0,0.15753424657534246,0.5
40,answer_conditioned,FT_K3,positive_mean_eligible,sentences,4,4,1406,0.25,0.25,0.25,0.0,0.0,1,4,4,72,0,4,0,0.15753424657534246,1.0
40,answer_conditioned,FT_K3,positive_mean_eligible,sentences,8,8,1406,0.25,0.5,0.3333333333333333,0.0,0.0,2,8,4,186,0,8,0,0.3835616438356164,1.0
41,answer_conditioned,DT_target,signed_sum,all_body_tokens,0.05,45,884,1.0,0.25,0.4,0.0,0.0,1,1,4,24,21,1,0,0.2696629213483146,0.5
41,answer_conditioned,DT_target,signed_sum,all_body_tokens,0.1,89,884,0.3333333333333333,0.25,0.28571428571428575,0.0,0.0,1,3,4,88,1,3,0,0.2696629213483146,1.0
41,answer_conditioned,DT_target,signed_sum,all_body_tokens,0.2,177,884,0.5,0.75,0.6,0.0,0.0,3,6,4,155,22,6,0,0.8314606741573034,1.0
41,answer_conditioned,DT_target,signed_sum,sentences,2,2,884,0.5,0.25,0.3333333333333333,0.0,0.0,1,2,4,76,0,2,0,0.2696629213483146,0.5
41,answer_conditioned,DT_target,signed_sum,sentences,4,4,884,0.25,0.25,0.25,0.0,0.0,1,4,4,105,0,4,0,0.2696629213483146,1.0
41,answer_conditioned,DT_target,signed_sum,sentences,8,8,884,0.375,0.75,0.5,0.0,0.0,3,8,4,217,0,8,0,0.8314606741573034,1.0
41,answer_conditioned,DT_target,positive_mean_eligible,all_body_tokens,0.05,45,884,1.0,0.25,0.4,0.0,0.0,1,1,4,24,21,1,0,0.2696629213483146,0.5
41,answer_conditioned,DT_target,positive_mean_eligible,all_body_tokens,0.1,89,884,0.5,0.5,0.5,0.0,0.0,2,4,4,74,15,4,0,0.4157303370786517,1.0
41,answer_conditioned,DT_target,positive_mean_eligible,all_body_tokens,0.2,177,884,0.375,0.75,0.5,0.0,0.0,3,8,4,168,9,8,0,0.5842696629213483,1.0
41,answer_conditioned,DT_target,positive_mean_eligible,sentences,2,2,884,0.5,0.25,0.3333333333333333,0.0,0.0,1,2,4,49,0,2,0,0.2696629213483146,0.5
41,answer_conditioned,DT_target,positive_mean_eligible,sentences,4,4,884,0.5,0.5,0.5,0.0,0.0,2,4,4,74,0,4,0,0.4157303370786517,1.0
41,answer_conditioned,DT_target,positive_mean_eligible,sentences,8,8,884,0.375,0.75,0.5,0.0,0.0,3,8,4,168,0,8,0,0.5842696629213483,1.0
41,answer_conditioned,FT_K1,signed_sum,all_body_tokens,0.05,45,884,1.0,0.25,0.4,0.0,0.0,1,1,4,24,21,1,0,0.2696629213483146,0.5
41,answer_conditioned,FT_K1,signed_sum,all_body_tokens,0.1,89,884,0.5,0.25,0.3333333333333333,0.0,0.0,1,2,4,49,40,2,0,0.2696629213483146,1.0
41,answer_conditioned,FT_K1,signed_sum,all_body_tokens,0.2,177,884,0.25,0.25,0.25,0.0,0.0,1,4,4,152,25,4,0,0.2696629213483146,1.0
41,answer_conditioned,FT_K1,signed_sum,sentences,2,2,884,0.5,0.25,0.3333333333333333,0.0,0.0,1,2,4,49,0,2,0,0.2696629213483146,0.5
41,answer_conditioned,FT_K1,signed_sum,sentences,4,4,884,0.25,0.25,0.25,0.0,0.0,1,4,4,152,0,4,0,0.2696629213483146,1.0
41,answer_conditioned,FT_K1,signed_sum,sentences,8,8,884,0.125,0.25,0.16666666666666666,0.0,0.0,1,8,4,309,0,8,0,0.2696629213483146,1.0
41,answer_conditioned,FT_K1,positive_mean_eligible,all_body_tokens,0.05,45,884,1.0,0.25,0.4,0.0,0.0,1,1,4,24,21,1,0,0.2696629213483146,0.5
41,answer_conditioned,FT_K1,positive_mean_eligible,all_body_tokens,0.1,89,884,0.5,0.5,0.5,0.0,0.0,2,4,4,87,2,4,0,0.43820224719101125,1.0
41,answer_conditioned,FT_K1,positive_mean_eligible,all_body_tokens,0.2,177,884,0.375,0.75,0.5,0.0,0.0,3,8,4,165,12,8,0,0.5842696629213483,1.0
41,answer_conditioned,FT_K1,positive_mean_eligible,sentences,2,2,884,0.5,0.25,0.3333333333333333,0.0,0.0,1,2,4,49,0,2,0,0.2696629213483146,0.5
41,answer_conditioned,FT_K1,positive_mean_eligible,sentences,4,4,884,0.5,0.5,0.5,0.0,0.0,2,4,4,87,0,4,0,0.43820224719101125,1.0
41,answer_conditioned,FT_K1,positive_mean_eligible,sentences,8,8,884,0.375,0.75,0.5,0.0,0.0,3,8,4,165,0,8,0,0.5842696629213483,1.0
41,answer_conditioned,FT_K3,signed_sum,all_body_tokens,0.05,45,884,1.0,0.25,0.4,0.0,0.0,1,1,4,24,21,1,0,0.2696629213483146,0.5
41,answer_conditioned,FT_K3,signed_sum,all_body_tokens,0.1,89,884,0.5,0.25,0.3333333333333333,0.0,0.0,1,2,4,49,40,2,0,0.2696629213483146,1.0
41,answer_conditioned,FT_K3,signed_sum,all_body_tokens,0.2,177,884,0.25,0.25,0.25,0.0,0.0,1,4,4,152,25,4,0,0.2696629213483146,1.0
41,answer_conditioned,FT_K3,signed_sum,sentences,2,2,884,0.5,0.25,0.3333333333333333,0.0,0.0,1,2,4,49,0,2,0,0.2696629213483146,0.5
41,answer_conditioned,FT_K3,signed_sum,sentences,4,4,884,0.25,0.25,0.25,0.0,0.0,1,4,4,152,0,4,0,0.2696629213483146,1.0
41,answer_conditioned,FT_K3,signed_sum,sentences,8,8,884,0.125,0.25,0.16666666666666666,0.0,0.0,1,8,4,293,0,8,0,0.2696629213483146,1.0
41,answer_conditioned,FT_K3,positive_mean_eligible,all_body_tokens,0.05,45,884,1.0,0.25,0.4,0.0,0.0,1,1,4,24,21,1,0,0.2696629213483146,0.5
41,answer_conditioned,FT_K3,positive_mean_eligible,all_body_tokens,0.1,89,884,0.75,0.75,0.75,0.0,0.0,3,4,4,77,12,4,0,0.5842696629213483,1.0
41,answer_conditioned,FT_K3,positive_mean_eligible,all_body_tokens,0.2,177,884,0.375,0.75,0.5,0.0,0.0,3,8,4,165,12,8,0,0.5842696629213483,1.0
41,answer_conditioned,FT_K3,positive_mean_eligible,sentences,2,2,884,0.5,0.25,0.3333333333333333,0.0,0.0,1,2,4,49,0,2,0,0.2696629213483146,0.5
41,answer_conditioned,FT_K3,positive_mean_eligible,sentences,4,4,884,0.75,0.75,0.75,0.0,0.0,3,4,4,77,0,4,0,0.5842696629213483,1.0
41,answer_conditioned,FT_K3,positive_mean_eligible,sentences,8,8,884,0.375,0.75,0.5,0.0,0.0,3,8,4,165,0,8,0,0.5842696629213483,1.0
42,answer_conditioned,DT_target,signed_sum,all_body_tokens,0.05,66,1312,1.0,0.5,0.6666666666666666,0.0,0.0,1,1,2,47,19,1,0,0.5402298850574713,0.5
42,answer_conditioned,DT_target,signed_sum,all_body_tokens,0.1,132,1312,0.5,0.5,0.5,0.0,0.0,1,2,2,96,36,2,0,0.5402298850574713,1.0
42,answer_conditioned,DT_target,signed_sum,all_body_tokens,0.2,263,1312,0.2,0.5,0.28571428571428575,0.0,0.0,1,5,2,215,48,5,0,0.5402298850574713,1.0
42,answer_conditioned,DT_target,signed_sum,sentences,2,2,1312,0.5,0.5,0.5,0.0,0.0,1,2,2,96,0,2,0,0.5402298850574713,1.0
42,answer_conditioned,DT_target,signed_sum,sentences,4,4,1312,0.25,0.5,0.3333333333333333,0.0,0.0,1,4,2,185,0,4,0,0.5402298850574713,1.0
42,answer_conditioned,DT_target,signed_sum,sentences,8,8,1312,0.125,0.5,0.2,0.0,0.0,1,8,2,327,0,8,0,0.5402298850574713,1.0
42,answer_conditioned,DT_target,positive_mean_eligible,all_body_tokens,0.05,66,1312,1.0,0.5,0.6666666666666666,0.0,0.0,1,1,2,47,19,1,0,0.5402298850574713,0.5
42,answer_conditioned,DT_target,positive_mean_eligible,all_body_tokens,0.1,132,1312,0.5,0.5,0.5,0.0,0.0,1,2,2,110,22,2,0,0.5402298850574713,1.0
42,answer_conditioned,DT_target,positive_mean_eligible,all_body_tokens,0.2,263,1312,0.14285714285714285,0.5,0.22222222222222224,0.0,0.0,1,7,2,249,14,7,0,0.5402298850574713,1.0
42,answer_conditioned,DT_target,positive_mean_eligible,sentences,2,2,1312,0.5,0.5,0.5,0.0,0.0,1,2,2,110,0,2,0,0.5402298850574713,1.0
42,answer_conditioned,DT_target,positive_mean_eligible,sentences,4,4,1312,0.25,0.5,0.3333333333333333,0.0,0.0,1,4,2,185,0,4,0,0.5402298850574713,1.0
42,answer_conditioned,DT_target,positive_mean_eligible,sentences,8,8,1312,0.125,0.5,0.2,0.0,0.0,1,8,2,333,0,8,0,0.5402298850574713,1.0
42,answer_conditioned,FT_K1,signed_sum,all_body_tokens,0.05,66,1312,1.0,0.5,0.6666666666666666,0.0,0.0,1,1,2,47,19,1,0,0.5402298850574713,0.5
42,answer_conditioned,FT_K1,signed_sum,all_body_tokens,0.1,132,1312,0.5,0.5,0.5,0.0,0.0,1,2,2,120,12,2,0,0.5402298850574713,1.0
42,answer_conditioned,FT_K1,signed_sum,all_body_tokens,0.2,263,1312,0.2,0.5,0.28571428571428575,0.0,0.0,1,5,2,239,24,5,0,0.5402298850574713,1.0
42,answer_conditioned,FT_K1,signed_sum,sentences,2,2,1312,0.5,0.5,0.5,0.0,0.0,1,2,2,120,0,2,0,0.5402298850574713,1.0
42,answer_conditioned,FT_K1,signed_sum,sentences,4,4,1312,0.25,0.5,0.3333333333333333,0.0,0.0,1,4,2,204,0,4,0,0.5402298850574713,1.0
42,answer_conditioned,FT_K1,signed_sum,sentences,8,8,1312,0.25,1.0,0.4,0.0,1.0,2,8,2,426,0,8,0,1.0,1.0
42,answer_conditioned,FT_K1,positive_mean_eligible,all_body_tokens,0.05,66,1312,1.0,0.5,0.6666666666666666,0.0,0.0,1,1,2,47,19,1,0,0.5402298850574713,0.5
42,answer_conditioned,FT_K1,positive_mean_eligible,all_body_tokens,0.1,132,1312,0.5,0.5,0.5,0.0,0.0,1,2,2,77,55,2,0,0.5402298850574713,1.0
42,answer_conditioned,FT_K1,positive_mean_eligible,all_body_tokens,0.2,263,1312,0.16666666666666666,0.5,0.25,0.0,0.0,1,6,2,259,4,6,0,0.5402298850574713,1.0
42,answer_conditioned,FT_K1,positive_mean_eligible,sentences,2,2,1312,0.5,0.5,0.5,0.0,0.0,1,2,2,77,0,2,0,0.5402298850574713,1.0
42,answer_conditioned,FT_K1,positive_mean_eligible,sentences,4,4,1312,0.25,0.5,0.3333333333333333,0.0,0.0,1,4,2,170,0,4,0,0.5402298850574713,1.0
42,answer_conditioned,FT_K1,positive_mean_eligible,sentences,8,8,1312,0.25,1.0,0.4,0.0,1.0,2,8,2,325,0,8,0,1.0,1.0
42,answer_conditioned,FT_K3,signed_sum,all_body_tokens,0.05,66,1312,1.0,0.5,0.6666666666666666,0.0,0.0,1,1,2,47,19,1,0,0.5402298850574713,0.5
42,answer_conditioned,FT_K3,signed_sum,all_body_tokens,0.1,132,1312,0.5,0.5,0.5,0.0,0.0,1,2,2,120,12,2,0,0.5402298850574713,1.0
42,answer_conditioned,FT_K3,signed_sum,all_body_tokens,0.2,263,1312,0.2,0.5,0.28571428571428575,0.0,0.0,1,5,2,239,24,5,0,0.5402298850574713,1.0
42,answer_conditioned,FT_K3,signed_sum,sentences,2,2,1312,0.5,0.5,0.5,0.0,0.0,1,2,2,120,0,2,0,0.5402298850574713,1.0
42,answer_conditioned,FT_K3,signed_sum,sentences,4,4,1312,0.25,0.5,0.3333333333333333,0.0,0.0,1,4,2,204,0,4,0,0.5402298850574713,1.0
42,answer_conditioned,FT_K3,signed_sum,sentences,8,8,1312,0.25,1.0,0.4,0.0,1.0,2,8,2,426,0,8,0,1.0,1.0
42,answer_conditioned,FT_K3,positive_mean_eligible,all_body_tokens,0.05,66,1312,1.0,0.5,0.6666666666666666,0.0,0.0,1,1,2,47,19,1,0,0.5402298850574713,0.5
42,answer_conditioned,FT_K3,positive_mean_eligible,all_body_tokens,0.1,132,1312,0.5,0.5,0.5,0.0,0.0,1,2,2,120,12,2,0,0.5402298850574713,1.0
42,answer_conditioned,FT_K3,positive_mean_eligible,all_body_tokens,0.2,263,1312,0.16666666666666666,0.5,0.25,0.0,0.0,1,6,2,259,4,6,0,0.5402298850574713,1.0
42,answer_conditioned,FT_K3,positive_mean_eligible,sentences,2,2,1312,0.5,0.5,0.5,0.0,0.0,1,2,2,120,0,2,0,0.5402298850574713,1.0
42,answer_conditioned,FT_K3,positive_mean_eligible,sentences,4,4,1312,0.25,0.5,0.3333333333333333,0.0,0.0,1,4,2,204,0,4,0,0.5402298850574713,1.0
42,answer_conditioned,FT_K3,positive_mean_eligible,sentences,8,8,1312,0.25,1.0,0.4,0.0,1.0,2,8,2,325,0,8,0,1.0,1.0
43,answer_conditioned,DT_target,signed_sum,all_body_tokens,0.05,63,1259,1.0,0.3333333333333333,0.5,0.0,0.0,1,1,3,29,34,1,0,0.29896907216494845,0.6666666666666666
43,answer_conditioned,DT_target,signed_sum,all_body_tokens,0.1,126,1259,0.5,0.3333333333333333,0.4,0.0,0.0,1,2,3,99,27,2,0,0.29896907216494845,1.0
43,answer_conditioned,DT_target,signed_sum,all_body_tokens,0.2,252,1259,0.16666666666666666,0.3333333333333333,0.2222222222222222,0.0,0.0,1,6,3,214,38,6,0,0.29896907216494845,1.0
43,answer_conditioned,DT_target,signed_sum,sentences,2,2,1259,0.5,0.3333333333333333,0.4,0.0,0.0,1,2,3,99,0,2,0,0.29896907216494845,0.6666666666666666
43,answer_conditioned,DT_target,signed_sum,sentences,4,4,1259,0.25,0.3333333333333333,0.28571428571428575,0.0,0.0,1,4,3,172,0,4,0,0.29896907216494845,1.0
43,answer_conditioned,DT_target,signed_sum,sentences,8,8,1259,0.125,0.3333333333333333,0.18181818181818182,0.0,0.0,1,8,3,271,0,8,0,0.29896907216494845,1.0
43,answer_conditioned,DT_target,positive_mean_eligible,all_body_tokens,0.05,63,1259,1.0,0.3333333333333333,0.5,0.0,0.0,1,1,3,29,34,1,0,0.29896907216494845,0.6666666666666666
43,answer_conditioned,DT_target,positive_mean_eligible,all_body_tokens,0.1,126,1259,1.0,0.3333333333333333,0.5,0.0,0.0,1,1,3,29,97,1,0,0.29896907216494845,1.0
43,answer_conditioned,DT_target,positive_mean_eligible,all_body_tokens,0.2,252,1259,0.2,0.3333333333333333,0.25,0.0,0.0,1,5,3,248,4,5,0,0.29896907216494845,1.0
43,answer_conditioned,DT_target,positive_mean_eligible,sentences,2,2,1259,0.5,0.3333333333333333,0.4,0.0,0.0,1,2,3,132,0,2,0,0.29896907216494845,0.6666666666666666
43,answer_conditioned,DT_target,positive_mean_eligible,sentences,4,4,1259,0.25,0.3333333333333333,0.28571428571428575,0.0,0.0,1,4,3,235,0,4,0,0.29896907216494845,1.0
43,answer_conditioned,DT_target,positive_mean_eligible,sentences,8,8,1259,0.125,0.3333333333333333,0.18181818181818182,0.0,0.0,1,8,3,340,0,8,0,0.29896907216494845,1.0
43,answer_conditioned,FT_K1,signed_sum,all_body_tokens,0.05,63,1259,0.5,0.3333333333333333,0.4,0.0,0.0,1,2,3,62,1,2,0,0.29896907216494845,0.6666666666666666
43,answer_conditioned,FT_K1,signed_sum,all_body_tokens,0.1,126,1259,0.5,0.3333333333333333,0.4,0.0,0.0,1,2,3,62,64,2,0,0.29896907216494845,1.0
43,answer_conditioned,FT_K1,signed_sum,all_body_tokens,0.2,252,1259,0.4,0.6666666666666666,0.5,0.0,0.0,2,5,3,214,38,5,0,0.7731958762886598,1.0
43,answer_conditioned,FT_K1,signed_sum,sentences,2,2,1259,0.5,0.3333333333333333,0.4,0.0,0.0,1,2,3,62,0,2,0,0.29896907216494845,0.6666666666666666
43,answer_conditioned,FT_K1,signed_sum,sentences,4,4,1259,0.5,0.6666666666666666,0.5714285714285715,0.0,0.0,2,4,3,174,0,4,0,0.7731958762886598,1.0
43,answer_conditioned,FT_K1,signed_sum,sentences,8,8,1259,0.375,1.0,0.5454545454545454,0.0,1.0,3,8,3,339,0,8,0,1.0,1.0
43,answer_conditioned,FT_K1,positive_mean_eligible,all_body_tokens,0.05,63,1259,0.5,0.3333333333333333,0.4,0.0,0.0,1,2,3,62,1,2,0,0.29896907216494845,0.6666666666666666
43,answer_conditioned,FT_K1,positive_mean_eligible,all_body_tokens,0.1,126,1259,0.4,0.6666666666666666,0.5,0.0,0.0,2,5,3,119,7,5,0,0.5257731958762887,1.0
43,answer_conditioned,FT_K1,positive_mean_eligible,all_body_tokens,0.2,252,1259,0.3333333333333333,1.0,0.5,0.0,1.0,3,9,3,232,20,9,0,1.0,1.0
43,answer_conditioned,FT_K1,positive_mean_eligible,sentences,2,2,1259,0.5,0.3333333333333333,0.4,0.0,0.0,1,2,3,62,0,2,0,0.29896907216494845,0.6666666666666666
43,answer_conditioned,FT_K1,positive_mean_eligible,sentences,4,4,1259,0.5,0.6666666666666666,0.5714285714285715,0.0,0.0,2,4,3,106,0,4,0,0.5257731958762887,1.0
43,answer_conditioned,FT_K1,positive_mean_eligible,sentences,8,8,1259,0.375,1.0,0.5454545454545454,0.0,1.0,3,8,3,218,0,8,0,1.0,1.0
43,answer_conditioned,FT_K3,signed_sum,all_body_tokens,0.05,63,1259,0.5,0.3333333333333333,0.4,0.0,0.0,1,2,3,62,1,2,0,0.29896907216494845,0.6666666666666666
43,answer_conditioned,FT_K3,signed_sum,all_body_tokens,0.1,126,1259,0.5,0.3333333333333333,0.4,0.0,0.0,1,2,3,62,64,2,0,0.29896907216494845,1.0
43,answer_conditioned,FT_K3,signed_sum,all_body_tokens,0.2,252,1259,0.4,0.6666666666666666,0.5,0.0,0.0,2,5,3,214,38,5,0,0.7731958762886598,1.0
43,answer_conditioned,FT_K3,signed_sum,sentences,2,2,1259,0.5,0.3333333333333333,0.4,0.0,0.0,1,2,3,62,0,2,0,0.29896907216494845,0.6666666666666666
43,answer_conditioned,FT_K3,signed_sum,sentences,4,4,1259,0.5,0.6666666666666666,0.5714285714285715,0.0,0.0,2,4,3,174,0,4,0,0.7731958762886598,1.0
43,answer_conditioned,FT_K3,signed_sum,sentences,8,8,1259,0.375,1.0,0.5454545454545454,0.0,1.0,3,8,3,339,0,8,0,1.0,1.0
43,answer_conditioned,FT_K3,positive_mean_eligible,all_body_tokens,0.05,63,1259,1.0,0.6666666666666666,0.8,0.0,0.0,2,2,3,51,12,2,0,0.5257731958762887,0.6666666666666666
43,answer_conditioned,FT_K3,positive_mean_eligible,all_body_tokens,0.1,126,1259,0.5,0.6666666666666666,0.5714285714285715,0.0,0.0,2,4,3,106,20,4,0,0.5257731958762887,1.0
43,answer_conditioned,FT_K3,positive_mean_eligible,all_body_tokens,0.2,252,1259,0.3333333333333333,1.0,0.5,0.0,1.0,3,9,3,232,20,9,0,1.0,1.0
43,answer_conditioned,FT_K3,positive_mean_eligible,sentences,2,2,1259,1.0,0.6666666666666666,0.8,0.0,0.0,2,2,3,51,0,2,0,0.5257731958762887,0.6666666666666666
43,answer_conditioned,FT_K3,positive_mean_eligible,sentences,4,4,1259,0.5,0.6666666666666666,0.5714285714285715,0.0,0.0,2,4,3,106,0,4,0,0.5257731958762887,1.0
43,answer_conditioned,FT_K3,positive_mean_eligible,sentences,8,8,1259,0.375,1.0,0.5454545454545454,0.0,1.0,3,8,3,218,0,8,0,1.0,1.0
44,answer_conditioned,DT_target,signed_sum,all_body_tokens,0.05,42,831,0.0,0.0,0.0,0.0,0.0,0,0,3,0,42,0,1,0.0,0.3333333333333333
44,answer_conditioned,DT_target,signed_sum,all_body_tokens,0.1,84,831,0.6666666666666666,0.6666666666666666,0.6666666666666666,0.0,0.0,2,3,3,69,15,3,0,0.5858585858585859,0.6666666666666666
44,answer_conditioned,DT_target,signed_sum,all_body_tokens,0.2,167,831,0.42857142857142855,1.0,0.6,0.0,1.0,3,7,3,163,4,7,0,1.0,1.0
44,answer_conditioned,DT_target,signed_sum,sentences,2,2,831,0.5,0.3333333333333333,0.4,0.0,0.0,1,2,3,54,0,2,0,0.43434343434343436,0.6666666666666666
44,answer_conditioned,DT_target,signed_sum,sentences,4,4,831,0.5,0.6666666666666666,0.5714285714285715,0.0,0.0,2,4,3,88,0,4,0,0.5858585858585859,1.0
44,answer_conditioned,DT_target,signed_sum,sentences,8,8,831,0.375,1.0,0.5454545454545454,0.0,1.0,3,8,3,173,0,8,0,1.0,1.0
44,answer_conditioned,DT_target,positive_mean_eligible,all_body_tokens,0.05,42,831,0.0,0.0,0.0,0.0,0.0,0,1,3,11,31,1,0,0.0,0.3333333333333333
44,answer_conditioned,DT_target,positive_mean_eligible,all_body_tokens,0.1,84,831,0.6666666666666666,0.6666666666666666,0.6666666666666666,0.0,0.0,2,3,3,69,15,3,0,0.5858585858585859,0.6666666666666666
44,answer_conditioned,DT_target,positive_mean_eligible,all_body_tokens,0.2,167,831,0.42857142857142855,1.0,0.6,0.0,1.0,3,7,3,161,6,7,0,1.0,1.0
44,answer_conditioned,DT_target,positive_mean_eligible,sentences,2,2,831,0.5,0.3333333333333333,0.4,0.0,0.0,1,2,3,54,0,2,0,0.43434343434343436,0.6666666666666666
44,answer_conditioned,DT_target,positive_mean_eligible,sentences,4,4,831,0.75,1.0,0.8571428571428571,0.0,1.0,3,4,3,110,0,4,0,1.0,1.0
44,answer_conditioned,DT_target,positive_mean_eligible,sentences,8,8,831,0.375,1.0,0.5454545454545454,0.0,1.0,3,8,3,196,0,8,0,1.0,1.0
44,answer_conditioned,FT_K1,signed_sum,all_body_tokens,0.05,42,831,0.0,0.0,0.0,0.0,0.0,0,0,3,0,42,0,1,0.0,0.3333333333333333
44,answer_conditioned,FT_K1,signed_sum,all_body_tokens,0.1,84,831,1.0,0.6666666666666666,0.8,0.0,0.0,2,2,3,58,26,2,0,0.5858585858585859,0.6666666666666666
44,answer_conditioned,FT_K1,signed_sum,all_body_tokens,0.2,167,831,0.6,1.0,0.7499999999999999,0.0,1.0,3,5,3,137,30,5,0,1.0,1.0
44,answer_conditioned,FT_K1,signed_sum,sentences,2,2,831,1.0,0.6666666666666666,0.8,0.0,0.0,2,2,3,58,0,2,0,0.5858585858585859,0.6666666666666666
44,answer_conditioned,FT_K1,signed_sum,sentences,4,4,831,0.75,1.0,0.8571428571428571,0.0,1.0,3,4,3,126,0,4,0,1.0,1.0
44,answer_conditioned,FT_K1,signed_sum,sentences,8,8,831,0.375,1.0,0.5454545454545454,0.0,1.0,3,8,3,263,0,8,0,1.0,1.0
44,answer_conditioned,FT_K1,positive_mean_eligible,all_body_tokens,0.05,42,831,0.5,0.3333333333333333,0.4,0.0,0.0,1,2,3,26,16,2,0,0.15151515151515152,0.3333333333333333
44,answer_conditioned,FT_K1,positive_mean_eligible,all_body_tokens,0.1,84,831,0.6666666666666666,0.6666666666666666,0.6666666666666666,0.0,0.0,2,3,3,69,15,3,0,0.5858585858585859,0.6666666666666666
44,answer_conditioned,FT_K1,positive_mean_eligible,all_body_tokens,0.2,167,831,0.42857142857142855,1.0,0.6,0.0,1.0,3,7,3,161,6,7,0,1.0,1.0
44,answer_conditioned,FT_K1,positive_mean_eligible,sentences,2,2,831,0.5,0.3333333333333333,0.4,0.0,0.0,1,2,3,26,0,2,0,0.15151515151515152,0.6666666666666666
44,answer_conditioned,FT_K1,positive_mean_eligible,sentences,4,4,831,0.5,0.6666666666666666,0.5714285714285715,0.0,0.0,2,4,3,96,0,4,0,0.5858585858585859,1.0
44,answer_conditioned,FT_K1,positive_mean_eligible,sentences,8,8,831,0.375,1.0,0.5454545454545454,0.0,1.0,3,8,3,181,0,8,0,1.0,1.0
44,answer_conditioned,FT_K3,signed_sum,all_body_tokens,0.05,42,831,0.0,0.0,0.0,0.0,0.0,0,0,3,0,42,0,1,0.0,0.3333333333333333
44,answer_conditioned,FT_K3,signed_sum,all_body_tokens,0.1,84,831,1.0,0.6666666666666666,0.8,0.0,0.0,2,2,3,58,26,2,0,0.5858585858585859,0.6666666666666666
44,answer_conditioned,FT_K3,signed_sum,all_body_tokens,0.2,167,831,0.6,1.0,0.7499999999999999,0.0,1.0,3,5,3,137,30,5,0,1.0,1.0
44,answer_conditioned,FT_K3,signed_sum,sentences,2,2,831,1.0,0.6666666666666666,0.8,0.0,0.0,2,2,3,58,0,2,0,0.5858585858585859,0.6666666666666666
44,answer_conditioned,FT_K3,signed_sum,sentences,4,4,831,0.75,1.0,0.8571428571428571,0.0,1.0,3,4,3,126,0,4,0,1.0,1.0
44,answer_conditioned,FT_K3,signed_sum,sentences,8,8,831,0.375,1.0,0.5454545454545454,0.0,1.0,3,8,3,263,0,8,0,1.0,1.0
44,answer_conditioned,FT_K3,positive_mean_eligible,all_body_tokens,0.05,42,831,0.5,0.3333333333333333,0.4,0.0,0.0,1,2,3,26,16,2,0,0.15151515151515152,0.3333333333333333
44,answer_conditioned,FT_K3,positive_mean_eligible,all_body_tokens,0.1,84,831,0.6666666666666666,0.6666666666666666,0.6666666666666666,0.0,0.0,2,3,3,69,15,3,0,0.5858585858585859,0.6666666666666666
44,answer_conditioned,FT_K3,positive_mean_eligible,all_body_tokens,0.2,167,831,0.42857142857142855,1.0,0.6,0.0,1.0,3,7,3,161,6,7,0,1.0,1.0
44,answer_conditioned,FT_K3,positive_mean_eligible,sentences,2,2,831,0.5,0.3333333333333333,0.4,0.0,0.0,1,2,3,26,0,2,0,0.15151515151515152,0.6666666666666666
44,answer_conditioned,FT_K3,positive_mean_eligible,sentences,4,4,831,0.5,0.6666666666666666,0.5714285714285715,0.0,0.0,2,4,3,96,0,4,0,0.5858585858585859,1.0
44,answer_conditioned,FT_K3,positive_mean_eligible,sentences,8,8,831,0.375,1.0,0.5454545454545454,0.0,1.0,3,8,3,181,0,8,0,1.0,1.0
45,answer_conditioned,DT_target,signed_sum,all_body_tokens,0.05,92,1835,0.0,0.0,0.0,0.0,0.0,0,1,2,53,39,1,0,0.0,1.0
45,answer_conditioned,DT_target,signed_sum,all_body_tokens,0.1,184,1835,0.0,0.0,0.0,0.0,0.0,0,4,2,157,27,4,0,0.0,1.0
45,answer_conditioned,DT_target,signed_sum,all_body_tokens,0.2,367,1835,0.0,0.0,0.0,0.0,0.0,0,11,2,362,5,11,0,0.0,1.0
45,answer_conditioned,DT_target,signed_sum,sentences,2,2,1835,0.0,0.0,0.0,0.0,0.0,0,2,2,102,0,2,0,0.0,1.0
45,answer_conditioned,DT_target,signed_sum,sentences,4,4,1835,0.0,0.0,0.0,0.0,0.0,0,4,2,157,0,4,0,0.0,1.0
45,answer_conditioned,DT_target,signed_sum,sentences,8,8,1835,0.0,0.0,0.0,0.0,0.0,0,8,2,276,0,8,0,0.0,1.0
45,answer_conditioned,DT_target,positive_mean_eligible,all_body_tokens,0.05,92,1835,0.0,0.0,0.0,0.0,0.0,0,3,2,87,5,3,0,0.0,1.0
45,answer_conditioned,DT_target,positive_mean_eligible,all_body_tokens,0.1,184,1835,0.0,0.0,0.0,0.0,0.0,0,6,2,175,9,6,0,0.0,1.0
45,answer_conditioned,DT_target,positive_mean_eligible,all_body_tokens,0.2,367,1835,0.0,0.0,0.0,0.0,0.0,0,13,2,326,41,13,0,0.0,1.0
45,answer_conditioned,DT_target,positive_mean_eligible,sentences,2,2,1835,0.0,0.0,0.0,0.0,0.0,0,2,2,63,0,2,0,0.0,1.0
45,answer_conditioned,DT_target,positive_mean_eligible,sentences,4,4,1835,0.0,0.0,0.0,0.0,0.0,0,4,2,136,0,4,0,0.0,1.0
45,answer_conditioned,DT_target,positive_mean_eligible,sentences,8,8,1835,0.0,0.0,0.0,0.0,0.0,0,8,2,209,0,8,0,0.0,1.0
45,answer_conditioned,FT_K1,signed_sum,all_body_tokens,0.05,92,1835,1.0,0.5,0.6666666666666666,0.0,0.0,1,1,2,61,31,1,0,0.6853932584269663,1.0
45,answer_conditioned,FT_K1,signed_sum,all_body_tokens,0.1,184,1835,1.0,0.5,0.6666666666666666,0.0,0.0,1,1,2,61,123,1,0,0.6853932584269663,1.0
45,answer_conditioned,FT_K1,signed_sum,all_body_tokens,0.2,367,1835,0.4,1.0,0.5714285714285715,0.0,1.0,2,5,2,305,62,5,0,1.0,1.0
45,answer_conditioned,FT_K1,signed_sum,sentences,2,2,1835,0.5,0.5,0.5,0.0,0.0,1,2,2,200,0,2,0,0.6853932584269663,1.0
45,answer_conditioned,FT_K1,signed_sum,sentences,4,4,1835,0.5,1.0,0.6666666666666666,0.0,1.0,2,4,2,256,0,4,0,1.0,1.0
45,answer_conditioned,FT_K1,signed_sum,sentences,8,8,1835,0.25,1.0,0.4,0.0,1.0,2,8,2,483,0,8,0,1.0,1.0
45,answer_conditioned,FT_K1,positive_mean_eligible,all_body_tokens,0.05,92,1835,0.5,0.5,0.5,0.0,0.0,1,2,2,89,3,2,0,0.6853932584269663,1.0
45,answer_conditioned,FT_K1,positive_mean_eligible,all_body_tokens,0.1,184,1835,0.4,1.0,0.5714285714285715,0.0,1.0,2,5,2,173,11,5,0,1.0,1.0
45,answer_conditioned,FT_K1,positive_mean_eligible,all_body_tokens,0.2,367,1835,0.16666666666666666,1.0,0.2857142857142857,0.0,1.0,2,12,2,339,28,12,0,1.0,1.0
45,answer_conditioned,FT_K1,positive_mean_eligible,sentences,2,2,1835,0.5,0.5,0.5,0.0,0.0,1,2,2,89,0,2,0,0.6853932584269663,1.0
45,answer_conditioned,FT_K1,positive_mean_eligible,sentences,4,4,1835,0.5,1.0,0.6666666666666666,0.0,1.0,2,4,2,149,0,4,0,1.0,1.0
45,answer_conditioned,FT_K1,positive_mean_eligible,sentences,8,8,1835,0.25,1.0,0.4,0.0,1.0,2,8,2,292,0,8,0,1.0,1.0
45,answer_conditioned,FT_K3,signed_sum,all_body_tokens,0.05,92,1835,1.0,0.5,0.6666666666666666,0.0,0.0,1,1,2,61,31,1,0,0.6853932584269663,1.0
45,answer_conditioned,FT_K3,signed_sum,all_body_tokens,0.1,184,1835,1.0,0.5,0.6666666666666666,0.0,0.0,1,1,2,61,123,1,0,0.6853932584269663,1.0
45,answer_conditioned,FT_K3,signed_sum,all_body_tokens,0.2,367,1835,0.3333333333333333,1.0,0.5,0.0,1.0,2,6,2,354,13,6,0,1.0,1.0
45,answer_conditioned,FT_K3,signed_sum,sentences,2,2,1835,0.5,0.5,0.5,0.0,0.0,1,2,2,200,0,2,0,0.6853932584269663,1.0
45,answer_conditioned,FT_K3,signed_sum,sentences,4,4,1835,0.5,1.0,0.6666666666666666,0.0,1.0,2,4,2,256,0,4,0,1.0,1.0
45,answer_conditioned,FT_K3,signed_sum,sentences,8,8,1835,0.25,1.0,0.4,0.0,1.0,2,8,2,483,0,8,0,1.0,1.0
45,answer_conditioned,FT_K3,positive_mean_eligible,all_body_tokens,0.05,92,1835,0.5,0.5,0.5,0.0,0.0,1,2,2,89,3,2,0,0.6853932584269663,1.0
45,answer_conditioned,FT_K3,positive_mean_eligible,all_body_tokens,0.1,184,1835,0.3333333333333333,1.0,0.5,0.0,1.0,2,6,2,179,5,6,0,1.0,1.0
45,answer_conditioned,FT_K3,positive_mean_eligible,all_body_tokens,0.2,367,1835,0.15384615384615385,1.0,0.2666666666666667,0.0,1.0,2,13,2,360,7,13,0,1.0,1.0
45,answer_conditioned,FT_K3,positive_mean_eligible,sentences,2,2,1835,0.5,0.5,0.5,0.0,0.0,1,2,2,89,0,2,0,0.6853932584269663,1.0
45,answer_conditioned,FT_K3,positive_mean_eligible,sentences,4,4,1835,0.5,1.0,0.6666666666666666,0.0,1.0,2,4,2,123,0,4,0,1.0,1.0
45,answer_conditioned,FT_K3,positive_mean_eligible,sentences,8,8,1835,0.25,1.0,0.4,0.0,1.0,2,8,2,249,0,8,0,1.0,1.0
46,answer_conditioned,DT_target,signed_sum,all_body_tokens,0.05,67,1324,0.5,0.5,0.5,0.0,0.0,1,2,2,55,12,2,0,0.5538461538461539,1.0
46,answer_conditioned,DT_target,signed_sum,all_body_tokens,0.1,133,1324,0.6666666666666666,1.0,0.8,0.0,1.0,2,3,2,84,49,3,0,1.0,1.0
46,answer_conditioned,DT_target,signed_sum,all_body_tokens,0.2,265,1324,0.3333333333333333,1.0,0.5,0.0,1.0,2,6,2,254,11,6,0,1.0,1.0
46,answer_conditioned,DT_target,signed_sum,sentences,2,2,1324,0.5,0.5,0.5,0.0,0.0,1,2,2,55,0,2,0,0.5538461538461539,1.0
46,answer_conditioned,DT_target,signed_sum,sentences,4,4,1324,0.5,1.0,0.6666666666666666,0.0,1.0,2,4,2,134,0,4,0,1.0,1.0
46,answer_conditioned,DT_target,signed_sum,sentences,8,8,1324,0.25,1.0,0.4,0.0,1.0,2,8,2,369,0,8,0,1.0,1.0
46,answer_conditioned,DT_target,positive_mean_eligible,all_body_tokens,0.05,67,1324,0.5,0.5,0.5,0.0,0.0,1,2,2,55,12,2,0,0.5538461538461539,1.0
46,answer_conditioned,DT_target,positive_mean_eligible,all_body_tokens,0.1,133,1324,0.4,1.0,0.5714285714285715,0.0,1.0,2,5,2,125,8,5,0,1.0,1.0
46,answer_conditioned,DT_target,positive_mean_eligible,all_body_tokens,0.2,265,1324,0.25,1.0,0.4,0.0,1.0,2,8,2,265,0,8,0,1.0,1.0
46,answer_conditioned,DT_target,positive_mean_eligible,sentences,2,2,1324,0.5,0.5,0.5,0.0,0.0,1,2,2,55,0,2,0,0.5538461538461539,1.0
46,answer_conditioned,DT_target,positive_mean_eligible,sentences,4,4,1324,0.5,1.0,0.6666666666666666,0.0,1.0,2,4,2,109,0,4,0,1.0,1.0
46,answer_conditioned,DT_target,positive_mean_eligible,sentences,8,8,1324,0.25,1.0,0.4,0.0,1.0,2,8,2,265,0,8,0,1.0,1.0
46,answer_conditioned,FT_K1,signed_sum,all_body_tokens,0.05,67,1324,0.0,0.0,0.0,0.0,0.0,0,1,2,16,51,1,0,0.0,1.0
46,answer_conditioned,FT_K1,signed_sum,all_body_tokens,0.1,133,1324,0.3333333333333333,0.5,0.4,0.0,0.0,1,3,2,125,8,3,0,0.5538461538461539,1.0
46,answer_conditioned,FT_K1,signed_sum,all_body_tokens,0.2,265,1324,0.3333333333333333,1.0,0.5,0.0,1.0,2,6,2,233,32,6,0,1.0,1.0
46,answer_conditioned,FT_K1,signed_sum,sentences,2,2,1324,0.0,0.0,0.0,0.0,0.0,0,2,2,89,0,2,0,0.0,1.0
46,answer_conditioned,FT_K1,signed_sum,sentences,4,4,1324,0.25,0.5,0.3333333333333333,0.0,0.0,1,4,2,150,0,4,0,0.5538461538461539,1.0
46,answer_conditioned,FT_K1,signed_sum,sentences,8,8,1324,0.25,1.0,0.4,0.0,1.0,2,8,2,355,0,8,0,1.0,1.0
46,answer_conditioned,FT_K1,positive_mean_eligible,all_body_tokens,0.05,67,1324,0.0,0.0,0.0,0.0,0.0,0,2,2,41,26,2,0,0.0,1.0
46,answer_conditioned,FT_K1,positive_mean_eligible,all_body_tokens,0.1,133,1324,0.5,1.0,0.6666666666666666,0.0,1.0,2,4,2,106,27,4,0,1.0,1.0
46,answer_conditioned,FT_K1,positive_mean_eligible,all_body_tokens,0.2,265,1324,0.2857142857142857,1.0,0.4444444444444445,0.0,1.0,2,7,2,252,13,7,0,1.0,1.0
46,answer_conditioned,FT_K1,positive_mean_eligible,sentences,2,2,1324,0.0,0.0,0.0,0.0,0.0,0,2,2,41,0,2,0,0.0,1.0
46,answer_conditioned,FT_K1,positive_mean_eligible,sentences,4,4,1324,0.5,1.0,0.6666666666666666,0.0,1.0,2,4,2,106,0,4,0,1.0,1.0
46,answer_conditioned,FT_K1,positive_mean_eligible,sentences,8,8,1324,0.25,1.0,0.4,0.0,1.0,2,8,2,269,0,8,0,1.0,1.0
46,answer_conditioned,FT_K3,signed_sum,all_body_tokens,0.05,67,1324,0.0,0.0,0.0,0.0,0.0,0,2,2,41,26,2,0,0.0,1.0
46,answer_conditioned,FT_K3,signed_sum,all_body_tokens,0.1,133,1324,0.3333333333333333,0.5,0.4,0.0,0.0,1,3,2,77,56,3,0,0.5538461538461539,1.0
46,answer_conditioned,FT_K3,signed_sum,all_body_tokens,0.2,265,1324,0.2,0.5,0.28571428571428575,0.0,0.0,1,5,2,204,61,5,0,0.5538461538461539,1.0
46,answer_conditioned,FT_K3,signed_sum,sentences,2,2,1324,0.0,0.0,0.0,0.0,0.0,0,2,2,41,0,2,0,0.0,1.0
46,answer_conditioned,FT_K3,signed_sum,sentences,4,4,1324,0.25,0.5,0.3333333333333333,0.0,0.0,1,4,2,150,0,4,0,0.5538461538461539,1.0
46,answer_conditioned,FT_K3,signed_sum,sentences,8,8,1324,0.25,1.0,0.4,0.0,1.0,2,8,2,355,0,8,0,1.0,1.0
46,answer_conditioned,FT_K3,positive_mean_eligible,all_body_tokens,0.05,67,1324,0.0,0.0,0.0,0.0,0.0,0,2,2,41,26,2,0,0.0,1.0
46,answer_conditioned,FT_K3,positive_mean_eligible,all_body_tokens,0.1,133,1324,0.5,1.0,0.6666666666666666,0.0,1.0,2,4,2,106,27,4,0,1.0,1.0
46,answer_conditioned,FT_K3,positive_mean_eligible,all_body_tokens,0.2,265,1324,0.2857142857142857,1.0,0.4444444444444445,0.0,1.0,2,7,2,252,13,7,0,1.0,1.0
46,answer_conditioned,FT_K3,positive_mean_eligible,sentences,2,2,1324,0.0,0.0,0.0,0.0,0.0,0,2,2,41,0,2,0,0.0,1.0
46,answer_conditioned,FT_K3,positive_mean_eligible,sentences,4,4,1324,0.5,1.0,0.6666666666666666,0.0,1.0,2,4,2,106,0,4,0,1.0,1.0
46,answer_conditioned,FT_K3,positive_mean_eligible,sentences,8,8,1324,0.25,1.0,0.4,0.0,1.0,2,8,2,284,0,8,0,1.0,1.0
47,answer_conditioned,DT_target,signed_sum,all_body_tokens,0.05,45,881,1.0,0.3333333333333333,0.5,0.0,0.0,1,1,3,40,5,1,0,0.46511627906976744,0.3333333333333333
47,answer_conditioned,DT_target,signed_sum,all_body_tokens,0.1,89,881,0.5,0.3333333333333333,0.4,0.0,0.0,1,2,3,84,5,2,0,0.46511627906976744,1.0
47,answer_conditioned,DT_target,signed_sum,all_body_tokens,0.2,177,881,0.4,0.6666666666666666,0.5,0.0,0.0,2,5,3,177,0,5,0,0.6976744186046512,1.0
47,answer_conditioned,DT_target,signed_sum,sentences,2,2,881,0.5,0.3333333333333333,0.4,0.0,0.0,1,2,3,84,0,2,0,0.46511627906976744,0.6666666666666666
47,answer_conditioned,DT_target,signed_sum,sentences,4,4,881,0.5,0.6666666666666666,0.5714285714285715,0.0,0.0,2,4,3,142,0,4,0,0.6976744186046512,1.0
47,answer_conditioned,DT_target,signed_sum,sentences,8,8,881,0.375,1.0,0.5454545454545454,0.0,1.0,3,8,3,288,0,8,0,1.0,1.0
47,answer_conditioned,DT_target,positive_mean_eligible,all_body_tokens,0.05,45,881,1.0,0.3333333333333333,0.5,0.0,0.0,1,1,3,40,5,1,0,0.46511627906976744,0.3333333333333333
47,answer_conditioned,DT_target,positive_mean_eligible,all_body_tokens,0.1,89,881,0.5,0.3333333333333333,0.4,0.0,0.0,1,2,3,84,5,2,0,0.46511627906976744,1.0
47,answer_conditioned,DT_target,positive_mean_eligible,all_body_tokens,0.2,177,881,0.4,0.6666666666666666,0.5,0.0,0.0,2,5,3,177,0,5,0,0.6976744186046512,1.0
47,answer_conditioned,DT_target,positive_mean_eligible,sentences,2,2,881,0.5,0.3333333333333333,0.4,0.0,0.0,1,2,3,84,0,2,0,0.46511627906976744,0.6666666666666666
47,answer_conditioned,DT_target,positive_mean_eligible,sentences,4,4,881,0.5,0.6666666666666666,0.5714285714285715,0.0,0.0,2,4,3,142,0,4,0,0.6976744186046512,1.0
47,answer_conditioned,DT_target,positive_mean_eligible,sentences,8,8,881,0.375,1.0,0.5454545454545454,0.0,1.0,3,8,3,252,0,8,0,1.0,1.0
47,answer_conditioned,FT_K1,signed_sum,all_body_tokens,0.05,45,881,1.0,0.3333333333333333,0.5,0.0,0.0,1,1,3,40,5,1,0,0.46511627906976744,0.3333333333333333
47,answer_conditioned,FT_K1,signed_sum,all_body_tokens,0.1,89,881,0.5,0.3333333333333333,0.4,0.0,0.0,1,2,3,81,8,2,0,0.46511627906976744,1.0
47,answer_conditioned,FT_K1,signed_sum,all_body_tokens,0.2,177,881,0.25,0.3333333333333333,0.28571428571428575,0.0,0.0,1,4,3,151,26,4,0,0.46511627906976744,1.0
47,answer_conditioned,FT_K1,signed_sum,sentences,2,2,881,0.5,0.3333333333333333,0.4,0.0,0.0,1,2,3,81,0,2,0,0.46511627906976744,0.6666666666666666
47,answer_conditioned,FT_K1,signed_sum,sentences,4,4,881,0.25,0.3333333333333333,0.28571428571428575,0.0,0.0,1,4,3,151,0,4,0,0.46511627906976744,1.0
47,answer_conditioned,FT_K1,signed_sum,sentences,8,8,881,0.125,0.3333333333333333,0.18181818181818182,0.0,0.0,1,8,3,279,0,8,0,0.46511627906976744,1.0
47,answer_conditioned,FT_K1,positive_mean_eligible,all_body_tokens,0.05,45,881,1.0,0.3333333333333333,0.5,0.0,0.0,1,1,3,40,5,1,0,0.46511627906976744,0.3333333333333333
47,answer_conditioned,FT_K1,positive_mean_eligible,all_body_tokens,0.1,89,881,0.5,0.3333333333333333,0.4,0.0,0.0,1,2,3,81,8,2,0,0.46511627906976744,1.0
47,answer_conditioned,FT_K1,positive_mean_eligible,all_body_tokens,0.2,177,881,0.16666666666666666,0.3333333333333333,0.2222222222222222,0.0,0.0,1,6,3,168,9,6,0,0.46511627906976744,1.0
47,answer_conditioned,FT_K1,positive_mean_eligible,sentences,2,2,881,0.5,0.3333333333333333,0.4,0.0,0.0,1,2,3,81,0,2,0,0.46511627906976744,0.6666666666666666
47,answer_conditioned,FT_K1,positive_mean_eligible,sentences,4,4,881,0.25,0.3333333333333333,0.28571428571428575,0.0,0.0,1,4,3,113,0,4,0,0.46511627906976744,1.0
47,answer_conditioned,FT_K1,positive_mean_eligible,sentences,8,8,881,0.125,0.3333333333333333,0.18181818181818182,0.0,0.0,1,8,3,231,0,8,0,0.46511627906976744,1.0
47,answer_conditioned,FT_K3,signed_sum,all_body_tokens,0.05,45,881,1.0,0.3333333333333333,0.5,0.0,0.0,1,1,3,40,5,1,0,0.46511627906976744,0.3333333333333333
47,answer_conditioned,FT_K3,signed_sum,all_body_tokens,0.1,89,881,0.5,0.3333333333333333,0.4,0.0,0.0,1,2,3,81,8,2,0,0.46511627906976744,1.0
47,answer_conditioned,FT_K3,signed_sum,all_body_tokens,0.2,177,881,0.25,0.3333333333333333,0.28571428571428575,0.0,0.0,1,4,3,154,23,4,0,0.46511627906976744,1.0
47,answer_conditioned,FT_K3,signed_sum,sentences,2,2,881,0.5,0.3333333333333333,0.4,0.0,0.0,1,2,3,81,0,2,0,0.46511627906976744,0.6666666666666666
47,answer_conditioned,FT_K3,signed_sum,sentences,4,4,881,0.25,0.3333333333333333,0.28571428571428575,0.0,0.0,1,4,3,154,0,4,0,0.46511627906976744,1.0
47,answer_conditioned,FT_K3,signed_sum,sentences,8,8,881,0.125,0.3333333333333333,0.18181818181818182,0.0,0.0,1,8,3,295,0,8,0,0.46511627906976744,1.0
47,answer_conditioned,FT_K3,positive_mean_eligible,all_body_tokens,0.05,45,881,1.0,0.3333333333333333,0.5,0.0,0.0,1,1,3,40,5,1,0,0.46511627906976744,0.3333333333333333
47,answer_conditioned,FT_K3,positive_mean_eligible,all_body_tokens,0.1,89,881,0.5,0.3333333333333333,0.4,0.0,0.0,1,2,3,81,8,2,0,0.46511627906976744,1.0
47,answer_conditioned,FT_K3,positive_mean_eligible,all_body_tokens,0.2,177,881,0.3333333333333333,0.6666666666666666,0.4444444444444444,0.0,0.0,2,6,3,161,16,6,0,0.6976744186046512,1.0
47,answer_conditioned,FT_K3,positive_mean_eligible,sentences,2,2,881,0.5,0.3333333333333333,0.4,0.0,0.0,1,2,3,81,0,2,0,0.46511627906976744,0.6666666666666666
47,answer_conditioned,FT_K3,positive_mean_eligible,sentences,4,4,881,0.25,0.3333333333333333,0.28571428571428575,0.0,0.0,1,4,3,123,0,4,0,0.46511627906976744,1.0
47,answer_conditioned,FT_K3,positive_mean_eligible,sentences,8,8,881,0.25,0.6666666666666666,0.36363636363636365,0.0,0.0,2,8,3,223,0,8,0,0.6976744186046512,1.0
