dataset,index,eligible,gold,DT_tie10_recall_low,DT_tie10_recall_high,DT_tie10_cutoff_zero,DT_tie10_tie_changes_recall,DT_recall@05,DT_precision@05,DT_ceiling_adjusted_recall@05,DT_recall@10,DT_precision@10,DT_ceiling_adjusted_recall@10,DT_recall@20,DT_precision@20,DT_ceiling_adjusted_recall@20,DT_recall@30,DT_precision@30,DT_ceiling_adjusted_recall@30,DT_recall@50,DT_precision@50,DT_ceiling_adjusted_recall@50,DT_unit_recall@05,DT_unit_precision@05,DT_unit_ceiling_adjusted_recall@05,DT_unit_selected_token_fraction@05,DT_unit_recall@10,DT_unit_precision@10,DT_unit_ceiling_adjusted_recall@10,DT_unit_selected_token_fraction@10,DT_unit_recall@20,DT_unit_precision@20,DT_unit_ceiling_adjusted_recall@20,DT_unit_selected_token_fraction@20,DT_unit_recall@30,DT_unit_precision@30,DT_unit_ceiling_adjusted_recall@30,DT_unit_selected_token_fraction@30,DT_unit_recall@50,DT_unit_precision@50,DT_unit_ceiling_adjusted_recall@50,DT_unit_selected_token_fraction@50,DT_rise,DT_mas,DT_full_reference_tie10_recall_low,DT_full_reference_tie10_recall_high,DT_full_reference_tie10_cutoff_zero,DT_full_reference_tie10_tie_changes_recall,DT_full_reference_recall@05,DT_full_reference_precision@05,DT_full_reference_ceiling_adjusted_recall@05,DT_full_reference_recall@10,DT_full_reference_precision@10,DT_full_reference_ceiling_adjusted_recall@10,DT_full_reference_recall@20,DT_full_reference_precision@20,DT_full_reference_ceiling_adjusted_recall@20,DT_full_reference_recall@30,DT_full_reference_precision@30,DT_full_reference_ceiling_adjusted_recall@30,DT_full_reference_recall@50,DT_full_reference_precision@50,DT_full_reference_ceiling_adjusted_recall@50,DT_full_reference_unit_recall@05,DT_full_reference_unit_precision@05,DT_full_reference_unit_ceiling_adjusted_recall@05,DT_full_reference_unit_selected_token_fraction@05,DT_full_reference_unit_recall@10,DT_full_reference_unit_precision@10,DT_full_reference_unit_ceiling_adjusted_recall@10,DT_full_reference_unit_selected_token_fraction@10,DT_full_reference_unit_recall@20,DT_full_reference_unit_precision@20,DT_full_reference_unit_ceiling_adjusted_recall@20,DT_full_reference_unit_selected_token_fraction@20,DT_full_reference_unit_recall@30,DT_full_reference_unit_precision@30,DT_full_reference_unit_ceiling_adjusted_recall@30,DT_full_reference_unit_selected_token_fraction@30,DT_full_reference_unit_recall@50,DT_full_reference_unit_precision@50,DT_full_reference_unit_ceiling_adjusted_recall@50,DT_full_reference_unit_selected_token_fraction@50,DT_full_reference_rise,DT_full_reference_mas,FT_K1_tie10_recall_low,FT_K1_tie10_recall_high,FT_K1_tie10_cutoff_zero,FT_K1_tie10_tie_changes_recall,FT_K1_recall@05,FT_K1_precision@05,FT_K1_ceiling_adjusted_recall@05,FT_K1_recall@10,FT_K1_precision@10,FT_K1_ceiling_adjusted_recall@10,FT_K1_recall@20,FT_K1_precision@20,FT_K1_ceiling_adjusted_recall@20,FT_K1_recall@30,FT_K1_precision@30,FT_K1_ceiling_adjusted_recall@30,FT_K1_recall@50,FT_K1_precision@50,FT_K1_ceiling_adjusted_recall@50,FT_K1_unit_recall@05,FT_K1_unit_precision@05,FT_K1_unit_ceiling_adjusted_recall@05,FT_K1_unit_selected_token_fraction@05,FT_K1_unit_recall@10,FT_K1_unit_precision@10,FT_K1_unit_ceiling_adjusted_recall@10,FT_K1_unit_selected_token_fraction@10,FT_K1_unit_recall@20,FT_K1_unit_precision@20,FT_K1_unit_ceiling_adjusted_recall@20,FT_K1_unit_selected_token_fraction@20,FT_K1_unit_recall@30,FT_K1_unit_precision@30,FT_K1_unit_ceiling_adjusted_recall@30,FT_K1_unit_selected_token_fraction@30,FT_K1_unit_recall@50,FT_K1_unit_precision@50,FT_K1_unit_ceiling_adjusted_recall@50,FT_K1_unit_selected_token_fraction@50,FT_K1_rise,FT_K1_mas,FT_K3_tie10_recall_low,FT_K3_tie10_recall_high,FT_K3_tie10_cutoff_zero,FT_K3_tie10_tie_changes_recall,FT_K3_recall@05,FT_K3_precision@05,FT_K3_ceiling_adjusted_recall@05,FT_K3_recall@10,FT_K3_precision@10,FT_K3_ceiling_adjusted_recall@10,FT_K3_recall@20,FT_K3_precision@20,FT_K3_ceiling_adjusted_recall@20,FT_K3_recall@30,FT_K3_precision@30,FT_K3_ceiling_adjusted_recall@30,FT_K3_recall@50,FT_K3_precision@50,FT_K3_ceiling_adjusted_recall@50,FT_K3_unit_recall@05,FT_K3_unit_precision@05,FT_K3_unit_ceiling_adjusted_recall@05,FT_K3_unit_selected_token_fraction@05,FT_K3_unit_recall@10,FT_K3_unit_precision@10,FT_K3_unit_ceiling_adjusted_recall@10,FT_K3_unit_selected_token_fraction@10,FT_K3_unit_recall@20,FT_K3_unit_precision@20,FT_K3_unit_ceiling_adjusted_recall@20,FT_K3_unit_selected_token_fraction@20,FT_K3_unit_recall@30,FT_K3_unit_precision@30,FT_K3_unit_ceiling_adjusted_recall@30,FT_K3_unit_selected_token_fraction@30,FT_K3_unit_recall@50,FT_K3_unit_precision@50,FT_K3_unit_ceiling_adjusted_recall@50,FT_K3_unit_selected_token_fraction@50,FT_K3_rise,FT_K3_mas,rerun_full_reference_max_abs_vs_frozen
vt_h4_c1,0,336,51,0.6470588235294118,0.6470588235294118,False,False,0.3137254901960784,0.9411764705882353,0.9411764705882353,0.6470588235294118,0.9705882352941176,0.9705882352941176,0.9019607843137255,0.6764705882352942,0.9019607843137255,0.9215686274509803,0.46534653465346537,0.9215686274509803,0.9215686274509803,0.27976190476190477,0.9215686274509803,0.8,1.0,1.0,0.12202380952380952,1.0,0.625,1.0,0.18452380952380953,1.0,0.3125,1.0,0.2857142857142857,1.0,0.20833333333333334,1.0,0.375,1.0,0.125,1.0,0.5535714285714286,0.05728952772073922,0.07645554841661106,0.6666666666666666,0.6666666666666666,False,False,0.3333333333333333,1.0,1.0,0.6666666666666666,1.0,1.0,1.0,0.75,1.0,1.0,0.504950495049505,1.0,1.0,0.30357142857142855,1.0,0.8,1.0,1.0,0.12202380952380952,1.0,0.625,1.0,0.18452380952380953,1.0,0.3125,1.0,0.28273809523809523,1.0,0.20833333333333334,1.0,0.375,1.0,0.125,1.0,0.5505952380952381,0.07941478439425051,0.09206277713389124,0.6666666666666666,0.6666666666666666,False,False,0.3333333333333333,1.0,1.0,0.6666666666666666,1.0,1.0,1.0,0.75,1.0,1.0,0.504950495049505,1.0,1.0,0.30357142857142855,1.0,0.8,1.0,1.0,0.11904761904761904,1.0,0.625,1.0,0.19642857142857142,1.0,0.3125,1.0,0.28273809523809523,1.0,0.20833333333333334,1.0,0.35714285714285715,1.0,0.125,1.0,0.5208333333333334,0.08285420944558523,0.16884195413915642,0.6666666666666666,0.6666666666666666,False,False,0.3333333333333333,1.0,1.0,0.6666666666666666,1.0,1.0,1.0,0.75,1.0,1.0,0.504950495049505,1.0,1.0,0.30357142857142855,1.0,0.8,1.0,1.0,0.11904761904761904,1.0,0.625,1.0,0.19642857142857142,1.0,0.3125,1.0,0.28273809523809523,1.0,0.20833333333333334,1.0,0.35714285714285715,1.0,0.125,1.0,0.5208333333333334,,,0.0015148787140217834
vt_h4_c1,1,333,48,0.6666666666666666,0.6666666666666666,False,False,0.3333333333333333,0.9411764705882353,0.9411764705882353,0.6666666666666666,0.9411764705882353,0.9411764705882353,0.7916666666666666,0.5671641791044776,0.7916666666666666,0.8333333333333334,0.4,0.8333333333333334,0.8958333333333334,0.25748502994011974,0.8958333333333334,0.8,1.0,1.0,0.11411411411411411,1.0,0.625,1.0,0.1831831831831832,1.0,0.3125,1.0,0.2822822822822823,1.0,0.20833333333333334,1.0,0.37537537537537535,1.0,0.125,1.0,0.5585585585585585,0.0733140655105973,0.0836219740222166,0.7083333333333334,0.7083333333333334,False,False,0.3541666666666667,1.0,1.0,0.7083333333333334,1.0,1.0,1.0,0.7164179104477612,1.0,1.0,0.48,1.0,1.0,0.2874251497005988,1.0,0.8,1.0,1.0,0.11411411411411411,1.0,0.625,1.0,0.1831831831831832,1.0,0.3125,1.0,0.2882882882882883,1.0,0.20833333333333334,1.0,0.37537537537537535,1.0,0.125,1.0,0.5615615615615616,0.08159922928709054,0.10720152315528271,0.7083333333333334,0.7083333333333334,False,False,0.3541666666666667,1.0,1.0,0.7083333333333334,1.0,1.0,1.0,0.7164179104477612,1.0,1.0,0.48,1.0,1.0,0.2874251497005988,1.0,0.8,1.0,1.0,0.11411411411411411,1.0,0.625,1.0,0.1831831831831832,1.0,0.3125,1.0,0.27627627627627627,1.0,0.20833333333333334,1.0,0.35135135135135137,1.0,0.125,1.0,0.5285285285285285,0.06618497109826589,0.15986916106471108,0.7083333333333334,0.7083333333333334,False,False,0.3541666666666667,1.0,1.0,0.7083333333333334,1.0,1.0,1.0,0.7164179104477612,1.0,1.0,0.48,1.0,1.0,0.2874251497005988,1.0,0.8,1.0,1.0,0.11411411411411411,1.0,0.625,1.0,0.1831831831831832,1.0,0.3125,1.0,0.27627627627627627,1.0,0.20833333333333334,1.0,0.35135135135135137,1.0,0.125,1.0,0.5285285285285285,,,0.0020050138693159525
vt_h4_c1,2,331,46,0.6956521739130435,0.6956521739130435,False,False,0.34782608695652173,0.9411764705882353,0.9411764705882353,0.6956521739130435,0.9411764705882353,0.9411764705882353,0.8695652173913043,0.5970149253731343,0.8695652173913043,0.9130434782608695,0.42,0.9130434782608695,0.9347826086956522,0.25903614457831325,0.9347826086956522,0.8,1.0,1.0,0.11178247734138973,1.0,0.625,1.0,0.1782477341389728,1.0,0.3125,1.0,0.2688821752265861,1.0,0.20833333333333334,1.0,0.36253776435045315,1.0,0.125,1.0,0.5498489425981873,0.0738404452690167,0.0878869882230365,0.7391304347826086,0.7391304347826086,False,False,0.3695652173913043,1.0,1.0,0.7391304347826086,1.0,1.0,1.0,0.6865671641791045,1.0,1.0,0.46,1.0,1.0,0.27710843373493976,1.0,0.8,1.0,1.0,0.11178247734138973,1.0,0.625,1.0,0.1782477341389728,1.0,0.3125,1.0,0.2688821752265861,1.0,0.20833333333333334,1.0,0.3716012084592145,1.0,0.125,1.0,0.5558912386706949,0.09169758812615958,0.12677410930568614,0.717391304347826,0.717391304347826,False,False,0.3695652173913043,1.0,1.0,0.717391304347826,0.9705882352941176,0.9705882352941176,1.0,0.6865671641791045,1.0,1.0,0.46,1.0,1.0,0.27710843373493976,1.0,0.8,1.0,1.0,0.10876132930513595,1.0,0.625,1.0,0.17220543806646527,1.0,0.3125,1.0,0.2719033232628399,1.0,0.20833333333333334,1.0,0.3504531722054381,1.0,0.125,1.0,0.5196374622356495,0.12421150278293133,0.20066200669912,0.717391304347826,0.717391304347826,False,False,0.3695652173913043,1.0,1.0,0.717391304347826,0.9705882352941176,0.9705882352941176,1.0,0.6865671641791045,1.0,1.0,0.46,1.0,1.0,0.27710843373493976,1.0,0.8,1.0,1.0,0.11178247734138973,1.0,0.625,1.0,0.17220543806646527,1.0,0.3125,1.0,0.2719033232628399,1.0,0.20833333333333334,1.0,0.3504531722054381,1.0,0.125,1.0,0.5196374622356495,,,0.004263284348060337
vt_h4_c1,3,332,47,0.6170212765957447,0.6170212765957447,False,False,0.3404255319148936,0.9411764705882353,0.9411764705882353,0.6170212765957447,0.8529411764705882,0.8529411764705882,0.7446808510638298,0.5223880597014925,0.7446808510638298,0.8297872340425532,0.39,0.8297872340425532,0.8723404255319149,0.2469879518072289,0.8723404255319149,0.6,0.75,0.75,0.10240963855421686,1.0,0.625,1.0,0.18674698795180722,1.0,0.3125,1.0,0.27710843373493976,1.0,0.20833333333333334,1.0,0.37349397590361444,1.0,0.125,1.0,0.5451807228915663,0.027647058823529403,0.07246956639060739,0.723404255319149,0.723404255319149,False,False,0.3617021276595745,1.0,1.0,0.723404255319149,1.0,1.0,1.0,0.7014925373134329,1.0,1.0,0.47,1.0,1.0,0.28313253012048195,1.0,0.8,1.0,1.0,0.11144578313253012,1.0,0.625,1.0,0.18674698795180722,1.0,0.3125,1.0,0.28012048192771083,1.0,0.20833333333333334,1.0,0.37349397590361444,1.0,0.125,1.0,0.5481927710843374,0.10068627450980391,0.15742872386142087,0.723404255319149,0.723404255319149,False,False,0.3617021276595745,1.0,1.0,0.723404255319149,1.0,1.0,1.0,0.7014925373134329,1.0,1.0,0.47,1.0,1.0,0.28313253012048195,1.0,0.8,1.0,1.0,0.11746987951807229,1.0,0.625,1.0,0.18072289156626506,1.0,0.3125,1.0,0.2710843373493976,1.0,0.20833333333333334,1.0,0.3493975903614458,1.0,0.125,1.0,0.5240963855421686,0.09215686274509798,0.1810978559580528,0.723404255319149,0.723404255319149,False,False,0.3617021276595745,1.0,1.0,0.723404255319149,1.0,1.0,1.0,0.7014925373134329,1.0,1.0,0.47,1.0,1.0,0.28313253012048195,1.0,0.8,1.0,1.0,0.11746987951807229,1.0,0.625,1.0,0.18674698795180722,1.0,0.3125,1.0,0.2710843373493976,1.0,0.20833333333333334,1.0,0.3493975903614458,1.0,0.125,1.0,0.5301204819277109,,,0.0021066501320958775
vt_h4_c1,4,337,52,0.6153846153846154,0.6153846153846154,False,False,0.3076923076923077,0.9411764705882353,0.9411764705882353,0.6153846153846154,0.9411764705882353,0.9411764705882353,0.8269230769230769,0.6323529411764706,0.8269230769230769,0.8461538461538461,0.43137254901960786,0.8461538461538461,0.9038461538461539,0.2781065088757396,0.9038461538461539,0.8,1.0,1.0,0.12462908011869436,1.0,0.625,1.0,0.19287833827893175,1.0,0.3125,1.0,0.2818991097922849,1.0,0.20833333333333334,1.0,0.3768545994065282,1.0,0.125,1.0,0.5727002967359051,0.0940829694323144,0.1113878481289374,0.6538461538461539,0.6538461538461539,False,False,0.3269230769230769,1.0,1.0,0.6538461538461539,1.0,1.0,1.0,0.7647058823529411,1.0,1.0,0.5098039215686274,1.0,1.0,0.3076923076923077,1.0,0.8,1.0,1.0,0.12462908011869436,1.0,0.625,1.0,0.18694362017804153,1.0,0.3125,1.0,0.29080118694362017,1.0,0.20833333333333334,1.0,0.3768545994065282,1.0,0.125,1.0,0.5667655786350149,0.09168122270742363,0.1169051119170271,0.6538461538461539,0.6538461538461539,False,False,0.3269230769230769,1.0,1.0,0.6538461538461539,1.0,1.0,1.0,0.7647058823529411,1.0,1.0,0.5098039215686274,1.0,1.0,0.3076923076923077,1.0,0.8,1.0,1.0,0.12166172106824925,1.0,0.625,1.0,0.19287833827893175,1.0,0.3125,1.0,0.2818991097922849,1.0,0.20833333333333334,1.0,0.3620178041543027,1.0,0.125,1.0,0.5311572700296736,0.07504366812227074,0.16152319657791445,0.6538461538461539,0.6538461538461539,False,False,0.3269230769230769,1.0,1.0,0.6538461538461539,1.0,1.0,1.0,0.7647058823529411,1.0,1.0,0.5098039215686274,1.0,1.0,0.3076923076923077,1.0,0.8,1.0,1.0,0.12462908011869436,1.0,0.625,1.0,0.19287833827893175,1.0,0.3125,1.0,0.2818991097922849,1.0,0.20833333333333334,1.0,0.3649851632047478,1.0,0.125,1.0,0.5311572700296736,,,0.004027375303170988
vt_h4_c1,5,331,46,0.6739130434782609,0.6739130434782609,False,False,0.34782608695652173,0.9411764705882353,0.9411764705882353,0.6739130434782609,0.9117647058823529,0.9117647058823529,0.8260869565217391,0.5671641791044776,0.8260869565217391,0.8695652173913043,0.4,0.8695652173913043,0.8695652173913043,0.24096385542168675,0.8695652173913043,0.8,1.0,1.0,0.1148036253776435,1.0,0.625,1.0,0.18429003021148035,1.0,0.3125,1.0,0.2719033232628399,1.0,0.20833333333333334,1.0,0.3685800604229607,1.0,0.125,1.0,0.552870090634441,0.057057416267942584,0.08068141640206168,0.7391304347826086,0.7391304347826086,False,False,0.3695652173913043,1.0,1.0,0.7391304347826086,1.0,1.0,0.9347826086956522,0.6417910447761194,0.9347826086956522,0.9347826086956522,0.43,0.9347826086956522,0.9565217391304348,0.26506024096385544,0.9565217391304348,0.8,1.0,1.0,0.1148036253776435,1.0,0.625,1.0,0.17220543806646527,1.0,0.3125,1.0,0.27794561933534745,1.0,0.20833333333333334,1.0,0.3716012084592145,1.0,0.125,1.0,0.552870090634441,0.12284688995215313,0.18680765669228064,0.7391304347826086,0.7391304347826086,False,False,0.3695652173913043,1.0,1.0,0.7391304347826086,1.0,1.0,1.0,0.6865671641791045,1.0,1.0,0.46,1.0,1.0,0.27710843373493976,1.0,0.8,1.0,1.0,0.10876132930513595,1.0,0.625,1.0,0.18429003021148035,1.0,0.3125,1.0,0.27492447129909364,1.0,0.20833333333333334,1.0,0.3504531722054381,1.0,0.125,1.0,0.5166163141993958,0.04394736842105264,0.15501343914817128,0.7391304347826086,0.7391304347826086,False,False,0.3695652173913043,1.0,1.0,0.7391304347826086,1.0,1.0,1.0,0.6865671641791045,1.0,1.0,0.46,1.0,1.0,0.27710843373493976,1.0,0.8,1.0,1.0,0.10876132930513595,1.0,0.625,1.0,0.18429003021148035,1.0,0.3125,1.0,0.27492447129909364,1.0,0.20833333333333334,1.0,0.35347432024169184,1.0,0.125,1.0,0.5196374622356495,,,0.001956064615582953
vt_h4_c1,6,331,46,0.6956521739130435,0.6956521739130435,False,False,0.34782608695652173,0.9411764705882353,0.9411764705882353,0.6956521739130435,0.9411764705882353,0.9411764705882353,0.9130434782608695,0.6268656716417911,0.9130434782608695,0.9347826086956522,0.43,0.9347826086956522,0.9565217391304348,0.26506024096385544,0.9565217391304348,0.6,0.75,0.75,0.09969788519637462,1.0,0.625,1.0,0.17220543806646527,1.0,0.3125,1.0,0.2688821752265861,1.0,0.20833333333333334,1.0,0.3595166163141994,1.0,0.125,1.0,0.5558912386706949,0.07944225074037511,0.10319904408836185,0.7391304347826086,0.7391304347826086,False,False,0.3695652173913043,1.0,1.0,0.7391304347826086,1.0,1.0,1.0,0.6865671641791045,1.0,1.0,0.46,1.0,1.0,0.27710843373493976,1.0,0.8,1.0,1.0,0.11178247734138973,1.0,0.625,1.0,0.17220543806646527,1.0,0.3125,1.0,0.26586102719033233,1.0,0.20833333333333334,1.0,0.3685800604229607,1.0,0.125,1.0,0.5498489425981873,0.10041954590325766,0.13783671893633637,0.7391304347826086,0.7391304347826086,False,False,0.3695652173913043,1.0,1.0,0.7391304347826086,1.0,1.0,1.0,0.6865671641791045,1.0,1.0,0.46,1.0,1.0,0.27710843373493976,1.0,0.8,1.0,1.0,0.10876132930513595,1.0,0.625,1.0,0.1782477341389728,1.0,0.3125,1.0,0.2719033232628399,1.0,0.20833333333333334,1.0,0.3504531722054381,1.0,0.125,1.0,0.5226586102719033,0.059896347482724564,0.1694050260539038,0.7391304347826086,0.7391304347826086,False,False,0.3695652173913043,1.0,1.0,0.7391304347826086,1.0,1.0,1.0,0.6865671641791045,1.0,1.0,0.46,1.0,1.0,0.27710843373493976,1.0,0.8,1.0,1.0,0.11178247734138973,1.0,0.625,1.0,0.1782477341389728,1.0,0.3125,1.0,0.2719033232628399,1.0,0.20833333333333334,1.0,0.3504531722054381,1.0,0.125,1.0,0.5226586102719033,,,0.002301005633717601
vt_h4_c1,7,330,45,0.6666666666666666,0.6666666666666666,False,False,0.35555555555555557,0.9411764705882353,0.9411764705882353,0.6666666666666666,0.9090909090909091,0.9090909090909091,0.8666666666666667,0.5909090909090909,0.8666666666666667,0.9333333333333333,0.42424242424242425,0.9333333333333333,0.9333333333333333,0.2545454545454545,0.9333333333333333,0.6,0.75,0.75,0.09090909090909091,1.0,0.625,1.0,0.17575757575757575,1.0,0.3125,1.0,0.2727272727272727,1.0,0.20833333333333334,1.0,0.36363636363636365,1.0,0.125,1.0,0.5636363636363636,0.06053008595988539,0.0750226713152661,0.7333333333333333,0.7333333333333333,False,False,0.37777777777777777,1.0,1.0,0.7333333333333333,1.0,1.0,0.9777777777777777,0.6666666666666666,0.9777777777777777,0.9777777777777777,0.4444444444444444,0.9777777777777777,0.9777777777777777,0.26666666666666666,0.9777777777777777,0.8,1.0,1.0,0.10303030303030303,1.0,0.625,1.0,0.17575757575757575,1.0,0.3125,1.0,0.27575757575757576,1.0,0.20833333333333334,1.0,0.3575757575757576,1.0,0.125,1.0,0.5515151515151515,0.09988061127029609,0.13961923482679459,0.7333333333333333,0.7333333333333333,False,False,0.37777777777777777,1.0,1.0,0.7333333333333333,1.0,1.0,1.0,0.6818181818181818,1.0,1.0,0.45454545454545453,1.0,1.0,0.2727272727272727,1.0,0.8,1.0,1.0,0.10909090909090909,1.0,0.625,1.0,0.18181818181818182,1.0,0.3125,1.0,0.26666666666666666,1.0,0.20833333333333334,1.0,0.3484848484848485,1.0,0.125,1.0,0.5151515151515151,0.06081661891117476,0.16706182014108842,0.7333333333333333,0.7333333333333333,False,False,0.37777777777777777,1.0,1.0,0.7333333333333333,1.0,1.0,1.0,0.6818181818181818,1.0,1.0,0.45454545454545453,1.0,1.0,0.2727272727272727,1.0,0.8,1.0,1.0,0.10303030303030303,1.0,0.625,1.0,0.18181818181818182,1.0,0.3125,1.0,0.2696969696969697,1.0,0.20833333333333334,1.0,0.3484848484848485,1.0,0.125,1.0,0.5151515151515151,,,0.0017572602313076224
vt_h4_c1,8,331,46,0.717391304347826,0.717391304347826,False,False,0.3695652173913043,1.0,1.0,0.717391304347826,0.9705882352941176,0.9705882352941176,0.8260869565217391,0.5671641791044776,0.8260869565217391,0.8695652173913043,0.4,0.8695652173913043,0.9130434782608695,0.25301204819277107,0.9130434782608695,0.8,1.0,1.0,0.1148036253776435,1.0,0.625,1.0,0.17522658610271905,1.0,0.3125,1.0,0.27794561933534745,1.0,0.20833333333333334,1.0,0.3685800604229607,1.0,0.125,1.0,0.5619335347432024,0.11079088471849863,0.16572734162337419,0.7391304347826086,0.7391304347826086,False,False,0.3695652173913043,1.0,1.0,0.7391304347826086,1.0,1.0,1.0,0.6865671641791045,1.0,1.0,0.46,1.0,1.0,0.27710843373493976,1.0,0.8,1.0,1.0,0.1148036253776435,1.0,0.625,1.0,0.17522658610271905,1.0,0.3125,1.0,0.2598187311178248,1.0,0.20833333333333334,1.0,0.3595166163141994,1.0,0.125,1.0,0.540785498489426,0.1418900804289544,0.23260030961704298,0.7391304347826086,0.7391304347826086,False,False,0.3695652173913043,1.0,1.0,0.7391304347826086,1.0,1.0,1.0,0.6865671641791045,1.0,1.0,0.46,1.0,1.0,0.27710843373493976,1.0,0.8,1.0,1.0,0.10876132930513595,1.0,0.625,1.0,0.1782477341389728,1.0,0.3125,1.0,0.2688821752265861,1.0,0.20833333333333334,1.0,0.3474320241691843,1.0,0.125,1.0,0.5105740181268882,0.08719839142091154,0.18911814291346873,0.7391304347826086,0.7391304347826086,False,False,0.3695652173913043,1.0,1.0,0.7391304347826086,1.0,1.0,1.0,0.6865671641791045,1.0,1.0,0.46,1.0,1.0,0.27710843373493976,1.0,0.8,1.0,1.0,0.11178247734138973,1.0,0.625,1.0,0.1782477341389728,1.0,0.3125,1.0,0.2719033232628399,1.0,0.20833333333333334,1.0,0.35347432024169184,1.0,0.125,1.0,0.513595166163142,,,0.0023473560986428943
vt_h4_c1,9,334,49,0.6122448979591837,0.6122448979591837,False,False,0.32653061224489793,0.9411764705882353,0.9411764705882353,0.6122448979591837,0.8823529411764706,0.8823529411764706,0.8571428571428571,0.6268656716417911,0.8571428571428571,0.8571428571428571,0.4158415841584158,0.8571428571428571,0.8775510204081632,0.25748502994011974,0.8775510204081632,0.6,0.75,0.75,0.10479041916167664,1.0,0.625,1.0,0.18562874251497005,1.0,0.3125,1.0,0.27844311377245506,1.0,0.20833333333333334,1.0,0.37425149700598803,1.0,0.125,1.0,0.5538922155688623,0.057765737874097015,0.08655964172652734,0.6938775510204082,0.6938775510204082,False,False,0.3469387755102041,1.0,1.0,0.6938775510204082,1.0,1.0,0.9795918367346939,0.7164179104477612,0.9795918367346939,1.0,0.48514851485148514,1.0,1.0,0.2934131736526946,1.0,0.8,1.0,1.0,0.11976047904191617,1.0,0.625,1.0,0.18562874251497005,1.0,0.3125,1.0,0.2754491017964072,1.0,0.20833333333333334,1.0,0.3562874251497006,1.0,0.125,1.0,0.5508982035928144,0.10327657378740966,0.1412121994208449,0.6938775510204082,0.6938775510204082,False,False,0.3469387755102041,1.0,1.0,0.6938775510204082,1.0,1.0,1.0,0.7313432835820896,1.0,1.0,0.48514851485148514,1.0,1.0,0.2934131736526946,1.0,0.8,1.0,1.0,0.11377245508982035,1.0,0.625,1.0,0.18562874251497005,1.0,0.3125,1.0,0.27844311377245506,1.0,0.20833333333333334,1.0,0.3532934131736527,1.0,0.125,1.0,0.5329341317365269,0.08795149638802886,0.17934449662932353,0.6938775510204082,0.6938775510204082,False,False,0.3469387755102041,1.0,1.0,0.6938775510204082,1.0,1.0,1.0,0.7313432835820896,1.0,1.0,0.48514851485148514,1.0,1.0,0.2934131736526946,1.0,0.8,1.0,1.0,0.11377245508982035,1.0,0.625,1.0,0.18562874251497005,1.0,0.3125,1.0,0.27844311377245506,1.0,0.20833333333333334,1.0,0.3532934131736527,1.0,0.125,1.0,0.5389221556886228,,,0.0017085161090855117
vt_h4_c1,10,331,46,0.6956521739130435,0.6956521739130435,False,False,0.3695652173913043,1.0,1.0,0.6956521739130435,0.9411764705882353,0.9411764705882353,0.8913043478260869,0.6119402985074627,0.8913043478260869,0.9565217391304348,0.44,0.9565217391304348,0.9565217391304348,0.26506024096385544,0.9565217391304348,0.8,1.0,1.0,0.11178247734138973,1.0,0.625,1.0,0.18126888217522658,1.0,0.3125,1.0,0.2930513595166163,1.0,0.20833333333333334,1.0,0.38368580060422963,1.0,0.125,1.0,0.5709969788519638,0.10408388520971301,0.15797970925418864,0.7391304347826086,0.7391304347826086,False,False,0.3695652173913043,1.0,1.0,0.7391304347826086,1.0,1.0,0.9565217391304348,0.6567164179104478,0.9565217391304348,0.9782608695652174,0.45,0.9782608695652174,0.9782608695652174,0.2710843373493976,0.9782608695652174,0.8,1.0,1.0,0.11178247734138973,1.0,0.625,1.0,0.1782477341389728,1.0,0.3125,1.0,0.27492447129909364,1.0,0.20833333333333334,1.0,0.3595166163141994,1.0,0.125,1.0,0.5347432024169184,0.12036423841059607,0.18336276251395275,0.7391304347826086,0.7391304347826086,False,False,0.3695652173913043,1.0,1.0,0.7391304347826086,1.0,1.0,1.0,0.6865671641791045,1.0,1.0,0.46,1.0,1.0,0.27710843373493976,1.0,0.8,1.0,1.0,0.10876132930513595,1.0,0.625,1.0,0.18429003021148035,1.0,0.3125,1.0,0.2628398791540785,1.0,0.20833333333333334,1.0,0.34441087613293053,1.0,0.125,1.0,0.5226586102719033,0.08686534216335544,0.17322497647384374,0.7391304347826086,0.7391304347826086,False,False,0.3695652173913043,1.0,1.0,0.7391304347826086,1.0,1.0,1.0,0.6865671641791045,1.0,1.0,0.46,1.0,1.0,0.27710843373493976,1.0,0.8,1.0,1.0,0.10876132930513595,1.0,0.625,1.0,0.18429003021148035,1.0,0.3125,1.0,0.2628398791540785,1.0,0.20833333333333334,1.0,0.3504531722054381,1.0,0.125,1.0,0.525679758308157,,,0.002558022349929967
vt_h4_c1,11,333,48,0.625,0.625,False,False,0.3333333333333333,0.9411764705882353,0.9411764705882353,0.625,0.8823529411764706,0.8823529411764706,0.8541666666666666,0.6119402985074627,0.8541666666666666,0.875,0.42,0.875,0.9375,0.2694610778443114,0.9375,0.8,1.0,1.0,0.11711711711711711,1.0,0.625,1.0,0.1831831831831832,1.0,0.3125,1.0,0.26426426426426425,1.0,0.20833333333333334,1.0,0.37237237237237236,1.0,0.125,1.0,0.5585585585585585,0.0517961165048544,0.07912880260498767,0.7083333333333334,0.7083333333333334,False,False,0.3541666666666667,1.0,1.0,0.7083333333333334,1.0,1.0,0.9583333333333334,0.6865671641791045,0.9583333333333334,0.9583333333333334,0.46,0.9583333333333334,0.9791666666666666,0.281437125748503,0.9791666666666666,0.8,1.0,1.0,0.11711711711711711,1.0,0.625,1.0,0.18618618618618618,1.0,0.3125,1.0,0.2702702702702703,1.0,0.20833333333333334,1.0,0.3663663663663664,1.0,0.125,1.0,0.5555555555555556,0.06490291262135922,0.11018593844354492,0.7083333333333334,0.7083333333333334,False,False,0.3541666666666667,1.0,1.0,0.7083333333333334,1.0,1.0,1.0,0.7164179104477612,1.0,1.0,0.48,1.0,1.0,0.2874251497005988,1.0,0.8,1.0,1.0,0.1111111111111111,1.0,0.625,1.0,0.1831831831831832,1.0,0.3125,1.0,0.27627627627627627,1.0,0.20833333333333334,1.0,0.35135135135135137,1.0,0.125,1.0,0.5345345345345346,0.09558252427184469,0.17681274501422362,0.7083333333333334,0.7083333333333334,False,False,0.3541666666666667,1.0,1.0,0.7083333333333334,1.0,1.0,1.0,0.7164179104477612,1.0,1.0,0.48,1.0,1.0,0.2874251497005988,1.0,0.8,1.0,1.0,0.1111111111111111,1.0,0.625,1.0,0.1831831831831832,1.0,0.3125,1.0,0.27627627627627627,1.0,0.20833333333333334,1.0,0.35735735735735735,1.0,0.125,1.0,0.5345345345345346,,,0.0019433874126510986
vt_h4_c1,12,339,54,0.6111111111111112,0.6111111111111112,False,False,0.3148148148148148,1.0,1.0,0.6111111111111112,0.9705882352941176,0.9705882352941176,0.8518518518518519,0.6764705882352942,0.8518518518518519,0.8888888888888888,0.47058823529411764,0.8888888888888888,0.8888888888888888,0.2823529411764706,0.8888888888888888,0.8,1.0,1.0,0.12979351032448377,1.0,0.625,1.0,0.1976401179941003,1.0,0.3125,1.0,0.2890855457227139,1.0,0.20833333333333334,1.0,0.3805309734513274,1.0,0.125,1.0,0.5693215339233039,0.08163377192982457,0.10627068407637323,0.6296296296296297,0.6296296296296297,False,False,0.3148148148148148,1.0,1.0,0.6296296296296297,1.0,1.0,0.9814814814814815,0.7794117647058824,0.9814814814814815,0.9814814814814815,0.5196078431372549,0.9814814814814815,0.9814814814814815,0.31176470588235294,0.9814814814814815,0.8,1.0,1.0,0.12684365781710916,1.0,0.625,1.0,0.20353982300884957,1.0,0.3125,1.0,0.2920353982300885,1.0,0.20833333333333334,1.0,0.3893805309734513,1.0,0.125,1.0,0.5634218289085545,0.12406798245614033,0.17603515683555174,0.6296296296296297,0.6296296296296297,False,False,0.3148148148148148,1.0,1.0,0.6296296296296297,1.0,1.0,1.0,0.7941176470588235,1.0,1.0,0.5294117647058824,1.0,1.0,0.3176470588235294,1.0,0.8,1.0,1.0,0.12979351032448377,1.0,0.625,1.0,0.1976401179941003,1.0,0.3125,1.0,0.2890855457227139,1.0,0.20833333333333334,1.0,0.37168141592920356,1.0,0.125,1.0,0.5368731563421829,0.06995614035087722,0.16058269558751637,0.6296296296296297,0.6296296296296297,False,False,0.3148148148148148,1.0,1.0,0.6296296296296297,1.0,1.0,1.0,0.7941176470588235,1.0,1.0,0.5294117647058824,1.0,1.0,0.3176470588235294,1.0,0.8,1.0,1.0,0.12979351032448377,1.0,0.625,1.0,0.1976401179941003,1.0,0.3125,1.0,0.2861356932153392,1.0,0.20833333333333334,1.0,0.37168141592920356,1.0,0.125,1.0,0.5398230088495575,,,0.004175498883634887
vt_h4_c1,13,333,48,0.6458333333333334,0.6458333333333334,False,False,0.3333333333333333,0.9411764705882353,0.9411764705882353,0.6458333333333334,0.9117647058823529,0.9117647058823529,0.8541666666666666,0.6119402985074627,0.8541666666666666,0.875,0.42,0.875,0.8958333333333334,0.25748502994011974,0.8958333333333334,0.6,0.75,0.75,0.0960960960960961,1.0,0.625,1.0,0.1831831831831832,1.0,0.3125,1.0,0.2852852852852853,1.0,0.20833333333333334,1.0,0.37237237237237236,1.0,0.125,1.0,0.5585585585585585,0.029214876033057845,0.057051753170380935,0.7083333333333334,0.7083333333333334,False,False,0.3541666666666667,1.0,1.0,0.7083333333333334,1.0,1.0,1.0,0.7164179104477612,1.0,1.0,0.48,1.0,1.0,0.2874251497005988,1.0,0.8,1.0,1.0,0.1111111111111111,1.0,0.625,1.0,0.1831831831831832,1.0,0.3125,1.0,0.27927927927927926,1.0,0.20833333333333334,1.0,0.36936936936936937,1.0,0.125,1.0,0.5675675675675675,0.045413223140495854,0.066422360814135,0.7083333333333334,0.7083333333333334,False,False,0.3541666666666667,1.0,1.0,0.7083333333333334,1.0,1.0,1.0,0.7164179104477612,1.0,1.0,0.48,1.0,1.0,0.2874251497005988,1.0,0.8,1.0,1.0,0.11411411411411411,1.0,0.625,1.0,0.1831831831831832,1.0,0.3125,1.0,0.27927927927927926,1.0,0.20833333333333334,1.0,0.35435435435435436,1.0,0.125,1.0,0.5135135135135135,0.05995867768595044,0.1748606117612031,0.7083333333333334,0.7083333333333334,False,False,0.3541666666666667,1.0,1.0,0.7083333333333334,1.0,1.0,1.0,0.7164179104477612,1.0,1.0,0.48,1.0,1.0,0.2874251497005988,1.0,0.8,1.0,1.0,0.11411411411411411,1.0,0.625,1.0,0.1831831831831832,1.0,0.3125,1.0,0.27927927927927926,1.0,0.20833333333333334,1.0,0.35435435435435436,1.0,0.125,1.0,0.5135135135135135,,,0.00620928371163032
vt_h4_c1,14,337,52,0.6538461538461539,0.6538461538461539,False,False,0.3269230769230769,1.0,1.0,0.6538461538461539,1.0,1.0,0.9038461538461539,0.6911764705882353,0.9038461538461539,0.9230769230769231,0.47058823529411764,0.9230769230769231,0.9807692307692307,0.30177514792899407,0.9807692307692307,0.8,1.0,1.0,0.12166172106824925,1.0,0.625,1.0,0.19881305637982197,1.0,0.3125,1.0,0.2818991097922849,1.0,0.20833333333333334,1.0,0.3620178041543027,1.0,0.125,1.0,0.5519287833827893,0.10853474320241693,0.14801862766547666,0.6538461538461539,0.6538461538461539,False,False,0.3269230769230769,1.0,1.0,0.6538461538461539,1.0,1.0,1.0,0.7647058823529411,1.0,1.0,0.5098039215686274,1.0,1.0,0.3076923076923077,1.0,0.8,1.0,1.0,0.12166172106824925,1.0,0.625,1.0,0.19287833827893175,1.0,0.3125,1.0,0.2789317507418398,1.0,0.20833333333333334,1.0,0.37091988130563797,1.0,0.125,1.0,0.5578635014836796,0.10772910372608258,0.15302673451242862,0.6538461538461539,0.6538461538461539,False,False,0.3269230769230769,1.0,1.0,0.6538461538461539,1.0,1.0,1.0,0.7647058823529411,1.0,1.0,0.5098039215686274,1.0,1.0,0.3076923076923077,1.0,0.8,1.0,1.0,0.12462908011869436,1.0,0.625,1.0,0.19287833827893175,1.0,0.3125,1.0,0.2789317507418398,1.0,0.20833333333333334,1.0,0.3560830860534125,1.0,0.125,1.0,0.5281899109792285,0.07625881168177243,0.17579499447915095,0.6538461538461539,0.6538461538461539,False,False,0.3269230769230769,1.0,1.0,0.6538461538461539,1.0,1.0,1.0,0.7647058823529411,1.0,1.0,0.5098039215686274,1.0,1.0,0.3076923076923077,1.0,0.8,1.0,1.0,0.12462908011869436,1.0,0.625,1.0,0.19287833827893175,1.0,0.3125,1.0,0.2789317507418398,1.0,0.20833333333333334,1.0,0.3560830860534125,1.0,0.125,1.0,0.5281899109792285,,,0.0021858329403152688
vt_h4_c1,15,331,46,0.6956521739130435,0.6956521739130435,False,False,0.3695652173913043,1.0,1.0,0.6956521739130435,0.9411764705882353,0.9411764705882353,0.8043478260869565,0.5522388059701493,0.8043478260869565,0.8260869565217391,0.38,0.8260869565217391,0.8260869565217391,0.2289156626506024,0.8260869565217391,0.8,1.0,1.0,0.11178247734138973,1.0,0.625,1.0,0.18429003021148035,1.0,0.3125,1.0,0.2688821752265861,1.0,0.20833333333333334,1.0,0.36253776435045315,1.0,0.125,1.0,0.5589123867069486,0.08746246246246245,0.11946181481867242,0.7391304347826086,0.7391304347826086,False,False,0.3695652173913043,1.0,1.0,0.7391304347826086,1.0,1.0,0.9565217391304348,0.6567164179104478,0.9565217391304348,0.9565217391304348,0.44,0.9565217391304348,0.9782608695652174,0.2710843373493976,0.9782608695652174,0.8,1.0,1.0,0.11178247734138973,1.0,0.625,1.0,0.18126888217522658,1.0,0.3125,1.0,0.2719033232628399,1.0,0.20833333333333334,1.0,0.36253776435045315,1.0,0.125,1.0,0.5438066465256798,0.11018518518518516,0.16250836075775202,0.7391304347826086,0.7391304347826086,False,False,0.3695652173913043,1.0,1.0,0.7391304347826086,1.0,1.0,1.0,0.6865671641791045,1.0,1.0,0.46,1.0,1.0,0.27710843373493976,1.0,0.8,1.0,1.0,0.10876132930513595,1.0,0.625,1.0,0.1782477341389728,1.0,0.3125,1.0,0.2628398791540785,1.0,0.20833333333333334,1.0,0.34441087613293053,1.0,0.125,1.0,0.525679758308157,0.1168918918918919,0.19064494013164374,0.7391304347826086,0.7391304347826086,False,False,0.3695652173913043,1.0,1.0,0.7391304347826086,1.0,1.0,1.0,0.6865671641791045,1.0,1.0,0.46,1.0,1.0,0.27710843373493976,1.0,0.8,1.0,1.0,0.11178247734138973,1.0,0.625,1.0,0.1782477341389728,1.0,0.3125,1.0,0.26586102719033233,1.0,0.20833333333333334,1.0,0.3413897280966767,1.0,0.125,1.0,0.5287009063444109,,,0.0014946801282573752
vt_h4_c1,16,331,46,0.6521739130434783,0.6521739130434783,False,False,0.34782608695652173,0.9411764705882353,0.9411764705882353,0.6521739130434783,0.8823529411764706,0.8823529411764706,0.8695652173913043,0.5970149253731343,0.8695652173913043,0.8695652173913043,0.4,0.8695652173913043,0.8913043478260869,0.2469879518072289,0.8913043478260869,0.8,1.0,1.0,0.11178247734138973,1.0,0.625,1.0,0.17220543806646527,1.0,0.3125,1.0,0.27492447129909364,1.0,0.20833333333333334,1.0,0.36253776435045315,1.0,0.125,1.0,0.5438066465256798,0.04767987486965589,0.07343597391848923,0.7391304347826086,0.7391304347826086,False,False,0.3695652173913043,1.0,1.0,0.7391304347826086,1.0,1.0,1.0,0.6865671641791045,1.0,1.0,0.46,1.0,1.0,0.27710843373493976,1.0,0.8,1.0,1.0,0.11178247734138973,1.0,0.625,1.0,0.1782477341389728,1.0,0.3125,1.0,0.27794561933534745,1.0,0.20833333333333334,1.0,0.36253776435045315,1.0,0.125,1.0,0.5347432024169184,0.08714807090719498,0.12881657975853802,0.7391304347826086,0.7391304347826086,False,False,0.3695652173913043,1.0,1.0,0.7391304347826086,1.0,1.0,1.0,0.6865671641791045,1.0,1.0,0.46,1.0,1.0,0.27710843373493976,1.0,0.8,1.0,1.0,0.10876132930513595,1.0,0.625,1.0,0.18429003021148035,1.0,0.3125,1.0,0.2719033232628399,1.0,0.20833333333333334,1.0,0.3564954682779456,1.0,0.125,1.0,0.5226586102719033,0.05294577685088634,0.15757584933995036,0.7391304347826086,0.7391304347826086,False,False,0.3695652173913043,1.0,1.0,0.7391304347826086,1.0,1.0,1.0,0.6865671641791045,1.0,1.0,0.46,1.0,1.0,0.27710843373493976,1.0,0.8,1.0,1.0,0.10876132930513595,1.0,0.625,1.0,0.18429003021148035,1.0,0.3125,1.0,0.27492447129909364,1.0,0.20833333333333334,1.0,0.3564954682779456,1.0,0.125,1.0,0.525679758308157,,,0.0042310951464186175
vt_h4_c1,17,329,44,0.7045454545454546,0.7045454545454546,False,False,0.36363636363636365,0.9411764705882353,0.9411764705882353,0.7045454545454546,0.9393939393939394,0.9393939393939394,0.8181818181818182,0.5454545454545454,0.8181818181818182,0.8409090909090909,0.37373737373737376,0.8409090909090909,0.8409090909090909,0.22424242424242424,0.8409090909090909,0.8,1.0,1.0,0.10638297872340426,1.0,0.625,1.0,0.16717325227963525,1.0,0.3125,1.0,0.25835866261398177,1.0,0.20833333333333334,1.0,0.3556231003039514,1.0,0.125,1.0,0.5501519756838906,0.03702330508474576,0.05754025749764656,0.75,0.75,False,False,0.38636363636363635,1.0,1.0,0.75,1.0,1.0,1.0,0.6666666666666666,1.0,1.0,0.4444444444444444,1.0,1.0,0.26666666666666666,1.0,0.8,1.0,1.0,0.10638297872340426,1.0,0.625,1.0,0.16717325227963525,1.0,0.3125,1.0,0.2613981762917933,1.0,0.20833333333333334,1.0,0.3525835866261398,1.0,0.125,1.0,0.5379939209726444,0.10937500000000003,0.17548157275537912,0.75,0.75,False,False,0.38636363636363635,1.0,1.0,0.75,1.0,1.0,1.0,0.6666666666666666,1.0,1.0,0.4444444444444444,1.0,1.0,0.26666666666666666,1.0,0.8,1.0,1.0,0.1033434650455927,1.0,0.625,1.0,0.17325227963525835,1.0,0.3125,1.0,0.2674772036474164,1.0,0.20833333333333334,1.0,0.3434650455927052,1.0,0.125,1.0,0.5106382978723404,0.11149364406779658,0.18929094949028397,0.75,0.75,False,False,0.38636363636363635,1.0,1.0,0.75,1.0,1.0,1.0,0.6666666666666666,1.0,1.0,0.4444444444444444,1.0,1.0,0.26666666666666666,1.0,0.8,1.0,1.0,0.10638297872340426,1.0,0.625,1.0,0.17325227963525835,1.0,0.3125,1.0,0.2674772036474164,1.0,0.20833333333333334,1.0,0.3434650455927052,1.0,0.125,1.0,0.513677811550152,,,0.0036026336189545205
vt_h4_c1,18,330,45,0.6666666666666666,0.6666666666666666,False,False,0.35555555555555557,0.9411764705882353,0.9411764705882353,0.6666666666666666,0.9090909090909091,0.9090909090909091,0.8666666666666667,0.5909090909090909,0.8666666666666667,0.8666666666666667,0.3939393939393939,0.8666666666666667,0.8888888888888888,0.24242424242424243,0.8888888888888888,0.6,0.75,0.75,0.1,1.0,0.625,1.0,0.18181818181818182,1.0,0.3125,1.0,0.27575757575757576,1.0,0.20833333333333334,1.0,0.36363636363636365,1.0,0.125,1.0,0.5515151515151515,0.07935212660731947,0.11141168792853844,0.7333333333333333,0.7333333333333333,False,False,0.37777777777777777,1.0,1.0,0.7333333333333333,1.0,1.0,1.0,0.6818181818181818,1.0,1.0,0.45454545454545453,1.0,1.0,0.2727272727272727,1.0,0.8,1.0,1.0,0.10909090909090909,1.0,0.625,1.0,0.1696969696969697,1.0,0.3125,1.0,0.26666666666666666,1.0,0.20833333333333334,1.0,0.3575757575757576,1.0,0.125,1.0,0.5575757575757576,0.09750247279920869,0.135445794017613,0.7333333333333333,0.7333333333333333,False,False,0.37777777777777777,1.0,1.0,0.7333333333333333,1.0,1.0,1.0,0.6818181818181818,1.0,1.0,0.45454545454545453,1.0,1.0,0.2727272727272727,1.0,0.8,1.0,1.0,0.11212121212121212,1.0,0.625,1.0,0.18181818181818182,1.0,0.3125,1.0,0.2727272727272727,1.0,0.20833333333333334,1.0,0.3484848484848485,1.0,0.125,1.0,0.5181818181818182,0.07084569732937683,0.16702212300476343,0.7333333333333333,0.7333333333333333,False,False,0.37777777777777777,1.0,1.0,0.7333333333333333,1.0,1.0,1.0,0.6818181818181818,1.0,1.0,0.45454545454545453,1.0,1.0,0.2727272727272727,1.0,0.8,1.0,1.0,0.11212121212121212,1.0,0.625,1.0,0.18181818181818182,1.0,0.3125,1.0,0.2727272727272727,1.0,0.20833333333333334,1.0,0.3515151515151515,1.0,0.125,1.0,0.5212121212121212,,,0.003223385439373061
vt_h4_c1,19,334,49,0.6326530612244898,0.6326530612244898,False,False,0.32653061224489793,0.9411764705882353,0.9411764705882353,0.6326530612244898,0.9117647058823529,0.9117647058823529,0.8367346938775511,0.6119402985074627,0.8367346938775511,0.8775510204081632,0.42574257425742573,0.8775510204081632,0.9591836734693877,0.281437125748503,0.9591836734693877,0.6,0.75,0.75,0.10179640718562874,1.0,0.625,1.0,0.17964071856287425,1.0,0.3125,1.0,0.2754491017964072,1.0,0.20833333333333334,1.0,0.36826347305389223,1.0,0.125,1.0,0.5598802395209581,0.06551329055912007,0.08476458417851399,0.6938775510204082,0.6938775510204082,False,False,0.3469387755102041,1.0,1.0,0.6938775510204082,1.0,1.0,0.9795918367346939,0.7164179104477612,0.9795918367346939,0.9795918367346939,0.4752475247524752,0.9795918367346939,0.9795918367346939,0.2874251497005988,0.9795918367346939,0.8,1.0,1.0,0.11377245508982035,1.0,0.625,1.0,0.17964071856287425,1.0,0.3125,1.0,0.2754491017964072,1.0,0.20833333333333334,1.0,0.3772455089820359,1.0,0.125,1.0,0.5538922155688623,0.10552245646196148,0.14035102459374976,0.6938775510204082,0.6938775510204082,False,False,0.3469387755102041,1.0,1.0,0.6938775510204082,1.0,1.0,1.0,0.7313432835820896,1.0,1.0,0.48514851485148514,1.0,1.0,0.2934131736526946,1.0,0.8,1.0,1.0,0.11377245508982035,1.0,0.625,1.0,0.19161676646706588,1.0,0.3125,1.0,0.27844311377245506,1.0,0.20833333333333334,1.0,0.3532934131736527,1.0,0.125,1.0,0.5269461077844312,0.07591659028414297,0.15603836181432987,0.6938775510204082,0.6938775510204082,False,False,0.3469387755102041,1.0,1.0,0.6938775510204082,1.0,1.0,1.0,0.7313432835820896,1.0,1.0,0.48514851485148514,1.0,1.0,0.2934131736526946,1.0,0.8,1.0,1.0,0.11377245508982035,1.0,0.625,1.0,0.19161676646706588,1.0,0.3125,1.0,0.27844311377245506,1.0,0.20833333333333334,1.0,0.3532934131736527,1.0,0.125,1.0,0.5269461077844312,,,0.0030210285517091595
vt_h4_c1,20,332,47,0.7021276595744681,0.7021276595744681,False,False,0.3404255319148936,0.9411764705882353,0.9411764705882353,0.7021276595744681,0.9705882352941176,0.9705882352941176,0.9148936170212766,0.6417910447761194,0.9148936170212766,0.9361702127659575,0.44,0.9361702127659575,0.9361702127659575,0.26506024096385544,0.9361702127659575,0.8,1.0,1.0,0.11144578313253012,1.0,0.625,1.0,0.1746987951807229,1.0,0.3125,1.0,0.27710843373493976,1.0,0.20833333333333334,1.0,0.37650602409638556,1.0,0.125,1.0,0.5602409638554217,0.047747747747747725,0.0670461735238185,0.723404255319149,0.723404255319149,False,False,0.3617021276595745,1.0,1.0,0.723404255319149,1.0,1.0,1.0,0.7014925373134329,1.0,1.0,0.47,1.0,1.0,0.28313253012048195,1.0,0.8,1.0,1.0,0.11144578313253012,1.0,0.625,1.0,0.18072289156626506,1.0,0.3125,1.0,0.2740963855421687,1.0,0.20833333333333334,1.0,0.3704819277108434,1.0,0.125,1.0,0.5451807228915663,0.09004504504504504,0.11969574666703997,0.723404255319149,0.723404255319149,False,False,0.3617021276595745,1.0,1.0,0.723404255319149,1.0,1.0,1.0,0.7014925373134329,1.0,1.0,0.47,1.0,1.0,0.28313253012048195,1.0,0.8,1.0,1.0,0.11144578313253012,1.0,0.625,1.0,0.18674698795180722,1.0,0.3125,1.0,0.2710843373493976,1.0,0.20833333333333334,1.0,0.35240963855421686,1.0,0.125,1.0,0.5271084337349398,0.09126126126126126,0.168115485172124,0.723404255319149,0.723404255319149,False,False,0.3617021276595745,1.0,1.0,0.723404255319149,1.0,1.0,1.0,0.7014925373134329,1.0,1.0,0.47,1.0,1.0,0.28313253012048195,1.0,0.8,1.0,1.0,0.11144578313253012,1.0,0.625,1.0,0.18674698795180722,1.0,0.3125,1.0,0.2710843373493976,1.0,0.20833333333333334,1.0,0.35240963855421686,1.0,0.125,1.0,0.5271084337349398,,,0.0040922859572438686
vt_h4_c1,21,335,50,0.64,0.64,False,False,0.32,0.9411764705882353,0.9411764705882353,0.64,0.9411764705882353,0.9411764705882353,0.94,0.7014925373134329,0.94,0.96,0.4752475247524752,0.96,0.98,0.2916666666666667,0.98,0.6,0.75,0.75,0.10746268656716418,1.0,0.625,1.0,0.19402985074626866,1.0,0.3125,1.0,0.28059701492537314,1.0,0.20833333333333334,1.0,0.3701492537313433,1.0,0.125,1.0,0.5492537313432836,0.106624674196351,0.13033997947332526,0.68,0.68,False,False,0.34,1.0,1.0,0.68,1.0,1.0,1.0,0.746268656716418,1.0,1.0,0.49504950495049505,1.0,1.0,0.2976190476190476,1.0,0.8,1.0,1.0,0.11940298507462686,1.0,0.625,1.0,0.19402985074626866,1.0,0.3125,1.0,0.2835820895522388,1.0,0.20833333333333334,1.0,0.382089552238806,1.0,0.125,1.0,0.5611940298507463,0.1215682015638575,0.16378550068798314,0.68,0.68,False,False,0.34,1.0,1.0,0.68,1.0,1.0,1.0,0.746268656716418,1.0,1.0,0.49504950495049505,1.0,1.0,0.2976190476190476,1.0,0.8,1.0,1.0,0.11940298507462686,1.0,0.625,1.0,0.1880597014925373,1.0,0.3125,1.0,0.28059701492537314,1.0,0.20833333333333334,1.0,0.3582089552238806,1.0,0.125,1.0,0.5253731343283582,0.04129018245004344,0.16463587341144342,0.68,0.68,False,False,0.34,1.0,1.0,0.68,1.0,1.0,1.0,0.746268656716418,1.0,1.0,0.49504950495049505,1.0,1.0,0.2976190476190476,1.0,0.8,1.0,1.0,0.11940298507462686,1.0,0.625,1.0,0.1880597014925373,1.0,0.3125,1.0,0.28059701492537314,1.0,0.20833333333333334,1.0,0.3582089552238806,1.0,0.125,1.0,0.5253731343283582,,,0.0016534196161259729
vt_h4_c1,22,334,49,0.673469387755102,0.673469387755102,False,False,0.32653061224489793,0.9411764705882353,0.9411764705882353,0.673469387755102,0.9705882352941176,0.9705882352941176,0.8775510204081632,0.6417910447761194,0.8775510204081632,0.8979591836734694,0.43564356435643564,0.8979591836734694,0.9387755102040817,0.2754491017964072,0.9387755102040817,0.8,1.0,1.0,0.11676646706586827,1.0,0.625,1.0,0.19161676646706588,1.0,0.3125,1.0,0.2904191616766467,1.0,0.20833333333333334,1.0,0.38622754491017963,1.0,0.125,1.0,0.5748502994011976,0.054000000000000006,0.08532052566194212,0.6938775510204082,0.6938775510204082,False,False,0.3469387755102041,1.0,1.0,0.6938775510204082,1.0,1.0,1.0,0.7313432835820896,1.0,1.0,0.48514851485148514,1.0,1.0,0.2934131736526946,1.0,0.8,1.0,1.0,0.11676646706586827,1.0,0.625,1.0,0.18562874251497005,1.0,0.3125,1.0,0.2934131736526946,1.0,0.20833333333333334,1.0,0.38622754491017963,1.0,0.125,1.0,0.5688622754491018,0.0867,0.12406692860656994,0.6938775510204082,0.6938775510204082,False,False,0.3469387755102041,1.0,1.0,0.6938775510204082,1.0,1.0,1.0,0.7313432835820896,1.0,1.0,0.48514851485148514,1.0,1.0,0.2934131736526946,1.0,0.8,1.0,1.0,0.11976047904191617,1.0,0.625,1.0,0.19161676646706588,1.0,0.3125,1.0,0.281437125748503,1.0,0.20833333333333334,1.0,0.3592814371257485,1.0,0.125,1.0,0.5179640718562875,0.03445,0.16208290883532323,0.6938775510204082,0.6938775510204082,False,False,0.3469387755102041,1.0,1.0,0.6938775510204082,1.0,1.0,1.0,0.7313432835820896,1.0,1.0,0.48514851485148514,1.0,1.0,0.2934131736526946,1.0,0.8,1.0,1.0,0.11976047904191617,1.0,0.625,1.0,0.19161676646706588,1.0,0.3125,1.0,0.281437125748503,1.0,0.20833333333333334,1.0,0.3592814371257485,1.0,0.125,1.0,0.5209580838323353,,,0.005136957594839231
vt_h4_c1,23,335,50,0.68,0.68,False,False,0.34,1.0,1.0,0.68,1.0,1.0,0.92,0.6865671641791045,0.92,0.96,0.4752475247524752,0.96,0.96,0.2857142857142857,0.96,0.8,1.0,1.0,0.11641791044776119,1.0,0.625,1.0,0.19402985074626866,1.0,0.3125,1.0,0.28059701492537314,1.0,0.20833333333333334,1.0,0.373134328358209,1.0,0.125,1.0,0.5492537313432836,0.04025735294117647,0.061979002614591695,0.68,0.68,False,False,0.34,1.0,1.0,0.68,1.0,1.0,1.0,0.746268656716418,1.0,1.0,0.49504950495049505,1.0,1.0,0.2976190476190476,1.0,0.8,1.0,1.0,0.11940298507462686,1.0,0.625,1.0,0.1761194029850746,1.0,0.3125,1.0,0.2656716417910448,1.0,0.20833333333333334,1.0,0.3582089552238806,1.0,0.125,1.0,0.5522388059701493,0.0625,0.08493801413602098,0.68,0.68,False,False,0.34,1.0,1.0,0.68,1.0,1.0,1.0,0.746268656716418,1.0,1.0,0.49504950495049505,1.0,1.0,0.2976190476190476,1.0,0.8,1.0,1.0,0.11641791044776119,1.0,0.625,1.0,0.1880597014925373,1.0,0.3125,1.0,0.2746268656716418,1.0,0.20833333333333334,1.0,0.35522388059701493,1.0,0.125,1.0,0.5253731343283582,0.061580882352941166,0.17828742596396405,0.68,0.68,False,False,0.34,1.0,1.0,0.68,1.0,1.0,1.0,0.746268656716418,1.0,1.0,0.49504950495049505,1.0,1.0,0.2976190476190476,1.0,0.8,1.0,1.0,0.11641791044776119,1.0,0.625,1.0,0.1880597014925373,1.0,0.3125,1.0,0.27761194029850744,1.0,0.20833333333333334,1.0,0.35522388059701493,1.0,0.125,1.0,0.5253731343283582,,,0.0021598056722025305
vt_h4_c1,24,333,48,0.6458333333333334,0.6458333333333334,False,False,0.3333333333333333,0.9411764705882353,0.9411764705882353,0.6458333333333334,0.9117647058823529,0.9117647058823529,0.8541666666666666,0.6119402985074627,0.8541666666666666,0.875,0.42,0.875,0.9166666666666666,0.2634730538922156,0.9166666666666666,0.6,0.75,0.75,0.0990990990990991,1.0,0.625,1.0,0.1831831831831832,1.0,0.3125,1.0,0.2732732732732733,1.0,0.20833333333333334,1.0,0.37537537537537535,1.0,0.125,1.0,0.5585585585585585,0.09979892761394105,0.12736275783875972,0.7083333333333334,0.7083333333333334,False,False,0.3541666666666667,1.0,1.0,0.7083333333333334,1.0,1.0,1.0,0.7164179104477612,1.0,1.0,0.48,1.0,1.0,0.2874251497005988,1.0,0.8,1.0,1.0,0.11411411411411411,1.0,0.625,1.0,0.1891891891891892,1.0,0.3125,1.0,0.2882882882882883,1.0,0.20833333333333334,1.0,0.37237237237237236,1.0,0.125,1.0,0.5405405405405406,0.13304289544235925,0.1997401577554314,0.7083333333333334,0.7083333333333334,False,False,0.3541666666666667,1.0,1.0,0.7083333333333334,1.0,1.0,1.0,0.7164179104477612,1.0,1.0,0.48,1.0,1.0,0.2874251497005988,1.0,0.8,1.0,1.0,0.11411411411411411,1.0,0.625,1.0,0.1831831831831832,1.0,0.3125,1.0,0.2732732732732733,1.0,0.20833333333333334,1.0,0.35135135135135137,1.0,0.125,1.0,0.5225225225225225,0.11409740840035747,0.18737263835597134,0.7083333333333334,0.7083333333333334,False,False,0.3541666666666667,1.0,1.0,0.7083333333333334,1.0,1.0,1.0,0.7164179104477612,1.0,1.0,0.48,1.0,1.0,0.2874251497005988,1.0,0.8,1.0,1.0,0.11411411411411411,1.0,0.625,1.0,0.1831831831831832,1.0,0.3125,1.0,0.2732732732732733,1.0,0.20833333333333334,1.0,0.35135135135135137,1.0,0.125,1.0,0.5225225225225225,,,0.0019001552417656775
vt_h4_c1,25,337,52,0.6153846153846154,0.6153846153846154,False,False,0.3076923076923077,0.9411764705882353,0.9411764705882353,0.6153846153846154,0.9411764705882353,0.9411764705882353,0.9230769230769231,0.7058823529411765,0.9230769230769231,0.9807692307692307,0.5,0.9807692307692307,0.9807692307692307,0.30177514792899407,0.9807692307692307,0.8,1.0,1.0,0.12166172106824925,1.0,0.625,1.0,0.18694362017804153,1.0,0.3125,1.0,0.27596439169139464,1.0,0.20833333333333334,1.0,0.37091988130563797,1.0,0.125,1.0,0.5400593471810089,0.08136550308008214,0.11201108594609019,0.6538461538461539,0.6538461538461539,False,False,0.3269230769230769,1.0,1.0,0.6538461538461539,1.0,1.0,1.0,0.7647058823529411,1.0,1.0,0.5098039215686274,1.0,1.0,0.3076923076923077,1.0,0.8,1.0,1.0,0.12166172106824925,1.0,0.625,1.0,0.18694362017804153,1.0,0.3125,1.0,0.27596439169139464,1.0,0.20833333333333334,1.0,0.37091988130563797,1.0,0.125,1.0,0.5459940652818991,0.08747433264887061,0.11904779795501737,0.6538461538461539,0.6538461538461539,False,False,0.3269230769230769,1.0,1.0,0.6538461538461539,1.0,1.0,1.0,0.7647058823529411,1.0,1.0,0.5098039215686274,1.0,1.0,0.3076923076923077,1.0,0.8,1.0,1.0,0.12462908011869436,1.0,0.625,1.0,0.19881305637982197,1.0,0.3125,1.0,0.2878338278931751,1.0,0.20833333333333334,1.0,0.36795252225519287,1.0,0.125,1.0,0.5281899109792285,0.10595482546201232,0.1799687649088196,0.6538461538461539,0.6538461538461539,False,False,0.3269230769230769,1.0,1.0,0.6538461538461539,1.0,1.0,1.0,0.7647058823529411,1.0,1.0,0.5098039215686274,1.0,1.0,0.3076923076923077,1.0,0.8,1.0,1.0,0.12462908011869436,1.0,0.625,1.0,0.19881305637982197,1.0,0.3125,1.0,0.2878338278931751,1.0,0.20833333333333334,1.0,0.36795252225519287,1.0,0.125,1.0,0.5222551928783383,,,0.0026574415165501186
vt_h4_c1,26,335,50,0.66,0.66,False,False,0.34,1.0,1.0,0.66,0.9705882352941176,0.9705882352941176,0.86,0.6417910447761194,0.86,0.9,0.44554455445544555,0.9,0.92,0.27380952380952384,0.92,0.8,1.0,1.0,0.11641791044776119,1.0,0.625,1.0,0.18208955223880596,1.0,0.3125,1.0,0.27761194029850744,1.0,0.20833333333333334,1.0,0.3701492537313433,1.0,0.125,1.0,0.5611940298507463,0.15925531914893615,0.2600441724179317,0.66,0.66,False,False,0.34,1.0,1.0,0.66,0.9705882352941176,0.9705882352941176,0.94,0.7014925373134329,0.94,0.94,0.46534653465346537,0.94,0.98,0.2916666666666667,0.98,0.8,1.0,1.0,0.11641791044776119,1.0,0.625,1.0,0.19402985074626866,1.0,0.3125,1.0,0.27761194029850744,1.0,0.20833333333333334,1.0,0.3761194029850746,1.0,0.125,1.0,0.5462686567164179,0.16744680851063828,0.2775033780054472,0.68,0.68,False,False,0.34,1.0,1.0,0.68,1.0,1.0,1.0,0.746268656716418,1.0,1.0,0.49504950495049505,1.0,1.0,0.2976190476190476,1.0,0.8,1.0,1.0,0.11940298507462686,1.0,0.625,1.0,0.18507462686567164,1.0,0.3125,1.0,0.2746268656716418,1.0,0.20833333333333334,1.0,0.3492537313432836,1.0,0.125,1.0,0.5164179104477612,0.062234042553191496,0.17413198367320787,0.68,0.68,False,False,0.34,1.0,1.0,0.68,1.0,1.0,1.0,0.746268656716418,1.0,1.0,0.49504950495049505,1.0,1.0,0.2976190476190476,1.0,0.8,1.0,1.0,0.11940298507462686,1.0,0.625,1.0,0.18507462686567164,1.0,0.3125,1.0,0.2746268656716418,1.0,0.20833333333333334,1.0,0.3492537313432836,1.0,0.125,1.0,0.5194029850746269,,,0.005206277889458599
vt_h4_c1,27,334,49,0.673469387755102,0.673469387755102,False,False,0.3469387755102041,1.0,1.0,0.673469387755102,0.9705882352941176,0.9705882352941176,0.9183673469387755,0.6716417910447762,0.9183673469387755,0.9795918367346939,0.4752475247524752,0.9795918367346939,0.9795918367346939,0.2874251497005988,0.9795918367346939,0.8,1.0,1.0,0.11676646706586827,1.0,0.625,1.0,0.18562874251497005,1.0,0.3125,1.0,0.27245508982035926,1.0,0.20833333333333334,1.0,0.38023952095808383,1.0,0.125,1.0,0.5538922155688623,0.07131782945736434,0.11149637147628622,0.6938775510204082,0.6938775510204082,False,False,0.3469387755102041,1.0,1.0,0.6938775510204082,1.0,1.0,1.0,0.7313432835820896,1.0,1.0,0.48514851485148514,1.0,1.0,0.2934131736526946,1.0,0.8,1.0,1.0,0.11676646706586827,1.0,0.625,1.0,0.18562874251497005,1.0,0.3125,1.0,0.2694610778443114,1.0,0.20833333333333334,1.0,0.36826347305389223,1.0,0.125,1.0,0.5508982035928144,0.07359496124031008,0.09987648038943811,0.6938775510204082,0.6938775510204082,False,False,0.3469387755102041,1.0,1.0,0.6938775510204082,1.0,1.0,1.0,0.7313432835820896,1.0,1.0,0.48514851485148514,1.0,1.0,0.2934131736526946,1.0,0.8,1.0,1.0,0.11676646706586827,1.0,0.625,1.0,0.18562874251497005,1.0,0.3125,1.0,0.2754491017964072,1.0,0.20833333333333334,1.0,0.3562874251497006,1.0,0.125,1.0,0.5389221556886228,0.05305232558139535,0.16011702201106132,0.6938775510204082,0.6938775510204082,False,False,0.3469387755102041,1.0,1.0,0.6938775510204082,1.0,1.0,1.0,0.7313432835820896,1.0,1.0,0.48514851485148514,1.0,1.0,0.2934131736526946,1.0,0.8,1.0,1.0,0.11676646706586827,1.0,0.625,1.0,0.18562874251497005,1.0,0.3125,1.0,0.2754491017964072,1.0,0.20833333333333334,1.0,0.3562874251497006,1.0,0.125,1.0,0.5389221556886228,,,0.0009568231229371005
vt_h4_c1,28,333,48,0.7083333333333334,0.7083333333333334,False,False,0.3541666666666667,1.0,1.0,0.7083333333333334,1.0,1.0,0.8541666666666666,0.6119402985074627,0.8541666666666666,0.875,0.42,0.875,0.8958333333333334,0.25748502994011974,0.8958333333333334,0.8,1.0,1.0,0.11711711711711711,1.0,0.625,1.0,0.18018018018018017,1.0,0.3125,1.0,0.2852852852852853,1.0,0.20833333333333334,1.0,0.37537537537537535,1.0,0.125,1.0,0.5525525525525525,0.05212041884816754,0.08571529847948059,0.7083333333333334,0.7083333333333334,False,False,0.3541666666666667,1.0,1.0,0.7083333333333334,1.0,1.0,0.9166666666666666,0.6567164179104478,0.9166666666666666,0.9166666666666666,0.44,0.9166666666666666,0.9166666666666666,0.2634730538922156,0.9166666666666666,0.8,1.0,1.0,0.11711711711711711,1.0,0.625,1.0,0.17717717717717718,1.0,0.3125,1.0,0.27927927927927926,1.0,0.20833333333333334,1.0,0.36936936936936937,1.0,0.125,1.0,0.5375375375375375,0.04070680628272252,0.05406350368410787,0.7083333333333334,0.7083333333333334,False,False,0.3541666666666667,1.0,1.0,0.7083333333333334,1.0,1.0,1.0,0.7164179104477612,1.0,1.0,0.48,1.0,1.0,0.2874251497005988,1.0,0.8,1.0,1.0,0.11411411411411411,1.0,0.625,1.0,0.1891891891891892,1.0,0.3125,1.0,0.2702702702702703,1.0,0.20833333333333334,1.0,0.35135135135135137,1.0,0.125,1.0,0.5225225225225225,0.03526178010471204,0.16024805674861828,0.7083333333333334,0.7083333333333334,False,False,0.3541666666666667,1.0,1.0,0.7083333333333334,1.0,1.0,1.0,0.7164179104477612,1.0,1.0,0.48,1.0,1.0,0.2874251497005988,1.0,0.8,1.0,1.0,0.11711711711711711,1.0,0.625,1.0,0.1891891891891892,1.0,0.3125,1.0,0.2702702702702703,1.0,0.20833333333333334,1.0,0.35735735735735735,1.0,0.125,1.0,0.5255255255255256,,,0.001953154392781986
vt_h4_c1,29,331,46,0.6304347826086957,0.6304347826086957,False,False,0.34782608695652173,0.9411764705882353,0.9411764705882353,0.6304347826086957,0.8529411764705882,0.8529411764705882,0.8478260869565217,0.582089552238806,0.8478260869565217,0.8913043478260869,0.41,0.8913043478260869,0.9130434782608695,0.25301204819277107,0.9130434782608695,0.8,1.0,1.0,0.11178247734138973,1.0,0.625,1.0,0.18429003021148035,1.0,0.3125,1.0,0.2809667673716012,1.0,0.20833333333333334,1.0,0.3716012084592145,1.0,0.125,1.0,0.5589123867069486,0.0983816425120773,0.12328954888197488,0.7391304347826086,0.7391304347826086,False,False,0.3695652173913043,1.0,1.0,0.7391304347826086,1.0,1.0,1.0,0.6865671641791045,1.0,1.0,0.46,1.0,1.0,0.27710843373493976,1.0,0.8,1.0,1.0,0.11178247734138973,1.0,0.625,1.0,0.17220543806646527,1.0,0.3125,1.0,0.2688821752265861,1.0,0.20833333333333334,1.0,0.3595166163141994,1.0,0.125,1.0,0.540785498489426,0.11553140096618356,0.17017754589895476,0.7391304347826086,0.7391304347826086,False,False,0.3695652173913043,1.0,1.0,0.7391304347826086,1.0,1.0,1.0,0.6865671641791045,1.0,1.0,0.46,1.0,1.0,0.27710843373493976,1.0,0.8,1.0,1.0,0.10876132930513595,1.0,0.625,1.0,0.18429003021148035,1.0,0.3125,1.0,0.2688821752265861,1.0,0.20833333333333334,1.0,0.3504531722054381,1.0,0.125,1.0,0.525679758308157,0.08905797101449273,0.18122695456476717,0.7391304347826086,0.7391304347826086,False,False,0.3695652173913043,1.0,1.0,0.7391304347826086,1.0,1.0,1.0,0.6865671641791045,1.0,1.0,0.46,1.0,1.0,0.27710843373493976,1.0,0.8,1.0,1.0,0.11178247734138973,1.0,0.625,1.0,0.18429003021148035,1.0,0.3125,1.0,0.2719033232628399,1.0,0.20833333333333334,1.0,0.3504531722054381,1.0,0.125,1.0,0.5226586102719033,,,0.0030644566324928846
vt_h4_c1,30,333,48,0.6458333333333334,0.6458333333333334,False,False,0.3333333333333333,0.9411764705882353,0.9411764705882353,0.6458333333333334,0.9117647058823529,0.9117647058823529,0.8541666666666666,0.6119402985074627,0.8541666666666666,0.9166666666666666,0.44,0.9166666666666666,0.9375,0.2694610778443114,0.9375,0.6,0.75,0.75,0.0990990990990991,1.0,0.625,1.0,0.1831831831831832,1.0,0.3125,1.0,0.2822822822822823,1.0,0.20833333333333334,1.0,0.37537537537537535,1.0,0.125,1.0,0.5585585585585585,0.07146017699115044,0.10340848050888733,0.7083333333333334,0.7083333333333334,False,False,0.3541666666666667,1.0,1.0,0.7083333333333334,1.0,1.0,1.0,0.7164179104477612,1.0,1.0,0.48,1.0,1.0,0.2874251497005988,1.0,0.8,1.0,1.0,0.11411411411411411,1.0,0.625,1.0,0.1831831831831832,1.0,0.3125,1.0,0.2822822822822823,1.0,0.20833333333333334,1.0,0.37537537537537535,1.0,0.125,1.0,0.5555555555555556,0.08930678466076696,0.12378506678207905,0.7083333333333334,0.7083333333333334,False,False,0.3541666666666667,1.0,1.0,0.7083333333333334,1.0,1.0,1.0,0.7164179104477612,1.0,1.0,0.48,1.0,1.0,0.2874251497005988,1.0,0.8,1.0,1.0,0.11411411411411411,1.0,0.625,1.0,0.1891891891891892,1.0,0.3125,1.0,0.27927927927927926,1.0,0.20833333333333334,1.0,0.35135135135135137,1.0,0.125,1.0,0.5225225225225225,0.08178466076696163,0.17109145110323526,0.7083333333333334,0.7083333333333334,False,False,0.3541666666666667,1.0,1.0,0.7083333333333334,1.0,1.0,1.0,0.7164179104477612,1.0,1.0,0.48,1.0,1.0,0.2874251497005988,1.0,0.8,1.0,1.0,0.11411411411411411,1.0,0.625,1.0,0.1891891891891892,1.0,0.3125,1.0,0.27927927927927926,1.0,0.20833333333333334,1.0,0.35435435435435436,1.0,0.125,1.0,0.5255255255255256,,,0.002170499508911128
vt_h4_c1,31,333,48,0.7083333333333334,0.7083333333333334,False,False,0.3541666666666667,1.0,1.0,0.7083333333333334,1.0,1.0,0.8541666666666666,0.6119402985074627,0.8541666666666666,0.9375,0.45,0.9375,0.9583333333333334,0.2754491017964072,0.9583333333333334,0.8,1.0,1.0,0.11411411411411411,1.0,0.625,1.0,0.17717717717717718,1.0,0.3125,1.0,0.2702702702702703,1.0,0.20833333333333334,1.0,0.37237237237237236,1.0,0.125,1.0,0.5405405405405406,0.10357811038353604,0.15938513125244674,0.7083333333333334,0.7083333333333334,False,False,0.3541666666666667,1.0,1.0,0.7083333333333334,1.0,1.0,1.0,0.7164179104477612,1.0,1.0,0.48,1.0,1.0,0.2874251497005988,1.0,0.8,1.0,1.0,0.11711711711711711,1.0,0.625,1.0,0.17117117117117117,1.0,0.3125,1.0,0.2732732732732733,1.0,0.20833333333333334,1.0,0.3663663663663664,1.0,0.125,1.0,0.5345345345345346,0.08543030869971938,0.11671752493224015,0.7083333333333334,0.7083333333333334,False,False,0.3541666666666667,1.0,1.0,0.7083333333333334,1.0,1.0,1.0,0.7164179104477612,1.0,1.0,0.48,1.0,1.0,0.2874251497005988,1.0,0.8,1.0,1.0,0.11411411411411411,1.0,0.625,1.0,0.1831831831831832,1.0,0.3125,1.0,0.2702702702702703,1.0,0.20833333333333334,1.0,0.3483483483483483,1.0,0.125,1.0,0.5285285285285285,0.046936389148737136,0.17188140665591048,0.7083333333333334,0.7083333333333334,False,False,0.3541666666666667,1.0,1.0,0.7083333333333334,1.0,1.0,1.0,0.7164179104477612,1.0,1.0,0.48,1.0,1.0,0.2874251497005988,1.0,0.8,1.0,1.0,0.11411411411411411,1.0,0.625,1.0,0.1891891891891892,1.0,0.3125,1.0,0.2702702702702703,1.0,0.20833333333333334,1.0,0.35135135135135137,1.0,0.125,1.0,0.5285285285285285,,,0.0030334576345745212
vt_h4_c1,32,331,46,0.6521739130434783,0.6521739130434783,False,False,0.34782608695652173,0.9411764705882353,0.9411764705882353,0.6521739130434783,0.8823529411764706,0.8823529411764706,0.8043478260869565,0.5522388059701493,0.8043478260869565,0.8260869565217391,0.38,0.8260869565217391,0.8478260869565217,0.23493975903614459,0.8478260869565217,0.8,1.0,1.0,0.11178247734138973,1.0,0.625,1.0,0.18126888217522658,1.0,0.3125,1.0,0.27794561933534745,1.0,0.20833333333333334,1.0,0.36555891238670696,1.0,0.125,1.0,0.540785498489426,0.07253593429158112,0.10279623560408954,0.717391304347826,0.717391304347826,False,False,0.3695652173913043,1.0,1.0,0.717391304347826,0.9705882352941176,0.9705882352941176,1.0,0.6865671641791045,1.0,1.0,0.46,1.0,1.0,0.27710843373493976,1.0,0.8,1.0,1.0,0.11178247734138973,1.0,0.625,1.0,0.18429003021148035,1.0,0.3125,1.0,0.283987915407855,1.0,0.20833333333333334,1.0,0.37462235649546827,1.0,0.125,1.0,0.5558912386706949,0.0465605749486653,0.07582606237743979,0.7391304347826086,0.7391304347826086,False,False,0.3695652173913043,1.0,1.0,0.7391304347826086,1.0,1.0,1.0,0.6865671641791045,1.0,1.0,0.46,1.0,1.0,0.27710843373493976,1.0,0.8,1.0,1.0,0.11178247734138973,1.0,0.625,1.0,0.1782477341389728,1.0,0.3125,1.0,0.2719033232628399,1.0,0.20833333333333334,1.0,0.3504531722054381,1.0,0.125,1.0,0.5377643504531722,0.11647843942505132,0.21199668175583675,0.7391304347826086,0.7391304347826086,False,False,0.3695652173913043,1.0,1.0,0.7391304347826086,1.0,1.0,1.0,0.6865671641791045,1.0,1.0,0.46,1.0,1.0,0.27710843373493976,1.0,0.8,1.0,1.0,0.11178247734138973,1.0,0.625,1.0,0.1782477341389728,1.0,0.3125,1.0,0.2719033232628399,1.0,0.20833333333333334,1.0,0.3504531722054381,1.0,0.125,1.0,0.5377643504531722,,,0.0022165940794833805
vt_h4_c1,33,337,52,0.6538461538461539,0.6538461538461539,False,False,0.3269230769230769,1.0,1.0,0.6538461538461539,1.0,1.0,0.9038461538461539,0.6911764705882353,0.9038461538461539,0.9230769230769231,0.47058823529411764,0.9230769230769231,0.9423076923076923,0.28994082840236685,0.9423076923076923,0.8,1.0,1.0,0.12166172106824925,1.0,0.625,1.0,0.19287833827893175,1.0,0.3125,1.0,0.2878338278931751,1.0,0.20833333333333334,1.0,0.3827893175074184,1.0,0.125,1.0,0.5756676557863502,0.07206994328922495,0.09538440311345611,0.6538461538461539,0.6538461538461539,False,False,0.3269230769230769,1.0,1.0,0.6538461538461539,1.0,1.0,0.9807692307692307,0.75,0.9807692307692307,0.9807692307692307,0.5,0.9807692307692307,0.9807692307692307,0.30177514792899407,0.9807692307692307,0.8,1.0,1.0,0.12166172106824925,1.0,0.625,1.0,0.19881305637982197,1.0,0.3125,1.0,0.27596439169139464,1.0,0.20833333333333334,1.0,0.37388724035608306,1.0,0.125,1.0,0.5578635014836796,0.07178638941398865,0.09151989411414736,0.6538461538461539,0.6538461538461539,False,False,0.3269230769230769,1.0,1.0,0.6538461538461539,1.0,1.0,1.0,0.7647058823529411,1.0,1.0,0.5098039215686274,1.0,1.0,0.3076923076923077,1.0,0.8,1.0,1.0,0.12166172106824925,1.0,0.625,1.0,0.19881305637982197,1.0,0.3125,1.0,0.27596439169139464,1.0,0.20833333333333334,1.0,0.3590504451038576,1.0,0.125,1.0,0.5341246290801187,0.04362003780718336,0.1668333904384086,0.6538461538461539,0.6538461538461539,False,False,0.3269230769230769,1.0,1.0,0.6538461538461539,1.0,1.0,1.0,0.7647058823529411,1.0,1.0,0.5098039215686274,1.0,1.0,0.3076923076923077,1.0,0.8,1.0,1.0,0.12462908011869436,1.0,0.625,1.0,0.19881305637982197,1.0,0.3125,1.0,0.27596439169139464,1.0,0.20833333333333334,1.0,0.3620178041543027,1.0,0.125,1.0,0.5341246290801187,,,0.0015646137777882707
vt_h4_c1,34,335,50,0.66,0.66,False,False,0.34,1.0,1.0,0.66,0.9705882352941176,0.9705882352941176,0.9,0.6716417910447762,0.9,0.94,0.46534653465346537,0.94,0.98,0.2916666666666667,0.98,0.8,1.0,1.0,0.11940298507462686,1.0,0.625,1.0,0.1880597014925373,1.0,0.3125,1.0,0.29253731343283584,1.0,0.20833333333333334,1.0,0.3940298507462687,1.0,0.125,1.0,0.564179104477612,0.0735655737704918,0.11047063067401808,0.68,0.68,False,False,0.34,1.0,1.0,0.68,1.0,1.0,0.96,0.7164179104477612,0.96,0.98,0.48514851485148514,0.98,0.98,0.2916666666666667,0.98,0.8,1.0,1.0,0.11940298507462686,1.0,0.625,1.0,0.1880597014925373,1.0,0.3125,1.0,0.2865671641791045,1.0,0.20833333333333334,1.0,0.37910447761194027,1.0,0.125,1.0,0.5462686567164179,0.10348360655737707,0.15338596419554923,0.68,0.68,False,False,0.34,1.0,1.0,0.68,1.0,1.0,1.0,0.746268656716418,1.0,1.0,0.49504950495049505,1.0,1.0,0.2976190476190476,1.0,0.8,1.0,1.0,0.11641791044776119,1.0,0.625,1.0,0.18507462686567164,1.0,0.3125,1.0,0.27761194029850744,1.0,0.20833333333333334,1.0,0.3522388059701492,1.0,0.125,1.0,0.5253731343283582,0.08801229508196722,0.18980703525989825,0.68,0.68,False,False,0.34,1.0,1.0,0.68,1.0,1.0,1.0,0.746268656716418,1.0,1.0,0.49504950495049505,1.0,1.0,0.2976190476190476,1.0,0.8,1.0,1.0,0.11940298507462686,1.0,0.625,1.0,0.18507462686567164,1.0,0.3125,1.0,0.28059701492537314,1.0,0.20833333333333334,1.0,0.35522388059701493,1.0,0.125,1.0,0.5253731343283582,,,0.0026515863181870714
vt_h4_c1,35,333,48,0.6041666666666666,0.6041666666666666,False,False,0.3333333333333333,0.9411764705882353,0.9411764705882353,0.6041666666666666,0.8529411764705882,0.8529411764705882,0.8541666666666666,0.6119402985074627,0.8541666666666666,0.9166666666666666,0.44,0.9166666666666666,0.9375,0.2694610778443114,0.9375,0.6,0.75,0.75,0.10510510510510511,1.0,0.625,1.0,0.1891891891891892,1.0,0.3125,1.0,0.26426426426426425,1.0,0.20833333333333334,1.0,0.36036036036036034,1.0,0.125,1.0,0.5525525525525525,0.06683583406884377,0.07784900353501263,0.7083333333333334,0.7083333333333334,False,False,0.3541666666666667,1.0,1.0,0.7083333333333334,1.0,1.0,0.9791666666666666,0.7014925373134329,0.9791666666666666,1.0,0.48,1.0,1.0,0.2874251497005988,1.0,0.8,1.0,1.0,0.11711711711711711,1.0,0.625,1.0,0.18618618618618618,1.0,0.3125,1.0,0.27927927927927926,1.0,0.20833333333333334,1.0,0.37237237237237236,1.0,0.125,1.0,0.5525525525525525,0.04419682259488085,0.0669687591299717,0.7083333333333334,0.7083333333333334,False,False,0.3541666666666667,1.0,1.0,0.7083333333333334,1.0,1.0,1.0,0.7164179104477612,1.0,1.0,0.48,1.0,1.0,0.2874251497005988,1.0,0.8,1.0,1.0,0.11711711711711711,1.0,0.625,1.0,0.18618618618618618,1.0,0.3125,1.0,0.27627627627627627,1.0,0.20833333333333334,1.0,0.35735735735735735,1.0,0.125,1.0,0.5285285285285285,0.05112533097969992,0.1619975593339696,0.7083333333333334,0.7083333333333334,False,False,0.3541666666666667,1.0,1.0,0.7083333333333334,1.0,1.0,1.0,0.7164179104477612,1.0,1.0,0.48,1.0,1.0,0.2874251497005988,1.0,0.8,1.0,1.0,0.11711711711711711,1.0,0.625,1.0,0.18618618618618618,1.0,0.3125,1.0,0.27627627627627627,1.0,0.20833333333333334,1.0,0.35735735735735735,1.0,0.125,1.0,0.5345345345345346,,,0.0016435532981606826
vt_h4_c1,36,335,50,0.6,0.6,False,False,0.32,0.9411764705882353,0.9411764705882353,0.6,0.8823529411764706,0.8823529411764706,0.86,0.6417910447761194,0.86,0.9,0.44554455445544555,0.9,0.92,0.27380952380952384,0.92,0.8,1.0,1.0,0.11641791044776119,1.0,0.625,1.0,0.1880597014925373,1.0,0.3125,1.0,0.2746268656716418,1.0,0.20833333333333334,1.0,0.373134328358209,1.0,0.125,1.0,0.564179104477612,0.0861111111111111,0.12125346805517487,0.68,0.68,False,False,0.34,1.0,1.0,0.68,1.0,1.0,0.98,0.7313432835820896,0.98,0.98,0.48514851485148514,0.98,0.98,0.2916666666666667,0.98,0.8,1.0,1.0,0.11641791044776119,1.0,0.625,1.0,0.1880597014925373,1.0,0.3125,1.0,0.28955223880597014,1.0,0.20833333333333334,1.0,0.3761194029850746,1.0,0.125,1.0,0.5462686567164179,0.060727969348659004,0.08330199742281744,0.68,0.68,False,False,0.34,1.0,1.0,0.68,1.0,1.0,1.0,0.746268656716418,1.0,1.0,0.49504950495049505,1.0,1.0,0.2976190476190476,1.0,0.8,1.0,1.0,0.11940298507462686,1.0,0.625,1.0,0.19402985074626866,1.0,0.3125,1.0,0.28059701492537314,1.0,0.20833333333333334,1.0,0.3641791044776119,1.0,0.125,1.0,0.5373134328358209,0.04822796934865901,0.1621480335298978,0.68,0.68,False,False,0.34,1.0,1.0,0.68,1.0,1.0,1.0,0.746268656716418,1.0,1.0,0.49504950495049505,1.0,1.0,0.2976190476190476,1.0,0.8,1.0,1.0,0.11940298507462686,1.0,0.625,1.0,0.19402985074626866,1.0,0.3125,1.0,0.28059701492537314,1.0,0.20833333333333334,1.0,0.3641791044776119,1.0,0.125,1.0,0.5373134328358209,,,0.0020162370176430855
vt_h4_c1,37,331,46,0.717391304347826,0.717391304347826,False,False,0.34782608695652173,0.9411764705882353,0.9411764705882353,0.717391304347826,0.9705882352941176,0.9705882352941176,0.8478260869565217,0.582089552238806,0.8478260869565217,0.8913043478260869,0.41,0.8913043478260869,0.8913043478260869,0.2469879518072289,0.8913043478260869,0.8,1.0,1.0,0.1148036253776435,1.0,0.625,1.0,0.18429003021148035,1.0,0.3125,1.0,0.2719033232628399,1.0,0.20833333333333334,1.0,0.3776435045317221,1.0,0.125,1.0,0.5619335347432024,0.07088801399825023,0.08919162586769916,0.7391304347826086,0.7391304347826086,False,False,0.3695652173913043,1.0,1.0,0.7391304347826086,1.0,1.0,1.0,0.6865671641791045,1.0,1.0,0.46,1.0,1.0,0.27710843373493976,1.0,0.8,1.0,1.0,0.10876132930513595,1.0,0.625,1.0,0.17220543806646527,1.0,0.3125,1.0,0.27794561933534745,1.0,0.20833333333333334,1.0,0.36253776435045315,1.0,0.125,1.0,0.5468277945619335,0.09901574803149608,0.14183666685233462,0.7391304347826086,0.7391304347826086,False,False,0.3695652173913043,1.0,1.0,0.7391304347826086,1.0,1.0,1.0,0.6865671641791045,1.0,1.0,0.46,1.0,1.0,0.27710843373493976,1.0,0.8,1.0,1.0,0.10876132930513595,1.0,0.625,1.0,0.18429003021148035,1.0,0.3125,1.0,0.2688821752265861,1.0,0.20833333333333334,1.0,0.3504531722054381,1.0,0.125,1.0,0.5317220543806647,0.09324146981627295,0.1781046656681712,0.7391304347826086,0.7391304347826086,False,False,0.3695652173913043,1.0,1.0,0.7391304347826086,1.0,1.0,1.0,0.6865671641791045,1.0,1.0,0.46,1.0,1.0,0.27710843373493976,1.0,0.8,1.0,1.0,0.10876132930513595,1.0,0.625,1.0,0.18429003021148035,1.0,0.3125,1.0,0.2688821752265861,1.0,0.20833333333333334,1.0,0.35347432024169184,1.0,0.125,1.0,0.5317220543806647,,,0.0009395074525455627
vt_h4_c1,38,333,48,0.6666666666666666,0.6666666666666666,False,False,0.3541666666666667,1.0,1.0,0.6666666666666666,0.9411764705882353,0.9411764705882353,0.8333333333333334,0.5970149253731343,0.8333333333333334,0.8333333333333334,0.4,0.8333333333333334,0.8541666666666666,0.24550898203592814,0.8541666666666666,0.8,1.0,1.0,0.11711711711711711,1.0,0.625,1.0,0.1831831831831832,1.0,0.3125,1.0,0.27927927927927926,1.0,0.20833333333333334,1.0,0.36936936936936937,1.0,0.125,1.0,0.5585585585585585,0.04667832167832168,0.07068691635801219,0.7083333333333334,0.7083333333333334,False,False,0.3541666666666667,1.0,1.0,0.7083333333333334,1.0,1.0,0.9791666666666666,0.7014925373134329,0.9791666666666666,1.0,0.48,1.0,1.0,0.2874251497005988,1.0,0.8,1.0,1.0,0.11711711711711711,1.0,0.625,1.0,0.1891891891891892,1.0,0.3125,1.0,0.2732732732732733,1.0,0.20833333333333334,1.0,0.37237237237237236,1.0,0.125,1.0,0.5525525525525525,0.10786713286713283,0.15283228860560977,0.7083333333333334,0.7083333333333334,False,False,0.3541666666666667,1.0,1.0,0.7083333333333334,1.0,1.0,1.0,0.7164179104477612,1.0,1.0,0.48,1.0,1.0,0.2874251497005988,1.0,0.8,1.0,1.0,0.11711711711711711,1.0,0.625,1.0,0.1891891891891892,1.0,0.3125,1.0,0.2672672672672673,1.0,0.20833333333333334,1.0,0.34534534534534533,1.0,0.125,1.0,0.5165165165165165,0.03444055944055944,0.1769318172041962,0.7083333333333334,0.7083333333333334,False,False,0.3541666666666667,1.0,1.0,0.7083333333333334,1.0,1.0,1.0,0.7164179104477612,1.0,1.0,0.48,1.0,1.0,0.2874251497005988,1.0,0.8,1.0,1.0,0.11711711711711711,1.0,0.625,1.0,0.1891891891891892,1.0,0.3125,1.0,0.2702702702702703,1.0,0.20833333333333334,1.0,0.34534534534534533,1.0,0.125,1.0,0.5195195195195195,,,0.002109472950752256
vt_h4_c1,39,331,46,0.6521739130434783,0.6521739130434783,False,False,0.34782608695652173,0.9411764705882353,0.9411764705882353,0.6521739130434783,0.8823529411764706,0.8823529411764706,0.8478260869565217,0.582089552238806,0.8478260869565217,0.8913043478260869,0.41,0.8913043478260869,0.9130434782608695,0.25301204819277107,0.9130434782608695,0.6,0.75,0.75,0.09969788519637462,1.0,0.625,1.0,0.18126888217522658,1.0,0.3125,1.0,0.26586102719033233,1.0,0.20833333333333334,1.0,0.36555891238670696,1.0,0.125,1.0,0.5438066465256798,0.06668326693227092,0.07656691907562096,0.7391304347826086,0.7391304347826086,False,False,0.3695652173913043,1.0,1.0,0.7391304347826086,1.0,1.0,1.0,0.6865671641791045,1.0,1.0,0.46,1.0,1.0,0.27710843373493976,1.0,0.8,1.0,1.0,0.11178247734138973,1.0,0.625,1.0,0.17522658610271905,1.0,0.3125,1.0,0.27492447129909364,1.0,0.20833333333333334,1.0,0.37462235649546827,1.0,0.125,1.0,0.5619335347432024,0.0851593625498008,0.12925104512658117,0.7391304347826086,0.7391304347826086,False,False,0.3695652173913043,1.0,1.0,0.7391304347826086,1.0,1.0,1.0,0.6865671641791045,1.0,1.0,0.46,1.0,1.0,0.27710843373493976,1.0,0.8,1.0,1.0,0.10876132930513595,1.0,0.625,1.0,0.17220543806646527,1.0,0.3125,1.0,0.2719033232628399,1.0,0.20833333333333334,1.0,0.3474320241691843,1.0,0.125,1.0,0.5196374622356495,0.06733067729083665,0.16349864900718408,0.7391304347826086,0.7391304347826086,False,False,0.3695652173913043,1.0,1.0,0.7391304347826086,1.0,1.0,1.0,0.6865671641791045,1.0,1.0,0.46,1.0,1.0,0.27710843373493976,1.0,0.8,1.0,1.0,0.10876132930513595,1.0,0.625,1.0,0.17220543806646527,1.0,0.3125,1.0,0.2719033232628399,1.0,0.20833333333333334,1.0,0.3504531722054381,1.0,0.125,1.0,0.5226586102719033,,,0.001922476262885997
vt_h4_c1,40,332,47,0.6595744680851063,0.6595744680851063,False,False,0.3617021276595745,1.0,1.0,0.6595744680851063,0.9117647058823529,0.9117647058823529,0.851063829787234,0.5970149253731343,0.851063829787234,0.8723404255319149,0.41,0.8723404255319149,0.9148936170212766,0.25903614457831325,0.9148936170212766,0.8,1.0,1.0,0.11144578313253012,1.0,0.625,1.0,0.18674698795180722,1.0,0.3125,1.0,0.2921686746987952,1.0,0.20833333333333334,1.0,0.3795180722891566,1.0,0.125,1.0,0.5481927710843374,0.09141791044776118,0.12093916395060518,0.723404255319149,0.723404255319149,False,False,0.3617021276595745,1.0,1.0,0.723404255319149,1.0,1.0,0.9574468085106383,0.6716417910447762,0.9574468085106383,0.9574468085106383,0.45,0.9574468085106383,0.9787234042553191,0.27710843373493976,0.9787234042553191,0.8,1.0,1.0,0.11144578313253012,1.0,0.625,1.0,0.18072289156626506,1.0,0.3125,1.0,0.2680722891566265,1.0,0.20833333333333334,1.0,0.3674698795180723,1.0,0.125,1.0,0.5512048192771084,0.11017412935323385,0.16032641297556682,0.723404255319149,0.723404255319149,False,False,0.3617021276595745,1.0,1.0,0.723404255319149,1.0,1.0,1.0,0.7014925373134329,1.0,1.0,0.47,1.0,1.0,0.28313253012048195,1.0,0.8,1.0,1.0,0.11144578313253012,1.0,0.625,1.0,0.18072289156626506,1.0,0.3125,1.0,0.2680722891566265,1.0,0.20833333333333334,1.0,0.3493975903614458,1.0,0.125,1.0,0.5271084337349398,0.11907960199004977,0.19560346829911848,0.723404255319149,0.723404255319149,False,False,0.3617021276595745,1.0,1.0,0.723404255319149,1.0,1.0,1.0,0.7014925373134329,1.0,1.0,0.47,1.0,1.0,0.28313253012048195,1.0,0.8,1.0,1.0,0.11144578313253012,1.0,0.625,1.0,0.18072289156626506,1.0,0.3125,1.0,0.2680722891566265,1.0,0.20833333333333334,1.0,0.3493975903614458,1.0,0.125,1.0,0.5331325301204819,,,0.0016056934578223547
vt_h4_c1,41,333,48,0.6875,0.6875,False,False,0.3541666666666667,1.0,1.0,0.6875,0.9705882352941176,0.9705882352941176,0.8333333333333334,0.5970149253731343,0.8333333333333334,0.8541666666666666,0.41,0.8541666666666666,0.8541666666666666,0.24550898203592814,0.8541666666666666,0.8,1.0,1.0,0.11711711711711711,1.0,0.625,1.0,0.18618618618618618,1.0,0.3125,1.0,0.29429429429429427,1.0,0.20833333333333334,1.0,0.3783783783783784,1.0,0.125,1.0,0.5585585585585585,0.08487328405491026,0.12679794234867164,0.7083333333333334,0.7083333333333334,False,False,0.3541666666666667,1.0,1.0,0.7083333333333334,1.0,1.0,0.9583333333333334,0.6865671641791045,0.9583333333333334,1.0,0.48,1.0,1.0,0.2874251497005988,1.0,0.8,1.0,1.0,0.11711711711711711,1.0,0.625,1.0,0.1831831831831832,1.0,0.3125,1.0,0.2822822822822823,1.0,0.20833333333333334,1.0,0.3633633633633634,1.0,0.125,1.0,0.5525525525525525,0.14105068637803586,0.22182571655898325,0.7083333333333334,0.7083333333333334,False,False,0.3541666666666667,1.0,1.0,0.7083333333333334,1.0,1.0,1.0,0.7164179104477612,1.0,1.0,0.48,1.0,1.0,0.2874251497005988,1.0,0.8,1.0,1.0,0.11711711711711711,1.0,0.625,1.0,0.1831831831831832,1.0,0.3125,1.0,0.2702702702702703,1.0,0.20833333333333334,1.0,0.3483483483483483,1.0,0.125,1.0,0.5315315315315315,0.08951953537486801,0.17442295960443827,0.7083333333333334,0.7083333333333334,False,False,0.3541666666666667,1.0,1.0,0.7083333333333334,1.0,1.0,1.0,0.7164179104477612,1.0,1.0,0.48,1.0,1.0,0.2874251497005988,1.0,0.8,1.0,1.0,0.11711711711711711,1.0,0.625,1.0,0.1891891891891892,1.0,0.3125,1.0,0.2732732732732733,1.0,0.20833333333333334,1.0,0.3483483483483483,1.0,0.125,1.0,0.5315315315315315,,,0.004499878322217432
vt_h4_c1,42,329,44,0.6363636363636364,0.6363636363636364,False,False,0.36363636363636365,0.9411764705882353,0.9411764705882353,0.6363636363636364,0.8484848484848485,0.8484848484848485,0.8409090909090909,0.5606060606060606,0.8409090909090909,0.8863636363636364,0.3939393939393939,0.8863636363636364,0.9090909090909091,0.24242424242424243,0.9090909090909091,0.6,0.75,0.75,0.0972644376899696,1.0,0.625,1.0,0.17325227963525835,1.0,0.3125,1.0,0.2613981762917933,1.0,0.20833333333333334,1.0,0.364741641337386,1.0,0.125,1.0,0.5562310030395137,0.04783037475345168,0.08764524440493175,0.75,0.75,False,False,0.38636363636363635,1.0,1.0,0.75,1.0,1.0,0.9772727272727273,0.6515151515151515,0.9772727272727273,1.0,0.4444444444444444,1.0,1.0,0.26666666666666666,1.0,0.8,1.0,1.0,0.1094224924012158,1.0,0.625,1.0,0.17325227963525835,1.0,0.3125,1.0,0.2735562310030395,1.0,0.20833333333333334,1.0,0.3677811550151976,1.0,0.125,1.0,0.5501519756838906,0.11301775147928991,0.16997235469294353,0.75,0.75,False,False,0.38636363636363635,1.0,1.0,0.75,1.0,1.0,1.0,0.6666666666666666,1.0,1.0,0.4444444444444444,1.0,1.0,0.26666666666666666,1.0,0.8,1.0,1.0,0.1033434650455927,1.0,0.625,1.0,0.17933130699088146,1.0,0.3125,1.0,0.2674772036474164,1.0,0.20833333333333334,1.0,0.3495440729483283,1.0,0.125,1.0,0.5167173252279635,0.0381163708086785,0.16295440530467503,0.75,0.75,False,False,0.38636363636363635,1.0,1.0,0.75,1.0,1.0,1.0,0.6666666666666666,1.0,1.0,0.4444444444444444,1.0,1.0,0.26666666666666666,1.0,0.8,1.0,1.0,0.1033434650455927,1.0,0.625,1.0,0.17933130699088146,1.0,0.3125,1.0,0.2674772036474164,1.0,0.20833333333333334,1.0,0.3525835866261398,1.0,0.125,1.0,0.5167173252279635,,,0.0012926427305788302
vt_h4_c1,43,333,48,0.6458333333333334,0.6458333333333334,False,False,0.3333333333333333,0.9411764705882353,0.9411764705882353,0.6458333333333334,0.9117647058823529,0.9117647058823529,0.875,0.6268656716417911,0.875,0.9166666666666666,0.44,0.9166666666666666,0.9375,0.2694610778443114,0.9375,0.6,0.75,0.75,0.0990990990990991,1.0,0.625,1.0,0.17717717717717718,1.0,0.3125,1.0,0.27627627627627627,1.0,0.20833333333333334,1.0,0.3663663663663664,1.0,0.125,1.0,0.5465465465465466,0.07595602294455066,0.09341464339949705,0.7083333333333334,0.7083333333333334,False,False,0.3541666666666667,1.0,1.0,0.7083333333333334,1.0,1.0,1.0,0.7164179104477612,1.0,1.0,0.48,1.0,1.0,0.2874251497005988,1.0,0.8,1.0,1.0,0.11411411411411411,1.0,0.625,1.0,0.17717717717717718,1.0,0.3125,1.0,0.27627627627627627,1.0,0.20833333333333334,1.0,0.37537537537537535,1.0,0.125,1.0,0.5525525525525525,0.07026768642447417,0.08655337674264088,0.7083333333333334,0.7083333333333334,False,False,0.3541666666666667,1.0,1.0,0.7083333333333334,1.0,1.0,1.0,0.7164179104477612,1.0,1.0,0.48,1.0,1.0,0.2874251497005988,1.0,0.8,1.0,1.0,0.11411411411411411,1.0,0.625,1.0,0.1831831831831832,1.0,0.3125,1.0,0.2822822822822823,1.0,0.20833333333333334,1.0,0.35735735735735735,1.0,0.125,1.0,0.5225225225225225,0.07404397705544932,0.17171680076072587,0.7083333333333334,0.7083333333333334,False,False,0.3541666666666667,1.0,1.0,0.7083333333333334,1.0,1.0,1.0,0.7164179104477612,1.0,1.0,0.48,1.0,1.0,0.2874251497005988,1.0,0.8,1.0,1.0,0.11411411411411411,1.0,0.625,1.0,0.1891891891891892,1.0,0.3125,1.0,0.2822822822822823,1.0,0.20833333333333334,1.0,0.35735735735735735,1.0,0.125,1.0,0.5255255255255256,,,0.002590220649899777
vt_h4_c1,44,333,48,0.6666666666666666,0.6666666666666666,False,False,0.3333333333333333,0.9411764705882353,0.9411764705882353,0.6666666666666666,0.9411764705882353,0.9411764705882353,0.8541666666666666,0.6119402985074627,0.8541666666666666,0.875,0.42,0.875,0.8958333333333334,0.25748502994011974,0.8958333333333334,0.8,1.0,1.0,0.11711711711711711,1.0,0.625,1.0,0.17717717717717718,1.0,0.3125,1.0,0.2732732732732733,1.0,0.20833333333333334,1.0,0.37237237237237236,1.0,0.125,1.0,0.5465465465465466,0.04583832335329341,0.07243862499006704,0.7083333333333334,0.7083333333333334,False,False,0.3541666666666667,1.0,1.0,0.7083333333333334,1.0,1.0,0.9583333333333334,0.6865671641791045,0.9583333333333334,0.9583333333333334,0.46,0.9583333333333334,0.9583333333333334,0.2754491017964072,0.9583333333333334,0.8,1.0,1.0,0.11711711711711711,1.0,0.625,1.0,0.17717717717717718,1.0,0.3125,1.0,0.2732732732732733,1.0,0.20833333333333334,1.0,0.3483483483483483,1.0,0.125,1.0,0.5315315315315315,0.07158682634730539,0.09492981391329651,0.7083333333333334,0.7083333333333334,False,False,0.3541666666666667,1.0,1.0,0.7083333333333334,1.0,1.0,1.0,0.7164179104477612,1.0,1.0,0.48,1.0,1.0,0.2874251497005988,1.0,0.8,1.0,1.0,0.11711711711711711,1.0,0.625,1.0,0.1831831831831832,1.0,0.3125,1.0,0.27627627627627627,1.0,0.20833333333333334,1.0,0.35435435435435436,1.0,0.125,1.0,0.5165165165165165,0.07038922155688623,0.17306165221267797,0.7083333333333334,0.7083333333333334,False,False,0.3541666666666667,1.0,1.0,0.7083333333333334,1.0,1.0,1.0,0.7164179104477612,1.0,1.0,0.48,1.0,1.0,0.2874251497005988,1.0,0.8,1.0,1.0,0.11711711711711711,1.0,0.625,1.0,0.1831831831831832,1.0,0.3125,1.0,0.27627627627627627,1.0,0.20833333333333334,1.0,0.35435435435435436,1.0,0.125,1.0,0.5195195195195195,,,0.001842828162888388
vt_h4_c1,45,333,48,0.6875,0.6875,False,False,0.3541666666666667,1.0,1.0,0.6875,0.9705882352941176,0.9705882352941176,0.875,0.6268656716417911,0.875,0.8958333333333334,0.43,0.8958333333333334,0.9166666666666666,0.2634730538922156,0.9166666666666666,0.8,1.0,1.0,0.11711711711711711,1.0,0.625,1.0,0.1831831831831832,1.0,0.3125,1.0,0.27927927927927926,1.0,0.20833333333333334,1.0,0.3663663663663664,1.0,0.125,1.0,0.5495495495495496,0.07019230769230769,0.10322921949746648,0.7083333333333334,0.7083333333333334,False,False,0.3541666666666667,1.0,1.0,0.7083333333333334,1.0,1.0,0.9791666666666666,0.7014925373134329,0.9791666666666666,1.0,0.48,1.0,1.0,0.2874251497005988,1.0,0.8,1.0,1.0,0.11711711711711711,1.0,0.625,1.0,0.17717717717717718,1.0,0.3125,1.0,0.26426426426426425,1.0,0.20833333333333334,1.0,0.35135135135135137,1.0,0.125,1.0,0.5375375375375375,0.11963562753036436,0.17023528329641682,0.7083333333333334,0.7083333333333334,False,False,0.3541666666666667,1.0,1.0,0.7083333333333334,1.0,1.0,1.0,0.7164179104477612,1.0,1.0,0.48,1.0,1.0,0.2874251497005988,1.0,0.8,1.0,1.0,0.1111111111111111,1.0,0.625,1.0,0.1891891891891892,1.0,0.3125,1.0,0.27927927927927926,1.0,0.20833333333333334,1.0,0.36036036036036034,1.0,0.125,1.0,0.5345345345345346,0.12641700404858297,0.19785888457688433,0.7083333333333334,0.7083333333333334,False,False,0.3541666666666667,1.0,1.0,0.7083333333333334,1.0,1.0,1.0,0.7164179104477612,1.0,1.0,0.48,1.0,1.0,0.2874251497005988,1.0,0.8,1.0,1.0,0.1111111111111111,1.0,0.625,1.0,0.1891891891891892,1.0,0.3125,1.0,0.27927927927927926,1.0,0.20833333333333334,1.0,0.36036036036036034,1.0,0.125,1.0,0.5345345345345346,,,0.0016371432604884717
vt_h4_c1,46,332,47,0.723404255319149,0.723404255319149,False,False,0.3617021276595745,1.0,1.0,0.723404255319149,1.0,1.0,0.8723404255319149,0.6119402985074627,0.8723404255319149,0.9361702127659575,0.44,0.9361702127659575,0.9361702127659575,0.26506024096385544,0.9361702127659575,0.8,1.0,1.0,0.11144578313253012,1.0,0.625,1.0,0.1746987951807229,1.0,0.3125,1.0,0.2891566265060241,1.0,0.20833333333333334,1.0,0.3885542168674699,1.0,0.125,1.0,0.5542168674698795,0.10883742911153119,0.1639217795716657,0.723404255319149,0.723404255319149,False,False,0.3617021276595745,1.0,1.0,0.723404255319149,1.0,1.0,1.0,0.7014925373134329,1.0,1.0,0.47,1.0,1.0,0.28313253012048195,1.0,0.8,1.0,1.0,0.11144578313253012,1.0,0.625,1.0,0.18072289156626506,1.0,0.3125,1.0,0.2740963855421687,1.0,0.20833333333333334,1.0,0.3644578313253012,1.0,0.125,1.0,0.5421686746987951,0.13331758034026464,0.2076437756183574,0.723404255319149,0.723404255319149,False,False,0.3617021276595745,1.0,1.0,0.723404255319149,1.0,1.0,1.0,0.7014925373134329,1.0,1.0,0.47,1.0,1.0,0.28313253012048195,1.0,0.8,1.0,1.0,0.11144578313253012,1.0,0.625,1.0,0.18674698795180722,1.0,0.3125,1.0,0.26506024096385544,1.0,0.20833333333333334,1.0,0.3433734939759036,1.0,0.125,1.0,0.5150602409638554,0.060538752362948964,0.17222244307323525,0.723404255319149,0.723404255319149,False,False,0.3617021276595745,1.0,1.0,0.723404255319149,1.0,1.0,1.0,0.7014925373134329,1.0,1.0,0.47,1.0,1.0,0.28313253012048195,1.0,0.8,1.0,1.0,0.1144578313253012,1.0,0.625,1.0,0.18674698795180722,1.0,0.3125,1.0,0.26506024096385544,1.0,0.20833333333333334,1.0,0.3493975903614458,1.0,0.125,1.0,0.5210843373493976,,,0.001795049645528124
vt_h4_c1,47,329,44,0.7272727272727273,0.7272727272727273,False,False,0.38636363636363635,1.0,1.0,0.7272727272727273,0.9696969696969697,0.9696969696969697,0.7954545454545454,0.5303030303030303,0.7954545454545454,0.8181818181818182,0.36363636363636365,0.8181818181818182,0.8636363636363636,0.23030303030303031,0.8636363636363636,0.8,1.0,1.0,0.10638297872340426,1.0,0.625,1.0,0.1702127659574468,1.0,0.3125,1.0,0.2735562310030395,1.0,0.20833333333333334,1.0,0.3738601823708207,1.0,0.125,1.0,0.5531914893617021,0.09176557863501485,0.13360680901368654,0.75,0.75,False,False,0.38636363636363635,1.0,1.0,0.75,1.0,1.0,0.9318181818181818,0.6212121212121212,0.9318181818181818,0.9545454545454546,0.42424242424242425,0.9545454545454546,0.9545454545454546,0.2545454545454545,0.9545454545454546,0.8,1.0,1.0,0.10638297872340426,1.0,0.625,1.0,0.17325227963525835,1.0,0.3125,1.0,0.2674772036474164,1.0,0.20833333333333334,1.0,0.3738601823708207,1.0,0.125,1.0,0.541033434650456,0.07485163204747773,0.11092929563112215,0.75,0.75,False,False,0.38636363636363635,1.0,1.0,0.75,1.0,1.0,1.0,0.6666666666666666,1.0,1.0,0.4444444444444444,1.0,1.0,0.26666666666666666,1.0,0.8,1.0,1.0,0.10638297872340426,1.0,0.625,1.0,0.17933130699088146,1.0,0.3125,1.0,0.2613981762917933,1.0,0.20833333333333334,1.0,0.3343465045592705,1.0,0.125,1.0,0.49848024316109424,0.05210187932739861,0.17892556328489748,0.75,0.75,False,False,0.38636363636363635,1.0,1.0,0.75,1.0,1.0,1.0,0.6666666666666666,1.0,1.0,0.4444444444444444,1.0,1.0,0.26666666666666666,1.0,0.8,1.0,1.0,0.10638297872340426,1.0,0.625,1.0,0.17933130699088146,1.0,0.3125,1.0,0.2613981762917933,1.0,0.20833333333333334,1.0,0.3404255319148936,1.0,0.125,1.0,0.5045592705167173,,,0.00423909214648166
vt_h4_c1,48,331,46,0.6956521739130435,0.6956521739130435,False,False,0.34782608695652173,0.9411764705882353,0.9411764705882353,0.6956521739130435,0.9411764705882353,0.9411764705882353,0.8695652173913043,0.5970149253731343,0.8695652173913043,0.8913043478260869,0.41,0.8913043478260869,0.9782608695652174,0.2710843373493976,0.9782608695652174,0.8,1.0,1.0,0.11178247734138973,1.0,0.625,1.0,0.17220543806646527,1.0,0.3125,1.0,0.2719033232628399,1.0,0.20833333333333334,1.0,0.36555891238670696,1.0,0.125,1.0,0.552870090634441,0.10818756073858116,0.17242949649175549,0.7391304347826086,0.7391304347826086,False,False,0.3695652173913043,1.0,1.0,0.7391304347826086,1.0,1.0,1.0,0.6865671641791045,1.0,1.0,0.46,1.0,1.0,0.27710843373493976,1.0,0.8,1.0,1.0,0.11178247734138973,1.0,0.625,1.0,0.1782477341389728,1.0,0.3125,1.0,0.2688821752265861,1.0,0.20833333333333334,1.0,0.36253776435045315,1.0,0.125,1.0,0.552870090634441,0.07242468415937803,0.10067108334555872,0.7391304347826086,0.7391304347826086,False,False,0.3695652173913043,1.0,1.0,0.7391304347826086,1.0,1.0,1.0,0.6865671641791045,1.0,1.0,0.46,1.0,1.0,0.27710843373493976,1.0,0.8,1.0,1.0,0.10876132930513595,1.0,0.625,1.0,0.18429003021148035,1.0,0.3125,1.0,0.2688821752265861,1.0,0.20833333333333334,1.0,0.3504531722054381,1.0,0.125,1.0,0.5226586102719033,0.07514577259475219,0.16595484204301117,0.7391304347826086,0.7391304347826086,False,False,0.3695652173913043,1.0,1.0,0.7391304347826086,1.0,1.0,1.0,0.6865671641791045,1.0,1.0,0.46,1.0,1.0,0.27710843373493976,1.0,0.8,1.0,1.0,0.10876132930513595,1.0,0.625,1.0,0.18429003021148035,1.0,0.3125,1.0,0.2688821752265861,1.0,0.20833333333333334,1.0,0.35347432024169184,1.0,0.125,1.0,0.525679758308157,,,0.002472307958893527
vt_h4_c1,49,332,47,0.6382978723404256,0.6382978723404256,False,False,0.3404255319148936,0.9411764705882353,0.9411764705882353,0.6382978723404256,0.8823529411764706,0.8823529411764706,0.7872340425531915,0.5522388059701493,0.7872340425531915,0.8936170212765957,0.42,0.8936170212765957,0.9148936170212766,0.25903614457831325,0.9148936170212766,0.6,0.75,0.75,0.09939759036144578,1.0,0.625,1.0,0.17771084337349397,1.0,0.3125,1.0,0.28313253012048195,1.0,0.20833333333333334,1.0,0.37349397590361444,1.0,0.125,1.0,0.5602409638554217,0.15641242937853103,0.23855122762114173,0.723404255319149,0.723404255319149,False,False,0.3617021276595745,1.0,1.0,0.723404255319149,1.0,1.0,0.9787234042553191,0.6865671641791045,0.9787234042553191,1.0,0.47,1.0,1.0,0.28313253012048195,1.0,0.8,1.0,1.0,0.1144578313253012,1.0,0.625,1.0,0.1746987951807229,1.0,0.3125,1.0,0.27710843373493976,1.0,0.20833333333333334,1.0,0.3644578313253012,1.0,0.125,1.0,0.5572289156626506,0.137090395480226,0.20860770389075317,0.723404255319149,0.723404255319149,False,False,0.3617021276595745,1.0,1.0,0.723404255319149,1.0,1.0,1.0,0.7014925373134329,1.0,1.0,0.47,1.0,1.0,0.28313253012048195,1.0,0.8,1.0,1.0,0.1144578313253012,1.0,0.625,1.0,0.18072289156626506,1.0,0.3125,1.0,0.2740963855421687,1.0,0.20833333333333334,1.0,0.35240963855421686,1.0,0.125,1.0,0.5150602409638554,0.11872881355932201,0.19813664244069754,0.723404255319149,0.723404255319149,False,False,0.3617021276595745,1.0,1.0,0.723404255319149,1.0,1.0,1.0,0.7014925373134329,1.0,1.0,0.47,1.0,1.0,0.28313253012048195,1.0,0.8,1.0,1.0,0.1144578313253012,1.0,0.625,1.0,0.18072289156626506,1.0,0.3125,1.0,0.2740963855421687,1.0,0.20833333333333334,1.0,0.35240963855421686,1.0,0.125,1.0,0.5150602409638554,,,0.004116206561000979
vt_h4_c1,50,335,50,0.64,0.64,False,False,0.32,0.9411764705882353,0.9411764705882353,0.64,0.9411764705882353,0.9411764705882353,0.9,0.6716417910447762,0.9,0.9,0.44554455445544555,0.9,0.92,0.27380952380952384,0.92,0.6,0.75,0.75,0.10149253731343283,1.0,0.625,1.0,0.18208955223880596,1.0,0.3125,1.0,0.2746268656716418,1.0,0.20833333333333334,1.0,0.36716417910447763,1.0,0.125,1.0,0.5462686567164179,0.08743414120126447,0.13347818005771084,0.68,0.68,False,False,0.34,1.0,1.0,0.68,1.0,1.0,1.0,0.746268656716418,1.0,1.0,0.49504950495049505,1.0,1.0,0.2976190476190476,1.0,0.8,1.0,1.0,0.11641791044776119,1.0,0.625,1.0,0.18208955223880596,1.0,0.3125,1.0,0.2716417910447761,1.0,0.20833333333333334,1.0,0.3641791044776119,1.0,0.125,1.0,0.5522388059701493,0.1147787144362487,0.17376097726441692,0.68,0.68,False,False,0.34,1.0,1.0,0.68,1.0,1.0,1.0,0.746268656716418,1.0,1.0,0.49504950495049505,1.0,1.0,0.2976190476190476,1.0,0.8,1.0,1.0,0.11940298507462686,1.0,0.625,1.0,0.19402985074626866,1.0,0.3125,1.0,0.28059701492537314,1.0,0.20833333333333334,1.0,0.3611940298507463,1.0,0.125,1.0,0.5253731343283582,0.04328240252897787,0.15208272899091504,0.68,0.68,False,False,0.34,1.0,1.0,0.68,1.0,1.0,1.0,0.746268656716418,1.0,1.0,0.49504950495049505,1.0,1.0,0.2976190476190476,1.0,0.8,1.0,1.0,0.11940298507462686,1.0,0.625,1.0,0.19402985074626866,1.0,0.3125,1.0,0.28059701492537314,1.0,0.20833333333333334,1.0,0.3641791044776119,1.0,0.125,1.0,0.5223880597014925,,,0.0030017303090792424
vt_h4_c1,51,329,44,0.6818181818181818,0.6818181818181818,False,False,0.36363636363636365,0.9411764705882353,0.9411764705882353,0.6818181818181818,0.9090909090909091,0.9090909090909091,0.8409090909090909,0.5606060606060606,0.8409090909090909,0.8636363636363636,0.3838383838383838,0.8636363636363636,0.9090909090909091,0.24242424242424243,0.9090909090909091,0.8,1.0,1.0,0.10638297872340426,1.0,0.625,1.0,0.17325227963525835,1.0,0.3125,1.0,0.26443768996960487,1.0,0.20833333333333334,1.0,0.3677811550151976,1.0,0.125,1.0,0.5531914893617021,0.0301490514905149,0.054240889817950166,0.75,0.75,False,False,0.38636363636363635,1.0,1.0,0.75,1.0,1.0,1.0,0.6666666666666666,1.0,1.0,0.4444444444444444,1.0,1.0,0.26666666666666666,1.0,0.8,1.0,1.0,0.10638297872340426,1.0,0.625,1.0,0.1702127659574468,1.0,0.3125,1.0,0.26443768996960487,1.0,0.20833333333333334,1.0,0.3738601823708207,1.0,0.125,1.0,0.5623100303951368,0.025,0.05096164696682663,0.75,0.75,False,False,0.38636363636363635,1.0,1.0,0.75,1.0,1.0,1.0,0.6666666666666666,1.0,1.0,0.4444444444444444,1.0,1.0,0.26666666666666666,1.0,0.8,1.0,1.0,0.1033434650455927,1.0,0.625,1.0,0.17933130699088146,1.0,0.3125,1.0,0.270516717325228,1.0,0.20833333333333334,1.0,0.3525835866261398,1.0,0.125,1.0,0.5288753799392097,0.05783649503161696,0.15546416246884281,0.75,0.75,False,False,0.38636363636363635,1.0,1.0,0.75,1.0,1.0,1.0,0.6666666666666666,1.0,1.0,0.4444444444444444,1.0,1.0,0.26666666666666666,1.0,0.8,1.0,1.0,0.10638297872340426,1.0,0.625,1.0,0.17933130699088146,1.0,0.3125,1.0,0.2735562310030395,1.0,0.20833333333333334,1.0,0.3556231003039514,1.0,0.125,1.0,0.5288753799392097,,,0.003600127851763446
vt_h4_c1,52,333,48,0.7083333333333334,0.7083333333333334,False,False,0.3541666666666667,1.0,1.0,0.7083333333333334,1.0,1.0,0.8958333333333334,0.6417910447761194,0.8958333333333334,0.9166666666666666,0.44,0.9166666666666666,0.9583333333333334,0.2754491017964072,0.9583333333333334,0.8,1.0,1.0,0.11411411411411411,1.0,0.625,1.0,0.1831831831831832,1.0,0.3125,1.0,0.2702702702702703,1.0,0.20833333333333334,1.0,0.3783783783783784,1.0,0.125,1.0,0.5615615615615616,0.040251141552511416,0.06066204221535922,0.7083333333333334,0.7083333333333334,False,False,0.3541666666666667,1.0,1.0,0.7083333333333334,1.0,1.0,1.0,0.7164179104477612,1.0,1.0,0.48,1.0,1.0,0.2874251497005988,1.0,0.8,1.0,1.0,0.11411411411411411,1.0,0.625,1.0,0.1831831831831832,1.0,0.3125,1.0,0.27627627627627627,1.0,0.20833333333333334,1.0,0.36036036036036034,1.0,0.125,1.0,0.5375375375375375,0.06244292237442922,0.07987434731260683,0.7083333333333334,0.7083333333333334,False,False,0.3541666666666667,1.0,1.0,0.7083333333333334,1.0,1.0,1.0,0.7164179104477612,1.0,1.0,0.48,1.0,1.0,0.2874251497005988,1.0,0.8,1.0,1.0,0.11411411411411411,1.0,0.625,1.0,0.1831831831831832,1.0,0.3125,1.0,0.2672672672672673,1.0,0.20833333333333334,1.0,0.34234234234234234,1.0,0.125,1.0,0.5225225225225225,0.04358447488584475,0.16763349862499105,0.7083333333333334,0.7083333333333334,False,False,0.3541666666666667,1.0,1.0,0.7083333333333334,1.0,1.0,1.0,0.7164179104477612,1.0,1.0,0.48,1.0,1.0,0.2874251497005988,1.0,0.8,1.0,1.0,0.11411411411411411,1.0,0.625,1.0,0.1831831831831832,1.0,0.3125,1.0,0.2702702702702703,1.0,0.20833333333333334,1.0,0.3483483483483483,1.0,0.125,1.0,0.5255255255255256,,,0.0022262631051508386
vt_h4_c1,53,333,48,0.6458333333333334,0.6458333333333334,False,False,0.3333333333333333,0.9411764705882353,0.9411764705882353,0.6458333333333334,0.9117647058823529,0.9117647058823529,0.8333333333333334,0.5970149253731343,0.8333333333333334,0.875,0.42,0.875,0.9166666666666666,0.2634730538922156,0.9166666666666666,0.8,1.0,1.0,0.11711711711711711,1.0,0.625,1.0,0.1831831831831832,1.0,0.3125,1.0,0.2852852852852853,1.0,0.20833333333333334,1.0,0.36936936936936937,1.0,0.125,1.0,0.5525525525525525,0.11652380952380954,0.1628709873030244,0.7083333333333334,0.7083333333333334,False,False,0.3541666666666667,1.0,1.0,0.7083333333333334,1.0,1.0,1.0,0.7164179104477612,1.0,1.0,0.48,1.0,1.0,0.2874251497005988,1.0,0.8,1.0,1.0,0.11711711711711711,1.0,0.625,1.0,0.1831831831831832,1.0,0.3125,1.0,0.27927927927927926,1.0,0.20833333333333334,1.0,0.3663663663663664,1.0,0.125,1.0,0.5525525525525525,0.09376190476190474,0.13610178956053826,0.7083333333333334,0.7083333333333334,False,False,0.3541666666666667,1.0,1.0,0.7083333333333334,1.0,1.0,1.0,0.7164179104477612,1.0,1.0,0.48,1.0,1.0,0.2874251497005988,1.0,0.8,1.0,1.0,0.11711711711711711,1.0,0.625,1.0,0.1831831831831832,1.0,0.3125,1.0,0.2822822822822823,1.0,0.20833333333333334,1.0,0.3633633633633634,1.0,0.125,1.0,0.5255255255255256,0.1279047619047619,0.20753187956218735,0.7083333333333334,0.7083333333333334,False,False,0.3541666666666667,1.0,1.0,0.7083333333333334,1.0,1.0,1.0,0.7164179104477612,1.0,1.0,0.48,1.0,1.0,0.2874251497005988,1.0,0.8,1.0,1.0,0.11711711711711711,1.0,0.625,1.0,0.1831831831831832,1.0,0.3125,1.0,0.2822822822822823,1.0,0.20833333333333334,1.0,0.3633633633633634,1.0,0.125,1.0,0.5315315315315315,,,0.004041092737972152
vt_h4_c1,54,330,45,0.7333333333333333,0.7333333333333333,False,False,0.37777777777777777,1.0,1.0,0.7333333333333333,1.0,1.0,0.9111111111111111,0.6212121212121212,0.9111111111111111,0.9555555555555556,0.43434343434343436,0.9555555555555556,0.9777777777777777,0.26666666666666666,0.9777777777777777,0.8,1.0,1.0,0.10909090909090909,1.0,0.625,1.0,0.17575757575757575,1.0,0.3125,1.0,0.2727272727272727,1.0,0.20833333333333334,1.0,0.3606060606060606,1.0,0.125,1.0,0.5424242424242425,0.06824055666003977,0.0878039231726743,0.7111111111111111,0.7111111111111111,False,False,0.37777777777777777,1.0,1.0,0.7111111111111111,0.9696969696969697,0.9696969696969697,0.9777777777777777,0.6666666666666666,0.9777777777777777,0.9777777777777777,0.4444444444444444,0.9777777777777777,1.0,0.2727272727272727,1.0,0.8,1.0,1.0,0.10909090909090909,1.0,0.625,1.0,0.1696969696969697,1.0,0.3125,1.0,0.2636363636363636,1.0,0.20833333333333334,1.0,0.35454545454545455,1.0,0.125,1.0,0.5363636363636364,0.08961232604373756,0.1220817725549987,0.7333333333333333,0.7333333333333333,False,False,0.37777777777777777,1.0,1.0,0.7333333333333333,1.0,1.0,1.0,0.6818181818181818,1.0,1.0,0.45454545454545453,1.0,1.0,0.2727272727272727,1.0,0.8,1.0,1.0,0.11212121212121212,1.0,0.625,1.0,0.1696969696969697,1.0,0.3125,1.0,0.2636363636363636,1.0,0.20833333333333334,1.0,0.3484848484848485,1.0,0.125,1.0,0.5181818181818182,0.04030815109343936,0.17151158655239235,0.7333333333333333,0.7333333333333333,False,False,0.37777777777777777,1.0,1.0,0.7333333333333333,1.0,1.0,1.0,0.6818181818181818,1.0,1.0,0.45454545454545453,1.0,1.0,0.2727272727272727,1.0,0.8,1.0,1.0,0.11212121212121212,1.0,0.625,1.0,0.1696969696969697,1.0,0.3125,1.0,0.2636363636363636,1.0,0.20833333333333334,1.0,0.3484848484848485,1.0,0.125,1.0,0.5181818181818182,,,0.0034578580195034903
vt_h4_c1,55,334,49,0.6938775510204082,0.6938775510204082,False,False,0.3469387755102041,1.0,1.0,0.6938775510204082,1.0,1.0,0.8571428571428571,0.6268656716417911,0.8571428571428571,0.8571428571428571,0.4158415841584158,0.8571428571428571,0.8571428571428571,0.25149700598802394,0.8571428571428571,0.8,1.0,1.0,0.11676646706586827,1.0,0.625,1.0,0.18263473053892215,1.0,0.3125,1.0,0.2874251497005988,1.0,0.20833333333333334,1.0,0.38023952095808383,1.0,0.125,1.0,0.5598802395209581,0.05885416666666669,0.07928753051091739,0.6938775510204082,0.6938775510204082,False,False,0.3469387755102041,1.0,1.0,0.6938775510204082,1.0,1.0,0.9591836734693877,0.7014925373134329,0.9591836734693877,0.9591836734693877,0.46534653465346537,0.9591836734693877,0.9795918367346939,0.2874251497005988,0.9795918367346939,0.8,1.0,1.0,0.11676646706586827,1.0,0.625,1.0,0.18562874251497005,1.0,0.3125,1.0,0.27844311377245506,1.0,0.20833333333333334,1.0,0.36227544910179643,1.0,0.125,1.0,0.5479041916167665,0.07536458333333333,0.1044062657650282,0.6938775510204082,0.6938775510204082,False,False,0.3469387755102041,1.0,1.0,0.6938775510204082,1.0,1.0,1.0,0.7313432835820896,1.0,1.0,0.48514851485148514,1.0,1.0,0.2934131736526946,1.0,0.8,1.0,1.0,0.11676646706586827,1.0,0.625,1.0,0.18562874251497005,1.0,0.3125,1.0,0.27245508982035926,1.0,0.20833333333333334,1.0,0.344311377245509,1.0,0.125,1.0,0.5089820359281437,0.07635416666666665,0.1800554177129916,0.6938775510204082,0.6938775510204082,False,False,0.3469387755102041,1.0,1.0,0.6938775510204082,1.0,1.0,1.0,0.7313432835820896,1.0,1.0,0.48514851485148514,1.0,1.0,0.2934131736526946,1.0,0.8,1.0,1.0,0.11676646706586827,1.0,0.625,1.0,0.18562874251497005,1.0,0.3125,1.0,0.27245508982035926,1.0,0.20833333333333334,1.0,0.3502994011976048,1.0,0.125,1.0,0.5089820359281437,,,0.0016831467595234129
vt_h4_c1,56,333,48,0.6458333333333334,0.6458333333333334,False,False,0.3125,0.8823529411764706,0.8823529411764706,0.6458333333333334,0.9117647058823529,0.9117647058823529,0.7708333333333334,0.5522388059701493,0.7708333333333334,0.8541666666666666,0.41,0.8541666666666666,0.8958333333333334,0.25748502994011974,0.8958333333333334,0.6,0.75,0.75,0.0990990990990991,1.0,0.625,1.0,0.1831831831831832,1.0,0.3125,1.0,0.27927927927927926,1.0,0.20833333333333334,1.0,0.37537537537537535,1.0,0.125,1.0,0.5585585585585585,0.1296248715313464,0.19161861886759612,0.6875,0.6875,False,False,0.3333333333333333,0.9411764705882353,0.9411764705882353,0.6875,0.9705882352941176,0.9705882352941176,0.9791666666666666,0.7014925373134329,0.9791666666666666,1.0,0.48,1.0,1.0,0.2874251497005988,1.0,0.8,1.0,1.0,0.11411411411411411,1.0,0.625,1.0,0.1891891891891892,1.0,0.3125,1.0,0.2822822822822823,1.0,0.20833333333333334,1.0,0.35735735735735735,1.0,0.125,1.0,0.5435435435435435,0.08378725590955807,0.10253372031986667,0.7083333333333334,0.7083333333333334,False,False,0.3541666666666667,1.0,1.0,0.7083333333333334,1.0,1.0,1.0,0.7164179104477612,1.0,1.0,0.48,1.0,1.0,0.2874251497005988,1.0,0.8,1.0,1.0,0.11411411411411411,1.0,0.625,1.0,0.1831831831831832,1.0,0.3125,1.0,0.27927927927927926,1.0,0.20833333333333334,1.0,0.36036036036036034,1.0,0.125,1.0,0.5225225225225225,0.07977903391572456,0.18562650719693252,0.7083333333333334,0.7083333333333334,False,False,0.3541666666666667,1.0,1.0,0.7083333333333334,1.0,1.0,1.0,0.7164179104477612,1.0,1.0,0.48,1.0,1.0,0.2874251497005988,1.0,0.8,1.0,1.0,0.11411411411411411,1.0,0.625,1.0,0.1831831831831832,1.0,0.3125,1.0,0.27927927927927926,1.0,0.20833333333333334,1.0,0.36036036036036034,1.0,0.125,1.0,0.5225225225225225,,,0.0018147651073400217
vt_h4_c1,57,333,48,0.625,0.625,False,False,0.3333333333333333,0.9411764705882353,0.9411764705882353,0.625,0.8823529411764706,0.8823529411764706,0.8125,0.582089552238806,0.8125,0.8958333333333334,0.43,0.8958333333333334,0.9375,0.2694610778443114,0.9375,0.8,1.0,1.0,0.11411411411411411,1.0,0.625,1.0,0.18618618618618618,1.0,0.3125,1.0,0.27627627627627627,1.0,0.20833333333333334,1.0,0.3633633633633634,1.0,0.125,1.0,0.5525525525525525,0.030222734254992323,0.06744984874834979,0.7083333333333334,0.7083333333333334,False,False,0.3541666666666667,1.0,1.0,0.7083333333333334,1.0,1.0,0.9166666666666666,0.6567164179104478,0.9166666666666666,0.9375,0.45,0.9375,0.9375,0.2694610778443114,0.9375,0.8,1.0,1.0,0.11411411411411411,1.0,0.625,1.0,0.18618618618618618,1.0,0.3125,1.0,0.2732732732732733,1.0,0.20833333333333334,1.0,0.36036036036036034,1.0,0.125,1.0,0.5465465465465466,0.025,0.05850697858477714,0.7083333333333334,0.7083333333333334,False,False,0.3541666666666667,1.0,1.0,0.7083333333333334,1.0,1.0,1.0,0.7164179104477612,1.0,1.0,0.48,1.0,1.0,0.2874251497005988,1.0,0.8,1.0,1.0,0.11411411411411411,1.0,0.625,1.0,0.1831831831831832,1.0,0.3125,1.0,0.27627627627627627,1.0,0.20833333333333334,1.0,0.35735735735735735,1.0,0.125,1.0,0.5405405405405406,0.07139016897081416,0.16089379274569587,0.7083333333333334,0.7083333333333334,False,False,0.3541666666666667,1.0,1.0,0.7083333333333334,1.0,1.0,1.0,0.7164179104477612,1.0,1.0,0.48,1.0,1.0,0.2874251497005988,1.0,0.8,1.0,1.0,0.11411411411411411,1.0,0.625,1.0,0.1831831831831832,1.0,0.3125,1.0,0.27627627627627627,1.0,0.20833333333333334,1.0,0.35735735735735735,1.0,0.125,1.0,0.5375375375375375,,,0.0012374794331844186
vt_h4_c1,58,331,46,0.7391304347826086,0.7391304347826086,False,False,0.3695652173913043,1.0,1.0,0.7391304347826086,1.0,1.0,0.9565217391304348,0.6567164179104478,0.9565217391304348,0.9782608695652174,0.45,0.9782608695652174,0.9782608695652174,0.2710843373493976,0.9782608695652174,0.8,1.0,1.0,0.11178247734138973,1.0,0.625,1.0,0.1782477341389728,1.0,0.3125,1.0,0.28700906344410876,1.0,0.20833333333333334,1.0,0.3776435045317221,1.0,0.125,1.0,0.5649546827794562,0.12954545454545455,0.2027137232139732,0.7391304347826086,0.7391304347826086,False,False,0.3695652173913043,1.0,1.0,0.7391304347826086,1.0,1.0,1.0,0.6865671641791045,1.0,1.0,0.46,1.0,1.0,0.27710843373493976,1.0,0.8,1.0,1.0,0.11178247734138973,1.0,0.625,1.0,0.1782477341389728,1.0,0.3125,1.0,0.27492447129909364,1.0,0.20833333333333334,1.0,0.36555891238670696,1.0,0.125,1.0,0.5468277945619335,0.11420454545454543,0.16569890644927576,0.7391304347826086,0.7391304347826086,False,False,0.3695652173913043,1.0,1.0,0.7391304347826086,1.0,1.0,1.0,0.6865671641791045,1.0,1.0,0.46,1.0,1.0,0.27710843373493976,1.0,0.8,1.0,1.0,0.10876132930513595,1.0,0.625,1.0,0.18429003021148035,1.0,0.3125,1.0,0.2628398791540785,1.0,0.20833333333333334,1.0,0.3413897280966767,1.0,0.125,1.0,0.525679758308157,0.08399621212121214,0.17556779613329784,0.7391304347826086,0.7391304347826086,False,False,0.3695652173913043,1.0,1.0,0.7391304347826086,1.0,1.0,1.0,0.6865671641791045,1.0,1.0,0.46,1.0,1.0,0.27710843373493976,1.0,0.8,1.0,1.0,0.11178247734138973,1.0,0.625,1.0,0.1782477341389728,1.0,0.3125,1.0,0.2628398791540785,1.0,0.20833333333333334,1.0,0.3474320241691843,1.0,0.125,1.0,0.525679758308157,,,0.001850195902489915
vt_h4_c1,59,330,45,0.6666666666666666,0.6666666666666666,False,False,0.35555555555555557,0.9411764705882353,0.9411764705882353,0.6666666666666666,0.9090909090909091,0.9090909090909091,0.9111111111111111,0.6212121212121212,0.9111111111111111,0.9555555555555556,0.43434343434343436,0.9555555555555556,0.9555555555555556,0.2606060606060606,0.9555555555555556,0.8,1.0,1.0,0.10909090909090909,1.0,0.625,1.0,0.18181818181818182,1.0,0.3125,1.0,0.28484848484848485,1.0,0.20833333333333334,1.0,0.37575757575757573,1.0,0.125,1.0,0.5454545454545454,0.1403212520593081,0.21283415139758938,0.7333333333333333,0.7333333333333333,False,False,0.37777777777777777,1.0,1.0,0.7333333333333333,1.0,1.0,0.9555555555555556,0.6515151515151515,0.9555555555555556,0.9777777777777777,0.4444444444444444,0.9777777777777777,0.9777777777777777,0.26666666666666666,0.9777777777777777,0.8,1.0,1.0,0.10909090909090909,1.0,0.625,1.0,0.1787878787878788,1.0,0.3125,1.0,0.2636363636363636,1.0,0.20833333333333334,1.0,0.34545454545454546,1.0,0.125,1.0,0.5333333333333333,0.13677924217462933,0.20804021992542193,0.7333333333333333,0.7333333333333333,False,False,0.37777777777777777,1.0,1.0,0.7333333333333333,1.0,1.0,1.0,0.6818181818181818,1.0,1.0,0.45454545454545453,1.0,1.0,0.2727272727272727,1.0,0.8,1.0,1.0,0.10606060606060606,1.0,0.625,1.0,0.1696969696969697,1.0,0.3125,1.0,0.26666666666666666,1.0,0.20833333333333334,1.0,0.34545454545454546,1.0,0.125,1.0,0.5181818181818182,0.13241350906095548,0.21661490769346306,0.7333333333333333,0.7333333333333333,False,False,0.37777777777777777,1.0,1.0,0.7333333333333333,1.0,1.0,1.0,0.6818181818181818,1.0,1.0,0.45454545454545453,1.0,1.0,0.2727272727272727,1.0,0.8,1.0,1.0,0.11212121212121212,1.0,0.625,1.0,0.17575757575757575,1.0,0.3125,1.0,0.26666666666666666,1.0,0.20833333333333334,1.0,0.34545454545454546,1.0,0.125,1.0,0.5212121212121212,,,0.00663764275212031
vt_h4_c1,60,333,48,0.6875,0.6875,False,False,0.3541666666666667,1.0,1.0,0.6875,0.9705882352941176,0.9705882352941176,0.8958333333333334,0.6417910447761194,0.8958333333333334,0.9583333333333334,0.46,0.9583333333333334,0.9583333333333334,0.2754491017964072,0.9583333333333334,0.8,1.0,1.0,0.11411411411411411,1.0,0.625,1.0,0.1891891891891892,1.0,0.3125,1.0,0.27927927927927926,1.0,0.20833333333333334,1.0,0.37537537537537535,1.0,0.125,1.0,0.5765765765765766,0.04122369878183831,0.06075414384096246,0.7083333333333334,0.7083333333333334,False,False,0.3541666666666667,1.0,1.0,0.7083333333333334,1.0,1.0,0.9791666666666666,0.7014925373134329,0.9791666666666666,1.0,0.48,1.0,1.0,0.2874251497005988,1.0,0.8,1.0,1.0,0.11411411411411411,1.0,0.625,1.0,0.1831831831831832,1.0,0.3125,1.0,0.2822822822822823,1.0,0.20833333333333334,1.0,0.3783783783783784,1.0,0.125,1.0,0.5555555555555556,0.0831395348837209,0.11994649526634533,0.7083333333333334,0.7083333333333334,False,False,0.3541666666666667,1.0,1.0,0.7083333333333334,1.0,1.0,1.0,0.7164179104477612,1.0,1.0,0.48,1.0,1.0,0.2874251497005988,1.0,0.8,1.0,1.0,0.11411411411411411,1.0,0.625,1.0,0.1831831831831832,1.0,0.3125,1.0,0.2672672672672673,1.0,0.20833333333333334,1.0,0.34234234234234234,1.0,0.125,1.0,0.5135135135135135,0.0745016611295681,0.18235426886225814,0.7083333333333334,0.7083333333333334,False,False,0.3541666666666667,1.0,1.0,0.7083333333333334,1.0,1.0,1.0,0.7164179104477612,1.0,1.0,0.48,1.0,1.0,0.2874251497005988,1.0,0.8,1.0,1.0,0.11411411411411411,1.0,0.625,1.0,0.1831831831831832,1.0,0.3125,1.0,0.2702702702702703,1.0,0.20833333333333334,1.0,0.34534534534534533,1.0,0.125,1.0,0.5165165165165165,,,0.003109528249625626
vt_h4_c1,61,334,49,0.6326530612244898,0.6326530612244898,False,False,0.32653061224489793,0.9411764705882353,0.9411764705882353,0.6326530612244898,0.9117647058823529,0.9117647058823529,0.8571428571428571,0.6268656716417911,0.8571428571428571,0.9183673469387755,0.44554455445544555,0.9183673469387755,0.9591836734693877,0.281437125748503,0.9591836734693877,0.8,1.0,1.0,0.11377245508982035,1.0,0.625,1.0,0.19161676646706588,1.0,0.3125,1.0,0.27844311377245506,1.0,0.20833333333333334,1.0,0.38023952095808383,1.0,0.125,1.0,0.5598802395209581,0.11850842418235874,0.1579354705607668,0.6938775510204082,0.6938775510204082,False,False,0.3469387755102041,1.0,1.0,0.6938775510204082,1.0,1.0,1.0,0.7313432835820896,1.0,1.0,0.48514851485148514,1.0,1.0,0.2934131736526946,1.0,0.8,1.0,1.0,0.11377245508982035,1.0,0.625,1.0,0.18562874251497005,1.0,0.3125,1.0,0.2904191616766467,1.0,0.20833333333333334,1.0,0.3772455089820359,1.0,0.125,1.0,0.562874251497006,0.08788404360753226,0.12036929021255982,0.6938775510204082,0.6938775510204082,False,False,0.3469387755102041,1.0,1.0,0.6938775510204082,1.0,1.0,1.0,0.7313432835820896,1.0,1.0,0.48514851485148514,1.0,1.0,0.2934131736526946,1.0,0.8,1.0,1.0,0.11976047904191617,1.0,0.625,1.0,0.19161676646706588,1.0,0.3125,1.0,0.281437125748503,1.0,0.20833333333333334,1.0,0.36227544910179643,1.0,0.125,1.0,0.5239520958083832,0.10027254707631317,0.1856086307010983,0.6938775510204082,0.6938775510204082,False,False,0.3469387755102041,1.0,1.0,0.6938775510204082,1.0,1.0,1.0,0.7313432835820896,1.0,1.0,0.48514851485148514,1.0,1.0,0.2934131736526946,1.0,0.8,1.0,1.0,0.11976047904191617,1.0,0.625,1.0,0.19161676646706588,1.0,0.3125,1.0,0.281437125748503,1.0,0.20833333333333334,1.0,0.36227544910179643,1.0,0.125,1.0,0.5239520958083832,,,0.0019904238109060834
vt_h4_c1,62,333,48,0.7083333333333334,0.7083333333333334,False,False,0.3541666666666667,1.0,1.0,0.7083333333333334,1.0,1.0,0.8541666666666666,0.6119402985074627,0.8541666666666666,0.875,0.42,0.875,0.8958333333333334,0.25748502994011974,0.8958333333333334,0.8,1.0,1.0,0.11411411411411411,1.0,0.625,1.0,0.1891891891891892,1.0,0.3125,1.0,0.29429429429429427,1.0,0.20833333333333334,1.0,0.3933933933933934,1.0,0.125,1.0,0.5555555555555556,0.08355397148676169,0.12978101818852678,0.7083333333333334,0.7083333333333334,False,False,0.3541666666666667,1.0,1.0,0.7083333333333334,1.0,1.0,1.0,0.7164179104477612,1.0,1.0,0.48,1.0,1.0,0.2874251497005988,1.0,0.8,1.0,1.0,0.11411411411411411,1.0,0.625,1.0,0.1831831831831832,1.0,0.3125,1.0,0.2882882882882883,1.0,0.20833333333333334,1.0,0.3663663663663664,1.0,0.125,1.0,0.5465465465465466,0.10779022403258653,0.17111932798396778,0.7083333333333334,0.7083333333333334,False,False,0.3541666666666667,1.0,1.0,0.7083333333333334,1.0,1.0,1.0,0.7164179104477612,1.0,1.0,0.48,1.0,1.0,0.2874251497005988,1.0,0.8,1.0,1.0,0.11411411411411411,1.0,0.625,1.0,0.1891891891891892,1.0,0.3125,1.0,0.2702702702702703,1.0,0.20833333333333334,1.0,0.3483483483483483,1.0,0.125,1.0,0.5285285285285285,0.09516293279022403,0.17460361332002527,0.7083333333333334,0.7083333333333334,False,False,0.3541666666666667,1.0,1.0,0.7083333333333334,1.0,1.0,1.0,0.7164179104477612,1.0,1.0,0.48,1.0,1.0,0.2874251497005988,1.0,0.8,1.0,1.0,0.11411411411411411,1.0,0.625,1.0,0.1891891891891892,1.0,0.3125,1.0,0.2702702702702703,1.0,0.20833333333333334,1.0,0.35435435435435436,1.0,0.125,1.0,0.5345345345345346,,,0.0016819396204222903
vt_h4_c1,63,336,51,0.6274509803921569,0.6274509803921569,False,False,0.3137254901960784,0.9411764705882353,0.9411764705882353,0.6274509803921569,0.9411764705882353,0.9411764705882353,0.8431372549019608,0.6323529411764706,0.8431372549019608,0.9019607843137255,0.45544554455445546,0.9019607843137255,0.9411764705882353,0.2857142857142857,0.9411764705882353,0.6,0.75,0.75,0.11011904761904762,1.0,0.625,1.0,0.18452380952380953,1.0,0.3125,1.0,0.28869047619047616,1.0,0.20833333333333334,1.0,0.3869047619047619,1.0,0.125,1.0,0.5625,0.10029469548133596,0.1292438029797858,0.6666666666666666,0.6666666666666666,False,False,0.3333333333333333,1.0,1.0,0.6666666666666666,1.0,1.0,1.0,0.75,1.0,1.0,0.504950495049505,1.0,1.0,0.30357142857142855,1.0,0.8,1.0,1.0,0.125,1.0,0.625,1.0,0.18452380952380953,1.0,0.3125,1.0,0.28869047619047616,1.0,0.20833333333333334,1.0,0.37797619047619047,1.0,0.125,1.0,0.5446428571428571,0.09754420432220039,0.12587063643833413,0.6666666666666666,0.6666666666666666,False,False,0.3333333333333333,1.0,1.0,0.6666666666666666,1.0,1.0,1.0,0.75,1.0,1.0,0.504950495049505,1.0,1.0,0.30357142857142855,1.0,0.8,1.0,1.0,0.11904761904761904,1.0,0.625,1.0,0.19642857142857142,1.0,0.3125,1.0,0.2857142857142857,1.0,0.20833333333333334,1.0,0.3630952380952381,1.0,0.125,1.0,0.5267857142857143,0.059135559921414546,0.16261939657623178,0.6666666666666666,0.6666666666666666,False,False,0.3333333333333333,1.0,1.0,0.6666666666666666,1.0,1.0,1.0,0.75,1.0,1.0,0.504950495049505,1.0,1.0,0.30357142857142855,1.0,0.8,1.0,1.0,0.11904761904761904,1.0,0.625,1.0,0.19642857142857142,1.0,0.3125,1.0,0.2857142857142857,1.0,0.20833333333333334,1.0,0.3630952380952381,1.0,0.125,1.0,0.5267857142857143,,,0.0015051907465211123
vt_h4_c1,64,332,47,0.6808510638297872,0.6808510638297872,False,False,0.3404255319148936,0.9411764705882353,0.9411764705882353,0.6808510638297872,0.9411764705882353,0.9411764705882353,0.8936170212765957,0.6268656716417911,0.8936170212765957,0.8936170212765957,0.42,0.8936170212765957,0.9361702127659575,0.26506024096385544,0.9361702127659575,0.8,1.0,1.0,0.1144578313253012,1.0,0.625,1.0,0.1746987951807229,1.0,0.3125,1.0,0.27710843373493976,1.0,0.20833333333333334,1.0,0.3704819277108434,1.0,0.125,1.0,0.5481927710843374,0.04705177372962608,0.07279384037840204,0.723404255319149,0.723404255319149,False,False,0.3617021276595745,1.0,1.0,0.723404255319149,1.0,1.0,0.9787234042553191,0.6865671641791045,0.9787234042553191,1.0,0.47,1.0,1.0,0.28313253012048195,1.0,0.8,1.0,1.0,0.1144578313253012,1.0,0.625,1.0,0.18674698795180722,1.0,0.3125,1.0,0.2740963855421687,1.0,0.20833333333333334,1.0,0.35542168674698793,1.0,0.125,1.0,0.5451807228915663,0.06435762224352828,0.0717143240945268,0.723404255319149,0.723404255319149,False,False,0.3617021276595745,1.0,1.0,0.723404255319149,1.0,1.0,1.0,0.7014925373134329,1.0,1.0,0.47,1.0,1.0,0.28313253012048195,1.0,0.8,1.0,1.0,0.11144578313253012,1.0,0.625,1.0,0.18674698795180722,1.0,0.3125,1.0,0.27710843373493976,1.0,0.20833333333333334,1.0,0.35542168674698793,1.0,0.125,1.0,0.5301204819277109,0.08832694151486098,0.1765647285660344,0.723404255319149,0.723404255319149,False,False,0.3617021276595745,1.0,1.0,0.723404255319149,1.0,1.0,1.0,0.7014925373134329,1.0,1.0,0.47,1.0,1.0,0.28313253012048195,1.0,0.8,1.0,1.0,0.11144578313253012,1.0,0.625,1.0,0.18674698795180722,1.0,0.3125,1.0,0.27710843373493976,1.0,0.20833333333333334,1.0,0.35542168674698793,1.0,0.125,1.0,0.5301204819277109,,,0.006506435572531055
vt_h4_c1,65,333,48,0.6458333333333334,0.6458333333333334,False,False,0.3333333333333333,0.9411764705882353,0.9411764705882353,0.6458333333333334,0.9117647058823529,0.9117647058823529,0.8333333333333334,0.5970149253731343,0.8333333333333334,0.8958333333333334,0.43,0.8958333333333334,0.8958333333333334,0.25748502994011974,0.8958333333333334,0.6,0.75,0.75,0.1021021021021021,1.0,0.625,1.0,0.18618618618618618,1.0,0.3125,1.0,0.2732732732732733,1.0,0.20833333333333334,1.0,0.36936936936936937,1.0,0.125,1.0,0.5585585585585585,0.0719465648854962,0.09699412034260649,0.7083333333333334,0.7083333333333334,False,False,0.3541666666666667,1.0,1.0,0.7083333333333334,1.0,1.0,0.9791666666666666,0.7014925373134329,0.9791666666666666,0.9791666666666666,0.47,0.9791666666666666,0.9791666666666666,0.281437125748503,0.9791666666666666,0.8,1.0,1.0,0.11411411411411411,1.0,0.625,1.0,0.1831831831831832,1.0,0.3125,1.0,0.27627627627627627,1.0,0.20833333333333334,1.0,0.3663663663663664,1.0,0.125,1.0,0.5525525525525525,0.06654852780806977,0.09622761493931664,0.7083333333333334,0.7083333333333334,False,False,0.3541666666666667,1.0,1.0,0.7083333333333334,1.0,1.0,1.0,0.7164179104477612,1.0,1.0,0.48,1.0,1.0,0.2874251497005988,1.0,0.8,1.0,1.0,0.11411411411411411,1.0,0.625,1.0,0.1891891891891892,1.0,0.3125,1.0,0.27627627627627627,1.0,0.20833333333333334,1.0,0.35435435435435436,1.0,0.125,1.0,0.5375375375375375,0.10411668484187568,0.1845599365033686,0.7083333333333334,0.7083333333333334,False,False,0.3541666666666667,1.0,1.0,0.7083333333333334,1.0,1.0,1.0,0.7164179104477612,1.0,1.0,0.48,1.0,1.0,0.2874251497005988,1.0,0.8,1.0,1.0,0.11711711711711711,1.0,0.625,1.0,0.1891891891891892,1.0,0.3125,1.0,0.27627627627627627,1.0,0.20833333333333334,1.0,0.35435435435435436,1.0,0.125,1.0,0.5375375375375375,,,0.002302332686108244
vt_h4_c1,66,332,47,0.6170212765957447,0.6170212765957447,False,False,0.3404255319148936,0.9411764705882353,0.9411764705882353,0.6170212765957447,0.8529411764705882,0.8529411764705882,0.8723404255319149,0.6119402985074627,0.8723404255319149,0.8936170212765957,0.42,0.8936170212765957,0.9148936170212766,0.25903614457831325,0.9148936170212766,0.6,0.75,0.75,0.09939759036144578,1.0,0.625,1.0,0.18072289156626506,1.0,0.3125,1.0,0.2620481927710843,1.0,0.20833333333333334,1.0,0.35240963855421686,1.0,0.125,1.0,0.5512048192771084,0.06474082073434126,0.08754191584205961,0.723404255319149,0.723404255319149,False,False,0.3617021276595745,1.0,1.0,0.723404255319149,1.0,1.0,0.9787234042553191,0.6865671641791045,0.9787234042553191,1.0,0.47,1.0,1.0,0.28313253012048195,1.0,0.8,1.0,1.0,0.1144578313253012,1.0,0.625,1.0,0.18373493975903615,1.0,0.3125,1.0,0.28012048192771083,1.0,0.20833333333333334,1.0,0.3674698795180723,1.0,0.125,1.0,0.5572289156626506,0.09141468682505398,0.13677099675856455,0.723404255319149,0.723404255319149,False,False,0.3617021276595745,1.0,1.0,0.723404255319149,1.0,1.0,1.0,0.7014925373134329,1.0,1.0,0.47,1.0,1.0,0.28313253012048195,1.0,0.8,1.0,1.0,0.11144578313253012,1.0,0.625,1.0,0.18072289156626506,1.0,0.3125,1.0,0.2740963855421687,1.0,0.20833333333333334,1.0,0.35843373493975905,1.0,0.125,1.0,0.5271084337349398,0.0291036717062635,0.1589922619787671,0.723404255319149,0.723404255319149,False,False,0.3617021276595745,1.0,1.0,0.723404255319149,1.0,1.0,1.0,0.7014925373134329,1.0,1.0,0.47,1.0,1.0,0.28313253012048195,1.0,0.8,1.0,1.0,0.11144578313253012,1.0,0.625,1.0,0.18072289156626506,1.0,0.3125,1.0,0.2740963855421687,1.0,0.20833333333333334,1.0,0.35843373493975905,1.0,0.125,1.0,0.5301204819277109,,,0.0028454798576107443
vt_h4_c1,67,333,48,0.6875,0.6875,False,False,0.3333333333333333,0.9411764705882353,0.9411764705882353,0.6875,0.9705882352941176,0.9705882352941176,0.8125,0.582089552238806,0.8125,0.875,0.42,0.875,0.875,0.25149700598802394,0.875,0.8,1.0,1.0,0.11711711711711711,1.0,0.625,1.0,0.1831831831831832,1.0,0.3125,1.0,0.2732732732732733,1.0,0.20833333333333334,1.0,0.3633633633633634,1.0,0.125,1.0,0.5495495495495496,0.05603248259860788,0.09604358399479203,0.7083333333333334,0.7083333333333334,False,False,0.3541666666666667,1.0,1.0,0.7083333333333334,1.0,1.0,0.9791666666666666,0.7014925373134329,0.9791666666666666,1.0,0.48,1.0,1.0,0.2874251497005988,1.0,0.8,1.0,1.0,0.11711711711711711,1.0,0.625,1.0,0.1831831831831832,1.0,0.3125,1.0,0.27627627627627627,1.0,0.20833333333333334,1.0,0.3783783783783784,1.0,0.125,1.0,0.5615615615615616,0.09222737819025524,0.1337573371383223,0.7083333333333334,0.7083333333333334,False,False,0.3541666666666667,1.0,1.0,0.7083333333333334,1.0,1.0,1.0,0.7164179104477612,1.0,1.0,0.48,1.0,1.0,0.2874251497005988,1.0,0.8,1.0,1.0,0.11411411411411411,1.0,0.625,1.0,0.1831831831831832,1.0,0.3125,1.0,0.27627627627627627,1.0,0.20833333333333334,1.0,0.35735735735735735,1.0,0.125,1.0,0.5285285285285285,0.08816705336426914,0.1747988518834613,0.7083333333333334,0.7083333333333334,False,False,0.3541666666666667,1.0,1.0,0.7083333333333334,1.0,1.0,1.0,0.7164179104477612,1.0,1.0,0.48,1.0,1.0,0.2874251497005988,1.0,0.8,1.0,1.0,0.11711711711711711,1.0,0.625,1.0,0.1831831831831832,1.0,0.3125,1.0,0.27927927927927926,1.0,0.20833333333333334,1.0,0.3633633633633634,1.0,0.125,1.0,0.5315315315315315,,,0.0026341834286959243
vt_h4_c1,68,334,49,0.6938775510204082,0.6938775510204082,False,False,0.3469387755102041,1.0,1.0,0.6938775510204082,1.0,1.0,0.8367346938775511,0.6119402985074627,0.8367346938775511,0.8571428571428571,0.4158415841584158,0.8571428571428571,0.9183673469387755,0.2694610778443114,0.9183673469387755,0.8,1.0,1.0,0.11676646706586827,1.0,0.625,1.0,0.19161676646706588,1.0,0.3125,1.0,0.2994011976047904,1.0,0.20833333333333334,1.0,0.39520958083832336,1.0,0.125,1.0,0.5718562874251497,0.16930076628352492,0.2757572123112383,0.6938775510204082,0.6938775510204082,False,False,0.3469387755102041,1.0,1.0,0.6938775510204082,1.0,1.0,0.8775510204081632,0.6417910447761194,0.8775510204081632,0.9183673469387755,0.44554455445544555,0.9183673469387755,0.9183673469387755,0.2694610778443114,0.9183673469387755,0.8,1.0,1.0,0.11676646706586827,1.0,0.625,1.0,0.19161676646706588,1.0,0.3125,1.0,0.281437125748503,1.0,0.20833333333333334,1.0,0.38023952095808383,1.0,0.125,1.0,0.5508982035928144,0.19501915708812256,0.33368008663143506,0.6938775510204082,0.6938775510204082,False,False,0.3469387755102041,1.0,1.0,0.6938775510204082,1.0,1.0,1.0,0.7313432835820896,1.0,1.0,0.48514851485148514,1.0,1.0,0.2934131736526946,1.0,0.8,1.0,1.0,0.11377245508982035,1.0,0.625,1.0,0.19161676646706588,1.0,0.3125,1.0,0.2694610778443114,1.0,0.20833333333333334,1.0,0.3532934131736527,1.0,0.125,1.0,0.5269461077844312,0.03936781609195402,0.15097163262205562,0.6938775510204082,0.6938775510204082,False,False,0.3469387755102041,1.0,1.0,0.6938775510204082,1.0,1.0,1.0,0.7313432835820896,1.0,1.0,0.48514851485148514,1.0,1.0,0.2934131736526946,1.0,0.8,1.0,1.0,0.11676646706586827,1.0,0.625,1.0,0.19161676646706588,1.0,0.3125,1.0,0.2694610778443114,1.0,0.20833333333333334,1.0,0.3532934131736527,1.0,0.125,1.0,0.5299401197604791,,,0.0016757268681404924
vt_h4_c1,69,333,48,0.6666666666666666,0.6666666666666666,False,False,0.3541666666666667,1.0,1.0,0.6666666666666666,0.9411764705882353,0.9411764705882353,0.8125,0.582089552238806,0.8125,0.8125,0.39,0.8125,0.8125,0.23353293413173654,0.8125,0.8,1.0,1.0,0.11711711711711711,1.0,0.625,1.0,0.1831831831831832,1.0,0.3125,1.0,0.29429429429429427,1.0,0.20833333333333334,1.0,0.39039039039039036,1.0,0.125,1.0,0.5645645645645646,0.06042626728110599,0.09544661368939482,0.7083333333333334,0.7083333333333334,False,False,0.3541666666666667,1.0,1.0,0.7083333333333334,1.0,1.0,0.9375,0.6716417910447762,0.9375,0.9583333333333334,0.46,0.9583333333333334,0.9583333333333334,0.2754491017964072,0.9583333333333334,0.8,1.0,1.0,0.11711711711711711,1.0,0.625,1.0,0.17717717717717718,1.0,0.3125,1.0,0.2702702702702703,1.0,0.20833333333333334,1.0,0.3783783783783784,1.0,0.125,1.0,0.5585585585585585,0.09608294930875576,0.1342443789880456,0.7083333333333334,0.7083333333333334,False,False,0.3541666666666667,1.0,1.0,0.7083333333333334,1.0,1.0,1.0,0.7164179104477612,1.0,1.0,0.48,1.0,1.0,0.2874251497005988,1.0,0.8,1.0,1.0,0.1111111111111111,1.0,0.625,1.0,0.1831831831831832,1.0,0.3125,1.0,0.2672672672672673,1.0,0.20833333333333334,1.0,0.35735735735735735,1.0,0.125,1.0,0.5375375375375375,0.06728110599078344,0.1610513674716788,0.7083333333333334,0.7083333333333334,False,False,0.3541666666666667,1.0,1.0,0.7083333333333334,1.0,1.0,1.0,0.7164179104477612,1.0,1.0,0.48,1.0,1.0,0.2874251497005988,1.0,0.8,1.0,1.0,0.1111111111111111,1.0,0.625,1.0,0.1891891891891892,1.0,0.3125,1.0,0.2672672672672673,1.0,0.20833333333333334,1.0,0.35435435435435436,1.0,0.125,1.0,0.5465465465465466,,,0.0019127901267835812
vt_h4_c1,70,336,51,0.6274509803921569,0.6274509803921569,False,False,0.3137254901960784,0.9411764705882353,0.9411764705882353,0.6274509803921569,0.9411764705882353,0.9411764705882353,0.8235294117647058,0.6176470588235294,0.8235294117647058,0.8823529411764706,0.44554455445544555,0.8823529411764706,0.9215686274509803,0.27976190476190477,0.9215686274509803,0.6,0.75,0.75,0.10416666666666667,1.0,0.625,1.0,0.1875,1.0,0.3125,1.0,0.28273809523809523,1.0,0.20833333333333334,1.0,0.37202380952380953,1.0,0.125,1.0,0.5625,0.0941854759568204,0.12413378703275268,0.6666666666666666,0.6666666666666666,False,False,0.3333333333333333,1.0,1.0,0.6666666666666666,1.0,1.0,0.9607843137254902,0.7205882352941176,0.9607843137254902,0.9607843137254902,0.48514851485148514,0.9607843137254902,0.9607843137254902,0.2916666666666667,0.9607843137254902,0.8,1.0,1.0,0.11904761904761904,1.0,0.625,1.0,0.1875,1.0,0.3125,1.0,0.2857142857142857,1.0,0.20833333333333334,1.0,0.36904761904761907,1.0,0.125,1.0,0.5535714285714286,0.08118253189401374,0.11049539166926643,0.6666666666666666,0.6666666666666666,False,False,0.3333333333333333,1.0,1.0,0.6666666666666666,1.0,1.0,1.0,0.75,1.0,1.0,0.504950495049505,1.0,1.0,0.30357142857142855,1.0,0.8,1.0,1.0,0.11904761904761904,1.0,0.625,1.0,0.19047619047619047,1.0,0.3125,1.0,0.27976190476190477,1.0,0.20833333333333334,1.0,0.3541666666666667,1.0,0.125,1.0,0.5267857142857143,0.09477428851815509,0.17441207993765842,0.6666666666666666,0.6666666666666666,False,False,0.3333333333333333,1.0,1.0,0.6666666666666666,1.0,1.0,1.0,0.75,1.0,1.0,0.504950495049505,1.0,1.0,0.30357142857142855,1.0,0.8,1.0,1.0,0.125,1.0,0.625,1.0,0.19642857142857142,1.0,0.3125,1.0,0.27976190476190477,1.0,0.20833333333333334,1.0,0.3541666666666667,1.0,0.125,1.0,0.5267857142857143,,,0.0024311449608411806
vt_h4_c1,71,331,46,0.6739130434782609,0.6739130434782609,False,False,0.34782608695652173,0.9411764705882353,0.9411764705882353,0.6739130434782609,0.9117647058823529,0.9117647058823529,0.8043478260869565,0.5522388059701493,0.8043478260869565,0.8913043478260869,0.41,0.8913043478260869,0.9130434782608695,0.25301204819277107,0.9130434782608695,0.6,0.75,0.75,0.09969788519637462,1.0,0.625,1.0,0.1782477341389728,1.0,0.3125,1.0,0.27492447129909364,1.0,0.20833333333333334,1.0,0.36555891238670696,1.0,0.125,1.0,0.5619335347432024,0.11861140443505809,0.16501499393657273,0.7391304347826086,0.7391304347826086,False,False,0.3695652173913043,1.0,1.0,0.7391304347826086,1.0,1.0,0.9782608695652174,0.6716417910447762,0.9782608695652174,0.9782608695652174,0.45,0.9782608695652174,0.9782608695652174,0.2710843373493976,0.9782608695652174,0.8,1.0,1.0,0.11178247734138973,1.0,0.625,1.0,0.1782477341389728,1.0,0.3125,1.0,0.2809667673716012,1.0,0.20833333333333334,1.0,0.37462235649546827,1.0,0.125,1.0,0.552870090634441,0.1454857444561774,0.22168870044441896,0.7391304347826086,0.7391304347826086,False,False,0.3695652173913043,1.0,1.0,0.7391304347826086,1.0,1.0,1.0,0.6865671641791045,1.0,1.0,0.46,1.0,1.0,0.27710843373493976,1.0,0.8,1.0,1.0,0.11178247734138973,1.0,0.625,1.0,0.18429003021148035,1.0,0.3125,1.0,0.2719033232628399,1.0,0.20833333333333334,1.0,0.35347432024169184,1.0,0.125,1.0,0.5347432024169184,0.08027983104540656,0.1676230328659666,0.7391304347826086,0.7391304347826086,False,False,0.3695652173913043,1.0,1.0,0.7391304347826086,1.0,1.0,1.0,0.6865671641791045,1.0,1.0,0.46,1.0,1.0,0.27710843373493976,1.0,0.8,1.0,1.0,0.11178247734138973,1.0,0.625,1.0,0.18429003021148035,1.0,0.3125,1.0,0.2719033232628399,1.0,0.20833333333333334,1.0,0.35347432024169184,1.0,0.125,1.0,0.5317220543806647,,,0.005612613599708105
vt_h4_c1,72,335,50,0.62,0.62,False,False,0.32,0.9411764705882353,0.9411764705882353,0.62,0.9117647058823529,0.9117647058823529,0.86,0.6417910447761194,0.86,0.88,0.43564356435643564,0.88,0.9,0.26785714285714285,0.9,0.6,0.75,0.75,0.1044776119402985,1.0,0.625,1.0,0.1880597014925373,1.0,0.3125,1.0,0.2835820895522388,1.0,0.20833333333333334,1.0,0.3641791044776119,1.0,0.125,1.0,0.5492537313432836,0.07112440191387562,0.0795931037452006,0.68,0.68,False,False,0.34,1.0,1.0,0.68,1.0,1.0,0.98,0.7313432835820896,0.98,1.0,0.49504950495049505,1.0,1.0,0.2976190476190476,1.0,0.8,1.0,1.0,0.11940298507462686,1.0,0.625,1.0,0.1880597014925373,1.0,0.3125,1.0,0.28955223880597014,1.0,0.20833333333333334,1.0,0.37910447761194027,1.0,0.125,1.0,0.573134328358209,0.09442583732057415,0.12236043627792406,0.68,0.68,False,False,0.34,1.0,1.0,0.68,1.0,1.0,1.0,0.746268656716418,1.0,1.0,0.49504950495049505,1.0,1.0,0.2976190476190476,1.0,0.8,1.0,1.0,0.11641791044776119,1.0,0.625,1.0,0.19402985074626866,1.0,0.3125,1.0,0.27761194029850744,1.0,0.20833333333333334,1.0,0.3582089552238806,1.0,0.125,1.0,0.5253731343283582,0.0460047846889952,0.1654354394230481,0.68,0.68,False,False,0.34,1.0,1.0,0.68,1.0,1.0,1.0,0.746268656716418,1.0,1.0,0.49504950495049505,1.0,1.0,0.2976190476190476,1.0,0.8,1.0,1.0,0.11940298507462686,1.0,0.625,1.0,0.19402985074626866,1.0,0.3125,1.0,0.27761194029850744,1.0,0.20833333333333334,1.0,0.3582089552238806,1.0,0.125,1.0,0.5313432835820896,,,0.0028570987501859157
vt_h4_c1,73,333,48,0.6458333333333334,0.6458333333333334,False,False,0.3333333333333333,0.9411764705882353,0.9411764705882353,0.6458333333333334,0.9117647058823529,0.9117647058823529,0.8541666666666666,0.6119402985074627,0.8541666666666666,0.875,0.42,0.875,0.9375,0.2694610778443114,0.9375,0.8,1.0,1.0,0.11711711711711711,1.0,0.625,1.0,0.17717717717717718,1.0,0.3125,1.0,0.27927927927927926,1.0,0.20833333333333334,1.0,0.37237237237237236,1.0,0.125,1.0,0.5525525525525525,0.08600726895119418,0.11885371125146219,0.7083333333333334,0.7083333333333334,False,False,0.3541666666666667,1.0,1.0,0.7083333333333334,1.0,1.0,1.0,0.7164179104477612,1.0,1.0,0.48,1.0,1.0,0.2874251497005988,1.0,0.8,1.0,1.0,0.11711711711711711,1.0,0.625,1.0,0.17717717717717718,1.0,0.3125,1.0,0.2672672672672673,1.0,0.20833333333333334,1.0,0.3633633633633634,1.0,0.125,1.0,0.5465465465465466,0.09872793354101765,0.12957547915509476,0.7083333333333334,0.7083333333333334,False,False,0.3541666666666667,1.0,1.0,0.7083333333333334,1.0,1.0,1.0,0.7164179104477612,1.0,1.0,0.48,1.0,1.0,0.2874251497005988,1.0,0.8,1.0,1.0,0.11411411411411411,1.0,0.625,1.0,0.1891891891891892,1.0,0.3125,1.0,0.2702702702702703,1.0,0.20833333333333334,1.0,0.35435435435435436,1.0,0.125,1.0,0.5165165165165165,0.07250778816199377,0.1710174282268279,0.7083333333333334,0.7083333333333334,False,False,0.3541666666666667,1.0,1.0,0.7083333333333334,1.0,1.0,1.0,0.7164179104477612,1.0,1.0,0.48,1.0,1.0,0.2874251497005988,1.0,0.8,1.0,1.0,0.11711711711711711,1.0,0.625,1.0,0.1891891891891892,1.0,0.3125,1.0,0.2702702702702703,1.0,0.20833333333333334,1.0,0.35735735735735735,1.0,0.125,1.0,0.5135135135135135,,,0.0038822903148378884
vt_h4_c1,74,333,48,0.6458333333333334,0.6458333333333334,False,False,0.3333333333333333,0.9411764705882353,0.9411764705882353,0.6458333333333334,0.9117647058823529,0.9117647058823529,0.875,0.6268656716417911,0.875,0.8958333333333334,0.43,0.8958333333333334,0.9375,0.2694610778443114,0.9375,0.6,0.75,0.75,0.1021021021021021,1.0,0.625,1.0,0.1831831831831832,1.0,0.3125,1.0,0.27627627627627627,1.0,0.20833333333333334,1.0,0.36936936936936937,1.0,0.125,1.0,0.5435435435435435,0.08229813664596275,0.1101543459506952,0.7083333333333334,0.7083333333333334,False,False,0.3541666666666667,1.0,1.0,0.7083333333333334,1.0,1.0,0.9791666666666666,0.7014925373134329,0.9791666666666666,1.0,0.48,1.0,1.0,0.2874251497005988,1.0,0.8,1.0,1.0,0.11411411411411411,1.0,0.625,1.0,0.1831831831831832,1.0,0.3125,1.0,0.27927927927927926,1.0,0.20833333333333334,1.0,0.36936936936936937,1.0,0.125,1.0,0.5525525525525525,0.06759834368530021,0.09298417784311645,0.7083333333333334,0.7083333333333334,False,False,0.3541666666666667,1.0,1.0,0.7083333333333334,1.0,1.0,1.0,0.7164179104477612,1.0,1.0,0.48,1.0,1.0,0.2874251497005988,1.0,0.8,1.0,1.0,0.11711711711711711,1.0,0.625,1.0,0.1891891891891892,1.0,0.3125,1.0,0.27627627627627627,1.0,0.20833333333333334,1.0,0.35435435435435436,1.0,0.125,1.0,0.5255255255255256,0.0681159420289855,0.16987299264406938,0.7083333333333334,0.7083333333333334,False,False,0.3541666666666667,1.0,1.0,0.7083333333333334,1.0,1.0,1.0,0.7164179104477612,1.0,1.0,0.48,1.0,1.0,0.2874251497005988,1.0,0.8,1.0,1.0,0.11711711711711711,1.0,0.625,1.0,0.1891891891891892,1.0,0.3125,1.0,0.27627627627627627,1.0,0.20833333333333334,1.0,0.35735735735735735,1.0,0.125,1.0,0.5255255255255256,,,0.0023336435682588252
vt_h4_c1,75,329,44,0.6590909090909091,0.6590909090909091,False,False,0.36363636363636365,0.9411764705882353,0.9411764705882353,0.6590909090909091,0.8787878787878788,0.8787878787878788,0.8636363636363636,0.5757575757575758,0.8636363636363636,0.8636363636363636,0.3838383838383838,0.8636363636363636,0.8863636363636364,0.23636363636363636,0.8863636363636364,0.6,0.75,0.75,0.0972644376899696,1.0,0.625,1.0,0.17325227963525835,1.0,0.3125,1.0,0.25835866261398177,1.0,0.20833333333333334,1.0,0.364741641337386,1.0,0.125,1.0,0.547112462006079,0.05409715407262021,0.07666767416376571,0.75,0.75,False,False,0.38636363636363635,1.0,1.0,0.75,1.0,1.0,1.0,0.6666666666666666,1.0,1.0,0.4444444444444444,1.0,1.0,0.26666666666666666,1.0,0.8,1.0,1.0,0.10638297872340426,1.0,0.625,1.0,0.17325227963525835,1.0,0.3125,1.0,0.270516717325228,1.0,0.20833333333333334,1.0,0.364741641337386,1.0,0.125,1.0,0.5440729483282675,0.08888616290480862,0.11689014916696605,0.75,0.75,False,False,0.38636363636363635,1.0,1.0,0.75,1.0,1.0,1.0,0.6666666666666666,1.0,1.0,0.4444444444444444,1.0,1.0,0.26666666666666666,1.0,0.8,1.0,1.0,0.1033434650455927,1.0,0.625,1.0,0.17325227963525835,1.0,0.3125,1.0,0.270516717325228,1.0,0.20833333333333334,1.0,0.3556231003039514,1.0,0.125,1.0,0.5227963525835866,0.08182041216879295,0.16289529942771333,0.75,0.75,False,False,0.38636363636363635,1.0,1.0,0.75,1.0,1.0,1.0,0.6666666666666666,1.0,1.0,0.4444444444444444,1.0,1.0,0.26666666666666666,1.0,0.8,1.0,1.0,0.1033434650455927,1.0,0.625,1.0,0.17325227963525835,1.0,0.3125,1.0,0.270516717325228,1.0,0.20833333333333334,1.0,0.3586626139817629,1.0,0.125,1.0,0.5197568389057751,,,0.001890764658657118
vt_h4_c1,76,331,46,0.6739130434782609,0.6739130434782609,False,False,0.34782608695652173,0.9411764705882353,0.9411764705882353,0.6739130434782609,0.9117647058823529,0.9117647058823529,0.8478260869565217,0.582089552238806,0.8478260869565217,0.9130434782608695,0.42,0.9130434782608695,0.9565217391304348,0.26506024096385544,0.9565217391304348,0.6,0.75,0.75,0.09969788519637462,1.0,0.625,1.0,0.17522658610271905,1.0,0.3125,1.0,0.26586102719033233,1.0,0.20833333333333334,1.0,0.36253776435045315,1.0,0.125,1.0,0.5498489425981873,0.14610805860805862,0.22382958222270113,0.7391304347826086,0.7391304347826086,False,False,0.3695652173913043,1.0,1.0,0.7391304347826086,1.0,1.0,0.9782608695652174,0.6716417910447762,0.9782608695652174,0.9782608695652174,0.45,0.9782608695652174,1.0,0.27710843373493976,1.0,0.8,1.0,1.0,0.11178247734138973,1.0,0.625,1.0,0.17220543806646527,1.0,0.3125,1.0,0.2688821752265861,1.0,0.20833333333333334,1.0,0.36253776435045315,1.0,0.125,1.0,0.552870090634441,0.1385989010989011,0.21269703663299916,0.7391304347826086,0.7391304347826086,False,False,0.3695652173913043,1.0,1.0,0.7391304347826086,1.0,1.0,1.0,0.6865671641791045,1.0,1.0,0.46,1.0,1.0,0.27710843373493976,1.0,0.8,1.0,1.0,0.11178247734138973,1.0,0.625,1.0,0.18126888217522658,1.0,0.3125,1.0,0.26586102719033233,1.0,0.20833333333333334,1.0,0.3564954682779456,1.0,0.125,1.0,0.5226586102719033,0.1065018315018315,0.19150202050278403,0.7391304347826086,0.7391304347826086,False,False,0.3695652173913043,1.0,1.0,0.7391304347826086,1.0,1.0,1.0,0.6865671641791045,1.0,1.0,0.46,1.0,1.0,0.27710843373493976,1.0,0.8,1.0,1.0,0.11178247734138973,1.0,0.625,1.0,0.18126888217522658,1.0,0.3125,1.0,0.26586102719033233,1.0,0.20833333333333334,1.0,0.3564954682779456,1.0,0.125,1.0,0.525679758308157,,,0.0016106544999580086
vt_h4_c1,77,333,48,0.6666666666666666,0.6666666666666666,False,False,0.3333333333333333,0.9411764705882353,0.9411764705882353,0.6666666666666666,0.9411764705882353,0.9411764705882353,0.875,0.6268656716417911,0.875,0.8958333333333334,0.43,0.8958333333333334,0.9583333333333334,0.2754491017964072,0.9583333333333334,0.8,1.0,1.0,0.11711711711711711,1.0,0.625,1.0,0.1891891891891892,1.0,0.3125,1.0,0.2732732732732733,1.0,0.20833333333333334,1.0,0.3663663663663664,1.0,0.125,1.0,0.5525525525525525,0.10373015873015874,0.12960066060847822,0.7083333333333334,0.7083333333333334,False,False,0.3541666666666667,1.0,1.0,0.7083333333333334,1.0,1.0,1.0,0.7164179104477612,1.0,1.0,0.48,1.0,1.0,0.2874251497005988,1.0,0.8,1.0,1.0,0.11711711711711711,1.0,0.625,1.0,0.17717717717717718,1.0,0.3125,1.0,0.27627627627627627,1.0,0.20833333333333334,1.0,0.37237237237237236,1.0,0.125,1.0,0.5495495495495496,0.13484126984126982,0.20005298267693075,0.7083333333333334,0.7083333333333334,False,False,0.3541666666666667,1.0,1.0,0.7083333333333334,1.0,1.0,1.0,0.7164179104477612,1.0,1.0,0.48,1.0,1.0,0.2874251497005988,1.0,0.8,1.0,1.0,0.1111111111111111,1.0,0.625,1.0,0.1891891891891892,1.0,0.3125,1.0,0.27627627627627627,1.0,0.20833333333333334,1.0,0.35735735735735735,1.0,0.125,1.0,0.5255255255255256,0.05828042328042328,0.16305965637583994,0.7083333333333334,0.7083333333333334,False,False,0.3541666666666667,1.0,1.0,0.7083333333333334,1.0,1.0,1.0,0.7164179104477612,1.0,1.0,0.48,1.0,1.0,0.2874251497005988,1.0,0.8,1.0,1.0,0.1111111111111111,1.0,0.625,1.0,0.1891891891891892,1.0,0.3125,1.0,0.27627627627627627,1.0,0.20833333333333334,1.0,0.36036036036036034,1.0,0.125,1.0,0.5225225225225225,,,0.0036104090163058267
vt_h4_c1,78,335,50,0.66,0.66,False,False,0.32,0.9411764705882353,0.9411764705882353,0.66,0.9705882352941176,0.9705882352941176,0.84,0.6268656716417911,0.84,0.9,0.44554455445544555,0.9,0.94,0.27976190476190477,0.94,0.8,1.0,1.0,0.11940298507462686,1.0,0.625,1.0,0.18208955223880596,1.0,0.3125,1.0,0.28955223880597014,1.0,0.20833333333333334,1.0,0.382089552238806,1.0,0.125,1.0,0.5552238805970149,0.08057986870897157,0.11447261432824991,0.68,0.68,False,False,0.34,1.0,1.0,0.68,1.0,1.0,1.0,0.746268656716418,1.0,1.0,0.49504950495049505,1.0,1.0,0.2976190476190476,1.0,0.8,1.0,1.0,0.11940298507462686,1.0,0.625,1.0,0.18208955223880596,1.0,0.3125,1.0,0.2835820895522388,1.0,0.20833333333333334,1.0,0.3641791044776119,1.0,0.125,1.0,0.5402985074626866,0.0863785557986871,0.1139616690538017,0.68,0.68,False,False,0.34,1.0,1.0,0.68,1.0,1.0,1.0,0.746268656716418,1.0,1.0,0.49504950495049505,1.0,1.0,0.2976190476190476,1.0,0.8,1.0,1.0,0.11940298507462686,1.0,0.625,1.0,0.19402985074626866,1.0,0.3125,1.0,0.28059701492537314,1.0,0.20833333333333334,1.0,0.35522388059701493,1.0,0.125,1.0,0.5253731343283582,0.04228665207877462,0.16787112821993286,0.68,0.68,False,False,0.34,1.0,1.0,0.68,1.0,1.0,1.0,0.746268656716418,1.0,1.0,0.49504950495049505,1.0,1.0,0.2976190476190476,1.0,0.8,1.0,1.0,0.11940298507462686,1.0,0.625,1.0,0.19402985074626866,1.0,0.3125,1.0,0.28059701492537314,1.0,0.20833333333333334,1.0,0.35522388059701493,1.0,0.125,1.0,0.5223880597014925,,,0.0023605548326930403
vt_h4_c1,79,334,49,0.673469387755102,0.673469387755102,False,False,0.3469387755102041,1.0,1.0,0.673469387755102,0.9705882352941176,0.9705882352941176,0.8163265306122449,0.5970149253731343,0.8163265306122449,0.8571428571428571,0.4158415841584158,0.8571428571428571,0.8775510204081632,0.25748502994011974,0.8775510204081632,0.8,1.0,1.0,0.11676646706586827,1.0,0.625,1.0,0.18862275449101795,1.0,0.3125,1.0,0.2844311377245509,1.0,0.20833333333333334,1.0,0.38023952095808383,1.0,0.125,1.0,0.5538922155688623,0.054057017543859644,0.09069291553290512,0.6938775510204082,0.6938775510204082,False,False,0.3469387755102041,1.0,1.0,0.6938775510204082,1.0,1.0,1.0,0.7313432835820896,1.0,1.0,0.48514851485148514,1.0,1.0,0.2934131736526946,1.0,0.8,1.0,1.0,0.11976047904191617,1.0,0.625,1.0,0.18562874251497005,1.0,0.3125,1.0,0.2844311377245509,1.0,0.20833333333333334,1.0,0.3712574850299401,1.0,0.125,1.0,0.5538922155688623,0.09106359649122808,0.12752223085223616,0.6938775510204082,0.6938775510204082,False,False,0.3469387755102041,1.0,1.0,0.6938775510204082,1.0,1.0,1.0,0.7313432835820896,1.0,1.0,0.48514851485148514,1.0,1.0,0.2934131736526946,1.0,0.8,1.0,1.0,0.11676646706586827,1.0,0.625,1.0,0.18562874251497005,1.0,0.3125,1.0,0.2694610778443114,1.0,0.20833333333333334,1.0,0.3592814371257485,1.0,0.125,1.0,0.5269461077844312,0.03212719298245614,0.1604629235205516,0.6938775510204082,0.6938775510204082,False,False,0.3469387755102041,1.0,1.0,0.6938775510204082,1.0,1.0,1.0,0.7313432835820896,1.0,1.0,0.48514851485148514,1.0,1.0,0.2934131736526946,1.0,0.8,1.0,1.0,0.11676646706586827,1.0,0.625,1.0,0.18562874251497005,1.0,0.3125,1.0,0.2694610778443114,1.0,0.20833333333333334,1.0,0.3592814371257485,1.0,0.125,1.0,0.5299401197604791,,,0.005406172058533887
vt_h4_c1,80,331,46,0.7391304347826086,0.7391304347826086,False,False,0.3695652173913043,1.0,1.0,0.7391304347826086,1.0,1.0,0.8913043478260869,0.6119402985074627,0.8913043478260869,0.9130434782608695,0.42,0.9130434782608695,0.9130434782608695,0.25301204819277107,0.9130434782608695,0.8,1.0,1.0,0.11178247734138973,1.0,0.625,1.0,0.17220543806646527,1.0,0.3125,1.0,0.2719033232628399,1.0,0.20833333333333334,1.0,0.3595166163141994,1.0,0.125,1.0,0.552870090634441,0.06616402116402116,0.08300769928959895,0.7391304347826086,0.7391304347826086,False,False,0.3695652173913043,1.0,1.0,0.7391304347826086,1.0,1.0,0.9347826086956522,0.6417910447761194,0.9347826086956522,0.9347826086956522,0.43,0.9347826086956522,0.9565217391304348,0.26506024096385544,0.9565217391304348,0.8,1.0,1.0,0.10876132930513595,1.0,0.625,1.0,0.17522658610271905,1.0,0.3125,1.0,0.256797583081571,1.0,0.20833333333333334,1.0,0.3474320241691843,1.0,0.125,1.0,0.5438066465256798,0.09706349206349207,0.13918868761646802,0.717391304347826,0.717391304347826,False,False,0.3695652173913043,1.0,1.0,0.717391304347826,0.9705882352941176,0.9705882352941176,1.0,0.6865671641791045,1.0,1.0,0.46,1.0,1.0,0.27710843373493976,1.0,0.8,1.0,1.0,0.10876132930513595,1.0,0.625,1.0,0.17220543806646527,1.0,0.3125,1.0,0.26586102719033233,1.0,0.20833333333333334,1.0,0.34441087613293053,1.0,0.125,1.0,0.5105740181268882,0.04510582010582011,0.17654123988391973,0.717391304347826,0.717391304347826,False,False,0.3695652173913043,1.0,1.0,0.717391304347826,0.9705882352941176,0.9705882352941176,1.0,0.6865671641791045,1.0,1.0,0.46,1.0,1.0,0.27710843373493976,1.0,0.8,1.0,1.0,0.10876132930513595,1.0,0.625,1.0,0.17220543806646527,1.0,0.3125,1.0,0.2688821752265861,1.0,0.20833333333333334,1.0,0.34441087613293053,1.0,0.125,1.0,0.5105740181268882,,,0.0030061539796536474
vt_h4_c1,81,333,48,0.7083333333333334,0.7083333333333334,False,False,0.3541666666666667,1.0,1.0,0.7083333333333334,1.0,1.0,0.8541666666666666,0.6119402985074627,0.8541666666666666,0.875,0.42,0.875,0.9166666666666666,0.2634730538922156,0.9166666666666666,0.8,1.0,1.0,0.11711711711711711,1.0,0.625,1.0,0.17717717717717718,1.0,0.3125,1.0,0.2822822822822823,1.0,0.20833333333333334,1.0,0.3813813813813814,1.0,0.125,1.0,0.5555555555555556,0.06277354900095147,0.08909811392894898,0.7083333333333334,0.7083333333333334,False,False,0.3541666666666667,1.0,1.0,0.7083333333333334,1.0,1.0,0.9583333333333334,0.6865671641791045,0.9583333333333334,0.9583333333333334,0.46,0.9583333333333334,0.9583333333333334,0.2754491017964072,0.9583333333333334,0.8,1.0,1.0,0.11711711711711711,1.0,0.625,1.0,0.17717717717717718,1.0,0.3125,1.0,0.26426426426426425,1.0,0.20833333333333334,1.0,0.3633633633633634,1.0,0.125,1.0,0.5465465465465466,0.09393434823977165,0.13758932962141554,0.7083333333333334,0.7083333333333334,False,False,0.3541666666666667,1.0,1.0,0.7083333333333334,1.0,1.0,1.0,0.7164179104477612,1.0,1.0,0.48,1.0,1.0,0.2874251497005988,1.0,0.8,1.0,1.0,0.11711711711711711,1.0,0.625,1.0,0.17717717717717718,1.0,0.3125,1.0,0.2732732732732733,1.0,0.20833333333333334,1.0,0.35435435435435436,1.0,0.125,1.0,0.5195195195195195,0.07247859181731683,0.17307174507652706,0.7083333333333334,0.7083333333333334,False,False,0.3541666666666667,1.0,1.0,0.7083333333333334,1.0,1.0,1.0,0.7164179104477612,1.0,1.0,0.48,1.0,1.0,0.2874251497005988,1.0,0.8,1.0,1.0,0.11711711711711711,1.0,0.625,1.0,0.17717717717717718,1.0,0.3125,1.0,0.2732732732732733,1.0,0.20833333333333334,1.0,0.35435435435435436,1.0,0.125,1.0,0.5225225225225225,,,0.005537489275295737
vt_h4_c1,82,334,49,0.6530612244897959,0.6530612244897959,False,False,0.32653061224489793,0.9411764705882353,0.9411764705882353,0.6530612244897959,0.9411764705882353,0.9411764705882353,0.8571428571428571,0.6268656716417911,0.8571428571428571,0.8775510204081632,0.42574257425742573,0.8775510204081632,0.8979591836734694,0.2634730538922156,0.8979591836734694,0.8,1.0,1.0,0.11676646706586827,1.0,0.625,1.0,0.19161676646706588,1.0,0.3125,1.0,0.27844311377245506,1.0,0.20833333333333334,1.0,0.36826347305389223,1.0,0.125,1.0,0.5508982035928144,0.04582096933728982,0.07236545581783584,0.6938775510204082,0.6938775510204082,False,False,0.3469387755102041,1.0,1.0,0.6938775510204082,1.0,1.0,0.9795918367346939,0.7164179104477612,0.9795918367346939,1.0,0.48514851485148514,1.0,1.0,0.2934131736526946,1.0,0.8,1.0,1.0,0.11976047904191617,1.0,0.625,1.0,0.19161676646706588,1.0,0.3125,1.0,0.27245508982035926,1.0,0.20833333333333334,1.0,0.36826347305389223,1.0,0.125,1.0,0.5568862275449101,0.08019287833827893,0.11324476258614721,0.6938775510204082,0.6938775510204082,False,False,0.3469387755102041,1.0,1.0,0.6938775510204082,1.0,1.0,1.0,0.7313432835820896,1.0,1.0,0.48514851485148514,1.0,1.0,0.2934131736526946,1.0,0.8,1.0,1.0,0.11676646706586827,1.0,0.625,1.0,0.19161676646706588,1.0,0.3125,1.0,0.2754491017964072,1.0,0.20833333333333334,1.0,0.3502994011976048,1.0,0.125,1.0,0.5149700598802395,0.04097428288822948,0.15240400842060903,0.6938775510204082,0.6938775510204082,False,False,0.3469387755102041,1.0,1.0,0.6938775510204082,1.0,1.0,1.0,0.7313432835820896,1.0,1.0,0.48514851485148514,1.0,1.0,0.2934131736526946,1.0,0.8,1.0,1.0,0.11676646706586827,1.0,0.625,1.0,0.19161676646706588,1.0,0.3125,1.0,0.2754491017964072,1.0,0.20833333333333334,1.0,0.3502994011976048,1.0,0.125,1.0,0.5209580838323353,,,0.0031891118245908068
vt_h4_c1,83,332,47,0.6808510638297872,0.6808510638297872,False,False,0.3404255319148936,0.9411764705882353,0.9411764705882353,0.6808510638297872,0.9411764705882353,0.9411764705882353,0.8085106382978723,0.5671641791044776,0.8085106382978723,0.8085106382978723,0.38,0.8085106382978723,0.8297872340425532,0.23493975903614459,0.8297872340425532,0.8,1.0,1.0,0.11144578313253012,1.0,0.625,1.0,0.18674698795180722,1.0,0.3125,1.0,0.27710843373493976,1.0,0.20833333333333334,1.0,0.37650602409638556,1.0,0.125,1.0,0.5632530120481928,0.04065420560747664,0.07625611861931239,0.723404255319149,0.723404255319149,False,False,0.3617021276595745,1.0,1.0,0.723404255319149,1.0,1.0,0.9787234042553191,0.6865671641791045,0.9787234042553191,0.9787234042553191,0.46,0.9787234042553191,1.0,0.28313253012048195,1.0,0.8,1.0,1.0,0.11144578313253012,1.0,0.625,1.0,0.18072289156626506,1.0,0.3125,1.0,0.27710843373493976,1.0,0.20833333333333334,1.0,0.3614457831325301,1.0,0.125,1.0,0.5512048192771084,0.03710280373831776,0.06701233297435735,0.723404255319149,0.723404255319149,False,False,0.3617021276595745,1.0,1.0,0.723404255319149,1.0,1.0,1.0,0.7014925373134329,1.0,1.0,0.47,1.0,1.0,0.28313253012048195,1.0,0.8,1.0,1.0,0.11144578313253012,1.0,0.625,1.0,0.18674698795180722,1.0,0.3125,1.0,0.2740963855421687,1.0,0.20833333333333334,1.0,0.35542168674698793,1.0,0.125,1.0,0.5240963855421686,0.04004672897196262,0.16197450193898458,0.723404255319149,0.723404255319149,False,False,0.3617021276595745,1.0,1.0,0.723404255319149,1.0,1.0,1.0,0.7014925373134329,1.0,1.0,0.47,1.0,1.0,0.28313253012048195,1.0,0.8,1.0,1.0,0.11144578313253012,1.0,0.625,1.0,0.18674698795180722,1.0,0.3125,1.0,0.28012048192771083,1.0,0.20833333333333334,1.0,0.35843373493975905,1.0,0.125,1.0,0.5240963855421686,,,0.004342644204049062
vt_h4_c1,84,329,44,0.6136363636363636,0.6136363636363636,False,False,0.3409090909090909,0.8823529411764706,0.8823529411764706,0.6136363636363636,0.8181818181818182,0.8181818181818182,0.75,0.5,0.75,0.8863636363636364,0.3939393939393939,0.8863636363636364,0.9772727272727273,0.2606060606060606,0.9772727272727273,0.6,0.75,0.75,0.09422492401215805,1.0,0.625,1.0,0.17325227963525835,1.0,0.3125,1.0,0.26443768996960487,1.0,0.20833333333333334,1.0,0.3617021276595745,1.0,0.125,1.0,0.5501519756838906,0.15240805604203153,0.21719192416241095,0.7045454545454546,0.7045454545454546,False,False,0.36363636363636365,0.9411764705882353,0.9411764705882353,0.7045454545454546,0.9393939393939394,0.9393939393939394,1.0,0.6666666666666666,1.0,1.0,0.4444444444444444,1.0,1.0,0.26666666666666666,1.0,0.8,1.0,1.0,0.10638297872340426,1.0,0.625,1.0,0.17325227963525835,1.0,0.3125,1.0,0.2735562310030395,1.0,0.20833333333333334,1.0,0.3708206686930091,1.0,0.125,1.0,0.5562310030395137,0.14724168126094575,0.21855075648531538,0.75,0.75,False,False,0.38636363636363635,1.0,1.0,0.75,1.0,1.0,1.0,0.6666666666666666,1.0,1.0,0.4444444444444444,1.0,1.0,0.26666666666666666,1.0,0.8,1.0,1.0,0.10638297872340426,1.0,0.625,1.0,0.17933130699088146,1.0,0.3125,1.0,0.2674772036474164,1.0,0.20833333333333334,1.0,0.3556231003039514,1.0,0.125,1.0,0.5197568389057751,0.20267075306479856,0.3118475742830894,0.75,0.75,False,False,0.38636363636363635,1.0,1.0,0.75,1.0,1.0,1.0,0.6666666666666666,1.0,1.0,0.4444444444444444,1.0,1.0,0.26666666666666666,1.0,0.8,1.0,1.0,0.10638297872340426,1.0,0.625,1.0,0.17933130699088146,1.0,0.3125,1.0,0.2674772036474164,1.0,0.20833333333333334,1.0,0.3556231003039514,1.0,0.125,1.0,0.5227963525835866,,,0.0028734922004254315
vt_h4_c1,85,332,47,0.6382978723404256,0.6382978723404256,False,False,0.3404255319148936,0.9411764705882353,0.9411764705882353,0.6382978723404256,0.8823529411764706,0.8823529411764706,0.851063829787234,0.5970149253731343,0.851063829787234,0.8723404255319149,0.41,0.8723404255319149,0.9148936170212766,0.25903614457831325,0.9148936170212766,0.6,0.75,0.75,0.09939759036144578,1.0,0.625,1.0,0.17771084337349397,1.0,0.3125,1.0,0.2740963855421687,1.0,0.20833333333333334,1.0,0.37349397590361444,1.0,0.125,1.0,0.5602409638554217,0.050784966698382505,0.06329850663509737,0.723404255319149,0.723404255319149,False,False,0.3617021276595745,1.0,1.0,0.723404255319149,1.0,1.0,1.0,0.7014925373134329,1.0,1.0,0.47,1.0,1.0,0.28313253012048195,1.0,0.8,1.0,1.0,0.11144578313253012,1.0,0.625,1.0,0.17771084337349397,1.0,0.3125,1.0,0.2740963855421687,1.0,0.20833333333333334,1.0,0.3644578313253012,1.0,0.125,1.0,0.5512048192771084,0.06163177925784966,0.08476345985388367,0.723404255319149,0.723404255319149,False,False,0.3617021276595745,1.0,1.0,0.723404255319149,1.0,1.0,1.0,0.7014925373134329,1.0,1.0,0.47,1.0,1.0,0.28313253012048195,1.0,0.8,1.0,1.0,0.11144578313253012,1.0,0.625,1.0,0.18072289156626506,1.0,0.3125,1.0,0.2740963855421687,1.0,0.20833333333333334,1.0,0.35843373493975905,1.0,0.125,1.0,0.5301204819277109,0.053829686013320645,0.1655833392900765,0.723404255319149,0.723404255319149,False,False,0.3617021276595745,1.0,1.0,0.723404255319149,1.0,1.0,1.0,0.7014925373134329,1.0,1.0,0.47,1.0,1.0,0.28313253012048195,1.0,0.8,1.0,1.0,0.11144578313253012,1.0,0.625,1.0,0.18072289156626506,1.0,0.3125,1.0,0.2740963855421687,1.0,0.20833333333333334,1.0,0.3614457831325301,1.0,0.125,1.0,0.5301204819277109,,,0.0021340770564473033
vt_h4_c1,86,332,47,0.6808510638297872,0.6808510638297872,False,False,0.3617021276595745,1.0,1.0,0.6808510638297872,0.9411764705882353,0.9411764705882353,0.8936170212765957,0.6268656716417911,0.8936170212765957,0.8936170212765957,0.42,0.8936170212765957,0.9148936170212766,0.25903614457831325,0.9148936170212766,0.8,1.0,1.0,0.1144578313253012,1.0,0.625,1.0,0.18674698795180722,1.0,0.3125,1.0,0.28012048192771083,1.0,0.20833333333333334,1.0,0.37349397590361444,1.0,0.125,1.0,0.5512048192771084,0.041573971078976646,0.06262984569044791,0.723404255319149,0.723404255319149,False,False,0.3617021276595745,1.0,1.0,0.723404255319149,1.0,1.0,0.9787234042553191,0.6865671641791045,0.9787234042553191,1.0,0.47,1.0,1.0,0.28313253012048195,1.0,0.8,1.0,1.0,0.1144578313253012,1.0,0.625,1.0,0.1746987951807229,1.0,0.3125,1.0,0.27710843373493976,1.0,0.20833333333333334,1.0,0.3704819277108434,1.0,0.125,1.0,0.5542168674698795,0.06593437152391546,0.09060278415098602,0.723404255319149,0.723404255319149,False,False,0.3617021276595745,1.0,1.0,0.723404255319149,1.0,1.0,1.0,0.7014925373134329,1.0,1.0,0.47,1.0,1.0,0.28313253012048195,1.0,0.8,1.0,1.0,0.1144578313253012,1.0,0.625,1.0,0.1746987951807229,1.0,0.3125,1.0,0.2710843373493976,1.0,0.20833333333333334,1.0,0.3463855421686747,1.0,0.125,1.0,0.5240963855421686,0.05180756395995549,0.17564578017352844,0.723404255319149,0.723404255319149,False,False,0.3617021276595745,1.0,1.0,0.723404255319149,1.0,1.0,1.0,0.7014925373134329,1.0,1.0,0.47,1.0,1.0,0.28313253012048195,1.0,0.8,1.0,1.0,0.1144578313253012,1.0,0.625,1.0,0.1746987951807229,1.0,0.3125,1.0,0.2680722891566265,1.0,0.20833333333333334,1.0,0.35240963855421686,1.0,0.125,1.0,0.5271084337349398,,,0.0017086535686692272
vt_h4_c1,87,329,44,0.7272727272727273,0.7272727272727273,False,False,0.36363636363636365,0.9411764705882353,0.9411764705882353,0.7272727272727273,0.9696969696969697,0.9696969696969697,0.8181818181818182,0.5454545454545454,0.8181818181818182,0.8409090909090909,0.37373737373737376,0.8409090909090909,0.8636363636363636,0.23030303030303031,0.8636363636363636,0.8,1.0,1.0,0.1094224924012158,1.0,0.625,1.0,0.17325227963525835,1.0,0.3125,1.0,0.2735562310030395,1.0,0.20833333333333334,1.0,0.3677811550151976,1.0,0.125,1.0,0.547112462006079,0.0501412429378531,0.07092548852592519,0.75,0.75,False,False,0.38636363636363635,1.0,1.0,0.75,1.0,1.0,1.0,0.6666666666666666,1.0,1.0,0.4444444444444444,1.0,1.0,0.26666666666666666,1.0,0.8,1.0,1.0,0.1094224924012158,1.0,0.625,1.0,0.16717325227963525,1.0,0.3125,1.0,0.25835866261398177,1.0,0.20833333333333334,1.0,0.3434650455927052,1.0,0.125,1.0,0.541033434650456,0.10353107344632768,0.1496786462662364,0.75,0.75,False,False,0.38636363636363635,1.0,1.0,0.75,1.0,1.0,1.0,0.6666666666666666,1.0,1.0,0.4444444444444444,1.0,1.0,0.26666666666666666,1.0,0.8,1.0,1.0,0.1033434650455927,1.0,0.625,1.0,0.17933130699088146,1.0,0.3125,1.0,0.2674772036474164,1.0,0.20833333333333334,1.0,0.3495440729483283,1.0,0.125,1.0,0.5106382978723404,0.10901129943502826,0.19201961934376036,0.75,0.75,False,False,0.38636363636363635,1.0,1.0,0.75,1.0,1.0,1.0,0.6666666666666666,1.0,1.0,0.4444444444444444,1.0,1.0,0.26666666666666666,1.0,0.8,1.0,1.0,0.1094224924012158,1.0,0.625,1.0,0.17933130699088146,1.0,0.3125,1.0,0.2674772036474164,1.0,0.20833333333333334,1.0,0.3495440729483283,1.0,0.125,1.0,0.513677811550152,,,0.0027984165796639537
vt_h4_c1,88,331,46,0.6739130434782609,0.6739130434782609,False,False,0.34782608695652173,0.9411764705882353,0.9411764705882353,0.6739130434782609,0.9117647058823529,0.9117647058823529,0.8913043478260869,0.6119402985074627,0.8913043478260869,0.9347826086956522,0.43,0.9347826086956522,0.9565217391304348,0.26506024096385544,0.9565217391304348,0.8,1.0,1.0,0.11178247734138973,1.0,0.625,1.0,0.1782477341389728,1.0,0.3125,1.0,0.2688821752265861,1.0,0.20833333333333334,1.0,0.3564954682779456,1.0,0.125,1.0,0.540785498489426,0.10441176470588238,0.13815229071398039,0.7391304347826086,0.7391304347826086,False,False,0.3695652173913043,1.0,1.0,0.7391304347826086,1.0,1.0,1.0,0.6865671641791045,1.0,1.0,0.46,1.0,1.0,0.27710843373493976,1.0,0.8,1.0,1.0,0.11178247734138973,1.0,0.625,1.0,0.17220543806646527,1.0,0.3125,1.0,0.2688821752265861,1.0,0.20833333333333334,1.0,0.3564954682779456,1.0,0.125,1.0,0.5347432024169184,0.1244377162629758,0.182190504653661,0.7391304347826086,0.7391304347826086,False,False,0.3695652173913043,1.0,1.0,0.7391304347826086,1.0,1.0,1.0,0.6865671641791045,1.0,1.0,0.46,1.0,1.0,0.27710843373493976,1.0,0.8,1.0,1.0,0.11178247734138973,1.0,0.625,1.0,0.1782477341389728,1.0,0.3125,1.0,0.27492447129909364,1.0,0.20833333333333334,1.0,0.3504531722054381,1.0,0.125,1.0,0.5196374622356495,0.09416089965397922,0.18788492307108534,0.7391304347826086,0.7391304347826086,False,False,0.3695652173913043,1.0,1.0,0.7391304347826086,1.0,1.0,1.0,0.6865671641791045,1.0,1.0,0.46,1.0,1.0,0.27710843373493976,1.0,0.8,1.0,1.0,0.11178247734138973,1.0,0.625,1.0,0.1782477341389728,1.0,0.3125,1.0,0.27492447129909364,1.0,0.20833333333333334,1.0,0.3504531722054381,1.0,0.125,1.0,0.5196374622356495,,,0.003336725721657885
vt_h4_c1,89,329,44,0.6363636363636364,0.6363636363636364,False,False,0.36363636363636365,0.9411764705882353,0.9411764705882353,0.6363636363636364,0.8484848484848485,0.8484848484848485,0.8409090909090909,0.5606060606060606,0.8409090909090909,0.8636363636363636,0.3838383838383838,0.8636363636363636,0.9318181818181818,0.24848484848484848,0.9318181818181818,0.6,0.75,0.75,0.0972644376899696,1.0,0.625,1.0,0.17933130699088146,1.0,0.3125,1.0,0.26443768996960487,1.0,0.20833333333333334,1.0,0.364741641337386,1.0,0.125,1.0,0.547112462006079,0.04294616151545364,0.0700012752668193,0.75,0.75,False,False,0.38636363636363635,1.0,1.0,0.75,1.0,1.0,1.0,0.6666666666666666,1.0,1.0,0.4444444444444444,1.0,1.0,0.26666666666666666,1.0,0.8,1.0,1.0,0.10638297872340426,1.0,0.625,1.0,0.17933130699088146,1.0,0.3125,1.0,0.26443768996960487,1.0,0.20833333333333334,1.0,0.3677811550151976,1.0,0.125,1.0,0.5653495440729484,0.05251744765702891,0.08297399945052564,0.75,0.75,False,False,0.38636363636363635,1.0,1.0,0.75,1.0,1.0,1.0,0.6666666666666666,1.0,1.0,0.4444444444444444,1.0,1.0,0.26666666666666666,1.0,0.8,1.0,1.0,0.1033434650455927,1.0,0.625,1.0,0.17933130699088146,1.0,0.3125,1.0,0.2735562310030395,1.0,0.20833333333333334,1.0,0.3525835866261398,1.0,0.125,1.0,0.5197568389057751,0.07918743768693919,0.17521708794606078,0.75,0.75,False,False,0.38636363636363635,1.0,1.0,0.75,1.0,1.0,1.0,0.6666666666666666,1.0,1.0,0.4444444444444444,1.0,1.0,0.26666666666666666,1.0,0.8,1.0,1.0,0.10638297872340426,1.0,0.625,1.0,0.17933130699088146,1.0,0.3125,1.0,0.2735562310030395,1.0,0.20833333333333334,1.0,0.3525835866261398,1.0,0.125,1.0,0.5197568389057751,,,0.0019083885816538748
vt_h4_c1,90,331,46,0.6739130434782609,0.6739130434782609,False,False,0.34782608695652173,0.9411764705882353,0.9411764705882353,0.6739130434782609,0.9117647058823529,0.9117647058823529,0.8478260869565217,0.582089552238806,0.8478260869565217,0.8695652173913043,0.4,0.8695652173913043,0.8695652173913043,0.24096385542168675,0.8695652173913043,0.8,1.0,1.0,0.11178247734138973,1.0,0.625,1.0,0.17522658610271905,1.0,0.3125,1.0,0.2628398791540785,1.0,0.20833333333333334,1.0,0.36555891238670696,1.0,0.125,1.0,0.5589123867069486,0.048901940755873355,0.06393640128482167,0.7391304347826086,0.7391304347826086,False,False,0.3695652173913043,1.0,1.0,0.7391304347826086,1.0,1.0,1.0,0.6865671641791045,1.0,1.0,0.46,1.0,1.0,0.27710843373493976,1.0,0.8,1.0,1.0,0.11178247734138973,1.0,0.625,1.0,0.18429003021148035,1.0,0.3125,1.0,0.2719033232628399,1.0,0.20833333333333334,1.0,0.3564954682779456,1.0,0.125,1.0,0.5317220543806647,0.10150663942798774,0.15034671317279355,0.7391304347826086,0.7391304347826086,False,False,0.3695652173913043,1.0,1.0,0.7391304347826086,1.0,1.0,1.0,0.6865671641791045,1.0,1.0,0.46,1.0,1.0,0.27710843373493976,1.0,0.8,1.0,1.0,0.11178247734138973,1.0,0.625,1.0,0.18429003021148035,1.0,0.3125,1.0,0.2719033232628399,1.0,0.20833333333333334,1.0,0.3504531722054381,1.0,0.125,1.0,0.5105740181268882,0.12234422880490296,0.197181270788528,0.7391304347826086,0.7391304347826086,False,False,0.3695652173913043,1.0,1.0,0.7391304347826086,1.0,1.0,1.0,0.6865671641791045,1.0,1.0,0.46,1.0,1.0,0.27710843373493976,1.0,0.8,1.0,1.0,0.11178247734138973,1.0,0.625,1.0,0.18429003021148035,1.0,0.3125,1.0,0.2719033232628399,1.0,0.20833333333333334,1.0,0.35347432024169184,1.0,0.125,1.0,0.5166163141993958,,,0.0024928405328465963
vt_h4_c1,91,331,46,0.6739130434782609,0.6739130434782609,False,False,0.34782608695652173,0.9411764705882353,0.9411764705882353,0.6739130434782609,0.9117647058823529,0.9117647058823529,0.8913043478260869,0.6119402985074627,0.8913043478260869,0.8913043478260869,0.41,0.8913043478260869,0.9130434782608695,0.25301204819277107,0.9130434782608695,0.6,0.75,0.75,0.09969788519637462,1.0,0.625,1.0,0.1782477341389728,1.0,0.3125,1.0,0.2719033232628399,1.0,0.20833333333333334,1.0,0.3595166163141994,1.0,0.125,1.0,0.5468277945619335,0.0684574976122254,0.09971260559652881,0.7391304347826086,0.7391304347826086,False,False,0.3695652173913043,1.0,1.0,0.7391304347826086,1.0,1.0,1.0,0.6865671641791045,1.0,1.0,0.46,1.0,1.0,0.27710843373493976,1.0,0.8,1.0,1.0,0.11178247734138973,1.0,0.625,1.0,0.1782477341389728,1.0,0.3125,1.0,0.2628398791540785,1.0,0.20833333333333334,1.0,0.36555891238670696,1.0,0.125,1.0,0.5468277945619335,0.13703438395415474,0.21046987319069901,0.7391304347826086,0.7391304347826086,False,False,0.3695652173913043,1.0,1.0,0.7391304347826086,1.0,1.0,1.0,0.6865671641791045,1.0,1.0,0.46,1.0,1.0,0.27710843373493976,1.0,0.8,1.0,1.0,0.11178247734138973,1.0,0.625,1.0,0.17220543806646527,1.0,0.3125,1.0,0.27492447129909364,1.0,0.20833333333333334,1.0,0.3504531722054381,1.0,0.125,1.0,0.5226586102719033,0.09553486150907357,0.1878261713159385,0.7391304347826086,0.7391304347826086,False,False,0.3695652173913043,1.0,1.0,0.7391304347826086,1.0,1.0,1.0,0.6865671641791045,1.0,1.0,0.46,1.0,1.0,0.27710843373493976,1.0,0.8,1.0,1.0,0.11178247734138973,1.0,0.625,1.0,0.17220543806646527,1.0,0.3125,1.0,0.27492447129909364,1.0,0.20833333333333334,1.0,0.35347432024169184,1.0,0.125,1.0,0.525679758308157,,,0.005962901041081103
vt_h4_c1,92,333,48,0.6875,0.6875,False,False,0.3333333333333333,0.9411764705882353,0.9411764705882353,0.6875,0.9705882352941176,0.9705882352941176,0.8958333333333334,0.6417910447761194,0.8958333333333334,0.8958333333333334,0.43,0.8958333333333334,0.9166666666666666,0.2634730538922156,0.9166666666666666,0.8,1.0,1.0,0.11711711711711711,1.0,0.625,1.0,0.1831831831831832,1.0,0.3125,1.0,0.2732732732732733,1.0,0.20833333333333334,1.0,0.3633633633633634,1.0,0.125,1.0,0.5465465465465466,0.08975995914198162,0.11562323313761014,0.7083333333333334,0.7083333333333334,False,False,0.3541666666666667,1.0,1.0,0.7083333333333334,1.0,1.0,1.0,0.7164179104477612,1.0,1.0,0.48,1.0,1.0,0.2874251497005988,1.0,0.8,1.0,1.0,0.11711711711711711,1.0,0.625,1.0,0.1831831831831832,1.0,0.3125,1.0,0.2852852852852853,1.0,0.20833333333333334,1.0,0.3783783783783784,1.0,0.125,1.0,0.5495495495495496,0.10339632277834523,0.13272222695346683,0.7083333333333334,0.7083333333333334,False,False,0.3541666666666667,1.0,1.0,0.7083333333333334,1.0,1.0,1.0,0.7164179104477612,1.0,1.0,0.48,1.0,1.0,0.2874251497005988,1.0,0.8,1.0,1.0,0.11411411411411411,1.0,0.625,1.0,0.1831831831831832,1.0,0.3125,1.0,0.27627627627627627,1.0,0.20833333333333334,1.0,0.35735735735735735,1.0,0.125,1.0,0.5195195195195195,0.07913687436159347,0.1651408780672282,0.7083333333333334,0.7083333333333334,False,False,0.3541666666666667,1.0,1.0,0.7083333333333334,1.0,1.0,1.0,0.7164179104477612,1.0,1.0,0.48,1.0,1.0,0.2874251497005988,1.0,0.8,1.0,1.0,0.11711711711711711,1.0,0.625,1.0,0.1891891891891892,1.0,0.3125,1.0,0.27627627627627627,1.0,0.20833333333333334,1.0,0.35735735735735735,1.0,0.125,1.0,0.5195195195195195,,,0.002020890127148789
vt_h4_c1,93,331,46,0.6739130434782609,0.6739130434782609,False,False,0.34782608695652173,0.9411764705882353,0.9411764705882353,0.6739130434782609,0.9117647058823529,0.9117647058823529,0.8695652173913043,0.5970149253731343,0.8695652173913043,0.8913043478260869,0.41,0.8913043478260869,0.8913043478260869,0.2469879518072289,0.8913043478260869,0.8,1.0,1.0,0.11178247734138973,1.0,0.625,1.0,0.1782477341389728,1.0,0.3125,1.0,0.27492447129909364,1.0,0.20833333333333334,1.0,0.36253776435045315,1.0,0.125,1.0,0.5468277945619335,0.08519039376893116,0.10439632321503359,0.7391304347826086,0.7391304347826086,False,False,0.3695652173913043,1.0,1.0,0.7391304347826086,1.0,1.0,0.9782608695652174,0.6716417910447762,0.9782608695652174,0.9782608695652174,0.45,0.9782608695652174,1.0,0.27710843373493976,1.0,0.8,1.0,1.0,0.11178247734138973,1.0,0.625,1.0,0.1782477341389728,1.0,0.3125,1.0,0.27492447129909364,1.0,0.20833333333333334,1.0,0.3716012084592145,1.0,0.125,1.0,0.5498489425981873,0.10483556901774124,0.14534654561448518,0.7391304347826086,0.7391304347826086,False,False,0.3695652173913043,1.0,1.0,0.7391304347826086,1.0,1.0,1.0,0.6865671641791045,1.0,1.0,0.46,1.0,1.0,0.27710843373493976,1.0,0.8,1.0,1.0,0.11178247734138973,1.0,0.625,1.0,0.1782477341389728,1.0,0.3125,1.0,0.27492447129909364,1.0,0.20833333333333334,1.0,0.3595166163141994,1.0,0.125,1.0,0.5196374622356495,0.1044461272176547,0.1877731870779949,0.7391304347826086,0.7391304347826086,False,False,0.3695652173913043,1.0,1.0,0.7391304347826086,1.0,1.0,1.0,0.6865671641791045,1.0,1.0,0.46,1.0,1.0,0.27710843373493976,1.0,0.8,1.0,1.0,0.11178247734138973,1.0,0.625,1.0,0.1782477341389728,1.0,0.3125,1.0,0.27492447129909364,1.0,0.20833333333333334,1.0,0.3595166163141994,1.0,0.125,1.0,0.525679758308157,,,0.002660363964918866
vt_h4_c1,94,336,51,0.6666666666666666,0.6666666666666666,False,False,0.3333333333333333,1.0,1.0,0.6666666666666666,1.0,1.0,0.9215686274509803,0.6911764705882353,0.9215686274509803,0.9411764705882353,0.4752475247524752,0.9411764705882353,0.9803921568627451,0.2976190476190476,0.9803921568627451,0.8,1.0,1.0,0.11904761904761904,1.0,0.625,1.0,0.1875,1.0,0.3125,1.0,0.28869047619047616,1.0,0.20833333333333334,1.0,0.375,1.0,0.125,1.0,0.5505952380952381,0.05406178489702518,0.08975664323214091,0.6666666666666666,0.6666666666666666,False,False,0.3333333333333333,1.0,1.0,0.6666666666666666,1.0,1.0,1.0,0.75,1.0,1.0,0.504950495049505,1.0,1.0,0.30357142857142855,1.0,0.8,1.0,1.0,0.11904761904761904,1.0,0.625,1.0,0.19345238095238096,1.0,0.3125,1.0,0.27976190476190477,1.0,0.20833333333333334,1.0,0.37797619047619047,1.0,0.125,1.0,0.5595238095238095,0.06121281464530891,0.08534628867700218,0.6666666666666666,0.6666666666666666,False,False,0.3333333333333333,1.0,1.0,0.6666666666666666,1.0,1.0,1.0,0.75,1.0,1.0,0.504950495049505,1.0,1.0,0.30357142857142855,1.0,0.8,1.0,1.0,0.12202380952380952,1.0,0.625,1.0,0.19642857142857142,1.0,0.3125,1.0,0.2767857142857143,1.0,0.20833333333333334,1.0,0.35119047619047616,1.0,0.125,1.0,0.5208333333333334,0.04536613272311213,0.17080749019666683,0.6666666666666666,0.6666666666666666,False,False,0.3333333333333333,1.0,1.0,0.6666666666666666,1.0,1.0,1.0,0.75,1.0,1.0,0.504950495049505,1.0,1.0,0.30357142857142855,1.0,0.8,1.0,1.0,0.12202380952380952,1.0,0.625,1.0,0.19642857142857142,1.0,0.3125,1.0,0.2767857142857143,1.0,0.20833333333333334,1.0,0.3541666666666667,1.0,0.125,1.0,0.5208333333333334,,,0.0021932890049782827
vt_h4_c1,95,331,46,0.717391304347826,0.717391304347826,False,False,0.34782608695652173,0.9411764705882353,0.9411764705882353,0.717391304347826,0.9705882352941176,0.9705882352941176,0.9565217391304348,0.6567164179104478,0.9565217391304348,0.9565217391304348,0.44,0.9565217391304348,0.9782608695652174,0.2710843373493976,0.9782608695652174,0.6,0.75,0.75,0.09969788519637462,1.0,0.625,1.0,0.17220543806646527,1.0,0.3125,1.0,0.27492447129909364,1.0,0.20833333333333334,1.0,0.36253776435045315,1.0,0.125,1.0,0.5468277945619335,0.08950676982591876,0.1148253278159936,0.7391304347826086,0.7391304347826086,False,False,0.3695652173913043,1.0,1.0,0.7391304347826086,1.0,1.0,0.9347826086956522,0.6417910447761194,0.9347826086956522,0.9347826086956522,0.43,0.9347826086956522,0.9565217391304348,0.26506024096385544,0.9565217391304348,0.8,1.0,1.0,0.10876132930513595,1.0,0.625,1.0,0.1782477341389728,1.0,0.3125,1.0,0.27794561933534745,1.0,0.20833333333333334,1.0,0.36555891238670696,1.0,0.125,1.0,0.5468277945619335,0.1260154738878143,0.19465601129929516,0.7391304347826086,0.7391304347826086,False,False,0.3695652173913043,1.0,1.0,0.7391304347826086,1.0,1.0,1.0,0.6865671641791045,1.0,1.0,0.46,1.0,1.0,0.27710843373493976,1.0,0.8,1.0,1.0,0.10876132930513595,1.0,0.625,1.0,0.1782477341389728,1.0,0.3125,1.0,0.27492447129909364,1.0,0.20833333333333334,1.0,0.3504531722054381,1.0,0.125,1.0,0.513595166163142,0.0410541586073501,0.1578733099156259,0.7391304347826086,0.7391304347826086,False,False,0.3695652173913043,1.0,1.0,0.7391304347826086,1.0,1.0,1.0,0.6865671641791045,1.0,1.0,0.46,1.0,1.0,0.27710843373493976,1.0,0.8,1.0,1.0,0.10876132930513595,1.0,0.625,1.0,0.1782477341389728,1.0,0.3125,1.0,0.27492447129909364,1.0,0.20833333333333334,1.0,0.3474320241691843,1.0,0.125,1.0,0.513595166163142,,,0.0029346862233472493
vt_h4_c1,96,329,44,0.7272727272727273,0.7272727272727273,False,False,0.38636363636363635,1.0,1.0,0.7272727272727273,0.9696969696969697,0.9696969696969697,0.7727272727272727,0.5151515151515151,0.7727272727272727,0.8181818181818182,0.36363636363636365,0.8181818181818182,0.8409090909090909,0.22424242424242424,0.8409090909090909,0.8,1.0,1.0,0.10638297872340426,1.0,0.625,1.0,0.16109422492401215,1.0,0.3125,1.0,0.2613981762917933,1.0,0.20833333333333334,1.0,0.3495440729483283,1.0,0.125,1.0,0.5349544072948328,0.03897712833545108,0.06180326512065613,0.75,0.75,False,False,0.38636363636363635,1.0,1.0,0.75,1.0,1.0,1.0,0.6666666666666666,1.0,1.0,0.4444444444444444,1.0,1.0,0.26666666666666666,1.0,0.8,1.0,1.0,0.10638297872340426,1.0,0.625,1.0,0.16717325227963525,1.0,0.3125,1.0,0.25835866261398177,1.0,0.20833333333333334,1.0,0.3495440729483283,1.0,0.125,1.0,0.541033434650456,0.1130559085133418,0.17661359782519526,0.75,0.75,False,False,0.38636363636363635,1.0,1.0,0.75,1.0,1.0,1.0,0.6666666666666666,1.0,1.0,0.4444444444444444,1.0,1.0,0.26666666666666666,1.0,0.8,1.0,1.0,0.10638297872340426,1.0,0.625,1.0,0.17933130699088146,1.0,0.3125,1.0,0.25835866261398177,1.0,0.20833333333333334,1.0,0.3434650455927052,1.0,0.125,1.0,0.5258358662613982,0.03885006353240152,0.16641200997419134,0.75,0.75,False,False,0.38636363636363635,1.0,1.0,0.75,1.0,1.0,1.0,0.6666666666666666,1.0,1.0,0.4444444444444444,1.0,1.0,0.26666666666666666,1.0,0.8,1.0,1.0,0.10638297872340426,1.0,0.625,1.0,0.17933130699088146,1.0,0.3125,1.0,0.25835866261398177,1.0,0.20833333333333334,1.0,0.3434650455927052,1.0,0.125,1.0,0.5258358662613982,,,0.0029188162112007143
vt_h4_c1,97,330,45,0.6888888888888889,0.6888888888888889,False,False,0.35555555555555557,0.9411764705882353,0.9411764705882353,0.6888888888888889,0.9393939393939394,0.9393939393939394,0.8222222222222222,0.5606060606060606,0.8222222222222222,0.8666666666666667,0.3939393939393939,0.8666666666666667,0.8888888888888888,0.24242424242424243,0.8888888888888888,0.8,1.0,1.0,0.10606060606060606,1.0,0.625,1.0,0.18181818181818182,1.0,0.3125,1.0,0.2696969696969697,1.0,0.20833333333333334,1.0,0.36363636363636365,1.0,0.125,1.0,0.5545454545454546,0.08811320754716981,0.12113447444879037,0.7333333333333333,0.7333333333333333,False,False,0.37777777777777777,1.0,1.0,0.7333333333333333,1.0,1.0,1.0,0.6818181818181818,1.0,1.0,0.45454545454545453,1.0,1.0,0.2727272727272727,1.0,0.8,1.0,1.0,0.10606060606060606,1.0,0.625,1.0,0.1787878787878788,1.0,0.3125,1.0,0.2727272727272727,1.0,0.20833333333333334,1.0,0.36363636363636365,1.0,0.125,1.0,0.5666666666666667,0.07693396226415097,0.10836814997197844,0.7333333333333333,0.7333333333333333,False,False,0.37777777777777777,1.0,1.0,0.7333333333333333,1.0,1.0,1.0,0.6818181818181818,1.0,1.0,0.45454545454545453,1.0,1.0,0.2727272727272727,1.0,0.8,1.0,1.0,0.11212121212121212,1.0,0.625,1.0,0.17575757575757575,1.0,0.3125,1.0,0.2696969696969697,1.0,0.20833333333333334,1.0,0.3515151515151515,1.0,0.125,1.0,0.5242424242424243,0.09419811320754716,0.181829772233823,0.7333333333333333,0.7333333333333333,False,False,0.37777777777777777,1.0,1.0,0.7333333333333333,1.0,1.0,1.0,0.6818181818181818,1.0,1.0,0.45454545454545453,1.0,1.0,0.2727272727272727,1.0,0.8,1.0,1.0,0.10606060606060606,1.0,0.625,1.0,0.18181818181818182,1.0,0.3125,1.0,0.2696969696969697,1.0,0.20833333333333334,1.0,0.3575757575757576,1.0,0.125,1.0,0.5303030303030303,,,0.002915495287833636
vt_h4_c1,98,331,46,0.6304347826086957,0.6304347826086957,False,False,0.34782608695652173,0.9411764705882353,0.9411764705882353,0.6304347826086957,0.8529411764705882,0.8529411764705882,0.8913043478260869,0.6119402985074627,0.8913043478260869,0.9565217391304348,0.44,0.9565217391304348,0.9565217391304348,0.26506024096385544,0.9565217391304348,0.6,0.75,0.75,0.09667673716012085,1.0,0.625,1.0,0.1782477341389728,1.0,0.3125,1.0,0.26586102719033233,1.0,0.20833333333333334,1.0,0.37462235649546827,1.0,0.125,1.0,0.5558912386706949,0.10357824427480918,0.1335720438967373,0.7391304347826086,0.7391304347826086,False,False,0.3695652173913043,1.0,1.0,0.7391304347826086,1.0,1.0,1.0,0.6865671641791045,1.0,1.0,0.46,1.0,1.0,0.27710843373493976,1.0,0.8,1.0,1.0,0.10876132930513595,1.0,0.625,1.0,0.1782477341389728,1.0,0.3125,1.0,0.27794561933534745,1.0,0.20833333333333334,1.0,0.3716012084592145,1.0,0.125,1.0,0.5619335347432024,0.10920801526717558,0.15037020657954808,0.7391304347826086,0.7391304347826086,False,False,0.3695652173913043,1.0,1.0,0.7391304347826086,1.0,1.0,1.0,0.6865671641791045,1.0,1.0,0.46,1.0,1.0,0.27710843373493976,1.0,0.8,1.0,1.0,0.10876132930513595,1.0,0.625,1.0,0.18429003021148035,1.0,0.3125,1.0,0.2719033232628399,1.0,0.20833333333333334,1.0,0.3474320241691843,1.0,0.125,1.0,0.5226586102719033,0.07919847328244274,0.17102431887688604,0.7391304347826086,0.7391304347826086,False,False,0.3695652173913043,1.0,1.0,0.7391304347826086,1.0,1.0,1.0,0.6865671641791045,1.0,1.0,0.46,1.0,1.0,0.27710843373493976,1.0,0.8,1.0,1.0,0.10876132930513595,1.0,0.625,1.0,0.18429003021148035,1.0,0.3125,1.0,0.2719033232628399,1.0,0.20833333333333334,1.0,0.3474320241691843,1.0,0.125,1.0,0.5226586102719033,,,0.002552539271507115
vt_h4_c1,99,331,46,0.6739130434782609,0.6739130434782609,False,False,0.34782608695652173,0.9411764705882353,0.9411764705882353,0.6739130434782609,0.9117647058823529,0.9117647058823529,0.8695652173913043,0.5970149253731343,0.8695652173913043,0.9130434782608695,0.42,0.9130434782608695,0.9130434782608695,0.25301204819277107,0.9130434782608695,0.8,1.0,1.0,0.1148036253776435,1.0,0.625,1.0,0.1782477341389728,1.0,0.3125,1.0,0.26586102719033233,1.0,0.20833333333333334,1.0,0.3564954682779456,1.0,0.125,1.0,0.5619335347432024,0.08262081784386617,0.11619552392368107,0.7391304347826086,0.7391304347826086,False,False,0.3695652173913043,1.0,1.0,0.7391304347826086,1.0,1.0,0.9782608695652174,0.6716417910447762,0.9782608695652174,0.9782608695652174,0.45,0.9782608695652174,0.9782608695652174,0.2710843373493976,0.9782608695652174,0.8,1.0,1.0,0.1148036253776435,1.0,0.625,1.0,0.18429003021148035,1.0,0.3125,1.0,0.27794561933534745,1.0,0.20833333333333334,1.0,0.36253776435045315,1.0,0.125,1.0,0.5468277945619335,0.10590148698884756,0.15096271646036574,0.7391304347826086,0.7391304347826086,False,False,0.3695652173913043,1.0,1.0,0.7391304347826086,1.0,1.0,1.0,0.6865671641791045,1.0,1.0,0.46,1.0,1.0,0.27710843373493976,1.0,0.8,1.0,1.0,0.1148036253776435,1.0,0.625,1.0,0.18429003021148035,1.0,0.3125,1.0,0.2719033232628399,1.0,0.20833333333333334,1.0,0.3474320241691843,1.0,0.125,1.0,0.513595166163142,0.10130111524163568,0.18657724531523817,0.7391304347826086,0.7391304347826086,False,False,0.3695652173913043,1.0,1.0,0.7391304347826086,1.0,1.0,1.0,0.6865671641791045,1.0,1.0,0.46,1.0,1.0,0.27710843373493976,1.0,0.8,1.0,1.0,0.1148036253776435,1.0,0.625,1.0,0.18429003021148035,1.0,0.3125,1.0,0.2719033232628399,1.0,0.20833333333333334,1.0,0.3504531722054381,1.0,0.125,1.0,0.513595166163142,,,0.0022994843497410322
hotpotqa_long,0,2750,66,0.7575757575757576,0.7575757575757576,False,False,0.5757575757575758,0.2753623188405797,0.5757575757575758,0.7575757575757576,0.18181818181818182,0.7575757575757576,0.803030303030303,0.09636363636363636,0.803030303030303,0.803030303030303,0.06424242424242424,0.803030303030303,0.8181818181818182,0.03927272727272727,0.8181818181818182,0.6666666666666666,0.4,0.6666666666666666,0.029454545454545455,1.0,0.3,1.0,0.04436363636363636,1.0,0.15,1.0,0.0989090909090909,1.0,0.1,1.0,0.1690909090909091,1.0,0.06,1.0,0.3952727272727273,0.025,0.055069864397253795,0.7272727272727273,0.7272727272727273,False,False,0.5151515151515151,0.2463768115942029,0.5151515151515151,0.7272727272727273,0.17454545454545456,0.7272727272727273,0.8333333333333334,0.1,0.8333333333333334,0.8484848484848485,0.06787878787878789,0.8484848484848485,0.8636363636363636,0.04145454545454545,0.8636363636363636,1.0,0.6,1.0,0.036727272727272726,1.0,0.3,1.0,0.04436363636363636,1.0,0.15,1.0,0.09018181818181818,1.0,0.1,1.0,0.1570909090909091,1.0,0.06,1.0,0.3338181818181818,0.025,0.07045734155124515,0.8939393939393939,0.8939393939393939,False,False,0.6818181818181818,0.32608695652173914,0.6818181818181818,0.8939393939393939,0.21454545454545454,0.8939393939393939,0.9696969696969697,0.11636363636363636,0.9696969696969697,1.0,0.08,1.0,1.0,0.048,1.0,0.6666666666666666,0.4,0.6666666666666666,0.029454545454545455,1.0,0.3,1.0,0.05454545454545454,1.0,0.15,1.0,0.1,1.0,0.1,1.0,0.1509090909090909,1.0,0.06,1.0,0.32545454545454544,0.025,0.14301557628595385,0.9090909090909091,0.9090909090909091,False,False,0.696969696969697,0.3333333333333333,0.696969696969697,0.9090909090909091,0.21818181818181817,0.9090909090909091,0.9848484848484849,0.11818181818181818,0.9848484848484849,1.0,0.08,1.0,1.0,0.048,1.0,0.6666666666666666,0.4,0.6666666666666666,0.029454545454545455,1.0,0.3,1.0,0.05454545454545454,1.0,0.15,1.0,0.1,1.0,0.1,1.0,0.1509090909090909,1.0,0.06,1.0,0.32545454545454544,,,0.0006032209276813916
hotpotqa_long,1,1170,84,0.4166666666666667,0.4166666666666667,False,False,0.2857142857142857,0.4067796610169492,0.4067796610169492,0.4166666666666667,0.29914529914529914,0.4166666666666667,0.5238095238095238,0.18803418803418803,0.5238095238095238,0.5833333333333334,0.1396011396011396,0.5833333333333334,0.6785714285714286,0.09743589743589744,0.6785714285714286,0.0,0.0,0.0,0.007692307692307693,0.3333333333333333,0.16666666666666666,0.3333333333333333,0.0547008547008547,0.6666666666666666,0.16666666666666666,0.6666666666666666,0.09743589743589744,1.0,0.16666666666666666,1.0,0.1794871794871795,1.0,0.1,1.0,0.37606837606837606,0.025,0.07124587395370839,0.4642857142857143,0.4642857142857143,False,False,0.32142857142857145,0.4576271186440678,0.4576271186440678,0.4642857142857143,0.3333333333333333,0.4642857142857143,0.5476190476190477,0.19658119658119658,0.5476190476190477,0.5714285714285714,0.13675213675213677,0.5714285714285714,0.5952380952380952,0.08547008547008547,0.5952380952380952,0.3333333333333333,0.3333333333333333,0.3333333333333333,0.038461538461538464,0.6666666666666666,0.3333333333333333,0.6666666666666666,0.07264957264957266,1.0,0.25,1.0,0.1358974358974359,1.0,0.16666666666666666,1.0,0.17777777777777778,1.0,0.1,1.0,0.3547008547008547,0.03340664711632453,0.06796586777733263,0.47619047619047616,0.47619047619047616,False,False,0.3333333333333333,0.4745762711864407,0.4745762711864407,0.47619047619047616,0.3418803418803419,0.47619047619047616,0.6428571428571429,0.23076923076923078,0.6428571428571429,0.7023809523809523,0.16809116809116809,0.7023809523809523,0.8571428571428571,0.12307692307692308,0.8571428571428571,0.0,0.0,0.0,0.007692307692307693,0.6666666666666666,0.3333333333333333,0.6666666666666666,0.05213675213675214,1.0,0.25,1.0,0.1264957264957265,1.0,0.16666666666666666,1.0,0.19572649572649573,1.0,0.1,1.0,0.32735042735042735,0.15119745845552296,0.23112877535254261,0.47619047619047616,0.47619047619047616,False,False,0.34523809523809523,0.4915254237288136,0.4915254237288136,0.47619047619047616,0.3418803418803419,0.47619047619047616,0.6547619047619048,0.23504273504273504,0.6547619047619048,0.7261904761904762,0.1737891737891738,0.7261904761904762,0.8571428571428571,0.12307692307692308,0.8571428571428571,0.0,0.0,0.0,0.007692307692307693,0.6666666666666666,0.3333333333333333,0.6666666666666666,0.05213675213675214,1.0,0.25,1.0,0.13504273504273503,1.0,0.16666666666666666,1.0,0.19572649572649573,1.0,0.1,1.0,0.32735042735042735,,,0.015070272019658382
hotpotqa_long,2,1163,110,0.4090909090909091,0.4090909090909091,False,False,0.2727272727272727,0.5084745762711864,0.5084745762711864,0.4090909090909091,0.38461538461538464,0.4090909090909091,0.4818181818181818,0.22746781115879827,0.4818181818181818,0.5636363636363636,0.17765042979942694,0.5636363636363636,0.6545454545454545,0.12371134020618557,0.6545454545454545,0.3333333333333333,0.3333333333333333,0.3333333333333333,0.018916595012897677,0.6666666666666666,0.3333333333333333,0.6666666666666666,0.07566638005159071,0.6666666666666666,0.16666666666666666,0.6666666666666666,0.09630266552020636,0.6666666666666666,0.1111111111111111,0.6666666666666666,0.1702493551160791,0.6666666666666666,0.06896551724137931,0.6666666666666666,0.41960447119518485,0.025,0.062305223496391414,0.4909090909090909,0.4909090909090909,False,False,0.2909090909090909,0.5423728813559322,0.5423728813559322,0.4909090909090909,0.46153846153846156,0.4909090909090909,0.6818181818181818,0.3218884120171674,0.6818181818181818,0.8454545454545455,0.2664756446991404,0.8454545454545455,0.9454545454545454,0.17869415807560138,0.9454545454545454,0.3333333333333333,0.3333333333333333,0.3333333333333333,0.02063628546861565,0.6666666666666666,0.3333333333333333,0.6666666666666666,0.09028374892519346,0.6666666666666666,0.16666666666666666,0.6666666666666666,0.16251074806534824,1.0,0.16666666666666666,1.0,0.22098022355975924,1.0,0.10344827586206896,1.0,0.4488392089423904,0.17890625,0.18854937143363712,0.3181818181818182,0.3181818181818182,False,False,0.18181818181818182,0.3389830508474576,0.3389830508474576,0.3181818181818182,0.29914529914529914,0.3181818181818182,0.45454545454545453,0.2145922746781116,0.45454545454545453,0.5818181818181818,0.1833810888252149,0.5818181818181818,0.7454545454545455,0.140893470790378,0.7454545454545455,0.0,0.0,0.0,0.015477214101461736,0.3333333333333333,0.16666666666666666,0.3333333333333333,0.0705073086844368,0.6666666666666666,0.16666666666666666,0.6666666666666666,0.13327601031814273,0.6666666666666666,0.1111111111111111,0.6666666666666666,0.23817712811693895,1.0,0.10344827586206896,1.0,0.38005159071367156,0.225,0.3075411698802226,0.3090909090909091,0.3090909090909091,False,False,0.18181818181818182,0.3389830508474576,0.3389830508474576,0.3090909090909091,0.2905982905982906,0.3090909090909091,0.45454545454545453,0.2145922746781116,0.45454545454545453,0.5909090909090909,0.18624641833810887,0.5909090909090909,0.7545454545454545,0.14261168384879724,0.7545454545454545,0.3333333333333333,0.3333333333333333,0.3333333333333333,0.06018916595012898,0.3333333333333333,0.16666666666666666,0.3333333333333333,0.0705073086844368,0.6666666666666666,0.16666666666666666,0.6666666666666666,0.13155631986242478,0.6666666666666666,0.1111111111111111,0.6666666666666666,0.23817712811693895,1.0,0.10344827586206896,1.0,0.38005159071367156,,,0.000613757066389109
hotpotqa_long,3,921,57,0.3157894736842105,0.3157894736842105,False,False,0.21052631578947367,0.2553191489361702,0.2553191489361702,0.3157894736842105,0.1935483870967742,0.3157894736842105,0.43859649122807015,0.13513513513513514,0.43859649122807015,0.5087719298245614,0.10469314079422383,0.5087719298245614,0.631578947368421,0.07809110629067245,0.631578947368421,0.0,0.0,0.0,0.014115092290988056,0.25,0.16666666666666666,0.25,0.04125950054288816,0.75,0.2727272727272727,0.75,0.11183496199782844,0.75,0.17647058823529413,0.75,0.1758957654723127,0.75,0.1111111111111111,0.75,0.36047774158523344,0.025,0.06407143582519903,0.3508771929824561,0.3508771929824561,False,False,0.2631578947368421,0.3191489361702128,0.3191489361702128,0.3508771929824561,0.21505376344086022,0.3508771929824561,0.45614035087719296,0.14054054054054055,0.45614035087719296,0.5263157894736842,0.10830324909747292,0.5263157894736842,0.7719298245614035,0.09544468546637744,0.7719298245614035,0.25,0.3333333333333333,0.3333333333333333,0.04560260586319218,0.25,0.16666666666666666,0.25,0.05646036916395222,0.75,0.2727272727272727,0.75,0.1237785016286645,0.75,0.17647058823529413,0.75,0.2258414766558089,0.75,0.1111111111111111,0.75,0.40390879478827363,0.025,0.09567829439702313,0.40350877192982454,0.40350877192982454,False,False,0.3157894736842105,0.3829787234042553,0.3829787234042553,0.40350877192982454,0.24731182795698925,0.40350877192982454,0.47368421052631576,0.14594594594594595,0.47368421052631576,0.5614035087719298,0.11552346570397112,0.5614035087719298,0.7368421052631579,0.0911062906724512,0.7368421052631579,0.25,0.3333333333333333,0.3333333333333333,0.04560260586319218,0.25,0.16666666666666666,0.25,0.0727470141150923,0.5,0.18181818181818182,0.5,0.14332247557003258,0.5,0.11764705882352941,0.5,0.20955483170466885,1.0,0.14814814814814814,1.0,0.4386536373507057,0.475,0.5041574354986664,0.40350877192982454,0.40350877192982454,False,False,0.3157894736842105,0.3829787234042553,0.3829787234042553,0.40350877192982454,0.24731182795698925,0.40350877192982454,0.45614035087719296,0.14054054054054055,0.45614035087719296,0.5263157894736842,0.10830324909747292,0.5263157894736842,0.7017543859649122,0.08676789587852494,0.7017543859649122,0.25,0.3333333333333333,0.3333333333333333,0.04560260586319218,0.25,0.16666666666666666,0.25,0.0738327904451683,0.5,0.18181818181818182,0.5,0.14332247557003258,0.5,0.11764705882352941,0.5,0.20955483170466885,0.75,0.1111111111111111,0.75,0.44408251900108575,,,0.002503357260952105
hotpotqa_long,4,1226,90,0.2111111111111111,0.2111111111111111,False,False,0.17777777777777778,0.25806451612903225,0.25806451612903225,0.2111111111111111,0.15447154471544716,0.2111111111111111,0.26666666666666666,0.0975609756097561,0.26666666666666666,0.3111111111111111,0.07608695652173914,0.3111111111111111,0.36666666666666664,0.053833605220228384,0.36666666666666664,0.25,0.3333333333333333,0.3333333333333333,0.028548123980424143,0.5,0.3333333333333333,0.5,0.06933115823817292,0.5,0.16666666666666666,0.5,0.14845024469820556,0.5,0.1111111111111111,0.5,0.24143556280587275,0.75,0.10344827586206896,0.75,0.4624796084828711,0.025,0.05704971458489072,0.4444444444444444,0.4444444444444444,False,False,0.28888888888888886,0.41935483870967744,0.41935483870967744,0.4444444444444444,0.3252032520325203,0.4444444444444444,0.5777777777777777,0.21138211382113822,0.5777777777777777,0.6444444444444445,0.15760869565217392,0.6444444444444445,0.6444444444444445,0.09461663947797716,0.6444444444444445,0.5,0.6666666666666666,0.6666666666666666,0.05628058727569331,0.5,0.3333333333333333,0.5,0.06933115823817292,0.75,0.25,0.75,0.19086460032626426,0.75,0.16666666666666666,0.75,0.25774877650897227,0.75,0.10344827586206896,0.75,0.48694942903752036,0.025,0.08268086061814746,0.5,0.5,False,False,0.3888888888888889,0.5645161290322581,0.5645161290322581,0.5,0.36585365853658536,0.5,0.7444444444444445,0.27235772357723576,0.7444444444444445,0.8,0.1956521739130435,0.8,0.8888888888888888,0.13050570962479607,0.8888888888888888,0.25,0.3333333333333333,0.3333333333333333,0.040783034257748776,0.5,0.3333333333333333,0.5,0.07504078303425775,0.75,0.25,0.75,0.1598694942903752,0.75,0.16666666666666666,0.75,0.2569331158238173,0.75,0.10344827586206896,0.75,0.42088091353996737,0.027427184466019418,0.2148488330289776,0.5111111111111111,0.5111111111111111,False,False,0.4,0.5806451612903226,0.5806451612903226,0.5111111111111111,0.37398373983739835,0.5111111111111111,0.7333333333333333,0.2682926829268293,0.7333333333333333,0.7888888888888889,0.19293478260869565,0.7888888888888889,0.8888888888888888,0.13050570962479607,0.8888888888888888,0.25,0.3333333333333333,0.3333333333333333,0.040783034257748776,0.5,0.3333333333333333,0.5,0.07504078303425775,0.75,0.25,0.75,0.1598694942903752,0.75,0.16666666666666666,0.75,0.23898858075040783,0.75,0.10344827586206896,0.75,0.39477977161500816,,,0.0028808106233961794
hotpotqa_long,5,1651,114,0.21929824561403508,0.21929824561403508,False,False,0.14912280701754385,0.20481927710843373,0.20481927710843373,0.21929824561403508,0.15060240963855423,0.21929824561403508,0.2982456140350877,0.1027190332326284,0.2982456140350877,0.37719298245614036,0.08669354838709678,0.37719298245614036,0.5175438596491229,0.07142857142857142,0.5175438596491229,0.16666666666666666,0.25,0.25,0.01756511205330103,0.3333333333333333,0.25,0.3333333333333333,0.041792852816474865,0.3333333333333333,0.125,0.3333333333333333,0.08419139915202907,0.6666666666666666,0.16666666666666666,0.6666666666666666,0.18958207147183526,0.6666666666666666,0.10256410256410256,0.6666666666666666,0.3585705632949727,0.09929210134128168,0.1118281555841703,0.21052631578947367,0.21052631578947367,False,False,0.15789473684210525,0.21686746987951808,0.21686746987951808,0.21052631578947367,0.14457831325301204,0.21052631578947367,0.2894736842105263,0.09969788519637462,0.2894736842105263,0.37719298245614036,0.08669354838709678,0.37719298245614036,0.5175438596491229,0.07142857142857142,0.5175438596491229,0.3333333333333333,0.5,0.5,0.03270745003028468,0.3333333333333333,0.25,0.3333333333333333,0.06662628709872805,0.5,0.1875,0.5,0.1532404603270745,0.6666666666666666,0.16666666666666666,0.6666666666666666,0.20835857056329496,0.8333333333333334,0.1282051282051282,0.8333333333333334,0.3821926105390672,0.26091654247391954,0.43155632878544414,0.2894736842105263,0.2894736842105263,False,False,0.21929824561403508,0.30120481927710846,0.30120481927710846,0.2894736842105263,0.19879518072289157,0.2894736842105263,0.45614035087719296,0.15709969788519637,0.45614035087719296,0.5350877192982456,0.12298387096774194,0.5350877192982456,0.6140350877192983,0.0847457627118644,0.6140350877192983,0.16666666666666666,0.25,0.25,0.02483343428225318,0.5,0.375,0.5,0.061780738946093275,0.5,0.1875,0.5,0.145366444579043,0.6666666666666666,0.16666666666666666,0.6666666666666666,0.22955784373107208,1.0,0.15384615384615385,1.0,0.4300423985463356,0.32306259314456043,0.43993280235370263,0.2719298245614035,0.2719298245614035,False,False,0.21929824561403508,0.30120481927710846,0.30120481927710846,0.2719298245614035,0.18674698795180722,0.2719298245614035,0.45614035087719296,0.15709969788519637,0.45614035087719296,0.5263157894736842,0.12096774193548387,0.5263157894736842,0.6140350877192983,0.0847457627118644,0.6140350877192983,0.16666666666666666,0.25,0.25,0.02483343428225318,0.5,0.375,0.5,0.061780738946093275,0.5,0.1875,0.5,0.145366444579043,0.6666666666666666,0.16666666666666666,0.6666666666666666,0.22955784373107208,1.0,0.15384615384615385,1.0,0.4300423985463356,,,0.0011025545863114772
hotpotqa_long,6,1213,70,0.15714285714285714,0.15714285714285714,False,False,0.05714285714285714,0.06557377049180328,0.06557377049180328,0.15714285714285714,0.09016393442622951,0.15714285714285714,0.18571428571428572,0.053497942386831275,0.18571428571428572,0.24285714285714285,0.046703296703296704,0.24285714285714285,0.2857142857142857,0.032948929159802305,0.2857142857142857,0.0,0.0,0.0,0.013190436933223413,0.0,0.0,0.0,0.0403957131079967,0.25,0.07142857142857142,0.25,0.1055234954657873,0.5,0.1,0.5,0.1838417147568013,0.75,0.09090909090909091,0.75,0.3528441879637263,0.0,0.062455767575129786,0.11428571428571428,0.11428571428571428,False,False,0.07142857142857142,0.08196721311475409,0.08196721311475409,0.11428571428571428,0.06557377049180328,0.11428571428571428,0.17142857142857143,0.04938271604938271,0.17142857142857143,0.22857142857142856,0.04395604395604396,0.22857142857142856,0.37142857142857144,0.042833607907743,0.37142857142857144,0.0,0.0,0.0,0.016488046166529265,0.0,0.0,0.0,0.023907666941467436,0.25,0.07142857142857142,0.25,0.08408903544929926,0.5,0.1,0.5,0.17147568013190437,0.75,0.09090909090909091,0.75,0.359439406430338,0.0,0.08841954479094653,0.3,0.3,False,False,0.22857142857142856,0.26229508196721313,0.26229508196721313,0.3,0.1721311475409836,0.3,0.44285714285714284,0.12757201646090535,0.44285714285714284,0.4714285714285714,0.09065934065934066,0.4714285714285714,0.6857142857142857,0.07907742998352553,0.6857142857142857,0.25,0.25,0.25,0.026380873866446827,0.75,0.42857142857142855,0.75,0.09563066776586975,0.75,0.21428571428571427,0.75,0.15663643858202803,0.75,0.15,0.75,0.21516900247320692,0.75,0.09090909090909091,0.75,0.3239901071723001,0.0,0.20472435120936033,0.3142857142857143,0.3142857142857143,False,False,0.22857142857142856,0.26229508196721313,0.26229508196721313,0.3142857142857143,0.18032786885245902,0.3142857142857143,0.45714285714285713,0.13168724279835392,0.45714285714285713,0.4714285714285714,0.09065934065934066,0.4714285714285714,0.6857142857142857,0.07907742998352553,0.6857142857142857,0.25,0.25,0.25,0.026380873866446827,0.75,0.42857142857142855,0.75,0.09563066776586975,0.75,0.21428571428571427,0.75,0.15663643858202803,0.75,0.15,0.75,0.21516900247320692,0.75,0.09090909090909091,0.75,0.3239901071723001,,,0.001889035961317731
hotpotqa_long,7,1004,85,0.2,0.2,False,False,0.15294117647058825,0.2549019607843137,0.2549019607843137,0.2,0.16831683168316833,0.2,0.27058823529411763,0.11442786069651742,0.27058823529411763,0.4235294117647059,0.11920529801324503,0.4235294117647059,0.5882352941176471,0.099601593625498,0.5882352941176471,0.0,0.0,0.0,0.008964143426294821,0.0,0.0,0.0,0.018924302788844622,0.5,0.1,0.5,0.08366533864541832,1.0,0.13333333333333333,1.0,0.1752988047808765,1.0,0.08,1.0,0.4243027888446215,0.04810405643738976,0.08124707367983375,0.25882352941176473,0.25882352941176473,False,False,0.15294117647058825,0.2549019607843137,0.2549019607843137,0.25882352941176473,0.21782178217821782,0.25882352941176473,0.38823529411764707,0.16417910447761194,0.38823529411764707,0.4588235294117647,0.1291390728476821,0.4588235294117647,0.5058823529411764,0.08565737051792828,0.5058823529411764,0.0,0.0,0.0,0.008964143426294821,0.0,0.0,0.0,0.018924302788844622,0.0,0.0,0.0,0.07470119521912351,1.0,0.13333333333333333,1.0,0.1693227091633466,1.0,0.08,1.0,0.4581673306772908,0.23805114638447974,0.4283707792699908,0.38823529411764707,0.38823529411764707,False,False,0.24705882352941178,0.4117647058823529,0.4117647058823529,0.38823529411764707,0.32673267326732675,0.38823529411764707,0.5529411764705883,0.23383084577114427,0.5529411764705883,0.6823529411764706,0.19205298013245034,0.6823529411764706,0.8,0.13545816733067728,0.8,0.5,0.3333333333333333,0.5,0.05776892430278884,1.0,0.4,1.0,0.09760956175298804,1.0,0.2,1.0,0.1205179282868526,1.0,0.13333333333333333,1.0,0.19621513944223107,1.0,0.08,1.0,0.3207171314741036,0.4550705467372135,0.6237358198917429,0.3764705882352941,0.3764705882352941,False,False,0.24705882352941178,0.4117647058823529,0.4117647058823529,0.3764705882352941,0.31683168316831684,0.3764705882352941,0.5411764705882353,0.22885572139303484,0.5411764705882353,0.6941176470588235,0.19536423841059603,0.6941176470588235,0.8,0.13545816733067728,0.8,0.5,0.3333333333333333,0.5,0.05776892430278884,1.0,0.4,1.0,0.09760956175298804,1.0,0.2,1.0,0.11653386454183266,1.0,0.13333333333333333,1.0,0.19621513944223107,1.0,0.08,1.0,0.3207171314741036,,,0.00250290400491604
hotpotqa_long,8,735,65,0.47692307692307695,0.47692307692307695,False,False,0.3230769230769231,0.5675675675675675,0.5675675675675675,0.47692307692307695,0.4189189189189189,0.47692307692307695,0.5692307692307692,0.25170068027210885,0.5692307692307692,0.6307692307692307,0.18552036199095023,0.6307692307692307,0.6923076923076923,0.12228260869565218,0.6923076923076923,0.2,0.3333333333333333,0.3333333333333333,0.05714285714285714,0.2,0.16666666666666666,0.2,0.07891156462585033,0.4,0.18181818181818182,0.4,0.11700680272108843,0.8,0.23529411764705882,0.8,0.18503401360544217,1.0,0.18518518518518517,1.0,0.3687074829931973,0.025,0.08547302636718017,0.46153846153846156,0.46153846153846156,False,False,0.3384615384615385,0.5945945945945946,0.5945945945945946,0.46153846153846156,0.40540540540540543,0.46153846153846156,0.676923076923077,0.29931972789115646,0.676923076923077,0.7692307692307693,0.22624434389140272,0.7692307692307693,0.8,0.14130434782608695,0.8,0.4,0.6666666666666666,0.6666666666666666,0.06938775510204082,0.6,0.5,0.6,0.11156462585034013,0.6,0.2727272727272727,0.6,0.1619047619047619,0.8,0.23529411764705882,0.8,0.23129251700680273,1.0,0.18518518518518517,1.0,0.3074829931972789,0.04417808219178081,0.10591905583628376,0.5538461538461539,0.5538461538461539,False,False,0.4,0.7027027027027027,0.7027027027027027,0.5538461538461539,0.4864864864864865,0.5538461538461539,0.7384615384615385,0.32653061224489793,0.7384615384615385,0.8307692307692308,0.24434389140271492,0.8307692307692308,0.8923076923076924,0.15760869565217392,0.8923076923076924,0.4,0.6666666666666666,0.6666666666666666,0.07346938775510205,0.4,0.3333333333333333,0.4,0.09523809523809523,0.6,0.2727272727272727,0.6,0.16462585034013605,0.6,0.17647058823529413,0.6,0.2639455782312925,0.6,0.1111111111111111,0.6,0.4217687074829932,0.025,0.17187199216098017,0.5692307692307692,0.5692307692307692,False,False,0.4153846153846154,0.7297297297297297,0.7297297297297297,0.5692307692307692,0.5,0.5692307692307692,0.7384615384615385,0.32653061224489793,0.7384615384615385,0.8307692307692308,0.24434389140271492,0.8307692307692308,0.8923076923076924,0.15760869565217392,0.8923076923076924,0.4,0.6666666666666666,0.6666666666666666,0.07346938775510205,0.4,0.3333333333333333,0.4,0.09523809523809523,0.6,0.2727272727272727,0.6,0.16462585034013605,0.6,0.17647058823529413,0.6,0.2639455782312925,0.6,0.1111111111111111,0.6,0.4217687074829932,,,0.0007960187052187262
hotpotqa_long,9,949,62,0.5645161290322581,0.5645161290322581,False,False,0.3548387096774194,0.4583333333333333,0.4583333333333333,0.5645161290322581,0.3684210526315789,0.5645161290322581,0.6774193548387096,0.22105263157894736,0.6774193548387096,0.6774193548387096,0.14736842105263157,0.6774193548387096,0.7096774193548387,0.09263157894736843,0.7096774193548387,0.0,0.0,0.0,0.011591148577449948,0.75,0.5,0.75,0.07270811380400422,0.75,0.2727272727272727,0.75,0.09378292939936776,1.0,0.25,1.0,0.1095890410958904,1.0,0.15384615384615385,1.0,0.28661749209694415,0.025,0.055151119021066466,0.5967741935483871,0.5967741935483871,False,False,0.4032258064516129,0.5208333333333334,0.5208333333333334,0.5967741935483871,0.3894736842105263,0.5967741935483871,0.6612903225806451,0.21578947368421053,0.6612903225806451,0.6935483870967742,0.15087719298245614,0.6935483870967742,0.7419354838709677,0.0968421052631579,0.7419354838709677,0.25,0.3333333333333333,0.3333333333333333,0.026343519494204427,0.75,0.5,0.75,0.07481559536354057,0.75,0.2727272727272727,0.75,0.09378292939936776,0.75,0.1875,0.75,0.15489989462592202,1.0,0.15384615384615385,1.0,0.32349841938883034,0.05139593908629443,0.07281623018166396,0.7580645161290323,0.7580645161290323,False,False,0.4838709677419355,0.625,0.625,0.7580645161290323,0.49473684210526314,0.7580645161290323,0.9838709677419355,0.32105263157894737,0.9838709677419355,1.0,0.21754385964912282,1.0,1.0,0.13052631578947368,1.0,0.5,0.6666666666666666,0.6666666666666666,0.026343519494204427,1.0,0.6666666666666666,1.0,0.0737618545837724,1.0,0.36363636363636365,1.0,0.10853530031612224,1.0,0.25,1.0,0.14330874604847207,1.0,0.15384615384615385,1.0,0.2581664910432034,0.025,0.15212072857137846,0.7580645161290323,0.7580645161290323,False,False,0.4838709677419355,0.625,0.625,0.7580645161290323,0.49473684210526314,0.7580645161290323,0.9838709677419355,0.32105263157894737,0.9838709677419355,1.0,0.21754385964912282,1.0,1.0,0.13052631578947368,1.0,0.25,0.3333333333333333,0.3333333333333333,0.012644889357218124,1.0,0.6666666666666666,1.0,0.0737618545837724,1.0,0.36363636363636365,1.0,0.10853530031612224,1.0,0.25,1.0,0.14330874604847207,1.0,0.15384615384615385,1.0,0.2581664910432034,,,0.0013361926394146462
hotpotqa_long,10,1261,144,0.2708333333333333,0.2708333333333333,False,False,0.18055555555555555,0.40625,0.40625,0.2708333333333333,0.30708661417322836,0.30708661417322836,0.4027777777777778,0.22924901185770752,0.4027777777777778,0.4513888888888889,0.17150395778364116,0.4513888888888889,0.5416666666666666,0.12361331220285261,0.5416666666666666,0.4,0.6666666666666666,0.6666666666666666,0.07057890563045202,0.4,0.3333333333333333,0.4,0.10943695479777954,0.6,0.2727272727272727,0.6,0.1570182394924663,0.6,0.17647058823529413,0.6,0.18636003172085647,0.8,0.14285714285714285,0.8,0.3647898493259318,0.12445328031809144,0.1667734419293853,0.3333333333333333,0.3333333333333333,False,False,0.2222222222222222,0.5,0.5,0.3333333333333333,0.3779527559055118,0.3779527559055118,0.4583333333333333,0.2608695652173913,0.4583333333333333,0.5208333333333334,0.19788918205804748,0.5208333333333334,0.5763888888888888,0.13153724247226625,0.5763888888888888,0.2,0.3333333333333333,0.3333333333333333,0.020618556701030927,0.4,0.3333333333333333,0.4,0.07930214115781126,0.6,0.2727272727272727,0.6,0.15622521808088818,0.8,0.23529411764705882,0.8,0.22759714512291832,0.8,0.14285714285714285,0.8,0.2720063441712926,0.07490059642147118,0.09101190971714938,0.4097222222222222,0.4097222222222222,False,False,0.3125,0.703125,0.703125,0.4097222222222222,0.4645669291338583,0.4645669291338583,0.5902777777777778,0.3359683794466403,0.5902777777777778,0.6736111111111112,0.2559366754617414,0.6736111111111112,0.8680555555555556,0.19809825673534073,0.8680555555555556,0.4,0.6666666666666666,0.6666666666666666,0.07057890563045202,0.4,0.3333333333333333,0.4,0.07850911974623315,0.6,0.2727272727272727,0.6,0.11022997620935765,0.8,0.23529411764705882,0.8,0.18398096748612214,0.8,0.14285714285714285,0.8,0.3560666137985726,0.09000994035785288,0.18140701034824275,0.3888888888888889,0.3888888888888889,False,False,0.3125,0.703125,0.703125,0.3888888888888889,0.4409448818897638,0.4409448818897638,0.5833333333333334,0.33201581027667987,0.5833333333333334,0.6736111111111112,0.2559366754617414,0.6736111111111112,0.8680555555555556,0.19809825673534073,0.8680555555555556,0.4,0.6666666666666666,0.6666666666666666,0.07057890563045202,0.4,0.3333333333333333,0.4,0.07850911974623315,0.6,0.2727272727272727,0.6,0.11022997620935765,0.8,0.23529411764705882,0.8,0.18398096748612214,0.8,0.14285714285714285,0.8,0.3560666137985726,,,0.0013202620872618809
hotpotqa_long,11,890,102,0.3627450980392157,0.3627450980392157,False,False,0.24509803921568626,0.5555555555555556,0.5555555555555556,0.3627450980392157,0.4157303370786517,0.4157303370786517,0.47058823529411764,0.2696629213483146,0.47058823529411764,0.5882352941176471,0.2247191011235955,0.5882352941176471,0.6176470588235294,0.14157303370786517,0.6176470588235294,0.5,0.3333333333333333,0.5,0.09438202247191012,0.5,0.2,0.5,0.10898876404494381,1.0,0.2,1.0,0.19662921348314608,1.0,0.13333333333333333,1.0,0.2539325842696629,1.0,0.08,1.0,0.40786516853932586,0.025,0.05988624584217582,0.47058823529411764,0.47058823529411764,False,False,0.2549019607843137,0.5777777777777777,0.5777777777777777,0.47058823529411764,0.5393258426966292,0.5393258426966292,0.6764705882352942,0.38764044943820225,0.6764705882352942,0.7254901960784313,0.27715355805243447,0.7254901960784313,0.7745098039215687,0.17752808988764046,0.7745098039215687,0.5,0.3333333333333333,0.5,0.04044943820224719,1.0,0.4,1.0,0.1393258426966292,1.0,0.2,1.0,0.17752808988764046,1.0,0.13333333333333333,1.0,0.27640449438202247,1.0,0.08,1.0,0.48314606741573035,0.025,0.05946318263360175,0.45098039215686275,0.45098039215686275,False,False,0.28431372549019607,0.6444444444444445,0.6444444444444445,0.45098039215686275,0.5168539325842697,0.5168539325842697,0.6372549019607843,0.3651685393258427,0.6372549019607843,0.8431372549019608,0.32209737827715357,0.8431372549019608,0.9411764705882353,0.2157303370786517,0.9411764705882353,0.0,0.0,0.0,0.02359550561797753,1.0,0.4,1.0,0.1393258426966292,1.0,0.2,1.0,0.20561797752808988,1.0,0.13333333333333333,1.0,0.25280898876404495,1.0,0.08,1.0,0.3898876404494382,0.035869565217391305,0.2121688196141712,0.46078431372549017,0.46078431372549017,False,False,0.2647058823529412,0.6,0.6,0.46078431372549017,0.5280898876404494,0.5280898876404494,0.6568627450980392,0.37640449438202245,0.6568627450980392,0.8529411764705882,0.3258426966292135,0.8529411764705882,0.9313725490196079,0.21348314606741572,0.9313725490196079,0.0,0.0,0.0,0.02359550561797753,1.0,0.4,1.0,0.1393258426966292,1.0,0.2,1.0,0.20561797752808988,1.0,0.13333333333333333,1.0,0.25280898876404495,1.0,0.08,1.0,0.401123595505618,,,0.0026748772243313512
hotpotqa_long,12,1836,59,0.711864406779661,0.711864406779661,False,False,0.5423728813559322,0.34782608695652173,0.5423728813559322,0.711864406779661,0.22826086956521738,0.711864406779661,0.7796610169491526,0.125,0.7796610169491526,0.7966101694915254,0.0852994555353902,0.7966101694915254,0.7966101694915254,0.05119825708061002,0.7966101694915254,0.6666666666666666,0.4,0.6666666666666666,0.02505446623093682,1.0,0.3333333333333333,1.0,0.06372549019607843,1.0,0.17647058823529413,1.0,0.12908496732026145,1.0,0.11538461538461539,1.0,0.24183006535947713,1.0,0.07142857142857142,1.0,0.4444444444444444,0.025,0.04871809148698587,0.7796610169491526,0.7796610169491526,False,False,0.5084745762711864,0.32608695652173914,0.5084745762711864,0.7796610169491526,0.25,0.7796610169491526,0.864406779661017,0.13858695652173914,0.864406779661017,0.8983050847457628,0.09618874773139746,0.8983050847457628,0.9152542372881356,0.058823529411764705,0.9152542372881356,1.0,0.6,1.0,0.0392156862745098,1.0,0.3333333333333333,1.0,0.0724400871459695,1.0,0.17647058823529413,1.0,0.1503267973856209,1.0,0.11538461538461539,1.0,0.28921568627450983,1.0,0.07142857142857142,1.0,0.49455337690631807,0.025,0.05738586245859043,0.7288135593220338,0.7288135593220338,False,False,0.5254237288135594,0.33695652173913043,0.5254237288135594,0.7288135593220338,0.23369565217391305,0.7288135593220338,0.8813559322033898,0.14130434782608695,0.8813559322033898,0.9491525423728814,0.10163339382940109,0.9491525423728814,1.0,0.06427015250544663,1.0,0.6666666666666666,0.4,0.6666666666666666,0.037037037037037035,1.0,0.3333333333333333,1.0,0.07026143790849673,1.0,0.17647058823529413,1.0,0.13344226579520696,1.0,0.11538461538461539,1.0,0.17429193899782136,1.0,0.07142857142857142,1.0,0.39705882352941174,0.025,0.16666553003400245,0.7288135593220338,0.7288135593220338,False,False,0.5084745762711864,0.32608695652173914,0.5084745762711864,0.7288135593220338,0.23369565217391305,0.7288135593220338,0.8813559322033898,0.14130434782608695,0.8813559322033898,0.9491525423728814,0.10163339382940109,0.9491525423728814,1.0,0.06427015250544663,1.0,1.0,0.6,1.0,0.03758169934640523,1.0,0.3333333333333333,1.0,0.07026143790849673,1.0,0.17647058823529413,1.0,0.13344226579520696,1.0,0.11538461538461539,1.0,0.17429193899782136,1.0,0.07142857142857142,1.0,0.3861655773420479,,,0.00264616525032757
hotpotqa_long,13,1660,86,0.13953488372093023,0.13953488372093023,False,False,0.06976744186046512,0.07228915662650602,0.07228915662650602,0.13953488372093023,0.07228915662650602,0.13953488372093023,0.16279069767441862,0.04216867469879518,0.16279069767441862,0.19767441860465115,0.03413654618473896,0.19767441860465115,0.2558139534883721,0.02650602409638554,0.2558139534883721,0.0,0.0,0.0,0.008433734939759036,0.0,0.0,0.0,0.016867469879518072,0.5,0.06666666666666667,0.5,0.09337349397590361,0.5,0.045454545454545456,0.5,0.22349397590361444,0.5,0.02702702702702703,0.5,0.5048192771084338,0.0,0.1017541625306071,0.23255813953488372,0.23255813953488372,False,False,0.09302325581395349,0.0963855421686747,0.0963855421686747,0.23255813953488372,0.12048192771084337,0.23255813953488372,0.37209302325581395,0.0963855421686747,0.37209302325581395,0.4069767441860465,0.07028112449799197,0.4069767441860465,0.6976744186046512,0.07228915662650602,0.6976744186046512,0.5,0.25,0.5,0.02469879518072289,0.5,0.125,0.5,0.031927710843373494,0.5,0.06666666666666667,0.5,0.05240963855421687,1.0,0.09090909090909091,1.0,0.19337349397590362,1.0,0.05405405405405406,1.0,0.5066265060240964,0.0,0.06373827032124535,0.27906976744186046,0.27906976744186046,False,False,0.20930232558139536,0.21686746987951808,0.21686746987951808,0.27906976744186046,0.14457831325301204,0.27906976744186046,0.43023255813953487,0.11144578313253012,0.43023255813953487,0.4883720930232558,0.08433734939759036,0.4883720930232558,0.5581395348837209,0.05783132530120482,0.5581395348837209,0.5,0.25,0.5,0.02469879518072289,0.5,0.125,0.5,0.031927710843373494,0.5,0.06666666666666667,0.5,0.07530120481927711,0.5,0.045454545454545456,0.5,0.17650602409638555,1.0,0.05405405405405406,1.0,0.49096385542168675,0.0,0.1812885546491405,0.27906976744186046,0.27906976744186046,False,False,0.19767441860465115,0.20481927710843373,0.20481927710843373,0.27906976744186046,0.14457831325301204,0.27906976744186046,0.43023255813953487,0.11144578313253012,0.43023255813953487,0.4883720930232558,0.08433734939759036,0.4883720930232558,0.5581395348837209,0.05783132530120482,0.5581395348837209,0.5,0.25,0.5,0.02469879518072289,0.5,0.125,0.5,0.031927710843373494,0.5,0.06666666666666667,0.5,0.07530120481927711,0.5,0.045454545454545456,0.5,0.17650602409638555,1.0,0.05405405405405406,1.0,0.49096385542168675,,,0.0009107935423324776
hotpotqa_long,14,1247,68,0.35294117647058826,0.35294117647058826,False,False,0.23529411764705882,0.25396825396825395,0.25396825396825395,0.35294117647058826,0.192,0.35294117647058826,0.4852941176470588,0.132,0.4852941176470588,0.5294117647058824,0.096,0.5294117647058824,0.5588235294117647,0.060897435897435896,0.5588235294117647,0.3333333333333333,0.25,0.3333333333333333,0.0408981555733761,0.3333333333333333,0.14285714285714285,0.3333333333333333,0.05292702485966319,0.3333333333333333,0.07142857142857142,0.3333333333333333,0.12349639133921411,0.3333333333333333,0.047619047619047616,0.3333333333333333,0.16680032076984763,0.3333333333333333,0.02857142857142857,0.3333333333333333,0.3769045709703288,0.03448837209302326,0.06697533403636782,0.35294117647058826,0.35294117647058826,False,False,0.22058823529411764,0.23809523809523808,0.23809523809523808,0.35294117647058826,0.192,0.35294117647058826,0.4852941176470588,0.132,0.4852941176470588,0.6029411764705882,0.10933333333333334,0.6029411764705882,0.7352941176470589,0.08012820512820513,0.7352941176470589,0.3333333333333333,0.25,0.3333333333333333,0.03608660785886127,0.6666666666666666,0.2857142857142857,0.6666666666666666,0.10104250200481155,0.6666666666666666,0.14285714285714285,0.6666666666666666,0.16599839615076184,0.6666666666666666,0.09523809523809523,0.6666666666666666,0.19406575781876503,0.6666666666666666,0.05714285714285714,0.6666666666666666,0.36006415396952685,0.030581395348837213,0.12116077475970735,0.5,0.5,False,False,0.36764705882352944,0.3968253968253968,0.3968253968253968,0.5,0.272,0.5,0.6764705882352942,0.184,0.6764705882352942,0.8529411764705882,0.15466666666666667,0.8529411764705882,1.0,0.10897435897435898,1.0,0.3333333333333333,0.25,0.3333333333333333,0.044105854049719326,0.6666666666666666,0.2857142857142857,0.6666666666666666,0.0817963111467522,1.0,0.21428571428571427,1.0,0.13873295910184444,1.0,0.14285714285714285,1.0,0.23897353648757017,1.0,0.08571428571428572,1.0,0.35926222935044105,0.15467441860465117,0.2122703578591001,0.5,0.5,False,False,0.36764705882352944,0.3968253968253968,0.3968253968253968,0.5,0.272,0.5,0.6323529411764706,0.172,0.6323529411764706,0.8235294117647058,0.14933333333333335,0.8235294117647058,1.0,0.10897435897435898,1.0,0.3333333333333333,0.25,0.3333333333333333,0.044105854049719326,0.6666666666666666,0.2857142857142857,0.6666666666666666,0.0817963111467522,0.6666666666666666,0.14285714285714285,0.6666666666666666,0.1483560545308741,1.0,0.14285714285714285,1.0,0.23897353648757017,1.0,0.08571428571428572,1.0,0.35926222935044105,,,0.0008796111865438938
hotpotqa_long,15,1145,104,0.4423076923076923,0.4423076923076923,False,False,0.27884615384615385,0.5,0.5,0.4423076923076923,0.4,0.4423076923076923,0.5096153846153846,0.2314410480349345,0.5096153846153846,0.5480769230769231,0.16569767441860464,0.5480769230769231,0.9423076923076923,0.17102966841186737,0.9423076923076923,0.6,0.75,0.75,0.05327510917030567,0.6,0.42857142857142855,0.6,0.09082969432314411,0.8,0.2857142857142857,0.8,0.14759825327510917,0.8,0.19047619047619047,0.8,0.22096069868995633,1.0,0.14285714285714285,1.0,0.48646288209606986,0.025,0.03467547347028647,0.41346153846153844,0.41346153846153844,False,False,0.28846153846153844,0.5172413793103449,0.5172413793103449,0.41346153846153844,0.3739130434782609,0.41346153846153844,0.5384615384615384,0.2445414847161572,0.5384615384615384,0.6826923076923077,0.2063953488372093,0.6826923076923077,0.8269230769230769,0.15008726003490402,0.8269230769230769,0.4,0.5,0.5,0.0445414847161572,0.8,0.5714285714285714,0.8,0.07336244541484715,1.0,0.35714285714285715,1.0,0.17292576419213973,1.0,0.23809523809523808,1.0,0.23056768558951965,1.0,0.14285714285714285,1.0,0.4078602620087336,0.025,0.06044613023410382,0.41346153846153844,0.41346153846153844,False,False,0.25,0.4482758620689655,0.4482758620689655,0.41346153846153844,0.3739130434782609,0.41346153846153844,0.5480769230769231,0.24890829694323144,0.5480769230769231,0.625,0.18895348837209303,0.625,0.7980769230769231,0.14485165794066318,0.7980769230769231,0.2,0.25,0.25,0.028820960698689956,0.4,0.2857142857142857,0.4,0.05327510917030567,0.6,0.21428571428571427,0.6,0.13100436681222707,1.0,0.23809523809523808,1.0,0.22096069868995633,1.0,0.14285714285714285,1.0,0.3746724890829694,0.06053921568627452,0.21035330534271796,0.4230769230769231,0.4230769230769231,False,False,0.25,0.4482758620689655,0.4482758620689655,0.4230769230769231,0.3826086956521739,0.4230769230769231,0.5480769230769231,0.24890829694323144,0.5480769230769231,0.6346153846153846,0.19186046511627908,0.6346153846153846,0.7980769230769231,0.14485165794066318,0.7980769230769231,0.2,0.25,0.25,0.028820960698689956,0.4,0.2857142857142857,0.4,0.05327510917030567,0.6,0.21428571428571427,0.6,0.13100436681222707,1.0,0.23809523809523808,1.0,0.22096069868995633,1.0,0.14285714285714285,1.0,0.3746724890829694,,,0.0021597779414258556
hotpotqa_long,16,972,33,0.2727272727272727,0.2727272727272727,False,False,0.12121212121212122,0.08163265306122448,0.12121212121212122,0.2727272727272727,0.09183673469387756,0.2727272727272727,0.45454545454545453,0.07692307692307693,0.45454545454545453,0.5151515151515151,0.05821917808219178,0.5151515151515151,0.6060606060606061,0.0411522633744856,0.6060606060606061,0.0,0.0,0.0,0.00823045267489712,0.6666666666666666,0.3333333333333333,0.6666666666666666,0.04218106995884774,1.0,0.25,1.0,0.1111111111111111,1.0,0.16666666666666666,1.0,0.22016460905349794,1.0,0.10344827586206896,1.0,0.42386831275720166,0.13694690265486725,0.17141731095042667,0.48484848484848486,0.48484848484848486,False,False,0.24242424242424243,0.16326530612244897,0.24242424242424243,0.48484848484848486,0.16326530612244897,0.48484848484848486,0.8181818181818182,0.13846153846153847,0.8181818181818182,0.8787878787878788,0.09931506849315068,0.8787878787878788,0.9393939393939394,0.06378600823045268,0.9393939393939394,0.0,0.0,0.0,0.012345679012345678,0.6666666666666666,0.3333333333333333,0.6666666666666666,0.046296296296296294,1.0,0.25,1.0,0.1286008230452675,1.0,0.16666666666666666,1.0,0.22119341563786007,1.0,0.10344827586206896,1.0,0.3631687242798354,0.10553097345132742,0.15373037451489963,0.3939393939393939,0.3939393939393939,False,False,0.15151515151515152,0.10204081632653061,0.15151515151515152,0.3939393939393939,0.1326530612244898,0.3939393939393939,0.5151515151515151,0.08717948717948718,0.5151515151515151,0.6363636363636364,0.07191780821917808,0.6363636363636364,0.7878787878787878,0.053497942386831275,0.7878787878787878,0.3333333333333333,0.3333333333333333,0.3333333333333333,0.02880658436213992,0.6666666666666666,0.3333333333333333,0.6666666666666666,0.046296296296296294,0.6666666666666666,0.16666666666666666,0.6666666666666666,0.16358024691358025,0.6666666666666666,0.1111111111111111,0.6666666666666666,0.21502057613168724,1.0,0.10344827586206896,1.0,0.3683127572016461,0.4077433628318584,0.5068505358888171,0.42424242424242425,0.42424242424242425,False,False,0.15151515151515152,0.10204081632653061,0.15151515151515152,0.42424242424242425,0.14285714285714285,0.42424242424242425,0.5151515151515151,0.08717948717948718,0.5151515151515151,0.6363636363636364,0.07191780821917808,0.6363636363636364,0.7878787878787878,0.053497942386831275,0.7878787878787878,0.0,0.0,0.0,0.012345679012345678,0.6666666666666666,0.3333333333333333,0.6666666666666666,0.046296296296296294,0.6666666666666666,0.16666666666666666,0.6666666666666666,0.1286008230452675,0.6666666666666666,0.1111111111111111,0.6666666666666666,0.20267489711934156,1.0,0.10344827586206896,1.0,0.3683127572016461,,,0.0013761713027828915
hotpotqa_long,17,949,82,0.012195121951219513,0.012195121951219513,False,False,0.012195121951219513,0.020833333333333332,0.020833333333333332,0.012195121951219513,0.010526315789473684,0.012195121951219513,0.13414634146341464,0.05789473684210526,0.13414634146341464,0.14634146341463414,0.042105263157894736,0.14634146341463414,0.24390243902439024,0.042105263157894736,0.24390243902439024,0.0,0.0,0.0,0.012644889357218124,0.0,0.0,0.0,0.018967334035827187,0.0,0.0,0.0,0.03477344573234984,0.0,0.0,0.0,0.11591148577449947,0.0,0.0,0.0,0.3382507903055848,0.025,0.09483138477214588,0.3780487804878049,0.3780487804878049,False,False,0.14634146341463414,0.25,0.25,0.3780487804878049,0.3263157894736842,0.3780487804878049,0.5975609756097561,0.2578947368421053,0.5975609756097561,0.7073170731707317,0.20350877192982456,0.7073170731707317,0.8658536585365854,0.14947368421052631,0.8658536585365854,0.0,0.0,0.0,0.011591148577449948,0.5,0.2,0.5,0.06638566912539515,1.0,0.2,1.0,0.16754478398314016,1.0,0.13333333333333333,1.0,0.22233930453108536,1.0,0.08,1.0,0.3972602739726027,0.3240384615384615,0.34753433918130433,0.2804878048780488,0.2804878048780488,False,False,0.13414634146341464,0.22916666666666666,0.22916666666666666,0.2804878048780488,0.24210526315789474,0.2804878048780488,0.5121951219512195,0.22105263157894736,0.5121951219512195,0.6097560975609756,0.17543859649122806,0.6097560975609756,0.7560975609756098,0.13052631578947368,0.7560975609756098,0.0,0.0,0.0,0.008429926238145416,0.0,0.0,0.0,0.018967334035827187,0.5,0.1,0.5,0.11169652265542676,1.0,0.13333333333333333,1.0,0.23709167544783982,1.0,0.08,1.0,0.4457323498419389,0.8423076923076925,0.9037493160287818,0.2804878048780488,0.2804878048780488,False,False,0.13414634146341464,0.22916666666666666,0.22916666666666666,0.2804878048780488,0.24210526315789474,0.2804878048780488,0.5121951219512195,0.22105263157894736,0.5121951219512195,0.6097560975609756,0.17543859649122806,0.6097560975609756,0.7560975609756098,0.13052631578947368,0.7560975609756098,0.0,0.0,0.0,0.008429926238145416,0.0,0.0,0.0,0.018967334035827187,0.5,0.1,0.5,0.11169652265542676,1.0,0.13333333333333333,1.0,0.23709167544783982,1.0,0.08,1.0,0.4457323498419389,,,0.0009334753402523432
hotpotqa_long,18,1295,97,0.3402061855670103,0.3402061855670103,False,False,0.23711340206185566,0.35384615384615387,0.35384615384615387,0.3402061855670103,0.25384615384615383,0.3402061855670103,0.5360824742268041,0.20077220077220076,0.5360824742268041,0.6494845360824743,0.16195372750642673,0.6494845360824743,0.7628865979381443,0.11419753086419752,0.7628865979381443,0.3333333333333333,0.3333333333333333,0.3333333333333333,0.03397683397683398,0.3333333333333333,0.16666666666666666,0.3333333333333333,0.040926640926640924,0.3333333333333333,0.08333333333333333,0.3333333333333333,0.06563706563706563,0.6666666666666666,0.1111111111111111,0.6666666666666666,0.15366795366795366,1.0,0.1,1.0,0.41312741312741313,0.052017543859649115,0.09590915458333531,0.30927835051546393,0.30927835051546393,False,False,0.18556701030927836,0.27692307692307694,0.27692307692307694,0.30927835051546393,0.23076923076923078,0.30927835051546393,0.5051546391752577,0.1891891891891892,0.5051546391752577,0.711340206185567,0.17737789203084833,0.711340206185567,0.8350515463917526,0.125,0.8350515463917526,0.3333333333333333,0.3333333333333333,0.3333333333333333,0.03397683397683398,0.3333333333333333,0.16666666666666666,0.3333333333333333,0.055598455598455596,0.6666666666666666,0.16666666666666666,0.6666666666666666,0.11351351351351352,1.0,0.16666666666666666,1.0,0.17915057915057914,1.0,0.1,1.0,0.28494208494208495,0.07119883040935673,0.13838346191806863,0.32989690721649484,0.32989690721649484,False,False,0.21649484536082475,0.3230769230769231,0.3230769230769231,0.32989690721649484,0.24615384615384617,0.32989690721649484,0.41237113402061853,0.15444015444015444,0.41237113402061853,0.5670103092783505,0.14138817480719795,0.5670103092783505,0.7525773195876289,0.11265432098765432,0.7525773195876289,0.3333333333333333,0.3333333333333333,0.3333333333333333,0.03397683397683398,0.3333333333333333,0.16666666666666666,0.3333333333333333,0.05328185328185328,0.3333333333333333,0.08333333333333333,0.3333333333333333,0.11583011583011583,0.6666666666666666,0.1111111111111111,0.6666666666666666,0.23783783783783785,0.6666666666666666,0.06666666666666667,0.6666666666666666,0.41621621621621624,0.030146198830409365,0.22819382940551997,0.30927835051546393,0.30927835051546393,False,False,0.21649484536082475,0.3230769230769231,0.3230769230769231,0.30927835051546393,0.23076923076923078,0.30927835051546393,0.4020618556701031,0.15057915057915058,0.4020618556701031,0.5463917525773195,0.13624678663239073,0.5463917525773195,0.7319587628865979,0.1095679012345679,0.7319587628865979,0.3333333333333333,0.3333333333333333,0.3333333333333333,0.033204633204633204,0.3333333333333333,0.16666666666666666,0.3333333333333333,0.040154440154440155,0.3333333333333333,0.08333333333333333,0.3333333333333333,0.11583011583011583,0.6666666666666666,0.1111111111111111,0.6666666666666666,0.22393822393822393,0.6666666666666666,0.06666666666666667,0.6666666666666666,0.40077220077220077,,,0.0026449719332308774
hotpotqa_long,19,895,75,0.26666666666666666,0.26666666666666666,False,False,0.18666666666666668,0.3111111111111111,0.3111111111111111,0.26666666666666666,0.2222222222222222,0.26666666666666666,0.3466666666666667,0.1452513966480447,0.3466666666666667,0.4,0.11152416356877323,0.4,0.4533333333333333,0.07589285714285714,0.4533333333333333,0.6666666666666666,0.5,0.6666666666666666,0.08603351955307263,0.6666666666666666,0.2857142857142857,0.6666666666666666,0.10391061452513967,0.6666666666666666,0.14285714285714285,0.6666666666666666,0.17094972067039105,0.6666666666666666,0.09523809523809523,0.6666666666666666,0.2782122905027933,1.0,0.08823529411764706,1.0,0.4446927374301676,0.0402156862745098,0.06066941334022406,0.5066666666666667,0.5066666666666667,False,False,0.3333333333333333,0.5555555555555556,0.5555555555555556,0.5066666666666667,0.4222222222222222,0.5066666666666667,0.6666666666666666,0.27932960893854747,0.6666666666666666,0.76,0.21189591078066913,0.76,0.8266666666666667,0.13839285714285715,0.8266666666666667,0.6666666666666666,0.5,0.6666666666666666,0.08603351955307263,1.0,0.42857142857142855,1.0,0.10837988826815642,1.0,0.21428571428571427,1.0,0.25921787709497207,1.0,0.14285714285714285,1.0,0.3206703910614525,1.0,0.08823529411764706,1.0,0.5363128491620112,0.025,0.06706106859695174,0.5866666666666667,0.5866666666666667,False,False,0.4266666666666667,0.7111111111111111,0.7111111111111111,0.5866666666666667,0.4888888888888889,0.5866666666666667,0.7333333333333333,0.30726256983240224,0.7333333333333333,0.8133333333333334,0.22676579925650558,0.8133333333333334,0.9066666666666666,0.15178571428571427,0.9066666666666666,0.6666666666666666,0.5,0.6666666666666666,0.08603351955307263,1.0,0.42857142857142855,1.0,0.10391061452513967,1.0,0.21428571428571427,1.0,0.2100558659217877,1.0,0.14285714285714285,1.0,0.3687150837988827,1.0,0.08823529411764706,1.0,0.6145251396648045,0.025,0.2128752163988569,0.6,0.6,False,False,0.41333333333333333,0.6888888888888889,0.6888888888888889,0.6,0.5,0.6,0.7466666666666667,0.3128491620111732,0.7466666666666667,0.8133333333333334,0.22676579925650558,0.8133333333333334,0.9066666666666666,0.15178571428571427,0.9066666666666666,0.6666666666666666,0.5,0.6666666666666666,0.08603351955307263,1.0,0.42857142857142855,1.0,0.10391061452513967,1.0,0.21428571428571427,1.0,0.23575418994413408,1.0,0.14285714285714285,1.0,0.3687150837988827,1.0,0.08823529411764706,1.0,0.6145251396648045,,,0.0015855322923753468
hotpotqa_long,20,1131,45,0.2,0.2,False,False,0.15555555555555556,0.12280701754385964,0.15555555555555556,0.2,0.07894736842105263,0.2,0.3111111111111111,0.06167400881057269,0.3111111111111111,0.4888888888888889,0.06470588235294118,0.4888888888888889,0.6888888888888889,0.054770318021201414,0.6888888888888889,0.25,0.25,0.25,0.015030946065428824,0.25,0.14285714285714285,0.25,0.07692307692307693,0.5,0.15384615384615385,0.5,0.125552608311229,0.5,0.10526315789473684,0.5,0.15915119363395225,0.75,0.09375,0.75,0.4447391688770999,0.025,0.07337489188143032,0.1111111111111111,0.1111111111111111,False,False,0.08888888888888889,0.07017543859649122,0.08888888888888889,0.1111111111111111,0.043859649122807015,0.1111111111111111,0.26666666666666666,0.05286343612334802,0.26666666666666666,0.3333333333333333,0.04411764705882353,0.3333333333333333,0.4888888888888889,0.038869257950530034,0.4888888888888889,0.25,0.25,0.25,0.022988505747126436,0.25,0.14285714285714285,0.25,0.07161803713527852,0.25,0.07692307692307693,0.25,0.13085764809902742,0.5,0.10526315789473684,0.5,0.1874447391688771,0.5,0.0625,0.5,0.3978779840848806,0.06173469387755102,0.1308766501562596,0.2,0.2,False,False,0.15555555555555556,0.12280701754385964,0.15555555555555556,0.2,0.07894736842105263,0.2,0.37777777777777777,0.07488986784140969,0.37777777777777777,0.4888888888888889,0.06470588235294118,0.4888888888888889,0.6222222222222222,0.04946996466431095,0.6222222222222222,0.25,0.25,0.25,0.03801945181255526,0.25,0.14285714285714285,0.25,0.08576480990274093,0.25,0.07692307692307693,0.25,0.18037135278514588,0.5,0.10526315789473684,0.5,0.29354553492484525,0.75,0.09375,0.75,0.48629531388152075,0.025,0.19534903070658866,0.2,0.2,False,False,0.15555555555555556,0.12280701754385964,0.15555555555555556,0.2,0.07894736842105263,0.2,0.37777777777777777,0.07488986784140969,0.37777777777777777,0.4888888888888889,0.06470588235294118,0.4888888888888889,0.6222222222222222,0.04946996466431095,0.6222222222222222,0.25,0.25,0.25,0.03801945181255526,0.25,0.14285714285714285,0.25,0.08576480990274093,0.25,0.07692307692307693,0.25,0.18037135278514588,0.5,0.10526315789473684,0.5,0.29354553492484525,0.75,0.09375,0.75,0.48629531388152075,,,0.0020617339313901972
hotpotqa_long,21,1385,40,0.275,0.275,False,False,0.15,0.08571428571428572,0.15,0.275,0.07913669064748201,0.275,0.35,0.05054151624548736,0.35,0.35,0.03365384615384615,0.35,0.6,0.03463203463203463,0.6,0.0,0.0,0.0,0.03393501805054152,0.0,0.0,0.0,0.0628158844765343,0.5,0.06666666666666667,0.5,0.11913357400722022,0.5,0.043478260869565216,0.5,0.2368231046931408,1.0,0.05405405405405406,1.0,0.42093862815884475,0.0,0.06463062543350731,0.55,0.55,False,False,0.4,0.22857142857142856,0.4,0.55,0.15827338129496402,0.55,0.725,0.10469314079422383,0.725,0.8,0.07692307692307693,0.8,0.85,0.049062049062049064,0.85,0.5,0.25,0.5,0.018772563176895306,0.5,0.125,0.5,0.03176895306859206,0.5,0.06666666666666667,0.5,0.06353790613718412,1.0,0.08695652173913043,1.0,0.14512635379061373,1.0,0.05405405405405406,1.0,0.36534296028880864,0.0,0.09244244310837149,0.625,0.625,False,False,0.425,0.24285714285714285,0.425,0.625,0.17985611510791366,0.625,0.8,0.11552346570397112,0.8,0.925,0.0889423076923077,0.925,0.925,0.05339105339105339,0.925,0.0,0.0,0.0,0.013718411552346571,0.5,0.125,0.5,0.039711191335740074,1.0,0.13333333333333333,1.0,0.0664259927797834,1.0,0.08695652173913043,1.0,0.13212996389891696,1.0,0.05405405405405406,1.0,0.2772563176895307,0.0,0.18223386632635297,0.6,0.6,False,False,0.425,0.24285714285714285,0.425,0.6,0.17266187050359713,0.6,0.8,0.11552346570397112,0.8,0.925,0.0889423076923077,0.925,0.925,0.05339105339105339,0.925,0.0,0.0,0.0,0.013718411552346571,0.5,0.125,0.5,0.039711191335740074,1.0,0.13333333333333333,1.0,0.0664259927797834,1.0,0.08695652173913043,1.0,0.13212996389891696,1.0,0.05405405405405406,1.0,0.2772563176895307,,,0.0018631901482895619
hotpotqa_long,22,2911,55,0.7818181818181819,0.7818181818181819,False,False,0.6363636363636364,0.23972602739726026,0.6363636363636364,0.7818181818181819,0.14726027397260275,0.7818181818181819,0.8727272727272727,0.0823327615780446,0.8727272727272727,0.8727272727272727,0.05491990846681922,0.8727272727272727,0.8909090909090909,0.03365384615384615,0.8909090909090909,0.3333333333333333,0.125,0.3333333333333333,0.02404671934043284,0.6666666666666666,0.13333333333333333,0.6666666666666666,0.05152868430092752,1.0,0.1,1.0,0.1511508072827207,1.0,0.06666666666666667,1.0,0.2844383373411199,1.0,0.04054054054054054,1.0,0.4730333218825146,0.025,0.06253168172757326,0.7636363636363637,0.7636363636363637,False,False,0.6181818181818182,0.2328767123287671,0.6181818181818182,0.7636363636363637,0.14383561643835616,0.7636363636363637,0.8181818181818182,0.07718696397941681,0.8181818181818182,0.8181818181818182,0.05148741418764302,0.8181818181818182,0.8545454545454545,0.032280219780219783,0.8545454545454545,0.6666666666666666,0.25,0.6666666666666666,0.03229130882858124,1.0,0.2,1.0,0.05874270010305737,1.0,0.1,1.0,0.157334249398832,1.0,0.06666666666666667,1.0,0.2576434215046376,1.0,0.04054054054054054,1.0,0.4778426657506012,0.025,0.056777937173102935,0.6909090909090909,0.6909090909090909,False,False,0.6363636363636364,0.23972602739726026,0.6363636363636364,0.6909090909090909,0.13013698630136986,0.6909090909090909,0.9636363636363636,0.09090909090909091,0.9636363636363636,1.0,0.06292906178489703,1.0,1.0,0.03777472527472527,1.0,0.6666666666666666,0.25,0.6666666666666666,0.03469598076262453,1.0,0.2,1.0,0.08244589488148403,1.0,0.1,1.0,0.17279285468911026,1.0,0.06666666666666667,1.0,0.273445551356922,1.0,0.04054054054054054,1.0,0.4730333218825146,0.1085641180012041,0.15729831674089628,0.6909090909090909,0.6909090909090909,False,False,0.6363636363636364,0.23972602739726026,0.6363636363636364,0.6909090909090909,0.13013698630136986,0.6909090909090909,0.9636363636363636,0.09090909090909091,0.9636363636363636,1.0,0.06292906178489703,1.0,1.0,0.03777472527472527,1.0,0.6666666666666666,0.25,0.6666666666666666,0.03469598076262453,1.0,0.2,1.0,0.08244589488148403,1.0,0.1,1.0,0.17279285468911026,1.0,0.06666666666666667,1.0,0.273445551356922,1.0,0.04054054054054054,1.0,0.46616283064239095,,,0.0016958502513020335
hotpotqa_long,23,1302,93,0.3010752688172043,0.3010752688172043,False,False,0.1827956989247312,0.25757575757575757,0.25757575757575757,0.3010752688172043,0.21374045801526717,0.3010752688172043,0.44086021505376344,0.15708812260536398,0.44086021505376344,0.5161290322580645,0.12276214833759591,0.5161290322580645,0.5913978494623656,0.08448540706605223,0.5913978494623656,0.3333333333333333,0.3333333333333333,0.3333333333333333,0.03686635944700461,0.3333333333333333,0.16666666666666666,0.3333333333333333,0.07219662058371736,0.6666666666666666,0.16666666666666666,0.6666666666666666,0.1881720430107527,1.0,0.16666666666666666,1.0,0.22964669738863286,1.0,0.10344827586206896,1.0,0.37480798771121354,0.025,0.08110953076121645,0.26881720430107525,0.26881720430107525,False,False,0.1827956989247312,0.25757575757575757,0.25757575757575757,0.26881720430107525,0.19083969465648856,0.26881720430107525,0.3870967741935484,0.13793103448275862,0.3870967741935484,0.4838709677419355,0.11508951406649616,0.4838709677419355,0.6021505376344086,0.08602150537634409,0.6021505376344086,0.3333333333333333,0.3333333333333333,0.3333333333333333,0.02457757296466974,0.3333333333333333,0.16666666666666666,0.3333333333333333,0.05222734254992319,1.0,0.25,1.0,0.18125960061443933,1.0,0.16666666666666666,1.0,0.2749615975422427,1.0,0.10344827586206896,1.0,0.39093701996927804,0.025,0.056214294084328,0.40860215053763443,0.40860215053763443,False,False,0.23655913978494625,0.3333333333333333,0.3333333333333333,0.40860215053763443,0.2900763358778626,0.40860215053763443,0.6774193548387096,0.2413793103448276,0.6774193548387096,0.7419354838709677,0.17647058823529413,0.7419354838709677,0.8924731182795699,0.12749615975422426,0.8924731182795699,0.0,0.0,0.0,0.008448540706605223,0.3333333333333333,0.16666666666666666,0.3333333333333333,0.04685099846390169,1.0,0.25,1.0,0.17357910906298002,1.0,0.16666666666666666,1.0,0.2534562211981567,1.0,0.10344827586206896,1.0,0.3640552995391705,0.025,0.18346595860934892,0.3978494623655914,0.3978494623655914,False,False,0.26881720430107525,0.3787878787878788,0.3787878787878788,0.3978494623655914,0.2824427480916031,0.3978494623655914,0.7096774193548387,0.25287356321839083,0.7096774193548387,0.7526881720430108,0.17902813299232737,0.7526881720430108,0.8924731182795699,0.12749615975422426,0.8924731182795699,0.0,0.0,0.0,0.008448540706605223,0.6666666666666666,0.3333333333333333,0.6666666666666666,0.04608294930875576,1.0,0.25,1.0,0.17357910906298002,1.0,0.16666666666666666,1.0,0.2534562211981567,1.0,0.10344827586206896,1.0,0.3640552995391705,,,0.0013012889526959892
hotpotqa_long,24,1165,69,0.3333333333333333,0.3333333333333333,False,False,0.2028985507246377,0.23728813559322035,0.23728813559322035,0.3333333333333333,0.19658119658119658,0.3333333333333333,0.4492753623188406,0.13304721030042918,0.4492753623188406,0.4927536231884058,0.09714285714285714,0.4927536231884058,0.5217391304347826,0.06174957118353345,0.5217391304347826,0.0,0.0,0.0,0.030042918454935622,0.0,0.0,0.0,0.03776824034334764,0.3333333333333333,0.07142857142857142,0.3333333333333333,0.10128755364806867,1.0,0.14285714285714285,1.0,0.18969957081545064,1.0,0.08823529411764706,1.0,0.3699570815450644,0.025,0.04928487735975391,0.36231884057971014,0.36231884057971014,False,False,0.2463768115942029,0.288135593220339,0.288135593220339,0.36231884057971014,0.21367521367521367,0.36231884057971014,0.4927536231884058,0.1459227467811159,0.4927536231884058,0.5362318840579711,0.10571428571428572,0.5362318840579711,0.5507246376811594,0.06518010291595197,0.5507246376811594,0.0,0.0,0.0,0.030042918454935622,0.3333333333333333,0.14285714285714285,0.3333333333333333,0.055793991416309016,0.6666666666666666,0.14285714285714285,0.6666666666666666,0.10214592274678111,0.6666666666666666,0.09523809523809523,0.6666666666666666,0.248068669527897,0.6666666666666666,0.058823529411764705,0.6666666666666666,0.4446351931330472,0.025,0.04522387737035486,0.6521739130434783,0.6521739130434783,False,False,0.36231884057971014,0.423728813559322,0.423728813559322,0.6521739130434783,0.38461538461538464,0.6521739130434783,0.7971014492753623,0.23605150214592274,0.7971014492753623,0.8695652173913043,0.17142857142857143,0.8695652173913043,0.9565217391304348,0.11320754716981132,0.9565217391304348,0.3333333333333333,0.25,0.3333333333333333,0.048068669527897,0.6666666666666666,0.2857142857142857,0.6666666666666666,0.0815450643776824,1.0,0.21428571428571427,1.0,0.1313304721030043,1.0,0.14285714285714285,1.0,0.18369098712446352,1.0,0.08823529411764706,1.0,0.4025751072961373,0.043967136150234745,0.17402553385635805,0.6521739130434783,0.6521739130434783,False,False,0.36231884057971014,0.423728813559322,0.423728813559322,0.6521739130434783,0.38461538461538464,0.6521739130434783,0.8115942028985508,0.24034334763948498,0.8115942028985508,0.8695652173913043,0.17142857142857143,0.8695652173913043,0.9565217391304348,0.11320754716981132,0.9565217391304348,0.3333333333333333,0.25,0.3333333333333333,0.048068669527897,0.6666666666666666,0.2857142857142857,0.6666666666666666,0.07553648068669527,1.0,0.21428571428571427,1.0,0.1313304721030043,1.0,0.14285714285714285,1.0,0.1811158798283262,1.0,0.08823529411764706,1.0,0.3982832618025751,,,0.004145043379657931
hotpotqa_long,25,1682,69,0.6231884057971014,0.6231884057971014,False,False,0.5362318840579711,0.43529411764705883,0.5362318840579711,0.6231884057971014,0.25443786982248523,0.6231884057971014,0.6956521739130435,0.142433234421365,0.6956521739130435,0.7246376811594203,0.09900990099009901,0.7246376811594203,0.7246376811594203,0.059453032104637336,0.7246376811594203,0.5,0.6,0.6,0.03983353151010702,0.6666666666666666,0.4444444444444444,0.6666666666666666,0.07193816884661118,0.8333333333333334,0.2777777777777778,0.8333333333333334,0.10225921521997622,1.0,0.23076923076923078,1.0,0.17657550535077288,1.0,0.13953488372093023,1.0,0.40963139120095127,0.03512024048096193,0.05363704688904063,0.8405797101449275,0.8405797101449275,False,False,0.6666666666666666,0.5411764705882353,0.6666666666666666,0.8405797101449275,0.3431952662721893,0.8405797101449275,0.927536231884058,0.18991097922848665,0.927536231884058,0.9710144927536232,0.13267326732673268,0.9710144927536232,0.9855072463768116,0.08085612366230678,0.9855072463768116,0.5,0.6,0.6,0.045778834720570746,0.6666666666666666,0.4444444444444444,0.6666666666666666,0.06420927467300833,1.0,0.3333333333333333,1.0,0.11950059453032105,1.0,0.23076923076923078,1.0,0.19976218787158145,1.0,0.13953488372093023,1.0,0.40725326991676575,0.030410821643286567,0.05992292024548871,0.7681159420289855,0.7681159420289855,False,False,0.5797101449275363,0.47058823529411764,0.5797101449275363,0.7681159420289855,0.3136094674556213,0.7681159420289855,0.8840579710144928,0.18100890207715134,0.8840579710144928,0.9420289855072463,0.12871287128712872,0.9420289855072463,1.0,0.08204518430439953,1.0,0.3333333333333333,0.4,0.4,0.02497027348394768,0.6666666666666666,0.4444444444444444,0.6666666666666666,0.06361474435196195,0.8333333333333334,0.2777777777777778,0.8333333333333334,0.14328180737217597,0.8333333333333334,0.19230769230769232,0.8333333333333334,0.20986920332936979,1.0,0.13953488372093023,1.0,0.3989298454221165,0.046342685370741474,0.2034983335950588,0.7536231884057971,0.7536231884057971,False,False,0.5652173913043478,0.4588235294117647,0.5652173913043478,0.7536231884057971,0.3076923076923077,0.7536231884057971,0.8985507246376812,0.18397626112759644,0.8985507246376812,0.9420289855072463,0.12871287128712872,0.9420289855072463,1.0,0.08204518430439953,1.0,0.3333333333333333,0.4,0.4,0.02497027348394768,0.6666666666666666,0.4444444444444444,0.6666666666666666,0.06361474435196195,0.8333333333333334,0.2777777777777778,0.8333333333333334,0.14328180737217597,0.8333333333333334,0.19230769230769232,0.8333333333333334,0.20986920332936979,1.0,0.13953488372093023,1.0,0.39655172413793105,,,0.0019706141286555123
hotpotqa_long,26,1077,144,0.1388888888888889,0.1388888888888889,False,False,0.08333333333333333,0.2222222222222222,0.2222222222222222,0.1388888888888889,0.18518518518518517,0.18518518518518517,0.2222222222222222,0.14814814814814814,0.2222222222222222,0.2569444444444444,0.11419753086419752,0.2569444444444444,0.2986111111111111,0.07977736549165121,0.2986111111111111,0.0,0.0,0.0,0.008356545961002786,0.5,0.2,0.5,0.07613741875580315,0.5,0.1,0.5,0.116991643454039,0.5,0.07142857142857142,0.5,0.14113277623026926,1.0,0.08695652173913043,1.0,0.38904363974001854,0.025,0.061133197841033805,0.2569444444444444,0.2569444444444444,False,False,0.14583333333333334,0.3888888888888889,0.3888888888888889,0.2569444444444444,0.3425925925925926,0.3425925925925926,0.4236111111111111,0.2824074074074074,0.4236111111111111,0.5833333333333334,0.25925925925925924,0.5833333333333334,0.75,0.20037105751391465,0.75,0.5,0.3333333333333333,0.5,0.06499535747446611,0.5,0.2,0.5,0.08170844939647168,1.0,0.2,1.0,0.24233983286908078,1.0,0.14285714285714285,1.0,0.33240482822655526,1.0,0.08695652173913043,1.0,0.4688950789229341,0.09488505747126437,0.13760027056071095,0.3194444444444444,0.3194444444444444,False,False,0.2222222222222222,0.5925925925925926,0.5925925925925926,0.3194444444444444,0.42592592592592593,0.42592592592592593,0.4236111111111111,0.2824074074074074,0.4236111111111111,0.4652777777777778,0.20679012345679013,0.4652777777777778,0.6180555555555556,0.16512059369202226,0.6180555555555556,1.0,0.6666666666666666,1.0,0.1392757660167131,1.0,0.4,1.0,0.16248839368616527,1.0,0.2,1.0,0.19220055710306408,1.0,0.14285714285714285,1.0,0.27948003714020425,1.0,0.08695652173913043,1.0,0.4948932219127205,0.24729885057471263,0.35563760956388657,0.3055555555555556,0.3055555555555556,False,False,0.2222222222222222,0.5925925925925926,0.5925925925925926,0.3055555555555556,0.4074074074074074,0.4074074074074074,0.4236111111111111,0.2824074074074074,0.4236111111111111,0.4583333333333333,0.2037037037037037,0.4583333333333333,0.6111111111111112,0.16326530612244897,0.6111111111111112,1.0,0.6666666666666666,1.0,0.1392757660167131,1.0,0.4,1.0,0.16898792943361188,1.0,0.2,1.0,0.19220055710306408,1.0,0.14285714285714285,1.0,0.27948003714020425,1.0,0.08695652173913043,1.0,0.4623955431754875,,,0.017254208344525068
hotpotqa_long,27,1647,67,0.373134328358209,0.373134328358209,False,False,0.2537313432835821,0.20481927710843373,0.2537313432835821,0.373134328358209,0.15151515151515152,0.373134328358209,0.4626865671641791,0.09393939393939393,0.4626865671641791,0.5223880597014925,0.0707070707070707,0.5223880597014925,0.582089552238806,0.04733009708737864,0.582089552238806,0.3333333333333333,0.2,0.3333333333333333,0.024286581663630843,0.6666666666666666,0.2222222222222222,0.6666666666666666,0.08014571948998178,1.0,0.17647058823529413,1.0,0.14632665452337584,1.0,0.11538461538461539,1.0,0.21736490588949606,1.0,0.07142857142857142,1.0,0.4055859137826351,0.025,0.07058053996219682,0.43283582089552236,0.43283582089552236,False,False,0.3283582089552239,0.26506024096385544,0.3283582089552239,0.43283582089552236,0.17575757575757575,0.43283582089552236,0.6268656716417911,0.12727272727272726,0.6268656716417911,0.7611940298507462,0.10303030303030303,0.7611940298507462,0.8208955223880597,0.06674757281553398,0.8208955223880597,0.6666666666666666,0.4,0.6666666666666666,0.04796599878567092,1.0,0.3333333333333333,1.0,0.07285974499089254,1.0,0.17647058823529413,1.0,0.13357619914996965,1.0,0.11538461538461539,1.0,0.20522161505768063,1.0,0.07142857142857142,1.0,0.38979963570127507,0.025,0.06169307204515223,0.47761194029850745,0.47761194029850745,False,False,0.29850746268656714,0.24096385542168675,0.29850746268656714,0.47761194029850745,0.19393939393939394,0.47761194029850745,0.6268656716417911,0.12727272727272726,0.6268656716417911,0.7164179104477612,0.09696969696969697,0.7164179104477612,0.8805970149253731,0.07160194174757281,0.8805970149253731,0.6666666666666666,0.4,0.6666666666666666,0.030358227079538554,0.6666666666666666,0.2222222222222222,0.6666666666666666,0.037037037037037035,1.0,0.17647058823529413,1.0,0.09532483302975106,1.0,0.11538461538461539,1.0,0.21311475409836064,1.0,0.07142857142857142,1.0,0.43108682452944747,0.03221868365180467,0.20205488804212438,0.47761194029850745,0.47761194029850745,False,False,0.29850746268656714,0.24096385542168675,0.29850746268656714,0.47761194029850745,0.19393939393939394,0.47761194029850745,0.6268656716417911,0.12727272727272726,0.6268656716417911,0.7014925373134329,0.09494949494949495,0.7014925373134329,0.8805970149253731,0.07160194174757281,0.8805970149253731,0.6666666666666666,0.4,0.6666666666666666,0.030358227079538554,0.6666666666666666,0.2222222222222222,0.6666666666666666,0.037037037037037035,1.0,0.17647058823529413,1.0,0.09532483302975106,1.0,0.11538461538461539,1.0,0.21311475409836064,1.0,0.07142857142857142,1.0,0.43108682452944747,,,0.0013234883665615982
hotpotqa_long,28,972,147,0.22448979591836735,0.22448979591836735,False,False,0.14285714285714285,0.42857142857142855,0.42857142857142855,0.22448979591836735,0.336734693877551,0.336734693877551,0.3197278911564626,0.24102564102564103,0.3197278911564626,0.41496598639455784,0.2089041095890411,0.41496598639455784,0.5238095238095238,0.15843621399176955,0.5238095238095238,0.0,0.0,0.0,0.01131687242798354,0.25,0.16666666666666666,0.25,0.0411522633744856,0.75,0.2727272727272727,0.75,0.20679012345679013,0.75,0.1875,0.75,0.2788065843621399,0.75,0.11538461538461539,0.75,0.5174897119341564,0.025,0.06999052293611188,0.19727891156462585,0.19727891156462585,False,False,0.1360544217687075,0.40816326530612246,0.40816326530612246,0.19727891156462585,0.29591836734693877,0.29591836734693877,0.3129251700680272,0.2358974358974359,0.3129251700680272,0.4557823129251701,0.22945205479452055,0.4557823129251701,0.6666666666666666,0.20164609053497942,0.6666666666666666,0.0,0.0,0.0,0.01646090534979424,0.25,0.16666666666666666,0.25,0.04835390946502058,0.5,0.18181818181818182,0.5,0.1286008230452675,0.75,0.1875,0.75,0.23148148148148148,0.75,0.11538461538461539,0.75,0.38477366255144035,0.025,0.07603973504308004,0.17687074829931973,0.17687074829931973,False,False,0.14285714285714285,0.42857142857142855,0.42857142857142855,0.17687074829931973,0.2653061224489796,0.2653061224489796,0.2585034013605442,0.19487179487179487,0.2585034013605442,0.3129251700680272,0.15753424657534246,0.3129251700680272,0.48299319727891155,0.14609053497942387,0.48299319727891155,0.25,0.3333333333333333,0.3333333333333333,0.024691358024691357,0.25,0.16666666666666666,0.25,0.037037037037037035,0.25,0.09090909090909091,0.25,0.09053497942386832,0.25,0.0625,0.25,0.11316872427983539,0.25,0.038461538461538464,0.25,0.23868312757201646,0.025,0.20448328339292893,0.17006802721088435,0.17006802721088435,False,False,0.14285714285714285,0.42857142857142855,0.42857142857142855,0.17006802721088435,0.25510204081632654,0.25510204081632654,0.25170068027210885,0.18974358974358974,0.25170068027210885,0.3129251700680272,0.15753424657534246,0.3129251700680272,0.48299319727891155,0.14609053497942387,0.48299319727891155,0.25,0.3333333333333333,0.3333333333333333,0.024691358024691357,0.25,0.16666666666666666,0.25,0.037037037037037035,0.25,0.09090909090909091,0.25,0.09053497942386832,0.25,0.0625,0.25,0.11316872427983539,0.25,0.038461538461538464,0.25,0.23868312757201646,,,0.0005105775926570466
hotpotqa_long,29,890,86,0.10465116279069768,0.10465116279069768,False,False,0.06976744186046512,0.13333333333333333,0.13333333333333333,0.10465116279069768,0.10112359550561797,0.10465116279069768,0.2441860465116279,0.11797752808988764,0.2441860465116279,0.37209302325581395,0.1198501872659176,0.37209302325581395,0.4418604651162791,0.0853932584269663,0.4418604651162791,0.2,0.3333333333333333,0.3333333333333333,0.04719101123595506,0.2,0.16666666666666666,0.2,0.06853932584269663,0.2,0.09090909090909091,0.2,0.09662921348314607,0.2,0.0625,0.2,0.17865168539325843,0.4,0.07407407407407407,0.4,0.32247191011235954,0.025,0.0688248528833987,0.36046511627906974,0.36046511627906974,False,False,0.20930232558139536,0.4,0.4,0.36046511627906974,0.34831460674157305,0.36046511627906974,0.5697674418604651,0.2752808988764045,0.5697674418604651,0.7093023255813954,0.22846441947565543,0.7093023255813954,0.8255813953488372,0.15955056179775282,0.8255813953488372,0.2,0.3333333333333333,0.3333333333333333,0.04719101123595506,0.4,0.3333333333333333,0.4,0.07415730337078652,0.6,0.2727272727272727,0.6,0.1550561797752809,0.8,0.25,0.8,0.19662921348314608,1.0,0.18518518518518517,1.0,0.39325842696629215,0.025,0.08142329830643794,0.22093023255813954,0.22093023255813954,False,False,0.1744186046511628,0.3333333333333333,0.3333333333333333,0.22093023255813954,0.21348314606741572,0.22093023255813954,0.3372093023255814,0.16292134831460675,0.3372093023255814,0.47674418604651164,0.15355805243445692,0.47674418604651164,0.686046511627907,0.13258426966292136,0.686046511627907,0.2,0.3333333333333333,0.3333333333333333,0.02696629213483146,0.2,0.16666666666666666,0.2,0.06629213483146068,0.6,0.2727272727272727,0.6,0.15056179775280898,0.8,0.25,0.8,0.1797752808988764,1.0,0.18518518518518517,1.0,0.34269662921348315,0.025,0.20596389249486027,0.22093023255813954,0.22093023255813954,False,False,0.18604651162790697,0.35555555555555557,0.35555555555555557,0.22093023255813954,0.21348314606741572,0.22093023255813954,0.32558139534883723,0.15730337078651685,0.32558139534883723,0.47674418604651164,0.15355805243445692,0.47674418604651164,0.686046511627907,0.13258426966292136,0.686046511627907,0.2,0.3333333333333333,0.3333333333333333,0.056179775280898875,0.2,0.16666666666666666,0.2,0.06629213483146068,0.6,0.2727272727272727,0.6,0.13707865168539327,0.8,0.25,0.8,0.1797752808988764,0.8,0.14814814814814814,0.8,0.3348314606741573,,,0.004143761875518348
hotpotqa_long,30,1248,52,0.17307692307692307,0.17307692307692307,False,False,0.15384615384615385,0.12698412698412698,0.15384615384615385,0.17307692307692307,0.072,0.17307692307692307,0.21153846153846154,0.044,0.21153846153846154,0.28846153846153844,0.04,0.28846153846153844,0.34615384615384615,0.028846153846153848,0.34615384615384615,0.5,0.25,0.5,0.020032051282051284,0.5,0.14285714285714285,0.5,0.028846153846153848,0.5,0.07692307692307693,0.5,0.0641025641025641,1.0,0.1,1.0,0.14182692307692307,1.0,0.0625,1.0,0.3541666666666667,0.025,0.05960564470897665,0.28846153846153844,0.28846153846153844,False,False,0.28846153846153844,0.23809523809523808,0.28846153846153844,0.28846153846153844,0.12,0.28846153846153844,0.3269230769230769,0.068,0.3269230769230769,0.4423076923076923,0.06133333333333333,0.4423076923076923,0.5384615384615384,0.04487179487179487,0.5384615384615384,0.5,0.25,0.5,0.022435897435897436,0.5,0.14285714285714285,0.5,0.04807692307692308,1.0,0.15384615384615385,1.0,0.10416666666666667,1.0,0.1,1.0,0.18028846153846154,1.0,0.0625,1.0,0.3573717948717949,0.025,0.057911682878938074,0.5769230769230769,0.5769230769230769,False,False,0.4423076923076923,0.36507936507936506,0.4423076923076923,0.5769230769230769,0.24,0.5769230769230769,0.6346153846153846,0.132,0.6346153846153846,0.7692307692307693,0.10666666666666667,0.7692307692307693,0.9038461538461539,0.07532051282051282,0.9038461538461539,0.5,0.25,0.5,0.023237179487179488,0.5,0.14285714285714285,0.5,0.08814102564102565,1.0,0.15384615384615385,1.0,0.17147435897435898,1.0,0.1,1.0,0.20192307692307693,1.0,0.0625,1.0,0.39342948717948717,0.025,0.18179532650452668,0.5769230769230769,0.5769230769230769,False,False,0.4423076923076923,0.36507936507936506,0.4423076923076923,0.5769230769230769,0.24,0.5769230769230769,0.6538461538461539,0.136,0.6538461538461539,0.7692307692307693,0.10666666666666667,0.7692307692307693,0.9038461538461539,0.07532051282051282,0.9038461538461539,0.5,0.25,0.5,0.023237179487179488,0.5,0.14285714285714285,0.5,0.08814102564102565,1.0,0.15384615384615385,1.0,0.15625,1.0,0.1,1.0,0.20192307692307693,1.0,0.0625,1.0,0.39342948717948717,,,0.0008422590967525623
hotpotqa_long,31,1707,57,0.2631578947368421,0.2631578947368421,False,False,0.19298245614035087,0.12790697674418605,0.19298245614035087,0.2631578947368421,0.08771929824561403,0.2631578947368421,0.2807017543859649,0.04678362573099415,0.2807017543859649,0.3157894736842105,0.03508771929824561,0.3157894736842105,0.3684210526315789,0.02459016393442623,0.3684210526315789,0.3333333333333333,0.25,0.3333333333333333,0.014059753954305799,0.3333333333333333,0.125,0.3333333333333333,0.025190392501464556,0.6666666666666666,0.13333333333333333,0.6666666666666666,0.11657879320445226,0.6666666666666666,0.09090909090909091,0.6666666666666666,0.21675454012888107,0.6666666666666666,0.05555555555555555,0.6666666666666666,0.45869947275922673,0.174290780141844,0.23006337095400467,0.3333333333333333,0.3333333333333333,False,False,0.17543859649122806,0.11627906976744186,0.17543859649122806,0.3333333333333333,0.1111111111111111,0.3333333333333333,0.40350877192982454,0.06725146198830409,0.40350877192982454,0.42105263157894735,0.04678362573099415,0.42105263157894735,0.5789473684210527,0.03864168618266979,0.5789473684210527,0.6666666666666666,0.5,0.6666666666666666,0.03749267721148213,0.6666666666666666,0.25,0.6666666666666666,0.04979496192149971,0.6666666666666666,0.13333333333333333,0.6666666666666666,0.1634446397188049,0.6666666666666666,0.09090909090909091,0.6666666666666666,0.2050380785002929,0.6666666666666666,0.05555555555555555,0.6666666666666666,0.45342706502636204,0.1352836879432624,0.18104487500480052,0.40350877192982454,0.40350877192982454,False,False,0.3157894736842105,0.20930232558139536,0.3157894736842105,0.40350877192982454,0.13450292397660818,0.40350877192982454,0.5614035087719298,0.0935672514619883,0.5614035087719298,0.7192982456140351,0.07992202729044834,0.7192982456140351,0.8771929824561403,0.0585480093676815,0.8771929824561403,0.3333333333333333,0.25,0.3333333333333333,0.019332161687170474,0.6666666666666666,0.25,0.6666666666666666,0.07205623901581722,0.6666666666666666,0.13333333333333333,0.6666666666666666,0.1259519625073228,0.6666666666666666,0.09090909090909091,0.6666666666666666,0.19507908611599298,1.0,0.08333333333333333,1.0,0.4206209724663152,0.4459219858156029,0.5940565233264378,0.42105263157894735,0.42105263157894735,False,False,0.3157894736842105,0.20930232558139536,0.3157894736842105,0.42105263157894735,0.14035087719298245,0.42105263157894735,0.5614035087719298,0.0935672514619883,0.5614035087719298,0.7017543859649122,0.07797270955165692,0.7017543859649122,0.8771929824561403,0.0585480093676815,0.8771929824561403,0.3333333333333333,0.25,0.3333333333333333,0.019332161687170474,0.6666666666666666,0.25,0.6666666666666666,0.07205623901581722,0.6666666666666666,0.13333333333333333,0.6666666666666666,0.1259519625073228,0.6666666666666666,0.09090909090909091,0.6666666666666666,0.19507908611599298,1.0,0.08333333333333333,1.0,0.4206209724663152,,,0.002943097891151325
hotpotqa_long,32,1133,95,0.14736842105263157,0.14736842105263157,False,False,0.09473684210526316,0.15789473684210525,0.15789473684210525,0.14736842105263157,0.12280701754385964,0.14736842105263157,0.18947368421052632,0.07929515418502203,0.18947368421052632,0.23157894736842105,0.06470588235294118,0.23157894736842105,0.5473684210526316,0.09171075837742504,0.5473684210526316,0.0,0.0,0.0,0.009708737864077669,0.2,0.16666666666666666,0.2,0.02559576345984113,0.2,0.09090909090909091,0.2,0.06090026478375993,0.4,0.125,0.4,0.13062665489849956,0.4,0.07407407407407407,0.4,0.4880847308031774,0.025,0.10966105302491162,0.17894736842105263,0.17894736842105263,False,False,0.11578947368421053,0.19298245614035087,0.19298245614035087,0.17894736842105263,0.14912280701754385,0.17894736842105263,0.24210526315789474,0.1013215859030837,0.24210526315789474,0.30526315789473685,0.08529411764705883,0.30526315789473685,0.49473684210526314,0.08289241622574955,0.49473684210526314,0.2,0.3333333333333333,0.3333333333333333,0.01500441306266549,0.2,0.16666666666666666,0.2,0.04324801412180053,0.4,0.18181818181818182,0.4,0.12886142983230361,0.4,0.125,0.4,0.1915269196822595,0.8,0.14814814814814814,0.8,0.45984112974404234,0.040409836065573766,0.11876598982884232,0.29473684210526313,0.29473684210526313,False,False,0.22105263157894736,0.3684210526315789,0.3684210526315789,0.29473684210526313,0.24561403508771928,0.29473684210526313,0.4,0.16740088105726872,0.4,0.4842105263157895,0.13529411764705881,0.4842105263157895,0.6105263157894737,0.10229276895943562,0.6105263157894737,0.2,0.3333333333333333,0.3333333333333333,0.0353045013239188,0.4,0.3333333333333333,0.4,0.04942630185348632,0.4,0.18181818181818182,0.4,0.11120917917034422,0.4,0.125,0.4,0.1526919682259488,0.4,0.07407407407407407,0.4,0.28067078552515445,0.2072950819672131,0.2618138122571551,0.29473684210526313,0.29473684210526313,False,False,0.22105263157894736,0.3684210526315789,0.3684210526315789,0.29473684210526313,0.24561403508771928,0.29473684210526313,0.4,0.16740088105726872,0.4,0.47368421052631576,0.1323529411764706,0.47368421052631576,0.6105263157894737,0.10229276895943562,0.6105263157894737,0.0,0.0,0.0,0.00794351279788173,0.4,0.3333333333333333,0.4,0.04942630185348632,0.4,0.18181818181818182,0.4,0.11120917917034422,0.4,0.125,0.4,0.1526919682259488,0.4,0.07407407407407407,0.4,0.28067078552515445,,,0.009868452926243831
hotpotqa_long,33,1085,94,0.2553191489361702,0.2553191489361702,False,False,0.1595744680851064,0.2727272727272727,0.2727272727272727,0.2553191489361702,0.22018348623853212,0.2553191489361702,0.3617021276595745,0.15668202764976957,0.3617021276595745,0.44680851063829785,0.12883435582822086,0.44680851063829785,0.5638297872340425,0.09760589318600368,0.5638297872340425,0.3333333333333333,0.3333333333333333,0.3333333333333333,0.02488479262672811,0.3333333333333333,0.16666666666666666,0.3333333333333333,0.03317972350230415,0.3333333333333333,0.09090909090909091,0.3333333333333333,0.09216589861751152,0.3333333333333333,0.0625,0.3333333333333333,0.15207373271889402,1.0,0.1111111111111111,1.0,0.4377880184331797,0.0,0.0644654036178459,0.39361702127659576,0.39361702127659576,False,False,0.2978723404255319,0.509090909090909,0.509090909090909,0.39361702127659576,0.3394495412844037,0.39361702127659576,0.5638297872340425,0.24423963133640553,0.5638297872340425,0.6914893617021277,0.19938650306748465,0.6914893617021277,0.7872340425531915,0.13627992633517497,0.7872340425531915,0.6666666666666666,0.6666666666666666,0.6666666666666666,0.03686635944700461,1.0,0.5,1.0,0.0967741935483871,1.0,0.2727272727272727,1.0,0.19631336405529953,1.0,0.1875,1.0,0.2645161290322581,1.0,0.1111111111111111,1.0,0.4046082949308756,0.0,0.0758825373261173,0.4574468085106383,0.4574468085106383,False,False,0.2978723404255319,0.509090909090909,0.509090909090909,0.4574468085106383,0.3944954128440367,0.4574468085106383,0.5957446808510638,0.25806451612903225,0.5957446808510638,0.6702127659574468,0.19325153374233128,0.6702127659574468,0.9361702127659575,0.16206261510128914,0.9361702127659575,0.3333333333333333,0.3333333333333333,0.3333333333333333,0.02488479262672811,0.3333333333333333,0.16666666666666666,0.3333333333333333,0.03686635944700461,1.0,0.2727272727272727,1.0,0.13548387096774195,1.0,0.1875,1.0,0.17695852534562212,1.0,0.1111111111111111,1.0,0.36774193548387096,0.0,0.19530554558287289,0.4574468085106383,0.4574468085106383,False,False,0.2978723404255319,0.509090909090909,0.509090909090909,0.4574468085106383,0.3944954128440367,0.4574468085106383,0.5957446808510638,0.25806451612903225,0.5957446808510638,0.6808510638297872,0.19631901840490798,0.6808510638297872,0.9361702127659575,0.16206261510128914,0.9361702127659575,0.3333333333333333,0.3333333333333333,0.3333333333333333,0.02488479262672811,0.3333333333333333,0.16666666666666666,0.3333333333333333,0.03686635944700461,1.0,0.2727272727272727,1.0,0.13548387096774195,1.0,0.1875,1.0,0.18525345622119815,1.0,0.1111111111111111,1.0,0.36774193548387096,,,0.002872369938191968
hotpotqa_long,34,1008,46,0.1956521739130435,0.1956521739130435,False,False,0.17391304347826086,0.1568627450980392,0.17391304347826086,0.1956521739130435,0.0891089108910891,0.1956521739130435,0.30434782608695654,0.06930693069306931,0.30434782608695654,0.3695652173913043,0.056105610561056105,0.3695652173913043,0.4782608695652174,0.04365079365079365,0.4782608695652174,0.25,0.25,0.25,0.03869047619047619,0.25,0.14285714285714285,0.25,0.047619047619047616,0.25,0.07692307692307693,0.25,0.0992063492063492,0.5,0.10526315789473684,0.5,0.25992063492063494,0.75,0.0967741935483871,0.75,0.48313492063492064,0.025,0.08123116781073206,0.391304347826087,0.391304347826087,False,False,0.2391304347826087,0.21568627450980393,0.2391304347826087,0.391304347826087,0.1782178217821782,0.391304347826087,0.6086956521739131,0.13861386138613863,0.6086956521739131,0.7391304347826086,0.11221122112211221,0.7391304347826086,0.8478260869565217,0.07738095238095238,0.8478260869565217,0.25,0.25,0.25,0.037698412698412696,0.25,0.14285714285714285,0.25,0.047619047619047616,0.5,0.15384615384615385,0.5,0.17162698412698413,0.75,0.15789473684210525,0.75,0.30654761904761907,1.0,0.12903225806451613,1.0,0.4623015873015873,0.025,0.10172092714785896,0.5652173913043478,0.5652173913043478,False,False,0.391304347826087,0.35294117647058826,0.391304347826087,0.5652173913043478,0.25742574257425743,0.5652173913043478,0.717391304347826,0.16336633663366337,0.717391304347826,0.782608695652174,0.1188118811881188,0.782608695652174,0.8478260869565217,0.07738095238095238,0.8478260869565217,0.5,0.5,0.5,0.050595238095238096,0.5,0.2857142857142857,0.5,0.07242063492063493,0.5,0.15384615384615385,0.5,0.11805555555555555,0.5,0.10526315789473684,0.5,0.23015873015873015,1.0,0.12903225806451613,1.0,0.45634920634920634,0.025,0.20457585163861453,0.5652173913043478,0.5652173913043478,False,False,0.391304347826087,0.35294117647058826,0.391304347826087,0.5652173913043478,0.25742574257425743,0.5652173913043478,0.717391304347826,0.16336633663366337,0.717391304347826,0.782608695652174,0.1188118811881188,0.782608695652174,0.8478260869565217,0.07738095238095238,0.8478260869565217,0.5,0.5,0.5,0.050595238095238096,0.5,0.2857142857142857,0.5,0.07242063492063493,0.5,0.15384615384615385,0.5,0.10813492063492064,0.5,0.10526315789473684,0.5,0.23015873015873015,1.0,0.12903225806451613,1.0,0.45634920634920634,,,0.004856257841259204
hotpotqa_long,35,1169,70,0.45714285714285713,0.45714285714285713,False,False,0.2857142857142857,0.3389830508474576,0.3389830508474576,0.45714285714285713,0.27350427350427353,0.45714285714285713,0.6714285714285714,0.20085470085470086,0.6714285714285714,0.8,0.15954415954415954,0.8,0.8857142857142857,0.10598290598290598,0.8857142857142857,0.4,0.5,0.5,0.03849443969204448,0.6,0.42857142857142855,0.6,0.0718562874251497,0.8,0.2857142857142857,0.8,0.1300256629597947,0.8,0.19047619047619047,0.8,0.21129170230966637,0.8,0.11764705882352941,0.8,0.42429426860564584,0.025,0.09512370818662379,0.42857142857142855,0.42857142857142855,False,False,0.2714285714285714,0.3220338983050847,0.3220338983050847,0.42857142857142855,0.2564102564102564,0.42857142857142855,0.6571428571428571,0.19658119658119658,0.6571428571428571,0.8,0.15954415954415954,0.8,0.8857142857142857,0.10598290598290598,0.8857142857142857,0.6,0.75,0.75,0.04875962360992301,0.6,0.42857142857142855,0.6,0.06928999144568007,0.8,0.2857142857142857,0.8,0.20872540633019676,0.8,0.19047619047619047,0.8,0.2822925577416595,0.8,0.11764705882352941,0.8,0.42087254063301965,0.025,0.12036051417999893,0.4142857142857143,0.4142857142857143,False,False,0.3142857142857143,0.3728813559322034,0.3728813559322034,0.4142857142857143,0.24786324786324787,0.4142857142857143,0.5428571428571428,0.1623931623931624,0.5428571428571428,0.7,0.1396011396011396,0.7,0.8285714285714286,0.09914529914529914,0.8285714285714286,0.4,0.5,0.5,0.06928999144568007,0.4,0.2857142857142857,0.4,0.07869974337040206,0.6,0.21428571428571427,0.6,0.12489307100085544,0.6,0.14285714285714285,0.6,0.1847733105218135,0.8,0.11764705882352941,0.8,0.3738237810094098,0.039783226723525224,0.23714739525719047,0.4142857142857143,0.4142857142857143,False,False,0.3142857142857143,0.3728813559322034,0.3728813559322034,0.4142857142857143,0.24786324786324787,0.4142857142857143,0.5428571428571428,0.1623931623931624,0.5428571428571428,0.6857142857142857,0.13675213675213677,0.6857142857142857,0.8285714285714286,0.09914529914529914,0.8285714285714286,0.4,0.5,0.5,0.06928999144568007,0.4,0.2857142857142857,0.4,0.07869974337040206,0.6,0.21428571428571427,0.6,0.12489307100085544,0.6,0.14285714285714285,0.6,0.1804961505560308,0.8,0.11764705882352941,0.8,0.3738237810094098,,,0.0009355457015718383
hotpotqa_long,36,1436,45,0.08888888888888889,0.08888888888888889,False,False,0.022222222222222223,0.013888888888888888,0.022222222222222223,0.08888888888888889,0.027777777777777776,0.08888888888888889,0.17777777777777778,0.027777777777777776,0.17777777777777778,0.24444444444444444,0.025522041763341066,0.24444444444444444,0.3333333333333333,0.020891364902506964,0.3333333333333333,0.25,0.2,0.25,0.034122562674094706,0.25,0.1,0.25,0.06545961002785515,0.5,0.10526315789473684,0.5,0.13857938718662952,0.75,0.10344827586206896,0.75,0.2214484679665738,0.75,0.0625,0.75,0.46518105849582175,0.025,0.06175344128733969,0.37777777777777777,0.37777777777777777,False,False,0.17777777777777778,0.1111111111111111,0.17777777777777778,0.37777777777777777,0.11805555555555555,0.37777777777777777,0.5333333333333333,0.08333333333333333,0.5333333333333333,0.5333333333333333,0.05568445475638051,0.5333333333333333,0.6666666666666666,0.04178272980501393,0.6666666666666666,0.25,0.2,0.25,0.032729805013927575,0.5,0.2,0.5,0.07729805013927576,1.0,0.21052631578947367,1.0,0.1469359331476323,1.0,0.13793103448275862,1.0,0.22423398328690808,1.0,0.08333333333333333,1.0,0.3948467966573816,0.03295454545454546,0.04918664388629895,0.3111111111111111,0.3111111111111111,False,False,0.2,0.125,0.2,0.3111111111111111,0.09722222222222222,0.3111111111111111,0.5555555555555556,0.08680555555555555,0.5555555555555556,0.6222222222222222,0.06496519721577726,0.6222222222222222,0.8222222222222222,0.05153203342618384,0.8222222222222222,0.25,0.2,0.25,0.03690807799442897,0.5,0.2,0.5,0.05501392757660167,0.75,0.15789473684210525,0.75,0.12116991643454039,1.0,0.13793103448275862,1.0,0.20403899721448468,1.0,0.08333333333333333,1.0,0.4192200557103064,0.23409090909090907,0.33012026928739063,0.3111111111111111,0.3111111111111111,False,False,0.2,0.125,0.2,0.3111111111111111,0.09722222222222222,0.3111111111111111,0.5333333333333333,0.08333333333333333,0.5333333333333333,0.6222222222222222,0.06496519721577726,0.6222222222222222,0.8,0.05013927576601671,0.8,0.25,0.2,0.25,0.03690807799442897,0.5,0.2,0.5,0.05501392757660167,0.75,0.15789473684210525,0.75,0.12116991643454039,1.0,0.13793103448275862,1.0,0.20403899721448468,1.0,0.08333333333333333,1.0,0.4192200557103064,,,0.0009324211062246013
hotpotqa_long,37,1150,57,0.3157894736842105,0.3157894736842105,False,False,0.15789473684210525,0.15517241379310345,0.15789473684210525,0.3157894736842105,0.1565217391304348,0.3157894736842105,0.45614035087719296,0.11304347826086956,0.45614035087719296,0.543859649122807,0.08985507246376812,0.543859649122807,0.5964912280701754,0.059130434782608696,0.5964912280701754,0.0,0.0,0.0,0.0391304347826087,0.0,0.0,0.0,0.06347826086956522,0.6666666666666666,0.15384615384615385,0.6666666666666666,0.12347826086956522,1.0,0.15789473684210525,1.0,0.17739130434782607,1.0,0.0967741935483871,1.0,0.4617391304347826,0.025,0.0663838533740436,0.3684210526315789,0.3684210526315789,False,False,0.17543859649122806,0.1724137931034483,0.17543859649122806,0.3684210526315789,0.1826086956521739,0.3684210526315789,0.5964912280701754,0.14782608695652175,0.5964912280701754,0.7192982456140351,0.11884057971014493,0.7192982456140351,0.7894736842105263,0.0782608695652174,0.7894736842105263,0.0,0.0,0.0,0.04173913043478261,0.3333333333333333,0.14285714285714285,0.3333333333333333,0.08434782608695653,0.6666666666666666,0.15384615384615385,0.6666666666666666,0.12869565217391304,1.0,0.15789473684210525,1.0,0.25478260869565217,1.0,0.0967741935483871,1.0,0.43043478260869567,0.025,0.07272864633821226,0.543859649122807,0.543859649122807,False,False,0.38596491228070173,0.3793103448275862,0.38596491228070173,0.543859649122807,0.26956521739130435,0.543859649122807,0.8245614035087719,0.20434782608695654,0.8245614035087719,0.9473684210526315,0.1565217391304348,0.9473684210526315,0.9473684210526315,0.09391304347826086,0.9473684210526315,0.3333333333333333,0.25,0.3333333333333333,0.06956521739130435,0.6666666666666666,0.2857142857142857,0.6666666666666666,0.10695652173913044,0.6666666666666666,0.15384615384615385,0.6666666666666666,0.16,1.0,0.15789473684210525,1.0,0.3139130434782609,1.0,0.0967741935483871,1.0,0.46695652173913044,0.025,0.18431921447699745,0.543859649122807,0.543859649122807,False,False,0.38596491228070173,0.3793103448275862,0.38596491228070173,0.543859649122807,0.26956521739130435,0.543859649122807,0.8070175438596491,0.2,0.8070175438596491,0.9473684210526315,0.1565217391304348,0.9473684210526315,0.9473684210526315,0.09391304347826086,0.9473684210526315,0.6666666666666666,0.5,0.6666666666666666,0.08260869565217391,0.6666666666666666,0.2857142857142857,0.6666666666666666,0.10695652173913044,0.6666666666666666,0.15384615384615385,0.6666666666666666,0.16,1.0,0.15789473684210525,1.0,0.24434782608695652,1.0,0.0967741935483871,1.0,0.46695652173913044,,,0.001836895486276191
hotpotqa_long,38,1225,76,0.4868421052631579,0.4868421052631579,False,False,0.39473684210526316,0.4838709677419355,0.4838709677419355,0.4868421052631579,0.3008130081300813,0.4868421052631579,0.5921052631578947,0.1836734693877551,0.5921052631578947,0.6578947368421053,0.1358695652173913,0.6578947368421053,0.75,0.0929853181076672,0.75,0.5,0.5,0.5,0.05959183673469388,0.5,0.2857142857142857,0.5,0.06857142857142857,0.5,0.14285714285714285,0.5,0.11428571428571428,1.0,0.2,1.0,0.21306122448979592,1.0,0.12121212121212122,1.0,0.40816326530612246,0.025,0.06420029465120992,0.5131578947368421,0.5131578947368421,False,False,0.39473684210526316,0.4838709677419355,0.4838709677419355,0.5131578947368421,0.3170731707317073,0.5131578947368421,0.6973684210526315,0.2163265306122449,0.6973684210526315,0.7368421052631579,0.15217391304347827,0.7368421052631579,0.8289473684210527,0.10277324632952692,0.8289473684210527,0.5,0.5,0.5,0.05877551020408163,0.75,0.42857142857142855,0.75,0.09795918367346938,1.0,0.2857142857142857,1.0,0.1363265306122449,1.0,0.2,1.0,0.22612244897959183,1.0,0.12121212121212122,1.0,0.3942857142857143,0.03166218034993271,0.07094378212663086,0.4473684210526316,0.4473684210526316,False,False,0.34210526315789475,0.41935483870967744,0.41935483870967744,0.4473684210526316,0.2764227642276423,0.4473684210526316,0.6447368421052632,0.2,0.6447368421052632,0.7236842105263158,0.14945652173913043,0.7236842105263158,0.8552631578947368,0.10603588907014681,0.8552631578947368,0.25,0.25,0.25,0.04897959183673469,0.5,0.2857142857142857,0.5,0.06612244897959184,0.75,0.21428571428571427,0.75,0.11836734693877551,0.75,0.15,0.75,0.1730612244897959,1.0,0.12121212121212122,1.0,0.39591836734693875,0.0335464333781965,0.20082163518545637,0.4473684210526316,0.4473684210526316,False,False,0.35526315789473684,0.43548387096774194,0.43548387096774194,0.4473684210526316,0.2764227642276423,0.4473684210526316,0.6052631578947368,0.18775510204081633,0.6052631578947368,0.7236842105263158,0.14945652173913043,0.7236842105263158,0.8552631578947368,0.10603588907014681,0.8552631578947368,0.25,0.25,0.25,0.04897959183673469,0.5,0.2857142857142857,0.5,0.06612244897959184,0.75,0.21428571428571427,0.75,0.11918367346938775,0.75,0.15,0.75,0.1730612244897959,1.0,0.12121212121212122,1.0,0.39591836734693875,,,0.00146087435454767
hotpotqa_long,39,756,106,0.32075471698113206,0.32075471698113206,False,False,0.18867924528301888,0.5263157894736842,0.5263157894736842,0.32075471698113206,0.4473684210526316,0.4473684210526316,0.5,0.34868421052631576,0.5,0.660377358490566,0.30837004405286345,0.660377358490566,0.8113207547169812,0.2275132275132275,0.8113207547169812,0.5,0.5,0.5,0.07804232804232804,0.5,0.25,0.5,0.08994708994708994,0.5,0.125,0.5,0.10978835978835978,1.0,0.16666666666666666,1.0,0.2222222222222222,1.0,0.1,1.0,0.38492063492063494,0.027644628099173552,0.07795547484387648,0.3490566037735849,0.3490566037735849,False,False,0.16981132075471697,0.47368421052631576,0.47368421052631576,0.3490566037735849,0.4868421052631579,0.4868421052631579,0.49056603773584906,0.34210526315789475,0.49056603773584906,0.6037735849056604,0.28193832599118945,0.6037735849056604,0.7075471698113207,0.1984126984126984,0.7075471698113207,0.5,0.5,0.5,0.07804232804232804,0.5,0.25,0.5,0.09788359788359788,0.5,0.125,0.5,0.20767195767195767,1.0,0.16666666666666666,1.0,0.38227513227513227,1.0,0.1,1.0,0.6878306878306878,0.1216115702479339,0.17203403399597011,0.27358490566037735,0.27358490566037735,False,False,0.1792452830188679,0.5,0.5,0.27358490566037735,0.3815789473684211,0.3815789473684211,0.4339622641509434,0.3026315789473684,0.4339622641509434,0.5283018867924528,0.24669603524229075,0.5283018867924528,0.6509433962264151,0.18253968253968253,0.6509433962264151,0.5,0.5,0.5,0.07539682539682539,0.5,0.25,0.5,0.08597883597883597,0.5,0.125,0.5,0.2275132275132275,0.5,0.08333333333333333,0.5,0.2830687830687831,1.0,0.1,1.0,0.5886243386243386,0.18045454545454542,0.24248770369681355,0.27358490566037735,0.27358490566037735,False,False,0.1792452830188679,0.5,0.5,0.27358490566037735,0.3815789473684211,0.3815789473684211,0.42452830188679247,0.29605263157894735,0.42452830188679247,0.5283018867924528,0.24669603524229075,0.5283018867924528,0.6509433962264151,0.18253968253968253,0.6509433962264151,0.5,0.5,0.5,0.07539682539682539,0.5,0.25,0.5,0.08597883597883597,0.5,0.125,0.5,0.17195767195767195,0.5,0.08333333333333333,0.5,0.2830687830687831,1.0,0.1,1.0,0.5291005291005291,,,0.0009295699437856797
hotpotqa_long,40,1304,128,0.28125,0.28125,False,False,0.1484375,0.2878787878787879,0.2878787878787879,0.28125,0.2748091603053435,0.28125,0.3828125,0.18773946360153257,0.3828125,0.4921875,0.16071428571428573,0.4921875,0.6875,0.13496932515337423,0.6875,0.16666666666666666,0.25,0.25,0.03067484662576687,0.3333333333333333,0.25,0.3333333333333333,0.05828220858895705,0.5,0.2,0.5,0.12653374233128833,0.6666666666666666,0.18181818181818182,0.6666666666666666,0.20705521472392638,0.6666666666666666,0.10810810810810811,0.6666666666666666,0.40337423312883436,0.027795311091073038,0.11728543085821856,0.2578125,0.2578125,False,False,0.15625,0.30303030303030304,0.30303030303030304,0.2578125,0.25190839694656486,0.2578125,0.3671875,0.18007662835249041,0.3671875,0.4609375,0.15051020408163265,0.4609375,0.578125,0.11349693251533742,0.578125,0.16666666666666666,0.25,0.25,0.03144171779141104,0.3333333333333333,0.25,0.3333333333333333,0.05828220858895705,0.5,0.2,0.5,0.12653374233128833,0.6666666666666666,0.18181818181818182,0.6666666666666666,0.18404907975460122,0.6666666666666666,0.10810810810810811,0.6666666666666666,0.42024539877300615,0.025,0.12663548669758373,0.34375,0.34375,False,False,0.234375,0.45454545454545453,0.45454545454545453,0.34375,0.33587786259541985,0.34375,0.4375,0.21455938697318008,0.4375,0.53125,0.17346938775510204,0.53125,0.640625,0.12576687116564417,0.640625,0.5,0.75,0.75,0.08895705521472393,0.5,0.375,0.5,0.12116564417177914,0.6666666666666666,0.26666666666666666,0.6666666666666666,0.19478527607361965,0.6666666666666666,0.18181818181818182,0.6666666666666666,0.2561349693251534,0.6666666666666666,0.10810810810810811,0.6666666666666666,0.40567484662576686,0.06828223624887286,0.19519034680859543,0.3515625,0.3515625,False,False,0.234375,0.45454545454545453,0.45454545454545453,0.3515625,0.3435114503816794,0.3515625,0.4296875,0.210727969348659,0.4296875,0.5234375,0.17091836734693877,0.5234375,0.6328125,0.12423312883435583,0.6328125,0.5,0.75,0.75,0.08895705521472393,0.5,0.375,0.5,0.12116564417177914,0.6666666666666666,0.26666666666666666,0.6666666666666666,0.19478527607361965,0.6666666666666666,0.18181818181818182,0.6666666666666666,0.2561349693251534,0.6666666666666666,0.10810810810810811,0.6666666666666666,0.3834355828220859,,,0.0032453423174478857
hotpotqa_long,41,862,77,0.2727272727272727,0.2727272727272727,False,False,0.15584415584415584,0.2727272727272727,0.2727272727272727,0.2727272727272727,0.2413793103448276,0.2727272727272727,0.4155844155844156,0.18497109826589594,0.4155844155844156,0.5064935064935064,0.15057915057915058,0.5064935064935064,0.5714285714285714,0.10208816705336426,0.5714285714285714,0.2,0.3333333333333333,0.3333333333333333,0.02088167053364269,0.2,0.16666666666666666,0.2,0.048723897911832945,0.6,0.25,0.6,0.12877030162412992,0.8,0.23529411764705882,0.8,0.2088167053364269,0.8,0.14285714285714285,0.8,0.3839907192575406,0.025,0.06421166276429037,0.38961038961038963,0.38961038961038963,False,False,0.2077922077922078,0.36363636363636365,0.36363636363636365,0.38961038961038963,0.3448275862068966,0.38961038961038963,0.5064935064935064,0.2254335260115607,0.5064935064935064,0.6233766233766234,0.18532818532818532,0.6233766233766234,0.6883116883116883,0.12296983758700696,0.6883116883116883,0.2,0.3333333333333333,0.3333333333333333,0.02088167053364269,0.4,0.3333333333333333,0.4,0.052204176334106726,0.6,0.25,0.6,0.13109048723897912,0.8,0.23529411764705882,0.8,0.1728538283062645,1.0,0.17857142857142858,1.0,0.3863109048723898,0.025,0.07636853778176092,0.4155844155844156,0.4155844155844156,False,False,0.2597402597402597,0.45454545454545453,0.45454545454545453,0.4155844155844156,0.367816091954023,0.4155844155844156,0.5584415584415584,0.24855491329479767,0.5584415584415584,0.6493506493506493,0.19305019305019305,0.6493506493506493,0.7272727272727273,0.12993039443155452,0.7272727272727273,0.4,0.6666666666666666,0.6666666666666666,0.03944315545243619,0.6,0.5,0.6,0.06380510440835267,0.6,0.25,0.6,0.10092807424593968,0.6,0.17647058823529413,0.6,0.16705336426914152,0.8,0.14285714285714285,0.8,0.33874709976798145,0.11896782841823055,0.21987250128634522,0.4155844155844156,0.4155844155844156,False,False,0.2597402597402597,0.45454545454545453,0.45454545454545453,0.4155844155844156,0.367816091954023,0.4155844155844156,0.5454545454545454,0.24277456647398843,0.5454545454545454,0.6233766233766234,0.18532818532818532,0.6233766233766234,0.7272727272727273,0.12993039443155452,0.7272727272727273,0.2,0.3333333333333333,0.3333333333333333,0.02088167053364269,0.6,0.5,0.6,0.06380510440835267,0.6,0.25,0.6,0.10092807424593968,0.6,0.17647058823529413,0.6,0.16357308584686775,0.8,0.14285714285714285,0.8,0.33874709976798145,,,0.010734461428693276
hotpotqa_long,42,1321,80,0.1875,0.1875,False,False,0.1625,0.19402985074626866,0.19402985074626866,0.1875,0.11278195488721804,0.1875,0.2875,0.08679245283018867,0.2875,0.3625,0.07304785894206549,0.3625,0.3875,0.046898638426626324,0.3875,0.0,0.0,0.0,0.013626040878122634,0.0,0.0,0.0,0.024224072672218017,1.0,0.18181818181818182,1.0,0.11355034065102196,1.0,0.11764705882352941,1.0,0.21044663133989402,1.0,0.07142857142857142,1.0,0.5124905374716124,0.0,0.06445636361294706,0.1875,0.1875,False,False,0.1375,0.16417910447761194,0.16417910447761194,0.1875,0.11278195488721804,0.1875,0.2625,0.07924528301886792,0.2625,0.3625,0.07304785894206549,0.3625,0.55,0.06656580937972768,0.55,0.0,0.0,0.0,0.011355034065102196,0.0,0.0,0.0,0.021196063588190765,1.0,0.18181818181818182,1.0,0.08932626797880394,1.0,0.11764705882352941,1.0,0.13777441332323997,1.0,0.07142857142857142,1.0,0.41786525359576077,0.0,0.07000969126648543,0.3875,0.3875,False,False,0.225,0.26865671641791045,0.26865671641791045,0.3875,0.23308270676691728,0.3875,0.5625,0.16981132075471697,0.5625,0.6625,0.13350125944584382,0.6625,0.9,0.10892586989409984,0.9,0.5,0.3333333333333333,0.5,0.041635124905374715,0.5,0.16666666666666666,0.5,0.05299015897047691,0.5,0.09090909090909091,0.5,0.15745647236941712,1.0,0.11764705882352941,1.0,0.2619227857683573,1.0,0.07142857142857142,1.0,0.372445117335352,0.0,0.2002551184820593,0.3875,0.3875,False,False,0.225,0.26865671641791045,0.26865671641791045,0.3875,0.23308270676691728,0.3875,0.5625,0.16981132075471697,0.5625,0.6625,0.13350125944584382,0.6625,0.8875,0.10741301059001512,0.8875,0.5,0.3333333333333333,0.5,0.04012112036336109,0.5,0.16666666666666666,0.5,0.05299015897047691,0.5,0.09090909090909091,0.5,0.15745647236941712,1.0,0.11764705882352941,1.0,0.22482967448902347,1.0,0.07142857142857142,1.0,0.34822104466313397,,,0.0018233978163557651
hotpotqa_long,43,1224,84,0.4166666666666667,0.4166666666666667,False,False,0.2619047619047619,0.3548387096774194,0.3548387096774194,0.4166666666666667,0.2845528455284553,0.4166666666666667,0.5476190476190477,0.18775510204081633,0.5476190476190477,0.6190476190476191,0.14130434782608695,0.6190476190476191,0.7023809523809523,0.09640522875816994,0.7023809523809523,0.0,0.0,0.0,0.010620915032679739,0.25,0.14285714285714285,0.25,0.04084967320261438,0.5,0.15384615384615385,0.5,0.09477124183006536,1.0,0.2,1.0,0.1503267973856209,1.0,0.125,1.0,0.35947712418300654,0.06063348416289592,0.09852862960652302,0.5714285714285714,0.5714285714285714,False,False,0.38095238095238093,0.5161290322580645,0.5161290322580645,0.5714285714285714,0.3902439024390244,0.5714285714285714,0.6666666666666666,0.22857142857142856,0.6666666666666666,0.7380952380952381,0.16847826086956522,0.7380952380952381,0.8214285714285714,0.11274509803921569,0.8214285714285714,0.25,0.25,0.25,0.032679738562091505,0.75,0.42857142857142855,0.75,0.08169934640522876,0.75,0.23076923076923078,0.75,0.10130718954248366,1.0,0.2,1.0,0.15441176470588236,1.0,0.125,1.0,0.4256535947712418,0.051470588235294115,0.09277091134628526,0.5476190476190477,0.5476190476190477,False,False,0.38095238095238093,0.5161290322580645,0.5161290322580645,0.5476190476190477,0.37398373983739835,0.5476190476190477,0.6309523809523809,0.2163265306122449,0.6309523809523809,0.7142857142857143,0.16304347826086957,0.7142857142857143,0.8571428571428571,0.11764705882352941,0.8571428571428571,0.25,0.25,0.25,0.02369281045751634,0.75,0.42857142857142855,0.75,0.08496732026143791,0.75,0.23076923076923078,0.75,0.12826797385620914,0.75,0.15,0.75,0.20915032679738563,1.0,0.125,1.0,0.36356209150326796,0.3180429864253393,0.4092149393788701,0.5476190476190477,0.5476190476190477,False,False,0.36904761904761907,0.5,0.5,0.5476190476190477,0.37398373983739835,0.5476190476190477,0.6309523809523809,0.2163265306122449,0.6309523809523809,0.7142857142857143,0.16304347826086957,0.7142857142857143,0.8571428571428571,0.11764705882352941,0.8571428571428571,0.25,0.25,0.25,0.02369281045751634,0.75,0.42857142857142855,0.75,0.08496732026143791,0.75,0.23076923076923078,0.75,0.12826797385620914,1.0,0.2,1.0,0.2173202614379085,1.0,0.125,1.0,0.36356209150326796,,,0.001189063264257273
hotpotqa_long,44,826,92,0.18478260869565216,0.18478260869565216,False,False,0.11956521739130435,0.2619047619047619,0.2619047619047619,0.18478260869565216,0.20481927710843373,0.20481927710843373,0.20652173913043478,0.1144578313253012,0.20652173913043478,0.22826086956521738,0.0846774193548387,0.22826086956521738,0.7282608695652174,0.162227602905569,0.7282608695652174,0.0,0.0,0.0,0.010895883777239709,0.3333333333333333,0.16666666666666666,0.3333333333333333,0.07263922518159806,0.3333333333333333,0.09090909090909091,0.3333333333333333,0.1585956416464891,0.6666666666666666,0.125,0.6666666666666666,0.19249394673123488,0.6666666666666666,0.07692307692307693,0.6666666666666666,0.42736077481840196,0.0,0.06740426864570545,0.4673913043478261,0.4673913043478261,False,False,0.31521739130434784,0.6904761904761905,0.6904761904761905,0.4673913043478261,0.5180722891566265,0.5180722891566265,0.5543478260869565,0.3072289156626506,0.5543478260869565,0.6413043478260869,0.23790322580645162,0.6413043478260869,0.6847826086956522,0.15254237288135594,0.6847826086956522,0.3333333333333333,0.3333333333333333,0.3333333333333333,0.025423728813559324,1.0,0.5,1.0,0.14769975786924938,1.0,0.2727272727272727,1.0,0.17796610169491525,1.0,0.1875,1.0,0.25302663438256656,1.0,0.11538461538461539,1.0,0.40314769975786924,0.0,0.04956956363644045,0.5434782608695652,0.5434782608695652,False,False,0.29347826086956524,0.6428571428571429,0.6428571428571429,0.5434782608695652,0.6024096385542169,0.6024096385542169,0.7934782608695652,0.4397590361445783,0.7934782608695652,0.9021739130434783,0.3346774193548387,0.9021739130434783,0.9347826086956522,0.20823244552058112,0.9347826086956522,0.3333333333333333,0.3333333333333333,0.3333333333333333,0.025423728813559324,0.6666666666666666,0.3333333333333333,0.6666666666666666,0.10048426150121065,1.0,0.2727272727272727,1.0,0.18038740920096852,1.0,0.1875,1.0,0.20581113801452786,1.0,0.11538461538461539,1.0,0.2857142857142857,0.0,0.17080042428516923,0.5543478260869565,0.5543478260869565,False,False,0.2826086956521739,0.6190476190476191,0.6190476190476191,0.5543478260869565,0.6144578313253012,0.6144578313253012,0.782608695652174,0.43373493975903615,0.782608695652174,0.9021739130434783,0.3346774193548387,0.9021739130434783,0.9347826086956522,0.20823244552058112,0.9347826086956522,0.3333333333333333,0.3333333333333333,0.3333333333333333,0.025423728813559324,0.6666666666666666,0.3333333333333333,0.6666666666666666,0.10048426150121065,1.0,0.2727272727272727,1.0,0.17070217917675545,1.0,0.1875,1.0,0.20581113801452786,1.0,0.11538461538461539,1.0,0.2857142857142857,,,0.001258945739044337
hotpotqa_long,45,1705,77,0.18181818181818182,0.18181818181818182,False,False,0.09090909090909091,0.08139534883720931,0.09090909090909091,0.18181818181818182,0.08187134502923976,0.18181818181818182,0.2727272727272727,0.06158357771260997,0.2727272727272727,0.2857142857142857,0.04296875,0.2857142857142857,0.35064935064935066,0.031652989449003514,0.35064935064935066,0.0,0.0,0.0,0.012903225806451613,0.0,0.0,0.0,0.026392961876832845,0.0,0.0,0.0,0.10381231671554252,0.3333333333333333,0.037037037037037035,0.3333333333333333,0.2434017595307918,0.3333333333333333,0.022727272727272728,0.3333333333333333,0.5302052785923753,0.025,0.0838057842733392,0.5584415584415584,0.5584415584415584,False,False,0.3246753246753247,0.29069767441860467,0.3246753246753247,0.5584415584415584,0.25146198830409355,0.5584415584415584,0.7142857142857143,0.16129032258064516,0.7142857142857143,0.7532467532467533,0.11328125,0.7532467532467533,0.8571428571428571,0.07737397420867527,0.8571428571428571,0.0,0.0,0.0,0.00997067448680352,0.3333333333333333,0.1111111111111111,0.3333333333333333,0.06217008797653959,0.6666666666666666,0.1111111111111111,0.6666666666666666,0.12316715542521994,1.0,0.1111111111111111,1.0,0.23870967741935484,1.0,0.06818181818181818,1.0,0.4780058651026393,0.025,0.07296509754167847,0.6363636363636364,0.6363636363636364,False,False,0.37662337662337664,0.3372093023255814,0.37662337662337664,0.6363636363636364,0.28654970760233917,0.6363636363636364,0.7922077922077922,0.17888563049853373,0.7922077922077922,0.8571428571428571,0.12890625,0.8571428571428571,0.8961038961038961,0.08089097303634232,0.8961038961038961,0.0,0.0,0.0,0.011143695014662757,0.6666666666666666,0.2222222222222222,0.6666666666666666,0.06041055718475073,1.0,0.16666666666666666,1.0,0.10263929618768329,1.0,0.1111111111111111,1.0,0.18181818181818182,1.0,0.06818181818181818,1.0,0.4574780058651026,0.185093896713615,0.2771528833020085,0.6233766233766234,0.6233766233766234,False,False,0.37662337662337664,0.3372093023255814,0.37662337662337664,0.6233766233766234,0.2807017543859649,0.6233766233766234,0.7792207792207793,0.17595307917888564,0.7792207792207793,0.8571428571428571,0.12890625,0.8571428571428571,0.8961038961038961,0.08089097303634232,0.8961038961038961,0.0,0.0,0.0,0.011143695014662757,0.6666666666666666,0.2222222222222222,0.6666666666666666,0.06041055718475073,1.0,0.16666666666666666,1.0,0.10263929618768329,1.0,0.1111111111111111,1.0,0.1689149560117302,1.0,0.06818181818181818,1.0,0.4662756598240469,,,0.0005851723688006238
hotpotqa_long,46,1296,58,0.25862068965517243,0.25862068965517243,False,False,0.1206896551724138,0.1076923076923077,0.1206896551724138,0.25862068965517243,0.11538461538461539,0.25862068965517243,0.41379310344827586,0.09230769230769231,0.41379310344827586,0.5172413793103449,0.07712082262210797,0.5172413793103449,0.603448275862069,0.05401234567901234,0.603448275862069,0.0,0.0,0.0,0.023148148148148147,0.5,0.14285714285714285,0.5,0.07561728395061729,1.0,0.15384615384615385,1.0,0.12731481481481483,1.0,0.10526315789473684,1.0,0.18209876543209877,1.0,0.06451612903225806,1.0,0.44290123456790126,0.025,0.052196297952148044,0.3620689655172414,0.3620689655172414,False,False,0.25862068965517243,0.23076923076923078,0.25862068965517243,0.3620689655172414,0.16153846153846155,0.3620689655172414,0.5344827586206896,0.11923076923076924,0.5344827586206896,0.6379310344827587,0.09511568123393316,0.6379310344827587,0.7241379310344828,0.06481481481481481,0.7241379310344828,0.0,0.0,0.0,0.026234567901234566,0.5,0.14285714285714285,0.5,0.0787037037037037,1.0,0.15384615384615385,1.0,0.14351851851851852,1.0,0.10526315789473684,1.0,0.24459876543209877,1.0,0.06451612903225806,1.0,0.49228395061728397,0.025,0.06412325306943124,0.3275862068965517,0.3275862068965517,False,False,0.27586206896551724,0.24615384615384617,0.27586206896551724,0.3275862068965517,0.14615384615384616,0.3275862068965517,0.5517241379310345,0.12307692307692308,0.5517241379310345,0.7068965517241379,0.10539845758354756,0.7068965517241379,0.7931034482758621,0.07098765432098765,0.7931034482758621,0.5,0.25,0.5,0.0470679012345679,0.5,0.14285714285714285,0.5,0.06944444444444445,1.0,0.15384615384615385,1.0,0.12345679012345678,1.0,0.10526315789473684,1.0,0.2770061728395062,1.0,0.06451612903225806,1.0,0.4513888888888889,0.025,0.1786994755809725,0.3448275862068966,0.3448275862068966,False,False,0.27586206896551724,0.24615384615384617,0.27586206896551724,0.3448275862068966,0.15384615384615385,0.3448275862068966,0.5517241379310345,0.12307692307692308,0.5517241379310345,0.7068965517241379,0.10539845758354756,0.7068965517241379,0.7931034482758621,0.07098765432098765,0.7931034482758621,0.5,0.25,0.5,0.0470679012345679,0.5,0.14285714285714285,0.5,0.06944444444444445,1.0,0.15384615384615385,1.0,0.12345679012345678,1.0,0.10526315789473684,1.0,0.2770061728395062,1.0,0.06451612903225806,1.0,0.4382716049382716,,,0.004396485646070758
hotpotqa_long,47,850,74,0.5540540540540541,0.5540540540540541,False,False,0.3918918918918919,0.6744186046511628,0.6744186046511628,0.5540540540540541,0.4823529411764706,0.5540540540540541,0.7027027027027027,0.3058823529411765,0.7027027027027027,0.7567567567567568,0.2196078431372549,0.7567567567567568,0.8243243243243243,0.14352941176470588,0.8243243243243243,0.25,0.3333333333333333,0.3333333333333333,0.047058823529411764,0.5,0.3333333333333333,0.5,0.07411764705882352,0.75,0.2727272727272727,0.75,0.17294117647058824,1.0,0.25,1.0,0.23176470588235293,1.0,0.15384615384615385,1.0,0.39294117647058824,0.025,0.0631766813158767,0.527027027027027,0.527027027027027,False,False,0.35135135135135137,0.6046511627906976,0.6046511627906976,0.527027027027027,0.4588235294117647,0.527027027027027,0.8243243243243243,0.3588235294117647,0.8243243243243243,0.8783783783783784,0.2549019607843137,0.8783783783783784,0.9324324324324325,0.1623529411764706,0.9324324324324325,0.0,0.0,0.0,0.011764705882352941,0.5,0.3333333333333333,0.5,0.07411764705882352,1.0,0.36363636363636365,1.0,0.15529411764705883,1.0,0.25,1.0,0.25882352941176473,1.0,0.15384615384615385,1.0,0.49411764705882355,0.025,0.06906626402896235,0.47297297297297297,0.47297297297297297,False,False,0.36486486486486486,0.627906976744186,0.627906976744186,0.47297297297297297,0.4117647058823529,0.47297297297297297,0.6756756756756757,0.29411764705882354,0.6756756756756757,0.7432432432432432,0.21568627450980393,0.7432432432432432,0.8243243243243243,0.14352941176470588,0.8243243243243243,0.5,0.6666666666666666,0.6666666666666666,0.06235294117647059,0.5,0.3333333333333333,0.5,0.07411764705882352,0.5,0.18181818181818182,0.5,0.11411764705882353,0.5,0.125,0.5,0.20470588235294118,1.0,0.15384615384615385,1.0,0.40352941176470586,0.025,0.19141357410986748,0.47297297297297297,0.47297297297297297,False,False,0.36486486486486486,0.627906976744186,0.627906976744186,0.47297297297297297,0.4117647058823529,0.47297297297297297,0.6756756756756757,0.29411764705882354,0.6756756756756757,0.7432432432432432,0.21568627450980393,0.7432432432432432,0.8378378378378378,0.14588235294117646,0.8378378378378378,0.5,0.6666666666666666,0.6666666666666666,0.06235294117647059,0.5,0.3333333333333333,0.5,0.07411764705882352,0.5,0.18181818181818182,0.5,0.11411764705882353,0.5,0.125,0.5,0.20470588235294118,1.0,0.15384615384615385,1.0,0.40352941176470586,,,0.0013077665435894392
