2026-10-11 05:39:18,237	INFO worker.py:2007 -- Started a local Ray instance.
WARNING:2026-10-11 05:39:22,451:Waiting for register center actor ZkSW0n_register_center to be ready. Elapsed time: 0 seconds out of 300 seconds.
[36m(pid=gcs_server)[0m [2026-10-11 05:39:46,679 E 326970 326970] (gcs_server) gcs_server.cc:303: Failed to establish connection to the event+metrics exporter agent. Events and metrics will not be exported. Exporter agent status: RpcError: Running out of retries to initialize the metrics agent. rpc_code: 14
[33m(raylet)[0m [2026-10-11 05:39:48,177 E 327681 327681] (raylet) main.cc:1032: Failed to establish connection to the metrics exporter agent. Metrics will not be exported. Exporter agent status: RpcError: Running out of retries to initialize the metrics agent. rpc_code: 14
[36m(bundle_reservation_check_func pid=327792)[0m [2026-10-11 05:39:48,699 E 327792 328056] core_worker_process.cc:842: Failed to establish connection to the metrics exporter agent. Metrics will not be exported. Exporter agent status: RpcError: Running out of retries to initialize the metrics agent. rpc_code: 14
[2026-10-11 05:39:48,855 E 324497 327790] core_worker_process.cc:842: Failed to establish connection to the metrics exporter agent. Metrics will not be exported. Exporter agent status: RpcError: Running out of retries to initialize the metrics agent. rpc_code: 14
[36m(IncidentWorker pid=328708)[0m /opt/conda/lib/python3.12/site-packages/torchvision/datapoints/__init__.py:12: UserWarning: The torchvision.datapoints and torchvision.transforms.v2 namespaces are still Beta. While we do not expect major breaking changes, some APIs may still change according to user feedback. Please submit any feedback you may have in this issue: https://github.com/pytorch/vision/issues/6753, and you can also check out https://github.com/pytorch/vision/issues/7319 to learn more about the APIs that we suspect might involve future changes. You can silence this warning by calling torchvision.disable_beta_transforms_warning().
[36m(IncidentWorker pid=328708)[0m   warnings.warn(_BETA_TRANSFORMS_WARNING)
[36m(IncidentWorker pid=328708)[0m /opt/conda/lib/python3.12/site-packages/torchvision/transforms/v2/__init__.py:54: UserWarning: The torchvision.datapoints and torchvision.transforms.v2 namespaces are still Beta. While we do not expect major breaking changes, some APIs may still change according to user feedback. Please submit any feedback you may have in this issue: https://github.com/pytorch/vision/issues/6753, and you can also check out https://github.com/pytorch/vision/issues/7319 to learn more about the APIs that we suspect might involve future changes. You can silence this warning by calling torchvision.disable_beta_transforms_warning().
[36m(IncidentWorker pid=328708)[0m   warnings.warn(_BETA_TRANSFORMS_WARNING)
[36m(IncidentWorker pid=328708)[0m WARNING:2026-10-11 05:39:51,234:Current Triton version 3.0.0 is below the recommended 3.2.0 version. Errors may occur and these issues will not be fixed. Please consider upgrading Triton.
[36m(IncidentWorker pid=330450)[0m Loading weights:   0%|          | 0/427 [00:00<?, ?it/s]Loading weights: 100%|██████████| 427/427 [00:00<00:00, 14453.08it/s]
[36m(IncidentWorker pid=328708)[0m Loading weights:   0%|          | 0/427 [00:00<?, ?it/s]
[36m(IncidentWorker pid=328708)[0m Loading weights: 100%|██████████| 427/427 [00:00<00:00, 13969.02it/s]
[36m(WorkerGroupRegisterCenter pid=330224)[0m [2026-10-11 05:40:06,548 E 330224 330417] core_worker_process.cc:842: Failed to establish connection to the metrics exporter agent. Metrics will not be exported. Exporter agent status: RpcError: Running out of retries to initialize the metrics agent. rpc_code: 14[32m [repeated 7x across cluster] (Ray deduplicates logs by default. Set RAY_DEDUP_LOGS=0 to disable log deduplication, or see https://docs.ray.io/en/master/ray-observability/user-guides/configure-logging.html#log-deduplication for more options.)[0m
[36m(IncidentWorker pid=330450)[0m /opt/conda/lib/python3.12/site-packages/torchvision/transforms/v2/__init__.py:54: UserWarning: The torchvision.datapoints and torchvision.transforms.v2 namespaces are still Beta. While we do not expect major breaking changes, some APIs may still change according to user feedback. Please submit any feedback you may have in this issue: https://github.com/pytorch/vision/issues/6753, and you can also check out https://github.com/pytorch/vision/issues/7319 to learn more about the APIs that we suspect might involve future changes. You can silence this warning by calling torchvision.disable_beta_transforms_warning().[32m [repeated 2x across cluster][0m
[36m(IncidentWorker pid=330450)[0m   warnings.warn(_BETA_TRANSFORMS_WARNING)[32m [repeated 2x across cluster][0m
[36m(IncidentWorker pid=330450)[0m WARNING:2026-10-11 05:39:51,234:Current Triton version 3.0.0 is below the recommended 3.2.0 version. Errors may occur and these issues will not be fixed. Please consider upgrading Triton.
[36m(IncidentWorker pid=330450)[0m [2026-10-11 05:40:07,443 E 330450 330520] core_worker_process.cc:842: Failed to establish connection to the metrics exporter agent. Metrics will not be exported. Exporter agent status: RpcError: Running out of retries to initialize the metrics agent. rpc_code: 14
[36m(IncidentWorker pid=328708)[0m [Gloo] Rank 0 is connected to 1 peer ranks. Expected number of connected peer ranks is : 1
[36m(IncidentWorker pid=328708)[0m Model config after override: Qwen3_5Config {
[36m(IncidentWorker pid=328708)[0m   "architectures": [
[36m(IncidentWorker pid=328708)[0m     "Qwen3_5ForConditionalGeneration"
[36m(IncidentWorker pid=328708)[0m   ],
[36m(IncidentWorker pid=328708)[0m   "bos_token_id": null,
[36m(IncidentWorker pid=328708)[0m   "eos_token_id": 248046,
[36m(IncidentWorker pid=328708)[0m   "image_token_id": 248056,
[36m(IncidentWorker pid=328708)[0m   "model_type": "qwen3_5",
[36m(IncidentWorker pid=328708)[0m   "pad_token_id": 248044,
[36m(IncidentWorker pid=328708)[0m   "text_config": {
[36m(IncidentWorker pid=328708)[0m     "attention_bias": false,
[36m(IncidentWorker pid=328708)[0m     "attention_dropout": 0.0,
[36m(IncidentWorker pid=328708)[0m     "attn_output_gate": true,
[36m(IncidentWorker pid=328708)[0m     "bos_token_id": null,
[36m(IncidentWorker pid=328708)[0m     "dtype": "bfloat16",
[36m(IncidentWorker pid=328708)[0m     "eos_token_id": 248044,
[36m(IncidentWorker pid=328708)[0m     "full_attention_interval": 4,
[36m(IncidentWorker pid=328708)[0m     "head_dim": 256,
[36m(IncidentWorker pid=328708)[0m     "hidden_act": "silu",
[36m(IncidentWorker pid=328708)[0m     "hidden_size": 4096,
[36m(IncidentWorker pid=328708)[0m     "initializer_range": 0.02,
[36m(IncidentWorker pid=328708)[0m     "intermediate_size": 12288,
[36m(IncidentWorker pid=328708)[0m     "layer_types": [
[36m(IncidentWorker pid=328708)[0m       "linear_attention",
[36m(IncidentWorker pid=328708)[0m       "linear_attention",
[36m(IncidentWorker pid=328708)[0m       "linear_attention",
[36m(IncidentWorker pid=328708)[0m       "full_attention",
[36m(IncidentWorker pid=328708)[0m       "linear_attention",
[36m(IncidentWorker pid=328708)[0m       "linear_attention",
[36m(IncidentWorker pid=328708)[0m       "linear_attention",
[36m(IncidentWorker pid=328708)[0m       "full_attention",
[36m(IncidentWorker pid=328708)[0m       "linear_attention",
[36m(IncidentWorker pid=328708)[0m       "linear_attention",
[36m(IncidentWorker pid=328708)[0m       "linear_attention",
[36m(IncidentWorker pid=328708)[0m       "full_attention",
[36m(IncidentWorker pid=328708)[0m       "linear_attention",
[36m(IncidentWorker pid=328708)[0m       "linear_attention",
[36m(IncidentWorker pid=328708)[0m       "linear_attention",
[36m(IncidentWorker pid=328708)[0m       "full_attention",
[36m(IncidentWorker pid=328708)[0m       "linear_attention",
[36m(IncidentWorker pid=328708)[0m       "linear_attention",
[36m(IncidentWorker pid=328708)[0m       "linear_attention",
[36m(IncidentWorker pid=328708)[0m       "full_attention",
[36m(IncidentWorker pid=328708)[0m       "linear_attention",
[36m(IncidentWorker pid=328708)[0m       "linear_attention",
[36m(IncidentWorker pid=328708)[0m       "linear_attention",
[36m(IncidentWorker pid=328708)[0m       "full_attention",
[36m(IncidentWorker pid=328708)[0m       "linear_attention",
[36m(IncidentWorker pid=328708)[0m       "linear_attention",
[36m(IncidentWorker pid=328708)[0m       "linear_attention",
[36m(IncidentWorker pid=328708)[0m       "full_attention",
[36m(IncidentWorker pid=328708)[0m       "linear_attention",
[36m(IncidentWorker pid=328708)[0m       "linear_attention",
[36m(IncidentWorker pid=328708)[0m       "linear_attention",
[36m(IncidentWorker pid=328708)[0m       "full_attention"
[36m(IncidentWorker pid=328708)[0m     ],
[36m(IncidentWorker pid=328708)[0m     "linear_conv_kernel_dim": 4,
[36m(IncidentWorker pid=328708)[0m     "linear_key_head_dim": 128,
[36m(IncidentWorker pid=328708)[0m     "linear_num_key_heads": 16,
[36m(IncidentWorker pid=328708)[0m     "linear_num_value_heads": 32,
[36m(IncidentWorker pid=328708)[0m     "linear_value_head_dim": 128,
[36m(IncidentWorker pid=328708)[0m     "mamba_ssm_dtype": "float32",
[36m(IncidentWorker pid=328708)[0m     "max_position_embeddings": 262144,
[36m(IncidentWorker pid=328708)[0m     "mlp_only_layers": [],
[36m(IncidentWorker pid=328708)[0m     "model_type": "qwen3_5_text",
[36m(IncidentWorker pid=328708)[0m     "mtp_num_hidden_layers": 1,
[36m(IncidentWorker pid=328708)[0m     "mtp_use_dedicated_embeddings": false,
[36m(IncidentWorker pid=328708)[0m     "num_attention_heads": 16,
[36m(IncidentWorker pid=328708)[0m     "num_hidden_layers": 32,
[36m(IncidentWorker pid=328708)[0m     "num_key_value_heads": 4,
[36m(IncidentWorker pid=328708)[0m     "pad_token_id": null,
[36m(IncidentWorker pid=328708)[0m     "partial_rotary_factor": 0.25,
[36m(IncidentWorker pid=328708)[0m     "rms_norm_eps": 1e-06,
[36m(IncidentWorker pid=328708)[0m     "rope_parameters": {
[36m(IncidentWorker pid=328708)[0m       "mrope_interleaved": true,
[36m(IncidentWorker pid=328708)[0m       "mrope_section": [
[36m(IncidentWorker pid=328708)[0m         11,
[36m(IncidentWorker pid=328708)[0m         11,
[36m(IncidentWorker pid=328708)[0m         10
[36m(IncidentWorker pid=328708)[0m       ],
[36m(IncidentWorker pid=328708)[0m       "partial_rotary_factor": 0.25,
[36m(IncidentWorker pid=328708)[0m       "rope_theta": 10000000,
[36m(IncidentWorker pid=328708)[0m       "rope_type": "default"
[36m(IncidentWorker pid=328708)[0m     },
[36m(IncidentWorker pid=328708)[0m     "tie_word_embeddings": false,
[36m(IncidentWorker pid=328708)[0m     "use_cache": true,
[36m(IncidentWorker pid=328708)[0m     "vocab_size": 248320
[36m(IncidentWorker pid=328708)[0m   },
[36m(IncidentWorker pid=328708)[0m   "tie_word_embeddings": false,
[36m(IncidentWorker pid=328708)[0m   "transformers_version": "5.13.0",
[36m(IncidentWorker pid=328708)[0m   "video_token_id": 248057,
[36m(IncidentWorker pid=328708)[0m   "vision_config": {
[36m(IncidentWorker pid=328708)[0m     "deepstack_visual_indexes": [],
[36m(IncidentWorker pid=328708)[0m     "depth": 27,
[36m(IncidentWorker pid=328708)[0m     "hidden_act": "gelu_pytorch_tanh",
[36m(IncidentWorker pid=328708)[0m     "hidden_size": 1152,
[36m(IncidentWorker pid=328708)[0m     "in_channels": 3,
[36m(IncidentWorker pid=328708)[0m     "initializer_range": 0.02,
[36m(IncidentWorker pid=328708)[0m     "intermediate_size": 4304,
[36m(IncidentWorker pid=328708)[0m     "model_type": "qwen3_5_vision",
[36m(IncidentWorker pid=328708)[0m     "num_heads": 16,
[36m(IncidentWorker pid=328708)[0m     "num_position_embeddings": 2304,
[36m(IncidentWorker pid=328708)[0m     "out_hidden_size": 4096,
[36m(IncidentWorker pid=328708)[0m     "patch_size": 16,
[36m(IncidentWorker pid=328708)[0m     "spatial_merge_size": 2,
[36m(IncidentWorker pid=328708)[0m     "temporal_patch_size": 2
[36m(IncidentWorker pid=328708)[0m   },
[36m(IncidentWorker pid=328708)[0m   "vision_end_token_id": 248054,
[36m(IncidentWorker pid=328708)[0m   "vision_start_token_id": 248053
[36m(IncidentWorker pid=328708)[0m }
[36m(IncidentWorker pid=328708)[0m 
[36m(IncidentWorker pid=330450)[0m Using Torch backend for fused kernels in Qwen3_5ForCausalLM
[36m(IncidentWorker pid=330450)[0m Applying LoRA to actor module
[36m(IncidentWorker pid=328708)[0m PeftModelForCausalLM contains 8.98B parameters
[36m(IncidentWorker pid=328708)[0m wrap_policy: functools.partial(<function _or_policy at 0x7f4dcb83bec0>, policies=[functools.partial(<function lambda_auto_wrap_policy at 0x7f4dcb83b880>, lambda_fn=<function get_fsdp_wrap_policy.<locals>.lambda_policy_fn at 0x7f4c6c6bc180>), functools.partial(<function transformer_auto_wrap_policy at 0x7f4dcb83bd80>, transformer_layer_cls={<class 'transformers.models.qwen3_5.modeling_qwen3_5.Qwen3_5DecoderLayer'>})])
[36m(IncidentWorker pid=330450)[0m Total steps: 330, num_warmup_steps: 0
[36m(IncidentWorker pid=330450)[0m Actor use_remove_padding=False
[36m(IncidentWorker pid=330450)[0m Actor use_fused_kernels=True
[36m(IncidentWorker pid=330450)[0m Only support config type of {'qwen2_moe', 'gemma3_text', 'qwen3_moe', 'minicpmo', 'qwen3_vl_moe', 'deepseek_v3', 'mistral', 'minicpmv', 'apertus', 'qwen3', 'qwen3_vl', 'seed_oss', 'qwen2_5_vl', 'glm4v', 'qwen2', 'qwen2_vl', 'llama'}, but got qwen3_5. MFU will always be zero.
[36m(IncidentWorker pid=330450)[0m [Gloo] Rank 1 is connected to 1 peer ranks. Expected number of connected peer ranks is : 1
[36m(IncidentWorker pid=328708)[0m Using Torch backend for fused kernels in Qwen3_5ForCausalLM
[36m(IncidentWorker pid=328708)[0m Applying LoRA to actor module
[36m(IncidentWorker pid=330450)[0m wrap_policy: functools.partial(<function _or_policy at 0x7f27b114bec0>, policies=[functools.partial(<function lambda_auto_wrap_policy at 0x7f27b114b880>, lambda_fn=<function get_fsdp_wrap_policy.<locals>.lambda_policy_fn at 0x7f266ef6b240>), functools.partial(<function transformer_auto_wrap_policy at 0x7f27b114bd80>, transformer_layer_cls={<class 'transformers.models.qwen3_5.modeling_qwen3_5.Qwen3_5DecoderLayer'>})])
[36m(IncidentWorker pid=328708)[0m Only support config type of {'qwen2_vl', 'deepseek_v3', 'glm4v', 'qwen3_vl', 'gemma3_text', 'qwen2', 'minicpmo', 'minicpmv', 'qwen2_moe', 'qwen3_moe', 'mistral', 'qwen3_vl_moe', 'apertus', 'qwen3', 'seed_oss', 'llama', 'qwen2_5_vl'}, but got qwen3_5. MFU will always be zero.
[36m(IncidentWorker pid=328708)[0m [DeltaTrace] owner FSDP2 lifecycle modules=34 layerwise=True remaining_dtensor=921 sample=[('model.language_model.embed_tokens.weight', (Shard(dim=0),)), ('model.language_model.layers.0.linear_attn.dt_bias', (Shard(dim=0),)), ('model.language_model.layers.0.linear_attn.A_log', (Shard(dim=0),))]
[36m(IncidentWorker pid=328708)[0m Total steps: 330, num_warmup_steps: 0
[36m(IncidentWorker pid=328708)[0m Actor use_remove_padding=False
[36m(IncidentWorker pid=328708)[0m Actor use_fused_kernels=True
[36m(IncidentWorker pid=328708)[0m [DT direct joint minibatch] trajectories=4 length=502 batch=1/27 seconds=16.014105334004853
[36m(IncidentWorker pid=330450)[0m [DeltaTrace] owner FSDP2 lifecycle modules=34 layerwise=True remaining_dtensor=921 sample=[('model.language_model.embed_tokens.weight', (Shard(dim=0),)), ('model.language_model.layers.0.linear_attn.dt_bias', (Shard(dim=0),)), ('model.language_model.layers.0.linear_attn.A_log', (Shard(dim=0),))]
[36m(IncidentWorker pid=328708)[0m [DT direct joint minibatch] trajectories=4 length=645 batch=4/27 seconds=2.1711230949731544[32m [repeated 6x across cluster][0m
[36m(IncidentWorker pid=328708)[0m [DT direct joint minibatch] trajectories=4 length=893 batch=7/27 seconds=2.4074693149887025[32m [repeated 6x across cluster][0m
[36m(IncidentWorker pid=328708)[0m [DT direct joint minibatch] trajectories=4 length=1022 batch=9/27 seconds=2.9640083980048075[32m [repeated 4x across cluster][0m
[36m(IncidentWorker pid=328708)[0m [DT direct joint minibatch] trajectories=4 length=1114 batch=11/27 seconds=3.139196461008396[32m [repeated 4x across cluster][0m
[36m(IncidentWorker pid=328708)[0m [DT direct joint minibatch] trajectories=4 length=1295 batch=13/27 seconds=3.7514036489883438[32m [repeated 4x across cluster][0m
[36m(IncidentWorker pid=328708)[0m [DT direct joint minibatch] trajectories=4 length=1384 batch=15/27 seconds=4.399217547033913[32m [repeated 4x across cluster][0m
[36m(IncidentWorker pid=328708)[0m [DT direct joint minibatch] trajectories=4 length=1537 batch=17/27 seconds=5.097571666992735[32m [repeated 4x across cluster][0m
[36m(IncidentWorker pid=330450)[0m [DT direct joint minibatch] trajectories=4 length=1655 batch=18/27 seconds=5.436858271015808[32m [repeated 2x across cluster][0m
[36m(IncidentWorker pid=328708)[0m [DT direct joint minibatch] trajectories=4 length=1792 batch=19/27 seconds=12.704568172979634[32m [repeated 2x across cluster][0m
[36m(IncidentWorker pid=328708)[0m [DT direct joint minibatch] trajectories=4 length=1905 batch=20/27 seconds=6.16502297000261[32m [repeated 2x across cluster][0m
[36m(IncidentWorker pid=328708)[0m [DT direct joint minibatch] trajectories=4 length=2139 batch=21/27 seconds=7.1515115139773116[32m [repeated 2x across cluster][0m
[36m(IncidentWorker pid=328708)[0m [DT direct joint minibatch] trajectories=4 length=2256 batch=22/27 seconds=7.69468658301048[32m [repeated 2x across cluster][0m
[36m(IncidentWorker pid=328708)[0m [DT direct joint minibatch] trajectories=4 length=2409 batch=23/27 seconds=8.032978959963657[32m [repeated 2x across cluster][0m
[36m(IncidentWorker pid=328708)[0m [DT direct joint minibatch] trajectories=4 length=2715 batch=24/27 seconds=9.268887387996074[32m [repeated 2x across cluster][0m
[36m(IncidentWorker pid=328708)[0m [DT direct joint minibatch] trajectories=4 length=3098 batch=25/27 seconds=10.886163227958605[32m [repeated 2x across cluster][0m
[36m(IncidentWorker pid=328708)[0m [DT direct joint minibatch] trajectories=4 length=3439 batch=26/27 seconds=12.786360881989822[32m [repeated 2x across cluster][0m
[36m(IncidentWorker pid=330450)[0m [DeltaTrace readout] {"task": "TextCraft", "target_semantics": "real_executed_action_joint", "target_normalization": "original_full_vocabulary", "reward_events": 108, "trajectories": 108, "finite_trace_calls": 27, "joint_target_requests": 108, "minibatch_size": 4, "query_tokens": 0, "synthetic_labels": 0, "reference_token_samples": 0, "per_token_probability_queries": 0, "prefix_lease_used": true, "target_self_tokens": 8428, "prior_source_tokens": 87709, "policy_tokens": 96245, "empty_joint_targets": 0, "zero_reward_trajectories": 0, "actual_context_lengths": [491, 492, 492, 499, 509, 513, 522, 536, 548, 562, 566, 594, 612, 614, 634, 639, 661, 682, 711, 744, 767, 782, 795, 810, 820, 856, 873, 897, 906, 934, 960, 970, 977, 986, 987, 1029, 1030, 1046, 1058, 1075, 1078, 1080, 1104, 1106, 1183, 1205, 1241, 1249, 1260, 1272, 1285, 1294, 1299, 1306, 1315, 1330, 1345, 1366, 1381, 1410, 1413, 1433, 1445, 1464, 1486, 1504, 1532, 1578, 1584, 1618, 1636, 1655, 1725, 1732, 1773, 1819, 1820, 1874, 1903, 1987, 2043, 2080, 2138, 2155, 2206, 2214, 2251, 2292, 2316, 2328, 2382, 2433, 2578, 2594, 2657, 2710, 2920, 2989, 3024, 3148, 3173, 3352, 3398, 3465, 3492, 3552, 3819, 4015], "original_response_rows": [null, null, null, null, null, null, null, null, null, null, null, null, null, null, null, null, null, null, null, null, null, null, null, null, null, null, null, null, null, null, null, null, null, null, null, null, null, null, null, null, null, null, null, null, null, null, null, null, null, null, null, null, null, null, null, null, null, null, null, null, null, null, null, null, null, null, null, null, null, null, null, null, null, null, null, null, null, null, null, null, null, null, null, null, null, null, null, null, null, null, null, null, null, null, null, null, null, null, null, null, null, null, null, null, null, null, null, null], "traces": [{"trajectory_index": 0, "traj_uid": "24b015ab-580d-41f0-8d30-65ae5cb9ccc4", "reward": 1.0, "target_tokens": 27, "actual_context_tokens": 491, "compute_tokens": 499, "target_self_tokens": 27, "prior_source_tokens": 77, "root_effect": 37.15249316547897, "signed_sum": 37.193277132897535, "conservation_residual": -0.040783967418562384, "factual_target_logp": -0.4079590257056225, "reference_target_logp": -37.560452191184595}, {"trajectory_index": 1, "traj_uid": "418a4d6a-6200-4169-8ba2-e0cb308c67ea", "reward": 1.0, "target_tokens": 24, "actual_context_tokens": 492, "compute_tokens": 499, "target_self_tokens": 24, "prior_source_tokens": 88, "root_effect": 35.70342701186428, "signed_sum": 35.851185099324624, "conservation_residual": -0.14775808746034613, "factual_target_logp": -0.1003554833000635, "reference_target_logp": -35.80378249516434}, {"trajectory_index": 2, "traj_uid": "418a4d6a-6200-4169-8ba2-e0cb308c67ea", "reward": 1.0, "target_tokens": 24, "actual_context_tokens": 492, "compute_tokens": 499, "target_self_tokens": 24, "prior_source_tokens": 88, "root_effect": 35.490575778536595, "signed_sum": 35.545658335390755, "conservation_residual": -0.05508255685415975, "factual_target_logp": -0.09972980950601595, "reference_target_logp": -35.59030558804261}, {"trajectory_index": 3, "traj_uid": "4ce2fd9b-2880-458c-a45b-1479546958c7", "reward": 1.0, "target_tokens": 24, "actual_context_tokens": 499, "compute_tokens": 499, "target_self_tokens": 24, "prior_source_tokens": 95, "root_effect": 35.579984612539874, "signed_sum": 35.62573384438333, "conservation_residual": -0.045749231843458915, "factual_target_logp": -0.03212819960322122, "reference_target_logp": -35.612112812143096}, {"trajectory_index": 4, "traj_uid": "44dbcf9e-7dc6-42c1-acd9-11c33c75980d", "reward": 1.0, "target_tokens": 25, "actual_context_tokens": 509, "compute_tokens": 536, "target_self_tokens": 25, "prior_source_tokens": 82, "root_effect": 39.686292219493225, "signed_sum": 39.78148468234389, "conservation_residual": -0.09519246285066174, "factual_target_logp": -0.04482746467056131, "reference_target_logp": -39.73111968416379}, {"trajectory_index": 5, "traj_uid": "c1d870a6-89b5-4bbf-994a-119c0775ea12", "reward": 1.0, "target_tokens": 25, "actual_context_tokens": 513, "compute_tokens": 536, "target_self_tokens": 25, "prior_source_tokens": 106, "root_effect": 36.60706131344705, "signed_sum": 36.52337106018358, "conservation_residual": 0.08369025326346957, "factual_target_logp": -0.2164952123821422, "reference_target_logp": -36.82355652582919}, {"trajectory_index": 6, "traj_uid": "17fac652-caf3-4c2c-ab34-dcf41d0240f8", "reward": 1.0, "target_tokens": 25, "actual_context_tokens": 522, "compute_tokens": 536, "target_self_tokens": 25, "prior_source_tokens": 115, "root_effect": 38.45958522222281, "signed_sum": 38.57238908760185, "conservation_residual": -0.11280386537903553, "factual_target_logp": -0.003368423265783349, "reference_target_logp": -38.4629536454886}, {"trajectory_index": 7, "traj_uid": "32f6a454-32ca-4c45-8908-927fa3f902fa", "reward": 1.0, "target_tokens": 28, "actual_context_tokens": 536, "compute_tokens": 536, "target_self_tokens": 28, "prior_source_tokens": 111, "root_effect": 44.4291326741951, "signed_sum": 44.481197703413585, "conservation_residual": -0.05206502921848255, "factual_target_logp": -0.01514327592792597, "reference_target_logp": -44.44427595012303}, {"trajectory_index": 8, "traj_uid": "ddaa73b3-8fae-42d5-baf1-82f055986e26", "reward": 1.0, "target_tokens": 25, "actual_context_tokens": 548, "compute_tokens": 594, "target_self_tokens": 25, "prior_source_tokens": 141, "root_effect": 45.666330890762765, "signed_sum": 45.796615323815075, "conservation_residual": -0.13028443305231008, "factual_target_logp": -0.9603717686586606, "reference_target_logp": -46.626702659421426}, {"trajectory_index": 9, "traj_uid": "34c06901-5b44-4796-8502-f2e27cf06c99", "reward": 1.0, "target_tokens": 28, "actual_context_tokens": 562, "compute_tokens": 594, "target_self_tokens": 28, "prior_source_tokens": 130, "root_effect": 47.308727807350806, "signed_sum": 47.258172765810365, "conservation_residual": 0.05055504154044144, "factual_target_logp": -0.6632772293451126, "reference_target_logp": -47.97200503669592}, {"trajectory_index": 10, "traj_uid": "5c34f7e8-6751-4a65-9005-0c0916b4e4ba", "reward": 1.0, "target_tokens": 28, "actual_context_tokens": 566, "compute_tokens": 594, "target_self_tokens": 28, "prior_source_tokens": 141, "root_effect": 43.530399694030734, "signed_sum": 43.47021865214179, "conservation_residual": 0.060181041888945686, "factual_target_logp": -0.05078385655212969, "reference_target_logp": -43.581183550582864}, {"trajectory_index": 11, "traj_uid": "fc3d0187-cd6c-458d-8f2a-035df0c4c0c8", "reward": 1.0, "target_tokens": 29, "actual_context_tokens": 594, "compute_tokens": 594, "target_self_tokens": 29, "prior_source_tokens": 166, "root_effect": 52.97778566831016, "signed_sum": 53.01079304090631, "conservation_residual": -0.0330073725961455, "factual_target_logp": -0.0363229805627725, "reference_target_logp": -53.014108648872934}, {"trajectory_index": 12, "traj_uid": "720dce74-7028-49cb-9150-33a949601189", "reward": 1.0, "target_tokens": 26, "actual_context_tokens": 612, "compute_tokens": 639, "target_self_tokens": 26, "prior_source_tokens": 167, "root_effect": 45.452228807287156, "signed_sum": 45.65335061701348, "conservation_residual": -0.20112180972632387, "factual_target_logp": -1.1566538902047796, "reference_target_logp": -46.608882697491936}, {"trajectory_index": 13, "traj_uid": "e0b97d7e-8d45-4122-8023-7009b4d5f3ea", "reward": 1.0, "target_tokens": 31, "actual_context_tokens": 614, "compute_tokens": 639, "target_self_tokens": 31, "prior_source_tokens": 179, "root_effect": 49.3211543819757, "signed_sum": 49.46637375412653, "conservation_residual": -0.1452193721508266, "factual_target_logp": -0.02099494303956817, "reference_target_logp": -49.34214932501527}, {"trajectory_index": 14, "traj_uid": "57d29427-7ee1-4dbf-be58-129809d681d4", "reward": 1.0, "target_tokens": 28, "actual_context_tokens": 634, "compute_tokens": 639, "target_self_tokens": 28, "prior_source_tokens": 161, "root_effect": 46.256835804421826, "signed_sum": 46.34993165620617, "conservation_residual": -0.09309585178434077, "factual_target_logp": -0.08706878728207812, "reference_target_logp": -46.343904591703904}, {"trajectory_index": 15, "traj_uid": "22ce1840-bf89-4319-ae34-f49b615d3571", "reward": 1.0, "target_tokens": 28, "actual_context_tokens": 639, "compute_tokens": 639, "target_self_tokens": 28, "prior_source_tokens": 166, "root_effect": 44.73475970573145, "signed_sum": 44.81714551757877, "conservation_residual": -0.08238581184732396, "factual_target_logp": -0.026671328188058396, "reference_target_logp": -44.76143103391951}, {"trajectory_index": 16, "traj_uid": "fe238c2b-03ea-4cab-b1ed-f4d8ce7ec38f", "reward": 1.0, "target_tokens": 38, "actual_context_tokens": 661, "compute_tokens": 744, "target_self_tokens": 38, "prior_source_tokens": 209, "root_effect": 54.6632179217122, "signed_sum": 54.68577755818894, "conservation_residual": -0.022559636476735534, "factual_target_logp": -2.8669000466543366, "reference_target_logp": -57.53011796836654}, {"trajectory_index": 17, "traj_uid": "d2d222cd-573e-4512-898e-ee3bcc3de439", "reward": 1.0, "target_tokens": 39, "actual_context_tokens": 682, "compute_tokens": 744, "target_self_tokens": 39, "prior_source_tokens": 194, "root_effect": 61.22231465220477, "signed_sum": 61.166865634064045, "conservation_residual": 0.055449018140727446, "factual_target_logp": -0.011171039493433454, "reference_target_logp": -61.233485691698206}, {"trajectory_index": 18, "traj_uid": "7b2e1bf0-545a-4f5a-b4a3-93fa12266835", "reward": 1.0, "target_tokens": 28, "actual_context_tokens": 711, "compute_tokens": 744, "target_self_tokens": 28, "prior_source_tokens": 238, "root_effect": 59.64756509384779, "signed_sum": 59.765345718530924, "conservation_residual": -0.11778062468313522, "factual_target_logp": -0.056741059907380986, "reference_target_logp": -59.70430615375517}, {"trajectory_index": 19, "traj_uid": "3d642900-859e-46b6-81d3-0df8856cdbbd", "reward": 1.0, "target_tokens": 42, "actual_context_tokens": 744, "compute_tokens": 744, "target_self_tokens": 42, "prior_source_tokens": 193, "root_effect": 42.652224689585466, "signed_sum": 42.670727588251886, "conservation_residual": -0.0185028986664193, "factual_target_logp": -0.3879389006635847, "reference_target_logp": -43.04016359024905}, {"trajectory_index": 20, "traj_uid": "0ae0a42f-214c-4d6d-b30b-f6827aefdb6d", "reward": 1.0, "target_tokens": 42, "actual_context_tokens": 767, "compute_tokens": 810, "target_self_tokens": 42, "prior_source_tokens": 216, "root_effect": 43.21568467913791, "signed_sum": 43.27774829616686, "conservation_residual": -0.062063617028954354, "factual_target_logp": -0.03728656267200847, "reference_target_logp": -43.25297124180992}, {"trajectory_index": 21, "traj_uid": "dc7af700-bd4c-4e8f-849d-01419b5ababe", "reward": 1.0, "target_tokens": 27, "actual_context_tokens": 782, "compute_tokens": 810, "target_self_tokens": 27, "prior_source_tokens": 207, "root_effect": 58.50611737420701, "signed_sum": 58.705634298363236, "conservation_residual": -0.19951692415622801, "factual_target_logp": -0.025406328953920365, "reference_target_logp": -58.53152370316093}, {"trajectory_index": 22, "traj_uid": "77351b41-28e8-44dc-bc02-ee0959d36054", "reward": 1.0, "target_tokens": 54, "actual_context_tokens": 795, "compute_tokens": 810, "target_self_tokens": 54, "prior_source_tokens": 222, "root_effect": 68.28487983541083, "signed_sum": 68.49400394424453, "conservation_residual": -0.20912410883369148, "factual_target_logp": -0.01008305109178309, "reference_target_logp": -68.29496288650262}, {"trajectory_index": 23, "traj_uid": "3ced9443-c68d-4615-a168-dae62d1765bd", "reward": 1.0, "target_tokens": 24, "actual_context_tokens": 810, "compute_tokens": 810, "target_self_tokens": 24, "prior_source_tokens": 105, "root_effect": 44.85982475254582, "signed_sum": 45.03014813324329, "conservation_residual": -0.170323380697468, "factual_target_logp": -0.01822705190193119, "reference_target_logp": -44.87805180444775}, {"trajectory_index": 24, "traj_uid": "c54543d4-e92d-45a4-bc92-dfd3479b5d9e", "reward": 1.0, "target_tokens": 46, "actual_context_tokens": 820, "compute_tokens": 897, "target_self_tokens": 46, "prior_source_tokens": 248, "root_effect": 50.37795885194231, "signed_sum": 50.27793165089802, "conservation_residual": 0.1000272010442913, "factual_target_logp": -0.05832748897472584, "reference_target_logp": -50.436286340917036}, {"trajectory_index": 25, "traj_uid": "edc11ced-0e8c-4f31-9c7e-47e2577c8fc0", "reward": 1.0, "target_tokens": 42, "actual_context_tokens": 856, "compute_tokens": 897, "target_self_tokens": 42, "prior_source_tokens": 305, "root_effect": 61.142302052554484, "signed_sum": 61.45153168881943, "conservation_residual": -0.30922963626494493, "factual_target_logp": -0.1021654166741115, "reference_target_logp": -61.244467469228596}, {"trajectory_index": 26, "traj_uid": "586677d4-3161-4548-b25d-0194595b3579", "reward": 1.0, "target_tokens": 51, "actual_context_tokens": 873, "compute_tokens": 897, "target_self_tokens": 51, "prior_source_tokens": 212, "root_effect": 57.26411972798269, "signed_sum": 57.36168167120247, "conservation_residual": -0.09756194321978029, "factual_target_logp": -0.31426337775155844, "reference_target_logp": -57.57838310573425}, {"trajectory_index": 27, "traj_uid": "77cd3531-c7cb-448c-9a3d-a7d3f1666f0e", "reward": 1.0, "target_tokens": 59, "actual_context_tokens": 897, "compute_tokens": 897, "target_self_tokens": 59, "prior_source_tokens": 214, "root_effect": 69.82742514256392, "signed_sum": 69.81782318784975, "conservation_residual": 0.009601954714170802, "factual_target_logp": -0.3472355005258123, "reference_target_logp": -70.17466064308974}, {"trajectory_index": 28, "traj_uid": "8d670b46-3b8c-408e-851a-675dde49343c", "reward": 1.0, "target_tokens": 30, "actual_context_tokens": 906, "compute_tokens": 970, "target_self_tokens": 30, "prior_source_tokens": 177, "root_effect": 52.544825595196755, "signed_sum": 52.65874139463252, "conservation_residual": -0.11391579943576602, "factual_target_logp": -0.004018993538181803, "reference_target_logp": -52.54884458873494}, {"trajectory_index": 29, "traj_uid": "934f8562-e41f-4dc8-83f6-155bca0824f1", "reward": 1.0, "target_tokens": 62, "actual_context_tokens": 934, "compute_tokens": 970, "target_self_tokens": 62, "prior_source_tokens": 246, "root_effect": 81.10953958275854, "signed_sum": 81.09911622077837, "conservation_residual": 0.01042336198017324, "factual_target_logp": -0.04928711412435405, "reference_target_logp": -81.1588266968829}, {"trajectory_index": 30, "traj_uid": "dced535c-964b-4b13-9513-ba0fd04b96ac", "reward": 1.0, "target_tokens": 62, "actual_context_tokens": 960, "compute_tokens": 970, "target_self_tokens": 62, "prior_source_tokens": 272, "root_effect": 98.34563169767944, "signed_sum": 98.30756507796981, "conservation_residual": 0.03806661970962466, "factual_target_logp": -0.09783424095940063, "reference_target_logp": -98.44346593863884}, {"trajectory_index": 31, "traj_uid": "7669e628-89ec-4230-ae13-af1ddde99a83", "reward": 1.0, "target_tokens": 65, "actual_context_tokens": 970, "compute_tokens": 970, "target_self_tokens": 65, "prior_source_tokens": 249, "root_effect": 75.68748482140415, "signed_sum": 75.73033644234886, "conservation_residual": -0.04285162094470252, "factual_target_logp": -0.03648268706695035, "reference_target_logp": -75.7239675084711}, {"trajectory_index": 32, "traj_uid": "8b3815ce-0269-4244-ba59-bd141386ac30", "reward": 1.0, "target_tokens": 27, "actual_context_tokens": 977, "compute_tokens": 1029, "target_self_tokens": 27, "prior_source_tokens": 402, "root_effect": 66.39325083167938, "signed_sum": 66.45526872672447, "conservation_residual": -0.06201789504508781, "factual_target_logp": -0.017263830348326792, "reference_target_logp": -66.41051466202771}, {"trajectory_index": 33, "traj_uid": "f343d300-f5c4-4776-9240-0fafbf1de543", "reward": 1.0, "target_tokens": 65, "actual_context_tokens": 986, "compute_tokens": 1029, "target_self_tokens": 65, "prior_source_tokens": 372, "root_effect": 98.20542259494857, "signed_sum": 98.15024670676814, "conservation_residual": 0.055175888180428956, "factual_target_logp": -0.006367882922972967, "reference_target_logp": -98.21179047787155}, {"trajectory_index": 34, "traj_uid": "b1454473-a1c8-440b-8da4-9568f1c9a51e", "reward": 1.0, "target_tokens": 28, "actual_context_tokens": 987, "compute_tokens": 1029, "target_self_tokens": 28, "prior_source_tokens": 261, "root_effect": 59.75540417063212, "signed_sum": 59.70701404914847, "conservation_residual": 0.048390121483649295, "factual_target_logp": -0.005764221491972421, "reference_target_logp": -59.76116839212409}, {"trajectory_index": 35, "traj_uid": "7a1f3eac-5473-42af-a5dd-09d63e4fbf97", "reward": 1.0, "target_tokens": 72, "actual_context_tokens": 1029, "compute_tokens": 1029, "target_self_tokens": 72, "prior_source_tokens": 241, "root_effect": 81.19928465195687, "signed_sum": 81.09185108883369, "conservation_residual": 0.10743356312318042, "factual_target_logp": -3.50483286552128, "reference_target_logp": -84.70411751747815}, {"trajectory_index": 36, "traj_uid": "32584bdc-0c8a-46ad-9968-870744b6da54", "reward": 1.0, "target_tokens": 97, "actual_context_tokens": 1030, "compute_tokens": 1075, "target_self_tokens": 97, "prior_source_tokens": 411, "root_effect": 134.915826784994, "signed_sum": 134.98651948379987, "conservation_residual": -0.07069269880585693, "factual_target_logp": -0.09338989759305605, "reference_target_logp": -135.00921668258707}, {"trajectory_index": 37, "traj_uid": "8bfdde7c-5102-4210-82ac-05e1a7993274", "reward": 1.0, "target_tokens": 27, "actual_context_tokens": 1046, "compute_tokens": 1075, "target_self_tokens": 27, "prior_source_tokens": 471, "root_effect": 68.96503568075008, "signed_sum": 69.17870907345193, "conservation_residual": -0.2136733927018497, "factual_target_logp": -0.11600393901295547, "reference_target_logp": -69.08103961976303}, {"trajectory_index": 38, "traj_uid": "2e75e944-587f-4dfb-ac7d-33db3b8034b2", "reward": 1.0, "target_tokens": 28, "actual_context_tokens": 1058, "compute_tokens": 1075, "target_self_tokens": 28, "prior_source_tokens": 332, "root_effect": 64.19872206163133, "signed_sum": 64.08796417461402, "conservation_residual": 0.11075788701731426, "factual_target_logp": -0.0021900161489014636, "reference_target_logp": -64.20091207778023}, {"trajectory_index": 39, "traj_uid": "87ec9ed8-19a6-489a-a19e-b74c0fe4aa29", "reward": 1.0, "target_tokens": 71, "actual_context_tokens": 1075, "compute_tokens": 1075, "target_self_tokens": 71, "prior_source_tokens": 337, "root_effect": 110.88065214116858, "signed_sum": 111.27224738533596, "conservation_residual": -0.3915952441673767, "factual_target_logp": -0.07607343413775425, "reference_target_logp": -110.95672557530634}, {"trajectory_index": 40, "traj_uid": "c1a0708b-ff65-4dc7-8f13-fbdce49d9d69", "reward": 1.0, "target_tokens": 55, "actual_context_tokens": 1078, "compute_tokens": 1106, "target_self_tokens": 55, "prior_source_tokens": 396, "root_effect": 84.69674304609555, "signed_sum": 84.93029747400499, "conservation_residual": -0.23355442790943926, "factual_target_logp": -0.15941845731674675, "reference_target_logp": -84.8561615034123}, {"trajectory_index": 41, "traj_uid": "37e8a54f-c8c8-45b5-ba6b-f344a22afcc5", "reward": 1.0, "target_tokens": 28, "actual_context_tokens": 1080, "compute_tokens": 1106, "target_self_tokens": 28, "prior_source_tokens": 354, "root_effect": 66.30790670856595, "signed_sum": 66.65878502029099, "conservation_residual": -0.35087831172504025, "factual_target_logp": -0.8964808157302286, "reference_target_logp": -67.20438752429618}, {"trajectory_index": 42, "traj_uid": "0737924f-3c9f-4e9c-8d19-41154b244c8b", "reward": 1.0, "target_tokens": 55, "actual_context_tokens": 1104, "compute_tokens": 1106, "target_self_tokens": 55, "prior_source_tokens": 422, "root_effect": 95.9979145633331, "signed_sum": 96.23185163947026, "conservation_residual": -0.23393707613716686, "factual_target_logp": -0.05399397952737672, "reference_target_logp": -96.05190854286047}, {"trajectory_index": 43, "traj_uid": "cda3ad94-de03-465f-ab53-8099d0243e50", "reward": 1.0, "target_tokens": 65, "actual_context_tokens": 1106, "compute_tokens": 1106, "target_self_tokens": 65, "prior_source_tokens": 419, "root_effect": 99.92793935585246, "signed_sum": 100.1465050323701, "conservation_residual": -0.2185656765176418, "factual_target_logp": -0.24654469157508174, "reference_target_logp": -100.17448404742754}, {"trajectory_index": 44, "traj_uid": "b4a33e5a-5b54-4a8a-91c6-e4c4caa53ca5", "reward": 1.0, "target_tokens": 71, "actual_context_tokens": 1183, "compute_tokens": 1249, "target_self_tokens": 71, "prior_source_tokens": 445, "root_effect": 96.3560008743001, "signed_sum": 96.66261112769403, "conservation_residual": -0.30661025339394143, "factual_target_logp": -0.2099375322073911, "reference_target_logp": -96.56593840650748}, {"trajectory_index": 45, "traj_uid": "9c2131d3-3f1f-493b-9bb6-1088b8c1eb6d", "reward": 1.0, "target_tokens": 58, "actual_context_tokens": 1205, "compute_tokens": 1249, "target_self_tokens": 58, "prior_source_tokens": 538, "root_effect": 101.40201046174798, "signed_sum": 101.55888683747985, "conservation_residual": -0.1568763757318692, "factual_target_logp": -0.9848689503237438, "reference_target_logp": -102.38687941207172}, {"trajectory_index": 46, "traj_uid": "d849e43b-9917-4fdd-b2c2-f2b82ff28907", "reward": 1.0, "target_tokens": 66, "actual_context_tokens": 1241, "compute_tokens": 1249, "target_self_tokens": 66, "prior_source_tokens": 634, "root_effect": 92.01222425421156, "signed_sum": 92.079659599617, "conservation_residual": -0.0674353454054426, "factual_target_logp": -0.021188373821530604, "reference_target_logp": -92.03341262803309}, {"trajectory_index": 47, "traj_uid": "bccebe5b-f0a1-4814-823b-3e4740212929", "reward": 1.0, "target_tokens": 27, "actual_context_tokens": 1249, "compute_tokens": 1249, "target_self_tokens": 27, "prior_source_tokens": 674, "root_effect": 71.97485482924594, "signed_sum": 72.07019273579769, "conservation_residual": -0.09533790655174812, "factual_target_logp": -1.2280219977787965, "reference_target_logp": -73.20287682702474}, {"trajectory_index": 48, "traj_uid": "21957dfa-a087-4ba7-afb4-9512ec4603df", "reward": 1.0, "target_tokens": 102, "actual_context_tokens": 1260, "compute_tokens": 1294, "target_self_tokens": 102, "prior_source_tokens": 465, "root_effect": 126.11868939829014, "signed_sum": 126.16189889278101, "conservation_residual": -0.04320949449086697, "factual_target_logp": -0.6873081372184515, "reference_target_logp": -126.8059975355086}, {"trajectory_index": 49, "traj_uid": "7ed17372-90cf-489e-a524-bdd8c92e407a", "reward": 1.0, "target_tokens": 98, "actual_context_tokens": 1272, "compute_tokens": 1294, "target_self_tokens": 98, "prior_source_tokens": 485, "root_effect": 133.57644604641547, "signed_sum": 134.15116739837163, "conservation_residual": -0.5747213519561569, "factual_target_logp": -4.340703320697401, "reference_target_logp": -137.91714936711287}, {"trajectory_index": 50, "traj_uid": "9f173c2c-e6dc-4381-b87f-2fa57dfc6700", "reward": 1.0, "target_tokens": 69, "actual_context_tokens": 1285, "compute_tokens": 1294, "target_self_tokens": 69, "prior_source_tokens": 543, "root_effect": 102.90871169712682, "signed_sum": 102.95250626045863, "conservation_residual": -0.043794563331815084, "factual_target_logp": -2.087867127528625, "reference_target_logp": -104.99657882465544}, {"trajectory_index": 51, "traj_uid": "b939bdd7-76e7-4d63-89a3-062d00531ef3", "reward": 1.0, "target_tokens": 71, "actual_context_tokens": 1294, "compute_tokens": 1294, "target_self_tokens": 71, "prior_source_tokens": 556, "root_effect": 116.28571506076082, "signed_sum": 116.4357060921409, "conservation_residual": -0.14999103138008252, "factual_target_logp": -0.1993810698611469, "reference_target_logp": -116.48509613062197}, {"trajectory_index": 52, "traj_uid": "59612689-b82b-4a23-8510-4295a77af5b4", "reward": 1.0, "target_tokens": 104, "actual_context_tokens": 1299, "compute_tokens": 1330, "target_self_tokens": 104, "prior_source_tokens": 497, "root_effect": 148.64074756359616, "signed_sum": 149.02321335877093, "conservation_residual": -0.38246579517476675, "factual_target_logp": -1.270158569265618, "reference_target_logp": -149.91090613286178}, {"trajectory_index": 53, "traj_uid": "7cb8145c-6003-4982-aa0e-35e55d554e19", "reward": 1.0, "target_tokens": 91, "actual_context_tokens": 1306, "compute_tokens": 1330, "target_self_tokens": 91, "prior_source_tokens": 453, "root_effect": 129.71308745186678, "signed_sum": 130.02066792406941, "conservation_residual": -0.3075804722026305, "factual_target_logp": -1.1706492955666477, "reference_target_logp": -130.88373674743343}, {"trajectory_index": 54, "traj_uid": "0f782091-2933-4692-ada5-7fd3c1f4dfc9", "reward": 1.0, "target_tokens": 60, "actual_context_tokens": 1315, "compute_tokens": 1330, "target_self_tokens": 60, "prior_source_tokens": 558, "root_effect": 78.60655012229654, "signed_sum": 78.83195305071905, "conservation_residual": -0.2254029284225112, "factual_target_logp": -0.13508023488793697, "reference_target_logp": -78.74163035718448}, {"trajectory_index": 55, "traj_uid": "6ad5d10d-58b1-41ae-885d-5a28e9e1a23e", "reward": 1.0, "target_tokens": 70, "actual_context_tokens": 1330, "compute_tokens": 1330, "target_self_tokens": 70, "prior_source_tokens": 702, "root_effect": 109.70848187350782, "signed_sum": 109.8232875262184, "conservation_residual": -0.1148056527105723, "factual_target_logp": -0.12973755366613204, "reference_target_logp": -109.83821942717395}, {"trajectory_index": 56, "traj_uid": "5984191b-5238-48e8-98ed-8a432fe49314", "reward": 1.0, "target_tokens": 118, "actual_context_tokens": 1345, "compute_tokens": 1410, "target_self_tokens": 118, "prior_source_tokens": 497, "root_effect": 134.62637559045538, "signed_sum": 134.6666627637939, "conservation_residual": -0.04028717333852683, "factual_target_logp": -3.108715036914191, "reference_target_logp": -137.73509062736957}, {"trajectory_index": 57, "traj_uid": "7ef1f0d4-16ac-4b34-a51c-98b0586bb9d9", "reward": 1.0, "target_tokens": 98, "actual_context_tokens": 1366, "compute_tokens": 1410, "target_self_tokens": 98, "prior_source_tokens": 596, "root_effect": 132.90843613647354, "signed_sum": 133.24421548452253, "conservation_residual": -0.33577934804898746, "factual_target_logp": -0.8184720298681327, "reference_target_logp": -133.72690816634167}, {"trajectory_index": 58, "traj_uid": "2f8dc714-bffb-4f34-9991-e1fc8f19bb36", "reward": 1.0, "target_tokens": 58, "actual_context_tokens": 1381, "compute_tokens": 1410, "target_self_tokens": 58, "prior_source_tokens": 787, "root_effect": 105.74388124123607, "signed_sum": 105.89592707725132, "conservation_residual": -0.15204583601524746, "factual_target_logp": -8.1755216749375, "reference_target_logp": -113.91940291617357}, {"trajectory_index": 59, "traj_uid": "a87654cd-7203-4d3a-87ff-442378d2f1aa", "reward": 1.0, "target_tokens": 84, "actual_context_tokens": 1410, "compute_tokens": 1410, "target_self_tokens": 84, "prior_source_tokens": 634, "root_effect": 142.61247922698658, "signed_sum": 142.9107560559529, "conservation_residual": -0.2982768289663227, "factual_target_logp": -3.3826909805620744, "reference_target_logp": -145.99517020754865}, {"trajectory_index": 60, "traj_uid": "5a740550-65bc-4bb8-aded-16794c675186", "reward": 1.0, "target_tokens": 79, "actual_context_tokens": 1413, "compute_tokens": 1464, "target_self_tokens": 79, "prior_source_tokens": 603, "root_effect": 141.82269072400982, "signed_sum": 142.13210151062378, "conservation_residual": -0.3094107866139666, "factual_target_logp": -1.2317143443722216, "reference_target_logp": -143.05440506838204}, {"trajectory_index": 61, "traj_uid": "0683474d-8f25-494c-9607-e96cfe019424", "reward": 1.0, "target_tokens": 104, "actual_context_tokens": 1433, "compute_tokens": 1464, "target_self_tokens": 104, "prior_source_tokens": 559, "root_effect": 153.55346362950502, "signed_sum": 153.63960998623432, "conservation_residual": -0.08614635672930149, "factual_target_logp": -1.1343763464539052, "reference_target_logp": -154.68783997595892}, {"trajectory_index": 62, "traj_uid": "5a1f61ae-81b8-40b8-a037-1ebaf9d076dc", "reward": 1.0, "target_tokens": 76, "actual_context_tokens": 1445, "compute_tokens": 1464, "target_self_tokens": 76, "prior_source_tokens": 779, "root_effect": 137.64638498863445, "signed_sum": 137.59880691124272, "conservation_residual": 0.047578077391733586, "factual_target_logp": -1.3231110080237727, "reference_target_logp": -138.96949599665822}, {"trajectory_index": 63, "traj_uid": "634231a2-5992-4f56-a2b6-60f262b40813", "reward": 1.0, "target_tokens": 64, "actual_context_tokens": 1464, "compute_tokens": 1464, "target_self_tokens": 64, "prior_source_tokens": 686, "root_effect": 101.19729676891427, "signed_sum": 101.28981273628138, "conservation_residual": -0.0925159673671061, "factual_target_logp": -0.18435144555417082, "reference_target_logp": -101.38164821446844}, {"trajectory_index": 64, "traj_uid": "8801fd0b-c985-454c-a67c-d4c4bbeef98b", "reward": 1.0, "target_tokens": 60, "actual_context_tokens": 1486, "compute_tokens": 1578, "target_self_tokens": 60, "prior_source_tokens": 851, "root_effect": 108.77905973282941, "signed_sum": 109.12456677745266, "conservation_residual": -0.3455070446232469, "factual_target_logp": -3.5899405839718384, "reference_target_logp": -112.36900031680125}, {"trajectory_index": 65, "traj_uid": "634c8a73-435d-4e31-85ab-4f85e1766109", "reward": 1.0, "target_tokens": 77, "actual_context_tokens": 1504, "compute_tokens": 1578, "target_self_tokens": 77, "prior_source_tokens": 668, "root_effect": 153.8916455415652, "signed_sum": 154.17960312947085, "conservation_residual": -0.28795758790565174, "factual_target_logp": -0.17181851519347902, "reference_target_logp": -154.06346405675868}, {"trajectory_index": 66, "traj_uid": "a7573bf1-2bcc-4288-9cd7-56b1d58526c7", "reward": 1.0, "target_tokens": 94, "actual_context_tokens": 1532, "compute_tokens": 1578, "target_self_tokens": 94, "prior_source_tokens": 766, "root_effect": 141.1102151163454, "signed_sum": 141.26410362186533, "conservation_residual": -0.15388850551994437, "factual_target_logp": -0.38684050964599237, "reference_target_logp": -141.49705562599138}, {"trajectory_index": 67, "traj_uid": "41cf7c88-73dc-4ec7-bc96-bf3a52d3ca4e", "reward": 1.0, "target_tokens": 93, "actual_context_tokens": 1578, "compute_tokens": 1578, "target_self_tokens": 93, "prior_source_tokens": 714, "root_effect": 133.90435197719705, "signed_sum": 133.995090674755, "conservation_residual": -0.09073869755795272, "factual_target_logp": -1.9765646408137627, "reference_target_logp": -135.88091661801082}, {"trajectory_index": 68, "traj_uid": "814ed1a4-12f3-48e8-8de3-625d3dc12d8d", "reward": 1.0, "target_tokens": 70, "actual_context_tokens": 1584, "compute_tokens": 1655, "target_self_tokens": 70, "prior_source_tokens": 768, "root_effect": 140.3367723436815, "signed_sum": 140.51609755478566, "conservation_residual": -0.17932521110415678, "factual_target_logp": -0.4065277767811608, "reference_target_logp": -140.74330012046266}, {"trajectory_index": 69, "traj_uid": "3211de04-687f-47e1-bf52-6b666e36e2de", "reward": 1.0, "target_tokens": 70, "actual_context_tokens": 1618, "compute_tokens": 1655, "target_self_tokens": 70, "prior_source_tokens": 977, "root_effect": 113.15707619490246, "signed_sum": 113.3257933816889, "conservation_residual": -0.16871718678643788, "factual_target_logp": -0.10058771424627366, "reference_target_logp": -113.25766390914873}, {"trajectory_index": 70, "traj_uid": "d704d9fc-1d77-4418-879b-6a692bcc2a36", "reward": 1.0, "target_tokens": 71, "actual_context_tokens": 1636, "compute_tokens": 1655, "target_self_tokens": 71, "prior_source_tokens": 872, "root_effect": 106.55808789870196, "signed_sum": 106.56751339258821, "conservation_residual": -0.009425493886254799, "factual_target_logp": -0.009728958561140644, "reference_target_logp": -106.5678168572631}, {"trajectory_index": 71, "traj_uid": "408d446a-4a92-4cba-b6fd-0cb12c793c6b", "reward": 1.0, "target_tokens": 69, "actual_context_tokens": 1655, "compute_tokens": 1655, "target_self_tokens": 69, "prior_source_tokens": 850, "root_effect": 142.3248787320777, "signed_sum": 142.4320395729636, "conservation_residual": -0.10716084088588218, "factual_target_logp": -0.12046744995990366, "reference_target_logp": -142.4453461820376}, {"trajectory_index": 72, "traj_uid": "f4aefd2b-689c-47d5-aa32-fa5b98fca974", "reward": 1.0, "target_tokens": 168, "actual_context_tokens": 1725, "compute_tokens": 1819, "target_self_tokens": 168, "prior_source_tokens": 864, "root_effect": 194.740105777608, "signed_sum": 194.84817442675418, "conservation_residual": -0.10806864914619041, "factual_target_logp": -0.8674047996908598, "reference_target_logp": -195.60751057729885}, {"trajectory_index": 73, "traj_uid": "3f8b5076-9ba9-439d-a1a7-03c798e4db47", "reward": 1.0, "target_tokens": 97, "actual_context_tokens": 1732, "compute_tokens": 1819, "target_self_tokens": 97, "prior_source_tokens": 872, "root_effect": 158.8635162544703, "signed_sum": 158.9404056799209, "conservation_residual": -0.07688942545058808, "factual_target_logp": -0.28248659932097553, "reference_target_logp": -159.1460028537913}, {"trajectory_index": 74, "traj_uid": "ebfd9459-ff9e-4211-aa85-8a27ed6de21f", "reward": 1.0, "target_tokens": 62, "actual_context_tokens": 1773, "compute_tokens": 1819, "target_self_tokens": 62, "prior_source_tokens": 975, "root_effect": 113.59116232133397, "signed_sum": 113.84977122562054, "conservation_residual": -0.2586089042865751, "factual_target_logp": -0.3277323045024332, "reference_target_logp": -113.9188946258364}, {"trajectory_index": 75, "traj_uid": "c6d0d8c5-63ab-40ef-b395-6136a1dce374", "reward": 1.0, "target_tokens": 78, "actual_context_tokens": 1819, "compute_tokens": 1819, "target_self_tokens": 78, "prior_source_tokens": 1012, "root_effect": 154.69148050135664, "signed_sum": 154.8999525581637, "conservation_residual": -0.20847205680706793, "factual_target_logp": -2.3098750802982977, "reference_target_logp": -157.00135558165493}, {"trajectory_index": 76, "traj_uid": "074c43c6-641f-4164-a576-9a0357001dc1", "reward": 1.0, "target_tokens": 64, "actual_context_tokens": 1820, "compute_tokens": 1987, "target_self_tokens": 64, "prior_source_tokens": 1029, "root_effect": 104.90642848718699, "signed_sum": 104.93548934507277, "conservation_residual": -0.029060857885781388, "factual_target_logp": -5.943790039948453, "reference_target_logp": -110.85021852713544}, {"trajectory_index": 77, "traj_uid": "44498524-198d-44d9-a275-adf420930f18", "reward": 1.0, "target_tokens": 59, "actual_context_tokens": 1874, "compute_tokens": 1987, "target_self_tokens": 59, "prior_source_tokens": 1173, "root_effect": 80.35420905761794, "signed_sum": 80.51955515474509, "conservation_residual": -0.16534609712715564, "factual_target_logp": -1.4718143633995169, "reference_target_logp": -81.82602342101745}, {"trajectory_index": 78, "traj_uid": "277efe7d-a4dd-4e05-a666-809258caebed", "reward": 1.0, "target_tokens": 97, "actual_context_tokens": 1903, "compute_tokens": 1987, "target_self_tokens": 97, "prior_source_tokens": 1035, "root_effect": 147.89094104723335, "signed_sum": 148.11954423442245, "conservation_residual": -0.22860318718909411, "factual_target_logp": -0.24289877111004898, "reference_target_logp": -148.1338398183434}, {"trajectory_index": 79, "traj_uid": "7c3bfeae-fe40-448d-b988-484f552663ed", "reward": 1.0, "target_tokens": 83, "actual_context_tokens": 1987, "compute_tokens": 1987, "target_self_tokens": 83, "prior_source_tokens": 1137, "root_effect": 122.5938619206629, "signed_sum": 122.87340628125224, "conservation_residual": -0.27954436058934107, "factual_target_logp": -0.14817096113415573, "reference_target_logp": -122.74203288179706}, {"trajectory_index": 80, "traj_uid": "f85c586f-04a9-480f-abf3-89e9137e4e58", "reward": 1.0, "target_tokens": 193, "actual_context_tokens": 2043, "compute_tokens": 2155, "target_self_tokens": 193, "prior_source_tokens": 1109, "root_effect": 222.4178771650494, "signed_sum": 222.83498144981718, "conservation_residual": -0.41710428476778816, "factual_target_logp": -1.553529711621124, "reference_target_logp": -223.97140687667053}, {"trajectory_index": 81, "traj_uid": "d68dd894-b6b6-4d61-b58c-b256140f617b", "reward": 1.0, "target_tokens": 87, "actual_context_tokens": 2080, "compute_tokens": 2155, "target_self_tokens": 87, "prior_source_tokens": 1225, "root_effect": 172.5248190017728, "signed_sum": 172.77790283425728, "conservation_residual": -0.25308383248446376, "factual_target_logp": -2.5835268020027797, "reference_target_logp": -175.1083458037756}, {"trajectory_index": 82, "traj_uid": "3f4becfe-1f69-4a99-9571-cbe24f438cfa", "reward": 1.0, "target_tokens": 163, "actual_context_tokens": 2138, "compute_tokens": 2155, "target_self_tokens": 163, "prior_source_tokens": 1079, "root_effect": 193.46076375091963, "signed_sum": 193.72501585532387, "conservation_residual": -0.2642521044042496, "factual_target_logp": -0.007032246996629965, "reference_target_logp": -193.46779599791626}, {"trajectory_index": 83, "traj_uid": "3b9c95d3-e04a-43c8-935f-d78c766781b4", "reward": 1.0, "target_tokens": 102, "actual_context_tokens": 2155, "compute_tokens": 2155, "target_self_tokens": 102, "prior_source_tokens": 1255, "root_effect": 145.77879041478718, "signed_sum": 146.14133236379627, "conservation_residual": -0.3625419490090849, "factual_target_logp": -4.106850878722071, "reference_target_logp": -149.88564129350925}, {"trajectory_index": 84, "traj_uid": "3a8dfb9b-ecdf-4ac8-9e5b-1244b7cb62f5", "reward": 1.0, "target_tokens": 75, "actual_context_tokens": 2206, "compute_tokens": 2292, "target_self_tokens": 75, "prior_source_tokens": 1434, "root_effect": 132.42619983329473, "signed_sum": 132.49526740447118, "conservation_residual": -0.06906757117644702, "factual_target_logp": -0.06235929766285153, "reference_target_logp": -132.48855913095758}, {"trajectory_index": 85, "traj_uid": "08ff4563-a762-4ebc-952a-2c43c4d8cdf2", "reward": 1.0, "target_tokens": 107, "actual_context_tokens": 2214, "compute_tokens": 2292, "target_self_tokens": 107, "prior_source_tokens": 1322, "root_effect": 183.95927350429497, "signed_sum": 184.26353704867228, "conservation_residual": -0.3042635443773065, "factual_target_logp": -4.080842021636499, "reference_target_logp": -188.04011552593147}, {"trajectory_index": 86, "traj_uid": "ac691895-33de-4c4a-bcdf-554cf2b32be8", "reward": 1.0, "target_tokens": 58, "actual_context_tokens": 2251, "compute_tokens": 2292, "target_self_tokens": 58, "prior_source_tokens": 1605, "root_effect": 101.38733038646137, "signed_sum": 101.64238314805667, "conservation_residual": -0.25505276159529444, "factual_target_logp": -0.008574813581390117, "reference_target_logp": -101.39590520004276}, {"trajectory_index": 87, "traj_uid": "542b6668-2100-417a-9033-9182f0f05507", "reward": 1.0, "target_tokens": 118, "actual_context_tokens": 2292, "compute_tokens": 2292, "target_self_tokens": 118, "prior_source_tokens": 1425, "root_effect": 205.91559281438458, "signed_sum": 206.0827673263366, "conservation_residual": -0.1671745119520267, "factual_target_logp": -0.27467205125503824, "reference_target_logp": -206.19026486563962}, {"trajectory_index": 88, "traj_uid": "6ef014d5-eeda-45fd-87c6-cc5155ccfa6b", "reward": 1.0, "target_tokens": 166, "actual_context_tokens": 2316, "compute_tokens": 2433, "target_self_tokens": 166, "prior_source_tokens": 1240, "root_effect": 180.51413506926565, "signed_sum": 180.68855124445608, "conservation_residual": -0.17441617519043007, "factual_target_logp": -5.144880420385562, "reference_target_logp": -185.6590154896512}, {"trajectory_index": 89, "traj_uid": "d0ec5753-e61c-4a7c-aa95-e26036e97c4e", "reward": 1.0, "target_tokens": 118, "actual_context_tokens": 2328, "compute_tokens": 2433, "target_self_tokens": 118, "prior_source_tokens": 1410, "root_effect": 155.60329211970839, "signed_sum": 155.61815878769607, "conservation_residual": -0.014866667987689652, "factual_target_logp": -3.599701334510428, "reference_target_logp": -159.2029934542188}, {"trajectory_index": 90, "traj_uid": "69b5214d-e0c3-4140-8e63-936707538bee", "reward": 1.0, "target_tokens": 130, "actual_context_tokens": 2382, "compute_tokens": 2433, "target_self_tokens": 130, "prior_source_tokens": 1423, "root_effect": 221.87335602153053, "signed_sum": 222.55477774613132, "conservation_residual": -0.6814217246007956, "factual_target_logp": -0.13397687915403367, "reference_target_logp": -222.00733290068456}, {"trajectory_index": 91, "traj_uid": "73403c78-7bdd-44f8-8c15-8c1184a46efa", "reward": 1.0, "target_tokens": 160, "actual_context_tokens": 2433, "compute_tokens": 2433, "target_self_tokens": 160, "prior_source_tokens": 1351, "root_effect": 243.70202699416234, "signed_sum": 244.00557422539316, "conservation_residual": -0.30354723123082294, "factual_target_logp": -3.133425909263565, "reference_target_logp": -246.8354529034259}, {"trajectory_index": 92, "traj_uid": "4d090bc1-1ec4-4f14-9de1-bc287d9be019", "reward": 1.0, "target_tokens": 101, "actual_context_tokens": 2578, "compute_tokens": 2710, "target_self_tokens": 101, "prior_source_tokens": 1675, "root_effect": 192.32086927279943, "signed_sum": 192.35628530554862, "conservation_residual": -0.0354160327491968, "factual_target_logp": -0.40109489762926387, "reference_target_logp": -192.7219641704287}, {"trajectory_index": 93, "traj_uid": "bcb887f1-e4f9-4308-bd69-117ad15535af", "reward": 1.0, "target_tokens": 69, "actual_context_tokens": 2594, "compute_tokens": 2710, "target_self_tokens": 69, "prior_source_tokens": 1802, "root_effect": 121.61202079944997, "signed_sum": 121.80095395278417, "conservation_residual": -0.18893315333420446, "factual_target_logp": -1.246045402778691, "reference_target_logp": -122.85806620222866}, {"trajectory_index": 94, "traj_uid": "98842444-9b21-4d31-ad90-5aedaf7ae433", "reward": 1.0, "target_tokens": 192, "actual_context_tokens": 2657, "compute_tokens": 2710, "target_self_tokens": 192, "prior_source_tokens": 1725, "root_effect": 222.02076415788343, "signed_sum": 222.32057855748036, "conservation_residual": -0.2998143995969258, "factual_target_logp": -0.9931572490465328, "reference_target_logp": -223.01392140692997}, {"trajectory_index": 95, "traj_uid": "5452b35a-846e-4301-8160-7678a1b10f85", "reward": 1.0, "target_tokens": 128, "actual_context_tokens": 2710, "compute_tokens": 2710, "target_self_tokens": 128, "prior_source_tokens": 1767, "root_effect": 214.16895315804982, "signed_sum": 214.60281343071875, "conservation_residual": -0.43386027266893734, "factual_target_logp": -1.66297691286195, "reference_target_logp": -215.83193007091177}, {"trajectory_index": 96, "traj_uid": "6156a02d-dbe7-402b-86f8-2765c345ff45", "reward": 1.0, "target_tokens": 126, "actual_context_tokens": 2920, "compute_tokens": 3148, "target_self_tokens": 126, "prior_source_tokens": 1947, "root_effect": 260.6761997252431, "signed_sum": 261.1221130459742, "conservation_residual": -0.4459133207310515, "factual_target_logp": -16.035333695359668, "reference_target_logp": -276.7115334206028}, {"trajectory_index": 97, "traj_uid": "37e8310d-efba-4b80-8b08-2dbb88a827a9", "reward": 1.0, "target_tokens": 139, "actual_context_tokens": 2989, "compute_tokens": 3148, "target_self_tokens": 139, "prior_source_tokens": 1942, "root_effect": 231.92044305320974, "signed_sum": 232.33980603634868, "conservation_residual": -0.4193629831389387, "factual_target_logp": -2.5040272478593124, "reference_target_logp": -234.42447030106905}, {"trajectory_index": 98, "traj_uid": "906d98e7-f345-4a20-b9b5-9457c792b17b", "reward": 1.0, "target_tokens": 103, "actual_context_tokens": 3024, "compute_tokens": 3148, "target_self_tokens": 103, "prior_source_tokens": 2117, "root_effect": 183.20691424193387, "signed_sum": 183.77068246536322, "conservation_residual": -0.5637682234293493, "factual_target_logp": -0.23236679892693246, "reference_target_logp": -183.4392810408608}, {"trajectory_index": 99, "traj_uid": "5454c2c3-5625-4903-938c-6e572a20f44a", "reward": 1.0, "target_tokens": 158, "actual_context_tokens": 3148, "compute_tokens": 3148, "target_self_tokens": 158, "prior_source_tokens": 2141, "root_effect": 255.23286024374966, "signed_sum": 255.2310912183322, "conservation_residual": 0.0017690254174453912, "factual_target_logp": -4.214172236168906, "reference_target_logp": -259.44703247991856}, {"trajectory_index": 100, "traj_uid": "ee00e469-f74b-4e6d-a530-6e00e9149b39", "reward": 1.0, "target_tokens": 85, "actual_context_tokens": 3173, "compute_tokens": 3465, "target_self_tokens": 85, "prior_source_tokens": 2329, "root_effect": 140.59859805442306, "signed_sum": 140.78964686426895, "conservation_residual": -0.19104880984588135, "factual_target_logp": -0.09864631675168312, "reference_target_logp": -140.69724437117475}, {"trajectory_index": 101, "traj_uid": "99af4a27-29c1-4110-8447-bee98b3f4185", "reward": 1.0, "target_tokens": 190, "actual_context_tokens": 3352, "compute_tokens": 3465, "target_self_tokens": 190, "prior_source_tokens": 2425, "root_effect": 269.52961148473753, "signed_sum": 269.7096176917543, "conservation_residual": -0.18000620701678827, "factual_target_logp": -9.846028384191754, "reference_target_logp": -279.3756398689293}, {"trajectory_index": 102, "traj_uid": "3f082d50-a8ca-4d6b-b18d-7b7224557fbd", "reward": 1.0, "target_tokens": 234, "actual_context_tokens": 3398, "compute_tokens": 3465, "target_self_tokens": 234, "prior_source_tokens": 2152, "root_effect": 352.2140600379088, "signed_sum": 352.4976305623118, "conservation_residual": -0.2835705244030464, "factual_target_logp": -3.394065041863655, "reference_target_logp": -355.60812507977244}, {"trajectory_index": 103, "traj_uid": "b3dcc26e-198a-4f82-a35d-f6aa3e5bad48", "reward": 1.0, "target_tokens": 115, "actual_context_tokens": 3465, "compute_tokens": 3465, "target_self_tokens": 115, "prior_source_tokens": 2635, "root_effect": 157.30929967772244, "signed_sum": 157.49649027824054, "conservation_residual": -0.18719060051810743, "factual_target_logp": -0.6657548574415273, "reference_target_logp": -157.97505453516396}, {"trajectory_index": 104, "traj_uid": "c4fd6508-6a81-4525-84cc-29957e8a6812", "reward": 1.0, "target_tokens": 138, "actual_context_tokens": 3492, "compute_tokens": 4015, "target_self_tokens": 138, "prior_source_tokens": 2644, "root_effect": 241.1256168014961, "signed_sum": 241.46185316198347, "conservation_residual": -0.33623636048736216, "factual_target_logp": -24.47344352674463, "reference_target_logp": -265.59906032824074}, {"trajectory_index": 105, "traj_uid": "f8f0e4fb-a3a5-4171-a715-9d7773dffd79", "reward": 1.0, "target_tokens": 197, "actual_context_tokens": 3552, "compute_tokens": 4015, "target_self_tokens": 197, "prior_source_tokens": 2582, "root_effect": 283.55137208681754, "signed_sum": 283.85328449731526, "conservation_residual": -0.3019124104977209, "factual_target_logp": -0.2096191535010803, "reference_target_logp": -283.7609912403186}, {"trajectory_index": 106, "traj_uid": "2c67f058-042c-4839-8781-570a07bf449c", "reward": 1.0, "target_tokens": 275, "actual_context_tokens": 3819, "compute_tokens": 4015, "target_self_tokens": 275, "prior_source_tokens": 2624, "root_effect": 358.67232169083195, "signed_sum": 359.03949380762947, "conservation_residual": -0.36717211679751927, "factual_target_logp": -11.714743346060686, "reference_target_logp": -370.38706503689264}, {"trajectory_index": 107, "traj_uid": "a313b108-81cd-41c8-b29c-98a5266e5d46", "reward": 1.0, "target_tokens": 67, "actual_context_tokens": 4015, "compute_tokens": 4015, "target_self_tokens": 67, "prior_source_tokens": 3132, "root_effect": 165.38362824623982, "signed_sum": 165.6524372029793, "conservation_residual": -0.2688089567394911, "factual_target_logp": -1.8237221626513929, "reference_target_logp": -167.20735040889122}], "shared_native_prefix": {"capture_rounds": 27, "local_unique_histories": 107, "consumer_batches": 27, "capture_token_slots": 53504, "original_shared_prefix_token_slots": 46080, "capture_and_preparation_seconds": 39.45212139794603}, "raw_advantage_groups": {"self_target": {"tokens": 8428, "sum": 8428.0, "sumsq": 8428.0, "max": 1.0, "min": 1.0, "max_abs": 1.0}, "prior_source": {"tokens": 87709, "sum": 7781.978452881937, "sumsq": 2982.586649053444, "max": 1.0, "min": -4.179795742034912, "max_abs": 4.179795742034912}, "other_policy": {"tokens": 108, "sum": 0.0, "sumsq": 0.0, "max": 0.0, "min": 0.0, "max_abs": 0.0}}, "seconds": 205.68801259802422}
[36m(IncidentWorker pid=330450)[0m [DT direct joint minibatch] trajectories=4 length=4015 batch=27/27 seconds=18.339175210974645[32m [repeated 2x across cluster][0m
[36m(IncidentWorker pid=330450)[0m [native_host_cache] phase=compute_dt_token_advantages reserved_before=29515884077 reserved_after=10727232000 release_s=0.463614
[36m(IncidentWorker pid=328708)[0m [native_host_cache] phase=update_actor reserved_before=25365205517 reserved_after=10727232000 release_s=0.372019
[36m(IncidentWorker pid=328708)[0m [DeltaTrace readout] {"task": "TextCraft", "target_semantics": "real_executed_action_joint", "target_normalization": "original_full_vocabulary", "reward_events": 108, "trajectories": 108, "finite_trace_calls": 27, "joint_target_requests": 108, "minibatch_size": 4, "query_tokens": 0, "synthetic_labels": 0, "reference_token_samples": 0, "per_token_probability_queries": 0, "prefix_lease_used": true, "target_self_tokens": 8945, "prior_source_tokens": 88887, "policy_tokens": 97940, "empty_joint_targets": 0, "zero_reward_trajectories": 0, "actual_context_lengths": [491, 492, 492, 502, 509, 521, 533, 540, 541, 554, 567, 599, 608, 627, 634, 645, 665, 676, 713, 726, 746, 772, 790, 818, 823, 826, 880, 893, 904, 908, 943, 976, 979, 983, 999, 1022, 1037, 1056, 1059, 1067, 1077, 1084, 1085, 1114, 1125, 1185, 1237, 1247, 1264, 1277, 1278, 1295, 1298, 1301, 1316, 1320, 1339, 1368, 1373, 1384, 1413, 1420, 1443, 1453, 1473, 1487, 1513, 1537, 1580, 1623, 1640, 1643, 1658, 1746, 1772, 1792, 1830, 1833, 1886, 1905, 2016, 2075, 2096, 2139, 2170, 2226, 2242, 2256, 2304, 2329, 2368, 2409, 2584, 2584, 2632, 2715, 2822, 2947, 3033, 3098, 3169, 3237, 3393, 3439, 3490, 3502, 3706, 5283], "original_response_rows": [null, null, null, null, null, null, null, null, null, null, null, null, null, null, null, null, null, null, null, null, null, null, null, null, null, null, null, null, null, null, null, null, null, null, null, null, null, null, null, null, null, null, null, null, null, null, null, null, null, null, null, null, null, null, null, null, null, null, null, null, null, null, null, null, null, null, null, null, null, null, null, null, null, null, null, null, null, null, null, null, null, null, null, null, null, null, null, null, null, null, null, null, null, null, null, null, null, null, null, null, null, null, null, null, null, null, null, null], "traces": [{"trajectory_index": 0, "traj_uid": "24b015ab-580d-41f0-8d30-65ae5cb9ccc4", "reward": 1.0, "target_tokens": 27, "actual_context_tokens": 491, "compute_tokens": 502, "target_self_tokens": 27, "prior_source_tokens": 77, "root_effect": 37.700181062624324, "signed_sum": 37.83417307819978, "conservation_residual": -0.13399201557545837, "factual_target_logp": -0.40815100894178613, "reference_target_logp": -38.10833207156611}, {"trajectory_index": 1, "traj_uid": "d09ba022-9f8b-44a2-b274-fe83181b15a3", "reward": 1.0, "target_tokens": 24, "actual_context_tokens": 492, "compute_tokens": 502, "target_self_tokens": 24, "prior_source_tokens": 88, "root_effect": 38.76663647855139, "signed_sum": 38.74862482953455, "conservation_residual": 0.018011649016841602, "factual_target_logp": -0.014892967562900594, "reference_target_logp": -38.78152944611429}, {"trajectory_index": 2, "traj_uid": "d09ba022-9f8b-44a2-b274-fe83181b15a3", "reward": 1.0, "target_tokens": 24, "actual_context_tokens": 492, "compute_tokens": 502, "target_self_tokens": 24, "prior_source_tokens": 88, "root_effect": 38.76663647855139, "signed_sum": 38.74862482953455, "conservation_residual": 0.018011649016841602, "factual_target_logp": -0.014892967562900594, "reference_target_logp": -38.78152944611429}, {"trajectory_index": 3, "traj_uid": "71f07cea-c457-4e7d-a96e-472e2bab5664", "reward": 1.0, "target_tokens": 25, "actual_context_tokens": 502, "compute_tokens": 502, "target_self_tokens": 25, "prior_source_tokens": 75, "root_effect": 37.30877202452075, "signed_sum": 37.27899178394408, "conservation_residual": 0.02978024057667028, "factual_target_logp": -0.004817473596176569, "reference_target_logp": -37.313589498116926}, {"trajectory_index": 4, "traj_uid": "85a6a825-77f4-480e-aa4a-3acd7d217d3a", "reward": 1.0, "target_tokens": 27, "actual_context_tokens": 509, "compute_tokens": 540, "target_self_tokens": 27, "prior_source_tokens": 95, "root_effect": 38.05104209958813, "signed_sum": 38.05831777470445, "conservation_residual": -0.007275675116318325, "factual_target_logp": -0.08298496011116185, "reference_target_logp": -38.13402705969929}, {"trajectory_index": 5, "traj_uid": "3164edfc-65fb-4962-801d-863557cb8b5a", "reward": 1.0, "target_tokens": 26, "actual_context_tokens": 521, "compute_tokens": 540, "target_self_tokens": 26, "prior_source_tokens": 96, "root_effect": 44.64883991837314, "signed_sum": 44.6220154919448, "conservation_residual": 0.02682442642834104, "factual_target_logp": -2.8227928016635815, "reference_target_logp": -47.47163272003672}, {"trajectory_index": 6, "traj_uid": "443b2f0b-677c-48d2-981a-31e19495a5b2", "reward": 1.0, "target_tokens": 24, "actual_context_tokens": 533, "compute_tokens": 540, "target_self_tokens": 24, "prior_source_tokens": 81, "root_effect": 36.62021318070674, "signed_sum": 36.73107674417447, "conservation_residual": -0.1108635634677313, "factual_target_logp": -0.15547374396646774, "reference_target_logp": -36.77568692467321}, {"trajectory_index": 7, "traj_uid": "5ebdba2a-634c-4754-b27b-6d3f2d8d19aa", "reward": 1.0, "target_tokens": 25, "actual_context_tokens": 540, "compute_tokens": 540, "target_self_tokens": 25, "prior_source_tokens": 113, "root_effect": 42.024164816346286, "signed_sum": 41.99176077155948, "conservation_residual": 0.03240404478680858, "factual_target_logp": -0.060720741927241306, "reference_target_logp": -42.08488555827353}, {"trajectory_index": 8, "traj_uid": "114a42c2-9804-4068-9a36-11c188e966fc", "reward": 1.0, "target_tokens": 24, "actual_context_tokens": 541, "compute_tokens": 599, "target_self_tokens": 24, "prior_source_tokens": 89, "root_effect": 37.16672590569476, "signed_sum": 37.2866523090734, "conservation_residual": -0.11992640337864202, "factual_target_logp": -0.027400199721455465, "reference_target_logp": -37.19412610541622}, {"trajectory_index": 9, "traj_uid": "8b98715a-e500-4909-83b3-a62630cd7c8f", "reward": 1.0, "target_tokens": 24, "actual_context_tokens": 554, "compute_tokens": 599, "target_self_tokens": 24, "prior_source_tokens": 102, "root_effect": 37.24319511961528, "signed_sum": 37.32619426081262, "conservation_residual": -0.08299914119734098, "factual_target_logp": -0.0026953395105238087, "reference_target_logp": -37.2458904591258}, {"trajectory_index": 10, "traj_uid": "9e8e7b40-b0a7-4ba5-b535-72b6bdcfe33f", "reward": 1.0, "target_tokens": 28, "actual_context_tokens": 567, "compute_tokens": 599, "target_self_tokens": 28, "prior_source_tokens": 142, "root_effect": 47.135447578364165, "signed_sum": 47.189138943248935, "conservation_residual": -0.05369136488477011, "factual_target_logp": -0.02144997796995085, "reference_target_logp": -47.156897556334116}, {"trajectory_index": 11, "traj_uid": "cadadf4d-f61f-4e7a-b3ed-1bb80e4098d5", "reward": 1.0, "target_tokens": 29, "actual_context_tokens": 599, "compute_tokens": 599, "target_self_tokens": 29, "prior_source_tokens": 148, "root_effect": 52.08312057750686, "signed_sum": 52.07913777449183, "conservation_residual": 0.003982803015034619, "factual_target_logp": -3.5722932262958693, "reference_target_logp": -55.65541380380273}, {"trajectory_index": 12, "traj_uid": "82b06f8c-1edc-4306-80d6-684c31fd4d40", "reward": 1.0, "target_tokens": 41, "actual_context_tokens": 608, "compute_tokens": 645, "target_self_tokens": 41, "prior_source_tokens": 143, "root_effect": 55.08632443511942, "signed_sum": 55.02235330421135, "conservation_residual": 0.06397113090807238, "factual_target_logp": -0.25648978503431863, "reference_target_logp": -55.34281422015374}, {"trajectory_index": 13, "traj_uid": "ec35b7f1-21dc-4ef5-899a-8369fc276d0a", "reward": 1.0, "target_tokens": 31, "actual_context_tokens": 627, "compute_tokens": 645, "target_self_tokens": 31, "prior_source_tokens": 192, "root_effect": 53.662046332450075, "signed_sum": 53.650226442456116, "conservation_residual": 0.011819889993958554, "factual_target_logp": -0.051779145388252346, "reference_target_logp": -53.71382547783833}, {"trajectory_index": 14, "traj_uid": "6bdc8fed-6c67-47e4-87ad-ae39bbcd2951", "reward": 1.0, "target_tokens": 27, "actual_context_tokens": 634, "compute_tokens": 645, "target_self_tokens": 27, "prior_source_tokens": 220, "root_effect": 48.351898025248374, "signed_sum": 48.47897172843408, "conservation_residual": -0.1270737031857081, "factual_target_logp": -0.1706650888954755, "reference_target_logp": -48.52256311414385}, {"trajectory_index": 15, "traj_uid": "1966cf71-73f2-469a-9797-2fc2636357f4", "reward": 1.0, "target_tokens": 37, "actual_context_tokens": 645, "compute_tokens": 645, "target_self_tokens": 37, "prior_source_tokens": 205, "root_effect": 56.28193151155074, "signed_sum": 56.32070994696343, "conservation_residual": -0.03877843541269499, "factual_target_logp": -0.23176027253566645, "reference_target_logp": -56.513691784086404}, {"trajectory_index": 16, "traj_uid": "bf5f0d10-a3c6-4dad-9e51-2b9dfbd88e40", "reward": 1.0, "target_tokens": 34, "actual_context_tokens": 665, "compute_tokens": 726, "target_self_tokens": 34, "prior_source_tokens": 214, "root_effect": 56.24698736269556, "signed_sum": 56.24239195710102, "conservation_residual": 0.004595405594542967, "factual_target_logp": -0.6674793578681602, "reference_target_logp": -56.91446672056372}, {"trajectory_index": 17, "traj_uid": "12aded1c-5fb0-45ff-8c79-e29206ecdd9d", "reward": 1.0, "target_tokens": 29, "actual_context_tokens": 676, "compute_tokens": 726, "target_self_tokens": 29, "prior_source_tokens": 248, "root_effect": 62.08904173580913, "signed_sum": 62.11826877273329, "conservation_residual": -0.02922703692415496, "factual_target_logp": -0.10787453867715158, "reference_target_logp": -62.196916274486284}, {"trajectory_index": 18, "traj_uid": "32294639-f662-4324-9da3-39397b128f9a", "reward": 1.0, "target_tokens": 29, "actual_context_tokens": 713, "compute_tokens": 726, "target_self_tokens": 29, "prior_source_tokens": 285, "root_effect": 68.87310877803833, "signed_sum": 68.84856360371829, "conservation_residual": 0.02454517432003911, "factual_target_logp": -0.06530211969362654, "reference_target_logp": -68.93841089773196}, {"trajectory_index": 19, "traj_uid": "dc08b7b1-392a-4348-ae27-14d5c006ad6b", "reward": 1.0, "target_tokens": 28, "actual_context_tokens": 726, "compute_tokens": 726, "target_self_tokens": 28, "prior_source_tokens": 301, "root_effect": 63.96082748650315, "signed_sum": 64.24518426557162, "conservation_residual": -0.28435677906847445, "factual_target_logp": -0.007210725219010783, "reference_target_logp": -63.96803821172216}, {"trajectory_index": 20, "traj_uid": "c7391375-7411-4211-850f-25ea6e455ca2", "reward": 1.0, "target_tokens": 42, "actual_context_tokens": 746, "compute_tokens": 818, "target_self_tokens": 42, "prior_source_tokens": 195, "root_effect": 45.703702079036134, "signed_sum": 45.72493456681828, "conservation_residual": -0.02123248778214304, "factual_target_logp": -0.504337917149769, "reference_target_logp": -46.2080399961859}, {"trajectory_index": 21, "traj_uid": "11eb6f91-56f4-4aa3-9ade-0b156c3a8374", "reward": 1.0, "target_tokens": 42, "actual_context_tokens": 772, "compute_tokens": 818, "target_self_tokens": 42, "prior_source_tokens": 221, "root_effect": 51.58084737709805, "signed_sum": 51.631665592715784, "conservation_residual": -0.050818215617731255, "factual_target_logp": -0.06491106451335327, "reference_target_logp": -51.645758441611406}, {"trajectory_index": 22, "traj_uid": "d68fde7d-fcaa-4055-b13a-5006a52ca087", "reward": 1.0, "target_tokens": 26, "actual_context_tokens": 790, "compute_tokens": 818, "target_self_tokens": 26, "prior_source_tokens": 66, "root_effect": 53.007765348233534, "signed_sum": 52.789901057491136, "conservation_residual": 0.21786429074239777, "factual_target_logp": -1.8170735490271, "reference_target_logp": -54.82483889726063}, {"trajectory_index": 23, "traj_uid": "d9250a7c-522c-4e1e-b7a7-96c29d36d483", "reward": 1.0, "target_tokens": 54, "actual_context_tokens": 818, "compute_tokens": 818, "target_self_tokens": 54, "prior_source_tokens": 245, "root_effect": 67.52322651338204, "signed_sum": 67.60049983530101, "conservation_residual": -0.07727332191896608, "factual_target_logp": -0.011750407327554058, "reference_target_logp": -67.5349769207096}, {"trajectory_index": 24, "traj_uid": "32dedb88-0fca-4ab0-a520-aae292dbaf38", "reward": 1.0, "target_tokens": 36, "actual_context_tokens": 823, "compute_tokens": 893, "target_self_tokens": 36, "prior_source_tokens": 224, "root_effect": 72.90129859364265, "signed_sum": 73.0729355304022, "conservation_residual": -0.17163693675955471, "factual_target_logp": -0.11219189275266217, "reference_target_logp": -73.01349048639531}, {"trajectory_index": 25, "traj_uid": "fa5b9913-adb4-4a13-a6fe-b01151161471", "reward": 1.0, "target_tokens": 42, "actual_context_tokens": 826, "compute_tokens": 893, "target_self_tokens": 42, "prior_source_tokens": 275, "root_effect": 51.60636671823286, "signed_sum": 51.760100794373415, "conservation_residual": -0.15373407614055168, "factual_target_logp": -0.009826072368610994, "reference_target_logp": -51.616192790601474}, {"trajectory_index": 26, "traj_uid": "3049e0a0-2c27-4274-892c-1e4e74b01ddf", "reward": 1.0, "target_tokens": 55, "actual_context_tokens": 880, "compute_tokens": 893, "target_self_tokens": 55, "prior_source_tokens": 195, "root_effect": 69.8618441739003, "signed_sum": 69.9916198746288, "conservation_residual": -0.12977570072850142, "factual_target_logp": -0.17832465518733898, "reference_target_logp": -70.04016882908763}, {"trajectory_index": 27, "traj_uid": "51732f71-656b-4528-87cb-e48373285b08", "reward": 1.0, "target_tokens": 51, "actual_context_tokens": 893, "compute_tokens": 893, "target_self_tokens": 51, "prior_source_tokens": 232, "root_effect": 70.53645496414265, "signed_sum": 70.63732121921916, "conservation_residual": -0.10086625507651092, "factual_target_logp": -0.10331540610695811, "reference_target_logp": -70.63977037024961}, {"trajectory_index": 28, "traj_uid": "5d257ea6-32ec-44fb-b4e4-96dd075acccf", "reward": 1.0, "target_tokens": 66, "actual_context_tokens": 904, "compute_tokens": 976, "target_self_tokens": 66, "prior_source_tokens": 297, "root_effect": 69.47364273453618, "signed_sum": 69.44717948541667, "conservation_residual": 0.026463249119515808, "factual_target_logp": -1.8897199417543504, "reference_target_logp": -71.36336267629054}, {"trajectory_index": 29, "traj_uid": "73981aa4-ed8d-4586-9910-a7c7bb0bcc04", "reward": 1.0, "target_tokens": 58, "actual_context_tokens": 908, "compute_tokens": 976, "target_self_tokens": 58, "prior_source_tokens": 241, "root_effect": 95.04193775583917, "signed_sum": 95.26041244008997, "conservation_residual": -0.21847468425079342, "factual_target_logp": -0.0089202679846494, "reference_target_logp": -95.05085802382382}, {"trajectory_index": 30, "traj_uid": "a9dffbb8-6e63-40fd-b618-bc246f1c9a0d", "reward": 1.0, "target_tokens": 51, "actual_context_tokens": 943, "compute_tokens": 976, "target_self_tokens": 51, "prior_source_tokens": 282, "root_effect": 67.16126795324544, "signed_sum": 67.47813108550437, "conservation_residual": -0.3168631322589306, "factual_target_logp": -0.25537599784820486, "reference_target_logp": -67.41664395109365}, {"trajectory_index": 31, "traj_uid": "3d0a59e3-c0fd-485c-9778-9534d3d308fb", "reward": 1.0, "target_tokens": 62, "actual_context_tokens": 976, "compute_tokens": 976, "target_self_tokens": 62, "prior_source_tokens": 366, "root_effect": 71.76796014242441, "signed_sum": 71.98452594556527, "conservation_residual": -0.2165658031408526, "factual_target_logp": -0.6058965632272191, "reference_target_logp": -72.37385670565163}, {"trajectory_index": 32, "traj_uid": "288f4e89-85d6-499b-b16f-c7563dffb960", "reward": 1.0, "target_tokens": 53, "actual_context_tokens": 979, "compute_tokens": 1022, "target_self_tokens": 53, "prior_source_tokens": 377, "root_effect": 81.48481229321158, "signed_sum": 81.64499679954308, "conservation_residual": -0.16018450633150394, "factual_target_logp": -2.647551149745709, "reference_target_logp": -84.13236344295728}, {"trajectory_index": 33, "traj_uid": "92c0dd23-d4df-48ef-89cf-167c2c8ae9c1", "reward": 1.0, "target_tokens": 55, "actual_context_tokens": 983, "compute_tokens": 1022, "target_self_tokens": 55, "prior_source_tokens": 301, "root_effect": 78.77406360430632, "signed_sum": 78.91654420159557, "conservation_residual": -0.14248059728925, "factual_target_logp": -0.025222475581358594, "reference_target_logp": -78.79928607988768}, {"trajectory_index": 34, "traj_uid": "7ccf9d29-9fa1-435e-8eea-5d09b1f97ea2", "reward": 1.0, "target_tokens": 62, "actual_context_tokens": 999, "compute_tokens": 1022, "target_self_tokens": 62, "prior_source_tokens": 311, "root_effect": 89.13658024883915, "signed_sum": 89.18266787175033, "conservation_residual": -0.0460876229111733, "factual_target_logp": -0.0498692769440936, "reference_target_logp": -89.18644952578325}, {"trajectory_index": 35, "traj_uid": "df3cebf6-08fd-43f9-95a6-599d7f8d826b", "reward": 1.0, "target_tokens": 28, "actual_context_tokens": 1022, "compute_tokens": 1022, "target_self_tokens": 28, "prior_source_tokens": 296, "root_effect": 65.36540823776261, "signed_sum": 65.47694647493569, "conservation_residual": -0.11153823717307887, "factual_target_logp": -0.003371872959974098, "reference_target_logp": -65.36878011072258}, {"trajectory_index": 36, "traj_uid": "84ef4af8-eef6-404e-a3c0-e0550090f0d7", "reward": 1.0, "target_tokens": 69, "actual_context_tokens": 1037, "compute_tokens": 1067, "target_self_tokens": 69, "prior_source_tokens": 295, "root_effect": 87.50353282160677, "signed_sum": 87.58996650974052, "conservation_residual": -0.08643368813375218, "factual_target_logp": -0.03716989390932213, "reference_target_logp": -87.54070271551609}, {"trajectory_index": 37, "traj_uid": "cfc1d496-f6c6-486e-ba40-9182226fdcfe", "reward": 1.0, "target_tokens": 67, "actual_context_tokens": 1056, "compute_tokens": 1067, "target_self_tokens": 67, "prior_source_tokens": 332, "root_effect": 79.57088870137176, "signed_sum": 79.74913534364177, "conservation_residual": -0.17824664227001108, "factual_target_logp": -0.005941305398494023, "reference_target_logp": -79.57683000677025}, {"trajectory_index": 38, "traj_uid": "76c58803-0673-40da-9cdf-4330611bf438", "reward": 1.0, "target_tokens": 58, "actual_context_tokens": 1059, "compute_tokens": 1067, "target_self_tokens": 58, "prior_source_tokens": 465, "root_effect": 106.21236291242764, "signed_sum": 106.26387582025934, "conservation_residual": -0.051512907831707366, "factual_target_logp": -0.017075283945303, "reference_target_logp": -106.22943819637294}, {"trajectory_index": 39, "traj_uid": "7a8b0594-8dcb-48d7-b0ce-df8fd76b91d9", "reward": 1.0, "target_tokens": 58, "actual_context_tokens": 1067, "compute_tokens": 1067, "target_self_tokens": 58, "prior_source_tokens": 473, "root_effect": 107.1378395013246, "signed_sum": 107.0890063257619, "conservation_residual": 0.04883317556270583, "factual_target_logp": -0.025056175951931436, "reference_target_logp": -107.16289567727654}, {"trajectory_index": 40, "traj_uid": "37ae2e4c-30bc-4a2c-a53a-249d069b01bc", "reward": 1.0, "target_tokens": 71, "actual_context_tokens": 1077, "compute_tokens": 1114, "target_self_tokens": 71, "prior_source_tokens": 339, "root_effect": 102.78384295489923, "signed_sum": 102.9316412003885, "conservation_residual": -0.14779824548926968, "factual_target_logp": -0.45943430153602094, "reference_target_logp": -103.24327725643525}, {"trajectory_index": 41, "traj_uid": "643d4cc7-4132-4f89-b66e-dd1f34789c78", "reward": 1.0, "target_tokens": 81, "actual_context_tokens": 1084, "compute_tokens": 1114, "target_self_tokens": 81, "prior_source_tokens": 365, "root_effect": 109.46928589983895, "signed_sum": 109.73232069638226, "conservation_residual": -0.26303479654330886, "factual_target_logp": -0.5933687568337973, "reference_target_logp": -110.06265465667275}, {"trajectory_index": 42, "traj_uid": "fda8f1f6-ab2d-4889-a823-e327560632a4", "reward": 1.0, "target_tokens": 27, "actual_context_tokens": 1085, "compute_tokens": 1114, "target_self_tokens": 27, "prior_source_tokens": 510, "root_effect": 69.47311388492034, "signed_sum": 69.47729899299769, "conservation_residual": -0.004185108077351174, "factual_target_logp": -0.02740474309740648, "reference_target_logp": -69.50051862801774}, {"trajectory_index": 43, "traj_uid": "e573d2b9-d6eb-4ee8-b806-68881480ced6", "reward": 1.0, "target_tokens": 61, "actual_context_tokens": 1114, "compute_tokens": 1114, "target_self_tokens": 61, "prior_source_tokens": 394, "root_effect": 105.79462124552686, "signed_sum": 105.86881429988188, "conservation_residual": -0.0741930543550211, "factual_target_logp": -0.03492609350485054, "reference_target_logp": -105.8295473390317}, {"trajectory_index": 44, "traj_uid": "610223fb-602a-483e-a891-b5a587b130d8", "reward": 1.0, "target_tokens": 28, "actual_context_tokens": 1125, "compute_tokens": 1247, "target_self_tokens": 28, "prior_source_tokens": 399, "root_effect": 65.74106755229258, "signed_sum": 65.92060316608935, "conservation_residual": -0.17953561379677296, "factual_target_logp": -0.02902582939606191, "reference_target_logp": -65.77009338168864}, {"trajectory_index": 45, "traj_uid": "b0796e9b-1ba1-4240-9cf0-a7d0b1bfe586", "reward": 1.0, "target_tokens": 73, "actual_context_tokens": 1185, "compute_tokens": 1247, "target_self_tokens": 73, "prior_source_tokens": 510, "root_effect": 104.7287393996105, "signed_sum": 104.92753487024488, "conservation_residual": -0.19879547063437997, "factual_target_logp": -0.6352550727585822, "reference_target_logp": -105.36399447236909}, {"trajectory_index": 46, "traj_uid": "98f196ef-27f5-4944-84df-96c0ec84dc74", "reward": 1.0, "target_tokens": 93, "actual_context_tokens": 1237, "compute_tokens": 1247, "target_self_tokens": 93, "prior_source_tokens": 460, "root_effect": 125.01614093240698, "signed_sum": 125.2300342053933, "conservation_residual": -0.21389327298631144, "factual_target_logp": -0.7937180457605564, "reference_target_logp": -125.80985897816754}, {"trajectory_index": 47, "traj_uid": "35cab5e0-432a-4d59-9331-d0b6e2af126b", "reward": 1.0, "target_tokens": 96, "actual_context_tokens": 1247, "compute_tokens": 1247, "target_self_tokens": 96, "prior_source_tokens": 391, "root_effect": 121.85443789403894, "signed_sum": 122.20915591296821, "conservation_residual": -0.354718018929276, "factual_target_logp": -1.3295895017015482, "reference_target_logp": -123.18402739574049}, {"trajectory_index": 48, "traj_uid": "6592ae81-1e74-4bb9-8108-943787da49c3", "reward": 1.0, "target_tokens": 66, "actual_context_tokens": 1264, "compute_tokens": 1295, "target_self_tokens": 66, "prior_source_tokens": 575, "root_effect": 125.74464295097386, "signed_sum": 125.93319643005168, "conservation_residual": -0.18855347907782516, "factual_target_logp": -0.06147045080325597, "reference_target_logp": -125.80611340177711}, {"trajectory_index": 49, "traj_uid": "13eabbc4-c5d3-4874-8619-c3061ff93cd1", "reward": 1.0, "target_tokens": 71, "actual_context_tokens": 1277, "compute_tokens": 1295, "target_self_tokens": 71, "prior_source_tokens": 468, "root_effect": 120.3308461159188, "signed_sum": 120.65478273389327, "conservation_residual": -0.3239366179744678, "factual_target_logp": -0.5285186719399917, "reference_target_logp": -120.8593647878588}, {"trajectory_index": 50, "traj_uid": "d3007de9-e9b6-45bb-a9c1-a2ad62664d65", "reward": 1.0, "target_tokens": 50, "actual_context_tokens": 1278, "compute_tokens": 1295, "target_self_tokens": 50, "prior_source_tokens": 504, "root_effect": 96.97991856999238, "signed_sum": 97.51388009463673, "conservation_residual": -0.5339615246443543, "factual_target_logp": -0.08499326526703044, "reference_target_logp": -97.06491183525941}, {"trajectory_index": 51, "traj_uid": "051fed19-78d2-4b57-91ae-51e77269f6a0", "reward": 1.0, "target_tokens": 78, "actual_context_tokens": 1295, "compute_tokens": 1295, "target_self_tokens": 78, "prior_source_tokens": 563, "root_effect": 135.1084887054269, "signed_sum": 135.32946649369734, "conservation_residual": -0.22097778827043157, "factual_target_logp": -0.043132938128792375, "reference_target_logp": -135.1516216435557}, {"trajectory_index": 52, "traj_uid": "2b7fb6e4-ff80-4ba2-b196-0c9fecfffa16", "reward": 1.0, "target_tokens": 60, "actual_context_tokens": 1298, "compute_tokens": 1320, "target_self_tokens": 60, "prior_source_tokens": 676, "root_effect": 111.14452718037774, "signed_sum": 111.46690497205617, "conservation_residual": -0.3223777916784343, "factual_target_logp": -1.52000888137718, "reference_target_logp": -112.66453606175492}, {"trajectory_index": 53, "traj_uid": "31426818-dc72-4c37-911f-857317aa7abf", "reward": 1.0, "target_tokens": 118, "actual_context_tokens": 1301, "compute_tokens": 1320, "target_self_tokens": 118, "prior_source_tokens": 569, "root_effect": 128.55270624161238, "signed_sum": 128.5881735478091, "conservation_residual": -0.03546730619672189, "factual_target_logp": -1.921331230267981, "reference_target_logp": -130.47403747188037}, {"trajectory_index": 54, "traj_uid": "fb1e0104-c68c-4e2a-b919-31e494aa0789", "reward": 1.0, "target_tokens": 81, "actual_context_tokens": 1316, "compute_tokens": 1320, "target_self_tokens": 81, "prior_source_tokens": 575, "root_effect": 109.9397641738413, "signed_sum": 110.09856372628794, "conservation_residual": -0.1587995524466379, "factual_target_logp": -0.5741591262396355, "reference_target_logp": -110.51392330008093}, {"trajectory_index": 55, "traj_uid": "25756383-f2c7-41eb-9229-ebff956f9c01", "reward": 1.0, "target_tokens": 68, "actual_context_tokens": 1320, "compute_tokens": 1320, "target_self_tokens": 68, "prior_source_tokens": 676, "root_effect": 124.81540389074098, "signed_sum": 124.9289449428454, "conservation_residual": -0.11354105210442356, "factual_target_logp": -2.6166909567514267, "reference_target_logp": -127.43209484749241}, {"trajectory_index": 56, "traj_uid": "bad5295a-52f2-4631-9c98-d66009e0f52d", "reward": 1.0, "target_tokens": 115, "actual_context_tokens": 1339, "compute_tokens": 1384, "target_self_tokens": 115, "prior_source_tokens": 523, "root_effect": 146.8387392864006, "signed_sum": 147.05536152358184, "conservation_residual": -0.21662223718124096, "factual_target_logp": -0.0657478641378475, "reference_target_logp": -146.90448715053844}, {"trajectory_index": 57, "traj_uid": "24db65d6-7af8-4525-9529-38506ada4d4f", "reward": 1.0, "target_tokens": 64, "actual_context_tokens": 1368, "compute_tokens": 1384, "target_self_tokens": 64, "prior_source_tokens": 590, "root_effect": 96.38745351448341, "signed_sum": 96.52119992204237, "conservation_residual": -0.1337464075589594, "factual_target_logp": -1.421514898257385, "reference_target_logp": -97.8089684127408}, {"trajectory_index": 58, "traj_uid": "106b8487-6950-44ec-92f9-ae45f64234bc", "reward": 1.0, "target_tokens": 115, "actual_context_tokens": 1373, "compute_tokens": 1384, "target_self_tokens": 115, "prior_source_tokens": 557, "root_effect": 144.09581691037204, "signed_sum": 144.25455855507965, "conservation_residual": -0.15874164470761798, "factual_target_logp": -0.24884165287437554, "reference_target_logp": -144.3446585632464}, {"trajectory_index": 59, "traj_uid": "3871001e-7ccf-455b-bc5d-657aac0fcaf8", "reward": 1.0, "target_tokens": 98, "actual_context_tokens": 1384, "compute_tokens": 1384, "target_self_tokens": 98, "prior_source_tokens": 597, "root_effect": 136.72129601332153, "signed_sum": 136.76591200057524, "conservation_residual": -0.044615987253706635, "factual_target_logp": -1.24530074697077, "reference_target_logp": -137.9665967602923}, {"trajectory_index": 60, "traj_uid": "521ba5b3-2180-4e1d-a708-25f485287dce", "reward": 1.0, "target_tokens": 79, "actual_context_tokens": 1413, "compute_tokens": 1453, "target_self_tokens": 79, "prior_source_tokens": 735, "root_effect": 98.61205724785111, "signed_sum": 98.75888043912502, "conservation_residual": -0.14682319127390997, "factual_target_logp": -4.509817980743833, "reference_target_logp": -103.12187522859494}, {"trajectory_index": 61, "traj_uid": "adfa6c69-1429-478e-8f87-1ba779082594", "reward": 1.0, "target_tokens": 50, "actual_context_tokens": 1420, "compute_tokens": 1453, "target_self_tokens": 50, "prior_source_tokens": 743, "root_effect": 88.6331470758305, "signed_sum": 88.94176724647517, "conservation_residual": -0.30862017064467295, "factual_target_logp": -0.23057119810255244, "reference_target_logp": -88.86371827393305}, {"trajectory_index": 62, "traj_uid": "19151287-8335-4270-aa08-d000026d93a2", "reward": 1.0, "target_tokens": 72, "actual_context_tokens": 1443, "compute_tokens": 1453, "target_self_tokens": 72, "prior_source_tokens": 764, "root_effect": 115.55346581735876, "signed_sum": 115.7366075331173, "conservation_residual": -0.18314171575853777, "factual_target_logp": -0.7439335953463342, "reference_target_logp": -116.29739941270509}, {"trajectory_index": 63, "traj_uid": "c68d6ecb-5ec3-4f38-9f77-46a498a524f0", "reward": 1.0, "target_tokens": 77, "actual_context_tokens": 1453, "compute_tokens": 1453, "target_self_tokens": 77, "prior_source_tokens": 791, "root_effect": 116.19145611552278, "signed_sum": 116.28317055371787, "conservation_residual": -0.0917144381950834, "factual_target_logp": -0.35985658547645016, "reference_target_logp": -116.55131270099923}, {"trajectory_index": 64, "traj_uid": "68b2b97e-658f-485f-bf68-9d3d548aa483", "reward": 1.0, "target_tokens": 46, "actual_context_tokens": 1473, "compute_tokens": 1537, "target_self_tokens": 46, "prior_source_tokens": 843, "root_effect": 67.80918296973141, "signed_sum": 67.94167331109912, "conservation_residual": -0.13249034136771343, "factual_target_logp": -0.028195573400807916, "reference_target_logp": -67.83737854313222}, {"trajectory_index": 65, "traj_uid": "5423f474-75f3-4942-85af-bc993f03de09", "reward": 1.0, "target_tokens": 134, "actual_context_tokens": 1487, "compute_tokens": 1537, "target_self_tokens": 134, "prior_source_tokens": 711, "root_effect": 183.52919990332157, "signed_sum": 183.70578510175545, "conservation_residual": -0.17658519843388376, "factual_target_logp": -0.7268812758538843, "reference_target_logp": -184.25608117917545}, {"trajectory_index": 66, "traj_uid": "46535ee5-d7be-44ba-be05-e3a53164e964", "reward": 1.0, "target_tokens": 74, "actual_context_tokens": 1513, "compute_tokens": 1537, "target_self_tokens": 74, "prior_source_tokens": 777, "root_effect": 115.56121885599845, "signed_sum": 115.87349301520612, "conservation_residual": -0.312274159207675, "factual_target_logp": -0.024043741394564222, "reference_target_logp": -115.58526259739301}, {"trajectory_index": 67, "traj_uid": "24310424-4520-4b30-8a24-2264e9878aba", "reward": 1.0, "target_tokens": 152, "actual_context_tokens": 1537, "compute_tokens": 1537, "target_self_tokens": 152, "prior_source_tokens": 728, "root_effect": 195.2195525092946, "signed_sum": 195.56456761657353, "conservation_residual": -0.34501510727892537, "factual_target_logp": -0.8025820918657587, "reference_target_logp": -196.02213460116036}, {"trajectory_index": 68, "traj_uid": "14fb1831-d71a-48b1-9cf0-dba79d6c1f0a", "reward": 1.0, "target_tokens": 75, "actual_context_tokens": 1580, "compute_tokens": 1643, "target_self_tokens": 75, "prior_source_tokens": 821, "root_effect": 134.7610892613136, "signed_sum": 134.96862957348426, "conservation_residual": -0.20754031217066427, "factual_target_logp": -0.09931808859460034, "reference_target_logp": -134.8604073499082}, {"trajectory_index": 69, "traj_uid": "26672496-2040-4142-a8d3-38263e940ae3", "reward": 1.0, "target_tokens": 24, "actual_context_tokens": 1623, "compute_tokens": 1643, "target_self_tokens": 24, "prior_source_tokens": 1132, "root_effect": 47.53398740693433, "signed_sum": 47.581790186921715, "conservation_residual": -0.04780277998738569, "factual_target_logp": -0.022692548400073065, "reference_target_logp": -47.5566799553344}, {"trajectory_index": 70, "traj_uid": "ac96dce0-ab1d-4e8e-bc0d-55c98dd90cad", "reward": 1.0, "target_tokens": 184, "actual_context_tokens": 1640, "compute_tokens": 1643, "target_self_tokens": 184, "prior_source_tokens": 737, "root_effect": 208.15208200808797, "signed_sum": 208.23087465585908, "conservation_residual": -0.07879264777110961, "factual_target_logp": -6.019711751998102, "reference_target_logp": -214.17179376008608}, {"trajectory_index": 71, "traj_uid": "e3747f78-f9a4-4024-8573-e8a585363746", "reward": 1.0, "target_tokens": 53, "actual_context_tokens": 1643, "compute_tokens": 1643, "target_self_tokens": 53, "prior_source_tokens": 1028, "root_effect": 103.4442927612381, "signed_sum": 103.62419573465449, "conservation_residual": -0.1799029734163895, "factual_target_logp": -1.171072782281044, "reference_target_logp": -104.61536554351915}, {"trajectory_index": 72, "traj_uid": "df9d438b-d28f-492b-bd24-5ca996a155b5", "reward": 1.0, "target_tokens": 69, "actual_context_tokens": 1658, "compute_tokens": 1792, "target_self_tokens": 69, "prior_source_tokens": 916, "root_effect": 130.66254811536487, "signed_sum": 130.95279781447488, "conservation_residual": -0.29024969911000653, "factual_target_logp": -1.309972455517027, "reference_target_logp": -131.9725205708819}, {"trajectory_index": 73, "traj_uid": "9ada30f8-5edd-4c00-a293-9111f1479d5e", "reward": 1.0, "target_tokens": 130, "actual_context_tokens": 1746, "compute_tokens": 1792, "target_self_tokens": 130, "prior_source_tokens": 793, "root_effect": 170.6141435270696, "signed_sum": 170.90989390045556, "conservation_residual": -0.295750373385971, "factual_target_logp": -8.537023369942858, "reference_target_logp": -179.15116689701244}, {"trajectory_index": 74, "traj_uid": "36eeb471-322d-46ab-b398-3856449e64cf", "reward": 1.0, "target_tokens": 67, "actual_context_tokens": 1772, "compute_tokens": 1792, "target_self_tokens": 67, "prior_source_tokens": 1009, "root_effect": 147.20643543390997, "signed_sum": 147.41900766856756, "conservation_residual": -0.21257223465758557, "factual_target_logp": -0.4810137190934256, "reference_target_logp": -147.6874491530034}, {"trajectory_index": 75, "traj_uid": "bb88f3cf-f437-4780-9772-b2663a0f6e91", "reward": 1.0, "target_tokens": 61, "actual_context_tokens": 1792, "compute_tokens": 1792, "target_self_tokens": 61, "prior_source_tokens": 1142, "root_effect": 130.4327915309085, "signed_sum": 130.74164026013017, "conservation_residual": -0.3088487292216655, "factual_target_logp": -0.03872695629536338, "reference_target_logp": -130.47151848720387}, {"trajectory_index": 76, "traj_uid": "1d277cc7-b42a-4217-90a6-ed6add945d8e", "reward": 1.0, "target_tokens": 85, "actual_context_tokens": 1830, "compute_tokens": 1905, "target_self_tokens": 85, "prior_source_tokens": 1077, "root_effect": 150.8675709963643, "signed_sum": 151.06889190729626, "conservation_residual": -0.2013209109319689, "factual_target_logp": -0.9522735998946246, "reference_target_logp": -151.81984459625892}, {"trajectory_index": 77, "traj_uid": "b6b2f662-f297-4d6c-a86c-6ad32f3fc3bf", "reward": 1.0, "target_tokens": 135, "actual_context_tokens": 1833, "compute_tokens": 1905, "target_self_tokens": 135, "prior_source_tokens": 894, "root_effect": 205.83866762340836, "signed_sum": 206.07726597448791, "conservation_residual": -0.23859835107955973, "factual_target_logp": -0.02713444964251721, "reference_target_logp": -205.86580207305087}, {"trajectory_index": 78, "traj_uid": "167f9085-dfc9-45a8-9448-e1852f44274c", "reward": 1.0, "target_tokens": 120, "actual_context_tokens": 1886, "compute_tokens": 1905, "target_self_tokens": 120, "prior_source_tokens": 1067, "root_effect": 161.3758044147304, "signed_sum": 161.73703908157304, "conservation_residual": -0.36123466684264827, "factual_target_logp": -3.2113298874154452, "reference_target_logp": -164.58713430214584}, {"trajectory_index": 79, "traj_uid": "b623161c-ae6f-4763-8713-cd0bb49a1e49", "reward": 1.0, "target_tokens": 112, "actual_context_tokens": 1905, "compute_tokens": 1905, "target_self_tokens": 112, "prior_source_tokens": 1081, "root_effect": 165.65901254510345, "signed_sum": 165.54420019356075, "conservation_residual": 0.11481235154269598, "factual_target_logp": -7.36192302385507, "reference_target_logp": -173.02093556895852}, {"trajectory_index": 80, "traj_uid": "a29ea0b1-f2bd-4f8c-a42e-bb491f98036b", "reward": 1.0, "target_tokens": 119, "actual_context_tokens": 2016, "compute_tokens": 2139, "target_self_tokens": 119, "prior_source_tokens": 1230, "root_effect": 170.0434052974232, "signed_sum": 170.0352356343901, "conservation_residual": 0.00816966303310096, "factual_target_logp": -0.8200796644597403, "reference_target_logp": -170.86348496188293}, {"trajectory_index": 81, "traj_uid": "6a6f9313-0a94-4fcc-bd5a-f8bcdc42ea87", "reward": 1.0, "target_tokens": 134, "actual_context_tokens": 2075, "compute_tokens": 2139, "target_self_tokens": 134, "prior_source_tokens": 1285, "root_effect": 171.5506263504659, "signed_sum": 171.55665541994796, "conservation_residual": -0.006029069482053728, "factual_target_logp": -5.5671074182690745, "reference_target_logp": -177.11773376873498}, {"trajectory_index": 82, "traj_uid": "fd7e3692-3478-4971-8e95-4f3de84bd145", "reward": 1.0, "target_tokens": 177, "actual_context_tokens": 2096, "compute_tokens": 2139, "target_self_tokens": 177, "prior_source_tokens": 1002, "root_effect": 271.8457220636331, "signed_sum": 272.1620104025714, "conservation_residual": -0.3162883389383069, "factual_target_logp": -0.18475825576814486, "reference_target_logp": -272.03048031940125}, {"trajectory_index": 83, "traj_uid": "d03ba5f1-cb77-4ef5-8148-daa3b1244d04", "reward": 1.0, "target_tokens": 206, "actual_context_tokens": 2139, "compute_tokens": 2139, "target_self_tokens": 206, "prior_source_tokens": 1169, "root_effect": 231.04450391054303, "signed_sum": 231.15175009844637, "conservation_residual": -0.10724618790334262, "factual_target_logp": -0.06116363477288189, "reference_target_logp": -231.1056675453159}, {"trajectory_index": 84, "traj_uid": "8e1862ca-2db9-4fff-83f5-4d79ac0b7756", "reward": 1.0, "target_tokens": 75, "actual_context_tokens": 2170, "compute_tokens": 2256, "target_self_tokens": 75, "prior_source_tokens": 1396, "root_effect": 164.23029916485217, "signed_sum": 164.7302312628556, "conservation_residual": -0.499932098003427, "factual_target_logp": -0.5692329066604884, "reference_target_logp": -164.79953207151266}, {"trajectory_index": 85, "traj_uid": "35f8bcee-aa60-40b7-9c6f-355ddf138ab2", "reward": 1.0, "target_tokens": 193, "actual_context_tokens": 2226, "compute_tokens": 2256, "target_self_tokens": 193, "prior_source_tokens": 1292, "root_effect": 229.00316357801307, "signed_sum": 229.40864031235606, "conservation_residual": -0.40547673434298304, "factual_target_logp": -1.3175599586466973, "reference_target_logp": -230.32072353665978}, {"trajectory_index": 86, "traj_uid": "a3d29e5d-8a1e-4c05-8fd5-621f7ac067cc", "reward": 1.0, "target_tokens": 101, "actual_context_tokens": 2242, "compute_tokens": 2256, "target_self_tokens": 101, "prior_source_tokens": 1336, "root_effect": 183.40398868993435, "signed_sum": 183.7242426199306, "conservation_residual": -0.32025392999625524, "factual_target_logp": -6.357840084371844, "reference_target_logp": -189.7618287743062}, {"trajectory_index": 87, "traj_uid": "16518cd1-0715-4c30-be61-8e701700aeaa", "reward": 1.0, "target_tokens": 98, "actual_context_tokens": 2256, "compute_tokens": 2256, "target_self_tokens": 98, "prior_source_tokens": 1370, "root_effect": 155.09455238029796, "signed_sum": 155.10752756704892, "conservation_residual": -0.012975186750963985, "factual_target_logp": -1.220145048890572, "reference_target_logp": -156.31469742918853}, {"trajectory_index": 88, "traj_uid": "3ae13fe5-2f9f-4471-9c9c-e31c874c3c97", "reward": 1.0, "target_tokens": 127, "actual_context_tokens": 2304, "compute_tokens": 2409, "target_self_tokens": 127, "prior_source_tokens": 1295, "root_effect": 230.2083370181332, "signed_sum": 230.3090987816632, "conservation_residual": -0.10076176353001642, "factual_target_logp": -3.752361775348959, "reference_target_logp": -233.96069879348215}, {"trajectory_index": 89, "traj_uid": "e3b946aa-5894-4b3d-9135-db913eab4b4d", "reward": 1.0, "target_tokens": 95, "actual_context_tokens": 2329, "compute_tokens": 2409, "target_self_tokens": 95, "prior_source_tokens": 1534, "root_effect": 157.13665955469332, "signed_sum": 157.2559659948614, "conservation_residual": -0.11930644016808856, "factual_target_logp": -49.35777019625675, "reference_target_logp": -206.49442975095008}, {"trajectory_index": 90, "traj_uid": "086a75c9-ea98-48d0-afa1-e9c41d35883d", "reward": 1.0, "target_tokens": 84, "actual_context_tokens": 2368, "compute_tokens": 2409, "target_self_tokens": 84, "prior_source_tokens": 1579, "root_effect": 140.33639477653793, "signed_sum": 140.64635301882518, "conservation_residual": -0.30995824228725155, "factual_target_logp": -0.17862950960392254, "reference_target_logp": -140.51502428614185}, {"trajectory_index": 91, "traj_uid": "1bdb75f6-cb99-473f-ab3a-3db03d82ccb8", "reward": 1.0, "target_tokens": 106, "actual_context_tokens": 2409, "compute_tokens": 2409, "target_self_tokens": 106, "prior_source_tokens": 1649, "root_effect": 180.82077081791977, "signed_sum": 180.37173884057492, "conservation_residual": 0.4490319773448448, "factual_target_logp": -101.55903433929598, "reference_target_logp": -282.37980515721574}, {"trajectory_index": 92, "traj_uid": "893213fc-92fe-4db5-9599-826cfcf21e9c", "reward": 1.0, "target_tokens": 167, "actual_context_tokens": 2584, "compute_tokens": 2715, "target_self_tokens": 167, "prior_source_tokens": 1488, "root_effect": 292.27877927896327, "signed_sum": 292.2991727652233, "conservation_residual": -0.020393486260047666, "factual_target_logp": -2.8702160327237607, "reference_target_logp": -295.14899531168703}, {"trajectory_index": 93, "traj_uid": "b3d0d87b-35be-441d-af33-8ca5aaf07a0e", "reward": 1.0, "target_tokens": 164, "actual_context_tokens": 2584, "compute_tokens": 2715, "target_self_tokens": 164, "prior_source_tokens": 1735, "root_effect": 210.03370140958623, "signed_sum": 210.08388149678936, "conservation_residual": -0.05018008720313105, "factual_target_logp": -0.20523956704892043, "reference_target_logp": -210.23894097663515}, {"trajectory_index": 94, "traj_uid": "4597d30e-2412-4ec2-b99c-3eef5bea77ca", "reward": 1.0, "target_tokens": 123, "actual_context_tokens": 2632, "compute_tokens": 2715, "target_self_tokens": 123, "prior_source_tokens": 1781, "root_effect": 188.7276550005053, "signed_sum": 189.12143887528845, "conservation_residual": -0.39378387478313925, "factual_target_logp": -0.20416056618984157, "reference_target_logp": -188.93181556669515}, {"trajectory_index": 95, "traj_uid": "3f3ad4d7-23f4-4056-a04f-3c41690b14ab", "reward": 1.0, "target_tokens": 138, "actual_context_tokens": 2715, "compute_tokens": 2715, "target_self_tokens": 138, "prior_source_tokens": 1732, "root_effect": 201.58358192575798, "signed_sum": 201.61466032604523, "conservation_residual": -0.031078400287242403, "factual_target_logp": -3.571923212524041, "reference_target_logp": -205.15550513828202}, {"trajectory_index": 96, "traj_uid": "4440fcdb-2096-4de2-87fb-04db5e0bf5dd", "reward": 1.0, "target_tokens": 182, "actual_context_tokens": 2822, "compute_tokens": 3098, "target_self_tokens": 182, "prior_source_tokens": 1750, "root_effect": 242.65204288570408, "signed_sum": 242.84162641980538, "conservation_residual": -0.18958353410130258, "factual_target_logp": -0.11629135998350648, "reference_target_logp": -242.76833424568758}, {"trajectory_index": 97, "traj_uid": "6811b968-58cf-4eac-b6ae-4201388db76f", "reward": 1.0, "target_tokens": 145, "actual_context_tokens": 2947, "compute_tokens": 3098, "target_self_tokens": 145, "prior_source_tokens": 2101, "root_effect": 213.2904051974126, "signed_sum": 213.0468384229003, "conservation_residual": 0.2435667745123169, "factual_target_logp": -0.3971270215149616, "reference_target_logp": -213.68753221892757}, {"trajectory_index": 98, "traj_uid": "8d721690-8399-4d1f-9019-cca189b345cc", "reward": 1.0, "target_tokens": 208, "actual_context_tokens": 3033, "compute_tokens": 3098, "target_self_tokens": 208, "prior_source_tokens": 1855, "root_effect": 312.66161217230314, "signed_sum": 313.6966487757304, "conservation_residual": -1.0350366034272724, "factual_target_logp": -1.3552965745794268, "reference_target_logp": -314.01690874688256}, {"trajectory_index": 99, "traj_uid": "20412d30-dcbf-4998-8315-26290db200d3", "reward": 1.0, "target_tokens": 135, "actual_context_tokens": 3098, "compute_tokens": 3098, "target_self_tokens": 135, "prior_source_tokens": 2098, "root_effect": 200.67337720114438, "signed_sum": 200.8669255847573, "conservation_residual": -0.19354838361292082, "factual_target_logp": -2.29927446010106, "reference_target_logp": -202.97265166124544}, {"trajectory_index": 100, "traj_uid": "c8806127-627e-4722-a9e7-d9725eb027d1", "reward": 1.0, "target_tokens": 205, "actual_context_tokens": 3169, "compute_tokens": 3439, "target_self_tokens": 205, "prior_source_tokens": 2149, "root_effect": 182.57641468205065, "signed_sum": 182.85305720208632, "conservation_residual": -0.27664252003566503, "factual_target_logp": -0.6198487249028517, "reference_target_logp": -183.1962634069535}, {"trajectory_index": 101, "traj_uid": "0bb749ef-478e-45b2-b4e8-c2b746b349a5", "reward": 1.0, "target_tokens": 166, "actual_context_tokens": 3237, "compute_tokens": 3439, "target_self_tokens": 166, "prior_source_tokens": 2355, "root_effect": 233.3457045896282, "signed_sum": 233.46934812572752, "conservation_residual": -0.12364353609930845, "factual_target_logp": -2.014164481763771, "reference_target_logp": -235.35986907139198}, {"trajectory_index": 102, "traj_uid": "36429dae-581e-4591-af91-34980154b245", "reward": 1.0, "target_tokens": 145, "actual_context_tokens": 3393, "compute_tokens": 3439, "target_self_tokens": 145, "prior_source_tokens": 2549, "root_effect": 267.6886122566485, "signed_sum": 267.5776585719387, "conservation_residual": 0.11095368470984113, "factual_target_logp": -0.4274220640817248, "reference_target_logp": -268.11603432073025}, {"trajectory_index": 103, "traj_uid": "7ead2a59-4138-45c7-91ce-90c7c4ee56f9", "reward": 1.0, "target_tokens": 146, "actual_context_tokens": 3439, "compute_tokens": 3439, "target_self_tokens": 146, "prior_source_tokens": 2388, "root_effect": 213.33977546753502, "signed_sum": 213.6446237666308, "conservation_residual": -0.3048482990957666, "factual_target_logp": -0.736735444347886, "reference_target_logp": -214.0765109118829}, {"trajectory_index": 104, "traj_uid": "0d04b5c8-f26f-431d-a6e0-fe7d1a1dfbfa", "reward": 1.0, "target_tokens": 126, "actual_context_tokens": 3490, "compute_tokens": 5283, "target_self_tokens": 126, "prior_source_tokens": 2710, "root_effect": 214.24849834916358, "signed_sum": 214.59712906435053, "conservation_residual": -0.34863071518694255, "factual_target_logp": -0.21623482345194134, "reference_target_logp": -214.46473317261552}, {"trajectory_index": 105, "traj_uid": "39544d44-cb50-4bb2-aa3e-038ffccf26fe", "reward": 1.0, "target_tokens": 82, "actual_context_tokens": 3502, "compute_tokens": 5283, "target_self_tokens": 82, "prior_source_tokens": 2611, "root_effect": 165.33901552257817, "signed_sum": 165.62212597697683, "conservation_residual": -0.2831104543986669, "factual_target_logp": -0.9941015892334235, "reference_target_logp": -166.3331171118116}, {"trajectory_index": 106, "traj_uid": "6a9efa5d-6c8a-4570-9e0e-98fdbb2b6fcf", "reward": 1.0, "target_tokens": 99, "actual_context_tokens": 3706, "compute_tokens": 5283, "target_self_tokens": 99, "prior_source_tokens": 2657, "root_effect": 128.576962048096, "signed_sum": 128.72490531978582, "conservation_residual": -0.1479432716898259, "factual_target_logp": -42.571205425386324, "reference_target_logp": -171.14816747348232}, {"trajectory_index": 107, "traj_uid": "5f3f5abc-df99-45d2-81bd-bfb775ea8cbc", "reward": 1.0, "target_tokens": 288, "actual_context_tokens": 5283, "compute_tokens": 5283, "target_self_tokens": 288, "prior_source_tokens": 4070, "root_effect": 381.06073222884874, "signed_sum": 381.44447931517266, "conservation_residual": -0.38374708632392185, "factual_target_logp": -5.0927129670303515, "reference_target_logp": -386.15344519587916}], "shared_native_prefix": {"capture_rounds": 27, "local_unique_histories": 107, "consumer_batches": 27, "capture_token_slots": 51456, "original_shared_prefix_token_slots": 44288, "capture_and_preparation_seconds": 39.55317048402503}, "raw_advantage_groups": {"self_target": {"tokens": 8945, "sum": 8945.0, "sumsq": 8945.0, "max": 1.0, "min": 1.0, "max_abs": 1.0}, "prior_source": {"tokens": 88887, "sum": 8025.742959616471, "sumsq": 3050.1244000214488, "max": 1.0, "min": -5.347470283508301, "max_abs": 5.347470283508301}, "other_policy": {"tokens": 108, "sum": 0.0, "sumsq": 0.0, "max": 0.0, "min": 0.0, "max_abs": 0.0}}, "seconds": 205.89947524497984}
[36m(IncidentWorker pid=328708)[0m [DT direct joint minibatch] trajectories=4 length=5283 batch=27/27 seconds=18.442673821002245
[36m(IncidentWorker pid=328708)[0m [native_host_cache] phase=compute_dt_token_advantages reserved_before=47752717869 reserved_after=10727232000 release_s=0.614688
[36m(IncidentWorker pid=330450)[0m [native_host_cache] phase=update_actor reserved_before=26406986253 reserved_after=10727232000 release_s=0.379153
