dataset,index,eligible,gold,DT_tie10_recall_low,DT_tie10_recall_high,DT_tie10_cutoff_zero,DT_tie10_tie_changes_recall,DT_recall@05,DT_precision@05,DT_ceiling_adjusted_recall@05,DT_recall@10,DT_precision@10,DT_ceiling_adjusted_recall@10,DT_recall@20,DT_precision@20,DT_ceiling_adjusted_recall@20,DT_recall@30,DT_precision@30,DT_ceiling_adjusted_recall@30,DT_recall@50,DT_precision@50,DT_ceiling_adjusted_recall@50,DT_unit_recall@05,DT_unit_precision@05,DT_unit_ceiling_adjusted_recall@05,DT_unit_selected_token_fraction@05,DT_unit_recall@10,DT_unit_precision@10,DT_unit_ceiling_adjusted_recall@10,DT_unit_selected_token_fraction@10,DT_unit_recall@20,DT_unit_precision@20,DT_unit_ceiling_adjusted_recall@20,DT_unit_selected_token_fraction@20,DT_unit_recall@30,DT_unit_precision@30,DT_unit_ceiling_adjusted_recall@30,DT_unit_selected_token_fraction@30,DT_unit_recall@50,DT_unit_precision@50,DT_unit_ceiling_adjusted_recall@50,DT_unit_selected_token_fraction@50,DT_rise,DT_mas,DT_full_reference_tie10_recall_low,DT_full_reference_tie10_recall_high,DT_full_reference_tie10_cutoff_zero,DT_full_reference_tie10_tie_changes_recall,DT_full_reference_recall@05,DT_full_reference_precision@05,DT_full_reference_ceiling_adjusted_recall@05,DT_full_reference_recall@10,DT_full_reference_precision@10,DT_full_reference_ceiling_adjusted_recall@10,DT_full_reference_recall@20,DT_full_reference_precision@20,DT_full_reference_ceiling_adjusted_recall@20,DT_full_reference_recall@30,DT_full_reference_precision@30,DT_full_reference_ceiling_adjusted_recall@30,DT_full_reference_recall@50,DT_full_reference_precision@50,DT_full_reference_ceiling_adjusted_recall@50,DT_full_reference_unit_recall@05,DT_full_reference_unit_precision@05,DT_full_reference_unit_ceiling_adjusted_recall@05,DT_full_reference_unit_selected_token_fraction@05,DT_full_reference_unit_recall@10,DT_full_reference_unit_precision@10,DT_full_reference_unit_ceiling_adjusted_recall@10,DT_full_reference_unit_selected_token_fraction@10,DT_full_reference_unit_recall@20,DT_full_reference_unit_precision@20,DT_full_reference_unit_ceiling_adjusted_recall@20,DT_full_reference_unit_selected_token_fraction@20,DT_full_reference_unit_recall@30,DT_full_reference_unit_precision@30,DT_full_reference_unit_ceiling_adjusted_recall@30,DT_full_reference_unit_selected_token_fraction@30,DT_full_reference_unit_recall@50,DT_full_reference_unit_precision@50,DT_full_reference_unit_ceiling_adjusted_recall@50,DT_full_reference_unit_selected_token_fraction@50,DT_full_reference_rise,DT_full_reference_mas,FT_K1_tie10_recall_low,FT_K1_tie10_recall_high,FT_K1_tie10_cutoff_zero,FT_K1_tie10_tie_changes_recall,FT_K1_recall@05,FT_K1_precision@05,FT_K1_ceiling_adjusted_recall@05,FT_K1_recall@10,FT_K1_precision@10,FT_K1_ceiling_adjusted_recall@10,FT_K1_recall@20,FT_K1_precision@20,FT_K1_ceiling_adjusted_recall@20,FT_K1_recall@30,FT_K1_precision@30,FT_K1_ceiling_adjusted_recall@30,FT_K1_recall@50,FT_K1_precision@50,FT_K1_ceiling_adjusted_recall@50,FT_K1_unit_recall@05,FT_K1_unit_precision@05,FT_K1_unit_ceiling_adjusted_recall@05,FT_K1_unit_selected_token_fraction@05,FT_K1_unit_recall@10,FT_K1_unit_precision@10,FT_K1_unit_ceiling_adjusted_recall@10,FT_K1_unit_selected_token_fraction@10,FT_K1_unit_recall@20,FT_K1_unit_precision@20,FT_K1_unit_ceiling_adjusted_recall@20,FT_K1_unit_selected_token_fraction@20,FT_K1_unit_recall@30,FT_K1_unit_precision@30,FT_K1_unit_ceiling_adjusted_recall@30,FT_K1_unit_selected_token_fraction@30,FT_K1_unit_recall@50,FT_K1_unit_precision@50,FT_K1_unit_ceiling_adjusted_recall@50,FT_K1_unit_selected_token_fraction@50,FT_K1_rise,FT_K1_mas,FT_K3_tie10_recall_low,FT_K3_tie10_recall_high,FT_K3_tie10_cutoff_zero,FT_K3_tie10_tie_changes_recall,FT_K3_recall@05,FT_K3_precision@05,FT_K3_ceiling_adjusted_recall@05,FT_K3_recall@10,FT_K3_precision@10,FT_K3_ceiling_adjusted_recall@10,FT_K3_recall@20,FT_K3_precision@20,FT_K3_ceiling_adjusted_recall@20,FT_K3_recall@30,FT_K3_precision@30,FT_K3_ceiling_adjusted_recall@30,FT_K3_recall@50,FT_K3_precision@50,FT_K3_ceiling_adjusted_recall@50,FT_K3_unit_recall@05,FT_K3_unit_precision@05,FT_K3_unit_ceiling_adjusted_recall@05,FT_K3_unit_selected_token_fraction@05,FT_K3_unit_recall@10,FT_K3_unit_precision@10,FT_K3_unit_ceiling_adjusted_recall@10,FT_K3_unit_selected_token_fraction@10,FT_K3_unit_recall@20,FT_K3_unit_precision@20,FT_K3_unit_ceiling_adjusted_recall@20,FT_K3_unit_selected_token_fraction@20,FT_K3_unit_recall@30,FT_K3_unit_precision@30,FT_K3_unit_ceiling_adjusted_recall@30,FT_K3_unit_selected_token_fraction@30,FT_K3_unit_recall@50,FT_K3_unit_precision@50,FT_K3_unit_ceiling_adjusted_recall@50,FT_K3_unit_selected_token_fraction@50,FT_K3_rise,FT_K3_mas,rerun_full_reference_max_abs_vs_frozen
vt_h4_c1,0,336,51,0.6470588235294118,0.6470588235294118,False,False,0.3137254901960784,0.9411764705882353,0.9411764705882353,0.6470588235294118,0.9705882352941176,0.9705882352941176,0.9019607843137255,0.6764705882352942,0.9019607843137255,0.9215686274509803,0.46534653465346537,0.9215686274509803,0.9215686274509803,0.27976190476190477,0.9215686274509803,0.8,1.0,1.0,0.12202380952380952,1.0,0.625,1.0,0.18452380952380953,1.0,0.3125,1.0,0.2857142857142857,1.0,0.20833333333333334,1.0,0.375,1.0,0.125,1.0,0.5535714285714286,0.05728952772073922,0.07645554841661106,0.6666666666666666,0.6666666666666666,False,False,0.3333333333333333,1.0,1.0,0.6666666666666666,1.0,1.0,1.0,0.75,1.0,1.0,0.504950495049505,1.0,1.0,0.30357142857142855,1.0,0.8,1.0,1.0,0.12202380952380952,1.0,0.625,1.0,0.18452380952380953,1.0,0.3125,1.0,0.28273809523809523,1.0,0.20833333333333334,1.0,0.375,1.0,0.125,1.0,0.5505952380952381,0.07941478439425051,0.09206277713389124,0.6666666666666666,0.6666666666666666,False,False,0.3333333333333333,1.0,1.0,0.6666666666666666,1.0,1.0,1.0,0.75,1.0,1.0,0.504950495049505,1.0,1.0,0.30357142857142855,1.0,0.8,1.0,1.0,0.11904761904761904,1.0,0.625,1.0,0.19642857142857142,1.0,0.3125,1.0,0.28273809523809523,1.0,0.20833333333333334,1.0,0.35714285714285715,1.0,0.125,1.0,0.5208333333333334,0.08285420944558523,0.16884195413915642,0.6666666666666666,0.6666666666666666,False,False,0.3333333333333333,1.0,1.0,0.6666666666666666,1.0,1.0,1.0,0.75,1.0,1.0,0.504950495049505,1.0,1.0,0.30357142857142855,1.0,0.8,1.0,1.0,0.11904761904761904,1.0,0.625,1.0,0.19642857142857142,1.0,0.3125,1.0,0.28273809523809523,1.0,0.20833333333333334,1.0,0.35714285714285715,1.0,0.125,1.0,0.5208333333333334,,,0.0015148787140217834
vt_h4_c1,1,333,48,0.6666666666666666,0.6666666666666666,False,False,0.3333333333333333,0.9411764705882353,0.9411764705882353,0.6666666666666666,0.9411764705882353,0.9411764705882353,0.7916666666666666,0.5671641791044776,0.7916666666666666,0.8333333333333334,0.4,0.8333333333333334,0.8958333333333334,0.25748502994011974,0.8958333333333334,0.8,1.0,1.0,0.11411411411411411,1.0,0.625,1.0,0.1831831831831832,1.0,0.3125,1.0,0.2822822822822823,1.0,0.20833333333333334,1.0,0.37537537537537535,1.0,0.125,1.0,0.5585585585585585,0.0733140655105973,0.0836219740222166,0.7083333333333334,0.7083333333333334,False,False,0.3541666666666667,1.0,1.0,0.7083333333333334,1.0,1.0,1.0,0.7164179104477612,1.0,1.0,0.48,1.0,1.0,0.2874251497005988,1.0,0.8,1.0,1.0,0.11411411411411411,1.0,0.625,1.0,0.1831831831831832,1.0,0.3125,1.0,0.2882882882882883,1.0,0.20833333333333334,1.0,0.37537537537537535,1.0,0.125,1.0,0.5615615615615616,0.08159922928709054,0.10720152315528271,0.7083333333333334,0.7083333333333334,False,False,0.3541666666666667,1.0,1.0,0.7083333333333334,1.0,1.0,1.0,0.7164179104477612,1.0,1.0,0.48,1.0,1.0,0.2874251497005988,1.0,0.8,1.0,1.0,0.11411411411411411,1.0,0.625,1.0,0.1831831831831832,1.0,0.3125,1.0,0.27627627627627627,1.0,0.20833333333333334,1.0,0.35135135135135137,1.0,0.125,1.0,0.5285285285285285,0.06618497109826589,0.15986916106471108,0.7083333333333334,0.7083333333333334,False,False,0.3541666666666667,1.0,1.0,0.7083333333333334,1.0,1.0,1.0,0.7164179104477612,1.0,1.0,0.48,1.0,1.0,0.2874251497005988,1.0,0.8,1.0,1.0,0.11411411411411411,1.0,0.625,1.0,0.1831831831831832,1.0,0.3125,1.0,0.27627627627627627,1.0,0.20833333333333334,1.0,0.35135135135135137,1.0,0.125,1.0,0.5285285285285285,,,0.0020050138693159525
vt_h4_c1,2,331,46,0.6956521739130435,0.6956521739130435,False,False,0.34782608695652173,0.9411764705882353,0.9411764705882353,0.6956521739130435,0.9411764705882353,0.9411764705882353,0.8695652173913043,0.5970149253731343,0.8695652173913043,0.9130434782608695,0.42,0.9130434782608695,0.9347826086956522,0.25903614457831325,0.9347826086956522,0.8,1.0,1.0,0.11178247734138973,1.0,0.625,1.0,0.1782477341389728,1.0,0.3125,1.0,0.2688821752265861,1.0,0.20833333333333334,1.0,0.36253776435045315,1.0,0.125,1.0,0.5498489425981873,0.0738404452690167,0.0878869882230365,0.7391304347826086,0.7391304347826086,False,False,0.3695652173913043,1.0,1.0,0.7391304347826086,1.0,1.0,1.0,0.6865671641791045,1.0,1.0,0.46,1.0,1.0,0.27710843373493976,1.0,0.8,1.0,1.0,0.11178247734138973,1.0,0.625,1.0,0.1782477341389728,1.0,0.3125,1.0,0.2688821752265861,1.0,0.20833333333333334,1.0,0.3716012084592145,1.0,0.125,1.0,0.5558912386706949,0.09169758812615958,0.12677410930568614,0.717391304347826,0.717391304347826,False,False,0.3695652173913043,1.0,1.0,0.717391304347826,0.9705882352941176,0.9705882352941176,1.0,0.6865671641791045,1.0,1.0,0.46,1.0,1.0,0.27710843373493976,1.0,0.8,1.0,1.0,0.10876132930513595,1.0,0.625,1.0,0.17220543806646527,1.0,0.3125,1.0,0.2719033232628399,1.0,0.20833333333333334,1.0,0.3504531722054381,1.0,0.125,1.0,0.5196374622356495,0.12421150278293133,0.20066200669912,0.717391304347826,0.717391304347826,False,False,0.3695652173913043,1.0,1.0,0.717391304347826,0.9705882352941176,0.9705882352941176,1.0,0.6865671641791045,1.0,1.0,0.46,1.0,1.0,0.27710843373493976,1.0,0.8,1.0,1.0,0.11178247734138973,1.0,0.625,1.0,0.17220543806646527,1.0,0.3125,1.0,0.2719033232628399,1.0,0.20833333333333334,1.0,0.3504531722054381,1.0,0.125,1.0,0.5196374622356495,,,0.004263284348060337
vt_h4_c1,3,332,47,0.6170212765957447,0.6170212765957447,False,False,0.3404255319148936,0.9411764705882353,0.9411764705882353,0.6170212765957447,0.8529411764705882,0.8529411764705882,0.7446808510638298,0.5223880597014925,0.7446808510638298,0.8297872340425532,0.39,0.8297872340425532,0.8723404255319149,0.2469879518072289,0.8723404255319149,0.6,0.75,0.75,0.10240963855421686,1.0,0.625,1.0,0.18674698795180722,1.0,0.3125,1.0,0.27710843373493976,1.0,0.20833333333333334,1.0,0.37349397590361444,1.0,0.125,1.0,0.5451807228915663,0.027647058823529403,0.07246956639060739,0.723404255319149,0.723404255319149,False,False,0.3617021276595745,1.0,1.0,0.723404255319149,1.0,1.0,1.0,0.7014925373134329,1.0,1.0,0.47,1.0,1.0,0.28313253012048195,1.0,0.8,1.0,1.0,0.11144578313253012,1.0,0.625,1.0,0.18674698795180722,1.0,0.3125,1.0,0.28012048192771083,1.0,0.20833333333333334,1.0,0.37349397590361444,1.0,0.125,1.0,0.5481927710843374,0.10068627450980391,0.15742872386142087,0.723404255319149,0.723404255319149,False,False,0.3617021276595745,1.0,1.0,0.723404255319149,1.0,1.0,1.0,0.7014925373134329,1.0,1.0,0.47,1.0,1.0,0.28313253012048195,1.0,0.8,1.0,1.0,0.11746987951807229,1.0,0.625,1.0,0.18072289156626506,1.0,0.3125,1.0,0.2710843373493976,1.0,0.20833333333333334,1.0,0.3493975903614458,1.0,0.125,1.0,0.5240963855421686,0.09215686274509798,0.1810978559580528,0.723404255319149,0.723404255319149,False,False,0.3617021276595745,1.0,1.0,0.723404255319149,1.0,1.0,1.0,0.7014925373134329,1.0,1.0,0.47,1.0,1.0,0.28313253012048195,1.0,0.8,1.0,1.0,0.11746987951807229,1.0,0.625,1.0,0.18674698795180722,1.0,0.3125,1.0,0.2710843373493976,1.0,0.20833333333333334,1.0,0.3493975903614458,1.0,0.125,1.0,0.5301204819277109,,,0.0021066501320958775
vt_h4_c1,4,337,52,0.6153846153846154,0.6153846153846154,False,False,0.3076923076923077,0.9411764705882353,0.9411764705882353,0.6153846153846154,0.9411764705882353,0.9411764705882353,0.8269230769230769,0.6323529411764706,0.8269230769230769,0.8461538461538461,0.43137254901960786,0.8461538461538461,0.9038461538461539,0.2781065088757396,0.9038461538461539,0.8,1.0,1.0,0.12462908011869436,1.0,0.625,1.0,0.19287833827893175,1.0,0.3125,1.0,0.2818991097922849,1.0,0.20833333333333334,1.0,0.3768545994065282,1.0,0.125,1.0,0.5727002967359051,0.0940829694323144,0.1113878481289374,0.6538461538461539,0.6538461538461539,False,False,0.3269230769230769,1.0,1.0,0.6538461538461539,1.0,1.0,1.0,0.7647058823529411,1.0,1.0,0.5098039215686274,1.0,1.0,0.3076923076923077,1.0,0.8,1.0,1.0,0.12462908011869436,1.0,0.625,1.0,0.18694362017804153,1.0,0.3125,1.0,0.29080118694362017,1.0,0.20833333333333334,1.0,0.3768545994065282,1.0,0.125,1.0,0.5667655786350149,0.09168122270742363,0.1169051119170271,0.6538461538461539,0.6538461538461539,False,False,0.3269230769230769,1.0,1.0,0.6538461538461539,1.0,1.0,1.0,0.7647058823529411,1.0,1.0,0.5098039215686274,1.0,1.0,0.3076923076923077,1.0,0.8,1.0,1.0,0.12166172106824925,1.0,0.625,1.0,0.19287833827893175,1.0,0.3125,1.0,0.2818991097922849,1.0,0.20833333333333334,1.0,0.3620178041543027,1.0,0.125,1.0,0.5311572700296736,0.07504366812227074,0.16152319657791445,0.6538461538461539,0.6538461538461539,False,False,0.3269230769230769,1.0,1.0,0.6538461538461539,1.0,1.0,1.0,0.7647058823529411,1.0,1.0,0.5098039215686274,1.0,1.0,0.3076923076923077,1.0,0.8,1.0,1.0,0.12462908011869436,1.0,0.625,1.0,0.19287833827893175,1.0,0.3125,1.0,0.2818991097922849,1.0,0.20833333333333334,1.0,0.3649851632047478,1.0,0.125,1.0,0.5311572700296736,,,0.004027375303170988
vt_h4_c1,5,331,46,0.6739130434782609,0.6739130434782609,False,False,0.34782608695652173,0.9411764705882353,0.9411764705882353,0.6739130434782609,0.9117647058823529,0.9117647058823529,0.8260869565217391,0.5671641791044776,0.8260869565217391,0.8695652173913043,0.4,0.8695652173913043,0.8695652173913043,0.24096385542168675,0.8695652173913043,0.8,1.0,1.0,0.1148036253776435,1.0,0.625,1.0,0.18429003021148035,1.0,0.3125,1.0,0.2719033232628399,1.0,0.20833333333333334,1.0,0.3685800604229607,1.0,0.125,1.0,0.552870090634441,0.057057416267942584,0.08068141640206168,0.7391304347826086,0.7391304347826086,False,False,0.3695652173913043,1.0,1.0,0.7391304347826086,1.0,1.0,0.9347826086956522,0.6417910447761194,0.9347826086956522,0.9347826086956522,0.43,0.9347826086956522,0.9565217391304348,0.26506024096385544,0.9565217391304348,0.8,1.0,1.0,0.1148036253776435,1.0,0.625,1.0,0.17220543806646527,1.0,0.3125,1.0,0.27794561933534745,1.0,0.20833333333333334,1.0,0.3716012084592145,1.0,0.125,1.0,0.552870090634441,0.12284688995215313,0.18680765669228064,0.7391304347826086,0.7391304347826086,False,False,0.3695652173913043,1.0,1.0,0.7391304347826086,1.0,1.0,1.0,0.6865671641791045,1.0,1.0,0.46,1.0,1.0,0.27710843373493976,1.0,0.8,1.0,1.0,0.10876132930513595,1.0,0.625,1.0,0.18429003021148035,1.0,0.3125,1.0,0.27492447129909364,1.0,0.20833333333333334,1.0,0.3504531722054381,1.0,0.125,1.0,0.5166163141993958,0.04394736842105264,0.15501343914817128,0.7391304347826086,0.7391304347826086,False,False,0.3695652173913043,1.0,1.0,0.7391304347826086,1.0,1.0,1.0,0.6865671641791045,1.0,1.0,0.46,1.0,1.0,0.27710843373493976,1.0,0.8,1.0,1.0,0.10876132930513595,1.0,0.625,1.0,0.18429003021148035,1.0,0.3125,1.0,0.27492447129909364,1.0,0.20833333333333334,1.0,0.35347432024169184,1.0,0.125,1.0,0.5196374622356495,,,0.001956064615582953
vt_h4_c1,6,331,46,0.6956521739130435,0.6956521739130435,False,False,0.34782608695652173,0.9411764705882353,0.9411764705882353,0.6956521739130435,0.9411764705882353,0.9411764705882353,0.9130434782608695,0.6268656716417911,0.9130434782608695,0.9347826086956522,0.43,0.9347826086956522,0.9565217391304348,0.26506024096385544,0.9565217391304348,0.6,0.75,0.75,0.09969788519637462,1.0,0.625,1.0,0.17220543806646527,1.0,0.3125,1.0,0.2688821752265861,1.0,0.20833333333333334,1.0,0.3595166163141994,1.0,0.125,1.0,0.5558912386706949,0.07944225074037511,0.10319904408836185,0.7391304347826086,0.7391304347826086,False,False,0.3695652173913043,1.0,1.0,0.7391304347826086,1.0,1.0,1.0,0.6865671641791045,1.0,1.0,0.46,1.0,1.0,0.27710843373493976,1.0,0.8,1.0,1.0,0.11178247734138973,1.0,0.625,1.0,0.17220543806646527,1.0,0.3125,1.0,0.26586102719033233,1.0,0.20833333333333334,1.0,0.3685800604229607,1.0,0.125,1.0,0.5498489425981873,0.10041954590325766,0.13783671893633637,0.7391304347826086,0.7391304347826086,False,False,0.3695652173913043,1.0,1.0,0.7391304347826086,1.0,1.0,1.0,0.6865671641791045,1.0,1.0,0.46,1.0,1.0,0.27710843373493976,1.0,0.8,1.0,1.0,0.10876132930513595,1.0,0.625,1.0,0.1782477341389728,1.0,0.3125,1.0,0.2719033232628399,1.0,0.20833333333333334,1.0,0.3504531722054381,1.0,0.125,1.0,0.5226586102719033,0.059896347482724564,0.1694050260539038,0.7391304347826086,0.7391304347826086,False,False,0.3695652173913043,1.0,1.0,0.7391304347826086,1.0,1.0,1.0,0.6865671641791045,1.0,1.0,0.46,1.0,1.0,0.27710843373493976,1.0,0.8,1.0,1.0,0.11178247734138973,1.0,0.625,1.0,0.1782477341389728,1.0,0.3125,1.0,0.2719033232628399,1.0,0.20833333333333334,1.0,0.3504531722054381,1.0,0.125,1.0,0.5226586102719033,,,0.002301005633717601
vt_h4_c1,7,330,45,0.6666666666666666,0.6666666666666666,False,False,0.35555555555555557,0.9411764705882353,0.9411764705882353,0.6666666666666666,0.9090909090909091,0.9090909090909091,0.8666666666666667,0.5909090909090909,0.8666666666666667,0.9333333333333333,0.42424242424242425,0.9333333333333333,0.9333333333333333,0.2545454545454545,0.9333333333333333,0.6,0.75,0.75,0.09090909090909091,1.0,0.625,1.0,0.17575757575757575,1.0,0.3125,1.0,0.2727272727272727,1.0,0.20833333333333334,1.0,0.36363636363636365,1.0,0.125,1.0,0.5636363636363636,0.06053008595988539,0.0750226713152661,0.7333333333333333,0.7333333333333333,False,False,0.37777777777777777,1.0,1.0,0.7333333333333333,1.0,1.0,0.9777777777777777,0.6666666666666666,0.9777777777777777,0.9777777777777777,0.4444444444444444,0.9777777777777777,0.9777777777777777,0.26666666666666666,0.9777777777777777,0.8,1.0,1.0,0.10303030303030303,1.0,0.625,1.0,0.17575757575757575,1.0,0.3125,1.0,0.27575757575757576,1.0,0.20833333333333334,1.0,0.3575757575757576,1.0,0.125,1.0,0.5515151515151515,0.09988061127029609,0.13961923482679459,0.7333333333333333,0.7333333333333333,False,False,0.37777777777777777,1.0,1.0,0.7333333333333333,1.0,1.0,1.0,0.6818181818181818,1.0,1.0,0.45454545454545453,1.0,1.0,0.2727272727272727,1.0,0.8,1.0,1.0,0.10909090909090909,1.0,0.625,1.0,0.18181818181818182,1.0,0.3125,1.0,0.26666666666666666,1.0,0.20833333333333334,1.0,0.3484848484848485,1.0,0.125,1.0,0.5151515151515151,0.06081661891117476,0.16706182014108842,0.7333333333333333,0.7333333333333333,False,False,0.37777777777777777,1.0,1.0,0.7333333333333333,1.0,1.0,1.0,0.6818181818181818,1.0,1.0,0.45454545454545453,1.0,1.0,0.2727272727272727,1.0,0.8,1.0,1.0,0.10303030303030303,1.0,0.625,1.0,0.18181818181818182,1.0,0.3125,1.0,0.2696969696969697,1.0,0.20833333333333334,1.0,0.3484848484848485,1.0,0.125,1.0,0.5151515151515151,,,0.0017572602313076224
vt_h4_c1,8,331,46,0.717391304347826,0.717391304347826,False,False,0.3695652173913043,1.0,1.0,0.717391304347826,0.9705882352941176,0.9705882352941176,0.8260869565217391,0.5671641791044776,0.8260869565217391,0.8695652173913043,0.4,0.8695652173913043,0.9130434782608695,0.25301204819277107,0.9130434782608695,0.8,1.0,1.0,0.1148036253776435,1.0,0.625,1.0,0.17522658610271905,1.0,0.3125,1.0,0.27794561933534745,1.0,0.20833333333333334,1.0,0.3685800604229607,1.0,0.125,1.0,0.5619335347432024,0.11079088471849863,0.16572734162337419,0.7391304347826086,0.7391304347826086,False,False,0.3695652173913043,1.0,1.0,0.7391304347826086,1.0,1.0,1.0,0.6865671641791045,1.0,1.0,0.46,1.0,1.0,0.27710843373493976,1.0,0.8,1.0,1.0,0.1148036253776435,1.0,0.625,1.0,0.17522658610271905,1.0,0.3125,1.0,0.2598187311178248,1.0,0.20833333333333334,1.0,0.3595166163141994,1.0,0.125,1.0,0.540785498489426,0.1418900804289544,0.23260030961704298,0.7391304347826086,0.7391304347826086,False,False,0.3695652173913043,1.0,1.0,0.7391304347826086,1.0,1.0,1.0,0.6865671641791045,1.0,1.0,0.46,1.0,1.0,0.27710843373493976,1.0,0.8,1.0,1.0,0.10876132930513595,1.0,0.625,1.0,0.1782477341389728,1.0,0.3125,1.0,0.2688821752265861,1.0,0.20833333333333334,1.0,0.3474320241691843,1.0,0.125,1.0,0.5105740181268882,0.08719839142091154,0.18911814291346873,0.7391304347826086,0.7391304347826086,False,False,0.3695652173913043,1.0,1.0,0.7391304347826086,1.0,1.0,1.0,0.6865671641791045,1.0,1.0,0.46,1.0,1.0,0.27710843373493976,1.0,0.8,1.0,1.0,0.11178247734138973,1.0,0.625,1.0,0.1782477341389728,1.0,0.3125,1.0,0.2719033232628399,1.0,0.20833333333333334,1.0,0.35347432024169184,1.0,0.125,1.0,0.513595166163142,,,0.0023473560986428943
vt_h4_c1,9,334,49,0.6122448979591837,0.6122448979591837,False,False,0.32653061224489793,0.9411764705882353,0.9411764705882353,0.6122448979591837,0.8823529411764706,0.8823529411764706,0.8571428571428571,0.6268656716417911,0.8571428571428571,0.8571428571428571,0.4158415841584158,0.8571428571428571,0.8775510204081632,0.25748502994011974,0.8775510204081632,0.6,0.75,0.75,0.10479041916167664,1.0,0.625,1.0,0.18562874251497005,1.0,0.3125,1.0,0.27844311377245506,1.0,0.20833333333333334,1.0,0.37425149700598803,1.0,0.125,1.0,0.5538922155688623,0.057765737874097015,0.08655964172652734,0.6938775510204082,0.6938775510204082,False,False,0.3469387755102041,1.0,1.0,0.6938775510204082,1.0,1.0,0.9795918367346939,0.7164179104477612,0.9795918367346939,1.0,0.48514851485148514,1.0,1.0,0.2934131736526946,1.0,0.8,1.0,1.0,0.11976047904191617,1.0,0.625,1.0,0.18562874251497005,1.0,0.3125,1.0,0.2754491017964072,1.0,0.20833333333333334,1.0,0.3562874251497006,1.0,0.125,1.0,0.5508982035928144,0.10327657378740966,0.1412121994208449,0.6938775510204082,0.6938775510204082,False,False,0.3469387755102041,1.0,1.0,0.6938775510204082,1.0,1.0,1.0,0.7313432835820896,1.0,1.0,0.48514851485148514,1.0,1.0,0.2934131736526946,1.0,0.8,1.0,1.0,0.11377245508982035,1.0,0.625,1.0,0.18562874251497005,1.0,0.3125,1.0,0.27844311377245506,1.0,0.20833333333333334,1.0,0.3532934131736527,1.0,0.125,1.0,0.5329341317365269,0.08795149638802886,0.17934449662932353,0.6938775510204082,0.6938775510204082,False,False,0.3469387755102041,1.0,1.0,0.6938775510204082,1.0,1.0,1.0,0.7313432835820896,1.0,1.0,0.48514851485148514,1.0,1.0,0.2934131736526946,1.0,0.8,1.0,1.0,0.11377245508982035,1.0,0.625,1.0,0.18562874251497005,1.0,0.3125,1.0,0.27844311377245506,1.0,0.20833333333333334,1.0,0.3532934131736527,1.0,0.125,1.0,0.5389221556886228,,,0.0017085161090855117
vt_h4_c1,10,331,46,0.6956521739130435,0.6956521739130435,False,False,0.3695652173913043,1.0,1.0,0.6956521739130435,0.9411764705882353,0.9411764705882353,0.8913043478260869,0.6119402985074627,0.8913043478260869,0.9565217391304348,0.44,0.9565217391304348,0.9565217391304348,0.26506024096385544,0.9565217391304348,0.8,1.0,1.0,0.11178247734138973,1.0,0.625,1.0,0.18126888217522658,1.0,0.3125,1.0,0.2930513595166163,1.0,0.20833333333333334,1.0,0.38368580060422963,1.0,0.125,1.0,0.5709969788519638,0.10408388520971301,0.15797970925418864,0.7391304347826086,0.7391304347826086,False,False,0.3695652173913043,1.0,1.0,0.7391304347826086,1.0,1.0,0.9565217391304348,0.6567164179104478,0.9565217391304348,0.9782608695652174,0.45,0.9782608695652174,0.9782608695652174,0.2710843373493976,0.9782608695652174,0.8,1.0,1.0,0.11178247734138973,1.0,0.625,1.0,0.1782477341389728,1.0,0.3125,1.0,0.27492447129909364,1.0,0.20833333333333334,1.0,0.3595166163141994,1.0,0.125,1.0,0.5347432024169184,0.12036423841059607,0.18336276251395275,0.7391304347826086,0.7391304347826086,False,False,0.3695652173913043,1.0,1.0,0.7391304347826086,1.0,1.0,1.0,0.6865671641791045,1.0,1.0,0.46,1.0,1.0,0.27710843373493976,1.0,0.8,1.0,1.0,0.10876132930513595,1.0,0.625,1.0,0.18429003021148035,1.0,0.3125,1.0,0.2628398791540785,1.0,0.20833333333333334,1.0,0.34441087613293053,1.0,0.125,1.0,0.5226586102719033,0.08686534216335544,0.17322497647384374,0.7391304347826086,0.7391304347826086,False,False,0.3695652173913043,1.0,1.0,0.7391304347826086,1.0,1.0,1.0,0.6865671641791045,1.0,1.0,0.46,1.0,1.0,0.27710843373493976,1.0,0.8,1.0,1.0,0.10876132930513595,1.0,0.625,1.0,0.18429003021148035,1.0,0.3125,1.0,0.2628398791540785,1.0,0.20833333333333334,1.0,0.3504531722054381,1.0,0.125,1.0,0.525679758308157,,,0.002558022349929967
vt_h4_c1,11,333,48,0.625,0.625,False,False,0.3333333333333333,0.9411764705882353,0.9411764705882353,0.625,0.8823529411764706,0.8823529411764706,0.8541666666666666,0.6119402985074627,0.8541666666666666,0.875,0.42,0.875,0.9375,0.2694610778443114,0.9375,0.8,1.0,1.0,0.11711711711711711,1.0,0.625,1.0,0.1831831831831832,1.0,0.3125,1.0,0.26426426426426425,1.0,0.20833333333333334,1.0,0.37237237237237236,1.0,0.125,1.0,0.5585585585585585,0.0517961165048544,0.07912880260498767,0.7083333333333334,0.7083333333333334,False,False,0.3541666666666667,1.0,1.0,0.7083333333333334,1.0,1.0,0.9583333333333334,0.6865671641791045,0.9583333333333334,0.9583333333333334,0.46,0.9583333333333334,0.9791666666666666,0.281437125748503,0.9791666666666666,0.8,1.0,1.0,0.11711711711711711,1.0,0.625,1.0,0.18618618618618618,1.0,0.3125,1.0,0.2702702702702703,1.0,0.20833333333333334,1.0,0.3663663663663664,1.0,0.125,1.0,0.5555555555555556,0.06490291262135922,0.11018593844354492,0.7083333333333334,0.7083333333333334,False,False,0.3541666666666667,1.0,1.0,0.7083333333333334,1.0,1.0,1.0,0.7164179104477612,1.0,1.0,0.48,1.0,1.0,0.2874251497005988,1.0,0.8,1.0,1.0,0.1111111111111111,1.0,0.625,1.0,0.1831831831831832,1.0,0.3125,1.0,0.27627627627627627,1.0,0.20833333333333334,1.0,0.35135135135135137,1.0,0.125,1.0,0.5345345345345346,0.09558252427184469,0.17681274501422362,0.7083333333333334,0.7083333333333334,False,False,0.3541666666666667,1.0,1.0,0.7083333333333334,1.0,1.0,1.0,0.7164179104477612,1.0,1.0,0.48,1.0,1.0,0.2874251497005988,1.0,0.8,1.0,1.0,0.1111111111111111,1.0,0.625,1.0,0.1831831831831832,1.0,0.3125,1.0,0.27627627627627627,1.0,0.20833333333333334,1.0,0.35735735735735735,1.0,0.125,1.0,0.5345345345345346,,,0.0019433874126510986
vt_h4_c1,12,339,54,0.6111111111111112,0.6111111111111112,False,False,0.3148148148148148,1.0,1.0,0.6111111111111112,0.9705882352941176,0.9705882352941176,0.8518518518518519,0.6764705882352942,0.8518518518518519,0.8888888888888888,0.47058823529411764,0.8888888888888888,0.8888888888888888,0.2823529411764706,0.8888888888888888,0.8,1.0,1.0,0.12979351032448377,1.0,0.625,1.0,0.1976401179941003,1.0,0.3125,1.0,0.2890855457227139,1.0,0.20833333333333334,1.0,0.3805309734513274,1.0,0.125,1.0,0.5693215339233039,0.08163377192982457,0.10627068407637323,0.6296296296296297,0.6296296296296297,False,False,0.3148148148148148,1.0,1.0,0.6296296296296297,1.0,1.0,0.9814814814814815,0.7794117647058824,0.9814814814814815,0.9814814814814815,0.5196078431372549,0.9814814814814815,0.9814814814814815,0.31176470588235294,0.9814814814814815,0.8,1.0,1.0,0.12684365781710916,1.0,0.625,1.0,0.20353982300884957,1.0,0.3125,1.0,0.2920353982300885,1.0,0.20833333333333334,1.0,0.3893805309734513,1.0,0.125,1.0,0.5634218289085545,0.12406798245614033,0.17603515683555174,0.6296296296296297,0.6296296296296297,False,False,0.3148148148148148,1.0,1.0,0.6296296296296297,1.0,1.0,1.0,0.7941176470588235,1.0,1.0,0.5294117647058824,1.0,1.0,0.3176470588235294,1.0,0.8,1.0,1.0,0.12979351032448377,1.0,0.625,1.0,0.1976401179941003,1.0,0.3125,1.0,0.2890855457227139,1.0,0.20833333333333334,1.0,0.37168141592920356,1.0,0.125,1.0,0.5368731563421829,0.06995614035087722,0.16058269558751637,0.6296296296296297,0.6296296296296297,False,False,0.3148148148148148,1.0,1.0,0.6296296296296297,1.0,1.0,1.0,0.7941176470588235,1.0,1.0,0.5294117647058824,1.0,1.0,0.3176470588235294,1.0,0.8,1.0,1.0,0.12979351032448377,1.0,0.625,1.0,0.1976401179941003,1.0,0.3125,1.0,0.2861356932153392,1.0,0.20833333333333334,1.0,0.37168141592920356,1.0,0.125,1.0,0.5398230088495575,,,0.004175498883634887
vt_h4_c1,13,333,48,0.6458333333333334,0.6458333333333334,False,False,0.3333333333333333,0.9411764705882353,0.9411764705882353,0.6458333333333334,0.9117647058823529,0.9117647058823529,0.8541666666666666,0.6119402985074627,0.8541666666666666,0.875,0.42,0.875,0.8958333333333334,0.25748502994011974,0.8958333333333334,0.6,0.75,0.75,0.0960960960960961,1.0,0.625,1.0,0.1831831831831832,1.0,0.3125,1.0,0.2852852852852853,1.0,0.20833333333333334,1.0,0.37237237237237236,1.0,0.125,1.0,0.5585585585585585,0.029214876033057845,0.057051753170380935,0.7083333333333334,0.7083333333333334,False,False,0.3541666666666667,1.0,1.0,0.7083333333333334,1.0,1.0,1.0,0.7164179104477612,1.0,1.0,0.48,1.0,1.0,0.2874251497005988,1.0,0.8,1.0,1.0,0.1111111111111111,1.0,0.625,1.0,0.1831831831831832,1.0,0.3125,1.0,0.27927927927927926,1.0,0.20833333333333334,1.0,0.36936936936936937,1.0,0.125,1.0,0.5675675675675675,0.045413223140495854,0.066422360814135,0.7083333333333334,0.7083333333333334,False,False,0.3541666666666667,1.0,1.0,0.7083333333333334,1.0,1.0,1.0,0.7164179104477612,1.0,1.0,0.48,1.0,1.0,0.2874251497005988,1.0,0.8,1.0,1.0,0.11411411411411411,1.0,0.625,1.0,0.1831831831831832,1.0,0.3125,1.0,0.27927927927927926,1.0,0.20833333333333334,1.0,0.35435435435435436,1.0,0.125,1.0,0.5135135135135135,0.05995867768595044,0.1748606117612031,0.7083333333333334,0.7083333333333334,False,False,0.3541666666666667,1.0,1.0,0.7083333333333334,1.0,1.0,1.0,0.7164179104477612,1.0,1.0,0.48,1.0,1.0,0.2874251497005988,1.0,0.8,1.0,1.0,0.11411411411411411,1.0,0.625,1.0,0.1831831831831832,1.0,0.3125,1.0,0.27927927927927926,1.0,0.20833333333333334,1.0,0.35435435435435436,1.0,0.125,1.0,0.5135135135135135,,,0.00620928371163032
vt_h4_c1,14,337,52,0.6538461538461539,0.6538461538461539,False,False,0.3269230769230769,1.0,1.0,0.6538461538461539,1.0,1.0,0.9038461538461539,0.6911764705882353,0.9038461538461539,0.9230769230769231,0.47058823529411764,0.9230769230769231,0.9807692307692307,0.30177514792899407,0.9807692307692307,0.8,1.0,1.0,0.12166172106824925,1.0,0.625,1.0,0.19881305637982197,1.0,0.3125,1.0,0.2818991097922849,1.0,0.20833333333333334,1.0,0.3620178041543027,1.0,0.125,1.0,0.5519287833827893,0.10853474320241693,0.14801862766547666,0.6538461538461539,0.6538461538461539,False,False,0.3269230769230769,1.0,1.0,0.6538461538461539,1.0,1.0,1.0,0.7647058823529411,1.0,1.0,0.5098039215686274,1.0,1.0,0.3076923076923077,1.0,0.8,1.0,1.0,0.12166172106824925,1.0,0.625,1.0,0.19287833827893175,1.0,0.3125,1.0,0.2789317507418398,1.0,0.20833333333333334,1.0,0.37091988130563797,1.0,0.125,1.0,0.5578635014836796,0.10772910372608258,0.15302673451242862,0.6538461538461539,0.6538461538461539,False,False,0.3269230769230769,1.0,1.0,0.6538461538461539,1.0,1.0,1.0,0.7647058823529411,1.0,1.0,0.5098039215686274,1.0,1.0,0.3076923076923077,1.0,0.8,1.0,1.0,0.12462908011869436,1.0,0.625,1.0,0.19287833827893175,1.0,0.3125,1.0,0.2789317507418398,1.0,0.20833333333333334,1.0,0.3560830860534125,1.0,0.125,1.0,0.5281899109792285,0.07625881168177243,0.17579499447915095,0.6538461538461539,0.6538461538461539,False,False,0.3269230769230769,1.0,1.0,0.6538461538461539,1.0,1.0,1.0,0.7647058823529411,1.0,1.0,0.5098039215686274,1.0,1.0,0.3076923076923077,1.0,0.8,1.0,1.0,0.12462908011869436,1.0,0.625,1.0,0.19287833827893175,1.0,0.3125,1.0,0.2789317507418398,1.0,0.20833333333333334,1.0,0.3560830860534125,1.0,0.125,1.0,0.5281899109792285,,,0.0021858329403152688
vt_h4_c1,15,331,46,0.6956521739130435,0.6956521739130435,False,False,0.3695652173913043,1.0,1.0,0.6956521739130435,0.9411764705882353,0.9411764705882353,0.8043478260869565,0.5522388059701493,0.8043478260869565,0.8260869565217391,0.38,0.8260869565217391,0.8260869565217391,0.2289156626506024,0.8260869565217391,0.8,1.0,1.0,0.11178247734138973,1.0,0.625,1.0,0.18429003021148035,1.0,0.3125,1.0,0.2688821752265861,1.0,0.20833333333333334,1.0,0.36253776435045315,1.0,0.125,1.0,0.5589123867069486,0.08746246246246245,0.11946181481867242,0.7391304347826086,0.7391304347826086,False,False,0.3695652173913043,1.0,1.0,0.7391304347826086,1.0,1.0,0.9565217391304348,0.6567164179104478,0.9565217391304348,0.9565217391304348,0.44,0.9565217391304348,0.9782608695652174,0.2710843373493976,0.9782608695652174,0.8,1.0,1.0,0.11178247734138973,1.0,0.625,1.0,0.18126888217522658,1.0,0.3125,1.0,0.2719033232628399,1.0,0.20833333333333334,1.0,0.36253776435045315,1.0,0.125,1.0,0.5438066465256798,0.11018518518518516,0.16250836075775202,0.7391304347826086,0.7391304347826086,False,False,0.3695652173913043,1.0,1.0,0.7391304347826086,1.0,1.0,1.0,0.6865671641791045,1.0,1.0,0.46,1.0,1.0,0.27710843373493976,1.0,0.8,1.0,1.0,0.10876132930513595,1.0,0.625,1.0,0.1782477341389728,1.0,0.3125,1.0,0.2628398791540785,1.0,0.20833333333333334,1.0,0.34441087613293053,1.0,0.125,1.0,0.525679758308157,0.1168918918918919,0.19064494013164374,0.7391304347826086,0.7391304347826086,False,False,0.3695652173913043,1.0,1.0,0.7391304347826086,1.0,1.0,1.0,0.6865671641791045,1.0,1.0,0.46,1.0,1.0,0.27710843373493976,1.0,0.8,1.0,1.0,0.11178247734138973,1.0,0.625,1.0,0.1782477341389728,1.0,0.3125,1.0,0.26586102719033233,1.0,0.20833333333333334,1.0,0.3413897280966767,1.0,0.125,1.0,0.5287009063444109,,,0.0014946801282573752
vt_h4_c1,16,331,46,0.6521739130434783,0.6521739130434783,False,False,0.34782608695652173,0.9411764705882353,0.9411764705882353,0.6521739130434783,0.8823529411764706,0.8823529411764706,0.8695652173913043,0.5970149253731343,0.8695652173913043,0.8695652173913043,0.4,0.8695652173913043,0.8913043478260869,0.2469879518072289,0.8913043478260869,0.8,1.0,1.0,0.11178247734138973,1.0,0.625,1.0,0.17220543806646527,1.0,0.3125,1.0,0.27492447129909364,1.0,0.20833333333333334,1.0,0.36253776435045315,1.0,0.125,1.0,0.5438066465256798,0.04767987486965589,0.07343597391848923,0.7391304347826086,0.7391304347826086,False,False,0.3695652173913043,1.0,1.0,0.7391304347826086,1.0,1.0,1.0,0.6865671641791045,1.0,1.0,0.46,1.0,1.0,0.27710843373493976,1.0,0.8,1.0,1.0,0.11178247734138973,1.0,0.625,1.0,0.1782477341389728,1.0,0.3125,1.0,0.27794561933534745,1.0,0.20833333333333334,1.0,0.36253776435045315,1.0,0.125,1.0,0.5347432024169184,0.08714807090719498,0.12881657975853802,0.7391304347826086,0.7391304347826086,False,False,0.3695652173913043,1.0,1.0,0.7391304347826086,1.0,1.0,1.0,0.6865671641791045,1.0,1.0,0.46,1.0,1.0,0.27710843373493976,1.0,0.8,1.0,1.0,0.10876132930513595,1.0,0.625,1.0,0.18429003021148035,1.0,0.3125,1.0,0.2719033232628399,1.0,0.20833333333333334,1.0,0.3564954682779456,1.0,0.125,1.0,0.5226586102719033,0.05294577685088634,0.15757584933995036,0.7391304347826086,0.7391304347826086,False,False,0.3695652173913043,1.0,1.0,0.7391304347826086,1.0,1.0,1.0,0.6865671641791045,1.0,1.0,0.46,1.0,1.0,0.27710843373493976,1.0,0.8,1.0,1.0,0.10876132930513595,1.0,0.625,1.0,0.18429003021148035,1.0,0.3125,1.0,0.27492447129909364,1.0,0.20833333333333334,1.0,0.3564954682779456,1.0,0.125,1.0,0.525679758308157,,,0.0042310951464186175
vt_h4_c1,17,329,44,0.7045454545454546,0.7045454545454546,False,False,0.36363636363636365,0.9411764705882353,0.9411764705882353,0.7045454545454546,0.9393939393939394,0.9393939393939394,0.8181818181818182,0.5454545454545454,0.8181818181818182,0.8409090909090909,0.37373737373737376,0.8409090909090909,0.8409090909090909,0.22424242424242424,0.8409090909090909,0.8,1.0,1.0,0.10638297872340426,1.0,0.625,1.0,0.16717325227963525,1.0,0.3125,1.0,0.25835866261398177,1.0,0.20833333333333334,1.0,0.3556231003039514,1.0,0.125,1.0,0.5501519756838906,0.03702330508474576,0.05754025749764656,0.75,0.75,False,False,0.38636363636363635,1.0,1.0,0.75,1.0,1.0,1.0,0.6666666666666666,1.0,1.0,0.4444444444444444,1.0,1.0,0.26666666666666666,1.0,0.8,1.0,1.0,0.10638297872340426,1.0,0.625,1.0,0.16717325227963525,1.0,0.3125,1.0,0.2613981762917933,1.0,0.20833333333333334,1.0,0.3525835866261398,1.0,0.125,1.0,0.5379939209726444,0.10937500000000003,0.17548157275537912,0.75,0.75,False,False,0.38636363636363635,1.0,1.0,0.75,1.0,1.0,1.0,0.6666666666666666,1.0,1.0,0.4444444444444444,1.0,1.0,0.26666666666666666,1.0,0.8,1.0,1.0,0.1033434650455927,1.0,0.625,1.0,0.17325227963525835,1.0,0.3125,1.0,0.2674772036474164,1.0,0.20833333333333334,1.0,0.3434650455927052,1.0,0.125,1.0,0.5106382978723404,0.11149364406779658,0.18929094949028397,0.75,0.75,False,False,0.38636363636363635,1.0,1.0,0.75,1.0,1.0,1.0,0.6666666666666666,1.0,1.0,0.4444444444444444,1.0,1.0,0.26666666666666666,1.0,0.8,1.0,1.0,0.10638297872340426,1.0,0.625,1.0,0.17325227963525835,1.0,0.3125,1.0,0.2674772036474164,1.0,0.20833333333333334,1.0,0.3434650455927052,1.0,0.125,1.0,0.513677811550152,,,0.0036026336189545205
vt_h4_c1,18,330,45,0.6666666666666666,0.6666666666666666,False,False,0.35555555555555557,0.9411764705882353,0.9411764705882353,0.6666666666666666,0.9090909090909091,0.9090909090909091,0.8666666666666667,0.5909090909090909,0.8666666666666667,0.8666666666666667,0.3939393939393939,0.8666666666666667,0.8888888888888888,0.24242424242424243,0.8888888888888888,0.6,0.75,0.75,0.1,1.0,0.625,1.0,0.18181818181818182,1.0,0.3125,1.0,0.27575757575757576,1.0,0.20833333333333334,1.0,0.36363636363636365,1.0,0.125,1.0,0.5515151515151515,0.07935212660731947,0.11141168792853844,0.7333333333333333,0.7333333333333333,False,False,0.37777777777777777,1.0,1.0,0.7333333333333333,1.0,1.0,1.0,0.6818181818181818,1.0,1.0,0.45454545454545453,1.0,1.0,0.2727272727272727,1.0,0.8,1.0,1.0,0.10909090909090909,1.0,0.625,1.0,0.1696969696969697,1.0,0.3125,1.0,0.26666666666666666,1.0,0.20833333333333334,1.0,0.3575757575757576,1.0,0.125,1.0,0.5575757575757576,0.09750247279920869,0.135445794017613,0.7333333333333333,0.7333333333333333,False,False,0.37777777777777777,1.0,1.0,0.7333333333333333,1.0,1.0,1.0,0.6818181818181818,1.0,1.0,0.45454545454545453,1.0,1.0,0.2727272727272727,1.0,0.8,1.0,1.0,0.11212121212121212,1.0,0.625,1.0,0.18181818181818182,1.0,0.3125,1.0,0.2727272727272727,1.0,0.20833333333333334,1.0,0.3484848484848485,1.0,0.125,1.0,0.5181818181818182,0.07084569732937683,0.16702212300476343,0.7333333333333333,0.7333333333333333,False,False,0.37777777777777777,1.0,1.0,0.7333333333333333,1.0,1.0,1.0,0.6818181818181818,1.0,1.0,0.45454545454545453,1.0,1.0,0.2727272727272727,1.0,0.8,1.0,1.0,0.11212121212121212,1.0,0.625,1.0,0.18181818181818182,1.0,0.3125,1.0,0.2727272727272727,1.0,0.20833333333333334,1.0,0.3515151515151515,1.0,0.125,1.0,0.5212121212121212,,,0.003223385439373061
vt_h4_c1,19,334,49,0.6326530612244898,0.6326530612244898,False,False,0.32653061224489793,0.9411764705882353,0.9411764705882353,0.6326530612244898,0.9117647058823529,0.9117647058823529,0.8367346938775511,0.6119402985074627,0.8367346938775511,0.8775510204081632,0.42574257425742573,0.8775510204081632,0.9591836734693877,0.281437125748503,0.9591836734693877,0.6,0.75,0.75,0.10179640718562874,1.0,0.625,1.0,0.17964071856287425,1.0,0.3125,1.0,0.2754491017964072,1.0,0.20833333333333334,1.0,0.36826347305389223,1.0,0.125,1.0,0.5598802395209581,0.06551329055912007,0.08476458417851399,0.6938775510204082,0.6938775510204082,False,False,0.3469387755102041,1.0,1.0,0.6938775510204082,1.0,1.0,0.9795918367346939,0.7164179104477612,0.9795918367346939,0.9795918367346939,0.4752475247524752,0.9795918367346939,0.9795918367346939,0.2874251497005988,0.9795918367346939,0.8,1.0,1.0,0.11377245508982035,1.0,0.625,1.0,0.17964071856287425,1.0,0.3125,1.0,0.2754491017964072,1.0,0.20833333333333334,1.0,0.3772455089820359,1.0,0.125,1.0,0.5538922155688623,0.10552245646196148,0.14035102459374976,0.6938775510204082,0.6938775510204082,False,False,0.3469387755102041,1.0,1.0,0.6938775510204082,1.0,1.0,1.0,0.7313432835820896,1.0,1.0,0.48514851485148514,1.0,1.0,0.2934131736526946,1.0,0.8,1.0,1.0,0.11377245508982035,1.0,0.625,1.0,0.19161676646706588,1.0,0.3125,1.0,0.27844311377245506,1.0,0.20833333333333334,1.0,0.3532934131736527,1.0,0.125,1.0,0.5269461077844312,0.07591659028414297,0.15603836181432987,0.6938775510204082,0.6938775510204082,False,False,0.3469387755102041,1.0,1.0,0.6938775510204082,1.0,1.0,1.0,0.7313432835820896,1.0,1.0,0.48514851485148514,1.0,1.0,0.2934131736526946,1.0,0.8,1.0,1.0,0.11377245508982035,1.0,0.625,1.0,0.19161676646706588,1.0,0.3125,1.0,0.27844311377245506,1.0,0.20833333333333334,1.0,0.3532934131736527,1.0,0.125,1.0,0.5269461077844312,,,0.0030210285517091595
vt_h4_c1,20,332,47,0.7021276595744681,0.7021276595744681,False,False,0.3404255319148936,0.9411764705882353,0.9411764705882353,0.7021276595744681,0.9705882352941176,0.9705882352941176,0.9148936170212766,0.6417910447761194,0.9148936170212766,0.9361702127659575,0.44,0.9361702127659575,0.9361702127659575,0.26506024096385544,0.9361702127659575,0.8,1.0,1.0,0.11144578313253012,1.0,0.625,1.0,0.1746987951807229,1.0,0.3125,1.0,0.27710843373493976,1.0,0.20833333333333334,1.0,0.37650602409638556,1.0,0.125,1.0,0.5602409638554217,0.047747747747747725,0.0670461735238185,0.723404255319149,0.723404255319149,False,False,0.3617021276595745,1.0,1.0,0.723404255319149,1.0,1.0,1.0,0.7014925373134329,1.0,1.0,0.47,1.0,1.0,0.28313253012048195,1.0,0.8,1.0,1.0,0.11144578313253012,1.0,0.625,1.0,0.18072289156626506,1.0,0.3125,1.0,0.2740963855421687,1.0,0.20833333333333334,1.0,0.3704819277108434,1.0,0.125,1.0,0.5451807228915663,0.09004504504504504,0.11969574666703997,0.723404255319149,0.723404255319149,False,False,0.3617021276595745,1.0,1.0,0.723404255319149,1.0,1.0,1.0,0.7014925373134329,1.0,1.0,0.47,1.0,1.0,0.28313253012048195,1.0,0.8,1.0,1.0,0.11144578313253012,1.0,0.625,1.0,0.18674698795180722,1.0,0.3125,1.0,0.2710843373493976,1.0,0.20833333333333334,1.0,0.35240963855421686,1.0,0.125,1.0,0.5271084337349398,0.09126126126126126,0.168115485172124,0.723404255319149,0.723404255319149,False,False,0.3617021276595745,1.0,1.0,0.723404255319149,1.0,1.0,1.0,0.7014925373134329,1.0,1.0,0.47,1.0,1.0,0.28313253012048195,1.0,0.8,1.0,1.0,0.11144578313253012,1.0,0.625,1.0,0.18674698795180722,1.0,0.3125,1.0,0.2710843373493976,1.0,0.20833333333333334,1.0,0.35240963855421686,1.0,0.125,1.0,0.5271084337349398,,,0.0040922859572438686
vt_h4_c1,21,335,50,0.64,0.64,False,False,0.32,0.9411764705882353,0.9411764705882353,0.64,0.9411764705882353,0.9411764705882353,0.94,0.7014925373134329,0.94,0.96,0.4752475247524752,0.96,0.98,0.2916666666666667,0.98,0.6,0.75,0.75,0.10746268656716418,1.0,0.625,1.0,0.19402985074626866,1.0,0.3125,1.0,0.28059701492537314,1.0,0.20833333333333334,1.0,0.3701492537313433,1.0,0.125,1.0,0.5492537313432836,0.106624674196351,0.13033997947332526,0.68,0.68,False,False,0.34,1.0,1.0,0.68,1.0,1.0,1.0,0.746268656716418,1.0,1.0,0.49504950495049505,1.0,1.0,0.2976190476190476,1.0,0.8,1.0,1.0,0.11940298507462686,1.0,0.625,1.0,0.19402985074626866,1.0,0.3125,1.0,0.2835820895522388,1.0,0.20833333333333334,1.0,0.382089552238806,1.0,0.125,1.0,0.5611940298507463,0.1215682015638575,0.16378550068798314,0.68,0.68,False,False,0.34,1.0,1.0,0.68,1.0,1.0,1.0,0.746268656716418,1.0,1.0,0.49504950495049505,1.0,1.0,0.2976190476190476,1.0,0.8,1.0,1.0,0.11940298507462686,1.0,0.625,1.0,0.1880597014925373,1.0,0.3125,1.0,0.28059701492537314,1.0,0.20833333333333334,1.0,0.3582089552238806,1.0,0.125,1.0,0.5253731343283582,0.04129018245004344,0.16463587341144342,0.68,0.68,False,False,0.34,1.0,1.0,0.68,1.0,1.0,1.0,0.746268656716418,1.0,1.0,0.49504950495049505,1.0,1.0,0.2976190476190476,1.0,0.8,1.0,1.0,0.11940298507462686,1.0,0.625,1.0,0.1880597014925373,1.0,0.3125,1.0,0.28059701492537314,1.0,0.20833333333333334,1.0,0.3582089552238806,1.0,0.125,1.0,0.5253731343283582,,,0.0016534196161259729
vt_h4_c1,22,334,49,0.673469387755102,0.673469387755102,False,False,0.32653061224489793,0.9411764705882353,0.9411764705882353,0.673469387755102,0.9705882352941176,0.9705882352941176,0.8775510204081632,0.6417910447761194,0.8775510204081632,0.8979591836734694,0.43564356435643564,0.8979591836734694,0.9387755102040817,0.2754491017964072,0.9387755102040817,0.8,1.0,1.0,0.11676646706586827,1.0,0.625,1.0,0.19161676646706588,1.0,0.3125,1.0,0.2904191616766467,1.0,0.20833333333333334,1.0,0.38622754491017963,1.0,0.125,1.0,0.5748502994011976,0.054000000000000006,0.08532052566194212,0.6938775510204082,0.6938775510204082,False,False,0.3469387755102041,1.0,1.0,0.6938775510204082,1.0,1.0,1.0,0.7313432835820896,1.0,1.0,0.48514851485148514,1.0,1.0,0.2934131736526946,1.0,0.8,1.0,1.0,0.11676646706586827,1.0,0.625,1.0,0.18562874251497005,1.0,0.3125,1.0,0.2934131736526946,1.0,0.20833333333333334,1.0,0.38622754491017963,1.0,0.125,1.0,0.5688622754491018,0.0867,0.12406692860656994,0.6938775510204082,0.6938775510204082,False,False,0.3469387755102041,1.0,1.0,0.6938775510204082,1.0,1.0,1.0,0.7313432835820896,1.0,1.0,0.48514851485148514,1.0,1.0,0.2934131736526946,1.0,0.8,1.0,1.0,0.11976047904191617,1.0,0.625,1.0,0.19161676646706588,1.0,0.3125,1.0,0.281437125748503,1.0,0.20833333333333334,1.0,0.3592814371257485,1.0,0.125,1.0,0.5179640718562875,0.03445,0.16208290883532323,0.6938775510204082,0.6938775510204082,False,False,0.3469387755102041,1.0,1.0,0.6938775510204082,1.0,1.0,1.0,0.7313432835820896,1.0,1.0,0.48514851485148514,1.0,1.0,0.2934131736526946,1.0,0.8,1.0,1.0,0.11976047904191617,1.0,0.625,1.0,0.19161676646706588,1.0,0.3125,1.0,0.281437125748503,1.0,0.20833333333333334,1.0,0.3592814371257485,1.0,0.125,1.0,0.5209580838323353,,,0.005136957594839231
vt_h4_c1,23,335,50,0.68,0.68,False,False,0.34,1.0,1.0,0.68,1.0,1.0,0.92,0.6865671641791045,0.92,0.96,0.4752475247524752,0.96,0.96,0.2857142857142857,0.96,0.8,1.0,1.0,0.11641791044776119,1.0,0.625,1.0,0.19402985074626866,1.0,0.3125,1.0,0.28059701492537314,1.0,0.20833333333333334,1.0,0.373134328358209,1.0,0.125,1.0,0.5492537313432836,0.04025735294117647,0.061979002614591695,0.68,0.68,False,False,0.34,1.0,1.0,0.68,1.0,1.0,1.0,0.746268656716418,1.0,1.0,0.49504950495049505,1.0,1.0,0.2976190476190476,1.0,0.8,1.0,1.0,0.11940298507462686,1.0,0.625,1.0,0.1761194029850746,1.0,0.3125,1.0,0.2656716417910448,1.0,0.20833333333333334,1.0,0.3582089552238806,1.0,0.125,1.0,0.5522388059701493,0.0625,0.08493801413602098,0.68,0.68,False,False,0.34,1.0,1.0,0.68,1.0,1.0,1.0,0.746268656716418,1.0,1.0,0.49504950495049505,1.0,1.0,0.2976190476190476,1.0,0.8,1.0,1.0,0.11641791044776119,1.0,0.625,1.0,0.1880597014925373,1.0,0.3125,1.0,0.2746268656716418,1.0,0.20833333333333334,1.0,0.35522388059701493,1.0,0.125,1.0,0.5253731343283582,0.061580882352941166,0.17828742596396405,0.68,0.68,False,False,0.34,1.0,1.0,0.68,1.0,1.0,1.0,0.746268656716418,1.0,1.0,0.49504950495049505,1.0,1.0,0.2976190476190476,1.0,0.8,1.0,1.0,0.11641791044776119,1.0,0.625,1.0,0.1880597014925373,1.0,0.3125,1.0,0.27761194029850744,1.0,0.20833333333333334,1.0,0.35522388059701493,1.0,0.125,1.0,0.5253731343283582,,,0.0021598056722025305
vt_h4_c1,24,333,48,0.6458333333333334,0.6458333333333334,False,False,0.3333333333333333,0.9411764705882353,0.9411764705882353,0.6458333333333334,0.9117647058823529,0.9117647058823529,0.8541666666666666,0.6119402985074627,0.8541666666666666,0.875,0.42,0.875,0.9166666666666666,0.2634730538922156,0.9166666666666666,0.6,0.75,0.75,0.0990990990990991,1.0,0.625,1.0,0.1831831831831832,1.0,0.3125,1.0,0.2732732732732733,1.0,0.20833333333333334,1.0,0.37537537537537535,1.0,0.125,1.0,0.5585585585585585,0.09979892761394105,0.12736275783875972,0.7083333333333334,0.7083333333333334,False,False,0.3541666666666667,1.0,1.0,0.7083333333333334,1.0,1.0,1.0,0.7164179104477612,1.0,1.0,0.48,1.0,1.0,0.2874251497005988,1.0,0.8,1.0,1.0,0.11411411411411411,1.0,0.625,1.0,0.1891891891891892,1.0,0.3125,1.0,0.2882882882882883,1.0,0.20833333333333334,1.0,0.37237237237237236,1.0,0.125,1.0,0.5405405405405406,0.13304289544235925,0.1997401577554314,0.7083333333333334,0.7083333333333334,False,False,0.3541666666666667,1.0,1.0,0.7083333333333334,1.0,1.0,1.0,0.7164179104477612,1.0,1.0,0.48,1.0,1.0,0.2874251497005988,1.0,0.8,1.0,1.0,0.11411411411411411,1.0,0.625,1.0,0.1831831831831832,1.0,0.3125,1.0,0.2732732732732733,1.0,0.20833333333333334,1.0,0.35135135135135137,1.0,0.125,1.0,0.5225225225225225,0.11409740840035747,0.18737263835597134,0.7083333333333334,0.7083333333333334,False,False,0.3541666666666667,1.0,1.0,0.7083333333333334,1.0,1.0,1.0,0.7164179104477612,1.0,1.0,0.48,1.0,1.0,0.2874251497005988,1.0,0.8,1.0,1.0,0.11411411411411411,1.0,0.625,1.0,0.1831831831831832,1.0,0.3125,1.0,0.2732732732732733,1.0,0.20833333333333334,1.0,0.35135135135135137,1.0,0.125,1.0,0.5225225225225225,,,0.0019001552417656775
vt_h4_c1,25,337,52,0.6153846153846154,0.6153846153846154,False,False,0.3076923076923077,0.9411764705882353,0.9411764705882353,0.6153846153846154,0.9411764705882353,0.9411764705882353,0.9230769230769231,0.7058823529411765,0.9230769230769231,0.9807692307692307,0.5,0.9807692307692307,0.9807692307692307,0.30177514792899407,0.9807692307692307,0.8,1.0,1.0,0.12166172106824925,1.0,0.625,1.0,0.18694362017804153,1.0,0.3125,1.0,0.27596439169139464,1.0,0.20833333333333334,1.0,0.37091988130563797,1.0,0.125,1.0,0.5400593471810089,0.08136550308008214,0.11201108594609019,0.6538461538461539,0.6538461538461539,False,False,0.3269230769230769,1.0,1.0,0.6538461538461539,1.0,1.0,1.0,0.7647058823529411,1.0,1.0,0.5098039215686274,1.0,1.0,0.3076923076923077,1.0,0.8,1.0,1.0,0.12166172106824925,1.0,0.625,1.0,0.18694362017804153,1.0,0.3125,1.0,0.27596439169139464,1.0,0.20833333333333334,1.0,0.37091988130563797,1.0,0.125,1.0,0.5459940652818991,0.08747433264887061,0.11904779795501737,0.6538461538461539,0.6538461538461539,False,False,0.3269230769230769,1.0,1.0,0.6538461538461539,1.0,1.0,1.0,0.7647058823529411,1.0,1.0,0.5098039215686274,1.0,1.0,0.3076923076923077,1.0,0.8,1.0,1.0,0.12462908011869436,1.0,0.625,1.0,0.19881305637982197,1.0,0.3125,1.0,0.2878338278931751,1.0,0.20833333333333334,1.0,0.36795252225519287,1.0,0.125,1.0,0.5281899109792285,0.10595482546201232,0.1799687649088196,0.6538461538461539,0.6538461538461539,False,False,0.3269230769230769,1.0,1.0,0.6538461538461539,1.0,1.0,1.0,0.7647058823529411,1.0,1.0,0.5098039215686274,1.0,1.0,0.3076923076923077,1.0,0.8,1.0,1.0,0.12462908011869436,1.0,0.625,1.0,0.19881305637982197,1.0,0.3125,1.0,0.2878338278931751,1.0,0.20833333333333334,1.0,0.36795252225519287,1.0,0.125,1.0,0.5222551928783383,,,0.0026574415165501186
vt_h4_c1,26,335,50,0.66,0.66,False,False,0.34,1.0,1.0,0.66,0.9705882352941176,0.9705882352941176,0.86,0.6417910447761194,0.86,0.9,0.44554455445544555,0.9,0.92,0.27380952380952384,0.92,0.8,1.0,1.0,0.11641791044776119,1.0,0.625,1.0,0.18208955223880596,1.0,0.3125,1.0,0.27761194029850744,1.0,0.20833333333333334,1.0,0.3701492537313433,1.0,0.125,1.0,0.5611940298507463,0.15925531914893615,0.2600441724179317,0.66,0.66,False,False,0.34,1.0,1.0,0.66,0.9705882352941176,0.9705882352941176,0.94,0.7014925373134329,0.94,0.94,0.46534653465346537,0.94,0.98,0.2916666666666667,0.98,0.8,1.0,1.0,0.11641791044776119,1.0,0.625,1.0,0.19402985074626866,1.0,0.3125,1.0,0.27761194029850744,1.0,0.20833333333333334,1.0,0.3761194029850746,1.0,0.125,1.0,0.5462686567164179,0.16744680851063828,0.2775033780054472,0.68,0.68,False,False,0.34,1.0,1.0,0.68,1.0,1.0,1.0,0.746268656716418,1.0,1.0,0.49504950495049505,1.0,1.0,0.2976190476190476,1.0,0.8,1.0,1.0,0.11940298507462686,1.0,0.625,1.0,0.18507462686567164,1.0,0.3125,1.0,0.2746268656716418,1.0,0.20833333333333334,1.0,0.3492537313432836,1.0,0.125,1.0,0.5164179104477612,0.062234042553191496,0.17413198367320787,0.68,0.68,False,False,0.34,1.0,1.0,0.68,1.0,1.0,1.0,0.746268656716418,1.0,1.0,0.49504950495049505,1.0,1.0,0.2976190476190476,1.0,0.8,1.0,1.0,0.11940298507462686,1.0,0.625,1.0,0.18507462686567164,1.0,0.3125,1.0,0.2746268656716418,1.0,0.20833333333333334,1.0,0.3492537313432836,1.0,0.125,1.0,0.5194029850746269,,,0.005206277889458599
vt_h4_c1,27,334,49,0.673469387755102,0.673469387755102,False,False,0.3469387755102041,1.0,1.0,0.673469387755102,0.9705882352941176,0.9705882352941176,0.9183673469387755,0.6716417910447762,0.9183673469387755,0.9795918367346939,0.4752475247524752,0.9795918367346939,0.9795918367346939,0.2874251497005988,0.9795918367346939,0.8,1.0,1.0,0.11676646706586827,1.0,0.625,1.0,0.18562874251497005,1.0,0.3125,1.0,0.27245508982035926,1.0,0.20833333333333334,1.0,0.38023952095808383,1.0,0.125,1.0,0.5538922155688623,0.07131782945736434,0.11149637147628622,0.6938775510204082,0.6938775510204082,False,False,0.3469387755102041,1.0,1.0,0.6938775510204082,1.0,1.0,1.0,0.7313432835820896,1.0,1.0,0.48514851485148514,1.0,1.0,0.2934131736526946,1.0,0.8,1.0,1.0,0.11676646706586827,1.0,0.625,1.0,0.18562874251497005,1.0,0.3125,1.0,0.2694610778443114,1.0,0.20833333333333334,1.0,0.36826347305389223,1.0,0.125,1.0,0.5508982035928144,0.07359496124031008,0.09987648038943811,0.6938775510204082,0.6938775510204082,False,False,0.3469387755102041,1.0,1.0,0.6938775510204082,1.0,1.0,1.0,0.7313432835820896,1.0,1.0,0.48514851485148514,1.0,1.0,0.2934131736526946,1.0,0.8,1.0,1.0,0.11676646706586827,1.0,0.625,1.0,0.18562874251497005,1.0,0.3125,1.0,0.2754491017964072,1.0,0.20833333333333334,1.0,0.3562874251497006,1.0,0.125,1.0,0.5389221556886228,0.05305232558139535,0.16011702201106132,0.6938775510204082,0.6938775510204082,False,False,0.3469387755102041,1.0,1.0,0.6938775510204082,1.0,1.0,1.0,0.7313432835820896,1.0,1.0,0.48514851485148514,1.0,1.0,0.2934131736526946,1.0,0.8,1.0,1.0,0.11676646706586827,1.0,0.625,1.0,0.18562874251497005,1.0,0.3125,1.0,0.2754491017964072,1.0,0.20833333333333334,1.0,0.3562874251497006,1.0,0.125,1.0,0.5389221556886228,,,0.0009568231229371005
vt_h4_c1,28,333,48,0.7083333333333334,0.7083333333333334,False,False,0.3541666666666667,1.0,1.0,0.7083333333333334,1.0,1.0,0.8541666666666666,0.6119402985074627,0.8541666666666666,0.875,0.42,0.875,0.8958333333333334,0.25748502994011974,0.8958333333333334,0.8,1.0,1.0,0.11711711711711711,1.0,0.625,1.0,0.18018018018018017,1.0,0.3125,1.0,0.2852852852852853,1.0,0.20833333333333334,1.0,0.37537537537537535,1.0,0.125,1.0,0.5525525525525525,0.05212041884816754,0.08571529847948059,0.7083333333333334,0.7083333333333334,False,False,0.3541666666666667,1.0,1.0,0.7083333333333334,1.0,1.0,0.9166666666666666,0.6567164179104478,0.9166666666666666,0.9166666666666666,0.44,0.9166666666666666,0.9166666666666666,0.2634730538922156,0.9166666666666666,0.8,1.0,1.0,0.11711711711711711,1.0,0.625,1.0,0.17717717717717718,1.0,0.3125,1.0,0.27927927927927926,1.0,0.20833333333333334,1.0,0.36936936936936937,1.0,0.125,1.0,0.5375375375375375,0.04070680628272252,0.05406350368410787,0.7083333333333334,0.7083333333333334,False,False,0.3541666666666667,1.0,1.0,0.7083333333333334,1.0,1.0,1.0,0.7164179104477612,1.0,1.0,0.48,1.0,1.0,0.2874251497005988,1.0,0.8,1.0,1.0,0.11411411411411411,1.0,0.625,1.0,0.1891891891891892,1.0,0.3125,1.0,0.2702702702702703,1.0,0.20833333333333334,1.0,0.35135135135135137,1.0,0.125,1.0,0.5225225225225225,0.03526178010471204,0.16024805674861828,0.7083333333333334,0.7083333333333334,False,False,0.3541666666666667,1.0,1.0,0.7083333333333334,1.0,1.0,1.0,0.7164179104477612,1.0,1.0,0.48,1.0,1.0,0.2874251497005988,1.0,0.8,1.0,1.0,0.11711711711711711,1.0,0.625,1.0,0.1891891891891892,1.0,0.3125,1.0,0.2702702702702703,1.0,0.20833333333333334,1.0,0.35735735735735735,1.0,0.125,1.0,0.5255255255255256,,,0.001953154392781986
vt_h4_c1,29,331,46,0.6304347826086957,0.6304347826086957,False,False,0.34782608695652173,0.9411764705882353,0.9411764705882353,0.6304347826086957,0.8529411764705882,0.8529411764705882,0.8478260869565217,0.582089552238806,0.8478260869565217,0.8913043478260869,0.41,0.8913043478260869,0.9130434782608695,0.25301204819277107,0.9130434782608695,0.8,1.0,1.0,0.11178247734138973,1.0,0.625,1.0,0.18429003021148035,1.0,0.3125,1.0,0.2809667673716012,1.0,0.20833333333333334,1.0,0.3716012084592145,1.0,0.125,1.0,0.5589123867069486,0.0983816425120773,0.12328954888197488,0.7391304347826086,0.7391304347826086,False,False,0.3695652173913043,1.0,1.0,0.7391304347826086,1.0,1.0,1.0,0.6865671641791045,1.0,1.0,0.46,1.0,1.0,0.27710843373493976,1.0,0.8,1.0,1.0,0.11178247734138973,1.0,0.625,1.0,0.17220543806646527,1.0,0.3125,1.0,0.2688821752265861,1.0,0.20833333333333334,1.0,0.3595166163141994,1.0,0.125,1.0,0.540785498489426,0.11553140096618356,0.17017754589895476,0.7391304347826086,0.7391304347826086,False,False,0.3695652173913043,1.0,1.0,0.7391304347826086,1.0,1.0,1.0,0.6865671641791045,1.0,1.0,0.46,1.0,1.0,0.27710843373493976,1.0,0.8,1.0,1.0,0.10876132930513595,1.0,0.625,1.0,0.18429003021148035,1.0,0.3125,1.0,0.2688821752265861,1.0,0.20833333333333334,1.0,0.3504531722054381,1.0,0.125,1.0,0.525679758308157,0.08905797101449273,0.18122695456476717,0.7391304347826086,0.7391304347826086,False,False,0.3695652173913043,1.0,1.0,0.7391304347826086,1.0,1.0,1.0,0.6865671641791045,1.0,1.0,0.46,1.0,1.0,0.27710843373493976,1.0,0.8,1.0,1.0,0.11178247734138973,1.0,0.625,1.0,0.18429003021148035,1.0,0.3125,1.0,0.2719033232628399,1.0,0.20833333333333334,1.0,0.3504531722054381,1.0,0.125,1.0,0.5226586102719033,,,0.0030644566324928846
vt_h4_c1,30,333,48,0.6458333333333334,0.6458333333333334,False,False,0.3333333333333333,0.9411764705882353,0.9411764705882353,0.6458333333333334,0.9117647058823529,0.9117647058823529,0.8541666666666666,0.6119402985074627,0.8541666666666666,0.9166666666666666,0.44,0.9166666666666666,0.9375,0.2694610778443114,0.9375,0.6,0.75,0.75,0.0990990990990991,1.0,0.625,1.0,0.1831831831831832,1.0,0.3125,1.0,0.2822822822822823,1.0,0.20833333333333334,1.0,0.37537537537537535,1.0,0.125,1.0,0.5585585585585585,0.07146017699115044,0.10340848050888733,0.7083333333333334,0.7083333333333334,False,False,0.3541666666666667,1.0,1.0,0.7083333333333334,1.0,1.0,1.0,0.7164179104477612,1.0,1.0,0.48,1.0,1.0,0.2874251497005988,1.0,0.8,1.0,1.0,0.11411411411411411,1.0,0.625,1.0,0.1831831831831832,1.0,0.3125,1.0,0.2822822822822823,1.0,0.20833333333333334,1.0,0.37537537537537535,1.0,0.125,1.0,0.5555555555555556,0.08930678466076696,0.12378506678207905,0.7083333333333334,0.7083333333333334,False,False,0.3541666666666667,1.0,1.0,0.7083333333333334,1.0,1.0,1.0,0.7164179104477612,1.0,1.0,0.48,1.0,1.0,0.2874251497005988,1.0,0.8,1.0,1.0,0.11411411411411411,1.0,0.625,1.0,0.1891891891891892,1.0,0.3125,1.0,0.27927927927927926,1.0,0.20833333333333334,1.0,0.35135135135135137,1.0,0.125,1.0,0.5225225225225225,0.08178466076696163,0.17109145110323526,0.7083333333333334,0.7083333333333334,False,False,0.3541666666666667,1.0,1.0,0.7083333333333334,1.0,1.0,1.0,0.7164179104477612,1.0,1.0,0.48,1.0,1.0,0.2874251497005988,1.0,0.8,1.0,1.0,0.11411411411411411,1.0,0.625,1.0,0.1891891891891892,1.0,0.3125,1.0,0.27927927927927926,1.0,0.20833333333333334,1.0,0.35435435435435436,1.0,0.125,1.0,0.5255255255255256,,,0.002170499508911128
vt_h4_c1,31,333,48,0.7083333333333334,0.7083333333333334,False,False,0.3541666666666667,1.0,1.0,0.7083333333333334,1.0,1.0,0.8541666666666666,0.6119402985074627,0.8541666666666666,0.9375,0.45,0.9375,0.9583333333333334,0.2754491017964072,0.9583333333333334,0.8,1.0,1.0,0.11411411411411411,1.0,0.625,1.0,0.17717717717717718,1.0,0.3125,1.0,0.2702702702702703,1.0,0.20833333333333334,1.0,0.37237237237237236,1.0,0.125,1.0,0.5405405405405406,0.10357811038353604,0.15938513125244674,0.7083333333333334,0.7083333333333334,False,False,0.3541666666666667,1.0,1.0,0.7083333333333334,1.0,1.0,1.0,0.7164179104477612,1.0,1.0,0.48,1.0,1.0,0.2874251497005988,1.0,0.8,1.0,1.0,0.11711711711711711,1.0,0.625,1.0,0.17117117117117117,1.0,0.3125,1.0,0.2732732732732733,1.0,0.20833333333333334,1.0,0.3663663663663664,1.0,0.125,1.0,0.5345345345345346,0.08543030869971938,0.11671752493224015,0.7083333333333334,0.7083333333333334,False,False,0.3541666666666667,1.0,1.0,0.7083333333333334,1.0,1.0,1.0,0.7164179104477612,1.0,1.0,0.48,1.0,1.0,0.2874251497005988,1.0,0.8,1.0,1.0,0.11411411411411411,1.0,0.625,1.0,0.1831831831831832,1.0,0.3125,1.0,0.2702702702702703,1.0,0.20833333333333334,1.0,0.3483483483483483,1.0,0.125,1.0,0.5285285285285285,0.046936389148737136,0.17188140665591048,0.7083333333333334,0.7083333333333334,False,False,0.3541666666666667,1.0,1.0,0.7083333333333334,1.0,1.0,1.0,0.7164179104477612,1.0,1.0,0.48,1.0,1.0,0.2874251497005988,1.0,0.8,1.0,1.0,0.11411411411411411,1.0,0.625,1.0,0.1891891891891892,1.0,0.3125,1.0,0.2702702702702703,1.0,0.20833333333333334,1.0,0.35135135135135137,1.0,0.125,1.0,0.5285285285285285,,,0.0030334576345745212
vt_h4_c1,32,331,46,0.6521739130434783,0.6521739130434783,False,False,0.34782608695652173,0.9411764705882353,0.9411764705882353,0.6521739130434783,0.8823529411764706,0.8823529411764706,0.8043478260869565,0.5522388059701493,0.8043478260869565,0.8260869565217391,0.38,0.8260869565217391,0.8478260869565217,0.23493975903614459,0.8478260869565217,0.8,1.0,1.0,0.11178247734138973,1.0,0.625,1.0,0.18126888217522658,1.0,0.3125,1.0,0.27794561933534745,1.0,0.20833333333333334,1.0,0.36555891238670696,1.0,0.125,1.0,0.540785498489426,0.07253593429158112,0.10279623560408954,0.717391304347826,0.717391304347826,False,False,0.3695652173913043,1.0,1.0,0.717391304347826,0.9705882352941176,0.9705882352941176,1.0,0.6865671641791045,1.0,1.0,0.46,1.0,1.0,0.27710843373493976,1.0,0.8,1.0,1.0,0.11178247734138973,1.0,0.625,1.0,0.18429003021148035,1.0,0.3125,1.0,0.283987915407855,1.0,0.20833333333333334,1.0,0.37462235649546827,1.0,0.125,1.0,0.5558912386706949,0.0465605749486653,0.07582606237743979,0.7391304347826086,0.7391304347826086,False,False,0.3695652173913043,1.0,1.0,0.7391304347826086,1.0,1.0,1.0,0.6865671641791045,1.0,1.0,0.46,1.0,1.0,0.27710843373493976,1.0,0.8,1.0,1.0,0.11178247734138973,1.0,0.625,1.0,0.1782477341389728,1.0,0.3125,1.0,0.2719033232628399,1.0,0.20833333333333334,1.0,0.3504531722054381,1.0,0.125,1.0,0.5377643504531722,0.11647843942505132,0.21199668175583675,0.7391304347826086,0.7391304347826086,False,False,0.3695652173913043,1.0,1.0,0.7391304347826086,1.0,1.0,1.0,0.6865671641791045,1.0,1.0,0.46,1.0,1.0,0.27710843373493976,1.0,0.8,1.0,1.0,0.11178247734138973,1.0,0.625,1.0,0.1782477341389728,1.0,0.3125,1.0,0.2719033232628399,1.0,0.20833333333333334,1.0,0.3504531722054381,1.0,0.125,1.0,0.5377643504531722,,,0.0022165940794833805
vt_h4_c1,33,337,52,0.6538461538461539,0.6538461538461539,False,False,0.3269230769230769,1.0,1.0,0.6538461538461539,1.0,1.0,0.9038461538461539,0.6911764705882353,0.9038461538461539,0.9230769230769231,0.47058823529411764,0.9230769230769231,0.9423076923076923,0.28994082840236685,0.9423076923076923,0.8,1.0,1.0,0.12166172106824925,1.0,0.625,1.0,0.19287833827893175,1.0,0.3125,1.0,0.2878338278931751,1.0,0.20833333333333334,1.0,0.3827893175074184,1.0,0.125,1.0,0.5756676557863502,0.07206994328922495,0.09538440311345611,0.6538461538461539,0.6538461538461539,False,False,0.3269230769230769,1.0,1.0,0.6538461538461539,1.0,1.0,0.9807692307692307,0.75,0.9807692307692307,0.9807692307692307,0.5,0.9807692307692307,0.9807692307692307,0.30177514792899407,0.9807692307692307,0.8,1.0,1.0,0.12166172106824925,1.0,0.625,1.0,0.19881305637982197,1.0,0.3125,1.0,0.27596439169139464,1.0,0.20833333333333334,1.0,0.37388724035608306,1.0,0.125,1.0,0.5578635014836796,0.07178638941398865,0.09151989411414736,0.6538461538461539,0.6538461538461539,False,False,0.3269230769230769,1.0,1.0,0.6538461538461539,1.0,1.0,1.0,0.7647058823529411,1.0,1.0,0.5098039215686274,1.0,1.0,0.3076923076923077,1.0,0.8,1.0,1.0,0.12166172106824925,1.0,0.625,1.0,0.19881305637982197,1.0,0.3125,1.0,0.27596439169139464,1.0,0.20833333333333334,1.0,0.3590504451038576,1.0,0.125,1.0,0.5341246290801187,0.04362003780718336,0.1668333904384086,0.6538461538461539,0.6538461538461539,False,False,0.3269230769230769,1.0,1.0,0.6538461538461539,1.0,1.0,1.0,0.7647058823529411,1.0,1.0,0.5098039215686274,1.0,1.0,0.3076923076923077,1.0,0.8,1.0,1.0,0.12462908011869436,1.0,0.625,1.0,0.19881305637982197,1.0,0.3125,1.0,0.27596439169139464,1.0,0.20833333333333334,1.0,0.3620178041543027,1.0,0.125,1.0,0.5341246290801187,,,0.0015646137777882707
vt_h4_c1,34,335,50,0.66,0.66,False,False,0.34,1.0,1.0,0.66,0.9705882352941176,0.9705882352941176,0.9,0.6716417910447762,0.9,0.94,0.46534653465346537,0.94,0.98,0.2916666666666667,0.98,0.8,1.0,1.0,0.11940298507462686,1.0,0.625,1.0,0.1880597014925373,1.0,0.3125,1.0,0.29253731343283584,1.0,0.20833333333333334,1.0,0.3940298507462687,1.0,0.125,1.0,0.564179104477612,0.0735655737704918,0.11047063067401808,0.68,0.68,False,False,0.34,1.0,1.0,0.68,1.0,1.0,0.96,0.7164179104477612,0.96,0.98,0.48514851485148514,0.98,0.98,0.2916666666666667,0.98,0.8,1.0,1.0,0.11940298507462686,1.0,0.625,1.0,0.1880597014925373,1.0,0.3125,1.0,0.2865671641791045,1.0,0.20833333333333334,1.0,0.37910447761194027,1.0,0.125,1.0,0.5462686567164179,0.10348360655737707,0.15338596419554923,0.68,0.68,False,False,0.34,1.0,1.0,0.68,1.0,1.0,1.0,0.746268656716418,1.0,1.0,0.49504950495049505,1.0,1.0,0.2976190476190476,1.0,0.8,1.0,1.0,0.11641791044776119,1.0,0.625,1.0,0.18507462686567164,1.0,0.3125,1.0,0.27761194029850744,1.0,0.20833333333333334,1.0,0.3522388059701492,1.0,0.125,1.0,0.5253731343283582,0.08801229508196722,0.18980703525989825,0.68,0.68,False,False,0.34,1.0,1.0,0.68,1.0,1.0,1.0,0.746268656716418,1.0,1.0,0.49504950495049505,1.0,1.0,0.2976190476190476,1.0,0.8,1.0,1.0,0.11940298507462686,1.0,0.625,1.0,0.18507462686567164,1.0,0.3125,1.0,0.28059701492537314,1.0,0.20833333333333334,1.0,0.35522388059701493,1.0,0.125,1.0,0.5253731343283582,,,0.0026515863181870714
vt_h4_c1,35,333,48,0.6041666666666666,0.6041666666666666,False,False,0.3333333333333333,0.9411764705882353,0.9411764705882353,0.6041666666666666,0.8529411764705882,0.8529411764705882,0.8541666666666666,0.6119402985074627,0.8541666666666666,0.9166666666666666,0.44,0.9166666666666666,0.9375,0.2694610778443114,0.9375,0.6,0.75,0.75,0.10510510510510511,1.0,0.625,1.0,0.1891891891891892,1.0,0.3125,1.0,0.26426426426426425,1.0,0.20833333333333334,1.0,0.36036036036036034,1.0,0.125,1.0,0.5525525525525525,0.06683583406884377,0.07784900353501263,0.7083333333333334,0.7083333333333334,False,False,0.3541666666666667,1.0,1.0,0.7083333333333334,1.0,1.0,0.9791666666666666,0.7014925373134329,0.9791666666666666,1.0,0.48,1.0,1.0,0.2874251497005988,1.0,0.8,1.0,1.0,0.11711711711711711,1.0,0.625,1.0,0.18618618618618618,1.0,0.3125,1.0,0.27927927927927926,1.0,0.20833333333333334,1.0,0.37237237237237236,1.0,0.125,1.0,0.5525525525525525,0.04419682259488085,0.0669687591299717,0.7083333333333334,0.7083333333333334,False,False,0.3541666666666667,1.0,1.0,0.7083333333333334,1.0,1.0,1.0,0.7164179104477612,1.0,1.0,0.48,1.0,1.0,0.2874251497005988,1.0,0.8,1.0,1.0,0.11711711711711711,1.0,0.625,1.0,0.18618618618618618,1.0,0.3125,1.0,0.27627627627627627,1.0,0.20833333333333334,1.0,0.35735735735735735,1.0,0.125,1.0,0.5285285285285285,0.05112533097969992,0.1619975593339696,0.7083333333333334,0.7083333333333334,False,False,0.3541666666666667,1.0,1.0,0.7083333333333334,1.0,1.0,1.0,0.7164179104477612,1.0,1.0,0.48,1.0,1.0,0.2874251497005988,1.0,0.8,1.0,1.0,0.11711711711711711,1.0,0.625,1.0,0.18618618618618618,1.0,0.3125,1.0,0.27627627627627627,1.0,0.20833333333333334,1.0,0.35735735735735735,1.0,0.125,1.0,0.5345345345345346,,,0.0016435532981606826
vt_h4_c1,36,335,50,0.6,0.6,False,False,0.32,0.9411764705882353,0.9411764705882353,0.6,0.8823529411764706,0.8823529411764706,0.86,0.6417910447761194,0.86,0.9,0.44554455445544555,0.9,0.92,0.27380952380952384,0.92,0.8,1.0,1.0,0.11641791044776119,1.0,0.625,1.0,0.1880597014925373,1.0,0.3125,1.0,0.2746268656716418,1.0,0.20833333333333334,1.0,0.373134328358209,1.0,0.125,1.0,0.564179104477612,0.0861111111111111,0.12125346805517487,0.68,0.68,False,False,0.34,1.0,1.0,0.68,1.0,1.0,0.98,0.7313432835820896,0.98,0.98,0.48514851485148514,0.98,0.98,0.2916666666666667,0.98,0.8,1.0,1.0,0.11641791044776119,1.0,0.625,1.0,0.1880597014925373,1.0,0.3125,1.0,0.28955223880597014,1.0,0.20833333333333334,1.0,0.3761194029850746,1.0,0.125,1.0,0.5462686567164179,0.060727969348659004,0.08330199742281744,0.68,0.68,False,False,0.34,1.0,1.0,0.68,1.0,1.0,1.0,0.746268656716418,1.0,1.0,0.49504950495049505,1.0,1.0,0.2976190476190476,1.0,0.8,1.0,1.0,0.11940298507462686,1.0,0.625,1.0,0.19402985074626866,1.0,0.3125,1.0,0.28059701492537314,1.0,0.20833333333333334,1.0,0.3641791044776119,1.0,0.125,1.0,0.5373134328358209,0.04822796934865901,0.1621480335298978,0.68,0.68,False,False,0.34,1.0,1.0,0.68,1.0,1.0,1.0,0.746268656716418,1.0,1.0,0.49504950495049505,1.0,1.0,0.2976190476190476,1.0,0.8,1.0,1.0,0.11940298507462686,1.0,0.625,1.0,0.19402985074626866,1.0,0.3125,1.0,0.28059701492537314,1.0,0.20833333333333334,1.0,0.3641791044776119,1.0,0.125,1.0,0.5373134328358209,,,0.0020162370176430855
vt_h4_c1,37,331,46,0.717391304347826,0.717391304347826,False,False,0.34782608695652173,0.9411764705882353,0.9411764705882353,0.717391304347826,0.9705882352941176,0.9705882352941176,0.8478260869565217,0.582089552238806,0.8478260869565217,0.8913043478260869,0.41,0.8913043478260869,0.8913043478260869,0.2469879518072289,0.8913043478260869,0.8,1.0,1.0,0.1148036253776435,1.0,0.625,1.0,0.18429003021148035,1.0,0.3125,1.0,0.2719033232628399,1.0,0.20833333333333334,1.0,0.3776435045317221,1.0,0.125,1.0,0.5619335347432024,0.07088801399825023,0.08919162586769916,0.7391304347826086,0.7391304347826086,False,False,0.3695652173913043,1.0,1.0,0.7391304347826086,1.0,1.0,1.0,0.6865671641791045,1.0,1.0,0.46,1.0,1.0,0.27710843373493976,1.0,0.8,1.0,1.0,0.10876132930513595,1.0,0.625,1.0,0.17220543806646527,1.0,0.3125,1.0,0.27794561933534745,1.0,0.20833333333333334,1.0,0.36253776435045315,1.0,0.125,1.0,0.5468277945619335,0.09901574803149608,0.14183666685233462,0.7391304347826086,0.7391304347826086,False,False,0.3695652173913043,1.0,1.0,0.7391304347826086,1.0,1.0,1.0,0.6865671641791045,1.0,1.0,0.46,1.0,1.0,0.27710843373493976,1.0,0.8,1.0,1.0,0.10876132930513595,1.0,0.625,1.0,0.18429003021148035,1.0,0.3125,1.0,0.2688821752265861,1.0,0.20833333333333334,1.0,0.3504531722054381,1.0,0.125,1.0,0.5317220543806647,0.09324146981627295,0.1781046656681712,0.7391304347826086,0.7391304347826086,False,False,0.3695652173913043,1.0,1.0,0.7391304347826086,1.0,1.0,1.0,0.6865671641791045,1.0,1.0,0.46,1.0,1.0,0.27710843373493976,1.0,0.8,1.0,1.0,0.10876132930513595,1.0,0.625,1.0,0.18429003021148035,1.0,0.3125,1.0,0.2688821752265861,1.0,0.20833333333333334,1.0,0.35347432024169184,1.0,0.125,1.0,0.5317220543806647,,,0.0009395074525455627
vt_h4_c1,38,333,48,0.6666666666666666,0.6666666666666666,False,False,0.3541666666666667,1.0,1.0,0.6666666666666666,0.9411764705882353,0.9411764705882353,0.8333333333333334,0.5970149253731343,0.8333333333333334,0.8333333333333334,0.4,0.8333333333333334,0.8541666666666666,0.24550898203592814,0.8541666666666666,0.8,1.0,1.0,0.11711711711711711,1.0,0.625,1.0,0.1831831831831832,1.0,0.3125,1.0,0.27927927927927926,1.0,0.20833333333333334,1.0,0.36936936936936937,1.0,0.125,1.0,0.5585585585585585,0.04667832167832168,0.07068691635801219,0.7083333333333334,0.7083333333333334,False,False,0.3541666666666667,1.0,1.0,0.7083333333333334,1.0,1.0,0.9791666666666666,0.7014925373134329,0.9791666666666666,1.0,0.48,1.0,1.0,0.2874251497005988,1.0,0.8,1.0,1.0,0.11711711711711711,1.0,0.625,1.0,0.1891891891891892,1.0,0.3125,1.0,0.2732732732732733,1.0,0.20833333333333334,1.0,0.37237237237237236,1.0,0.125,1.0,0.5525525525525525,0.10786713286713283,0.15283228860560977,0.7083333333333334,0.7083333333333334,False,False,0.3541666666666667,1.0,1.0,0.7083333333333334,1.0,1.0,1.0,0.7164179104477612,1.0,1.0,0.48,1.0,1.0,0.2874251497005988,1.0,0.8,1.0,1.0,0.11711711711711711,1.0,0.625,1.0,0.1891891891891892,1.0,0.3125,1.0,0.2672672672672673,1.0,0.20833333333333334,1.0,0.34534534534534533,1.0,0.125,1.0,0.5165165165165165,0.03444055944055944,0.1769318172041962,0.7083333333333334,0.7083333333333334,False,False,0.3541666666666667,1.0,1.0,0.7083333333333334,1.0,1.0,1.0,0.7164179104477612,1.0,1.0,0.48,1.0,1.0,0.2874251497005988,1.0,0.8,1.0,1.0,0.11711711711711711,1.0,0.625,1.0,0.1891891891891892,1.0,0.3125,1.0,0.2702702702702703,1.0,0.20833333333333334,1.0,0.34534534534534533,1.0,0.125,1.0,0.5195195195195195,,,0.002109472950752256
vt_h4_c1,39,331,46,0.6521739130434783,0.6521739130434783,False,False,0.34782608695652173,0.9411764705882353,0.9411764705882353,0.6521739130434783,0.8823529411764706,0.8823529411764706,0.8478260869565217,0.582089552238806,0.8478260869565217,0.8913043478260869,0.41,0.8913043478260869,0.9130434782608695,0.25301204819277107,0.9130434782608695,0.6,0.75,0.75,0.09969788519637462,1.0,0.625,1.0,0.18126888217522658,1.0,0.3125,1.0,0.26586102719033233,1.0,0.20833333333333334,1.0,0.36555891238670696,1.0,0.125,1.0,0.5438066465256798,0.06668326693227092,0.07656691907562096,0.7391304347826086,0.7391304347826086,False,False,0.3695652173913043,1.0,1.0,0.7391304347826086,1.0,1.0,1.0,0.6865671641791045,1.0,1.0,0.46,1.0,1.0,0.27710843373493976,1.0,0.8,1.0,1.0,0.11178247734138973,1.0,0.625,1.0,0.17522658610271905,1.0,0.3125,1.0,0.27492447129909364,1.0,0.20833333333333334,1.0,0.37462235649546827,1.0,0.125,1.0,0.5619335347432024,0.0851593625498008,0.12925104512658117,0.7391304347826086,0.7391304347826086,False,False,0.3695652173913043,1.0,1.0,0.7391304347826086,1.0,1.0,1.0,0.6865671641791045,1.0,1.0,0.46,1.0,1.0,0.27710843373493976,1.0,0.8,1.0,1.0,0.10876132930513595,1.0,0.625,1.0,0.17220543806646527,1.0,0.3125,1.0,0.2719033232628399,1.0,0.20833333333333334,1.0,0.3474320241691843,1.0,0.125,1.0,0.5196374622356495,0.06733067729083665,0.16349864900718408,0.7391304347826086,0.7391304347826086,False,False,0.3695652173913043,1.0,1.0,0.7391304347826086,1.0,1.0,1.0,0.6865671641791045,1.0,1.0,0.46,1.0,1.0,0.27710843373493976,1.0,0.8,1.0,1.0,0.10876132930513595,1.0,0.625,1.0,0.17220543806646527,1.0,0.3125,1.0,0.2719033232628399,1.0,0.20833333333333334,1.0,0.3504531722054381,1.0,0.125,1.0,0.5226586102719033,,,0.001922476262885997
vt_h4_c1,40,332,47,0.6595744680851063,0.6595744680851063,False,False,0.3617021276595745,1.0,1.0,0.6595744680851063,0.9117647058823529,0.9117647058823529,0.851063829787234,0.5970149253731343,0.851063829787234,0.8723404255319149,0.41,0.8723404255319149,0.9148936170212766,0.25903614457831325,0.9148936170212766,0.8,1.0,1.0,0.11144578313253012,1.0,0.625,1.0,0.18674698795180722,1.0,0.3125,1.0,0.2921686746987952,1.0,0.20833333333333334,1.0,0.3795180722891566,1.0,0.125,1.0,0.5481927710843374,0.09141791044776118,0.12093916395060518,0.723404255319149,0.723404255319149,False,False,0.3617021276595745,1.0,1.0,0.723404255319149,1.0,1.0,0.9574468085106383,0.6716417910447762,0.9574468085106383,0.9574468085106383,0.45,0.9574468085106383,0.9787234042553191,0.27710843373493976,0.9787234042553191,0.8,1.0,1.0,0.11144578313253012,1.0,0.625,1.0,0.18072289156626506,1.0,0.3125,1.0,0.2680722891566265,1.0,0.20833333333333334,1.0,0.3674698795180723,1.0,0.125,1.0,0.5512048192771084,0.11017412935323385,0.16032641297556682,0.723404255319149,0.723404255319149,False,False,0.3617021276595745,1.0,1.0,0.723404255319149,1.0,1.0,1.0,0.7014925373134329,1.0,1.0,0.47,1.0,1.0,0.28313253012048195,1.0,0.8,1.0,1.0,0.11144578313253012,1.0,0.625,1.0,0.18072289156626506,1.0,0.3125,1.0,0.2680722891566265,1.0,0.20833333333333334,1.0,0.3493975903614458,1.0,0.125,1.0,0.5271084337349398,0.11907960199004977,0.19560346829911848,0.723404255319149,0.723404255319149,False,False,0.3617021276595745,1.0,1.0,0.723404255319149,1.0,1.0,1.0,0.7014925373134329,1.0,1.0,0.47,1.0,1.0,0.28313253012048195,1.0,0.8,1.0,1.0,0.11144578313253012,1.0,0.625,1.0,0.18072289156626506,1.0,0.3125,1.0,0.2680722891566265,1.0,0.20833333333333334,1.0,0.3493975903614458,1.0,0.125,1.0,0.5331325301204819,,,0.0016056934578223547
vt_h4_c1,41,333,48,0.6875,0.6875,False,False,0.3541666666666667,1.0,1.0,0.6875,0.9705882352941176,0.9705882352941176,0.8333333333333334,0.5970149253731343,0.8333333333333334,0.8541666666666666,0.41,0.8541666666666666,0.8541666666666666,0.24550898203592814,0.8541666666666666,0.8,1.0,1.0,0.11711711711711711,1.0,0.625,1.0,0.18618618618618618,1.0,0.3125,1.0,0.29429429429429427,1.0,0.20833333333333334,1.0,0.3783783783783784,1.0,0.125,1.0,0.5585585585585585,0.08487328405491026,0.12679794234867164,0.7083333333333334,0.7083333333333334,False,False,0.3541666666666667,1.0,1.0,0.7083333333333334,1.0,1.0,0.9583333333333334,0.6865671641791045,0.9583333333333334,1.0,0.48,1.0,1.0,0.2874251497005988,1.0,0.8,1.0,1.0,0.11711711711711711,1.0,0.625,1.0,0.1831831831831832,1.0,0.3125,1.0,0.2822822822822823,1.0,0.20833333333333334,1.0,0.3633633633633634,1.0,0.125,1.0,0.5525525525525525,0.14105068637803586,0.22182571655898325,0.7083333333333334,0.7083333333333334,False,False,0.3541666666666667,1.0,1.0,0.7083333333333334,1.0,1.0,1.0,0.7164179104477612,1.0,1.0,0.48,1.0,1.0,0.2874251497005988,1.0,0.8,1.0,1.0,0.11711711711711711,1.0,0.625,1.0,0.1831831831831832,1.0,0.3125,1.0,0.2702702702702703,1.0,0.20833333333333334,1.0,0.3483483483483483,1.0,0.125,1.0,0.5315315315315315,0.08951953537486801,0.17442295960443827,0.7083333333333334,0.7083333333333334,False,False,0.3541666666666667,1.0,1.0,0.7083333333333334,1.0,1.0,1.0,0.7164179104477612,1.0,1.0,0.48,1.0,1.0,0.2874251497005988,1.0,0.8,1.0,1.0,0.11711711711711711,1.0,0.625,1.0,0.1891891891891892,1.0,0.3125,1.0,0.2732732732732733,1.0,0.20833333333333334,1.0,0.3483483483483483,1.0,0.125,1.0,0.5315315315315315,,,0.004499878322217432
vt_h4_c1,42,329,44,0.6363636363636364,0.6363636363636364,False,False,0.36363636363636365,0.9411764705882353,0.9411764705882353,0.6363636363636364,0.8484848484848485,0.8484848484848485,0.8409090909090909,0.5606060606060606,0.8409090909090909,0.8863636363636364,0.3939393939393939,0.8863636363636364,0.9090909090909091,0.24242424242424243,0.9090909090909091,0.6,0.75,0.75,0.0972644376899696,1.0,0.625,1.0,0.17325227963525835,1.0,0.3125,1.0,0.2613981762917933,1.0,0.20833333333333334,1.0,0.364741641337386,1.0,0.125,1.0,0.5562310030395137,0.04783037475345168,0.08764524440493175,0.75,0.75,False,False,0.38636363636363635,1.0,1.0,0.75,1.0,1.0,0.9772727272727273,0.6515151515151515,0.9772727272727273,1.0,0.4444444444444444,1.0,1.0,0.26666666666666666,1.0,0.8,1.0,1.0,0.1094224924012158,1.0,0.625,1.0,0.17325227963525835,1.0,0.3125,1.0,0.2735562310030395,1.0,0.20833333333333334,1.0,0.3677811550151976,1.0,0.125,1.0,0.5501519756838906,0.11301775147928991,0.16997235469294353,0.75,0.75,False,False,0.38636363636363635,1.0,1.0,0.75,1.0,1.0,1.0,0.6666666666666666,1.0,1.0,0.4444444444444444,1.0,1.0,0.26666666666666666,1.0,0.8,1.0,1.0,0.1033434650455927,1.0,0.625,1.0,0.17933130699088146,1.0,0.3125,1.0,0.2674772036474164,1.0,0.20833333333333334,1.0,0.3495440729483283,1.0,0.125,1.0,0.5167173252279635,0.0381163708086785,0.16295440530467503,0.75,0.75,False,False,0.38636363636363635,1.0,1.0,0.75,1.0,1.0,1.0,0.6666666666666666,1.0,1.0,0.4444444444444444,1.0,1.0,0.26666666666666666,1.0,0.8,1.0,1.0,0.1033434650455927,1.0,0.625,1.0,0.17933130699088146,1.0,0.3125,1.0,0.2674772036474164,1.0,0.20833333333333334,1.0,0.3525835866261398,1.0,0.125,1.0,0.5167173252279635,,,0.0012926427305788302
vt_h4_c1,43,333,48,0.6458333333333334,0.6458333333333334,False,False,0.3333333333333333,0.9411764705882353,0.9411764705882353,0.6458333333333334,0.9117647058823529,0.9117647058823529,0.875,0.6268656716417911,0.875,0.9166666666666666,0.44,0.9166666666666666,0.9375,0.2694610778443114,0.9375,0.6,0.75,0.75,0.0990990990990991,1.0,0.625,1.0,0.17717717717717718,1.0,0.3125,1.0,0.27627627627627627,1.0,0.20833333333333334,1.0,0.3663663663663664,1.0,0.125,1.0,0.5465465465465466,0.07595602294455066,0.09341464339949705,0.7083333333333334,0.7083333333333334,False,False,0.3541666666666667,1.0,1.0,0.7083333333333334,1.0,1.0,1.0,0.7164179104477612,1.0,1.0,0.48,1.0,1.0,0.2874251497005988,1.0,0.8,1.0,1.0,0.11411411411411411,1.0,0.625,1.0,0.17717717717717718,1.0,0.3125,1.0,0.27627627627627627,1.0,0.20833333333333334,1.0,0.37537537537537535,1.0,0.125,1.0,0.5525525525525525,0.07026768642447417,0.08655337674264088,0.7083333333333334,0.7083333333333334,False,False,0.3541666666666667,1.0,1.0,0.7083333333333334,1.0,1.0,1.0,0.7164179104477612,1.0,1.0,0.48,1.0,1.0,0.2874251497005988,1.0,0.8,1.0,1.0,0.11411411411411411,1.0,0.625,1.0,0.1831831831831832,1.0,0.3125,1.0,0.2822822822822823,1.0,0.20833333333333334,1.0,0.35735735735735735,1.0,0.125,1.0,0.5225225225225225,0.07404397705544932,0.17171680076072587,0.7083333333333334,0.7083333333333334,False,False,0.3541666666666667,1.0,1.0,0.7083333333333334,1.0,1.0,1.0,0.7164179104477612,1.0,1.0,0.48,1.0,1.0,0.2874251497005988,1.0,0.8,1.0,1.0,0.11411411411411411,1.0,0.625,1.0,0.1891891891891892,1.0,0.3125,1.0,0.2822822822822823,1.0,0.20833333333333334,1.0,0.35735735735735735,1.0,0.125,1.0,0.5255255255255256,,,0.002590220649899777
vt_h4_c1,44,333,48,0.6666666666666666,0.6666666666666666,False,False,0.3333333333333333,0.9411764705882353,0.9411764705882353,0.6666666666666666,0.9411764705882353,0.9411764705882353,0.8541666666666666,0.6119402985074627,0.8541666666666666,0.875,0.42,0.875,0.8958333333333334,0.25748502994011974,0.8958333333333334,0.8,1.0,1.0,0.11711711711711711,1.0,0.625,1.0,0.17717717717717718,1.0,0.3125,1.0,0.2732732732732733,1.0,0.20833333333333334,1.0,0.37237237237237236,1.0,0.125,1.0,0.5465465465465466,0.04583832335329341,0.07243862499006704,0.7083333333333334,0.7083333333333334,False,False,0.3541666666666667,1.0,1.0,0.7083333333333334,1.0,1.0,0.9583333333333334,0.6865671641791045,0.9583333333333334,0.9583333333333334,0.46,0.9583333333333334,0.9583333333333334,0.2754491017964072,0.9583333333333334,0.8,1.0,1.0,0.11711711711711711,1.0,0.625,1.0,0.17717717717717718,1.0,0.3125,1.0,0.2732732732732733,1.0,0.20833333333333334,1.0,0.3483483483483483,1.0,0.125,1.0,0.5315315315315315,0.07158682634730539,0.09492981391329651,0.7083333333333334,0.7083333333333334,False,False,0.3541666666666667,1.0,1.0,0.7083333333333334,1.0,1.0,1.0,0.7164179104477612,1.0,1.0,0.48,1.0,1.0,0.2874251497005988,1.0,0.8,1.0,1.0,0.11711711711711711,1.0,0.625,1.0,0.1831831831831832,1.0,0.3125,1.0,0.27627627627627627,1.0,0.20833333333333334,1.0,0.35435435435435436,1.0,0.125,1.0,0.5165165165165165,0.07038922155688623,0.17306165221267797,0.7083333333333334,0.7083333333333334,False,False,0.3541666666666667,1.0,1.0,0.7083333333333334,1.0,1.0,1.0,0.7164179104477612,1.0,1.0,0.48,1.0,1.0,0.2874251497005988,1.0,0.8,1.0,1.0,0.11711711711711711,1.0,0.625,1.0,0.1831831831831832,1.0,0.3125,1.0,0.27627627627627627,1.0,0.20833333333333334,1.0,0.35435435435435436,1.0,0.125,1.0,0.5195195195195195,,,0.001842828162888388
vt_h4_c1,45,333,48,0.6875,0.6875,False,False,0.3541666666666667,1.0,1.0,0.6875,0.9705882352941176,0.9705882352941176,0.875,0.6268656716417911,0.875,0.8958333333333334,0.43,0.8958333333333334,0.9166666666666666,0.2634730538922156,0.9166666666666666,0.8,1.0,1.0,0.11711711711711711,1.0,0.625,1.0,0.1831831831831832,1.0,0.3125,1.0,0.27927927927927926,1.0,0.20833333333333334,1.0,0.3663663663663664,1.0,0.125,1.0,0.5495495495495496,0.07019230769230769,0.10322921949746648,0.7083333333333334,0.7083333333333334,False,False,0.3541666666666667,1.0,1.0,0.7083333333333334,1.0,1.0,0.9791666666666666,0.7014925373134329,0.9791666666666666,1.0,0.48,1.0,1.0,0.2874251497005988,1.0,0.8,1.0,1.0,0.11711711711711711,1.0,0.625,1.0,0.17717717717717718,1.0,0.3125,1.0,0.26426426426426425,1.0,0.20833333333333334,1.0,0.35135135135135137,1.0,0.125,1.0,0.5375375375375375,0.11963562753036436,0.17023528329641682,0.7083333333333334,0.7083333333333334,False,False,0.3541666666666667,1.0,1.0,0.7083333333333334,1.0,1.0,1.0,0.7164179104477612,1.0,1.0,0.48,1.0,1.0,0.2874251497005988,1.0,0.8,1.0,1.0,0.1111111111111111,1.0,0.625,1.0,0.1891891891891892,1.0,0.3125,1.0,0.27927927927927926,1.0,0.20833333333333334,1.0,0.36036036036036034,1.0,0.125,1.0,0.5345345345345346,0.12641700404858297,0.19785888457688433,0.7083333333333334,0.7083333333333334,False,False,0.3541666666666667,1.0,1.0,0.7083333333333334,1.0,1.0,1.0,0.7164179104477612,1.0,1.0,0.48,1.0,1.0,0.2874251497005988,1.0,0.8,1.0,1.0,0.1111111111111111,1.0,0.625,1.0,0.1891891891891892,1.0,0.3125,1.0,0.27927927927927926,1.0,0.20833333333333334,1.0,0.36036036036036034,1.0,0.125,1.0,0.5345345345345346,,,0.0016371432604884717
vt_h4_c1,46,332,47,0.723404255319149,0.723404255319149,False,False,0.3617021276595745,1.0,1.0,0.723404255319149,1.0,1.0,0.8723404255319149,0.6119402985074627,0.8723404255319149,0.9361702127659575,0.44,0.9361702127659575,0.9361702127659575,0.26506024096385544,0.9361702127659575,0.8,1.0,1.0,0.11144578313253012,1.0,0.625,1.0,0.1746987951807229,1.0,0.3125,1.0,0.2891566265060241,1.0,0.20833333333333334,1.0,0.3885542168674699,1.0,0.125,1.0,0.5542168674698795,0.10883742911153119,0.1639217795716657,0.723404255319149,0.723404255319149,False,False,0.3617021276595745,1.0,1.0,0.723404255319149,1.0,1.0,1.0,0.7014925373134329,1.0,1.0,0.47,1.0,1.0,0.28313253012048195,1.0,0.8,1.0,1.0,0.11144578313253012,1.0,0.625,1.0,0.18072289156626506,1.0,0.3125,1.0,0.2740963855421687,1.0,0.20833333333333334,1.0,0.3644578313253012,1.0,0.125,1.0,0.5421686746987951,0.13331758034026464,0.2076437756183574,0.723404255319149,0.723404255319149,False,False,0.3617021276595745,1.0,1.0,0.723404255319149,1.0,1.0,1.0,0.7014925373134329,1.0,1.0,0.47,1.0,1.0,0.28313253012048195,1.0,0.8,1.0,1.0,0.11144578313253012,1.0,0.625,1.0,0.18674698795180722,1.0,0.3125,1.0,0.26506024096385544,1.0,0.20833333333333334,1.0,0.3433734939759036,1.0,0.125,1.0,0.5150602409638554,0.060538752362948964,0.17222244307323525,0.723404255319149,0.723404255319149,False,False,0.3617021276595745,1.0,1.0,0.723404255319149,1.0,1.0,1.0,0.7014925373134329,1.0,1.0,0.47,1.0,1.0,0.28313253012048195,1.0,0.8,1.0,1.0,0.1144578313253012,1.0,0.625,1.0,0.18674698795180722,1.0,0.3125,1.0,0.26506024096385544,1.0,0.20833333333333334,1.0,0.3493975903614458,1.0,0.125,1.0,0.5210843373493976,,,0.001795049645528124
vt_h4_c1,47,329,44,0.7272727272727273,0.7272727272727273,False,False,0.38636363636363635,1.0,1.0,0.7272727272727273,0.9696969696969697,0.9696969696969697,0.7954545454545454,0.5303030303030303,0.7954545454545454,0.8181818181818182,0.36363636363636365,0.8181818181818182,0.8636363636363636,0.23030303030303031,0.8636363636363636,0.8,1.0,1.0,0.10638297872340426,1.0,0.625,1.0,0.1702127659574468,1.0,0.3125,1.0,0.2735562310030395,1.0,0.20833333333333334,1.0,0.3738601823708207,1.0,0.125,1.0,0.5531914893617021,0.09176557863501485,0.13360680901368654,0.75,0.75,False,False,0.38636363636363635,1.0,1.0,0.75,1.0,1.0,0.9318181818181818,0.6212121212121212,0.9318181818181818,0.9545454545454546,0.42424242424242425,0.9545454545454546,0.9545454545454546,0.2545454545454545,0.9545454545454546,0.8,1.0,1.0,0.10638297872340426,1.0,0.625,1.0,0.17325227963525835,1.0,0.3125,1.0,0.2674772036474164,1.0,0.20833333333333334,1.0,0.3738601823708207,1.0,0.125,1.0,0.541033434650456,0.07485163204747773,0.11092929563112215,0.75,0.75,False,False,0.38636363636363635,1.0,1.0,0.75,1.0,1.0,1.0,0.6666666666666666,1.0,1.0,0.4444444444444444,1.0,1.0,0.26666666666666666,1.0,0.8,1.0,1.0,0.10638297872340426,1.0,0.625,1.0,0.17933130699088146,1.0,0.3125,1.0,0.2613981762917933,1.0,0.20833333333333334,1.0,0.3343465045592705,1.0,0.125,1.0,0.49848024316109424,0.05210187932739861,0.17892556328489748,0.75,0.75,False,False,0.38636363636363635,1.0,1.0,0.75,1.0,1.0,1.0,0.6666666666666666,1.0,1.0,0.4444444444444444,1.0,1.0,0.26666666666666666,1.0,0.8,1.0,1.0,0.10638297872340426,1.0,0.625,1.0,0.17933130699088146,1.0,0.3125,1.0,0.2613981762917933,1.0,0.20833333333333334,1.0,0.3404255319148936,1.0,0.125,1.0,0.5045592705167173,,,0.00423909214648166
vt_h4_c1,48,331,46,0.6956521739130435,0.6956521739130435,False,False,0.34782608695652173,0.9411764705882353,0.9411764705882353,0.6956521739130435,0.9411764705882353,0.9411764705882353,0.8695652173913043,0.5970149253731343,0.8695652173913043,0.8913043478260869,0.41,0.8913043478260869,0.9782608695652174,0.2710843373493976,0.9782608695652174,0.8,1.0,1.0,0.11178247734138973,1.0,0.625,1.0,0.17220543806646527,1.0,0.3125,1.0,0.2719033232628399,1.0,0.20833333333333334,1.0,0.36555891238670696,1.0,0.125,1.0,0.552870090634441,0.10818756073858116,0.17242949649175549,0.7391304347826086,0.7391304347826086,False,False,0.3695652173913043,1.0,1.0,0.7391304347826086,1.0,1.0,1.0,0.6865671641791045,1.0,1.0,0.46,1.0,1.0,0.27710843373493976,1.0,0.8,1.0,1.0,0.11178247734138973,1.0,0.625,1.0,0.1782477341389728,1.0,0.3125,1.0,0.2688821752265861,1.0,0.20833333333333334,1.0,0.36253776435045315,1.0,0.125,1.0,0.552870090634441,0.07242468415937803,0.10067108334555872,0.7391304347826086,0.7391304347826086,False,False,0.3695652173913043,1.0,1.0,0.7391304347826086,1.0,1.0,1.0,0.6865671641791045,1.0,1.0,0.46,1.0,1.0,0.27710843373493976,1.0,0.8,1.0,1.0,0.10876132930513595,1.0,0.625,1.0,0.18429003021148035,1.0,0.3125,1.0,0.2688821752265861,1.0,0.20833333333333334,1.0,0.3504531722054381,1.0,0.125,1.0,0.5226586102719033,0.07514577259475219,0.16595484204301117,0.7391304347826086,0.7391304347826086,False,False,0.3695652173913043,1.0,1.0,0.7391304347826086,1.0,1.0,1.0,0.6865671641791045,1.0,1.0,0.46,1.0,1.0,0.27710843373493976,1.0,0.8,1.0,1.0,0.10876132930513595,1.0,0.625,1.0,0.18429003021148035,1.0,0.3125,1.0,0.2688821752265861,1.0,0.20833333333333334,1.0,0.35347432024169184,1.0,0.125,1.0,0.525679758308157,,,0.002472307958893527
vt_h4_c1,49,332,47,0.6382978723404256,0.6382978723404256,False,False,0.3404255319148936,0.9411764705882353,0.9411764705882353,0.6382978723404256,0.8823529411764706,0.8823529411764706,0.7872340425531915,0.5522388059701493,0.7872340425531915,0.8936170212765957,0.42,0.8936170212765957,0.9148936170212766,0.25903614457831325,0.9148936170212766,0.6,0.75,0.75,0.09939759036144578,1.0,0.625,1.0,0.17771084337349397,1.0,0.3125,1.0,0.28313253012048195,1.0,0.20833333333333334,1.0,0.37349397590361444,1.0,0.125,1.0,0.5602409638554217,0.15641242937853103,0.23855122762114173,0.723404255319149,0.723404255319149,False,False,0.3617021276595745,1.0,1.0,0.723404255319149,1.0,1.0,0.9787234042553191,0.6865671641791045,0.9787234042553191,1.0,0.47,1.0,1.0,0.28313253012048195,1.0,0.8,1.0,1.0,0.1144578313253012,1.0,0.625,1.0,0.1746987951807229,1.0,0.3125,1.0,0.27710843373493976,1.0,0.20833333333333334,1.0,0.3644578313253012,1.0,0.125,1.0,0.5572289156626506,0.137090395480226,0.20860770389075317,0.723404255319149,0.723404255319149,False,False,0.3617021276595745,1.0,1.0,0.723404255319149,1.0,1.0,1.0,0.7014925373134329,1.0,1.0,0.47,1.0,1.0,0.28313253012048195,1.0,0.8,1.0,1.0,0.1144578313253012,1.0,0.625,1.0,0.18072289156626506,1.0,0.3125,1.0,0.2740963855421687,1.0,0.20833333333333334,1.0,0.35240963855421686,1.0,0.125,1.0,0.5150602409638554,0.11872881355932201,0.19813664244069754,0.723404255319149,0.723404255319149,False,False,0.3617021276595745,1.0,1.0,0.723404255319149,1.0,1.0,1.0,0.7014925373134329,1.0,1.0,0.47,1.0,1.0,0.28313253012048195,1.0,0.8,1.0,1.0,0.1144578313253012,1.0,0.625,1.0,0.18072289156626506,1.0,0.3125,1.0,0.2740963855421687,1.0,0.20833333333333334,1.0,0.35240963855421686,1.0,0.125,1.0,0.5150602409638554,,,0.004116206561000979
vt_h4_c1,50,335,50,0.64,0.64,False,False,0.32,0.9411764705882353,0.9411764705882353,0.64,0.9411764705882353,0.9411764705882353,0.9,0.6716417910447762,0.9,0.9,0.44554455445544555,0.9,0.92,0.27380952380952384,0.92,0.6,0.75,0.75,0.10149253731343283,1.0,0.625,1.0,0.18208955223880596,1.0,0.3125,1.0,0.2746268656716418,1.0,0.20833333333333334,1.0,0.36716417910447763,1.0,0.125,1.0,0.5462686567164179,0.08743414120126447,0.13347818005771084,0.68,0.68,False,False,0.34,1.0,1.0,0.68,1.0,1.0,1.0,0.746268656716418,1.0,1.0,0.49504950495049505,1.0,1.0,0.2976190476190476,1.0,0.8,1.0,1.0,0.11641791044776119,1.0,0.625,1.0,0.18208955223880596,1.0,0.3125,1.0,0.2716417910447761,1.0,0.20833333333333334,1.0,0.3641791044776119,1.0,0.125,1.0,0.5522388059701493,0.1147787144362487,0.17376097726441692,0.68,0.68,False,False,0.34,1.0,1.0,0.68,1.0,1.0,1.0,0.746268656716418,1.0,1.0,0.49504950495049505,1.0,1.0,0.2976190476190476,1.0,0.8,1.0,1.0,0.11940298507462686,1.0,0.625,1.0,0.19402985074626866,1.0,0.3125,1.0,0.28059701492537314,1.0,0.20833333333333334,1.0,0.3611940298507463,1.0,0.125,1.0,0.5253731343283582,0.04328240252897787,0.15208272899091504,0.68,0.68,False,False,0.34,1.0,1.0,0.68,1.0,1.0,1.0,0.746268656716418,1.0,1.0,0.49504950495049505,1.0,1.0,0.2976190476190476,1.0,0.8,1.0,1.0,0.11940298507462686,1.0,0.625,1.0,0.19402985074626866,1.0,0.3125,1.0,0.28059701492537314,1.0,0.20833333333333334,1.0,0.3641791044776119,1.0,0.125,1.0,0.5223880597014925,,,0.0030017303090792424
vt_h4_c1,51,329,44,0.6818181818181818,0.6818181818181818,False,False,0.36363636363636365,0.9411764705882353,0.9411764705882353,0.6818181818181818,0.9090909090909091,0.9090909090909091,0.8409090909090909,0.5606060606060606,0.8409090909090909,0.8636363636363636,0.3838383838383838,0.8636363636363636,0.9090909090909091,0.24242424242424243,0.9090909090909091,0.8,1.0,1.0,0.10638297872340426,1.0,0.625,1.0,0.17325227963525835,1.0,0.3125,1.0,0.26443768996960487,1.0,0.20833333333333334,1.0,0.3677811550151976,1.0,0.125,1.0,0.5531914893617021,0.0301490514905149,0.054240889817950166,0.75,0.75,False,False,0.38636363636363635,1.0,1.0,0.75,1.0,1.0,1.0,0.6666666666666666,1.0,1.0,0.4444444444444444,1.0,1.0,0.26666666666666666,1.0,0.8,1.0,1.0,0.10638297872340426,1.0,0.625,1.0,0.1702127659574468,1.0,0.3125,1.0,0.26443768996960487,1.0,0.20833333333333334,1.0,0.3738601823708207,1.0,0.125,1.0,0.5623100303951368,0.025,0.05096164696682663,0.75,0.75,False,False,0.38636363636363635,1.0,1.0,0.75,1.0,1.0,1.0,0.6666666666666666,1.0,1.0,0.4444444444444444,1.0,1.0,0.26666666666666666,1.0,0.8,1.0,1.0,0.1033434650455927,1.0,0.625,1.0,0.17933130699088146,1.0,0.3125,1.0,0.270516717325228,1.0,0.20833333333333334,1.0,0.3525835866261398,1.0,0.125,1.0,0.5288753799392097,0.05783649503161696,0.15546416246884281,0.75,0.75,False,False,0.38636363636363635,1.0,1.0,0.75,1.0,1.0,1.0,0.6666666666666666,1.0,1.0,0.4444444444444444,1.0,1.0,0.26666666666666666,1.0,0.8,1.0,1.0,0.10638297872340426,1.0,0.625,1.0,0.17933130699088146,1.0,0.3125,1.0,0.2735562310030395,1.0,0.20833333333333334,1.0,0.3556231003039514,1.0,0.125,1.0,0.5288753799392097,,,0.003600127851763446
vt_h4_c1,52,333,48,0.7083333333333334,0.7083333333333334,False,False,0.3541666666666667,1.0,1.0,0.7083333333333334,1.0,1.0,0.8958333333333334,0.6417910447761194,0.8958333333333334,0.9166666666666666,0.44,0.9166666666666666,0.9583333333333334,0.2754491017964072,0.9583333333333334,0.8,1.0,1.0,0.11411411411411411,1.0,0.625,1.0,0.1831831831831832,1.0,0.3125,1.0,0.2702702702702703,1.0,0.20833333333333334,1.0,0.3783783783783784,1.0,0.125,1.0,0.5615615615615616,0.040251141552511416,0.06066204221535922,0.7083333333333334,0.7083333333333334,False,False,0.3541666666666667,1.0,1.0,0.7083333333333334,1.0,1.0,1.0,0.7164179104477612,1.0,1.0,0.48,1.0,1.0,0.2874251497005988,1.0,0.8,1.0,1.0,0.11411411411411411,1.0,0.625,1.0,0.1831831831831832,1.0,0.3125,1.0,0.27627627627627627,1.0,0.20833333333333334,1.0,0.36036036036036034,1.0,0.125,1.0,0.5375375375375375,0.06244292237442922,0.07987434731260683,0.7083333333333334,0.7083333333333334,False,False,0.3541666666666667,1.0,1.0,0.7083333333333334,1.0,1.0,1.0,0.7164179104477612,1.0,1.0,0.48,1.0,1.0,0.2874251497005988,1.0,0.8,1.0,1.0,0.11411411411411411,1.0,0.625,1.0,0.1831831831831832,1.0,0.3125,1.0,0.2672672672672673,1.0,0.20833333333333334,1.0,0.34234234234234234,1.0,0.125,1.0,0.5225225225225225,0.04358447488584475,0.16763349862499105,0.7083333333333334,0.7083333333333334,False,False,0.3541666666666667,1.0,1.0,0.7083333333333334,1.0,1.0,1.0,0.7164179104477612,1.0,1.0,0.48,1.0,1.0,0.2874251497005988,1.0,0.8,1.0,1.0,0.11411411411411411,1.0,0.625,1.0,0.1831831831831832,1.0,0.3125,1.0,0.2702702702702703,1.0,0.20833333333333334,1.0,0.3483483483483483,1.0,0.125,1.0,0.5255255255255256,,,0.0022262631051508386
vt_h4_c1,53,333,48,0.6458333333333334,0.6458333333333334,False,False,0.3333333333333333,0.9411764705882353,0.9411764705882353,0.6458333333333334,0.9117647058823529,0.9117647058823529,0.8333333333333334,0.5970149253731343,0.8333333333333334,0.875,0.42,0.875,0.9166666666666666,0.2634730538922156,0.9166666666666666,0.8,1.0,1.0,0.11711711711711711,1.0,0.625,1.0,0.1831831831831832,1.0,0.3125,1.0,0.2852852852852853,1.0,0.20833333333333334,1.0,0.36936936936936937,1.0,0.125,1.0,0.5525525525525525,0.11652380952380954,0.1628709873030244,0.7083333333333334,0.7083333333333334,False,False,0.3541666666666667,1.0,1.0,0.7083333333333334,1.0,1.0,1.0,0.7164179104477612,1.0,1.0,0.48,1.0,1.0,0.2874251497005988,1.0,0.8,1.0,1.0,0.11711711711711711,1.0,0.625,1.0,0.1831831831831832,1.0,0.3125,1.0,0.27927927927927926,1.0,0.20833333333333334,1.0,0.3663663663663664,1.0,0.125,1.0,0.5525525525525525,0.09376190476190474,0.13610178956053826,0.7083333333333334,0.7083333333333334,False,False,0.3541666666666667,1.0,1.0,0.7083333333333334,1.0,1.0,1.0,0.7164179104477612,1.0,1.0,0.48,1.0,1.0,0.2874251497005988,1.0,0.8,1.0,1.0,0.11711711711711711,1.0,0.625,1.0,0.1831831831831832,1.0,0.3125,1.0,0.2822822822822823,1.0,0.20833333333333334,1.0,0.3633633633633634,1.0,0.125,1.0,0.5255255255255256,0.1279047619047619,0.20753187956218735,0.7083333333333334,0.7083333333333334,False,False,0.3541666666666667,1.0,1.0,0.7083333333333334,1.0,1.0,1.0,0.7164179104477612,1.0,1.0,0.48,1.0,1.0,0.2874251497005988,1.0,0.8,1.0,1.0,0.11711711711711711,1.0,0.625,1.0,0.1831831831831832,1.0,0.3125,1.0,0.2822822822822823,1.0,0.20833333333333334,1.0,0.3633633633633634,1.0,0.125,1.0,0.5315315315315315,,,0.004041092737972152
vt_h4_c1,54,330,45,0.7333333333333333,0.7333333333333333,False,False,0.37777777777777777,1.0,1.0,0.7333333333333333,1.0,1.0,0.9111111111111111,0.6212121212121212,0.9111111111111111,0.9555555555555556,0.43434343434343436,0.9555555555555556,0.9777777777777777,0.26666666666666666,0.9777777777777777,0.8,1.0,1.0,0.10909090909090909,1.0,0.625,1.0,0.17575757575757575,1.0,0.3125,1.0,0.2727272727272727,1.0,0.20833333333333334,1.0,0.3606060606060606,1.0,0.125,1.0,0.5424242424242425,0.06824055666003977,0.0878039231726743,0.7111111111111111,0.7111111111111111,False,False,0.37777777777777777,1.0,1.0,0.7111111111111111,0.9696969696969697,0.9696969696969697,0.9777777777777777,0.6666666666666666,0.9777777777777777,0.9777777777777777,0.4444444444444444,0.9777777777777777,1.0,0.2727272727272727,1.0,0.8,1.0,1.0,0.10909090909090909,1.0,0.625,1.0,0.1696969696969697,1.0,0.3125,1.0,0.2636363636363636,1.0,0.20833333333333334,1.0,0.35454545454545455,1.0,0.125,1.0,0.5363636363636364,0.08961232604373756,0.1220817725549987,0.7333333333333333,0.7333333333333333,False,False,0.37777777777777777,1.0,1.0,0.7333333333333333,1.0,1.0,1.0,0.6818181818181818,1.0,1.0,0.45454545454545453,1.0,1.0,0.2727272727272727,1.0,0.8,1.0,1.0,0.11212121212121212,1.0,0.625,1.0,0.1696969696969697,1.0,0.3125,1.0,0.2636363636363636,1.0,0.20833333333333334,1.0,0.3484848484848485,1.0,0.125,1.0,0.5181818181818182,0.04030815109343936,0.17151158655239235,0.7333333333333333,0.7333333333333333,False,False,0.37777777777777777,1.0,1.0,0.7333333333333333,1.0,1.0,1.0,0.6818181818181818,1.0,1.0,0.45454545454545453,1.0,1.0,0.2727272727272727,1.0,0.8,1.0,1.0,0.11212121212121212,1.0,0.625,1.0,0.1696969696969697,1.0,0.3125,1.0,0.2636363636363636,1.0,0.20833333333333334,1.0,0.3484848484848485,1.0,0.125,1.0,0.5181818181818182,,,0.0034578580195034903
vt_h4_c1,55,334,49,0.6938775510204082,0.6938775510204082,False,False,0.3469387755102041,1.0,1.0,0.6938775510204082,1.0,1.0,0.8571428571428571,0.6268656716417911,0.8571428571428571,0.8571428571428571,0.4158415841584158,0.8571428571428571,0.8571428571428571,0.25149700598802394,0.8571428571428571,0.8,1.0,1.0,0.11676646706586827,1.0,0.625,1.0,0.18263473053892215,1.0,0.3125,1.0,0.2874251497005988,1.0,0.20833333333333334,1.0,0.38023952095808383,1.0,0.125,1.0,0.5598802395209581,0.05885416666666669,0.07928753051091739,0.6938775510204082,0.6938775510204082,False,False,0.3469387755102041,1.0,1.0,0.6938775510204082,1.0,1.0,0.9591836734693877,0.7014925373134329,0.9591836734693877,0.9591836734693877,0.46534653465346537,0.9591836734693877,0.9795918367346939,0.2874251497005988,0.9795918367346939,0.8,1.0,1.0,0.11676646706586827,1.0,0.625,1.0,0.18562874251497005,1.0,0.3125,1.0,0.27844311377245506,1.0,0.20833333333333334,1.0,0.36227544910179643,1.0,0.125,1.0,0.5479041916167665,0.07536458333333333,0.1044062657650282,0.6938775510204082,0.6938775510204082,False,False,0.3469387755102041,1.0,1.0,0.6938775510204082,1.0,1.0,1.0,0.7313432835820896,1.0,1.0,0.48514851485148514,1.0,1.0,0.2934131736526946,1.0,0.8,1.0,1.0,0.11676646706586827,1.0,0.625,1.0,0.18562874251497005,1.0,0.3125,1.0,0.27245508982035926,1.0,0.20833333333333334,1.0,0.344311377245509,1.0,0.125,1.0,0.5089820359281437,0.07635416666666665,0.1800554177129916,0.6938775510204082,0.6938775510204082,False,False,0.3469387755102041,1.0,1.0,0.6938775510204082,1.0,1.0,1.0,0.7313432835820896,1.0,1.0,0.48514851485148514,1.0,1.0,0.2934131736526946,1.0,0.8,1.0,1.0,0.11676646706586827,1.0,0.625,1.0,0.18562874251497005,1.0,0.3125,1.0,0.27245508982035926,1.0,0.20833333333333334,1.0,0.3502994011976048,1.0,0.125,1.0,0.5089820359281437,,,0.0016831467595234129
vt_h4_c1,56,333,48,0.6458333333333334,0.6458333333333334,False,False,0.3125,0.8823529411764706,0.8823529411764706,0.6458333333333334,0.9117647058823529,0.9117647058823529,0.7708333333333334,0.5522388059701493,0.7708333333333334,0.8541666666666666,0.41,0.8541666666666666,0.8958333333333334,0.25748502994011974,0.8958333333333334,0.6,0.75,0.75,0.0990990990990991,1.0,0.625,1.0,0.1831831831831832,1.0,0.3125,1.0,0.27927927927927926,1.0,0.20833333333333334,1.0,0.37537537537537535,1.0,0.125,1.0,0.5585585585585585,0.1296248715313464,0.19161861886759612,0.6875,0.6875,False,False,0.3333333333333333,0.9411764705882353,0.9411764705882353,0.6875,0.9705882352941176,0.9705882352941176,0.9791666666666666,0.7014925373134329,0.9791666666666666,1.0,0.48,1.0,1.0,0.2874251497005988,1.0,0.8,1.0,1.0,0.11411411411411411,1.0,0.625,1.0,0.1891891891891892,1.0,0.3125,1.0,0.2822822822822823,1.0,0.20833333333333334,1.0,0.35735735735735735,1.0,0.125,1.0,0.5435435435435435,0.08378725590955807,0.10253372031986667,0.7083333333333334,0.7083333333333334,False,False,0.3541666666666667,1.0,1.0,0.7083333333333334,1.0,1.0,1.0,0.7164179104477612,1.0,1.0,0.48,1.0,1.0,0.2874251497005988,1.0,0.8,1.0,1.0,0.11411411411411411,1.0,0.625,1.0,0.1831831831831832,1.0,0.3125,1.0,0.27927927927927926,1.0,0.20833333333333334,1.0,0.36036036036036034,1.0,0.125,1.0,0.5225225225225225,0.07977903391572456,0.18562650719693252,0.7083333333333334,0.7083333333333334,False,False,0.3541666666666667,1.0,1.0,0.7083333333333334,1.0,1.0,1.0,0.7164179104477612,1.0,1.0,0.48,1.0,1.0,0.2874251497005988,1.0,0.8,1.0,1.0,0.11411411411411411,1.0,0.625,1.0,0.1831831831831832,1.0,0.3125,1.0,0.27927927927927926,1.0,0.20833333333333334,1.0,0.36036036036036034,1.0,0.125,1.0,0.5225225225225225,,,0.0018147651073400217
vt_h4_c1,57,333,48,0.625,0.625,False,False,0.3333333333333333,0.9411764705882353,0.9411764705882353,0.625,0.8823529411764706,0.8823529411764706,0.8125,0.582089552238806,0.8125,0.8958333333333334,0.43,0.8958333333333334,0.9375,0.2694610778443114,0.9375,0.8,1.0,1.0,0.11411411411411411,1.0,0.625,1.0,0.18618618618618618,1.0,0.3125,1.0,0.27627627627627627,1.0,0.20833333333333334,1.0,0.3633633633633634,1.0,0.125,1.0,0.5525525525525525,0.030222734254992323,0.06744984874834979,0.7083333333333334,0.7083333333333334,False,False,0.3541666666666667,1.0,1.0,0.7083333333333334,1.0,1.0,0.9166666666666666,0.6567164179104478,0.9166666666666666,0.9375,0.45,0.9375,0.9375,0.2694610778443114,0.9375,0.8,1.0,1.0,0.11411411411411411,1.0,0.625,1.0,0.18618618618618618,1.0,0.3125,1.0,0.2732732732732733,1.0,0.20833333333333334,1.0,0.36036036036036034,1.0,0.125,1.0,0.5465465465465466,0.025,0.05850697858477714,0.7083333333333334,0.7083333333333334,False,False,0.3541666666666667,1.0,1.0,0.7083333333333334,1.0,1.0,1.0,0.7164179104477612,1.0,1.0,0.48,1.0,1.0,0.2874251497005988,1.0,0.8,1.0,1.0,0.11411411411411411,1.0,0.625,1.0,0.1831831831831832,1.0,0.3125,1.0,0.27627627627627627,1.0,0.20833333333333334,1.0,0.35735735735735735,1.0,0.125,1.0,0.5405405405405406,0.07139016897081416,0.16089379274569587,0.7083333333333334,0.7083333333333334,False,False,0.3541666666666667,1.0,1.0,0.7083333333333334,1.0,1.0,1.0,0.7164179104477612,1.0,1.0,0.48,1.0,1.0,0.2874251497005988,1.0,0.8,1.0,1.0,0.11411411411411411,1.0,0.625,1.0,0.1831831831831832,1.0,0.3125,1.0,0.27627627627627627,1.0,0.20833333333333334,1.0,0.35735735735735735,1.0,0.125,1.0,0.5375375375375375,,,0.0012374794331844186
vt_h4_c1,58,331,46,0.7391304347826086,0.7391304347826086,False,False,0.3695652173913043,1.0,1.0,0.7391304347826086,1.0,1.0,0.9565217391304348,0.6567164179104478,0.9565217391304348,0.9782608695652174,0.45,0.9782608695652174,0.9782608695652174,0.2710843373493976,0.9782608695652174,0.8,1.0,1.0,0.11178247734138973,1.0,0.625,1.0,0.1782477341389728,1.0,0.3125,1.0,0.28700906344410876,1.0,0.20833333333333334,1.0,0.3776435045317221,1.0,0.125,1.0,0.5649546827794562,0.12954545454545455,0.2027137232139732,0.7391304347826086,0.7391304347826086,False,False,0.3695652173913043,1.0,1.0,0.7391304347826086,1.0,1.0,1.0,0.6865671641791045,1.0,1.0,0.46,1.0,1.0,0.27710843373493976,1.0,0.8,1.0,1.0,0.11178247734138973,1.0,0.625,1.0,0.1782477341389728,1.0,0.3125,1.0,0.27492447129909364,1.0,0.20833333333333334,1.0,0.36555891238670696,1.0,0.125,1.0,0.5468277945619335,0.11420454545454543,0.16569890644927576,0.7391304347826086,0.7391304347826086,False,False,0.3695652173913043,1.0,1.0,0.7391304347826086,1.0,1.0,1.0,0.6865671641791045,1.0,1.0,0.46,1.0,1.0,0.27710843373493976,1.0,0.8,1.0,1.0,0.10876132930513595,1.0,0.625,1.0,0.18429003021148035,1.0,0.3125,1.0,0.2628398791540785,1.0,0.20833333333333334,1.0,0.3413897280966767,1.0,0.125,1.0,0.525679758308157,0.08399621212121214,0.17556779613329784,0.7391304347826086,0.7391304347826086,False,False,0.3695652173913043,1.0,1.0,0.7391304347826086,1.0,1.0,1.0,0.6865671641791045,1.0,1.0,0.46,1.0,1.0,0.27710843373493976,1.0,0.8,1.0,1.0,0.11178247734138973,1.0,0.625,1.0,0.1782477341389728,1.0,0.3125,1.0,0.2628398791540785,1.0,0.20833333333333334,1.0,0.3474320241691843,1.0,0.125,1.0,0.525679758308157,,,0.001850195902489915
vt_h4_c1,59,330,45,0.6666666666666666,0.6666666666666666,False,False,0.35555555555555557,0.9411764705882353,0.9411764705882353,0.6666666666666666,0.9090909090909091,0.9090909090909091,0.9111111111111111,0.6212121212121212,0.9111111111111111,0.9555555555555556,0.43434343434343436,0.9555555555555556,0.9555555555555556,0.2606060606060606,0.9555555555555556,0.8,1.0,1.0,0.10909090909090909,1.0,0.625,1.0,0.18181818181818182,1.0,0.3125,1.0,0.28484848484848485,1.0,0.20833333333333334,1.0,0.37575757575757573,1.0,0.125,1.0,0.5454545454545454,0.1403212520593081,0.21283415139758938,0.7333333333333333,0.7333333333333333,False,False,0.37777777777777777,1.0,1.0,0.7333333333333333,1.0,1.0,0.9555555555555556,0.6515151515151515,0.9555555555555556,0.9777777777777777,0.4444444444444444,0.9777777777777777,0.9777777777777777,0.26666666666666666,0.9777777777777777,0.8,1.0,1.0,0.10909090909090909,1.0,0.625,1.0,0.1787878787878788,1.0,0.3125,1.0,0.2636363636363636,1.0,0.20833333333333334,1.0,0.34545454545454546,1.0,0.125,1.0,0.5333333333333333,0.13677924217462933,0.20804021992542193,0.7333333333333333,0.7333333333333333,False,False,0.37777777777777777,1.0,1.0,0.7333333333333333,1.0,1.0,1.0,0.6818181818181818,1.0,1.0,0.45454545454545453,1.0,1.0,0.2727272727272727,1.0,0.8,1.0,1.0,0.10606060606060606,1.0,0.625,1.0,0.1696969696969697,1.0,0.3125,1.0,0.26666666666666666,1.0,0.20833333333333334,1.0,0.34545454545454546,1.0,0.125,1.0,0.5181818181818182,0.13241350906095548,0.21661490769346306,0.7333333333333333,0.7333333333333333,False,False,0.37777777777777777,1.0,1.0,0.7333333333333333,1.0,1.0,1.0,0.6818181818181818,1.0,1.0,0.45454545454545453,1.0,1.0,0.2727272727272727,1.0,0.8,1.0,1.0,0.11212121212121212,1.0,0.625,1.0,0.17575757575757575,1.0,0.3125,1.0,0.26666666666666666,1.0,0.20833333333333334,1.0,0.34545454545454546,1.0,0.125,1.0,0.5212121212121212,,,0.00663764275212031
vt_h4_c1,60,333,48,0.6875,0.6875,False,False,0.3541666666666667,1.0,1.0,0.6875,0.9705882352941176,0.9705882352941176,0.8958333333333334,0.6417910447761194,0.8958333333333334,0.9583333333333334,0.46,0.9583333333333334,0.9583333333333334,0.2754491017964072,0.9583333333333334,0.8,1.0,1.0,0.11411411411411411,1.0,0.625,1.0,0.1891891891891892,1.0,0.3125,1.0,0.27927927927927926,1.0,0.20833333333333334,1.0,0.37537537537537535,1.0,0.125,1.0,0.5765765765765766,0.04122369878183831,0.06075414384096246,0.7083333333333334,0.7083333333333334,False,False,0.3541666666666667,1.0,1.0,0.7083333333333334,1.0,1.0,0.9791666666666666,0.7014925373134329,0.9791666666666666,1.0,0.48,1.0,1.0,0.2874251497005988,1.0,0.8,1.0,1.0,0.11411411411411411,1.0,0.625,1.0,0.1831831831831832,1.0,0.3125,1.0,0.2822822822822823,1.0,0.20833333333333334,1.0,0.3783783783783784,1.0,0.125,1.0,0.5555555555555556,0.0831395348837209,0.11994649526634533,0.7083333333333334,0.7083333333333334,False,False,0.3541666666666667,1.0,1.0,0.7083333333333334,1.0,1.0,1.0,0.7164179104477612,1.0,1.0,0.48,1.0,1.0,0.2874251497005988,1.0,0.8,1.0,1.0,0.11411411411411411,1.0,0.625,1.0,0.1831831831831832,1.0,0.3125,1.0,0.2672672672672673,1.0,0.20833333333333334,1.0,0.34234234234234234,1.0,0.125,1.0,0.5135135135135135,0.0745016611295681,0.18235426886225814,0.7083333333333334,0.7083333333333334,False,False,0.3541666666666667,1.0,1.0,0.7083333333333334,1.0,1.0,1.0,0.7164179104477612,1.0,1.0,0.48,1.0,1.0,0.2874251497005988,1.0,0.8,1.0,1.0,0.11411411411411411,1.0,0.625,1.0,0.1831831831831832,1.0,0.3125,1.0,0.2702702702702703,1.0,0.20833333333333334,1.0,0.34534534534534533,1.0,0.125,1.0,0.5165165165165165,,,0.003109528249625626
vt_h4_c1,61,334,49,0.6326530612244898,0.6326530612244898,False,False,0.32653061224489793,0.9411764705882353,0.9411764705882353,0.6326530612244898,0.9117647058823529,0.9117647058823529,0.8571428571428571,0.6268656716417911,0.8571428571428571,0.9183673469387755,0.44554455445544555,0.9183673469387755,0.9591836734693877,0.281437125748503,0.9591836734693877,0.8,1.0,1.0,0.11377245508982035,1.0,0.625,1.0,0.19161676646706588,1.0,0.3125,1.0,0.27844311377245506,1.0,0.20833333333333334,1.0,0.38023952095808383,1.0,0.125,1.0,0.5598802395209581,0.11850842418235874,0.1579354705607668,0.6938775510204082,0.6938775510204082,False,False,0.3469387755102041,1.0,1.0,0.6938775510204082,1.0,1.0,1.0,0.7313432835820896,1.0,1.0,0.48514851485148514,1.0,1.0,0.2934131736526946,1.0,0.8,1.0,1.0,0.11377245508982035,1.0,0.625,1.0,0.18562874251497005,1.0,0.3125,1.0,0.2904191616766467,1.0,0.20833333333333334,1.0,0.3772455089820359,1.0,0.125,1.0,0.562874251497006,0.08788404360753226,0.12036929021255982,0.6938775510204082,0.6938775510204082,False,False,0.3469387755102041,1.0,1.0,0.6938775510204082,1.0,1.0,1.0,0.7313432835820896,1.0,1.0,0.48514851485148514,1.0,1.0,0.2934131736526946,1.0,0.8,1.0,1.0,0.11976047904191617,1.0,0.625,1.0,0.19161676646706588,1.0,0.3125,1.0,0.281437125748503,1.0,0.20833333333333334,1.0,0.36227544910179643,1.0,0.125,1.0,0.5239520958083832,0.10027254707631317,0.1856086307010983,0.6938775510204082,0.6938775510204082,False,False,0.3469387755102041,1.0,1.0,0.6938775510204082,1.0,1.0,1.0,0.7313432835820896,1.0,1.0,0.48514851485148514,1.0,1.0,0.2934131736526946,1.0,0.8,1.0,1.0,0.11976047904191617,1.0,0.625,1.0,0.19161676646706588,1.0,0.3125,1.0,0.281437125748503,1.0,0.20833333333333334,1.0,0.36227544910179643,1.0,0.125,1.0,0.5239520958083832,,,0.0019904238109060834
vt_h4_c1,62,333,48,0.7083333333333334,0.7083333333333334,False,False,0.3541666666666667,1.0,1.0,0.7083333333333334,1.0,1.0,0.8541666666666666,0.6119402985074627,0.8541666666666666,0.875,0.42,0.875,0.8958333333333334,0.25748502994011974,0.8958333333333334,0.8,1.0,1.0,0.11411411411411411,1.0,0.625,1.0,0.1891891891891892,1.0,0.3125,1.0,0.29429429429429427,1.0,0.20833333333333334,1.0,0.3933933933933934,1.0,0.125,1.0,0.5555555555555556,0.08355397148676169,0.12978101818852678,0.7083333333333334,0.7083333333333334,False,False,0.3541666666666667,1.0,1.0,0.7083333333333334,1.0,1.0,1.0,0.7164179104477612,1.0,1.0,0.48,1.0,1.0,0.2874251497005988,1.0,0.8,1.0,1.0,0.11411411411411411,1.0,0.625,1.0,0.1831831831831832,1.0,0.3125,1.0,0.2882882882882883,1.0,0.20833333333333334,1.0,0.3663663663663664,1.0,0.125,1.0,0.5465465465465466,0.10779022403258653,0.17111932798396778,0.7083333333333334,0.7083333333333334,False,False,0.3541666666666667,1.0,1.0,0.7083333333333334,1.0,1.0,1.0,0.7164179104477612,1.0,1.0,0.48,1.0,1.0,0.2874251497005988,1.0,0.8,1.0,1.0,0.11411411411411411,1.0,0.625,1.0,0.1891891891891892,1.0,0.3125,1.0,0.2702702702702703,1.0,0.20833333333333334,1.0,0.3483483483483483,1.0,0.125,1.0,0.5285285285285285,0.09516293279022403,0.17460361332002527,0.7083333333333334,0.7083333333333334,False,False,0.3541666666666667,1.0,1.0,0.7083333333333334,1.0,1.0,1.0,0.7164179104477612,1.0,1.0,0.48,1.0,1.0,0.2874251497005988,1.0,0.8,1.0,1.0,0.11411411411411411,1.0,0.625,1.0,0.1891891891891892,1.0,0.3125,1.0,0.2702702702702703,1.0,0.20833333333333334,1.0,0.35435435435435436,1.0,0.125,1.0,0.5345345345345346,,,0.0016819396204222903
vt_h4_c1,63,336,51,0.6274509803921569,0.6274509803921569,False,False,0.3137254901960784,0.9411764705882353,0.9411764705882353,0.6274509803921569,0.9411764705882353,0.9411764705882353,0.8431372549019608,0.6323529411764706,0.8431372549019608,0.9019607843137255,0.45544554455445546,0.9019607843137255,0.9411764705882353,0.2857142857142857,0.9411764705882353,0.6,0.75,0.75,0.11011904761904762,1.0,0.625,1.0,0.18452380952380953,1.0,0.3125,1.0,0.28869047619047616,1.0,0.20833333333333334,1.0,0.3869047619047619,1.0,0.125,1.0,0.5625,0.10029469548133596,0.1292438029797858,0.6666666666666666,0.6666666666666666,False,False,0.3333333333333333,1.0,1.0,0.6666666666666666,1.0,1.0,1.0,0.75,1.0,1.0,0.504950495049505,1.0,1.0,0.30357142857142855,1.0,0.8,1.0,1.0,0.125,1.0,0.625,1.0,0.18452380952380953,1.0,0.3125,1.0,0.28869047619047616,1.0,0.20833333333333334,1.0,0.37797619047619047,1.0,0.125,1.0,0.5446428571428571,0.09754420432220039,0.12587063643833413,0.6666666666666666,0.6666666666666666,False,False,0.3333333333333333,1.0,1.0,0.6666666666666666,1.0,1.0,1.0,0.75,1.0,1.0,0.504950495049505,1.0,1.0,0.30357142857142855,1.0,0.8,1.0,1.0,0.11904761904761904,1.0,0.625,1.0,0.19642857142857142,1.0,0.3125,1.0,0.2857142857142857,1.0,0.20833333333333334,1.0,0.3630952380952381,1.0,0.125,1.0,0.5267857142857143,0.059135559921414546,0.16261939657623178,0.6666666666666666,0.6666666666666666,False,False,0.3333333333333333,1.0,1.0,0.6666666666666666,1.0,1.0,1.0,0.75,1.0,1.0,0.504950495049505,1.0,1.0,0.30357142857142855,1.0,0.8,1.0,1.0,0.11904761904761904,1.0,0.625,1.0,0.19642857142857142,1.0,0.3125,1.0,0.2857142857142857,1.0,0.20833333333333334,1.0,0.3630952380952381,1.0,0.125,1.0,0.5267857142857143,,,0.0015051907465211123
vt_h4_c1,64,332,47,0.6808510638297872,0.6808510638297872,False,False,0.3404255319148936,0.9411764705882353,0.9411764705882353,0.6808510638297872,0.9411764705882353,0.9411764705882353,0.8936170212765957,0.6268656716417911,0.8936170212765957,0.8936170212765957,0.42,0.8936170212765957,0.9361702127659575,0.26506024096385544,0.9361702127659575,0.8,1.0,1.0,0.1144578313253012,1.0,0.625,1.0,0.1746987951807229,1.0,0.3125,1.0,0.27710843373493976,1.0,0.20833333333333334,1.0,0.3704819277108434,1.0,0.125,1.0,0.5481927710843374,0.04705177372962608,0.07279384037840204,0.723404255319149,0.723404255319149,False,False,0.3617021276595745,1.0,1.0,0.723404255319149,1.0,1.0,0.9787234042553191,0.6865671641791045,0.9787234042553191,1.0,0.47,1.0,1.0,0.28313253012048195,1.0,0.8,1.0,1.0,0.1144578313253012,1.0,0.625,1.0,0.18674698795180722,1.0,0.3125,1.0,0.2740963855421687,1.0,0.20833333333333334,1.0,0.35542168674698793,1.0,0.125,1.0,0.5451807228915663,0.06435762224352828,0.0717143240945268,0.723404255319149,0.723404255319149,False,False,0.3617021276595745,1.0,1.0,0.723404255319149,1.0,1.0,1.0,0.7014925373134329,1.0,1.0,0.47,1.0,1.0,0.28313253012048195,1.0,0.8,1.0,1.0,0.11144578313253012,1.0,0.625,1.0,0.18674698795180722,1.0,0.3125,1.0,0.27710843373493976,1.0,0.20833333333333334,1.0,0.35542168674698793,1.0,0.125,1.0,0.5301204819277109,0.08832694151486098,0.1765647285660344,0.723404255319149,0.723404255319149,False,False,0.3617021276595745,1.0,1.0,0.723404255319149,1.0,1.0,1.0,0.7014925373134329,1.0,1.0,0.47,1.0,1.0,0.28313253012048195,1.0,0.8,1.0,1.0,0.11144578313253012,1.0,0.625,1.0,0.18674698795180722,1.0,0.3125,1.0,0.27710843373493976,1.0,0.20833333333333334,1.0,0.35542168674698793,1.0,0.125,1.0,0.5301204819277109,,,0.006506435572531055
vt_h4_c1,65,333,48,0.6458333333333334,0.6458333333333334,False,False,0.3333333333333333,0.9411764705882353,0.9411764705882353,0.6458333333333334,0.9117647058823529,0.9117647058823529,0.8333333333333334,0.5970149253731343,0.8333333333333334,0.8958333333333334,0.43,0.8958333333333334,0.8958333333333334,0.25748502994011974,0.8958333333333334,0.6,0.75,0.75,0.1021021021021021,1.0,0.625,1.0,0.18618618618618618,1.0,0.3125,1.0,0.2732732732732733,1.0,0.20833333333333334,1.0,0.36936936936936937,1.0,0.125,1.0,0.5585585585585585,0.0719465648854962,0.09699412034260649,0.7083333333333334,0.7083333333333334,False,False,0.3541666666666667,1.0,1.0,0.7083333333333334,1.0,1.0,0.9791666666666666,0.7014925373134329,0.9791666666666666,0.9791666666666666,0.47,0.9791666666666666,0.9791666666666666,0.281437125748503,0.9791666666666666,0.8,1.0,1.0,0.11411411411411411,1.0,0.625,1.0,0.1831831831831832,1.0,0.3125,1.0,0.27627627627627627,1.0,0.20833333333333334,1.0,0.3663663663663664,1.0,0.125,1.0,0.5525525525525525,0.06654852780806977,0.09622761493931664,0.7083333333333334,0.7083333333333334,False,False,0.3541666666666667,1.0,1.0,0.7083333333333334,1.0,1.0,1.0,0.7164179104477612,1.0,1.0,0.48,1.0,1.0,0.2874251497005988,1.0,0.8,1.0,1.0,0.11411411411411411,1.0,0.625,1.0,0.1891891891891892,1.0,0.3125,1.0,0.27627627627627627,1.0,0.20833333333333334,1.0,0.35435435435435436,1.0,0.125,1.0,0.5375375375375375,0.10411668484187568,0.1845599365033686,0.7083333333333334,0.7083333333333334,False,False,0.3541666666666667,1.0,1.0,0.7083333333333334,1.0,1.0,1.0,0.7164179104477612,1.0,1.0,0.48,1.0,1.0,0.2874251497005988,1.0,0.8,1.0,1.0,0.11711711711711711,1.0,0.625,1.0,0.1891891891891892,1.0,0.3125,1.0,0.27627627627627627,1.0,0.20833333333333334,1.0,0.35435435435435436,1.0,0.125,1.0,0.5375375375375375,,,0.002302332686108244
vt_h4_c1,66,332,47,0.6170212765957447,0.6170212765957447,False,False,0.3404255319148936,0.9411764705882353,0.9411764705882353,0.6170212765957447,0.8529411764705882,0.8529411764705882,0.8723404255319149,0.6119402985074627,0.8723404255319149,0.8936170212765957,0.42,0.8936170212765957,0.9148936170212766,0.25903614457831325,0.9148936170212766,0.6,0.75,0.75,0.09939759036144578,1.0,0.625,1.0,0.18072289156626506,1.0,0.3125,1.0,0.2620481927710843,1.0,0.20833333333333334,1.0,0.35240963855421686,1.0,0.125,1.0,0.5512048192771084,0.06474082073434126,0.08754191584205961,0.723404255319149,0.723404255319149,False,False,0.3617021276595745,1.0,1.0,0.723404255319149,1.0,1.0,0.9787234042553191,0.6865671641791045,0.9787234042553191,1.0,0.47,1.0,1.0,0.28313253012048195,1.0,0.8,1.0,1.0,0.1144578313253012,1.0,0.625,1.0,0.18373493975903615,1.0,0.3125,1.0,0.28012048192771083,1.0,0.20833333333333334,1.0,0.3674698795180723,1.0,0.125,1.0,0.5572289156626506,0.09141468682505398,0.13677099675856455,0.723404255319149,0.723404255319149,False,False,0.3617021276595745,1.0,1.0,0.723404255319149,1.0,1.0,1.0,0.7014925373134329,1.0,1.0,0.47,1.0,1.0,0.28313253012048195,1.0,0.8,1.0,1.0,0.11144578313253012,1.0,0.625,1.0,0.18072289156626506,1.0,0.3125,1.0,0.2740963855421687,1.0,0.20833333333333334,1.0,0.35843373493975905,1.0,0.125,1.0,0.5271084337349398,0.0291036717062635,0.1589922619787671,0.723404255319149,0.723404255319149,False,False,0.3617021276595745,1.0,1.0,0.723404255319149,1.0,1.0,1.0,0.7014925373134329,1.0,1.0,0.47,1.0,1.0,0.28313253012048195,1.0,0.8,1.0,1.0,0.11144578313253012,1.0,0.625,1.0,0.18072289156626506,1.0,0.3125,1.0,0.2740963855421687,1.0,0.20833333333333334,1.0,0.35843373493975905,1.0,0.125,1.0,0.5301204819277109,,,0.0028454798576107443
vt_h4_c1,67,333,48,0.6875,0.6875,False,False,0.3333333333333333,0.9411764705882353,0.9411764705882353,0.6875,0.9705882352941176,0.9705882352941176,0.8125,0.582089552238806,0.8125,0.875,0.42,0.875,0.875,0.25149700598802394,0.875,0.8,1.0,1.0,0.11711711711711711,1.0,0.625,1.0,0.1831831831831832,1.0,0.3125,1.0,0.2732732732732733,1.0,0.20833333333333334,1.0,0.3633633633633634,1.0,0.125,1.0,0.5495495495495496,0.05603248259860788,0.09604358399479203,0.7083333333333334,0.7083333333333334,False,False,0.3541666666666667,1.0,1.0,0.7083333333333334,1.0,1.0,0.9791666666666666,0.7014925373134329,0.9791666666666666,1.0,0.48,1.0,1.0,0.2874251497005988,1.0,0.8,1.0,1.0,0.11711711711711711,1.0,0.625,1.0,0.1831831831831832,1.0,0.3125,1.0,0.27627627627627627,1.0,0.20833333333333334,1.0,0.3783783783783784,1.0,0.125,1.0,0.5615615615615616,0.09222737819025524,0.1337573371383223,0.7083333333333334,0.7083333333333334,False,False,0.3541666666666667,1.0,1.0,0.7083333333333334,1.0,1.0,1.0,0.7164179104477612,1.0,1.0,0.48,1.0,1.0,0.2874251497005988,1.0,0.8,1.0,1.0,0.11411411411411411,1.0,0.625,1.0,0.1831831831831832,1.0,0.3125,1.0,0.27627627627627627,1.0,0.20833333333333334,1.0,0.35735735735735735,1.0,0.125,1.0,0.5285285285285285,0.08816705336426914,0.1747988518834613,0.7083333333333334,0.7083333333333334,False,False,0.3541666666666667,1.0,1.0,0.7083333333333334,1.0,1.0,1.0,0.7164179104477612,1.0,1.0,0.48,1.0,1.0,0.2874251497005988,1.0,0.8,1.0,1.0,0.11711711711711711,1.0,0.625,1.0,0.1831831831831832,1.0,0.3125,1.0,0.27927927927927926,1.0,0.20833333333333334,1.0,0.3633633633633634,1.0,0.125,1.0,0.5315315315315315,,,0.0026341834286959243
vt_h4_c1,68,334,49,0.6938775510204082,0.6938775510204082,False,False,0.3469387755102041,1.0,1.0,0.6938775510204082,1.0,1.0,0.8367346938775511,0.6119402985074627,0.8367346938775511,0.8571428571428571,0.4158415841584158,0.8571428571428571,0.9183673469387755,0.2694610778443114,0.9183673469387755,0.8,1.0,1.0,0.11676646706586827,1.0,0.625,1.0,0.19161676646706588,1.0,0.3125,1.0,0.2994011976047904,1.0,0.20833333333333334,1.0,0.39520958083832336,1.0,0.125,1.0,0.5718562874251497,0.16930076628352492,0.2757572123112383,0.6938775510204082,0.6938775510204082,False,False,0.3469387755102041,1.0,1.0,0.6938775510204082,1.0,1.0,0.8775510204081632,0.6417910447761194,0.8775510204081632,0.9183673469387755,0.44554455445544555,0.9183673469387755,0.9183673469387755,0.2694610778443114,0.9183673469387755,0.8,1.0,1.0,0.11676646706586827,1.0,0.625,1.0,0.19161676646706588,1.0,0.3125,1.0,0.281437125748503,1.0,0.20833333333333334,1.0,0.38023952095808383,1.0,0.125,1.0,0.5508982035928144,0.19501915708812256,0.33368008663143506,0.6938775510204082,0.6938775510204082,False,False,0.3469387755102041,1.0,1.0,0.6938775510204082,1.0,1.0,1.0,0.7313432835820896,1.0,1.0,0.48514851485148514,1.0,1.0,0.2934131736526946,1.0,0.8,1.0,1.0,0.11377245508982035,1.0,0.625,1.0,0.19161676646706588,1.0,0.3125,1.0,0.2694610778443114,1.0,0.20833333333333334,1.0,0.3532934131736527,1.0,0.125,1.0,0.5269461077844312,0.03936781609195402,0.15097163262205562,0.6938775510204082,0.6938775510204082,False,False,0.3469387755102041,1.0,1.0,0.6938775510204082,1.0,1.0,1.0,0.7313432835820896,1.0,1.0,0.48514851485148514,1.0,1.0,0.2934131736526946,1.0,0.8,1.0,1.0,0.11676646706586827,1.0,0.625,1.0,0.19161676646706588,1.0,0.3125,1.0,0.2694610778443114,1.0,0.20833333333333334,1.0,0.3532934131736527,1.0,0.125,1.0,0.5299401197604791,,,0.0016757268681404924
vt_h4_c1,69,333,48,0.6666666666666666,0.6666666666666666,False,False,0.3541666666666667,1.0,1.0,0.6666666666666666,0.9411764705882353,0.9411764705882353,0.8125,0.582089552238806,0.8125,0.8125,0.39,0.8125,0.8125,0.23353293413173654,0.8125,0.8,1.0,1.0,0.11711711711711711,1.0,0.625,1.0,0.1831831831831832,1.0,0.3125,1.0,0.29429429429429427,1.0,0.20833333333333334,1.0,0.39039039039039036,1.0,0.125,1.0,0.5645645645645646,0.06042626728110599,0.09544661368939482,0.7083333333333334,0.7083333333333334,False,False,0.3541666666666667,1.0,1.0,0.7083333333333334,1.0,1.0,0.9375,0.6716417910447762,0.9375,0.9583333333333334,0.46,0.9583333333333334,0.9583333333333334,0.2754491017964072,0.9583333333333334,0.8,1.0,1.0,0.11711711711711711,1.0,0.625,1.0,0.17717717717717718,1.0,0.3125,1.0,0.2702702702702703,1.0,0.20833333333333334,1.0,0.3783783783783784,1.0,0.125,1.0,0.5585585585585585,0.09608294930875576,0.1342443789880456,0.7083333333333334,0.7083333333333334,False,False,0.3541666666666667,1.0,1.0,0.7083333333333334,1.0,1.0,1.0,0.7164179104477612,1.0,1.0,0.48,1.0,1.0,0.2874251497005988,1.0,0.8,1.0,1.0,0.1111111111111111,1.0,0.625,1.0,0.1831831831831832,1.0,0.3125,1.0,0.2672672672672673,1.0,0.20833333333333334,1.0,0.35735735735735735,1.0,0.125,1.0,0.5375375375375375,0.06728110599078344,0.1610513674716788,0.7083333333333334,0.7083333333333334,False,False,0.3541666666666667,1.0,1.0,0.7083333333333334,1.0,1.0,1.0,0.7164179104477612,1.0,1.0,0.48,1.0,1.0,0.2874251497005988,1.0,0.8,1.0,1.0,0.1111111111111111,1.0,0.625,1.0,0.1891891891891892,1.0,0.3125,1.0,0.2672672672672673,1.0,0.20833333333333334,1.0,0.35435435435435436,1.0,0.125,1.0,0.5465465465465466,,,0.0019127901267835812
vt_h4_c1,70,336,51,0.6274509803921569,0.6274509803921569,False,False,0.3137254901960784,0.9411764705882353,0.9411764705882353,0.6274509803921569,0.9411764705882353,0.9411764705882353,0.8235294117647058,0.6176470588235294,0.8235294117647058,0.8823529411764706,0.44554455445544555,0.8823529411764706,0.9215686274509803,0.27976190476190477,0.9215686274509803,0.6,0.75,0.75,0.10416666666666667,1.0,0.625,1.0,0.1875,1.0,0.3125,1.0,0.28273809523809523,1.0,0.20833333333333334,1.0,0.37202380952380953,1.0,0.125,1.0,0.5625,0.0941854759568204,0.12413378703275268,0.6666666666666666,0.6666666666666666,False,False,0.3333333333333333,1.0,1.0,0.6666666666666666,1.0,1.0,0.9607843137254902,0.7205882352941176,0.9607843137254902,0.9607843137254902,0.48514851485148514,0.9607843137254902,0.9607843137254902,0.2916666666666667,0.9607843137254902,0.8,1.0,1.0,0.11904761904761904,1.0,0.625,1.0,0.1875,1.0,0.3125,1.0,0.2857142857142857,1.0,0.20833333333333334,1.0,0.36904761904761907,1.0,0.125,1.0,0.5535714285714286,0.08118253189401374,0.11049539166926643,0.6666666666666666,0.6666666666666666,False,False,0.3333333333333333,1.0,1.0,0.6666666666666666,1.0,1.0,1.0,0.75,1.0,1.0,0.504950495049505,1.0,1.0,0.30357142857142855,1.0,0.8,1.0,1.0,0.11904761904761904,1.0,0.625,1.0,0.19047619047619047,1.0,0.3125,1.0,0.27976190476190477,1.0,0.20833333333333334,1.0,0.3541666666666667,1.0,0.125,1.0,0.5267857142857143,0.09477428851815509,0.17441207993765842,0.6666666666666666,0.6666666666666666,False,False,0.3333333333333333,1.0,1.0,0.6666666666666666,1.0,1.0,1.0,0.75,1.0,1.0,0.504950495049505,1.0,1.0,0.30357142857142855,1.0,0.8,1.0,1.0,0.125,1.0,0.625,1.0,0.19642857142857142,1.0,0.3125,1.0,0.27976190476190477,1.0,0.20833333333333334,1.0,0.3541666666666667,1.0,0.125,1.0,0.5267857142857143,,,0.0024311449608411806
vt_h4_c1,71,331,46,0.6739130434782609,0.6739130434782609,False,False,0.34782608695652173,0.9411764705882353,0.9411764705882353,0.6739130434782609,0.9117647058823529,0.9117647058823529,0.8043478260869565,0.5522388059701493,0.8043478260869565,0.8913043478260869,0.41,0.8913043478260869,0.9130434782608695,0.25301204819277107,0.9130434782608695,0.6,0.75,0.75,0.09969788519637462,1.0,0.625,1.0,0.1782477341389728,1.0,0.3125,1.0,0.27492447129909364,1.0,0.20833333333333334,1.0,0.36555891238670696,1.0,0.125,1.0,0.5619335347432024,0.11861140443505809,0.16501499393657273,0.7391304347826086,0.7391304347826086,False,False,0.3695652173913043,1.0,1.0,0.7391304347826086,1.0,1.0,0.9782608695652174,0.6716417910447762,0.9782608695652174,0.9782608695652174,0.45,0.9782608695652174,0.9782608695652174,0.2710843373493976,0.9782608695652174,0.8,1.0,1.0,0.11178247734138973,1.0,0.625,1.0,0.1782477341389728,1.0,0.3125,1.0,0.2809667673716012,1.0,0.20833333333333334,1.0,0.37462235649546827,1.0,0.125,1.0,0.552870090634441,0.1454857444561774,0.22168870044441896,0.7391304347826086,0.7391304347826086,False,False,0.3695652173913043,1.0,1.0,0.7391304347826086,1.0,1.0,1.0,0.6865671641791045,1.0,1.0,0.46,1.0,1.0,0.27710843373493976,1.0,0.8,1.0,1.0,0.11178247734138973,1.0,0.625,1.0,0.18429003021148035,1.0,0.3125,1.0,0.2719033232628399,1.0,0.20833333333333334,1.0,0.35347432024169184,1.0,0.125,1.0,0.5347432024169184,0.08027983104540656,0.1676230328659666,0.7391304347826086,0.7391304347826086,False,False,0.3695652173913043,1.0,1.0,0.7391304347826086,1.0,1.0,1.0,0.6865671641791045,1.0,1.0,0.46,1.0,1.0,0.27710843373493976,1.0,0.8,1.0,1.0,0.11178247734138973,1.0,0.625,1.0,0.18429003021148035,1.0,0.3125,1.0,0.2719033232628399,1.0,0.20833333333333334,1.0,0.35347432024169184,1.0,0.125,1.0,0.5317220543806647,,,0.005612613599708105
vt_h4_c1,72,335,50,0.62,0.62,False,False,0.32,0.9411764705882353,0.9411764705882353,0.62,0.9117647058823529,0.9117647058823529,0.86,0.6417910447761194,0.86,0.88,0.43564356435643564,0.88,0.9,0.26785714285714285,0.9,0.6,0.75,0.75,0.1044776119402985,1.0,0.625,1.0,0.1880597014925373,1.0,0.3125,1.0,0.2835820895522388,1.0,0.20833333333333334,1.0,0.3641791044776119,1.0,0.125,1.0,0.5492537313432836,0.07112440191387562,0.0795931037452006,0.68,0.68,False,False,0.34,1.0,1.0,0.68,1.0,1.0,0.98,0.7313432835820896,0.98,1.0,0.49504950495049505,1.0,1.0,0.2976190476190476,1.0,0.8,1.0,1.0,0.11940298507462686,1.0,0.625,1.0,0.1880597014925373,1.0,0.3125,1.0,0.28955223880597014,1.0,0.20833333333333334,1.0,0.37910447761194027,1.0,0.125,1.0,0.573134328358209,0.09442583732057415,0.12236043627792406,0.68,0.68,False,False,0.34,1.0,1.0,0.68,1.0,1.0,1.0,0.746268656716418,1.0,1.0,0.49504950495049505,1.0,1.0,0.2976190476190476,1.0,0.8,1.0,1.0,0.11641791044776119,1.0,0.625,1.0,0.19402985074626866,1.0,0.3125,1.0,0.27761194029850744,1.0,0.20833333333333334,1.0,0.3582089552238806,1.0,0.125,1.0,0.5253731343283582,0.0460047846889952,0.1654354394230481,0.68,0.68,False,False,0.34,1.0,1.0,0.68,1.0,1.0,1.0,0.746268656716418,1.0,1.0,0.49504950495049505,1.0,1.0,0.2976190476190476,1.0,0.8,1.0,1.0,0.11940298507462686,1.0,0.625,1.0,0.19402985074626866,1.0,0.3125,1.0,0.27761194029850744,1.0,0.20833333333333334,1.0,0.3582089552238806,1.0,0.125,1.0,0.5313432835820896,,,0.0028570987501859157
vt_h4_c1,73,333,48,0.6458333333333334,0.6458333333333334,False,False,0.3333333333333333,0.9411764705882353,0.9411764705882353,0.6458333333333334,0.9117647058823529,0.9117647058823529,0.8541666666666666,0.6119402985074627,0.8541666666666666,0.875,0.42,0.875,0.9375,0.2694610778443114,0.9375,0.8,1.0,1.0,0.11711711711711711,1.0,0.625,1.0,0.17717717717717718,1.0,0.3125,1.0,0.27927927927927926,1.0,0.20833333333333334,1.0,0.37237237237237236,1.0,0.125,1.0,0.5525525525525525,0.08600726895119418,0.11885371125146219,0.7083333333333334,0.7083333333333334,False,False,0.3541666666666667,1.0,1.0,0.7083333333333334,1.0,1.0,1.0,0.7164179104477612,1.0,1.0,0.48,1.0,1.0,0.2874251497005988,1.0,0.8,1.0,1.0,0.11711711711711711,1.0,0.625,1.0,0.17717717717717718,1.0,0.3125,1.0,0.2672672672672673,1.0,0.20833333333333334,1.0,0.3633633633633634,1.0,0.125,1.0,0.5465465465465466,0.09872793354101765,0.12957547915509476,0.7083333333333334,0.7083333333333334,False,False,0.3541666666666667,1.0,1.0,0.7083333333333334,1.0,1.0,1.0,0.7164179104477612,1.0,1.0,0.48,1.0,1.0,0.2874251497005988,1.0,0.8,1.0,1.0,0.11411411411411411,1.0,0.625,1.0,0.1891891891891892,1.0,0.3125,1.0,0.2702702702702703,1.0,0.20833333333333334,1.0,0.35435435435435436,1.0,0.125,1.0,0.5165165165165165,0.07250778816199377,0.1710174282268279,0.7083333333333334,0.7083333333333334,False,False,0.3541666666666667,1.0,1.0,0.7083333333333334,1.0,1.0,1.0,0.7164179104477612,1.0,1.0,0.48,1.0,1.0,0.2874251497005988,1.0,0.8,1.0,1.0,0.11711711711711711,1.0,0.625,1.0,0.1891891891891892,1.0,0.3125,1.0,0.2702702702702703,1.0,0.20833333333333334,1.0,0.35735735735735735,1.0,0.125,1.0,0.5135135135135135,,,0.0038822903148378884
vt_h4_c1,74,333,48,0.6458333333333334,0.6458333333333334,False,False,0.3333333333333333,0.9411764705882353,0.9411764705882353,0.6458333333333334,0.9117647058823529,0.9117647058823529,0.875,0.6268656716417911,0.875,0.8958333333333334,0.43,0.8958333333333334,0.9375,0.2694610778443114,0.9375,0.6,0.75,0.75,0.1021021021021021,1.0,0.625,1.0,0.1831831831831832,1.0,0.3125,1.0,0.27627627627627627,1.0,0.20833333333333334,1.0,0.36936936936936937,1.0,0.125,1.0,0.5435435435435435,0.08229813664596275,0.1101543459506952,0.7083333333333334,0.7083333333333334,False,False,0.3541666666666667,1.0,1.0,0.7083333333333334,1.0,1.0,0.9791666666666666,0.7014925373134329,0.9791666666666666,1.0,0.48,1.0,1.0,0.2874251497005988,1.0,0.8,1.0,1.0,0.11411411411411411,1.0,0.625,1.0,0.1831831831831832,1.0,0.3125,1.0,0.27927927927927926,1.0,0.20833333333333334,1.0,0.36936936936936937,1.0,0.125,1.0,0.5525525525525525,0.06759834368530021,0.09298417784311645,0.7083333333333334,0.7083333333333334,False,False,0.3541666666666667,1.0,1.0,0.7083333333333334,1.0,1.0,1.0,0.7164179104477612,1.0,1.0,0.48,1.0,1.0,0.2874251497005988,1.0,0.8,1.0,1.0,0.11711711711711711,1.0,0.625,1.0,0.1891891891891892,1.0,0.3125,1.0,0.27627627627627627,1.0,0.20833333333333334,1.0,0.35435435435435436,1.0,0.125,1.0,0.5255255255255256,0.0681159420289855,0.16987299264406938,0.7083333333333334,0.7083333333333334,False,False,0.3541666666666667,1.0,1.0,0.7083333333333334,1.0,1.0,1.0,0.7164179104477612,1.0,1.0,0.48,1.0,1.0,0.2874251497005988,1.0,0.8,1.0,1.0,0.11711711711711711,1.0,0.625,1.0,0.1891891891891892,1.0,0.3125,1.0,0.27627627627627627,1.0,0.20833333333333334,1.0,0.35735735735735735,1.0,0.125,1.0,0.5255255255255256,,,0.0023336435682588252
vt_h4_c1,75,329,44,0.6590909090909091,0.6590909090909091,False,False,0.36363636363636365,0.9411764705882353,0.9411764705882353,0.6590909090909091,0.8787878787878788,0.8787878787878788,0.8636363636363636,0.5757575757575758,0.8636363636363636,0.8636363636363636,0.3838383838383838,0.8636363636363636,0.8863636363636364,0.23636363636363636,0.8863636363636364,0.6,0.75,0.75,0.0972644376899696,1.0,0.625,1.0,0.17325227963525835,1.0,0.3125,1.0,0.25835866261398177,1.0,0.20833333333333334,1.0,0.364741641337386,1.0,0.125,1.0,0.547112462006079,0.05409715407262021,0.07666767416376571,0.75,0.75,False,False,0.38636363636363635,1.0,1.0,0.75,1.0,1.0,1.0,0.6666666666666666,1.0,1.0,0.4444444444444444,1.0,1.0,0.26666666666666666,1.0,0.8,1.0,1.0,0.10638297872340426,1.0,0.625,1.0,0.17325227963525835,1.0,0.3125,1.0,0.270516717325228,1.0,0.20833333333333334,1.0,0.364741641337386,1.0,0.125,1.0,0.5440729483282675,0.08888616290480862,0.11689014916696605,0.75,0.75,False,False,0.38636363636363635,1.0,1.0,0.75,1.0,1.0,1.0,0.6666666666666666,1.0,1.0,0.4444444444444444,1.0,1.0,0.26666666666666666,1.0,0.8,1.0,1.0,0.1033434650455927,1.0,0.625,1.0,0.17325227963525835,1.0,0.3125,1.0,0.270516717325228,1.0,0.20833333333333334,1.0,0.3556231003039514,1.0,0.125,1.0,0.5227963525835866,0.08182041216879295,0.16289529942771333,0.75,0.75,False,False,0.38636363636363635,1.0,1.0,0.75,1.0,1.0,1.0,0.6666666666666666,1.0,1.0,0.4444444444444444,1.0,1.0,0.26666666666666666,1.0,0.8,1.0,1.0,0.1033434650455927,1.0,0.625,1.0,0.17325227963525835,1.0,0.3125,1.0,0.270516717325228,1.0,0.20833333333333334,1.0,0.3586626139817629,1.0,0.125,1.0,0.5197568389057751,,,0.001890764658657118
vt_h4_c1,76,331,46,0.6739130434782609,0.6739130434782609,False,False,0.34782608695652173,0.9411764705882353,0.9411764705882353,0.6739130434782609,0.9117647058823529,0.9117647058823529,0.8478260869565217,0.582089552238806,0.8478260869565217,0.9130434782608695,0.42,0.9130434782608695,0.9565217391304348,0.26506024096385544,0.9565217391304348,0.6,0.75,0.75,0.09969788519637462,1.0,0.625,1.0,0.17522658610271905,1.0,0.3125,1.0,0.26586102719033233,1.0,0.20833333333333334,1.0,0.36253776435045315,1.0,0.125,1.0,0.5498489425981873,0.14610805860805862,0.22382958222270113,0.7391304347826086,0.7391304347826086,False,False,0.3695652173913043,1.0,1.0,0.7391304347826086,1.0,1.0,0.9782608695652174,0.6716417910447762,0.9782608695652174,0.9782608695652174,0.45,0.9782608695652174,1.0,0.27710843373493976,1.0,0.8,1.0,1.0,0.11178247734138973,1.0,0.625,1.0,0.17220543806646527,1.0,0.3125,1.0,0.2688821752265861,1.0,0.20833333333333334,1.0,0.36253776435045315,1.0,0.125,1.0,0.552870090634441,0.1385989010989011,0.21269703663299916,0.7391304347826086,0.7391304347826086,False,False,0.3695652173913043,1.0,1.0,0.7391304347826086,1.0,1.0,1.0,0.6865671641791045,1.0,1.0,0.46,1.0,1.0,0.27710843373493976,1.0,0.8,1.0,1.0,0.11178247734138973,1.0,0.625,1.0,0.18126888217522658,1.0,0.3125,1.0,0.26586102719033233,1.0,0.20833333333333334,1.0,0.3564954682779456,1.0,0.125,1.0,0.5226586102719033,0.1065018315018315,0.19150202050278403,0.7391304347826086,0.7391304347826086,False,False,0.3695652173913043,1.0,1.0,0.7391304347826086,1.0,1.0,1.0,0.6865671641791045,1.0,1.0,0.46,1.0,1.0,0.27710843373493976,1.0,0.8,1.0,1.0,0.11178247734138973,1.0,0.625,1.0,0.18126888217522658,1.0,0.3125,1.0,0.26586102719033233,1.0,0.20833333333333334,1.0,0.3564954682779456,1.0,0.125,1.0,0.525679758308157,,,0.0016106544999580086
vt_h4_c1,77,333,48,0.6666666666666666,0.6666666666666666,False,False,0.3333333333333333,0.9411764705882353,0.9411764705882353,0.6666666666666666,0.9411764705882353,0.9411764705882353,0.875,0.6268656716417911,0.875,0.8958333333333334,0.43,0.8958333333333334,0.9583333333333334,0.2754491017964072,0.9583333333333334,0.8,1.0,1.0,0.11711711711711711,1.0,0.625,1.0,0.1891891891891892,1.0,0.3125,1.0,0.2732732732732733,1.0,0.20833333333333334,1.0,0.3663663663663664,1.0,0.125,1.0,0.5525525525525525,0.10373015873015874,0.12960066060847822,0.7083333333333334,0.7083333333333334,False,False,0.3541666666666667,1.0,1.0,0.7083333333333334,1.0,1.0,1.0,0.7164179104477612,1.0,1.0,0.48,1.0,1.0,0.2874251497005988,1.0,0.8,1.0,1.0,0.11711711711711711,1.0,0.625,1.0,0.17717717717717718,1.0,0.3125,1.0,0.27627627627627627,1.0,0.20833333333333334,1.0,0.37237237237237236,1.0,0.125,1.0,0.5495495495495496,0.13484126984126982,0.20005298267693075,0.7083333333333334,0.7083333333333334,False,False,0.3541666666666667,1.0,1.0,0.7083333333333334,1.0,1.0,1.0,0.7164179104477612,1.0,1.0,0.48,1.0,1.0,0.2874251497005988,1.0,0.8,1.0,1.0,0.1111111111111111,1.0,0.625,1.0,0.1891891891891892,1.0,0.3125,1.0,0.27627627627627627,1.0,0.20833333333333334,1.0,0.35735735735735735,1.0,0.125,1.0,0.5255255255255256,0.05828042328042328,0.16305965637583994,0.7083333333333334,0.7083333333333334,False,False,0.3541666666666667,1.0,1.0,0.7083333333333334,1.0,1.0,1.0,0.7164179104477612,1.0,1.0,0.48,1.0,1.0,0.2874251497005988,1.0,0.8,1.0,1.0,0.1111111111111111,1.0,0.625,1.0,0.1891891891891892,1.0,0.3125,1.0,0.27627627627627627,1.0,0.20833333333333334,1.0,0.36036036036036034,1.0,0.125,1.0,0.5225225225225225,,,0.0036104090163058267
vt_h4_c1,78,335,50,0.66,0.66,False,False,0.32,0.9411764705882353,0.9411764705882353,0.66,0.9705882352941176,0.9705882352941176,0.84,0.6268656716417911,0.84,0.9,0.44554455445544555,0.9,0.94,0.27976190476190477,0.94,0.8,1.0,1.0,0.11940298507462686,1.0,0.625,1.0,0.18208955223880596,1.0,0.3125,1.0,0.28955223880597014,1.0,0.20833333333333334,1.0,0.382089552238806,1.0,0.125,1.0,0.5552238805970149,0.08057986870897157,0.11447261432824991,0.68,0.68,False,False,0.34,1.0,1.0,0.68,1.0,1.0,1.0,0.746268656716418,1.0,1.0,0.49504950495049505,1.0,1.0,0.2976190476190476,1.0,0.8,1.0,1.0,0.11940298507462686,1.0,0.625,1.0,0.18208955223880596,1.0,0.3125,1.0,0.2835820895522388,1.0,0.20833333333333334,1.0,0.3641791044776119,1.0,0.125,1.0,0.5402985074626866,0.0863785557986871,0.1139616690538017,0.68,0.68,False,False,0.34,1.0,1.0,0.68,1.0,1.0,1.0,0.746268656716418,1.0,1.0,0.49504950495049505,1.0,1.0,0.2976190476190476,1.0,0.8,1.0,1.0,0.11940298507462686,1.0,0.625,1.0,0.19402985074626866,1.0,0.3125,1.0,0.28059701492537314,1.0,0.20833333333333334,1.0,0.35522388059701493,1.0,0.125,1.0,0.5253731343283582,0.04228665207877462,0.16787112821993286,0.68,0.68,False,False,0.34,1.0,1.0,0.68,1.0,1.0,1.0,0.746268656716418,1.0,1.0,0.49504950495049505,1.0,1.0,0.2976190476190476,1.0,0.8,1.0,1.0,0.11940298507462686,1.0,0.625,1.0,0.19402985074626866,1.0,0.3125,1.0,0.28059701492537314,1.0,0.20833333333333334,1.0,0.35522388059701493,1.0,0.125,1.0,0.5223880597014925,,,0.0023605548326930403
vt_h4_c1,79,334,49,0.673469387755102,0.673469387755102,False,False,0.3469387755102041,1.0,1.0,0.673469387755102,0.9705882352941176,0.9705882352941176,0.8163265306122449,0.5970149253731343,0.8163265306122449,0.8571428571428571,0.4158415841584158,0.8571428571428571,0.8775510204081632,0.25748502994011974,0.8775510204081632,0.8,1.0,1.0,0.11676646706586827,1.0,0.625,1.0,0.18862275449101795,1.0,0.3125,1.0,0.2844311377245509,1.0,0.20833333333333334,1.0,0.38023952095808383,1.0,0.125,1.0,0.5538922155688623,0.054057017543859644,0.09069291553290512,0.6938775510204082,0.6938775510204082,False,False,0.3469387755102041,1.0,1.0,0.6938775510204082,1.0,1.0,1.0,0.7313432835820896,1.0,1.0,0.48514851485148514,1.0,1.0,0.2934131736526946,1.0,0.8,1.0,1.0,0.11976047904191617,1.0,0.625,1.0,0.18562874251497005,1.0,0.3125,1.0,0.2844311377245509,1.0,0.20833333333333334,1.0,0.3712574850299401,1.0,0.125,1.0,0.5538922155688623,0.09106359649122808,0.12752223085223616,0.6938775510204082,0.6938775510204082,False,False,0.3469387755102041,1.0,1.0,0.6938775510204082,1.0,1.0,1.0,0.7313432835820896,1.0,1.0,0.48514851485148514,1.0,1.0,0.2934131736526946,1.0,0.8,1.0,1.0,0.11676646706586827,1.0,0.625,1.0,0.18562874251497005,1.0,0.3125,1.0,0.2694610778443114,1.0,0.20833333333333334,1.0,0.3592814371257485,1.0,0.125,1.0,0.5269461077844312,0.03212719298245614,0.1604629235205516,0.6938775510204082,0.6938775510204082,False,False,0.3469387755102041,1.0,1.0,0.6938775510204082,1.0,1.0,1.0,0.7313432835820896,1.0,1.0,0.48514851485148514,1.0,1.0,0.2934131736526946,1.0,0.8,1.0,1.0,0.11676646706586827,1.0,0.625,1.0,0.18562874251497005,1.0,0.3125,1.0,0.2694610778443114,1.0,0.20833333333333334,1.0,0.3592814371257485,1.0,0.125,1.0,0.5299401197604791,,,0.005406172058533887
vt_h4_c1,80,331,46,0.7391304347826086,0.7391304347826086,False,False,0.3695652173913043,1.0,1.0,0.7391304347826086,1.0,1.0,0.8913043478260869,0.6119402985074627,0.8913043478260869,0.9130434782608695,0.42,0.9130434782608695,0.9130434782608695,0.25301204819277107,0.9130434782608695,0.8,1.0,1.0,0.11178247734138973,1.0,0.625,1.0,0.17220543806646527,1.0,0.3125,1.0,0.2719033232628399,1.0,0.20833333333333334,1.0,0.3595166163141994,1.0,0.125,1.0,0.552870090634441,0.06616402116402116,0.08300769928959895,0.7391304347826086,0.7391304347826086,False,False,0.3695652173913043,1.0,1.0,0.7391304347826086,1.0,1.0,0.9347826086956522,0.6417910447761194,0.9347826086956522,0.9347826086956522,0.43,0.9347826086956522,0.9565217391304348,0.26506024096385544,0.9565217391304348,0.8,1.0,1.0,0.10876132930513595,1.0,0.625,1.0,0.17522658610271905,1.0,0.3125,1.0,0.256797583081571,1.0,0.20833333333333334,1.0,0.3474320241691843,1.0,0.125,1.0,0.5438066465256798,0.09706349206349207,0.13918868761646802,0.717391304347826,0.717391304347826,False,False,0.3695652173913043,1.0,1.0,0.717391304347826,0.9705882352941176,0.9705882352941176,1.0,0.6865671641791045,1.0,1.0,0.46,1.0,1.0,0.27710843373493976,1.0,0.8,1.0,1.0,0.10876132930513595,1.0,0.625,1.0,0.17220543806646527,1.0,0.3125,1.0,0.26586102719033233,1.0,0.20833333333333334,1.0,0.34441087613293053,1.0,0.125,1.0,0.5105740181268882,0.04510582010582011,0.17654123988391973,0.717391304347826,0.717391304347826,False,False,0.3695652173913043,1.0,1.0,0.717391304347826,0.9705882352941176,0.9705882352941176,1.0,0.6865671641791045,1.0,1.0,0.46,1.0,1.0,0.27710843373493976,1.0,0.8,1.0,1.0,0.10876132930513595,1.0,0.625,1.0,0.17220543806646527,1.0,0.3125,1.0,0.2688821752265861,1.0,0.20833333333333334,1.0,0.34441087613293053,1.0,0.125,1.0,0.5105740181268882,,,0.0030061539796536474
vt_h4_c1,81,333,48,0.7083333333333334,0.7083333333333334,False,False,0.3541666666666667,1.0,1.0,0.7083333333333334,1.0,1.0,0.8541666666666666,0.6119402985074627,0.8541666666666666,0.875,0.42,0.875,0.9166666666666666,0.2634730538922156,0.9166666666666666,0.8,1.0,1.0,0.11711711711711711,1.0,0.625,1.0,0.17717717717717718,1.0,0.3125,1.0,0.2822822822822823,1.0,0.20833333333333334,1.0,0.3813813813813814,1.0,0.125,1.0,0.5555555555555556,0.06277354900095147,0.08909811392894898,0.7083333333333334,0.7083333333333334,False,False,0.3541666666666667,1.0,1.0,0.7083333333333334,1.0,1.0,0.9583333333333334,0.6865671641791045,0.9583333333333334,0.9583333333333334,0.46,0.9583333333333334,0.9583333333333334,0.2754491017964072,0.9583333333333334,0.8,1.0,1.0,0.11711711711711711,1.0,0.625,1.0,0.17717717717717718,1.0,0.3125,1.0,0.26426426426426425,1.0,0.20833333333333334,1.0,0.3633633633633634,1.0,0.125,1.0,0.5465465465465466,0.09393434823977165,0.13758932962141554,0.7083333333333334,0.7083333333333334,False,False,0.3541666666666667,1.0,1.0,0.7083333333333334,1.0,1.0,1.0,0.7164179104477612,1.0,1.0,0.48,1.0,1.0,0.2874251497005988,1.0,0.8,1.0,1.0,0.11711711711711711,1.0,0.625,1.0,0.17717717717717718,1.0,0.3125,1.0,0.2732732732732733,1.0,0.20833333333333334,1.0,0.35435435435435436,1.0,0.125,1.0,0.5195195195195195,0.07247859181731683,0.17307174507652706,0.7083333333333334,0.7083333333333334,False,False,0.3541666666666667,1.0,1.0,0.7083333333333334,1.0,1.0,1.0,0.7164179104477612,1.0,1.0,0.48,1.0,1.0,0.2874251497005988,1.0,0.8,1.0,1.0,0.11711711711711711,1.0,0.625,1.0,0.17717717717717718,1.0,0.3125,1.0,0.2732732732732733,1.0,0.20833333333333334,1.0,0.35435435435435436,1.0,0.125,1.0,0.5225225225225225,,,0.005537489275295737
vt_h4_c1,82,334,49,0.6530612244897959,0.6530612244897959,False,False,0.32653061224489793,0.9411764705882353,0.9411764705882353,0.6530612244897959,0.9411764705882353,0.9411764705882353,0.8571428571428571,0.6268656716417911,0.8571428571428571,0.8775510204081632,0.42574257425742573,0.8775510204081632,0.8979591836734694,0.2634730538922156,0.8979591836734694,0.8,1.0,1.0,0.11676646706586827,1.0,0.625,1.0,0.19161676646706588,1.0,0.3125,1.0,0.27844311377245506,1.0,0.20833333333333334,1.0,0.36826347305389223,1.0,0.125,1.0,0.5508982035928144,0.04582096933728982,0.07236545581783584,0.6938775510204082,0.6938775510204082,False,False,0.3469387755102041,1.0,1.0,0.6938775510204082,1.0,1.0,0.9795918367346939,0.7164179104477612,0.9795918367346939,1.0,0.48514851485148514,1.0,1.0,0.2934131736526946,1.0,0.8,1.0,1.0,0.11976047904191617,1.0,0.625,1.0,0.19161676646706588,1.0,0.3125,1.0,0.27245508982035926,1.0,0.20833333333333334,1.0,0.36826347305389223,1.0,0.125,1.0,0.5568862275449101,0.08019287833827893,0.11324476258614721,0.6938775510204082,0.6938775510204082,False,False,0.3469387755102041,1.0,1.0,0.6938775510204082,1.0,1.0,1.0,0.7313432835820896,1.0,1.0,0.48514851485148514,1.0,1.0,0.2934131736526946,1.0,0.8,1.0,1.0,0.11676646706586827,1.0,0.625,1.0,0.19161676646706588,1.0,0.3125,1.0,0.2754491017964072,1.0,0.20833333333333334,1.0,0.3502994011976048,1.0,0.125,1.0,0.5149700598802395,0.04097428288822948,0.15240400842060903,0.6938775510204082,0.6938775510204082,False,False,0.3469387755102041,1.0,1.0,0.6938775510204082,1.0,1.0,1.0,0.7313432835820896,1.0,1.0,0.48514851485148514,1.0,1.0,0.2934131736526946,1.0,0.8,1.0,1.0,0.11676646706586827,1.0,0.625,1.0,0.19161676646706588,1.0,0.3125,1.0,0.2754491017964072,1.0,0.20833333333333334,1.0,0.3502994011976048,1.0,0.125,1.0,0.5209580838323353,,,0.0031891118245908068
vt_h4_c1,83,332,47,0.6808510638297872,0.6808510638297872,False,False,0.3404255319148936,0.9411764705882353,0.9411764705882353,0.6808510638297872,0.9411764705882353,0.9411764705882353,0.8085106382978723,0.5671641791044776,0.8085106382978723,0.8085106382978723,0.38,0.8085106382978723,0.8297872340425532,0.23493975903614459,0.8297872340425532,0.8,1.0,1.0,0.11144578313253012,1.0,0.625,1.0,0.18674698795180722,1.0,0.3125,1.0,0.27710843373493976,1.0,0.20833333333333334,1.0,0.37650602409638556,1.0,0.125,1.0,0.5632530120481928,0.04065420560747664,0.07625611861931239,0.723404255319149,0.723404255319149,False,False,0.3617021276595745,1.0,1.0,0.723404255319149,1.0,1.0,0.9787234042553191,0.6865671641791045,0.9787234042553191,0.9787234042553191,0.46,0.9787234042553191,1.0,0.28313253012048195,1.0,0.8,1.0,1.0,0.11144578313253012,1.0,0.625,1.0,0.18072289156626506,1.0,0.3125,1.0,0.27710843373493976,1.0,0.20833333333333334,1.0,0.3614457831325301,1.0,0.125,1.0,0.5512048192771084,0.03710280373831776,0.06701233297435735,0.723404255319149,0.723404255319149,False,False,0.3617021276595745,1.0,1.0,0.723404255319149,1.0,1.0,1.0,0.7014925373134329,1.0,1.0,0.47,1.0,1.0,0.28313253012048195,1.0,0.8,1.0,1.0,0.11144578313253012,1.0,0.625,1.0,0.18674698795180722,1.0,0.3125,1.0,0.2740963855421687,1.0,0.20833333333333334,1.0,0.35542168674698793,1.0,0.125,1.0,0.5240963855421686,0.04004672897196262,0.16197450193898458,0.723404255319149,0.723404255319149,False,False,0.3617021276595745,1.0,1.0,0.723404255319149,1.0,1.0,1.0,0.7014925373134329,1.0,1.0,0.47,1.0,1.0,0.28313253012048195,1.0,0.8,1.0,1.0,0.11144578313253012,1.0,0.625,1.0,0.18674698795180722,1.0,0.3125,1.0,0.28012048192771083,1.0,0.20833333333333334,1.0,0.35843373493975905,1.0,0.125,1.0,0.5240963855421686,,,0.004342644204049062
vt_h4_c1,84,329,44,0.6136363636363636,0.6136363636363636,False,False,0.3409090909090909,0.8823529411764706,0.8823529411764706,0.6136363636363636,0.8181818181818182,0.8181818181818182,0.75,0.5,0.75,0.8863636363636364,0.3939393939393939,0.8863636363636364,0.9772727272727273,0.2606060606060606,0.9772727272727273,0.6,0.75,0.75,0.09422492401215805,1.0,0.625,1.0,0.17325227963525835,1.0,0.3125,1.0,0.26443768996960487,1.0,0.20833333333333334,1.0,0.3617021276595745,1.0,0.125,1.0,0.5501519756838906,0.15240805604203153,0.21719192416241095,0.7045454545454546,0.7045454545454546,False,False,0.36363636363636365,0.9411764705882353,0.9411764705882353,0.7045454545454546,0.9393939393939394,0.9393939393939394,1.0,0.6666666666666666,1.0,1.0,0.4444444444444444,1.0,1.0,0.26666666666666666,1.0,0.8,1.0,1.0,0.10638297872340426,1.0,0.625,1.0,0.17325227963525835,1.0,0.3125,1.0,0.2735562310030395,1.0,0.20833333333333334,1.0,0.3708206686930091,1.0,0.125,1.0,0.5562310030395137,0.14724168126094575,0.21855075648531538,0.75,0.75,False,False,0.38636363636363635,1.0,1.0,0.75,1.0,1.0,1.0,0.6666666666666666,1.0,1.0,0.4444444444444444,1.0,1.0,0.26666666666666666,1.0,0.8,1.0,1.0,0.10638297872340426,1.0,0.625,1.0,0.17933130699088146,1.0,0.3125,1.0,0.2674772036474164,1.0,0.20833333333333334,1.0,0.3556231003039514,1.0,0.125,1.0,0.5197568389057751,0.20267075306479856,0.3118475742830894,0.75,0.75,False,False,0.38636363636363635,1.0,1.0,0.75,1.0,1.0,1.0,0.6666666666666666,1.0,1.0,0.4444444444444444,1.0,1.0,0.26666666666666666,1.0,0.8,1.0,1.0,0.10638297872340426,1.0,0.625,1.0,0.17933130699088146,1.0,0.3125,1.0,0.2674772036474164,1.0,0.20833333333333334,1.0,0.3556231003039514,1.0,0.125,1.0,0.5227963525835866,,,0.0028734922004254315
vt_h4_c1,85,332,47,0.6382978723404256,0.6382978723404256,False,False,0.3404255319148936,0.9411764705882353,0.9411764705882353,0.6382978723404256,0.8823529411764706,0.8823529411764706,0.851063829787234,0.5970149253731343,0.851063829787234,0.8723404255319149,0.41,0.8723404255319149,0.9148936170212766,0.25903614457831325,0.9148936170212766,0.6,0.75,0.75,0.09939759036144578,1.0,0.625,1.0,0.17771084337349397,1.0,0.3125,1.0,0.2740963855421687,1.0,0.20833333333333334,1.0,0.37349397590361444,1.0,0.125,1.0,0.5602409638554217,0.050784966698382505,0.06329850663509737,0.723404255319149,0.723404255319149,False,False,0.3617021276595745,1.0,1.0,0.723404255319149,1.0,1.0,1.0,0.7014925373134329,1.0,1.0,0.47,1.0,1.0,0.28313253012048195,1.0,0.8,1.0,1.0,0.11144578313253012,1.0,0.625,1.0,0.17771084337349397,1.0,0.3125,1.0,0.2740963855421687,1.0,0.20833333333333334,1.0,0.3644578313253012,1.0,0.125,1.0,0.5512048192771084,0.06163177925784966,0.08476345985388367,0.723404255319149,0.723404255319149,False,False,0.3617021276595745,1.0,1.0,0.723404255319149,1.0,1.0,1.0,0.7014925373134329,1.0,1.0,0.47,1.0,1.0,0.28313253012048195,1.0,0.8,1.0,1.0,0.11144578313253012,1.0,0.625,1.0,0.18072289156626506,1.0,0.3125,1.0,0.2740963855421687,1.0,0.20833333333333334,1.0,0.35843373493975905,1.0,0.125,1.0,0.5301204819277109,0.053829686013320645,0.1655833392900765,0.723404255319149,0.723404255319149,False,False,0.3617021276595745,1.0,1.0,0.723404255319149,1.0,1.0,1.0,0.7014925373134329,1.0,1.0,0.47,1.0,1.0,0.28313253012048195,1.0,0.8,1.0,1.0,0.11144578313253012,1.0,0.625,1.0,0.18072289156626506,1.0,0.3125,1.0,0.2740963855421687,1.0,0.20833333333333334,1.0,0.3614457831325301,1.0,0.125,1.0,0.5301204819277109,,,0.0021340770564473033
vt_h4_c1,86,332,47,0.6808510638297872,0.6808510638297872,False,False,0.3617021276595745,1.0,1.0,0.6808510638297872,0.9411764705882353,0.9411764705882353,0.8936170212765957,0.6268656716417911,0.8936170212765957,0.8936170212765957,0.42,0.8936170212765957,0.9148936170212766,0.25903614457831325,0.9148936170212766,0.8,1.0,1.0,0.1144578313253012,1.0,0.625,1.0,0.18674698795180722,1.0,0.3125,1.0,0.28012048192771083,1.0,0.20833333333333334,1.0,0.37349397590361444,1.0,0.125,1.0,0.5512048192771084,0.041573971078976646,0.06262984569044791,0.723404255319149,0.723404255319149,False,False,0.3617021276595745,1.0,1.0,0.723404255319149,1.0,1.0,0.9787234042553191,0.6865671641791045,0.9787234042553191,1.0,0.47,1.0,1.0,0.28313253012048195,1.0,0.8,1.0,1.0,0.1144578313253012,1.0,0.625,1.0,0.1746987951807229,1.0,0.3125,1.0,0.27710843373493976,1.0,0.20833333333333334,1.0,0.3704819277108434,1.0,0.125,1.0,0.5542168674698795,0.06593437152391546,0.09060278415098602,0.723404255319149,0.723404255319149,False,False,0.3617021276595745,1.0,1.0,0.723404255319149,1.0,1.0,1.0,0.7014925373134329,1.0,1.0,0.47,1.0,1.0,0.28313253012048195,1.0,0.8,1.0,1.0,0.1144578313253012,1.0,0.625,1.0,0.1746987951807229,1.0,0.3125,1.0,0.2710843373493976,1.0,0.20833333333333334,1.0,0.3463855421686747,1.0,0.125,1.0,0.5240963855421686,0.05180756395995549,0.17564578017352844,0.723404255319149,0.723404255319149,False,False,0.3617021276595745,1.0,1.0,0.723404255319149,1.0,1.0,1.0,0.7014925373134329,1.0,1.0,0.47,1.0,1.0,0.28313253012048195,1.0,0.8,1.0,1.0,0.1144578313253012,1.0,0.625,1.0,0.1746987951807229,1.0,0.3125,1.0,0.2680722891566265,1.0,0.20833333333333334,1.0,0.35240963855421686,1.0,0.125,1.0,0.5271084337349398,,,0.0017086535686692272
vt_h4_c1,87,329,44,0.7272727272727273,0.7272727272727273,False,False,0.36363636363636365,0.9411764705882353,0.9411764705882353,0.7272727272727273,0.9696969696969697,0.9696969696969697,0.8181818181818182,0.5454545454545454,0.8181818181818182,0.8409090909090909,0.37373737373737376,0.8409090909090909,0.8636363636363636,0.23030303030303031,0.8636363636363636,0.8,1.0,1.0,0.1094224924012158,1.0,0.625,1.0,0.17325227963525835,1.0,0.3125,1.0,0.2735562310030395,1.0,0.20833333333333334,1.0,0.3677811550151976,1.0,0.125,1.0,0.547112462006079,0.0501412429378531,0.07092548852592519,0.75,0.75,False,False,0.38636363636363635,1.0,1.0,0.75,1.0,1.0,1.0,0.6666666666666666,1.0,1.0,0.4444444444444444,1.0,1.0,0.26666666666666666,1.0,0.8,1.0,1.0,0.1094224924012158,1.0,0.625,1.0,0.16717325227963525,1.0,0.3125,1.0,0.25835866261398177,1.0,0.20833333333333334,1.0,0.3434650455927052,1.0,0.125,1.0,0.541033434650456,0.10353107344632768,0.1496786462662364,0.75,0.75,False,False,0.38636363636363635,1.0,1.0,0.75,1.0,1.0,1.0,0.6666666666666666,1.0,1.0,0.4444444444444444,1.0,1.0,0.26666666666666666,1.0,0.8,1.0,1.0,0.1033434650455927,1.0,0.625,1.0,0.17933130699088146,1.0,0.3125,1.0,0.2674772036474164,1.0,0.20833333333333334,1.0,0.3495440729483283,1.0,0.125,1.0,0.5106382978723404,0.10901129943502826,0.19201961934376036,0.75,0.75,False,False,0.38636363636363635,1.0,1.0,0.75,1.0,1.0,1.0,0.6666666666666666,1.0,1.0,0.4444444444444444,1.0,1.0,0.26666666666666666,1.0,0.8,1.0,1.0,0.1094224924012158,1.0,0.625,1.0,0.17933130699088146,1.0,0.3125,1.0,0.2674772036474164,1.0,0.20833333333333334,1.0,0.3495440729483283,1.0,0.125,1.0,0.513677811550152,,,0.0027984165796639537
vt_h4_c1,88,331,46,0.6739130434782609,0.6739130434782609,False,False,0.34782608695652173,0.9411764705882353,0.9411764705882353,0.6739130434782609,0.9117647058823529,0.9117647058823529,0.8913043478260869,0.6119402985074627,0.8913043478260869,0.9347826086956522,0.43,0.9347826086956522,0.9565217391304348,0.26506024096385544,0.9565217391304348,0.8,1.0,1.0,0.11178247734138973,1.0,0.625,1.0,0.1782477341389728,1.0,0.3125,1.0,0.2688821752265861,1.0,0.20833333333333334,1.0,0.3564954682779456,1.0,0.125,1.0,0.540785498489426,0.10441176470588238,0.13815229071398039,0.7391304347826086,0.7391304347826086,False,False,0.3695652173913043,1.0,1.0,0.7391304347826086,1.0,1.0,1.0,0.6865671641791045,1.0,1.0,0.46,1.0,1.0,0.27710843373493976,1.0,0.8,1.0,1.0,0.11178247734138973,1.0,0.625,1.0,0.17220543806646527,1.0,0.3125,1.0,0.2688821752265861,1.0,0.20833333333333334,1.0,0.3564954682779456,1.0,0.125,1.0,0.5347432024169184,0.1244377162629758,0.182190504653661,0.7391304347826086,0.7391304347826086,False,False,0.3695652173913043,1.0,1.0,0.7391304347826086,1.0,1.0,1.0,0.6865671641791045,1.0,1.0,0.46,1.0,1.0,0.27710843373493976,1.0,0.8,1.0,1.0,0.11178247734138973,1.0,0.625,1.0,0.1782477341389728,1.0,0.3125,1.0,0.27492447129909364,1.0,0.20833333333333334,1.0,0.3504531722054381,1.0,0.125,1.0,0.5196374622356495,0.09416089965397922,0.18788492307108534,0.7391304347826086,0.7391304347826086,False,False,0.3695652173913043,1.0,1.0,0.7391304347826086,1.0,1.0,1.0,0.6865671641791045,1.0,1.0,0.46,1.0,1.0,0.27710843373493976,1.0,0.8,1.0,1.0,0.11178247734138973,1.0,0.625,1.0,0.1782477341389728,1.0,0.3125,1.0,0.27492447129909364,1.0,0.20833333333333334,1.0,0.3504531722054381,1.0,0.125,1.0,0.5196374622356495,,,0.003336725721657885
vt_h4_c1,89,329,44,0.6363636363636364,0.6363636363636364,False,False,0.36363636363636365,0.9411764705882353,0.9411764705882353,0.6363636363636364,0.8484848484848485,0.8484848484848485,0.8409090909090909,0.5606060606060606,0.8409090909090909,0.8636363636363636,0.3838383838383838,0.8636363636363636,0.9318181818181818,0.24848484848484848,0.9318181818181818,0.6,0.75,0.75,0.0972644376899696,1.0,0.625,1.0,0.17933130699088146,1.0,0.3125,1.0,0.26443768996960487,1.0,0.20833333333333334,1.0,0.364741641337386,1.0,0.125,1.0,0.547112462006079,0.04294616151545364,0.0700012752668193,0.75,0.75,False,False,0.38636363636363635,1.0,1.0,0.75,1.0,1.0,1.0,0.6666666666666666,1.0,1.0,0.4444444444444444,1.0,1.0,0.26666666666666666,1.0,0.8,1.0,1.0,0.10638297872340426,1.0,0.625,1.0,0.17933130699088146,1.0,0.3125,1.0,0.26443768996960487,1.0,0.20833333333333334,1.0,0.3677811550151976,1.0,0.125,1.0,0.5653495440729484,0.05251744765702891,0.08297399945052564,0.75,0.75,False,False,0.38636363636363635,1.0,1.0,0.75,1.0,1.0,1.0,0.6666666666666666,1.0,1.0,0.4444444444444444,1.0,1.0,0.26666666666666666,1.0,0.8,1.0,1.0,0.1033434650455927,1.0,0.625,1.0,0.17933130699088146,1.0,0.3125,1.0,0.2735562310030395,1.0,0.20833333333333334,1.0,0.3525835866261398,1.0,0.125,1.0,0.5197568389057751,0.07918743768693919,0.17521708794606078,0.75,0.75,False,False,0.38636363636363635,1.0,1.0,0.75,1.0,1.0,1.0,0.6666666666666666,1.0,1.0,0.4444444444444444,1.0,1.0,0.26666666666666666,1.0,0.8,1.0,1.0,0.10638297872340426,1.0,0.625,1.0,0.17933130699088146,1.0,0.3125,1.0,0.2735562310030395,1.0,0.20833333333333334,1.0,0.3525835866261398,1.0,0.125,1.0,0.5197568389057751,,,0.0019083885816538748
vt_h4_c1,90,331,46,0.6739130434782609,0.6739130434782609,False,False,0.34782608695652173,0.9411764705882353,0.9411764705882353,0.6739130434782609,0.9117647058823529,0.9117647058823529,0.8478260869565217,0.582089552238806,0.8478260869565217,0.8695652173913043,0.4,0.8695652173913043,0.8695652173913043,0.24096385542168675,0.8695652173913043,0.8,1.0,1.0,0.11178247734138973,1.0,0.625,1.0,0.17522658610271905,1.0,0.3125,1.0,0.2628398791540785,1.0,0.20833333333333334,1.0,0.36555891238670696,1.0,0.125,1.0,0.5589123867069486,0.048901940755873355,0.06393640128482167,0.7391304347826086,0.7391304347826086,False,False,0.3695652173913043,1.0,1.0,0.7391304347826086,1.0,1.0,1.0,0.6865671641791045,1.0,1.0,0.46,1.0,1.0,0.27710843373493976,1.0,0.8,1.0,1.0,0.11178247734138973,1.0,0.625,1.0,0.18429003021148035,1.0,0.3125,1.0,0.2719033232628399,1.0,0.20833333333333334,1.0,0.3564954682779456,1.0,0.125,1.0,0.5317220543806647,0.10150663942798774,0.15034671317279355,0.7391304347826086,0.7391304347826086,False,False,0.3695652173913043,1.0,1.0,0.7391304347826086,1.0,1.0,1.0,0.6865671641791045,1.0,1.0,0.46,1.0,1.0,0.27710843373493976,1.0,0.8,1.0,1.0,0.11178247734138973,1.0,0.625,1.0,0.18429003021148035,1.0,0.3125,1.0,0.2719033232628399,1.0,0.20833333333333334,1.0,0.3504531722054381,1.0,0.125,1.0,0.5105740181268882,0.12234422880490296,0.197181270788528,0.7391304347826086,0.7391304347826086,False,False,0.3695652173913043,1.0,1.0,0.7391304347826086,1.0,1.0,1.0,0.6865671641791045,1.0,1.0,0.46,1.0,1.0,0.27710843373493976,1.0,0.8,1.0,1.0,0.11178247734138973,1.0,0.625,1.0,0.18429003021148035,1.0,0.3125,1.0,0.2719033232628399,1.0,0.20833333333333334,1.0,0.35347432024169184,1.0,0.125,1.0,0.5166163141993958,,,0.0024928405328465963
vt_h4_c1,91,331,46,0.6739130434782609,0.6739130434782609,False,False,0.34782608695652173,0.9411764705882353,0.9411764705882353,0.6739130434782609,0.9117647058823529,0.9117647058823529,0.8913043478260869,0.6119402985074627,0.8913043478260869,0.8913043478260869,0.41,0.8913043478260869,0.9130434782608695,0.25301204819277107,0.9130434782608695,0.6,0.75,0.75,0.09969788519637462,1.0,0.625,1.0,0.1782477341389728,1.0,0.3125,1.0,0.2719033232628399,1.0,0.20833333333333334,1.0,0.3595166163141994,1.0,0.125,1.0,0.5468277945619335,0.0684574976122254,0.09971260559652881,0.7391304347826086,0.7391304347826086,False,False,0.3695652173913043,1.0,1.0,0.7391304347826086,1.0,1.0,1.0,0.6865671641791045,1.0,1.0,0.46,1.0,1.0,0.27710843373493976,1.0,0.8,1.0,1.0,0.11178247734138973,1.0,0.625,1.0,0.1782477341389728,1.0,0.3125,1.0,0.2628398791540785,1.0,0.20833333333333334,1.0,0.36555891238670696,1.0,0.125,1.0,0.5468277945619335,0.13703438395415474,0.21046987319069901,0.7391304347826086,0.7391304347826086,False,False,0.3695652173913043,1.0,1.0,0.7391304347826086,1.0,1.0,1.0,0.6865671641791045,1.0,1.0,0.46,1.0,1.0,0.27710843373493976,1.0,0.8,1.0,1.0,0.11178247734138973,1.0,0.625,1.0,0.17220543806646527,1.0,0.3125,1.0,0.27492447129909364,1.0,0.20833333333333334,1.0,0.3504531722054381,1.0,0.125,1.0,0.5226586102719033,0.09553486150907357,0.1878261713159385,0.7391304347826086,0.7391304347826086,False,False,0.3695652173913043,1.0,1.0,0.7391304347826086,1.0,1.0,1.0,0.6865671641791045,1.0,1.0,0.46,1.0,1.0,0.27710843373493976,1.0,0.8,1.0,1.0,0.11178247734138973,1.0,0.625,1.0,0.17220543806646527,1.0,0.3125,1.0,0.27492447129909364,1.0,0.20833333333333334,1.0,0.35347432024169184,1.0,0.125,1.0,0.525679758308157,,,0.005962901041081103
vt_h4_c1,92,333,48,0.6875,0.6875,False,False,0.3333333333333333,0.9411764705882353,0.9411764705882353,0.6875,0.9705882352941176,0.9705882352941176,0.8958333333333334,0.6417910447761194,0.8958333333333334,0.8958333333333334,0.43,0.8958333333333334,0.9166666666666666,0.2634730538922156,0.9166666666666666,0.8,1.0,1.0,0.11711711711711711,1.0,0.625,1.0,0.1831831831831832,1.0,0.3125,1.0,0.2732732732732733,1.0,0.20833333333333334,1.0,0.3633633633633634,1.0,0.125,1.0,0.5465465465465466,0.08975995914198162,0.11562323313761014,0.7083333333333334,0.7083333333333334,False,False,0.3541666666666667,1.0,1.0,0.7083333333333334,1.0,1.0,1.0,0.7164179104477612,1.0,1.0,0.48,1.0,1.0,0.2874251497005988,1.0,0.8,1.0,1.0,0.11711711711711711,1.0,0.625,1.0,0.1831831831831832,1.0,0.3125,1.0,0.2852852852852853,1.0,0.20833333333333334,1.0,0.3783783783783784,1.0,0.125,1.0,0.5495495495495496,0.10339632277834523,0.13272222695346683,0.7083333333333334,0.7083333333333334,False,False,0.3541666666666667,1.0,1.0,0.7083333333333334,1.0,1.0,1.0,0.7164179104477612,1.0,1.0,0.48,1.0,1.0,0.2874251497005988,1.0,0.8,1.0,1.0,0.11411411411411411,1.0,0.625,1.0,0.1831831831831832,1.0,0.3125,1.0,0.27627627627627627,1.0,0.20833333333333334,1.0,0.35735735735735735,1.0,0.125,1.0,0.5195195195195195,0.07913687436159347,0.1651408780672282,0.7083333333333334,0.7083333333333334,False,False,0.3541666666666667,1.0,1.0,0.7083333333333334,1.0,1.0,1.0,0.7164179104477612,1.0,1.0,0.48,1.0,1.0,0.2874251497005988,1.0,0.8,1.0,1.0,0.11711711711711711,1.0,0.625,1.0,0.1891891891891892,1.0,0.3125,1.0,0.27627627627627627,1.0,0.20833333333333334,1.0,0.35735735735735735,1.0,0.125,1.0,0.5195195195195195,,,0.002020890127148789
vt_h4_c1,93,331,46,0.6739130434782609,0.6739130434782609,False,False,0.34782608695652173,0.9411764705882353,0.9411764705882353,0.6739130434782609,0.9117647058823529,0.9117647058823529,0.8695652173913043,0.5970149253731343,0.8695652173913043,0.8913043478260869,0.41,0.8913043478260869,0.8913043478260869,0.2469879518072289,0.8913043478260869,0.8,1.0,1.0,0.11178247734138973,1.0,0.625,1.0,0.1782477341389728,1.0,0.3125,1.0,0.27492447129909364,1.0,0.20833333333333334,1.0,0.36253776435045315,1.0,0.125,1.0,0.5468277945619335,0.08519039376893116,0.10439632321503359,0.7391304347826086,0.7391304347826086,False,False,0.3695652173913043,1.0,1.0,0.7391304347826086,1.0,1.0,0.9782608695652174,0.6716417910447762,0.9782608695652174,0.9782608695652174,0.45,0.9782608695652174,1.0,0.27710843373493976,1.0,0.8,1.0,1.0,0.11178247734138973,1.0,0.625,1.0,0.1782477341389728,1.0,0.3125,1.0,0.27492447129909364,1.0,0.20833333333333334,1.0,0.3716012084592145,1.0,0.125,1.0,0.5498489425981873,0.10483556901774124,0.14534654561448518,0.7391304347826086,0.7391304347826086,False,False,0.3695652173913043,1.0,1.0,0.7391304347826086,1.0,1.0,1.0,0.6865671641791045,1.0,1.0,0.46,1.0,1.0,0.27710843373493976,1.0,0.8,1.0,1.0,0.11178247734138973,1.0,0.625,1.0,0.1782477341389728,1.0,0.3125,1.0,0.27492447129909364,1.0,0.20833333333333334,1.0,0.3595166163141994,1.0,0.125,1.0,0.5196374622356495,0.1044461272176547,0.1877731870779949,0.7391304347826086,0.7391304347826086,False,False,0.3695652173913043,1.0,1.0,0.7391304347826086,1.0,1.0,1.0,0.6865671641791045,1.0,1.0,0.46,1.0,1.0,0.27710843373493976,1.0,0.8,1.0,1.0,0.11178247734138973,1.0,0.625,1.0,0.1782477341389728,1.0,0.3125,1.0,0.27492447129909364,1.0,0.20833333333333334,1.0,0.3595166163141994,1.0,0.125,1.0,0.525679758308157,,,0.002660363964918866
vt_h4_c1,94,336,51,0.6666666666666666,0.6666666666666666,False,False,0.3333333333333333,1.0,1.0,0.6666666666666666,1.0,1.0,0.9215686274509803,0.6911764705882353,0.9215686274509803,0.9411764705882353,0.4752475247524752,0.9411764705882353,0.9803921568627451,0.2976190476190476,0.9803921568627451,0.8,1.0,1.0,0.11904761904761904,1.0,0.625,1.0,0.1875,1.0,0.3125,1.0,0.28869047619047616,1.0,0.20833333333333334,1.0,0.375,1.0,0.125,1.0,0.5505952380952381,0.05406178489702518,0.08975664323214091,0.6666666666666666,0.6666666666666666,False,False,0.3333333333333333,1.0,1.0,0.6666666666666666,1.0,1.0,1.0,0.75,1.0,1.0,0.504950495049505,1.0,1.0,0.30357142857142855,1.0,0.8,1.0,1.0,0.11904761904761904,1.0,0.625,1.0,0.19345238095238096,1.0,0.3125,1.0,0.27976190476190477,1.0,0.20833333333333334,1.0,0.37797619047619047,1.0,0.125,1.0,0.5595238095238095,0.06121281464530891,0.08534628867700218,0.6666666666666666,0.6666666666666666,False,False,0.3333333333333333,1.0,1.0,0.6666666666666666,1.0,1.0,1.0,0.75,1.0,1.0,0.504950495049505,1.0,1.0,0.30357142857142855,1.0,0.8,1.0,1.0,0.12202380952380952,1.0,0.625,1.0,0.19642857142857142,1.0,0.3125,1.0,0.2767857142857143,1.0,0.20833333333333334,1.0,0.35119047619047616,1.0,0.125,1.0,0.5208333333333334,0.04536613272311213,0.17080749019666683,0.6666666666666666,0.6666666666666666,False,False,0.3333333333333333,1.0,1.0,0.6666666666666666,1.0,1.0,1.0,0.75,1.0,1.0,0.504950495049505,1.0,1.0,0.30357142857142855,1.0,0.8,1.0,1.0,0.12202380952380952,1.0,0.625,1.0,0.19642857142857142,1.0,0.3125,1.0,0.2767857142857143,1.0,0.20833333333333334,1.0,0.3541666666666667,1.0,0.125,1.0,0.5208333333333334,,,0.0021932890049782827
vt_h4_c1,95,331,46,0.717391304347826,0.717391304347826,False,False,0.34782608695652173,0.9411764705882353,0.9411764705882353,0.717391304347826,0.9705882352941176,0.9705882352941176,0.9565217391304348,0.6567164179104478,0.9565217391304348,0.9565217391304348,0.44,0.9565217391304348,0.9782608695652174,0.2710843373493976,0.9782608695652174,0.6,0.75,0.75,0.09969788519637462,1.0,0.625,1.0,0.17220543806646527,1.0,0.3125,1.0,0.27492447129909364,1.0,0.20833333333333334,1.0,0.36253776435045315,1.0,0.125,1.0,0.5468277945619335,0.08950676982591876,0.1148253278159936,0.7391304347826086,0.7391304347826086,False,False,0.3695652173913043,1.0,1.0,0.7391304347826086,1.0,1.0,0.9347826086956522,0.6417910447761194,0.9347826086956522,0.9347826086956522,0.43,0.9347826086956522,0.9565217391304348,0.26506024096385544,0.9565217391304348,0.8,1.0,1.0,0.10876132930513595,1.0,0.625,1.0,0.1782477341389728,1.0,0.3125,1.0,0.27794561933534745,1.0,0.20833333333333334,1.0,0.36555891238670696,1.0,0.125,1.0,0.5468277945619335,0.1260154738878143,0.19465601129929516,0.7391304347826086,0.7391304347826086,False,False,0.3695652173913043,1.0,1.0,0.7391304347826086,1.0,1.0,1.0,0.6865671641791045,1.0,1.0,0.46,1.0,1.0,0.27710843373493976,1.0,0.8,1.0,1.0,0.10876132930513595,1.0,0.625,1.0,0.1782477341389728,1.0,0.3125,1.0,0.27492447129909364,1.0,0.20833333333333334,1.0,0.3504531722054381,1.0,0.125,1.0,0.513595166163142,0.0410541586073501,0.1578733099156259,0.7391304347826086,0.7391304347826086,False,False,0.3695652173913043,1.0,1.0,0.7391304347826086,1.0,1.0,1.0,0.6865671641791045,1.0,1.0,0.46,1.0,1.0,0.27710843373493976,1.0,0.8,1.0,1.0,0.10876132930513595,1.0,0.625,1.0,0.1782477341389728,1.0,0.3125,1.0,0.27492447129909364,1.0,0.20833333333333334,1.0,0.3474320241691843,1.0,0.125,1.0,0.513595166163142,,,0.0029346862233472493
vt_h4_c1,96,329,44,0.7272727272727273,0.7272727272727273,False,False,0.38636363636363635,1.0,1.0,0.7272727272727273,0.9696969696969697,0.9696969696969697,0.7727272727272727,0.5151515151515151,0.7727272727272727,0.8181818181818182,0.36363636363636365,0.8181818181818182,0.8409090909090909,0.22424242424242424,0.8409090909090909,0.8,1.0,1.0,0.10638297872340426,1.0,0.625,1.0,0.16109422492401215,1.0,0.3125,1.0,0.2613981762917933,1.0,0.20833333333333334,1.0,0.3495440729483283,1.0,0.125,1.0,0.5349544072948328,0.03897712833545108,0.06180326512065613,0.75,0.75,False,False,0.38636363636363635,1.0,1.0,0.75,1.0,1.0,1.0,0.6666666666666666,1.0,1.0,0.4444444444444444,1.0,1.0,0.26666666666666666,1.0,0.8,1.0,1.0,0.10638297872340426,1.0,0.625,1.0,0.16717325227963525,1.0,0.3125,1.0,0.25835866261398177,1.0,0.20833333333333334,1.0,0.3495440729483283,1.0,0.125,1.0,0.541033434650456,0.1130559085133418,0.17661359782519526,0.75,0.75,False,False,0.38636363636363635,1.0,1.0,0.75,1.0,1.0,1.0,0.6666666666666666,1.0,1.0,0.4444444444444444,1.0,1.0,0.26666666666666666,1.0,0.8,1.0,1.0,0.10638297872340426,1.0,0.625,1.0,0.17933130699088146,1.0,0.3125,1.0,0.25835866261398177,1.0,0.20833333333333334,1.0,0.3434650455927052,1.0,0.125,1.0,0.5258358662613982,0.03885006353240152,0.16641200997419134,0.75,0.75,False,False,0.38636363636363635,1.0,1.0,0.75,1.0,1.0,1.0,0.6666666666666666,1.0,1.0,0.4444444444444444,1.0,1.0,0.26666666666666666,1.0,0.8,1.0,1.0,0.10638297872340426,1.0,0.625,1.0,0.17933130699088146,1.0,0.3125,1.0,0.25835866261398177,1.0,0.20833333333333334,1.0,0.3434650455927052,1.0,0.125,1.0,0.5258358662613982,,,0.0029188162112007143
vt_h4_c1,97,330,45,0.6888888888888889,0.6888888888888889,False,False,0.35555555555555557,0.9411764705882353,0.9411764705882353,0.6888888888888889,0.9393939393939394,0.9393939393939394,0.8222222222222222,0.5606060606060606,0.8222222222222222,0.8666666666666667,0.3939393939393939,0.8666666666666667,0.8888888888888888,0.24242424242424243,0.8888888888888888,0.8,1.0,1.0,0.10606060606060606,1.0,0.625,1.0,0.18181818181818182,1.0,0.3125,1.0,0.2696969696969697,1.0,0.20833333333333334,1.0,0.36363636363636365,1.0,0.125,1.0,0.5545454545454546,0.08811320754716981,0.12113447444879037,0.7333333333333333,0.7333333333333333,False,False,0.37777777777777777,1.0,1.0,0.7333333333333333,1.0,1.0,1.0,0.6818181818181818,1.0,1.0,0.45454545454545453,1.0,1.0,0.2727272727272727,1.0,0.8,1.0,1.0,0.10606060606060606,1.0,0.625,1.0,0.1787878787878788,1.0,0.3125,1.0,0.2727272727272727,1.0,0.20833333333333334,1.0,0.36363636363636365,1.0,0.125,1.0,0.5666666666666667,0.07693396226415097,0.10836814997197844,0.7333333333333333,0.7333333333333333,False,False,0.37777777777777777,1.0,1.0,0.7333333333333333,1.0,1.0,1.0,0.6818181818181818,1.0,1.0,0.45454545454545453,1.0,1.0,0.2727272727272727,1.0,0.8,1.0,1.0,0.11212121212121212,1.0,0.625,1.0,0.17575757575757575,1.0,0.3125,1.0,0.2696969696969697,1.0,0.20833333333333334,1.0,0.3515151515151515,1.0,0.125,1.0,0.5242424242424243,0.09419811320754716,0.181829772233823,0.7333333333333333,0.7333333333333333,False,False,0.37777777777777777,1.0,1.0,0.7333333333333333,1.0,1.0,1.0,0.6818181818181818,1.0,1.0,0.45454545454545453,1.0,1.0,0.2727272727272727,1.0,0.8,1.0,1.0,0.10606060606060606,1.0,0.625,1.0,0.18181818181818182,1.0,0.3125,1.0,0.2696969696969697,1.0,0.20833333333333334,1.0,0.3575757575757576,1.0,0.125,1.0,0.5303030303030303,,,0.002915495287833636
vt_h4_c1,98,331,46,0.6304347826086957,0.6304347826086957,False,False,0.34782608695652173,0.9411764705882353,0.9411764705882353,0.6304347826086957,0.8529411764705882,0.8529411764705882,0.8913043478260869,0.6119402985074627,0.8913043478260869,0.9565217391304348,0.44,0.9565217391304348,0.9565217391304348,0.26506024096385544,0.9565217391304348,0.6,0.75,0.75,0.09667673716012085,1.0,0.625,1.0,0.1782477341389728,1.0,0.3125,1.0,0.26586102719033233,1.0,0.20833333333333334,1.0,0.37462235649546827,1.0,0.125,1.0,0.5558912386706949,0.10357824427480918,0.1335720438967373,0.7391304347826086,0.7391304347826086,False,False,0.3695652173913043,1.0,1.0,0.7391304347826086,1.0,1.0,1.0,0.6865671641791045,1.0,1.0,0.46,1.0,1.0,0.27710843373493976,1.0,0.8,1.0,1.0,0.10876132930513595,1.0,0.625,1.0,0.1782477341389728,1.0,0.3125,1.0,0.27794561933534745,1.0,0.20833333333333334,1.0,0.3716012084592145,1.0,0.125,1.0,0.5619335347432024,0.10920801526717558,0.15037020657954808,0.7391304347826086,0.7391304347826086,False,False,0.3695652173913043,1.0,1.0,0.7391304347826086,1.0,1.0,1.0,0.6865671641791045,1.0,1.0,0.46,1.0,1.0,0.27710843373493976,1.0,0.8,1.0,1.0,0.10876132930513595,1.0,0.625,1.0,0.18429003021148035,1.0,0.3125,1.0,0.2719033232628399,1.0,0.20833333333333334,1.0,0.3474320241691843,1.0,0.125,1.0,0.5226586102719033,0.07919847328244274,0.17102431887688604,0.7391304347826086,0.7391304347826086,False,False,0.3695652173913043,1.0,1.0,0.7391304347826086,1.0,1.0,1.0,0.6865671641791045,1.0,1.0,0.46,1.0,1.0,0.27710843373493976,1.0,0.8,1.0,1.0,0.10876132930513595,1.0,0.625,1.0,0.18429003021148035,1.0,0.3125,1.0,0.2719033232628399,1.0,0.20833333333333334,1.0,0.3474320241691843,1.0,0.125,1.0,0.5226586102719033,,,0.002552539271507115
vt_h4_c1,99,331,46,0.6739130434782609,0.6739130434782609,False,False,0.34782608695652173,0.9411764705882353,0.9411764705882353,0.6739130434782609,0.9117647058823529,0.9117647058823529,0.8695652173913043,0.5970149253731343,0.8695652173913043,0.9130434782608695,0.42,0.9130434782608695,0.9130434782608695,0.25301204819277107,0.9130434782608695,0.8,1.0,1.0,0.1148036253776435,1.0,0.625,1.0,0.1782477341389728,1.0,0.3125,1.0,0.26586102719033233,1.0,0.20833333333333334,1.0,0.3564954682779456,1.0,0.125,1.0,0.5619335347432024,0.08262081784386617,0.11619552392368107,0.7391304347826086,0.7391304347826086,False,False,0.3695652173913043,1.0,1.0,0.7391304347826086,1.0,1.0,0.9782608695652174,0.6716417910447762,0.9782608695652174,0.9782608695652174,0.45,0.9782608695652174,0.9782608695652174,0.2710843373493976,0.9782608695652174,0.8,1.0,1.0,0.1148036253776435,1.0,0.625,1.0,0.18429003021148035,1.0,0.3125,1.0,0.27794561933534745,1.0,0.20833333333333334,1.0,0.36253776435045315,1.0,0.125,1.0,0.5468277945619335,0.10590148698884756,0.15096271646036574,0.7391304347826086,0.7391304347826086,False,False,0.3695652173913043,1.0,1.0,0.7391304347826086,1.0,1.0,1.0,0.6865671641791045,1.0,1.0,0.46,1.0,1.0,0.27710843373493976,1.0,0.8,1.0,1.0,0.1148036253776435,1.0,0.625,1.0,0.18429003021148035,1.0,0.3125,1.0,0.2719033232628399,1.0,0.20833333333333334,1.0,0.3474320241691843,1.0,0.125,1.0,0.513595166163142,0.10130111524163568,0.18657724531523817,0.7391304347826086,0.7391304347826086,False,False,0.3695652173913043,1.0,1.0,0.7391304347826086,1.0,1.0,1.0,0.6865671641791045,1.0,1.0,0.46,1.0,1.0,0.27710843373493976,1.0,0.8,1.0,1.0,0.1148036253776435,1.0,0.625,1.0,0.18429003021148035,1.0,0.3125,1.0,0.2719033232628399,1.0,0.20833333333333334,1.0,0.3504531722054381,1.0,0.125,1.0,0.513595166163142,,,0.0022994843497410322
