2026-10-06 21:07:01,383	INFO worker.py:2007 -- Started a local Ray instance.
[36m(TaskRunner pid=3596559)[0m /opt/conda/lib/python3.12/site-packages/torchvision/datapoints/__init__.py:12: UserWarning: The torchvision.datapoints and torchvision.transforms.v2 namespaces are still Beta. While we do not expect major breaking changes, some APIs may still change according to user feedback. Please submit any feedback you may have in this issue: https://github.com/pytorch/vision/issues/6753, and you can also check out https://github.com/pytorch/vision/issues/7319 to learn more about the APIs that we suspect might involve future changes. You can silence this warning by calling torchvision.disable_beta_transforms_warning().
[36m(TaskRunner pid=3596559)[0m   warnings.warn(_BETA_TRANSFORMS_WARNING)
[36m(TaskRunner pid=3596559)[0m /opt/conda/lib/python3.12/site-packages/torchvision/transforms/v2/__init__.py:54: UserWarning: The torchvision.datapoints and torchvision.transforms.v2 namespaces are still Beta. While we do not expect major breaking changes, some APIs may still change according to user feedback. Please submit any feedback you may have in this issue: https://github.com/pytorch/vision/issues/6753, and you can also check out https://github.com/pytorch/vision/issues/7319 to learn more about the APIs that we suspect might involve future changes. You can silence this warning by calling torchvision.disable_beta_transforms_warning().
[36m(TaskRunner pid=3596559)[0m   warnings.warn(_BETA_TRANSFORMS_WARNING)
[36m(TaskRunner pid=3596559)[0m [transformers] The `use_fast` parameter is deprecated and will be removed in a future version. Use `backend="torchvision"` instead of `use_fast=True`, or `backend="pil"` instead of `use_fast=False`.
[36m(TaskRunner pid=3596559)[0m DeprecationWarning: `ray.state.available_resources_per_node` is a private attribute and access will be removed in a future Ray version.
[36m(TaskRunner pid=3596559)[0m WARNING:2026-10-06 21:07:22,734:Waiting for register center actor iRCDX8_register_center to be ready. Elapsed time: 0 seconds out of 300 seconds.
[36m(pid=gcs_server)[0m [2026-10-06 21:07:29,995 E 3594252 3594252] (gcs_server) gcs_server.cc:303: Failed to establish connection to the event+metrics exporter agent. Events and metrics will not be exported. Exporter agent status: RpcError: Running out of retries to initialize the metrics agent. rpc_code: 14
[33m(raylet)[0m [2026-10-06 21:07:31,316 E 3595110 3595110] (raylet) main.cc:1032: Failed to establish connection to the metrics exporter agent. Metrics will not be exported. Exporter agent status: RpcError: Running out of retries to initialize the metrics agent. rpc_code: 14
[36m(pid=3595263)[0m [2026-10-06 21:07:31,892 E 3595263 3595648] core_worker_process.cc:842: Failed to establish connection to the metrics exporter agent. Metrics will not be exported. Exporter agent status: RpcError: Running out of retries to initialize the metrics agent. rpc_code: 14
[2026-10-06 21:07:32,232 E 3592468 3595261] core_worker_process.cc:842: Failed to establish connection to the metrics exporter agent. Metrics will not be exported. Exporter agent status: RpcError: Running out of retries to initialize the metrics agent. rpc_code: 14
[36m(WorkerDict pid=3598938)[0m /opt/conda/lib/python3.12/site-packages/torchvision/datapoints/__init__.py:12: UserWarning: The torchvision.datapoints and torchvision.transforms.v2 namespaces are still Beta. While we do not expect major breaking changes, some APIs may still change according to user feedback. Please submit any feedback you may have in this issue: https://github.com/pytorch/vision/issues/6753, and you can also check out https://github.com/pytorch/vision/issues/7319 to learn more about the APIs that we suspect might involve future changes. You can silence this warning by calling torchvision.disable_beta_transforms_warning().
[36m(WorkerDict pid=3598938)[0m   warnings.warn(_BETA_TRANSFORMS_WARNING)
[36m(WorkerDict pid=3598938)[0m /opt/conda/lib/python3.12/site-packages/torchvision/transforms/v2/__init__.py:54: UserWarning: The torchvision.datapoints and torchvision.transforms.v2 namespaces are still Beta. While we do not expect major breaking changes, some APIs may still change according to user feedback. Please submit any feedback you may have in this issue: https://github.com/pytorch/vision/issues/6753, and you can also check out https://github.com/pytorch/vision/issues/7319 to learn more about the APIs that we suspect might involve future changes. You can silence this warning by calling torchvision.disable_beta_transforms_warning().
[36m(WorkerDict pid=3598938)[0m   warnings.warn(_BETA_TRANSFORMS_WARNING)
[36m(TaskRunner pid=3596559)[0m [2026-10-06 21:07:32,994 E 3596559 3596795] core_worker_process.cc:842: Failed to establish connection to the metrics exporter agent. Metrics will not be exported. Exporter agent status: RpcError: Running out of retries to initialize the metrics agent. rpc_code: 14[32m [repeated 12x across cluster] (Ray deduplicates logs by default. Set RAY_DEDUP_LOGS=0 to disable log deduplication, or see https://docs.ray.io/en/master/ray-observability/user-guides/configure-logging.html#log-deduplication for more options.)[0m
[36m(WorkerDict pid=3598938)[0m WARNING:2026-10-06 21:07:51,090:Current Triton version 3.0.0 is below the recommended 3.2.0 version. Errors may occur and these issues will not be fixed. Please consider upgrading Triton.
[36m(WorkerDict pid=3598938)[0m Loading weights:   0%|          | 0/427 [00:00<?, ?it/s]Loading weights: 100%|██████████| 427/427 [00:00<00:00, 14193.19it/s]
[36m(WorkerDict pid=3601412)[0m /opt/conda/lib/python3.12/site-packages/torchvision/transforms/v2/__init__.py:54: UserWarning: The torchvision.datapoints and torchvision.transforms.v2 namespaces are still Beta. While we do not expect major breaking changes, some APIs may still change according to user feedback. Please submit any feedback you may have in this issue: https://github.com/pytorch/vision/issues/6753, and you can also check out https://github.com/pytorch/vision/issues/7319 to learn more about the APIs that we suspect might involve future changes. You can silence this warning by calling torchvision.disable_beta_transforms_warning().[32m [repeated 2x across cluster][0m
[36m(WorkerDict pid=3601412)[0m   warnings.warn(_BETA_TRANSFORMS_WARNING)[32m [repeated 2x across cluster][0m
[36m(WorkerGroupRegisterCenter pid=3601239)[0m [2026-10-06 21:08:06,431 E 3601239 3601361] core_worker_process.cc:842: Failed to establish connection to the metrics exporter agent. Metrics will not be exported. Exporter agent status: RpcError: Running out of retries to initialize the metrics agent. rpc_code: 14[32m [repeated 3x across cluster][0m
[36m(WorkerDict pid=3601412)[0m WARNING:2026-10-06 21:07:51,090:Current Triton version 3.0.0 is below the recommended 3.2.0 version. Errors may occur and these issues will not be fixed. Please consider upgrading Triton.
[36m(WorkerDict pid=3601412)[0m Loading weights:   0%|          | 0/427 [00:00<?, ?it/s]Loading weights: 100%|██████████| 427/427 [00:00<00:00, 12815.05it/s]
[36m(AsyncvLLMServer pid=3605814)[0m [transformers] The argument `trust_remote_code` is to be used with Auto classes. It has no effect here and is ignored.
[36m(AsyncvLLMServer pid=3605814)[0m [transformers] The argument `trust_remote_code` is to be used with Auto classes. It has no effect here and is ignored.
[36m(WorkerDict pid=3601412)[0m [2026-10-06 21:08:07,338 E 3601412 3601513] core_worker_process.cc:842: Failed to establish connection to the metrics exporter agent. Metrics will not be exported. Exporter agent status: RpcError: Running out of retries to initialize the metrics agent. rpc_code: 14
[36m(AsyncvLLMServer pid=3605814)[0m [2026-10-06 21:08:47,358 E 3605814 3606000] core_worker_process.cc:842: Failed to establish connection to the metrics exporter agent. Metrics will not be exported. Exporter agent status: RpcError: Running out of retries to initialize the metrics agent. rpc_code: 14
[36m(AsyncvLLMServer pid=3605816)[0m [transformers] The argument `trust_remote_code` is to be used with Auto classes. It has no effect here and is ignored.[32m [repeated 2x across cluster][0m
[36m(AsyncvLLMServer pid=3605814)[0m [transformers] `Qwen2VLImageProcessorFast` is deprecated. The `Fast` suffix for image processors has been removed; use `Qwen2VLImageProcessor` instead.
[36m(AsyncvLLMServer pid=3605816)[0m [2026-10-06 21:08:47,373 E 3605816 3606050] core_worker_process.cc:842: Failed to establish connection to the metrics exporter agent. Metrics will not be exported. Exporter agent status: RpcError: Running out of retries to initialize the metrics agent. rpc_code: 14
[36m(AsyncvLLMServer pid=3605814)[0m [transformers] The argument `trust_remote_code` is to be used with Auto classes. It has no effect here and is ignored.
[36m(AsyncvLLMServer pid=3605814)[0m [0;36m(EngineCore_DP0 pid=3609895)[0;0m [2026-10-06 21:09:15] INFO config.py:54: PyTorch version 2.8.0+metax3.5.3.9 available.
[36m(AsyncvLLMServer pid=3605816)[0m [transformers] `Qwen2VLImageProcessorFast` is deprecated. The `Fast` suffix for image processors has been removed; use `Qwen2VLImageProcessor` instead.
[36m(AsyncvLLMServer pid=3605816)[0m [transformers] The argument `trust_remote_code` is to be used with Auto classes. It has no effect here and is ignored.
[36m(AsyncvLLMServer pid=3605814)[0m [0;36m(EngineCore_DP0 pid=3609895)[0;0m 2026-10-06 21:09:16,038	INFO worker.py:1680 -- Using address 10.200.111.35:59184 set in the environment variable RAY_ADDRESS
[36m(AsyncvLLMServer pid=3605814)[0m [0;36m(EngineCore_DP0 pid=3609895)[0;0m 2026-10-06 21:09:16,047	INFO worker.py:1821 -- Connecting to existing Ray cluster at address: 10.200.111.35:59184...
[36m(AsyncvLLMServer pid=3605814)[0m [0;36m(EngineCore_DP0 pid=3609895)[0;0m 2026-10-06 21:09:16,060	INFO worker.py:2007 -- Connected to Ray cluster.
[36m(WorkerDict pid=3598938)[0m [transformers] `Qwen2VLImageProcessorFast` is deprecated. The `Fast` suffix for image processors has been removed; use `Qwen2VLImageProcessor` instead.
[36m(WorkerDict pid=3598938)[0m [rank0]:W1006 21:09:19.146000 3598938 site-packages/torch/utils/cpp_extension.py:2527] TORCH_CUDA_ARCH_LIST is not set, all archs for visible cards are included for compilation. 
[36m(WorkerDict pid=3598938)[0m [rank0]:W1006 21:09:19.146000 3598938 site-packages/torch/utils/cpp_extension.py:2527] If this is not desired, please set os.environ['TORCH_CUDA_ARCH_LIST'] to specific architectures.
[36m(WorkerDict pid=3598938)[0m Loading safetensors checkpoint shards:   0% Completed | 0/4 [00:00<?, ?it/s]
[36m(WorkerDict pid=3598938)[0m Loading safetensors checkpoint shards:  25% Completed | 1/4 [00:02<00:07,  2.52s/it]
[36m(AsyncvLLMServer pid=3605816)[0m [0;36m(EngineCore_DP0 pid=3609899)[0;0m [2026-10-06 21:09:15] INFO config.py:54: PyTorch version 2.8.0+metax3.5.3.9 available.
[36m(AsyncvLLMServer pid=3605816)[0m [0;36m(EngineCore_DP0 pid=3609899)[0;0m 2026-10-06 21:09:16,037	INFO worker.py:1680 -- Using address 10.200.111.35:59184 set in the environment variable RAY_ADDRESS
[36m(AsyncvLLMServer pid=3605816)[0m [0;36m(EngineCore_DP0 pid=3609899)[0;0m 2026-10-06 21:09:16,047	INFO worker.py:1821 -- Connecting to existing Ray cluster at address: 10.200.111.35:59184...
[36m(AsyncvLLMServer pid=3605816)[0m [0;36m(EngineCore_DP0 pid=3609899)[0;0m 2026-10-06 21:09:16,120	INFO worker.py:2007 -- Connected to Ray cluster.
[36m(WorkerDict pid=3598938)[0m Loading safetensors checkpoint shards:  50% Completed | 2/4 [00:05<00:05,  2.67s/it]
[36m(WorkerDict pid=3601412)[0m [transformers] `Qwen2VLImageProcessorFast` is deprecated. The `Fast` suffix for image processors has been removed; use `Qwen2VLImageProcessor` instead.
[36m(WorkerDict pid=3601412)[0m [rank1]:W1006 21:09:19.156000 3601412 site-packages/torch/utils/cpp_extension.py:2527] TORCH_CUDA_ARCH_LIST is not set, all archs for visible cards are included for compilation. 
[36m(WorkerDict pid=3601412)[0m [rank1]:W1006 21:09:19.156000 3601412 site-packages/torch/utils/cpp_extension.py:2527] If this is not desired, please set os.environ['TORCH_CUDA_ARCH_LIST'] to specific architectures.
[36m(WorkerDict pid=3598938)[0m Loading safetensors checkpoint shards:  75% Completed | 3/4 [00:06<00:02,  2.10s/it]
[36m(WorkerDict pid=3598938)[0m Loading safetensors checkpoint shards: 100% Completed | 4/4 [00:09<00:00,  2.29s/it]
[36m(WorkerDict pid=3598938)[0m Loading safetensors checkpoint shards: 100% Completed | 4/4 [00:09<00:00,  2.33s/it]
[36m(WorkerDict pid=3598938)[0m 
[36m(AsyncvLLMServer pid=3605814)[0m [0;36m(EngineCore_DP0 pid=3609895)[0;0m [transformers] `Qwen2VLImageProcessorFast` is deprecated. The `Fast` suffix for image processors has been removed; use `Qwen2VLImageProcessor` instead.
[36m(AsyncvLLMServer pid=3605814)[0m [transformers] The argument `trust_remote_code` is to be used with Auto classes. It has no effect here and is ignored.
[36m(AsyncvLLMServer pid=3605814)[0m [2026-10-06 21:09:46,079 E 3609895 3612167] core_worker_process.cc:842: Failed to establish connection to the metrics exporter agent. Metrics will not be exported. Exporter agent status: RpcError: Running out of retries to initialize the metrics agent. rpc_code: 14
[36m(AsyncvLLMServer pid=3605816)[0m [0;36m(EngineCore_DP0 pid=3609899)[0;0m [transformers] `Qwen2VLImageProcessorFast` is deprecated. The `Fast` suffix for image processors has been removed; use `Qwen2VLImageProcessor` instead.
[36m(AsyncvLLMServer pid=3605816)[0m [transformers] The argument `trust_remote_code` is to be used with Auto classes. It has no effect here and is ignored.
[36m(TaskRunner pid=3596559)[0m Training Progress:  14%|█▍        | 28/200 [00:00<?, ?it/s]
[36m(AsyncvLLMServer pid=3605816)[0m [2026-10-06 21:09:46,138 E 3609899 3612220] core_worker_process.cc:842: Failed to establish connection to the metrics exporter agent. Metrics will not be exported. Exporter agent status: RpcError: Running out of retries to initialize the metrics agent. rpc_code: 14
[36m(TaskRunner pid=3596559)[0m PHI: 2026-10-06 21:11:33,916 - 3626405 - ThreadPoolExecutor-0_6 - INFO - Launching AppWorld server with port: 46903
[36m(TaskRunner pid=3596559)[0m PHI: 2026-10-06 21:11:33,925 - 3626405 - ThreadPoolExecutor-0_6 - INFO - Waiting for AppWorld server at http://localhost:46903 to be ready.
[36m(TaskRunner pid=3596559)[0m PHI: 2026-10-06 21:11:33,957 - 3626405 - ThreadPoolExecutor-0_26 - INFO - Launching AppWorld server with port: 56871
[36m(TaskRunner pid=3596559)[0m PHI: 2026-10-06 21:11:33,971 - 3626405 - ThreadPoolExecutor-0_26 - INFO - Waiting for AppWorld server at http://localhost:56871 to be ready.
[36m(TaskRunner pid=3596559)[0m PHI: 2026-10-06 21:11:34,015 - 3626405 - ThreadPoolExecutor-0_18 - INFO - Launching AppWorld server with port: 41114
[36m(TaskRunner pid=3596559)[0m PHI: 2026-10-06 21:11:34,025 - 3626405 - ThreadPoolExecutor-0_18 - INFO - Waiting for AppWorld server at http://localhost:41114 to be ready.
[36m(TaskRunner pid=3596559)[0m PHI: 2026-10-06 21:11:34,037 - 3626405 - ThreadPoolExecutor-0_21 - INFO - Launching AppWorld server with port: 31998
[36m(TaskRunner pid=3596559)[0m PHI: 2026-10-06 21:11:34,040 - 3626404 - ThreadPoolExecutor-0_0 - INFO - Launching AppWorld server with port: 36261
[36m(TaskRunner pid=3596559)[0m PHI: 2026-10-06 21:11:34,047 - 3626404 - ThreadPoolExecutor-0_0 - INFO - Waiting for AppWorld server at http://localhost:36261 to be ready.
[36m(TaskRunner pid=3596559)[0m PHI: 2026-10-06 21:11:34,051 - 3626405 - ThreadPoolExecutor-0_21 - INFO - Waiting for AppWorld server at http://localhost:31998 to be ready.
[36m(TaskRunner pid=3596559)[0m PHI: 2026-10-06 21:11:34,053 - 3626405 - ThreadPoolExecutor-0_22 - INFO - Launching AppWorld server with port: 43985
[36m(TaskRunner pid=3596559)[0m PHI: 2026-10-06 21:11:34,065 - 3626405 - ThreadPoolExecutor-0_22 - INFO - Waiting for AppWorld server at http://localhost:43985 to be ready.
[36m(TaskRunner pid=3596559)[0m PHI: 2026-10-06 21:11:34,073 - 3626405 - ThreadPoolExecutor-0_19 - INFO - Launching AppWorld server with port: 41131
[36m(TaskRunner pid=3596559)[0m PHI: 2026-10-06 21:11:34,075 - 3626405 - ThreadPoolExecutor-0_12 - INFO - Launching AppWorld server with port: 41994
[36m(TaskRunner pid=3596559)[0m PHI: 2026-10-06 21:11:34,084 - 3626405 - ThreadPoolExecutor-0_0 - INFO - Launching AppWorld server with port: 16535
[36m(TaskRunner pid=3596559)[0m PHI: 2026-10-06 21:11:34,085 - 3626405 - ThreadPoolExecutor-0_12 - INFO - Waiting for AppWorld server at http://localhost:41994 to be ready.
[36m(TaskRunner pid=3596559)[0m PHI: 2026-10-06 21:11:34,086 - 3626405 - ThreadPoolExecutor-0_19 - INFO - Waiting for AppWorld server at http://localhost:41131 to be ready.
[36m(TaskRunner pid=3596559)[0m PHI: 2026-10-06 21:11:34,089 - 3626405 - ThreadPoolExecutor-0_28 - INFO - Launching AppWorld server with port: 34333
[36m(TaskRunner pid=3596559)[0m PHI: 2026-10-06 21:11:34,095 - 3626405 - ThreadPoolExecutor-0_0 - INFO - Waiting for AppWorld server at http://localhost:16535 to be ready.
[36m(TaskRunner pid=3596559)[0m PHI: 2026-10-06 21:11:34,098 - 3626405 - ThreadPoolExecutor-0_8 - INFO - Launching AppWorld server with port: 40633
[36m(TaskRunner pid=3596559)[0m PHI: 2026-10-06 21:11:34,103 - 3626405 - ThreadPoolExecutor-0_10 - INFO - Launching AppWorld server with port: 57970
[36m(TaskRunner pid=3596559)[0m PHI: 2026-10-06 21:11:34,104 - 3626405 - ThreadPoolExecutor-0_28 - INFO - Waiting for AppWorld server at http://localhost:34333 to be ready.
[36m(TaskRunner pid=3596559)[0m PHI: 2026-10-06 21:11:34,109 - 3626405 - ThreadPoolExecutor-0_8 - INFO - Waiting for AppWorld server at http://localhost:40633 to be ready.
[36m(TaskRunner pid=3596559)[0m PHI: 2026-10-06 21:11:34,112 - 3626405 - ThreadPoolExecutor-0_10 - INFO - Waiting for AppWorld server at http://localhost:57970 to be ready.
[36m(TaskRunner pid=3596559)[0m PHI: 2026-10-06 21:11:34,149 - 3626404 - ThreadPoolExecutor-0_19 - INFO - Launching AppWorld server with port: 62661
[36m(TaskRunner pid=3596559)[0m PHI: 2026-10-06 21:11:34,154 - 3626404 - ThreadPoolExecutor-0_19 - INFO - Waiting for AppWorld server at http://localhost:62661 to be ready.
[36m(TaskRunner pid=3596559)[0m PHI: 2026-10-06 21:11:34,180 - 3626404 - ThreadPoolExecutor-0_21 - INFO - Launching AppWorld server with port: 45370
[36m(TaskRunner pid=3596559)[0m PHI: 2026-10-06 21:11:34,186 - 3626404 - ThreadPoolExecutor-0_21 - INFO - Waiting for AppWorld server at http://localhost:45370 to be ready.
[36m(TaskRunner pid=3596559)[0m PHI: 2026-10-06 21:11:34,194 - 3626404 - ThreadPoolExecutor-0_11 - INFO - Launching AppWorld server with port: 37759
[36m(TaskRunner pid=3596559)[0m PHI: 2026-10-06 21:11:34,199 - 3626404 - ThreadPoolExecutor-0_11 - INFO - Waiting for AppWorld server at http://localhost:37759 to be ready.
[36m(TaskRunner pid=3596559)[0m PHI: 2026-10-06 21:11:34,214 - 3626404 - ThreadPoolExecutor-0_29 - INFO - Launching AppWorld server with port: 63369
[36m(TaskRunner pid=3596559)[0m PHI: 2026-10-06 21:11:34,220 - 3626404 - ThreadPoolExecutor-0_29 - INFO - Waiting for AppWorld server at http://localhost:63369 to be ready.
[36m(TaskRunner pid=3596559)[0m PHI: 2026-10-06 21:11:34,286 - 3626404 - ThreadPoolExecutor-0_30 - INFO - Launching AppWorld server with port: 33102
[36m(TaskRunner pid=3596559)[0m PHI: 2026-10-06 21:11:34,295 - 3626404 - ThreadPoolExecutor-0_22 - INFO - Launching AppWorld server with port: 16088
[36m(TaskRunner pid=3596559)[0m PHI: 2026-10-06 21:11:34,296 - 3626404 - ThreadPoolExecutor-0_30 - INFO - Waiting for AppWorld server at http://localhost:33102 to be ready.
[36m(TaskRunner pid=3596559)[0m PHI: 2026-10-06 21:11:34,300 - 3626405 - ThreadPoolExecutor-0_16 - INFO - Launching AppWorld server with port: 29562
[36m(TaskRunner pid=3596559)[0m PHI: 2026-10-06 21:11:34,307 - 3626405 - ThreadPoolExecutor-0_23 - INFO - Launching AppWorld server with port: 16801
[36m(TaskRunner pid=3596559)[0m PHI: 2026-10-06 21:11:34,308 - 3626405 - ThreadPoolExecutor-0_16 - INFO - Waiting for AppWorld server at http://localhost:29562 to be ready.
[36m(TaskRunner pid=3596559)[0m PHI: 2026-10-06 21:11:34,310 - 3626404 - ThreadPoolExecutor-0_15 - INFO - Launching AppWorld server with port: 30942
[36m(TaskRunner pid=3596559)[0m PHI: 2026-10-06 21:11:34,312 - 3626404 - ThreadPoolExecutor-0_1 - INFO - Launching AppWorld server with port: 43775
[36m(TaskRunner pid=3596559)[0m PHI: 2026-10-06 21:11:34,312 - 3626405 - ThreadPoolExecutor-0_23 - INFO - Waiting for AppWorld server at http://localhost:16801 to be ready.
[36m(TaskRunner pid=3596559)[0m PHI: 2026-10-06 21:11:34,313 - 3626404 - ThreadPoolExecutor-0_22 - INFO - Waiting for AppWorld server at http://localhost:16088 to be ready.
[36m(TaskRunner pid=3596559)[0m PHI: 2026-10-06 21:11:34,314 - 3626405 - ThreadPoolExecutor-0_7 - INFO - Launching AppWorld server with port: 33323
[36m(TaskRunner pid=3596559)[0m PHI: 2026-10-06 21:11:34,317 - 3626405 - ThreadPoolExecutor-0_11 - INFO - Launching AppWorld server with port: 50051
[36m(TaskRunner pid=3596559)[0m PHI: 2026-10-06 21:11:34,319 - 3626404 - ThreadPoolExecutor-0_15 - INFO - Waiting for AppWorld server at http://localhost:30942 to be ready.
[36m(TaskRunner pid=3596559)[0m PHI: 2026-10-06 21:11:34,324 - 3626404 - ThreadPoolExecutor-0_1 - INFO - Waiting for AppWorld server at http://localhost:43775 to be ready.
[36m(TaskRunner pid=3596559)[0m PHI: 2026-10-06 21:11:34,325 - 3626405 - ThreadPoolExecutor-0_11 - INFO - Waiting for AppWorld server at http://localhost:50051 to be ready.
[36m(TaskRunner pid=3596559)[0m PHI: 2026-10-06 21:11:34,326 - 3626405 - ThreadPoolExecutor-0_7 - INFO - Waiting for AppWorld server at http://localhost:33323 to be ready.
[36m(TaskRunner pid=3596559)[0m PHI: 2026-10-06 21:11:34,329 - 3626405 - ThreadPoolExecutor-0_31 - INFO - Launching AppWorld server with port: 31520
[36m(TaskRunner pid=3596559)[0m PHI: 2026-10-06 21:11:34,330 - 3626405 - ThreadPoolExecutor-0_30 - INFO - Launching AppWorld server with port: 57350
[36m(TaskRunner pid=3596559)[0m PHI: 2026-10-06 21:11:34,339 - 3626404 - ThreadPoolExecutor-0_7 - INFO - Launching AppWorld server with port: 24019
[36m(TaskRunner pid=3596559)[0m PHI: 2026-10-06 21:11:34,341 - 3626405 - ThreadPoolExecutor-0_30 - INFO - Waiting for AppWorld server at http://localhost:57350 to be ready.
[36m(TaskRunner pid=3596559)[0m PHI: 2026-10-06 21:11:34,343 - 3626405 - ThreadPoolExecutor-0_31 - INFO - Waiting for AppWorld server at http://localhost:31520 to be ready.
[36m(TaskRunner pid=3596559)[0m PHI: 2026-10-06 21:11:34,346 - 3626404 - ThreadPoolExecutor-0_20 - INFO - Launching AppWorld server with port: 60262
[36m(TaskRunner pid=3596559)[0m PHI: 2026-10-06 21:11:34,352 - 3626404 - ThreadPoolExecutor-0_13 - INFO - Launching AppWorld server with port: 36955
[36m(TaskRunner pid=3596559)[0m PHI: 2026-10-06 21:11:34,353 - 3626404 - ThreadPoolExecutor-0_7 - INFO - Waiting for AppWorld server at http://localhost:24019 to be ready.
[36m(TaskRunner pid=3596559)[0m PHI: 2026-10-06 21:11:34,362 - 3626404 - ThreadPoolExecutor-0_20 - INFO - Waiting for AppWorld server at http://localhost:60262 to be ready.
[36m(TaskRunner pid=3596559)[0m PHI: 2026-10-06 21:11:34,365 - 3626404 - ThreadPoolExecutor-0_13 - INFO - Waiting for AppWorld server at http://localhost:36955 to be ready.
[36m(TaskRunner pid=3596559)[0m PHI: 2026-10-06 21:11:34,370 - 3626404 - ThreadPoolExecutor-0_8 - INFO - Launching AppWorld server with port: 36292
[36m(TaskRunner pid=3596559)[0m PHI: 2026-10-06 21:11:34,378 - 3626404 - ThreadPoolExecutor-0_23 - INFO - Launching AppWorld server with port: 29866
[36m(TaskRunner pid=3596559)[0m PHI: 2026-10-06 21:11:34,381 - 3626404 - ThreadPoolExecutor-0_3 - INFO - Launching AppWorld server with port: 41600
[36m(TaskRunner pid=3596559)[0m PHI: 2026-10-06 21:11:34,384 - 3626404 - ThreadPoolExecutor-0_8 - INFO - Waiting for AppWorld server at http://localhost:36292 to be ready.
[36m(TaskRunner pid=3596559)[0m PHI: 2026-10-06 21:11:34,390 - 3626404 - ThreadPoolExecutor-0_23 - INFO - Waiting for AppWorld server at http://localhost:29866 to be ready.
[36m(TaskRunner pid=3596559)[0m PHI: 2026-10-06 21:11:34,403 - 3626405 - ThreadPoolExecutor-0_27 - INFO - Launching AppWorld server with port: 40034
[36m(TaskRunner pid=3596559)[0m PHI: 2026-10-06 21:11:34,409 - 3626405 - ThreadPoolExecutor-0_20 - INFO - Launching AppWorld server with port: 27723
[36m(TaskRunner pid=3596559)[0m PHI: 2026-10-06 21:11:34,413 - 3626405 - ThreadPoolExecutor-0_27 - INFO - Waiting for AppWorld server at http://localhost:40034 to be ready.
[36m(TaskRunner pid=3596559)[0m PHI: 2026-10-06 21:11:34,420 - 3626405 - ThreadPoolExecutor-0_20 - INFO - Waiting for AppWorld server at http://localhost:27723 to be ready.
[36m(TaskRunner pid=3596559)[0m PHI: 2026-10-06 21:11:34,430 - 3626405 - ThreadPoolExecutor-0_1 - INFO - Launching AppWorld server with port: 28456
[36m(TaskRunner pid=3596559)[0m PHI: 2026-10-06 21:11:34,434 - 3626405 - ThreadPoolExecutor-0_4 - INFO - Launching AppWorld server with port: 57717
[36m(TaskRunner pid=3596559)[0m PHI: 2026-10-06 21:11:34,441 - 3626405 - ThreadPoolExecutor-0_1 - INFO - Waiting for AppWorld server at http://localhost:28456 to be ready.
[36m(TaskRunner pid=3596559)[0m PHI: 2026-10-06 21:11:34,446 - 3626405 - ThreadPoolExecutor-0_25 - INFO - Launching AppWorld server with port: 27674
[36m(TaskRunner pid=3596559)[0m PHI: 2026-10-06 21:11:34,449 - 3626405 - ThreadPoolExecutor-0_4 - INFO - Waiting for AppWorld server at http://localhost:57717 to be ready.
[36m(TaskRunner pid=3596559)[0m PHI: 2026-10-06 21:11:34,457 - 3626405 - ThreadPoolExecutor-0_15 - INFO - Launching AppWorld server with port: 17043
[36m(TaskRunner pid=3596559)[0m PHI: 2026-10-06 21:11:34,459 - 3626405 - ThreadPoolExecutor-0_25 - INFO - Waiting for AppWorld server at http://localhost:27674 to be ready.
[36m(TaskRunner pid=3596559)[0m PHI: 2026-10-06 21:11:34,464 - 3626405 - ThreadPoolExecutor-0_9 - INFO - Launching AppWorld server with port: 31745
[36m(TaskRunner pid=3596559)[0m PHI: 2026-10-06 21:11:34,466 - 3626405 - ThreadPoolExecutor-0_5 - INFO - Launching AppWorld server with port: 28281
[36m(TaskRunner pid=3596559)[0m PHI: 2026-10-06 21:11:34,466 - 3626405 - ThreadPoolExecutor-0_15 - INFO - Waiting for AppWorld server at http://localhost:17043 to be ready.
[36m(TaskRunner pid=3596559)[0m PHI: 2026-10-06 21:11:34,471 - 3626405 - ThreadPoolExecutor-0_2 - INFO - Launching AppWorld server with port: 37041
[36m(TaskRunner pid=3596559)[0m PHI: 2026-10-06 21:11:34,473 - 3626405 - ThreadPoolExecutor-0_9 - INFO - Waiting for AppWorld server at http://localhost:31745 to be ready.
[36m(TaskRunner pid=3596559)[0m PHI: 2026-10-06 21:11:34,476 - 3626405 - ThreadPoolExecutor-0_13 - INFO - Launching AppWorld server with port: 50215
[36m(TaskRunner pid=3596559)[0m PHI: 2026-10-06 21:11:34,477 - 3626405 - ThreadPoolExecutor-0_5 - INFO - Waiting for AppWorld server at http://localhost:28281 to be ready.
[36m(TaskRunner pid=3596559)[0m PHI: 2026-10-06 21:11:34,478 - 3626405 - ThreadPoolExecutor-0_2 - INFO - Waiting for AppWorld server at http://localhost:37041 to be ready.
[36m(TaskRunner pid=3596559)[0m PHI: 2026-10-06 21:11:34,484 - 3626405 - ThreadPoolExecutor-0_13 - INFO - Waiting for AppWorld server at http://localhost:50215 to be ready.
[36m(TaskRunner pid=3596559)[0m PHI: 2026-10-06 21:11:34,487 - 3626405 - ThreadPoolExecutor-0_14 - INFO - Launching AppWorld server with port: 42008
[36m(TaskRunner pid=3596559)[0m PHI: 2026-10-06 21:11:34,491 - 3626405 - ThreadPoolExecutor-0_17 - INFO - Launching AppWorld server with port: 53790
[36m(TaskRunner pid=3596559)[0m PHI: 2026-10-06 21:11:34,491 - 3626405 - ThreadPoolExecutor-0_14 - INFO - Waiting for AppWorld server at http://localhost:42008 to be ready.
[36m(TaskRunner pid=3596559)[0m PHI: 2026-10-06 21:11:34,494 - 3626405 - ThreadPoolExecutor-0_29 - INFO - Launching AppWorld server with port: 50073
[36m(TaskRunner pid=3596559)[0m PHI: 2026-10-06 21:11:34,495 - 3626405 - ThreadPoolExecutor-0_17 - INFO - Waiting for AppWorld server at http://localhost:53790 to be ready.
[36m(TaskRunner pid=3596559)[0m PHI: 2026-10-06 21:11:34,498 - 3626405 - ThreadPoolExecutor-0_29 - INFO - Waiting for AppWorld server at http://localhost:50073 to be ready.
[36m(TaskRunner pid=3596559)[0m PHI: 2026-10-06 21:11:34,499 - 3626405 - ThreadPoolExecutor-0_24 - INFO - Launching AppWorld server with port: 59569
[36m(TaskRunner pid=3596559)[0m PHI: 2026-10-06 21:11:34,503 - 3626405 - ThreadPoolExecutor-0_24 - INFO - Waiting for AppWorld server at http://localhost:59569 to be ready.
[36m(TaskRunner pid=3596559)[0m PHI: 2026-10-06 21:11:34,563 - 3626405 - ThreadPoolExecutor-0_3 - INFO - Launching AppWorld server with port: 39559
[36m(TaskRunner pid=3596559)[0m PHI: 2026-10-06 21:11:34,567 - 3626405 - ThreadPoolExecutor-0_3 - INFO - Waiting for AppWorld server at http://localhost:39559 to be ready.
[36m(TaskRunner pid=3596559)[0m PHI: 2026-10-06 21:11:34,646 - 3626404 - ThreadPoolExecutor-0_3 - INFO - Waiting for AppWorld server at http://localhost:41600 to be ready.
[36m(TaskRunner pid=3596559)[0m PHI: 2026-10-06 21:11:34,655 - 3626404 - ThreadPoolExecutor-0_17 - INFO - Launching AppWorld server with port: 45391
[36m(TaskRunner pid=3596559)[0m PHI: 2026-10-06 21:11:34,664 - 3626404 - ThreadPoolExecutor-0_31 - INFO - Launching AppWorld server with port: 27917
[36m(TaskRunner pid=3596559)[0m PHI: 2026-10-06 21:11:34,664 - 3626404 - ThreadPoolExecutor-0_17 - INFO - Waiting for AppWorld server at http://localhost:45391 to be ready.
[36m(TaskRunner pid=3596559)[0m PHI: 2026-10-06 21:11:34,666 - 3626404 - ThreadPoolExecutor-0_16 - INFO - Launching AppWorld server with port: 45240
[36m(TaskRunner pid=3596559)[0m PHI: 2026-10-06 21:11:34,668 - 3626404 - ThreadPoolExecutor-0_28 - INFO - Launching AppWorld server with port: 58648
[36m(TaskRunner pid=3596559)[0m PHI: 2026-10-06 21:11:34,678 - 3626404 - ThreadPoolExecutor-0_31 - INFO - Waiting for AppWorld server at http://localhost:27917 to be ready.
[36m(TaskRunner pid=3596559)[0m PHI: 2026-10-06 21:11:34,681 - 3626404 - ThreadPoolExecutor-0_16 - INFO - Waiting for AppWorld server at http://localhost:45240 to be ready.
[36m(TaskRunner pid=3596559)[0m PHI: 2026-10-06 21:11:34,683 - 3626404 - ThreadPoolExecutor-0_28 - INFO - Waiting for AppWorld server at http://localhost:58648 to be ready.
[36m(TaskRunner pid=3596559)[0m PHI: 2026-10-06 21:11:34,717 - 3626404 - ThreadPoolExecutor-0_2 - INFO - Launching AppWorld server with port: 19121
[36m(TaskRunner pid=3596559)[0m PHI: 2026-10-06 21:11:34,726 - 3626404 - ThreadPoolExecutor-0_2 - INFO - Waiting for AppWorld server at http://localhost:19121 to be ready.
[36m(TaskRunner pid=3596559)[0m PHI: 2026-10-06 21:11:34,738 - 3626404 - ThreadPoolExecutor-0_6 - INFO - Launching AppWorld server with port: 62841
[36m(TaskRunner pid=3596559)[0m PHI: 2026-10-06 21:11:34,746 - 3626404 - ThreadPoolExecutor-0_6 - INFO - Waiting for AppWorld server at http://localhost:62841 to be ready.
[36m(TaskRunner pid=3596559)[0m PHI: 2026-10-06 21:11:34,750 - 3626404 - ThreadPoolExecutor-0_25 - INFO - Launching AppWorld server with port: 17479
[36m(TaskRunner pid=3596559)[0m PHI: 2026-10-06 21:11:34,752 - 3626404 - ThreadPoolExecutor-0_4 - INFO - Launching AppWorld server with port: 18769
[36m(TaskRunner pid=3596559)[0m PHI: 2026-10-06 21:11:34,761 - 3626404 - ThreadPoolExecutor-0_25 - INFO - Waiting for AppWorld server at http://localhost:17479 to be ready.
[36m(TaskRunner pid=3596559)[0m PHI: 2026-10-06 21:11:34,762 - 3626404 - ThreadPoolExecutor-0_4 - INFO - Waiting for AppWorld server at http://localhost:18769 to be ready.
[36m(TaskRunner pid=3596559)[0m PHI: 2026-10-06 21:11:34,769 - 3626404 - ThreadPoolExecutor-0_24 - INFO - Launching AppWorld server with port: 49352
[36m(TaskRunner pid=3596559)[0m PHI: 2026-10-06 21:11:34,774 - 3626404 - ThreadPoolExecutor-0_24 - INFO - Waiting for AppWorld server at http://localhost:49352 to be ready.
[36m(TaskRunner pid=3596559)[0m PHI: 2026-10-06 21:11:34,795 - 3626404 - ThreadPoolExecutor-0_18 - INFO - Launching AppWorld server with port: 59344
[36m(TaskRunner pid=3596559)[0m PHI: 2026-10-06 21:11:34,798 - 3626404 - ThreadPoolExecutor-0_14 - INFO - Launching AppWorld server with port: 41173
[36m(TaskRunner pid=3596559)[0m PHI: 2026-10-06 21:11:34,802 - 3626404 - ThreadPoolExecutor-0_10 - INFO - Launching AppWorld server with port: 59631
[36m(TaskRunner pid=3596559)[0m PHI: 2026-10-06 21:11:34,804 - 3626404 - ThreadPoolExecutor-0_18 - INFO - Waiting for AppWorld server at http://localhost:59344 to be ready.
[36m(TaskRunner pid=3596559)[0m PHI: 2026-10-06 21:11:34,808 - 3626404 - ThreadPoolExecutor-0_10 - INFO - Waiting for AppWorld server at http://localhost:59631 to be ready.
[36m(TaskRunner pid=3596559)[0m PHI: 2026-10-06 21:11:34,809 - 3626404 - ThreadPoolExecutor-0_26 - INFO - Launching AppWorld server with port: 54254
[36m(TaskRunner pid=3596559)[0m PHI: 2026-10-06 21:11:34,813 - 3626404 - ThreadPoolExecutor-0_14 - INFO - Waiting for AppWorld server at http://localhost:41173 to be ready.
[36m(TaskRunner pid=3596559)[0m PHI: 2026-10-06 21:11:34,817 - 3626404 - ThreadPoolExecutor-0_26 - INFO - Waiting for AppWorld server at http://localhost:54254 to be ready.
[36m(TaskRunner pid=3596559)[0m PHI: 2026-10-06 21:11:34,828 - 3626404 - ThreadPoolExecutor-0_9 - INFO - Launching AppWorld server with port: 34027
[36m(TaskRunner pid=3596559)[0m PHI: 2026-10-06 21:11:34,832 - 3626404 - ThreadPoolExecutor-0_27 - INFO - Launching AppWorld server with port: 45299
[36m(TaskRunner pid=3596559)[0m PHI: 2026-10-06 21:11:34,833 - 3626404 - ThreadPoolExecutor-0_9 - INFO - Waiting for AppWorld server at http://localhost:34027 to be ready.
[36m(TaskRunner pid=3596559)[0m PHI: 2026-10-06 21:11:34,836 - 3626404 - ThreadPoolExecutor-0_27 - INFO - Waiting for AppWorld server at http://localhost:45299 to be ready.
[36m(TaskRunner pid=3596559)[0m PHI: 2026-10-06 21:11:34,997 - 3626404 - ThreadPoolExecutor-0_5 - INFO - Launching AppWorld server with port: 39184
[36m(TaskRunner pid=3596559)[0m PHI: 2026-10-06 21:11:35,000 - 3626404 - ThreadPoolExecutor-0_5 - INFO - Waiting for AppWorld server at http://localhost:39184 to be ready.
[36m(TaskRunner pid=3596559)[0m PHI: 2026-10-06 21:11:35,089 - 3626404 - ThreadPoolExecutor-0_12 - INFO - Launching AppWorld server with port: 45680
[36m(TaskRunner pid=3596559)[0m PHI: 2026-10-06 21:11:35,092 - 3626404 - ThreadPoolExecutor-0_12 - INFO - Waiting for AppWorld server at http://localhost:45680 to be ready.
[36m(TaskRunner pid=3596559)[0m INFO:     Started server process [3628872]
[36m(TaskRunner pid=3596559)[0m INFO:     Waiting for application startup.
[36m(TaskRunner pid=3596559)[0m INFO:     Application startup complete.
[36m(TaskRunner pid=3596559)[0m INFO:     Uvicorn running on http://0.0.0.0:27674 (Press CTRL+C to quit)
[36m(TaskRunner pid=3596559)[0m INFO:     Started server process [3628821]
[36m(TaskRunner pid=3596559)[0m INFO:     Waiting for application startup.
[36m(TaskRunner pid=3596559)[0m INFO:     Application startup complete.
[36m(TaskRunner pid=3596559)[0m INFO:     Uvicorn running on http://0.0.0.0:41114 (Press CTRL+C to quit)
[36m(TaskRunner pid=3596559)[0m INFO:     Started server process [3628913]
[36m(TaskRunner pid=3596559)[0m INFO:     Waiting for application startup.
[36m(TaskRunner pid=3596559)[0m INFO:     Application startup complete.
[36m(TaskRunner pid=3596559)[0m INFO:     Uvicorn running on http://0.0.0.0:59631 (Press CTRL+C to quit)
[36m(TaskRunner pid=3596559)[0m INFO:     Started server process [3628854]
[36m(TaskRunner pid=3596559)[0m INFO:     Waiting for application startup.
[36m(TaskRunner pid=3596559)[0m INFO:     Application startup complete.
[36m(TaskRunner pid=3596559)[0m INFO:     Uvicorn running on http://0.0.0.0:29562 (Press CTRL+C to quit)
[36m(TaskRunner pid=3596559)[0m INFO:     Started server process [3628868]
[36m(TaskRunner pid=3596559)[0m INFO:     Waiting for application startup.
[36m(TaskRunner pid=3596559)[0m INFO:     Application startup complete.
[36m(TaskRunner pid=3596559)[0m INFO:     Uvicorn running on http://0.0.0.0:40034 (Press CTRL+C to quit)
[36m(TaskRunner pid=3596559)[0m INFO:     Started server process [3628849]
[36m(TaskRunner pid=3596559)[0m INFO:     Waiting for application startup.
[36m(TaskRunner pid=3596559)[0m INFO:     Application startup complete.
[36m(TaskRunner pid=3596559)[0m INFO:     Started server process [3628804]
[36m(TaskRunner pid=3596559)[0m INFO:     Waiting for application startup.
[36m(TaskRunner pid=3596559)[0m INFO:     Uvicorn running on http://0.0.0.0:45370 (Press CTRL+C to quit)
[36m(TaskRunner pid=3596559)[0m INFO:     Application startup complete.
[36m(TaskRunner pid=3596559)[0m INFO:     Started server process [3628881]
[36m(TaskRunner pid=3596559)[0m INFO:     Waiting for application startup.
[36m(TaskRunner pid=3596559)[0m INFO:     Application startup complete.
[36m(TaskRunner pid=3596559)[0m INFO:     Uvicorn running on http://0.0.0.0:46903 (Press CTRL+C to quit)
[36m(TaskRunner pid=3596559)[0m INFO:     Uvicorn running on http://0.0.0.0:59569 (Press CTRL+C to quit)
[36m(TaskRunner pid=3596559)[0m INFO:     Started server process [3628877]
[36m(TaskRunner pid=3596559)[0m INFO:     Waiting for application startup.
[36m(TaskRunner pid=3596559)[0m INFO:     Application startup complete.
[36m(TaskRunner pid=3596559)[0m INFO:     Uvicorn running on http://0.0.0.0:50215 (Press CTRL+C to quit)
[36m(TaskRunner pid=3596559)[0m INFO:     Started server process [3628912]
[36m(TaskRunner pid=3596559)[0m INFO:     Waiting for application startup.
[36m(TaskRunner pid=3596559)[0m INFO:     Application startup complete.
[36m(TaskRunner pid=3596559)[0m INFO:     Started server process [3628852]
[36m(TaskRunner pid=3596559)[0m INFO:     Waiting for application startup.
[36m(TaskRunner pid=3596559)[0m INFO:     Started server process [3628848]
[36m(TaskRunner pid=3596559)[0m INFO:     Waiting for application startup.
[36m(TaskRunner pid=3596559)[0m INFO:     Application startup complete.
[36m(TaskRunner pid=3596559)[0m INFO:     Uvicorn running on http://0.0.0.0:59344 (Press CTRL+C to quit)
[36m(TaskRunner pid=3596559)[0m INFO:     Started server process [3628838]
[36m(TaskRunner pid=3596559)[0m INFO:     Waiting for application startup.
[36m(TaskRunner pid=3596559)[0m INFO:     Application startup complete.
[36m(TaskRunner pid=3596559)[0m INFO:     Application startup complete.
[36m(TaskRunner pid=3596559)[0m INFO:     Uvicorn running on http://0.0.0.0:33102 (Press CTRL+C to quit)
[36m(TaskRunner pid=3596559)[0m INFO:     Uvicorn running on http://0.0.0.0:62661 (Press CTRL+C to quit)
[36m(TaskRunner pid=3596559)[0m INFO:     Uvicorn running on http://0.0.0.0:40633 (Press CTRL+C to quit)
[36m(TaskRunner pid=3596559)[0m INFO:     Started server process [3628871]
[36m(TaskRunner pid=3596559)[0m INFO:     Waiting for application startup.
[36m(TaskRunner pid=3596559)[0m INFO:     Started server process [3628861]
[36m(TaskRunner pid=3596559)[0m INFO:     Waiting for application startup.
[36m(TaskRunner pid=3596559)[0m INFO:     Application startup complete.
[36m(TaskRunner pid=3596559)[0m INFO:     Application startup complete.
[36m(TaskRunner pid=3596559)[0m INFO:     Uvicorn running on http://0.0.0.0:57717 (Press CTRL+C to quit)
[36m(TaskRunner pid=3596559)[0m INFO:     Uvicorn running on http://0.0.0.0:57350 (Press CTRL+C to quit)
[36m(TaskRunner pid=3596559)[0m INFO:     Started server process [3628915]
[36m(TaskRunner pid=3596559)[0m INFO:     Waiting for application startup.
[36m(TaskRunner pid=3596559)[0m INFO:     Application startup complete.
[36m(TaskRunner pid=3596559)[0m INFO:     Uvicorn running on http://0.0.0.0:54254 (Press CTRL+C to quit)
[36m(TaskRunner pid=3596559)[0m INFO:     Started server process [3628874]
[36m(TaskRunner pid=3596559)[0m INFO:     Waiting for application startup.
[36m(TaskRunner pid=3596559)[0m INFO:     Application startup complete.
[36m(TaskRunner pid=3596559)[0m INFO:     Uvicorn running on http://0.0.0.0:31745 (Press CTRL+C to quit)
[36m(TaskRunner pid=3596559)[0m INFO:     Started server process [3628873]
[36m(TaskRunner pid=3596559)[0m INFO:     Waiting for application startup.
[36m(TaskRunner pid=3596559)[0m INFO:     Application startup complete.
[36m(TaskRunner pid=3596559)[0m INFO:     Uvicorn running on http://0.0.0.0:17043 (Press CTRL+C to quit)
[36m(TaskRunner pid=3596559)[0m INFO:     Started server process [3628883]
[36m(TaskRunner pid=3596559)[0m INFO:     Waiting for application startup.
[36m(TaskRunner pid=3596559)[0m INFO:     Application startup complete.
[36m(TaskRunner pid=3596559)[0m INFO:     Uvicorn running on http://0.0.0.0:45391 (Press CTRL+C to quit)
[36m(TaskRunner pid=3596559)[0m INFO:     Started server process [3628917]
[36m(TaskRunner pid=3596559)[0m INFO:     Waiting for application startup.
[36m(TaskRunner pid=3596559)[0m INFO:     Application startup complete.
[36m(TaskRunner pid=3596559)[0m INFO:     Uvicorn running on http://0.0.0.0:45299 (Press CTRL+C to quit)
[36m(TaskRunner pid=3596559)[0m INFO:     Started server process [3628907]
[36m(TaskRunner pid=3596559)[0m INFO:     Waiting for application startup.
[36m(TaskRunner pid=3596559)[0m INFO:     Application startup complete.
[36m(TaskRunner pid=3596559)[0m INFO:     Uvicorn running on http://0.0.0.0:17479 (Press CTRL+C to quit)
[36m(TaskRunner pid=3596559)[0m INFO:     Started server process [3628827]
[36m(TaskRunner pid=3596559)[0m INFO:     Waiting for application startup.
[36m(TaskRunner pid=3596559)[0m INFO:     Application startup complete.
[36m(TaskRunner pid=3596559)[0m INFO:     Uvicorn running on http://0.0.0.0:43985 (Press CTRL+C to quit)
[36m(TaskRunner pid=3596559)[0m INFO:     Started server process [3628857]
[36m(TaskRunner pid=3596559)[0m INFO:     Waiting for application startup.
[36m(TaskRunner pid=3596559)[0m INFO:     Application startup complete.
[36m(TaskRunner pid=3596559)[0m INFO:     Started server process [3628859]
[36m(TaskRunner pid=3596559)[0m INFO:     Waiting for application startup.
[36m(TaskRunner pid=3596559)[0m INFO:     Uvicorn running on http://0.0.0.0:30942 (Press CTRL+C to quit)
[36m(TaskRunner pid=3596559)[0m INFO:     Application startup complete.
[36m(TaskRunner pid=3596559)[0m INFO:     Uvicorn running on http://0.0.0.0:33323 (Press CTRL+C to quit)
[36m(TaskRunner pid=3596559)[0m INFO:     Started server process [3628851]
[36m(TaskRunner pid=3596559)[0m INFO:     Waiting for application startup.
[36m(TaskRunner pid=3596559)[0m INFO:     Application startup complete.
[36m(TaskRunner pid=3596559)[0m INFO:     Uvicorn running on http://0.0.0.0:63369 (Press CTRL+C to quit)
[36m(TaskRunner pid=3596559)[0m INFO:     Started server process [3628811]
[36m(TaskRunner pid=3596559)[0m INFO:     Waiting for application startup.
[36m(TaskRunner pid=3596559)[0m INFO:     Application startup complete.
[36m(TaskRunner pid=3596559)[0m INFO:     Uvicorn running on http://0.0.0.0:56871 (Press CTRL+C to quit)
[36m(TaskRunner pid=3596559)[0m INFO:     Started server process [3628866]
[36m(TaskRunner pid=3596559)[0m INFO:     Waiting for application startup.
[36m(TaskRunner pid=3596559)[0m INFO:     Application startup complete.
[36m(TaskRunner pid=3596559)[0m INFO:     Uvicorn running on http://0.0.0.0:29866 (Press CTRL+C to quit)
[36m(TaskRunner pid=3596559)[0m INFO:     Started server process [3628903]
[36m(TaskRunner pid=3596559)[0m INFO:     Waiting for application startup.
[36m(TaskRunner pid=3596559)[0m INFO:     Application startup complete.
[36m(TaskRunner pid=3596559)[0m INFO:     Uvicorn running on http://0.0.0.0:62841 (Press CTRL+C to quit)
[36m(TaskRunner pid=3596559)[0m INFO:     Started server process [3628863]
[36m(TaskRunner pid=3596559)[0m INFO:     Waiting for application startup.
[36m(TaskRunner pid=3596559)[0m INFO:     Application startup complete.
[36m(TaskRunner pid=3596559)[0m INFO:     Uvicorn running on http://0.0.0.0:60262 (Press CTRL+C to quit)
[36m(TaskRunner pid=3596559)[0m INFO:     Started server process [3628875]
[36m(TaskRunner pid=3596559)[0m INFO:     Waiting for application startup.
[36m(TaskRunner pid=3596559)[0m INFO:     Application startup complete.
[36m(TaskRunner pid=3596559)[0m INFO:     Uvicorn running on http://0.0.0.0:28281 (Press CTRL+C to quit)
[36m(TaskRunner pid=3596559)[0m INFO:     Started server process [3628886]
[36m(TaskRunner pid=3596559)[0m INFO:     Waiting for application startup.
[36m(TaskRunner pid=3596559)[0m INFO:     Application startup complete.
[36m(TaskRunner pid=3596559)[0m INFO:     Uvicorn running on http://0.0.0.0:58648 (Press CTRL+C to quit)
[36m(TaskRunner pid=3596559)[0m INFO:     Started server process [3628908]
[36m(TaskRunner pid=3596559)[0m INFO:     Waiting for application startup.
[36m(TaskRunner pid=3596559)[0m INFO:     Application startup complete.
[36m(TaskRunner pid=3596559)[0m INFO:     Uvicorn running on http://0.0.0.0:18769 (Press CTRL+C to quit)
[36m(TaskRunner pid=3596559)[0m INFO:     Started server process [3628880]
[36m(TaskRunner pid=3596559)[0m INFO:     Waiting for application startup.
[36m(TaskRunner pid=3596559)[0m INFO:     Application startup complete.
[36m(TaskRunner pid=3596559)[0m INFO:     Uvicorn running on http://0.0.0.0:50073 (Press CTRL+C to quit)
[36m(TaskRunner pid=3596559)[0m INFO:     Started server process [3628879]
[36m(TaskRunner pid=3596559)[0m INFO:     Started server process [3628860]
[36m(TaskRunner pid=3596559)[0m INFO:     Waiting for application startup.
[36m(TaskRunner pid=3596559)[0m INFO:     Waiting for application startup.
[36m(TaskRunner pid=3596559)[0m INFO:     Application startup complete.
[36m(TaskRunner pid=3596559)[0m INFO:     Application startup complete.
[36m(TaskRunner pid=3596559)[0m INFO:     Uvicorn running on http://0.0.0.0:31520 (Press CTRL+C to quit)
[36m(TaskRunner pid=3596559)[0m INFO:     Uvicorn running on http://0.0.0.0:53790 (Press CTRL+C to quit)
[36m(TaskRunner pid=3596559)[0m INFO:     Started server process [3628878]
[36m(TaskRunner pid=3596559)[0m INFO:     Waiting for application startup.
[36m(TaskRunner pid=3596559)[0m INFO:     Application startup complete.
[36m(TaskRunner pid=3596559)[0m INFO:     Uvicorn running on http://0.0.0.0:42008 (Press CTRL+C to quit)
[36m(TaskRunner pid=3596559)[0m INFO:     Started server process [3628909]
[36m(TaskRunner pid=3596559)[0m INFO:     Waiting for application startup.
[36m(TaskRunner pid=3596559)[0m INFO:     Application startup complete.
[36m(TaskRunner pid=3596559)[0m INFO:     Uvicorn running on http://0.0.0.0:49352 (Press CTRL+C to quit)
[36m(TaskRunner pid=3596559)[0m INFO:     Started server process [3628916]
[36m(TaskRunner pid=3596559)[0m INFO:     Waiting for application startup.
[36m(TaskRunner pid=3596559)[0m INFO:     Application startup complete.
[36m(TaskRunner pid=3596559)[0m INFO:     Started server process [3628862]
[36m(TaskRunner pid=3596559)[0m INFO:     Waiting for application startup.
[36m(TaskRunner pid=3596559)[0m INFO:     Uvicorn running on http://0.0.0.0:34027 (Press CTRL+C to quit)
[36m(TaskRunner pid=3596559)[0m INFO:     Application startup complete.
[36m(TaskRunner pid=3596559)[0m INFO:     Uvicorn running on http://0.0.0.0:24019 (Press CTRL+C to quit)
[36m(TaskRunner pid=3596559)[0m INFO:     Started server process [3628869]
[36m(TaskRunner pid=3596559)[0m INFO:     Waiting for application startup.
[36m(TaskRunner pid=3596559)[0m INFO:     Application startup complete.
[36m(TaskRunner pid=3596559)[0m INFO:     Started server process [3628867]
[36m(TaskRunner pid=3596559)[0m INFO:     Waiting for application startup.
[36m(TaskRunner pid=3596559)[0m INFO:     Uvicorn running on http://0.0.0.0:27723 (Press CTRL+C to quit)
[36m(TaskRunner pid=3596559)[0m INFO:     Application startup complete.
[36m(TaskRunner pid=3596559)[0m INFO:     Uvicorn running on http://0.0.0.0:41600 (Press CTRL+C to quit)
[36m(TaskRunner pid=3596559)[0m INFO:     Started server process [3628947]
[36m(TaskRunner pid=3596559)[0m INFO:     Waiting for application startup.
[36m(TaskRunner pid=3596559)[0m INFO:     Application startup complete.
[36m(TaskRunner pid=3596559)[0m INFO:     Uvicorn running on http://0.0.0.0:45680 (Press CTRL+C to quit)
[36m(TaskRunner pid=3596559)[0m INFO:     Started server process [3628856]
[36m(TaskRunner pid=3596559)[0m INFO:     Waiting for application startup.
[36m(TaskRunner pid=3596559)[0m INFO:     Started server process [3628864]
[36m(TaskRunner pid=3596559)[0m INFO:     Waiting for application startup.
[36m(TaskRunner pid=3596559)[0m INFO:     Application startup complete.
[36m(TaskRunner pid=3596559)[0m INFO:     Application startup complete.
[36m(TaskRunner pid=3596559)[0m INFO:     Started server process [3628876]
[36m(TaskRunner pid=3596559)[0m INFO:     Waiting for application startup.
[36m(TaskRunner pid=3596559)[0m INFO:     Uvicorn running on http://0.0.0.0:43775 (Press CTRL+C to quit)
[36m(TaskRunner pid=3596559)[0m INFO:     Uvicorn running on http://0.0.0.0:36955 (Press CTRL+C to quit)
[36m(TaskRunner pid=3596559)[0m INFO:     Application startup complete.
[36m(TaskRunner pid=3596559)[0m INFO:     Uvicorn running on http://0.0.0.0:37041 (Press CTRL+C to quit)
[36m(TaskRunner pid=3596559)[0m INFO:     Started server process [3628836]
[36m(TaskRunner pid=3596559)[0m INFO:     Waiting for application startup.
[36m(TaskRunner pid=3596559)[0m INFO:     Application startup complete.
[36m(TaskRunner pid=3596559)[0m INFO:     Uvicorn running on http://0.0.0.0:16535 (Press CTRL+C to quit)
[36m(TaskRunner pid=3596559)[0m INFO:     Started server process [3628887]
[36m(TaskRunner pid=3596559)[0m INFO:     Waiting for application startup.
[36m(TaskRunner pid=3596559)[0m INFO:     Application startup complete.
[36m(TaskRunner pid=3596559)[0m INFO:     Uvicorn running on http://0.0.0.0:19121 (Press CTRL+C to quit)
[36m(TaskRunner pid=3596559)[0m INFO:     Started server process [3628825]
[36m(TaskRunner pid=3596559)[0m INFO:     Waiting for application startup.
[36m(TaskRunner pid=3596559)[0m INFO:     Application startup complete.
[36m(TaskRunner pid=3596559)[0m INFO:     Uvicorn running on http://0.0.0.0:36261 (Press CTRL+C to quit)
[36m(TaskRunner pid=3596559)[0m INFO:     Started server process [3628850]
[36m(TaskRunner pid=3596559)[0m INFO:     Waiting for application startup.
[36m(TaskRunner pid=3596559)[0m INFO:     Application startup complete.
[36m(TaskRunner pid=3596559)[0m INFO:     Uvicorn running on http://0.0.0.0:37759 (Press CTRL+C to quit)
[36m(TaskRunner pid=3596559)[0m INFO:     Started server process [3628884]
[36m(TaskRunner pid=3596559)[0m INFO:     Waiting for application startup.
[36m(TaskRunner pid=3596559)[0m INFO:     Application startup complete.
[36m(TaskRunner pid=3596559)[0m INFO:     Uvicorn running on http://0.0.0.0:27917 (Press CTRL+C to quit)
[36m(TaskRunner pid=3596559)[0m INFO:     Started server process [3628839]
[36m(TaskRunner pid=3596559)[0m INFO:     Waiting for application startup.
[36m(TaskRunner pid=3596559)[0m INFO:     Started server process [3628885]
[36m(TaskRunner pid=3596559)[0m INFO:     Waiting for application startup.
[36m(TaskRunner pid=3596559)[0m INFO:     Application startup complete.
[36m(TaskRunner pid=3596559)[0m INFO:     Application startup complete.
[36m(TaskRunner pid=3596559)[0m INFO:     Uvicorn running on http://0.0.0.0:45240 (Press CTRL+C to quit)
[36m(TaskRunner pid=3596559)[0m INFO:     Uvicorn running on http://0.0.0.0:57970 (Press CTRL+C to quit)
[36m(TaskRunner pid=3596559)[0m INFO:     Started server process [3628882]
[36m(TaskRunner pid=3596559)[0m INFO:     Waiting for application startup.
[36m(TaskRunner pid=3596559)[0m INFO:     Application startup complete.
[36m(TaskRunner pid=3596559)[0m INFO:     Uvicorn running on http://0.0.0.0:39559 (Press CTRL+C to quit)
[36m(TaskRunner pid=3596559)[0m INFO:     Started server process [3628865]
[36m(TaskRunner pid=3596559)[0m INFO:     Waiting for application startup.
[36m(TaskRunner pid=3596559)[0m INFO:     Application startup complete.
[36m(TaskRunner pid=3596559)[0m INFO:     Uvicorn running on http://0.0.0.0:36292 (Press CTRL+C to quit)
[36m(TaskRunner pid=3596559)[0m INFO:     Started server process [3628853]
[36m(TaskRunner pid=3596559)[0m INFO:     Waiting for application startup.
[36m(TaskRunner pid=3596559)[0m INFO:     Application startup complete.
[36m(TaskRunner pid=3596559)[0m INFO:     Uvicorn running on http://0.0.0.0:16088 (Press CTRL+C to quit)
[36m(TaskRunner pid=3596559)[0m INFO:     Started server process [3628826]
[36m(TaskRunner pid=3596559)[0m INFO:     Waiting for application startup.
[36m(TaskRunner pid=3596559)[0m INFO:     Application startup complete.
[36m(TaskRunner pid=3596559)[0m INFO:     Uvicorn running on http://0.0.0.0:31998 (Press CTRL+C to quit)
[36m(TaskRunner pid=3596559)[0m INFO:     Started server process [3628855]
[36m(TaskRunner pid=3596559)[0m INFO:     Waiting for application startup.
[36m(TaskRunner pid=3596559)[0m INFO:     Application startup complete.
[36m(TaskRunner pid=3596559)[0m INFO:     Started server process [3628832]
[36m(TaskRunner pid=3596559)[0m INFO:     Waiting for application startup.
[36m(TaskRunner pid=3596559)[0m INFO:     Uvicorn running on http://0.0.0.0:16801 (Press CTRL+C to quit)
[36m(TaskRunner pid=3596559)[0m INFO:     Started server process [3628858]
[36m(TaskRunner pid=3596559)[0m INFO:     Waiting for application startup.
[36m(TaskRunner pid=3596559)[0m INFO:     Application startup complete.
[36m(TaskRunner pid=3596559)[0m INFO:     Started server process [3628837]
[36m(TaskRunner pid=3596559)[0m INFO:     Waiting for application startup.
[36m(TaskRunner pid=3596559)[0m INFO:     Application startup complete.
[36m(TaskRunner pid=3596559)[0m INFO:     Application startup complete.
[36m(TaskRunner pid=3596559)[0m INFO:     Uvicorn running on http://0.0.0.0:41994 (Press CTRL+C to quit)
[36m(TaskRunner pid=3596559)[0m INFO:     Uvicorn running on http://0.0.0.0:50051 (Press CTRL+C to quit)
[36m(TaskRunner pid=3596559)[0m INFO:     Uvicorn running on http://0.0.0.0:34333 (Press CTRL+C to quit)
[36m(TaskRunner pid=3596559)[0m INFO:     Started server process [3628935]
[36m(TaskRunner pid=3596559)[0m INFO:     Waiting for application startup.
[36m(TaskRunner pid=3596559)[0m INFO:     Application startup complete.
[36m(TaskRunner pid=3596559)[0m INFO:     Uvicorn running on http://0.0.0.0:39184 (Press CTRL+C to quit)
[36m(TaskRunner pid=3596559)[0m INFO:     Started server process [3628914]
[36m(TaskRunner pid=3596559)[0m INFO:     Waiting for application startup.
[36m(TaskRunner pid=3596559)[0m INFO:     Application startup complete.
[36m(TaskRunner pid=3596559)[0m INFO:     Uvicorn running on http://0.0.0.0:41173 (Press CTRL+C to quit)
[36m(TaskRunner pid=3596559)[0m INFO:     Started server process [3628870]
[36m(TaskRunner pid=3596559)[0m INFO:     Waiting for application startup.
[36m(TaskRunner pid=3596559)[0m INFO:     Application startup complete.
[36m(TaskRunner pid=3596559)[0m INFO:     Started server process [3628831]
[36m(TaskRunner pid=3596559)[0m INFO:     Waiting for application startup.
[36m(TaskRunner pid=3596559)[0m INFO:     Uvicorn running on http://0.0.0.0:28456 (Press CTRL+C to quit)
[36m(TaskRunner pid=3596559)[0m INFO:     Application startup complete.
[36m(TaskRunner pid=3596559)[0m INFO:     Uvicorn running on http://0.0.0.0:41131 (Press CTRL+C to quit)
[36m(TaskRunner pid=3596559)[0m PHI: 2026-10-06 21:11:39,133 - 3626405 - ThreadPoolExecutor-0_6 - INFO - AppWorld server at http://localhost:46903 is ready.
[36m(TaskRunner pid=3596559)[0m PHI: 2026-10-06 21:11:39,133 - 3626405 - ThreadPoolExecutor-0_26 - INFO - AppWorld server at http://localhost:56871 is ready.
[36m(TaskRunner pid=3596559)[0m PHI: 2026-10-06 21:11:39,158 - 3626405 - ThreadPoolExecutor-0_18 - INFO - AppWorld server at http://localhost:41114 is ready.
[36m(TaskRunner pid=3596559)[0m PHI: 2026-10-06 21:11:39,167 - 3626404 - ThreadPoolExecutor-0_0 - INFO - AppWorld server at http://localhost:36261 is ready.
[36m(TaskRunner pid=3596559)[0m PHI: 2026-10-06 21:11:39,167 - 3626404 - MainThread - INFO - Scenario runner 0 port=5555 is ready!
[36m(TaskRunner pid=3596559)[0m PHI: 2026-10-06 21:11:39,181 - 3626405 - ThreadPoolExecutor-0_21 - INFO - AppWorld server at http://localhost:31998 is ready.
[36m(TaskRunner pid=3596559)[0m PHI: 2026-10-06 21:11:39,187 - 3626405 - ThreadPoolExecutor-0_22 - INFO - AppWorld server at http://localhost:43985 is ready.
[36m(TaskRunner pid=3596559)[0m PHI: 2026-10-06 21:11:39,217 - 3626405 - ThreadPoolExecutor-0_19 - INFO - AppWorld server at http://localhost:41131 is ready.
[36m(TaskRunner pid=3596559)[0m PHI: 2026-10-06 21:11:39,218 - 3626405 - ThreadPoolExecutor-0_0 - INFO - AppWorld server at http://localhost:16535 is ready.
[36m(TaskRunner pid=3596559)[0m PHI: 2026-10-06 21:11:39,218 - 3626405 - MainThread - INFO - Scenario runner 0 port=5555 is ready!
[36m(TaskRunner pid=3596559)[0m PHI: 2026-10-06 21:11:39,219 - 3626405 - ThreadPoolExecutor-0_12 - INFO - AppWorld server at http://localhost:41994 is ready.
[36m(TaskRunner pid=3596559)[0m PHI: 2026-10-06 21:11:39,223 - 3626405 - ThreadPoolExecutor-0_28 - INFO - AppWorld server at http://localhost:34333 is ready.
[36m(TaskRunner pid=3596559)[0m PHI: 2026-10-06 21:11:39,227 - 3626405 - ThreadPoolExecutor-0_8 - INFO - AppWorld server at http://localhost:40633 is ready.
[36m(TaskRunner pid=3596559)[0m PHI: 2026-10-06 21:11:39,271 - 3626404 - ThreadPoolExecutor-0_19 - INFO - AppWorld server at http://localhost:62661 is ready.
[36m(TaskRunner pid=3596559)[0m PHI: 2026-10-06 21:11:39,305 - 3626404 - ThreadPoolExecutor-0_21 - INFO - AppWorld server at http://localhost:45370 is ready.
[36m(TaskRunner pid=3596559)[0m PHI: 2026-10-06 21:11:39,316 - 3626404 - ThreadPoolExecutor-0_11 - INFO - AppWorld server at http://localhost:37759 is ready.
[36m(TaskRunner pid=3596559)[0m PHI: 2026-10-06 21:11:39,341 - 3626404 - ThreadPoolExecutor-0_29 - INFO - AppWorld server at http://localhost:63369 is ready.
[36m(TaskRunner pid=3596559)[0m PHI: 2026-10-06 21:11:39,415 - 3626405 - ThreadPoolExecutor-0_10 - INFO - AppWorld server at http://localhost:57970 is ready.
[36m(TaskRunner pid=3596559)[0m PHI: 2026-10-06 21:11:39,420 - 3626404 - ThreadPoolExecutor-0_30 - INFO - AppWorld server at http://localhost:33102 is ready.
[36m(TaskRunner pid=3596559)[0m PHI: 2026-10-06 21:11:39,427 - 3626405 - ThreadPoolExecutor-0_16 - INFO - AppWorld server at http://localhost:29562 is ready.
[36m(TaskRunner pid=3596559)[0m PHI: 2026-10-06 21:11:39,432 - 3626405 - ThreadPoolExecutor-0_23 - INFO - AppWorld server at http://localhost:16801 is ready.
[36m(TaskRunner pid=3596559)[0m PHI: 2026-10-06 21:11:39,436 - 3626404 - ThreadPoolExecutor-0_22 - INFO - AppWorld server at http://localhost:16088 is ready.
[36m(TaskRunner pid=3596559)[0m PHI: 2026-10-06 21:11:39,442 - 3626404 - ThreadPoolExecutor-0_15 - INFO - AppWorld server at http://localhost:30942 is ready.
[36m(TaskRunner pid=3596559)[0m PHI: 2026-10-06 21:11:39,443 - 3626405 - ThreadPoolExecutor-0_11 - INFO - AppWorld server at http://localhost:50051 is ready.
[36m(TaskRunner pid=3596559)[0m PHI: 2026-10-06 21:11:39,445 - 3626404 - ThreadPoolExecutor-0_1 - INFO - AppWorld server at http://localhost:43775 is ready.
[36m(TaskRunner pid=3596559)[0m PHI: 2026-10-06 21:11:39,445 - 3626404 - MainThread - INFO - Scenario runner 1 port=5555 is ready!
[36m(TaskRunner pid=3596559)[0m PHI: 2026-10-06 21:11:39,449 - 3626405 - ThreadPoolExecutor-0_7 - INFO - AppWorld server at http://localhost:33323 is ready.
[36m(TaskRunner pid=3596559)[0m PHI: 2026-10-06 21:11:39,463 - 3626405 - ThreadPoolExecutor-0_31 - INFO - AppWorld server at http://localhost:31520 is ready.
[36m(TaskRunner pid=3596559)[0m PHI: 2026-10-06 21:11:39,463 - 3626405 - ThreadPoolExecutor-0_30 - INFO - AppWorld server at http://localhost:57350 is ready.
[36m(TaskRunner pid=3596559)[0m PHI: 2026-10-06 21:11:39,480 - 3626404 - ThreadPoolExecutor-0_20 - INFO - AppWorld server at http://localhost:60262 is ready.
[36m(TaskRunner pid=3596559)[0m PHI: 2026-10-06 21:11:39,485 - 3626404 - ThreadPoolExecutor-0_13 - INFO - AppWorld server at http://localhost:36955 is ready.
[36m(TaskRunner pid=3596559)[0m PHI: 2026-10-06 21:11:39,488 - 3626404 - ThreadPoolExecutor-0_7 - INFO - AppWorld server at http://localhost:24019 is ready.
[36m(TaskRunner pid=3596559)[0m PHI: 2026-10-06 21:11:39,500 - 3626404 - ThreadPoolExecutor-0_8 - INFO - AppWorld server at http://localhost:36292 is ready.
[36m(TaskRunner pid=3596559)[0m PHI: 2026-10-06 21:11:39,514 - 3626404 - ThreadPoolExecutor-0_23 - INFO - AppWorld server at http://localhost:29866 is ready.
[36m(TaskRunner pid=3596559)[0m PHI: 2026-10-06 21:11:39,539 - 3626405 - ThreadPoolExecutor-0_27 - INFO - AppWorld server at http://localhost:40034 is ready.
[36m(TaskRunner pid=3596559)[0m PHI: 2026-10-06 21:11:39,541 - 3626405 - ThreadPoolExecutor-0_20 - INFO - AppWorld server at http://localhost:27723 is ready.
[36m(TaskRunner pid=3596559)[0m PHI: 2026-10-06 21:11:39,570 - 3626405 - ThreadPoolExecutor-0_1 - INFO - AppWorld server at http://localhost:28456 is ready.
[36m(TaskRunner pid=3596559)[0m PHI: 2026-10-06 21:11:39,570 - 3626405 - MainThread - INFO - Scenario runner 1 port=5555 is ready!
[36m(TaskRunner pid=3596559)[0m PHI: 2026-10-06 21:11:39,582 - 3626405 - ThreadPoolExecutor-0_4 - INFO - AppWorld server at http://localhost:57717 is ready.
[36m(TaskRunner pid=3596559)[0m PHI: 2026-10-06 21:11:39,583 - 3626405 - ThreadPoolExecutor-0_25 - INFO - AppWorld server at http://localhost:27674 is ready.
[36m(TaskRunner pid=3596559)[0m PHI: 2026-10-06 21:11:39,596 - 3626405 - ThreadPoolExecutor-0_15 - INFO - AppWorld server at http://localhost:17043 is ready.
[36m(TaskRunner pid=3596559)[0m PHI: 2026-10-06 21:11:39,601 - 3626405 - ThreadPoolExecutor-0_5 - INFO - AppWorld server at http://localhost:28281 is ready.
[36m(TaskRunner pid=3596559)[0m PHI: 2026-10-06 21:11:39,604 - 3626405 - ThreadPoolExecutor-0_13 - INFO - AppWorld server at http://localhost:50215 is ready.
[36m(TaskRunner pid=3596559)[0m PHI: 2026-10-06 21:11:39,604 - 3626405 - ThreadPoolExecutor-0_9 - INFO - AppWorld server at http://localhost:31745 is ready.
[36m(TaskRunner pid=3596559)[0m PHI: 2026-10-06 21:11:39,604 - 3626405 - ThreadPoolExecutor-0_2 - INFO - AppWorld server at http://localhost:37041 is ready.
[36m(TaskRunner pid=3596559)[0m PHI: 2026-10-06 21:11:39,605 - 3626405 - MainThread - INFO - Scenario runner 2 port=5555 is ready!
[36m(TaskRunner pid=3596559)[0m PHI: 2026-10-06 21:11:39,608 - 3626405 - ThreadPoolExecutor-0_14 - INFO - AppWorld server at http://localhost:42008 is ready.
[36m(TaskRunner pid=3596559)[0m PHI: 2026-10-06 21:11:39,612 - 3626405 - ThreadPoolExecutor-0_17 - INFO - AppWorld server at http://localhost:53790 is ready.
[36m(TaskRunner pid=3596559)[0m PHI: 2026-10-06 21:11:39,616 - 3626405 - ThreadPoolExecutor-0_29 - INFO - AppWorld server at http://localhost:50073 is ready.
[36m(TaskRunner pid=3596559)[0m PHI: 2026-10-06 21:11:39,618 - 3626405 - ThreadPoolExecutor-0_24 - INFO - AppWorld server at http://localhost:59569 is ready.
[36m(TaskRunner pid=3596559)[0m PHI: 2026-10-06 21:11:39,695 - 3626405 - ThreadPoolExecutor-0_3 - INFO - AppWorld server at http://localhost:39559 is ready.
[36m(TaskRunner pid=3596559)[0m PHI: 2026-10-06 21:11:39,695 - 3626405 - MainThread - INFO - Scenario runner 3 port=5555 is ready!
[36m(TaskRunner pid=3596559)[0m PHI: 2026-10-06 21:11:39,695 - 3626405 - MainThread - INFO - Scenario runner 4 port=5555 is ready!
[36m(TaskRunner pid=3596559)[0m PHI: 2026-10-06 21:11:39,695 - 3626405 - MainThread - INFO - Scenario runner 5 port=5555 is ready!
[36m(TaskRunner pid=3596559)[0m PHI: 2026-10-06 21:11:39,695 - 3626405 - MainThread - INFO - Scenario runner 6 port=5555 is ready!
[36m(TaskRunner pid=3596559)[0m PHI: 2026-10-06 21:11:39,695 - 3626405 - MainThread - INFO - Scenario runner 7 port=5555 is ready!
[36m(TaskRunner pid=3596559)[0m PHI: 2026-10-06 21:11:39,695 - 3626405 - MainThread - INFO - Scenario runner 8 port=5555 is ready!
[36m(TaskRunner pid=3596559)[0m PHI: 2026-10-06 21:11:39,695 - 3626405 - MainThread - INFO - Scenario runner 9 port=5555 is ready!
[36m(TaskRunner pid=3596559)[0m PHI: 2026-10-06 21:11:39,695 - 3626405 - MainThread - INFO - Scenario runner 10 port=5555 is ready!
[36m(TaskRunner pid=3596559)[0m PHI: 2026-10-06 21:11:39,695 - 3626405 - MainThread - INFO - Scenario runner 11 port=5555 is ready!
[36m(TaskRunner pid=3596559)[0m PHI: 2026-10-06 21:11:39,695 - 3626405 - MainThread - INFO - Scenario runner 12 port=5555 is ready!
[36m(TaskRunner pid=3596559)[0m PHI: 2026-10-06 21:11:39,695 - 3626405 - MainThread - INFO - Scenario runner 13 port=5555 is ready!
[36m(TaskRunner pid=3596559)[0m PHI: 2026-10-06 21:11:39,695 - 3626405 - MainThread - INFO - Scenario runner 14 port=5555 is ready!
[36m(TaskRunner pid=3596559)[0m PHI: 2026-10-06 21:11:39,696 - 3626405 - MainThread - INFO - Scenario runner 15 port=5555 is ready!
[36m(TaskRunner pid=3596559)[0m PHI: 2026-10-06 21:11:39,696 - 3626405 - MainThread - INFO - Scenario runner 16 port=5555 is ready!
[36m(TaskRunner pid=3596559)[0m PHI: 2026-10-06 21:11:39,696 - 3626405 - MainThread - INFO - Scenario runner 17 port=5555 is ready!
[36m(TaskRunner pid=3596559)[0m PHI: 2026-10-06 21:11:39,696 - 3626405 - MainThread - INFO - Scenario runner 18 port=5555 is ready!
[36m(TaskRunner pid=3596559)[0m PHI: 2026-10-06 21:11:39,696 - 3626405 - MainThread - INFO - Scenario runner 19 port=5555 is ready!
[36m(TaskRunner pid=3596559)[0m PHI: 2026-10-06 21:11:39,696 - 3626405 - MainThread - INFO - Scenario runner 20 port=5555 is ready!
[36m(TaskRunner pid=3596559)[0m PHI: 2026-10-06 21:11:39,696 - 3626405 - MainThread - INFO - Scenario runner 21 port=5555 is ready!
[36m(TaskRunner pid=3596559)[0m PHI: 2026-10-06 21:11:39,696 - 3626405 - MainThread - INFO - Scenario runner 22 port=5555 is ready!
[36m(TaskRunner pid=3596559)[0m PHI: 2026-10-06 21:11:39,696 - 3626405 - MainThread - INFO - Scenario runner 23 port=5555 is ready!
[36m(TaskRunner pid=3596559)[0m PHI: 2026-10-06 21:11:39,696 - 3626405 - MainThread - INFO - Scenario runner 24 port=5555 is ready!
[36m(TaskRunner pid=3596559)[0m PHI: 2026-10-06 21:11:39,696 - 3626405 - MainThread - INFO - Scenario runner 25 port=5555 is ready!
[36m(TaskRunner pid=3596559)[0m PHI: 2026-10-06 21:11:39,696 - 3626405 - MainThread - INFO - Scenario runner 26 port=5555 is ready!
[36m(TaskRunner pid=3596559)[0m PHI: 2026-10-06 21:11:39,696 - 3626405 - MainThread - INFO - Scenario runner 27 port=5555 is ready!
[36m(TaskRunner pid=3596559)[0m PHI: 2026-10-06 21:11:39,696 - 3626405 - MainThread - INFO - Scenario runner 28 port=5555 is ready!
[36m(TaskRunner pid=3596559)[0m PHI: 2026-10-06 21:11:39,696 - 3626405 - MainThread - INFO - Scenario runner 29 port=5555 is ready!
[36m(TaskRunner pid=3596559)[0m PHI: 2026-10-06 21:11:39,696 - 3626405 - MainThread - INFO - Scenario runner 30 port=5555 is ready!
[36m(TaskRunner pid=3596559)[0m PHI: 2026-10-06 21:11:39,696 - 3626405 - MainThread - INFO - Scenario runner 31 port=5555 is ready!
[36m(TaskRunner pid=3596559)[0m PHI: 2026-10-06 21:11:39,768 - 3626404 - ThreadPoolExecutor-0_3 - INFO - AppWorld server at http://localhost:41600 is ready.
[36m(TaskRunner pid=3596559)[0m PHI: 2026-10-06 21:11:39,786 - 3626404 - ThreadPoolExecutor-0_17 - INFO - AppWorld server at http://localhost:45391 is ready.
[36m(TaskRunner pid=3596559)[0m PHI: 2026-10-06 21:11:39,800 - 3626404 - ThreadPoolExecutor-0_31 - INFO - AppWorld server at http://localhost:27917 is ready.
[36m(TaskRunner pid=3596559)[0m PHI: 2026-10-06 21:11:39,807 - 3626404 - ThreadPoolExecutor-0_16 - INFO - AppWorld server at http://localhost:45240 is ready.
[36m(TaskRunner pid=3596559)[0m PHI: 2026-10-06 21:11:39,810 - 3626404 - ThreadPoolExecutor-0_28 - INFO - AppWorld server at http://localhost:58648 is ready.
[36m(TaskRunner pid=3596559)[0m PHI: 2026-10-06 21:11:39,857 - 3626404 - ThreadPoolExecutor-0_2 - INFO - AppWorld server at http://localhost:19121 is ready.
[36m(TaskRunner pid=3596559)[0m PHI: 2026-10-06 21:11:39,857 - 3626404 - MainThread - INFO - Scenario runner 2 port=5555 is ready!
[36m(TaskRunner pid=3596559)[0m PHI: 2026-10-06 21:11:39,857 - 3626404 - MainThread - INFO - Scenario runner 3 port=5555 is ready!
[36m(TaskRunner pid=3596559)[0m PHI: 2026-10-06 21:11:39,875 - 3626404 - ThreadPoolExecutor-0_6 - INFO - AppWorld server at http://localhost:62841 is ready.
[36m(TaskRunner pid=3596559)[0m PHI: 2026-10-06 21:11:39,887 - 3626404 - ThreadPoolExecutor-0_25 - INFO - AppWorld server at http://localhost:17479 is ready.
[36m(TaskRunner pid=3596559)[0m PHI: 2026-10-06 21:11:39,888 - 3626404 - ThreadPoolExecutor-0_4 - INFO - AppWorld server at http://localhost:18769 is ready.
[36m(TaskRunner pid=3596559)[0m PHI: 2026-10-06 21:11:39,888 - 3626404 - MainThread - INFO - Scenario runner 4 port=5555 is ready!
[36m(TaskRunner pid=3596559)[0m PHI: 2026-10-06 21:11:39,899 - 3626404 - ThreadPoolExecutor-0_24 - INFO - AppWorld server at http://localhost:49352 is ready.
[36m(TaskRunner pid=3596559)[0m PHI: 2026-10-06 21:11:39,924 - 3626404 - ThreadPoolExecutor-0_18 - INFO - AppWorld server at http://localhost:59344 is ready.
[36m(TaskRunner pid=3596559)[0m PHI: 2026-10-06 21:11:39,928 - 3626404 - ThreadPoolExecutor-0_10 - INFO - AppWorld server at http://localhost:59631 is ready.
[36m(TaskRunner pid=3596559)[0m PHI: 2026-10-06 21:11:39,934 - 3626404 - ThreadPoolExecutor-0_26 - INFO - AppWorld server at http://localhost:54254 is ready.
[36m(TaskRunner pid=3596559)[0m PHI: 2026-10-06 21:11:39,934 - 3626404 - ThreadPoolExecutor-0_14 - INFO - AppWorld server at http://localhost:41173 is ready.
[36m(TaskRunner pid=3596559)[0m PHI: 2026-10-06 21:11:39,985 - 3626404 - ThreadPoolExecutor-0_9 - INFO - AppWorld server at http://localhost:34027 is ready.
[36m(TaskRunner pid=3596559)[0m PHI: 2026-10-06 21:11:39,987 - 3626404 - ThreadPoolExecutor-0_27 - INFO - AppWorld server at http://localhost:45299 is ready.
[36m(TaskRunner pid=3596559)[0m PHI: 2026-10-06 21:11:40,123 - 3626404 - ThreadPoolExecutor-0_5 - INFO - AppWorld server at http://localhost:39184 is ready.
[36m(TaskRunner pid=3596559)[0m PHI: 2026-10-06 21:11:40,123 - 3626404 - MainThread - INFO - Scenario runner 5 port=5555 is ready!
[36m(TaskRunner pid=3596559)[0m PHI: 2026-10-06 21:11:40,123 - 3626404 - MainThread - INFO - Scenario runner 6 port=5555 is ready!
[36m(TaskRunner pid=3596559)[0m PHI: 2026-10-06 21:11:40,123 - 3626404 - MainThread - INFO - Scenario runner 7 port=5555 is ready!
[36m(TaskRunner pid=3596559)[0m PHI: 2026-10-06 21:11:40,123 - 3626404 - MainThread - INFO - Scenario runner 8 port=5555 is ready!
[36m(TaskRunner pid=3596559)[0m PHI: 2026-10-06 21:11:40,123 - 3626404 - MainThread - INFO - Scenario runner 9 port=5555 is ready!
[36m(TaskRunner pid=3596559)[0m PHI: 2026-10-06 21:11:40,123 - 3626404 - MainThread - INFO - Scenario runner 10 port=5555 is ready!
[36m(TaskRunner pid=3596559)[0m PHI: 2026-10-06 21:11:40,123 - 3626404 - MainThread - INFO - Scenario runner 11 port=5555 is ready!
[36m(TaskRunner pid=3596559)[0m PHI: 2026-10-06 21:11:40,210 - 3626404 - ThreadPoolExecutor-0_12 - INFO - AppWorld server at http://localhost:45680 is ready.
[36m(TaskRunner pid=3596559)[0m PHI: 2026-10-06 21:11:40,210 - 3626404 - MainThread - INFO - Scenario runner 12 port=5555 is ready!
[36m(TaskRunner pid=3596559)[0m PHI: 2026-10-06 21:11:40,210 - 3626404 - MainThread - INFO - Scenario runner 13 port=5555 is ready!
[36m(TaskRunner pid=3596559)[0m PHI: 2026-10-06 21:11:40,210 - 3626404 - MainThread - INFO - Scenario runner 14 port=5555 is ready!
[36m(TaskRunner pid=3596559)[0m PHI: 2026-10-06 21:11:40,210 - 3626404 - MainThread - INFO - Scenario runner 15 port=5555 is ready!
[36m(TaskRunner pid=3596559)[0m PHI: 2026-10-06 21:11:40,210 - 3626404 - MainThread - INFO - Scenario runner 16 port=5555 is ready!
[36m(TaskRunner pid=3596559)[0m PHI: 2026-10-06 21:11:40,210 - 3626404 - MainThread - INFO - Scenario runner 17 port=5555 is ready!
[36m(TaskRunner pid=3596559)[0m PHI: 2026-10-06 21:11:40,210 - 3626404 - MainThread - INFO - Scenario runner 18 port=5555 is ready!
[36m(TaskRunner pid=3596559)[0m PHI: 2026-10-06 21:11:40,210 - 3626404 - MainThread - INFO - Scenario runner 19 port=5555 is ready!
[36m(TaskRunner pid=3596559)[0m PHI: 2026-10-06 21:11:40,210 - 3626404 - MainThread - INFO - Scenario runner 20 port=5555 is ready!
[36m(TaskRunner pid=3596559)[0m PHI: 2026-10-06 21:11:40,210 - 3626404 - MainThread - INFO - Scenario runner 21 port=5555 is ready!
[36m(TaskRunner pid=3596559)[0m PHI: 2026-10-06 21:11:40,210 - 3626404 - MainThread - INFO - Scenario runner 22 port=5555 is ready!
[36m(TaskRunner pid=3596559)[0m PHI: 2026-10-06 21:11:40,210 - 3626404 - MainThread - INFO - Scenario runner 23 port=5555 is ready!
[36m(TaskRunner pid=3596559)[0m PHI: 2026-10-06 21:11:40,211 - 3626404 - MainThread - INFO - Scenario runner 24 port=5555 is ready!
[36m(TaskRunner pid=3596559)[0m PHI: 2026-10-06 21:11:40,211 - 3626404 - MainThread - INFO - Scenario runner 25 port=5555 is ready!
[36m(TaskRunner pid=3596559)[0m PHI: 2026-10-06 21:11:40,211 - 3626404 - MainThread - INFO - Scenario runner 26 port=5555 is ready!
[36m(TaskRunner pid=3596559)[0m PHI: 2026-10-06 21:11:40,211 - 3626404 - MainThread - INFO - Scenario runner 27 port=5555 is ready!
[36m(TaskRunner pid=3596559)[0m PHI: 2026-10-06 21:11:40,211 - 3626404 - MainThread - INFO - Scenario runner 28 port=5555 is ready!
[36m(TaskRunner pid=3596559)[0m PHI: 2026-10-06 21:11:40,211 - 3626404 - MainThread - INFO - Scenario runner 29 port=5555 is ready!
[36m(TaskRunner pid=3596559)[0m PHI: 2026-10-06 21:11:40,211 - 3626404 - MainThread - INFO - Scenario runner 30 port=5555 is ready!
[36m(TaskRunner pid=3596559)[0m PHI: 2026-10-06 21:11:40,211 - 3626404 - MainThread - INFO - Scenario runner 31 port=5555 is ready!
[36m(TaskRunner pid=3596559)[0m PHI: 2026-10-06 21:11:40,216 - 3626404 - ThreadPoolExecutor-1_0 - INFO - Acquired lock for AppWorld at http://localhost:36261
[36m(TaskRunner pid=3596559)[0m PHI: 2026-10-06 21:11:40,216 - 3626405 - ThreadPoolExecutor-1_0 - INFO - Acquired lock for AppWorld at http://localhost:16535
[36m(TaskRunner pid=3596559)[0m PHI: 2026-10-06 21:11:40,216 - 3626404 - ThreadPoolExecutor-1_0 - INFO - Generating episode; experiment_name=runner_036261, task_id=c901732_1
[36m(TaskRunner pid=3596559)[0m PHI: 2026-10-06 21:11:40,216 - 3626405 - ThreadPoolExecutor-1_0 - INFO - Generating episode; experiment_name=runner_016535, task_id=27e1026_1
[36m(TaskRunner pid=3596559)[0m PHI: 2026-10-06 21:11:40,216 - 3626404 - ThreadPoolExecutor-1_0 - INFO - Initializing AppWorld world with task_id=c901732_1, experiment_name=runner_036261
[36m(TaskRunner pid=3596559)[0m PHI: 2026-10-06 21:11:40,216 - 3626404 - ThreadPoolExecutor-1_1 - INFO - Acquired lock for AppWorld at http://localhost:43775
[36m(TaskRunner pid=3596559)[0m PHI: 2026-10-06 21:11:40,216 - 3626405 - ThreadPoolExecutor-1_1 - INFO - Acquired lock for AppWorld at http://localhost:28456
[36m(TaskRunner pid=3596559)[0m PHI: 2026-10-06 21:11:40,217 - 3626404 - ThreadPoolExecutor-1_1 - INFO - Generating episode; experiment_name=runner_043775, task_id=aa8502b_1
[36m(TaskRunner pid=3596559)[0m PHI: 2026-10-06 21:11:40,217 - 3626404 - ThreadPoolExecutor-1_1 - INFO - Initializing AppWorld world with task_id=aa8502b_1, experiment_name=runner_043775
[36m(TaskRunner pid=3596559)[0m PHI: 2026-10-06 21:11:40,216 - 3626405 - ThreadPoolExecutor-1_0 - INFO - Initializing AppWorld world with task_id=27e1026_1, experiment_name=runner_016535
[36m(TaskRunner pid=3596559)[0m PHI: 2026-10-06 21:11:40,217 - 3626405 - ThreadPoolExecutor-1_2 - INFO - Acquired lock for AppWorld at http://localhost:37041
[36m(TaskRunner pid=3596559)[0m PHI: 2026-10-06 21:11:40,218 - 3626404 - ThreadPoolExecutor-1_2 - INFO - Acquired lock for AppWorld at http://localhost:19121
[36m(TaskRunner pid=3596559)[0m PHI: 2026-10-06 21:11:40,218 - 3626404 - ThreadPoolExecutor-1_2 - INFO - Generating episode; experiment_name=runner_019121, task_id=aa8502b_2
[36m(TaskRunner pid=3596559)[0m PHI: 2026-10-06 21:11:40,219 - 3626404 - ThreadPoolExecutor-1_2 - INFO - Initializing AppWorld world with task_id=aa8502b_2, experiment_name=runner_019121
[36m(TaskRunner pid=3596559)[0m PHI: 2026-10-06 21:11:40,217 - 3626405 - ThreadPoolExecutor-1_1 - INFO - Generating episode; experiment_name=runner_028456, task_id=ccb4494_2
[36m(TaskRunner pid=3596559)[0m PHI: 2026-10-06 21:11:40,217 - 3626405 - ThreadPoolExecutor-1_3 - INFO - Acquired lock for AppWorld at http://localhost:39559
[36m(TaskRunner pid=3596559)[0m PHI: 2026-10-06 21:11:40,220 - 3626404 - ThreadPoolExecutor-1_3 - INFO - Acquired lock for AppWorld at http://localhost:41600
[36m(TaskRunner pid=3596559)[0m PHI: 2026-10-06 21:11:40,220 - 3626404 - ThreadPoolExecutor-1_3 - INFO - Generating episode; experiment_name=runner_041600, task_id=e3d6c94_1
[36m(TaskRunner pid=3596559)[0m PHI: 2026-10-06 21:11:40,220 - 3626404 - ThreadPoolExecutor-1_3 - INFO - Initializing AppWorld world with task_id=e3d6c94_1, experiment_name=runner_041600
[36m(TaskRunner pid=3596559)[0m PHI: 2026-10-06 21:11:40,218 - 3626405 - ThreadPoolExecutor-1_4 - INFO - Acquired lock for AppWorld at http://localhost:57717
[36m(TaskRunner pid=3596559)[0m PHI: 2026-10-06 21:11:40,218 - 3626405 - ThreadPoolExecutor-1_5 - INFO - Acquired lock for AppWorld at http://localhost:28281
[36m(TaskRunner pid=3596559)[0m PHI: 2026-10-06 21:11:40,218 - 3626405 - ThreadPoolExecutor-1_2 - INFO - Generating episode; experiment_name=runner_037041, task_id=7d7fbf6_3
[36m(TaskRunner pid=3596559)[0m PHI: 2026-10-06 21:11:40,219 - 3626405 - ThreadPoolExecutor-1_6 - INFO - Acquired lock for AppWorld at http://localhost:46903
[36m(TaskRunner pid=3596559)[0m PHI: 2026-10-06 21:11:40,221 - 3626404 - ThreadPoolExecutor-1_4 - INFO - Acquired lock for AppWorld at http://localhost:18769
[36m(TaskRunner pid=3596559)[0m PHI: 2026-10-06 21:11:40,221 - 3626404 - ThreadPoolExecutor-1_4 - INFO - Generating episode; experiment_name=runner_018769, task_id=27e1026_1
[36m(TaskRunner pid=3596559)[0m PHI: 2026-10-06 21:11:40,219 - 3626405 - ThreadPoolExecutor-1_1 - INFO - Initializing AppWorld world with task_id=ccb4494_2, experiment_name=runner_028456
[36m(TaskRunner pid=3596559)[0m PHI: 2026-10-06 21:11:40,221 - 3626404 - ThreadPoolExecutor-1_5 - INFO - Acquired lock for AppWorld at http://localhost:39184
[36m(TaskRunner pid=3596559)[0m PHI: 2026-10-06 21:11:40,219 - 3626405 - ThreadPoolExecutor-1_7 - INFO - Acquired lock for AppWorld at http://localhost:33323
[36m(TaskRunner pid=3596559)[0m PHI: 2026-10-06 21:11:40,220 - 3626405 - ThreadPoolExecutor-1_3 - INFO - Generating episode; experiment_name=runner_039559, task_id=cf6abd2_1
[36m(TaskRunner pid=3596559)[0m PHI: 2026-10-06 21:11:40,222 - 3626404 - ThreadPoolExecutor-1_4 - INFO - Initializing AppWorld world with task_id=27e1026_1, experiment_name=runner_018769
[36m(TaskRunner pid=3596559)[0m PHI: 2026-10-06 21:11:40,220 - 3626405 - ThreadPoolExecutor-1_8 - INFO - Acquired lock for AppWorld at http://localhost:40633
[36m(TaskRunner pid=3596559)[0m PHI: 2026-10-06 21:11:40,222 - 3626404 - ThreadPoolExecutor-1_5 - INFO - Generating episode; experiment_name=runner_039184, task_id=302c169_2
[36m(TaskRunner pid=3596559)[0m PHI: 2026-10-06 21:11:40,220 - 3626405 - ThreadPoolExecutor-1_4 - INFO - Generating episode; experiment_name=runner_057717, task_id=6ea6792_1
[36m(TaskRunner pid=3596559)[0m PHI: 2026-10-06 21:11:40,220 - 3626405 - ThreadPoolExecutor-1_9 - INFO - Acquired lock for AppWorld at http://localhost:31745
[36m(TaskRunner pid=3596559)[0m PHI: 2026-10-06 21:11:40,222 - 3626404 - ThreadPoolExecutor-1_6 - INFO - Acquired lock for AppWorld at http://localhost:62841
[36m(TaskRunner pid=3596559)[0m PHI: 2026-10-06 21:11:40,221 - 3626405 - ThreadPoolExecutor-1_5 - INFO - Generating episode; experiment_name=runner_028281, task_id=229360a_2
[36m(TaskRunner pid=3596559)[0m PHI: 2026-10-06 21:11:40,222 - 3626404 - ThreadPoolExecutor-1_7 - INFO - Acquired lock for AppWorld at http://localhost:24019
[36m(TaskRunner pid=3596559)[0m PHI: 2026-10-06 21:11:40,221 - 3626405 - ThreadPoolExecutor-1_2 - INFO - Initializing AppWorld world with task_id=7d7fbf6_3, experiment_name=runner_037041
[36m(TaskRunner pid=3596559)[0m PHI: 2026-10-06 21:11:40,222 - 3626404 - ThreadPoolExecutor-1_8 - INFO - Acquired lock for AppWorld at http://localhost:36292
[36m(TaskRunner pid=3596559)[0m PHI: 2026-10-06 21:11:40,223 - 3626404 - ThreadPoolExecutor-1_5 - INFO - Initializing AppWorld world with task_id=302c169_2, experiment_name=runner_039184
[36m(TaskRunner pid=3596559)[0m PHI: 2026-10-06 21:11:40,221 - 3626405 - ThreadPoolExecutor-1_10 - INFO - Acquired lock for AppWorld at http://localhost:57970
[36m(TaskRunner pid=3596559)[0m PHI: 2026-10-06 21:11:40,221 - 3626405 - ThreadPoolExecutor-1_6 - INFO - Generating episode; experiment_name=runner_046903, task_id=60d0b5b_3
[36m(TaskRunner pid=3596559)[0m PHI: 2026-10-06 21:11:40,221 - 3626405 - ThreadPoolExecutor-1_11 - INFO - Acquired lock for AppWorld at http://localhost:50051
[36m(TaskRunner pid=3596559)[0m PHI: 2026-10-06 21:11:40,224 - 3626404 - ThreadPoolExecutor-1_9 - INFO - Acquired lock for AppWorld at http://localhost:34027
[36m(TaskRunner pid=3596559)[0m PHI: 2026-10-06 21:11:40,222 - 3626405 - ThreadPoolExecutor-1_12 - INFO - Acquired lock for AppWorld at http://localhost:41994
[36m(TaskRunner pid=3596559)[0m PHI: 2026-10-06 21:11:40,222 - 3626405 - ThreadPoolExecutor-1_7 - INFO - Generating episode; experiment_name=runner_033323, task_id=76f2c72_2
[36m(TaskRunner pid=3596559)[0m PHI: 2026-10-06 21:11:40,222 - 3626405 - ThreadPoolExecutor-1_3 - INFO - Initializing AppWorld world with task_id=cf6abd2_1, experiment_name=runner_039559
[36m(TaskRunner pid=3596559)[0m PHI: 2026-10-06 21:11:40,224 - 3626404 - ThreadPoolExecutor-1_10 - INFO - Acquired lock for AppWorld at http://localhost:59631
[36m(TaskRunner pid=3596559)[0m PHI: 2026-10-06 21:11:40,223 - 3626405 - ThreadPoolExecutor-1_13 - INFO - Acquired lock for AppWorld at http://localhost:50215
[36m(TaskRunner pid=3596559)[0m PHI: 2026-10-06 21:11:40,224 - 3626404 - ThreadPoolExecutor-1_6 - INFO - Generating episode; experiment_name=runner_062841, task_id=229360a_1
[36m(TaskRunner pid=3596559)[0m PHI: 2026-10-06 21:11:40,224 - 3626404 - ThreadPoolExecutor-1_11 - INFO - Acquired lock for AppWorld at http://localhost:37759
[36m(TaskRunner pid=3596559)[0m PHI: 2026-10-06 21:11:40,223 - 3626405 - ThreadPoolExecutor-1_14 - INFO - Acquired lock for AppWorld at http://localhost:42008
[36m(TaskRunner pid=3596559)[0m PHI: 2026-10-06 21:11:40,225 - 3626404 - ThreadPoolExecutor-1_7 - INFO - Generating episode; experiment_name=runner_024019, task_id=771d8fc_1
[36m(TaskRunner pid=3596559)[0m PHI: 2026-10-06 21:11:40,223 - 3626405 - ThreadPoolExecutor-1_8 - INFO - Generating episode; experiment_name=runner_040633, task_id=302c169_1
[36m(TaskRunner pid=3596559)[0m PHI: 2026-10-06 21:11:40,225 - 3626404 - ThreadPoolExecutor-1_12 - INFO - Acquired lock for AppWorld at http://localhost:45680
[36m(TaskRunner pid=3596559)[0m PHI: 2026-10-06 21:11:40,224 - 3626405 - ThreadPoolExecutor-1_15 - INFO - Acquired lock for AppWorld at http://localhost:17043
[36m(TaskRunner pid=3596559)[0m PHI: 2026-10-06 21:11:40,225 - 3626404 - ThreadPoolExecutor-1_8 - INFO - Generating episode; experiment_name=runner_036292, task_id=ce359b5_1
[36m(TaskRunner pid=3596559)[0m PHI: 2026-10-06 21:11:40,225 - 3626404 - ThreadPoolExecutor-1_13 - INFO - Acquired lock for AppWorld at http://localhost:36955
[36m(TaskRunner pid=3596559)[0m PHI: 2026-10-06 21:11:40,224 - 3626405 - ThreadPoolExecutor-1_4 - INFO - Initializing AppWorld world with task_id=6ea6792_1, experiment_name=runner_057717
[36m(TaskRunner pid=3596559)[0m PHI: 2026-10-06 21:11:40,226 - 3626404 - ThreadPoolExecutor-1_14 - INFO - Acquired lock for AppWorld at http://localhost:41173
[36m(TaskRunner pid=3596559)[0m PHI: 2026-10-06 21:11:40,224 - 3626405 - ThreadPoolExecutor-1_16 - INFO - Acquired lock for AppWorld at http://localhost:29562
[36m(TaskRunner pid=3596559)[0m PHI: 2026-10-06 21:11:40,227 - 3626404 - ThreadPoolExecutor-1_9 - INFO - Generating episode; experiment_name=runner_034027, task_id=692c77d_2
[36m(TaskRunner pid=3596559)[0m PHI: 2026-10-06 21:11:40,224 - 3626405 - ThreadPoolExecutor-1_9 - INFO - Generating episode; experiment_name=runner_031745, task_id=82e2fac_3
[36m(TaskRunner pid=3596559)[0m PHI: 2026-10-06 21:11:40,227 - 3626404 - ThreadPoolExecutor-1_15 - INFO - Acquired lock for AppWorld at http://localhost:30942
[36m(TaskRunner pid=3596559)[0m PHI: 2026-10-06 21:11:40,227 - 3626404 - ThreadPoolExecutor-1_10 - INFO - Generating episode; experiment_name=runner_059631, task_id=e3d6c94_2
[36m(TaskRunner pid=3596559)[0m PHI: 2026-10-06 21:11:40,224 - 3626405 - ThreadPoolExecutor-1_5 - INFO - Initializing AppWorld world with task_id=229360a_2, experiment_name=runner_028281
[36m(TaskRunner pid=3596559)[0m PHI: 2026-10-06 21:11:40,227 - 3626404 - ThreadPoolExecutor-1_16 - INFO - Acquired lock for AppWorld at http://localhost:45240
[36m(TaskRunner pid=3596559)[0m PHI: 2026-10-06 21:11:40,225 - 3626405 - ThreadPoolExecutor-1_17 - INFO - Acquired lock for AppWorld at http://localhost:53790
[36m(TaskRunner pid=3596559)[0m PHI: 2026-10-06 21:11:40,228 - 3626404 - ThreadPoolExecutor-1_17 - INFO - Acquired lock for AppWorld at http://localhost:45391
[36m(TaskRunner pid=3596559)[0m PHI: 2026-10-06 21:11:40,228 - 3626404 - ThreadPoolExecutor-1_6 - INFO - Initializing AppWorld world with task_id=229360a_1, experiment_name=runner_062841
[36m(TaskRunner pid=3596559)[0m PHI: 2026-10-06 21:11:40,226 - 3626405 - ThreadPoolExecutor-1_10 - INFO - Generating episode; experiment_name=runner_057970, task_id=ccb4494_1
[36m(TaskRunner pid=3596559)[0m PHI: 2026-10-06 21:11:40,228 - 3626404 - ThreadPoolExecutor-1_18 - INFO - Acquired lock for AppWorld at http://localhost:59344
[36m(TaskRunner pid=3596559)[0m PHI: 2026-10-06 21:11:40,226 - 3626405 - ThreadPoolExecutor-1_18 - INFO - Acquired lock for AppWorld at http://localhost:41114
[36m(TaskRunner pid=3596559)[0m PHI: 2026-10-06 21:11:40,226 - 3626405 - ThreadPoolExecutor-1_6 - INFO - Initializing AppWorld world with task_id=60d0b5b_3, experiment_name=runner_046903
[36m(TaskRunner pid=3596559)[0m PHI: 2026-10-06 21:11:40,228 - 3626404 - ThreadPoolExecutor-1_11 - INFO - Generating episode; experiment_name=runner_037759, task_id=287e338_2
[36m(TaskRunner pid=3596559)[0m PHI: 2026-10-06 21:11:40,228 - 3626404 - ThreadPoolExecutor-1_7 - INFO - Initializing AppWorld world with task_id=771d8fc_1, experiment_name=runner_024019
[36m(TaskRunner pid=3596559)[0m PHI: 2026-10-06 21:11:40,226 - 3626405 - ThreadPoolExecutor-1_11 - INFO - Generating episode; experiment_name=runner_050051, task_id=d0b1f43_3
[36m(TaskRunner pid=3596559)[0m PHI: 2026-10-06 21:11:40,229 - 3626404 - ThreadPoolExecutor-1_19 - INFO - Acquired lock for AppWorld at http://localhost:62661
[36m(TaskRunner pid=3596559)[0m PHI: 2026-10-06 21:11:40,226 - 3626405 - ThreadPoolExecutor-1_19 - INFO - Acquired lock for AppWorld at http://localhost:41131
[36m(TaskRunner pid=3596559)[0m PHI: 2026-10-06 21:11:40,227 - 3626405 - ThreadPoolExecutor-1_12 - INFO - Generating episode; experiment_name=runner_041994, task_id=b7a9ee9_1
[36m(TaskRunner pid=3596559)[0m PHI: 2026-10-06 21:11:40,229 - 3626404 - ThreadPoolExecutor-1_12 - INFO - Generating episode; experiment_name=runner_045680, task_id=60d0b5b_3
[36m(TaskRunner pid=3596559)[0m PHI: 2026-10-06 21:11:40,227 - 3626405 - ThreadPoolExecutor-1_7 - INFO - Initializing AppWorld world with task_id=76f2c72_2, experiment_name=runner_033323
[36m(TaskRunner pid=3596559)[0m PHI: 2026-10-06 21:11:40,229 - 3626404 - ThreadPoolExecutor-1_20 - INFO - Acquired lock for AppWorld at http://localhost:60262
[36m(TaskRunner pid=3596559)[0m PHI: 2026-10-06 21:11:40,229 - 3626404 - ThreadPoolExecutor-1_8 - INFO - Initializing AppWorld world with task_id=ce359b5_1, experiment_name=runner_036292
[36m(TaskRunner pid=3596559)[0m PHI: 2026-10-06 21:11:40,229 - 3626404 - ThreadPoolExecutor-1_21 - INFO - Acquired lock for AppWorld at http://localhost:45370
[36m(TaskRunner pid=3596559)[0m PHI: 2026-10-06 21:11:40,229 - 3626404 - ThreadPoolExecutor-1_13 - INFO - Generating episode; experiment_name=runner_036955, task_id=cf6abd2_1
[36m(TaskRunner pid=3596559)[0m PHI: 2026-10-06 21:11:40,227 - 3626405 - ThreadPoolExecutor-1_20 - INFO - Acquired lock for AppWorld at http://localhost:27723
[36m(TaskRunner pid=3596559)[0m PHI: 2026-10-06 21:11:40,230 - 3626404 - ThreadPoolExecutor-1_22 - INFO - Acquired lock for AppWorld at http://localhost:16088
[36m(TaskRunner pid=3596559)[0m PHI: 2026-10-06 21:11:40,228 - 3626405 - ThreadPoolExecutor-1_13 - INFO - Generating episode; experiment_name=runner_050215, task_id=e85d92a_3
[36m(TaskRunner pid=3596559)[0m PHI: 2026-10-06 21:11:40,230 - 3626404 - ThreadPoolExecutor-1_14 - INFO - Generating episode; experiment_name=runner_041173, task_id=ccb4494_1
[36m(TaskRunner pid=3596559)[0m PHI: 2026-10-06 21:11:40,228 - 3626405 - ThreadPoolExecutor-1_14 - INFO - Generating episode; experiment_name=runner_042008, task_id=60d0b5b_2
[36m(TaskRunner pid=3596559)[0m PHI: 2026-10-06 21:11:40,230 - 3626404 - ThreadPoolExecutor-1_23 - INFO - Acquired lock for AppWorld at http://localhost:29866
[36m(TaskRunner pid=3596559)[0m PHI: 2026-10-06 21:11:40,228 - 3626405 - ThreadPoolExecutor-1_21 - INFO - Acquired lock for AppWorld at http://localhost:31998
[36m(TaskRunner pid=3596559)[0m PHI: 2026-10-06 21:11:40,231 - 3626404 - ThreadPoolExecutor-1_9 - INFO - Initializing AppWorld world with task_id=692c77d_2, experiment_name=runner_034027
[36m(TaskRunner pid=3596559)[0m PHI: 2026-10-06 21:11:40,229 - 3626405 - ThreadPoolExecutor-1_8 - INFO - Initializing AppWorld world with task_id=302c169_1, experiment_name=runner_040633
[36m(TaskRunner pid=3596559)[0m PHI: 2026-10-06 21:11:40,231 - 3626404 - ThreadPoolExecutor-1_24 - INFO - Acquired lock for AppWorld at http://localhost:49352
[36m(TaskRunner pid=3596559)[0m PHI: 2026-10-06 21:11:40,229 - 3626405 - ThreadPoolExecutor-1_22 - INFO - Acquired lock for AppWorld at http://localhost:43985
[36m(TaskRunner pid=3596559)[0m PHI: 2026-10-06 21:11:40,231 - 3626404 - ThreadPoolExecutor-1_15 - INFO - Generating episode; experiment_name=runner_030942, task_id=229360a_2
[36m(TaskRunner pid=3596559)[0m PHI: 2026-10-06 21:11:40,231 - 3626404 - ThreadPoolExecutor-1_25 - INFO - Acquired lock for AppWorld at http://localhost:17479
[36m(TaskRunner pid=3596559)[0m PHI: 2026-10-06 21:11:40,229 - 3626405 - ThreadPoolExecutor-1_15 - INFO - Generating episode; experiment_name=runner_017043, task_id=302c169_3
[36m(TaskRunner pid=3596559)[0m PHI: 2026-10-06 21:11:40,231 - 3626404 - ThreadPoolExecutor-1_10 - INFO - Initializing AppWorld world with task_id=e3d6c94_2, experiment_name=runner_059631
[36m(TaskRunner pid=3596559)[0m PHI: 2026-10-06 21:11:40,229 - 3626405 - ThreadPoolExecutor-1_23 - INFO - Acquired lock for AppWorld at http://localhost:16801
[36m(TaskRunner pid=3596559)[0m PHI: 2026-10-06 21:11:40,230 - 3626405 - ThreadPoolExecutor-1_24 - INFO - Acquired lock for AppWorld at http://localhost:59569
[36m(TaskRunner pid=3596559)[0m PHI: 2026-10-06 21:11:40,231 - 3626405 - ThreadPoolExecutor-1_16 - INFO - Generating episode; experiment_name=runner_029562, task_id=d0b1f43_1
[36m(TaskRunner pid=3596559)[0m PHI: 2026-10-06 21:11:40,231 - 3626405 - ThreadPoolExecutor-1_25 - INFO - Acquired lock for AppWorld at http://localhost:27674
[36m(TaskRunner pid=3596559)[0m PHI: 2026-10-06 21:11:40,231 - 3626404 - ThreadPoolExecutor-1_26 - INFO - Acquired lock for AppWorld at http://localhost:54254
[36m(TaskRunner pid=3596559)[0m PHI: 2026-10-06 21:11:40,231 - 3626405 - ThreadPoolExecutor-1_9 - INFO - Initializing AppWorld world with task_id=82e2fac_3, experiment_name=runner_031745
[36m(TaskRunner pid=3596559)[0m PHI: 2026-10-06 21:11:40,232 - 3626404 - ThreadPoolExecutor-1_16 - INFO - Generating episode; experiment_name=runner_045240, task_id=7d7fbf6_2
[36m(TaskRunner pid=3596559)[0m PHI: 2026-10-06 21:11:40,232 - 3626404 - ThreadPoolExecutor-1_27 - INFO - Acquired lock for AppWorld at http://localhost:45299
[36m(TaskRunner pid=3596559)[0m PHI: 2026-10-06 21:11:40,232 - 3626404 - ThreadPoolExecutor-1_17 - INFO - Generating episode; experiment_name=runner_045391, task_id=82e2fac_1
[36m(TaskRunner pid=3596559)[0m PHI: 2026-10-06 21:11:40,231 - 3626405 - ThreadPoolExecutor-1_26 - INFO - Acquired lock for AppWorld at http://localhost:56871
[36m(TaskRunner pid=3596559)[0m PHI: 2026-10-06 21:11:40,233 - 3626405 - ThreadPoolExecutor-1_27 - INFO - Acquired lock for AppWorld at http://localhost:40034
[36m(TaskRunner pid=3596559)[0m PHI: 2026-10-06 21:11:40,232 - 3626404 - ThreadPoolExecutor-1_28 - INFO - Acquired lock for AppWorld at http://localhost:58648
[36m(TaskRunner pid=3596559)[0m PHI: 2026-10-06 21:11:40,233 - 3626405 - ThreadPoolExecutor-1_17 - INFO - Generating episode; experiment_name=runner_053790, task_id=771d8fc_2
[36m(TaskRunner pid=3596559)[0m PHI: 2026-10-06 21:11:40,233 - 3626404 - ThreadPoolExecutor-1_29 - INFO - Acquired lock for AppWorld at http://localhost:63369
[36m(TaskRunner pid=3596559)[0m PHI: 2026-10-06 21:11:40,233 - 3626404 - ThreadPoolExecutor-1_18 - INFO - Generating episode; experiment_name=runner_059344, task_id=e7a10f8_2
[36m(TaskRunner pid=3596559)[0m PHI: 2026-10-06 21:11:40,233 - 3626405 - ThreadPoolExecutor-1_10 - INFO - Initializing AppWorld world with task_id=ccb4494_1, experiment_name=runner_057970
[36m(TaskRunner pid=3596559)[0m PHI: 2026-10-06 21:11:40,234 - 3626404 - ThreadPoolExecutor-1_11 - INFO - Initializing AppWorld world with task_id=287e338_2, experiment_name=runner_037759
[36m(TaskRunner pid=3596559)[0m PHI: 2026-10-06 21:11:40,233 - 3626405 - ThreadPoolExecutor-1_28 - INFO - Acquired lock for AppWorld at http://localhost:34333
[36m(TaskRunner pid=3596559)[0m PHI: 2026-10-06 21:11:40,234 - 3626404 - ThreadPoolExecutor-1_30 - INFO - Acquired lock for AppWorld at http://localhost:33102
[36m(TaskRunner pid=3596559)[0m PHI: 2026-10-06 21:11:40,233 - 3626405 - ThreadPoolExecutor-1_18 - INFO - Generating episode; experiment_name=runner_041114, task_id=2a163ab_3
[36m(TaskRunner pid=3596559)[0m PHI: 2026-10-06 21:11:40,234 - 3626404 - ThreadPoolExecutor-1_31 - INFO - Acquired lock for AppWorld at http://localhost:27917
[36m(TaskRunner pid=3596559)[0m PHI: 2026-10-06 21:11:40,233 - 3626405 - ThreadPoolExecutor-1_29 - INFO - Acquired lock for AppWorld at http://localhost:50073
[36m(TaskRunner pid=3596559)[0m PHI: 2026-10-06 21:11:40,235 - 3626404 - ThreadPoolExecutor-1_19 - INFO - Generating episode; experiment_name=runner_062661, task_id=e85d92a_2
[36m(TaskRunner pid=3596559)[0m PHI: 2026-10-06 21:11:40,234 - 3626405 - ThreadPoolExecutor-1_30 - INFO - Acquired lock for AppWorld at http://localhost:57350
[36m(TaskRunner pid=3596559)[0m PHI: 2026-10-06 21:11:40,235 - 3626404 - ThreadPoolExecutor-1_12 - INFO - Initializing AppWorld world with task_id=60d0b5b_3, experiment_name=runner_045680
[36m(TaskRunner pid=3596559)[0m PHI: 2026-10-06 21:11:40,235 - 3626405 - ThreadPoolExecutor-1_11 - INFO - Initializing AppWorld world with task_id=d0b1f43_3, experiment_name=runner_050051
[36m(TaskRunner pid=3596559)[0m PHI: 2026-10-06 21:11:40,235 - 3626404 - ThreadPoolExecutor-1_20 - INFO - Generating episode; experiment_name=runner_060262, task_id=c901732_1
[36m(TaskRunner pid=3596559)[0m PHI: 2026-10-06 21:11:40,236 - 3626404 - ThreadPoolExecutor-1_21 - INFO - Generating episode; experiment_name=runner_045370, task_id=aa8502b_1
[36m(TaskRunner pid=3596559)[0m PHI: 2026-10-06 21:11:40,235 - 3626405 - ThreadPoolExecutor-1_31 - INFO - Acquired lock for AppWorld at http://localhost:31520
[36m(TaskRunner pid=3596559)[0m PHI: 2026-10-06 21:11:40,235 - 3626405 - ThreadPoolExecutor-1_19 - INFO - Generating episode; experiment_name=runner_041131, task_id=c901732_2
[36m(TaskRunner pid=3596559)[0m PHI: 2026-10-06 21:11:40,236 - 3626404 - ThreadPoolExecutor-1_13 - INFO - Initializing AppWorld world with task_id=cf6abd2_1, experiment_name=runner_036955
[36m(TaskRunner pid=3596559)[0m PHI: 2026-10-06 21:11:40,235 - 3626405 - ThreadPoolExecutor-1_12 - INFO - Initializing AppWorld world with task_id=b7a9ee9_1, experiment_name=runner_041994
[36m(TaskRunner pid=3596559)[0m PHI: 2026-10-06 21:11:40,237 - 3626404 - ThreadPoolExecutor-1_22 - INFO - Generating episode; experiment_name=runner_016088, task_id=aa8502b_2
[36m(TaskRunner pid=3596559)[0m PHI: 2026-10-06 21:11:40,237 - 3626405 - ThreadPoolExecutor-1_20 - INFO - Generating episode; experiment_name=runner_027723, task_id=27e1026_1
[36m(TaskRunner pid=3596559)[0m PHI: 2026-10-06 21:11:40,237 - 3626404 - ThreadPoolExecutor-1_14 - INFO - Initializing AppWorld world with task_id=ccb4494_1, experiment_name=runner_041173
[36m(TaskRunner pid=3596559)[0m PHI: 2026-10-06 21:11:40,237 - 3626405 - ThreadPoolExecutor-1_13 - INFO - Initializing AppWorld world with task_id=e85d92a_3, experiment_name=runner_050215
[36m(TaskRunner pid=3596559)[0m PHI: 2026-10-06 21:11:40,237 - 3626404 - ThreadPoolExecutor-1_23 - INFO - Generating episode; experiment_name=runner_029866, task_id=e3d6c94_1
[36m(TaskRunner pid=3596559)[0m PHI: 2026-10-06 21:11:40,237 - 3626405 - ThreadPoolExecutor-1_14 - INFO - Initializing AppWorld world with task_id=60d0b5b_2, experiment_name=runner_042008
[36m(TaskRunner pid=3596559)[0m PHI: 2026-10-06 21:11:40,238 - 3626404 - ThreadPoolExecutor-1_24 - INFO - Generating episode; experiment_name=runner_049352, task_id=27e1026_1
[36m(TaskRunner pid=3596559)[0m PHI: 2026-10-06 21:11:40,238 - 3626404 - ThreadPoolExecutor-1_15 - INFO - Initializing AppWorld world with task_id=229360a_2, experiment_name=runner_030942
[36m(TaskRunner pid=3596559)[0m PHI: 2026-10-06 21:11:40,238 - 3626404 - ThreadPoolExecutor-1_25 - INFO - Generating episode; experiment_name=runner_017479, task_id=302c169_2
[36m(TaskRunner pid=3596559)[0m PHI: 2026-10-06 21:11:40,237 - 3626405 - ThreadPoolExecutor-1_21 - INFO - Generating episode; experiment_name=runner_031998, task_id=ccb4494_2
[36m(TaskRunner pid=3596559)[0m PHI: 2026-10-06 21:11:40,238 - 3626405 - ThreadPoolExecutor-1_22 - INFO - Generating episode; experiment_name=runner_043985, task_id=7d7fbf6_3
[36m(TaskRunner pid=3596559)[0m PHI: 2026-10-06 21:11:40,239 - 3626404 - ThreadPoolExecutor-1_26 - INFO - Generating episode; experiment_name=runner_054254, task_id=229360a_1
[36m(TaskRunner pid=3596559)[0m PHI: 2026-10-06 21:11:40,238 - 3626405 - ThreadPoolExecutor-1_15 - INFO - Initializing AppWorld world with task_id=302c169_3, experiment_name=runner_017043
[36m(TaskRunner pid=3596559)[0m PHI: 2026-10-06 21:11:40,239 - 3626404 - ThreadPoolExecutor-1_16 - INFO - Initializing AppWorld world with task_id=7d7fbf6_2, experiment_name=runner_045240
[36m(TaskRunner pid=3596559)[0m PHI: 2026-10-06 21:11:40,238 - 3626405 - ThreadPoolExecutor-1_23 - INFO - Generating episode; experiment_name=runner_016801, task_id=cf6abd2_1
[36m(TaskRunner pid=3596559)[0m PHI: 2026-10-06 21:11:40,239 - 3626404 - ThreadPoolExecutor-1_27 - INFO - Generating episode; experiment_name=runner_045299, task_id=771d8fc_1
[36m(TaskRunner pid=3596559)[0m PHI: 2026-10-06 21:11:40,239 - 3626404 - ThreadPoolExecutor-1_17 - INFO - Initializing AppWorld world with task_id=82e2fac_1, experiment_name=runner_045391
[36m(TaskRunner pid=3596559)[0m PHI: 2026-10-06 21:11:40,238 - 3626405 - ThreadPoolExecutor-1_24 - INFO - Generating episode; experiment_name=runner_059569, task_id=6ea6792_1
[36m(TaskRunner pid=3596559)[0m PHI: 2026-10-06 21:11:40,239 - 3626405 - ThreadPoolExecutor-1_16 - INFO - Initializing AppWorld world with task_id=d0b1f43_1, experiment_name=runner_029562
[36m(TaskRunner pid=3596559)[0m PHI: 2026-10-06 21:11:40,240 - 3626404 - ThreadPoolExecutor-1_28 - INFO - Generating episode; experiment_name=runner_058648, task_id=ce359b5_1
[36m(TaskRunner pid=3596559)[0m PHI: 2026-10-06 21:11:40,240 - 3626404 - ThreadPoolExecutor-1_29 - INFO - Generating episode; experiment_name=runner_063369, task_id=692c77d_2
[36m(TaskRunner pid=3596559)[0m PHI: 2026-10-06 21:11:40,239 - 3626405 - ThreadPoolExecutor-1_25 - INFO - Generating episode; experiment_name=runner_027674, task_id=229360a_2
[36m(TaskRunner pid=3596559)[0m PHI: 2026-10-06 21:11:40,240 - 3626404 - ThreadPoolExecutor-1_18 - INFO - Initializing AppWorld world with task_id=e7a10f8_2, experiment_name=runner_059344
[36m(TaskRunner pid=3596559)[0m PHI: 2026-10-06 21:11:40,241 - 3626404 - ThreadPoolExecutor-1_30 - INFO - Generating episode; experiment_name=runner_033102, task_id=e3d6c94_2
[36m(TaskRunner pid=3596559)[0m PHI: 2026-10-06 21:11:40,239 - 3626405 - ThreadPoolExecutor-1_26 - INFO - Generating episode; experiment_name=runner_056871, task_id=60d0b5b_3
[36m(TaskRunner pid=3596559)[0m PHI: 2026-10-06 21:11:40,240 - 3626405 - ThreadPoolExecutor-1_27 - INFO - Generating episode; experiment_name=runner_040034, task_id=76f2c72_2
[36m(TaskRunner pid=3596559)[0m PHI: 2026-10-06 21:11:40,240 - 3626405 - ThreadPoolExecutor-1_17 - INFO - Initializing AppWorld world with task_id=771d8fc_2, experiment_name=runner_053790
[36m(TaskRunner pid=3596559)[0m PHI: 2026-10-06 21:11:40,241 - 3626405 - ThreadPoolExecutor-1_28 - INFO - Generating episode; experiment_name=runner_034333, task_id=302c169_1
[36m(TaskRunner pid=3596559)[0m PHI: 2026-10-06 21:11:40,241 - 3626404 - ThreadPoolExecutor-1_31 - INFO - Generating episode; experiment_name=runner_027917, task_id=287e338_2
[36m(TaskRunner pid=3596559)[0m PHI: 2026-10-06 21:11:40,241 - 3626404 - ThreadPoolExecutor-1_19 - INFO - Initializing AppWorld world with task_id=e85d92a_2, experiment_name=runner_062661
[36m(TaskRunner pid=3596559)[0m PHI: 2026-10-06 21:11:40,241 - 3626405 - ThreadPoolExecutor-1_18 - INFO - Initializing AppWorld world with task_id=2a163ab_3, experiment_name=runner_041114
[36m(TaskRunner pid=3596559)[0m PHI: 2026-10-06 21:11:40,242 - 3626404 - ThreadPoolExecutor-1_20 - INFO - Initializing AppWorld world with task_id=c901732_1, experiment_name=runner_060262
[36m(TaskRunner pid=3596559)[0m PHI: 2026-10-06 21:11:40,241 - 3626405 - ThreadPoolExecutor-1_29 - INFO - Generating episode; experiment_name=runner_050073, task_id=82e2fac_3
[36m(TaskRunner pid=3596559)[0m PHI: 2026-10-06 21:11:40,241 - 3626405 - ThreadPoolExecutor-1_30 - INFO - Generating episode; experiment_name=runner_057350, task_id=ccb4494_1
[36m(TaskRunner pid=3596559)[0m PHI: 2026-10-06 21:11:40,242 - 3626405 - ThreadPoolExecutor-1_31 - INFO - Generating episode; experiment_name=runner_031520, task_id=d0b1f43_3
[36m(TaskRunner pid=3596559)[0m PHI: 2026-10-06 21:11:40,242 - 3626405 - ThreadPoolExecutor-1_19 - INFO - Initializing AppWorld world with task_id=c901732_2, experiment_name=runner_041131
[36m(TaskRunner pid=3596559)[0m PHI: 2026-10-06 21:11:40,242 - 3626404 - ThreadPoolExecutor-1_21 - INFO - Initializing AppWorld world with task_id=aa8502b_1, experiment_name=runner_045370
[36m(TaskRunner pid=3596559)[0m PHI: 2026-10-06 21:11:40,243 - 3626405 - ThreadPoolExecutor-1_20 - INFO - Initializing AppWorld world with task_id=27e1026_1, experiment_name=runner_027723
[36m(TaskRunner pid=3596559)[0m PHI: 2026-10-06 21:11:40,242 - 3626404 - ThreadPoolExecutor-1_22 - INFO - Initializing AppWorld world with task_id=aa8502b_2, experiment_name=runner_016088
[36m(TaskRunner pid=3596559)[0m PHI: 2026-10-06 21:11:40,244 - 3626404 - ThreadPoolExecutor-1_23 - INFO - Initializing AppWorld world with task_id=e3d6c94_1, experiment_name=runner_029866
[36m(TaskRunner pid=3596559)[0m PHI: 2026-10-06 21:11:40,245 - 3626405 - ThreadPoolExecutor-1_21 - INFO - Initializing AppWorld world with task_id=ccb4494_2, experiment_name=runner_031998
[36m(TaskRunner pid=3596559)[0m PHI: 2026-10-06 21:11:40,245 - 3626405 - ThreadPoolExecutor-1_22 - INFO - Initializing AppWorld world with task_id=7d7fbf6_3, experiment_name=runner_043985
[36m(TaskRunner pid=3596559)[0m PHI: 2026-10-06 21:11:40,244 - 3626404 - ThreadPoolExecutor-1_24 - INFO - Initializing AppWorld world with task_id=27e1026_1, experiment_name=runner_049352
[36m(TaskRunner pid=3596559)[0m PHI: 2026-10-06 21:11:40,246 - 3626405 - ThreadPoolExecutor-1_23 - INFO - Initializing AppWorld world with task_id=cf6abd2_1, experiment_name=runner_016801
[36m(TaskRunner pid=3596559)[0m PHI: 2026-10-06 21:11:40,246 - 3626405 - ThreadPoolExecutor-1_24 - INFO - Initializing AppWorld world with task_id=6ea6792_1, experiment_name=runner_059569
[36m(TaskRunner pid=3596559)[0m PHI: 2026-10-06 21:11:40,245 - 3626404 - ThreadPoolExecutor-1_25 - INFO - Initializing AppWorld world with task_id=302c169_2, experiment_name=runner_017479
[36m(TaskRunner pid=3596559)[0m PHI: 2026-10-06 21:11:40,247 - 3626405 - ThreadPoolExecutor-1_25 - INFO - Initializing AppWorld world with task_id=229360a_2, experiment_name=runner_027674
[36m(TaskRunner pid=3596559)[0m PHI: 2026-10-06 21:11:40,245 - 3626404 - ThreadPoolExecutor-1_26 - INFO - Initializing AppWorld world with task_id=229360a_1, experiment_name=runner_054254
[36m(TaskRunner pid=3596559)[0m PHI: 2026-10-06 21:11:40,247 - 3626405 - ThreadPoolExecutor-1_26 - INFO - Initializing AppWorld world with task_id=60d0b5b_3, experiment_name=runner_056871
[36m(TaskRunner pid=3596559)[0m PHI: 2026-10-06 21:11:40,246 - 3626404 - ThreadPoolExecutor-1_27 - INFO - Initializing AppWorld world with task_id=771d8fc_1, experiment_name=runner_045299
[36m(TaskRunner pid=3596559)[0m PHI: 2026-10-06 21:11:40,247 - 3626404 - ThreadPoolExecutor-1_28 - INFO - Initializing AppWorld world with task_id=ce359b5_1, experiment_name=runner_058648
[36m(TaskRunner pid=3596559)[0m PHI: 2026-10-06 21:11:40,248 - 3626405 - ThreadPoolExecutor-1_27 - INFO - Initializing AppWorld world with task_id=76f2c72_2, experiment_name=runner_040034
[36m(TaskRunner pid=3596559)[0m PHI: 2026-10-06 21:11:40,247 - 3626404 - ThreadPoolExecutor-1_29 - INFO - Initializing AppWorld world with task_id=692c77d_2, experiment_name=runner_063369
[36m(TaskRunner pid=3596559)[0m PHI: 2026-10-06 21:11:40,248 - 3626405 - ThreadPoolExecutor-1_28 - INFO - Initializing AppWorld world with task_id=302c169_1, experiment_name=runner_034333
[36m(TaskRunner pid=3596559)[0m PHI: 2026-10-06 21:11:40,249 - 3626405 - ThreadPoolExecutor-1_29 - INFO - Initializing AppWorld world with task_id=82e2fac_3, experiment_name=runner_050073
[36m(TaskRunner pid=3596559)[0m PHI: 2026-10-06 21:11:40,250 - 3626405 - ThreadPoolExecutor-1_30 - INFO - Initializing AppWorld world with task_id=ccb4494_1, experiment_name=runner_057350
[36m(TaskRunner pid=3596559)[0m PHI: 2026-10-06 21:11:40,248 - 3626404 - ThreadPoolExecutor-1_30 - INFO - Initializing AppWorld world with task_id=e3d6c94_2, experiment_name=runner_033102
[36m(TaskRunner pid=3596559)[0m PHI: 2026-10-06 21:11:40,250 - 3626405 - ThreadPoolExecutor-1_31 - INFO - Initializing AppWorld world with task_id=d0b1f43_3, experiment_name=runner_031520
[36m(TaskRunner pid=3596559)[0m PHI: 2026-10-06 21:11:40,248 - 3626404 - ThreadPoolExecutor-1_31 - INFO - Initializing AppWorld world with task_id=287e338_2, experiment_name=runner_027917
[36m(TaskRunner pid=3596559)[0m PHI: 2026-10-06 21:11:50,279 - 3626404 - ThreadPoolExecutor-1_12 - INFO - -------------------------- 60d0b5b_3 ------------------------------
[36m(TaskRunner pid=3596559)[0m PHI: 2026-10-06 21:11:51,072 - 3626404 - ThreadPoolExecutor-1_9 - INFO - -------------------------- 692c77d_2 ------------------------------
[36m(TaskRunner pid=3596559)[0m PHI: 2026-10-06 21:11:51,079 - 3626404 - ThreadPoolExecutor-1_15 - INFO - -------------------------- 229360a_2 ------------------------------
[36m(TaskRunner pid=3596559)[0m PHI: 2026-10-06 21:11:51,420 - 3626405 - ThreadPoolExecutor-1_4 - INFO - -------------------------- 6ea6792_1 ------------------------------
[36m(TaskRunner pid=3596559)[0m PHI: 2026-10-06 21:11:51,451 - 3626404 - ThreadPoolExecutor-1_3 - INFO - -------------------------- e3d6c94_1 ------------------------------
[36m(TaskRunner pid=3596559)[0m PHI: 2026-10-06 21:11:51,628 - 3626405 - ThreadPoolExecutor-1_27 - INFO - -------------------------- 76f2c72_2 ------------------------------
[36m(TaskRunner pid=3596559)[0m PHI: 2026-10-06 21:11:52,581 - 3626405 - ThreadPoolExecutor-1_26 - INFO - -------------------------- 60d0b5b_3 ------------------------------
[36m(TaskRunner pid=3596559)[0m PHI: 2026-10-06 21:11:52,822 - 3626405 - ThreadPoolExecutor-1_25 - INFO - -------------------------- 229360a_2 ------------------------------
[36m(TaskRunner pid=3596559)[0m PHI: 2026-10-06 21:11:52,855 - 3626404 - ThreadPoolExecutor-1_22 - INFO - -------------------------- aa8502b_2 ------------------------------
[36m(TaskRunner pid=3596559)[0m PHI: 2026-10-06 21:11:53,219 - 3626405 - ThreadPoolExecutor-1_24 - INFO - -------------------------- 6ea6792_1 ------------------------------
[36m(TaskRunner pid=3596559)[0m PHI: 2026-10-06 21:11:53,227 - 3626405 - ThreadPoolExecutor-1_30 - INFO - -------------------------- ccb4494_1 ------------------------------
[36m(TaskRunner pid=3596559)[0m PHI: 2026-10-06 21:11:53,237 - 3626404 - ThreadPoolExecutor-1_1 - INFO - -------------------------- aa8502b_1 ------------------------------
[36m(TaskRunner pid=3596559)[0m PHI: 2026-10-06 21:11:53,426 - 3626405 - ThreadPoolExecutor-1_16 - INFO - -------------------------- d0b1f43_1 ------------------------------
[36m(TaskRunner pid=3596559)[0m PHI: 2026-10-06 21:11:53,502 - 3626405 - ThreadPoolExecutor-1_10 - INFO - -------------------------- ccb4494_1 ------------------------------
[36m(TaskRunner pid=3596559)[0m PHI: 2026-10-06 21:11:53,566 - 3626404 - ThreadPoolExecutor-1_0 - INFO - -------------------------- c901732_1 ------------------------------
[36m(TaskRunner pid=3596559)[0m PHI: 2026-10-06 21:11:53,574 - 3626405 - ThreadPoolExecutor-1_1 - INFO - -------------------------- ccb4494_2 ------------------------------
[36m(TaskRunner pid=3596559)[0m PHI: 2026-10-06 21:11:53,591 - 3626404 - ThreadPoolExecutor-1_17 - INFO - -------------------------- 82e2fac_1 ------------------------------
[36m(TaskRunner pid=3596559)[0m PHI: 2026-10-06 21:11:53,593 - 3626405 - ThreadPoolExecutor-1_17 - INFO - -------------------------- 771d8fc_2 ------------------------------
[36m(TaskRunner pid=3596559)[0m PHI: 2026-10-06 21:11:53,593 - 3626404 - ThreadPoolExecutor-1_2 - INFO - -------------------------- aa8502b_2 ------------------------------
[36m(TaskRunner pid=3596559)[0m PHI: 2026-10-06 21:11:53,601 - 3626404 - ThreadPoolExecutor-1_8 - INFO - -------------------------- ce359b5_1 ------------------------------
[36m(TaskRunner pid=3596559)[0m PHI: 2026-10-06 21:11:53,603 - 3626404 - ThreadPoolExecutor-1_21 - INFO - -------------------------- aa8502b_1 ------------------------------
[36m(TaskRunner pid=3596559)[0m PHI: 2026-10-06 21:11:53,615 - 3626405 - ThreadPoolExecutor-1_22 - INFO - -------------------------- 7d7fbf6_3 ------------------------------
[36m(TaskRunner pid=3596559)[0m PHI: 2026-10-06 21:11:53,671 - 3626404 - ThreadPoolExecutor-1_30 - INFO - -------------------------- e3d6c94_2 ------------------------------
[36m(TaskRunner pid=3596559)[0m PHI: 2026-10-06 21:11:53,677 - 3626405 - ThreadPoolExecutor-1_8 - INFO - -------------------------- 302c169_1 ------------------------------
[36m(TaskRunner pid=3596559)[0m PHI: 2026-10-06 21:11:53,687 - 3626404 - ThreadPoolExecutor-1_6 - INFO - -------------------------- 229360a_1 ------------------------------
[36m(TaskRunner pid=3596559)[0m PHI: 2026-10-06 21:11:53,701 - 3626405 - ThreadPoolExecutor-1_2 - INFO - -------------------------- 7d7fbf6_3 ------------------------------
[36m(TaskRunner pid=3596559)[0m PHI: 2026-10-06 21:11:53,694 - 3626404 - ThreadPoolExecutor-1_10 - INFO - -------------------------- e3d6c94_2 ------------------------------
[36m(TaskRunner pid=3596559)[0m PHI: 2026-10-06 21:11:53,695 - 3626404 - ThreadPoolExecutor-1_29 - INFO - -------------------------- 692c77d_2 ------------------------------
[36m(TaskRunner pid=3596559)[0m PHI: 2026-10-06 21:11:53,704 - 3626405 - ThreadPoolExecutor-1_9 - INFO - -------------------------- 82e2fac_3 ------------------------------
[36m(TaskRunner pid=3596559)[0m PHI: 2026-10-06 21:11:53,708 - 3626404 - ThreadPoolExecutor-1_14 - INFO - -------------------------- ccb4494_1 ------------------------------
[36m(TaskRunner pid=3596559)[0m PHI: 2026-10-06 21:11:53,744 - 3626405 - ThreadPoolExecutor-1_23 - INFO - -------------------------- cf6abd2_1 ------------------------------
[36m(TaskRunner pid=3596559)[0m PHI: 2026-10-06 21:11:53,721 - 3626404 - ThreadPoolExecutor-1_24 - INFO - -------------------------- 27e1026_1 ------------------------------
[36m(TaskRunner pid=3596559)[0m PHI: 2026-10-06 21:11:53,723 - 3626404 - ThreadPoolExecutor-1_18 - INFO - -------------------------- e7a10f8_2 ------------------------------
[36m(TaskRunner pid=3596559)[0m PHI: 2026-10-06 21:11:53,745 - 3626405 - ThreadPoolExecutor-1_15 - INFO - -------------------------- 302c169_3 ------------------------------
[36m(TaskRunner pid=3596559)[0m PHI: 2026-10-06 21:11:53,735 - 3626404 - ThreadPoolExecutor-1_20 - INFO - -------------------------- c901732_1 ------------------------------
[36m(TaskRunner pid=3596559)[0m PHI: 2026-10-06 21:11:53,754 - 3626405 - ThreadPoolExecutor-1_6 - INFO - -------------------------- 60d0b5b_3 ------------------------------
[36m(TaskRunner pid=3596559)[0m PHI: 2026-10-06 21:11:53,753 - 3626404 - ThreadPoolExecutor-1_26 - INFO - -------------------------- 229360a_1 ------------------------------
[36m(TaskRunner pid=3596559)[0m PHI: 2026-10-06 21:11:53,772 - 3626405 - ThreadPoolExecutor-1_11 - INFO - -------------------------- d0b1f43_3 ------------------------------
[36m(TaskRunner pid=3596559)[0m PHI: 2026-10-06 21:11:53,765 - 3626404 - ThreadPoolExecutor-1_11 - INFO - -------------------------- 287e338_2 ------------------------------
[36m(TaskRunner pid=3596559)[0m PHI: 2026-10-06 21:11:53,779 - 3626405 - ThreadPoolExecutor-1_29 - INFO - -------------------------- 82e2fac_3 ------------------------------
[36m(TaskRunner pid=3596559)[0m PHI: 2026-10-06 21:11:53,789 - 3626404 - ThreadPoolExecutor-1_19 - INFO - -------------------------- e85d92a_2 ------------------------------
[36m(TaskRunner pid=3596559)[0m PHI: 2026-10-06 21:11:53,786 - 3626405 - ThreadPoolExecutor-1_21 - INFO - -------------------------- ccb4494_2 ------------------------------
[36m(TaskRunner pid=3596559)[0m PHI: 2026-10-06 21:11:53,791 - 3626404 - ThreadPoolExecutor-1_28 - INFO - -------------------------- ce359b5_1 ------------------------------
[36m(TaskRunner pid=3596559)[0m PHI: 2026-10-06 21:11:53,788 - 3626405 - ThreadPoolExecutor-1_31 - INFO - -------------------------- d0b1f43_3 ------------------------------
[36m(TaskRunner pid=3596559)[0m PHI: 2026-10-06 21:11:53,794 - 3626405 - ThreadPoolExecutor-1_5 - INFO - -------------------------- 229360a_2 ------------------------------
[36m(TaskRunner pid=3596559)[0m PHI: 2026-10-06 21:11:53,792 - 3626404 - ThreadPoolExecutor-1_13 - INFO - -------------------------- cf6abd2_1 ------------------------------
[36m(TaskRunner pid=3596559)[0m PHI: 2026-10-06 21:11:53,794 - 3626405 - ThreadPoolExecutor-1_0 - INFO - -------------------------- 27e1026_1 ------------------------------
[36m(TaskRunner pid=3596559)[0m PHI: 2026-10-06 21:11:53,794 - 3626404 - ThreadPoolExecutor-1_25 - INFO - -------------------------- 302c169_2 ------------------------------
[36m(TaskRunner pid=3596559)[0m PHI: 2026-10-06 21:11:53,796 - 3626405 - ThreadPoolExecutor-1_7 - INFO - -------------------------- 76f2c72_2 ------------------------------
[36m(TaskRunner pid=3596559)[0m PHI: 2026-10-06 21:11:53,801 - 3626404 - ThreadPoolExecutor-1_7 - INFO - -------------------------- 771d8fc_1 ------------------------------
[36m(TaskRunner pid=3596559)[0m PHI: 2026-10-06 21:11:53,797 - 3626405 - ThreadPoolExecutor-1_20 - INFO - -------------------------- 27e1026_1 ------------------------------
[36m(TaskRunner pid=3596559)[0m PHI: 2026-10-06 21:11:53,803 - 3626404 - ThreadPoolExecutor-1_27 - INFO - -------------------------- 771d8fc_1 ------------------------------
[36m(TaskRunner pid=3596559)[0m PHI: 2026-10-06 21:11:53,805 - 3626405 - ThreadPoolExecutor-1_28 - INFO - -------------------------- 302c169_1 ------------------------------
[36m(TaskRunner pid=3596559)[0m PHI: 2026-10-06 21:11:53,804 - 3626404 - ThreadPoolExecutor-1_23 - INFO - -------------------------- e3d6c94_1 ------------------------------
[36m(TaskRunner pid=3596559)[0m PHI: 2026-10-06 21:11:53,807 - 3626404 - ThreadPoolExecutor-1_31 - INFO - -------------------------- 287e338_2 ------------------------------
[36m(TaskRunner pid=3596559)[0m PHI: 2026-10-06 21:11:53,807 - 3626405 - ThreadPoolExecutor-1_13 - INFO - -------------------------- e85d92a_3 ------------------------------
[36m(TaskRunner pid=3596559)[0m PHI: 2026-10-06 21:11:53,810 - 3626404 - ThreadPoolExecutor-1_16 - INFO - -------------------------- 7d7fbf6_2 ------------------------------
[36m(TaskRunner pid=3596559)[0m PHI: 2026-10-06 21:11:53,808 - 3626405 - ThreadPoolExecutor-1_18 - INFO - -------------------------- 2a163ab_3 ------------------------------
[36m(TaskRunner pid=3596559)[0m PHI: 2026-10-06 21:11:53,816 - 3626404 - ThreadPoolExecutor-1_4 - INFO - -------------------------- 27e1026_1 ------------------------------
[36m(TaskRunner pid=3596559)[0m PHI: 2026-10-06 21:11:53,809 - 3626405 - ThreadPoolExecutor-1_3 - INFO - -------------------------- cf6abd2_1 ------------------------------
[36m(TaskRunner pid=3596559)[0m PHI: 2026-10-06 21:11:53,818 - 3626404 - ThreadPoolExecutor-1_5 - INFO - -------------------------- 302c169_2 ------------------------------
[36m(TaskRunner pid=3596559)[0m PHI: 2026-10-06 21:11:53,811 - 3626405 - ThreadPoolExecutor-1_14 - INFO - -------------------------- 60d0b5b_2 ------------------------------
[36m(TaskRunner pid=3596559)[0m PHI: 2026-10-06 21:11:53,812 - 3626405 - ThreadPoolExecutor-1_12 - INFO - -------------------------- b7a9ee9_1 ------------------------------
[36m(TaskRunner pid=3596559)[0m PHI: 2026-10-06 21:11:53,819 - 3626405 - ThreadPoolExecutor-1_19 - INFO - -------------------------- c901732_2 ------------------------------
[36m(TaskRunner pid=3596559)[0m PHI: 2026-10-06 21:13:11,021 - 3626405 - ThreadPoolExecutor-1_22 - INFO - Returning episode from 7d7fbf6_3
[36m(TaskRunner pid=3596559)[0m PHI: 2026-10-06 21:13:11,022 - 3626405 - ThreadPoolExecutor-1_22 - INFO - Episode completed (elapsed=90.78 seconds, ret=0.250, n_policy_messages=3)
[36m(TaskRunner pid=3596559)[0m PHI: 2026-10-06 21:13:11,029 - 3626405 - MainThread - INFO - rank1: scenario_idx=2 n_rollouts_collected=1 n_rollouts_cancelled=0 n_rollouts_total=120
[36m(TaskRunner pid=3596559)[0m PHI: 2026-10-06 21:13:11,029 - 3626405 - ThreadPoolExecutor-1_22 - INFO - Acquired lock for AppWorld at http://localhost:43985
[36m(TaskRunner pid=3596559)[0m PHI: 2026-10-06 21:13:11,030 - 3626405 - ThreadPoolExecutor-1_22 - INFO - Generating episode; experiment_name=runner_043985, task_id=b7a9ee9_1
[36m(TaskRunner pid=3596559)[0m PHI: 2026-10-06 21:13:11,030 - 3626405 - ThreadPoolExecutor-1_22 - INFO - Initializing AppWorld world with task_id=b7a9ee9_1, experiment_name=runner_043985
[36m(TaskRunner pid=3596559)[0m PHI: 2026-10-06 21:13:12,502 - 3626405 - ThreadPoolExecutor-1_22 - INFO - -------------------------- b7a9ee9_1 ------------------------------
