model,dataset,index,method,profile,complete_support,budget_fraction,budget_unit,budget_tokens,spent_tokens,selected_sentences,supporting_facts_hit,gold_supporting_facts,pooling,target_mode,input_sha256,source_group,source_sha256
qwen3,hotpotqa_long,0,DT,pv-layer-symmetric-v1,1,0.3,all_body_tokens,865,822,14,2,2,positive_sum,full,5c7082704d4e93a321fc731fd67da47442fb04fc8f347e2b23813f28cae37c49,symmetric_full_retest,acb55c6ab3ccbd4bc62a963f1903ff7fa062a243905396a29499a6ab7736766a
qwen3,hotpotqa_long,1,DT,pv-layer-symmetric-v1,1,0.3,all_body_tokens,349,340,9,3,3,positive_sum,full,ee831b70d0620fa6da383ddfc30ac6be445c4c3432af087302b5731e64f259a3,symmetric_full_retest,5eadf381d4b50b84ba8e29bdb4c1d209974fe444fe312ae3728ff430fe0a820d
qwen3,hotpotqa_long,2,DT,pv-layer-symmetric-v1,1,0.3,all_body_tokens,355,329,9,3,3,positive_sum,full,0bf5f0afce644fca614c061e4222c6ef9a3df5dcd165949b86c2c8c070a441f1,symmetric_full_retest,b48eacac0a32f5d9e371c25cd4b572ec3ad87a60123ca981f162993eb5be0262
qwen3,hotpotqa_long,3,DT,pv-layer-symmetric-v1,1,0.3,all_body_tokens,284,263,8,2,2,positive_sum,full,5ef5a8b7d5f9f8663f0710d9977bd3f4fb4e77433b27e4ce4f42034819c9d06f,symmetric_full_retest,107c8bd961d2f8386ce47c62026d1c28068142da20c561b70f49c4944a7e6a05
qwen3,hotpotqa_long,4,DT,pv-layer-symmetric-v1,1,0.3,all_body_tokens,356,351,10,3,3,positive_sum,full,c40c902d0794983fe6fdd350267594a796ca56f9025d59f3cd4cb0c2bd5b7192,symmetric_full_retest,31a43f2ba4eb025ed9b57302af5554ece20d1ae298e0d3006836da68d54f264a
qwen3,hotpotqa_long,5,DT,pv-layer-symmetric-v1,1,0.3,all_body_tokens,525,497,15,3,3,positive_sum,full,119145def7cf40122190971427e159b55222f88f75367d933850edf949f0b239,symmetric_full_retest,2de4ccb1d26a0f0e5c5e560ea1a0aed3441b702e009b044ac6c918b9aa04b8b7
qwen3,hotpotqa_long,6,DT,pv-layer-symmetric-v1,1,0.3,all_body_tokens,375,334,9,2,2,positive_sum,full,ecab5af27e55b0a167280f460cb8b8e1fd5d10c12dd239b79fa1f548e61067db,symmetric_full_retest,b0d7170aa575b29556aa5ac5b2ec3f706d09dd748ffadb468fadb9621a22e8fe
qwen3,hotpotqa_long,7,DT,pv-layer-symmetric-v1,1,0.3,all_body_tokens,310,270,6,2,2,positive_sum,full,75b50ad20cec84944c262de9b75fa536a6d4d6c0ea93edb0aea1fc2480c92315,symmetric_full_retest,ad30c52ee520ae3953a0717066448e00922fac6bc8aab03a8f87edc73c89d799
qwen3,hotpotqa_long,8,DT,pv-layer-symmetric-v1,0,0.3,all_body_tokens,212,204,8,3,4,positive_sum,full,e3379b9b3929d623474f43a7124091f595fa110c7b34485e879d2a379f681ec7,symmetric_full_retest,34deba407c293e2712175d491ddd33f82a16e54e5af089f8b434d9a86e038ec0
qwen3,hotpotqa_long,9,DT,pv-layer-symmetric-v1,0,0.3,all_body_tokens,293,290,9,3,4,positive_sum,full,02fe29e4077b4756c9fc784faf459747bd5d17482ab2579435835328c229de8c,symmetric_full_retest,c85da36295e2e93e542b90bca317dfa67dea8c657edf51c4b06739998aed7970
qwen3,hotpotqa_long,10,DT,pv-layer-symmetric-v1,1,0.3,all_body_tokens,387,344,8,4,4,positive_sum,full,bcb0ffc3da98e02b8456809a8cd349cbbcabe88e14fd251a737a3ef42af69a5e,symmetric_full_retest,01e08d3a5ae4cc5aa85330830995491a7a23fd9019586a7c866687d9a6e563cd
qwen3,hotpotqa_long,11,DT,pv-layer-symmetric-v1,1,0.3,all_body_tokens,259,246,6,2,2,positive_sum,full,945e5716021f5886cc77f6f677956219f8d3c43cc3520c2bcb8e052b00d31ccb,symmetric_full_retest,3da6d597c7f1a67e31d7fae7acf523f873ec736fc1a2836ac4b9f82b242c6793
qwen3,hotpotqa_long,12,DT,pv-layer-symmetric-v1,1,0.3,all_body_tokens,571,565,12,2,2,positive_sum,full,6e8b504cb97eaff570d1906a89713ba36449d1082a4c6e1183f352eec41e10fc,symmetric_full_retest,f53709ed2671496f7531f21363e732012ad28377e506051998095c6cdf131ca5
qwen3,hotpotqa_long,13,DT,pv-layer-symmetric-v1,0,0.3,all_body_tokens,520,499,9,1,2,positive_sum,full,87624a6d65f946be43a2bfec7ab7bad17aa1ddd9eda8cd716d7ffdb3a59cd703,symmetric_full_retest,00589907863a6f40d56924061962f3236f92add5a3e692c0d049de0ba4224811
qwen3,hotpotqa_long,14,DT,pv-layer-symmetric-v1,1,0.3,all_body_tokens,400,377,9,2,2,positive_sum,full,78c72d6a4c42c09d96cc88d403de3480d2f2ae59151152fdd4e238847425f355,symmetric_full_retest,785edd61be832eb1ae42f95a9e66f0a97cab86c7799c72e74a11f338194d5428
qwen3,hotpotqa_long,15,DT,pv-layer-symmetric-v1,1,0.3,all_body_tokens,374,356,13,4,4,positive_sum,full,68c910036d86b9d7f594fac1d5aa87892b1c7d587b2e68dc08d9f9d5ffdcb0eb,symmetric_full_retest,5ee923922905bd3e5f89c61ef01fc89dbd06877a46eaf6718dbde0102aacebed
qwen3,hotpotqa_long,16,DT,pv-layer-symmetric-v1,1,0.3,all_body_tokens,292,287,11,2,2,positive_sum,full,825cfcdeb81643333615dfbce9375075c21a4a6a836c5306f0b6f484eb0590a1,symmetric_full_retest,5da39807328e80eb2f32f9f7ae69dd2e3abee77c530e0f573157b69d88e44da2
qwen3,hotpotqa_long,17,DT,pv-layer-symmetric-v1,1,0.3,all_body_tokens,280,280,7,2,2,positive_sum,full,4512de494a2abd0f5e92812727aad6a95e932d015cc0dabc029b228c81b56a62,symmetric_full_retest,d28f6a527eaaceaf3b5fef722d5e624b78ba955e8236621d794636708fdd5a09
qwen3,hotpotqa_long,18,DT,pv-layer-symmetric-v1,1,0.3,all_body_tokens,403,401,9,2,2,positive_sum,full,a0ddb2cfbdb92aa027ca2b4ed5189b4d5e2ba7e2874d049691f7699214b1c6c1,symmetric_full_retest,51454b6fb55f8d207bbf864ce3f370aaefc74a1f857ee6cdeba9f759b1d4d9c3
qwen3,hotpotqa_long,19,DT,pv-layer-symmetric-v1,1,0.3,all_body_tokens,282,253,5,2,2,positive_sum,full,ee5e0cc6c3329fdb3aae643eec6be2e57e71b7ba1944711b3e005099ec67965e,symmetric_full_retest,3dc94ee5aa46a01c0e96bf3bfa7977789de54e6bb00f5e1aa071f045e0cefd44
qwen3,hotpotqa_long,20,DT,pv-layer-symmetric-v1,0,0.3,all_body_tokens,343,333,10,1,2,positive_sum,full,814d68821bb4fa0befde40282c156f7e30d41934150a18a644f44243cb8626f8,symmetric_full_retest,45a9e2a8f8a1536298cf04aa53c110b7cde908dd87776ba540026d245725a564
qwen3,hotpotqa_long,21,DT,pv-layer-symmetric-v1,1,0.3,all_body_tokens,438,435,13,2,2,positive_sum,full,0122bd8f00ec97deab09e94006f707cd17ea65af61abc12cc2791f230613d159,symmetric_full_retest,20a8616c859bbe04abc5b993142f809c8f5fa4dac1453121032d2003d050daf3
qwen3,hotpotqa_long,22,DT,pv-layer-symmetric-v1,1,0.3,all_body_tokens,960,949,27,2,2,positive_sum,full,152982a618e2afd6d9ca5f5b5684dc7f992f51805705fff1959ddc3c93ddc722,symmetric_full_retest,324dd8df2a17d8cc34a963a272756e847c7af6eaca18b9d1b90a381ffbad1565
qwen3,hotpotqa_long,23,DT,pv-layer-symmetric-v1,1,0.3,all_body_tokens,402,293,7,3,3,positive_sum,full,160db6bf69d5c4d966b0c27083841c36334f4f4bfc00c92eabeb23df479b6aa4,symmetric_full_retest,54299f9d2e4cb14bdfa691611ca0158a91231e5d49a54df1c9621e7d6bbe6bad
qwen3,hotpotqa_long,24,DT,pv-layer-symmetric-v1,1,0.3,all_body_tokens,355,355,12,3,3,positive_sum,full,e2ce8f9cf6beedc79e112fbb3f82407af37a139bf56a02519f8510f14bf04f10,symmetric_full_retest,3bdbaebd69b0ad79e57384fb33dc66e84a34e72043b8d73eddc220b3e20d9599
qwen3,hotpotqa_long,25,DT,pv-layer-symmetric-v1,1,0.3,all_body_tokens,532,531,17,4,4,positive_sum,full,e4e012f3f682d31dc9f21841ca4b4276f69aa1b2de29adce1e789ece7329ed23,symmetric_full_retest,26a887df21c5a2166e9b62efae8735e9c90919884bbd4d596dfa0698d29ab416
qwen3,hotpotqa_long,26,DT,pv-layer-symmetric-v1,1,0.3,all_body_tokens,318,297,5,2,2,positive_sum,full,2e0ca85919df0d6cafad5851892bbc3d9c93e0731b529e7376c6b4050bb026af,symmetric_full_retest,0ae16a15cfc8e017326140634ab0a3f55566f24d6f8e73c9359df4e932ced3a6
qwen3,hotpotqa_long,27,DT,pv-layer-symmetric-v1,1,0.3,all_body_tokens,516,489,14,2,2,positive_sum,full,1d5960dd30cbe98ef3f4df3e05e0f1822398fcd20a387266f4a6f0ed61f4c176,symmetric_full_retest,be86db8c9bcbafbdcecac50f047194c0ddb06809863a947cc48036bfb40dfeb7
qwen3,hotpotqa_long,28,DT,pv-layer-symmetric-v1,1,0.3,all_body_tokens,287,273,5,3,3,positive_sum,full,b234519ffccd66b1b5e2ad621fbc2eb6e382edc9da6909aff7ba1b6d9cc1bc37,symmetric_full_retest,fee945c9b22b192db99a01616f6aeb0796e9bfd040f47036c8cc27905b178d92
qwen3,hotpotqa_long,29,DT,pv-layer-symmetric-v1,1,0.3,all_body_tokens,269,229,5,3,3,positive_sum,full,12d3bde4e0fef477b5b8fce49cb780e0c93f89732f28740ef30b2c2d6b34fc43,symmetric_full_retest,ec2c6d0f3378d9377421e8a49ea41575b7c5cc95d74f1cc993c525521fd399e7
qwen3,hotpotqa_long,30,DT,pv-layer-symmetric-v1,1,0.3,all_body_tokens,384,324,10,2,2,positive_sum,full,f858f94965df80eba503f062686f51cbac22fc8e8bcea3594719f16f1fb6cbbb,symmetric_full_retest,139b51be9e220f5bcd7935b241a6120b03ca8313a34ea526cb0a4e112ce31ad0
qwen3,hotpotqa_long,31,DT,pv-layer-symmetric-v1,1,0.3,all_body_tokens,539,537,13,2,2,positive_sum,full,8c688b99546286876a5a929a243a9a5d950fcfa99428a826728211dc4eedd770,symmetric_full_retest,e69027a0e80b14331523d95395787094572e81bb0e13e61db8322520b008b31b
qwen3,hotpotqa_long,32,DT,pv-layer-symmetric-v1,0,0.3,all_body_tokens,358,330,8,1,3,positive_sum,full,76ffafbf0f199021b5b3af908891e9dde71b6a395a84267b760e14adddeecafe,symmetric_full_retest,8e434abf08866eaa11c7b995ba8c555f0afe9e37e64142aa09011e0650a117af
qwen3,hotpotqa_long,33,DT,pv-layer-symmetric-v1,1,0.3,all_body_tokens,329,305,6,3,3,positive_sum,full,e6f593041274d1f4154e4591f5b9eb42a7bebe8174eae514b91d2bedb4f4a0e8,symmetric_full_retest,2f1405513e62fc465872d05c25a0f522f83693eb657e38a94189fd2ade0f3ef4
qwen3,hotpotqa_long,34,DT,pv-layer-symmetric-v1,1,0.3,all_body_tokens,311,305,9,2,2,positive_sum,full,340be160ce2cd4d8286e37b9443566e8b18b13f4e32aba2b52686e0e470288c3,symmetric_full_retest,8b26a3140c59f435adeb7e859fa3793530f5647c1550bf6b0c89a0f15d2b2341
qwen3,hotpotqa_long,35,DT,pv-layer-symmetric-v1,0,0.3,all_body_tokens,363,353,12,2,3,positive_sum,full,f1fb5057c13357e03ef2375b6d9b6f009d981ff4da28ca64a04f43bf48d39015,symmetric_full_retest,f20f0edcd4482ef4ca7e2f739b3ba75489c109c9e38e8e1df679b50c9fefbd3a
qwen3,hotpotqa_long,36,DT,pv-layer-symmetric-v1,1,0.3,all_body_tokens,464,449,14,2,2,positive_sum,full,86cfe7c38ec1278df15d09960429b3658e0d499a4d7b282af52f2a4ab83b678f,symmetric_full_retest,5029b2d595c2162e64681434ab53268e04b1a488c682393a6a57544ce97fd182
qwen3,hotpotqa_long,37,DT,pv-layer-symmetric-v1,1,0.3,all_body_tokens,355,275,7,2,2,positive_sum,full,1b6ba36ac201f44ee981735184f12476de54ea643c31415fab289b4409988237,symmetric_full_retest,c5f1c34650838fbc22494e206dd5e0667e57cdc71a891590176b42bf6ca12206
qwen3,hotpotqa_long,38,DT,pv-layer-symmetric-v1,1,0.3,all_body_tokens,391,369,10,2,2,positive_sum,full,b60166fabe4615da88ad723e73938b60f3e3586f06bf7c17349a5c02a1379fb0,symmetric_full_retest,8dfc722d3f290c28a0ad051bcd3fbf448c05753f865c4ba41632a7dd50e83be3
qwen3,hotpotqa_long,39,DT,pv-layer-symmetric-v1,0,0.3,all_body_tokens,216,198,3,1,2,positive_sum,full,55860e03ba5c1d2fe949816f0090eb55ec372d3fa9dd09760260b4fe8dc09a3c,symmetric_full_retest,c3f21e0680f9eb93201e19c069d5f9c2784a617e05109bce0a32e2ae15bc8b04
qwen3,hotpotqa_long,40,DT,pv-layer-symmetric-v1,1,0.3,all_body_tokens,422,405,11,4,4,positive_sum,full,8b8844204fdbbe2ff066bda485b9f5d85f5786d3eb85f695ec03cf36a1fbc77e,symmetric_full_retest,fdeb25ff10a62897b716234d31205296857bb8d7108b1580d3f1a23c3ae144ca
qwen3,hotpotqa_long,41,DT,pv-layer-symmetric-v1,1,0.3,all_body_tokens,266,228,8,4,4,positive_sum,full,4d905f80d261d539feb4127bf63a94bc152f09b85b4470515f75f339fd2aad5c,symmetric_full_retest,d734195cbc99e9cce15cde2429dddbdcd65f32599b4c31e93df9271c5c44d266
qwen3,hotpotqa_long,42,DT,pv-layer-symmetric-v1,1,0.3,all_body_tokens,394,356,8,2,2,positive_sum,full,18e337d932c0fe10be624a3161ec292cd30bd8fb735e49094bded6e95513e44b,symmetric_full_retest,43c37906625d8f2e137d5b8e0bc0a7e436226f45391f5f14ffa48a939ab1e109
qwen3,hotpotqa_long,43,DT,pv-layer-symmetric-v1,1,0.3,all_body_tokens,378,343,7,3,3,positive_sum,full,569ada0572ca691e6c8cff1ae2fba589f7705a164f8a8099e35446d6ce97302a,symmetric_full_retest,b7e532799d7f174eef89ae66b9be2a75ea43d7caf6b74037779a988511ba0dd0
qwen3,hotpotqa_long,44,DT,pv-layer-symmetric-v1,1,0.3,all_body_tokens,250,207,7,3,3,positive_sum,full,52b633c7cf91c35f0802927301cccb70e02d080e5b8a4eb819d7a23eb2300f22,symmetric_full_retest,fa4a867c508fd5306a23c454707d93c27c41c1f5580671ef25a4272a8f86731e
qwen3,hotpotqa_long,45,DT,pv-layer-symmetric-v1,1,0.3,all_body_tokens,551,526,9,2,2,positive_sum,full,fbc542468e24eb293a05c6735e658f95a2b6633394b44a74534b10d3f1d1090b,symmetric_full_retest,7e0829f65204a8aaa711cdbcbffa2797a0710af2c9096e16d6378a3a92695935
qwen3,hotpotqa_long,46,DT,pv-layer-symmetric-v1,1,0.3,all_body_tokens,398,392,9,2,2,positive_sum,full,fd87b887094d88002efc94dfbca08e35fdb72509347fca562ecb6bdba9649408,symmetric_full_retest,2cef7c568f8da743bd65b78c57f8fb9c548396951a637294ae9474178fcb6676
qwen3,hotpotqa_long,47,DT,pv-layer-symmetric-v1,1,0.3,all_body_tokens,265,234,7,3,3,positive_sum,full,57a10ed31a5f23710adfccd00d7a1ea1392d9b8bd5abae692e2dc57d03f8e295,symmetric_full_retest,c8e413078088225bf08f0b0e3384e22e159d701bbd07419971d166173a219299
qwen3,hotpotqa_long,0,DT_original,content_P1,1,0.3,all_body_tokens,865,772,14,2,2,positive_sum,full,5c7082704d4e93a321fc731fd67da47442fb04fc8f347e2b23813f28cae37c49,source_v2_full_recall,e79a7105a0dc6d75432edef78c8941f31ee97a60e2fd62e73afb10216de2c6af
qwen3,hotpotqa_long,1,DT_original,content_P1,1,0.3,all_body_tokens,349,300,9,3,3,positive_sum,full,ee831b70d0620fa6da383ddfc30ac6be445c4c3432af087302b5731e64f259a3,source_v2_full_recall,8462c5fdfa3cfa6883c001574db350228ea17170f716fd891913433ba36f9988
qwen3,hotpotqa_long,2,DT_original,content_P1,1,0.3,all_body_tokens,355,316,8,3,3,positive_sum,full,0bf5f0afce644fca614c061e4222c6ef9a3df5dcd165949b86c2c8c070a441f1,source_v2_full_recall,c791787dcc55d8e28284cc0567abedbaec3f51ac5a975f9d7551c9edf7bb019c
qwen3,hotpotqa_long,3,DT_original,content_P1,1,0.3,all_body_tokens,284,279,9,2,2,positive_sum,full,5ef5a8b7d5f9f8663f0710d9977bd3f4fb4e77433b27e4ce4f42034819c9d06f,source_v2_full_recall,89e0cb603e241542512a64563116bec8948a64678e241170ca143eea5a269c6f
qwen3,hotpotqa_long,4,DT_original,content_P1,1,0.3,all_body_tokens,356,350,10,3,3,positive_sum,full,c40c902d0794983fe6fdd350267594a796ca56f9025d59f3cd4cb0c2bd5b7192,source_v2_full_recall,81e2ebfb09ad5f3eed4e9be1caea957d56ff26efdbc86bfe9ec4fbe5855ac726
qwen3,hotpotqa_long,5,DT_original,content_P1,1,0.3,all_body_tokens,525,523,16,3,3,positive_sum,full,119145def7cf40122190971427e159b55222f88f75367d933850edf949f0b239,source_v2_full_recall,410fe5c9d3e1b1b93d476169b357be297388e160bd3cf6756c00184f3b43a9bb
qwen3,hotpotqa_long,6,DT_original,content_P1,1,0.3,all_body_tokens,375,371,11,2,2,positive_sum,full,ecab5af27e55b0a167280f460cb8b8e1fd5d10c12dd239b79fa1f548e61067db,source_v2_full_recall,978cfc196021406a95d868bffd3ef82028d6adcfa270d2bcf3f28d94ac7b3515
qwen3,hotpotqa_long,7,DT_original,content_P1,1,0.3,all_body_tokens,310,270,6,2,2,positive_sum,full,75b50ad20cec84944c262de9b75fa536a6d4d6c0ea93edb0aea1fc2480c92315,source_v2_full_recall,9140a588cee934c8fa4ba7982698350b8c0a65af670a83a523522b8a1199cc1a
qwen3,hotpotqa_long,8,DT_original,content_P1,0,0.3,all_body_tokens,212,172,8,3,4,positive_sum,full,e3379b9b3929d623474f43a7124091f595fa110c7b34485e879d2a379f681ec7,source_v2_full_recall,9ed6e67f7cc9f30a0b49d44a6602ce7c42f24dbc30482eef506a62ded13ee75a
qwen3,hotpotqa_long,9,DT_original,content_P1,0,0.3,all_body_tokens,293,265,10,3,4,positive_sum,full,02fe29e4077b4756c9fc784faf459747bd5d17482ab2579435835328c229de8c,source_v2_full_recall,dce33a0e14002bdc031e17c51e5f6a757aba3125aa2b1975fd01c64742d90619
qwen3,hotpotqa_long,10,DT_original,content_P1,1,0.3,all_body_tokens,387,346,8,4,4,positive_sum,full,bcb0ffc3da98e02b8456809a8cd349cbbcabe88e14fd251a737a3ef42af69a5e,source_v2_full_recall,16b992199c5d214c61a737395b3d8c28fe6e4339500312b83c813ce810617907
qwen3,hotpotqa_long,11,DT_original,content_P1,1,0.3,all_body_tokens,259,241,6,2,2,positive_sum,full,945e5716021f5886cc77f6f677956219f8d3c43cc3520c2bcb8e052b00d31ccb,source_v2_full_recall,9f66e103f7b87d01fbaa8763a310411da77a41b44f64d35dd829abd6d035a63a
qwen3,hotpotqa_long,12,DT_original,content_P1,1,0.3,all_body_tokens,571,543,12,2,2,positive_sum,full,6e8b504cb97eaff570d1906a89713ba36449d1082a4c6e1183f352eec41e10fc,source_v2_full_recall,db45e512f7532cba08d421210f14c0a397abe5f0a688fe72f8a0d0d0adfa93ce
qwen3,hotpotqa_long,13,DT_original,content_P1,1,0.3,all_body_tokens,520,425,7,2,2,positive_sum,full,87624a6d65f946be43a2bfec7ab7bad17aa1ddd9eda8cd716d7ffdb3a59cd703,source_v2_full_recall,02e83cd8dd3e7a9c77093c32dbff4c076e69b5e05a2755d5c72ac9c6879fc87e
qwen3,hotpotqa_long,14,DT_original,content_P1,1,0.3,all_body_tokens,400,388,10,2,2,positive_sum,full,78c72d6a4c42c09d96cc88d403de3480d2f2ae59151152fdd4e238847425f355,source_v2_full_recall,064722907eb7f656f7be6e6ffbdc547782196da022fd73f3d1268c88991d922c
qwen3,hotpotqa_long,15,DT_original,content_P1,1,0.3,all_body_tokens,374,352,13,4,4,positive_sum,full,68c910036d86b9d7f594fac1d5aa87892b1c7d587b2e68dc08d9f9d5ffdcb0eb,source_v2_full_recall,d312d73c1633ccf6806bdd8cfd8d0354977e8fafb77bcbb945069e6099f1bc38
qwen3,hotpotqa_long,16,DT_original,content_P1,1,0.3,all_body_tokens,292,248,10,2,2,positive_sum,full,825cfcdeb81643333615dfbce9375075c21a4a6a836c5306f0b6f484eb0590a1,source_v2_full_recall,65a80f888dfc09b370c65ec5dd253849fab865a757d500c7308c08daf6586e57
qwen3,hotpotqa_long,17,DT_original,content_P1,1,0.3,all_body_tokens,280,250,6,2,2,positive_sum,full,4512de494a2abd0f5e92812727aad6a95e932d015cc0dabc029b228c81b56a62,source_v2_full_recall,e657ce800cdfd879b092cdcb6bb33e0c8a065cc13ce9b80d22d029530422468f
qwen3,hotpotqa_long,18,DT_original,content_P1,1,0.3,all_body_tokens,403,356,8,2,2,positive_sum,full,a0ddb2cfbdb92aa027ca2b4ed5189b4d5e2ba7e2874d049691f7699214b1c6c1,source_v2_full_recall,0e13f423f39a8de479fc8ce7a44fff419e8bf7233709a6cf34168b64f1c6456b
qwen3,hotpotqa_long,19,DT_original,content_P1,1,0.3,all_body_tokens,282,256,6,2,2,positive_sum,full,ee5e0cc6c3329fdb3aae643eec6be2e57e71b7ba1944711b3e005099ec67965e,source_v2_full_recall,3c1b17f0a257070ff3b4c262ce7510699a8c845db544143852707e73db41e8b0
qwen3,hotpotqa_long,20,DT_original,content_P1,1,0.3,all_body_tokens,343,328,10,2,2,positive_sum,full,814d68821bb4fa0befde40282c156f7e30d41934150a18a644f44243cb8626f8,source_v2_full_recall,46a181d8075f4079bf230f6a933f6c581211bc44c11a593733dd8d8db5bc446f
qwen3,hotpotqa_long,21,DT_original,content_P1,1,0.3,all_body_tokens,438,430,14,2,2,positive_sum,full,0122bd8f00ec97deab09e94006f707cd17ea65af61abc12cc2791f230613d159,source_v2_full_recall,730ca567e94bebf4f8ce2a463065fbb274bb73f14cfb65d1ca611258c84d0dc6
qwen3,hotpotqa_long,22,DT_original,content_P1,1,0.3,all_body_tokens,960,928,27,2,2,positive_sum,full,152982a618e2afd6d9ca5f5b5684dc7f992f51805705fff1959ddc3c93ddc722,source_v2_full_recall,9ed685b28b1fd97d04d804def7d1a71a3416d880d354721d1c170adcafd1a78a
qwen3,hotpotqa_long,23,DT_original,content_P1,1,0.3,all_body_tokens,402,392,10,3,3,positive_sum,full,160db6bf69d5c4d966b0c27083841c36334f4f4bfc00c92eabeb23df479b6aa4,source_v2_full_recall,98717cbf5ee5fd83b332b8e36b64a0a9ad55e03d80930b615a1315a6a620d84d
qwen3,hotpotqa_long,24,DT_original,content_P1,0,0.3,all_body_tokens,355,331,10,2,3,positive_sum,full,e2ce8f9cf6beedc79e112fbb3f82407af37a139bf56a02519f8510f14bf04f10,source_v2_full_recall,6f9303c40d3ef69557e3a421fd626622e1cbbc6a7f5e16e550eccf6e426e2d4c
qwen3,hotpotqa_long,25,DT_original,content_P1,1,0.3,all_body_tokens,532,528,16,4,4,positive_sum,full,e4e012f3f682d31dc9f21841ca4b4276f69aa1b2de29adce1e789ece7329ed23,source_v2_full_recall,ed3914324e6312dbbeaf2ee9a4c656d6c3b686577a079f1586d363451d0b2306
qwen3,hotpotqa_long,26,DT_original,content_P1,1,0.3,all_body_tokens,318,305,5,2,2,positive_sum,full,2e0ca85919df0d6cafad5851892bbc3d9c93e0731b529e7376c6b4050bb026af,source_v2_full_recall,de2ff2b63ae9acc740a5b917087663ae56d032e7033b7b5e80660f973c76362b
qwen3,hotpotqa_long,27,DT_original,content_P1,1,0.3,all_body_tokens,516,507,16,2,2,positive_sum,full,1d5960dd30cbe98ef3f4df3e05e0f1822398fcd20a387266f4a6f0ed61f4c176,source_v2_full_recall,849d1ce5339c3223a03a55d7ee7f1ccfcde6d2f2d706fd9f2a4d089169880d7a
qwen3,hotpotqa_long,28,DT_original,content_P1,1,0.3,all_body_tokens,287,234,5,3,3,positive_sum,full,b234519ffccd66b1b5e2ad621fbc2eb6e382edc9da6909aff7ba1b6d9cc1bc37,source_v2_full_recall,bdac8df473188716d77a42bdf18cd368f6d8a511b7a08bccc342ab2b90db80c4
qwen3,hotpotqa_long,29,DT_original,content_P1,1,0.3,all_body_tokens,269,235,6,3,3,positive_sum,full,12d3bde4e0fef477b5b8fce49cb780e0c93f89732f28740ef30b2c2d6b34fc43,source_v2_full_recall,8e55e05fd17abf20f201fa021446fd8350a7015fed03e668b421058171d6f384
qwen3,hotpotqa_long,30,DT_original,content_P1,1,0.3,all_body_tokens,384,367,11,2,2,positive_sum,full,f858f94965df80eba503f062686f51cbac22fc8e8bcea3594719f16f1fb6cbbb,source_v2_full_recall,db4331e4d459cd2ae52a2c217f0125298245e38b65524e01b677821603732a08
qwen3,hotpotqa_long,31,DT_original,content_P1,1,0.3,all_body_tokens,539,517,12,2,2,positive_sum,full,8c688b99546286876a5a929a243a9a5d950fcfa99428a826728211dc4eedd770,source_v2_full_recall,92e94bfe8eb3aaa32d093186305a3a3bd85c63c4500f38ce643bb9966d0a37eb
qwen3,hotpotqa_long,32,DT_original,content_P1,1,0.3,all_body_tokens,358,334,7,3,3,positive_sum,full,76ffafbf0f199021b5b3af908891e9dde71b6a395a84267b760e14adddeecafe,source_v2_full_recall,e82867a17e9e2e66ae9748abc4cb3d5b4c3d79b559b3f717469d6d7a29ca991f
qwen3,hotpotqa_long,33,DT_original,content_P1,1,0.3,all_body_tokens,329,319,6,3,3,positive_sum,full,e6f593041274d1f4154e4591f5b9eb42a7bebe8174eae514b91d2bedb4f4a0e8,source_v2_full_recall,da0247e509f1bdf3dd67258a59d065344fa95978d495b9e33ddba04c1a03011a
qwen3,hotpotqa_long,34,DT_original,content_P1,1,0.3,all_body_tokens,311,308,10,2,2,positive_sum,full,340be160ce2cd4d8286e37b9443566e8b18b13f4e32aba2b52686e0e470288c3,source_v2_full_recall,b24fae70ad4a145c527fb949b120320ffa8ddfd6535f00ba3bd5c225be48ca28
qwen3,hotpotqa_long,35,DT_original,content_P1,1,0.3,all_body_tokens,363,350,12,3,3,positive_sum,full,f1fb5057c13357e03ef2375b6d9b6f009d981ff4da28ca64a04f43bf48d39015,source_v2_full_recall,7cb699f4ae01051634d622a759067cae22bf11f71a2ec0139a01b56fa7c56c22
qwen3,hotpotqa_long,36,DT_original,content_P1,1,0.3,all_body_tokens,464,445,15,2,2,positive_sum,full,86cfe7c38ec1278df15d09960429b3658e0d499a4d7b282af52f2a4ab83b678f,source_v2_full_recall,ab7185754d5fb61cbd63b2fe1d1b3e514c862d13ff782d7f0eed95f7cc0c5dfa
qwen3,hotpotqa_long,37,DT_original,content_P1,1,0.3,all_body_tokens,355,298,8,2,2,positive_sum,full,1b6ba36ac201f44ee981735184f12476de54ea643c31415fab289b4409988237,source_v2_full_recall,9f856df5cd1505ce27167498802e20fcd7099e56f187ae39d0c26e0beb87f418
qwen3,hotpotqa_long,38,DT_original,content_P1,1,0.3,all_body_tokens,391,383,10,2,2,positive_sum,full,b60166fabe4615da88ad723e73938b60f3e3586f06bf7c17349a5c02a1379fb0,source_v2_full_recall,fdf0cb976bf933c7af99f8bf734b36bf8555cbb358a4277778adb10689029751
qwen3,hotpotqa_long,39,DT_original,content_P1,1,0.3,all_body_tokens,216,170,3,2,2,positive_sum,full,55860e03ba5c1d2fe949816f0090eb55ec372d3fa9dd09760260b4fe8dc09a3c,source_v2_full_recall,ad35e581315245596bbf796177ee64e61aab2f913ecac23b311222404e2dd300
qwen3,hotpotqa_long,40,DT_original,content_P1,0,0.3,all_body_tokens,422,371,11,3,4,positive_sum,full,8b8844204fdbbe2ff066bda485b9f5d85f5786d3eb85f695ec03cf36a1fbc77e,source_v2_full_recall,02f6aa496c882e8dc3e3658c025e8f285297ad3cd7c8ba339b620a8d22d5abe7
qwen3,hotpotqa_long,41,DT_original,content_P1,1,0.3,all_body_tokens,266,254,9,4,4,positive_sum,full,4d905f80d261d539feb4127bf63a94bc152f09b85b4470515f75f339fd2aad5c,source_v2_full_recall,9f2168eb176708e5f332839c4bb5be39fee46e3f7169351a90777c0aaf494ada
qwen3,hotpotqa_long,42,DT_original,content_P1,1,0.3,all_body_tokens,394,370,7,2,2,positive_sum,full,18e337d932c0fe10be624a3161ec292cd30bd8fb735e49094bded6e95513e44b,source_v2_full_recall,ecc765d1d837b717f618f43b2cdabe2f61f2786889d4064c5f82ed4d11162025
qwen3,hotpotqa_long,43,DT_original,content_P1,1,0.3,all_body_tokens,378,340,9,3,3,positive_sum,full,569ada0572ca691e6c8cff1ae2fba589f7705a164f8a8099e35446d6ce97302a,source_v2_full_recall,abc808a0a30187810457c651f758980e03116110b535c2e59dee08f38bd6d704
qwen3,hotpotqa_long,44,DT_original,content_P1,1,0.3,all_body_tokens,250,245,8,3,3,positive_sum,full,52b633c7cf91c35f0802927301cccb70e02d080e5b8a4eb819d7a23eb2300f22,source_v2_full_recall,769d9a8dab805445376160dd8d8b230443a2061f527e4ff297ac8bcf579a78f8
qwen3,hotpotqa_long,45,DT_original,content_P1,1,0.3,all_body_tokens,551,547,10,2,2,positive_sum,full,fbc542468e24eb293a05c6735e658f95a2b6633394b44a74534b10d3f1d1090b,source_v2_full_recall,b0cb27a7b929f737688bc740c12789822104861788a7477805e065d92f1fbd07
qwen3,hotpotqa_long,46,DT_original,content_P1,1,0.3,all_body_tokens,398,392,9,2,2,positive_sum,full,fd87b887094d88002efc94dfbca08e35fdb72509347fca562ecb6bdba9649408,source_v2_full_recall,1e3f4c7b3446b81596b5ad377680d2ca43a640fa666ec95aea2b540df4ccf27c
qwen3,hotpotqa_long,47,DT_original,content_P1,1,0.3,all_body_tokens,265,244,7,3,3,positive_sum,full,57a10ed31a5f23710adfccd00d7a1ea1392d9b8bd5abae692e2dc57d03f8e295,source_v2_full_recall,f9b3925d6baff14e9c22ac5c6ff8c0df7e4c6b010df5dcac11f2a4ad08a82656
qwen3,hotpotqa_long,0,FT_K3,FT_K3,1,0.3,all_body_tokens,865,854,17,2,2,positive_sum,full,5c7082704d4e93a321fc731fd67da47442fb04fc8f347e2b23813f28cae37c49,symmetric_full_retest,acb55c6ab3ccbd4bc62a963f1903ff7fa062a243905396a29499a6ab7736766a
qwen3,hotpotqa_long,1,FT_K3,FT_K3,1,0.3,all_body_tokens,349,284,9,3,3,positive_sum,full,ee831b70d0620fa6da383ddfc30ac6be445c4c3432af087302b5731e64f259a3,symmetric_full_retest,5eadf381d4b50b84ba8e29bdb4c1d209974fe444fe312ae3728ff430fe0a820d
qwen3,hotpotqa_long,2,FT_K3,FT_K3,0,0.3,all_body_tokens,355,317,8,2,3,positive_sum,full,0bf5f0afce644fca614c061e4222c6ef9a3df5dcd165949b86c2c8c070a441f1,symmetric_full_retest,b48eacac0a32f5d9e371c25cd4b572ec3ad87a60123ca981f162993eb5be0262
qwen3,hotpotqa_long,3,FT_K3,FT_K3,0,0.3,all_body_tokens,284,269,9,1,2,positive_sum,full,5ef5a8b7d5f9f8663f0710d9977bd3f4fb4e77433b27e4ce4f42034819c9d06f,symmetric_full_retest,107c8bd961d2f8386ce47c62026d1c28068142da20c561b70f49c4944a7e6a05
qwen3,hotpotqa_long,4,FT_K3,FT_K3,1,0.3,all_body_tokens,356,328,9,3,3,positive_sum,full,c40c902d0794983fe6fdd350267594a796ca56f9025d59f3cd4cb0c2bd5b7192,symmetric_full_retest,31a43f2ba4eb025ed9b57302af5554ece20d1ae298e0d3006836da68d54f264a
qwen3,hotpotqa_long,5,FT_K3,FT_K3,1,0.3,all_body_tokens,525,488,12,3,3,positive_sum,full,119145def7cf40122190971427e159b55222f88f75367d933850edf949f0b239,symmetric_full_retest,2de4ccb1d26a0f0e5c5e560ea1a0aed3441b702e009b044ac6c918b9aa04b8b7
qwen3,hotpotqa_long,6,FT_K3,FT_K3,1,0.3,all_body_tokens,375,362,9,2,2,positive_sum,full,ecab5af27e55b0a167280f460cb8b8e1fd5d10c12dd239b79fa1f548e61067db,symmetric_full_retest,b0d7170aa575b29556aa5ac5b2ec3f706d09dd748ffadb468fadb9621a22e8fe
qwen3,hotpotqa_long,7,FT_K3,FT_K3,1,0.3,all_body_tokens,310,290,6,2,2,positive_sum,full,75b50ad20cec84944c262de9b75fa536a6d4d6c0ea93edb0aea1fc2480c92315,symmetric_full_retest,ad30c52ee520ae3953a0717066448e00922fac6bc8aab03a8f87edc73c89d799
qwen3,hotpotqa_long,8,FT_K3,FT_K3,0,0.3,all_body_tokens,212,209,8,3,4,positive_sum,full,e3379b9b3929d623474f43a7124091f595fa110c7b34485e879d2a379f681ec7,symmetric_full_retest,34deba407c293e2712175d491ddd33f82a16e54e5af089f8b434d9a86e038ec0
qwen3,hotpotqa_long,9,FT_K3,FT_K3,1,0.3,all_body_tokens,293,271,10,4,4,positive_sum,full,02fe29e4077b4756c9fc784faf459747bd5d17482ab2579435835328c229de8c,symmetric_full_retest,c85da36295e2e93e542b90bca317dfa67dea8c657edf51c4b06739998aed7970
qwen3,hotpotqa_long,10,FT_K3,FT_K3,1,0.3,all_body_tokens,387,368,8,4,4,positive_sum,full,bcb0ffc3da98e02b8456809a8cd349cbbcabe88e14fd251a737a3ef42af69a5e,symmetric_full_retest,01e08d3a5ae4cc5aa85330830995491a7a23fd9019586a7c866687d9a6e563cd
qwen3,hotpotqa_long,11,FT_K3,FT_K3,1,0.3,all_body_tokens,259,233,5,2,2,positive_sum,full,945e5716021f5886cc77f6f677956219f8d3c43cc3520c2bcb8e052b00d31ccb,symmetric_full_retest,3da6d597c7f1a67e31d7fae7acf523f873ec736fc1a2836ac4b9f82b242c6793
qwen3,hotpotqa_long,12,FT_K3,FT_K3,1,0.3,all_body_tokens,571,452,10,2,2,positive_sum,full,6e8b504cb97eaff570d1906a89713ba36449d1082a4c6e1183f352eec41e10fc,symmetric_full_retest,f53709ed2671496f7531f21363e732012ad28377e506051998095c6cdf131ca5
qwen3,hotpotqa_long,13,FT_K3,FT_K3,1,0.3,all_body_tokens,520,482,8,2,2,positive_sum,full,87624a6d65f946be43a2bfec7ab7bad17aa1ddd9eda8cd716d7ffdb3a59cd703,symmetric_full_retest,00589907863a6f40d56924061962f3236f92add5a3e692c0d049de0ba4224811
qwen3,hotpotqa_long,14,FT_K3,FT_K3,1,0.3,all_body_tokens,400,385,9,2,2,positive_sum,full,78c72d6a4c42c09d96cc88d403de3480d2f2ae59151152fdd4e238847425f355,symmetric_full_retest,785edd61be832eb1ae42f95a9e66f0a97cab86c7799c72e74a11f338194d5428
qwen3,hotpotqa_long,15,FT_K3,FT_K3,1,0.3,all_body_tokens,374,345,12,4,4,positive_sum,full,68c910036d86b9d7f594fac1d5aa87892b1c7d587b2e68dc08d9f9d5ffdcb0eb,symmetric_full_retest,5ee923922905bd3e5f89c61ef01fc89dbd06877a46eaf6718dbde0102aacebed
qwen3,hotpotqa_long,16,FT_K3,FT_K3,0,0.3,all_body_tokens,292,292,9,1,2,positive_sum,full,825cfcdeb81643333615dfbce9375075c21a4a6a836c5306f0b6f484eb0590a1,symmetric_full_retest,5da39807328e80eb2f32f9f7ae69dd2e3abee77c530e0f573157b69d88e44da2
qwen3,hotpotqa_long,17,FT_K3,FT_K3,1,0.3,all_body_tokens,280,278,7,2,2,positive_sum,full,4512de494a2abd0f5e92812727aad6a95e932d015cc0dabc029b228c81b56a62,symmetric_full_retest,d28f6a527eaaceaf3b5fef722d5e624b78ba955e8236621d794636708fdd5a09
qwen3,hotpotqa_long,18,FT_K3,FT_K3,1,0.3,all_body_tokens,403,375,8,2,2,positive_sum,full,a0ddb2cfbdb92aa027ca2b4ed5189b4d5e2ba7e2874d049691f7699214b1c6c1,symmetric_full_retest,51454b6fb55f8d207bbf864ce3f370aaefc74a1f857ee6cdeba9f759b1d4d9c3
qwen3,hotpotqa_long,19,FT_K3,FT_K3,1,0.3,all_body_tokens,282,252,5,2,2,positive_sum,full,ee5e0cc6c3329fdb3aae643eec6be2e57e71b7ba1944711b3e005099ec67965e,symmetric_full_retest,3dc94ee5aa46a01c0e96bf3bfa7977789de54e6bb00f5e1aa071f045e0cefd44
qwen3,hotpotqa_long,20,FT_K3,FT_K3,1,0.3,all_body_tokens,343,342,10,2,2,positive_sum,full,814d68821bb4fa0befde40282c156f7e30d41934150a18a644f44243cb8626f8,symmetric_full_retest,45a9e2a8f8a1536298cf04aa53c110b7cde908dd87776ba540026d245725a564
qwen3,hotpotqa_long,21,FT_K3,FT_K3,1,0.3,all_body_tokens,438,438,10,2,2,positive_sum,full,0122bd8f00ec97deab09e94006f707cd17ea65af61abc12cc2791f230613d159,symmetric_full_retest,20a8616c859bbe04abc5b993142f809c8f5fa4dac1453121032d2003d050daf3
qwen3,hotpotqa_long,22,FT_K3,FT_K3,1,0.3,all_body_tokens,960,945,26,2,2,positive_sum,full,152982a618e2afd6d9ca5f5b5684dc7f992f51805705fff1959ddc3c93ddc722,symmetric_full_retest,324dd8df2a17d8cc34a963a272756e847c7af6eaca18b9d1b90a381ffbad1565
qwen3,hotpotqa_long,23,FT_K3,FT_K3,1,0.3,all_body_tokens,402,373,9,3,3,positive_sum,full,160db6bf69d5c4d966b0c27083841c36334f4f4bfc00c92eabeb23df479b6aa4,symmetric_full_retest,54299f9d2e4cb14bdfa691611ca0158a91231e5d49a54df1c9621e7d6bbe6bad
qwen3,hotpotqa_long,24,FT_K3,FT_K3,1,0.3,all_body_tokens,355,351,10,3,3,positive_sum,full,e2ce8f9cf6beedc79e112fbb3f82407af37a139bf56a02519f8510f14bf04f10,symmetric_full_retest,3bdbaebd69b0ad79e57384fb33dc66e84a34e72043b8d73eddc220b3e20d9599
qwen3,hotpotqa_long,25,FT_K3,FT_K3,1,0.3,all_body_tokens,532,512,14,4,4,positive_sum,full,e4e012f3f682d31dc9f21841ca4b4276f69aa1b2de29adce1e789ece7329ed23,symmetric_full_retest,26a887df21c5a2166e9b62efae8735e9c90919884bbd4d596dfa0698d29ab416
qwen3,hotpotqa_long,26,FT_K3,FT_K3,1,0.3,all_body_tokens,318,289,4,2,2,positive_sum,full,2e0ca85919df0d6cafad5851892bbc3d9c93e0731b529e7376c6b4050bb026af,symmetric_full_retest,0ae16a15cfc8e017326140634ab0a3f55566f24d6f8e73c9359df4e932ced3a6
qwen3,hotpotqa_long,27,FT_K3,FT_K3,1,0.3,all_body_tokens,516,491,14,2,2,positive_sum,full,1d5960dd30cbe98ef3f4df3e05e0f1822398fcd20a387266f4a6f0ed61f4c176,symmetric_full_retest,be86db8c9bcbafbdcecac50f047194c0ddb06809863a947cc48036bfb40dfeb7
qwen3,hotpotqa_long,28,FT_K3,FT_K3,0,0.3,all_body_tokens,287,267,5,2,3,positive_sum,full,b234519ffccd66b1b5e2ad621fbc2eb6e382edc9da6909aff7ba1b6d9cc1bc37,symmetric_full_retest,fee945c9b22b192db99a01616f6aeb0796e9bfd040f47036c8cc27905b178d92
qwen3,hotpotqa_long,29,FT_K3,FT_K3,0,0.3,all_body_tokens,269,256,6,2,3,positive_sum,full,12d3bde4e0fef477b5b8fce49cb780e0c93f89732f28740ef30b2c2d6b34fc43,symmetric_full_retest,ec2c6d0f3378d9377421e8a49ea41575b7c5cc95d74f1cc993c525521fd399e7
qwen3,hotpotqa_long,30,FT_K3,FT_K3,1,0.3,all_body_tokens,384,308,9,2,2,positive_sum,full,f858f94965df80eba503f062686f51cbac22fc8e8bcea3594719f16f1fb6cbbb,symmetric_full_retest,139b51be9e220f5bcd7935b241a6120b03ca8313a34ea526cb0a4e112ce31ad0
qwen3,hotpotqa_long,31,FT_K3,FT_K3,1,0.3,all_body_tokens,539,532,12,2,2,positive_sum,full,8c688b99546286876a5a929a243a9a5d950fcfa99428a826728211dc4eedd770,symmetric_full_retest,e69027a0e80b14331523d95395787094572e81bb0e13e61db8322520b008b31b
qwen3,hotpotqa_long,32,FT_K3,FT_K3,1,0.3,all_body_tokens,358,340,7,3,3,positive_sum,full,76ffafbf0f199021b5b3af908891e9dde71b6a395a84267b760e14adddeecafe,symmetric_full_retest,8e434abf08866eaa11c7b995ba8c555f0afe9e37e64142aa09011e0650a117af
qwen3,hotpotqa_long,33,FT_K3,FT_K3,0,0.3,all_body_tokens,329,325,6,2,3,positive_sum,full,e6f593041274d1f4154e4591f5b9eb42a7bebe8174eae514b91d2bedb4f4a0e8,symmetric_full_retest,2f1405513e62fc465872d05c25a0f522f83693eb657e38a94189fd2ade0f3ef4
qwen3,hotpotqa_long,34,FT_K3,FT_K3,1,0.3,all_body_tokens,311,298,9,2,2,positive_sum,full,340be160ce2cd4d8286e37b9443566e8b18b13f4e32aba2b52686e0e470288c3,symmetric_full_retest,8b26a3140c59f435adeb7e859fa3793530f5647c1550bf6b0c89a0f15d2b2341
qwen3,hotpotqa_long,35,FT_K3,FT_K3,1,0.3,all_body_tokens,363,315,10,3,3,positive_sum,full,f1fb5057c13357e03ef2375b6d9b6f009d981ff4da28ca64a04f43bf48d39015,symmetric_full_retest,f20f0edcd4482ef4ca7e2f739b3ba75489c109c9e38e8e1df679b50c9fefbd3a
qwen3,hotpotqa_long,36,FT_K3,FT_K3,1,0.3,all_body_tokens,464,455,14,2,2,positive_sum,full,86cfe7c38ec1278df15d09960429b3658e0d499a4d7b282af52f2a4ab83b678f,symmetric_full_retest,5029b2d595c2162e64681434ab53268e04b1a488c682393a6a57544ce97fd182
qwen3,hotpotqa_long,37,FT_K3,FT_K3,1,0.3,all_body_tokens,355,327,8,2,2,positive_sum,full,1b6ba36ac201f44ee981735184f12476de54ea643c31415fab289b4409988237,symmetric_full_retest,c5f1c34650838fbc22494e206dd5e0667e57cdc71a891590176b42bf6ca12206
qwen3,hotpotqa_long,38,FT_K3,FT_K3,1,0.3,all_body_tokens,391,350,9,2,2,positive_sum,full,b60166fabe4615da88ad723e73938b60f3e3586f06bf7c17349a5c02a1379fb0,symmetric_full_retest,8dfc722d3f290c28a0ad051bcd3fbf448c05753f865c4ba41632a7dd50e83be3
qwen3,hotpotqa_long,39,FT_K3,FT_K3,0,0.3,all_body_tokens,216,144,3,1,2,positive_sum,full,55860e03ba5c1d2fe949816f0090eb55ec372d3fa9dd09760260b4fe8dc09a3c,symmetric_full_retest,c3f21e0680f9eb93201e19c069d5f9c2784a617e05109bce0a32e2ae15bc8b04
qwen3,hotpotqa_long,40,FT_K3,FT_K3,0,0.3,all_body_tokens,422,393,12,3,4,positive_sum,full,8b8844204fdbbe2ff066bda485b9f5d85f5786d3eb85f695ec03cf36a1fbc77e,symmetric_full_retest,fdeb25ff10a62897b716234d31205296857bb8d7108b1580d3f1a23c3ae144ca
qwen3,hotpotqa_long,41,FT_K3,FT_K3,0,0.3,all_body_tokens,266,237,8,3,4,positive_sum,full,4d905f80d261d539feb4127bf63a94bc152f09b85b4470515f75f339fd2aad5c,symmetric_full_retest,d734195cbc99e9cce15cde2429dddbdcd65f32599b4c31e93df9271c5c44d266
qwen3,hotpotqa_long,42,FT_K3,FT_K3,1,0.3,all_body_tokens,394,316,7,2,2,positive_sum,full,18e337d932c0fe10be624a3161ec292cd30bd8fb735e49094bded6e95513e44b,symmetric_full_retest,43c37906625d8f2e137d5b8e0bc0a7e436226f45391f5f14ffa48a939ab1e109
qwen3,hotpotqa_long,43,FT_K3,FT_K3,1,0.3,all_body_tokens,378,339,8,3,3,positive_sum,full,569ada0572ca691e6c8cff1ae2fba589f7705a164f8a8099e35446d6ce97302a,symmetric_full_retest,b7e532799d7f174eef89ae66b9be2a75ea43d7caf6b74037779a988511ba0dd0
qwen3,hotpotqa_long,44,FT_K3,FT_K3,1,0.3,all_body_tokens,250,223,8,3,3,positive_sum,full,52b633c7cf91c35f0802927301cccb70e02d080e5b8a4eb819d7a23eb2300f22,symmetric_full_retest,fa4a867c508fd5306a23c454707d93c27c41c1f5580671ef25a4272a8f86731e
qwen3,hotpotqa_long,45,FT_K3,FT_K3,1,0.3,all_body_tokens,551,515,9,2,2,positive_sum,full,fbc542468e24eb293a05c6735e658f95a2b6633394b44a74534b10d3f1d1090b,symmetric_full_retest,7e0829f65204a8aaa711cdbcbffa2797a0710af2c9096e16d6378a3a92695935
qwen3,hotpotqa_long,46,FT_K3,FT_K3,0,0.3,all_body_tokens,398,381,8,1,2,positive_sum,full,fd87b887094d88002efc94dfbca08e35fdb72509347fca562ecb6bdba9649408,symmetric_full_retest,2cef7c568f8da743bd65b78c57f8fb9c548396951a637294ae9474178fcb6676
qwen3,hotpotqa_long,47,FT_K3,FT_K3,0,0.3,all_body_tokens,265,246,7,2,3,positive_sum,full,57a10ed31a5f23710adfccd00d7a1ea1392d9b8bd5abae692e2dc57d03f8e295,symmetric_full_retest,c8e413078088225bf08f0b0e3384e22e159d701bbd07419971d166173a219299
qwen3,hotpotqa_long,0,FT_K1,FT_K1,1,0.3,all_body_tokens,865,854,17,2,2,positive_sum,full,5c7082704d4e93a321fc731fd67da47442fb04fc8f347e2b23813f28cae37c49,symmetric_full_retest,acb55c6ab3ccbd4bc62a963f1903ff7fa062a243905396a29499a6ab7736766a
qwen3,hotpotqa_long,1,FT_K1,FT_K1,1,0.3,all_body_tokens,349,284,9,3,3,positive_sum,full,ee831b70d0620fa6da383ddfc30ac6be445c4c3432af087302b5731e64f259a3,symmetric_full_retest,5eadf381d4b50b84ba8e29bdb4c1d209974fe444fe312ae3728ff430fe0a820d
qwen3,hotpotqa_long,2,FT_K1,FT_K1,0,0.3,all_body_tokens,355,317,8,2,3,positive_sum,full,0bf5f0afce644fca614c061e4222c6ef9a3df5dcd165949b86c2c8c070a441f1,symmetric_full_retest,b48eacac0a32f5d9e371c25cd4b572ec3ad87a60123ca981f162993eb5be0262
qwen3,hotpotqa_long,3,FT_K1,FT_K1,0,0.3,all_body_tokens,284,269,9,1,2,positive_sum,full,5ef5a8b7d5f9f8663f0710d9977bd3f4fb4e77433b27e4ce4f42034819c9d06f,symmetric_full_retest,107c8bd961d2f8386ce47c62026d1c28068142da20c561b70f49c4944a7e6a05
qwen3,hotpotqa_long,4,FT_K1,FT_K1,1,0.3,all_body_tokens,356,340,9,3,3,positive_sum,full,c40c902d0794983fe6fdd350267594a796ca56f9025d59f3cd4cb0c2bd5b7192,symmetric_full_retest,31a43f2ba4eb025ed9b57302af5554ece20d1ae298e0d3006836da68d54f264a
qwen3,hotpotqa_long,5,FT_K1,FT_K1,1,0.3,all_body_tokens,525,488,12,3,3,positive_sum,full,119145def7cf40122190971427e159b55222f88f75367d933850edf949f0b239,symmetric_full_retest,2de4ccb1d26a0f0e5c5e560ea1a0aed3441b702e009b044ac6c918b9aa04b8b7
qwen3,hotpotqa_long,6,FT_K1,FT_K1,1,0.3,all_body_tokens,375,362,9,2,2,positive_sum,full,ecab5af27e55b0a167280f460cb8b8e1fd5d10c12dd239b79fa1f548e61067db,symmetric_full_retest,b0d7170aa575b29556aa5ac5b2ec3f706d09dd748ffadb468fadb9621a22e8fe
qwen3,hotpotqa_long,7,FT_K1,FT_K1,1,0.3,all_body_tokens,310,290,6,2,2,positive_sum,full,75b50ad20cec84944c262de9b75fa536a6d4d6c0ea93edb0aea1fc2480c92315,symmetric_full_retest,ad30c52ee520ae3953a0717066448e00922fac6bc8aab03a8f87edc73c89d799
qwen3,hotpotqa_long,8,FT_K1,FT_K1,0,0.3,all_body_tokens,212,209,8,3,4,positive_sum,full,e3379b9b3929d623474f43a7124091f595fa110c7b34485e879d2a379f681ec7,symmetric_full_retest,34deba407c293e2712175d491ddd33f82a16e54e5af089f8b434d9a86e038ec0
qwen3,hotpotqa_long,9,FT_K1,FT_K1,1,0.3,all_body_tokens,293,271,10,4,4,positive_sum,full,02fe29e4077b4756c9fc784faf459747bd5d17482ab2579435835328c229de8c,symmetric_full_retest,c85da36295e2e93e542b90bca317dfa67dea8c657edf51c4b06739998aed7970
qwen3,hotpotqa_long,10,FT_K1,FT_K1,1,0.3,all_body_tokens,387,368,8,4,4,positive_sum,full,bcb0ffc3da98e02b8456809a8cd349cbbcabe88e14fd251a737a3ef42af69a5e,symmetric_full_retest,01e08d3a5ae4cc5aa85330830995491a7a23fd9019586a7c866687d9a6e563cd
qwen3,hotpotqa_long,11,FT_K1,FT_K1,1,0.3,all_body_tokens,259,233,5,2,2,positive_sum,full,945e5716021f5886cc77f6f677956219f8d3c43cc3520c2bcb8e052b00d31ccb,symmetric_full_retest,3da6d597c7f1a67e31d7fae7acf523f873ec736fc1a2836ac4b9f82b242c6793
qwen3,hotpotqa_long,12,FT_K1,FT_K1,1,0.3,all_body_tokens,571,465,11,2,2,positive_sum,full,6e8b504cb97eaff570d1906a89713ba36449d1082a4c6e1183f352eec41e10fc,symmetric_full_retest,f53709ed2671496f7531f21363e732012ad28377e506051998095c6cdf131ca5
qwen3,hotpotqa_long,13,FT_K1,FT_K1,1,0.3,all_body_tokens,520,482,8,2,2,positive_sum,full,87624a6d65f946be43a2bfec7ab7bad17aa1ddd9eda8cd716d7ffdb3a59cd703,symmetric_full_retest,00589907863a6f40d56924061962f3236f92add5a3e692c0d049de0ba4224811
qwen3,hotpotqa_long,14,FT_K1,FT_K1,1,0.3,all_body_tokens,400,385,9,2,2,positive_sum,full,78c72d6a4c42c09d96cc88d403de3480d2f2ae59151152fdd4e238847425f355,symmetric_full_retest,785edd61be832eb1ae42f95a9e66f0a97cab86c7799c72e74a11f338194d5428
qwen3,hotpotqa_long,15,FT_K1,FT_K1,1,0.3,all_body_tokens,374,345,12,4,4,positive_sum,full,68c910036d86b9d7f594fac1d5aa87892b1c7d587b2e68dc08d9f9d5ffdcb0eb,symmetric_full_retest,5ee923922905bd3e5f89c61ef01fc89dbd06877a46eaf6718dbde0102aacebed
qwen3,hotpotqa_long,16,FT_K1,FT_K1,0,0.3,all_body_tokens,292,292,9,1,2,positive_sum,full,825cfcdeb81643333615dfbce9375075c21a4a6a836c5306f0b6f484eb0590a1,symmetric_full_retest,5da39807328e80eb2f32f9f7ae69dd2e3abee77c530e0f573157b69d88e44da2
qwen3,hotpotqa_long,17,FT_K1,FT_K1,1,0.3,all_body_tokens,280,278,7,2,2,positive_sum,full,4512de494a2abd0f5e92812727aad6a95e932d015cc0dabc029b228c81b56a62,symmetric_full_retest,d28f6a527eaaceaf3b5fef722d5e624b78ba955e8236621d794636708fdd5a09
qwen3,hotpotqa_long,18,FT_K1,FT_K1,1,0.3,all_body_tokens,403,375,8,2,2,positive_sum,full,a0ddb2cfbdb92aa027ca2b4ed5189b4d5e2ba7e2874d049691f7699214b1c6c1,symmetric_full_retest,51454b6fb55f8d207bbf864ce3f370aaefc74a1f857ee6cdeba9f759b1d4d9c3
qwen3,hotpotqa_long,19,FT_K1,FT_K1,1,0.3,all_body_tokens,282,252,5,2,2,positive_sum,full,ee5e0cc6c3329fdb3aae643eec6be2e57e71b7ba1944711b3e005099ec67965e,symmetric_full_retest,3dc94ee5aa46a01c0e96bf3bfa7977789de54e6bb00f5e1aa071f045e0cefd44
qwen3,hotpotqa_long,20,FT_K1,FT_K1,1,0.3,all_body_tokens,343,342,10,2,2,positive_sum,full,814d68821bb4fa0befde40282c156f7e30d41934150a18a644f44243cb8626f8,symmetric_full_retest,45a9e2a8f8a1536298cf04aa53c110b7cde908dd87776ba540026d245725a564
qwen3,hotpotqa_long,21,FT_K1,FT_K1,1,0.3,all_body_tokens,438,438,10,2,2,positive_sum,full,0122bd8f00ec97deab09e94006f707cd17ea65af61abc12cc2791f230613d159,symmetric_full_retest,20a8616c859bbe04abc5b993142f809c8f5fa4dac1453121032d2003d050daf3
qwen3,hotpotqa_long,22,FT_K1,FT_K1,1,0.3,all_body_tokens,960,945,26,2,2,positive_sum,full,152982a618e2afd6d9ca5f5b5684dc7f992f51805705fff1959ddc3c93ddc722,symmetric_full_retest,324dd8df2a17d8cc34a963a272756e847c7af6eaca18b9d1b90a381ffbad1565
qwen3,hotpotqa_long,23,FT_K1,FT_K1,1,0.3,all_body_tokens,402,373,9,3,3,positive_sum,full,160db6bf69d5c4d966b0c27083841c36334f4f4bfc00c92eabeb23df479b6aa4,symmetric_full_retest,54299f9d2e4cb14bdfa691611ca0158a91231e5d49a54df1c9621e7d6bbe6bad
qwen3,hotpotqa_long,24,FT_K1,FT_K1,1,0.3,all_body_tokens,355,351,10,3,3,positive_sum,full,e2ce8f9cf6beedc79e112fbb3f82407af37a139bf56a02519f8510f14bf04f10,symmetric_full_retest,3bdbaebd69b0ad79e57384fb33dc66e84a34e72043b8d73eddc220b3e20d9599
qwen3,hotpotqa_long,25,FT_K1,FT_K1,1,0.3,all_body_tokens,532,531,14,4,4,positive_sum,full,e4e012f3f682d31dc9f21841ca4b4276f69aa1b2de29adce1e789ece7329ed23,symmetric_full_retest,26a887df21c5a2166e9b62efae8735e9c90919884bbd4d596dfa0698d29ab416
qwen3,hotpotqa_long,26,FT_K1,FT_K1,1,0.3,all_body_tokens,318,289,4,2,2,positive_sum,full,2e0ca85919df0d6cafad5851892bbc3d9c93e0731b529e7376c6b4050bb026af,symmetric_full_retest,0ae16a15cfc8e017326140634ab0a3f55566f24d6f8e73c9359df4e932ced3a6
qwen3,hotpotqa_long,27,FT_K1,FT_K1,1,0.3,all_body_tokens,516,504,14,2,2,positive_sum,full,1d5960dd30cbe98ef3f4df3e05e0f1822398fcd20a387266f4a6f0ed61f4c176,symmetric_full_retest,be86db8c9bcbafbdcecac50f047194c0ddb06809863a947cc48036bfb40dfeb7
qwen3,hotpotqa_long,28,FT_K1,FT_K1,0,0.3,all_body_tokens,287,267,5,2,3,positive_sum,full,b234519ffccd66b1b5e2ad621fbc2eb6e382edc9da6909aff7ba1b6d9cc1bc37,symmetric_full_retest,fee945c9b22b192db99a01616f6aeb0796e9bfd040f47036c8cc27905b178d92
qwen3,hotpotqa_long,29,FT_K1,FT_K1,0,0.3,all_body_tokens,269,256,6,2,3,positive_sum,full,12d3bde4e0fef477b5b8fce49cb780e0c93f89732f28740ef30b2c2d6b34fc43,symmetric_full_retest,ec2c6d0f3378d9377421e8a49ea41575b7c5cc95d74f1cc993c525521fd399e7
qwen3,hotpotqa_long,30,FT_K1,FT_K1,1,0.3,all_body_tokens,384,308,9,2,2,positive_sum,full,f858f94965df80eba503f062686f51cbac22fc8e8bcea3594719f16f1fb6cbbb,symmetric_full_retest,139b51be9e220f5bcd7935b241a6120b03ca8313a34ea526cb0a4e112ce31ad0
qwen3,hotpotqa_long,31,FT_K1,FT_K1,1,0.3,all_body_tokens,539,532,12,2,2,positive_sum,full,8c688b99546286876a5a929a243a9a5d950fcfa99428a826728211dc4eedd770,symmetric_full_retest,e69027a0e80b14331523d95395787094572e81bb0e13e61db8322520b008b31b
qwen3,hotpotqa_long,32,FT_K1,FT_K1,1,0.3,all_body_tokens,358,340,7,3,3,positive_sum,full,76ffafbf0f199021b5b3af908891e9dde71b6a395a84267b760e14adddeecafe,symmetric_full_retest,8e434abf08866eaa11c7b995ba8c555f0afe9e37e64142aa09011e0650a117af
qwen3,hotpotqa_long,33,FT_K1,FT_K1,0,0.3,all_body_tokens,329,325,6,2,3,positive_sum,full,e6f593041274d1f4154e4591f5b9eb42a7bebe8174eae514b91d2bedb4f4a0e8,symmetric_full_retest,2f1405513e62fc465872d05c25a0f522f83693eb657e38a94189fd2ade0f3ef4
qwen3,hotpotqa_long,34,FT_K1,FT_K1,1,0.3,all_body_tokens,311,298,9,2,2,positive_sum,full,340be160ce2cd4d8286e37b9443566e8b18b13f4e32aba2b52686e0e470288c3,symmetric_full_retest,8b26a3140c59f435adeb7e859fa3793530f5647c1550bf6b0c89a0f15d2b2341
qwen3,hotpotqa_long,35,FT_K1,FT_K1,1,0.3,all_body_tokens,363,315,10,3,3,positive_sum,full,f1fb5057c13357e03ef2375b6d9b6f009d981ff4da28ca64a04f43bf48d39015,symmetric_full_retest,f20f0edcd4482ef4ca7e2f739b3ba75489c109c9e38e8e1df679b50c9fefbd3a
qwen3,hotpotqa_long,36,FT_K1,FT_K1,1,0.3,all_body_tokens,464,425,14,2,2,positive_sum,full,86cfe7c38ec1278df15d09960429b3658e0d499a4d7b282af52f2a4ab83b678f,symmetric_full_retest,5029b2d595c2162e64681434ab53268e04b1a488c682393a6a57544ce97fd182
qwen3,hotpotqa_long,37,FT_K1,FT_K1,1,0.3,all_body_tokens,355,327,8,2,2,positive_sum,full,1b6ba36ac201f44ee981735184f12476de54ea643c31415fab289b4409988237,symmetric_full_retest,c5f1c34650838fbc22494e206dd5e0667e57cdc71a891590176b42bf6ca12206
qwen3,hotpotqa_long,38,FT_K1,FT_K1,1,0.3,all_body_tokens,391,350,9,2,2,positive_sum,full,b60166fabe4615da88ad723e73938b60f3e3586f06bf7c17349a5c02a1379fb0,symmetric_full_retest,8dfc722d3f290c28a0ad051bcd3fbf448c05753f865c4ba41632a7dd50e83be3
qwen3,hotpotqa_long,39,FT_K1,FT_K1,0,0.3,all_body_tokens,216,144,3,1,2,positive_sum,full,55860e03ba5c1d2fe949816f0090eb55ec372d3fa9dd09760260b4fe8dc09a3c,symmetric_full_retest,c3f21e0680f9eb93201e19c069d5f9c2784a617e05109bce0a32e2ae15bc8b04
qwen3,hotpotqa_long,40,FT_K1,FT_K1,0,0.3,all_body_tokens,422,393,12,3,4,positive_sum,full,8b8844204fdbbe2ff066bda485b9f5d85f5786d3eb85f695ec03cf36a1fbc77e,symmetric_full_retest,fdeb25ff10a62897b716234d31205296857bb8d7108b1580d3f1a23c3ae144ca
qwen3,hotpotqa_long,41,FT_K1,FT_K1,0,0.3,all_body_tokens,266,237,8,3,4,positive_sum,full,4d905f80d261d539feb4127bf63a94bc152f09b85b4470515f75f339fd2aad5c,symmetric_full_retest,d734195cbc99e9cce15cde2429dddbdcd65f32599b4c31e93df9271c5c44d266
qwen3,hotpotqa_long,42,FT_K1,FT_K1,1,0.3,all_body_tokens,394,316,7,2,2,positive_sum,full,18e337d932c0fe10be624a3161ec292cd30bd8fb735e49094bded6e95513e44b,symmetric_full_retest,43c37906625d8f2e137d5b8e0bc0a7e436226f45391f5f14ffa48a939ab1e109
qwen3,hotpotqa_long,43,FT_K1,FT_K1,1,0.3,all_body_tokens,378,339,8,3,3,positive_sum,full,569ada0572ca691e6c8cff1ae2fba589f7705a164f8a8099e35446d6ce97302a,symmetric_full_retest,b7e532799d7f174eef89ae66b9be2a75ea43d7caf6b74037779a988511ba0dd0
qwen3,hotpotqa_long,44,FT_K1,FT_K1,1,0.3,all_body_tokens,250,223,8,3,3,positive_sum,full,52b633c7cf91c35f0802927301cccb70e02d080e5b8a4eb819d7a23eb2300f22,symmetric_full_retest,fa4a867c508fd5306a23c454707d93c27c41c1f5580671ef25a4272a8f86731e
qwen3,hotpotqa_long,45,FT_K1,FT_K1,1,0.3,all_body_tokens,551,515,9,2,2,positive_sum,full,fbc542468e24eb293a05c6735e658f95a2b6633394b44a74534b10d3f1d1090b,symmetric_full_retest,7e0829f65204a8aaa711cdbcbffa2797a0710af2c9096e16d6378a3a92695935
qwen3,hotpotqa_long,46,FT_K1,FT_K1,0,0.3,all_body_tokens,398,381,8,1,2,positive_sum,full,fd87b887094d88002efc94dfbca08e35fdb72509347fca562ecb6bdba9649408,symmetric_full_retest,2cef7c568f8da743bd65b78c57f8fb9c548396951a637294ae9474178fcb6676
qwen3,hotpotqa_long,47,FT_K1,FT_K1,0,0.3,all_body_tokens,265,246,7,2,3,positive_sum,full,57a10ed31a5f23710adfccd00d7a1ea1392d9b8bd5abae692e2dc57d03f8e295,symmetric_full_retest,c8e413078088225bf08f0b0e3384e22e159d701bbd07419971d166173a219299
qwen3,hotpotqa_long,0,Perturbation,primary_target_sum,1,0.3,all_body_tokens,865,849,16,2,2,positive_sum,full,5c7082704d4e93a321fc731fd67da47442fb04fc8f347e2b23813f28cae37c49,all_baselines_20260910,a36f11ffa919585b3bf25700f3bea3fab07748b1f0b6406e974d6078d546e7bb
qwen3,hotpotqa_long,1,Perturbation,primary_target_sum,0,0.3,all_body_tokens,349,331,11,1,3,positive_sum,full,ee831b70d0620fa6da383ddfc30ac6be445c4c3432af087302b5731e64f259a3,all_baselines_20260910,f2b878d344039467b46779e52d2bed1af03b7425a63242461c50edfe6368018b
qwen3,hotpotqa_long,2,Perturbation,primary_target_sum,0,0.3,all_body_tokens,355,340,9,1,3,positive_sum,full,0bf5f0afce644fca614c061e4222c6ef9a3df5dcd165949b86c2c8c070a441f1,all_baselines_20260910,3ec53fd5c4fe374980d5eff998b1e2cdc7025de3f4053f6dc2a945bb839ece64
qwen3,hotpotqa_long,3,Perturbation,primary_target_sum,0,0.3,all_body_tokens,284,257,9,1,2,positive_sum,full,5ef5a8b7d5f9f8663f0710d9977bd3f4fb4e77433b27e4ce4f42034819c9d06f,all_baselines_20260910,ce506df335c7e9a11387fb4d118a761418d2189c00d320460701e89a00a6fb68
qwen3,hotpotqa_long,4,Perturbation,primary_target_sum,1,0.3,all_body_tokens,356,348,10,3,3,positive_sum,full,c40c902d0794983fe6fdd350267594a796ca56f9025d59f3cd4cb0c2bd5b7192,all_baselines_20260910,5b38731e48ce0c9180e6fb7c8dc8c11d393db170c8cb189067d42df7127637c5
qwen3,hotpotqa_long,5,Perturbation,primary_target_sum,0,0.3,all_body_tokens,525,524,16,2,3,positive_sum,full,119145def7cf40122190971427e159b55222f88f75367d933850edf949f0b239,all_baselines_20260910,37a819a00dd467e9946334761f4a6839648a7aa8f782cc2039ddd2fe3b788758
qwen3,hotpotqa_long,6,Perturbation,primary_target_sum,1,0.3,all_body_tokens,375,342,11,2,2,positive_sum,full,ecab5af27e55b0a167280f460cb8b8e1fd5d10c12dd239b79fa1f548e61067db,all_baselines_20260910,9a54710ad1003eedcc9a5f0edbf4cd87687e3d146918a01fe8fcede457d86300
qwen3,hotpotqa_long,7,Perturbation,primary_target_sum,1,0.3,all_body_tokens,310,303,6,2,2,positive_sum,full,75b50ad20cec84944c262de9b75fa536a6d4d6c0ea93edb0aea1fc2480c92315,all_baselines_20260910,d1b3b8d3685dcbeee9a4bbd31cca372b2a8efdb7daad30c7096b32c71ae981b7
qwen3,hotpotqa_long,8,Perturbation,primary_target_sum,0,0.3,all_body_tokens,212,204,9,3,4,positive_sum,full,e3379b9b3929d623474f43a7124091f595fa110c7b34485e879d2a379f681ec7,all_baselines_20260910,2d8cce56ecd58eb8d675397c407509691facdf9ae3ed39b061a7b06f70f1afff
qwen3,hotpotqa_long,9,Perturbation,primary_target_sum,1,0.3,all_body_tokens,293,277,9,4,4,positive_sum,full,02fe29e4077b4756c9fc784faf459747bd5d17482ab2579435835328c229de8c,all_baselines_20260910,6a1be536e6d9231b37bed1210f46036bd3fb570d7c0fe15f8c9540778c2aee37
qwen3,hotpotqa_long,10,Perturbation,primary_target_sum,0,0.3,all_body_tokens,387,374,8,2,4,positive_sum,full,bcb0ffc3da98e02b8456809a8cd349cbbcabe88e14fd251a737a3ef42af69a5e,all_baselines_20260910,1f989b94970c6ea9ae0a05c135789092cb737bddaeccafb130b4f24dc71101cd
qwen3,hotpotqa_long,11,Perturbation,primary_target_sum,0,0.3,all_body_tokens,259,217,4,1,2,positive_sum,full,945e5716021f5886cc77f6f677956219f8d3c43cc3520c2bcb8e052b00d31ccb,all_baselines_20260910,1c8149df4945451882a1ed38dda4d89e47f06e244f9b2fbb918a32ce88f0504c
qwen3,hotpotqa_long,12,Perturbation,primary_target_sum,0,0.3,all_body_tokens,571,534,11,1,2,positive_sum,full,6e8b504cb97eaff570d1906a89713ba36449d1082a4c6e1183f352eec41e10fc,all_baselines_20260910,430d0b6fd74a64b2692946dd3d2e017bd7c2cf2f5a7be6eba5e74b01014a2a7a
qwen3,hotpotqa_long,13,Perturbation,primary_target_sum,0,0.3,all_body_tokens,520,477,8,1,2,positive_sum,full,87624a6d65f946be43a2bfec7ab7bad17aa1ddd9eda8cd716d7ffdb3a59cd703,all_baselines_20260910,5f5177d15dd22194aaba61b51febab0788b21e2d79da857ffbd6ac37dea821a9
qwen3,hotpotqa_long,14,Perturbation,primary_target_sum,1,0.3,all_body_tokens,400,388,8,2,2,positive_sum,full,78c72d6a4c42c09d96cc88d403de3480d2f2ae59151152fdd4e238847425f355,all_baselines_20260910,51aa6c2ca4bb617fe6e2270fc386128370a21a092252a71d76262c13d1ddb8ba
qwen3,hotpotqa_long,15,Perturbation,primary_target_sum,0,0.3,all_body_tokens,374,350,17,3,4,positive_sum,full,68c910036d86b9d7f594fac1d5aa87892b1c7d587b2e68dc08d9f9d5ffdcb0eb,all_baselines_20260910,6f6dc8dd6159432b4d8fca32ce22fe203246400dbdfedef21156f327d84d8d67
qwen3,hotpotqa_long,16,Perturbation,primary_target_sum,0,0.3,all_body_tokens,292,243,7,1,2,positive_sum,full,825cfcdeb81643333615dfbce9375075c21a4a6a836c5306f0b6f484eb0590a1,all_baselines_20260910,bb7b6501a4a4901bd9784368276c693f20a7382ff68b1c9c5a0c004bc2bddf9a
qwen3,hotpotqa_long,17,Perturbation,primary_target_sum,0,0.3,all_body_tokens,280,273,7,1,2,positive_sum,full,4512de494a2abd0f5e92812727aad6a95e932d015cc0dabc029b228c81b56a62,all_baselines_20260910,5d7e71fb60fc94150c92ee3150a6cfe4ce7dce90292046055b0d06e52b659901
qwen3,hotpotqa_long,18,Perturbation,primary_target_sum,1,0.3,all_body_tokens,403,386,10,2,2,positive_sum,full,a0ddb2cfbdb92aa027ca2b4ed5189b4d5e2ba7e2874d049691f7699214b1c6c1,all_baselines_20260910,b7b591ee7f75c1305102cf2076c19ef051ba8d262d3f8b12ae949aada8c0e6a5
qwen3,hotpotqa_long,19,Perturbation,primary_target_sum,1,0.3,all_body_tokens,282,280,7,2,2,positive_sum,full,ee5e0cc6c3329fdb3aae643eec6be2e57e71b7ba1944711b3e005099ec67965e,all_baselines_20260910,e766af6c6b5d2d653897454ae6ce311e1957d014fb712494e9cfd090fba5a4c5
qwen3,hotpotqa_long,20,Perturbation,primary_target_sum,0,0.3,all_body_tokens,343,331,12,1,2,positive_sum,full,814d68821bb4fa0befde40282c156f7e30d41934150a18a644f44243cb8626f8,all_baselines_20260910,3f125ba1ede2cb93ceded11a44ace4ca03240d0c67d72ea047249474a866d32a
qwen3,hotpotqa_long,21,Perturbation,primary_target_sum,0,0.3,all_body_tokens,438,388,9,0,2,positive_sum,full,0122bd8f00ec97deab09e94006f707cd17ea65af61abc12cc2791f230613d159,all_baselines_20260910,084ee9bdc06e631181ed5599d916a97267ccda50a0d4a73fb5e1c74e07b0f937
qwen3,hotpotqa_long,22,Perturbation,primary_target_sum,1,0.3,all_body_tokens,960,944,24,2,2,positive_sum,full,152982a618e2afd6d9ca5f5b5684dc7f992f51805705fff1959ddc3c93ddc722,all_baselines_20260910,84113d3b88e7a8eefff065caa0e8b65b837f7e149d8b1e7183a2d5136e8d64b3
qwen3,hotpotqa_long,23,Perturbation,primary_target_sum,1,0.3,all_body_tokens,402,402,11,3,3,positive_sum,full,160db6bf69d5c4d966b0c27083841c36334f4f4bfc00c92eabeb23df479b6aa4,all_baselines_20260910,bc88e46a4ab4d5ffbfbcabae24b6ab51c06950774cbe193030c658d4cf8ef721
qwen3,hotpotqa_long,24,Perturbation,primary_target_sum,1,0.3,all_body_tokens,355,349,11,3,3,positive_sum,full,e2ce8f9cf6beedc79e112fbb3f82407af37a139bf56a02519f8510f14bf04f10,all_baselines_20260910,b8b351d3c484bdfae699a143c1559dfffe146a241f24bba8e962a33f5ab64ae7
qwen3,hotpotqa_long,25,Perturbation,primary_target_sum,0,0.3,all_body_tokens,532,504,11,2,4,positive_sum,full,e4e012f3f682d31dc9f21841ca4b4276f69aa1b2de29adce1e789ece7329ed23,all_baselines_20260910,b848fe9920e7818998ee76f35735f24d5e6cfcdca21b4e7ba0be451cb868dc21
qwen3,hotpotqa_long,26,Perturbation,primary_target_sum,0,0.3,all_body_tokens,318,304,8,1,2,positive_sum,full,2e0ca85919df0d6cafad5851892bbc3d9c93e0731b529e7376c6b4050bb026af,all_baselines_20260910,0dc477aab99ad76dfa875f632f6d211fbda5377a2de572d012de0af040619678
qwen3,hotpotqa_long,27,Perturbation,primary_target_sum,1,0.3,all_body_tokens,516,502,18,2,2,positive_sum,full,1d5960dd30cbe98ef3f4df3e05e0f1822398fcd20a387266f4a6f0ed61f4c176,all_baselines_20260910,7b77f8e35757d35cfa64eaa3e2bf13333de097e7b57765022901eae2303fe5be
qwen3,hotpotqa_long,28,Perturbation,primary_target_sum,0,0.3,all_body_tokens,287,267,9,2,3,positive_sum,full,b234519ffccd66b1b5e2ad621fbc2eb6e382edc9da6909aff7ba1b6d9cc1bc37,all_baselines_20260910,449927260f4fcb221038dc596401389c0248529a3fc18aad97ec7c19a1b0087a
qwen3,hotpotqa_long,29,Perturbation,primary_target_sum,0,0.3,all_body_tokens,269,266,5,0,3,positive_sum,full,12d3bde4e0fef477b5b8fce49cb780e0c93f89732f28740ef30b2c2d6b34fc43,all_baselines_20260910,7bec0c7d93e6f31d241bfd507d573402d1e1cc776688890c44086dcbb9498e18
qwen3,hotpotqa_long,30,Perturbation,primary_target_sum,0,0.3,all_body_tokens,384,373,10,1,2,positive_sum,full,f858f94965df80eba503f062686f51cbac22fc8e8bcea3594719f16f1fb6cbbb,all_baselines_20260910,0e93466c6068b328432b5b7c57d557a95cf70dc14271a4ef39242490147b00a7
qwen3,hotpotqa_long,31,Perturbation,primary_target_sum,0,0.3,all_body_tokens,539,523,13,0,2,positive_sum,full,8c688b99546286876a5a929a243a9a5d950fcfa99428a826728211dc4eedd770,all_baselines_20260910,97d8a735a8370adaec755956f91a68f8b393e19533f5c2c5ba6e9427d5cde65a
qwen3,hotpotqa_long,32,Perturbation,primary_target_sum,0,0.3,all_body_tokens,358,336,7,2,3,positive_sum,full,76ffafbf0f199021b5b3af908891e9dde71b6a395a84267b760e14adddeecafe,all_baselines_20260910,641dcc6ebd7bf177d94b3b1ef7a3a9dfaf1de4585d0b7bbd78b0c1a95f0260c3
qwen3,hotpotqa_long,33,Perturbation,primary_target_sum,0,0.3,all_body_tokens,329,299,7,1,3,positive_sum,full,e6f593041274d1f4154e4591f5b9eb42a7bebe8174eae514b91d2bedb4f4a0e8,all_baselines_20260910,4bbfb24cfedaeb6bd63a9333cffc52321c56b662d513c1d51844d2268c7de5d7
qwen3,hotpotqa_long,34,Perturbation,primary_target_sum,0,0.3,all_body_tokens,311,307,11,1,2,positive_sum,full,340be160ce2cd4d8286e37b9443566e8b18b13f4e32aba2b52686e0e470288c3,all_baselines_20260910,53f12181b21433b48f8c9c9ffdf69df7a68f5f259b05eca955f22d91face2162
qwen3,hotpotqa_long,35,Perturbation,primary_target_sum,1,0.3,all_body_tokens,363,309,15,3,3,positive_sum,full,f1fb5057c13357e03ef2375b6d9b6f009d981ff4da28ca64a04f43bf48d39015,all_baselines_20260910,a830ee60003d2ea0ee6e42749f731bfd74830cef8e1255b4a535702fdabdd2bc
qwen3,hotpotqa_long,36,Perturbation,primary_target_sum,1,0.3,all_body_tokens,464,464,15,2,2,positive_sum,full,86cfe7c38ec1278df15d09960429b3658e0d499a4d7b282af52f2a4ab83b678f,all_baselines_20260910,c18a01a92237ece01b45bcfc4c349a9d9c12e61d0106907e5ff379cb19762050
qwen3,hotpotqa_long,37,Perturbation,primary_target_sum,0,0.3,all_body_tokens,355,348,8,1,2,positive_sum,full,1b6ba36ac201f44ee981735184f12476de54ea643c31415fab289b4409988237,all_baselines_20260910,8a564c861198ddf8bf09df6184bf76d1a68f7c9a1d8d1a7998beef95faab7a78
qwen3,hotpotqa_long,38,Perturbation,primary_target_sum,1,0.3,all_body_tokens,391,389,11,2,2,positive_sum,full,b60166fabe4615da88ad723e73938b60f3e3586f06bf7c17349a5c02a1379fb0,all_baselines_20260910,f82ea3239527cb0ca3f1a6cb6e9301c7fc0cafd0d1af37ddab00336b9cfa10c7
qwen3,hotpotqa_long,39,Perturbation,primary_target_sum,0,0.3,all_body_tokens,216,132,2,1,2,positive_sum,full,55860e03ba5c1d2fe949816f0090eb55ec372d3fa9dd09760260b4fe8dc09a3c,all_baselines_20260910,6bf598a5fedfef1d2d5e0c29afc879c5ba6f2b6d7b66773b794733722ab9ca30
qwen3,hotpotqa_long,40,Perturbation,primary_target_sum,1,0.3,all_body_tokens,422,403,11,4,4,positive_sum,full,8b8844204fdbbe2ff066bda485b9f5d85f5786d3eb85f695ec03cf36a1fbc77e,all_baselines_20260910,83b32b10791d601d0215627208f2678aad741a27c32ec4968feb7f0b6f959fc9
qwen3,hotpotqa_long,41,Perturbation,primary_target_sum,0,0.3,all_body_tokens,266,254,9,3,4,positive_sum,full,4d905f80d261d539feb4127bf63a94bc152f09b85b4470515f75f339fd2aad5c,all_baselines_20260910,ad2bdbef06b54d4f1c8e0ceacd82364d328ac275612036823b542bd961120785
qwen3,hotpotqa_long,42,Perturbation,primary_target_sum,0,0.3,all_body_tokens,394,375,8,0,2,positive_sum,full,18e337d932c0fe10be624a3161ec292cd30bd8fb735e49094bded6e95513e44b,all_baselines_20260910,f51ba5703154dea0f397a6419479e6977b0376e25caf953921e45f3c7565fb03
qwen3,hotpotqa_long,43,Perturbation,primary_target_sum,0,0.3,all_body_tokens,378,360,9,2,3,positive_sum,full,569ada0572ca691e6c8cff1ae2fba589f7705a164f8a8099e35446d6ce97302a,all_baselines_20260910,ca3b9065b8baa9503060b93d2af6618e81c40b17a383340f7f9e4c0c96075ed3
qwen3,hotpotqa_long,44,Perturbation,primary_target_sum,0,0.3,all_body_tokens,250,238,9,2,3,positive_sum,full,52b633c7cf91c35f0802927301cccb70e02d080e5b8a4eb819d7a23eb2300f22,all_baselines_20260910,e5f89c368d4aadef608b74bf193064ab3710cc4f216f2524e0258c13371426eb
qwen3,hotpotqa_long,45,Perturbation,primary_target_sum,0,0.3,all_body_tokens,551,528,10,1,2,positive_sum,full,fbc542468e24eb293a05c6735e658f95a2b6633394b44a74534b10d3f1d1090b,all_baselines_20260910,8603cb486cec83a1665fc48edee2a91abeccd1c73f93b7e52be385d29e8c35df
qwen3,hotpotqa_long,46,Perturbation,primary_target_sum,0,0.3,all_body_tokens,398,386,11,1,2,positive_sum,full,fd87b887094d88002efc94dfbca08e35fdb72509347fca562ecb6bdba9649408,all_baselines_20260910,0fc453c5a8cd935fceca505330ac9fe0dd6e71064a79c1fb74fefab2cf511f86
qwen3,hotpotqa_long,47,Perturbation,primary_target_sum,1,0.3,all_body_tokens,265,253,8,3,3,positive_sum,full,57a10ed31a5f23710adfccd00d7a1ea1392d9b8bd5abae692e2dc57d03f8e295,all_baselines_20260910,e9f34d5f0acf015173f72bc654fe4f7761602036a7a0bea3c511d3b7f7f2c7dd
qwen3,hotpotqa_long,0,REAGENT,primary_target_sum,1,0.3,all_body_tokens,865,862,17,2,2,positive_sum,full,5c7082704d4e93a321fc731fd67da47442fb04fc8f347e2b23813f28cae37c49,all_baselines_20260910,51788ba7b2ade63681af1ecae65936bc763ee4c01302f021647b6aa0d3342c44
qwen3,hotpotqa_long,1,REAGENT,primary_target_sum,1,0.3,all_body_tokens,349,325,14,3,3,positive_sum,full,ee831b70d0620fa6da383ddfc30ac6be445c4c3432af087302b5731e64f259a3,all_baselines_20260910,dccf6740a6eea189712361ae0f9912b864f8c3c5c4b55f194c5122e795dad98f
qwen3,hotpotqa_long,2,REAGENT,primary_target_sum,0,0.3,all_body_tokens,355,340,8,1,3,positive_sum,full,0bf5f0afce644fca614c061e4222c6ef9a3df5dcd165949b86c2c8c070a441f1,all_baselines_20260910,f3343da89f17100cde2cb93a737ba686c7c99da039846cffe71060ed0e80494a
qwen3,hotpotqa_long,3,REAGENT,primary_target_sum,0,0.3,all_body_tokens,284,271,8,1,2,positive_sum,full,5ef5a8b7d5f9f8663f0710d9977bd3f4fb4e77433b27e4ce4f42034819c9d06f,all_baselines_20260910,c748f1238c8bc31cb46b84cbf437815a1ddcc53fbcbd10e3ec8259782dd311aa
qwen3,hotpotqa_long,4,REAGENT,primary_target_sum,1,0.3,all_body_tokens,356,348,10,3,3,positive_sum,full,c40c902d0794983fe6fdd350267594a796ca56f9025d59f3cd4cb0c2bd5b7192,all_baselines_20260910,216226775204e0b57fce51bccaa84bf99277994309f6256481ca5477eb208bfb
qwen3,hotpotqa_long,5,REAGENT,primary_target_sum,0,0.3,all_body_tokens,525,515,17,1,3,positive_sum,full,119145def7cf40122190971427e159b55222f88f75367d933850edf949f0b239,all_baselines_20260910,1ff054ce68e67212ea99c7e64911cf7dfc7fa1a261032d72bd594ebaa78c37c3
qwen3,hotpotqa_long,6,REAGENT,primary_target_sum,0,0.3,all_body_tokens,375,365,10,1,2,positive_sum,full,ecab5af27e55b0a167280f460cb8b8e1fd5d10c12dd239b79fa1f548e61067db,all_baselines_20260910,5caaa6386a3227fd7ba163ecd100d092c9ade159981665d2a755a08792023838
qwen3,hotpotqa_long,7,REAGENT,primary_target_sum,0,0.3,all_body_tokens,310,305,5,1,2,positive_sum,full,75b50ad20cec84944c262de9b75fa536a6d4d6c0ea93edb0aea1fc2480c92315,all_baselines_20260910,d765a08310a89bbf66f6dbba278bccdfe299fb42caf1b66200ce00b009c8f123
qwen3,hotpotqa_long,8,REAGENT,primary_target_sum,0,0.3,all_body_tokens,212,179,7,1,4,positive_sum,full,e3379b9b3929d623474f43a7124091f595fa110c7b34485e879d2a379f681ec7,all_baselines_20260910,5404a7f46427caf31b664628dc5a501d1da7145c985b45e200dc8d2c24b60f06
qwen3,hotpotqa_long,9,REAGENT,primary_target_sum,1,0.3,all_body_tokens,293,292,9,4,4,positive_sum,full,02fe29e4077b4756c9fc784faf459747bd5d17482ab2579435835328c229de8c,all_baselines_20260910,292f39612cbd5eec5dfb66fa60048fa65fc356071d07aaa757c33ab085dcab05
qwen3,hotpotqa_long,10,REAGENT,primary_target_sum,0,0.3,all_body_tokens,387,373,8,3,4,positive_sum,full,bcb0ffc3da98e02b8456809a8cd349cbbcabe88e14fd251a737a3ef42af69a5e,all_baselines_20260910,2a83125f074012f6be6ad0bbe7a0fabcfd5e441b7ea14b16819cfe6ed73ec5f3
qwen3,hotpotqa_long,11,REAGENT,primary_target_sum,0,0.3,all_body_tokens,259,223,6,1,2,positive_sum,full,945e5716021f5886cc77f6f677956219f8d3c43cc3520c2bcb8e052b00d31ccb,all_baselines_20260910,81286a3ac1c3b4061ece9c5603930310a4f082c63d6c093a975df265baad186b
qwen3,hotpotqa_long,12,REAGENT,primary_target_sum,0,0.3,all_body_tokens,571,554,12,1,2,positive_sum,full,6e8b504cb97eaff570d1906a89713ba36449d1082a4c6e1183f352eec41e10fc,all_baselines_20260910,efcc5d5aba8bcdbeb2cae077e657f20224985bf40ac33fd41f2cd260fb5345a3
qwen3,hotpotqa_long,13,REAGENT,primary_target_sum,0,0.3,all_body_tokens,520,517,10,1,2,positive_sum,full,87624a6d65f946be43a2bfec7ab7bad17aa1ddd9eda8cd716d7ffdb3a59cd703,all_baselines_20260910,3a1323892e7e0fc5915ed663db158429f60aa3191e67fcf0a2e77b2d6fce6e68
qwen3,hotpotqa_long,14,REAGENT,primary_target_sum,1,0.3,all_body_tokens,400,349,8,2,2,positive_sum,full,78c72d6a4c42c09d96cc88d403de3480d2f2ae59151152fdd4e238847425f355,all_baselines_20260910,715fc9350a66c8fabd856ed171e3763daf83a14e5eadaf7c3e38a1dc9fea5728
qwen3,hotpotqa_long,15,REAGENT,primary_target_sum,0,0.3,all_body_tokens,374,359,13,3,4,positive_sum,full,68c910036d86b9d7f594fac1d5aa87892b1c7d587b2e68dc08d9f9d5ffdcb0eb,all_baselines_20260910,1b9b42e43d79e73278ea8b4a484e8161cc6ff589eced6b7a3fb795c5fc05e0ea
qwen3,hotpotqa_long,16,REAGENT,primary_target_sum,0,0.3,all_body_tokens,292,281,8,1,2,positive_sum,full,825cfcdeb81643333615dfbce9375075c21a4a6a836c5306f0b6f484eb0590a1,all_baselines_20260910,f6e49d6f2005894d70a9de24bc8257420457e182fcef4e8d949ac7098fdea1ac
qwen3,hotpotqa_long,17,REAGENT,primary_target_sum,0,0.3,all_body_tokens,280,273,7,1,2,positive_sum,full,4512de494a2abd0f5e92812727aad6a95e932d015cc0dabc029b228c81b56a62,all_baselines_20260910,35f4a596f204677c9cba1ea9099d48bf95329e18d5fd5aa8f867809acfbcc696
qwen3,hotpotqa_long,18,REAGENT,primary_target_sum,1,0.3,all_body_tokens,403,390,11,2,2,positive_sum,full,a0ddb2cfbdb92aa027ca2b4ed5189b4d5e2ba7e2874d049691f7699214b1c6c1,all_baselines_20260910,c1d6f03a63cea7acc0cb420eaa0365df37be27b0021bbae9010cba5fd6edba77
qwen3,hotpotqa_long,19,REAGENT,primary_target_sum,1,0.3,all_body_tokens,282,252,6,2,2,positive_sum,full,ee5e0cc6c3329fdb3aae643eec6be2e57e71b7ba1944711b3e005099ec67965e,all_baselines_20260910,0ffb884278e97738a98aa82bca5e75df5f7d1a5df600c25991458a462de81bb3
qwen3,hotpotqa_long,20,REAGENT,primary_target_sum,0,0.3,all_body_tokens,343,329,12,1,2,positive_sum,full,814d68821bb4fa0befde40282c156f7e30d41934150a18a644f44243cb8626f8,all_baselines_20260910,a338277b8832ca34f6948ce019d43d0c290da08b3d99274df534467ecfe11e2e
qwen3,hotpotqa_long,21,REAGENT,primary_target_sum,0,0.3,all_body_tokens,438,419,15,1,2,positive_sum,full,0122bd8f00ec97deab09e94006f707cd17ea65af61abc12cc2791f230613d159,all_baselines_20260910,15319e5515d9e09494db7e323ac15b4457ddaf541debaa75a890497ed1340b43
qwen3,hotpotqa_long,22,REAGENT,primary_target_sum,1,0.3,all_body_tokens,960,954,28,2,2,positive_sum,full,152982a618e2afd6d9ca5f5b5684dc7f992f51805705fff1959ddc3c93ddc722,all_baselines_20260910,5fc7bd579877d34317bbdcb45990c11e124c50b057ff6ccf01ea990c2d0779c0
qwen3,hotpotqa_long,23,REAGENT,primary_target_sum,1,0.3,all_body_tokens,402,384,10,3,3,positive_sum,full,160db6bf69d5c4d966b0c27083841c36334f4f4bfc00c92eabeb23df479b6aa4,all_baselines_20260910,643878bf90edf7fe3dfe97161537070841fc03a399fe557b34d2af47c0da7e6e
qwen3,hotpotqa_long,24,REAGENT,primary_target_sum,1,0.3,all_body_tokens,355,343,11,3,3,positive_sum,full,e2ce8f9cf6beedc79e112fbb3f82407af37a139bf56a02519f8510f14bf04f10,all_baselines_20260910,a0b43455f95810cf612c982c6d78b3ff8357a2d8b2008d24378ad0a3d5a11ca7
qwen3,hotpotqa_long,25,REAGENT,primary_target_sum,0,0.3,all_body_tokens,532,512,11,2,4,positive_sum,full,e4e012f3f682d31dc9f21841ca4b4276f69aa1b2de29adce1e789ece7329ed23,all_baselines_20260910,c1d673a8c704f4d618ec273efe5a2d590cc681f2f4d9ff773318037e110b56d4
qwen3,hotpotqa_long,26,REAGENT,primary_target_sum,0,0.3,all_body_tokens,318,303,6,1,2,positive_sum,full,2e0ca85919df0d6cafad5851892bbc3d9c93e0731b529e7376c6b4050bb026af,all_baselines_20260910,0c5e81c8d7cf7fc4e81413647b2e0cbf4e6093a42d900ccdb20042ca6344b082
qwen3,hotpotqa_long,27,REAGENT,primary_target_sum,1,0.3,all_body_tokens,516,504,16,2,2,positive_sum,full,1d5960dd30cbe98ef3f4df3e05e0f1822398fcd20a387266f4a6f0ed61f4c176,all_baselines_20260910,4ac3c51562d0fec36cad96bdef4cfdc58577f7ce01634c5cda80e5992c0c1e48
qwen3,hotpotqa_long,28,REAGENT,primary_target_sum,0,0.3,all_body_tokens,287,267,9,2,3,positive_sum,full,b234519ffccd66b1b5e2ad621fbc2eb6e382edc9da6909aff7ba1b6d9cc1bc37,all_baselines_20260910,4693f0265640daaf3f1257ef160273144793765a1e0201f1198c8973644aee29
qwen3,hotpotqa_long,29,REAGENT,primary_target_sum,0,0.3,all_body_tokens,269,254,8,1,3,positive_sum,full,12d3bde4e0fef477b5b8fce49cb780e0c93f89732f28740ef30b2c2d6b34fc43,all_baselines_20260910,81be54b99120d78be1b7996b4f30ef1f4e8744233cf5a04a8acb648ec94c6305
qwen3,hotpotqa_long,30,REAGENT,primary_target_sum,0,0.3,all_body_tokens,384,362,10,1,2,positive_sum,full,f858f94965df80eba503f062686f51cbac22fc8e8bcea3594719f16f1fb6cbbb,all_baselines_20260910,48c3f11568f759dea92214fa7693760374f82e82bf3f42ca46b1a169d5675d1e
qwen3,hotpotqa_long,31,REAGENT,primary_target_sum,0,0.3,all_body_tokens,539,498,14,0,2,positive_sum,full,8c688b99546286876a5a929a243a9a5d950fcfa99428a826728211dc4eedd770,all_baselines_20260910,6265e56f79567cf63b1c803967957025a60014c1c31192077e2557d38bb768b4
qwen3,hotpotqa_long,32,REAGENT,primary_target_sum,0,0.3,all_body_tokens,358,352,8,2,3,positive_sum,full,76ffafbf0f199021b5b3af908891e9dde71b6a395a84267b760e14adddeecafe,all_baselines_20260910,be8af174b9207cbcc63a240b824bcad82dfc70eee167540f8e277e44d193ff4f
qwen3,hotpotqa_long,33,REAGENT,primary_target_sum,0,0.3,all_body_tokens,329,284,6,1,3,positive_sum,full,e6f593041274d1f4154e4591f5b9eb42a7bebe8174eae514b91d2bedb4f4a0e8,all_baselines_20260910,54f82834ede29c60459e5b3949d6d0a53e1ae845e77b5984e8ee48e94eccac3a
qwen3,hotpotqa_long,34,REAGENT,primary_target_sum,0,0.3,all_body_tokens,311,276,10,1,2,positive_sum,full,340be160ce2cd4d8286e37b9443566e8b18b13f4e32aba2b52686e0e470288c3,all_baselines_20260910,d38268583ca507020a761950dc023f02ad743455ba99e76163a7f4b1674dec4f
qwen3,hotpotqa_long,35,REAGENT,primary_target_sum,1,0.3,all_body_tokens,363,363,16,3,3,positive_sum,full,f1fb5057c13357e03ef2375b6d9b6f009d981ff4da28ca64a04f43bf48d39015,all_baselines_20260910,4b47aee8410259f05c205c8815e141e6c050050b526b0ffb768cd259e16f8ecd
qwen3,hotpotqa_long,36,REAGENT,primary_target_sum,0,0.3,all_body_tokens,464,439,13,1,2,positive_sum,full,86cfe7c38ec1278df15d09960429b3658e0d499a4d7b282af52f2a4ab83b678f,all_baselines_20260910,fb1e00b29ff3b4c698346fe187c811e2a0e73825877c4506c94798f312701d7d
qwen3,hotpotqa_long,37,REAGENT,primary_target_sum,0,0.3,all_body_tokens,355,342,8,1,2,positive_sum,full,1b6ba36ac201f44ee981735184f12476de54ea643c31415fab289b4409988237,all_baselines_20260910,0d2c356b0b175fc0553201e5cc63f5016694684ae7b85d0ee8758c621d0bbccf
qwen3,hotpotqa_long,38,REAGENT,primary_target_sum,1,0.3,all_body_tokens,391,380,14,2,2,positive_sum,full,b60166fabe4615da88ad723e73938b60f3e3586f06bf7c17349a5c02a1379fb0,all_baselines_20260910,72ec5f9565ac0db2991f720918a481356ae8789746681dcdda1d33b0436be562
qwen3,hotpotqa_long,39,REAGENT,primary_target_sum,0,0.3,all_body_tokens,216,216,4,1,2,positive_sum,full,55860e03ba5c1d2fe949816f0090eb55ec372d3fa9dd09760260b4fe8dc09a3c,all_baselines_20260910,4d2d0ea1776d7dcdc71a5e1a8f9a0fb3f99ce49abbaa28f8e6d04ff6f6c804ae
qwen3,hotpotqa_long,40,REAGENT,primary_target_sum,1,0.3,all_body_tokens,422,403,11,4,4,positive_sum,full,8b8844204fdbbe2ff066bda485b9f5d85f5786d3eb85f695ec03cf36a1fbc77e,all_baselines_20260910,ba1cd4f5ff123c86ec07dfec56267730b6ded595d5bcbff44ab393c610ea170a
qwen3,hotpotqa_long,41,REAGENT,primary_target_sum,0,0.3,all_body_tokens,266,243,10,1,4,positive_sum,full,4d905f80d261d539feb4127bf63a94bc152f09b85b4470515f75f339fd2aad5c,all_baselines_20260910,2bb57cb10a9baea9969fc4d4a4ecd009d70bb8b3c8b07f08ef8ea28ff39aa4ce
qwen3,hotpotqa_long,42,REAGENT,primary_target_sum,0,0.3,all_body_tokens,394,380,10,1,2,positive_sum,full,18e337d932c0fe10be624a3161ec292cd30bd8fb735e49094bded6e95513e44b,all_baselines_20260910,d363826d6838ab3c57e1cc0e09ed1575bf4e8a056be09c47039a954e3779b06e
qwen3,hotpotqa_long,43,REAGENT,primary_target_sum,1,0.3,all_body_tokens,378,354,12,3,3,positive_sum,full,569ada0572ca691e6c8cff1ae2fba589f7705a164f8a8099e35446d6ce97302a,all_baselines_20260910,76c6f88d92ee376cff53ac15c44ddcfdc658718ea07ce1b39dcb99e5c1c461a0
qwen3,hotpotqa_long,44,REAGENT,primary_target_sum,0,0.3,all_body_tokens,250,212,9,1,3,positive_sum,full,52b633c7cf91c35f0802927301cccb70e02d080e5b8a4eb819d7a23eb2300f22,all_baselines_20260910,545e09e515874f7ae660f0c27cebf55dae6ef287f737a5af26ab44cf6f406d59
qwen3,hotpotqa_long,45,REAGENT,primary_target_sum,0,0.3,all_body_tokens,551,518,12,1,2,positive_sum,full,fbc542468e24eb293a05c6735e658f95a2b6633394b44a74534b10d3f1d1090b,all_baselines_20260910,b878da30953f3427d5c6590be59711618d765796ee98b53b3ad24ce39a203487
qwen3,hotpotqa_long,46,REAGENT,primary_target_sum,1,0.3,all_body_tokens,398,377,11,2,2,positive_sum,full,fd87b887094d88002efc94dfbca08e35fdb72509347fca562ecb6bdba9649408,all_baselines_20260910,6a3e18242e541954433565ac1efdc35ee1205b02edbdfa79dde085021d9a4cd6
qwen3,hotpotqa_long,47,REAGENT,primary_target_sum,1,0.3,all_body_tokens,265,247,7,3,3,positive_sum,full,57a10ed31a5f23710adfccd00d7a1ea1392d9b8bd5abae692e2dc57d03f8e295,all_baselines_20260910,827c676f6d98f000119c76a19607de10fa114804d569481a012bd4df57933777
qwen3,hotpotqa_long,0,CLP,primary_target_sum,1,0.3,all_body_tokens,865,825,21,2,2,positive_sum,full,5c7082704d4e93a321fc731fd67da47442fb04fc8f347e2b23813f28cae37c49,all_baselines_20260910,2b4e84c7bae0904fae6807528be94bbb0da825dc9b2571d790a5d3d4be99f71f
qwen3,hotpotqa_long,1,CLP,primary_target_sum,1,0.3,all_body_tokens,349,312,13,3,3,positive_sum,full,ee831b70d0620fa6da383ddfc30ac6be445c4c3432af087302b5731e64f259a3,all_baselines_20260910,ec5a7826d74d7c8f249b5148f2774af207220edb28b6272fe1e86c42575ea684
qwen3,hotpotqa_long,2,CLP,primary_target_sum,0,0.3,all_body_tokens,355,339,8,2,3,positive_sum,full,0bf5f0afce644fca614c061e4222c6ef9a3df5dcd165949b86c2c8c070a441f1,all_baselines_20260910,a4295aed52132b075a4e10051f2e3e52aa965cb2c91bb7bb23d20f3a3b74ca7f
qwen3,hotpotqa_long,3,CLP,primary_target_sum,1,0.3,all_body_tokens,284,270,9,2,2,positive_sum,full,5ef5a8b7d5f9f8663f0710d9977bd3f4fb4e77433b27e4ce4f42034819c9d06f,all_baselines_20260910,01bbd555f8f6cc3178dc3c0cc6b2ba50407e8d7b198662a9c257aced1575c0d0
qwen3,hotpotqa_long,4,CLP,primary_target_sum,1,0.3,all_body_tokens,356,322,10,3,3,positive_sum,full,c40c902d0794983fe6fdd350267594a796ca56f9025d59f3cd4cb0c2bd5b7192,all_baselines_20260910,6e6a78a4acc38c787ba1cfeee0659ab66dc801bfbdb552cebc0b0ad885639e97
qwen3,hotpotqa_long,5,CLP,primary_target_sum,0,0.3,all_body_tokens,525,515,17,2,3,positive_sum,full,119145def7cf40122190971427e159b55222f88f75367d933850edf949f0b239,all_baselines_20260910,bc189842b381d81115d08542b4cae24148ba6084cc2d407f04f783d9ee953693
qwen3,hotpotqa_long,6,CLP,primary_target_sum,1,0.3,all_body_tokens,375,353,11,2,2,positive_sum,full,ecab5af27e55b0a167280f460cb8b8e1fd5d10c12dd239b79fa1f548e61067db,all_baselines_20260910,b875a2189c482b982ba41988977d767aece0e1b4aac9ba946b74320dd823a129
qwen3,hotpotqa_long,7,CLP,primary_target_sum,0,0.3,all_body_tokens,310,269,5,1,2,positive_sum,full,75b50ad20cec84944c262de9b75fa536a6d4d6c0ea93edb0aea1fc2480c92315,all_baselines_20260910,c7b4165a8054b5c1eec6894dca88dfd76e65ba27abf47b6124cab82b577147c2
qwen3,hotpotqa_long,8,CLP,primary_target_sum,1,0.3,all_body_tokens,212,181,12,4,4,positive_sum,full,e3379b9b3929d623474f43a7124091f595fa110c7b34485e879d2a379f681ec7,all_baselines_20260910,8991e15cb462e72ad53a01bb08995727e62374cfcc80c4d51fb81449656b0ac4
qwen3,hotpotqa_long,9,CLP,primary_target_sum,1,0.3,all_body_tokens,293,265,9,4,4,positive_sum,full,02fe29e4077b4756c9fc784faf459747bd5d17482ab2579435835328c229de8c,all_baselines_20260910,f7fad09dbcfa5a4f203212536142569c410efe01d356cc763c668b1999988e21
qwen3,hotpotqa_long,10,CLP,primary_target_sum,0,0.3,all_body_tokens,387,381,9,2,4,positive_sum,full,bcb0ffc3da98e02b8456809a8cd349cbbcabe88e14fd251a737a3ef42af69a5e,all_baselines_20260910,25accd38c0d10041f818b2a2e73dde5198fbae80ff006ce1eb9d0d8fda07d729
qwen3,hotpotqa_long,11,CLP,primary_target_sum,1,0.3,all_body_tokens,259,251,6,2,2,positive_sum,full,945e5716021f5886cc77f6f677956219f8d3c43cc3520c2bcb8e052b00d31ccb,all_baselines_20260910,03a1c6ec8b1c9091cfdc743c4457995ede465b79264558e5731a86d72f40a499
qwen3,hotpotqa_long,12,CLP,primary_target_sum,0,0.3,all_body_tokens,571,552,17,1,2,positive_sum,full,6e8b504cb97eaff570d1906a89713ba36449d1082a4c6e1183f352eec41e10fc,all_baselines_20260910,d874e12d3d02f85fcad17d47af037992be5a4b211e28dc7c77cd81328eafac35
qwen3,hotpotqa_long,13,CLP,primary_target_sum,1,0.3,all_body_tokens,520,487,10,2,2,positive_sum,full,87624a6d65f946be43a2bfec7ab7bad17aa1ddd9eda8cd716d7ffdb3a59cd703,all_baselines_20260910,c175c4551dd65e52539359ef2f9468bb75df2822ef53f8d54ade93008cb83c46
qwen3,hotpotqa_long,14,CLP,primary_target_sum,0,0.3,all_body_tokens,400,380,10,1,2,positive_sum,full,78c72d6a4c42c09d96cc88d403de3480d2f2ae59151152fdd4e238847425f355,all_baselines_20260910,b7ae93719dd0ad9dd419430692597c76af0a3b60cdaf948256fe9cc0df7978f9
qwen3,hotpotqa_long,15,CLP,primary_target_sum,1,0.3,all_body_tokens,374,358,17,4,4,positive_sum,full,68c910036d86b9d7f594fac1d5aa87892b1c7d587b2e68dc08d9f9d5ffdcb0eb,all_baselines_20260910,8297714c938d1dca0d5dffa3fb689c3abff5eb8aa7cd3fcf8c7af4078808e8dc
qwen3,hotpotqa_long,16,CLP,primary_target_sum,1,0.3,all_body_tokens,292,284,12,2,2,positive_sum,full,825cfcdeb81643333615dfbce9375075c21a4a6a836c5306f0b6f484eb0590a1,all_baselines_20260910,b838257b550babd8b704fab992cb3de73a12e0798dcc75004ae5e5f8c35b3ecf
qwen3,hotpotqa_long,17,CLP,primary_target_sum,1,0.3,all_body_tokens,280,248,7,2,2,positive_sum,full,4512de494a2abd0f5e92812727aad6a95e932d015cc0dabc029b228c81b56a62,all_baselines_20260910,84874350c37020c6f52afa62344eaba1d701355e638802686620f31b0b903353
qwen3,hotpotqa_long,18,CLP,primary_target_sum,1,0.3,all_body_tokens,403,398,8,2,2,positive_sum,full,a0ddb2cfbdb92aa027ca2b4ed5189b4d5e2ba7e2874d049691f7699214b1c6c1,all_baselines_20260910,c6c064df40cfd9cfd7a7600a4d25978c750f234d667d5b130208b99d03084cb2
qwen3,hotpotqa_long,19,CLP,primary_target_sum,1,0.3,all_body_tokens,282,255,8,2,2,positive_sum,full,ee5e0cc6c3329fdb3aae643eec6be2e57e71b7ba1944711b3e005099ec67965e,all_baselines_20260910,f7d6c01bee84c6beedc5201af99a3931ed384f0ad9dd527a5835d100b47e8f85
qwen3,hotpotqa_long,20,CLP,primary_target_sum,0,0.3,all_body_tokens,343,304,10,1,2,positive_sum,full,814d68821bb4fa0befde40282c156f7e30d41934150a18a644f44243cb8626f8,all_baselines_20260910,e13a9e9eb39605839c0ff30b8a96d79d1be1715df35485700c9146977695c14e
qwen3,hotpotqa_long,21,CLP,primary_target_sum,0,0.3,all_body_tokens,438,419,15,1,2,positive_sum,full,0122bd8f00ec97deab09e94006f707cd17ea65af61abc12cc2791f230613d159,all_baselines_20260910,a66904adcc97465f33f3d30defa85c306bdcfe150266ca42dd9ffa406d788751
qwen3,hotpotqa_long,22,CLP,primary_target_sum,1,0.3,all_body_tokens,960,940,30,2,2,positive_sum,full,152982a618e2afd6d9ca5f5b5684dc7f992f51805705fff1959ddc3c93ddc722,all_baselines_20260910,4e780a3e43bd2788ea3b4e4bc04a354311e7c80533b76b44ac651a561b4f3d6d
qwen3,hotpotqa_long,23,CLP,primary_target_sum,1,0.3,all_body_tokens,402,380,10,3,3,positive_sum,full,160db6bf69d5c4d966b0c27083841c36334f4f4bfc00c92eabeb23df479b6aa4,all_baselines_20260910,3303b85558895a6f95b2af0a72bdb07456eac51c31cdac9257130f109ce9ac4e
qwen3,hotpotqa_long,24,CLP,primary_target_sum,1,0.3,all_body_tokens,355,351,13,3,3,positive_sum,full,e2ce8f9cf6beedc79e112fbb3f82407af37a139bf56a02519f8510f14bf04f10,all_baselines_20260910,4d8cda22d737bfa77c74f661c58f4027b51cf786b44b4bc392685048e9c22843
qwen3,hotpotqa_long,25,CLP,primary_target_sum,1,0.3,all_body_tokens,532,493,17,4,4,positive_sum,full,e4e012f3f682d31dc9f21841ca4b4276f69aa1b2de29adce1e789ece7329ed23,all_baselines_20260910,bc160c6552302d6cef40fff766b403655ac12ffa46d7766df066fa0a30762169
qwen3,hotpotqa_long,26,CLP,primary_target_sum,1,0.3,all_body_tokens,318,294,6,2,2,positive_sum,full,2e0ca85919df0d6cafad5851892bbc3d9c93e0731b529e7376c6b4050bb026af,all_baselines_20260910,e3b0c62b24aa16a597c28a8ddeb1fecd2c0441e57e3d0e792886c6643fbd6ced
qwen3,hotpotqa_long,27,CLP,primary_target_sum,1,0.3,all_body_tokens,516,488,17,2,2,positive_sum,full,1d5960dd30cbe98ef3f4df3e05e0f1822398fcd20a387266f4a6f0ed61f4c176,all_baselines_20260910,2c004ad07655ae7dc531e6bdbb9685d1db77b236b4e4b47e78f618d550ff4185
qwen3,hotpotqa_long,28,CLP,primary_target_sum,0,0.3,all_body_tokens,287,258,9,1,3,positive_sum,full,b234519ffccd66b1b5e2ad621fbc2eb6e382edc9da6909aff7ba1b6d9cc1bc37,all_baselines_20260910,29ed73c1089d0228f0046c1c914462dca6614a42b84c1fa559780ff791bad613
qwen3,hotpotqa_long,29,CLP,primary_target_sum,1,0.3,all_body_tokens,269,245,10,3,3,positive_sum,full,12d3bde4e0fef477b5b8fce49cb780e0c93f89732f28740ef30b2c2d6b34fc43,all_baselines_20260910,8862e3d5fc6b107bec3f9e3ec4df71c50b51a6ae24055ca91e6352447d154448
qwen3,hotpotqa_long,30,CLP,primary_target_sum,0,0.3,all_body_tokens,384,365,14,1,2,positive_sum,full,f858f94965df80eba503f062686f51cbac22fc8e8bcea3594719f16f1fb6cbbb,all_baselines_20260910,4252a84d650a7cab8a45910d071d2db1c914d320375c53423558353b82f3c014
qwen3,hotpotqa_long,31,CLP,primary_target_sum,1,0.3,all_body_tokens,539,507,15,2,2,positive_sum,full,8c688b99546286876a5a929a243a9a5d950fcfa99428a826728211dc4eedd770,all_baselines_20260910,0cf5b9e53155ba0631a3414f19c60c858a662844b0e312bbb3b292c6faa6e4bf
qwen3,hotpotqa_long,32,CLP,primary_target_sum,1,0.3,all_body_tokens,358,338,8,3,3,positive_sum,full,76ffafbf0f199021b5b3af908891e9dde71b6a395a84267b760e14adddeecafe,all_baselines_20260910,0d0f2f6d2a817ddb2b83dda8e983ba358ec0889860cdc0d9fc93eba8b97b305a
qwen3,hotpotqa_long,33,CLP,primary_target_sum,0,0.3,all_body_tokens,329,328,8,1,3,positive_sum,full,e6f593041274d1f4154e4591f5b9eb42a7bebe8174eae514b91d2bedb4f4a0e8,all_baselines_20260910,a1560f18ea1630d37d616cd687026128237e856c0b927fa3a4e635df893a7018
qwen3,hotpotqa_long,34,CLP,primary_target_sum,0,0.3,all_body_tokens,311,289,11,1,2,positive_sum,full,340be160ce2cd4d8286e37b9443566e8b18b13f4e32aba2b52686e0e470288c3,all_baselines_20260910,acd9b40c0e5509e8c6cf121737858afd02e220e04ccc71f8fb5e234cda66dbea
qwen3,hotpotqa_long,35,CLP,primary_target_sum,0,0.3,all_body_tokens,363,357,17,2,3,positive_sum,full,f1fb5057c13357e03ef2375b6d9b6f009d981ff4da28ca64a04f43bf48d39015,all_baselines_20260910,f05347149fbe9f901eaf1db3d4b8a50309ffa626b3f3a8a789cc0a7cd036ab2e
qwen3,hotpotqa_long,36,CLP,primary_target_sum,1,0.3,all_body_tokens,464,447,16,2,2,positive_sum,full,86cfe7c38ec1278df15d09960429b3658e0d499a4d7b282af52f2a4ab83b678f,all_baselines_20260910,7655922419f6f3c0f71db0f4e0e4c1e425d1d385c6901627a48721657680af77
qwen3,hotpotqa_long,37,CLP,primary_target_sum,0,0.3,all_body_tokens,355,335,10,0,2,positive_sum,full,1b6ba36ac201f44ee981735184f12476de54ea643c31415fab289b4409988237,all_baselines_20260910,bf6587393775ba4faaacbcd29831f9a1dcff54fa82f17ecef8bb09a189f299ae
qwen3,hotpotqa_long,38,CLP,primary_target_sum,1,0.3,all_body_tokens,391,354,12,2,2,positive_sum,full,b60166fabe4615da88ad723e73938b60f3e3586f06bf7c17349a5c02a1379fb0,all_baselines_20260910,157c006eaf3e1d21d8dac8cf0da634b42660aeecc1e11577dad2b57c44b39071
qwen3,hotpotqa_long,39,CLP,primary_target_sum,0,0.3,all_body_tokens,216,204,6,1,2,positive_sum,full,55860e03ba5c1d2fe949816f0090eb55ec372d3fa9dd09760260b4fe8dc09a3c,all_baselines_20260910,3f6e6a681331fc487a1e7946fdf6bbf307d391e8be98c658befebada09c1d5e0
qwen3,hotpotqa_long,40,CLP,primary_target_sum,1,0.3,all_body_tokens,422,410,11,4,4,positive_sum,full,8b8844204fdbbe2ff066bda485b9f5d85f5786d3eb85f695ec03cf36a1fbc77e,all_baselines_20260910,06d5b0764163ee831cb5d0289e0ab1dda7e8f6370ffd8041709c01c86e4258f0
qwen3,hotpotqa_long,41,CLP,primary_target_sum,1,0.3,all_body_tokens,266,230,10,4,4,positive_sum,full,4d905f80d261d539feb4127bf63a94bc152f09b85b4470515f75f339fd2aad5c,all_baselines_20260910,c258b867ac29cb679ebb8dce88f4a33d84b49bf543ec2ef86a79ae8cc0c2fe77
qwen3,hotpotqa_long,42,CLP,primary_target_sum,0,0.3,all_body_tokens,394,346,9,1,2,positive_sum,full,18e337d932c0fe10be624a3161ec292cd30bd8fb735e49094bded6e95513e44b,all_baselines_20260910,914f0133d5b21cae1e0a298c3054f98d1e4e3f4cf84f50987f555ecff7f19966
qwen3,hotpotqa_long,43,CLP,primary_target_sum,1,0.3,all_body_tokens,378,353,11,3,3,positive_sum,full,569ada0572ca691e6c8cff1ae2fba589f7705a164f8a8099e35446d6ce97302a,all_baselines_20260910,6325cb069533050104e78426bad9f96636bc6ecc60710d5cedcc64d77e4b970a
qwen3,hotpotqa_long,44,CLP,primary_target_sum,1,0.3,all_body_tokens,250,246,10,3,3,positive_sum,full,52b633c7cf91c35f0802927301cccb70e02d080e5b8a4eb819d7a23eb2300f22,all_baselines_20260910,5c7c3fc83322cf785261b5c6bc39741e1041ac32361c9991b46c96bbe052bf8f
qwen3,hotpotqa_long,45,CLP,primary_target_sum,0,0.3,all_body_tokens,551,543,17,1,2,positive_sum,full,fbc542468e24eb293a05c6735e658f95a2b6633394b44a74534b10d3f1d1090b,all_baselines_20260910,aac76bcc50386fef1870241c19fea12e95fdda2f68934cb97c81ec3bcb74a1fb
qwen3,hotpotqa_long,46,CLP,primary_target_sum,1,0.3,all_body_tokens,398,375,11,2,2,positive_sum,full,fd87b887094d88002efc94dfbca08e35fdb72509347fca562ecb6bdba9649408,all_baselines_20260910,70b7b12c61574ded261937687e04055bc1e4c530f6ca1210541046a4a52abbae
qwen3,hotpotqa_long,47,CLP,primary_target_sum,1,0.3,all_body_tokens,265,259,8,3,3,positive_sum,full,57a10ed31a5f23710adfccd00d7a1ea1392d9b8bd5abae692e2dc57d03f8e295,all_baselines_20260910,c48c93672354139651943f865aa4670d4a0de56fc77710b4e6f81a78be7fff4c
qwen3,hotpotqa_long,0,IFR,primary_target_sum,1,0.3,all_body_tokens,865,819,17,2,2,positive_sum,full,5c7082704d4e93a321fc731fd67da47442fb04fc8f347e2b23813f28cae37c49,all_baselines_20260910,3be0dbe02b851794d3de8878f7e0dea3908c93b9839e41fe906b10b06cea63a2
qwen3,hotpotqa_long,1,IFR,primary_target_sum,1,0.3,all_body_tokens,349,341,10,3,3,positive_sum,full,ee831b70d0620fa6da383ddfc30ac6be445c4c3432af087302b5731e64f259a3,all_baselines_20260910,0d174646c3f561ca991dab0e3b794ab61cfe2b7491a9397b1024c2936074fcbe
qwen3,hotpotqa_long,2,IFR,primary_target_sum,1,0.3,all_body_tokens,355,318,8,3,3,positive_sum,full,0bf5f0afce644fca614c061e4222c6ef9a3df5dcd165949b86c2c8c070a441f1,all_baselines_20260910,81e4e6e33163dce9e6edfe22554df9077c3c6456792d0ee6fbedb9c37d934270
qwen3,hotpotqa_long,3,IFR,primary_target_sum,1,0.3,all_body_tokens,284,249,9,2,2,positive_sum,full,5ef5a8b7d5f9f8663f0710d9977bd3f4fb4e77433b27e4ce4f42034819c9d06f,all_baselines_20260910,2a1766305180d967b4859c5ac6c20d46faa0b73fdf91fcc22b37f020156380c1
qwen3,hotpotqa_long,4,IFR,primary_target_sum,1,0.3,all_body_tokens,356,330,9,3,3,positive_sum,full,c40c902d0794983fe6fdd350267594a796ca56f9025d59f3cd4cb0c2bd5b7192,all_baselines_20260910,4374de7ec7c8bb2fd95d564b983da3d360ac638f210b4f5688e9ec752d08cebc
qwen3,hotpotqa_long,5,IFR,primary_target_sum,1,0.3,all_body_tokens,525,495,12,3,3,positive_sum,full,119145def7cf40122190971427e159b55222f88f75367d933850edf949f0b239,all_baselines_20260910,f6590cf6b917fa5c2b69e40d3ab279e945d249311745b1779ac211b6117d9aa2
qwen3,hotpotqa_long,6,IFR,primary_target_sum,1,0.3,all_body_tokens,375,345,9,2,2,positive_sum,full,ecab5af27e55b0a167280f460cb8b8e1fd5d10c12dd239b79fa1f548e61067db,all_baselines_20260910,d0eaafd4fbfbf1b7e8d6c6c779f2ac57ed823f0aef022b44f647618f09914908
qwen3,hotpotqa_long,7,IFR,primary_target_sum,1,0.3,all_body_tokens,310,290,6,2,2,positive_sum,full,75b50ad20cec84944c262de9b75fa536a6d4d6c0ea93edb0aea1fc2480c92315,all_baselines_20260910,8230ece3e7a2b849b21f823130f9041440d665b0ee2f112213b3457f1f3f7f00
qwen3,hotpotqa_long,8,IFR,primary_target_sum,0,0.3,all_body_tokens,212,187,8,3,4,positive_sum,full,e3379b9b3929d623474f43a7124091f595fa110c7b34485e879d2a379f681ec7,all_baselines_20260910,98056e1517bdd64fe7680f5f1ed5c4b7d80ab7c74303037a2becc61af1df4acd
qwen3,hotpotqa_long,9,IFR,primary_target_sum,1,0.3,all_body_tokens,293,271,10,4,4,positive_sum,full,02fe29e4077b4756c9fc784faf459747bd5d17482ab2579435835328c229de8c,all_baselines_20260910,f29d753a9119007a51ab0564131582bf26befa495310d11197fdf195377127d6
qwen3,hotpotqa_long,10,IFR,primary_target_sum,1,0.3,all_body_tokens,387,355,9,4,4,positive_sum,full,bcb0ffc3da98e02b8456809a8cd349cbbcabe88e14fd251a737a3ef42af69a5e,all_baselines_20260910,8d9d1fe667f3fff7a901d6fb030f4c15812584886b6132b8917763c2688bce27
qwen3,hotpotqa_long,11,IFR,primary_target_sum,1,0.3,all_body_tokens,259,233,5,2,2,positive_sum,full,945e5716021f5886cc77f6f677956219f8d3c43cc3520c2bcb8e052b00d31ccb,all_baselines_20260910,49bc97e7cf14328f35d70ee4f6c16eb1a58f7a8cb450b93e076d734fde5653f0
qwen3,hotpotqa_long,12,IFR,primary_target_sum,1,0.3,all_body_tokens,571,564,13,2,2,positive_sum,full,6e8b504cb97eaff570d1906a89713ba36449d1082a4c6e1183f352eec41e10fc,all_baselines_20260910,0da70b0a56e9886aab5e5efdd1f20bd0e5afaf96690f66d130388837cdfba5c2
qwen3,hotpotqa_long,13,IFR,primary_target_sum,1,0.3,all_body_tokens,520,504,8,2,2,positive_sum,full,87624a6d65f946be43a2bfec7ab7bad17aa1ddd9eda8cd716d7ffdb3a59cd703,all_baselines_20260910,4d989177d78d3f5470bfc06b3d78c4be76471e9a8ef4dc2f1c89f4ce162a2014
qwen3,hotpotqa_long,14,IFR,primary_target_sum,1,0.3,all_body_tokens,400,379,10,2,2,positive_sum,full,78c72d6a4c42c09d96cc88d403de3480d2f2ae59151152fdd4e238847425f355,all_baselines_20260910,0455c19a6a07ff688a014b397237eb641f2f44d12863c05554112514078bb677
qwen3,hotpotqa_long,15,IFR,primary_target_sum,1,0.3,all_body_tokens,374,358,12,4,4,positive_sum,full,68c910036d86b9d7f594fac1d5aa87892b1c7d587b2e68dc08d9f9d5ffdcb0eb,all_baselines_20260910,bb0c260112146fe4be16ecb1b304ee3b6ff2ee999e3d0e140c6df96f0e354ae1
qwen3,hotpotqa_long,16,IFR,primary_target_sum,0,0.3,all_body_tokens,292,270,9,1,2,positive_sum,full,825cfcdeb81643333615dfbce9375075c21a4a6a836c5306f0b6f484eb0590a1,all_baselines_20260910,07fd57762f7cfd653f57d107800e39fcdebd8e757d02003fca4f2dd640a42d37
qwen3,hotpotqa_long,17,IFR,primary_target_sum,1,0.3,all_body_tokens,280,273,7,2,2,positive_sum,full,4512de494a2abd0f5e92812727aad6a95e932d015cc0dabc029b228c81b56a62,all_baselines_20260910,79f82c70be7950ce8ce1a14c5b189881d82e2118dbd918b32657458d42c80f84
qwen3,hotpotqa_long,18,IFR,primary_target_sum,1,0.3,all_body_tokens,403,387,8,2,2,positive_sum,full,a0ddb2cfbdb92aa027ca2b4ed5189b4d5e2ba7e2874d049691f7699214b1c6c1,all_baselines_20260910,62664083fddec2631186dda7f129f38b582d6ac976f6c1eea1d8d4d0b786b45a
qwen3,hotpotqa_long,19,IFR,primary_target_sum,1,0.3,all_body_tokens,282,252,5,2,2,positive_sum,full,ee5e0cc6c3329fdb3aae643eec6be2e57e71b7ba1944711b3e005099ec67965e,all_baselines_20260910,d1778f483b40455eb28551618c87ae4e19985c4a945b144b8cd4db4e793a6caa
qwen3,hotpotqa_long,20,IFR,primary_target_sum,1,0.3,all_body_tokens,343,316,9,2,2,positive_sum,full,814d68821bb4fa0befde40282c156f7e30d41934150a18a644f44243cb8626f8,all_baselines_20260910,3e5d37d4585cd260c8dbae0166039ffb89457eedb56a2aa907cad7d7e7285c33
qwen3,hotpotqa_long,21,IFR,primary_target_sum,1,0.3,all_body_tokens,438,433,11,2,2,positive_sum,full,0122bd8f00ec97deab09e94006f707cd17ea65af61abc12cc2791f230613d159,all_baselines_20260910,15519d279e4f9b1435506b160dccf2afd6073c9a89f9d8b3db1fb19cb3260016
qwen3,hotpotqa_long,22,IFR,primary_target_sum,1,0.3,all_body_tokens,960,948,26,2,2,positive_sum,full,152982a618e2afd6d9ca5f5b5684dc7f992f51805705fff1959ddc3c93ddc722,all_baselines_20260910,39f057431adefc6fe44e7b238cd5e33ebd17b5d13ef99b7d318ed87d294d745d
qwen3,hotpotqa_long,23,IFR,primary_target_sum,1,0.3,all_body_tokens,402,398,10,3,3,positive_sum,full,160db6bf69d5c4d966b0c27083841c36334f4f4bfc00c92eabeb23df479b6aa4,all_baselines_20260910,8a062ea53e9961b78cccf8ce7fa6c37ebb398d3e9b09fbf95113f93990c9a31d
qwen3,hotpotqa_long,24,IFR,primary_target_sum,1,0.3,all_body_tokens,355,330,10,3,3,positive_sum,full,e2ce8f9cf6beedc79e112fbb3f82407af37a139bf56a02519f8510f14bf04f10,all_baselines_20260910,e6be7f61322179bd440688084189015d39d83d04a1e8689409731234cffe18f8
qwen3,hotpotqa_long,25,IFR,primary_target_sum,1,0.3,all_body_tokens,532,513,14,4,4,positive_sum,full,e4e012f3f682d31dc9f21841ca4b4276f69aa1b2de29adce1e789ece7329ed23,all_baselines_20260910,17b5d2e8454aa36c380f126341691c7fbc3c68eaf65cbfd459732c6372ff95b8
qwen3,hotpotqa_long,26,IFR,primary_target_sum,1,0.3,all_body_tokens,318,311,5,2,2,positive_sum,full,2e0ca85919df0d6cafad5851892bbc3d9c93e0731b529e7376c6b4050bb026af,all_baselines_20260910,474480ca73d5530af71c7be35ea19b16a77fe9235253f4639b0e0286422e4f82
qwen3,hotpotqa_long,27,IFR,primary_target_sum,1,0.3,all_body_tokens,516,494,14,2,2,positive_sum,full,1d5960dd30cbe98ef3f4df3e05e0f1822398fcd20a387266f4a6f0ed61f4c176,all_baselines_20260910,a903f4d06be4a0ec30e36bd93a118d22fe3d888cc99a659f3ff9ff83b8fb520d
qwen3,hotpotqa_long,28,IFR,primary_target_sum,0,0.3,all_body_tokens,287,241,4,2,3,positive_sum,full,b234519ffccd66b1b5e2ad621fbc2eb6e382edc9da6909aff7ba1b6d9cc1bc37,all_baselines_20260910,38c601b2008e24dfcfe85bd72f820926b7595fb1eccd3976a92cfc523231d722
qwen3,hotpotqa_long,29,IFR,primary_target_sum,0,0.3,all_body_tokens,269,267,7,2,3,positive_sum,full,12d3bde4e0fef477b5b8fce49cb780e0c93f89732f28740ef30b2c2d6b34fc43,all_baselines_20260910,2f8bb06bf724bd5f8a24d1819d23bd55fae8bae9ed93000c98138778b9eba121
qwen3,hotpotqa_long,30,IFR,primary_target_sum,1,0.3,all_body_tokens,384,361,11,2,2,positive_sum,full,f858f94965df80eba503f062686f51cbac22fc8e8bcea3594719f16f1fb6cbbb,all_baselines_20260910,ef9adae50e3ac318ce90f17b93798d783fa8564b99b2ef0b3b9c1bdc400786ee
qwen3,hotpotqa_long,31,IFR,primary_target_sum,1,0.3,all_body_tokens,539,532,12,2,2,positive_sum,full,8c688b99546286876a5a929a243a9a5d950fcfa99428a826728211dc4eedd770,all_baselines_20260910,53d788e251d369e4114e33a4bef881eb30a7e3616518bce065af64f13585598c
qwen3,hotpotqa_long,32,IFR,primary_target_sum,1,0.3,all_body_tokens,358,340,7,3,3,positive_sum,full,76ffafbf0f199021b5b3af908891e9dde71b6a395a84267b760e14adddeecafe,all_baselines_20260910,e970de021a01b040ddc2e3cabfdcd7d84b8fc64688c1ed13995f20479ac3a865
qwen3,hotpotqa_long,33,IFR,primary_target_sum,1,0.3,all_body_tokens,329,313,6,3,3,positive_sum,full,e6f593041274d1f4154e4591f5b9eb42a7bebe8174eae514b91d2bedb4f4a0e8,all_baselines_20260910,510d4fe78793ab800bb159f5c6ccdd165cdd283febccc8264b0c950f2a686b37
qwen3,hotpotqa_long,34,IFR,primary_target_sum,1,0.3,all_body_tokens,311,307,10,2,2,positive_sum,full,340be160ce2cd4d8286e37b9443566e8b18b13f4e32aba2b52686e0e470288c3,all_baselines_20260910,a530af67256fe19fcdf97e684b0ee0ab13e50baf4aaf3af658c9862c7317d990
qwen3,hotpotqa_long,35,IFR,primary_target_sum,1,0.3,all_body_tokens,363,363,12,3,3,positive_sum,full,f1fb5057c13357e03ef2375b6d9b6f009d981ff4da28ca64a04f43bf48d39015,all_baselines_20260910,e8869c3350d02b6a3308354302df8e089fc8136f1b4afc79651e43509c5cf816
qwen3,hotpotqa_long,36,IFR,primary_target_sum,1,0.3,all_body_tokens,464,421,13,2,2,positive_sum,full,86cfe7c38ec1278df15d09960429b3658e0d499a4d7b282af52f2a4ab83b678f,all_baselines_20260910,c58bb49294e508e6b4c254543576d8540b76c3bc28fcbf4f79dc97f106dd7af3
qwen3,hotpotqa_long,37,IFR,primary_target_sum,1,0.3,all_body_tokens,355,327,8,2,2,positive_sum,full,1b6ba36ac201f44ee981735184f12476de54ea643c31415fab289b4409988237,all_baselines_20260910,5056150d9fb88f0ebd7383c52845cc8549d3a52dbb55d1d8770b3d8735a205f2
qwen3,hotpotqa_long,38,IFR,primary_target_sum,1,0.3,all_body_tokens,391,376,9,2,2,positive_sum,full,b60166fabe4615da88ad723e73938b60f3e3586f06bf7c17349a5c02a1379fb0,all_baselines_20260910,3a9aceacbb70d43f32647964d48c807a5645e7ff23287118454ccb297b690942
qwen3,hotpotqa_long,39,IFR,primary_target_sum,0,0.3,all_body_tokens,216,144,3,1,2,positive_sum,full,55860e03ba5c1d2fe949816f0090eb55ec372d3fa9dd09760260b4fe8dc09a3c,all_baselines_20260910,6edb939f8f35b52c3ed4b8381f40b5aa875965d78dba149d27b0506036a325a3
qwen3,hotpotqa_long,40,IFR,primary_target_sum,0,0.3,all_body_tokens,422,414,12,3,4,positive_sum,full,8b8844204fdbbe2ff066bda485b9f5d85f5786d3eb85f695ec03cf36a1fbc77e,all_baselines_20260910,610971137c4befa900c00afd03c4a16cd56683458d208b08577e52e389be7368
qwen3,hotpotqa_long,41,IFR,primary_target_sum,1,0.3,all_body_tokens,266,261,10,4,4,positive_sum,full,4d905f80d261d539feb4127bf63a94bc152f09b85b4470515f75f339fd2aad5c,all_baselines_20260910,e8d6d9869666ad3eb39ef84818fbae49fa0340e79e3bc63169d7c55f0ba89882
qwen3,hotpotqa_long,42,IFR,primary_target_sum,1,0.3,all_body_tokens,394,336,8,2,2,positive_sum,full,18e337d932c0fe10be624a3161ec292cd30bd8fb735e49094bded6e95513e44b,all_baselines_20260910,d0da17db3a337b23faaf0caba7b8045b29b395e9e18fb8987b803b019c80a1fc
qwen3,hotpotqa_long,43,IFR,primary_target_sum,1,0.3,all_body_tokens,378,368,9,3,3,positive_sum,full,569ada0572ca691e6c8cff1ae2fba589f7705a164f8a8099e35446d6ce97302a,all_baselines_20260910,3ba047c20e434468d7c046135f557992b5c3446bbe41e758c95824907cc2464a
qwen3,hotpotqa_long,44,IFR,primary_target_sum,1,0.3,all_body_tokens,250,241,8,3,3,positive_sum,full,52b633c7cf91c35f0802927301cccb70e02d080e5b8a4eb819d7a23eb2300f22,all_baselines_20260910,7aef1c4256deb13f205a6f1964e4b52e0319125c9e0812967cbc8c4b70f8fecf
qwen3,hotpotqa_long,45,IFR,primary_target_sum,1,0.3,all_body_tokens,551,536,10,2,2,positive_sum,full,fbc542468e24eb293a05c6735e658f95a2b6633394b44a74534b10d3f1d1090b,all_baselines_20260910,e63857c68fc7b2e09ce26ac23663a00548eaa855bed841f19aefc39e26574603
qwen3,hotpotqa_long,46,IFR,primary_target_sum,1,0.3,all_body_tokens,398,356,8,2,2,positive_sum,full,fd87b887094d88002efc94dfbca08e35fdb72509347fca562ecb6bdba9649408,all_baselines_20260910,0461bbd0e66232408063c409b5e45c7578327876b88ef0b21a10020e05533f24
qwen3,hotpotqa_long,47,IFR,primary_target_sum,0,0.3,all_body_tokens,265,246,7,2,3,positive_sum,full,57a10ed31a5f23710adfccd00d7a1ea1392d9b8bd5abae692e2dc57d03f8e295,all_baselines_20260910,73577b442e3adc83ae19804e9088c026effcc00b27f2a33b9845907dc6e0d8e1
qwen3,hotpotqa_long,0,AttnLRP,primary_target_sum,1,0.3,all_body_tokens,865,787,15,2,2,positive_sum,full,5c7082704d4e93a321fc731fd67da47442fb04fc8f347e2b23813f28cae37c49,all_baselines_20260910,7223036f947bc970a1e7bf6ec7574e55d1f2e25a1e9c3c65fecf7e872cc8c9b4
qwen3,hotpotqa_long,1,AttnLRP,primary_target_sum,1,0.3,all_body_tokens,349,334,9,3,3,positive_sum,full,ee831b70d0620fa6da383ddfc30ac6be445c4c3432af087302b5731e64f259a3,all_baselines_20260910,7dac54d9c300683b1cf3d551d0d346c7816de70e744aab31e95614455f69adba
qwen3,hotpotqa_long,2,AttnLRP,primary_target_sum,1,0.3,all_body_tokens,355,338,9,3,3,positive_sum,full,0bf5f0afce644fca614c061e4222c6ef9a3df5dcd165949b86c2c8c070a441f1,all_baselines_20260910,d1c0dc61a08da1138cd3be7f5d2a16a14d8e49045eba4a759b8b66cbea6bbd19
qwen3,hotpotqa_long,3,AttnLRP,primary_target_sum,1,0.3,all_body_tokens,284,265,9,2,2,positive_sum,full,5ef5a8b7d5f9f8663f0710d9977bd3f4fb4e77433b27e4ce4f42034819c9d06f,all_baselines_20260910,a617a6204a33424301e08510b0d6e58b2951e012e5e6fecaa7e44e485dc2af0f
qwen3,hotpotqa_long,4,AttnLRP,primary_target_sum,1,0.3,all_body_tokens,356,341,10,3,3,positive_sum,full,c40c902d0794983fe6fdd350267594a796ca56f9025d59f3cd4cb0c2bd5b7192,all_baselines_20260910,e70af2e701cf2464a884033ac9298be12837bc317274e4d29c993901469d0baf
qwen3,hotpotqa_long,5,AttnLRP,primary_target_sum,1,0.3,all_body_tokens,525,511,14,3,3,positive_sum,full,119145def7cf40122190971427e159b55222f88f75367d933850edf949f0b239,all_baselines_20260910,d4aafa3d60433e76cc3f833e4b2a942d0f8d6c44356b5a161a3d2be434085a95
qwen3,hotpotqa_long,6,AttnLRP,primary_target_sum,1,0.3,all_body_tokens,375,360,11,2,2,positive_sum,full,ecab5af27e55b0a167280f460cb8b8e1fd5d10c12dd239b79fa1f548e61067db,all_baselines_20260910,fdc88100fe4092784e82d46d4e4c21c87371de87e7bba021c255d78bb84c79fd
qwen3,hotpotqa_long,7,AttnLRP,primary_target_sum,1,0.3,all_body_tokens,310,261,5,2,2,positive_sum,full,75b50ad20cec84944c262de9b75fa536a6d4d6c0ea93edb0aea1fc2480c92315,all_baselines_20260910,3f035727eb7aad7dc7c06c58ad4a01cb9ed1995959669e244485bf4ef5db2ff3
qwen3,hotpotqa_long,8,AttnLRP,primary_target_sum,0,0.3,all_body_tokens,212,188,8,3,4,positive_sum,full,e3379b9b3929d623474f43a7124091f595fa110c7b34485e879d2a379f681ec7,all_baselines_20260910,5a3d76e2a35d054e2fc42744c5ab1baeec55e2195e31ff93e94764e0ae4a8864
qwen3,hotpotqa_long,9,AttnLRP,primary_target_sum,1,0.3,all_body_tokens,293,275,10,4,4,positive_sum,full,02fe29e4077b4756c9fc784faf459747bd5d17482ab2579435835328c229de8c,all_baselines_20260910,741f60edc6b8ad1bca08acb05d4f4404bd81d1afb5adc1fe42dad410c3cef49b
qwen3,hotpotqa_long,10,AttnLRP,primary_target_sum,1,0.3,all_body_tokens,387,344,8,4,4,positive_sum,full,bcb0ffc3da98e02b8456809a8cd349cbbcabe88e14fd251a737a3ef42af69a5e,all_baselines_20260910,6b90bbf8bc24d59ae197a14331c2ad91127c5347c69e1194ab16eba308ea4fad
qwen3,hotpotqa_long,11,AttnLRP,primary_target_sum,1,0.3,all_body_tokens,259,246,6,2,2,positive_sum,full,945e5716021f5886cc77f6f677956219f8d3c43cc3520c2bcb8e052b00d31ccb,all_baselines_20260910,7339f7105d45c6c4ab54cb1b41923efb6aa6f6815c32df1cd82ec13d9811e470
qwen3,hotpotqa_long,12,AttnLRP,primary_target_sum,1,0.3,all_body_tokens,571,569,11,2,2,positive_sum,full,6e8b504cb97eaff570d1906a89713ba36449d1082a4c6e1183f352eec41e10fc,all_baselines_20260910,063868ea75c9fa0e2ee771f51a090394953e29d196c227c2627f0f5e21667d3d
qwen3,hotpotqa_long,13,AttnLRP,primary_target_sum,1,0.3,all_body_tokens,520,465,8,2,2,positive_sum,full,87624a6d65f946be43a2bfec7ab7bad17aa1ddd9eda8cd716d7ffdb3a59cd703,all_baselines_20260910,05b38c405256ac5dc02cb4ce9482237236ff34f9b041ed1c0f595ddd1d87ad96
qwen3,hotpotqa_long,14,AttnLRP,primary_target_sum,1,0.3,all_body_tokens,400,363,9,2,2,positive_sum,full,78c72d6a4c42c09d96cc88d403de3480d2f2ae59151152fdd4e238847425f355,all_baselines_20260910,2bbc8e4e9b3df16cde564a37d817c13b64465c5d2d2b41c6550dd11fb13d7a3a
qwen3,hotpotqa_long,15,AttnLRP,primary_target_sum,1,0.3,all_body_tokens,374,345,12,4,4,positive_sum,full,68c910036d86b9d7f594fac1d5aa87892b1c7d587b2e68dc08d9f9d5ffdcb0eb,all_baselines_20260910,00753f91aaced4517e6f0a590d69721ed11c9bdfc3dd54ddb2f86267b2415c93
qwen3,hotpotqa_long,16,AttnLRP,primary_target_sum,0,0.3,all_body_tokens,292,239,9,1,2,positive_sum,full,825cfcdeb81643333615dfbce9375075c21a4a6a836c5306f0b6f484eb0590a1,all_baselines_20260910,6f16ac55142f638054e35696837b9ea955aa3082b25b320a2f20fc2bb6e0f2c5
qwen3,hotpotqa_long,17,AttnLRP,primary_target_sum,1,0.3,all_body_tokens,280,280,7,2,2,positive_sum,full,4512de494a2abd0f5e92812727aad6a95e932d015cc0dabc029b228c81b56a62,all_baselines_20260910,5c8de94f7a185e0075e82d0468f59614d93913e3ac0b6d0d5986d28d862edc4c
qwen3,hotpotqa_long,18,AttnLRP,primary_target_sum,1,0.3,all_body_tokens,403,376,7,2,2,positive_sum,full,a0ddb2cfbdb92aa027ca2b4ed5189b4d5e2ba7e2874d049691f7699214b1c6c1,all_baselines_20260910,1a44163d96a09d9aebf099f069e154699c04aa2b1436e094d560b2b53a88c11f
qwen3,hotpotqa_long,19,AttnLRP,primary_target_sum,1,0.3,all_body_tokens,282,252,5,2,2,positive_sum,full,ee5e0cc6c3329fdb3aae643eec6be2e57e71b7ba1944711b3e005099ec67965e,all_baselines_20260910,88f03309b6f502548d31ba0647d02c9036b55b2096dc2f746dd9f3da4c789a45
qwen3,hotpotqa_long,20,AttnLRP,primary_target_sum,1,0.3,all_body_tokens,343,321,9,2,2,positive_sum,full,814d68821bb4fa0befde40282c156f7e30d41934150a18a644f44243cb8626f8,all_baselines_20260910,cfdd8429e8746a9a17c2902e61b3325a5bbca7da403a8b067083ffbac69359ce
qwen3,hotpotqa_long,21,AttnLRP,primary_target_sum,1,0.3,all_body_tokens,438,424,12,2,2,positive_sum,full,0122bd8f00ec97deab09e94006f707cd17ea65af61abc12cc2791f230613d159,all_baselines_20260910,58ec4bdf5d96ec8bee1e18bdee00e21d1b6fa851e872cf5bdf01f215d3e613a7
qwen3,hotpotqa_long,22,AttnLRP,primary_target_sum,1,0.3,all_body_tokens,960,916,25,2,2,positive_sum,full,152982a618e2afd6d9ca5f5b5684dc7f992f51805705fff1959ddc3c93ddc722,all_baselines_20260910,1e8d17aaabb1f1ad3ed427348f76d114948390dddb318cb9dcacd993544d4971
qwen3,hotpotqa_long,23,AttnLRP,primary_target_sum,1,0.3,all_body_tokens,402,383,9,3,3,positive_sum,full,160db6bf69d5c4d966b0c27083841c36334f4f4bfc00c92eabeb23df479b6aa4,all_baselines_20260910,08e025a5e7b961b27709937180d868241875005769e8fc5c866a705ef39fd08f
qwen3,hotpotqa_long,24,AttnLRP,primary_target_sum,1,0.3,all_body_tokens,355,347,11,3,3,positive_sum,full,e2ce8f9cf6beedc79e112fbb3f82407af37a139bf56a02519f8510f14bf04f10,all_baselines_20260910,924fb46f214ca6d63db25030dbdbd1c84c5d2a048d682679855f1e5d52837112
qwen3,hotpotqa_long,25,AttnLRP,primary_target_sum,1,0.3,all_body_tokens,532,509,16,4,4,positive_sum,full,e4e012f3f682d31dc9f21841ca4b4276f69aa1b2de29adce1e789ece7329ed23,all_baselines_20260910,04a43ce940adbb4481983073dc8543e23377b482dff22163c133700e4f89e139
qwen3,hotpotqa_long,26,AttnLRP,primary_target_sum,1,0.3,all_body_tokens,318,302,5,2,2,positive_sum,full,2e0ca85919df0d6cafad5851892bbc3d9c93e0731b529e7376c6b4050bb026af,all_baselines_20260910,b938ed6b203d5eed09160bdde93c709f64e8781db854934e6834f597a77938eb
qwen3,hotpotqa_long,27,AttnLRP,primary_target_sum,1,0.3,all_body_tokens,516,483,14,2,2,positive_sum,full,1d5960dd30cbe98ef3f4df3e05e0f1822398fcd20a387266f4a6f0ed61f4c176,all_baselines_20260910,18c6a6c8fb1cecb140d844a389873b1b0c8d6c35abd51e49be8ce7f15fce84d7
qwen3,hotpotqa_long,28,AttnLRP,primary_target_sum,1,0.3,all_body_tokens,287,273,5,3,3,positive_sum,full,b234519ffccd66b1b5e2ad621fbc2eb6e382edc9da6909aff7ba1b6d9cc1bc37,all_baselines_20260910,638ab269d0080728d65fc425566f4c6665089a0100d1e8cc7f118217d41e372d
qwen3,hotpotqa_long,29,AttnLRP,primary_target_sum,0,0.3,all_body_tokens,269,234,5,2,3,positive_sum,full,12d3bde4e0fef477b5b8fce49cb780e0c93f89732f28740ef30b2c2d6b34fc43,all_baselines_20260910,a73fb7849540d15561479bde8cae235b89455484d18ea67313e5c144505e67ea
qwen3,hotpotqa_long,30,AttnLRP,primary_target_sum,1,0.3,all_body_tokens,384,374,9,2,2,positive_sum,full,f858f94965df80eba503f062686f51cbac22fc8e8bcea3594719f16f1fb6cbbb,all_baselines_20260910,d2e84965fd5fd545879cf4558acebf4934a5e9c1261b8cb9cf699e70b45748dd
qwen3,hotpotqa_long,31,AttnLRP,primary_target_sum,1,0.3,all_body_tokens,539,500,14,2,2,positive_sum,full,8c688b99546286876a5a929a243a9a5d950fcfa99428a826728211dc4eedd770,all_baselines_20260910,374748b57168c7c3141cd36d2249eefdd4619cef5001342d3dc5d5404372612b
qwen3,hotpotqa_long,32,AttnLRP,primary_target_sum,0,0.3,all_body_tokens,358,324,8,2,3,positive_sum,full,76ffafbf0f199021b5b3af908891e9dde71b6a395a84267b760e14adddeecafe,all_baselines_20260910,4d458b9d371929c7d58f88fb86fec2e648b9e5669da1e423eead513157a894e2
qwen3,hotpotqa_long,33,AttnLRP,primary_target_sum,1,0.3,all_body_tokens,329,321,6,3,3,positive_sum,full,e6f593041274d1f4154e4591f5b9eb42a7bebe8174eae514b91d2bedb4f4a0e8,all_baselines_20260910,34b00e7ca316cf1104269df09e727c7429a095df47593f202aeeb9ca2d6111fd
qwen3,hotpotqa_long,34,AttnLRP,primary_target_sum,1,0.3,all_body_tokens,311,276,9,2,2,positive_sum,full,340be160ce2cd4d8286e37b9443566e8b18b13f4e32aba2b52686e0e470288c3,all_baselines_20260910,ff347a2613d93a597bd6b6ca331bfb2e33dbc9bd9f4a6c13fa8b1687a22cccc5
qwen3,hotpotqa_long,35,AttnLRP,primary_target_sum,0,0.3,all_body_tokens,363,359,13,2,3,positive_sum,full,f1fb5057c13357e03ef2375b6d9b6f009d981ff4da28ca64a04f43bf48d39015,all_baselines_20260910,a52ee089d98b7068b866f931f712607a7459815e4ae6e776132a8b3e5e6dbbef
qwen3,hotpotqa_long,36,AttnLRP,primary_target_sum,1,0.3,all_body_tokens,464,439,14,2,2,positive_sum,full,86cfe7c38ec1278df15d09960429b3658e0d499a4d7b282af52f2a4ab83b678f,all_baselines_20260910,1b397fb6a3f8f845bbff482ea0c57753fe8f4d844e355b753e562287b5945d14
qwen3,hotpotqa_long,37,AttnLRP,primary_target_sum,1,0.3,all_body_tokens,355,354,9,2,2,positive_sum,full,1b6ba36ac201f44ee981735184f12476de54ea643c31415fab289b4409988237,all_baselines_20260910,f3627b2969da807fee2d26fed8c8f3a0c371a72351fac71f60c93e3a42df2697
qwen3,hotpotqa_long,38,AttnLRP,primary_target_sum,1,0.3,all_body_tokens,391,385,10,2,2,positive_sum,full,b60166fabe4615da88ad723e73938b60f3e3586f06bf7c17349a5c02a1379fb0,all_baselines_20260910,5b77d284a3c22c268dbb126d80f8eaac3f2581d9a20ef69ef744033e358e8eb1
qwen3,hotpotqa_long,39,AttnLRP,primary_target_sum,0,0.3,all_body_tokens,216,156,4,1,2,positive_sum,full,55860e03ba5c1d2fe949816f0090eb55ec372d3fa9dd09760260b4fe8dc09a3c,all_baselines_20260910,94eab1d3a38e1fcaa14d6aa8625a26fed0d7421965a0aca317928f143e683c07
qwen3,hotpotqa_long,40,AttnLRP,primary_target_sum,1,0.3,all_body_tokens,422,400,11,4,4,positive_sum,full,8b8844204fdbbe2ff066bda485b9f5d85f5786d3eb85f695ec03cf36a1fbc77e,all_baselines_20260910,0ee6ac07f635a9aa0f02600df8e420e9c2d681a38f05c5850795f40cd02584d4
qwen3,hotpotqa_long,41,AttnLRP,primary_target_sum,1,0.3,all_body_tokens,266,234,8,4,4,positive_sum,full,4d905f80d261d539feb4127bf63a94bc152f09b85b4470515f75f339fd2aad5c,all_baselines_20260910,07835b393a86bf1e41fc6bc7de6241df81cbb333910069108e030e90538c5833
qwen3,hotpotqa_long,42,AttnLRP,primary_target_sum,1,0.3,all_body_tokens,394,370,7,2,2,positive_sum,full,18e337d932c0fe10be624a3161ec292cd30bd8fb735e49094bded6e95513e44b,all_baselines_20260910,a4a157224f1522ac8b5779d86b804ef00dff8cf24c73ded9f96c977cb263106c
qwen3,hotpotqa_long,43,AttnLRP,primary_target_sum,1,0.3,all_body_tokens,378,334,7,3,3,positive_sum,full,569ada0572ca691e6c8cff1ae2fba589f7705a164f8a8099e35446d6ce97302a,all_baselines_20260910,88c773bfddcc5b6ecceb17d61c0bbec889c269cbcc45326f79e9a62b9b17d823
qwen3,hotpotqa_long,44,AttnLRP,primary_target_sum,1,0.3,all_body_tokens,250,216,7,3,3,positive_sum,full,52b633c7cf91c35f0802927301cccb70e02d080e5b8a4eb819d7a23eb2300f22,all_baselines_20260910,c0869bddf27c5cb88cbdf19f9f7509e1139f51ca4e8fcf64c8c3aeb1c5cdd4a6
qwen3,hotpotqa_long,45,AttnLRP,primary_target_sum,1,0.3,all_body_tokens,551,546,11,2,2,positive_sum,full,fbc542468e24eb293a05c6735e658f95a2b6633394b44a74534b10d3f1d1090b,all_baselines_20260910,e54c7da6d4f6aa38845f11862f9fa68b67b078c05744476ebfaeb618438ac62b
qwen3,hotpotqa_long,46,AttnLRP,primary_target_sum,1,0.3,all_body_tokens,398,388,9,2,2,positive_sum,full,fd87b887094d88002efc94dfbca08e35fdb72509347fca562ecb6bdba9649408,all_baselines_20260910,36d30109b94186396d55eef11887b45ce6bafe30f517b68790026995803db42e
qwen3,hotpotqa_long,47,AttnLRP,primary_target_sum,1,0.3,all_body_tokens,265,258,8,3,3,positive_sum,full,57a10ed31a5f23710adfccd00d7a1ea1392d9b8bd5abae692e2dc57d03f8e295,all_baselines_20260910,10d91b05b8c61422cb6dee1e406998adad429cfa8c46bd180a995eef35686ff1
qwen35,hotpotqa_long,0,DT,gdn-symmetric-v1,1,0.3,all_body_tokens,863,858,16,2,2,positive_sum,full,a68ea84dacaa475637713dd7ac61605a1983ec1190d1e0369b0fbb0c3feaa790,symmetric_full_retest,ca630b677a9f8b5d46919227180b64440b8a1141f89fa7095c75c886976c4c1f
qwen35,hotpotqa_long,1,DT,gdn-symmetric-v1,1,0.3,all_body_tokens,347,346,10,3,3,positive_sum,full,3d519f60c8ace00f54af54573fb542ce5f682157530e0f475ccc4713eea1ddbc,symmetric_full_retest,d45159058f7615644474820dafeb27a1f16013b7a89f2c4c7bde3e4b7804b3fe
qwen35,hotpotqa_long,2,DT,gdn-symmetric-v1,1,0.3,all_body_tokens,351,306,8,3,3,positive_sum,full,494adec2aabfaf054a029c8db94afb77863249c7fd00e9fef668a7cbed40ac12,symmetric_full_retest,03ce53fe7f28c13346291a93bb00b1b5a0825df48eafa6760b906f357f111a24
qwen35,hotpotqa_long,3,DT,gdn-symmetric-v1,1,0.3,all_body_tokens,283,257,8,2,2,positive_sum,full,768d91124d2abf510e2dcc17f990b7e47e990281cecd56a4305f42c037d7180b,symmetric_full_retest,7d031509672513a9e9c34add1c64bda888c623177e1724292c408ed7b900f533
qwen35,hotpotqa_long,4,DT,gdn-symmetric-v1,1,0.3,all_body_tokens,355,354,10,3,3,positive_sum,full,4f70647ed35bae7adf037575cbdbaf5d372eece3f5366cbe35a75683aa696bdf,symmetric_full_retest,9bdc512aedcf4e732382194c822d6a7b47a353933891407aa0f112ecbfb4c437
qwen35,hotpotqa_long,5,DT,gdn-symmetric-v1,1,0.3,all_body_tokens,525,492,15,3,3,positive_sum,full,8a09a141b7ee8f699a4953ad41ef73005350807308e8105c7abb07e6a0860f65,symmetric_full_retest,1e76b70587803a8f897bfc2f65e8a700614764afb114761ae6e75d3949de6878
qwen35,hotpotqa_long,6,DT,gdn-symmetric-v1,1,0.3,all_body_tokens,373,346,11,2,2,positive_sum,full,9dba704b9296acf5203f6b365e1b1bdaa546a2e40ff24122428ad97532831e5e,symmetric_full_retest,3824932635e988a06d308e9f80e7c93501375c241de579f8b9fd6e2bfaf20c2c
qwen35,hotpotqa_long,7,DT,gdn-symmetric-v1,1,0.3,all_body_tokens,310,275,7,2,2,positive_sum,full,b7939a89c4c848afae89b0a7e9e14f3a8b863d5b2e87aed5890ca140b770bc08,symmetric_full_retest,9f80c6bacdb2b3fe29b9fe9d3f43bab44c66a60bb099a1ee85ea383ba3965e55
qwen35,hotpotqa_long,8,DT,gdn-symmetric-v1,0,0.3,all_body_tokens,212,200,10,3,4,positive_sum,full,cdf467ca4dfc849964df6787a8700beec4326ec9f4845a127e642072fa494ccb,symmetric_full_retest,de6863bc5eb52e54bdfd0201ccf0f13e2fd635ce8f240d2b940d151df22d7582
qwen35,hotpotqa_long,9,DT,gdn-symmetric-v1,1,0.3,all_body_tokens,292,233,9,4,4,positive_sum,full,4b3e9022b5f99c16b97100345aae2fe89f904dd92500453a0a90d820a478ca85,symmetric_full_retest,4e913e79d93a7d841d02bb172e19e296f85bad05659144edbdf1480b4fb603e9
qwen35,hotpotqa_long,10,DT,gdn-symmetric-v1,1,0.3,all_body_tokens,382,342,8,4,4,positive_sum,full,5209a94dc25a6ea62b60358b6113611eb4609727fad511f18d79ca54c213586a,symmetric_full_retest,55f9497d2bf9f190663f8b730782d918a7eb6bbeeb2990237d44bee47ad44184
qwen35,hotpotqa_long,11,DT,gdn-symmetric-v1,1,0.3,all_body_tokens,258,252,6,2,2,positive_sum,full,841f827a75b9dea157b65dc0ae7d0ae2a0972ecf660435d1198c064c9dfd07e3,symmetric_full_retest,1afa9aea7f3b8a3d0973af2242ad615f44654b4a957fcb9e26f27d0891ec1fff
qwen35,hotpotqa_long,12,DT,gdn-symmetric-v1,1,0.3,all_body_tokens,570,498,12,2,2,positive_sum,full,d49353fbdd1675389d445ca2d04f2d1676a8dc3e830112dffa42f57a647c94c5,symmetric_full_retest,1fd6fb1f42a85fc98544fb24ea3f5b66dd9c68c4ff86ff3d3a502c18d5a2bca1
qwen35,hotpotqa_long,13,DT,gdn-symmetric-v1,1,0.3,all_body_tokens,514,458,8,2,2,positive_sum,full,4af5a214f6e4c93fa76080f5825583bd0fb042292bbbf5224e41d0dd39f6f815,symmetric_full_retest,665d2f9a6bf5c980281a3dd0ffbe2bfb6c6273d0ee3c5ea51147e8ba169dd56a
qwen35,hotpotqa_long,14,DT,gdn-symmetric-v1,1,0.3,all_body_tokens,400,376,10,2,2,positive_sum,full,24c3b9a27fc98a9b4857b8df01c8f731fca56413e4f6ccd758c1f085964f1f96,symmetric_full_retest,a6a6e7d6a3a92cf06624b3f954122f06b3ff0a5b5541b3be95e78aff10cb2df3
qwen35,hotpotqa_long,15,DT,gdn-symmetric-v1,1,0.3,all_body_tokens,373,349,12,4,4,positive_sum,full,3027beb61d7dd0e6c23d3416b3598f6189b0fa09b4067b6fced0f385a5a83b28,symmetric_full_retest,0cce14bd2f838621c759e9f8d2dbbacdf502d8df8fda2813295122de35f82f0b
qwen35,hotpotqa_long,16,DT,gdn-symmetric-v1,0,0.3,all_body_tokens,292,291,10,1,2,positive_sum,full,1064a5eb0408b498f4696718ef552116124812595f22e0f9f981033d34b6e316,symmetric_full_retest,0110a9155394a296e8c9eeac5b5a3e88b26db4c610226c9323c68496a8919eb8
qwen35,hotpotqa_long,17,DT,gdn-symmetric-v1,1,0.3,all_body_tokens,276,273,8,2,2,positive_sum,full,09f1ccbbd55c41c496717a1840ffffe8f372b01de9e972621c0d0e56afa73b28,symmetric_full_retest,fee4139064f52729f71976c32279d08dd139639f8813d3e33c937506e2f95331
qwen35,hotpotqa_long,18,DT,gdn-symmetric-v1,1,0.3,all_body_tokens,397,385,9,2,2,positive_sum,full,88800281ed4781c17a646fd26ff544ab3f7b8cd7e81e887c72091b79443cb4cc,symmetric_full_retest,b2f0912d12d52b9d99caca3e52af5165eb7510a79b369ea489f9065d458b260b
qwen35,hotpotqa_long,19,DT,gdn-symmetric-v1,1,0.3,all_body_tokens,282,211,5,2,2,positive_sum,full,ccb109e73f8cbbb3ff57fee833a1a0285ddfa984c80ce20ff92fa38889a7f98f,symmetric_full_retest,d70a2c397f92a0af5b79dde4e69954b78fcc279ea664cd7f8e306ceb32e74bf7
qwen35,hotpotqa_long,20,DT,gdn-symmetric-v1,1,0.3,all_body_tokens,342,338,11,2,2,positive_sum,full,fff0f51bd017c2f8bad959fe4db84e0893dd18b3dca3c34ba5b056bf17b0cc22,symmetric_full_retest,9e4aa2fa55d351c160fd035d3eda94eac4d831d6835ec4818936f7aab7b50678
qwen35,hotpotqa_long,21,DT,gdn-symmetric-v1,1,0.3,all_body_tokens,438,401,9,2,2,positive_sum,full,d807035966de0fb6d9da64c1e7b33928646a4a44d18419a9b37bf744f47b8ef7,symmetric_full_retest,98df29f6dad32a6b3c79b05b524313286112991576b1b1196dc1dfa15b2ea2ab
qwen35,hotpotqa_long,22,DT,gdn-symmetric-v1,1,0.3,all_body_tokens,959,955,25,2,2,positive_sum,full,9d2d3c7169ee68cfdb8899a086605d2f3d2abe30a3c5c6ee6936122fbd35be4f,symmetric_full_retest,b56865eae988c46f8fb123d96c1c0eab0be01fd1cd5ad1db8eff6395d3550491
qwen35,hotpotqa_long,23,DT,gdn-symmetric-v1,1,0.3,all_body_tokens,398,382,10,3,3,positive_sum,full,7c9b5eb37bd915c5cf5059ede429f3d21b36ff492f450b0be60198ab9340b5e5,symmetric_full_retest,1423bfc8ac4b1001736ce1f88d03374426eff2d7a4eb5aab33ed75ca91d9e364
qwen35,hotpotqa_long,24,DT,gdn-symmetric-v1,1,0.3,all_body_tokens,353,326,10,3,3,positive_sum,full,f7cccfd4c11a3353e445357b2bed12473444bbc4d33a514d0ba98c54412b2ba5,symmetric_full_retest,5bad08c64212edb0a525a5d9a7d504fd275193f683fda257f85bb8fe83e63c98
qwen35,hotpotqa_long,25,DT,gdn-symmetric-v1,1,0.3,all_body_tokens,532,477,14,4,4,positive_sum,full,8024a3559bf20b1689668c681674db0eb48d59edd0eb821757163efda69da6dd,symmetric_full_retest,24e2d0cfbe3cd506bf34f3431a1a25352c0f1abc544a93602528bfe46b78b36a
qwen35,hotpotqa_long,26,DT,gdn-symmetric-v1,1,0.3,all_body_tokens,313,309,5,2,2,positive_sum,full,fbb4ee09563c93a30a3f998d48bd43465b16a4497cbdeebad08a3144bd70bcbc,symmetric_full_retest,b962bde017f782f2a71fb306fdccbaa32280dcbc6390bb875c0b4d2ed788fcff
qwen35,hotpotqa_long,27,DT,gdn-symmetric-v1,1,0.3,all_body_tokens,514,475,14,2,2,positive_sum,full,134ad4a222633fdfd813efe791a302ffd939b3e1866480584fbb4244c6fa3501,symmetric_full_retest,1508cfb0e58dfa289d6f92f65aef183b3bcabfab943c13bc848d9e1d9b7176e9
qwen35,hotpotqa_long,28,DT,gdn-symmetric-v1,1,0.3,all_body_tokens,285,222,5,3,3,positive_sum,full,d1f1f92703b7e3e4deeb69eb151efbd297becb97f72024f1f5ae0c7c7f3e4202,symmetric_full_retest,527d3c91605309aaa0eb17a73ead6995fec791045cd0bc58c09de25539c16e9e
qwen35,hotpotqa_long,29,DT,gdn-symmetric-v1,1,0.3,all_body_tokens,268,257,7,3,3,positive_sum,full,c574a5cfbb5402e0ce2913ae0009ab5ec29711035a03c96e71bebcde821dad95,symmetric_full_retest,21206c46c34d9e8aa589ef3cf054d2d6b4c77d4248bdd5d5868808f4d94b8cb4
qwen35,hotpotqa_long,30,DT,gdn-symmetric-v1,1,0.3,all_body_tokens,382,380,11,2,2,positive_sum,full,8f9ebf49fcb5c7c434d29ef20a8c444bb7f7b22ef12df89daddf008c8c1bda97,symmetric_full_retest,cca86abfb9fd88f53ba2c56827990759644011e8187055b4744c3eaa685a312d
qwen35,hotpotqa_long,31,DT,gdn-symmetric-v1,1,0.3,all_body_tokens,533,520,14,2,2,positive_sum,full,0219dc78b70f3642ecd42aa956daef448cbf3fff5d1a1a34fa119fe0d091f6d9,symmetric_full_retest,245952205d903e530e011e8352489ec0bcaa437dd3cdd585174ca8f6ca352add
qwen35,hotpotqa_long,32,DT,gdn-symmetric-v1,1,0.3,all_body_tokens,357,334,7,3,3,positive_sum,full,8af26947d69e4a6c0abb89228897b822c8aae2b66345cdda988db5fa81a39c3b,symmetric_full_retest,c745e4acba6460f0f98036419e3f7c86dc4d444209ebe3a0d332af24ecbb55b8
qwen35,hotpotqa_long,33,DT,gdn-symmetric-v1,1,0.3,all_body_tokens,329,319,6,3,3,positive_sum,full,c04f248d43fefe695630fa9e1d86ddbac77a37d7f4ff614ba1b6552586250005,symmetric_full_retest,90dc0af3886929343bc7900cb165e808ee5a238d5c67157b673675d7eab03023
qwen35,hotpotqa_long,34,DT,gdn-symmetric-v1,1,0.3,all_body_tokens,311,309,10,2,2,positive_sum,full,2ae004becd68c10a2c139f98e759917f9e6d9c1bd653e459ab8eb2b14a462aab,symmetric_full_retest,b076d8fbfcd29343dd63f395a356c030b39f0d961870dade95278ad11bc6f353
qwen35,hotpotqa_long,35,DT,gdn-symmetric-v1,1,0.3,all_body_tokens,363,347,13,3,3,positive_sum,full,c08a531ec9edf6ef9cce63c5ba199880f552fb7ac78caddb4381656f7314b426,symmetric_full_retest,9393bbf1a739839dd9940a87ce7a54622e9dab84d8bb49bbeca81547f47be7c4
qwen35,hotpotqa_long,36,DT,gdn-symmetric-v1,1,0.3,all_body_tokens,463,420,14,2,2,positive_sum,full,1e14d398784049dd7e6a8d8b6c666b2fdb6ea9d9b2e7062a7238bc4a49de118f,symmetric_full_retest,3495ad698c4c58566fe4e8837107e3714f27fd607836fc06da7998724144af0a
qwen35,hotpotqa_long,37,DT,gdn-symmetric-v1,1,0.3,all_body_tokens,354,270,7,2,2,positive_sum,full,43ccd7487b8debb809a045d2fb5b6ca44ca1dc996cbe70f0acafab6acd698563,symmetric_full_retest,41d1defe1e7812d754b5854b9a49859201478d5c74f8c83fc5a26dc82195cb59
qwen35,hotpotqa_long,38,DT,gdn-symmetric-v1,1,0.3,all_body_tokens,389,353,10,2,2,positive_sum,full,5dc93d224bab7e06f67aa49c164cf21f0941eb935e60c756dd3a4137a643cbd0,symmetric_full_retest,380557df30d30bbe7e18c1c0ca33b778c473b726eaf56e5b211f9151f3c867dc
qwen35,hotpotqa_long,39,DT,gdn-symmetric-v1,1,0.3,all_body_tokens,204,172,4,2,2,positive_sum,full,070d71a01200322acf715d3ad8779ac3ce802f12c0e97a1a552a1a933941d45e,symmetric_full_retest,56a5bde5040d70411dccc1272ef1ff79115a7d62dd6bae14e60ffa7e89efa7e1
qwen35,hotpotqa_long,40,DT,gdn-symmetric-v1,1,0.3,all_body_tokens,421,413,12,4,4,positive_sum,full,79c66c3af9c3161425ef2aa0e6ac56696c0be288a2a0b8fd0d4f960c29a20016,symmetric_full_retest,5fe446cf728af83903fe27da4207e73a1688a44060ec0435c203132999637cf6
qwen35,hotpotqa_long,41,DT,gdn-symmetric-v1,1,0.3,all_body_tokens,264,235,9,4,4,positive_sum,full,36c1609741555d58c24e1f983954597f482d70b9269dfd9a09e8b6cbdd5711f7,symmetric_full_retest,c2d843ec18e93f55cb0f03796eb2bb8b905d0f23242cd992c8b12ee1e7e03bca
qwen35,hotpotqa_long,42,DT,gdn-symmetric-v1,1,0.3,all_body_tokens,388,368,7,2,2,positive_sum,full,b5d7e14dda25a18d86ba43e18334176d31ee129d871aefbc3aece5d61cd7ec18,symmetric_full_retest,547a3bf012c268673eb4eded30752004a7241ffe00e0a28fb91c208b7a1c65f6
qwen35,hotpotqa_long,43,DT,gdn-symmetric-v1,1,0.3,all_body_tokens,378,347,8,3,3,positive_sum,full,b837d2a97f0bfe5fb976e7fa983adcb47dc5da1abc45697035a721409035d29a,symmetric_full_retest,5a520820da07689e5f697179d1115c2fd13510773b30fe479f9ff727fff5a74f
qwen35,hotpotqa_long,44,DT,gdn-symmetric-v1,1,0.3,all_body_tokens,249,240,8,3,3,positive_sum,full,9e8c619887b569adff47fc70c0be8024f3f4641439c19aa46a5057f5a531f0ad,symmetric_full_retest,d047c2185f100d43fce1d85ce4ee1c01f22db0844d2ff97567ba65a0223908d6
qwen35,hotpotqa_long,45,DT,gdn-symmetric-v1,1,0.3,all_body_tokens,548,529,12,2,2,positive_sum,full,feaf18962deb104bebeab6efd40d8114ff670d9c92371eb9d2768b587379f849,symmetric_full_retest,2c6feed6f1a59b1dced06848f818936da1b4d88908bfb8b075f68383c15cbcd2
qwen35,hotpotqa_long,46,DT,gdn-symmetric-v1,1,0.3,all_body_tokens,393,383,9,2,2,positive_sum,full,cca5caddb2d92e520803dbd9909aa381978f9335660987fec35f3be8e3fce78f,symmetric_full_retest,5546bb79ee87de2f88aa6809f00ed644ddb5d334f0d6f3b35282739c39cfe4a6
qwen35,hotpotqa_long,47,DT,gdn-symmetric-v1,1,0.3,all_body_tokens,264,254,8,3,3,positive_sum,full,19e1003ca54f50e96c204df9fb7aacc7432982d326df45e882d48754553595a9,symmetric_full_retest,ed731fa5a472529b1d832e03a44cc71898beb063e2dc9b600345ec1251b3b72a
qwen35,hotpotqa_long,0,DT_legacy,paper_recovery_dynamic_20260913,1,0.3,all_body_tokens,863,853,13,2,2,positive_sum,full,a68ea84dacaa475637713dd7ac61605a1983ec1190d1e0369b0fbb0c3feaa790,qwen35_paper_recovery_dynamic,12287c72f02166c845cd1e0670d92fa5ae0211ecbcc2930599e0158b8adf2931
qwen35,hotpotqa_long,1,DT_legacy,paper_recovery_dynamic_20260913,1,0.3,all_body_tokens,347,341,10,3,3,positive_sum,full,3d519f60c8ace00f54af54573fb542ce5f682157530e0f475ccc4713eea1ddbc,qwen35_paper_recovery_dynamic,12287c72f02166c845cd1e0670d92fa5ae0211ecbcc2930599e0158b8adf2931
qwen35,hotpotqa_long,2,DT_legacy,paper_recovery_dynamic_20260913,1,0.3,all_body_tokens,351,308,8,3,3,positive_sum,full,494adec2aabfaf054a029c8db94afb77863249c7fd00e9fef668a7cbed40ac12,qwen35_paper_recovery_dynamic,12287c72f02166c845cd1e0670d92fa5ae0211ecbcc2930599e0158b8adf2931
qwen35,hotpotqa_long,3,DT_legacy,paper_recovery_dynamic_20260913,1,0.3,all_body_tokens,283,260,8,2,2,positive_sum,full,768d91124d2abf510e2dcc17f990b7e47e990281cecd56a4305f42c037d7180b,qwen35_paper_recovery_dynamic,12287c72f02166c845cd1e0670d92fa5ae0211ecbcc2930599e0158b8adf2931
qwen35,hotpotqa_long,4,DT_legacy,paper_recovery_dynamic_20260913,1,0.3,all_body_tokens,355,353,10,3,3,positive_sum,full,4f70647ed35bae7adf037575cbdbaf5d372eece3f5366cbe35a75683aa696bdf,qwen35_paper_recovery_dynamic,12287c72f02166c845cd1e0670d92fa5ae0211ecbcc2930599e0158b8adf2931
qwen35,hotpotqa_long,5,DT_legacy,paper_recovery_dynamic_20260913,1,0.3,all_body_tokens,525,485,14,3,3,positive_sum,full,8a09a141b7ee8f699a4953ad41ef73005350807308e8105c7abb07e6a0860f65,qwen35_paper_recovery_dynamic,12287c72f02166c845cd1e0670d92fa5ae0211ecbcc2930599e0158b8adf2931
qwen35,hotpotqa_long,6,DT_legacy,paper_recovery_dynamic_20260913,1,0.3,all_body_tokens,373,349,9,2,2,positive_sum,full,9dba704b9296acf5203f6b365e1b1bdaa546a2e40ff24122428ad97532831e5e,qwen35_paper_recovery_dynamic,12287c72f02166c845cd1e0670d92fa5ae0211ecbcc2930599e0158b8adf2931
qwen35,hotpotqa_long,7,DT_legacy,paper_recovery_dynamic_20260913,1,0.3,all_body_tokens,310,291,6,2,2,positive_sum,full,b7939a89c4c848afae89b0a7e9e14f3a8b863d5b2e87aed5890ca140b770bc08,qwen35_paper_recovery_dynamic,12287c72f02166c845cd1e0670d92fa5ae0211ecbcc2930599e0158b8adf2931
qwen35,hotpotqa_long,8,DT_legacy,paper_recovery_dynamic_20260913,0,0.3,all_body_tokens,212,198,8,3,4,positive_sum,full,cdf467ca4dfc849964df6787a8700beec4326ec9f4845a127e642072fa494ccb,qwen35_paper_recovery_dynamic,12287c72f02166c845cd1e0670d92fa5ae0211ecbcc2930599e0158b8adf2931
qwen35,hotpotqa_long,9,DT_legacy,paper_recovery_dynamic_20260913,1,0.3,all_body_tokens,292,274,8,4,4,positive_sum,full,4b3e9022b5f99c16b97100345aae2fe89f904dd92500453a0a90d820a478ca85,qwen35_paper_recovery_dynamic,12287c72f02166c845cd1e0670d92fa5ae0211ecbcc2930599e0158b8adf2931
qwen35,hotpotqa_long,10,DT_legacy,paper_recovery_dynamic_20260913,1,0.3,all_body_tokens,382,338,8,4,4,positive_sum,full,5209a94dc25a6ea62b60358b6113611eb4609727fad511f18d79ca54c213586a,qwen35_paper_recovery_dynamic,12287c72f02166c845cd1e0670d92fa5ae0211ecbcc2930599e0158b8adf2931
qwen35,hotpotqa_long,11,DT_legacy,paper_recovery_dynamic_20260913,1,0.3,all_body_tokens,258,214,5,2,2,positive_sum,full,841f827a75b9dea157b65dc0ae7d0ae2a0972ecf660435d1198c064c9dfd07e3,qwen35_paper_recovery_dynamic,12287c72f02166c845cd1e0670d92fa5ae0211ecbcc2930599e0158b8adf2931
qwen35,hotpotqa_long,12,DT_legacy,paper_recovery_dynamic_20260913,1,0.3,all_body_tokens,570,529,11,2,2,positive_sum,full,d49353fbdd1675389d445ca2d04f2d1676a8dc3e830112dffa42f57a647c94c5,qwen35_paper_recovery_dynamic,12287c72f02166c845cd1e0670d92fa5ae0211ecbcc2930599e0158b8adf2931
qwen35,hotpotqa_long,13,DT_legacy,paper_recovery_dynamic_20260913,1,0.3,all_body_tokens,514,512,8,2,2,positive_sum,full,4af5a214f6e4c93fa76080f5825583bd0fb042292bbbf5224e41d0dd39f6f815,qwen35_paper_recovery_dynamic,12287c72f02166c845cd1e0670d92fa5ae0211ecbcc2930599e0158b8adf2931
qwen35,hotpotqa_long,14,DT_legacy,paper_recovery_dynamic_20260913,1,0.3,all_body_tokens,400,379,9,2,2,positive_sum,full,24c3b9a27fc98a9b4857b8df01c8f731fca56413e4f6ccd758c1f085964f1f96,qwen35_paper_recovery_dynamic,12287c72f02166c845cd1e0670d92fa5ae0211ecbcc2930599e0158b8adf2931
qwen35,hotpotqa_long,15,DT_legacy,paper_recovery_dynamic_20260913,1,0.3,all_body_tokens,373,367,12,4,4,positive_sum,full,3027beb61d7dd0e6c23d3416b3598f6189b0fa09b4067b6fced0f385a5a83b28,qwen35_paper_recovery_dynamic,12287c72f02166c845cd1e0670d92fa5ae0211ecbcc2930599e0158b8adf2931
qwen35,hotpotqa_long,16,DT_legacy,paper_recovery_dynamic_20260913,0,0.3,all_body_tokens,292,291,10,1,2,positive_sum,full,1064a5eb0408b498f4696718ef552116124812595f22e0f9f981033d34b6e316,qwen35_paper_recovery_dynamic,12287c72f02166c845cd1e0670d92fa5ae0211ecbcc2930599e0158b8adf2931
qwen35,hotpotqa_long,17,DT_legacy,paper_recovery_dynamic_20260913,1,0.3,all_body_tokens,276,275,8,2,2,positive_sum,full,09f1ccbbd55c41c496717a1840ffffe8f372b01de9e972621c0d0e56afa73b28,qwen35_paper_recovery_dynamic,12287c72f02166c845cd1e0670d92fa5ae0211ecbcc2930599e0158b8adf2931
qwen35,hotpotqa_long,18,DT_legacy,paper_recovery_dynamic_20260913,1,0.3,all_body_tokens,397,369,7,2,2,positive_sum,full,88800281ed4781c17a646fd26ff544ab3f7b8cd7e81e887c72091b79443cb4cc,qwen35_paper_recovery_dynamic,12287c72f02166c845cd1e0670d92fa5ae0211ecbcc2930599e0158b8adf2931
qwen35,hotpotqa_long,19,DT_legacy,paper_recovery_dynamic_20260913,1,0.3,all_body_tokens,282,252,5,2,2,positive_sum,full,ccb109e73f8cbbb3ff57fee833a1a0285ddfa984c80ce20ff92fa38889a7f98f,qwen35_paper_recovery_dynamic,12287c72f02166c845cd1e0670d92fa5ae0211ecbcc2930599e0158b8adf2931
qwen35,hotpotqa_long,20,DT_legacy,paper_recovery_dynamic_20260913,0,0.3,all_body_tokens,342,301,10,1,2,positive_sum,full,fff0f51bd017c2f8bad959fe4db84e0893dd18b3dca3c34ba5b056bf17b0cc22,qwen35_paper_recovery_dynamic,12287c72f02166c845cd1e0670d92fa5ae0211ecbcc2930599e0158b8adf2931
qwen35,hotpotqa_long,21,DT_legacy,paper_recovery_dynamic_20260913,1,0.3,all_body_tokens,438,428,10,2,2,positive_sum,full,d807035966de0fb6d9da64c1e7b33928646a4a44d18419a9b37bf744f47b8ef7,qwen35_paper_recovery_dynamic,12287c72f02166c845cd1e0670d92fa5ae0211ecbcc2930599e0158b8adf2931
qwen35,hotpotqa_long,22,DT_legacy,paper_recovery_dynamic_20260913,1,0.3,all_body_tokens,959,943,24,2,2,positive_sum,full,9d2d3c7169ee68cfdb8899a086605d2f3d2abe30a3c5c6ee6936122fbd35be4f,qwen35_paper_recovery_dynamic,12287c72f02166c845cd1e0670d92fa5ae0211ecbcc2930599e0158b8adf2931
qwen35,hotpotqa_long,23,DT_legacy,paper_recovery_dynamic_20260913,1,0.3,all_body_tokens,398,373,10,3,3,positive_sum,full,7c9b5eb37bd915c5cf5059ede429f3d21b36ff492f450b0be60198ab9340b5e5,qwen35_paper_recovery_dynamic,12287c72f02166c845cd1e0670d92fa5ae0211ecbcc2930599e0158b8adf2931
qwen35,hotpotqa_long,24,DT_legacy,paper_recovery_dynamic_20260913,1,0.3,all_body_tokens,353,351,11,3,3,positive_sum,full,f7cccfd4c11a3353e445357b2bed12473444bbc4d33a514d0ba98c54412b2ba5,qwen35_paper_recovery_dynamic,12287c72f02166c845cd1e0670d92fa5ae0211ecbcc2930599e0158b8adf2931
qwen35,hotpotqa_long,25,DT_legacy,paper_recovery_dynamic_20260913,1,0.3,all_body_tokens,532,521,15,4,4,positive_sum,full,8024a3559bf20b1689668c681674db0eb48d59edd0eb821757163efda69da6dd,qwen35_paper_recovery_dynamic,12287c72f02166c845cd1e0670d92fa5ae0211ecbcc2930599e0158b8adf2931
qwen35,hotpotqa_long,26,DT_legacy,paper_recovery_dynamic_20260913,1,0.3,all_body_tokens,313,309,5,2,2,positive_sum,full,fbb4ee09563c93a30a3f998d48bd43465b16a4497cbdeebad08a3144bd70bcbc,qwen35_paper_recovery_dynamic,12287c72f02166c845cd1e0670d92fa5ae0211ecbcc2930599e0158b8adf2931
qwen35,hotpotqa_long,27,DT_legacy,paper_recovery_dynamic_20260913,1,0.3,all_body_tokens,514,504,13,2,2,positive_sum,full,134ad4a222633fdfd813efe791a302ffd939b3e1866480584fbb4244c6fa3501,qwen35_paper_recovery_dynamic,12287c72f02166c845cd1e0670d92fa5ae0211ecbcc2930599e0158b8adf2931
qwen35,hotpotqa_long,28,DT_legacy,paper_recovery_dynamic_20260913,1,0.3,all_body_tokens,285,222,5,3,3,positive_sum,full,d1f1f92703b7e3e4deeb69eb151efbd297becb97f72024f1f5ae0c7c7f3e4202,qwen35_paper_recovery_dynamic,12287c72f02166c845cd1e0670d92fa5ae0211ecbcc2930599e0158b8adf2931
qwen35,hotpotqa_long,29,DT_legacy,paper_recovery_dynamic_20260913,1,0.3,all_body_tokens,268,211,5,3,3,positive_sum,full,c574a5cfbb5402e0ce2913ae0009ab5ec29711035a03c96e71bebcde821dad95,qwen35_paper_recovery_dynamic,12287c72f02166c845cd1e0670d92fa5ae0211ecbcc2930599e0158b8adf2931
qwen35,hotpotqa_long,30,DT_legacy,paper_recovery_dynamic_20260913,1,0.3,all_body_tokens,382,352,9,2,2,positive_sum,full,8f9ebf49fcb5c7c434d29ef20a8c444bb7f7b22ef12df89daddf008c8c1bda97,qwen35_paper_recovery_dynamic,12287c72f02166c845cd1e0670d92fa5ae0211ecbcc2930599e0158b8adf2931
qwen35,hotpotqa_long,31,DT_legacy,paper_recovery_dynamic_20260913,1,0.3,all_body_tokens,533,522,13,2,2,positive_sum,full,0219dc78b70f3642ecd42aa956daef448cbf3fff5d1a1a34fa119fe0d091f6d9,qwen35_paper_recovery_dynamic,12287c72f02166c845cd1e0670d92fa5ae0211ecbcc2930599e0158b8adf2931
qwen35,hotpotqa_long,32,DT_legacy,paper_recovery_dynamic_20260913,1,0.3,all_body_tokens,357,340,7,3,3,positive_sum,full,8af26947d69e4a6c0abb89228897b822c8aae2b66345cdda988db5fa81a39c3b,qwen35_paper_recovery_dynamic,12287c72f02166c845cd1e0670d92fa5ae0211ecbcc2930599e0158b8adf2931
qwen35,hotpotqa_long,33,DT_legacy,paper_recovery_dynamic_20260913,1,0.3,all_body_tokens,329,321,6,3,3,positive_sum,full,c04f248d43fefe695630fa9e1d86ddbac77a37d7f4ff614ba1b6552586250005,qwen35_paper_recovery_dynamic,12287c72f02166c845cd1e0670d92fa5ae0211ecbcc2930599e0158b8adf2931
qwen35,hotpotqa_long,34,DT_legacy,paper_recovery_dynamic_20260913,1,0.3,all_body_tokens,311,278,9,2,2,positive_sum,full,2ae004becd68c10a2c139f98e759917f9e6d9c1bd653e459ab8eb2b14a462aab,qwen35_paper_recovery_dynamic,12287c72f02166c845cd1e0670d92fa5ae0211ecbcc2930599e0158b8adf2931
qwen35,hotpotqa_long,35,DT_legacy,paper_recovery_dynamic_20260913,1,0.3,all_body_tokens,363,347,13,3,3,positive_sum,full,c08a531ec9edf6ef9cce63c5ba199880f552fb7ac78caddb4381656f7314b426,qwen35_paper_recovery_dynamic,12287c72f02166c845cd1e0670d92fa5ae0211ecbcc2930599e0158b8adf2931
qwen35,hotpotqa_long,36,DT_legacy,paper_recovery_dynamic_20260913,1,0.3,all_body_tokens,463,415,13,2,2,positive_sum,full,1e14d398784049dd7e6a8d8b6c666b2fdb6ea9d9b2e7062a7238bc4a49de118f,qwen35_paper_recovery_dynamic,12287c72f02166c845cd1e0670d92fa5ae0211ecbcc2930599e0158b8adf2931
qwen35,hotpotqa_long,37,DT_legacy,paper_recovery_dynamic_20260913,1,0.3,all_body_tokens,354,344,7,2,2,positive_sum,full,43ccd7487b8debb809a045d2fb5b6ca44ca1dc996cbe70f0acafab6acd698563,qwen35_paper_recovery_dynamic,12287c72f02166c845cd1e0670d92fa5ae0211ecbcc2930599e0158b8adf2931
qwen35,hotpotqa_long,38,DT_legacy,paper_recovery_dynamic_20260913,1,0.3,all_body_tokens,389,383,10,2,2,positive_sum,full,5dc93d224bab7e06f67aa49c164cf21f0941eb935e60c756dd3a4137a643cbd0,qwen35_paper_recovery_dynamic,12287c72f02166c845cd1e0670d92fa5ae0211ecbcc2930599e0158b8adf2931
qwen35,hotpotqa_long,39,DT_legacy,paper_recovery_dynamic_20260913,1,0.3,all_body_tokens,204,172,4,2,2,positive_sum,full,070d71a01200322acf715d3ad8779ac3ce802f12c0e97a1a552a1a933941d45e,qwen35_paper_recovery_dynamic,12287c72f02166c845cd1e0670d92fa5ae0211ecbcc2930599e0158b8adf2931
qwen35,hotpotqa_long,40,DT_legacy,paper_recovery_dynamic_20260913,1,0.3,all_body_tokens,421,409,11,4,4,positive_sum,full,79c66c3af9c3161425ef2aa0e6ac56696c0be288a2a0b8fd0d4f960c29a20016,qwen35_paper_recovery_dynamic,12287c72f02166c845cd1e0670d92fa5ae0211ecbcc2930599e0158b8adf2931
qwen35,hotpotqa_long,41,DT_legacy,paper_recovery_dynamic_20260913,1,0.3,all_body_tokens,264,260,9,4,4,positive_sum,full,36c1609741555d58c24e1f983954597f482d70b9269dfd9a09e8b6cbdd5711f7,qwen35_paper_recovery_dynamic,12287c72f02166c845cd1e0670d92fa5ae0211ecbcc2930599e0158b8adf2931
qwen35,hotpotqa_long,42,DT_legacy,paper_recovery_dynamic_20260913,1,0.3,all_body_tokens,388,378,7,2,2,positive_sum,full,b5d7e14dda25a18d86ba43e18334176d31ee129d871aefbc3aece5d61cd7ec18,qwen35_paper_recovery_dynamic,12287c72f02166c845cd1e0670d92fa5ae0211ecbcc2930599e0158b8adf2931
qwen35,hotpotqa_long,43,DT_legacy,paper_recovery_dynamic_20260913,1,0.3,all_body_tokens,378,327,8,3,3,positive_sum,full,b837d2a97f0bfe5fb976e7fa983adcb47dc5da1abc45697035a721409035d29a,qwen35_paper_recovery_dynamic,12287c72f02166c845cd1e0670d92fa5ae0211ecbcc2930599e0158b8adf2931
qwen35,hotpotqa_long,44,DT_legacy,paper_recovery_dynamic_20260913,1,0.3,all_body_tokens,249,245,8,3,3,positive_sum,full,9e8c619887b569adff47fc70c0be8024f3f4641439c19aa46a5057f5a531f0ad,qwen35_paper_recovery_dynamic,12287c72f02166c845cd1e0670d92fa5ae0211ecbcc2930599e0158b8adf2931
qwen35,hotpotqa_long,45,DT_legacy,paper_recovery_dynamic_20260913,1,0.3,all_body_tokens,548,535,11,2,2,positive_sum,full,feaf18962deb104bebeab6efd40d8114ff670d9c92371eb9d2768b587379f849,qwen35_paper_recovery_dynamic,12287c72f02166c845cd1e0670d92fa5ae0211ecbcc2930599e0158b8adf2931
qwen35,hotpotqa_long,46,DT_legacy,paper_recovery_dynamic_20260913,1,0.3,all_body_tokens,393,384,9,2,2,positive_sum,full,cca5caddb2d92e520803dbd9909aa381978f9335660987fec35f3be8e3fce78f,qwen35_paper_recovery_dynamic,12287c72f02166c845cd1e0670d92fa5ae0211ecbcc2930599e0158b8adf2931
qwen35,hotpotqa_long,47,DT_legacy,paper_recovery_dynamic_20260913,1,0.3,all_body_tokens,264,231,7,3,3,positive_sum,full,19e1003ca54f50e96c204df9fb7aacc7432982d326df45e882d48754553595a9,qwen35_paper_recovery_dynamic,12287c72f02166c845cd1e0670d92fa5ae0211ecbcc2930599e0158b8adf2931
qwen35,hotpotqa_long,0,FT_K3,FT_K3,1,0.3,all_body_tokens,863,830,13,2,2,positive_sum,full,a68ea84dacaa475637713dd7ac61605a1983ec1190d1e0369b0fbb0c3feaa790,symmetric_full_retest,ca630b677a9f8b5d46919227180b64440b8a1141f89fa7095c75c886976c4c1f
qwen35,hotpotqa_long,1,FT_K3,FT_K3,1,0.3,all_body_tokens,347,315,8,3,3,positive_sum,full,3d519f60c8ace00f54af54573fb542ce5f682157530e0f475ccc4713eea1ddbc,symmetric_full_retest,d45159058f7615644474820dafeb27a1f16013b7a89f2c4c7bde3e4b7804b3fe
qwen35,hotpotqa_long,2,FT_K3,FT_K3,0,0.3,all_body_tokens,351,330,7,2,3,positive_sum,full,494adec2aabfaf054a029c8db94afb77863249c7fd00e9fef668a7cbed40ac12,symmetric_full_retest,03ce53fe7f28c13346291a93bb00b1b5a0825df48eafa6760b906f357f111a24
qwen35,hotpotqa_long,3,FT_K3,FT_K3,0,0.3,all_body_tokens,283,252,8,1,2,positive_sum,full,768d91124d2abf510e2dcc17f990b7e47e990281cecd56a4305f42c037d7180b,symmetric_full_retest,7d031509672513a9e9c34add1c64bda888c623177e1724292c408ed7b900f533
qwen35,hotpotqa_long,4,FT_K3,FT_K3,1,0.3,all_body_tokens,355,355,10,3,3,positive_sum,full,4f70647ed35bae7adf037575cbdbaf5d372eece3f5366cbe35a75683aa696bdf,symmetric_full_retest,9bdc512aedcf4e732382194c822d6a7b47a353933891407aa0f112ecbfb4c437
qwen35,hotpotqa_long,5,FT_K3,FT_K3,1,0.3,all_body_tokens,525,467,11,3,3,positive_sum,full,8a09a141b7ee8f699a4953ad41ef73005350807308e8105c7abb07e6a0860f65,symmetric_full_retest,1e76b70587803a8f897bfc2f65e8a700614764afb114761ae6e75d3949de6878
qwen35,hotpotqa_long,6,FT_K3,FT_K3,1,0.3,all_body_tokens,373,340,8,2,2,positive_sum,full,9dba704b9296acf5203f6b365e1b1bdaa546a2e40ff24122428ad97532831e5e,symmetric_full_retest,3824932635e988a06d308e9f80e7c93501375c241de579f8b9fd6e2bfaf20c2c
qwen35,hotpotqa_long,7,FT_K3,FT_K3,1,0.3,all_body_tokens,310,300,6,2,2,positive_sum,full,b7939a89c4c848afae89b0a7e9e14f3a8b863d5b2e87aed5890ca140b770bc08,symmetric_full_retest,9f80c6bacdb2b3fe29b9fe9d3f43bab44c66a60bb099a1ee85ea383ba3965e55
qwen35,hotpotqa_long,8,FT_K3,FT_K3,0,0.3,all_body_tokens,212,209,7,2,4,positive_sum,full,cdf467ca4dfc849964df6787a8700beec4326ec9f4845a127e642072fa494ccb,symmetric_full_retest,de6863bc5eb52e54bdfd0201ccf0f13e2fd635ce8f240d2b940d151df22d7582
qwen35,hotpotqa_long,9,FT_K3,FT_K3,0,0.3,all_body_tokens,292,290,9,3,4,positive_sum,full,4b3e9022b5f99c16b97100345aae2fe89f904dd92500453a0a90d820a478ca85,symmetric_full_retest,4e913e79d93a7d841d02bb172e19e296f85bad05659144edbdf1480b4fb603e9
qwen35,hotpotqa_long,10,FT_K3,FT_K3,0,0.3,all_body_tokens,382,358,6,3,4,positive_sum,full,5209a94dc25a6ea62b60358b6113611eb4609727fad511f18d79ca54c213586a,symmetric_full_retest,55f9497d2bf9f190663f8b730782d918a7eb6bbeeb2990237d44bee47ad44184
qwen35,hotpotqa_long,11,FT_K3,FT_K3,1,0.3,all_body_tokens,258,228,4,2,2,positive_sum,full,841f827a75b9dea157b65dc0ae7d0ae2a0972ecf660435d1198c064c9dfd07e3,symmetric_full_retest,1afa9aea7f3b8a3d0973af2242ad615f44654b4a957fcb9e26f27d0891ec1fff
qwen35,hotpotqa_long,12,FT_K3,FT_K3,1,0.3,all_body_tokens,570,543,9,2,2,positive_sum,full,d49353fbdd1675389d445ca2d04f2d1676a8dc3e830112dffa42f57a647c94c5,symmetric_full_retest,1fd6fb1f42a85fc98544fb24ea3f5b66dd9c68c4ff86ff3d3a502c18d5a2bca1
qwen35,hotpotqa_long,13,FT_K3,FT_K3,1,0.3,all_body_tokens,514,512,8,2,2,positive_sum,full,4af5a214f6e4c93fa76080f5825583bd0fb042292bbbf5224e41d0dd39f6f815,symmetric_full_retest,665d2f9a6bf5c980281a3dd0ffbe2bfb6c6273d0ee3c5ea51147e8ba169dd56a
qwen35,hotpotqa_long,14,FT_K3,FT_K3,1,0.3,all_body_tokens,400,399,9,2,2,positive_sum,full,24c3b9a27fc98a9b4857b8df01c8f731fca56413e4f6ccd758c1f085964f1f96,symmetric_full_retest,a6a6e7d6a3a92cf06624b3f954122f06b3ff0a5b5541b3be95e78aff10cb2df3
qwen35,hotpotqa_long,15,FT_K3,FT_K3,1,0.3,all_body_tokens,373,364,11,4,4,positive_sum,full,3027beb61d7dd0e6c23d3416b3598f6189b0fa09b4067b6fced0f385a5a83b28,symmetric_full_retest,0cce14bd2f838621c759e9f8d2dbbacdf502d8df8fda2813295122de35f82f0b
qwen35,hotpotqa_long,16,FT_K3,FT_K3,0,0.3,all_body_tokens,292,269,7,0,2,positive_sum,full,1064a5eb0408b498f4696718ef552116124812595f22e0f9f981033d34b6e316,symmetric_full_retest,0110a9155394a296e8c9eeac5b5a3e88b26db4c610226c9323c68496a8919eb8
qwen35,hotpotqa_long,17,FT_K3,FT_K3,1,0.3,all_body_tokens,276,247,5,2,2,positive_sum,full,09f1ccbbd55c41c496717a1840ffffe8f372b01de9e972621c0d0e56afa73b28,symmetric_full_retest,fee4139064f52729f71976c32279d08dd139639f8813d3e33c937506e2f95331
qwen35,hotpotqa_long,18,FT_K3,FT_K3,1,0.3,all_body_tokens,397,361,7,2,2,positive_sum,full,88800281ed4781c17a646fd26ff544ab3f7b8cd7e81e887c72091b79443cb4cc,symmetric_full_retest,b2f0912d12d52b9d99caca3e52af5165eb7510a79b369ea489f9065d458b260b
qwen35,hotpotqa_long,19,FT_K3,FT_K3,1,0.3,all_body_tokens,282,208,4,2,2,positive_sum,full,ccb109e73f8cbbb3ff57fee833a1a0285ddfa984c80ce20ff92fa38889a7f98f,symmetric_full_retest,d70a2c397f92a0af5b79dde4e69954b78fcc279ea664cd7f8e306ceb32e74bf7
qwen35,hotpotqa_long,20,FT_K3,FT_K3,1,0.3,all_body_tokens,342,329,9,2,2,positive_sum,full,fff0f51bd017c2f8bad959fe4db84e0893dd18b3dca3c34ba5b056bf17b0cc22,symmetric_full_retest,9e4aa2fa55d351c160fd035d3eda94eac4d831d6835ec4818936f7aab7b50678
qwen35,hotpotqa_long,21,FT_K3,FT_K3,1,0.3,all_body_tokens,438,395,8,2,2,positive_sum,full,d807035966de0fb6d9da64c1e7b33928646a4a44d18419a9b37bf744f47b8ef7,symmetric_full_retest,98df29f6dad32a6b3c79b05b524313286112991576b1b1196dc1dfa15b2ea2ab
qwen35,hotpotqa_long,22,FT_K3,FT_K3,1,0.3,all_body_tokens,959,928,24,2,2,positive_sum,full,9d2d3c7169ee68cfdb8899a086605d2f3d2abe30a3c5c6ee6936122fbd35be4f,symmetric_full_retest,b56865eae988c46f8fb123d96c1c0eab0be01fd1cd5ad1db8eff6395d3550491
qwen35,hotpotqa_long,23,FT_K3,FT_K3,1,0.3,all_body_tokens,398,330,7,3,3,positive_sum,full,7c9b5eb37bd915c5cf5059ede429f3d21b36ff492f450b0be60198ab9340b5e5,symmetric_full_retest,1423bfc8ac4b1001736ce1f88d03374426eff2d7a4eb5aab33ed75ca91d9e364
qwen35,hotpotqa_long,24,FT_K3,FT_K3,0,0.3,all_body_tokens,353,351,8,2,3,positive_sum,full,f7cccfd4c11a3353e445357b2bed12473444bbc4d33a514d0ba98c54412b2ba5,symmetric_full_retest,5bad08c64212edb0a525a5d9a7d504fd275193f683fda257f85bb8fe83e63c98
qwen35,hotpotqa_long,25,FT_K3,FT_K3,0,0.3,all_body_tokens,532,514,13,3,4,positive_sum,full,8024a3559bf20b1689668c681674db0eb48d59edd0eb821757163efda69da6dd,symmetric_full_retest,24e2d0cfbe3cd506bf34f3431a1a25352c0f1abc544a93602528bfe46b78b36a
qwen35,hotpotqa_long,26,FT_K3,FT_K3,1,0.3,all_body_tokens,313,285,4,2,2,positive_sum,full,fbb4ee09563c93a30a3f998d48bd43465b16a4497cbdeebad08a3144bd70bcbc,symmetric_full_retest,b962bde017f782f2a71fb306fdccbaa32280dcbc6390bb875c0b4d2ed788fcff
qwen35,hotpotqa_long,27,FT_K3,FT_K3,1,0.3,all_body_tokens,514,496,13,2,2,positive_sum,full,134ad4a222633fdfd813efe791a302ffd939b3e1866480584fbb4244c6fa3501,symmetric_full_retest,1508cfb0e58dfa289d6f92f65aef183b3bcabfab943c13bc848d9e1d9b7176e9
qwen35,hotpotqa_long,28,FT_K3,FT_K3,0,0.3,all_body_tokens,285,274,4,2,3,positive_sum,full,d1f1f92703b7e3e4deeb69eb151efbd297becb97f72024f1f5ae0c7c7f3e4202,symmetric_full_retest,527d3c91605309aaa0eb17a73ead6995fec791045cd0bc58c09de25539c16e9e
qwen35,hotpotqa_long,29,FT_K3,FT_K3,0,0.3,all_body_tokens,268,234,5,2,3,positive_sum,full,c574a5cfbb5402e0ce2913ae0009ab5ec29711035a03c96e71bebcde821dad95,symmetric_full_retest,21206c46c34d9e8aa589ef3cf054d2d6b4c77d4248bdd5d5868808f4d94b8cb4
qwen35,hotpotqa_long,30,FT_K3,FT_K3,1,0.3,all_body_tokens,382,357,8,2,2,positive_sum,full,8f9ebf49fcb5c7c434d29ef20a8c444bb7f7b22ef12df89daddf008c8c1bda97,symmetric_full_retest,cca86abfb9fd88f53ba2c56827990759644011e8187055b4744c3eaa685a312d
qwen35,hotpotqa_long,31,FT_K3,FT_K3,1,0.3,all_body_tokens,533,510,12,2,2,positive_sum,full,0219dc78b70f3642ecd42aa956daef448cbf3fff5d1a1a34fa119fe0d091f6d9,symmetric_full_retest,245952205d903e530e011e8352489ec0bcaa437dd3cdd585174ca8f6ca352add
qwen35,hotpotqa_long,32,FT_K3,FT_K3,0,0.3,all_body_tokens,357,277,5,1,3,positive_sum,full,8af26947d69e4a6c0abb89228897b822c8aae2b66345cdda988db5fa81a39c3b,symmetric_full_retest,c745e4acba6460f0f98036419e3f7c86dc4d444209ebe3a0d332af24ecbb55b8
qwen35,hotpotqa_long,33,FT_K3,FT_K3,0,0.3,all_body_tokens,329,316,5,2,3,positive_sum,full,c04f248d43fefe695630fa9e1d86ddbac77a37d7f4ff614ba1b6552586250005,symmetric_full_retest,90dc0af3886929343bc7900cb165e808ee5a238d5c67157b673675d7eab03023
qwen35,hotpotqa_long,34,FT_K3,FT_K3,0,0.3,all_body_tokens,311,303,8,1,2,positive_sum,full,2ae004becd68c10a2c139f98e759917f9e6d9c1bd653e459ab8eb2b14a462aab,symmetric_full_retest,b076d8fbfcd29343dd63f395a356c030b39f0d961870dade95278ad11bc6f353
qwen35,hotpotqa_long,35,FT_K3,FT_K3,0,0.3,all_body_tokens,363,347,10,2,3,positive_sum,full,c08a531ec9edf6ef9cce63c5ba199880f552fb7ac78caddb4381656f7314b426,symmetric_full_retest,9393bbf1a739839dd9940a87ce7a54622e9dab84d8bb49bbeca81547f47be7c4
qwen35,hotpotqa_long,36,FT_K3,FT_K3,0,0.3,all_body_tokens,463,447,14,1,2,positive_sum,full,1e14d398784049dd7e6a8d8b6c666b2fdb6ea9d9b2e7062a7238bc4a49de118f,symmetric_full_retest,3495ad698c4c58566fe4e8837107e3714f27fd607836fc06da7998724144af0a
qwen35,hotpotqa_long,37,FT_K3,FT_K3,1,0.3,all_body_tokens,354,299,6,2,2,positive_sum,full,43ccd7487b8debb809a045d2fb5b6ca44ca1dc996cbe70f0acafab6acd698563,symmetric_full_retest,41d1defe1e7812d754b5854b9a49859201478d5c74f8c83fc5a26dc82195cb59
qwen35,hotpotqa_long,38,FT_K3,FT_K3,1,0.3,all_body_tokens,389,358,8,2,2,positive_sum,full,5dc93d224bab7e06f67aa49c164cf21f0941eb935e60c756dd3a4137a643cbd0,symmetric_full_retest,380557df30d30bbe7e18c1c0ca33b778c473b726eaf56e5b211f9151f3c867dc
qwen35,hotpotqa_long,39,FT_K3,FT_K3,0,0.3,all_body_tokens,204,144,2,1,2,positive_sum,full,070d71a01200322acf715d3ad8779ac3ce802f12c0e97a1a552a1a933941d45e,symmetric_full_retest,56a5bde5040d70411dccc1272ef1ff79115a7d62dd6bae14e60ffa7e89efa7e1
qwen35,hotpotqa_long,40,FT_K3,FT_K3,0,0.3,all_body_tokens,421,408,10,3,4,positive_sum,full,79c66c3af9c3161425ef2aa0e6ac56696c0be288a2a0b8fd0d4f960c29a20016,symmetric_full_retest,5fe446cf728af83903fe27da4207e73a1688a44060ec0435c203132999637cf6
qwen35,hotpotqa_long,41,FT_K3,FT_K3,0,0.3,all_body_tokens,264,241,7,2,4,positive_sum,full,36c1609741555d58c24e1f983954597f482d70b9269dfd9a09e8b6cbdd5711f7,symmetric_full_retest,c2d843ec18e93f55cb0f03796eb2bb8b905d0f23242cd992c8b12ee1e7e03bca
qwen35,hotpotqa_long,42,FT_K3,FT_K3,1,0.3,all_body_tokens,388,372,7,2,2,positive_sum,full,b5d7e14dda25a18d86ba43e18334176d31ee129d871aefbc3aece5d61cd7ec18,symmetric_full_retest,547a3bf012c268673eb4eded30752004a7241ffe00e0a28fb91c208b7a1c65f6
qwen35,hotpotqa_long,43,FT_K3,FT_K3,1,0.3,all_body_tokens,378,364,8,3,3,positive_sum,full,b837d2a97f0bfe5fb976e7fa983adcb47dc5da1abc45697035a721409035d29a,symmetric_full_retest,5a520820da07689e5f697179d1115c2fd13510773b30fe479f9ff727fff5a74f
qwen35,hotpotqa_long,44,FT_K3,FT_K3,1,0.3,all_body_tokens,249,232,6,3,3,positive_sum,full,9e8c619887b569adff47fc70c0be8024f3f4641439c19aa46a5057f5a531f0ad,symmetric_full_retest,d047c2185f100d43fce1d85ce4ee1c01f22db0844d2ff97567ba65a0223908d6
qwen35,hotpotqa_long,45,FT_K3,FT_K3,1,0.3,all_body_tokens,548,542,10,2,2,positive_sum,full,feaf18962deb104bebeab6efd40d8114ff670d9c92371eb9d2768b587379f849,symmetric_full_retest,2c6feed6f1a59b1dced06848f818936da1b4d88908bfb8b075f68383c15cbcd2
qwen35,hotpotqa_long,46,FT_K3,FT_K3,0,0.3,all_body_tokens,393,357,7,1,2,positive_sum,full,cca5caddb2d92e520803dbd9909aa381978f9335660987fec35f3be8e3fce78f,symmetric_full_retest,5546bb79ee87de2f88aa6809f00ed644ddb5d334f0d6f3b35282739c39cfe4a6
qwen35,hotpotqa_long,47,FT_K3,FT_K3,0,0.3,all_body_tokens,264,258,7,2,3,positive_sum,full,19e1003ca54f50e96c204df9fb7aacc7432982d326df45e882d48754553595a9,symmetric_full_retest,ed731fa5a472529b1d832e03a44cc71898beb063e2dc9b600345ec1251b3b72a
qwen35,hotpotqa_long,0,FT_K1,FT_K1,1,0.3,all_body_tokens,863,830,13,2,2,positive_sum,full,a68ea84dacaa475637713dd7ac61605a1983ec1190d1e0369b0fbb0c3feaa790,symmetric_full_retest,ca630b677a9f8b5d46919227180b64440b8a1141f89fa7095c75c886976c4c1f
qwen35,hotpotqa_long,1,FT_K1,FT_K1,1,0.3,all_body_tokens,347,315,8,3,3,positive_sum,full,3d519f60c8ace00f54af54573fb542ce5f682157530e0f475ccc4713eea1ddbc,symmetric_full_retest,d45159058f7615644474820dafeb27a1f16013b7a89f2c4c7bde3e4b7804b3fe
qwen35,hotpotqa_long,2,FT_K1,FT_K1,0,0.3,all_body_tokens,351,330,7,2,3,positive_sum,full,494adec2aabfaf054a029c8db94afb77863249c7fd00e9fef668a7cbed40ac12,symmetric_full_retest,03ce53fe7f28c13346291a93bb00b1b5a0825df48eafa6760b906f357f111a24
qwen35,hotpotqa_long,3,FT_K1,FT_K1,0,0.3,all_body_tokens,283,252,8,1,2,positive_sum,full,768d91124d2abf510e2dcc17f990b7e47e990281cecd56a4305f42c037d7180b,symmetric_full_retest,7d031509672513a9e9c34add1c64bda888c623177e1724292c408ed7b900f533
qwen35,hotpotqa_long,4,FT_K1,FT_K1,1,0.3,all_body_tokens,355,355,10,3,3,positive_sum,full,4f70647ed35bae7adf037575cbdbaf5d372eece3f5366cbe35a75683aa696bdf,symmetric_full_retest,9bdc512aedcf4e732382194c822d6a7b47a353933891407aa0f112ecbfb4c437
qwen35,hotpotqa_long,5,FT_K1,FT_K1,1,0.3,all_body_tokens,525,467,11,3,3,positive_sum,full,8a09a141b7ee8f699a4953ad41ef73005350807308e8105c7abb07e6a0860f65,symmetric_full_retest,1e76b70587803a8f897bfc2f65e8a700614764afb114761ae6e75d3949de6878
qwen35,hotpotqa_long,6,FT_K1,FT_K1,1,0.3,all_body_tokens,373,340,8,2,2,positive_sum,full,9dba704b9296acf5203f6b365e1b1bdaa546a2e40ff24122428ad97532831e5e,symmetric_full_retest,3824932635e988a06d308e9f80e7c93501375c241de579f8b9fd6e2bfaf20c2c
qwen35,hotpotqa_long,7,FT_K1,FT_K1,1,0.3,all_body_tokens,310,300,6,2,2,positive_sum,full,b7939a89c4c848afae89b0a7e9e14f3a8b863d5b2e87aed5890ca140b770bc08,symmetric_full_retest,9f80c6bacdb2b3fe29b9fe9d3f43bab44c66a60bb099a1ee85ea383ba3965e55
qwen35,hotpotqa_long,8,FT_K1,FT_K1,0,0.3,all_body_tokens,212,209,7,2,4,positive_sum,full,cdf467ca4dfc849964df6787a8700beec4326ec9f4845a127e642072fa494ccb,symmetric_full_retest,de6863bc5eb52e54bdfd0201ccf0f13e2fd635ce8f240d2b940d151df22d7582
qwen35,hotpotqa_long,9,FT_K1,FT_K1,0,0.3,all_body_tokens,292,290,9,3,4,positive_sum,full,4b3e9022b5f99c16b97100345aae2fe89f904dd92500453a0a90d820a478ca85,symmetric_full_retest,4e913e79d93a7d841d02bb172e19e296f85bad05659144edbdf1480b4fb603e9
qwen35,hotpotqa_long,10,FT_K1,FT_K1,0,0.3,all_body_tokens,382,358,6,3,4,positive_sum,full,5209a94dc25a6ea62b60358b6113611eb4609727fad511f18d79ca54c213586a,symmetric_full_retest,55f9497d2bf9f190663f8b730782d918a7eb6bbeeb2990237d44bee47ad44184
qwen35,hotpotqa_long,11,FT_K1,FT_K1,1,0.3,all_body_tokens,258,228,4,2,2,positive_sum,full,841f827a75b9dea157b65dc0ae7d0ae2a0972ecf660435d1198c064c9dfd07e3,symmetric_full_retest,1afa9aea7f3b8a3d0973af2242ad615f44654b4a957fcb9e26f27d0891ec1fff
qwen35,hotpotqa_long,12,FT_K1,FT_K1,1,0.3,all_body_tokens,570,543,9,2,2,positive_sum,full,d49353fbdd1675389d445ca2d04f2d1676a8dc3e830112dffa42f57a647c94c5,symmetric_full_retest,1fd6fb1f42a85fc98544fb24ea3f5b66dd9c68c4ff86ff3d3a502c18d5a2bca1
qwen35,hotpotqa_long,13,FT_K1,FT_K1,1,0.3,all_body_tokens,514,512,8,2,2,positive_sum,full,4af5a214f6e4c93fa76080f5825583bd0fb042292bbbf5224e41d0dd39f6f815,symmetric_full_retest,665d2f9a6bf5c980281a3dd0ffbe2bfb6c6273d0ee3c5ea51147e8ba169dd56a
qwen35,hotpotqa_long,14,FT_K1,FT_K1,1,0.3,all_body_tokens,400,399,9,2,2,positive_sum,full,24c3b9a27fc98a9b4857b8df01c8f731fca56413e4f6ccd758c1f085964f1f96,symmetric_full_retest,a6a6e7d6a3a92cf06624b3f954122f06b3ff0a5b5541b3be95e78aff10cb2df3
qwen35,hotpotqa_long,15,FT_K1,FT_K1,1,0.3,all_body_tokens,373,364,11,4,4,positive_sum,full,3027beb61d7dd0e6c23d3416b3598f6189b0fa09b4067b6fced0f385a5a83b28,symmetric_full_retest,0cce14bd2f838621c759e9f8d2dbbacdf502d8df8fda2813295122de35f82f0b
qwen35,hotpotqa_long,16,FT_K1,FT_K1,0,0.3,all_body_tokens,292,269,7,0,2,positive_sum,full,1064a5eb0408b498f4696718ef552116124812595f22e0f9f981033d34b6e316,symmetric_full_retest,0110a9155394a296e8c9eeac5b5a3e88b26db4c610226c9323c68496a8919eb8
qwen35,hotpotqa_long,17,FT_K1,FT_K1,1,0.3,all_body_tokens,276,247,5,2,2,positive_sum,full,09f1ccbbd55c41c496717a1840ffffe8f372b01de9e972621c0d0e56afa73b28,symmetric_full_retest,fee4139064f52729f71976c32279d08dd139639f8813d3e33c937506e2f95331
qwen35,hotpotqa_long,18,FT_K1,FT_K1,1,0.3,all_body_tokens,397,361,7,2,2,positive_sum,full,88800281ed4781c17a646fd26ff544ab3f7b8cd7e81e887c72091b79443cb4cc,symmetric_full_retest,b2f0912d12d52b9d99caca3e52af5165eb7510a79b369ea489f9065d458b260b
qwen35,hotpotqa_long,19,FT_K1,FT_K1,1,0.3,all_body_tokens,282,208,4,2,2,positive_sum,full,ccb109e73f8cbbb3ff57fee833a1a0285ddfa984c80ce20ff92fa38889a7f98f,symmetric_full_retest,d70a2c397f92a0af5b79dde4e69954b78fcc279ea664cd7f8e306ceb32e74bf7
qwen35,hotpotqa_long,20,FT_K1,FT_K1,1,0.3,all_body_tokens,342,329,9,2,2,positive_sum,full,fff0f51bd017c2f8bad959fe4db84e0893dd18b3dca3c34ba5b056bf17b0cc22,symmetric_full_retest,9e4aa2fa55d351c160fd035d3eda94eac4d831d6835ec4818936f7aab7b50678
qwen35,hotpotqa_long,21,FT_K1,FT_K1,1,0.3,all_body_tokens,438,395,8,2,2,positive_sum,full,d807035966de0fb6d9da64c1e7b33928646a4a44d18419a9b37bf744f47b8ef7,symmetric_full_retest,98df29f6dad32a6b3c79b05b524313286112991576b1b1196dc1dfa15b2ea2ab
qwen35,hotpotqa_long,22,FT_K1,FT_K1,1,0.3,all_body_tokens,959,928,24,2,2,positive_sum,full,9d2d3c7169ee68cfdb8899a086605d2f3d2abe30a3c5c6ee6936122fbd35be4f,symmetric_full_retest,b56865eae988c46f8fb123d96c1c0eab0be01fd1cd5ad1db8eff6395d3550491
qwen35,hotpotqa_long,23,FT_K1,FT_K1,1,0.3,all_body_tokens,398,330,7,3,3,positive_sum,full,7c9b5eb37bd915c5cf5059ede429f3d21b36ff492f450b0be60198ab9340b5e5,symmetric_full_retest,1423bfc8ac4b1001736ce1f88d03374426eff2d7a4eb5aab33ed75ca91d9e364
qwen35,hotpotqa_long,24,FT_K1,FT_K1,0,0.3,all_body_tokens,353,351,8,2,3,positive_sum,full,f7cccfd4c11a3353e445357b2bed12473444bbc4d33a514d0ba98c54412b2ba5,symmetric_full_retest,5bad08c64212edb0a525a5d9a7d504fd275193f683fda257f85bb8fe83e63c98
qwen35,hotpotqa_long,25,FT_K1,FT_K1,0,0.3,all_body_tokens,532,514,13,3,4,positive_sum,full,8024a3559bf20b1689668c681674db0eb48d59edd0eb821757163efda69da6dd,symmetric_full_retest,24e2d0cfbe3cd506bf34f3431a1a25352c0f1abc544a93602528bfe46b78b36a
qwen35,hotpotqa_long,26,FT_K1,FT_K1,1,0.3,all_body_tokens,313,285,4,2,2,positive_sum,full,fbb4ee09563c93a30a3f998d48bd43465b16a4497cbdeebad08a3144bd70bcbc,symmetric_full_retest,b962bde017f782f2a71fb306fdccbaa32280dcbc6390bb875c0b4d2ed788fcff
qwen35,hotpotqa_long,27,FT_K1,FT_K1,1,0.3,all_body_tokens,514,496,13,2,2,positive_sum,full,134ad4a222633fdfd813efe791a302ffd939b3e1866480584fbb4244c6fa3501,symmetric_full_retest,1508cfb0e58dfa289d6f92f65aef183b3bcabfab943c13bc848d9e1d9b7176e9
qwen35,hotpotqa_long,28,FT_K1,FT_K1,0,0.3,all_body_tokens,285,274,4,2,3,positive_sum,full,d1f1f92703b7e3e4deeb69eb151efbd297becb97f72024f1f5ae0c7c7f3e4202,symmetric_full_retest,527d3c91605309aaa0eb17a73ead6995fec791045cd0bc58c09de25539c16e9e
qwen35,hotpotqa_long,29,FT_K1,FT_K1,0,0.3,all_body_tokens,268,234,5,2,3,positive_sum,full,c574a5cfbb5402e0ce2913ae0009ab5ec29711035a03c96e71bebcde821dad95,symmetric_full_retest,21206c46c34d9e8aa589ef3cf054d2d6b4c77d4248bdd5d5868808f4d94b8cb4
qwen35,hotpotqa_long,30,FT_K1,FT_K1,1,0.3,all_body_tokens,382,357,8,2,2,positive_sum,full,8f9ebf49fcb5c7c434d29ef20a8c444bb7f7b22ef12df89daddf008c8c1bda97,symmetric_full_retest,cca86abfb9fd88f53ba2c56827990759644011e8187055b4744c3eaa685a312d
qwen35,hotpotqa_long,31,FT_K1,FT_K1,1,0.3,all_body_tokens,533,509,12,2,2,positive_sum,full,0219dc78b70f3642ecd42aa956daef448cbf3fff5d1a1a34fa119fe0d091f6d9,symmetric_full_retest,245952205d903e530e011e8352489ec0bcaa437dd3cdd585174ca8f6ca352add
qwen35,hotpotqa_long,32,FT_K1,FT_K1,0,0.3,all_body_tokens,357,277,5,1,3,positive_sum,full,8af26947d69e4a6c0abb89228897b822c8aae2b66345cdda988db5fa81a39c3b,symmetric_full_retest,c745e4acba6460f0f98036419e3f7c86dc4d444209ebe3a0d332af24ecbb55b8
qwen35,hotpotqa_long,33,FT_K1,FT_K1,0,0.3,all_body_tokens,329,316,5,2,3,positive_sum,full,c04f248d43fefe695630fa9e1d86ddbac77a37d7f4ff614ba1b6552586250005,symmetric_full_retest,90dc0af3886929343bc7900cb165e808ee5a238d5c67157b673675d7eab03023
qwen35,hotpotqa_long,34,FT_K1,FT_K1,0,0.3,all_body_tokens,311,303,8,1,2,positive_sum,full,2ae004becd68c10a2c139f98e759917f9e6d9c1bd653e459ab8eb2b14a462aab,symmetric_full_retest,b076d8fbfcd29343dd63f395a356c030b39f0d961870dade95278ad11bc6f353
qwen35,hotpotqa_long,35,FT_K1,FT_K1,0,0.3,all_body_tokens,363,347,10,2,3,positive_sum,full,c08a531ec9edf6ef9cce63c5ba199880f552fb7ac78caddb4381656f7314b426,symmetric_full_retest,9393bbf1a739839dd9940a87ce7a54622e9dab84d8bb49bbeca81547f47be7c4
qwen35,hotpotqa_long,36,FT_K1,FT_K1,0,0.3,all_body_tokens,463,447,14,1,2,positive_sum,full,1e14d398784049dd7e6a8d8b6c666b2fdb6ea9d9b2e7062a7238bc4a49de118f,symmetric_full_retest,3495ad698c4c58566fe4e8837107e3714f27fd607836fc06da7998724144af0a
qwen35,hotpotqa_long,37,FT_K1,FT_K1,1,0.3,all_body_tokens,354,299,6,2,2,positive_sum,full,43ccd7487b8debb809a045d2fb5b6ca44ca1dc996cbe70f0acafab6acd698563,symmetric_full_retest,41d1defe1e7812d754b5854b9a49859201478d5c74f8c83fc5a26dc82195cb59
qwen35,hotpotqa_long,38,FT_K1,FT_K1,1,0.3,all_body_tokens,389,358,8,2,2,positive_sum,full,5dc93d224bab7e06f67aa49c164cf21f0941eb935e60c756dd3a4137a643cbd0,symmetric_full_retest,380557df30d30bbe7e18c1c0ca33b778c473b726eaf56e5b211f9151f3c867dc
qwen35,hotpotqa_long,39,FT_K1,FT_K1,0,0.3,all_body_tokens,204,144,2,1,2,positive_sum,full,070d71a01200322acf715d3ad8779ac3ce802f12c0e97a1a552a1a933941d45e,symmetric_full_retest,56a5bde5040d70411dccc1272ef1ff79115a7d62dd6bae14e60ffa7e89efa7e1
qwen35,hotpotqa_long,40,FT_K1,FT_K1,0,0.3,all_body_tokens,421,408,10,3,4,positive_sum,full,79c66c3af9c3161425ef2aa0e6ac56696c0be288a2a0b8fd0d4f960c29a20016,symmetric_full_retest,5fe446cf728af83903fe27da4207e73a1688a44060ec0435c203132999637cf6
qwen35,hotpotqa_long,41,FT_K1,FT_K1,0,0.3,all_body_tokens,264,250,7,3,4,positive_sum,full,36c1609741555d58c24e1f983954597f482d70b9269dfd9a09e8b6cbdd5711f7,symmetric_full_retest,c2d843ec18e93f55cb0f03796eb2bb8b905d0f23242cd992c8b12ee1e7e03bca
qwen35,hotpotqa_long,42,FT_K1,FT_K1,1,0.3,all_body_tokens,388,372,7,2,2,positive_sum,full,b5d7e14dda25a18d86ba43e18334176d31ee129d871aefbc3aece5d61cd7ec18,symmetric_full_retest,547a3bf012c268673eb4eded30752004a7241ffe00e0a28fb91c208b7a1c65f6
qwen35,hotpotqa_long,43,FT_K1,FT_K1,1,0.3,all_body_tokens,378,364,8,3,3,positive_sum,full,b837d2a97f0bfe5fb976e7fa983adcb47dc5da1abc45697035a721409035d29a,symmetric_full_retest,5a520820da07689e5f697179d1115c2fd13510773b30fe479f9ff727fff5a74f
qwen35,hotpotqa_long,44,FT_K1,FT_K1,1,0.3,all_body_tokens,249,232,6,3,3,positive_sum,full,9e8c619887b569adff47fc70c0be8024f3f4641439c19aa46a5057f5a531f0ad,symmetric_full_retest,d047c2185f100d43fce1d85ce4ee1c01f22db0844d2ff97567ba65a0223908d6
qwen35,hotpotqa_long,45,FT_K1,FT_K1,1,0.3,all_body_tokens,548,542,10,2,2,positive_sum,full,feaf18962deb104bebeab6efd40d8114ff670d9c92371eb9d2768b587379f849,symmetric_full_retest,2c6feed6f1a59b1dced06848f818936da1b4d88908bfb8b075f68383c15cbcd2
qwen35,hotpotqa_long,46,FT_K1,FT_K1,0,0.3,all_body_tokens,393,357,7,1,2,positive_sum,full,cca5caddb2d92e520803dbd9909aa381978f9335660987fec35f3be8e3fce78f,symmetric_full_retest,5546bb79ee87de2f88aa6809f00ed644ddb5d334f0d6f3b35282739c39cfe4a6
qwen35,hotpotqa_long,47,FT_K1,FT_K1,0,0.3,all_body_tokens,264,258,7,2,3,positive_sum,full,19e1003ca54f50e96c204df9fb7aacc7432982d326df45e882d48754553595a9,symmetric_full_retest,ed731fa5a472529b1d832e03a44cc71898beb063e2dc9b600345ec1251b3b72a
qwen35,hotpotqa_long,0,IFR_tokenwise,ifr-tokenwise,1,0.3,all_body_tokens,863,850,13,2,2,positive_sum,full,a68ea84dacaa475637713dd7ac61605a1983ec1190d1e0369b0fbb0c3feaa790,qwen35_paper_recovery_dynamic,12287c72f02166c845cd1e0670d92fa5ae0211ecbcc2930599e0158b8adf2931
qwen35,hotpotqa_long,1,IFR_tokenwise,ifr-tokenwise,1,0.3,all_body_tokens,347,311,8,3,3,positive_sum,full,3d519f60c8ace00f54af54573fb542ce5f682157530e0f475ccc4713eea1ddbc,qwen35_paper_recovery_dynamic,12287c72f02166c845cd1e0670d92fa5ae0211ecbcc2930599e0158b8adf2931
qwen35,hotpotqa_long,2,IFR_tokenwise,ifr-tokenwise,0,0.3,all_body_tokens,351,324,7,2,3,positive_sum,full,494adec2aabfaf054a029c8db94afb77863249c7fd00e9fef668a7cbed40ac12,qwen35_paper_recovery_dynamic,12287c72f02166c845cd1e0670d92fa5ae0211ecbcc2930599e0158b8adf2931
qwen35,hotpotqa_long,3,IFR_tokenwise,ifr-tokenwise,1,0.3,all_body_tokens,283,258,8,2,2,positive_sum,full,768d91124d2abf510e2dcc17f990b7e47e990281cecd56a4305f42c037d7180b,qwen35_paper_recovery_dynamic,12287c72f02166c845cd1e0670d92fa5ae0211ecbcc2930599e0158b8adf2931
qwen35,hotpotqa_long,4,IFR_tokenwise,ifr-tokenwise,1,0.3,all_body_tokens,355,329,9,3,3,positive_sum,full,4f70647ed35bae7adf037575cbdbaf5d372eece3f5366cbe35a75683aa696bdf,qwen35_paper_recovery_dynamic,12287c72f02166c845cd1e0670d92fa5ae0211ecbcc2930599e0158b8adf2931
qwen35,hotpotqa_long,5,IFR_tokenwise,ifr-tokenwise,1,0.3,all_body_tokens,525,490,11,3,3,positive_sum,full,8a09a141b7ee8f699a4953ad41ef73005350807308e8105c7abb07e6a0860f65,qwen35_paper_recovery_dynamic,12287c72f02166c845cd1e0670d92fa5ae0211ecbcc2930599e0158b8adf2931
qwen35,hotpotqa_long,6,IFR_tokenwise,ifr-tokenwise,1,0.3,all_body_tokens,373,372,9,2,2,positive_sum,full,9dba704b9296acf5203f6b365e1b1bdaa546a2e40ff24122428ad97532831e5e,qwen35_paper_recovery_dynamic,12287c72f02166c845cd1e0670d92fa5ae0211ecbcc2930599e0158b8adf2931
qwen35,hotpotqa_long,7,IFR_tokenwise,ifr-tokenwise,1,0.3,all_body_tokens,310,303,6,2,2,positive_sum,full,b7939a89c4c848afae89b0a7e9e14f3a8b863d5b2e87aed5890ca140b770bc08,qwen35_paper_recovery_dynamic,12287c72f02166c845cd1e0670d92fa5ae0211ecbcc2930599e0158b8adf2931
qwen35,hotpotqa_long,8,IFR_tokenwise,ifr-tokenwise,0,0.3,all_body_tokens,212,176,6,2,4,positive_sum,full,cdf467ca4dfc849964df6787a8700beec4326ec9f4845a127e642072fa494ccb,qwen35_paper_recovery_dynamic,12287c72f02166c845cd1e0670d92fa5ae0211ecbcc2930599e0158b8adf2931
qwen35,hotpotqa_long,9,IFR_tokenwise,ifr-tokenwise,0,0.3,all_body_tokens,292,290,9,3,4,positive_sum,full,4b3e9022b5f99c16b97100345aae2fe89f904dd92500453a0a90d820a478ca85,qwen35_paper_recovery_dynamic,12287c72f02166c845cd1e0670d92fa5ae0211ecbcc2930599e0158b8adf2931
qwen35,hotpotqa_long,10,IFR_tokenwise,ifr-tokenwise,1,0.3,all_body_tokens,382,312,6,4,4,positive_sum,full,5209a94dc25a6ea62b60358b6113611eb4609727fad511f18d79ca54c213586a,qwen35_paper_recovery_dynamic,12287c72f02166c845cd1e0670d92fa5ae0211ecbcc2930599e0158b8adf2931
qwen35,hotpotqa_long,11,IFR_tokenwise,ifr-tokenwise,1,0.3,all_body_tokens,258,228,4,2,2,positive_sum,full,841f827a75b9dea157b65dc0ae7d0ae2a0972ecf660435d1198c064c9dfd07e3,qwen35_paper_recovery_dynamic,12287c72f02166c845cd1e0670d92fa5ae0211ecbcc2930599e0158b8adf2931
qwen35,hotpotqa_long,12,IFR_tokenwise,ifr-tokenwise,1,0.3,all_body_tokens,570,513,9,2,2,positive_sum,full,d49353fbdd1675389d445ca2d04f2d1676a8dc3e830112dffa42f57a647c94c5,qwen35_paper_recovery_dynamic,12287c72f02166c845cd1e0670d92fa5ae0211ecbcc2930599e0158b8adf2931
qwen35,hotpotqa_long,13,IFR_tokenwise,ifr-tokenwise,0,0.3,all_body_tokens,514,453,7,1,2,positive_sum,full,4af5a214f6e4c93fa76080f5825583bd0fb042292bbbf5224e41d0dd39f6f815,qwen35_paper_recovery_dynamic,12287c72f02166c845cd1e0670d92fa5ae0211ecbcc2930599e0158b8adf2931
qwen35,hotpotqa_long,14,IFR_tokenwise,ifr-tokenwise,1,0.3,all_body_tokens,400,363,9,2,2,positive_sum,full,24c3b9a27fc98a9b4857b8df01c8f731fca56413e4f6ccd758c1f085964f1f96,qwen35_paper_recovery_dynamic,12287c72f02166c845cd1e0670d92fa5ae0211ecbcc2930599e0158b8adf2931
qwen35,hotpotqa_long,15,IFR_tokenwise,ifr-tokenwise,1,0.3,all_body_tokens,373,348,10,4,4,positive_sum,full,3027beb61d7dd0e6c23d3416b3598f6189b0fa09b4067b6fced0f385a5a83b28,qwen35_paper_recovery_dynamic,12287c72f02166c845cd1e0670d92fa5ae0211ecbcc2930599e0158b8adf2931
qwen35,hotpotqa_long,16,IFR_tokenwise,ifr-tokenwise,0,0.3,all_body_tokens,292,260,7,1,2,positive_sum,full,1064a5eb0408b498f4696718ef552116124812595f22e0f9f981033d34b6e316,qwen35_paper_recovery_dynamic,12287c72f02166c845cd1e0670d92fa5ae0211ecbcc2930599e0158b8adf2931
qwen35,hotpotqa_long,17,IFR_tokenwise,ifr-tokenwise,1,0.3,all_body_tokens,276,267,6,2,2,positive_sum,full,09f1ccbbd55c41c496717a1840ffffe8f372b01de9e972621c0d0e56afa73b28,qwen35_paper_recovery_dynamic,12287c72f02166c845cd1e0670d92fa5ae0211ecbcc2930599e0158b8adf2931
qwen35,hotpotqa_long,18,IFR_tokenwise,ifr-tokenwise,1,0.3,all_body_tokens,397,385,8,2,2,positive_sum,full,88800281ed4781c17a646fd26ff544ab3f7b8cd7e81e887c72091b79443cb4cc,qwen35_paper_recovery_dynamic,12287c72f02166c845cd1e0670d92fa5ae0211ecbcc2930599e0158b8adf2931
qwen35,hotpotqa_long,19,IFR_tokenwise,ifr-tokenwise,1,0.3,all_body_tokens,282,208,4,2,2,positive_sum,full,ccb109e73f8cbbb3ff57fee833a1a0285ddfa984c80ce20ff92fa38889a7f98f,qwen35_paper_recovery_dynamic,12287c72f02166c845cd1e0670d92fa5ae0211ecbcc2930599e0158b8adf2931
qwen35,hotpotqa_long,20,IFR_tokenwise,ifr-tokenwise,1,0.3,all_body_tokens,342,333,9,2,2,positive_sum,full,fff0f51bd017c2f8bad959fe4db84e0893dd18b3dca3c34ba5b056bf17b0cc22,qwen35_paper_recovery_dynamic,12287c72f02166c845cd1e0670d92fa5ae0211ecbcc2930599e0158b8adf2931
qwen35,hotpotqa_long,21,IFR_tokenwise,ifr-tokenwise,1,0.3,all_body_tokens,438,437,10,2,2,positive_sum,full,d807035966de0fb6d9da64c1e7b33928646a4a44d18419a9b37bf744f47b8ef7,qwen35_paper_recovery_dynamic,12287c72f02166c845cd1e0670d92fa5ae0211ecbcc2930599e0158b8adf2931
qwen35,hotpotqa_long,22,IFR_tokenwise,ifr-tokenwise,1,0.3,all_body_tokens,959,947,24,2,2,positive_sum,full,9d2d3c7169ee68cfdb8899a086605d2f3d2abe30a3c5c6ee6936122fbd35be4f,qwen35_paper_recovery_dynamic,12287c72f02166c845cd1e0670d92fa5ae0211ecbcc2930599e0158b8adf2931
qwen35,hotpotqa_long,23,IFR_tokenwise,ifr-tokenwise,1,0.3,all_body_tokens,398,330,7,3,3,positive_sum,full,7c9b5eb37bd915c5cf5059ede429f3d21b36ff492f450b0be60198ab9340b5e5,qwen35_paper_recovery_dynamic,12287c72f02166c845cd1e0670d92fa5ae0211ecbcc2930599e0158b8adf2931
qwen35,hotpotqa_long,24,IFR_tokenwise,ifr-tokenwise,0,0.3,all_body_tokens,353,351,8,2,3,positive_sum,full,f7cccfd4c11a3353e445357b2bed12473444bbc4d33a514d0ba98c54412b2ba5,qwen35_paper_recovery_dynamic,12287c72f02166c845cd1e0670d92fa5ae0211ecbcc2930599e0158b8adf2931
qwen35,hotpotqa_long,25,IFR_tokenwise,ifr-tokenwise,1,0.3,all_body_tokens,532,507,13,4,4,positive_sum,full,8024a3559bf20b1689668c681674db0eb48d59edd0eb821757163efda69da6dd,qwen35_paper_recovery_dynamic,12287c72f02166c845cd1e0670d92fa5ae0211ecbcc2930599e0158b8adf2931
qwen35,hotpotqa_long,26,IFR_tokenwise,ifr-tokenwise,1,0.3,all_body_tokens,313,285,4,2,2,positive_sum,full,fbb4ee09563c93a30a3f998d48bd43465b16a4497cbdeebad08a3144bd70bcbc,qwen35_paper_recovery_dynamic,12287c72f02166c845cd1e0670d92fa5ae0211ecbcc2930599e0158b8adf2931
qwen35,hotpotqa_long,27,IFR_tokenwise,ifr-tokenwise,1,0.3,all_body_tokens,514,505,13,2,2,positive_sum,full,134ad4a222633fdfd813efe791a302ffd939b3e1866480584fbb4244c6fa3501,qwen35_paper_recovery_dynamic,12287c72f02166c845cd1e0670d92fa5ae0211ecbcc2930599e0158b8adf2931
qwen35,hotpotqa_long,28,IFR_tokenwise,ifr-tokenwise,0,0.3,all_body_tokens,285,274,4,2,3,positive_sum,full,d1f1f92703b7e3e4deeb69eb151efbd297becb97f72024f1f5ae0c7c7f3e4202,qwen35_paper_recovery_dynamic,12287c72f02166c845cd1e0670d92fa5ae0211ecbcc2930599e0158b8adf2931
qwen35,hotpotqa_long,29,IFR_tokenwise,ifr-tokenwise,0,0.3,all_body_tokens,268,234,5,2,3,positive_sum,full,c574a5cfbb5402e0ce2913ae0009ab5ec29711035a03c96e71bebcde821dad95,qwen35_paper_recovery_dynamic,12287c72f02166c845cd1e0670d92fa5ae0211ecbcc2930599e0158b8adf2931
qwen35,hotpotqa_long,30,IFR_tokenwise,ifr-tokenwise,1,0.3,all_body_tokens,382,357,8,2,2,positive_sum,full,8f9ebf49fcb5c7c434d29ef20a8c444bb7f7b22ef12df89daddf008c8c1bda97,qwen35_paper_recovery_dynamic,12287c72f02166c845cd1e0670d92fa5ae0211ecbcc2930599e0158b8adf2931
qwen35,hotpotqa_long,31,IFR_tokenwise,ifr-tokenwise,1,0.3,all_body_tokens,533,509,12,2,2,positive_sum,full,0219dc78b70f3642ecd42aa956daef448cbf3fff5d1a1a34fa119fe0d091f6d9,qwen35_paper_recovery_dynamic,12287c72f02166c845cd1e0670d92fa5ae0211ecbcc2930599e0158b8adf2931
qwen35,hotpotqa_long,32,IFR_tokenwise,ifr-tokenwise,0,0.3,all_body_tokens,357,346,6,2,3,positive_sum,full,8af26947d69e4a6c0abb89228897b822c8aae2b66345cdda988db5fa81a39c3b,qwen35_paper_recovery_dynamic,12287c72f02166c845cd1e0670d92fa5ae0211ecbcc2930599e0158b8adf2931
qwen35,hotpotqa_long,33,IFR_tokenwise,ifr-tokenwise,1,0.3,all_body_tokens,329,322,6,3,3,positive_sum,full,c04f248d43fefe695630fa9e1d86ddbac77a37d7f4ff614ba1b6552586250005,qwen35_paper_recovery_dynamic,12287c72f02166c845cd1e0670d92fa5ae0211ecbcc2930599e0158b8adf2931
qwen35,hotpotqa_long,34,IFR_tokenwise,ifr-tokenwise,0,0.3,all_body_tokens,311,303,8,1,2,positive_sum,full,2ae004becd68c10a2c139f98e759917f9e6d9c1bd653e459ab8eb2b14a462aab,qwen35_paper_recovery_dynamic,12287c72f02166c845cd1e0670d92fa5ae0211ecbcc2930599e0158b8adf2931
qwen35,hotpotqa_long,35,IFR_tokenwise,ifr-tokenwise,0,0.3,all_body_tokens,363,352,10,2,3,positive_sum,full,c08a531ec9edf6ef9cce63c5ba199880f552fb7ac78caddb4381656f7314b426,qwen35_paper_recovery_dynamic,12287c72f02166c845cd1e0670d92fa5ae0211ecbcc2930599e0158b8adf2931
qwen35,hotpotqa_long,36,IFR_tokenwise,ifr-tokenwise,0,0.3,all_body_tokens,463,442,14,1,2,positive_sum,full,1e14d398784049dd7e6a8d8b6c666b2fdb6ea9d9b2e7062a7238bc4a49de118f,qwen35_paper_recovery_dynamic,12287c72f02166c845cd1e0670d92fa5ae0211ecbcc2930599e0158b8adf2931
qwen35,hotpotqa_long,37,IFR_tokenwise,ifr-tokenwise,1,0.3,all_body_tokens,354,337,7,2,2,positive_sum,full,43ccd7487b8debb809a045d2fb5b6ca44ca1dc996cbe70f0acafab6acd698563,qwen35_paper_recovery_dynamic,12287c72f02166c845cd1e0670d92fa5ae0211ecbcc2930599e0158b8adf2931
qwen35,hotpotqa_long,38,IFR_tokenwise,ifr-tokenwise,1,0.3,all_body_tokens,389,376,9,2,2,positive_sum,full,5dc93d224bab7e06f67aa49c164cf21f0941eb935e60c756dd3a4137a643cbd0,qwen35_paper_recovery_dynamic,12287c72f02166c845cd1e0670d92fa5ae0211ecbcc2930599e0158b8adf2931
qwen35,hotpotqa_long,39,IFR_tokenwise,ifr-tokenwise,0,0.3,all_body_tokens,204,127,2,1,2,positive_sum,full,070d71a01200322acf715d3ad8779ac3ce802f12c0e97a1a552a1a933941d45e,qwen35_paper_recovery_dynamic,12287c72f02166c845cd1e0670d92fa5ae0211ecbcc2930599e0158b8adf2931
qwen35,hotpotqa_long,40,IFR_tokenwise,ifr-tokenwise,0,0.3,all_body_tokens,421,387,10,2,4,positive_sum,full,79c66c3af9c3161425ef2aa0e6ac56696c0be288a2a0b8fd0d4f960c29a20016,qwen35_paper_recovery_dynamic,12287c72f02166c845cd1e0670d92fa5ae0211ecbcc2930599e0158b8adf2931
qwen35,hotpotqa_long,41,IFR_tokenwise,ifr-tokenwise,0,0.3,all_body_tokens,264,250,7,3,4,positive_sum,full,36c1609741555d58c24e1f983954597f482d70b9269dfd9a09e8b6cbdd5711f7,qwen35_paper_recovery_dynamic,12287c72f02166c845cd1e0670d92fa5ae0211ecbcc2930599e0158b8adf2931
qwen35,hotpotqa_long,42,IFR_tokenwise,ifr-tokenwise,1,0.3,all_body_tokens,388,325,7,2,2,positive_sum,full,b5d7e14dda25a18d86ba43e18334176d31ee129d871aefbc3aece5d61cd7ec18,qwen35_paper_recovery_dynamic,12287c72f02166c845cd1e0670d92fa5ae0211ecbcc2930599e0158b8adf2931
qwen35,hotpotqa_long,43,IFR_tokenwise,ifr-tokenwise,1,0.3,all_body_tokens,378,364,8,3,3,positive_sum,full,b837d2a97f0bfe5fb976e7fa983adcb47dc5da1abc45697035a721409035d29a,qwen35_paper_recovery_dynamic,12287c72f02166c845cd1e0670d92fa5ae0211ecbcc2930599e0158b8adf2931
qwen35,hotpotqa_long,44,IFR_tokenwise,ifr-tokenwise,1,0.3,all_body_tokens,249,240,7,3,3,positive_sum,full,9e8c619887b569adff47fc70c0be8024f3f4641439c19aa46a5057f5a531f0ad,qwen35_paper_recovery_dynamic,12287c72f02166c845cd1e0670d92fa5ae0211ecbcc2930599e0158b8adf2931
qwen35,hotpotqa_long,45,IFR_tokenwise,ifr-tokenwise,1,0.3,all_body_tokens,548,510,9,2,2,positive_sum,full,feaf18962deb104bebeab6efd40d8114ff670d9c92371eb9d2768b587379f849,qwen35_paper_recovery_dynamic,12287c72f02166c845cd1e0670d92fa5ae0211ecbcc2930599e0158b8adf2931
qwen35,hotpotqa_long,46,IFR_tokenwise,ifr-tokenwise,0,0.3,all_body_tokens,393,375,8,1,2,positive_sum,full,cca5caddb2d92e520803dbd9909aa381978f9335660987fec35f3be8e3fce78f,qwen35_paper_recovery_dynamic,12287c72f02166c845cd1e0670d92fa5ae0211ecbcc2930599e0158b8adf2931
qwen35,hotpotqa_long,47,IFR_tokenwise,ifr-tokenwise,0,0.3,all_body_tokens,264,258,7,2,3,positive_sum,full,19e1003ca54f50e96c204df9fb7aacc7432982d326df45e882d48754553595a9,qwen35_paper_recovery_dynamic,12287c72f02166c845cd1e0670d92fa5ae0211ecbcc2930599e0158b8adf2931
